"Post ID","Page ID","Page name",Title,Description,"Duration (sec)","Publish time","Caption type",Permalink,"Is crosspost","Is share","Post type",Languages,"Custom labels","Funded content status","Data comment",Date,Shares,"Approximate content monetization earnings","3-second video views","1-minute video views","3-Second viewers","1-minute viewers","3-second video views from Boosted posts","3-second video views from Organic posts","Reactions, Comments and Shares",Reactions,Comments,"Seconds viewed","Average Seconds viewed"
999619947952843,100064197037125,"PC Merchandise","𝐢𝟑 𝟏𝟎𝟏𝟎𝟎𝐅 𝟒+𝟏
𝐂𝐎𝐌𝐒𝐇𝐎𝐏 𝐃𝐈𝐒𝐊𝐋𝐄𝐒𝐒 𝐏𝐀𝐂𝐊𝐀𝐆𝐄
#PCMERCHANDISE #PCMBUILDS",,70,"03/31/2023 23:27",auto,https://www.facebook.com/pcmerchandise.co/videos/2271433894699289/,0,0,Videos,,,,,03/01/2023,0,,0,0,0,0,0,0,0,0,0,0.000,2.828
999619947952843,100064197037125,"PC Merchandise","𝐢𝟑 𝟏𝟎𝟏𝟎𝟎𝐅 𝟒+𝟏
𝐂𝐎𝐌𝐒𝐇𝐎𝐏 𝐃𝐈𝐒𝐊𝐋𝐄𝐒𝐒 𝐏𝐀𝐂𝐊𝐀𝐆𝐄
#PCMERCHANDISE #PCMBUILDS",,70,"03/31/2023 23:27",auto,https://www.facebook.com/pcmerchandise.co/videos/2271433894699289/,0,0,Videos,,,,,03/02/2023,0,,0,0,0,0,0,0,0,0,0,0.000,3.259
999619947952843,100064197037125,"PC Merchandise","𝐢𝟑 𝟏𝟎𝟏𝟎𝟎𝐅 𝟒+𝟏
𝐂𝐎𝐌𝐒𝐇𝐎𝐏 𝐃𝐈𝐒𝐊𝐋𝐄𝐒𝐒 𝐏𝐀𝐂𝐊𝐀𝐆𝐄
#PCMERCHANDISE #PCMBUILDS",,70,"03/31/2023 23:27",auto,https://www.facebook.com/pcmerchandise.co/videos/2271433894699289/,0,0,Videos,,,,,03/03/2023,0,,0,0,0,0,0,0,0,0,0,0.000,3.049
999619947952843,100064197037125,"PC Merchandise","𝐢𝟑 𝟏𝟎𝟏𝟎𝟎𝐅 𝟒+𝟏
𝐂𝐎𝐌𝐒𝐇𝐎𝐏 𝐃𝐈𝐒𝐊𝐋𝐄𝐒𝐒 𝐏𝐀𝐂𝐊𝐀𝐆𝐄
#PCMERCHANDISE #PCMBUILDS",,70,"03/31/2023 23:27",auto,https://www.facebook.com/pcmerchandise.co/videos/2271433894699289/,0,0,Videos,,,,,03/04/2023,0,,0,0,0,0,0,0,0,0,0,0.000,3.344
999619947952843,100064197037125,"PC Merchandise","𝐢𝟑 𝟏𝟎𝟏𝟎𝟎𝐅 𝟒+𝟏
𝐂𝐎𝐌𝐒𝐇𝐎𝐏 𝐃𝐈𝐒𝐊𝐋𝐄𝐒𝐒 𝐏𝐀𝐂𝐊𝐀𝐆𝐄
#PCMERCHANDISE #PCMBUILDS",,70,"03/31/2023 23:27",auto,https://www.facebook.com/pcmerchandise.co/videos/2271433894699289/,0,0,Videos,,,,,03/05/2023,0,,0,0,0,0,0,0,0,0,0,0.000,3.995
999619947952843,100064197037125,"PC Merchandise","𝐢𝟑 𝟏𝟎𝟏𝟎𝟎𝐅 𝟒+𝟏
𝐂𝐎𝐌𝐒𝐇𝐎𝐏 𝐃𝐈𝐒𝐊𝐋𝐄𝐒𝐒 𝐏𝐀𝐂𝐊𝐀𝐆𝐄
#PCMERCHANDISE #PCMBUILDS",,70,"03/31/2023 23:27",auto,https://www.facebook.com/pcmerchandise.co/videos/2271433894699289/,0,0,Videos,,,,,03/06/2023,0,,0,0,0,0,0,0,0,0,0,0.000,3.213
999619947952843,100064197037125,"PC Merchandise","𝐢𝟑 𝟏𝟎𝟏𝟎𝟎𝐅 𝟒+𝟏
𝐂𝐎𝐌𝐒𝐇𝐎𝐏 𝐃𝐈𝐒𝐊𝐋𝐄𝐒𝐒 𝐏𝐀𝐂𝐊𝐀𝐆𝐄
#PCMERCHANDISE #PCMBUILDS",,70,"03/31/2023 23:27",auto,https://www.facebook.com/pcmerchandise.co/videos/2271433894699289/,0,0,Videos,,,,,03/07/2023,0,,0,0,0,0,0,0,0,0,0,0.000,3.457
999619947952843,100064197037125,"PC Merchandise","𝐢𝟑 𝟏𝟎𝟏𝟎𝟎𝐅 𝟒+𝟏
𝐂𝐎𝐌𝐒𝐇𝐎𝐏 𝐃𝐈𝐒𝐊𝐋𝐄𝐒𝐒 𝐏𝐀𝐂𝐊𝐀𝐆𝐄
#PCMERCHANDISE #PCMBUILDS",,70,"03/31/2023 23:27",auto,https://www.facebook.com/pcmerchandise.co/videos/2271433894699289/,0,0,Videos,,,,,03/08/2023,0,,0,0,0,0,0,0,0,0,0,0.000,2.681
999619947952843,100064197037125,"PC Merchandise","𝐢𝟑 𝟏𝟎𝟏𝟎𝟎𝐅 𝟒+𝟏
𝐂𝐎𝐌𝐒𝐇𝐎𝐏 𝐃𝐈𝐒𝐊𝐋𝐄𝐒𝐒 𝐏𝐀𝐂𝐊𝐀𝐆𝐄
#PCMERCHANDISE #PCMBUILDS",,70,"03/31/2023 23:27",auto,https://www.facebook.com/pcmerchandise.co/videos/2271433894699289/,0,0,Videos,,,,,03/09/2023,0,,0,0,0,0,0,0,0,0,0,0.000,3.550
999619947952843,100064197037125,"PC Merchandise","𝐢𝟑 𝟏𝟎𝟏𝟎𝟎𝐅 𝟒+𝟏
𝐂𝐎𝐌𝐒𝐇𝐎𝐏 𝐃𝐈𝐒𝐊𝐋𝐄𝐒𝐒 𝐏𝐀𝐂𝐊𝐀𝐆𝐄
#PCMERCHANDISE #PCMBUILDS",,70,"03/31/2023 23:27",auto,https://www.facebook.com/pcmerchandise.co/videos/2271433894699289/,0,0,Videos,,,,,03/10/2023,0,,0,0,0,0,0,0,0,0,0,0.000,3.027
999619947952843,100064197037125,"PC Merchandise","𝐢𝟑 𝟏𝟎𝟏𝟎𝟎𝐅 𝟒+𝟏
𝐂𝐎𝐌𝐒𝐇𝐎𝐏 𝐃𝐈𝐒𝐊𝐋𝐄𝐒𝐒 𝐏𝐀𝐂𝐊𝐀𝐆𝐄
#PCMERCHANDISE #PCMBUILDS",,70,"03/31/2023 23:27",auto,https://www.facebook.com/pcmerchandise.co/videos/2271433894699289/,0,0,Videos,,,,,03/11/2023,0,,0,0,0,0,0,0,0,0,0,0.000,3.198
999619947952843,100064197037125,"PC Merchandise","𝐢𝟑 𝟏𝟎𝟏𝟎𝟎𝐅 𝟒+𝟏
𝐂𝐎𝐌𝐒𝐇𝐎𝐏 𝐃𝐈𝐒𝐊𝐋𝐄𝐒𝐒 𝐏𝐀𝐂𝐊𝐀𝐆𝐄
#PCMERCHANDISE #PCMBUILDS",,70,"03/31/2023 23:27",auto,https://www.facebook.com/pcmerchandise.co/videos/2271433894699289/,0,0,Videos,,,,,03/12/2023,0,,0,0,0,0,0,0,0,0,0,0.000,2.793
999619947952843,100064197037125,"PC Merchandise","𝐢𝟑 𝟏𝟎𝟏𝟎𝟎𝐅 𝟒+𝟏
𝐂𝐎𝐌𝐒𝐇𝐎𝐏 𝐃𝐈𝐒𝐊𝐋𝐄𝐒𝐒 𝐏𝐀𝐂𝐊𝐀𝐆𝐄
#PCMERCHANDISE #PCMBUILDS",,70,"03/31/2023 23:27",auto,https://www.facebook.com/pcmerchandise.co/videos/2271433894699289/,0,0,Videos,,,,,03/13/2023,0,,0,0,0,0,0,0,0,0,0,0.000,3.187
999619947952843,100064197037125,"PC Merchandise","𝐢𝟑 𝟏𝟎𝟏𝟎𝟎𝐅 𝟒+𝟏
𝐂𝐎𝐌𝐒𝐇𝐎𝐏 𝐃𝐈𝐒𝐊𝐋𝐄𝐒𝐒 𝐏𝐀𝐂𝐊𝐀𝐆𝐄
#PCMERCHANDISE #PCMBUILDS",,70,"03/31/2023 23:27",auto,https://www.facebook.com/pcmerchandise.co/videos/2271433894699289/,0,0,Videos,,,,,03/14/2023,0,,0,0,0,0,0,0,0,0,0,0.000,4.482
999619947952843,100064197037125,"PC Merchandise","𝐢𝟑 𝟏𝟎𝟏𝟎𝟎𝐅 𝟒+𝟏
𝐂𝐎𝐌𝐒𝐇𝐎𝐏 𝐃𝐈𝐒𝐊𝐋𝐄𝐒𝐒 𝐏𝐀𝐂𝐊𝐀𝐆𝐄
#PCMERCHANDISE #PCMBUILDS",,70,"03/31/2023 23:27",auto,https://www.facebook.com/pcmerchandise.co/videos/2271433894699289/,0,0,Videos,,,,,03/15/2023,0,,0,0,0,0,0,0,0,0,0,0.000,3.566
999619947952843,100064197037125,"PC Merchandise","𝐢𝟑 𝟏𝟎𝟏𝟎𝟎𝐅 𝟒+𝟏
𝐂𝐎𝐌𝐒𝐇𝐎𝐏 𝐃𝐈𝐒𝐊𝐋𝐄𝐒𝐒 𝐏𝐀𝐂𝐊𝐀𝐆𝐄
#PCMERCHANDISE #PCMBUILDS",,70,"03/31/2023 23:27",auto,https://www.facebook.com/pcmerchandise.co/videos/2271433894699289/,0,0,Videos,,,,,03/16/2023,0,,0,0,0,0,0,0,0,0,0,0.000,4.262
999619947952843,100064197037125,"PC Merchandise","𝐢𝟑 𝟏𝟎𝟏𝟎𝟎𝐅 𝟒+𝟏
𝐂𝐎𝐌𝐒𝐇𝐎𝐏 𝐃𝐈𝐒𝐊𝐋𝐄𝐒𝐒 𝐏𝐀𝐂𝐊𝐀𝐆𝐄
#PCMERCHANDISE #PCMBUILDS",,70,"03/31/2023 23:27",auto,https://www.facebook.com/pcmerchandise.co/videos/2271433894699289/,0,0,Videos,,,,,03/17/2023,0,,0,0,0,0,0,0,0,0,0,0.000,2.672
999619947952843,100064197037125,"PC Merchandise","𝐢𝟑 𝟏𝟎𝟏𝟎𝟎𝐅 𝟒+𝟏
𝐂𝐎𝐌𝐒𝐇𝐎𝐏 𝐃𝐈𝐒𝐊𝐋𝐄𝐒𝐒 𝐏𝐀𝐂𝐊𝐀𝐆𝐄
#PCMERCHANDISE #PCMBUILDS",,70,"03/31/2023 23:27",auto,https://www.facebook.com/pcmerchandise.co/videos/2271433894699289/,0,0,Videos,,,,,03/18/2023,0,,0,0,0,0,0,0,0,0,0,0.000,3.648
999619947952843,100064197037125,"PC Merchandise","𝐢𝟑 𝟏𝟎𝟏𝟎𝟎𝐅 𝟒+𝟏
𝐂𝐎𝐌𝐒𝐇𝐎𝐏 𝐃𝐈𝐒𝐊𝐋𝐄𝐒𝐒 𝐏𝐀𝐂𝐊𝐀𝐆𝐄
#PCMERCHANDISE #PCMBUILDS",,70,"03/31/2023 23:27",auto,https://www.facebook.com/pcmerchandise.co/videos/2271433894699289/,0,0,Videos,,,,,03/19/2023,0,,0,0,0,0,0,0,0,0,0,0.000,3.576
999619947952843,100064197037125,"PC Merchandise","𝐢𝟑 𝟏𝟎𝟏𝟎𝟎𝐅 𝟒+𝟏
𝐂𝐎𝐌𝐒𝐇𝐎𝐏 𝐃𝐈𝐒𝐊𝐋𝐄𝐒𝐒 𝐏𝐀𝐂𝐊𝐀𝐆𝐄
#PCMERCHANDISE #PCMBUILDS",,70,"03/31/2023 23:27",auto,https://www.facebook.com/pcmerchandise.co/videos/2271433894699289/,0,0,Videos,,,,,03/20/2023,0,,0,0,0,0,0,0,0,0,0,0.000,4.049
999619947952843,100064197037125,"PC Merchandise","𝐢𝟑 𝟏𝟎𝟏𝟎𝟎𝐅 𝟒+𝟏
𝐂𝐎𝐌𝐒𝐇𝐎𝐏 𝐃𝐈𝐒𝐊𝐋𝐄𝐒𝐒 𝐏𝐀𝐂𝐊𝐀𝐆𝐄
#PCMERCHANDISE #PCMBUILDS",,70,"03/31/2023 23:27",auto,https://www.facebook.com/pcmerchandise.co/videos/2271433894699289/,0,0,Videos,,,,,03/21/2023,0,,0,0,0,0,0,0,0,0,0,0.000,2.945
999619947952843,100064197037125,"PC Merchandise","𝐢𝟑 𝟏𝟎𝟏𝟎𝟎𝐅 𝟒+𝟏
𝐂𝐎𝐌𝐒𝐇𝐎𝐏 𝐃𝐈𝐒𝐊𝐋𝐄𝐒𝐒 𝐏𝐀𝐂𝐊𝐀𝐆𝐄
#PCMERCHANDISE #PCMBUILDS",,70,"03/31/2023 23:27",auto,https://www.facebook.com/pcmerchandise.co/videos/2271433894699289/,0,0,Videos,,,,,03/22/2023,0,,0,0,0,0,0,0,0,0,0,0.000,3.512
999619947952843,100064197037125,"PC Merchandise","𝐢𝟑 𝟏𝟎𝟏𝟎𝟎𝐅 𝟒+𝟏
𝐂𝐎𝐌𝐒𝐇𝐎𝐏 𝐃𝐈𝐒𝐊𝐋𝐄𝐒𝐒 𝐏𝐀𝐂𝐊𝐀𝐆𝐄
#PCMERCHANDISE #PCMBUILDS",,70,"03/31/2023 23:27",auto,https://www.facebook.com/pcmerchandise.co/videos/2271433894699289/,0,0,Videos,,,,,03/23/2023,0,,0,0,0,0,0,0,0,0,0,0.000,3.441
999619947952843,100064197037125,"PC Merchandise","𝐢𝟑 𝟏𝟎𝟏𝟎𝟎𝐅 𝟒+𝟏
𝐂𝐎𝐌𝐒𝐇𝐎𝐏 𝐃𝐈𝐒𝐊𝐋𝐄𝐒𝐒 𝐏𝐀𝐂𝐊𝐀𝐆𝐄
#PCMERCHANDISE #PCMBUILDS",,70,"03/31/2023 23:27",auto,https://www.facebook.com/pcmerchandise.co/videos/2271433894699289/,0,0,Videos,,,,,03/24/2023,0,,0,0,0,0,0,0,0,0,0,0.000,4.255
999619947952843,100064197037125,"PC Merchandise","𝐢𝟑 𝟏𝟎𝟏𝟎𝟎𝐅 𝟒+𝟏
𝐂𝐎𝐌𝐒𝐇𝐎𝐏 𝐃𝐈𝐒𝐊𝐋𝐄𝐒𝐒 𝐏𝐀𝐂𝐊𝐀𝐆𝐄
#PCMERCHANDISE #PCMBUILDS",,70,"03/31/2023 23:27",auto,https://www.facebook.com/pcmerchandise.co/videos/2271433894699289/,0,0,Videos,,,,,03/25/2023,0,,0,0,0,0,0,0,0,0,0,0.000,3.503
999619947952843,100064197037125,"PC Merchandise","𝐢𝟑 𝟏𝟎𝟏𝟎𝟎𝐅 𝟒+𝟏
𝐂𝐎𝐌𝐒𝐇𝐎𝐏 𝐃𝐈𝐒𝐊𝐋𝐄𝐒𝐒 𝐏𝐀𝐂𝐊𝐀𝐆𝐄
#PCMERCHANDISE #PCMBUILDS",,70,"03/31/2023 23:27",auto,https://www.facebook.com/pcmerchandise.co/videos/2271433894699289/,0,0,Videos,,,,,03/26/2023,0,,0,0,0,0,0,0,0,0,0,0.000,4.472
999619947952843,100064197037125,"PC Merchandise","𝐢𝟑 𝟏𝟎𝟏𝟎𝟎𝐅 𝟒+𝟏
𝐂𝐎𝐌𝐒𝐇𝐎𝐏 𝐃𝐈𝐒𝐊𝐋𝐄𝐒𝐒 𝐏𝐀𝐂𝐊𝐀𝐆𝐄
#PCMERCHANDISE #PCMBUILDS",,70,"03/31/2023 23:27",auto,https://www.facebook.com/pcmerchandise.co/videos/2271433894699289/,0,0,Videos,,,,,03/27/2023,0,,0,0,0,0,0,0,0,0,0,0.000,3.973
999619947952843,100064197037125,"PC Merchandise","𝐢𝟑 𝟏𝟎𝟏𝟎𝟎𝐅 𝟒+𝟏
𝐂𝐎𝐌𝐒𝐇𝐎𝐏 𝐃𝐈𝐒𝐊𝐋𝐄𝐒𝐒 𝐏𝐀𝐂𝐊𝐀𝐆𝐄
#PCMERCHANDISE #PCMBUILDS",,70,"03/31/2023 23:27",auto,https://www.facebook.com/pcmerchandise.co/videos/2271433894699289/,0,0,Videos,,,,,03/28/2023,0,,0,0,0,0,0,0,0,0,0,0.000,4.108
999619947952843,100064197037125,"PC Merchandise","𝐢𝟑 𝟏𝟎𝟏𝟎𝟎𝐅 𝟒+𝟏
𝐂𝐎𝐌𝐒𝐇𝐎𝐏 𝐃𝐈𝐒𝐊𝐋𝐄𝐒𝐒 𝐏𝐀𝐂𝐊𝐀𝐆𝐄
#PCMERCHANDISE #PCMBUILDS",,70,"03/31/2023 23:27",auto,https://www.facebook.com/pcmerchandise.co/videos/2271433894699289/,0,0,Videos,,,,,03/29/2023,0,,0,0,0,0,0,0,0,0,0,0.000,2.585
999619947952843,100064197037125,"PC Merchandise","𝐢𝟑 𝟏𝟎𝟏𝟎𝟎𝐅 𝟒+𝟏
𝐂𝐎𝐌𝐒𝐇𝐎𝐏 𝐃𝐈𝐒𝐊𝐋𝐄𝐒𝐒 𝐏𝐀𝐂𝐊𝐀𝐆𝐄
#PCMERCHANDISE #PCMBUILDS",,70,"03/31/2023 23:27",auto,https://www.facebook.com/pcmerchandise.co/videos/2271433894699289/,0,0,Videos,,,,,03/30/2023,0,,0,0,0,0,0,0,0,0,0,0.000,2.774
999619947952843,100064197037125,"PC Merchandise","𝐢𝟑 𝟏𝟎𝟏𝟎𝟎𝐅 𝟒+𝟏
𝐂𝐎𝐌𝐒𝐇𝐎𝐏 𝐃𝐈𝐒𝐊𝐋𝐄𝐒𝐒 𝐏𝐀𝐂𝐊𝐀𝐆𝐄
#PCMERCHANDISE #PCMBUILDS",,70,"03/31/2023 23:27",auto,https://www.facebook.com/pcmerchandise.co/videos/2271433894699289/,0,0,Videos,,,,,03/31/2023,0,,448,22,400,21,0,0,7,5,2,1827.961,3.217
999690060126179,100064197037125,"PC Merchandise","Free deliver within Binan! i3 10100F packages all-in na.",,42,"03/31/2023 02:00",,https://www.facebook.com/reel/1563885512746788/,0,0,Reels,,,,,03/01/2023,0,,,,,,0,0,0,0,0,0.000,3.558
999690060126179,100064197037125,"PC Merchandise","Free deliver within Binan! i3 10100F packages all-in na.",,42,"03/31/2023 02:00",,https://www.facebook.com/reel/1563885512746788/,0,0,Reels,,,,,03/02/2023,0,,,,,,0,0,0,0,0,0.000,3.094
999690060126179,100064197037125,"PC Merchandise","Free deliver within Binan! i3 10100F packages all-in na.",,42,"03/31/2023 02:00",,https://www.facebook.com/reel/1563885512746788/,0,0,Reels,,,,,03/03/2023,0,,,,,,0,0,0,0,0,0.000,3.288
999690060126179,100064197037125,"PC Merchandise","Free deliver within Binan! i3 10100F packages all-in na.",,42,"03/31/2023 02:00",,https://www.facebook.com/reel/1563885512746788/,0,0,Reels,,,,,03/04/2023,0,,,,,,0,0,0,0,0,0.000,3.787
999690060126179,100064197037125,"PC Merchandise","Free deliver within Binan! i3 10100F packages all-in na.",,42,"03/31/2023 02:00",,https://www.facebook.com/reel/1563885512746788/,0,0,Reels,,,,,03/05/2023,0,,,,,,0,0,0,0,0,0.000,3.334
999690060126179,100064197037125,"PC Merchandise","Free deliver within Binan! i3 10100F packages all-in na.",,42,"03/31/2023 02:00",,https://www.facebook.com/reel/1563885512746788/,0,0,Reels,,,,,03/06/2023,0,,,,,,0,0,0,0,0,0.000,3.785
999690060126179,100064197037125,"PC Merchandise","Free deliver within Binan! i3 10100F packages all-in na.",,42,"03/31/2023 02:00",,https://www.facebook.com/reel/1563885512746788/,0,0,Reels,,,,,03/07/2023,0,,,,,,0,0,0,0,0,0.000,3.024
999690060126179,100064197037125,"PC Merchandise","Free deliver within Binan! i3 10100F packages all-in na.",,42,"03/31/2023 02:00",,https://www.facebook.com/reel/1563885512746788/,0,0,Reels,,,,,03/08/2023,0,,,,,,0,0,0,0,0,0.000,5.147
999690060126179,100064197037125,"PC Merchandise","Free deliver within Binan! i3 10100F packages all-in na.",,42,"03/31/2023 02:00",,https://www.facebook.com/reel/1563885512746788/,0,0,Reels,,,,,03/09/2023,0,,,,,,0,0,0,0,0,0.000,3.988
999690060126179,100064197037125,"PC Merchandise","Free deliver within Binan! i3 10100F packages all-in na.",,42,"03/31/2023 02:00",,https://www.facebook.com/reel/1563885512746788/,0,0,Reels,,,,,03/10/2023,0,,,,,,0,0,0,0,0,0.000,3.664
999690060126179,100064197037125,"PC Merchandise","Free deliver within Binan! i3 10100F packages all-in na.",,42,"03/31/2023 02:00",,https://www.facebook.com/reel/1563885512746788/,0,0,Reels,,,,,03/11/2023,0,,,,,,0,0,0,0,0,0.000,3.574
999690060126179,100064197037125,"PC Merchandise","Free deliver within Binan! i3 10100F packages all-in na.",,42,"03/31/2023 02:00",,https://www.facebook.com/reel/1563885512746788/,0,0,Reels,,,,,03/12/2023,0,,,,,,0,0,0,0,0,0.000,3.667
999690060126179,100064197037125,"PC Merchandise","Free deliver within Binan! i3 10100F packages all-in na.",,42,"03/31/2023 02:00",,https://www.facebook.com/reel/1563885512746788/,0,0,Reels,,,,,03/13/2023,0,,,,,,0,0,0,0,0,0.000,3.550
999690060126179,100064197037125,"PC Merchandise","Free deliver within Binan! i3 10100F packages all-in na.",,42,"03/31/2023 02:00",,https://www.facebook.com/reel/1563885512746788/,0,0,Reels,,,,,03/14/2023,0,,,,,,0,0,0,0,0,0.000,3.091
999690060126179,100064197037125,"PC Merchandise","Free deliver within Binan! i3 10100F packages all-in na.",,42,"03/31/2023 02:00",,https://www.facebook.com/reel/1563885512746788/,0,0,Reels,,,,,03/15/2023,0,,,,,,0,0,0,0,0,0.000,4.773
999690060126179,100064197037125,"PC Merchandise","Free deliver within Binan! i3 10100F packages all-in na.",,42,"03/31/2023 02:00",,https://www.facebook.com/reel/1563885512746788/,0,0,Reels,,,,,03/16/2023,0,,,,,,0,0,0,0,0,0.000,5.407
999690060126179,100064197037125,"PC Merchandise","Free deliver within Binan! i3 10100F packages all-in na.",,42,"03/31/2023 02:00",,https://www.facebook.com/reel/1563885512746788/,0,0,Reels,,,,,03/17/2023,0,,,,,,0,0,0,0,0,0.000,2.760
999690060126179,100064197037125,"PC Merchandise","Free deliver within Binan! i3 10100F packages all-in na.",,42,"03/31/2023 02:00",,https://www.facebook.com/reel/1563885512746788/,0,0,Reels,,,,,03/18/2023,0,,,,,,0,0,0,0,0,0.000,2.498
999690060126179,100064197037125,"PC Merchandise","Free deliver within Binan! i3 10100F packages all-in na.",,42,"03/31/2023 02:00",,https://www.facebook.com/reel/1563885512746788/,0,0,Reels,,,,,03/19/2023,0,,,,,,0,0,0,0,0,0.000,4.275
999690060126179,100064197037125,"PC Merchandise","Free deliver within Binan! i3 10100F packages all-in na.",,42,"03/31/2023 02:00",,https://www.facebook.com/reel/1563885512746788/,0,0,Reels,,,,,03/20/2023,0,,,,,,0,0,0,0,0,0.000,3.739
999690060126179,100064197037125,"PC Merchandise","Free deliver within Binan! i3 10100F packages all-in na.",,42,"03/31/2023 02:00",,https://www.facebook.com/reel/1563885512746788/,0,0,Reels,,,,,03/21/2023,0,,,,,,0,0,0,0,0,0.000,2.744
999690060126179,100064197037125,"PC Merchandise","Free deliver within Binan! i3 10100F packages all-in na.",,42,"03/31/2023 02:00",,https://www.facebook.com/reel/1563885512746788/,0,0,Reels,,,,,03/22/2023,0,,,,,,0,0,0,0,0,0.000,4.209
999690060126179,100064197037125,"PC Merchandise","Free deliver within Binan! i3 10100F packages all-in na.",,42,"03/31/2023 02:00",,https://www.facebook.com/reel/1563885512746788/,0,0,Reels,,,,,03/23/2023,0,,,,,,0,0,0,0,0,0.000,3.424
999690060126179,100064197037125,"PC Merchandise","Free deliver within Binan! i3 10100F packages all-in na.",,42,"03/31/2023 02:00",,https://www.facebook.com/reel/1563885512746788/,0,0,Reels,,,,,03/24/2023,0,,,,,,0,0,0,0,0,0.000,3.576
999690060126179,100064197037125,"PC Merchandise","Free deliver within Binan! i3 10100F packages all-in na.",,42,"03/31/2023 02:00",,https://www.facebook.com/reel/1563885512746788/,0,0,Reels,,,,,03/25/2023,0,,,,,,0,0,0,0,0,0.000,2.100
999690060126179,100064197037125,"PC Merchandise","Free deliver within Binan! i3 10100F packages all-in na.",,42,"03/31/2023 02:00",,https://www.facebook.com/reel/1563885512746788/,0,0,Reels,,,,,03/26/2023,0,,,,,,0,0,0,0,0,0.000,3.268
999690060126179,100064197037125,"PC Merchandise","Free deliver within Binan! i3 10100F packages all-in na.",,42,"03/31/2023 02:00",,https://www.facebook.com/reel/1563885512746788/,0,0,Reels,,,,,03/27/2023,0,,,,,,0,0,0,0,0,0.000,3.276
999690060126179,100064197037125,"PC Merchandise","Free deliver within Binan! i3 10100F packages all-in na.",,42,"03/31/2023 02:00",,https://www.facebook.com/reel/1563885512746788/,0,0,Reels,,,,,03/28/2023,0,,,,,,0,0,0,0,0,0.000,3.858
999690060126179,100064197037125,"PC Merchandise","Free deliver within Binan! i3 10100F packages all-in na.",,42,"03/31/2023 02:00",,https://www.facebook.com/reel/1563885512746788/,0,0,Reels,,,,,03/29/2023,0,,,,,,0,0,0,0,0,0.000,4.338
999690060126179,100064197037125,"PC Merchandise","Free deliver within Binan! i3 10100F packages all-in na.",,42,"03/31/2023 02:00",,https://www.facebook.com/reel/1563885512746788/,0,0,Reels,,,,,03/30/2023,0,,,,,,0,0,0,0,0,0.000,2.015
999690060126179,100064197037125,"PC Merchandise","Free deliver within Binan! i3 10100F packages all-in na.",,42,"03/31/2023 02:00",,https://www.facebook.com/reel/1563885512746788/,0,0,Reels,,,,,03/31/2023,0,,,,,,0,0,0,0,0,903.635,2.505
999945078996327,100064197037125,"PC Merchandise","READY STOCK: i5 10400F / GTX 1660S builds. Same-day assembly. PM NOW!",,31,"03/31/2023 00:00",uploaded,https://www.facebook.com/reel/1572392441952044/,0,0,Reels,,,,,03/01/2023,0,,,,,,0,0,0,0,0,0.000,3.543
999945078996327,100064197037125,"PC Merchandise","READY STOCK: i5 10400F / GTX 1660S builds. Same-day assembly. PM NOW!",,31,"03/31/2023 00:00",uploaded,https://www.facebook.com/reel/1572392441952044/,0,0,Reels,,,,,03/02/2023,0,,,,,,0,0,0,0,0,0.000,2.357
999945078996327,100064197037125,"PC Merchandise","READY STOCK: i5 10400F / GTX 1660S builds. Same-day assembly. PM NOW!",,31,"03/31/2023 00:00",uploaded,https://www.facebook.com/reel/1572392441952044/,0,0,Reels,,,,,03/03/2023,0,,,,,,0,0,0,0,0,0.000,2.741
999945078996327,100064197037125,"PC Merchandise","READY STOCK: i5 10400F / GTX 1660S builds. Same-day assembly. PM NOW!",,31,"03/31/2023 00:00",uploaded,https://www.facebook.com/reel/1572392441952044/,0,0,Reels,,,,,03/04/2023,0,,,,,,0,0,0,0,0,0.000,2.709
999945078996327,100064197037125,"PC Merchandise","READY STOCK: i5 10400F / GTX 1660S builds. Same-day assembly. PM NOW!",,31,"03/31/2023 00:00",uploaded,https://www.facebook.com/reel/1572392441952044/,0,0,Reels,,,,,03/05/2023,0,,,,,,0,0,0,0,0,0.000,2.356
999945078996327,100064197037125,"PC Merchandise","READY STOCK: i5 10400F / GTX 1660S builds. Same-day assembly. PM NOW!",,31,"03/31/2023 00:00",uploaded,https://www.facebook.com/reel/1572392441952044/,0,0,Reels,,,,,03/06/2023,0,,,,,,0,0,0,0,0,0.000,3.595
999945078996327,100064197037125,"PC Merchandise","READY STOCK: i5 10400F / GTX 1660S builds. Same-day assembly. PM NOW!",,31,"03/31/2023 00:00",uploaded,https://www.facebook.com/reel/1572392441952044/,0,0,Reels,,,,,03/07/2023,0,,,,,,0,0,0,0,0,0.000,3.630
999945078996327,100064197037125,"PC Merchandise","READY STOCK: i5 10400F / GTX 1660S builds. Same-day assembly. PM NOW!",,31,"03/31/2023 00:00",uploaded,https://www.facebook.com/reel/1572392441952044/,0,0,Reels,,,,,03/08/2023,0,,,,,,0,0,0,0,0,0.000,2.005
999945078996327,100064197037125,"PC Merchandise","READY STOCK: i5 10400F / GTX 1660S builds. Same-day assembly. PM NOW!",,31,"03/31/2023 00:00",uploaded,https://www.facebook.com/reel/1572392441952044/,0,0,Reels,,,,,03/09/2023,0,,,,,,0,0,0,0,0,0.000,2.323
999945078996327,100064197037125,"PC Merchandise","READY STOCK: i5 10400F / GTX 1660S builds. Same-day assembly. PM NOW!",,31,"03/31/2023 00:00",uploaded,https://www.facebook.com/reel/1572392441952044/,0,0,Reels,,,,,03/10/2023,0,,,,,,0,0,0,0,0,0.000,2.989
999945078996327,100064197037125,"PC Merchandise","READY STOCK: i5 10400F / GTX 1660S builds. Same-day assembly. PM NOW!",,31,"03/31/2023 00:00",uploaded,https://www.facebook.com/reel/1572392441952044/,0,0,Reels,,,,,03/11/2023,0,,,,,,0,0,0,0,0,0.000,1.746
999945078996327,100064197037125,"PC Merchandise","READY STOCK: i5 10400F / GTX 1660S builds. Same-day assembly. PM NOW!",,31,"03/31/2023 00:00",uploaded,https://www.facebook.com/reel/1572392441952044/,0,0,Reels,,,,,03/12/2023,0,,,,,,0,0,0,0,0,0.000,3.642
999945078996327,100064197037125,"PC Merchandise","READY STOCK: i5 10400F / GTX 1660S builds. Same-day assembly. PM NOW!",,31,"03/31/2023 00:00",uploaded,https://www.facebook.com/reel/1572392441952044/,0,0,Reels,,,,,03/13/2023,0,,,,,,0,0,0,0,0,0.000,2.691
999945078996327,100064197037125,"PC Merchandise","READY STOCK: i5 10400F / GTX 1660S builds. Same-day assembly. PM NOW!",,31,"03/31/2023 00:00",uploaded,https://www.facebook.com/reel/1572392441952044/,0,0,Reels,,,,,03/14/2023,0,,,,,,0,0,0,0,0,0.000,2.631
999945078996327,100064197037125,"PC Merchandise","READY STOCK: i5 10400F / GTX 1660S builds. Same-day assembly. PM NOW!",,31,"03/31/2023 00:00",uploaded,https://www.facebook.com/reel/1572392441952044/,0,0,Reels,,,,,03/15/2023,0,,,,,,0,0,0,0,0,0.000,3.387
999945078996327,100064197037125,"PC Merchandise","READY STOCK: i5 10400F / GTX 1660S builds. Same-day assembly. PM NOW!",,31,"03/31/2023 00:00",uploaded,https://www.facebook.com/reel/1572392441952044/,0,0,Reels,,,,,03/16/2023,0,,,,,,0,0,0,0,0,0.000,3.427
999945078996327,100064197037125,"PC Merchandise","READY STOCK: i5 10400F / GTX 1660S builds. Same-day assembly. PM NOW!",,31,"03/31/2023 00:00",uploaded,https://www.facebook.com/reel/1572392441952044/,0,0,Reels,,,,,03/17/2023,0,,,,,,0,0,0,0,0,0.000,2.899
999945078996327,100064197037125,"PC Merchandise","READY STOCK: i5 10400F / GTX 1660S builds. Same-day assembly. PM NOW!",,31,"03/31/2023 00:00",uploaded,https://www.facebook.com/reel/1572392441952044/,0,0,Reels,,,,,03/18/2023,0,,,,,,0,0,0,0,0,0.000,4.091
999945078996327,100064197037125,"PC Merchandise","READY STOCK: i5 10400F / GTX 1660S builds. Same-day assembly. PM NOW!",,31,"03/31/2023 00:00",uploaded,https://www.facebook.com/reel/1572392441952044/,0,0,Reels,,,,,03/19/2023,0,,,,,,0,0,0,0,0,0.000,2.469
999945078996327,100064197037125,"PC Merchandise","READY STOCK: i5 10400F / GTX 1660S builds. Same-day assembly. PM NOW!",,31,"03/31/2023 00:00",uploaded,https://www.facebook.com/reel/1572392441952044/,0,0,Reels,,,,,03/20/2023,0,,,,,,0,0,0,0,0,0.000,2.140
999945078996327,100064197037125,"PC Merchandise","READY STOCK: i5 10400F / GTX 1660S builds. Same-day assembly. PM NOW!",,31,"03/31/2023 00:00",uploaded,https://www.facebook.com/reel/1572392441952044/,0,0,Reels,,,,,03/21/2023,0,,,,,,0,0,0,0,0,0.000,3.089
999945078996327,100064197037125,"PC Merchandise","READY STOCK: i5 10400F / GTX 1660S builds. Same-day assembly. PM NOW!",,31,"03/31/2023 00:00",uploaded,https://www.facebook.com/reel/1572392441952044/,0,0,Reels,,,,,03/22/2023,0,,,,,,0,0,0,0,0,0.000,2.326
999945078996327,100064197037125,"PC Merchandise","READY STOCK: i5 10400F / GTX 1660S builds. Same-day assembly. PM NOW!",,31,"03/31/2023 00:00",uploaded,https://www.facebook.com/reel/1572392441952044/,0,0,Reels,,,,,03/23/2023,0,,,,,,0,0,0,0,0,0.000,1.813
999945078996327,100064197037125,"PC Merchandise","READY STOCK: i5 10400F / GTX 1660S builds. Same-day assembly. PM NOW!",,31,"03/31/2023 00:00",uploaded,https://www.facebook.com/reel/1572392441952044/,0,0,Reels,,,,,03/24/2023,0,,,,,,0,0,0,0,0,0.000,2.542
999945078996327,100064197037125,"PC Merchandise","READY STOCK: i5 10400F / GTX 1660S builds. Same-day assembly. PM NOW!",,31,"03/31/2023 00:00",uploaded,https://www.facebook.com/reel/1572392441952044/,0,0,Reels,,,,,03/25/2023,0,,,,,,0,0,0,0,0,0.000,4.044
999945078996327,100064197037125,"PC Merchandise","READY STOCK: i5 10400F / GTX 1660S builds. Same-day assembly. PM NOW!",,31,"03/31/2023 00:00",uploaded,https://www.facebook.com/reel/1572392441952044/,0,0,Reels,,,,,03/26/2023,0,,,,,,0,0,0,0,0,0.000,4.526
999945078996327,100064197037125,"PC Merchandise","READY STOCK: i5 10400F / GTX 1660S builds. Same-day assembly. PM NOW!",,31,"03/31/2023 00:00",uploaded,https://www.facebook.com/reel/1572392441952044/,0,0,Reels,,,,,03/27/2023,0,,,,,,0,0,0,0,0,0.000,3.721
999945078996327,100064197037125,"PC Merchandise","READY STOCK: i5 10400F / GTX 1660S builds. Same-day assembly. PM NOW!",,31,"03/31/2023 00:00",uploaded,https://www.facebook.com/reel/1572392441952044/,0,0,Reels,,,,,03/28/2023,0,,,,,,0,0,0,0,0,0.000,2.997
999945078996327,100064197037125,"PC Merchandise","READY STOCK: i5 10400F / GTX 1660S builds. Same-day assembly. PM NOW!",,31,"03/31/2023 00:00",uploaded,https://www.facebook.com/reel/1572392441952044/,0,0,Reels,,,,,03/29/2023,0,,,,,,0,0,0,0,0,0.000,2.898
999945078996327,100064197037125,"PC Merchandise","READY STOCK: i5 10400F / GTX 1660S builds. Same-day assembly. PM NOW!",,31,"03/31/2023 00:00",uploaded,https://www.facebook.com/reel/1572392441952044/,0,0,Reels,,,,,03/30/2023,0,,,,,,0,0,0,0,0,0.000,3.331
999945078996327,100064197037125,"PC Merchandise","READY STOCK: i5 10400F / GTX 1660S builds. Same-day assembly. PM NOW!",,31,"03/31/2023 00:00",uploaded,https://www.facebook.com/reel/1572392441952044/,0,0,Reels,,,,,03/31/2023,0,,,,,,0,0,2,2,0,1047.003,2.778
999849749586155,100064197037125,"PC Merchandise","ito na po yung ghost project🥲",,63,"03/29/2023 21:00",,https://www.facebook.com/reel/1352619202630343/,0,0,Reels,,,,,03/01/2023,0,,,,,,0,0,0,0,0,0.000,3.433
999849749586155,100064197037125,"PC Merchandise","ito na po yung ghost project🥲",,63,"03/29/2023 21:00",,https://www.facebook.com/reel/1352619202630343/,0,0,Reels,,,,,03/02/2023,0,,,,,,0,0,0,0,0,0.000,3.826
999849749586155,100064197037125,"PC Merchandise","ito na po yung ghost project🥲",,63,"03/29/2023 21:00",,https://www.facebook.com/reel/1352619202630343/,0,0,Reels,,,,,03/03/2023,0,,,,,,0,0,0,0,0,0.000,2.766
999849749586155,100064197037125,"PC Merchandise","ito na po yung ghost project🥲",,63,"03/29/2023 21:00",,https://www.facebook.com/reel/1352619202630343/,0,0,Reels,,,,,03/04/2023,0,,,,,,0,0,0,0,0,0.000,3.110
999849749586155,100064197037125,"PC Merchandise","ito na po yung ghost project🥲",,63,"03/29/2023 21:00",,https://www.facebook.com/reel/1352619202630343/,0,0,Reels,,,,,03/05/2023,0,,,,,,0,0,0,0,0,0.000,3.793
999849749586155,100064197037125,"PC Merchandise","ito na po yung ghost project🥲",,63,"03/29/2023 21:00",,https://www.facebook.com/reel/1352619202630343/,0,0,Reels,,,,,03/06/2023,0,,,,,,0,0,0,0,0,0.000,4.170
999849749586155,100064197037125,"PC Merchandise","ito na po yung ghost project🥲",,63,"03/29/2023 21:00",,https://www.facebook.com/reel/1352619202630343/,0,0,Reels,,,,,03/07/2023,0,,,,,,0,0,0,0,0,0.000,4.264
999849749586155,100064197037125,"PC Merchandise","ito na po yung ghost project🥲",,63,"03/29/2023 21:00",,https://www.facebook.com/reel/1352619202630343/,0,0,Reels,,,,,03/08/2023,0,,,,,,0,0,0,0,0,0.000,2.375
999849749586155,100064197037125,"PC Merchandise","ito na po yung ghost project🥲",,63,"03/29/2023 21:00",,https://www.facebook.com/reel/1352619202630343/,0,0,Reels,,,,,03/09/2023,0,,,,,,0,0,0,0,0,0.000,2.843
999849749586155,100064197037125,"PC Merchandise","ito na po yung ghost project🥲",,63,"03/29/2023 21:00",,https://www.facebook.com/reel/1352619202630343/,0,0,Reels,,,,,03/10/2023,0,,,,,,0,0,0,0,0,0.000,3.322
999849749586155,100064197037125,"PC Merchandise","ito na po yung ghost project🥲",,63,"03/29/2023 21:00",,https://www.facebook.com/reel/1352619202630343/,0,0,Reels,,,,,03/11/2023,0,,,,,,0,0,0,0,0,0.000,4.196
999849749586155,100064197037125,"PC Merchandise","ito na po yung ghost project🥲",,63,"03/29/2023 21:00",,https://www.facebook.com/reel/1352619202630343/,0,0,Reels,,,,,03/12/2023,0,,,,,,0,0,0,0,0,0.000,4.549
999849749586155,100064197037125,"PC Merchandise","ito na po yung ghost project🥲",,63,"03/29/2023 21:00",,https://www.facebook.com/reel/1352619202630343/,0,0,Reels,,,,,03/13/2023,0,,,,,,0,0,0,0,0,0.000,3.316
999849749586155,100064197037125,"PC Merchandise","ito na po yung ghost project🥲",,63,"03/29/2023 21:00",,https://www.facebook.com/reel/1352619202630343/,0,0,Reels,,,,,03/14/2023,0,,,,,,0,0,0,0,0,0.000,4.974
999849749586155,100064197037125,"PC Merchandise","ito na po yung ghost project🥲",,63,"03/29/2023 21:00",,https://www.facebook.com/reel/1352619202630343/,0,0,Reels,,,,,03/15/2023,0,,,,,,0,0,0,0,0,0.000,2.523
999849749586155,100064197037125,"PC Merchandise","ito na po yung ghost project🥲",,63,"03/29/2023 21:00",,https://www.facebook.com/reel/1352619202630343/,0,0,Reels,,,,,03/16/2023,0,,,,,,0,0,0,0,0,0.000,3.679
999849749586155,100064197037125,"PC Merchandise","ito na po yung ghost project🥲",,63,"03/29/2023 21:00",,https://www.facebook.com/reel/1352619202630343/,0,0,Reels,,,,,03/17/2023,0,,,,,,0,0,0,0,0,0.000,2.763
999849749586155,100064197037125,"PC Merchandise","ito na po yung ghost project🥲",,63,"03/29/2023 21:00",,https://www.facebook.com/reel/1352619202630343/,0,0,Reels,,,,,03/18/2023,0,,,,,,0,0,0,0,0,0.000,3.430
999849749586155,100064197037125,"PC Merchandise","ito na po yung ghost project🥲",,63,"03/29/2023 21:00",,https://www.facebook.com/reel/1352619202630343/,0,0,Reels,,,,,03/19/2023,0,,,,,,0,0,0,0,0,0.000,1.660
999849749586155,100064197037125,"PC Merchandise","ito na po yung ghost project🥲",,63,"03/29/2023 21:00",,https://www.facebook.com/reel/1352619202630343/,0,0,Reels,,,,,03/20/2023,0,,,,,,0,0,0,0,0,0.000,3.523
999849749586155,100064197037125,"PC Merchandise","ito na po yung ghost project🥲",,63,"03/29/2023 21:00",,https://www.facebook.com/reel/1352619202630343/,0,0,Reels,,,,,03/21/2023,0,,,,,,0,0,0,0,0,0.000,3.159
999849749586155,100064197037125,"PC Merchandise","ito na po yung ghost project🥲",,63,"03/29/2023 21:00",,https://www.facebook.com/reel/1352619202630343/,0,0,Reels,,,,,03/22/2023,0,,,,,,0,0,0,0,0,0.000,2.822
999849749586155,100064197037125,"PC Merchandise","ito na po yung ghost project🥲",,63,"03/29/2023 21:00",,https://www.facebook.com/reel/1352619202630343/,0,0,Reels,,,,,03/23/2023,0,,,,,,0,0,0,0,0,0.000,1.661
999849749586155,100064197037125,"PC Merchandise","ito na po yung ghost project🥲",,63,"03/29/2023 21:00",,https://www.facebook.com/reel/1352619202630343/,0,0,Reels,,,,,03/24/2023,0,,,,,,0,0,0,0,0,0.000,3.110
999849749586155,100064197037125,"PC Merchandise","ito na po yung ghost project🥲",,63,"03/29/2023 21:00",,https://www.facebook.com/reel/1352619202630343/,0,0,Reels,,,,,03/25/2023,0,,,,,,0,0,0,0,0,0.000,2.908
999849749586155,100064197037125,"PC Merchandise","ito na po yung ghost project🥲",,63,"03/29/2023 21:00",,https://www.facebook.com/reel/1352619202630343/,0,0,Reels,,,,,03/26/2023,0,,,,,,0,0,0,0,0,0.000,3.754
999849749586155,100064197037125,"PC Merchandise","ito na po yung ghost project🥲",,63,"03/29/2023 21:00",,https://www.facebook.com/reel/1352619202630343/,0,0,Reels,,,,,03/27/2023,0,,,,,,0,0,0,0,0,0.000,4.395
999849749586155,100064197037125,"PC Merchandise","ito na po yung ghost project🥲",,63,"03/29/2023 21:00",,https://www.facebook.com/reel/1352619202630343/,0,0,Reels,,,,,03/28/2023,0,,,,,,0,0,0,0,0,0.000,2.928
999849749586155,100064197037125,"PC Merchandise","ito na po yung ghost project🥲",,63,"03/29/2023 21:00",,https://www.facebook.com/reel/1352619202630343/,0,0,Reels,,,,,03/29/2023,0,,,,,,0,0,0,0,0,208.530,3.574
999849749586155,100064197037125,"PC Merchandise","ito na po yung ghost project🥲",,63,"03/29/2023 21:00",,https://www.facebook.com/reel/1352619202630343/,0,0,Reels,,,,,03/30/2023,0,,,,,,0,0,0,0,0,124.372,3.049
999849749586155,100064197037125,"PC Merchandise","ito na po yung ghost project🥲",,63,"03/29/2023 21:00",,https://www.facebook.com/reel/1352619202630343/,0,0,Reels,,,,,03/31/2023,0,,,,,,0,0,0,0,0,125.056,3.518
999139977956341,100064197037125,"PC Merchandise","𝐀𝐌𝟓 𝐁𝐮𝐢𝐥𝐝 𝐋𝐢𝐦𝐢𝐭𝐞𝐝 𝐒𝐚𝐥𝐞! 🚨
Experience next-gen performance with our latest builds. PM for pricelist!",,61,"03/29/2023 19:15",auto,https://www.facebook.com/reel/1289631510240956/,0,0,Reels,,,,,03/01/2023,0,,,,,,0,0,0,0,0,0.000,1.500
999139977956341,100064197037125,"PC Merchandise","𝐀𝐌𝟓 𝐁𝐮𝐢𝐥𝐝 𝐋𝐢𝐦𝐢𝐭𝐞𝐝 𝐒𝐚𝐥𝐞! 🚨
Experience next-gen performance with our latest builds. PM for pricelist!",,61,"03/29/2023 19:15",auto,https://www.facebook.com/reel/1289631510240956/,0,0,Reels,,,,,03/02/2023,0,,,,,,0,0,0,0,0,0.000,3.695
999139977956341,100064197037125,"PC Merchandise","𝐀𝐌𝟓 𝐁𝐮𝐢𝐥𝐝 𝐋𝐢𝐦𝐢𝐭𝐞𝐝 𝐒𝐚𝐥𝐞! 🚨
Experience next-gen performance with our latest builds. PM for pricelist!",,61,"03/29/2023 19:15",auto,https://www.facebook.com/reel/1289631510240956/,0,0,Reels,,,,,03/03/2023,0,,,,,,0,0,0,0,0,0.000,3.241
999139977956341,100064197037125,"PC Merchandise","𝐀𝐌𝟓 𝐁𝐮𝐢𝐥𝐝 𝐋𝐢𝐦𝐢𝐭𝐞𝐝 𝐒𝐚𝐥𝐞! 🚨
Experience next-gen performance with our latest builds. PM for pricelist!",,61,"03/29/2023 19:15",auto,https://www.facebook.com/reel/1289631510240956/,0,0,Reels,,,,,03/04/2023,0,,,,,,0,0,0,0,0,0.000,1.500
999139977956341,100064197037125,"PC Merchandise","𝐀𝐌𝟓 𝐁𝐮𝐢𝐥𝐝 𝐋𝐢𝐦𝐢𝐭𝐞𝐝 𝐒𝐚𝐥𝐞! 🚨
Experience next-gen performance with our latest builds. PM for pricelist!",,61,"03/29/2023 19:15",auto,https://www.facebook.com/reel/1289631510240956/,0,0,Reels,,,,,03/05/2023,0,,,,,,0,0,0,0,0,0.000,2.476
999139977956341,100064197037125,"PC Merchandise","𝐀𝐌𝟓 𝐁𝐮𝐢𝐥𝐝 𝐋𝐢𝐦𝐢𝐭𝐞𝐝 𝐒𝐚𝐥𝐞! 🚨
Experience next-gen performance with our latest builds. PM for pricelist!",,61,"03/29/2023 19:15",auto,https://www.facebook.com/reel/1289631510240956/,0,0,Reels,,,,,03/06/2023,0,,,,,,0,0,0,0,0,0.000,2.777
999139977956341,100064197037125,"PC Merchandise","𝐀𝐌𝟓 𝐁𝐮𝐢𝐥𝐝 𝐋𝐢𝐦𝐢𝐭𝐞𝐝 𝐒𝐚𝐥𝐞! 🚨
Experience next-gen performance with our latest builds. PM for pricelist!",,61,"03/29/2023 19:15",auto,https://www.facebook.com/reel/1289631510240956/,0,0,Reels,,,,,03/07/2023,0,,,,,,0,0,0,0,0,0.000,3.356
999139977956341,100064197037125,"PC Merchandise","𝐀𝐌𝟓 𝐁𝐮𝐢𝐥𝐝 𝐋𝐢𝐦𝐢𝐭𝐞𝐝 𝐒𝐚𝐥𝐞! 🚨
Experience next-gen performance with our latest builds. PM for pricelist!",,61,"03/29/2023 19:15",auto,https://www.facebook.com/reel/1289631510240956/,0,0,Reels,,,,,03/08/2023,0,,,,,,0,0,0,0,0,0.000,2.086
999139977956341,100064197037125,"PC Merchandise","𝐀𝐌𝟓 𝐁𝐮𝐢𝐥𝐝 𝐋𝐢𝐦𝐢𝐭𝐞𝐝 𝐒𝐚𝐥𝐞! 🚨
Experience next-gen performance with our latest builds. PM for pricelist!",,61,"03/29/2023 19:15",auto,https://www.facebook.com/reel/1289631510240956/,0,0,Reels,,,,,03/09/2023,0,,,,,,0,0,0,0,0,0.000,2.759
999139977956341,100064197037125,"PC Merchandise","𝐀𝐌𝟓 𝐁𝐮𝐢𝐥𝐝 𝐋𝐢𝐦𝐢𝐭𝐞𝐝 𝐒𝐚𝐥𝐞! 🚨
Experience next-gen performance with our latest builds. PM for pricelist!",,61,"03/29/2023 19:15",auto,https://www.facebook.com/reel/1289631510240956/,0,0,Reels,,,,,03/10/2023,0,,,,,,0,0,0,0,0,0.000,2.744
999139977956341,100064197037125,"PC Merchandise","𝐀𝐌𝟓 𝐁𝐮𝐢𝐥𝐝 𝐋𝐢𝐦𝐢𝐭𝐞𝐝 𝐒𝐚𝐥𝐞! 🚨
Experience next-gen performance with our latest builds. PM for pricelist!",,61,"03/29/2023 19:15",auto,https://www.facebook.com/reel/1289631510240956/,0,0,Reels,,,,,03/11/2023,0,,,,,,0,0,0,0,0,0.000,2.596
999139977956341,100064197037125,"PC Merchandise","𝐀𝐌𝟓 𝐁𝐮𝐢𝐥𝐝 𝐋𝐢𝐦𝐢𝐭𝐞𝐝 𝐒𝐚𝐥𝐞! 🚨
Experience next-gen performance with our latest builds. PM for pricelist!",,61,"03/29/2023 19:15",auto,https://www.facebook.com/reel/1289631510240956/,0,0,Reels,,,,,03/12/2023,0,,,,,,0,0,0,0,0,0.000,1.956
999139977956341,100064197037125,"PC Merchandise","𝐀𝐌𝟓 𝐁𝐮𝐢𝐥𝐝 𝐋𝐢𝐦𝐢𝐭𝐞𝐝 𝐒𝐚𝐥𝐞! 🚨
Experience next-gen performance with our latest builds. PM for pricelist!",,61,"03/29/2023 19:15",auto,https://www.facebook.com/reel/1289631510240956/,0,0,Reels,,,,,03/13/2023,0,,,,,,0,0,0,0,0,0.000,3.188
999139977956341,100064197037125,"PC Merchandise","𝐀𝐌𝟓 𝐁𝐮𝐢𝐥𝐝 𝐋𝐢𝐦𝐢𝐭𝐞𝐝 𝐒𝐚𝐥𝐞! 🚨
Experience next-gen performance with our latest builds. PM for pricelist!",,61,"03/29/2023 19:15",auto,https://www.facebook.com/reel/1289631510240956/,0,0,Reels,,,,,03/14/2023,0,,,,,,0,0,0,0,0,0.000,2.547
999139977956341,100064197037125,"PC Merchandise","𝐀𝐌𝟓 𝐁𝐮𝐢𝐥𝐝 𝐋𝐢𝐦𝐢𝐭𝐞𝐝 𝐒𝐚𝐥𝐞! 🚨
Experience next-gen performance with our latest builds. PM for pricelist!",,61,"03/29/2023 19:15",auto,https://www.facebook.com/reel/1289631510240956/,0,0,Reels,,,,,03/15/2023,0,,,,,,0,0,0,0,0,0.000,1.582
999139977956341,100064197037125,"PC Merchandise","𝐀𝐌𝟓 𝐁𝐮𝐢𝐥𝐝 𝐋𝐢𝐦𝐢𝐭𝐞𝐝 𝐒𝐚𝐥𝐞! 🚨
Experience next-gen performance with our latest builds. PM for pricelist!",,61,"03/29/2023 19:15",auto,https://www.facebook.com/reel/1289631510240956/,0,0,Reels,,,,,03/16/2023,0,,,,,,0,0,0,0,0,0.000,2.573
999139977956341,100064197037125,"PC Merchandise","𝐀𝐌𝟓 𝐁𝐮𝐢𝐥𝐝 𝐋𝐢𝐦𝐢𝐭𝐞𝐝 𝐒𝐚𝐥𝐞! 🚨
Experience next-gen performance with our latest builds. PM for pricelist!",,61,"03/29/2023 19:15",auto,https://www.facebook.com/reel/1289631510240956/,0,0,Reels,,,,,03/17/2023,0,,,,,,0,0,0,0,0,0.000,1.500
999139977956341,100064197037125,"PC Merchandise","𝐀𝐌𝟓 𝐁𝐮𝐢𝐥𝐝 𝐋𝐢𝐦𝐢𝐭𝐞𝐝 𝐒𝐚𝐥𝐞! 🚨
Experience next-gen performance with our latest builds. PM for pricelist!",,61,"03/29/2023 19:15",auto,https://www.facebook.com/reel/1289631510240956/,0,0,Reels,,,,,03/18/2023,0,,,,,,0,0,0,0,0,0.000,1.500
999139977956341,100064197037125,"PC Merchandise","𝐀𝐌𝟓 𝐁𝐮𝐢𝐥𝐝 𝐋𝐢𝐦𝐢𝐭𝐞𝐝 𝐒𝐚𝐥𝐞! 🚨
Experience next-gen performance with our latest builds. PM for pricelist!",,61,"03/29/2023 19:15",auto,https://www.facebook.com/reel/1289631510240956/,0,0,Reels,,,,,03/19/2023,0,,,,,,0,0,0,0,0,0.000,1.500
999139977956341,100064197037125,"PC Merchandise","𝐀𝐌𝟓 𝐁𝐮𝐢𝐥𝐝 𝐋𝐢𝐦𝐢𝐭𝐞𝐝 𝐒𝐚𝐥𝐞! 🚨
Experience next-gen performance with our latest builds. PM for pricelist!",,61,"03/29/2023 19:15",auto,https://www.facebook.com/reel/1289631510240956/,0,0,Reels,,,,,03/20/2023,0,,,,,,0,0,0,0,0,0.000,1.764
999139977956341,100064197037125,"PC Merchandise","𝐀𝐌𝟓 𝐁𝐮𝐢𝐥𝐝 𝐋𝐢𝐦𝐢𝐭𝐞𝐝 𝐒𝐚𝐥𝐞! 🚨
Experience next-gen performance with our latest builds. PM for pricelist!",,61,"03/29/2023 19:15",auto,https://www.facebook.com/reel/1289631510240956/,0,0,Reels,,,,,03/21/2023,0,,,,,,0,0,0,0,0,0.000,2.088
999139977956341,100064197037125,"PC Merchandise","𝐀𝐌𝟓 𝐁𝐮𝐢𝐥𝐝 𝐋𝐢𝐦𝐢𝐭𝐞𝐝 𝐒𝐚𝐥𝐞! 🚨
Experience next-gen performance with our latest builds. PM for pricelist!",,61,"03/29/2023 19:15",auto,https://www.facebook.com/reel/1289631510240956/,0,0,Reels,,,,,03/22/2023,0,,,,,,0,0,0,0,0,0.000,1.500
999139977956341,100064197037125,"PC Merchandise","𝐀𝐌𝟓 𝐁𝐮𝐢𝐥𝐝 𝐋𝐢𝐦𝐢𝐭𝐞𝐝 𝐒𝐚𝐥𝐞! 🚨
Experience next-gen performance with our latest builds. PM for pricelist!",,61,"03/29/2023 19:15",auto,https://www.facebook.com/reel/1289631510240956/,0,0,Reels,,,,,03/23/2023,0,,,,,,0,0,0,0,0,0.000,1.719
999139977956341,100064197037125,"PC Merchandise","𝐀𝐌𝟓 𝐁𝐮𝐢𝐥𝐝 𝐋𝐢𝐦𝐢𝐭𝐞𝐝 𝐒𝐚𝐥𝐞! 🚨
Experience next-gen performance with our latest builds. PM for pricelist!",,61,"03/29/2023 19:15",auto,https://www.facebook.com/reel/1289631510240956/,0,0,Reels,,,,,03/24/2023,0,,,,,,0,0,0,0,0,0.000,3.519
999139977956341,100064197037125,"PC Merchandise","𝐀𝐌𝟓 𝐁𝐮𝐢𝐥𝐝 𝐋𝐢𝐦𝐢𝐭𝐞𝐝 𝐒𝐚𝐥𝐞! 🚨
Experience next-gen performance with our latest builds. PM for pricelist!",,61,"03/29/2023 19:15",auto,https://www.facebook.com/reel/1289631510240956/,0,0,Reels,,,,,03/25/2023,0,,,,,,0,0,0,0,0,0.000,1.754
999139977956341,100064197037125,"PC Merchandise","𝐀𝐌𝟓 𝐁𝐮𝐢𝐥𝐝 𝐋𝐢𝐦𝐢𝐭𝐞𝐝 𝐒𝐚𝐥𝐞! 🚨
Experience next-gen performance with our latest builds. PM for pricelist!",,61,"03/29/2023 19:15",auto,https://www.facebook.com/reel/1289631510240956/,0,0,Reels,,,,,03/26/2023,0,,,,,,0,0,0,0,0,0.000,1.630
999139977956341,100064197037125,"PC Merchandise","𝐀𝐌𝟓 𝐁𝐮𝐢𝐥𝐝 𝐋𝐢𝐦𝐢𝐭𝐞𝐝 𝐒𝐚𝐥𝐞! 🚨
Experience next-gen performance with our latest builds. PM for pricelist!",,61,"03/29/2023 19:15",auto,https://www.facebook.com/reel/1289631510240956/,0,0,Reels,,,,,03/27/2023,0,,,,,,0,0,0,0,0,0.000,2.822
999139977956341,100064197037125,"PC Merchandise","𝐀𝐌𝟓 𝐁𝐮𝐢𝐥𝐝 𝐋𝐢𝐦𝐢𝐭𝐞𝐝 𝐒𝐚𝐥𝐞! 🚨
Experience next-gen performance with our latest builds. PM for pricelist!",,61,"03/29/2023 19:15",auto,https://www.facebook.com/reel/1289631510240956/,0,0,Reels,,,,,03/28/2023,0,,,,,,0,0,0,0,0,0.000,2.541
999139977956341,100064197037125,"PC Merchandise","𝐀𝐌𝟓 𝐁𝐮𝐢𝐥𝐝 𝐋𝐢𝐦𝐢𝐭𝐞𝐝 𝐒𝐚𝐥𝐞! 🚨
Experience next-gen performance with our latest builds. PM for pricelist!",,61,"03/29/2023 19:15",auto,https://www.facebook.com/reel/1289631510240956/,0,0,Reels,,,,,03/29/2023,0,,,,,,0,0,1,1,0,559.550,1.500
999139977956341,100064197037125,"PC Merchandise","𝐀𝐌𝟓 𝐁𝐮𝐢𝐥𝐝 𝐋𝐢𝐦𝐢𝐭𝐞𝐝 𝐒𝐚𝐥𝐞! 🚨
Experience next-gen performance with our latest builds. PM for pricelist!",,61,"03/29/2023 19:15",auto,https://www.facebook.com/reel/1289631510240956/,0,0,Reels,,,,,03/30/2023,0,,,,,,0,0,0,0,0,274.590,1.647
999139977956341,100064197037125,"PC Merchandise","𝐀𝐌𝟓 𝐁𝐮𝐢𝐥𝐝 𝐋𝐢𝐦𝐢𝐭𝐞𝐝 𝐒𝐚𝐥𝐞! 🚨
Experience next-gen performance with our latest builds. PM for pricelist!",,61,"03/29/2023 19:15",auto,https://www.facebook.com/reel/1289631510240956/,0,0,Reels,,,,,03/31/2023,0,,,,,,0,0,1,0,1,261.629,1.500
999667427375637,100064197037125,"PC Merchandise","BUDGET BUILD ALERT 🚨 i3 10100F + RX 580 — perfect for online class and gaming!",,0,"03/29/2023 17:00",,https://www.facebook.com/pcmerchandise.co/posts/pfbid0alUX4G7Sxuat7wgy9wXTemDbQN3ftUltjJgMBam8sTdhwyMqMGPdP81z,0,0,Photos,,,,,03/31/2023,0,,,,,,,,,,,,
999667427375637,100064197037125,"PC Merchandise","BUDGET BUILD ALERT 🚨 i3 10100F + RX 580 — perfect for online class and gaming!",,0,"03/29/2023 17:00",,https://www.facebook.com/pcmerchandise.co/posts/pfbid0alUX4G7Sxuat7wgy9wXTemDbQN3ftUltjJgMBam8sTdhwyMqMGPdP81z,0,0,Photos,,,,,03/01/2023,,,0,0,0,0,0,0,,,,,
999667427375637,100064197037125,"PC Merchandise","BUDGET BUILD ALERT 🚨 i3 10100F + RX 580 — perfect for online class and gaming!",,0,"03/29/2023 17:00",,https://www.facebook.com/pcmerchandise.co/posts/pfbid0alUX4G7Sxuat7wgy9wXTemDbQN3ftUltjJgMBam8sTdhwyMqMGPdP81z,0,0,Photos,,,,,03/02/2023,,,0,0,0,0,0,0,,,,,
999667427375637,100064197037125,"PC Merchandise","BUDGET BUILD ALERT 🚨 i3 10100F + RX 580 — perfect for online class and gaming!",,0,"03/29/2023 17:00",,https://www.facebook.com/pcmerchandise.co/posts/pfbid0alUX4G7Sxuat7wgy9wXTemDbQN3ftUltjJgMBam8sTdhwyMqMGPdP81z,0,0,Photos,,,,,03/03/2023,,,0,0,0,0,0,0,,,,,
999667427375637,100064197037125,"PC Merchandise","BUDGET BUILD ALERT 🚨 i3 10100F + RX 580 — perfect for online class and gaming!",,0,"03/29/2023 17:00",,https://www.facebook.com/pcmerchandise.co/posts/pfbid0alUX4G7Sxuat7wgy9wXTemDbQN3ftUltjJgMBam8sTdhwyMqMGPdP81z,0,0,Photos,,,,,03/04/2023,,,0,0,0,0,0,0,,,,,
999667427375637,100064197037125,"PC Merchandise","BUDGET BUILD ALERT 🚨 i3 10100F + RX 580 — perfect for online class and gaming!",,0,"03/29/2023 17:00",,https://www.facebook.com/pcmerchandise.co/posts/pfbid0alUX4G7Sxuat7wgy9wXTemDbQN3ftUltjJgMBam8sTdhwyMqMGPdP81z,0,0,Photos,,,,,03/05/2023,,,0,0,0,0,0,0,,,,,
999667427375637,100064197037125,"PC Merchandise","BUDGET BUILD ALERT 🚨 i3 10100F + RX 580 — perfect for online class and gaming!",,0,"03/29/2023 17:00",,https://www.facebook.com/pcmerchandise.co/posts/pfbid0alUX4G7Sxuat7wgy9wXTemDbQN3ftUltjJgMBam8sTdhwyMqMGPdP81z,0,0,Photos,,,,,03/06/2023,,,0,0,0,0,0,0,,,,,
999667427375637,100064197037125,"PC Merchandise","BUDGET BUILD ALERT 🚨 i3 10100F + RX 580 — perfect for online class and gaming!",,0,"03/29/2023 17:00",,https://www.facebook.com/pcmerchandise.co/posts/pfbid0alUX4G7Sxuat7wgy9wXTemDbQN3ftUltjJgMBam8sTdhwyMqMGPdP81z,0,0,Photos,,,,,03/07/2023,,,0,0,0,0,0,0,,,,,
999667427375637,100064197037125,"PC Merchandise","BUDGET BUILD ALERT 🚨 i3 10100F + RX 580 — perfect for online class and gaming!",,0,"03/29/2023 17:00",,https://www.facebook.com/pcmerchandise.co/posts/pfbid0alUX4G7Sxuat7wgy9wXTemDbQN3ftUltjJgMBam8sTdhwyMqMGPdP81z,0,0,Photos,,,,,03/08/2023,,,0,0,0,0,0,0,,,,,
999667427375637,100064197037125,"PC Merchandise","BUDGET BUILD ALERT 🚨 i3 10100F + RX 580 — perfect for online class and gaming!",,0,"03/29/2023 17:00",,https://www.facebook.com/pcmerchandise.co/posts/pfbid0alUX4G7Sxuat7wgy9wXTemDbQN3ftUltjJgMBam8sTdhwyMqMGPdP81z,0,0,Photos,,,,,03/09/2023,,,0,0,0,0,0,0,,,,,
999667427375637,100064197037125,"PC Merchandise","BUDGET BUILD ALERT 🚨 i3 10100F + RX 580 — perfect for online class and gaming!",,0,"03/29/2023 17:00",,https://www.facebook.com/pcmerchandise.co/posts/pfbid0alUX4G7Sxuat7wgy9wXTemDbQN3ftUltjJgMBam8sTdhwyMqMGPdP81z,0,0,Photos,,,,,03/10/2023,,,0,0,0,0,0,0,,,,,
999667427375637,100064197037125,"PC Merchandise","BUDGET BUILD ALERT 🚨 i3 10100F + RX 580 — perfect for online class and gaming!",,0,"03/29/2023 17:00",,https://www.facebook.com/pcmerchandise.co/posts/pfbid0alUX4G7Sxuat7wgy9wXTemDbQN3ftUltjJgMBam8sTdhwyMqMGPdP81z,0,0,Photos,,,,,03/11/2023,,,0,0,0,0,0,0,,,,,
999667427375637,100064197037125,"PC Merchandise","BUDGET BUILD ALERT 🚨 i3 10100F + RX 580 — perfect for online class and gaming!",,0,"03/29/2023 17:00",,https://www.facebook.com/pcmerchandise.co/posts/pfbid0alUX4G7Sxuat7wgy9wXTemDbQN3ftUltjJgMBam8sTdhwyMqMGPdP81z,0,0,Photos,,,,,03/12/2023,,,0,0,0,0,0,0,,,,,
999667427375637,100064197037125,"PC Merchandise","BUDGET BUILD ALERT 🚨 i3 10100F + RX 580 — perfect for online class and gaming!",,0,"03/29/2023 17:00",,https://www.facebook.com/pcmerchandise.co/posts/pfbid0alUX4G7Sxuat7wgy9wXTemDbQN3ftUltjJgMBam8sTdhwyMqMGPdP81z,0,0,Photos,,,,,03/13/2023,,,0,0,0,0,0,0,,,,,
999667427375637,100064197037125,"PC Merchandise","BUDGET BUILD ALERT 🚨 i3 10100F + RX 580 — perfect for online class and gaming!",,0,"03/29/2023 17:00",,https://www.facebook.com/pcmerchandise.co/posts/pfbid0alUX4G7Sxuat7wgy9wXTemDbQN3ftUltjJgMBam8sTdhwyMqMGPdP81z,0,0,Photos,,,,,03/14/2023,,,0,0,0,0,0,0,,,,,
999667427375637,100064197037125,"PC Merchandise","BUDGET BUILD ALERT 🚨 i3 10100F + RX 580 — perfect for online class and gaming!",,0,"03/29/2023 17:00",,https://www.facebook.com/pcmerchandise.co/posts/pfbid0alUX4G7Sxuat7wgy9wXTemDbQN3ftUltjJgMBam8sTdhwyMqMGPdP81z,0,0,Photos,,,,,03/15/2023,,,0,0,0,0,0,0,,,,,
999667427375637,100064197037125,"PC Merchandise","BUDGET BUILD ALERT 🚨 i3 10100F + RX 580 — perfect for online class and gaming!",,0,"03/29/2023 17:00",,https://www.facebook.com/pcmerchandise.co/posts/pfbid0alUX4G7Sxuat7wgy9wXTemDbQN3ftUltjJgMBam8sTdhwyMqMGPdP81z,0,0,Photos,,,,,03/16/2023,,,0,0,0,0,0,0,,,,,
999667427375637,100064197037125,"PC Merchandise","BUDGET BUILD ALERT 🚨 i3 10100F + RX 580 — perfect for online class and gaming!",,0,"03/29/2023 17:00",,https://www.facebook.com/pcmerchandise.co/posts/pfbid0alUX4G7Sxuat7wgy9wXTemDbQN3ftUltjJgMBam8sTdhwyMqMGPdP81z,0,0,Photos,,,,,03/17/2023,,,0,0,0,0,0,0,,,,,
999667427375637,100064197037125,"PC Merchandise","BUDGET BUILD ALERT 🚨 i3 10100F + RX 580 — perfect for online class and gaming!",,0,"03/29/2023 17:00",,https://www.facebook.com/pcmerchandise.co/posts/pfbid0alUX4G7Sxuat7wgy9wXTemDbQN3ftUltjJgMBam8sTdhwyMqMGPdP81z,0,0,Photos,,,,,03/18/2023,,,0,0,0,0,0,0,,,,,
999667427375637,100064197037125,"PC Merchandise","BUDGET BUILD ALERT 🚨 i3 10100F + RX 580 — perfect for online class and gaming!",,0,"03/29/2023 17:00",,https://www.facebook.com/pcmerchandise.co/posts/pfbid0alUX4G7Sxuat7wgy9wXTemDbQN3ftUltjJgMBam8sTdhwyMqMGPdP81z,0,0,Photos,,,,,03/19/2023,,,0,0,0,0,0,0,,,,,
999667427375637,100064197037125,"PC Merchandise","BUDGET BUILD ALERT 🚨 i3 10100F + RX 580 — perfect for online class and gaming!",,0,"03/29/2023 17:00",,https://www.facebook.com/pcmerchandise.co/posts/pfbid0alUX4G7Sxuat7wgy9wXTemDbQN3ftUltjJgMBam8sTdhwyMqMGPdP81z,0,0,Photos,,,,,03/20/2023,,,0,0,0,0,0,0,,,,,
999667427375637,100064197037125,"PC Merchandise","BUDGET BUILD ALERT 🚨 i3 10100F + RX 580 — perfect for online class and gaming!",,0,"03/29/2023 17:00",,https://www.facebook.com/pcmerchandise.co/posts/pfbid0alUX4G7Sxuat7wgy9wXTemDbQN3ftUltjJgMBam8sTdhwyMqMGPdP81z,0,0,Photos,,,,,03/21/2023,,,0,0,0,0,0,0,,,,,
999667427375637,100064197037125,"PC Merchandise","BUDGET BUILD ALERT 🚨 i3 10100F + RX 580 — perfect for online class and gaming!",,0,"03/29/2023 17:00",,https://www.facebook.com/pcmerchandise.co/posts/pfbid0alUX4G7Sxuat7wgy9wXTemDbQN3ftUltjJgMBam8sTdhwyMqMGPdP81z,0,0,Photos,,,,,03/22/2023,,,0,0,0,0,0,0,,,,,
999667427375637,100064197037125,"PC Merchandise","BUDGET BUILD ALERT 🚨 i3 10100F + RX 580 — perfect for online class and gaming!",,0,"03/29/2023 17:00",,https://www.facebook.com/pcmerchandise.co/posts/pfbid0alUX4G7Sxuat7wgy9wXTemDbQN3ftUltjJgMBam8sTdhwyMqMGPdP81z,0,0,Photos,,,,,03/23/2023,,,0,0,0,0,0,0,,,,,
999667427375637,100064197037125,"PC Merchandise","BUDGET BUILD ALERT 🚨 i3 10100F + RX 580 — perfect for online class and gaming!",,0,"03/29/2023 17:00",,https://www.facebook.com/pcmerchandise.co/posts/pfbid0alUX4G7Sxuat7wgy9wXTemDbQN3ftUltjJgMBam8sTdhwyMqMGPdP81z,0,0,Photos,,,,,03/24/2023,,,0,0,0,0,0,0,,,,,
999667427375637,100064197037125,"PC Merchandise","BUDGET BUILD ALERT 🚨 i3 10100F + RX 580 — perfect for online class and gaming!",,0,"03/29/2023 17:00",,https://www.facebook.com/pcmerchandise.co/posts/pfbid0alUX4G7Sxuat7wgy9wXTemDbQN3ftUltjJgMBam8sTdhwyMqMGPdP81z,0,0,Photos,,,,,03/25/2023,,,0,0,0,0,0,0,,,,,
999667427375637,100064197037125,"PC Merchandise","BUDGET BUILD ALERT 🚨 i3 10100F + RX 580 — perfect for online class and gaming!",,0,"03/29/2023 17:00",,https://www.facebook.com/pcmerchandise.co/posts/pfbid0alUX4G7Sxuat7wgy9wXTemDbQN3ftUltjJgMBam8sTdhwyMqMGPdP81z,0,0,Photos,,,,,03/26/2023,,,0,0,0,0,0,0,,,,,
999667427375637,100064197037125,"PC Merchandise","BUDGET BUILD ALERT 🚨 i3 10100F + RX 580 — perfect for online class and gaming!",,0,"03/29/2023 17:00",,https://www.facebook.com/pcmerchandise.co/posts/pfbid0alUX4G7Sxuat7wgy9wXTemDbQN3ftUltjJgMBam8sTdhwyMqMGPdP81z,0,0,Photos,,,,,03/27/2023,,,0,0,0,0,0,0,,,,,
999667427375637,100064197037125,"PC Merchandise","BUDGET BUILD ALERT 🚨 i3 10100F + RX 580 — perfect for online class and gaming!",,0,"03/29/2023 17:00",,https://www.facebook.com/pcmerchandise.co/posts/pfbid0alUX4G7Sxuat7wgy9wXTemDbQN3ftUltjJgMBam8sTdhwyMqMGPdP81z,0,0,Photos,,,,,03/28/2023,,,0,0,0,0,0,0,,,,,
999667427375637,100064197037125,"PC Merchandise","BUDGET BUILD ALERT 🚨 i3 10100F + RX 580 — perfect for online class and gaming!",,0,"03/29/2023 17:00",,https://www.facebook.com/pcmerchandise.co/posts/pfbid0alUX4G7Sxuat7wgy9wXTemDbQN3ftUltjJgMBam8sTdhwyMqMGPdP81z,0,0,Photos,,,,,03/29/2023,,,0,0,0,0,0,0,,,,,
999667427375637,100064197037125,"PC Merchandise","BUDGET BUILD ALERT 🚨 i3 10100F + RX 580 — perfect for online class and gaming!",,0,"03/29/2023 17:00",,https://www.facebook.com/pcmerchandise.co/posts/pfbid0alUX4G7Sxuat7wgy9wXTemDbQN3ftUltjJgMBam8sTdhwyMqMGPdP81z,0,0,Photos,,,,,03/30/2023,,,0,0,0,0,0,0,,,,,
999667427375637,100064197037125,"PC Merchandise","BUDGET BUILD ALERT 🚨 i3 10100F + RX 580 — perfect for online class and gaming!",,0,"03/29/2023 17:00",,https://www.facebook.com/pcmerchandise.co/posts/pfbid0alUX4G7Sxuat7wgy9wXTemDbQN3ftUltjJgMBam8sTdhwyMqMGPdP81z,0,0,Photos,,,,,03/31/2023,,,0,0,0,0,0,0,,,,,
999482721557978,100064197037125,"PC Merchandise","Do you want an aesthetic build that matches your gaming needs? RYZEN 5 2600 builds available now!",,0,"03/27/2023 19:00",,https://www.facebook.com/pcmerchandise.co/posts/pfbid040UuDV1IvxUwJhpSS9JgSczzEtjVlX07RGCILJzf2hgTRqfzJVbp0XKQ,0,0,Photos,,,,,03/31/2023,0,,,,,,,,,,,,
999482721557978,100064197037125,"PC Merchandise","Do you want an aesthetic build that matches your gaming needs? RYZEN 5 2600 builds available now!",,0,"03/27/2023 19:00",,https://www.facebook.com/pcmerchandise.co/posts/pfbid040UuDV1IvxUwJhpSS9JgSczzEtjVlX07RGCILJzf2hgTRqfzJVbp0XKQ,0,0,Photos,,,,,03/01/2023,,,0,0,0,0,0,0,,,,,
999482721557978,100064197037125,"PC Merchandise","Do you want an aesthetic build that matches your gaming needs? RYZEN 5 2600 builds available now!",,0,"03/27/2023 19:00",,https://www.facebook.com/pcmerchandise.co/posts/pfbid040UuDV1IvxUwJhpSS9JgSczzEtjVlX07RGCILJzf2hgTRqfzJVbp0XKQ,0,0,Photos,,,,,03/02/2023,,,0,0,0,0,0,0,,,,,
999482721557978,100064197037125,"PC Merchandise","Do you want an aesthetic build that matches your gaming needs? RYZEN 5 2600 builds available now!",,0,"03/27/2023 19:00",,https://www.facebook.com/pcmerchandise.co/posts/pfbid040UuDV1IvxUwJhpSS9JgSczzEtjVlX07RGCILJzf2hgTRqfzJVbp0XKQ,0,0,Photos,,,,,03/03/2023,,,0,0,0,0,0,0,,,,,
999482721557978,100064197037125,"PC Merchandise","Do you want an aesthetic build that matches your gaming needs? RYZEN 5 2600 builds available now!",,0,"03/27/2023 19:00",,https://www.facebook.com/pcmerchandise.co/posts/pfbid040UuDV1IvxUwJhpSS9JgSczzEtjVlX07RGCILJzf2hgTRqfzJVbp0XKQ,0,0,Photos,,,,,03/04/2023,,,0,0,0,0,0,0,,,,,
999482721557978,100064197037125,"PC Merchandise","Do you want an aesthetic build that matches your gaming needs? RYZEN 5 2600 builds available now!",,0,"03/27/2023 19:00",,https://www.facebook.com/pcmerchandise.co/posts/pfbid040UuDV1IvxUwJhpSS9JgSczzEtjVlX07RGCILJzf2hgTRqfzJVbp0XKQ,0,0,Photos,,,,,03/05/2023,,,0,0,0,0,0,0,,,,,
999482721557978,100064197037125,"PC Merchandise","Do you want an aesthetic build that matches your gaming needs? RYZEN 5 2600 builds available now!",,0,"03/27/2023 19:00",,https://www.facebook.com/pcmerchandise.co/posts/pfbid040UuDV1IvxUwJhpSS9JgSczzEtjVlX07RGCILJzf2hgTRqfzJVbp0XKQ,0,0,Photos,,,,,03/06/2023,,,0,0,0,0,0,0,,,,,
999482721557978,100064197037125,"PC Merchandise","Do you want an aesthetic build that matches your gaming needs? RYZEN 5 2600 builds available now!",,0,"03/27/2023 19:00",,https://www.facebook.com/pcmerchandise.co/posts/pfbid040UuDV1IvxUwJhpSS9JgSczzEtjVlX07RGCILJzf2hgTRqfzJVbp0XKQ,0,0,Photos,,,,,03/07/2023,,,0,0,0,0,0,0,,,,,
999482721557978,100064197037125,"PC Merchandise","Do you want an aesthetic build that matches your gaming needs? RYZEN 5 2600 builds available now!",,0,"03/27/2023 19:00",,https://www.facebook.com/pcmerchandise.co/posts/pfbid040UuDV1IvxUwJhpSS9JgSczzEtjVlX07RGCILJzf2hgTRqfzJVbp0XKQ,0,0,Photos,,,,,03/08/2023,,,0,0,0,0,0,0,,,,,
999482721557978,100064197037125,"PC Merchandise","Do you want an aesthetic build that matches your gaming needs? RYZEN 5 2600 builds available now!",,0,"03/27/2023 19:00",,https://www.facebook.com/pcmerchandise.co/posts/pfbid040UuDV1IvxUwJhpSS9JgSczzEtjVlX07RGCILJzf2hgTRqfzJVbp0XKQ,0,0,Photos,,,,,03/09/2023,,,0,0,0,0,0,0,,,,,
999482721557978,100064197037125,"PC Merchandise","Do you want an aesthetic build that matches your gaming needs? RYZEN 5 2600 builds available now!",,0,"03/27/2023 19:00",,https://www.facebook.com/pcmerchandise.co/posts/pfbid040UuDV1IvxUwJhpSS9JgSczzEtjVlX07RGCILJzf2hgTRqfzJVbp0XKQ,0,0,Photos,,,,,03/10/2023,,,0,0,0,0,0,0,,,,,
999482721557978,100064197037125,"PC Merchandise","Do you want an aesthetic build that matches your gaming needs? RYZEN 5 2600 builds available now!",,0,"03/27/2023 19:00",,https://www.facebook.com/pcmerchandise.co/posts/pfbid040UuDV1IvxUwJhpSS9JgSczzEtjVlX07RGCILJzf2hgTRqfzJVbp0XKQ,0,0,Photos,,,,,03/11/2023,,,0,0,0,0,0,0,,,,,
999482721557978,100064197037125,"PC Merchandise","Do you want an aesthetic build that matches your gaming needs? RYZEN 5 2600 builds available now!",,0,"03/27/2023 19:00",,https://www.facebook.com/pcmerchandise.co/posts/pfbid040UuDV1IvxUwJhpSS9JgSczzEtjVlX07RGCILJzf2hgTRqfzJVbp0XKQ,0,0,Photos,,,,,03/12/2023,,,0,0,0,0,0,0,,,,,
999482721557978,100064197037125,"PC Merchandise","Do you want an aesthetic build that matches your gaming needs? RYZEN 5 2600 builds available now!",,0,"03/27/2023 19:00",,https://www.facebook.com/pcmerchandise.co/posts/pfbid040UuDV1IvxUwJhpSS9JgSczzEtjVlX07RGCILJzf2hgTRqfzJVbp0XKQ,0,0,Photos,,,,,03/13/2023,,,0,0,0,0,0,0,,,,,
999482721557978,100064197037125,"PC Merchandise","Do you want an aesthetic build that matches your gaming needs? RYZEN 5 2600 builds available now!",,0,"03/27/2023 19:00",,https://www.facebook.com/pcmerchandise.co/posts/pfbid040UuDV1IvxUwJhpSS9JgSczzEtjVlX07RGCILJzf2hgTRqfzJVbp0XKQ,0,0,Photos,,,,,03/14/2023,,,0,0,0,0,0,0,,,,,
999482721557978,100064197037125,"PC Merchandise","Do you want an aesthetic build that matches your gaming needs? RYZEN 5 2600 builds available now!",,0,"03/27/2023 19:00",,https://www.facebook.com/pcmerchandise.co/posts/pfbid040UuDV1IvxUwJhpSS9JgSczzEtjVlX07RGCILJzf2hgTRqfzJVbp0XKQ,0,0,Photos,,,,,03/15/2023,,,0,0,0,0,0,0,,,,,
999482721557978,100064197037125,"PC Merchandise","Do you want an aesthetic build that matches your gaming needs? RYZEN 5 2600 builds available now!",,0,"03/27/2023 19:00",,https://www.facebook.com/pcmerchandise.co/posts/pfbid040UuDV1IvxUwJhpSS9JgSczzEtjVlX07RGCILJzf2hgTRqfzJVbp0XKQ,0,0,Photos,,,,,03/16/2023,,,0,0,0,0,0,0,,,,,
999482721557978,100064197037125,"PC Merchandise","Do you want an aesthetic build that matches your gaming needs? RYZEN 5 2600 builds available now!",,0,"03/27/2023 19:00",,https://www.facebook.com/pcmerchandise.co/posts/pfbid040UuDV1IvxUwJhpSS9JgSczzEtjVlX07RGCILJzf2hgTRqfzJVbp0XKQ,0,0,Photos,,,,,03/17/2023,,,0,0,0,0,0,0,,,,,
999482721557978,100064197037125,"PC Merchandise","Do you want an aesthetic build that matches your gaming needs? RYZEN 5 2600 builds available now!",,0,"03/27/2023 19:00",,https://www.facebook.com/pcmerchandise.co/posts/pfbid040UuDV1IvxUwJhpSS9JgSczzEtjVlX07RGCILJzf2hgTRqfzJVbp0XKQ,0,0,Photos,,,,,03/18/2023,,,0,0,0,0,0,0,,,,,
999482721557978,100064197037125,"PC Merchandise","Do you want an aesthetic build that matches your gaming needs? RYZEN 5 2600 builds available now!",,0,"03/27/2023 19:00",,https://www.facebook.com/pcmerchandise.co/posts/pfbid040UuDV1IvxUwJhpSS9JgSczzEtjVlX07RGCILJzf2hgTRqfzJVbp0XKQ,0,0,Photos,,,,,03/19/2023,,,0,0,0,0,0,0,,,,,
999482721557978,100064197037125,"PC Merchandise","Do you want an aesthetic build that matches your gaming needs? RYZEN 5 2600 builds available now!",,0,"03/27/2023 19:00",,https://www.facebook.com/pcmerchandise.co/posts/pfbid040UuDV1IvxUwJhpSS9JgSczzEtjVlX07RGCILJzf2hgTRqfzJVbp0XKQ,0,0,Photos,,,,,03/20/2023,,,0,0,0,0,0,0,,,,,
999482721557978,100064197037125,"PC Merchandise","Do you want an aesthetic build that matches your gaming needs? RYZEN 5 2600 builds available now!",,0,"03/27/2023 19:00",,https://www.facebook.com/pcmerchandise.co/posts/pfbid040UuDV1IvxUwJhpSS9JgSczzEtjVlX07RGCILJzf2hgTRqfzJVbp0XKQ,0,0,Photos,,,,,03/21/2023,,,0,0,0,0,0,0,,,,,
999482721557978,100064197037125,"PC Merchandise","Do you want an aesthetic build that matches your gaming needs? RYZEN 5 2600 builds available now!",,0,"03/27/2023 19:00",,https://www.facebook.com/pcmerchandise.co/posts/pfbid040UuDV1IvxUwJhpSS9JgSczzEtjVlX07RGCILJzf2hgTRqfzJVbp0XKQ,0,0,Photos,,,,,03/22/2023,,,0,0,0,0,0,0,,,,,
999482721557978,100064197037125,"PC Merchandise","Do you want an aesthetic build that matches your gaming needs? RYZEN 5 2600 builds available now!",,0,"03/27/2023 19:00",,https://www.facebook.com/pcmerchandise.co/posts/pfbid040UuDV1IvxUwJhpSS9JgSczzEtjVlX07RGCILJzf2hgTRqfzJVbp0XKQ,0,0,Photos,,,,,03/23/2023,,,0,0,0,0,0,0,,,,,
999482721557978,100064197037125,"PC Merchandise","Do you want an aesthetic build that matches your gaming needs? RYZEN 5 2600 builds available now!",,0,"03/27/2023 19:00",,https://www.facebook.com/pcmerchandise.co/posts/pfbid040UuDV1IvxUwJhpSS9JgSczzEtjVlX07RGCILJzf2hgTRqfzJVbp0XKQ,0,0,Photos,,,,,03/24/2023,,,0,0,0,0,0,0,,,,,
999482721557978,100064197037125,"PC Merchandise","Do you want an aesthetic build that matches your gaming needs? RYZEN 5 2600 builds available now!",,0,"03/27/2023 19:00",,https://www.facebook.com/pcmerchandise.co/posts/pfbid040UuDV1IvxUwJhpSS9JgSczzEtjVlX07RGCILJzf2hgTRqfzJVbp0XKQ,0,0,Photos,,,,,03/25/2023,,,0,0,0,0,0,0,,,,,
999482721557978,100064197037125,"PC Merchandise","Do you want an aesthetic build that matches your gaming needs? RYZEN 5 2600 builds available now!",,0,"03/27/2023 19:00",,https://www.facebook.com/pcmerchandise.co/posts/pfbid040UuDV1IvxUwJhpSS9JgSczzEtjVlX07RGCILJzf2hgTRqfzJVbp0XKQ,0,0,Photos,,,,,03/26/2023,,,0,0,0,0,0,0,,,,,
999482721557978,100064197037125,"PC Merchandise","Do you want an aesthetic build that matches your gaming needs? RYZEN 5 2600 builds available now!",,0,"03/27/2023 19:00",,https://www.facebook.com/pcmerchandise.co/posts/pfbid040UuDV1IvxUwJhpSS9JgSczzEtjVlX07RGCILJzf2hgTRqfzJVbp0XKQ,0,0,Photos,,,,,03/27/2023,,,0,0,0,0,0,0,,,,,
999482721557978,100064197037125,"PC Merchandise","Do you want an aesthetic build that matches your gaming needs? RYZEN 5 2600 builds available now!",,0,"03/27/2023 19:00",,https://www.facebook.com/pcmerchandise.co/posts/pfbid040UuDV1IvxUwJhpSS9JgSczzEtjVlX07RGCILJzf2hgTRqfzJVbp0XKQ,0,0,Photos,,,,,03/28/2023,,,0,0,0,0,0,0,,,,,
999482721557978,100064197037125,"PC Merchandise","Do you want an aesthetic build that matches your gaming needs? RYZEN 5 2600 builds available now!",,0,"03/27/2023 19:00",,https://www.facebook.com/pcmerchandise.co/posts/pfbid040UuDV1IvxUwJhpSS9JgSczzEtjVlX07RGCILJzf2hgTRqfzJVbp0XKQ,0,0,Photos,,,,,03/29/2023,,,0,0,0,0,0,0,,,,,
999482721557978,100064197037125,"PC Merchandise","Do you want an aesthetic build that matches your gaming needs? RYZEN 5 2600 builds available now!",,0,"03/27/2023 19:00",,https://www.facebook.com/pcmerchandise.co/posts/pfbid040UuDV1IvxUwJhpSS9JgSczzEtjVlX07RGCILJzf2hgTRqfzJVbp0XKQ,0,0,Photos,,,,,03/30/2023,,,0,0,0,0,0,0,,,,,
999482721557978,100064197037125,"PC Merchandise","Do you want an aesthetic build that matches your gaming needs? RYZEN 5 2600 builds available now!",,0,"03/27/2023 19:00",,https://www.facebook.com/pcmerchandise.co/posts/pfbid040UuDV1IvxUwJhpSS9JgSczzEtjVlX07RGCILJzf2hgTRqfzJVbp0XKQ,0,0,Photos,,,,,03/31/2023,,,0,0,0,0,0,0,,,,,
999858592026864,100064197037125,"PC Merchandise","Paano kung sabihin ko sayo na kaya mo na mag GTX 1650 build under budget? 👀",,31,"03/27/2023 19:00",mixed,https://www.facebook.com/reel/1611283597345957/,1,0,Reels,,,,,03/01/2023,0,,,,,,0,0,0,0,0,0.000,5.454
999858592026864,100064197037125,"PC Merchandise","Paano kung sabihin ko sayo na kaya mo na mag GTX 1650 build under budget? 👀",,31,"03/27/2023 19:00",mixed,https://www.facebook.com/reel/1611283597345957/,1,0,Reels,,,,,03/02/2023,0,,,,,,0,0,0,0,0,0.000,4.597
999858592026864,100064197037125,"PC Merchandise","Paano kung sabihin ko sayo na kaya mo na mag GTX 1650 build under budget? 👀",,31,"03/27/2023 19:00",mixed,https://www.facebook.com/reel/1611283597345957/,1,0,Reels,,,,,03/03/2023,0,,,,,,0,0,0,0,0,0.000,6.546
999858592026864,100064197037125,"PC Merchandise","Paano kung sabihin ko sayo na kaya mo na mag GTX 1650 build under budget? 👀",,31,"03/27/2023 19:00",mixed,https://www.facebook.com/reel/1611283597345957/,1,0,Reels,,,,,03/04/2023,0,,,,,,0,0,0,0,0,0.000,5.190
999858592026864,100064197037125,"PC Merchandise","Paano kung sabihin ko sayo na kaya mo na mag GTX 1650 build under budget? 👀",,31,"03/27/2023 19:00",mixed,https://www.facebook.com/reel/1611283597345957/,1,0,Reels,,,,,03/05/2023,0,,,,,,0,0,0,0,0,0.000,6.368
999858592026864,100064197037125,"PC Merchandise","Paano kung sabihin ko sayo na kaya mo na mag GTX 1650 build under budget? 👀",,31,"03/27/2023 19:00",mixed,https://www.facebook.com/reel/1611283597345957/,1,0,Reels,,,,,03/06/2023,0,,,,,,0,0,0,0,0,0.000,5.211
999858592026864,100064197037125,"PC Merchandise","Paano kung sabihin ko sayo na kaya mo na mag GTX 1650 build under budget? 👀",,31,"03/27/2023 19:00",mixed,https://www.facebook.com/reel/1611283597345957/,1,0,Reels,,,,,03/07/2023,0,,,,,,0,0,0,0,0,0.000,4.811
999858592026864,100064197037125,"PC Merchandise","Paano kung sabihin ko sayo na kaya mo na mag GTX 1650 build under budget? 👀",,31,"03/27/2023 19:00",mixed,https://www.facebook.com/reel/1611283597345957/,1,0,Reels,,,,,03/08/2023,0,,,,,,0,0,0,0,0,0.000,6.522
999858592026864,100064197037125,"PC Merchandise","Paano kung sabihin ko sayo na kaya mo na mag GTX 1650 build under budget? 👀",,31,"03/27/2023 19:00",mixed,https://www.facebook.com/reel/1611283597345957/,1,0,Reels,,,,,03/09/2023,0,,,,,,0,0,0,0,0,0.000,6.916
999858592026864,100064197037125,"PC Merchandise","Paano kung sabihin ko sayo na kaya mo na mag GTX 1650 build under budget? 👀",,31,"03/27/2023 19:00",mixed,https://www.facebook.com/reel/1611283597345957/,1,0,Reels,,,,,03/10/2023,0,,,,,,0,0,0,0,0,0.000,6.414
999858592026864,100064197037125,"PC Merchandise","Paano kung sabihin ko sayo na kaya mo na mag GTX 1650 build under budget? 👀",,31,"03/27/2023 19:00",mixed,https://www.facebook.com/reel/1611283597345957/,1,0,Reels,,,,,03/11/2023,0,,,,,,0,0,0,0,0,0.000,6.626
999858592026864,100064197037125,"PC Merchandise","Paano kung sabihin ko sayo na kaya mo na mag GTX 1650 build under budget? 👀",,31,"03/27/2023 19:00",mixed,https://www.facebook.com/reel/1611283597345957/,1,0,Reels,,,,,03/12/2023,0,,,,,,0,0,0,0,0,0.000,6.553
999858592026864,100064197037125,"PC Merchandise","Paano kung sabihin ko sayo na kaya mo na mag GTX 1650 build under budget? 👀",,31,"03/27/2023 19:00",mixed,https://www.facebook.com/reel/1611283597345957/,1,0,Reels,,,,,03/13/2023,0,,,,,,0,0,0,0,0,0.000,5.051
999858592026864,100064197037125,"PC Merchandise","Paano kung sabihin ko sayo na kaya mo na mag GTX 1650 build under budget? 👀",,31,"03/27/2023 19:00",mixed,https://www.facebook.com/reel/1611283597345957/,1,0,Reels,,,,,03/14/2023,0,,,,,,0,0,0,0,0,0.000,5.629
999858592026864,100064197037125,"PC Merchandise","Paano kung sabihin ko sayo na kaya mo na mag GTX 1650 build under budget? 👀",,31,"03/27/2023 19:00",mixed,https://www.facebook.com/reel/1611283597345957/,1,0,Reels,,,,,03/15/2023,0,,,,,,0,0,0,0,0,0.000,5.463
999858592026864,100064197037125,"PC Merchandise","Paano kung sabihin ko sayo na kaya mo na mag GTX 1650 build under budget? 👀",,31,"03/27/2023 19:00",mixed,https://www.facebook.com/reel/1611283597345957/,1,0,Reels,,,,,03/16/2023,0,,,,,,0,0,0,0,0,0.000,4.931
999858592026864,100064197037125,"PC Merchandise","Paano kung sabihin ko sayo na kaya mo na mag GTX 1650 build under budget? 👀",,31,"03/27/2023 19:00",mixed,https://www.facebook.com/reel/1611283597345957/,1,0,Reels,,,,,03/17/2023,0,,,,,,0,0,0,0,0,0.000,5.981
999858592026864,100064197037125,"PC Merchandise","Paano kung sabihin ko sayo na kaya mo na mag GTX 1650 build under budget? 👀",,31,"03/27/2023 19:00",mixed,https://www.facebook.com/reel/1611283597345957/,1,0,Reels,,,,,03/18/2023,0,,,,,,0,0,0,0,0,0.000,4.834
999858592026864,100064197037125,"PC Merchandise","Paano kung sabihin ko sayo na kaya mo na mag GTX 1650 build under budget? 👀",,31,"03/27/2023 19:00",mixed,https://www.facebook.com/reel/1611283597345957/,1,0,Reels,,,,,03/19/2023,0,,,,,,0,0,0,0,0,0.000,6.778
999858592026864,100064197037125,"PC Merchandise","Paano kung sabihin ko sayo na kaya mo na mag GTX 1650 build under budget? 👀",,31,"03/27/2023 19:00",mixed,https://www.facebook.com/reel/1611283597345957/,1,0,Reels,,,,,03/20/2023,0,,,,,,0,0,0,0,0,0.000,4.617
999858592026864,100064197037125,"PC Merchandise","Paano kung sabihin ko sayo na kaya mo na mag GTX 1650 build under budget? 👀",,31,"03/27/2023 19:00",mixed,https://www.facebook.com/reel/1611283597345957/,1,0,Reels,,,,,03/21/2023,0,,,,,,0,0,0,0,0,0.000,4.996
999858592026864,100064197037125,"PC Merchandise","Paano kung sabihin ko sayo na kaya mo na mag GTX 1650 build under budget? 👀",,31,"03/27/2023 19:00",mixed,https://www.facebook.com/reel/1611283597345957/,1,0,Reels,,,,,03/22/2023,0,,,,,,0,0,0,0,0,0.000,5.720
999858592026864,100064197037125,"PC Merchandise","Paano kung sabihin ko sayo na kaya mo na mag GTX 1650 build under budget? 👀",,31,"03/27/2023 19:00",mixed,https://www.facebook.com/reel/1611283597345957/,1,0,Reels,,,,,03/23/2023,0,,,,,,0,0,0,0,0,0.000,5.002
999858592026864,100064197037125,"PC Merchandise","Paano kung sabihin ko sayo na kaya mo na mag GTX 1650 build under budget? 👀",,31,"03/27/2023 19:00",mixed,https://www.facebook.com/reel/1611283597345957/,1,0,Reels,,,,,03/24/2023,0,,,,,,0,0,0,0,0,0.000,5.247
999858592026864,100064197037125,"PC Merchandise","Paano kung sabihin ko sayo na kaya mo na mag GTX 1650 build under budget? 👀",,31,"03/27/2023 19:00",mixed,https://www.facebook.com/reel/1611283597345957/,1,0,Reels,,,,,03/25/2023,0,,,,,,0,0,0,0,0,0.000,6.262
999858592026864,100064197037125,"PC Merchandise","Paano kung sabihin ko sayo na kaya mo na mag GTX 1650 build under budget? 👀",,31,"03/27/2023 19:00",mixed,https://www.facebook.com/reel/1611283597345957/,1,0,Reels,,,,,03/26/2023,0,,,,,,0,0,0,0,0,0.000,5.476
999858592026864,100064197037125,"PC Merchandise","Paano kung sabihin ko sayo na kaya mo na mag GTX 1650 build under budget? 👀",,31,"03/27/2023 19:00",mixed,https://www.facebook.com/reel/1611283597345957/,1,0,Reels,,,,,03/27/2023,0,,,,,,0,0,0,0,0,840.070,5.401
999858592026864,100064197037125,"PC Merchandise","Paano kung sabihin ko sayo na kaya mo na mag GTX 1650 build under budget? 👀",,31,"03/27/2023 19:00",mixed,https://www.facebook.com/reel/1611283597345957/,1,0,Reels,,,,,03/28/2023,0,,,,,,0,0,0,0,0,260.795,5.914
999858592026864,100064197037125,"PC Merchandise","Paano kung sabihin ko sayo na kaya mo na mag GTX 1650 build under budget? 👀",,31,"03/27/2023 19:00",mixed,https://www.facebook.com/reel/1611283597345957/,1,0,Reels,,,,,03/29/2023,0,,,,,,0,0,0,0,0,405.753,5.585
999858592026864,100064197037125,"PC Merchandise","Paano kung sabihin ko sayo na kaya mo na mag GTX 1650 build under budget? 👀",,31,"03/27/2023 19:00",mixed,https://www.facebook.com/reel/1611283597345957/,1,0,Reels,,,,,03/30/2023,0,,,,,,0,0,0,0,0,289.892,6.825
999858592026864,100064197037125,"PC Merchandise","Paano kung sabihin ko sayo na kaya mo na mag GTX 1650 build under budget? 👀",,31,"03/27/2023 19:00",mixed,https://www.facebook.com/reel/1611283597345957/,1,0,Reels,,,,,03/31/2023,0,,,,,,0,0,0,0,0,213.718,5.221
999898912931952,100064197037125,"PC Merchandise","Salamat sa tiwala boss JAMES! RYZEN 5 2600 comshop package — 8 units delivered ✅",,89,"03/26/2023 20:42",mixed,https://www.facebook.com/reel/1152475188908926/,0,0,Reels,,,,,03/01/2023,0,,,,,,0,0,0,0,0,0.000,4.727
999898912931952,100064197037125,"PC Merchandise","Salamat sa tiwala boss JAMES! RYZEN 5 2600 comshop package — 8 units delivered ✅",,89,"03/26/2023 20:42",mixed,https://www.facebook.com/reel/1152475188908926/,0,0,Reels,,,,,03/02/2023,0,,,,,,0,0,0,0,0,0.000,3.819
999898912931952,100064197037125,"PC Merchandise","Salamat sa tiwala boss JAMES! RYZEN 5 2600 comshop package — 8 units delivered ✅",,89,"03/26/2023 20:42",mixed,https://www.facebook.com/reel/1152475188908926/,0,0,Reels,,,,,03/03/2023,0,,,,,,0,0,0,0,0,0.000,4.911
999898912931952,100064197037125,"PC Merchandise","Salamat sa tiwala boss JAMES! RYZEN 5 2600 comshop package — 8 units delivered ✅",,89,"03/26/2023 20:42",mixed,https://www.facebook.com/reel/1152475188908926/,0,0,Reels,,,,,03/04/2023,0,,,,,,0,0,0,0,0,0.000,3.758
999898912931952,100064197037125,"PC Merchandise","Salamat sa tiwala boss JAMES! RYZEN 5 2600 comshop package — 8 units delivered ✅",,89,"03/26/2023 20:42",mixed,https://www.facebook.com/reel/1152475188908926/,0,0,Reels,,,,,03/05/2023,0,,,,,,0,0,0,0,0,0.000,5.343
999898912931952,100064197037125,"PC Merchandise","Salamat sa tiwala boss JAMES! RYZEN 5 2600 comshop package — 8 units delivered ✅",,89,"03/26/2023 20:42",mixed,https://www.facebook.com/reel/1152475188908926/,0,0,Reels,,,,,03/06/2023,0,,,,,,0,0,0,0,0,0.000,3.094
999898912931952,100064197037125,"PC Merchandise","Salamat sa tiwala boss JAMES! RYZEN 5 2600 comshop package — 8 units delivered ✅",,89,"03/26/2023 20:42",mixed,https://www.facebook.com/reel/1152475188908926/,0,0,Reels,,,,,03/07/2023,0,,,,,,0,0,0,0,0,0.000,4.869
999898912931952,100064197037125,"PC Merchandise","Salamat sa tiwala boss JAMES! RYZEN 5 2600 comshop package — 8 units delivered ✅",,89,"03/26/2023 20:42",mixed,https://www.facebook.com/reel/1152475188908926/,0,0,Reels,,,,,03/08/2023,0,,,,,,0,0,0,0,0,0.000,4.554
999898912931952,100064197037125,"PC Merchandise","Salamat sa tiwala boss JAMES! RYZEN 5 2600 comshop package — 8 units delivered ✅",,89,"03/26/2023 20:42",mixed,https://www.facebook.com/reel/1152475188908926/,0,0,Reels,,,,,03/09/2023,0,,,,,,0,0,0,0,0,0.000,4.328
999898912931952,100064197037125,"PC Merchandise","Salamat sa tiwala boss JAMES! RYZEN 5 2600 comshop package — 8 units delivered ✅",,89,"03/26/2023 20:42",mixed,https://www.facebook.com/reel/1152475188908926/,0,0,Reels,,,,,03/10/2023,0,,,,,,0,0,0,0,0,0.000,3.919
999898912931952,100064197037125,"PC Merchandise","Salamat sa tiwala boss JAMES! RYZEN 5 2600 comshop package — 8 units delivered ✅",,89,"03/26/2023 20:42",mixed,https://www.facebook.com/reel/1152475188908926/,0,0,Reels,,,,,03/11/2023,0,,,,,,0,0,0,0,0,0.000,4.555
999898912931952,100064197037125,"PC Merchandise","Salamat sa tiwala boss JAMES! RYZEN 5 2600 comshop package — 8 units delivered ✅",,89,"03/26/2023 20:42",mixed,https://www.facebook.com/reel/1152475188908926/,0,0,Reels,,,,,03/12/2023,0,,,,,,0,0,0,0,0,0.000,4.047
999898912931952,100064197037125,"PC Merchandise","Salamat sa tiwala boss JAMES! RYZEN 5 2600 comshop package — 8 units delivered ✅",,89,"03/26/2023 20:42",mixed,https://www.facebook.com/reel/1152475188908926/,0,0,Reels,,,,,03/13/2023,0,,,,,,0,0,0,0,0,0.000,4.875
999898912931952,100064197037125,"PC Merchandise","Salamat sa tiwala boss JAMES! RYZEN 5 2600 comshop package — 8 units delivered ✅",,89,"03/26/2023 20:42",mixed,https://www.facebook.com/reel/1152475188908926/,0,0,Reels,,,,,03/14/2023,0,,,,,,0,0,0,0,0,0.000,6.114
999898912931952,100064197037125,"PC Merchandise","Salamat sa tiwala boss JAMES! RYZEN 5 2600 comshop package — 8 units delivered ✅",,89,"03/26/2023 20:42",mixed,https://www.facebook.com/reel/1152475188908926/,0,0,Reels,,,,,03/15/2023,0,,,,,,0,0,0,0,0,0.000,3.140
999898912931952,100064197037125,"PC Merchandise","Salamat sa tiwala boss JAMES! RYZEN 5 2600 comshop package — 8 units delivered ✅",,89,"03/26/2023 20:42",mixed,https://www.facebook.com/reel/1152475188908926/,0,0,Reels,,,,,03/16/2023,0,,,,,,0,0,0,0,0,0.000,3.234
999898912931952,100064197037125,"PC Merchandise","Salamat sa tiwala boss JAMES! RYZEN 5 2600 comshop package — 8 units delivered ✅",,89,"03/26/2023 20:42",mixed,https://www.facebook.com/reel/1152475188908926/,0,0,Reels,,,,,03/17/2023,0,,,,,,0,0,0,0,0,0.000,4.793
999898912931952,100064197037125,"PC Merchandise","Salamat sa tiwala boss JAMES! RYZEN 5 2600 comshop package — 8 units delivered ✅",,89,"03/26/2023 20:42",mixed,https://www.facebook.com/reel/1152475188908926/,0,0,Reels,,,,,03/18/2023,0,,,,,,0,0,0,0,0,0.000,4.655
999898912931952,100064197037125,"PC Merchandise","Salamat sa tiwala boss JAMES! RYZEN 5 2600 comshop package — 8 units delivered ✅",,89,"03/26/2023 20:42",mixed,https://www.facebook.com/reel/1152475188908926/,0,0,Reels,,,,,03/19/2023,0,,,,,,0,0,0,0,0,0.000,4.350
999898912931952,100064197037125,"PC Merchandise","Salamat sa tiwala boss JAMES! RYZEN 5 2600 comshop package — 8 units delivered ✅",,89,"03/26/2023 20:42",mixed,https://www.facebook.com/reel/1152475188908926/,0,0,Reels,,,,,03/20/2023,0,,,,,,0,0,0,0,0,0.000,4.680
999898912931952,100064197037125,"PC Merchandise","Salamat sa tiwala boss JAMES! RYZEN 5 2600 comshop package — 8 units delivered ✅",,89,"03/26/2023 20:42",mixed,https://www.facebook.com/reel/1152475188908926/,0,0,Reels,,,,,03/21/2023,0,,,,,,0,0,0,0,0,0.000,3.133
999898912931952,100064197037125,"PC Merchandise","Salamat sa tiwala boss JAMES! RYZEN 5 2600 comshop package — 8 units delivered ✅",,89,"03/26/2023 20:42",mixed,https://www.facebook.com/reel/1152475188908926/,0,0,Reels,,,,,03/22/2023,0,,,,,,0,0,0,0,0,0.000,4.516
999898912931952,100064197037125,"PC Merchandise","Salamat sa tiwala boss JAMES! RYZEN 5 2600 comshop package — 8 units delivered ✅",,89,"03/26/2023 20:42",mixed,https://www.facebook.com/reel/1152475188908926/,0,0,Reels,,,,,03/23/2023,0,,,,,,0,0,0,0,0,0.000,4.395
999898912931952,100064197037125,"PC Merchandise","Salamat sa tiwala boss JAMES! RYZEN 5 2600 comshop package — 8 units delivered ✅",,89,"03/26/2023 20:42",mixed,https://www.facebook.com/reel/1152475188908926/,0,0,Reels,,,,,03/24/2023,0,,,,,,0,0,0,0,0,0.000,4.344
999898912931952,100064197037125,"PC Merchandise","Salamat sa tiwala boss JAMES! RYZEN 5 2600 comshop package — 8 units delivered ✅",,89,"03/26/2023 20:42",mixed,https://www.facebook.com/reel/1152475188908926/,0,0,Reels,,,,,03/25/2023,0,,,,,,0,0,0,0,0,0.000,4.411
999898912931952,100064197037125,"PC Merchandise","Salamat sa tiwala boss JAMES! RYZEN 5 2600 comshop package — 8 units delivered ✅",,89,"03/26/2023 20:42",mixed,https://www.facebook.com/reel/1152475188908926/,0,0,Reels,,,,,03/26/2023,0,,,,,,0,0,0,0,0,196.809,4.425
999898912931952,100064197037125,"PC Merchandise","Salamat sa tiwala boss JAMES! RYZEN 5 2600 comshop package — 8 units delivered ✅",,89,"03/26/2023 20:42",mixed,https://www.facebook.com/reel/1152475188908926/,0,0,Reels,,,,,03/27/2023,0,,,,,,0,0,0,0,0,80.482,4.807
999898912931952,100064197037125,"PC Merchandise","Salamat sa tiwala boss JAMES! RYZEN 5 2600 comshop package — 8 units delivered ✅",,89,"03/26/2023 20:42",mixed,https://www.facebook.com/reel/1152475188908926/,0,0,Reels,,,,,03/28/2023,0,,,,,,0,0,1,0,1,117.361,3.539
999898912931952,100064197037125,"PC Merchandise","Salamat sa tiwala boss JAMES! RYZEN 5 2600 comshop package — 8 units delivered ✅",,89,"03/26/2023 20:42",mixed,https://www.facebook.com/reel/1152475188908926/,0,0,Reels,,,,,03/29/2023,0,,,,,,0,0,0,0,0,60.566,4.204
999898912931952,100064197037125,"PC Merchandise","Salamat sa tiwala boss JAMES! RYZEN 5 2600 comshop package — 8 units delivered ✅",,89,"03/26/2023 20:42",mixed,https://www.facebook.com/reel/1152475188908926/,0,0,Reels,,,,,03/30/2023,0,,,,,,0,0,0,0,0,66.029,4.921
999898912931952,100064197037125,"PC Merchandise","Salamat sa tiwala boss JAMES! RYZEN 5 2600 comshop package — 8 units delivered ✅",,89,"03/26/2023 20:42",mixed,https://www.facebook.com/reel/1152475188908926/,0,0,Reels,,,,,03/31/2023,0,,,,,,0,0,0,0,0,36.850,3.516
999195933435310,100064197037125,"PC Merchandise","𝐢𝟑 𝟏𝟎𝟏𝟎𝟎𝐅
𝐂𝐎𝐌𝐒𝐇𝐎𝐏 𝐃𝐈𝐒𝐊𝐋𝐄𝐒𝐒 𝐏𝐀𝐂𝐊𝐀𝐆𝐄
#PCMERCHANDISE #PCMBUILDS",,67,"03/25/2023 00:15",,https://www.facebook.com/reel/1056135076490350/,0,0,Reels,,,,,03/01/2023,0,,,,,,0,0,0,0,0,0.000,2.256
999195933435310,100064197037125,"PC Merchandise","𝐢𝟑 𝟏𝟎𝟏𝟎𝟎𝐅
𝐂𝐎𝐌𝐒𝐇𝐎𝐏 𝐃𝐈𝐒𝐊𝐋𝐄𝐒𝐒 𝐏𝐀𝐂𝐊𝐀𝐆𝐄
#PCMERCHANDISE #PCMBUILDS",,67,"03/25/2023 00:15",,https://www.facebook.com/reel/1056135076490350/,0,0,Reels,,,,,03/02/2023,0,,,,,,0,0,0,0,0,0.000,2.654
999195933435310,100064197037125,"PC Merchandise","𝐢𝟑 𝟏𝟎𝟏𝟎𝟎𝐅
𝐂𝐎𝐌𝐒𝐇𝐎𝐏 𝐃𝐈𝐒𝐊𝐋𝐄𝐒𝐒 𝐏𝐀𝐂𝐊𝐀𝐆𝐄
#PCMERCHANDISE #PCMBUILDS",,67,"03/25/2023 00:15",,https://www.facebook.com/reel/1056135076490350/,0,0,Reels,,,,,03/03/2023,0,,,,,,0,0,0,0,0,0.000,3.257
999195933435310,100064197037125,"PC Merchandise","𝐢𝟑 𝟏𝟎𝟏𝟎𝟎𝐅
𝐂𝐎𝐌𝐒𝐇𝐎𝐏 𝐃𝐈𝐒𝐊𝐋𝐄𝐒𝐒 𝐏𝐀𝐂𝐊𝐀𝐆𝐄
#PCMERCHANDISE #PCMBUILDS",,67,"03/25/2023 00:15",,https://www.facebook.com/reel/1056135076490350/,0,0,Reels,,,,,03/04/2023,0,,,,,,0,0,0,0,0,0.000,2.544
999195933435310,100064197037125,"PC Merchandise","𝐢𝟑 𝟏𝟎𝟏𝟎𝟎𝐅
𝐂𝐎𝐌𝐒𝐇𝐎𝐏 𝐃𝐈𝐒𝐊𝐋𝐄𝐒𝐒 𝐏𝐀𝐂𝐊𝐀𝐆𝐄
#PCMERCHANDISE #PCMBUILDS",,67,"03/25/2023 00:15",,https://www.facebook.com/reel/1056135076490350/,0,0,Reels,,,,,03/05/2023,0,,,,,,0,0,0,0,0,0.000,4.234
999195933435310,100064197037125,"PC Merchandise","𝐢𝟑 𝟏𝟎𝟏𝟎𝟎𝐅
𝐂𝐎𝐌𝐒𝐇𝐎𝐏 𝐃𝐈𝐒𝐊𝐋𝐄𝐒𝐒 𝐏𝐀𝐂𝐊𝐀𝐆𝐄
#PCMERCHANDISE #PCMBUILDS",,67,"03/25/2023 00:15",,https://www.facebook.com/reel/1056135076490350/,0,0,Reels,,,,,03/06/2023,0,,,,,,0,0,0,0,0,0.000,1.651
999195933435310,100064197037125,"PC Merchandise","𝐢𝟑 𝟏𝟎𝟏𝟎𝟎𝐅
𝐂𝐎𝐌𝐒𝐇𝐎𝐏 𝐃𝐈𝐒𝐊𝐋𝐄𝐒𝐒 𝐏𝐀𝐂𝐊𝐀𝐆𝐄
#PCMERCHANDISE #PCMBUILDS",,67,"03/25/2023 00:15",,https://www.facebook.com/reel/1056135076490350/,0,0,Reels,,,,,03/07/2023,0,,,,,,0,0,0,0,0,0.000,4.514
999195933435310,100064197037125,"PC Merchandise","𝐢𝟑 𝟏𝟎𝟏𝟎𝟎𝐅
𝐂𝐎𝐌𝐒𝐇𝐎𝐏 𝐃𝐈𝐒𝐊𝐋𝐄𝐒𝐒 𝐏𝐀𝐂𝐊𝐀𝐆𝐄
#PCMERCHANDISE #PCMBUILDS",,67,"03/25/2023 00:15",,https://www.facebook.com/reel/1056135076490350/,0,0,Reels,,,,,03/08/2023,0,,,,,,0,0,0,0,0,0.000,3.404
999195933435310,100064197037125,"PC Merchandise","𝐢𝟑 𝟏𝟎𝟏𝟎𝟎𝐅
𝐂𝐎𝐌𝐒𝐇𝐎𝐏 𝐃𝐈𝐒𝐊𝐋𝐄𝐒𝐒 𝐏𝐀𝐂𝐊𝐀𝐆𝐄
#PCMERCHANDISE #PCMBUILDS",,67,"03/25/2023 00:15",,https://www.facebook.com/reel/1056135076490350/,0,0,Reels,,,,,03/09/2023,0,,,,,,0,0,0,0,0,0.000,3.122
999195933435310,100064197037125,"PC Merchandise","𝐢𝟑 𝟏𝟎𝟏𝟎𝟎𝐅
𝐂𝐎𝐌𝐒𝐇𝐎𝐏 𝐃𝐈𝐒𝐊𝐋𝐄𝐒𝐒 𝐏𝐀𝐂𝐊𝐀𝐆𝐄
#PCMERCHANDISE #PCMBUILDS",,67,"03/25/2023 00:15",,https://www.facebook.com/reel/1056135076490350/,0,0,Reels,,,,,03/10/2023,0,,,,,,0,0,0,0,0,0.000,3.018
999195933435310,100064197037125,"PC Merchandise","𝐢𝟑 𝟏𝟎𝟏𝟎𝟎𝐅
𝐂𝐎𝐌𝐒𝐇𝐎𝐏 𝐃𝐈𝐒𝐊𝐋𝐄𝐒𝐒 𝐏𝐀𝐂𝐊𝐀𝐆𝐄
#PCMERCHANDISE #PCMBUILDS",,67,"03/25/2023 00:15",,https://www.facebook.com/reel/1056135076490350/,0,0,Reels,,,,,03/11/2023,0,,,,,,0,0,0,0,0,0.000,1.741
999195933435310,100064197037125,"PC Merchandise","𝐢𝟑 𝟏𝟎𝟏𝟎𝟎𝐅
𝐂𝐎𝐌𝐒𝐇𝐎𝐏 𝐃𝐈𝐒𝐊𝐋𝐄𝐒𝐒 𝐏𝐀𝐂𝐊𝐀𝐆𝐄
#PCMERCHANDISE #PCMBUILDS",,67,"03/25/2023 00:15",,https://www.facebook.com/reel/1056135076490350/,0,0,Reels,,,,,03/12/2023,0,,,,,,0,0,0,0,0,0.000,1.970
999195933435310,100064197037125,"PC Merchandise","𝐢𝟑 𝟏𝟎𝟏𝟎𝟎𝐅
𝐂𝐎𝐌𝐒𝐇𝐎𝐏 𝐃𝐈𝐒𝐊𝐋𝐄𝐒𝐒 𝐏𝐀𝐂𝐊𝐀𝐆𝐄
#PCMERCHANDISE #PCMBUILDS",,67,"03/25/2023 00:15",,https://www.facebook.com/reel/1056135076490350/,0,0,Reels,,,,,03/13/2023,0,,,,,,0,0,0,0,0,0.000,3.231
999195933435310,100064197037125,"PC Merchandise","𝐢𝟑 𝟏𝟎𝟏𝟎𝟎𝐅
𝐂𝐎𝐌𝐒𝐇𝐎𝐏 𝐃𝐈𝐒𝐊𝐋𝐄𝐒𝐒 𝐏𝐀𝐂𝐊𝐀𝐆𝐄
#PCMERCHANDISE #PCMBUILDS",,67,"03/25/2023 00:15",,https://www.facebook.com/reel/1056135076490350/,0,0,Reels,,,,,03/14/2023,0,,,,,,0,0,0,0,0,0.000,2.943
999195933435310,100064197037125,"PC Merchandise","𝐢𝟑 𝟏𝟎𝟏𝟎𝟎𝐅
𝐂𝐎𝐌𝐒𝐇𝐎𝐏 𝐃𝐈𝐒𝐊𝐋𝐄𝐒𝐒 𝐏𝐀𝐂𝐊𝐀𝐆𝐄
#PCMERCHANDISE #PCMBUILDS",,67,"03/25/2023 00:15",,https://www.facebook.com/reel/1056135076490350/,0,0,Reels,,,,,03/15/2023,0,,,,,,0,0,0,0,0,0.000,4.085
999195933435310,100064197037125,"PC Merchandise","𝐢𝟑 𝟏𝟎𝟏𝟎𝟎𝐅
𝐂𝐎𝐌𝐒𝐇𝐎𝐏 𝐃𝐈𝐒𝐊𝐋𝐄𝐒𝐒 𝐏𝐀𝐂𝐊𝐀𝐆𝐄
#PCMERCHANDISE #PCMBUILDS",,67,"03/25/2023 00:15",,https://www.facebook.com/reel/1056135076490350/,0,0,Reels,,,,,03/16/2023,0,,,,,,0,0,0,0,0,0.000,4.268
999195933435310,100064197037125,"PC Merchandise","𝐢𝟑 𝟏𝟎𝟏𝟎𝟎𝐅
𝐂𝐎𝐌𝐒𝐇𝐎𝐏 𝐃𝐈𝐒𝐊𝐋𝐄𝐒𝐒 𝐏𝐀𝐂𝐊𝐀𝐆𝐄
#PCMERCHANDISE #PCMBUILDS",,67,"03/25/2023 00:15",,https://www.facebook.com/reel/1056135076490350/,0,0,Reels,,,,,03/17/2023,0,,,,,,0,0,0,0,0,0.000,3.387
999195933435310,100064197037125,"PC Merchandise","𝐢𝟑 𝟏𝟎𝟏𝟎𝟎𝐅
𝐂𝐎𝐌𝐒𝐇𝐎𝐏 𝐃𝐈𝐒𝐊𝐋𝐄𝐒𝐒 𝐏𝐀𝐂𝐊𝐀𝐆𝐄
#PCMERCHANDISE #PCMBUILDS",,67,"03/25/2023 00:15",,https://www.facebook.com/reel/1056135076490350/,0,0,Reels,,,,,03/18/2023,0,,,,,,0,0,0,0,0,0.000,2.223
999195933435310,100064197037125,"PC Merchandise","𝐢𝟑 𝟏𝟎𝟏𝟎𝟎𝐅
𝐂𝐎𝐌𝐒𝐇𝐎𝐏 𝐃𝐈𝐒𝐊𝐋𝐄𝐒𝐒 𝐏𝐀𝐂𝐊𝐀𝐆𝐄
#PCMERCHANDISE #PCMBUILDS",,67,"03/25/2023 00:15",,https://www.facebook.com/reel/1056135076490350/,0,0,Reels,,,,,03/19/2023,0,,,,,,0,0,0,0,0,0.000,2.671
999195933435310,100064197037125,"PC Merchandise","𝐢𝟑 𝟏𝟎𝟏𝟎𝟎𝐅
𝐂𝐎𝐌𝐒𝐇𝐎𝐏 𝐃𝐈𝐒𝐊𝐋𝐄𝐒𝐒 𝐏𝐀𝐂𝐊𝐀𝐆𝐄
#PCMERCHANDISE #PCMBUILDS",,67,"03/25/2023 00:15",,https://www.facebook.com/reel/1056135076490350/,0,0,Reels,,,,,03/20/2023,0,,,,,,0,0,0,0,0,0.000,2.744
999195933435310,100064197037125,"PC Merchandise","𝐢𝟑 𝟏𝟎𝟏𝟎𝟎𝐅
𝐂𝐎𝐌𝐒𝐇𝐎𝐏 𝐃𝐈𝐒𝐊𝐋𝐄𝐒𝐒 𝐏𝐀𝐂𝐊𝐀𝐆𝐄
#PCMERCHANDISE #PCMBUILDS",,67,"03/25/2023 00:15",,https://www.facebook.com/reel/1056135076490350/,0,0,Reels,,,,,03/21/2023,0,,,,,,0,0,0,0,0,0.000,1.897
999195933435310,100064197037125,"PC Merchandise","𝐢𝟑 𝟏𝟎𝟏𝟎𝟎𝐅
𝐂𝐎𝐌𝐒𝐇𝐎𝐏 𝐃𝐈𝐒𝐊𝐋𝐄𝐒𝐒 𝐏𝐀𝐂𝐊𝐀𝐆𝐄
#PCMERCHANDISE #PCMBUILDS",,67,"03/25/2023 00:15",,https://www.facebook.com/reel/1056135076490350/,0,0,Reels,,,,,03/22/2023,0,,,,,,0,0,0,0,0,0.000,1.728
999195933435310,100064197037125,"PC Merchandise","𝐢𝟑 𝟏𝟎𝟏𝟎𝟎𝐅
𝐂𝐎𝐌𝐒𝐇𝐎𝐏 𝐃𝐈𝐒𝐊𝐋𝐄𝐒𝐒 𝐏𝐀𝐂𝐊𝐀𝐆𝐄
#PCMERCHANDISE #PCMBUILDS",,67,"03/25/2023 00:15",,https://www.facebook.com/reel/1056135076490350/,0,0,Reels,,,,,03/23/2023,0,,,,,,0,0,0,0,0,0.000,3.147
999195933435310,100064197037125,"PC Merchandise","𝐢𝟑 𝟏𝟎𝟏𝟎𝟎𝐅
𝐂𝐎𝐌𝐒𝐇𝐎𝐏 𝐃𝐈𝐒𝐊𝐋𝐄𝐒𝐒 𝐏𝐀𝐂𝐊𝐀𝐆𝐄
#PCMERCHANDISE #PCMBUILDS",,67,"03/25/2023 00:15",,https://www.facebook.com/reel/1056135076490350/,0,0,Reels,,,,,03/24/2023,0,,,,,,0,0,0,0,0,0.000,2.059
999195933435310,100064197037125,"PC Merchandise","𝐢𝟑 𝟏𝟎𝟏𝟎𝟎𝐅
𝐂𝐎𝐌𝐒𝐇𝐎𝐏 𝐃𝐈𝐒𝐊𝐋𝐄𝐒𝐒 𝐏𝐀𝐂𝐊𝐀𝐆𝐄
#PCMERCHANDISE #PCMBUILDS",,67,"03/25/2023 00:15",,https://www.facebook.com/reel/1056135076490350/,0,0,Reels,,,,,03/25/2023,0,,,,,,135,0,0,0,0,693.920,3.081
999195933435310,100064197037125,"PC Merchandise","𝐢𝟑 𝟏𝟎𝟏𝟎𝟎𝐅
𝐂𝐎𝐌𝐒𝐇𝐎𝐏 𝐃𝐈𝐒𝐊𝐋𝐄𝐒𝐒 𝐏𝐀𝐂𝐊𝐀𝐆𝐄
#PCMERCHANDISE #PCMBUILDS",,67,"03/25/2023 00:15",,https://www.facebook.com/reel/1056135076490350/,0,0,Reels,,,,,03/26/2023,0,,,,,,120,0,0,0,0,518.284,3.237
999195933435310,100064197037125,"PC Merchandise","𝐢𝟑 𝟏𝟎𝟏𝟎𝟎𝐅
𝐂𝐎𝐌𝐒𝐇𝐎𝐏 𝐃𝐈𝐒𝐊𝐋𝐄𝐒𝐒 𝐏𝐀𝐂𝐊𝐀𝐆𝐄
#PCMERCHANDISE #PCMBUILDS",,67,"03/25/2023 00:15",,https://www.facebook.com/reel/1056135076490350/,0,0,Reels,,,,,03/27/2023,0,,,,,,140,0,0,0,0,405.170,2.768
999195933435310,100064197037125,"PC Merchandise","𝐢𝟑 𝟏𝟎𝟏𝟎𝟎𝐅
𝐂𝐎𝐌𝐒𝐇𝐎𝐏 𝐃𝐈𝐒𝐊𝐋𝐄𝐒𝐒 𝐏𝐀𝐂𝐊𝐀𝐆𝐄
#PCMERCHANDISE #PCMBUILDS",,67,"03/25/2023 00:15",,https://www.facebook.com/reel/1056135076490350/,0,0,Reels,,,,,03/28/2023,0,,,,,,127,0,0,0,0,301.122,1.500
999195933435310,100064197037125,"PC Merchandise","𝐢𝟑 𝟏𝟎𝟏𝟎𝟎𝐅
𝐂𝐎𝐌𝐒𝐇𝐎𝐏 𝐃𝐈𝐒𝐊𝐋𝐄𝐒𝐒 𝐏𝐀𝐂𝐊𝐀𝐆𝐄
#PCMERCHANDISE #PCMBUILDS",,67,"03/25/2023 00:15",,https://www.facebook.com/reel/1056135076490350/,0,0,Reels,,,,,03/29/2023,0,,,,,,118,0,0,0,0,234.815,4.200
999195933435310,100064197037125,"PC Merchandise","𝐢𝟑 𝟏𝟎𝟏𝟎𝟎𝐅
𝐂𝐎𝐌𝐒𝐇𝐎𝐏 𝐃𝐈𝐒𝐊𝐋𝐄𝐒𝐒 𝐏𝐀𝐂𝐊𝐀𝐆𝐄
#PCMERCHANDISE #PCMBUILDS",,67,"03/25/2023 00:15",,https://www.facebook.com/reel/1056135076490350/,0,0,Reels,,,,,03/30/2023,0,,,,,,144,0,0,0,0,228.194,2.829
999195933435310,100064197037125,"PC Merchandise","𝐢𝟑 𝟏𝟎𝟏𝟎𝟎𝐅
𝐂𝐎𝐌𝐒𝐇𝐎𝐏 𝐃𝐈𝐒𝐊𝐋𝐄𝐒𝐒 𝐏𝐀𝐂𝐊𝐀𝐆𝐄
#PCMERCHANDISE #PCMBUILDS",,67,"03/25/2023 00:15",,https://www.facebook.com/reel/1056135076490350/,0,0,Reels,,,,,03/31/2023,0,,,,,,146,0,0,0,0,149.076,3.018
999235893391226,100064197037125,"PC Merchandise","𝐑𝐘𝐙𝐄𝐍 𝟓 𝟐𝟔𝟎𝟎 𝟔+𝟏 w/ 𝐆𝐓𝐗 𝟏𝟎𝟓𝟎𝐓𝐈
𝐆𝐀𝐌𝐈𝐍𝐆 𝐁𝐔𝐈𝐋𝐃
#PCMERCHANDISE #PCMBUILDS",,47,"03/23/2023 17:00",,https://www.facebook.com/reel/1315447718074729/,0,0,Reels,,,,,03/01/2023,0,,,,,,0,0,0,0,0,0.000,3.804
999235893391226,100064197037125,"PC Merchandise","𝐑𝐘𝐙𝐄𝐍 𝟓 𝟐𝟔𝟎𝟎 𝟔+𝟏 w/ 𝐆𝐓𝐗 𝟏𝟎𝟓𝟎𝐓𝐈
𝐆𝐀𝐌𝐈𝐍𝐆 𝐁𝐔𝐈𝐋𝐃
#PCMERCHANDISE #PCMBUILDS",,47,"03/23/2023 17:00",,https://www.facebook.com/reel/1315447718074729/,0,0,Reels,,,,,03/02/2023,0,,,,,,0,0,0,0,0,0.000,2.850
999235893391226,100064197037125,"PC Merchandise","𝐑𝐘𝐙𝐄𝐍 𝟓 𝟐𝟔𝟎𝟎 𝟔+𝟏 w/ 𝐆𝐓𝐗 𝟏𝟎𝟓𝟎𝐓𝐈
𝐆𝐀𝐌𝐈𝐍𝐆 𝐁𝐔𝐈𝐋𝐃
#PCMERCHANDISE #PCMBUILDS",,47,"03/23/2023 17:00",,https://www.facebook.com/reel/1315447718074729/,0,0,Reels,,,,,03/03/2023,0,,,,,,0,0,0,0,0,0.000,4.842
999235893391226,100064197037125,"PC Merchandise","𝐑𝐘𝐙𝐄𝐍 𝟓 𝟐𝟔𝟎𝟎 𝟔+𝟏 w/ 𝐆𝐓𝐗 𝟏𝟎𝟓𝟎𝐓𝐈
𝐆𝐀𝐌𝐈𝐍𝐆 𝐁𝐔𝐈𝐋𝐃
#PCMERCHANDISE #PCMBUILDS",,47,"03/23/2023 17:00",,https://www.facebook.com/reel/1315447718074729/,0,0,Reels,,,,,03/04/2023,0,,,,,,0,0,0,0,0,0.000,2.575
999235893391226,100064197037125,"PC Merchandise","𝐑𝐘𝐙𝐄𝐍 𝟓 𝟐𝟔𝟎𝟎 𝟔+𝟏 w/ 𝐆𝐓𝐗 𝟏𝟎𝟓𝟎𝐓𝐈
𝐆𝐀𝐌𝐈𝐍𝐆 𝐁𝐔𝐈𝐋𝐃
#PCMERCHANDISE #PCMBUILDS",,47,"03/23/2023 17:00",,https://www.facebook.com/reel/1315447718074729/,0,0,Reels,,,,,03/05/2023,0,,,,,,0,0,0,0,0,0.000,2.575
999235893391226,100064197037125,"PC Merchandise","𝐑𝐘𝐙𝐄𝐍 𝟓 𝟐𝟔𝟎𝟎 𝟔+𝟏 w/ 𝐆𝐓𝐗 𝟏𝟎𝟓𝟎𝐓𝐈
𝐆𝐀𝐌𝐈𝐍𝐆 𝐁𝐔𝐈𝐋𝐃
#PCMERCHANDISE #PCMBUILDS",,47,"03/23/2023 17:00",,https://www.facebook.com/reel/1315447718074729/,0,0,Reels,,,,,03/06/2023,0,,,,,,0,0,0,0,0,0.000,3.937
999235893391226,100064197037125,"PC Merchandise","𝐑𝐘𝐙𝐄𝐍 𝟓 𝟐𝟔𝟎𝟎 𝟔+𝟏 w/ 𝐆𝐓𝐗 𝟏𝟎𝟓𝟎𝐓𝐈
𝐆𝐀𝐌𝐈𝐍𝐆 𝐁𝐔𝐈𝐋𝐃
#PCMERCHANDISE #PCMBUILDS",,47,"03/23/2023 17:00",,https://www.facebook.com/reel/1315447718074729/,0,0,Reels,,,,,03/07/2023,0,,,,,,0,0,0,0,0,0.000,2.861
999235893391226,100064197037125,"PC Merchandise","𝐑𝐘𝐙𝐄𝐍 𝟓 𝟐𝟔𝟎𝟎 𝟔+𝟏 w/ 𝐆𝐓𝐗 𝟏𝟎𝟓𝟎𝐓𝐈
𝐆𝐀𝐌𝐈𝐍𝐆 𝐁𝐔𝐈𝐋𝐃
#PCMERCHANDISE #PCMBUILDS",,47,"03/23/2023 17:00",,https://www.facebook.com/reel/1315447718074729/,0,0,Reels,,,,,03/08/2023,0,,,,,,0,0,0,0,0,0.000,2.670
999235893391226,100064197037125,"PC Merchandise","𝐑𝐘𝐙𝐄𝐍 𝟓 𝟐𝟔𝟎𝟎 𝟔+𝟏 w/ 𝐆𝐓𝐗 𝟏𝟎𝟓𝟎𝐓𝐈
𝐆𝐀𝐌𝐈𝐍𝐆 𝐁𝐔𝐈𝐋𝐃
#PCMERCHANDISE #PCMBUILDS",,47,"03/23/2023 17:00",,https://www.facebook.com/reel/1315447718074729/,0,0,Reels,,,,,03/09/2023,0,,,,,,0,0,0,0,0,0.000,1.688
999235893391226,100064197037125,"PC Merchandise","𝐑𝐘𝐙𝐄𝐍 𝟓 𝟐𝟔𝟎𝟎 𝟔+𝟏 w/ 𝐆𝐓𝐗 𝟏𝟎𝟓𝟎𝐓𝐈
𝐆𝐀𝐌𝐈𝐍𝐆 𝐁𝐔𝐈𝐋𝐃
#PCMERCHANDISE #PCMBUILDS",,47,"03/23/2023 17:00",,https://www.facebook.com/reel/1315447718074729/,0,0,Reels,,,,,03/10/2023,0,,,,,,0,0,0,0,0,0.000,2.055
999235893391226,100064197037125,"PC Merchandise","𝐑𝐘𝐙𝐄𝐍 𝟓 𝟐𝟔𝟎𝟎 𝟔+𝟏 w/ 𝐆𝐓𝐗 𝟏𝟎𝟓𝟎𝐓𝐈
𝐆𝐀𝐌𝐈𝐍𝐆 𝐁𝐔𝐈𝐋𝐃
#PCMERCHANDISE #PCMBUILDS",,47,"03/23/2023 17:00",,https://www.facebook.com/reel/1315447718074729/,0,0,Reels,,,,,03/11/2023,0,,,,,,0,0,0,0,0,0.000,2.665
999235893391226,100064197037125,"PC Merchandise","𝐑𝐘𝐙𝐄𝐍 𝟓 𝟐𝟔𝟎𝟎 𝟔+𝟏 w/ 𝐆𝐓𝐗 𝟏𝟎𝟓𝟎𝐓𝐈
𝐆𝐀𝐌𝐈𝐍𝐆 𝐁𝐔𝐈𝐋𝐃
#PCMERCHANDISE #PCMBUILDS",,47,"03/23/2023 17:00",,https://www.facebook.com/reel/1315447718074729/,0,0,Reels,,,,,03/12/2023,0,,,,,,0,0,0,0,0,0.000,2.745
999235893391226,100064197037125,"PC Merchandise","𝐑𝐘𝐙𝐄𝐍 𝟓 𝟐𝟔𝟎𝟎 𝟔+𝟏 w/ 𝐆𝐓𝐗 𝟏𝟎𝟓𝟎𝐓𝐈
𝐆𝐀𝐌𝐈𝐍𝐆 𝐁𝐔𝐈𝐋𝐃
#PCMERCHANDISE #PCMBUILDS",,47,"03/23/2023 17:00",,https://www.facebook.com/reel/1315447718074729/,0,0,Reels,,,,,03/13/2023,0,,,,,,0,0,0,0,0,0.000,4.395
999235893391226,100064197037125,"PC Merchandise","𝐑𝐘𝐙𝐄𝐍 𝟓 𝟐𝟔𝟎𝟎 𝟔+𝟏 w/ 𝐆𝐓𝐗 𝟏𝟎𝟓𝟎𝐓𝐈
𝐆𝐀𝐌𝐈𝐍𝐆 𝐁𝐔𝐈𝐋𝐃
#PCMERCHANDISE #PCMBUILDS",,47,"03/23/2023 17:00",,https://www.facebook.com/reel/1315447718074729/,0,0,Reels,,,,,03/14/2023,0,,,,,,0,0,0,0,0,0.000,4.082
999235893391226,100064197037125,"PC Merchandise","𝐑𝐘𝐙𝐄𝐍 𝟓 𝟐𝟔𝟎𝟎 𝟔+𝟏 w/ 𝐆𝐓𝐗 𝟏𝟎𝟓𝟎𝐓𝐈
𝐆𝐀𝐌𝐈𝐍𝐆 𝐁𝐔𝐈𝐋𝐃
#PCMERCHANDISE #PCMBUILDS",,47,"03/23/2023 17:00",,https://www.facebook.com/reel/1315447718074729/,0,0,Reels,,,,,03/15/2023,0,,,,,,0,0,0,0,0,0.000,3.733
999235893391226,100064197037125,"PC Merchandise","𝐑𝐘𝐙𝐄𝐍 𝟓 𝟐𝟔𝟎𝟎 𝟔+𝟏 w/ 𝐆𝐓𝐗 𝟏𝟎𝟓𝟎𝐓𝐈
𝐆𝐀𝐌𝐈𝐍𝐆 𝐁𝐔𝐈𝐋𝐃
#PCMERCHANDISE #PCMBUILDS",,47,"03/23/2023 17:00",,https://www.facebook.com/reel/1315447718074729/,0,0,Reels,,,,,03/16/2023,0,,,,,,0,0,0,0,0,0.000,4.536
999235893391226,100064197037125,"PC Merchandise","𝐑𝐘𝐙𝐄𝐍 𝟓 𝟐𝟔𝟎𝟎 𝟔+𝟏 w/ 𝐆𝐓𝐗 𝟏𝟎𝟓𝟎𝐓𝐈
𝐆𝐀𝐌𝐈𝐍𝐆 𝐁𝐔𝐈𝐋𝐃
#PCMERCHANDISE #PCMBUILDS",,47,"03/23/2023 17:00",,https://www.facebook.com/reel/1315447718074729/,0,0,Reels,,,,,03/17/2023,0,,,,,,0,0,0,0,0,0.000,2.569
999235893391226,100064197037125,"PC Merchandise","𝐑𝐘𝐙𝐄𝐍 𝟓 𝟐𝟔𝟎𝟎 𝟔+𝟏 w/ 𝐆𝐓𝐗 𝟏𝟎𝟓𝟎𝐓𝐈
𝐆𝐀𝐌𝐈𝐍𝐆 𝐁𝐔𝐈𝐋𝐃
#PCMERCHANDISE #PCMBUILDS",,47,"03/23/2023 17:00",,https://www.facebook.com/reel/1315447718074729/,0,0,Reels,,,,,03/18/2023,0,,,,,,0,0,0,0,0,0.000,4.146
999235893391226,100064197037125,"PC Merchandise","𝐑𝐘𝐙𝐄𝐍 𝟓 𝟐𝟔𝟎𝟎 𝟔+𝟏 w/ 𝐆𝐓𝐗 𝟏𝟎𝟓𝟎𝐓𝐈
𝐆𝐀𝐌𝐈𝐍𝐆 𝐁𝐔𝐈𝐋𝐃
#PCMERCHANDISE #PCMBUILDS",,47,"03/23/2023 17:00",,https://www.facebook.com/reel/1315447718074729/,0,0,Reels,,,,,03/19/2023,0,,,,,,0,0,0,0,0,0.000,2.652
999235893391226,100064197037125,"PC Merchandise","𝐑𝐘𝐙𝐄𝐍 𝟓 𝟐𝟔𝟎𝟎 𝟔+𝟏 w/ 𝐆𝐓𝐗 𝟏𝟎𝟓𝟎𝐓𝐈
𝐆𝐀𝐌𝐈𝐍𝐆 𝐁𝐔𝐈𝐋𝐃
#PCMERCHANDISE #PCMBUILDS",,47,"03/23/2023 17:00",,https://www.facebook.com/reel/1315447718074729/,0,0,Reels,,,,,03/20/2023,0,,,,,,0,0,0,0,0,0.000,3.202
999235893391226,100064197037125,"PC Merchandise","𝐑𝐘𝐙𝐄𝐍 𝟓 𝟐𝟔𝟎𝟎 𝟔+𝟏 w/ 𝐆𝐓𝐗 𝟏𝟎𝟓𝟎𝐓𝐈
𝐆𝐀𝐌𝐈𝐍𝐆 𝐁𝐔𝐈𝐋𝐃
#PCMERCHANDISE #PCMBUILDS",,47,"03/23/2023 17:00",,https://www.facebook.com/reel/1315447718074729/,0,0,Reels,,,,,03/21/2023,0,,,,,,0,0,0,0,0,0.000,3.872
999235893391226,100064197037125,"PC Merchandise","𝐑𝐘𝐙𝐄𝐍 𝟓 𝟐𝟔𝟎𝟎 𝟔+𝟏 w/ 𝐆𝐓𝐗 𝟏𝟎𝟓𝟎𝐓𝐈
𝐆𝐀𝐌𝐈𝐍𝐆 𝐁𝐔𝐈𝐋𝐃
#PCMERCHANDISE #PCMBUILDS",,47,"03/23/2023 17:00",,https://www.facebook.com/reel/1315447718074729/,0,0,Reels,,,,,03/22/2023,0,,,,,,0,0,0,0,0,0.000,3.167
999235893391226,100064197037125,"PC Merchandise","𝐑𝐘𝐙𝐄𝐍 𝟓 𝟐𝟔𝟎𝟎 𝟔+𝟏 w/ 𝐆𝐓𝐗 𝟏𝟎𝟓𝟎𝐓𝐈
𝐆𝐀𝐌𝐈𝐍𝐆 𝐁𝐔𝐈𝐋𝐃
#PCMERCHANDISE #PCMBUILDS",,47,"03/23/2023 17:00",,https://www.facebook.com/reel/1315447718074729/,0,0,Reels,,,,,03/23/2023,0,,,,,,152,0,0,0,0,312.687,3.464
999235893391226,100064197037125,"PC Merchandise","𝐑𝐘𝐙𝐄𝐍 𝟓 𝟐𝟔𝟎𝟎 𝟔+𝟏 w/ 𝐆𝐓𝐗 𝟏𝟎𝟓𝟎𝐓𝐈
𝐆𝐀𝐌𝐈𝐍𝐆 𝐁𝐔𝐈𝐋𝐃
#PCMERCHANDISE #PCMBUILDS",,47,"03/23/2023 17:00",,https://www.facebook.com/reel/1315447718074729/,0,0,Reels,,,,,03/24/2023,0,,,,,,185,0,0,0,0,209.090,2.597
999235893391226,100064197037125,"PC Merchandise","𝐑𝐘𝐙𝐄𝐍 𝟓 𝟐𝟔𝟎𝟎 𝟔+𝟏 w/ 𝐆𝐓𝐗 𝟏𝟎𝟓𝟎𝐓𝐈
𝐆𝐀𝐌𝐈𝐍𝐆 𝐁𝐔𝐈𝐋𝐃
#PCMERCHANDISE #PCMBUILDS",,47,"03/23/2023 17:00",,https://www.facebook.com/reel/1315447718074729/,0,0,Reels,,,,,03/25/2023,0,,,,,,177,0,0,0,0,245.148,2.949
999235893391226,100064197037125,"PC Merchandise","𝐑𝐘𝐙𝐄𝐍 𝟓 𝟐𝟔𝟎𝟎 𝟔+𝟏 w/ 𝐆𝐓𝐗 𝟏𝟎𝟓𝟎𝐓𝐈
𝐆𝐀𝐌𝐈𝐍𝐆 𝐁𝐔𝐈𝐋𝐃
#PCMERCHANDISE #PCMBUILDS",,47,"03/23/2023 17:00",,https://www.facebook.com/reel/1315447718074729/,0,0,Reels,,,,,03/26/2023,0,,,,,,162,0,0,0,0,128.711,3.069
999235893391226,100064197037125,"PC Merchandise","𝐑𝐘𝐙𝐄𝐍 𝟓 𝟐𝟔𝟎𝟎 𝟔+𝟏 w/ 𝐆𝐓𝐗 𝟏𝟎𝟓𝟎𝐓𝐈
𝐆𝐀𝐌𝐈𝐍𝐆 𝐁𝐔𝐈𝐋𝐃
#PCMERCHANDISE #PCMBUILDS",,47,"03/23/2023 17:00",,https://www.facebook.com/reel/1315447718074729/,0,0,Reels,,,,,03/27/2023,0,,,,,,151,0,0,0,0,66.104,3.477
999235893391226,100064197037125,"PC Merchandise","𝐑𝐘𝐙𝐄𝐍 𝟓 𝟐𝟔𝟎𝟎 𝟔+𝟏 w/ 𝐆𝐓𝐗 𝟏𝟎𝟓𝟎𝐓𝐈
𝐆𝐀𝐌𝐈𝐍𝐆 𝐁𝐔𝐈𝐋𝐃
#PCMERCHANDISE #PCMBUILDS",,47,"03/23/2023 17:00",,https://www.facebook.com/reel/1315447718074729/,0,0,Reels,,,,,03/28/2023,0,,,,,,165,0,0,0,0,41.604,2.522
999235893391226,100064197037125,"PC Merchandise","𝐑𝐘𝐙𝐄𝐍 𝟓 𝟐𝟔𝟎𝟎 𝟔+𝟏 w/ 𝐆𝐓𝐗 𝟏𝟎𝟓𝟎𝐓𝐈
𝐆𝐀𝐌𝐈𝐍𝐆 𝐁𝐔𝐈𝐋𝐃
#PCMERCHANDISE #PCMBUILDS",,47,"03/23/2023 17:00",,https://www.facebook.com/reel/1315447718074729/,0,0,Reels,,,,,03/29/2023,0,,,,,,170,0,0,0,0,101.633,3.407
999235893391226,100064197037125,"PC Merchandise","𝐑𝐘𝐙𝐄𝐍 𝟓 𝟐𝟔𝟎𝟎 𝟔+𝟏 w/ 𝐆𝐓𝐗 𝟏𝟎𝟓𝟎𝐓𝐈
𝐆𝐀𝐌𝐈𝐍𝐆 𝐁𝐔𝐈𝐋𝐃
#PCMERCHANDISE #PCMBUILDS",,47,"03/23/2023 17:00",,https://www.facebook.com/reel/1315447718074729/,0,0,Reels,,,,,03/30/2023,0,,,,,,150,0,0,0,0,95.086,2.690
999235893391226,100064197037125,"PC Merchandise","𝐑𝐘𝐙𝐄𝐍 𝟓 𝟐𝟔𝟎𝟎 𝟔+𝟏 w/ 𝐆𝐓𝐗 𝟏𝟎𝟓𝟎𝐓𝐈
𝐆𝐀𝐌𝐈𝐍𝐆 𝐁𝐔𝐈𝐋𝐃
#PCMERCHANDISE #PCMBUILDS",,47,"03/23/2023 17:00",,https://www.facebook.com/reel/1315447718074729/,0,0,Reels,,,,,03/31/2023,0,,,,,,161,0,0,0,0,54.699,4.697
999317313157794,100064197037125,"PC Merchandise","Salamat sa tiwala boss KUYA RON! i3 10100F comshop package — 4 units delivered ✅",,53,"03/23/2023 15:01",uploaded,https://www.facebook.com/reel/1796404704138729/,0,0,Reels,,,,,03/01/2023,0,,,,,,0,0,0,0,0,0.000,4.519
999317313157794,100064197037125,"PC Merchandise","Salamat sa tiwala boss KUYA RON! i3 10100F comshop package — 4 units delivered ✅",,53,"03/23/2023 15:01",uploaded,https://www.facebook.com/reel/1796404704138729/,0,0,Reels,,,,,03/02/2023,0,,,,,,0,0,0,0,0,0.000,1.866
999317313157794,100064197037125,"PC Merchandise","Salamat sa tiwala boss KUYA RON! i3 10100F comshop package — 4 units delivered ✅",,53,"03/23/2023 15:01",uploaded,https://www.facebook.com/reel/1796404704138729/,0,0,Reels,,,,,03/03/2023,0,,,,,,0,0,0,0,0,0.000,3.137
999317313157794,100064197037125,"PC Merchandise","Salamat sa tiwala boss KUYA RON! i3 10100F comshop package — 4 units delivered ✅",,53,"03/23/2023 15:01",uploaded,https://www.facebook.com/reel/1796404704138729/,0,0,Reels,,,,,03/04/2023,0,,,,,,0,0,0,0,0,0.000,2.693
999317313157794,100064197037125,"PC Merchandise","Salamat sa tiwala boss KUYA RON! i3 10100F comshop package — 4 units delivered ✅",,53,"03/23/2023 15:01",uploaded,https://www.facebook.com/reel/1796404704138729/,0,0,Reels,,,,,03/05/2023,0,,,,,,0,0,0,0,0,0.000,2.706
999317313157794,100064197037125,"PC Merchandise","Salamat sa tiwala boss KUYA RON! i3 10100F comshop package — 4 units delivered ✅",,53,"03/23/2023 15:01",uploaded,https://www.facebook.com/reel/1796404704138729/,0,0,Reels,,,,,03/06/2023,0,,,,,,0,0,0,0,0,0.000,3.838
999317313157794,100064197037125,"PC Merchandise","Salamat sa tiwala boss KUYA RON! i3 10100F comshop package — 4 units delivered ✅",,53,"03/23/2023 15:01",uploaded,https://www.facebook.com/reel/1796404704138729/,0,0,Reels,,,,,03/07/2023,0,,,,,,0,0,0,0,0,0.000,3.139
999317313157794,100064197037125,"PC Merchandise","Salamat sa tiwala boss KUYA RON! i3 10100F comshop package — 4 units delivered ✅",,53,"03/23/2023 15:01",uploaded,https://www.facebook.com/reel/1796404704138729/,0,0,Reels,,,,,03/08/2023,0,,,,,,0,0,0,0,0,0.000,3.073
999317313157794,100064197037125,"PC Merchandise","Salamat sa tiwala boss KUYA RON! i3 10100F comshop package — 4 units delivered ✅",,53,"03/23/2023 15:01",uploaded,https://www.facebook.com/reel/1796404704138729/,0,0,Reels,,,,,03/09/2023,0,,,,,,0,0,0,0,0,0.000,3.062
999317313157794,100064197037125,"PC Merchandise","Salamat sa tiwala boss KUYA RON! i3 10100F comshop package — 4 units delivered ✅",,53,"03/23/2023 15:01",uploaded,https://www.facebook.com/reel/1796404704138729/,0,0,Reels,,,,,03/10/2023,0,,,,,,0,0,0,0,0,0.000,3.061
999317313157794,100064197037125,"PC Merchandise","Salamat sa tiwala boss KUYA RON! i3 10100F comshop package — 4 units delivered ✅",,53,"03/23/2023 15:01",uploaded,https://www.facebook.com/reel/1796404704138729/,0,0,Reels,,,,,03/11/2023,0,,,,,,0,0,0,0,0,0.000,2.771
999317313157794,100064197037125,"PC Merchandise","Salamat sa tiwala boss KUYA RON! i3 10100F comshop package — 4 units delivered ✅",,53,"03/23/2023 15:01",uploaded,https://www.facebook.com/reel/1796404704138729/,0,0,Reels,,,,,03/12/2023,0,,,,,,0,0,0,0,0,0.000,2.296
999317313157794,100064197037125,"PC Merchandise","Salamat sa tiwala boss KUYA RON! i3 10100F comshop package — 4 units delivered ✅",,53,"03/23/2023 15:01",uploaded,https://www.facebook.com/reel/1796404704138729/,0,0,Reels,,,,,03/13/2023,0,,,,,,0,0,0,0,0,0.000,2.322
999317313157794,100064197037125,"PC Merchandise","Salamat sa tiwala boss KUYA RON! i3 10100F comshop package — 4 units delivered ✅",,53,"03/23/2023 15:01",uploaded,https://www.facebook.com/reel/1796404704138729/,0,0,Reels,,,,,03/14/2023,0,,,,,,0,0,0,0,0,0.000,2.332
999317313157794,100064197037125,"PC Merchandise","Salamat sa tiwala boss KUYA RON! i3 10100F comshop package — 4 units delivered ✅",,53,"03/23/2023 15:01",uploaded,https://www.facebook.com/reel/1796404704138729/,0,0,Reels,,,,,03/15/2023,0,,,,,,0,0,0,0,0,0.000,2.644
999317313157794,100064197037125,"PC Merchandise","Salamat sa tiwala boss KUYA RON! i3 10100F comshop package — 4 units delivered ✅",,53,"03/23/2023 15:01",uploaded,https://www.facebook.com/reel/1796404704138729/,0,0,Reels,,,,,03/16/2023,0,,,,,,0,0,0,0,0,0.000,2.741
999317313157794,100064197037125,"PC Merchandise","Salamat sa tiwala boss KUYA RON! i3 10100F comshop package — 4 units delivered ✅",,53,"03/23/2023 15:01",uploaded,https://www.facebook.com/reel/1796404704138729/,0,0,Reels,,,,,03/17/2023,0,,,,,,0,0,0,0,0,0.000,1.500
999317313157794,100064197037125,"PC Merchandise","Salamat sa tiwala boss KUYA RON! i3 10100F comshop package — 4 units delivered ✅",,53,"03/23/2023 15:01",uploaded,https://www.facebook.com/reel/1796404704138729/,0,0,Reels,,,,,03/18/2023,0,,,,,,0,0,0,0,0,0.000,2.560
999317313157794,100064197037125,"PC Merchandise","Salamat sa tiwala boss KUYA RON! i3 10100F comshop package — 4 units delivered ✅",,53,"03/23/2023 15:01",uploaded,https://www.facebook.com/reel/1796404704138729/,0,0,Reels,,,,,03/19/2023,0,,,,,,0,0,0,0,0,0.000,3.280
999317313157794,100064197037125,"PC Merchandise","Salamat sa tiwala boss KUYA RON! i3 10100F comshop package — 4 units delivered ✅",,53,"03/23/2023 15:01",uploaded,https://www.facebook.com/reel/1796404704138729/,0,0,Reels,,,,,03/20/2023,0,,,,,,0,0,0,0,0,0.000,2.532
999317313157794,100064197037125,"PC Merchandise","Salamat sa tiwala boss KUYA RON! i3 10100F comshop package — 4 units delivered ✅",,53,"03/23/2023 15:01",uploaded,https://www.facebook.com/reel/1796404704138729/,0,0,Reels,,,,,03/21/2023,0,,,,,,0,0,0,0,0,0.000,2.749
999317313157794,100064197037125,"PC Merchandise","Salamat sa tiwala boss KUYA RON! i3 10100F comshop package — 4 units delivered ✅",,53,"03/23/2023 15:01",uploaded,https://www.facebook.com/reel/1796404704138729/,0,0,Reels,,,,,03/22/2023,0,,,,,,0,0,0,0,0,0.000,2.872
999317313157794,100064197037125,"PC Merchandise","Salamat sa tiwala boss KUYA RON! i3 10100F comshop package — 4 units delivered ✅",,53,"03/23/2023 15:01",uploaded,https://www.facebook.com/reel/1796404704138729/,0,0,Reels,,,,,03/23/2023,0,,,,,,34,0,0,0,0,74.651,3.631
999317313157794,100064197037125,"PC Merchandise","Salamat sa tiwala boss KUYA RON! i3 10100F comshop package — 4 units delivered ✅",,53,"03/23/2023 15:01",uploaded,https://www.facebook.com/reel/1796404704138729/,0,0,Reels,,,,,03/24/2023,0,,,,,,32,0,0,0,0,49.203,2.830
999317313157794,100064197037125,"PC Merchandise","Salamat sa tiwala boss KUYA RON! i3 10100F comshop package — 4 units delivered ✅",,53,"03/23/2023 15:01",uploaded,https://www.facebook.com/reel/1796404704138729/,0,0,Reels,,,,,03/25/2023,0,,,,,,36,0,0,0,0,31.461,2.047
999317313157794,100064197037125,"PC Merchandise","Salamat sa tiwala boss KUYA RON! i3 10100F comshop package — 4 units delivered ✅",,53,"03/23/2023 15:01",uploaded,https://www.facebook.com/reel/1796404704138729/,0,0,Reels,,,,,03/26/2023,0,,,,,,39,0,0,0,0,25.192,2.932
999317313157794,100064197037125,"PC Merchandise","Salamat sa tiwala boss KUYA RON! i3 10100F comshop package — 4 units delivered ✅",,53,"03/23/2023 15:01",uploaded,https://www.facebook.com/reel/1796404704138729/,0,0,Reels,,,,,03/27/2023,0,,,,,,23,0,0,0,0,15.160,1.604
999317313157794,100064197037125,"PC Merchandise","Salamat sa tiwala boss KUYA RON! i3 10100F comshop package — 4 units delivered ✅",,53,"03/23/2023 15:01",uploaded,https://www.facebook.com/reel/1796404704138729/,0,0,Reels,,,,,03/28/2023,0,,,,,,30,0,0,0,0,31.006,2.565
999317313157794,100064197037125,"PC Merchandise","Salamat sa tiwala boss KUYA RON! i3 10100F comshop package — 4 units delivered ✅",,53,"03/23/2023 15:01",uploaded,https://www.facebook.com/reel/1796404704138729/,0,0,Reels,,,,,03/29/2023,0,,,,,,22,0,0,0,0,16.514,3.148
999317313157794,100064197037125,"PC Merchandise","Salamat sa tiwala boss KUYA RON! i3 10100F comshop package — 4 units delivered ✅",,53,"03/23/2023 15:01",uploaded,https://www.facebook.com/reel/1796404704138729/,0,0,Reels,,,,,03/30/2023,0,,,,,,30,0,0,0,0,14.952,2.346
999317313157794,100064197037125,"PC Merchandise","Salamat sa tiwala boss KUYA RON! i3 10100F comshop package — 4 units delivered ✅",,53,"03/23/2023 15:01",uploaded,https://www.facebook.com/reel/1796404704138729/,0,0,Reels,,,,,03/31/2023,0,,,,,,30,0,0,0,0,7.556,2.854
999235558877157,100064197037125,"PC Merchandise","Another comshop delivered! 8 units RYZEN 5 3400G para sa bagong negosyo ni JM 💪",,64,"03/22/2023 22:00",auto,https://www.facebook.com/reel/1054314896858322/,0,0,Reels,,,,,03/01/2023,0,,,,,,0,0,0,0,0,0.000,2.205
999235558877157,100064197037125,"PC Merchandise","Another comshop delivered! 8 units RYZEN 5 3400G para sa bagong negosyo ni JM 💪",,64,"03/22/2023 22:00",auto,https://www.facebook.com/reel/1054314896858322/,0,0,Reels,,,,,03/02/2023,0,,,,,,0,0,0,0,0,0.000,3.098
999235558877157,100064197037125,"PC Merchandise","Another comshop delivered! 8 units RYZEN 5 3400G para sa bagong negosyo ni JM 💪",,64,"03/22/2023 22:00",auto,https://www.facebook.com/reel/1054314896858322/,0,0,Reels,,,,,03/03/2023,0,,,,,,0,0,0,0,0,0.000,3.399
999235558877157,100064197037125,"PC Merchandise","Another comshop delivered! 8 units RYZEN 5 3400G para sa bagong negosyo ni JM 💪",,64,"03/22/2023 22:00",auto,https://www.facebook.com/reel/1054314896858322/,0,0,Reels,,,,,03/04/2023,0,,,,,,0,0,0,0,0,0.000,2.625
999235558877157,100064197037125,"PC Merchandise","Another comshop delivered! 8 units RYZEN 5 3400G para sa bagong negosyo ni JM 💪",,64,"03/22/2023 22:00",auto,https://www.facebook.com/reel/1054314896858322/,0,0,Reels,,,,,03/05/2023,0,,,,,,0,0,0,0,0,0.000,2.910
999235558877157,100064197037125,"PC Merchandise","Another comshop delivered! 8 units RYZEN 5 3400G para sa bagong negosyo ni JM 💪",,64,"03/22/2023 22:00",auto,https://www.facebook.com/reel/1054314896858322/,0,0,Reels,,,,,03/06/2023,0,,,,,,0,0,0,0,0,0.000,2.387
999235558877157,100064197037125,"PC Merchandise","Another comshop delivered! 8 units RYZEN 5 3400G para sa bagong negosyo ni JM 💪",,64,"03/22/2023 22:00",auto,https://www.facebook.com/reel/1054314896858322/,0,0,Reels,,,,,03/07/2023,0,,,,,,0,0,0,0,0,0.000,2.619
999235558877157,100064197037125,"PC Merchandise","Another comshop delivered! 8 units RYZEN 5 3400G para sa bagong negosyo ni JM 💪",,64,"03/22/2023 22:00",auto,https://www.facebook.com/reel/1054314896858322/,0,0,Reels,,,,,03/08/2023,0,,,,,,0,0,0,0,0,0.000,4.009
999235558877157,100064197037125,"PC Merchandise","Another comshop delivered! 8 units RYZEN 5 3400G para sa bagong negosyo ni JM 💪",,64,"03/22/2023 22:00",auto,https://www.facebook.com/reel/1054314896858322/,0,0,Reels,,,,,03/09/2023,0,,,,,,0,0,0,0,0,0.000,2.202
999235558877157,100064197037125,"PC Merchandise","Another comshop delivered! 8 units RYZEN 5 3400G para sa bagong negosyo ni JM 💪",,64,"03/22/2023 22:00",auto,https://www.facebook.com/reel/1054314896858322/,0,0,Reels,,,,,03/10/2023,0,,,,,,0,0,0,0,0,0.000,3.248
999235558877157,100064197037125,"PC Merchandise","Another comshop delivered! 8 units RYZEN 5 3400G para sa bagong negosyo ni JM 💪",,64,"03/22/2023 22:00",auto,https://www.facebook.com/reel/1054314896858322/,0,0,Reels,,,,,03/11/2023,0,,,,,,0,0,0,0,0,0.000,3.771
999235558877157,100064197037125,"PC Merchandise","Another comshop delivered! 8 units RYZEN 5 3400G para sa bagong negosyo ni JM 💪",,64,"03/22/2023 22:00",auto,https://www.facebook.com/reel/1054314896858322/,0,0,Reels,,,,,03/12/2023,0,,,,,,0,0,0,0,0,0.000,2.255
999235558877157,100064197037125,"PC Merchandise","Another comshop delivered! 8 units RYZEN 5 3400G para sa bagong negosyo ni JM 💪",,64,"03/22/2023 22:00",auto,https://www.facebook.com/reel/1054314896858322/,0,0,Reels,,,,,03/13/2023,0,,,,,,0,0,0,0,0,0.000,1.878
999235558877157,100064197037125,"PC Merchandise","Another comshop delivered! 8 units RYZEN 5 3400G para sa bagong negosyo ni JM 💪",,64,"03/22/2023 22:00",auto,https://www.facebook.com/reel/1054314896858322/,0,0,Reels,,,,,03/14/2023,0,,,,,,0,0,0,0,0,0.000,4.712
999235558877157,100064197037125,"PC Merchandise","Another comshop delivered! 8 units RYZEN 5 3400G para sa bagong negosyo ni JM 💪",,64,"03/22/2023 22:00",auto,https://www.facebook.com/reel/1054314896858322/,0,0,Reels,,,,,03/15/2023,0,,,,,,0,0,0,0,0,0.000,3.936
999235558877157,100064197037125,"PC Merchandise","Another comshop delivered! 8 units RYZEN 5 3400G para sa bagong negosyo ni JM 💪",,64,"03/22/2023 22:00",auto,https://www.facebook.com/reel/1054314896858322/,0,0,Reels,,,,,03/16/2023,0,,,,,,0,0,0,0,0,0.000,4.213
999235558877157,100064197037125,"PC Merchandise","Another comshop delivered! 8 units RYZEN 5 3400G para sa bagong negosyo ni JM 💪",,64,"03/22/2023 22:00",auto,https://www.facebook.com/reel/1054314896858322/,0,0,Reels,,,,,03/17/2023,0,,,,,,0,0,0,0,0,0.000,1.835
999235558877157,100064197037125,"PC Merchandise","Another comshop delivered! 8 units RYZEN 5 3400G para sa bagong negosyo ni JM 💪",,64,"03/22/2023 22:00",auto,https://www.facebook.com/reel/1054314896858322/,0,0,Reels,,,,,03/18/2023,0,,,,,,0,0,0,0,0,0.000,4.522
999235558877157,100064197037125,"PC Merchandise","Another comshop delivered! 8 units RYZEN 5 3400G para sa bagong negosyo ni JM 💪",,64,"03/22/2023 22:00",auto,https://www.facebook.com/reel/1054314896858322/,0,0,Reels,,,,,03/19/2023,0,,,,,,0,0,0,0,0,0.000,3.566
999235558877157,100064197037125,"PC Merchandise","Another comshop delivered! 8 units RYZEN 5 3400G para sa bagong negosyo ni JM 💪",,64,"03/22/2023 22:00",auto,https://www.facebook.com/reel/1054314896858322/,0,0,Reels,,,,,03/20/2023,0,,,,,,0,0,0,0,0,0.000,3.976
999235558877157,100064197037125,"PC Merchandise","Another comshop delivered! 8 units RYZEN 5 3400G para sa bagong negosyo ni JM 💪",,64,"03/22/2023 22:00",auto,https://www.facebook.com/reel/1054314896858322/,0,0,Reels,,,,,03/21/2023,0,,,,,,0,0,0,0,0,0.000,4.217
999235558877157,100064197037125,"PC Merchandise","Another comshop delivered! 8 units RYZEN 5 3400G para sa bagong negosyo ni JM 💪",,64,"03/22/2023 22:00",auto,https://www.facebook.com/reel/1054314896858322/,0,0,Reels,,,,,03/22/2023,0,,,,,,0,0,0,0,0,265.832,1.704
999235558877157,100064197037125,"PC Merchandise","Another comshop delivered! 8 units RYZEN 5 3400G para sa bagong negosyo ni JM 💪",,64,"03/22/2023 22:00",auto,https://www.facebook.com/reel/1054314896858322/,0,0,Reels,,,,,03/23/2023,0,,,,,,0,0,0,0,0,254.928,4.067
999235558877157,100064197037125,"PC Merchandise","Another comshop delivered! 8 units RYZEN 5 3400G para sa bagong negosyo ni JM 💪",,64,"03/22/2023 22:00",auto,https://www.facebook.com/reel/1054314896858322/,0,0,Reels,,,,,03/24/2023,0,,,,,,0,0,0,0,0,164.607,3.995
999235558877157,100064197037125,"PC Merchandise","Another comshop delivered! 8 units RYZEN 5 3400G para sa bagong negosyo ni JM 💪",,64,"03/22/2023 22:00",auto,https://www.facebook.com/reel/1054314896858322/,0,0,Reels,,,,,03/25/2023,0,,,,,,0,0,0,0,0,94.652,5.051
999235558877157,100064197037125,"PC Merchandise","Another comshop delivered! 8 units RYZEN 5 3400G para sa bagong negosyo ni JM 💪",,64,"03/22/2023 22:00",auto,https://www.facebook.com/reel/1054314896858322/,0,0,Reels,,,,,03/26/2023,0,,,,,,0,0,0,0,0,88.204,4.253
999235558877157,100064197037125,"PC Merchandise","Another comshop delivered! 8 units RYZEN 5 3400G para sa bagong negosyo ni JM 💪",,64,"03/22/2023 22:00",auto,https://www.facebook.com/reel/1054314896858322/,0,0,Reels,,,,,03/27/2023,0,,,,,,0,0,0,0,0,100.364,4.275
999235558877157,100064197037125,"PC Merchandise","Another comshop delivered! 8 units RYZEN 5 3400G para sa bagong negosyo ni JM 💪",,64,"03/22/2023 22:00",auto,https://www.facebook.com/reel/1054314896858322/,0,0,Reels,,,,,03/28/2023,0,,,,,,0,0,0,0,0,32.094,1.695
999235558877157,100064197037125,"PC Merchandise","Another comshop delivered! 8 units RYZEN 5 3400G para sa bagong negosyo ni JM 💪",,64,"03/22/2023 22:00",auto,https://www.facebook.com/reel/1054314896858322/,0,0,Reels,,,,,03/29/2023,0,,,,,,0,0,0,0,0,66.063,2.399
999235558877157,100064197037125,"PC Merchandise","Another comshop delivered! 8 units RYZEN 5 3400G para sa bagong negosyo ni JM 💪",,64,"03/22/2023 22:00",auto,https://www.facebook.com/reel/1054314896858322/,0,0,Reels,,,,,03/30/2023,0,,,,,,0,0,0,0,0,26.438,4.237
999235558877157,100064197037125,"PC Merchandise","Another comshop delivered! 8 units RYZEN 5 3400G para sa bagong negosyo ni JM 💪",,64,"03/22/2023 22:00",auto,https://www.facebook.com/reel/1054314896858322/,0,0,Reels,,,,,03/31/2023,0,,,,,,0,0,0,0,0,27.783,2.984
999238894350938,100064197037125,"PC Merchandise","Paano kung sabihin ko sayo na kaya mo na mag GTX 1660S build under budget? 👀",,61,"03/22/2023 19:47",uploaded,https://www.facebook.com/reel/1010186385158644/,0,0,Reels,,,,,03/01/2023,0,,,,,,0,0,0,0,0,0.000,3.845
999238894350938,100064197037125,"PC Merchandise","Paano kung sabihin ko sayo na kaya mo na mag GTX 1660S build under budget? 👀",,61,"03/22/2023 19:47",uploaded,https://www.facebook.com/reel/1010186385158644/,0,0,Reels,,,,,03/02/2023,0,,,,,,0,0,0,0,0,0.000,4.391
999238894350938,100064197037125,"PC Merchandise","Paano kung sabihin ko sayo na kaya mo na mag GTX 1660S build under budget? 👀",,61,"03/22/2023 19:47",uploaded,https://www.facebook.com/reel/1010186385158644/,0,0,Reels,,,,,03/03/2023,0,,,,,,0,0,0,0,0,0.000,5.520
999238894350938,100064197037125,"PC Merchandise","Paano kung sabihin ko sayo na kaya mo na mag GTX 1660S build under budget? 👀",,61,"03/22/2023 19:47",uploaded,https://www.facebook.com/reel/1010186385158644/,0,0,Reels,,,,,03/04/2023,0,,,,,,0,0,0,0,0,0.000,4.444
999238894350938,100064197037125,"PC Merchandise","Paano kung sabihin ko sayo na kaya mo na mag GTX 1660S build under budget? 👀",,61,"03/22/2023 19:47",uploaded,https://www.facebook.com/reel/1010186385158644/,0,0,Reels,,,,,03/05/2023,0,,,,,,0,0,0,0,0,0.000,5.944
999238894350938,100064197037125,"PC Merchandise","Paano kung sabihin ko sayo na kaya mo na mag GTX 1660S build under budget? 👀",,61,"03/22/2023 19:47",uploaded,https://www.facebook.com/reel/1010186385158644/,0,0,Reels,,,,,03/06/2023,0,,,,,,0,0,0,0,0,0.000,5.314
999238894350938,100064197037125,"PC Merchandise","Paano kung sabihin ko sayo na kaya mo na mag GTX 1660S build under budget? 👀",,61,"03/22/2023 19:47",uploaded,https://www.facebook.com/reel/1010186385158644/,0,0,Reels,,,,,03/07/2023,0,,,,,,0,0,0,0,0,0.000,3.820
999238894350938,100064197037125,"PC Merchandise","Paano kung sabihin ko sayo na kaya mo na mag GTX 1660S build under budget? 👀",,61,"03/22/2023 19:47",uploaded,https://www.facebook.com/reel/1010186385158644/,0,0,Reels,,,,,03/08/2023,0,,,,,,0,0,0,0,0,0.000,5.171
999238894350938,100064197037125,"PC Merchandise","Paano kung sabihin ko sayo na kaya mo na mag GTX 1660S build under budget? 👀",,61,"03/22/2023 19:47",uploaded,https://www.facebook.com/reel/1010186385158644/,0,0,Reels,,,,,03/09/2023,0,,,,,,0,0,0,0,0,0.000,5.459
999238894350938,100064197037125,"PC Merchandise","Paano kung sabihin ko sayo na kaya mo na mag GTX 1660S build under budget? 👀",,61,"03/22/2023 19:47",uploaded,https://www.facebook.com/reel/1010186385158644/,0,0,Reels,,,,,03/10/2023,0,,,,,,0,0,0,0,0,0.000,5.454
999238894350938,100064197037125,"PC Merchandise","Paano kung sabihin ko sayo na kaya mo na mag GTX 1660S build under budget? 👀",,61,"03/22/2023 19:47",uploaded,https://www.facebook.com/reel/1010186385158644/,0,0,Reels,,,,,03/11/2023,0,,,,,,0,0,0,0,0,0.000,4.049
999238894350938,100064197037125,"PC Merchandise","Paano kung sabihin ko sayo na kaya mo na mag GTX 1660S build under budget? 👀",,61,"03/22/2023 19:47",uploaded,https://www.facebook.com/reel/1010186385158644/,0,0,Reels,,,,,03/12/2023,0,,,,,,0,0,0,0,0,0.000,3.709
999238894350938,100064197037125,"PC Merchandise","Paano kung sabihin ko sayo na kaya mo na mag GTX 1660S build under budget? 👀",,61,"03/22/2023 19:47",uploaded,https://www.facebook.com/reel/1010186385158644/,0,0,Reels,,,,,03/13/2023,0,,,,,,0,0,0,0,0,0.000,5.039
999238894350938,100064197037125,"PC Merchandise","Paano kung sabihin ko sayo na kaya mo na mag GTX 1660S build under budget? 👀",,61,"03/22/2023 19:47",uploaded,https://www.facebook.com/reel/1010186385158644/,0,0,Reels,,,,,03/14/2023,0,,,,,,0,0,0,0,0,0.000,4.392
999238894350938,100064197037125,"PC Merchandise","Paano kung sabihin ko sayo na kaya mo na mag GTX 1660S build under budget? 👀",,61,"03/22/2023 19:47",uploaded,https://www.facebook.com/reel/1010186385158644/,0,0,Reels,,,,,03/15/2023,0,,,,,,0,0,0,0,0,0.000,4.009
999238894350938,100064197037125,"PC Merchandise","Paano kung sabihin ko sayo na kaya mo na mag GTX 1660S build under budget? 👀",,61,"03/22/2023 19:47",uploaded,https://www.facebook.com/reel/1010186385158644/,0,0,Reels,,,,,03/16/2023,0,,,,,,0,0,0,0,0,0.000,3.493
999238894350938,100064197037125,"PC Merchandise","Paano kung sabihin ko sayo na kaya mo na mag GTX 1660S build under budget? 👀",,61,"03/22/2023 19:47",uploaded,https://www.facebook.com/reel/1010186385158644/,0,0,Reels,,,,,03/17/2023,0,,,,,,0,0,0,0,0,0.000,5.459
999238894350938,100064197037125,"PC Merchandise","Paano kung sabihin ko sayo na kaya mo na mag GTX 1660S build under budget? 👀",,61,"03/22/2023 19:47",uploaded,https://www.facebook.com/reel/1010186385158644/,0,0,Reels,,,,,03/18/2023,0,,,,,,0,0,0,0,0,0.000,4.319
999238894350938,100064197037125,"PC Merchandise","Paano kung sabihin ko sayo na kaya mo na mag GTX 1660S build under budget? 👀",,61,"03/22/2023 19:47",uploaded,https://www.facebook.com/reel/1010186385158644/,0,0,Reels,,,,,03/19/2023,0,,,,,,0,0,0,0,0,0.000,3.296
999238894350938,100064197037125,"PC Merchandise","Paano kung sabihin ko sayo na kaya mo na mag GTX 1660S build under budget? 👀",,61,"03/22/2023 19:47",uploaded,https://www.facebook.com/reel/1010186385158644/,0,0,Reels,,,,,03/20/2023,0,,,,,,0,0,0,0,0,0.000,5.435
999238894350938,100064197037125,"PC Merchandise","Paano kung sabihin ko sayo na kaya mo na mag GTX 1660S build under budget? 👀",,61,"03/22/2023 19:47",uploaded,https://www.facebook.com/reel/1010186385158644/,0,0,Reels,,,,,03/21/2023,0,,,,,,0,0,0,0,0,0.000,5.167
999238894350938,100064197037125,"PC Merchandise","Paano kung sabihin ko sayo na kaya mo na mag GTX 1660S build under budget? 👀",,61,"03/22/2023 19:47",uploaded,https://www.facebook.com/reel/1010186385158644/,0,0,Reels,,,,,03/22/2023,0,,,,,,208,0,1,0,1,2271.358,5.342
999238894350938,100064197037125,"PC Merchandise","Paano kung sabihin ko sayo na kaya mo na mag GTX 1660S build under budget? 👀",,61,"03/22/2023 19:47",uploaded,https://www.facebook.com/reel/1010186385158644/,0,0,Reels,,,,,03/23/2023,0,,,,,,186,0,2,1,1,2069.535,5.152
999238894350938,100064197037125,"PC Merchandise","Paano kung sabihin ko sayo na kaya mo na mag GTX 1660S build under budget? 👀",,61,"03/22/2023 19:47",uploaded,https://www.facebook.com/reel/1010186385158644/,0,0,Reels,,,,,03/24/2023,0,,,,,,198,0,0,0,0,2103.781,5.315
999238894350938,100064197037125,"PC Merchandise","Paano kung sabihin ko sayo na kaya mo na mag GTX 1660S build under budget? 👀",,61,"03/22/2023 19:47",uploaded,https://www.facebook.com/reel/1010186385158644/,0,0,Reels,,,,,03/25/2023,0,,,,,,210,0,0,0,0,753.276,4.886
999238894350938,100064197037125,"PC Merchandise","Paano kung sabihin ko sayo na kaya mo na mag GTX 1660S build under budget? 👀",,61,"03/22/2023 19:47",uploaded,https://www.facebook.com/reel/1010186385158644/,0,0,Reels,,,,,03/26/2023,0,,,,,,191,0,0,0,0,963.303,5.038
999238894350938,100064197037125,"PC Merchandise","Paano kung sabihin ko sayo na kaya mo na mag GTX 1660S build under budget? 👀",,61,"03/22/2023 19:47",uploaded,https://www.facebook.com/reel/1010186385158644/,0,0,Reels,,,,,03/27/2023,0,,,,,,0,0,0,0,0,1267.341,4.831
999238894350938,100064197037125,"PC Merchandise","Paano kung sabihin ko sayo na kaya mo na mag GTX 1660S build under budget? 👀",,61,"03/22/2023 19:47",uploaded,https://www.facebook.com/reel/1010186385158644/,0,0,Reels,,,,,03/28/2023,0,,,,,,0,0,1,1,0,699.186,4.283
999238894350938,100064197037125,"PC Merchandise","Paano kung sabihin ko sayo na kaya mo na mag GTX 1660S build under budget? 👀",,61,"03/22/2023 19:47",uploaded,https://www.facebook.com/reel/1010186385158644/,0,0,Reels,,,,,03/29/2023,0,,,,,,0,0,0,0,0,263.917,5.880
999238894350938,100064197037125,"PC Merchandise","Paano kung sabihin ko sayo na kaya mo na mag GTX 1660S build under budget? 👀",,61,"03/22/2023 19:47",uploaded,https://www.facebook.com/reel/1010186385158644/,0,0,Reels,,,,,03/30/2023,0,,,,,,0,0,0,0,0,307.847,6.299
999238894350938,100064197037125,"PC Merchandise","Paano kung sabihin ko sayo na kaya mo na mag GTX 1660S build under budget? 👀",,61,"03/22/2023 19:47",uploaded,https://www.facebook.com/reel/1010186385158644/,0,0,Reels,,,,,03/31/2023,0,,,,,,0,0,0,0,0,507.360,5.407
999301310652616,100064197037125,"PC Merchandise","BUDGET BUILD ALERT 🚨 RYZEN 5 3400G + RX 580 — perfect for online class and gaming!",,75,"03/21/2023 17:00",,https://www.facebook.com/reel/1716057868978099/,0,0,Reels,,,,,03/01/2023,0,,,,,,0,0,0,0,0,0.000,5.128
999301310652616,100064197037125,"PC Merchandise","BUDGET BUILD ALERT 🚨 RYZEN 5 3400G + RX 580 — perfect for online class and gaming!",,75,"03/21/2023 17:00",,https://www.facebook.com/reel/1716057868978099/,0,0,Reels,,,,,03/02/2023,0,,,,,,0,0,0,0,0,0.000,5.223
999301310652616,100064197037125,"PC Merchandise","BUDGET BUILD ALERT 🚨 RYZEN 5 3400G + RX 580 — perfect for online class and gaming!",,75,"03/21/2023 17:00",,https://www.facebook.com/reel/1716057868978099/,0,0,Reels,,,,,03/03/2023,0,,,,,,0,0,0,0,0,0.000,6.084
999301310652616,100064197037125,"PC Merchandise","BUDGET BUILD ALERT 🚨 RYZEN 5 3400G + RX 580 — perfect for online class and gaming!",,75,"03/21/2023 17:00",,https://www.facebook.com/reel/1716057868978099/,0,0,Reels,,,,,03/04/2023,0,,,,,,0,0,0,0,0,0.000,3.743
999301310652616,100064197037125,"PC Merchandise","BUDGET BUILD ALERT 🚨 RYZEN 5 3400G + RX 580 — perfect for online class and gaming!",,75,"03/21/2023 17:00",,https://www.facebook.com/reel/1716057868978099/,0,0,Reels,,,,,03/05/2023,0,,,,,,0,0,0,0,0,0.000,3.740
999301310652616,100064197037125,"PC Merchandise","BUDGET BUILD ALERT 🚨 RYZEN 5 3400G + RX 580 — perfect for online class and gaming!",,75,"03/21/2023 17:00",,https://www.facebook.com/reel/1716057868978099/,0,0,Reels,,,,,03/06/2023,0,,,,,,0,0,0,0,0,0.000,4.422
999301310652616,100064197037125,"PC Merchandise","BUDGET BUILD ALERT 🚨 RYZEN 5 3400G + RX 580 — perfect for online class and gaming!",,75,"03/21/2023 17:00",,https://www.facebook.com/reel/1716057868978099/,0,0,Reels,,,,,03/07/2023,0,,,,,,0,0,0,0,0,0.000,5.418
999301310652616,100064197037125,"PC Merchandise","BUDGET BUILD ALERT 🚨 RYZEN 5 3400G + RX 580 — perfect for online class and gaming!",,75,"03/21/2023 17:00",,https://www.facebook.com/reel/1716057868978099/,0,0,Reels,,,,,03/08/2023,0,,,,,,0,0,0,0,0,0.000,3.815
999301310652616,100064197037125,"PC Merchandise","BUDGET BUILD ALERT 🚨 RYZEN 5 3400G + RX 580 — perfect for online class and gaming!",,75,"03/21/2023 17:00",,https://www.facebook.com/reel/1716057868978099/,0,0,Reels,,,,,03/09/2023,0,,,,,,0,0,0,0,0,0.000,4.253
999301310652616,100064197037125,"PC Merchandise","BUDGET BUILD ALERT 🚨 RYZEN 5 3400G + RX 580 — perfect for online class and gaming!",,75,"03/21/2023 17:00",,https://www.facebook.com/reel/1716057868978099/,0,0,Reels,,,,,03/10/2023,0,,,,,,0,0,0,0,0,0.000,5.913
999301310652616,100064197037125,"PC Merchandise","BUDGET BUILD ALERT 🚨 RYZEN 5 3400G + RX 580 — perfect for online class and gaming!",,75,"03/21/2023 17:00",,https://www.facebook.com/reel/1716057868978099/,0,0,Reels,,,,,03/11/2023,0,,,,,,0,0,0,0,0,0.000,3.727
999301310652616,100064197037125,"PC Merchandise","BUDGET BUILD ALERT 🚨 RYZEN 5 3400G + RX 580 — perfect for online class and gaming!",,75,"03/21/2023 17:00",,https://www.facebook.com/reel/1716057868978099/,0,0,Reels,,,,,03/12/2023,0,,,,,,0,0,0,0,0,0.000,3.115
999301310652616,100064197037125,"PC Merchandise","BUDGET BUILD ALERT 🚨 RYZEN 5 3400G + RX 580 — perfect for online class and gaming!",,75,"03/21/2023 17:00",,https://www.facebook.com/reel/1716057868978099/,0,0,Reels,,,,,03/13/2023,0,,,,,,0,0,0,0,0,0.000,5.183
999301310652616,100064197037125,"PC Merchandise","BUDGET BUILD ALERT 🚨 RYZEN 5 3400G + RX 580 — perfect for online class and gaming!",,75,"03/21/2023 17:00",,https://www.facebook.com/reel/1716057868978099/,0,0,Reels,,,,,03/14/2023,0,,,,,,0,0,0,0,0,0.000,4.855
999301310652616,100064197037125,"PC Merchandise","BUDGET BUILD ALERT 🚨 RYZEN 5 3400G + RX 580 — perfect for online class and gaming!",,75,"03/21/2023 17:00",,https://www.facebook.com/reel/1716057868978099/,0,0,Reels,,,,,03/15/2023,0,,,,,,0,0,0,0,0,0.000,4.062
999301310652616,100064197037125,"PC Merchandise","BUDGET BUILD ALERT 🚨 RYZEN 5 3400G + RX 580 — perfect for online class and gaming!",,75,"03/21/2023 17:00",,https://www.facebook.com/reel/1716057868978099/,0,0,Reels,,,,,03/16/2023,0,,,,,,0,0,0,0,0,0.000,4.910
999301310652616,100064197037125,"PC Merchandise","BUDGET BUILD ALERT 🚨 RYZEN 5 3400G + RX 580 — perfect for online class and gaming!",,75,"03/21/2023 17:00",,https://www.facebook.com/reel/1716057868978099/,0,0,Reels,,,,,03/17/2023,0,,,,,,0,0,0,0,0,0.000,3.717
999301310652616,100064197037125,"PC Merchandise","BUDGET BUILD ALERT 🚨 RYZEN 5 3400G + RX 580 — perfect for online class and gaming!",,75,"03/21/2023 17:00",,https://www.facebook.com/reel/1716057868978099/,0,0,Reels,,,,,03/18/2023,0,,,,,,0,0,0,0,0,0.000,4.769
999301310652616,100064197037125,"PC Merchandise","BUDGET BUILD ALERT 🚨 RYZEN 5 3400G + RX 580 — perfect for online class and gaming!",,75,"03/21/2023 17:00",,https://www.facebook.com/reel/1716057868978099/,0,0,Reels,,,,,03/19/2023,0,,,,,,0,0,0,0,0,0.000,5.304
999301310652616,100064197037125,"PC Merchandise","BUDGET BUILD ALERT 🚨 RYZEN 5 3400G + RX 580 — perfect for online class and gaming!",,75,"03/21/2023 17:00",,https://www.facebook.com/reel/1716057868978099/,0,0,Reels,,,,,03/20/2023,0,,,,,,0,0,0,0,0,0.000,5.218
999301310652616,100064197037125,"PC Merchandise","BUDGET BUILD ALERT 🚨 RYZEN 5 3400G + RX 580 — perfect for online class and gaming!",,75,"03/21/2023 17:00",,https://www.facebook.com/reel/1716057868978099/,0,0,Reels,,,,,03/21/2023,0,,,,,,22,0,0,0,0,93.722,5.398
999301310652616,100064197037125,"PC Merchandise","BUDGET BUILD ALERT 🚨 RYZEN 5 3400G + RX 580 — perfect for online class and gaming!",,75,"03/21/2023 17:00",,https://www.facebook.com/reel/1716057868978099/,0,0,Reels,,,,,03/22/2023,0,,,,,,31,0,0,0,0,62.566,4.795
999301310652616,100064197037125,"PC Merchandise","BUDGET BUILD ALERT 🚨 RYZEN 5 3400G + RX 580 — perfect for online class and gaming!",,75,"03/21/2023 17:00",,https://www.facebook.com/reel/1716057868978099/,0,0,Reels,,,,,03/23/2023,0,,,,,,36,0,0,0,0,46.223,4.308
999301310652616,100064197037125,"PC Merchandise","BUDGET BUILD ALERT 🚨 RYZEN 5 3400G + RX 580 — perfect for online class and gaming!",,75,"03/21/2023 17:00",,https://www.facebook.com/reel/1716057868978099/,0,0,Reels,,,,,03/24/2023,0,,,,,,39,0,0,0,0,33.383,3.967
999301310652616,100064197037125,"PC Merchandise","BUDGET BUILD ALERT 🚨 RYZEN 5 3400G + RX 580 — perfect for online class and gaming!",,75,"03/21/2023 17:00",,https://www.facebook.com/reel/1716057868978099/,0,0,Reels,,,,,03/25/2023,0,,,,,,35,0,0,0,0,39.963,5.551
999301310652616,100064197037125,"PC Merchandise","BUDGET BUILD ALERT 🚨 RYZEN 5 3400G + RX 580 — perfect for online class and gaming!",,75,"03/21/2023 17:00",,https://www.facebook.com/reel/1716057868978099/,0,0,Reels,,,,,03/26/2023,0,,,,,,38,0,0,0,0,25.733,4.730
999301310652616,100064197037125,"PC Merchandise","BUDGET BUILD ALERT 🚨 RYZEN 5 3400G + RX 580 — perfect for online class and gaming!",,75,"03/21/2023 17:00",,https://www.facebook.com/reel/1716057868978099/,0,0,Reels,,,,,03/27/2023,0,,,,,,35,0,0,0,0,8.821,4.736
999301310652616,100064197037125,"PC Merchandise","BUDGET BUILD ALERT 🚨 RYZEN 5 3400G + RX 580 — perfect for online class and gaming!",,75,"03/21/2023 17:00",,https://www.facebook.com/reel/1716057868978099/,0,0,Reels,,,,,03/28/2023,0,,,,,,31,0,0,0,0,13.360,4.455
999301310652616,100064197037125,"PC Merchandise","BUDGET BUILD ALERT 🚨 RYZEN 5 3400G + RX 580 — perfect for online class and gaming!",,75,"03/21/2023 17:00",,https://www.facebook.com/reel/1716057868978099/,0,0,Reels,,,,,03/29/2023,0,,,,,,36,0,0,0,0,10.994,3.803
999301310652616,100064197037125,"PC Merchandise","BUDGET BUILD ALERT 🚨 RYZEN 5 3400G + RX 580 — perfect for online class and gaming!",,75,"03/21/2023 17:00",,https://www.facebook.com/reel/1716057868978099/,0,0,Reels,,,,,03/30/2023,0,,,,,,38,0,0,0,0,7.469,4.778
999301310652616,100064197037125,"PC Merchandise","BUDGET BUILD ALERT 🚨 RYZEN 5 3400G + RX 580 — perfect for online class and gaming!",,75,"03/21/2023 17:00",,https://www.facebook.com/reel/1716057868978099/,0,0,Reels,,,,,03/31/2023,0,,,,,,0,0,0,0,0,7.019,7.051
999808927350628,100064197037125,"PC Merchandise","𝐑𝐘𝐙𝐄𝐍 𝟓 𝟐𝟔𝟎𝟎 w/ 𝐆𝐓𝐗 𝟏𝟔𝟔𝟎𝐒
𝐆𝐀𝐌𝐈𝐍𝐆 𝐁𝐔𝐈𝐋𝐃
#PCMERCHANDISE #PCMBUILDS",,0,"03/20/2023 22:00",,https://www.facebook.com/pcmerchandise.co/posts/pfbid0OyS3YG1aso2vkbjZHwqtMET2Jupw7sia21cehLbMMyeXejlfQk8ejExq,0,0,Photos,,,,,03/31/2023,3,,,,,,,,,,,,
999808927350628,100064197037125,"PC Merchandise","𝐑𝐘𝐙𝐄𝐍 𝟓 𝟐𝟔𝟎𝟎 w/ 𝐆𝐓𝐗 𝟏𝟔𝟔𝟎𝐒
𝐆𝐀𝐌𝐈𝐍𝐆 𝐁𝐔𝐈𝐋𝐃
#PCMERCHANDISE #PCMBUILDS",,0,"03/20/2023 22:00",,https://www.facebook.com/pcmerchandise.co/posts/pfbid0OyS3YG1aso2vkbjZHwqtMET2Jupw7sia21cehLbMMyeXejlfQk8ejExq,0,0,Photos,,,,,03/01/2023,,,0,0,0,0,0,0,,,,,
999808927350628,100064197037125,"PC Merchandise","𝐑𝐘𝐙𝐄𝐍 𝟓 𝟐𝟔𝟎𝟎 w/ 𝐆𝐓𝐗 𝟏𝟔𝟔𝟎𝐒
𝐆𝐀𝐌𝐈𝐍𝐆 𝐁𝐔𝐈𝐋𝐃
#PCMERCHANDISE #PCMBUILDS",,0,"03/20/2023 22:00",,https://www.facebook.com/pcmerchandise.co/posts/pfbid0OyS3YG1aso2vkbjZHwqtMET2Jupw7sia21cehLbMMyeXejlfQk8ejExq,0,0,Photos,,,,,03/02/2023,,,0,0,0,0,0,0,,,,,
999808927350628,100064197037125,"PC Merchandise","𝐑𝐘𝐙𝐄𝐍 𝟓 𝟐𝟔𝟎𝟎 w/ 𝐆𝐓𝐗 𝟏𝟔𝟔𝟎𝐒
𝐆𝐀𝐌𝐈𝐍𝐆 𝐁𝐔𝐈𝐋𝐃
#PCMERCHANDISE #PCMBUILDS",,0,"03/20/2023 22:00",,https://www.facebook.com/pcmerchandise.co/posts/pfbid0OyS3YG1aso2vkbjZHwqtMET2Jupw7sia21cehLbMMyeXejlfQk8ejExq,0,0,Photos,,,,,03/03/2023,,,0,0,0,0,0,0,,,,,
999808927350628,100064197037125,"PC Merchandise","𝐑𝐘𝐙𝐄𝐍 𝟓 𝟐𝟔𝟎𝟎 w/ 𝐆𝐓𝐗 𝟏𝟔𝟔𝟎𝐒
𝐆𝐀𝐌𝐈𝐍𝐆 𝐁𝐔𝐈𝐋𝐃
#PCMERCHANDISE #PCMBUILDS",,0,"03/20/2023 22:00",,https://www.facebook.com/pcmerchandise.co/posts/pfbid0OyS3YG1aso2vkbjZHwqtMET2Jupw7sia21cehLbMMyeXejlfQk8ejExq,0,0,Photos,,,,,03/04/2023,,,0,0,0,0,0,0,,,,,
999808927350628,100064197037125,"PC Merchandise","𝐑𝐘𝐙𝐄𝐍 𝟓 𝟐𝟔𝟎𝟎 w/ 𝐆𝐓𝐗 𝟏𝟔𝟔𝟎𝐒
𝐆𝐀𝐌𝐈𝐍𝐆 𝐁𝐔𝐈𝐋𝐃
#PCMERCHANDISE #PCMBUILDS",,0,"03/20/2023 22:00",,https://www.facebook.com/pcmerchandise.co/posts/pfbid0OyS3YG1aso2vkbjZHwqtMET2Jupw7sia21cehLbMMyeXejlfQk8ejExq,0,0,Photos,,,,,03/05/2023,,,0,0,0,0,0,0,,,,,
999808927350628,100064197037125,"PC Merchandise","𝐑𝐘𝐙𝐄𝐍 𝟓 𝟐𝟔𝟎𝟎 w/ 𝐆𝐓𝐗 𝟏𝟔𝟔𝟎𝐒
𝐆𝐀𝐌𝐈𝐍𝐆 𝐁𝐔𝐈𝐋𝐃
#PCMERCHANDISE #PCMBUILDS",,0,"03/20/2023 22:00",,https://www.facebook.com/pcmerchandise.co/posts/pfbid0OyS3YG1aso2vkbjZHwqtMET2Jupw7sia21cehLbMMyeXejlfQk8ejExq,0,0,Photos,,,,,03/06/2023,,,0,0,0,0,0,0,,,,,
999808927350628,100064197037125,"PC Merchandise","𝐑𝐘𝐙𝐄𝐍 𝟓 𝟐𝟔𝟎𝟎 w/ 𝐆𝐓𝐗 𝟏𝟔𝟔𝟎𝐒
𝐆𝐀𝐌𝐈𝐍𝐆 𝐁𝐔𝐈𝐋𝐃
#PCMERCHANDISE #PCMBUILDS",,0,"03/20/2023 22:00",,https://www.facebook.com/pcmerchandise.co/posts/pfbid0OyS3YG1aso2vkbjZHwqtMET2Jupw7sia21cehLbMMyeXejlfQk8ejExq,0,0,Photos,,,,,03/07/2023,,,0,0,0,0,0,0,,,,,
999808927350628,100064197037125,"PC Merchandise","𝐑𝐘𝐙𝐄𝐍 𝟓 𝟐𝟔𝟎𝟎 w/ 𝐆𝐓𝐗 𝟏𝟔𝟔𝟎𝐒
𝐆𝐀𝐌𝐈𝐍𝐆 𝐁𝐔𝐈𝐋𝐃
#PCMERCHANDISE #PCMBUILDS",,0,"03/20/2023 22:00",,https://www.facebook.com/pcmerchandise.co/posts/pfbid0OyS3YG1aso2vkbjZHwqtMET2Jupw7sia21cehLbMMyeXejlfQk8ejExq,0,0,Photos,,,,,03/08/2023,,,0,0,0,0,0,0,,,,,
999808927350628,100064197037125,"PC Merchandise","𝐑𝐘𝐙𝐄𝐍 𝟓 𝟐𝟔𝟎𝟎 w/ 𝐆𝐓𝐗 𝟏𝟔𝟔𝟎𝐒
𝐆𝐀𝐌𝐈𝐍𝐆 𝐁𝐔𝐈𝐋𝐃
#PCMERCHANDISE #PCMBUILDS",,0,"03/20/2023 22:00",,https://www.facebook.com/pcmerchandise.co/posts/pfbid0OyS3YG1aso2vkbjZHwqtMET2Jupw7sia21cehLbMMyeXejlfQk8ejExq,0,0,Photos,,,,,03/09/2023,,,0,0,0,0,0,0,,,,,
999808927350628,100064197037125,"PC Merchandise","𝐑𝐘𝐙𝐄𝐍 𝟓 𝟐𝟔𝟎𝟎 w/ 𝐆𝐓𝐗 𝟏𝟔𝟔𝟎𝐒
𝐆𝐀𝐌𝐈𝐍𝐆 𝐁𝐔𝐈𝐋𝐃
#PCMERCHANDISE #PCMBUILDS",,0,"03/20/2023 22:00",,https://www.facebook.com/pcmerchandise.co/posts/pfbid0OyS3YG1aso2vkbjZHwqtMET2Jupw7sia21cehLbMMyeXejlfQk8ejExq,0,0,Photos,,,,,03/10/2023,,,0,0,0,0,0,0,,,,,
999808927350628,100064197037125,"PC Merchandise","𝐑𝐘𝐙𝐄𝐍 𝟓 𝟐𝟔𝟎𝟎 w/ 𝐆𝐓𝐗 𝟏𝟔𝟔𝟎𝐒
𝐆𝐀𝐌𝐈𝐍𝐆 𝐁𝐔𝐈𝐋𝐃
#PCMERCHANDISE #PCMBUILDS",,0,"03/20/2023 22:00",,https://www.facebook.com/pcmerchandise.co/posts/pfbid0OyS3YG1aso2vkbjZHwqtMET2Jupw7sia21cehLbMMyeXejlfQk8ejExq,0,0,Photos,,,,,03/11/2023,,,0,0,0,0,0,0,,,,,
999808927350628,100064197037125,"PC Merchandise","𝐑𝐘𝐙𝐄𝐍 𝟓 𝟐𝟔𝟎𝟎 w/ 𝐆𝐓𝐗 𝟏𝟔𝟔𝟎𝐒
𝐆𝐀𝐌𝐈𝐍𝐆 𝐁𝐔𝐈𝐋𝐃
#PCMERCHANDISE #PCMBUILDS",,0,"03/20/2023 22:00",,https://www.facebook.com/pcmerchandise.co/posts/pfbid0OyS3YG1aso2vkbjZHwqtMET2Jupw7sia21cehLbMMyeXejlfQk8ejExq,0,0,Photos,,,,,03/12/2023,,,0,0,0,0,0,0,,,,,
999808927350628,100064197037125,"PC Merchandise","𝐑𝐘𝐙𝐄𝐍 𝟓 𝟐𝟔𝟎𝟎 w/ 𝐆𝐓𝐗 𝟏𝟔𝟔𝟎𝐒
𝐆𝐀𝐌𝐈𝐍𝐆 𝐁𝐔𝐈𝐋𝐃
#PCMERCHANDISE #PCMBUILDS",,0,"03/20/2023 22:00",,https://www.facebook.com/pcmerchandise.co/posts/pfbid0OyS3YG1aso2vkbjZHwqtMET2Jupw7sia21cehLbMMyeXejlfQk8ejExq,0,0,Photos,,,,,03/13/2023,,,0,0,0,0,0,0,,,,,
999808927350628,100064197037125,"PC Merchandise","𝐑𝐘𝐙𝐄𝐍 𝟓 𝟐𝟔𝟎𝟎 w/ 𝐆𝐓𝐗 𝟏𝟔𝟔𝟎𝐒
𝐆𝐀𝐌𝐈𝐍𝐆 𝐁𝐔𝐈𝐋𝐃
#PCMERCHANDISE #PCMBUILDS",,0,"03/20/2023 22:00",,https://www.facebook.com/pcmerchandise.co/posts/pfbid0OyS3YG1aso2vkbjZHwqtMET2Jupw7sia21cehLbMMyeXejlfQk8ejExq,0,0,Photos,,,,,03/14/2023,,,0,0,0,0,0,0,,,,,
999808927350628,100064197037125,"PC Merchandise","𝐑𝐘𝐙𝐄𝐍 𝟓 𝟐𝟔𝟎𝟎 w/ 𝐆𝐓𝐗 𝟏𝟔𝟔𝟎𝐒
𝐆𝐀𝐌𝐈𝐍𝐆 𝐁𝐔𝐈𝐋𝐃
#PCMERCHANDISE #PCMBUILDS",,0,"03/20/2023 22:00",,https://www.facebook.com/pcmerchandise.co/posts/pfbid0OyS3YG1aso2vkbjZHwqtMET2Jupw7sia21cehLbMMyeXejlfQk8ejExq,0,0,Photos,,,,,03/15/2023,,,0,0,0,0,0,0,,,,,
999808927350628,100064197037125,"PC Merchandise","𝐑𝐘𝐙𝐄𝐍 𝟓 𝟐𝟔𝟎𝟎 w/ 𝐆𝐓𝐗 𝟏𝟔𝟔𝟎𝐒
𝐆𝐀𝐌𝐈𝐍𝐆 𝐁𝐔𝐈𝐋𝐃
#PCMERCHANDISE #PCMBUILDS",,0,"03/20/2023 22:00",,https://www.facebook.com/pcmerchandise.co/posts/pfbid0OyS3YG1aso2vkbjZHwqtMET2Jupw7sia21cehLbMMyeXejlfQk8ejExq,0,0,Photos,,,,,03/16/2023,,,0,0,0,0,0,0,,,,,
999808927350628,100064197037125,"PC Merchandise","𝐑𝐘𝐙𝐄𝐍 𝟓 𝟐𝟔𝟎𝟎 w/ 𝐆𝐓𝐗 𝟏𝟔𝟔𝟎𝐒
𝐆𝐀𝐌𝐈𝐍𝐆 𝐁𝐔𝐈𝐋𝐃
#PCMERCHANDISE #PCMBUILDS",,0,"03/20/2023 22:00",,https://www.facebook.com/pcmerchandise.co/posts/pfbid0OyS3YG1aso2vkbjZHwqtMET2Jupw7sia21cehLbMMyeXejlfQk8ejExq,0,0,Photos,,,,,03/17/2023,,,0,0,0,0,0,0,,,,,
999808927350628,100064197037125,"PC Merchandise","𝐑𝐘𝐙𝐄𝐍 𝟓 𝟐𝟔𝟎𝟎 w/ 𝐆𝐓𝐗 𝟏𝟔𝟔𝟎𝐒
𝐆𝐀𝐌𝐈𝐍𝐆 𝐁𝐔𝐈𝐋𝐃
#PCMERCHANDISE #PCMBUILDS",,0,"03/20/2023 22:00",,https://www.facebook.com/pcmerchandise.co/posts/pfbid0OyS3YG1aso2vkbjZHwqtMET2Jupw7sia21cehLbMMyeXejlfQk8ejExq,0,0,Photos,,,,,03/18/2023,,,0,0,0,0,0,0,,,,,
999808927350628,100064197037125,"PC Merchandise","𝐑𝐘𝐙𝐄𝐍 𝟓 𝟐𝟔𝟎𝟎 w/ 𝐆𝐓𝐗 𝟏𝟔𝟔𝟎𝐒
𝐆𝐀𝐌𝐈𝐍𝐆 𝐁𝐔𝐈𝐋𝐃
#PCMERCHANDISE #PCMBUILDS",,0,"03/20/2023 22:00",,https://www.facebook.com/pcmerchandise.co/posts/pfbid0OyS3YG1aso2vkbjZHwqtMET2Jupw7sia21cehLbMMyeXejlfQk8ejExq,0,0,Photos,,,,,03/19/2023,,,0,0,0,0,0,0,,,,,
999808927350628,100064197037125,"PC Merchandise","𝐑𝐘𝐙𝐄𝐍 𝟓 𝟐𝟔𝟎𝟎 w/ 𝐆𝐓𝐗 𝟏𝟔𝟔𝟎𝐒
𝐆𝐀𝐌𝐈𝐍𝐆 𝐁𝐔𝐈𝐋𝐃
#PCMERCHANDISE #PCMBUILDS",,0,"03/20/2023 22:00",,https://www.facebook.com/pcmerchandise.co/posts/pfbid0OyS3YG1aso2vkbjZHwqtMET2Jupw7sia21cehLbMMyeXejlfQk8ejExq,0,0,Photos,,,,,03/20/2023,,,0,0,0,0,0,0,,,,,
999808927350628,100064197037125,"PC Merchandise","𝐑𝐘𝐙𝐄𝐍 𝟓 𝟐𝟔𝟎𝟎 w/ 𝐆𝐓𝐗 𝟏𝟔𝟔𝟎𝐒
𝐆𝐀𝐌𝐈𝐍𝐆 𝐁𝐔𝐈𝐋𝐃
#PCMERCHANDISE #PCMBUILDS",,0,"03/20/2023 22:00",,https://www.facebook.com/pcmerchandise.co/posts/pfbid0OyS3YG1aso2vkbjZHwqtMET2Jupw7sia21cehLbMMyeXejlfQk8ejExq,0,0,Photos,,,,,03/21/2023,,,0,0,0,0,0,0,,,,,
999808927350628,100064197037125,"PC Merchandise","𝐑𝐘𝐙𝐄𝐍 𝟓 𝟐𝟔𝟎𝟎 w/ 𝐆𝐓𝐗 𝟏𝟔𝟔𝟎𝐒
𝐆𝐀𝐌𝐈𝐍𝐆 𝐁𝐔𝐈𝐋𝐃
#PCMERCHANDISE #PCMBUILDS",,0,"03/20/2023 22:00",,https://www.facebook.com/pcmerchandise.co/posts/pfbid0OyS3YG1aso2vkbjZHwqtMET2Jupw7sia21cehLbMMyeXejlfQk8ejExq,0,0,Photos,,,,,03/22/2023,,,0,0,0,0,0,0,,,,,
999808927350628,100064197037125,"PC Merchandise","𝐑𝐘𝐙𝐄𝐍 𝟓 𝟐𝟔𝟎𝟎 w/ 𝐆𝐓𝐗 𝟏𝟔𝟔𝟎𝐒
𝐆𝐀𝐌𝐈𝐍𝐆 𝐁𝐔𝐈𝐋𝐃
#PCMERCHANDISE #PCMBUILDS",,0,"03/20/2023 22:00",,https://www.facebook.com/pcmerchandise.co/posts/pfbid0OyS3YG1aso2vkbjZHwqtMET2Jupw7sia21cehLbMMyeXejlfQk8ejExq,0,0,Photos,,,,,03/23/2023,,,0,0,0,0,0,0,,,,,
999808927350628,100064197037125,"PC Merchandise","𝐑𝐘𝐙𝐄𝐍 𝟓 𝟐𝟔𝟎𝟎 w/ 𝐆𝐓𝐗 𝟏𝟔𝟔𝟎𝐒
𝐆𝐀𝐌𝐈𝐍𝐆 𝐁𝐔𝐈𝐋𝐃
#PCMERCHANDISE #PCMBUILDS",,0,"03/20/2023 22:00",,https://www.facebook.com/pcmerchandise.co/posts/pfbid0OyS3YG1aso2vkbjZHwqtMET2Jupw7sia21cehLbMMyeXejlfQk8ejExq,0,0,Photos,,,,,03/24/2023,,,0,0,0,0,0,0,,,,,
999808927350628,100064197037125,"PC Merchandise","𝐑𝐘𝐙𝐄𝐍 𝟓 𝟐𝟔𝟎𝟎 w/ 𝐆𝐓𝐗 𝟏𝟔𝟔𝟎𝐒
𝐆𝐀𝐌𝐈𝐍𝐆 𝐁𝐔𝐈𝐋𝐃
#PCMERCHANDISE #PCMBUILDS",,0,"03/20/2023 22:00",,https://www.facebook.com/pcmerchandise.co/posts/pfbid0OyS3YG1aso2vkbjZHwqtMET2Jupw7sia21cehLbMMyeXejlfQk8ejExq,0,0,Photos,,,,,03/25/2023,,,0,0,0,0,0,0,,,,,
999808927350628,100064197037125,"PC Merchandise","𝐑𝐘𝐙𝐄𝐍 𝟓 𝟐𝟔𝟎𝟎 w/ 𝐆𝐓𝐗 𝟏𝟔𝟔𝟎𝐒
𝐆𝐀𝐌𝐈𝐍𝐆 𝐁𝐔𝐈𝐋𝐃
#PCMERCHANDISE #PCMBUILDS",,0,"03/20/2023 22:00",,https://www.facebook.com/pcmerchandise.co/posts/pfbid0OyS3YG1aso2vkbjZHwqtMET2Jupw7sia21cehLbMMyeXejlfQk8ejExq,0,0,Photos,,,,,03/26/2023,,,0,0,0,0,0,0,,,,,
999808927350628,100064197037125,"PC Merchandise","𝐑𝐘𝐙𝐄𝐍 𝟓 𝟐𝟔𝟎𝟎 w/ 𝐆𝐓𝐗 𝟏𝟔𝟔𝟎𝐒
𝐆𝐀𝐌𝐈𝐍𝐆 𝐁𝐔𝐈𝐋𝐃
#PCMERCHANDISE #PCMBUILDS",,0,"03/20/2023 22:00",,https://www.facebook.com/pcmerchandise.co/posts/pfbid0OyS3YG1aso2vkbjZHwqtMET2Jupw7sia21cehLbMMyeXejlfQk8ejExq,0,0,Photos,,,,,03/27/2023,,,0,0,0,0,0,0,,,,,
999808927350628,100064197037125,"PC Merchandise","𝐑𝐘𝐙𝐄𝐍 𝟓 𝟐𝟔𝟎𝟎 w/ 𝐆𝐓𝐗 𝟏𝟔𝟔𝟎𝐒
𝐆𝐀𝐌𝐈𝐍𝐆 𝐁𝐔𝐈𝐋𝐃
#PCMERCHANDISE #PCMBUILDS",,0,"03/20/2023 22:00",,https://www.facebook.com/pcmerchandise.co/posts/pfbid0OyS3YG1aso2vkbjZHwqtMET2Jupw7sia21cehLbMMyeXejlfQk8ejExq,0,0,Photos,,,,,03/28/2023,,,0,0,0,0,0,0,,,,,
999808927350628,100064197037125,"PC Merchandise","𝐑𝐘𝐙𝐄𝐍 𝟓 𝟐𝟔𝟎𝟎 w/ 𝐆𝐓𝐗 𝟏𝟔𝟔𝟎𝐒
𝐆𝐀𝐌𝐈𝐍𝐆 𝐁𝐔𝐈𝐋𝐃
#PCMERCHANDISE #PCMBUILDS",,0,"03/20/2023 22:00",,https://www.facebook.com/pcmerchandise.co/posts/pfbid0OyS3YG1aso2vkbjZHwqtMET2Jupw7sia21cehLbMMyeXejlfQk8ejExq,0,0,Photos,,,,,03/29/2023,,,0,0,0,0,0,0,,,,,
999808927350628,100064197037125,"PC Merchandise","𝐑𝐘𝐙𝐄𝐍 𝟓 𝟐𝟔𝟎𝟎 w/ 𝐆𝐓𝐗 𝟏𝟔𝟔𝟎𝐒
𝐆𝐀𝐌𝐈𝐍𝐆 𝐁𝐔𝐈𝐋𝐃
#PCMERCHANDISE #PCMBUILDS",,0,"03/20/2023 22:00",,https://www.facebook.com/pcmerchandise.co/posts/pfbid0OyS3YG1aso2vkbjZHwqtMET2Jupw7sia21cehLbMMyeXejlfQk8ejExq,0,0,Photos,,,,,03/30/2023,,,0,0,0,0,0,0,,,,,
999808927350628,100064197037125,"PC Merchandise","𝐑𝐘𝐙𝐄𝐍 𝟓 𝟐𝟔𝟎𝟎 w/ 𝐆𝐓𝐗 𝟏𝟔𝟔𝟎𝐒
𝐆𝐀𝐌𝐈𝐍𝐆 𝐁𝐔𝐈𝐋𝐃
#PCMERCHANDISE #PCMBUILDS",,0,"03/20/2023 22:00",,https://www.facebook.com/pcmerchandise.co/posts/pfbid0OyS3YG1aso2vkbjZHwqtMET2Jupw7sia21cehLbMMyeXejlfQk8ejExq,0,0,Photos,,,,,03/31/2023,,,0,0,0,0,0,0,,,,,
999182413512221,100064197037125,"PC Merchandise","客户 satisfied ✅ RYZEN 3 3200G build with RGB everything 🌈",,49,"03/20/2023 19:01",,https://www.facebook.com/reel/1925940451864598/,0,0,Reels,,,,,03/01/2023,0,,,,,,0,0,0,0,0,0.000,5.463
999182413512221,100064197037125,"PC Merchandise","客户 satisfied ✅ RYZEN 3 3200G build with RGB everything 🌈",,49,"03/20/2023 19:01",,https://www.facebook.com/reel/1925940451864598/,0,0,Reels,,,,,03/02/2023,0,,,,,,0,0,0,0,0,0.000,4.421
999182413512221,100064197037125,"PC Merchandise","客户 satisfied ✅ RYZEN 3 3200G build with RGB everything 🌈",,49,"03/20/2023 19:01",,https://www.facebook.com/reel/1925940451864598/,0,0,Reels,,,,,03/03/2023,0,,,,,,0,0,0,0,0,0.000,4.829
999182413512221,100064197037125,"PC Merchandise","客户 satisfied ✅ RYZEN 3 3200G build with RGB everything 🌈",,49,"03/20/2023 19:01",,https://www.facebook.com/reel/1925940451864598/,0,0,Reels,,,,,03/04/2023,0,,,,,,0,0,0,0,0,0.000,4.776
999182413512221,100064197037125,"PC Merchandise","客户 satisfied ✅ RYZEN 3 3200G build with RGB everything 🌈",,49,"03/20/2023 19:01",,https://www.facebook.com/reel/1925940451864598/,0,0,Reels,,,,,03/05/2023,0,,,,,,0,0,0,0,0,0.000,4.666
999182413512221,100064197037125,"PC Merchandise","客户 satisfied ✅ RYZEN 3 3200G build with RGB everything 🌈",,49,"03/20/2023 19:01",,https://www.facebook.com/reel/1925940451864598/,0,0,Reels,,,,,03/06/2023,0,,,,,,0,0,0,0,0,0.000,3.915
999182413512221,100064197037125,"PC Merchandise","客户 satisfied ✅ RYZEN 3 3200G build with RGB everything 🌈",,49,"03/20/2023 19:01",,https://www.facebook.com/reel/1925940451864598/,0,0,Reels,,,,,03/07/2023,0,,,,,,0,0,0,0,0,0.000,3.986
999182413512221,100064197037125,"PC Merchandise","客户 satisfied ✅ RYZEN 3 3200G build with RGB everything 🌈",,49,"03/20/2023 19:01",,https://www.facebook.com/reel/1925940451864598/,0,0,Reels,,,,,03/08/2023,0,,,,,,0,0,0,0,0,0.000,4.767
999182413512221,100064197037125,"PC Merchandise","客户 satisfied ✅ RYZEN 3 3200G build with RGB everything 🌈",,49,"03/20/2023 19:01",,https://www.facebook.com/reel/1925940451864598/,0,0,Reels,,,,,03/09/2023,0,,,,,,0,0,0,0,0,0.000,4.413
999182413512221,100064197037125,"PC Merchandise","客户 satisfied ✅ RYZEN 3 3200G build with RGB everything 🌈",,49,"03/20/2023 19:01",,https://www.facebook.com/reel/1925940451864598/,0,0,Reels,,,,,03/10/2023,0,,,,,,0,0,0,0,0,0.000,4.563
999182413512221,100064197037125,"PC Merchandise","客户 satisfied ✅ RYZEN 3 3200G build with RGB everything 🌈",,49,"03/20/2023 19:01",,https://www.facebook.com/reel/1925940451864598/,0,0,Reels,,,,,03/11/2023,0,,,,,,0,0,0,0,0,0.000,4.694
999182413512221,100064197037125,"PC Merchandise","客户 satisfied ✅ RYZEN 3 3200G build with RGB everything 🌈",,49,"03/20/2023 19:01",,https://www.facebook.com/reel/1925940451864598/,0,0,Reels,,,,,03/12/2023,0,,,,,,0,0,0,0,0,0.000,4.142
999182413512221,100064197037125,"PC Merchandise","客户 satisfied ✅ RYZEN 3 3200G build with RGB everything 🌈",,49,"03/20/2023 19:01",,https://www.facebook.com/reel/1925940451864598/,0,0,Reels,,,,,03/13/2023,0,,,,,,0,0,0,0,0,0.000,5.851
999182413512221,100064197037125,"PC Merchandise","客户 satisfied ✅ RYZEN 3 3200G build with RGB everything 🌈",,49,"03/20/2023 19:01",,https://www.facebook.com/reel/1925940451864598/,0,0,Reels,,,,,03/14/2023,0,,,,,,0,0,0,0,0,0.000,4.172
999182413512221,100064197037125,"PC Merchandise","客户 satisfied ✅ RYZEN 3 3200G build with RGB everything 🌈",,49,"03/20/2023 19:01",,https://www.facebook.com/reel/1925940451864598/,0,0,Reels,,,,,03/15/2023,0,,,,,,0,0,0,0,0,0.000,4.320
999182413512221,100064197037125,"PC Merchandise","客户 satisfied ✅ RYZEN 3 3200G build with RGB everything 🌈",,49,"03/20/2023 19:01",,https://www.facebook.com/reel/1925940451864598/,0,0,Reels,,,,,03/16/2023,0,,,,,,0,0,0,0,0,0.000,3.897
999182413512221,100064197037125,"PC Merchandise","客户 satisfied ✅ RYZEN 3 3200G build with RGB everything 🌈",,49,"03/20/2023 19:01",,https://www.facebook.com/reel/1925940451864598/,0,0,Reels,,,,,03/17/2023,0,,,,,,0,0,0,0,0,0.000,3.728
999182413512221,100064197037125,"PC Merchandise","客户 satisfied ✅ RYZEN 3 3200G build with RGB everything 🌈",,49,"03/20/2023 19:01",,https://www.facebook.com/reel/1925940451864598/,0,0,Reels,,,,,03/18/2023,0,,,,,,0,0,0,0,0,0.000,4.944
999182413512221,100064197037125,"PC Merchandise","客户 satisfied ✅ RYZEN 3 3200G build with RGB everything 🌈",,49,"03/20/2023 19:01",,https://www.facebook.com/reel/1925940451864598/,0,0,Reels,,,,,03/19/2023,0,,,,,,0,0,0,0,0,0.000,4.663
999182413512221,100064197037125,"PC Merchandise","客户 satisfied ✅ RYZEN 3 3200G build with RGB everything 🌈",,49,"03/20/2023 19:01",,https://www.facebook.com/reel/1925940451864598/,0,0,Reels,,,,,03/20/2023,0,,,,,,0,0,0,0,0,223.954,3.902
999182413512221,100064197037125,"PC Merchandise","客户 satisfied ✅ RYZEN 3 3200G build with RGB everything 🌈",,49,"03/20/2023 19:01",,https://www.facebook.com/reel/1925940451864598/,0,0,Reels,,,,,03/21/2023,0,,,,,,0,0,0,0,0,348.899,6.533
999182413512221,100064197037125,"PC Merchandise","客户 satisfied ✅ RYZEN 3 3200G build with RGB everything 🌈",,49,"03/20/2023 19:01",,https://www.facebook.com/reel/1925940451864598/,0,0,Reels,,,,,03/22/2023,0,,,,,,0,0,0,0,0,292.318,3.569
999182413512221,100064197037125,"PC Merchandise","客户 satisfied ✅ RYZEN 3 3200G build with RGB everything 🌈",,49,"03/20/2023 19:01",,https://www.facebook.com/reel/1925940451864598/,0,0,Reels,,,,,03/23/2023,0,,,,,,0,0,0,0,0,121.965,4.312
999182413512221,100064197037125,"PC Merchandise","客户 satisfied ✅ RYZEN 3 3200G build with RGB everything 🌈",,49,"03/20/2023 19:01",,https://www.facebook.com/reel/1925940451864598/,0,0,Reels,,,,,03/24/2023,0,,,,,,0,0,0,0,0,133.499,4.079
999182413512221,100064197037125,"PC Merchandise","客户 satisfied ✅ RYZEN 3 3200G build with RGB everything 🌈",,49,"03/20/2023 19:01",,https://www.facebook.com/reel/1925940451864598/,0,0,Reels,,,,,03/25/2023,0,,,,,,0,0,0,0,0,90.822,4.161
999182413512221,100064197037125,"PC Merchandise","客户 satisfied ✅ RYZEN 3 3200G build with RGB everything 🌈",,49,"03/20/2023 19:01",,https://www.facebook.com/reel/1925940451864598/,0,0,Reels,,,,,03/26/2023,0,,,,,,0,0,0,0,0,82.266,4.620
999182413512221,100064197037125,"PC Merchandise","客户 satisfied ✅ RYZEN 3 3200G build with RGB everything 🌈",,49,"03/20/2023 19:01",,https://www.facebook.com/reel/1925940451864598/,0,0,Reels,,,,,03/27/2023,0,,,,,,0,0,0,0,0,36.492,5.503
999182413512221,100064197037125,"PC Merchandise","客户 satisfied ✅ RYZEN 3 3200G build with RGB everything 🌈",,49,"03/20/2023 19:01",,https://www.facebook.com/reel/1925940451864598/,0,0,Reels,,,,,03/28/2023,0,,,,,,0,0,0,0,0,52.285,3.263
999182413512221,100064197037125,"PC Merchandise","客户 satisfied ✅ RYZEN 3 3200G build with RGB everything 🌈",,49,"03/20/2023 19:01",,https://www.facebook.com/reel/1925940451864598/,0,0,Reels,,,,,03/29/2023,0,,,,,,0,0,0,0,0,23.917,3.387
999182413512221,100064197037125,"PC Merchandise","客户 satisfied ✅ RYZEN 3 3200G build with RGB everything 🌈",,49,"03/20/2023 19:01",,https://www.facebook.com/reel/1925940451864598/,0,0,Reels,,,,,03/30/2023,0,,,,,,0,0,0,0,0,31.402,5.227
999182413512221,100064197037125,"PC Merchandise","客户 satisfied ✅ RYZEN 3 3200G build with RGB everything 🌈",,49,"03/20/2023 19:01",,https://www.facebook.com/reel/1925940451864598/,0,0,Reels,,,,,03/31/2023,0,,,,,,0,0,0,0,0,33.638,5.301
999572481890267,100064197037125,"PC Merchandise","客户 satisfied ✅ i3 10100F build with RGB everything 🌈",,0,"03/20/2023 19:00",,https://www.facebook.com/pcmerchandise.co/posts/pfbid0opGkhc0ypCat97jdonLWfqqInWLIRD6EkysCAUbsD6wlwrACULU7uVzN,0,0,Photos,,,,,03/31/2023,0,,,,,,,,,,,,
999572481890267,100064197037125,"PC Merchandise","客户 satisfied ✅ i3 10100F build with RGB everything 🌈",,0,"03/20/2023 19:00",,https://www.facebook.com/pcmerchandise.co/posts/pfbid0opGkhc0ypCat97jdonLWfqqInWLIRD6EkysCAUbsD6wlwrACULU7uVzN,0,0,Photos,,,,,03/01/2023,,,0,0,0,0,0,0,,,,,
999572481890267,100064197037125,"PC Merchandise","客户 satisfied ✅ i3 10100F build with RGB everything 🌈",,0,"03/20/2023 19:00",,https://www.facebook.com/pcmerchandise.co/posts/pfbid0opGkhc0ypCat97jdonLWfqqInWLIRD6EkysCAUbsD6wlwrACULU7uVzN,0,0,Photos,,,,,03/02/2023,,,0,0,0,0,0,0,,,,,
999572481890267,100064197037125,"PC Merchandise","客户 satisfied ✅ i3 10100F build with RGB everything 🌈",,0,"03/20/2023 19:00",,https://www.facebook.com/pcmerchandise.co/posts/pfbid0opGkhc0ypCat97jdonLWfqqInWLIRD6EkysCAUbsD6wlwrACULU7uVzN,0,0,Photos,,,,,03/03/2023,,,0,0,0,0,0,0,,,,,
999572481890267,100064197037125,"PC Merchandise","客户 satisfied ✅ i3 10100F build with RGB everything 🌈",,0,"03/20/2023 19:00",,https://www.facebook.com/pcmerchandise.co/posts/pfbid0opGkhc0ypCat97jdonLWfqqInWLIRD6EkysCAUbsD6wlwrACULU7uVzN,0,0,Photos,,,,,03/04/2023,,,0,0,0,0,0,0,,,,,
999572481890267,100064197037125,"PC Merchandise","客户 satisfied ✅ i3 10100F build with RGB everything 🌈",,0,"03/20/2023 19:00",,https://www.facebook.com/pcmerchandise.co/posts/pfbid0opGkhc0ypCat97jdonLWfqqInWLIRD6EkysCAUbsD6wlwrACULU7uVzN,0,0,Photos,,,,,03/05/2023,,,0,0,0,0,0,0,,,,,
999572481890267,100064197037125,"PC Merchandise","客户 satisfied ✅ i3 10100F build with RGB everything 🌈",,0,"03/20/2023 19:00",,https://www.facebook.com/pcmerchandise.co/posts/pfbid0opGkhc0ypCat97jdonLWfqqInWLIRD6EkysCAUbsD6wlwrACULU7uVzN,0,0,Photos,,,,,03/06/2023,,,0,0,0,0,0,0,,,,,
999572481890267,100064197037125,"PC Merchandise","客户 satisfied ✅ i3 10100F build with RGB everything 🌈",,0,"03/20/2023 19:00",,https://www.facebook.com/pcmerchandise.co/posts/pfbid0opGkhc0ypCat97jdonLWfqqInWLIRD6EkysCAUbsD6wlwrACULU7uVzN,0,0,Photos,,,,,03/07/2023,,,0,0,0,0,0,0,,,,,
999572481890267,100064197037125,"PC Merchandise","客户 satisfied ✅ i3 10100F build with RGB everything 🌈",,0,"03/20/2023 19:00",,https://www.facebook.com/pcmerchandise.co/posts/pfbid0opGkhc0ypCat97jdonLWfqqInWLIRD6EkysCAUbsD6wlwrACULU7uVzN,0,0,Photos,,,,,03/08/2023,,,0,0,0,0,0,0,,,,,
999572481890267,100064197037125,"PC Merchandise","客户 satisfied ✅ i3 10100F build with RGB everything 🌈",,0,"03/20/2023 19:00",,https://www.facebook.com/pcmerchandise.co/posts/pfbid0opGkhc0ypCat97jdonLWfqqInWLIRD6EkysCAUbsD6wlwrACULU7uVzN,0,0,Photos,,,,,03/09/2023,,,0,0,0,0,0,0,,,,,
999572481890267,100064197037125,"PC Merchandise","客户 satisfied ✅ i3 10100F build with RGB everything 🌈",,0,"03/20/2023 19:00",,https://www.facebook.com/pcmerchandise.co/posts/pfbid0opGkhc0ypCat97jdonLWfqqInWLIRD6EkysCAUbsD6wlwrACULU7uVzN,0,0,Photos,,,,,03/10/2023,,,0,0,0,0,0,0,,,,,
999572481890267,100064197037125,"PC Merchandise","客户 satisfied ✅ i3 10100F build with RGB everything 🌈",,0,"03/20/2023 19:00",,https://www.facebook.com/pcmerchandise.co/posts/pfbid0opGkhc0ypCat97jdonLWfqqInWLIRD6EkysCAUbsD6wlwrACULU7uVzN,0,0,Photos,,,,,03/11/2023,,,0,0,0,0,0,0,,,,,
999572481890267,100064197037125,"PC Merchandise","客户 satisfied ✅ i3 10100F build with RGB everything 🌈",,0,"03/20/2023 19:00",,https://www.facebook.com/pcmerchandise.co/posts/pfbid0opGkhc0ypCat97jdonLWfqqInWLIRD6EkysCAUbsD6wlwrACULU7uVzN,0,0,Photos,,,,,03/12/2023,,,0,0,0,0,0,0,,,,,
999572481890267,100064197037125,"PC Merchandise","客户 satisfied ✅ i3 10100F build with RGB everything 🌈",,0,"03/20/2023 19:00",,https://www.facebook.com/pcmerchandise.co/posts/pfbid0opGkhc0ypCat97jdonLWfqqInWLIRD6EkysCAUbsD6wlwrACULU7uVzN,0,0,Photos,,,,,03/13/2023,,,0,0,0,0,0,0,,,,,
999572481890267,100064197037125,"PC Merchandise","客户 satisfied ✅ i3 10100F build with RGB everything 🌈",,0,"03/20/2023 19:00",,https://www.facebook.com/pcmerchandise.co/posts/pfbid0opGkhc0ypCat97jdonLWfqqInWLIRD6EkysCAUbsD6wlwrACULU7uVzN,0,0,Photos,,,,,03/14/2023,,,0,0,0,0,0,0,,,,,
999572481890267,100064197037125,"PC Merchandise","客户 satisfied ✅ i3 10100F build with RGB everything 🌈",,0,"03/20/2023 19:00",,https://www.facebook.com/pcmerchandise.co/posts/pfbid0opGkhc0ypCat97jdonLWfqqInWLIRD6EkysCAUbsD6wlwrACULU7uVzN,0,0,Photos,,,,,03/15/2023,,,0,0,0,0,0,0,,,,,
999572481890267,100064197037125,"PC Merchandise","客户 satisfied ✅ i3 10100F build with RGB everything 🌈",,0,"03/20/2023 19:00",,https://www.facebook.com/pcmerchandise.co/posts/pfbid0opGkhc0ypCat97jdonLWfqqInWLIRD6EkysCAUbsD6wlwrACULU7uVzN,0,0,Photos,,,,,03/16/2023,,,0,0,0,0,0,0,,,,,
999572481890267,100064197037125,"PC Merchandise","客户 satisfied ✅ i3 10100F build with RGB everything 🌈",,0,"03/20/2023 19:00",,https://www.facebook.com/pcmerchandise.co/posts/pfbid0opGkhc0ypCat97jdonLWfqqInWLIRD6EkysCAUbsD6wlwrACULU7uVzN,0,0,Photos,,,,,03/17/2023,,,0,0,0,0,0,0,,,,,
999572481890267,100064197037125,"PC Merchandise","客户 satisfied ✅ i3 10100F build with RGB everything 🌈",,0,"03/20/2023 19:00",,https://www.facebook.com/pcmerchandise.co/posts/pfbid0opGkhc0ypCat97jdonLWfqqInWLIRD6EkysCAUbsD6wlwrACULU7uVzN,0,0,Photos,,,,,03/18/2023,,,0,0,0,0,0,0,,,,,
999572481890267,100064197037125,"PC Merchandise","客户 satisfied ✅ i3 10100F build with RGB everything 🌈",,0,"03/20/2023 19:00",,https://www.facebook.com/pcmerchandise.co/posts/pfbid0opGkhc0ypCat97jdonLWfqqInWLIRD6EkysCAUbsD6wlwrACULU7uVzN,0,0,Photos,,,,,03/19/2023,,,0,0,0,0,0,0,,,,,
999572481890267,100064197037125,"PC Merchandise","客户 satisfied ✅ i3 10100F build with RGB everything 🌈",,0,"03/20/2023 19:00",,https://www.facebook.com/pcmerchandise.co/posts/pfbid0opGkhc0ypCat97jdonLWfqqInWLIRD6EkysCAUbsD6wlwrACULU7uVzN,0,0,Photos,,,,,03/20/2023,,,0,0,0,0,0,0,,,,,
999572481890267,100064197037125,"PC Merchandise","客户 satisfied ✅ i3 10100F build with RGB everything 🌈",,0,"03/20/2023 19:00",,https://www.facebook.com/pcmerchandise.co/posts/pfbid0opGkhc0ypCat97jdonLWfqqInWLIRD6EkysCAUbsD6wlwrACULU7uVzN,0,0,Photos,,,,,03/21/2023,,,0,0,0,0,0,0,,,,,
999572481890267,100064197037125,"PC Merchandise","客户 satisfied ✅ i3 10100F build with RGB everything 🌈",,0,"03/20/2023 19:00",,https://www.facebook.com/pcmerchandise.co/posts/pfbid0opGkhc0ypCat97jdonLWfqqInWLIRD6EkysCAUbsD6wlwrACULU7uVzN,0,0,Photos,,,,,03/22/2023,,,0,0,0,0,0,0,,,,,
999572481890267,100064197037125,"PC Merchandise","客户 satisfied ✅ i3 10100F build with RGB everything 🌈",,0,"03/20/2023 19:00",,https://www.facebook.com/pcmerchandise.co/posts/pfbid0opGkhc0ypCat97jdonLWfqqInWLIRD6EkysCAUbsD6wlwrACULU7uVzN,0,0,Photos,,,,,03/23/2023,,,0,0,0,0,0,0,,,,,
999572481890267,100064197037125,"PC Merchandise","客户 satisfied ✅ i3 10100F build with RGB everything 🌈",,0,"03/20/2023 19:00",,https://www.facebook.com/pcmerchandise.co/posts/pfbid0opGkhc0ypCat97jdonLWfqqInWLIRD6EkysCAUbsD6wlwrACULU7uVzN,0,0,Photos,,,,,03/24/2023,,,0,0,0,0,0,0,,,,,
999572481890267,100064197037125,"PC Merchandise","客户 satisfied ✅ i3 10100F build with RGB everything 🌈",,0,"03/20/2023 19:00",,https://www.facebook.com/pcmerchandise.co/posts/pfbid0opGkhc0ypCat97jdonLWfqqInWLIRD6EkysCAUbsD6wlwrACULU7uVzN,0,0,Photos,,,,,03/25/2023,,,0,0,0,0,0,0,,,,,
999572481890267,100064197037125,"PC Merchandise","客户 satisfied ✅ i3 10100F build with RGB everything 🌈",,0,"03/20/2023 19:00",,https://www.facebook.com/pcmerchandise.co/posts/pfbid0opGkhc0ypCat97jdonLWfqqInWLIRD6EkysCAUbsD6wlwrACULU7uVzN,0,0,Photos,,,,,03/26/2023,,,0,0,0,0,0,0,,,,,
999572481890267,100064197037125,"PC Merchandise","客户 satisfied ✅ i3 10100F build with RGB everything 🌈",,0,"03/20/2023 19:00",,https://www.facebook.com/pcmerchandise.co/posts/pfbid0opGkhc0ypCat97jdonLWfqqInWLIRD6EkysCAUbsD6wlwrACULU7uVzN,0,0,Photos,,,,,03/27/2023,,,0,0,0,0,0,0,,,,,
999572481890267,100064197037125,"PC Merchandise","客户 satisfied ✅ i3 10100F build with RGB everything 🌈",,0,"03/20/2023 19:00",,https://www.facebook.com/pcmerchandise.co/posts/pfbid0opGkhc0ypCat97jdonLWfqqInWLIRD6EkysCAUbsD6wlwrACULU7uVzN,0,0,Photos,,,,,03/28/2023,,,0,0,0,0,0,0,,,,,
999572481890267,100064197037125,"PC Merchandise","客户 satisfied ✅ i3 10100F build with RGB everything 🌈",,0,"03/20/2023 19:00",,https://www.facebook.com/pcmerchandise.co/posts/pfbid0opGkhc0ypCat97jdonLWfqqInWLIRD6EkysCAUbsD6wlwrACULU7uVzN,0,0,Photos,,,,,03/29/2023,,,0,0,0,0,0,0,,,,,
999572481890267,100064197037125,"PC Merchandise","客户 satisfied ✅ i3 10100F build with RGB everything 🌈",,0,"03/20/2023 19:00",,https://www.facebook.com/pcmerchandise.co/posts/pfbid0opGkhc0ypCat97jdonLWfqqInWLIRD6EkysCAUbsD6wlwrACULU7uVzN,0,0,Photos,,,,,03/30/2023,,,0,0,0,0,0,0,,,,,
999572481890267,100064197037125,"PC Merchandise","客户 satisfied ✅ i3 10100F build with RGB everything 🌈",,0,"03/20/2023 19:00",,https://www.facebook.com/pcmerchandise.co/posts/pfbid0opGkhc0ypCat97jdonLWfqqInWLIRD6EkysCAUbsD6wlwrACULU7uVzN,0,0,Photos,,,,,03/31/2023,,,0,0,0,0,0,0,,,,,
999543659849806,100064197037125,"PC Merchandise","Free deliver within Paranaque! i3 10100F packages all-in na.",,80,"03/20/2023 15:30",mixed,https://www.facebook.com/reel/1761085171448517/,0,0,Reels,,,,,03/01/2023,0,,,,,,0,0,0,0,0,0.000,3.051
999543659849806,100064197037125,"PC Merchandise","Free deliver within Paranaque! i3 10100F packages all-in na.",,80,"03/20/2023 15:30",mixed,https://www.facebook.com/reel/1761085171448517/,0,0,Reels,,,,,03/02/2023,0,,,,,,0,0,0,0,0,0.000,4.271
999543659849806,100064197037125,"PC Merchandise","Free deliver within Paranaque! i3 10100F packages all-in na.",,80,"03/20/2023 15:30",mixed,https://www.facebook.com/reel/1761085171448517/,0,0,Reels,,,,,03/03/2023,0,,,,,,0,0,0,0,0,0.000,3.243
999543659849806,100064197037125,"PC Merchandise","Free deliver within Paranaque! i3 10100F packages all-in na.",,80,"03/20/2023 15:30",mixed,https://www.facebook.com/reel/1761085171448517/,0,0,Reels,,,,,03/04/2023,0,,,,,,0,0,0,0,0,0.000,3.705
999543659849806,100064197037125,"PC Merchandise","Free deliver within Paranaque! i3 10100F packages all-in na.",,80,"03/20/2023 15:30",mixed,https://www.facebook.com/reel/1761085171448517/,0,0,Reels,,,,,03/05/2023,0,,,,,,0,0,0,0,0,0.000,4.359
999543659849806,100064197037125,"PC Merchandise","Free deliver within Paranaque! i3 10100F packages all-in na.",,80,"03/20/2023 15:30",mixed,https://www.facebook.com/reel/1761085171448517/,0,0,Reels,,,,,03/06/2023,0,,,,,,0,0,0,0,0,0.000,2.130
999543659849806,100064197037125,"PC Merchandise","Free deliver within Paranaque! i3 10100F packages all-in na.",,80,"03/20/2023 15:30",mixed,https://www.facebook.com/reel/1761085171448517/,0,0,Reels,,,,,03/07/2023,0,,,,,,0,0,0,0,0,0.000,2.468
999543659849806,100064197037125,"PC Merchandise","Free deliver within Paranaque! i3 10100F packages all-in na.",,80,"03/20/2023 15:30",mixed,https://www.facebook.com/reel/1761085171448517/,0,0,Reels,,,,,03/08/2023,0,,,,,,0,0,0,0,0,0.000,3.305
999543659849806,100064197037125,"PC Merchandise","Free deliver within Paranaque! i3 10100F packages all-in na.",,80,"03/20/2023 15:30",mixed,https://www.facebook.com/reel/1761085171448517/,0,0,Reels,,,,,03/09/2023,0,,,,,,0,0,0,0,0,0.000,3.467
999543659849806,100064197037125,"PC Merchandise","Free deliver within Paranaque! i3 10100F packages all-in na.",,80,"03/20/2023 15:30",mixed,https://www.facebook.com/reel/1761085171448517/,0,0,Reels,,,,,03/10/2023,0,,,,,,0,0,0,0,0,0.000,3.826
999543659849806,100064197037125,"PC Merchandise","Free deliver within Paranaque! i3 10100F packages all-in na.",,80,"03/20/2023 15:30",mixed,https://www.facebook.com/reel/1761085171448517/,0,0,Reels,,,,,03/11/2023,0,,,,,,0,0,0,0,0,0.000,2.861
999543659849806,100064197037125,"PC Merchandise","Free deliver within Paranaque! i3 10100F packages all-in na.",,80,"03/20/2023 15:30",mixed,https://www.facebook.com/reel/1761085171448517/,0,0,Reels,,,,,03/12/2023,0,,,,,,0,0,0,0,0,0.000,2.893
999543659849806,100064197037125,"PC Merchandise","Free deliver within Paranaque! i3 10100F packages all-in na.",,80,"03/20/2023 15:30",mixed,https://www.facebook.com/reel/1761085171448517/,0,0,Reels,,,,,03/13/2023,0,,,,,,0,0,0,0,0,0.000,3.681
999543659849806,100064197037125,"PC Merchandise","Free deliver within Paranaque! i3 10100F packages all-in na.",,80,"03/20/2023 15:30",mixed,https://www.facebook.com/reel/1761085171448517/,0,0,Reels,,,,,03/14/2023,0,,,,,,0,0,0,0,0,0.000,3.942
999543659849806,100064197037125,"PC Merchandise","Free deliver within Paranaque! i3 10100F packages all-in na.",,80,"03/20/2023 15:30",mixed,https://www.facebook.com/reel/1761085171448517/,0,0,Reels,,,,,03/15/2023,0,,,,,,0,0,0,0,0,0.000,2.674
999543659849806,100064197037125,"PC Merchandise","Free deliver within Paranaque! i3 10100F packages all-in na.",,80,"03/20/2023 15:30",mixed,https://www.facebook.com/reel/1761085171448517/,0,0,Reels,,,,,03/16/2023,0,,,,,,0,0,0,0,0,0.000,3.568
999543659849806,100064197037125,"PC Merchandise","Free deliver within Paranaque! i3 10100F packages all-in na.",,80,"03/20/2023 15:30",mixed,https://www.facebook.com/reel/1761085171448517/,0,0,Reels,,,,,03/17/2023,0,,,,,,0,0,0,0,0,0.000,4.207
999543659849806,100064197037125,"PC Merchandise","Free deliver within Paranaque! i3 10100F packages all-in na.",,80,"03/20/2023 15:30",mixed,https://www.facebook.com/reel/1761085171448517/,0,0,Reels,,,,,03/18/2023,0,,,,,,0,0,0,0,0,0.000,3.660
999543659849806,100064197037125,"PC Merchandise","Free deliver within Paranaque! i3 10100F packages all-in na.",,80,"03/20/2023 15:30",mixed,https://www.facebook.com/reel/1761085171448517/,0,0,Reels,,,,,03/19/2023,0,,,,,,0,0,0,0,0,0.000,3.710
999543659849806,100064197037125,"PC Merchandise","Free deliver within Paranaque! i3 10100F packages all-in na.",,80,"03/20/2023 15:30",mixed,https://www.facebook.com/reel/1761085171448517/,0,0,Reels,,,,,03/20/2023,0,,,,,,117,0,1,1,0,734.271,3.230
999543659849806,100064197037125,"PC Merchandise","Free deliver within Paranaque! i3 10100F packages all-in na.",,80,"03/20/2023 15:30",mixed,https://www.facebook.com/reel/1761085171448517/,0,0,Reels,,,,,03/21/2023,0,,,,,,147,0,0,0,0,652.042,3.096
999543659849806,100064197037125,"PC Merchandise","Free deliver within Paranaque! i3 10100F packages all-in na.",,80,"03/20/2023 15:30",mixed,https://www.facebook.com/reel/1761085171448517/,0,0,Reels,,,,,03/22/2023,0,,,,,,135,0,1,0,1,620.324,5.448
999543659849806,100064197037125,"PC Merchandise","Free deliver within Paranaque! i3 10100F packages all-in na.",,80,"03/20/2023 15:30",mixed,https://www.facebook.com/reel/1761085171448517/,0,0,Reels,,,,,03/23/2023,0,,,,,,149,0,1,1,0,248.382,2.763
999543659849806,100064197037125,"PC Merchandise","Free deliver within Paranaque! i3 10100F packages all-in na.",,80,"03/20/2023 15:30",mixed,https://www.facebook.com/reel/1761085171448517/,0,0,Reels,,,,,03/24/2023,0,,,,,,145,0,0,0,0,211.180,2.313
999543659849806,100064197037125,"PC Merchandise","Free deliver within Paranaque! i3 10100F packages all-in na.",,80,"03/20/2023 15:30",mixed,https://www.facebook.com/reel/1761085171448517/,0,0,Reels,,,,,03/25/2023,0,,,,,,126,0,0,0,0,84.628,3.748
999543659849806,100064197037125,"PC Merchandise","Free deliver within Paranaque! i3 10100F packages all-in na.",,80,"03/20/2023 15:30",mixed,https://www.facebook.com/reel/1761085171448517/,0,0,Reels,,,,,03/26/2023,0,,,,,,122,0,0,0,0,74.349,3.382
999543659849806,100064197037125,"PC Merchandise","Free deliver within Paranaque! i3 10100F packages all-in na.",,80,"03/20/2023 15:30",mixed,https://www.facebook.com/reel/1761085171448517/,0,0,Reels,,,,,03/27/2023,0,,,,,,118,0,1,0,1,124.736,4.540
999543659849806,100064197037125,"PC Merchandise","Free deliver within Paranaque! i3 10100F packages all-in na.",,80,"03/20/2023 15:30",mixed,https://www.facebook.com/reel/1761085171448517/,0,0,Reels,,,,,03/28/2023,0,,,,,,111,0,0,0,0,87.958,2.563
999543659849806,100064197037125,"PC Merchandise","Free deliver within Paranaque! i3 10100F packages all-in na.",,80,"03/20/2023 15:30",mixed,https://www.facebook.com/reel/1761085171448517/,0,0,Reels,,,,,03/29/2023,0,,,,,,117,0,0,0,0,54.661,3.006
999543659849806,100064197037125,"PC Merchandise","Free deliver within Paranaque! i3 10100F packages all-in na.",,80,"03/20/2023 15:30",mixed,https://www.facebook.com/reel/1761085171448517/,0,0,Reels,,,,,03/30/2023,0,,,,,,0,0,0,0,0,97.067,4.506
999543659849806,100064197037125,"PC Merchandise","Free deliver within Paranaque! i3 10100F packages all-in na.",,80,"03/20/2023 15:30",mixed,https://www.facebook.com/reel/1761085171448517/,0,0,Reels,,,,,03/31/2023,0,,,,,,0,0,0,0,0,52.118,3.594
999386686150925,100064197037125,"PC Merchandise","𝐢𝟑 𝟏𝟎𝟏𝟎𝟎𝐅 𝟒+𝟏 w/ 𝐑𝐗 𝟓𝟖𝟎
𝐆𝐀𝐌𝐈𝐍𝐆 𝐁𝐔𝐈𝐋𝐃
#PCMERCHANDISE #PCMBUILDS",,0,"03/18/2023 22:00",,https://www.facebook.com/pcmerchandise.co/posts/pfbid09gUG6SiG4K89q1qhAGvM2qMHWjDQeuf0bPnKlvlqaIrUsAZwfLZAeUhB,0,0,Photos,,,,,03/31/2023,0,,,,,,,,,,,,
999386686150925,100064197037125,"PC Merchandise","𝐢𝟑 𝟏𝟎𝟏𝟎𝟎𝐅 𝟒+𝟏 w/ 𝐑𝐗 𝟓𝟖𝟎
𝐆𝐀𝐌𝐈𝐍𝐆 𝐁𝐔𝐈𝐋𝐃
#PCMERCHANDISE #PCMBUILDS",,0,"03/18/2023 22:00",,https://www.facebook.com/pcmerchandise.co/posts/pfbid09gUG6SiG4K89q1qhAGvM2qMHWjDQeuf0bPnKlvlqaIrUsAZwfLZAeUhB,0,0,Photos,,,,,03/01/2023,,,0,0,0,0,0,0,,,,,
999386686150925,100064197037125,"PC Merchandise","𝐢𝟑 𝟏𝟎𝟏𝟎𝟎𝐅 𝟒+𝟏 w/ 𝐑𝐗 𝟓𝟖𝟎
𝐆𝐀𝐌𝐈𝐍𝐆 𝐁𝐔𝐈𝐋𝐃
#PCMERCHANDISE #PCMBUILDS",,0,"03/18/2023 22:00",,https://www.facebook.com/pcmerchandise.co/posts/pfbid09gUG6SiG4K89q1qhAGvM2qMHWjDQeuf0bPnKlvlqaIrUsAZwfLZAeUhB,0,0,Photos,,,,,03/02/2023,,,0,0,0,0,0,0,,,,,
999386686150925,100064197037125,"PC Merchandise","𝐢𝟑 𝟏𝟎𝟏𝟎𝟎𝐅 𝟒+𝟏 w/ 𝐑𝐗 𝟓𝟖𝟎
𝐆𝐀𝐌𝐈𝐍𝐆 𝐁𝐔𝐈𝐋𝐃
#PCMERCHANDISE #PCMBUILDS",,0,"03/18/2023 22:00",,https://www.facebook.com/pcmerchandise.co/posts/pfbid09gUG6SiG4K89q1qhAGvM2qMHWjDQeuf0bPnKlvlqaIrUsAZwfLZAeUhB,0,0,Photos,,,,,03/03/2023,,,0,0,0,0,0,0,,,,,
999386686150925,100064197037125,"PC Merchandise","𝐢𝟑 𝟏𝟎𝟏𝟎𝟎𝐅 𝟒+𝟏 w/ 𝐑𝐗 𝟓𝟖𝟎
𝐆𝐀𝐌𝐈𝐍𝐆 𝐁𝐔𝐈𝐋𝐃
#PCMERCHANDISE #PCMBUILDS",,0,"03/18/2023 22:00",,https://www.facebook.com/pcmerchandise.co/posts/pfbid09gUG6SiG4K89q1qhAGvM2qMHWjDQeuf0bPnKlvlqaIrUsAZwfLZAeUhB,0,0,Photos,,,,,03/04/2023,,,0,0,0,0,0,0,,,,,
999386686150925,100064197037125,"PC Merchandise","𝐢𝟑 𝟏𝟎𝟏𝟎𝟎𝐅 𝟒+𝟏 w/ 𝐑𝐗 𝟓𝟖𝟎
𝐆𝐀𝐌𝐈𝐍𝐆 𝐁𝐔𝐈𝐋𝐃
#PCMERCHANDISE #PCMBUILDS",,0,"03/18/2023 22:00",,https://www.facebook.com/pcmerchandise.co/posts/pfbid09gUG6SiG4K89q1qhAGvM2qMHWjDQeuf0bPnKlvlqaIrUsAZwfLZAeUhB,0,0,Photos,,,,,03/05/2023,,,0,0,0,0,0,0,,,,,
999386686150925,100064197037125,"PC Merchandise","𝐢𝟑 𝟏𝟎𝟏𝟎𝟎𝐅 𝟒+𝟏 w/ 𝐑𝐗 𝟓𝟖𝟎
𝐆𝐀𝐌𝐈𝐍𝐆 𝐁𝐔𝐈𝐋𝐃
#PCMERCHANDISE #PCMBUILDS",,0,"03/18/2023 22:00",,https://www.facebook.com/pcmerchandise.co/posts/pfbid09gUG6SiG4K89q1qhAGvM2qMHWjDQeuf0bPnKlvlqaIrUsAZwfLZAeUhB,0,0,Photos,,,,,03/06/2023,,,0,0,0,0,0,0,,,,,
999386686150925,100064197037125,"PC Merchandise","𝐢𝟑 𝟏𝟎𝟏𝟎𝟎𝐅 𝟒+𝟏 w/ 𝐑𝐗 𝟓𝟖𝟎
𝐆𝐀𝐌𝐈𝐍𝐆 𝐁𝐔𝐈𝐋𝐃
#PCMERCHANDISE #PCMBUILDS",,0,"03/18/2023 22:00",,https://www.facebook.com/pcmerchandise.co/posts/pfbid09gUG6SiG4K89q1qhAGvM2qMHWjDQeuf0bPnKlvlqaIrUsAZwfLZAeUhB,0,0,Photos,,,,,03/07/2023,,,0,0,0,0,0,0,,,,,
999386686150925,100064197037125,"PC Merchandise","𝐢𝟑 𝟏𝟎𝟏𝟎𝟎𝐅 𝟒+𝟏 w/ 𝐑𝐗 𝟓𝟖𝟎
𝐆𝐀𝐌𝐈𝐍𝐆 𝐁𝐔𝐈𝐋𝐃
#PCMERCHANDISE #PCMBUILDS",,0,"03/18/2023 22:00",,https://www.facebook.com/pcmerchandise.co/posts/pfbid09gUG6SiG4K89q1qhAGvM2qMHWjDQeuf0bPnKlvlqaIrUsAZwfLZAeUhB,0,0,Photos,,,,,03/08/2023,,,0,0,0,0,0,0,,,,,
999386686150925,100064197037125,"PC Merchandise","𝐢𝟑 𝟏𝟎𝟏𝟎𝟎𝐅 𝟒+𝟏 w/ 𝐑𝐗 𝟓𝟖𝟎
𝐆𝐀𝐌𝐈𝐍𝐆 𝐁𝐔𝐈𝐋𝐃
#PCMERCHANDISE #PCMBUILDS",,0,"03/18/2023 22:00",,https://www.facebook.com/pcmerchandise.co/posts/pfbid09gUG6SiG4K89q1qhAGvM2qMHWjDQeuf0bPnKlvlqaIrUsAZwfLZAeUhB,0,0,Photos,,,,,03/09/2023,,,0,0,0,0,0,0,,,,,
999386686150925,100064197037125,"PC Merchandise","𝐢𝟑 𝟏𝟎𝟏𝟎𝟎𝐅 𝟒+𝟏 w/ 𝐑𝐗 𝟓𝟖𝟎
𝐆𝐀𝐌𝐈𝐍𝐆 𝐁𝐔𝐈𝐋𝐃
#PCMERCHANDISE #PCMBUILDS",,0,"03/18/2023 22:00",,https://www.facebook.com/pcmerchandise.co/posts/pfbid09gUG6SiG4K89q1qhAGvM2qMHWjDQeuf0bPnKlvlqaIrUsAZwfLZAeUhB,0,0,Photos,,,,,03/10/2023,,,0,0,0,0,0,0,,,,,
999386686150925,100064197037125,"PC Merchandise","𝐢𝟑 𝟏𝟎𝟏𝟎𝟎𝐅 𝟒+𝟏 w/ 𝐑𝐗 𝟓𝟖𝟎
𝐆𝐀𝐌𝐈𝐍𝐆 𝐁𝐔𝐈𝐋𝐃
#PCMERCHANDISE #PCMBUILDS",,0,"03/18/2023 22:00",,https://www.facebook.com/pcmerchandise.co/posts/pfbid09gUG6SiG4K89q1qhAGvM2qMHWjDQeuf0bPnKlvlqaIrUsAZwfLZAeUhB,0,0,Photos,,,,,03/11/2023,,,0,0,0,0,0,0,,,,,
999386686150925,100064197037125,"PC Merchandise","𝐢𝟑 𝟏𝟎𝟏𝟎𝟎𝐅 𝟒+𝟏 w/ 𝐑𝐗 𝟓𝟖𝟎
𝐆𝐀𝐌𝐈𝐍𝐆 𝐁𝐔𝐈𝐋𝐃
#PCMERCHANDISE #PCMBUILDS",,0,"03/18/2023 22:00",,https://www.facebook.com/pcmerchandise.co/posts/pfbid09gUG6SiG4K89q1qhAGvM2qMHWjDQeuf0bPnKlvlqaIrUsAZwfLZAeUhB,0,0,Photos,,,,,03/12/2023,,,0,0,0,0,0,0,,,,,
999386686150925,100064197037125,"PC Merchandise","𝐢𝟑 𝟏𝟎𝟏𝟎𝟎𝐅 𝟒+𝟏 w/ 𝐑𝐗 𝟓𝟖𝟎
𝐆𝐀𝐌𝐈𝐍𝐆 𝐁𝐔𝐈𝐋𝐃
#PCMERCHANDISE #PCMBUILDS",,0,"03/18/2023 22:00",,https://www.facebook.com/pcmerchandise.co/posts/pfbid09gUG6SiG4K89q1qhAGvM2qMHWjDQeuf0bPnKlvlqaIrUsAZwfLZAeUhB,0,0,Photos,,,,,03/13/2023,,,0,0,0,0,0,0,,,,,
999386686150925,100064197037125,"PC Merchandise","𝐢𝟑 𝟏𝟎𝟏𝟎𝟎𝐅 𝟒+𝟏 w/ 𝐑𝐗 𝟓𝟖𝟎
𝐆𝐀𝐌𝐈𝐍𝐆 𝐁𝐔𝐈𝐋𝐃
#PCMERCHANDISE #PCMBUILDS",,0,"03/18/2023 22:00",,https://www.facebook.com/pcmerchandise.co/posts/pfbid09gUG6SiG4K89q1qhAGvM2qMHWjDQeuf0bPnKlvlqaIrUsAZwfLZAeUhB,0,0,Photos,,,,,03/14/2023,,,0,0,0,0,0,0,,,,,
999386686150925,100064197037125,"PC Merchandise","𝐢𝟑 𝟏𝟎𝟏𝟎𝟎𝐅 𝟒+𝟏 w/ 𝐑𝐗 𝟓𝟖𝟎
𝐆𝐀𝐌𝐈𝐍𝐆 𝐁𝐔𝐈𝐋𝐃
#PCMERCHANDISE #PCMBUILDS",,0,"03/18/2023 22:00",,https://www.facebook.com/pcmerchandise.co/posts/pfbid09gUG6SiG4K89q1qhAGvM2qMHWjDQeuf0bPnKlvlqaIrUsAZwfLZAeUhB,0,0,Photos,,,,,03/15/2023,,,0,0,0,0,0,0,,,,,
999386686150925,100064197037125,"PC Merchandise","𝐢𝟑 𝟏𝟎𝟏𝟎𝟎𝐅 𝟒+𝟏 w/ 𝐑𝐗 𝟓𝟖𝟎
𝐆𝐀𝐌𝐈𝐍𝐆 𝐁𝐔𝐈𝐋𝐃
#PCMERCHANDISE #PCMBUILDS",,0,"03/18/2023 22:00",,https://www.facebook.com/pcmerchandise.co/posts/pfbid09gUG6SiG4K89q1qhAGvM2qMHWjDQeuf0bPnKlvlqaIrUsAZwfLZAeUhB,0,0,Photos,,,,,03/16/2023,,,0,0,0,0,0,0,,,,,
999386686150925,100064197037125,"PC Merchandise","𝐢𝟑 𝟏𝟎𝟏𝟎𝟎𝐅 𝟒+𝟏 w/ 𝐑𝐗 𝟓𝟖𝟎
𝐆𝐀𝐌𝐈𝐍𝐆 𝐁𝐔𝐈𝐋𝐃
#PCMERCHANDISE #PCMBUILDS",,0,"03/18/2023 22:00",,https://www.facebook.com/pcmerchandise.co/posts/pfbid09gUG6SiG4K89q1qhAGvM2qMHWjDQeuf0bPnKlvlqaIrUsAZwfLZAeUhB,0,0,Photos,,,,,03/17/2023,,,0,0,0,0,0,0,,,,,
999386686150925,100064197037125,"PC Merchandise","𝐢𝟑 𝟏𝟎𝟏𝟎𝟎𝐅 𝟒+𝟏 w/ 𝐑𝐗 𝟓𝟖𝟎
𝐆𝐀𝐌𝐈𝐍𝐆 𝐁𝐔𝐈𝐋𝐃
#PCMERCHANDISE #PCMBUILDS",,0,"03/18/2023 22:00",,https://www.facebook.com/pcmerchandise.co/posts/pfbid09gUG6SiG4K89q1qhAGvM2qMHWjDQeuf0bPnKlvlqaIrUsAZwfLZAeUhB,0,0,Photos,,,,,03/18/2023,,,0,0,0,0,0,0,,,,,
999386686150925,100064197037125,"PC Merchandise","𝐢𝟑 𝟏𝟎𝟏𝟎𝟎𝐅 𝟒+𝟏 w/ 𝐑𝐗 𝟓𝟖𝟎
𝐆𝐀𝐌𝐈𝐍𝐆 𝐁𝐔𝐈𝐋𝐃
#PCMERCHANDISE #PCMBUILDS",,0,"03/18/2023 22:00",,https://www.facebook.com/pcmerchandise.co/posts/pfbid09gUG6SiG4K89q1qhAGvM2qMHWjDQeuf0bPnKlvlqaIrUsAZwfLZAeUhB,0,0,Photos,,,,,03/19/2023,,,0,0,0,0,0,0,,,,,
999386686150925,100064197037125,"PC Merchandise","𝐢𝟑 𝟏𝟎𝟏𝟎𝟎𝐅 𝟒+𝟏 w/ 𝐑𝐗 𝟓𝟖𝟎
𝐆𝐀𝐌𝐈𝐍𝐆 𝐁𝐔𝐈𝐋𝐃
#PCMERCHANDISE #PCMBUILDS",,0,"03/18/2023 22:00",,https://www.facebook.com/pcmerchandise.co/posts/pfbid09gUG6SiG4K89q1qhAGvM2qMHWjDQeuf0bPnKlvlqaIrUsAZwfLZAeUhB,0,0,Photos,,,,,03/20/2023,,,0,0,0,0,0,0,,,,,
999386686150925,100064197037125,"PC Merchandise","𝐢𝟑 𝟏𝟎𝟏𝟎𝟎𝐅 𝟒+𝟏 w/ 𝐑𝐗 𝟓𝟖𝟎
𝐆𝐀𝐌𝐈𝐍𝐆 𝐁𝐔𝐈𝐋𝐃
#PCMERCHANDISE #PCMBUILDS",,0,"03/18/2023 22:00",,https://www.facebook.com/pcmerchandise.co/posts/pfbid09gUG6SiG4K89q1qhAGvM2qMHWjDQeuf0bPnKlvlqaIrUsAZwfLZAeUhB,0,0,Photos,,,,,03/21/2023,,,0,0,0,0,0,0,,,,,
999386686150925,100064197037125,"PC Merchandise","𝐢𝟑 𝟏𝟎𝟏𝟎𝟎𝐅 𝟒+𝟏 w/ 𝐑𝐗 𝟓𝟖𝟎
𝐆𝐀𝐌𝐈𝐍𝐆 𝐁𝐔𝐈𝐋𝐃
#PCMERCHANDISE #PCMBUILDS",,0,"03/18/2023 22:00",,https://www.facebook.com/pcmerchandise.co/posts/pfbid09gUG6SiG4K89q1qhAGvM2qMHWjDQeuf0bPnKlvlqaIrUsAZwfLZAeUhB,0,0,Photos,,,,,03/22/2023,,,0,0,0,0,0,0,,,,,
999386686150925,100064197037125,"PC Merchandise","𝐢𝟑 𝟏𝟎𝟏𝟎𝟎𝐅 𝟒+𝟏 w/ 𝐑𝐗 𝟓𝟖𝟎
𝐆𝐀𝐌𝐈𝐍𝐆 𝐁𝐔𝐈𝐋𝐃
#PCMERCHANDISE #PCMBUILDS",,0,"03/18/2023 22:00",,https://www.facebook.com/pcmerchandise.co/posts/pfbid09gUG6SiG4K89q1qhAGvM2qMHWjDQeuf0bPnKlvlqaIrUsAZwfLZAeUhB,0,0,Photos,,,,,03/23/2023,,,0,0,0,0,0,0,,,,,
999386686150925,100064197037125,"PC Merchandise","𝐢𝟑 𝟏𝟎𝟏𝟎𝟎𝐅 𝟒+𝟏 w/ 𝐑𝐗 𝟓𝟖𝟎
𝐆𝐀𝐌𝐈𝐍𝐆 𝐁𝐔𝐈𝐋𝐃
#PCMERCHANDISE #PCMBUILDS",,0,"03/18/2023 22:00",,https://www.facebook.com/pcmerchandise.co/posts/pfbid09gUG6SiG4K89q1qhAGvM2qMHWjDQeuf0bPnKlvlqaIrUsAZwfLZAeUhB,0,0,Photos,,,,,03/24/2023,,,0,0,0,0,0,0,,,,,
999386686150925,100064197037125,"PC Merchandise","𝐢𝟑 𝟏𝟎𝟏𝟎𝟎𝐅 𝟒+𝟏 w/ 𝐑𝐗 𝟓𝟖𝟎
𝐆𝐀𝐌𝐈𝐍𝐆 𝐁𝐔𝐈𝐋𝐃
#PCMERCHANDISE #PCMBUILDS",,0,"03/18/2023 22:00",,https://www.facebook.com/pcmerchandise.co/posts/pfbid09gUG6SiG4K89q1qhAGvM2qMHWjDQeuf0bPnKlvlqaIrUsAZwfLZAeUhB,0,0,Photos,,,,,03/25/2023,,,0,0,0,0,0,0,,,,,
999386686150925,100064197037125,"PC Merchandise","𝐢𝟑 𝟏𝟎𝟏𝟎𝟎𝐅 𝟒+𝟏 w/ 𝐑𝐗 𝟓𝟖𝟎
𝐆𝐀𝐌𝐈𝐍𝐆 𝐁𝐔𝐈𝐋𝐃
#PCMERCHANDISE #PCMBUILDS",,0,"03/18/2023 22:00",,https://www.facebook.com/pcmerchandise.co/posts/pfbid09gUG6SiG4K89q1qhAGvM2qMHWjDQeuf0bPnKlvlqaIrUsAZwfLZAeUhB,0,0,Photos,,,,,03/26/2023,,,0,0,0,0,0,0,,,,,
999386686150925,100064197037125,"PC Merchandise","𝐢𝟑 𝟏𝟎𝟏𝟎𝟎𝐅 𝟒+𝟏 w/ 𝐑𝐗 𝟓𝟖𝟎
𝐆𝐀𝐌𝐈𝐍𝐆 𝐁𝐔𝐈𝐋𝐃
#PCMERCHANDISE #PCMBUILDS",,0,"03/18/2023 22:00",,https://www.facebook.com/pcmerchandise.co/posts/pfbid09gUG6SiG4K89q1qhAGvM2qMHWjDQeuf0bPnKlvlqaIrUsAZwfLZAeUhB,0,0,Photos,,,,,03/27/2023,,,0,0,0,0,0,0,,,,,
999386686150925,100064197037125,"PC Merchandise","𝐢𝟑 𝟏𝟎𝟏𝟎𝟎𝐅 𝟒+𝟏 w/ 𝐑𝐗 𝟓𝟖𝟎
𝐆𝐀𝐌𝐈𝐍𝐆 𝐁𝐔𝐈𝐋𝐃
#PCMERCHANDISE #PCMBUILDS",,0,"03/18/2023 22:00",,https://www.facebook.com/pcmerchandise.co/posts/pfbid09gUG6SiG4K89q1qhAGvM2qMHWjDQeuf0bPnKlvlqaIrUsAZwfLZAeUhB,0,0,Photos,,,,,03/28/2023,,,0,0,0,0,0,0,,,,,
999386686150925,100064197037125,"PC Merchandise","𝐢𝟑 𝟏𝟎𝟏𝟎𝟎𝐅 𝟒+𝟏 w/ 𝐑𝐗 𝟓𝟖𝟎
𝐆𝐀𝐌𝐈𝐍𝐆 𝐁𝐔𝐈𝐋𝐃
#PCMERCHANDISE #PCMBUILDS",,0,"03/18/2023 22:00",,https://www.facebook.com/pcmerchandise.co/posts/pfbid09gUG6SiG4K89q1qhAGvM2qMHWjDQeuf0bPnKlvlqaIrUsAZwfLZAeUhB,0,0,Photos,,,,,03/29/2023,,,0,0,0,0,0,0,,,,,
999386686150925,100064197037125,"PC Merchandise","𝐢𝟑 𝟏𝟎𝟏𝟎𝟎𝐅 𝟒+𝟏 w/ 𝐑𝐗 𝟓𝟖𝟎
𝐆𝐀𝐌𝐈𝐍𝐆 𝐁𝐔𝐈𝐋𝐃
#PCMERCHANDISE #PCMBUILDS",,0,"03/18/2023 22:00",,https://www.facebook.com/pcmerchandise.co/posts/pfbid09gUG6SiG4K89q1qhAGvM2qMHWjDQeuf0bPnKlvlqaIrUsAZwfLZAeUhB,0,0,Photos,,,,,03/30/2023,,,0,0,0,0,0,0,,,,,
999386686150925,100064197037125,"PC Merchandise","𝐢𝟑 𝟏𝟎𝟏𝟎𝟎𝐅 𝟒+𝟏 w/ 𝐑𝐗 𝟓𝟖𝟎
𝐆𝐀𝐌𝐈𝐍𝐆 𝐁𝐔𝐈𝐋𝐃
#PCMERCHANDISE #PCMBUILDS",,0,"03/18/2023 22:00",,https://www.facebook.com/pcmerchandise.co/posts/pfbid09gUG6SiG4K89q1qhAGvM2qMHWjDQeuf0bPnKlvlqaIrUsAZwfLZAeUhB,0,0,Photos,,,,,03/31/2023,,,0,0,0,0,0,0,,,,,
999860428490683,100064197037125,"PC Merchandise","Salamat sa tiwala boss JM! i3 10100F comshop package — 8 units delivered ✅",,0,"03/17/2023 19:15",,https://www.facebook.com/pcmerchandise.co/posts/pfbid0wZCBNn4L2IDkBpOCkRSHtlv51sKUqtMrLiEvn3ajIE8g1tW6TJOWICLj,0,0,Photos,,,,,03/31/2023,1,,,,,,,,,,,,
999860428490683,100064197037125,"PC Merchandise","Salamat sa tiwala boss JM! i3 10100F comshop package — 8 units delivered ✅",,0,"03/17/2023 19:15",,https://www.facebook.com/pcmerchandise.co/posts/pfbid0wZCBNn4L2IDkBpOCkRSHtlv51sKUqtMrLiEvn3ajIE8g1tW6TJOWICLj,0,0,Photos,,,,,03/01/2023,,,0,0,0,0,0,0,,,,,
999860428490683,100064197037125,"PC Merchandise","Salamat sa tiwala boss JM! i3 10100F comshop package — 8 units delivered ✅",,0,"03/17/2023 19:15",,https://www.facebook.com/pcmerchandise.co/posts/pfbid0wZCBNn4L2IDkBpOCkRSHtlv51sKUqtMrLiEvn3ajIE8g1tW6TJOWICLj,0,0,Photos,,,,,03/02/2023,,,0,0,0,0,0,0,,,,,
999860428490683,100064197037125,"PC Merchandise","Salamat sa tiwala boss JM! i3 10100F comshop package — 8 units delivered ✅",,0,"03/17/2023 19:15",,https://www.facebook.com/pcmerchandise.co/posts/pfbid0wZCBNn4L2IDkBpOCkRSHtlv51sKUqtMrLiEvn3ajIE8g1tW6TJOWICLj,0,0,Photos,,,,,03/03/2023,,,0,0,0,0,0,0,,,,,
999860428490683,100064197037125,"PC Merchandise","Salamat sa tiwala boss JM! i3 10100F comshop package — 8 units delivered ✅",,0,"03/17/2023 19:15",,https://www.facebook.com/pcmerchandise.co/posts/pfbid0wZCBNn4L2IDkBpOCkRSHtlv51sKUqtMrLiEvn3ajIE8g1tW6TJOWICLj,0,0,Photos,,,,,03/04/2023,,,0,0,0,0,0,0,,,,,
999860428490683,100064197037125,"PC Merchandise","Salamat sa tiwala boss JM! i3 10100F comshop package — 8 units delivered ✅",,0,"03/17/2023 19:15",,https://www.facebook.com/pcmerchandise.co/posts/pfbid0wZCBNn4L2IDkBpOCkRSHtlv51sKUqtMrLiEvn3ajIE8g1tW6TJOWICLj,0,0,Photos,,,,,03/05/2023,,,0,0,0,0,0,0,,,,,
999860428490683,100064197037125,"PC Merchandise","Salamat sa tiwala boss JM! i3 10100F comshop package — 8 units delivered ✅",,0,"03/17/2023 19:15",,https://www.facebook.com/pcmerchandise.co/posts/pfbid0wZCBNn4L2IDkBpOCkRSHtlv51sKUqtMrLiEvn3ajIE8g1tW6TJOWICLj,0,0,Photos,,,,,03/06/2023,,,0,0,0,0,0,0,,,,,
999860428490683,100064197037125,"PC Merchandise","Salamat sa tiwala boss JM! i3 10100F comshop package — 8 units delivered ✅",,0,"03/17/2023 19:15",,https://www.facebook.com/pcmerchandise.co/posts/pfbid0wZCBNn4L2IDkBpOCkRSHtlv51sKUqtMrLiEvn3ajIE8g1tW6TJOWICLj,0,0,Photos,,,,,03/07/2023,,,0,0,0,0,0,0,,,,,
999860428490683,100064197037125,"PC Merchandise","Salamat sa tiwala boss JM! i3 10100F comshop package — 8 units delivered ✅",,0,"03/17/2023 19:15",,https://www.facebook.com/pcmerchandise.co/posts/pfbid0wZCBNn4L2IDkBpOCkRSHtlv51sKUqtMrLiEvn3ajIE8g1tW6TJOWICLj,0,0,Photos,,,,,03/08/2023,,,0,0,0,0,0,0,,,,,
999860428490683,100064197037125,"PC Merchandise","Salamat sa tiwala boss JM! i3 10100F comshop package — 8 units delivered ✅",,0,"03/17/2023 19:15",,https://www.facebook.com/pcmerchandise.co/posts/pfbid0wZCBNn4L2IDkBpOCkRSHtlv51sKUqtMrLiEvn3ajIE8g1tW6TJOWICLj,0,0,Photos,,,,,03/09/2023,,,0,0,0,0,0,0,,,,,
999860428490683,100064197037125,"PC Merchandise","Salamat sa tiwala boss JM! i3 10100F comshop package — 8 units delivered ✅",,0,"03/17/2023 19:15",,https://www.facebook.com/pcmerchandise.co/posts/pfbid0wZCBNn4L2IDkBpOCkRSHtlv51sKUqtMrLiEvn3ajIE8g1tW6TJOWICLj,0,0,Photos,,,,,03/10/2023,,,0,0,0,0,0,0,,,,,
999860428490683,100064197037125,"PC Merchandise","Salamat sa tiwala boss JM! i3 10100F comshop package — 8 units delivered ✅",,0,"03/17/2023 19:15",,https://www.facebook.com/pcmerchandise.co/posts/pfbid0wZCBNn4L2IDkBpOCkRSHtlv51sKUqtMrLiEvn3ajIE8g1tW6TJOWICLj,0,0,Photos,,,,,03/11/2023,,,0,0,0,0,0,0,,,,,
999860428490683,100064197037125,"PC Merchandise","Salamat sa tiwala boss JM! i3 10100F comshop package — 8 units delivered ✅",,0,"03/17/2023 19:15",,https://www.facebook.com/pcmerchandise.co/posts/pfbid0wZCBNn4L2IDkBpOCkRSHtlv51sKUqtMrLiEvn3ajIE8g1tW6TJOWICLj,0,0,Photos,,,,,03/12/2023,,,0,0,0,0,0,0,,,,,
999860428490683,100064197037125,"PC Merchandise","Salamat sa tiwala boss JM! i3 10100F comshop package — 8 units delivered ✅",,0,"03/17/2023 19:15",,https://www.facebook.com/pcmerchandise.co/posts/pfbid0wZCBNn4L2IDkBpOCkRSHtlv51sKUqtMrLiEvn3ajIE8g1tW6TJOWICLj,0,0,Photos,,,,,03/13/2023,,,0,0,0,0,0,0,,,,,
999860428490683,100064197037125,"PC Merchandise","Salamat sa tiwala boss JM! i3 10100F comshop package — 8 units delivered ✅",,0,"03/17/2023 19:15",,https://www.facebook.com/pcmerchandise.co/posts/pfbid0wZCBNn4L2IDkBpOCkRSHtlv51sKUqtMrLiEvn3ajIE8g1tW6TJOWICLj,0,0,Photos,,,,,03/14/2023,,,0,0,0,0,0,0,,,,,
999860428490683,100064197037125,"PC Merchandise","Salamat sa tiwala boss JM! i3 10100F comshop package — 8 units delivered ✅",,0,"03/17/2023 19:15",,https://www.facebook.com/pcmerchandise.co/posts/pfbid0wZCBNn4L2IDkBpOCkRSHtlv51sKUqtMrLiEvn3ajIE8g1tW6TJOWICLj,0,0,Photos,,,,,03/15/2023,,,0,0,0,0,0,0,,,,,
999860428490683,100064197037125,"PC Merchandise","Salamat sa tiwala boss JM! i3 10100F comshop package — 8 units delivered ✅",,0,"03/17/2023 19:15",,https://www.facebook.com/pcmerchandise.co/posts/pfbid0wZCBNn4L2IDkBpOCkRSHtlv51sKUqtMrLiEvn3ajIE8g1tW6TJOWICLj,0,0,Photos,,,,,03/16/2023,,,0,0,0,0,0,0,,,,,
999860428490683,100064197037125,"PC Merchandise","Salamat sa tiwala boss JM! i3 10100F comshop package — 8 units delivered ✅",,0,"03/17/2023 19:15",,https://www.facebook.com/pcmerchandise.co/posts/pfbid0wZCBNn4L2IDkBpOCkRSHtlv51sKUqtMrLiEvn3ajIE8g1tW6TJOWICLj,0,0,Photos,,,,,03/17/2023,,,0,0,0,0,0,0,,,,,
999860428490683,100064197037125,"PC Merchandise","Salamat sa tiwala boss JM! i3 10100F comshop package — 8 units delivered ✅",,0,"03/17/2023 19:15",,https://www.facebook.com/pcmerchandise.co/posts/pfbid0wZCBNn4L2IDkBpOCkRSHtlv51sKUqtMrLiEvn3ajIE8g1tW6TJOWICLj,0,0,Photos,,,,,03/18/2023,,,0,0,0,0,0,0,,,,,
999860428490683,100064197037125,"PC Merchandise","Salamat sa tiwala boss JM! i3 10100F comshop package — 8 units delivered ✅",,0,"03/17/2023 19:15",,https://www.facebook.com/pcmerchandise.co/posts/pfbid0wZCBNn4L2IDkBpOCkRSHtlv51sKUqtMrLiEvn3ajIE8g1tW6TJOWICLj,0,0,Photos,,,,,03/19/2023,,,0,0,0,0,0,0,,,,,
999860428490683,100064197037125,"PC Merchandise","Salamat sa tiwala boss JM! i3 10100F comshop package — 8 units delivered ✅",,0,"03/17/2023 19:15",,https://www.facebook.com/pcmerchandise.co/posts/pfbid0wZCBNn4L2IDkBpOCkRSHtlv51sKUqtMrLiEvn3ajIE8g1tW6TJOWICLj,0,0,Photos,,,,,03/20/2023,,,0,0,0,0,0,0,,,,,
999860428490683,100064197037125,"PC Merchandise","Salamat sa tiwala boss JM! i3 10100F comshop package — 8 units delivered ✅",,0,"03/17/2023 19:15",,https://www.facebook.com/pcmerchandise.co/posts/pfbid0wZCBNn4L2IDkBpOCkRSHtlv51sKUqtMrLiEvn3ajIE8g1tW6TJOWICLj,0,0,Photos,,,,,03/21/2023,,,0,0,0,0,0,0,,,,,
999860428490683,100064197037125,"PC Merchandise","Salamat sa tiwala boss JM! i3 10100F comshop package — 8 units delivered ✅",,0,"03/17/2023 19:15",,https://www.facebook.com/pcmerchandise.co/posts/pfbid0wZCBNn4L2IDkBpOCkRSHtlv51sKUqtMrLiEvn3ajIE8g1tW6TJOWICLj,0,0,Photos,,,,,03/22/2023,,,0,0,0,0,0,0,,,,,
999860428490683,100064197037125,"PC Merchandise","Salamat sa tiwala boss JM! i3 10100F comshop package — 8 units delivered ✅",,0,"03/17/2023 19:15",,https://www.facebook.com/pcmerchandise.co/posts/pfbid0wZCBNn4L2IDkBpOCkRSHtlv51sKUqtMrLiEvn3ajIE8g1tW6TJOWICLj,0,0,Photos,,,,,03/23/2023,,,0,0,0,0,0,0,,,,,
999860428490683,100064197037125,"PC Merchandise","Salamat sa tiwala boss JM! i3 10100F comshop package — 8 units delivered ✅",,0,"03/17/2023 19:15",,https://www.facebook.com/pcmerchandise.co/posts/pfbid0wZCBNn4L2IDkBpOCkRSHtlv51sKUqtMrLiEvn3ajIE8g1tW6TJOWICLj,0,0,Photos,,,,,03/24/2023,,,0,0,0,0,0,0,,,,,
999860428490683,100064197037125,"PC Merchandise","Salamat sa tiwala boss JM! i3 10100F comshop package — 8 units delivered ✅",,0,"03/17/2023 19:15",,https://www.facebook.com/pcmerchandise.co/posts/pfbid0wZCBNn4L2IDkBpOCkRSHtlv51sKUqtMrLiEvn3ajIE8g1tW6TJOWICLj,0,0,Photos,,,,,03/25/2023,,,0,0,0,0,0,0,,,,,
999860428490683,100064197037125,"PC Merchandise","Salamat sa tiwala boss JM! i3 10100F comshop package — 8 units delivered ✅",,0,"03/17/2023 19:15",,https://www.facebook.com/pcmerchandise.co/posts/pfbid0wZCBNn4L2IDkBpOCkRSHtlv51sKUqtMrLiEvn3ajIE8g1tW6TJOWICLj,0,0,Photos,,,,,03/26/2023,,,0,0,0,0,0,0,,,,,
999860428490683,100064197037125,"PC Merchandise","Salamat sa tiwala boss JM! i3 10100F comshop package — 8 units delivered ✅",,0,"03/17/2023 19:15",,https://www.facebook.com/pcmerchandise.co/posts/pfbid0wZCBNn4L2IDkBpOCkRSHtlv51sKUqtMrLiEvn3ajIE8g1tW6TJOWICLj,0,0,Photos,,,,,03/27/2023,,,0,0,0,0,0,0,,,,,
999860428490683,100064197037125,"PC Merchandise","Salamat sa tiwala boss JM! i3 10100F comshop package — 8 units delivered ✅",,0,"03/17/2023 19:15",,https://www.facebook.com/pcmerchandise.co/posts/pfbid0wZCBNn4L2IDkBpOCkRSHtlv51sKUqtMrLiEvn3ajIE8g1tW6TJOWICLj,0,0,Photos,,,,,03/28/2023,,,0,0,0,0,0,0,,,,,
999860428490683,100064197037125,"PC Merchandise","Salamat sa tiwala boss JM! i3 10100F comshop package — 8 units delivered ✅",,0,"03/17/2023 19:15",,https://www.facebook.com/pcmerchandise.co/posts/pfbid0wZCBNn4L2IDkBpOCkRSHtlv51sKUqtMrLiEvn3ajIE8g1tW6TJOWICLj,0,0,Photos,,,,,03/29/2023,,,0,0,0,0,0,0,,,,,
999860428490683,100064197037125,"PC Merchandise","Salamat sa tiwala boss JM! i3 10100F comshop package — 8 units delivered ✅",,0,"03/17/2023 19:15",,https://www.facebook.com/pcmerchandise.co/posts/pfbid0wZCBNn4L2IDkBpOCkRSHtlv51sKUqtMrLiEvn3ajIE8g1tW6TJOWICLj,0,0,Photos,,,,,03/30/2023,,,0,0,0,0,0,0,,,,,
999860428490683,100064197037125,"PC Merchandise","Salamat sa tiwala boss JM! i3 10100F comshop package — 8 units delivered ✅",,0,"03/17/2023 19:15",,https://www.facebook.com/pcmerchandise.co/posts/pfbid0wZCBNn4L2IDkBpOCkRSHtlv51sKUqtMrLiEvn3ajIE8g1tW6TJOWICLj,0,0,Photos,,,,,03/31/2023,,,0,0,0,0,0,0,,,,,
999130127056723,100064197037125,"PC Merchandise","𝐒𝐎𝐋𝐃 𝐢𝟓 𝟏𝟎𝟒𝟎𝟎𝐅 𝟏𝟎+𝟏 (10PCS)
𝐂𝐎𝐌𝐒𝐇𝐎𝐏 𝐃𝐈𝐒𝐊𝐋𝐄𝐒𝐒 𝐏𝐀𝐂𝐊𝐀𝐆𝐄
#PCMERCHANDISE #PCMBUILDS",,0,"03/16/2023 22:00",,https://www.facebook.com/pcmerchandise.co/posts/pfbid0ze6Z1L1z6LcB1DBsiNY2eDzJNo5MQjkHvd880Sj2trI6GvT83Iw7wjJC,0,0,Photos,,,,,03/31/2023,1,,,,,,,,,,,,
999130127056723,100064197037125,"PC Merchandise","𝐒𝐎𝐋𝐃 𝐢𝟓 𝟏𝟎𝟒𝟎𝟎𝐅 𝟏𝟎+𝟏 (10PCS)
𝐂𝐎𝐌𝐒𝐇𝐎𝐏 𝐃𝐈𝐒𝐊𝐋𝐄𝐒𝐒 𝐏𝐀𝐂𝐊𝐀𝐆𝐄
#PCMERCHANDISE #PCMBUILDS",,0,"03/16/2023 22:00",,https://www.facebook.com/pcmerchandise.co/posts/pfbid0ze6Z1L1z6LcB1DBsiNY2eDzJNo5MQjkHvd880Sj2trI6GvT83Iw7wjJC,0,0,Photos,,,,,03/01/2023,,,0,0,0,0,0,0,,,,,
999130127056723,100064197037125,"PC Merchandise","𝐒𝐎𝐋𝐃 𝐢𝟓 𝟏𝟎𝟒𝟎𝟎𝐅 𝟏𝟎+𝟏 (10PCS)
𝐂𝐎𝐌𝐒𝐇𝐎𝐏 𝐃𝐈𝐒𝐊𝐋𝐄𝐒𝐒 𝐏𝐀𝐂𝐊𝐀𝐆𝐄
#PCMERCHANDISE #PCMBUILDS",,0,"03/16/2023 22:00",,https://www.facebook.com/pcmerchandise.co/posts/pfbid0ze6Z1L1z6LcB1DBsiNY2eDzJNo5MQjkHvd880Sj2trI6GvT83Iw7wjJC,0,0,Photos,,,,,03/02/2023,,,0,0,0,0,0,0,,,,,
999130127056723,100064197037125,"PC Merchandise","𝐒𝐎𝐋𝐃 𝐢𝟓 𝟏𝟎𝟒𝟎𝟎𝐅 𝟏𝟎+𝟏 (10PCS)
𝐂𝐎𝐌𝐒𝐇𝐎𝐏 𝐃𝐈𝐒𝐊𝐋𝐄𝐒𝐒 𝐏𝐀𝐂𝐊𝐀𝐆𝐄
#PCMERCHANDISE #PCMBUILDS",,0,"03/16/2023 22:00",,https://www.facebook.com/pcmerchandise.co/posts/pfbid0ze6Z1L1z6LcB1DBsiNY2eDzJNo5MQjkHvd880Sj2trI6GvT83Iw7wjJC,0,0,Photos,,,,,03/03/2023,,,0,0,0,0,0,0,,,,,
999130127056723,100064197037125,"PC Merchandise","𝐒𝐎𝐋𝐃 𝐢𝟓 𝟏𝟎𝟒𝟎𝟎𝐅 𝟏𝟎+𝟏 (10PCS)
𝐂𝐎𝐌𝐒𝐇𝐎𝐏 𝐃𝐈𝐒𝐊𝐋𝐄𝐒𝐒 𝐏𝐀𝐂𝐊𝐀𝐆𝐄
#PCMERCHANDISE #PCMBUILDS",,0,"03/16/2023 22:00",,https://www.facebook.com/pcmerchandise.co/posts/pfbid0ze6Z1L1z6LcB1DBsiNY2eDzJNo5MQjkHvd880Sj2trI6GvT83Iw7wjJC,0,0,Photos,,,,,03/04/2023,,,0,0,0,0,0,0,,,,,
999130127056723,100064197037125,"PC Merchandise","𝐒𝐎𝐋𝐃 𝐢𝟓 𝟏𝟎𝟒𝟎𝟎𝐅 𝟏𝟎+𝟏 (10PCS)
𝐂𝐎𝐌𝐒𝐇𝐎𝐏 𝐃𝐈𝐒𝐊𝐋𝐄𝐒𝐒 𝐏𝐀𝐂𝐊𝐀𝐆𝐄
#PCMERCHANDISE #PCMBUILDS",,0,"03/16/2023 22:00",,https://www.facebook.com/pcmerchandise.co/posts/pfbid0ze6Z1L1z6LcB1DBsiNY2eDzJNo5MQjkHvd880Sj2trI6GvT83Iw7wjJC,0,0,Photos,,,,,03/05/2023,,,0,0,0,0,0,0,,,,,
999130127056723,100064197037125,"PC Merchandise","𝐒𝐎𝐋𝐃 𝐢𝟓 𝟏𝟎𝟒𝟎𝟎𝐅 𝟏𝟎+𝟏 (10PCS)
𝐂𝐎𝐌𝐒𝐇𝐎𝐏 𝐃𝐈𝐒𝐊𝐋𝐄𝐒𝐒 𝐏𝐀𝐂𝐊𝐀𝐆𝐄
#PCMERCHANDISE #PCMBUILDS",,0,"03/16/2023 22:00",,https://www.facebook.com/pcmerchandise.co/posts/pfbid0ze6Z1L1z6LcB1DBsiNY2eDzJNo5MQjkHvd880Sj2trI6GvT83Iw7wjJC,0,0,Photos,,,,,03/06/2023,,,0,0,0,0,0,0,,,,,
999130127056723,100064197037125,"PC Merchandise","𝐒𝐎𝐋𝐃 𝐢𝟓 𝟏𝟎𝟒𝟎𝟎𝐅 𝟏𝟎+𝟏 (10PCS)
𝐂𝐎𝐌𝐒𝐇𝐎𝐏 𝐃𝐈𝐒𝐊𝐋𝐄𝐒𝐒 𝐏𝐀𝐂𝐊𝐀𝐆𝐄
#PCMERCHANDISE #PCMBUILDS",,0,"03/16/2023 22:00",,https://www.facebook.com/pcmerchandise.co/posts/pfbid0ze6Z1L1z6LcB1DBsiNY2eDzJNo5MQjkHvd880Sj2trI6GvT83Iw7wjJC,0,0,Photos,,,,,03/07/2023,,,0,0,0,0,0,0,,,,,
999130127056723,100064197037125,"PC Merchandise","𝐒𝐎𝐋𝐃 𝐢𝟓 𝟏𝟎𝟒𝟎𝟎𝐅 𝟏𝟎+𝟏 (10PCS)
𝐂𝐎𝐌𝐒𝐇𝐎𝐏 𝐃𝐈𝐒𝐊𝐋𝐄𝐒𝐒 𝐏𝐀𝐂𝐊𝐀𝐆𝐄
#PCMERCHANDISE #PCMBUILDS",,0,"03/16/2023 22:00",,https://www.facebook.com/pcmerchandise.co/posts/pfbid0ze6Z1L1z6LcB1DBsiNY2eDzJNo5MQjkHvd880Sj2trI6GvT83Iw7wjJC,0,0,Photos,,,,,03/08/2023,,,0,0,0,0,0,0,,,,,
999130127056723,100064197037125,"PC Merchandise","𝐒𝐎𝐋𝐃 𝐢𝟓 𝟏𝟎𝟒𝟎𝟎𝐅 𝟏𝟎+𝟏 (10PCS)
𝐂𝐎𝐌𝐒𝐇𝐎𝐏 𝐃𝐈𝐒𝐊𝐋𝐄𝐒𝐒 𝐏𝐀𝐂𝐊𝐀𝐆𝐄
#PCMERCHANDISE #PCMBUILDS",,0,"03/16/2023 22:00",,https://www.facebook.com/pcmerchandise.co/posts/pfbid0ze6Z1L1z6LcB1DBsiNY2eDzJNo5MQjkHvd880Sj2trI6GvT83Iw7wjJC,0,0,Photos,,,,,03/09/2023,,,0,0,0,0,0,0,,,,,
999130127056723,100064197037125,"PC Merchandise","𝐒𝐎𝐋𝐃 𝐢𝟓 𝟏𝟎𝟒𝟎𝟎𝐅 𝟏𝟎+𝟏 (10PCS)
𝐂𝐎𝐌𝐒𝐇𝐎𝐏 𝐃𝐈𝐒𝐊𝐋𝐄𝐒𝐒 𝐏𝐀𝐂𝐊𝐀𝐆𝐄
#PCMERCHANDISE #PCMBUILDS",,0,"03/16/2023 22:00",,https://www.facebook.com/pcmerchandise.co/posts/pfbid0ze6Z1L1z6LcB1DBsiNY2eDzJNo5MQjkHvd880Sj2trI6GvT83Iw7wjJC,0,0,Photos,,,,,03/10/2023,,,0,0,0,0,0,0,,,,,
999130127056723,100064197037125,"PC Merchandise","𝐒𝐎𝐋𝐃 𝐢𝟓 𝟏𝟎𝟒𝟎𝟎𝐅 𝟏𝟎+𝟏 (10PCS)
𝐂𝐎𝐌𝐒𝐇𝐎𝐏 𝐃𝐈𝐒𝐊𝐋𝐄𝐒𝐒 𝐏𝐀𝐂𝐊𝐀𝐆𝐄
#PCMERCHANDISE #PCMBUILDS",,0,"03/16/2023 22:00",,https://www.facebook.com/pcmerchandise.co/posts/pfbid0ze6Z1L1z6LcB1DBsiNY2eDzJNo5MQjkHvd880Sj2trI6GvT83Iw7wjJC,0,0,Photos,,,,,03/11/2023,,,0,0,0,0,0,0,,,,,
999130127056723,100064197037125,"PC Merchandise","𝐒𝐎𝐋𝐃 𝐢𝟓 𝟏𝟎𝟒𝟎𝟎𝐅 𝟏𝟎+𝟏 (10PCS)
𝐂𝐎𝐌𝐒𝐇𝐎𝐏 𝐃𝐈𝐒𝐊𝐋𝐄𝐒𝐒 𝐏𝐀𝐂𝐊𝐀𝐆𝐄
#PCMERCHANDISE #PCMBUILDS",,0,"03/16/2023 22:00",,https://www.facebook.com/pcmerchandise.co/posts/pfbid0ze6Z1L1z6LcB1DBsiNY2eDzJNo5MQjkHvd880Sj2trI6GvT83Iw7wjJC,0,0,Photos,,,,,03/12/2023,,,0,0,0,0,0,0,,,,,
999130127056723,100064197037125,"PC Merchandise","𝐒𝐎𝐋𝐃 𝐢𝟓 𝟏𝟎𝟒𝟎𝟎𝐅 𝟏𝟎+𝟏 (10PCS)
𝐂𝐎𝐌𝐒𝐇𝐎𝐏 𝐃𝐈𝐒𝐊𝐋𝐄𝐒𝐒 𝐏𝐀𝐂𝐊𝐀𝐆𝐄
#PCMERCHANDISE #PCMBUILDS",,0,"03/16/2023 22:00",,https://www.facebook.com/pcmerchandise.co/posts/pfbid0ze6Z1L1z6LcB1DBsiNY2eDzJNo5MQjkHvd880Sj2trI6GvT83Iw7wjJC,0,0,Photos,,,,,03/13/2023,,,0,0,0,0,0,0,,,,,
999130127056723,100064197037125,"PC Merchandise","𝐒𝐎𝐋𝐃 𝐢𝟓 𝟏𝟎𝟒𝟎𝟎𝐅 𝟏𝟎+𝟏 (10PCS)
𝐂𝐎𝐌𝐒𝐇𝐎𝐏 𝐃𝐈𝐒𝐊𝐋𝐄𝐒𝐒 𝐏𝐀𝐂𝐊𝐀𝐆𝐄
#PCMERCHANDISE #PCMBUILDS",,0,"03/16/2023 22:00",,https://www.facebook.com/pcmerchandise.co/posts/pfbid0ze6Z1L1z6LcB1DBsiNY2eDzJNo5MQjkHvd880Sj2trI6GvT83Iw7wjJC,0,0,Photos,,,,,03/14/2023,,,0,0,0,0,0,0,,,,,
999130127056723,100064197037125,"PC Merchandise","𝐒𝐎𝐋𝐃 𝐢𝟓 𝟏𝟎𝟒𝟎𝟎𝐅 𝟏𝟎+𝟏 (10PCS)
𝐂𝐎𝐌𝐒𝐇𝐎𝐏 𝐃𝐈𝐒𝐊𝐋𝐄𝐒𝐒 𝐏𝐀𝐂𝐊𝐀𝐆𝐄
#PCMERCHANDISE #PCMBUILDS",,0,"03/16/2023 22:00",,https://www.facebook.com/pcmerchandise.co/posts/pfbid0ze6Z1L1z6LcB1DBsiNY2eDzJNo5MQjkHvd880Sj2trI6GvT83Iw7wjJC,0,0,Photos,,,,,03/15/2023,,,0,0,0,0,0,0,,,,,
999130127056723,100064197037125,"PC Merchandise","𝐒𝐎𝐋𝐃 𝐢𝟓 𝟏𝟎𝟒𝟎𝟎𝐅 𝟏𝟎+𝟏 (10PCS)
𝐂𝐎𝐌𝐒𝐇𝐎𝐏 𝐃𝐈𝐒𝐊𝐋𝐄𝐒𝐒 𝐏𝐀𝐂𝐊𝐀𝐆𝐄
#PCMERCHANDISE #PCMBUILDS",,0,"03/16/2023 22:00",,https://www.facebook.com/pcmerchandise.co/posts/pfbid0ze6Z1L1z6LcB1DBsiNY2eDzJNo5MQjkHvd880Sj2trI6GvT83Iw7wjJC,0,0,Photos,,,,,03/16/2023,,,0,0,0,0,0,0,,,,,
999130127056723,100064197037125,"PC Merchandise","𝐒𝐎𝐋𝐃 𝐢𝟓 𝟏𝟎𝟒𝟎𝟎𝐅 𝟏𝟎+𝟏 (10PCS)
𝐂𝐎𝐌𝐒𝐇𝐎𝐏 𝐃𝐈𝐒𝐊𝐋𝐄𝐒𝐒 𝐏𝐀𝐂𝐊𝐀𝐆𝐄
#PCMERCHANDISE #PCMBUILDS",,0,"03/16/2023 22:00",,https://www.facebook.com/pcmerchandise.co/posts/pfbid0ze6Z1L1z6LcB1DBsiNY2eDzJNo5MQjkHvd880Sj2trI6GvT83Iw7wjJC,0,0,Photos,,,,,03/17/2023,,,0,0,0,0,0,0,,,,,
999130127056723,100064197037125,"PC Merchandise","𝐒𝐎𝐋𝐃 𝐢𝟓 𝟏𝟎𝟒𝟎𝟎𝐅 𝟏𝟎+𝟏 (10PCS)
𝐂𝐎𝐌𝐒𝐇𝐎𝐏 𝐃𝐈𝐒𝐊𝐋𝐄𝐒𝐒 𝐏𝐀𝐂𝐊𝐀𝐆𝐄
#PCMERCHANDISE #PCMBUILDS",,0,"03/16/2023 22:00",,https://www.facebook.com/pcmerchandise.co/posts/pfbid0ze6Z1L1z6LcB1DBsiNY2eDzJNo5MQjkHvd880Sj2trI6GvT83Iw7wjJC,0,0,Photos,,,,,03/18/2023,,,0,0,0,0,0,0,,,,,
999130127056723,100064197037125,"PC Merchandise","𝐒𝐎𝐋𝐃 𝐢𝟓 𝟏𝟎𝟒𝟎𝟎𝐅 𝟏𝟎+𝟏 (10PCS)
𝐂𝐎𝐌𝐒𝐇𝐎𝐏 𝐃𝐈𝐒𝐊𝐋𝐄𝐒𝐒 𝐏𝐀𝐂𝐊𝐀𝐆𝐄
#PCMERCHANDISE #PCMBUILDS",,0,"03/16/2023 22:00",,https://www.facebook.com/pcmerchandise.co/posts/pfbid0ze6Z1L1z6LcB1DBsiNY2eDzJNo5MQjkHvd880Sj2trI6GvT83Iw7wjJC,0,0,Photos,,,,,03/19/2023,,,0,0,0,0,0,0,,,,,
999130127056723,100064197037125,"PC Merchandise","𝐒𝐎𝐋𝐃 𝐢𝟓 𝟏𝟎𝟒𝟎𝟎𝐅 𝟏𝟎+𝟏 (10PCS)
𝐂𝐎𝐌𝐒𝐇𝐎𝐏 𝐃𝐈𝐒𝐊𝐋𝐄𝐒𝐒 𝐏𝐀𝐂𝐊𝐀𝐆𝐄
#PCMERCHANDISE #PCMBUILDS",,0,"03/16/2023 22:00",,https://www.facebook.com/pcmerchandise.co/posts/pfbid0ze6Z1L1z6LcB1DBsiNY2eDzJNo5MQjkHvd880Sj2trI6GvT83Iw7wjJC,0,0,Photos,,,,,03/20/2023,,,0,0,0,0,0,0,,,,,
999130127056723,100064197037125,"PC Merchandise","𝐒𝐎𝐋𝐃 𝐢𝟓 𝟏𝟎𝟒𝟎𝟎𝐅 𝟏𝟎+𝟏 (10PCS)
𝐂𝐎𝐌𝐒𝐇𝐎𝐏 𝐃𝐈𝐒𝐊𝐋𝐄𝐒𝐒 𝐏𝐀𝐂𝐊𝐀𝐆𝐄
#PCMERCHANDISE #PCMBUILDS",,0,"03/16/2023 22:00",,https://www.facebook.com/pcmerchandise.co/posts/pfbid0ze6Z1L1z6LcB1DBsiNY2eDzJNo5MQjkHvd880Sj2trI6GvT83Iw7wjJC,0,0,Photos,,,,,03/21/2023,,,0,0,0,0,0,0,,,,,
999130127056723,100064197037125,"PC Merchandise","𝐒𝐎𝐋𝐃 𝐢𝟓 𝟏𝟎𝟒𝟎𝟎𝐅 𝟏𝟎+𝟏 (10PCS)
𝐂𝐎𝐌𝐒𝐇𝐎𝐏 𝐃𝐈𝐒𝐊𝐋𝐄𝐒𝐒 𝐏𝐀𝐂𝐊𝐀𝐆𝐄
#PCMERCHANDISE #PCMBUILDS",,0,"03/16/2023 22:00",,https://www.facebook.com/pcmerchandise.co/posts/pfbid0ze6Z1L1z6LcB1DBsiNY2eDzJNo5MQjkHvd880Sj2trI6GvT83Iw7wjJC,0,0,Photos,,,,,03/22/2023,,,0,0,0,0,0,0,,,,,
999130127056723,100064197037125,"PC Merchandise","𝐒𝐎𝐋𝐃 𝐢𝟓 𝟏𝟎𝟒𝟎𝟎𝐅 𝟏𝟎+𝟏 (10PCS)
𝐂𝐎𝐌𝐒𝐇𝐎𝐏 𝐃𝐈𝐒𝐊𝐋𝐄𝐒𝐒 𝐏𝐀𝐂𝐊𝐀𝐆𝐄
#PCMERCHANDISE #PCMBUILDS",,0,"03/16/2023 22:00",,https://www.facebook.com/pcmerchandise.co/posts/pfbid0ze6Z1L1z6LcB1DBsiNY2eDzJNo5MQjkHvd880Sj2trI6GvT83Iw7wjJC,0,0,Photos,,,,,03/23/2023,,,0,0,0,0,0,0,,,,,
999130127056723,100064197037125,"PC Merchandise","𝐒𝐎𝐋𝐃 𝐢𝟓 𝟏𝟎𝟒𝟎𝟎𝐅 𝟏𝟎+𝟏 (10PCS)
𝐂𝐎𝐌𝐒𝐇𝐎𝐏 𝐃𝐈𝐒𝐊𝐋𝐄𝐒𝐒 𝐏𝐀𝐂𝐊𝐀𝐆𝐄
#PCMERCHANDISE #PCMBUILDS",,0,"03/16/2023 22:00",,https://www.facebook.com/pcmerchandise.co/posts/pfbid0ze6Z1L1z6LcB1DBsiNY2eDzJNo5MQjkHvd880Sj2trI6GvT83Iw7wjJC,0,0,Photos,,,,,03/24/2023,,,0,0,0,0,0,0,,,,,
999130127056723,100064197037125,"PC Merchandise","𝐒𝐎𝐋𝐃 𝐢𝟓 𝟏𝟎𝟒𝟎𝟎𝐅 𝟏𝟎+𝟏 (10PCS)
𝐂𝐎𝐌𝐒𝐇𝐎𝐏 𝐃𝐈𝐒𝐊𝐋𝐄𝐒𝐒 𝐏𝐀𝐂𝐊𝐀𝐆𝐄
#PCMERCHANDISE #PCMBUILDS",,0,"03/16/2023 22:00",,https://www.facebook.com/pcmerchandise.co/posts/pfbid0ze6Z1L1z6LcB1DBsiNY2eDzJNo5MQjkHvd880Sj2trI6GvT83Iw7wjJC,0,0,Photos,,,,,03/25/2023,,,0,0,0,0,0,0,,,,,
999130127056723,100064197037125,"PC Merchandise","𝐒𝐎𝐋𝐃 𝐢𝟓 𝟏𝟎𝟒𝟎𝟎𝐅 𝟏𝟎+𝟏 (10PCS)
𝐂𝐎𝐌𝐒𝐇𝐎𝐏 𝐃𝐈𝐒𝐊𝐋𝐄𝐒𝐒 𝐏𝐀𝐂𝐊𝐀𝐆𝐄
#PCMERCHANDISE #PCMBUILDS",,0,"03/16/2023 22:00",,https://www.facebook.com/pcmerchandise.co/posts/pfbid0ze6Z1L1z6LcB1DBsiNY2eDzJNo5MQjkHvd880Sj2trI6GvT83Iw7wjJC,0,0,Photos,,,,,03/26/2023,,,0,0,0,0,0,0,,,,,
999130127056723,100064197037125,"PC Merchandise","𝐒𝐎𝐋𝐃 𝐢𝟓 𝟏𝟎𝟒𝟎𝟎𝐅 𝟏𝟎+𝟏 (10PCS)
𝐂𝐎𝐌𝐒𝐇𝐎𝐏 𝐃𝐈𝐒𝐊𝐋𝐄𝐒𝐒 𝐏𝐀𝐂𝐊𝐀𝐆𝐄
#PCMERCHANDISE #PCMBUILDS",,0,"03/16/2023 22:00",,https://www.facebook.com/pcmerchandise.co/posts/pfbid0ze6Z1L1z6LcB1DBsiNY2eDzJNo5MQjkHvd880Sj2trI6GvT83Iw7wjJC,0,0,Photos,,,,,03/27/2023,,,0,0,0,0,0,0,,,,,
999130127056723,100064197037125,"PC Merchandise","𝐒𝐎𝐋𝐃 𝐢𝟓 𝟏𝟎𝟒𝟎𝟎𝐅 𝟏𝟎+𝟏 (10PCS)
𝐂𝐎𝐌𝐒𝐇𝐎𝐏 𝐃𝐈𝐒𝐊𝐋𝐄𝐒𝐒 𝐏𝐀𝐂𝐊𝐀𝐆𝐄
#PCMERCHANDISE #PCMBUILDS",,0,"03/16/2023 22:00",,https://www.facebook.com/pcmerchandise.co/posts/pfbid0ze6Z1L1z6LcB1DBsiNY2eDzJNo5MQjkHvd880Sj2trI6GvT83Iw7wjJC,0,0,Photos,,,,,03/28/2023,,,0,0,0,0,0,0,,,,,
999130127056723,100064197037125,"PC Merchandise","𝐒𝐎𝐋𝐃 𝐢𝟓 𝟏𝟎𝟒𝟎𝟎𝐅 𝟏𝟎+𝟏 (10PCS)
𝐂𝐎𝐌𝐒𝐇𝐎𝐏 𝐃𝐈𝐒𝐊𝐋𝐄𝐒𝐒 𝐏𝐀𝐂𝐊𝐀𝐆𝐄
#PCMERCHANDISE #PCMBUILDS",,0,"03/16/2023 22:00",,https://www.facebook.com/pcmerchandise.co/posts/pfbid0ze6Z1L1z6LcB1DBsiNY2eDzJNo5MQjkHvd880Sj2trI6GvT83Iw7wjJC,0,0,Photos,,,,,03/29/2023,,,0,0,0,0,0,0,,,,,
999130127056723,100064197037125,"PC Merchandise","𝐒𝐎𝐋𝐃 𝐢𝟓 𝟏𝟎𝟒𝟎𝟎𝐅 𝟏𝟎+𝟏 (10PCS)
𝐂𝐎𝐌𝐒𝐇𝐎𝐏 𝐃𝐈𝐒𝐊𝐋𝐄𝐒𝐒 𝐏𝐀𝐂𝐊𝐀𝐆𝐄
#PCMERCHANDISE #PCMBUILDS",,0,"03/16/2023 22:00",,https://www.facebook.com/pcmerchandise.co/posts/pfbid0ze6Z1L1z6LcB1DBsiNY2eDzJNo5MQjkHvd880Sj2trI6GvT83Iw7wjJC,0,0,Photos,,,,,03/30/2023,,,0,0,0,0,0,0,,,,,
999130127056723,100064197037125,"PC Merchandise","𝐒𝐎𝐋𝐃 𝐢𝟓 𝟏𝟎𝟒𝟎𝟎𝐅 𝟏𝟎+𝟏 (10PCS)
𝐂𝐎𝐌𝐒𝐇𝐎𝐏 𝐃𝐈𝐒𝐊𝐋𝐄𝐒𝐒 𝐏𝐀𝐂𝐊𝐀𝐆𝐄
#PCMERCHANDISE #PCMBUILDS",,0,"03/16/2023 22:00",,https://www.facebook.com/pcmerchandise.co/posts/pfbid0ze6Z1L1z6LcB1DBsiNY2eDzJNo5MQjkHvd880Sj2trI6GvT83Iw7wjJC,0,0,Photos,,,,,03/31/2023,,,0,0,0,0,0,0,,,,,
999323179306364,100064197037125,"PC Merchandise","Paano kung sabihin ko sayo na kaya mo na mag GTX 1050TI build under budget? 👀",,76,"03/16/2023 17:30",mixed,https://www.facebook.com/reel/1747459063878502/,0,0,Reels,,,,,03/01/2023,0,,,,,,0,0,0,0,0,0.000,3.377
999323179306364,100064197037125,"PC Merchandise","Paano kung sabihin ko sayo na kaya mo na mag GTX 1050TI build under budget? 👀",,76,"03/16/2023 17:30",mixed,https://www.facebook.com/reel/1747459063878502/,0,0,Reels,,,,,03/02/2023,0,,,,,,0,0,0,0,0,0.000,3.916
999323179306364,100064197037125,"PC Merchandise","Paano kung sabihin ko sayo na kaya mo na mag GTX 1050TI build under budget? 👀",,76,"03/16/2023 17:30",mixed,https://www.facebook.com/reel/1747459063878502/,0,0,Reels,,,,,03/03/2023,0,,,,,,0,0,0,0,0,0.000,3.595
999323179306364,100064197037125,"PC Merchandise","Paano kung sabihin ko sayo na kaya mo na mag GTX 1050TI build under budget? 👀",,76,"03/16/2023 17:30",mixed,https://www.facebook.com/reel/1747459063878502/,0,0,Reels,,,,,03/04/2023,0,,,,,,0,0,0,0,0,0.000,4.001
999323179306364,100064197037125,"PC Merchandise","Paano kung sabihin ko sayo na kaya mo na mag GTX 1050TI build under budget? 👀",,76,"03/16/2023 17:30",mixed,https://www.facebook.com/reel/1747459063878502/,0,0,Reels,,,,,03/05/2023,0,,,,,,0,0,0,0,0,0.000,4.266
999323179306364,100064197037125,"PC Merchandise","Paano kung sabihin ko sayo na kaya mo na mag GTX 1050TI build under budget? 👀",,76,"03/16/2023 17:30",mixed,https://www.facebook.com/reel/1747459063878502/,0,0,Reels,,,,,03/06/2023,0,,,,,,0,0,0,0,0,0.000,2.661
999323179306364,100064197037125,"PC Merchandise","Paano kung sabihin ko sayo na kaya mo na mag GTX 1050TI build under budget? 👀",,76,"03/16/2023 17:30",mixed,https://www.facebook.com/reel/1747459063878502/,0,0,Reels,,,,,03/07/2023,0,,,,,,0,0,0,0,0,0.000,4.015
999323179306364,100064197037125,"PC Merchandise","Paano kung sabihin ko sayo na kaya mo na mag GTX 1050TI build under budget? 👀",,76,"03/16/2023 17:30",mixed,https://www.facebook.com/reel/1747459063878502/,0,0,Reels,,,,,03/08/2023,0,,,,,,0,0,0,0,0,0.000,4.139
999323179306364,100064197037125,"PC Merchandise","Paano kung sabihin ko sayo na kaya mo na mag GTX 1050TI build under budget? 👀",,76,"03/16/2023 17:30",mixed,https://www.facebook.com/reel/1747459063878502/,0,0,Reels,,,,,03/09/2023,0,,,,,,0,0,0,0,0,0.000,3.041
999323179306364,100064197037125,"PC Merchandise","Paano kung sabihin ko sayo na kaya mo na mag GTX 1050TI build under budget? 👀",,76,"03/16/2023 17:30",mixed,https://www.facebook.com/reel/1747459063878502/,0,0,Reels,,,,,03/10/2023,0,,,,,,0,0,0,0,0,0.000,3.538
999323179306364,100064197037125,"PC Merchandise","Paano kung sabihin ko sayo na kaya mo na mag GTX 1050TI build under budget? 👀",,76,"03/16/2023 17:30",mixed,https://www.facebook.com/reel/1747459063878502/,0,0,Reels,,,,,03/11/2023,0,,,,,,0,0,0,0,0,0.000,3.264
999323179306364,100064197037125,"PC Merchandise","Paano kung sabihin ko sayo na kaya mo na mag GTX 1050TI build under budget? 👀",,76,"03/16/2023 17:30",mixed,https://www.facebook.com/reel/1747459063878502/,0,0,Reels,,,,,03/12/2023,0,,,,,,0,0,0,0,0,0.000,4.677
999323179306364,100064197037125,"PC Merchandise","Paano kung sabihin ko sayo na kaya mo na mag GTX 1050TI build under budget? 👀",,76,"03/16/2023 17:30",mixed,https://www.facebook.com/reel/1747459063878502/,0,0,Reels,,,,,03/13/2023,0,,,,,,0,0,0,0,0,0.000,4.050
999323179306364,100064197037125,"PC Merchandise","Paano kung sabihin ko sayo na kaya mo na mag GTX 1050TI build under budget? 👀",,76,"03/16/2023 17:30",mixed,https://www.facebook.com/reel/1747459063878502/,0,0,Reels,,,,,03/14/2023,0,,,,,,0,0,0,0,0,0.000,3.457
999323179306364,100064197037125,"PC Merchandise","Paano kung sabihin ko sayo na kaya mo na mag GTX 1050TI build under budget? 👀",,76,"03/16/2023 17:30",mixed,https://www.facebook.com/reel/1747459063878502/,0,0,Reels,,,,,03/15/2023,0,,,,,,0,0,0,0,0,0.000,3.969
999323179306364,100064197037125,"PC Merchandise","Paano kung sabihin ko sayo na kaya mo na mag GTX 1050TI build under budget? 👀",,76,"03/16/2023 17:30",mixed,https://www.facebook.com/reel/1747459063878502/,0,0,Reels,,,,,03/16/2023,0,,,,,,140,0,0,0,0,1651.111,3.872
999323179306364,100064197037125,"PC Merchandise","Paano kung sabihin ko sayo na kaya mo na mag GTX 1050TI build under budget? 👀",,76,"03/16/2023 17:30",mixed,https://www.facebook.com/reel/1747459063878502/,0,0,Reels,,,,,03/17/2023,0,,,,,,150,0,0,0,0,1541.016,3.177
999323179306364,100064197037125,"PC Merchandise","Paano kung sabihin ko sayo na kaya mo na mag GTX 1050TI build under budget? 👀",,76,"03/16/2023 17:30",mixed,https://www.facebook.com/reel/1747459063878502/,0,0,Reels,,,,,03/18/2023,0,,,,,,140,0,0,0,0,799.125,4.198
999323179306364,100064197037125,"PC Merchandise","Paano kung sabihin ko sayo na kaya mo na mag GTX 1050TI build under budget? 👀",,76,"03/16/2023 17:30",mixed,https://www.facebook.com/reel/1747459063878502/,0,0,Reels,,,,,03/19/2023,0,,,,,,157,0,0,0,0,740.467,2.735
999323179306364,100064197037125,"PC Merchandise","Paano kung sabihin ko sayo na kaya mo na mag GTX 1050TI build under budget? 👀",,76,"03/16/2023 17:30",mixed,https://www.facebook.com/reel/1747459063878502/,0,0,Reels,,,,,03/20/2023,0,,,,,,140,0,0,0,0,673.577,4.033
999323179306364,100064197037125,"PC Merchandise","Paano kung sabihin ko sayo na kaya mo na mag GTX 1050TI build under budget? 👀",,76,"03/16/2023 17:30",mixed,https://www.facebook.com/reel/1747459063878502/,0,0,Reels,,,,,03/21/2023,0,,,,,,143,0,0,0,0,292.275,2.694
999323179306364,100064197037125,"PC Merchandise","Paano kung sabihin ko sayo na kaya mo na mag GTX 1050TI build under budget? 👀",,76,"03/16/2023 17:30",mixed,https://www.facebook.com/reel/1747459063878502/,0,0,Reels,,,,,03/22/2023,0,,,,,,129,0,1,0,1,434.743,3.288
999323179306364,100064197037125,"PC Merchandise","Paano kung sabihin ko sayo na kaya mo na mag GTX 1050TI build under budget? 👀",,76,"03/16/2023 17:30",mixed,https://www.facebook.com/reel/1747459063878502/,0,0,Reels,,,,,03/23/2023,0,,,,,,138,0,0,0,0,308.389,3.715
999323179306364,100064197037125,"PC Merchandise","Paano kung sabihin ko sayo na kaya mo na mag GTX 1050TI build under budget? 👀",,76,"03/16/2023 17:30",mixed,https://www.facebook.com/reel/1747459063878502/,0,0,Reels,,,,,03/24/2023,0,,,,,,146,0,0,0,0,211.377,3.627
999323179306364,100064197037125,"PC Merchandise","Paano kung sabihin ko sayo na kaya mo na mag GTX 1050TI build under budget? 👀",,76,"03/16/2023 17:30",mixed,https://www.facebook.com/reel/1747459063878502/,0,0,Reels,,,,,03/25/2023,0,,,,,,154,0,0,0,0,192.823,2.814
999323179306364,100064197037125,"PC Merchandise","Paano kung sabihin ko sayo na kaya mo na mag GTX 1050TI build under budget? 👀",,76,"03/16/2023 17:30",mixed,https://www.facebook.com/reel/1747459063878502/,0,0,Reels,,,,,03/26/2023,0,,,,,,0,0,0,0,0,115.914,2.798
999323179306364,100064197037125,"PC Merchandise","Paano kung sabihin ko sayo na kaya mo na mag GTX 1050TI build under budget? 👀",,76,"03/16/2023 17:30",mixed,https://www.facebook.com/reel/1747459063878502/,0,0,Reels,,,,,03/27/2023,0,,,,,,0,0,0,0,0,109.312,3.503
999323179306364,100064197037125,"PC Merchandise","Paano kung sabihin ko sayo na kaya mo na mag GTX 1050TI build under budget? 👀",,76,"03/16/2023 17:30",mixed,https://www.facebook.com/reel/1747459063878502/,0,0,Reels,,,,,03/28/2023,0,,,,,,0,0,0,0,0,133.001,3.864
999323179306364,100064197037125,"PC Merchandise","Paano kung sabihin ko sayo na kaya mo na mag GTX 1050TI build under budget? 👀",,76,"03/16/2023 17:30",mixed,https://www.facebook.com/reel/1747459063878502/,0,0,Reels,,,,,03/29/2023,0,,,,,,0,0,0,0,0,230.241,2.328
999323179306364,100064197037125,"PC Merchandise","Paano kung sabihin ko sayo na kaya mo na mag GTX 1050TI build under budget? 👀",,76,"03/16/2023 17:30",mixed,https://www.facebook.com/reel/1747459063878502/,0,0,Reels,,,,,03/30/2023,0,,,,,,0,0,0,0,0,128.296,3.234
999323179306364,100064197037125,"PC Merchandise","Paano kung sabihin ko sayo na kaya mo na mag GTX 1050TI build under budget? 👀",,76,"03/16/2023 17:30",mixed,https://www.facebook.com/reel/1747459063878502/,0,0,Reels,,,,,03/31/2023,0,,,,,,0,0,0,0,0,129.368,3.165
999379836068772,100064197037125,"PC Merchandise","BUDGET BUILD ALERT 🚨 i5 10400F + GTX 1650 — perfect for online class and gaming!",,53,"03/15/2023 19:57",,https://www.facebook.com/reel/1283184862331505/,0,0,Reels,,,,,03/01/2023,0,,,,,,0,0,0,0,0,0.000,7.041
999379836068772,100064197037125,"PC Merchandise","BUDGET BUILD ALERT 🚨 i5 10400F + GTX 1650 — perfect for online class and gaming!",,53,"03/15/2023 19:57",,https://www.facebook.com/reel/1283184862331505/,0,0,Reels,,,,,03/02/2023,0,,,,,,0,0,0,0,0,0.000,7.753
999379836068772,100064197037125,"PC Merchandise","BUDGET BUILD ALERT 🚨 i5 10400F + GTX 1650 — perfect for online class and gaming!",,53,"03/15/2023 19:57",,https://www.facebook.com/reel/1283184862331505/,0,0,Reels,,,,,03/03/2023,0,,,,,,0,0,0,0,0,0.000,5.808
999379836068772,100064197037125,"PC Merchandise","BUDGET BUILD ALERT 🚨 i5 10400F + GTX 1650 — perfect for online class and gaming!",,53,"03/15/2023 19:57",,https://www.facebook.com/reel/1283184862331505/,0,0,Reels,,,,,03/04/2023,0,,,,,,0,0,0,0,0,0.000,7.262
999379836068772,100064197037125,"PC Merchandise","BUDGET BUILD ALERT 🚨 i5 10400F + GTX 1650 — perfect for online class and gaming!",,53,"03/15/2023 19:57",,https://www.facebook.com/reel/1283184862331505/,0,0,Reels,,,,,03/05/2023,0,,,,,,0,0,0,0,0,0.000,6.645
999379836068772,100064197037125,"PC Merchandise","BUDGET BUILD ALERT 🚨 i5 10400F + GTX 1650 — perfect for online class and gaming!",,53,"03/15/2023 19:57",,https://www.facebook.com/reel/1283184862331505/,0,0,Reels,,,,,03/06/2023,0,,,,,,0,0,0,0,0,0.000,7.272
999379836068772,100064197037125,"PC Merchandise","BUDGET BUILD ALERT 🚨 i5 10400F + GTX 1650 — perfect for online class and gaming!",,53,"03/15/2023 19:57",,https://www.facebook.com/reel/1283184862331505/,0,0,Reels,,,,,03/07/2023,0,,,,,,0,0,0,0,0,0.000,6.832
999379836068772,100064197037125,"PC Merchandise","BUDGET BUILD ALERT 🚨 i5 10400F + GTX 1650 — perfect for online class and gaming!",,53,"03/15/2023 19:57",,https://www.facebook.com/reel/1283184862331505/,0,0,Reels,,,,,03/08/2023,0,,,,,,0,0,0,0,0,0.000,5.846
999379836068772,100064197037125,"PC Merchandise","BUDGET BUILD ALERT 🚨 i5 10400F + GTX 1650 — perfect for online class and gaming!",,53,"03/15/2023 19:57",,https://www.facebook.com/reel/1283184862331505/,0,0,Reels,,,,,03/09/2023,0,,,,,,0,0,0,0,0,0.000,6.380
999379836068772,100064197037125,"PC Merchandise","BUDGET BUILD ALERT 🚨 i5 10400F + GTX 1650 — perfect for online class and gaming!",,53,"03/15/2023 19:57",,https://www.facebook.com/reel/1283184862331505/,0,0,Reels,,,,,03/10/2023,0,,,,,,0,0,0,0,0,0.000,6.961
999379836068772,100064197037125,"PC Merchandise","BUDGET BUILD ALERT 🚨 i5 10400F + GTX 1650 — perfect for online class and gaming!",,53,"03/15/2023 19:57",,https://www.facebook.com/reel/1283184862331505/,0,0,Reels,,,,,03/11/2023,0,,,,,,0,0,0,0,0,0.000,6.909
999379836068772,100064197037125,"PC Merchandise","BUDGET BUILD ALERT 🚨 i5 10400F + GTX 1650 — perfect for online class and gaming!",,53,"03/15/2023 19:57",,https://www.facebook.com/reel/1283184862331505/,0,0,Reels,,,,,03/12/2023,0,,,,,,0,0,0,0,0,0.000,6.881
999379836068772,100064197037125,"PC Merchandise","BUDGET BUILD ALERT 🚨 i5 10400F + GTX 1650 — perfect for online class and gaming!",,53,"03/15/2023 19:57",,https://www.facebook.com/reel/1283184862331505/,0,0,Reels,,,,,03/13/2023,0,,,,,,0,0,0,0,0,0.000,5.418
999379836068772,100064197037125,"PC Merchandise","BUDGET BUILD ALERT 🚨 i5 10400F + GTX 1650 — perfect for online class and gaming!",,53,"03/15/2023 19:57",,https://www.facebook.com/reel/1283184862331505/,0,0,Reels,,,,,03/14/2023,0,,,,,,0,0,0,0,0,0.000,6.972
999379836068772,100064197037125,"PC Merchandise","BUDGET BUILD ALERT 🚨 i5 10400F + GTX 1650 — perfect for online class and gaming!",,53,"03/15/2023 19:57",,https://www.facebook.com/reel/1283184862331505/,0,0,Reels,,,,,03/15/2023,0,,,,,,21,0,0,0,0,185.846,5.600
999379836068772,100064197037125,"PC Merchandise","BUDGET BUILD ALERT 🚨 i5 10400F + GTX 1650 — perfect for online class and gaming!",,53,"03/15/2023 19:57",,https://www.facebook.com/reel/1283184862331505/,0,0,Reels,,,,,03/16/2023,0,,,,,,21,0,0,0,0,160.474,6.290
999379836068772,100064197037125,"PC Merchandise","BUDGET BUILD ALERT 🚨 i5 10400F + GTX 1650 — perfect for online class and gaming!",,53,"03/15/2023 19:57",,https://www.facebook.com/reel/1283184862331505/,0,0,Reels,,,,,03/17/2023,0,,,,,,32,0,0,0,0,80.982,6.672
999379836068772,100064197037125,"PC Merchandise","BUDGET BUILD ALERT 🚨 i5 10400F + GTX 1650 — perfect for online class and gaming!",,53,"03/15/2023 19:57",,https://www.facebook.com/reel/1283184862331505/,0,0,Reels,,,,,03/18/2023,0,,,,,,28,0,0,0,0,54.139,8.533
999379836068772,100064197037125,"PC Merchandise","BUDGET BUILD ALERT 🚨 i5 10400F + GTX 1650 — perfect for online class and gaming!",,53,"03/15/2023 19:57",,https://www.facebook.com/reel/1283184862331505/,0,0,Reels,,,,,03/19/2023,0,,,,,,32,0,1,1,0,48.487,6.870
999379836068772,100064197037125,"PC Merchandise","BUDGET BUILD ALERT 🚨 i5 10400F + GTX 1650 — perfect for online class and gaming!",,53,"03/15/2023 19:57",,https://www.facebook.com/reel/1283184862331505/,0,0,Reels,,,,,03/20/2023,0,,,,,,29,0,0,0,0,23.923,6.701
999379836068772,100064197037125,"PC Merchandise","BUDGET BUILD ALERT 🚨 i5 10400F + GTX 1650 — perfect for online class and gaming!",,53,"03/15/2023 19:57",,https://www.facebook.com/reel/1283184862331505/,0,0,Reels,,,,,03/21/2023,0,,,,,,33,0,0,0,0,47.118,6.055
999379836068772,100064197037125,"PC Merchandise","BUDGET BUILD ALERT 🚨 i5 10400F + GTX 1650 — perfect for online class and gaming!",,53,"03/15/2023 19:57",,https://www.facebook.com/reel/1283184862331505/,0,0,Reels,,,,,03/22/2023,0,,,,,,27,0,1,1,0,22.726,6.600
999379836068772,100064197037125,"PC Merchandise","BUDGET BUILD ALERT 🚨 i5 10400F + GTX 1650 — perfect for online class and gaming!",,53,"03/15/2023 19:57",,https://www.facebook.com/reel/1283184862331505/,0,0,Reels,,,,,03/23/2023,0,,,,,,35,0,0,0,0,30.672,7.038
999379836068772,100064197037125,"PC Merchandise","BUDGET BUILD ALERT 🚨 i5 10400F + GTX 1650 — perfect for online class and gaming!",,53,"03/15/2023 19:57",,https://www.facebook.com/reel/1283184862331505/,0,0,Reels,,,,,03/24/2023,0,,,,,,30,0,0,0,0,11.012,4.834
999379836068772,100064197037125,"PC Merchandise","BUDGET BUILD ALERT 🚨 i5 10400F + GTX 1650 — perfect for online class and gaming!",,53,"03/15/2023 19:57",,https://www.facebook.com/reel/1283184862331505/,0,0,Reels,,,,,03/25/2023,0,,,,,,45,0,0,0,0,4.391,6.574
999379836068772,100064197037125,"PC Merchandise","BUDGET BUILD ALERT 🚨 i5 10400F + GTX 1650 — perfect for online class and gaming!",,53,"03/15/2023 19:57",,https://www.facebook.com/reel/1283184862331505/,0,0,Reels,,,,,03/26/2023,0,,,,,,29,0,0,0,0,12.304,5.191
999379836068772,100064197037125,"PC Merchandise","BUDGET BUILD ALERT 🚨 i5 10400F + GTX 1650 — perfect for online class and gaming!",,53,"03/15/2023 19:57",,https://www.facebook.com/reel/1283184862331505/,0,0,Reels,,,,,03/27/2023,0,,,,,,0,0,0,0,0,10.933,6.466
999379836068772,100064197037125,"PC Merchandise","BUDGET BUILD ALERT 🚨 i5 10400F + GTX 1650 — perfect for online class and gaming!",,53,"03/15/2023 19:57",,https://www.facebook.com/reel/1283184862331505/,0,0,Reels,,,,,03/28/2023,0,,,,,,0,0,1,1,0,7.558,8.131
999379836068772,100064197037125,"PC Merchandise","BUDGET BUILD ALERT 🚨 i5 10400F + GTX 1650 — perfect for online class and gaming!",,53,"03/15/2023 19:57",,https://www.facebook.com/reel/1283184862331505/,0,0,Reels,,,,,03/29/2023,0,,,,,,0,0,0,0,0,6.717,7.161
999379836068772,100064197037125,"PC Merchandise","BUDGET BUILD ALERT 🚨 i5 10400F + GTX 1650 — perfect for online class and gaming!",,53,"03/15/2023 19:57",,https://www.facebook.com/reel/1283184862331505/,0,0,Reels,,,,,03/30/2023,0,,,,,,0,0,1,1,0,9.367,6.384
999379836068772,100064197037125,"PC Merchandise","BUDGET BUILD ALERT 🚨 i5 10400F + GTX 1650 — perfect for online class and gaming!",,53,"03/15/2023 19:57",,https://www.facebook.com/reel/1283184862331505/,0,0,Reels,,,,,03/31/2023,0,,,,,,0,0,0,0,0,6.977,6.429
999769925798661,100064197037125,"PC Merchandise","ito na po yung ghost project🥲",,0,"03/15/2023 19:01",,https://www.facebook.com/pcmerchandise.co/posts/pfbid05UmN7aBtQgX5RuvCY09Pzk3utqp3O8KUfBQva7uWyiFWRSrRpR3Xv8VP,0,0,Photos,,,,,03/31/2023,0,,,,,,,,,,,,
999769925798661,100064197037125,"PC Merchandise","ito na po yung ghost project🥲",,0,"03/15/2023 19:01",,https://www.facebook.com/pcmerchandise.co/posts/pfbid05UmN7aBtQgX5RuvCY09Pzk3utqp3O8KUfBQva7uWyiFWRSrRpR3Xv8VP,0,0,Photos,,,,,03/01/2023,,,0,0,0,0,0,0,,,,,
999769925798661,100064197037125,"PC Merchandise","ito na po yung ghost project🥲",,0,"03/15/2023 19:01",,https://www.facebook.com/pcmerchandise.co/posts/pfbid05UmN7aBtQgX5RuvCY09Pzk3utqp3O8KUfBQva7uWyiFWRSrRpR3Xv8VP,0,0,Photos,,,,,03/02/2023,,,0,0,0,0,0,0,,,,,
999769925798661,100064197037125,"PC Merchandise","ito na po yung ghost project🥲",,0,"03/15/2023 19:01",,https://www.facebook.com/pcmerchandise.co/posts/pfbid05UmN7aBtQgX5RuvCY09Pzk3utqp3O8KUfBQva7uWyiFWRSrRpR3Xv8VP,0,0,Photos,,,,,03/03/2023,,,0,0,0,0,0,0,,,,,
999769925798661,100064197037125,"PC Merchandise","ito na po yung ghost project🥲",,0,"03/15/2023 19:01",,https://www.facebook.com/pcmerchandise.co/posts/pfbid05UmN7aBtQgX5RuvCY09Pzk3utqp3O8KUfBQva7uWyiFWRSrRpR3Xv8VP,0,0,Photos,,,,,03/04/2023,,,0,0,0,0,0,0,,,,,
999769925798661,100064197037125,"PC Merchandise","ito na po yung ghost project🥲",,0,"03/15/2023 19:01",,https://www.facebook.com/pcmerchandise.co/posts/pfbid05UmN7aBtQgX5RuvCY09Pzk3utqp3O8KUfBQva7uWyiFWRSrRpR3Xv8VP,0,0,Photos,,,,,03/05/2023,,,0,0,0,0,0,0,,,,,
999769925798661,100064197037125,"PC Merchandise","ito na po yung ghost project🥲",,0,"03/15/2023 19:01",,https://www.facebook.com/pcmerchandise.co/posts/pfbid05UmN7aBtQgX5RuvCY09Pzk3utqp3O8KUfBQva7uWyiFWRSrRpR3Xv8VP,0,0,Photos,,,,,03/06/2023,,,0,0,0,0,0,0,,,,,
999769925798661,100064197037125,"PC Merchandise","ito na po yung ghost project🥲",,0,"03/15/2023 19:01",,https://www.facebook.com/pcmerchandise.co/posts/pfbid05UmN7aBtQgX5RuvCY09Pzk3utqp3O8KUfBQva7uWyiFWRSrRpR3Xv8VP,0,0,Photos,,,,,03/07/2023,,,0,0,0,0,0,0,,,,,
999769925798661,100064197037125,"PC Merchandise","ito na po yung ghost project🥲",,0,"03/15/2023 19:01",,https://www.facebook.com/pcmerchandise.co/posts/pfbid05UmN7aBtQgX5RuvCY09Pzk3utqp3O8KUfBQva7uWyiFWRSrRpR3Xv8VP,0,0,Photos,,,,,03/08/2023,,,0,0,0,0,0,0,,,,,
999769925798661,100064197037125,"PC Merchandise","ito na po yung ghost project🥲",,0,"03/15/2023 19:01",,https://www.facebook.com/pcmerchandise.co/posts/pfbid05UmN7aBtQgX5RuvCY09Pzk3utqp3O8KUfBQva7uWyiFWRSrRpR3Xv8VP,0,0,Photos,,,,,03/09/2023,,,0,0,0,0,0,0,,,,,
999769925798661,100064197037125,"PC Merchandise","ito na po yung ghost project🥲",,0,"03/15/2023 19:01",,https://www.facebook.com/pcmerchandise.co/posts/pfbid05UmN7aBtQgX5RuvCY09Pzk3utqp3O8KUfBQva7uWyiFWRSrRpR3Xv8VP,0,0,Photos,,,,,03/10/2023,,,0,0,0,0,0,0,,,,,
999769925798661,100064197037125,"PC Merchandise","ito na po yung ghost project🥲",,0,"03/15/2023 19:01",,https://www.facebook.com/pcmerchandise.co/posts/pfbid05UmN7aBtQgX5RuvCY09Pzk3utqp3O8KUfBQva7uWyiFWRSrRpR3Xv8VP,0,0,Photos,,,,,03/11/2023,,,0,0,0,0,0,0,,,,,
999769925798661,100064197037125,"PC Merchandise","ito na po yung ghost project🥲",,0,"03/15/2023 19:01",,https://www.facebook.com/pcmerchandise.co/posts/pfbid05UmN7aBtQgX5RuvCY09Pzk3utqp3O8KUfBQva7uWyiFWRSrRpR3Xv8VP,0,0,Photos,,,,,03/12/2023,,,0,0,0,0,0,0,,,,,
999769925798661,100064197037125,"PC Merchandise","ito na po yung ghost project🥲",,0,"03/15/2023 19:01",,https://www.facebook.com/pcmerchandise.co/posts/pfbid05UmN7aBtQgX5RuvCY09Pzk3utqp3O8KUfBQva7uWyiFWRSrRpR3Xv8VP,0,0,Photos,,,,,03/13/2023,,,0,0,0,0,0,0,,,,,
999769925798661,100064197037125,"PC Merchandise","ito na po yung ghost project🥲",,0,"03/15/2023 19:01",,https://www.facebook.com/pcmerchandise.co/posts/pfbid05UmN7aBtQgX5RuvCY09Pzk3utqp3O8KUfBQva7uWyiFWRSrRpR3Xv8VP,0,0,Photos,,,,,03/14/2023,,,0,0,0,0,0,0,,,,,
999769925798661,100064197037125,"PC Merchandise","ito na po yung ghost project🥲",,0,"03/15/2023 19:01",,https://www.facebook.com/pcmerchandise.co/posts/pfbid05UmN7aBtQgX5RuvCY09Pzk3utqp3O8KUfBQva7uWyiFWRSrRpR3Xv8VP,0,0,Photos,,,,,03/15/2023,,,0,0,0,0,0,0,,,,,
999769925798661,100064197037125,"PC Merchandise","ito na po yung ghost project🥲",,0,"03/15/2023 19:01",,https://www.facebook.com/pcmerchandise.co/posts/pfbid05UmN7aBtQgX5RuvCY09Pzk3utqp3O8KUfBQva7uWyiFWRSrRpR3Xv8VP,0,0,Photos,,,,,03/16/2023,,,0,0,0,0,0,0,,,,,
999769925798661,100064197037125,"PC Merchandise","ito na po yung ghost project🥲",,0,"03/15/2023 19:01",,https://www.facebook.com/pcmerchandise.co/posts/pfbid05UmN7aBtQgX5RuvCY09Pzk3utqp3O8KUfBQva7uWyiFWRSrRpR3Xv8VP,0,0,Photos,,,,,03/17/2023,,,0,0,0,0,0,0,,,,,
999769925798661,100064197037125,"PC Merchandise","ito na po yung ghost project🥲",,0,"03/15/2023 19:01",,https://www.facebook.com/pcmerchandise.co/posts/pfbid05UmN7aBtQgX5RuvCY09Pzk3utqp3O8KUfBQva7uWyiFWRSrRpR3Xv8VP,0,0,Photos,,,,,03/18/2023,,,0,0,0,0,0,0,,,,,
999769925798661,100064197037125,"PC Merchandise","ito na po yung ghost project🥲",,0,"03/15/2023 19:01",,https://www.facebook.com/pcmerchandise.co/posts/pfbid05UmN7aBtQgX5RuvCY09Pzk3utqp3O8KUfBQva7uWyiFWRSrRpR3Xv8VP,0,0,Photos,,,,,03/19/2023,,,0,0,0,0,0,0,,,,,
999769925798661,100064197037125,"PC Merchandise","ito na po yung ghost project🥲",,0,"03/15/2023 19:01",,https://www.facebook.com/pcmerchandise.co/posts/pfbid05UmN7aBtQgX5RuvCY09Pzk3utqp3O8KUfBQva7uWyiFWRSrRpR3Xv8VP,0,0,Photos,,,,,03/20/2023,,,0,0,0,0,0,0,,,,,
999769925798661,100064197037125,"PC Merchandise","ito na po yung ghost project🥲",,0,"03/15/2023 19:01",,https://www.facebook.com/pcmerchandise.co/posts/pfbid05UmN7aBtQgX5RuvCY09Pzk3utqp3O8KUfBQva7uWyiFWRSrRpR3Xv8VP,0,0,Photos,,,,,03/21/2023,,,0,0,0,0,0,0,,,,,
999769925798661,100064197037125,"PC Merchandise","ito na po yung ghost project🥲",,0,"03/15/2023 19:01",,https://www.facebook.com/pcmerchandise.co/posts/pfbid05UmN7aBtQgX5RuvCY09Pzk3utqp3O8KUfBQva7uWyiFWRSrRpR3Xv8VP,0,0,Photos,,,,,03/22/2023,,,0,0,0,0,0,0,,,,,
999769925798661,100064197037125,"PC Merchandise","ito na po yung ghost project🥲",,0,"03/15/2023 19:01",,https://www.facebook.com/pcmerchandise.co/posts/pfbid05UmN7aBtQgX5RuvCY09Pzk3utqp3O8KUfBQva7uWyiFWRSrRpR3Xv8VP,0,0,Photos,,,,,03/23/2023,,,0,0,0,0,0,0,,,,,
999769925798661,100064197037125,"PC Merchandise","ito na po yung ghost project🥲",,0,"03/15/2023 19:01",,https://www.facebook.com/pcmerchandise.co/posts/pfbid05UmN7aBtQgX5RuvCY09Pzk3utqp3O8KUfBQva7uWyiFWRSrRpR3Xv8VP,0,0,Photos,,,,,03/24/2023,,,0,0,0,0,0,0,,,,,
999769925798661,100064197037125,"PC Merchandise","ito na po yung ghost project🥲",,0,"03/15/2023 19:01",,https://www.facebook.com/pcmerchandise.co/posts/pfbid05UmN7aBtQgX5RuvCY09Pzk3utqp3O8KUfBQva7uWyiFWRSrRpR3Xv8VP,0,0,Photos,,,,,03/25/2023,,,0,0,0,0,0,0,,,,,
999769925798661,100064197037125,"PC Merchandise","ito na po yung ghost project🥲",,0,"03/15/2023 19:01",,https://www.facebook.com/pcmerchandise.co/posts/pfbid05UmN7aBtQgX5RuvCY09Pzk3utqp3O8KUfBQva7uWyiFWRSrRpR3Xv8VP,0,0,Photos,,,,,03/26/2023,,,0,0,0,0,0,0,,,,,
999769925798661,100064197037125,"PC Merchandise","ito na po yung ghost project🥲",,0,"03/15/2023 19:01",,https://www.facebook.com/pcmerchandise.co/posts/pfbid05UmN7aBtQgX5RuvCY09Pzk3utqp3O8KUfBQva7uWyiFWRSrRpR3Xv8VP,0,0,Photos,,,,,03/27/2023,,,0,0,0,0,0,0,,,,,
999769925798661,100064197037125,"PC Merchandise","ito na po yung ghost project🥲",,0,"03/15/2023 19:01",,https://www.facebook.com/pcmerchandise.co/posts/pfbid05UmN7aBtQgX5RuvCY09Pzk3utqp3O8KUfBQva7uWyiFWRSrRpR3Xv8VP,0,0,Photos,,,,,03/28/2023,,,0,0,0,0,0,0,,,,,
999769925798661,100064197037125,"PC Merchandise","ito na po yung ghost project🥲",,0,"03/15/2023 19:01",,https://www.facebook.com/pcmerchandise.co/posts/pfbid05UmN7aBtQgX5RuvCY09Pzk3utqp3O8KUfBQva7uWyiFWRSrRpR3Xv8VP,0,0,Photos,,,,,03/29/2023,,,0,0,0,0,0,0,,,,,
999769925798661,100064197037125,"PC Merchandise","ito na po yung ghost project🥲",,0,"03/15/2023 19:01",,https://www.facebook.com/pcmerchandise.co/posts/pfbid05UmN7aBtQgX5RuvCY09Pzk3utqp3O8KUfBQva7uWyiFWRSrRpR3Xv8VP,0,0,Photos,,,,,03/30/2023,,,0,0,0,0,0,0,,,,,
999769925798661,100064197037125,"PC Merchandise","ito na po yung ghost project🥲",,0,"03/15/2023 19:01",,https://www.facebook.com/pcmerchandise.co/posts/pfbid05UmN7aBtQgX5RuvCY09Pzk3utqp3O8KUfBQva7uWyiFWRSrRpR3Xv8VP,0,0,Photos,,,,,03/31/2023,,,0,0,0,0,0,0,,,,,
999162867890214,100064197037125,"PC Merchandise","𝐏𝐑𝐈𝐂𝐄𝐋𝐈𝐒𝐓 𝟐𝟎𝟐𝟑 >>>
https://pcmerchandise.live/2023-PRICELIST",,0,"03/15/2023 19:00",,https://www.facebook.com/pcmerchandise.co/posts/pfbid0eEH5sSK3SEzIY9xNyH40QIr648yQQeOLyeZiUlEuUFVEnCbkY9hAeKp9,0,0,Photos,,,,,03/31/2023,0,,,,,,,,,,,,
999162867890214,100064197037125,"PC Merchandise","𝐏𝐑𝐈𝐂𝐄𝐋𝐈𝐒𝐓 𝟐𝟎𝟐𝟑 >>>
https://pcmerchandise.live/2023-PRICELIST",,0,"03/15/2023 19:00",,https://www.facebook.com/pcmerchandise.co/posts/pfbid0eEH5sSK3SEzIY9xNyH40QIr648yQQeOLyeZiUlEuUFVEnCbkY9hAeKp9,0,0,Photos,,,,,03/01/2023,,,0,0,0,0,0,0,,,,,
999162867890214,100064197037125,"PC Merchandise","𝐏𝐑𝐈𝐂𝐄𝐋𝐈𝐒𝐓 𝟐𝟎𝟐𝟑 >>>
https://pcmerchandise.live/2023-PRICELIST",,0,"03/15/2023 19:00",,https://www.facebook.com/pcmerchandise.co/posts/pfbid0eEH5sSK3SEzIY9xNyH40QIr648yQQeOLyeZiUlEuUFVEnCbkY9hAeKp9,0,0,Photos,,,,,03/02/2023,,,0,0,0,0,0,0,,,,,
999162867890214,100064197037125,"PC Merchandise","𝐏𝐑𝐈𝐂𝐄𝐋𝐈𝐒𝐓 𝟐𝟎𝟐𝟑 >>>
https://pcmerchandise.live/2023-PRICELIST",,0,"03/15/2023 19:00",,https://www.facebook.com/pcmerchandise.co/posts/pfbid0eEH5sSK3SEzIY9xNyH40QIr648yQQeOLyeZiUlEuUFVEnCbkY9hAeKp9,0,0,Photos,,,,,03/03/2023,,,0,0,0,0,0,0,,,,,
999162867890214,100064197037125,"PC Merchandise","𝐏𝐑𝐈𝐂𝐄𝐋𝐈𝐒𝐓 𝟐𝟎𝟐𝟑 >>>
https://pcmerchandise.live/2023-PRICELIST",,0,"03/15/2023 19:00",,https://www.facebook.com/pcmerchandise.co/posts/pfbid0eEH5sSK3SEzIY9xNyH40QIr648yQQeOLyeZiUlEuUFVEnCbkY9hAeKp9,0,0,Photos,,,,,03/04/2023,,,0,0,0,0,0,0,,,,,
999162867890214,100064197037125,"PC Merchandise","𝐏𝐑𝐈𝐂𝐄𝐋𝐈𝐒𝐓 𝟐𝟎𝟐𝟑 >>>
https://pcmerchandise.live/2023-PRICELIST",,0,"03/15/2023 19:00",,https://www.facebook.com/pcmerchandise.co/posts/pfbid0eEH5sSK3SEzIY9xNyH40QIr648yQQeOLyeZiUlEuUFVEnCbkY9hAeKp9,0,0,Photos,,,,,03/05/2023,,,0,0,0,0,0,0,,,,,
999162867890214,100064197037125,"PC Merchandise","𝐏𝐑𝐈𝐂𝐄𝐋𝐈𝐒𝐓 𝟐𝟎𝟐𝟑 >>>
https://pcmerchandise.live/2023-PRICELIST",,0,"03/15/2023 19:00",,https://www.facebook.com/pcmerchandise.co/posts/pfbid0eEH5sSK3SEzIY9xNyH40QIr648yQQeOLyeZiUlEuUFVEnCbkY9hAeKp9,0,0,Photos,,,,,03/06/2023,,,0,0,0,0,0,0,,,,,
999162867890214,100064197037125,"PC Merchandise","𝐏𝐑𝐈𝐂𝐄𝐋𝐈𝐒𝐓 𝟐𝟎𝟐𝟑 >>>
https://pcmerchandise.live/2023-PRICELIST",,0,"03/15/2023 19:00",,https://www.facebook.com/pcmerchandise.co/posts/pfbid0eEH5sSK3SEzIY9xNyH40QIr648yQQeOLyeZiUlEuUFVEnCbkY9hAeKp9,0,0,Photos,,,,,03/07/2023,,,0,0,0,0,0,0,,,,,
999162867890214,100064197037125,"PC Merchandise","𝐏𝐑𝐈𝐂𝐄𝐋𝐈𝐒𝐓 𝟐𝟎𝟐𝟑 >>>
https://pcmerchandise.live/2023-PRICELIST",,0,"03/15/2023 19:00",,https://www.facebook.com/pcmerchandise.co/posts/pfbid0eEH5sSK3SEzIY9xNyH40QIr648yQQeOLyeZiUlEuUFVEnCbkY9hAeKp9,0,0,Photos,,,,,03/08/2023,,,0,0,0,0,0,0,,,,,
999162867890214,100064197037125,"PC Merchandise","𝐏𝐑𝐈𝐂𝐄𝐋𝐈𝐒𝐓 𝟐𝟎𝟐𝟑 >>>
https://pcmerchandise.live/2023-PRICELIST",,0,"03/15/2023 19:00",,https://www.facebook.com/pcmerchandise.co/posts/pfbid0eEH5sSK3SEzIY9xNyH40QIr648yQQeOLyeZiUlEuUFVEnCbkY9hAeKp9,0,0,Photos,,,,,03/09/2023,,,0,0,0,0,0,0,,,,,
999162867890214,100064197037125,"PC Merchandise","𝐏𝐑𝐈𝐂𝐄𝐋𝐈𝐒𝐓 𝟐𝟎𝟐𝟑 >>>
https://pcmerchandise.live/2023-PRICELIST",,0,"03/15/2023 19:00",,https://www.facebook.com/pcmerchandise.co/posts/pfbid0eEH5sSK3SEzIY9xNyH40QIr648yQQeOLyeZiUlEuUFVEnCbkY9hAeKp9,0,0,Photos,,,,,03/10/2023,,,0,0,0,0,0,0,,,,,
999162867890214,100064197037125,"PC Merchandise","𝐏𝐑𝐈𝐂𝐄𝐋𝐈𝐒𝐓 𝟐𝟎𝟐𝟑 >>>
https://pcmerchandise.live/2023-PRICELIST",,0,"03/15/2023 19:00",,https://www.facebook.com/pcmerchandise.co/posts/pfbid0eEH5sSK3SEzIY9xNyH40QIr648yQQeOLyeZiUlEuUFVEnCbkY9hAeKp9,0,0,Photos,,,,,03/11/2023,,,0,0,0,0,0,0,,,,,
999162867890214,100064197037125,"PC Merchandise","𝐏𝐑𝐈𝐂𝐄𝐋𝐈𝐒𝐓 𝟐𝟎𝟐𝟑 >>>
https://pcmerchandise.live/2023-PRICELIST",,0,"03/15/2023 19:00",,https://www.facebook.com/pcmerchandise.co/posts/pfbid0eEH5sSK3SEzIY9xNyH40QIr648yQQeOLyeZiUlEuUFVEnCbkY9hAeKp9,0,0,Photos,,,,,03/12/2023,,,0,0,0,0,0,0,,,,,
999162867890214,100064197037125,"PC Merchandise","𝐏𝐑𝐈𝐂𝐄𝐋𝐈𝐒𝐓 𝟐𝟎𝟐𝟑 >>>
https://pcmerchandise.live/2023-PRICELIST",,0,"03/15/2023 19:00",,https://www.facebook.com/pcmerchandise.co/posts/pfbid0eEH5sSK3SEzIY9xNyH40QIr648yQQeOLyeZiUlEuUFVEnCbkY9hAeKp9,0,0,Photos,,,,,03/13/2023,,,0,0,0,0,0,0,,,,,
999162867890214,100064197037125,"PC Merchandise","𝐏𝐑𝐈𝐂𝐄𝐋𝐈𝐒𝐓 𝟐𝟎𝟐𝟑 >>>
https://pcmerchandise.live/2023-PRICELIST",,0,"03/15/2023 19:00",,https://www.facebook.com/pcmerchandise.co/posts/pfbid0eEH5sSK3SEzIY9xNyH40QIr648yQQeOLyeZiUlEuUFVEnCbkY9hAeKp9,0,0,Photos,,,,,03/14/2023,,,0,0,0,0,0,0,,,,,
999162867890214,100064197037125,"PC Merchandise","𝐏𝐑𝐈𝐂𝐄𝐋𝐈𝐒𝐓 𝟐𝟎𝟐𝟑 >>>
https://pcmerchandise.live/2023-PRICELIST",,0,"03/15/2023 19:00",,https://www.facebook.com/pcmerchandise.co/posts/pfbid0eEH5sSK3SEzIY9xNyH40QIr648yQQeOLyeZiUlEuUFVEnCbkY9hAeKp9,0,0,Photos,,,,,03/15/2023,,,0,0,0,0,0,0,,,,,
999162867890214,100064197037125,"PC Merchandise","𝐏𝐑𝐈𝐂𝐄𝐋𝐈𝐒𝐓 𝟐𝟎𝟐𝟑 >>>
https://pcmerchandise.live/2023-PRICELIST",,0,"03/15/2023 19:00",,https://www.facebook.com/pcmerchandise.co/posts/pfbid0eEH5sSK3SEzIY9xNyH40QIr648yQQeOLyeZiUlEuUFVEnCbkY9hAeKp9,0,0,Photos,,,,,03/16/2023,,,0,0,0,0,0,0,,,,,
999162867890214,100064197037125,"PC Merchandise","𝐏𝐑𝐈𝐂𝐄𝐋𝐈𝐒𝐓 𝟐𝟎𝟐𝟑 >>>
https://pcmerchandise.live/2023-PRICELIST",,0,"03/15/2023 19:00",,https://www.facebook.com/pcmerchandise.co/posts/pfbid0eEH5sSK3SEzIY9xNyH40QIr648yQQeOLyeZiUlEuUFVEnCbkY9hAeKp9,0,0,Photos,,,,,03/17/2023,,,0,0,0,0,0,0,,,,,
999162867890214,100064197037125,"PC Merchandise","𝐏𝐑𝐈𝐂𝐄𝐋𝐈𝐒𝐓 𝟐𝟎𝟐𝟑 >>>
https://pcmerchandise.live/2023-PRICELIST",,0,"03/15/2023 19:00",,https://www.facebook.com/pcmerchandise.co/posts/pfbid0eEH5sSK3SEzIY9xNyH40QIr648yQQeOLyeZiUlEuUFVEnCbkY9hAeKp9,0,0,Photos,,,,,03/18/2023,,,0,0,0,0,0,0,,,,,
999162867890214,100064197037125,"PC Merchandise","𝐏𝐑𝐈𝐂𝐄𝐋𝐈𝐒𝐓 𝟐𝟎𝟐𝟑 >>>
https://pcmerchandise.live/2023-PRICELIST",,0,"03/15/2023 19:00",,https://www.facebook.com/pcmerchandise.co/posts/pfbid0eEH5sSK3SEzIY9xNyH40QIr648yQQeOLyeZiUlEuUFVEnCbkY9hAeKp9,0,0,Photos,,,,,03/19/2023,,,0,0,0,0,0,0,,,,,
999162867890214,100064197037125,"PC Merchandise","𝐏𝐑𝐈𝐂𝐄𝐋𝐈𝐒𝐓 𝟐𝟎𝟐𝟑 >>>
https://pcmerchandise.live/2023-PRICELIST",,0,"03/15/2023 19:00",,https://www.facebook.com/pcmerchandise.co/posts/pfbid0eEH5sSK3SEzIY9xNyH40QIr648yQQeOLyeZiUlEuUFVEnCbkY9hAeKp9,0,0,Photos,,,,,03/20/2023,,,0,0,0,0,0,0,,,,,
999162867890214,100064197037125,"PC Merchandise","𝐏𝐑𝐈𝐂𝐄𝐋𝐈𝐒𝐓 𝟐𝟎𝟐𝟑 >>>
https://pcmerchandise.live/2023-PRICELIST",,0,"03/15/2023 19:00",,https://www.facebook.com/pcmerchandise.co/posts/pfbid0eEH5sSK3SEzIY9xNyH40QIr648yQQeOLyeZiUlEuUFVEnCbkY9hAeKp9,0,0,Photos,,,,,03/21/2023,,,0,0,0,0,0,0,,,,,
999162867890214,100064197037125,"PC Merchandise","𝐏𝐑𝐈𝐂𝐄𝐋𝐈𝐒𝐓 𝟐𝟎𝟐𝟑 >>>
https://pcmerchandise.live/2023-PRICELIST",,0,"03/15/2023 19:00",,https://www.facebook.com/pcmerchandise.co/posts/pfbid0eEH5sSK3SEzIY9xNyH40QIr648yQQeOLyeZiUlEuUFVEnCbkY9hAeKp9,0,0,Photos,,,,,03/22/2023,,,0,0,0,0,0,0,,,,,
999162867890214,100064197037125,"PC Merchandise","𝐏𝐑𝐈𝐂𝐄𝐋𝐈𝐒𝐓 𝟐𝟎𝟐𝟑 >>>
https://pcmerchandise.live/2023-PRICELIST",,0,"03/15/2023 19:00",,https://www.facebook.com/pcmerchandise.co/posts/pfbid0eEH5sSK3SEzIY9xNyH40QIr648yQQeOLyeZiUlEuUFVEnCbkY9hAeKp9,0,0,Photos,,,,,03/23/2023,,,0,0,0,0,0,0,,,,,
999162867890214,100064197037125,"PC Merchandise","𝐏𝐑𝐈𝐂𝐄𝐋𝐈𝐒𝐓 𝟐𝟎𝟐𝟑 >>>
https://pcmerchandise.live/2023-PRICELIST",,0,"03/15/2023 19:00",,https://www.facebook.com/pcmerchandise.co/posts/pfbid0eEH5sSK3SEzIY9xNyH40QIr648yQQeOLyeZiUlEuUFVEnCbkY9hAeKp9,0,0,Photos,,,,,03/24/2023,,,0,0,0,0,0,0,,,,,
999162867890214,100064197037125,"PC Merchandise","𝐏𝐑𝐈𝐂𝐄𝐋𝐈𝐒𝐓 𝟐𝟎𝟐𝟑 >>>
https://pcmerchandise.live/2023-PRICELIST",,0,"03/15/2023 19:00",,https://www.facebook.com/pcmerchandise.co/posts/pfbid0eEH5sSK3SEzIY9xNyH40QIr648yQQeOLyeZiUlEuUFVEnCbkY9hAeKp9,0,0,Photos,,,,,03/25/2023,,,0,0,0,0,0,0,,,,,
999162867890214,100064197037125,"PC Merchandise","𝐏𝐑𝐈𝐂𝐄𝐋𝐈𝐒𝐓 𝟐𝟎𝟐𝟑 >>>
https://pcmerchandise.live/2023-PRICELIST",,0,"03/15/2023 19:00",,https://www.facebook.com/pcmerchandise.co/posts/pfbid0eEH5sSK3SEzIY9xNyH40QIr648yQQeOLyeZiUlEuUFVEnCbkY9hAeKp9,0,0,Photos,,,,,03/26/2023,,,0,0,0,0,0,0,,,,,
999162867890214,100064197037125,"PC Merchandise","𝐏𝐑𝐈𝐂𝐄𝐋𝐈𝐒𝐓 𝟐𝟎𝟐𝟑 >>>
https://pcmerchandise.live/2023-PRICELIST",,0,"03/15/2023 19:00",,https://www.facebook.com/pcmerchandise.co/posts/pfbid0eEH5sSK3SEzIY9xNyH40QIr648yQQeOLyeZiUlEuUFVEnCbkY9hAeKp9,0,0,Photos,,,,,03/27/2023,,,0,0,0,0,0,0,,,,,
999162867890214,100064197037125,"PC Merchandise","𝐏𝐑𝐈𝐂𝐄𝐋𝐈𝐒𝐓 𝟐𝟎𝟐𝟑 >>>
https://pcmerchandise.live/2023-PRICELIST",,0,"03/15/2023 19:00",,https://www.facebook.com/pcmerchandise.co/posts/pfbid0eEH5sSK3SEzIY9xNyH40QIr648yQQeOLyeZiUlEuUFVEnCbkY9hAeKp9,0,0,Photos,,,,,03/28/2023,,,0,0,0,0,0,0,,,,,
999162867890214,100064197037125,"PC Merchandise","𝐏𝐑𝐈𝐂𝐄𝐋𝐈𝐒𝐓 𝟐𝟎𝟐𝟑 >>>
https://pcmerchandise.live/2023-PRICELIST",,0,"03/15/2023 19:00",,https://www.facebook.com/pcmerchandise.co/posts/pfbid0eEH5sSK3SEzIY9xNyH40QIr648yQQeOLyeZiUlEuUFVEnCbkY9hAeKp9,0,0,Photos,,,,,03/29/2023,,,0,0,0,0,0,0,,,,,
999162867890214,100064197037125,"PC Merchandise","𝐏𝐑𝐈𝐂𝐄𝐋𝐈𝐒𝐓 𝟐𝟎𝟐𝟑 >>>
https://pcmerchandise.live/2023-PRICELIST",,0,"03/15/2023 19:00",,https://www.facebook.com/pcmerchandise.co/posts/pfbid0eEH5sSK3SEzIY9xNyH40QIr648yQQeOLyeZiUlEuUFVEnCbkY9hAeKp9,0,0,Photos,,,,,03/30/2023,,,0,0,0,0,0,0,,,,,
999162867890214,100064197037125,"PC Merchandise","𝐏𝐑𝐈𝐂𝐄𝐋𝐈𝐒𝐓 𝟐𝟎𝟐𝟑 >>>
https://pcmerchandise.live/2023-PRICELIST",,0,"03/15/2023 19:00",,https://www.facebook.com/pcmerchandise.co/posts/pfbid0eEH5sSK3SEzIY9xNyH40QIr648yQQeOLyeZiUlEuUFVEnCbkY9hAeKp9,0,0,Photos,,,,,03/31/2023,,,0,0,0,0,0,0,,,,,
999795794096071,100064197037125,"PC Merchandise","𝐑𝐘𝐙𝐄𝐍 𝟑 𝟑𝟐𝟎𝟎𝐆
𝐂𝐎𝐌𝐒𝐇𝐎𝐏 𝐃𝐈𝐒𝐊𝐋𝐄𝐒𝐒 𝐏𝐀𝐂𝐊𝐀𝐆𝐄
#PCMERCHANDISE #PCMBUILDS",,0,"03/15/2023 17:00",,https://www.facebook.com/pcmerchandise.co/posts/pfbid0jJJseSBzeeLwbMKJUqNeBFCd5m9tx7J6Hvpw2XgxZqUm7isGQq1StjOF,0,0,Photos,,,,,03/31/2023,3,,,,,,,,,,,,
999795794096071,100064197037125,"PC Merchandise","𝐑𝐘𝐙𝐄𝐍 𝟑 𝟑𝟐𝟎𝟎𝐆
𝐂𝐎𝐌𝐒𝐇𝐎𝐏 𝐃𝐈𝐒𝐊𝐋𝐄𝐒𝐒 𝐏𝐀𝐂𝐊𝐀𝐆𝐄
#PCMERCHANDISE #PCMBUILDS",,0,"03/15/2023 17:00",,https://www.facebook.com/pcmerchandise.co/posts/pfbid0jJJseSBzeeLwbMKJUqNeBFCd5m9tx7J6Hvpw2XgxZqUm7isGQq1StjOF,0,0,Photos,,,,,03/01/2023,,,0,0,0,0,0,0,,,,,
999795794096071,100064197037125,"PC Merchandise","𝐑𝐘𝐙𝐄𝐍 𝟑 𝟑𝟐𝟎𝟎𝐆
𝐂𝐎𝐌𝐒𝐇𝐎𝐏 𝐃𝐈𝐒𝐊𝐋𝐄𝐒𝐒 𝐏𝐀𝐂𝐊𝐀𝐆𝐄
#PCMERCHANDISE #PCMBUILDS",,0,"03/15/2023 17:00",,https://www.facebook.com/pcmerchandise.co/posts/pfbid0jJJseSBzeeLwbMKJUqNeBFCd5m9tx7J6Hvpw2XgxZqUm7isGQq1StjOF,0,0,Photos,,,,,03/02/2023,,,0,0,0,0,0,0,,,,,
999795794096071,100064197037125,"PC Merchandise","𝐑𝐘𝐙𝐄𝐍 𝟑 𝟑𝟐𝟎𝟎𝐆
𝐂𝐎𝐌𝐒𝐇𝐎𝐏 𝐃𝐈𝐒𝐊𝐋𝐄𝐒𝐒 𝐏𝐀𝐂𝐊𝐀𝐆𝐄
#PCMERCHANDISE #PCMBUILDS",,0,"03/15/2023 17:00",,https://www.facebook.com/pcmerchandise.co/posts/pfbid0jJJseSBzeeLwbMKJUqNeBFCd5m9tx7J6Hvpw2XgxZqUm7isGQq1StjOF,0,0,Photos,,,,,03/03/2023,,,0,0,0,0,0,0,,,,,
999795794096071,100064197037125,"PC Merchandise","𝐑𝐘𝐙𝐄𝐍 𝟑 𝟑𝟐𝟎𝟎𝐆
𝐂𝐎𝐌𝐒𝐇𝐎𝐏 𝐃𝐈𝐒𝐊𝐋𝐄𝐒𝐒 𝐏𝐀𝐂𝐊𝐀𝐆𝐄
#PCMERCHANDISE #PCMBUILDS",,0,"03/15/2023 17:00",,https://www.facebook.com/pcmerchandise.co/posts/pfbid0jJJseSBzeeLwbMKJUqNeBFCd5m9tx7J6Hvpw2XgxZqUm7isGQq1StjOF,0,0,Photos,,,,,03/04/2023,,,0,0,0,0,0,0,,,,,
999795794096071,100064197037125,"PC Merchandise","𝐑𝐘𝐙𝐄𝐍 𝟑 𝟑𝟐𝟎𝟎𝐆
𝐂𝐎𝐌𝐒𝐇𝐎𝐏 𝐃𝐈𝐒𝐊𝐋𝐄𝐒𝐒 𝐏𝐀𝐂𝐊𝐀𝐆𝐄
#PCMERCHANDISE #PCMBUILDS",,0,"03/15/2023 17:00",,https://www.facebook.com/pcmerchandise.co/posts/pfbid0jJJseSBzeeLwbMKJUqNeBFCd5m9tx7J6Hvpw2XgxZqUm7isGQq1StjOF,0,0,Photos,,,,,03/05/2023,,,0,0,0,0,0,0,,,,,
999795794096071,100064197037125,"PC Merchandise","𝐑𝐘𝐙𝐄𝐍 𝟑 𝟑𝟐𝟎𝟎𝐆
𝐂𝐎𝐌𝐒𝐇𝐎𝐏 𝐃𝐈𝐒𝐊𝐋𝐄𝐒𝐒 𝐏𝐀𝐂𝐊𝐀𝐆𝐄
#PCMERCHANDISE #PCMBUILDS",,0,"03/15/2023 17:00",,https://www.facebook.com/pcmerchandise.co/posts/pfbid0jJJseSBzeeLwbMKJUqNeBFCd5m9tx7J6Hvpw2XgxZqUm7isGQq1StjOF,0,0,Photos,,,,,03/06/2023,,,0,0,0,0,0,0,,,,,
999795794096071,100064197037125,"PC Merchandise","𝐑𝐘𝐙𝐄𝐍 𝟑 𝟑𝟐𝟎𝟎𝐆
𝐂𝐎𝐌𝐒𝐇𝐎𝐏 𝐃𝐈𝐒𝐊𝐋𝐄𝐒𝐒 𝐏𝐀𝐂𝐊𝐀𝐆𝐄
#PCMERCHANDISE #PCMBUILDS",,0,"03/15/2023 17:00",,https://www.facebook.com/pcmerchandise.co/posts/pfbid0jJJseSBzeeLwbMKJUqNeBFCd5m9tx7J6Hvpw2XgxZqUm7isGQq1StjOF,0,0,Photos,,,,,03/07/2023,,,0,0,0,0,0,0,,,,,
999795794096071,100064197037125,"PC Merchandise","𝐑𝐘𝐙𝐄𝐍 𝟑 𝟑𝟐𝟎𝟎𝐆
𝐂𝐎𝐌𝐒𝐇𝐎𝐏 𝐃𝐈𝐒𝐊𝐋𝐄𝐒𝐒 𝐏𝐀𝐂𝐊𝐀𝐆𝐄
#PCMERCHANDISE #PCMBUILDS",,0,"03/15/2023 17:00",,https://www.facebook.com/pcmerchandise.co/posts/pfbid0jJJseSBzeeLwbMKJUqNeBFCd5m9tx7J6Hvpw2XgxZqUm7isGQq1StjOF,0,0,Photos,,,,,03/08/2023,,,0,0,0,0,0,0,,,,,
999795794096071,100064197037125,"PC Merchandise","𝐑𝐘𝐙𝐄𝐍 𝟑 𝟑𝟐𝟎𝟎𝐆
𝐂𝐎𝐌𝐒𝐇𝐎𝐏 𝐃𝐈𝐒𝐊𝐋𝐄𝐒𝐒 𝐏𝐀𝐂𝐊𝐀𝐆𝐄
#PCMERCHANDISE #PCMBUILDS",,0,"03/15/2023 17:00",,https://www.facebook.com/pcmerchandise.co/posts/pfbid0jJJseSBzeeLwbMKJUqNeBFCd5m9tx7J6Hvpw2XgxZqUm7isGQq1StjOF,0,0,Photos,,,,,03/09/2023,,,0,0,0,0,0,0,,,,,
999795794096071,100064197037125,"PC Merchandise","𝐑𝐘𝐙𝐄𝐍 𝟑 𝟑𝟐𝟎𝟎𝐆
𝐂𝐎𝐌𝐒𝐇𝐎𝐏 𝐃𝐈𝐒𝐊𝐋𝐄𝐒𝐒 𝐏𝐀𝐂𝐊𝐀𝐆𝐄
#PCMERCHANDISE #PCMBUILDS",,0,"03/15/2023 17:00",,https://www.facebook.com/pcmerchandise.co/posts/pfbid0jJJseSBzeeLwbMKJUqNeBFCd5m9tx7J6Hvpw2XgxZqUm7isGQq1StjOF,0,0,Photos,,,,,03/10/2023,,,0,0,0,0,0,0,,,,,
999795794096071,100064197037125,"PC Merchandise","𝐑𝐘𝐙𝐄𝐍 𝟑 𝟑𝟐𝟎𝟎𝐆
𝐂𝐎𝐌𝐒𝐇𝐎𝐏 𝐃𝐈𝐒𝐊𝐋𝐄𝐒𝐒 𝐏𝐀𝐂𝐊𝐀𝐆𝐄
#PCMERCHANDISE #PCMBUILDS",,0,"03/15/2023 17:00",,https://www.facebook.com/pcmerchandise.co/posts/pfbid0jJJseSBzeeLwbMKJUqNeBFCd5m9tx7J6Hvpw2XgxZqUm7isGQq1StjOF,0,0,Photos,,,,,03/11/2023,,,0,0,0,0,0,0,,,,,
999795794096071,100064197037125,"PC Merchandise","𝐑𝐘𝐙𝐄𝐍 𝟑 𝟑𝟐𝟎𝟎𝐆
𝐂𝐎𝐌𝐒𝐇𝐎𝐏 𝐃𝐈𝐒𝐊𝐋𝐄𝐒𝐒 𝐏𝐀𝐂𝐊𝐀𝐆𝐄
#PCMERCHANDISE #PCMBUILDS",,0,"03/15/2023 17:00",,https://www.facebook.com/pcmerchandise.co/posts/pfbid0jJJseSBzeeLwbMKJUqNeBFCd5m9tx7J6Hvpw2XgxZqUm7isGQq1StjOF,0,0,Photos,,,,,03/12/2023,,,0,0,0,0,0,0,,,,,
999795794096071,100064197037125,"PC Merchandise","𝐑𝐘𝐙𝐄𝐍 𝟑 𝟑𝟐𝟎𝟎𝐆
𝐂𝐎𝐌𝐒𝐇𝐎𝐏 𝐃𝐈𝐒𝐊𝐋𝐄𝐒𝐒 𝐏𝐀𝐂𝐊𝐀𝐆𝐄
#PCMERCHANDISE #PCMBUILDS",,0,"03/15/2023 17:00",,https://www.facebook.com/pcmerchandise.co/posts/pfbid0jJJseSBzeeLwbMKJUqNeBFCd5m9tx7J6Hvpw2XgxZqUm7isGQq1StjOF,0,0,Photos,,,,,03/13/2023,,,0,0,0,0,0,0,,,,,
999795794096071,100064197037125,"PC Merchandise","𝐑𝐘𝐙𝐄𝐍 𝟑 𝟑𝟐𝟎𝟎𝐆
𝐂𝐎𝐌𝐒𝐇𝐎𝐏 𝐃𝐈𝐒𝐊𝐋𝐄𝐒𝐒 𝐏𝐀𝐂𝐊𝐀𝐆𝐄
#PCMERCHANDISE #PCMBUILDS",,0,"03/15/2023 17:00",,https://www.facebook.com/pcmerchandise.co/posts/pfbid0jJJseSBzeeLwbMKJUqNeBFCd5m9tx7J6Hvpw2XgxZqUm7isGQq1StjOF,0,0,Photos,,,,,03/14/2023,,,0,0,0,0,0,0,,,,,
999795794096071,100064197037125,"PC Merchandise","𝐑𝐘𝐙𝐄𝐍 𝟑 𝟑𝟐𝟎𝟎𝐆
𝐂𝐎𝐌𝐒𝐇𝐎𝐏 𝐃𝐈𝐒𝐊𝐋𝐄𝐒𝐒 𝐏𝐀𝐂𝐊𝐀𝐆𝐄
#PCMERCHANDISE #PCMBUILDS",,0,"03/15/2023 17:00",,https://www.facebook.com/pcmerchandise.co/posts/pfbid0jJJseSBzeeLwbMKJUqNeBFCd5m9tx7J6Hvpw2XgxZqUm7isGQq1StjOF,0,0,Photos,,,,,03/15/2023,,,0,0,0,0,0,0,,,,,
999795794096071,100064197037125,"PC Merchandise","𝐑𝐘𝐙𝐄𝐍 𝟑 𝟑𝟐𝟎𝟎𝐆
𝐂𝐎𝐌𝐒𝐇𝐎𝐏 𝐃𝐈𝐒𝐊𝐋𝐄𝐒𝐒 𝐏𝐀𝐂𝐊𝐀𝐆𝐄
#PCMERCHANDISE #PCMBUILDS",,0,"03/15/2023 17:00",,https://www.facebook.com/pcmerchandise.co/posts/pfbid0jJJseSBzeeLwbMKJUqNeBFCd5m9tx7J6Hvpw2XgxZqUm7isGQq1StjOF,0,0,Photos,,,,,03/16/2023,,,0,0,0,0,0,0,,,,,
999795794096071,100064197037125,"PC Merchandise","𝐑𝐘𝐙𝐄𝐍 𝟑 𝟑𝟐𝟎𝟎𝐆
𝐂𝐎𝐌𝐒𝐇𝐎𝐏 𝐃𝐈𝐒𝐊𝐋𝐄𝐒𝐒 𝐏𝐀𝐂𝐊𝐀𝐆𝐄
#PCMERCHANDISE #PCMBUILDS",,0,"03/15/2023 17:00",,https://www.facebook.com/pcmerchandise.co/posts/pfbid0jJJseSBzeeLwbMKJUqNeBFCd5m9tx7J6Hvpw2XgxZqUm7isGQq1StjOF,0,0,Photos,,,,,03/17/2023,,,0,0,0,0,0,0,,,,,
999795794096071,100064197037125,"PC Merchandise","𝐑𝐘𝐙𝐄𝐍 𝟑 𝟑𝟐𝟎𝟎𝐆
𝐂𝐎𝐌𝐒𝐇𝐎𝐏 𝐃𝐈𝐒𝐊𝐋𝐄𝐒𝐒 𝐏𝐀𝐂𝐊𝐀𝐆𝐄
#PCMERCHANDISE #PCMBUILDS",,0,"03/15/2023 17:00",,https://www.facebook.com/pcmerchandise.co/posts/pfbid0jJJseSBzeeLwbMKJUqNeBFCd5m9tx7J6Hvpw2XgxZqUm7isGQq1StjOF,0,0,Photos,,,,,03/18/2023,,,0,0,0,0,0,0,,,,,
999795794096071,100064197037125,"PC Merchandise","𝐑𝐘𝐙𝐄𝐍 𝟑 𝟑𝟐𝟎𝟎𝐆
𝐂𝐎𝐌𝐒𝐇𝐎𝐏 𝐃𝐈𝐒𝐊𝐋𝐄𝐒𝐒 𝐏𝐀𝐂𝐊𝐀𝐆𝐄
#PCMERCHANDISE #PCMBUILDS",,0,"03/15/2023 17:00",,https://www.facebook.com/pcmerchandise.co/posts/pfbid0jJJseSBzeeLwbMKJUqNeBFCd5m9tx7J6Hvpw2XgxZqUm7isGQq1StjOF,0,0,Photos,,,,,03/19/2023,,,0,0,0,0,0,0,,,,,
999795794096071,100064197037125,"PC Merchandise","𝐑𝐘𝐙𝐄𝐍 𝟑 𝟑𝟐𝟎𝟎𝐆
𝐂𝐎𝐌𝐒𝐇𝐎𝐏 𝐃𝐈𝐒𝐊𝐋𝐄𝐒𝐒 𝐏𝐀𝐂𝐊𝐀𝐆𝐄
#PCMERCHANDISE #PCMBUILDS",,0,"03/15/2023 17:00",,https://www.facebook.com/pcmerchandise.co/posts/pfbid0jJJseSBzeeLwbMKJUqNeBFCd5m9tx7J6Hvpw2XgxZqUm7isGQq1StjOF,0,0,Photos,,,,,03/20/2023,,,0,0,0,0,0,0,,,,,
999795794096071,100064197037125,"PC Merchandise","𝐑𝐘𝐙𝐄𝐍 𝟑 𝟑𝟐𝟎𝟎𝐆
𝐂𝐎𝐌𝐒𝐇𝐎𝐏 𝐃𝐈𝐒𝐊𝐋𝐄𝐒𝐒 𝐏𝐀𝐂𝐊𝐀𝐆𝐄
#PCMERCHANDISE #PCMBUILDS",,0,"03/15/2023 17:00",,https://www.facebook.com/pcmerchandise.co/posts/pfbid0jJJseSBzeeLwbMKJUqNeBFCd5m9tx7J6Hvpw2XgxZqUm7isGQq1StjOF,0,0,Photos,,,,,03/21/2023,,,0,0,0,0,0,0,,,,,
999795794096071,100064197037125,"PC Merchandise","𝐑𝐘𝐙𝐄𝐍 𝟑 𝟑𝟐𝟎𝟎𝐆
𝐂𝐎𝐌𝐒𝐇𝐎𝐏 𝐃𝐈𝐒𝐊𝐋𝐄𝐒𝐒 𝐏𝐀𝐂𝐊𝐀𝐆𝐄
#PCMERCHANDISE #PCMBUILDS",,0,"03/15/2023 17:00",,https://www.facebook.com/pcmerchandise.co/posts/pfbid0jJJseSBzeeLwbMKJUqNeBFCd5m9tx7J6Hvpw2XgxZqUm7isGQq1StjOF,0,0,Photos,,,,,03/22/2023,,,0,0,0,0,0,0,,,,,
999795794096071,100064197037125,"PC Merchandise","𝐑𝐘𝐙𝐄𝐍 𝟑 𝟑𝟐𝟎𝟎𝐆
𝐂𝐎𝐌𝐒𝐇𝐎𝐏 𝐃𝐈𝐒𝐊𝐋𝐄𝐒𝐒 𝐏𝐀𝐂𝐊𝐀𝐆𝐄
#PCMERCHANDISE #PCMBUILDS",,0,"03/15/2023 17:00",,https://www.facebook.com/pcmerchandise.co/posts/pfbid0jJJseSBzeeLwbMKJUqNeBFCd5m9tx7J6Hvpw2XgxZqUm7isGQq1StjOF,0,0,Photos,,,,,03/23/2023,,,0,0,0,0,0,0,,,,,
999795794096071,100064197037125,"PC Merchandise","𝐑𝐘𝐙𝐄𝐍 𝟑 𝟑𝟐𝟎𝟎𝐆
𝐂𝐎𝐌𝐒𝐇𝐎𝐏 𝐃𝐈𝐒𝐊𝐋𝐄𝐒𝐒 𝐏𝐀𝐂𝐊𝐀𝐆𝐄
#PCMERCHANDISE #PCMBUILDS",,0,"03/15/2023 17:00",,https://www.facebook.com/pcmerchandise.co/posts/pfbid0jJJseSBzeeLwbMKJUqNeBFCd5m9tx7J6Hvpw2XgxZqUm7isGQq1StjOF,0,0,Photos,,,,,03/24/2023,,,0,0,0,0,0,0,,,,,
999795794096071,100064197037125,"PC Merchandise","𝐑𝐘𝐙𝐄𝐍 𝟑 𝟑𝟐𝟎𝟎𝐆
𝐂𝐎𝐌𝐒𝐇𝐎𝐏 𝐃𝐈𝐒𝐊𝐋𝐄𝐒𝐒 𝐏𝐀𝐂𝐊𝐀𝐆𝐄
#PCMERCHANDISE #PCMBUILDS",,0,"03/15/2023 17:00",,https://www.facebook.com/pcmerchandise.co/posts/pfbid0jJJseSBzeeLwbMKJUqNeBFCd5m9tx7J6Hvpw2XgxZqUm7isGQq1StjOF,0,0,Photos,,,,,03/25/2023,,,0,0,0,0,0,0,,,,,
999795794096071,100064197037125,"PC Merchandise","𝐑𝐘𝐙𝐄𝐍 𝟑 𝟑𝟐𝟎𝟎𝐆
𝐂𝐎𝐌𝐒𝐇𝐎𝐏 𝐃𝐈𝐒𝐊𝐋𝐄𝐒𝐒 𝐏𝐀𝐂𝐊𝐀𝐆𝐄
#PCMERCHANDISE #PCMBUILDS",,0,"03/15/2023 17:00",,https://www.facebook.com/pcmerchandise.co/posts/pfbid0jJJseSBzeeLwbMKJUqNeBFCd5m9tx7J6Hvpw2XgxZqUm7isGQq1StjOF,0,0,Photos,,,,,03/26/2023,,,0,0,0,0,0,0,,,,,
999795794096071,100064197037125,"PC Merchandise","𝐑𝐘𝐙𝐄𝐍 𝟑 𝟑𝟐𝟎𝟎𝐆
𝐂𝐎𝐌𝐒𝐇𝐎𝐏 𝐃𝐈𝐒𝐊𝐋𝐄𝐒𝐒 𝐏𝐀𝐂𝐊𝐀𝐆𝐄
#PCMERCHANDISE #PCMBUILDS",,0,"03/15/2023 17:00",,https://www.facebook.com/pcmerchandise.co/posts/pfbid0jJJseSBzeeLwbMKJUqNeBFCd5m9tx7J6Hvpw2XgxZqUm7isGQq1StjOF,0,0,Photos,,,,,03/27/2023,,,0,0,0,0,0,0,,,,,
999795794096071,100064197037125,"PC Merchandise","𝐑𝐘𝐙𝐄𝐍 𝟑 𝟑𝟐𝟎𝟎𝐆
𝐂𝐎𝐌𝐒𝐇𝐎𝐏 𝐃𝐈𝐒𝐊𝐋𝐄𝐒𝐒 𝐏𝐀𝐂𝐊𝐀𝐆𝐄
#PCMERCHANDISE #PCMBUILDS",,0,"03/15/2023 17:00",,https://www.facebook.com/pcmerchandise.co/posts/pfbid0jJJseSBzeeLwbMKJUqNeBFCd5m9tx7J6Hvpw2XgxZqUm7isGQq1StjOF,0,0,Photos,,,,,03/28/2023,,,0,0,0,0,0,0,,,,,
999795794096071,100064197037125,"PC Merchandise","𝐑𝐘𝐙𝐄𝐍 𝟑 𝟑𝟐𝟎𝟎𝐆
𝐂𝐎𝐌𝐒𝐇𝐎𝐏 𝐃𝐈𝐒𝐊𝐋𝐄𝐒𝐒 𝐏𝐀𝐂𝐊𝐀𝐆𝐄
#PCMERCHANDISE #PCMBUILDS",,0,"03/15/2023 17:00",,https://www.facebook.com/pcmerchandise.co/posts/pfbid0jJJseSBzeeLwbMKJUqNeBFCd5m9tx7J6Hvpw2XgxZqUm7isGQq1StjOF,0,0,Photos,,,,,03/29/2023,,,0,0,0,0,0,0,,,,,
999795794096071,100064197037125,"PC Merchandise","𝐑𝐘𝐙𝐄𝐍 𝟑 𝟑𝟐𝟎𝟎𝐆
𝐂𝐎𝐌𝐒𝐇𝐎𝐏 𝐃𝐈𝐒𝐊𝐋𝐄𝐒𝐒 𝐏𝐀𝐂𝐊𝐀𝐆𝐄
#PCMERCHANDISE #PCMBUILDS",,0,"03/15/2023 17:00",,https://www.facebook.com/pcmerchandise.co/posts/pfbid0jJJseSBzeeLwbMKJUqNeBFCd5m9tx7J6Hvpw2XgxZqUm7isGQq1StjOF,0,0,Photos,,,,,03/30/2023,,,0,0,0,0,0,0,,,,,
999795794096071,100064197037125,"PC Merchandise","𝐑𝐘𝐙𝐄𝐍 𝟑 𝟑𝟐𝟎𝟎𝐆
𝐂𝐎𝐌𝐒𝐇𝐎𝐏 𝐃𝐈𝐒𝐊𝐋𝐄𝐒𝐒 𝐏𝐀𝐂𝐊𝐀𝐆𝐄
#PCMERCHANDISE #PCMBUILDS",,0,"03/15/2023 17:00",,https://www.facebook.com/pcmerchandise.co/posts/pfbid0jJJseSBzeeLwbMKJUqNeBFCd5m9tx7J6Hvpw2XgxZqUm7isGQq1StjOF,0,0,Photos,,,,,03/31/2023,,,0,0,0,0,0,0,,,,,
999610352023889,100064197037125,"PC Merchandise","UNBOXING: GTX 1650 fresh stock just arrived! 📦",,67,"03/14/2023 17:19",,https://www.facebook.com/reel/1549040472198821/,0,0,Reels,,,,,03/01/2023,0,,,,,,0,0,0,0,0,0.000,5.040
999610352023889,100064197037125,"PC Merchandise","UNBOXING: GTX 1650 fresh stock just arrived! 📦",,67,"03/14/2023 17:19",,https://www.facebook.com/reel/1549040472198821/,0,0,Reels,,,,,03/02/2023,0,,,,,,0,0,0,0,0,0.000,5.147
999610352023889,100064197037125,"PC Merchandise","UNBOXING: GTX 1650 fresh stock just arrived! 📦",,67,"03/14/2023 17:19",,https://www.facebook.com/reel/1549040472198821/,0,0,Reels,,,,,03/03/2023,0,,,,,,0,0,0,0,0,0.000,4.337
999610352023889,100064197037125,"PC Merchandise","UNBOXING: GTX 1650 fresh stock just arrived! 📦",,67,"03/14/2023 17:19",,https://www.facebook.com/reel/1549040472198821/,0,0,Reels,,,,,03/04/2023,0,,,,,,0,0,0,0,0,0.000,5.289
999610352023889,100064197037125,"PC Merchandise","UNBOXING: GTX 1650 fresh stock just arrived! 📦",,67,"03/14/2023 17:19",,https://www.facebook.com/reel/1549040472198821/,0,0,Reels,,,,,03/05/2023,0,,,,,,0,0,0,0,0,0.000,3.837
999610352023889,100064197037125,"PC Merchandise","UNBOXING: GTX 1650 fresh stock just arrived! 📦",,67,"03/14/2023 17:19",,https://www.facebook.com/reel/1549040472198821/,0,0,Reels,,,,,03/06/2023,0,,,,,,0,0,0,0,0,0.000,4.734
999610352023889,100064197037125,"PC Merchandise","UNBOXING: GTX 1650 fresh stock just arrived! 📦",,67,"03/14/2023 17:19",,https://www.facebook.com/reel/1549040472198821/,0,0,Reels,,,,,03/07/2023,0,,,,,,0,0,0,0,0,0.000,2.891
999610352023889,100064197037125,"PC Merchandise","UNBOXING: GTX 1650 fresh stock just arrived! 📦",,67,"03/14/2023 17:19",,https://www.facebook.com/reel/1549040472198821/,0,0,Reels,,,,,03/08/2023,0,,,,,,0,0,0,0,0,0.000,4.966
999610352023889,100064197037125,"PC Merchandise","UNBOXING: GTX 1650 fresh stock just arrived! 📦",,67,"03/14/2023 17:19",,https://www.facebook.com/reel/1549040472198821/,0,0,Reels,,,,,03/09/2023,0,,,,,,0,0,0,0,0,0.000,4.038
999610352023889,100064197037125,"PC Merchandise","UNBOXING: GTX 1650 fresh stock just arrived! 📦",,67,"03/14/2023 17:19",,https://www.facebook.com/reel/1549040472198821/,0,0,Reels,,,,,03/10/2023,0,,,,,,0,0,0,0,0,0.000,3.517
999610352023889,100064197037125,"PC Merchandise","UNBOXING: GTX 1650 fresh stock just arrived! 📦",,67,"03/14/2023 17:19",,https://www.facebook.com/reel/1549040472198821/,0,0,Reels,,,,,03/11/2023,0,,,,,,0,0,0,0,0,0.000,3.229
999610352023889,100064197037125,"PC Merchandise","UNBOXING: GTX 1650 fresh stock just arrived! 📦",,67,"03/14/2023 17:19",,https://www.facebook.com/reel/1549040472198821/,0,0,Reels,,,,,03/12/2023,0,,,,,,0,0,0,0,0,0.000,4.575
999610352023889,100064197037125,"PC Merchandise","UNBOXING: GTX 1650 fresh stock just arrived! 📦",,67,"03/14/2023 17:19",,https://www.facebook.com/reel/1549040472198821/,0,0,Reels,,,,,03/13/2023,0,,,,,,0,0,0,0,0,0.000,4.244
999610352023889,100064197037125,"PC Merchandise","UNBOXING: GTX 1650 fresh stock just arrived! 📦",,67,"03/14/2023 17:19",,https://www.facebook.com/reel/1549040472198821/,0,0,Reels,,,,,03/14/2023,0,,,,,,46,0,0,0,0,83.740,3.662
999610352023889,100064197037125,"PC Merchandise","UNBOXING: GTX 1650 fresh stock just arrived! 📦",,67,"03/14/2023 17:19",,https://www.facebook.com/reel/1549040472198821/,0,0,Reels,,,,,03/15/2023,0,,,,,,59,0,0,0,0,101.705,3.253
999610352023889,100064197037125,"PC Merchandise","UNBOXING: GTX 1650 fresh stock just arrived! 📦",,67,"03/14/2023 17:19",,https://www.facebook.com/reel/1549040472198821/,0,0,Reels,,,,,03/16/2023,0,,,,,,45,0,1,1,0,86.192,3.103
999610352023889,100064197037125,"PC Merchandise","UNBOXING: GTX 1650 fresh stock just arrived! 📦",,67,"03/14/2023 17:19",,https://www.facebook.com/reel/1549040472198821/,0,0,Reels,,,,,03/17/2023,0,,,,,,55,0,0,0,0,37.968,4.123
999610352023889,100064197037125,"PC Merchandise","UNBOXING: GTX 1650 fresh stock just arrived! 📦",,67,"03/14/2023 17:19",,https://www.facebook.com/reel/1549040472198821/,0,0,Reels,,,,,03/18/2023,0,,,,,,0,0,0,0,0,36.457,4.712
999610352023889,100064197037125,"PC Merchandise","UNBOXING: GTX 1650 fresh stock just arrived! 📦",,67,"03/14/2023 17:19",,https://www.facebook.com/reel/1549040472198821/,0,0,Reels,,,,,03/19/2023,0,,,,,,0,0,0,0,0,45.243,3.315
999610352023889,100064197037125,"PC Merchandise","UNBOXING: GTX 1650 fresh stock just arrived! 📦",,67,"03/14/2023 17:19",,https://www.facebook.com/reel/1549040472198821/,0,0,Reels,,,,,03/20/2023,0,,,,,,0,0,0,0,0,40.447,2.536
999610352023889,100064197037125,"PC Merchandise","UNBOXING: GTX 1650 fresh stock just arrived! 📦",,67,"03/14/2023 17:19",,https://www.facebook.com/reel/1549040472198821/,0,0,Reels,,,,,03/21/2023,0,,,,,,0,0,0,0,0,41.074,4.034
999610352023889,100064197037125,"PC Merchandise","UNBOXING: GTX 1650 fresh stock just arrived! 📦",,67,"03/14/2023 17:19",,https://www.facebook.com/reel/1549040472198821/,0,0,Reels,,,,,03/22/2023,0,,,,,,0,0,0,0,0,13.881,3.135
999610352023889,100064197037125,"PC Merchandise","UNBOXING: GTX 1650 fresh stock just arrived! 📦",,67,"03/14/2023 17:19",,https://www.facebook.com/reel/1549040472198821/,0,0,Reels,,,,,03/23/2023,0,,,,,,0,0,0,0,0,10.558,2.827
999610352023889,100064197037125,"PC Merchandise","UNBOXING: GTX 1650 fresh stock just arrived! 📦",,67,"03/14/2023 17:19",,https://www.facebook.com/reel/1549040472198821/,0,0,Reels,,,,,03/24/2023,0,,,,,,0,0,0,0,0,20.495,4.312
999610352023889,100064197037125,"PC Merchandise","UNBOXING: GTX 1650 fresh stock just arrived! 📦",,67,"03/14/2023 17:19",,https://www.facebook.com/reel/1549040472198821/,0,0,Reels,,,,,03/25/2023,0,,,,,,0,0,0,0,0,14.593,4.497
999610352023889,100064197037125,"PC Merchandise","UNBOXING: GTX 1650 fresh stock just arrived! 📦",,67,"03/14/2023 17:19",,https://www.facebook.com/reel/1549040472198821/,0,0,Reels,,,,,03/26/2023,0,,,,,,0,0,0,0,0,7.354,4.145
999610352023889,100064197037125,"PC Merchandise","UNBOXING: GTX 1650 fresh stock just arrived! 📦",,67,"03/14/2023 17:19",,https://www.facebook.com/reel/1549040472198821/,0,0,Reels,,,,,03/27/2023,0,,,,,,0,0,0,0,0,11.629,5.062
999610352023889,100064197037125,"PC Merchandise","UNBOXING: GTX 1650 fresh stock just arrived! 📦",,67,"03/14/2023 17:19",,https://www.facebook.com/reel/1549040472198821/,0,0,Reels,,,,,03/28/2023,0,,,,,,0,0,0,0,0,4.294,3.778
999610352023889,100064197037125,"PC Merchandise","UNBOXING: GTX 1650 fresh stock just arrived! 📦",,67,"03/14/2023 17:19",,https://www.facebook.com/reel/1549040472198821/,0,0,Reels,,,,,03/29/2023,0,,,,,,0,0,1,0,1,8.544,3.316
999610352023889,100064197037125,"PC Merchandise","UNBOXING: GTX 1650 fresh stock just arrived! 📦",,67,"03/14/2023 17:19",,https://www.facebook.com/reel/1549040472198821/,0,0,Reels,,,,,03/30/2023,0,,,,,,0,0,0,0,0,8.276,4.089
999610352023889,100064197037125,"PC Merchandise","UNBOXING: GTX 1650 fresh stock just arrived! 📦",,67,"03/14/2023 17:19",,https://www.facebook.com/reel/1549040472198821/,0,0,Reels,,,,,03/31/2023,0,,,,,,0,0,0,0,0,4.080,2.984
999472094503723,100064197037125,"PC Merchandise","One more rig complete. One more client satisfied. Built with i3 10100F + GTX 1660S. PM us for yours!",,0,"03/14/2023 15:00",,https://www.facebook.com/pcmerchandise.co/posts/pfbid0s71V8lL7rBYoeHZPDE4rFCCwg22IoaX803tzT1dbetTlRIPb2d2HWHJB,0,0,Photos,,,,,03/31/2023,2,,,,,,,,,,,,
999472094503723,100064197037125,"PC Merchandise","One more rig complete. One more client satisfied. Built with i3 10100F + GTX 1660S. PM us for yours!",,0,"03/14/2023 15:00",,https://www.facebook.com/pcmerchandise.co/posts/pfbid0s71V8lL7rBYoeHZPDE4rFCCwg22IoaX803tzT1dbetTlRIPb2d2HWHJB,0,0,Photos,,,,,03/01/2023,,,0,0,0,0,0,0,,,,,
999472094503723,100064197037125,"PC Merchandise","One more rig complete. One more client satisfied. Built with i3 10100F + GTX 1660S. PM us for yours!",,0,"03/14/2023 15:00",,https://www.facebook.com/pcmerchandise.co/posts/pfbid0s71V8lL7rBYoeHZPDE4rFCCwg22IoaX803tzT1dbetTlRIPb2d2HWHJB,0,0,Photos,,,,,03/02/2023,,,0,0,0,0,0,0,,,,,
999472094503723,100064197037125,"PC Merchandise","One more rig complete. One more client satisfied. Built with i3 10100F + GTX 1660S. PM us for yours!",,0,"03/14/2023 15:00",,https://www.facebook.com/pcmerchandise.co/posts/pfbid0s71V8lL7rBYoeHZPDE4rFCCwg22IoaX803tzT1dbetTlRIPb2d2HWHJB,0,0,Photos,,,,,03/03/2023,,,0,0,0,0,0,0,,,,,
999472094503723,100064197037125,"PC Merchandise","One more rig complete. One more client satisfied. Built with i3 10100F + GTX 1660S. PM us for yours!",,0,"03/14/2023 15:00",,https://www.facebook.com/pcmerchandise.co/posts/pfbid0s71V8lL7rBYoeHZPDE4rFCCwg22IoaX803tzT1dbetTlRIPb2d2HWHJB,0,0,Photos,,,,,03/04/2023,,,0,0,0,0,0,0,,,,,
999472094503723,100064197037125,"PC Merchandise","One more rig complete. One more client satisfied. Built with i3 10100F + GTX 1660S. PM us for yours!",,0,"03/14/2023 15:00",,https://www.facebook.com/pcmerchandise.co/posts/pfbid0s71V8lL7rBYoeHZPDE4rFCCwg22IoaX803tzT1dbetTlRIPb2d2HWHJB,0,0,Photos,,,,,03/05/2023,,,0,0,0,0,0,0,,,,,
999472094503723,100064197037125,"PC Merchandise","One more rig complete. One more client satisfied. Built with i3 10100F + GTX 1660S. PM us for yours!",,0,"03/14/2023 15:00",,https://www.facebook.com/pcmerchandise.co/posts/pfbid0s71V8lL7rBYoeHZPDE4rFCCwg22IoaX803tzT1dbetTlRIPb2d2HWHJB,0,0,Photos,,,,,03/06/2023,,,0,0,0,0,0,0,,,,,
999472094503723,100064197037125,"PC Merchandise","One more rig complete. One more client satisfied. Built with i3 10100F + GTX 1660S. PM us for yours!",,0,"03/14/2023 15:00",,https://www.facebook.com/pcmerchandise.co/posts/pfbid0s71V8lL7rBYoeHZPDE4rFCCwg22IoaX803tzT1dbetTlRIPb2d2HWHJB,0,0,Photos,,,,,03/07/2023,,,0,0,0,0,0,0,,,,,
999472094503723,100064197037125,"PC Merchandise","One more rig complete. One more client satisfied. Built with i3 10100F + GTX 1660S. PM us for yours!",,0,"03/14/2023 15:00",,https://www.facebook.com/pcmerchandise.co/posts/pfbid0s71V8lL7rBYoeHZPDE4rFCCwg22IoaX803tzT1dbetTlRIPb2d2HWHJB,0,0,Photos,,,,,03/08/2023,,,0,0,0,0,0,0,,,,,
999472094503723,100064197037125,"PC Merchandise","One more rig complete. One more client satisfied. Built with i3 10100F + GTX 1660S. PM us for yours!",,0,"03/14/2023 15:00",,https://www.facebook.com/pcmerchandise.co/posts/pfbid0s71V8lL7rBYoeHZPDE4rFCCwg22IoaX803tzT1dbetTlRIPb2d2HWHJB,0,0,Photos,,,,,03/09/2023,,,0,0,0,0,0,0,,,,,
999472094503723,100064197037125,"PC Merchandise","One more rig complete. One more client satisfied. Built with i3 10100F + GTX 1660S. PM us for yours!",,0,"03/14/2023 15:00",,https://www.facebook.com/pcmerchandise.co/posts/pfbid0s71V8lL7rBYoeHZPDE4rFCCwg22IoaX803tzT1dbetTlRIPb2d2HWHJB,0,0,Photos,,,,,03/10/2023,,,0,0,0,0,0,0,,,,,
999472094503723,100064197037125,"PC Merchandise","One more rig complete. One more client satisfied. Built with i3 10100F + GTX 1660S. PM us for yours!",,0,"03/14/2023 15:00",,https://www.facebook.com/pcmerchandise.co/posts/pfbid0s71V8lL7rBYoeHZPDE4rFCCwg22IoaX803tzT1dbetTlRIPb2d2HWHJB,0,0,Photos,,,,,03/11/2023,,,0,0,0,0,0,0,,,,,
999472094503723,100064197037125,"PC Merchandise","One more rig complete. One more client satisfied. Built with i3 10100F + GTX 1660S. PM us for yours!",,0,"03/14/2023 15:00",,https://www.facebook.com/pcmerchandise.co/posts/pfbid0s71V8lL7rBYoeHZPDE4rFCCwg22IoaX803tzT1dbetTlRIPb2d2HWHJB,0,0,Photos,,,,,03/12/2023,,,0,0,0,0,0,0,,,,,
999472094503723,100064197037125,"PC Merchandise","One more rig complete. One more client satisfied. Built with i3 10100F + GTX 1660S. PM us for yours!",,0,"03/14/2023 15:00",,https://www.facebook.com/pcmerchandise.co/posts/pfbid0s71V8lL7rBYoeHZPDE4rFCCwg22IoaX803tzT1dbetTlRIPb2d2HWHJB,0,0,Photos,,,,,03/13/2023,,,0,0,0,0,0,0,,,,,
999472094503723,100064197037125,"PC Merchandise","One more rig complete. One more client satisfied. Built with i3 10100F + GTX 1660S. PM us for yours!",,0,"03/14/2023 15:00",,https://www.facebook.com/pcmerchandise.co/posts/pfbid0s71V8lL7rBYoeHZPDE4rFCCwg22IoaX803tzT1dbetTlRIPb2d2HWHJB,0,0,Photos,,,,,03/14/2023,,,0,0,0,0,0,0,,,,,
999472094503723,100064197037125,"PC Merchandise","One more rig complete. One more client satisfied. Built with i3 10100F + GTX 1660S. PM us for yours!",,0,"03/14/2023 15:00",,https://www.facebook.com/pcmerchandise.co/posts/pfbid0s71V8lL7rBYoeHZPDE4rFCCwg22IoaX803tzT1dbetTlRIPb2d2HWHJB,0,0,Photos,,,,,03/15/2023,,,0,0,0,0,0,0,,,,,
999472094503723,100064197037125,"PC Merchandise","One more rig complete. One more client satisfied. Built with i3 10100F + GTX 1660S. PM us for yours!",,0,"03/14/2023 15:00",,https://www.facebook.com/pcmerchandise.co/posts/pfbid0s71V8lL7rBYoeHZPDE4rFCCwg22IoaX803tzT1dbetTlRIPb2d2HWHJB,0,0,Photos,,,,,03/16/2023,,,0,0,0,0,0,0,,,,,
999472094503723,100064197037125,"PC Merchandise","One more rig complete. One more client satisfied. Built with i3 10100F + GTX 1660S. PM us for yours!",,0,"03/14/2023 15:00",,https://www.facebook.com/pcmerchandise.co/posts/pfbid0s71V8lL7rBYoeHZPDE4rFCCwg22IoaX803tzT1dbetTlRIPb2d2HWHJB,0,0,Photos,,,,,03/17/2023,,,0,0,0,0,0,0,,,,,
999472094503723,100064197037125,"PC Merchandise","One more rig complete. One more client satisfied. Built with i3 10100F + GTX 1660S. PM us for yours!",,0,"03/14/2023 15:00",,https://www.facebook.com/pcmerchandise.co/posts/pfbid0s71V8lL7rBYoeHZPDE4rFCCwg22IoaX803tzT1dbetTlRIPb2d2HWHJB,0,0,Photos,,,,,03/18/2023,,,0,0,0,0,0,0,,,,,
999472094503723,100064197037125,"PC Merchandise","One more rig complete. One more client satisfied. Built with i3 10100F + GTX 1660S. PM us for yours!",,0,"03/14/2023 15:00",,https://www.facebook.com/pcmerchandise.co/posts/pfbid0s71V8lL7rBYoeHZPDE4rFCCwg22IoaX803tzT1dbetTlRIPb2d2HWHJB,0,0,Photos,,,,,03/19/2023,,,0,0,0,0,0,0,,,,,
999472094503723,100064197037125,"PC Merchandise","One more rig complete. One more client satisfied. Built with i3 10100F + GTX 1660S. PM us for yours!",,0,"03/14/2023 15:00",,https://www.facebook.com/pcmerchandise.co/posts/pfbid0s71V8lL7rBYoeHZPDE4rFCCwg22IoaX803tzT1dbetTlRIPb2d2HWHJB,0,0,Photos,,,,,03/20/2023,,,0,0,0,0,0,0,,,,,
999472094503723,100064197037125,"PC Merchandise","One more rig complete. One more client satisfied. Built with i3 10100F + GTX 1660S. PM us for yours!",,0,"03/14/2023 15:00",,https://www.facebook.com/pcmerchandise.co/posts/pfbid0s71V8lL7rBYoeHZPDE4rFCCwg22IoaX803tzT1dbetTlRIPb2d2HWHJB,0,0,Photos,,,,,03/21/2023,,,0,0,0,0,0,0,,,,,
999472094503723,100064197037125,"PC Merchandise","One more rig complete. One more client satisfied. Built with i3 10100F + GTX 1660S. PM us for yours!",,0,"03/14/2023 15:00",,https://www.facebook.com/pcmerchandise.co/posts/pfbid0s71V8lL7rBYoeHZPDE4rFCCwg22IoaX803tzT1dbetTlRIPb2d2HWHJB,0,0,Photos,,,,,03/22/2023,,,0,0,0,0,0,0,,,,,
999472094503723,100064197037125,"PC Merchandise","One more rig complete. One more client satisfied. Built with i3 10100F + GTX 1660S. PM us for yours!",,0,"03/14/2023 15:00",,https://www.facebook.com/pcmerchandise.co/posts/pfbid0s71V8lL7rBYoeHZPDE4rFCCwg22IoaX803tzT1dbetTlRIPb2d2HWHJB,0,0,Photos,,,,,03/23/2023,,,0,0,0,0,0,0,,,,,
999472094503723,100064197037125,"PC Merchandise","One more rig complete. One more client satisfied. Built with i3 10100F + GTX 1660S. PM us for yours!",,0,"03/14/2023 15:00",,https://www.facebook.com/pcmerchandise.co/posts/pfbid0s71V8lL7rBYoeHZPDE4rFCCwg22IoaX803tzT1dbetTlRIPb2d2HWHJB,0,0,Photos,,,,,03/24/2023,,,0,0,0,0,0,0,,,,,
999472094503723,100064197037125,"PC Merchandise","One more rig complete. One more client satisfied. Built with i3 10100F + GTX 1660S. PM us for yours!",,0,"03/14/2023 15:00",,https://www.facebook.com/pcmerchandise.co/posts/pfbid0s71V8lL7rBYoeHZPDE4rFCCwg22IoaX803tzT1dbetTlRIPb2d2HWHJB,0,0,Photos,,,,,03/25/2023,,,0,0,0,0,0,0,,,,,
999472094503723,100064197037125,"PC Merchandise","One more rig complete. One more client satisfied. Built with i3 10100F + GTX 1660S. PM us for yours!",,0,"03/14/2023 15:00",,https://www.facebook.com/pcmerchandise.co/posts/pfbid0s71V8lL7rBYoeHZPDE4rFCCwg22IoaX803tzT1dbetTlRIPb2d2HWHJB,0,0,Photos,,,,,03/26/2023,,,0,0,0,0,0,0,,,,,
999472094503723,100064197037125,"PC Merchandise","One more rig complete. One more client satisfied. Built with i3 10100F + GTX 1660S. PM us for yours!",,0,"03/14/2023 15:00",,https://www.facebook.com/pcmerchandise.co/posts/pfbid0s71V8lL7rBYoeHZPDE4rFCCwg22IoaX803tzT1dbetTlRIPb2d2HWHJB,0,0,Photos,,,,,03/27/2023,,,0,0,0,0,0,0,,,,,
999472094503723,100064197037125,"PC Merchandise","One more rig complete. One more client satisfied. Built with i3 10100F + GTX 1660S. PM us for yours!",,0,"03/14/2023 15:00",,https://www.facebook.com/pcmerchandise.co/posts/pfbid0s71V8lL7rBYoeHZPDE4rFCCwg22IoaX803tzT1dbetTlRIPb2d2HWHJB,0,0,Photos,,,,,03/28/2023,,,0,0,0,0,0,0,,,,,
999472094503723,100064197037125,"PC Merchandise","One more rig complete. One more client satisfied. Built with i3 10100F + GTX 1660S. PM us for yours!",,0,"03/14/2023 15:00",,https://www.facebook.com/pcmerchandise.co/posts/pfbid0s71V8lL7rBYoeHZPDE4rFCCwg22IoaX803tzT1dbetTlRIPb2d2HWHJB,0,0,Photos,,,,,03/29/2023,,,0,0,0,0,0,0,,,,,
999472094503723,100064197037125,"PC Merchandise","One more rig complete. One more client satisfied. Built with i3 10100F + GTX 1660S. PM us for yours!",,0,"03/14/2023 15:00",,https://www.facebook.com/pcmerchandise.co/posts/pfbid0s71V8lL7rBYoeHZPDE4rFCCwg22IoaX803tzT1dbetTlRIPb2d2HWHJB,0,0,Photos,,,,,03/30/2023,,,0,0,0,0,0,0,,,,,
999472094503723,100064197037125,"PC Merchandise","One more rig complete. One more client satisfied. Built with i3 10100F + GTX 1660S. PM us for yours!",,0,"03/14/2023 15:00",,https://www.facebook.com/pcmerchandise.co/posts/pfbid0s71V8lL7rBYoeHZPDE4rFCCwg22IoaX803tzT1dbetTlRIPb2d2HWHJB,0,0,Photos,,,,,03/31/2023,,,0,0,0,0,0,0,,,,,
999437316513354,100064197037125,"PC Merchandise","𝐒𝐎𝐋𝐃 𝐢𝟓 𝟏𝟎𝟒𝟎𝟎𝐅 (𝟖𝐏𝐂𝐒) (8PCS)
𝐂𝐎𝐌𝐒𝐇𝐎𝐏 𝐏𝐀𝐂𝐊𝐀𝐆𝐄
#PCMERCHANDISE #PCMBUILDS",,77,"03/13/2023 19:01",auto,https://www.facebook.com/reel/1376725135585379/,0,0,Reels,,,,,03/01/2023,0,,,,,,0,0,0,0,0,0.000,2.391
999437316513354,100064197037125,"PC Merchandise","𝐒𝐎𝐋𝐃 𝐢𝟓 𝟏𝟎𝟒𝟎𝟎𝐅 (𝟖𝐏𝐂𝐒) (8PCS)
𝐂𝐎𝐌𝐒𝐇𝐎𝐏 𝐏𝐀𝐂𝐊𝐀𝐆𝐄
#PCMERCHANDISE #PCMBUILDS",,77,"03/13/2023 19:01",auto,https://www.facebook.com/reel/1376725135585379/,0,0,Reels,,,,,03/02/2023,0,,,,,,0,0,0,0,0,0.000,3.863
999437316513354,100064197037125,"PC Merchandise","𝐒𝐎𝐋𝐃 𝐢𝟓 𝟏𝟎𝟒𝟎𝟎𝐅 (𝟖𝐏𝐂𝐒) (8PCS)
𝐂𝐎𝐌𝐒𝐇𝐎𝐏 𝐏𝐀𝐂𝐊𝐀𝐆𝐄
#PCMERCHANDISE #PCMBUILDS",,77,"03/13/2023 19:01",auto,https://www.facebook.com/reel/1376725135585379/,0,0,Reels,,,,,03/03/2023,0,,,,,,0,0,0,0,0,0.000,3.737
999437316513354,100064197037125,"PC Merchandise","𝐒𝐎𝐋𝐃 𝐢𝟓 𝟏𝟎𝟒𝟎𝟎𝐅 (𝟖𝐏𝐂𝐒) (8PCS)
𝐂𝐎𝐌𝐒𝐇𝐎𝐏 𝐏𝐀𝐂𝐊𝐀𝐆𝐄
#PCMERCHANDISE #PCMBUILDS",,77,"03/13/2023 19:01",auto,https://www.facebook.com/reel/1376725135585379/,0,0,Reels,,,,,03/04/2023,0,,,,,,0,0,0,0,0,0.000,4.410
999437316513354,100064197037125,"PC Merchandise","𝐒𝐎𝐋𝐃 𝐢𝟓 𝟏𝟎𝟒𝟎𝟎𝐅 (𝟖𝐏𝐂𝐒) (8PCS)
𝐂𝐎𝐌𝐒𝐇𝐎𝐏 𝐏𝐀𝐂𝐊𝐀𝐆𝐄
#PCMERCHANDISE #PCMBUILDS",,77,"03/13/2023 19:01",auto,https://www.facebook.com/reel/1376725135585379/,0,0,Reels,,,,,03/05/2023,0,,,,,,0,0,0,0,0,0.000,3.786
999437316513354,100064197037125,"PC Merchandise","𝐒𝐎𝐋𝐃 𝐢𝟓 𝟏𝟎𝟒𝟎𝟎𝐅 (𝟖𝐏𝐂𝐒) (8PCS)
𝐂𝐎𝐌𝐒𝐇𝐎𝐏 𝐏𝐀𝐂𝐊𝐀𝐆𝐄
#PCMERCHANDISE #PCMBUILDS",,77,"03/13/2023 19:01",auto,https://www.facebook.com/reel/1376725135585379/,0,0,Reels,,,,,03/06/2023,0,,,,,,0,0,0,0,0,0.000,4.219
999437316513354,100064197037125,"PC Merchandise","𝐒𝐎𝐋𝐃 𝐢𝟓 𝟏𝟎𝟒𝟎𝟎𝐅 (𝟖𝐏𝐂𝐒) (8PCS)
𝐂𝐎𝐌𝐒𝐇𝐎𝐏 𝐏𝐀𝐂𝐊𝐀𝐆𝐄
#PCMERCHANDISE #PCMBUILDS",,77,"03/13/2023 19:01",auto,https://www.facebook.com/reel/1376725135585379/,0,0,Reels,,,,,03/07/2023,0,,,,,,0,0,0,0,0,0.000,3.747
999437316513354,100064197037125,"PC Merchandise","𝐒𝐎𝐋𝐃 𝐢𝟓 𝟏𝟎𝟒𝟎𝟎𝐅 (𝟖𝐏𝐂𝐒) (8PCS)
𝐂𝐎𝐌𝐒𝐇𝐎𝐏 𝐏𝐀𝐂𝐊𝐀𝐆𝐄
#PCMERCHANDISE #PCMBUILDS",,77,"03/13/2023 19:01",auto,https://www.facebook.com/reel/1376725135585379/,0,0,Reels,,,,,03/08/2023,0,,,,,,0,0,0,0,0,0.000,4.681
999437316513354,100064197037125,"PC Merchandise","𝐒𝐎𝐋𝐃 𝐢𝟓 𝟏𝟎𝟒𝟎𝟎𝐅 (𝟖𝐏𝐂𝐒) (8PCS)
𝐂𝐎𝐌𝐒𝐇𝐎𝐏 𝐏𝐀𝐂𝐊𝐀𝐆𝐄
#PCMERCHANDISE #PCMBUILDS",,77,"03/13/2023 19:01",auto,https://www.facebook.com/reel/1376725135585379/,0,0,Reels,,,,,03/09/2023,0,,,,,,0,0,0,0,0,0.000,3.153
999437316513354,100064197037125,"PC Merchandise","𝐒𝐎𝐋𝐃 𝐢𝟓 𝟏𝟎𝟒𝟎𝟎𝐅 (𝟖𝐏𝐂𝐒) (8PCS)
𝐂𝐎𝐌𝐒𝐇𝐎𝐏 𝐏𝐀𝐂𝐊𝐀𝐆𝐄
#PCMERCHANDISE #PCMBUILDS",,77,"03/13/2023 19:01",auto,https://www.facebook.com/reel/1376725135585379/,0,0,Reels,,,,,03/10/2023,0,,,,,,0,0,0,0,0,0.000,2.785
999437316513354,100064197037125,"PC Merchandise","𝐒𝐎𝐋𝐃 𝐢𝟓 𝟏𝟎𝟒𝟎𝟎𝐅 (𝟖𝐏𝐂𝐒) (8PCS)
𝐂𝐎𝐌𝐒𝐇𝐎𝐏 𝐏𝐀𝐂𝐊𝐀𝐆𝐄
#PCMERCHANDISE #PCMBUILDS",,77,"03/13/2023 19:01",auto,https://www.facebook.com/reel/1376725135585379/,0,0,Reels,,,,,03/11/2023,0,,,,,,0,0,0,0,0,0.000,4.130
999437316513354,100064197037125,"PC Merchandise","𝐒𝐎𝐋𝐃 𝐢𝟓 𝟏𝟎𝟒𝟎𝟎𝐅 (𝟖𝐏𝐂𝐒) (8PCS)
𝐂𝐎𝐌𝐒𝐇𝐎𝐏 𝐏𝐀𝐂𝐊𝐀𝐆𝐄
#PCMERCHANDISE #PCMBUILDS",,77,"03/13/2023 19:01",auto,https://www.facebook.com/reel/1376725135585379/,0,0,Reels,,,,,03/12/2023,0,,,,,,0,0,0,0,0,0.000,3.583
999437316513354,100064197037125,"PC Merchandise","𝐒𝐎𝐋𝐃 𝐢𝟓 𝟏𝟎𝟒𝟎𝟎𝐅 (𝟖𝐏𝐂𝐒) (8PCS)
𝐂𝐎𝐌𝐒𝐇𝐎𝐏 𝐏𝐀𝐂𝐊𝐀𝐆𝐄
#PCMERCHANDISE #PCMBUILDS",,77,"03/13/2023 19:01",auto,https://www.facebook.com/reel/1376725135585379/,0,0,Reels,,,,,03/13/2023,0,,,,,,0,0,0,0,0,152.320,4.288
999437316513354,100064197037125,"PC Merchandise","𝐒𝐎𝐋𝐃 𝐢𝟓 𝟏𝟎𝟒𝟎𝟎𝐅 (𝟖𝐏𝐂𝐒) (8PCS)
𝐂𝐎𝐌𝐒𝐇𝐎𝐏 𝐏𝐀𝐂𝐊𝐀𝐆𝐄
#PCMERCHANDISE #PCMBUILDS",,77,"03/13/2023 19:01",auto,https://www.facebook.com/reel/1376725135585379/,0,0,Reels,,,,,03/14/2023,0,,,,,,0,0,0,0,0,79.493,3.539
999437316513354,100064197037125,"PC Merchandise","𝐒𝐎𝐋𝐃 𝐢𝟓 𝟏𝟎𝟒𝟎𝟎𝐅 (𝟖𝐏𝐂𝐒) (8PCS)
𝐂𝐎𝐌𝐒𝐇𝐎𝐏 𝐏𝐀𝐂𝐊𝐀𝐆𝐄
#PCMERCHANDISE #PCMBUILDS",,77,"03/13/2023 19:01",auto,https://www.facebook.com/reel/1376725135585379/,0,0,Reels,,,,,03/15/2023,0,,,,,,0,0,0,0,0,101.180,4.783
999437316513354,100064197037125,"PC Merchandise","𝐒𝐎𝐋𝐃 𝐢𝟓 𝟏𝟎𝟒𝟎𝟎𝐅 (𝟖𝐏𝐂𝐒) (8PCS)
𝐂𝐎𝐌𝐒𝐇𝐎𝐏 𝐏𝐀𝐂𝐊𝐀𝐆𝐄
#PCMERCHANDISE #PCMBUILDS",,77,"03/13/2023 19:01",auto,https://www.facebook.com/reel/1376725135585379/,0,0,Reels,,,,,03/16/2023,0,,,,,,0,0,0,0,0,76.514,3.070
999437316513354,100064197037125,"PC Merchandise","𝐒𝐎𝐋𝐃 𝐢𝟓 𝟏𝟎𝟒𝟎𝟎𝐅 (𝟖𝐏𝐂𝐒) (8PCS)
𝐂𝐎𝐌𝐒𝐇𝐎𝐏 𝐏𝐀𝐂𝐊𝐀𝐆𝐄
#PCMERCHANDISE #PCMBUILDS",,77,"03/13/2023 19:01",auto,https://www.facebook.com/reel/1376725135585379/,0,0,Reels,,,,,03/17/2023,0,,,,,,0,0,0,0,0,63.610,3.846
999437316513354,100064197037125,"PC Merchandise","𝐒𝐎𝐋𝐃 𝐢𝟓 𝟏𝟎𝟒𝟎𝟎𝐅 (𝟖𝐏𝐂𝐒) (8PCS)
𝐂𝐎𝐌𝐒𝐇𝐎𝐏 𝐏𝐀𝐂𝐊𝐀𝐆𝐄
#PCMERCHANDISE #PCMBUILDS",,77,"03/13/2023 19:01",auto,https://www.facebook.com/reel/1376725135585379/,0,0,Reels,,,,,03/18/2023,0,,,,,,0,0,0,0,0,77.554,5.469
999437316513354,100064197037125,"PC Merchandise","𝐒𝐎𝐋𝐃 𝐢𝟓 𝟏𝟎𝟒𝟎𝟎𝐅 (𝟖𝐏𝐂𝐒) (8PCS)
𝐂𝐎𝐌𝐒𝐇𝐎𝐏 𝐏𝐀𝐂𝐊𝐀𝐆𝐄
#PCMERCHANDISE #PCMBUILDS",,77,"03/13/2023 19:01",auto,https://www.facebook.com/reel/1376725135585379/,0,0,Reels,,,,,03/19/2023,0,,,,,,0,0,0,0,0,20.924,3.402
999437316513354,100064197037125,"PC Merchandise","𝐒𝐎𝐋𝐃 𝐢𝟓 𝟏𝟎𝟒𝟎𝟎𝐅 (𝟖𝐏𝐂𝐒) (8PCS)
𝐂𝐎𝐌𝐒𝐇𝐎𝐏 𝐏𝐀𝐂𝐊𝐀𝐆𝐄
#PCMERCHANDISE #PCMBUILDS",,77,"03/13/2023 19:01",auto,https://www.facebook.com/reel/1376725135585379/,0,0,Reels,,,,,03/20/2023,0,,,,,,0,0,0,0,0,35.429,4.774
999437316513354,100064197037125,"PC Merchandise","𝐒𝐎𝐋𝐃 𝐢𝟓 𝟏𝟎𝟒𝟎𝟎𝐅 (𝟖𝐏𝐂𝐒) (8PCS)
𝐂𝐎𝐌𝐒𝐇𝐎𝐏 𝐏𝐀𝐂𝐊𝐀𝐆𝐄
#PCMERCHANDISE #PCMBUILDS",,77,"03/13/2023 19:01",auto,https://www.facebook.com/reel/1376725135585379/,0,0,Reels,,,,,03/21/2023,0,,,,,,0,0,0,0,0,23.575,3.913
999437316513354,100064197037125,"PC Merchandise","𝐒𝐎𝐋𝐃 𝐢𝟓 𝟏𝟎𝟒𝟎𝟎𝐅 (𝟖𝐏𝐂𝐒) (8PCS)
𝐂𝐎𝐌𝐒𝐇𝐎𝐏 𝐏𝐀𝐂𝐊𝐀𝐆𝐄
#PCMERCHANDISE #PCMBUILDS",,77,"03/13/2023 19:01",auto,https://www.facebook.com/reel/1376725135585379/,0,0,Reels,,,,,03/22/2023,0,,,,,,0,0,0,0,0,18.867,3.512
999437316513354,100064197037125,"PC Merchandise","𝐒𝐎𝐋𝐃 𝐢𝟓 𝟏𝟎𝟒𝟎𝟎𝐅 (𝟖𝐏𝐂𝐒) (8PCS)
𝐂𝐎𝐌𝐒𝐇𝐎𝐏 𝐏𝐀𝐂𝐊𝐀𝐆𝐄
#PCMERCHANDISE #PCMBUILDS",,77,"03/13/2023 19:01",auto,https://www.facebook.com/reel/1376725135585379/,0,0,Reels,,,,,03/23/2023,0,,,,,,0,0,0,0,0,7.968,4.177
999437316513354,100064197037125,"PC Merchandise","𝐒𝐎𝐋𝐃 𝐢𝟓 𝟏𝟎𝟒𝟎𝟎𝐅 (𝟖𝐏𝐂𝐒) (8PCS)
𝐂𝐎𝐌𝐒𝐇𝐎𝐏 𝐏𝐀𝐂𝐊𝐀𝐆𝐄
#PCMERCHANDISE #PCMBUILDS",,77,"03/13/2023 19:01",auto,https://www.facebook.com/reel/1376725135585379/,0,0,Reels,,,,,03/24/2023,0,,,,,,0,0,0,0,0,26.712,4.953
999437316513354,100064197037125,"PC Merchandise","𝐒𝐎𝐋𝐃 𝐢𝟓 𝟏𝟎𝟒𝟎𝟎𝐅 (𝟖𝐏𝐂𝐒) (8PCS)
𝐂𝐎𝐌𝐒𝐇𝐎𝐏 𝐏𝐀𝐂𝐊𝐀𝐆𝐄
#PCMERCHANDISE #PCMBUILDS",,77,"03/13/2023 19:01",auto,https://www.facebook.com/reel/1376725135585379/,0,0,Reels,,,,,03/25/2023,0,,,,,,0,0,0,0,0,16.256,3.886
999437316513354,100064197037125,"PC Merchandise","𝐒𝐎𝐋𝐃 𝐢𝟓 𝟏𝟎𝟒𝟎𝟎𝐅 (𝟖𝐏𝐂𝐒) (8PCS)
𝐂𝐎𝐌𝐒𝐇𝐎𝐏 𝐏𝐀𝐂𝐊𝐀𝐆𝐄
#PCMERCHANDISE #PCMBUILDS",,77,"03/13/2023 19:01",auto,https://www.facebook.com/reel/1376725135585379/,0,0,Reels,,,,,03/26/2023,0,,,,,,0,0,0,0,0,7.376,2.886
999437316513354,100064197037125,"PC Merchandise","𝐒𝐎𝐋𝐃 𝐢𝟓 𝟏𝟎𝟒𝟎𝟎𝐅 (𝟖𝐏𝐂𝐒) (8PCS)
𝐂𝐎𝐌𝐒𝐇𝐎𝐏 𝐏𝐀𝐂𝐊𝐀𝐆𝐄
#PCMERCHANDISE #PCMBUILDS",,77,"03/13/2023 19:01",auto,https://www.facebook.com/reel/1376725135585379/,0,0,Reels,,,,,03/27/2023,0,,,,,,0,0,0,0,0,7.711,3.871
999437316513354,100064197037125,"PC Merchandise","𝐒𝐎𝐋𝐃 𝐢𝟓 𝟏𝟎𝟒𝟎𝟎𝐅 (𝟖𝐏𝐂𝐒) (8PCS)
𝐂𝐎𝐌𝐒𝐇𝐎𝐏 𝐏𝐀𝐂𝐊𝐀𝐆𝐄
#PCMERCHANDISE #PCMBUILDS",,77,"03/13/2023 19:01",auto,https://www.facebook.com/reel/1376725135585379/,0,0,Reels,,,,,03/28/2023,0,,,,,,0,0,0,0,0,6.676,4.569
999437316513354,100064197037125,"PC Merchandise","𝐒𝐎𝐋𝐃 𝐢𝟓 𝟏𝟎𝟒𝟎𝟎𝐅 (𝟖𝐏𝐂𝐒) (8PCS)
𝐂𝐎𝐌𝐒𝐇𝐎𝐏 𝐏𝐀𝐂𝐊𝐀𝐆𝐄
#PCMERCHANDISE #PCMBUILDS",,77,"03/13/2023 19:01",auto,https://www.facebook.com/reel/1376725135585379/,0,0,Reels,,,,,03/29/2023,0,,,,,,0,0,0,0,0,7.028,3.423
999437316513354,100064197037125,"PC Merchandise","𝐒𝐎𝐋𝐃 𝐢𝟓 𝟏𝟎𝟒𝟎𝟎𝐅 (𝟖𝐏𝐂𝐒) (8PCS)
𝐂𝐎𝐌𝐒𝐇𝐎𝐏 𝐏𝐀𝐂𝐊𝐀𝐆𝐄
#PCMERCHANDISE #PCMBUILDS",,77,"03/13/2023 19:01",auto,https://www.facebook.com/reel/1376725135585379/,0,0,Reels,,,,,03/30/2023,0,,,,,,0,0,0,0,0,7.591,2.872
999437316513354,100064197037125,"PC Merchandise","𝐒𝐎𝐋𝐃 𝐢𝟓 𝟏𝟎𝟒𝟎𝟎𝐅 (𝟖𝐏𝐂𝐒) (8PCS)
𝐂𝐎𝐌𝐒𝐇𝐎𝐏 𝐏𝐀𝐂𝐊𝐀𝐆𝐄
#PCMERCHANDISE #PCMBUILDS",,77,"03/13/2023 19:01",auto,https://www.facebook.com/reel/1376725135585379/,0,0,Reels,,,,,03/31/2023,0,,,,,,0,0,0,0,0,9.847,4.611
999268374584474,100064197037125,"PC Merchandise","客户 satisfied ✅ i3 10100F build with RGB everything 🌈",,42,"03/11/2023 22:31",uploaded,https://www.facebook.com/reel/1791781720056237/,0,0,Reels,,,,,03/01/2023,0,,,,,,0,0,0,0,0,0.000,3.224
999268374584474,100064197037125,"PC Merchandise","客户 satisfied ✅ i3 10100F build with RGB everything 🌈",,42,"03/11/2023 22:31",uploaded,https://www.facebook.com/reel/1791781720056237/,0,0,Reels,,,,,03/02/2023,0,,,,,,0,0,0,0,0,0.000,4.755
999268374584474,100064197037125,"PC Merchandise","客户 satisfied ✅ i3 10100F build with RGB everything 🌈",,42,"03/11/2023 22:31",uploaded,https://www.facebook.com/reel/1791781720056237/,0,0,Reels,,,,,03/03/2023,0,,,,,,0,0,0,0,0,0.000,4.005
999268374584474,100064197037125,"PC Merchandise","客户 satisfied ✅ i3 10100F build with RGB everything 🌈",,42,"03/11/2023 22:31",uploaded,https://www.facebook.com/reel/1791781720056237/,0,0,Reels,,,,,03/04/2023,0,,,,,,0,0,0,0,0,0.000,5.314
999268374584474,100064197037125,"PC Merchandise","客户 satisfied ✅ i3 10100F build with RGB everything 🌈",,42,"03/11/2023 22:31",uploaded,https://www.facebook.com/reel/1791781720056237/,0,0,Reels,,,,,03/05/2023,0,,,,,,0,0,0,0,0,0.000,4.638
999268374584474,100064197037125,"PC Merchandise","客户 satisfied ✅ i3 10100F build with RGB everything 🌈",,42,"03/11/2023 22:31",uploaded,https://www.facebook.com/reel/1791781720056237/,0,0,Reels,,,,,03/06/2023,0,,,,,,0,0,0,0,0,0.000,5.556
999268374584474,100064197037125,"PC Merchandise","客户 satisfied ✅ i3 10100F build with RGB everything 🌈",,42,"03/11/2023 22:31",uploaded,https://www.facebook.com/reel/1791781720056237/,0,0,Reels,,,,,03/07/2023,0,,,,,,0,0,0,0,0,0.000,4.237
999268374584474,100064197037125,"PC Merchandise","客户 satisfied ✅ i3 10100F build with RGB everything 🌈",,42,"03/11/2023 22:31",uploaded,https://www.facebook.com/reel/1791781720056237/,0,0,Reels,,,,,03/08/2023,0,,,,,,0,0,0,0,0,0.000,3.813
999268374584474,100064197037125,"PC Merchandise","客户 satisfied ✅ i3 10100F build with RGB everything 🌈",,42,"03/11/2023 22:31",uploaded,https://www.facebook.com/reel/1791781720056237/,0,0,Reels,,,,,03/09/2023,0,,,,,,0,0,0,0,0,0.000,4.084
999268374584474,100064197037125,"PC Merchandise","客户 satisfied ✅ i3 10100F build with RGB everything 🌈",,42,"03/11/2023 22:31",uploaded,https://www.facebook.com/reel/1791781720056237/,0,0,Reels,,,,,03/10/2023,0,,,,,,0,0,0,0,0,0.000,3.833
999268374584474,100064197037125,"PC Merchandise","客户 satisfied ✅ i3 10100F build with RGB everything 🌈",,42,"03/11/2023 22:31",uploaded,https://www.facebook.com/reel/1791781720056237/,0,0,Reels,,,,,03/11/2023,0,,,,,,0,0,0,0,0,46.577,4.781
999268374584474,100064197037125,"PC Merchandise","客户 satisfied ✅ i3 10100F build with RGB everything 🌈",,42,"03/11/2023 22:31",uploaded,https://www.facebook.com/reel/1791781720056237/,0,0,Reels,,,,,03/12/2023,0,,,,,,0,0,0,0,0,60.795,3.505
999268374584474,100064197037125,"PC Merchandise","客户 satisfied ✅ i3 10100F build with RGB everything 🌈",,42,"03/11/2023 22:31",uploaded,https://www.facebook.com/reel/1791781720056237/,0,0,Reels,,,,,03/13/2023,0,,,,,,0,0,0,0,0,19.405,4.840
999268374584474,100064197037125,"PC Merchandise","客户 satisfied ✅ i3 10100F build with RGB everything 🌈",,42,"03/11/2023 22:31",uploaded,https://www.facebook.com/reel/1791781720056237/,0,0,Reels,,,,,03/14/2023,0,,,,,,0,0,0,0,0,23.156,5.446
999268374584474,100064197037125,"PC Merchandise","客户 satisfied ✅ i3 10100F build with RGB everything 🌈",,42,"03/11/2023 22:31",uploaded,https://www.facebook.com/reel/1791781720056237/,0,0,Reels,,,,,03/15/2023,0,,,,,,0,0,0,0,0,18.672,4.451
999268374584474,100064197037125,"PC Merchandise","客户 satisfied ✅ i3 10100F build with RGB everything 🌈",,42,"03/11/2023 22:31",uploaded,https://www.facebook.com/reel/1791781720056237/,0,0,Reels,,,,,03/16/2023,0,,,,,,0,0,0,0,0,15.251,4.631
999268374584474,100064197037125,"PC Merchandise","客户 satisfied ✅ i3 10100F build with RGB everything 🌈",,42,"03/11/2023 22:31",uploaded,https://www.facebook.com/reel/1791781720056237/,0,0,Reels,,,,,03/17/2023,0,,,,,,0,0,0,0,0,13.137,4.664
999268374584474,100064197037125,"PC Merchandise","客户 satisfied ✅ i3 10100F build with RGB everything 🌈",,42,"03/11/2023 22:31",uploaded,https://www.facebook.com/reel/1791781720056237/,0,0,Reels,,,,,03/18/2023,0,,,,,,0,0,0,0,0,17.864,3.502
999268374584474,100064197037125,"PC Merchandise","客户 satisfied ✅ i3 10100F build with RGB everything 🌈",,42,"03/11/2023 22:31",uploaded,https://www.facebook.com/reel/1791781720056237/,0,0,Reels,,,,,03/19/2023,0,,,,,,0,0,0,0,0,10.786,5.413
999268374584474,100064197037125,"PC Merchandise","客户 satisfied ✅ i3 10100F build with RGB everything 🌈",,42,"03/11/2023 22:31",uploaded,https://www.facebook.com/reel/1791781720056237/,0,0,Reels,,,,,03/20/2023,0,,,,,,0,0,0,0,0,2.624,3.762
999268374584474,100064197037125,"PC Merchandise","客户 satisfied ✅ i3 10100F build with RGB everything 🌈",,42,"03/11/2023 22:31",uploaded,https://www.facebook.com/reel/1791781720056237/,0,0,Reels,,,,,03/21/2023,0,,,,,,0,0,0,0,0,6.710,5.283
999268374584474,100064197037125,"PC Merchandise","客户 satisfied ✅ i3 10100F build with RGB everything 🌈",,42,"03/11/2023 22:31",uploaded,https://www.facebook.com/reel/1791781720056237/,0,0,Reels,,,,,03/22/2023,0,,,,,,0,0,0,0,0,3.713,5.398
999268374584474,100064197037125,"PC Merchandise","客户 satisfied ✅ i3 10100F build with RGB everything 🌈",,42,"03/11/2023 22:31",uploaded,https://www.facebook.com/reel/1791781720056237/,0,0,Reels,,,,,03/23/2023,0,,,,,,0,0,0,0,0,4.845,4.051
999268374584474,100064197037125,"PC Merchandise","客户 satisfied ✅ i3 10100F build with RGB everything 🌈",,42,"03/11/2023 22:31",uploaded,https://www.facebook.com/reel/1791781720056237/,0,0,Reels,,,,,03/24/2023,0,,,,,,0,0,0,0,0,4.286,3.365
999268374584474,100064197037125,"PC Merchandise","客户 satisfied ✅ i3 10100F build with RGB everything 🌈",,42,"03/11/2023 22:31",uploaded,https://www.facebook.com/reel/1791781720056237/,0,0,Reels,,,,,03/25/2023,0,,,,,,0,0,0,0,0,4.995,4.289
999268374584474,100064197037125,"PC Merchandise","客户 satisfied ✅ i3 10100F build with RGB everything 🌈",,42,"03/11/2023 22:31",uploaded,https://www.facebook.com/reel/1791781720056237/,0,0,Reels,,,,,03/26/2023,0,,,,,,0,0,0,0,0,3.483,4.977
999268374584474,100064197037125,"PC Merchandise","客户 satisfied ✅ i3 10100F build with RGB everything 🌈",,42,"03/11/2023 22:31",uploaded,https://www.facebook.com/reel/1791781720056237/,0,0,Reels,,,,,03/27/2023,0,,,,,,0,0,0,0,0,2.797,6.054
999268374584474,100064197037125,"PC Merchandise","客户 satisfied ✅ i3 10100F build with RGB everything 🌈",,42,"03/11/2023 22:31",uploaded,https://www.facebook.com/reel/1791781720056237/,0,0,Reels,,,,,03/28/2023,0,,,,,,0,0,0,0,0,2.519,4.192
999268374584474,100064197037125,"PC Merchandise","客户 satisfied ✅ i3 10100F build with RGB everything 🌈",,42,"03/11/2023 22:31",uploaded,https://www.facebook.com/reel/1791781720056237/,0,0,Reels,,,,,03/29/2023,0,,,,,,0,0,0,0,0,3.988,5.020
999268374584474,100064197037125,"PC Merchandise","客户 satisfied ✅ i3 10100F build with RGB everything 🌈",,42,"03/11/2023 22:31",uploaded,https://www.facebook.com/reel/1791781720056237/,0,0,Reels,,,,,03/30/2023,0,,,,,,0,0,0,0,0,2.928,4.257
999268374584474,100064197037125,"PC Merchandise","客户 satisfied ✅ i3 10100F build with RGB everything 🌈",,42,"03/11/2023 22:31",uploaded,https://www.facebook.com/reel/1791781720056237/,0,0,Reels,,,,,03/31/2023,0,,,,,,0,0,0,0,0,2.657,6.107
999257715407806,100064197037125,"PC Merchandise","客户 satisfied ✅ RYZEN 3 3200G build with RGB everything 🌈",,52,"03/11/2023 15:00",mixed,https://www.facebook.com/reel/1734347288867795/,0,0,Reels,,,,,03/01/2023,0,,,,,,0,0,0,0,0,0.000,3.692
999257715407806,100064197037125,"PC Merchandise","客户 satisfied ✅ RYZEN 3 3200G build with RGB everything 🌈",,52,"03/11/2023 15:00",mixed,https://www.facebook.com/reel/1734347288867795/,0,0,Reels,,,,,03/02/2023,0,,,,,,0,0,0,0,0,0.000,3.175
999257715407806,100064197037125,"PC Merchandise","客户 satisfied ✅ RYZEN 3 3200G build with RGB everything 🌈",,52,"03/11/2023 15:00",mixed,https://www.facebook.com/reel/1734347288867795/,0,0,Reels,,,,,03/03/2023,0,,,,,,0,0,0,0,0,0.000,2.991
999257715407806,100064197037125,"PC Merchandise","客户 satisfied ✅ RYZEN 3 3200G build with RGB everything 🌈",,52,"03/11/2023 15:00",mixed,https://www.facebook.com/reel/1734347288867795/,0,0,Reels,,,,,03/04/2023,0,,,,,,0,0,0,0,0,0.000,2.971
999257715407806,100064197037125,"PC Merchandise","客户 satisfied ✅ RYZEN 3 3200G build with RGB everything 🌈",,52,"03/11/2023 15:00",mixed,https://www.facebook.com/reel/1734347288867795/,0,0,Reels,,,,,03/05/2023,0,,,,,,0,0,0,0,0,0.000,4.554
999257715407806,100064197037125,"PC Merchandise","客户 satisfied ✅ RYZEN 3 3200G build with RGB everything 🌈",,52,"03/11/2023 15:00",mixed,https://www.facebook.com/reel/1734347288867795/,0,0,Reels,,,,,03/06/2023,0,,,,,,0,0,0,0,0,0.000,4.490
999257715407806,100064197037125,"PC Merchandise","客户 satisfied ✅ RYZEN 3 3200G build with RGB everything 🌈",,52,"03/11/2023 15:00",mixed,https://www.facebook.com/reel/1734347288867795/,0,0,Reels,,,,,03/07/2023,0,,,,,,0,0,0,0,0,0.000,3.783
999257715407806,100064197037125,"PC Merchandise","客户 satisfied ✅ RYZEN 3 3200G build with RGB everything 🌈",,52,"03/11/2023 15:00",mixed,https://www.facebook.com/reel/1734347288867795/,0,0,Reels,,,,,03/08/2023,0,,,,,,0,0,0,0,0,0.000,2.838
999257715407806,100064197037125,"PC Merchandise","客户 satisfied ✅ RYZEN 3 3200G build with RGB everything 🌈",,52,"03/11/2023 15:00",mixed,https://www.facebook.com/reel/1734347288867795/,0,0,Reels,,,,,03/09/2023,0,,,,,,0,0,0,0,0,0.000,4.898
999257715407806,100064197037125,"PC Merchandise","客户 satisfied ✅ RYZEN 3 3200G build with RGB everything 🌈",,52,"03/11/2023 15:00",mixed,https://www.facebook.com/reel/1734347288867795/,0,0,Reels,,,,,03/10/2023,0,,,,,,0,0,0,0,0,0.000,3.741
999257715407806,100064197037125,"PC Merchandise","客户 satisfied ✅ RYZEN 3 3200G build with RGB everything 🌈",,52,"03/11/2023 15:00",mixed,https://www.facebook.com/reel/1734347288867795/,0,0,Reels,,,,,03/11/2023,0,,,,,,0,0,1,0,1,40.368,4.506
999257715407806,100064197037125,"PC Merchandise","客户 satisfied ✅ RYZEN 3 3200G build with RGB everything 🌈",,52,"03/11/2023 15:00",mixed,https://www.facebook.com/reel/1734347288867795/,0,0,Reels,,,,,03/12/2023,0,,,,,,0,0,0,0,0,23.182,2.465
999257715407806,100064197037125,"PC Merchandise","客户 satisfied ✅ RYZEN 3 3200G build with RGB everything 🌈",,52,"03/11/2023 15:00",mixed,https://www.facebook.com/reel/1734347288867795/,0,0,Reels,,,,,03/13/2023,0,,,,,,0,0,2,1,1,24.334,3.564
999257715407806,100064197037125,"PC Merchandise","客户 satisfied ✅ RYZEN 3 3200G build with RGB everything 🌈",,52,"03/11/2023 15:00",mixed,https://www.facebook.com/reel/1734347288867795/,0,0,Reels,,,,,03/14/2023,0,,,,,,0,0,0,0,0,12.643,3.617
999257715407806,100064197037125,"PC Merchandise","客户 satisfied ✅ RYZEN 3 3200G build with RGB everything 🌈",,52,"03/11/2023 15:00",mixed,https://www.facebook.com/reel/1734347288867795/,0,0,Reels,,,,,03/15/2023,0,,,,,,0,0,0,0,0,9.380,4.736
999257715407806,100064197037125,"PC Merchandise","客户 satisfied ✅ RYZEN 3 3200G build with RGB everything 🌈",,52,"03/11/2023 15:00",mixed,https://www.facebook.com/reel/1734347288867795/,0,0,Reels,,,,,03/16/2023,0,,,,,,0,0,0,0,0,8.546,3.367
999257715407806,100064197037125,"PC Merchandise","客户 satisfied ✅ RYZEN 3 3200G build with RGB everything 🌈",,52,"03/11/2023 15:00",mixed,https://www.facebook.com/reel/1734347288867795/,0,0,Reels,,,,,03/17/2023,0,,,,,,0,0,0,0,0,8.517,3.560
999257715407806,100064197037125,"PC Merchandise","客户 satisfied ✅ RYZEN 3 3200G build with RGB everything 🌈",,52,"03/11/2023 15:00",mixed,https://www.facebook.com/reel/1734347288867795/,0,0,Reels,,,,,03/18/2023,0,,,,,,0,0,0,0,0,4.899,3.322
999257715407806,100064197037125,"PC Merchandise","客户 satisfied ✅ RYZEN 3 3200G build with RGB everything 🌈",,52,"03/11/2023 15:00",mixed,https://www.facebook.com/reel/1734347288867795/,0,0,Reels,,,,,03/19/2023,0,,,,,,0,0,0,0,0,6.412,4.299
999257715407806,100064197037125,"PC Merchandise","客户 satisfied ✅ RYZEN 3 3200G build with RGB everything 🌈",,52,"03/11/2023 15:00",mixed,https://www.facebook.com/reel/1734347288867795/,0,0,Reels,,,,,03/20/2023,0,,,,,,0,0,0,0,0,2.760,3.373
999257715407806,100064197037125,"PC Merchandise","客户 satisfied ✅ RYZEN 3 3200G build with RGB everything 🌈",,52,"03/11/2023 15:00",mixed,https://www.facebook.com/reel/1734347288867795/,0,0,Reels,,,,,03/21/2023,0,,,,,,0,0,0,0,0,3.260,3.309
999257715407806,100064197037125,"PC Merchandise","客户 satisfied ✅ RYZEN 3 3200G build with RGB everything 🌈",,52,"03/11/2023 15:00",mixed,https://www.facebook.com/reel/1734347288867795/,0,0,Reels,,,,,03/22/2023,0,,,,,,0,0,1,1,0,3.258,4.642
999257715407806,100064197037125,"PC Merchandise","客户 satisfied ✅ RYZEN 3 3200G build with RGB everything 🌈",,52,"03/11/2023 15:00",mixed,https://www.facebook.com/reel/1734347288867795/,0,0,Reels,,,,,03/23/2023,0,,,,,,0,0,0,0,0,1.766,3.612
999257715407806,100064197037125,"PC Merchandise","客户 satisfied ✅ RYZEN 3 3200G build with RGB everything 🌈",,52,"03/11/2023 15:00",mixed,https://www.facebook.com/reel/1734347288867795/,0,0,Reels,,,,,03/24/2023,0,,,,,,0,0,0,0,0,1.367,4.349
999257715407806,100064197037125,"PC Merchandise","客户 satisfied ✅ RYZEN 3 3200G build with RGB everything 🌈",,52,"03/11/2023 15:00",mixed,https://www.facebook.com/reel/1734347288867795/,0,0,Reels,,,,,03/25/2023,0,,,,,,0,0,0,0,0,1.272,4.393
999257715407806,100064197037125,"PC Merchandise","客户 satisfied ✅ RYZEN 3 3200G build with RGB everything 🌈",,52,"03/11/2023 15:00",mixed,https://www.facebook.com/reel/1734347288867795/,0,0,Reels,,,,,03/26/2023,0,,,,,,0,0,0,0,0,2.373,4.035
999257715407806,100064197037125,"PC Merchandise","客户 satisfied ✅ RYZEN 3 3200G build with RGB everything 🌈",,52,"03/11/2023 15:00",mixed,https://www.facebook.com/reel/1734347288867795/,0,0,Reels,,,,,03/27/2023,0,,,,,,0,0,0,0,0,4.643,2.204
999257715407806,100064197037125,"PC Merchandise","客户 satisfied ✅ RYZEN 3 3200G build with RGB everything 🌈",,52,"03/11/2023 15:00",mixed,https://www.facebook.com/reel/1734347288867795/,0,0,Reels,,,,,03/28/2023,0,,,,,,0,0,0,0,0,2.372,3.505
999257715407806,100064197037125,"PC Merchandise","客户 satisfied ✅ RYZEN 3 3200G build with RGB everything 🌈",,52,"03/11/2023 15:00",mixed,https://www.facebook.com/reel/1734347288867795/,0,0,Reels,,,,,03/29/2023,0,,,,,,0,0,0,0,0,1.515,3.818
999257715407806,100064197037125,"PC Merchandise","客户 satisfied ✅ RYZEN 3 3200G build with RGB everything 🌈",,52,"03/11/2023 15:00",mixed,https://www.facebook.com/reel/1734347288867795/,0,0,Reels,,,,,03/30/2023,0,,,,,,0,0,0,0,0,2.122,3.829
999257715407806,100064197037125,"PC Merchandise","客户 satisfied ✅ RYZEN 3 3200G build with RGB everything 🌈",,52,"03/11/2023 15:00",mixed,https://www.facebook.com/reel/1734347288867795/,0,0,Reels,,,,,03/31/2023,0,,,,,,0,0,0,0,0,1.534,3.442
999346727296037,100064197037125,"PC Merchandise","Do you want an aesthetic build that matches your gaming needs? RYZEN 5 2600 builds available now!",,84,"03/10/2023 21:01",,https://www.facebook.com/reel/1348989781282078/,0,0,Reels,,,,,03/01/2023,0,,,,,,0,0,0,0,0,0.000,3.923
999346727296037,100064197037125,"PC Merchandise","Do you want an aesthetic build that matches your gaming needs? RYZEN 5 2600 builds available now!",,84,"03/10/2023 21:01",,https://www.facebook.com/reel/1348989781282078/,0,0,Reels,,,,,03/02/2023,0,,,,,,0,0,0,0,0,0.000,5.208
999346727296037,100064197037125,"PC Merchandise","Do you want an aesthetic build that matches your gaming needs? RYZEN 5 2600 builds available now!",,84,"03/10/2023 21:01",,https://www.facebook.com/reel/1348989781282078/,0,0,Reels,,,,,03/03/2023,0,,,,,,0,0,0,0,0,0.000,5.660
999346727296037,100064197037125,"PC Merchandise","Do you want an aesthetic build that matches your gaming needs? RYZEN 5 2600 builds available now!",,84,"03/10/2023 21:01",,https://www.facebook.com/reel/1348989781282078/,0,0,Reels,,,,,03/04/2023,0,,,,,,0,0,0,0,0,0.000,4.525
999346727296037,100064197037125,"PC Merchandise","Do you want an aesthetic build that matches your gaming needs? RYZEN 5 2600 builds available now!",,84,"03/10/2023 21:01",,https://www.facebook.com/reel/1348989781282078/,0,0,Reels,,,,,03/05/2023,0,,,,,,0,0,0,0,0,0.000,6.826
999346727296037,100064197037125,"PC Merchandise","Do you want an aesthetic build that matches your gaming needs? RYZEN 5 2600 builds available now!",,84,"03/10/2023 21:01",,https://www.facebook.com/reel/1348989781282078/,0,0,Reels,,,,,03/06/2023,0,,,,,,0,0,0,0,0,0.000,7.660
999346727296037,100064197037125,"PC Merchandise","Do you want an aesthetic build that matches your gaming needs? RYZEN 5 2600 builds available now!",,84,"03/10/2023 21:01",,https://www.facebook.com/reel/1348989781282078/,0,0,Reels,,,,,03/07/2023,0,,,,,,0,0,0,0,0,0.000,6.654
999346727296037,100064197037125,"PC Merchandise","Do you want an aesthetic build that matches your gaming needs? RYZEN 5 2600 builds available now!",,84,"03/10/2023 21:01",,https://www.facebook.com/reel/1348989781282078/,0,0,Reels,,,,,03/08/2023,0,,,,,,0,0,0,0,0,0.000,5.042
999346727296037,100064197037125,"PC Merchandise","Do you want an aesthetic build that matches your gaming needs? RYZEN 5 2600 builds available now!",,84,"03/10/2023 21:01",,https://www.facebook.com/reel/1348989781282078/,0,0,Reels,,,,,03/09/2023,0,,,,,,0,0,0,0,0,0.000,6.197
999346727296037,100064197037125,"PC Merchandise","Do you want an aesthetic build that matches your gaming needs? RYZEN 5 2600 builds available now!",,84,"03/10/2023 21:01",,https://www.facebook.com/reel/1348989781282078/,0,0,Reels,,,,,03/10/2023,0,,,,,,0,0,0,0,0,179.266,4.762
999346727296037,100064197037125,"PC Merchandise","Do you want an aesthetic build that matches your gaming needs? RYZEN 5 2600 builds available now!",,84,"03/10/2023 21:01",,https://www.facebook.com/reel/1348989781282078/,0,0,Reels,,,,,03/11/2023,0,,,,,,0,0,0,0,0,162.129,5.509
999346727296037,100064197037125,"PC Merchandise","Do you want an aesthetic build that matches your gaming needs? RYZEN 5 2600 builds available now!",,84,"03/10/2023 21:01",,https://www.facebook.com/reel/1348989781282078/,0,0,Reels,,,,,03/12/2023,0,,,,,,0,0,0,0,0,109.033,6.342
999346727296037,100064197037125,"PC Merchandise","Do you want an aesthetic build that matches your gaming needs? RYZEN 5 2600 builds available now!",,84,"03/10/2023 21:01",,https://www.facebook.com/reel/1348989781282078/,0,0,Reels,,,,,03/13/2023,0,,,,,,0,0,0,0,0,96.701,4.960
999346727296037,100064197037125,"PC Merchandise","Do you want an aesthetic build that matches your gaming needs? RYZEN 5 2600 builds available now!",,84,"03/10/2023 21:01",,https://www.facebook.com/reel/1348989781282078/,0,0,Reels,,,,,03/14/2023,0,,,,,,0,0,0,0,0,41.325,5.703
999346727296037,100064197037125,"PC Merchandise","Do you want an aesthetic build that matches your gaming needs? RYZEN 5 2600 builds available now!",,84,"03/10/2023 21:01",,https://www.facebook.com/reel/1348989781282078/,0,0,Reels,,,,,03/15/2023,0,,,,,,0,0,0,0,0,59.055,4.944
999346727296037,100064197037125,"PC Merchandise","Do you want an aesthetic build that matches your gaming needs? RYZEN 5 2600 builds available now!",,84,"03/10/2023 21:01",,https://www.facebook.com/reel/1348989781282078/,0,0,Reels,,,,,03/16/2023,0,,,,,,0,0,0,0,0,53.578,4.772
999346727296037,100064197037125,"PC Merchandise","Do you want an aesthetic build that matches your gaming needs? RYZEN 5 2600 builds available now!",,84,"03/10/2023 21:01",,https://www.facebook.com/reel/1348989781282078/,0,0,Reels,,,,,03/17/2023,0,,,,,,0,0,0,0,0,41.494,4.894
999346727296037,100064197037125,"PC Merchandise","Do you want an aesthetic build that matches your gaming needs? RYZEN 5 2600 builds available now!",,84,"03/10/2023 21:01",,https://www.facebook.com/reel/1348989781282078/,0,0,Reels,,,,,03/18/2023,0,,,,,,0,0,0,0,0,37.496,5.500
999346727296037,100064197037125,"PC Merchandise","Do you want an aesthetic build that matches your gaming needs? RYZEN 5 2600 builds available now!",,84,"03/10/2023 21:01",,https://www.facebook.com/reel/1348989781282078/,0,0,Reels,,,,,03/19/2023,0,,,,,,0,0,0,0,0,33.047,5.428
999346727296037,100064197037125,"PC Merchandise","Do you want an aesthetic build that matches your gaming needs? RYZEN 5 2600 builds available now!",,84,"03/10/2023 21:01",,https://www.facebook.com/reel/1348989781282078/,0,0,Reels,,,,,03/20/2023,0,,,,,,0,0,0,0,0,30.712,4.977
999346727296037,100064197037125,"PC Merchandise","Do you want an aesthetic build that matches your gaming needs? RYZEN 5 2600 builds available now!",,84,"03/10/2023 21:01",,https://www.facebook.com/reel/1348989781282078/,0,0,Reels,,,,,03/21/2023,0,,,,,,0,0,0,0,0,10.672,6.367
999346727296037,100064197037125,"PC Merchandise","Do you want an aesthetic build that matches your gaming needs? RYZEN 5 2600 builds available now!",,84,"03/10/2023 21:01",,https://www.facebook.com/reel/1348989781282078/,0,0,Reels,,,,,03/22/2023,0,,,,,,0,0,0,0,0,20.182,5.906
999346727296037,100064197037125,"PC Merchandise","Do you want an aesthetic build that matches your gaming needs? RYZEN 5 2600 builds available now!",,84,"03/10/2023 21:01",,https://www.facebook.com/reel/1348989781282078/,0,0,Reels,,,,,03/23/2023,0,,,,,,0,0,0,0,0,16.996,5.846
999346727296037,100064197037125,"PC Merchandise","Do you want an aesthetic build that matches your gaming needs? RYZEN 5 2600 builds available now!",,84,"03/10/2023 21:01",,https://www.facebook.com/reel/1348989781282078/,0,0,Reels,,,,,03/24/2023,0,,,,,,0,0,0,0,0,12.597,5.678
999346727296037,100064197037125,"PC Merchandise","Do you want an aesthetic build that matches your gaming needs? RYZEN 5 2600 builds available now!",,84,"03/10/2023 21:01",,https://www.facebook.com/reel/1348989781282078/,0,0,Reels,,,,,03/25/2023,0,,,,,,0,0,0,0,0,7.037,5.524
999346727296037,100064197037125,"PC Merchandise","Do you want an aesthetic build that matches your gaming needs? RYZEN 5 2600 builds available now!",,84,"03/10/2023 21:01",,https://www.facebook.com/reel/1348989781282078/,0,0,Reels,,,,,03/26/2023,0,,,,,,0,0,0,0,0,11.809,4.590
999346727296037,100064197037125,"PC Merchandise","Do you want an aesthetic build that matches your gaming needs? RYZEN 5 2600 builds available now!",,84,"03/10/2023 21:01",,https://www.facebook.com/reel/1348989781282078/,0,0,Reels,,,,,03/27/2023,0,,,,,,0,0,0,0,0,11.171,5.213
999346727296037,100064197037125,"PC Merchandise","Do you want an aesthetic build that matches your gaming needs? RYZEN 5 2600 builds available now!",,84,"03/10/2023 21:01",,https://www.facebook.com/reel/1348989781282078/,0,0,Reels,,,,,03/28/2023,0,,,,,,0,0,0,0,0,10.491,5.881
999346727296037,100064197037125,"PC Merchandise","Do you want an aesthetic build that matches your gaming needs? RYZEN 5 2600 builds available now!",,84,"03/10/2023 21:01",,https://www.facebook.com/reel/1348989781282078/,0,0,Reels,,,,,03/29/2023,0,,,,,,0,0,0,0,0,14.663,5.867
999346727296037,100064197037125,"PC Merchandise","Do you want an aesthetic build that matches your gaming needs? RYZEN 5 2600 builds available now!",,84,"03/10/2023 21:01",,https://www.facebook.com/reel/1348989781282078/,0,0,Reels,,,,,03/30/2023,0,,,,,,0,0,0,0,0,9.011,4.353
999346727296037,100064197037125,"PC Merchandise","Do you want an aesthetic build that matches your gaming needs? RYZEN 5 2600 builds available now!",,84,"03/10/2023 21:01",,https://www.facebook.com/reel/1348989781282078/,0,0,Reels,,,,,03/31/2023,0,,,,,,0,0,0,0,0,10.425,5.636
999880143016887,100064197037125,"PC Merchandise","Pa-mine na yan! i5 10400F gaming build, limited slots only this week.",,0,"03/10/2023 00:30",,https://www.facebook.com/pcmerchandise.co/posts/pfbid0XFVYZZnL2QJnEsBL7HsiD4t6b9SA0VboWH1Ihxzsxop5eDmXfhNI2Xqt,0,0,Photos,,,,,03/31/2023,0,,,,,,,,,,,,
999880143016887,100064197037125,"PC Merchandise","Pa-mine na yan! i5 10400F gaming build, limited slots only this week.",,0,"03/10/2023 00:30",,https://www.facebook.com/pcmerchandise.co/posts/pfbid0XFVYZZnL2QJnEsBL7HsiD4t6b9SA0VboWH1Ihxzsxop5eDmXfhNI2Xqt,0,0,Photos,,,,,03/01/2023,,,0,0,0,0,0,0,,,,,
999880143016887,100064197037125,"PC Merchandise","Pa-mine na yan! i5 10400F gaming build, limited slots only this week.",,0,"03/10/2023 00:30",,https://www.facebook.com/pcmerchandise.co/posts/pfbid0XFVYZZnL2QJnEsBL7HsiD4t6b9SA0VboWH1Ihxzsxop5eDmXfhNI2Xqt,0,0,Photos,,,,,03/02/2023,,,0,0,0,0,0,0,,,,,
999880143016887,100064197037125,"PC Merchandise","Pa-mine na yan! i5 10400F gaming build, limited slots only this week.",,0,"03/10/2023 00:30",,https://www.facebook.com/pcmerchandise.co/posts/pfbid0XFVYZZnL2QJnEsBL7HsiD4t6b9SA0VboWH1Ihxzsxop5eDmXfhNI2Xqt,0,0,Photos,,,,,03/03/2023,,,0,0,0,0,0,0,,,,,
999880143016887,100064197037125,"PC Merchandise","Pa-mine na yan! i5 10400F gaming build, limited slots only this week.",,0,"03/10/2023 00:30",,https://www.facebook.com/pcmerchandise.co/posts/pfbid0XFVYZZnL2QJnEsBL7HsiD4t6b9SA0VboWH1Ihxzsxop5eDmXfhNI2Xqt,0,0,Photos,,,,,03/04/2023,,,0,0,0,0,0,0,,,,,
999880143016887,100064197037125,"PC Merchandise","Pa-mine na yan! i5 10400F gaming build, limited slots only this week.",,0,"03/10/2023 00:30",,https://www.facebook.com/pcmerchandise.co/posts/pfbid0XFVYZZnL2QJnEsBL7HsiD4t6b9SA0VboWH1Ihxzsxop5eDmXfhNI2Xqt,0,0,Photos,,,,,03/05/2023,,,0,0,0,0,0,0,,,,,
999880143016887,100064197037125,"PC Merchandise","Pa-mine na yan! i5 10400F gaming build, limited slots only this week.",,0,"03/10/2023 00:30",,https://www.facebook.com/pcmerchandise.co/posts/pfbid0XFVYZZnL2QJnEsBL7HsiD4t6b9SA0VboWH1Ihxzsxop5eDmXfhNI2Xqt,0,0,Photos,,,,,03/06/2023,,,0,0,0,0,0,0,,,,,
999880143016887,100064197037125,"PC Merchandise","Pa-mine na yan! i5 10400F gaming build, limited slots only this week.",,0,"03/10/2023 00:30",,https://www.facebook.com/pcmerchandise.co/posts/pfbid0XFVYZZnL2QJnEsBL7HsiD4t6b9SA0VboWH1Ihxzsxop5eDmXfhNI2Xqt,0,0,Photos,,,,,03/07/2023,,,0,0,0,0,0,0,,,,,
999880143016887,100064197037125,"PC Merchandise","Pa-mine na yan! i5 10400F gaming build, limited slots only this week.",,0,"03/10/2023 00:30",,https://www.facebook.com/pcmerchandise.co/posts/pfbid0XFVYZZnL2QJnEsBL7HsiD4t6b9SA0VboWH1Ihxzsxop5eDmXfhNI2Xqt,0,0,Photos,,,,,03/08/2023,,,0,0,0,0,0,0,,,,,
999880143016887,100064197037125,"PC Merchandise","Pa-mine na yan! i5 10400F gaming build, limited slots only this week.",,0,"03/10/2023 00:30",,https://www.facebook.com/pcmerchandise.co/posts/pfbid0XFVYZZnL2QJnEsBL7HsiD4t6b9SA0VboWH1Ihxzsxop5eDmXfhNI2Xqt,0,0,Photos,,,,,03/09/2023,,,0,0,0,0,0,0,,,,,
999880143016887,100064197037125,"PC Merchandise","Pa-mine na yan! i5 10400F gaming build, limited slots only this week.",,0,"03/10/2023 00:30",,https://www.facebook.com/pcmerchandise.co/posts/pfbid0XFVYZZnL2QJnEsBL7HsiD4t6b9SA0VboWH1Ihxzsxop5eDmXfhNI2Xqt,0,0,Photos,,,,,03/10/2023,,,0,0,0,0,0,0,,,,,
999880143016887,100064197037125,"PC Merchandise","Pa-mine na yan! i5 10400F gaming build, limited slots only this week.",,0,"03/10/2023 00:30",,https://www.facebook.com/pcmerchandise.co/posts/pfbid0XFVYZZnL2QJnEsBL7HsiD4t6b9SA0VboWH1Ihxzsxop5eDmXfhNI2Xqt,0,0,Photos,,,,,03/11/2023,,,0,0,0,0,0,0,,,,,
999880143016887,100064197037125,"PC Merchandise","Pa-mine na yan! i5 10400F gaming build, limited slots only this week.",,0,"03/10/2023 00:30",,https://www.facebook.com/pcmerchandise.co/posts/pfbid0XFVYZZnL2QJnEsBL7HsiD4t6b9SA0VboWH1Ihxzsxop5eDmXfhNI2Xqt,0,0,Photos,,,,,03/12/2023,,,0,0,0,0,0,0,,,,,
999880143016887,100064197037125,"PC Merchandise","Pa-mine na yan! i5 10400F gaming build, limited slots only this week.",,0,"03/10/2023 00:30",,https://www.facebook.com/pcmerchandise.co/posts/pfbid0XFVYZZnL2QJnEsBL7HsiD4t6b9SA0VboWH1Ihxzsxop5eDmXfhNI2Xqt,0,0,Photos,,,,,03/13/2023,,,0,0,0,0,0,0,,,,,
999880143016887,100064197037125,"PC Merchandise","Pa-mine na yan! i5 10400F gaming build, limited slots only this week.",,0,"03/10/2023 00:30",,https://www.facebook.com/pcmerchandise.co/posts/pfbid0XFVYZZnL2QJnEsBL7HsiD4t6b9SA0VboWH1Ihxzsxop5eDmXfhNI2Xqt,0,0,Photos,,,,,03/14/2023,,,0,0,0,0,0,0,,,,,
999880143016887,100064197037125,"PC Merchandise","Pa-mine na yan! i5 10400F gaming build, limited slots only this week.",,0,"03/10/2023 00:30",,https://www.facebook.com/pcmerchandise.co/posts/pfbid0XFVYZZnL2QJnEsBL7HsiD4t6b9SA0VboWH1Ihxzsxop5eDmXfhNI2Xqt,0,0,Photos,,,,,03/15/2023,,,0,0,0,0,0,0,,,,,
999880143016887,100064197037125,"PC Merchandise","Pa-mine na yan! i5 10400F gaming build, limited slots only this week.",,0,"03/10/2023 00:30",,https://www.facebook.com/pcmerchandise.co/posts/pfbid0XFVYZZnL2QJnEsBL7HsiD4t6b9SA0VboWH1Ihxzsxop5eDmXfhNI2Xqt,0,0,Photos,,,,,03/16/2023,,,0,0,0,0,0,0,,,,,
999880143016887,100064197037125,"PC Merchandise","Pa-mine na yan! i5 10400F gaming build, limited slots only this week.",,0,"03/10/2023 00:30",,https://www.facebook.com/pcmerchandise.co/posts/pfbid0XFVYZZnL2QJnEsBL7HsiD4t6b9SA0VboWH1Ihxzsxop5eDmXfhNI2Xqt,0,0,Photos,,,,,03/17/2023,,,0,0,0,0,0,0,,,,,
999880143016887,100064197037125,"PC Merchandise","Pa-mine na yan! i5 10400F gaming build, limited slots only this week.",,0,"03/10/2023 00:30",,https://www.facebook.com/pcmerchandise.co/posts/pfbid0XFVYZZnL2QJnEsBL7HsiD4t6b9SA0VboWH1Ihxzsxop5eDmXfhNI2Xqt,0,0,Photos,,,,,03/18/2023,,,0,0,0,0,0,0,,,,,
999880143016887,100064197037125,"PC Merchandise","Pa-mine na yan! i5 10400F gaming build, limited slots only this week.",,0,"03/10/2023 00:30",,https://www.facebook.com/pcmerchandise.co/posts/pfbid0XFVYZZnL2QJnEsBL7HsiD4t6b9SA0VboWH1Ihxzsxop5eDmXfhNI2Xqt,0,0,Photos,,,,,03/19/2023,,,0,0,0,0,0,0,,,,,
999880143016887,100064197037125,"PC Merchandise","Pa-mine na yan! i5 10400F gaming build, limited slots only this week.",,0,"03/10/2023 00:30",,https://www.facebook.com/pcmerchandise.co/posts/pfbid0XFVYZZnL2QJnEsBL7HsiD4t6b9SA0VboWH1Ihxzsxop5eDmXfhNI2Xqt,0,0,Photos,,,,,03/20/2023,,,0,0,0,0,0,0,,,,,
999880143016887,100064197037125,"PC Merchandise","Pa-mine na yan! i5 10400F gaming build, limited slots only this week.",,0,"03/10/2023 00:30",,https://www.facebook.com/pcmerchandise.co/posts/pfbid0XFVYZZnL2QJnEsBL7HsiD4t6b9SA0VboWH1Ihxzsxop5eDmXfhNI2Xqt,0,0,Photos,,,,,03/21/2023,,,0,0,0,0,0,0,,,,,
999880143016887,100064197037125,"PC Merchandise","Pa-mine na yan! i5 10400F gaming build, limited slots only this week.",,0,"03/10/2023 00:30",,https://www.facebook.com/pcmerchandise.co/posts/pfbid0XFVYZZnL2QJnEsBL7HsiD4t6b9SA0VboWH1Ihxzsxop5eDmXfhNI2Xqt,0,0,Photos,,,,,03/22/2023,,,0,0,0,0,0,0,,,,,
999880143016887,100064197037125,"PC Merchandise","Pa-mine na yan! i5 10400F gaming build, limited slots only this week.",,0,"03/10/2023 00:30",,https://www.facebook.com/pcmerchandise.co/posts/pfbid0XFVYZZnL2QJnEsBL7HsiD4t6b9SA0VboWH1Ihxzsxop5eDmXfhNI2Xqt,0,0,Photos,,,,,03/23/2023,,,0,0,0,0,0,0,,,,,
999880143016887,100064197037125,"PC Merchandise","Pa-mine na yan! i5 10400F gaming build, limited slots only this week.",,0,"03/10/2023 00:30",,https://www.facebook.com/pcmerchandise.co/posts/pfbid0XFVYZZnL2QJnEsBL7HsiD4t6b9SA0VboWH1Ihxzsxop5eDmXfhNI2Xqt,0,0,Photos,,,,,03/24/2023,,,0,0,0,0,0,0,,,,,
999880143016887,100064197037125,"PC Merchandise","Pa-mine na yan! i5 10400F gaming build, limited slots only this week.",,0,"03/10/2023 00:30",,https://www.facebook.com/pcmerchandise.co/posts/pfbid0XFVYZZnL2QJnEsBL7HsiD4t6b9SA0VboWH1Ihxzsxop5eDmXfhNI2Xqt,0,0,Photos,,,,,03/25/2023,,,0,0,0,0,0,0,,,,,
999880143016887,100064197037125,"PC Merchandise","Pa-mine na yan! i5 10400F gaming build, limited slots only this week.",,0,"03/10/2023 00:30",,https://www.facebook.com/pcmerchandise.co/posts/pfbid0XFVYZZnL2QJnEsBL7HsiD4t6b9SA0VboWH1Ihxzsxop5eDmXfhNI2Xqt,0,0,Photos,,,,,03/26/2023,,,0,0,0,0,0,0,,,,,
999880143016887,100064197037125,"PC Merchandise","Pa-mine na yan! i5 10400F gaming build, limited slots only this week.",,0,"03/10/2023 00:30",,https://www.facebook.com/pcmerchandise.co/posts/pfbid0XFVYZZnL2QJnEsBL7HsiD4t6b9SA0VboWH1Ihxzsxop5eDmXfhNI2Xqt,0,0,Photos,,,,,03/27/2023,,,0,0,0,0,0,0,,,,,
999880143016887,100064197037125,"PC Merchandise","Pa-mine na yan! i5 10400F gaming build, limited slots only this week.",,0,"03/10/2023 00:30",,https://www.facebook.com/pcmerchandise.co/posts/pfbid0XFVYZZnL2QJnEsBL7HsiD4t6b9SA0VboWH1Ihxzsxop5eDmXfhNI2Xqt,0,0,Photos,,,,,03/28/2023,,,0,0,0,0,0,0,,,,,
999880143016887,100064197037125,"PC Merchandise","Pa-mine na yan! i5 10400F gaming build, limited slots only this week.",,0,"03/10/2023 00:30",,https://www.facebook.com/pcmerchandise.co/posts/pfbid0XFVYZZnL2QJnEsBL7HsiD4t6b9SA0VboWH1Ihxzsxop5eDmXfhNI2Xqt,0,0,Photos,,,,,03/29/2023,,,0,0,0,0,0,0,,,,,
999880143016887,100064197037125,"PC Merchandise","Pa-mine na yan! i5 10400F gaming build, limited slots only this week.",,0,"03/10/2023 00:30",,https://www.facebook.com/pcmerchandise.co/posts/pfbid0XFVYZZnL2QJnEsBL7HsiD4t6b9SA0VboWH1Ihxzsxop5eDmXfhNI2Xqt,0,0,Photos,,,,,03/30/2023,,,0,0,0,0,0,0,,,,,
999880143016887,100064197037125,"PC Merchandise","Pa-mine na yan! i5 10400F gaming build, limited slots only this week.",,0,"03/10/2023 00:30",,https://www.facebook.com/pcmerchandise.co/posts/pfbid0XFVYZZnL2QJnEsBL7HsiD4t6b9SA0VboWH1Ihxzsxop5eDmXfhNI2Xqt,0,0,Photos,,,,,03/31/2023,,,0,0,0,0,0,0,,,,,
999524361120442,100064197037125,"PC Merchandise","Free deliver within Marilao! RYZEN 3 3200G packages all-in na.",,73,"03/06/2023 19:30",mixed,https://www.facebook.com/reel/1365679891555555/,0,0,Reels,,,,,03/01/2023,0,,,,,,0,0,0,0,0,0.000,3.730
999524361120442,100064197037125,"PC Merchandise","Free deliver within Marilao! RYZEN 3 3200G packages all-in na.",,73,"03/06/2023 19:30",mixed,https://www.facebook.com/reel/1365679891555555/,0,0,Reels,,,,,03/02/2023,0,,,,,,0,0,0,0,0,0.000,3.593
999524361120442,100064197037125,"PC Merchandise","Free deliver within Marilao! RYZEN 3 3200G packages all-in na.",,73,"03/06/2023 19:30",mixed,https://www.facebook.com/reel/1365679891555555/,0,0,Reels,,,,,03/03/2023,0,,,,,,0,0,0,0,0,0.000,4.374
999524361120442,100064197037125,"PC Merchandise","Free deliver within Marilao! RYZEN 3 3200G packages all-in na.",,73,"03/06/2023 19:30",mixed,https://www.facebook.com/reel/1365679891555555/,0,0,Reels,,,,,03/04/2023,0,,,,,,0,0,0,0,0,0.000,3.827
999524361120442,100064197037125,"PC Merchandise","Free deliver within Marilao! RYZEN 3 3200G packages all-in na.",,73,"03/06/2023 19:30",mixed,https://www.facebook.com/reel/1365679891555555/,0,0,Reels,,,,,03/05/2023,0,,,,,,0,0,0,0,0,0.000,5.119
999524361120442,100064197037125,"PC Merchandise","Free deliver within Marilao! RYZEN 3 3200G packages all-in na.",,73,"03/06/2023 19:30",mixed,https://www.facebook.com/reel/1365679891555555/,0,0,Reels,,,,,03/06/2023,0,,,,,,56,0,2,1,1,480.328,3.601
999524361120442,100064197037125,"PC Merchandise","Free deliver within Marilao! RYZEN 3 3200G packages all-in na.",,73,"03/06/2023 19:30",mixed,https://www.facebook.com/reel/1365679891555555/,0,0,Reels,,,,,03/07/2023,0,,,,,,48,0,0,0,0,346.800,4.069
999524361120442,100064197037125,"PC Merchandise","Free deliver within Marilao! RYZEN 3 3200G packages all-in na.",,73,"03/06/2023 19:30",mixed,https://www.facebook.com/reel/1365679891555555/,0,0,Reels,,,,,03/08/2023,0,,,,,,54,0,1,0,1,242.723,3.538
999524361120442,100064197037125,"PC Merchandise","Free deliver within Marilao! RYZEN 3 3200G packages all-in na.",,73,"03/06/2023 19:30",mixed,https://www.facebook.com/reel/1365679891555555/,0,0,Reels,,,,,03/09/2023,0,,,,,,41,0,0,0,0,275.915,3.044
999524361120442,100064197037125,"PC Merchandise","Free deliver within Marilao! RYZEN 3 3200G packages all-in na.",,73,"03/06/2023 19:30",mixed,https://www.facebook.com/reel/1365679891555555/,0,0,Reels,,,,,03/10/2023,0,,,,,,47,0,1,1,0,221.076,2.579
999524361120442,100064197037125,"PC Merchandise","Free deliver within Marilao! RYZEN 3 3200G packages all-in na.",,73,"03/06/2023 19:30",mixed,https://www.facebook.com/reel/1365679891555555/,0,0,Reels,,,,,03/11/2023,0,,,,,,57,0,0,0,0,115.565,4.260
999524361120442,100064197037125,"PC Merchandise","Free deliver within Marilao! RYZEN 3 3200G packages all-in na.",,73,"03/06/2023 19:30",mixed,https://www.facebook.com/reel/1365679891555555/,0,0,Reels,,,,,03/12/2023,0,,,,,,62,0,0,0,0,133.673,5.072
999524361120442,100064197037125,"PC Merchandise","Free deliver within Marilao! RYZEN 3 3200G packages all-in na.",,73,"03/06/2023 19:30",mixed,https://www.facebook.com/reel/1365679891555555/,0,0,Reels,,,,,03/13/2023,0,,,,,,51,0,0,0,0,27.650,3.525
999524361120442,100064197037125,"PC Merchandise","Free deliver within Marilao! RYZEN 3 3200G packages all-in na.",,73,"03/06/2023 19:30",mixed,https://www.facebook.com/reel/1365679891555555/,0,0,Reels,,,,,03/14/2023,0,,,,,,36,0,0,0,0,50.343,4.157
999524361120442,100064197037125,"PC Merchandise","Free deliver within Marilao! RYZEN 3 3200G packages all-in na.",,73,"03/06/2023 19:30",mixed,https://www.facebook.com/reel/1365679891555555/,0,0,Reels,,,,,03/15/2023,0,,,,,,52,0,0,0,0,108.735,3.319
999524361120442,100064197037125,"PC Merchandise","Free deliver within Marilao! RYZEN 3 3200G packages all-in na.",,73,"03/06/2023 19:30",mixed,https://www.facebook.com/reel/1365679891555555/,0,0,Reels,,,,,03/16/2023,0,,,,,,51,0,1,1,0,45.358,4.159
999524361120442,100064197037125,"PC Merchandise","Free deliver within Marilao! RYZEN 3 3200G packages all-in na.",,73,"03/06/2023 19:30",mixed,https://www.facebook.com/reel/1365679891555555/,0,0,Reels,,,,,03/17/2023,0,,,,,,0,0,1,1,0,44.921,3.433
999524361120442,100064197037125,"PC Merchandise","Free deliver within Marilao! RYZEN 3 3200G packages all-in na.",,73,"03/06/2023 19:30",mixed,https://www.facebook.com/reel/1365679891555555/,0,0,Reels,,,,,03/18/2023,0,,,,,,0,0,0,0,0,36.027,4.445
999524361120442,100064197037125,"PC Merchandise","Free deliver within Marilao! RYZEN 3 3200G packages all-in na.",,73,"03/06/2023 19:30",mixed,https://www.facebook.com/reel/1365679891555555/,0,0,Reels,,,,,03/19/2023,0,,,,,,0,0,0,0,0,37.766,3.878
999524361120442,100064197037125,"PC Merchandise","Free deliver within Marilao! RYZEN 3 3200G packages all-in na.",,73,"03/06/2023 19:30",mixed,https://www.facebook.com/reel/1365679891555555/,0,0,Reels,,,,,03/20/2023,0,,,,,,0,0,0,0,0,30.510,4.636
999524361120442,100064197037125,"PC Merchandise","Free deliver within Marilao! RYZEN 3 3200G packages all-in na.",,73,"03/06/2023 19:30",mixed,https://www.facebook.com/reel/1365679891555555/,0,0,Reels,,,,,03/21/2023,0,,,,,,0,0,0,0,0,18.666,3.497
999524361120442,100064197037125,"PC Merchandise","Free deliver within Marilao! RYZEN 3 3200G packages all-in na.",,73,"03/06/2023 19:30",mixed,https://www.facebook.com/reel/1365679891555555/,0,0,Reels,,,,,03/22/2023,0,,,,,,0,0,0,0,0,22.305,3.129
999524361120442,100064197037125,"PC Merchandise","Free deliver within Marilao! RYZEN 3 3200G packages all-in na.",,73,"03/06/2023 19:30",mixed,https://www.facebook.com/reel/1365679891555555/,0,0,Reels,,,,,03/23/2023,0,,,,,,0,0,0,0,0,11.421,2.708
999524361120442,100064197037125,"PC Merchandise","Free deliver within Marilao! RYZEN 3 3200G packages all-in na.",,73,"03/06/2023 19:30",mixed,https://www.facebook.com/reel/1365679891555555/,0,0,Reels,,,,,03/24/2023,0,,,,,,0,0,0,0,0,16.830,2.301
999524361120442,100064197037125,"PC Merchandise","Free deliver within Marilao! RYZEN 3 3200G packages all-in na.",,73,"03/06/2023 19:30",mixed,https://www.facebook.com/reel/1365679891555555/,0,0,Reels,,,,,03/25/2023,0,,,,,,0,0,0,0,0,18.864,3.551
999524361120442,100064197037125,"PC Merchandise","Free deliver within Marilao! RYZEN 3 3200G packages all-in na.",,73,"03/06/2023 19:30",mixed,https://www.facebook.com/reel/1365679891555555/,0,0,Reels,,,,,03/26/2023,0,,,,,,0,0,0,0,0,22.392,4.871
999524361120442,100064197037125,"PC Merchandise","Free deliver within Marilao! RYZEN 3 3200G packages all-in na.",,73,"03/06/2023 19:30",mixed,https://www.facebook.com/reel/1365679891555555/,0,0,Reels,,,,,03/27/2023,0,,,,,,0,0,0,0,0,19.949,4.123
999524361120442,100064197037125,"PC Merchandise","Free deliver within Marilao! RYZEN 3 3200G packages all-in na.",,73,"03/06/2023 19:30",mixed,https://www.facebook.com/reel/1365679891555555/,0,0,Reels,,,,,03/28/2023,0,,,,,,0,0,1,0,1,17.001,3.286
999524361120442,100064197037125,"PC Merchandise","Free deliver within Marilao! RYZEN 3 3200G packages all-in na.",,73,"03/06/2023 19:30",mixed,https://www.facebook.com/reel/1365679891555555/,0,0,Reels,,,,,03/29/2023,0,,,,,,0,0,0,0,0,16.383,3.322
999524361120442,100064197037125,"PC Merchandise","Free deliver within Marilao! RYZEN 3 3200G packages all-in na.",,73,"03/06/2023 19:30",mixed,https://www.facebook.com/reel/1365679891555555/,0,0,Reels,,,,,03/30/2023,0,,,,,,0,0,0,0,0,15.869,4.608
999524361120442,100064197037125,"PC Merchandise","Free deliver within Marilao! RYZEN 3 3200G packages all-in na.",,73,"03/06/2023 19:30",mixed,https://www.facebook.com/reel/1365679891555555/,0,0,Reels,,,,,03/31/2023,0,,,,,,0,0,0,0,0,28.563,3.825
999098384340861,100064197037125,"PC Merchandise","Pa-mine na yan! i3 10100F gaming build, limited slots only this week.",,0,"03/06/2023 19:22",,https://www.facebook.com/pcmerchandise.co/posts/pfbid0uGRMgJyqFWFshHN5EhIcr1cIR2gvayBzNvFwc49FX9dXr4wGIkgQ3eet,0,0,Photos,,,,,03/31/2023,0,,,,,,,,,,,,
999098384340861,100064197037125,"PC Merchandise","Pa-mine na yan! i3 10100F gaming build, limited slots only this week.",,0,"03/06/2023 19:22",,https://www.facebook.com/pcmerchandise.co/posts/pfbid0uGRMgJyqFWFshHN5EhIcr1cIR2gvayBzNvFwc49FX9dXr4wGIkgQ3eet,0,0,Photos,,,,,03/01/2023,,,0,0,0,0,0,0,,,,,
999098384340861,100064197037125,"PC Merchandise","Pa-mine na yan! i3 10100F gaming build, limited slots only this week.",,0,"03/06/2023 19:22",,https://www.facebook.com/pcmerchandise.co/posts/pfbid0uGRMgJyqFWFshHN5EhIcr1cIR2gvayBzNvFwc49FX9dXr4wGIkgQ3eet,0,0,Photos,,,,,03/02/2023,,,0,0,0,0,0,0,,,,,
999098384340861,100064197037125,"PC Merchandise","Pa-mine na yan! i3 10100F gaming build, limited slots only this week.",,0,"03/06/2023 19:22",,https://www.facebook.com/pcmerchandise.co/posts/pfbid0uGRMgJyqFWFshHN5EhIcr1cIR2gvayBzNvFwc49FX9dXr4wGIkgQ3eet,0,0,Photos,,,,,03/03/2023,,,0,0,0,0,0,0,,,,,
999098384340861,100064197037125,"PC Merchandise","Pa-mine na yan! i3 10100F gaming build, limited slots only this week.",,0,"03/06/2023 19:22",,https://www.facebook.com/pcmerchandise.co/posts/pfbid0uGRMgJyqFWFshHN5EhIcr1cIR2gvayBzNvFwc49FX9dXr4wGIkgQ3eet,0,0,Photos,,,,,03/04/2023,,,0,0,0,0,0,0,,,,,
999098384340861,100064197037125,"PC Merchandise","Pa-mine na yan! i3 10100F gaming build, limited slots only this week.",,0,"03/06/2023 19:22",,https://www.facebook.com/pcmerchandise.co/posts/pfbid0uGRMgJyqFWFshHN5EhIcr1cIR2gvayBzNvFwc49FX9dXr4wGIkgQ3eet,0,0,Photos,,,,,03/05/2023,,,0,0,0,0,0,0,,,,,
999098384340861,100064197037125,"PC Merchandise","Pa-mine na yan! i3 10100F gaming build, limited slots only this week.",,0,"03/06/2023 19:22",,https://www.facebook.com/pcmerchandise.co/posts/pfbid0uGRMgJyqFWFshHN5EhIcr1cIR2gvayBzNvFwc49FX9dXr4wGIkgQ3eet,0,0,Photos,,,,,03/06/2023,,,0,0,0,0,0,0,,,,,
999098384340861,100064197037125,"PC Merchandise","Pa-mine na yan! i3 10100F gaming build, limited slots only this week.",,0,"03/06/2023 19:22",,https://www.facebook.com/pcmerchandise.co/posts/pfbid0uGRMgJyqFWFshHN5EhIcr1cIR2gvayBzNvFwc49FX9dXr4wGIkgQ3eet,0,0,Photos,,,,,03/07/2023,,,0,0,0,0,0,0,,,,,
999098384340861,100064197037125,"PC Merchandise","Pa-mine na yan! i3 10100F gaming build, limited slots only this week.",,0,"03/06/2023 19:22",,https://www.facebook.com/pcmerchandise.co/posts/pfbid0uGRMgJyqFWFshHN5EhIcr1cIR2gvayBzNvFwc49FX9dXr4wGIkgQ3eet,0,0,Photos,,,,,03/08/2023,,,0,0,0,0,0,0,,,,,
999098384340861,100064197037125,"PC Merchandise","Pa-mine na yan! i3 10100F gaming build, limited slots only this week.",,0,"03/06/2023 19:22",,https://www.facebook.com/pcmerchandise.co/posts/pfbid0uGRMgJyqFWFshHN5EhIcr1cIR2gvayBzNvFwc49FX9dXr4wGIkgQ3eet,0,0,Photos,,,,,03/09/2023,,,0,0,0,0,0,0,,,,,
999098384340861,100064197037125,"PC Merchandise","Pa-mine na yan! i3 10100F gaming build, limited slots only this week.",,0,"03/06/2023 19:22",,https://www.facebook.com/pcmerchandise.co/posts/pfbid0uGRMgJyqFWFshHN5EhIcr1cIR2gvayBzNvFwc49FX9dXr4wGIkgQ3eet,0,0,Photos,,,,,03/10/2023,,,0,0,0,0,0,0,,,,,
999098384340861,100064197037125,"PC Merchandise","Pa-mine na yan! i3 10100F gaming build, limited slots only this week.",,0,"03/06/2023 19:22",,https://www.facebook.com/pcmerchandise.co/posts/pfbid0uGRMgJyqFWFshHN5EhIcr1cIR2gvayBzNvFwc49FX9dXr4wGIkgQ3eet,0,0,Photos,,,,,03/11/2023,,,0,0,0,0,0,0,,,,,
999098384340861,100064197037125,"PC Merchandise","Pa-mine na yan! i3 10100F gaming build, limited slots only this week.",,0,"03/06/2023 19:22",,https://www.facebook.com/pcmerchandise.co/posts/pfbid0uGRMgJyqFWFshHN5EhIcr1cIR2gvayBzNvFwc49FX9dXr4wGIkgQ3eet,0,0,Photos,,,,,03/12/2023,,,0,0,0,0,0,0,,,,,
999098384340861,100064197037125,"PC Merchandise","Pa-mine na yan! i3 10100F gaming build, limited slots only this week.",,0,"03/06/2023 19:22",,https://www.facebook.com/pcmerchandise.co/posts/pfbid0uGRMgJyqFWFshHN5EhIcr1cIR2gvayBzNvFwc49FX9dXr4wGIkgQ3eet,0,0,Photos,,,,,03/13/2023,,,0,0,0,0,0,0,,,,,
999098384340861,100064197037125,"PC Merchandise","Pa-mine na yan! i3 10100F gaming build, limited slots only this week.",,0,"03/06/2023 19:22",,https://www.facebook.com/pcmerchandise.co/posts/pfbid0uGRMgJyqFWFshHN5EhIcr1cIR2gvayBzNvFwc49FX9dXr4wGIkgQ3eet,0,0,Photos,,,,,03/14/2023,,,0,0,0,0,0,0,,,,,
999098384340861,100064197037125,"PC Merchandise","Pa-mine na yan! i3 10100F gaming build, limited slots only this week.",,0,"03/06/2023 19:22",,https://www.facebook.com/pcmerchandise.co/posts/pfbid0uGRMgJyqFWFshHN5EhIcr1cIR2gvayBzNvFwc49FX9dXr4wGIkgQ3eet,0,0,Photos,,,,,03/15/2023,,,0,0,0,0,0,0,,,,,
999098384340861,100064197037125,"PC Merchandise","Pa-mine na yan! i3 10100F gaming build, limited slots only this week.",,0,"03/06/2023 19:22",,https://www.facebook.com/pcmerchandise.co/posts/pfbid0uGRMgJyqFWFshHN5EhIcr1cIR2gvayBzNvFwc49FX9dXr4wGIkgQ3eet,0,0,Photos,,,,,03/16/2023,,,0,0,0,0,0,0,,,,,
999098384340861,100064197037125,"PC Merchandise","Pa-mine na yan! i3 10100F gaming build, limited slots only this week.",,0,"03/06/2023 19:22",,https://www.facebook.com/pcmerchandise.co/posts/pfbid0uGRMgJyqFWFshHN5EhIcr1cIR2gvayBzNvFwc49FX9dXr4wGIkgQ3eet,0,0,Photos,,,,,03/17/2023,,,0,0,0,0,0,0,,,,,
999098384340861,100064197037125,"PC Merchandise","Pa-mine na yan! i3 10100F gaming build, limited slots only this week.",,0,"03/06/2023 19:22",,https://www.facebook.com/pcmerchandise.co/posts/pfbid0uGRMgJyqFWFshHN5EhIcr1cIR2gvayBzNvFwc49FX9dXr4wGIkgQ3eet,0,0,Photos,,,,,03/18/2023,,,0,0,0,0,0,0,,,,,
999098384340861,100064197037125,"PC Merchandise","Pa-mine na yan! i3 10100F gaming build, limited slots only this week.",,0,"03/06/2023 19:22",,https://www.facebook.com/pcmerchandise.co/posts/pfbid0uGRMgJyqFWFshHN5EhIcr1cIR2gvayBzNvFwc49FX9dXr4wGIkgQ3eet,0,0,Photos,,,,,03/19/2023,,,0,0,0,0,0,0,,,,,
999098384340861,100064197037125,"PC Merchandise","Pa-mine na yan! i3 10100F gaming build, limited slots only this week.",,0,"03/06/2023 19:22",,https://www.facebook.com/pcmerchandise.co/posts/pfbid0uGRMgJyqFWFshHN5EhIcr1cIR2gvayBzNvFwc49FX9dXr4wGIkgQ3eet,0,0,Photos,,,,,03/20/2023,,,0,0,0,0,0,0,,,,,
999098384340861,100064197037125,"PC Merchandise","Pa-mine na yan! i3 10100F gaming build, limited slots only this week.",,0,"03/06/2023 19:22",,https://www.facebook.com/pcmerchandise.co/posts/pfbid0uGRMgJyqFWFshHN5EhIcr1cIR2gvayBzNvFwc49FX9dXr4wGIkgQ3eet,0,0,Photos,,,,,03/21/2023,,,0,0,0,0,0,0,,,,,
999098384340861,100064197037125,"PC Merchandise","Pa-mine na yan! i3 10100F gaming build, limited slots only this week.",,0,"03/06/2023 19:22",,https://www.facebook.com/pcmerchandise.co/posts/pfbid0uGRMgJyqFWFshHN5EhIcr1cIR2gvayBzNvFwc49FX9dXr4wGIkgQ3eet,0,0,Photos,,,,,03/22/2023,,,0,0,0,0,0,0,,,,,
999098384340861,100064197037125,"PC Merchandise","Pa-mine na yan! i3 10100F gaming build, limited slots only this week.",,0,"03/06/2023 19:22",,https://www.facebook.com/pcmerchandise.co/posts/pfbid0uGRMgJyqFWFshHN5EhIcr1cIR2gvayBzNvFwc49FX9dXr4wGIkgQ3eet,0,0,Photos,,,,,03/23/2023,,,0,0,0,0,0,0,,,,,
999098384340861,100064197037125,"PC Merchandise","Pa-mine na yan! i3 10100F gaming build, limited slots only this week.",,0,"03/06/2023 19:22",,https://www.facebook.com/pcmerchandise.co/posts/pfbid0uGRMgJyqFWFshHN5EhIcr1cIR2gvayBzNvFwc49FX9dXr4wGIkgQ3eet,0,0,Photos,,,,,03/24/2023,,,0,0,0,0,0,0,,,,,
999098384340861,100064197037125,"PC Merchandise","Pa-mine na yan! i3 10100F gaming build, limited slots only this week.",,0,"03/06/2023 19:22",,https://www.facebook.com/pcmerchandise.co/posts/pfbid0uGRMgJyqFWFshHN5EhIcr1cIR2gvayBzNvFwc49FX9dXr4wGIkgQ3eet,0,0,Photos,,,,,03/25/2023,,,0,0,0,0,0,0,,,,,
999098384340861,100064197037125,"PC Merchandise","Pa-mine na yan! i3 10100F gaming build, limited slots only this week.",,0,"03/06/2023 19:22",,https://www.facebook.com/pcmerchandise.co/posts/pfbid0uGRMgJyqFWFshHN5EhIcr1cIR2gvayBzNvFwc49FX9dXr4wGIkgQ3eet,0,0,Photos,,,,,03/26/2023,,,0,0,0,0,0,0,,,,,
999098384340861,100064197037125,"PC Merchandise","Pa-mine na yan! i3 10100F gaming build, limited slots only this week.",,0,"03/06/2023 19:22",,https://www.facebook.com/pcmerchandise.co/posts/pfbid0uGRMgJyqFWFshHN5EhIcr1cIR2gvayBzNvFwc49FX9dXr4wGIkgQ3eet,0,0,Photos,,,,,03/27/2023,,,0,0,0,0,0,0,,,,,
999098384340861,100064197037125,"PC Merchandise","Pa-mine na yan! i3 10100F gaming build, limited slots only this week.",,0,"03/06/2023 19:22",,https://www.facebook.com/pcmerchandise.co/posts/pfbid0uGRMgJyqFWFshHN5EhIcr1cIR2gvayBzNvFwc49FX9dXr4wGIkgQ3eet,0,0,Photos,,,,,03/28/2023,,,0,0,0,0,0,0,,,,,
999098384340861,100064197037125,"PC Merchandise","Pa-mine na yan! i3 10100F gaming build, limited slots only this week.",,0,"03/06/2023 19:22",,https://www.facebook.com/pcmerchandise.co/posts/pfbid0uGRMgJyqFWFshHN5EhIcr1cIR2gvayBzNvFwc49FX9dXr4wGIkgQ3eet,0,0,Photos,,,,,03/29/2023,,,0,0,0,0,0,0,,,,,
999098384340861,100064197037125,"PC Merchandise","Pa-mine na yan! i3 10100F gaming build, limited slots only this week.",,0,"03/06/2023 19:22",,https://www.facebook.com/pcmerchandise.co/posts/pfbid0uGRMgJyqFWFshHN5EhIcr1cIR2gvayBzNvFwc49FX9dXr4wGIkgQ3eet,0,0,Photos,,,,,03/30/2023,,,0,0,0,0,0,0,,,,,
999098384340861,100064197037125,"PC Merchandise","Pa-mine na yan! i3 10100F gaming build, limited slots only this week.",,0,"03/06/2023 19:22",,https://www.facebook.com/pcmerchandise.co/posts/pfbid0uGRMgJyqFWFshHN5EhIcr1cIR2gvayBzNvFwc49FX9dXr4wGIkgQ3eet,0,0,Photos,,,,,03/31/2023,,,0,0,0,0,0,0,,,,,
999617917182615,100064197037125,"PC Merchandise","𝐀𝐌𝟓 𝐁𝐮𝐢𝐥𝐝 𝐋𝐢𝐦𝐢𝐭𝐞𝐝 𝐒𝐚𝐥𝐞! 🚨
Experience next-gen performance with our latest builds. PM for pricelist!",,0,"03/05/2023 19:00",,https://www.facebook.com/pcmerchandise.co/posts/pfbid0HC8nfVtKlNp7Ttatz0KfqB2jM8GfypWTWkM9eKSFSPONMcLniEdQykpi,0,0,Photos,,,,,03/31/2023,1,,,,,,,,,,,,
999617917182615,100064197037125,"PC Merchandise","𝐀𝐌𝟓 𝐁𝐮𝐢𝐥𝐝 𝐋𝐢𝐦𝐢𝐭𝐞𝐝 𝐒𝐚𝐥𝐞! 🚨
Experience next-gen performance with our latest builds. PM for pricelist!",,0,"03/05/2023 19:00",,https://www.facebook.com/pcmerchandise.co/posts/pfbid0HC8nfVtKlNp7Ttatz0KfqB2jM8GfypWTWkM9eKSFSPONMcLniEdQykpi,0,0,Photos,,,,,03/01/2023,,,0,0,0,0,0,0,,,,,
999617917182615,100064197037125,"PC Merchandise","𝐀𝐌𝟓 𝐁𝐮𝐢𝐥𝐝 𝐋𝐢𝐦𝐢𝐭𝐞𝐝 𝐒𝐚𝐥𝐞! 🚨
Experience next-gen performance with our latest builds. PM for pricelist!",,0,"03/05/2023 19:00",,https://www.facebook.com/pcmerchandise.co/posts/pfbid0HC8nfVtKlNp7Ttatz0KfqB2jM8GfypWTWkM9eKSFSPONMcLniEdQykpi,0,0,Photos,,,,,03/02/2023,,,0,0,0,0,0,0,,,,,
999617917182615,100064197037125,"PC Merchandise","𝐀𝐌𝟓 𝐁𝐮𝐢𝐥𝐝 𝐋𝐢𝐦𝐢𝐭𝐞𝐝 𝐒𝐚𝐥𝐞! 🚨
Experience next-gen performance with our latest builds. PM for pricelist!",,0,"03/05/2023 19:00",,https://www.facebook.com/pcmerchandise.co/posts/pfbid0HC8nfVtKlNp7Ttatz0KfqB2jM8GfypWTWkM9eKSFSPONMcLniEdQykpi,0,0,Photos,,,,,03/03/2023,,,0,0,0,0,0,0,,,,,
999617917182615,100064197037125,"PC Merchandise","𝐀𝐌𝟓 𝐁𝐮𝐢𝐥𝐝 𝐋𝐢𝐦𝐢𝐭𝐞𝐝 𝐒𝐚𝐥𝐞! 🚨
Experience next-gen performance with our latest builds. PM for pricelist!",,0,"03/05/2023 19:00",,https://www.facebook.com/pcmerchandise.co/posts/pfbid0HC8nfVtKlNp7Ttatz0KfqB2jM8GfypWTWkM9eKSFSPONMcLniEdQykpi,0,0,Photos,,,,,03/04/2023,,,0,0,0,0,0,0,,,,,
999617917182615,100064197037125,"PC Merchandise","𝐀𝐌𝟓 𝐁𝐮𝐢𝐥𝐝 𝐋𝐢𝐦𝐢𝐭𝐞𝐝 𝐒𝐚𝐥𝐞! 🚨
Experience next-gen performance with our latest builds. PM for pricelist!",,0,"03/05/2023 19:00",,https://www.facebook.com/pcmerchandise.co/posts/pfbid0HC8nfVtKlNp7Ttatz0KfqB2jM8GfypWTWkM9eKSFSPONMcLniEdQykpi,0,0,Photos,,,,,03/05/2023,,,0,0,0,0,0,0,,,,,
999617917182615,100064197037125,"PC Merchandise","𝐀𝐌𝟓 𝐁𝐮𝐢𝐥𝐝 𝐋𝐢𝐦𝐢𝐭𝐞𝐝 𝐒𝐚𝐥𝐞! 🚨
Experience next-gen performance with our latest builds. PM for pricelist!",,0,"03/05/2023 19:00",,https://www.facebook.com/pcmerchandise.co/posts/pfbid0HC8nfVtKlNp7Ttatz0KfqB2jM8GfypWTWkM9eKSFSPONMcLniEdQykpi,0,0,Photos,,,,,03/06/2023,,,0,0,0,0,0,0,,,,,
999617917182615,100064197037125,"PC Merchandise","𝐀𝐌𝟓 𝐁𝐮𝐢𝐥𝐝 𝐋𝐢𝐦𝐢𝐭𝐞𝐝 𝐒𝐚𝐥𝐞! 🚨
Experience next-gen performance with our latest builds. PM for pricelist!",,0,"03/05/2023 19:00",,https://www.facebook.com/pcmerchandise.co/posts/pfbid0HC8nfVtKlNp7Ttatz0KfqB2jM8GfypWTWkM9eKSFSPONMcLniEdQykpi,0,0,Photos,,,,,03/07/2023,,,0,0,0,0,0,0,,,,,
999617917182615,100064197037125,"PC Merchandise","𝐀𝐌𝟓 𝐁𝐮𝐢𝐥𝐝 𝐋𝐢𝐦𝐢𝐭𝐞𝐝 𝐒𝐚𝐥𝐞! 🚨
Experience next-gen performance with our latest builds. PM for pricelist!",,0,"03/05/2023 19:00",,https://www.facebook.com/pcmerchandise.co/posts/pfbid0HC8nfVtKlNp7Ttatz0KfqB2jM8GfypWTWkM9eKSFSPONMcLniEdQykpi,0,0,Photos,,,,,03/08/2023,,,0,0,0,0,0,0,,,,,
999617917182615,100064197037125,"PC Merchandise","𝐀𝐌𝟓 𝐁𝐮𝐢𝐥𝐝 𝐋𝐢𝐦𝐢𝐭𝐞𝐝 𝐒𝐚𝐥𝐞! 🚨
Experience next-gen performance with our latest builds. PM for pricelist!",,0,"03/05/2023 19:00",,https://www.facebook.com/pcmerchandise.co/posts/pfbid0HC8nfVtKlNp7Ttatz0KfqB2jM8GfypWTWkM9eKSFSPONMcLniEdQykpi,0,0,Photos,,,,,03/09/2023,,,0,0,0,0,0,0,,,,,
999617917182615,100064197037125,"PC Merchandise","𝐀𝐌𝟓 𝐁𝐮𝐢𝐥𝐝 𝐋𝐢𝐦𝐢𝐭𝐞𝐝 𝐒𝐚𝐥𝐞! 🚨
Experience next-gen performance with our latest builds. PM for pricelist!",,0,"03/05/2023 19:00",,https://www.facebook.com/pcmerchandise.co/posts/pfbid0HC8nfVtKlNp7Ttatz0KfqB2jM8GfypWTWkM9eKSFSPONMcLniEdQykpi,0,0,Photos,,,,,03/10/2023,,,0,0,0,0,0,0,,,,,
999617917182615,100064197037125,"PC Merchandise","𝐀𝐌𝟓 𝐁𝐮𝐢𝐥𝐝 𝐋𝐢𝐦𝐢𝐭𝐞𝐝 𝐒𝐚𝐥𝐞! 🚨
Experience next-gen performance with our latest builds. PM for pricelist!",,0,"03/05/2023 19:00",,https://www.facebook.com/pcmerchandise.co/posts/pfbid0HC8nfVtKlNp7Ttatz0KfqB2jM8GfypWTWkM9eKSFSPONMcLniEdQykpi,0,0,Photos,,,,,03/11/2023,,,0,0,0,0,0,0,,,,,
999617917182615,100064197037125,"PC Merchandise","𝐀𝐌𝟓 𝐁𝐮𝐢𝐥𝐝 𝐋𝐢𝐦𝐢𝐭𝐞𝐝 𝐒𝐚𝐥𝐞! 🚨
Experience next-gen performance with our latest builds. PM for pricelist!",,0,"03/05/2023 19:00",,https://www.facebook.com/pcmerchandise.co/posts/pfbid0HC8nfVtKlNp7Ttatz0KfqB2jM8GfypWTWkM9eKSFSPONMcLniEdQykpi,0,0,Photos,,,,,03/12/2023,,,0,0,0,0,0,0,,,,,
999617917182615,100064197037125,"PC Merchandise","𝐀𝐌𝟓 𝐁𝐮𝐢𝐥𝐝 𝐋𝐢𝐦𝐢𝐭𝐞𝐝 𝐒𝐚𝐥𝐞! 🚨
Experience next-gen performance with our latest builds. PM for pricelist!",,0,"03/05/2023 19:00",,https://www.facebook.com/pcmerchandise.co/posts/pfbid0HC8nfVtKlNp7Ttatz0KfqB2jM8GfypWTWkM9eKSFSPONMcLniEdQykpi,0,0,Photos,,,,,03/13/2023,,,0,0,0,0,0,0,,,,,
999617917182615,100064197037125,"PC Merchandise","𝐀𝐌𝟓 𝐁𝐮𝐢𝐥𝐝 𝐋𝐢𝐦𝐢𝐭𝐞𝐝 𝐒𝐚𝐥𝐞! 🚨
Experience next-gen performance with our latest builds. PM for pricelist!",,0,"03/05/2023 19:00",,https://www.facebook.com/pcmerchandise.co/posts/pfbid0HC8nfVtKlNp7Ttatz0KfqB2jM8GfypWTWkM9eKSFSPONMcLniEdQykpi,0,0,Photos,,,,,03/14/2023,,,0,0,0,0,0,0,,,,,
999617917182615,100064197037125,"PC Merchandise","𝐀𝐌𝟓 𝐁𝐮𝐢𝐥𝐝 𝐋𝐢𝐦𝐢𝐭𝐞𝐝 𝐒𝐚𝐥𝐞! 🚨
Experience next-gen performance with our latest builds. PM for pricelist!",,0,"03/05/2023 19:00",,https://www.facebook.com/pcmerchandise.co/posts/pfbid0HC8nfVtKlNp7Ttatz0KfqB2jM8GfypWTWkM9eKSFSPONMcLniEdQykpi,0,0,Photos,,,,,03/15/2023,,,0,0,0,0,0,0,,,,,
999617917182615,100064197037125,"PC Merchandise","𝐀𝐌𝟓 𝐁𝐮𝐢𝐥𝐝 𝐋𝐢𝐦𝐢𝐭𝐞𝐝 𝐒𝐚𝐥𝐞! 🚨
Experience next-gen performance with our latest builds. PM for pricelist!",,0,"03/05/2023 19:00",,https://www.facebook.com/pcmerchandise.co/posts/pfbid0HC8nfVtKlNp7Ttatz0KfqB2jM8GfypWTWkM9eKSFSPONMcLniEdQykpi,0,0,Photos,,,,,03/16/2023,,,0,0,0,0,0,0,,,,,
999617917182615,100064197037125,"PC Merchandise","𝐀𝐌𝟓 𝐁𝐮𝐢𝐥𝐝 𝐋𝐢𝐦𝐢𝐭𝐞𝐝 𝐒𝐚𝐥𝐞! 🚨
Experience next-gen performance with our latest builds. PM for pricelist!",,0,"03/05/2023 19:00",,https://www.facebook.com/pcmerchandise.co/posts/pfbid0HC8nfVtKlNp7Ttatz0KfqB2jM8GfypWTWkM9eKSFSPONMcLniEdQykpi,0,0,Photos,,,,,03/17/2023,,,0,0,0,0,0,0,,,,,
999617917182615,100064197037125,"PC Merchandise","𝐀𝐌𝟓 𝐁𝐮𝐢𝐥𝐝 𝐋𝐢𝐦𝐢𝐭𝐞𝐝 𝐒𝐚𝐥𝐞! 🚨
Experience next-gen performance with our latest builds. PM for pricelist!",,0,"03/05/2023 19:00",,https://www.facebook.com/pcmerchandise.co/posts/pfbid0HC8nfVtKlNp7Ttatz0KfqB2jM8GfypWTWkM9eKSFSPONMcLniEdQykpi,0,0,Photos,,,,,03/18/2023,,,0,0,0,0,0,0,,,,,
999617917182615,100064197037125,"PC Merchandise","𝐀𝐌𝟓 𝐁𝐮𝐢𝐥𝐝 𝐋𝐢𝐦𝐢𝐭𝐞𝐝 𝐒𝐚𝐥𝐞! 🚨
Experience next-gen performance with our latest builds. PM for pricelist!",,0,"03/05/2023 19:00",,https://www.facebook.com/pcmerchandise.co/posts/pfbid0HC8nfVtKlNp7Ttatz0KfqB2jM8GfypWTWkM9eKSFSPONMcLniEdQykpi,0,0,Photos,,,,,03/19/2023,,,0,0,0,0,0,0,,,,,
999617917182615,100064197037125,"PC Merchandise","𝐀𝐌𝟓 𝐁𝐮𝐢𝐥𝐝 𝐋𝐢𝐦𝐢𝐭𝐞𝐝 𝐒𝐚𝐥𝐞! 🚨
Experience next-gen performance with our latest builds. PM for pricelist!",,0,"03/05/2023 19:00",,https://www.facebook.com/pcmerchandise.co/posts/pfbid0HC8nfVtKlNp7Ttatz0KfqB2jM8GfypWTWkM9eKSFSPONMcLniEdQykpi,0,0,Photos,,,,,03/20/2023,,,0,0,0,0,0,0,,,,,
999617917182615,100064197037125,"PC Merchandise","𝐀𝐌𝟓 𝐁𝐮𝐢𝐥𝐝 𝐋𝐢𝐦𝐢𝐭𝐞𝐝 𝐒𝐚𝐥𝐞! 🚨
Experience next-gen performance with our latest builds. PM for pricelist!",,0,"03/05/2023 19:00",,https://www.facebook.com/pcmerchandise.co/posts/pfbid0HC8nfVtKlNp7Ttatz0KfqB2jM8GfypWTWkM9eKSFSPONMcLniEdQykpi,0,0,Photos,,,,,03/21/2023,,,0,0,0,0,0,0,,,,,
999617917182615,100064197037125,"PC Merchandise","𝐀𝐌𝟓 𝐁𝐮𝐢𝐥𝐝 𝐋𝐢𝐦𝐢𝐭𝐞𝐝 𝐒𝐚𝐥𝐞! 🚨
Experience next-gen performance with our latest builds. PM for pricelist!",,0,"03/05/2023 19:00",,https://www.facebook.com/pcmerchandise.co/posts/pfbid0HC8nfVtKlNp7Ttatz0KfqB2jM8GfypWTWkM9eKSFSPONMcLniEdQykpi,0,0,Photos,,,,,03/22/2023,,,0,0,0,0,0,0,,,,,
999617917182615,100064197037125,"PC Merchandise","𝐀𝐌𝟓 𝐁𝐮𝐢𝐥𝐝 𝐋𝐢𝐦𝐢𝐭𝐞𝐝 𝐒𝐚𝐥𝐞! 🚨
Experience next-gen performance with our latest builds. PM for pricelist!",,0,"03/05/2023 19:00",,https://www.facebook.com/pcmerchandise.co/posts/pfbid0HC8nfVtKlNp7Ttatz0KfqB2jM8GfypWTWkM9eKSFSPONMcLniEdQykpi,0,0,Photos,,,,,03/23/2023,,,0,0,0,0,0,0,,,,,
999617917182615,100064197037125,"PC Merchandise","𝐀𝐌𝟓 𝐁𝐮𝐢𝐥𝐝 𝐋𝐢𝐦𝐢𝐭𝐞𝐝 𝐒𝐚𝐥𝐞! 🚨
Experience next-gen performance with our latest builds. PM for pricelist!",,0,"03/05/2023 19:00",,https://www.facebook.com/pcmerchandise.co/posts/pfbid0HC8nfVtKlNp7Ttatz0KfqB2jM8GfypWTWkM9eKSFSPONMcLniEdQykpi,0,0,Photos,,,,,03/24/2023,,,0,0,0,0,0,0,,,,,
999617917182615,100064197037125,"PC Merchandise","𝐀𝐌𝟓 𝐁𝐮𝐢𝐥𝐝 𝐋𝐢𝐦𝐢𝐭𝐞𝐝 𝐒𝐚𝐥𝐞! 🚨
Experience next-gen performance with our latest builds. PM for pricelist!",,0,"03/05/2023 19:00",,https://www.facebook.com/pcmerchandise.co/posts/pfbid0HC8nfVtKlNp7Ttatz0KfqB2jM8GfypWTWkM9eKSFSPONMcLniEdQykpi,0,0,Photos,,,,,03/25/2023,,,0,0,0,0,0,0,,,,,
999617917182615,100064197037125,"PC Merchandise","𝐀𝐌𝟓 𝐁𝐮𝐢𝐥𝐝 𝐋𝐢𝐦𝐢𝐭𝐞𝐝 𝐒𝐚𝐥𝐞! 🚨
Experience next-gen performance with our latest builds. PM for pricelist!",,0,"03/05/2023 19:00",,https://www.facebook.com/pcmerchandise.co/posts/pfbid0HC8nfVtKlNp7Ttatz0KfqB2jM8GfypWTWkM9eKSFSPONMcLniEdQykpi,0,0,Photos,,,,,03/26/2023,,,0,0,0,0,0,0,,,,,
999617917182615,100064197037125,"PC Merchandise","𝐀𝐌𝟓 𝐁𝐮𝐢𝐥𝐝 𝐋𝐢𝐦𝐢𝐭𝐞𝐝 𝐒𝐚𝐥𝐞! 🚨
Experience next-gen performance with our latest builds. PM for pricelist!",,0,"03/05/2023 19:00",,https://www.facebook.com/pcmerchandise.co/posts/pfbid0HC8nfVtKlNp7Ttatz0KfqB2jM8GfypWTWkM9eKSFSPONMcLniEdQykpi,0,0,Photos,,,,,03/27/2023,,,0,0,0,0,0,0,,,,,
999617917182615,100064197037125,"PC Merchandise","𝐀𝐌𝟓 𝐁𝐮𝐢𝐥𝐝 𝐋𝐢𝐦𝐢𝐭𝐞𝐝 𝐒𝐚𝐥𝐞! 🚨
Experience next-gen performance with our latest builds. PM for pricelist!",,0,"03/05/2023 19:00",,https://www.facebook.com/pcmerchandise.co/posts/pfbid0HC8nfVtKlNp7Ttatz0KfqB2jM8GfypWTWkM9eKSFSPONMcLniEdQykpi,0,0,Photos,,,,,03/28/2023,,,0,0,0,0,0,0,,,,,
999617917182615,100064197037125,"PC Merchandise","𝐀𝐌𝟓 𝐁𝐮𝐢𝐥𝐝 𝐋𝐢𝐦𝐢𝐭𝐞𝐝 𝐒𝐚𝐥𝐞! 🚨
Experience next-gen performance with our latest builds. PM for pricelist!",,0,"03/05/2023 19:00",,https://www.facebook.com/pcmerchandise.co/posts/pfbid0HC8nfVtKlNp7Ttatz0KfqB2jM8GfypWTWkM9eKSFSPONMcLniEdQykpi,0,0,Photos,,,,,03/29/2023,,,0,0,0,0,0,0,,,,,
999617917182615,100064197037125,"PC Merchandise","𝐀𝐌𝟓 𝐁𝐮𝐢𝐥𝐝 𝐋𝐢𝐦𝐢𝐭𝐞𝐝 𝐒𝐚𝐥𝐞! 🚨
Experience next-gen performance with our latest builds. PM for pricelist!",,0,"03/05/2023 19:00",,https://www.facebook.com/pcmerchandise.co/posts/pfbid0HC8nfVtKlNp7Ttatz0KfqB2jM8GfypWTWkM9eKSFSPONMcLniEdQykpi,0,0,Photos,,,,,03/30/2023,,,0,0,0,0,0,0,,,,,
999617917182615,100064197037125,"PC Merchandise","𝐀𝐌𝟓 𝐁𝐮𝐢𝐥𝐝 𝐋𝐢𝐦𝐢𝐭𝐞𝐝 𝐒𝐚𝐥𝐞! 🚨
Experience next-gen performance with our latest builds. PM for pricelist!",,0,"03/05/2023 19:00",,https://www.facebook.com/pcmerchandise.co/posts/pfbid0HC8nfVtKlNp7Ttatz0KfqB2jM8GfypWTWkM9eKSFSPONMcLniEdQykpi,0,0,Photos,,,,,03/31/2023,,,0,0,0,0,0,0,,,,,
999692898216912,100064197037125,"PC Merchandise","BUDGET BUILD ALERT 🚨 RYZEN 5 3400G + RX 580 — perfect for online class and gaming!",,46,"03/05/2023 17:15",,https://www.facebook.com/reel/1494674961151321/,0,0,Reels,,,,,03/01/2023,0,,,,,,0,0,0,0,0,0.000,3.433
999692898216912,100064197037125,"PC Merchandise","BUDGET BUILD ALERT 🚨 RYZEN 5 3400G + RX 580 — perfect for online class and gaming!",,46,"03/05/2023 17:15",,https://www.facebook.com/reel/1494674961151321/,0,0,Reels,,,,,03/02/2023,0,,,,,,0,0,0,0,0,0.000,4.199
999692898216912,100064197037125,"PC Merchandise","BUDGET BUILD ALERT 🚨 RYZEN 5 3400G + RX 580 — perfect for online class and gaming!",,46,"03/05/2023 17:15",,https://www.facebook.com/reel/1494674961151321/,0,0,Reels,,,,,03/03/2023,0,,,,,,0,0,0,0,0,0.000,3.245
999692898216912,100064197037125,"PC Merchandise","BUDGET BUILD ALERT 🚨 RYZEN 5 3400G + RX 580 — perfect for online class and gaming!",,46,"03/05/2023 17:15",,https://www.facebook.com/reel/1494674961151321/,0,0,Reels,,,,,03/04/2023,0,,,,,,0,0,0,0,0,0.000,3.865
999692898216912,100064197037125,"PC Merchandise","BUDGET BUILD ALERT 🚨 RYZEN 5 3400G + RX 580 — perfect for online class and gaming!",,46,"03/05/2023 17:15",,https://www.facebook.com/reel/1494674961151321/,0,0,Reels,,,,,03/05/2023,0,,,,,,78,0,0,0,0,259.953,3.148
999692898216912,100064197037125,"PC Merchandise","BUDGET BUILD ALERT 🚨 RYZEN 5 3400G + RX 580 — perfect for online class and gaming!",,46,"03/05/2023 17:15",,https://www.facebook.com/reel/1494674961151321/,0,0,Reels,,,,,03/06/2023,0,,,,,,57,0,1,0,1,116.459,2.662
999692898216912,100064197037125,"PC Merchandise","BUDGET BUILD ALERT 🚨 RYZEN 5 3400G + RX 580 — perfect for online class and gaming!",,46,"03/05/2023 17:15",,https://www.facebook.com/reel/1494674961151321/,0,0,Reels,,,,,03/07/2023,0,,,,,,69,0,1,0,1,162.943,3.707
999692898216912,100064197037125,"PC Merchandise","BUDGET BUILD ALERT 🚨 RYZEN 5 3400G + RX 580 — perfect for online class and gaming!",,46,"03/05/2023 17:15",,https://www.facebook.com/reel/1494674961151321/,0,0,Reels,,,,,03/08/2023,0,,,,,,59,0,1,1,0,102.450,3.648
999692898216912,100064197037125,"PC Merchandise","BUDGET BUILD ALERT 🚨 RYZEN 5 3400G + RX 580 — perfect for online class and gaming!",,46,"03/05/2023 17:15",,https://www.facebook.com/reel/1494674961151321/,0,0,Reels,,,,,03/09/2023,0,,,,,,73,0,0,0,0,66.848,4.731
999692898216912,100064197037125,"PC Merchandise","BUDGET BUILD ALERT 🚨 RYZEN 5 3400G + RX 580 — perfect for online class and gaming!",,46,"03/05/2023 17:15",,https://www.facebook.com/reel/1494674961151321/,0,0,Reels,,,,,03/10/2023,0,,,,,,80,0,0,0,0,74.003,1.500
999692898216912,100064197037125,"PC Merchandise","BUDGET BUILD ALERT 🚨 RYZEN 5 3400G + RX 580 — perfect for online class and gaming!",,46,"03/05/2023 17:15",,https://www.facebook.com/reel/1494674961151321/,0,0,Reels,,,,,03/11/2023,0,,,,,,66,0,1,1,0,69.479,2.564
999692898216912,100064197037125,"PC Merchandise","BUDGET BUILD ALERT 🚨 RYZEN 5 3400G + RX 580 — perfect for online class and gaming!",,46,"03/05/2023 17:15",,https://www.facebook.com/reel/1494674961151321/,0,0,Reels,,,,,03/12/2023,0,,,,,,53,0,0,0,0,20.663,4.812
999692898216912,100064197037125,"PC Merchandise","BUDGET BUILD ALERT 🚨 RYZEN 5 3400G + RX 580 — perfect for online class and gaming!",,46,"03/05/2023 17:15",,https://www.facebook.com/reel/1494674961151321/,0,0,Reels,,,,,03/13/2023,0,,,,,,55,0,0,0,0,20.038,3.060
999692898216912,100064197037125,"PC Merchandise","BUDGET BUILD ALERT 🚨 RYZEN 5 3400G + RX 580 — perfect for online class and gaming!",,46,"03/05/2023 17:15",,https://www.facebook.com/reel/1494674961151321/,0,0,Reels,,,,,03/14/2023,0,,,,,,62,0,0,0,0,34.340,3.301
999692898216912,100064197037125,"PC Merchandise","BUDGET BUILD ALERT 🚨 RYZEN 5 3400G + RX 580 — perfect for online class and gaming!",,46,"03/05/2023 17:15",,https://www.facebook.com/reel/1494674961151321/,0,0,Reels,,,,,03/15/2023,0,,,,,,47,0,0,0,0,10.024,4.086
999692898216912,100064197037125,"PC Merchandise","BUDGET BUILD ALERT 🚨 RYZEN 5 3400G + RX 580 — perfect for online class and gaming!",,46,"03/05/2023 17:15",,https://www.facebook.com/reel/1494674961151321/,0,0,Reels,,,,,03/16/2023,0,,,,,,55,0,0,0,0,13.355,2.463
999692898216912,100064197037125,"PC Merchandise","BUDGET BUILD ALERT 🚨 RYZEN 5 3400G + RX 580 — perfect for online class and gaming!",,46,"03/05/2023 17:15",,https://www.facebook.com/reel/1494674961151321/,0,0,Reels,,,,,03/17/2023,0,,,,,,0,0,0,0,0,20.825,2.803
999692898216912,100064197037125,"PC Merchandise","BUDGET BUILD ALERT 🚨 RYZEN 5 3400G + RX 580 — perfect for online class and gaming!",,46,"03/05/2023 17:15",,https://www.facebook.com/reel/1494674961151321/,0,0,Reels,,,,,03/18/2023,0,,,,,,0,0,1,1,0,9.328,3.031
999692898216912,100064197037125,"PC Merchandise","BUDGET BUILD ALERT 🚨 RYZEN 5 3400G + RX 580 — perfect for online class and gaming!",,46,"03/05/2023 17:15",,https://www.facebook.com/reel/1494674961151321/,0,0,Reels,,,,,03/19/2023,0,,,,,,0,0,2,2,0,7.930,2.736
999692898216912,100064197037125,"PC Merchandise","BUDGET BUILD ALERT 🚨 RYZEN 5 3400G + RX 580 — perfect for online class and gaming!",,46,"03/05/2023 17:15",,https://www.facebook.com/reel/1494674961151321/,0,0,Reels,,,,,03/20/2023,0,,,,,,0,0,0,0,0,9.913,2.630
999692898216912,100064197037125,"PC Merchandise","BUDGET BUILD ALERT 🚨 RYZEN 5 3400G + RX 580 — perfect for online class and gaming!",,46,"03/05/2023 17:15",,https://www.facebook.com/reel/1494674961151321/,0,0,Reels,,,,,03/21/2023,0,,,,,,0,0,0,0,0,15.870,3.722
999692898216912,100064197037125,"PC Merchandise","BUDGET BUILD ALERT 🚨 RYZEN 5 3400G + RX 580 — perfect for online class and gaming!",,46,"03/05/2023 17:15",,https://www.facebook.com/reel/1494674961151321/,0,0,Reels,,,,,03/22/2023,0,,,,,,0,0,0,0,0,6.292,3.864
999692898216912,100064197037125,"PC Merchandise","BUDGET BUILD ALERT 🚨 RYZEN 5 3400G + RX 580 — perfect for online class and gaming!",,46,"03/05/2023 17:15",,https://www.facebook.com/reel/1494674961151321/,0,0,Reels,,,,,03/23/2023,0,,,,,,0,0,0,0,0,9.752,3.110
999692898216912,100064197037125,"PC Merchandise","BUDGET BUILD ALERT 🚨 RYZEN 5 3400G + RX 580 — perfect for online class and gaming!",,46,"03/05/2023 17:15",,https://www.facebook.com/reel/1494674961151321/,0,0,Reels,,,,,03/24/2023,0,,,,,,0,0,0,0,0,12.740,3.556
999692898216912,100064197037125,"PC Merchandise","BUDGET BUILD ALERT 🚨 RYZEN 5 3400G + RX 580 — perfect for online class and gaming!",,46,"03/05/2023 17:15",,https://www.facebook.com/reel/1494674961151321/,0,0,Reels,,,,,03/25/2023,0,,,,,,0,0,0,0,0,7.708,2.856
999692898216912,100064197037125,"PC Merchandise","BUDGET BUILD ALERT 🚨 RYZEN 5 3400G + RX 580 — perfect for online class and gaming!",,46,"03/05/2023 17:15",,https://www.facebook.com/reel/1494674961151321/,0,0,Reels,,,,,03/26/2023,0,,,,,,0,0,0,0,0,8.332,3.255
999692898216912,100064197037125,"PC Merchandise","BUDGET BUILD ALERT 🚨 RYZEN 5 3400G + RX 580 — perfect for online class and gaming!",,46,"03/05/2023 17:15",,https://www.facebook.com/reel/1494674961151321/,0,0,Reels,,,,,03/27/2023,0,,,,,,0,0,0,0,0,9.282,2.840
999692898216912,100064197037125,"PC Merchandise","BUDGET BUILD ALERT 🚨 RYZEN 5 3400G + RX 580 — perfect for online class and gaming!",,46,"03/05/2023 17:15",,https://www.facebook.com/reel/1494674961151321/,0,0,Reels,,,,,03/28/2023,0,,,,,,0,0,0,0,0,7.211,2.330
999692898216912,100064197037125,"PC Merchandise","BUDGET BUILD ALERT 🚨 RYZEN 5 3400G + RX 580 — perfect for online class and gaming!",,46,"03/05/2023 17:15",,https://www.facebook.com/reel/1494674961151321/,0,0,Reels,,,,,03/29/2023,0,,,,,,0,0,0,0,0,10.537,3.164
999692898216912,100064197037125,"PC Merchandise","BUDGET BUILD ALERT 🚨 RYZEN 5 3400G + RX 580 — perfect for online class and gaming!",,46,"03/05/2023 17:15",,https://www.facebook.com/reel/1494674961151321/,0,0,Reels,,,,,03/30/2023,0,,,,,,0,0,1,1,0,6.737,2.121
999692898216912,100064197037125,"PC Merchandise","BUDGET BUILD ALERT 🚨 RYZEN 5 3400G + RX 580 — perfect for online class and gaming!",,46,"03/05/2023 17:15",,https://www.facebook.com/reel/1494674961151321/,0,0,Reels,,,,,03/31/2023,0,,,,,,0,0,0,0,0,10.896,3.844
999320984164686,100064197037125,"PC Merchandise","𝐢𝟓 𝟏𝟎𝟒𝟎𝟎𝐅 (𝟐𝐏𝐂𝐒) w/ 𝐆𝐓𝐗 𝟏𝟔𝟔𝟎𝐒
𝐆𝐀𝐌𝐈𝐍𝐆 𝐁𝐔𝐈𝐋𝐃
#PCMERCHANDISE #PCMBUILDS",,57,"03/05/2023 17:00",,https://www.facebook.com/reel/1065170464530283/,0,0,Reels,,,,,03/01/2023,0,,,,,,0,0,0,0,0,0.000,5.025
999320984164686,100064197037125,"PC Merchandise","𝐢𝟓 𝟏𝟎𝟒𝟎𝟎𝐅 (𝟐𝐏𝐂𝐒) w/ 𝐆𝐓𝐗 𝟏𝟔𝟔𝟎𝐒
𝐆𝐀𝐌𝐈𝐍𝐆 𝐁𝐔𝐈𝐋𝐃
#PCMERCHANDISE #PCMBUILDS",,57,"03/05/2023 17:00",,https://www.facebook.com/reel/1065170464530283/,0,0,Reels,,,,,03/02/2023,0,,,,,,0,0,0,0,0,0.000,4.333
999320984164686,100064197037125,"PC Merchandise","𝐢𝟓 𝟏𝟎𝟒𝟎𝟎𝐅 (𝟐𝐏𝐂𝐒) w/ 𝐆𝐓𝐗 𝟏𝟔𝟔𝟎𝐒
𝐆𝐀𝐌𝐈𝐍𝐆 𝐁𝐔𝐈𝐋𝐃
#PCMERCHANDISE #PCMBUILDS",,57,"03/05/2023 17:00",,https://www.facebook.com/reel/1065170464530283/,0,0,Reels,,,,,03/03/2023,0,,,,,,0,0,0,0,0,0.000,4.811
999320984164686,100064197037125,"PC Merchandise","𝐢𝟓 𝟏𝟎𝟒𝟎𝟎𝐅 (𝟐𝐏𝐂𝐒) w/ 𝐆𝐓𝐗 𝟏𝟔𝟔𝟎𝐒
𝐆𝐀𝐌𝐈𝐍𝐆 𝐁𝐔𝐈𝐋𝐃
#PCMERCHANDISE #PCMBUILDS",,57,"03/05/2023 17:00",,https://www.facebook.com/reel/1065170464530283/,0,0,Reels,,,,,03/04/2023,0,,,,,,0,0,0,0,0,0.000,4.993
999320984164686,100064197037125,"PC Merchandise","𝐢𝟓 𝟏𝟎𝟒𝟎𝟎𝐅 (𝟐𝐏𝐂𝐒) w/ 𝐆𝐓𝐗 𝟏𝟔𝟔𝟎𝐒
𝐆𝐀𝐌𝐈𝐍𝐆 𝐁𝐔𝐈𝐋𝐃
#PCMERCHANDISE #PCMBUILDS",,57,"03/05/2023 17:00",,https://www.facebook.com/reel/1065170464530283/,0,0,Reels,,,,,03/05/2023,0,,,,,,0,0,2,2,0,303.458,4.135
999320984164686,100064197037125,"PC Merchandise","𝐢𝟓 𝟏𝟎𝟒𝟎𝟎𝐅 (𝟐𝐏𝐂𝐒) w/ 𝐆𝐓𝐗 𝟏𝟔𝟔𝟎𝐒
𝐆𝐀𝐌𝐈𝐍𝐆 𝐁𝐔𝐈𝐋𝐃
#PCMERCHANDISE #PCMBUILDS",,57,"03/05/2023 17:00",,https://www.facebook.com/reel/1065170464530283/,0,0,Reels,,,,,03/06/2023,0,,,,,,0,0,1,1,0,237.145,4.604
999320984164686,100064197037125,"PC Merchandise","𝐢𝟓 𝟏𝟎𝟒𝟎𝟎𝐅 (𝟐𝐏𝐂𝐒) w/ 𝐆𝐓𝐗 𝟏𝟔𝟔𝟎𝐒
𝐆𝐀𝐌𝐈𝐍𝐆 𝐁𝐔𝐈𝐋𝐃
#PCMERCHANDISE #PCMBUILDS",,57,"03/05/2023 17:00",,https://www.facebook.com/reel/1065170464530283/,0,0,Reels,,,,,03/07/2023,0,,,,,,0,0,1,1,0,112.955,3.896
999320984164686,100064197037125,"PC Merchandise","𝐢𝟓 𝟏𝟎𝟒𝟎𝟎𝐅 (𝟐𝐏𝐂𝐒) w/ 𝐆𝐓𝐗 𝟏𝟔𝟔𝟎𝐒
𝐆𝐀𝐌𝐈𝐍𝐆 𝐁𝐔𝐈𝐋𝐃
#PCMERCHANDISE #PCMBUILDS",,57,"03/05/2023 17:00",,https://www.facebook.com/reel/1065170464530283/,0,0,Reels,,,,,03/08/2023,0,,,,,,0,0,1,0,1,105.075,4.401
999320984164686,100064197037125,"PC Merchandise","𝐢𝟓 𝟏𝟎𝟒𝟎𝟎𝐅 (𝟐𝐏𝐂𝐒) w/ 𝐆𝐓𝐗 𝟏𝟔𝟔𝟎𝐒
𝐆𝐀𝐌𝐈𝐍𝐆 𝐁𝐔𝐈𝐋𝐃
#PCMERCHANDISE #PCMBUILDS",,57,"03/05/2023 17:00",,https://www.facebook.com/reel/1065170464530283/,0,0,Reels,,,,,03/09/2023,0,,,,,,0,0,0,0,0,66.695,5.742
999320984164686,100064197037125,"PC Merchandise","𝐢𝟓 𝟏𝟎𝟒𝟎𝟎𝐅 (𝟐𝐏𝐂𝐒) w/ 𝐆𝐓𝐗 𝟏𝟔𝟔𝟎𝐒
𝐆𝐀𝐌𝐈𝐍𝐆 𝐁𝐔𝐈𝐋𝐃
#PCMERCHANDISE #PCMBUILDS",,57,"03/05/2023 17:00",,https://www.facebook.com/reel/1065170464530283/,0,0,Reels,,,,,03/10/2023,0,,,,,,0,0,0,0,0,51.454,5.500
999320984164686,100064197037125,"PC Merchandise","𝐢𝟓 𝟏𝟎𝟒𝟎𝟎𝐅 (𝟐𝐏𝐂𝐒) w/ 𝐆𝐓𝐗 𝟏𝟔𝟔𝟎𝐒
𝐆𝐀𝐌𝐈𝐍𝐆 𝐁𝐔𝐈𝐋𝐃
#PCMERCHANDISE #PCMBUILDS",,57,"03/05/2023 17:00",,https://www.facebook.com/reel/1065170464530283/,0,0,Reels,,,,,03/11/2023,0,,,,,,0,0,0,0,0,66.133,4.729
999320984164686,100064197037125,"PC Merchandise","𝐢𝟓 𝟏𝟎𝟒𝟎𝟎𝐅 (𝟐𝐏𝐂𝐒) w/ 𝐆𝐓𝐗 𝟏𝟔𝟔𝟎𝐒
𝐆𝐀𝐌𝐈𝐍𝐆 𝐁𝐔𝐈𝐋𝐃
#PCMERCHANDISE #PCMBUILDS",,57,"03/05/2023 17:00",,https://www.facebook.com/reel/1065170464530283/,0,0,Reels,,,,,03/12/2023,0,,,,,,0,0,1,0,1,24.184,4.738
999320984164686,100064197037125,"PC Merchandise","𝐢𝟓 𝟏𝟎𝟒𝟎𝟎𝐅 (𝟐𝐏𝐂𝐒) w/ 𝐆𝐓𝐗 𝟏𝟔𝟔𝟎𝐒
𝐆𝐀𝐌𝐈𝐍𝐆 𝐁𝐔𝐈𝐋𝐃
#PCMERCHANDISE #PCMBUILDS",,57,"03/05/2023 17:00",,https://www.facebook.com/reel/1065170464530283/,0,0,Reels,,,,,03/13/2023,0,,,,,,0,0,0,0,0,74.882,5.275
999320984164686,100064197037125,"PC Merchandise","𝐢𝟓 𝟏𝟎𝟒𝟎𝟎𝐅 (𝟐𝐏𝐂𝐒) w/ 𝐆𝐓𝐗 𝟏𝟔𝟔𝟎𝐒
𝐆𝐀𝐌𝐈𝐍𝐆 𝐁𝐔𝐈𝐋𝐃
#PCMERCHANDISE #PCMBUILDS",,57,"03/05/2023 17:00",,https://www.facebook.com/reel/1065170464530283/,0,0,Reels,,,,,03/14/2023,0,,,,,,0,0,0,0,0,23.578,5.474
999320984164686,100064197037125,"PC Merchandise","𝐢𝟓 𝟏𝟎𝟒𝟎𝟎𝐅 (𝟐𝐏𝐂𝐒) w/ 𝐆𝐓𝐗 𝟏𝟔𝟔𝟎𝐒
𝐆𝐀𝐌𝐈𝐍𝐆 𝐁𝐔𝐈𝐋𝐃
#PCMERCHANDISE #PCMBUILDS",,57,"03/05/2023 17:00",,https://www.facebook.com/reel/1065170464530283/,0,0,Reels,,,,,03/15/2023,0,,,,,,0,0,0,0,0,40.895,4.848
999320984164686,100064197037125,"PC Merchandise","𝐢𝟓 𝟏𝟎𝟒𝟎𝟎𝐅 (𝟐𝐏𝐂𝐒) w/ 𝐆𝐓𝐗 𝟏𝟔𝟔𝟎𝐒
𝐆𝐀𝐌𝐈𝐍𝐆 𝐁𝐔𝐈𝐋𝐃
#PCMERCHANDISE #PCMBUILDS",,57,"03/05/2023 17:00",,https://www.facebook.com/reel/1065170464530283/,0,0,Reels,,,,,03/16/2023,0,,,,,,0,0,0,0,0,26.603,5.082
999320984164686,100064197037125,"PC Merchandise","𝐢𝟓 𝟏𝟎𝟒𝟎𝟎𝐅 (𝟐𝐏𝐂𝐒) w/ 𝐆𝐓𝐗 𝟏𝟔𝟔𝟎𝐒
𝐆𝐀𝐌𝐈𝐍𝐆 𝐁𝐔𝐈𝐋𝐃
#PCMERCHANDISE #PCMBUILDS",,57,"03/05/2023 17:00",,https://www.facebook.com/reel/1065170464530283/,0,0,Reels,,,,,03/17/2023,0,,,,,,0,0,0,0,0,23.154,5.545
999320984164686,100064197037125,"PC Merchandise","𝐢𝟓 𝟏𝟎𝟒𝟎𝟎𝐅 (𝟐𝐏𝐂𝐒) w/ 𝐆𝐓𝐗 𝟏𝟔𝟔𝟎𝐒
𝐆𝐀𝐌𝐈𝐍𝐆 𝐁𝐔𝐈𝐋𝐃
#PCMERCHANDISE #PCMBUILDS",,57,"03/05/2023 17:00",,https://www.facebook.com/reel/1065170464530283/,0,0,Reels,,,,,03/18/2023,0,,,,,,0,0,0,0,0,20.315,5.694
999320984164686,100064197037125,"PC Merchandise","𝐢𝟓 𝟏𝟎𝟒𝟎𝟎𝐅 (𝟐𝐏𝐂𝐒) w/ 𝐆𝐓𝐗 𝟏𝟔𝟔𝟎𝐒
𝐆𝐀𝐌𝐈𝐍𝐆 𝐁𝐔𝐈𝐋𝐃
#PCMERCHANDISE #PCMBUILDS",,57,"03/05/2023 17:00",,https://www.facebook.com/reel/1065170464530283/,0,0,Reels,,,,,03/19/2023,0,,,,,,0,0,0,0,0,18.452,5.123
999320984164686,100064197037125,"PC Merchandise","𝐢𝟓 𝟏𝟎𝟒𝟎𝟎𝐅 (𝟐𝐏𝐂𝐒) w/ 𝐆𝐓𝐗 𝟏𝟔𝟔𝟎𝐒
𝐆𝐀𝐌𝐈𝐍𝐆 𝐁𝐔𝐈𝐋𝐃
#PCMERCHANDISE #PCMBUILDS",,57,"03/05/2023 17:00",,https://www.facebook.com/reel/1065170464530283/,0,0,Reels,,,,,03/20/2023,0,,,,,,0,0,0,0,0,13.838,5.223
999320984164686,100064197037125,"PC Merchandise","𝐢𝟓 𝟏𝟎𝟒𝟎𝟎𝐅 (𝟐𝐏𝐂𝐒) w/ 𝐆𝐓𝐗 𝟏𝟔𝟔𝟎𝐒
𝐆𝐀𝐌𝐈𝐍𝐆 𝐁𝐔𝐈𝐋𝐃
#PCMERCHANDISE #PCMBUILDS",,57,"03/05/2023 17:00",,https://www.facebook.com/reel/1065170464530283/,0,0,Reels,,,,,03/21/2023,0,,,,,,0,0,0,0,0,16.842,3.401
999320984164686,100064197037125,"PC Merchandise","𝐢𝟓 𝟏𝟎𝟒𝟎𝟎𝐅 (𝟐𝐏𝐂𝐒) w/ 𝐆𝐓𝐗 𝟏𝟔𝟔𝟎𝐒
𝐆𝐀𝐌𝐈𝐍𝐆 𝐁𝐔𝐈𝐋𝐃
#PCMERCHANDISE #PCMBUILDS",,57,"03/05/2023 17:00",,https://www.facebook.com/reel/1065170464530283/,0,0,Reels,,,,,03/22/2023,0,,,,,,0,0,0,0,0,12.855,5.866
999320984164686,100064197037125,"PC Merchandise","𝐢𝟓 𝟏𝟎𝟒𝟎𝟎𝐅 (𝟐𝐏𝐂𝐒) w/ 𝐆𝐓𝐗 𝟏𝟔𝟔𝟎𝐒
𝐆𝐀𝐌𝐈𝐍𝐆 𝐁𝐔𝐈𝐋𝐃
#PCMERCHANDISE #PCMBUILDS",,57,"03/05/2023 17:00",,https://www.facebook.com/reel/1065170464530283/,0,0,Reels,,,,,03/23/2023,0,,,,,,0,0,0,0,0,11.164,3.710
999320984164686,100064197037125,"PC Merchandise","𝐢𝟓 𝟏𝟎𝟒𝟎𝟎𝐅 (𝟐𝐏𝐂𝐒) w/ 𝐆𝐓𝐗 𝟏𝟔𝟔𝟎𝐒
𝐆𝐀𝐌𝐈𝐍𝐆 𝐁𝐔𝐈𝐋𝐃
#PCMERCHANDISE #PCMBUILDS",,57,"03/05/2023 17:00",,https://www.facebook.com/reel/1065170464530283/,0,0,Reels,,,,,03/24/2023,0,,,,,,0,0,0,0,0,19.126,4.075
999320984164686,100064197037125,"PC Merchandise","𝐢𝟓 𝟏𝟎𝟒𝟎𝟎𝐅 (𝟐𝐏𝐂𝐒) w/ 𝐆𝐓𝐗 𝟏𝟔𝟔𝟎𝐒
𝐆𝐀𝐌𝐈𝐍𝐆 𝐁𝐔𝐈𝐋𝐃
#PCMERCHANDISE #PCMBUILDS",,57,"03/05/2023 17:00",,https://www.facebook.com/reel/1065170464530283/,0,0,Reels,,,,,03/25/2023,0,,,,,,0,0,0,0,0,13.916,4.535
999320984164686,100064197037125,"PC Merchandise","𝐢𝟓 𝟏𝟎𝟒𝟎𝟎𝐅 (𝟐𝐏𝐂𝐒) w/ 𝐆𝐓𝐗 𝟏𝟔𝟔𝟎𝐒
𝐆𝐀𝐌𝐈𝐍𝐆 𝐁𝐔𝐈𝐋𝐃
#PCMERCHANDISE #PCMBUILDS",,57,"03/05/2023 17:00",,https://www.facebook.com/reel/1065170464530283/,0,0,Reels,,,,,03/26/2023,0,,,,,,0,0,0,0,0,11.318,5.495
999320984164686,100064197037125,"PC Merchandise","𝐢𝟓 𝟏𝟎𝟒𝟎𝟎𝐅 (𝟐𝐏𝐂𝐒) w/ 𝐆𝐓𝐗 𝟏𝟔𝟔𝟎𝐒
𝐆𝐀𝐌𝐈𝐍𝐆 𝐁𝐔𝐈𝐋𝐃
#PCMERCHANDISE #PCMBUILDS",,57,"03/05/2023 17:00",,https://www.facebook.com/reel/1065170464530283/,0,0,Reels,,,,,03/27/2023,0,,,,,,0,0,0,0,0,11.994,5.078
999320984164686,100064197037125,"PC Merchandise","𝐢𝟓 𝟏𝟎𝟒𝟎𝟎𝐅 (𝟐𝐏𝐂𝐒) w/ 𝐆𝐓𝐗 𝟏𝟔𝟔𝟎𝐒
𝐆𝐀𝐌𝐈𝐍𝐆 𝐁𝐔𝐈𝐋𝐃
#PCMERCHANDISE #PCMBUILDS",,57,"03/05/2023 17:00",,https://www.facebook.com/reel/1065170464530283/,0,0,Reels,,,,,03/28/2023,0,,,,,,0,0,0,0,0,7.783,3.336
999320984164686,100064197037125,"PC Merchandise","𝐢𝟓 𝟏𝟎𝟒𝟎𝟎𝐅 (𝟐𝐏𝐂𝐒) w/ 𝐆𝐓𝐗 𝟏𝟔𝟔𝟎𝐒
𝐆𝐀𝐌𝐈𝐍𝐆 𝐁𝐔𝐈𝐋𝐃
#PCMERCHANDISE #PCMBUILDS",,57,"03/05/2023 17:00",,https://www.facebook.com/reel/1065170464530283/,0,0,Reels,,,,,03/29/2023,0,,,,,,0,0,0,0,0,18.536,6.042
999320984164686,100064197037125,"PC Merchandise","𝐢𝟓 𝟏𝟎𝟒𝟎𝟎𝐅 (𝟐𝐏𝐂𝐒) w/ 𝐆𝐓𝐗 𝟏𝟔𝟔𝟎𝐒
𝐆𝐀𝐌𝐈𝐍𝐆 𝐁𝐔𝐈𝐋𝐃
#PCMERCHANDISE #PCMBUILDS",,57,"03/05/2023 17:00",,https://www.facebook.com/reel/1065170464530283/,0,0,Reels,,,,,03/30/2023,0,,,,,,0,0,0,0,0,9.395,4.255
999320984164686,100064197037125,"PC Merchandise","𝐢𝟓 𝟏𝟎𝟒𝟎𝟎𝐅 (𝟐𝐏𝐂𝐒) w/ 𝐆𝐓𝐗 𝟏𝟔𝟔𝟎𝐒
𝐆𝐀𝐌𝐈𝐍𝐆 𝐁𝐔𝐈𝐋𝐃
#PCMERCHANDISE #PCMBUILDS",,57,"03/05/2023 17:00",,https://www.facebook.com/reel/1065170464530283/,0,0,Reels,,,,,03/31/2023,0,,,,,,0,0,0,0,0,7.429,4.901
999137487136256,100064197037125,"PC Merchandise","Sulit na sulit! RYZEN 5 3400G package, ready for pickup or shipping nationwide 🚚",,0,"03/05/2023 17:00",,https://www.facebook.com/pcmerchandise.co/posts/pfbid0AmuR6f0AUXa3JszeMLLoEVg1kI9nh7M4BXfq5rxIfL2B6pCDEpwM16nK,0,0,Photos,,,,,03/31/2023,1,,,,,,,,,,,,
999137487136256,100064197037125,"PC Merchandise","Sulit na sulit! RYZEN 5 3400G package, ready for pickup or shipping nationwide 🚚",,0,"03/05/2023 17:00",,https://www.facebook.com/pcmerchandise.co/posts/pfbid0AmuR6f0AUXa3JszeMLLoEVg1kI9nh7M4BXfq5rxIfL2B6pCDEpwM16nK,0,0,Photos,,,,,03/01/2023,,,0,0,0,0,0,0,,,,,
999137487136256,100064197037125,"PC Merchandise","Sulit na sulit! RYZEN 5 3400G package, ready for pickup or shipping nationwide 🚚",,0,"03/05/2023 17:00",,https://www.facebook.com/pcmerchandise.co/posts/pfbid0AmuR6f0AUXa3JszeMLLoEVg1kI9nh7M4BXfq5rxIfL2B6pCDEpwM16nK,0,0,Photos,,,,,03/02/2023,,,0,0,0,0,0,0,,,,,
999137487136256,100064197037125,"PC Merchandise","Sulit na sulit! RYZEN 5 3400G package, ready for pickup or shipping nationwide 🚚",,0,"03/05/2023 17:00",,https://www.facebook.com/pcmerchandise.co/posts/pfbid0AmuR6f0AUXa3JszeMLLoEVg1kI9nh7M4BXfq5rxIfL2B6pCDEpwM16nK,0,0,Photos,,,,,03/03/2023,,,0,0,0,0,0,0,,,,,
999137487136256,100064197037125,"PC Merchandise","Sulit na sulit! RYZEN 5 3400G package, ready for pickup or shipping nationwide 🚚",,0,"03/05/2023 17:00",,https://www.facebook.com/pcmerchandise.co/posts/pfbid0AmuR6f0AUXa3JszeMLLoEVg1kI9nh7M4BXfq5rxIfL2B6pCDEpwM16nK,0,0,Photos,,,,,03/04/2023,,,0,0,0,0,0,0,,,,,
999137487136256,100064197037125,"PC Merchandise","Sulit na sulit! RYZEN 5 3400G package, ready for pickup or shipping nationwide 🚚",,0,"03/05/2023 17:00",,https://www.facebook.com/pcmerchandise.co/posts/pfbid0AmuR6f0AUXa3JszeMLLoEVg1kI9nh7M4BXfq5rxIfL2B6pCDEpwM16nK,0,0,Photos,,,,,03/05/2023,,,0,0,0,0,0,0,,,,,
999137487136256,100064197037125,"PC Merchandise","Sulit na sulit! RYZEN 5 3400G package, ready for pickup or shipping nationwide 🚚",,0,"03/05/2023 17:00",,https://www.facebook.com/pcmerchandise.co/posts/pfbid0AmuR6f0AUXa3JszeMLLoEVg1kI9nh7M4BXfq5rxIfL2B6pCDEpwM16nK,0,0,Photos,,,,,03/06/2023,,,0,0,0,0,0,0,,,,,
999137487136256,100064197037125,"PC Merchandise","Sulit na sulit! RYZEN 5 3400G package, ready for pickup or shipping nationwide 🚚",,0,"03/05/2023 17:00",,https://www.facebook.com/pcmerchandise.co/posts/pfbid0AmuR6f0AUXa3JszeMLLoEVg1kI9nh7M4BXfq5rxIfL2B6pCDEpwM16nK,0,0,Photos,,,,,03/07/2023,,,0,0,0,0,0,0,,,,,
999137487136256,100064197037125,"PC Merchandise","Sulit na sulit! RYZEN 5 3400G package, ready for pickup or shipping nationwide 🚚",,0,"03/05/2023 17:00",,https://www.facebook.com/pcmerchandise.co/posts/pfbid0AmuR6f0AUXa3JszeMLLoEVg1kI9nh7M4BXfq5rxIfL2B6pCDEpwM16nK,0,0,Photos,,,,,03/08/2023,,,0,0,0,0,0,0,,,,,
999137487136256,100064197037125,"PC Merchandise","Sulit na sulit! RYZEN 5 3400G package, ready for pickup or shipping nationwide 🚚",,0,"03/05/2023 17:00",,https://www.facebook.com/pcmerchandise.co/posts/pfbid0AmuR6f0AUXa3JszeMLLoEVg1kI9nh7M4BXfq5rxIfL2B6pCDEpwM16nK,0,0,Photos,,,,,03/09/2023,,,0,0,0,0,0,0,,,,,
999137487136256,100064197037125,"PC Merchandise","Sulit na sulit! RYZEN 5 3400G package, ready for pickup or shipping nationwide 🚚",,0,"03/05/2023 17:00",,https://www.facebook.com/pcmerchandise.co/posts/pfbid0AmuR6f0AUXa3JszeMLLoEVg1kI9nh7M4BXfq5rxIfL2B6pCDEpwM16nK,0,0,Photos,,,,,03/10/2023,,,0,0,0,0,0,0,,,,,
999137487136256,100064197037125,"PC Merchandise","Sulit na sulit! RYZEN 5 3400G package, ready for pickup or shipping nationwide 🚚",,0,"03/05/2023 17:00",,https://www.facebook.com/pcmerchandise.co/posts/pfbid0AmuR6f0AUXa3JszeMLLoEVg1kI9nh7M4BXfq5rxIfL2B6pCDEpwM16nK,0,0,Photos,,,,,03/11/2023,,,0,0,0,0,0,0,,,,,
999137487136256,100064197037125,"PC Merchandise","Sulit na sulit! RYZEN 5 3400G package, ready for pickup or shipping nationwide 🚚",,0,"03/05/2023 17:00",,https://www.facebook.com/pcmerchandise.co/posts/pfbid0AmuR6f0AUXa3JszeMLLoEVg1kI9nh7M4BXfq5rxIfL2B6pCDEpwM16nK,0,0,Photos,,,,,03/12/2023,,,0,0,0,0,0,0,,,,,
999137487136256,100064197037125,"PC Merchandise","Sulit na sulit! RYZEN 5 3400G package, ready for pickup or shipping nationwide 🚚",,0,"03/05/2023 17:00",,https://www.facebook.com/pcmerchandise.co/posts/pfbid0AmuR6f0AUXa3JszeMLLoEVg1kI9nh7M4BXfq5rxIfL2B6pCDEpwM16nK,0,0,Photos,,,,,03/13/2023,,,0,0,0,0,0,0,,,,,
999137487136256,100064197037125,"PC Merchandise","Sulit na sulit! RYZEN 5 3400G package, ready for pickup or shipping nationwide 🚚",,0,"03/05/2023 17:00",,https://www.facebook.com/pcmerchandise.co/posts/pfbid0AmuR6f0AUXa3JszeMLLoEVg1kI9nh7M4BXfq5rxIfL2B6pCDEpwM16nK,0,0,Photos,,,,,03/14/2023,,,0,0,0,0,0,0,,,,,
999137487136256,100064197037125,"PC Merchandise","Sulit na sulit! RYZEN 5 3400G package, ready for pickup or shipping nationwide 🚚",,0,"03/05/2023 17:00",,https://www.facebook.com/pcmerchandise.co/posts/pfbid0AmuR6f0AUXa3JszeMLLoEVg1kI9nh7M4BXfq5rxIfL2B6pCDEpwM16nK,0,0,Photos,,,,,03/15/2023,,,0,0,0,0,0,0,,,,,
999137487136256,100064197037125,"PC Merchandise","Sulit na sulit! RYZEN 5 3400G package, ready for pickup or shipping nationwide 🚚",,0,"03/05/2023 17:00",,https://www.facebook.com/pcmerchandise.co/posts/pfbid0AmuR6f0AUXa3JszeMLLoEVg1kI9nh7M4BXfq5rxIfL2B6pCDEpwM16nK,0,0,Photos,,,,,03/16/2023,,,0,0,0,0,0,0,,,,,
999137487136256,100064197037125,"PC Merchandise","Sulit na sulit! RYZEN 5 3400G package, ready for pickup or shipping nationwide 🚚",,0,"03/05/2023 17:00",,https://www.facebook.com/pcmerchandise.co/posts/pfbid0AmuR6f0AUXa3JszeMLLoEVg1kI9nh7M4BXfq5rxIfL2B6pCDEpwM16nK,0,0,Photos,,,,,03/17/2023,,,0,0,0,0,0,0,,,,,
999137487136256,100064197037125,"PC Merchandise","Sulit na sulit! RYZEN 5 3400G package, ready for pickup or shipping nationwide 🚚",,0,"03/05/2023 17:00",,https://www.facebook.com/pcmerchandise.co/posts/pfbid0AmuR6f0AUXa3JszeMLLoEVg1kI9nh7M4BXfq5rxIfL2B6pCDEpwM16nK,0,0,Photos,,,,,03/18/2023,,,0,0,0,0,0,0,,,,,
999137487136256,100064197037125,"PC Merchandise","Sulit na sulit! RYZEN 5 3400G package, ready for pickup or shipping nationwide 🚚",,0,"03/05/2023 17:00",,https://www.facebook.com/pcmerchandise.co/posts/pfbid0AmuR6f0AUXa3JszeMLLoEVg1kI9nh7M4BXfq5rxIfL2B6pCDEpwM16nK,0,0,Photos,,,,,03/19/2023,,,0,0,0,0,0,0,,,,,
999137487136256,100064197037125,"PC Merchandise","Sulit na sulit! RYZEN 5 3400G package, ready for pickup or shipping nationwide 🚚",,0,"03/05/2023 17:00",,https://www.facebook.com/pcmerchandise.co/posts/pfbid0AmuR6f0AUXa3JszeMLLoEVg1kI9nh7M4BXfq5rxIfL2B6pCDEpwM16nK,0,0,Photos,,,,,03/20/2023,,,0,0,0,0,0,0,,,,,
999137487136256,100064197037125,"PC Merchandise","Sulit na sulit! RYZEN 5 3400G package, ready for pickup or shipping nationwide 🚚",,0,"03/05/2023 17:00",,https://www.facebook.com/pcmerchandise.co/posts/pfbid0AmuR6f0AUXa3JszeMLLoEVg1kI9nh7M4BXfq5rxIfL2B6pCDEpwM16nK,0,0,Photos,,,,,03/21/2023,,,0,0,0,0,0,0,,,,,
999137487136256,100064197037125,"PC Merchandise","Sulit na sulit! RYZEN 5 3400G package, ready for pickup or shipping nationwide 🚚",,0,"03/05/2023 17:00",,https://www.facebook.com/pcmerchandise.co/posts/pfbid0AmuR6f0AUXa3JszeMLLoEVg1kI9nh7M4BXfq5rxIfL2B6pCDEpwM16nK,0,0,Photos,,,,,03/22/2023,,,0,0,0,0,0,0,,,,,
999137487136256,100064197037125,"PC Merchandise","Sulit na sulit! RYZEN 5 3400G package, ready for pickup or shipping nationwide 🚚",,0,"03/05/2023 17:00",,https://www.facebook.com/pcmerchandise.co/posts/pfbid0AmuR6f0AUXa3JszeMLLoEVg1kI9nh7M4BXfq5rxIfL2B6pCDEpwM16nK,0,0,Photos,,,,,03/23/2023,,,0,0,0,0,0,0,,,,,
999137487136256,100064197037125,"PC Merchandise","Sulit na sulit! RYZEN 5 3400G package, ready for pickup or shipping nationwide 🚚",,0,"03/05/2023 17:00",,https://www.facebook.com/pcmerchandise.co/posts/pfbid0AmuR6f0AUXa3JszeMLLoEVg1kI9nh7M4BXfq5rxIfL2B6pCDEpwM16nK,0,0,Photos,,,,,03/24/2023,,,0,0,0,0,0,0,,,,,
999137487136256,100064197037125,"PC Merchandise","Sulit na sulit! RYZEN 5 3400G package, ready for pickup or shipping nationwide 🚚",,0,"03/05/2023 17:00",,https://www.facebook.com/pcmerchandise.co/posts/pfbid0AmuR6f0AUXa3JszeMLLoEVg1kI9nh7M4BXfq5rxIfL2B6pCDEpwM16nK,0,0,Photos,,,,,03/25/2023,,,0,0,0,0,0,0,,,,,
999137487136256,100064197037125,"PC Merchandise","Sulit na sulit! RYZEN 5 3400G package, ready for pickup or shipping nationwide 🚚",,0,"03/05/2023 17:00",,https://www.facebook.com/pcmerchandise.co/posts/pfbid0AmuR6f0AUXa3JszeMLLoEVg1kI9nh7M4BXfq5rxIfL2B6pCDEpwM16nK,0,0,Photos,,,,,03/26/2023,,,0,0,0,0,0,0,,,,,
999137487136256,100064197037125,"PC Merchandise","Sulit na sulit! RYZEN 5 3400G package, ready for pickup or shipping nationwide 🚚",,0,"03/05/2023 17:00",,https://www.facebook.com/pcmerchandise.co/posts/pfbid0AmuR6f0AUXa3JszeMLLoEVg1kI9nh7M4BXfq5rxIfL2B6pCDEpwM16nK,0,0,Photos,,,,,03/27/2023,,,0,0,0,0,0,0,,,,,
999137487136256,100064197037125,"PC Merchandise","Sulit na sulit! RYZEN 5 3400G package, ready for pickup or shipping nationwide 🚚",,0,"03/05/2023 17:00",,https://www.facebook.com/pcmerchandise.co/posts/pfbid0AmuR6f0AUXa3JszeMLLoEVg1kI9nh7M4BXfq5rxIfL2B6pCDEpwM16nK,0,0,Photos,,,,,03/28/2023,,,0,0,0,0,0,0,,,,,
999137487136256,100064197037125,"PC Merchandise","Sulit na sulit! RYZEN 5 3400G package, ready for pickup or shipping nationwide 🚚",,0,"03/05/2023 17:00",,https://www.facebook.com/pcmerchandise.co/posts/pfbid0AmuR6f0AUXa3JszeMLLoEVg1kI9nh7M4BXfq5rxIfL2B6pCDEpwM16nK,0,0,Photos,,,,,03/29/2023,,,0,0,0,0,0,0,,,,,
999137487136256,100064197037125,"PC Merchandise","Sulit na sulit! RYZEN 5 3400G package, ready for pickup or shipping nationwide 🚚",,0,"03/05/2023 17:00",,https://www.facebook.com/pcmerchandise.co/posts/pfbid0AmuR6f0AUXa3JszeMLLoEVg1kI9nh7M4BXfq5rxIfL2B6pCDEpwM16nK,0,0,Photos,,,,,03/30/2023,,,0,0,0,0,0,0,,,,,
999137487136256,100064197037125,"PC Merchandise","Sulit na sulit! RYZEN 5 3400G package, ready for pickup or shipping nationwide 🚚",,0,"03/05/2023 17:00",,https://www.facebook.com/pcmerchandise.co/posts/pfbid0AmuR6f0AUXa3JszeMLLoEVg1kI9nh7M4BXfq5rxIfL2B6pCDEpwM16nK,0,0,Photos,,,,,03/31/2023,,,0,0,0,0,0,0,,,,,
999858967055216,100064197037125,"PC Merchandise","UNBOXING: GTX 1050TI fresh stock just arrived! 📦",,0,"03/04/2023 22:19",,https://www.facebook.com/pcmerchandise.co/posts/pfbid0IdAJgiStLx7le1x2GB1ikvsRumah7KUbWyZPLhjTsXForKLYEPixofDb,0,0,Photos,,,,,03/31/2023,0,,,,,,,,,,,,
999858967055216,100064197037125,"PC Merchandise","UNBOXING: GTX 1050TI fresh stock just arrived! 📦",,0,"03/04/2023 22:19",,https://www.facebook.com/pcmerchandise.co/posts/pfbid0IdAJgiStLx7le1x2GB1ikvsRumah7KUbWyZPLhjTsXForKLYEPixofDb,0,0,Photos,,,,,03/01/2023,,,0,0,0,0,0,0,,,,,
999858967055216,100064197037125,"PC Merchandise","UNBOXING: GTX 1050TI fresh stock just arrived! 📦",,0,"03/04/2023 22:19",,https://www.facebook.com/pcmerchandise.co/posts/pfbid0IdAJgiStLx7le1x2GB1ikvsRumah7KUbWyZPLhjTsXForKLYEPixofDb,0,0,Photos,,,,,03/02/2023,,,0,0,0,0,0,0,,,,,
999858967055216,100064197037125,"PC Merchandise","UNBOXING: GTX 1050TI fresh stock just arrived! 📦",,0,"03/04/2023 22:19",,https://www.facebook.com/pcmerchandise.co/posts/pfbid0IdAJgiStLx7le1x2GB1ikvsRumah7KUbWyZPLhjTsXForKLYEPixofDb,0,0,Photos,,,,,03/03/2023,,,0,0,0,0,0,0,,,,,
999858967055216,100064197037125,"PC Merchandise","UNBOXING: GTX 1050TI fresh stock just arrived! 📦",,0,"03/04/2023 22:19",,https://www.facebook.com/pcmerchandise.co/posts/pfbid0IdAJgiStLx7le1x2GB1ikvsRumah7KUbWyZPLhjTsXForKLYEPixofDb,0,0,Photos,,,,,03/04/2023,,,0,0,0,0,0,0,,,,,
999858967055216,100064197037125,"PC Merchandise","UNBOXING: GTX 1050TI fresh stock just arrived! 📦",,0,"03/04/2023 22:19",,https://www.facebook.com/pcmerchandise.co/posts/pfbid0IdAJgiStLx7le1x2GB1ikvsRumah7KUbWyZPLhjTsXForKLYEPixofDb,0,0,Photos,,,,,03/05/2023,,,0,0,0,0,0,0,,,,,
999858967055216,100064197037125,"PC Merchandise","UNBOXING: GTX 1050TI fresh stock just arrived! 📦",,0,"03/04/2023 22:19",,https://www.facebook.com/pcmerchandise.co/posts/pfbid0IdAJgiStLx7le1x2GB1ikvsRumah7KUbWyZPLhjTsXForKLYEPixofDb,0,0,Photos,,,,,03/06/2023,,,0,0,0,0,0,0,,,,,
999858967055216,100064197037125,"PC Merchandise","UNBOXING: GTX 1050TI fresh stock just arrived! 📦",,0,"03/04/2023 22:19",,https://www.facebook.com/pcmerchandise.co/posts/pfbid0IdAJgiStLx7le1x2GB1ikvsRumah7KUbWyZPLhjTsXForKLYEPixofDb,0,0,Photos,,,,,03/07/2023,,,0,0,0,0,0,0,,,,,
999858967055216,100064197037125,"PC Merchandise","UNBOXING: GTX 1050TI fresh stock just arrived! 📦",,0,"03/04/2023 22:19",,https://www.facebook.com/pcmerchandise.co/posts/pfbid0IdAJgiStLx7le1x2GB1ikvsRumah7KUbWyZPLhjTsXForKLYEPixofDb,0,0,Photos,,,,,03/08/2023,,,0,0,0,0,0,0,,,,,
999858967055216,100064197037125,"PC Merchandise","UNBOXING: GTX 1050TI fresh stock just arrived! 📦",,0,"03/04/2023 22:19",,https://www.facebook.com/pcmerchandise.co/posts/pfbid0IdAJgiStLx7le1x2GB1ikvsRumah7KUbWyZPLhjTsXForKLYEPixofDb,0,0,Photos,,,,,03/09/2023,,,0,0,0,0,0,0,,,,,
999858967055216,100064197037125,"PC Merchandise","UNBOXING: GTX 1050TI fresh stock just arrived! 📦",,0,"03/04/2023 22:19",,https://www.facebook.com/pcmerchandise.co/posts/pfbid0IdAJgiStLx7le1x2GB1ikvsRumah7KUbWyZPLhjTsXForKLYEPixofDb,0,0,Photos,,,,,03/10/2023,,,0,0,0,0,0,0,,,,,
999858967055216,100064197037125,"PC Merchandise","UNBOXING: GTX 1050TI fresh stock just arrived! 📦",,0,"03/04/2023 22:19",,https://www.facebook.com/pcmerchandise.co/posts/pfbid0IdAJgiStLx7le1x2GB1ikvsRumah7KUbWyZPLhjTsXForKLYEPixofDb,0,0,Photos,,,,,03/11/2023,,,0,0,0,0,0,0,,,,,
999858967055216,100064197037125,"PC Merchandise","UNBOXING: GTX 1050TI fresh stock just arrived! 📦",,0,"03/04/2023 22:19",,https://www.facebook.com/pcmerchandise.co/posts/pfbid0IdAJgiStLx7le1x2GB1ikvsRumah7KUbWyZPLhjTsXForKLYEPixofDb,0,0,Photos,,,,,03/12/2023,,,0,0,0,0,0,0,,,,,
999858967055216,100064197037125,"PC Merchandise","UNBOXING: GTX 1050TI fresh stock just arrived! 📦",,0,"03/04/2023 22:19",,https://www.facebook.com/pcmerchandise.co/posts/pfbid0IdAJgiStLx7le1x2GB1ikvsRumah7KUbWyZPLhjTsXForKLYEPixofDb,0,0,Photos,,,,,03/13/2023,,,0,0,0,0,0,0,,,,,
999858967055216,100064197037125,"PC Merchandise","UNBOXING: GTX 1050TI fresh stock just arrived! 📦",,0,"03/04/2023 22:19",,https://www.facebook.com/pcmerchandise.co/posts/pfbid0IdAJgiStLx7le1x2GB1ikvsRumah7KUbWyZPLhjTsXForKLYEPixofDb,0,0,Photos,,,,,03/14/2023,,,0,0,0,0,0,0,,,,,
999858967055216,100064197037125,"PC Merchandise","UNBOXING: GTX 1050TI fresh stock just arrived! 📦",,0,"03/04/2023 22:19",,https://www.facebook.com/pcmerchandise.co/posts/pfbid0IdAJgiStLx7le1x2GB1ikvsRumah7KUbWyZPLhjTsXForKLYEPixofDb,0,0,Photos,,,,,03/15/2023,,,0,0,0,0,0,0,,,,,
999858967055216,100064197037125,"PC Merchandise","UNBOXING: GTX 1050TI fresh stock just arrived! 📦",,0,"03/04/2023 22:19",,https://www.facebook.com/pcmerchandise.co/posts/pfbid0IdAJgiStLx7le1x2GB1ikvsRumah7KUbWyZPLhjTsXForKLYEPixofDb,0,0,Photos,,,,,03/16/2023,,,0,0,0,0,0,0,,,,,
999858967055216,100064197037125,"PC Merchandise","UNBOXING: GTX 1050TI fresh stock just arrived! 📦",,0,"03/04/2023 22:19",,https://www.facebook.com/pcmerchandise.co/posts/pfbid0IdAJgiStLx7le1x2GB1ikvsRumah7KUbWyZPLhjTsXForKLYEPixofDb,0,0,Photos,,,,,03/17/2023,,,0,0,0,0,0,0,,,,,
999858967055216,100064197037125,"PC Merchandise","UNBOXING: GTX 1050TI fresh stock just arrived! 📦",,0,"03/04/2023 22:19",,https://www.facebook.com/pcmerchandise.co/posts/pfbid0IdAJgiStLx7le1x2GB1ikvsRumah7KUbWyZPLhjTsXForKLYEPixofDb,0,0,Photos,,,,,03/18/2023,,,0,0,0,0,0,0,,,,,
999858967055216,100064197037125,"PC Merchandise","UNBOXING: GTX 1050TI fresh stock just arrived! 📦",,0,"03/04/2023 22:19",,https://www.facebook.com/pcmerchandise.co/posts/pfbid0IdAJgiStLx7le1x2GB1ikvsRumah7KUbWyZPLhjTsXForKLYEPixofDb,0,0,Photos,,,,,03/19/2023,,,0,0,0,0,0,0,,,,,
999858967055216,100064197037125,"PC Merchandise","UNBOXING: GTX 1050TI fresh stock just arrived! 📦",,0,"03/04/2023 22:19",,https://www.facebook.com/pcmerchandise.co/posts/pfbid0IdAJgiStLx7le1x2GB1ikvsRumah7KUbWyZPLhjTsXForKLYEPixofDb,0,0,Photos,,,,,03/20/2023,,,0,0,0,0,0,0,,,,,
999858967055216,100064197037125,"PC Merchandise","UNBOXING: GTX 1050TI fresh stock just arrived! 📦",,0,"03/04/2023 22:19",,https://www.facebook.com/pcmerchandise.co/posts/pfbid0IdAJgiStLx7le1x2GB1ikvsRumah7KUbWyZPLhjTsXForKLYEPixofDb,0,0,Photos,,,,,03/21/2023,,,0,0,0,0,0,0,,,,,
999858967055216,100064197037125,"PC Merchandise","UNBOXING: GTX 1050TI fresh stock just arrived! 📦",,0,"03/04/2023 22:19",,https://www.facebook.com/pcmerchandise.co/posts/pfbid0IdAJgiStLx7le1x2GB1ikvsRumah7KUbWyZPLhjTsXForKLYEPixofDb,0,0,Photos,,,,,03/22/2023,,,0,0,0,0,0,0,,,,,
999858967055216,100064197037125,"PC Merchandise","UNBOXING: GTX 1050TI fresh stock just arrived! 📦",,0,"03/04/2023 22:19",,https://www.facebook.com/pcmerchandise.co/posts/pfbid0IdAJgiStLx7le1x2GB1ikvsRumah7KUbWyZPLhjTsXForKLYEPixofDb,0,0,Photos,,,,,03/23/2023,,,0,0,0,0,0,0,,,,,
999858967055216,100064197037125,"PC Merchandise","UNBOXING: GTX 1050TI fresh stock just arrived! 📦",,0,"03/04/2023 22:19",,https://www.facebook.com/pcmerchandise.co/posts/pfbid0IdAJgiStLx7le1x2GB1ikvsRumah7KUbWyZPLhjTsXForKLYEPixofDb,0,0,Photos,,,,,03/24/2023,,,0,0,0,0,0,0,,,,,
999858967055216,100064197037125,"PC Merchandise","UNBOXING: GTX 1050TI fresh stock just arrived! 📦",,0,"03/04/2023 22:19",,https://www.facebook.com/pcmerchandise.co/posts/pfbid0IdAJgiStLx7le1x2GB1ikvsRumah7KUbWyZPLhjTsXForKLYEPixofDb,0,0,Photos,,,,,03/25/2023,,,0,0,0,0,0,0,,,,,
999858967055216,100064197037125,"PC Merchandise","UNBOXING: GTX 1050TI fresh stock just arrived! 📦",,0,"03/04/2023 22:19",,https://www.facebook.com/pcmerchandise.co/posts/pfbid0IdAJgiStLx7le1x2GB1ikvsRumah7KUbWyZPLhjTsXForKLYEPixofDb,0,0,Photos,,,,,03/26/2023,,,0,0,0,0,0,0,,,,,
999858967055216,100064197037125,"PC Merchandise","UNBOXING: GTX 1050TI fresh stock just arrived! 📦",,0,"03/04/2023 22:19",,https://www.facebook.com/pcmerchandise.co/posts/pfbid0IdAJgiStLx7le1x2GB1ikvsRumah7KUbWyZPLhjTsXForKLYEPixofDb,0,0,Photos,,,,,03/27/2023,,,0,0,0,0,0,0,,,,,
999858967055216,100064197037125,"PC Merchandise","UNBOXING: GTX 1050TI fresh stock just arrived! 📦",,0,"03/04/2023 22:19",,https://www.facebook.com/pcmerchandise.co/posts/pfbid0IdAJgiStLx7le1x2GB1ikvsRumah7KUbWyZPLhjTsXForKLYEPixofDb,0,0,Photos,,,,,03/28/2023,,,0,0,0,0,0,0,,,,,
999858967055216,100064197037125,"PC Merchandise","UNBOXING: GTX 1050TI fresh stock just arrived! 📦",,0,"03/04/2023 22:19",,https://www.facebook.com/pcmerchandise.co/posts/pfbid0IdAJgiStLx7le1x2GB1ikvsRumah7KUbWyZPLhjTsXForKLYEPixofDb,0,0,Photos,,,,,03/29/2023,,,0,0,0,0,0,0,,,,,
999858967055216,100064197037125,"PC Merchandise","UNBOXING: GTX 1050TI fresh stock just arrived! 📦",,0,"03/04/2023 22:19",,https://www.facebook.com/pcmerchandise.co/posts/pfbid0IdAJgiStLx7le1x2GB1ikvsRumah7KUbWyZPLhjTsXForKLYEPixofDb,0,0,Photos,,,,,03/30/2023,,,0,0,0,0,0,0,,,,,
999858967055216,100064197037125,"PC Merchandise","UNBOXING: GTX 1050TI fresh stock just arrived! 📦",,0,"03/04/2023 22:19",,https://www.facebook.com/pcmerchandise.co/posts/pfbid0IdAJgiStLx7le1x2GB1ikvsRumah7KUbWyZPLhjTsXForKLYEPixofDb,0,0,Photos,,,,,03/31/2023,,,0,0,0,0,0,0,,,,,
999707737054241,100064197037125,"PC Merchandise","客户 satisfied ✅ i3 10100F build with RGB everything 🌈",,77,"03/04/2023 20:15",uploaded,https://www.facebook.com/reel/1345309759729077/,0,0,Reels,,,,,03/01/2023,0,,,,,,0,0,0,0,0,0.000,6.474
999707737054241,100064197037125,"PC Merchandise","客户 satisfied ✅ i3 10100F build with RGB everything 🌈",,77,"03/04/2023 20:15",uploaded,https://www.facebook.com/reel/1345309759729077/,0,0,Reels,,,,,03/02/2023,0,,,,,,0,0,0,0,0,0.000,5.271
999707737054241,100064197037125,"PC Merchandise","客户 satisfied ✅ i3 10100F build with RGB everything 🌈",,77,"03/04/2023 20:15",uploaded,https://www.facebook.com/reel/1345309759729077/,0,0,Reels,,,,,03/03/2023,0,,,,,,0,0,0,0,0,0.000,4.910
999707737054241,100064197037125,"PC Merchandise","客户 satisfied ✅ i3 10100F build with RGB everything 🌈",,77,"03/04/2023 20:15",uploaded,https://www.facebook.com/reel/1345309759729077/,0,0,Reels,,,,,03/04/2023,0,,,,,,0,0,0,0,0,67.899,7.137
999707737054241,100064197037125,"PC Merchandise","客户 satisfied ✅ i3 10100F build with RGB everything 🌈",,77,"03/04/2023 20:15",uploaded,https://www.facebook.com/reel/1345309759729077/,0,0,Reels,,,,,03/05/2023,0,,,,,,0,0,2,2,0,53.524,5.422
999707737054241,100064197037125,"PC Merchandise","客户 satisfied ✅ i3 10100F build with RGB everything 🌈",,77,"03/04/2023 20:15",uploaded,https://www.facebook.com/reel/1345309759729077/,0,0,Reels,,,,,03/06/2023,0,,,,,,0,0,1,1,0,56.076,6.037
999707737054241,100064197037125,"PC Merchandise","客户 satisfied ✅ i3 10100F build with RGB everything 🌈",,77,"03/04/2023 20:15",uploaded,https://www.facebook.com/reel/1345309759729077/,0,0,Reels,,,,,03/07/2023,0,,,,,,0,0,0,0,0,45.445,7.653
999707737054241,100064197037125,"PC Merchandise","客户 satisfied ✅ i3 10100F build with RGB everything 🌈",,77,"03/04/2023 20:15",uploaded,https://www.facebook.com/reel/1345309759729077/,0,0,Reels,,,,,03/08/2023,0,,,,,,0,0,2,2,0,29.949,5.755
999707737054241,100064197037125,"PC Merchandise","客户 satisfied ✅ i3 10100F build with RGB everything 🌈",,77,"03/04/2023 20:15",uploaded,https://www.facebook.com/reel/1345309759729077/,0,0,Reels,,,,,03/09/2023,0,,,,,,0,0,0,0,0,13.793,5.210
999707737054241,100064197037125,"PC Merchandise","客户 satisfied ✅ i3 10100F build with RGB everything 🌈",,77,"03/04/2023 20:15",uploaded,https://www.facebook.com/reel/1345309759729077/,0,0,Reels,,,,,03/10/2023,0,,,,,,0,0,0,0,0,16.480,5.517
999707737054241,100064197037125,"PC Merchandise","客户 satisfied ✅ i3 10100F build with RGB everything 🌈",,77,"03/04/2023 20:15",uploaded,https://www.facebook.com/reel/1345309759729077/,0,0,Reels,,,,,03/11/2023,0,,,,,,0,0,1,0,1,8.661,7.374
999707737054241,100064197037125,"PC Merchandise","客户 satisfied ✅ i3 10100F build with RGB everything 🌈",,77,"03/04/2023 20:15",uploaded,https://www.facebook.com/reel/1345309759729077/,0,0,Reels,,,,,03/12/2023,0,,,,,,0,0,0,0,0,8.707,5.324
999707737054241,100064197037125,"PC Merchandise","客户 satisfied ✅ i3 10100F build with RGB everything 🌈",,77,"03/04/2023 20:15",uploaded,https://www.facebook.com/reel/1345309759729077/,0,0,Reels,,,,,03/13/2023,0,,,,,,0,0,0,0,0,3.283,6.173
999707737054241,100064197037125,"PC Merchandise","客户 satisfied ✅ i3 10100F build with RGB everything 🌈",,77,"03/04/2023 20:15",uploaded,https://www.facebook.com/reel/1345309759729077/,0,0,Reels,,,,,03/14/2023,0,,,,,,0,0,0,0,0,7.217,6.223
999707737054241,100064197037125,"PC Merchandise","客户 satisfied ✅ i3 10100F build with RGB everything 🌈",,77,"03/04/2023 20:15",uploaded,https://www.facebook.com/reel/1345309759729077/,0,0,Reels,,,,,03/15/2023,0,,,,,,0,0,0,0,0,11.697,5.143
999707737054241,100064197037125,"PC Merchandise","客户 satisfied ✅ i3 10100F build with RGB everything 🌈",,77,"03/04/2023 20:15",uploaded,https://www.facebook.com/reel/1345309759729077/,0,0,Reels,,,,,03/16/2023,0,,,,,,0,0,0,0,0,7.211,5.144
999707737054241,100064197037125,"PC Merchandise","客户 satisfied ✅ i3 10100F build with RGB everything 🌈",,77,"03/04/2023 20:15",uploaded,https://www.facebook.com/reel/1345309759729077/,0,0,Reels,,,,,03/17/2023,0,,,,,,0,0,0,0,0,5.424,7.202
999707737054241,100064197037125,"PC Merchandise","客户 satisfied ✅ i3 10100F build with RGB everything 🌈",,77,"03/04/2023 20:15",uploaded,https://www.facebook.com/reel/1345309759729077/,0,0,Reels,,,,,03/18/2023,0,,,,,,0,0,0,0,0,7.152,5.128
999707737054241,100064197037125,"PC Merchandise","客户 satisfied ✅ i3 10100F build with RGB everything 🌈",,77,"03/04/2023 20:15",uploaded,https://www.facebook.com/reel/1345309759729077/,0,0,Reels,,,,,03/19/2023,0,,,,,,0,0,0,0,0,3.693,6.433
999707737054241,100064197037125,"PC Merchandise","客户 satisfied ✅ i3 10100F build with RGB everything 🌈",,77,"03/04/2023 20:15",uploaded,https://www.facebook.com/reel/1345309759729077/,0,0,Reels,,,,,03/20/2023,0,,,,,,0,0,0,0,0,4.974,7.481
999707737054241,100064197037125,"PC Merchandise","客户 satisfied ✅ i3 10100F build with RGB everything 🌈",,77,"03/04/2023 20:15",uploaded,https://www.facebook.com/reel/1345309759729077/,0,0,Reels,,,,,03/21/2023,0,,,,,,0,0,0,0,0,4.928,6.426
999707737054241,100064197037125,"PC Merchandise","客户 satisfied ✅ i3 10100F build with RGB everything 🌈",,77,"03/04/2023 20:15",uploaded,https://www.facebook.com/reel/1345309759729077/,0,0,Reels,,,,,03/22/2023,0,,,,,,0,0,0,0,0,2.209,5.088
999707737054241,100064197037125,"PC Merchandise","客户 satisfied ✅ i3 10100F build with RGB everything 🌈",,77,"03/04/2023 20:15",uploaded,https://www.facebook.com/reel/1345309759729077/,0,0,Reels,,,,,03/23/2023,0,,,,,,0,0,0,0,0,2.581,6.374
999707737054241,100064197037125,"PC Merchandise","客户 satisfied ✅ i3 10100F build with RGB everything 🌈",,77,"03/04/2023 20:15",uploaded,https://www.facebook.com/reel/1345309759729077/,0,0,Reels,,,,,03/24/2023,0,,,,,,0,0,0,0,0,1.469,5.087
999707737054241,100064197037125,"PC Merchandise","客户 satisfied ✅ i3 10100F build with RGB everything 🌈",,77,"03/04/2023 20:15",uploaded,https://www.facebook.com/reel/1345309759729077/,0,0,Reels,,,,,03/25/2023,0,,,,,,0,0,0,0,0,5.996,6.582
999707737054241,100064197037125,"PC Merchandise","客户 satisfied ✅ i3 10100F build with RGB everything 🌈",,77,"03/04/2023 20:15",uploaded,https://www.facebook.com/reel/1345309759729077/,0,0,Reels,,,,,03/26/2023,0,,,,,,0,0,0,0,0,1.995,6.345
999707737054241,100064197037125,"PC Merchandise","客户 satisfied ✅ i3 10100F build with RGB everything 🌈",,77,"03/04/2023 20:15",uploaded,https://www.facebook.com/reel/1345309759729077/,0,0,Reels,,,,,03/27/2023,0,,,,,,0,0,0,0,0,3.572,4.994
999707737054241,100064197037125,"PC Merchandise","客户 satisfied ✅ i3 10100F build with RGB everything 🌈",,77,"03/04/2023 20:15",uploaded,https://www.facebook.com/reel/1345309759729077/,0,0,Reels,,,,,03/28/2023,0,,,,,,0,0,0,0,0,2.771,5.243
999707737054241,100064197037125,"PC Merchandise","客户 satisfied ✅ i3 10100F build with RGB everything 🌈",,77,"03/04/2023 20:15",uploaded,https://www.facebook.com/reel/1345309759729077/,0,0,Reels,,,,,03/29/2023,0,,,,,,0,0,0,0,0,3.230,7.487
999707737054241,100064197037125,"PC Merchandise","客户 satisfied ✅ i3 10100F build with RGB everything 🌈",,77,"03/04/2023 20:15",uploaded,https://www.facebook.com/reel/1345309759729077/,0,0,Reels,,,,,03/30/2023,0,,,,,,0,0,0,0,0,3.796,6.394
999707737054241,100064197037125,"PC Merchandise","客户 satisfied ✅ i3 10100F build with RGB everything 🌈",,77,"03/04/2023 20:15",uploaded,https://www.facebook.com/reel/1345309759729077/,0,0,Reels,,,,,03/31/2023,0,,,,,,0,0,0,0,0,3.064,6.635
999105790919575,100064197037125,"PC Merchandise","BUDGET BUILD ALERT 🚨 i3 10100F + GTX 1660S — perfect for online class and gaming!",,0,"03/03/2023 19:30",,https://www.facebook.com/pcmerchandise.co/posts/pfbid0JHRI6FBbGHiMjpS5qH9DQ1ZI1lerejrC6PqqJA8F6P3zUdt4L1MKRSos,1,0,Photos,,,,,03/31/2023,3,,,,,,,,,,,,
999105790919575,100064197037125,"PC Merchandise","BUDGET BUILD ALERT 🚨 i3 10100F + GTX 1660S — perfect for online class and gaming!",,0,"03/03/2023 19:30",,https://www.facebook.com/pcmerchandise.co/posts/pfbid0JHRI6FBbGHiMjpS5qH9DQ1ZI1lerejrC6PqqJA8F6P3zUdt4L1MKRSos,1,0,Photos,,,,,03/01/2023,,,0,0,0,0,0,0,,,,,
999105790919575,100064197037125,"PC Merchandise","BUDGET BUILD ALERT 🚨 i3 10100F + GTX 1660S — perfect for online class and gaming!",,0,"03/03/2023 19:30",,https://www.facebook.com/pcmerchandise.co/posts/pfbid0JHRI6FBbGHiMjpS5qH9DQ1ZI1lerejrC6PqqJA8F6P3zUdt4L1MKRSos,1,0,Photos,,,,,03/02/2023,,,0,0,0,0,0,0,,,,,
999105790919575,100064197037125,"PC Merchandise","BUDGET BUILD ALERT 🚨 i3 10100F + GTX 1660S — perfect for online class and gaming!",,0,"03/03/2023 19:30",,https://www.facebook.com/pcmerchandise.co/posts/pfbid0JHRI6FBbGHiMjpS5qH9DQ1ZI1lerejrC6PqqJA8F6P3zUdt4L1MKRSos,1,0,Photos,,,,,03/03/2023,,,0,0,0,0,0,0,,,,,
999105790919575,100064197037125,"PC Merchandise","BUDGET BUILD ALERT 🚨 i3 10100F + GTX 1660S — perfect for online class and gaming!",,0,"03/03/2023 19:30",,https://www.facebook.com/pcmerchandise.co/posts/pfbid0JHRI6FBbGHiMjpS5qH9DQ1ZI1lerejrC6PqqJA8F6P3zUdt4L1MKRSos,1,0,Photos,,,,,03/04/2023,,,0,0,0,0,0,0,,,,,
999105790919575,100064197037125,"PC Merchandise","BUDGET BUILD ALERT 🚨 i3 10100F + GTX 1660S — perfect for online class and gaming!",,0,"03/03/2023 19:30",,https://www.facebook.com/pcmerchandise.co/posts/pfbid0JHRI6FBbGHiMjpS5qH9DQ1ZI1lerejrC6PqqJA8F6P3zUdt4L1MKRSos,1,0,Photos,,,,,03/05/2023,,,0,0,0,0,0,0,,,,,
999105790919575,100064197037125,"PC Merchandise","BUDGET BUILD ALERT 🚨 i3 10100F + GTX 1660S — perfect for online class and gaming!",,0,"03/03/2023 19:30",,https://www.facebook.com/pcmerchandise.co/posts/pfbid0JHRI6FBbGHiMjpS5qH9DQ1ZI1lerejrC6PqqJA8F6P3zUdt4L1MKRSos,1,0,Photos,,,,,03/06/2023,,,0,0,0,0,0,0,,,,,
999105790919575,100064197037125,"PC Merchandise","BUDGET BUILD ALERT 🚨 i3 10100F + GTX 1660S — perfect for online class and gaming!",,0,"03/03/2023 19:30",,https://www.facebook.com/pcmerchandise.co/posts/pfbid0JHRI6FBbGHiMjpS5qH9DQ1ZI1lerejrC6PqqJA8F6P3zUdt4L1MKRSos,1,0,Photos,,,,,03/07/2023,,,0,0,0,0,0,0,,,,,
999105790919575,100064197037125,"PC Merchandise","BUDGET BUILD ALERT 🚨 i3 10100F + GTX 1660S — perfect for online class and gaming!",,0,"03/03/2023 19:30",,https://www.facebook.com/pcmerchandise.co/posts/pfbid0JHRI6FBbGHiMjpS5qH9DQ1ZI1lerejrC6PqqJA8F6P3zUdt4L1MKRSos,1,0,Photos,,,,,03/08/2023,,,0,0,0,0,0,0,,,,,
999105790919575,100064197037125,"PC Merchandise","BUDGET BUILD ALERT 🚨 i3 10100F + GTX 1660S — perfect for online class and gaming!",,0,"03/03/2023 19:30",,https://www.facebook.com/pcmerchandise.co/posts/pfbid0JHRI6FBbGHiMjpS5qH9DQ1ZI1lerejrC6PqqJA8F6P3zUdt4L1MKRSos,1,0,Photos,,,,,03/09/2023,,,0,0,0,0,0,0,,,,,
999105790919575,100064197037125,"PC Merchandise","BUDGET BUILD ALERT 🚨 i3 10100F + GTX 1660S — perfect for online class and gaming!",,0,"03/03/2023 19:30",,https://www.facebook.com/pcmerchandise.co/posts/pfbid0JHRI6FBbGHiMjpS5qH9DQ1ZI1lerejrC6PqqJA8F6P3zUdt4L1MKRSos,1,0,Photos,,,,,03/10/2023,,,0,0,0,0,0,0,,,,,
999105790919575,100064197037125,"PC Merchandise","BUDGET BUILD ALERT 🚨 i3 10100F + GTX 1660S — perfect for online class and gaming!",,0,"03/03/2023 19:30",,https://www.facebook.com/pcmerchandise.co/posts/pfbid0JHRI6FBbGHiMjpS5qH9DQ1ZI1lerejrC6PqqJA8F6P3zUdt4L1MKRSos,1,0,Photos,,,,,03/11/2023,,,0,0,0,0,0,0,,,,,
999105790919575,100064197037125,"PC Merchandise","BUDGET BUILD ALERT 🚨 i3 10100F + GTX 1660S — perfect for online class and gaming!",,0,"03/03/2023 19:30",,https://www.facebook.com/pcmerchandise.co/posts/pfbid0JHRI6FBbGHiMjpS5qH9DQ1ZI1lerejrC6PqqJA8F6P3zUdt4L1MKRSos,1,0,Photos,,,,,03/12/2023,,,0,0,0,0,0,0,,,,,
999105790919575,100064197037125,"PC Merchandise","BUDGET BUILD ALERT 🚨 i3 10100F + GTX 1660S — perfect for online class and gaming!",,0,"03/03/2023 19:30",,https://www.facebook.com/pcmerchandise.co/posts/pfbid0JHRI6FBbGHiMjpS5qH9DQ1ZI1lerejrC6PqqJA8F6P3zUdt4L1MKRSos,1,0,Photos,,,,,03/13/2023,,,0,0,0,0,0,0,,,,,
999105790919575,100064197037125,"PC Merchandise","BUDGET BUILD ALERT 🚨 i3 10100F + GTX 1660S — perfect for online class and gaming!",,0,"03/03/2023 19:30",,https://www.facebook.com/pcmerchandise.co/posts/pfbid0JHRI6FBbGHiMjpS5qH9DQ1ZI1lerejrC6PqqJA8F6P3zUdt4L1MKRSos,1,0,Photos,,,,,03/14/2023,,,0,0,0,0,0,0,,,,,
999105790919575,100064197037125,"PC Merchandise","BUDGET BUILD ALERT 🚨 i3 10100F + GTX 1660S — perfect for online class and gaming!",,0,"03/03/2023 19:30",,https://www.facebook.com/pcmerchandise.co/posts/pfbid0JHRI6FBbGHiMjpS5qH9DQ1ZI1lerejrC6PqqJA8F6P3zUdt4L1MKRSos,1,0,Photos,,,,,03/15/2023,,,0,0,0,0,0,0,,,,,
999105790919575,100064197037125,"PC Merchandise","BUDGET BUILD ALERT 🚨 i3 10100F + GTX 1660S — perfect for online class and gaming!",,0,"03/03/2023 19:30",,https://www.facebook.com/pcmerchandise.co/posts/pfbid0JHRI6FBbGHiMjpS5qH9DQ1ZI1lerejrC6PqqJA8F6P3zUdt4L1MKRSos,1,0,Photos,,,,,03/16/2023,,,0,0,0,0,0,0,,,,,
999105790919575,100064197037125,"PC Merchandise","BUDGET BUILD ALERT 🚨 i3 10100F + GTX 1660S — perfect for online class and gaming!",,0,"03/03/2023 19:30",,https://www.facebook.com/pcmerchandise.co/posts/pfbid0JHRI6FBbGHiMjpS5qH9DQ1ZI1lerejrC6PqqJA8F6P3zUdt4L1MKRSos,1,0,Photos,,,,,03/17/2023,,,0,0,0,0,0,0,,,,,
999105790919575,100064197037125,"PC Merchandise","BUDGET BUILD ALERT 🚨 i3 10100F + GTX 1660S — perfect for online class and gaming!",,0,"03/03/2023 19:30",,https://www.facebook.com/pcmerchandise.co/posts/pfbid0JHRI6FBbGHiMjpS5qH9DQ1ZI1lerejrC6PqqJA8F6P3zUdt4L1MKRSos,1,0,Photos,,,,,03/18/2023,,,0,0,0,0,0,0,,,,,
999105790919575,100064197037125,"PC Merchandise","BUDGET BUILD ALERT 🚨 i3 10100F + GTX 1660S — perfect for online class and gaming!",,0,"03/03/2023 19:30",,https://www.facebook.com/pcmerchandise.co/posts/pfbid0JHRI6FBbGHiMjpS5qH9DQ1ZI1lerejrC6PqqJA8F6P3zUdt4L1MKRSos,1,0,Photos,,,,,03/19/2023,,,0,0,0,0,0,0,,,,,
999105790919575,100064197037125,"PC Merchandise","BUDGET BUILD ALERT 🚨 i3 10100F + GTX 1660S — perfect for online class and gaming!",,0,"03/03/2023 19:30",,https://www.facebook.com/pcmerchandise.co/posts/pfbid0JHRI6FBbGHiMjpS5qH9DQ1ZI1lerejrC6PqqJA8F6P3zUdt4L1MKRSos,1,0,Photos,,,,,03/20/2023,,,0,0,0,0,0,0,,,,,
999105790919575,100064197037125,"PC Merchandise","BUDGET BUILD ALERT 🚨 i3 10100F + GTX 1660S — perfect for online class and gaming!",,0,"03/03/2023 19:30",,https://www.facebook.com/pcmerchandise.co/posts/pfbid0JHRI6FBbGHiMjpS5qH9DQ1ZI1lerejrC6PqqJA8F6P3zUdt4L1MKRSos,1,0,Photos,,,,,03/21/2023,,,0,0,0,0,0,0,,,,,
999105790919575,100064197037125,"PC Merchandise","BUDGET BUILD ALERT 🚨 i3 10100F + GTX 1660S — perfect for online class and gaming!",,0,"03/03/2023 19:30",,https://www.facebook.com/pcmerchandise.co/posts/pfbid0JHRI6FBbGHiMjpS5qH9DQ1ZI1lerejrC6PqqJA8F6P3zUdt4L1MKRSos,1,0,Photos,,,,,03/22/2023,,,0,0,0,0,0,0,,,,,
999105790919575,100064197037125,"PC Merchandise","BUDGET BUILD ALERT 🚨 i3 10100F + GTX 1660S — perfect for online class and gaming!",,0,"03/03/2023 19:30",,https://www.facebook.com/pcmerchandise.co/posts/pfbid0JHRI6FBbGHiMjpS5qH9DQ1ZI1lerejrC6PqqJA8F6P3zUdt4L1MKRSos,1,0,Photos,,,,,03/23/2023,,,0,0,0,0,0,0,,,,,
999105790919575,100064197037125,"PC Merchandise","BUDGET BUILD ALERT 🚨 i3 10100F + GTX 1660S — perfect for online class and gaming!",,0,"03/03/2023 19:30",,https://www.facebook.com/pcmerchandise.co/posts/pfbid0JHRI6FBbGHiMjpS5qH9DQ1ZI1lerejrC6PqqJA8F6P3zUdt4L1MKRSos,1,0,Photos,,,,,03/24/2023,,,0,0,0,0,0,0,,,,,
999105790919575,100064197037125,"PC Merchandise","BUDGET BUILD ALERT 🚨 i3 10100F + GTX 1660S — perfect for online class and gaming!",,0,"03/03/2023 19:30",,https://www.facebook.com/pcmerchandise.co/posts/pfbid0JHRI6FBbGHiMjpS5qH9DQ1ZI1lerejrC6PqqJA8F6P3zUdt4L1MKRSos,1,0,Photos,,,,,03/25/2023,,,0,0,0,0,0,0,,,,,
999105790919575,100064197037125,"PC Merchandise","BUDGET BUILD ALERT 🚨 i3 10100F + GTX 1660S — perfect for online class and gaming!",,0,"03/03/2023 19:30",,https://www.facebook.com/pcmerchandise.co/posts/pfbid0JHRI6FBbGHiMjpS5qH9DQ1ZI1lerejrC6PqqJA8F6P3zUdt4L1MKRSos,1,0,Photos,,,,,03/26/2023,,,0,0,0,0,0,0,,,,,
999105790919575,100064197037125,"PC Merchandise","BUDGET BUILD ALERT 🚨 i3 10100F + GTX 1660S — perfect for online class and gaming!",,0,"03/03/2023 19:30",,https://www.facebook.com/pcmerchandise.co/posts/pfbid0JHRI6FBbGHiMjpS5qH9DQ1ZI1lerejrC6PqqJA8F6P3zUdt4L1MKRSos,1,0,Photos,,,,,03/27/2023,,,0,0,0,0,0,0,,,,,
999105790919575,100064197037125,"PC Merchandise","BUDGET BUILD ALERT 🚨 i3 10100F + GTX 1660S — perfect for online class and gaming!",,0,"03/03/2023 19:30",,https://www.facebook.com/pcmerchandise.co/posts/pfbid0JHRI6FBbGHiMjpS5qH9DQ1ZI1lerejrC6PqqJA8F6P3zUdt4L1MKRSos,1,0,Photos,,,,,03/28/2023,,,0,0,0,0,0,0,,,,,
999105790919575,100064197037125,"PC Merchandise","BUDGET BUILD ALERT 🚨 i3 10100F + GTX 1660S — perfect for online class and gaming!",,0,"03/03/2023 19:30",,https://www.facebook.com/pcmerchandise.co/posts/pfbid0JHRI6FBbGHiMjpS5qH9DQ1ZI1lerejrC6PqqJA8F6P3zUdt4L1MKRSos,1,0,Photos,,,,,03/29/2023,,,0,0,0,0,0,0,,,,,
999105790919575,100064197037125,"PC Merchandise","BUDGET BUILD ALERT 🚨 i3 10100F + GTX 1660S — perfect for online class and gaming!",,0,"03/03/2023 19:30",,https://www.facebook.com/pcmerchandise.co/posts/pfbid0JHRI6FBbGHiMjpS5qH9DQ1ZI1lerejrC6PqqJA8F6P3zUdt4L1MKRSos,1,0,Photos,,,,,03/30/2023,,,0,0,0,0,0,0,,,,,
999105790919575,100064197037125,"PC Merchandise","BUDGET BUILD ALERT 🚨 i3 10100F + GTX 1660S — perfect for online class and gaming!",,0,"03/03/2023 19:30",,https://www.facebook.com/pcmerchandise.co/posts/pfbid0JHRI6FBbGHiMjpS5qH9DQ1ZI1lerejrC6PqqJA8F6P3zUdt4L1MKRSos,1,0,Photos,,,,,03/31/2023,,,0,0,0,0,0,0,,,,,
999507660310868,100064197037125,"PC Merchandise","BUDGET BUILD ALERT 🚨 i3 10100F + RX 580 — perfect for online class and gaming!",,0,"03/03/2023 02:30",,https://www.facebook.com/pcmerchandise.co/posts/pfbid0wjPDfqi9KnBjfekI6JirDFyzcyRcsogOkTq44JW0ZY7Kzo3mP9lYrtH5,0,0,Photos,,,,,03/31/2023,3,,,,,,,,,,,,
999507660310868,100064197037125,"PC Merchandise","BUDGET BUILD ALERT 🚨 i3 10100F + RX 580 — perfect for online class and gaming!",,0,"03/03/2023 02:30",,https://www.facebook.com/pcmerchandise.co/posts/pfbid0wjPDfqi9KnBjfekI6JirDFyzcyRcsogOkTq44JW0ZY7Kzo3mP9lYrtH5,0,0,Photos,,,,,03/01/2023,,,0,0,0,0,0,0,,,,,
999507660310868,100064197037125,"PC Merchandise","BUDGET BUILD ALERT 🚨 i3 10100F + RX 580 — perfect for online class and gaming!",,0,"03/03/2023 02:30",,https://www.facebook.com/pcmerchandise.co/posts/pfbid0wjPDfqi9KnBjfekI6JirDFyzcyRcsogOkTq44JW0ZY7Kzo3mP9lYrtH5,0,0,Photos,,,,,03/02/2023,,,0,0,0,0,0,0,,,,,
999507660310868,100064197037125,"PC Merchandise","BUDGET BUILD ALERT 🚨 i3 10100F + RX 580 — perfect for online class and gaming!",,0,"03/03/2023 02:30",,https://www.facebook.com/pcmerchandise.co/posts/pfbid0wjPDfqi9KnBjfekI6JirDFyzcyRcsogOkTq44JW0ZY7Kzo3mP9lYrtH5,0,0,Photos,,,,,03/03/2023,,,0,0,0,0,0,0,,,,,
999507660310868,100064197037125,"PC Merchandise","BUDGET BUILD ALERT 🚨 i3 10100F + RX 580 — perfect for online class and gaming!",,0,"03/03/2023 02:30",,https://www.facebook.com/pcmerchandise.co/posts/pfbid0wjPDfqi9KnBjfekI6JirDFyzcyRcsogOkTq44JW0ZY7Kzo3mP9lYrtH5,0,0,Photos,,,,,03/04/2023,,,0,0,0,0,0,0,,,,,
999507660310868,100064197037125,"PC Merchandise","BUDGET BUILD ALERT 🚨 i3 10100F + RX 580 — perfect for online class and gaming!",,0,"03/03/2023 02:30",,https://www.facebook.com/pcmerchandise.co/posts/pfbid0wjPDfqi9KnBjfekI6JirDFyzcyRcsogOkTq44JW0ZY7Kzo3mP9lYrtH5,0,0,Photos,,,,,03/05/2023,,,0,0,0,0,0,0,,,,,
999507660310868,100064197037125,"PC Merchandise","BUDGET BUILD ALERT 🚨 i3 10100F + RX 580 — perfect for online class and gaming!",,0,"03/03/2023 02:30",,https://www.facebook.com/pcmerchandise.co/posts/pfbid0wjPDfqi9KnBjfekI6JirDFyzcyRcsogOkTq44JW0ZY7Kzo3mP9lYrtH5,0,0,Photos,,,,,03/06/2023,,,0,0,0,0,0,0,,,,,
999507660310868,100064197037125,"PC Merchandise","BUDGET BUILD ALERT 🚨 i3 10100F + RX 580 — perfect for online class and gaming!",,0,"03/03/2023 02:30",,https://www.facebook.com/pcmerchandise.co/posts/pfbid0wjPDfqi9KnBjfekI6JirDFyzcyRcsogOkTq44JW0ZY7Kzo3mP9lYrtH5,0,0,Photos,,,,,03/07/2023,,,0,0,0,0,0,0,,,,,
999507660310868,100064197037125,"PC Merchandise","BUDGET BUILD ALERT 🚨 i3 10100F + RX 580 — perfect for online class and gaming!",,0,"03/03/2023 02:30",,https://www.facebook.com/pcmerchandise.co/posts/pfbid0wjPDfqi9KnBjfekI6JirDFyzcyRcsogOkTq44JW0ZY7Kzo3mP9lYrtH5,0,0,Photos,,,,,03/08/2023,,,0,0,0,0,0,0,,,,,
999507660310868,100064197037125,"PC Merchandise","BUDGET BUILD ALERT 🚨 i3 10100F + RX 580 — perfect for online class and gaming!",,0,"03/03/2023 02:30",,https://www.facebook.com/pcmerchandise.co/posts/pfbid0wjPDfqi9KnBjfekI6JirDFyzcyRcsogOkTq44JW0ZY7Kzo3mP9lYrtH5,0,0,Photos,,,,,03/09/2023,,,0,0,0,0,0,0,,,,,
999507660310868,100064197037125,"PC Merchandise","BUDGET BUILD ALERT 🚨 i3 10100F + RX 580 — perfect for online class and gaming!",,0,"03/03/2023 02:30",,https://www.facebook.com/pcmerchandise.co/posts/pfbid0wjPDfqi9KnBjfekI6JirDFyzcyRcsogOkTq44JW0ZY7Kzo3mP9lYrtH5,0,0,Photos,,,,,03/10/2023,,,0,0,0,0,0,0,,,,,
999507660310868,100064197037125,"PC Merchandise","BUDGET BUILD ALERT 🚨 i3 10100F + RX 580 — perfect for online class and gaming!",,0,"03/03/2023 02:30",,https://www.facebook.com/pcmerchandise.co/posts/pfbid0wjPDfqi9KnBjfekI6JirDFyzcyRcsogOkTq44JW0ZY7Kzo3mP9lYrtH5,0,0,Photos,,,,,03/11/2023,,,0,0,0,0,0,0,,,,,
999507660310868,100064197037125,"PC Merchandise","BUDGET BUILD ALERT 🚨 i3 10100F + RX 580 — perfect for online class and gaming!",,0,"03/03/2023 02:30",,https://www.facebook.com/pcmerchandise.co/posts/pfbid0wjPDfqi9KnBjfekI6JirDFyzcyRcsogOkTq44JW0ZY7Kzo3mP9lYrtH5,0,0,Photos,,,,,03/12/2023,,,0,0,0,0,0,0,,,,,
999507660310868,100064197037125,"PC Merchandise","BUDGET BUILD ALERT 🚨 i3 10100F + RX 580 — perfect for online class and gaming!",,0,"03/03/2023 02:30",,https://www.facebook.com/pcmerchandise.co/posts/pfbid0wjPDfqi9KnBjfekI6JirDFyzcyRcsogOkTq44JW0ZY7Kzo3mP9lYrtH5,0,0,Photos,,,,,03/13/2023,,,0,0,0,0,0,0,,,,,
999507660310868,100064197037125,"PC Merchandise","BUDGET BUILD ALERT 🚨 i3 10100F + RX 580 — perfect for online class and gaming!",,0,"03/03/2023 02:30",,https://www.facebook.com/pcmerchandise.co/posts/pfbid0wjPDfqi9KnBjfekI6JirDFyzcyRcsogOkTq44JW0ZY7Kzo3mP9lYrtH5,0,0,Photos,,,,,03/14/2023,,,0,0,0,0,0,0,,,,,
999507660310868,100064197037125,"PC Merchandise","BUDGET BUILD ALERT 🚨 i3 10100F + RX 580 — perfect for online class and gaming!",,0,"03/03/2023 02:30",,https://www.facebook.com/pcmerchandise.co/posts/pfbid0wjPDfqi9KnBjfekI6JirDFyzcyRcsogOkTq44JW0ZY7Kzo3mP9lYrtH5,0,0,Photos,,,,,03/15/2023,,,0,0,0,0,0,0,,,,,
999507660310868,100064197037125,"PC Merchandise","BUDGET BUILD ALERT 🚨 i3 10100F + RX 580 — perfect for online class and gaming!",,0,"03/03/2023 02:30",,https://www.facebook.com/pcmerchandise.co/posts/pfbid0wjPDfqi9KnBjfekI6JirDFyzcyRcsogOkTq44JW0ZY7Kzo3mP9lYrtH5,0,0,Photos,,,,,03/16/2023,,,0,0,0,0,0,0,,,,,
999507660310868,100064197037125,"PC Merchandise","BUDGET BUILD ALERT 🚨 i3 10100F + RX 580 — perfect for online class and gaming!",,0,"03/03/2023 02:30",,https://www.facebook.com/pcmerchandise.co/posts/pfbid0wjPDfqi9KnBjfekI6JirDFyzcyRcsogOkTq44JW0ZY7Kzo3mP9lYrtH5,0,0,Photos,,,,,03/17/2023,,,0,0,0,0,0,0,,,,,
999507660310868,100064197037125,"PC Merchandise","BUDGET BUILD ALERT 🚨 i3 10100F + RX 580 — perfect for online class and gaming!",,0,"03/03/2023 02:30",,https://www.facebook.com/pcmerchandise.co/posts/pfbid0wjPDfqi9KnBjfekI6JirDFyzcyRcsogOkTq44JW0ZY7Kzo3mP9lYrtH5,0,0,Photos,,,,,03/18/2023,,,0,0,0,0,0,0,,,,,
999507660310868,100064197037125,"PC Merchandise","BUDGET BUILD ALERT 🚨 i3 10100F + RX 580 — perfect for online class and gaming!",,0,"03/03/2023 02:30",,https://www.facebook.com/pcmerchandise.co/posts/pfbid0wjPDfqi9KnBjfekI6JirDFyzcyRcsogOkTq44JW0ZY7Kzo3mP9lYrtH5,0,0,Photos,,,,,03/19/2023,,,0,0,0,0,0,0,,,,,
999507660310868,100064197037125,"PC Merchandise","BUDGET BUILD ALERT 🚨 i3 10100F + RX 580 — perfect for online class and gaming!",,0,"03/03/2023 02:30",,https://www.facebook.com/pcmerchandise.co/posts/pfbid0wjPDfqi9KnBjfekI6JirDFyzcyRcsogOkTq44JW0ZY7Kzo3mP9lYrtH5,0,0,Photos,,,,,03/20/2023,,,0,0,0,0,0,0,,,,,
999507660310868,100064197037125,"PC Merchandise","BUDGET BUILD ALERT 🚨 i3 10100F + RX 580 — perfect for online class and gaming!",,0,"03/03/2023 02:30",,https://www.facebook.com/pcmerchandise.co/posts/pfbid0wjPDfqi9KnBjfekI6JirDFyzcyRcsogOkTq44JW0ZY7Kzo3mP9lYrtH5,0,0,Photos,,,,,03/21/2023,,,0,0,0,0,0,0,,,,,
999507660310868,100064197037125,"PC Merchandise","BUDGET BUILD ALERT 🚨 i3 10100F + RX 580 — perfect for online class and gaming!",,0,"03/03/2023 02:30",,https://www.facebook.com/pcmerchandise.co/posts/pfbid0wjPDfqi9KnBjfekI6JirDFyzcyRcsogOkTq44JW0ZY7Kzo3mP9lYrtH5,0,0,Photos,,,,,03/22/2023,,,0,0,0,0,0,0,,,,,
999507660310868,100064197037125,"PC Merchandise","BUDGET BUILD ALERT 🚨 i3 10100F + RX 580 — perfect for online class and gaming!",,0,"03/03/2023 02:30",,https://www.facebook.com/pcmerchandise.co/posts/pfbid0wjPDfqi9KnBjfekI6JirDFyzcyRcsogOkTq44JW0ZY7Kzo3mP9lYrtH5,0,0,Photos,,,,,03/23/2023,,,0,0,0,0,0,0,,,,,
999507660310868,100064197037125,"PC Merchandise","BUDGET BUILD ALERT 🚨 i3 10100F + RX 580 — perfect for online class and gaming!",,0,"03/03/2023 02:30",,https://www.facebook.com/pcmerchandise.co/posts/pfbid0wjPDfqi9KnBjfekI6JirDFyzcyRcsogOkTq44JW0ZY7Kzo3mP9lYrtH5,0,0,Photos,,,,,03/24/2023,,,0,0,0,0,0,0,,,,,
999507660310868,100064197037125,"PC Merchandise","BUDGET BUILD ALERT 🚨 i3 10100F + RX 580 — perfect for online class and gaming!",,0,"03/03/2023 02:30",,https://www.facebook.com/pcmerchandise.co/posts/pfbid0wjPDfqi9KnBjfekI6JirDFyzcyRcsogOkTq44JW0ZY7Kzo3mP9lYrtH5,0,0,Photos,,,,,03/25/2023,,,0,0,0,0,0,0,,,,,
999507660310868,100064197037125,"PC Merchandise","BUDGET BUILD ALERT 🚨 i3 10100F + RX 580 — perfect for online class and gaming!",,0,"03/03/2023 02:30",,https://www.facebook.com/pcmerchandise.co/posts/pfbid0wjPDfqi9KnBjfekI6JirDFyzcyRcsogOkTq44JW0ZY7Kzo3mP9lYrtH5,0,0,Photos,,,,,03/26/2023,,,0,0,0,0,0,0,,,,,
999507660310868,100064197037125,"PC Merchandise","BUDGET BUILD ALERT 🚨 i3 10100F + RX 580 — perfect for online class and gaming!",,0,"03/03/2023 02:30",,https://www.facebook.com/pcmerchandise.co/posts/pfbid0wjPDfqi9KnBjfekI6JirDFyzcyRcsogOkTq44JW0ZY7Kzo3mP9lYrtH5,0,0,Photos,,,,,03/27/2023,,,0,0,0,0,0,0,,,,,
999507660310868,100064197037125,"PC Merchandise","BUDGET BUILD ALERT 🚨 i3 10100F + RX 580 — perfect for online class and gaming!",,0,"03/03/2023 02:30",,https://www.facebook.com/pcmerchandise.co/posts/pfbid0wjPDfqi9KnBjfekI6JirDFyzcyRcsogOkTq44JW0ZY7Kzo3mP9lYrtH5,0,0,Photos,,,,,03/28/2023,,,0,0,0,0,0,0,,,,,
999507660310868,100064197037125,"PC Merchandise","BUDGET BUILD ALERT 🚨 i3 10100F + RX 580 — perfect for online class and gaming!",,0,"03/03/2023 02:30",,https://www.facebook.com/pcmerchandise.co/posts/pfbid0wjPDfqi9KnBjfekI6JirDFyzcyRcsogOkTq44JW0ZY7Kzo3mP9lYrtH5,0,0,Photos,,,,,03/29/2023,,,0,0,0,0,0,0,,,,,
999507660310868,100064197037125,"PC Merchandise","BUDGET BUILD ALERT 🚨 i3 10100F + RX 580 — perfect for online class and gaming!",,0,"03/03/2023 02:30",,https://www.facebook.com/pcmerchandise.co/posts/pfbid0wjPDfqi9KnBjfekI6JirDFyzcyRcsogOkTq44JW0ZY7Kzo3mP9lYrtH5,0,0,Photos,,,,,03/30/2023,,,0,0,0,0,0,0,,,,,
999507660310868,100064197037125,"PC Merchandise","BUDGET BUILD ALERT 🚨 i3 10100F + RX 580 — perfect for online class and gaming!",,0,"03/03/2023 02:30",,https://www.facebook.com/pcmerchandise.co/posts/pfbid0wjPDfqi9KnBjfekI6JirDFyzcyRcsogOkTq44JW0ZY7Kzo3mP9lYrtH5,0,0,Photos,,,,,03/31/2023,,,0,0,0,0,0,0,,,,,
999110865396153,100064197037125,"PC Merchandise","Do you want an aesthetic build that matches your gaming needs? RYZEN 5 2600 builds available now!",,81,"03/03/2023 00:00",auto,https://www.facebook.com/reel/1367789413612819/,0,0,Reels,,,,,03/01/2023,0,,,,,,0,0,0,0,0,0.000,2.839
999110865396153,100064197037125,"PC Merchandise","Do you want an aesthetic build that matches your gaming needs? RYZEN 5 2600 builds available now!",,81,"03/03/2023 00:00",auto,https://www.facebook.com/reel/1367789413612819/,0,0,Reels,,,,,03/02/2023,0,,,,,,0,0,0,0,0,0.000,3.141
999110865396153,100064197037125,"PC Merchandise","Do you want an aesthetic build that matches your gaming needs? RYZEN 5 2600 builds available now!",,81,"03/03/2023 00:00",auto,https://www.facebook.com/reel/1367789413612819/,0,0,Reels,,,,,03/03/2023,0,,,,,,32,0,0,0,0,108.091,1.500
999110865396153,100064197037125,"PC Merchandise","Do you want an aesthetic build that matches your gaming needs? RYZEN 5 2600 builds available now!",,81,"03/03/2023 00:00",auto,https://www.facebook.com/reel/1367789413612819/,0,0,Reels,,,,,03/04/2023,0,,,,,,40,0,0,0,0,66.334,2.293
999110865396153,100064197037125,"PC Merchandise","Do you want an aesthetic build that matches your gaming needs? RYZEN 5 2600 builds available now!",,81,"03/03/2023 00:00",auto,https://www.facebook.com/reel/1367789413612819/,0,0,Reels,,,,,03/05/2023,0,,,,,,38,0,0,0,0,64.170,2.871
999110865396153,100064197037125,"PC Merchandise","Do you want an aesthetic build that matches your gaming needs? RYZEN 5 2600 builds available now!",,81,"03/03/2023 00:00",auto,https://www.facebook.com/reel/1367789413612819/,0,0,Reels,,,,,03/06/2023,0,,,,,,47,0,2,1,1,52.803,1.500
999110865396153,100064197037125,"PC Merchandise","Do you want an aesthetic build that matches your gaming needs? RYZEN 5 2600 builds available now!",,81,"03/03/2023 00:00",auto,https://www.facebook.com/reel/1367789413612819/,0,0,Reels,,,,,03/07/2023,0,,,,,,37,0,0,0,0,37.806,1.500
999110865396153,100064197037125,"PC Merchandise","Do you want an aesthetic build that matches your gaming needs? RYZEN 5 2600 builds available now!",,81,"03/03/2023 00:00",auto,https://www.facebook.com/reel/1367789413612819/,0,0,Reels,,,,,03/08/2023,0,,,,,,0,0,0,0,0,25.936,1.530
999110865396153,100064197037125,"PC Merchandise","Do you want an aesthetic build that matches your gaming needs? RYZEN 5 2600 builds available now!",,81,"03/03/2023 00:00",auto,https://www.facebook.com/reel/1367789413612819/,0,0,Reels,,,,,03/09/2023,0,,,,,,0,0,0,0,0,11.351,1.796
999110865396153,100064197037125,"PC Merchandise","Do you want an aesthetic build that matches your gaming needs? RYZEN 5 2600 builds available now!",,81,"03/03/2023 00:00",auto,https://www.facebook.com/reel/1367789413612819/,0,0,Reels,,,,,03/10/2023,0,,,,,,0,0,0,0,0,23.594,2.698
999110865396153,100064197037125,"PC Merchandise","Do you want an aesthetic build that matches your gaming needs? RYZEN 5 2600 builds available now!",,81,"03/03/2023 00:00",auto,https://www.facebook.com/reel/1367789413612819/,0,0,Reels,,,,,03/11/2023,0,,,,,,0,0,1,1,0,26.601,2.750
999110865396153,100064197037125,"PC Merchandise","Do you want an aesthetic build that matches your gaming needs? RYZEN 5 2600 builds available now!",,81,"03/03/2023 00:00",auto,https://www.facebook.com/reel/1367789413612819/,0,0,Reels,,,,,03/12/2023,0,,,,,,0,0,0,0,0,7.792,1.500
999110865396153,100064197037125,"PC Merchandise","Do you want an aesthetic build that matches your gaming needs? RYZEN 5 2600 builds available now!",,81,"03/03/2023 00:00",auto,https://www.facebook.com/reel/1367789413612819/,0,0,Reels,,,,,03/13/2023,0,,,,,,0,0,0,0,0,5.541,2.138
999110865396153,100064197037125,"PC Merchandise","Do you want an aesthetic build that matches your gaming needs? RYZEN 5 2600 builds available now!",,81,"03/03/2023 00:00",auto,https://www.facebook.com/reel/1367789413612819/,0,0,Reels,,,,,03/14/2023,0,,,,,,0,0,0,0,0,6.659,2.414
999110865396153,100064197037125,"PC Merchandise","Do you want an aesthetic build that matches your gaming needs? RYZEN 5 2600 builds available now!",,81,"03/03/2023 00:00",auto,https://www.facebook.com/reel/1367789413612819/,0,0,Reels,,,,,03/15/2023,0,,,,,,0,0,1,1,0,10.139,1.523
999110865396153,100064197037125,"PC Merchandise","Do you want an aesthetic build that matches your gaming needs? RYZEN 5 2600 builds available now!",,81,"03/03/2023 00:00",auto,https://www.facebook.com/reel/1367789413612819/,0,0,Reels,,,,,03/16/2023,0,,,,,,0,0,0,0,0,6.811,1.836
999110865396153,100064197037125,"PC Merchandise","Do you want an aesthetic build that matches your gaming needs? RYZEN 5 2600 builds available now!",,81,"03/03/2023 00:00",auto,https://www.facebook.com/reel/1367789413612819/,0,0,Reels,,,,,03/17/2023,0,,,,,,0,0,0,0,0,10.610,1.993
999110865396153,100064197037125,"PC Merchandise","Do you want an aesthetic build that matches your gaming needs? RYZEN 5 2600 builds available now!",,81,"03/03/2023 00:00",auto,https://www.facebook.com/reel/1367789413612819/,0,0,Reels,,,,,03/18/2023,0,,,,,,0,0,0,0,0,4.528,2.389
999110865396153,100064197037125,"PC Merchandise","Do you want an aesthetic build that matches your gaming needs? RYZEN 5 2600 builds available now!",,81,"03/03/2023 00:00",auto,https://www.facebook.com/reel/1367789413612819/,0,0,Reels,,,,,03/19/2023,0,,,,,,0,0,0,0,0,4.349,2.097
999110865396153,100064197037125,"PC Merchandise","Do you want an aesthetic build that matches your gaming needs? RYZEN 5 2600 builds available now!",,81,"03/03/2023 00:00",auto,https://www.facebook.com/reel/1367789413612819/,0,0,Reels,,,,,03/20/2023,0,,,,,,0,0,0,0,0,6.708,1.500
999110865396153,100064197037125,"PC Merchandise","Do you want an aesthetic build that matches your gaming needs? RYZEN 5 2600 builds available now!",,81,"03/03/2023 00:00",auto,https://www.facebook.com/reel/1367789413612819/,0,0,Reels,,,,,03/21/2023,0,,,,,,0,0,0,0,0,4.818,1.627
999110865396153,100064197037125,"PC Merchandise","Do you want an aesthetic build that matches your gaming needs? RYZEN 5 2600 builds available now!",,81,"03/03/2023 00:00",auto,https://www.facebook.com/reel/1367789413612819/,0,0,Reels,,,,,03/22/2023,0,,,,,,0,0,0,0,0,5.113,1.580
999110865396153,100064197037125,"PC Merchandise","Do you want an aesthetic build that matches your gaming needs? RYZEN 5 2600 builds available now!",,81,"03/03/2023 00:00",auto,https://www.facebook.com/reel/1367789413612819/,0,0,Reels,,,,,03/23/2023,0,,,,,,0,0,0,0,0,3.650,2.753
999110865396153,100064197037125,"PC Merchandise","Do you want an aesthetic build that matches your gaming needs? RYZEN 5 2600 builds available now!",,81,"03/03/2023 00:00",auto,https://www.facebook.com/reel/1367789413612819/,0,0,Reels,,,,,03/24/2023,0,,,,,,0,0,0,0,0,4.268,1.500
999110865396153,100064197037125,"PC Merchandise","Do you want an aesthetic build that matches your gaming needs? RYZEN 5 2600 builds available now!",,81,"03/03/2023 00:00",auto,https://www.facebook.com/reel/1367789413612819/,0,0,Reels,,,,,03/25/2023,0,,,,,,0,0,0,0,0,5.479,2.622
999110865396153,100064197037125,"PC Merchandise","Do you want an aesthetic build that matches your gaming needs? RYZEN 5 2600 builds available now!",,81,"03/03/2023 00:00",auto,https://www.facebook.com/reel/1367789413612819/,0,0,Reels,,,,,03/26/2023,0,,,,,,0,0,0,0,0,4.564,2.573
999110865396153,100064197037125,"PC Merchandise","Do you want an aesthetic build that matches your gaming needs? RYZEN 5 2600 builds available now!",,81,"03/03/2023 00:00",auto,https://www.facebook.com/reel/1367789413612819/,0,0,Reels,,,,,03/27/2023,0,,,,,,0,0,0,0,0,3.683,2.237
999110865396153,100064197037125,"PC Merchandise","Do you want an aesthetic build that matches your gaming needs? RYZEN 5 2600 builds available now!",,81,"03/03/2023 00:00",auto,https://www.facebook.com/reel/1367789413612819/,0,0,Reels,,,,,03/28/2023,0,,,,,,0,0,0,0,0,4.083,2.040
999110865396153,100064197037125,"PC Merchandise","Do you want an aesthetic build that matches your gaming needs? RYZEN 5 2600 builds available now!",,81,"03/03/2023 00:00",auto,https://www.facebook.com/reel/1367789413612819/,0,0,Reels,,,,,03/29/2023,0,,,,,,0,0,0,0,0,6.515,2.880
999110865396153,100064197037125,"PC Merchandise","Do you want an aesthetic build that matches your gaming needs? RYZEN 5 2600 builds available now!",,81,"03/03/2023 00:00",auto,https://www.facebook.com/reel/1367789413612819/,0,0,Reels,,,,,03/30/2023,0,,,,,,0,0,0,0,0,4.407,2.574
999110865396153,100064197037125,"PC Merchandise","Do you want an aesthetic build that matches your gaming needs? RYZEN 5 2600 builds available now!",,81,"03/03/2023 00:00",auto,https://www.facebook.com/reel/1367789413612819/,0,0,Reels,,,,,03/31/2023,0,,,,,,0,0,0,0,0,5.201,1.500
999565005975854,100064197037125,"PC Merchandise","Sulit na sulit! i5 10400F package, ready for pickup or shipping nationwide 🚚",,71,"03/02/2023 21:01",auto,https://www.facebook.com/reel/1478481394111528/,0,0,Reels,,,,,03/01/2023,0,,,,,,0,0,0,0,0,0.000,5.660
999565005975854,100064197037125,"PC Merchandise","Sulit na sulit! i5 10400F package, ready for pickup or shipping nationwide 🚚",,71,"03/02/2023 21:01",auto,https://www.facebook.com/reel/1478481394111528/,0,0,Reels,,,,,03/02/2023,0,,,,,,0,0,0,0,0,277.822,7.595
999565005975854,100064197037125,"PC Merchandise","Sulit na sulit! i5 10400F package, ready for pickup or shipping nationwide 🚚",,71,"03/02/2023 21:01",auto,https://www.facebook.com/reel/1478481394111528/,0,0,Reels,,,,,03/03/2023,0,,,,,,0,0,0,0,0,359.384,6.485
999565005975854,100064197037125,"PC Merchandise","Sulit na sulit! i5 10400F package, ready for pickup or shipping nationwide 🚚",,71,"03/02/2023 21:01",auto,https://www.facebook.com/reel/1478481394111528/,0,0,Reels,,,,,03/04/2023,0,,,,,,0,0,0,0,0,153.983,6.620
999565005975854,100064197037125,"PC Merchandise","Sulit na sulit! i5 10400F package, ready for pickup or shipping nationwide 🚚",,71,"03/02/2023 21:01",auto,https://www.facebook.com/reel/1478481394111528/,0,0,Reels,,,,,03/05/2023,0,,,,,,0,0,0,0,0,75.039,5.629
999565005975854,100064197037125,"PC Merchandise","Sulit na sulit! i5 10400F package, ready for pickup or shipping nationwide 🚚",,71,"03/02/2023 21:01",auto,https://www.facebook.com/reel/1478481394111528/,0,0,Reels,,,,,03/06/2023,0,,,,,,0,0,0,0,0,80.829,7.122
999565005975854,100064197037125,"PC Merchandise","Sulit na sulit! i5 10400F package, ready for pickup or shipping nationwide 🚚",,71,"03/02/2023 21:01",auto,https://www.facebook.com/reel/1478481394111528/,0,0,Reels,,,,,03/07/2023,0,,,,,,0,0,0,0,0,77.592,6.284
999565005975854,100064197037125,"PC Merchandise","Sulit na sulit! i5 10400F package, ready for pickup or shipping nationwide 🚚",,71,"03/02/2023 21:01",auto,https://www.facebook.com/reel/1478481394111528/,0,0,Reels,,,,,03/08/2023,0,,,,,,0,0,0,0,0,116.292,6.190
999565005975854,100064197037125,"PC Merchandise","Sulit na sulit! i5 10400F package, ready for pickup or shipping nationwide 🚚",,71,"03/02/2023 21:01",auto,https://www.facebook.com/reel/1478481394111528/,0,0,Reels,,,,,03/09/2023,0,,,,,,0,0,0,0,0,73.763,4.948
999565005975854,100064197037125,"PC Merchandise","Sulit na sulit! i5 10400F package, ready for pickup or shipping nationwide 🚚",,71,"03/02/2023 21:01",auto,https://www.facebook.com/reel/1478481394111528/,0,0,Reels,,,,,03/10/2023,0,,,,,,0,0,0,0,0,38.649,6.109
999565005975854,100064197037125,"PC Merchandise","Sulit na sulit! i5 10400F package, ready for pickup or shipping nationwide 🚚",,71,"03/02/2023 21:01",auto,https://www.facebook.com/reel/1478481394111528/,0,0,Reels,,,,,03/11/2023,0,,,,,,0,0,0,0,0,43.427,5.151
999565005975854,100064197037125,"PC Merchandise","Sulit na sulit! i5 10400F package, ready for pickup or shipping nationwide 🚚",,71,"03/02/2023 21:01",auto,https://www.facebook.com/reel/1478481394111528/,0,0,Reels,,,,,03/12/2023,0,,,,,,0,0,0,0,0,29.289,5.131
999565005975854,100064197037125,"PC Merchandise","Sulit na sulit! i5 10400F package, ready for pickup or shipping nationwide 🚚",,71,"03/02/2023 21:01",auto,https://www.facebook.com/reel/1478481394111528/,0,0,Reels,,,,,03/13/2023,0,,,,,,0,0,0,0,0,25.479,5.703
999565005975854,100064197037125,"PC Merchandise","Sulit na sulit! i5 10400F package, ready for pickup or shipping nationwide 🚚",,71,"03/02/2023 21:01",auto,https://www.facebook.com/reel/1478481394111528/,0,0,Reels,,,,,03/14/2023,0,,,,,,0,0,0,0,0,12.944,6.655
999565005975854,100064197037125,"PC Merchandise","Sulit na sulit! i5 10400F package, ready for pickup or shipping nationwide 🚚",,71,"03/02/2023 21:01",auto,https://www.facebook.com/reel/1478481394111528/,0,0,Reels,,,,,03/15/2023,0,,,,,,0,0,0,0,0,20.494,6.058
999565005975854,100064197037125,"PC Merchandise","Sulit na sulit! i5 10400F package, ready for pickup or shipping nationwide 🚚",,71,"03/02/2023 21:01",auto,https://www.facebook.com/reel/1478481394111528/,0,0,Reels,,,,,03/16/2023,0,,,,,,0,0,0,0,0,14.266,6.085
999565005975854,100064197037125,"PC Merchandise","Sulit na sulit! i5 10400F package, ready for pickup or shipping nationwide 🚚",,71,"03/02/2023 21:01",auto,https://www.facebook.com/reel/1478481394111528/,0,0,Reels,,,,,03/17/2023,0,,,,,,0,0,0,0,0,13.528,5.902
999565005975854,100064197037125,"PC Merchandise","Sulit na sulit! i5 10400F package, ready for pickup or shipping nationwide 🚚",,71,"03/02/2023 21:01",auto,https://www.facebook.com/reel/1478481394111528/,0,0,Reels,,,,,03/18/2023,0,,,,,,0,0,0,0,0,17.132,6.056
999565005975854,100064197037125,"PC Merchandise","Sulit na sulit! i5 10400F package, ready for pickup or shipping nationwide 🚚",,71,"03/02/2023 21:01",auto,https://www.facebook.com/reel/1478481394111528/,0,0,Reels,,,,,03/19/2023,0,,,,,,0,0,0,0,0,14.151,6.071
999565005975854,100064197037125,"PC Merchandise","Sulit na sulit! i5 10400F package, ready for pickup or shipping nationwide 🚚",,71,"03/02/2023 21:01",auto,https://www.facebook.com/reel/1478481394111528/,0,0,Reels,,,,,03/20/2023,0,,,,,,0,0,0,0,0,24.592,5.635
999565005975854,100064197037125,"PC Merchandise","Sulit na sulit! i5 10400F package, ready for pickup or shipping nationwide 🚚",,71,"03/02/2023 21:01",auto,https://www.facebook.com/reel/1478481394111528/,0,0,Reels,,,,,03/21/2023,0,,,,,,0,0,0,0,0,11.350,5.387
999565005975854,100064197037125,"PC Merchandise","Sulit na sulit! i5 10400F package, ready for pickup or shipping nationwide 🚚",,71,"03/02/2023 21:01",auto,https://www.facebook.com/reel/1478481394111528/,0,0,Reels,,,,,03/22/2023,0,,,,,,0,0,0,0,0,10.571,5.583
999565005975854,100064197037125,"PC Merchandise","Sulit na sulit! i5 10400F package, ready for pickup or shipping nationwide 🚚",,71,"03/02/2023 21:01",auto,https://www.facebook.com/reel/1478481394111528/,0,0,Reels,,,,,03/23/2023,0,,,,,,0,0,0,0,0,11.079,7.047
999565005975854,100064197037125,"PC Merchandise","Sulit na sulit! i5 10400F package, ready for pickup or shipping nationwide 🚚",,71,"03/02/2023 21:01",auto,https://www.facebook.com/reel/1478481394111528/,0,0,Reels,,,,,03/24/2023,0,,,,,,0,0,0,0,0,14.140,6.668
999565005975854,100064197037125,"PC Merchandise","Sulit na sulit! i5 10400F package, ready for pickup or shipping nationwide 🚚",,71,"03/02/2023 21:01",auto,https://www.facebook.com/reel/1478481394111528/,0,0,Reels,,,,,03/25/2023,0,,,,,,0,0,0,0,0,12.745,5.374
999565005975854,100064197037125,"PC Merchandise","Sulit na sulit! i5 10400F package, ready for pickup or shipping nationwide 🚚",,71,"03/02/2023 21:01",auto,https://www.facebook.com/reel/1478481394111528/,0,0,Reels,,,,,03/26/2023,0,,,,,,0,0,0,0,0,14.120,7.137
999565005975854,100064197037125,"PC Merchandise","Sulit na sulit! i5 10400F package, ready for pickup or shipping nationwide 🚚",,71,"03/02/2023 21:01",auto,https://www.facebook.com/reel/1478481394111528/,0,0,Reels,,,,,03/27/2023,0,,,,,,0,0,0,0,0,9.368,5.024
999565005975854,100064197037125,"PC Merchandise","Sulit na sulit! i5 10400F package, ready for pickup or shipping nationwide 🚚",,71,"03/02/2023 21:01",auto,https://www.facebook.com/reel/1478481394111528/,0,0,Reels,,,,,03/28/2023,0,,,,,,0,0,0,0,0,9.823,4.633
999565005975854,100064197037125,"PC Merchandise","Sulit na sulit! i5 10400F package, ready for pickup or shipping nationwide 🚚",,71,"03/02/2023 21:01",auto,https://www.facebook.com/reel/1478481394111528/,0,0,Reels,,,,,03/29/2023,0,,,,,,0,0,0,0,0,15.710,5.416
999565005975854,100064197037125,"PC Merchandise","Sulit na sulit! i5 10400F package, ready for pickup or shipping nationwide 🚚",,71,"03/02/2023 21:01",auto,https://www.facebook.com/reel/1478481394111528/,0,0,Reels,,,,,03/30/2023,0,,,,,,0,0,0,0,0,18.261,6.029
999565005975854,100064197037125,"PC Merchandise","Sulit na sulit! i5 10400F package, ready for pickup or shipping nationwide 🚚",,71,"03/02/2023 21:01",auto,https://www.facebook.com/reel/1478481394111528/,0,0,Reels,,,,,03/31/2023,0,,,,,,0,0,0,0,0,15.009,5.524
999195963962341,100064197037125,"PC Merchandise","𝐀𝐌𝟓 𝐁𝐮𝐢𝐥𝐝 𝐋𝐢𝐦𝐢𝐭𝐞𝐝 𝐒𝐚𝐥𝐞! 🚨
Experience next-gen performance with our latest builds. PM for pricelist!",,0,"03/02/2023 20:00",,https://www.facebook.com/pcmerchandise.co/posts/pfbid07409hradGlwkQgVjdtT0hRHlxBdtwGbUE1NxHaHlmuma0tycBcwFj2Ht,0,1,Photos,,,,,03/31/2023,0,,,,,,,,,,,,
999195963962341,100064197037125,"PC Merchandise","𝐀𝐌𝟓 𝐁𝐮𝐢𝐥𝐝 𝐋𝐢𝐦𝐢𝐭𝐞𝐝 𝐒𝐚𝐥𝐞! 🚨
Experience next-gen performance with our latest builds. PM for pricelist!",,0,"03/02/2023 20:00",,https://www.facebook.com/pcmerchandise.co/posts/pfbid07409hradGlwkQgVjdtT0hRHlxBdtwGbUE1NxHaHlmuma0tycBcwFj2Ht,0,1,Photos,,,,,03/01/2023,,,0,0,0,0,0,0,,,,,
999195963962341,100064197037125,"PC Merchandise","𝐀𝐌𝟓 𝐁𝐮𝐢𝐥𝐝 𝐋𝐢𝐦𝐢𝐭𝐞𝐝 𝐒𝐚𝐥𝐞! 🚨
Experience next-gen performance with our latest builds. PM for pricelist!",,0,"03/02/2023 20:00",,https://www.facebook.com/pcmerchandise.co/posts/pfbid07409hradGlwkQgVjdtT0hRHlxBdtwGbUE1NxHaHlmuma0tycBcwFj2Ht,0,1,Photos,,,,,03/02/2023,,,0,0,0,0,0,0,,,,,
999195963962341,100064197037125,"PC Merchandise","𝐀𝐌𝟓 𝐁𝐮𝐢𝐥𝐝 𝐋𝐢𝐦𝐢𝐭𝐞𝐝 𝐒𝐚𝐥𝐞! 🚨
Experience next-gen performance with our latest builds. PM for pricelist!",,0,"03/02/2023 20:00",,https://www.facebook.com/pcmerchandise.co/posts/pfbid07409hradGlwkQgVjdtT0hRHlxBdtwGbUE1NxHaHlmuma0tycBcwFj2Ht,0,1,Photos,,,,,03/03/2023,,,0,0,0,0,0,0,,,,,
999195963962341,100064197037125,"PC Merchandise","𝐀𝐌𝟓 𝐁𝐮𝐢𝐥𝐝 𝐋𝐢𝐦𝐢𝐭𝐞𝐝 𝐒𝐚𝐥𝐞! 🚨
Experience next-gen performance with our latest builds. PM for pricelist!",,0,"03/02/2023 20:00",,https://www.facebook.com/pcmerchandise.co/posts/pfbid07409hradGlwkQgVjdtT0hRHlxBdtwGbUE1NxHaHlmuma0tycBcwFj2Ht,0,1,Photos,,,,,03/04/2023,,,0,0,0,0,0,0,,,,,
999195963962341,100064197037125,"PC Merchandise","𝐀𝐌𝟓 𝐁𝐮𝐢𝐥𝐝 𝐋𝐢𝐦𝐢𝐭𝐞𝐝 𝐒𝐚𝐥𝐞! 🚨
Experience next-gen performance with our latest builds. PM for pricelist!",,0,"03/02/2023 20:00",,https://www.facebook.com/pcmerchandise.co/posts/pfbid07409hradGlwkQgVjdtT0hRHlxBdtwGbUE1NxHaHlmuma0tycBcwFj2Ht,0,1,Photos,,,,,03/05/2023,,,0,0,0,0,0,0,,,,,
999195963962341,100064197037125,"PC Merchandise","𝐀𝐌𝟓 𝐁𝐮𝐢𝐥𝐝 𝐋𝐢𝐦𝐢𝐭𝐞𝐝 𝐒𝐚𝐥𝐞! 🚨
Experience next-gen performance with our latest builds. PM for pricelist!",,0,"03/02/2023 20:00",,https://www.facebook.com/pcmerchandise.co/posts/pfbid07409hradGlwkQgVjdtT0hRHlxBdtwGbUE1NxHaHlmuma0tycBcwFj2Ht,0,1,Photos,,,,,03/06/2023,,,0,0,0,0,0,0,,,,,
999195963962341,100064197037125,"PC Merchandise","𝐀𝐌𝟓 𝐁𝐮𝐢𝐥𝐝 𝐋𝐢𝐦𝐢𝐭𝐞𝐝 𝐒𝐚𝐥𝐞! 🚨
Experience next-gen performance with our latest builds. PM for pricelist!",,0,"03/02/2023 20:00",,https://www.facebook.com/pcmerchandise.co/posts/pfbid07409hradGlwkQgVjdtT0hRHlxBdtwGbUE1NxHaHlmuma0tycBcwFj2Ht,0,1,Photos,,,,,03/07/2023,,,0,0,0,0,0,0,,,,,
999195963962341,100064197037125,"PC Merchandise","𝐀𝐌𝟓 𝐁𝐮𝐢𝐥𝐝 𝐋𝐢𝐦𝐢𝐭𝐞𝐝 𝐒𝐚𝐥𝐞! 🚨
Experience next-gen performance with our latest builds. PM for pricelist!",,0,"03/02/2023 20:00",,https://www.facebook.com/pcmerchandise.co/posts/pfbid07409hradGlwkQgVjdtT0hRHlxBdtwGbUE1NxHaHlmuma0tycBcwFj2Ht,0,1,Photos,,,,,03/08/2023,,,0,0,0,0,0,0,,,,,
999195963962341,100064197037125,"PC Merchandise","𝐀𝐌𝟓 𝐁𝐮𝐢𝐥𝐝 𝐋𝐢𝐦𝐢𝐭𝐞𝐝 𝐒𝐚𝐥𝐞! 🚨
Experience next-gen performance with our latest builds. PM for pricelist!",,0,"03/02/2023 20:00",,https://www.facebook.com/pcmerchandise.co/posts/pfbid07409hradGlwkQgVjdtT0hRHlxBdtwGbUE1NxHaHlmuma0tycBcwFj2Ht,0,1,Photos,,,,,03/09/2023,,,0,0,0,0,0,0,,,,,
999195963962341,100064197037125,"PC Merchandise","𝐀𝐌𝟓 𝐁𝐮𝐢𝐥𝐝 𝐋𝐢𝐦𝐢𝐭𝐞𝐝 𝐒𝐚𝐥𝐞! 🚨
Experience next-gen performance with our latest builds. PM for pricelist!",,0,"03/02/2023 20:00",,https://www.facebook.com/pcmerchandise.co/posts/pfbid07409hradGlwkQgVjdtT0hRHlxBdtwGbUE1NxHaHlmuma0tycBcwFj2Ht,0,1,Photos,,,,,03/10/2023,,,0,0,0,0,0,0,,,,,
999195963962341,100064197037125,"PC Merchandise","𝐀𝐌𝟓 𝐁𝐮𝐢𝐥𝐝 𝐋𝐢𝐦𝐢𝐭𝐞𝐝 𝐒𝐚𝐥𝐞! 🚨
Experience next-gen performance with our latest builds. PM for pricelist!",,0,"03/02/2023 20:00",,https://www.facebook.com/pcmerchandise.co/posts/pfbid07409hradGlwkQgVjdtT0hRHlxBdtwGbUE1NxHaHlmuma0tycBcwFj2Ht,0,1,Photos,,,,,03/11/2023,,,0,0,0,0,0,0,,,,,
999195963962341,100064197037125,"PC Merchandise","𝐀𝐌𝟓 𝐁𝐮𝐢𝐥𝐝 𝐋𝐢𝐦𝐢𝐭𝐞𝐝 𝐒𝐚𝐥𝐞! 🚨
Experience next-gen performance with our latest builds. PM for pricelist!",,0,"03/02/2023 20:00",,https://www.facebook.com/pcmerchandise.co/posts/pfbid07409hradGlwkQgVjdtT0hRHlxBdtwGbUE1NxHaHlmuma0tycBcwFj2Ht,0,1,Photos,,,,,03/12/2023,,,0,0,0,0,0,0,,,,,
999195963962341,100064197037125,"PC Merchandise","𝐀𝐌𝟓 𝐁𝐮𝐢𝐥𝐝 𝐋𝐢𝐦𝐢𝐭𝐞𝐝 𝐒𝐚𝐥𝐞! 🚨
Experience next-gen performance with our latest builds. PM for pricelist!",,0,"03/02/2023 20:00",,https://www.facebook.com/pcmerchandise.co/posts/pfbid07409hradGlwkQgVjdtT0hRHlxBdtwGbUE1NxHaHlmuma0tycBcwFj2Ht,0,1,Photos,,,,,03/13/2023,,,0,0,0,0,0,0,,,,,
999195963962341,100064197037125,"PC Merchandise","𝐀𝐌𝟓 𝐁𝐮𝐢𝐥𝐝 𝐋𝐢𝐦𝐢𝐭𝐞𝐝 𝐒𝐚𝐥𝐞! 🚨
Experience next-gen performance with our latest builds. PM for pricelist!",,0,"03/02/2023 20:00",,https://www.facebook.com/pcmerchandise.co/posts/pfbid07409hradGlwkQgVjdtT0hRHlxBdtwGbUE1NxHaHlmuma0tycBcwFj2Ht,0,1,Photos,,,,,03/14/2023,,,0,0,0,0,0,0,,,,,
999195963962341,100064197037125,"PC Merchandise","𝐀𝐌𝟓 𝐁𝐮𝐢𝐥𝐝 𝐋𝐢𝐦𝐢𝐭𝐞𝐝 𝐒𝐚𝐥𝐞! 🚨
Experience next-gen performance with our latest builds. PM for pricelist!",,0,"03/02/2023 20:00",,https://www.facebook.com/pcmerchandise.co/posts/pfbid07409hradGlwkQgVjdtT0hRHlxBdtwGbUE1NxHaHlmuma0tycBcwFj2Ht,0,1,Photos,,,,,03/15/2023,,,0,0,0,0,0,0,,,,,
999195963962341,100064197037125,"PC Merchandise","𝐀𝐌𝟓 𝐁𝐮𝐢𝐥𝐝 𝐋𝐢𝐦𝐢𝐭𝐞𝐝 𝐒𝐚𝐥𝐞! 🚨
Experience next-gen performance with our latest builds. PM for pricelist!",,0,"03/02/2023 20:00",,https://www.facebook.com/pcmerchandise.co/posts/pfbid07409hradGlwkQgVjdtT0hRHlxBdtwGbUE1NxHaHlmuma0tycBcwFj2Ht,0,1,Photos,,,,,03/16/2023,,,0,0,0,0,0,0,,,,,
999195963962341,100064197037125,"PC Merchandise","𝐀𝐌𝟓 𝐁𝐮𝐢𝐥𝐝 𝐋𝐢𝐦𝐢𝐭𝐞𝐝 𝐒𝐚𝐥𝐞! 🚨
Experience next-gen performance with our latest builds. PM for pricelist!",,0,"03/02/2023 20:00",,https://www.facebook.com/pcmerchandise.co/posts/pfbid07409hradGlwkQgVjdtT0hRHlxBdtwGbUE1NxHaHlmuma0tycBcwFj2Ht,0,1,Photos,,,,,03/17/2023,,,0,0,0,0,0,0,,,,,
999195963962341,100064197037125,"PC Merchandise","𝐀𝐌𝟓 𝐁𝐮𝐢𝐥𝐝 𝐋𝐢𝐦𝐢𝐭𝐞𝐝 𝐒𝐚𝐥𝐞! 🚨
Experience next-gen performance with our latest builds. PM for pricelist!",,0,"03/02/2023 20:00",,https://www.facebook.com/pcmerchandise.co/posts/pfbid07409hradGlwkQgVjdtT0hRHlxBdtwGbUE1NxHaHlmuma0tycBcwFj2Ht,0,1,Photos,,,,,03/18/2023,,,0,0,0,0,0,0,,,,,
999195963962341,100064197037125,"PC Merchandise","𝐀𝐌𝟓 𝐁𝐮𝐢𝐥𝐝 𝐋𝐢𝐦𝐢𝐭𝐞𝐝 𝐒𝐚𝐥𝐞! 🚨
Experience next-gen performance with our latest builds. PM for pricelist!",,0,"03/02/2023 20:00",,https://www.facebook.com/pcmerchandise.co/posts/pfbid07409hradGlwkQgVjdtT0hRHlxBdtwGbUE1NxHaHlmuma0tycBcwFj2Ht,0,1,Photos,,,,,03/19/2023,,,0,0,0,0,0,0,,,,,
999195963962341,100064197037125,"PC Merchandise","𝐀𝐌𝟓 𝐁𝐮𝐢𝐥𝐝 𝐋𝐢𝐦𝐢𝐭𝐞𝐝 𝐒𝐚𝐥𝐞! 🚨
Experience next-gen performance with our latest builds. PM for pricelist!",,0,"03/02/2023 20:00",,https://www.facebook.com/pcmerchandise.co/posts/pfbid07409hradGlwkQgVjdtT0hRHlxBdtwGbUE1NxHaHlmuma0tycBcwFj2Ht,0,1,Photos,,,,,03/20/2023,,,0,0,0,0,0,0,,,,,
999195963962341,100064197037125,"PC Merchandise","𝐀𝐌𝟓 𝐁𝐮𝐢𝐥𝐝 𝐋𝐢𝐦𝐢𝐭𝐞𝐝 𝐒𝐚𝐥𝐞! 🚨
Experience next-gen performance with our latest builds. PM for pricelist!",,0,"03/02/2023 20:00",,https://www.facebook.com/pcmerchandise.co/posts/pfbid07409hradGlwkQgVjdtT0hRHlxBdtwGbUE1NxHaHlmuma0tycBcwFj2Ht,0,1,Photos,,,,,03/21/2023,,,0,0,0,0,0,0,,,,,
999195963962341,100064197037125,"PC Merchandise","𝐀𝐌𝟓 𝐁𝐮𝐢𝐥𝐝 𝐋𝐢𝐦𝐢𝐭𝐞𝐝 𝐒𝐚𝐥𝐞! 🚨
Experience next-gen performance with our latest builds. PM for pricelist!",,0,"03/02/2023 20:00",,https://www.facebook.com/pcmerchandise.co/posts/pfbid07409hradGlwkQgVjdtT0hRHlxBdtwGbUE1NxHaHlmuma0tycBcwFj2Ht,0,1,Photos,,,,,03/22/2023,,,0,0,0,0,0,0,,,,,
999195963962341,100064197037125,"PC Merchandise","𝐀𝐌𝟓 𝐁𝐮𝐢𝐥𝐝 𝐋𝐢𝐦𝐢𝐭𝐞𝐝 𝐒𝐚𝐥𝐞! 🚨
Experience next-gen performance with our latest builds. PM for pricelist!",,0,"03/02/2023 20:00",,https://www.facebook.com/pcmerchandise.co/posts/pfbid07409hradGlwkQgVjdtT0hRHlxBdtwGbUE1NxHaHlmuma0tycBcwFj2Ht,0,1,Photos,,,,,03/23/2023,,,0,0,0,0,0,0,,,,,
999195963962341,100064197037125,"PC Merchandise","𝐀𝐌𝟓 𝐁𝐮𝐢𝐥𝐝 𝐋𝐢𝐦𝐢𝐭𝐞𝐝 𝐒𝐚𝐥𝐞! 🚨
Experience next-gen performance with our latest builds. PM for pricelist!",,0,"03/02/2023 20:00",,https://www.facebook.com/pcmerchandise.co/posts/pfbid07409hradGlwkQgVjdtT0hRHlxBdtwGbUE1NxHaHlmuma0tycBcwFj2Ht,0,1,Photos,,,,,03/24/2023,,,0,0,0,0,0,0,,,,,
999195963962341,100064197037125,"PC Merchandise","𝐀𝐌𝟓 𝐁𝐮𝐢𝐥𝐝 𝐋𝐢𝐦𝐢𝐭𝐞𝐝 𝐒𝐚𝐥𝐞! 🚨
Experience next-gen performance with our latest builds. PM for pricelist!",,0,"03/02/2023 20:00",,https://www.facebook.com/pcmerchandise.co/posts/pfbid07409hradGlwkQgVjdtT0hRHlxBdtwGbUE1NxHaHlmuma0tycBcwFj2Ht,0,1,Photos,,,,,03/25/2023,,,0,0,0,0,0,0,,,,,
999195963962341,100064197037125,"PC Merchandise","𝐀𝐌𝟓 𝐁𝐮𝐢𝐥𝐝 𝐋𝐢𝐦𝐢𝐭𝐞𝐝 𝐒𝐚𝐥𝐞! 🚨
Experience next-gen performance with our latest builds. PM for pricelist!",,0,"03/02/2023 20:00",,https://www.facebook.com/pcmerchandise.co/posts/pfbid07409hradGlwkQgVjdtT0hRHlxBdtwGbUE1NxHaHlmuma0tycBcwFj2Ht,0,1,Photos,,,,,03/26/2023,,,0,0,0,0,0,0,,,,,
999195963962341,100064197037125,"PC Merchandise","𝐀𝐌𝟓 𝐁𝐮𝐢𝐥𝐝 𝐋𝐢𝐦𝐢𝐭𝐞𝐝 𝐒𝐚𝐥𝐞! 🚨
Experience next-gen performance with our latest builds. PM for pricelist!",,0,"03/02/2023 20:00",,https://www.facebook.com/pcmerchandise.co/posts/pfbid07409hradGlwkQgVjdtT0hRHlxBdtwGbUE1NxHaHlmuma0tycBcwFj2Ht,0,1,Photos,,,,,03/27/2023,,,0,0,0,0,0,0,,,,,
999195963962341,100064197037125,"PC Merchandise","𝐀𝐌𝟓 𝐁𝐮𝐢𝐥𝐝 𝐋𝐢𝐦𝐢𝐭𝐞𝐝 𝐒𝐚𝐥𝐞! 🚨
Experience next-gen performance with our latest builds. PM for pricelist!",,0,"03/02/2023 20:00",,https://www.facebook.com/pcmerchandise.co/posts/pfbid07409hradGlwkQgVjdtT0hRHlxBdtwGbUE1NxHaHlmuma0tycBcwFj2Ht,0,1,Photos,,,,,03/28/2023,,,0,0,0,0,0,0,,,,,
999195963962341,100064197037125,"PC Merchandise","𝐀𝐌𝟓 𝐁𝐮𝐢𝐥𝐝 𝐋𝐢𝐦𝐢𝐭𝐞𝐝 𝐒𝐚𝐥𝐞! 🚨
Experience next-gen performance with our latest builds. PM for pricelist!",,0,"03/02/2023 20:00",,https://www.facebook.com/pcmerchandise.co/posts/pfbid07409hradGlwkQgVjdtT0hRHlxBdtwGbUE1NxHaHlmuma0tycBcwFj2Ht,0,1,Photos,,,,,03/29/2023,,,0,0,0,0,0,0,,,,,
999195963962341,100064197037125,"PC Merchandise","𝐀𝐌𝟓 𝐁𝐮𝐢𝐥𝐝 𝐋𝐢𝐦𝐢𝐭𝐞𝐝 𝐒𝐚𝐥𝐞! 🚨
Experience next-gen performance with our latest builds. PM for pricelist!",,0,"03/02/2023 20:00",,https://www.facebook.com/pcmerchandise.co/posts/pfbid07409hradGlwkQgVjdtT0hRHlxBdtwGbUE1NxHaHlmuma0tycBcwFj2Ht,0,1,Photos,,,,,03/30/2023,,,0,0,0,0,0,0,,,,,
999195963962341,100064197037125,"PC Merchandise","𝐀𝐌𝟓 𝐁𝐮𝐢𝐥𝐝 𝐋𝐢𝐦𝐢𝐭𝐞𝐝 𝐒𝐚𝐥𝐞! 🚨
Experience next-gen performance with our latest builds. PM for pricelist!",,0,"03/02/2023 20:00",,https://www.facebook.com/pcmerchandise.co/posts/pfbid07409hradGlwkQgVjdtT0hRHlxBdtwGbUE1NxHaHlmuma0tycBcwFj2Ht,0,1,Photos,,,,,03/31/2023,,,0,0,0,0,0,0,,,,,
