"Post ID","Page ID","Page name",Title,Description,"Duration (sec)","Publish time","Caption type",Permalink,"Is crosspost","Is share","Post type",Languages,"Custom labels","Funded content status","Data comment",Date,Shares,"Approximate content monetization earnings","3-second video views","1-minute video views","3-Second viewers","1-minute viewers","3-second video views from Boosted posts","3-second video views from Organic posts","Reactions, Comments and Shares",Reactions,Comments,"Seconds viewed","Average Seconds viewed"
974888397304549,100064197037125,"PC Merchandise","𝐢𝟓 𝟏𝟎𝟒𝟎𝟎𝐅
𝐂𝐎𝐌𝐒𝐇𝐎𝐏 𝐏𝐀𝐂𝐊𝐀𝐆𝐄
#PCMERCHANDISE #PCMBUILDS",,0,"11/30/2022 19:15",,https://www.facebook.com/pcmerchandise.co/posts/pfbid03Jm4ZV9XWuSz0I4qvT9jYZleBx20YqnKF73XHx2cagENmD1ys16Rxesv,0,0,Photos,,,,,11/30/2022,1,,,,,,,,,,,,
974888397304549,100064197037125,"PC Merchandise","𝐢𝟓 𝟏𝟎𝟒𝟎𝟎𝐅
𝐂𝐎𝐌𝐒𝐇𝐎𝐏 𝐏𝐀𝐂𝐊𝐀𝐆𝐄
#PCMERCHANDISE #PCMBUILDS",,0,"11/30/2022 19:15",,https://www.facebook.com/pcmerchandise.co/posts/pfbid03Jm4ZV9XWuSz0I4qvT9jYZleBx20YqnKF73XHx2cagENmD1ys16Rxesv,0,0,Photos,,,,,11/01/2022,,,0,0,0,0,0,0,,,,,
974888397304549,100064197037125,"PC Merchandise","𝐢𝟓 𝟏𝟎𝟒𝟎𝟎𝐅
𝐂𝐎𝐌𝐒𝐇𝐎𝐏 𝐏𝐀𝐂𝐊𝐀𝐆𝐄
#PCMERCHANDISE #PCMBUILDS",,0,"11/30/2022 19:15",,https://www.facebook.com/pcmerchandise.co/posts/pfbid03Jm4ZV9XWuSz0I4qvT9jYZleBx20YqnKF73XHx2cagENmD1ys16Rxesv,0,0,Photos,,,,,11/02/2022,,,0,0,0,0,0,0,,,,,
974888397304549,100064197037125,"PC Merchandise","𝐢𝟓 𝟏𝟎𝟒𝟎𝟎𝐅
𝐂𝐎𝐌𝐒𝐇𝐎𝐏 𝐏𝐀𝐂𝐊𝐀𝐆𝐄
#PCMERCHANDISE #PCMBUILDS",,0,"11/30/2022 19:15",,https://www.facebook.com/pcmerchandise.co/posts/pfbid03Jm4ZV9XWuSz0I4qvT9jYZleBx20YqnKF73XHx2cagENmD1ys16Rxesv,0,0,Photos,,,,,11/03/2022,,,0,0,0,0,0,0,,,,,
974888397304549,100064197037125,"PC Merchandise","𝐢𝟓 𝟏𝟎𝟒𝟎𝟎𝐅
𝐂𝐎𝐌𝐒𝐇𝐎𝐏 𝐏𝐀𝐂𝐊𝐀𝐆𝐄
#PCMERCHANDISE #PCMBUILDS",,0,"11/30/2022 19:15",,https://www.facebook.com/pcmerchandise.co/posts/pfbid03Jm4ZV9XWuSz0I4qvT9jYZleBx20YqnKF73XHx2cagENmD1ys16Rxesv,0,0,Photos,,,,,11/04/2022,,,0,0,0,0,0,0,,,,,
974888397304549,100064197037125,"PC Merchandise","𝐢𝟓 𝟏𝟎𝟒𝟎𝟎𝐅
𝐂𝐎𝐌𝐒𝐇𝐎𝐏 𝐏𝐀𝐂𝐊𝐀𝐆𝐄
#PCMERCHANDISE #PCMBUILDS",,0,"11/30/2022 19:15",,https://www.facebook.com/pcmerchandise.co/posts/pfbid03Jm4ZV9XWuSz0I4qvT9jYZleBx20YqnKF73XHx2cagENmD1ys16Rxesv,0,0,Photos,,,,,11/05/2022,,,0,0,0,0,0,0,,,,,
974888397304549,100064197037125,"PC Merchandise","𝐢𝟓 𝟏𝟎𝟒𝟎𝟎𝐅
𝐂𝐎𝐌𝐒𝐇𝐎𝐏 𝐏𝐀𝐂𝐊𝐀𝐆𝐄
#PCMERCHANDISE #PCMBUILDS",,0,"11/30/2022 19:15",,https://www.facebook.com/pcmerchandise.co/posts/pfbid03Jm4ZV9XWuSz0I4qvT9jYZleBx20YqnKF73XHx2cagENmD1ys16Rxesv,0,0,Photos,,,,,11/06/2022,,,0,0,0,0,0,0,,,,,
974888397304549,100064197037125,"PC Merchandise","𝐢𝟓 𝟏𝟎𝟒𝟎𝟎𝐅
𝐂𝐎𝐌𝐒𝐇𝐎𝐏 𝐏𝐀𝐂𝐊𝐀𝐆𝐄
#PCMERCHANDISE #PCMBUILDS",,0,"11/30/2022 19:15",,https://www.facebook.com/pcmerchandise.co/posts/pfbid03Jm4ZV9XWuSz0I4qvT9jYZleBx20YqnKF73XHx2cagENmD1ys16Rxesv,0,0,Photos,,,,,11/07/2022,,,0,0,0,0,0,0,,,,,
974888397304549,100064197037125,"PC Merchandise","𝐢𝟓 𝟏𝟎𝟒𝟎𝟎𝐅
𝐂𝐎𝐌𝐒𝐇𝐎𝐏 𝐏𝐀𝐂𝐊𝐀𝐆𝐄
#PCMERCHANDISE #PCMBUILDS",,0,"11/30/2022 19:15",,https://www.facebook.com/pcmerchandise.co/posts/pfbid03Jm4ZV9XWuSz0I4qvT9jYZleBx20YqnKF73XHx2cagENmD1ys16Rxesv,0,0,Photos,,,,,11/08/2022,,,0,0,0,0,0,0,,,,,
974888397304549,100064197037125,"PC Merchandise","𝐢𝟓 𝟏𝟎𝟒𝟎𝟎𝐅
𝐂𝐎𝐌𝐒𝐇𝐎𝐏 𝐏𝐀𝐂𝐊𝐀𝐆𝐄
#PCMERCHANDISE #PCMBUILDS",,0,"11/30/2022 19:15",,https://www.facebook.com/pcmerchandise.co/posts/pfbid03Jm4ZV9XWuSz0I4qvT9jYZleBx20YqnKF73XHx2cagENmD1ys16Rxesv,0,0,Photos,,,,,11/09/2022,,,0,0,0,0,0,0,,,,,
974888397304549,100064197037125,"PC Merchandise","𝐢𝟓 𝟏𝟎𝟒𝟎𝟎𝐅
𝐂𝐎𝐌𝐒𝐇𝐎𝐏 𝐏𝐀𝐂𝐊𝐀𝐆𝐄
#PCMERCHANDISE #PCMBUILDS",,0,"11/30/2022 19:15",,https://www.facebook.com/pcmerchandise.co/posts/pfbid03Jm4ZV9XWuSz0I4qvT9jYZleBx20YqnKF73XHx2cagENmD1ys16Rxesv,0,0,Photos,,,,,11/10/2022,,,0,0,0,0,0,0,,,,,
974888397304549,100064197037125,"PC Merchandise","𝐢𝟓 𝟏𝟎𝟒𝟎𝟎𝐅
𝐂𝐎𝐌𝐒𝐇𝐎𝐏 𝐏𝐀𝐂𝐊𝐀𝐆𝐄
#PCMERCHANDISE #PCMBUILDS",,0,"11/30/2022 19:15",,https://www.facebook.com/pcmerchandise.co/posts/pfbid03Jm4ZV9XWuSz0I4qvT9jYZleBx20YqnKF73XHx2cagENmD1ys16Rxesv,0,0,Photos,,,,,11/11/2022,,,0,0,0,0,0,0,,,,,
974888397304549,100064197037125,"PC Merchandise","𝐢𝟓 𝟏𝟎𝟒𝟎𝟎𝐅
𝐂𝐎𝐌𝐒𝐇𝐎𝐏 𝐏𝐀𝐂𝐊𝐀𝐆𝐄
#PCMERCHANDISE #PCMBUILDS",,0,"11/30/2022 19:15",,https://www.facebook.com/pcmerchandise.co/posts/pfbid03Jm4ZV9XWuSz0I4qvT9jYZleBx20YqnKF73XHx2cagENmD1ys16Rxesv,0,0,Photos,,,,,11/12/2022,,,0,0,0,0,0,0,,,,,
974888397304549,100064197037125,"PC Merchandise","𝐢𝟓 𝟏𝟎𝟒𝟎𝟎𝐅
𝐂𝐎𝐌𝐒𝐇𝐎𝐏 𝐏𝐀𝐂𝐊𝐀𝐆𝐄
#PCMERCHANDISE #PCMBUILDS",,0,"11/30/2022 19:15",,https://www.facebook.com/pcmerchandise.co/posts/pfbid03Jm4ZV9XWuSz0I4qvT9jYZleBx20YqnKF73XHx2cagENmD1ys16Rxesv,0,0,Photos,,,,,11/13/2022,,,0,0,0,0,0,0,,,,,
974888397304549,100064197037125,"PC Merchandise","𝐢𝟓 𝟏𝟎𝟒𝟎𝟎𝐅
𝐂𝐎𝐌𝐒𝐇𝐎𝐏 𝐏𝐀𝐂𝐊𝐀𝐆𝐄
#PCMERCHANDISE #PCMBUILDS",,0,"11/30/2022 19:15",,https://www.facebook.com/pcmerchandise.co/posts/pfbid03Jm4ZV9XWuSz0I4qvT9jYZleBx20YqnKF73XHx2cagENmD1ys16Rxesv,0,0,Photos,,,,,11/14/2022,,,0,0,0,0,0,0,,,,,
974888397304549,100064197037125,"PC Merchandise","𝐢𝟓 𝟏𝟎𝟒𝟎𝟎𝐅
𝐂𝐎𝐌𝐒𝐇𝐎𝐏 𝐏𝐀𝐂𝐊𝐀𝐆𝐄
#PCMERCHANDISE #PCMBUILDS",,0,"11/30/2022 19:15",,https://www.facebook.com/pcmerchandise.co/posts/pfbid03Jm4ZV9XWuSz0I4qvT9jYZleBx20YqnKF73XHx2cagENmD1ys16Rxesv,0,0,Photos,,,,,11/15/2022,,,0,0,0,0,0,0,,,,,
974888397304549,100064197037125,"PC Merchandise","𝐢𝟓 𝟏𝟎𝟒𝟎𝟎𝐅
𝐂𝐎𝐌𝐒𝐇𝐎𝐏 𝐏𝐀𝐂𝐊𝐀𝐆𝐄
#PCMERCHANDISE #PCMBUILDS",,0,"11/30/2022 19:15",,https://www.facebook.com/pcmerchandise.co/posts/pfbid03Jm4ZV9XWuSz0I4qvT9jYZleBx20YqnKF73XHx2cagENmD1ys16Rxesv,0,0,Photos,,,,,11/16/2022,,,0,0,0,0,0,0,,,,,
974888397304549,100064197037125,"PC Merchandise","𝐢𝟓 𝟏𝟎𝟒𝟎𝟎𝐅
𝐂𝐎𝐌𝐒𝐇𝐎𝐏 𝐏𝐀𝐂𝐊𝐀𝐆𝐄
#PCMERCHANDISE #PCMBUILDS",,0,"11/30/2022 19:15",,https://www.facebook.com/pcmerchandise.co/posts/pfbid03Jm4ZV9XWuSz0I4qvT9jYZleBx20YqnKF73XHx2cagENmD1ys16Rxesv,0,0,Photos,,,,,11/17/2022,,,0,0,0,0,0,0,,,,,
974888397304549,100064197037125,"PC Merchandise","𝐢𝟓 𝟏𝟎𝟒𝟎𝟎𝐅
𝐂𝐎𝐌𝐒𝐇𝐎𝐏 𝐏𝐀𝐂𝐊𝐀𝐆𝐄
#PCMERCHANDISE #PCMBUILDS",,0,"11/30/2022 19:15",,https://www.facebook.com/pcmerchandise.co/posts/pfbid03Jm4ZV9XWuSz0I4qvT9jYZleBx20YqnKF73XHx2cagENmD1ys16Rxesv,0,0,Photos,,,,,11/18/2022,,,0,0,0,0,0,0,,,,,
974888397304549,100064197037125,"PC Merchandise","𝐢𝟓 𝟏𝟎𝟒𝟎𝟎𝐅
𝐂𝐎𝐌𝐒𝐇𝐎𝐏 𝐏𝐀𝐂𝐊𝐀𝐆𝐄
#PCMERCHANDISE #PCMBUILDS",,0,"11/30/2022 19:15",,https://www.facebook.com/pcmerchandise.co/posts/pfbid03Jm4ZV9XWuSz0I4qvT9jYZleBx20YqnKF73XHx2cagENmD1ys16Rxesv,0,0,Photos,,,,,11/19/2022,,,0,0,0,0,0,0,,,,,
974888397304549,100064197037125,"PC Merchandise","𝐢𝟓 𝟏𝟎𝟒𝟎𝟎𝐅
𝐂𝐎𝐌𝐒𝐇𝐎𝐏 𝐏𝐀𝐂𝐊𝐀𝐆𝐄
#PCMERCHANDISE #PCMBUILDS",,0,"11/30/2022 19:15",,https://www.facebook.com/pcmerchandise.co/posts/pfbid03Jm4ZV9XWuSz0I4qvT9jYZleBx20YqnKF73XHx2cagENmD1ys16Rxesv,0,0,Photos,,,,,11/20/2022,,,0,0,0,0,0,0,,,,,
974888397304549,100064197037125,"PC Merchandise","𝐢𝟓 𝟏𝟎𝟒𝟎𝟎𝐅
𝐂𝐎𝐌𝐒𝐇𝐎𝐏 𝐏𝐀𝐂𝐊𝐀𝐆𝐄
#PCMERCHANDISE #PCMBUILDS",,0,"11/30/2022 19:15",,https://www.facebook.com/pcmerchandise.co/posts/pfbid03Jm4ZV9XWuSz0I4qvT9jYZleBx20YqnKF73XHx2cagENmD1ys16Rxesv,0,0,Photos,,,,,11/21/2022,,,0,0,0,0,0,0,,,,,
974888397304549,100064197037125,"PC Merchandise","𝐢𝟓 𝟏𝟎𝟒𝟎𝟎𝐅
𝐂𝐎𝐌𝐒𝐇𝐎𝐏 𝐏𝐀𝐂𝐊𝐀𝐆𝐄
#PCMERCHANDISE #PCMBUILDS",,0,"11/30/2022 19:15",,https://www.facebook.com/pcmerchandise.co/posts/pfbid03Jm4ZV9XWuSz0I4qvT9jYZleBx20YqnKF73XHx2cagENmD1ys16Rxesv,0,0,Photos,,,,,11/22/2022,,,0,0,0,0,0,0,,,,,
974888397304549,100064197037125,"PC Merchandise","𝐢𝟓 𝟏𝟎𝟒𝟎𝟎𝐅
𝐂𝐎𝐌𝐒𝐇𝐎𝐏 𝐏𝐀𝐂𝐊𝐀𝐆𝐄
#PCMERCHANDISE #PCMBUILDS",,0,"11/30/2022 19:15",,https://www.facebook.com/pcmerchandise.co/posts/pfbid03Jm4ZV9XWuSz0I4qvT9jYZleBx20YqnKF73XHx2cagENmD1ys16Rxesv,0,0,Photos,,,,,11/23/2022,,,0,0,0,0,0,0,,,,,
974888397304549,100064197037125,"PC Merchandise","𝐢𝟓 𝟏𝟎𝟒𝟎𝟎𝐅
𝐂𝐎𝐌𝐒𝐇𝐎𝐏 𝐏𝐀𝐂𝐊𝐀𝐆𝐄
#PCMERCHANDISE #PCMBUILDS",,0,"11/30/2022 19:15",,https://www.facebook.com/pcmerchandise.co/posts/pfbid03Jm4ZV9XWuSz0I4qvT9jYZleBx20YqnKF73XHx2cagENmD1ys16Rxesv,0,0,Photos,,,,,11/24/2022,,,0,0,0,0,0,0,,,,,
974888397304549,100064197037125,"PC Merchandise","𝐢𝟓 𝟏𝟎𝟒𝟎𝟎𝐅
𝐂𝐎𝐌𝐒𝐇𝐎𝐏 𝐏𝐀𝐂𝐊𝐀𝐆𝐄
#PCMERCHANDISE #PCMBUILDS",,0,"11/30/2022 19:15",,https://www.facebook.com/pcmerchandise.co/posts/pfbid03Jm4ZV9XWuSz0I4qvT9jYZleBx20YqnKF73XHx2cagENmD1ys16Rxesv,0,0,Photos,,,,,11/25/2022,,,0,0,0,0,0,0,,,,,
974888397304549,100064197037125,"PC Merchandise","𝐢𝟓 𝟏𝟎𝟒𝟎𝟎𝐅
𝐂𝐎𝐌𝐒𝐇𝐎𝐏 𝐏𝐀𝐂𝐊𝐀𝐆𝐄
#PCMERCHANDISE #PCMBUILDS",,0,"11/30/2022 19:15",,https://www.facebook.com/pcmerchandise.co/posts/pfbid03Jm4ZV9XWuSz0I4qvT9jYZleBx20YqnKF73XHx2cagENmD1ys16Rxesv,0,0,Photos,,,,,11/26/2022,,,0,0,0,0,0,0,,,,,
974888397304549,100064197037125,"PC Merchandise","𝐢𝟓 𝟏𝟎𝟒𝟎𝟎𝐅
𝐂𝐎𝐌𝐒𝐇𝐎𝐏 𝐏𝐀𝐂𝐊𝐀𝐆𝐄
#PCMERCHANDISE #PCMBUILDS",,0,"11/30/2022 19:15",,https://www.facebook.com/pcmerchandise.co/posts/pfbid03Jm4ZV9XWuSz0I4qvT9jYZleBx20YqnKF73XHx2cagENmD1ys16Rxesv,0,0,Photos,,,,,11/27/2022,,,0,0,0,0,0,0,,,,,
974888397304549,100064197037125,"PC Merchandise","𝐢𝟓 𝟏𝟎𝟒𝟎𝟎𝐅
𝐂𝐎𝐌𝐒𝐇𝐎𝐏 𝐏𝐀𝐂𝐊𝐀𝐆𝐄
#PCMERCHANDISE #PCMBUILDS",,0,"11/30/2022 19:15",,https://www.facebook.com/pcmerchandise.co/posts/pfbid03Jm4ZV9XWuSz0I4qvT9jYZleBx20YqnKF73XHx2cagENmD1ys16Rxesv,0,0,Photos,,,,,11/28/2022,,,0,0,0,0,0,0,,,,,
974888397304549,100064197037125,"PC Merchandise","𝐢𝟓 𝟏𝟎𝟒𝟎𝟎𝐅
𝐂𝐎𝐌𝐒𝐇𝐎𝐏 𝐏𝐀𝐂𝐊𝐀𝐆𝐄
#PCMERCHANDISE #PCMBUILDS",,0,"11/30/2022 19:15",,https://www.facebook.com/pcmerchandise.co/posts/pfbid03Jm4ZV9XWuSz0I4qvT9jYZleBx20YqnKF73XHx2cagENmD1ys16Rxesv,0,0,Photos,,,,,11/29/2022,,,0,0,0,0,0,0,,,,,
974888397304549,100064197037125,"PC Merchandise","𝐢𝟓 𝟏𝟎𝟒𝟎𝟎𝐅
𝐂𝐎𝐌𝐒𝐇𝐎𝐏 𝐏𝐀𝐂𝐊𝐀𝐆𝐄
#PCMERCHANDISE #PCMBUILDS",,0,"11/30/2022 19:15",,https://www.facebook.com/pcmerchandise.co/posts/pfbid03Jm4ZV9XWuSz0I4qvT9jYZleBx20YqnKF73XHx2cagENmD1ys16Rxesv,0,0,Photos,,,,,11/30/2022,,,0,0,0,0,0,0,,,,,
975034479855435,100064197037125,"PC Merchandise","𝐑𝐘𝐙𝐄𝐍 𝟑 𝟑𝟐𝟎𝟎𝐆 (𝟏𝟎𝐏𝐂𝐒)
𝐆𝐀𝐌𝐈𝐍𝐆 𝐁𝐔𝐈𝐋𝐃
#PCMERCHANDISE #PCMBUILDS",,64,"11/30/2022 02:00",mixed,https://www.facebook.com/reel/1881364750429349/,0,0,Reels,,,,,11/01/2022,0,,,,,,0,0,0,0,0,0.000,4.380
975034479855435,100064197037125,"PC Merchandise","𝐑𝐘𝐙𝐄𝐍 𝟑 𝟑𝟐𝟎𝟎𝐆 (𝟏𝟎𝐏𝐂𝐒)
𝐆𝐀𝐌𝐈𝐍𝐆 𝐁𝐔𝐈𝐋𝐃
#PCMERCHANDISE #PCMBUILDS",,64,"11/30/2022 02:00",mixed,https://www.facebook.com/reel/1881364750429349/,0,0,Reels,,,,,11/02/2022,0,,,,,,0,0,0,0,0,0.000,1.643
975034479855435,100064197037125,"PC Merchandise","𝐑𝐘𝐙𝐄𝐍 𝟑 𝟑𝟐𝟎𝟎𝐆 (𝟏𝟎𝐏𝐂𝐒)
𝐆𝐀𝐌𝐈𝐍𝐆 𝐁𝐔𝐈𝐋𝐃
#PCMERCHANDISE #PCMBUILDS",,64,"11/30/2022 02:00",mixed,https://www.facebook.com/reel/1881364750429349/,0,0,Reels,,,,,11/03/2022,0,,,,,,0,0,0,0,0,0.000,4.423
975034479855435,100064197037125,"PC Merchandise","𝐑𝐘𝐙𝐄𝐍 𝟑 𝟑𝟐𝟎𝟎𝐆 (𝟏𝟎𝐏𝐂𝐒)
𝐆𝐀𝐌𝐈𝐍𝐆 𝐁𝐔𝐈𝐋𝐃
#PCMERCHANDISE #PCMBUILDS",,64,"11/30/2022 02:00",mixed,https://www.facebook.com/reel/1881364750429349/,0,0,Reels,,,,,11/04/2022,0,,,,,,0,0,0,0,0,0.000,2.489
975034479855435,100064197037125,"PC Merchandise","𝐑𝐘𝐙𝐄𝐍 𝟑 𝟑𝟐𝟎𝟎𝐆 (𝟏𝟎𝐏𝐂𝐒)
𝐆𝐀𝐌𝐈𝐍𝐆 𝐁𝐔𝐈𝐋𝐃
#PCMERCHANDISE #PCMBUILDS",,64,"11/30/2022 02:00",mixed,https://www.facebook.com/reel/1881364750429349/,0,0,Reels,,,,,11/05/2022,0,,,,,,0,0,0,0,0,0.000,2.797
975034479855435,100064197037125,"PC Merchandise","𝐑𝐘𝐙𝐄𝐍 𝟑 𝟑𝟐𝟎𝟎𝐆 (𝟏𝟎𝐏𝐂𝐒)
𝐆𝐀𝐌𝐈𝐍𝐆 𝐁𝐔𝐈𝐋𝐃
#PCMERCHANDISE #PCMBUILDS",,64,"11/30/2022 02:00",mixed,https://www.facebook.com/reel/1881364750429349/,0,0,Reels,,,,,11/06/2022,0,,,,,,0,0,0,0,0,0.000,3.849
975034479855435,100064197037125,"PC Merchandise","𝐑𝐘𝐙𝐄𝐍 𝟑 𝟑𝟐𝟎𝟎𝐆 (𝟏𝟎𝐏𝐂𝐒)
𝐆𝐀𝐌𝐈𝐍𝐆 𝐁𝐔𝐈𝐋𝐃
#PCMERCHANDISE #PCMBUILDS",,64,"11/30/2022 02:00",mixed,https://www.facebook.com/reel/1881364750429349/,0,0,Reels,,,,,11/07/2022,0,,,,,,0,0,0,0,0,0.000,3.692
975034479855435,100064197037125,"PC Merchandise","𝐑𝐘𝐙𝐄𝐍 𝟑 𝟑𝟐𝟎𝟎𝐆 (𝟏𝟎𝐏𝐂𝐒)
𝐆𝐀𝐌𝐈𝐍𝐆 𝐁𝐔𝐈𝐋𝐃
#PCMERCHANDISE #PCMBUILDS",,64,"11/30/2022 02:00",mixed,https://www.facebook.com/reel/1881364750429349/,0,0,Reels,,,,,11/08/2022,0,,,,,,0,0,0,0,0,0.000,3.598
975034479855435,100064197037125,"PC Merchandise","𝐑𝐘𝐙𝐄𝐍 𝟑 𝟑𝟐𝟎𝟎𝐆 (𝟏𝟎𝐏𝐂𝐒)
𝐆𝐀𝐌𝐈𝐍𝐆 𝐁𝐔𝐈𝐋𝐃
#PCMERCHANDISE #PCMBUILDS",,64,"11/30/2022 02:00",mixed,https://www.facebook.com/reel/1881364750429349/,0,0,Reels,,,,,11/09/2022,0,,,,,,0,0,0,0,0,0.000,3.069
975034479855435,100064197037125,"PC Merchandise","𝐑𝐘𝐙𝐄𝐍 𝟑 𝟑𝟐𝟎𝟎𝐆 (𝟏𝟎𝐏𝐂𝐒)
𝐆𝐀𝐌𝐈𝐍𝐆 𝐁𝐔𝐈𝐋𝐃
#PCMERCHANDISE #PCMBUILDS",,64,"11/30/2022 02:00",mixed,https://www.facebook.com/reel/1881364750429349/,0,0,Reels,,,,,11/10/2022,0,,,,,,0,0,0,0,0,0.000,2.215
975034479855435,100064197037125,"PC Merchandise","𝐑𝐘𝐙𝐄𝐍 𝟑 𝟑𝟐𝟎𝟎𝐆 (𝟏𝟎𝐏𝐂𝐒)
𝐆𝐀𝐌𝐈𝐍𝐆 𝐁𝐔𝐈𝐋𝐃
#PCMERCHANDISE #PCMBUILDS",,64,"11/30/2022 02:00",mixed,https://www.facebook.com/reel/1881364750429349/,0,0,Reels,,,,,11/11/2022,0,,,,,,0,0,0,0,0,0.000,3.410
975034479855435,100064197037125,"PC Merchandise","𝐑𝐘𝐙𝐄𝐍 𝟑 𝟑𝟐𝟎𝟎𝐆 (𝟏𝟎𝐏𝐂𝐒)
𝐆𝐀𝐌𝐈𝐍𝐆 𝐁𝐔𝐈𝐋𝐃
#PCMERCHANDISE #PCMBUILDS",,64,"11/30/2022 02:00",mixed,https://www.facebook.com/reel/1881364750429349/,0,0,Reels,,,,,11/12/2022,0,,,,,,0,0,0,0,0,0.000,3.125
975034479855435,100064197037125,"PC Merchandise","𝐑𝐘𝐙𝐄𝐍 𝟑 𝟑𝟐𝟎𝟎𝐆 (𝟏𝟎𝐏𝐂𝐒)
𝐆𝐀𝐌𝐈𝐍𝐆 𝐁𝐔𝐈𝐋𝐃
#PCMERCHANDISE #PCMBUILDS",,64,"11/30/2022 02:00",mixed,https://www.facebook.com/reel/1881364750429349/,0,0,Reels,,,,,11/13/2022,0,,,,,,0,0,0,0,0,0.000,4.054
975034479855435,100064197037125,"PC Merchandise","𝐑𝐘𝐙𝐄𝐍 𝟑 𝟑𝟐𝟎𝟎𝐆 (𝟏𝟎𝐏𝐂𝐒)
𝐆𝐀𝐌𝐈𝐍𝐆 𝐁𝐔𝐈𝐋𝐃
#PCMERCHANDISE #PCMBUILDS",,64,"11/30/2022 02:00",mixed,https://www.facebook.com/reel/1881364750429349/,0,0,Reels,,,,,11/14/2022,0,,,,,,0,0,0,0,0,0.000,2.134
975034479855435,100064197037125,"PC Merchandise","𝐑𝐘𝐙𝐄𝐍 𝟑 𝟑𝟐𝟎𝟎𝐆 (𝟏𝟎𝐏𝐂𝐒)
𝐆𝐀𝐌𝐈𝐍𝐆 𝐁𝐔𝐈𝐋𝐃
#PCMERCHANDISE #PCMBUILDS",,64,"11/30/2022 02:00",mixed,https://www.facebook.com/reel/1881364750429349/,0,0,Reels,,,,,11/15/2022,0,,,,,,0,0,0,0,0,0.000,1.500
975034479855435,100064197037125,"PC Merchandise","𝐑𝐘𝐙𝐄𝐍 𝟑 𝟑𝟐𝟎𝟎𝐆 (𝟏𝟎𝐏𝐂𝐒)
𝐆𝐀𝐌𝐈𝐍𝐆 𝐁𝐔𝐈𝐋𝐃
#PCMERCHANDISE #PCMBUILDS",,64,"11/30/2022 02:00",mixed,https://www.facebook.com/reel/1881364750429349/,0,0,Reels,,,,,11/16/2022,0,,,,,,0,0,0,0,0,0.000,5.431
975034479855435,100064197037125,"PC Merchandise","𝐑𝐘𝐙𝐄𝐍 𝟑 𝟑𝟐𝟎𝟎𝐆 (𝟏𝟎𝐏𝐂𝐒)
𝐆𝐀𝐌𝐈𝐍𝐆 𝐁𝐔𝐈𝐋𝐃
#PCMERCHANDISE #PCMBUILDS",,64,"11/30/2022 02:00",mixed,https://www.facebook.com/reel/1881364750429349/,0,0,Reels,,,,,11/17/2022,0,,,,,,0,0,0,0,0,0.000,2.311
975034479855435,100064197037125,"PC Merchandise","𝐑𝐘𝐙𝐄𝐍 𝟑 𝟑𝟐𝟎𝟎𝐆 (𝟏𝟎𝐏𝐂𝐒)
𝐆𝐀𝐌𝐈𝐍𝐆 𝐁𝐔𝐈𝐋𝐃
#PCMERCHANDISE #PCMBUILDS",,64,"11/30/2022 02:00",mixed,https://www.facebook.com/reel/1881364750429349/,0,0,Reels,,,,,11/18/2022,0,,,,,,0,0,0,0,0,0.000,3.839
975034479855435,100064197037125,"PC Merchandise","𝐑𝐘𝐙𝐄𝐍 𝟑 𝟑𝟐𝟎𝟎𝐆 (𝟏𝟎𝐏𝐂𝐒)
𝐆𝐀𝐌𝐈𝐍𝐆 𝐁𝐔𝐈𝐋𝐃
#PCMERCHANDISE #PCMBUILDS",,64,"11/30/2022 02:00",mixed,https://www.facebook.com/reel/1881364750429349/,0,0,Reels,,,,,11/19/2022,0,,,,,,0,0,0,0,0,0.000,3.982
975034479855435,100064197037125,"PC Merchandise","𝐑𝐘𝐙𝐄𝐍 𝟑 𝟑𝟐𝟎𝟎𝐆 (𝟏𝟎𝐏𝐂𝐒)
𝐆𝐀𝐌𝐈𝐍𝐆 𝐁𝐔𝐈𝐋𝐃
#PCMERCHANDISE #PCMBUILDS",,64,"11/30/2022 02:00",mixed,https://www.facebook.com/reel/1881364750429349/,0,0,Reels,,,,,11/20/2022,0,,,,,,0,0,0,0,0,0.000,4.077
975034479855435,100064197037125,"PC Merchandise","𝐑𝐘𝐙𝐄𝐍 𝟑 𝟑𝟐𝟎𝟎𝐆 (𝟏𝟎𝐏𝐂𝐒)
𝐆𝐀𝐌𝐈𝐍𝐆 𝐁𝐔𝐈𝐋𝐃
#PCMERCHANDISE #PCMBUILDS",,64,"11/30/2022 02:00",mixed,https://www.facebook.com/reel/1881364750429349/,0,0,Reels,,,,,11/21/2022,0,,,,,,0,0,0,0,0,0.000,3.864
975034479855435,100064197037125,"PC Merchandise","𝐑𝐘𝐙𝐄𝐍 𝟑 𝟑𝟐𝟎𝟎𝐆 (𝟏𝟎𝐏𝐂𝐒)
𝐆𝐀𝐌𝐈𝐍𝐆 𝐁𝐔𝐈𝐋𝐃
#PCMERCHANDISE #PCMBUILDS",,64,"11/30/2022 02:00",mixed,https://www.facebook.com/reel/1881364750429349/,0,0,Reels,,,,,11/22/2022,0,,,,,,0,0,0,0,0,0.000,2.908
975034479855435,100064197037125,"PC Merchandise","𝐑𝐘𝐙𝐄𝐍 𝟑 𝟑𝟐𝟎𝟎𝐆 (𝟏𝟎𝐏𝐂𝐒)
𝐆𝐀𝐌𝐈𝐍𝐆 𝐁𝐔𝐈𝐋𝐃
#PCMERCHANDISE #PCMBUILDS",,64,"11/30/2022 02:00",mixed,https://www.facebook.com/reel/1881364750429349/,0,0,Reels,,,,,11/23/2022,0,,,,,,0,0,0,0,0,0.000,3.166
975034479855435,100064197037125,"PC Merchandise","𝐑𝐘𝐙𝐄𝐍 𝟑 𝟑𝟐𝟎𝟎𝐆 (𝟏𝟎𝐏𝐂𝐒)
𝐆𝐀𝐌𝐈𝐍𝐆 𝐁𝐔𝐈𝐋𝐃
#PCMERCHANDISE #PCMBUILDS",,64,"11/30/2022 02:00",mixed,https://www.facebook.com/reel/1881364750429349/,0,0,Reels,,,,,11/24/2022,0,,,,,,0,0,0,0,0,0.000,3.680
975034479855435,100064197037125,"PC Merchandise","𝐑𝐘𝐙𝐄𝐍 𝟑 𝟑𝟐𝟎𝟎𝐆 (𝟏𝟎𝐏𝐂𝐒)
𝐆𝐀𝐌𝐈𝐍𝐆 𝐁𝐔𝐈𝐋𝐃
#PCMERCHANDISE #PCMBUILDS",,64,"11/30/2022 02:00",mixed,https://www.facebook.com/reel/1881364750429349/,0,0,Reels,,,,,11/25/2022,0,,,,,,0,0,0,0,0,0.000,4.871
975034479855435,100064197037125,"PC Merchandise","𝐑𝐘𝐙𝐄𝐍 𝟑 𝟑𝟐𝟎𝟎𝐆 (𝟏𝟎𝐏𝐂𝐒)
𝐆𝐀𝐌𝐈𝐍𝐆 𝐁𝐔𝐈𝐋𝐃
#PCMERCHANDISE #PCMBUILDS",,64,"11/30/2022 02:00",mixed,https://www.facebook.com/reel/1881364750429349/,0,0,Reels,,,,,11/26/2022,0,,,,,,0,0,0,0,0,0.000,3.050
975034479855435,100064197037125,"PC Merchandise","𝐑𝐘𝐙𝐄𝐍 𝟑 𝟑𝟐𝟎𝟎𝐆 (𝟏𝟎𝐏𝐂𝐒)
𝐆𝐀𝐌𝐈𝐍𝐆 𝐁𝐔𝐈𝐋𝐃
#PCMERCHANDISE #PCMBUILDS",,64,"11/30/2022 02:00",mixed,https://www.facebook.com/reel/1881364750429349/,0,0,Reels,,,,,11/27/2022,0,,,,,,0,0,0,0,0,0.000,3.544
975034479855435,100064197037125,"PC Merchandise","𝐑𝐘𝐙𝐄𝐍 𝟑 𝟑𝟐𝟎𝟎𝐆 (𝟏𝟎𝐏𝐂𝐒)
𝐆𝐀𝐌𝐈𝐍𝐆 𝐁𝐔𝐈𝐋𝐃
#PCMERCHANDISE #PCMBUILDS",,64,"11/30/2022 02:00",mixed,https://www.facebook.com/reel/1881364750429349/,0,0,Reels,,,,,11/28/2022,0,,,,,,0,0,0,0,0,0.000,3.254
975034479855435,100064197037125,"PC Merchandise","𝐑𝐘𝐙𝐄𝐍 𝟑 𝟑𝟐𝟎𝟎𝐆 (𝟏𝟎𝐏𝐂𝐒)
𝐆𝐀𝐌𝐈𝐍𝐆 𝐁𝐔𝐈𝐋𝐃
#PCMERCHANDISE #PCMBUILDS",,64,"11/30/2022 02:00",mixed,https://www.facebook.com/reel/1881364750429349/,0,0,Reels,,,,,11/29/2022,0,,,,,,0,0,0,0,0,0.000,1.632
975034479855435,100064197037125,"PC Merchandise","𝐑𝐘𝐙𝐄𝐍 𝟑 𝟑𝟐𝟎𝟎𝐆 (𝟏𝟎𝐏𝐂𝐒)
𝐆𝐀𝐌𝐈𝐍𝐆 𝐁𝐔𝐈𝐋𝐃
#PCMERCHANDISE #PCMBUILDS",,64,"11/30/2022 02:00",mixed,https://www.facebook.com/reel/1881364750429349/,0,0,Reels,,,,,11/30/2022,0,,,,,,0,0,1,1,0,297.470,1.861
975166876980414,100064197037125,"PC Merchandise","Do you want an aesthetic build that matches your gaming needs? i5 10400F builds available now!",,0,"11/29/2022 22:30",,https://www.facebook.com/pcmerchandise.co/posts/pfbid0kjwpo7iTl02RLeShSNoP3RwjhWLPtH9D9OgmmyDChoAIQ7In13j24VyF,0,0,Photos,,,,,11/30/2022,1,,,,,,,,,,,,
975166876980414,100064197037125,"PC Merchandise","Do you want an aesthetic build that matches your gaming needs? i5 10400F builds available now!",,0,"11/29/2022 22:30",,https://www.facebook.com/pcmerchandise.co/posts/pfbid0kjwpo7iTl02RLeShSNoP3RwjhWLPtH9D9OgmmyDChoAIQ7In13j24VyF,0,0,Photos,,,,,11/01/2022,,,0,0,0,0,0,0,,,,,
975166876980414,100064197037125,"PC Merchandise","Do you want an aesthetic build that matches your gaming needs? i5 10400F builds available now!",,0,"11/29/2022 22:30",,https://www.facebook.com/pcmerchandise.co/posts/pfbid0kjwpo7iTl02RLeShSNoP3RwjhWLPtH9D9OgmmyDChoAIQ7In13j24VyF,0,0,Photos,,,,,11/02/2022,,,0,0,0,0,0,0,,,,,
975166876980414,100064197037125,"PC Merchandise","Do you want an aesthetic build that matches your gaming needs? i5 10400F builds available now!",,0,"11/29/2022 22:30",,https://www.facebook.com/pcmerchandise.co/posts/pfbid0kjwpo7iTl02RLeShSNoP3RwjhWLPtH9D9OgmmyDChoAIQ7In13j24VyF,0,0,Photos,,,,,11/03/2022,,,0,0,0,0,0,0,,,,,
975166876980414,100064197037125,"PC Merchandise","Do you want an aesthetic build that matches your gaming needs? i5 10400F builds available now!",,0,"11/29/2022 22:30",,https://www.facebook.com/pcmerchandise.co/posts/pfbid0kjwpo7iTl02RLeShSNoP3RwjhWLPtH9D9OgmmyDChoAIQ7In13j24VyF,0,0,Photos,,,,,11/04/2022,,,0,0,0,0,0,0,,,,,
975166876980414,100064197037125,"PC Merchandise","Do you want an aesthetic build that matches your gaming needs? i5 10400F builds available now!",,0,"11/29/2022 22:30",,https://www.facebook.com/pcmerchandise.co/posts/pfbid0kjwpo7iTl02RLeShSNoP3RwjhWLPtH9D9OgmmyDChoAIQ7In13j24VyF,0,0,Photos,,,,,11/05/2022,,,0,0,0,0,0,0,,,,,
975166876980414,100064197037125,"PC Merchandise","Do you want an aesthetic build that matches your gaming needs? i5 10400F builds available now!",,0,"11/29/2022 22:30",,https://www.facebook.com/pcmerchandise.co/posts/pfbid0kjwpo7iTl02RLeShSNoP3RwjhWLPtH9D9OgmmyDChoAIQ7In13j24VyF,0,0,Photos,,,,,11/06/2022,,,0,0,0,0,0,0,,,,,
975166876980414,100064197037125,"PC Merchandise","Do you want an aesthetic build that matches your gaming needs? i5 10400F builds available now!",,0,"11/29/2022 22:30",,https://www.facebook.com/pcmerchandise.co/posts/pfbid0kjwpo7iTl02RLeShSNoP3RwjhWLPtH9D9OgmmyDChoAIQ7In13j24VyF,0,0,Photos,,,,,11/07/2022,,,0,0,0,0,0,0,,,,,
975166876980414,100064197037125,"PC Merchandise","Do you want an aesthetic build that matches your gaming needs? i5 10400F builds available now!",,0,"11/29/2022 22:30",,https://www.facebook.com/pcmerchandise.co/posts/pfbid0kjwpo7iTl02RLeShSNoP3RwjhWLPtH9D9OgmmyDChoAIQ7In13j24VyF,0,0,Photos,,,,,11/08/2022,,,0,0,0,0,0,0,,,,,
975166876980414,100064197037125,"PC Merchandise","Do you want an aesthetic build that matches your gaming needs? i5 10400F builds available now!",,0,"11/29/2022 22:30",,https://www.facebook.com/pcmerchandise.co/posts/pfbid0kjwpo7iTl02RLeShSNoP3RwjhWLPtH9D9OgmmyDChoAIQ7In13j24VyF,0,0,Photos,,,,,11/09/2022,,,0,0,0,0,0,0,,,,,
975166876980414,100064197037125,"PC Merchandise","Do you want an aesthetic build that matches your gaming needs? i5 10400F builds available now!",,0,"11/29/2022 22:30",,https://www.facebook.com/pcmerchandise.co/posts/pfbid0kjwpo7iTl02RLeShSNoP3RwjhWLPtH9D9OgmmyDChoAIQ7In13j24VyF,0,0,Photos,,,,,11/10/2022,,,0,0,0,0,0,0,,,,,
975166876980414,100064197037125,"PC Merchandise","Do you want an aesthetic build that matches your gaming needs? i5 10400F builds available now!",,0,"11/29/2022 22:30",,https://www.facebook.com/pcmerchandise.co/posts/pfbid0kjwpo7iTl02RLeShSNoP3RwjhWLPtH9D9OgmmyDChoAIQ7In13j24VyF,0,0,Photos,,,,,11/11/2022,,,0,0,0,0,0,0,,,,,
975166876980414,100064197037125,"PC Merchandise","Do you want an aesthetic build that matches your gaming needs? i5 10400F builds available now!",,0,"11/29/2022 22:30",,https://www.facebook.com/pcmerchandise.co/posts/pfbid0kjwpo7iTl02RLeShSNoP3RwjhWLPtH9D9OgmmyDChoAIQ7In13j24VyF,0,0,Photos,,,,,11/12/2022,,,0,0,0,0,0,0,,,,,
975166876980414,100064197037125,"PC Merchandise","Do you want an aesthetic build that matches your gaming needs? i5 10400F builds available now!",,0,"11/29/2022 22:30",,https://www.facebook.com/pcmerchandise.co/posts/pfbid0kjwpo7iTl02RLeShSNoP3RwjhWLPtH9D9OgmmyDChoAIQ7In13j24VyF,0,0,Photos,,,,,11/13/2022,,,0,0,0,0,0,0,,,,,
975166876980414,100064197037125,"PC Merchandise","Do you want an aesthetic build that matches your gaming needs? i5 10400F builds available now!",,0,"11/29/2022 22:30",,https://www.facebook.com/pcmerchandise.co/posts/pfbid0kjwpo7iTl02RLeShSNoP3RwjhWLPtH9D9OgmmyDChoAIQ7In13j24VyF,0,0,Photos,,,,,11/14/2022,,,0,0,0,0,0,0,,,,,
975166876980414,100064197037125,"PC Merchandise","Do you want an aesthetic build that matches your gaming needs? i5 10400F builds available now!",,0,"11/29/2022 22:30",,https://www.facebook.com/pcmerchandise.co/posts/pfbid0kjwpo7iTl02RLeShSNoP3RwjhWLPtH9D9OgmmyDChoAIQ7In13j24VyF,0,0,Photos,,,,,11/15/2022,,,0,0,0,0,0,0,,,,,
975166876980414,100064197037125,"PC Merchandise","Do you want an aesthetic build that matches your gaming needs? i5 10400F builds available now!",,0,"11/29/2022 22:30",,https://www.facebook.com/pcmerchandise.co/posts/pfbid0kjwpo7iTl02RLeShSNoP3RwjhWLPtH9D9OgmmyDChoAIQ7In13j24VyF,0,0,Photos,,,,,11/16/2022,,,0,0,0,0,0,0,,,,,
975166876980414,100064197037125,"PC Merchandise","Do you want an aesthetic build that matches your gaming needs? i5 10400F builds available now!",,0,"11/29/2022 22:30",,https://www.facebook.com/pcmerchandise.co/posts/pfbid0kjwpo7iTl02RLeShSNoP3RwjhWLPtH9D9OgmmyDChoAIQ7In13j24VyF,0,0,Photos,,,,,11/17/2022,,,0,0,0,0,0,0,,,,,
975166876980414,100064197037125,"PC Merchandise","Do you want an aesthetic build that matches your gaming needs? i5 10400F builds available now!",,0,"11/29/2022 22:30",,https://www.facebook.com/pcmerchandise.co/posts/pfbid0kjwpo7iTl02RLeShSNoP3RwjhWLPtH9D9OgmmyDChoAIQ7In13j24VyF,0,0,Photos,,,,,11/18/2022,,,0,0,0,0,0,0,,,,,
975166876980414,100064197037125,"PC Merchandise","Do you want an aesthetic build that matches your gaming needs? i5 10400F builds available now!",,0,"11/29/2022 22:30",,https://www.facebook.com/pcmerchandise.co/posts/pfbid0kjwpo7iTl02RLeShSNoP3RwjhWLPtH9D9OgmmyDChoAIQ7In13j24VyF,0,0,Photos,,,,,11/19/2022,,,0,0,0,0,0,0,,,,,
975166876980414,100064197037125,"PC Merchandise","Do you want an aesthetic build that matches your gaming needs? i5 10400F builds available now!",,0,"11/29/2022 22:30",,https://www.facebook.com/pcmerchandise.co/posts/pfbid0kjwpo7iTl02RLeShSNoP3RwjhWLPtH9D9OgmmyDChoAIQ7In13j24VyF,0,0,Photos,,,,,11/20/2022,,,0,0,0,0,0,0,,,,,
975166876980414,100064197037125,"PC Merchandise","Do you want an aesthetic build that matches your gaming needs? i5 10400F builds available now!",,0,"11/29/2022 22:30",,https://www.facebook.com/pcmerchandise.co/posts/pfbid0kjwpo7iTl02RLeShSNoP3RwjhWLPtH9D9OgmmyDChoAIQ7In13j24VyF,0,0,Photos,,,,,11/21/2022,,,0,0,0,0,0,0,,,,,
975166876980414,100064197037125,"PC Merchandise","Do you want an aesthetic build that matches your gaming needs? i5 10400F builds available now!",,0,"11/29/2022 22:30",,https://www.facebook.com/pcmerchandise.co/posts/pfbid0kjwpo7iTl02RLeShSNoP3RwjhWLPtH9D9OgmmyDChoAIQ7In13j24VyF,0,0,Photos,,,,,11/22/2022,,,0,0,0,0,0,0,,,,,
975166876980414,100064197037125,"PC Merchandise","Do you want an aesthetic build that matches your gaming needs? i5 10400F builds available now!",,0,"11/29/2022 22:30",,https://www.facebook.com/pcmerchandise.co/posts/pfbid0kjwpo7iTl02RLeShSNoP3RwjhWLPtH9D9OgmmyDChoAIQ7In13j24VyF,0,0,Photos,,,,,11/23/2022,,,0,0,0,0,0,0,,,,,
975166876980414,100064197037125,"PC Merchandise","Do you want an aesthetic build that matches your gaming needs? i5 10400F builds available now!",,0,"11/29/2022 22:30",,https://www.facebook.com/pcmerchandise.co/posts/pfbid0kjwpo7iTl02RLeShSNoP3RwjhWLPtH9D9OgmmyDChoAIQ7In13j24VyF,0,0,Photos,,,,,11/24/2022,,,0,0,0,0,0,0,,,,,
975166876980414,100064197037125,"PC Merchandise","Do you want an aesthetic build that matches your gaming needs? i5 10400F builds available now!",,0,"11/29/2022 22:30",,https://www.facebook.com/pcmerchandise.co/posts/pfbid0kjwpo7iTl02RLeShSNoP3RwjhWLPtH9D9OgmmyDChoAIQ7In13j24VyF,0,0,Photos,,,,,11/25/2022,,,0,0,0,0,0,0,,,,,
975166876980414,100064197037125,"PC Merchandise","Do you want an aesthetic build that matches your gaming needs? i5 10400F builds available now!",,0,"11/29/2022 22:30",,https://www.facebook.com/pcmerchandise.co/posts/pfbid0kjwpo7iTl02RLeShSNoP3RwjhWLPtH9D9OgmmyDChoAIQ7In13j24VyF,0,0,Photos,,,,,11/26/2022,,,0,0,0,0,0,0,,,,,
975166876980414,100064197037125,"PC Merchandise","Do you want an aesthetic build that matches your gaming needs? i5 10400F builds available now!",,0,"11/29/2022 22:30",,https://www.facebook.com/pcmerchandise.co/posts/pfbid0kjwpo7iTl02RLeShSNoP3RwjhWLPtH9D9OgmmyDChoAIQ7In13j24VyF,0,0,Photos,,,,,11/27/2022,,,0,0,0,0,0,0,,,,,
975166876980414,100064197037125,"PC Merchandise","Do you want an aesthetic build that matches your gaming needs? i5 10400F builds available now!",,0,"11/29/2022 22:30",,https://www.facebook.com/pcmerchandise.co/posts/pfbid0kjwpo7iTl02RLeShSNoP3RwjhWLPtH9D9OgmmyDChoAIQ7In13j24VyF,0,0,Photos,,,,,11/28/2022,,,0,0,0,0,0,0,,,,,
975166876980414,100064197037125,"PC Merchandise","Do you want an aesthetic build that matches your gaming needs? i5 10400F builds available now!",,0,"11/29/2022 22:30",,https://www.facebook.com/pcmerchandise.co/posts/pfbid0kjwpo7iTl02RLeShSNoP3RwjhWLPtH9D9OgmmyDChoAIQ7In13j24VyF,0,0,Photos,,,,,11/29/2022,,,0,0,0,0,0,0,,,,,
975166876980414,100064197037125,"PC Merchandise","Do you want an aesthetic build that matches your gaming needs? i5 10400F builds available now!",,0,"11/29/2022 22:30",,https://www.facebook.com/pcmerchandise.co/posts/pfbid0kjwpo7iTl02RLeShSNoP3RwjhWLPtH9D9OgmmyDChoAIQ7In13j24VyF,0,0,Photos,,,,,11/30/2022,,,0,0,0,0,0,0,,,,,
974739181929669,100064197037125,"PC Merchandise","Salamat sa tiwala boss LEO! i5 10400F comshop package — 2 units delivered ✅",,45,"11/28/2022 02:00",mixed,https://www.facebook.com/reel/1936314852858463/,0,1,Reels,,,,,11/01/2022,0,,,,,,0,0,0,0,0,0.000,3.991
974739181929669,100064197037125,"PC Merchandise","Salamat sa tiwala boss LEO! i5 10400F comshop package — 2 units delivered ✅",,45,"11/28/2022 02:00",mixed,https://www.facebook.com/reel/1936314852858463/,0,1,Reels,,,,,11/02/2022,0,,,,,,0,0,0,0,0,0.000,4.482
974739181929669,100064197037125,"PC Merchandise","Salamat sa tiwala boss LEO! i5 10400F comshop package — 2 units delivered ✅",,45,"11/28/2022 02:00",mixed,https://www.facebook.com/reel/1936314852858463/,0,1,Reels,,,,,11/03/2022,0,,,,,,0,0,0,0,0,0.000,4.490
974739181929669,100064197037125,"PC Merchandise","Salamat sa tiwala boss LEO! i5 10400F comshop package — 2 units delivered ✅",,45,"11/28/2022 02:00",mixed,https://www.facebook.com/reel/1936314852858463/,0,1,Reels,,,,,11/04/2022,0,,,,,,0,0,0,0,0,0.000,6.644
974739181929669,100064197037125,"PC Merchandise","Salamat sa tiwala boss LEO! i5 10400F comshop package — 2 units delivered ✅",,45,"11/28/2022 02:00",mixed,https://www.facebook.com/reel/1936314852858463/,0,1,Reels,,,,,11/05/2022,0,,,,,,0,0,0,0,0,0.000,5.741
974739181929669,100064197037125,"PC Merchandise","Salamat sa tiwala boss LEO! i5 10400F comshop package — 2 units delivered ✅",,45,"11/28/2022 02:00",mixed,https://www.facebook.com/reel/1936314852858463/,0,1,Reels,,,,,11/06/2022,0,,,,,,0,0,0,0,0,0.000,6.391
974739181929669,100064197037125,"PC Merchandise","Salamat sa tiwala boss LEO! i5 10400F comshop package — 2 units delivered ✅",,45,"11/28/2022 02:00",mixed,https://www.facebook.com/reel/1936314852858463/,0,1,Reels,,,,,11/07/2022,0,,,,,,0,0,0,0,0,0.000,4.386
974739181929669,100064197037125,"PC Merchandise","Salamat sa tiwala boss LEO! i5 10400F comshop package — 2 units delivered ✅",,45,"11/28/2022 02:00",mixed,https://www.facebook.com/reel/1936314852858463/,0,1,Reels,,,,,11/08/2022,0,,,,,,0,0,0,0,0,0.000,3.580
974739181929669,100064197037125,"PC Merchandise","Salamat sa tiwala boss LEO! i5 10400F comshop package — 2 units delivered ✅",,45,"11/28/2022 02:00",mixed,https://www.facebook.com/reel/1936314852858463/,0,1,Reels,,,,,11/09/2022,0,,,,,,0,0,0,0,0,0.000,5.301
974739181929669,100064197037125,"PC Merchandise","Salamat sa tiwala boss LEO! i5 10400F comshop package — 2 units delivered ✅",,45,"11/28/2022 02:00",mixed,https://www.facebook.com/reel/1936314852858463/,0,1,Reels,,,,,11/10/2022,0,,,,,,0,0,0,0,0,0.000,4.565
974739181929669,100064197037125,"PC Merchandise","Salamat sa tiwala boss LEO! i5 10400F comshop package — 2 units delivered ✅",,45,"11/28/2022 02:00",mixed,https://www.facebook.com/reel/1936314852858463/,0,1,Reels,,,,,11/11/2022,0,,,,,,0,0,0,0,0,0.000,6.143
974739181929669,100064197037125,"PC Merchandise","Salamat sa tiwala boss LEO! i5 10400F comshop package — 2 units delivered ✅",,45,"11/28/2022 02:00",mixed,https://www.facebook.com/reel/1936314852858463/,0,1,Reels,,,,,11/12/2022,0,,,,,,0,0,0,0,0,0.000,3.994
974739181929669,100064197037125,"PC Merchandise","Salamat sa tiwala boss LEO! i5 10400F comshop package — 2 units delivered ✅",,45,"11/28/2022 02:00",mixed,https://www.facebook.com/reel/1936314852858463/,0,1,Reels,,,,,11/13/2022,0,,,,,,0,0,0,0,0,0.000,6.321
974739181929669,100064197037125,"PC Merchandise","Salamat sa tiwala boss LEO! i5 10400F comshop package — 2 units delivered ✅",,45,"11/28/2022 02:00",mixed,https://www.facebook.com/reel/1936314852858463/,0,1,Reels,,,,,11/14/2022,0,,,,,,0,0,0,0,0,0.000,4.822
974739181929669,100064197037125,"PC Merchandise","Salamat sa tiwala boss LEO! i5 10400F comshop package — 2 units delivered ✅",,45,"11/28/2022 02:00",mixed,https://www.facebook.com/reel/1936314852858463/,0,1,Reels,,,,,11/15/2022,0,,,,,,0,0,0,0,0,0.000,5.418
974739181929669,100064197037125,"PC Merchandise","Salamat sa tiwala boss LEO! i5 10400F comshop package — 2 units delivered ✅",,45,"11/28/2022 02:00",mixed,https://www.facebook.com/reel/1936314852858463/,0,1,Reels,,,,,11/16/2022,0,,,,,,0,0,0,0,0,0.000,4.539
974739181929669,100064197037125,"PC Merchandise","Salamat sa tiwala boss LEO! i5 10400F comshop package — 2 units delivered ✅",,45,"11/28/2022 02:00",mixed,https://www.facebook.com/reel/1936314852858463/,0,1,Reels,,,,,11/17/2022,0,,,,,,0,0,0,0,0,0.000,5.312
974739181929669,100064197037125,"PC Merchandise","Salamat sa tiwala boss LEO! i5 10400F comshop package — 2 units delivered ✅",,45,"11/28/2022 02:00",mixed,https://www.facebook.com/reel/1936314852858463/,0,1,Reels,,,,,11/18/2022,0,,,,,,0,0,0,0,0,0.000,6.369
974739181929669,100064197037125,"PC Merchandise","Salamat sa tiwala boss LEO! i5 10400F comshop package — 2 units delivered ✅",,45,"11/28/2022 02:00",mixed,https://www.facebook.com/reel/1936314852858463/,0,1,Reels,,,,,11/19/2022,0,,,,,,0,0,0,0,0,0.000,3.680
974739181929669,100064197037125,"PC Merchandise","Salamat sa tiwala boss LEO! i5 10400F comshop package — 2 units delivered ✅",,45,"11/28/2022 02:00",mixed,https://www.facebook.com/reel/1936314852858463/,0,1,Reels,,,,,11/20/2022,0,,,,,,0,0,0,0,0,0.000,5.268
974739181929669,100064197037125,"PC Merchandise","Salamat sa tiwala boss LEO! i5 10400F comshop package — 2 units delivered ✅",,45,"11/28/2022 02:00",mixed,https://www.facebook.com/reel/1936314852858463/,0,1,Reels,,,,,11/21/2022,0,,,,,,0,0,0,0,0,0.000,6.074
974739181929669,100064197037125,"PC Merchandise","Salamat sa tiwala boss LEO! i5 10400F comshop package — 2 units delivered ✅",,45,"11/28/2022 02:00",mixed,https://www.facebook.com/reel/1936314852858463/,0,1,Reels,,,,,11/22/2022,0,,,,,,0,0,0,0,0,0.000,4.421
974739181929669,100064197037125,"PC Merchandise","Salamat sa tiwala boss LEO! i5 10400F comshop package — 2 units delivered ✅",,45,"11/28/2022 02:00",mixed,https://www.facebook.com/reel/1936314852858463/,0,1,Reels,,,,,11/23/2022,0,,,,,,0,0,0,0,0,0.000,4.434
974739181929669,100064197037125,"PC Merchandise","Salamat sa tiwala boss LEO! i5 10400F comshop package — 2 units delivered ✅",,45,"11/28/2022 02:00",mixed,https://www.facebook.com/reel/1936314852858463/,0,1,Reels,,,,,11/24/2022,0,,,,,,0,0,0,0,0,0.000,3.055
974739181929669,100064197037125,"PC Merchandise","Salamat sa tiwala boss LEO! i5 10400F comshop package — 2 units delivered ✅",,45,"11/28/2022 02:00",mixed,https://www.facebook.com/reel/1936314852858463/,0,1,Reels,,,,,11/25/2022,0,,,,,,0,0,0,0,0,0.000,3.834
974739181929669,100064197037125,"PC Merchandise","Salamat sa tiwala boss LEO! i5 10400F comshop package — 2 units delivered ✅",,45,"11/28/2022 02:00",mixed,https://www.facebook.com/reel/1936314852858463/,0,1,Reels,,,,,11/26/2022,0,,,,,,0,0,0,0,0,0.000,3.849
974739181929669,100064197037125,"PC Merchandise","Salamat sa tiwala boss LEO! i5 10400F comshop package — 2 units delivered ✅",,45,"11/28/2022 02:00",mixed,https://www.facebook.com/reel/1936314852858463/,0,1,Reels,,,,,11/27/2022,0,,,,,,0,0,0,0,0,0.000,5.888
974739181929669,100064197037125,"PC Merchandise","Salamat sa tiwala boss LEO! i5 10400F comshop package — 2 units delivered ✅",,45,"11/28/2022 02:00",mixed,https://www.facebook.com/reel/1936314852858463/,0,1,Reels,,,,,11/28/2022,0,,,,,,112,0,0,0,0,660.342,5.017
974739181929669,100064197037125,"PC Merchandise","Salamat sa tiwala boss LEO! i5 10400F comshop package — 2 units delivered ✅",,45,"11/28/2022 02:00",mixed,https://www.facebook.com/reel/1936314852858463/,0,1,Reels,,,,,11/29/2022,0,,,,,,121,0,0,0,0,544.958,4.933
974739181929669,100064197037125,"PC Merchandise","Salamat sa tiwala boss LEO! i5 10400F comshop package — 2 units delivered ✅",,45,"11/28/2022 02:00",mixed,https://www.facebook.com/reel/1936314852858463/,0,1,Reels,,,,,11/30/2022,0,,,,,,112,0,0,0,0,297.065,4.305
975095263021008,100064197037125,"PC Merchandise","𝐢𝟓 𝟏𝟎𝟒𝟎𝟎𝐅 (𝟏𝟎𝐏𝐂𝐒)
𝐂𝐎𝐌𝐒𝐇𝐎𝐏 𝐏𝐀𝐂𝐊𝐀𝐆𝐄
#PCMERCHANDISE #PCMBUILDS",,0,"11/27/2022 19:30",,https://www.facebook.com/pcmerchandise.co/posts/pfbid0mW93Br7pBzvJu1GqzK0viZYLRjuWP4CXaqehyYOJBCBW7HWMZ9maFoNM,0,0,Photos,,,,,11/30/2022,0,,,,,,,,,,,,
975095263021008,100064197037125,"PC Merchandise","𝐢𝟓 𝟏𝟎𝟒𝟎𝟎𝐅 (𝟏𝟎𝐏𝐂𝐒)
𝐂𝐎𝐌𝐒𝐇𝐎𝐏 𝐏𝐀𝐂𝐊𝐀𝐆𝐄
#PCMERCHANDISE #PCMBUILDS",,0,"11/27/2022 19:30",,https://www.facebook.com/pcmerchandise.co/posts/pfbid0mW93Br7pBzvJu1GqzK0viZYLRjuWP4CXaqehyYOJBCBW7HWMZ9maFoNM,0,0,Photos,,,,,11/01/2022,,,0,0,0,0,0,0,,,,,
975095263021008,100064197037125,"PC Merchandise","𝐢𝟓 𝟏𝟎𝟒𝟎𝟎𝐅 (𝟏𝟎𝐏𝐂𝐒)
𝐂𝐎𝐌𝐒𝐇𝐎𝐏 𝐏𝐀𝐂𝐊𝐀𝐆𝐄
#PCMERCHANDISE #PCMBUILDS",,0,"11/27/2022 19:30",,https://www.facebook.com/pcmerchandise.co/posts/pfbid0mW93Br7pBzvJu1GqzK0viZYLRjuWP4CXaqehyYOJBCBW7HWMZ9maFoNM,0,0,Photos,,,,,11/02/2022,,,0,0,0,0,0,0,,,,,
975095263021008,100064197037125,"PC Merchandise","𝐢𝟓 𝟏𝟎𝟒𝟎𝟎𝐅 (𝟏𝟎𝐏𝐂𝐒)
𝐂𝐎𝐌𝐒𝐇𝐎𝐏 𝐏𝐀𝐂𝐊𝐀𝐆𝐄
#PCMERCHANDISE #PCMBUILDS",,0,"11/27/2022 19:30",,https://www.facebook.com/pcmerchandise.co/posts/pfbid0mW93Br7pBzvJu1GqzK0viZYLRjuWP4CXaqehyYOJBCBW7HWMZ9maFoNM,0,0,Photos,,,,,11/03/2022,,,0,0,0,0,0,0,,,,,
975095263021008,100064197037125,"PC Merchandise","𝐢𝟓 𝟏𝟎𝟒𝟎𝟎𝐅 (𝟏𝟎𝐏𝐂𝐒)
𝐂𝐎𝐌𝐒𝐇𝐎𝐏 𝐏𝐀𝐂𝐊𝐀𝐆𝐄
#PCMERCHANDISE #PCMBUILDS",,0,"11/27/2022 19:30",,https://www.facebook.com/pcmerchandise.co/posts/pfbid0mW93Br7pBzvJu1GqzK0viZYLRjuWP4CXaqehyYOJBCBW7HWMZ9maFoNM,0,0,Photos,,,,,11/04/2022,,,0,0,0,0,0,0,,,,,
975095263021008,100064197037125,"PC Merchandise","𝐢𝟓 𝟏𝟎𝟒𝟎𝟎𝐅 (𝟏𝟎𝐏𝐂𝐒)
𝐂𝐎𝐌𝐒𝐇𝐎𝐏 𝐏𝐀𝐂𝐊𝐀𝐆𝐄
#PCMERCHANDISE #PCMBUILDS",,0,"11/27/2022 19:30",,https://www.facebook.com/pcmerchandise.co/posts/pfbid0mW93Br7pBzvJu1GqzK0viZYLRjuWP4CXaqehyYOJBCBW7HWMZ9maFoNM,0,0,Photos,,,,,11/05/2022,,,0,0,0,0,0,0,,,,,
975095263021008,100064197037125,"PC Merchandise","𝐢𝟓 𝟏𝟎𝟒𝟎𝟎𝐅 (𝟏𝟎𝐏𝐂𝐒)
𝐂𝐎𝐌𝐒𝐇𝐎𝐏 𝐏𝐀𝐂𝐊𝐀𝐆𝐄
#PCMERCHANDISE #PCMBUILDS",,0,"11/27/2022 19:30",,https://www.facebook.com/pcmerchandise.co/posts/pfbid0mW93Br7pBzvJu1GqzK0viZYLRjuWP4CXaqehyYOJBCBW7HWMZ9maFoNM,0,0,Photos,,,,,11/06/2022,,,0,0,0,0,0,0,,,,,
975095263021008,100064197037125,"PC Merchandise","𝐢𝟓 𝟏𝟎𝟒𝟎𝟎𝐅 (𝟏𝟎𝐏𝐂𝐒)
𝐂𝐎𝐌𝐒𝐇𝐎𝐏 𝐏𝐀𝐂𝐊𝐀𝐆𝐄
#PCMERCHANDISE #PCMBUILDS",,0,"11/27/2022 19:30",,https://www.facebook.com/pcmerchandise.co/posts/pfbid0mW93Br7pBzvJu1GqzK0viZYLRjuWP4CXaqehyYOJBCBW7HWMZ9maFoNM,0,0,Photos,,,,,11/07/2022,,,0,0,0,0,0,0,,,,,
975095263021008,100064197037125,"PC Merchandise","𝐢𝟓 𝟏𝟎𝟒𝟎𝟎𝐅 (𝟏𝟎𝐏𝐂𝐒)
𝐂𝐎𝐌𝐒𝐇𝐎𝐏 𝐏𝐀𝐂𝐊𝐀𝐆𝐄
#PCMERCHANDISE #PCMBUILDS",,0,"11/27/2022 19:30",,https://www.facebook.com/pcmerchandise.co/posts/pfbid0mW93Br7pBzvJu1GqzK0viZYLRjuWP4CXaqehyYOJBCBW7HWMZ9maFoNM,0,0,Photos,,,,,11/08/2022,,,0,0,0,0,0,0,,,,,
975095263021008,100064197037125,"PC Merchandise","𝐢𝟓 𝟏𝟎𝟒𝟎𝟎𝐅 (𝟏𝟎𝐏𝐂𝐒)
𝐂𝐎𝐌𝐒𝐇𝐎𝐏 𝐏𝐀𝐂𝐊𝐀𝐆𝐄
#PCMERCHANDISE #PCMBUILDS",,0,"11/27/2022 19:30",,https://www.facebook.com/pcmerchandise.co/posts/pfbid0mW93Br7pBzvJu1GqzK0viZYLRjuWP4CXaqehyYOJBCBW7HWMZ9maFoNM,0,0,Photos,,,,,11/09/2022,,,0,0,0,0,0,0,,,,,
975095263021008,100064197037125,"PC Merchandise","𝐢𝟓 𝟏𝟎𝟒𝟎𝟎𝐅 (𝟏𝟎𝐏𝐂𝐒)
𝐂𝐎𝐌𝐒𝐇𝐎𝐏 𝐏𝐀𝐂𝐊𝐀𝐆𝐄
#PCMERCHANDISE #PCMBUILDS",,0,"11/27/2022 19:30",,https://www.facebook.com/pcmerchandise.co/posts/pfbid0mW93Br7pBzvJu1GqzK0viZYLRjuWP4CXaqehyYOJBCBW7HWMZ9maFoNM,0,0,Photos,,,,,11/10/2022,,,0,0,0,0,0,0,,,,,
975095263021008,100064197037125,"PC Merchandise","𝐢𝟓 𝟏𝟎𝟒𝟎𝟎𝐅 (𝟏𝟎𝐏𝐂𝐒)
𝐂𝐎𝐌𝐒𝐇𝐎𝐏 𝐏𝐀𝐂𝐊𝐀𝐆𝐄
#PCMERCHANDISE #PCMBUILDS",,0,"11/27/2022 19:30",,https://www.facebook.com/pcmerchandise.co/posts/pfbid0mW93Br7pBzvJu1GqzK0viZYLRjuWP4CXaqehyYOJBCBW7HWMZ9maFoNM,0,0,Photos,,,,,11/11/2022,,,0,0,0,0,0,0,,,,,
975095263021008,100064197037125,"PC Merchandise","𝐢𝟓 𝟏𝟎𝟒𝟎𝟎𝐅 (𝟏𝟎𝐏𝐂𝐒)
𝐂𝐎𝐌𝐒𝐇𝐎𝐏 𝐏𝐀𝐂𝐊𝐀𝐆𝐄
#PCMERCHANDISE #PCMBUILDS",,0,"11/27/2022 19:30",,https://www.facebook.com/pcmerchandise.co/posts/pfbid0mW93Br7pBzvJu1GqzK0viZYLRjuWP4CXaqehyYOJBCBW7HWMZ9maFoNM,0,0,Photos,,,,,11/12/2022,,,0,0,0,0,0,0,,,,,
975095263021008,100064197037125,"PC Merchandise","𝐢𝟓 𝟏𝟎𝟒𝟎𝟎𝐅 (𝟏𝟎𝐏𝐂𝐒)
𝐂𝐎𝐌𝐒𝐇𝐎𝐏 𝐏𝐀𝐂𝐊𝐀𝐆𝐄
#PCMERCHANDISE #PCMBUILDS",,0,"11/27/2022 19:30",,https://www.facebook.com/pcmerchandise.co/posts/pfbid0mW93Br7pBzvJu1GqzK0viZYLRjuWP4CXaqehyYOJBCBW7HWMZ9maFoNM,0,0,Photos,,,,,11/13/2022,,,0,0,0,0,0,0,,,,,
975095263021008,100064197037125,"PC Merchandise","𝐢𝟓 𝟏𝟎𝟒𝟎𝟎𝐅 (𝟏𝟎𝐏𝐂𝐒)
𝐂𝐎𝐌𝐒𝐇𝐎𝐏 𝐏𝐀𝐂𝐊𝐀𝐆𝐄
#PCMERCHANDISE #PCMBUILDS",,0,"11/27/2022 19:30",,https://www.facebook.com/pcmerchandise.co/posts/pfbid0mW93Br7pBzvJu1GqzK0viZYLRjuWP4CXaqehyYOJBCBW7HWMZ9maFoNM,0,0,Photos,,,,,11/14/2022,,,0,0,0,0,0,0,,,,,
975095263021008,100064197037125,"PC Merchandise","𝐢𝟓 𝟏𝟎𝟒𝟎𝟎𝐅 (𝟏𝟎𝐏𝐂𝐒)
𝐂𝐎𝐌𝐒𝐇𝐎𝐏 𝐏𝐀𝐂𝐊𝐀𝐆𝐄
#PCMERCHANDISE #PCMBUILDS",,0,"11/27/2022 19:30",,https://www.facebook.com/pcmerchandise.co/posts/pfbid0mW93Br7pBzvJu1GqzK0viZYLRjuWP4CXaqehyYOJBCBW7HWMZ9maFoNM,0,0,Photos,,,,,11/15/2022,,,0,0,0,0,0,0,,,,,
975095263021008,100064197037125,"PC Merchandise","𝐢𝟓 𝟏𝟎𝟒𝟎𝟎𝐅 (𝟏𝟎𝐏𝐂𝐒)
𝐂𝐎𝐌𝐒𝐇𝐎𝐏 𝐏𝐀𝐂𝐊𝐀𝐆𝐄
#PCMERCHANDISE #PCMBUILDS",,0,"11/27/2022 19:30",,https://www.facebook.com/pcmerchandise.co/posts/pfbid0mW93Br7pBzvJu1GqzK0viZYLRjuWP4CXaqehyYOJBCBW7HWMZ9maFoNM,0,0,Photos,,,,,11/16/2022,,,0,0,0,0,0,0,,,,,
975095263021008,100064197037125,"PC Merchandise","𝐢𝟓 𝟏𝟎𝟒𝟎𝟎𝐅 (𝟏𝟎𝐏𝐂𝐒)
𝐂𝐎𝐌𝐒𝐇𝐎𝐏 𝐏𝐀𝐂𝐊𝐀𝐆𝐄
#PCMERCHANDISE #PCMBUILDS",,0,"11/27/2022 19:30",,https://www.facebook.com/pcmerchandise.co/posts/pfbid0mW93Br7pBzvJu1GqzK0viZYLRjuWP4CXaqehyYOJBCBW7HWMZ9maFoNM,0,0,Photos,,,,,11/17/2022,,,0,0,0,0,0,0,,,,,
975095263021008,100064197037125,"PC Merchandise","𝐢𝟓 𝟏𝟎𝟒𝟎𝟎𝐅 (𝟏𝟎𝐏𝐂𝐒)
𝐂𝐎𝐌𝐒𝐇𝐎𝐏 𝐏𝐀𝐂𝐊𝐀𝐆𝐄
#PCMERCHANDISE #PCMBUILDS",,0,"11/27/2022 19:30",,https://www.facebook.com/pcmerchandise.co/posts/pfbid0mW93Br7pBzvJu1GqzK0viZYLRjuWP4CXaqehyYOJBCBW7HWMZ9maFoNM,0,0,Photos,,,,,11/18/2022,,,0,0,0,0,0,0,,,,,
975095263021008,100064197037125,"PC Merchandise","𝐢𝟓 𝟏𝟎𝟒𝟎𝟎𝐅 (𝟏𝟎𝐏𝐂𝐒)
𝐂𝐎𝐌𝐒𝐇𝐎𝐏 𝐏𝐀𝐂𝐊𝐀𝐆𝐄
#PCMERCHANDISE #PCMBUILDS",,0,"11/27/2022 19:30",,https://www.facebook.com/pcmerchandise.co/posts/pfbid0mW93Br7pBzvJu1GqzK0viZYLRjuWP4CXaqehyYOJBCBW7HWMZ9maFoNM,0,0,Photos,,,,,11/19/2022,,,0,0,0,0,0,0,,,,,
975095263021008,100064197037125,"PC Merchandise","𝐢𝟓 𝟏𝟎𝟒𝟎𝟎𝐅 (𝟏𝟎𝐏𝐂𝐒)
𝐂𝐎𝐌𝐒𝐇𝐎𝐏 𝐏𝐀𝐂𝐊𝐀𝐆𝐄
#PCMERCHANDISE #PCMBUILDS",,0,"11/27/2022 19:30",,https://www.facebook.com/pcmerchandise.co/posts/pfbid0mW93Br7pBzvJu1GqzK0viZYLRjuWP4CXaqehyYOJBCBW7HWMZ9maFoNM,0,0,Photos,,,,,11/20/2022,,,0,0,0,0,0,0,,,,,
975095263021008,100064197037125,"PC Merchandise","𝐢𝟓 𝟏𝟎𝟒𝟎𝟎𝐅 (𝟏𝟎𝐏𝐂𝐒)
𝐂𝐎𝐌𝐒𝐇𝐎𝐏 𝐏𝐀𝐂𝐊𝐀𝐆𝐄
#PCMERCHANDISE #PCMBUILDS",,0,"11/27/2022 19:30",,https://www.facebook.com/pcmerchandise.co/posts/pfbid0mW93Br7pBzvJu1GqzK0viZYLRjuWP4CXaqehyYOJBCBW7HWMZ9maFoNM,0,0,Photos,,,,,11/21/2022,,,0,0,0,0,0,0,,,,,
975095263021008,100064197037125,"PC Merchandise","𝐢𝟓 𝟏𝟎𝟒𝟎𝟎𝐅 (𝟏𝟎𝐏𝐂𝐒)
𝐂𝐎𝐌𝐒𝐇𝐎𝐏 𝐏𝐀𝐂𝐊𝐀𝐆𝐄
#PCMERCHANDISE #PCMBUILDS",,0,"11/27/2022 19:30",,https://www.facebook.com/pcmerchandise.co/posts/pfbid0mW93Br7pBzvJu1GqzK0viZYLRjuWP4CXaqehyYOJBCBW7HWMZ9maFoNM,0,0,Photos,,,,,11/22/2022,,,0,0,0,0,0,0,,,,,
975095263021008,100064197037125,"PC Merchandise","𝐢𝟓 𝟏𝟎𝟒𝟎𝟎𝐅 (𝟏𝟎𝐏𝐂𝐒)
𝐂𝐎𝐌𝐒𝐇𝐎𝐏 𝐏𝐀𝐂𝐊𝐀𝐆𝐄
#PCMERCHANDISE #PCMBUILDS",,0,"11/27/2022 19:30",,https://www.facebook.com/pcmerchandise.co/posts/pfbid0mW93Br7pBzvJu1GqzK0viZYLRjuWP4CXaqehyYOJBCBW7HWMZ9maFoNM,0,0,Photos,,,,,11/23/2022,,,0,0,0,0,0,0,,,,,
975095263021008,100064197037125,"PC Merchandise","𝐢𝟓 𝟏𝟎𝟒𝟎𝟎𝐅 (𝟏𝟎𝐏𝐂𝐒)
𝐂𝐎𝐌𝐒𝐇𝐎𝐏 𝐏𝐀𝐂𝐊𝐀𝐆𝐄
#PCMERCHANDISE #PCMBUILDS",,0,"11/27/2022 19:30",,https://www.facebook.com/pcmerchandise.co/posts/pfbid0mW93Br7pBzvJu1GqzK0viZYLRjuWP4CXaqehyYOJBCBW7HWMZ9maFoNM,0,0,Photos,,,,,11/24/2022,,,0,0,0,0,0,0,,,,,
975095263021008,100064197037125,"PC Merchandise","𝐢𝟓 𝟏𝟎𝟒𝟎𝟎𝐅 (𝟏𝟎𝐏𝐂𝐒)
𝐂𝐎𝐌𝐒𝐇𝐎𝐏 𝐏𝐀𝐂𝐊𝐀𝐆𝐄
#PCMERCHANDISE #PCMBUILDS",,0,"11/27/2022 19:30",,https://www.facebook.com/pcmerchandise.co/posts/pfbid0mW93Br7pBzvJu1GqzK0viZYLRjuWP4CXaqehyYOJBCBW7HWMZ9maFoNM,0,0,Photos,,,,,11/25/2022,,,0,0,0,0,0,0,,,,,
975095263021008,100064197037125,"PC Merchandise","𝐢𝟓 𝟏𝟎𝟒𝟎𝟎𝐅 (𝟏𝟎𝐏𝐂𝐒)
𝐂𝐎𝐌𝐒𝐇𝐎𝐏 𝐏𝐀𝐂𝐊𝐀𝐆𝐄
#PCMERCHANDISE #PCMBUILDS",,0,"11/27/2022 19:30",,https://www.facebook.com/pcmerchandise.co/posts/pfbid0mW93Br7pBzvJu1GqzK0viZYLRjuWP4CXaqehyYOJBCBW7HWMZ9maFoNM,0,0,Photos,,,,,11/26/2022,,,0,0,0,0,0,0,,,,,
975095263021008,100064197037125,"PC Merchandise","𝐢𝟓 𝟏𝟎𝟒𝟎𝟎𝐅 (𝟏𝟎𝐏𝐂𝐒)
𝐂𝐎𝐌𝐒𝐇𝐎𝐏 𝐏𝐀𝐂𝐊𝐀𝐆𝐄
#PCMERCHANDISE #PCMBUILDS",,0,"11/27/2022 19:30",,https://www.facebook.com/pcmerchandise.co/posts/pfbid0mW93Br7pBzvJu1GqzK0viZYLRjuWP4CXaqehyYOJBCBW7HWMZ9maFoNM,0,0,Photos,,,,,11/27/2022,,,0,0,0,0,0,0,,,,,
975095263021008,100064197037125,"PC Merchandise","𝐢𝟓 𝟏𝟎𝟒𝟎𝟎𝐅 (𝟏𝟎𝐏𝐂𝐒)
𝐂𝐎𝐌𝐒𝐇𝐎𝐏 𝐏𝐀𝐂𝐊𝐀𝐆𝐄
#PCMERCHANDISE #PCMBUILDS",,0,"11/27/2022 19:30",,https://www.facebook.com/pcmerchandise.co/posts/pfbid0mW93Br7pBzvJu1GqzK0viZYLRjuWP4CXaqehyYOJBCBW7HWMZ9maFoNM,0,0,Photos,,,,,11/28/2022,,,0,0,0,0,0,0,,,,,
975095263021008,100064197037125,"PC Merchandise","𝐢𝟓 𝟏𝟎𝟒𝟎𝟎𝐅 (𝟏𝟎𝐏𝐂𝐒)
𝐂𝐎𝐌𝐒𝐇𝐎𝐏 𝐏𝐀𝐂𝐊𝐀𝐆𝐄
#PCMERCHANDISE #PCMBUILDS",,0,"11/27/2022 19:30",,https://www.facebook.com/pcmerchandise.co/posts/pfbid0mW93Br7pBzvJu1GqzK0viZYLRjuWP4CXaqehyYOJBCBW7HWMZ9maFoNM,0,0,Photos,,,,,11/29/2022,,,0,0,0,0,0,0,,,,,
975095263021008,100064197037125,"PC Merchandise","𝐢𝟓 𝟏𝟎𝟒𝟎𝟎𝐅 (𝟏𝟎𝐏𝐂𝐒)
𝐂𝐎𝐌𝐒𝐇𝐎𝐏 𝐏𝐀𝐂𝐊𝐀𝐆𝐄
#PCMERCHANDISE #PCMBUILDS",,0,"11/27/2022 19:30",,https://www.facebook.com/pcmerchandise.co/posts/pfbid0mW93Br7pBzvJu1GqzK0viZYLRjuWP4CXaqehyYOJBCBW7HWMZ9maFoNM,0,0,Photos,,,,,11/30/2022,,,0,0,0,0,0,0,,,,,
975374584875007,100064197037125,"PC Merchandise","Paano kung sabihin ko sayo na kaya mo na mag RX 580 build under budget? 👀",,85,"11/27/2022 19:15",,https://www.facebook.com/reel/1374904572642251/,0,1,Reels,,,,,11/01/2022,0,,,,,,0,0,0,0,0,0.000,5.462
975374584875007,100064197037125,"PC Merchandise","Paano kung sabihin ko sayo na kaya mo na mag RX 580 build under budget? 👀",,85,"11/27/2022 19:15",,https://www.facebook.com/reel/1374904572642251/,0,1,Reels,,,,,11/02/2022,0,,,,,,0,0,0,0,0,0.000,5.460
975374584875007,100064197037125,"PC Merchandise","Paano kung sabihin ko sayo na kaya mo na mag RX 580 build under budget? 👀",,85,"11/27/2022 19:15",,https://www.facebook.com/reel/1374904572642251/,0,1,Reels,,,,,11/03/2022,0,,,,,,0,0,0,0,0,0.000,5.136
975374584875007,100064197037125,"PC Merchandise","Paano kung sabihin ko sayo na kaya mo na mag RX 580 build under budget? 👀",,85,"11/27/2022 19:15",,https://www.facebook.com/reel/1374904572642251/,0,1,Reels,,,,,11/04/2022,0,,,,,,0,0,0,0,0,0.000,4.293
975374584875007,100064197037125,"PC Merchandise","Paano kung sabihin ko sayo na kaya mo na mag RX 580 build under budget? 👀",,85,"11/27/2022 19:15",,https://www.facebook.com/reel/1374904572642251/,0,1,Reels,,,,,11/05/2022,0,,,,,,0,0,0,0,0,0.000,5.097
975374584875007,100064197037125,"PC Merchandise","Paano kung sabihin ko sayo na kaya mo na mag RX 580 build under budget? 👀",,85,"11/27/2022 19:15",,https://www.facebook.com/reel/1374904572642251/,0,1,Reels,,,,,11/06/2022,0,,,,,,0,0,0,0,0,0.000,6.379
975374584875007,100064197037125,"PC Merchandise","Paano kung sabihin ko sayo na kaya mo na mag RX 580 build under budget? 👀",,85,"11/27/2022 19:15",,https://www.facebook.com/reel/1374904572642251/,0,1,Reels,,,,,11/07/2022,0,,,,,,0,0,0,0,0,0.000,8.158
975374584875007,100064197037125,"PC Merchandise","Paano kung sabihin ko sayo na kaya mo na mag RX 580 build under budget? 👀",,85,"11/27/2022 19:15",,https://www.facebook.com/reel/1374904572642251/,0,1,Reels,,,,,11/08/2022,0,,,,,,0,0,0,0,0,0.000,3.669
975374584875007,100064197037125,"PC Merchandise","Paano kung sabihin ko sayo na kaya mo na mag RX 580 build under budget? 👀",,85,"11/27/2022 19:15",,https://www.facebook.com/reel/1374904572642251/,0,1,Reels,,,,,11/09/2022,0,,,,,,0,0,0,0,0,0.000,5.810
975374584875007,100064197037125,"PC Merchandise","Paano kung sabihin ko sayo na kaya mo na mag RX 580 build under budget? 👀",,85,"11/27/2022 19:15",,https://www.facebook.com/reel/1374904572642251/,0,1,Reels,,,,,11/10/2022,0,,,,,,0,0,0,0,0,0.000,5.806
975374584875007,100064197037125,"PC Merchandise","Paano kung sabihin ko sayo na kaya mo na mag RX 580 build under budget? 👀",,85,"11/27/2022 19:15",,https://www.facebook.com/reel/1374904572642251/,0,1,Reels,,,,,11/11/2022,0,,,,,,0,0,0,0,0,0.000,4.649
975374584875007,100064197037125,"PC Merchandise","Paano kung sabihin ko sayo na kaya mo na mag RX 580 build under budget? 👀",,85,"11/27/2022 19:15",,https://www.facebook.com/reel/1374904572642251/,0,1,Reels,,,,,11/12/2022,0,,,,,,0,0,0,0,0,0.000,3.752
975374584875007,100064197037125,"PC Merchandise","Paano kung sabihin ko sayo na kaya mo na mag RX 580 build under budget? 👀",,85,"11/27/2022 19:15",,https://www.facebook.com/reel/1374904572642251/,0,1,Reels,,,,,11/13/2022,0,,,,,,0,0,0,0,0,0.000,4.177
975374584875007,100064197037125,"PC Merchandise","Paano kung sabihin ko sayo na kaya mo na mag RX 580 build under budget? 👀",,85,"11/27/2022 19:15",,https://www.facebook.com/reel/1374904572642251/,0,1,Reels,,,,,11/14/2022,0,,,,,,0,0,0,0,0,0.000,5.896
975374584875007,100064197037125,"PC Merchandise","Paano kung sabihin ko sayo na kaya mo na mag RX 580 build under budget? 👀",,85,"11/27/2022 19:15",,https://www.facebook.com/reel/1374904572642251/,0,1,Reels,,,,,11/15/2022,0,,,,,,0,0,0,0,0,0.000,5.620
975374584875007,100064197037125,"PC Merchandise","Paano kung sabihin ko sayo na kaya mo na mag RX 580 build under budget? 👀",,85,"11/27/2022 19:15",,https://www.facebook.com/reel/1374904572642251/,0,1,Reels,,,,,11/16/2022,0,,,,,,0,0,0,0,0,0.000,5.188
975374584875007,100064197037125,"PC Merchandise","Paano kung sabihin ko sayo na kaya mo na mag RX 580 build under budget? 👀",,85,"11/27/2022 19:15",,https://www.facebook.com/reel/1374904572642251/,0,1,Reels,,,,,11/17/2022,0,,,,,,0,0,0,0,0,0.000,6.023
975374584875007,100064197037125,"PC Merchandise","Paano kung sabihin ko sayo na kaya mo na mag RX 580 build under budget? 👀",,85,"11/27/2022 19:15",,https://www.facebook.com/reel/1374904572642251/,0,1,Reels,,,,,11/18/2022,0,,,,,,0,0,0,0,0,0.000,5.083
975374584875007,100064197037125,"PC Merchandise","Paano kung sabihin ko sayo na kaya mo na mag RX 580 build under budget? 👀",,85,"11/27/2022 19:15",,https://www.facebook.com/reel/1374904572642251/,0,1,Reels,,,,,11/19/2022,0,,,,,,0,0,0,0,0,0.000,4.861
975374584875007,100064197037125,"PC Merchandise","Paano kung sabihin ko sayo na kaya mo na mag RX 580 build under budget? 👀",,85,"11/27/2022 19:15",,https://www.facebook.com/reel/1374904572642251/,0,1,Reels,,,,,11/20/2022,0,,,,,,0,0,0,0,0,0.000,5.432
975374584875007,100064197037125,"PC Merchandise","Paano kung sabihin ko sayo na kaya mo na mag RX 580 build under budget? 👀",,85,"11/27/2022 19:15",,https://www.facebook.com/reel/1374904572642251/,0,1,Reels,,,,,11/21/2022,0,,,,,,0,0,0,0,0,0.000,5.089
975374584875007,100064197037125,"PC Merchandise","Paano kung sabihin ko sayo na kaya mo na mag RX 580 build under budget? 👀",,85,"11/27/2022 19:15",,https://www.facebook.com/reel/1374904572642251/,0,1,Reels,,,,,11/22/2022,0,,,,,,0,0,0,0,0,0.000,6.469
975374584875007,100064197037125,"PC Merchandise","Paano kung sabihin ko sayo na kaya mo na mag RX 580 build under budget? 👀",,85,"11/27/2022 19:15",,https://www.facebook.com/reel/1374904572642251/,0,1,Reels,,,,,11/23/2022,0,,,,,,0,0,0,0,0,0.000,5.299
975374584875007,100064197037125,"PC Merchandise","Paano kung sabihin ko sayo na kaya mo na mag RX 580 build under budget? 👀",,85,"11/27/2022 19:15",,https://www.facebook.com/reel/1374904572642251/,0,1,Reels,,,,,11/24/2022,0,,,,,,0,0,0,0,0,0.000,3.955
975374584875007,100064197037125,"PC Merchandise","Paano kung sabihin ko sayo na kaya mo na mag RX 580 build under budget? 👀",,85,"11/27/2022 19:15",,https://www.facebook.com/reel/1374904572642251/,0,1,Reels,,,,,11/25/2022,0,,,,,,0,0,0,0,0,0.000,5.412
975374584875007,100064197037125,"PC Merchandise","Paano kung sabihin ko sayo na kaya mo na mag RX 580 build under budget? 👀",,85,"11/27/2022 19:15",,https://www.facebook.com/reel/1374904572642251/,0,1,Reels,,,,,11/26/2022,0,,,,,,0,0,0,0,0,0.000,6.296
975374584875007,100064197037125,"PC Merchandise","Paano kung sabihin ko sayo na kaya mo na mag RX 580 build under budget? 👀",,85,"11/27/2022 19:15",,https://www.facebook.com/reel/1374904572642251/,0,1,Reels,,,,,11/27/2022,0,,,,,,0,0,0,0,0,386.246,5.916
975374584875007,100064197037125,"PC Merchandise","Paano kung sabihin ko sayo na kaya mo na mag RX 580 build under budget? 👀",,85,"11/27/2022 19:15",,https://www.facebook.com/reel/1374904572642251/,0,1,Reels,,,,,11/28/2022,0,,,,,,0,0,0,0,0,269.405,5.101
975374584875007,100064197037125,"PC Merchandise","Paano kung sabihin ko sayo na kaya mo na mag RX 580 build under budget? 👀",,85,"11/27/2022 19:15",,https://www.facebook.com/reel/1374904572642251/,0,1,Reels,,,,,11/29/2022,0,,,,,,0,0,0,0,0,275.179,5.669
975374584875007,100064197037125,"PC Merchandise","Paano kung sabihin ko sayo na kaya mo na mag RX 580 build under budget? 👀",,85,"11/27/2022 19:15",,https://www.facebook.com/reel/1374904572642251/,0,1,Reels,,,,,11/30/2022,0,,,,,,0,0,0,0,0,157.410,7.470
974861749334665,100064197037125,"PC Merchandise","𝐒𝐎𝐋𝐃 𝐑𝐘𝐙𝐄𝐍 𝟑 𝟑𝟐𝟎𝟎𝐆 (2PCS)
𝐆𝐀𝐌𝐈𝐍𝐆 𝐁𝐔𝐈𝐋𝐃
#PCMERCHANDISE #PCMBUILDS",,0,"11/27/2022 00:00",,https://www.facebook.com/pcmerchandise.co/posts/pfbid0YHe82jq0Up8OGaqsnTkNMFg2rvEa41n71KxsVQ2x5fvYI4NulmmHPBBR,0,0,Photos,,,,,11/30/2022,1,,,,,,,,,,,,
974861749334665,100064197037125,"PC Merchandise","𝐒𝐎𝐋𝐃 𝐑𝐘𝐙𝐄𝐍 𝟑 𝟑𝟐𝟎𝟎𝐆 (2PCS)
𝐆𝐀𝐌𝐈𝐍𝐆 𝐁𝐔𝐈𝐋𝐃
#PCMERCHANDISE #PCMBUILDS",,0,"11/27/2022 00:00",,https://www.facebook.com/pcmerchandise.co/posts/pfbid0YHe82jq0Up8OGaqsnTkNMFg2rvEa41n71KxsVQ2x5fvYI4NulmmHPBBR,0,0,Photos,,,,,11/01/2022,,,0,0,0,0,0,0,,,,,
974861749334665,100064197037125,"PC Merchandise","𝐒𝐎𝐋𝐃 𝐑𝐘𝐙𝐄𝐍 𝟑 𝟑𝟐𝟎𝟎𝐆 (2PCS)
𝐆𝐀𝐌𝐈𝐍𝐆 𝐁𝐔𝐈𝐋𝐃
#PCMERCHANDISE #PCMBUILDS",,0,"11/27/2022 00:00",,https://www.facebook.com/pcmerchandise.co/posts/pfbid0YHe82jq0Up8OGaqsnTkNMFg2rvEa41n71KxsVQ2x5fvYI4NulmmHPBBR,0,0,Photos,,,,,11/02/2022,,,0,0,0,0,0,0,,,,,
974861749334665,100064197037125,"PC Merchandise","𝐒𝐎𝐋𝐃 𝐑𝐘𝐙𝐄𝐍 𝟑 𝟑𝟐𝟎𝟎𝐆 (2PCS)
𝐆𝐀𝐌𝐈𝐍𝐆 𝐁𝐔𝐈𝐋𝐃
#PCMERCHANDISE #PCMBUILDS",,0,"11/27/2022 00:00",,https://www.facebook.com/pcmerchandise.co/posts/pfbid0YHe82jq0Up8OGaqsnTkNMFg2rvEa41n71KxsVQ2x5fvYI4NulmmHPBBR,0,0,Photos,,,,,11/03/2022,,,0,0,0,0,0,0,,,,,
974861749334665,100064197037125,"PC Merchandise","𝐒𝐎𝐋𝐃 𝐑𝐘𝐙𝐄𝐍 𝟑 𝟑𝟐𝟎𝟎𝐆 (2PCS)
𝐆𝐀𝐌𝐈𝐍𝐆 𝐁𝐔𝐈𝐋𝐃
#PCMERCHANDISE #PCMBUILDS",,0,"11/27/2022 00:00",,https://www.facebook.com/pcmerchandise.co/posts/pfbid0YHe82jq0Up8OGaqsnTkNMFg2rvEa41n71KxsVQ2x5fvYI4NulmmHPBBR,0,0,Photos,,,,,11/04/2022,,,0,0,0,0,0,0,,,,,
974861749334665,100064197037125,"PC Merchandise","𝐒𝐎𝐋𝐃 𝐑𝐘𝐙𝐄𝐍 𝟑 𝟑𝟐𝟎𝟎𝐆 (2PCS)
𝐆𝐀𝐌𝐈𝐍𝐆 𝐁𝐔𝐈𝐋𝐃
#PCMERCHANDISE #PCMBUILDS",,0,"11/27/2022 00:00",,https://www.facebook.com/pcmerchandise.co/posts/pfbid0YHe82jq0Up8OGaqsnTkNMFg2rvEa41n71KxsVQ2x5fvYI4NulmmHPBBR,0,0,Photos,,,,,11/05/2022,,,0,0,0,0,0,0,,,,,
974861749334665,100064197037125,"PC Merchandise","𝐒𝐎𝐋𝐃 𝐑𝐘𝐙𝐄𝐍 𝟑 𝟑𝟐𝟎𝟎𝐆 (2PCS)
𝐆𝐀𝐌𝐈𝐍𝐆 𝐁𝐔𝐈𝐋𝐃
#PCMERCHANDISE #PCMBUILDS",,0,"11/27/2022 00:00",,https://www.facebook.com/pcmerchandise.co/posts/pfbid0YHe82jq0Up8OGaqsnTkNMFg2rvEa41n71KxsVQ2x5fvYI4NulmmHPBBR,0,0,Photos,,,,,11/06/2022,,,0,0,0,0,0,0,,,,,
974861749334665,100064197037125,"PC Merchandise","𝐒𝐎𝐋𝐃 𝐑𝐘𝐙𝐄𝐍 𝟑 𝟑𝟐𝟎𝟎𝐆 (2PCS)
𝐆𝐀𝐌𝐈𝐍𝐆 𝐁𝐔𝐈𝐋𝐃
#PCMERCHANDISE #PCMBUILDS",,0,"11/27/2022 00:00",,https://www.facebook.com/pcmerchandise.co/posts/pfbid0YHe82jq0Up8OGaqsnTkNMFg2rvEa41n71KxsVQ2x5fvYI4NulmmHPBBR,0,0,Photos,,,,,11/07/2022,,,0,0,0,0,0,0,,,,,
974861749334665,100064197037125,"PC Merchandise","𝐒𝐎𝐋𝐃 𝐑𝐘𝐙𝐄𝐍 𝟑 𝟑𝟐𝟎𝟎𝐆 (2PCS)
𝐆𝐀𝐌𝐈𝐍𝐆 𝐁𝐔𝐈𝐋𝐃
#PCMERCHANDISE #PCMBUILDS",,0,"11/27/2022 00:00",,https://www.facebook.com/pcmerchandise.co/posts/pfbid0YHe82jq0Up8OGaqsnTkNMFg2rvEa41n71KxsVQ2x5fvYI4NulmmHPBBR,0,0,Photos,,,,,11/08/2022,,,0,0,0,0,0,0,,,,,
974861749334665,100064197037125,"PC Merchandise","𝐒𝐎𝐋𝐃 𝐑𝐘𝐙𝐄𝐍 𝟑 𝟑𝟐𝟎𝟎𝐆 (2PCS)
𝐆𝐀𝐌𝐈𝐍𝐆 𝐁𝐔𝐈𝐋𝐃
#PCMERCHANDISE #PCMBUILDS",,0,"11/27/2022 00:00",,https://www.facebook.com/pcmerchandise.co/posts/pfbid0YHe82jq0Up8OGaqsnTkNMFg2rvEa41n71KxsVQ2x5fvYI4NulmmHPBBR,0,0,Photos,,,,,11/09/2022,,,0,0,0,0,0,0,,,,,
974861749334665,100064197037125,"PC Merchandise","𝐒𝐎𝐋𝐃 𝐑𝐘𝐙𝐄𝐍 𝟑 𝟑𝟐𝟎𝟎𝐆 (2PCS)
𝐆𝐀𝐌𝐈𝐍𝐆 𝐁𝐔𝐈𝐋𝐃
#PCMERCHANDISE #PCMBUILDS",,0,"11/27/2022 00:00",,https://www.facebook.com/pcmerchandise.co/posts/pfbid0YHe82jq0Up8OGaqsnTkNMFg2rvEa41n71KxsVQ2x5fvYI4NulmmHPBBR,0,0,Photos,,,,,11/10/2022,,,0,0,0,0,0,0,,,,,
974861749334665,100064197037125,"PC Merchandise","𝐒𝐎𝐋𝐃 𝐑𝐘𝐙𝐄𝐍 𝟑 𝟑𝟐𝟎𝟎𝐆 (2PCS)
𝐆𝐀𝐌𝐈𝐍𝐆 𝐁𝐔𝐈𝐋𝐃
#PCMERCHANDISE #PCMBUILDS",,0,"11/27/2022 00:00",,https://www.facebook.com/pcmerchandise.co/posts/pfbid0YHe82jq0Up8OGaqsnTkNMFg2rvEa41n71KxsVQ2x5fvYI4NulmmHPBBR,0,0,Photos,,,,,11/11/2022,,,0,0,0,0,0,0,,,,,
974861749334665,100064197037125,"PC Merchandise","𝐒𝐎𝐋𝐃 𝐑𝐘𝐙𝐄𝐍 𝟑 𝟑𝟐𝟎𝟎𝐆 (2PCS)
𝐆𝐀𝐌𝐈𝐍𝐆 𝐁𝐔𝐈𝐋𝐃
#PCMERCHANDISE #PCMBUILDS",,0,"11/27/2022 00:00",,https://www.facebook.com/pcmerchandise.co/posts/pfbid0YHe82jq0Up8OGaqsnTkNMFg2rvEa41n71KxsVQ2x5fvYI4NulmmHPBBR,0,0,Photos,,,,,11/12/2022,,,0,0,0,0,0,0,,,,,
974861749334665,100064197037125,"PC Merchandise","𝐒𝐎𝐋𝐃 𝐑𝐘𝐙𝐄𝐍 𝟑 𝟑𝟐𝟎𝟎𝐆 (2PCS)
𝐆𝐀𝐌𝐈𝐍𝐆 𝐁𝐔𝐈𝐋𝐃
#PCMERCHANDISE #PCMBUILDS",,0,"11/27/2022 00:00",,https://www.facebook.com/pcmerchandise.co/posts/pfbid0YHe82jq0Up8OGaqsnTkNMFg2rvEa41n71KxsVQ2x5fvYI4NulmmHPBBR,0,0,Photos,,,,,11/13/2022,,,0,0,0,0,0,0,,,,,
974861749334665,100064197037125,"PC Merchandise","𝐒𝐎𝐋𝐃 𝐑𝐘𝐙𝐄𝐍 𝟑 𝟑𝟐𝟎𝟎𝐆 (2PCS)
𝐆𝐀𝐌𝐈𝐍𝐆 𝐁𝐔𝐈𝐋𝐃
#PCMERCHANDISE #PCMBUILDS",,0,"11/27/2022 00:00",,https://www.facebook.com/pcmerchandise.co/posts/pfbid0YHe82jq0Up8OGaqsnTkNMFg2rvEa41n71KxsVQ2x5fvYI4NulmmHPBBR,0,0,Photos,,,,,11/14/2022,,,0,0,0,0,0,0,,,,,
974861749334665,100064197037125,"PC Merchandise","𝐒𝐎𝐋𝐃 𝐑𝐘𝐙𝐄𝐍 𝟑 𝟑𝟐𝟎𝟎𝐆 (2PCS)
𝐆𝐀𝐌𝐈𝐍𝐆 𝐁𝐔𝐈𝐋𝐃
#PCMERCHANDISE #PCMBUILDS",,0,"11/27/2022 00:00",,https://www.facebook.com/pcmerchandise.co/posts/pfbid0YHe82jq0Up8OGaqsnTkNMFg2rvEa41n71KxsVQ2x5fvYI4NulmmHPBBR,0,0,Photos,,,,,11/15/2022,,,0,0,0,0,0,0,,,,,
974861749334665,100064197037125,"PC Merchandise","𝐒𝐎𝐋𝐃 𝐑𝐘𝐙𝐄𝐍 𝟑 𝟑𝟐𝟎𝟎𝐆 (2PCS)
𝐆𝐀𝐌𝐈𝐍𝐆 𝐁𝐔𝐈𝐋𝐃
#PCMERCHANDISE #PCMBUILDS",,0,"11/27/2022 00:00",,https://www.facebook.com/pcmerchandise.co/posts/pfbid0YHe82jq0Up8OGaqsnTkNMFg2rvEa41n71KxsVQ2x5fvYI4NulmmHPBBR,0,0,Photos,,,,,11/16/2022,,,0,0,0,0,0,0,,,,,
974861749334665,100064197037125,"PC Merchandise","𝐒𝐎𝐋𝐃 𝐑𝐘𝐙𝐄𝐍 𝟑 𝟑𝟐𝟎𝟎𝐆 (2PCS)
𝐆𝐀𝐌𝐈𝐍𝐆 𝐁𝐔𝐈𝐋𝐃
#PCMERCHANDISE #PCMBUILDS",,0,"11/27/2022 00:00",,https://www.facebook.com/pcmerchandise.co/posts/pfbid0YHe82jq0Up8OGaqsnTkNMFg2rvEa41n71KxsVQ2x5fvYI4NulmmHPBBR,0,0,Photos,,,,,11/17/2022,,,0,0,0,0,0,0,,,,,
974861749334665,100064197037125,"PC Merchandise","𝐒𝐎𝐋𝐃 𝐑𝐘𝐙𝐄𝐍 𝟑 𝟑𝟐𝟎𝟎𝐆 (2PCS)
𝐆𝐀𝐌𝐈𝐍𝐆 𝐁𝐔𝐈𝐋𝐃
#PCMERCHANDISE #PCMBUILDS",,0,"11/27/2022 00:00",,https://www.facebook.com/pcmerchandise.co/posts/pfbid0YHe82jq0Up8OGaqsnTkNMFg2rvEa41n71KxsVQ2x5fvYI4NulmmHPBBR,0,0,Photos,,,,,11/18/2022,,,0,0,0,0,0,0,,,,,
974861749334665,100064197037125,"PC Merchandise","𝐒𝐎𝐋𝐃 𝐑𝐘𝐙𝐄𝐍 𝟑 𝟑𝟐𝟎𝟎𝐆 (2PCS)
𝐆𝐀𝐌𝐈𝐍𝐆 𝐁𝐔𝐈𝐋𝐃
#PCMERCHANDISE #PCMBUILDS",,0,"11/27/2022 00:00",,https://www.facebook.com/pcmerchandise.co/posts/pfbid0YHe82jq0Up8OGaqsnTkNMFg2rvEa41n71KxsVQ2x5fvYI4NulmmHPBBR,0,0,Photos,,,,,11/19/2022,,,0,0,0,0,0,0,,,,,
974861749334665,100064197037125,"PC Merchandise","𝐒𝐎𝐋𝐃 𝐑𝐘𝐙𝐄𝐍 𝟑 𝟑𝟐𝟎𝟎𝐆 (2PCS)
𝐆𝐀𝐌𝐈𝐍𝐆 𝐁𝐔𝐈𝐋𝐃
#PCMERCHANDISE #PCMBUILDS",,0,"11/27/2022 00:00",,https://www.facebook.com/pcmerchandise.co/posts/pfbid0YHe82jq0Up8OGaqsnTkNMFg2rvEa41n71KxsVQ2x5fvYI4NulmmHPBBR,0,0,Photos,,,,,11/20/2022,,,0,0,0,0,0,0,,,,,
974861749334665,100064197037125,"PC Merchandise","𝐒𝐎𝐋𝐃 𝐑𝐘𝐙𝐄𝐍 𝟑 𝟑𝟐𝟎𝟎𝐆 (2PCS)
𝐆𝐀𝐌𝐈𝐍𝐆 𝐁𝐔𝐈𝐋𝐃
#PCMERCHANDISE #PCMBUILDS",,0,"11/27/2022 00:00",,https://www.facebook.com/pcmerchandise.co/posts/pfbid0YHe82jq0Up8OGaqsnTkNMFg2rvEa41n71KxsVQ2x5fvYI4NulmmHPBBR,0,0,Photos,,,,,11/21/2022,,,0,0,0,0,0,0,,,,,
974861749334665,100064197037125,"PC Merchandise","𝐒𝐎𝐋𝐃 𝐑𝐘𝐙𝐄𝐍 𝟑 𝟑𝟐𝟎𝟎𝐆 (2PCS)
𝐆𝐀𝐌𝐈𝐍𝐆 𝐁𝐔𝐈𝐋𝐃
#PCMERCHANDISE #PCMBUILDS",,0,"11/27/2022 00:00",,https://www.facebook.com/pcmerchandise.co/posts/pfbid0YHe82jq0Up8OGaqsnTkNMFg2rvEa41n71KxsVQ2x5fvYI4NulmmHPBBR,0,0,Photos,,,,,11/22/2022,,,0,0,0,0,0,0,,,,,
974861749334665,100064197037125,"PC Merchandise","𝐒𝐎𝐋𝐃 𝐑𝐘𝐙𝐄𝐍 𝟑 𝟑𝟐𝟎𝟎𝐆 (2PCS)
𝐆𝐀𝐌𝐈𝐍𝐆 𝐁𝐔𝐈𝐋𝐃
#PCMERCHANDISE #PCMBUILDS",,0,"11/27/2022 00:00",,https://www.facebook.com/pcmerchandise.co/posts/pfbid0YHe82jq0Up8OGaqsnTkNMFg2rvEa41n71KxsVQ2x5fvYI4NulmmHPBBR,0,0,Photos,,,,,11/23/2022,,,0,0,0,0,0,0,,,,,
974861749334665,100064197037125,"PC Merchandise","𝐒𝐎𝐋𝐃 𝐑𝐘𝐙𝐄𝐍 𝟑 𝟑𝟐𝟎𝟎𝐆 (2PCS)
𝐆𝐀𝐌𝐈𝐍𝐆 𝐁𝐔𝐈𝐋𝐃
#PCMERCHANDISE #PCMBUILDS",,0,"11/27/2022 00:00",,https://www.facebook.com/pcmerchandise.co/posts/pfbid0YHe82jq0Up8OGaqsnTkNMFg2rvEa41n71KxsVQ2x5fvYI4NulmmHPBBR,0,0,Photos,,,,,11/24/2022,,,0,0,0,0,0,0,,,,,
974861749334665,100064197037125,"PC Merchandise","𝐒𝐎𝐋𝐃 𝐑𝐘𝐙𝐄𝐍 𝟑 𝟑𝟐𝟎𝟎𝐆 (2PCS)
𝐆𝐀𝐌𝐈𝐍𝐆 𝐁𝐔𝐈𝐋𝐃
#PCMERCHANDISE #PCMBUILDS",,0,"11/27/2022 00:00",,https://www.facebook.com/pcmerchandise.co/posts/pfbid0YHe82jq0Up8OGaqsnTkNMFg2rvEa41n71KxsVQ2x5fvYI4NulmmHPBBR,0,0,Photos,,,,,11/25/2022,,,0,0,0,0,0,0,,,,,
974861749334665,100064197037125,"PC Merchandise","𝐒𝐎𝐋𝐃 𝐑𝐘𝐙𝐄𝐍 𝟑 𝟑𝟐𝟎𝟎𝐆 (2PCS)
𝐆𝐀𝐌𝐈𝐍𝐆 𝐁𝐔𝐈𝐋𝐃
#PCMERCHANDISE #PCMBUILDS",,0,"11/27/2022 00:00",,https://www.facebook.com/pcmerchandise.co/posts/pfbid0YHe82jq0Up8OGaqsnTkNMFg2rvEa41n71KxsVQ2x5fvYI4NulmmHPBBR,0,0,Photos,,,,,11/26/2022,,,0,0,0,0,0,0,,,,,
974861749334665,100064197037125,"PC Merchandise","𝐒𝐎𝐋𝐃 𝐑𝐘𝐙𝐄𝐍 𝟑 𝟑𝟐𝟎𝟎𝐆 (2PCS)
𝐆𝐀𝐌𝐈𝐍𝐆 𝐁𝐔𝐈𝐋𝐃
#PCMERCHANDISE #PCMBUILDS",,0,"11/27/2022 00:00",,https://www.facebook.com/pcmerchandise.co/posts/pfbid0YHe82jq0Up8OGaqsnTkNMFg2rvEa41n71KxsVQ2x5fvYI4NulmmHPBBR,0,0,Photos,,,,,11/27/2022,,,0,0,0,0,0,0,,,,,
974861749334665,100064197037125,"PC Merchandise","𝐒𝐎𝐋𝐃 𝐑𝐘𝐙𝐄𝐍 𝟑 𝟑𝟐𝟎𝟎𝐆 (2PCS)
𝐆𝐀𝐌𝐈𝐍𝐆 𝐁𝐔𝐈𝐋𝐃
#PCMERCHANDISE #PCMBUILDS",,0,"11/27/2022 00:00",,https://www.facebook.com/pcmerchandise.co/posts/pfbid0YHe82jq0Up8OGaqsnTkNMFg2rvEa41n71KxsVQ2x5fvYI4NulmmHPBBR,0,0,Photos,,,,,11/28/2022,,,0,0,0,0,0,0,,,,,
974861749334665,100064197037125,"PC Merchandise","𝐒𝐎𝐋𝐃 𝐑𝐘𝐙𝐄𝐍 𝟑 𝟑𝟐𝟎𝟎𝐆 (2PCS)
𝐆𝐀𝐌𝐈𝐍𝐆 𝐁𝐔𝐈𝐋𝐃
#PCMERCHANDISE #PCMBUILDS",,0,"11/27/2022 00:00",,https://www.facebook.com/pcmerchandise.co/posts/pfbid0YHe82jq0Up8OGaqsnTkNMFg2rvEa41n71KxsVQ2x5fvYI4NulmmHPBBR,0,0,Photos,,,,,11/29/2022,,,0,0,0,0,0,0,,,,,
974861749334665,100064197037125,"PC Merchandise","𝐒𝐎𝐋𝐃 𝐑𝐘𝐙𝐄𝐍 𝟑 𝟑𝟐𝟎𝟎𝐆 (2PCS)
𝐆𝐀𝐌𝐈𝐍𝐆 𝐁𝐔𝐈𝐋𝐃
#PCMERCHANDISE #PCMBUILDS",,0,"11/27/2022 00:00",,https://www.facebook.com/pcmerchandise.co/posts/pfbid0YHe82jq0Up8OGaqsnTkNMFg2rvEa41n71KxsVQ2x5fvYI4NulmmHPBBR,0,0,Photos,,,,,11/30/2022,,,0,0,0,0,0,0,,,,,
974847694116742,100064197037125,"PC Merchandise","UNBOXING: GTX 1660S fresh stock just arrived! 📦",,0,"11/26/2022 23:30",,https://www.facebook.com/pcmerchandise.co/posts/pfbid0IdfmOn9LQUPniKST9BLHx513Zdt4i8pZvMRle1GzLiUCgmhFLJka07jZ,0,0,Photos,,,,,11/30/2022,1,,,,,,,,,,,,
974847694116742,100064197037125,"PC Merchandise","UNBOXING: GTX 1660S fresh stock just arrived! 📦",,0,"11/26/2022 23:30",,https://www.facebook.com/pcmerchandise.co/posts/pfbid0IdfmOn9LQUPniKST9BLHx513Zdt4i8pZvMRle1GzLiUCgmhFLJka07jZ,0,0,Photos,,,,,11/01/2022,,,0,0,0,0,0,0,,,,,
974847694116742,100064197037125,"PC Merchandise","UNBOXING: GTX 1660S fresh stock just arrived! 📦",,0,"11/26/2022 23:30",,https://www.facebook.com/pcmerchandise.co/posts/pfbid0IdfmOn9LQUPniKST9BLHx513Zdt4i8pZvMRle1GzLiUCgmhFLJka07jZ,0,0,Photos,,,,,11/02/2022,,,0,0,0,0,0,0,,,,,
974847694116742,100064197037125,"PC Merchandise","UNBOXING: GTX 1660S fresh stock just arrived! 📦",,0,"11/26/2022 23:30",,https://www.facebook.com/pcmerchandise.co/posts/pfbid0IdfmOn9LQUPniKST9BLHx513Zdt4i8pZvMRle1GzLiUCgmhFLJka07jZ,0,0,Photos,,,,,11/03/2022,,,0,0,0,0,0,0,,,,,
974847694116742,100064197037125,"PC Merchandise","UNBOXING: GTX 1660S fresh stock just arrived! 📦",,0,"11/26/2022 23:30",,https://www.facebook.com/pcmerchandise.co/posts/pfbid0IdfmOn9LQUPniKST9BLHx513Zdt4i8pZvMRle1GzLiUCgmhFLJka07jZ,0,0,Photos,,,,,11/04/2022,,,0,0,0,0,0,0,,,,,
974847694116742,100064197037125,"PC Merchandise","UNBOXING: GTX 1660S fresh stock just arrived! 📦",,0,"11/26/2022 23:30",,https://www.facebook.com/pcmerchandise.co/posts/pfbid0IdfmOn9LQUPniKST9BLHx513Zdt4i8pZvMRle1GzLiUCgmhFLJka07jZ,0,0,Photos,,,,,11/05/2022,,,0,0,0,0,0,0,,,,,
974847694116742,100064197037125,"PC Merchandise","UNBOXING: GTX 1660S fresh stock just arrived! 📦",,0,"11/26/2022 23:30",,https://www.facebook.com/pcmerchandise.co/posts/pfbid0IdfmOn9LQUPniKST9BLHx513Zdt4i8pZvMRle1GzLiUCgmhFLJka07jZ,0,0,Photos,,,,,11/06/2022,,,0,0,0,0,0,0,,,,,
974847694116742,100064197037125,"PC Merchandise","UNBOXING: GTX 1660S fresh stock just arrived! 📦",,0,"11/26/2022 23:30",,https://www.facebook.com/pcmerchandise.co/posts/pfbid0IdfmOn9LQUPniKST9BLHx513Zdt4i8pZvMRle1GzLiUCgmhFLJka07jZ,0,0,Photos,,,,,11/07/2022,,,0,0,0,0,0,0,,,,,
974847694116742,100064197037125,"PC Merchandise","UNBOXING: GTX 1660S fresh stock just arrived! 📦",,0,"11/26/2022 23:30",,https://www.facebook.com/pcmerchandise.co/posts/pfbid0IdfmOn9LQUPniKST9BLHx513Zdt4i8pZvMRle1GzLiUCgmhFLJka07jZ,0,0,Photos,,,,,11/08/2022,,,0,0,0,0,0,0,,,,,
974847694116742,100064197037125,"PC Merchandise","UNBOXING: GTX 1660S fresh stock just arrived! 📦",,0,"11/26/2022 23:30",,https://www.facebook.com/pcmerchandise.co/posts/pfbid0IdfmOn9LQUPniKST9BLHx513Zdt4i8pZvMRle1GzLiUCgmhFLJka07jZ,0,0,Photos,,,,,11/09/2022,,,0,0,0,0,0,0,,,,,
974847694116742,100064197037125,"PC Merchandise","UNBOXING: GTX 1660S fresh stock just arrived! 📦",,0,"11/26/2022 23:30",,https://www.facebook.com/pcmerchandise.co/posts/pfbid0IdfmOn9LQUPniKST9BLHx513Zdt4i8pZvMRle1GzLiUCgmhFLJka07jZ,0,0,Photos,,,,,11/10/2022,,,0,0,0,0,0,0,,,,,
974847694116742,100064197037125,"PC Merchandise","UNBOXING: GTX 1660S fresh stock just arrived! 📦",,0,"11/26/2022 23:30",,https://www.facebook.com/pcmerchandise.co/posts/pfbid0IdfmOn9LQUPniKST9BLHx513Zdt4i8pZvMRle1GzLiUCgmhFLJka07jZ,0,0,Photos,,,,,11/11/2022,,,0,0,0,0,0,0,,,,,
974847694116742,100064197037125,"PC Merchandise","UNBOXING: GTX 1660S fresh stock just arrived! 📦",,0,"11/26/2022 23:30",,https://www.facebook.com/pcmerchandise.co/posts/pfbid0IdfmOn9LQUPniKST9BLHx513Zdt4i8pZvMRle1GzLiUCgmhFLJka07jZ,0,0,Photos,,,,,11/12/2022,,,0,0,0,0,0,0,,,,,
974847694116742,100064197037125,"PC Merchandise","UNBOXING: GTX 1660S fresh stock just arrived! 📦",,0,"11/26/2022 23:30",,https://www.facebook.com/pcmerchandise.co/posts/pfbid0IdfmOn9LQUPniKST9BLHx513Zdt4i8pZvMRle1GzLiUCgmhFLJka07jZ,0,0,Photos,,,,,11/13/2022,,,0,0,0,0,0,0,,,,,
974847694116742,100064197037125,"PC Merchandise","UNBOXING: GTX 1660S fresh stock just arrived! 📦",,0,"11/26/2022 23:30",,https://www.facebook.com/pcmerchandise.co/posts/pfbid0IdfmOn9LQUPniKST9BLHx513Zdt4i8pZvMRle1GzLiUCgmhFLJka07jZ,0,0,Photos,,,,,11/14/2022,,,0,0,0,0,0,0,,,,,
974847694116742,100064197037125,"PC Merchandise","UNBOXING: GTX 1660S fresh stock just arrived! 📦",,0,"11/26/2022 23:30",,https://www.facebook.com/pcmerchandise.co/posts/pfbid0IdfmOn9LQUPniKST9BLHx513Zdt4i8pZvMRle1GzLiUCgmhFLJka07jZ,0,0,Photos,,,,,11/15/2022,,,0,0,0,0,0,0,,,,,
974847694116742,100064197037125,"PC Merchandise","UNBOXING: GTX 1660S fresh stock just arrived! 📦",,0,"11/26/2022 23:30",,https://www.facebook.com/pcmerchandise.co/posts/pfbid0IdfmOn9LQUPniKST9BLHx513Zdt4i8pZvMRle1GzLiUCgmhFLJka07jZ,0,0,Photos,,,,,11/16/2022,,,0,0,0,0,0,0,,,,,
974847694116742,100064197037125,"PC Merchandise","UNBOXING: GTX 1660S fresh stock just arrived! 📦",,0,"11/26/2022 23:30",,https://www.facebook.com/pcmerchandise.co/posts/pfbid0IdfmOn9LQUPniKST9BLHx513Zdt4i8pZvMRle1GzLiUCgmhFLJka07jZ,0,0,Photos,,,,,11/17/2022,,,0,0,0,0,0,0,,,,,
974847694116742,100064197037125,"PC Merchandise","UNBOXING: GTX 1660S fresh stock just arrived! 📦",,0,"11/26/2022 23:30",,https://www.facebook.com/pcmerchandise.co/posts/pfbid0IdfmOn9LQUPniKST9BLHx513Zdt4i8pZvMRle1GzLiUCgmhFLJka07jZ,0,0,Photos,,,,,11/18/2022,,,0,0,0,0,0,0,,,,,
974847694116742,100064197037125,"PC Merchandise","UNBOXING: GTX 1660S fresh stock just arrived! 📦",,0,"11/26/2022 23:30",,https://www.facebook.com/pcmerchandise.co/posts/pfbid0IdfmOn9LQUPniKST9BLHx513Zdt4i8pZvMRle1GzLiUCgmhFLJka07jZ,0,0,Photos,,,,,11/19/2022,,,0,0,0,0,0,0,,,,,
974847694116742,100064197037125,"PC Merchandise","UNBOXING: GTX 1660S fresh stock just arrived! 📦",,0,"11/26/2022 23:30",,https://www.facebook.com/pcmerchandise.co/posts/pfbid0IdfmOn9LQUPniKST9BLHx513Zdt4i8pZvMRle1GzLiUCgmhFLJka07jZ,0,0,Photos,,,,,11/20/2022,,,0,0,0,0,0,0,,,,,
974847694116742,100064197037125,"PC Merchandise","UNBOXING: GTX 1660S fresh stock just arrived! 📦",,0,"11/26/2022 23:30",,https://www.facebook.com/pcmerchandise.co/posts/pfbid0IdfmOn9LQUPniKST9BLHx513Zdt4i8pZvMRle1GzLiUCgmhFLJka07jZ,0,0,Photos,,,,,11/21/2022,,,0,0,0,0,0,0,,,,,
974847694116742,100064197037125,"PC Merchandise","UNBOXING: GTX 1660S fresh stock just arrived! 📦",,0,"11/26/2022 23:30",,https://www.facebook.com/pcmerchandise.co/posts/pfbid0IdfmOn9LQUPniKST9BLHx513Zdt4i8pZvMRle1GzLiUCgmhFLJka07jZ,0,0,Photos,,,,,11/22/2022,,,0,0,0,0,0,0,,,,,
974847694116742,100064197037125,"PC Merchandise","UNBOXING: GTX 1660S fresh stock just arrived! 📦",,0,"11/26/2022 23:30",,https://www.facebook.com/pcmerchandise.co/posts/pfbid0IdfmOn9LQUPniKST9BLHx513Zdt4i8pZvMRle1GzLiUCgmhFLJka07jZ,0,0,Photos,,,,,11/23/2022,,,0,0,0,0,0,0,,,,,
974847694116742,100064197037125,"PC Merchandise","UNBOXING: GTX 1660S fresh stock just arrived! 📦",,0,"11/26/2022 23:30",,https://www.facebook.com/pcmerchandise.co/posts/pfbid0IdfmOn9LQUPniKST9BLHx513Zdt4i8pZvMRle1GzLiUCgmhFLJka07jZ,0,0,Photos,,,,,11/24/2022,,,0,0,0,0,0,0,,,,,
974847694116742,100064197037125,"PC Merchandise","UNBOXING: GTX 1660S fresh stock just arrived! 📦",,0,"11/26/2022 23:30",,https://www.facebook.com/pcmerchandise.co/posts/pfbid0IdfmOn9LQUPniKST9BLHx513Zdt4i8pZvMRle1GzLiUCgmhFLJka07jZ,0,0,Photos,,,,,11/25/2022,,,0,0,0,0,0,0,,,,,
974847694116742,100064197037125,"PC Merchandise","UNBOXING: GTX 1660S fresh stock just arrived! 📦",,0,"11/26/2022 23:30",,https://www.facebook.com/pcmerchandise.co/posts/pfbid0IdfmOn9LQUPniKST9BLHx513Zdt4i8pZvMRle1GzLiUCgmhFLJka07jZ,0,0,Photos,,,,,11/26/2022,,,0,0,0,0,0,0,,,,,
974847694116742,100064197037125,"PC Merchandise","UNBOXING: GTX 1660S fresh stock just arrived! 📦",,0,"11/26/2022 23:30",,https://www.facebook.com/pcmerchandise.co/posts/pfbid0IdfmOn9LQUPniKST9BLHx513Zdt4i8pZvMRle1GzLiUCgmhFLJka07jZ,0,0,Photos,,,,,11/27/2022,,,0,0,0,0,0,0,,,,,
974847694116742,100064197037125,"PC Merchandise","UNBOXING: GTX 1660S fresh stock just arrived! 📦",,0,"11/26/2022 23:30",,https://www.facebook.com/pcmerchandise.co/posts/pfbid0IdfmOn9LQUPniKST9BLHx513Zdt4i8pZvMRle1GzLiUCgmhFLJka07jZ,0,0,Photos,,,,,11/28/2022,,,0,0,0,0,0,0,,,,,
974847694116742,100064197037125,"PC Merchandise","UNBOXING: GTX 1660S fresh stock just arrived! 📦",,0,"11/26/2022 23:30",,https://www.facebook.com/pcmerchandise.co/posts/pfbid0IdfmOn9LQUPniKST9BLHx513Zdt4i8pZvMRle1GzLiUCgmhFLJka07jZ,0,0,Photos,,,,,11/29/2022,,,0,0,0,0,0,0,,,,,
974847694116742,100064197037125,"PC Merchandise","UNBOXING: GTX 1660S fresh stock just arrived! 📦",,0,"11/26/2022 23:30",,https://www.facebook.com/pcmerchandise.co/posts/pfbid0IdfmOn9LQUPniKST9BLHx513Zdt4i8pZvMRle1GzLiUCgmhFLJka07jZ,0,0,Photos,,,,,11/30/2022,,,0,0,0,0,0,0,,,,,
975026574167698,100064197037125,"PC Merchandise","Salamat sa tiwala boss DARVS! i5 10400F comshop package — 4 units delivered ✅",,47,"11/26/2022 19:30",,https://www.facebook.com/reel/1334489556686589/,0,0,Reels,,,,,11/01/2022,0,,,,,,0,0,0,0,0,0.000,4.493
975026574167698,100064197037125,"PC Merchandise","Salamat sa tiwala boss DARVS! i5 10400F comshop package — 4 units delivered ✅",,47,"11/26/2022 19:30",,https://www.facebook.com/reel/1334489556686589/,0,0,Reels,,,,,11/02/2022,0,,,,,,0,0,0,0,0,0.000,3.598
975026574167698,100064197037125,"PC Merchandise","Salamat sa tiwala boss DARVS! i5 10400F comshop package — 4 units delivered ✅",,47,"11/26/2022 19:30",,https://www.facebook.com/reel/1334489556686589/,0,0,Reels,,,,,11/03/2022,0,,,,,,0,0,0,0,0,0.000,2.906
975026574167698,100064197037125,"PC Merchandise","Salamat sa tiwala boss DARVS! i5 10400F comshop package — 4 units delivered ✅",,47,"11/26/2022 19:30",,https://www.facebook.com/reel/1334489556686589/,0,0,Reels,,,,,11/04/2022,0,,,,,,0,0,0,0,0,0.000,4.402
975026574167698,100064197037125,"PC Merchandise","Salamat sa tiwala boss DARVS! i5 10400F comshop package — 4 units delivered ✅",,47,"11/26/2022 19:30",,https://www.facebook.com/reel/1334489556686589/,0,0,Reels,,,,,11/05/2022,0,,,,,,0,0,0,0,0,0.000,4.394
975026574167698,100064197037125,"PC Merchandise","Salamat sa tiwala boss DARVS! i5 10400F comshop package — 4 units delivered ✅",,47,"11/26/2022 19:30",,https://www.facebook.com/reel/1334489556686589/,0,0,Reels,,,,,11/06/2022,0,,,,,,0,0,0,0,0,0.000,3.472
975026574167698,100064197037125,"PC Merchandise","Salamat sa tiwala boss DARVS! i5 10400F comshop package — 4 units delivered ✅",,47,"11/26/2022 19:30",,https://www.facebook.com/reel/1334489556686589/,0,0,Reels,,,,,11/07/2022,0,,,,,,0,0,0,0,0,0.000,3.243
975026574167698,100064197037125,"PC Merchandise","Salamat sa tiwala boss DARVS! i5 10400F comshop package — 4 units delivered ✅",,47,"11/26/2022 19:30",,https://www.facebook.com/reel/1334489556686589/,0,0,Reels,,,,,11/08/2022,0,,,,,,0,0,0,0,0,0.000,3.051
975026574167698,100064197037125,"PC Merchandise","Salamat sa tiwala boss DARVS! i5 10400F comshop package — 4 units delivered ✅",,47,"11/26/2022 19:30",,https://www.facebook.com/reel/1334489556686589/,0,0,Reels,,,,,11/09/2022,0,,,,,,0,0,0,0,0,0.000,3.818
975026574167698,100064197037125,"PC Merchandise","Salamat sa tiwala boss DARVS! i5 10400F comshop package — 4 units delivered ✅",,47,"11/26/2022 19:30",,https://www.facebook.com/reel/1334489556686589/,0,0,Reels,,,,,11/10/2022,0,,,,,,0,0,0,0,0,0.000,2.024
975026574167698,100064197037125,"PC Merchandise","Salamat sa tiwala boss DARVS! i5 10400F comshop package — 4 units delivered ✅",,47,"11/26/2022 19:30",,https://www.facebook.com/reel/1334489556686589/,0,0,Reels,,,,,11/11/2022,0,,,,,,0,0,0,0,0,0.000,3.672
975026574167698,100064197037125,"PC Merchandise","Salamat sa tiwala boss DARVS! i5 10400F comshop package — 4 units delivered ✅",,47,"11/26/2022 19:30",,https://www.facebook.com/reel/1334489556686589/,0,0,Reels,,,,,11/12/2022,0,,,,,,0,0,0,0,0,0.000,3.394
975026574167698,100064197037125,"PC Merchandise","Salamat sa tiwala boss DARVS! i5 10400F comshop package — 4 units delivered ✅",,47,"11/26/2022 19:30",,https://www.facebook.com/reel/1334489556686589/,0,0,Reels,,,,,11/13/2022,0,,,,,,0,0,0,0,0,0.000,4.414
975026574167698,100064197037125,"PC Merchandise","Salamat sa tiwala boss DARVS! i5 10400F comshop package — 4 units delivered ✅",,47,"11/26/2022 19:30",,https://www.facebook.com/reel/1334489556686589/,0,0,Reels,,,,,11/14/2022,0,,,,,,0,0,0,0,0,0.000,3.174
975026574167698,100064197037125,"PC Merchandise","Salamat sa tiwala boss DARVS! i5 10400F comshop package — 4 units delivered ✅",,47,"11/26/2022 19:30",,https://www.facebook.com/reel/1334489556686589/,0,0,Reels,,,,,11/15/2022,0,,,,,,0,0,0,0,0,0.000,3.523
975026574167698,100064197037125,"PC Merchandise","Salamat sa tiwala boss DARVS! i5 10400F comshop package — 4 units delivered ✅",,47,"11/26/2022 19:30",,https://www.facebook.com/reel/1334489556686589/,0,0,Reels,,,,,11/16/2022,0,,,,,,0,0,0,0,0,0.000,2.327
975026574167698,100064197037125,"PC Merchandise","Salamat sa tiwala boss DARVS! i5 10400F comshop package — 4 units delivered ✅",,47,"11/26/2022 19:30",,https://www.facebook.com/reel/1334489556686589/,0,0,Reels,,,,,11/17/2022,0,,,,,,0,0,0,0,0,0.000,2.872
975026574167698,100064197037125,"PC Merchandise","Salamat sa tiwala boss DARVS! i5 10400F comshop package — 4 units delivered ✅",,47,"11/26/2022 19:30",,https://www.facebook.com/reel/1334489556686589/,0,0,Reels,,,,,11/18/2022,0,,,,,,0,0,0,0,0,0.000,4.452
975026574167698,100064197037125,"PC Merchandise","Salamat sa tiwala boss DARVS! i5 10400F comshop package — 4 units delivered ✅",,47,"11/26/2022 19:30",,https://www.facebook.com/reel/1334489556686589/,0,0,Reels,,,,,11/19/2022,0,,,,,,0,0,0,0,0,0.000,2.553
975026574167698,100064197037125,"PC Merchandise","Salamat sa tiwala boss DARVS! i5 10400F comshop package — 4 units delivered ✅",,47,"11/26/2022 19:30",,https://www.facebook.com/reel/1334489556686589/,0,0,Reels,,,,,11/20/2022,0,,,,,,0,0,0,0,0,0.000,3.517
975026574167698,100064197037125,"PC Merchandise","Salamat sa tiwala boss DARVS! i5 10400F comshop package — 4 units delivered ✅",,47,"11/26/2022 19:30",,https://www.facebook.com/reel/1334489556686589/,0,0,Reels,,,,,11/21/2022,0,,,,,,0,0,0,0,0,0.000,2.915
975026574167698,100064197037125,"PC Merchandise","Salamat sa tiwala boss DARVS! i5 10400F comshop package — 4 units delivered ✅",,47,"11/26/2022 19:30",,https://www.facebook.com/reel/1334489556686589/,0,0,Reels,,,,,11/22/2022,0,,,,,,0,0,0,0,0,0.000,4.667
975026574167698,100064197037125,"PC Merchandise","Salamat sa tiwala boss DARVS! i5 10400F comshop package — 4 units delivered ✅",,47,"11/26/2022 19:30",,https://www.facebook.com/reel/1334489556686589/,0,0,Reels,,,,,11/23/2022,0,,,,,,0,0,0,0,0,0.000,3.353
975026574167698,100064197037125,"PC Merchandise","Salamat sa tiwala boss DARVS! i5 10400F comshop package — 4 units delivered ✅",,47,"11/26/2022 19:30",,https://www.facebook.com/reel/1334489556686589/,0,0,Reels,,,,,11/24/2022,0,,,,,,0,0,0,0,0,0.000,4.017
975026574167698,100064197037125,"PC Merchandise","Salamat sa tiwala boss DARVS! i5 10400F comshop package — 4 units delivered ✅",,47,"11/26/2022 19:30",,https://www.facebook.com/reel/1334489556686589/,0,0,Reels,,,,,11/25/2022,0,,,,,,0,0,0,0,0,0.000,4.273
975026574167698,100064197037125,"PC Merchandise","Salamat sa tiwala boss DARVS! i5 10400F comshop package — 4 units delivered ✅",,47,"11/26/2022 19:30",,https://www.facebook.com/reel/1334489556686589/,0,0,Reels,,,,,11/26/2022,0,,,,,,0,0,4,3,1,537.432,2.501
975026574167698,100064197037125,"PC Merchandise","Salamat sa tiwala boss DARVS! i5 10400F comshop package — 4 units delivered ✅",,47,"11/26/2022 19:30",,https://www.facebook.com/reel/1334489556686589/,0,0,Reels,,,,,11/27/2022,0,,,,,,0,0,0,0,0,289.300,1.827
975026574167698,100064197037125,"PC Merchandise","Salamat sa tiwala boss DARVS! i5 10400F comshop package — 4 units delivered ✅",,47,"11/26/2022 19:30",,https://www.facebook.com/reel/1334489556686589/,0,0,Reels,,,,,11/28/2022,0,,,,,,0,0,1,1,0,257.413,5.048
975026574167698,100064197037125,"PC Merchandise","Salamat sa tiwala boss DARVS! i5 10400F comshop package — 4 units delivered ✅",,47,"11/26/2022 19:30",,https://www.facebook.com/reel/1334489556686589/,0,0,Reels,,,,,11/29/2022,0,,,,,,0,0,0,0,0,381.241,2.687
975026574167698,100064197037125,"PC Merchandise","Salamat sa tiwala boss DARVS! i5 10400F comshop package — 4 units delivered ✅",,47,"11/26/2022 19:30",,https://www.facebook.com/reel/1334489556686589/,0,0,Reels,,,,,11/30/2022,0,,,,,,0,0,0,0,0,84.118,3.229
974932816594914,100064197037125,"PC Merchandise","𝐒𝐎𝐋𝐃 𝐢𝟓 𝟏𝟎𝟒𝟎𝟎𝐅 𝟒+𝟏 (4PCS)
𝐂𝐎𝐌𝐒𝐇𝐎𝐏 𝐏𝐀𝐂𝐊𝐀𝐆𝐄
#PCMERCHANDISE #PCMBUILDS",,60,"11/26/2022 19:00",uploaded,https://www.facebook.com/reel/1754055865238682/,0,0,Reels,,,,,11/01/2022,0,,,,,,0,0,0,0,0,0.000,3.230
974932816594914,100064197037125,"PC Merchandise","𝐒𝐎𝐋𝐃 𝐢𝟓 𝟏𝟎𝟒𝟎𝟎𝐅 𝟒+𝟏 (4PCS)
𝐂𝐎𝐌𝐒𝐇𝐎𝐏 𝐏𝐀𝐂𝐊𝐀𝐆𝐄
#PCMERCHANDISE #PCMBUILDS",,60,"11/26/2022 19:00",uploaded,https://www.facebook.com/reel/1754055865238682/,0,0,Reels,,,,,11/02/2022,0,,,,,,0,0,0,0,0,0.000,3.670
974932816594914,100064197037125,"PC Merchandise","𝐒𝐎𝐋𝐃 𝐢𝟓 𝟏𝟎𝟒𝟎𝟎𝐅 𝟒+𝟏 (4PCS)
𝐂𝐎𝐌𝐒𝐇𝐎𝐏 𝐏𝐀𝐂𝐊𝐀𝐆𝐄
#PCMERCHANDISE #PCMBUILDS",,60,"11/26/2022 19:00",uploaded,https://www.facebook.com/reel/1754055865238682/,0,0,Reels,,,,,11/03/2022,0,,,,,,0,0,0,0,0,0.000,3.288
974932816594914,100064197037125,"PC Merchandise","𝐒𝐎𝐋𝐃 𝐢𝟓 𝟏𝟎𝟒𝟎𝟎𝐅 𝟒+𝟏 (4PCS)
𝐂𝐎𝐌𝐒𝐇𝐎𝐏 𝐏𝐀𝐂𝐊𝐀𝐆𝐄
#PCMERCHANDISE #PCMBUILDS",,60,"11/26/2022 19:00",uploaded,https://www.facebook.com/reel/1754055865238682/,0,0,Reels,,,,,11/04/2022,0,,,,,,0,0,0,0,0,0.000,4.185
974932816594914,100064197037125,"PC Merchandise","𝐒𝐎𝐋𝐃 𝐢𝟓 𝟏𝟎𝟒𝟎𝟎𝐅 𝟒+𝟏 (4PCS)
𝐂𝐎𝐌𝐒𝐇𝐎𝐏 𝐏𝐀𝐂𝐊𝐀𝐆𝐄
#PCMERCHANDISE #PCMBUILDS",,60,"11/26/2022 19:00",uploaded,https://www.facebook.com/reel/1754055865238682/,0,0,Reels,,,,,11/05/2022,0,,,,,,0,0,0,0,0,0.000,3.422
974932816594914,100064197037125,"PC Merchandise","𝐒𝐎𝐋𝐃 𝐢𝟓 𝟏𝟎𝟒𝟎𝟎𝐅 𝟒+𝟏 (4PCS)
𝐂𝐎𝐌𝐒𝐇𝐎𝐏 𝐏𝐀𝐂𝐊𝐀𝐆𝐄
#PCMERCHANDISE #PCMBUILDS",,60,"11/26/2022 19:00",uploaded,https://www.facebook.com/reel/1754055865238682/,0,0,Reels,,,,,11/06/2022,0,,,,,,0,0,0,0,0,0.000,3.584
974932816594914,100064197037125,"PC Merchandise","𝐒𝐎𝐋𝐃 𝐢𝟓 𝟏𝟎𝟒𝟎𝟎𝐅 𝟒+𝟏 (4PCS)
𝐂𝐎𝐌𝐒𝐇𝐎𝐏 𝐏𝐀𝐂𝐊𝐀𝐆𝐄
#PCMERCHANDISE #PCMBUILDS",,60,"11/26/2022 19:00",uploaded,https://www.facebook.com/reel/1754055865238682/,0,0,Reels,,,,,11/07/2022,0,,,,,,0,0,0,0,0,0.000,2.937
974932816594914,100064197037125,"PC Merchandise","𝐒𝐎𝐋𝐃 𝐢𝟓 𝟏𝟎𝟒𝟎𝟎𝐅 𝟒+𝟏 (4PCS)
𝐂𝐎𝐌𝐒𝐇𝐎𝐏 𝐏𝐀𝐂𝐊𝐀𝐆𝐄
#PCMERCHANDISE #PCMBUILDS",,60,"11/26/2022 19:00",uploaded,https://www.facebook.com/reel/1754055865238682/,0,0,Reels,,,,,11/08/2022,0,,,,,,0,0,0,0,0,0.000,3.123
974932816594914,100064197037125,"PC Merchandise","𝐒𝐎𝐋𝐃 𝐢𝟓 𝟏𝟎𝟒𝟎𝟎𝐅 𝟒+𝟏 (4PCS)
𝐂𝐎𝐌𝐒𝐇𝐎𝐏 𝐏𝐀𝐂𝐊𝐀𝐆𝐄
#PCMERCHANDISE #PCMBUILDS",,60,"11/26/2022 19:00",uploaded,https://www.facebook.com/reel/1754055865238682/,0,0,Reels,,,,,11/09/2022,0,,,,,,0,0,0,0,0,0.000,3.701
974932816594914,100064197037125,"PC Merchandise","𝐒𝐎𝐋𝐃 𝐢𝟓 𝟏𝟎𝟒𝟎𝟎𝐅 𝟒+𝟏 (4PCS)
𝐂𝐎𝐌𝐒𝐇𝐎𝐏 𝐏𝐀𝐂𝐊𝐀𝐆𝐄
#PCMERCHANDISE #PCMBUILDS",,60,"11/26/2022 19:00",uploaded,https://www.facebook.com/reel/1754055865238682/,0,0,Reels,,,,,11/10/2022,0,,,,,,0,0,0,0,0,0.000,2.890
974932816594914,100064197037125,"PC Merchandise","𝐒𝐎𝐋𝐃 𝐢𝟓 𝟏𝟎𝟒𝟎𝟎𝐅 𝟒+𝟏 (4PCS)
𝐂𝐎𝐌𝐒𝐇𝐎𝐏 𝐏𝐀𝐂𝐊𝐀𝐆𝐄
#PCMERCHANDISE #PCMBUILDS",,60,"11/26/2022 19:00",uploaded,https://www.facebook.com/reel/1754055865238682/,0,0,Reels,,,,,11/11/2022,0,,,,,,0,0,0,0,0,0.000,3.353
974932816594914,100064197037125,"PC Merchandise","𝐒𝐎𝐋𝐃 𝐢𝟓 𝟏𝟎𝟒𝟎𝟎𝐅 𝟒+𝟏 (4PCS)
𝐂𝐎𝐌𝐒𝐇𝐎𝐏 𝐏𝐀𝐂𝐊𝐀𝐆𝐄
#PCMERCHANDISE #PCMBUILDS",,60,"11/26/2022 19:00",uploaded,https://www.facebook.com/reel/1754055865238682/,0,0,Reels,,,,,11/12/2022,0,,,,,,0,0,0,0,0,0.000,4.202
974932816594914,100064197037125,"PC Merchandise","𝐒𝐎𝐋𝐃 𝐢𝟓 𝟏𝟎𝟒𝟎𝟎𝐅 𝟒+𝟏 (4PCS)
𝐂𝐎𝐌𝐒𝐇𝐎𝐏 𝐏𝐀𝐂𝐊𝐀𝐆𝐄
#PCMERCHANDISE #PCMBUILDS",,60,"11/26/2022 19:00",uploaded,https://www.facebook.com/reel/1754055865238682/,0,0,Reels,,,,,11/13/2022,0,,,,,,0,0,0,0,0,0.000,3.368
974932816594914,100064197037125,"PC Merchandise","𝐒𝐎𝐋𝐃 𝐢𝟓 𝟏𝟎𝟒𝟎𝟎𝐅 𝟒+𝟏 (4PCS)
𝐂𝐎𝐌𝐒𝐇𝐎𝐏 𝐏𝐀𝐂𝐊𝐀𝐆𝐄
#PCMERCHANDISE #PCMBUILDS",,60,"11/26/2022 19:00",uploaded,https://www.facebook.com/reel/1754055865238682/,0,0,Reels,,,,,11/14/2022,0,,,,,,0,0,0,0,0,0.000,3.028
974932816594914,100064197037125,"PC Merchandise","𝐒𝐎𝐋𝐃 𝐢𝟓 𝟏𝟎𝟒𝟎𝟎𝐅 𝟒+𝟏 (4PCS)
𝐂𝐎𝐌𝐒𝐇𝐎𝐏 𝐏𝐀𝐂𝐊𝐀𝐆𝐄
#PCMERCHANDISE #PCMBUILDS",,60,"11/26/2022 19:00",uploaded,https://www.facebook.com/reel/1754055865238682/,0,0,Reels,,,,,11/15/2022,0,,,,,,0,0,0,0,0,0.000,3.225
974932816594914,100064197037125,"PC Merchandise","𝐒𝐎𝐋𝐃 𝐢𝟓 𝟏𝟎𝟒𝟎𝟎𝐅 𝟒+𝟏 (4PCS)
𝐂𝐎𝐌𝐒𝐇𝐎𝐏 𝐏𝐀𝐂𝐊𝐀𝐆𝐄
#PCMERCHANDISE #PCMBUILDS",,60,"11/26/2022 19:00",uploaded,https://www.facebook.com/reel/1754055865238682/,0,0,Reels,,,,,11/16/2022,0,,,,,,0,0,0,0,0,0.000,4.783
974932816594914,100064197037125,"PC Merchandise","𝐒𝐎𝐋𝐃 𝐢𝟓 𝟏𝟎𝟒𝟎𝟎𝐅 𝟒+𝟏 (4PCS)
𝐂𝐎𝐌𝐒𝐇𝐎𝐏 𝐏𝐀𝐂𝐊𝐀𝐆𝐄
#PCMERCHANDISE #PCMBUILDS",,60,"11/26/2022 19:00",uploaded,https://www.facebook.com/reel/1754055865238682/,0,0,Reels,,,,,11/17/2022,0,,,,,,0,0,0,0,0,0.000,4.437
974932816594914,100064197037125,"PC Merchandise","𝐒𝐎𝐋𝐃 𝐢𝟓 𝟏𝟎𝟒𝟎𝟎𝐅 𝟒+𝟏 (4PCS)
𝐂𝐎𝐌𝐒𝐇𝐎𝐏 𝐏𝐀𝐂𝐊𝐀𝐆𝐄
#PCMERCHANDISE #PCMBUILDS",,60,"11/26/2022 19:00",uploaded,https://www.facebook.com/reel/1754055865238682/,0,0,Reels,,,,,11/18/2022,0,,,,,,0,0,0,0,0,0.000,2.262
974932816594914,100064197037125,"PC Merchandise","𝐒𝐎𝐋𝐃 𝐢𝟓 𝟏𝟎𝟒𝟎𝟎𝐅 𝟒+𝟏 (4PCS)
𝐂𝐎𝐌𝐒𝐇𝐎𝐏 𝐏𝐀𝐂𝐊𝐀𝐆𝐄
#PCMERCHANDISE #PCMBUILDS",,60,"11/26/2022 19:00",uploaded,https://www.facebook.com/reel/1754055865238682/,0,0,Reels,,,,,11/19/2022,0,,,,,,0,0,0,0,0,0.000,4.372
974932816594914,100064197037125,"PC Merchandise","𝐒𝐎𝐋𝐃 𝐢𝟓 𝟏𝟎𝟒𝟎𝟎𝐅 𝟒+𝟏 (4PCS)
𝐂𝐎𝐌𝐒𝐇𝐎𝐏 𝐏𝐀𝐂𝐊𝐀𝐆𝐄
#PCMERCHANDISE #PCMBUILDS",,60,"11/26/2022 19:00",uploaded,https://www.facebook.com/reel/1754055865238682/,0,0,Reels,,,,,11/20/2022,0,,,,,,0,0,0,0,0,0.000,2.264
974932816594914,100064197037125,"PC Merchandise","𝐒𝐎𝐋𝐃 𝐢𝟓 𝟏𝟎𝟒𝟎𝟎𝐅 𝟒+𝟏 (4PCS)
𝐂𝐎𝐌𝐒𝐇𝐎𝐏 𝐏𝐀𝐂𝐊𝐀𝐆𝐄
#PCMERCHANDISE #PCMBUILDS",,60,"11/26/2022 19:00",uploaded,https://www.facebook.com/reel/1754055865238682/,0,0,Reels,,,,,11/21/2022,0,,,,,,0,0,0,0,0,0.000,3.595
974932816594914,100064197037125,"PC Merchandise","𝐒𝐎𝐋𝐃 𝐢𝟓 𝟏𝟎𝟒𝟎𝟎𝐅 𝟒+𝟏 (4PCS)
𝐂𝐎𝐌𝐒𝐇𝐎𝐏 𝐏𝐀𝐂𝐊𝐀𝐆𝐄
#PCMERCHANDISE #PCMBUILDS",,60,"11/26/2022 19:00",uploaded,https://www.facebook.com/reel/1754055865238682/,0,0,Reels,,,,,11/22/2022,0,,,,,,0,0,0,0,0,0.000,3.249
974932816594914,100064197037125,"PC Merchandise","𝐒𝐎𝐋𝐃 𝐢𝟓 𝟏𝟎𝟒𝟎𝟎𝐅 𝟒+𝟏 (4PCS)
𝐂𝐎𝐌𝐒𝐇𝐎𝐏 𝐏𝐀𝐂𝐊𝐀𝐆𝐄
#PCMERCHANDISE #PCMBUILDS",,60,"11/26/2022 19:00",uploaded,https://www.facebook.com/reel/1754055865238682/,0,0,Reels,,,,,11/23/2022,0,,,,,,0,0,0,0,0,0.000,3.627
974932816594914,100064197037125,"PC Merchandise","𝐒𝐎𝐋𝐃 𝐢𝟓 𝟏𝟎𝟒𝟎𝟎𝐅 𝟒+𝟏 (4PCS)
𝐂𝐎𝐌𝐒𝐇𝐎𝐏 𝐏𝐀𝐂𝐊𝐀𝐆𝐄
#PCMERCHANDISE #PCMBUILDS",,60,"11/26/2022 19:00",uploaded,https://www.facebook.com/reel/1754055865238682/,0,0,Reels,,,,,11/24/2022,0,,,,,,0,0,0,0,0,0.000,1.878
974932816594914,100064197037125,"PC Merchandise","𝐒𝐎𝐋𝐃 𝐢𝟓 𝟏𝟎𝟒𝟎𝟎𝐅 𝟒+𝟏 (4PCS)
𝐂𝐎𝐌𝐒𝐇𝐎𝐏 𝐏𝐀𝐂𝐊𝐀𝐆𝐄
#PCMERCHANDISE #PCMBUILDS",,60,"11/26/2022 19:00",uploaded,https://www.facebook.com/reel/1754055865238682/,0,0,Reels,,,,,11/25/2022,0,,,,,,0,0,0,0,0,0.000,3.630
974932816594914,100064197037125,"PC Merchandise","𝐒𝐎𝐋𝐃 𝐢𝟓 𝟏𝟎𝟒𝟎𝟎𝐅 𝟒+𝟏 (4PCS)
𝐂𝐎𝐌𝐒𝐇𝐎𝐏 𝐏𝐀𝐂𝐊𝐀𝐆𝐄
#PCMERCHANDISE #PCMBUILDS",,60,"11/26/2022 19:00",uploaded,https://www.facebook.com/reel/1754055865238682/,0,0,Reels,,,,,11/26/2022,0,,,,,,0,0,0,0,0,343.421,1.548
974932816594914,100064197037125,"PC Merchandise","𝐒𝐎𝐋𝐃 𝐢𝟓 𝟏𝟎𝟒𝟎𝟎𝐅 𝟒+𝟏 (4PCS)
𝐂𝐎𝐌𝐒𝐇𝐎𝐏 𝐏𝐀𝐂𝐊𝐀𝐆𝐄
#PCMERCHANDISE #PCMBUILDS",,60,"11/26/2022 19:00",uploaded,https://www.facebook.com/reel/1754055865238682/,0,0,Reels,,,,,11/27/2022,0,,,,,,0,0,1,1,0,369.812,3.463
974932816594914,100064197037125,"PC Merchandise","𝐒𝐎𝐋𝐃 𝐢𝟓 𝟏𝟎𝟒𝟎𝟎𝐅 𝟒+𝟏 (4PCS)
𝐂𝐎𝐌𝐒𝐇𝐎𝐏 𝐏𝐀𝐂𝐊𝐀𝐆𝐄
#PCMERCHANDISE #PCMBUILDS",,60,"11/26/2022 19:00",uploaded,https://www.facebook.com/reel/1754055865238682/,0,0,Reels,,,,,11/28/2022,0,,,,,,0,0,0,0,0,238.541,1.880
974932816594914,100064197037125,"PC Merchandise","𝐒𝐎𝐋𝐃 𝐢𝟓 𝟏𝟎𝟒𝟎𝟎𝐅 𝟒+𝟏 (4PCS)
𝐂𝐎𝐌𝐒𝐇𝐎𝐏 𝐏𝐀𝐂𝐊𝐀𝐆𝐄
#PCMERCHANDISE #PCMBUILDS",,60,"11/26/2022 19:00",uploaded,https://www.facebook.com/reel/1754055865238682/,0,0,Reels,,,,,11/29/2022,0,,,,,,0,0,0,0,0,146.443,3.778
974932816594914,100064197037125,"PC Merchandise","𝐒𝐎𝐋𝐃 𝐢𝟓 𝟏𝟎𝟒𝟎𝟎𝐅 𝟒+𝟏 (4PCS)
𝐂𝐎𝐌𝐒𝐇𝐎𝐏 𝐏𝐀𝐂𝐊𝐀𝐆𝐄
#PCMERCHANDISE #PCMBUILDS",,60,"11/26/2022 19:00",uploaded,https://www.facebook.com/reel/1754055865238682/,0,0,Reels,,,,,11/30/2022,0,,,,,,0,0,0,0,0,80.162,4.495
975341830169752,100064197037125,"PC Merchandise","𝐒𝐎𝐋𝐃 𝐢𝟑 𝟏𝟎𝟏𝟎𝟎𝐅 (𝟐𝐏𝐂𝐒) (2PCS)
𝐆𝐀𝐌𝐈𝐍𝐆 𝐁𝐔𝐈𝐋𝐃
#PCMERCHANDISE #PCMBUILDS",,90,"11/24/2022 22:15",uploaded,https://www.facebook.com/reel/1116973988653826/,0,0,Reels,,,,,11/01/2022,0,,,,,,0,0,0,0,0,0.000,4.511
975341830169752,100064197037125,"PC Merchandise","𝐒𝐎𝐋𝐃 𝐢𝟑 𝟏𝟎𝟏𝟎𝟎𝐅 (𝟐𝐏𝐂𝐒) (2PCS)
𝐆𝐀𝐌𝐈𝐍𝐆 𝐁𝐔𝐈𝐋𝐃
#PCMERCHANDISE #PCMBUILDS",,90,"11/24/2022 22:15",uploaded,https://www.facebook.com/reel/1116973988653826/,0,0,Reels,,,,,11/02/2022,0,,,,,,0,0,0,0,0,0.000,3.227
975341830169752,100064197037125,"PC Merchandise","𝐒𝐎𝐋𝐃 𝐢𝟑 𝟏𝟎𝟏𝟎𝟎𝐅 (𝟐𝐏𝐂𝐒) (2PCS)
𝐆𝐀𝐌𝐈𝐍𝐆 𝐁𝐔𝐈𝐋𝐃
#PCMERCHANDISE #PCMBUILDS",,90,"11/24/2022 22:15",uploaded,https://www.facebook.com/reel/1116973988653826/,0,0,Reels,,,,,11/03/2022,0,,,,,,0,0,0,0,0,0.000,2.395
975341830169752,100064197037125,"PC Merchandise","𝐒𝐎𝐋𝐃 𝐢𝟑 𝟏𝟎𝟏𝟎𝟎𝐅 (𝟐𝐏𝐂𝐒) (2PCS)
𝐆𝐀𝐌𝐈𝐍𝐆 𝐁𝐔𝐈𝐋𝐃
#PCMERCHANDISE #PCMBUILDS",,90,"11/24/2022 22:15",uploaded,https://www.facebook.com/reel/1116973988653826/,0,0,Reels,,,,,11/04/2022,0,,,,,,0,0,0,0,0,0.000,4.403
975341830169752,100064197037125,"PC Merchandise","𝐒𝐎𝐋𝐃 𝐢𝟑 𝟏𝟎𝟏𝟎𝟎𝐅 (𝟐𝐏𝐂𝐒) (2PCS)
𝐆𝐀𝐌𝐈𝐍𝐆 𝐁𝐔𝐈𝐋𝐃
#PCMERCHANDISE #PCMBUILDS",,90,"11/24/2022 22:15",uploaded,https://www.facebook.com/reel/1116973988653826/,0,0,Reels,,,,,11/05/2022,0,,,,,,0,0,0,0,0,0.000,4.036
975341830169752,100064197037125,"PC Merchandise","𝐒𝐎𝐋𝐃 𝐢𝟑 𝟏𝟎𝟏𝟎𝟎𝐅 (𝟐𝐏𝐂𝐒) (2PCS)
𝐆𝐀𝐌𝐈𝐍𝐆 𝐁𝐔𝐈𝐋𝐃
#PCMERCHANDISE #PCMBUILDS",,90,"11/24/2022 22:15",uploaded,https://www.facebook.com/reel/1116973988653826/,0,0,Reels,,,,,11/06/2022,0,,,,,,0,0,0,0,0,0.000,3.672
975341830169752,100064197037125,"PC Merchandise","𝐒𝐎𝐋𝐃 𝐢𝟑 𝟏𝟎𝟏𝟎𝟎𝐅 (𝟐𝐏𝐂𝐒) (2PCS)
𝐆𝐀𝐌𝐈𝐍𝐆 𝐁𝐔𝐈𝐋𝐃
#PCMERCHANDISE #PCMBUILDS",,90,"11/24/2022 22:15",uploaded,https://www.facebook.com/reel/1116973988653826/,0,0,Reels,,,,,11/07/2022,0,,,,,,0,0,0,0,0,0.000,3.338
975341830169752,100064197037125,"PC Merchandise","𝐒𝐎𝐋𝐃 𝐢𝟑 𝟏𝟎𝟏𝟎𝟎𝐅 (𝟐𝐏𝐂𝐒) (2PCS)
𝐆𝐀𝐌𝐈𝐍𝐆 𝐁𝐔𝐈𝐋𝐃
#PCMERCHANDISE #PCMBUILDS",,90,"11/24/2022 22:15",uploaded,https://www.facebook.com/reel/1116973988653826/,0,0,Reels,,,,,11/08/2022,0,,,,,,0,0,0,0,0,0.000,3.869
975341830169752,100064197037125,"PC Merchandise","𝐒𝐎𝐋𝐃 𝐢𝟑 𝟏𝟎𝟏𝟎𝟎𝐅 (𝟐𝐏𝐂𝐒) (2PCS)
𝐆𝐀𝐌𝐈𝐍𝐆 𝐁𝐔𝐈𝐋𝐃
#PCMERCHANDISE #PCMBUILDS",,90,"11/24/2022 22:15",uploaded,https://www.facebook.com/reel/1116973988653826/,0,0,Reels,,,,,11/09/2022,0,,,,,,0,0,0,0,0,0.000,2.637
975341830169752,100064197037125,"PC Merchandise","𝐒𝐎𝐋𝐃 𝐢𝟑 𝟏𝟎𝟏𝟎𝟎𝐅 (𝟐𝐏𝐂𝐒) (2PCS)
𝐆𝐀𝐌𝐈𝐍𝐆 𝐁𝐔𝐈𝐋𝐃
#PCMERCHANDISE #PCMBUILDS",,90,"11/24/2022 22:15",uploaded,https://www.facebook.com/reel/1116973988653826/,0,0,Reels,,,,,11/10/2022,0,,,,,,0,0,0,0,0,0.000,3.751
975341830169752,100064197037125,"PC Merchandise","𝐒𝐎𝐋𝐃 𝐢𝟑 𝟏𝟎𝟏𝟎𝟎𝐅 (𝟐𝐏𝐂𝐒) (2PCS)
𝐆𝐀𝐌𝐈𝐍𝐆 𝐁𝐔𝐈𝐋𝐃
#PCMERCHANDISE #PCMBUILDS",,90,"11/24/2022 22:15",uploaded,https://www.facebook.com/reel/1116973988653826/,0,0,Reels,,,,,11/11/2022,0,,,,,,0,0,0,0,0,0.000,3.646
975341830169752,100064197037125,"PC Merchandise","𝐒𝐎𝐋𝐃 𝐢𝟑 𝟏𝟎𝟏𝟎𝟎𝐅 (𝟐𝐏𝐂𝐒) (2PCS)
𝐆𝐀𝐌𝐈𝐍𝐆 𝐁𝐔𝐈𝐋𝐃
#PCMERCHANDISE #PCMBUILDS",,90,"11/24/2022 22:15",uploaded,https://www.facebook.com/reel/1116973988653826/,0,0,Reels,,,,,11/12/2022,0,,,,,,0,0,0,0,0,0.000,4.621
975341830169752,100064197037125,"PC Merchandise","𝐒𝐎𝐋𝐃 𝐢𝟑 𝟏𝟎𝟏𝟎𝟎𝐅 (𝟐𝐏𝐂𝐒) (2PCS)
𝐆𝐀𝐌𝐈𝐍𝐆 𝐁𝐔𝐈𝐋𝐃
#PCMERCHANDISE #PCMBUILDS",,90,"11/24/2022 22:15",uploaded,https://www.facebook.com/reel/1116973988653826/,0,0,Reels,,,,,11/13/2022,0,,,,,,0,0,0,0,0,0.000,4.578
975341830169752,100064197037125,"PC Merchandise","𝐒𝐎𝐋𝐃 𝐢𝟑 𝟏𝟎𝟏𝟎𝟎𝐅 (𝟐𝐏𝐂𝐒) (2PCS)
𝐆𝐀𝐌𝐈𝐍𝐆 𝐁𝐔𝐈𝐋𝐃
#PCMERCHANDISE #PCMBUILDS",,90,"11/24/2022 22:15",uploaded,https://www.facebook.com/reel/1116973988653826/,0,0,Reels,,,,,11/14/2022,0,,,,,,0,0,0,0,0,0.000,3.264
975341830169752,100064197037125,"PC Merchandise","𝐒𝐎𝐋𝐃 𝐢𝟑 𝟏𝟎𝟏𝟎𝟎𝐅 (𝟐𝐏𝐂𝐒) (2PCS)
𝐆𝐀𝐌𝐈𝐍𝐆 𝐁𝐔𝐈𝐋𝐃
#PCMERCHANDISE #PCMBUILDS",,90,"11/24/2022 22:15",uploaded,https://www.facebook.com/reel/1116973988653826/,0,0,Reels,,,,,11/15/2022,0,,,,,,0,0,0,0,0,0.000,3.807
975341830169752,100064197037125,"PC Merchandise","𝐒𝐎𝐋𝐃 𝐢𝟑 𝟏𝟎𝟏𝟎𝟎𝐅 (𝟐𝐏𝐂𝐒) (2PCS)
𝐆𝐀𝐌𝐈𝐍𝐆 𝐁𝐔𝐈𝐋𝐃
#PCMERCHANDISE #PCMBUILDS",,90,"11/24/2022 22:15",uploaded,https://www.facebook.com/reel/1116973988653826/,0,0,Reels,,,,,11/16/2022,0,,,,,,0,0,0,0,0,0.000,3.999
975341830169752,100064197037125,"PC Merchandise","𝐒𝐎𝐋𝐃 𝐢𝟑 𝟏𝟎𝟏𝟎𝟎𝐅 (𝟐𝐏𝐂𝐒) (2PCS)
𝐆𝐀𝐌𝐈𝐍𝐆 𝐁𝐔𝐈𝐋𝐃
#PCMERCHANDISE #PCMBUILDS",,90,"11/24/2022 22:15",uploaded,https://www.facebook.com/reel/1116973988653826/,0,0,Reels,,,,,11/17/2022,0,,,,,,0,0,0,0,0,0.000,2.589
975341830169752,100064197037125,"PC Merchandise","𝐒𝐎𝐋𝐃 𝐢𝟑 𝟏𝟎𝟏𝟎𝟎𝐅 (𝟐𝐏𝐂𝐒) (2PCS)
𝐆𝐀𝐌𝐈𝐍𝐆 𝐁𝐔𝐈𝐋𝐃
#PCMERCHANDISE #PCMBUILDS",,90,"11/24/2022 22:15",uploaded,https://www.facebook.com/reel/1116973988653826/,0,0,Reels,,,,,11/18/2022,0,,,,,,0,0,0,0,0,0.000,4.149
975341830169752,100064197037125,"PC Merchandise","𝐒𝐎𝐋𝐃 𝐢𝟑 𝟏𝟎𝟏𝟎𝟎𝐅 (𝟐𝐏𝐂𝐒) (2PCS)
𝐆𝐀𝐌𝐈𝐍𝐆 𝐁𝐔𝐈𝐋𝐃
#PCMERCHANDISE #PCMBUILDS",,90,"11/24/2022 22:15",uploaded,https://www.facebook.com/reel/1116973988653826/,0,0,Reels,,,,,11/19/2022,0,,,,,,0,0,0,0,0,0.000,3.378
975341830169752,100064197037125,"PC Merchandise","𝐒𝐎𝐋𝐃 𝐢𝟑 𝟏𝟎𝟏𝟎𝟎𝐅 (𝟐𝐏𝐂𝐒) (2PCS)
𝐆𝐀𝐌𝐈𝐍𝐆 𝐁𝐔𝐈𝐋𝐃
#PCMERCHANDISE #PCMBUILDS",,90,"11/24/2022 22:15",uploaded,https://www.facebook.com/reel/1116973988653826/,0,0,Reels,,,,,11/20/2022,0,,,,,,0,0,0,0,0,0.000,3.425
975341830169752,100064197037125,"PC Merchandise","𝐒𝐎𝐋𝐃 𝐢𝟑 𝟏𝟎𝟏𝟎𝟎𝐅 (𝟐𝐏𝐂𝐒) (2PCS)
𝐆𝐀𝐌𝐈𝐍𝐆 𝐁𝐔𝐈𝐋𝐃
#PCMERCHANDISE #PCMBUILDS",,90,"11/24/2022 22:15",uploaded,https://www.facebook.com/reel/1116973988653826/,0,0,Reels,,,,,11/21/2022,0,,,,,,0,0,0,0,0,0.000,2.531
975341830169752,100064197037125,"PC Merchandise","𝐒𝐎𝐋𝐃 𝐢𝟑 𝟏𝟎𝟏𝟎𝟎𝐅 (𝟐𝐏𝐂𝐒) (2PCS)
𝐆𝐀𝐌𝐈𝐍𝐆 𝐁𝐔𝐈𝐋𝐃
#PCMERCHANDISE #PCMBUILDS",,90,"11/24/2022 22:15",uploaded,https://www.facebook.com/reel/1116973988653826/,0,0,Reels,,,,,11/22/2022,0,,,,,,0,0,0,0,0,0.000,3.793
975341830169752,100064197037125,"PC Merchandise","𝐒𝐎𝐋𝐃 𝐢𝟑 𝟏𝟎𝟏𝟎𝟎𝐅 (𝟐𝐏𝐂𝐒) (2PCS)
𝐆𝐀𝐌𝐈𝐍𝐆 𝐁𝐔𝐈𝐋𝐃
#PCMERCHANDISE #PCMBUILDS",,90,"11/24/2022 22:15",uploaded,https://www.facebook.com/reel/1116973988653826/,0,0,Reels,,,,,11/23/2022,0,,,,,,0,0,0,0,0,0.000,3.660
975341830169752,100064197037125,"PC Merchandise","𝐒𝐎𝐋𝐃 𝐢𝟑 𝟏𝟎𝟏𝟎𝟎𝐅 (𝟐𝐏𝐂𝐒) (2PCS)
𝐆𝐀𝐌𝐈𝐍𝐆 𝐁𝐔𝐈𝐋𝐃
#PCMERCHANDISE #PCMBUILDS",,90,"11/24/2022 22:15",uploaded,https://www.facebook.com/reel/1116973988653826/,0,0,Reels,,,,,11/24/2022,0,,,,,,0,0,0,0,0,39.243,4.602
975341830169752,100064197037125,"PC Merchandise","𝐒𝐎𝐋𝐃 𝐢𝟑 𝟏𝟎𝟏𝟎𝟎𝐅 (𝟐𝐏𝐂𝐒) (2PCS)
𝐆𝐀𝐌𝐈𝐍𝐆 𝐁𝐔𝐈𝐋𝐃
#PCMERCHANDISE #PCMBUILDS",,90,"11/24/2022 22:15",uploaded,https://www.facebook.com/reel/1116973988653826/,0,0,Reels,,,,,11/25/2022,0,,,,,,0,0,0,0,0,26.392,3.042
975341830169752,100064197037125,"PC Merchandise","𝐒𝐎𝐋𝐃 𝐢𝟑 𝟏𝟎𝟏𝟎𝟎𝐅 (𝟐𝐏𝐂𝐒) (2PCS)
𝐆𝐀𝐌𝐈𝐍𝐆 𝐁𝐔𝐈𝐋𝐃
#PCMERCHANDISE #PCMBUILDS",,90,"11/24/2022 22:15",uploaded,https://www.facebook.com/reel/1116973988653826/,0,0,Reels,,,,,11/26/2022,0,,,,,,0,0,0,0,0,31.521,3.789
975341830169752,100064197037125,"PC Merchandise","𝐒𝐎𝐋𝐃 𝐢𝟑 𝟏𝟎𝟏𝟎𝟎𝐅 (𝟐𝐏𝐂𝐒) (2PCS)
𝐆𝐀𝐌𝐈𝐍𝐆 𝐁𝐔𝐈𝐋𝐃
#PCMERCHANDISE #PCMBUILDS",,90,"11/24/2022 22:15",uploaded,https://www.facebook.com/reel/1116973988653826/,0,0,Reels,,,,,11/27/2022,0,,,,,,0,0,0,0,0,12.645,2.249
975341830169752,100064197037125,"PC Merchandise","𝐒𝐎𝐋𝐃 𝐢𝟑 𝟏𝟎𝟏𝟎𝟎𝐅 (𝟐𝐏𝐂𝐒) (2PCS)
𝐆𝐀𝐌𝐈𝐍𝐆 𝐁𝐔𝐈𝐋𝐃
#PCMERCHANDISE #PCMBUILDS",,90,"11/24/2022 22:15",uploaded,https://www.facebook.com/reel/1116973988653826/,0,0,Reels,,,,,11/28/2022,0,,,,,,0,0,0,0,0,13.434,2.983
975341830169752,100064197037125,"PC Merchandise","𝐒𝐎𝐋𝐃 𝐢𝟑 𝟏𝟎𝟏𝟎𝟎𝐅 (𝟐𝐏𝐂𝐒) (2PCS)
𝐆𝐀𝐌𝐈𝐍𝐆 𝐁𝐔𝐈𝐋𝐃
#PCMERCHANDISE #PCMBUILDS",,90,"11/24/2022 22:15",uploaded,https://www.facebook.com/reel/1116973988653826/,0,0,Reels,,,,,11/29/2022,0,,,,,,0,0,0,0,0,12.975,2.469
975341830169752,100064197037125,"PC Merchandise","𝐒𝐎𝐋𝐃 𝐢𝟑 𝟏𝟎𝟏𝟎𝟎𝐅 (𝟐𝐏𝐂𝐒) (2PCS)
𝐆𝐀𝐌𝐈𝐍𝐆 𝐁𝐔𝐈𝐋𝐃
#PCMERCHANDISE #PCMBUILDS",,90,"11/24/2022 22:15",uploaded,https://www.facebook.com/reel/1116973988653826/,0,0,Reels,,,,,11/30/2022,0,,,,,,0,0,0,0,0,9.886,4.446
974693600631121,100064197037125,"PC Merchandise","Negosyo starts today! Complete computer shop packages ready. PM now!

𝐂𝐎𝐌𝐒𝐇𝐎𝐏 𝐏𝐑𝐈𝐂𝐄𝐋𝐈𝐒𝐓 >>>
https://pcmerchandise.live/2022-BERMONTHS-LIST-COMSHOP",,0,"11/24/2022 22:01",,https://www.facebook.com/pcmerchandise.co/posts/pfbid0xbxSYA4bnuKupDnZCNdYX1D8SbGxgJvSgfhHlwxMAF3TpRCuai5QBrPc,0,0,Photos,,,,,11/30/2022,0,,,,,,,,,,,,
974693600631121,100064197037125,"PC Merchandise","Negosyo starts today! Complete computer shop packages ready. PM now!

𝐂𝐎𝐌𝐒𝐇𝐎𝐏 𝐏𝐑𝐈𝐂𝐄𝐋𝐈𝐒𝐓 >>>
https://pcmerchandise.live/2022-BERMONTHS-LIST-COMSHOP",,0,"11/24/2022 22:01",,https://www.facebook.com/pcmerchandise.co/posts/pfbid0xbxSYA4bnuKupDnZCNdYX1D8SbGxgJvSgfhHlwxMAF3TpRCuai5QBrPc,0,0,Photos,,,,,11/01/2022,,,0,0,0,0,0,0,,,,,
974693600631121,100064197037125,"PC Merchandise","Negosyo starts today! Complete computer shop packages ready. PM now!

𝐂𝐎𝐌𝐒𝐇𝐎𝐏 𝐏𝐑𝐈𝐂𝐄𝐋𝐈𝐒𝐓 >>>
https://pcmerchandise.live/2022-BERMONTHS-LIST-COMSHOP",,0,"11/24/2022 22:01",,https://www.facebook.com/pcmerchandise.co/posts/pfbid0xbxSYA4bnuKupDnZCNdYX1D8SbGxgJvSgfhHlwxMAF3TpRCuai5QBrPc,0,0,Photos,,,,,11/02/2022,,,0,0,0,0,0,0,,,,,
974693600631121,100064197037125,"PC Merchandise","Negosyo starts today! Complete computer shop packages ready. PM now!

𝐂𝐎𝐌𝐒𝐇𝐎𝐏 𝐏𝐑𝐈𝐂𝐄𝐋𝐈𝐒𝐓 >>>
https://pcmerchandise.live/2022-BERMONTHS-LIST-COMSHOP",,0,"11/24/2022 22:01",,https://www.facebook.com/pcmerchandise.co/posts/pfbid0xbxSYA4bnuKupDnZCNdYX1D8SbGxgJvSgfhHlwxMAF3TpRCuai5QBrPc,0,0,Photos,,,,,11/03/2022,,,0,0,0,0,0,0,,,,,
974693600631121,100064197037125,"PC Merchandise","Negosyo starts today! Complete computer shop packages ready. PM now!

𝐂𝐎𝐌𝐒𝐇𝐎𝐏 𝐏𝐑𝐈𝐂𝐄𝐋𝐈𝐒𝐓 >>>
https://pcmerchandise.live/2022-BERMONTHS-LIST-COMSHOP",,0,"11/24/2022 22:01",,https://www.facebook.com/pcmerchandise.co/posts/pfbid0xbxSYA4bnuKupDnZCNdYX1D8SbGxgJvSgfhHlwxMAF3TpRCuai5QBrPc,0,0,Photos,,,,,11/04/2022,,,0,0,0,0,0,0,,,,,
974693600631121,100064197037125,"PC Merchandise","Negosyo starts today! Complete computer shop packages ready. PM now!

𝐂𝐎𝐌𝐒𝐇𝐎𝐏 𝐏𝐑𝐈𝐂𝐄𝐋𝐈𝐒𝐓 >>>
https://pcmerchandise.live/2022-BERMONTHS-LIST-COMSHOP",,0,"11/24/2022 22:01",,https://www.facebook.com/pcmerchandise.co/posts/pfbid0xbxSYA4bnuKupDnZCNdYX1D8SbGxgJvSgfhHlwxMAF3TpRCuai5QBrPc,0,0,Photos,,,,,11/05/2022,,,0,0,0,0,0,0,,,,,
974693600631121,100064197037125,"PC Merchandise","Negosyo starts today! Complete computer shop packages ready. PM now!

𝐂𝐎𝐌𝐒𝐇𝐎𝐏 𝐏𝐑𝐈𝐂𝐄𝐋𝐈𝐒𝐓 >>>
https://pcmerchandise.live/2022-BERMONTHS-LIST-COMSHOP",,0,"11/24/2022 22:01",,https://www.facebook.com/pcmerchandise.co/posts/pfbid0xbxSYA4bnuKupDnZCNdYX1D8SbGxgJvSgfhHlwxMAF3TpRCuai5QBrPc,0,0,Photos,,,,,11/06/2022,,,0,0,0,0,0,0,,,,,
974693600631121,100064197037125,"PC Merchandise","Negosyo starts today! Complete computer shop packages ready. PM now!

𝐂𝐎𝐌𝐒𝐇𝐎𝐏 𝐏𝐑𝐈𝐂𝐄𝐋𝐈𝐒𝐓 >>>
https://pcmerchandise.live/2022-BERMONTHS-LIST-COMSHOP",,0,"11/24/2022 22:01",,https://www.facebook.com/pcmerchandise.co/posts/pfbid0xbxSYA4bnuKupDnZCNdYX1D8SbGxgJvSgfhHlwxMAF3TpRCuai5QBrPc,0,0,Photos,,,,,11/07/2022,,,0,0,0,0,0,0,,,,,
974693600631121,100064197037125,"PC Merchandise","Negosyo starts today! Complete computer shop packages ready. PM now!

𝐂𝐎𝐌𝐒𝐇𝐎𝐏 𝐏𝐑𝐈𝐂𝐄𝐋𝐈𝐒𝐓 >>>
https://pcmerchandise.live/2022-BERMONTHS-LIST-COMSHOP",,0,"11/24/2022 22:01",,https://www.facebook.com/pcmerchandise.co/posts/pfbid0xbxSYA4bnuKupDnZCNdYX1D8SbGxgJvSgfhHlwxMAF3TpRCuai5QBrPc,0,0,Photos,,,,,11/08/2022,,,0,0,0,0,0,0,,,,,
974693600631121,100064197037125,"PC Merchandise","Negosyo starts today! Complete computer shop packages ready. PM now!

𝐂𝐎𝐌𝐒𝐇𝐎𝐏 𝐏𝐑𝐈𝐂𝐄𝐋𝐈𝐒𝐓 >>>
https://pcmerchandise.live/2022-BERMONTHS-LIST-COMSHOP",,0,"11/24/2022 22:01",,https://www.facebook.com/pcmerchandise.co/posts/pfbid0xbxSYA4bnuKupDnZCNdYX1D8SbGxgJvSgfhHlwxMAF3TpRCuai5QBrPc,0,0,Photos,,,,,11/09/2022,,,0,0,0,0,0,0,,,,,
974693600631121,100064197037125,"PC Merchandise","Negosyo starts today! Complete computer shop packages ready. PM now!

𝐂𝐎𝐌𝐒𝐇𝐎𝐏 𝐏𝐑𝐈𝐂𝐄𝐋𝐈𝐒𝐓 >>>
https://pcmerchandise.live/2022-BERMONTHS-LIST-COMSHOP",,0,"11/24/2022 22:01",,https://www.facebook.com/pcmerchandise.co/posts/pfbid0xbxSYA4bnuKupDnZCNdYX1D8SbGxgJvSgfhHlwxMAF3TpRCuai5QBrPc,0,0,Photos,,,,,11/10/2022,,,0,0,0,0,0,0,,,,,
974693600631121,100064197037125,"PC Merchandise","Negosyo starts today! Complete computer shop packages ready. PM now!

𝐂𝐎𝐌𝐒𝐇𝐎𝐏 𝐏𝐑𝐈𝐂𝐄𝐋𝐈𝐒𝐓 >>>
https://pcmerchandise.live/2022-BERMONTHS-LIST-COMSHOP",,0,"11/24/2022 22:01",,https://www.facebook.com/pcmerchandise.co/posts/pfbid0xbxSYA4bnuKupDnZCNdYX1D8SbGxgJvSgfhHlwxMAF3TpRCuai5QBrPc,0,0,Photos,,,,,11/11/2022,,,0,0,0,0,0,0,,,,,
974693600631121,100064197037125,"PC Merchandise","Negosyo starts today! Complete computer shop packages ready. PM now!

𝐂𝐎𝐌𝐒𝐇𝐎𝐏 𝐏𝐑𝐈𝐂𝐄𝐋𝐈𝐒𝐓 >>>
https://pcmerchandise.live/2022-BERMONTHS-LIST-COMSHOP",,0,"11/24/2022 22:01",,https://www.facebook.com/pcmerchandise.co/posts/pfbid0xbxSYA4bnuKupDnZCNdYX1D8SbGxgJvSgfhHlwxMAF3TpRCuai5QBrPc,0,0,Photos,,,,,11/12/2022,,,0,0,0,0,0,0,,,,,
974693600631121,100064197037125,"PC Merchandise","Negosyo starts today! Complete computer shop packages ready. PM now!

𝐂𝐎𝐌𝐒𝐇𝐎𝐏 𝐏𝐑𝐈𝐂𝐄𝐋𝐈𝐒𝐓 >>>
https://pcmerchandise.live/2022-BERMONTHS-LIST-COMSHOP",,0,"11/24/2022 22:01",,https://www.facebook.com/pcmerchandise.co/posts/pfbid0xbxSYA4bnuKupDnZCNdYX1D8SbGxgJvSgfhHlwxMAF3TpRCuai5QBrPc,0,0,Photos,,,,,11/13/2022,,,0,0,0,0,0,0,,,,,
974693600631121,100064197037125,"PC Merchandise","Negosyo starts today! Complete computer shop packages ready. PM now!

𝐂𝐎𝐌𝐒𝐇𝐎𝐏 𝐏𝐑𝐈𝐂𝐄𝐋𝐈𝐒𝐓 >>>
https://pcmerchandise.live/2022-BERMONTHS-LIST-COMSHOP",,0,"11/24/2022 22:01",,https://www.facebook.com/pcmerchandise.co/posts/pfbid0xbxSYA4bnuKupDnZCNdYX1D8SbGxgJvSgfhHlwxMAF3TpRCuai5QBrPc,0,0,Photos,,,,,11/14/2022,,,0,0,0,0,0,0,,,,,
974693600631121,100064197037125,"PC Merchandise","Negosyo starts today! Complete computer shop packages ready. PM now!

𝐂𝐎𝐌𝐒𝐇𝐎𝐏 𝐏𝐑𝐈𝐂𝐄𝐋𝐈𝐒𝐓 >>>
https://pcmerchandise.live/2022-BERMONTHS-LIST-COMSHOP",,0,"11/24/2022 22:01",,https://www.facebook.com/pcmerchandise.co/posts/pfbid0xbxSYA4bnuKupDnZCNdYX1D8SbGxgJvSgfhHlwxMAF3TpRCuai5QBrPc,0,0,Photos,,,,,11/15/2022,,,0,0,0,0,0,0,,,,,
974693600631121,100064197037125,"PC Merchandise","Negosyo starts today! Complete computer shop packages ready. PM now!

𝐂𝐎𝐌𝐒𝐇𝐎𝐏 𝐏𝐑𝐈𝐂𝐄𝐋𝐈𝐒𝐓 >>>
https://pcmerchandise.live/2022-BERMONTHS-LIST-COMSHOP",,0,"11/24/2022 22:01",,https://www.facebook.com/pcmerchandise.co/posts/pfbid0xbxSYA4bnuKupDnZCNdYX1D8SbGxgJvSgfhHlwxMAF3TpRCuai5QBrPc,0,0,Photos,,,,,11/16/2022,,,0,0,0,0,0,0,,,,,
974693600631121,100064197037125,"PC Merchandise","Negosyo starts today! Complete computer shop packages ready. PM now!

𝐂𝐎𝐌𝐒𝐇𝐎𝐏 𝐏𝐑𝐈𝐂𝐄𝐋𝐈𝐒𝐓 >>>
https://pcmerchandise.live/2022-BERMONTHS-LIST-COMSHOP",,0,"11/24/2022 22:01",,https://www.facebook.com/pcmerchandise.co/posts/pfbid0xbxSYA4bnuKupDnZCNdYX1D8SbGxgJvSgfhHlwxMAF3TpRCuai5QBrPc,0,0,Photos,,,,,11/17/2022,,,0,0,0,0,0,0,,,,,
974693600631121,100064197037125,"PC Merchandise","Negosyo starts today! Complete computer shop packages ready. PM now!

𝐂𝐎𝐌𝐒𝐇𝐎𝐏 𝐏𝐑𝐈𝐂𝐄𝐋𝐈𝐒𝐓 >>>
https://pcmerchandise.live/2022-BERMONTHS-LIST-COMSHOP",,0,"11/24/2022 22:01",,https://www.facebook.com/pcmerchandise.co/posts/pfbid0xbxSYA4bnuKupDnZCNdYX1D8SbGxgJvSgfhHlwxMAF3TpRCuai5QBrPc,0,0,Photos,,,,,11/18/2022,,,0,0,0,0,0,0,,,,,
974693600631121,100064197037125,"PC Merchandise","Negosyo starts today! Complete computer shop packages ready. PM now!

𝐂𝐎𝐌𝐒𝐇𝐎𝐏 𝐏𝐑𝐈𝐂𝐄𝐋𝐈𝐒𝐓 >>>
https://pcmerchandise.live/2022-BERMONTHS-LIST-COMSHOP",,0,"11/24/2022 22:01",,https://www.facebook.com/pcmerchandise.co/posts/pfbid0xbxSYA4bnuKupDnZCNdYX1D8SbGxgJvSgfhHlwxMAF3TpRCuai5QBrPc,0,0,Photos,,,,,11/19/2022,,,0,0,0,0,0,0,,,,,
974693600631121,100064197037125,"PC Merchandise","Negosyo starts today! Complete computer shop packages ready. PM now!

𝐂𝐎𝐌𝐒𝐇𝐎𝐏 𝐏𝐑𝐈𝐂𝐄𝐋𝐈𝐒𝐓 >>>
https://pcmerchandise.live/2022-BERMONTHS-LIST-COMSHOP",,0,"11/24/2022 22:01",,https://www.facebook.com/pcmerchandise.co/posts/pfbid0xbxSYA4bnuKupDnZCNdYX1D8SbGxgJvSgfhHlwxMAF3TpRCuai5QBrPc,0,0,Photos,,,,,11/20/2022,,,0,0,0,0,0,0,,,,,
974693600631121,100064197037125,"PC Merchandise","Negosyo starts today! Complete computer shop packages ready. PM now!

𝐂𝐎𝐌𝐒𝐇𝐎𝐏 𝐏𝐑𝐈𝐂𝐄𝐋𝐈𝐒𝐓 >>>
https://pcmerchandise.live/2022-BERMONTHS-LIST-COMSHOP",,0,"11/24/2022 22:01",,https://www.facebook.com/pcmerchandise.co/posts/pfbid0xbxSYA4bnuKupDnZCNdYX1D8SbGxgJvSgfhHlwxMAF3TpRCuai5QBrPc,0,0,Photos,,,,,11/21/2022,,,0,0,0,0,0,0,,,,,
974693600631121,100064197037125,"PC Merchandise","Negosyo starts today! Complete computer shop packages ready. PM now!

𝐂𝐎𝐌𝐒𝐇𝐎𝐏 𝐏𝐑𝐈𝐂𝐄𝐋𝐈𝐒𝐓 >>>
https://pcmerchandise.live/2022-BERMONTHS-LIST-COMSHOP",,0,"11/24/2022 22:01",,https://www.facebook.com/pcmerchandise.co/posts/pfbid0xbxSYA4bnuKupDnZCNdYX1D8SbGxgJvSgfhHlwxMAF3TpRCuai5QBrPc,0,0,Photos,,,,,11/22/2022,,,0,0,0,0,0,0,,,,,
974693600631121,100064197037125,"PC Merchandise","Negosyo starts today! Complete computer shop packages ready. PM now!

𝐂𝐎𝐌𝐒𝐇𝐎𝐏 𝐏𝐑𝐈𝐂𝐄𝐋𝐈𝐒𝐓 >>>
https://pcmerchandise.live/2022-BERMONTHS-LIST-COMSHOP",,0,"11/24/2022 22:01",,https://www.facebook.com/pcmerchandise.co/posts/pfbid0xbxSYA4bnuKupDnZCNdYX1D8SbGxgJvSgfhHlwxMAF3TpRCuai5QBrPc,0,0,Photos,,,,,11/23/2022,,,0,0,0,0,0,0,,,,,
974693600631121,100064197037125,"PC Merchandise","Negosyo starts today! Complete computer shop packages ready. PM now!

𝐂𝐎𝐌𝐒𝐇𝐎𝐏 𝐏𝐑𝐈𝐂𝐄𝐋𝐈𝐒𝐓 >>>
https://pcmerchandise.live/2022-BERMONTHS-LIST-COMSHOP",,0,"11/24/2022 22:01",,https://www.facebook.com/pcmerchandise.co/posts/pfbid0xbxSYA4bnuKupDnZCNdYX1D8SbGxgJvSgfhHlwxMAF3TpRCuai5QBrPc,0,0,Photos,,,,,11/24/2022,,,0,0,0,0,0,0,,,,,
974693600631121,100064197037125,"PC Merchandise","Negosyo starts today! Complete computer shop packages ready. PM now!

𝐂𝐎𝐌𝐒𝐇𝐎𝐏 𝐏𝐑𝐈𝐂𝐄𝐋𝐈𝐒𝐓 >>>
https://pcmerchandise.live/2022-BERMONTHS-LIST-COMSHOP",,0,"11/24/2022 22:01",,https://www.facebook.com/pcmerchandise.co/posts/pfbid0xbxSYA4bnuKupDnZCNdYX1D8SbGxgJvSgfhHlwxMAF3TpRCuai5QBrPc,0,0,Photos,,,,,11/25/2022,,,0,0,0,0,0,0,,,,,
974693600631121,100064197037125,"PC Merchandise","Negosyo starts today! Complete computer shop packages ready. PM now!

𝐂𝐎𝐌𝐒𝐇𝐎𝐏 𝐏𝐑𝐈𝐂𝐄𝐋𝐈𝐒𝐓 >>>
https://pcmerchandise.live/2022-BERMONTHS-LIST-COMSHOP",,0,"11/24/2022 22:01",,https://www.facebook.com/pcmerchandise.co/posts/pfbid0xbxSYA4bnuKupDnZCNdYX1D8SbGxgJvSgfhHlwxMAF3TpRCuai5QBrPc,0,0,Photos,,,,,11/26/2022,,,0,0,0,0,0,0,,,,,
974693600631121,100064197037125,"PC Merchandise","Negosyo starts today! Complete computer shop packages ready. PM now!

𝐂𝐎𝐌𝐒𝐇𝐎𝐏 𝐏𝐑𝐈𝐂𝐄𝐋𝐈𝐒𝐓 >>>
https://pcmerchandise.live/2022-BERMONTHS-LIST-COMSHOP",,0,"11/24/2022 22:01",,https://www.facebook.com/pcmerchandise.co/posts/pfbid0xbxSYA4bnuKupDnZCNdYX1D8SbGxgJvSgfhHlwxMAF3TpRCuai5QBrPc,0,0,Photos,,,,,11/27/2022,,,0,0,0,0,0,0,,,,,
974693600631121,100064197037125,"PC Merchandise","Negosyo starts today! Complete computer shop packages ready. PM now!

𝐂𝐎𝐌𝐒𝐇𝐎𝐏 𝐏𝐑𝐈𝐂𝐄𝐋𝐈𝐒𝐓 >>>
https://pcmerchandise.live/2022-BERMONTHS-LIST-COMSHOP",,0,"11/24/2022 22:01",,https://www.facebook.com/pcmerchandise.co/posts/pfbid0xbxSYA4bnuKupDnZCNdYX1D8SbGxgJvSgfhHlwxMAF3TpRCuai5QBrPc,0,0,Photos,,,,,11/28/2022,,,0,0,0,0,0,0,,,,,
974693600631121,100064197037125,"PC Merchandise","Negosyo starts today! Complete computer shop packages ready. PM now!

𝐂𝐎𝐌𝐒𝐇𝐎𝐏 𝐏𝐑𝐈𝐂𝐄𝐋𝐈𝐒𝐓 >>>
https://pcmerchandise.live/2022-BERMONTHS-LIST-COMSHOP",,0,"11/24/2022 22:01",,https://www.facebook.com/pcmerchandise.co/posts/pfbid0xbxSYA4bnuKupDnZCNdYX1D8SbGxgJvSgfhHlwxMAF3TpRCuai5QBrPc,0,0,Photos,,,,,11/29/2022,,,0,0,0,0,0,0,,,,,
974693600631121,100064197037125,"PC Merchandise","Negosyo starts today! Complete computer shop packages ready. PM now!

𝐂𝐎𝐌𝐒𝐇𝐎𝐏 𝐏𝐑𝐈𝐂𝐄𝐋𝐈𝐒𝐓 >>>
https://pcmerchandise.live/2022-BERMONTHS-LIST-COMSHOP",,0,"11/24/2022 22:01",,https://www.facebook.com/pcmerchandise.co/posts/pfbid0xbxSYA4bnuKupDnZCNdYX1D8SbGxgJvSgfhHlwxMAF3TpRCuai5QBrPc,0,0,Photos,,,,,11/30/2022,,,0,0,0,0,0,0,,,,,
974623487191800,100064197037125,"PC Merchandise","ito na po yung ghost project🥲",,82,"11/24/2022 22:00",,https://www.facebook.com/reel/1826308207927491/,1,0,Reels,,,,,11/01/2022,0,,,,,,0,0,0,0,0,0.000,5.505
974623487191800,100064197037125,"PC Merchandise","ito na po yung ghost project🥲",,82,"11/24/2022 22:00",,https://www.facebook.com/reel/1826308207927491/,1,0,Reels,,,,,11/02/2022,0,,,,,,0,0,0,0,0,0.000,6.039
974623487191800,100064197037125,"PC Merchandise","ito na po yung ghost project🥲",,82,"11/24/2022 22:00",,https://www.facebook.com/reel/1826308207927491/,1,0,Reels,,,,,11/03/2022,0,,,,,,0,0,0,0,0,0.000,6.159
974623487191800,100064197037125,"PC Merchandise","ito na po yung ghost project🥲",,82,"11/24/2022 22:00",,https://www.facebook.com/reel/1826308207927491/,1,0,Reels,,,,,11/04/2022,0,,,,,,0,0,0,0,0,0.000,5.111
974623487191800,100064197037125,"PC Merchandise","ito na po yung ghost project🥲",,82,"11/24/2022 22:00",,https://www.facebook.com/reel/1826308207927491/,1,0,Reels,,,,,11/05/2022,0,,,,,,0,0,0,0,0,0.000,5.590
974623487191800,100064197037125,"PC Merchandise","ito na po yung ghost project🥲",,82,"11/24/2022 22:00",,https://www.facebook.com/reel/1826308207927491/,1,0,Reels,,,,,11/06/2022,0,,,,,,0,0,0,0,0,0.000,5.669
974623487191800,100064197037125,"PC Merchandise","ito na po yung ghost project🥲",,82,"11/24/2022 22:00",,https://www.facebook.com/reel/1826308207927491/,1,0,Reels,,,,,11/07/2022,0,,,,,,0,0,0,0,0,0.000,4.184
974623487191800,100064197037125,"PC Merchandise","ito na po yung ghost project🥲",,82,"11/24/2022 22:00",,https://www.facebook.com/reel/1826308207927491/,1,0,Reels,,,,,11/08/2022,0,,,,,,0,0,0,0,0,0.000,6.144
974623487191800,100064197037125,"PC Merchandise","ito na po yung ghost project🥲",,82,"11/24/2022 22:00",,https://www.facebook.com/reel/1826308207927491/,1,0,Reels,,,,,11/09/2022,0,,,,,,0,0,0,0,0,0.000,5.253
974623487191800,100064197037125,"PC Merchandise","ito na po yung ghost project🥲",,82,"11/24/2022 22:00",,https://www.facebook.com/reel/1826308207927491/,1,0,Reels,,,,,11/10/2022,0,,,,,,0,0,0,0,0,0.000,5.869
974623487191800,100064197037125,"PC Merchandise","ito na po yung ghost project🥲",,82,"11/24/2022 22:00",,https://www.facebook.com/reel/1826308207927491/,1,0,Reels,,,,,11/11/2022,0,,,,,,0,0,0,0,0,0.000,5.013
974623487191800,100064197037125,"PC Merchandise","ito na po yung ghost project🥲",,82,"11/24/2022 22:00",,https://www.facebook.com/reel/1826308207927491/,1,0,Reels,,,,,11/12/2022,0,,,,,,0,0,0,0,0,0.000,5.771
974623487191800,100064197037125,"PC Merchandise","ito na po yung ghost project🥲",,82,"11/24/2022 22:00",,https://www.facebook.com/reel/1826308207927491/,1,0,Reels,,,,,11/13/2022,0,,,,,,0,0,0,0,0,0.000,5.908
974623487191800,100064197037125,"PC Merchandise","ito na po yung ghost project🥲",,82,"11/24/2022 22:00",,https://www.facebook.com/reel/1826308207927491/,1,0,Reels,,,,,11/14/2022,0,,,,,,0,0,0,0,0,0.000,4.755
974623487191800,100064197037125,"PC Merchandise","ito na po yung ghost project🥲",,82,"11/24/2022 22:00",,https://www.facebook.com/reel/1826308207927491/,1,0,Reels,,,,,11/15/2022,0,,,,,,0,0,0,0,0,0.000,6.193
974623487191800,100064197037125,"PC Merchandise","ito na po yung ghost project🥲",,82,"11/24/2022 22:00",,https://www.facebook.com/reel/1826308207927491/,1,0,Reels,,,,,11/16/2022,0,,,,,,0,0,0,0,0,0.000,5.411
974623487191800,100064197037125,"PC Merchandise","ito na po yung ghost project🥲",,82,"11/24/2022 22:00",,https://www.facebook.com/reel/1826308207927491/,1,0,Reels,,,,,11/17/2022,0,,,,,,0,0,0,0,0,0.000,7.014
974623487191800,100064197037125,"PC Merchandise","ito na po yung ghost project🥲",,82,"11/24/2022 22:00",,https://www.facebook.com/reel/1826308207927491/,1,0,Reels,,,,,11/18/2022,0,,,,,,0,0,0,0,0,0.000,6.051
974623487191800,100064197037125,"PC Merchandise","ito na po yung ghost project🥲",,82,"11/24/2022 22:00",,https://www.facebook.com/reel/1826308207927491/,1,0,Reels,,,,,11/19/2022,0,,,,,,0,0,0,0,0,0.000,6.438
974623487191800,100064197037125,"PC Merchandise","ito na po yung ghost project🥲",,82,"11/24/2022 22:00",,https://www.facebook.com/reel/1826308207927491/,1,0,Reels,,,,,11/20/2022,0,,,,,,0,0,0,0,0,0.000,4.611
974623487191800,100064197037125,"PC Merchandise","ito na po yung ghost project🥲",,82,"11/24/2022 22:00",,https://www.facebook.com/reel/1826308207927491/,1,0,Reels,,,,,11/21/2022,0,,,,,,0,0,0,0,0,0.000,5.987
974623487191800,100064197037125,"PC Merchandise","ito na po yung ghost project🥲",,82,"11/24/2022 22:00",,https://www.facebook.com/reel/1826308207927491/,1,0,Reels,,,,,11/22/2022,0,,,,,,0,0,0,0,0,0.000,6.835
974623487191800,100064197037125,"PC Merchandise","ito na po yung ghost project🥲",,82,"11/24/2022 22:00",,https://www.facebook.com/reel/1826308207927491/,1,0,Reels,,,,,11/23/2022,0,,,,,,0,0,0,0,0,0.000,5.417
974623487191800,100064197037125,"PC Merchandise","ito na po yung ghost project🥲",,82,"11/24/2022 22:00",,https://www.facebook.com/reel/1826308207927491/,1,0,Reels,,,,,11/24/2022,0,,,,,,0,0,1,1,0,83.327,5.310
974623487191800,100064197037125,"PC Merchandise","ito na po yung ghost project🥲",,82,"11/24/2022 22:00",,https://www.facebook.com/reel/1826308207927491/,1,0,Reels,,,,,11/25/2022,0,,,,,,0,0,1,1,0,73.627,5.063
974623487191800,100064197037125,"PC Merchandise","ito na po yung ghost project🥲",,82,"11/24/2022 22:00",,https://www.facebook.com/reel/1826308207927491/,1,0,Reels,,,,,11/26/2022,0,,,,,,0,0,0,0,0,82.839,6.309
974623487191800,100064197037125,"PC Merchandise","ito na po yung ghost project🥲",,82,"11/24/2022 22:00",,https://www.facebook.com/reel/1826308207927491/,1,0,Reels,,,,,11/27/2022,0,,,,,,0,0,0,0,0,44.452,6.680
974623487191800,100064197037125,"PC Merchandise","ito na po yung ghost project🥲",,82,"11/24/2022 22:00",,https://www.facebook.com/reel/1826308207927491/,1,0,Reels,,,,,11/28/2022,0,,,,,,0,0,0,0,0,93.900,4.433
974623487191800,100064197037125,"PC Merchandise","ito na po yung ghost project🥲",,82,"11/24/2022 22:00",,https://www.facebook.com/reel/1826308207927491/,1,0,Reels,,,,,11/29/2022,0,,,,,,0,0,0,0,0,53.605,6.405
974623487191800,100064197037125,"PC Merchandise","ito na po yung ghost project🥲",,82,"11/24/2022 22:00",,https://www.facebook.com/reel/1826308207927491/,1,0,Reels,,,,,11/30/2022,0,,,,,,0,0,0,0,0,33.007,5.422
975079001079322,100064197037125,"PC Merchandise","Do you want an aesthetic build that matches your gaming needs? i3 10100F builds available now!",,57,"11/24/2022 22:00",,https://www.facebook.com/reel/1615205755843758/,0,0,Reels,,,,,11/01/2022,0,,,,,,0,0,0,0,0,0.000,4.143
975079001079322,100064197037125,"PC Merchandise","Do you want an aesthetic build that matches your gaming needs? i3 10100F builds available now!",,57,"11/24/2022 22:00",,https://www.facebook.com/reel/1615205755843758/,0,0,Reels,,,,,11/02/2022,0,,,,,,0,0,0,0,0,0.000,4.483
975079001079322,100064197037125,"PC Merchandise","Do you want an aesthetic build that matches your gaming needs? i3 10100F builds available now!",,57,"11/24/2022 22:00",,https://www.facebook.com/reel/1615205755843758/,0,0,Reels,,,,,11/03/2022,0,,,,,,0,0,0,0,0,0.000,3.030
975079001079322,100064197037125,"PC Merchandise","Do you want an aesthetic build that matches your gaming needs? i3 10100F builds available now!",,57,"11/24/2022 22:00",,https://www.facebook.com/reel/1615205755843758/,0,0,Reels,,,,,11/04/2022,0,,,,,,0,0,0,0,0,0.000,4.117
975079001079322,100064197037125,"PC Merchandise","Do you want an aesthetic build that matches your gaming needs? i3 10100F builds available now!",,57,"11/24/2022 22:00",,https://www.facebook.com/reel/1615205755843758/,0,0,Reels,,,,,11/05/2022,0,,,,,,0,0,0,0,0,0.000,2.607
975079001079322,100064197037125,"PC Merchandise","Do you want an aesthetic build that matches your gaming needs? i3 10100F builds available now!",,57,"11/24/2022 22:00",,https://www.facebook.com/reel/1615205755843758/,0,0,Reels,,,,,11/06/2022,0,,,,,,0,0,0,0,0,0.000,3.136
975079001079322,100064197037125,"PC Merchandise","Do you want an aesthetic build that matches your gaming needs? i3 10100F builds available now!",,57,"11/24/2022 22:00",,https://www.facebook.com/reel/1615205755843758/,0,0,Reels,,,,,11/07/2022,0,,,,,,0,0,0,0,0,0.000,3.876
975079001079322,100064197037125,"PC Merchandise","Do you want an aesthetic build that matches your gaming needs? i3 10100F builds available now!",,57,"11/24/2022 22:00",,https://www.facebook.com/reel/1615205755843758/,0,0,Reels,,,,,11/08/2022,0,,,,,,0,0,0,0,0,0.000,2.798
975079001079322,100064197037125,"PC Merchandise","Do you want an aesthetic build that matches your gaming needs? i3 10100F builds available now!",,57,"11/24/2022 22:00",,https://www.facebook.com/reel/1615205755843758/,0,0,Reels,,,,,11/09/2022,0,,,,,,0,0,0,0,0,0.000,3.229
975079001079322,100064197037125,"PC Merchandise","Do you want an aesthetic build that matches your gaming needs? i3 10100F builds available now!",,57,"11/24/2022 22:00",,https://www.facebook.com/reel/1615205755843758/,0,0,Reels,,,,,11/10/2022,0,,,,,,0,0,0,0,0,0.000,4.461
975079001079322,100064197037125,"PC Merchandise","Do you want an aesthetic build that matches your gaming needs? i3 10100F builds available now!",,57,"11/24/2022 22:00",,https://www.facebook.com/reel/1615205755843758/,0,0,Reels,,,,,11/11/2022,0,,,,,,0,0,0,0,0,0.000,3.632
975079001079322,100064197037125,"PC Merchandise","Do you want an aesthetic build that matches your gaming needs? i3 10100F builds available now!",,57,"11/24/2022 22:00",,https://www.facebook.com/reel/1615205755843758/,0,0,Reels,,,,,11/12/2022,0,,,,,,0,0,0,0,0,0.000,4.822
975079001079322,100064197037125,"PC Merchandise","Do you want an aesthetic build that matches your gaming needs? i3 10100F builds available now!",,57,"11/24/2022 22:00",,https://www.facebook.com/reel/1615205755843758/,0,0,Reels,,,,,11/13/2022,0,,,,,,0,0,0,0,0,0.000,3.733
975079001079322,100064197037125,"PC Merchandise","Do you want an aesthetic build that matches your gaming needs? i3 10100F builds available now!",,57,"11/24/2022 22:00",,https://www.facebook.com/reel/1615205755843758/,0,0,Reels,,,,,11/14/2022,0,,,,,,0,0,0,0,0,0.000,4.038
975079001079322,100064197037125,"PC Merchandise","Do you want an aesthetic build that matches your gaming needs? i3 10100F builds available now!",,57,"11/24/2022 22:00",,https://www.facebook.com/reel/1615205755843758/,0,0,Reels,,,,,11/15/2022,0,,,,,,0,0,0,0,0,0.000,4.183
975079001079322,100064197037125,"PC Merchandise","Do you want an aesthetic build that matches your gaming needs? i3 10100F builds available now!",,57,"11/24/2022 22:00",,https://www.facebook.com/reel/1615205755843758/,0,0,Reels,,,,,11/16/2022,0,,,,,,0,0,0,0,0,0.000,3.572
975079001079322,100064197037125,"PC Merchandise","Do you want an aesthetic build that matches your gaming needs? i3 10100F builds available now!",,57,"11/24/2022 22:00",,https://www.facebook.com/reel/1615205755843758/,0,0,Reels,,,,,11/17/2022,0,,,,,,0,0,0,0,0,0.000,4.192
975079001079322,100064197037125,"PC Merchandise","Do you want an aesthetic build that matches your gaming needs? i3 10100F builds available now!",,57,"11/24/2022 22:00",,https://www.facebook.com/reel/1615205755843758/,0,0,Reels,,,,,11/18/2022,0,,,,,,0,0,0,0,0,0.000,3.494
975079001079322,100064197037125,"PC Merchandise","Do you want an aesthetic build that matches your gaming needs? i3 10100F builds available now!",,57,"11/24/2022 22:00",,https://www.facebook.com/reel/1615205755843758/,0,0,Reels,,,,,11/19/2022,0,,,,,,0,0,0,0,0,0.000,5.017
975079001079322,100064197037125,"PC Merchandise","Do you want an aesthetic build that matches your gaming needs? i3 10100F builds available now!",,57,"11/24/2022 22:00",,https://www.facebook.com/reel/1615205755843758/,0,0,Reels,,,,,11/20/2022,0,,,,,,0,0,0,0,0,0.000,3.910
975079001079322,100064197037125,"PC Merchandise","Do you want an aesthetic build that matches your gaming needs? i3 10100F builds available now!",,57,"11/24/2022 22:00",,https://www.facebook.com/reel/1615205755843758/,0,0,Reels,,,,,11/21/2022,0,,,,,,0,0,0,0,0,0.000,3.502
975079001079322,100064197037125,"PC Merchandise","Do you want an aesthetic build that matches your gaming needs? i3 10100F builds available now!",,57,"11/24/2022 22:00",,https://www.facebook.com/reel/1615205755843758/,0,0,Reels,,,,,11/22/2022,0,,,,,,0,0,0,0,0,0.000,3.641
975079001079322,100064197037125,"PC Merchandise","Do you want an aesthetic build that matches your gaming needs? i3 10100F builds available now!",,57,"11/24/2022 22:00",,https://www.facebook.com/reel/1615205755843758/,0,0,Reels,,,,,11/23/2022,0,,,,,,0,0,0,0,0,0.000,4.017
975079001079322,100064197037125,"PC Merchandise","Do you want an aesthetic build that matches your gaming needs? i3 10100F builds available now!",,57,"11/24/2022 22:00",,https://www.facebook.com/reel/1615205755843758/,0,0,Reels,,,,,11/24/2022,0,,,,,,48,0,0,0,0,779.497,4.374
975079001079322,100064197037125,"PC Merchandise","Do you want an aesthetic build that matches your gaming needs? i3 10100F builds available now!",,57,"11/24/2022 22:00",,https://www.facebook.com/reel/1615205755843758/,0,0,Reels,,,,,11/25/2022,0,,,,,,64,0,2,2,0,947.802,4.768
975079001079322,100064197037125,"PC Merchandise","Do you want an aesthetic build that matches your gaming needs? i3 10100F builds available now!",,57,"11/24/2022 22:00",,https://www.facebook.com/reel/1615205755843758/,0,0,Reels,,,,,11/26/2022,0,,,,,,54,0,1,1,0,450.912,3.068
975079001079322,100064197037125,"PC Merchandise","Do you want an aesthetic build that matches your gaming needs? i3 10100F builds available now!",,57,"11/24/2022 22:00",,https://www.facebook.com/reel/1615205755843758/,0,0,Reels,,,,,11/27/2022,0,,,,,,62,0,1,1,0,547.699,5.425
975079001079322,100064197037125,"PC Merchandise","Do you want an aesthetic build that matches your gaming needs? i3 10100F builds available now!",,57,"11/24/2022 22:00",,https://www.facebook.com/reel/1615205755843758/,0,0,Reels,,,,,11/28/2022,0,,,,,,54,0,1,1,0,166.328,4.147
975079001079322,100064197037125,"PC Merchandise","Do you want an aesthetic build that matches your gaming needs? i3 10100F builds available now!",,57,"11/24/2022 22:00",,https://www.facebook.com/reel/1615205755843758/,0,0,Reels,,,,,11/29/2022,0,,,,,,32,0,0,0,0,354.766,3.924
975079001079322,100064197037125,"PC Merchandise","Do you want an aesthetic build that matches your gaming needs? i3 10100F builds available now!",,57,"11/24/2022 22:00",,https://www.facebook.com/reel/1615205755843758/,0,0,Reels,,,,,11/30/2022,0,,,,,,55,0,0,0,0,250.913,2.984
975131499243246,100064197037125,"PC Merchandise","BUDGET BUILD ALERT 🚨 i5 10400F + GTX 1050TI — perfect for online class and gaming!",,44,"11/24/2022 00:00",,https://www.facebook.com/reel/1764314987847834/,0,0,Reels,,,,,11/01/2022,0,,,,,,0,0,0,0,0,0.000,3.452
975131499243246,100064197037125,"PC Merchandise","BUDGET BUILD ALERT 🚨 i5 10400F + GTX 1050TI — perfect for online class and gaming!",,44,"11/24/2022 00:00",,https://www.facebook.com/reel/1764314987847834/,0,0,Reels,,,,,11/02/2022,0,,,,,,0,0,0,0,0,0.000,4.704
975131499243246,100064197037125,"PC Merchandise","BUDGET BUILD ALERT 🚨 i5 10400F + GTX 1050TI — perfect for online class and gaming!",,44,"11/24/2022 00:00",,https://www.facebook.com/reel/1764314987847834/,0,0,Reels,,,,,11/03/2022,0,,,,,,0,0,0,0,0,0.000,4.114
975131499243246,100064197037125,"PC Merchandise","BUDGET BUILD ALERT 🚨 i5 10400F + GTX 1050TI — perfect for online class and gaming!",,44,"11/24/2022 00:00",,https://www.facebook.com/reel/1764314987847834/,0,0,Reels,,,,,11/04/2022,0,,,,,,0,0,0,0,0,0.000,5.121
975131499243246,100064197037125,"PC Merchandise","BUDGET BUILD ALERT 🚨 i5 10400F + GTX 1050TI — perfect for online class and gaming!",,44,"11/24/2022 00:00",,https://www.facebook.com/reel/1764314987847834/,0,0,Reels,,,,,11/05/2022,0,,,,,,0,0,0,0,0,0.000,4.371
975131499243246,100064197037125,"PC Merchandise","BUDGET BUILD ALERT 🚨 i5 10400F + GTX 1050TI — perfect for online class and gaming!",,44,"11/24/2022 00:00",,https://www.facebook.com/reel/1764314987847834/,0,0,Reels,,,,,11/06/2022,0,,,,,,0,0,0,0,0,0.000,4.599
975131499243246,100064197037125,"PC Merchandise","BUDGET BUILD ALERT 🚨 i5 10400F + GTX 1050TI — perfect for online class and gaming!",,44,"11/24/2022 00:00",,https://www.facebook.com/reel/1764314987847834/,0,0,Reels,,,,,11/07/2022,0,,,,,,0,0,0,0,0,0.000,4.281
975131499243246,100064197037125,"PC Merchandise","BUDGET BUILD ALERT 🚨 i5 10400F + GTX 1050TI — perfect for online class and gaming!",,44,"11/24/2022 00:00",,https://www.facebook.com/reel/1764314987847834/,0,0,Reels,,,,,11/08/2022,0,,,,,,0,0,0,0,0,0.000,5.262
975131499243246,100064197037125,"PC Merchandise","BUDGET BUILD ALERT 🚨 i5 10400F + GTX 1050TI — perfect for online class and gaming!",,44,"11/24/2022 00:00",,https://www.facebook.com/reel/1764314987847834/,0,0,Reels,,,,,11/09/2022,0,,,,,,0,0,0,0,0,0.000,2.541
975131499243246,100064197037125,"PC Merchandise","BUDGET BUILD ALERT 🚨 i5 10400F + GTX 1050TI — perfect for online class and gaming!",,44,"11/24/2022 00:00",,https://www.facebook.com/reel/1764314987847834/,0,0,Reels,,,,,11/10/2022,0,,,,,,0,0,0,0,0,0.000,3.698
975131499243246,100064197037125,"PC Merchandise","BUDGET BUILD ALERT 🚨 i5 10400F + GTX 1050TI — perfect for online class and gaming!",,44,"11/24/2022 00:00",,https://www.facebook.com/reel/1764314987847834/,0,0,Reels,,,,,11/11/2022,0,,,,,,0,0,0,0,0,0.000,3.842
975131499243246,100064197037125,"PC Merchandise","BUDGET BUILD ALERT 🚨 i5 10400F + GTX 1050TI — perfect for online class and gaming!",,44,"11/24/2022 00:00",,https://www.facebook.com/reel/1764314987847834/,0,0,Reels,,,,,11/12/2022,0,,,,,,0,0,0,0,0,0.000,5.065
975131499243246,100064197037125,"PC Merchandise","BUDGET BUILD ALERT 🚨 i5 10400F + GTX 1050TI — perfect for online class and gaming!",,44,"11/24/2022 00:00",,https://www.facebook.com/reel/1764314987847834/,0,0,Reels,,,,,11/13/2022,0,,,,,,0,0,0,0,0,0.000,5.665
975131499243246,100064197037125,"PC Merchandise","BUDGET BUILD ALERT 🚨 i5 10400F + GTX 1050TI — perfect for online class and gaming!",,44,"11/24/2022 00:00",,https://www.facebook.com/reel/1764314987847834/,0,0,Reels,,,,,11/14/2022,0,,,,,,0,0,0,0,0,0.000,4.383
975131499243246,100064197037125,"PC Merchandise","BUDGET BUILD ALERT 🚨 i5 10400F + GTX 1050TI — perfect for online class and gaming!",,44,"11/24/2022 00:00",,https://www.facebook.com/reel/1764314987847834/,0,0,Reels,,,,,11/15/2022,0,,,,,,0,0,0,0,0,0.000,4.134
975131499243246,100064197037125,"PC Merchandise","BUDGET BUILD ALERT 🚨 i5 10400F + GTX 1050TI — perfect for online class and gaming!",,44,"11/24/2022 00:00",,https://www.facebook.com/reel/1764314987847834/,0,0,Reels,,,,,11/16/2022,0,,,,,,0,0,0,0,0,0.000,3.312
975131499243246,100064197037125,"PC Merchandise","BUDGET BUILD ALERT 🚨 i5 10400F + GTX 1050TI — perfect for online class and gaming!",,44,"11/24/2022 00:00",,https://www.facebook.com/reel/1764314987847834/,0,0,Reels,,,,,11/17/2022,0,,,,,,0,0,0,0,0,0.000,3.896
975131499243246,100064197037125,"PC Merchandise","BUDGET BUILD ALERT 🚨 i5 10400F + GTX 1050TI — perfect for online class and gaming!",,44,"11/24/2022 00:00",,https://www.facebook.com/reel/1764314987847834/,0,0,Reels,,,,,11/18/2022,0,,,,,,0,0,0,0,0,0.000,2.473
975131499243246,100064197037125,"PC Merchandise","BUDGET BUILD ALERT 🚨 i5 10400F + GTX 1050TI — perfect for online class and gaming!",,44,"11/24/2022 00:00",,https://www.facebook.com/reel/1764314987847834/,0,0,Reels,,,,,11/19/2022,0,,,,,,0,0,0,0,0,0.000,2.940
975131499243246,100064197037125,"PC Merchandise","BUDGET BUILD ALERT 🚨 i5 10400F + GTX 1050TI — perfect for online class and gaming!",,44,"11/24/2022 00:00",,https://www.facebook.com/reel/1764314987847834/,0,0,Reels,,,,,11/20/2022,0,,,,,,0,0,0,0,0,0.000,3.420
975131499243246,100064197037125,"PC Merchandise","BUDGET BUILD ALERT 🚨 i5 10400F + GTX 1050TI — perfect for online class and gaming!",,44,"11/24/2022 00:00",,https://www.facebook.com/reel/1764314987847834/,0,0,Reels,,,,,11/21/2022,0,,,,,,0,0,0,0,0,0.000,4.247
975131499243246,100064197037125,"PC Merchandise","BUDGET BUILD ALERT 🚨 i5 10400F + GTX 1050TI — perfect for online class and gaming!",,44,"11/24/2022 00:00",,https://www.facebook.com/reel/1764314987847834/,0,0,Reels,,,,,11/22/2022,0,,,,,,0,0,0,0,0,0.000,4.703
975131499243246,100064197037125,"PC Merchandise","BUDGET BUILD ALERT 🚨 i5 10400F + GTX 1050TI — perfect for online class and gaming!",,44,"11/24/2022 00:00",,https://www.facebook.com/reel/1764314987847834/,0,0,Reels,,,,,11/23/2022,0,,,,,,0,0,0,0,0,0.000,2.979
975131499243246,100064197037125,"PC Merchandise","BUDGET BUILD ALERT 🚨 i5 10400F + GTX 1050TI — perfect for online class and gaming!",,44,"11/24/2022 00:00",,https://www.facebook.com/reel/1764314987847834/,0,0,Reels,,,,,11/24/2022,0,,,,,,161,0,0,0,0,1229.324,5.297
975131499243246,100064197037125,"PC Merchandise","BUDGET BUILD ALERT 🚨 i5 10400F + GTX 1050TI — perfect for online class and gaming!",,44,"11/24/2022 00:00",,https://www.facebook.com/reel/1764314987847834/,0,0,Reels,,,,,11/25/2022,0,,,,,,158,0,0,0,0,1070.300,4.285
975131499243246,100064197037125,"PC Merchandise","BUDGET BUILD ALERT 🚨 i5 10400F + GTX 1050TI — perfect for online class and gaming!",,44,"11/24/2022 00:00",,https://www.facebook.com/reel/1764314987847834/,0,0,Reels,,,,,11/26/2022,0,,,,,,168,0,0,0,0,666.227,2.661
975131499243246,100064197037125,"PC Merchandise","BUDGET BUILD ALERT 🚨 i5 10400F + GTX 1050TI — perfect for online class and gaming!",,44,"11/24/2022 00:00",,https://www.facebook.com/reel/1764314987847834/,0,0,Reels,,,,,11/27/2022,0,,,,,,147,0,0,0,0,663.863,5.240
975131499243246,100064197037125,"PC Merchandise","BUDGET BUILD ALERT 🚨 i5 10400F + GTX 1050TI — perfect for online class and gaming!",,44,"11/24/2022 00:00",,https://www.facebook.com/reel/1764314987847834/,0,0,Reels,,,,,11/28/2022,0,,,,,,167,0,0,0,0,433.697,3.674
975131499243246,100064197037125,"PC Merchandise","BUDGET BUILD ALERT 🚨 i5 10400F + GTX 1050TI — perfect for online class and gaming!",,44,"11/24/2022 00:00",,https://www.facebook.com/reel/1764314987847834/,0,0,Reels,,,,,11/29/2022,0,,,,,,191,0,0,0,0,320.745,3.070
975131499243246,100064197037125,"PC Merchandise","BUDGET BUILD ALERT 🚨 i5 10400F + GTX 1050TI — perfect for online class and gaming!",,44,"11/24/2022 00:00",,https://www.facebook.com/reel/1764314987847834/,0,0,Reels,,,,,11/30/2022,0,,,,,,164,0,0,0,0,405.959,3.639
974729463345281,100064197037125,"PC Merchandise","客户 satisfied ✅ RYZEN 5 3400G build with RGB everything 🌈",,55,"11/23/2022 19:00",mixed,https://www.facebook.com/reel/1170649461526543/,0,0,Reels,,,,,11/01/2022,0,,,,,,0,0,0,0,0,0.000,4.120
974729463345281,100064197037125,"PC Merchandise","客户 satisfied ✅ RYZEN 5 3400G build with RGB everything 🌈",,55,"11/23/2022 19:00",mixed,https://www.facebook.com/reel/1170649461526543/,0,0,Reels,,,,,11/02/2022,0,,,,,,0,0,0,0,0,0.000,3.416
974729463345281,100064197037125,"PC Merchandise","客户 satisfied ✅ RYZEN 5 3400G build with RGB everything 🌈",,55,"11/23/2022 19:00",mixed,https://www.facebook.com/reel/1170649461526543/,0,0,Reels,,,,,11/03/2022,0,,,,,,0,0,0,0,0,0.000,2.812
974729463345281,100064197037125,"PC Merchandise","客户 satisfied ✅ RYZEN 5 3400G build with RGB everything 🌈",,55,"11/23/2022 19:00",mixed,https://www.facebook.com/reel/1170649461526543/,0,0,Reels,,,,,11/04/2022,0,,,,,,0,0,0,0,0,0.000,2.057
974729463345281,100064197037125,"PC Merchandise","客户 satisfied ✅ RYZEN 5 3400G build with RGB everything 🌈",,55,"11/23/2022 19:00",mixed,https://www.facebook.com/reel/1170649461526543/,0,0,Reels,,,,,11/05/2022,0,,,,,,0,0,0,0,0,0.000,3.183
974729463345281,100064197037125,"PC Merchandise","客户 satisfied ✅ RYZEN 5 3400G build with RGB everything 🌈",,55,"11/23/2022 19:00",mixed,https://www.facebook.com/reel/1170649461526543/,0,0,Reels,,,,,11/06/2022,0,,,,,,0,0,0,0,0,0.000,2.499
974729463345281,100064197037125,"PC Merchandise","客户 satisfied ✅ RYZEN 5 3400G build with RGB everything 🌈",,55,"11/23/2022 19:00",mixed,https://www.facebook.com/reel/1170649461526543/,0,0,Reels,,,,,11/07/2022,0,,,,,,0,0,0,0,0,0.000,3.474
974729463345281,100064197037125,"PC Merchandise","客户 satisfied ✅ RYZEN 5 3400G build with RGB everything 🌈",,55,"11/23/2022 19:00",mixed,https://www.facebook.com/reel/1170649461526543/,0,0,Reels,,,,,11/08/2022,0,,,,,,0,0,0,0,0,0.000,3.268
974729463345281,100064197037125,"PC Merchandise","客户 satisfied ✅ RYZEN 5 3400G build with RGB everything 🌈",,55,"11/23/2022 19:00",mixed,https://www.facebook.com/reel/1170649461526543/,0,0,Reels,,,,,11/09/2022,0,,,,,,0,0,0,0,0,0.000,3.037
974729463345281,100064197037125,"PC Merchandise","客户 satisfied ✅ RYZEN 5 3400G build with RGB everything 🌈",,55,"11/23/2022 19:00",mixed,https://www.facebook.com/reel/1170649461526543/,0,0,Reels,,,,,11/10/2022,0,,,,,,0,0,0,0,0,0.000,1.500
974729463345281,100064197037125,"PC Merchandise","客户 satisfied ✅ RYZEN 5 3400G build with RGB everything 🌈",,55,"11/23/2022 19:00",mixed,https://www.facebook.com/reel/1170649461526543/,0,0,Reels,,,,,11/11/2022,0,,,,,,0,0,0,0,0,0.000,2.661
974729463345281,100064197037125,"PC Merchandise","客户 satisfied ✅ RYZEN 5 3400G build with RGB everything 🌈",,55,"11/23/2022 19:00",mixed,https://www.facebook.com/reel/1170649461526543/,0,0,Reels,,,,,11/12/2022,0,,,,,,0,0,0,0,0,0.000,1.657
974729463345281,100064197037125,"PC Merchandise","客户 satisfied ✅ RYZEN 5 3400G build with RGB everything 🌈",,55,"11/23/2022 19:00",mixed,https://www.facebook.com/reel/1170649461526543/,0,0,Reels,,,,,11/13/2022,0,,,,,,0,0,0,0,0,0.000,2.839
974729463345281,100064197037125,"PC Merchandise","客户 satisfied ✅ RYZEN 5 3400G build with RGB everything 🌈",,55,"11/23/2022 19:00",mixed,https://www.facebook.com/reel/1170649461526543/,0,0,Reels,,,,,11/14/2022,0,,,,,,0,0,0,0,0,0.000,3.347
974729463345281,100064197037125,"PC Merchandise","客户 satisfied ✅ RYZEN 5 3400G build with RGB everything 🌈",,55,"11/23/2022 19:00",mixed,https://www.facebook.com/reel/1170649461526543/,0,0,Reels,,,,,11/15/2022,0,,,,,,0,0,0,0,0,0.000,3.730
974729463345281,100064197037125,"PC Merchandise","客户 satisfied ✅ RYZEN 5 3400G build with RGB everything 🌈",,55,"11/23/2022 19:00",mixed,https://www.facebook.com/reel/1170649461526543/,0,0,Reels,,,,,11/16/2022,0,,,,,,0,0,0,0,0,0.000,2.479
974729463345281,100064197037125,"PC Merchandise","客户 satisfied ✅ RYZEN 5 3400G build with RGB everything 🌈",,55,"11/23/2022 19:00",mixed,https://www.facebook.com/reel/1170649461526543/,0,0,Reels,,,,,11/17/2022,0,,,,,,0,0,0,0,0,0.000,3.628
974729463345281,100064197037125,"PC Merchandise","客户 satisfied ✅ RYZEN 5 3400G build with RGB everything 🌈",,55,"11/23/2022 19:00",mixed,https://www.facebook.com/reel/1170649461526543/,0,0,Reels,,,,,11/18/2022,0,,,,,,0,0,0,0,0,0.000,2.704
974729463345281,100064197037125,"PC Merchandise","客户 satisfied ✅ RYZEN 5 3400G build with RGB everything 🌈",,55,"11/23/2022 19:00",mixed,https://www.facebook.com/reel/1170649461526543/,0,0,Reels,,,,,11/19/2022,0,,,,,,0,0,0,0,0,0.000,1.823
974729463345281,100064197037125,"PC Merchandise","客户 satisfied ✅ RYZEN 5 3400G build with RGB everything 🌈",,55,"11/23/2022 19:00",mixed,https://www.facebook.com/reel/1170649461526543/,0,0,Reels,,,,,11/20/2022,0,,,,,,0,0,0,0,0,0.000,2.643
974729463345281,100064197037125,"PC Merchandise","客户 satisfied ✅ RYZEN 5 3400G build with RGB everything 🌈",,55,"11/23/2022 19:00",mixed,https://www.facebook.com/reel/1170649461526543/,0,0,Reels,,,,,11/21/2022,0,,,,,,0,0,0,0,0,0.000,2.500
974729463345281,100064197037125,"PC Merchandise","客户 satisfied ✅ RYZEN 5 3400G build with RGB everything 🌈",,55,"11/23/2022 19:00",mixed,https://www.facebook.com/reel/1170649461526543/,0,0,Reels,,,,,11/22/2022,0,,,,,,0,0,0,0,0,0.000,3.089
974729463345281,100064197037125,"PC Merchandise","客户 satisfied ✅ RYZEN 5 3400G build with RGB everything 🌈",,55,"11/23/2022 19:00",mixed,https://www.facebook.com/reel/1170649461526543/,0,0,Reels,,,,,11/23/2022,0,,,,,,56,0,0,0,0,174.626,1.820
974729463345281,100064197037125,"PC Merchandise","客户 satisfied ✅ RYZEN 5 3400G build with RGB everything 🌈",,55,"11/23/2022 19:00",mixed,https://www.facebook.com/reel/1170649461526543/,0,0,Reels,,,,,11/24/2022,0,,,,,,83,0,0,0,0,236.610,1.964
974729463345281,100064197037125,"PC Merchandise","客户 satisfied ✅ RYZEN 5 3400G build with RGB everything 🌈",,55,"11/23/2022 19:00",mixed,https://www.facebook.com/reel/1170649461526543/,0,0,Reels,,,,,11/25/2022,0,,,,,,69,0,0,0,0,91.775,1.500
974729463345281,100064197037125,"PC Merchandise","客户 satisfied ✅ RYZEN 5 3400G build with RGB everything 🌈",,55,"11/23/2022 19:00",mixed,https://www.facebook.com/reel/1170649461526543/,0,0,Reels,,,,,11/26/2022,0,,,,,,63,0,0,0,0,76.067,2.220
974729463345281,100064197037125,"PC Merchandise","客户 satisfied ✅ RYZEN 5 3400G build with RGB everything 🌈",,55,"11/23/2022 19:00",mixed,https://www.facebook.com/reel/1170649461526543/,0,0,Reels,,,,,11/27/2022,0,,,,,,67,0,0,0,0,97.112,1.673
974729463345281,100064197037125,"PC Merchandise","客户 satisfied ✅ RYZEN 5 3400G build with RGB everything 🌈",,55,"11/23/2022 19:00",mixed,https://www.facebook.com/reel/1170649461526543/,0,0,Reels,,,,,11/28/2022,0,,,,,,62,0,0,0,0,131.478,2.972
974729463345281,100064197037125,"PC Merchandise","客户 satisfied ✅ RYZEN 5 3400G build with RGB everything 🌈",,55,"11/23/2022 19:00",mixed,https://www.facebook.com/reel/1170649461526543/,0,0,Reels,,,,,11/29/2022,0,,,,,,0,0,0,0,0,94.727,1.500
974729463345281,100064197037125,"PC Merchandise","客户 satisfied ✅ RYZEN 5 3400G build with RGB everything 🌈",,55,"11/23/2022 19:00",mixed,https://www.facebook.com/reel/1170649461526543/,0,0,Reels,,,,,11/30/2022,0,,,,,,0,0,0,0,0,31.106,2.093
974632918422517,100064197037125,"PC Merchandise","Pa-mine na yan! i5 10400F gaming build, limited slots only this week.",,35,"11/22/2022 19:01",,https://www.facebook.com/reel/1737672170321809/,0,0,Reels,,,,,11/01/2022,0,,,,,,0,0,0,0,0,0.000,5.647
974632918422517,100064197037125,"PC Merchandise","Pa-mine na yan! i5 10400F gaming build, limited slots only this week.",,35,"11/22/2022 19:01",,https://www.facebook.com/reel/1737672170321809/,0,0,Reels,,,,,11/02/2022,0,,,,,,0,0,0,0,0,0.000,5.515
974632918422517,100064197037125,"PC Merchandise","Pa-mine na yan! i5 10400F gaming build, limited slots only this week.",,35,"11/22/2022 19:01",,https://www.facebook.com/reel/1737672170321809/,0,0,Reels,,,,,11/03/2022,0,,,,,,0,0,0,0,0,0.000,4.403
974632918422517,100064197037125,"PC Merchandise","Pa-mine na yan! i5 10400F gaming build, limited slots only this week.",,35,"11/22/2022 19:01",,https://www.facebook.com/reel/1737672170321809/,0,0,Reels,,,,,11/04/2022,0,,,,,,0,0,0,0,0,0.000,3.340
974632918422517,100064197037125,"PC Merchandise","Pa-mine na yan! i5 10400F gaming build, limited slots only this week.",,35,"11/22/2022 19:01",,https://www.facebook.com/reel/1737672170321809/,0,0,Reels,,,,,11/05/2022,0,,,,,,0,0,0,0,0,0.000,5.524
974632918422517,100064197037125,"PC Merchandise","Pa-mine na yan! i5 10400F gaming build, limited slots only this week.",,35,"11/22/2022 19:01",,https://www.facebook.com/reel/1737672170321809/,0,0,Reels,,,,,11/06/2022,0,,,,,,0,0,0,0,0,0.000,5.677
974632918422517,100064197037125,"PC Merchandise","Pa-mine na yan! i5 10400F gaming build, limited slots only this week.",,35,"11/22/2022 19:01",,https://www.facebook.com/reel/1737672170321809/,0,0,Reels,,,,,11/07/2022,0,,,,,,0,0,0,0,0,0.000,5.195
974632918422517,100064197037125,"PC Merchandise","Pa-mine na yan! i5 10400F gaming build, limited slots only this week.",,35,"11/22/2022 19:01",,https://www.facebook.com/reel/1737672170321809/,0,0,Reels,,,,,11/08/2022,0,,,,,,0,0,0,0,0,0.000,6.446
974632918422517,100064197037125,"PC Merchandise","Pa-mine na yan! i5 10400F gaming build, limited slots only this week.",,35,"11/22/2022 19:01",,https://www.facebook.com/reel/1737672170321809/,0,0,Reels,,,,,11/09/2022,0,,,,,,0,0,0,0,0,0.000,5.072
974632918422517,100064197037125,"PC Merchandise","Pa-mine na yan! i5 10400F gaming build, limited slots only this week.",,35,"11/22/2022 19:01",,https://www.facebook.com/reel/1737672170321809/,0,0,Reels,,,,,11/10/2022,0,,,,,,0,0,0,0,0,0.000,5.699
974632918422517,100064197037125,"PC Merchandise","Pa-mine na yan! i5 10400F gaming build, limited slots only this week.",,35,"11/22/2022 19:01",,https://www.facebook.com/reel/1737672170321809/,0,0,Reels,,,,,11/11/2022,0,,,,,,0,0,0,0,0,0.000,5.885
974632918422517,100064197037125,"PC Merchandise","Pa-mine na yan! i5 10400F gaming build, limited slots only this week.",,35,"11/22/2022 19:01",,https://www.facebook.com/reel/1737672170321809/,0,0,Reels,,,,,11/12/2022,0,,,,,,0,0,0,0,0,0.000,4.806
974632918422517,100064197037125,"PC Merchandise","Pa-mine na yan! i5 10400F gaming build, limited slots only this week.",,35,"11/22/2022 19:01",,https://www.facebook.com/reel/1737672170321809/,0,0,Reels,,,,,11/13/2022,0,,,,,,0,0,0,0,0,0.000,5.878
974632918422517,100064197037125,"PC Merchandise","Pa-mine na yan! i5 10400F gaming build, limited slots only this week.",,35,"11/22/2022 19:01",,https://www.facebook.com/reel/1737672170321809/,0,0,Reels,,,,,11/14/2022,0,,,,,,0,0,0,0,0,0.000,5.350
974632918422517,100064197037125,"PC Merchandise","Pa-mine na yan! i5 10400F gaming build, limited slots only this week.",,35,"11/22/2022 19:01",,https://www.facebook.com/reel/1737672170321809/,0,0,Reels,,,,,11/15/2022,0,,,,,,0,0,0,0,0,0.000,4.553
974632918422517,100064197037125,"PC Merchandise","Pa-mine na yan! i5 10400F gaming build, limited slots only this week.",,35,"11/22/2022 19:01",,https://www.facebook.com/reel/1737672170321809/,0,0,Reels,,,,,11/16/2022,0,,,,,,0,0,0,0,0,0.000,5.828
974632918422517,100064197037125,"PC Merchandise","Pa-mine na yan! i5 10400F gaming build, limited slots only this week.",,35,"11/22/2022 19:01",,https://www.facebook.com/reel/1737672170321809/,0,0,Reels,,,,,11/17/2022,0,,,,,,0,0,0,0,0,0.000,5.527
974632918422517,100064197037125,"PC Merchandise","Pa-mine na yan! i5 10400F gaming build, limited slots only this week.",,35,"11/22/2022 19:01",,https://www.facebook.com/reel/1737672170321809/,0,0,Reels,,,,,11/18/2022,0,,,,,,0,0,0,0,0,0.000,4.036
974632918422517,100064197037125,"PC Merchandise","Pa-mine na yan! i5 10400F gaming build, limited slots only this week.",,35,"11/22/2022 19:01",,https://www.facebook.com/reel/1737672170321809/,0,0,Reels,,,,,11/19/2022,0,,,,,,0,0,0,0,0,0.000,4.481
974632918422517,100064197037125,"PC Merchandise","Pa-mine na yan! i5 10400F gaming build, limited slots only this week.",,35,"11/22/2022 19:01",,https://www.facebook.com/reel/1737672170321809/,0,0,Reels,,,,,11/20/2022,0,,,,,,0,0,0,0,0,0.000,5.026
974632918422517,100064197037125,"PC Merchandise","Pa-mine na yan! i5 10400F gaming build, limited slots only this week.",,35,"11/22/2022 19:01",,https://www.facebook.com/reel/1737672170321809/,0,0,Reels,,,,,11/21/2022,0,,,,,,0,0,0,0,0,0.000,4.607
974632918422517,100064197037125,"PC Merchandise","Pa-mine na yan! i5 10400F gaming build, limited slots only this week.",,35,"11/22/2022 19:01",,https://www.facebook.com/reel/1737672170321809/,0,0,Reels,,,,,11/22/2022,0,,,,,,272,0,0,0,0,649.522,5.673
974632918422517,100064197037125,"PC Merchandise","Pa-mine na yan! i5 10400F gaming build, limited slots only this week.",,35,"11/22/2022 19:01",,https://www.facebook.com/reel/1737672170321809/,0,0,Reels,,,,,11/23/2022,0,,,,,,279,0,0,0,0,608.789,5.719
974632918422517,100064197037125,"PC Merchandise","Pa-mine na yan! i5 10400F gaming build, limited slots only this week.",,35,"11/22/2022 19:01",,https://www.facebook.com/reel/1737672170321809/,0,0,Reels,,,,,11/24/2022,0,,,,,,269,0,0,0,0,419.099,5.075
974632918422517,100064197037125,"PC Merchandise","Pa-mine na yan! i5 10400F gaming build, limited slots only this week.",,35,"11/22/2022 19:01",,https://www.facebook.com/reel/1737672170321809/,0,0,Reels,,,,,11/25/2022,0,,,,,,235,0,0,0,0,274.003,4.991
974632918422517,100064197037125,"PC Merchandise","Pa-mine na yan! i5 10400F gaming build, limited slots only this week.",,35,"11/22/2022 19:01",,https://www.facebook.com/reel/1737672170321809/,0,0,Reels,,,,,11/26/2022,0,,,,,,259,0,1,1,0,364.839,5.337
974632918422517,100064197037125,"PC Merchandise","Pa-mine na yan! i5 10400F gaming build, limited slots only this week.",,35,"11/22/2022 19:01",,https://www.facebook.com/reel/1737672170321809/,0,0,Reels,,,,,11/27/2022,0,,,,,,232,0,0,0,0,144.990,5.305
974632918422517,100064197037125,"PC Merchandise","Pa-mine na yan! i5 10400F gaming build, limited slots only this week.",,35,"11/22/2022 19:01",,https://www.facebook.com/reel/1737672170321809/,0,0,Reels,,,,,11/28/2022,0,,,,,,270,0,0,0,0,98.459,5.511
974632918422517,100064197037125,"PC Merchandise","Pa-mine na yan! i5 10400F gaming build, limited slots only this week.",,35,"11/22/2022 19:01",,https://www.facebook.com/reel/1737672170321809/,0,0,Reels,,,,,11/29/2022,0,,,,,,227,0,1,0,1,256.660,5.578
974632918422517,100064197037125,"PC Merchandise","Pa-mine na yan! i5 10400F gaming build, limited slots only this week.",,35,"11/22/2022 19:01",,https://www.facebook.com/reel/1737672170321809/,0,0,Reels,,,,,11/30/2022,0,,,,,,243,0,0,0,0,106.942,4.738
974917996630717,100064197037125,"PC Merchandise","Sulit na sulit! i5 10400F package, ready for pickup or shipping nationwide 🚚",,50,"11/21/2022 19:00",,https://www.facebook.com/reel/1167407999112903/,0,1,Reels,,,,,11/01/2022,0,,,,,,0,0,0,0,0,0.000,6.536
974917996630717,100064197037125,"PC Merchandise","Sulit na sulit! i5 10400F package, ready for pickup or shipping nationwide 🚚",,50,"11/21/2022 19:00",,https://www.facebook.com/reel/1167407999112903/,0,1,Reels,,,,,11/02/2022,0,,,,,,0,0,0,0,0,0.000,7.063
974917996630717,100064197037125,"PC Merchandise","Sulit na sulit! i5 10400F package, ready for pickup or shipping nationwide 🚚",,50,"11/21/2022 19:00",,https://www.facebook.com/reel/1167407999112903/,0,1,Reels,,,,,11/03/2022,0,,,,,,0,0,0,0,0,0.000,5.654
974917996630717,100064197037125,"PC Merchandise","Sulit na sulit! i5 10400F package, ready for pickup or shipping nationwide 🚚",,50,"11/21/2022 19:00",,https://www.facebook.com/reel/1167407999112903/,0,1,Reels,,,,,11/04/2022,0,,,,,,0,0,0,0,0,0.000,7.511
974917996630717,100064197037125,"PC Merchandise","Sulit na sulit! i5 10400F package, ready for pickup or shipping nationwide 🚚",,50,"11/21/2022 19:00",,https://www.facebook.com/reel/1167407999112903/,0,1,Reels,,,,,11/05/2022,0,,,,,,0,0,0,0,0,0.000,6.741
974917996630717,100064197037125,"PC Merchandise","Sulit na sulit! i5 10400F package, ready for pickup or shipping nationwide 🚚",,50,"11/21/2022 19:00",,https://www.facebook.com/reel/1167407999112903/,0,1,Reels,,,,,11/06/2022,0,,,,,,0,0,0,0,0,0.000,5.665
974917996630717,100064197037125,"PC Merchandise","Sulit na sulit! i5 10400F package, ready for pickup or shipping nationwide 🚚",,50,"11/21/2022 19:00",,https://www.facebook.com/reel/1167407999112903/,0,1,Reels,,,,,11/07/2022,0,,,,,,0,0,0,0,0,0.000,5.934
974917996630717,100064197037125,"PC Merchandise","Sulit na sulit! i5 10400F package, ready for pickup or shipping nationwide 🚚",,50,"11/21/2022 19:00",,https://www.facebook.com/reel/1167407999112903/,0,1,Reels,,,,,11/08/2022,0,,,,,,0,0,0,0,0,0.000,5.865
974917996630717,100064197037125,"PC Merchandise","Sulit na sulit! i5 10400F package, ready for pickup or shipping nationwide 🚚",,50,"11/21/2022 19:00",,https://www.facebook.com/reel/1167407999112903/,0,1,Reels,,,,,11/09/2022,0,,,,,,0,0,0,0,0,0.000,6.424
974917996630717,100064197037125,"PC Merchandise","Sulit na sulit! i5 10400F package, ready for pickup or shipping nationwide 🚚",,50,"11/21/2022 19:00",,https://www.facebook.com/reel/1167407999112903/,0,1,Reels,,,,,11/10/2022,0,,,,,,0,0,0,0,0,0.000,4.894
974917996630717,100064197037125,"PC Merchandise","Sulit na sulit! i5 10400F package, ready for pickup or shipping nationwide 🚚",,50,"11/21/2022 19:00",,https://www.facebook.com/reel/1167407999112903/,0,1,Reels,,,,,11/11/2022,0,,,,,,0,0,0,0,0,0.000,5.699
974917996630717,100064197037125,"PC Merchandise","Sulit na sulit! i5 10400F package, ready for pickup or shipping nationwide 🚚",,50,"11/21/2022 19:00",,https://www.facebook.com/reel/1167407999112903/,0,1,Reels,,,,,11/12/2022,0,,,,,,0,0,0,0,0,0.000,5.471
974917996630717,100064197037125,"PC Merchandise","Sulit na sulit! i5 10400F package, ready for pickup or shipping nationwide 🚚",,50,"11/21/2022 19:00",,https://www.facebook.com/reel/1167407999112903/,0,1,Reels,,,,,11/13/2022,0,,,,,,0,0,0,0,0,0.000,5.428
974917996630717,100064197037125,"PC Merchandise","Sulit na sulit! i5 10400F package, ready for pickup or shipping nationwide 🚚",,50,"11/21/2022 19:00",,https://www.facebook.com/reel/1167407999112903/,0,1,Reels,,,,,11/14/2022,0,,,,,,0,0,0,0,0,0.000,5.375
974917996630717,100064197037125,"PC Merchandise","Sulit na sulit! i5 10400F package, ready for pickup or shipping nationwide 🚚",,50,"11/21/2022 19:00",,https://www.facebook.com/reel/1167407999112903/,0,1,Reels,,,,,11/15/2022,0,,,,,,0,0,0,0,0,0.000,5.819
974917996630717,100064197037125,"PC Merchandise","Sulit na sulit! i5 10400F package, ready for pickup or shipping nationwide 🚚",,50,"11/21/2022 19:00",,https://www.facebook.com/reel/1167407999112903/,0,1,Reels,,,,,11/16/2022,0,,,,,,0,0,0,0,0,0.000,5.354
974917996630717,100064197037125,"PC Merchandise","Sulit na sulit! i5 10400F package, ready for pickup or shipping nationwide 🚚",,50,"11/21/2022 19:00",,https://www.facebook.com/reel/1167407999112903/,0,1,Reels,,,,,11/17/2022,0,,,,,,0,0,0,0,0,0.000,6.902
974917996630717,100064197037125,"PC Merchandise","Sulit na sulit! i5 10400F package, ready for pickup or shipping nationwide 🚚",,50,"11/21/2022 19:00",,https://www.facebook.com/reel/1167407999112903/,0,1,Reels,,,,,11/18/2022,0,,,,,,0,0,0,0,0,0.000,6.067
974917996630717,100064197037125,"PC Merchandise","Sulit na sulit! i5 10400F package, ready for pickup or shipping nationwide 🚚",,50,"11/21/2022 19:00",,https://www.facebook.com/reel/1167407999112903/,0,1,Reels,,,,,11/19/2022,0,,,,,,0,0,0,0,0,0.000,5.239
974917996630717,100064197037125,"PC Merchandise","Sulit na sulit! i5 10400F package, ready for pickup or shipping nationwide 🚚",,50,"11/21/2022 19:00",,https://www.facebook.com/reel/1167407999112903/,0,1,Reels,,,,,11/20/2022,0,,,,,,0,0,0,0,0,0.000,6.065
974917996630717,100064197037125,"PC Merchandise","Sulit na sulit! i5 10400F package, ready for pickup or shipping nationwide 🚚",,50,"11/21/2022 19:00",,https://www.facebook.com/reel/1167407999112903/,0,1,Reels,,,,,11/21/2022,0,,,,,,0,0,0,0,0,245.610,6.479
974917996630717,100064197037125,"PC Merchandise","Sulit na sulit! i5 10400F package, ready for pickup or shipping nationwide 🚚",,50,"11/21/2022 19:00",,https://www.facebook.com/reel/1167407999112903/,0,1,Reels,,,,,11/22/2022,0,,,,,,0,0,0,0,0,212.365,4.650
974917996630717,100064197037125,"PC Merchandise","Sulit na sulit! i5 10400F package, ready for pickup or shipping nationwide 🚚",,50,"11/21/2022 19:00",,https://www.facebook.com/reel/1167407999112903/,0,1,Reels,,,,,11/23/2022,0,,,,,,0,0,0,0,0,93.528,4.522
974917996630717,100064197037125,"PC Merchandise","Sulit na sulit! i5 10400F package, ready for pickup or shipping nationwide 🚚",,50,"11/21/2022 19:00",,https://www.facebook.com/reel/1167407999112903/,0,1,Reels,,,,,11/24/2022,0,,,,,,0,0,0,0,0,87.499,5.342
974917996630717,100064197037125,"PC Merchandise","Sulit na sulit! i5 10400F package, ready for pickup or shipping nationwide 🚚",,50,"11/21/2022 19:00",,https://www.facebook.com/reel/1167407999112903/,0,1,Reels,,,,,11/25/2022,0,,,,,,0,0,0,0,0,66.623,4.649
974917996630717,100064197037125,"PC Merchandise","Sulit na sulit! i5 10400F package, ready for pickup or shipping nationwide 🚚",,50,"11/21/2022 19:00",,https://www.facebook.com/reel/1167407999112903/,0,1,Reels,,,,,11/26/2022,0,,,,,,0,0,0,0,0,103.128,5.820
974917996630717,100064197037125,"PC Merchandise","Sulit na sulit! i5 10400F package, ready for pickup or shipping nationwide 🚚",,50,"11/21/2022 19:00",,https://www.facebook.com/reel/1167407999112903/,0,1,Reels,,,,,11/27/2022,0,,,,,,0,0,0,0,0,37.775,6.772
974917996630717,100064197037125,"PC Merchandise","Sulit na sulit! i5 10400F package, ready for pickup or shipping nationwide 🚚",,50,"11/21/2022 19:00",,https://www.facebook.com/reel/1167407999112903/,0,1,Reels,,,,,11/28/2022,0,,,,,,0,0,0,0,0,66.120,5.166
974917996630717,100064197037125,"PC Merchandise","Sulit na sulit! i5 10400F package, ready for pickup or shipping nationwide 🚚",,50,"11/21/2022 19:00",,https://www.facebook.com/reel/1167407999112903/,0,1,Reels,,,,,11/29/2022,0,,,,,,0,0,0,0,0,40.519,5.389
974917996630717,100064197037125,"PC Merchandise","Sulit na sulit! i5 10400F package, ready for pickup or shipping nationwide 🚚",,50,"11/21/2022 19:00",,https://www.facebook.com/reel/1167407999112903/,0,1,Reels,,,,,11/30/2022,0,,,,,,0,0,0,0,0,29.361,7.445
974780338139663,100064197037125,"PC Merchandise","客户 satisfied ✅ RYZEN 5 2600 build with RGB everything 🌈",,0,"11/21/2022 16:00",,https://www.facebook.com/pcmerchandise.co/posts/pfbid0woXsSIVQdweXLl5fb6UDnPaRxgtgbG7uSBbdm4Rcx7H6r8fOZQnegNBO,0,0,Photos,,,,,11/30/2022,3,,,,,,,,,,,,
974780338139663,100064197037125,"PC Merchandise","客户 satisfied ✅ RYZEN 5 2600 build with RGB everything 🌈",,0,"11/21/2022 16:00",,https://www.facebook.com/pcmerchandise.co/posts/pfbid0woXsSIVQdweXLl5fb6UDnPaRxgtgbG7uSBbdm4Rcx7H6r8fOZQnegNBO,0,0,Photos,,,,,11/01/2022,,,0,0,0,0,0,0,,,,,
974780338139663,100064197037125,"PC Merchandise","客户 satisfied ✅ RYZEN 5 2600 build with RGB everything 🌈",,0,"11/21/2022 16:00",,https://www.facebook.com/pcmerchandise.co/posts/pfbid0woXsSIVQdweXLl5fb6UDnPaRxgtgbG7uSBbdm4Rcx7H6r8fOZQnegNBO,0,0,Photos,,,,,11/02/2022,,,0,0,0,0,0,0,,,,,
974780338139663,100064197037125,"PC Merchandise","客户 satisfied ✅ RYZEN 5 2600 build with RGB everything 🌈",,0,"11/21/2022 16:00",,https://www.facebook.com/pcmerchandise.co/posts/pfbid0woXsSIVQdweXLl5fb6UDnPaRxgtgbG7uSBbdm4Rcx7H6r8fOZQnegNBO,0,0,Photos,,,,,11/03/2022,,,0,0,0,0,0,0,,,,,
974780338139663,100064197037125,"PC Merchandise","客户 satisfied ✅ RYZEN 5 2600 build with RGB everything 🌈",,0,"11/21/2022 16:00",,https://www.facebook.com/pcmerchandise.co/posts/pfbid0woXsSIVQdweXLl5fb6UDnPaRxgtgbG7uSBbdm4Rcx7H6r8fOZQnegNBO,0,0,Photos,,,,,11/04/2022,,,0,0,0,0,0,0,,,,,
974780338139663,100064197037125,"PC Merchandise","客户 satisfied ✅ RYZEN 5 2600 build with RGB everything 🌈",,0,"11/21/2022 16:00",,https://www.facebook.com/pcmerchandise.co/posts/pfbid0woXsSIVQdweXLl5fb6UDnPaRxgtgbG7uSBbdm4Rcx7H6r8fOZQnegNBO,0,0,Photos,,,,,11/05/2022,,,0,0,0,0,0,0,,,,,
974780338139663,100064197037125,"PC Merchandise","客户 satisfied ✅ RYZEN 5 2600 build with RGB everything 🌈",,0,"11/21/2022 16:00",,https://www.facebook.com/pcmerchandise.co/posts/pfbid0woXsSIVQdweXLl5fb6UDnPaRxgtgbG7uSBbdm4Rcx7H6r8fOZQnegNBO,0,0,Photos,,,,,11/06/2022,,,0,0,0,0,0,0,,,,,
974780338139663,100064197037125,"PC Merchandise","客户 satisfied ✅ RYZEN 5 2600 build with RGB everything 🌈",,0,"11/21/2022 16:00",,https://www.facebook.com/pcmerchandise.co/posts/pfbid0woXsSIVQdweXLl5fb6UDnPaRxgtgbG7uSBbdm4Rcx7H6r8fOZQnegNBO,0,0,Photos,,,,,11/07/2022,,,0,0,0,0,0,0,,,,,
974780338139663,100064197037125,"PC Merchandise","客户 satisfied ✅ RYZEN 5 2600 build with RGB everything 🌈",,0,"11/21/2022 16:00",,https://www.facebook.com/pcmerchandise.co/posts/pfbid0woXsSIVQdweXLl5fb6UDnPaRxgtgbG7uSBbdm4Rcx7H6r8fOZQnegNBO,0,0,Photos,,,,,11/08/2022,,,0,0,0,0,0,0,,,,,
974780338139663,100064197037125,"PC Merchandise","客户 satisfied ✅ RYZEN 5 2600 build with RGB everything 🌈",,0,"11/21/2022 16:00",,https://www.facebook.com/pcmerchandise.co/posts/pfbid0woXsSIVQdweXLl5fb6UDnPaRxgtgbG7uSBbdm4Rcx7H6r8fOZQnegNBO,0,0,Photos,,,,,11/09/2022,,,0,0,0,0,0,0,,,,,
974780338139663,100064197037125,"PC Merchandise","客户 satisfied ✅ RYZEN 5 2600 build with RGB everything 🌈",,0,"11/21/2022 16:00",,https://www.facebook.com/pcmerchandise.co/posts/pfbid0woXsSIVQdweXLl5fb6UDnPaRxgtgbG7uSBbdm4Rcx7H6r8fOZQnegNBO,0,0,Photos,,,,,11/10/2022,,,0,0,0,0,0,0,,,,,
974780338139663,100064197037125,"PC Merchandise","客户 satisfied ✅ RYZEN 5 2600 build with RGB everything 🌈",,0,"11/21/2022 16:00",,https://www.facebook.com/pcmerchandise.co/posts/pfbid0woXsSIVQdweXLl5fb6UDnPaRxgtgbG7uSBbdm4Rcx7H6r8fOZQnegNBO,0,0,Photos,,,,,11/11/2022,,,0,0,0,0,0,0,,,,,
974780338139663,100064197037125,"PC Merchandise","客户 satisfied ✅ RYZEN 5 2600 build with RGB everything 🌈",,0,"11/21/2022 16:00",,https://www.facebook.com/pcmerchandise.co/posts/pfbid0woXsSIVQdweXLl5fb6UDnPaRxgtgbG7uSBbdm4Rcx7H6r8fOZQnegNBO,0,0,Photos,,,,,11/12/2022,,,0,0,0,0,0,0,,,,,
974780338139663,100064197037125,"PC Merchandise","客户 satisfied ✅ RYZEN 5 2600 build with RGB everything 🌈",,0,"11/21/2022 16:00",,https://www.facebook.com/pcmerchandise.co/posts/pfbid0woXsSIVQdweXLl5fb6UDnPaRxgtgbG7uSBbdm4Rcx7H6r8fOZQnegNBO,0,0,Photos,,,,,11/13/2022,,,0,0,0,0,0,0,,,,,
974780338139663,100064197037125,"PC Merchandise","客户 satisfied ✅ RYZEN 5 2600 build with RGB everything 🌈",,0,"11/21/2022 16:00",,https://www.facebook.com/pcmerchandise.co/posts/pfbid0woXsSIVQdweXLl5fb6UDnPaRxgtgbG7uSBbdm4Rcx7H6r8fOZQnegNBO,0,0,Photos,,,,,11/14/2022,,,0,0,0,0,0,0,,,,,
974780338139663,100064197037125,"PC Merchandise","客户 satisfied ✅ RYZEN 5 2600 build with RGB everything 🌈",,0,"11/21/2022 16:00",,https://www.facebook.com/pcmerchandise.co/posts/pfbid0woXsSIVQdweXLl5fb6UDnPaRxgtgbG7uSBbdm4Rcx7H6r8fOZQnegNBO,0,0,Photos,,,,,11/15/2022,,,0,0,0,0,0,0,,,,,
974780338139663,100064197037125,"PC Merchandise","客户 satisfied ✅ RYZEN 5 2600 build with RGB everything 🌈",,0,"11/21/2022 16:00",,https://www.facebook.com/pcmerchandise.co/posts/pfbid0woXsSIVQdweXLl5fb6UDnPaRxgtgbG7uSBbdm4Rcx7H6r8fOZQnegNBO,0,0,Photos,,,,,11/16/2022,,,0,0,0,0,0,0,,,,,
974780338139663,100064197037125,"PC Merchandise","客户 satisfied ✅ RYZEN 5 2600 build with RGB everything 🌈",,0,"11/21/2022 16:00",,https://www.facebook.com/pcmerchandise.co/posts/pfbid0woXsSIVQdweXLl5fb6UDnPaRxgtgbG7uSBbdm4Rcx7H6r8fOZQnegNBO,0,0,Photos,,,,,11/17/2022,,,0,0,0,0,0,0,,,,,
974780338139663,100064197037125,"PC Merchandise","客户 satisfied ✅ RYZEN 5 2600 build with RGB everything 🌈",,0,"11/21/2022 16:00",,https://www.facebook.com/pcmerchandise.co/posts/pfbid0woXsSIVQdweXLl5fb6UDnPaRxgtgbG7uSBbdm4Rcx7H6r8fOZQnegNBO,0,0,Photos,,,,,11/18/2022,,,0,0,0,0,0,0,,,,,
974780338139663,100064197037125,"PC Merchandise","客户 satisfied ✅ RYZEN 5 2600 build with RGB everything 🌈",,0,"11/21/2022 16:00",,https://www.facebook.com/pcmerchandise.co/posts/pfbid0woXsSIVQdweXLl5fb6UDnPaRxgtgbG7uSBbdm4Rcx7H6r8fOZQnegNBO,0,0,Photos,,,,,11/19/2022,,,0,0,0,0,0,0,,,,,
974780338139663,100064197037125,"PC Merchandise","客户 satisfied ✅ RYZEN 5 2600 build with RGB everything 🌈",,0,"11/21/2022 16:00",,https://www.facebook.com/pcmerchandise.co/posts/pfbid0woXsSIVQdweXLl5fb6UDnPaRxgtgbG7uSBbdm4Rcx7H6r8fOZQnegNBO,0,0,Photos,,,,,11/20/2022,,,0,0,0,0,0,0,,,,,
974780338139663,100064197037125,"PC Merchandise","客户 satisfied ✅ RYZEN 5 2600 build with RGB everything 🌈",,0,"11/21/2022 16:00",,https://www.facebook.com/pcmerchandise.co/posts/pfbid0woXsSIVQdweXLl5fb6UDnPaRxgtgbG7uSBbdm4Rcx7H6r8fOZQnegNBO,0,0,Photos,,,,,11/21/2022,,,0,0,0,0,0,0,,,,,
974780338139663,100064197037125,"PC Merchandise","客户 satisfied ✅ RYZEN 5 2600 build with RGB everything 🌈",,0,"11/21/2022 16:00",,https://www.facebook.com/pcmerchandise.co/posts/pfbid0woXsSIVQdweXLl5fb6UDnPaRxgtgbG7uSBbdm4Rcx7H6r8fOZQnegNBO,0,0,Photos,,,,,11/22/2022,,,0,0,0,0,0,0,,,,,
974780338139663,100064197037125,"PC Merchandise","客户 satisfied ✅ RYZEN 5 2600 build with RGB everything 🌈",,0,"11/21/2022 16:00",,https://www.facebook.com/pcmerchandise.co/posts/pfbid0woXsSIVQdweXLl5fb6UDnPaRxgtgbG7uSBbdm4Rcx7H6r8fOZQnegNBO,0,0,Photos,,,,,11/23/2022,,,0,0,0,0,0,0,,,,,
974780338139663,100064197037125,"PC Merchandise","客户 satisfied ✅ RYZEN 5 2600 build with RGB everything 🌈",,0,"11/21/2022 16:00",,https://www.facebook.com/pcmerchandise.co/posts/pfbid0woXsSIVQdweXLl5fb6UDnPaRxgtgbG7uSBbdm4Rcx7H6r8fOZQnegNBO,0,0,Photos,,,,,11/24/2022,,,0,0,0,0,0,0,,,,,
974780338139663,100064197037125,"PC Merchandise","客户 satisfied ✅ RYZEN 5 2600 build with RGB everything 🌈",,0,"11/21/2022 16:00",,https://www.facebook.com/pcmerchandise.co/posts/pfbid0woXsSIVQdweXLl5fb6UDnPaRxgtgbG7uSBbdm4Rcx7H6r8fOZQnegNBO,0,0,Photos,,,,,11/25/2022,,,0,0,0,0,0,0,,,,,
974780338139663,100064197037125,"PC Merchandise","客户 satisfied ✅ RYZEN 5 2600 build with RGB everything 🌈",,0,"11/21/2022 16:00",,https://www.facebook.com/pcmerchandise.co/posts/pfbid0woXsSIVQdweXLl5fb6UDnPaRxgtgbG7uSBbdm4Rcx7H6r8fOZQnegNBO,0,0,Photos,,,,,11/26/2022,,,0,0,0,0,0,0,,,,,
974780338139663,100064197037125,"PC Merchandise","客户 satisfied ✅ RYZEN 5 2600 build with RGB everything 🌈",,0,"11/21/2022 16:00",,https://www.facebook.com/pcmerchandise.co/posts/pfbid0woXsSIVQdweXLl5fb6UDnPaRxgtgbG7uSBbdm4Rcx7H6r8fOZQnegNBO,0,0,Photos,,,,,11/27/2022,,,0,0,0,0,0,0,,,,,
974780338139663,100064197037125,"PC Merchandise","客户 satisfied ✅ RYZEN 5 2600 build with RGB everything 🌈",,0,"11/21/2022 16:00",,https://www.facebook.com/pcmerchandise.co/posts/pfbid0woXsSIVQdweXLl5fb6UDnPaRxgtgbG7uSBbdm4Rcx7H6r8fOZQnegNBO,0,0,Photos,,,,,11/28/2022,,,0,0,0,0,0,0,,,,,
974780338139663,100064197037125,"PC Merchandise","客户 satisfied ✅ RYZEN 5 2600 build with RGB everything 🌈",,0,"11/21/2022 16:00",,https://www.facebook.com/pcmerchandise.co/posts/pfbid0woXsSIVQdweXLl5fb6UDnPaRxgtgbG7uSBbdm4Rcx7H6r8fOZQnegNBO,0,0,Photos,,,,,11/29/2022,,,0,0,0,0,0,0,,,,,
974780338139663,100064197037125,"PC Merchandise","客户 satisfied ✅ RYZEN 5 2600 build with RGB everything 🌈",,0,"11/21/2022 16:00",,https://www.facebook.com/pcmerchandise.co/posts/pfbid0woXsSIVQdweXLl5fb6UDnPaRxgtgbG7uSBbdm4Rcx7H6r8fOZQnegNBO,0,0,Photos,,,,,11/30/2022,,,0,0,0,0,0,0,,,,,
974950700187242,100064197037125,"PC Merchandise","Another comshop delivered! 8 units RYZEN 5 2600 para sa bagong negosyo ni DENNIS 💪",,0,"11/19/2022 19:15",,https://www.facebook.com/pcmerchandise.co/posts/pfbid0PBzCM8DzrKGrN5qpQJTRuVlORxrTOEp5a97Z3a5Q7Wb5beisWrj8MmxT,0,0,Photos,,,,,11/30/2022,0,,,,,,,,,,,,
974950700187242,100064197037125,"PC Merchandise","Another comshop delivered! 8 units RYZEN 5 2600 para sa bagong negosyo ni DENNIS 💪",,0,"11/19/2022 19:15",,https://www.facebook.com/pcmerchandise.co/posts/pfbid0PBzCM8DzrKGrN5qpQJTRuVlORxrTOEp5a97Z3a5Q7Wb5beisWrj8MmxT,0,0,Photos,,,,,11/01/2022,,,0,0,0,0,0,0,,,,,
974950700187242,100064197037125,"PC Merchandise","Another comshop delivered! 8 units RYZEN 5 2600 para sa bagong negosyo ni DENNIS 💪",,0,"11/19/2022 19:15",,https://www.facebook.com/pcmerchandise.co/posts/pfbid0PBzCM8DzrKGrN5qpQJTRuVlORxrTOEp5a97Z3a5Q7Wb5beisWrj8MmxT,0,0,Photos,,,,,11/02/2022,,,0,0,0,0,0,0,,,,,
974950700187242,100064197037125,"PC Merchandise","Another comshop delivered! 8 units RYZEN 5 2600 para sa bagong negosyo ni DENNIS 💪",,0,"11/19/2022 19:15",,https://www.facebook.com/pcmerchandise.co/posts/pfbid0PBzCM8DzrKGrN5qpQJTRuVlORxrTOEp5a97Z3a5Q7Wb5beisWrj8MmxT,0,0,Photos,,,,,11/03/2022,,,0,0,0,0,0,0,,,,,
974950700187242,100064197037125,"PC Merchandise","Another comshop delivered! 8 units RYZEN 5 2600 para sa bagong negosyo ni DENNIS 💪",,0,"11/19/2022 19:15",,https://www.facebook.com/pcmerchandise.co/posts/pfbid0PBzCM8DzrKGrN5qpQJTRuVlORxrTOEp5a97Z3a5Q7Wb5beisWrj8MmxT,0,0,Photos,,,,,11/04/2022,,,0,0,0,0,0,0,,,,,
974950700187242,100064197037125,"PC Merchandise","Another comshop delivered! 8 units RYZEN 5 2600 para sa bagong negosyo ni DENNIS 💪",,0,"11/19/2022 19:15",,https://www.facebook.com/pcmerchandise.co/posts/pfbid0PBzCM8DzrKGrN5qpQJTRuVlORxrTOEp5a97Z3a5Q7Wb5beisWrj8MmxT,0,0,Photos,,,,,11/05/2022,,,0,0,0,0,0,0,,,,,
974950700187242,100064197037125,"PC Merchandise","Another comshop delivered! 8 units RYZEN 5 2600 para sa bagong negosyo ni DENNIS 💪",,0,"11/19/2022 19:15",,https://www.facebook.com/pcmerchandise.co/posts/pfbid0PBzCM8DzrKGrN5qpQJTRuVlORxrTOEp5a97Z3a5Q7Wb5beisWrj8MmxT,0,0,Photos,,,,,11/06/2022,,,0,0,0,0,0,0,,,,,
974950700187242,100064197037125,"PC Merchandise","Another comshop delivered! 8 units RYZEN 5 2600 para sa bagong negosyo ni DENNIS 💪",,0,"11/19/2022 19:15",,https://www.facebook.com/pcmerchandise.co/posts/pfbid0PBzCM8DzrKGrN5qpQJTRuVlORxrTOEp5a97Z3a5Q7Wb5beisWrj8MmxT,0,0,Photos,,,,,11/07/2022,,,0,0,0,0,0,0,,,,,
974950700187242,100064197037125,"PC Merchandise","Another comshop delivered! 8 units RYZEN 5 2600 para sa bagong negosyo ni DENNIS 💪",,0,"11/19/2022 19:15",,https://www.facebook.com/pcmerchandise.co/posts/pfbid0PBzCM8DzrKGrN5qpQJTRuVlORxrTOEp5a97Z3a5Q7Wb5beisWrj8MmxT,0,0,Photos,,,,,11/08/2022,,,0,0,0,0,0,0,,,,,
974950700187242,100064197037125,"PC Merchandise","Another comshop delivered! 8 units RYZEN 5 2600 para sa bagong negosyo ni DENNIS 💪",,0,"11/19/2022 19:15",,https://www.facebook.com/pcmerchandise.co/posts/pfbid0PBzCM8DzrKGrN5qpQJTRuVlORxrTOEp5a97Z3a5Q7Wb5beisWrj8MmxT,0,0,Photos,,,,,11/09/2022,,,0,0,0,0,0,0,,,,,
974950700187242,100064197037125,"PC Merchandise","Another comshop delivered! 8 units RYZEN 5 2600 para sa bagong negosyo ni DENNIS 💪",,0,"11/19/2022 19:15",,https://www.facebook.com/pcmerchandise.co/posts/pfbid0PBzCM8DzrKGrN5qpQJTRuVlORxrTOEp5a97Z3a5Q7Wb5beisWrj8MmxT,0,0,Photos,,,,,11/10/2022,,,0,0,0,0,0,0,,,,,
974950700187242,100064197037125,"PC Merchandise","Another comshop delivered! 8 units RYZEN 5 2600 para sa bagong negosyo ni DENNIS 💪",,0,"11/19/2022 19:15",,https://www.facebook.com/pcmerchandise.co/posts/pfbid0PBzCM8DzrKGrN5qpQJTRuVlORxrTOEp5a97Z3a5Q7Wb5beisWrj8MmxT,0,0,Photos,,,,,11/11/2022,,,0,0,0,0,0,0,,,,,
974950700187242,100064197037125,"PC Merchandise","Another comshop delivered! 8 units RYZEN 5 2600 para sa bagong negosyo ni DENNIS 💪",,0,"11/19/2022 19:15",,https://www.facebook.com/pcmerchandise.co/posts/pfbid0PBzCM8DzrKGrN5qpQJTRuVlORxrTOEp5a97Z3a5Q7Wb5beisWrj8MmxT,0,0,Photos,,,,,11/12/2022,,,0,0,0,0,0,0,,,,,
974950700187242,100064197037125,"PC Merchandise","Another comshop delivered! 8 units RYZEN 5 2600 para sa bagong negosyo ni DENNIS 💪",,0,"11/19/2022 19:15",,https://www.facebook.com/pcmerchandise.co/posts/pfbid0PBzCM8DzrKGrN5qpQJTRuVlORxrTOEp5a97Z3a5Q7Wb5beisWrj8MmxT,0,0,Photos,,,,,11/13/2022,,,0,0,0,0,0,0,,,,,
974950700187242,100064197037125,"PC Merchandise","Another comshop delivered! 8 units RYZEN 5 2600 para sa bagong negosyo ni DENNIS 💪",,0,"11/19/2022 19:15",,https://www.facebook.com/pcmerchandise.co/posts/pfbid0PBzCM8DzrKGrN5qpQJTRuVlORxrTOEp5a97Z3a5Q7Wb5beisWrj8MmxT,0,0,Photos,,,,,11/14/2022,,,0,0,0,0,0,0,,,,,
974950700187242,100064197037125,"PC Merchandise","Another comshop delivered! 8 units RYZEN 5 2600 para sa bagong negosyo ni DENNIS 💪",,0,"11/19/2022 19:15",,https://www.facebook.com/pcmerchandise.co/posts/pfbid0PBzCM8DzrKGrN5qpQJTRuVlORxrTOEp5a97Z3a5Q7Wb5beisWrj8MmxT,0,0,Photos,,,,,11/15/2022,,,0,0,0,0,0,0,,,,,
974950700187242,100064197037125,"PC Merchandise","Another comshop delivered! 8 units RYZEN 5 2600 para sa bagong negosyo ni DENNIS 💪",,0,"11/19/2022 19:15",,https://www.facebook.com/pcmerchandise.co/posts/pfbid0PBzCM8DzrKGrN5qpQJTRuVlORxrTOEp5a97Z3a5Q7Wb5beisWrj8MmxT,0,0,Photos,,,,,11/16/2022,,,0,0,0,0,0,0,,,,,
974950700187242,100064197037125,"PC Merchandise","Another comshop delivered! 8 units RYZEN 5 2600 para sa bagong negosyo ni DENNIS 💪",,0,"11/19/2022 19:15",,https://www.facebook.com/pcmerchandise.co/posts/pfbid0PBzCM8DzrKGrN5qpQJTRuVlORxrTOEp5a97Z3a5Q7Wb5beisWrj8MmxT,0,0,Photos,,,,,11/17/2022,,,0,0,0,0,0,0,,,,,
974950700187242,100064197037125,"PC Merchandise","Another comshop delivered! 8 units RYZEN 5 2600 para sa bagong negosyo ni DENNIS 💪",,0,"11/19/2022 19:15",,https://www.facebook.com/pcmerchandise.co/posts/pfbid0PBzCM8DzrKGrN5qpQJTRuVlORxrTOEp5a97Z3a5Q7Wb5beisWrj8MmxT,0,0,Photos,,,,,11/18/2022,,,0,0,0,0,0,0,,,,,
974950700187242,100064197037125,"PC Merchandise","Another comshop delivered! 8 units RYZEN 5 2600 para sa bagong negosyo ni DENNIS 💪",,0,"11/19/2022 19:15",,https://www.facebook.com/pcmerchandise.co/posts/pfbid0PBzCM8DzrKGrN5qpQJTRuVlORxrTOEp5a97Z3a5Q7Wb5beisWrj8MmxT,0,0,Photos,,,,,11/19/2022,,,0,0,0,0,0,0,,,,,
974950700187242,100064197037125,"PC Merchandise","Another comshop delivered! 8 units RYZEN 5 2600 para sa bagong negosyo ni DENNIS 💪",,0,"11/19/2022 19:15",,https://www.facebook.com/pcmerchandise.co/posts/pfbid0PBzCM8DzrKGrN5qpQJTRuVlORxrTOEp5a97Z3a5Q7Wb5beisWrj8MmxT,0,0,Photos,,,,,11/20/2022,,,0,0,0,0,0,0,,,,,
974950700187242,100064197037125,"PC Merchandise","Another comshop delivered! 8 units RYZEN 5 2600 para sa bagong negosyo ni DENNIS 💪",,0,"11/19/2022 19:15",,https://www.facebook.com/pcmerchandise.co/posts/pfbid0PBzCM8DzrKGrN5qpQJTRuVlORxrTOEp5a97Z3a5Q7Wb5beisWrj8MmxT,0,0,Photos,,,,,11/21/2022,,,0,0,0,0,0,0,,,,,
974950700187242,100064197037125,"PC Merchandise","Another comshop delivered! 8 units RYZEN 5 2600 para sa bagong negosyo ni DENNIS 💪",,0,"11/19/2022 19:15",,https://www.facebook.com/pcmerchandise.co/posts/pfbid0PBzCM8DzrKGrN5qpQJTRuVlORxrTOEp5a97Z3a5Q7Wb5beisWrj8MmxT,0,0,Photos,,,,,11/22/2022,,,0,0,0,0,0,0,,,,,
974950700187242,100064197037125,"PC Merchandise","Another comshop delivered! 8 units RYZEN 5 2600 para sa bagong negosyo ni DENNIS 💪",,0,"11/19/2022 19:15",,https://www.facebook.com/pcmerchandise.co/posts/pfbid0PBzCM8DzrKGrN5qpQJTRuVlORxrTOEp5a97Z3a5Q7Wb5beisWrj8MmxT,0,0,Photos,,,,,11/23/2022,,,0,0,0,0,0,0,,,,,
974950700187242,100064197037125,"PC Merchandise","Another comshop delivered! 8 units RYZEN 5 2600 para sa bagong negosyo ni DENNIS 💪",,0,"11/19/2022 19:15",,https://www.facebook.com/pcmerchandise.co/posts/pfbid0PBzCM8DzrKGrN5qpQJTRuVlORxrTOEp5a97Z3a5Q7Wb5beisWrj8MmxT,0,0,Photos,,,,,11/24/2022,,,0,0,0,0,0,0,,,,,
974950700187242,100064197037125,"PC Merchandise","Another comshop delivered! 8 units RYZEN 5 2600 para sa bagong negosyo ni DENNIS 💪",,0,"11/19/2022 19:15",,https://www.facebook.com/pcmerchandise.co/posts/pfbid0PBzCM8DzrKGrN5qpQJTRuVlORxrTOEp5a97Z3a5Q7Wb5beisWrj8MmxT,0,0,Photos,,,,,11/25/2022,,,0,0,0,0,0,0,,,,,
974950700187242,100064197037125,"PC Merchandise","Another comshop delivered! 8 units RYZEN 5 2600 para sa bagong negosyo ni DENNIS 💪",,0,"11/19/2022 19:15",,https://www.facebook.com/pcmerchandise.co/posts/pfbid0PBzCM8DzrKGrN5qpQJTRuVlORxrTOEp5a97Z3a5Q7Wb5beisWrj8MmxT,0,0,Photos,,,,,11/26/2022,,,0,0,0,0,0,0,,,,,
974950700187242,100064197037125,"PC Merchandise","Another comshop delivered! 8 units RYZEN 5 2600 para sa bagong negosyo ni DENNIS 💪",,0,"11/19/2022 19:15",,https://www.facebook.com/pcmerchandise.co/posts/pfbid0PBzCM8DzrKGrN5qpQJTRuVlORxrTOEp5a97Z3a5Q7Wb5beisWrj8MmxT,0,0,Photos,,,,,11/27/2022,,,0,0,0,0,0,0,,,,,
974950700187242,100064197037125,"PC Merchandise","Another comshop delivered! 8 units RYZEN 5 2600 para sa bagong negosyo ni DENNIS 💪",,0,"11/19/2022 19:15",,https://www.facebook.com/pcmerchandise.co/posts/pfbid0PBzCM8DzrKGrN5qpQJTRuVlORxrTOEp5a97Z3a5Q7Wb5beisWrj8MmxT,0,0,Photos,,,,,11/28/2022,,,0,0,0,0,0,0,,,,,
974950700187242,100064197037125,"PC Merchandise","Another comshop delivered! 8 units RYZEN 5 2600 para sa bagong negosyo ni DENNIS 💪",,0,"11/19/2022 19:15",,https://www.facebook.com/pcmerchandise.co/posts/pfbid0PBzCM8DzrKGrN5qpQJTRuVlORxrTOEp5a97Z3a5Q7Wb5beisWrj8MmxT,0,0,Photos,,,,,11/29/2022,,,0,0,0,0,0,0,,,,,
974950700187242,100064197037125,"PC Merchandise","Another comshop delivered! 8 units RYZEN 5 2600 para sa bagong negosyo ni DENNIS 💪",,0,"11/19/2022 19:15",,https://www.facebook.com/pcmerchandise.co/posts/pfbid0PBzCM8DzrKGrN5qpQJTRuVlORxrTOEp5a97Z3a5Q7Wb5beisWrj8MmxT,0,0,Photos,,,,,11/30/2022,,,0,0,0,0,0,0,,,,,
975080419720320,100064197037125,"PC Merchandise","𝐀𝐌𝟓 𝐁𝐮𝐢𝐥𝐝 𝐋𝐢𝐦𝐢𝐭𝐞𝐝 𝐒𝐚𝐥𝐞! 🚨
Experience next-gen performance with our latest builds. PM for pricelist!",,0,"11/19/2022 02:30",,https://www.facebook.com/pcmerchandise.co/posts/pfbid0NYJg6pORnNchWu1bntSVmDeswhsi0wpcmZMdR76HuuAo56gUlYHC90b3,0,0,Photos,,,,,11/30/2022,0,,,,,,,,,,,,
975080419720320,100064197037125,"PC Merchandise","𝐀𝐌𝟓 𝐁𝐮𝐢𝐥𝐝 𝐋𝐢𝐦𝐢𝐭𝐞𝐝 𝐒𝐚𝐥𝐞! 🚨
Experience next-gen performance with our latest builds. PM for pricelist!",,0,"11/19/2022 02:30",,https://www.facebook.com/pcmerchandise.co/posts/pfbid0NYJg6pORnNchWu1bntSVmDeswhsi0wpcmZMdR76HuuAo56gUlYHC90b3,0,0,Photos,,,,,11/01/2022,,,0,0,0,0,0,0,,,,,
975080419720320,100064197037125,"PC Merchandise","𝐀𝐌𝟓 𝐁𝐮𝐢𝐥𝐝 𝐋𝐢𝐦𝐢𝐭𝐞𝐝 𝐒𝐚𝐥𝐞! 🚨
Experience next-gen performance with our latest builds. PM for pricelist!",,0,"11/19/2022 02:30",,https://www.facebook.com/pcmerchandise.co/posts/pfbid0NYJg6pORnNchWu1bntSVmDeswhsi0wpcmZMdR76HuuAo56gUlYHC90b3,0,0,Photos,,,,,11/02/2022,,,0,0,0,0,0,0,,,,,
975080419720320,100064197037125,"PC Merchandise","𝐀𝐌𝟓 𝐁𝐮𝐢𝐥𝐝 𝐋𝐢𝐦𝐢𝐭𝐞𝐝 𝐒𝐚𝐥𝐞! 🚨
Experience next-gen performance with our latest builds. PM for pricelist!",,0,"11/19/2022 02:30",,https://www.facebook.com/pcmerchandise.co/posts/pfbid0NYJg6pORnNchWu1bntSVmDeswhsi0wpcmZMdR76HuuAo56gUlYHC90b3,0,0,Photos,,,,,11/03/2022,,,0,0,0,0,0,0,,,,,
975080419720320,100064197037125,"PC Merchandise","𝐀𝐌𝟓 𝐁𝐮𝐢𝐥𝐝 𝐋𝐢𝐦𝐢𝐭𝐞𝐝 𝐒𝐚𝐥𝐞! 🚨
Experience next-gen performance with our latest builds. PM for pricelist!",,0,"11/19/2022 02:30",,https://www.facebook.com/pcmerchandise.co/posts/pfbid0NYJg6pORnNchWu1bntSVmDeswhsi0wpcmZMdR76HuuAo56gUlYHC90b3,0,0,Photos,,,,,11/04/2022,,,0,0,0,0,0,0,,,,,
975080419720320,100064197037125,"PC Merchandise","𝐀𝐌𝟓 𝐁𝐮𝐢𝐥𝐝 𝐋𝐢𝐦𝐢𝐭𝐞𝐝 𝐒𝐚𝐥𝐞! 🚨
Experience next-gen performance with our latest builds. PM for pricelist!",,0,"11/19/2022 02:30",,https://www.facebook.com/pcmerchandise.co/posts/pfbid0NYJg6pORnNchWu1bntSVmDeswhsi0wpcmZMdR76HuuAo56gUlYHC90b3,0,0,Photos,,,,,11/05/2022,,,0,0,0,0,0,0,,,,,
975080419720320,100064197037125,"PC Merchandise","𝐀𝐌𝟓 𝐁𝐮𝐢𝐥𝐝 𝐋𝐢𝐦𝐢𝐭𝐞𝐝 𝐒𝐚𝐥𝐞! 🚨
Experience next-gen performance with our latest builds. PM for pricelist!",,0,"11/19/2022 02:30",,https://www.facebook.com/pcmerchandise.co/posts/pfbid0NYJg6pORnNchWu1bntSVmDeswhsi0wpcmZMdR76HuuAo56gUlYHC90b3,0,0,Photos,,,,,11/06/2022,,,0,0,0,0,0,0,,,,,
975080419720320,100064197037125,"PC Merchandise","𝐀𝐌𝟓 𝐁𝐮𝐢𝐥𝐝 𝐋𝐢𝐦𝐢𝐭𝐞𝐝 𝐒𝐚𝐥𝐞! 🚨
Experience next-gen performance with our latest builds. PM for pricelist!",,0,"11/19/2022 02:30",,https://www.facebook.com/pcmerchandise.co/posts/pfbid0NYJg6pORnNchWu1bntSVmDeswhsi0wpcmZMdR76HuuAo56gUlYHC90b3,0,0,Photos,,,,,11/07/2022,,,0,0,0,0,0,0,,,,,
975080419720320,100064197037125,"PC Merchandise","𝐀𝐌𝟓 𝐁𝐮𝐢𝐥𝐝 𝐋𝐢𝐦𝐢𝐭𝐞𝐝 𝐒𝐚𝐥𝐞! 🚨
Experience next-gen performance with our latest builds. PM for pricelist!",,0,"11/19/2022 02:30",,https://www.facebook.com/pcmerchandise.co/posts/pfbid0NYJg6pORnNchWu1bntSVmDeswhsi0wpcmZMdR76HuuAo56gUlYHC90b3,0,0,Photos,,,,,11/08/2022,,,0,0,0,0,0,0,,,,,
975080419720320,100064197037125,"PC Merchandise","𝐀𝐌𝟓 𝐁𝐮𝐢𝐥𝐝 𝐋𝐢𝐦𝐢𝐭𝐞𝐝 𝐒𝐚𝐥𝐞! 🚨
Experience next-gen performance with our latest builds. PM for pricelist!",,0,"11/19/2022 02:30",,https://www.facebook.com/pcmerchandise.co/posts/pfbid0NYJg6pORnNchWu1bntSVmDeswhsi0wpcmZMdR76HuuAo56gUlYHC90b3,0,0,Photos,,,,,11/09/2022,,,0,0,0,0,0,0,,,,,
975080419720320,100064197037125,"PC Merchandise","𝐀𝐌𝟓 𝐁𝐮𝐢𝐥𝐝 𝐋𝐢𝐦𝐢𝐭𝐞𝐝 𝐒𝐚𝐥𝐞! 🚨
Experience next-gen performance with our latest builds. PM for pricelist!",,0,"11/19/2022 02:30",,https://www.facebook.com/pcmerchandise.co/posts/pfbid0NYJg6pORnNchWu1bntSVmDeswhsi0wpcmZMdR76HuuAo56gUlYHC90b3,0,0,Photos,,,,,11/10/2022,,,0,0,0,0,0,0,,,,,
975080419720320,100064197037125,"PC Merchandise","𝐀𝐌𝟓 𝐁𝐮𝐢𝐥𝐝 𝐋𝐢𝐦𝐢𝐭𝐞𝐝 𝐒𝐚𝐥𝐞! 🚨
Experience next-gen performance with our latest builds. PM for pricelist!",,0,"11/19/2022 02:30",,https://www.facebook.com/pcmerchandise.co/posts/pfbid0NYJg6pORnNchWu1bntSVmDeswhsi0wpcmZMdR76HuuAo56gUlYHC90b3,0,0,Photos,,,,,11/11/2022,,,0,0,0,0,0,0,,,,,
975080419720320,100064197037125,"PC Merchandise","𝐀𝐌𝟓 𝐁𝐮𝐢𝐥𝐝 𝐋𝐢𝐦𝐢𝐭𝐞𝐝 𝐒𝐚𝐥𝐞! 🚨
Experience next-gen performance with our latest builds. PM for pricelist!",,0,"11/19/2022 02:30",,https://www.facebook.com/pcmerchandise.co/posts/pfbid0NYJg6pORnNchWu1bntSVmDeswhsi0wpcmZMdR76HuuAo56gUlYHC90b3,0,0,Photos,,,,,11/12/2022,,,0,0,0,0,0,0,,,,,
975080419720320,100064197037125,"PC Merchandise","𝐀𝐌𝟓 𝐁𝐮𝐢𝐥𝐝 𝐋𝐢𝐦𝐢𝐭𝐞𝐝 𝐒𝐚𝐥𝐞! 🚨
Experience next-gen performance with our latest builds. PM for pricelist!",,0,"11/19/2022 02:30",,https://www.facebook.com/pcmerchandise.co/posts/pfbid0NYJg6pORnNchWu1bntSVmDeswhsi0wpcmZMdR76HuuAo56gUlYHC90b3,0,0,Photos,,,,,11/13/2022,,,0,0,0,0,0,0,,,,,
975080419720320,100064197037125,"PC Merchandise","𝐀𝐌𝟓 𝐁𝐮𝐢𝐥𝐝 𝐋𝐢𝐦𝐢𝐭𝐞𝐝 𝐒𝐚𝐥𝐞! 🚨
Experience next-gen performance with our latest builds. PM for pricelist!",,0,"11/19/2022 02:30",,https://www.facebook.com/pcmerchandise.co/posts/pfbid0NYJg6pORnNchWu1bntSVmDeswhsi0wpcmZMdR76HuuAo56gUlYHC90b3,0,0,Photos,,,,,11/14/2022,,,0,0,0,0,0,0,,,,,
975080419720320,100064197037125,"PC Merchandise","𝐀𝐌𝟓 𝐁𝐮𝐢𝐥𝐝 𝐋𝐢𝐦𝐢𝐭𝐞𝐝 𝐒𝐚𝐥𝐞! 🚨
Experience next-gen performance with our latest builds. PM for pricelist!",,0,"11/19/2022 02:30",,https://www.facebook.com/pcmerchandise.co/posts/pfbid0NYJg6pORnNchWu1bntSVmDeswhsi0wpcmZMdR76HuuAo56gUlYHC90b3,0,0,Photos,,,,,11/15/2022,,,0,0,0,0,0,0,,,,,
975080419720320,100064197037125,"PC Merchandise","𝐀𝐌𝟓 𝐁𝐮𝐢𝐥𝐝 𝐋𝐢𝐦𝐢𝐭𝐞𝐝 𝐒𝐚𝐥𝐞! 🚨
Experience next-gen performance with our latest builds. PM for pricelist!",,0,"11/19/2022 02:30",,https://www.facebook.com/pcmerchandise.co/posts/pfbid0NYJg6pORnNchWu1bntSVmDeswhsi0wpcmZMdR76HuuAo56gUlYHC90b3,0,0,Photos,,,,,11/16/2022,,,0,0,0,0,0,0,,,,,
975080419720320,100064197037125,"PC Merchandise","𝐀𝐌𝟓 𝐁𝐮𝐢𝐥𝐝 𝐋𝐢𝐦𝐢𝐭𝐞𝐝 𝐒𝐚𝐥𝐞! 🚨
Experience next-gen performance with our latest builds. PM for pricelist!",,0,"11/19/2022 02:30",,https://www.facebook.com/pcmerchandise.co/posts/pfbid0NYJg6pORnNchWu1bntSVmDeswhsi0wpcmZMdR76HuuAo56gUlYHC90b3,0,0,Photos,,,,,11/17/2022,,,0,0,0,0,0,0,,,,,
975080419720320,100064197037125,"PC Merchandise","𝐀𝐌𝟓 𝐁𝐮𝐢𝐥𝐝 𝐋𝐢𝐦𝐢𝐭𝐞𝐝 𝐒𝐚𝐥𝐞! 🚨
Experience next-gen performance with our latest builds. PM for pricelist!",,0,"11/19/2022 02:30",,https://www.facebook.com/pcmerchandise.co/posts/pfbid0NYJg6pORnNchWu1bntSVmDeswhsi0wpcmZMdR76HuuAo56gUlYHC90b3,0,0,Photos,,,,,11/18/2022,,,0,0,0,0,0,0,,,,,
975080419720320,100064197037125,"PC Merchandise","𝐀𝐌𝟓 𝐁𝐮𝐢𝐥𝐝 𝐋𝐢𝐦𝐢𝐭𝐞𝐝 𝐒𝐚𝐥𝐞! 🚨
Experience next-gen performance with our latest builds. PM for pricelist!",,0,"11/19/2022 02:30",,https://www.facebook.com/pcmerchandise.co/posts/pfbid0NYJg6pORnNchWu1bntSVmDeswhsi0wpcmZMdR76HuuAo56gUlYHC90b3,0,0,Photos,,,,,11/19/2022,,,0,0,0,0,0,0,,,,,
975080419720320,100064197037125,"PC Merchandise","𝐀𝐌𝟓 𝐁𝐮𝐢𝐥𝐝 𝐋𝐢𝐦𝐢𝐭𝐞𝐝 𝐒𝐚𝐥𝐞! 🚨
Experience next-gen performance with our latest builds. PM for pricelist!",,0,"11/19/2022 02:30",,https://www.facebook.com/pcmerchandise.co/posts/pfbid0NYJg6pORnNchWu1bntSVmDeswhsi0wpcmZMdR76HuuAo56gUlYHC90b3,0,0,Photos,,,,,11/20/2022,,,0,0,0,0,0,0,,,,,
975080419720320,100064197037125,"PC Merchandise","𝐀𝐌𝟓 𝐁𝐮𝐢𝐥𝐝 𝐋𝐢𝐦𝐢𝐭𝐞𝐝 𝐒𝐚𝐥𝐞! 🚨
Experience next-gen performance with our latest builds. PM for pricelist!",,0,"11/19/2022 02:30",,https://www.facebook.com/pcmerchandise.co/posts/pfbid0NYJg6pORnNchWu1bntSVmDeswhsi0wpcmZMdR76HuuAo56gUlYHC90b3,0,0,Photos,,,,,11/21/2022,,,0,0,0,0,0,0,,,,,
975080419720320,100064197037125,"PC Merchandise","𝐀𝐌𝟓 𝐁𝐮𝐢𝐥𝐝 𝐋𝐢𝐦𝐢𝐭𝐞𝐝 𝐒𝐚𝐥𝐞! 🚨
Experience next-gen performance with our latest builds. PM for pricelist!",,0,"11/19/2022 02:30",,https://www.facebook.com/pcmerchandise.co/posts/pfbid0NYJg6pORnNchWu1bntSVmDeswhsi0wpcmZMdR76HuuAo56gUlYHC90b3,0,0,Photos,,,,,11/22/2022,,,0,0,0,0,0,0,,,,,
975080419720320,100064197037125,"PC Merchandise","𝐀𝐌𝟓 𝐁𝐮𝐢𝐥𝐝 𝐋𝐢𝐦𝐢𝐭𝐞𝐝 𝐒𝐚𝐥𝐞! 🚨
Experience next-gen performance with our latest builds. PM for pricelist!",,0,"11/19/2022 02:30",,https://www.facebook.com/pcmerchandise.co/posts/pfbid0NYJg6pORnNchWu1bntSVmDeswhsi0wpcmZMdR76HuuAo56gUlYHC90b3,0,0,Photos,,,,,11/23/2022,,,0,0,0,0,0,0,,,,,
975080419720320,100064197037125,"PC Merchandise","𝐀𝐌𝟓 𝐁𝐮𝐢𝐥𝐝 𝐋𝐢𝐦𝐢𝐭𝐞𝐝 𝐒𝐚𝐥𝐞! 🚨
Experience next-gen performance with our latest builds. PM for pricelist!",,0,"11/19/2022 02:30",,https://www.facebook.com/pcmerchandise.co/posts/pfbid0NYJg6pORnNchWu1bntSVmDeswhsi0wpcmZMdR76HuuAo56gUlYHC90b3,0,0,Photos,,,,,11/24/2022,,,0,0,0,0,0,0,,,,,
975080419720320,100064197037125,"PC Merchandise","𝐀𝐌𝟓 𝐁𝐮𝐢𝐥𝐝 𝐋𝐢𝐦𝐢𝐭𝐞𝐝 𝐒𝐚𝐥𝐞! 🚨
Experience next-gen performance with our latest builds. PM for pricelist!",,0,"11/19/2022 02:30",,https://www.facebook.com/pcmerchandise.co/posts/pfbid0NYJg6pORnNchWu1bntSVmDeswhsi0wpcmZMdR76HuuAo56gUlYHC90b3,0,0,Photos,,,,,11/25/2022,,,0,0,0,0,0,0,,,,,
975080419720320,100064197037125,"PC Merchandise","𝐀𝐌𝟓 𝐁𝐮𝐢𝐥𝐝 𝐋𝐢𝐦𝐢𝐭𝐞𝐝 𝐒𝐚𝐥𝐞! 🚨
Experience next-gen performance with our latest builds. PM for pricelist!",,0,"11/19/2022 02:30",,https://www.facebook.com/pcmerchandise.co/posts/pfbid0NYJg6pORnNchWu1bntSVmDeswhsi0wpcmZMdR76HuuAo56gUlYHC90b3,0,0,Photos,,,,,11/26/2022,,,0,0,0,0,0,0,,,,,
975080419720320,100064197037125,"PC Merchandise","𝐀𝐌𝟓 𝐁𝐮𝐢𝐥𝐝 𝐋𝐢𝐦𝐢𝐭𝐞𝐝 𝐒𝐚𝐥𝐞! 🚨
Experience next-gen performance with our latest builds. PM for pricelist!",,0,"11/19/2022 02:30",,https://www.facebook.com/pcmerchandise.co/posts/pfbid0NYJg6pORnNchWu1bntSVmDeswhsi0wpcmZMdR76HuuAo56gUlYHC90b3,0,0,Photos,,,,,11/27/2022,,,0,0,0,0,0,0,,,,,
975080419720320,100064197037125,"PC Merchandise","𝐀𝐌𝟓 𝐁𝐮𝐢𝐥𝐝 𝐋𝐢𝐦𝐢𝐭𝐞𝐝 𝐒𝐚𝐥𝐞! 🚨
Experience next-gen performance with our latest builds. PM for pricelist!",,0,"11/19/2022 02:30",,https://www.facebook.com/pcmerchandise.co/posts/pfbid0NYJg6pORnNchWu1bntSVmDeswhsi0wpcmZMdR76HuuAo56gUlYHC90b3,0,0,Photos,,,,,11/28/2022,,,0,0,0,0,0,0,,,,,
975080419720320,100064197037125,"PC Merchandise","𝐀𝐌𝟓 𝐁𝐮𝐢𝐥𝐝 𝐋𝐢𝐦𝐢𝐭𝐞𝐝 𝐒𝐚𝐥𝐞! 🚨
Experience next-gen performance with our latest builds. PM for pricelist!",,0,"11/19/2022 02:30",,https://www.facebook.com/pcmerchandise.co/posts/pfbid0NYJg6pORnNchWu1bntSVmDeswhsi0wpcmZMdR76HuuAo56gUlYHC90b3,0,0,Photos,,,,,11/29/2022,,,0,0,0,0,0,0,,,,,
975080419720320,100064197037125,"PC Merchandise","𝐀𝐌𝟓 𝐁𝐮𝐢𝐥𝐝 𝐋𝐢𝐦𝐢𝐭𝐞𝐝 𝐒𝐚𝐥𝐞! 🚨
Experience next-gen performance with our latest builds. PM for pricelist!",,0,"11/19/2022 02:30",,https://www.facebook.com/pcmerchandise.co/posts/pfbid0NYJg6pORnNchWu1bntSVmDeswhsi0wpcmZMdR76HuuAo56gUlYHC90b3,0,0,Photos,,,,,11/30/2022,,,0,0,0,0,0,0,,,,,
974945220872207,100064197037125,"PC Merchandise","Free deliver within Lipa! RYZEN 5 3400G packages all-in na.",,54,"11/19/2022 02:00",uploaded,https://www.facebook.com/reel/1790661044387855/,0,0,Reels,,,,,11/01/2022,0,,,,,,0,0,0,0,0,0.000,6.348
974945220872207,100064197037125,"PC Merchandise","Free deliver within Lipa! RYZEN 5 3400G packages all-in na.",,54,"11/19/2022 02:00",uploaded,https://www.facebook.com/reel/1790661044387855/,0,0,Reels,,,,,11/02/2022,0,,,,,,0,0,0,0,0,0.000,8.919
974945220872207,100064197037125,"PC Merchandise","Free deliver within Lipa! RYZEN 5 3400G packages all-in na.",,54,"11/19/2022 02:00",uploaded,https://www.facebook.com/reel/1790661044387855/,0,0,Reels,,,,,11/03/2022,0,,,,,,0,0,0,0,0,0.000,8.282
974945220872207,100064197037125,"PC Merchandise","Free deliver within Lipa! RYZEN 5 3400G packages all-in na.",,54,"11/19/2022 02:00",uploaded,https://www.facebook.com/reel/1790661044387855/,0,0,Reels,,,,,11/04/2022,0,,,,,,0,0,0,0,0,0.000,8.121
974945220872207,100064197037125,"PC Merchandise","Free deliver within Lipa! RYZEN 5 3400G packages all-in na.",,54,"11/19/2022 02:00",uploaded,https://www.facebook.com/reel/1790661044387855/,0,0,Reels,,,,,11/05/2022,0,,,,,,0,0,0,0,0,0.000,6.943
974945220872207,100064197037125,"PC Merchandise","Free deliver within Lipa! RYZEN 5 3400G packages all-in na.",,54,"11/19/2022 02:00",uploaded,https://www.facebook.com/reel/1790661044387855/,0,0,Reels,,,,,11/06/2022,0,,,,,,0,0,0,0,0,0.000,6.501
974945220872207,100064197037125,"PC Merchandise","Free deliver within Lipa! RYZEN 5 3400G packages all-in na.",,54,"11/19/2022 02:00",uploaded,https://www.facebook.com/reel/1790661044387855/,0,0,Reels,,,,,11/07/2022,0,,,,,,0,0,0,0,0,0.000,6.587
974945220872207,100064197037125,"PC Merchandise","Free deliver within Lipa! RYZEN 5 3400G packages all-in na.",,54,"11/19/2022 02:00",uploaded,https://www.facebook.com/reel/1790661044387855/,0,0,Reels,,,,,11/08/2022,0,,,,,,0,0,0,0,0,0.000,7.331
974945220872207,100064197037125,"PC Merchandise","Free deliver within Lipa! RYZEN 5 3400G packages all-in na.",,54,"11/19/2022 02:00",uploaded,https://www.facebook.com/reel/1790661044387855/,0,0,Reels,,,,,11/09/2022,0,,,,,,0,0,0,0,0,0.000,7.828
974945220872207,100064197037125,"PC Merchandise","Free deliver within Lipa! RYZEN 5 3400G packages all-in na.",,54,"11/19/2022 02:00",uploaded,https://www.facebook.com/reel/1790661044387855/,0,0,Reels,,,,,11/10/2022,0,,,,,,0,0,0,0,0,0.000,6.183
974945220872207,100064197037125,"PC Merchandise","Free deliver within Lipa! RYZEN 5 3400G packages all-in na.",,54,"11/19/2022 02:00",uploaded,https://www.facebook.com/reel/1790661044387855/,0,0,Reels,,,,,11/11/2022,0,,,,,,0,0,0,0,0,0.000,6.769
974945220872207,100064197037125,"PC Merchandise","Free deliver within Lipa! RYZEN 5 3400G packages all-in na.",,54,"11/19/2022 02:00",uploaded,https://www.facebook.com/reel/1790661044387855/,0,0,Reels,,,,,11/12/2022,0,,,,,,0,0,0,0,0,0.000,6.954
974945220872207,100064197037125,"PC Merchandise","Free deliver within Lipa! RYZEN 5 3400G packages all-in na.",,54,"11/19/2022 02:00",uploaded,https://www.facebook.com/reel/1790661044387855/,0,0,Reels,,,,,11/13/2022,0,,,,,,0,0,0,0,0,0.000,6.439
974945220872207,100064197037125,"PC Merchandise","Free deliver within Lipa! RYZEN 5 3400G packages all-in na.",,54,"11/19/2022 02:00",uploaded,https://www.facebook.com/reel/1790661044387855/,0,0,Reels,,,,,11/14/2022,0,,,,,,0,0,0,0,0,0.000,6.255
974945220872207,100064197037125,"PC Merchandise","Free deliver within Lipa! RYZEN 5 3400G packages all-in na.",,54,"11/19/2022 02:00",uploaded,https://www.facebook.com/reel/1790661044387855/,0,0,Reels,,,,,11/15/2022,0,,,,,,0,0,0,0,0,0.000,6.671
974945220872207,100064197037125,"PC Merchandise","Free deliver within Lipa! RYZEN 5 3400G packages all-in na.",,54,"11/19/2022 02:00",uploaded,https://www.facebook.com/reel/1790661044387855/,0,0,Reels,,,,,11/16/2022,0,,,,,,0,0,0,0,0,0.000,8.821
974945220872207,100064197037125,"PC Merchandise","Free deliver within Lipa! RYZEN 5 3400G packages all-in na.",,54,"11/19/2022 02:00",uploaded,https://www.facebook.com/reel/1790661044387855/,0,0,Reels,,,,,11/17/2022,0,,,,,,0,0,0,0,0,0.000,6.537
974945220872207,100064197037125,"PC Merchandise","Free deliver within Lipa! RYZEN 5 3400G packages all-in na.",,54,"11/19/2022 02:00",uploaded,https://www.facebook.com/reel/1790661044387855/,0,0,Reels,,,,,11/18/2022,0,,,,,,0,0,0,0,0,0.000,5.558
974945220872207,100064197037125,"PC Merchandise","Free deliver within Lipa! RYZEN 5 3400G packages all-in na.",,54,"11/19/2022 02:00",uploaded,https://www.facebook.com/reel/1790661044387855/,0,0,Reels,,,,,11/19/2022,0,,,,,,244,0,1,0,1,914.947,7.296
974945220872207,100064197037125,"PC Merchandise","Free deliver within Lipa! RYZEN 5 3400G packages all-in na.",,54,"11/19/2022 02:00",uploaded,https://www.facebook.com/reel/1790661044387855/,0,0,Reels,,,,,11/20/2022,0,,,,,,255,0,1,0,1,570.476,7.432
974945220872207,100064197037125,"PC Merchandise","Free deliver within Lipa! RYZEN 5 3400G packages all-in na.",,54,"11/19/2022 02:00",uploaded,https://www.facebook.com/reel/1790661044387855/,0,0,Reels,,,,,11/21/2022,0,,,,,,215,0,0,0,0,608.394,7.725
974945220872207,100064197037125,"PC Merchandise","Free deliver within Lipa! RYZEN 5 3400G packages all-in na.",,54,"11/19/2022 02:00",uploaded,https://www.facebook.com/reel/1790661044387855/,0,0,Reels,,,,,11/22/2022,0,,,,,,213,0,1,1,0,347.583,7.846
974945220872207,100064197037125,"PC Merchandise","Free deliver within Lipa! RYZEN 5 3400G packages all-in na.",,54,"11/19/2022 02:00",uploaded,https://www.facebook.com/reel/1790661044387855/,0,0,Reels,,,,,11/23/2022,0,,,,,,217,0,0,0,0,161.869,5.681
974945220872207,100064197037125,"PC Merchandise","Free deliver within Lipa! RYZEN 5 3400G packages all-in na.",,54,"11/19/2022 02:00",uploaded,https://www.facebook.com/reel/1790661044387855/,0,0,Reels,,,,,11/24/2022,0,,,,,,230,0,1,1,0,274.463,7.232
974945220872207,100064197037125,"PC Merchandise","Free deliver within Lipa! RYZEN 5 3400G packages all-in na.",,54,"11/19/2022 02:00",uploaded,https://www.facebook.com/reel/1790661044387855/,0,0,Reels,,,,,11/25/2022,0,,,,,,215,0,0,0,0,104.823,6.678
974945220872207,100064197037125,"PC Merchandise","Free deliver within Lipa! RYZEN 5 3400G packages all-in na.",,54,"11/19/2022 02:00",uploaded,https://www.facebook.com/reel/1790661044387855/,0,0,Reels,,,,,11/26/2022,0,,,,,,235,0,0,0,0,161.019,7.621
974945220872207,100064197037125,"PC Merchandise","Free deliver within Lipa! RYZEN 5 3400G packages all-in na.",,54,"11/19/2022 02:00",uploaded,https://www.facebook.com/reel/1790661044387855/,0,0,Reels,,,,,11/27/2022,0,,,,,,245,0,0,0,0,97.046,7.682
974945220872207,100064197037125,"PC Merchandise","Free deliver within Lipa! RYZEN 5 3400G packages all-in na.",,54,"11/19/2022 02:00",uploaded,https://www.facebook.com/reel/1790661044387855/,0,0,Reels,,,,,11/28/2022,0,,,,,,225,0,0,0,0,105.968,6.479
974945220872207,100064197037125,"PC Merchandise","Free deliver within Lipa! RYZEN 5 3400G packages all-in na.",,54,"11/19/2022 02:00",uploaded,https://www.facebook.com/reel/1790661044387855/,0,0,Reels,,,,,11/29/2022,0,,,,,,261,0,0,0,0,58.538,5.896
974945220872207,100064197037125,"PC Merchandise","Free deliver within Lipa! RYZEN 5 3400G packages all-in na.",,54,"11/19/2022 02:00",uploaded,https://www.facebook.com/reel/1790661044387855/,0,0,Reels,,,,,11/30/2022,0,,,,,,0,0,0,0,0,75.999,8.056
975193451134157,100064197037125,"PC Merchandise","Sulit na sulit! i5 10400F package, ready for pickup or shipping nationwide 🚚",,84,"11/18/2022 15:00",,https://www.facebook.com/reel/1712739919719424/,0,0,Reels,,,,,11/01/2022,0,,,,,,0,0,0,0,0,0.000,1.500
975193451134157,100064197037125,"PC Merchandise","Sulit na sulit! i5 10400F package, ready for pickup or shipping nationwide 🚚",,84,"11/18/2022 15:00",,https://www.facebook.com/reel/1712739919719424/,0,0,Reels,,,,,11/02/2022,0,,,,,,0,0,0,0,0,0.000,3.680
975193451134157,100064197037125,"PC Merchandise","Sulit na sulit! i5 10400F package, ready for pickup or shipping nationwide 🚚",,84,"11/18/2022 15:00",,https://www.facebook.com/reel/1712739919719424/,0,0,Reels,,,,,11/03/2022,0,,,,,,0,0,0,0,0,0.000,2.969
975193451134157,100064197037125,"PC Merchandise","Sulit na sulit! i5 10400F package, ready for pickup or shipping nationwide 🚚",,84,"11/18/2022 15:00",,https://www.facebook.com/reel/1712739919719424/,0,0,Reels,,,,,11/04/2022,0,,,,,,0,0,0,0,0,0.000,3.180
975193451134157,100064197037125,"PC Merchandise","Sulit na sulit! i5 10400F package, ready for pickup or shipping nationwide 🚚",,84,"11/18/2022 15:00",,https://www.facebook.com/reel/1712739919719424/,0,0,Reels,,,,,11/05/2022,0,,,,,,0,0,0,0,0,0.000,3.140
975193451134157,100064197037125,"PC Merchandise","Sulit na sulit! i5 10400F package, ready for pickup or shipping nationwide 🚚",,84,"11/18/2022 15:00",,https://www.facebook.com/reel/1712739919719424/,0,0,Reels,,,,,11/06/2022,0,,,,,,0,0,0,0,0,0.000,2.579
975193451134157,100064197037125,"PC Merchandise","Sulit na sulit! i5 10400F package, ready for pickup or shipping nationwide 🚚",,84,"11/18/2022 15:00",,https://www.facebook.com/reel/1712739919719424/,0,0,Reels,,,,,11/07/2022,0,,,,,,0,0,0,0,0,0.000,2.101
975193451134157,100064197037125,"PC Merchandise","Sulit na sulit! i5 10400F package, ready for pickup or shipping nationwide 🚚",,84,"11/18/2022 15:00",,https://www.facebook.com/reel/1712739919719424/,0,0,Reels,,,,,11/08/2022,0,,,,,,0,0,0,0,0,0.000,3.319
975193451134157,100064197037125,"PC Merchandise","Sulit na sulit! i5 10400F package, ready for pickup or shipping nationwide 🚚",,84,"11/18/2022 15:00",,https://www.facebook.com/reel/1712739919719424/,0,0,Reels,,,,,11/09/2022,0,,,,,,0,0,0,0,0,0.000,2.676
975193451134157,100064197037125,"PC Merchandise","Sulit na sulit! i5 10400F package, ready for pickup or shipping nationwide 🚚",,84,"11/18/2022 15:00",,https://www.facebook.com/reel/1712739919719424/,0,0,Reels,,,,,11/10/2022,0,,,,,,0,0,0,0,0,0.000,1.500
975193451134157,100064197037125,"PC Merchandise","Sulit na sulit! i5 10400F package, ready for pickup or shipping nationwide 🚚",,84,"11/18/2022 15:00",,https://www.facebook.com/reel/1712739919719424/,0,0,Reels,,,,,11/11/2022,0,,,,,,0,0,0,0,0,0.000,2.158
975193451134157,100064197037125,"PC Merchandise","Sulit na sulit! i5 10400F package, ready for pickup or shipping nationwide 🚚",,84,"11/18/2022 15:00",,https://www.facebook.com/reel/1712739919719424/,0,0,Reels,,,,,11/12/2022,0,,,,,,0,0,0,0,0,0.000,3.579
975193451134157,100064197037125,"PC Merchandise","Sulit na sulit! i5 10400F package, ready for pickup or shipping nationwide 🚚",,84,"11/18/2022 15:00",,https://www.facebook.com/reel/1712739919719424/,0,0,Reels,,,,,11/13/2022,0,,,,,,0,0,0,0,0,0.000,4.604
975193451134157,100064197037125,"PC Merchandise","Sulit na sulit! i5 10400F package, ready for pickup or shipping nationwide 🚚",,84,"11/18/2022 15:00",,https://www.facebook.com/reel/1712739919719424/,0,0,Reels,,,,,11/14/2022,0,,,,,,0,0,0,0,0,0.000,2.569
975193451134157,100064197037125,"PC Merchandise","Sulit na sulit! i5 10400F package, ready for pickup or shipping nationwide 🚚",,84,"11/18/2022 15:00",,https://www.facebook.com/reel/1712739919719424/,0,0,Reels,,,,,11/15/2022,0,,,,,,0,0,0,0,0,0.000,1.907
975193451134157,100064197037125,"PC Merchandise","Sulit na sulit! i5 10400F package, ready for pickup or shipping nationwide 🚚",,84,"11/18/2022 15:00",,https://www.facebook.com/reel/1712739919719424/,0,0,Reels,,,,,11/16/2022,0,,,,,,0,0,0,0,0,0.000,3.615
975193451134157,100064197037125,"PC Merchandise","Sulit na sulit! i5 10400F package, ready for pickup or shipping nationwide 🚚",,84,"11/18/2022 15:00",,https://www.facebook.com/reel/1712739919719424/,0,0,Reels,,,,,11/17/2022,0,,,,,,0,0,0,0,0,0.000,2.565
975193451134157,100064197037125,"PC Merchandise","Sulit na sulit! i5 10400F package, ready for pickup or shipping nationwide 🚚",,84,"11/18/2022 15:00",,https://www.facebook.com/reel/1712739919719424/,0,0,Reels,,,,,11/18/2022,0,,,,,,0,0,1,1,0,75.055,3.198
975193451134157,100064197037125,"PC Merchandise","Sulit na sulit! i5 10400F package, ready for pickup or shipping nationwide 🚚",,84,"11/18/2022 15:00",,https://www.facebook.com/reel/1712739919719424/,0,0,Reels,,,,,11/19/2022,0,,,,,,0,0,0,0,0,66.566,4.730
975193451134157,100064197037125,"PC Merchandise","Sulit na sulit! i5 10400F package, ready for pickup or shipping nationwide 🚚",,84,"11/18/2022 15:00",,https://www.facebook.com/reel/1712739919719424/,0,0,Reels,,,,,11/20/2022,0,,,,,,0,0,0,0,0,72.746,3.670
975193451134157,100064197037125,"PC Merchandise","Sulit na sulit! i5 10400F package, ready for pickup or shipping nationwide 🚚",,84,"11/18/2022 15:00",,https://www.facebook.com/reel/1712739919719424/,0,0,Reels,,,,,11/21/2022,0,,,,,,0,0,0,0,0,34.487,2.818
975193451134157,100064197037125,"PC Merchandise","Sulit na sulit! i5 10400F package, ready for pickup or shipping nationwide 🚚",,84,"11/18/2022 15:00",,https://www.facebook.com/reel/1712739919719424/,0,0,Reels,,,,,11/22/2022,0,,,,,,0,0,0,0,0,24.781,2.605
975193451134157,100064197037125,"PC Merchandise","Sulit na sulit! i5 10400F package, ready for pickup or shipping nationwide 🚚",,84,"11/18/2022 15:00",,https://www.facebook.com/reel/1712739919719424/,0,0,Reels,,,,,11/23/2022,0,,,,,,0,0,0,0,0,25.763,3.769
975193451134157,100064197037125,"PC Merchandise","Sulit na sulit! i5 10400F package, ready for pickup or shipping nationwide 🚚",,84,"11/18/2022 15:00",,https://www.facebook.com/reel/1712739919719424/,0,0,Reels,,,,,11/24/2022,0,,,,,,0,0,0,0,0,4.887,4.615
975193451134157,100064197037125,"PC Merchandise","Sulit na sulit! i5 10400F package, ready for pickup or shipping nationwide 🚚",,84,"11/18/2022 15:00",,https://www.facebook.com/reel/1712739919719424/,0,0,Reels,,,,,11/25/2022,0,,,,,,0,0,0,0,0,11.093,2.216
975193451134157,100064197037125,"PC Merchandise","Sulit na sulit! i5 10400F package, ready for pickup or shipping nationwide 🚚",,84,"11/18/2022 15:00",,https://www.facebook.com/reel/1712739919719424/,0,0,Reels,,,,,11/26/2022,0,,,,,,0,0,0,0,0,8.952,2.386
975193451134157,100064197037125,"PC Merchandise","Sulit na sulit! i5 10400F package, ready for pickup or shipping nationwide 🚚",,84,"11/18/2022 15:00",,https://www.facebook.com/reel/1712739919719424/,0,0,Reels,,,,,11/27/2022,0,,,,,,0,0,0,0,0,9.967,3.119
975193451134157,100064197037125,"PC Merchandise","Sulit na sulit! i5 10400F package, ready for pickup or shipping nationwide 🚚",,84,"11/18/2022 15:00",,https://www.facebook.com/reel/1712739919719424/,0,0,Reels,,,,,11/28/2022,0,,,,,,0,0,0,0,0,12.388,1.949
975193451134157,100064197037125,"PC Merchandise","Sulit na sulit! i5 10400F package, ready for pickup or shipping nationwide 🚚",,84,"11/18/2022 15:00",,https://www.facebook.com/reel/1712739919719424/,0,0,Reels,,,,,11/29/2022,0,,,,,,0,0,0,0,0,3.526,3.641
975193451134157,100064197037125,"PC Merchandise","Sulit na sulit! i5 10400F package, ready for pickup or shipping nationwide 🚚",,84,"11/18/2022 15:00",,https://www.facebook.com/reel/1712739919719424/,0,0,Reels,,,,,11/30/2022,0,,,,,,0,0,0,0,0,7.105,3.366
975339358211413,100064197037125,"PC Merchandise","malas naman🥹",,78,"11/17/2022 21:00",mixed,https://www.facebook.com/reel/1530948967261547/,0,0,Reels,,,,,11/01/2022,0,,,,,,0,0,0,0,0,0.000,6.554
975339358211413,100064197037125,"PC Merchandise","malas naman🥹",,78,"11/17/2022 21:00",mixed,https://www.facebook.com/reel/1530948967261547/,0,0,Reels,,,,,11/02/2022,0,,,,,,0,0,0,0,0,0.000,7.644
975339358211413,100064197037125,"PC Merchandise","malas naman🥹",,78,"11/17/2022 21:00",mixed,https://www.facebook.com/reel/1530948967261547/,0,0,Reels,,,,,11/03/2022,0,,,,,,0,0,0,0,0,0.000,6.356
975339358211413,100064197037125,"PC Merchandise","malas naman🥹",,78,"11/17/2022 21:00",mixed,https://www.facebook.com/reel/1530948967261547/,0,0,Reels,,,,,11/04/2022,0,,,,,,0,0,0,0,0,0.000,7.497
975339358211413,100064197037125,"PC Merchandise","malas naman🥹",,78,"11/17/2022 21:00",mixed,https://www.facebook.com/reel/1530948967261547/,0,0,Reels,,,,,11/05/2022,0,,,,,,0,0,0,0,0,0.000,7.677
975339358211413,100064197037125,"PC Merchandise","malas naman🥹",,78,"11/17/2022 21:00",mixed,https://www.facebook.com/reel/1530948967261547/,0,0,Reels,,,,,11/06/2022,0,,,,,,0,0,0,0,0,0.000,6.098
975339358211413,100064197037125,"PC Merchandise","malas naman🥹",,78,"11/17/2022 21:00",mixed,https://www.facebook.com/reel/1530948967261547/,0,0,Reels,,,,,11/07/2022,0,,,,,,0,0,0,0,0,0.000,7.338
975339358211413,100064197037125,"PC Merchandise","malas naman🥹",,78,"11/17/2022 21:00",mixed,https://www.facebook.com/reel/1530948967261547/,0,0,Reels,,,,,11/08/2022,0,,,,,,0,0,0,0,0,0.000,6.489
975339358211413,100064197037125,"PC Merchandise","malas naman🥹",,78,"11/17/2022 21:00",mixed,https://www.facebook.com/reel/1530948967261547/,0,0,Reels,,,,,11/09/2022,0,,,,,,0,0,0,0,0,0.000,7.854
975339358211413,100064197037125,"PC Merchandise","malas naman🥹",,78,"11/17/2022 21:00",mixed,https://www.facebook.com/reel/1530948967261547/,0,0,Reels,,,,,11/10/2022,0,,,,,,0,0,0,0,0,0.000,7.848
975339358211413,100064197037125,"PC Merchandise","malas naman🥹",,78,"11/17/2022 21:00",mixed,https://www.facebook.com/reel/1530948967261547/,0,0,Reels,,,,,11/11/2022,0,,,,,,0,0,0,0,0,0.000,6.919
975339358211413,100064197037125,"PC Merchandise","malas naman🥹",,78,"11/17/2022 21:00",mixed,https://www.facebook.com/reel/1530948967261547/,0,0,Reels,,,,,11/12/2022,0,,,,,,0,0,0,0,0,0.000,7.183
975339358211413,100064197037125,"PC Merchandise","malas naman🥹",,78,"11/17/2022 21:00",mixed,https://www.facebook.com/reel/1530948967261547/,0,0,Reels,,,,,11/13/2022,0,,,,,,0,0,0,0,0,0.000,6.343
975339358211413,100064197037125,"PC Merchandise","malas naman🥹",,78,"11/17/2022 21:00",mixed,https://www.facebook.com/reel/1530948967261547/,0,0,Reels,,,,,11/14/2022,0,,,,,,0,0,0,0,0,0.000,7.387
975339358211413,100064197037125,"PC Merchandise","malas naman🥹",,78,"11/17/2022 21:00",mixed,https://www.facebook.com/reel/1530948967261547/,0,0,Reels,,,,,11/15/2022,0,,,,,,0,0,0,0,0,0.000,6.188
975339358211413,100064197037125,"PC Merchandise","malas naman🥹",,78,"11/17/2022 21:00",mixed,https://www.facebook.com/reel/1530948967261547/,0,0,Reels,,,,,11/16/2022,0,,,,,,0,0,0,0,0,0.000,7.509
975339358211413,100064197037125,"PC Merchandise","malas naman🥹",,78,"11/17/2022 21:00",mixed,https://www.facebook.com/reel/1530948967261547/,0,0,Reels,,,,,11/17/2022,0,,,,,,0,0,0,0,0,413.599,6.990
975339358211413,100064197037125,"PC Merchandise","malas naman🥹",,78,"11/17/2022 21:00",mixed,https://www.facebook.com/reel/1530948967261547/,0,0,Reels,,,,,11/18/2022,0,,,,,,0,0,0,0,0,229.947,6.451
975339358211413,100064197037125,"PC Merchandise","malas naman🥹",,78,"11/17/2022 21:00",mixed,https://www.facebook.com/reel/1530948967261547/,0,0,Reels,,,,,11/19/2022,0,,,,,,0,0,1,1,0,244.673,7.768
975339358211413,100064197037125,"PC Merchandise","malas naman🥹",,78,"11/17/2022 21:00",mixed,https://www.facebook.com/reel/1530948967261547/,0,0,Reels,,,,,11/20/2022,0,,,,,,0,0,0,0,0,167.092,7.161
975339358211413,100064197037125,"PC Merchandise","malas naman🥹",,78,"11/17/2022 21:00",mixed,https://www.facebook.com/reel/1530948967261547/,0,0,Reels,,,,,11/21/2022,0,,,,,,0,0,0,0,0,187.735,6.844
975339358211413,100064197037125,"PC Merchandise","malas naman🥹",,78,"11/17/2022 21:00",mixed,https://www.facebook.com/reel/1530948967261547/,0,0,Reels,,,,,11/22/2022,0,,,,,,0,0,0,0,0,137.187,6.716
975339358211413,100064197037125,"PC Merchandise","malas naman🥹",,78,"11/17/2022 21:00",mixed,https://www.facebook.com/reel/1530948967261547/,0,0,Reels,,,,,11/23/2022,0,,,,,,0,0,0,0,0,85.154,8.826
975339358211413,100064197037125,"PC Merchandise","malas naman🥹",,78,"11/17/2022 21:00",mixed,https://www.facebook.com/reel/1530948967261547/,0,0,Reels,,,,,11/24/2022,0,,,,,,0,0,0,0,0,56.150,9.437
975339358211413,100064197037125,"PC Merchandise","malas naman🥹",,78,"11/17/2022 21:00",mixed,https://www.facebook.com/reel/1530948967261547/,0,0,Reels,,,,,11/25/2022,0,,,,,,0,0,0,0,0,24.152,6.544
975339358211413,100064197037125,"PC Merchandise","malas naman🥹",,78,"11/17/2022 21:00",mixed,https://www.facebook.com/reel/1530948967261547/,0,0,Reels,,,,,11/26/2022,0,,,,,,0,0,0,0,0,39.163,8.185
975339358211413,100064197037125,"PC Merchandise","malas naman🥹",,78,"11/17/2022 21:00",mixed,https://www.facebook.com/reel/1530948967261547/,0,0,Reels,,,,,11/27/2022,0,,,,,,0,0,0,0,0,47.574,8.547
975339358211413,100064197037125,"PC Merchandise","malas naman🥹",,78,"11/17/2022 21:00",mixed,https://www.facebook.com/reel/1530948967261547/,0,0,Reels,,,,,11/28/2022,0,,,,,,0,0,0,0,0,40.354,7.319
975339358211413,100064197037125,"PC Merchandise","malas naman🥹",,78,"11/17/2022 21:00",mixed,https://www.facebook.com/reel/1530948967261547/,0,0,Reels,,,,,11/29/2022,0,,,,,,0,0,0,0,0,41.032,7.491
975339358211413,100064197037125,"PC Merchandise","malas naman🥹",,78,"11/17/2022 21:00",mixed,https://www.facebook.com/reel/1530948967261547/,0,0,Reels,,,,,11/30/2022,0,,,,,,0,0,0,0,0,55.280,8.060
974731533920278,100064197037125,"PC Merchandise","𝐏𝐑𝐈𝐂𝐄𝐋𝐈𝐒𝐓 𝟐𝟎𝟐𝟐 >>>
https://pcmerchandise.live/2022-BERMONTHS-LIST-COMSHOP",,0,"11/17/2022 20:00",,https://www.facebook.com/pcmerchandise.co/posts/pfbid0DPKb1I4E9d2WsPlooBc2uuFR1V2bAJB6iROFgAdppbbGtDbVdBCcLB6C,0,0,Photos,,,,,11/30/2022,3,,,,,,,,,,,,
974731533920278,100064197037125,"PC Merchandise","𝐏𝐑𝐈𝐂𝐄𝐋𝐈𝐒𝐓 𝟐𝟎𝟐𝟐 >>>
https://pcmerchandise.live/2022-BERMONTHS-LIST-COMSHOP",,0,"11/17/2022 20:00",,https://www.facebook.com/pcmerchandise.co/posts/pfbid0DPKb1I4E9d2WsPlooBc2uuFR1V2bAJB6iROFgAdppbbGtDbVdBCcLB6C,0,0,Photos,,,,,11/01/2022,,,0,0,0,0,0,0,,,,,
974731533920278,100064197037125,"PC Merchandise","𝐏𝐑𝐈𝐂𝐄𝐋𝐈𝐒𝐓 𝟐𝟎𝟐𝟐 >>>
https://pcmerchandise.live/2022-BERMONTHS-LIST-COMSHOP",,0,"11/17/2022 20:00",,https://www.facebook.com/pcmerchandise.co/posts/pfbid0DPKb1I4E9d2WsPlooBc2uuFR1V2bAJB6iROFgAdppbbGtDbVdBCcLB6C,0,0,Photos,,,,,11/02/2022,,,0,0,0,0,0,0,,,,,
974731533920278,100064197037125,"PC Merchandise","𝐏𝐑𝐈𝐂𝐄𝐋𝐈𝐒𝐓 𝟐𝟎𝟐𝟐 >>>
https://pcmerchandise.live/2022-BERMONTHS-LIST-COMSHOP",,0,"11/17/2022 20:00",,https://www.facebook.com/pcmerchandise.co/posts/pfbid0DPKb1I4E9d2WsPlooBc2uuFR1V2bAJB6iROFgAdppbbGtDbVdBCcLB6C,0,0,Photos,,,,,11/03/2022,,,0,0,0,0,0,0,,,,,
974731533920278,100064197037125,"PC Merchandise","𝐏𝐑𝐈𝐂𝐄𝐋𝐈𝐒𝐓 𝟐𝟎𝟐𝟐 >>>
https://pcmerchandise.live/2022-BERMONTHS-LIST-COMSHOP",,0,"11/17/2022 20:00",,https://www.facebook.com/pcmerchandise.co/posts/pfbid0DPKb1I4E9d2WsPlooBc2uuFR1V2bAJB6iROFgAdppbbGtDbVdBCcLB6C,0,0,Photos,,,,,11/04/2022,,,0,0,0,0,0,0,,,,,
974731533920278,100064197037125,"PC Merchandise","𝐏𝐑𝐈𝐂𝐄𝐋𝐈𝐒𝐓 𝟐𝟎𝟐𝟐 >>>
https://pcmerchandise.live/2022-BERMONTHS-LIST-COMSHOP",,0,"11/17/2022 20:00",,https://www.facebook.com/pcmerchandise.co/posts/pfbid0DPKb1I4E9d2WsPlooBc2uuFR1V2bAJB6iROFgAdppbbGtDbVdBCcLB6C,0,0,Photos,,,,,11/05/2022,,,0,0,0,0,0,0,,,,,
974731533920278,100064197037125,"PC Merchandise","𝐏𝐑𝐈𝐂𝐄𝐋𝐈𝐒𝐓 𝟐𝟎𝟐𝟐 >>>
https://pcmerchandise.live/2022-BERMONTHS-LIST-COMSHOP",,0,"11/17/2022 20:00",,https://www.facebook.com/pcmerchandise.co/posts/pfbid0DPKb1I4E9d2WsPlooBc2uuFR1V2bAJB6iROFgAdppbbGtDbVdBCcLB6C,0,0,Photos,,,,,11/06/2022,,,0,0,0,0,0,0,,,,,
974731533920278,100064197037125,"PC Merchandise","𝐏𝐑𝐈𝐂𝐄𝐋𝐈𝐒𝐓 𝟐𝟎𝟐𝟐 >>>
https://pcmerchandise.live/2022-BERMONTHS-LIST-COMSHOP",,0,"11/17/2022 20:00",,https://www.facebook.com/pcmerchandise.co/posts/pfbid0DPKb1I4E9d2WsPlooBc2uuFR1V2bAJB6iROFgAdppbbGtDbVdBCcLB6C,0,0,Photos,,,,,11/07/2022,,,0,0,0,0,0,0,,,,,
974731533920278,100064197037125,"PC Merchandise","𝐏𝐑𝐈𝐂𝐄𝐋𝐈𝐒𝐓 𝟐𝟎𝟐𝟐 >>>
https://pcmerchandise.live/2022-BERMONTHS-LIST-COMSHOP",,0,"11/17/2022 20:00",,https://www.facebook.com/pcmerchandise.co/posts/pfbid0DPKb1I4E9d2WsPlooBc2uuFR1V2bAJB6iROFgAdppbbGtDbVdBCcLB6C,0,0,Photos,,,,,11/08/2022,,,0,0,0,0,0,0,,,,,
974731533920278,100064197037125,"PC Merchandise","𝐏𝐑𝐈𝐂𝐄𝐋𝐈𝐒𝐓 𝟐𝟎𝟐𝟐 >>>
https://pcmerchandise.live/2022-BERMONTHS-LIST-COMSHOP",,0,"11/17/2022 20:00",,https://www.facebook.com/pcmerchandise.co/posts/pfbid0DPKb1I4E9d2WsPlooBc2uuFR1V2bAJB6iROFgAdppbbGtDbVdBCcLB6C,0,0,Photos,,,,,11/09/2022,,,0,0,0,0,0,0,,,,,
974731533920278,100064197037125,"PC Merchandise","𝐏𝐑𝐈𝐂𝐄𝐋𝐈𝐒𝐓 𝟐𝟎𝟐𝟐 >>>
https://pcmerchandise.live/2022-BERMONTHS-LIST-COMSHOP",,0,"11/17/2022 20:00",,https://www.facebook.com/pcmerchandise.co/posts/pfbid0DPKb1I4E9d2WsPlooBc2uuFR1V2bAJB6iROFgAdppbbGtDbVdBCcLB6C,0,0,Photos,,,,,11/10/2022,,,0,0,0,0,0,0,,,,,
974731533920278,100064197037125,"PC Merchandise","𝐏𝐑𝐈𝐂𝐄𝐋𝐈𝐒𝐓 𝟐𝟎𝟐𝟐 >>>
https://pcmerchandise.live/2022-BERMONTHS-LIST-COMSHOP",,0,"11/17/2022 20:00",,https://www.facebook.com/pcmerchandise.co/posts/pfbid0DPKb1I4E9d2WsPlooBc2uuFR1V2bAJB6iROFgAdppbbGtDbVdBCcLB6C,0,0,Photos,,,,,11/11/2022,,,0,0,0,0,0,0,,,,,
974731533920278,100064197037125,"PC Merchandise","𝐏𝐑𝐈𝐂𝐄𝐋𝐈𝐒𝐓 𝟐𝟎𝟐𝟐 >>>
https://pcmerchandise.live/2022-BERMONTHS-LIST-COMSHOP",,0,"11/17/2022 20:00",,https://www.facebook.com/pcmerchandise.co/posts/pfbid0DPKb1I4E9d2WsPlooBc2uuFR1V2bAJB6iROFgAdppbbGtDbVdBCcLB6C,0,0,Photos,,,,,11/12/2022,,,0,0,0,0,0,0,,,,,
974731533920278,100064197037125,"PC Merchandise","𝐏𝐑𝐈𝐂𝐄𝐋𝐈𝐒𝐓 𝟐𝟎𝟐𝟐 >>>
https://pcmerchandise.live/2022-BERMONTHS-LIST-COMSHOP",,0,"11/17/2022 20:00",,https://www.facebook.com/pcmerchandise.co/posts/pfbid0DPKb1I4E9d2WsPlooBc2uuFR1V2bAJB6iROFgAdppbbGtDbVdBCcLB6C,0,0,Photos,,,,,11/13/2022,,,0,0,0,0,0,0,,,,,
974731533920278,100064197037125,"PC Merchandise","𝐏𝐑𝐈𝐂𝐄𝐋𝐈𝐒𝐓 𝟐𝟎𝟐𝟐 >>>
https://pcmerchandise.live/2022-BERMONTHS-LIST-COMSHOP",,0,"11/17/2022 20:00",,https://www.facebook.com/pcmerchandise.co/posts/pfbid0DPKb1I4E9d2WsPlooBc2uuFR1V2bAJB6iROFgAdppbbGtDbVdBCcLB6C,0,0,Photos,,,,,11/14/2022,,,0,0,0,0,0,0,,,,,
974731533920278,100064197037125,"PC Merchandise","𝐏𝐑𝐈𝐂𝐄𝐋𝐈𝐒𝐓 𝟐𝟎𝟐𝟐 >>>
https://pcmerchandise.live/2022-BERMONTHS-LIST-COMSHOP",,0,"11/17/2022 20:00",,https://www.facebook.com/pcmerchandise.co/posts/pfbid0DPKb1I4E9d2WsPlooBc2uuFR1V2bAJB6iROFgAdppbbGtDbVdBCcLB6C,0,0,Photos,,,,,11/15/2022,,,0,0,0,0,0,0,,,,,
974731533920278,100064197037125,"PC Merchandise","𝐏𝐑𝐈𝐂𝐄𝐋𝐈𝐒𝐓 𝟐𝟎𝟐𝟐 >>>
https://pcmerchandise.live/2022-BERMONTHS-LIST-COMSHOP",,0,"11/17/2022 20:00",,https://www.facebook.com/pcmerchandise.co/posts/pfbid0DPKb1I4E9d2WsPlooBc2uuFR1V2bAJB6iROFgAdppbbGtDbVdBCcLB6C,0,0,Photos,,,,,11/16/2022,,,0,0,0,0,0,0,,,,,
974731533920278,100064197037125,"PC Merchandise","𝐏𝐑𝐈𝐂𝐄𝐋𝐈𝐒𝐓 𝟐𝟎𝟐𝟐 >>>
https://pcmerchandise.live/2022-BERMONTHS-LIST-COMSHOP",,0,"11/17/2022 20:00",,https://www.facebook.com/pcmerchandise.co/posts/pfbid0DPKb1I4E9d2WsPlooBc2uuFR1V2bAJB6iROFgAdppbbGtDbVdBCcLB6C,0,0,Photos,,,,,11/17/2022,,,0,0,0,0,0,0,,,,,
974731533920278,100064197037125,"PC Merchandise","𝐏𝐑𝐈𝐂𝐄𝐋𝐈𝐒𝐓 𝟐𝟎𝟐𝟐 >>>
https://pcmerchandise.live/2022-BERMONTHS-LIST-COMSHOP",,0,"11/17/2022 20:00",,https://www.facebook.com/pcmerchandise.co/posts/pfbid0DPKb1I4E9d2WsPlooBc2uuFR1V2bAJB6iROFgAdppbbGtDbVdBCcLB6C,0,0,Photos,,,,,11/18/2022,,,0,0,0,0,0,0,,,,,
974731533920278,100064197037125,"PC Merchandise","𝐏𝐑𝐈𝐂𝐄𝐋𝐈𝐒𝐓 𝟐𝟎𝟐𝟐 >>>
https://pcmerchandise.live/2022-BERMONTHS-LIST-COMSHOP",,0,"11/17/2022 20:00",,https://www.facebook.com/pcmerchandise.co/posts/pfbid0DPKb1I4E9d2WsPlooBc2uuFR1V2bAJB6iROFgAdppbbGtDbVdBCcLB6C,0,0,Photos,,,,,11/19/2022,,,0,0,0,0,0,0,,,,,
974731533920278,100064197037125,"PC Merchandise","𝐏𝐑𝐈𝐂𝐄𝐋𝐈𝐒𝐓 𝟐𝟎𝟐𝟐 >>>
https://pcmerchandise.live/2022-BERMONTHS-LIST-COMSHOP",,0,"11/17/2022 20:00",,https://www.facebook.com/pcmerchandise.co/posts/pfbid0DPKb1I4E9d2WsPlooBc2uuFR1V2bAJB6iROFgAdppbbGtDbVdBCcLB6C,0,0,Photos,,,,,11/20/2022,,,0,0,0,0,0,0,,,,,
974731533920278,100064197037125,"PC Merchandise","𝐏𝐑𝐈𝐂𝐄𝐋𝐈𝐒𝐓 𝟐𝟎𝟐𝟐 >>>
https://pcmerchandise.live/2022-BERMONTHS-LIST-COMSHOP",,0,"11/17/2022 20:00",,https://www.facebook.com/pcmerchandise.co/posts/pfbid0DPKb1I4E9d2WsPlooBc2uuFR1V2bAJB6iROFgAdppbbGtDbVdBCcLB6C,0,0,Photos,,,,,11/21/2022,,,0,0,0,0,0,0,,,,,
974731533920278,100064197037125,"PC Merchandise","𝐏𝐑𝐈𝐂𝐄𝐋𝐈𝐒𝐓 𝟐𝟎𝟐𝟐 >>>
https://pcmerchandise.live/2022-BERMONTHS-LIST-COMSHOP",,0,"11/17/2022 20:00",,https://www.facebook.com/pcmerchandise.co/posts/pfbid0DPKb1I4E9d2WsPlooBc2uuFR1V2bAJB6iROFgAdppbbGtDbVdBCcLB6C,0,0,Photos,,,,,11/22/2022,,,0,0,0,0,0,0,,,,,
974731533920278,100064197037125,"PC Merchandise","𝐏𝐑𝐈𝐂𝐄𝐋𝐈𝐒𝐓 𝟐𝟎𝟐𝟐 >>>
https://pcmerchandise.live/2022-BERMONTHS-LIST-COMSHOP",,0,"11/17/2022 20:00",,https://www.facebook.com/pcmerchandise.co/posts/pfbid0DPKb1I4E9d2WsPlooBc2uuFR1V2bAJB6iROFgAdppbbGtDbVdBCcLB6C,0,0,Photos,,,,,11/23/2022,,,0,0,0,0,0,0,,,,,
974731533920278,100064197037125,"PC Merchandise","𝐏𝐑𝐈𝐂𝐄𝐋𝐈𝐒𝐓 𝟐𝟎𝟐𝟐 >>>
https://pcmerchandise.live/2022-BERMONTHS-LIST-COMSHOP",,0,"11/17/2022 20:00",,https://www.facebook.com/pcmerchandise.co/posts/pfbid0DPKb1I4E9d2WsPlooBc2uuFR1V2bAJB6iROFgAdppbbGtDbVdBCcLB6C,0,0,Photos,,,,,11/24/2022,,,0,0,0,0,0,0,,,,,
974731533920278,100064197037125,"PC Merchandise","𝐏𝐑𝐈𝐂𝐄𝐋𝐈𝐒𝐓 𝟐𝟎𝟐𝟐 >>>
https://pcmerchandise.live/2022-BERMONTHS-LIST-COMSHOP",,0,"11/17/2022 20:00",,https://www.facebook.com/pcmerchandise.co/posts/pfbid0DPKb1I4E9d2WsPlooBc2uuFR1V2bAJB6iROFgAdppbbGtDbVdBCcLB6C,0,0,Photos,,,,,11/25/2022,,,0,0,0,0,0,0,,,,,
974731533920278,100064197037125,"PC Merchandise","𝐏𝐑𝐈𝐂𝐄𝐋𝐈𝐒𝐓 𝟐𝟎𝟐𝟐 >>>
https://pcmerchandise.live/2022-BERMONTHS-LIST-COMSHOP",,0,"11/17/2022 20:00",,https://www.facebook.com/pcmerchandise.co/posts/pfbid0DPKb1I4E9d2WsPlooBc2uuFR1V2bAJB6iROFgAdppbbGtDbVdBCcLB6C,0,0,Photos,,,,,11/26/2022,,,0,0,0,0,0,0,,,,,
974731533920278,100064197037125,"PC Merchandise","𝐏𝐑𝐈𝐂𝐄𝐋𝐈𝐒𝐓 𝟐𝟎𝟐𝟐 >>>
https://pcmerchandise.live/2022-BERMONTHS-LIST-COMSHOP",,0,"11/17/2022 20:00",,https://www.facebook.com/pcmerchandise.co/posts/pfbid0DPKb1I4E9d2WsPlooBc2uuFR1V2bAJB6iROFgAdppbbGtDbVdBCcLB6C,0,0,Photos,,,,,11/27/2022,,,0,0,0,0,0,0,,,,,
974731533920278,100064197037125,"PC Merchandise","𝐏𝐑𝐈𝐂𝐄𝐋𝐈𝐒𝐓 𝟐𝟎𝟐𝟐 >>>
https://pcmerchandise.live/2022-BERMONTHS-LIST-COMSHOP",,0,"11/17/2022 20:00",,https://www.facebook.com/pcmerchandise.co/posts/pfbid0DPKb1I4E9d2WsPlooBc2uuFR1V2bAJB6iROFgAdppbbGtDbVdBCcLB6C,0,0,Photos,,,,,11/28/2022,,,0,0,0,0,0,0,,,,,
974731533920278,100064197037125,"PC Merchandise","𝐏𝐑𝐈𝐂𝐄𝐋𝐈𝐒𝐓 𝟐𝟎𝟐𝟐 >>>
https://pcmerchandise.live/2022-BERMONTHS-LIST-COMSHOP",,0,"11/17/2022 20:00",,https://www.facebook.com/pcmerchandise.co/posts/pfbid0DPKb1I4E9d2WsPlooBc2uuFR1V2bAJB6iROFgAdppbbGtDbVdBCcLB6C,0,0,Photos,,,,,11/29/2022,,,0,0,0,0,0,0,,,,,
974731533920278,100064197037125,"PC Merchandise","𝐏𝐑𝐈𝐂𝐄𝐋𝐈𝐒𝐓 𝟐𝟎𝟐𝟐 >>>
https://pcmerchandise.live/2022-BERMONTHS-LIST-COMSHOP",,0,"11/17/2022 20:00",,https://www.facebook.com/pcmerchandise.co/posts/pfbid0DPKb1I4E9d2WsPlooBc2uuFR1V2bAJB6iROFgAdppbbGtDbVdBCcLB6C,0,0,Photos,,,,,11/30/2022,,,0,0,0,0,0,0,,,,,
974500203842734,100064197037125,"PC Merchandise","客户 satisfied ✅ i5 10400F build with RGB everything 🌈",,0,"11/17/2022 19:00",,https://www.facebook.com/pcmerchandise.co/posts/pfbid0ivnsndAUHUFuftXjGjXFYzVutddSUxeB45CBtL7euVLX7BIhyXZkHkDO,0,0,Photos,,,,,11/30/2022,3,,,,,,,,,,,,
974500203842734,100064197037125,"PC Merchandise","客户 satisfied ✅ i5 10400F build with RGB everything 🌈",,0,"11/17/2022 19:00",,https://www.facebook.com/pcmerchandise.co/posts/pfbid0ivnsndAUHUFuftXjGjXFYzVutddSUxeB45CBtL7euVLX7BIhyXZkHkDO,0,0,Photos,,,,,11/01/2022,,,0,0,0,0,0,0,,,,,
974500203842734,100064197037125,"PC Merchandise","客户 satisfied ✅ i5 10400F build with RGB everything 🌈",,0,"11/17/2022 19:00",,https://www.facebook.com/pcmerchandise.co/posts/pfbid0ivnsndAUHUFuftXjGjXFYzVutddSUxeB45CBtL7euVLX7BIhyXZkHkDO,0,0,Photos,,,,,11/02/2022,,,0,0,0,0,0,0,,,,,
974500203842734,100064197037125,"PC Merchandise","客户 satisfied ✅ i5 10400F build with RGB everything 🌈",,0,"11/17/2022 19:00",,https://www.facebook.com/pcmerchandise.co/posts/pfbid0ivnsndAUHUFuftXjGjXFYzVutddSUxeB45CBtL7euVLX7BIhyXZkHkDO,0,0,Photos,,,,,11/03/2022,,,0,0,0,0,0,0,,,,,
974500203842734,100064197037125,"PC Merchandise","客户 satisfied ✅ i5 10400F build with RGB everything 🌈",,0,"11/17/2022 19:00",,https://www.facebook.com/pcmerchandise.co/posts/pfbid0ivnsndAUHUFuftXjGjXFYzVutddSUxeB45CBtL7euVLX7BIhyXZkHkDO,0,0,Photos,,,,,11/04/2022,,,0,0,0,0,0,0,,,,,
974500203842734,100064197037125,"PC Merchandise","客户 satisfied ✅ i5 10400F build with RGB everything 🌈",,0,"11/17/2022 19:00",,https://www.facebook.com/pcmerchandise.co/posts/pfbid0ivnsndAUHUFuftXjGjXFYzVutddSUxeB45CBtL7euVLX7BIhyXZkHkDO,0,0,Photos,,,,,11/05/2022,,,0,0,0,0,0,0,,,,,
974500203842734,100064197037125,"PC Merchandise","客户 satisfied ✅ i5 10400F build with RGB everything 🌈",,0,"11/17/2022 19:00",,https://www.facebook.com/pcmerchandise.co/posts/pfbid0ivnsndAUHUFuftXjGjXFYzVutddSUxeB45CBtL7euVLX7BIhyXZkHkDO,0,0,Photos,,,,,11/06/2022,,,0,0,0,0,0,0,,,,,
974500203842734,100064197037125,"PC Merchandise","客户 satisfied ✅ i5 10400F build with RGB everything 🌈",,0,"11/17/2022 19:00",,https://www.facebook.com/pcmerchandise.co/posts/pfbid0ivnsndAUHUFuftXjGjXFYzVutddSUxeB45CBtL7euVLX7BIhyXZkHkDO,0,0,Photos,,,,,11/07/2022,,,0,0,0,0,0,0,,,,,
974500203842734,100064197037125,"PC Merchandise","客户 satisfied ✅ i5 10400F build with RGB everything 🌈",,0,"11/17/2022 19:00",,https://www.facebook.com/pcmerchandise.co/posts/pfbid0ivnsndAUHUFuftXjGjXFYzVutddSUxeB45CBtL7euVLX7BIhyXZkHkDO,0,0,Photos,,,,,11/08/2022,,,0,0,0,0,0,0,,,,,
974500203842734,100064197037125,"PC Merchandise","客户 satisfied ✅ i5 10400F build with RGB everything 🌈",,0,"11/17/2022 19:00",,https://www.facebook.com/pcmerchandise.co/posts/pfbid0ivnsndAUHUFuftXjGjXFYzVutddSUxeB45CBtL7euVLX7BIhyXZkHkDO,0,0,Photos,,,,,11/09/2022,,,0,0,0,0,0,0,,,,,
974500203842734,100064197037125,"PC Merchandise","客户 satisfied ✅ i5 10400F build with RGB everything 🌈",,0,"11/17/2022 19:00",,https://www.facebook.com/pcmerchandise.co/posts/pfbid0ivnsndAUHUFuftXjGjXFYzVutddSUxeB45CBtL7euVLX7BIhyXZkHkDO,0,0,Photos,,,,,11/10/2022,,,0,0,0,0,0,0,,,,,
974500203842734,100064197037125,"PC Merchandise","客户 satisfied ✅ i5 10400F build with RGB everything 🌈",,0,"11/17/2022 19:00",,https://www.facebook.com/pcmerchandise.co/posts/pfbid0ivnsndAUHUFuftXjGjXFYzVutddSUxeB45CBtL7euVLX7BIhyXZkHkDO,0,0,Photos,,,,,11/11/2022,,,0,0,0,0,0,0,,,,,
974500203842734,100064197037125,"PC Merchandise","客户 satisfied ✅ i5 10400F build with RGB everything 🌈",,0,"11/17/2022 19:00",,https://www.facebook.com/pcmerchandise.co/posts/pfbid0ivnsndAUHUFuftXjGjXFYzVutddSUxeB45CBtL7euVLX7BIhyXZkHkDO,0,0,Photos,,,,,11/12/2022,,,0,0,0,0,0,0,,,,,
974500203842734,100064197037125,"PC Merchandise","客户 satisfied ✅ i5 10400F build with RGB everything 🌈",,0,"11/17/2022 19:00",,https://www.facebook.com/pcmerchandise.co/posts/pfbid0ivnsndAUHUFuftXjGjXFYzVutddSUxeB45CBtL7euVLX7BIhyXZkHkDO,0,0,Photos,,,,,11/13/2022,,,0,0,0,0,0,0,,,,,
974500203842734,100064197037125,"PC Merchandise","客户 satisfied ✅ i5 10400F build with RGB everything 🌈",,0,"11/17/2022 19:00",,https://www.facebook.com/pcmerchandise.co/posts/pfbid0ivnsndAUHUFuftXjGjXFYzVutddSUxeB45CBtL7euVLX7BIhyXZkHkDO,0,0,Photos,,,,,11/14/2022,,,0,0,0,0,0,0,,,,,
974500203842734,100064197037125,"PC Merchandise","客户 satisfied ✅ i5 10400F build with RGB everything 🌈",,0,"11/17/2022 19:00",,https://www.facebook.com/pcmerchandise.co/posts/pfbid0ivnsndAUHUFuftXjGjXFYzVutddSUxeB45CBtL7euVLX7BIhyXZkHkDO,0,0,Photos,,,,,11/15/2022,,,0,0,0,0,0,0,,,,,
974500203842734,100064197037125,"PC Merchandise","客户 satisfied ✅ i5 10400F build with RGB everything 🌈",,0,"11/17/2022 19:00",,https://www.facebook.com/pcmerchandise.co/posts/pfbid0ivnsndAUHUFuftXjGjXFYzVutddSUxeB45CBtL7euVLX7BIhyXZkHkDO,0,0,Photos,,,,,11/16/2022,,,0,0,0,0,0,0,,,,,
974500203842734,100064197037125,"PC Merchandise","客户 satisfied ✅ i5 10400F build with RGB everything 🌈",,0,"11/17/2022 19:00",,https://www.facebook.com/pcmerchandise.co/posts/pfbid0ivnsndAUHUFuftXjGjXFYzVutddSUxeB45CBtL7euVLX7BIhyXZkHkDO,0,0,Photos,,,,,11/17/2022,,,0,0,0,0,0,0,,,,,
974500203842734,100064197037125,"PC Merchandise","客户 satisfied ✅ i5 10400F build with RGB everything 🌈",,0,"11/17/2022 19:00",,https://www.facebook.com/pcmerchandise.co/posts/pfbid0ivnsndAUHUFuftXjGjXFYzVutddSUxeB45CBtL7euVLX7BIhyXZkHkDO,0,0,Photos,,,,,11/18/2022,,,0,0,0,0,0,0,,,,,
974500203842734,100064197037125,"PC Merchandise","客户 satisfied ✅ i5 10400F build with RGB everything 🌈",,0,"11/17/2022 19:00",,https://www.facebook.com/pcmerchandise.co/posts/pfbid0ivnsndAUHUFuftXjGjXFYzVutddSUxeB45CBtL7euVLX7BIhyXZkHkDO,0,0,Photos,,,,,11/19/2022,,,0,0,0,0,0,0,,,,,
974500203842734,100064197037125,"PC Merchandise","客户 satisfied ✅ i5 10400F build with RGB everything 🌈",,0,"11/17/2022 19:00",,https://www.facebook.com/pcmerchandise.co/posts/pfbid0ivnsndAUHUFuftXjGjXFYzVutddSUxeB45CBtL7euVLX7BIhyXZkHkDO,0,0,Photos,,,,,11/20/2022,,,0,0,0,0,0,0,,,,,
974500203842734,100064197037125,"PC Merchandise","客户 satisfied ✅ i5 10400F build with RGB everything 🌈",,0,"11/17/2022 19:00",,https://www.facebook.com/pcmerchandise.co/posts/pfbid0ivnsndAUHUFuftXjGjXFYzVutddSUxeB45CBtL7euVLX7BIhyXZkHkDO,0,0,Photos,,,,,11/21/2022,,,0,0,0,0,0,0,,,,,
974500203842734,100064197037125,"PC Merchandise","客户 satisfied ✅ i5 10400F build with RGB everything 🌈",,0,"11/17/2022 19:00",,https://www.facebook.com/pcmerchandise.co/posts/pfbid0ivnsndAUHUFuftXjGjXFYzVutddSUxeB45CBtL7euVLX7BIhyXZkHkDO,0,0,Photos,,,,,11/22/2022,,,0,0,0,0,0,0,,,,,
974500203842734,100064197037125,"PC Merchandise","客户 satisfied ✅ i5 10400F build with RGB everything 🌈",,0,"11/17/2022 19:00",,https://www.facebook.com/pcmerchandise.co/posts/pfbid0ivnsndAUHUFuftXjGjXFYzVutddSUxeB45CBtL7euVLX7BIhyXZkHkDO,0,0,Photos,,,,,11/23/2022,,,0,0,0,0,0,0,,,,,
974500203842734,100064197037125,"PC Merchandise","客户 satisfied ✅ i5 10400F build with RGB everything 🌈",,0,"11/17/2022 19:00",,https://www.facebook.com/pcmerchandise.co/posts/pfbid0ivnsndAUHUFuftXjGjXFYzVutddSUxeB45CBtL7euVLX7BIhyXZkHkDO,0,0,Photos,,,,,11/24/2022,,,0,0,0,0,0,0,,,,,
974500203842734,100064197037125,"PC Merchandise","客户 satisfied ✅ i5 10400F build with RGB everything 🌈",,0,"11/17/2022 19:00",,https://www.facebook.com/pcmerchandise.co/posts/pfbid0ivnsndAUHUFuftXjGjXFYzVutddSUxeB45CBtL7euVLX7BIhyXZkHkDO,0,0,Photos,,,,,11/25/2022,,,0,0,0,0,0,0,,,,,
974500203842734,100064197037125,"PC Merchandise","客户 satisfied ✅ i5 10400F build with RGB everything 🌈",,0,"11/17/2022 19:00",,https://www.facebook.com/pcmerchandise.co/posts/pfbid0ivnsndAUHUFuftXjGjXFYzVutddSUxeB45CBtL7euVLX7BIhyXZkHkDO,0,0,Photos,,,,,11/26/2022,,,0,0,0,0,0,0,,,,,
974500203842734,100064197037125,"PC Merchandise","客户 satisfied ✅ i5 10400F build with RGB everything 🌈",,0,"11/17/2022 19:00",,https://www.facebook.com/pcmerchandise.co/posts/pfbid0ivnsndAUHUFuftXjGjXFYzVutddSUxeB45CBtL7euVLX7BIhyXZkHkDO,0,0,Photos,,,,,11/27/2022,,,0,0,0,0,0,0,,,,,
974500203842734,100064197037125,"PC Merchandise","客户 satisfied ✅ i5 10400F build with RGB everything 🌈",,0,"11/17/2022 19:00",,https://www.facebook.com/pcmerchandise.co/posts/pfbid0ivnsndAUHUFuftXjGjXFYzVutddSUxeB45CBtL7euVLX7BIhyXZkHkDO,0,0,Photos,,,,,11/28/2022,,,0,0,0,0,0,0,,,,,
974500203842734,100064197037125,"PC Merchandise","客户 satisfied ✅ i5 10400F build with RGB everything 🌈",,0,"11/17/2022 19:00",,https://www.facebook.com/pcmerchandise.co/posts/pfbid0ivnsndAUHUFuftXjGjXFYzVutddSUxeB45CBtL7euVLX7BIhyXZkHkDO,0,0,Photos,,,,,11/29/2022,,,0,0,0,0,0,0,,,,,
974500203842734,100064197037125,"PC Merchandise","客户 satisfied ✅ i5 10400F build with RGB everything 🌈",,0,"11/17/2022 19:00",,https://www.facebook.com/pcmerchandise.co/posts/pfbid0ivnsndAUHUFuftXjGjXFYzVutddSUxeB45CBtL7euVLX7BIhyXZkHkDO,0,0,Photos,,,,,11/30/2022,,,0,0,0,0,0,0,,,,,
974632230809607,100064197037125,"PC Merchandise","malas naman🥹",,69,"11/14/2022 21:01",,https://www.facebook.com/reel/1414097607430179/,0,0,Reels,,,,,11/01/2022,0,,,,,,0,0,0,0,0,0.000,4.791
974632230809607,100064197037125,"PC Merchandise","malas naman🥹",,69,"11/14/2022 21:01",,https://www.facebook.com/reel/1414097607430179/,0,0,Reels,,,,,11/02/2022,0,,,,,,0,0,0,0,0,0.000,6.650
974632230809607,100064197037125,"PC Merchandise","malas naman🥹",,69,"11/14/2022 21:01",,https://www.facebook.com/reel/1414097607430179/,0,0,Reels,,,,,11/03/2022,0,,,,,,0,0,0,0,0,0.000,6.635
974632230809607,100064197037125,"PC Merchandise","malas naman🥹",,69,"11/14/2022 21:01",,https://www.facebook.com/reel/1414097607430179/,0,0,Reels,,,,,11/04/2022,0,,,,,,0,0,0,0,0,0.000,4.307
974632230809607,100064197037125,"PC Merchandise","malas naman🥹",,69,"11/14/2022 21:01",,https://www.facebook.com/reel/1414097607430179/,0,0,Reels,,,,,11/05/2022,0,,,,,,0,0,0,0,0,0.000,5.755
974632230809607,100064197037125,"PC Merchandise","malas naman🥹",,69,"11/14/2022 21:01",,https://www.facebook.com/reel/1414097607430179/,0,0,Reels,,,,,11/06/2022,0,,,,,,0,0,0,0,0,0.000,5.512
974632230809607,100064197037125,"PC Merchandise","malas naman🥹",,69,"11/14/2022 21:01",,https://www.facebook.com/reel/1414097607430179/,0,0,Reels,,,,,11/07/2022,0,,,,,,0,0,0,0,0,0.000,5.438
974632230809607,100064197037125,"PC Merchandise","malas naman🥹",,69,"11/14/2022 21:01",,https://www.facebook.com/reel/1414097607430179/,0,0,Reels,,,,,11/08/2022,0,,,,,,0,0,0,0,0,0.000,5.452
974632230809607,100064197037125,"PC Merchandise","malas naman🥹",,69,"11/14/2022 21:01",,https://www.facebook.com/reel/1414097607430179/,0,0,Reels,,,,,11/09/2022,0,,,,,,0,0,0,0,0,0.000,5.954
974632230809607,100064197037125,"PC Merchandise","malas naman🥹",,69,"11/14/2022 21:01",,https://www.facebook.com/reel/1414097607430179/,0,0,Reels,,,,,11/10/2022,0,,,,,,0,0,0,0,0,0.000,5.914
974632230809607,100064197037125,"PC Merchandise","malas naman🥹",,69,"11/14/2022 21:01",,https://www.facebook.com/reel/1414097607430179/,0,0,Reels,,,,,11/11/2022,0,,,,,,0,0,0,0,0,0.000,4.318
974632230809607,100064197037125,"PC Merchandise","malas naman🥹",,69,"11/14/2022 21:01",,https://www.facebook.com/reel/1414097607430179/,0,0,Reels,,,,,11/12/2022,0,,,,,,0,0,0,0,0,0.000,6.725
974632230809607,100064197037125,"PC Merchandise","malas naman🥹",,69,"11/14/2022 21:01",,https://www.facebook.com/reel/1414097607430179/,0,0,Reels,,,,,11/13/2022,0,,,,,,0,0,0,0,0,0.000,6.079
974632230809607,100064197037125,"PC Merchandise","malas naman🥹",,69,"11/14/2022 21:01",,https://www.facebook.com/reel/1414097607430179/,0,0,Reels,,,,,11/14/2022,0,,,,,,0,0,0,0,0,239.722,6.208
974632230809607,100064197037125,"PC Merchandise","malas naman🥹",,69,"11/14/2022 21:01",,https://www.facebook.com/reel/1414097607430179/,0,0,Reels,,,,,11/15/2022,0,,,,,,0,0,0,0,0,138.970,4.521
974632230809607,100064197037125,"PC Merchandise","malas naman🥹",,69,"11/14/2022 21:01",,https://www.facebook.com/reel/1414097607430179/,0,0,Reels,,,,,11/16/2022,0,,,,,,0,0,0,0,0,135.016,5.659
974632230809607,100064197037125,"PC Merchandise","malas naman🥹",,69,"11/14/2022 21:01",,https://www.facebook.com/reel/1414097607430179/,0,0,Reels,,,,,11/17/2022,0,,,,,,0,0,0,0,0,76.861,5.733
974632230809607,100064197037125,"PC Merchandise","malas naman🥹",,69,"11/14/2022 21:01",,https://www.facebook.com/reel/1414097607430179/,0,0,Reels,,,,,11/18/2022,0,,,,,,0,0,0,0,0,43.637,3.926
974632230809607,100064197037125,"PC Merchandise","malas naman🥹",,69,"11/14/2022 21:01",,https://www.facebook.com/reel/1414097607430179/,0,0,Reels,,,,,11/19/2022,0,,,,,,0,0,0,0,0,63.906,4.633
974632230809607,100064197037125,"PC Merchandise","malas naman🥹",,69,"11/14/2022 21:01",,https://www.facebook.com/reel/1414097607430179/,0,0,Reels,,,,,11/20/2022,0,,,,,,0,0,0,0,0,45.816,5.135
974632230809607,100064197037125,"PC Merchandise","malas naman🥹",,69,"11/14/2022 21:01",,https://www.facebook.com/reel/1414097607430179/,0,0,Reels,,,,,11/21/2022,0,,,,,,0,0,0,0,0,36.403,5.034
974632230809607,100064197037125,"PC Merchandise","malas naman🥹",,69,"11/14/2022 21:01",,https://www.facebook.com/reel/1414097607430179/,0,0,Reels,,,,,11/22/2022,0,,,,,,0,0,0,0,0,32.796,6.097
974632230809607,100064197037125,"PC Merchandise","malas naman🥹",,69,"11/14/2022 21:01",,https://www.facebook.com/reel/1414097607430179/,0,0,Reels,,,,,11/23/2022,0,,,,,,0,0,0,0,0,28.966,5.338
974632230809607,100064197037125,"PC Merchandise","malas naman🥹",,69,"11/14/2022 21:01",,https://www.facebook.com/reel/1414097607430179/,0,0,Reels,,,,,11/24/2022,0,,,,,,0,0,0,0,0,7.980,5.800
974632230809607,100064197037125,"PC Merchandise","malas naman🥹",,69,"11/14/2022 21:01",,https://www.facebook.com/reel/1414097607430179/,0,0,Reels,,,,,11/25/2022,0,,,,,,0,0,0,0,0,8.649,6.255
974632230809607,100064197037125,"PC Merchandise","malas naman🥹",,69,"11/14/2022 21:01",,https://www.facebook.com/reel/1414097607430179/,0,0,Reels,,,,,11/26/2022,0,,,,,,0,0,0,0,0,11.985,6.439
974632230809607,100064197037125,"PC Merchandise","malas naman🥹",,69,"11/14/2022 21:01",,https://www.facebook.com/reel/1414097607430179/,0,0,Reels,,,,,11/27/2022,0,,,,,,0,0,0,0,0,16.097,6.549
974632230809607,100064197037125,"PC Merchandise","malas naman🥹",,69,"11/14/2022 21:01",,https://www.facebook.com/reel/1414097607430179/,0,0,Reels,,,,,11/28/2022,0,,,,,,0,0,0,0,0,25.847,5.539
974632230809607,100064197037125,"PC Merchandise","malas naman🥹",,69,"11/14/2022 21:01",,https://www.facebook.com/reel/1414097607430179/,0,0,Reels,,,,,11/29/2022,0,,,,,,0,0,0,0,0,9.352,5.880
974632230809607,100064197037125,"PC Merchandise","malas naman🥹",,69,"11/14/2022 21:01",,https://www.facebook.com/reel/1414097607430179/,0,0,Reels,,,,,11/30/2022,0,,,,,,0,0,0,0,0,18.690,6.655
974846262577741,100064197037125,"PC Merchandise","Paano kung sabihin ko sayo na kaya mo na mag GTX 1660S build under budget? 👀",,0,"11/12/2022 23:30",,https://www.facebook.com/pcmerchandise.co/posts/pfbid0wsemlakyH1UHfZSwGeIBaSISFvqRjXTWuM5hsmXWbXU41So8MpEH1Rt8,0,0,Photos,,,,,11/30/2022,2,,,,,,,,,,,,
974846262577741,100064197037125,"PC Merchandise","Paano kung sabihin ko sayo na kaya mo na mag GTX 1660S build under budget? 👀",,0,"11/12/2022 23:30",,https://www.facebook.com/pcmerchandise.co/posts/pfbid0wsemlakyH1UHfZSwGeIBaSISFvqRjXTWuM5hsmXWbXU41So8MpEH1Rt8,0,0,Photos,,,,,11/01/2022,,,0,0,0,0,0,0,,,,,
974846262577741,100064197037125,"PC Merchandise","Paano kung sabihin ko sayo na kaya mo na mag GTX 1660S build under budget? 👀",,0,"11/12/2022 23:30",,https://www.facebook.com/pcmerchandise.co/posts/pfbid0wsemlakyH1UHfZSwGeIBaSISFvqRjXTWuM5hsmXWbXU41So8MpEH1Rt8,0,0,Photos,,,,,11/02/2022,,,0,0,0,0,0,0,,,,,
974846262577741,100064197037125,"PC Merchandise","Paano kung sabihin ko sayo na kaya mo na mag GTX 1660S build under budget? 👀",,0,"11/12/2022 23:30",,https://www.facebook.com/pcmerchandise.co/posts/pfbid0wsemlakyH1UHfZSwGeIBaSISFvqRjXTWuM5hsmXWbXU41So8MpEH1Rt8,0,0,Photos,,,,,11/03/2022,,,0,0,0,0,0,0,,,,,
974846262577741,100064197037125,"PC Merchandise","Paano kung sabihin ko sayo na kaya mo na mag GTX 1660S build under budget? 👀",,0,"11/12/2022 23:30",,https://www.facebook.com/pcmerchandise.co/posts/pfbid0wsemlakyH1UHfZSwGeIBaSISFvqRjXTWuM5hsmXWbXU41So8MpEH1Rt8,0,0,Photos,,,,,11/04/2022,,,0,0,0,0,0,0,,,,,
974846262577741,100064197037125,"PC Merchandise","Paano kung sabihin ko sayo na kaya mo na mag GTX 1660S build under budget? 👀",,0,"11/12/2022 23:30",,https://www.facebook.com/pcmerchandise.co/posts/pfbid0wsemlakyH1UHfZSwGeIBaSISFvqRjXTWuM5hsmXWbXU41So8MpEH1Rt8,0,0,Photos,,,,,11/05/2022,,,0,0,0,0,0,0,,,,,
974846262577741,100064197037125,"PC Merchandise","Paano kung sabihin ko sayo na kaya mo na mag GTX 1660S build under budget? 👀",,0,"11/12/2022 23:30",,https://www.facebook.com/pcmerchandise.co/posts/pfbid0wsemlakyH1UHfZSwGeIBaSISFvqRjXTWuM5hsmXWbXU41So8MpEH1Rt8,0,0,Photos,,,,,11/06/2022,,,0,0,0,0,0,0,,,,,
974846262577741,100064197037125,"PC Merchandise","Paano kung sabihin ko sayo na kaya mo na mag GTX 1660S build under budget? 👀",,0,"11/12/2022 23:30",,https://www.facebook.com/pcmerchandise.co/posts/pfbid0wsemlakyH1UHfZSwGeIBaSISFvqRjXTWuM5hsmXWbXU41So8MpEH1Rt8,0,0,Photos,,,,,11/07/2022,,,0,0,0,0,0,0,,,,,
974846262577741,100064197037125,"PC Merchandise","Paano kung sabihin ko sayo na kaya mo na mag GTX 1660S build under budget? 👀",,0,"11/12/2022 23:30",,https://www.facebook.com/pcmerchandise.co/posts/pfbid0wsemlakyH1UHfZSwGeIBaSISFvqRjXTWuM5hsmXWbXU41So8MpEH1Rt8,0,0,Photos,,,,,11/08/2022,,,0,0,0,0,0,0,,,,,
974846262577741,100064197037125,"PC Merchandise","Paano kung sabihin ko sayo na kaya mo na mag GTX 1660S build under budget? 👀",,0,"11/12/2022 23:30",,https://www.facebook.com/pcmerchandise.co/posts/pfbid0wsemlakyH1UHfZSwGeIBaSISFvqRjXTWuM5hsmXWbXU41So8MpEH1Rt8,0,0,Photos,,,,,11/09/2022,,,0,0,0,0,0,0,,,,,
974846262577741,100064197037125,"PC Merchandise","Paano kung sabihin ko sayo na kaya mo na mag GTX 1660S build under budget? 👀",,0,"11/12/2022 23:30",,https://www.facebook.com/pcmerchandise.co/posts/pfbid0wsemlakyH1UHfZSwGeIBaSISFvqRjXTWuM5hsmXWbXU41So8MpEH1Rt8,0,0,Photos,,,,,11/10/2022,,,0,0,0,0,0,0,,,,,
974846262577741,100064197037125,"PC Merchandise","Paano kung sabihin ko sayo na kaya mo na mag GTX 1660S build under budget? 👀",,0,"11/12/2022 23:30",,https://www.facebook.com/pcmerchandise.co/posts/pfbid0wsemlakyH1UHfZSwGeIBaSISFvqRjXTWuM5hsmXWbXU41So8MpEH1Rt8,0,0,Photos,,,,,11/11/2022,,,0,0,0,0,0,0,,,,,
974846262577741,100064197037125,"PC Merchandise","Paano kung sabihin ko sayo na kaya mo na mag GTX 1660S build under budget? 👀",,0,"11/12/2022 23:30",,https://www.facebook.com/pcmerchandise.co/posts/pfbid0wsemlakyH1UHfZSwGeIBaSISFvqRjXTWuM5hsmXWbXU41So8MpEH1Rt8,0,0,Photos,,,,,11/12/2022,,,0,0,0,0,0,0,,,,,
974846262577741,100064197037125,"PC Merchandise","Paano kung sabihin ko sayo na kaya mo na mag GTX 1660S build under budget? 👀",,0,"11/12/2022 23:30",,https://www.facebook.com/pcmerchandise.co/posts/pfbid0wsemlakyH1UHfZSwGeIBaSISFvqRjXTWuM5hsmXWbXU41So8MpEH1Rt8,0,0,Photos,,,,,11/13/2022,,,0,0,0,0,0,0,,,,,
974846262577741,100064197037125,"PC Merchandise","Paano kung sabihin ko sayo na kaya mo na mag GTX 1660S build under budget? 👀",,0,"11/12/2022 23:30",,https://www.facebook.com/pcmerchandise.co/posts/pfbid0wsemlakyH1UHfZSwGeIBaSISFvqRjXTWuM5hsmXWbXU41So8MpEH1Rt8,0,0,Photos,,,,,11/14/2022,,,0,0,0,0,0,0,,,,,
974846262577741,100064197037125,"PC Merchandise","Paano kung sabihin ko sayo na kaya mo na mag GTX 1660S build under budget? 👀",,0,"11/12/2022 23:30",,https://www.facebook.com/pcmerchandise.co/posts/pfbid0wsemlakyH1UHfZSwGeIBaSISFvqRjXTWuM5hsmXWbXU41So8MpEH1Rt8,0,0,Photos,,,,,11/15/2022,,,0,0,0,0,0,0,,,,,
974846262577741,100064197037125,"PC Merchandise","Paano kung sabihin ko sayo na kaya mo na mag GTX 1660S build under budget? 👀",,0,"11/12/2022 23:30",,https://www.facebook.com/pcmerchandise.co/posts/pfbid0wsemlakyH1UHfZSwGeIBaSISFvqRjXTWuM5hsmXWbXU41So8MpEH1Rt8,0,0,Photos,,,,,11/16/2022,,,0,0,0,0,0,0,,,,,
974846262577741,100064197037125,"PC Merchandise","Paano kung sabihin ko sayo na kaya mo na mag GTX 1660S build under budget? 👀",,0,"11/12/2022 23:30",,https://www.facebook.com/pcmerchandise.co/posts/pfbid0wsemlakyH1UHfZSwGeIBaSISFvqRjXTWuM5hsmXWbXU41So8MpEH1Rt8,0,0,Photos,,,,,11/17/2022,,,0,0,0,0,0,0,,,,,
974846262577741,100064197037125,"PC Merchandise","Paano kung sabihin ko sayo na kaya mo na mag GTX 1660S build under budget? 👀",,0,"11/12/2022 23:30",,https://www.facebook.com/pcmerchandise.co/posts/pfbid0wsemlakyH1UHfZSwGeIBaSISFvqRjXTWuM5hsmXWbXU41So8MpEH1Rt8,0,0,Photos,,,,,11/18/2022,,,0,0,0,0,0,0,,,,,
974846262577741,100064197037125,"PC Merchandise","Paano kung sabihin ko sayo na kaya mo na mag GTX 1660S build under budget? 👀",,0,"11/12/2022 23:30",,https://www.facebook.com/pcmerchandise.co/posts/pfbid0wsemlakyH1UHfZSwGeIBaSISFvqRjXTWuM5hsmXWbXU41So8MpEH1Rt8,0,0,Photos,,,,,11/19/2022,,,0,0,0,0,0,0,,,,,
974846262577741,100064197037125,"PC Merchandise","Paano kung sabihin ko sayo na kaya mo na mag GTX 1660S build under budget? 👀",,0,"11/12/2022 23:30",,https://www.facebook.com/pcmerchandise.co/posts/pfbid0wsemlakyH1UHfZSwGeIBaSISFvqRjXTWuM5hsmXWbXU41So8MpEH1Rt8,0,0,Photos,,,,,11/20/2022,,,0,0,0,0,0,0,,,,,
974846262577741,100064197037125,"PC Merchandise","Paano kung sabihin ko sayo na kaya mo na mag GTX 1660S build under budget? 👀",,0,"11/12/2022 23:30",,https://www.facebook.com/pcmerchandise.co/posts/pfbid0wsemlakyH1UHfZSwGeIBaSISFvqRjXTWuM5hsmXWbXU41So8MpEH1Rt8,0,0,Photos,,,,,11/21/2022,,,0,0,0,0,0,0,,,,,
974846262577741,100064197037125,"PC Merchandise","Paano kung sabihin ko sayo na kaya mo na mag GTX 1660S build under budget? 👀",,0,"11/12/2022 23:30",,https://www.facebook.com/pcmerchandise.co/posts/pfbid0wsemlakyH1UHfZSwGeIBaSISFvqRjXTWuM5hsmXWbXU41So8MpEH1Rt8,0,0,Photos,,,,,11/22/2022,,,0,0,0,0,0,0,,,,,
974846262577741,100064197037125,"PC Merchandise","Paano kung sabihin ko sayo na kaya mo na mag GTX 1660S build under budget? 👀",,0,"11/12/2022 23:30",,https://www.facebook.com/pcmerchandise.co/posts/pfbid0wsemlakyH1UHfZSwGeIBaSISFvqRjXTWuM5hsmXWbXU41So8MpEH1Rt8,0,0,Photos,,,,,11/23/2022,,,0,0,0,0,0,0,,,,,
974846262577741,100064197037125,"PC Merchandise","Paano kung sabihin ko sayo na kaya mo na mag GTX 1660S build under budget? 👀",,0,"11/12/2022 23:30",,https://www.facebook.com/pcmerchandise.co/posts/pfbid0wsemlakyH1UHfZSwGeIBaSISFvqRjXTWuM5hsmXWbXU41So8MpEH1Rt8,0,0,Photos,,,,,11/24/2022,,,0,0,0,0,0,0,,,,,
974846262577741,100064197037125,"PC Merchandise","Paano kung sabihin ko sayo na kaya mo na mag GTX 1660S build under budget? 👀",,0,"11/12/2022 23:30",,https://www.facebook.com/pcmerchandise.co/posts/pfbid0wsemlakyH1UHfZSwGeIBaSISFvqRjXTWuM5hsmXWbXU41So8MpEH1Rt8,0,0,Photos,,,,,11/25/2022,,,0,0,0,0,0,0,,,,,
974846262577741,100064197037125,"PC Merchandise","Paano kung sabihin ko sayo na kaya mo na mag GTX 1660S build under budget? 👀",,0,"11/12/2022 23:30",,https://www.facebook.com/pcmerchandise.co/posts/pfbid0wsemlakyH1UHfZSwGeIBaSISFvqRjXTWuM5hsmXWbXU41So8MpEH1Rt8,0,0,Photos,,,,,11/26/2022,,,0,0,0,0,0,0,,,,,
974846262577741,100064197037125,"PC Merchandise","Paano kung sabihin ko sayo na kaya mo na mag GTX 1660S build under budget? 👀",,0,"11/12/2022 23:30",,https://www.facebook.com/pcmerchandise.co/posts/pfbid0wsemlakyH1UHfZSwGeIBaSISFvqRjXTWuM5hsmXWbXU41So8MpEH1Rt8,0,0,Photos,,,,,11/27/2022,,,0,0,0,0,0,0,,,,,
974846262577741,100064197037125,"PC Merchandise","Paano kung sabihin ko sayo na kaya mo na mag GTX 1660S build under budget? 👀",,0,"11/12/2022 23:30",,https://www.facebook.com/pcmerchandise.co/posts/pfbid0wsemlakyH1UHfZSwGeIBaSISFvqRjXTWuM5hsmXWbXU41So8MpEH1Rt8,0,0,Photos,,,,,11/28/2022,,,0,0,0,0,0,0,,,,,
974846262577741,100064197037125,"PC Merchandise","Paano kung sabihin ko sayo na kaya mo na mag GTX 1660S build under budget? 👀",,0,"11/12/2022 23:30",,https://www.facebook.com/pcmerchandise.co/posts/pfbid0wsemlakyH1UHfZSwGeIBaSISFvqRjXTWuM5hsmXWbXU41So8MpEH1Rt8,0,0,Photos,,,,,11/29/2022,,,0,0,0,0,0,0,,,,,
974846262577741,100064197037125,"PC Merchandise","Paano kung sabihin ko sayo na kaya mo na mag GTX 1660S build under budget? 👀",,0,"11/12/2022 23:30",,https://www.facebook.com/pcmerchandise.co/posts/pfbid0wsemlakyH1UHfZSwGeIBaSISFvqRjXTWuM5hsmXWbXU41So8MpEH1Rt8,0,0,Photos,,,,,11/30/2022,,,0,0,0,0,0,0,,,,,
975115735807050,100064197037125,"PC Merchandise","𝐒𝐎𝐋𝐃 𝐢𝟓 𝟏𝟎𝟒𝟎𝟎𝐅 (4PCS)
𝐂𝐎𝐌𝐒𝐇𝐎𝐏 𝐏𝐀𝐂𝐊𝐀𝐆𝐄
#PCMERCHANDISE #PCMBUILDS",,0,"11/12/2022 19:15",,https://www.facebook.com/pcmerchandise.co/posts/pfbid05tIaS3tOwDHcyV9QPYCl7eML9dtRKca9LT0T58w6JMyJdkUTitmGqcvz,0,0,Photos,,,,,11/30/2022,0,,,,,,,,,,,,
975115735807050,100064197037125,"PC Merchandise","𝐒𝐎𝐋𝐃 𝐢𝟓 𝟏𝟎𝟒𝟎𝟎𝐅 (4PCS)
𝐂𝐎𝐌𝐒𝐇𝐎𝐏 𝐏𝐀𝐂𝐊𝐀𝐆𝐄
#PCMERCHANDISE #PCMBUILDS",,0,"11/12/2022 19:15",,https://www.facebook.com/pcmerchandise.co/posts/pfbid05tIaS3tOwDHcyV9QPYCl7eML9dtRKca9LT0T58w6JMyJdkUTitmGqcvz,0,0,Photos,,,,,11/01/2022,,,0,0,0,0,0,0,,,,,
975115735807050,100064197037125,"PC Merchandise","𝐒𝐎𝐋𝐃 𝐢𝟓 𝟏𝟎𝟒𝟎𝟎𝐅 (4PCS)
𝐂𝐎𝐌𝐒𝐇𝐎𝐏 𝐏𝐀𝐂𝐊𝐀𝐆𝐄
#PCMERCHANDISE #PCMBUILDS",,0,"11/12/2022 19:15",,https://www.facebook.com/pcmerchandise.co/posts/pfbid05tIaS3tOwDHcyV9QPYCl7eML9dtRKca9LT0T58w6JMyJdkUTitmGqcvz,0,0,Photos,,,,,11/02/2022,,,0,0,0,0,0,0,,,,,
975115735807050,100064197037125,"PC Merchandise","𝐒𝐎𝐋𝐃 𝐢𝟓 𝟏𝟎𝟒𝟎𝟎𝐅 (4PCS)
𝐂𝐎𝐌𝐒𝐇𝐎𝐏 𝐏𝐀𝐂𝐊𝐀𝐆𝐄
#PCMERCHANDISE #PCMBUILDS",,0,"11/12/2022 19:15",,https://www.facebook.com/pcmerchandise.co/posts/pfbid05tIaS3tOwDHcyV9QPYCl7eML9dtRKca9LT0T58w6JMyJdkUTitmGqcvz,0,0,Photos,,,,,11/03/2022,,,0,0,0,0,0,0,,,,,
975115735807050,100064197037125,"PC Merchandise","𝐒𝐎𝐋𝐃 𝐢𝟓 𝟏𝟎𝟒𝟎𝟎𝐅 (4PCS)
𝐂𝐎𝐌𝐒𝐇𝐎𝐏 𝐏𝐀𝐂𝐊𝐀𝐆𝐄
#PCMERCHANDISE #PCMBUILDS",,0,"11/12/2022 19:15",,https://www.facebook.com/pcmerchandise.co/posts/pfbid05tIaS3tOwDHcyV9QPYCl7eML9dtRKca9LT0T58w6JMyJdkUTitmGqcvz,0,0,Photos,,,,,11/04/2022,,,0,0,0,0,0,0,,,,,
975115735807050,100064197037125,"PC Merchandise","𝐒𝐎𝐋𝐃 𝐢𝟓 𝟏𝟎𝟒𝟎𝟎𝐅 (4PCS)
𝐂𝐎𝐌𝐒𝐇𝐎𝐏 𝐏𝐀𝐂𝐊𝐀𝐆𝐄
#PCMERCHANDISE #PCMBUILDS",,0,"11/12/2022 19:15",,https://www.facebook.com/pcmerchandise.co/posts/pfbid05tIaS3tOwDHcyV9QPYCl7eML9dtRKca9LT0T58w6JMyJdkUTitmGqcvz,0,0,Photos,,,,,11/05/2022,,,0,0,0,0,0,0,,,,,
975115735807050,100064197037125,"PC Merchandise","𝐒𝐎𝐋𝐃 𝐢𝟓 𝟏𝟎𝟒𝟎𝟎𝐅 (4PCS)
𝐂𝐎𝐌𝐒𝐇𝐎𝐏 𝐏𝐀𝐂𝐊𝐀𝐆𝐄
#PCMERCHANDISE #PCMBUILDS",,0,"11/12/2022 19:15",,https://www.facebook.com/pcmerchandise.co/posts/pfbid05tIaS3tOwDHcyV9QPYCl7eML9dtRKca9LT0T58w6JMyJdkUTitmGqcvz,0,0,Photos,,,,,11/06/2022,,,0,0,0,0,0,0,,,,,
975115735807050,100064197037125,"PC Merchandise","𝐒𝐎𝐋𝐃 𝐢𝟓 𝟏𝟎𝟒𝟎𝟎𝐅 (4PCS)
𝐂𝐎𝐌𝐒𝐇𝐎𝐏 𝐏𝐀𝐂𝐊𝐀𝐆𝐄
#PCMERCHANDISE #PCMBUILDS",,0,"11/12/2022 19:15",,https://www.facebook.com/pcmerchandise.co/posts/pfbid05tIaS3tOwDHcyV9QPYCl7eML9dtRKca9LT0T58w6JMyJdkUTitmGqcvz,0,0,Photos,,,,,11/07/2022,,,0,0,0,0,0,0,,,,,
975115735807050,100064197037125,"PC Merchandise","𝐒𝐎𝐋𝐃 𝐢𝟓 𝟏𝟎𝟒𝟎𝟎𝐅 (4PCS)
𝐂𝐎𝐌𝐒𝐇𝐎𝐏 𝐏𝐀𝐂𝐊𝐀𝐆𝐄
#PCMERCHANDISE #PCMBUILDS",,0,"11/12/2022 19:15",,https://www.facebook.com/pcmerchandise.co/posts/pfbid05tIaS3tOwDHcyV9QPYCl7eML9dtRKca9LT0T58w6JMyJdkUTitmGqcvz,0,0,Photos,,,,,11/08/2022,,,0,0,0,0,0,0,,,,,
975115735807050,100064197037125,"PC Merchandise","𝐒𝐎𝐋𝐃 𝐢𝟓 𝟏𝟎𝟒𝟎𝟎𝐅 (4PCS)
𝐂𝐎𝐌𝐒𝐇𝐎𝐏 𝐏𝐀𝐂𝐊𝐀𝐆𝐄
#PCMERCHANDISE #PCMBUILDS",,0,"11/12/2022 19:15",,https://www.facebook.com/pcmerchandise.co/posts/pfbid05tIaS3tOwDHcyV9QPYCl7eML9dtRKca9LT0T58w6JMyJdkUTitmGqcvz,0,0,Photos,,,,,11/09/2022,,,0,0,0,0,0,0,,,,,
975115735807050,100064197037125,"PC Merchandise","𝐒𝐎𝐋𝐃 𝐢𝟓 𝟏𝟎𝟒𝟎𝟎𝐅 (4PCS)
𝐂𝐎𝐌𝐒𝐇𝐎𝐏 𝐏𝐀𝐂𝐊𝐀𝐆𝐄
#PCMERCHANDISE #PCMBUILDS",,0,"11/12/2022 19:15",,https://www.facebook.com/pcmerchandise.co/posts/pfbid05tIaS3tOwDHcyV9QPYCl7eML9dtRKca9LT0T58w6JMyJdkUTitmGqcvz,0,0,Photos,,,,,11/10/2022,,,0,0,0,0,0,0,,,,,
975115735807050,100064197037125,"PC Merchandise","𝐒𝐎𝐋𝐃 𝐢𝟓 𝟏𝟎𝟒𝟎𝟎𝐅 (4PCS)
𝐂𝐎𝐌𝐒𝐇𝐎𝐏 𝐏𝐀𝐂𝐊𝐀𝐆𝐄
#PCMERCHANDISE #PCMBUILDS",,0,"11/12/2022 19:15",,https://www.facebook.com/pcmerchandise.co/posts/pfbid05tIaS3tOwDHcyV9QPYCl7eML9dtRKca9LT0T58w6JMyJdkUTitmGqcvz,0,0,Photos,,,,,11/11/2022,,,0,0,0,0,0,0,,,,,
975115735807050,100064197037125,"PC Merchandise","𝐒𝐎𝐋𝐃 𝐢𝟓 𝟏𝟎𝟒𝟎𝟎𝐅 (4PCS)
𝐂𝐎𝐌𝐒𝐇𝐎𝐏 𝐏𝐀𝐂𝐊𝐀𝐆𝐄
#PCMERCHANDISE #PCMBUILDS",,0,"11/12/2022 19:15",,https://www.facebook.com/pcmerchandise.co/posts/pfbid05tIaS3tOwDHcyV9QPYCl7eML9dtRKca9LT0T58w6JMyJdkUTitmGqcvz,0,0,Photos,,,,,11/12/2022,,,0,0,0,0,0,0,,,,,
975115735807050,100064197037125,"PC Merchandise","𝐒𝐎𝐋𝐃 𝐢𝟓 𝟏𝟎𝟒𝟎𝟎𝐅 (4PCS)
𝐂𝐎𝐌𝐒𝐇𝐎𝐏 𝐏𝐀𝐂𝐊𝐀𝐆𝐄
#PCMERCHANDISE #PCMBUILDS",,0,"11/12/2022 19:15",,https://www.facebook.com/pcmerchandise.co/posts/pfbid05tIaS3tOwDHcyV9QPYCl7eML9dtRKca9LT0T58w6JMyJdkUTitmGqcvz,0,0,Photos,,,,,11/13/2022,,,0,0,0,0,0,0,,,,,
975115735807050,100064197037125,"PC Merchandise","𝐒𝐎𝐋𝐃 𝐢𝟓 𝟏𝟎𝟒𝟎𝟎𝐅 (4PCS)
𝐂𝐎𝐌𝐒𝐇𝐎𝐏 𝐏𝐀𝐂𝐊𝐀𝐆𝐄
#PCMERCHANDISE #PCMBUILDS",,0,"11/12/2022 19:15",,https://www.facebook.com/pcmerchandise.co/posts/pfbid05tIaS3tOwDHcyV9QPYCl7eML9dtRKca9LT0T58w6JMyJdkUTitmGqcvz,0,0,Photos,,,,,11/14/2022,,,0,0,0,0,0,0,,,,,
975115735807050,100064197037125,"PC Merchandise","𝐒𝐎𝐋𝐃 𝐢𝟓 𝟏𝟎𝟒𝟎𝟎𝐅 (4PCS)
𝐂𝐎𝐌𝐒𝐇𝐎𝐏 𝐏𝐀𝐂𝐊𝐀𝐆𝐄
#PCMERCHANDISE #PCMBUILDS",,0,"11/12/2022 19:15",,https://www.facebook.com/pcmerchandise.co/posts/pfbid05tIaS3tOwDHcyV9QPYCl7eML9dtRKca9LT0T58w6JMyJdkUTitmGqcvz,0,0,Photos,,,,,11/15/2022,,,0,0,0,0,0,0,,,,,
975115735807050,100064197037125,"PC Merchandise","𝐒𝐎𝐋𝐃 𝐢𝟓 𝟏𝟎𝟒𝟎𝟎𝐅 (4PCS)
𝐂𝐎𝐌𝐒𝐇𝐎𝐏 𝐏𝐀𝐂𝐊𝐀𝐆𝐄
#PCMERCHANDISE #PCMBUILDS",,0,"11/12/2022 19:15",,https://www.facebook.com/pcmerchandise.co/posts/pfbid05tIaS3tOwDHcyV9QPYCl7eML9dtRKca9LT0T58w6JMyJdkUTitmGqcvz,0,0,Photos,,,,,11/16/2022,,,0,0,0,0,0,0,,,,,
975115735807050,100064197037125,"PC Merchandise","𝐒𝐎𝐋𝐃 𝐢𝟓 𝟏𝟎𝟒𝟎𝟎𝐅 (4PCS)
𝐂𝐎𝐌𝐒𝐇𝐎𝐏 𝐏𝐀𝐂𝐊𝐀𝐆𝐄
#PCMERCHANDISE #PCMBUILDS",,0,"11/12/2022 19:15",,https://www.facebook.com/pcmerchandise.co/posts/pfbid05tIaS3tOwDHcyV9QPYCl7eML9dtRKca9LT0T58w6JMyJdkUTitmGqcvz,0,0,Photos,,,,,11/17/2022,,,0,0,0,0,0,0,,,,,
975115735807050,100064197037125,"PC Merchandise","𝐒𝐎𝐋𝐃 𝐢𝟓 𝟏𝟎𝟒𝟎𝟎𝐅 (4PCS)
𝐂𝐎𝐌𝐒𝐇𝐎𝐏 𝐏𝐀𝐂𝐊𝐀𝐆𝐄
#PCMERCHANDISE #PCMBUILDS",,0,"11/12/2022 19:15",,https://www.facebook.com/pcmerchandise.co/posts/pfbid05tIaS3tOwDHcyV9QPYCl7eML9dtRKca9LT0T58w6JMyJdkUTitmGqcvz,0,0,Photos,,,,,11/18/2022,,,0,0,0,0,0,0,,,,,
975115735807050,100064197037125,"PC Merchandise","𝐒𝐎𝐋𝐃 𝐢𝟓 𝟏𝟎𝟒𝟎𝟎𝐅 (4PCS)
𝐂𝐎𝐌𝐒𝐇𝐎𝐏 𝐏𝐀𝐂𝐊𝐀𝐆𝐄
#PCMERCHANDISE #PCMBUILDS",,0,"11/12/2022 19:15",,https://www.facebook.com/pcmerchandise.co/posts/pfbid05tIaS3tOwDHcyV9QPYCl7eML9dtRKca9LT0T58w6JMyJdkUTitmGqcvz,0,0,Photos,,,,,11/19/2022,,,0,0,0,0,0,0,,,,,
975115735807050,100064197037125,"PC Merchandise","𝐒𝐎𝐋𝐃 𝐢𝟓 𝟏𝟎𝟒𝟎𝟎𝐅 (4PCS)
𝐂𝐎𝐌𝐒𝐇𝐎𝐏 𝐏𝐀𝐂𝐊𝐀𝐆𝐄
#PCMERCHANDISE #PCMBUILDS",,0,"11/12/2022 19:15",,https://www.facebook.com/pcmerchandise.co/posts/pfbid05tIaS3tOwDHcyV9QPYCl7eML9dtRKca9LT0T58w6JMyJdkUTitmGqcvz,0,0,Photos,,,,,11/20/2022,,,0,0,0,0,0,0,,,,,
975115735807050,100064197037125,"PC Merchandise","𝐒𝐎𝐋𝐃 𝐢𝟓 𝟏𝟎𝟒𝟎𝟎𝐅 (4PCS)
𝐂𝐎𝐌𝐒𝐇𝐎𝐏 𝐏𝐀𝐂𝐊𝐀𝐆𝐄
#PCMERCHANDISE #PCMBUILDS",,0,"11/12/2022 19:15",,https://www.facebook.com/pcmerchandise.co/posts/pfbid05tIaS3tOwDHcyV9QPYCl7eML9dtRKca9LT0T58w6JMyJdkUTitmGqcvz,0,0,Photos,,,,,11/21/2022,,,0,0,0,0,0,0,,,,,
975115735807050,100064197037125,"PC Merchandise","𝐒𝐎𝐋𝐃 𝐢𝟓 𝟏𝟎𝟒𝟎𝟎𝐅 (4PCS)
𝐂𝐎𝐌𝐒𝐇𝐎𝐏 𝐏𝐀𝐂𝐊𝐀𝐆𝐄
#PCMERCHANDISE #PCMBUILDS",,0,"11/12/2022 19:15",,https://www.facebook.com/pcmerchandise.co/posts/pfbid05tIaS3tOwDHcyV9QPYCl7eML9dtRKca9LT0T58w6JMyJdkUTitmGqcvz,0,0,Photos,,,,,11/22/2022,,,0,0,0,0,0,0,,,,,
975115735807050,100064197037125,"PC Merchandise","𝐒𝐎𝐋𝐃 𝐢𝟓 𝟏𝟎𝟒𝟎𝟎𝐅 (4PCS)
𝐂𝐎𝐌𝐒𝐇𝐎𝐏 𝐏𝐀𝐂𝐊𝐀𝐆𝐄
#PCMERCHANDISE #PCMBUILDS",,0,"11/12/2022 19:15",,https://www.facebook.com/pcmerchandise.co/posts/pfbid05tIaS3tOwDHcyV9QPYCl7eML9dtRKca9LT0T58w6JMyJdkUTitmGqcvz,0,0,Photos,,,,,11/23/2022,,,0,0,0,0,0,0,,,,,
975115735807050,100064197037125,"PC Merchandise","𝐒𝐎𝐋𝐃 𝐢𝟓 𝟏𝟎𝟒𝟎𝟎𝐅 (4PCS)
𝐂𝐎𝐌𝐒𝐇𝐎𝐏 𝐏𝐀𝐂𝐊𝐀𝐆𝐄
#PCMERCHANDISE #PCMBUILDS",,0,"11/12/2022 19:15",,https://www.facebook.com/pcmerchandise.co/posts/pfbid05tIaS3tOwDHcyV9QPYCl7eML9dtRKca9LT0T58w6JMyJdkUTitmGqcvz,0,0,Photos,,,,,11/24/2022,,,0,0,0,0,0,0,,,,,
975115735807050,100064197037125,"PC Merchandise","𝐒𝐎𝐋𝐃 𝐢𝟓 𝟏𝟎𝟒𝟎𝟎𝐅 (4PCS)
𝐂𝐎𝐌𝐒𝐇𝐎𝐏 𝐏𝐀𝐂𝐊𝐀𝐆𝐄
#PCMERCHANDISE #PCMBUILDS",,0,"11/12/2022 19:15",,https://www.facebook.com/pcmerchandise.co/posts/pfbid05tIaS3tOwDHcyV9QPYCl7eML9dtRKca9LT0T58w6JMyJdkUTitmGqcvz,0,0,Photos,,,,,11/25/2022,,,0,0,0,0,0,0,,,,,
975115735807050,100064197037125,"PC Merchandise","𝐒𝐎𝐋𝐃 𝐢𝟓 𝟏𝟎𝟒𝟎𝟎𝐅 (4PCS)
𝐂𝐎𝐌𝐒𝐇𝐎𝐏 𝐏𝐀𝐂𝐊𝐀𝐆𝐄
#PCMERCHANDISE #PCMBUILDS",,0,"11/12/2022 19:15",,https://www.facebook.com/pcmerchandise.co/posts/pfbid05tIaS3tOwDHcyV9QPYCl7eML9dtRKca9LT0T58w6JMyJdkUTitmGqcvz,0,0,Photos,,,,,11/26/2022,,,0,0,0,0,0,0,,,,,
975115735807050,100064197037125,"PC Merchandise","𝐒𝐎𝐋𝐃 𝐢𝟓 𝟏𝟎𝟒𝟎𝟎𝐅 (4PCS)
𝐂𝐎𝐌𝐒𝐇𝐎𝐏 𝐏𝐀𝐂𝐊𝐀𝐆𝐄
#PCMERCHANDISE #PCMBUILDS",,0,"11/12/2022 19:15",,https://www.facebook.com/pcmerchandise.co/posts/pfbid05tIaS3tOwDHcyV9QPYCl7eML9dtRKca9LT0T58w6JMyJdkUTitmGqcvz,0,0,Photos,,,,,11/27/2022,,,0,0,0,0,0,0,,,,,
975115735807050,100064197037125,"PC Merchandise","𝐒𝐎𝐋𝐃 𝐢𝟓 𝟏𝟎𝟒𝟎𝟎𝐅 (4PCS)
𝐂𝐎𝐌𝐒𝐇𝐎𝐏 𝐏𝐀𝐂𝐊𝐀𝐆𝐄
#PCMERCHANDISE #PCMBUILDS",,0,"11/12/2022 19:15",,https://www.facebook.com/pcmerchandise.co/posts/pfbid05tIaS3tOwDHcyV9QPYCl7eML9dtRKca9LT0T58w6JMyJdkUTitmGqcvz,0,0,Photos,,,,,11/28/2022,,,0,0,0,0,0,0,,,,,
975115735807050,100064197037125,"PC Merchandise","𝐒𝐎𝐋𝐃 𝐢𝟓 𝟏𝟎𝟒𝟎𝟎𝐅 (4PCS)
𝐂𝐎𝐌𝐒𝐇𝐎𝐏 𝐏𝐀𝐂𝐊𝐀𝐆𝐄
#PCMERCHANDISE #PCMBUILDS",,0,"11/12/2022 19:15",,https://www.facebook.com/pcmerchandise.co/posts/pfbid05tIaS3tOwDHcyV9QPYCl7eML9dtRKca9LT0T58w6JMyJdkUTitmGqcvz,0,0,Photos,,,,,11/29/2022,,,0,0,0,0,0,0,,,,,
975115735807050,100064197037125,"PC Merchandise","𝐒𝐎𝐋𝐃 𝐢𝟓 𝟏𝟎𝟒𝟎𝟎𝐅 (4PCS)
𝐂𝐎𝐌𝐒𝐇𝐎𝐏 𝐏𝐀𝐂𝐊𝐀𝐆𝐄
#PCMERCHANDISE #PCMBUILDS",,0,"11/12/2022 19:15",,https://www.facebook.com/pcmerchandise.co/posts/pfbid05tIaS3tOwDHcyV9QPYCl7eML9dtRKca9LT0T58w6JMyJdkUTitmGqcvz,0,0,Photos,,,,,11/30/2022,,,0,0,0,0,0,0,,,,,
975285697820914,100064197037125,"PC Merchandise","malas naman🥹",,0,"11/11/2022 22:15",,https://www.facebook.com/pcmerchandise.co/posts/pfbid0fRcZd3JR5uxlALittyhNq3oWrd1M5hN23Ym6VtkeSdIsFTi64RMd8fhi,0,0,Photos,,,,,11/30/2022,0,,,,,,,,,,,,
975285697820914,100064197037125,"PC Merchandise","malas naman🥹",,0,"11/11/2022 22:15",,https://www.facebook.com/pcmerchandise.co/posts/pfbid0fRcZd3JR5uxlALittyhNq3oWrd1M5hN23Ym6VtkeSdIsFTi64RMd8fhi,0,0,Photos,,,,,11/01/2022,,,0,0,0,0,0,0,,,,,
975285697820914,100064197037125,"PC Merchandise","malas naman🥹",,0,"11/11/2022 22:15",,https://www.facebook.com/pcmerchandise.co/posts/pfbid0fRcZd3JR5uxlALittyhNq3oWrd1M5hN23Ym6VtkeSdIsFTi64RMd8fhi,0,0,Photos,,,,,11/02/2022,,,0,0,0,0,0,0,,,,,
975285697820914,100064197037125,"PC Merchandise","malas naman🥹",,0,"11/11/2022 22:15",,https://www.facebook.com/pcmerchandise.co/posts/pfbid0fRcZd3JR5uxlALittyhNq3oWrd1M5hN23Ym6VtkeSdIsFTi64RMd8fhi,0,0,Photos,,,,,11/03/2022,,,0,0,0,0,0,0,,,,,
975285697820914,100064197037125,"PC Merchandise","malas naman🥹",,0,"11/11/2022 22:15",,https://www.facebook.com/pcmerchandise.co/posts/pfbid0fRcZd3JR5uxlALittyhNq3oWrd1M5hN23Ym6VtkeSdIsFTi64RMd8fhi,0,0,Photos,,,,,11/04/2022,,,0,0,0,0,0,0,,,,,
975285697820914,100064197037125,"PC Merchandise","malas naman🥹",,0,"11/11/2022 22:15",,https://www.facebook.com/pcmerchandise.co/posts/pfbid0fRcZd3JR5uxlALittyhNq3oWrd1M5hN23Ym6VtkeSdIsFTi64RMd8fhi,0,0,Photos,,,,,11/05/2022,,,0,0,0,0,0,0,,,,,
975285697820914,100064197037125,"PC Merchandise","malas naman🥹",,0,"11/11/2022 22:15",,https://www.facebook.com/pcmerchandise.co/posts/pfbid0fRcZd3JR5uxlALittyhNq3oWrd1M5hN23Ym6VtkeSdIsFTi64RMd8fhi,0,0,Photos,,,,,11/06/2022,,,0,0,0,0,0,0,,,,,
975285697820914,100064197037125,"PC Merchandise","malas naman🥹",,0,"11/11/2022 22:15",,https://www.facebook.com/pcmerchandise.co/posts/pfbid0fRcZd3JR5uxlALittyhNq3oWrd1M5hN23Ym6VtkeSdIsFTi64RMd8fhi,0,0,Photos,,,,,11/07/2022,,,0,0,0,0,0,0,,,,,
975285697820914,100064197037125,"PC Merchandise","malas naman🥹",,0,"11/11/2022 22:15",,https://www.facebook.com/pcmerchandise.co/posts/pfbid0fRcZd3JR5uxlALittyhNq3oWrd1M5hN23Ym6VtkeSdIsFTi64RMd8fhi,0,0,Photos,,,,,11/08/2022,,,0,0,0,0,0,0,,,,,
975285697820914,100064197037125,"PC Merchandise","malas naman🥹",,0,"11/11/2022 22:15",,https://www.facebook.com/pcmerchandise.co/posts/pfbid0fRcZd3JR5uxlALittyhNq3oWrd1M5hN23Ym6VtkeSdIsFTi64RMd8fhi,0,0,Photos,,,,,11/09/2022,,,0,0,0,0,0,0,,,,,
975285697820914,100064197037125,"PC Merchandise","malas naman🥹",,0,"11/11/2022 22:15",,https://www.facebook.com/pcmerchandise.co/posts/pfbid0fRcZd3JR5uxlALittyhNq3oWrd1M5hN23Ym6VtkeSdIsFTi64RMd8fhi,0,0,Photos,,,,,11/10/2022,,,0,0,0,0,0,0,,,,,
975285697820914,100064197037125,"PC Merchandise","malas naman🥹",,0,"11/11/2022 22:15",,https://www.facebook.com/pcmerchandise.co/posts/pfbid0fRcZd3JR5uxlALittyhNq3oWrd1M5hN23Ym6VtkeSdIsFTi64RMd8fhi,0,0,Photos,,,,,11/11/2022,,,0,0,0,0,0,0,,,,,
975285697820914,100064197037125,"PC Merchandise","malas naman🥹",,0,"11/11/2022 22:15",,https://www.facebook.com/pcmerchandise.co/posts/pfbid0fRcZd3JR5uxlALittyhNq3oWrd1M5hN23Ym6VtkeSdIsFTi64RMd8fhi,0,0,Photos,,,,,11/12/2022,,,0,0,0,0,0,0,,,,,
975285697820914,100064197037125,"PC Merchandise","malas naman🥹",,0,"11/11/2022 22:15",,https://www.facebook.com/pcmerchandise.co/posts/pfbid0fRcZd3JR5uxlALittyhNq3oWrd1M5hN23Ym6VtkeSdIsFTi64RMd8fhi,0,0,Photos,,,,,11/13/2022,,,0,0,0,0,0,0,,,,,
975285697820914,100064197037125,"PC Merchandise","malas naman🥹",,0,"11/11/2022 22:15",,https://www.facebook.com/pcmerchandise.co/posts/pfbid0fRcZd3JR5uxlALittyhNq3oWrd1M5hN23Ym6VtkeSdIsFTi64RMd8fhi,0,0,Photos,,,,,11/14/2022,,,0,0,0,0,0,0,,,,,
975285697820914,100064197037125,"PC Merchandise","malas naman🥹",,0,"11/11/2022 22:15",,https://www.facebook.com/pcmerchandise.co/posts/pfbid0fRcZd3JR5uxlALittyhNq3oWrd1M5hN23Ym6VtkeSdIsFTi64RMd8fhi,0,0,Photos,,,,,11/15/2022,,,0,0,0,0,0,0,,,,,
975285697820914,100064197037125,"PC Merchandise","malas naman🥹",,0,"11/11/2022 22:15",,https://www.facebook.com/pcmerchandise.co/posts/pfbid0fRcZd3JR5uxlALittyhNq3oWrd1M5hN23Ym6VtkeSdIsFTi64RMd8fhi,0,0,Photos,,,,,11/16/2022,,,0,0,0,0,0,0,,,,,
975285697820914,100064197037125,"PC Merchandise","malas naman🥹",,0,"11/11/2022 22:15",,https://www.facebook.com/pcmerchandise.co/posts/pfbid0fRcZd3JR5uxlALittyhNq3oWrd1M5hN23Ym6VtkeSdIsFTi64RMd8fhi,0,0,Photos,,,,,11/17/2022,,,0,0,0,0,0,0,,,,,
975285697820914,100064197037125,"PC Merchandise","malas naman🥹",,0,"11/11/2022 22:15",,https://www.facebook.com/pcmerchandise.co/posts/pfbid0fRcZd3JR5uxlALittyhNq3oWrd1M5hN23Ym6VtkeSdIsFTi64RMd8fhi,0,0,Photos,,,,,11/18/2022,,,0,0,0,0,0,0,,,,,
975285697820914,100064197037125,"PC Merchandise","malas naman🥹",,0,"11/11/2022 22:15",,https://www.facebook.com/pcmerchandise.co/posts/pfbid0fRcZd3JR5uxlALittyhNq3oWrd1M5hN23Ym6VtkeSdIsFTi64RMd8fhi,0,0,Photos,,,,,11/19/2022,,,0,0,0,0,0,0,,,,,
975285697820914,100064197037125,"PC Merchandise","malas naman🥹",,0,"11/11/2022 22:15",,https://www.facebook.com/pcmerchandise.co/posts/pfbid0fRcZd3JR5uxlALittyhNq3oWrd1M5hN23Ym6VtkeSdIsFTi64RMd8fhi,0,0,Photos,,,,,11/20/2022,,,0,0,0,0,0,0,,,,,
975285697820914,100064197037125,"PC Merchandise","malas naman🥹",,0,"11/11/2022 22:15",,https://www.facebook.com/pcmerchandise.co/posts/pfbid0fRcZd3JR5uxlALittyhNq3oWrd1M5hN23Ym6VtkeSdIsFTi64RMd8fhi,0,0,Photos,,,,,11/21/2022,,,0,0,0,0,0,0,,,,,
975285697820914,100064197037125,"PC Merchandise","malas naman🥹",,0,"11/11/2022 22:15",,https://www.facebook.com/pcmerchandise.co/posts/pfbid0fRcZd3JR5uxlALittyhNq3oWrd1M5hN23Ym6VtkeSdIsFTi64RMd8fhi,0,0,Photos,,,,,11/22/2022,,,0,0,0,0,0,0,,,,,
975285697820914,100064197037125,"PC Merchandise","malas naman🥹",,0,"11/11/2022 22:15",,https://www.facebook.com/pcmerchandise.co/posts/pfbid0fRcZd3JR5uxlALittyhNq3oWrd1M5hN23Ym6VtkeSdIsFTi64RMd8fhi,0,0,Photos,,,,,11/23/2022,,,0,0,0,0,0,0,,,,,
975285697820914,100064197037125,"PC Merchandise","malas naman🥹",,0,"11/11/2022 22:15",,https://www.facebook.com/pcmerchandise.co/posts/pfbid0fRcZd3JR5uxlALittyhNq3oWrd1M5hN23Ym6VtkeSdIsFTi64RMd8fhi,0,0,Photos,,,,,11/24/2022,,,0,0,0,0,0,0,,,,,
975285697820914,100064197037125,"PC Merchandise","malas naman🥹",,0,"11/11/2022 22:15",,https://www.facebook.com/pcmerchandise.co/posts/pfbid0fRcZd3JR5uxlALittyhNq3oWrd1M5hN23Ym6VtkeSdIsFTi64RMd8fhi,0,0,Photos,,,,,11/25/2022,,,0,0,0,0,0,0,,,,,
975285697820914,100064197037125,"PC Merchandise","malas naman🥹",,0,"11/11/2022 22:15",,https://www.facebook.com/pcmerchandise.co/posts/pfbid0fRcZd3JR5uxlALittyhNq3oWrd1M5hN23Ym6VtkeSdIsFTi64RMd8fhi,0,0,Photos,,,,,11/26/2022,,,0,0,0,0,0,0,,,,,
975285697820914,100064197037125,"PC Merchandise","malas naman🥹",,0,"11/11/2022 22:15",,https://www.facebook.com/pcmerchandise.co/posts/pfbid0fRcZd3JR5uxlALittyhNq3oWrd1M5hN23Ym6VtkeSdIsFTi64RMd8fhi,0,0,Photos,,,,,11/27/2022,,,0,0,0,0,0,0,,,,,
975285697820914,100064197037125,"PC Merchandise","malas naman🥹",,0,"11/11/2022 22:15",,https://www.facebook.com/pcmerchandise.co/posts/pfbid0fRcZd3JR5uxlALittyhNq3oWrd1M5hN23Ym6VtkeSdIsFTi64RMd8fhi,0,0,Photos,,,,,11/28/2022,,,0,0,0,0,0,0,,,,,
975285697820914,100064197037125,"PC Merchandise","malas naman🥹",,0,"11/11/2022 22:15",,https://www.facebook.com/pcmerchandise.co/posts/pfbid0fRcZd3JR5uxlALittyhNq3oWrd1M5hN23Ym6VtkeSdIsFTi64RMd8fhi,0,0,Photos,,,,,11/29/2022,,,0,0,0,0,0,0,,,,,
975285697820914,100064197037125,"PC Merchandise","malas naman🥹",,0,"11/11/2022 22:15",,https://www.facebook.com/pcmerchandise.co/posts/pfbid0fRcZd3JR5uxlALittyhNq3oWrd1M5hN23Ym6VtkeSdIsFTi64RMd8fhi,0,0,Photos,,,,,11/30/2022,,,0,0,0,0,0,0,,,,,
974722759577911,100064197037125,"PC Merchandise","READY STOCK: i3 10100F / GTX 1660S builds. Same-day assembly. PM NOW!",,0,"11/11/2022 19:15",,https://www.facebook.com/pcmerchandise.co/posts/pfbid0PCdSBaJ8l9siYxz2jDwCf7A6E3rZEjGRsdQHU66FlhF2TXKyfS4Z33cl,0,0,Photos,,,,,11/30/2022,3,,,,,,,,,,,,
974722759577911,100064197037125,"PC Merchandise","READY STOCK: i3 10100F / GTX 1660S builds. Same-day assembly. PM NOW!",,0,"11/11/2022 19:15",,https://www.facebook.com/pcmerchandise.co/posts/pfbid0PCdSBaJ8l9siYxz2jDwCf7A6E3rZEjGRsdQHU66FlhF2TXKyfS4Z33cl,0,0,Photos,,,,,11/01/2022,,,0,0,0,0,0,0,,,,,
974722759577911,100064197037125,"PC Merchandise","READY STOCK: i3 10100F / GTX 1660S builds. Same-day assembly. PM NOW!",,0,"11/11/2022 19:15",,https://www.facebook.com/pcmerchandise.co/posts/pfbid0PCdSBaJ8l9siYxz2jDwCf7A6E3rZEjGRsdQHU66FlhF2TXKyfS4Z33cl,0,0,Photos,,,,,11/02/2022,,,0,0,0,0,0,0,,,,,
974722759577911,100064197037125,"PC Merchandise","READY STOCK: i3 10100F / GTX 1660S builds. Same-day assembly. PM NOW!",,0,"11/11/2022 19:15",,https://www.facebook.com/pcmerchandise.co/posts/pfbid0PCdSBaJ8l9siYxz2jDwCf7A6E3rZEjGRsdQHU66FlhF2TXKyfS4Z33cl,0,0,Photos,,,,,11/03/2022,,,0,0,0,0,0,0,,,,,
974722759577911,100064197037125,"PC Merchandise","READY STOCK: i3 10100F / GTX 1660S builds. Same-day assembly. PM NOW!",,0,"11/11/2022 19:15",,https://www.facebook.com/pcmerchandise.co/posts/pfbid0PCdSBaJ8l9siYxz2jDwCf7A6E3rZEjGRsdQHU66FlhF2TXKyfS4Z33cl,0,0,Photos,,,,,11/04/2022,,,0,0,0,0,0,0,,,,,
974722759577911,100064197037125,"PC Merchandise","READY STOCK: i3 10100F / GTX 1660S builds. Same-day assembly. PM NOW!",,0,"11/11/2022 19:15",,https://www.facebook.com/pcmerchandise.co/posts/pfbid0PCdSBaJ8l9siYxz2jDwCf7A6E3rZEjGRsdQHU66FlhF2TXKyfS4Z33cl,0,0,Photos,,,,,11/05/2022,,,0,0,0,0,0,0,,,,,
974722759577911,100064197037125,"PC Merchandise","READY STOCK: i3 10100F / GTX 1660S builds. Same-day assembly. PM NOW!",,0,"11/11/2022 19:15",,https://www.facebook.com/pcmerchandise.co/posts/pfbid0PCdSBaJ8l9siYxz2jDwCf7A6E3rZEjGRsdQHU66FlhF2TXKyfS4Z33cl,0,0,Photos,,,,,11/06/2022,,,0,0,0,0,0,0,,,,,
974722759577911,100064197037125,"PC Merchandise","READY STOCK: i3 10100F / GTX 1660S builds. Same-day assembly. PM NOW!",,0,"11/11/2022 19:15",,https://www.facebook.com/pcmerchandise.co/posts/pfbid0PCdSBaJ8l9siYxz2jDwCf7A6E3rZEjGRsdQHU66FlhF2TXKyfS4Z33cl,0,0,Photos,,,,,11/07/2022,,,0,0,0,0,0,0,,,,,
974722759577911,100064197037125,"PC Merchandise","READY STOCK: i3 10100F / GTX 1660S builds. Same-day assembly. PM NOW!",,0,"11/11/2022 19:15",,https://www.facebook.com/pcmerchandise.co/posts/pfbid0PCdSBaJ8l9siYxz2jDwCf7A6E3rZEjGRsdQHU66FlhF2TXKyfS4Z33cl,0,0,Photos,,,,,11/08/2022,,,0,0,0,0,0,0,,,,,
974722759577911,100064197037125,"PC Merchandise","READY STOCK: i3 10100F / GTX 1660S builds. Same-day assembly. PM NOW!",,0,"11/11/2022 19:15",,https://www.facebook.com/pcmerchandise.co/posts/pfbid0PCdSBaJ8l9siYxz2jDwCf7A6E3rZEjGRsdQHU66FlhF2TXKyfS4Z33cl,0,0,Photos,,,,,11/09/2022,,,0,0,0,0,0,0,,,,,
974722759577911,100064197037125,"PC Merchandise","READY STOCK: i3 10100F / GTX 1660S builds. Same-day assembly. PM NOW!",,0,"11/11/2022 19:15",,https://www.facebook.com/pcmerchandise.co/posts/pfbid0PCdSBaJ8l9siYxz2jDwCf7A6E3rZEjGRsdQHU66FlhF2TXKyfS4Z33cl,0,0,Photos,,,,,11/10/2022,,,0,0,0,0,0,0,,,,,
974722759577911,100064197037125,"PC Merchandise","READY STOCK: i3 10100F / GTX 1660S builds. Same-day assembly. PM NOW!",,0,"11/11/2022 19:15",,https://www.facebook.com/pcmerchandise.co/posts/pfbid0PCdSBaJ8l9siYxz2jDwCf7A6E3rZEjGRsdQHU66FlhF2TXKyfS4Z33cl,0,0,Photos,,,,,11/11/2022,,,0,0,0,0,0,0,,,,,
974722759577911,100064197037125,"PC Merchandise","READY STOCK: i3 10100F / GTX 1660S builds. Same-day assembly. PM NOW!",,0,"11/11/2022 19:15",,https://www.facebook.com/pcmerchandise.co/posts/pfbid0PCdSBaJ8l9siYxz2jDwCf7A6E3rZEjGRsdQHU66FlhF2TXKyfS4Z33cl,0,0,Photos,,,,,11/12/2022,,,0,0,0,0,0,0,,,,,
974722759577911,100064197037125,"PC Merchandise","READY STOCK: i3 10100F / GTX 1660S builds. Same-day assembly. PM NOW!",,0,"11/11/2022 19:15",,https://www.facebook.com/pcmerchandise.co/posts/pfbid0PCdSBaJ8l9siYxz2jDwCf7A6E3rZEjGRsdQHU66FlhF2TXKyfS4Z33cl,0,0,Photos,,,,,11/13/2022,,,0,0,0,0,0,0,,,,,
974722759577911,100064197037125,"PC Merchandise","READY STOCK: i3 10100F / GTX 1660S builds. Same-day assembly. PM NOW!",,0,"11/11/2022 19:15",,https://www.facebook.com/pcmerchandise.co/posts/pfbid0PCdSBaJ8l9siYxz2jDwCf7A6E3rZEjGRsdQHU66FlhF2TXKyfS4Z33cl,0,0,Photos,,,,,11/14/2022,,,0,0,0,0,0,0,,,,,
974722759577911,100064197037125,"PC Merchandise","READY STOCK: i3 10100F / GTX 1660S builds. Same-day assembly. PM NOW!",,0,"11/11/2022 19:15",,https://www.facebook.com/pcmerchandise.co/posts/pfbid0PCdSBaJ8l9siYxz2jDwCf7A6E3rZEjGRsdQHU66FlhF2TXKyfS4Z33cl,0,0,Photos,,,,,11/15/2022,,,0,0,0,0,0,0,,,,,
974722759577911,100064197037125,"PC Merchandise","READY STOCK: i3 10100F / GTX 1660S builds. Same-day assembly. PM NOW!",,0,"11/11/2022 19:15",,https://www.facebook.com/pcmerchandise.co/posts/pfbid0PCdSBaJ8l9siYxz2jDwCf7A6E3rZEjGRsdQHU66FlhF2TXKyfS4Z33cl,0,0,Photos,,,,,11/16/2022,,,0,0,0,0,0,0,,,,,
974722759577911,100064197037125,"PC Merchandise","READY STOCK: i3 10100F / GTX 1660S builds. Same-day assembly. PM NOW!",,0,"11/11/2022 19:15",,https://www.facebook.com/pcmerchandise.co/posts/pfbid0PCdSBaJ8l9siYxz2jDwCf7A6E3rZEjGRsdQHU66FlhF2TXKyfS4Z33cl,0,0,Photos,,,,,11/17/2022,,,0,0,0,0,0,0,,,,,
974722759577911,100064197037125,"PC Merchandise","READY STOCK: i3 10100F / GTX 1660S builds. Same-day assembly. PM NOW!",,0,"11/11/2022 19:15",,https://www.facebook.com/pcmerchandise.co/posts/pfbid0PCdSBaJ8l9siYxz2jDwCf7A6E3rZEjGRsdQHU66FlhF2TXKyfS4Z33cl,0,0,Photos,,,,,11/18/2022,,,0,0,0,0,0,0,,,,,
974722759577911,100064197037125,"PC Merchandise","READY STOCK: i3 10100F / GTX 1660S builds. Same-day assembly. PM NOW!",,0,"11/11/2022 19:15",,https://www.facebook.com/pcmerchandise.co/posts/pfbid0PCdSBaJ8l9siYxz2jDwCf7A6E3rZEjGRsdQHU66FlhF2TXKyfS4Z33cl,0,0,Photos,,,,,11/19/2022,,,0,0,0,0,0,0,,,,,
974722759577911,100064197037125,"PC Merchandise","READY STOCK: i3 10100F / GTX 1660S builds. Same-day assembly. PM NOW!",,0,"11/11/2022 19:15",,https://www.facebook.com/pcmerchandise.co/posts/pfbid0PCdSBaJ8l9siYxz2jDwCf7A6E3rZEjGRsdQHU66FlhF2TXKyfS4Z33cl,0,0,Photos,,,,,11/20/2022,,,0,0,0,0,0,0,,,,,
974722759577911,100064197037125,"PC Merchandise","READY STOCK: i3 10100F / GTX 1660S builds. Same-day assembly. PM NOW!",,0,"11/11/2022 19:15",,https://www.facebook.com/pcmerchandise.co/posts/pfbid0PCdSBaJ8l9siYxz2jDwCf7A6E3rZEjGRsdQHU66FlhF2TXKyfS4Z33cl,0,0,Photos,,,,,11/21/2022,,,0,0,0,0,0,0,,,,,
974722759577911,100064197037125,"PC Merchandise","READY STOCK: i3 10100F / GTX 1660S builds. Same-day assembly. PM NOW!",,0,"11/11/2022 19:15",,https://www.facebook.com/pcmerchandise.co/posts/pfbid0PCdSBaJ8l9siYxz2jDwCf7A6E3rZEjGRsdQHU66FlhF2TXKyfS4Z33cl,0,0,Photos,,,,,11/22/2022,,,0,0,0,0,0,0,,,,,
974722759577911,100064197037125,"PC Merchandise","READY STOCK: i3 10100F / GTX 1660S builds. Same-day assembly. PM NOW!",,0,"11/11/2022 19:15",,https://www.facebook.com/pcmerchandise.co/posts/pfbid0PCdSBaJ8l9siYxz2jDwCf7A6E3rZEjGRsdQHU66FlhF2TXKyfS4Z33cl,0,0,Photos,,,,,11/23/2022,,,0,0,0,0,0,0,,,,,
974722759577911,100064197037125,"PC Merchandise","READY STOCK: i3 10100F / GTX 1660S builds. Same-day assembly. PM NOW!",,0,"11/11/2022 19:15",,https://www.facebook.com/pcmerchandise.co/posts/pfbid0PCdSBaJ8l9siYxz2jDwCf7A6E3rZEjGRsdQHU66FlhF2TXKyfS4Z33cl,0,0,Photos,,,,,11/24/2022,,,0,0,0,0,0,0,,,,,
974722759577911,100064197037125,"PC Merchandise","READY STOCK: i3 10100F / GTX 1660S builds. Same-day assembly. PM NOW!",,0,"11/11/2022 19:15",,https://www.facebook.com/pcmerchandise.co/posts/pfbid0PCdSBaJ8l9siYxz2jDwCf7A6E3rZEjGRsdQHU66FlhF2TXKyfS4Z33cl,0,0,Photos,,,,,11/25/2022,,,0,0,0,0,0,0,,,,,
974722759577911,100064197037125,"PC Merchandise","READY STOCK: i3 10100F / GTX 1660S builds. Same-day assembly. PM NOW!",,0,"11/11/2022 19:15",,https://www.facebook.com/pcmerchandise.co/posts/pfbid0PCdSBaJ8l9siYxz2jDwCf7A6E3rZEjGRsdQHU66FlhF2TXKyfS4Z33cl,0,0,Photos,,,,,11/26/2022,,,0,0,0,0,0,0,,,,,
974722759577911,100064197037125,"PC Merchandise","READY STOCK: i3 10100F / GTX 1660S builds. Same-day assembly. PM NOW!",,0,"11/11/2022 19:15",,https://www.facebook.com/pcmerchandise.co/posts/pfbid0PCdSBaJ8l9siYxz2jDwCf7A6E3rZEjGRsdQHU66FlhF2TXKyfS4Z33cl,0,0,Photos,,,,,11/27/2022,,,0,0,0,0,0,0,,,,,
974722759577911,100064197037125,"PC Merchandise","READY STOCK: i3 10100F / GTX 1660S builds. Same-day assembly. PM NOW!",,0,"11/11/2022 19:15",,https://www.facebook.com/pcmerchandise.co/posts/pfbid0PCdSBaJ8l9siYxz2jDwCf7A6E3rZEjGRsdQHU66FlhF2TXKyfS4Z33cl,0,0,Photos,,,,,11/28/2022,,,0,0,0,0,0,0,,,,,
974722759577911,100064197037125,"PC Merchandise","READY STOCK: i3 10100F / GTX 1660S builds. Same-day assembly. PM NOW!",,0,"11/11/2022 19:15",,https://www.facebook.com/pcmerchandise.co/posts/pfbid0PCdSBaJ8l9siYxz2jDwCf7A6E3rZEjGRsdQHU66FlhF2TXKyfS4Z33cl,0,0,Photos,,,,,11/29/2022,,,0,0,0,0,0,0,,,,,
974722759577911,100064197037125,"PC Merchandise","READY STOCK: i3 10100F / GTX 1660S builds. Same-day assembly. PM NOW!",,0,"11/11/2022 19:15",,https://www.facebook.com/pcmerchandise.co/posts/pfbid0PCdSBaJ8l9siYxz2jDwCf7A6E3rZEjGRsdQHU66FlhF2TXKyfS4Z33cl,0,0,Photos,,,,,11/30/2022,,,0,0,0,0,0,0,,,,,
974896713870165,100064197037125,"PC Merchandise","𝐒𝐎𝐋𝐃 𝐢𝟑 𝟏𝟎𝟏𝟎𝟎𝐅 (𝟔𝐏𝐂𝐒) (6PCS)
𝐏𝐄𝐑𝐒𝐎𝐍𝐀𝐋 𝐁𝐔𝐈𝐋𝐃
#PCMERCHANDISE #PCMBUILDS",,39,"11/10/2022 17:00",,https://www.facebook.com/reel/1131976252068188/,0,0,Reels,,,,,11/01/2022,0,,,,,,0,0,0,0,0,0.000,5.470
974896713870165,100064197037125,"PC Merchandise","𝐒𝐎𝐋𝐃 𝐢𝟑 𝟏𝟎𝟏𝟎𝟎𝐅 (𝟔𝐏𝐂𝐒) (6PCS)
𝐏𝐄𝐑𝐒𝐎𝐍𝐀𝐋 𝐁𝐔𝐈𝐋𝐃
#PCMERCHANDISE #PCMBUILDS",,39,"11/10/2022 17:00",,https://www.facebook.com/reel/1131976252068188/,0,0,Reels,,,,,11/02/2022,0,,,,,,0,0,0,0,0,0.000,5.712
974896713870165,100064197037125,"PC Merchandise","𝐒𝐎𝐋𝐃 𝐢𝟑 𝟏𝟎𝟏𝟎𝟎𝐅 (𝟔𝐏𝐂𝐒) (6PCS)
𝐏𝐄𝐑𝐒𝐎𝐍𝐀𝐋 𝐁𝐔𝐈𝐋𝐃
#PCMERCHANDISE #PCMBUILDS",,39,"11/10/2022 17:00",,https://www.facebook.com/reel/1131976252068188/,0,0,Reels,,,,,11/03/2022,0,,,,,,0,0,0,0,0,0.000,6.002
974896713870165,100064197037125,"PC Merchandise","𝐒𝐎𝐋𝐃 𝐢𝟑 𝟏𝟎𝟏𝟎𝟎𝐅 (𝟔𝐏𝐂𝐒) (6PCS)
𝐏𝐄𝐑𝐒𝐎𝐍𝐀𝐋 𝐁𝐔𝐈𝐋𝐃
#PCMERCHANDISE #PCMBUILDS",,39,"11/10/2022 17:00",,https://www.facebook.com/reel/1131976252068188/,0,0,Reels,,,,,11/04/2022,0,,,,,,0,0,0,0,0,0.000,4.390
974896713870165,100064197037125,"PC Merchandise","𝐒𝐎𝐋𝐃 𝐢𝟑 𝟏𝟎𝟏𝟎𝟎𝐅 (𝟔𝐏𝐂𝐒) (6PCS)
𝐏𝐄𝐑𝐒𝐎𝐍𝐀𝐋 𝐁𝐔𝐈𝐋𝐃
#PCMERCHANDISE #PCMBUILDS",,39,"11/10/2022 17:00",,https://www.facebook.com/reel/1131976252068188/,0,0,Reels,,,,,11/05/2022,0,,,,,,0,0,0,0,0,0.000,4.728
974896713870165,100064197037125,"PC Merchandise","𝐒𝐎𝐋𝐃 𝐢𝟑 𝟏𝟎𝟏𝟎𝟎𝐅 (𝟔𝐏𝐂𝐒) (6PCS)
𝐏𝐄𝐑𝐒𝐎𝐍𝐀𝐋 𝐁𝐔𝐈𝐋𝐃
#PCMERCHANDISE #PCMBUILDS",,39,"11/10/2022 17:00",,https://www.facebook.com/reel/1131976252068188/,0,0,Reels,,,,,11/06/2022,0,,,,,,0,0,0,0,0,0.000,4.749
974896713870165,100064197037125,"PC Merchandise","𝐒𝐎𝐋𝐃 𝐢𝟑 𝟏𝟎𝟏𝟎𝟎𝐅 (𝟔𝐏𝐂𝐒) (6PCS)
𝐏𝐄𝐑𝐒𝐎𝐍𝐀𝐋 𝐁𝐔𝐈𝐋𝐃
#PCMERCHANDISE #PCMBUILDS",,39,"11/10/2022 17:00",,https://www.facebook.com/reel/1131976252068188/,0,0,Reels,,,,,11/07/2022,0,,,,,,0,0,0,0,0,0.000,5.417
974896713870165,100064197037125,"PC Merchandise","𝐒𝐎𝐋𝐃 𝐢𝟑 𝟏𝟎𝟏𝟎𝟎𝐅 (𝟔𝐏𝐂𝐒) (6PCS)
𝐏𝐄𝐑𝐒𝐎𝐍𝐀𝐋 𝐁𝐔𝐈𝐋𝐃
#PCMERCHANDISE #PCMBUILDS",,39,"11/10/2022 17:00",,https://www.facebook.com/reel/1131976252068188/,0,0,Reels,,,,,11/08/2022,0,,,,,,0,0,0,0,0,0.000,4.123
974896713870165,100064197037125,"PC Merchandise","𝐒𝐎𝐋𝐃 𝐢𝟑 𝟏𝟎𝟏𝟎𝟎𝐅 (𝟔𝐏𝐂𝐒) (6PCS)
𝐏𝐄𝐑𝐒𝐎𝐍𝐀𝐋 𝐁𝐔𝐈𝐋𝐃
#PCMERCHANDISE #PCMBUILDS",,39,"11/10/2022 17:00",,https://www.facebook.com/reel/1131976252068188/,0,0,Reels,,,,,11/09/2022,0,,,,,,0,0,0,0,0,0.000,6.150
974896713870165,100064197037125,"PC Merchandise","𝐒𝐎𝐋𝐃 𝐢𝟑 𝟏𝟎𝟏𝟎𝟎𝐅 (𝟔𝐏𝐂𝐒) (6PCS)
𝐏𝐄𝐑𝐒𝐎𝐍𝐀𝐋 𝐁𝐔𝐈𝐋𝐃
#PCMERCHANDISE #PCMBUILDS",,39,"11/10/2022 17:00",,https://www.facebook.com/reel/1131976252068188/,0,0,Reels,,,,,11/10/2022,0,,,,,,0,0,0,0,0,86.490,5.487
974896713870165,100064197037125,"PC Merchandise","𝐒𝐎𝐋𝐃 𝐢𝟑 𝟏𝟎𝟏𝟎𝟎𝐅 (𝟔𝐏𝐂𝐒) (6PCS)
𝐏𝐄𝐑𝐒𝐎𝐍𝐀𝐋 𝐁𝐔𝐈𝐋𝐃
#PCMERCHANDISE #PCMBUILDS",,39,"11/10/2022 17:00",,https://www.facebook.com/reel/1131976252068188/,0,0,Reels,,,,,11/11/2022,0,,,,,,0,0,1,0,1,69.838,5.552
974896713870165,100064197037125,"PC Merchandise","𝐒𝐎𝐋𝐃 𝐢𝟑 𝟏𝟎𝟏𝟎𝟎𝐅 (𝟔𝐏𝐂𝐒) (6PCS)
𝐏𝐄𝐑𝐒𝐎𝐍𝐀𝐋 𝐁𝐔𝐈𝐋𝐃
#PCMERCHANDISE #PCMBUILDS",,39,"11/10/2022 17:00",,https://www.facebook.com/reel/1131976252068188/,0,0,Reels,,,,,11/12/2022,0,,,,,,0,0,0,0,0,31.001,4.467
974896713870165,100064197037125,"PC Merchandise","𝐒𝐎𝐋𝐃 𝐢𝟑 𝟏𝟎𝟏𝟎𝟎𝐅 (𝟔𝐏𝐂𝐒) (6PCS)
𝐏𝐄𝐑𝐒𝐎𝐍𝐀𝐋 𝐁𝐔𝐈𝐋𝐃
#PCMERCHANDISE #PCMBUILDS",,39,"11/10/2022 17:00",,https://www.facebook.com/reel/1131976252068188/,0,0,Reels,,,,,11/13/2022,0,,,,,,0,0,1,1,0,35.621,4.444
974896713870165,100064197037125,"PC Merchandise","𝐒𝐎𝐋𝐃 𝐢𝟑 𝟏𝟎𝟏𝟎𝟎𝐅 (𝟔𝐏𝐂𝐒) (6PCS)
𝐏𝐄𝐑𝐒𝐎𝐍𝐀𝐋 𝐁𝐔𝐈𝐋𝐃
#PCMERCHANDISE #PCMBUILDS",,39,"11/10/2022 17:00",,https://www.facebook.com/reel/1131976252068188/,0,0,Reels,,,,,11/14/2022,0,,,,,,0,0,0,0,0,25.770,4.091
974896713870165,100064197037125,"PC Merchandise","𝐒𝐎𝐋𝐃 𝐢𝟑 𝟏𝟎𝟏𝟎𝟎𝐅 (𝟔𝐏𝐂𝐒) (6PCS)
𝐏𝐄𝐑𝐒𝐎𝐍𝐀𝐋 𝐁𝐔𝐈𝐋𝐃
#PCMERCHANDISE #PCMBUILDS",,39,"11/10/2022 17:00",,https://www.facebook.com/reel/1131976252068188/,0,0,Reels,,,,,11/15/2022,0,,,,,,0,0,0,0,0,26.826,5.548
974896713870165,100064197037125,"PC Merchandise","𝐒𝐎𝐋𝐃 𝐢𝟑 𝟏𝟎𝟏𝟎𝟎𝐅 (𝟔𝐏𝐂𝐒) (6PCS)
𝐏𝐄𝐑𝐒𝐎𝐍𝐀𝐋 𝐁𝐔𝐈𝐋𝐃
#PCMERCHANDISE #PCMBUILDS",,39,"11/10/2022 17:00",,https://www.facebook.com/reel/1131976252068188/,0,0,Reels,,,,,11/16/2022,0,,,,,,0,0,0,0,0,21.529,5.378
974896713870165,100064197037125,"PC Merchandise","𝐒𝐎𝐋𝐃 𝐢𝟑 𝟏𝟎𝟏𝟎𝟎𝐅 (𝟔𝐏𝐂𝐒) (6PCS)
𝐏𝐄𝐑𝐒𝐎𝐍𝐀𝐋 𝐁𝐔𝐈𝐋𝐃
#PCMERCHANDISE #PCMBUILDS",,39,"11/10/2022 17:00",,https://www.facebook.com/reel/1131976252068188/,0,0,Reels,,,,,11/17/2022,0,,,,,,0,0,0,0,0,19.126,5.027
974896713870165,100064197037125,"PC Merchandise","𝐒𝐎𝐋𝐃 𝐢𝟑 𝟏𝟎𝟏𝟎𝟎𝐅 (𝟔𝐏𝐂𝐒) (6PCS)
𝐏𝐄𝐑𝐒𝐎𝐍𝐀𝐋 𝐁𝐔𝐈𝐋𝐃
#PCMERCHANDISE #PCMBUILDS",,39,"11/10/2022 17:00",,https://www.facebook.com/reel/1131976252068188/,0,0,Reels,,,,,11/18/2022,0,,,,,,0,0,0,0,0,15.627,4.676
974896713870165,100064197037125,"PC Merchandise","𝐒𝐎𝐋𝐃 𝐢𝟑 𝟏𝟎𝟏𝟎𝟎𝐅 (𝟔𝐏𝐂𝐒) (6PCS)
𝐏𝐄𝐑𝐒𝐎𝐍𝐀𝐋 𝐁𝐔𝐈𝐋𝐃
#PCMERCHANDISE #PCMBUILDS",,39,"11/10/2022 17:00",,https://www.facebook.com/reel/1131976252068188/,0,0,Reels,,,,,11/19/2022,0,,,,,,0,0,0,0,0,10.175,7.062
974896713870165,100064197037125,"PC Merchandise","𝐒𝐎𝐋𝐃 𝐢𝟑 𝟏𝟎𝟏𝟎𝟎𝐅 (𝟔𝐏𝐂𝐒) (6PCS)
𝐏𝐄𝐑𝐒𝐎𝐍𝐀𝐋 𝐁𝐔𝐈𝐋𝐃
#PCMERCHANDISE #PCMBUILDS",,39,"11/10/2022 17:00",,https://www.facebook.com/reel/1131976252068188/,0,0,Reels,,,,,11/20/2022,0,,,,,,0,0,0,0,0,4.954,4.485
974896713870165,100064197037125,"PC Merchandise","𝐒𝐎𝐋𝐃 𝐢𝟑 𝟏𝟎𝟏𝟎𝟎𝐅 (𝟔𝐏𝐂𝐒) (6PCS)
𝐏𝐄𝐑𝐒𝐎𝐍𝐀𝐋 𝐁𝐔𝐈𝐋𝐃
#PCMERCHANDISE #PCMBUILDS",,39,"11/10/2022 17:00",,https://www.facebook.com/reel/1131976252068188/,0,0,Reels,,,,,11/21/2022,0,,,,,,0,0,0,0,0,9.751,4.501
974896713870165,100064197037125,"PC Merchandise","𝐒𝐎𝐋𝐃 𝐢𝟑 𝟏𝟎𝟏𝟎𝟎𝐅 (𝟔𝐏𝐂𝐒) (6PCS)
𝐏𝐄𝐑𝐒𝐎𝐍𝐀𝐋 𝐁𝐔𝐈𝐋𝐃
#PCMERCHANDISE #PCMBUILDS",,39,"11/10/2022 17:00",,https://www.facebook.com/reel/1131976252068188/,0,0,Reels,,,,,11/22/2022,0,,,,,,0,0,0,0,0,4.130,4.832
974896713870165,100064197037125,"PC Merchandise","𝐒𝐎𝐋𝐃 𝐢𝟑 𝟏𝟎𝟏𝟎𝟎𝐅 (𝟔𝐏𝐂𝐒) (6PCS)
𝐏𝐄𝐑𝐒𝐎𝐍𝐀𝐋 𝐁𝐔𝐈𝐋𝐃
#PCMERCHANDISE #PCMBUILDS",,39,"11/10/2022 17:00",,https://www.facebook.com/reel/1131976252068188/,0,0,Reels,,,,,11/23/2022,0,,,,,,0,0,0,0,0,7.211,3.804
974896713870165,100064197037125,"PC Merchandise","𝐒𝐎𝐋𝐃 𝐢𝟑 𝟏𝟎𝟏𝟎𝟎𝐅 (𝟔𝐏𝐂𝐒) (6PCS)
𝐏𝐄𝐑𝐒𝐎𝐍𝐀𝐋 𝐁𝐔𝐈𝐋𝐃
#PCMERCHANDISE #PCMBUILDS",,39,"11/10/2022 17:00",,https://www.facebook.com/reel/1131976252068188/,0,0,Reels,,,,,11/24/2022,0,,,,,,0,0,1,1,0,7.896,3.483
974896713870165,100064197037125,"PC Merchandise","𝐒𝐎𝐋𝐃 𝐢𝟑 𝟏𝟎𝟏𝟎𝟎𝐅 (𝟔𝐏𝐂𝐒) (6PCS)
𝐏𝐄𝐑𝐒𝐎𝐍𝐀𝐋 𝐁𝐔𝐈𝐋𝐃
#PCMERCHANDISE #PCMBUILDS",,39,"11/10/2022 17:00",,https://www.facebook.com/reel/1131976252068188/,0,0,Reels,,,,,11/25/2022,0,,,,,,0,0,0,0,0,4.897,4.862
974896713870165,100064197037125,"PC Merchandise","𝐒𝐎𝐋𝐃 𝐢𝟑 𝟏𝟎𝟏𝟎𝟎𝐅 (𝟔𝐏𝐂𝐒) (6PCS)
𝐏𝐄𝐑𝐒𝐎𝐍𝐀𝐋 𝐁𝐔𝐈𝐋𝐃
#PCMERCHANDISE #PCMBUILDS",,39,"11/10/2022 17:00",,https://www.facebook.com/reel/1131976252068188/,0,0,Reels,,,,,11/26/2022,0,,,,,,0,0,0,0,0,8.761,5.109
974896713870165,100064197037125,"PC Merchandise","𝐒𝐎𝐋𝐃 𝐢𝟑 𝟏𝟎𝟏𝟎𝟎𝐅 (𝟔𝐏𝐂𝐒) (6PCS)
𝐏𝐄𝐑𝐒𝐎𝐍𝐀𝐋 𝐁𝐔𝐈𝐋𝐃
#PCMERCHANDISE #PCMBUILDS",,39,"11/10/2022 17:00",,https://www.facebook.com/reel/1131976252068188/,0,0,Reels,,,,,11/27/2022,0,,,,,,0,0,0,0,0,5.367,4.267
974896713870165,100064197037125,"PC Merchandise","𝐒𝐎𝐋𝐃 𝐢𝟑 𝟏𝟎𝟏𝟎𝟎𝐅 (𝟔𝐏𝐂𝐒) (6PCS)
𝐏𝐄𝐑𝐒𝐎𝐍𝐀𝐋 𝐁𝐔𝐈𝐋𝐃
#PCMERCHANDISE #PCMBUILDS",,39,"11/10/2022 17:00",,https://www.facebook.com/reel/1131976252068188/,0,0,Reels,,,,,11/28/2022,0,,,,,,0,0,0,0,0,4.363,5.270
974896713870165,100064197037125,"PC Merchandise","𝐒𝐎𝐋𝐃 𝐢𝟑 𝟏𝟎𝟏𝟎𝟎𝐅 (𝟔𝐏𝐂𝐒) (6PCS)
𝐏𝐄𝐑𝐒𝐎𝐍𝐀𝐋 𝐁𝐔𝐈𝐋𝐃
#PCMERCHANDISE #PCMBUILDS",,39,"11/10/2022 17:00",,https://www.facebook.com/reel/1131976252068188/,0,0,Reels,,,,,11/29/2022,0,,,,,,0,0,0,0,0,3.377,5.169
974896713870165,100064197037125,"PC Merchandise","𝐒𝐎𝐋𝐃 𝐢𝟑 𝟏𝟎𝟏𝟎𝟎𝐅 (𝟔𝐏𝐂𝐒) (6PCS)
𝐏𝐄𝐑𝐒𝐎𝐍𝐀𝐋 𝐁𝐔𝐈𝐋𝐃
#PCMERCHANDISE #PCMBUILDS",,39,"11/10/2022 17:00",,https://www.facebook.com/reel/1131976252068188/,0,0,Reels,,,,,11/30/2022,0,,,,,,0,0,1,1,0,3.877,4.457
975140355300614,100064197037125,"PC Merchandise","Another comshop delivered! 2 units RYZEN 5 2600 para sa bagong negosyo ni CARLO 💪",,0,"11/10/2022 02:01",,https://www.facebook.com/pcmerchandise.co/posts/pfbid0Hx30qb4ttjJ8uTu0YZAIoH1pQ3Xbgw3csnbElm4IanUMNEfXjpqv3U35,0,0,Photos,,,,,11/30/2022,1,,,,,,,,,,,,
975140355300614,100064197037125,"PC Merchandise","Another comshop delivered! 2 units RYZEN 5 2600 para sa bagong negosyo ni CARLO 💪",,0,"11/10/2022 02:01",,https://www.facebook.com/pcmerchandise.co/posts/pfbid0Hx30qb4ttjJ8uTu0YZAIoH1pQ3Xbgw3csnbElm4IanUMNEfXjpqv3U35,0,0,Photos,,,,,11/01/2022,,,0,0,0,0,0,0,,,,,
975140355300614,100064197037125,"PC Merchandise","Another comshop delivered! 2 units RYZEN 5 2600 para sa bagong negosyo ni CARLO 💪",,0,"11/10/2022 02:01",,https://www.facebook.com/pcmerchandise.co/posts/pfbid0Hx30qb4ttjJ8uTu0YZAIoH1pQ3Xbgw3csnbElm4IanUMNEfXjpqv3U35,0,0,Photos,,,,,11/02/2022,,,0,0,0,0,0,0,,,,,
975140355300614,100064197037125,"PC Merchandise","Another comshop delivered! 2 units RYZEN 5 2600 para sa bagong negosyo ni CARLO 💪",,0,"11/10/2022 02:01",,https://www.facebook.com/pcmerchandise.co/posts/pfbid0Hx30qb4ttjJ8uTu0YZAIoH1pQ3Xbgw3csnbElm4IanUMNEfXjpqv3U35,0,0,Photos,,,,,11/03/2022,,,0,0,0,0,0,0,,,,,
975140355300614,100064197037125,"PC Merchandise","Another comshop delivered! 2 units RYZEN 5 2600 para sa bagong negosyo ni CARLO 💪",,0,"11/10/2022 02:01",,https://www.facebook.com/pcmerchandise.co/posts/pfbid0Hx30qb4ttjJ8uTu0YZAIoH1pQ3Xbgw3csnbElm4IanUMNEfXjpqv3U35,0,0,Photos,,,,,11/04/2022,,,0,0,0,0,0,0,,,,,
975140355300614,100064197037125,"PC Merchandise","Another comshop delivered! 2 units RYZEN 5 2600 para sa bagong negosyo ni CARLO 💪",,0,"11/10/2022 02:01",,https://www.facebook.com/pcmerchandise.co/posts/pfbid0Hx30qb4ttjJ8uTu0YZAIoH1pQ3Xbgw3csnbElm4IanUMNEfXjpqv3U35,0,0,Photos,,,,,11/05/2022,,,0,0,0,0,0,0,,,,,
975140355300614,100064197037125,"PC Merchandise","Another comshop delivered! 2 units RYZEN 5 2600 para sa bagong negosyo ni CARLO 💪",,0,"11/10/2022 02:01",,https://www.facebook.com/pcmerchandise.co/posts/pfbid0Hx30qb4ttjJ8uTu0YZAIoH1pQ3Xbgw3csnbElm4IanUMNEfXjpqv3U35,0,0,Photos,,,,,11/06/2022,,,0,0,0,0,0,0,,,,,
975140355300614,100064197037125,"PC Merchandise","Another comshop delivered! 2 units RYZEN 5 2600 para sa bagong negosyo ni CARLO 💪",,0,"11/10/2022 02:01",,https://www.facebook.com/pcmerchandise.co/posts/pfbid0Hx30qb4ttjJ8uTu0YZAIoH1pQ3Xbgw3csnbElm4IanUMNEfXjpqv3U35,0,0,Photos,,,,,11/07/2022,,,0,0,0,0,0,0,,,,,
975140355300614,100064197037125,"PC Merchandise","Another comshop delivered! 2 units RYZEN 5 2600 para sa bagong negosyo ni CARLO 💪",,0,"11/10/2022 02:01",,https://www.facebook.com/pcmerchandise.co/posts/pfbid0Hx30qb4ttjJ8uTu0YZAIoH1pQ3Xbgw3csnbElm4IanUMNEfXjpqv3U35,0,0,Photos,,,,,11/08/2022,,,0,0,0,0,0,0,,,,,
975140355300614,100064197037125,"PC Merchandise","Another comshop delivered! 2 units RYZEN 5 2600 para sa bagong negosyo ni CARLO 💪",,0,"11/10/2022 02:01",,https://www.facebook.com/pcmerchandise.co/posts/pfbid0Hx30qb4ttjJ8uTu0YZAIoH1pQ3Xbgw3csnbElm4IanUMNEfXjpqv3U35,0,0,Photos,,,,,11/09/2022,,,0,0,0,0,0,0,,,,,
975140355300614,100064197037125,"PC Merchandise","Another comshop delivered! 2 units RYZEN 5 2600 para sa bagong negosyo ni CARLO 💪",,0,"11/10/2022 02:01",,https://www.facebook.com/pcmerchandise.co/posts/pfbid0Hx30qb4ttjJ8uTu0YZAIoH1pQ3Xbgw3csnbElm4IanUMNEfXjpqv3U35,0,0,Photos,,,,,11/10/2022,,,0,0,0,0,0,0,,,,,
975140355300614,100064197037125,"PC Merchandise","Another comshop delivered! 2 units RYZEN 5 2600 para sa bagong negosyo ni CARLO 💪",,0,"11/10/2022 02:01",,https://www.facebook.com/pcmerchandise.co/posts/pfbid0Hx30qb4ttjJ8uTu0YZAIoH1pQ3Xbgw3csnbElm4IanUMNEfXjpqv3U35,0,0,Photos,,,,,11/11/2022,,,0,0,0,0,0,0,,,,,
975140355300614,100064197037125,"PC Merchandise","Another comshop delivered! 2 units RYZEN 5 2600 para sa bagong negosyo ni CARLO 💪",,0,"11/10/2022 02:01",,https://www.facebook.com/pcmerchandise.co/posts/pfbid0Hx30qb4ttjJ8uTu0YZAIoH1pQ3Xbgw3csnbElm4IanUMNEfXjpqv3U35,0,0,Photos,,,,,11/12/2022,,,0,0,0,0,0,0,,,,,
975140355300614,100064197037125,"PC Merchandise","Another comshop delivered! 2 units RYZEN 5 2600 para sa bagong negosyo ni CARLO 💪",,0,"11/10/2022 02:01",,https://www.facebook.com/pcmerchandise.co/posts/pfbid0Hx30qb4ttjJ8uTu0YZAIoH1pQ3Xbgw3csnbElm4IanUMNEfXjpqv3U35,0,0,Photos,,,,,11/13/2022,,,0,0,0,0,0,0,,,,,
975140355300614,100064197037125,"PC Merchandise","Another comshop delivered! 2 units RYZEN 5 2600 para sa bagong negosyo ni CARLO 💪",,0,"11/10/2022 02:01",,https://www.facebook.com/pcmerchandise.co/posts/pfbid0Hx30qb4ttjJ8uTu0YZAIoH1pQ3Xbgw3csnbElm4IanUMNEfXjpqv3U35,0,0,Photos,,,,,11/14/2022,,,0,0,0,0,0,0,,,,,
975140355300614,100064197037125,"PC Merchandise","Another comshop delivered! 2 units RYZEN 5 2600 para sa bagong negosyo ni CARLO 💪",,0,"11/10/2022 02:01",,https://www.facebook.com/pcmerchandise.co/posts/pfbid0Hx30qb4ttjJ8uTu0YZAIoH1pQ3Xbgw3csnbElm4IanUMNEfXjpqv3U35,0,0,Photos,,,,,11/15/2022,,,0,0,0,0,0,0,,,,,
975140355300614,100064197037125,"PC Merchandise","Another comshop delivered! 2 units RYZEN 5 2600 para sa bagong negosyo ni CARLO 💪",,0,"11/10/2022 02:01",,https://www.facebook.com/pcmerchandise.co/posts/pfbid0Hx30qb4ttjJ8uTu0YZAIoH1pQ3Xbgw3csnbElm4IanUMNEfXjpqv3U35,0,0,Photos,,,,,11/16/2022,,,0,0,0,0,0,0,,,,,
975140355300614,100064197037125,"PC Merchandise","Another comshop delivered! 2 units RYZEN 5 2600 para sa bagong negosyo ni CARLO 💪",,0,"11/10/2022 02:01",,https://www.facebook.com/pcmerchandise.co/posts/pfbid0Hx30qb4ttjJ8uTu0YZAIoH1pQ3Xbgw3csnbElm4IanUMNEfXjpqv3U35,0,0,Photos,,,,,11/17/2022,,,0,0,0,0,0,0,,,,,
975140355300614,100064197037125,"PC Merchandise","Another comshop delivered! 2 units RYZEN 5 2600 para sa bagong negosyo ni CARLO 💪",,0,"11/10/2022 02:01",,https://www.facebook.com/pcmerchandise.co/posts/pfbid0Hx30qb4ttjJ8uTu0YZAIoH1pQ3Xbgw3csnbElm4IanUMNEfXjpqv3U35,0,0,Photos,,,,,11/18/2022,,,0,0,0,0,0,0,,,,,
975140355300614,100064197037125,"PC Merchandise","Another comshop delivered! 2 units RYZEN 5 2600 para sa bagong negosyo ni CARLO 💪",,0,"11/10/2022 02:01",,https://www.facebook.com/pcmerchandise.co/posts/pfbid0Hx30qb4ttjJ8uTu0YZAIoH1pQ3Xbgw3csnbElm4IanUMNEfXjpqv3U35,0,0,Photos,,,,,11/19/2022,,,0,0,0,0,0,0,,,,,
975140355300614,100064197037125,"PC Merchandise","Another comshop delivered! 2 units RYZEN 5 2600 para sa bagong negosyo ni CARLO 💪",,0,"11/10/2022 02:01",,https://www.facebook.com/pcmerchandise.co/posts/pfbid0Hx30qb4ttjJ8uTu0YZAIoH1pQ3Xbgw3csnbElm4IanUMNEfXjpqv3U35,0,0,Photos,,,,,11/20/2022,,,0,0,0,0,0,0,,,,,
975140355300614,100064197037125,"PC Merchandise","Another comshop delivered! 2 units RYZEN 5 2600 para sa bagong negosyo ni CARLO 💪",,0,"11/10/2022 02:01",,https://www.facebook.com/pcmerchandise.co/posts/pfbid0Hx30qb4ttjJ8uTu0YZAIoH1pQ3Xbgw3csnbElm4IanUMNEfXjpqv3U35,0,0,Photos,,,,,11/21/2022,,,0,0,0,0,0,0,,,,,
975140355300614,100064197037125,"PC Merchandise","Another comshop delivered! 2 units RYZEN 5 2600 para sa bagong negosyo ni CARLO 💪",,0,"11/10/2022 02:01",,https://www.facebook.com/pcmerchandise.co/posts/pfbid0Hx30qb4ttjJ8uTu0YZAIoH1pQ3Xbgw3csnbElm4IanUMNEfXjpqv3U35,0,0,Photos,,,,,11/22/2022,,,0,0,0,0,0,0,,,,,
975140355300614,100064197037125,"PC Merchandise","Another comshop delivered! 2 units RYZEN 5 2600 para sa bagong negosyo ni CARLO 💪",,0,"11/10/2022 02:01",,https://www.facebook.com/pcmerchandise.co/posts/pfbid0Hx30qb4ttjJ8uTu0YZAIoH1pQ3Xbgw3csnbElm4IanUMNEfXjpqv3U35,0,0,Photos,,,,,11/23/2022,,,0,0,0,0,0,0,,,,,
975140355300614,100064197037125,"PC Merchandise","Another comshop delivered! 2 units RYZEN 5 2600 para sa bagong negosyo ni CARLO 💪",,0,"11/10/2022 02:01",,https://www.facebook.com/pcmerchandise.co/posts/pfbid0Hx30qb4ttjJ8uTu0YZAIoH1pQ3Xbgw3csnbElm4IanUMNEfXjpqv3U35,0,0,Photos,,,,,11/24/2022,,,0,0,0,0,0,0,,,,,
975140355300614,100064197037125,"PC Merchandise","Another comshop delivered! 2 units RYZEN 5 2600 para sa bagong negosyo ni CARLO 💪",,0,"11/10/2022 02:01",,https://www.facebook.com/pcmerchandise.co/posts/pfbid0Hx30qb4ttjJ8uTu0YZAIoH1pQ3Xbgw3csnbElm4IanUMNEfXjpqv3U35,0,0,Photos,,,,,11/25/2022,,,0,0,0,0,0,0,,,,,
975140355300614,100064197037125,"PC Merchandise","Another comshop delivered! 2 units RYZEN 5 2600 para sa bagong negosyo ni CARLO 💪",,0,"11/10/2022 02:01",,https://www.facebook.com/pcmerchandise.co/posts/pfbid0Hx30qb4ttjJ8uTu0YZAIoH1pQ3Xbgw3csnbElm4IanUMNEfXjpqv3U35,0,0,Photos,,,,,11/26/2022,,,0,0,0,0,0,0,,,,,
975140355300614,100064197037125,"PC Merchandise","Another comshop delivered! 2 units RYZEN 5 2600 para sa bagong negosyo ni CARLO 💪",,0,"11/10/2022 02:01",,https://www.facebook.com/pcmerchandise.co/posts/pfbid0Hx30qb4ttjJ8uTu0YZAIoH1pQ3Xbgw3csnbElm4IanUMNEfXjpqv3U35,0,0,Photos,,,,,11/27/2022,,,0,0,0,0,0,0,,,,,
975140355300614,100064197037125,"PC Merchandise","Another comshop delivered! 2 units RYZEN 5 2600 para sa bagong negosyo ni CARLO 💪",,0,"11/10/2022 02:01",,https://www.facebook.com/pcmerchandise.co/posts/pfbid0Hx30qb4ttjJ8uTu0YZAIoH1pQ3Xbgw3csnbElm4IanUMNEfXjpqv3U35,0,0,Photos,,,,,11/28/2022,,,0,0,0,0,0,0,,,,,
975140355300614,100064197037125,"PC Merchandise","Another comshop delivered! 2 units RYZEN 5 2600 para sa bagong negosyo ni CARLO 💪",,0,"11/10/2022 02:01",,https://www.facebook.com/pcmerchandise.co/posts/pfbid0Hx30qb4ttjJ8uTu0YZAIoH1pQ3Xbgw3csnbElm4IanUMNEfXjpqv3U35,0,0,Photos,,,,,11/29/2022,,,0,0,0,0,0,0,,,,,
975140355300614,100064197037125,"PC Merchandise","Another comshop delivered! 2 units RYZEN 5 2600 para sa bagong negosyo ni CARLO 💪",,0,"11/10/2022 02:01",,https://www.facebook.com/pcmerchandise.co/posts/pfbid0Hx30qb4ttjJ8uTu0YZAIoH1pQ3Xbgw3csnbElm4IanUMNEfXjpqv3U35,0,0,Photos,,,,,11/30/2022,,,0,0,0,0,0,0,,,,,
975368258506178,100064197037125,"PC Merchandise","BUDGET BUILD ALERT 🚨 RYZEN 5 2600 + GTX 1660S — perfect for online class and gaming!",,0,"11/07/2022 15:00",,https://www.facebook.com/pcmerchandise.co/posts/pfbid0jIbyFjFMQ5DX7OaGdbtb3gnRUrLs6OOxz3PwHj2ppasHuf9nLf0Agkeb,0,0,Photos,,,,,11/30/2022,2,,,,,,,,,,,,
975368258506178,100064197037125,"PC Merchandise","BUDGET BUILD ALERT 🚨 RYZEN 5 2600 + GTX 1660S — perfect for online class and gaming!",,0,"11/07/2022 15:00",,https://www.facebook.com/pcmerchandise.co/posts/pfbid0jIbyFjFMQ5DX7OaGdbtb3gnRUrLs6OOxz3PwHj2ppasHuf9nLf0Agkeb,0,0,Photos,,,,,11/01/2022,,,0,0,0,0,0,0,,,,,
975368258506178,100064197037125,"PC Merchandise","BUDGET BUILD ALERT 🚨 RYZEN 5 2600 + GTX 1660S — perfect for online class and gaming!",,0,"11/07/2022 15:00",,https://www.facebook.com/pcmerchandise.co/posts/pfbid0jIbyFjFMQ5DX7OaGdbtb3gnRUrLs6OOxz3PwHj2ppasHuf9nLf0Agkeb,0,0,Photos,,,,,11/02/2022,,,0,0,0,0,0,0,,,,,
975368258506178,100064197037125,"PC Merchandise","BUDGET BUILD ALERT 🚨 RYZEN 5 2600 + GTX 1660S — perfect for online class and gaming!",,0,"11/07/2022 15:00",,https://www.facebook.com/pcmerchandise.co/posts/pfbid0jIbyFjFMQ5DX7OaGdbtb3gnRUrLs6OOxz3PwHj2ppasHuf9nLf0Agkeb,0,0,Photos,,,,,11/03/2022,,,0,0,0,0,0,0,,,,,
975368258506178,100064197037125,"PC Merchandise","BUDGET BUILD ALERT 🚨 RYZEN 5 2600 + GTX 1660S — perfect for online class and gaming!",,0,"11/07/2022 15:00",,https://www.facebook.com/pcmerchandise.co/posts/pfbid0jIbyFjFMQ5DX7OaGdbtb3gnRUrLs6OOxz3PwHj2ppasHuf9nLf0Agkeb,0,0,Photos,,,,,11/04/2022,,,0,0,0,0,0,0,,,,,
975368258506178,100064197037125,"PC Merchandise","BUDGET BUILD ALERT 🚨 RYZEN 5 2600 + GTX 1660S — perfect for online class and gaming!",,0,"11/07/2022 15:00",,https://www.facebook.com/pcmerchandise.co/posts/pfbid0jIbyFjFMQ5DX7OaGdbtb3gnRUrLs6OOxz3PwHj2ppasHuf9nLf0Agkeb,0,0,Photos,,,,,11/05/2022,,,0,0,0,0,0,0,,,,,
975368258506178,100064197037125,"PC Merchandise","BUDGET BUILD ALERT 🚨 RYZEN 5 2600 + GTX 1660S — perfect for online class and gaming!",,0,"11/07/2022 15:00",,https://www.facebook.com/pcmerchandise.co/posts/pfbid0jIbyFjFMQ5DX7OaGdbtb3gnRUrLs6OOxz3PwHj2ppasHuf9nLf0Agkeb,0,0,Photos,,,,,11/06/2022,,,0,0,0,0,0,0,,,,,
975368258506178,100064197037125,"PC Merchandise","BUDGET BUILD ALERT 🚨 RYZEN 5 2600 + GTX 1660S — perfect for online class and gaming!",,0,"11/07/2022 15:00",,https://www.facebook.com/pcmerchandise.co/posts/pfbid0jIbyFjFMQ5DX7OaGdbtb3gnRUrLs6OOxz3PwHj2ppasHuf9nLf0Agkeb,0,0,Photos,,,,,11/07/2022,,,0,0,0,0,0,0,,,,,
975368258506178,100064197037125,"PC Merchandise","BUDGET BUILD ALERT 🚨 RYZEN 5 2600 + GTX 1660S — perfect for online class and gaming!",,0,"11/07/2022 15:00",,https://www.facebook.com/pcmerchandise.co/posts/pfbid0jIbyFjFMQ5DX7OaGdbtb3gnRUrLs6OOxz3PwHj2ppasHuf9nLf0Agkeb,0,0,Photos,,,,,11/08/2022,,,0,0,0,0,0,0,,,,,
975368258506178,100064197037125,"PC Merchandise","BUDGET BUILD ALERT 🚨 RYZEN 5 2600 + GTX 1660S — perfect for online class and gaming!",,0,"11/07/2022 15:00",,https://www.facebook.com/pcmerchandise.co/posts/pfbid0jIbyFjFMQ5DX7OaGdbtb3gnRUrLs6OOxz3PwHj2ppasHuf9nLf0Agkeb,0,0,Photos,,,,,11/09/2022,,,0,0,0,0,0,0,,,,,
975368258506178,100064197037125,"PC Merchandise","BUDGET BUILD ALERT 🚨 RYZEN 5 2600 + GTX 1660S — perfect for online class and gaming!",,0,"11/07/2022 15:00",,https://www.facebook.com/pcmerchandise.co/posts/pfbid0jIbyFjFMQ5DX7OaGdbtb3gnRUrLs6OOxz3PwHj2ppasHuf9nLf0Agkeb,0,0,Photos,,,,,11/10/2022,,,0,0,0,0,0,0,,,,,
975368258506178,100064197037125,"PC Merchandise","BUDGET BUILD ALERT 🚨 RYZEN 5 2600 + GTX 1660S — perfect for online class and gaming!",,0,"11/07/2022 15:00",,https://www.facebook.com/pcmerchandise.co/posts/pfbid0jIbyFjFMQ5DX7OaGdbtb3gnRUrLs6OOxz3PwHj2ppasHuf9nLf0Agkeb,0,0,Photos,,,,,11/11/2022,,,0,0,0,0,0,0,,,,,
975368258506178,100064197037125,"PC Merchandise","BUDGET BUILD ALERT 🚨 RYZEN 5 2600 + GTX 1660S — perfect for online class and gaming!",,0,"11/07/2022 15:00",,https://www.facebook.com/pcmerchandise.co/posts/pfbid0jIbyFjFMQ5DX7OaGdbtb3gnRUrLs6OOxz3PwHj2ppasHuf9nLf0Agkeb,0,0,Photos,,,,,11/12/2022,,,0,0,0,0,0,0,,,,,
975368258506178,100064197037125,"PC Merchandise","BUDGET BUILD ALERT 🚨 RYZEN 5 2600 + GTX 1660S — perfect for online class and gaming!",,0,"11/07/2022 15:00",,https://www.facebook.com/pcmerchandise.co/posts/pfbid0jIbyFjFMQ5DX7OaGdbtb3gnRUrLs6OOxz3PwHj2ppasHuf9nLf0Agkeb,0,0,Photos,,,,,11/13/2022,,,0,0,0,0,0,0,,,,,
975368258506178,100064197037125,"PC Merchandise","BUDGET BUILD ALERT 🚨 RYZEN 5 2600 + GTX 1660S — perfect for online class and gaming!",,0,"11/07/2022 15:00",,https://www.facebook.com/pcmerchandise.co/posts/pfbid0jIbyFjFMQ5DX7OaGdbtb3gnRUrLs6OOxz3PwHj2ppasHuf9nLf0Agkeb,0,0,Photos,,,,,11/14/2022,,,0,0,0,0,0,0,,,,,
975368258506178,100064197037125,"PC Merchandise","BUDGET BUILD ALERT 🚨 RYZEN 5 2600 + GTX 1660S — perfect for online class and gaming!",,0,"11/07/2022 15:00",,https://www.facebook.com/pcmerchandise.co/posts/pfbid0jIbyFjFMQ5DX7OaGdbtb3gnRUrLs6OOxz3PwHj2ppasHuf9nLf0Agkeb,0,0,Photos,,,,,11/15/2022,,,0,0,0,0,0,0,,,,,
975368258506178,100064197037125,"PC Merchandise","BUDGET BUILD ALERT 🚨 RYZEN 5 2600 + GTX 1660S — perfect for online class and gaming!",,0,"11/07/2022 15:00",,https://www.facebook.com/pcmerchandise.co/posts/pfbid0jIbyFjFMQ5DX7OaGdbtb3gnRUrLs6OOxz3PwHj2ppasHuf9nLf0Agkeb,0,0,Photos,,,,,11/16/2022,,,0,0,0,0,0,0,,,,,
975368258506178,100064197037125,"PC Merchandise","BUDGET BUILD ALERT 🚨 RYZEN 5 2600 + GTX 1660S — perfect for online class and gaming!",,0,"11/07/2022 15:00",,https://www.facebook.com/pcmerchandise.co/posts/pfbid0jIbyFjFMQ5DX7OaGdbtb3gnRUrLs6OOxz3PwHj2ppasHuf9nLf0Agkeb,0,0,Photos,,,,,11/17/2022,,,0,0,0,0,0,0,,,,,
975368258506178,100064197037125,"PC Merchandise","BUDGET BUILD ALERT 🚨 RYZEN 5 2600 + GTX 1660S — perfect for online class and gaming!",,0,"11/07/2022 15:00",,https://www.facebook.com/pcmerchandise.co/posts/pfbid0jIbyFjFMQ5DX7OaGdbtb3gnRUrLs6OOxz3PwHj2ppasHuf9nLf0Agkeb,0,0,Photos,,,,,11/18/2022,,,0,0,0,0,0,0,,,,,
975368258506178,100064197037125,"PC Merchandise","BUDGET BUILD ALERT 🚨 RYZEN 5 2600 + GTX 1660S — perfect for online class and gaming!",,0,"11/07/2022 15:00",,https://www.facebook.com/pcmerchandise.co/posts/pfbid0jIbyFjFMQ5DX7OaGdbtb3gnRUrLs6OOxz3PwHj2ppasHuf9nLf0Agkeb,0,0,Photos,,,,,11/19/2022,,,0,0,0,0,0,0,,,,,
975368258506178,100064197037125,"PC Merchandise","BUDGET BUILD ALERT 🚨 RYZEN 5 2600 + GTX 1660S — perfect for online class and gaming!",,0,"11/07/2022 15:00",,https://www.facebook.com/pcmerchandise.co/posts/pfbid0jIbyFjFMQ5DX7OaGdbtb3gnRUrLs6OOxz3PwHj2ppasHuf9nLf0Agkeb,0,0,Photos,,,,,11/20/2022,,,0,0,0,0,0,0,,,,,
975368258506178,100064197037125,"PC Merchandise","BUDGET BUILD ALERT 🚨 RYZEN 5 2600 + GTX 1660S — perfect for online class and gaming!",,0,"11/07/2022 15:00",,https://www.facebook.com/pcmerchandise.co/posts/pfbid0jIbyFjFMQ5DX7OaGdbtb3gnRUrLs6OOxz3PwHj2ppasHuf9nLf0Agkeb,0,0,Photos,,,,,11/21/2022,,,0,0,0,0,0,0,,,,,
975368258506178,100064197037125,"PC Merchandise","BUDGET BUILD ALERT 🚨 RYZEN 5 2600 + GTX 1660S — perfect for online class and gaming!",,0,"11/07/2022 15:00",,https://www.facebook.com/pcmerchandise.co/posts/pfbid0jIbyFjFMQ5DX7OaGdbtb3gnRUrLs6OOxz3PwHj2ppasHuf9nLf0Agkeb,0,0,Photos,,,,,11/22/2022,,,0,0,0,0,0,0,,,,,
975368258506178,100064197037125,"PC Merchandise","BUDGET BUILD ALERT 🚨 RYZEN 5 2600 + GTX 1660S — perfect for online class and gaming!",,0,"11/07/2022 15:00",,https://www.facebook.com/pcmerchandise.co/posts/pfbid0jIbyFjFMQ5DX7OaGdbtb3gnRUrLs6OOxz3PwHj2ppasHuf9nLf0Agkeb,0,0,Photos,,,,,11/23/2022,,,0,0,0,0,0,0,,,,,
975368258506178,100064197037125,"PC Merchandise","BUDGET BUILD ALERT 🚨 RYZEN 5 2600 + GTX 1660S — perfect for online class and gaming!",,0,"11/07/2022 15:00",,https://www.facebook.com/pcmerchandise.co/posts/pfbid0jIbyFjFMQ5DX7OaGdbtb3gnRUrLs6OOxz3PwHj2ppasHuf9nLf0Agkeb,0,0,Photos,,,,,11/24/2022,,,0,0,0,0,0,0,,,,,
975368258506178,100064197037125,"PC Merchandise","BUDGET BUILD ALERT 🚨 RYZEN 5 2600 + GTX 1660S — perfect for online class and gaming!",,0,"11/07/2022 15:00",,https://www.facebook.com/pcmerchandise.co/posts/pfbid0jIbyFjFMQ5DX7OaGdbtb3gnRUrLs6OOxz3PwHj2ppasHuf9nLf0Agkeb,0,0,Photos,,,,,11/25/2022,,,0,0,0,0,0,0,,,,,
975368258506178,100064197037125,"PC Merchandise","BUDGET BUILD ALERT 🚨 RYZEN 5 2600 + GTX 1660S — perfect for online class and gaming!",,0,"11/07/2022 15:00",,https://www.facebook.com/pcmerchandise.co/posts/pfbid0jIbyFjFMQ5DX7OaGdbtb3gnRUrLs6OOxz3PwHj2ppasHuf9nLf0Agkeb,0,0,Photos,,,,,11/26/2022,,,0,0,0,0,0,0,,,,,
975368258506178,100064197037125,"PC Merchandise","BUDGET BUILD ALERT 🚨 RYZEN 5 2600 + GTX 1660S — perfect for online class and gaming!",,0,"11/07/2022 15:00",,https://www.facebook.com/pcmerchandise.co/posts/pfbid0jIbyFjFMQ5DX7OaGdbtb3gnRUrLs6OOxz3PwHj2ppasHuf9nLf0Agkeb,0,0,Photos,,,,,11/27/2022,,,0,0,0,0,0,0,,,,,
975368258506178,100064197037125,"PC Merchandise","BUDGET BUILD ALERT 🚨 RYZEN 5 2600 + GTX 1660S — perfect for online class and gaming!",,0,"11/07/2022 15:00",,https://www.facebook.com/pcmerchandise.co/posts/pfbid0jIbyFjFMQ5DX7OaGdbtb3gnRUrLs6OOxz3PwHj2ppasHuf9nLf0Agkeb,0,0,Photos,,,,,11/28/2022,,,0,0,0,0,0,0,,,,,
975368258506178,100064197037125,"PC Merchandise","BUDGET BUILD ALERT 🚨 RYZEN 5 2600 + GTX 1660S — perfect for online class and gaming!",,0,"11/07/2022 15:00",,https://www.facebook.com/pcmerchandise.co/posts/pfbid0jIbyFjFMQ5DX7OaGdbtb3gnRUrLs6OOxz3PwHj2ppasHuf9nLf0Agkeb,0,0,Photos,,,,,11/29/2022,,,0,0,0,0,0,0,,,,,
975368258506178,100064197037125,"PC Merchandise","BUDGET BUILD ALERT 🚨 RYZEN 5 2600 + GTX 1660S — perfect for online class and gaming!",,0,"11/07/2022 15:00",,https://www.facebook.com/pcmerchandise.co/posts/pfbid0jIbyFjFMQ5DX7OaGdbtb3gnRUrLs6OOxz3PwHj2ppasHuf9nLf0Agkeb,0,0,Photos,,,,,11/30/2022,,,0,0,0,0,0,0,,,,,
974576530822586,100064197037125,"PC Merchandise","Free deliver within Taytay! RYZEN 5 3400G packages all-in na.",,0,"11/07/2022 01:00",,https://www.facebook.com/pcmerchandise.co/posts/pfbid0KS3nvCA3efF98QoQ8cONnVYlJav3AzVUF7xldw8IB0TSwF6WCjgjwvmN,0,0,Photos,,,,,11/30/2022,0,,,,,,,,,,,,
974576530822586,100064197037125,"PC Merchandise","Free deliver within Taytay! RYZEN 5 3400G packages all-in na.",,0,"11/07/2022 01:00",,https://www.facebook.com/pcmerchandise.co/posts/pfbid0KS3nvCA3efF98QoQ8cONnVYlJav3AzVUF7xldw8IB0TSwF6WCjgjwvmN,0,0,Photos,,,,,11/01/2022,,,0,0,0,0,0,0,,,,,
974576530822586,100064197037125,"PC Merchandise","Free deliver within Taytay! RYZEN 5 3400G packages all-in na.",,0,"11/07/2022 01:00",,https://www.facebook.com/pcmerchandise.co/posts/pfbid0KS3nvCA3efF98QoQ8cONnVYlJav3AzVUF7xldw8IB0TSwF6WCjgjwvmN,0,0,Photos,,,,,11/02/2022,,,0,0,0,0,0,0,,,,,
974576530822586,100064197037125,"PC Merchandise","Free deliver within Taytay! RYZEN 5 3400G packages all-in na.",,0,"11/07/2022 01:00",,https://www.facebook.com/pcmerchandise.co/posts/pfbid0KS3nvCA3efF98QoQ8cONnVYlJav3AzVUF7xldw8IB0TSwF6WCjgjwvmN,0,0,Photos,,,,,11/03/2022,,,0,0,0,0,0,0,,,,,
974576530822586,100064197037125,"PC Merchandise","Free deliver within Taytay! RYZEN 5 3400G packages all-in na.",,0,"11/07/2022 01:00",,https://www.facebook.com/pcmerchandise.co/posts/pfbid0KS3nvCA3efF98QoQ8cONnVYlJav3AzVUF7xldw8IB0TSwF6WCjgjwvmN,0,0,Photos,,,,,11/04/2022,,,0,0,0,0,0,0,,,,,
974576530822586,100064197037125,"PC Merchandise","Free deliver within Taytay! RYZEN 5 3400G packages all-in na.",,0,"11/07/2022 01:00",,https://www.facebook.com/pcmerchandise.co/posts/pfbid0KS3nvCA3efF98QoQ8cONnVYlJav3AzVUF7xldw8IB0TSwF6WCjgjwvmN,0,0,Photos,,,,,11/05/2022,,,0,0,0,0,0,0,,,,,
974576530822586,100064197037125,"PC Merchandise","Free deliver within Taytay! RYZEN 5 3400G packages all-in na.",,0,"11/07/2022 01:00",,https://www.facebook.com/pcmerchandise.co/posts/pfbid0KS3nvCA3efF98QoQ8cONnVYlJav3AzVUF7xldw8IB0TSwF6WCjgjwvmN,0,0,Photos,,,,,11/06/2022,,,0,0,0,0,0,0,,,,,
974576530822586,100064197037125,"PC Merchandise","Free deliver within Taytay! RYZEN 5 3400G packages all-in na.",,0,"11/07/2022 01:00",,https://www.facebook.com/pcmerchandise.co/posts/pfbid0KS3nvCA3efF98QoQ8cONnVYlJav3AzVUF7xldw8IB0TSwF6WCjgjwvmN,0,0,Photos,,,,,11/07/2022,,,0,0,0,0,0,0,,,,,
974576530822586,100064197037125,"PC Merchandise","Free deliver within Taytay! RYZEN 5 3400G packages all-in na.",,0,"11/07/2022 01:00",,https://www.facebook.com/pcmerchandise.co/posts/pfbid0KS3nvCA3efF98QoQ8cONnVYlJav3AzVUF7xldw8IB0TSwF6WCjgjwvmN,0,0,Photos,,,,,11/08/2022,,,0,0,0,0,0,0,,,,,
974576530822586,100064197037125,"PC Merchandise","Free deliver within Taytay! RYZEN 5 3400G packages all-in na.",,0,"11/07/2022 01:00",,https://www.facebook.com/pcmerchandise.co/posts/pfbid0KS3nvCA3efF98QoQ8cONnVYlJav3AzVUF7xldw8IB0TSwF6WCjgjwvmN,0,0,Photos,,,,,11/09/2022,,,0,0,0,0,0,0,,,,,
974576530822586,100064197037125,"PC Merchandise","Free deliver within Taytay! RYZEN 5 3400G packages all-in na.",,0,"11/07/2022 01:00",,https://www.facebook.com/pcmerchandise.co/posts/pfbid0KS3nvCA3efF98QoQ8cONnVYlJav3AzVUF7xldw8IB0TSwF6WCjgjwvmN,0,0,Photos,,,,,11/10/2022,,,0,0,0,0,0,0,,,,,
974576530822586,100064197037125,"PC Merchandise","Free deliver within Taytay! RYZEN 5 3400G packages all-in na.",,0,"11/07/2022 01:00",,https://www.facebook.com/pcmerchandise.co/posts/pfbid0KS3nvCA3efF98QoQ8cONnVYlJav3AzVUF7xldw8IB0TSwF6WCjgjwvmN,0,0,Photos,,,,,11/11/2022,,,0,0,0,0,0,0,,,,,
974576530822586,100064197037125,"PC Merchandise","Free deliver within Taytay! RYZEN 5 3400G packages all-in na.",,0,"11/07/2022 01:00",,https://www.facebook.com/pcmerchandise.co/posts/pfbid0KS3nvCA3efF98QoQ8cONnVYlJav3AzVUF7xldw8IB0TSwF6WCjgjwvmN,0,0,Photos,,,,,11/12/2022,,,0,0,0,0,0,0,,,,,
974576530822586,100064197037125,"PC Merchandise","Free deliver within Taytay! RYZEN 5 3400G packages all-in na.",,0,"11/07/2022 01:00",,https://www.facebook.com/pcmerchandise.co/posts/pfbid0KS3nvCA3efF98QoQ8cONnVYlJav3AzVUF7xldw8IB0TSwF6WCjgjwvmN,0,0,Photos,,,,,11/13/2022,,,0,0,0,0,0,0,,,,,
974576530822586,100064197037125,"PC Merchandise","Free deliver within Taytay! RYZEN 5 3400G packages all-in na.",,0,"11/07/2022 01:00",,https://www.facebook.com/pcmerchandise.co/posts/pfbid0KS3nvCA3efF98QoQ8cONnVYlJav3AzVUF7xldw8IB0TSwF6WCjgjwvmN,0,0,Photos,,,,,11/14/2022,,,0,0,0,0,0,0,,,,,
974576530822586,100064197037125,"PC Merchandise","Free deliver within Taytay! RYZEN 5 3400G packages all-in na.",,0,"11/07/2022 01:00",,https://www.facebook.com/pcmerchandise.co/posts/pfbid0KS3nvCA3efF98QoQ8cONnVYlJav3AzVUF7xldw8IB0TSwF6WCjgjwvmN,0,0,Photos,,,,,11/15/2022,,,0,0,0,0,0,0,,,,,
974576530822586,100064197037125,"PC Merchandise","Free deliver within Taytay! RYZEN 5 3400G packages all-in na.",,0,"11/07/2022 01:00",,https://www.facebook.com/pcmerchandise.co/posts/pfbid0KS3nvCA3efF98QoQ8cONnVYlJav3AzVUF7xldw8IB0TSwF6WCjgjwvmN,0,0,Photos,,,,,11/16/2022,,,0,0,0,0,0,0,,,,,
974576530822586,100064197037125,"PC Merchandise","Free deliver within Taytay! RYZEN 5 3400G packages all-in na.",,0,"11/07/2022 01:00",,https://www.facebook.com/pcmerchandise.co/posts/pfbid0KS3nvCA3efF98QoQ8cONnVYlJav3AzVUF7xldw8IB0TSwF6WCjgjwvmN,0,0,Photos,,,,,11/17/2022,,,0,0,0,0,0,0,,,,,
974576530822586,100064197037125,"PC Merchandise","Free deliver within Taytay! RYZEN 5 3400G packages all-in na.",,0,"11/07/2022 01:00",,https://www.facebook.com/pcmerchandise.co/posts/pfbid0KS3nvCA3efF98QoQ8cONnVYlJav3AzVUF7xldw8IB0TSwF6WCjgjwvmN,0,0,Photos,,,,,11/18/2022,,,0,0,0,0,0,0,,,,,
974576530822586,100064197037125,"PC Merchandise","Free deliver within Taytay! RYZEN 5 3400G packages all-in na.",,0,"11/07/2022 01:00",,https://www.facebook.com/pcmerchandise.co/posts/pfbid0KS3nvCA3efF98QoQ8cONnVYlJav3AzVUF7xldw8IB0TSwF6WCjgjwvmN,0,0,Photos,,,,,11/19/2022,,,0,0,0,0,0,0,,,,,
974576530822586,100064197037125,"PC Merchandise","Free deliver within Taytay! RYZEN 5 3400G packages all-in na.",,0,"11/07/2022 01:00",,https://www.facebook.com/pcmerchandise.co/posts/pfbid0KS3nvCA3efF98QoQ8cONnVYlJav3AzVUF7xldw8IB0TSwF6WCjgjwvmN,0,0,Photos,,,,,11/20/2022,,,0,0,0,0,0,0,,,,,
974576530822586,100064197037125,"PC Merchandise","Free deliver within Taytay! RYZEN 5 3400G packages all-in na.",,0,"11/07/2022 01:00",,https://www.facebook.com/pcmerchandise.co/posts/pfbid0KS3nvCA3efF98QoQ8cONnVYlJav3AzVUF7xldw8IB0TSwF6WCjgjwvmN,0,0,Photos,,,,,11/21/2022,,,0,0,0,0,0,0,,,,,
974576530822586,100064197037125,"PC Merchandise","Free deliver within Taytay! RYZEN 5 3400G packages all-in na.",,0,"11/07/2022 01:00",,https://www.facebook.com/pcmerchandise.co/posts/pfbid0KS3nvCA3efF98QoQ8cONnVYlJav3AzVUF7xldw8IB0TSwF6WCjgjwvmN,0,0,Photos,,,,,11/22/2022,,,0,0,0,0,0,0,,,,,
974576530822586,100064197037125,"PC Merchandise","Free deliver within Taytay! RYZEN 5 3400G packages all-in na.",,0,"11/07/2022 01:00",,https://www.facebook.com/pcmerchandise.co/posts/pfbid0KS3nvCA3efF98QoQ8cONnVYlJav3AzVUF7xldw8IB0TSwF6WCjgjwvmN,0,0,Photos,,,,,11/23/2022,,,0,0,0,0,0,0,,,,,
974576530822586,100064197037125,"PC Merchandise","Free deliver within Taytay! RYZEN 5 3400G packages all-in na.",,0,"11/07/2022 01:00",,https://www.facebook.com/pcmerchandise.co/posts/pfbid0KS3nvCA3efF98QoQ8cONnVYlJav3AzVUF7xldw8IB0TSwF6WCjgjwvmN,0,0,Photos,,,,,11/24/2022,,,0,0,0,0,0,0,,,,,
974576530822586,100064197037125,"PC Merchandise","Free deliver within Taytay! RYZEN 5 3400G packages all-in na.",,0,"11/07/2022 01:00",,https://www.facebook.com/pcmerchandise.co/posts/pfbid0KS3nvCA3efF98QoQ8cONnVYlJav3AzVUF7xldw8IB0TSwF6WCjgjwvmN,0,0,Photos,,,,,11/25/2022,,,0,0,0,0,0,0,,,,,
974576530822586,100064197037125,"PC Merchandise","Free deliver within Taytay! RYZEN 5 3400G packages all-in na.",,0,"11/07/2022 01:00",,https://www.facebook.com/pcmerchandise.co/posts/pfbid0KS3nvCA3efF98QoQ8cONnVYlJav3AzVUF7xldw8IB0TSwF6WCjgjwvmN,0,0,Photos,,,,,11/26/2022,,,0,0,0,0,0,0,,,,,
974576530822586,100064197037125,"PC Merchandise","Free deliver within Taytay! RYZEN 5 3400G packages all-in na.",,0,"11/07/2022 01:00",,https://www.facebook.com/pcmerchandise.co/posts/pfbid0KS3nvCA3efF98QoQ8cONnVYlJav3AzVUF7xldw8IB0TSwF6WCjgjwvmN,0,0,Photos,,,,,11/27/2022,,,0,0,0,0,0,0,,,,,
974576530822586,100064197037125,"PC Merchandise","Free deliver within Taytay! RYZEN 5 3400G packages all-in na.",,0,"11/07/2022 01:00",,https://www.facebook.com/pcmerchandise.co/posts/pfbid0KS3nvCA3efF98QoQ8cONnVYlJav3AzVUF7xldw8IB0TSwF6WCjgjwvmN,0,0,Photos,,,,,11/28/2022,,,0,0,0,0,0,0,,,,,
974576530822586,100064197037125,"PC Merchandise","Free deliver within Taytay! RYZEN 5 3400G packages all-in na.",,0,"11/07/2022 01:00",,https://www.facebook.com/pcmerchandise.co/posts/pfbid0KS3nvCA3efF98QoQ8cONnVYlJav3AzVUF7xldw8IB0TSwF6WCjgjwvmN,0,0,Photos,,,,,11/29/2022,,,0,0,0,0,0,0,,,,,
974576530822586,100064197037125,"PC Merchandise","Free deliver within Taytay! RYZEN 5 3400G packages all-in na.",,0,"11/07/2022 01:00",,https://www.facebook.com/pcmerchandise.co/posts/pfbid0KS3nvCA3efF98QoQ8cONnVYlJav3AzVUF7xldw8IB0TSwF6WCjgjwvmN,0,0,Photos,,,,,11/30/2022,,,0,0,0,0,0,0,,,,,
974817856289972,100064197037125,"PC Merchandise","𝐀𝐌𝟓 𝐁𝐮𝐢𝐥𝐝 𝐋𝐢𝐦𝐢𝐭𝐞𝐝 𝐒𝐚𝐥𝐞! 🚨
Experience next-gen performance with our latest builds. PM for pricelist!",,0,"11/06/2022 23:15",,https://www.facebook.com/pcmerchandise.co/posts/pfbid0456uov9lzdHt0gwyzl4ZCQpfoSqG1drcM0Xef9ZdXqckv2fWKA1vvvZN,0,0,Photos,,,,,11/30/2022,0,,,,,,,,,,,,
974817856289972,100064197037125,"PC Merchandise","𝐀𝐌𝟓 𝐁𝐮𝐢𝐥𝐝 𝐋𝐢𝐦𝐢𝐭𝐞𝐝 𝐒𝐚𝐥𝐞! 🚨
Experience next-gen performance with our latest builds. PM for pricelist!",,0,"11/06/2022 23:15",,https://www.facebook.com/pcmerchandise.co/posts/pfbid0456uov9lzdHt0gwyzl4ZCQpfoSqG1drcM0Xef9ZdXqckv2fWKA1vvvZN,0,0,Photos,,,,,11/01/2022,,,0,0,0,0,0,0,,,,,
974817856289972,100064197037125,"PC Merchandise","𝐀𝐌𝟓 𝐁𝐮𝐢𝐥𝐝 𝐋𝐢𝐦𝐢𝐭𝐞𝐝 𝐒𝐚𝐥𝐞! 🚨
Experience next-gen performance with our latest builds. PM for pricelist!",,0,"11/06/2022 23:15",,https://www.facebook.com/pcmerchandise.co/posts/pfbid0456uov9lzdHt0gwyzl4ZCQpfoSqG1drcM0Xef9ZdXqckv2fWKA1vvvZN,0,0,Photos,,,,,11/02/2022,,,0,0,0,0,0,0,,,,,
974817856289972,100064197037125,"PC Merchandise","𝐀𝐌𝟓 𝐁𝐮𝐢𝐥𝐝 𝐋𝐢𝐦𝐢𝐭𝐞𝐝 𝐒𝐚𝐥𝐞! 🚨
Experience next-gen performance with our latest builds. PM for pricelist!",,0,"11/06/2022 23:15",,https://www.facebook.com/pcmerchandise.co/posts/pfbid0456uov9lzdHt0gwyzl4ZCQpfoSqG1drcM0Xef9ZdXqckv2fWKA1vvvZN,0,0,Photos,,,,,11/03/2022,,,0,0,0,0,0,0,,,,,
974817856289972,100064197037125,"PC Merchandise","𝐀𝐌𝟓 𝐁𝐮𝐢𝐥𝐝 𝐋𝐢𝐦𝐢𝐭𝐞𝐝 𝐒𝐚𝐥𝐞! 🚨
Experience next-gen performance with our latest builds. PM for pricelist!",,0,"11/06/2022 23:15",,https://www.facebook.com/pcmerchandise.co/posts/pfbid0456uov9lzdHt0gwyzl4ZCQpfoSqG1drcM0Xef9ZdXqckv2fWKA1vvvZN,0,0,Photos,,,,,11/04/2022,,,0,0,0,0,0,0,,,,,
974817856289972,100064197037125,"PC Merchandise","𝐀𝐌𝟓 𝐁𝐮𝐢𝐥𝐝 𝐋𝐢𝐦𝐢𝐭𝐞𝐝 𝐒𝐚𝐥𝐞! 🚨
Experience next-gen performance with our latest builds. PM for pricelist!",,0,"11/06/2022 23:15",,https://www.facebook.com/pcmerchandise.co/posts/pfbid0456uov9lzdHt0gwyzl4ZCQpfoSqG1drcM0Xef9ZdXqckv2fWKA1vvvZN,0,0,Photos,,,,,11/05/2022,,,0,0,0,0,0,0,,,,,
974817856289972,100064197037125,"PC Merchandise","𝐀𝐌𝟓 𝐁𝐮𝐢𝐥𝐝 𝐋𝐢𝐦𝐢𝐭𝐞𝐝 𝐒𝐚𝐥𝐞! 🚨
Experience next-gen performance with our latest builds. PM for pricelist!",,0,"11/06/2022 23:15",,https://www.facebook.com/pcmerchandise.co/posts/pfbid0456uov9lzdHt0gwyzl4ZCQpfoSqG1drcM0Xef9ZdXqckv2fWKA1vvvZN,0,0,Photos,,,,,11/06/2022,,,0,0,0,0,0,0,,,,,
974817856289972,100064197037125,"PC Merchandise","𝐀𝐌𝟓 𝐁𝐮𝐢𝐥𝐝 𝐋𝐢𝐦𝐢𝐭𝐞𝐝 𝐒𝐚𝐥𝐞! 🚨
Experience next-gen performance with our latest builds. PM for pricelist!",,0,"11/06/2022 23:15",,https://www.facebook.com/pcmerchandise.co/posts/pfbid0456uov9lzdHt0gwyzl4ZCQpfoSqG1drcM0Xef9ZdXqckv2fWKA1vvvZN,0,0,Photos,,,,,11/07/2022,,,0,0,0,0,0,0,,,,,
974817856289972,100064197037125,"PC Merchandise","𝐀𝐌𝟓 𝐁𝐮𝐢𝐥𝐝 𝐋𝐢𝐦𝐢𝐭𝐞𝐝 𝐒𝐚𝐥𝐞! 🚨
Experience next-gen performance with our latest builds. PM for pricelist!",,0,"11/06/2022 23:15",,https://www.facebook.com/pcmerchandise.co/posts/pfbid0456uov9lzdHt0gwyzl4ZCQpfoSqG1drcM0Xef9ZdXqckv2fWKA1vvvZN,0,0,Photos,,,,,11/08/2022,,,0,0,0,0,0,0,,,,,
974817856289972,100064197037125,"PC Merchandise","𝐀𝐌𝟓 𝐁𝐮𝐢𝐥𝐝 𝐋𝐢𝐦𝐢𝐭𝐞𝐝 𝐒𝐚𝐥𝐞! 🚨
Experience next-gen performance with our latest builds. PM for pricelist!",,0,"11/06/2022 23:15",,https://www.facebook.com/pcmerchandise.co/posts/pfbid0456uov9lzdHt0gwyzl4ZCQpfoSqG1drcM0Xef9ZdXqckv2fWKA1vvvZN,0,0,Photos,,,,,11/09/2022,,,0,0,0,0,0,0,,,,,
974817856289972,100064197037125,"PC Merchandise","𝐀𝐌𝟓 𝐁𝐮𝐢𝐥𝐝 𝐋𝐢𝐦𝐢𝐭𝐞𝐝 𝐒𝐚𝐥𝐞! 🚨
Experience next-gen performance with our latest builds. PM for pricelist!",,0,"11/06/2022 23:15",,https://www.facebook.com/pcmerchandise.co/posts/pfbid0456uov9lzdHt0gwyzl4ZCQpfoSqG1drcM0Xef9ZdXqckv2fWKA1vvvZN,0,0,Photos,,,,,11/10/2022,,,0,0,0,0,0,0,,,,,
974817856289972,100064197037125,"PC Merchandise","𝐀𝐌𝟓 𝐁𝐮𝐢𝐥𝐝 𝐋𝐢𝐦𝐢𝐭𝐞𝐝 𝐒𝐚𝐥𝐞! 🚨
Experience next-gen performance with our latest builds. PM for pricelist!",,0,"11/06/2022 23:15",,https://www.facebook.com/pcmerchandise.co/posts/pfbid0456uov9lzdHt0gwyzl4ZCQpfoSqG1drcM0Xef9ZdXqckv2fWKA1vvvZN,0,0,Photos,,,,,11/11/2022,,,0,0,0,0,0,0,,,,,
974817856289972,100064197037125,"PC Merchandise","𝐀𝐌𝟓 𝐁𝐮𝐢𝐥𝐝 𝐋𝐢𝐦𝐢𝐭𝐞𝐝 𝐒𝐚𝐥𝐞! 🚨
Experience next-gen performance with our latest builds. PM for pricelist!",,0,"11/06/2022 23:15",,https://www.facebook.com/pcmerchandise.co/posts/pfbid0456uov9lzdHt0gwyzl4ZCQpfoSqG1drcM0Xef9ZdXqckv2fWKA1vvvZN,0,0,Photos,,,,,11/12/2022,,,0,0,0,0,0,0,,,,,
974817856289972,100064197037125,"PC Merchandise","𝐀𝐌𝟓 𝐁𝐮𝐢𝐥𝐝 𝐋𝐢𝐦𝐢𝐭𝐞𝐝 𝐒𝐚𝐥𝐞! 🚨
Experience next-gen performance with our latest builds. PM for pricelist!",,0,"11/06/2022 23:15",,https://www.facebook.com/pcmerchandise.co/posts/pfbid0456uov9lzdHt0gwyzl4ZCQpfoSqG1drcM0Xef9ZdXqckv2fWKA1vvvZN,0,0,Photos,,,,,11/13/2022,,,0,0,0,0,0,0,,,,,
974817856289972,100064197037125,"PC Merchandise","𝐀𝐌𝟓 𝐁𝐮𝐢𝐥𝐝 𝐋𝐢𝐦𝐢𝐭𝐞𝐝 𝐒𝐚𝐥𝐞! 🚨
Experience next-gen performance with our latest builds. PM for pricelist!",,0,"11/06/2022 23:15",,https://www.facebook.com/pcmerchandise.co/posts/pfbid0456uov9lzdHt0gwyzl4ZCQpfoSqG1drcM0Xef9ZdXqckv2fWKA1vvvZN,0,0,Photos,,,,,11/14/2022,,,0,0,0,0,0,0,,,,,
974817856289972,100064197037125,"PC Merchandise","𝐀𝐌𝟓 𝐁𝐮𝐢𝐥𝐝 𝐋𝐢𝐦𝐢𝐭𝐞𝐝 𝐒𝐚𝐥𝐞! 🚨
Experience next-gen performance with our latest builds. PM for pricelist!",,0,"11/06/2022 23:15",,https://www.facebook.com/pcmerchandise.co/posts/pfbid0456uov9lzdHt0gwyzl4ZCQpfoSqG1drcM0Xef9ZdXqckv2fWKA1vvvZN,0,0,Photos,,,,,11/15/2022,,,0,0,0,0,0,0,,,,,
974817856289972,100064197037125,"PC Merchandise","𝐀𝐌𝟓 𝐁𝐮𝐢𝐥𝐝 𝐋𝐢𝐦𝐢𝐭𝐞𝐝 𝐒𝐚𝐥𝐞! 🚨
Experience next-gen performance with our latest builds. PM for pricelist!",,0,"11/06/2022 23:15",,https://www.facebook.com/pcmerchandise.co/posts/pfbid0456uov9lzdHt0gwyzl4ZCQpfoSqG1drcM0Xef9ZdXqckv2fWKA1vvvZN,0,0,Photos,,,,,11/16/2022,,,0,0,0,0,0,0,,,,,
974817856289972,100064197037125,"PC Merchandise","𝐀𝐌𝟓 𝐁𝐮𝐢𝐥𝐝 𝐋𝐢𝐦𝐢𝐭𝐞𝐝 𝐒𝐚𝐥𝐞! 🚨
Experience next-gen performance with our latest builds. PM for pricelist!",,0,"11/06/2022 23:15",,https://www.facebook.com/pcmerchandise.co/posts/pfbid0456uov9lzdHt0gwyzl4ZCQpfoSqG1drcM0Xef9ZdXqckv2fWKA1vvvZN,0,0,Photos,,,,,11/17/2022,,,0,0,0,0,0,0,,,,,
974817856289972,100064197037125,"PC Merchandise","𝐀𝐌𝟓 𝐁𝐮𝐢𝐥𝐝 𝐋𝐢𝐦𝐢𝐭𝐞𝐝 𝐒𝐚𝐥𝐞! 🚨
Experience next-gen performance with our latest builds. PM for pricelist!",,0,"11/06/2022 23:15",,https://www.facebook.com/pcmerchandise.co/posts/pfbid0456uov9lzdHt0gwyzl4ZCQpfoSqG1drcM0Xef9ZdXqckv2fWKA1vvvZN,0,0,Photos,,,,,11/18/2022,,,0,0,0,0,0,0,,,,,
974817856289972,100064197037125,"PC Merchandise","𝐀𝐌𝟓 𝐁𝐮𝐢𝐥𝐝 𝐋𝐢𝐦𝐢𝐭𝐞𝐝 𝐒𝐚𝐥𝐞! 🚨
Experience next-gen performance with our latest builds. PM for pricelist!",,0,"11/06/2022 23:15",,https://www.facebook.com/pcmerchandise.co/posts/pfbid0456uov9lzdHt0gwyzl4ZCQpfoSqG1drcM0Xef9ZdXqckv2fWKA1vvvZN,0,0,Photos,,,,,11/19/2022,,,0,0,0,0,0,0,,,,,
974817856289972,100064197037125,"PC Merchandise","𝐀𝐌𝟓 𝐁𝐮𝐢𝐥𝐝 𝐋𝐢𝐦𝐢𝐭𝐞𝐝 𝐒𝐚𝐥𝐞! 🚨
Experience next-gen performance with our latest builds. PM for pricelist!",,0,"11/06/2022 23:15",,https://www.facebook.com/pcmerchandise.co/posts/pfbid0456uov9lzdHt0gwyzl4ZCQpfoSqG1drcM0Xef9ZdXqckv2fWKA1vvvZN,0,0,Photos,,,,,11/20/2022,,,0,0,0,0,0,0,,,,,
974817856289972,100064197037125,"PC Merchandise","𝐀𝐌𝟓 𝐁𝐮𝐢𝐥𝐝 𝐋𝐢𝐦𝐢𝐭𝐞𝐝 𝐒𝐚𝐥𝐞! 🚨
Experience next-gen performance with our latest builds. PM for pricelist!",,0,"11/06/2022 23:15",,https://www.facebook.com/pcmerchandise.co/posts/pfbid0456uov9lzdHt0gwyzl4ZCQpfoSqG1drcM0Xef9ZdXqckv2fWKA1vvvZN,0,0,Photos,,,,,11/21/2022,,,0,0,0,0,0,0,,,,,
974817856289972,100064197037125,"PC Merchandise","𝐀𝐌𝟓 𝐁𝐮𝐢𝐥𝐝 𝐋𝐢𝐦𝐢𝐭𝐞𝐝 𝐒𝐚𝐥𝐞! 🚨
Experience next-gen performance with our latest builds. PM for pricelist!",,0,"11/06/2022 23:15",,https://www.facebook.com/pcmerchandise.co/posts/pfbid0456uov9lzdHt0gwyzl4ZCQpfoSqG1drcM0Xef9ZdXqckv2fWKA1vvvZN,0,0,Photos,,,,,11/22/2022,,,0,0,0,0,0,0,,,,,
974817856289972,100064197037125,"PC Merchandise","𝐀𝐌𝟓 𝐁𝐮𝐢𝐥𝐝 𝐋𝐢𝐦𝐢𝐭𝐞𝐝 𝐒𝐚𝐥𝐞! 🚨
Experience next-gen performance with our latest builds. PM for pricelist!",,0,"11/06/2022 23:15",,https://www.facebook.com/pcmerchandise.co/posts/pfbid0456uov9lzdHt0gwyzl4ZCQpfoSqG1drcM0Xef9ZdXqckv2fWKA1vvvZN,0,0,Photos,,,,,11/23/2022,,,0,0,0,0,0,0,,,,,
974817856289972,100064197037125,"PC Merchandise","𝐀𝐌𝟓 𝐁𝐮𝐢𝐥𝐝 𝐋𝐢𝐦𝐢𝐭𝐞𝐝 𝐒𝐚𝐥𝐞! 🚨
Experience next-gen performance with our latest builds. PM for pricelist!",,0,"11/06/2022 23:15",,https://www.facebook.com/pcmerchandise.co/posts/pfbid0456uov9lzdHt0gwyzl4ZCQpfoSqG1drcM0Xef9ZdXqckv2fWKA1vvvZN,0,0,Photos,,,,,11/24/2022,,,0,0,0,0,0,0,,,,,
974817856289972,100064197037125,"PC Merchandise","𝐀𝐌𝟓 𝐁𝐮𝐢𝐥𝐝 𝐋𝐢𝐦𝐢𝐭𝐞𝐝 𝐒𝐚𝐥𝐞! 🚨
Experience next-gen performance with our latest builds. PM for pricelist!",,0,"11/06/2022 23:15",,https://www.facebook.com/pcmerchandise.co/posts/pfbid0456uov9lzdHt0gwyzl4ZCQpfoSqG1drcM0Xef9ZdXqckv2fWKA1vvvZN,0,0,Photos,,,,,11/25/2022,,,0,0,0,0,0,0,,,,,
974817856289972,100064197037125,"PC Merchandise","𝐀𝐌𝟓 𝐁𝐮𝐢𝐥𝐝 𝐋𝐢𝐦𝐢𝐭𝐞𝐝 𝐒𝐚𝐥𝐞! 🚨
Experience next-gen performance with our latest builds. PM for pricelist!",,0,"11/06/2022 23:15",,https://www.facebook.com/pcmerchandise.co/posts/pfbid0456uov9lzdHt0gwyzl4ZCQpfoSqG1drcM0Xef9ZdXqckv2fWKA1vvvZN,0,0,Photos,,,,,11/26/2022,,,0,0,0,0,0,0,,,,,
974817856289972,100064197037125,"PC Merchandise","𝐀𝐌𝟓 𝐁𝐮𝐢𝐥𝐝 𝐋𝐢𝐦𝐢𝐭𝐞𝐝 𝐒𝐚𝐥𝐞! 🚨
Experience next-gen performance with our latest builds. PM for pricelist!",,0,"11/06/2022 23:15",,https://www.facebook.com/pcmerchandise.co/posts/pfbid0456uov9lzdHt0gwyzl4ZCQpfoSqG1drcM0Xef9ZdXqckv2fWKA1vvvZN,0,0,Photos,,,,,11/27/2022,,,0,0,0,0,0,0,,,,,
974817856289972,100064197037125,"PC Merchandise","𝐀𝐌𝟓 𝐁𝐮𝐢𝐥𝐝 𝐋𝐢𝐦𝐢𝐭𝐞𝐝 𝐒𝐚𝐥𝐞! 🚨
Experience next-gen performance with our latest builds. PM for pricelist!",,0,"11/06/2022 23:15",,https://www.facebook.com/pcmerchandise.co/posts/pfbid0456uov9lzdHt0gwyzl4ZCQpfoSqG1drcM0Xef9ZdXqckv2fWKA1vvvZN,0,0,Photos,,,,,11/28/2022,,,0,0,0,0,0,0,,,,,
974817856289972,100064197037125,"PC Merchandise","𝐀𝐌𝟓 𝐁𝐮𝐢𝐥𝐝 𝐋𝐢𝐦𝐢𝐭𝐞𝐝 𝐒𝐚𝐥𝐞! 🚨
Experience next-gen performance with our latest builds. PM for pricelist!",,0,"11/06/2022 23:15",,https://www.facebook.com/pcmerchandise.co/posts/pfbid0456uov9lzdHt0gwyzl4ZCQpfoSqG1drcM0Xef9ZdXqckv2fWKA1vvvZN,0,0,Photos,,,,,11/29/2022,,,0,0,0,0,0,0,,,,,
974817856289972,100064197037125,"PC Merchandise","𝐀𝐌𝟓 𝐁𝐮𝐢𝐥𝐝 𝐋𝐢𝐦𝐢𝐭𝐞𝐝 𝐒𝐚𝐥𝐞! 🚨
Experience next-gen performance with our latest builds. PM for pricelist!",,0,"11/06/2022 23:15",,https://www.facebook.com/pcmerchandise.co/posts/pfbid0456uov9lzdHt0gwyzl4ZCQpfoSqG1drcM0Xef9ZdXqckv2fWKA1vvvZN,0,0,Photos,,,,,11/30/2022,,,0,0,0,0,0,0,,,,,
974833568259494,100064197037125,"PC Merchandise","Do you want an aesthetic build that matches your gaming needs? i5 10400F builds available now!",,0,"11/06/2022 20:36",,https://www.facebook.com/pcmerchandise.co/posts/pfbid0iWGffbgR8Av6gr3bkfEJxJzsWKLZcfwVAMlcnZGwEbSszgqYdxBItlp3,0,0,Photos,,,,,11/30/2022,0,,,,,,,,,,,,
974833568259494,100064197037125,"PC Merchandise","Do you want an aesthetic build that matches your gaming needs? i5 10400F builds available now!",,0,"11/06/2022 20:36",,https://www.facebook.com/pcmerchandise.co/posts/pfbid0iWGffbgR8Av6gr3bkfEJxJzsWKLZcfwVAMlcnZGwEbSszgqYdxBItlp3,0,0,Photos,,,,,11/01/2022,,,0,0,0,0,0,0,,,,,
974833568259494,100064197037125,"PC Merchandise","Do you want an aesthetic build that matches your gaming needs? i5 10400F builds available now!",,0,"11/06/2022 20:36",,https://www.facebook.com/pcmerchandise.co/posts/pfbid0iWGffbgR8Av6gr3bkfEJxJzsWKLZcfwVAMlcnZGwEbSszgqYdxBItlp3,0,0,Photos,,,,,11/02/2022,,,0,0,0,0,0,0,,,,,
974833568259494,100064197037125,"PC Merchandise","Do you want an aesthetic build that matches your gaming needs? i5 10400F builds available now!",,0,"11/06/2022 20:36",,https://www.facebook.com/pcmerchandise.co/posts/pfbid0iWGffbgR8Av6gr3bkfEJxJzsWKLZcfwVAMlcnZGwEbSszgqYdxBItlp3,0,0,Photos,,,,,11/03/2022,,,0,0,0,0,0,0,,,,,
974833568259494,100064197037125,"PC Merchandise","Do you want an aesthetic build that matches your gaming needs? i5 10400F builds available now!",,0,"11/06/2022 20:36",,https://www.facebook.com/pcmerchandise.co/posts/pfbid0iWGffbgR8Av6gr3bkfEJxJzsWKLZcfwVAMlcnZGwEbSszgqYdxBItlp3,0,0,Photos,,,,,11/04/2022,,,0,0,0,0,0,0,,,,,
974833568259494,100064197037125,"PC Merchandise","Do you want an aesthetic build that matches your gaming needs? i5 10400F builds available now!",,0,"11/06/2022 20:36",,https://www.facebook.com/pcmerchandise.co/posts/pfbid0iWGffbgR8Av6gr3bkfEJxJzsWKLZcfwVAMlcnZGwEbSszgqYdxBItlp3,0,0,Photos,,,,,11/05/2022,,,0,0,0,0,0,0,,,,,
974833568259494,100064197037125,"PC Merchandise","Do you want an aesthetic build that matches your gaming needs? i5 10400F builds available now!",,0,"11/06/2022 20:36",,https://www.facebook.com/pcmerchandise.co/posts/pfbid0iWGffbgR8Av6gr3bkfEJxJzsWKLZcfwVAMlcnZGwEbSszgqYdxBItlp3,0,0,Photos,,,,,11/06/2022,,,0,0,0,0,0,0,,,,,
974833568259494,100064197037125,"PC Merchandise","Do you want an aesthetic build that matches your gaming needs? i5 10400F builds available now!",,0,"11/06/2022 20:36",,https://www.facebook.com/pcmerchandise.co/posts/pfbid0iWGffbgR8Av6gr3bkfEJxJzsWKLZcfwVAMlcnZGwEbSszgqYdxBItlp3,0,0,Photos,,,,,11/07/2022,,,0,0,0,0,0,0,,,,,
974833568259494,100064197037125,"PC Merchandise","Do you want an aesthetic build that matches your gaming needs? i5 10400F builds available now!",,0,"11/06/2022 20:36",,https://www.facebook.com/pcmerchandise.co/posts/pfbid0iWGffbgR8Av6gr3bkfEJxJzsWKLZcfwVAMlcnZGwEbSszgqYdxBItlp3,0,0,Photos,,,,,11/08/2022,,,0,0,0,0,0,0,,,,,
974833568259494,100064197037125,"PC Merchandise","Do you want an aesthetic build that matches your gaming needs? i5 10400F builds available now!",,0,"11/06/2022 20:36",,https://www.facebook.com/pcmerchandise.co/posts/pfbid0iWGffbgR8Av6gr3bkfEJxJzsWKLZcfwVAMlcnZGwEbSszgqYdxBItlp3,0,0,Photos,,,,,11/09/2022,,,0,0,0,0,0,0,,,,,
974833568259494,100064197037125,"PC Merchandise","Do you want an aesthetic build that matches your gaming needs? i5 10400F builds available now!",,0,"11/06/2022 20:36",,https://www.facebook.com/pcmerchandise.co/posts/pfbid0iWGffbgR8Av6gr3bkfEJxJzsWKLZcfwVAMlcnZGwEbSszgqYdxBItlp3,0,0,Photos,,,,,11/10/2022,,,0,0,0,0,0,0,,,,,
974833568259494,100064197037125,"PC Merchandise","Do you want an aesthetic build that matches your gaming needs? i5 10400F builds available now!",,0,"11/06/2022 20:36",,https://www.facebook.com/pcmerchandise.co/posts/pfbid0iWGffbgR8Av6gr3bkfEJxJzsWKLZcfwVAMlcnZGwEbSszgqYdxBItlp3,0,0,Photos,,,,,11/11/2022,,,0,0,0,0,0,0,,,,,
974833568259494,100064197037125,"PC Merchandise","Do you want an aesthetic build that matches your gaming needs? i5 10400F builds available now!",,0,"11/06/2022 20:36",,https://www.facebook.com/pcmerchandise.co/posts/pfbid0iWGffbgR8Av6gr3bkfEJxJzsWKLZcfwVAMlcnZGwEbSszgqYdxBItlp3,0,0,Photos,,,,,11/12/2022,,,0,0,0,0,0,0,,,,,
974833568259494,100064197037125,"PC Merchandise","Do you want an aesthetic build that matches your gaming needs? i5 10400F builds available now!",,0,"11/06/2022 20:36",,https://www.facebook.com/pcmerchandise.co/posts/pfbid0iWGffbgR8Av6gr3bkfEJxJzsWKLZcfwVAMlcnZGwEbSszgqYdxBItlp3,0,0,Photos,,,,,11/13/2022,,,0,0,0,0,0,0,,,,,
974833568259494,100064197037125,"PC Merchandise","Do you want an aesthetic build that matches your gaming needs? i5 10400F builds available now!",,0,"11/06/2022 20:36",,https://www.facebook.com/pcmerchandise.co/posts/pfbid0iWGffbgR8Av6gr3bkfEJxJzsWKLZcfwVAMlcnZGwEbSszgqYdxBItlp3,0,0,Photos,,,,,11/14/2022,,,0,0,0,0,0,0,,,,,
974833568259494,100064197037125,"PC Merchandise","Do you want an aesthetic build that matches your gaming needs? i5 10400F builds available now!",,0,"11/06/2022 20:36",,https://www.facebook.com/pcmerchandise.co/posts/pfbid0iWGffbgR8Av6gr3bkfEJxJzsWKLZcfwVAMlcnZGwEbSszgqYdxBItlp3,0,0,Photos,,,,,11/15/2022,,,0,0,0,0,0,0,,,,,
974833568259494,100064197037125,"PC Merchandise","Do you want an aesthetic build that matches your gaming needs? i5 10400F builds available now!",,0,"11/06/2022 20:36",,https://www.facebook.com/pcmerchandise.co/posts/pfbid0iWGffbgR8Av6gr3bkfEJxJzsWKLZcfwVAMlcnZGwEbSszgqYdxBItlp3,0,0,Photos,,,,,11/16/2022,,,0,0,0,0,0,0,,,,,
974833568259494,100064197037125,"PC Merchandise","Do you want an aesthetic build that matches your gaming needs? i5 10400F builds available now!",,0,"11/06/2022 20:36",,https://www.facebook.com/pcmerchandise.co/posts/pfbid0iWGffbgR8Av6gr3bkfEJxJzsWKLZcfwVAMlcnZGwEbSszgqYdxBItlp3,0,0,Photos,,,,,11/17/2022,,,0,0,0,0,0,0,,,,,
974833568259494,100064197037125,"PC Merchandise","Do you want an aesthetic build that matches your gaming needs? i5 10400F builds available now!",,0,"11/06/2022 20:36",,https://www.facebook.com/pcmerchandise.co/posts/pfbid0iWGffbgR8Av6gr3bkfEJxJzsWKLZcfwVAMlcnZGwEbSszgqYdxBItlp3,0,0,Photos,,,,,11/18/2022,,,0,0,0,0,0,0,,,,,
974833568259494,100064197037125,"PC Merchandise","Do you want an aesthetic build that matches your gaming needs? i5 10400F builds available now!",,0,"11/06/2022 20:36",,https://www.facebook.com/pcmerchandise.co/posts/pfbid0iWGffbgR8Av6gr3bkfEJxJzsWKLZcfwVAMlcnZGwEbSszgqYdxBItlp3,0,0,Photos,,,,,11/19/2022,,,0,0,0,0,0,0,,,,,
974833568259494,100064197037125,"PC Merchandise","Do you want an aesthetic build that matches your gaming needs? i5 10400F builds available now!",,0,"11/06/2022 20:36",,https://www.facebook.com/pcmerchandise.co/posts/pfbid0iWGffbgR8Av6gr3bkfEJxJzsWKLZcfwVAMlcnZGwEbSszgqYdxBItlp3,0,0,Photos,,,,,11/20/2022,,,0,0,0,0,0,0,,,,,
974833568259494,100064197037125,"PC Merchandise","Do you want an aesthetic build that matches your gaming needs? i5 10400F builds available now!",,0,"11/06/2022 20:36",,https://www.facebook.com/pcmerchandise.co/posts/pfbid0iWGffbgR8Av6gr3bkfEJxJzsWKLZcfwVAMlcnZGwEbSszgqYdxBItlp3,0,0,Photos,,,,,11/21/2022,,,0,0,0,0,0,0,,,,,
974833568259494,100064197037125,"PC Merchandise","Do you want an aesthetic build that matches your gaming needs? i5 10400F builds available now!",,0,"11/06/2022 20:36",,https://www.facebook.com/pcmerchandise.co/posts/pfbid0iWGffbgR8Av6gr3bkfEJxJzsWKLZcfwVAMlcnZGwEbSszgqYdxBItlp3,0,0,Photos,,,,,11/22/2022,,,0,0,0,0,0,0,,,,,
974833568259494,100064197037125,"PC Merchandise","Do you want an aesthetic build that matches your gaming needs? i5 10400F builds available now!",,0,"11/06/2022 20:36",,https://www.facebook.com/pcmerchandise.co/posts/pfbid0iWGffbgR8Av6gr3bkfEJxJzsWKLZcfwVAMlcnZGwEbSszgqYdxBItlp3,0,0,Photos,,,,,11/23/2022,,,0,0,0,0,0,0,,,,,
974833568259494,100064197037125,"PC Merchandise","Do you want an aesthetic build that matches your gaming needs? i5 10400F builds available now!",,0,"11/06/2022 20:36",,https://www.facebook.com/pcmerchandise.co/posts/pfbid0iWGffbgR8Av6gr3bkfEJxJzsWKLZcfwVAMlcnZGwEbSszgqYdxBItlp3,0,0,Photos,,,,,11/24/2022,,,0,0,0,0,0,0,,,,,
974833568259494,100064197037125,"PC Merchandise","Do you want an aesthetic build that matches your gaming needs? i5 10400F builds available now!",,0,"11/06/2022 20:36",,https://www.facebook.com/pcmerchandise.co/posts/pfbid0iWGffbgR8Av6gr3bkfEJxJzsWKLZcfwVAMlcnZGwEbSszgqYdxBItlp3,0,0,Photos,,,,,11/25/2022,,,0,0,0,0,0,0,,,,,
974833568259494,100064197037125,"PC Merchandise","Do you want an aesthetic build that matches your gaming needs? i5 10400F builds available now!",,0,"11/06/2022 20:36",,https://www.facebook.com/pcmerchandise.co/posts/pfbid0iWGffbgR8Av6gr3bkfEJxJzsWKLZcfwVAMlcnZGwEbSszgqYdxBItlp3,0,0,Photos,,,,,11/26/2022,,,0,0,0,0,0,0,,,,,
974833568259494,100064197037125,"PC Merchandise","Do you want an aesthetic build that matches your gaming needs? i5 10400F builds available now!",,0,"11/06/2022 20:36",,https://www.facebook.com/pcmerchandise.co/posts/pfbid0iWGffbgR8Av6gr3bkfEJxJzsWKLZcfwVAMlcnZGwEbSszgqYdxBItlp3,0,0,Photos,,,,,11/27/2022,,,0,0,0,0,0,0,,,,,
974833568259494,100064197037125,"PC Merchandise","Do you want an aesthetic build that matches your gaming needs? i5 10400F builds available now!",,0,"11/06/2022 20:36",,https://www.facebook.com/pcmerchandise.co/posts/pfbid0iWGffbgR8Av6gr3bkfEJxJzsWKLZcfwVAMlcnZGwEbSszgqYdxBItlp3,0,0,Photos,,,,,11/28/2022,,,0,0,0,0,0,0,,,,,
974833568259494,100064197037125,"PC Merchandise","Do you want an aesthetic build that matches your gaming needs? i5 10400F builds available now!",,0,"11/06/2022 20:36",,https://www.facebook.com/pcmerchandise.co/posts/pfbid0iWGffbgR8Av6gr3bkfEJxJzsWKLZcfwVAMlcnZGwEbSszgqYdxBItlp3,0,0,Photos,,,,,11/29/2022,,,0,0,0,0,0,0,,,,,
974833568259494,100064197037125,"PC Merchandise","Do you want an aesthetic build that matches your gaming needs? i5 10400F builds available now!",,0,"11/06/2022 20:36",,https://www.facebook.com/pcmerchandise.co/posts/pfbid0iWGffbgR8Av6gr3bkfEJxJzsWKLZcfwVAMlcnZGwEbSszgqYdxBItlp3,0,0,Photos,,,,,11/30/2022,,,0,0,0,0,0,0,,,,,
974545242648736,100064197037125,"PC Merchandise","Salamat sa tiwala boss PAU! RYZEN 5 2600 comshop package — 8 units delivered ✅",,0,"11/06/2022 19:30",,https://www.facebook.com/pcmerchandise.co/posts/pfbid04omL3AGP1zZjiL7QL5dSw7y1IOZdYbKt92DZbsvzxo2Dfiiu5SMrKxpe,0,0,Photos,,,,,11/30/2022,3,,,,,,,,,,,,
974545242648736,100064197037125,"PC Merchandise","Salamat sa tiwala boss PAU! RYZEN 5 2600 comshop package — 8 units delivered ✅",,0,"11/06/2022 19:30",,https://www.facebook.com/pcmerchandise.co/posts/pfbid04omL3AGP1zZjiL7QL5dSw7y1IOZdYbKt92DZbsvzxo2Dfiiu5SMrKxpe,0,0,Photos,,,,,11/01/2022,,,0,0,0,0,0,0,,,,,
974545242648736,100064197037125,"PC Merchandise","Salamat sa tiwala boss PAU! RYZEN 5 2600 comshop package — 8 units delivered ✅",,0,"11/06/2022 19:30",,https://www.facebook.com/pcmerchandise.co/posts/pfbid04omL3AGP1zZjiL7QL5dSw7y1IOZdYbKt92DZbsvzxo2Dfiiu5SMrKxpe,0,0,Photos,,,,,11/02/2022,,,0,0,0,0,0,0,,,,,
974545242648736,100064197037125,"PC Merchandise","Salamat sa tiwala boss PAU! RYZEN 5 2600 comshop package — 8 units delivered ✅",,0,"11/06/2022 19:30",,https://www.facebook.com/pcmerchandise.co/posts/pfbid04omL3AGP1zZjiL7QL5dSw7y1IOZdYbKt92DZbsvzxo2Dfiiu5SMrKxpe,0,0,Photos,,,,,11/03/2022,,,0,0,0,0,0,0,,,,,
974545242648736,100064197037125,"PC Merchandise","Salamat sa tiwala boss PAU! RYZEN 5 2600 comshop package — 8 units delivered ✅",,0,"11/06/2022 19:30",,https://www.facebook.com/pcmerchandise.co/posts/pfbid04omL3AGP1zZjiL7QL5dSw7y1IOZdYbKt92DZbsvzxo2Dfiiu5SMrKxpe,0,0,Photos,,,,,11/04/2022,,,0,0,0,0,0,0,,,,,
974545242648736,100064197037125,"PC Merchandise","Salamat sa tiwala boss PAU! RYZEN 5 2600 comshop package — 8 units delivered ✅",,0,"11/06/2022 19:30",,https://www.facebook.com/pcmerchandise.co/posts/pfbid04omL3AGP1zZjiL7QL5dSw7y1IOZdYbKt92DZbsvzxo2Dfiiu5SMrKxpe,0,0,Photos,,,,,11/05/2022,,,0,0,0,0,0,0,,,,,
974545242648736,100064197037125,"PC Merchandise","Salamat sa tiwala boss PAU! RYZEN 5 2600 comshop package — 8 units delivered ✅",,0,"11/06/2022 19:30",,https://www.facebook.com/pcmerchandise.co/posts/pfbid04omL3AGP1zZjiL7QL5dSw7y1IOZdYbKt92DZbsvzxo2Dfiiu5SMrKxpe,0,0,Photos,,,,,11/06/2022,,,0,0,0,0,0,0,,,,,
974545242648736,100064197037125,"PC Merchandise","Salamat sa tiwala boss PAU! RYZEN 5 2600 comshop package — 8 units delivered ✅",,0,"11/06/2022 19:30",,https://www.facebook.com/pcmerchandise.co/posts/pfbid04omL3AGP1zZjiL7QL5dSw7y1IOZdYbKt92DZbsvzxo2Dfiiu5SMrKxpe,0,0,Photos,,,,,11/07/2022,,,0,0,0,0,0,0,,,,,
974545242648736,100064197037125,"PC Merchandise","Salamat sa tiwala boss PAU! RYZEN 5 2600 comshop package — 8 units delivered ✅",,0,"11/06/2022 19:30",,https://www.facebook.com/pcmerchandise.co/posts/pfbid04omL3AGP1zZjiL7QL5dSw7y1IOZdYbKt92DZbsvzxo2Dfiiu5SMrKxpe,0,0,Photos,,,,,11/08/2022,,,0,0,0,0,0,0,,,,,
974545242648736,100064197037125,"PC Merchandise","Salamat sa tiwala boss PAU! RYZEN 5 2600 comshop package — 8 units delivered ✅",,0,"11/06/2022 19:30",,https://www.facebook.com/pcmerchandise.co/posts/pfbid04omL3AGP1zZjiL7QL5dSw7y1IOZdYbKt92DZbsvzxo2Dfiiu5SMrKxpe,0,0,Photos,,,,,11/09/2022,,,0,0,0,0,0,0,,,,,
974545242648736,100064197037125,"PC Merchandise","Salamat sa tiwala boss PAU! RYZEN 5 2600 comshop package — 8 units delivered ✅",,0,"11/06/2022 19:30",,https://www.facebook.com/pcmerchandise.co/posts/pfbid04omL3AGP1zZjiL7QL5dSw7y1IOZdYbKt92DZbsvzxo2Dfiiu5SMrKxpe,0,0,Photos,,,,,11/10/2022,,,0,0,0,0,0,0,,,,,
974545242648736,100064197037125,"PC Merchandise","Salamat sa tiwala boss PAU! RYZEN 5 2600 comshop package — 8 units delivered ✅",,0,"11/06/2022 19:30",,https://www.facebook.com/pcmerchandise.co/posts/pfbid04omL3AGP1zZjiL7QL5dSw7y1IOZdYbKt92DZbsvzxo2Dfiiu5SMrKxpe,0,0,Photos,,,,,11/11/2022,,,0,0,0,0,0,0,,,,,
974545242648736,100064197037125,"PC Merchandise","Salamat sa tiwala boss PAU! RYZEN 5 2600 comshop package — 8 units delivered ✅",,0,"11/06/2022 19:30",,https://www.facebook.com/pcmerchandise.co/posts/pfbid04omL3AGP1zZjiL7QL5dSw7y1IOZdYbKt92DZbsvzxo2Dfiiu5SMrKxpe,0,0,Photos,,,,,11/12/2022,,,0,0,0,0,0,0,,,,,
974545242648736,100064197037125,"PC Merchandise","Salamat sa tiwala boss PAU! RYZEN 5 2600 comshop package — 8 units delivered ✅",,0,"11/06/2022 19:30",,https://www.facebook.com/pcmerchandise.co/posts/pfbid04omL3AGP1zZjiL7QL5dSw7y1IOZdYbKt92DZbsvzxo2Dfiiu5SMrKxpe,0,0,Photos,,,,,11/13/2022,,,0,0,0,0,0,0,,,,,
974545242648736,100064197037125,"PC Merchandise","Salamat sa tiwala boss PAU! RYZEN 5 2600 comshop package — 8 units delivered ✅",,0,"11/06/2022 19:30",,https://www.facebook.com/pcmerchandise.co/posts/pfbid04omL3AGP1zZjiL7QL5dSw7y1IOZdYbKt92DZbsvzxo2Dfiiu5SMrKxpe,0,0,Photos,,,,,11/14/2022,,,0,0,0,0,0,0,,,,,
974545242648736,100064197037125,"PC Merchandise","Salamat sa tiwala boss PAU! RYZEN 5 2600 comshop package — 8 units delivered ✅",,0,"11/06/2022 19:30",,https://www.facebook.com/pcmerchandise.co/posts/pfbid04omL3AGP1zZjiL7QL5dSw7y1IOZdYbKt92DZbsvzxo2Dfiiu5SMrKxpe,0,0,Photos,,,,,11/15/2022,,,0,0,0,0,0,0,,,,,
974545242648736,100064197037125,"PC Merchandise","Salamat sa tiwala boss PAU! RYZEN 5 2600 comshop package — 8 units delivered ✅",,0,"11/06/2022 19:30",,https://www.facebook.com/pcmerchandise.co/posts/pfbid04omL3AGP1zZjiL7QL5dSw7y1IOZdYbKt92DZbsvzxo2Dfiiu5SMrKxpe,0,0,Photos,,,,,11/16/2022,,,0,0,0,0,0,0,,,,,
974545242648736,100064197037125,"PC Merchandise","Salamat sa tiwala boss PAU! RYZEN 5 2600 comshop package — 8 units delivered ✅",,0,"11/06/2022 19:30",,https://www.facebook.com/pcmerchandise.co/posts/pfbid04omL3AGP1zZjiL7QL5dSw7y1IOZdYbKt92DZbsvzxo2Dfiiu5SMrKxpe,0,0,Photos,,,,,11/17/2022,,,0,0,0,0,0,0,,,,,
974545242648736,100064197037125,"PC Merchandise","Salamat sa tiwala boss PAU! RYZEN 5 2600 comshop package — 8 units delivered ✅",,0,"11/06/2022 19:30",,https://www.facebook.com/pcmerchandise.co/posts/pfbid04omL3AGP1zZjiL7QL5dSw7y1IOZdYbKt92DZbsvzxo2Dfiiu5SMrKxpe,0,0,Photos,,,,,11/18/2022,,,0,0,0,0,0,0,,,,,
974545242648736,100064197037125,"PC Merchandise","Salamat sa tiwala boss PAU! RYZEN 5 2600 comshop package — 8 units delivered ✅",,0,"11/06/2022 19:30",,https://www.facebook.com/pcmerchandise.co/posts/pfbid04omL3AGP1zZjiL7QL5dSw7y1IOZdYbKt92DZbsvzxo2Dfiiu5SMrKxpe,0,0,Photos,,,,,11/19/2022,,,0,0,0,0,0,0,,,,,
974545242648736,100064197037125,"PC Merchandise","Salamat sa tiwala boss PAU! RYZEN 5 2600 comshop package — 8 units delivered ✅",,0,"11/06/2022 19:30",,https://www.facebook.com/pcmerchandise.co/posts/pfbid04omL3AGP1zZjiL7QL5dSw7y1IOZdYbKt92DZbsvzxo2Dfiiu5SMrKxpe,0,0,Photos,,,,,11/20/2022,,,0,0,0,0,0,0,,,,,
974545242648736,100064197037125,"PC Merchandise","Salamat sa tiwala boss PAU! RYZEN 5 2600 comshop package — 8 units delivered ✅",,0,"11/06/2022 19:30",,https://www.facebook.com/pcmerchandise.co/posts/pfbid04omL3AGP1zZjiL7QL5dSw7y1IOZdYbKt92DZbsvzxo2Dfiiu5SMrKxpe,0,0,Photos,,,,,11/21/2022,,,0,0,0,0,0,0,,,,,
974545242648736,100064197037125,"PC Merchandise","Salamat sa tiwala boss PAU! RYZEN 5 2600 comshop package — 8 units delivered ✅",,0,"11/06/2022 19:30",,https://www.facebook.com/pcmerchandise.co/posts/pfbid04omL3AGP1zZjiL7QL5dSw7y1IOZdYbKt92DZbsvzxo2Dfiiu5SMrKxpe,0,0,Photos,,,,,11/22/2022,,,0,0,0,0,0,0,,,,,
974545242648736,100064197037125,"PC Merchandise","Salamat sa tiwala boss PAU! RYZEN 5 2600 comshop package — 8 units delivered ✅",,0,"11/06/2022 19:30",,https://www.facebook.com/pcmerchandise.co/posts/pfbid04omL3AGP1zZjiL7QL5dSw7y1IOZdYbKt92DZbsvzxo2Dfiiu5SMrKxpe,0,0,Photos,,,,,11/23/2022,,,0,0,0,0,0,0,,,,,
974545242648736,100064197037125,"PC Merchandise","Salamat sa tiwala boss PAU! RYZEN 5 2600 comshop package — 8 units delivered ✅",,0,"11/06/2022 19:30",,https://www.facebook.com/pcmerchandise.co/posts/pfbid04omL3AGP1zZjiL7QL5dSw7y1IOZdYbKt92DZbsvzxo2Dfiiu5SMrKxpe,0,0,Photos,,,,,11/24/2022,,,0,0,0,0,0,0,,,,,
974545242648736,100064197037125,"PC Merchandise","Salamat sa tiwala boss PAU! RYZEN 5 2600 comshop package — 8 units delivered ✅",,0,"11/06/2022 19:30",,https://www.facebook.com/pcmerchandise.co/posts/pfbid04omL3AGP1zZjiL7QL5dSw7y1IOZdYbKt92DZbsvzxo2Dfiiu5SMrKxpe,0,0,Photos,,,,,11/25/2022,,,0,0,0,0,0,0,,,,,
974545242648736,100064197037125,"PC Merchandise","Salamat sa tiwala boss PAU! RYZEN 5 2600 comshop package — 8 units delivered ✅",,0,"11/06/2022 19:30",,https://www.facebook.com/pcmerchandise.co/posts/pfbid04omL3AGP1zZjiL7QL5dSw7y1IOZdYbKt92DZbsvzxo2Dfiiu5SMrKxpe,0,0,Photos,,,,,11/26/2022,,,0,0,0,0,0,0,,,,,
974545242648736,100064197037125,"PC Merchandise","Salamat sa tiwala boss PAU! RYZEN 5 2600 comshop package — 8 units delivered ✅",,0,"11/06/2022 19:30",,https://www.facebook.com/pcmerchandise.co/posts/pfbid04omL3AGP1zZjiL7QL5dSw7y1IOZdYbKt92DZbsvzxo2Dfiiu5SMrKxpe,0,0,Photos,,,,,11/27/2022,,,0,0,0,0,0,0,,,,,
974545242648736,100064197037125,"PC Merchandise","Salamat sa tiwala boss PAU! RYZEN 5 2600 comshop package — 8 units delivered ✅",,0,"11/06/2022 19:30",,https://www.facebook.com/pcmerchandise.co/posts/pfbid04omL3AGP1zZjiL7QL5dSw7y1IOZdYbKt92DZbsvzxo2Dfiiu5SMrKxpe,0,0,Photos,,,,,11/28/2022,,,0,0,0,0,0,0,,,,,
974545242648736,100064197037125,"PC Merchandise","Salamat sa tiwala boss PAU! RYZEN 5 2600 comshop package — 8 units delivered ✅",,0,"11/06/2022 19:30",,https://www.facebook.com/pcmerchandise.co/posts/pfbid04omL3AGP1zZjiL7QL5dSw7y1IOZdYbKt92DZbsvzxo2Dfiiu5SMrKxpe,0,0,Photos,,,,,11/29/2022,,,0,0,0,0,0,0,,,,,
974545242648736,100064197037125,"PC Merchandise","Salamat sa tiwala boss PAU! RYZEN 5 2600 comshop package — 8 units delivered ✅",,0,"11/06/2022 19:30",,https://www.facebook.com/pcmerchandise.co/posts/pfbid04omL3AGP1zZjiL7QL5dSw7y1IOZdYbKt92DZbsvzxo2Dfiiu5SMrKxpe,0,0,Photos,,,,,11/30/2022,,,0,0,0,0,0,0,,,,,
974930728054092,100064197037125,"PC Merchandise","𝐑𝐘𝐙𝐄𝐍 𝟓 𝟑𝟒𝟎𝟎𝐆 w/ 𝐆𝐓𝐗 𝟏𝟎𝟓𝟎𝐓𝐈
𝐆𝐀𝐌𝐈𝐍𝐆 𝐁𝐔𝐈𝐋𝐃
#PCMERCHANDISE #PCMBUILDS",,62,"11/06/2022 19:15",uploaded,https://www.facebook.com/reel/1436697622899791/,0,0,Reels,,,,,11/01/2022,0,,,,,,0,0,0,0,0,0.000,4.495
974930728054092,100064197037125,"PC Merchandise","𝐑𝐘𝐙𝐄𝐍 𝟓 𝟑𝟒𝟎𝟎𝐆 w/ 𝐆𝐓𝐗 𝟏𝟎𝟓𝟎𝐓𝐈
𝐆𝐀𝐌𝐈𝐍𝐆 𝐁𝐔𝐈𝐋𝐃
#PCMERCHANDISE #PCMBUILDS",,62,"11/06/2022 19:15",uploaded,https://www.facebook.com/reel/1436697622899791/,0,0,Reels,,,,,11/02/2022,0,,,,,,0,0,0,0,0,0.000,4.402
974930728054092,100064197037125,"PC Merchandise","𝐑𝐘𝐙𝐄𝐍 𝟓 𝟑𝟒𝟎𝟎𝐆 w/ 𝐆𝐓𝐗 𝟏𝟎𝟓𝟎𝐓𝐈
𝐆𝐀𝐌𝐈𝐍𝐆 𝐁𝐔𝐈𝐋𝐃
#PCMERCHANDISE #PCMBUILDS",,62,"11/06/2022 19:15",uploaded,https://www.facebook.com/reel/1436697622899791/,0,0,Reels,,,,,11/03/2022,0,,,,,,0,0,0,0,0,0.000,5.714
974930728054092,100064197037125,"PC Merchandise","𝐑𝐘𝐙𝐄𝐍 𝟓 𝟑𝟒𝟎𝟎𝐆 w/ 𝐆𝐓𝐗 𝟏𝟎𝟓𝟎𝐓𝐈
𝐆𝐀𝐌𝐈𝐍𝐆 𝐁𝐔𝐈𝐋𝐃
#PCMERCHANDISE #PCMBUILDS",,62,"11/06/2022 19:15",uploaded,https://www.facebook.com/reel/1436697622899791/,0,0,Reels,,,,,11/04/2022,0,,,,,,0,0,0,0,0,0.000,3.386
974930728054092,100064197037125,"PC Merchandise","𝐑𝐘𝐙𝐄𝐍 𝟓 𝟑𝟒𝟎𝟎𝐆 w/ 𝐆𝐓𝐗 𝟏𝟎𝟓𝟎𝐓𝐈
𝐆𝐀𝐌𝐈𝐍𝐆 𝐁𝐔𝐈𝐋𝐃
#PCMERCHANDISE #PCMBUILDS",,62,"11/06/2022 19:15",uploaded,https://www.facebook.com/reel/1436697622899791/,0,0,Reels,,,,,11/05/2022,0,,,,,,0,0,0,0,0,0.000,3.595
974930728054092,100064197037125,"PC Merchandise","𝐑𝐘𝐙𝐄𝐍 𝟓 𝟑𝟒𝟎𝟎𝐆 w/ 𝐆𝐓𝐗 𝟏𝟎𝟓𝟎𝐓𝐈
𝐆𝐀𝐌𝐈𝐍𝐆 𝐁𝐔𝐈𝐋𝐃
#PCMERCHANDISE #PCMBUILDS",,62,"11/06/2022 19:15",uploaded,https://www.facebook.com/reel/1436697622899791/,0,0,Reels,,,,,11/06/2022,0,,,,,,318,0,0,0,0,1140.377,5.322
974930728054092,100064197037125,"PC Merchandise","𝐑𝐘𝐙𝐄𝐍 𝟓 𝟑𝟒𝟎𝟎𝐆 w/ 𝐆𝐓𝐗 𝟏𝟎𝟓𝟎𝐓𝐈
𝐆𝐀𝐌𝐈𝐍𝐆 𝐁𝐔𝐈𝐋𝐃
#PCMERCHANDISE #PCMBUILDS",,62,"11/06/2022 19:15",uploaded,https://www.facebook.com/reel/1436697622899791/,0,0,Reels,,,,,11/07/2022,0,,,,,,318,0,0,0,0,872.001,2.752
974930728054092,100064197037125,"PC Merchandise","𝐑𝐘𝐙𝐄𝐍 𝟓 𝟑𝟒𝟎𝟎𝐆 w/ 𝐆𝐓𝐗 𝟏𝟎𝟓𝟎𝐓𝐈
𝐆𝐀𝐌𝐈𝐍𝐆 𝐁𝐔𝐈𝐋𝐃
#PCMERCHANDISE #PCMBUILDS",,62,"11/06/2022 19:15",uploaded,https://www.facebook.com/reel/1436697622899791/,0,0,Reels,,,,,11/08/2022,0,,,,,,324,0,1,1,0,695.722,4.020
974930728054092,100064197037125,"PC Merchandise","𝐑𝐘𝐙𝐄𝐍 𝟓 𝟑𝟒𝟎𝟎𝐆 w/ 𝐆𝐓𝐗 𝟏𝟎𝟓𝟎𝐓𝐈
𝐆𝐀𝐌𝐈𝐍𝐆 𝐁𝐔𝐈𝐋𝐃
#PCMERCHANDISE #PCMBUILDS",,62,"11/06/2022 19:15",uploaded,https://www.facebook.com/reel/1436697622899791/,0,0,Reels,,,,,11/09/2022,0,,,,,,298,0,1,1,0,419.336,3.074
974930728054092,100064197037125,"PC Merchandise","𝐑𝐘𝐙𝐄𝐍 𝟓 𝟑𝟒𝟎𝟎𝐆 w/ 𝐆𝐓𝐗 𝟏𝟎𝟓𝟎𝐓𝐈
𝐆𝐀𝐌𝐈𝐍𝐆 𝐁𝐔𝐈𝐋𝐃
#PCMERCHANDISE #PCMBUILDS",,62,"11/06/2022 19:15",uploaded,https://www.facebook.com/reel/1436697622899791/,0,0,Reels,,,,,11/10/2022,0,,,,,,0,0,0,0,0,298.638,6.127
974930728054092,100064197037125,"PC Merchandise","𝐑𝐘𝐙𝐄𝐍 𝟓 𝟑𝟒𝟎𝟎𝐆 w/ 𝐆𝐓𝐗 𝟏𝟎𝟓𝟎𝐓𝐈
𝐆𝐀𝐌𝐈𝐍𝐆 𝐁𝐔𝐈𝐋𝐃
#PCMERCHANDISE #PCMBUILDS",,62,"11/06/2022 19:15",uploaded,https://www.facebook.com/reel/1436697622899791/,0,0,Reels,,,,,11/11/2022,0,,,,,,0,0,0,0,0,502.344,4.456
974930728054092,100064197037125,"PC Merchandise","𝐑𝐘𝐙𝐄𝐍 𝟓 𝟑𝟒𝟎𝟎𝐆 w/ 𝐆𝐓𝐗 𝟏𝟎𝟓𝟎𝐓𝐈
𝐆𝐀𝐌𝐈𝐍𝐆 𝐁𝐔𝐈𝐋𝐃
#PCMERCHANDISE #PCMBUILDS",,62,"11/06/2022 19:15",uploaded,https://www.facebook.com/reel/1436697622899791/,0,0,Reels,,,,,11/12/2022,0,,,,,,0,0,0,0,0,371.406,4.620
974930728054092,100064197037125,"PC Merchandise","𝐑𝐘𝐙𝐄𝐍 𝟓 𝟑𝟒𝟎𝟎𝐆 w/ 𝐆𝐓𝐗 𝟏𝟎𝟓𝟎𝐓𝐈
𝐆𝐀𝐌𝐈𝐍𝐆 𝐁𝐔𝐈𝐋𝐃
#PCMERCHANDISE #PCMBUILDS",,62,"11/06/2022 19:15",uploaded,https://www.facebook.com/reel/1436697622899791/,0,0,Reels,,,,,11/13/2022,0,,,,,,0,0,0,0,0,101.701,3.550
974930728054092,100064197037125,"PC Merchandise","𝐑𝐘𝐙𝐄𝐍 𝟓 𝟑𝟒𝟎𝟎𝐆 w/ 𝐆𝐓𝐗 𝟏𝟎𝟓𝟎𝐓𝐈
𝐆𝐀𝐌𝐈𝐍𝐆 𝐁𝐔𝐈𝐋𝐃
#PCMERCHANDISE #PCMBUILDS",,62,"11/06/2022 19:15",uploaded,https://www.facebook.com/reel/1436697622899791/,0,0,Reels,,,,,11/14/2022,0,,,,,,0,0,0,0,0,93.322,4.281
974930728054092,100064197037125,"PC Merchandise","𝐑𝐘𝐙𝐄𝐍 𝟓 𝟑𝟒𝟎𝟎𝐆 w/ 𝐆𝐓𝐗 𝟏𝟎𝟓𝟎𝐓𝐈
𝐆𝐀𝐌𝐈𝐍𝐆 𝐁𝐔𝐈𝐋𝐃
#PCMERCHANDISE #PCMBUILDS",,62,"11/06/2022 19:15",uploaded,https://www.facebook.com/reel/1436697622899791/,0,0,Reels,,,,,11/15/2022,0,,,,,,0,0,0,0,0,98.283,5.697
974930728054092,100064197037125,"PC Merchandise","𝐑𝐘𝐙𝐄𝐍 𝟓 𝟑𝟒𝟎𝟎𝐆 w/ 𝐆𝐓𝐗 𝟏𝟎𝟓𝟎𝐓𝐈
𝐆𝐀𝐌𝐈𝐍𝐆 𝐁𝐔𝐈𝐋𝐃
#PCMERCHANDISE #PCMBUILDS",,62,"11/06/2022 19:15",uploaded,https://www.facebook.com/reel/1436697622899791/,0,0,Reels,,,,,11/16/2022,0,,,,,,0,0,0,0,0,61.858,5.174
974930728054092,100064197037125,"PC Merchandise","𝐑𝐘𝐙𝐄𝐍 𝟓 𝟑𝟒𝟎𝟎𝐆 w/ 𝐆𝐓𝐗 𝟏𝟎𝟓𝟎𝐓𝐈
𝐆𝐀𝐌𝐈𝐍𝐆 𝐁𝐔𝐈𝐋𝐃
#PCMERCHANDISE #PCMBUILDS",,62,"11/06/2022 19:15",uploaded,https://www.facebook.com/reel/1436697622899791/,0,0,Reels,,,,,11/17/2022,0,,,,,,0,0,0,0,0,96.209,5.417
974930728054092,100064197037125,"PC Merchandise","𝐑𝐘𝐙𝐄𝐍 𝟓 𝟑𝟒𝟎𝟎𝐆 w/ 𝐆𝐓𝐗 𝟏𝟎𝟓𝟎𝐓𝐈
𝐆𝐀𝐌𝐈𝐍𝐆 𝐁𝐔𝐈𝐋𝐃
#PCMERCHANDISE #PCMBUILDS",,62,"11/06/2022 19:15",uploaded,https://www.facebook.com/reel/1436697622899791/,0,0,Reels,,,,,11/18/2022,0,,,,,,0,0,0,0,0,60.342,4.217
974930728054092,100064197037125,"PC Merchandise","𝐑𝐘𝐙𝐄𝐍 𝟓 𝟑𝟒𝟎𝟎𝐆 w/ 𝐆𝐓𝐗 𝟏𝟎𝟓𝟎𝐓𝐈
𝐆𝐀𝐌𝐈𝐍𝐆 𝐁𝐔𝐈𝐋𝐃
#PCMERCHANDISE #PCMBUILDS",,62,"11/06/2022 19:15",uploaded,https://www.facebook.com/reel/1436697622899791/,0,0,Reels,,,,,11/19/2022,0,,,,,,0,0,0,0,0,66.479,3.759
974930728054092,100064197037125,"PC Merchandise","𝐑𝐘𝐙𝐄𝐍 𝟓 𝟑𝟒𝟎𝟎𝐆 w/ 𝐆𝐓𝐗 𝟏𝟎𝟓𝟎𝐓𝐈
𝐆𝐀𝐌𝐈𝐍𝐆 𝐁𝐔𝐈𝐋𝐃
#PCMERCHANDISE #PCMBUILDS",,62,"11/06/2022 19:15",uploaded,https://www.facebook.com/reel/1436697622899791/,0,0,Reels,,,,,11/20/2022,0,,,,,,0,0,0,0,0,88.883,5.339
974930728054092,100064197037125,"PC Merchandise","𝐑𝐘𝐙𝐄𝐍 𝟓 𝟑𝟒𝟎𝟎𝐆 w/ 𝐆𝐓𝐗 𝟏𝟎𝟓𝟎𝐓𝐈
𝐆𝐀𝐌𝐈𝐍𝐆 𝐁𝐔𝐈𝐋𝐃
#PCMERCHANDISE #PCMBUILDS",,62,"11/06/2022 19:15",uploaded,https://www.facebook.com/reel/1436697622899791/,0,0,Reels,,,,,11/21/2022,0,,,,,,0,0,0,0,0,131.047,5.305
974930728054092,100064197037125,"PC Merchandise","𝐑𝐘𝐙𝐄𝐍 𝟓 𝟑𝟒𝟎𝟎𝐆 w/ 𝐆𝐓𝐗 𝟏𝟎𝟓𝟎𝐓𝐈
𝐆𝐀𝐌𝐈𝐍𝐆 𝐁𝐔𝐈𝐋𝐃
#PCMERCHANDISE #PCMBUILDS",,62,"11/06/2022 19:15",uploaded,https://www.facebook.com/reel/1436697622899791/,0,0,Reels,,,,,11/22/2022,0,,,,,,0,0,0,0,0,39.446,5.057
974930728054092,100064197037125,"PC Merchandise","𝐑𝐘𝐙𝐄𝐍 𝟓 𝟑𝟒𝟎𝟎𝐆 w/ 𝐆𝐓𝐗 𝟏𝟎𝟓𝟎𝐓𝐈
𝐆𝐀𝐌𝐈𝐍𝐆 𝐁𝐔𝐈𝐋𝐃
#PCMERCHANDISE #PCMBUILDS",,62,"11/06/2022 19:15",uploaded,https://www.facebook.com/reel/1436697622899791/,0,0,Reels,,,,,11/23/2022,0,,,,,,0,0,0,0,0,57.351,5.415
974930728054092,100064197037125,"PC Merchandise","𝐑𝐘𝐙𝐄𝐍 𝟓 𝟑𝟒𝟎𝟎𝐆 w/ 𝐆𝐓𝐗 𝟏𝟎𝟓𝟎𝐓𝐈
𝐆𝐀𝐌𝐈𝐍𝐆 𝐁𝐔𝐈𝐋𝐃
#PCMERCHANDISE #PCMBUILDS",,62,"11/06/2022 19:15",uploaded,https://www.facebook.com/reel/1436697622899791/,0,0,Reels,,,,,11/24/2022,0,,,,,,0,0,0,0,0,53.710,4.895
974930728054092,100064197037125,"PC Merchandise","𝐑𝐘𝐙𝐄𝐍 𝟓 𝟑𝟒𝟎𝟎𝐆 w/ 𝐆𝐓𝐗 𝟏𝟎𝟓𝟎𝐓𝐈
𝐆𝐀𝐌𝐈𝐍𝐆 𝐁𝐔𝐈𝐋𝐃
#PCMERCHANDISE #PCMBUILDS",,62,"11/06/2022 19:15",uploaded,https://www.facebook.com/reel/1436697622899791/,0,0,Reels,,,,,11/25/2022,0,,,,,,0,0,0,0,0,50.408,4.655
974930728054092,100064197037125,"PC Merchandise","𝐑𝐘𝐙𝐄𝐍 𝟓 𝟑𝟒𝟎𝟎𝐆 w/ 𝐆𝐓𝐗 𝟏𝟎𝟓𝟎𝐓𝐈
𝐆𝐀𝐌𝐈𝐍𝐆 𝐁𝐔𝐈𝐋𝐃
#PCMERCHANDISE #PCMBUILDS",,62,"11/06/2022 19:15",uploaded,https://www.facebook.com/reel/1436697622899791/,0,0,Reels,,,,,11/26/2022,0,,,,,,0,0,0,0,0,71.210,4.142
974930728054092,100064197037125,"PC Merchandise","𝐑𝐘𝐙𝐄𝐍 𝟓 𝟑𝟒𝟎𝟎𝐆 w/ 𝐆𝐓𝐗 𝟏𝟎𝟓𝟎𝐓𝐈
𝐆𝐀𝐌𝐈𝐍𝐆 𝐁𝐔𝐈𝐋𝐃
#PCMERCHANDISE #PCMBUILDS",,62,"11/06/2022 19:15",uploaded,https://www.facebook.com/reel/1436697622899791/,0,0,Reels,,,,,11/27/2022,0,,,,,,0,0,0,0,0,61.235,4.200
974930728054092,100064197037125,"PC Merchandise","𝐑𝐘𝐙𝐄𝐍 𝟓 𝟑𝟒𝟎𝟎𝐆 w/ 𝐆𝐓𝐗 𝟏𝟎𝟓𝟎𝐓𝐈
𝐆𝐀𝐌𝐈𝐍𝐆 𝐁𝐔𝐈𝐋𝐃
#PCMERCHANDISE #PCMBUILDS",,62,"11/06/2022 19:15",uploaded,https://www.facebook.com/reel/1436697622899791/,0,0,Reels,,,,,11/28/2022,0,,,,,,0,0,0,0,0,51.148,4.718
974930728054092,100064197037125,"PC Merchandise","𝐑𝐘𝐙𝐄𝐍 𝟓 𝟑𝟒𝟎𝟎𝐆 w/ 𝐆𝐓𝐗 𝟏𝟎𝟓𝟎𝐓𝐈
𝐆𝐀𝐌𝐈𝐍𝐆 𝐁𝐔𝐈𝐋𝐃
#PCMERCHANDISE #PCMBUILDS",,62,"11/06/2022 19:15",uploaded,https://www.facebook.com/reel/1436697622899791/,0,0,Reels,,,,,11/29/2022,0,,,,,,0,0,0,0,0,40.467,4.744
974930728054092,100064197037125,"PC Merchandise","𝐑𝐘𝐙𝐄𝐍 𝟓 𝟑𝟒𝟎𝟎𝐆 w/ 𝐆𝐓𝐗 𝟏𝟎𝟓𝟎𝐓𝐈
𝐆𝐀𝐌𝐈𝐍𝐆 𝐁𝐔𝐈𝐋𝐃
#PCMERCHANDISE #PCMBUILDS",,62,"11/06/2022 19:15",uploaded,https://www.facebook.com/reel/1436697622899791/,0,0,Reels,,,,,11/30/2022,0,,,,,,0,0,0,0,0,56.358,3.379
975241373049633,100064197037125,"PC Merchandise","𝐏𝐑𝐈𝐂𝐄𝐋𝐈𝐒𝐓 𝟐𝟎𝟐𝟐 >>>
https://pcmerchandise.live/2022-GAMING-BUILDS",,31,"11/06/2022 15:15",uploaded,https://www.facebook.com/reel/1212865624428324/,0,1,Reels,,,,,11/01/2022,0,,,,,,0,0,0,0,0,0.000,5.096
975241373049633,100064197037125,"PC Merchandise","𝐏𝐑𝐈𝐂𝐄𝐋𝐈𝐒𝐓 𝟐𝟎𝟐𝟐 >>>
https://pcmerchandise.live/2022-GAMING-BUILDS",,31,"11/06/2022 15:15",uploaded,https://www.facebook.com/reel/1212865624428324/,0,1,Reels,,,,,11/02/2022,0,,,,,,0,0,0,0,0,0.000,4.788
975241373049633,100064197037125,"PC Merchandise","𝐏𝐑𝐈𝐂𝐄𝐋𝐈𝐒𝐓 𝟐𝟎𝟐𝟐 >>>
https://pcmerchandise.live/2022-GAMING-BUILDS",,31,"11/06/2022 15:15",uploaded,https://www.facebook.com/reel/1212865624428324/,0,1,Reels,,,,,11/03/2022,0,,,,,,0,0,0,0,0,0.000,4.878
975241373049633,100064197037125,"PC Merchandise","𝐏𝐑𝐈𝐂𝐄𝐋𝐈𝐒𝐓 𝟐𝟎𝟐𝟐 >>>
https://pcmerchandise.live/2022-GAMING-BUILDS",,31,"11/06/2022 15:15",uploaded,https://www.facebook.com/reel/1212865624428324/,0,1,Reels,,,,,11/04/2022,0,,,,,,0,0,0,0,0,0.000,5.680
975241373049633,100064197037125,"PC Merchandise","𝐏𝐑𝐈𝐂𝐄𝐋𝐈𝐒𝐓 𝟐𝟎𝟐𝟐 >>>
https://pcmerchandise.live/2022-GAMING-BUILDS",,31,"11/06/2022 15:15",uploaded,https://www.facebook.com/reel/1212865624428324/,0,1,Reels,,,,,11/05/2022,0,,,,,,0,0,0,0,0,0.000,5.117
975241373049633,100064197037125,"PC Merchandise","𝐏𝐑𝐈𝐂𝐄𝐋𝐈𝐒𝐓 𝟐𝟎𝟐𝟐 >>>
https://pcmerchandise.live/2022-GAMING-BUILDS",,31,"11/06/2022 15:15",uploaded,https://www.facebook.com/reel/1212865624428324/,0,1,Reels,,,,,11/06/2022,0,,,,,,0,0,4,4,0,45.516,6.993
975241373049633,100064197037125,"PC Merchandise","𝐏𝐑𝐈𝐂𝐄𝐋𝐈𝐒𝐓 𝟐𝟎𝟐𝟐 >>>
https://pcmerchandise.live/2022-GAMING-BUILDS",,31,"11/06/2022 15:15",uploaded,https://www.facebook.com/reel/1212865624428324/,0,1,Reels,,,,,11/07/2022,0,,,,,,0,0,3,3,0,60.798,5.485
975241373049633,100064197037125,"PC Merchandise","𝐏𝐑𝐈𝐂𝐄𝐋𝐈𝐒𝐓 𝟐𝟎𝟐𝟐 >>>
https://pcmerchandise.live/2022-GAMING-BUILDS",,31,"11/06/2022 15:15",uploaded,https://www.facebook.com/reel/1212865624428324/,0,1,Reels,,,,,11/08/2022,0,,,,,,0,0,2,2,0,27.024,5.556
975241373049633,100064197037125,"PC Merchandise","𝐏𝐑𝐈𝐂𝐄𝐋𝐈𝐒𝐓 𝟐𝟎𝟐𝟐 >>>
https://pcmerchandise.live/2022-GAMING-BUILDS",,31,"11/06/2022 15:15",uploaded,https://www.facebook.com/reel/1212865624428324/,0,1,Reels,,,,,11/09/2022,0,,,,,,0,0,1,1,0,20.591,6.879
975241373049633,100064197037125,"PC Merchandise","𝐏𝐑𝐈𝐂𝐄𝐋𝐈𝐒𝐓 𝟐𝟎𝟐𝟐 >>>
https://pcmerchandise.live/2022-GAMING-BUILDS",,31,"11/06/2022 15:15",uploaded,https://www.facebook.com/reel/1212865624428324/,0,1,Reels,,,,,11/10/2022,0,,,,,,0,0,0,0,0,17.055,3.644
975241373049633,100064197037125,"PC Merchandise","𝐏𝐑𝐈𝐂𝐄𝐋𝐈𝐒𝐓 𝟐𝟎𝟐𝟐 >>>
https://pcmerchandise.live/2022-GAMING-BUILDS",,31,"11/06/2022 15:15",uploaded,https://www.facebook.com/reel/1212865624428324/,0,1,Reels,,,,,11/11/2022,0,,,,,,0,0,0,0,0,4.915,5.184
975241373049633,100064197037125,"PC Merchandise","𝐏𝐑𝐈𝐂𝐄𝐋𝐈𝐒𝐓 𝟐𝟎𝟐𝟐 >>>
https://pcmerchandise.live/2022-GAMING-BUILDS",,31,"11/06/2022 15:15",uploaded,https://www.facebook.com/reel/1212865624428324/,0,1,Reels,,,,,11/12/2022,0,,,,,,0,0,0,0,0,6.307,6.199
975241373049633,100064197037125,"PC Merchandise","𝐏𝐑𝐈𝐂𝐄𝐋𝐈𝐒𝐓 𝟐𝟎𝟐𝟐 >>>
https://pcmerchandise.live/2022-GAMING-BUILDS",,31,"11/06/2022 15:15",uploaded,https://www.facebook.com/reel/1212865624428324/,0,1,Reels,,,,,11/13/2022,0,,,,,,0,0,0,0,0,10.272,7.023
975241373049633,100064197037125,"PC Merchandise","𝐏𝐑𝐈𝐂𝐄𝐋𝐈𝐒𝐓 𝟐𝟎𝟐𝟐 >>>
https://pcmerchandise.live/2022-GAMING-BUILDS",,31,"11/06/2022 15:15",uploaded,https://www.facebook.com/reel/1212865624428324/,0,1,Reels,,,,,11/14/2022,0,,,,,,0,0,1,0,1,8.538,7.152
975241373049633,100064197037125,"PC Merchandise","𝐏𝐑𝐈𝐂𝐄𝐋𝐈𝐒𝐓 𝟐𝟎𝟐𝟐 >>>
https://pcmerchandise.live/2022-GAMING-BUILDS",,31,"11/06/2022 15:15",uploaded,https://www.facebook.com/reel/1212865624428324/,0,1,Reels,,,,,11/15/2022,0,,,,,,0,0,1,1,0,4.125,7.021
975241373049633,100064197037125,"PC Merchandise","𝐏𝐑𝐈𝐂𝐄𝐋𝐈𝐒𝐓 𝟐𝟎𝟐𝟐 >>>
https://pcmerchandise.live/2022-GAMING-BUILDS",,31,"11/06/2022 15:15",uploaded,https://www.facebook.com/reel/1212865624428324/,0,1,Reels,,,,,11/16/2022,0,,,,,,0,0,1,1,0,2.698,5.302
975241373049633,100064197037125,"PC Merchandise","𝐏𝐑𝐈𝐂𝐄𝐋𝐈𝐒𝐓 𝟐𝟎𝟐𝟐 >>>
https://pcmerchandise.live/2022-GAMING-BUILDS",,31,"11/06/2022 15:15",uploaded,https://www.facebook.com/reel/1212865624428324/,0,1,Reels,,,,,11/17/2022,0,,,,,,0,0,0,0,0,4.799,5.893
975241373049633,100064197037125,"PC Merchandise","𝐏𝐑𝐈𝐂𝐄𝐋𝐈𝐒𝐓 𝟐𝟎𝟐𝟐 >>>
https://pcmerchandise.live/2022-GAMING-BUILDS",,31,"11/06/2022 15:15",uploaded,https://www.facebook.com/reel/1212865624428324/,0,1,Reels,,,,,11/18/2022,0,,,,,,0,0,0,0,0,4.573,6.330
975241373049633,100064197037125,"PC Merchandise","𝐏𝐑𝐈𝐂𝐄𝐋𝐈𝐒𝐓 𝟐𝟎𝟐𝟐 >>>
https://pcmerchandise.live/2022-GAMING-BUILDS",,31,"11/06/2022 15:15",uploaded,https://www.facebook.com/reel/1212865624428324/,0,1,Reels,,,,,11/19/2022,0,,,,,,0,0,0,0,0,4.529,5.703
975241373049633,100064197037125,"PC Merchandise","𝐏𝐑𝐈𝐂𝐄𝐋𝐈𝐒𝐓 𝟐𝟎𝟐𝟐 >>>
https://pcmerchandise.live/2022-GAMING-BUILDS",,31,"11/06/2022 15:15",uploaded,https://www.facebook.com/reel/1212865624428324/,0,1,Reels,,,,,11/20/2022,0,,,,,,0,0,0,0,0,3.617,4.969
975241373049633,100064197037125,"PC Merchandise","𝐏𝐑𝐈𝐂𝐄𝐋𝐈𝐒𝐓 𝟐𝟎𝟐𝟐 >>>
https://pcmerchandise.live/2022-GAMING-BUILDS",,31,"11/06/2022 15:15",uploaded,https://www.facebook.com/reel/1212865624428324/,0,1,Reels,,,,,11/21/2022,0,,,,,,0,0,1,0,1,4.185,4.647
975241373049633,100064197037125,"PC Merchandise","𝐏𝐑𝐈𝐂𝐄𝐋𝐈𝐒𝐓 𝟐𝟎𝟐𝟐 >>>
https://pcmerchandise.live/2022-GAMING-BUILDS",,31,"11/06/2022 15:15",uploaded,https://www.facebook.com/reel/1212865624428324/,0,1,Reels,,,,,11/22/2022,0,,,,,,0,0,0,0,0,4.067,4.235
975241373049633,100064197037125,"PC Merchandise","𝐏𝐑𝐈𝐂𝐄𝐋𝐈𝐒𝐓 𝟐𝟎𝟐𝟐 >>>
https://pcmerchandise.live/2022-GAMING-BUILDS",,31,"11/06/2022 15:15",uploaded,https://www.facebook.com/reel/1212865624428324/,0,1,Reels,,,,,11/23/2022,0,,,,,,0,0,0,0,0,2.195,5.563
975241373049633,100064197037125,"PC Merchandise","𝐏𝐑𝐈𝐂𝐄𝐋𝐈𝐒𝐓 𝟐𝟎𝟐𝟐 >>>
https://pcmerchandise.live/2022-GAMING-BUILDS",,31,"11/06/2022 15:15",uploaded,https://www.facebook.com/reel/1212865624428324/,0,1,Reels,,,,,11/24/2022,1,,,,,,0,0,1,0,0,2.923,5.271
975241373049633,100064197037125,"PC Merchandise","𝐏𝐑𝐈𝐂𝐄𝐋𝐈𝐒𝐓 𝟐𝟎𝟐𝟐 >>>
https://pcmerchandise.live/2022-GAMING-BUILDS",,31,"11/06/2022 15:15",uploaded,https://www.facebook.com/reel/1212865624428324/,0,1,Reels,,,,,11/25/2022,0,,,,,,0,0,0,0,0,2.424,4.625
975241373049633,100064197037125,"PC Merchandise","𝐏𝐑𝐈𝐂𝐄𝐋𝐈𝐒𝐓 𝟐𝟎𝟐𝟐 >>>
https://pcmerchandise.live/2022-GAMING-BUILDS",,31,"11/06/2022 15:15",uploaded,https://www.facebook.com/reel/1212865624428324/,0,1,Reels,,,,,11/26/2022,0,,,,,,0,0,0,0,0,2.911,4.995
975241373049633,100064197037125,"PC Merchandise","𝐏𝐑𝐈𝐂𝐄𝐋𝐈𝐒𝐓 𝟐𝟎𝟐𝟐 >>>
https://pcmerchandise.live/2022-GAMING-BUILDS",,31,"11/06/2022 15:15",uploaded,https://www.facebook.com/reel/1212865624428324/,0,1,Reels,,,,,11/27/2022,0,,,,,,0,0,0,0,0,2.371,6.085
975241373049633,100064197037125,"PC Merchandise","𝐏𝐑𝐈𝐂𝐄𝐋𝐈𝐒𝐓 𝟐𝟎𝟐𝟐 >>>
https://pcmerchandise.live/2022-GAMING-BUILDS",,31,"11/06/2022 15:15",uploaded,https://www.facebook.com/reel/1212865624428324/,0,1,Reels,,,,,11/28/2022,0,,,,,,0,0,0,0,0,2.659,5.009
975241373049633,100064197037125,"PC Merchandise","𝐏𝐑𝐈𝐂𝐄𝐋𝐈𝐒𝐓 𝟐𝟎𝟐𝟐 >>>
https://pcmerchandise.live/2022-GAMING-BUILDS",,31,"11/06/2022 15:15",uploaded,https://www.facebook.com/reel/1212865624428324/,0,1,Reels,,,,,11/29/2022,0,,,,,,0,0,0,0,0,1.734,4.276
975241373049633,100064197037125,"PC Merchandise","𝐏𝐑𝐈𝐂𝐄𝐋𝐈𝐒𝐓 𝟐𝟎𝟐𝟐 >>>
https://pcmerchandise.live/2022-GAMING-BUILDS",,31,"11/06/2022 15:15",uploaded,https://www.facebook.com/reel/1212865624428324/,0,1,Reels,,,,,11/30/2022,0,,,,,,0,0,0,0,0,1.397,5.856
975193289426367,100064197037125,"PC Merchandise","𝐏𝐑𝐈𝐂𝐄𝐋𝐈𝐒𝐓 𝟐𝟎𝟐𝟐 >>>
https://pcmerchandise.live/2022-BERMONTHS-LIST-COMSHOP",,0,"11/05/2022 20:00",,https://www.facebook.com/pcmerchandise.co/posts/pfbid0KYwipRA3IEUFiGG5RoltDM6WvrG4mvxcWAnuTcSgTBAkkzKgdw5L0AKZ,0,0,Photos,,,,,11/30/2022,0,,,,,,,,,,,,
975193289426367,100064197037125,"PC Merchandise","𝐏𝐑𝐈𝐂𝐄𝐋𝐈𝐒𝐓 𝟐𝟎𝟐𝟐 >>>
https://pcmerchandise.live/2022-BERMONTHS-LIST-COMSHOP",,0,"11/05/2022 20:00",,https://www.facebook.com/pcmerchandise.co/posts/pfbid0KYwipRA3IEUFiGG5RoltDM6WvrG4mvxcWAnuTcSgTBAkkzKgdw5L0AKZ,0,0,Photos,,,,,11/01/2022,,,0,0,0,0,0,0,,,,,
975193289426367,100064197037125,"PC Merchandise","𝐏𝐑𝐈𝐂𝐄𝐋𝐈𝐒𝐓 𝟐𝟎𝟐𝟐 >>>
https://pcmerchandise.live/2022-BERMONTHS-LIST-COMSHOP",,0,"11/05/2022 20:00",,https://www.facebook.com/pcmerchandise.co/posts/pfbid0KYwipRA3IEUFiGG5RoltDM6WvrG4mvxcWAnuTcSgTBAkkzKgdw5L0AKZ,0,0,Photos,,,,,11/02/2022,,,0,0,0,0,0,0,,,,,
975193289426367,100064197037125,"PC Merchandise","𝐏𝐑𝐈𝐂𝐄𝐋𝐈𝐒𝐓 𝟐𝟎𝟐𝟐 >>>
https://pcmerchandise.live/2022-BERMONTHS-LIST-COMSHOP",,0,"11/05/2022 20:00",,https://www.facebook.com/pcmerchandise.co/posts/pfbid0KYwipRA3IEUFiGG5RoltDM6WvrG4mvxcWAnuTcSgTBAkkzKgdw5L0AKZ,0,0,Photos,,,,,11/03/2022,,,0,0,0,0,0,0,,,,,
975193289426367,100064197037125,"PC Merchandise","𝐏𝐑𝐈𝐂𝐄𝐋𝐈𝐒𝐓 𝟐𝟎𝟐𝟐 >>>
https://pcmerchandise.live/2022-BERMONTHS-LIST-COMSHOP",,0,"11/05/2022 20:00",,https://www.facebook.com/pcmerchandise.co/posts/pfbid0KYwipRA3IEUFiGG5RoltDM6WvrG4mvxcWAnuTcSgTBAkkzKgdw5L0AKZ,0,0,Photos,,,,,11/04/2022,,,0,0,0,0,0,0,,,,,
975193289426367,100064197037125,"PC Merchandise","𝐏𝐑𝐈𝐂𝐄𝐋𝐈𝐒𝐓 𝟐𝟎𝟐𝟐 >>>
https://pcmerchandise.live/2022-BERMONTHS-LIST-COMSHOP",,0,"11/05/2022 20:00",,https://www.facebook.com/pcmerchandise.co/posts/pfbid0KYwipRA3IEUFiGG5RoltDM6WvrG4mvxcWAnuTcSgTBAkkzKgdw5L0AKZ,0,0,Photos,,,,,11/05/2022,,,0,0,0,0,0,0,,,,,
975193289426367,100064197037125,"PC Merchandise","𝐏𝐑𝐈𝐂𝐄𝐋𝐈𝐒𝐓 𝟐𝟎𝟐𝟐 >>>
https://pcmerchandise.live/2022-BERMONTHS-LIST-COMSHOP",,0,"11/05/2022 20:00",,https://www.facebook.com/pcmerchandise.co/posts/pfbid0KYwipRA3IEUFiGG5RoltDM6WvrG4mvxcWAnuTcSgTBAkkzKgdw5L0AKZ,0,0,Photos,,,,,11/06/2022,,,0,0,0,0,0,0,,,,,
975193289426367,100064197037125,"PC Merchandise","𝐏𝐑𝐈𝐂𝐄𝐋𝐈𝐒𝐓 𝟐𝟎𝟐𝟐 >>>
https://pcmerchandise.live/2022-BERMONTHS-LIST-COMSHOP",,0,"11/05/2022 20:00",,https://www.facebook.com/pcmerchandise.co/posts/pfbid0KYwipRA3IEUFiGG5RoltDM6WvrG4mvxcWAnuTcSgTBAkkzKgdw5L0AKZ,0,0,Photos,,,,,11/07/2022,,,0,0,0,0,0,0,,,,,
975193289426367,100064197037125,"PC Merchandise","𝐏𝐑𝐈𝐂𝐄𝐋𝐈𝐒𝐓 𝟐𝟎𝟐𝟐 >>>
https://pcmerchandise.live/2022-BERMONTHS-LIST-COMSHOP",,0,"11/05/2022 20:00",,https://www.facebook.com/pcmerchandise.co/posts/pfbid0KYwipRA3IEUFiGG5RoltDM6WvrG4mvxcWAnuTcSgTBAkkzKgdw5L0AKZ,0,0,Photos,,,,,11/08/2022,,,0,0,0,0,0,0,,,,,
975193289426367,100064197037125,"PC Merchandise","𝐏𝐑𝐈𝐂𝐄𝐋𝐈𝐒𝐓 𝟐𝟎𝟐𝟐 >>>
https://pcmerchandise.live/2022-BERMONTHS-LIST-COMSHOP",,0,"11/05/2022 20:00",,https://www.facebook.com/pcmerchandise.co/posts/pfbid0KYwipRA3IEUFiGG5RoltDM6WvrG4mvxcWAnuTcSgTBAkkzKgdw5L0AKZ,0,0,Photos,,,,,11/09/2022,,,0,0,0,0,0,0,,,,,
975193289426367,100064197037125,"PC Merchandise","𝐏𝐑𝐈𝐂𝐄𝐋𝐈𝐒𝐓 𝟐𝟎𝟐𝟐 >>>
https://pcmerchandise.live/2022-BERMONTHS-LIST-COMSHOP",,0,"11/05/2022 20:00",,https://www.facebook.com/pcmerchandise.co/posts/pfbid0KYwipRA3IEUFiGG5RoltDM6WvrG4mvxcWAnuTcSgTBAkkzKgdw5L0AKZ,0,0,Photos,,,,,11/10/2022,,,0,0,0,0,0,0,,,,,
975193289426367,100064197037125,"PC Merchandise","𝐏𝐑𝐈𝐂𝐄𝐋𝐈𝐒𝐓 𝟐𝟎𝟐𝟐 >>>
https://pcmerchandise.live/2022-BERMONTHS-LIST-COMSHOP",,0,"11/05/2022 20:00",,https://www.facebook.com/pcmerchandise.co/posts/pfbid0KYwipRA3IEUFiGG5RoltDM6WvrG4mvxcWAnuTcSgTBAkkzKgdw5L0AKZ,0,0,Photos,,,,,11/11/2022,,,0,0,0,0,0,0,,,,,
975193289426367,100064197037125,"PC Merchandise","𝐏𝐑𝐈𝐂𝐄𝐋𝐈𝐒𝐓 𝟐𝟎𝟐𝟐 >>>
https://pcmerchandise.live/2022-BERMONTHS-LIST-COMSHOP",,0,"11/05/2022 20:00",,https://www.facebook.com/pcmerchandise.co/posts/pfbid0KYwipRA3IEUFiGG5RoltDM6WvrG4mvxcWAnuTcSgTBAkkzKgdw5L0AKZ,0,0,Photos,,,,,11/12/2022,,,0,0,0,0,0,0,,,,,
975193289426367,100064197037125,"PC Merchandise","𝐏𝐑𝐈𝐂𝐄𝐋𝐈𝐒𝐓 𝟐𝟎𝟐𝟐 >>>
https://pcmerchandise.live/2022-BERMONTHS-LIST-COMSHOP",,0,"11/05/2022 20:00",,https://www.facebook.com/pcmerchandise.co/posts/pfbid0KYwipRA3IEUFiGG5RoltDM6WvrG4mvxcWAnuTcSgTBAkkzKgdw5L0AKZ,0,0,Photos,,,,,11/13/2022,,,0,0,0,0,0,0,,,,,
975193289426367,100064197037125,"PC Merchandise","𝐏𝐑𝐈𝐂𝐄𝐋𝐈𝐒𝐓 𝟐𝟎𝟐𝟐 >>>
https://pcmerchandise.live/2022-BERMONTHS-LIST-COMSHOP",,0,"11/05/2022 20:00",,https://www.facebook.com/pcmerchandise.co/posts/pfbid0KYwipRA3IEUFiGG5RoltDM6WvrG4mvxcWAnuTcSgTBAkkzKgdw5L0AKZ,0,0,Photos,,,,,11/14/2022,,,0,0,0,0,0,0,,,,,
975193289426367,100064197037125,"PC Merchandise","𝐏𝐑𝐈𝐂𝐄𝐋𝐈𝐒𝐓 𝟐𝟎𝟐𝟐 >>>
https://pcmerchandise.live/2022-BERMONTHS-LIST-COMSHOP",,0,"11/05/2022 20:00",,https://www.facebook.com/pcmerchandise.co/posts/pfbid0KYwipRA3IEUFiGG5RoltDM6WvrG4mvxcWAnuTcSgTBAkkzKgdw5L0AKZ,0,0,Photos,,,,,11/15/2022,,,0,0,0,0,0,0,,,,,
975193289426367,100064197037125,"PC Merchandise","𝐏𝐑𝐈𝐂𝐄𝐋𝐈𝐒𝐓 𝟐𝟎𝟐𝟐 >>>
https://pcmerchandise.live/2022-BERMONTHS-LIST-COMSHOP",,0,"11/05/2022 20:00",,https://www.facebook.com/pcmerchandise.co/posts/pfbid0KYwipRA3IEUFiGG5RoltDM6WvrG4mvxcWAnuTcSgTBAkkzKgdw5L0AKZ,0,0,Photos,,,,,11/16/2022,,,0,0,0,0,0,0,,,,,
975193289426367,100064197037125,"PC Merchandise","𝐏𝐑𝐈𝐂𝐄𝐋𝐈𝐒𝐓 𝟐𝟎𝟐𝟐 >>>
https://pcmerchandise.live/2022-BERMONTHS-LIST-COMSHOP",,0,"11/05/2022 20:00",,https://www.facebook.com/pcmerchandise.co/posts/pfbid0KYwipRA3IEUFiGG5RoltDM6WvrG4mvxcWAnuTcSgTBAkkzKgdw5L0AKZ,0,0,Photos,,,,,11/17/2022,,,0,0,0,0,0,0,,,,,
975193289426367,100064197037125,"PC Merchandise","𝐏𝐑𝐈𝐂𝐄𝐋𝐈𝐒𝐓 𝟐𝟎𝟐𝟐 >>>
https://pcmerchandise.live/2022-BERMONTHS-LIST-COMSHOP",,0,"11/05/2022 20:00",,https://www.facebook.com/pcmerchandise.co/posts/pfbid0KYwipRA3IEUFiGG5RoltDM6WvrG4mvxcWAnuTcSgTBAkkzKgdw5L0AKZ,0,0,Photos,,,,,11/18/2022,,,0,0,0,0,0,0,,,,,
975193289426367,100064197037125,"PC Merchandise","𝐏𝐑𝐈𝐂𝐄𝐋𝐈𝐒𝐓 𝟐𝟎𝟐𝟐 >>>
https://pcmerchandise.live/2022-BERMONTHS-LIST-COMSHOP",,0,"11/05/2022 20:00",,https://www.facebook.com/pcmerchandise.co/posts/pfbid0KYwipRA3IEUFiGG5RoltDM6WvrG4mvxcWAnuTcSgTBAkkzKgdw5L0AKZ,0,0,Photos,,,,,11/19/2022,,,0,0,0,0,0,0,,,,,
975193289426367,100064197037125,"PC Merchandise","𝐏𝐑𝐈𝐂𝐄𝐋𝐈𝐒𝐓 𝟐𝟎𝟐𝟐 >>>
https://pcmerchandise.live/2022-BERMONTHS-LIST-COMSHOP",,0,"11/05/2022 20:00",,https://www.facebook.com/pcmerchandise.co/posts/pfbid0KYwipRA3IEUFiGG5RoltDM6WvrG4mvxcWAnuTcSgTBAkkzKgdw5L0AKZ,0,0,Photos,,,,,11/20/2022,,,0,0,0,0,0,0,,,,,
975193289426367,100064197037125,"PC Merchandise","𝐏𝐑𝐈𝐂𝐄𝐋𝐈𝐒𝐓 𝟐𝟎𝟐𝟐 >>>
https://pcmerchandise.live/2022-BERMONTHS-LIST-COMSHOP",,0,"11/05/2022 20:00",,https://www.facebook.com/pcmerchandise.co/posts/pfbid0KYwipRA3IEUFiGG5RoltDM6WvrG4mvxcWAnuTcSgTBAkkzKgdw5L0AKZ,0,0,Photos,,,,,11/21/2022,,,0,0,0,0,0,0,,,,,
975193289426367,100064197037125,"PC Merchandise","𝐏𝐑𝐈𝐂𝐄𝐋𝐈𝐒𝐓 𝟐𝟎𝟐𝟐 >>>
https://pcmerchandise.live/2022-BERMONTHS-LIST-COMSHOP",,0,"11/05/2022 20:00",,https://www.facebook.com/pcmerchandise.co/posts/pfbid0KYwipRA3IEUFiGG5RoltDM6WvrG4mvxcWAnuTcSgTBAkkzKgdw5L0AKZ,0,0,Photos,,,,,11/22/2022,,,0,0,0,0,0,0,,,,,
975193289426367,100064197037125,"PC Merchandise","𝐏𝐑𝐈𝐂𝐄𝐋𝐈𝐒𝐓 𝟐𝟎𝟐𝟐 >>>
https://pcmerchandise.live/2022-BERMONTHS-LIST-COMSHOP",,0,"11/05/2022 20:00",,https://www.facebook.com/pcmerchandise.co/posts/pfbid0KYwipRA3IEUFiGG5RoltDM6WvrG4mvxcWAnuTcSgTBAkkzKgdw5L0AKZ,0,0,Photos,,,,,11/23/2022,,,0,0,0,0,0,0,,,,,
975193289426367,100064197037125,"PC Merchandise","𝐏𝐑𝐈𝐂𝐄𝐋𝐈𝐒𝐓 𝟐𝟎𝟐𝟐 >>>
https://pcmerchandise.live/2022-BERMONTHS-LIST-COMSHOP",,0,"11/05/2022 20:00",,https://www.facebook.com/pcmerchandise.co/posts/pfbid0KYwipRA3IEUFiGG5RoltDM6WvrG4mvxcWAnuTcSgTBAkkzKgdw5L0AKZ,0,0,Photos,,,,,11/24/2022,,,0,0,0,0,0,0,,,,,
975193289426367,100064197037125,"PC Merchandise","𝐏𝐑𝐈𝐂𝐄𝐋𝐈𝐒𝐓 𝟐𝟎𝟐𝟐 >>>
https://pcmerchandise.live/2022-BERMONTHS-LIST-COMSHOP",,0,"11/05/2022 20:00",,https://www.facebook.com/pcmerchandise.co/posts/pfbid0KYwipRA3IEUFiGG5RoltDM6WvrG4mvxcWAnuTcSgTBAkkzKgdw5L0AKZ,0,0,Photos,,,,,11/25/2022,,,0,0,0,0,0,0,,,,,
975193289426367,100064197037125,"PC Merchandise","𝐏𝐑𝐈𝐂𝐄𝐋𝐈𝐒𝐓 𝟐𝟎𝟐𝟐 >>>
https://pcmerchandise.live/2022-BERMONTHS-LIST-COMSHOP",,0,"11/05/2022 20:00",,https://www.facebook.com/pcmerchandise.co/posts/pfbid0KYwipRA3IEUFiGG5RoltDM6WvrG4mvxcWAnuTcSgTBAkkzKgdw5L0AKZ,0,0,Photos,,,,,11/26/2022,,,0,0,0,0,0,0,,,,,
975193289426367,100064197037125,"PC Merchandise","𝐏𝐑𝐈𝐂𝐄𝐋𝐈𝐒𝐓 𝟐𝟎𝟐𝟐 >>>
https://pcmerchandise.live/2022-BERMONTHS-LIST-COMSHOP",,0,"11/05/2022 20:00",,https://www.facebook.com/pcmerchandise.co/posts/pfbid0KYwipRA3IEUFiGG5RoltDM6WvrG4mvxcWAnuTcSgTBAkkzKgdw5L0AKZ,0,0,Photos,,,,,11/27/2022,,,0,0,0,0,0,0,,,,,
975193289426367,100064197037125,"PC Merchandise","𝐏𝐑𝐈𝐂𝐄𝐋𝐈𝐒𝐓 𝟐𝟎𝟐𝟐 >>>
https://pcmerchandise.live/2022-BERMONTHS-LIST-COMSHOP",,0,"11/05/2022 20:00",,https://www.facebook.com/pcmerchandise.co/posts/pfbid0KYwipRA3IEUFiGG5RoltDM6WvrG4mvxcWAnuTcSgTBAkkzKgdw5L0AKZ,0,0,Photos,,,,,11/28/2022,,,0,0,0,0,0,0,,,,,
975193289426367,100064197037125,"PC Merchandise","𝐏𝐑𝐈𝐂𝐄𝐋𝐈𝐒𝐓 𝟐𝟎𝟐𝟐 >>>
https://pcmerchandise.live/2022-BERMONTHS-LIST-COMSHOP",,0,"11/05/2022 20:00",,https://www.facebook.com/pcmerchandise.co/posts/pfbid0KYwipRA3IEUFiGG5RoltDM6WvrG4mvxcWAnuTcSgTBAkkzKgdw5L0AKZ,0,0,Photos,,,,,11/29/2022,,,0,0,0,0,0,0,,,,,
975193289426367,100064197037125,"PC Merchandise","𝐏𝐑𝐈𝐂𝐄𝐋𝐈𝐒𝐓 𝟐𝟎𝟐𝟐 >>>
https://pcmerchandise.live/2022-BERMONTHS-LIST-COMSHOP",,0,"11/05/2022 20:00",,https://www.facebook.com/pcmerchandise.co/posts/pfbid0KYwipRA3IEUFiGG5RoltDM6WvrG4mvxcWAnuTcSgTBAkkzKgdw5L0AKZ,0,0,Photos,,,,,11/30/2022,,,0,0,0,0,0,0,,,,,
974839103845515,100064197037125,"PC Merchandise","Paano kung sabihin ko sayo na kaya mo na mag GTX 1050TI build under budget? 👀",,61,"11/05/2022 02:15",,https://www.facebook.com/reel/1855961569229659/,0,0,Reels,,,,,11/01/2022,0,,,,,,0,0,0,0,0,0.000,1.500
974839103845515,100064197037125,"PC Merchandise","Paano kung sabihin ko sayo na kaya mo na mag GTX 1050TI build under budget? 👀",,61,"11/05/2022 02:15",,https://www.facebook.com/reel/1855961569229659/,0,0,Reels,,,,,11/02/2022,0,,,,,,0,0,0,0,0,0.000,2.761
974839103845515,100064197037125,"PC Merchandise","Paano kung sabihin ko sayo na kaya mo na mag GTX 1050TI build under budget? 👀",,61,"11/05/2022 02:15",,https://www.facebook.com/reel/1855961569229659/,0,0,Reels,,,,,11/03/2022,0,,,,,,0,0,0,0,0,0.000,3.425
974839103845515,100064197037125,"PC Merchandise","Paano kung sabihin ko sayo na kaya mo na mag GTX 1050TI build under budget? 👀",,61,"11/05/2022 02:15",,https://www.facebook.com/reel/1855961569229659/,0,0,Reels,,,,,11/04/2022,0,,,,,,0,0,0,0,0,0.000,3.011
974839103845515,100064197037125,"PC Merchandise","Paano kung sabihin ko sayo na kaya mo na mag GTX 1050TI build under budget? 👀",,61,"11/05/2022 02:15",,https://www.facebook.com/reel/1855961569229659/,0,0,Reels,,,,,11/05/2022,0,,,,,,0,0,0,0,0,33.538,2.154
974839103845515,100064197037125,"PC Merchandise","Paano kung sabihin ko sayo na kaya mo na mag GTX 1050TI build under budget? 👀",,61,"11/05/2022 02:15",,https://www.facebook.com/reel/1855961569229659/,0,0,Reels,,,,,11/06/2022,0,,,,,,0,0,1,1,0,24.217,3.717
974839103845515,100064197037125,"PC Merchandise","Paano kung sabihin ko sayo na kaya mo na mag GTX 1050TI build under budget? 👀",,61,"11/05/2022 02:15",,https://www.facebook.com/reel/1855961569229659/,0,0,Reels,,,,,11/07/2022,0,,,,,,0,0,0,0,0,17.248,2.892
974839103845515,100064197037125,"PC Merchandise","Paano kung sabihin ko sayo na kaya mo na mag GTX 1050TI build under budget? 👀",,61,"11/05/2022 02:15",,https://www.facebook.com/reel/1855961569229659/,0,0,Reels,,,,,11/08/2022,0,,,,,,0,0,0,0,0,15.991,2.396
974839103845515,100064197037125,"PC Merchandise","Paano kung sabihin ko sayo na kaya mo na mag GTX 1050TI build under budget? 👀",,61,"11/05/2022 02:15",,https://www.facebook.com/reel/1855961569229659/,0,0,Reels,,,,,11/09/2022,0,,,,,,0,0,0,0,0,5.870,3.131
974839103845515,100064197037125,"PC Merchandise","Paano kung sabihin ko sayo na kaya mo na mag GTX 1050TI build under budget? 👀",,61,"11/05/2022 02:15",,https://www.facebook.com/reel/1855961569229659/,0,0,Reels,,,,,11/10/2022,0,,,,,,0,0,0,0,0,11.118,4.433
974839103845515,100064197037125,"PC Merchandise","Paano kung sabihin ko sayo na kaya mo na mag GTX 1050TI build under budget? 👀",,61,"11/05/2022 02:15",,https://www.facebook.com/reel/1855961569229659/,0,0,Reels,,,,,11/11/2022,0,,,,,,0,0,0,0,0,9.096,4.679
974839103845515,100064197037125,"PC Merchandise","Paano kung sabihin ko sayo na kaya mo na mag GTX 1050TI build under budget? 👀",,61,"11/05/2022 02:15",,https://www.facebook.com/reel/1855961569229659/,0,0,Reels,,,,,11/12/2022,0,,,,,,0,0,0,0,0,4.449,3.542
974839103845515,100064197037125,"PC Merchandise","Paano kung sabihin ko sayo na kaya mo na mag GTX 1050TI build under budget? 👀",,61,"11/05/2022 02:15",,https://www.facebook.com/reel/1855961569229659/,0,0,Reels,,,,,11/13/2022,0,,,,,,0,0,0,0,0,5.528,3.394
974839103845515,100064197037125,"PC Merchandise","Paano kung sabihin ko sayo na kaya mo na mag GTX 1050TI build under budget? 👀",,61,"11/05/2022 02:15",,https://www.facebook.com/reel/1855961569229659/,0,0,Reels,,,,,11/14/2022,0,,,,,,0,0,0,0,0,5.467,3.743
974839103845515,100064197037125,"PC Merchandise","Paano kung sabihin ko sayo na kaya mo na mag GTX 1050TI build under budget? 👀",,61,"11/05/2022 02:15",,https://www.facebook.com/reel/1855961569229659/,0,0,Reels,,,,,11/15/2022,0,,,,,,0,0,0,0,0,4.151,2.496
974839103845515,100064197037125,"PC Merchandise","Paano kung sabihin ko sayo na kaya mo na mag GTX 1050TI build under budget? 👀",,61,"11/05/2022 02:15",,https://www.facebook.com/reel/1855961569229659/,0,0,Reels,,,,,11/16/2022,0,,,,,,0,0,0,0,0,3.576,3.266
974839103845515,100064197037125,"PC Merchandise","Paano kung sabihin ko sayo na kaya mo na mag GTX 1050TI build under budget? 👀",,61,"11/05/2022 02:15",,https://www.facebook.com/reel/1855961569229659/,0,0,Reels,,,,,11/17/2022,0,,,,,,0,0,0,0,0,1.902,3.943
974839103845515,100064197037125,"PC Merchandise","Paano kung sabihin ko sayo na kaya mo na mag GTX 1050TI build under budget? 👀",,61,"11/05/2022 02:15",,https://www.facebook.com/reel/1855961569229659/,0,0,Reels,,,,,11/18/2022,0,,,,,,0,0,0,0,0,1.677,2.897
974839103845515,100064197037125,"PC Merchandise","Paano kung sabihin ko sayo na kaya mo na mag GTX 1050TI build under budget? 👀",,61,"11/05/2022 02:15",,https://www.facebook.com/reel/1855961569229659/,0,0,Reels,,,,,11/19/2022,0,,,,,,0,0,0,0,0,2.350,2.476
974839103845515,100064197037125,"PC Merchandise","Paano kung sabihin ko sayo na kaya mo na mag GTX 1050TI build under budget? 👀",,61,"11/05/2022 02:15",,https://www.facebook.com/reel/1855961569229659/,0,0,Reels,,,,,11/20/2022,0,,,,,,0,0,0,0,0,1.444,2.941
974839103845515,100064197037125,"PC Merchandise","Paano kung sabihin ko sayo na kaya mo na mag GTX 1050TI build under budget? 👀",,61,"11/05/2022 02:15",,https://www.facebook.com/reel/1855961569229659/,0,0,Reels,,,,,11/21/2022,0,,,,,,0,0,0,0,0,1.936,2.906
974839103845515,100064197037125,"PC Merchandise","Paano kung sabihin ko sayo na kaya mo na mag GTX 1050TI build under budget? 👀",,61,"11/05/2022 02:15",,https://www.facebook.com/reel/1855961569229659/,0,0,Reels,,,,,11/22/2022,0,,,,,,0,0,0,0,0,1.393,3.459
974839103845515,100064197037125,"PC Merchandise","Paano kung sabihin ko sayo na kaya mo na mag GTX 1050TI build under budget? 👀",,61,"11/05/2022 02:15",,https://www.facebook.com/reel/1855961569229659/,0,0,Reels,,,,,11/23/2022,0,,,,,,0,0,0,0,0,1.398,3.527
974839103845515,100064197037125,"PC Merchandise","Paano kung sabihin ko sayo na kaya mo na mag GTX 1050TI build under budget? 👀",,61,"11/05/2022 02:15",,https://www.facebook.com/reel/1855961569229659/,0,0,Reels,,,,,11/24/2022,0,,,,,,0,0,0,0,0,2.417,4.070
974839103845515,100064197037125,"PC Merchandise","Paano kung sabihin ko sayo na kaya mo na mag GTX 1050TI build under budget? 👀",,61,"11/05/2022 02:15",,https://www.facebook.com/reel/1855961569229659/,0,0,Reels,,,,,11/25/2022,0,,,,,,0,0,0,0,0,1.447,2.422
974839103845515,100064197037125,"PC Merchandise","Paano kung sabihin ko sayo na kaya mo na mag GTX 1050TI build under budget? 👀",,61,"11/05/2022 02:15",,https://www.facebook.com/reel/1855961569229659/,0,0,Reels,,,,,11/26/2022,0,,,,,,0,0,0,0,0,1.810,2.981
974839103845515,100064197037125,"PC Merchandise","Paano kung sabihin ko sayo na kaya mo na mag GTX 1050TI build under budget? 👀",,61,"11/05/2022 02:15",,https://www.facebook.com/reel/1855961569229659/,0,0,Reels,,,,,11/27/2022,0,,,,,,0,0,0,0,0,1.673,2.267
974839103845515,100064197037125,"PC Merchandise","Paano kung sabihin ko sayo na kaya mo na mag GTX 1050TI build under budget? 👀",,61,"11/05/2022 02:15",,https://www.facebook.com/reel/1855961569229659/,0,0,Reels,,,,,11/28/2022,0,,,,,,0,0,0,0,0,1.223,2.658
974839103845515,100064197037125,"PC Merchandise","Paano kung sabihin ko sayo na kaya mo na mag GTX 1050TI build under budget? 👀",,61,"11/05/2022 02:15",,https://www.facebook.com/reel/1855961569229659/,0,0,Reels,,,,,11/29/2022,0,,,,,,0,0,0,0,0,2.125,2.797
974839103845515,100064197037125,"PC Merchandise","Paano kung sabihin ko sayo na kaya mo na mag GTX 1050TI build under budget? 👀",,61,"11/05/2022 02:15",,https://www.facebook.com/reel/1855961569229659/,0,0,Reels,,,,,11/30/2022,0,,,,,,0,0,0,0,0,1.631,3.259
974514626694153,100064197037125,"PC Merchandise","Paano kung sabihin ko sayo na kaya mo na mag GTX 1660S build under budget? 👀",,0,"11/04/2022 19:15",,https://www.facebook.com/pcmerchandise.co/posts/pfbid0JX4gKGfrnYzKM8FEAvaW3dYiFGLlJeVg1bZDOVXVH9YVBvYFX9Fbi5BR,0,0,Photos,,,,,11/30/2022,0,,,,,,,,,,,,
974514626694153,100064197037125,"PC Merchandise","Paano kung sabihin ko sayo na kaya mo na mag GTX 1660S build under budget? 👀",,0,"11/04/2022 19:15",,https://www.facebook.com/pcmerchandise.co/posts/pfbid0JX4gKGfrnYzKM8FEAvaW3dYiFGLlJeVg1bZDOVXVH9YVBvYFX9Fbi5BR,0,0,Photos,,,,,11/01/2022,,,0,0,0,0,0,0,,,,,
974514626694153,100064197037125,"PC Merchandise","Paano kung sabihin ko sayo na kaya mo na mag GTX 1660S build under budget? 👀",,0,"11/04/2022 19:15",,https://www.facebook.com/pcmerchandise.co/posts/pfbid0JX4gKGfrnYzKM8FEAvaW3dYiFGLlJeVg1bZDOVXVH9YVBvYFX9Fbi5BR,0,0,Photos,,,,,11/02/2022,,,0,0,0,0,0,0,,,,,
974514626694153,100064197037125,"PC Merchandise","Paano kung sabihin ko sayo na kaya mo na mag GTX 1660S build under budget? 👀",,0,"11/04/2022 19:15",,https://www.facebook.com/pcmerchandise.co/posts/pfbid0JX4gKGfrnYzKM8FEAvaW3dYiFGLlJeVg1bZDOVXVH9YVBvYFX9Fbi5BR,0,0,Photos,,,,,11/03/2022,,,0,0,0,0,0,0,,,,,
974514626694153,100064197037125,"PC Merchandise","Paano kung sabihin ko sayo na kaya mo na mag GTX 1660S build under budget? 👀",,0,"11/04/2022 19:15",,https://www.facebook.com/pcmerchandise.co/posts/pfbid0JX4gKGfrnYzKM8FEAvaW3dYiFGLlJeVg1bZDOVXVH9YVBvYFX9Fbi5BR,0,0,Photos,,,,,11/04/2022,,,0,0,0,0,0,0,,,,,
974514626694153,100064197037125,"PC Merchandise","Paano kung sabihin ko sayo na kaya mo na mag GTX 1660S build under budget? 👀",,0,"11/04/2022 19:15",,https://www.facebook.com/pcmerchandise.co/posts/pfbid0JX4gKGfrnYzKM8FEAvaW3dYiFGLlJeVg1bZDOVXVH9YVBvYFX9Fbi5BR,0,0,Photos,,,,,11/05/2022,,,0,0,0,0,0,0,,,,,
974514626694153,100064197037125,"PC Merchandise","Paano kung sabihin ko sayo na kaya mo na mag GTX 1660S build under budget? 👀",,0,"11/04/2022 19:15",,https://www.facebook.com/pcmerchandise.co/posts/pfbid0JX4gKGfrnYzKM8FEAvaW3dYiFGLlJeVg1bZDOVXVH9YVBvYFX9Fbi5BR,0,0,Photos,,,,,11/06/2022,,,0,0,0,0,0,0,,,,,
974514626694153,100064197037125,"PC Merchandise","Paano kung sabihin ko sayo na kaya mo na mag GTX 1660S build under budget? 👀",,0,"11/04/2022 19:15",,https://www.facebook.com/pcmerchandise.co/posts/pfbid0JX4gKGfrnYzKM8FEAvaW3dYiFGLlJeVg1bZDOVXVH9YVBvYFX9Fbi5BR,0,0,Photos,,,,,11/07/2022,,,0,0,0,0,0,0,,,,,
974514626694153,100064197037125,"PC Merchandise","Paano kung sabihin ko sayo na kaya mo na mag GTX 1660S build under budget? 👀",,0,"11/04/2022 19:15",,https://www.facebook.com/pcmerchandise.co/posts/pfbid0JX4gKGfrnYzKM8FEAvaW3dYiFGLlJeVg1bZDOVXVH9YVBvYFX9Fbi5BR,0,0,Photos,,,,,11/08/2022,,,0,0,0,0,0,0,,,,,
974514626694153,100064197037125,"PC Merchandise","Paano kung sabihin ko sayo na kaya mo na mag GTX 1660S build under budget? 👀",,0,"11/04/2022 19:15",,https://www.facebook.com/pcmerchandise.co/posts/pfbid0JX4gKGfrnYzKM8FEAvaW3dYiFGLlJeVg1bZDOVXVH9YVBvYFX9Fbi5BR,0,0,Photos,,,,,11/09/2022,,,0,0,0,0,0,0,,,,,
974514626694153,100064197037125,"PC Merchandise","Paano kung sabihin ko sayo na kaya mo na mag GTX 1660S build under budget? 👀",,0,"11/04/2022 19:15",,https://www.facebook.com/pcmerchandise.co/posts/pfbid0JX4gKGfrnYzKM8FEAvaW3dYiFGLlJeVg1bZDOVXVH9YVBvYFX9Fbi5BR,0,0,Photos,,,,,11/10/2022,,,0,0,0,0,0,0,,,,,
974514626694153,100064197037125,"PC Merchandise","Paano kung sabihin ko sayo na kaya mo na mag GTX 1660S build under budget? 👀",,0,"11/04/2022 19:15",,https://www.facebook.com/pcmerchandise.co/posts/pfbid0JX4gKGfrnYzKM8FEAvaW3dYiFGLlJeVg1bZDOVXVH9YVBvYFX9Fbi5BR,0,0,Photos,,,,,11/11/2022,,,0,0,0,0,0,0,,,,,
974514626694153,100064197037125,"PC Merchandise","Paano kung sabihin ko sayo na kaya mo na mag GTX 1660S build under budget? 👀",,0,"11/04/2022 19:15",,https://www.facebook.com/pcmerchandise.co/posts/pfbid0JX4gKGfrnYzKM8FEAvaW3dYiFGLlJeVg1bZDOVXVH9YVBvYFX9Fbi5BR,0,0,Photos,,,,,11/12/2022,,,0,0,0,0,0,0,,,,,
974514626694153,100064197037125,"PC Merchandise","Paano kung sabihin ko sayo na kaya mo na mag GTX 1660S build under budget? 👀",,0,"11/04/2022 19:15",,https://www.facebook.com/pcmerchandise.co/posts/pfbid0JX4gKGfrnYzKM8FEAvaW3dYiFGLlJeVg1bZDOVXVH9YVBvYFX9Fbi5BR,0,0,Photos,,,,,11/13/2022,,,0,0,0,0,0,0,,,,,
974514626694153,100064197037125,"PC Merchandise","Paano kung sabihin ko sayo na kaya mo na mag GTX 1660S build under budget? 👀",,0,"11/04/2022 19:15",,https://www.facebook.com/pcmerchandise.co/posts/pfbid0JX4gKGfrnYzKM8FEAvaW3dYiFGLlJeVg1bZDOVXVH9YVBvYFX9Fbi5BR,0,0,Photos,,,,,11/14/2022,,,0,0,0,0,0,0,,,,,
974514626694153,100064197037125,"PC Merchandise","Paano kung sabihin ko sayo na kaya mo na mag GTX 1660S build under budget? 👀",,0,"11/04/2022 19:15",,https://www.facebook.com/pcmerchandise.co/posts/pfbid0JX4gKGfrnYzKM8FEAvaW3dYiFGLlJeVg1bZDOVXVH9YVBvYFX9Fbi5BR,0,0,Photos,,,,,11/15/2022,,,0,0,0,0,0,0,,,,,
974514626694153,100064197037125,"PC Merchandise","Paano kung sabihin ko sayo na kaya mo na mag GTX 1660S build under budget? 👀",,0,"11/04/2022 19:15",,https://www.facebook.com/pcmerchandise.co/posts/pfbid0JX4gKGfrnYzKM8FEAvaW3dYiFGLlJeVg1bZDOVXVH9YVBvYFX9Fbi5BR,0,0,Photos,,,,,11/16/2022,,,0,0,0,0,0,0,,,,,
974514626694153,100064197037125,"PC Merchandise","Paano kung sabihin ko sayo na kaya mo na mag GTX 1660S build under budget? 👀",,0,"11/04/2022 19:15",,https://www.facebook.com/pcmerchandise.co/posts/pfbid0JX4gKGfrnYzKM8FEAvaW3dYiFGLlJeVg1bZDOVXVH9YVBvYFX9Fbi5BR,0,0,Photos,,,,,11/17/2022,,,0,0,0,0,0,0,,,,,
974514626694153,100064197037125,"PC Merchandise","Paano kung sabihin ko sayo na kaya mo na mag GTX 1660S build under budget? 👀",,0,"11/04/2022 19:15",,https://www.facebook.com/pcmerchandise.co/posts/pfbid0JX4gKGfrnYzKM8FEAvaW3dYiFGLlJeVg1bZDOVXVH9YVBvYFX9Fbi5BR,0,0,Photos,,,,,11/18/2022,,,0,0,0,0,0,0,,,,,
974514626694153,100064197037125,"PC Merchandise","Paano kung sabihin ko sayo na kaya mo na mag GTX 1660S build under budget? 👀",,0,"11/04/2022 19:15",,https://www.facebook.com/pcmerchandise.co/posts/pfbid0JX4gKGfrnYzKM8FEAvaW3dYiFGLlJeVg1bZDOVXVH9YVBvYFX9Fbi5BR,0,0,Photos,,,,,11/19/2022,,,0,0,0,0,0,0,,,,,
974514626694153,100064197037125,"PC Merchandise","Paano kung sabihin ko sayo na kaya mo na mag GTX 1660S build under budget? 👀",,0,"11/04/2022 19:15",,https://www.facebook.com/pcmerchandise.co/posts/pfbid0JX4gKGfrnYzKM8FEAvaW3dYiFGLlJeVg1bZDOVXVH9YVBvYFX9Fbi5BR,0,0,Photos,,,,,11/20/2022,,,0,0,0,0,0,0,,,,,
974514626694153,100064197037125,"PC Merchandise","Paano kung sabihin ko sayo na kaya mo na mag GTX 1660S build under budget? 👀",,0,"11/04/2022 19:15",,https://www.facebook.com/pcmerchandise.co/posts/pfbid0JX4gKGfrnYzKM8FEAvaW3dYiFGLlJeVg1bZDOVXVH9YVBvYFX9Fbi5BR,0,0,Photos,,,,,11/21/2022,,,0,0,0,0,0,0,,,,,
974514626694153,100064197037125,"PC Merchandise","Paano kung sabihin ko sayo na kaya mo na mag GTX 1660S build under budget? 👀",,0,"11/04/2022 19:15",,https://www.facebook.com/pcmerchandise.co/posts/pfbid0JX4gKGfrnYzKM8FEAvaW3dYiFGLlJeVg1bZDOVXVH9YVBvYFX9Fbi5BR,0,0,Photos,,,,,11/22/2022,,,0,0,0,0,0,0,,,,,
974514626694153,100064197037125,"PC Merchandise","Paano kung sabihin ko sayo na kaya mo na mag GTX 1660S build under budget? 👀",,0,"11/04/2022 19:15",,https://www.facebook.com/pcmerchandise.co/posts/pfbid0JX4gKGfrnYzKM8FEAvaW3dYiFGLlJeVg1bZDOVXVH9YVBvYFX9Fbi5BR,0,0,Photos,,,,,11/23/2022,,,0,0,0,0,0,0,,,,,
974514626694153,100064197037125,"PC Merchandise","Paano kung sabihin ko sayo na kaya mo na mag GTX 1660S build under budget? 👀",,0,"11/04/2022 19:15",,https://www.facebook.com/pcmerchandise.co/posts/pfbid0JX4gKGfrnYzKM8FEAvaW3dYiFGLlJeVg1bZDOVXVH9YVBvYFX9Fbi5BR,0,0,Photos,,,,,11/24/2022,,,0,0,0,0,0,0,,,,,
974514626694153,100064197037125,"PC Merchandise","Paano kung sabihin ko sayo na kaya mo na mag GTX 1660S build under budget? 👀",,0,"11/04/2022 19:15",,https://www.facebook.com/pcmerchandise.co/posts/pfbid0JX4gKGfrnYzKM8FEAvaW3dYiFGLlJeVg1bZDOVXVH9YVBvYFX9Fbi5BR,0,0,Photos,,,,,11/25/2022,,,0,0,0,0,0,0,,,,,
974514626694153,100064197037125,"PC Merchandise","Paano kung sabihin ko sayo na kaya mo na mag GTX 1660S build under budget? 👀",,0,"11/04/2022 19:15",,https://www.facebook.com/pcmerchandise.co/posts/pfbid0JX4gKGfrnYzKM8FEAvaW3dYiFGLlJeVg1bZDOVXVH9YVBvYFX9Fbi5BR,0,0,Photos,,,,,11/26/2022,,,0,0,0,0,0,0,,,,,
974514626694153,100064197037125,"PC Merchandise","Paano kung sabihin ko sayo na kaya mo na mag GTX 1660S build under budget? 👀",,0,"11/04/2022 19:15",,https://www.facebook.com/pcmerchandise.co/posts/pfbid0JX4gKGfrnYzKM8FEAvaW3dYiFGLlJeVg1bZDOVXVH9YVBvYFX9Fbi5BR,0,0,Photos,,,,,11/27/2022,,,0,0,0,0,0,0,,,,,
974514626694153,100064197037125,"PC Merchandise","Paano kung sabihin ko sayo na kaya mo na mag GTX 1660S build under budget? 👀",,0,"11/04/2022 19:15",,https://www.facebook.com/pcmerchandise.co/posts/pfbid0JX4gKGfrnYzKM8FEAvaW3dYiFGLlJeVg1bZDOVXVH9YVBvYFX9Fbi5BR,0,0,Photos,,,,,11/28/2022,,,0,0,0,0,0,0,,,,,
974514626694153,100064197037125,"PC Merchandise","Paano kung sabihin ko sayo na kaya mo na mag GTX 1660S build under budget? 👀",,0,"11/04/2022 19:15",,https://www.facebook.com/pcmerchandise.co/posts/pfbid0JX4gKGfrnYzKM8FEAvaW3dYiFGLlJeVg1bZDOVXVH9YVBvYFX9Fbi5BR,0,0,Photos,,,,,11/29/2022,,,0,0,0,0,0,0,,,,,
974514626694153,100064197037125,"PC Merchandise","Paano kung sabihin ko sayo na kaya mo na mag GTX 1660S build under budget? 👀",,0,"11/04/2022 19:15",,https://www.facebook.com/pcmerchandise.co/posts/pfbid0JX4gKGfrnYzKM8FEAvaW3dYiFGLlJeVg1bZDOVXVH9YVBvYFX9Fbi5BR,0,0,Photos,,,,,11/30/2022,,,0,0,0,0,0,0,,,,,
974676151624195,100064197037125,"PC Merchandise","BUDGET BUILD ALERT 🚨 RYZEN 3 3200G + RX 580 — perfect for online class and gaming!",,65,"11/04/2022 15:30",,https://www.facebook.com/reel/1218171852267800/,0,0,Reels,,,,,11/01/2022,0,,,,,,0,0,0,0,0,0.000,5.511
974676151624195,100064197037125,"PC Merchandise","BUDGET BUILD ALERT 🚨 RYZEN 3 3200G + RX 580 — perfect for online class and gaming!",,65,"11/04/2022 15:30",,https://www.facebook.com/reel/1218171852267800/,0,0,Reels,,,,,11/02/2022,0,,,,,,0,0,0,0,0,0.000,4.406
974676151624195,100064197037125,"PC Merchandise","BUDGET BUILD ALERT 🚨 RYZEN 3 3200G + RX 580 — perfect for online class and gaming!",,65,"11/04/2022 15:30",,https://www.facebook.com/reel/1218171852267800/,0,0,Reels,,,,,11/03/2022,0,,,,,,0,0,0,0,0,0.000,6.523
974676151624195,100064197037125,"PC Merchandise","BUDGET BUILD ALERT 🚨 RYZEN 3 3200G + RX 580 — perfect for online class and gaming!",,65,"11/04/2022 15:30",,https://www.facebook.com/reel/1218171852267800/,0,0,Reels,,,,,11/04/2022,0,,,,,,0,0,0,0,0,79.108,5.452
974676151624195,100064197037125,"PC Merchandise","BUDGET BUILD ALERT 🚨 RYZEN 3 3200G + RX 580 — perfect for online class and gaming!",,65,"11/04/2022 15:30",,https://www.facebook.com/reel/1218171852267800/,0,0,Reels,,,,,11/05/2022,0,,,,,,0,0,0,0,0,77.292,6.419
974676151624195,100064197037125,"PC Merchandise","BUDGET BUILD ALERT 🚨 RYZEN 3 3200G + RX 580 — perfect for online class and gaming!",,65,"11/04/2022 15:30",,https://www.facebook.com/reel/1218171852267800/,0,0,Reels,,,,,11/06/2022,0,,,,,,0,0,0,0,0,22.470,3.554
974676151624195,100064197037125,"PC Merchandise","BUDGET BUILD ALERT 🚨 RYZEN 3 3200G + RX 580 — perfect for online class and gaming!",,65,"11/04/2022 15:30",,https://www.facebook.com/reel/1218171852267800/,0,0,Reels,,,,,11/07/2022,0,,,,,,0,0,0,0,0,45.900,5.177
974676151624195,100064197037125,"PC Merchandise","BUDGET BUILD ALERT 🚨 RYZEN 3 3200G + RX 580 — perfect for online class and gaming!",,65,"11/04/2022 15:30",,https://www.facebook.com/reel/1218171852267800/,0,0,Reels,,,,,11/08/2022,0,,,,,,0,0,0,0,0,33.359,6.908
974676151624195,100064197037125,"PC Merchandise","BUDGET BUILD ALERT 🚨 RYZEN 3 3200G + RX 580 — perfect for online class and gaming!",,65,"11/04/2022 15:30",,https://www.facebook.com/reel/1218171852267800/,0,0,Reels,,,,,11/09/2022,0,,,,,,0,0,0,0,0,19.516,5.030
974676151624195,100064197037125,"PC Merchandise","BUDGET BUILD ALERT 🚨 RYZEN 3 3200G + RX 580 — perfect for online class and gaming!",,65,"11/04/2022 15:30",,https://www.facebook.com/reel/1218171852267800/,0,0,Reels,,,,,11/10/2022,0,,,,,,0,0,0,0,0,35.303,6.125
974676151624195,100064197037125,"PC Merchandise","BUDGET BUILD ALERT 🚨 RYZEN 3 3200G + RX 580 — perfect for online class and gaming!",,65,"11/04/2022 15:30",,https://www.facebook.com/reel/1218171852267800/,0,0,Reels,,,,,11/11/2022,0,,,,,,0,0,0,0,0,23.908,6.028
974676151624195,100064197037125,"PC Merchandise","BUDGET BUILD ALERT 🚨 RYZEN 3 3200G + RX 580 — perfect for online class and gaming!",,65,"11/04/2022 15:30",,https://www.facebook.com/reel/1218171852267800/,0,0,Reels,,,,,11/12/2022,0,,,,,,0,0,0,0,0,14.527,6.137
974676151624195,100064197037125,"PC Merchandise","BUDGET BUILD ALERT 🚨 RYZEN 3 3200G + RX 580 — perfect for online class and gaming!",,65,"11/04/2022 15:30",,https://www.facebook.com/reel/1218171852267800/,0,0,Reels,,,,,11/13/2022,0,,,,,,0,0,0,0,0,8.029,7.072
974676151624195,100064197037125,"PC Merchandise","BUDGET BUILD ALERT 🚨 RYZEN 3 3200G + RX 580 — perfect for online class and gaming!",,65,"11/04/2022 15:30",,https://www.facebook.com/reel/1218171852267800/,0,0,Reels,,,,,11/14/2022,0,,,,,,0,0,0,0,0,5.421,5.480
974676151624195,100064197037125,"PC Merchandise","BUDGET BUILD ALERT 🚨 RYZEN 3 3200G + RX 580 — perfect for online class and gaming!",,65,"11/04/2022 15:30",,https://www.facebook.com/reel/1218171852267800/,0,0,Reels,,,,,11/15/2022,0,,,,,,0,0,0,0,0,11.926,4.904
974676151624195,100064197037125,"PC Merchandise","BUDGET BUILD ALERT 🚨 RYZEN 3 3200G + RX 580 — perfect for online class and gaming!",,65,"11/04/2022 15:30",,https://www.facebook.com/reel/1218171852267800/,0,0,Reels,,,,,11/16/2022,0,,,,,,0,0,0,0,0,6.382,4.643
974676151624195,100064197037125,"PC Merchandise","BUDGET BUILD ALERT 🚨 RYZEN 3 3200G + RX 580 — perfect for online class and gaming!",,65,"11/04/2022 15:30",,https://www.facebook.com/reel/1218171852267800/,0,0,Reels,,,,,11/17/2022,0,,,,,,0,0,0,0,0,4.639,4.681
974676151624195,100064197037125,"PC Merchandise","BUDGET BUILD ALERT 🚨 RYZEN 3 3200G + RX 580 — perfect for online class and gaming!",,65,"11/04/2022 15:30",,https://www.facebook.com/reel/1218171852267800/,0,0,Reels,,,,,11/18/2022,0,,,,,,0,0,0,0,0,6.664,5.251
974676151624195,100064197037125,"PC Merchandise","BUDGET BUILD ALERT 🚨 RYZEN 3 3200G + RX 580 — perfect for online class and gaming!",,65,"11/04/2022 15:30",,https://www.facebook.com/reel/1218171852267800/,0,0,Reels,,,,,11/19/2022,0,,,,,,0,0,0,0,0,9.627,5.037
974676151624195,100064197037125,"PC Merchandise","BUDGET BUILD ALERT 🚨 RYZEN 3 3200G + RX 580 — perfect for online class and gaming!",,65,"11/04/2022 15:30",,https://www.facebook.com/reel/1218171852267800/,0,0,Reels,,,,,11/20/2022,0,,,,,,0,0,0,0,0,7.635,5.956
974676151624195,100064197037125,"PC Merchandise","BUDGET BUILD ALERT 🚨 RYZEN 3 3200G + RX 580 — perfect for online class and gaming!",,65,"11/04/2022 15:30",,https://www.facebook.com/reel/1218171852267800/,0,0,Reels,,,,,11/21/2022,0,,,,,,0,0,0,0,0,4.000,5.667
974676151624195,100064197037125,"PC Merchandise","BUDGET BUILD ALERT 🚨 RYZEN 3 3200G + RX 580 — perfect for online class and gaming!",,65,"11/04/2022 15:30",,https://www.facebook.com/reel/1218171852267800/,0,0,Reels,,,,,11/22/2022,0,,,,,,0,0,0,0,0,6.125,5.314
974676151624195,100064197037125,"PC Merchandise","BUDGET BUILD ALERT 🚨 RYZEN 3 3200G + RX 580 — perfect for online class and gaming!",,65,"11/04/2022 15:30",,https://www.facebook.com/reel/1218171852267800/,0,0,Reels,,,,,11/23/2022,0,,,,,,0,0,0,0,0,4.471,5.797
974676151624195,100064197037125,"PC Merchandise","BUDGET BUILD ALERT 🚨 RYZEN 3 3200G + RX 580 — perfect for online class and gaming!",,65,"11/04/2022 15:30",,https://www.facebook.com/reel/1218171852267800/,0,0,Reels,,,,,11/24/2022,0,,,,,,0,0,0,0,0,7.152,5.354
974676151624195,100064197037125,"PC Merchandise","BUDGET BUILD ALERT 🚨 RYZEN 3 3200G + RX 580 — perfect for online class and gaming!",,65,"11/04/2022 15:30",,https://www.facebook.com/reel/1218171852267800/,0,0,Reels,,,,,11/25/2022,0,,,,,,0,0,0,0,0,4.496,6.107
974676151624195,100064197037125,"PC Merchandise","BUDGET BUILD ALERT 🚨 RYZEN 3 3200G + RX 580 — perfect for online class and gaming!",,65,"11/04/2022 15:30",,https://www.facebook.com/reel/1218171852267800/,0,0,Reels,,,,,11/26/2022,0,,,,,,0,0,0,0,0,4.834,6.254
974676151624195,100064197037125,"PC Merchandise","BUDGET BUILD ALERT 🚨 RYZEN 3 3200G + RX 580 — perfect for online class and gaming!",,65,"11/04/2022 15:30",,https://www.facebook.com/reel/1218171852267800/,0,0,Reels,,,,,11/27/2022,0,,,,,,0,0,0,0,0,8.105,6.585
974676151624195,100064197037125,"PC Merchandise","BUDGET BUILD ALERT 🚨 RYZEN 3 3200G + RX 580 — perfect for online class and gaming!",,65,"11/04/2022 15:30",,https://www.facebook.com/reel/1218171852267800/,0,0,Reels,,,,,11/28/2022,0,,,,,,0,0,0,0,0,6.146,4.808
974676151624195,100064197037125,"PC Merchandise","BUDGET BUILD ALERT 🚨 RYZEN 3 3200G + RX 580 — perfect for online class and gaming!",,65,"11/04/2022 15:30",,https://www.facebook.com/reel/1218171852267800/,0,0,Reels,,,,,11/29/2022,0,,,,,,0,0,0,0,0,5.584,4.749
974676151624195,100064197037125,"PC Merchandise","BUDGET BUILD ALERT 🚨 RYZEN 3 3200G + RX 580 — perfect for online class and gaming!",,65,"11/04/2022 15:30",,https://www.facebook.com/reel/1218171852267800/,0,0,Reels,,,,,11/30/2022,0,,,,,,0,0,0,0,0,4.567,4.863
974793111192004,100064197037125,"PC Merchandise","ito na po yung ghost project🥲",,0,"11/03/2022 22:30",,https://www.facebook.com/pcmerchandise.co/posts/pfbid0RwTEjlcVedjgGhdeEpjIVrvnFPwP0ZZOf5jCMVCdywBwIO12vuvFoabX,0,0,Photos,,,,,11/30/2022,3,,,,,,,,,,,,
974793111192004,100064197037125,"PC Merchandise","ito na po yung ghost project🥲",,0,"11/03/2022 22:30",,https://www.facebook.com/pcmerchandise.co/posts/pfbid0RwTEjlcVedjgGhdeEpjIVrvnFPwP0ZZOf5jCMVCdywBwIO12vuvFoabX,0,0,Photos,,,,,11/01/2022,,,0,0,0,0,0,0,,,,,
974793111192004,100064197037125,"PC Merchandise","ito na po yung ghost project🥲",,0,"11/03/2022 22:30",,https://www.facebook.com/pcmerchandise.co/posts/pfbid0RwTEjlcVedjgGhdeEpjIVrvnFPwP0ZZOf5jCMVCdywBwIO12vuvFoabX,0,0,Photos,,,,,11/02/2022,,,0,0,0,0,0,0,,,,,
974793111192004,100064197037125,"PC Merchandise","ito na po yung ghost project🥲",,0,"11/03/2022 22:30",,https://www.facebook.com/pcmerchandise.co/posts/pfbid0RwTEjlcVedjgGhdeEpjIVrvnFPwP0ZZOf5jCMVCdywBwIO12vuvFoabX,0,0,Photos,,,,,11/03/2022,,,0,0,0,0,0,0,,,,,
974793111192004,100064197037125,"PC Merchandise","ito na po yung ghost project🥲",,0,"11/03/2022 22:30",,https://www.facebook.com/pcmerchandise.co/posts/pfbid0RwTEjlcVedjgGhdeEpjIVrvnFPwP0ZZOf5jCMVCdywBwIO12vuvFoabX,0,0,Photos,,,,,11/04/2022,,,0,0,0,0,0,0,,,,,
974793111192004,100064197037125,"PC Merchandise","ito na po yung ghost project🥲",,0,"11/03/2022 22:30",,https://www.facebook.com/pcmerchandise.co/posts/pfbid0RwTEjlcVedjgGhdeEpjIVrvnFPwP0ZZOf5jCMVCdywBwIO12vuvFoabX,0,0,Photos,,,,,11/05/2022,,,0,0,0,0,0,0,,,,,
974793111192004,100064197037125,"PC Merchandise","ito na po yung ghost project🥲",,0,"11/03/2022 22:30",,https://www.facebook.com/pcmerchandise.co/posts/pfbid0RwTEjlcVedjgGhdeEpjIVrvnFPwP0ZZOf5jCMVCdywBwIO12vuvFoabX,0,0,Photos,,,,,11/06/2022,,,0,0,0,0,0,0,,,,,
974793111192004,100064197037125,"PC Merchandise","ito na po yung ghost project🥲",,0,"11/03/2022 22:30",,https://www.facebook.com/pcmerchandise.co/posts/pfbid0RwTEjlcVedjgGhdeEpjIVrvnFPwP0ZZOf5jCMVCdywBwIO12vuvFoabX,0,0,Photos,,,,,11/07/2022,,,0,0,0,0,0,0,,,,,
974793111192004,100064197037125,"PC Merchandise","ito na po yung ghost project🥲",,0,"11/03/2022 22:30",,https://www.facebook.com/pcmerchandise.co/posts/pfbid0RwTEjlcVedjgGhdeEpjIVrvnFPwP0ZZOf5jCMVCdywBwIO12vuvFoabX,0,0,Photos,,,,,11/08/2022,,,0,0,0,0,0,0,,,,,
974793111192004,100064197037125,"PC Merchandise","ito na po yung ghost project🥲",,0,"11/03/2022 22:30",,https://www.facebook.com/pcmerchandise.co/posts/pfbid0RwTEjlcVedjgGhdeEpjIVrvnFPwP0ZZOf5jCMVCdywBwIO12vuvFoabX,0,0,Photos,,,,,11/09/2022,,,0,0,0,0,0,0,,,,,
974793111192004,100064197037125,"PC Merchandise","ito na po yung ghost project🥲",,0,"11/03/2022 22:30",,https://www.facebook.com/pcmerchandise.co/posts/pfbid0RwTEjlcVedjgGhdeEpjIVrvnFPwP0ZZOf5jCMVCdywBwIO12vuvFoabX,0,0,Photos,,,,,11/10/2022,,,0,0,0,0,0,0,,,,,
974793111192004,100064197037125,"PC Merchandise","ito na po yung ghost project🥲",,0,"11/03/2022 22:30",,https://www.facebook.com/pcmerchandise.co/posts/pfbid0RwTEjlcVedjgGhdeEpjIVrvnFPwP0ZZOf5jCMVCdywBwIO12vuvFoabX,0,0,Photos,,,,,11/11/2022,,,0,0,0,0,0,0,,,,,
974793111192004,100064197037125,"PC Merchandise","ito na po yung ghost project🥲",,0,"11/03/2022 22:30",,https://www.facebook.com/pcmerchandise.co/posts/pfbid0RwTEjlcVedjgGhdeEpjIVrvnFPwP0ZZOf5jCMVCdywBwIO12vuvFoabX,0,0,Photos,,,,,11/12/2022,,,0,0,0,0,0,0,,,,,
974793111192004,100064197037125,"PC Merchandise","ito na po yung ghost project🥲",,0,"11/03/2022 22:30",,https://www.facebook.com/pcmerchandise.co/posts/pfbid0RwTEjlcVedjgGhdeEpjIVrvnFPwP0ZZOf5jCMVCdywBwIO12vuvFoabX,0,0,Photos,,,,,11/13/2022,,,0,0,0,0,0,0,,,,,
974793111192004,100064197037125,"PC Merchandise","ito na po yung ghost project🥲",,0,"11/03/2022 22:30",,https://www.facebook.com/pcmerchandise.co/posts/pfbid0RwTEjlcVedjgGhdeEpjIVrvnFPwP0ZZOf5jCMVCdywBwIO12vuvFoabX,0,0,Photos,,,,,11/14/2022,,,0,0,0,0,0,0,,,,,
974793111192004,100064197037125,"PC Merchandise","ito na po yung ghost project🥲",,0,"11/03/2022 22:30",,https://www.facebook.com/pcmerchandise.co/posts/pfbid0RwTEjlcVedjgGhdeEpjIVrvnFPwP0ZZOf5jCMVCdywBwIO12vuvFoabX,0,0,Photos,,,,,11/15/2022,,,0,0,0,0,0,0,,,,,
974793111192004,100064197037125,"PC Merchandise","ito na po yung ghost project🥲",,0,"11/03/2022 22:30",,https://www.facebook.com/pcmerchandise.co/posts/pfbid0RwTEjlcVedjgGhdeEpjIVrvnFPwP0ZZOf5jCMVCdywBwIO12vuvFoabX,0,0,Photos,,,,,11/16/2022,,,0,0,0,0,0,0,,,,,
974793111192004,100064197037125,"PC Merchandise","ito na po yung ghost project🥲",,0,"11/03/2022 22:30",,https://www.facebook.com/pcmerchandise.co/posts/pfbid0RwTEjlcVedjgGhdeEpjIVrvnFPwP0ZZOf5jCMVCdywBwIO12vuvFoabX,0,0,Photos,,,,,11/17/2022,,,0,0,0,0,0,0,,,,,
974793111192004,100064197037125,"PC Merchandise","ito na po yung ghost project🥲",,0,"11/03/2022 22:30",,https://www.facebook.com/pcmerchandise.co/posts/pfbid0RwTEjlcVedjgGhdeEpjIVrvnFPwP0ZZOf5jCMVCdywBwIO12vuvFoabX,0,0,Photos,,,,,11/18/2022,,,0,0,0,0,0,0,,,,,
974793111192004,100064197037125,"PC Merchandise","ito na po yung ghost project🥲",,0,"11/03/2022 22:30",,https://www.facebook.com/pcmerchandise.co/posts/pfbid0RwTEjlcVedjgGhdeEpjIVrvnFPwP0ZZOf5jCMVCdywBwIO12vuvFoabX,0,0,Photos,,,,,11/19/2022,,,0,0,0,0,0,0,,,,,
974793111192004,100064197037125,"PC Merchandise","ito na po yung ghost project🥲",,0,"11/03/2022 22:30",,https://www.facebook.com/pcmerchandise.co/posts/pfbid0RwTEjlcVedjgGhdeEpjIVrvnFPwP0ZZOf5jCMVCdywBwIO12vuvFoabX,0,0,Photos,,,,,11/20/2022,,,0,0,0,0,0,0,,,,,
974793111192004,100064197037125,"PC Merchandise","ito na po yung ghost project🥲",,0,"11/03/2022 22:30",,https://www.facebook.com/pcmerchandise.co/posts/pfbid0RwTEjlcVedjgGhdeEpjIVrvnFPwP0ZZOf5jCMVCdywBwIO12vuvFoabX,0,0,Photos,,,,,11/21/2022,,,0,0,0,0,0,0,,,,,
974793111192004,100064197037125,"PC Merchandise","ito na po yung ghost project🥲",,0,"11/03/2022 22:30",,https://www.facebook.com/pcmerchandise.co/posts/pfbid0RwTEjlcVedjgGhdeEpjIVrvnFPwP0ZZOf5jCMVCdywBwIO12vuvFoabX,0,0,Photos,,,,,11/22/2022,,,0,0,0,0,0,0,,,,,
974793111192004,100064197037125,"PC Merchandise","ito na po yung ghost project🥲",,0,"11/03/2022 22:30",,https://www.facebook.com/pcmerchandise.co/posts/pfbid0RwTEjlcVedjgGhdeEpjIVrvnFPwP0ZZOf5jCMVCdywBwIO12vuvFoabX,0,0,Photos,,,,,11/23/2022,,,0,0,0,0,0,0,,,,,
974793111192004,100064197037125,"PC Merchandise","ito na po yung ghost project🥲",,0,"11/03/2022 22:30",,https://www.facebook.com/pcmerchandise.co/posts/pfbid0RwTEjlcVedjgGhdeEpjIVrvnFPwP0ZZOf5jCMVCdywBwIO12vuvFoabX,0,0,Photos,,,,,11/24/2022,,,0,0,0,0,0,0,,,,,
974793111192004,100064197037125,"PC Merchandise","ito na po yung ghost project🥲",,0,"11/03/2022 22:30",,https://www.facebook.com/pcmerchandise.co/posts/pfbid0RwTEjlcVedjgGhdeEpjIVrvnFPwP0ZZOf5jCMVCdywBwIO12vuvFoabX,0,0,Photos,,,,,11/25/2022,,,0,0,0,0,0,0,,,,,
974793111192004,100064197037125,"PC Merchandise","ito na po yung ghost project🥲",,0,"11/03/2022 22:30",,https://www.facebook.com/pcmerchandise.co/posts/pfbid0RwTEjlcVedjgGhdeEpjIVrvnFPwP0ZZOf5jCMVCdywBwIO12vuvFoabX,0,0,Photos,,,,,11/26/2022,,,0,0,0,0,0,0,,,,,
974793111192004,100064197037125,"PC Merchandise","ito na po yung ghost project🥲",,0,"11/03/2022 22:30",,https://www.facebook.com/pcmerchandise.co/posts/pfbid0RwTEjlcVedjgGhdeEpjIVrvnFPwP0ZZOf5jCMVCdywBwIO12vuvFoabX,0,0,Photos,,,,,11/27/2022,,,0,0,0,0,0,0,,,,,
974793111192004,100064197037125,"PC Merchandise","ito na po yung ghost project🥲",,0,"11/03/2022 22:30",,https://www.facebook.com/pcmerchandise.co/posts/pfbid0RwTEjlcVedjgGhdeEpjIVrvnFPwP0ZZOf5jCMVCdywBwIO12vuvFoabX,0,0,Photos,,,,,11/28/2022,,,0,0,0,0,0,0,,,,,
974793111192004,100064197037125,"PC Merchandise","ito na po yung ghost project🥲",,0,"11/03/2022 22:30",,https://www.facebook.com/pcmerchandise.co/posts/pfbid0RwTEjlcVedjgGhdeEpjIVrvnFPwP0ZZOf5jCMVCdywBwIO12vuvFoabX,0,0,Photos,,,,,11/29/2022,,,0,0,0,0,0,0,,,,,
974793111192004,100064197037125,"PC Merchandise","ito na po yung ghost project🥲",,0,"11/03/2022 22:30",,https://www.facebook.com/pcmerchandise.co/posts/pfbid0RwTEjlcVedjgGhdeEpjIVrvnFPwP0ZZOf5jCMVCdywBwIO12vuvFoabX,0,0,Photos,,,,,11/30/2022,,,0,0,0,0,0,0,,,,,
