"Post ID","Page ID","Page name",Title,Description,"Duration (sec)","Publish time","Caption type",Permalink,"Is crosspost","Is share","Post type",Languages,"Custom labels","Funded content status","Data comment",Date,Shares,"Approximate content monetization earnings","3-second video views","1-minute video views","3-Second viewers","1-minute viewers","3-second video views from Boosted posts","3-second video views from Organic posts","Reactions, Comments and Shares",Reactions,Comments,"Seconds viewed","Average Seconds viewed"
987345394593920,100064197037125,"PC Merchandise","Paano kung sabihin ko sayo na kaya mo na mag GTX 1660S build under budget? 👀",,61,"01/31/2023 22:15",,https://www.facebook.com/pcmerchandise.co/videos/2844072631578318/,0,0,Videos,,,,,01/01/2023,0,,0,0,0,0,0,0,0,0,0,0.000,4.510
987345394593920,100064197037125,"PC Merchandise","Paano kung sabihin ko sayo na kaya mo na mag GTX 1660S build under budget? 👀",,61,"01/31/2023 22:15",,https://www.facebook.com/pcmerchandise.co/videos/2844072631578318/,0,0,Videos,,,,,01/02/2023,0,,0,0,0,0,0,0,0,0,0,0.000,3.265
987345394593920,100064197037125,"PC Merchandise","Paano kung sabihin ko sayo na kaya mo na mag GTX 1660S build under budget? 👀",,61,"01/31/2023 22:15",,https://www.facebook.com/pcmerchandise.co/videos/2844072631578318/,0,0,Videos,,,,,01/03/2023,0,,0,0,0,0,0,0,0,0,0,0.000,2.566
987345394593920,100064197037125,"PC Merchandise","Paano kung sabihin ko sayo na kaya mo na mag GTX 1660S build under budget? 👀",,61,"01/31/2023 22:15",,https://www.facebook.com/pcmerchandise.co/videos/2844072631578318/,0,0,Videos,,,,,01/04/2023,0,,0,0,0,0,0,0,0,0,0,0.000,2.983
987345394593920,100064197037125,"PC Merchandise","Paano kung sabihin ko sayo na kaya mo na mag GTX 1660S build under budget? 👀",,61,"01/31/2023 22:15",,https://www.facebook.com/pcmerchandise.co/videos/2844072631578318/,0,0,Videos,,,,,01/05/2023,0,,0,0,0,0,0,0,0,0,0,0.000,1.714
987345394593920,100064197037125,"PC Merchandise","Paano kung sabihin ko sayo na kaya mo na mag GTX 1660S build under budget? 👀",,61,"01/31/2023 22:15",,https://www.facebook.com/pcmerchandise.co/videos/2844072631578318/,0,0,Videos,,,,,01/06/2023,0,,0,0,0,0,0,0,0,0,0,0.000,2.735
987345394593920,100064197037125,"PC Merchandise","Paano kung sabihin ko sayo na kaya mo na mag GTX 1660S build under budget? 👀",,61,"01/31/2023 22:15",,https://www.facebook.com/pcmerchandise.co/videos/2844072631578318/,0,0,Videos,,,,,01/07/2023,0,,0,0,0,0,0,0,0,0,0,0.000,3.593
987345394593920,100064197037125,"PC Merchandise","Paano kung sabihin ko sayo na kaya mo na mag GTX 1660S build under budget? 👀",,61,"01/31/2023 22:15",,https://www.facebook.com/pcmerchandise.co/videos/2844072631578318/,0,0,Videos,,,,,01/08/2023,0,,0,0,0,0,0,0,0,0,0,0.000,2.359
987345394593920,100064197037125,"PC Merchandise","Paano kung sabihin ko sayo na kaya mo na mag GTX 1660S build under budget? 👀",,61,"01/31/2023 22:15",,https://www.facebook.com/pcmerchandise.co/videos/2844072631578318/,0,0,Videos,,,,,01/09/2023,0,,0,0,0,0,0,0,0,0,0,0.000,3.639
987345394593920,100064197037125,"PC Merchandise","Paano kung sabihin ko sayo na kaya mo na mag GTX 1660S build under budget? 👀",,61,"01/31/2023 22:15",,https://www.facebook.com/pcmerchandise.co/videos/2844072631578318/,0,0,Videos,,,,,01/10/2023,0,,0,0,0,0,0,0,0,0,0,0.000,2.749
987345394593920,100064197037125,"PC Merchandise","Paano kung sabihin ko sayo na kaya mo na mag GTX 1660S build under budget? 👀",,61,"01/31/2023 22:15",,https://www.facebook.com/pcmerchandise.co/videos/2844072631578318/,0,0,Videos,,,,,01/11/2023,0,,0,0,0,0,0,0,0,0,0,0.000,4.129
987345394593920,100064197037125,"PC Merchandise","Paano kung sabihin ko sayo na kaya mo na mag GTX 1660S build under budget? 👀",,61,"01/31/2023 22:15",,https://www.facebook.com/pcmerchandise.co/videos/2844072631578318/,0,0,Videos,,,,,01/12/2023,0,,0,0,0,0,0,0,0,0,0,0.000,2.025
987345394593920,100064197037125,"PC Merchandise","Paano kung sabihin ko sayo na kaya mo na mag GTX 1660S build under budget? 👀",,61,"01/31/2023 22:15",,https://www.facebook.com/pcmerchandise.co/videos/2844072631578318/,0,0,Videos,,,,,01/13/2023,0,,0,0,0,0,0,0,0,0,0,0.000,2.603
987345394593920,100064197037125,"PC Merchandise","Paano kung sabihin ko sayo na kaya mo na mag GTX 1660S build under budget? 👀",,61,"01/31/2023 22:15",,https://www.facebook.com/pcmerchandise.co/videos/2844072631578318/,0,0,Videos,,,,,01/14/2023,0,,0,0,0,0,0,0,0,0,0,0.000,3.091
987345394593920,100064197037125,"PC Merchandise","Paano kung sabihin ko sayo na kaya mo na mag GTX 1660S build under budget? 👀",,61,"01/31/2023 22:15",,https://www.facebook.com/pcmerchandise.co/videos/2844072631578318/,0,0,Videos,,,,,01/15/2023,0,,0,0,0,0,0,0,0,0,0,0.000,3.766
987345394593920,100064197037125,"PC Merchandise","Paano kung sabihin ko sayo na kaya mo na mag GTX 1660S build under budget? 👀",,61,"01/31/2023 22:15",,https://www.facebook.com/pcmerchandise.co/videos/2844072631578318/,0,0,Videos,,,,,01/16/2023,0,,0,0,0,0,0,0,0,0,0,0.000,2.201
987345394593920,100064197037125,"PC Merchandise","Paano kung sabihin ko sayo na kaya mo na mag GTX 1660S build under budget? 👀",,61,"01/31/2023 22:15",,https://www.facebook.com/pcmerchandise.co/videos/2844072631578318/,0,0,Videos,,,,,01/17/2023,0,,0,0,0,0,0,0,0,0,0,0.000,4.000
987345394593920,100064197037125,"PC Merchandise","Paano kung sabihin ko sayo na kaya mo na mag GTX 1660S build under budget? 👀",,61,"01/31/2023 22:15",,https://www.facebook.com/pcmerchandise.co/videos/2844072631578318/,0,0,Videos,,,,,01/18/2023,0,,0,0,0,0,0,0,0,0,0,0.000,3.177
987345394593920,100064197037125,"PC Merchandise","Paano kung sabihin ko sayo na kaya mo na mag GTX 1660S build under budget? 👀",,61,"01/31/2023 22:15",,https://www.facebook.com/pcmerchandise.co/videos/2844072631578318/,0,0,Videos,,,,,01/19/2023,0,,0,0,0,0,0,0,0,0,0,0.000,3.904
987345394593920,100064197037125,"PC Merchandise","Paano kung sabihin ko sayo na kaya mo na mag GTX 1660S build under budget? 👀",,61,"01/31/2023 22:15",,https://www.facebook.com/pcmerchandise.co/videos/2844072631578318/,0,0,Videos,,,,,01/20/2023,0,,0,0,0,0,0,0,0,0,0,0.000,3.498
987345394593920,100064197037125,"PC Merchandise","Paano kung sabihin ko sayo na kaya mo na mag GTX 1660S build under budget? 👀",,61,"01/31/2023 22:15",,https://www.facebook.com/pcmerchandise.co/videos/2844072631578318/,0,0,Videos,,,,,01/21/2023,0,,0,0,0,0,0,0,0,0,0,0.000,3.647
987345394593920,100064197037125,"PC Merchandise","Paano kung sabihin ko sayo na kaya mo na mag GTX 1660S build under budget? 👀",,61,"01/31/2023 22:15",,https://www.facebook.com/pcmerchandise.co/videos/2844072631578318/,0,0,Videos,,,,,01/22/2023,0,,0,0,0,0,0,0,0,0,0,0.000,3.121
987345394593920,100064197037125,"PC Merchandise","Paano kung sabihin ko sayo na kaya mo na mag GTX 1660S build under budget? 👀",,61,"01/31/2023 22:15",,https://www.facebook.com/pcmerchandise.co/videos/2844072631578318/,0,0,Videos,,,,,01/23/2023,0,,0,0,0,0,0,0,0,0,0,0.000,4.368
987345394593920,100064197037125,"PC Merchandise","Paano kung sabihin ko sayo na kaya mo na mag GTX 1660S build under budget? 👀",,61,"01/31/2023 22:15",,https://www.facebook.com/pcmerchandise.co/videos/2844072631578318/,0,0,Videos,,,,,01/24/2023,0,,0,0,0,0,0,0,0,0,0,0.000,3.644
987345394593920,100064197037125,"PC Merchandise","Paano kung sabihin ko sayo na kaya mo na mag GTX 1660S build under budget? 👀",,61,"01/31/2023 22:15",,https://www.facebook.com/pcmerchandise.co/videos/2844072631578318/,0,0,Videos,,,,,01/25/2023,0,,0,0,0,0,0,0,0,0,0,0.000,3.685
987345394593920,100064197037125,"PC Merchandise","Paano kung sabihin ko sayo na kaya mo na mag GTX 1660S build under budget? 👀",,61,"01/31/2023 22:15",,https://www.facebook.com/pcmerchandise.co/videos/2844072631578318/,0,0,Videos,,,,,01/26/2023,0,,0,0,0,0,0,0,0,0,0,0.000,4.682
987345394593920,100064197037125,"PC Merchandise","Paano kung sabihin ko sayo na kaya mo na mag GTX 1660S build under budget? 👀",,61,"01/31/2023 22:15",,https://www.facebook.com/pcmerchandise.co/videos/2844072631578318/,0,0,Videos,,,,,01/27/2023,0,,0,0,0,0,0,0,0,0,0,0.000,2.902
987345394593920,100064197037125,"PC Merchandise","Paano kung sabihin ko sayo na kaya mo na mag GTX 1660S build under budget? 👀",,61,"01/31/2023 22:15",,https://www.facebook.com/pcmerchandise.co/videos/2844072631578318/,0,0,Videos,,,,,01/28/2023,0,,0,0,0,0,0,0,0,0,0,0.000,2.962
987345394593920,100064197037125,"PC Merchandise","Paano kung sabihin ko sayo na kaya mo na mag GTX 1660S build under budget? 👀",,61,"01/31/2023 22:15",,https://www.facebook.com/pcmerchandise.co/videos/2844072631578318/,0,0,Videos,,,,,01/29/2023,0,,0,0,0,0,0,0,0,0,0,0.000,3.073
987345394593920,100064197037125,"PC Merchandise","Paano kung sabihin ko sayo na kaya mo na mag GTX 1660S build under budget? 👀",,61,"01/31/2023 22:15",,https://www.facebook.com/pcmerchandise.co/videos/2844072631578318/,0,0,Videos,,,,,01/30/2023,0,,0,0,0,0,0,0,0,0,0,0.000,2.793
987345394593920,100064197037125,"PC Merchandise","Paano kung sabihin ko sayo na kaya mo na mag GTX 1660S build under budget? 👀",,61,"01/31/2023 22:15",,https://www.facebook.com/pcmerchandise.co/videos/2844072631578318/,0,0,Videos,,,,,01/31/2023,0,,466,39,436,32,59,0,4,3,1,1423.921,2.810
987180117803109,100064197037125,"PC Merchandise","客户 satisfied ✅ RYZEN 5 3400G build with RGB everything 🌈",,31,"01/31/2023 19:15",mixed,https://www.facebook.com/reel/1697397012386575/,0,0,Reels,,,,,01/01/2023,0,,,,,,0,0,0,0,0,0.000,4.241
987180117803109,100064197037125,"PC Merchandise","客户 satisfied ✅ RYZEN 5 3400G build with RGB everything 🌈",,31,"01/31/2023 19:15",mixed,https://www.facebook.com/reel/1697397012386575/,0,0,Reels,,,,,01/02/2023,0,,,,,,0,0,0,0,0,0.000,4.656
987180117803109,100064197037125,"PC Merchandise","客户 satisfied ✅ RYZEN 5 3400G build with RGB everything 🌈",,31,"01/31/2023 19:15",mixed,https://www.facebook.com/reel/1697397012386575/,0,0,Reels,,,,,01/03/2023,0,,,,,,0,0,0,0,0,0.000,4.732
987180117803109,100064197037125,"PC Merchandise","客户 satisfied ✅ RYZEN 5 3400G build with RGB everything 🌈",,31,"01/31/2023 19:15",mixed,https://www.facebook.com/reel/1697397012386575/,0,0,Reels,,,,,01/04/2023,0,,,,,,0,0,0,0,0,0.000,3.038
987180117803109,100064197037125,"PC Merchandise","客户 satisfied ✅ RYZEN 5 3400G build with RGB everything 🌈",,31,"01/31/2023 19:15",mixed,https://www.facebook.com/reel/1697397012386575/,0,0,Reels,,,,,01/05/2023,0,,,,,,0,0,0,0,0,0.000,3.825
987180117803109,100064197037125,"PC Merchandise","客户 satisfied ✅ RYZEN 5 3400G build with RGB everything 🌈",,31,"01/31/2023 19:15",mixed,https://www.facebook.com/reel/1697397012386575/,0,0,Reels,,,,,01/06/2023,0,,,,,,0,0,0,0,0,0.000,2.719
987180117803109,100064197037125,"PC Merchandise","客户 satisfied ✅ RYZEN 5 3400G build with RGB everything 🌈",,31,"01/31/2023 19:15",mixed,https://www.facebook.com/reel/1697397012386575/,0,0,Reels,,,,,01/07/2023,0,,,,,,0,0,0,0,0,0.000,4.374
987180117803109,100064197037125,"PC Merchandise","客户 satisfied ✅ RYZEN 5 3400G build with RGB everything 🌈",,31,"01/31/2023 19:15",mixed,https://www.facebook.com/reel/1697397012386575/,0,0,Reels,,,,,01/08/2023,0,,,,,,0,0,0,0,0,0.000,3.467
987180117803109,100064197037125,"PC Merchandise","客户 satisfied ✅ RYZEN 5 3400G build with RGB everything 🌈",,31,"01/31/2023 19:15",mixed,https://www.facebook.com/reel/1697397012386575/,0,0,Reels,,,,,01/09/2023,0,,,,,,0,0,0,0,0,0.000,5.821
987180117803109,100064197037125,"PC Merchandise","客户 satisfied ✅ RYZEN 5 3400G build with RGB everything 🌈",,31,"01/31/2023 19:15",mixed,https://www.facebook.com/reel/1697397012386575/,0,0,Reels,,,,,01/10/2023,0,,,,,,0,0,0,0,0,0.000,4.178
987180117803109,100064197037125,"PC Merchandise","客户 satisfied ✅ RYZEN 5 3400G build with RGB everything 🌈",,31,"01/31/2023 19:15",mixed,https://www.facebook.com/reel/1697397012386575/,0,0,Reels,,,,,01/11/2023,0,,,,,,0,0,0,0,0,0.000,3.579
987180117803109,100064197037125,"PC Merchandise","客户 satisfied ✅ RYZEN 5 3400G build with RGB everything 🌈",,31,"01/31/2023 19:15",mixed,https://www.facebook.com/reel/1697397012386575/,0,0,Reels,,,,,01/12/2023,0,,,,,,0,0,0,0,0,0.000,3.384
987180117803109,100064197037125,"PC Merchandise","客户 satisfied ✅ RYZEN 5 3400G build with RGB everything 🌈",,31,"01/31/2023 19:15",mixed,https://www.facebook.com/reel/1697397012386575/,0,0,Reels,,,,,01/13/2023,0,,,,,,0,0,0,0,0,0.000,2.818
987180117803109,100064197037125,"PC Merchandise","客户 satisfied ✅ RYZEN 5 3400G build with RGB everything 🌈",,31,"01/31/2023 19:15",mixed,https://www.facebook.com/reel/1697397012386575/,0,0,Reels,,,,,01/14/2023,0,,,,,,0,0,0,0,0,0.000,4.125
987180117803109,100064197037125,"PC Merchandise","客户 satisfied ✅ RYZEN 5 3400G build with RGB everything 🌈",,31,"01/31/2023 19:15",mixed,https://www.facebook.com/reel/1697397012386575/,0,0,Reels,,,,,01/15/2023,0,,,,,,0,0,0,0,0,0.000,4.077
987180117803109,100064197037125,"PC Merchandise","客户 satisfied ✅ RYZEN 5 3400G build with RGB everything 🌈",,31,"01/31/2023 19:15",mixed,https://www.facebook.com/reel/1697397012386575/,0,0,Reels,,,,,01/16/2023,0,,,,,,0,0,0,0,0,0.000,2.532
987180117803109,100064197037125,"PC Merchandise","客户 satisfied ✅ RYZEN 5 3400G build with RGB everything 🌈",,31,"01/31/2023 19:15",mixed,https://www.facebook.com/reel/1697397012386575/,0,0,Reels,,,,,01/17/2023,0,,,,,,0,0,0,0,0,0.000,2.887
987180117803109,100064197037125,"PC Merchandise","客户 satisfied ✅ RYZEN 5 3400G build with RGB everything 🌈",,31,"01/31/2023 19:15",mixed,https://www.facebook.com/reel/1697397012386575/,0,0,Reels,,,,,01/18/2023,0,,,,,,0,0,0,0,0,0.000,4.656
987180117803109,100064197037125,"PC Merchandise","客户 satisfied ✅ RYZEN 5 3400G build with RGB everything 🌈",,31,"01/31/2023 19:15",mixed,https://www.facebook.com/reel/1697397012386575/,0,0,Reels,,,,,01/19/2023,0,,,,,,0,0,0,0,0,0.000,3.314
987180117803109,100064197037125,"PC Merchandise","客户 satisfied ✅ RYZEN 5 3400G build with RGB everything 🌈",,31,"01/31/2023 19:15",mixed,https://www.facebook.com/reel/1697397012386575/,0,0,Reels,,,,,01/20/2023,0,,,,,,0,0,0,0,0,0.000,4.595
987180117803109,100064197037125,"PC Merchandise","客户 satisfied ✅ RYZEN 5 3400G build with RGB everything 🌈",,31,"01/31/2023 19:15",mixed,https://www.facebook.com/reel/1697397012386575/,0,0,Reels,,,,,01/21/2023,0,,,,,,0,0,0,0,0,0.000,3.426
987180117803109,100064197037125,"PC Merchandise","客户 satisfied ✅ RYZEN 5 3400G build with RGB everything 🌈",,31,"01/31/2023 19:15",mixed,https://www.facebook.com/reel/1697397012386575/,0,0,Reels,,,,,01/22/2023,0,,,,,,0,0,0,0,0,0.000,2.009
987180117803109,100064197037125,"PC Merchandise","客户 satisfied ✅ RYZEN 5 3400G build with RGB everything 🌈",,31,"01/31/2023 19:15",mixed,https://www.facebook.com/reel/1697397012386575/,0,0,Reels,,,,,01/23/2023,0,,,,,,0,0,0,0,0,0.000,3.294
987180117803109,100064197037125,"PC Merchandise","客户 satisfied ✅ RYZEN 5 3400G build with RGB everything 🌈",,31,"01/31/2023 19:15",mixed,https://www.facebook.com/reel/1697397012386575/,0,0,Reels,,,,,01/24/2023,0,,,,,,0,0,0,0,0,0.000,2.704
987180117803109,100064197037125,"PC Merchandise","客户 satisfied ✅ RYZEN 5 3400G build with RGB everything 🌈",,31,"01/31/2023 19:15",mixed,https://www.facebook.com/reel/1697397012386575/,0,0,Reels,,,,,01/25/2023,0,,,,,,0,0,0,0,0,0.000,4.571
987180117803109,100064197037125,"PC Merchandise","客户 satisfied ✅ RYZEN 5 3400G build with RGB everything 🌈",,31,"01/31/2023 19:15",mixed,https://www.facebook.com/reel/1697397012386575/,0,0,Reels,,,,,01/26/2023,0,,,,,,0,0,0,0,0,0.000,3.787
987180117803109,100064197037125,"PC Merchandise","客户 satisfied ✅ RYZEN 5 3400G build with RGB everything 🌈",,31,"01/31/2023 19:15",mixed,https://www.facebook.com/reel/1697397012386575/,0,0,Reels,,,,,01/27/2023,0,,,,,,0,0,0,0,0,0.000,4.790
987180117803109,100064197037125,"PC Merchandise","客户 satisfied ✅ RYZEN 5 3400G build with RGB everything 🌈",,31,"01/31/2023 19:15",mixed,https://www.facebook.com/reel/1697397012386575/,0,0,Reels,,,,,01/28/2023,0,,,,,,0,0,0,0,0,0.000,3.513
987180117803109,100064197037125,"PC Merchandise","客户 satisfied ✅ RYZEN 5 3400G build with RGB everything 🌈",,31,"01/31/2023 19:15",mixed,https://www.facebook.com/reel/1697397012386575/,0,0,Reels,,,,,01/29/2023,0,,,,,,0,0,0,0,0,0.000,3.333
987180117803109,100064197037125,"PC Merchandise","客户 satisfied ✅ RYZEN 5 3400G build with RGB everything 🌈",,31,"01/31/2023 19:15",mixed,https://www.facebook.com/reel/1697397012386575/,0,0,Reels,,,,,01/30/2023,0,,,,,,0,0,0,0,0,0.000,3.830
987180117803109,100064197037125,"PC Merchandise","客户 satisfied ✅ RYZEN 5 3400G build with RGB everything 🌈",,31,"01/31/2023 19:15",mixed,https://www.facebook.com/reel/1697397012386575/,0,0,Reels,,,,,01/31/2023,0,,,,,,393,0,0,0,0,4825.686,4.318
987229379878905,100064197037125,"PC Merchandise","BUDGET BUILD ALERT 🚨 i5 10400F + RX 580 — perfect for online class and gaming!",,81,"01/31/2023 17:52",auto,https://www.facebook.com/reel/1329557449104055/,0,0,Reels,,,,,01/01/2023,0,,,,,,0,0,0,0,0,0.000,2.386
987229379878905,100064197037125,"PC Merchandise","BUDGET BUILD ALERT 🚨 i5 10400F + RX 580 — perfect for online class and gaming!",,81,"01/31/2023 17:52",auto,https://www.facebook.com/reel/1329557449104055/,0,0,Reels,,,,,01/02/2023,0,,,,,,0,0,0,0,0,0.000,1.534
987229379878905,100064197037125,"PC Merchandise","BUDGET BUILD ALERT 🚨 i5 10400F + RX 580 — perfect for online class and gaming!",,81,"01/31/2023 17:52",auto,https://www.facebook.com/reel/1329557449104055/,0,0,Reels,,,,,01/03/2023,0,,,,,,0,0,0,0,0,0.000,1.500
987229379878905,100064197037125,"PC Merchandise","BUDGET BUILD ALERT 🚨 i5 10400F + RX 580 — perfect for online class and gaming!",,81,"01/31/2023 17:52",auto,https://www.facebook.com/reel/1329557449104055/,0,0,Reels,,,,,01/04/2023,0,,,,,,0,0,0,0,0,0.000,3.744
987229379878905,100064197037125,"PC Merchandise","BUDGET BUILD ALERT 🚨 i5 10400F + RX 580 — perfect for online class and gaming!",,81,"01/31/2023 17:52",auto,https://www.facebook.com/reel/1329557449104055/,0,0,Reels,,,,,01/05/2023,0,,,,,,0,0,0,0,0,0.000,1.500
987229379878905,100064197037125,"PC Merchandise","BUDGET BUILD ALERT 🚨 i5 10400F + RX 580 — perfect for online class and gaming!",,81,"01/31/2023 17:52",auto,https://www.facebook.com/reel/1329557449104055/,0,0,Reels,,,,,01/06/2023,0,,,,,,0,0,0,0,0,0.000,2.744
987229379878905,100064197037125,"PC Merchandise","BUDGET BUILD ALERT 🚨 i5 10400F + RX 580 — perfect for online class and gaming!",,81,"01/31/2023 17:52",auto,https://www.facebook.com/reel/1329557449104055/,0,0,Reels,,,,,01/07/2023,0,,,,,,0,0,0,0,0,0.000,1.500
987229379878905,100064197037125,"PC Merchandise","BUDGET BUILD ALERT 🚨 i5 10400F + RX 580 — perfect for online class and gaming!",,81,"01/31/2023 17:52",auto,https://www.facebook.com/reel/1329557449104055/,0,0,Reels,,,,,01/08/2023,0,,,,,,0,0,0,0,0,0.000,2.162
987229379878905,100064197037125,"PC Merchandise","BUDGET BUILD ALERT 🚨 i5 10400F + RX 580 — perfect for online class and gaming!",,81,"01/31/2023 17:52",auto,https://www.facebook.com/reel/1329557449104055/,0,0,Reels,,,,,01/09/2023,0,,,,,,0,0,0,0,0,0.000,2.056
987229379878905,100064197037125,"PC Merchandise","BUDGET BUILD ALERT 🚨 i5 10400F + RX 580 — perfect for online class and gaming!",,81,"01/31/2023 17:52",auto,https://www.facebook.com/reel/1329557449104055/,0,0,Reels,,,,,01/10/2023,0,,,,,,0,0,0,0,0,0.000,2.627
987229379878905,100064197037125,"PC Merchandise","BUDGET BUILD ALERT 🚨 i5 10400F + RX 580 — perfect for online class and gaming!",,81,"01/31/2023 17:52",auto,https://www.facebook.com/reel/1329557449104055/,0,0,Reels,,,,,01/11/2023,0,,,,,,0,0,0,0,0,0.000,2.279
987229379878905,100064197037125,"PC Merchandise","BUDGET BUILD ALERT 🚨 i5 10400F + RX 580 — perfect for online class and gaming!",,81,"01/31/2023 17:52",auto,https://www.facebook.com/reel/1329557449104055/,0,0,Reels,,,,,01/12/2023,0,,,,,,0,0,0,0,0,0.000,1.656
987229379878905,100064197037125,"PC Merchandise","BUDGET BUILD ALERT 🚨 i5 10400F + RX 580 — perfect for online class and gaming!",,81,"01/31/2023 17:52",auto,https://www.facebook.com/reel/1329557449104055/,0,0,Reels,,,,,01/13/2023,0,,,,,,0,0,0,0,0,0.000,1.941
987229379878905,100064197037125,"PC Merchandise","BUDGET BUILD ALERT 🚨 i5 10400F + RX 580 — perfect for online class and gaming!",,81,"01/31/2023 17:52",auto,https://www.facebook.com/reel/1329557449104055/,0,0,Reels,,,,,01/14/2023,0,,,,,,0,0,0,0,0,0.000,1.985
987229379878905,100064197037125,"PC Merchandise","BUDGET BUILD ALERT 🚨 i5 10400F + RX 580 — perfect for online class and gaming!",,81,"01/31/2023 17:52",auto,https://www.facebook.com/reel/1329557449104055/,0,0,Reels,,,,,01/15/2023,0,,,,,,0,0,0,0,0,0.000,2.529
987229379878905,100064197037125,"PC Merchandise","BUDGET BUILD ALERT 🚨 i5 10400F + RX 580 — perfect for online class and gaming!",,81,"01/31/2023 17:52",auto,https://www.facebook.com/reel/1329557449104055/,0,0,Reels,,,,,01/16/2023,0,,,,,,0,0,0,0,0,0.000,2.080
987229379878905,100064197037125,"PC Merchandise","BUDGET BUILD ALERT 🚨 i5 10400F + RX 580 — perfect for online class and gaming!",,81,"01/31/2023 17:52",auto,https://www.facebook.com/reel/1329557449104055/,0,0,Reels,,,,,01/17/2023,0,,,,,,0,0,0,0,0,0.000,1.916
987229379878905,100064197037125,"PC Merchandise","BUDGET BUILD ALERT 🚨 i5 10400F + RX 580 — perfect for online class and gaming!",,81,"01/31/2023 17:52",auto,https://www.facebook.com/reel/1329557449104055/,0,0,Reels,,,,,01/18/2023,0,,,,,,0,0,0,0,0,0.000,2.274
987229379878905,100064197037125,"PC Merchandise","BUDGET BUILD ALERT 🚨 i5 10400F + RX 580 — perfect for online class and gaming!",,81,"01/31/2023 17:52",auto,https://www.facebook.com/reel/1329557449104055/,0,0,Reels,,,,,01/19/2023,0,,,,,,0,0,0,0,0,0.000,1.500
987229379878905,100064197037125,"PC Merchandise","BUDGET BUILD ALERT 🚨 i5 10400F + RX 580 — perfect for online class and gaming!",,81,"01/31/2023 17:52",auto,https://www.facebook.com/reel/1329557449104055/,0,0,Reels,,,,,01/20/2023,0,,,,,,0,0,0,0,0,0.000,2.831
987229379878905,100064197037125,"PC Merchandise","BUDGET BUILD ALERT 🚨 i5 10400F + RX 580 — perfect for online class and gaming!",,81,"01/31/2023 17:52",auto,https://www.facebook.com/reel/1329557449104055/,0,0,Reels,,,,,01/21/2023,0,,,,,,0,0,0,0,0,0.000,1.992
987229379878905,100064197037125,"PC Merchandise","BUDGET BUILD ALERT 🚨 i5 10400F + RX 580 — perfect for online class and gaming!",,81,"01/31/2023 17:52",auto,https://www.facebook.com/reel/1329557449104055/,0,0,Reels,,,,,01/22/2023,0,,,,,,0,0,0,0,0,0.000,1.561
987229379878905,100064197037125,"PC Merchandise","BUDGET BUILD ALERT 🚨 i5 10400F + RX 580 — perfect for online class and gaming!",,81,"01/31/2023 17:52",auto,https://www.facebook.com/reel/1329557449104055/,0,0,Reels,,,,,01/23/2023,0,,,,,,0,0,0,0,0,0.000,1.812
987229379878905,100064197037125,"PC Merchandise","BUDGET BUILD ALERT 🚨 i5 10400F + RX 580 — perfect for online class and gaming!",,81,"01/31/2023 17:52",auto,https://www.facebook.com/reel/1329557449104055/,0,0,Reels,,,,,01/24/2023,0,,,,,,0,0,0,0,0,0.000,2.309
987229379878905,100064197037125,"PC Merchandise","BUDGET BUILD ALERT 🚨 i5 10400F + RX 580 — perfect for online class and gaming!",,81,"01/31/2023 17:52",auto,https://www.facebook.com/reel/1329557449104055/,0,0,Reels,,,,,01/25/2023,0,,,,,,0,0,0,0,0,0.000,2.924
987229379878905,100064197037125,"PC Merchandise","BUDGET BUILD ALERT 🚨 i5 10400F + RX 580 — perfect for online class and gaming!",,81,"01/31/2023 17:52",auto,https://www.facebook.com/reel/1329557449104055/,0,0,Reels,,,,,01/26/2023,0,,,,,,0,0,0,0,0,0.000,3.222
987229379878905,100064197037125,"PC Merchandise","BUDGET BUILD ALERT 🚨 i5 10400F + RX 580 — perfect for online class and gaming!",,81,"01/31/2023 17:52",auto,https://www.facebook.com/reel/1329557449104055/,0,0,Reels,,,,,01/27/2023,0,,,,,,0,0,0,0,0,0.000,1.901
987229379878905,100064197037125,"PC Merchandise","BUDGET BUILD ALERT 🚨 i5 10400F + RX 580 — perfect for online class and gaming!",,81,"01/31/2023 17:52",auto,https://www.facebook.com/reel/1329557449104055/,0,0,Reels,,,,,01/28/2023,0,,,,,,0,0,0,0,0,0.000,1.771
987229379878905,100064197037125,"PC Merchandise","BUDGET BUILD ALERT 🚨 i5 10400F + RX 580 — perfect for online class and gaming!",,81,"01/31/2023 17:52",auto,https://www.facebook.com/reel/1329557449104055/,0,0,Reels,,,,,01/29/2023,0,,,,,,0,0,0,0,0,0.000,2.265
987229379878905,100064197037125,"PC Merchandise","BUDGET BUILD ALERT 🚨 i5 10400F + RX 580 — perfect for online class and gaming!",,81,"01/31/2023 17:52",auto,https://www.facebook.com/reel/1329557449104055/,0,0,Reels,,,,,01/30/2023,0,,,,,,0,0,0,0,0,0.000,2.256
987229379878905,100064197037125,"PC Merchandise","BUDGET BUILD ALERT 🚨 i5 10400F + RX 580 — perfect for online class and gaming!",,81,"01/31/2023 17:52",auto,https://www.facebook.com/reel/1329557449104055/,0,0,Reels,,,,,01/31/2023,0,,,,,,0,0,5,4,1,2481.577,1.941
987061374744951,100064197037125,"PC Merchandise","𝐒𝐎𝐋𝐃 𝐢𝟓 𝟏𝟎𝟒𝟎𝟎𝐅 (𝟐𝐏𝐂𝐒) (2PCS)
𝐏𝐄𝐑𝐒𝐎𝐍𝐀𝐋 𝐁𝐔𝐈𝐋𝐃
#PCMERCHANDISE #PCMBUILDS",,80,"01/31/2023 17:15",,https://www.facebook.com/reel/1159473345434761/,0,0,Reels,,,,,01/01/2023,0,,,,,,0,0,0,0,0,0.000,4.900
987061374744951,100064197037125,"PC Merchandise","𝐒𝐎𝐋𝐃 𝐢𝟓 𝟏𝟎𝟒𝟎𝟎𝐅 (𝟐𝐏𝐂𝐒) (2PCS)
𝐏𝐄𝐑𝐒𝐎𝐍𝐀𝐋 𝐁𝐔𝐈𝐋𝐃
#PCMERCHANDISE #PCMBUILDS",,80,"01/31/2023 17:15",,https://www.facebook.com/reel/1159473345434761/,0,0,Reels,,,,,01/02/2023,0,,,,,,0,0,0,0,0,0.000,5.012
987061374744951,100064197037125,"PC Merchandise","𝐒𝐎𝐋𝐃 𝐢𝟓 𝟏𝟎𝟒𝟎𝟎𝐅 (𝟐𝐏𝐂𝐒) (2PCS)
𝐏𝐄𝐑𝐒𝐎𝐍𝐀𝐋 𝐁𝐔𝐈𝐋𝐃
#PCMERCHANDISE #PCMBUILDS",,80,"01/31/2023 17:15",,https://www.facebook.com/reel/1159473345434761/,0,0,Reels,,,,,01/03/2023,0,,,,,,0,0,0,0,0,0.000,4.111
987061374744951,100064197037125,"PC Merchandise","𝐒𝐎𝐋𝐃 𝐢𝟓 𝟏𝟎𝟒𝟎𝟎𝐅 (𝟐𝐏𝐂𝐒) (2PCS)
𝐏𝐄𝐑𝐒𝐎𝐍𝐀𝐋 𝐁𝐔𝐈𝐋𝐃
#PCMERCHANDISE #PCMBUILDS",,80,"01/31/2023 17:15",,https://www.facebook.com/reel/1159473345434761/,0,0,Reels,,,,,01/04/2023,0,,,,,,0,0,0,0,0,0.000,3.590
987061374744951,100064197037125,"PC Merchandise","𝐒𝐎𝐋𝐃 𝐢𝟓 𝟏𝟎𝟒𝟎𝟎𝐅 (𝟐𝐏𝐂𝐒) (2PCS)
𝐏𝐄𝐑𝐒𝐎𝐍𝐀𝐋 𝐁𝐔𝐈𝐋𝐃
#PCMERCHANDISE #PCMBUILDS",,80,"01/31/2023 17:15",,https://www.facebook.com/reel/1159473345434761/,0,0,Reels,,,,,01/05/2023,0,,,,,,0,0,0,0,0,0.000,4.837
987061374744951,100064197037125,"PC Merchandise","𝐒𝐎𝐋𝐃 𝐢𝟓 𝟏𝟎𝟒𝟎𝟎𝐅 (𝟐𝐏𝐂𝐒) (2PCS)
𝐏𝐄𝐑𝐒𝐎𝐍𝐀𝐋 𝐁𝐔𝐈𝐋𝐃
#PCMERCHANDISE #PCMBUILDS",,80,"01/31/2023 17:15",,https://www.facebook.com/reel/1159473345434761/,0,0,Reels,,,,,01/06/2023,0,,,,,,0,0,0,0,0,0.000,3.747
987061374744951,100064197037125,"PC Merchandise","𝐒𝐎𝐋𝐃 𝐢𝟓 𝟏𝟎𝟒𝟎𝟎𝐅 (𝟐𝐏𝐂𝐒) (2PCS)
𝐏𝐄𝐑𝐒𝐎𝐍𝐀𝐋 𝐁𝐔𝐈𝐋𝐃
#PCMERCHANDISE #PCMBUILDS",,80,"01/31/2023 17:15",,https://www.facebook.com/reel/1159473345434761/,0,0,Reels,,,,,01/07/2023,0,,,,,,0,0,0,0,0,0.000,3.180
987061374744951,100064197037125,"PC Merchandise","𝐒𝐎𝐋𝐃 𝐢𝟓 𝟏𝟎𝟒𝟎𝟎𝐅 (𝟐𝐏𝐂𝐒) (2PCS)
𝐏𝐄𝐑𝐒𝐎𝐍𝐀𝐋 𝐁𝐔𝐈𝐋𝐃
#PCMERCHANDISE #PCMBUILDS",,80,"01/31/2023 17:15",,https://www.facebook.com/reel/1159473345434761/,0,0,Reels,,,,,01/08/2023,0,,,,,,0,0,0,0,0,0.000,4.284
987061374744951,100064197037125,"PC Merchandise","𝐒𝐎𝐋𝐃 𝐢𝟓 𝟏𝟎𝟒𝟎𝟎𝐅 (𝟐𝐏𝐂𝐒) (2PCS)
𝐏𝐄𝐑𝐒𝐎𝐍𝐀𝐋 𝐁𝐔𝐈𝐋𝐃
#PCMERCHANDISE #PCMBUILDS",,80,"01/31/2023 17:15",,https://www.facebook.com/reel/1159473345434761/,0,0,Reels,,,,,01/09/2023,0,,,,,,0,0,0,0,0,0.000,4.367
987061374744951,100064197037125,"PC Merchandise","𝐒𝐎𝐋𝐃 𝐢𝟓 𝟏𝟎𝟒𝟎𝟎𝐅 (𝟐𝐏𝐂𝐒) (2PCS)
𝐏𝐄𝐑𝐒𝐎𝐍𝐀𝐋 𝐁𝐔𝐈𝐋𝐃
#PCMERCHANDISE #PCMBUILDS",,80,"01/31/2023 17:15",,https://www.facebook.com/reel/1159473345434761/,0,0,Reels,,,,,01/10/2023,0,,,,,,0,0,0,0,0,0.000,3.208
987061374744951,100064197037125,"PC Merchandise","𝐒𝐎𝐋𝐃 𝐢𝟓 𝟏𝟎𝟒𝟎𝟎𝐅 (𝟐𝐏𝐂𝐒) (2PCS)
𝐏𝐄𝐑𝐒𝐎𝐍𝐀𝐋 𝐁𝐔𝐈𝐋𝐃
#PCMERCHANDISE #PCMBUILDS",,80,"01/31/2023 17:15",,https://www.facebook.com/reel/1159473345434761/,0,0,Reels,,,,,01/11/2023,0,,,,,,0,0,0,0,0,0.000,5.724
987061374744951,100064197037125,"PC Merchandise","𝐒𝐎𝐋𝐃 𝐢𝟓 𝟏𝟎𝟒𝟎𝟎𝐅 (𝟐𝐏𝐂𝐒) (2PCS)
𝐏𝐄𝐑𝐒𝐎𝐍𝐀𝐋 𝐁𝐔𝐈𝐋𝐃
#PCMERCHANDISE #PCMBUILDS",,80,"01/31/2023 17:15",,https://www.facebook.com/reel/1159473345434761/,0,0,Reels,,,,,01/12/2023,0,,,,,,0,0,0,0,0,0.000,4.757
987061374744951,100064197037125,"PC Merchandise","𝐒𝐎𝐋𝐃 𝐢𝟓 𝟏𝟎𝟒𝟎𝟎𝐅 (𝟐𝐏𝐂𝐒) (2PCS)
𝐏𝐄𝐑𝐒𝐎𝐍𝐀𝐋 𝐁𝐔𝐈𝐋𝐃
#PCMERCHANDISE #PCMBUILDS",,80,"01/31/2023 17:15",,https://www.facebook.com/reel/1159473345434761/,0,0,Reels,,,,,01/13/2023,0,,,,,,0,0,0,0,0,0.000,5.150
987061374744951,100064197037125,"PC Merchandise","𝐒𝐎𝐋𝐃 𝐢𝟓 𝟏𝟎𝟒𝟎𝟎𝐅 (𝟐𝐏𝐂𝐒) (2PCS)
𝐏𝐄𝐑𝐒𝐎𝐍𝐀𝐋 𝐁𝐔𝐈𝐋𝐃
#PCMERCHANDISE #PCMBUILDS",,80,"01/31/2023 17:15",,https://www.facebook.com/reel/1159473345434761/,0,0,Reels,,,,,01/14/2023,0,,,,,,0,0,0,0,0,0.000,4.142
987061374744951,100064197037125,"PC Merchandise","𝐒𝐎𝐋𝐃 𝐢𝟓 𝟏𝟎𝟒𝟎𝟎𝐅 (𝟐𝐏𝐂𝐒) (2PCS)
𝐏𝐄𝐑𝐒𝐎𝐍𝐀𝐋 𝐁𝐔𝐈𝐋𝐃
#PCMERCHANDISE #PCMBUILDS",,80,"01/31/2023 17:15",,https://www.facebook.com/reel/1159473345434761/,0,0,Reels,,,,,01/15/2023,0,,,,,,0,0,0,0,0,0.000,3.856
987061374744951,100064197037125,"PC Merchandise","𝐒𝐎𝐋𝐃 𝐢𝟓 𝟏𝟎𝟒𝟎𝟎𝐅 (𝟐𝐏𝐂𝐒) (2PCS)
𝐏𝐄𝐑𝐒𝐎𝐍𝐀𝐋 𝐁𝐔𝐈𝐋𝐃
#PCMERCHANDISE #PCMBUILDS",,80,"01/31/2023 17:15",,https://www.facebook.com/reel/1159473345434761/,0,0,Reels,,,,,01/16/2023,0,,,,,,0,0,0,0,0,0.000,3.876
987061374744951,100064197037125,"PC Merchandise","𝐒𝐎𝐋𝐃 𝐢𝟓 𝟏𝟎𝟒𝟎𝟎𝐅 (𝟐𝐏𝐂𝐒) (2PCS)
𝐏𝐄𝐑𝐒𝐎𝐍𝐀𝐋 𝐁𝐔𝐈𝐋𝐃
#PCMERCHANDISE #PCMBUILDS",,80,"01/31/2023 17:15",,https://www.facebook.com/reel/1159473345434761/,0,0,Reels,,,,,01/17/2023,0,,,,,,0,0,0,0,0,0.000,3.859
987061374744951,100064197037125,"PC Merchandise","𝐒𝐎𝐋𝐃 𝐢𝟓 𝟏𝟎𝟒𝟎𝟎𝐅 (𝟐𝐏𝐂𝐒) (2PCS)
𝐏𝐄𝐑𝐒𝐎𝐍𝐀𝐋 𝐁𝐔𝐈𝐋𝐃
#PCMERCHANDISE #PCMBUILDS",,80,"01/31/2023 17:15",,https://www.facebook.com/reel/1159473345434761/,0,0,Reels,,,,,01/18/2023,0,,,,,,0,0,0,0,0,0.000,3.810
987061374744951,100064197037125,"PC Merchandise","𝐒𝐎𝐋𝐃 𝐢𝟓 𝟏𝟎𝟒𝟎𝟎𝐅 (𝟐𝐏𝐂𝐒) (2PCS)
𝐏𝐄𝐑𝐒𝐎𝐍𝐀𝐋 𝐁𝐔𝐈𝐋𝐃
#PCMERCHANDISE #PCMBUILDS",,80,"01/31/2023 17:15",,https://www.facebook.com/reel/1159473345434761/,0,0,Reels,,,,,01/19/2023,0,,,,,,0,0,0,0,0,0.000,5.334
987061374744951,100064197037125,"PC Merchandise","𝐒𝐎𝐋𝐃 𝐢𝟓 𝟏𝟎𝟒𝟎𝟎𝐅 (𝟐𝐏𝐂𝐒) (2PCS)
𝐏𝐄𝐑𝐒𝐎𝐍𝐀𝐋 𝐁𝐔𝐈𝐋𝐃
#PCMERCHANDISE #PCMBUILDS",,80,"01/31/2023 17:15",,https://www.facebook.com/reel/1159473345434761/,0,0,Reels,,,,,01/20/2023,0,,,,,,0,0,0,0,0,0.000,5.289
987061374744951,100064197037125,"PC Merchandise","𝐒𝐎𝐋𝐃 𝐢𝟓 𝟏𝟎𝟒𝟎𝟎𝐅 (𝟐𝐏𝐂𝐒) (2PCS)
𝐏𝐄𝐑𝐒𝐎𝐍𝐀𝐋 𝐁𝐔𝐈𝐋𝐃
#PCMERCHANDISE #PCMBUILDS",,80,"01/31/2023 17:15",,https://www.facebook.com/reel/1159473345434761/,0,0,Reels,,,,,01/21/2023,0,,,,,,0,0,0,0,0,0.000,3.650
987061374744951,100064197037125,"PC Merchandise","𝐒𝐎𝐋𝐃 𝐢𝟓 𝟏𝟎𝟒𝟎𝟎𝐅 (𝟐𝐏𝐂𝐒) (2PCS)
𝐏𝐄𝐑𝐒𝐎𝐍𝐀𝐋 𝐁𝐔𝐈𝐋𝐃
#PCMERCHANDISE #PCMBUILDS",,80,"01/31/2023 17:15",,https://www.facebook.com/reel/1159473345434761/,0,0,Reels,,,,,01/22/2023,0,,,,,,0,0,0,0,0,0.000,5.343
987061374744951,100064197037125,"PC Merchandise","𝐒𝐎𝐋𝐃 𝐢𝟓 𝟏𝟎𝟒𝟎𝟎𝐅 (𝟐𝐏𝐂𝐒) (2PCS)
𝐏𝐄𝐑𝐒𝐎𝐍𝐀𝐋 𝐁𝐔𝐈𝐋𝐃
#PCMERCHANDISE #PCMBUILDS",,80,"01/31/2023 17:15",,https://www.facebook.com/reel/1159473345434761/,0,0,Reels,,,,,01/23/2023,0,,,,,,0,0,0,0,0,0.000,4.539
987061374744951,100064197037125,"PC Merchandise","𝐒𝐎𝐋𝐃 𝐢𝟓 𝟏𝟎𝟒𝟎𝟎𝐅 (𝟐𝐏𝐂𝐒) (2PCS)
𝐏𝐄𝐑𝐒𝐎𝐍𝐀𝐋 𝐁𝐔𝐈𝐋𝐃
#PCMERCHANDISE #PCMBUILDS",,80,"01/31/2023 17:15",,https://www.facebook.com/reel/1159473345434761/,0,0,Reels,,,,,01/24/2023,0,,,,,,0,0,0,0,0,0.000,5.383
987061374744951,100064197037125,"PC Merchandise","𝐒𝐎𝐋𝐃 𝐢𝟓 𝟏𝟎𝟒𝟎𝟎𝐅 (𝟐𝐏𝐂𝐒) (2PCS)
𝐏𝐄𝐑𝐒𝐎𝐍𝐀𝐋 𝐁𝐔𝐈𝐋𝐃
#PCMERCHANDISE #PCMBUILDS",,80,"01/31/2023 17:15",,https://www.facebook.com/reel/1159473345434761/,0,0,Reels,,,,,01/25/2023,0,,,,,,0,0,0,0,0,0.000,4.707
987061374744951,100064197037125,"PC Merchandise","𝐒𝐎𝐋𝐃 𝐢𝟓 𝟏𝟎𝟒𝟎𝟎𝐅 (𝟐𝐏𝐂𝐒) (2PCS)
𝐏𝐄𝐑𝐒𝐎𝐍𝐀𝐋 𝐁𝐔𝐈𝐋𝐃
#PCMERCHANDISE #PCMBUILDS",,80,"01/31/2023 17:15",,https://www.facebook.com/reel/1159473345434761/,0,0,Reels,,,,,01/26/2023,0,,,,,,0,0,0,0,0,0.000,5.815
987061374744951,100064197037125,"PC Merchandise","𝐒𝐎𝐋𝐃 𝐢𝟓 𝟏𝟎𝟒𝟎𝟎𝐅 (𝟐𝐏𝐂𝐒) (2PCS)
𝐏𝐄𝐑𝐒𝐎𝐍𝐀𝐋 𝐁𝐔𝐈𝐋𝐃
#PCMERCHANDISE #PCMBUILDS",,80,"01/31/2023 17:15",,https://www.facebook.com/reel/1159473345434761/,0,0,Reels,,,,,01/27/2023,0,,,,,,0,0,0,0,0,0.000,2.793
987061374744951,100064197037125,"PC Merchandise","𝐒𝐎𝐋𝐃 𝐢𝟓 𝟏𝟎𝟒𝟎𝟎𝐅 (𝟐𝐏𝐂𝐒) (2PCS)
𝐏𝐄𝐑𝐒𝐎𝐍𝐀𝐋 𝐁𝐔𝐈𝐋𝐃
#PCMERCHANDISE #PCMBUILDS",,80,"01/31/2023 17:15",,https://www.facebook.com/reel/1159473345434761/,0,0,Reels,,,,,01/28/2023,0,,,,,,0,0,0,0,0,0.000,4.149
987061374744951,100064197037125,"PC Merchandise","𝐒𝐎𝐋𝐃 𝐢𝟓 𝟏𝟎𝟒𝟎𝟎𝐅 (𝟐𝐏𝐂𝐒) (2PCS)
𝐏𝐄𝐑𝐒𝐎𝐍𝐀𝐋 𝐁𝐔𝐈𝐋𝐃
#PCMERCHANDISE #PCMBUILDS",,80,"01/31/2023 17:15",,https://www.facebook.com/reel/1159473345434761/,0,0,Reels,,,,,01/29/2023,0,,,,,,0,0,0,0,0,0.000,4.501
987061374744951,100064197037125,"PC Merchandise","𝐒𝐎𝐋𝐃 𝐢𝟓 𝟏𝟎𝟒𝟎𝟎𝐅 (𝟐𝐏𝐂𝐒) (2PCS)
𝐏𝐄𝐑𝐒𝐎𝐍𝐀𝐋 𝐁𝐔𝐈𝐋𝐃
#PCMERCHANDISE #PCMBUILDS",,80,"01/31/2023 17:15",,https://www.facebook.com/reel/1159473345434761/,0,0,Reels,,,,,01/30/2023,0,,,,,,0,0,0,0,0,0.000,5.060
987061374744951,100064197037125,"PC Merchandise","𝐒𝐎𝐋𝐃 𝐢𝟓 𝟏𝟎𝟒𝟎𝟎𝐅 (𝟐𝐏𝐂𝐒) (2PCS)
𝐏𝐄𝐑𝐒𝐎𝐍𝐀𝐋 𝐁𝐔𝐈𝐋𝐃
#PCMERCHANDISE #PCMBUILDS",,80,"01/31/2023 17:15",,https://www.facebook.com/reel/1159473345434761/,0,0,Reels,,,,,01/31/2023,0,,,,,,1089,0,2,2,0,7279.082,4.811
987688288070210,100064197037125,"PC Merchandise","Paano kung sabihin ko sayo na kaya mo na mag GTX 1050TI build under budget? 👀",,87,"01/30/2023 02:00",,https://www.facebook.com/reel/1373151726360037/,0,0,Reels,,,,,01/01/2023,0,,,,,,0,0,0,0,0,0.000,4.368
987688288070210,100064197037125,"PC Merchandise","Paano kung sabihin ko sayo na kaya mo na mag GTX 1050TI build under budget? 👀",,87,"01/30/2023 02:00",,https://www.facebook.com/reel/1373151726360037/,0,0,Reels,,,,,01/02/2023,0,,,,,,0,0,0,0,0,0.000,6.361
987688288070210,100064197037125,"PC Merchandise","Paano kung sabihin ko sayo na kaya mo na mag GTX 1050TI build under budget? 👀",,87,"01/30/2023 02:00",,https://www.facebook.com/reel/1373151726360037/,0,0,Reels,,,,,01/03/2023,0,,,,,,0,0,0,0,0,0.000,4.232
987688288070210,100064197037125,"PC Merchandise","Paano kung sabihin ko sayo na kaya mo na mag GTX 1050TI build under budget? 👀",,87,"01/30/2023 02:00",,https://www.facebook.com/reel/1373151726360037/,0,0,Reels,,,,,01/04/2023,0,,,,,,0,0,0,0,0,0.000,5.758
987688288070210,100064197037125,"PC Merchandise","Paano kung sabihin ko sayo na kaya mo na mag GTX 1050TI build under budget? 👀",,87,"01/30/2023 02:00",,https://www.facebook.com/reel/1373151726360037/,0,0,Reels,,,,,01/05/2023,0,,,,,,0,0,0,0,0,0.000,5.623
987688288070210,100064197037125,"PC Merchandise","Paano kung sabihin ko sayo na kaya mo na mag GTX 1050TI build under budget? 👀",,87,"01/30/2023 02:00",,https://www.facebook.com/reel/1373151726360037/,0,0,Reels,,,,,01/06/2023,0,,,,,,0,0,0,0,0,0.000,5.711
987688288070210,100064197037125,"PC Merchandise","Paano kung sabihin ko sayo na kaya mo na mag GTX 1050TI build under budget? 👀",,87,"01/30/2023 02:00",,https://www.facebook.com/reel/1373151726360037/,0,0,Reels,,,,,01/07/2023,0,,,,,,0,0,0,0,0,0.000,6.765
987688288070210,100064197037125,"PC Merchandise","Paano kung sabihin ko sayo na kaya mo na mag GTX 1050TI build under budget? 👀",,87,"01/30/2023 02:00",,https://www.facebook.com/reel/1373151726360037/,0,0,Reels,,,,,01/08/2023,0,,,,,,0,0,0,0,0,0.000,7.511
987688288070210,100064197037125,"PC Merchandise","Paano kung sabihin ko sayo na kaya mo na mag GTX 1050TI build under budget? 👀",,87,"01/30/2023 02:00",,https://www.facebook.com/reel/1373151726360037/,0,0,Reels,,,,,01/09/2023,0,,,,,,0,0,0,0,0,0.000,7.181
987688288070210,100064197037125,"PC Merchandise","Paano kung sabihin ko sayo na kaya mo na mag GTX 1050TI build under budget? 👀",,87,"01/30/2023 02:00",,https://www.facebook.com/reel/1373151726360037/,0,0,Reels,,,,,01/10/2023,0,,,,,,0,0,0,0,0,0.000,5.275
987688288070210,100064197037125,"PC Merchandise","Paano kung sabihin ko sayo na kaya mo na mag GTX 1050TI build under budget? 👀",,87,"01/30/2023 02:00",,https://www.facebook.com/reel/1373151726360037/,0,0,Reels,,,,,01/11/2023,0,,,,,,0,0,0,0,0,0.000,5.296
987688288070210,100064197037125,"PC Merchandise","Paano kung sabihin ko sayo na kaya mo na mag GTX 1050TI build under budget? 👀",,87,"01/30/2023 02:00",,https://www.facebook.com/reel/1373151726360037/,0,0,Reels,,,,,01/12/2023,0,,,,,,0,0,0,0,0,0.000,4.678
987688288070210,100064197037125,"PC Merchandise","Paano kung sabihin ko sayo na kaya mo na mag GTX 1050TI build under budget? 👀",,87,"01/30/2023 02:00",,https://www.facebook.com/reel/1373151726360037/,0,0,Reels,,,,,01/13/2023,0,,,,,,0,0,0,0,0,0.000,5.333
987688288070210,100064197037125,"PC Merchandise","Paano kung sabihin ko sayo na kaya mo na mag GTX 1050TI build under budget? 👀",,87,"01/30/2023 02:00",,https://www.facebook.com/reel/1373151726360037/,0,0,Reels,,,,,01/14/2023,0,,,,,,0,0,0,0,0,0.000,5.607
987688288070210,100064197037125,"PC Merchandise","Paano kung sabihin ko sayo na kaya mo na mag GTX 1050TI build under budget? 👀",,87,"01/30/2023 02:00",,https://www.facebook.com/reel/1373151726360037/,0,0,Reels,,,,,01/15/2023,0,,,,,,0,0,0,0,0,0.000,5.337
987688288070210,100064197037125,"PC Merchandise","Paano kung sabihin ko sayo na kaya mo na mag GTX 1050TI build under budget? 👀",,87,"01/30/2023 02:00",,https://www.facebook.com/reel/1373151726360037/,0,0,Reels,,,,,01/16/2023,0,,,,,,0,0,0,0,0,0.000,6.032
987688288070210,100064197037125,"PC Merchandise","Paano kung sabihin ko sayo na kaya mo na mag GTX 1050TI build under budget? 👀",,87,"01/30/2023 02:00",,https://www.facebook.com/reel/1373151726360037/,0,0,Reels,,,,,01/17/2023,0,,,,,,0,0,0,0,0,0.000,5.325
987688288070210,100064197037125,"PC Merchandise","Paano kung sabihin ko sayo na kaya mo na mag GTX 1050TI build under budget? 👀",,87,"01/30/2023 02:00",,https://www.facebook.com/reel/1373151726360037/,0,0,Reels,,,,,01/18/2023,0,,,,,,0,0,0,0,0,0.000,5.440
987688288070210,100064197037125,"PC Merchandise","Paano kung sabihin ko sayo na kaya mo na mag GTX 1050TI build under budget? 👀",,87,"01/30/2023 02:00",,https://www.facebook.com/reel/1373151726360037/,0,0,Reels,,,,,01/19/2023,0,,,,,,0,0,0,0,0,0.000,5.038
987688288070210,100064197037125,"PC Merchandise","Paano kung sabihin ko sayo na kaya mo na mag GTX 1050TI build under budget? 👀",,87,"01/30/2023 02:00",,https://www.facebook.com/reel/1373151726360037/,0,0,Reels,,,,,01/20/2023,0,,,,,,0,0,0,0,0,0.000,5.768
987688288070210,100064197037125,"PC Merchandise","Paano kung sabihin ko sayo na kaya mo na mag GTX 1050TI build under budget? 👀",,87,"01/30/2023 02:00",,https://www.facebook.com/reel/1373151726360037/,0,0,Reels,,,,,01/21/2023,0,,,,,,0,0,0,0,0,0.000,6.198
987688288070210,100064197037125,"PC Merchandise","Paano kung sabihin ko sayo na kaya mo na mag GTX 1050TI build under budget? 👀",,87,"01/30/2023 02:00",,https://www.facebook.com/reel/1373151726360037/,0,0,Reels,,,,,01/22/2023,0,,,,,,0,0,0,0,0,0.000,5.809
987688288070210,100064197037125,"PC Merchandise","Paano kung sabihin ko sayo na kaya mo na mag GTX 1050TI build under budget? 👀",,87,"01/30/2023 02:00",,https://www.facebook.com/reel/1373151726360037/,0,0,Reels,,,,,01/23/2023,0,,,,,,0,0,0,0,0,0.000,6.846
987688288070210,100064197037125,"PC Merchandise","Paano kung sabihin ko sayo na kaya mo na mag GTX 1050TI build under budget? 👀",,87,"01/30/2023 02:00",,https://www.facebook.com/reel/1373151726360037/,0,0,Reels,,,,,01/24/2023,0,,,,,,0,0,0,0,0,0.000,4.996
987688288070210,100064197037125,"PC Merchandise","Paano kung sabihin ko sayo na kaya mo na mag GTX 1050TI build under budget? 👀",,87,"01/30/2023 02:00",,https://www.facebook.com/reel/1373151726360037/,0,0,Reels,,,,,01/25/2023,0,,,,,,0,0,0,0,0,0.000,4.668
987688288070210,100064197037125,"PC Merchandise","Paano kung sabihin ko sayo na kaya mo na mag GTX 1050TI build under budget? 👀",,87,"01/30/2023 02:00",,https://www.facebook.com/reel/1373151726360037/,0,0,Reels,,,,,01/26/2023,0,,,,,,0,0,0,0,0,0.000,6.376
987688288070210,100064197037125,"PC Merchandise","Paano kung sabihin ko sayo na kaya mo na mag GTX 1050TI build under budget? 👀",,87,"01/30/2023 02:00",,https://www.facebook.com/reel/1373151726360037/,0,0,Reels,,,,,01/27/2023,0,,,,,,0,0,0,0,0,0.000,5.832
987688288070210,100064197037125,"PC Merchandise","Paano kung sabihin ko sayo na kaya mo na mag GTX 1050TI build under budget? 👀",,87,"01/30/2023 02:00",,https://www.facebook.com/reel/1373151726360037/,0,0,Reels,,,,,01/28/2023,0,,,,,,0,0,0,0,0,0.000,6.049
987688288070210,100064197037125,"PC Merchandise","Paano kung sabihin ko sayo na kaya mo na mag GTX 1050TI build under budget? 👀",,87,"01/30/2023 02:00",,https://www.facebook.com/reel/1373151726360037/,0,0,Reels,,,,,01/29/2023,0,,,,,,0,0,0,0,0,0.000,5.318
987688288070210,100064197037125,"PC Merchandise","Paano kung sabihin ko sayo na kaya mo na mag GTX 1050TI build under budget? 👀",,87,"01/30/2023 02:00",,https://www.facebook.com/reel/1373151726360037/,0,0,Reels,,,,,01/30/2023,0,,,,,,196,0,1,1,0,2154.624,6.103
987688288070210,100064197037125,"PC Merchandise","Paano kung sabihin ko sayo na kaya mo na mag GTX 1050TI build under budget? 👀",,87,"01/30/2023 02:00",,https://www.facebook.com/reel/1373151726360037/,0,0,Reels,,,,,01/31/2023,0,,,,,,236,0,1,1,0,1222.631,6.201
987114553398864,100064197037125,"PC Merchandise","𝐒𝐎𝐋𝐃 𝐑𝐘𝐙𝐄𝐍 𝟓 𝟐𝟔𝟎𝟎 𝟐+𝟏 (2PCS)
𝐂𝐎𝐌𝐒𝐇𝐎𝐏 𝐏𝐀𝐂𝐊𝐀𝐆𝐄
#PCMERCHANDISE #PCMBUILDS",,64,"01/29/2023 19:30",uploaded,https://www.facebook.com/reel/1503536631577613/,0,0,Reels,,,,,01/01/2023,0,,,,,,0,0,0,0,0,0.000,3.374
987114553398864,100064197037125,"PC Merchandise","𝐒𝐎𝐋𝐃 𝐑𝐘𝐙𝐄𝐍 𝟓 𝟐𝟔𝟎𝟎 𝟐+𝟏 (2PCS)
𝐂𝐎𝐌𝐒𝐇𝐎𝐏 𝐏𝐀𝐂𝐊𝐀𝐆𝐄
#PCMERCHANDISE #PCMBUILDS",,64,"01/29/2023 19:30",uploaded,https://www.facebook.com/reel/1503536631577613/,0,0,Reels,,,,,01/02/2023,0,,,,,,0,0,0,0,0,0.000,3.695
987114553398864,100064197037125,"PC Merchandise","𝐒𝐎𝐋𝐃 𝐑𝐘𝐙𝐄𝐍 𝟓 𝟐𝟔𝟎𝟎 𝟐+𝟏 (2PCS)
𝐂𝐎𝐌𝐒𝐇𝐎𝐏 𝐏𝐀𝐂𝐊𝐀𝐆𝐄
#PCMERCHANDISE #PCMBUILDS",,64,"01/29/2023 19:30",uploaded,https://www.facebook.com/reel/1503536631577613/,0,0,Reels,,,,,01/03/2023,0,,,,,,0,0,0,0,0,0.000,4.427
987114553398864,100064197037125,"PC Merchandise","𝐒𝐎𝐋𝐃 𝐑𝐘𝐙𝐄𝐍 𝟓 𝟐𝟔𝟎𝟎 𝟐+𝟏 (2PCS)
𝐂𝐎𝐌𝐒𝐇𝐎𝐏 𝐏𝐀𝐂𝐊𝐀𝐆𝐄
#PCMERCHANDISE #PCMBUILDS",,64,"01/29/2023 19:30",uploaded,https://www.facebook.com/reel/1503536631577613/,0,0,Reels,,,,,01/04/2023,0,,,,,,0,0,0,0,0,0.000,3.312
987114553398864,100064197037125,"PC Merchandise","𝐒𝐎𝐋𝐃 𝐑𝐘𝐙𝐄𝐍 𝟓 𝟐𝟔𝟎𝟎 𝟐+𝟏 (2PCS)
𝐂𝐎𝐌𝐒𝐇𝐎𝐏 𝐏𝐀𝐂𝐊𝐀𝐆𝐄
#PCMERCHANDISE #PCMBUILDS",,64,"01/29/2023 19:30",uploaded,https://www.facebook.com/reel/1503536631577613/,0,0,Reels,,,,,01/05/2023,0,,,,,,0,0,0,0,0,0.000,3.558
987114553398864,100064197037125,"PC Merchandise","𝐒𝐎𝐋𝐃 𝐑𝐘𝐙𝐄𝐍 𝟓 𝟐𝟔𝟎𝟎 𝟐+𝟏 (2PCS)
𝐂𝐎𝐌𝐒𝐇𝐎𝐏 𝐏𝐀𝐂𝐊𝐀𝐆𝐄
#PCMERCHANDISE #PCMBUILDS",,64,"01/29/2023 19:30",uploaded,https://www.facebook.com/reel/1503536631577613/,0,0,Reels,,,,,01/06/2023,0,,,,,,0,0,0,0,0,0.000,4.350
987114553398864,100064197037125,"PC Merchandise","𝐒𝐎𝐋𝐃 𝐑𝐘𝐙𝐄𝐍 𝟓 𝟐𝟔𝟎𝟎 𝟐+𝟏 (2PCS)
𝐂𝐎𝐌𝐒𝐇𝐎𝐏 𝐏𝐀𝐂𝐊𝐀𝐆𝐄
#PCMERCHANDISE #PCMBUILDS",,64,"01/29/2023 19:30",uploaded,https://www.facebook.com/reel/1503536631577613/,0,0,Reels,,,,,01/07/2023,0,,,,,,0,0,0,0,0,0.000,3.387
987114553398864,100064197037125,"PC Merchandise","𝐒𝐎𝐋𝐃 𝐑𝐘𝐙𝐄𝐍 𝟓 𝟐𝟔𝟎𝟎 𝟐+𝟏 (2PCS)
𝐂𝐎𝐌𝐒𝐇𝐎𝐏 𝐏𝐀𝐂𝐊𝐀𝐆𝐄
#PCMERCHANDISE #PCMBUILDS",,64,"01/29/2023 19:30",uploaded,https://www.facebook.com/reel/1503536631577613/,0,0,Reels,,,,,01/08/2023,0,,,,,,0,0,0,0,0,0.000,2.910
987114553398864,100064197037125,"PC Merchandise","𝐒𝐎𝐋𝐃 𝐑𝐘𝐙𝐄𝐍 𝟓 𝟐𝟔𝟎𝟎 𝟐+𝟏 (2PCS)
𝐂𝐎𝐌𝐒𝐇𝐎𝐏 𝐏𝐀𝐂𝐊𝐀𝐆𝐄
#PCMERCHANDISE #PCMBUILDS",,64,"01/29/2023 19:30",uploaded,https://www.facebook.com/reel/1503536631577613/,0,0,Reels,,,,,01/09/2023,0,,,,,,0,0,0,0,0,0.000,2.668
987114553398864,100064197037125,"PC Merchandise","𝐒𝐎𝐋𝐃 𝐑𝐘𝐙𝐄𝐍 𝟓 𝟐𝟔𝟎𝟎 𝟐+𝟏 (2PCS)
𝐂𝐎𝐌𝐒𝐇𝐎𝐏 𝐏𝐀𝐂𝐊𝐀𝐆𝐄
#PCMERCHANDISE #PCMBUILDS",,64,"01/29/2023 19:30",uploaded,https://www.facebook.com/reel/1503536631577613/,0,0,Reels,,,,,01/10/2023,0,,,,,,0,0,0,0,0,0.000,2.719
987114553398864,100064197037125,"PC Merchandise","𝐒𝐎𝐋𝐃 𝐑𝐘𝐙𝐄𝐍 𝟓 𝟐𝟔𝟎𝟎 𝟐+𝟏 (2PCS)
𝐂𝐎𝐌𝐒𝐇𝐎𝐏 𝐏𝐀𝐂𝐊𝐀𝐆𝐄
#PCMERCHANDISE #PCMBUILDS",,64,"01/29/2023 19:30",uploaded,https://www.facebook.com/reel/1503536631577613/,0,0,Reels,,,,,01/11/2023,0,,,,,,0,0,0,0,0,0.000,3.738
987114553398864,100064197037125,"PC Merchandise","𝐒𝐎𝐋𝐃 𝐑𝐘𝐙𝐄𝐍 𝟓 𝟐𝟔𝟎𝟎 𝟐+𝟏 (2PCS)
𝐂𝐎𝐌𝐒𝐇𝐎𝐏 𝐏𝐀𝐂𝐊𝐀𝐆𝐄
#PCMERCHANDISE #PCMBUILDS",,64,"01/29/2023 19:30",uploaded,https://www.facebook.com/reel/1503536631577613/,0,0,Reels,,,,,01/12/2023,0,,,,,,0,0,0,0,0,0.000,3.584
987114553398864,100064197037125,"PC Merchandise","𝐒𝐎𝐋𝐃 𝐑𝐘𝐙𝐄𝐍 𝟓 𝟐𝟔𝟎𝟎 𝟐+𝟏 (2PCS)
𝐂𝐎𝐌𝐒𝐇𝐎𝐏 𝐏𝐀𝐂𝐊𝐀𝐆𝐄
#PCMERCHANDISE #PCMBUILDS",,64,"01/29/2023 19:30",uploaded,https://www.facebook.com/reel/1503536631577613/,0,0,Reels,,,,,01/13/2023,0,,,,,,0,0,0,0,0,0.000,3.568
987114553398864,100064197037125,"PC Merchandise","𝐒𝐎𝐋𝐃 𝐑𝐘𝐙𝐄𝐍 𝟓 𝟐𝟔𝟎𝟎 𝟐+𝟏 (2PCS)
𝐂𝐎𝐌𝐒𝐇𝐎𝐏 𝐏𝐀𝐂𝐊𝐀𝐆𝐄
#PCMERCHANDISE #PCMBUILDS",,64,"01/29/2023 19:30",uploaded,https://www.facebook.com/reel/1503536631577613/,0,0,Reels,,,,,01/14/2023,0,,,,,,0,0,0,0,0,0.000,4.214
987114553398864,100064197037125,"PC Merchandise","𝐒𝐎𝐋𝐃 𝐑𝐘𝐙𝐄𝐍 𝟓 𝟐𝟔𝟎𝟎 𝟐+𝟏 (2PCS)
𝐂𝐎𝐌𝐒𝐇𝐎𝐏 𝐏𝐀𝐂𝐊𝐀𝐆𝐄
#PCMERCHANDISE #PCMBUILDS",,64,"01/29/2023 19:30",uploaded,https://www.facebook.com/reel/1503536631577613/,0,0,Reels,,,,,01/15/2023,0,,,,,,0,0,0,0,0,0.000,3.564
987114553398864,100064197037125,"PC Merchandise","𝐒𝐎𝐋𝐃 𝐑𝐘𝐙𝐄𝐍 𝟓 𝟐𝟔𝟎𝟎 𝟐+𝟏 (2PCS)
𝐂𝐎𝐌𝐒𝐇𝐎𝐏 𝐏𝐀𝐂𝐊𝐀𝐆𝐄
#PCMERCHANDISE #PCMBUILDS",,64,"01/29/2023 19:30",uploaded,https://www.facebook.com/reel/1503536631577613/,0,0,Reels,,,,,01/16/2023,0,,,,,,0,0,0,0,0,0.000,2.617
987114553398864,100064197037125,"PC Merchandise","𝐒𝐎𝐋𝐃 𝐑𝐘𝐙𝐄𝐍 𝟓 𝟐𝟔𝟎𝟎 𝟐+𝟏 (2PCS)
𝐂𝐎𝐌𝐒𝐇𝐎𝐏 𝐏𝐀𝐂𝐊𝐀𝐆𝐄
#PCMERCHANDISE #PCMBUILDS",,64,"01/29/2023 19:30",uploaded,https://www.facebook.com/reel/1503536631577613/,0,0,Reels,,,,,01/17/2023,0,,,,,,0,0,0,0,0,0.000,3.598
987114553398864,100064197037125,"PC Merchandise","𝐒𝐎𝐋𝐃 𝐑𝐘𝐙𝐄𝐍 𝟓 𝟐𝟔𝟎𝟎 𝟐+𝟏 (2PCS)
𝐂𝐎𝐌𝐒𝐇𝐎𝐏 𝐏𝐀𝐂𝐊𝐀𝐆𝐄
#PCMERCHANDISE #PCMBUILDS",,64,"01/29/2023 19:30",uploaded,https://www.facebook.com/reel/1503536631577613/,0,0,Reels,,,,,01/18/2023,0,,,,,,0,0,0,0,0,0.000,4.542
987114553398864,100064197037125,"PC Merchandise","𝐒𝐎𝐋𝐃 𝐑𝐘𝐙𝐄𝐍 𝟓 𝟐𝟔𝟎𝟎 𝟐+𝟏 (2PCS)
𝐂𝐎𝐌𝐒𝐇𝐎𝐏 𝐏𝐀𝐂𝐊𝐀𝐆𝐄
#PCMERCHANDISE #PCMBUILDS",,64,"01/29/2023 19:30",uploaded,https://www.facebook.com/reel/1503536631577613/,0,0,Reels,,,,,01/19/2023,0,,,,,,0,0,0,0,0,0.000,2.857
987114553398864,100064197037125,"PC Merchandise","𝐒𝐎𝐋𝐃 𝐑𝐘𝐙𝐄𝐍 𝟓 𝟐𝟔𝟎𝟎 𝟐+𝟏 (2PCS)
𝐂𝐎𝐌𝐒𝐇𝐎𝐏 𝐏𝐀𝐂𝐊𝐀𝐆𝐄
#PCMERCHANDISE #PCMBUILDS",,64,"01/29/2023 19:30",uploaded,https://www.facebook.com/reel/1503536631577613/,0,0,Reels,,,,,01/20/2023,0,,,,,,0,0,0,0,0,0.000,2.522
987114553398864,100064197037125,"PC Merchandise","𝐒𝐎𝐋𝐃 𝐑𝐘𝐙𝐄𝐍 𝟓 𝟐𝟔𝟎𝟎 𝟐+𝟏 (2PCS)
𝐂𝐎𝐌𝐒𝐇𝐎𝐏 𝐏𝐀𝐂𝐊𝐀𝐆𝐄
#PCMERCHANDISE #PCMBUILDS",,64,"01/29/2023 19:30",uploaded,https://www.facebook.com/reel/1503536631577613/,0,0,Reels,,,,,01/21/2023,0,,,,,,0,0,0,0,0,0.000,3.043
987114553398864,100064197037125,"PC Merchandise","𝐒𝐎𝐋𝐃 𝐑𝐘𝐙𝐄𝐍 𝟓 𝟐𝟔𝟎𝟎 𝟐+𝟏 (2PCS)
𝐂𝐎𝐌𝐒𝐇𝐎𝐏 𝐏𝐀𝐂𝐊𝐀𝐆𝐄
#PCMERCHANDISE #PCMBUILDS",,64,"01/29/2023 19:30",uploaded,https://www.facebook.com/reel/1503536631577613/,0,0,Reels,,,,,01/22/2023,0,,,,,,0,0,0,0,0,0.000,3.427
987114553398864,100064197037125,"PC Merchandise","𝐒𝐎𝐋𝐃 𝐑𝐘𝐙𝐄𝐍 𝟓 𝟐𝟔𝟎𝟎 𝟐+𝟏 (2PCS)
𝐂𝐎𝐌𝐒𝐇𝐎𝐏 𝐏𝐀𝐂𝐊𝐀𝐆𝐄
#PCMERCHANDISE #PCMBUILDS",,64,"01/29/2023 19:30",uploaded,https://www.facebook.com/reel/1503536631577613/,0,0,Reels,,,,,01/23/2023,0,,,,,,0,0,0,0,0,0.000,4.054
987114553398864,100064197037125,"PC Merchandise","𝐒𝐎𝐋𝐃 𝐑𝐘𝐙𝐄𝐍 𝟓 𝟐𝟔𝟎𝟎 𝟐+𝟏 (2PCS)
𝐂𝐎𝐌𝐒𝐇𝐎𝐏 𝐏𝐀𝐂𝐊𝐀𝐆𝐄
#PCMERCHANDISE #PCMBUILDS",,64,"01/29/2023 19:30",uploaded,https://www.facebook.com/reel/1503536631577613/,0,0,Reels,,,,,01/24/2023,0,,,,,,0,0,0,0,0,0.000,3.856
987114553398864,100064197037125,"PC Merchandise","𝐒𝐎𝐋𝐃 𝐑𝐘𝐙𝐄𝐍 𝟓 𝟐𝟔𝟎𝟎 𝟐+𝟏 (2PCS)
𝐂𝐎𝐌𝐒𝐇𝐎𝐏 𝐏𝐀𝐂𝐊𝐀𝐆𝐄
#PCMERCHANDISE #PCMBUILDS",,64,"01/29/2023 19:30",uploaded,https://www.facebook.com/reel/1503536631577613/,0,0,Reels,,,,,01/25/2023,0,,,,,,0,0,0,0,0,0.000,4.571
987114553398864,100064197037125,"PC Merchandise","𝐒𝐎𝐋𝐃 𝐑𝐘𝐙𝐄𝐍 𝟓 𝟐𝟔𝟎𝟎 𝟐+𝟏 (2PCS)
𝐂𝐎𝐌𝐒𝐇𝐎𝐏 𝐏𝐀𝐂𝐊𝐀𝐆𝐄
#PCMERCHANDISE #PCMBUILDS",,64,"01/29/2023 19:30",uploaded,https://www.facebook.com/reel/1503536631577613/,0,0,Reels,,,,,01/26/2023,0,,,,,,0,0,0,0,0,0.000,2.787
987114553398864,100064197037125,"PC Merchandise","𝐒𝐎𝐋𝐃 𝐑𝐘𝐙𝐄𝐍 𝟓 𝟐𝟔𝟎𝟎 𝟐+𝟏 (2PCS)
𝐂𝐎𝐌𝐒𝐇𝐎𝐏 𝐏𝐀𝐂𝐊𝐀𝐆𝐄
#PCMERCHANDISE #PCMBUILDS",,64,"01/29/2023 19:30",uploaded,https://www.facebook.com/reel/1503536631577613/,0,0,Reels,,,,,01/27/2023,0,,,,,,0,0,0,0,0,0.000,4.103
987114553398864,100064197037125,"PC Merchandise","𝐒𝐎𝐋𝐃 𝐑𝐘𝐙𝐄𝐍 𝟓 𝟐𝟔𝟎𝟎 𝟐+𝟏 (2PCS)
𝐂𝐎𝐌𝐒𝐇𝐎𝐏 𝐏𝐀𝐂𝐊𝐀𝐆𝐄
#PCMERCHANDISE #PCMBUILDS",,64,"01/29/2023 19:30",uploaded,https://www.facebook.com/reel/1503536631577613/,0,0,Reels,,,,,01/28/2023,0,,,,,,0,0,0,0,0,0.000,2.850
987114553398864,100064197037125,"PC Merchandise","𝐒𝐎𝐋𝐃 𝐑𝐘𝐙𝐄𝐍 𝟓 𝟐𝟔𝟎𝟎 𝟐+𝟏 (2PCS)
𝐂𝐎𝐌𝐒𝐇𝐎𝐏 𝐏𝐀𝐂𝐊𝐀𝐆𝐄
#PCMERCHANDISE #PCMBUILDS",,64,"01/29/2023 19:30",uploaded,https://www.facebook.com/reel/1503536631577613/,0,0,Reels,,,,,01/29/2023,0,,,,,,0,0,2,2,0,5889.939,3.847
987114553398864,100064197037125,"PC Merchandise","𝐒𝐎𝐋𝐃 𝐑𝐘𝐙𝐄𝐍 𝟓 𝟐𝟔𝟎𝟎 𝟐+𝟏 (2PCS)
𝐂𝐎𝐌𝐒𝐇𝐎𝐏 𝐏𝐀𝐂𝐊𝐀𝐆𝐄
#PCMERCHANDISE #PCMBUILDS",,64,"01/29/2023 19:30",uploaded,https://www.facebook.com/reel/1503536631577613/,0,0,Reels,,,,,01/30/2023,0,,,,,,0,0,1,1,0,5311.967,3.986
987114553398864,100064197037125,"PC Merchandise","𝐒𝐎𝐋𝐃 𝐑𝐘𝐙𝐄𝐍 𝟓 𝟐𝟔𝟎𝟎 𝟐+𝟏 (2PCS)
𝐂𝐎𝐌𝐒𝐇𝐎𝐏 𝐏𝐀𝐂𝐊𝐀𝐆𝐄
#PCMERCHANDISE #PCMBUILDS",,64,"01/29/2023 19:30",uploaded,https://www.facebook.com/reel/1503536631577613/,0,0,Reels,,,,,01/31/2023,0,,,,,,0,0,0,0,0,4429.512,4.109
987433435715840,100064197037125,"PC Merchandise","客户 satisfied ✅ RYZEN 3 3200G build with RGB everything 🌈",,0,"01/29/2023 19:00",,https://www.facebook.com/pcmerchandise.co/posts/pfbid0ZfyI9RU1gsITSZZsXDjCFPAx0gsqcfgds0CGB4ljhEBNOIkXypLcaMjB,0,0,Photos,,,,,01/31/2023,0,,,,,,,,,,,,
987433435715840,100064197037125,"PC Merchandise","客户 satisfied ✅ RYZEN 3 3200G build with RGB everything 🌈",,0,"01/29/2023 19:00",,https://www.facebook.com/pcmerchandise.co/posts/pfbid0ZfyI9RU1gsITSZZsXDjCFPAx0gsqcfgds0CGB4ljhEBNOIkXypLcaMjB,0,0,Photos,,,,,01/01/2023,,,0,0,0,0,0,0,,,,,
987433435715840,100064197037125,"PC Merchandise","客户 satisfied ✅ RYZEN 3 3200G build with RGB everything 🌈",,0,"01/29/2023 19:00",,https://www.facebook.com/pcmerchandise.co/posts/pfbid0ZfyI9RU1gsITSZZsXDjCFPAx0gsqcfgds0CGB4ljhEBNOIkXypLcaMjB,0,0,Photos,,,,,01/02/2023,,,0,0,0,0,0,0,,,,,
987433435715840,100064197037125,"PC Merchandise","客户 satisfied ✅ RYZEN 3 3200G build with RGB everything 🌈",,0,"01/29/2023 19:00",,https://www.facebook.com/pcmerchandise.co/posts/pfbid0ZfyI9RU1gsITSZZsXDjCFPAx0gsqcfgds0CGB4ljhEBNOIkXypLcaMjB,0,0,Photos,,,,,01/03/2023,,,0,0,0,0,0,0,,,,,
987433435715840,100064197037125,"PC Merchandise","客户 satisfied ✅ RYZEN 3 3200G build with RGB everything 🌈",,0,"01/29/2023 19:00",,https://www.facebook.com/pcmerchandise.co/posts/pfbid0ZfyI9RU1gsITSZZsXDjCFPAx0gsqcfgds0CGB4ljhEBNOIkXypLcaMjB,0,0,Photos,,,,,01/04/2023,,,0,0,0,0,0,0,,,,,
987433435715840,100064197037125,"PC Merchandise","客户 satisfied ✅ RYZEN 3 3200G build with RGB everything 🌈",,0,"01/29/2023 19:00",,https://www.facebook.com/pcmerchandise.co/posts/pfbid0ZfyI9RU1gsITSZZsXDjCFPAx0gsqcfgds0CGB4ljhEBNOIkXypLcaMjB,0,0,Photos,,,,,01/05/2023,,,0,0,0,0,0,0,,,,,
987433435715840,100064197037125,"PC Merchandise","客户 satisfied ✅ RYZEN 3 3200G build with RGB everything 🌈",,0,"01/29/2023 19:00",,https://www.facebook.com/pcmerchandise.co/posts/pfbid0ZfyI9RU1gsITSZZsXDjCFPAx0gsqcfgds0CGB4ljhEBNOIkXypLcaMjB,0,0,Photos,,,,,01/06/2023,,,0,0,0,0,0,0,,,,,
987433435715840,100064197037125,"PC Merchandise","客户 satisfied ✅ RYZEN 3 3200G build with RGB everything 🌈",,0,"01/29/2023 19:00",,https://www.facebook.com/pcmerchandise.co/posts/pfbid0ZfyI9RU1gsITSZZsXDjCFPAx0gsqcfgds0CGB4ljhEBNOIkXypLcaMjB,0,0,Photos,,,,,01/07/2023,,,0,0,0,0,0,0,,,,,
987433435715840,100064197037125,"PC Merchandise","客户 satisfied ✅ RYZEN 3 3200G build with RGB everything 🌈",,0,"01/29/2023 19:00",,https://www.facebook.com/pcmerchandise.co/posts/pfbid0ZfyI9RU1gsITSZZsXDjCFPAx0gsqcfgds0CGB4ljhEBNOIkXypLcaMjB,0,0,Photos,,,,,01/08/2023,,,0,0,0,0,0,0,,,,,
987433435715840,100064197037125,"PC Merchandise","客户 satisfied ✅ RYZEN 3 3200G build with RGB everything 🌈",,0,"01/29/2023 19:00",,https://www.facebook.com/pcmerchandise.co/posts/pfbid0ZfyI9RU1gsITSZZsXDjCFPAx0gsqcfgds0CGB4ljhEBNOIkXypLcaMjB,0,0,Photos,,,,,01/09/2023,,,0,0,0,0,0,0,,,,,
987433435715840,100064197037125,"PC Merchandise","客户 satisfied ✅ RYZEN 3 3200G build with RGB everything 🌈",,0,"01/29/2023 19:00",,https://www.facebook.com/pcmerchandise.co/posts/pfbid0ZfyI9RU1gsITSZZsXDjCFPAx0gsqcfgds0CGB4ljhEBNOIkXypLcaMjB,0,0,Photos,,,,,01/10/2023,,,0,0,0,0,0,0,,,,,
987433435715840,100064197037125,"PC Merchandise","客户 satisfied ✅ RYZEN 3 3200G build with RGB everything 🌈",,0,"01/29/2023 19:00",,https://www.facebook.com/pcmerchandise.co/posts/pfbid0ZfyI9RU1gsITSZZsXDjCFPAx0gsqcfgds0CGB4ljhEBNOIkXypLcaMjB,0,0,Photos,,,,,01/11/2023,,,0,0,0,0,0,0,,,,,
987433435715840,100064197037125,"PC Merchandise","客户 satisfied ✅ RYZEN 3 3200G build with RGB everything 🌈",,0,"01/29/2023 19:00",,https://www.facebook.com/pcmerchandise.co/posts/pfbid0ZfyI9RU1gsITSZZsXDjCFPAx0gsqcfgds0CGB4ljhEBNOIkXypLcaMjB,0,0,Photos,,,,,01/12/2023,,,0,0,0,0,0,0,,,,,
987433435715840,100064197037125,"PC Merchandise","客户 satisfied ✅ RYZEN 3 3200G build with RGB everything 🌈",,0,"01/29/2023 19:00",,https://www.facebook.com/pcmerchandise.co/posts/pfbid0ZfyI9RU1gsITSZZsXDjCFPAx0gsqcfgds0CGB4ljhEBNOIkXypLcaMjB,0,0,Photos,,,,,01/13/2023,,,0,0,0,0,0,0,,,,,
987433435715840,100064197037125,"PC Merchandise","客户 satisfied ✅ RYZEN 3 3200G build with RGB everything 🌈",,0,"01/29/2023 19:00",,https://www.facebook.com/pcmerchandise.co/posts/pfbid0ZfyI9RU1gsITSZZsXDjCFPAx0gsqcfgds0CGB4ljhEBNOIkXypLcaMjB,0,0,Photos,,,,,01/14/2023,,,0,0,0,0,0,0,,,,,
987433435715840,100064197037125,"PC Merchandise","客户 satisfied ✅ RYZEN 3 3200G build with RGB everything 🌈",,0,"01/29/2023 19:00",,https://www.facebook.com/pcmerchandise.co/posts/pfbid0ZfyI9RU1gsITSZZsXDjCFPAx0gsqcfgds0CGB4ljhEBNOIkXypLcaMjB,0,0,Photos,,,,,01/15/2023,,,0,0,0,0,0,0,,,,,
987433435715840,100064197037125,"PC Merchandise","客户 satisfied ✅ RYZEN 3 3200G build with RGB everything 🌈",,0,"01/29/2023 19:00",,https://www.facebook.com/pcmerchandise.co/posts/pfbid0ZfyI9RU1gsITSZZsXDjCFPAx0gsqcfgds0CGB4ljhEBNOIkXypLcaMjB,0,0,Photos,,,,,01/16/2023,,,0,0,0,0,0,0,,,,,
987433435715840,100064197037125,"PC Merchandise","客户 satisfied ✅ RYZEN 3 3200G build with RGB everything 🌈",,0,"01/29/2023 19:00",,https://www.facebook.com/pcmerchandise.co/posts/pfbid0ZfyI9RU1gsITSZZsXDjCFPAx0gsqcfgds0CGB4ljhEBNOIkXypLcaMjB,0,0,Photos,,,,,01/17/2023,,,0,0,0,0,0,0,,,,,
987433435715840,100064197037125,"PC Merchandise","客户 satisfied ✅ RYZEN 3 3200G build with RGB everything 🌈",,0,"01/29/2023 19:00",,https://www.facebook.com/pcmerchandise.co/posts/pfbid0ZfyI9RU1gsITSZZsXDjCFPAx0gsqcfgds0CGB4ljhEBNOIkXypLcaMjB,0,0,Photos,,,,,01/18/2023,,,0,0,0,0,0,0,,,,,
987433435715840,100064197037125,"PC Merchandise","客户 satisfied ✅ RYZEN 3 3200G build with RGB everything 🌈",,0,"01/29/2023 19:00",,https://www.facebook.com/pcmerchandise.co/posts/pfbid0ZfyI9RU1gsITSZZsXDjCFPAx0gsqcfgds0CGB4ljhEBNOIkXypLcaMjB,0,0,Photos,,,,,01/19/2023,,,0,0,0,0,0,0,,,,,
987433435715840,100064197037125,"PC Merchandise","客户 satisfied ✅ RYZEN 3 3200G build with RGB everything 🌈",,0,"01/29/2023 19:00",,https://www.facebook.com/pcmerchandise.co/posts/pfbid0ZfyI9RU1gsITSZZsXDjCFPAx0gsqcfgds0CGB4ljhEBNOIkXypLcaMjB,0,0,Photos,,,,,01/20/2023,,,0,0,0,0,0,0,,,,,
987433435715840,100064197037125,"PC Merchandise","客户 satisfied ✅ RYZEN 3 3200G build with RGB everything 🌈",,0,"01/29/2023 19:00",,https://www.facebook.com/pcmerchandise.co/posts/pfbid0ZfyI9RU1gsITSZZsXDjCFPAx0gsqcfgds0CGB4ljhEBNOIkXypLcaMjB,0,0,Photos,,,,,01/21/2023,,,0,0,0,0,0,0,,,,,
987433435715840,100064197037125,"PC Merchandise","客户 satisfied ✅ RYZEN 3 3200G build with RGB everything 🌈",,0,"01/29/2023 19:00",,https://www.facebook.com/pcmerchandise.co/posts/pfbid0ZfyI9RU1gsITSZZsXDjCFPAx0gsqcfgds0CGB4ljhEBNOIkXypLcaMjB,0,0,Photos,,,,,01/22/2023,,,0,0,0,0,0,0,,,,,
987433435715840,100064197037125,"PC Merchandise","客户 satisfied ✅ RYZEN 3 3200G build with RGB everything 🌈",,0,"01/29/2023 19:00",,https://www.facebook.com/pcmerchandise.co/posts/pfbid0ZfyI9RU1gsITSZZsXDjCFPAx0gsqcfgds0CGB4ljhEBNOIkXypLcaMjB,0,0,Photos,,,,,01/23/2023,,,0,0,0,0,0,0,,,,,
987433435715840,100064197037125,"PC Merchandise","客户 satisfied ✅ RYZEN 3 3200G build with RGB everything 🌈",,0,"01/29/2023 19:00",,https://www.facebook.com/pcmerchandise.co/posts/pfbid0ZfyI9RU1gsITSZZsXDjCFPAx0gsqcfgds0CGB4ljhEBNOIkXypLcaMjB,0,0,Photos,,,,,01/24/2023,,,0,0,0,0,0,0,,,,,
987433435715840,100064197037125,"PC Merchandise","客户 satisfied ✅ RYZEN 3 3200G build with RGB everything 🌈",,0,"01/29/2023 19:00",,https://www.facebook.com/pcmerchandise.co/posts/pfbid0ZfyI9RU1gsITSZZsXDjCFPAx0gsqcfgds0CGB4ljhEBNOIkXypLcaMjB,0,0,Photos,,,,,01/25/2023,,,0,0,0,0,0,0,,,,,
987433435715840,100064197037125,"PC Merchandise","客户 satisfied ✅ RYZEN 3 3200G build with RGB everything 🌈",,0,"01/29/2023 19:00",,https://www.facebook.com/pcmerchandise.co/posts/pfbid0ZfyI9RU1gsITSZZsXDjCFPAx0gsqcfgds0CGB4ljhEBNOIkXypLcaMjB,0,0,Photos,,,,,01/26/2023,,,0,0,0,0,0,0,,,,,
987433435715840,100064197037125,"PC Merchandise","客户 satisfied ✅ RYZEN 3 3200G build with RGB everything 🌈",,0,"01/29/2023 19:00",,https://www.facebook.com/pcmerchandise.co/posts/pfbid0ZfyI9RU1gsITSZZsXDjCFPAx0gsqcfgds0CGB4ljhEBNOIkXypLcaMjB,0,0,Photos,,,,,01/27/2023,,,0,0,0,0,0,0,,,,,
987433435715840,100064197037125,"PC Merchandise","客户 satisfied ✅ RYZEN 3 3200G build with RGB everything 🌈",,0,"01/29/2023 19:00",,https://www.facebook.com/pcmerchandise.co/posts/pfbid0ZfyI9RU1gsITSZZsXDjCFPAx0gsqcfgds0CGB4ljhEBNOIkXypLcaMjB,0,0,Photos,,,,,01/28/2023,,,0,0,0,0,0,0,,,,,
987433435715840,100064197037125,"PC Merchandise","客户 satisfied ✅ RYZEN 3 3200G build with RGB everything 🌈",,0,"01/29/2023 19:00",,https://www.facebook.com/pcmerchandise.co/posts/pfbid0ZfyI9RU1gsITSZZsXDjCFPAx0gsqcfgds0CGB4ljhEBNOIkXypLcaMjB,0,0,Photos,,,,,01/29/2023,,,0,0,0,0,0,0,,,,,
987433435715840,100064197037125,"PC Merchandise","客户 satisfied ✅ RYZEN 3 3200G build with RGB everything 🌈",,0,"01/29/2023 19:00",,https://www.facebook.com/pcmerchandise.co/posts/pfbid0ZfyI9RU1gsITSZZsXDjCFPAx0gsqcfgds0CGB4ljhEBNOIkXypLcaMjB,0,0,Photos,,,,,01/30/2023,,,0,0,0,0,0,0,,,,,
987433435715840,100064197037125,"PC Merchandise","客户 satisfied ✅ RYZEN 3 3200G build with RGB everything 🌈",,0,"01/29/2023 19:00",,https://www.facebook.com/pcmerchandise.co/posts/pfbid0ZfyI9RU1gsITSZZsXDjCFPAx0gsqcfgds0CGB4ljhEBNOIkXypLcaMjB,0,0,Photos,,,,,01/31/2023,,,0,0,0,0,0,0,,,,,
987560555172156,100064197037125,"PC Merchandise","Pa-mine na yan! RYZEN 3 3200G gaming build, limited slots only this week.",,39,"01/29/2023 17:30",auto,https://www.facebook.com/reel/1884911200225508/,0,0,Reels,,,,,01/01/2023,0,,,,,,0,0,0,0,0,0.000,4.320
987560555172156,100064197037125,"PC Merchandise","Pa-mine na yan! RYZEN 3 3200G gaming build, limited slots only this week.",,39,"01/29/2023 17:30",auto,https://www.facebook.com/reel/1884911200225508/,0,0,Reels,,,,,01/02/2023,0,,,,,,0,0,0,0,0,0.000,2.554
987560555172156,100064197037125,"PC Merchandise","Pa-mine na yan! RYZEN 3 3200G gaming build, limited slots only this week.",,39,"01/29/2023 17:30",auto,https://www.facebook.com/reel/1884911200225508/,0,0,Reels,,,,,01/03/2023,0,,,,,,0,0,0,0,0,0.000,2.601
987560555172156,100064197037125,"PC Merchandise","Pa-mine na yan! RYZEN 3 3200G gaming build, limited slots only this week.",,39,"01/29/2023 17:30",auto,https://www.facebook.com/reel/1884911200225508/,0,0,Reels,,,,,01/04/2023,0,,,,,,0,0,0,0,0,0.000,1.764
987560555172156,100064197037125,"PC Merchandise","Pa-mine na yan! RYZEN 3 3200G gaming build, limited slots only this week.",,39,"01/29/2023 17:30",auto,https://www.facebook.com/reel/1884911200225508/,0,0,Reels,,,,,01/05/2023,0,,,,,,0,0,0,0,0,0.000,2.982
987560555172156,100064197037125,"PC Merchandise","Pa-mine na yan! RYZEN 3 3200G gaming build, limited slots only this week.",,39,"01/29/2023 17:30",auto,https://www.facebook.com/reel/1884911200225508/,0,0,Reels,,,,,01/06/2023,0,,,,,,0,0,0,0,0,0.000,1.896
987560555172156,100064197037125,"PC Merchandise","Pa-mine na yan! RYZEN 3 3200G gaming build, limited slots only this week.",,39,"01/29/2023 17:30",auto,https://www.facebook.com/reel/1884911200225508/,0,0,Reels,,,,,01/07/2023,0,,,,,,0,0,0,0,0,0.000,1.732
987560555172156,100064197037125,"PC Merchandise","Pa-mine na yan! RYZEN 3 3200G gaming build, limited slots only this week.",,39,"01/29/2023 17:30",auto,https://www.facebook.com/reel/1884911200225508/,0,0,Reels,,,,,01/08/2023,0,,,,,,0,0,0,0,0,0.000,2.853
987560555172156,100064197037125,"PC Merchandise","Pa-mine na yan! RYZEN 3 3200G gaming build, limited slots only this week.",,39,"01/29/2023 17:30",auto,https://www.facebook.com/reel/1884911200225508/,0,0,Reels,,,,,01/09/2023,0,,,,,,0,0,0,0,0,0.000,2.600
987560555172156,100064197037125,"PC Merchandise","Pa-mine na yan! RYZEN 3 3200G gaming build, limited slots only this week.",,39,"01/29/2023 17:30",auto,https://www.facebook.com/reel/1884911200225508/,0,0,Reels,,,,,01/10/2023,0,,,,,,0,0,0,0,0,0.000,3.663
987560555172156,100064197037125,"PC Merchandise","Pa-mine na yan! RYZEN 3 3200G gaming build, limited slots only this week.",,39,"01/29/2023 17:30",auto,https://www.facebook.com/reel/1884911200225508/,0,0,Reels,,,,,01/11/2023,0,,,,,,0,0,0,0,0,0.000,3.666
987560555172156,100064197037125,"PC Merchandise","Pa-mine na yan! RYZEN 3 3200G gaming build, limited slots only this week.",,39,"01/29/2023 17:30",auto,https://www.facebook.com/reel/1884911200225508/,0,0,Reels,,,,,01/12/2023,0,,,,,,0,0,0,0,0,0.000,3.216
987560555172156,100064197037125,"PC Merchandise","Pa-mine na yan! RYZEN 3 3200G gaming build, limited slots only this week.",,39,"01/29/2023 17:30",auto,https://www.facebook.com/reel/1884911200225508/,0,0,Reels,,,,,01/13/2023,0,,,,,,0,0,0,0,0,0.000,2.565
987560555172156,100064197037125,"PC Merchandise","Pa-mine na yan! RYZEN 3 3200G gaming build, limited slots only this week.",,39,"01/29/2023 17:30",auto,https://www.facebook.com/reel/1884911200225508/,0,0,Reels,,,,,01/14/2023,0,,,,,,0,0,0,0,0,0.000,2.927
987560555172156,100064197037125,"PC Merchandise","Pa-mine na yan! RYZEN 3 3200G gaming build, limited slots only this week.",,39,"01/29/2023 17:30",auto,https://www.facebook.com/reel/1884911200225508/,0,0,Reels,,,,,01/15/2023,0,,,,,,0,0,0,0,0,0.000,3.826
987560555172156,100064197037125,"PC Merchandise","Pa-mine na yan! RYZEN 3 3200G gaming build, limited slots only this week.",,39,"01/29/2023 17:30",auto,https://www.facebook.com/reel/1884911200225508/,0,0,Reels,,,,,01/16/2023,0,,,,,,0,0,0,0,0,0.000,4.079
987560555172156,100064197037125,"PC Merchandise","Pa-mine na yan! RYZEN 3 3200G gaming build, limited slots only this week.",,39,"01/29/2023 17:30",auto,https://www.facebook.com/reel/1884911200225508/,0,0,Reels,,,,,01/17/2023,0,,,,,,0,0,0,0,0,0.000,2.645
987560555172156,100064197037125,"PC Merchandise","Pa-mine na yan! RYZEN 3 3200G gaming build, limited slots only this week.",,39,"01/29/2023 17:30",auto,https://www.facebook.com/reel/1884911200225508/,0,0,Reels,,,,,01/18/2023,0,,,,,,0,0,0,0,0,0.000,3.389
987560555172156,100064197037125,"PC Merchandise","Pa-mine na yan! RYZEN 3 3200G gaming build, limited slots only this week.",,39,"01/29/2023 17:30",auto,https://www.facebook.com/reel/1884911200225508/,0,0,Reels,,,,,01/19/2023,0,,,,,,0,0,0,0,0,0.000,2.716
987560555172156,100064197037125,"PC Merchandise","Pa-mine na yan! RYZEN 3 3200G gaming build, limited slots only this week.",,39,"01/29/2023 17:30",auto,https://www.facebook.com/reel/1884911200225508/,0,0,Reels,,,,,01/20/2023,0,,,,,,0,0,0,0,0,0.000,1.500
987560555172156,100064197037125,"PC Merchandise","Pa-mine na yan! RYZEN 3 3200G gaming build, limited slots only this week.",,39,"01/29/2023 17:30",auto,https://www.facebook.com/reel/1884911200225508/,0,0,Reels,,,,,01/21/2023,0,,,,,,0,0,0,0,0,0.000,4.982
987560555172156,100064197037125,"PC Merchandise","Pa-mine na yan! RYZEN 3 3200G gaming build, limited slots only this week.",,39,"01/29/2023 17:30",auto,https://www.facebook.com/reel/1884911200225508/,0,0,Reels,,,,,01/22/2023,0,,,,,,0,0,0,0,0,0.000,3.668
987560555172156,100064197037125,"PC Merchandise","Pa-mine na yan! RYZEN 3 3200G gaming build, limited slots only this week.",,39,"01/29/2023 17:30",auto,https://www.facebook.com/reel/1884911200225508/,0,0,Reels,,,,,01/23/2023,0,,,,,,0,0,0,0,0,0.000,3.221
987560555172156,100064197037125,"PC Merchandise","Pa-mine na yan! RYZEN 3 3200G gaming build, limited slots only this week.",,39,"01/29/2023 17:30",auto,https://www.facebook.com/reel/1884911200225508/,0,0,Reels,,,,,01/24/2023,0,,,,,,0,0,0,0,0,0.000,2.367
987560555172156,100064197037125,"PC Merchandise","Pa-mine na yan! RYZEN 3 3200G gaming build, limited slots only this week.",,39,"01/29/2023 17:30",auto,https://www.facebook.com/reel/1884911200225508/,0,0,Reels,,,,,01/25/2023,0,,,,,,0,0,0,0,0,0.000,2.604
987560555172156,100064197037125,"PC Merchandise","Pa-mine na yan! RYZEN 3 3200G gaming build, limited slots only this week.",,39,"01/29/2023 17:30",auto,https://www.facebook.com/reel/1884911200225508/,0,0,Reels,,,,,01/26/2023,0,,,,,,0,0,0,0,0,0.000,3.515
987560555172156,100064197037125,"PC Merchandise","Pa-mine na yan! RYZEN 3 3200G gaming build, limited slots only this week.",,39,"01/29/2023 17:30",auto,https://www.facebook.com/reel/1884911200225508/,0,0,Reels,,,,,01/27/2023,0,,,,,,0,0,0,0,0,0.000,3.582
987560555172156,100064197037125,"PC Merchandise","Pa-mine na yan! RYZEN 3 3200G gaming build, limited slots only this week.",,39,"01/29/2023 17:30",auto,https://www.facebook.com/reel/1884911200225508/,0,0,Reels,,,,,01/28/2023,0,,,,,,0,0,0,0,0,0.000,1.748
987560555172156,100064197037125,"PC Merchandise","Pa-mine na yan! RYZEN 3 3200G gaming build, limited slots only this week.",,39,"01/29/2023 17:30",auto,https://www.facebook.com/reel/1884911200225508/,0,0,Reels,,,,,01/29/2023,0,,,,,,0,0,0,0,0,805.233,3.046
987560555172156,100064197037125,"PC Merchandise","Pa-mine na yan! RYZEN 3 3200G gaming build, limited slots only this week.",,39,"01/29/2023 17:30",auto,https://www.facebook.com/reel/1884911200225508/,0,0,Reels,,,,,01/30/2023,0,,,,,,0,0,3,3,0,503.524,4.085
987560555172156,100064197037125,"PC Merchandise","Pa-mine na yan! RYZEN 3 3200G gaming build, limited slots only this week.",,39,"01/29/2023 17:30",auto,https://www.facebook.com/reel/1884911200225508/,0,0,Reels,,,,,01/31/2023,0,,,,,,0,0,0,0,0,418.123,3.021
987744610894391,100064197037125,"PC Merchandise","Pa-mine na yan! i3 10100F gaming build, limited slots only this week.",,274,"01/26/2023 19:01",auto,https://www.facebook.com/pcmerchandise.co/videos/2865731371047841/,1,0,Videos,,,,,01/01/2023,0,,0,0,0,0,0,0,0,0,0,0.000,6.580
987744610894391,100064197037125,"PC Merchandise","Pa-mine na yan! i3 10100F gaming build, limited slots only this week.",,274,"01/26/2023 19:01",auto,https://www.facebook.com/pcmerchandise.co/videos/2865731371047841/,1,0,Videos,,,,,01/02/2023,0,,0,0,0,0,0,0,0,0,0,0.000,4.417
987744610894391,100064197037125,"PC Merchandise","Pa-mine na yan! i3 10100F gaming build, limited slots only this week.",,274,"01/26/2023 19:01",auto,https://www.facebook.com/pcmerchandise.co/videos/2865731371047841/,1,0,Videos,,,,,01/03/2023,0,,0,0,0,0,0,0,0,0,0,0.000,5.902
987744610894391,100064197037125,"PC Merchandise","Pa-mine na yan! i3 10100F gaming build, limited slots only this week.",,274,"01/26/2023 19:01",auto,https://www.facebook.com/pcmerchandise.co/videos/2865731371047841/,1,0,Videos,,,,,01/04/2023,0,,0,0,0,0,0,0,0,0,0,0.000,5.243
987744610894391,100064197037125,"PC Merchandise","Pa-mine na yan! i3 10100F gaming build, limited slots only this week.",,274,"01/26/2023 19:01",auto,https://www.facebook.com/pcmerchandise.co/videos/2865731371047841/,1,0,Videos,,,,,01/05/2023,0,,0,0,0,0,0,0,0,0,0,0.000,4.957
987744610894391,100064197037125,"PC Merchandise","Pa-mine na yan! i3 10100F gaming build, limited slots only this week.",,274,"01/26/2023 19:01",auto,https://www.facebook.com/pcmerchandise.co/videos/2865731371047841/,1,0,Videos,,,,,01/06/2023,0,,0,0,0,0,0,0,0,0,0,0.000,5.405
987744610894391,100064197037125,"PC Merchandise","Pa-mine na yan! i3 10100F gaming build, limited slots only this week.",,274,"01/26/2023 19:01",auto,https://www.facebook.com/pcmerchandise.co/videos/2865731371047841/,1,0,Videos,,,,,01/07/2023,0,,0,0,0,0,0,0,0,0,0,0.000,4.796
987744610894391,100064197037125,"PC Merchandise","Pa-mine na yan! i3 10100F gaming build, limited slots only this week.",,274,"01/26/2023 19:01",auto,https://www.facebook.com/pcmerchandise.co/videos/2865731371047841/,1,0,Videos,,,,,01/08/2023,0,,0,0,0,0,0,0,0,0,0,0.000,6.413
987744610894391,100064197037125,"PC Merchandise","Pa-mine na yan! i3 10100F gaming build, limited slots only this week.",,274,"01/26/2023 19:01",auto,https://www.facebook.com/pcmerchandise.co/videos/2865731371047841/,1,0,Videos,,,,,01/09/2023,0,,0,0,0,0,0,0,0,0,0,0.000,6.368
987744610894391,100064197037125,"PC Merchandise","Pa-mine na yan! i3 10100F gaming build, limited slots only this week.",,274,"01/26/2023 19:01",auto,https://www.facebook.com/pcmerchandise.co/videos/2865731371047841/,1,0,Videos,,,,,01/10/2023,0,,0,0,0,0,0,0,0,0,0,0.000,4.991
987744610894391,100064197037125,"PC Merchandise","Pa-mine na yan! i3 10100F gaming build, limited slots only this week.",,274,"01/26/2023 19:01",auto,https://www.facebook.com/pcmerchandise.co/videos/2865731371047841/,1,0,Videos,,,,,01/11/2023,0,,0,0,0,0,0,0,0,0,0,0.000,5.444
987744610894391,100064197037125,"PC Merchandise","Pa-mine na yan! i3 10100F gaming build, limited slots only this week.",,274,"01/26/2023 19:01",auto,https://www.facebook.com/pcmerchandise.co/videos/2865731371047841/,1,0,Videos,,,,,01/12/2023,0,,0,0,0,0,0,0,0,0,0,0.000,6.035
987744610894391,100064197037125,"PC Merchandise","Pa-mine na yan! i3 10100F gaming build, limited slots only this week.",,274,"01/26/2023 19:01",auto,https://www.facebook.com/pcmerchandise.co/videos/2865731371047841/,1,0,Videos,,,,,01/13/2023,0,,0,0,0,0,0,0,0,0,0,0.000,6.001
987744610894391,100064197037125,"PC Merchandise","Pa-mine na yan! i3 10100F gaming build, limited slots only this week.",,274,"01/26/2023 19:01",auto,https://www.facebook.com/pcmerchandise.co/videos/2865731371047841/,1,0,Videos,,,,,01/14/2023,0,,0,0,0,0,0,0,0,0,0,0.000,7.394
987744610894391,100064197037125,"PC Merchandise","Pa-mine na yan! i3 10100F gaming build, limited slots only this week.",,274,"01/26/2023 19:01",auto,https://www.facebook.com/pcmerchandise.co/videos/2865731371047841/,1,0,Videos,,,,,01/15/2023,0,,0,0,0,0,0,0,0,0,0,0.000,4.822
987744610894391,100064197037125,"PC Merchandise","Pa-mine na yan! i3 10100F gaming build, limited slots only this week.",,274,"01/26/2023 19:01",auto,https://www.facebook.com/pcmerchandise.co/videos/2865731371047841/,1,0,Videos,,,,,01/16/2023,0,,0,0,0,0,0,0,0,0,0,0.000,4.299
987744610894391,100064197037125,"PC Merchandise","Pa-mine na yan! i3 10100F gaming build, limited slots only this week.",,274,"01/26/2023 19:01",auto,https://www.facebook.com/pcmerchandise.co/videos/2865731371047841/,1,0,Videos,,,,,01/17/2023,0,,0,0,0,0,0,0,0,0,0,0.000,4.613
987744610894391,100064197037125,"PC Merchandise","Pa-mine na yan! i3 10100F gaming build, limited slots only this week.",,274,"01/26/2023 19:01",auto,https://www.facebook.com/pcmerchandise.co/videos/2865731371047841/,1,0,Videos,,,,,01/18/2023,0,,0,0,0,0,0,0,0,0,0,0.000,4.796
987744610894391,100064197037125,"PC Merchandise","Pa-mine na yan! i3 10100F gaming build, limited slots only this week.",,274,"01/26/2023 19:01",auto,https://www.facebook.com/pcmerchandise.co/videos/2865731371047841/,1,0,Videos,,,,,01/19/2023,0,,0,0,0,0,0,0,0,0,0,0.000,5.265
987744610894391,100064197037125,"PC Merchandise","Pa-mine na yan! i3 10100F gaming build, limited slots only this week.",,274,"01/26/2023 19:01",auto,https://www.facebook.com/pcmerchandise.co/videos/2865731371047841/,1,0,Videos,,,,,01/20/2023,0,,0,0,0,0,0,0,0,0,0,0.000,5.704
987744610894391,100064197037125,"PC Merchandise","Pa-mine na yan! i3 10100F gaming build, limited slots only this week.",,274,"01/26/2023 19:01",auto,https://www.facebook.com/pcmerchandise.co/videos/2865731371047841/,1,0,Videos,,,,,01/21/2023,0,,0,0,0,0,0,0,0,0,0,0.000,6.858
987744610894391,100064197037125,"PC Merchandise","Pa-mine na yan! i3 10100F gaming build, limited slots only this week.",,274,"01/26/2023 19:01",auto,https://www.facebook.com/pcmerchandise.co/videos/2865731371047841/,1,0,Videos,,,,,01/22/2023,0,,0,0,0,0,0,0,0,0,0,0.000,5.723
987744610894391,100064197037125,"PC Merchandise","Pa-mine na yan! i3 10100F gaming build, limited slots only this week.",,274,"01/26/2023 19:01",auto,https://www.facebook.com/pcmerchandise.co/videos/2865731371047841/,1,0,Videos,,,,,01/23/2023,0,,0,0,0,0,0,0,0,0,0,0.000,4.751
987744610894391,100064197037125,"PC Merchandise","Pa-mine na yan! i3 10100F gaming build, limited slots only this week.",,274,"01/26/2023 19:01",auto,https://www.facebook.com/pcmerchandise.co/videos/2865731371047841/,1,0,Videos,,,,,01/24/2023,0,,0,0,0,0,0,0,0,0,0,0.000,3.870
987744610894391,100064197037125,"PC Merchandise","Pa-mine na yan! i3 10100F gaming build, limited slots only this week.",,274,"01/26/2023 19:01",auto,https://www.facebook.com/pcmerchandise.co/videos/2865731371047841/,1,0,Videos,,,,,01/25/2023,0,,0,0,0,0,0,0,0,0,0,0.000,7.529
987744610894391,100064197037125,"PC Merchandise","Pa-mine na yan! i3 10100F gaming build, limited slots only this week.",,274,"01/26/2023 19:01",auto,https://www.facebook.com/pcmerchandise.co/videos/2865731371047841/,1,0,Videos,,,,,01/26/2023,0,,47,6,41,5,0,0,0,0,0,391.354,6.494
987744610894391,100064197037125,"PC Merchandise","Pa-mine na yan! i3 10100F gaming build, limited slots only this week.",,274,"01/26/2023 19:01",auto,https://www.facebook.com/pcmerchandise.co/videos/2865731371047841/,1,0,Videos,,,,,01/27/2023,0,,31,2,28,1,0,0,0,0,0,232.528,6.875
987744610894391,100064197037125,"PC Merchandise","Pa-mine na yan! i3 10100F gaming build, limited slots only this week.",,274,"01/26/2023 19:01",auto,https://www.facebook.com/pcmerchandise.co/videos/2865731371047841/,1,0,Videos,,,,,01/28/2023,0,,25,4,23,3,0,0,0,0,0,134.629,7.069
987744610894391,100064197037125,"PC Merchandise","Pa-mine na yan! i3 10100F gaming build, limited slots only this week.",,274,"01/26/2023 19:01",auto,https://www.facebook.com/pcmerchandise.co/videos/2865731371047841/,1,0,Videos,,,,,01/29/2023,0,,23,1,20,0,0,0,0,0,0,198.482,5.825
987744610894391,100064197037125,"PC Merchandise","Pa-mine na yan! i3 10100F gaming build, limited slots only this week.",,274,"01/26/2023 19:01",auto,https://www.facebook.com/pcmerchandise.co/videos/2865731371047841/,1,0,Videos,,,,,01/30/2023,0,,26,3,20,2,0,0,1,1,0,139.061,4.277
987744610894391,100064197037125,"PC Merchandise","Pa-mine na yan! i3 10100F gaming build, limited slots only this week.",,274,"01/26/2023 19:01",auto,https://www.facebook.com/pcmerchandise.co/videos/2865731371047841/,1,0,Videos,,,,,01/31/2023,0,,7,0,5,0,0,0,0,0,0,30.282,7.301
987593411135882,100064197037125,"PC Merchandise","𝐀𝐌𝟓 𝐁𝐮𝐢𝐥𝐝 𝐋𝐢𝐦𝐢𝐭𝐞𝐝 𝐒𝐚𝐥𝐞! 🚨
Experience next-gen performance with our latest builds. PM for pricelist!",,29,"01/25/2023 16:01",,https://www.facebook.com/reel/1799248680256897/,0,1,Reels,,,,,01/01/2023,0,,,,,,0,0,0,0,0,0.000,4.918
987593411135882,100064197037125,"PC Merchandise","𝐀𝐌𝟓 𝐁𝐮𝐢𝐥𝐝 𝐋𝐢𝐦𝐢𝐭𝐞𝐝 𝐒𝐚𝐥𝐞! 🚨
Experience next-gen performance with our latest builds. PM for pricelist!",,29,"01/25/2023 16:01",,https://www.facebook.com/reel/1799248680256897/,0,1,Reels,,,,,01/02/2023,0,,,,,,0,0,0,0,0,0.000,3.078
987593411135882,100064197037125,"PC Merchandise","𝐀𝐌𝟓 𝐁𝐮𝐢𝐥𝐝 𝐋𝐢𝐦𝐢𝐭𝐞𝐝 𝐒𝐚𝐥𝐞! 🚨
Experience next-gen performance with our latest builds. PM for pricelist!",,29,"01/25/2023 16:01",,https://www.facebook.com/reel/1799248680256897/,0,1,Reels,,,,,01/03/2023,0,,,,,,0,0,0,0,0,0.000,3.574
987593411135882,100064197037125,"PC Merchandise","𝐀𝐌𝟓 𝐁𝐮𝐢𝐥𝐝 𝐋𝐢𝐦𝐢𝐭𝐞𝐝 𝐒𝐚𝐥𝐞! 🚨
Experience next-gen performance with our latest builds. PM for pricelist!",,29,"01/25/2023 16:01",,https://www.facebook.com/reel/1799248680256897/,0,1,Reels,,,,,01/04/2023,0,,,,,,0,0,0,0,0,0.000,3.954
987593411135882,100064197037125,"PC Merchandise","𝐀𝐌𝟓 𝐁𝐮𝐢𝐥𝐝 𝐋𝐢𝐦𝐢𝐭𝐞𝐝 𝐒𝐚𝐥𝐞! 🚨
Experience next-gen performance with our latest builds. PM for pricelist!",,29,"01/25/2023 16:01",,https://www.facebook.com/reel/1799248680256897/,0,1,Reels,,,,,01/05/2023,0,,,,,,0,0,0,0,0,0.000,3.596
987593411135882,100064197037125,"PC Merchandise","𝐀𝐌𝟓 𝐁𝐮𝐢𝐥𝐝 𝐋𝐢𝐦𝐢𝐭𝐞𝐝 𝐒𝐚𝐥𝐞! 🚨
Experience next-gen performance with our latest builds. PM for pricelist!",,29,"01/25/2023 16:01",,https://www.facebook.com/reel/1799248680256897/,0,1,Reels,,,,,01/06/2023,0,,,,,,0,0,0,0,0,0.000,4.463
987593411135882,100064197037125,"PC Merchandise","𝐀𝐌𝟓 𝐁𝐮𝐢𝐥𝐝 𝐋𝐢𝐦𝐢𝐭𝐞𝐝 𝐒𝐚𝐥𝐞! 🚨
Experience next-gen performance with our latest builds. PM for pricelist!",,29,"01/25/2023 16:01",,https://www.facebook.com/reel/1799248680256897/,0,1,Reels,,,,,01/07/2023,0,,,,,,0,0,0,0,0,0.000,3.225
987593411135882,100064197037125,"PC Merchandise","𝐀𝐌𝟓 𝐁𝐮𝐢𝐥𝐝 𝐋𝐢𝐦𝐢𝐭𝐞𝐝 𝐒𝐚𝐥𝐞! 🚨
Experience next-gen performance with our latest builds. PM for pricelist!",,29,"01/25/2023 16:01",,https://www.facebook.com/reel/1799248680256897/,0,1,Reels,,,,,01/08/2023,0,,,,,,0,0,0,0,0,0.000,4.903
987593411135882,100064197037125,"PC Merchandise","𝐀𝐌𝟓 𝐁𝐮𝐢𝐥𝐝 𝐋𝐢𝐦𝐢𝐭𝐞𝐝 𝐒𝐚𝐥𝐞! 🚨
Experience next-gen performance with our latest builds. PM for pricelist!",,29,"01/25/2023 16:01",,https://www.facebook.com/reel/1799248680256897/,0,1,Reels,,,,,01/09/2023,0,,,,,,0,0,0,0,0,0.000,3.097
987593411135882,100064197037125,"PC Merchandise","𝐀𝐌𝟓 𝐁𝐮𝐢𝐥𝐝 𝐋𝐢𝐦𝐢𝐭𝐞𝐝 𝐒𝐚𝐥𝐞! 🚨
Experience next-gen performance with our latest builds. PM for pricelist!",,29,"01/25/2023 16:01",,https://www.facebook.com/reel/1799248680256897/,0,1,Reels,,,,,01/10/2023,0,,,,,,0,0,0,0,0,0.000,3.662
987593411135882,100064197037125,"PC Merchandise","𝐀𝐌𝟓 𝐁𝐮𝐢𝐥𝐝 𝐋𝐢𝐦𝐢𝐭𝐞𝐝 𝐒𝐚𝐥𝐞! 🚨
Experience next-gen performance with our latest builds. PM for pricelist!",,29,"01/25/2023 16:01",,https://www.facebook.com/reel/1799248680256897/,0,1,Reels,,,,,01/11/2023,0,,,,,,0,0,0,0,0,0.000,2.687
987593411135882,100064197037125,"PC Merchandise","𝐀𝐌𝟓 𝐁𝐮𝐢𝐥𝐝 𝐋𝐢𝐦𝐢𝐭𝐞𝐝 𝐒𝐚𝐥𝐞! 🚨
Experience next-gen performance with our latest builds. PM for pricelist!",,29,"01/25/2023 16:01",,https://www.facebook.com/reel/1799248680256897/,0,1,Reels,,,,,01/12/2023,0,,,,,,0,0,0,0,0,0.000,4.313
987593411135882,100064197037125,"PC Merchandise","𝐀𝐌𝟓 𝐁𝐮𝐢𝐥𝐝 𝐋𝐢𝐦𝐢𝐭𝐞𝐝 𝐒𝐚𝐥𝐞! 🚨
Experience next-gen performance with our latest builds. PM for pricelist!",,29,"01/25/2023 16:01",,https://www.facebook.com/reel/1799248680256897/,0,1,Reels,,,,,01/13/2023,0,,,,,,0,0,0,0,0,0.000,5.872
987593411135882,100064197037125,"PC Merchandise","𝐀𝐌𝟓 𝐁𝐮𝐢𝐥𝐝 𝐋𝐢𝐦𝐢𝐭𝐞𝐝 𝐒𝐚𝐥𝐞! 🚨
Experience next-gen performance with our latest builds. PM for pricelist!",,29,"01/25/2023 16:01",,https://www.facebook.com/reel/1799248680256897/,0,1,Reels,,,,,01/14/2023,0,,,,,,0,0,0,0,0,0.000,3.938
987593411135882,100064197037125,"PC Merchandise","𝐀𝐌𝟓 𝐁𝐮𝐢𝐥𝐝 𝐋𝐢𝐦𝐢𝐭𝐞𝐝 𝐒𝐚𝐥𝐞! 🚨
Experience next-gen performance with our latest builds. PM for pricelist!",,29,"01/25/2023 16:01",,https://www.facebook.com/reel/1799248680256897/,0,1,Reels,,,,,01/15/2023,0,,,,,,0,0,0,0,0,0.000,4.626
987593411135882,100064197037125,"PC Merchandise","𝐀𝐌𝟓 𝐁𝐮𝐢𝐥𝐝 𝐋𝐢𝐦𝐢𝐭𝐞𝐝 𝐒𝐚𝐥𝐞! 🚨
Experience next-gen performance with our latest builds. PM for pricelist!",,29,"01/25/2023 16:01",,https://www.facebook.com/reel/1799248680256897/,0,1,Reels,,,,,01/16/2023,0,,,,,,0,0,0,0,0,0.000,3.959
987593411135882,100064197037125,"PC Merchandise","𝐀𝐌𝟓 𝐁𝐮𝐢𝐥𝐝 𝐋𝐢𝐦𝐢𝐭𝐞𝐝 𝐒𝐚𝐥𝐞! 🚨
Experience next-gen performance with our latest builds. PM for pricelist!",,29,"01/25/2023 16:01",,https://www.facebook.com/reel/1799248680256897/,0,1,Reels,,,,,01/17/2023,0,,,,,,0,0,0,0,0,0.000,4.121
987593411135882,100064197037125,"PC Merchandise","𝐀𝐌𝟓 𝐁𝐮𝐢𝐥𝐝 𝐋𝐢𝐦𝐢𝐭𝐞𝐝 𝐒𝐚𝐥𝐞! 🚨
Experience next-gen performance with our latest builds. PM for pricelist!",,29,"01/25/2023 16:01",,https://www.facebook.com/reel/1799248680256897/,0,1,Reels,,,,,01/18/2023,0,,,,,,0,0,0,0,0,0.000,4.124
987593411135882,100064197037125,"PC Merchandise","𝐀𝐌𝟓 𝐁𝐮𝐢𝐥𝐝 𝐋𝐢𝐦𝐢𝐭𝐞𝐝 𝐒𝐚𝐥𝐞! 🚨
Experience next-gen performance with our latest builds. PM for pricelist!",,29,"01/25/2023 16:01",,https://www.facebook.com/reel/1799248680256897/,0,1,Reels,,,,,01/19/2023,0,,,,,,0,0,0,0,0,0.000,2.824
987593411135882,100064197037125,"PC Merchandise","𝐀𝐌𝟓 𝐁𝐮𝐢𝐥𝐝 𝐋𝐢𝐦𝐢𝐭𝐞𝐝 𝐒𝐚𝐥𝐞! 🚨
Experience next-gen performance with our latest builds. PM for pricelist!",,29,"01/25/2023 16:01",,https://www.facebook.com/reel/1799248680256897/,0,1,Reels,,,,,01/20/2023,0,,,,,,0,0,0,0,0,0.000,4.577
987593411135882,100064197037125,"PC Merchandise","𝐀𝐌𝟓 𝐁𝐮𝐢𝐥𝐝 𝐋𝐢𝐦𝐢𝐭𝐞𝐝 𝐒𝐚𝐥𝐞! 🚨
Experience next-gen performance with our latest builds. PM for pricelist!",,29,"01/25/2023 16:01",,https://www.facebook.com/reel/1799248680256897/,0,1,Reels,,,,,01/21/2023,0,,,,,,0,0,0,0,0,0.000,5.362
987593411135882,100064197037125,"PC Merchandise","𝐀𝐌𝟓 𝐁𝐮𝐢𝐥𝐝 𝐋𝐢𝐦𝐢𝐭𝐞𝐝 𝐒𝐚𝐥𝐞! 🚨
Experience next-gen performance with our latest builds. PM for pricelist!",,29,"01/25/2023 16:01",,https://www.facebook.com/reel/1799248680256897/,0,1,Reels,,,,,01/22/2023,0,,,,,,0,0,0,0,0,0.000,3.872
987593411135882,100064197037125,"PC Merchandise","𝐀𝐌𝟓 𝐁𝐮𝐢𝐥𝐝 𝐋𝐢𝐦𝐢𝐭𝐞𝐝 𝐒𝐚𝐥𝐞! 🚨
Experience next-gen performance with our latest builds. PM for pricelist!",,29,"01/25/2023 16:01",,https://www.facebook.com/reel/1799248680256897/,0,1,Reels,,,,,01/23/2023,0,,,,,,0,0,0,0,0,0.000,3.905
987593411135882,100064197037125,"PC Merchandise","𝐀𝐌𝟓 𝐁𝐮𝐢𝐥𝐝 𝐋𝐢𝐦𝐢𝐭𝐞𝐝 𝐒𝐚𝐥𝐞! 🚨
Experience next-gen performance with our latest builds. PM for pricelist!",,29,"01/25/2023 16:01",,https://www.facebook.com/reel/1799248680256897/,0,1,Reels,,,,,01/24/2023,0,,,,,,0,0,0,0,0,0.000,2.639
987593411135882,100064197037125,"PC Merchandise","𝐀𝐌𝟓 𝐁𝐮𝐢𝐥𝐝 𝐋𝐢𝐦𝐢𝐭𝐞𝐝 𝐒𝐚𝐥𝐞! 🚨
Experience next-gen performance with our latest builds. PM for pricelist!",,29,"01/25/2023 16:01",,https://www.facebook.com/reel/1799248680256897/,0,1,Reels,,,,,01/25/2023,0,,,,,,0,0,0,0,0,1487.145,4.986
987593411135882,100064197037125,"PC Merchandise","𝐀𝐌𝟓 𝐁𝐮𝐢𝐥𝐝 𝐋𝐢𝐦𝐢𝐭𝐞𝐝 𝐒𝐚𝐥𝐞! 🚨
Experience next-gen performance with our latest builds. PM for pricelist!",,29,"01/25/2023 16:01",,https://www.facebook.com/reel/1799248680256897/,0,1,Reels,,,,,01/26/2023,0,,,,,,0,0,0,0,0,499.247,4.363
987593411135882,100064197037125,"PC Merchandise","𝐀𝐌𝟓 𝐁𝐮𝐢𝐥𝐝 𝐋𝐢𝐦𝐢𝐭𝐞𝐝 𝐒𝐚𝐥𝐞! 🚨
Experience next-gen performance with our latest builds. PM for pricelist!",,29,"01/25/2023 16:01",,https://www.facebook.com/reel/1799248680256897/,0,1,Reels,,,,,01/27/2023,0,,,,,,0,0,0,0,0,669.029,4.583
987593411135882,100064197037125,"PC Merchandise","𝐀𝐌𝟓 𝐁𝐮𝐢𝐥𝐝 𝐋𝐢𝐦𝐢𝐭𝐞𝐝 𝐒𝐚𝐥𝐞! 🚨
Experience next-gen performance with our latest builds. PM for pricelist!",,29,"01/25/2023 16:01",,https://www.facebook.com/reel/1799248680256897/,0,1,Reels,,,,,01/28/2023,0,,,,,,0,0,0,0,0,309.707,4.950
987593411135882,100064197037125,"PC Merchandise","𝐀𝐌𝟓 𝐁𝐮𝐢𝐥𝐝 𝐋𝐢𝐦𝐢𝐭𝐞𝐝 𝐒𝐚𝐥𝐞! 🚨
Experience next-gen performance with our latest builds. PM for pricelist!",,29,"01/25/2023 16:01",,https://www.facebook.com/reel/1799248680256897/,0,1,Reels,,,,,01/29/2023,0,,,,,,0,0,0,0,0,380.486,3.911
987593411135882,100064197037125,"PC Merchandise","𝐀𝐌𝟓 𝐁𝐮𝐢𝐥𝐝 𝐋𝐢𝐦𝐢𝐭𝐞𝐝 𝐒𝐚𝐥𝐞! 🚨
Experience next-gen performance with our latest builds. PM for pricelist!",,29,"01/25/2023 16:01",,https://www.facebook.com/reel/1799248680256897/,0,1,Reels,,,,,01/30/2023,0,,,,,,0,0,0,0,0,268.280,4.441
987593411135882,100064197037125,"PC Merchandise","𝐀𝐌𝟓 𝐁𝐮𝐢𝐥𝐝 𝐋𝐢𝐦𝐢𝐭𝐞𝐝 𝐒𝐚𝐥𝐞! 🚨
Experience next-gen performance with our latest builds. PM for pricelist!",,29,"01/25/2023 16:01",,https://www.facebook.com/reel/1799248680256897/,0,1,Reels,,,,,01/31/2023,0,,,,,,0,0,0,0,0,247.242,2.421
987021950111073,100064197037125,"PC Merchandise","READY STOCK: RYZEN 5 3400G / GTX 1650 builds. Same-day assembly. PM NOW!",,39,"01/25/2023 15:30",uploaded,https://www.facebook.com/reel/1186694933952799/,0,0,Reels,,,,,01/01/2023,0,,,,,,0,0,0,0,0,0.000,5.173
987021950111073,100064197037125,"PC Merchandise","READY STOCK: RYZEN 5 3400G / GTX 1650 builds. Same-day assembly. PM NOW!",,39,"01/25/2023 15:30",uploaded,https://www.facebook.com/reel/1186694933952799/,0,0,Reels,,,,,01/02/2023,0,,,,,,0,0,0,0,0,0.000,6.738
987021950111073,100064197037125,"PC Merchandise","READY STOCK: RYZEN 5 3400G / GTX 1650 builds. Same-day assembly. PM NOW!",,39,"01/25/2023 15:30",uploaded,https://www.facebook.com/reel/1186694933952799/,0,0,Reels,,,,,01/03/2023,0,,,,,,0,0,0,0,0,0.000,6.153
987021950111073,100064197037125,"PC Merchandise","READY STOCK: RYZEN 5 3400G / GTX 1650 builds. Same-day assembly. PM NOW!",,39,"01/25/2023 15:30",uploaded,https://www.facebook.com/reel/1186694933952799/,0,0,Reels,,,,,01/04/2023,0,,,,,,0,0,0,0,0,0.000,6.473
987021950111073,100064197037125,"PC Merchandise","READY STOCK: RYZEN 5 3400G / GTX 1650 builds. Same-day assembly. PM NOW!",,39,"01/25/2023 15:30",uploaded,https://www.facebook.com/reel/1186694933952799/,0,0,Reels,,,,,01/05/2023,0,,,,,,0,0,0,0,0,0.000,5.949
987021950111073,100064197037125,"PC Merchandise","READY STOCK: RYZEN 5 3400G / GTX 1650 builds. Same-day assembly. PM NOW!",,39,"01/25/2023 15:30",uploaded,https://www.facebook.com/reel/1186694933952799/,0,0,Reels,,,,,01/06/2023,0,,,,,,0,0,0,0,0,0.000,5.622
987021950111073,100064197037125,"PC Merchandise","READY STOCK: RYZEN 5 3400G / GTX 1650 builds. Same-day assembly. PM NOW!",,39,"01/25/2023 15:30",uploaded,https://www.facebook.com/reel/1186694933952799/,0,0,Reels,,,,,01/07/2023,0,,,,,,0,0,0,0,0,0.000,6.986
987021950111073,100064197037125,"PC Merchandise","READY STOCK: RYZEN 5 3400G / GTX 1650 builds. Same-day assembly. PM NOW!",,39,"01/25/2023 15:30",uploaded,https://www.facebook.com/reel/1186694933952799/,0,0,Reels,,,,,01/08/2023,0,,,,,,0,0,0,0,0,0.000,6.386
987021950111073,100064197037125,"PC Merchandise","READY STOCK: RYZEN 5 3400G / GTX 1650 builds. Same-day assembly. PM NOW!",,39,"01/25/2023 15:30",uploaded,https://www.facebook.com/reel/1186694933952799/,0,0,Reels,,,,,01/09/2023,0,,,,,,0,0,0,0,0,0.000,6.342
987021950111073,100064197037125,"PC Merchandise","READY STOCK: RYZEN 5 3400G / GTX 1650 builds. Same-day assembly. PM NOW!",,39,"01/25/2023 15:30",uploaded,https://www.facebook.com/reel/1186694933952799/,0,0,Reels,,,,,01/10/2023,0,,,,,,0,0,0,0,0,0.000,6.445
987021950111073,100064197037125,"PC Merchandise","READY STOCK: RYZEN 5 3400G / GTX 1650 builds. Same-day assembly. PM NOW!",,39,"01/25/2023 15:30",uploaded,https://www.facebook.com/reel/1186694933952799/,0,0,Reels,,,,,01/11/2023,0,,,,,,0,0,0,0,0,0.000,4.419
987021950111073,100064197037125,"PC Merchandise","READY STOCK: RYZEN 5 3400G / GTX 1650 builds. Same-day assembly. PM NOW!",,39,"01/25/2023 15:30",uploaded,https://www.facebook.com/reel/1186694933952799/,0,0,Reels,,,,,01/12/2023,0,,,,,,0,0,0,0,0,0.000,5.390
987021950111073,100064197037125,"PC Merchandise","READY STOCK: RYZEN 5 3400G / GTX 1650 builds. Same-day assembly. PM NOW!",,39,"01/25/2023 15:30",uploaded,https://www.facebook.com/reel/1186694933952799/,0,0,Reels,,,,,01/13/2023,0,,,,,,0,0,0,0,0,0.000,5.401
987021950111073,100064197037125,"PC Merchandise","READY STOCK: RYZEN 5 3400G / GTX 1650 builds. Same-day assembly. PM NOW!",,39,"01/25/2023 15:30",uploaded,https://www.facebook.com/reel/1186694933952799/,0,0,Reels,,,,,01/14/2023,0,,,,,,0,0,0,0,0,0.000,4.815
987021950111073,100064197037125,"PC Merchandise","READY STOCK: RYZEN 5 3400G / GTX 1650 builds. Same-day assembly. PM NOW!",,39,"01/25/2023 15:30",uploaded,https://www.facebook.com/reel/1186694933952799/,0,0,Reels,,,,,01/15/2023,0,,,,,,0,0,0,0,0,0.000,5.637
987021950111073,100064197037125,"PC Merchandise","READY STOCK: RYZEN 5 3400G / GTX 1650 builds. Same-day assembly. PM NOW!",,39,"01/25/2023 15:30",uploaded,https://www.facebook.com/reel/1186694933952799/,0,0,Reels,,,,,01/16/2023,0,,,,,,0,0,0,0,0,0.000,4.658
987021950111073,100064197037125,"PC Merchandise","READY STOCK: RYZEN 5 3400G / GTX 1650 builds. Same-day assembly. PM NOW!",,39,"01/25/2023 15:30",uploaded,https://www.facebook.com/reel/1186694933952799/,0,0,Reels,,,,,01/17/2023,0,,,,,,0,0,0,0,0,0.000,5.913
987021950111073,100064197037125,"PC Merchandise","READY STOCK: RYZEN 5 3400G / GTX 1650 builds. Same-day assembly. PM NOW!",,39,"01/25/2023 15:30",uploaded,https://www.facebook.com/reel/1186694933952799/,0,0,Reels,,,,,01/18/2023,0,,,,,,0,0,0,0,0,0.000,5.697
987021950111073,100064197037125,"PC Merchandise","READY STOCK: RYZEN 5 3400G / GTX 1650 builds. Same-day assembly. PM NOW!",,39,"01/25/2023 15:30",uploaded,https://www.facebook.com/reel/1186694933952799/,0,0,Reels,,,,,01/19/2023,0,,,,,,0,0,0,0,0,0.000,5.789
987021950111073,100064197037125,"PC Merchandise","READY STOCK: RYZEN 5 3400G / GTX 1650 builds. Same-day assembly. PM NOW!",,39,"01/25/2023 15:30",uploaded,https://www.facebook.com/reel/1186694933952799/,0,0,Reels,,,,,01/20/2023,0,,,,,,0,0,0,0,0,0.000,6.702
987021950111073,100064197037125,"PC Merchandise","READY STOCK: RYZEN 5 3400G / GTX 1650 builds. Same-day assembly. PM NOW!",,39,"01/25/2023 15:30",uploaded,https://www.facebook.com/reel/1186694933952799/,0,0,Reels,,,,,01/21/2023,0,,,,,,0,0,0,0,0,0.000,5.313
987021950111073,100064197037125,"PC Merchandise","READY STOCK: RYZEN 5 3400G / GTX 1650 builds. Same-day assembly. PM NOW!",,39,"01/25/2023 15:30",uploaded,https://www.facebook.com/reel/1186694933952799/,0,0,Reels,,,,,01/22/2023,0,,,,,,0,0,0,0,0,0.000,5.356
987021950111073,100064197037125,"PC Merchandise","READY STOCK: RYZEN 5 3400G / GTX 1650 builds. Same-day assembly. PM NOW!",,39,"01/25/2023 15:30",uploaded,https://www.facebook.com/reel/1186694933952799/,0,0,Reels,,,,,01/23/2023,0,,,,,,0,0,0,0,0,0.000,5.808
987021950111073,100064197037125,"PC Merchandise","READY STOCK: RYZEN 5 3400G / GTX 1650 builds. Same-day assembly. PM NOW!",,39,"01/25/2023 15:30",uploaded,https://www.facebook.com/reel/1186694933952799/,0,0,Reels,,,,,01/24/2023,0,,,,,,0,0,0,0,0,0.000,6.468
987021950111073,100064197037125,"PC Merchandise","READY STOCK: RYZEN 5 3400G / GTX 1650 builds. Same-day assembly. PM NOW!",,39,"01/25/2023 15:30",uploaded,https://www.facebook.com/reel/1186694933952799/,0,0,Reels,,,,,01/25/2023,0,,,,,,0,0,0,0,0,2764.931,5.176
987021950111073,100064197037125,"PC Merchandise","READY STOCK: RYZEN 5 3400G / GTX 1650 builds. Same-day assembly. PM NOW!",,39,"01/25/2023 15:30",uploaded,https://www.facebook.com/reel/1186694933952799/,0,0,Reels,,,,,01/26/2023,0,,,,,,0,0,0,0,0,799.644,4.751
987021950111073,100064197037125,"PC Merchandise","READY STOCK: RYZEN 5 3400G / GTX 1650 builds. Same-day assembly. PM NOW!",,39,"01/25/2023 15:30",uploaded,https://www.facebook.com/reel/1186694933952799/,0,0,Reels,,,,,01/27/2023,0,,,,,,0,0,0,0,0,2129.931,4.596
987021950111073,100064197037125,"PC Merchandise","READY STOCK: RYZEN 5 3400G / GTX 1650 builds. Same-day assembly. PM NOW!",,39,"01/25/2023 15:30",uploaded,https://www.facebook.com/reel/1186694933952799/,0,0,Reels,,,,,01/28/2023,0,,,,,,0,0,0,0,0,898.693,4.886
987021950111073,100064197037125,"PC Merchandise","READY STOCK: RYZEN 5 3400G / GTX 1650 builds. Same-day assembly. PM NOW!",,39,"01/25/2023 15:30",uploaded,https://www.facebook.com/reel/1186694933952799/,0,0,Reels,,,,,01/29/2023,0,,,,,,0,0,2,0,2,1194.870,6.327
987021950111073,100064197037125,"PC Merchandise","READY STOCK: RYZEN 5 3400G / GTX 1650 builds. Same-day assembly. PM NOW!",,39,"01/25/2023 15:30",uploaded,https://www.facebook.com/reel/1186694933952799/,0,0,Reels,,,,,01/30/2023,0,,,,,,0,0,0,0,0,557.073,6.947
987021950111073,100064197037125,"PC Merchandise","READY STOCK: RYZEN 5 3400G / GTX 1650 builds. Same-day assembly. PM NOW!",,39,"01/25/2023 15:30",uploaded,https://www.facebook.com/reel/1186694933952799/,0,0,Reels,,,,,01/31/2023,0,,,,,,0,0,1,0,1,632.793,6.103
987095487959135,100064197037125,"PC Merchandise","ito na po yung ghost project🥲",,100,"01/24/2023 22:05",mixed,https://www.facebook.com/pcmerchandise.co/videos/2314002269586926/,0,0,Videos,,,,,01/01/2023,0,,0,0,0,0,0,0,0,0,0,0.000,4.608
987095487959135,100064197037125,"PC Merchandise","ito na po yung ghost project🥲",,100,"01/24/2023 22:05",mixed,https://www.facebook.com/pcmerchandise.co/videos/2314002269586926/,0,0,Videos,,,,,01/02/2023,0,,0,0,0,0,0,0,0,0,0,0.000,3.577
987095487959135,100064197037125,"PC Merchandise","ito na po yung ghost project🥲",,100,"01/24/2023 22:05",mixed,https://www.facebook.com/pcmerchandise.co/videos/2314002269586926/,0,0,Videos,,,,,01/03/2023,0,,0,0,0,0,0,0,0,0,0,0.000,5.221
987095487959135,100064197037125,"PC Merchandise","ito na po yung ghost project🥲",,100,"01/24/2023 22:05",mixed,https://www.facebook.com/pcmerchandise.co/videos/2314002269586926/,0,0,Videos,,,,,01/04/2023,0,,0,0,0,0,0,0,0,0,0,0.000,4.358
987095487959135,100064197037125,"PC Merchandise","ito na po yung ghost project🥲",,100,"01/24/2023 22:05",mixed,https://www.facebook.com/pcmerchandise.co/videos/2314002269586926/,0,0,Videos,,,,,01/05/2023,0,,0,0,0,0,0,0,0,0,0,0.000,3.731
987095487959135,100064197037125,"PC Merchandise","ito na po yung ghost project🥲",,100,"01/24/2023 22:05",mixed,https://www.facebook.com/pcmerchandise.co/videos/2314002269586926/,0,0,Videos,,,,,01/06/2023,0,,0,0,0,0,0,0,0,0,0,0.000,4.950
987095487959135,100064197037125,"PC Merchandise","ito na po yung ghost project🥲",,100,"01/24/2023 22:05",mixed,https://www.facebook.com/pcmerchandise.co/videos/2314002269586926/,0,0,Videos,,,,,01/07/2023,0,,0,0,0,0,0,0,0,0,0,0.000,4.588
987095487959135,100064197037125,"PC Merchandise","ito na po yung ghost project🥲",,100,"01/24/2023 22:05",mixed,https://www.facebook.com/pcmerchandise.co/videos/2314002269586926/,0,0,Videos,,,,,01/08/2023,0,,0,0,0,0,0,0,0,0,0,0.000,4.892
987095487959135,100064197037125,"PC Merchandise","ito na po yung ghost project🥲",,100,"01/24/2023 22:05",mixed,https://www.facebook.com/pcmerchandise.co/videos/2314002269586926/,0,0,Videos,,,,,01/09/2023,0,,0,0,0,0,0,0,0,0,0,0.000,5.320
987095487959135,100064197037125,"PC Merchandise","ito na po yung ghost project🥲",,100,"01/24/2023 22:05",mixed,https://www.facebook.com/pcmerchandise.co/videos/2314002269586926/,0,0,Videos,,,,,01/10/2023,0,,0,0,0,0,0,0,0,0,0,0.000,4.696
987095487959135,100064197037125,"PC Merchandise","ito na po yung ghost project🥲",,100,"01/24/2023 22:05",mixed,https://www.facebook.com/pcmerchandise.co/videos/2314002269586926/,0,0,Videos,,,,,01/11/2023,0,,0,0,0,0,0,0,0,0,0,0.000,2.604
987095487959135,100064197037125,"PC Merchandise","ito na po yung ghost project🥲",,100,"01/24/2023 22:05",mixed,https://www.facebook.com/pcmerchandise.co/videos/2314002269586926/,0,0,Videos,,,,,01/12/2023,0,,0,0,0,0,0,0,0,0,0,0.000,4.572
987095487959135,100064197037125,"PC Merchandise","ito na po yung ghost project🥲",,100,"01/24/2023 22:05",mixed,https://www.facebook.com/pcmerchandise.co/videos/2314002269586926/,0,0,Videos,,,,,01/13/2023,0,,0,0,0,0,0,0,0,0,0,0.000,4.641
987095487959135,100064197037125,"PC Merchandise","ito na po yung ghost project🥲",,100,"01/24/2023 22:05",mixed,https://www.facebook.com/pcmerchandise.co/videos/2314002269586926/,0,0,Videos,,,,,01/14/2023,0,,0,0,0,0,0,0,0,0,0,0.000,5.282
987095487959135,100064197037125,"PC Merchandise","ito na po yung ghost project🥲",,100,"01/24/2023 22:05",mixed,https://www.facebook.com/pcmerchandise.co/videos/2314002269586926/,0,0,Videos,,,,,01/15/2023,0,,0,0,0,0,0,0,0,0,0,0.000,5.095
987095487959135,100064197037125,"PC Merchandise","ito na po yung ghost project🥲",,100,"01/24/2023 22:05",mixed,https://www.facebook.com/pcmerchandise.co/videos/2314002269586926/,0,0,Videos,,,,,01/16/2023,0,,0,0,0,0,0,0,0,0,0,0.000,3.247
987095487959135,100064197037125,"PC Merchandise","ito na po yung ghost project🥲",,100,"01/24/2023 22:05",mixed,https://www.facebook.com/pcmerchandise.co/videos/2314002269586926/,0,0,Videos,,,,,01/17/2023,0,,0,0,0,0,0,0,0,0,0,0.000,5.693
987095487959135,100064197037125,"PC Merchandise","ito na po yung ghost project🥲",,100,"01/24/2023 22:05",mixed,https://www.facebook.com/pcmerchandise.co/videos/2314002269586926/,0,0,Videos,,,,,01/18/2023,0,,0,0,0,0,0,0,0,0,0,0.000,6.076
987095487959135,100064197037125,"PC Merchandise","ito na po yung ghost project🥲",,100,"01/24/2023 22:05",mixed,https://www.facebook.com/pcmerchandise.co/videos/2314002269586926/,0,0,Videos,,,,,01/19/2023,0,,0,0,0,0,0,0,0,0,0,0.000,3.873
987095487959135,100064197037125,"PC Merchandise","ito na po yung ghost project🥲",,100,"01/24/2023 22:05",mixed,https://www.facebook.com/pcmerchandise.co/videos/2314002269586926/,0,0,Videos,,,,,01/20/2023,0,,0,0,0,0,0,0,0,0,0,0.000,5.114
987095487959135,100064197037125,"PC Merchandise","ito na po yung ghost project🥲",,100,"01/24/2023 22:05",mixed,https://www.facebook.com/pcmerchandise.co/videos/2314002269586926/,0,0,Videos,,,,,01/21/2023,0,,0,0,0,0,0,0,0,0,0,0.000,4.093
987095487959135,100064197037125,"PC Merchandise","ito na po yung ghost project🥲",,100,"01/24/2023 22:05",mixed,https://www.facebook.com/pcmerchandise.co/videos/2314002269586926/,0,0,Videos,,,,,01/22/2023,0,,0,0,0,0,0,0,0,0,0,0.000,5.751
987095487959135,100064197037125,"PC Merchandise","ito na po yung ghost project🥲",,100,"01/24/2023 22:05",mixed,https://www.facebook.com/pcmerchandise.co/videos/2314002269586926/,0,0,Videos,,,,,01/23/2023,0,,0,0,0,0,0,0,0,0,0,0.000,4.801
987095487959135,100064197037125,"PC Merchandise","ito na po yung ghost project🥲",,100,"01/24/2023 22:05",mixed,https://www.facebook.com/pcmerchandise.co/videos/2314002269586926/,0,0,Videos,,,,,01/24/2023,0,,94,9,77,8,0,0,1,1,0,462.079,5.675
987095487959135,100064197037125,"PC Merchandise","ito na po yung ghost project🥲",,100,"01/24/2023 22:05",mixed,https://www.facebook.com/pcmerchandise.co/videos/2314002269586926/,0,0,Videos,,,,,01/25/2023,0,,69,4,59,3,0,0,0,0,0,406.510,4.847
987095487959135,100064197037125,"PC Merchandise","ito na po yung ghost project🥲",,100,"01/24/2023 22:05",mixed,https://www.facebook.com/pcmerchandise.co/videos/2314002269586926/,0,0,Videos,,,,,01/26/2023,0,,59,6,53,5,0,0,1,1,0,228.592,4.409
987095487959135,100064197037125,"PC Merchandise","ito na po yung ghost project🥲",,100,"01/24/2023 22:05",mixed,https://www.facebook.com/pcmerchandise.co/videos/2314002269586926/,0,0,Videos,,,,,01/27/2023,0,,36,5,28,4,0,0,1,0,1,188.206,4.662
987095487959135,100064197037125,"PC Merchandise","ito na po yung ghost project🥲",,100,"01/24/2023 22:05",mixed,https://www.facebook.com/pcmerchandise.co/videos/2314002269586926/,0,0,Videos,,,,,01/28/2023,0,,30,5,26,4,0,0,0,0,0,259.441,3.768
987095487959135,100064197037125,"PC Merchandise","ito na po yung ghost project🥲",,100,"01/24/2023 22:05",mixed,https://www.facebook.com/pcmerchandise.co/videos/2314002269586926/,0,0,Videos,,,,,01/29/2023,0,,14,1,10,0,0,0,0,0,0,99.654,5.005
987095487959135,100064197037125,"PC Merchandise","ito na po yung ghost project🥲",,100,"01/24/2023 22:05",mixed,https://www.facebook.com/pcmerchandise.co/videos/2314002269586926/,0,0,Videos,,,,,01/30/2023,0,,27,2,25,1,0,0,0,0,0,105.236,5.377
987095487959135,100064197037125,"PC Merchandise","ito na po yung ghost project🥲",,100,"01/24/2023 22:05",mixed,https://www.facebook.com/pcmerchandise.co/videos/2314002269586926/,0,0,Videos,,,,,01/31/2023,0,,6,0,4,0,0,0,0,0,0,25.051,3.397
987058733089056,100064197037125,"PC Merchandise","READY STOCK: i5 10400F / RX 580 builds. Same-day assembly. PM NOW!",,0,"01/24/2023 22:00",,https://www.facebook.com/pcmerchandise.co/posts/pfbid0GofOZazuNUlpJJOv23ybuY9c3ZlCE9thmogdlcpUH0gnxp5GYjlDtt7Y,0,0,Photos,,,,,01/31/2023,1,,,,,,,,,,,,
987058733089056,100064197037125,"PC Merchandise","READY STOCK: i5 10400F / RX 580 builds. Same-day assembly. PM NOW!",,0,"01/24/2023 22:00",,https://www.facebook.com/pcmerchandise.co/posts/pfbid0GofOZazuNUlpJJOv23ybuY9c3ZlCE9thmogdlcpUH0gnxp5GYjlDtt7Y,0,0,Photos,,,,,01/01/2023,,,0,0,0,0,0,0,,,,,
987058733089056,100064197037125,"PC Merchandise","READY STOCK: i5 10400F / RX 580 builds. Same-day assembly. PM NOW!",,0,"01/24/2023 22:00",,https://www.facebook.com/pcmerchandise.co/posts/pfbid0GofOZazuNUlpJJOv23ybuY9c3ZlCE9thmogdlcpUH0gnxp5GYjlDtt7Y,0,0,Photos,,,,,01/02/2023,,,0,0,0,0,0,0,,,,,
987058733089056,100064197037125,"PC Merchandise","READY STOCK: i5 10400F / RX 580 builds. Same-day assembly. PM NOW!",,0,"01/24/2023 22:00",,https://www.facebook.com/pcmerchandise.co/posts/pfbid0GofOZazuNUlpJJOv23ybuY9c3ZlCE9thmogdlcpUH0gnxp5GYjlDtt7Y,0,0,Photos,,,,,01/03/2023,,,0,0,0,0,0,0,,,,,
987058733089056,100064197037125,"PC Merchandise","READY STOCK: i5 10400F / RX 580 builds. Same-day assembly. PM NOW!",,0,"01/24/2023 22:00",,https://www.facebook.com/pcmerchandise.co/posts/pfbid0GofOZazuNUlpJJOv23ybuY9c3ZlCE9thmogdlcpUH0gnxp5GYjlDtt7Y,0,0,Photos,,,,,01/04/2023,,,0,0,0,0,0,0,,,,,
987058733089056,100064197037125,"PC Merchandise","READY STOCK: i5 10400F / RX 580 builds. Same-day assembly. PM NOW!",,0,"01/24/2023 22:00",,https://www.facebook.com/pcmerchandise.co/posts/pfbid0GofOZazuNUlpJJOv23ybuY9c3ZlCE9thmogdlcpUH0gnxp5GYjlDtt7Y,0,0,Photos,,,,,01/05/2023,,,0,0,0,0,0,0,,,,,
987058733089056,100064197037125,"PC Merchandise","READY STOCK: i5 10400F / RX 580 builds. Same-day assembly. PM NOW!",,0,"01/24/2023 22:00",,https://www.facebook.com/pcmerchandise.co/posts/pfbid0GofOZazuNUlpJJOv23ybuY9c3ZlCE9thmogdlcpUH0gnxp5GYjlDtt7Y,0,0,Photos,,,,,01/06/2023,,,0,0,0,0,0,0,,,,,
987058733089056,100064197037125,"PC Merchandise","READY STOCK: i5 10400F / RX 580 builds. Same-day assembly. PM NOW!",,0,"01/24/2023 22:00",,https://www.facebook.com/pcmerchandise.co/posts/pfbid0GofOZazuNUlpJJOv23ybuY9c3ZlCE9thmogdlcpUH0gnxp5GYjlDtt7Y,0,0,Photos,,,,,01/07/2023,,,0,0,0,0,0,0,,,,,
987058733089056,100064197037125,"PC Merchandise","READY STOCK: i5 10400F / RX 580 builds. Same-day assembly. PM NOW!",,0,"01/24/2023 22:00",,https://www.facebook.com/pcmerchandise.co/posts/pfbid0GofOZazuNUlpJJOv23ybuY9c3ZlCE9thmogdlcpUH0gnxp5GYjlDtt7Y,0,0,Photos,,,,,01/08/2023,,,0,0,0,0,0,0,,,,,
987058733089056,100064197037125,"PC Merchandise","READY STOCK: i5 10400F / RX 580 builds. Same-day assembly. PM NOW!",,0,"01/24/2023 22:00",,https://www.facebook.com/pcmerchandise.co/posts/pfbid0GofOZazuNUlpJJOv23ybuY9c3ZlCE9thmogdlcpUH0gnxp5GYjlDtt7Y,0,0,Photos,,,,,01/09/2023,,,0,0,0,0,0,0,,,,,
987058733089056,100064197037125,"PC Merchandise","READY STOCK: i5 10400F / RX 580 builds. Same-day assembly. PM NOW!",,0,"01/24/2023 22:00",,https://www.facebook.com/pcmerchandise.co/posts/pfbid0GofOZazuNUlpJJOv23ybuY9c3ZlCE9thmogdlcpUH0gnxp5GYjlDtt7Y,0,0,Photos,,,,,01/10/2023,,,0,0,0,0,0,0,,,,,
987058733089056,100064197037125,"PC Merchandise","READY STOCK: i5 10400F / RX 580 builds. Same-day assembly. PM NOW!",,0,"01/24/2023 22:00",,https://www.facebook.com/pcmerchandise.co/posts/pfbid0GofOZazuNUlpJJOv23ybuY9c3ZlCE9thmogdlcpUH0gnxp5GYjlDtt7Y,0,0,Photos,,,,,01/11/2023,,,0,0,0,0,0,0,,,,,
987058733089056,100064197037125,"PC Merchandise","READY STOCK: i5 10400F / RX 580 builds. Same-day assembly. PM NOW!",,0,"01/24/2023 22:00",,https://www.facebook.com/pcmerchandise.co/posts/pfbid0GofOZazuNUlpJJOv23ybuY9c3ZlCE9thmogdlcpUH0gnxp5GYjlDtt7Y,0,0,Photos,,,,,01/12/2023,,,0,0,0,0,0,0,,,,,
987058733089056,100064197037125,"PC Merchandise","READY STOCK: i5 10400F / RX 580 builds. Same-day assembly. PM NOW!",,0,"01/24/2023 22:00",,https://www.facebook.com/pcmerchandise.co/posts/pfbid0GofOZazuNUlpJJOv23ybuY9c3ZlCE9thmogdlcpUH0gnxp5GYjlDtt7Y,0,0,Photos,,,,,01/13/2023,,,0,0,0,0,0,0,,,,,
987058733089056,100064197037125,"PC Merchandise","READY STOCK: i5 10400F / RX 580 builds. Same-day assembly. PM NOW!",,0,"01/24/2023 22:00",,https://www.facebook.com/pcmerchandise.co/posts/pfbid0GofOZazuNUlpJJOv23ybuY9c3ZlCE9thmogdlcpUH0gnxp5GYjlDtt7Y,0,0,Photos,,,,,01/14/2023,,,0,0,0,0,0,0,,,,,
987058733089056,100064197037125,"PC Merchandise","READY STOCK: i5 10400F / RX 580 builds. Same-day assembly. PM NOW!",,0,"01/24/2023 22:00",,https://www.facebook.com/pcmerchandise.co/posts/pfbid0GofOZazuNUlpJJOv23ybuY9c3ZlCE9thmogdlcpUH0gnxp5GYjlDtt7Y,0,0,Photos,,,,,01/15/2023,,,0,0,0,0,0,0,,,,,
987058733089056,100064197037125,"PC Merchandise","READY STOCK: i5 10400F / RX 580 builds. Same-day assembly. PM NOW!",,0,"01/24/2023 22:00",,https://www.facebook.com/pcmerchandise.co/posts/pfbid0GofOZazuNUlpJJOv23ybuY9c3ZlCE9thmogdlcpUH0gnxp5GYjlDtt7Y,0,0,Photos,,,,,01/16/2023,,,0,0,0,0,0,0,,,,,
987058733089056,100064197037125,"PC Merchandise","READY STOCK: i5 10400F / RX 580 builds. Same-day assembly. PM NOW!",,0,"01/24/2023 22:00",,https://www.facebook.com/pcmerchandise.co/posts/pfbid0GofOZazuNUlpJJOv23ybuY9c3ZlCE9thmogdlcpUH0gnxp5GYjlDtt7Y,0,0,Photos,,,,,01/17/2023,,,0,0,0,0,0,0,,,,,
987058733089056,100064197037125,"PC Merchandise","READY STOCK: i5 10400F / RX 580 builds. Same-day assembly. PM NOW!",,0,"01/24/2023 22:00",,https://www.facebook.com/pcmerchandise.co/posts/pfbid0GofOZazuNUlpJJOv23ybuY9c3ZlCE9thmogdlcpUH0gnxp5GYjlDtt7Y,0,0,Photos,,,,,01/18/2023,,,0,0,0,0,0,0,,,,,
987058733089056,100064197037125,"PC Merchandise","READY STOCK: i5 10400F / RX 580 builds. Same-day assembly. PM NOW!",,0,"01/24/2023 22:00",,https://www.facebook.com/pcmerchandise.co/posts/pfbid0GofOZazuNUlpJJOv23ybuY9c3ZlCE9thmogdlcpUH0gnxp5GYjlDtt7Y,0,0,Photos,,,,,01/19/2023,,,0,0,0,0,0,0,,,,,
987058733089056,100064197037125,"PC Merchandise","READY STOCK: i5 10400F / RX 580 builds. Same-day assembly. PM NOW!",,0,"01/24/2023 22:00",,https://www.facebook.com/pcmerchandise.co/posts/pfbid0GofOZazuNUlpJJOv23ybuY9c3ZlCE9thmogdlcpUH0gnxp5GYjlDtt7Y,0,0,Photos,,,,,01/20/2023,,,0,0,0,0,0,0,,,,,
987058733089056,100064197037125,"PC Merchandise","READY STOCK: i5 10400F / RX 580 builds. Same-day assembly. PM NOW!",,0,"01/24/2023 22:00",,https://www.facebook.com/pcmerchandise.co/posts/pfbid0GofOZazuNUlpJJOv23ybuY9c3ZlCE9thmogdlcpUH0gnxp5GYjlDtt7Y,0,0,Photos,,,,,01/21/2023,,,0,0,0,0,0,0,,,,,
987058733089056,100064197037125,"PC Merchandise","READY STOCK: i5 10400F / RX 580 builds. Same-day assembly. PM NOW!",,0,"01/24/2023 22:00",,https://www.facebook.com/pcmerchandise.co/posts/pfbid0GofOZazuNUlpJJOv23ybuY9c3ZlCE9thmogdlcpUH0gnxp5GYjlDtt7Y,0,0,Photos,,,,,01/22/2023,,,0,0,0,0,0,0,,,,,
987058733089056,100064197037125,"PC Merchandise","READY STOCK: i5 10400F / RX 580 builds. Same-day assembly. PM NOW!",,0,"01/24/2023 22:00",,https://www.facebook.com/pcmerchandise.co/posts/pfbid0GofOZazuNUlpJJOv23ybuY9c3ZlCE9thmogdlcpUH0gnxp5GYjlDtt7Y,0,0,Photos,,,,,01/23/2023,,,0,0,0,0,0,0,,,,,
987058733089056,100064197037125,"PC Merchandise","READY STOCK: i5 10400F / RX 580 builds. Same-day assembly. PM NOW!",,0,"01/24/2023 22:00",,https://www.facebook.com/pcmerchandise.co/posts/pfbid0GofOZazuNUlpJJOv23ybuY9c3ZlCE9thmogdlcpUH0gnxp5GYjlDtt7Y,0,0,Photos,,,,,01/24/2023,,,0,0,0,0,0,0,,,,,
987058733089056,100064197037125,"PC Merchandise","READY STOCK: i5 10400F / RX 580 builds. Same-day assembly. PM NOW!",,0,"01/24/2023 22:00",,https://www.facebook.com/pcmerchandise.co/posts/pfbid0GofOZazuNUlpJJOv23ybuY9c3ZlCE9thmogdlcpUH0gnxp5GYjlDtt7Y,0,0,Photos,,,,,01/25/2023,,,0,0,0,0,0,0,,,,,
987058733089056,100064197037125,"PC Merchandise","READY STOCK: i5 10400F / RX 580 builds. Same-day assembly. PM NOW!",,0,"01/24/2023 22:00",,https://www.facebook.com/pcmerchandise.co/posts/pfbid0GofOZazuNUlpJJOv23ybuY9c3ZlCE9thmogdlcpUH0gnxp5GYjlDtt7Y,0,0,Photos,,,,,01/26/2023,,,0,0,0,0,0,0,,,,,
987058733089056,100064197037125,"PC Merchandise","READY STOCK: i5 10400F / RX 580 builds. Same-day assembly. PM NOW!",,0,"01/24/2023 22:00",,https://www.facebook.com/pcmerchandise.co/posts/pfbid0GofOZazuNUlpJJOv23ybuY9c3ZlCE9thmogdlcpUH0gnxp5GYjlDtt7Y,0,0,Photos,,,,,01/27/2023,,,0,0,0,0,0,0,,,,,
987058733089056,100064197037125,"PC Merchandise","READY STOCK: i5 10400F / RX 580 builds. Same-day assembly. PM NOW!",,0,"01/24/2023 22:00",,https://www.facebook.com/pcmerchandise.co/posts/pfbid0GofOZazuNUlpJJOv23ybuY9c3ZlCE9thmogdlcpUH0gnxp5GYjlDtt7Y,0,0,Photos,,,,,01/28/2023,,,0,0,0,0,0,0,,,,,
987058733089056,100064197037125,"PC Merchandise","READY STOCK: i5 10400F / RX 580 builds. Same-day assembly. PM NOW!",,0,"01/24/2023 22:00",,https://www.facebook.com/pcmerchandise.co/posts/pfbid0GofOZazuNUlpJJOv23ybuY9c3ZlCE9thmogdlcpUH0gnxp5GYjlDtt7Y,0,0,Photos,,,,,01/29/2023,,,0,0,0,0,0,0,,,,,
987058733089056,100064197037125,"PC Merchandise","READY STOCK: i5 10400F / RX 580 builds. Same-day assembly. PM NOW!",,0,"01/24/2023 22:00",,https://www.facebook.com/pcmerchandise.co/posts/pfbid0GofOZazuNUlpJJOv23ybuY9c3ZlCE9thmogdlcpUH0gnxp5GYjlDtt7Y,0,0,Photos,,,,,01/30/2023,,,0,0,0,0,0,0,,,,,
987058733089056,100064197037125,"PC Merchandise","READY STOCK: i5 10400F / RX 580 builds. Same-day assembly. PM NOW!",,0,"01/24/2023 22:00",,https://www.facebook.com/pcmerchandise.co/posts/pfbid0GofOZazuNUlpJJOv23ybuY9c3ZlCE9thmogdlcpUH0gnxp5GYjlDtt7Y,0,0,Photos,,,,,01/31/2023,,,0,0,0,0,0,0,,,,,
987699003900714,100064197037125,"PC Merchandise","malas naman🥹",,0,"01/24/2023 03:01",,https://www.facebook.com/pcmerchandise.co/posts/pfbid0muY6rkCHvwUWICDgSx9LMbDY25D69IKoH2tBFmCJzKtWnFHtC4mKPl7Y,0,0,Photos,,,,,01/31/2023,3,,,,,,,,,,,,
987699003900714,100064197037125,"PC Merchandise","malas naman🥹",,0,"01/24/2023 03:01",,https://www.facebook.com/pcmerchandise.co/posts/pfbid0muY6rkCHvwUWICDgSx9LMbDY25D69IKoH2tBFmCJzKtWnFHtC4mKPl7Y,0,0,Photos,,,,,01/01/2023,,,0,0,0,0,0,0,,,,,
987699003900714,100064197037125,"PC Merchandise","malas naman🥹",,0,"01/24/2023 03:01",,https://www.facebook.com/pcmerchandise.co/posts/pfbid0muY6rkCHvwUWICDgSx9LMbDY25D69IKoH2tBFmCJzKtWnFHtC4mKPl7Y,0,0,Photos,,,,,01/02/2023,,,0,0,0,0,0,0,,,,,
987699003900714,100064197037125,"PC Merchandise","malas naman🥹",,0,"01/24/2023 03:01",,https://www.facebook.com/pcmerchandise.co/posts/pfbid0muY6rkCHvwUWICDgSx9LMbDY25D69IKoH2tBFmCJzKtWnFHtC4mKPl7Y,0,0,Photos,,,,,01/03/2023,,,0,0,0,0,0,0,,,,,
987699003900714,100064197037125,"PC Merchandise","malas naman🥹",,0,"01/24/2023 03:01",,https://www.facebook.com/pcmerchandise.co/posts/pfbid0muY6rkCHvwUWICDgSx9LMbDY25D69IKoH2tBFmCJzKtWnFHtC4mKPl7Y,0,0,Photos,,,,,01/04/2023,,,0,0,0,0,0,0,,,,,
987699003900714,100064197037125,"PC Merchandise","malas naman🥹",,0,"01/24/2023 03:01",,https://www.facebook.com/pcmerchandise.co/posts/pfbid0muY6rkCHvwUWICDgSx9LMbDY25D69IKoH2tBFmCJzKtWnFHtC4mKPl7Y,0,0,Photos,,,,,01/05/2023,,,0,0,0,0,0,0,,,,,
987699003900714,100064197037125,"PC Merchandise","malas naman🥹",,0,"01/24/2023 03:01",,https://www.facebook.com/pcmerchandise.co/posts/pfbid0muY6rkCHvwUWICDgSx9LMbDY25D69IKoH2tBFmCJzKtWnFHtC4mKPl7Y,0,0,Photos,,,,,01/06/2023,,,0,0,0,0,0,0,,,,,
987699003900714,100064197037125,"PC Merchandise","malas naman🥹",,0,"01/24/2023 03:01",,https://www.facebook.com/pcmerchandise.co/posts/pfbid0muY6rkCHvwUWICDgSx9LMbDY25D69IKoH2tBFmCJzKtWnFHtC4mKPl7Y,0,0,Photos,,,,,01/07/2023,,,0,0,0,0,0,0,,,,,
987699003900714,100064197037125,"PC Merchandise","malas naman🥹",,0,"01/24/2023 03:01",,https://www.facebook.com/pcmerchandise.co/posts/pfbid0muY6rkCHvwUWICDgSx9LMbDY25D69IKoH2tBFmCJzKtWnFHtC4mKPl7Y,0,0,Photos,,,,,01/08/2023,,,0,0,0,0,0,0,,,,,
987699003900714,100064197037125,"PC Merchandise","malas naman🥹",,0,"01/24/2023 03:01",,https://www.facebook.com/pcmerchandise.co/posts/pfbid0muY6rkCHvwUWICDgSx9LMbDY25D69IKoH2tBFmCJzKtWnFHtC4mKPl7Y,0,0,Photos,,,,,01/09/2023,,,0,0,0,0,0,0,,,,,
987699003900714,100064197037125,"PC Merchandise","malas naman🥹",,0,"01/24/2023 03:01",,https://www.facebook.com/pcmerchandise.co/posts/pfbid0muY6rkCHvwUWICDgSx9LMbDY25D69IKoH2tBFmCJzKtWnFHtC4mKPl7Y,0,0,Photos,,,,,01/10/2023,,,0,0,0,0,0,0,,,,,
987699003900714,100064197037125,"PC Merchandise","malas naman🥹",,0,"01/24/2023 03:01",,https://www.facebook.com/pcmerchandise.co/posts/pfbid0muY6rkCHvwUWICDgSx9LMbDY25D69IKoH2tBFmCJzKtWnFHtC4mKPl7Y,0,0,Photos,,,,,01/11/2023,,,0,0,0,0,0,0,,,,,
987699003900714,100064197037125,"PC Merchandise","malas naman🥹",,0,"01/24/2023 03:01",,https://www.facebook.com/pcmerchandise.co/posts/pfbid0muY6rkCHvwUWICDgSx9LMbDY25D69IKoH2tBFmCJzKtWnFHtC4mKPl7Y,0,0,Photos,,,,,01/12/2023,,,0,0,0,0,0,0,,,,,
987699003900714,100064197037125,"PC Merchandise","malas naman🥹",,0,"01/24/2023 03:01",,https://www.facebook.com/pcmerchandise.co/posts/pfbid0muY6rkCHvwUWICDgSx9LMbDY25D69IKoH2tBFmCJzKtWnFHtC4mKPl7Y,0,0,Photos,,,,,01/13/2023,,,0,0,0,0,0,0,,,,,
987699003900714,100064197037125,"PC Merchandise","malas naman🥹",,0,"01/24/2023 03:01",,https://www.facebook.com/pcmerchandise.co/posts/pfbid0muY6rkCHvwUWICDgSx9LMbDY25D69IKoH2tBFmCJzKtWnFHtC4mKPl7Y,0,0,Photos,,,,,01/14/2023,,,0,0,0,0,0,0,,,,,
987699003900714,100064197037125,"PC Merchandise","malas naman🥹",,0,"01/24/2023 03:01",,https://www.facebook.com/pcmerchandise.co/posts/pfbid0muY6rkCHvwUWICDgSx9LMbDY25D69IKoH2tBFmCJzKtWnFHtC4mKPl7Y,0,0,Photos,,,,,01/15/2023,,,0,0,0,0,0,0,,,,,
987699003900714,100064197037125,"PC Merchandise","malas naman🥹",,0,"01/24/2023 03:01",,https://www.facebook.com/pcmerchandise.co/posts/pfbid0muY6rkCHvwUWICDgSx9LMbDY25D69IKoH2tBFmCJzKtWnFHtC4mKPl7Y,0,0,Photos,,,,,01/16/2023,,,0,0,0,0,0,0,,,,,
987699003900714,100064197037125,"PC Merchandise","malas naman🥹",,0,"01/24/2023 03:01",,https://www.facebook.com/pcmerchandise.co/posts/pfbid0muY6rkCHvwUWICDgSx9LMbDY25D69IKoH2tBFmCJzKtWnFHtC4mKPl7Y,0,0,Photos,,,,,01/17/2023,,,0,0,0,0,0,0,,,,,
987699003900714,100064197037125,"PC Merchandise","malas naman🥹",,0,"01/24/2023 03:01",,https://www.facebook.com/pcmerchandise.co/posts/pfbid0muY6rkCHvwUWICDgSx9LMbDY25D69IKoH2tBFmCJzKtWnFHtC4mKPl7Y,0,0,Photos,,,,,01/18/2023,,,0,0,0,0,0,0,,,,,
987699003900714,100064197037125,"PC Merchandise","malas naman🥹",,0,"01/24/2023 03:01",,https://www.facebook.com/pcmerchandise.co/posts/pfbid0muY6rkCHvwUWICDgSx9LMbDY25D69IKoH2tBFmCJzKtWnFHtC4mKPl7Y,0,0,Photos,,,,,01/19/2023,,,0,0,0,0,0,0,,,,,
987699003900714,100064197037125,"PC Merchandise","malas naman🥹",,0,"01/24/2023 03:01",,https://www.facebook.com/pcmerchandise.co/posts/pfbid0muY6rkCHvwUWICDgSx9LMbDY25D69IKoH2tBFmCJzKtWnFHtC4mKPl7Y,0,0,Photos,,,,,01/20/2023,,,0,0,0,0,0,0,,,,,
987699003900714,100064197037125,"PC Merchandise","malas naman🥹",,0,"01/24/2023 03:01",,https://www.facebook.com/pcmerchandise.co/posts/pfbid0muY6rkCHvwUWICDgSx9LMbDY25D69IKoH2tBFmCJzKtWnFHtC4mKPl7Y,0,0,Photos,,,,,01/21/2023,,,0,0,0,0,0,0,,,,,
987699003900714,100064197037125,"PC Merchandise","malas naman🥹",,0,"01/24/2023 03:01",,https://www.facebook.com/pcmerchandise.co/posts/pfbid0muY6rkCHvwUWICDgSx9LMbDY25D69IKoH2tBFmCJzKtWnFHtC4mKPl7Y,0,0,Photos,,,,,01/22/2023,,,0,0,0,0,0,0,,,,,
987699003900714,100064197037125,"PC Merchandise","malas naman🥹",,0,"01/24/2023 03:01",,https://www.facebook.com/pcmerchandise.co/posts/pfbid0muY6rkCHvwUWICDgSx9LMbDY25D69IKoH2tBFmCJzKtWnFHtC4mKPl7Y,0,0,Photos,,,,,01/23/2023,,,0,0,0,0,0,0,,,,,
987699003900714,100064197037125,"PC Merchandise","malas naman🥹",,0,"01/24/2023 03:01",,https://www.facebook.com/pcmerchandise.co/posts/pfbid0muY6rkCHvwUWICDgSx9LMbDY25D69IKoH2tBFmCJzKtWnFHtC4mKPl7Y,0,0,Photos,,,,,01/24/2023,,,0,0,0,0,0,0,,,,,
987699003900714,100064197037125,"PC Merchandise","malas naman🥹",,0,"01/24/2023 03:01",,https://www.facebook.com/pcmerchandise.co/posts/pfbid0muY6rkCHvwUWICDgSx9LMbDY25D69IKoH2tBFmCJzKtWnFHtC4mKPl7Y,0,0,Photos,,,,,01/25/2023,,,0,0,0,0,0,0,,,,,
987699003900714,100064197037125,"PC Merchandise","malas naman🥹",,0,"01/24/2023 03:01",,https://www.facebook.com/pcmerchandise.co/posts/pfbid0muY6rkCHvwUWICDgSx9LMbDY25D69IKoH2tBFmCJzKtWnFHtC4mKPl7Y,0,0,Photos,,,,,01/26/2023,,,0,0,0,0,0,0,,,,,
987699003900714,100064197037125,"PC Merchandise","malas naman🥹",,0,"01/24/2023 03:01",,https://www.facebook.com/pcmerchandise.co/posts/pfbid0muY6rkCHvwUWICDgSx9LMbDY25D69IKoH2tBFmCJzKtWnFHtC4mKPl7Y,0,0,Photos,,,,,01/27/2023,,,0,0,0,0,0,0,,,,,
987699003900714,100064197037125,"PC Merchandise","malas naman🥹",,0,"01/24/2023 03:01",,https://www.facebook.com/pcmerchandise.co/posts/pfbid0muY6rkCHvwUWICDgSx9LMbDY25D69IKoH2tBFmCJzKtWnFHtC4mKPl7Y,0,0,Photos,,,,,01/28/2023,,,0,0,0,0,0,0,,,,,
987699003900714,100064197037125,"PC Merchandise","malas naman🥹",,0,"01/24/2023 03:01",,https://www.facebook.com/pcmerchandise.co/posts/pfbid0muY6rkCHvwUWICDgSx9LMbDY25D69IKoH2tBFmCJzKtWnFHtC4mKPl7Y,0,0,Photos,,,,,01/29/2023,,,0,0,0,0,0,0,,,,,
987699003900714,100064197037125,"PC Merchandise","malas naman🥹",,0,"01/24/2023 03:01",,https://www.facebook.com/pcmerchandise.co/posts/pfbid0muY6rkCHvwUWICDgSx9LMbDY25D69IKoH2tBFmCJzKtWnFHtC4mKPl7Y,0,0,Photos,,,,,01/30/2023,,,0,0,0,0,0,0,,,,,
987699003900714,100064197037125,"PC Merchandise","malas naman🥹",,0,"01/24/2023 03:01",,https://www.facebook.com/pcmerchandise.co/posts/pfbid0muY6rkCHvwUWICDgSx9LMbDY25D69IKoH2tBFmCJzKtWnFHtC4mKPl7Y,0,0,Photos,,,,,01/31/2023,,,0,0,0,0,0,0,,,,,
987650670129904,100064197037125,"PC Merchandise","READY STOCK: RYZEN 5 3400G / GTX 1660S builds. Same-day assembly. PM NOW!",,0,"01/23/2023 22:30",,https://www.facebook.com/pcmerchandise.co/posts/pfbid0ouUHTZ2hVUht3nuuExHleDOCdbCyFOCkTs8TIMcjcbhEP3rJt9o7P7mu,0,1,Photos,,,,,01/31/2023,0,,,,,,,,,,,,
987650670129904,100064197037125,"PC Merchandise","READY STOCK: RYZEN 5 3400G / GTX 1660S builds. Same-day assembly. PM NOW!",,0,"01/23/2023 22:30",,https://www.facebook.com/pcmerchandise.co/posts/pfbid0ouUHTZ2hVUht3nuuExHleDOCdbCyFOCkTs8TIMcjcbhEP3rJt9o7P7mu,0,1,Photos,,,,,01/01/2023,,,0,0,0,0,0,0,,,,,
987650670129904,100064197037125,"PC Merchandise","READY STOCK: RYZEN 5 3400G / GTX 1660S builds. Same-day assembly. PM NOW!",,0,"01/23/2023 22:30",,https://www.facebook.com/pcmerchandise.co/posts/pfbid0ouUHTZ2hVUht3nuuExHleDOCdbCyFOCkTs8TIMcjcbhEP3rJt9o7P7mu,0,1,Photos,,,,,01/02/2023,,,0,0,0,0,0,0,,,,,
987650670129904,100064197037125,"PC Merchandise","READY STOCK: RYZEN 5 3400G / GTX 1660S builds. Same-day assembly. PM NOW!",,0,"01/23/2023 22:30",,https://www.facebook.com/pcmerchandise.co/posts/pfbid0ouUHTZ2hVUht3nuuExHleDOCdbCyFOCkTs8TIMcjcbhEP3rJt9o7P7mu,0,1,Photos,,,,,01/03/2023,,,0,0,0,0,0,0,,,,,
987650670129904,100064197037125,"PC Merchandise","READY STOCK: RYZEN 5 3400G / GTX 1660S builds. Same-day assembly. PM NOW!",,0,"01/23/2023 22:30",,https://www.facebook.com/pcmerchandise.co/posts/pfbid0ouUHTZ2hVUht3nuuExHleDOCdbCyFOCkTs8TIMcjcbhEP3rJt9o7P7mu,0,1,Photos,,,,,01/04/2023,,,0,0,0,0,0,0,,,,,
987650670129904,100064197037125,"PC Merchandise","READY STOCK: RYZEN 5 3400G / GTX 1660S builds. Same-day assembly. PM NOW!",,0,"01/23/2023 22:30",,https://www.facebook.com/pcmerchandise.co/posts/pfbid0ouUHTZ2hVUht3nuuExHleDOCdbCyFOCkTs8TIMcjcbhEP3rJt9o7P7mu,0,1,Photos,,,,,01/05/2023,,,0,0,0,0,0,0,,,,,
987650670129904,100064197037125,"PC Merchandise","READY STOCK: RYZEN 5 3400G / GTX 1660S builds. Same-day assembly. PM NOW!",,0,"01/23/2023 22:30",,https://www.facebook.com/pcmerchandise.co/posts/pfbid0ouUHTZ2hVUht3nuuExHleDOCdbCyFOCkTs8TIMcjcbhEP3rJt9o7P7mu,0,1,Photos,,,,,01/06/2023,,,0,0,0,0,0,0,,,,,
987650670129904,100064197037125,"PC Merchandise","READY STOCK: RYZEN 5 3400G / GTX 1660S builds. Same-day assembly. PM NOW!",,0,"01/23/2023 22:30",,https://www.facebook.com/pcmerchandise.co/posts/pfbid0ouUHTZ2hVUht3nuuExHleDOCdbCyFOCkTs8TIMcjcbhEP3rJt9o7P7mu,0,1,Photos,,,,,01/07/2023,,,0,0,0,0,0,0,,,,,
987650670129904,100064197037125,"PC Merchandise","READY STOCK: RYZEN 5 3400G / GTX 1660S builds. Same-day assembly. PM NOW!",,0,"01/23/2023 22:30",,https://www.facebook.com/pcmerchandise.co/posts/pfbid0ouUHTZ2hVUht3nuuExHleDOCdbCyFOCkTs8TIMcjcbhEP3rJt9o7P7mu,0,1,Photos,,,,,01/08/2023,,,0,0,0,0,0,0,,,,,
987650670129904,100064197037125,"PC Merchandise","READY STOCK: RYZEN 5 3400G / GTX 1660S builds. Same-day assembly. PM NOW!",,0,"01/23/2023 22:30",,https://www.facebook.com/pcmerchandise.co/posts/pfbid0ouUHTZ2hVUht3nuuExHleDOCdbCyFOCkTs8TIMcjcbhEP3rJt9o7P7mu,0,1,Photos,,,,,01/09/2023,,,0,0,0,0,0,0,,,,,
987650670129904,100064197037125,"PC Merchandise","READY STOCK: RYZEN 5 3400G / GTX 1660S builds. Same-day assembly. PM NOW!",,0,"01/23/2023 22:30",,https://www.facebook.com/pcmerchandise.co/posts/pfbid0ouUHTZ2hVUht3nuuExHleDOCdbCyFOCkTs8TIMcjcbhEP3rJt9o7P7mu,0,1,Photos,,,,,01/10/2023,,,0,0,0,0,0,0,,,,,
987650670129904,100064197037125,"PC Merchandise","READY STOCK: RYZEN 5 3400G / GTX 1660S builds. Same-day assembly. PM NOW!",,0,"01/23/2023 22:30",,https://www.facebook.com/pcmerchandise.co/posts/pfbid0ouUHTZ2hVUht3nuuExHleDOCdbCyFOCkTs8TIMcjcbhEP3rJt9o7P7mu,0,1,Photos,,,,,01/11/2023,,,0,0,0,0,0,0,,,,,
987650670129904,100064197037125,"PC Merchandise","READY STOCK: RYZEN 5 3400G / GTX 1660S builds. Same-day assembly. PM NOW!",,0,"01/23/2023 22:30",,https://www.facebook.com/pcmerchandise.co/posts/pfbid0ouUHTZ2hVUht3nuuExHleDOCdbCyFOCkTs8TIMcjcbhEP3rJt9o7P7mu,0,1,Photos,,,,,01/12/2023,,,0,0,0,0,0,0,,,,,
987650670129904,100064197037125,"PC Merchandise","READY STOCK: RYZEN 5 3400G / GTX 1660S builds. Same-day assembly. PM NOW!",,0,"01/23/2023 22:30",,https://www.facebook.com/pcmerchandise.co/posts/pfbid0ouUHTZ2hVUht3nuuExHleDOCdbCyFOCkTs8TIMcjcbhEP3rJt9o7P7mu,0,1,Photos,,,,,01/13/2023,,,0,0,0,0,0,0,,,,,
987650670129904,100064197037125,"PC Merchandise","READY STOCK: RYZEN 5 3400G / GTX 1660S builds. Same-day assembly. PM NOW!",,0,"01/23/2023 22:30",,https://www.facebook.com/pcmerchandise.co/posts/pfbid0ouUHTZ2hVUht3nuuExHleDOCdbCyFOCkTs8TIMcjcbhEP3rJt9o7P7mu,0,1,Photos,,,,,01/14/2023,,,0,0,0,0,0,0,,,,,
987650670129904,100064197037125,"PC Merchandise","READY STOCK: RYZEN 5 3400G / GTX 1660S builds. Same-day assembly. PM NOW!",,0,"01/23/2023 22:30",,https://www.facebook.com/pcmerchandise.co/posts/pfbid0ouUHTZ2hVUht3nuuExHleDOCdbCyFOCkTs8TIMcjcbhEP3rJt9o7P7mu,0,1,Photos,,,,,01/15/2023,,,0,0,0,0,0,0,,,,,
987650670129904,100064197037125,"PC Merchandise","READY STOCK: RYZEN 5 3400G / GTX 1660S builds. Same-day assembly. PM NOW!",,0,"01/23/2023 22:30",,https://www.facebook.com/pcmerchandise.co/posts/pfbid0ouUHTZ2hVUht3nuuExHleDOCdbCyFOCkTs8TIMcjcbhEP3rJt9o7P7mu,0,1,Photos,,,,,01/16/2023,,,0,0,0,0,0,0,,,,,
987650670129904,100064197037125,"PC Merchandise","READY STOCK: RYZEN 5 3400G / GTX 1660S builds. Same-day assembly. PM NOW!",,0,"01/23/2023 22:30",,https://www.facebook.com/pcmerchandise.co/posts/pfbid0ouUHTZ2hVUht3nuuExHleDOCdbCyFOCkTs8TIMcjcbhEP3rJt9o7P7mu,0,1,Photos,,,,,01/17/2023,,,0,0,0,0,0,0,,,,,
987650670129904,100064197037125,"PC Merchandise","READY STOCK: RYZEN 5 3400G / GTX 1660S builds. Same-day assembly. PM NOW!",,0,"01/23/2023 22:30",,https://www.facebook.com/pcmerchandise.co/posts/pfbid0ouUHTZ2hVUht3nuuExHleDOCdbCyFOCkTs8TIMcjcbhEP3rJt9o7P7mu,0,1,Photos,,,,,01/18/2023,,,0,0,0,0,0,0,,,,,
987650670129904,100064197037125,"PC Merchandise","READY STOCK: RYZEN 5 3400G / GTX 1660S builds. Same-day assembly. PM NOW!",,0,"01/23/2023 22:30",,https://www.facebook.com/pcmerchandise.co/posts/pfbid0ouUHTZ2hVUht3nuuExHleDOCdbCyFOCkTs8TIMcjcbhEP3rJt9o7P7mu,0,1,Photos,,,,,01/19/2023,,,0,0,0,0,0,0,,,,,
987650670129904,100064197037125,"PC Merchandise","READY STOCK: RYZEN 5 3400G / GTX 1660S builds. Same-day assembly. PM NOW!",,0,"01/23/2023 22:30",,https://www.facebook.com/pcmerchandise.co/posts/pfbid0ouUHTZ2hVUht3nuuExHleDOCdbCyFOCkTs8TIMcjcbhEP3rJt9o7P7mu,0,1,Photos,,,,,01/20/2023,,,0,0,0,0,0,0,,,,,
987650670129904,100064197037125,"PC Merchandise","READY STOCK: RYZEN 5 3400G / GTX 1660S builds. Same-day assembly. PM NOW!",,0,"01/23/2023 22:30",,https://www.facebook.com/pcmerchandise.co/posts/pfbid0ouUHTZ2hVUht3nuuExHleDOCdbCyFOCkTs8TIMcjcbhEP3rJt9o7P7mu,0,1,Photos,,,,,01/21/2023,,,0,0,0,0,0,0,,,,,
987650670129904,100064197037125,"PC Merchandise","READY STOCK: RYZEN 5 3400G / GTX 1660S builds. Same-day assembly. PM NOW!",,0,"01/23/2023 22:30",,https://www.facebook.com/pcmerchandise.co/posts/pfbid0ouUHTZ2hVUht3nuuExHleDOCdbCyFOCkTs8TIMcjcbhEP3rJt9o7P7mu,0,1,Photos,,,,,01/22/2023,,,0,0,0,0,0,0,,,,,
987650670129904,100064197037125,"PC Merchandise","READY STOCK: RYZEN 5 3400G / GTX 1660S builds. Same-day assembly. PM NOW!",,0,"01/23/2023 22:30",,https://www.facebook.com/pcmerchandise.co/posts/pfbid0ouUHTZ2hVUht3nuuExHleDOCdbCyFOCkTs8TIMcjcbhEP3rJt9o7P7mu,0,1,Photos,,,,,01/23/2023,,,0,0,0,0,0,0,,,,,
987650670129904,100064197037125,"PC Merchandise","READY STOCK: RYZEN 5 3400G / GTX 1660S builds. Same-day assembly. PM NOW!",,0,"01/23/2023 22:30",,https://www.facebook.com/pcmerchandise.co/posts/pfbid0ouUHTZ2hVUht3nuuExHleDOCdbCyFOCkTs8TIMcjcbhEP3rJt9o7P7mu,0,1,Photos,,,,,01/24/2023,,,0,0,0,0,0,0,,,,,
987650670129904,100064197037125,"PC Merchandise","READY STOCK: RYZEN 5 3400G / GTX 1660S builds. Same-day assembly. PM NOW!",,0,"01/23/2023 22:30",,https://www.facebook.com/pcmerchandise.co/posts/pfbid0ouUHTZ2hVUht3nuuExHleDOCdbCyFOCkTs8TIMcjcbhEP3rJt9o7P7mu,0,1,Photos,,,,,01/25/2023,,,0,0,0,0,0,0,,,,,
987650670129904,100064197037125,"PC Merchandise","READY STOCK: RYZEN 5 3400G / GTX 1660S builds. Same-day assembly. PM NOW!",,0,"01/23/2023 22:30",,https://www.facebook.com/pcmerchandise.co/posts/pfbid0ouUHTZ2hVUht3nuuExHleDOCdbCyFOCkTs8TIMcjcbhEP3rJt9o7P7mu,0,1,Photos,,,,,01/26/2023,,,0,0,0,0,0,0,,,,,
987650670129904,100064197037125,"PC Merchandise","READY STOCK: RYZEN 5 3400G / GTX 1660S builds. Same-day assembly. PM NOW!",,0,"01/23/2023 22:30",,https://www.facebook.com/pcmerchandise.co/posts/pfbid0ouUHTZ2hVUht3nuuExHleDOCdbCyFOCkTs8TIMcjcbhEP3rJt9o7P7mu,0,1,Photos,,,,,01/27/2023,,,0,0,0,0,0,0,,,,,
987650670129904,100064197037125,"PC Merchandise","READY STOCK: RYZEN 5 3400G / GTX 1660S builds. Same-day assembly. PM NOW!",,0,"01/23/2023 22:30",,https://www.facebook.com/pcmerchandise.co/posts/pfbid0ouUHTZ2hVUht3nuuExHleDOCdbCyFOCkTs8TIMcjcbhEP3rJt9o7P7mu,0,1,Photos,,,,,01/28/2023,,,0,0,0,0,0,0,,,,,
987650670129904,100064197037125,"PC Merchandise","READY STOCK: RYZEN 5 3400G / GTX 1660S builds. Same-day assembly. PM NOW!",,0,"01/23/2023 22:30",,https://www.facebook.com/pcmerchandise.co/posts/pfbid0ouUHTZ2hVUht3nuuExHleDOCdbCyFOCkTs8TIMcjcbhEP3rJt9o7P7mu,0,1,Photos,,,,,01/29/2023,,,0,0,0,0,0,0,,,,,
987650670129904,100064197037125,"PC Merchandise","READY STOCK: RYZEN 5 3400G / GTX 1660S builds. Same-day assembly. PM NOW!",,0,"01/23/2023 22:30",,https://www.facebook.com/pcmerchandise.co/posts/pfbid0ouUHTZ2hVUht3nuuExHleDOCdbCyFOCkTs8TIMcjcbhEP3rJt9o7P7mu,0,1,Photos,,,,,01/30/2023,,,0,0,0,0,0,0,,,,,
987650670129904,100064197037125,"PC Merchandise","READY STOCK: RYZEN 5 3400G / GTX 1660S builds. Same-day assembly. PM NOW!",,0,"01/23/2023 22:30",,https://www.facebook.com/pcmerchandise.co/posts/pfbid0ouUHTZ2hVUht3nuuExHleDOCdbCyFOCkTs8TIMcjcbhEP3rJt9o7P7mu,0,1,Photos,,,,,01/31/2023,,,0,0,0,0,0,0,,,,,
987782805085961,100064197037125,"PC Merchandise","Sulit na sulit! RYZEN 5 2600 package, ready for pickup or shipping nationwide 🚚",,0,"01/23/2023 22:00",,https://www.facebook.com/pcmerchandise.co/posts/pfbid0KQAVYLz8nUgrFOuEiXOwAHq5linBbIR6w5fVUhxTCGGtUM9UqqWUdGtf,0,0,Photos,,,,,01/31/2023,0,,,,,,,,,,,,
987782805085961,100064197037125,"PC Merchandise","Sulit na sulit! RYZEN 5 2600 package, ready for pickup or shipping nationwide 🚚",,0,"01/23/2023 22:00",,https://www.facebook.com/pcmerchandise.co/posts/pfbid0KQAVYLz8nUgrFOuEiXOwAHq5linBbIR6w5fVUhxTCGGtUM9UqqWUdGtf,0,0,Photos,,,,,01/01/2023,,,0,0,0,0,0,0,,,,,
987782805085961,100064197037125,"PC Merchandise","Sulit na sulit! RYZEN 5 2600 package, ready for pickup or shipping nationwide 🚚",,0,"01/23/2023 22:00",,https://www.facebook.com/pcmerchandise.co/posts/pfbid0KQAVYLz8nUgrFOuEiXOwAHq5linBbIR6w5fVUhxTCGGtUM9UqqWUdGtf,0,0,Photos,,,,,01/02/2023,,,0,0,0,0,0,0,,,,,
987782805085961,100064197037125,"PC Merchandise","Sulit na sulit! RYZEN 5 2600 package, ready for pickup or shipping nationwide 🚚",,0,"01/23/2023 22:00",,https://www.facebook.com/pcmerchandise.co/posts/pfbid0KQAVYLz8nUgrFOuEiXOwAHq5linBbIR6w5fVUhxTCGGtUM9UqqWUdGtf,0,0,Photos,,,,,01/03/2023,,,0,0,0,0,0,0,,,,,
987782805085961,100064197037125,"PC Merchandise","Sulit na sulit! RYZEN 5 2600 package, ready for pickup or shipping nationwide 🚚",,0,"01/23/2023 22:00",,https://www.facebook.com/pcmerchandise.co/posts/pfbid0KQAVYLz8nUgrFOuEiXOwAHq5linBbIR6w5fVUhxTCGGtUM9UqqWUdGtf,0,0,Photos,,,,,01/04/2023,,,0,0,0,0,0,0,,,,,
987782805085961,100064197037125,"PC Merchandise","Sulit na sulit! RYZEN 5 2600 package, ready for pickup or shipping nationwide 🚚",,0,"01/23/2023 22:00",,https://www.facebook.com/pcmerchandise.co/posts/pfbid0KQAVYLz8nUgrFOuEiXOwAHq5linBbIR6w5fVUhxTCGGtUM9UqqWUdGtf,0,0,Photos,,,,,01/05/2023,,,0,0,0,0,0,0,,,,,
987782805085961,100064197037125,"PC Merchandise","Sulit na sulit! RYZEN 5 2600 package, ready for pickup or shipping nationwide 🚚",,0,"01/23/2023 22:00",,https://www.facebook.com/pcmerchandise.co/posts/pfbid0KQAVYLz8nUgrFOuEiXOwAHq5linBbIR6w5fVUhxTCGGtUM9UqqWUdGtf,0,0,Photos,,,,,01/06/2023,,,0,0,0,0,0,0,,,,,
987782805085961,100064197037125,"PC Merchandise","Sulit na sulit! RYZEN 5 2600 package, ready for pickup or shipping nationwide 🚚",,0,"01/23/2023 22:00",,https://www.facebook.com/pcmerchandise.co/posts/pfbid0KQAVYLz8nUgrFOuEiXOwAHq5linBbIR6w5fVUhxTCGGtUM9UqqWUdGtf,0,0,Photos,,,,,01/07/2023,,,0,0,0,0,0,0,,,,,
987782805085961,100064197037125,"PC Merchandise","Sulit na sulit! RYZEN 5 2600 package, ready for pickup or shipping nationwide 🚚",,0,"01/23/2023 22:00",,https://www.facebook.com/pcmerchandise.co/posts/pfbid0KQAVYLz8nUgrFOuEiXOwAHq5linBbIR6w5fVUhxTCGGtUM9UqqWUdGtf,0,0,Photos,,,,,01/08/2023,,,0,0,0,0,0,0,,,,,
987782805085961,100064197037125,"PC Merchandise","Sulit na sulit! RYZEN 5 2600 package, ready for pickup or shipping nationwide 🚚",,0,"01/23/2023 22:00",,https://www.facebook.com/pcmerchandise.co/posts/pfbid0KQAVYLz8nUgrFOuEiXOwAHq5linBbIR6w5fVUhxTCGGtUM9UqqWUdGtf,0,0,Photos,,,,,01/09/2023,,,0,0,0,0,0,0,,,,,
987782805085961,100064197037125,"PC Merchandise","Sulit na sulit! RYZEN 5 2600 package, ready for pickup or shipping nationwide 🚚",,0,"01/23/2023 22:00",,https://www.facebook.com/pcmerchandise.co/posts/pfbid0KQAVYLz8nUgrFOuEiXOwAHq5linBbIR6w5fVUhxTCGGtUM9UqqWUdGtf,0,0,Photos,,,,,01/10/2023,,,0,0,0,0,0,0,,,,,
987782805085961,100064197037125,"PC Merchandise","Sulit na sulit! RYZEN 5 2600 package, ready for pickup or shipping nationwide 🚚",,0,"01/23/2023 22:00",,https://www.facebook.com/pcmerchandise.co/posts/pfbid0KQAVYLz8nUgrFOuEiXOwAHq5linBbIR6w5fVUhxTCGGtUM9UqqWUdGtf,0,0,Photos,,,,,01/11/2023,,,0,0,0,0,0,0,,,,,
987782805085961,100064197037125,"PC Merchandise","Sulit na sulit! RYZEN 5 2600 package, ready for pickup or shipping nationwide 🚚",,0,"01/23/2023 22:00",,https://www.facebook.com/pcmerchandise.co/posts/pfbid0KQAVYLz8nUgrFOuEiXOwAHq5linBbIR6w5fVUhxTCGGtUM9UqqWUdGtf,0,0,Photos,,,,,01/12/2023,,,0,0,0,0,0,0,,,,,
987782805085961,100064197037125,"PC Merchandise","Sulit na sulit! RYZEN 5 2600 package, ready for pickup or shipping nationwide 🚚",,0,"01/23/2023 22:00",,https://www.facebook.com/pcmerchandise.co/posts/pfbid0KQAVYLz8nUgrFOuEiXOwAHq5linBbIR6w5fVUhxTCGGtUM9UqqWUdGtf,0,0,Photos,,,,,01/13/2023,,,0,0,0,0,0,0,,,,,
987782805085961,100064197037125,"PC Merchandise","Sulit na sulit! RYZEN 5 2600 package, ready for pickup or shipping nationwide 🚚",,0,"01/23/2023 22:00",,https://www.facebook.com/pcmerchandise.co/posts/pfbid0KQAVYLz8nUgrFOuEiXOwAHq5linBbIR6w5fVUhxTCGGtUM9UqqWUdGtf,0,0,Photos,,,,,01/14/2023,,,0,0,0,0,0,0,,,,,
987782805085961,100064197037125,"PC Merchandise","Sulit na sulit! RYZEN 5 2600 package, ready for pickup or shipping nationwide 🚚",,0,"01/23/2023 22:00",,https://www.facebook.com/pcmerchandise.co/posts/pfbid0KQAVYLz8nUgrFOuEiXOwAHq5linBbIR6w5fVUhxTCGGtUM9UqqWUdGtf,0,0,Photos,,,,,01/15/2023,,,0,0,0,0,0,0,,,,,
987782805085961,100064197037125,"PC Merchandise","Sulit na sulit! RYZEN 5 2600 package, ready for pickup or shipping nationwide 🚚",,0,"01/23/2023 22:00",,https://www.facebook.com/pcmerchandise.co/posts/pfbid0KQAVYLz8nUgrFOuEiXOwAHq5linBbIR6w5fVUhxTCGGtUM9UqqWUdGtf,0,0,Photos,,,,,01/16/2023,,,0,0,0,0,0,0,,,,,
987782805085961,100064197037125,"PC Merchandise","Sulit na sulit! RYZEN 5 2600 package, ready for pickup or shipping nationwide 🚚",,0,"01/23/2023 22:00",,https://www.facebook.com/pcmerchandise.co/posts/pfbid0KQAVYLz8nUgrFOuEiXOwAHq5linBbIR6w5fVUhxTCGGtUM9UqqWUdGtf,0,0,Photos,,,,,01/17/2023,,,0,0,0,0,0,0,,,,,
987782805085961,100064197037125,"PC Merchandise","Sulit na sulit! RYZEN 5 2600 package, ready for pickup or shipping nationwide 🚚",,0,"01/23/2023 22:00",,https://www.facebook.com/pcmerchandise.co/posts/pfbid0KQAVYLz8nUgrFOuEiXOwAHq5linBbIR6w5fVUhxTCGGtUM9UqqWUdGtf,0,0,Photos,,,,,01/18/2023,,,0,0,0,0,0,0,,,,,
987782805085961,100064197037125,"PC Merchandise","Sulit na sulit! RYZEN 5 2600 package, ready for pickup or shipping nationwide 🚚",,0,"01/23/2023 22:00",,https://www.facebook.com/pcmerchandise.co/posts/pfbid0KQAVYLz8nUgrFOuEiXOwAHq5linBbIR6w5fVUhxTCGGtUM9UqqWUdGtf,0,0,Photos,,,,,01/19/2023,,,0,0,0,0,0,0,,,,,
987782805085961,100064197037125,"PC Merchandise","Sulit na sulit! RYZEN 5 2600 package, ready for pickup or shipping nationwide 🚚",,0,"01/23/2023 22:00",,https://www.facebook.com/pcmerchandise.co/posts/pfbid0KQAVYLz8nUgrFOuEiXOwAHq5linBbIR6w5fVUhxTCGGtUM9UqqWUdGtf,0,0,Photos,,,,,01/20/2023,,,0,0,0,0,0,0,,,,,
987782805085961,100064197037125,"PC Merchandise","Sulit na sulit! RYZEN 5 2600 package, ready for pickup or shipping nationwide 🚚",,0,"01/23/2023 22:00",,https://www.facebook.com/pcmerchandise.co/posts/pfbid0KQAVYLz8nUgrFOuEiXOwAHq5linBbIR6w5fVUhxTCGGtUM9UqqWUdGtf,0,0,Photos,,,,,01/21/2023,,,0,0,0,0,0,0,,,,,
987782805085961,100064197037125,"PC Merchandise","Sulit na sulit! RYZEN 5 2600 package, ready for pickup or shipping nationwide 🚚",,0,"01/23/2023 22:00",,https://www.facebook.com/pcmerchandise.co/posts/pfbid0KQAVYLz8nUgrFOuEiXOwAHq5linBbIR6w5fVUhxTCGGtUM9UqqWUdGtf,0,0,Photos,,,,,01/22/2023,,,0,0,0,0,0,0,,,,,
987782805085961,100064197037125,"PC Merchandise","Sulit na sulit! RYZEN 5 2600 package, ready for pickup or shipping nationwide 🚚",,0,"01/23/2023 22:00",,https://www.facebook.com/pcmerchandise.co/posts/pfbid0KQAVYLz8nUgrFOuEiXOwAHq5linBbIR6w5fVUhxTCGGtUM9UqqWUdGtf,0,0,Photos,,,,,01/23/2023,,,0,0,0,0,0,0,,,,,
987782805085961,100064197037125,"PC Merchandise","Sulit na sulit! RYZEN 5 2600 package, ready for pickup or shipping nationwide 🚚",,0,"01/23/2023 22:00",,https://www.facebook.com/pcmerchandise.co/posts/pfbid0KQAVYLz8nUgrFOuEiXOwAHq5linBbIR6w5fVUhxTCGGtUM9UqqWUdGtf,0,0,Photos,,,,,01/24/2023,,,0,0,0,0,0,0,,,,,
987782805085961,100064197037125,"PC Merchandise","Sulit na sulit! RYZEN 5 2600 package, ready for pickup or shipping nationwide 🚚",,0,"01/23/2023 22:00",,https://www.facebook.com/pcmerchandise.co/posts/pfbid0KQAVYLz8nUgrFOuEiXOwAHq5linBbIR6w5fVUhxTCGGtUM9UqqWUdGtf,0,0,Photos,,,,,01/25/2023,,,0,0,0,0,0,0,,,,,
987782805085961,100064197037125,"PC Merchandise","Sulit na sulit! RYZEN 5 2600 package, ready for pickup or shipping nationwide 🚚",,0,"01/23/2023 22:00",,https://www.facebook.com/pcmerchandise.co/posts/pfbid0KQAVYLz8nUgrFOuEiXOwAHq5linBbIR6w5fVUhxTCGGtUM9UqqWUdGtf,0,0,Photos,,,,,01/26/2023,,,0,0,0,0,0,0,,,,,
987782805085961,100064197037125,"PC Merchandise","Sulit na sulit! RYZEN 5 2600 package, ready for pickup or shipping nationwide 🚚",,0,"01/23/2023 22:00",,https://www.facebook.com/pcmerchandise.co/posts/pfbid0KQAVYLz8nUgrFOuEiXOwAHq5linBbIR6w5fVUhxTCGGtUM9UqqWUdGtf,0,0,Photos,,,,,01/27/2023,,,0,0,0,0,0,0,,,,,
987782805085961,100064197037125,"PC Merchandise","Sulit na sulit! RYZEN 5 2600 package, ready for pickup or shipping nationwide 🚚",,0,"01/23/2023 22:00",,https://www.facebook.com/pcmerchandise.co/posts/pfbid0KQAVYLz8nUgrFOuEiXOwAHq5linBbIR6w5fVUhxTCGGtUM9UqqWUdGtf,0,0,Photos,,,,,01/28/2023,,,0,0,0,0,0,0,,,,,
987782805085961,100064197037125,"PC Merchandise","Sulit na sulit! RYZEN 5 2600 package, ready for pickup or shipping nationwide 🚚",,0,"01/23/2023 22:00",,https://www.facebook.com/pcmerchandise.co/posts/pfbid0KQAVYLz8nUgrFOuEiXOwAHq5linBbIR6w5fVUhxTCGGtUM9UqqWUdGtf,0,0,Photos,,,,,01/29/2023,,,0,0,0,0,0,0,,,,,
987782805085961,100064197037125,"PC Merchandise","Sulit na sulit! RYZEN 5 2600 package, ready for pickup or shipping nationwide 🚚",,0,"01/23/2023 22:00",,https://www.facebook.com/pcmerchandise.co/posts/pfbid0KQAVYLz8nUgrFOuEiXOwAHq5linBbIR6w5fVUhxTCGGtUM9UqqWUdGtf,0,0,Photos,,,,,01/30/2023,,,0,0,0,0,0,0,,,,,
987782805085961,100064197037125,"PC Merchandise","Sulit na sulit! RYZEN 5 2600 package, ready for pickup or shipping nationwide 🚚",,0,"01/23/2023 22:00",,https://www.facebook.com/pcmerchandise.co/posts/pfbid0KQAVYLz8nUgrFOuEiXOwAHq5linBbIR6w5fVUhxTCGGtUM9UqqWUdGtf,0,0,Photos,,,,,01/31/2023,,,0,0,0,0,0,0,,,,,
987785958192387,100064197037125,"PC Merchandise","𝐏𝐑𝐈𝐂𝐄𝐋𝐈𝐒𝐓 𝟐𝟎𝟐𝟑 >>>
https://pcmerchandise.live/2023-GAMING-BUILDS",,0,"01/23/2023 19:01",,https://www.facebook.com/pcmerchandise.co/posts/pfbid0NsigLXat0ZwsBUcVwZswsc6jfyTLJw3AsiPMNjtDl0j9CEgcxabUBVbr,0,0,Photos,,,,,01/31/2023,0,,,,,,,,,,,,
987785958192387,100064197037125,"PC Merchandise","𝐏𝐑𝐈𝐂𝐄𝐋𝐈𝐒𝐓 𝟐𝟎𝟐𝟑 >>>
https://pcmerchandise.live/2023-GAMING-BUILDS",,0,"01/23/2023 19:01",,https://www.facebook.com/pcmerchandise.co/posts/pfbid0NsigLXat0ZwsBUcVwZswsc6jfyTLJw3AsiPMNjtDl0j9CEgcxabUBVbr,0,0,Photos,,,,,01/01/2023,,,0,0,0,0,0,0,,,,,
987785958192387,100064197037125,"PC Merchandise","𝐏𝐑𝐈𝐂𝐄𝐋𝐈𝐒𝐓 𝟐𝟎𝟐𝟑 >>>
https://pcmerchandise.live/2023-GAMING-BUILDS",,0,"01/23/2023 19:01",,https://www.facebook.com/pcmerchandise.co/posts/pfbid0NsigLXat0ZwsBUcVwZswsc6jfyTLJw3AsiPMNjtDl0j9CEgcxabUBVbr,0,0,Photos,,,,,01/02/2023,,,0,0,0,0,0,0,,,,,
987785958192387,100064197037125,"PC Merchandise","𝐏𝐑𝐈𝐂𝐄𝐋𝐈𝐒𝐓 𝟐𝟎𝟐𝟑 >>>
https://pcmerchandise.live/2023-GAMING-BUILDS",,0,"01/23/2023 19:01",,https://www.facebook.com/pcmerchandise.co/posts/pfbid0NsigLXat0ZwsBUcVwZswsc6jfyTLJw3AsiPMNjtDl0j9CEgcxabUBVbr,0,0,Photos,,,,,01/03/2023,,,0,0,0,0,0,0,,,,,
987785958192387,100064197037125,"PC Merchandise","𝐏𝐑𝐈𝐂𝐄𝐋𝐈𝐒𝐓 𝟐𝟎𝟐𝟑 >>>
https://pcmerchandise.live/2023-GAMING-BUILDS",,0,"01/23/2023 19:01",,https://www.facebook.com/pcmerchandise.co/posts/pfbid0NsigLXat0ZwsBUcVwZswsc6jfyTLJw3AsiPMNjtDl0j9CEgcxabUBVbr,0,0,Photos,,,,,01/04/2023,,,0,0,0,0,0,0,,,,,
987785958192387,100064197037125,"PC Merchandise","𝐏𝐑𝐈𝐂𝐄𝐋𝐈𝐒𝐓 𝟐𝟎𝟐𝟑 >>>
https://pcmerchandise.live/2023-GAMING-BUILDS",,0,"01/23/2023 19:01",,https://www.facebook.com/pcmerchandise.co/posts/pfbid0NsigLXat0ZwsBUcVwZswsc6jfyTLJw3AsiPMNjtDl0j9CEgcxabUBVbr,0,0,Photos,,,,,01/05/2023,,,0,0,0,0,0,0,,,,,
987785958192387,100064197037125,"PC Merchandise","𝐏𝐑𝐈𝐂𝐄𝐋𝐈𝐒𝐓 𝟐𝟎𝟐𝟑 >>>
https://pcmerchandise.live/2023-GAMING-BUILDS",,0,"01/23/2023 19:01",,https://www.facebook.com/pcmerchandise.co/posts/pfbid0NsigLXat0ZwsBUcVwZswsc6jfyTLJw3AsiPMNjtDl0j9CEgcxabUBVbr,0,0,Photos,,,,,01/06/2023,,,0,0,0,0,0,0,,,,,
987785958192387,100064197037125,"PC Merchandise","𝐏𝐑𝐈𝐂𝐄𝐋𝐈𝐒𝐓 𝟐𝟎𝟐𝟑 >>>
https://pcmerchandise.live/2023-GAMING-BUILDS",,0,"01/23/2023 19:01",,https://www.facebook.com/pcmerchandise.co/posts/pfbid0NsigLXat0ZwsBUcVwZswsc6jfyTLJw3AsiPMNjtDl0j9CEgcxabUBVbr,0,0,Photos,,,,,01/07/2023,,,0,0,0,0,0,0,,,,,
987785958192387,100064197037125,"PC Merchandise","𝐏𝐑𝐈𝐂𝐄𝐋𝐈𝐒𝐓 𝟐𝟎𝟐𝟑 >>>
https://pcmerchandise.live/2023-GAMING-BUILDS",,0,"01/23/2023 19:01",,https://www.facebook.com/pcmerchandise.co/posts/pfbid0NsigLXat0ZwsBUcVwZswsc6jfyTLJw3AsiPMNjtDl0j9CEgcxabUBVbr,0,0,Photos,,,,,01/08/2023,,,0,0,0,0,0,0,,,,,
987785958192387,100064197037125,"PC Merchandise","𝐏𝐑𝐈𝐂𝐄𝐋𝐈𝐒𝐓 𝟐𝟎𝟐𝟑 >>>
https://pcmerchandise.live/2023-GAMING-BUILDS",,0,"01/23/2023 19:01",,https://www.facebook.com/pcmerchandise.co/posts/pfbid0NsigLXat0ZwsBUcVwZswsc6jfyTLJw3AsiPMNjtDl0j9CEgcxabUBVbr,0,0,Photos,,,,,01/09/2023,,,0,0,0,0,0,0,,,,,
987785958192387,100064197037125,"PC Merchandise","𝐏𝐑𝐈𝐂𝐄𝐋𝐈𝐒𝐓 𝟐𝟎𝟐𝟑 >>>
https://pcmerchandise.live/2023-GAMING-BUILDS",,0,"01/23/2023 19:01",,https://www.facebook.com/pcmerchandise.co/posts/pfbid0NsigLXat0ZwsBUcVwZswsc6jfyTLJw3AsiPMNjtDl0j9CEgcxabUBVbr,0,0,Photos,,,,,01/10/2023,,,0,0,0,0,0,0,,,,,
987785958192387,100064197037125,"PC Merchandise","𝐏𝐑𝐈𝐂𝐄𝐋𝐈𝐒𝐓 𝟐𝟎𝟐𝟑 >>>
https://pcmerchandise.live/2023-GAMING-BUILDS",,0,"01/23/2023 19:01",,https://www.facebook.com/pcmerchandise.co/posts/pfbid0NsigLXat0ZwsBUcVwZswsc6jfyTLJw3AsiPMNjtDl0j9CEgcxabUBVbr,0,0,Photos,,,,,01/11/2023,,,0,0,0,0,0,0,,,,,
987785958192387,100064197037125,"PC Merchandise","𝐏𝐑𝐈𝐂𝐄𝐋𝐈𝐒𝐓 𝟐𝟎𝟐𝟑 >>>
https://pcmerchandise.live/2023-GAMING-BUILDS",,0,"01/23/2023 19:01",,https://www.facebook.com/pcmerchandise.co/posts/pfbid0NsigLXat0ZwsBUcVwZswsc6jfyTLJw3AsiPMNjtDl0j9CEgcxabUBVbr,0,0,Photos,,,,,01/12/2023,,,0,0,0,0,0,0,,,,,
987785958192387,100064197037125,"PC Merchandise","𝐏𝐑𝐈𝐂𝐄𝐋𝐈𝐒𝐓 𝟐𝟎𝟐𝟑 >>>
https://pcmerchandise.live/2023-GAMING-BUILDS",,0,"01/23/2023 19:01",,https://www.facebook.com/pcmerchandise.co/posts/pfbid0NsigLXat0ZwsBUcVwZswsc6jfyTLJw3AsiPMNjtDl0j9CEgcxabUBVbr,0,0,Photos,,,,,01/13/2023,,,0,0,0,0,0,0,,,,,
987785958192387,100064197037125,"PC Merchandise","𝐏𝐑𝐈𝐂𝐄𝐋𝐈𝐒𝐓 𝟐𝟎𝟐𝟑 >>>
https://pcmerchandise.live/2023-GAMING-BUILDS",,0,"01/23/2023 19:01",,https://www.facebook.com/pcmerchandise.co/posts/pfbid0NsigLXat0ZwsBUcVwZswsc6jfyTLJw3AsiPMNjtDl0j9CEgcxabUBVbr,0,0,Photos,,,,,01/14/2023,,,0,0,0,0,0,0,,,,,
987785958192387,100064197037125,"PC Merchandise","𝐏𝐑𝐈𝐂𝐄𝐋𝐈𝐒𝐓 𝟐𝟎𝟐𝟑 >>>
https://pcmerchandise.live/2023-GAMING-BUILDS",,0,"01/23/2023 19:01",,https://www.facebook.com/pcmerchandise.co/posts/pfbid0NsigLXat0ZwsBUcVwZswsc6jfyTLJw3AsiPMNjtDl0j9CEgcxabUBVbr,0,0,Photos,,,,,01/15/2023,,,0,0,0,0,0,0,,,,,
987785958192387,100064197037125,"PC Merchandise","𝐏𝐑𝐈𝐂𝐄𝐋𝐈𝐒𝐓 𝟐𝟎𝟐𝟑 >>>
https://pcmerchandise.live/2023-GAMING-BUILDS",,0,"01/23/2023 19:01",,https://www.facebook.com/pcmerchandise.co/posts/pfbid0NsigLXat0ZwsBUcVwZswsc6jfyTLJw3AsiPMNjtDl0j9CEgcxabUBVbr,0,0,Photos,,,,,01/16/2023,,,0,0,0,0,0,0,,,,,
987785958192387,100064197037125,"PC Merchandise","𝐏𝐑𝐈𝐂𝐄𝐋𝐈𝐒𝐓 𝟐𝟎𝟐𝟑 >>>
https://pcmerchandise.live/2023-GAMING-BUILDS",,0,"01/23/2023 19:01",,https://www.facebook.com/pcmerchandise.co/posts/pfbid0NsigLXat0ZwsBUcVwZswsc6jfyTLJw3AsiPMNjtDl0j9CEgcxabUBVbr,0,0,Photos,,,,,01/17/2023,,,0,0,0,0,0,0,,,,,
987785958192387,100064197037125,"PC Merchandise","𝐏𝐑𝐈𝐂𝐄𝐋𝐈𝐒𝐓 𝟐𝟎𝟐𝟑 >>>
https://pcmerchandise.live/2023-GAMING-BUILDS",,0,"01/23/2023 19:01",,https://www.facebook.com/pcmerchandise.co/posts/pfbid0NsigLXat0ZwsBUcVwZswsc6jfyTLJw3AsiPMNjtDl0j9CEgcxabUBVbr,0,0,Photos,,,,,01/18/2023,,,0,0,0,0,0,0,,,,,
987785958192387,100064197037125,"PC Merchandise","𝐏𝐑𝐈𝐂𝐄𝐋𝐈𝐒𝐓 𝟐𝟎𝟐𝟑 >>>
https://pcmerchandise.live/2023-GAMING-BUILDS",,0,"01/23/2023 19:01",,https://www.facebook.com/pcmerchandise.co/posts/pfbid0NsigLXat0ZwsBUcVwZswsc6jfyTLJw3AsiPMNjtDl0j9CEgcxabUBVbr,0,0,Photos,,,,,01/19/2023,,,0,0,0,0,0,0,,,,,
987785958192387,100064197037125,"PC Merchandise","𝐏𝐑𝐈𝐂𝐄𝐋𝐈𝐒𝐓 𝟐𝟎𝟐𝟑 >>>
https://pcmerchandise.live/2023-GAMING-BUILDS",,0,"01/23/2023 19:01",,https://www.facebook.com/pcmerchandise.co/posts/pfbid0NsigLXat0ZwsBUcVwZswsc6jfyTLJw3AsiPMNjtDl0j9CEgcxabUBVbr,0,0,Photos,,,,,01/20/2023,,,0,0,0,0,0,0,,,,,
987785958192387,100064197037125,"PC Merchandise","𝐏𝐑𝐈𝐂𝐄𝐋𝐈𝐒𝐓 𝟐𝟎𝟐𝟑 >>>
https://pcmerchandise.live/2023-GAMING-BUILDS",,0,"01/23/2023 19:01",,https://www.facebook.com/pcmerchandise.co/posts/pfbid0NsigLXat0ZwsBUcVwZswsc6jfyTLJw3AsiPMNjtDl0j9CEgcxabUBVbr,0,0,Photos,,,,,01/21/2023,,,0,0,0,0,0,0,,,,,
987785958192387,100064197037125,"PC Merchandise","𝐏𝐑𝐈𝐂𝐄𝐋𝐈𝐒𝐓 𝟐𝟎𝟐𝟑 >>>
https://pcmerchandise.live/2023-GAMING-BUILDS",,0,"01/23/2023 19:01",,https://www.facebook.com/pcmerchandise.co/posts/pfbid0NsigLXat0ZwsBUcVwZswsc6jfyTLJw3AsiPMNjtDl0j9CEgcxabUBVbr,0,0,Photos,,,,,01/22/2023,,,0,0,0,0,0,0,,,,,
987785958192387,100064197037125,"PC Merchandise","𝐏𝐑𝐈𝐂𝐄𝐋𝐈𝐒𝐓 𝟐𝟎𝟐𝟑 >>>
https://pcmerchandise.live/2023-GAMING-BUILDS",,0,"01/23/2023 19:01",,https://www.facebook.com/pcmerchandise.co/posts/pfbid0NsigLXat0ZwsBUcVwZswsc6jfyTLJw3AsiPMNjtDl0j9CEgcxabUBVbr,0,0,Photos,,,,,01/23/2023,,,0,0,0,0,0,0,,,,,
987785958192387,100064197037125,"PC Merchandise","𝐏𝐑𝐈𝐂𝐄𝐋𝐈𝐒𝐓 𝟐𝟎𝟐𝟑 >>>
https://pcmerchandise.live/2023-GAMING-BUILDS",,0,"01/23/2023 19:01",,https://www.facebook.com/pcmerchandise.co/posts/pfbid0NsigLXat0ZwsBUcVwZswsc6jfyTLJw3AsiPMNjtDl0j9CEgcxabUBVbr,0,0,Photos,,,,,01/24/2023,,,0,0,0,0,0,0,,,,,
987785958192387,100064197037125,"PC Merchandise","𝐏𝐑𝐈𝐂𝐄𝐋𝐈𝐒𝐓 𝟐𝟎𝟐𝟑 >>>
https://pcmerchandise.live/2023-GAMING-BUILDS",,0,"01/23/2023 19:01",,https://www.facebook.com/pcmerchandise.co/posts/pfbid0NsigLXat0ZwsBUcVwZswsc6jfyTLJw3AsiPMNjtDl0j9CEgcxabUBVbr,0,0,Photos,,,,,01/25/2023,,,0,0,0,0,0,0,,,,,
987785958192387,100064197037125,"PC Merchandise","𝐏𝐑𝐈𝐂𝐄𝐋𝐈𝐒𝐓 𝟐𝟎𝟐𝟑 >>>
https://pcmerchandise.live/2023-GAMING-BUILDS",,0,"01/23/2023 19:01",,https://www.facebook.com/pcmerchandise.co/posts/pfbid0NsigLXat0ZwsBUcVwZswsc6jfyTLJw3AsiPMNjtDl0j9CEgcxabUBVbr,0,0,Photos,,,,,01/26/2023,,,0,0,0,0,0,0,,,,,
987785958192387,100064197037125,"PC Merchandise","𝐏𝐑𝐈𝐂𝐄𝐋𝐈𝐒𝐓 𝟐𝟎𝟐𝟑 >>>
https://pcmerchandise.live/2023-GAMING-BUILDS",,0,"01/23/2023 19:01",,https://www.facebook.com/pcmerchandise.co/posts/pfbid0NsigLXat0ZwsBUcVwZswsc6jfyTLJw3AsiPMNjtDl0j9CEgcxabUBVbr,0,0,Photos,,,,,01/27/2023,,,0,0,0,0,0,0,,,,,
987785958192387,100064197037125,"PC Merchandise","𝐏𝐑𝐈𝐂𝐄𝐋𝐈𝐒𝐓 𝟐𝟎𝟐𝟑 >>>
https://pcmerchandise.live/2023-GAMING-BUILDS",,0,"01/23/2023 19:01",,https://www.facebook.com/pcmerchandise.co/posts/pfbid0NsigLXat0ZwsBUcVwZswsc6jfyTLJw3AsiPMNjtDl0j9CEgcxabUBVbr,0,0,Photos,,,,,01/28/2023,,,0,0,0,0,0,0,,,,,
987785958192387,100064197037125,"PC Merchandise","𝐏𝐑𝐈𝐂𝐄𝐋𝐈𝐒𝐓 𝟐𝟎𝟐𝟑 >>>
https://pcmerchandise.live/2023-GAMING-BUILDS",,0,"01/23/2023 19:01",,https://www.facebook.com/pcmerchandise.co/posts/pfbid0NsigLXat0ZwsBUcVwZswsc6jfyTLJw3AsiPMNjtDl0j9CEgcxabUBVbr,0,0,Photos,,,,,01/29/2023,,,0,0,0,0,0,0,,,,,
987785958192387,100064197037125,"PC Merchandise","𝐏𝐑𝐈𝐂𝐄𝐋𝐈𝐒𝐓 𝟐𝟎𝟐𝟑 >>>
https://pcmerchandise.live/2023-GAMING-BUILDS",,0,"01/23/2023 19:01",,https://www.facebook.com/pcmerchandise.co/posts/pfbid0NsigLXat0ZwsBUcVwZswsc6jfyTLJw3AsiPMNjtDl0j9CEgcxabUBVbr,0,0,Photos,,,,,01/30/2023,,,0,0,0,0,0,0,,,,,
987785958192387,100064197037125,"PC Merchandise","𝐏𝐑𝐈𝐂𝐄𝐋𝐈𝐒𝐓 𝟐𝟎𝟐𝟑 >>>
https://pcmerchandise.live/2023-GAMING-BUILDS",,0,"01/23/2023 19:01",,https://www.facebook.com/pcmerchandise.co/posts/pfbid0NsigLXat0ZwsBUcVwZswsc6jfyTLJw3AsiPMNjtDl0j9CEgcxabUBVbr,0,0,Photos,,,,,01/31/2023,,,0,0,0,0,0,0,,,,,
987472031549136,100064197037125,"PC Merchandise","READY STOCK: RYZEN 5 3400G / GTX 1050TI builds. Same-day assembly. PM NOW!",,86,"01/23/2023 17:30",uploaded,https://www.facebook.com/reel/1230702221135302/,0,0,Reels,,,,,01/01/2023,0,,,,,,0,0,0,0,0,0.000,5.991
987472031549136,100064197037125,"PC Merchandise","READY STOCK: RYZEN 5 3400G / GTX 1050TI builds. Same-day assembly. PM NOW!",,86,"01/23/2023 17:30",uploaded,https://www.facebook.com/reel/1230702221135302/,0,0,Reels,,,,,01/02/2023,0,,,,,,0,0,0,0,0,0.000,2.104
987472031549136,100064197037125,"PC Merchandise","READY STOCK: RYZEN 5 3400G / GTX 1050TI builds. Same-day assembly. PM NOW!",,86,"01/23/2023 17:30",uploaded,https://www.facebook.com/reel/1230702221135302/,0,0,Reels,,,,,01/03/2023,0,,,,,,0,0,0,0,0,0.000,3.141
987472031549136,100064197037125,"PC Merchandise","READY STOCK: RYZEN 5 3400G / GTX 1050TI builds. Same-day assembly. PM NOW!",,86,"01/23/2023 17:30",uploaded,https://www.facebook.com/reel/1230702221135302/,0,0,Reels,,,,,01/04/2023,0,,,,,,0,0,0,0,0,0.000,6.387
987472031549136,100064197037125,"PC Merchandise","READY STOCK: RYZEN 5 3400G / GTX 1050TI builds. Same-day assembly. PM NOW!",,86,"01/23/2023 17:30",uploaded,https://www.facebook.com/reel/1230702221135302/,0,0,Reels,,,,,01/05/2023,0,,,,,,0,0,0,0,0,0.000,3.744
987472031549136,100064197037125,"PC Merchandise","READY STOCK: RYZEN 5 3400G / GTX 1050TI builds. Same-day assembly. PM NOW!",,86,"01/23/2023 17:30",uploaded,https://www.facebook.com/reel/1230702221135302/,0,0,Reels,,,,,01/06/2023,0,,,,,,0,0,0,0,0,0.000,4.515
987472031549136,100064197037125,"PC Merchandise","READY STOCK: RYZEN 5 3400G / GTX 1050TI builds. Same-day assembly. PM NOW!",,86,"01/23/2023 17:30",uploaded,https://www.facebook.com/reel/1230702221135302/,0,0,Reels,,,,,01/07/2023,0,,,,,,0,0,0,0,0,0.000,2.618
987472031549136,100064197037125,"PC Merchandise","READY STOCK: RYZEN 5 3400G / GTX 1050TI builds. Same-day assembly. PM NOW!",,86,"01/23/2023 17:30",uploaded,https://www.facebook.com/reel/1230702221135302/,0,0,Reels,,,,,01/08/2023,0,,,,,,0,0,0,0,0,0.000,3.369
987472031549136,100064197037125,"PC Merchandise","READY STOCK: RYZEN 5 3400G / GTX 1050TI builds. Same-day assembly. PM NOW!",,86,"01/23/2023 17:30",uploaded,https://www.facebook.com/reel/1230702221135302/,0,0,Reels,,,,,01/09/2023,0,,,,,,0,0,0,0,0,0.000,3.202
987472031549136,100064197037125,"PC Merchandise","READY STOCK: RYZEN 5 3400G / GTX 1050TI builds. Same-day assembly. PM NOW!",,86,"01/23/2023 17:30",uploaded,https://www.facebook.com/reel/1230702221135302/,0,0,Reels,,,,,01/10/2023,0,,,,,,0,0,0,0,0,0.000,4.086
987472031549136,100064197037125,"PC Merchandise","READY STOCK: RYZEN 5 3400G / GTX 1050TI builds. Same-day assembly. PM NOW!",,86,"01/23/2023 17:30",uploaded,https://www.facebook.com/reel/1230702221135302/,0,0,Reels,,,,,01/11/2023,0,,,,,,0,0,0,0,0,0.000,4.724
987472031549136,100064197037125,"PC Merchandise","READY STOCK: RYZEN 5 3400G / GTX 1050TI builds. Same-day assembly. PM NOW!",,86,"01/23/2023 17:30",uploaded,https://www.facebook.com/reel/1230702221135302/,0,0,Reels,,,,,01/12/2023,0,,,,,,0,0,0,0,0,0.000,3.287
987472031549136,100064197037125,"PC Merchandise","READY STOCK: RYZEN 5 3400G / GTX 1050TI builds. Same-day assembly. PM NOW!",,86,"01/23/2023 17:30",uploaded,https://www.facebook.com/reel/1230702221135302/,0,0,Reels,,,,,01/13/2023,0,,,,,,0,0,0,0,0,0.000,3.096
987472031549136,100064197037125,"PC Merchandise","READY STOCK: RYZEN 5 3400G / GTX 1050TI builds. Same-day assembly. PM NOW!",,86,"01/23/2023 17:30",uploaded,https://www.facebook.com/reel/1230702221135302/,0,0,Reels,,,,,01/14/2023,0,,,,,,0,0,0,0,0,0.000,3.373
987472031549136,100064197037125,"PC Merchandise","READY STOCK: RYZEN 5 3400G / GTX 1050TI builds. Same-day assembly. PM NOW!",,86,"01/23/2023 17:30",uploaded,https://www.facebook.com/reel/1230702221135302/,0,0,Reels,,,,,01/15/2023,0,,,,,,0,0,0,0,0,0.000,2.218
987472031549136,100064197037125,"PC Merchandise","READY STOCK: RYZEN 5 3400G / GTX 1050TI builds. Same-day assembly. PM NOW!",,86,"01/23/2023 17:30",uploaded,https://www.facebook.com/reel/1230702221135302/,0,0,Reels,,,,,01/16/2023,0,,,,,,0,0,0,0,0,0.000,4.345
987472031549136,100064197037125,"PC Merchandise","READY STOCK: RYZEN 5 3400G / GTX 1050TI builds. Same-day assembly. PM NOW!",,86,"01/23/2023 17:30",uploaded,https://www.facebook.com/reel/1230702221135302/,0,0,Reels,,,,,01/17/2023,0,,,,,,0,0,0,0,0,0.000,3.077
987472031549136,100064197037125,"PC Merchandise","READY STOCK: RYZEN 5 3400G / GTX 1050TI builds. Same-day assembly. PM NOW!",,86,"01/23/2023 17:30",uploaded,https://www.facebook.com/reel/1230702221135302/,0,0,Reels,,,,,01/18/2023,0,,,,,,0,0,0,0,0,0.000,5.030
987472031549136,100064197037125,"PC Merchandise","READY STOCK: RYZEN 5 3400G / GTX 1050TI builds. Same-day assembly. PM NOW!",,86,"01/23/2023 17:30",uploaded,https://www.facebook.com/reel/1230702221135302/,0,0,Reels,,,,,01/19/2023,0,,,,,,0,0,0,0,0,0.000,3.284
987472031549136,100064197037125,"PC Merchandise","READY STOCK: RYZEN 5 3400G / GTX 1050TI builds. Same-day assembly. PM NOW!",,86,"01/23/2023 17:30",uploaded,https://www.facebook.com/reel/1230702221135302/,0,0,Reels,,,,,01/20/2023,0,,,,,,0,0,0,0,0,0.000,3.537
987472031549136,100064197037125,"PC Merchandise","READY STOCK: RYZEN 5 3400G / GTX 1050TI builds. Same-day assembly. PM NOW!",,86,"01/23/2023 17:30",uploaded,https://www.facebook.com/reel/1230702221135302/,0,0,Reels,,,,,01/21/2023,0,,,,,,0,0,0,0,0,0.000,2.619
987472031549136,100064197037125,"PC Merchandise","READY STOCK: RYZEN 5 3400G / GTX 1050TI builds. Same-day assembly. PM NOW!",,86,"01/23/2023 17:30",uploaded,https://www.facebook.com/reel/1230702221135302/,0,0,Reels,,,,,01/22/2023,0,,,,,,0,0,0,0,0,0.000,2.725
987472031549136,100064197037125,"PC Merchandise","READY STOCK: RYZEN 5 3400G / GTX 1050TI builds. Same-day assembly. PM NOW!",,86,"01/23/2023 17:30",uploaded,https://www.facebook.com/reel/1230702221135302/,0,0,Reels,,,,,01/23/2023,0,,,,,,0,0,0,0,0,217.199,3.317
987472031549136,100064197037125,"PC Merchandise","READY STOCK: RYZEN 5 3400G / GTX 1050TI builds. Same-day assembly. PM NOW!",,86,"01/23/2023 17:30",uploaded,https://www.facebook.com/reel/1230702221135302/,0,0,Reels,,,,,01/24/2023,0,,,,,,0,0,0,0,0,178.258,4.882
987472031549136,100064197037125,"PC Merchandise","READY STOCK: RYZEN 5 3400G / GTX 1050TI builds. Same-day assembly. PM NOW!",,86,"01/23/2023 17:30",uploaded,https://www.facebook.com/reel/1230702221135302/,0,0,Reels,,,,,01/25/2023,0,,,,,,0,0,0,0,0,108.543,3.183
987472031549136,100064197037125,"PC Merchandise","READY STOCK: RYZEN 5 3400G / GTX 1050TI builds. Same-day assembly. PM NOW!",,86,"01/23/2023 17:30",uploaded,https://www.facebook.com/reel/1230702221135302/,0,0,Reels,,,,,01/26/2023,0,,,,,,0,0,0,0,0,61.561,4.636
987472031549136,100064197037125,"PC Merchandise","READY STOCK: RYZEN 5 3400G / GTX 1050TI builds. Same-day assembly. PM NOW!",,86,"01/23/2023 17:30",uploaded,https://www.facebook.com/reel/1230702221135302/,0,0,Reels,,,,,01/27/2023,0,,,,,,0,0,0,0,0,83.910,4.493
987472031549136,100064197037125,"PC Merchandise","READY STOCK: RYZEN 5 3400G / GTX 1050TI builds. Same-day assembly. PM NOW!",,86,"01/23/2023 17:30",uploaded,https://www.facebook.com/reel/1230702221135302/,0,0,Reels,,,,,01/28/2023,0,,,,,,0,0,0,0,0,65.597,2.765
987472031549136,100064197037125,"PC Merchandise","READY STOCK: RYZEN 5 3400G / GTX 1050TI builds. Same-day assembly. PM NOW!",,86,"01/23/2023 17:30",uploaded,https://www.facebook.com/reel/1230702221135302/,0,0,Reels,,,,,01/29/2023,0,,,,,,0,0,0,0,0,63.006,4.123
987472031549136,100064197037125,"PC Merchandise","READY STOCK: RYZEN 5 3400G / GTX 1050TI builds. Same-day assembly. PM NOW!",,86,"01/23/2023 17:30",uploaded,https://www.facebook.com/reel/1230702221135302/,0,0,Reels,,,,,01/30/2023,0,,,,,,0,0,0,0,0,51.638,3.265
987472031549136,100064197037125,"PC Merchandise","READY STOCK: RYZEN 5 3400G / GTX 1050TI builds. Same-day assembly. PM NOW!",,86,"01/23/2023 17:30",uploaded,https://www.facebook.com/reel/1230702221135302/,0,0,Reels,,,,,01/31/2023,0,,,,,,0,0,0,0,0,11.951,4.238
987468651156784,100064197037125,"PC Merchandise","Do you want an aesthetic build that matches your gaming needs? i3 10100F builds available now!",,68,"01/23/2023 03:30",auto,https://www.facebook.com/reel/1025472378754793/,0,0,Reels,,,,,01/01/2023,0,,,,,,0,0,0,0,0,0.000,2.275
987468651156784,100064197037125,"PC Merchandise","Do you want an aesthetic build that matches your gaming needs? i3 10100F builds available now!",,68,"01/23/2023 03:30",auto,https://www.facebook.com/reel/1025472378754793/,0,0,Reels,,,,,01/02/2023,0,,,,,,0,0,0,0,0,0.000,3.467
987468651156784,100064197037125,"PC Merchandise","Do you want an aesthetic build that matches your gaming needs? i3 10100F builds available now!",,68,"01/23/2023 03:30",auto,https://www.facebook.com/reel/1025472378754793/,0,0,Reels,,,,,01/03/2023,0,,,,,,0,0,0,0,0,0.000,2.733
987468651156784,100064197037125,"PC Merchandise","Do you want an aesthetic build that matches your gaming needs? i3 10100F builds available now!",,68,"01/23/2023 03:30",auto,https://www.facebook.com/reel/1025472378754793/,0,0,Reels,,,,,01/04/2023,0,,,,,,0,0,0,0,0,0.000,2.580
987468651156784,100064197037125,"PC Merchandise","Do you want an aesthetic build that matches your gaming needs? i3 10100F builds available now!",,68,"01/23/2023 03:30",auto,https://www.facebook.com/reel/1025472378754793/,0,0,Reels,,,,,01/05/2023,0,,,,,,0,0,0,0,0,0.000,2.371
987468651156784,100064197037125,"PC Merchandise","Do you want an aesthetic build that matches your gaming needs? i3 10100F builds available now!",,68,"01/23/2023 03:30",auto,https://www.facebook.com/reel/1025472378754793/,0,0,Reels,,,,,01/06/2023,0,,,,,,0,0,0,0,0,0.000,4.040
987468651156784,100064197037125,"PC Merchandise","Do you want an aesthetic build that matches your gaming needs? i3 10100F builds available now!",,68,"01/23/2023 03:30",auto,https://www.facebook.com/reel/1025472378754793/,0,0,Reels,,,,,01/07/2023,0,,,,,,0,0,0,0,0,0.000,4.214
987468651156784,100064197037125,"PC Merchandise","Do you want an aesthetic build that matches your gaming needs? i3 10100F builds available now!",,68,"01/23/2023 03:30",auto,https://www.facebook.com/reel/1025472378754793/,0,0,Reels,,,,,01/08/2023,0,,,,,,0,0,0,0,0,0.000,2.780
987468651156784,100064197037125,"PC Merchandise","Do you want an aesthetic build that matches your gaming needs? i3 10100F builds available now!",,68,"01/23/2023 03:30",auto,https://www.facebook.com/reel/1025472378754793/,0,0,Reels,,,,,01/09/2023,0,,,,,,0,0,0,0,0,0.000,3.253
987468651156784,100064197037125,"PC Merchandise","Do you want an aesthetic build that matches your gaming needs? i3 10100F builds available now!",,68,"01/23/2023 03:30",auto,https://www.facebook.com/reel/1025472378754793/,0,0,Reels,,,,,01/10/2023,0,,,,,,0,0,0,0,0,0.000,2.868
987468651156784,100064197037125,"PC Merchandise","Do you want an aesthetic build that matches your gaming needs? i3 10100F builds available now!",,68,"01/23/2023 03:30",auto,https://www.facebook.com/reel/1025472378754793/,0,0,Reels,,,,,01/11/2023,0,,,,,,0,0,0,0,0,0.000,3.097
987468651156784,100064197037125,"PC Merchandise","Do you want an aesthetic build that matches your gaming needs? i3 10100F builds available now!",,68,"01/23/2023 03:30",auto,https://www.facebook.com/reel/1025472378754793/,0,0,Reels,,,,,01/12/2023,0,,,,,,0,0,0,0,0,0.000,2.959
987468651156784,100064197037125,"PC Merchandise","Do you want an aesthetic build that matches your gaming needs? i3 10100F builds available now!",,68,"01/23/2023 03:30",auto,https://www.facebook.com/reel/1025472378754793/,0,0,Reels,,,,,01/13/2023,0,,,,,,0,0,0,0,0,0.000,3.422
987468651156784,100064197037125,"PC Merchandise","Do you want an aesthetic build that matches your gaming needs? i3 10100F builds available now!",,68,"01/23/2023 03:30",auto,https://www.facebook.com/reel/1025472378754793/,0,0,Reels,,,,,01/14/2023,0,,,,,,0,0,0,0,0,0.000,2.907
987468651156784,100064197037125,"PC Merchandise","Do you want an aesthetic build that matches your gaming needs? i3 10100F builds available now!",,68,"01/23/2023 03:30",auto,https://www.facebook.com/reel/1025472378754793/,0,0,Reels,,,,,01/15/2023,0,,,,,,0,0,0,0,0,0.000,2.418
987468651156784,100064197037125,"PC Merchandise","Do you want an aesthetic build that matches your gaming needs? i3 10100F builds available now!",,68,"01/23/2023 03:30",auto,https://www.facebook.com/reel/1025472378754793/,0,0,Reels,,,,,01/16/2023,0,,,,,,0,0,0,0,0,0.000,4.415
987468651156784,100064197037125,"PC Merchandise","Do you want an aesthetic build that matches your gaming needs? i3 10100F builds available now!",,68,"01/23/2023 03:30",auto,https://www.facebook.com/reel/1025472378754793/,0,0,Reels,,,,,01/17/2023,0,,,,,,0,0,0,0,0,0.000,3.524
987468651156784,100064197037125,"PC Merchandise","Do you want an aesthetic build that matches your gaming needs? i3 10100F builds available now!",,68,"01/23/2023 03:30",auto,https://www.facebook.com/reel/1025472378754793/,0,0,Reels,,,,,01/18/2023,0,,,,,,0,0,0,0,0,0.000,3.280
987468651156784,100064197037125,"PC Merchandise","Do you want an aesthetic build that matches your gaming needs? i3 10100F builds available now!",,68,"01/23/2023 03:30",auto,https://www.facebook.com/reel/1025472378754793/,0,0,Reels,,,,,01/19/2023,0,,,,,,0,0,0,0,0,0.000,1.500
987468651156784,100064197037125,"PC Merchandise","Do you want an aesthetic build that matches your gaming needs? i3 10100F builds available now!",,68,"01/23/2023 03:30",auto,https://www.facebook.com/reel/1025472378754793/,0,0,Reels,,,,,01/20/2023,0,,,,,,0,0,0,0,0,0.000,2.542
987468651156784,100064197037125,"PC Merchandise","Do you want an aesthetic build that matches your gaming needs? i3 10100F builds available now!",,68,"01/23/2023 03:30",auto,https://www.facebook.com/reel/1025472378754793/,0,0,Reels,,,,,01/21/2023,0,,,,,,0,0,0,0,0,0.000,3.301
987468651156784,100064197037125,"PC Merchandise","Do you want an aesthetic build that matches your gaming needs? i3 10100F builds available now!",,68,"01/23/2023 03:30",auto,https://www.facebook.com/reel/1025472378754793/,0,0,Reels,,,,,01/22/2023,0,,,,,,0,0,0,0,0,0.000,2.278
987468651156784,100064197037125,"PC Merchandise","Do you want an aesthetic build that matches your gaming needs? i3 10100F builds available now!",,68,"01/23/2023 03:30",auto,https://www.facebook.com/reel/1025472378754793/,0,0,Reels,,,,,01/23/2023,1,,,,,,0,0,1,0,0,182.268,1.980
987468651156784,100064197037125,"PC Merchandise","Do you want an aesthetic build that matches your gaming needs? i3 10100F builds available now!",,68,"01/23/2023 03:30",auto,https://www.facebook.com/reel/1025472378754793/,0,0,Reels,,,,,01/24/2023,0,,,,,,0,0,1,1,0,267.481,3.136
987468651156784,100064197037125,"PC Merchandise","Do you want an aesthetic build that matches your gaming needs? i3 10100F builds available now!",,68,"01/23/2023 03:30",auto,https://www.facebook.com/reel/1025472378754793/,0,0,Reels,,,,,01/25/2023,0,,,,,,0,0,1,1,0,276.633,2.321
987468651156784,100064197037125,"PC Merchandise","Do you want an aesthetic build that matches your gaming needs? i3 10100F builds available now!",,68,"01/23/2023 03:30",auto,https://www.facebook.com/reel/1025472378754793/,0,0,Reels,,,,,01/26/2023,0,,,,,,0,0,0,0,0,134.075,1.500
987468651156784,100064197037125,"PC Merchandise","Do you want an aesthetic build that matches your gaming needs? i3 10100F builds available now!",,68,"01/23/2023 03:30",auto,https://www.facebook.com/reel/1025472378754793/,0,0,Reels,,,,,01/27/2023,0,,,,,,0,0,0,0,0,100.672,3.507
987468651156784,100064197037125,"PC Merchandise","Do you want an aesthetic build that matches your gaming needs? i3 10100F builds available now!",,68,"01/23/2023 03:30",auto,https://www.facebook.com/reel/1025472378754793/,0,0,Reels,,,,,01/28/2023,0,,,,,,0,0,0,0,0,64.979,1.721
987468651156784,100064197037125,"PC Merchandise","Do you want an aesthetic build that matches your gaming needs? i3 10100F builds available now!",,68,"01/23/2023 03:30",auto,https://www.facebook.com/reel/1025472378754793/,0,0,Reels,,,,,01/29/2023,0,,,,,,0,0,0,0,0,47.100,2.803
987468651156784,100064197037125,"PC Merchandise","Do you want an aesthetic build that matches your gaming needs? i3 10100F builds available now!",,68,"01/23/2023 03:30",auto,https://www.facebook.com/reel/1025472378754793/,0,0,Reels,,,,,01/30/2023,0,,,,,,0,0,0,0,0,26.709,2.171
987468651156784,100064197037125,"PC Merchandise","Do you want an aesthetic build that matches your gaming needs? i3 10100F builds available now!",,68,"01/23/2023 03:30",auto,https://www.facebook.com/reel/1025472378754793/,0,0,Reels,,,,,01/31/2023,0,,,,,,0,0,0,0,0,12.906,2.642
987212197652305,100064197037125,"PC Merchandise","One more rig complete. One more client satisfied. Built with i5 10400F + GTX 1650. PM us for yours!",,86,"01/22/2023 23:24",auto,https://www.facebook.com/reel/1323599524723857/,0,0,Reels,,,,,01/01/2023,0,,,,,,0,0,0,0,0,0.000,6.102
987212197652305,100064197037125,"PC Merchandise","One more rig complete. One more client satisfied. Built with i5 10400F + GTX 1650. PM us for yours!",,86,"01/22/2023 23:24",auto,https://www.facebook.com/reel/1323599524723857/,0,0,Reels,,,,,01/02/2023,0,,,,,,0,0,0,0,0,0.000,6.148
987212197652305,100064197037125,"PC Merchandise","One more rig complete. One more client satisfied. Built with i5 10400F + GTX 1650. PM us for yours!",,86,"01/22/2023 23:24",auto,https://www.facebook.com/reel/1323599524723857/,0,0,Reels,,,,,01/03/2023,0,,,,,,0,0,0,0,0,0.000,5.268
987212197652305,100064197037125,"PC Merchandise","One more rig complete. One more client satisfied. Built with i5 10400F + GTX 1650. PM us for yours!",,86,"01/22/2023 23:24",auto,https://www.facebook.com/reel/1323599524723857/,0,0,Reels,,,,,01/04/2023,0,,,,,,0,0,0,0,0,0.000,7.207
987212197652305,100064197037125,"PC Merchandise","One more rig complete. One more client satisfied. Built with i5 10400F + GTX 1650. PM us for yours!",,86,"01/22/2023 23:24",auto,https://www.facebook.com/reel/1323599524723857/,0,0,Reels,,,,,01/05/2023,0,,,,,,0,0,0,0,0,0.000,6.578
987212197652305,100064197037125,"PC Merchandise","One more rig complete. One more client satisfied. Built with i5 10400F + GTX 1650. PM us for yours!",,86,"01/22/2023 23:24",auto,https://www.facebook.com/reel/1323599524723857/,0,0,Reels,,,,,01/06/2023,0,,,,,,0,0,0,0,0,0.000,5.437
987212197652305,100064197037125,"PC Merchandise","One more rig complete. One more client satisfied. Built with i5 10400F + GTX 1650. PM us for yours!",,86,"01/22/2023 23:24",auto,https://www.facebook.com/reel/1323599524723857/,0,0,Reels,,,,,01/07/2023,0,,,,,,0,0,0,0,0,0.000,4.188
987212197652305,100064197037125,"PC Merchandise","One more rig complete. One more client satisfied. Built with i5 10400F + GTX 1650. PM us for yours!",,86,"01/22/2023 23:24",auto,https://www.facebook.com/reel/1323599524723857/,0,0,Reels,,,,,01/08/2023,0,,,,,,0,0,0,0,0,0.000,6.022
987212197652305,100064197037125,"PC Merchandise","One more rig complete. One more client satisfied. Built with i5 10400F + GTX 1650. PM us for yours!",,86,"01/22/2023 23:24",auto,https://www.facebook.com/reel/1323599524723857/,0,0,Reels,,,,,01/09/2023,0,,,,,,0,0,0,0,0,0.000,6.264
987212197652305,100064197037125,"PC Merchandise","One more rig complete. One more client satisfied. Built with i5 10400F + GTX 1650. PM us for yours!",,86,"01/22/2023 23:24",auto,https://www.facebook.com/reel/1323599524723857/,0,0,Reels,,,,,01/10/2023,0,,,,,,0,0,0,0,0,0.000,6.245
987212197652305,100064197037125,"PC Merchandise","One more rig complete. One more client satisfied. Built with i5 10400F + GTX 1650. PM us for yours!",,86,"01/22/2023 23:24",auto,https://www.facebook.com/reel/1323599524723857/,0,0,Reels,,,,,01/11/2023,0,,,,,,0,0,0,0,0,0.000,5.413
987212197652305,100064197037125,"PC Merchandise","One more rig complete. One more client satisfied. Built with i5 10400F + GTX 1650. PM us for yours!",,86,"01/22/2023 23:24",auto,https://www.facebook.com/reel/1323599524723857/,0,0,Reels,,,,,01/12/2023,0,,,,,,0,0,0,0,0,0.000,6.290
987212197652305,100064197037125,"PC Merchandise","One more rig complete. One more client satisfied. Built with i5 10400F + GTX 1650. PM us for yours!",,86,"01/22/2023 23:24",auto,https://www.facebook.com/reel/1323599524723857/,0,0,Reels,,,,,01/13/2023,0,,,,,,0,0,0,0,0,0.000,6.065
987212197652305,100064197037125,"PC Merchandise","One more rig complete. One more client satisfied. Built with i5 10400F + GTX 1650. PM us for yours!",,86,"01/22/2023 23:24",auto,https://www.facebook.com/reel/1323599524723857/,0,0,Reels,,,,,01/14/2023,0,,,,,,0,0,0,0,0,0.000,6.159
987212197652305,100064197037125,"PC Merchandise","One more rig complete. One more client satisfied. Built with i5 10400F + GTX 1650. PM us for yours!",,86,"01/22/2023 23:24",auto,https://www.facebook.com/reel/1323599524723857/,0,0,Reels,,,,,01/15/2023,0,,,,,,0,0,0,0,0,0.000,6.035
987212197652305,100064197037125,"PC Merchandise","One more rig complete. One more client satisfied. Built with i5 10400F + GTX 1650. PM us for yours!",,86,"01/22/2023 23:24",auto,https://www.facebook.com/reel/1323599524723857/,0,0,Reels,,,,,01/16/2023,0,,,,,,0,0,0,0,0,0.000,5.295
987212197652305,100064197037125,"PC Merchandise","One more rig complete. One more client satisfied. Built with i5 10400F + GTX 1650. PM us for yours!",,86,"01/22/2023 23:24",auto,https://www.facebook.com/reel/1323599524723857/,0,0,Reels,,,,,01/17/2023,0,,,,,,0,0,0,0,0,0.000,6.229
987212197652305,100064197037125,"PC Merchandise","One more rig complete. One more client satisfied. Built with i5 10400F + GTX 1650. PM us for yours!",,86,"01/22/2023 23:24",auto,https://www.facebook.com/reel/1323599524723857/,0,0,Reels,,,,,01/18/2023,0,,,,,,0,0,0,0,0,0.000,5.620
987212197652305,100064197037125,"PC Merchandise","One more rig complete. One more client satisfied. Built with i5 10400F + GTX 1650. PM us for yours!",,86,"01/22/2023 23:24",auto,https://www.facebook.com/reel/1323599524723857/,0,0,Reels,,,,,01/19/2023,0,,,,,,0,0,0,0,0,0.000,4.606
987212197652305,100064197037125,"PC Merchandise","One more rig complete. One more client satisfied. Built with i5 10400F + GTX 1650. PM us for yours!",,86,"01/22/2023 23:24",auto,https://www.facebook.com/reel/1323599524723857/,0,0,Reels,,,,,01/20/2023,0,,,,,,0,0,0,0,0,0.000,6.881
987212197652305,100064197037125,"PC Merchandise","One more rig complete. One more client satisfied. Built with i5 10400F + GTX 1650. PM us for yours!",,86,"01/22/2023 23:24",auto,https://www.facebook.com/reel/1323599524723857/,0,0,Reels,,,,,01/21/2023,0,,,,,,0,0,0,0,0,0.000,6.499
987212197652305,100064197037125,"PC Merchandise","One more rig complete. One more client satisfied. Built with i5 10400F + GTX 1650. PM us for yours!",,86,"01/22/2023 23:24",auto,https://www.facebook.com/reel/1323599524723857/,0,0,Reels,,,,,01/22/2023,0,,,,,,848,0,2,2,0,4193.661,5.497
987212197652305,100064197037125,"PC Merchandise","One more rig complete. One more client satisfied. Built with i5 10400F + GTX 1650. PM us for yours!",,86,"01/22/2023 23:24",auto,https://www.facebook.com/reel/1323599524723857/,0,0,Reels,,,,,01/23/2023,0,,,,,,847,0,1,1,0,2624.056,6.109
987212197652305,100064197037125,"PC Merchandise","One more rig complete. One more client satisfied. Built with i5 10400F + GTX 1650. PM us for yours!",,86,"01/22/2023 23:24",auto,https://www.facebook.com/reel/1323599524723857/,0,0,Reels,,,,,01/24/2023,0,,,,,,824,0,0,0,0,3593.096,5.305
987212197652305,100064197037125,"PC Merchandise","One more rig complete. One more client satisfied. Built with i5 10400F + GTX 1650. PM us for yours!",,86,"01/22/2023 23:24",auto,https://www.facebook.com/reel/1323599524723857/,0,0,Reels,,,,,01/25/2023,0,,,,,,876,0,0,0,0,1661.290,4.608
987212197652305,100064197037125,"PC Merchandise","One more rig complete. One more client satisfied. Built with i5 10400F + GTX 1650. PM us for yours!",,86,"01/22/2023 23:24",auto,https://www.facebook.com/reel/1323599524723857/,0,0,Reels,,,,,01/26/2023,0,,,,,,0,0,0,0,0,2072.410,5.593
987212197652305,100064197037125,"PC Merchandise","One more rig complete. One more client satisfied. Built with i5 10400F + GTX 1650. PM us for yours!",,86,"01/22/2023 23:24",auto,https://www.facebook.com/reel/1323599524723857/,0,0,Reels,,,,,01/27/2023,0,,,,,,0,0,0,0,0,1484.141,5.714
987212197652305,100064197037125,"PC Merchandise","One more rig complete. One more client satisfied. Built with i5 10400F + GTX 1650. PM us for yours!",,86,"01/22/2023 23:24",auto,https://www.facebook.com/reel/1323599524723857/,0,0,Reels,,,,,01/28/2023,0,,,,,,0,0,0,0,0,858.711,5.333
987212197652305,100064197037125,"PC Merchandise","One more rig complete. One more client satisfied. Built with i5 10400F + GTX 1650. PM us for yours!",,86,"01/22/2023 23:24",auto,https://www.facebook.com/reel/1323599524723857/,0,0,Reels,,,,,01/29/2023,0,,,,,,0,0,0,0,0,702.071,5.320
987212197652305,100064197037125,"PC Merchandise","One more rig complete. One more client satisfied. Built with i5 10400F + GTX 1650. PM us for yours!",,86,"01/22/2023 23:24",auto,https://www.facebook.com/reel/1323599524723857/,0,0,Reels,,,,,01/30/2023,0,,,,,,0,0,1,0,1,367.204,7.153
987212197652305,100064197037125,"PC Merchandise","One more rig complete. One more client satisfied. Built with i5 10400F + GTX 1650. PM us for yours!",,86,"01/22/2023 23:24",auto,https://www.facebook.com/reel/1323599524723857/,0,0,Reels,,,,,01/31/2023,0,,,,,,0,0,0,0,0,276.164,7.369
987151109049911,100064197037125,"PC Merchandise","𝐀𝐌𝟓 𝐁𝐮𝐢𝐥𝐝 𝐋𝐢𝐦𝐢𝐭𝐞𝐝 𝐒𝐚𝐥𝐞! 🚨
Experience next-gen performance with our latest builds. PM for pricelist!",,0,"01/22/2023 19:30",,https://www.facebook.com/pcmerchandise.co/posts/pfbid02L7d6VT16DhSeDNKrbnWTDs5G9KDlJfVSSYBedsEJpniPIV3y58XzQcb,0,0,Photos,,,,,01/31/2023,0,,,,,,,,,,,,
987151109049911,100064197037125,"PC Merchandise","𝐀𝐌𝟓 𝐁𝐮𝐢𝐥𝐝 𝐋𝐢𝐦𝐢𝐭𝐞𝐝 𝐒𝐚𝐥𝐞! 🚨
Experience next-gen performance with our latest builds. PM for pricelist!",,0,"01/22/2023 19:30",,https://www.facebook.com/pcmerchandise.co/posts/pfbid02L7d6VT16DhSeDNKrbnWTDs5G9KDlJfVSSYBedsEJpniPIV3y58XzQcb,0,0,Photos,,,,,01/01/2023,,,0,0,0,0,0,0,,,,,
987151109049911,100064197037125,"PC Merchandise","𝐀𝐌𝟓 𝐁𝐮𝐢𝐥𝐝 𝐋𝐢𝐦𝐢𝐭𝐞𝐝 𝐒𝐚𝐥𝐞! 🚨
Experience next-gen performance with our latest builds. PM for pricelist!",,0,"01/22/2023 19:30",,https://www.facebook.com/pcmerchandise.co/posts/pfbid02L7d6VT16DhSeDNKrbnWTDs5G9KDlJfVSSYBedsEJpniPIV3y58XzQcb,0,0,Photos,,,,,01/02/2023,,,0,0,0,0,0,0,,,,,
987151109049911,100064197037125,"PC Merchandise","𝐀𝐌𝟓 𝐁𝐮𝐢𝐥𝐝 𝐋𝐢𝐦𝐢𝐭𝐞𝐝 𝐒𝐚𝐥𝐞! 🚨
Experience next-gen performance with our latest builds. PM for pricelist!",,0,"01/22/2023 19:30",,https://www.facebook.com/pcmerchandise.co/posts/pfbid02L7d6VT16DhSeDNKrbnWTDs5G9KDlJfVSSYBedsEJpniPIV3y58XzQcb,0,0,Photos,,,,,01/03/2023,,,0,0,0,0,0,0,,,,,
987151109049911,100064197037125,"PC Merchandise","𝐀𝐌𝟓 𝐁𝐮𝐢𝐥𝐝 𝐋𝐢𝐦𝐢𝐭𝐞𝐝 𝐒𝐚𝐥𝐞! 🚨
Experience next-gen performance with our latest builds. PM for pricelist!",,0,"01/22/2023 19:30",,https://www.facebook.com/pcmerchandise.co/posts/pfbid02L7d6VT16DhSeDNKrbnWTDs5G9KDlJfVSSYBedsEJpniPIV3y58XzQcb,0,0,Photos,,,,,01/04/2023,,,0,0,0,0,0,0,,,,,
987151109049911,100064197037125,"PC Merchandise","𝐀𝐌𝟓 𝐁𝐮𝐢𝐥𝐝 𝐋𝐢𝐦𝐢𝐭𝐞𝐝 𝐒𝐚𝐥𝐞! 🚨
Experience next-gen performance with our latest builds. PM for pricelist!",,0,"01/22/2023 19:30",,https://www.facebook.com/pcmerchandise.co/posts/pfbid02L7d6VT16DhSeDNKrbnWTDs5G9KDlJfVSSYBedsEJpniPIV3y58XzQcb,0,0,Photos,,,,,01/05/2023,,,0,0,0,0,0,0,,,,,
987151109049911,100064197037125,"PC Merchandise","𝐀𝐌𝟓 𝐁𝐮𝐢𝐥𝐝 𝐋𝐢𝐦𝐢𝐭𝐞𝐝 𝐒𝐚𝐥𝐞! 🚨
Experience next-gen performance with our latest builds. PM for pricelist!",,0,"01/22/2023 19:30",,https://www.facebook.com/pcmerchandise.co/posts/pfbid02L7d6VT16DhSeDNKrbnWTDs5G9KDlJfVSSYBedsEJpniPIV3y58XzQcb,0,0,Photos,,,,,01/06/2023,,,0,0,0,0,0,0,,,,,
987151109049911,100064197037125,"PC Merchandise","𝐀𝐌𝟓 𝐁𝐮𝐢𝐥𝐝 𝐋𝐢𝐦𝐢𝐭𝐞𝐝 𝐒𝐚𝐥𝐞! 🚨
Experience next-gen performance with our latest builds. PM for pricelist!",,0,"01/22/2023 19:30",,https://www.facebook.com/pcmerchandise.co/posts/pfbid02L7d6VT16DhSeDNKrbnWTDs5G9KDlJfVSSYBedsEJpniPIV3y58XzQcb,0,0,Photos,,,,,01/07/2023,,,0,0,0,0,0,0,,,,,
987151109049911,100064197037125,"PC Merchandise","𝐀𝐌𝟓 𝐁𝐮𝐢𝐥𝐝 𝐋𝐢𝐦𝐢𝐭𝐞𝐝 𝐒𝐚𝐥𝐞! 🚨
Experience next-gen performance with our latest builds. PM for pricelist!",,0,"01/22/2023 19:30",,https://www.facebook.com/pcmerchandise.co/posts/pfbid02L7d6VT16DhSeDNKrbnWTDs5G9KDlJfVSSYBedsEJpniPIV3y58XzQcb,0,0,Photos,,,,,01/08/2023,,,0,0,0,0,0,0,,,,,
987151109049911,100064197037125,"PC Merchandise","𝐀𝐌𝟓 𝐁𝐮𝐢𝐥𝐝 𝐋𝐢𝐦𝐢𝐭𝐞𝐝 𝐒𝐚𝐥𝐞! 🚨
Experience next-gen performance with our latest builds. PM for pricelist!",,0,"01/22/2023 19:30",,https://www.facebook.com/pcmerchandise.co/posts/pfbid02L7d6VT16DhSeDNKrbnWTDs5G9KDlJfVSSYBedsEJpniPIV3y58XzQcb,0,0,Photos,,,,,01/09/2023,,,0,0,0,0,0,0,,,,,
987151109049911,100064197037125,"PC Merchandise","𝐀𝐌𝟓 𝐁𝐮𝐢𝐥𝐝 𝐋𝐢𝐦𝐢𝐭𝐞𝐝 𝐒𝐚𝐥𝐞! 🚨
Experience next-gen performance with our latest builds. PM for pricelist!",,0,"01/22/2023 19:30",,https://www.facebook.com/pcmerchandise.co/posts/pfbid02L7d6VT16DhSeDNKrbnWTDs5G9KDlJfVSSYBedsEJpniPIV3y58XzQcb,0,0,Photos,,,,,01/10/2023,,,0,0,0,0,0,0,,,,,
987151109049911,100064197037125,"PC Merchandise","𝐀𝐌𝟓 𝐁𝐮𝐢𝐥𝐝 𝐋𝐢𝐦𝐢𝐭𝐞𝐝 𝐒𝐚𝐥𝐞! 🚨
Experience next-gen performance with our latest builds. PM for pricelist!",,0,"01/22/2023 19:30",,https://www.facebook.com/pcmerchandise.co/posts/pfbid02L7d6VT16DhSeDNKrbnWTDs5G9KDlJfVSSYBedsEJpniPIV3y58XzQcb,0,0,Photos,,,,,01/11/2023,,,0,0,0,0,0,0,,,,,
987151109049911,100064197037125,"PC Merchandise","𝐀𝐌𝟓 𝐁𝐮𝐢𝐥𝐝 𝐋𝐢𝐦𝐢𝐭𝐞𝐝 𝐒𝐚𝐥𝐞! 🚨
Experience next-gen performance with our latest builds. PM for pricelist!",,0,"01/22/2023 19:30",,https://www.facebook.com/pcmerchandise.co/posts/pfbid02L7d6VT16DhSeDNKrbnWTDs5G9KDlJfVSSYBedsEJpniPIV3y58XzQcb,0,0,Photos,,,,,01/12/2023,,,0,0,0,0,0,0,,,,,
987151109049911,100064197037125,"PC Merchandise","𝐀𝐌𝟓 𝐁𝐮𝐢𝐥𝐝 𝐋𝐢𝐦𝐢𝐭𝐞𝐝 𝐒𝐚𝐥𝐞! 🚨
Experience next-gen performance with our latest builds. PM for pricelist!",,0,"01/22/2023 19:30",,https://www.facebook.com/pcmerchandise.co/posts/pfbid02L7d6VT16DhSeDNKrbnWTDs5G9KDlJfVSSYBedsEJpniPIV3y58XzQcb,0,0,Photos,,,,,01/13/2023,,,0,0,0,0,0,0,,,,,
987151109049911,100064197037125,"PC Merchandise","𝐀𝐌𝟓 𝐁𝐮𝐢𝐥𝐝 𝐋𝐢𝐦𝐢𝐭𝐞𝐝 𝐒𝐚𝐥𝐞! 🚨
Experience next-gen performance with our latest builds. PM for pricelist!",,0,"01/22/2023 19:30",,https://www.facebook.com/pcmerchandise.co/posts/pfbid02L7d6VT16DhSeDNKrbnWTDs5G9KDlJfVSSYBedsEJpniPIV3y58XzQcb,0,0,Photos,,,,,01/14/2023,,,0,0,0,0,0,0,,,,,
987151109049911,100064197037125,"PC Merchandise","𝐀𝐌𝟓 𝐁𝐮𝐢𝐥𝐝 𝐋𝐢𝐦𝐢𝐭𝐞𝐝 𝐒𝐚𝐥𝐞! 🚨
Experience next-gen performance with our latest builds. PM for pricelist!",,0,"01/22/2023 19:30",,https://www.facebook.com/pcmerchandise.co/posts/pfbid02L7d6VT16DhSeDNKrbnWTDs5G9KDlJfVSSYBedsEJpniPIV3y58XzQcb,0,0,Photos,,,,,01/15/2023,,,0,0,0,0,0,0,,,,,
987151109049911,100064197037125,"PC Merchandise","𝐀𝐌𝟓 𝐁𝐮𝐢𝐥𝐝 𝐋𝐢𝐦𝐢𝐭𝐞𝐝 𝐒𝐚𝐥𝐞! 🚨
Experience next-gen performance with our latest builds. PM for pricelist!",,0,"01/22/2023 19:30",,https://www.facebook.com/pcmerchandise.co/posts/pfbid02L7d6VT16DhSeDNKrbnWTDs5G9KDlJfVSSYBedsEJpniPIV3y58XzQcb,0,0,Photos,,,,,01/16/2023,,,0,0,0,0,0,0,,,,,
987151109049911,100064197037125,"PC Merchandise","𝐀𝐌𝟓 𝐁𝐮𝐢𝐥𝐝 𝐋𝐢𝐦𝐢𝐭𝐞𝐝 𝐒𝐚𝐥𝐞! 🚨
Experience next-gen performance with our latest builds. PM for pricelist!",,0,"01/22/2023 19:30",,https://www.facebook.com/pcmerchandise.co/posts/pfbid02L7d6VT16DhSeDNKrbnWTDs5G9KDlJfVSSYBedsEJpniPIV3y58XzQcb,0,0,Photos,,,,,01/17/2023,,,0,0,0,0,0,0,,,,,
987151109049911,100064197037125,"PC Merchandise","𝐀𝐌𝟓 𝐁𝐮𝐢𝐥𝐝 𝐋𝐢𝐦𝐢𝐭𝐞𝐝 𝐒𝐚𝐥𝐞! 🚨
Experience next-gen performance with our latest builds. PM for pricelist!",,0,"01/22/2023 19:30",,https://www.facebook.com/pcmerchandise.co/posts/pfbid02L7d6VT16DhSeDNKrbnWTDs5G9KDlJfVSSYBedsEJpniPIV3y58XzQcb,0,0,Photos,,,,,01/18/2023,,,0,0,0,0,0,0,,,,,
987151109049911,100064197037125,"PC Merchandise","𝐀𝐌𝟓 𝐁𝐮𝐢𝐥𝐝 𝐋𝐢𝐦𝐢𝐭𝐞𝐝 𝐒𝐚𝐥𝐞! 🚨
Experience next-gen performance with our latest builds. PM for pricelist!",,0,"01/22/2023 19:30",,https://www.facebook.com/pcmerchandise.co/posts/pfbid02L7d6VT16DhSeDNKrbnWTDs5G9KDlJfVSSYBedsEJpniPIV3y58XzQcb,0,0,Photos,,,,,01/19/2023,,,0,0,0,0,0,0,,,,,
987151109049911,100064197037125,"PC Merchandise","𝐀𝐌𝟓 𝐁𝐮𝐢𝐥𝐝 𝐋𝐢𝐦𝐢𝐭𝐞𝐝 𝐒𝐚𝐥𝐞! 🚨
Experience next-gen performance with our latest builds. PM for pricelist!",,0,"01/22/2023 19:30",,https://www.facebook.com/pcmerchandise.co/posts/pfbid02L7d6VT16DhSeDNKrbnWTDs5G9KDlJfVSSYBedsEJpniPIV3y58XzQcb,0,0,Photos,,,,,01/20/2023,,,0,0,0,0,0,0,,,,,
987151109049911,100064197037125,"PC Merchandise","𝐀𝐌𝟓 𝐁𝐮𝐢𝐥𝐝 𝐋𝐢𝐦𝐢𝐭𝐞𝐝 𝐒𝐚𝐥𝐞! 🚨
Experience next-gen performance with our latest builds. PM for pricelist!",,0,"01/22/2023 19:30",,https://www.facebook.com/pcmerchandise.co/posts/pfbid02L7d6VT16DhSeDNKrbnWTDs5G9KDlJfVSSYBedsEJpniPIV3y58XzQcb,0,0,Photos,,,,,01/21/2023,,,0,0,0,0,0,0,,,,,
987151109049911,100064197037125,"PC Merchandise","𝐀𝐌𝟓 𝐁𝐮𝐢𝐥𝐝 𝐋𝐢𝐦𝐢𝐭𝐞𝐝 𝐒𝐚𝐥𝐞! 🚨
Experience next-gen performance with our latest builds. PM for pricelist!",,0,"01/22/2023 19:30",,https://www.facebook.com/pcmerchandise.co/posts/pfbid02L7d6VT16DhSeDNKrbnWTDs5G9KDlJfVSSYBedsEJpniPIV3y58XzQcb,0,0,Photos,,,,,01/22/2023,,,0,0,0,0,0,0,,,,,
987151109049911,100064197037125,"PC Merchandise","𝐀𝐌𝟓 𝐁𝐮𝐢𝐥𝐝 𝐋𝐢𝐦𝐢𝐭𝐞𝐝 𝐒𝐚𝐥𝐞! 🚨
Experience next-gen performance with our latest builds. PM for pricelist!",,0,"01/22/2023 19:30",,https://www.facebook.com/pcmerchandise.co/posts/pfbid02L7d6VT16DhSeDNKrbnWTDs5G9KDlJfVSSYBedsEJpniPIV3y58XzQcb,0,0,Photos,,,,,01/23/2023,,,0,0,0,0,0,0,,,,,
987151109049911,100064197037125,"PC Merchandise","𝐀𝐌𝟓 𝐁𝐮𝐢𝐥𝐝 𝐋𝐢𝐦𝐢𝐭𝐞𝐝 𝐒𝐚𝐥𝐞! 🚨
Experience next-gen performance with our latest builds. PM for pricelist!",,0,"01/22/2023 19:30",,https://www.facebook.com/pcmerchandise.co/posts/pfbid02L7d6VT16DhSeDNKrbnWTDs5G9KDlJfVSSYBedsEJpniPIV3y58XzQcb,0,0,Photos,,,,,01/24/2023,,,0,0,0,0,0,0,,,,,
987151109049911,100064197037125,"PC Merchandise","𝐀𝐌𝟓 𝐁𝐮𝐢𝐥𝐝 𝐋𝐢𝐦𝐢𝐭𝐞𝐝 𝐒𝐚𝐥𝐞! 🚨
Experience next-gen performance with our latest builds. PM for pricelist!",,0,"01/22/2023 19:30",,https://www.facebook.com/pcmerchandise.co/posts/pfbid02L7d6VT16DhSeDNKrbnWTDs5G9KDlJfVSSYBedsEJpniPIV3y58XzQcb,0,0,Photos,,,,,01/25/2023,,,0,0,0,0,0,0,,,,,
987151109049911,100064197037125,"PC Merchandise","𝐀𝐌𝟓 𝐁𝐮𝐢𝐥𝐝 𝐋𝐢𝐦𝐢𝐭𝐞𝐝 𝐒𝐚𝐥𝐞! 🚨
Experience next-gen performance with our latest builds. PM for pricelist!",,0,"01/22/2023 19:30",,https://www.facebook.com/pcmerchandise.co/posts/pfbid02L7d6VT16DhSeDNKrbnWTDs5G9KDlJfVSSYBedsEJpniPIV3y58XzQcb,0,0,Photos,,,,,01/26/2023,,,0,0,0,0,0,0,,,,,
987151109049911,100064197037125,"PC Merchandise","𝐀𝐌𝟓 𝐁𝐮𝐢𝐥𝐝 𝐋𝐢𝐦𝐢𝐭𝐞𝐝 𝐒𝐚𝐥𝐞! 🚨
Experience next-gen performance with our latest builds. PM for pricelist!",,0,"01/22/2023 19:30",,https://www.facebook.com/pcmerchandise.co/posts/pfbid02L7d6VT16DhSeDNKrbnWTDs5G9KDlJfVSSYBedsEJpniPIV3y58XzQcb,0,0,Photos,,,,,01/27/2023,,,0,0,0,0,0,0,,,,,
987151109049911,100064197037125,"PC Merchandise","𝐀𝐌𝟓 𝐁𝐮𝐢𝐥𝐝 𝐋𝐢𝐦𝐢𝐭𝐞𝐝 𝐒𝐚𝐥𝐞! 🚨
Experience next-gen performance with our latest builds. PM for pricelist!",,0,"01/22/2023 19:30",,https://www.facebook.com/pcmerchandise.co/posts/pfbid02L7d6VT16DhSeDNKrbnWTDs5G9KDlJfVSSYBedsEJpniPIV3y58XzQcb,0,0,Photos,,,,,01/28/2023,,,0,0,0,0,0,0,,,,,
987151109049911,100064197037125,"PC Merchandise","𝐀𝐌𝟓 𝐁𝐮𝐢𝐥𝐝 𝐋𝐢𝐦𝐢𝐭𝐞𝐝 𝐒𝐚𝐥𝐞! 🚨
Experience next-gen performance with our latest builds. PM for pricelist!",,0,"01/22/2023 19:30",,https://www.facebook.com/pcmerchandise.co/posts/pfbid02L7d6VT16DhSeDNKrbnWTDs5G9KDlJfVSSYBedsEJpniPIV3y58XzQcb,0,0,Photos,,,,,01/29/2023,,,0,0,0,0,0,0,,,,,
987151109049911,100064197037125,"PC Merchandise","𝐀𝐌𝟓 𝐁𝐮𝐢𝐥𝐝 𝐋𝐢𝐦𝐢𝐭𝐞𝐝 𝐒𝐚𝐥𝐞! 🚨
Experience next-gen performance with our latest builds. PM for pricelist!",,0,"01/22/2023 19:30",,https://www.facebook.com/pcmerchandise.co/posts/pfbid02L7d6VT16DhSeDNKrbnWTDs5G9KDlJfVSSYBedsEJpniPIV3y58XzQcb,0,0,Photos,,,,,01/30/2023,,,0,0,0,0,0,0,,,,,
987151109049911,100064197037125,"PC Merchandise","𝐀𝐌𝟓 𝐁𝐮𝐢𝐥𝐝 𝐋𝐢𝐦𝐢𝐭𝐞𝐝 𝐒𝐚𝐥𝐞! 🚨
Experience next-gen performance with our latest builds. PM for pricelist!",,0,"01/22/2023 19:30",,https://www.facebook.com/pcmerchandise.co/posts/pfbid02L7d6VT16DhSeDNKrbnWTDs5G9KDlJfVSSYBedsEJpniPIV3y58XzQcb,0,0,Photos,,,,,01/31/2023,,,0,0,0,0,0,0,,,,,
987127763042442,100064197037125,"PC Merchandise","𝐑𝐘𝐙𝐄𝐍 𝟓 𝟐𝟔𝟎𝟎 w/ 𝐆𝐓𝐗 𝟏𝟔𝟓𝟎
𝐆𝐀𝐌𝐈𝐍𝐆 𝐁𝐔𝐈𝐋𝐃
#PCMERCHANDISE #PCMBUILDS",,48,"01/22/2023 19:00",uploaded,https://www.facebook.com/reel/1170294799309409/,0,1,Reels,,,,,01/01/2023,0,,,,,,0,0,0,0,0,0.000,4.140
987127763042442,100064197037125,"PC Merchandise","𝐑𝐘𝐙𝐄𝐍 𝟓 𝟐𝟔𝟎𝟎 w/ 𝐆𝐓𝐗 𝟏𝟔𝟓𝟎
𝐆𝐀𝐌𝐈𝐍𝐆 𝐁𝐔𝐈𝐋𝐃
#PCMERCHANDISE #PCMBUILDS",,48,"01/22/2023 19:00",uploaded,https://www.facebook.com/reel/1170294799309409/,0,1,Reels,,,,,01/02/2023,0,,,,,,0,0,0,0,0,0.000,3.126
987127763042442,100064197037125,"PC Merchandise","𝐑𝐘𝐙𝐄𝐍 𝟓 𝟐𝟔𝟎𝟎 w/ 𝐆𝐓𝐗 𝟏𝟔𝟓𝟎
𝐆𝐀𝐌𝐈𝐍𝐆 𝐁𝐔𝐈𝐋𝐃
#PCMERCHANDISE #PCMBUILDS",,48,"01/22/2023 19:00",uploaded,https://www.facebook.com/reel/1170294799309409/,0,1,Reels,,,,,01/03/2023,0,,,,,,0,0,0,0,0,0.000,3.051
987127763042442,100064197037125,"PC Merchandise","𝐑𝐘𝐙𝐄𝐍 𝟓 𝟐𝟔𝟎𝟎 w/ 𝐆𝐓𝐗 𝟏𝟔𝟓𝟎
𝐆𝐀𝐌𝐈𝐍𝐆 𝐁𝐔𝐈𝐋𝐃
#PCMERCHANDISE #PCMBUILDS",,48,"01/22/2023 19:00",uploaded,https://www.facebook.com/reel/1170294799309409/,0,1,Reels,,,,,01/04/2023,0,,,,,,0,0,0,0,0,0.000,3.529
987127763042442,100064197037125,"PC Merchandise","𝐑𝐘𝐙𝐄𝐍 𝟓 𝟐𝟔𝟎𝟎 w/ 𝐆𝐓𝐗 𝟏𝟔𝟓𝟎
𝐆𝐀𝐌𝐈𝐍𝐆 𝐁𝐔𝐈𝐋𝐃
#PCMERCHANDISE #PCMBUILDS",,48,"01/22/2023 19:00",uploaded,https://www.facebook.com/reel/1170294799309409/,0,1,Reels,,,,,01/05/2023,0,,,,,,0,0,0,0,0,0.000,2.397
987127763042442,100064197037125,"PC Merchandise","𝐑𝐘𝐙𝐄𝐍 𝟓 𝟐𝟔𝟎𝟎 w/ 𝐆𝐓𝐗 𝟏𝟔𝟓𝟎
𝐆𝐀𝐌𝐈𝐍𝐆 𝐁𝐔𝐈𝐋𝐃
#PCMERCHANDISE #PCMBUILDS",,48,"01/22/2023 19:00",uploaded,https://www.facebook.com/reel/1170294799309409/,0,1,Reels,,,,,01/06/2023,0,,,,,,0,0,0,0,0,0.000,1.799
987127763042442,100064197037125,"PC Merchandise","𝐑𝐘𝐙𝐄𝐍 𝟓 𝟐𝟔𝟎𝟎 w/ 𝐆𝐓𝐗 𝟏𝟔𝟓𝟎
𝐆𝐀𝐌𝐈𝐍𝐆 𝐁𝐔𝐈𝐋𝐃
#PCMERCHANDISE #PCMBUILDS",,48,"01/22/2023 19:00",uploaded,https://www.facebook.com/reel/1170294799309409/,0,1,Reels,,,,,01/07/2023,0,,,,,,0,0,0,0,0,0.000,3.506
987127763042442,100064197037125,"PC Merchandise","𝐑𝐘𝐙𝐄𝐍 𝟓 𝟐𝟔𝟎𝟎 w/ 𝐆𝐓𝐗 𝟏𝟔𝟓𝟎
𝐆𝐀𝐌𝐈𝐍𝐆 𝐁𝐔𝐈𝐋𝐃
#PCMERCHANDISE #PCMBUILDS",,48,"01/22/2023 19:00",uploaded,https://www.facebook.com/reel/1170294799309409/,0,1,Reels,,,,,01/08/2023,0,,,,,,0,0,0,0,0,0.000,2.821
987127763042442,100064197037125,"PC Merchandise","𝐑𝐘𝐙𝐄𝐍 𝟓 𝟐𝟔𝟎𝟎 w/ 𝐆𝐓𝐗 𝟏𝟔𝟓𝟎
𝐆𝐀𝐌𝐈𝐍𝐆 𝐁𝐔𝐈𝐋𝐃
#PCMERCHANDISE #PCMBUILDS",,48,"01/22/2023 19:00",uploaded,https://www.facebook.com/reel/1170294799309409/,0,1,Reels,,,,,01/09/2023,0,,,,,,0,0,0,0,0,0.000,2.001
987127763042442,100064197037125,"PC Merchandise","𝐑𝐘𝐙𝐄𝐍 𝟓 𝟐𝟔𝟎𝟎 w/ 𝐆𝐓𝐗 𝟏𝟔𝟓𝟎
𝐆𝐀𝐌𝐈𝐍𝐆 𝐁𝐔𝐈𝐋𝐃
#PCMERCHANDISE #PCMBUILDS",,48,"01/22/2023 19:00",uploaded,https://www.facebook.com/reel/1170294799309409/,0,1,Reels,,,,,01/10/2023,0,,,,,,0,0,0,0,0,0.000,2.780
987127763042442,100064197037125,"PC Merchandise","𝐑𝐘𝐙𝐄𝐍 𝟓 𝟐𝟔𝟎𝟎 w/ 𝐆𝐓𝐗 𝟏𝟔𝟓𝟎
𝐆𝐀𝐌𝐈𝐍𝐆 𝐁𝐔𝐈𝐋𝐃
#PCMERCHANDISE #PCMBUILDS",,48,"01/22/2023 19:00",uploaded,https://www.facebook.com/reel/1170294799309409/,0,1,Reels,,,,,01/11/2023,0,,,,,,0,0,0,0,0,0.000,2.882
987127763042442,100064197037125,"PC Merchandise","𝐑𝐘𝐙𝐄𝐍 𝟓 𝟐𝟔𝟎𝟎 w/ 𝐆𝐓𝐗 𝟏𝟔𝟓𝟎
𝐆𝐀𝐌𝐈𝐍𝐆 𝐁𝐔𝐈𝐋𝐃
#PCMERCHANDISE #PCMBUILDS",,48,"01/22/2023 19:00",uploaded,https://www.facebook.com/reel/1170294799309409/,0,1,Reels,,,,,01/12/2023,0,,,,,,0,0,0,0,0,0.000,2.776
987127763042442,100064197037125,"PC Merchandise","𝐑𝐘𝐙𝐄𝐍 𝟓 𝟐𝟔𝟎𝟎 w/ 𝐆𝐓𝐗 𝟏𝟔𝟓𝟎
𝐆𝐀𝐌𝐈𝐍𝐆 𝐁𝐔𝐈𝐋𝐃
#PCMERCHANDISE #PCMBUILDS",,48,"01/22/2023 19:00",uploaded,https://www.facebook.com/reel/1170294799309409/,0,1,Reels,,,,,01/13/2023,0,,,,,,0,0,0,0,0,0.000,2.104
987127763042442,100064197037125,"PC Merchandise","𝐑𝐘𝐙𝐄𝐍 𝟓 𝟐𝟔𝟎𝟎 w/ 𝐆𝐓𝐗 𝟏𝟔𝟓𝟎
𝐆𝐀𝐌𝐈𝐍𝐆 𝐁𝐔𝐈𝐋𝐃
#PCMERCHANDISE #PCMBUILDS",,48,"01/22/2023 19:00",uploaded,https://www.facebook.com/reel/1170294799309409/,0,1,Reels,,,,,01/14/2023,0,,,,,,0,0,0,0,0,0.000,3.563
987127763042442,100064197037125,"PC Merchandise","𝐑𝐘𝐙𝐄𝐍 𝟓 𝟐𝟔𝟎𝟎 w/ 𝐆𝐓𝐗 𝟏𝟔𝟓𝟎
𝐆𝐀𝐌𝐈𝐍𝐆 𝐁𝐔𝐈𝐋𝐃
#PCMERCHANDISE #PCMBUILDS",,48,"01/22/2023 19:00",uploaded,https://www.facebook.com/reel/1170294799309409/,0,1,Reels,,,,,01/15/2023,0,,,,,,0,0,0,0,0,0.000,4.341
987127763042442,100064197037125,"PC Merchandise","𝐑𝐘𝐙𝐄𝐍 𝟓 𝟐𝟔𝟎𝟎 w/ 𝐆𝐓𝐗 𝟏𝟔𝟓𝟎
𝐆𝐀𝐌𝐈𝐍𝐆 𝐁𝐔𝐈𝐋𝐃
#PCMERCHANDISE #PCMBUILDS",,48,"01/22/2023 19:00",uploaded,https://www.facebook.com/reel/1170294799309409/,0,1,Reels,,,,,01/16/2023,0,,,,,,0,0,0,0,0,0.000,3.877
987127763042442,100064197037125,"PC Merchandise","𝐑𝐘𝐙𝐄𝐍 𝟓 𝟐𝟔𝟎𝟎 w/ 𝐆𝐓𝐗 𝟏𝟔𝟓𝟎
𝐆𝐀𝐌𝐈𝐍𝐆 𝐁𝐔𝐈𝐋𝐃
#PCMERCHANDISE #PCMBUILDS",,48,"01/22/2023 19:00",uploaded,https://www.facebook.com/reel/1170294799309409/,0,1,Reels,,,,,01/17/2023,0,,,,,,0,0,0,0,0,0.000,1.500
987127763042442,100064197037125,"PC Merchandise","𝐑𝐘𝐙𝐄𝐍 𝟓 𝟐𝟔𝟎𝟎 w/ 𝐆𝐓𝐗 𝟏𝟔𝟓𝟎
𝐆𝐀𝐌𝐈𝐍𝐆 𝐁𝐔𝐈𝐋𝐃
#PCMERCHANDISE #PCMBUILDS",,48,"01/22/2023 19:00",uploaded,https://www.facebook.com/reel/1170294799309409/,0,1,Reels,,,,,01/18/2023,0,,,,,,0,0,0,0,0,0.000,2.972
987127763042442,100064197037125,"PC Merchandise","𝐑𝐘𝐙𝐄𝐍 𝟓 𝟐𝟔𝟎𝟎 w/ 𝐆𝐓𝐗 𝟏𝟔𝟓𝟎
𝐆𝐀𝐌𝐈𝐍𝐆 𝐁𝐔𝐈𝐋𝐃
#PCMERCHANDISE #PCMBUILDS",,48,"01/22/2023 19:00",uploaded,https://www.facebook.com/reel/1170294799309409/,0,1,Reels,,,,,01/19/2023,0,,,,,,0,0,0,0,0,0.000,2.951
987127763042442,100064197037125,"PC Merchandise","𝐑𝐘𝐙𝐄𝐍 𝟓 𝟐𝟔𝟎𝟎 w/ 𝐆𝐓𝐗 𝟏𝟔𝟓𝟎
𝐆𝐀𝐌𝐈𝐍𝐆 𝐁𝐔𝐈𝐋𝐃
#PCMERCHANDISE #PCMBUILDS",,48,"01/22/2023 19:00",uploaded,https://www.facebook.com/reel/1170294799309409/,0,1,Reels,,,,,01/20/2023,0,,,,,,0,0,0,0,0,0.000,2.802
987127763042442,100064197037125,"PC Merchandise","𝐑𝐘𝐙𝐄𝐍 𝟓 𝟐𝟔𝟎𝟎 w/ 𝐆𝐓𝐗 𝟏𝟔𝟓𝟎
𝐆𝐀𝐌𝐈𝐍𝐆 𝐁𝐔𝐈𝐋𝐃
#PCMERCHANDISE #PCMBUILDS",,48,"01/22/2023 19:00",uploaded,https://www.facebook.com/reel/1170294799309409/,0,1,Reels,,,,,01/21/2023,0,,,,,,0,0,0,0,0,0.000,3.110
987127763042442,100064197037125,"PC Merchandise","𝐑𝐘𝐙𝐄𝐍 𝟓 𝟐𝟔𝟎𝟎 w/ 𝐆𝐓𝐗 𝟏𝟔𝟓𝟎
𝐆𝐀𝐌𝐈𝐍𝐆 𝐁𝐔𝐈𝐋𝐃
#PCMERCHANDISE #PCMBUILDS",,48,"01/22/2023 19:00",uploaded,https://www.facebook.com/reel/1170294799309409/,0,1,Reels,,,,,01/22/2023,0,,,,,,28,0,1,1,0,327.584,3.332
987127763042442,100064197037125,"PC Merchandise","𝐑𝐘𝐙𝐄𝐍 𝟓 𝟐𝟔𝟎𝟎 w/ 𝐆𝐓𝐗 𝟏𝟔𝟓𝟎
𝐆𝐀𝐌𝐈𝐍𝐆 𝐁𝐔𝐈𝐋𝐃
#PCMERCHANDISE #PCMBUILDS",,48,"01/22/2023 19:00",uploaded,https://www.facebook.com/reel/1170294799309409/,0,1,Reels,,,,,01/23/2023,0,,,,,,28,0,0,0,0,307.788,2.785
987127763042442,100064197037125,"PC Merchandise","𝐑𝐘𝐙𝐄𝐍 𝟓 𝟐𝟔𝟎𝟎 w/ 𝐆𝐓𝐗 𝟏𝟔𝟓𝟎
𝐆𝐀𝐌𝐈𝐍𝐆 𝐁𝐔𝐈𝐋𝐃
#PCMERCHANDISE #PCMBUILDS",,48,"01/22/2023 19:00",uploaded,https://www.facebook.com/reel/1170294799309409/,0,1,Reels,,,,,01/24/2023,0,,,,,,26,0,0,0,0,224.757,3.349
987127763042442,100064197037125,"PC Merchandise","𝐑𝐘𝐙𝐄𝐍 𝟓 𝟐𝟔𝟎𝟎 w/ 𝐆𝐓𝐗 𝟏𝟔𝟓𝟎
𝐆𝐀𝐌𝐈𝐍𝐆 𝐁𝐔𝐈𝐋𝐃
#PCMERCHANDISE #PCMBUILDS",,48,"01/22/2023 19:00",uploaded,https://www.facebook.com/reel/1170294799309409/,0,1,Reels,,,,,01/25/2023,0,,,,,,24,0,1,1,0,218.988,2.806
987127763042442,100064197037125,"PC Merchandise","𝐑𝐘𝐙𝐄𝐍 𝟓 𝟐𝟔𝟎𝟎 w/ 𝐆𝐓𝐗 𝟏𝟔𝟓𝟎
𝐆𝐀𝐌𝐈𝐍𝐆 𝐁𝐔𝐈𝐋𝐃
#PCMERCHANDISE #PCMBUILDS",,48,"01/22/2023 19:00",uploaded,https://www.facebook.com/reel/1170294799309409/,0,1,Reels,,,,,01/26/2023,0,,,,,,28,0,0,0,0,203.513,3.224
987127763042442,100064197037125,"PC Merchandise","𝐑𝐘𝐙𝐄𝐍 𝟓 𝟐𝟔𝟎𝟎 w/ 𝐆𝐓𝐗 𝟏𝟔𝟓𝟎
𝐆𝐀𝐌𝐈𝐍𝐆 𝐁𝐔𝐈𝐋𝐃
#PCMERCHANDISE #PCMBUILDS",,48,"01/22/2023 19:00",uploaded,https://www.facebook.com/reel/1170294799309409/,0,1,Reels,,,,,01/27/2023,0,,,,,,33,0,0,0,0,163.050,2.918
987127763042442,100064197037125,"PC Merchandise","𝐑𝐘𝐙𝐄𝐍 𝟓 𝟐𝟔𝟎𝟎 w/ 𝐆𝐓𝐗 𝟏𝟔𝟓𝟎
𝐆𝐀𝐌𝐈𝐍𝐆 𝐁𝐔𝐈𝐋𝐃
#PCMERCHANDISE #PCMBUILDS",,48,"01/22/2023 19:00",uploaded,https://www.facebook.com/reel/1170294799309409/,0,1,Reels,,,,,01/28/2023,0,,,,,,23,0,0,0,0,20.863,3.099
987127763042442,100064197037125,"PC Merchandise","𝐑𝐘𝐙𝐄𝐍 𝟓 𝟐𝟔𝟎𝟎 w/ 𝐆𝐓𝐗 𝟏𝟔𝟓𝟎
𝐆𝐀𝐌𝐈𝐍𝐆 𝐁𝐔𝐈𝐋𝐃
#PCMERCHANDISE #PCMBUILDS",,48,"01/22/2023 19:00",uploaded,https://www.facebook.com/reel/1170294799309409/,0,1,Reels,,,,,01/29/2023,0,,,,,,21,0,0,0,0,114.000,3.423
987127763042442,100064197037125,"PC Merchandise","𝐑𝐘𝐙𝐄𝐍 𝟓 𝟐𝟔𝟎𝟎 w/ 𝐆𝐓𝐗 𝟏𝟔𝟓𝟎
𝐆𝐀𝐌𝐈𝐍𝐆 𝐁𝐔𝐈𝐋𝐃
#PCMERCHANDISE #PCMBUILDS",,48,"01/22/2023 19:00",uploaded,https://www.facebook.com/reel/1170294799309409/,0,1,Reels,,,,,01/30/2023,0,,,,,,24,0,0,0,0,72.976,3.971
987127763042442,100064197037125,"PC Merchandise","𝐑𝐘𝐙𝐄𝐍 𝟓 𝟐𝟔𝟎𝟎 w/ 𝐆𝐓𝐗 𝟏𝟔𝟓𝟎
𝐆𝐀𝐌𝐈𝐍𝐆 𝐁𝐔𝐈𝐋𝐃
#PCMERCHANDISE #PCMBUILDS",,48,"01/22/2023 19:00",uploaded,https://www.facebook.com/reel/1170294799309409/,0,1,Reels,,,,,01/31/2023,0,,,,,,29,0,0,0,0,22.046,5.045
987639321275023,100064197037125,"PC Merchandise","𝐀𝐌𝟓 𝐁𝐮𝐢𝐥𝐝 𝐋𝐢𝐦𝐢𝐭𝐞𝐝 𝐒𝐚𝐥𝐞! 🚨
Experience next-gen performance with our latest builds. PM for pricelist!",,0,"01/22/2023 19:00",,https://www.facebook.com/pcmerchandise.co/posts/pfbid0ZOXGouNLy6ZkbuaQW4XpTRlCQ8ubN4MpeDsMolBfWE5x9pclnanTHBTL,0,0,Photos,,,,,01/31/2023,1,,,,,,,,,,,,
987639321275023,100064197037125,"PC Merchandise","𝐀𝐌𝟓 𝐁𝐮𝐢𝐥𝐝 𝐋𝐢𝐦𝐢𝐭𝐞𝐝 𝐒𝐚𝐥𝐞! 🚨
Experience next-gen performance with our latest builds. PM for pricelist!",,0,"01/22/2023 19:00",,https://www.facebook.com/pcmerchandise.co/posts/pfbid0ZOXGouNLy6ZkbuaQW4XpTRlCQ8ubN4MpeDsMolBfWE5x9pclnanTHBTL,0,0,Photos,,,,,01/01/2023,,,0,0,0,0,0,0,,,,,
987639321275023,100064197037125,"PC Merchandise","𝐀𝐌𝟓 𝐁𝐮𝐢𝐥𝐝 𝐋𝐢𝐦𝐢𝐭𝐞𝐝 𝐒𝐚𝐥𝐞! 🚨
Experience next-gen performance with our latest builds. PM for pricelist!",,0,"01/22/2023 19:00",,https://www.facebook.com/pcmerchandise.co/posts/pfbid0ZOXGouNLy6ZkbuaQW4XpTRlCQ8ubN4MpeDsMolBfWE5x9pclnanTHBTL,0,0,Photos,,,,,01/02/2023,,,0,0,0,0,0,0,,,,,
987639321275023,100064197037125,"PC Merchandise","𝐀𝐌𝟓 𝐁𝐮𝐢𝐥𝐝 𝐋𝐢𝐦𝐢𝐭𝐞𝐝 𝐒𝐚𝐥𝐞! 🚨
Experience next-gen performance with our latest builds. PM for pricelist!",,0,"01/22/2023 19:00",,https://www.facebook.com/pcmerchandise.co/posts/pfbid0ZOXGouNLy6ZkbuaQW4XpTRlCQ8ubN4MpeDsMolBfWE5x9pclnanTHBTL,0,0,Photos,,,,,01/03/2023,,,0,0,0,0,0,0,,,,,
987639321275023,100064197037125,"PC Merchandise","𝐀𝐌𝟓 𝐁𝐮𝐢𝐥𝐝 𝐋𝐢𝐦𝐢𝐭𝐞𝐝 𝐒𝐚𝐥𝐞! 🚨
Experience next-gen performance with our latest builds. PM for pricelist!",,0,"01/22/2023 19:00",,https://www.facebook.com/pcmerchandise.co/posts/pfbid0ZOXGouNLy6ZkbuaQW4XpTRlCQ8ubN4MpeDsMolBfWE5x9pclnanTHBTL,0,0,Photos,,,,,01/04/2023,,,0,0,0,0,0,0,,,,,
987639321275023,100064197037125,"PC Merchandise","𝐀𝐌𝟓 𝐁𝐮𝐢𝐥𝐝 𝐋𝐢𝐦𝐢𝐭𝐞𝐝 𝐒𝐚𝐥𝐞! 🚨
Experience next-gen performance with our latest builds. PM for pricelist!",,0,"01/22/2023 19:00",,https://www.facebook.com/pcmerchandise.co/posts/pfbid0ZOXGouNLy6ZkbuaQW4XpTRlCQ8ubN4MpeDsMolBfWE5x9pclnanTHBTL,0,0,Photos,,,,,01/05/2023,,,0,0,0,0,0,0,,,,,
987639321275023,100064197037125,"PC Merchandise","𝐀𝐌𝟓 𝐁𝐮𝐢𝐥𝐝 𝐋𝐢𝐦𝐢𝐭𝐞𝐝 𝐒𝐚𝐥𝐞! 🚨
Experience next-gen performance with our latest builds. PM for pricelist!",,0,"01/22/2023 19:00",,https://www.facebook.com/pcmerchandise.co/posts/pfbid0ZOXGouNLy6ZkbuaQW4XpTRlCQ8ubN4MpeDsMolBfWE5x9pclnanTHBTL,0,0,Photos,,,,,01/06/2023,,,0,0,0,0,0,0,,,,,
987639321275023,100064197037125,"PC Merchandise","𝐀𝐌𝟓 𝐁𝐮𝐢𝐥𝐝 𝐋𝐢𝐦𝐢𝐭𝐞𝐝 𝐒𝐚𝐥𝐞! 🚨
Experience next-gen performance with our latest builds. PM for pricelist!",,0,"01/22/2023 19:00",,https://www.facebook.com/pcmerchandise.co/posts/pfbid0ZOXGouNLy6ZkbuaQW4XpTRlCQ8ubN4MpeDsMolBfWE5x9pclnanTHBTL,0,0,Photos,,,,,01/07/2023,,,0,0,0,0,0,0,,,,,
987639321275023,100064197037125,"PC Merchandise","𝐀𝐌𝟓 𝐁𝐮𝐢𝐥𝐝 𝐋𝐢𝐦𝐢𝐭𝐞𝐝 𝐒𝐚𝐥𝐞! 🚨
Experience next-gen performance with our latest builds. PM for pricelist!",,0,"01/22/2023 19:00",,https://www.facebook.com/pcmerchandise.co/posts/pfbid0ZOXGouNLy6ZkbuaQW4XpTRlCQ8ubN4MpeDsMolBfWE5x9pclnanTHBTL,0,0,Photos,,,,,01/08/2023,,,0,0,0,0,0,0,,,,,
987639321275023,100064197037125,"PC Merchandise","𝐀𝐌𝟓 𝐁𝐮𝐢𝐥𝐝 𝐋𝐢𝐦𝐢𝐭𝐞𝐝 𝐒𝐚𝐥𝐞! 🚨
Experience next-gen performance with our latest builds. PM for pricelist!",,0,"01/22/2023 19:00",,https://www.facebook.com/pcmerchandise.co/posts/pfbid0ZOXGouNLy6ZkbuaQW4XpTRlCQ8ubN4MpeDsMolBfWE5x9pclnanTHBTL,0,0,Photos,,,,,01/09/2023,,,0,0,0,0,0,0,,,,,
987639321275023,100064197037125,"PC Merchandise","𝐀𝐌𝟓 𝐁𝐮𝐢𝐥𝐝 𝐋𝐢𝐦𝐢𝐭𝐞𝐝 𝐒𝐚𝐥𝐞! 🚨
Experience next-gen performance with our latest builds. PM for pricelist!",,0,"01/22/2023 19:00",,https://www.facebook.com/pcmerchandise.co/posts/pfbid0ZOXGouNLy6ZkbuaQW4XpTRlCQ8ubN4MpeDsMolBfWE5x9pclnanTHBTL,0,0,Photos,,,,,01/10/2023,,,0,0,0,0,0,0,,,,,
987639321275023,100064197037125,"PC Merchandise","𝐀𝐌𝟓 𝐁𝐮𝐢𝐥𝐝 𝐋𝐢𝐦𝐢𝐭𝐞𝐝 𝐒𝐚𝐥𝐞! 🚨
Experience next-gen performance with our latest builds. PM for pricelist!",,0,"01/22/2023 19:00",,https://www.facebook.com/pcmerchandise.co/posts/pfbid0ZOXGouNLy6ZkbuaQW4XpTRlCQ8ubN4MpeDsMolBfWE5x9pclnanTHBTL,0,0,Photos,,,,,01/11/2023,,,0,0,0,0,0,0,,,,,
987639321275023,100064197037125,"PC Merchandise","𝐀𝐌𝟓 𝐁𝐮𝐢𝐥𝐝 𝐋𝐢𝐦𝐢𝐭𝐞𝐝 𝐒𝐚𝐥𝐞! 🚨
Experience next-gen performance with our latest builds. PM for pricelist!",,0,"01/22/2023 19:00",,https://www.facebook.com/pcmerchandise.co/posts/pfbid0ZOXGouNLy6ZkbuaQW4XpTRlCQ8ubN4MpeDsMolBfWE5x9pclnanTHBTL,0,0,Photos,,,,,01/12/2023,,,0,0,0,0,0,0,,,,,
987639321275023,100064197037125,"PC Merchandise","𝐀𝐌𝟓 𝐁𝐮𝐢𝐥𝐝 𝐋𝐢𝐦𝐢𝐭𝐞𝐝 𝐒𝐚𝐥𝐞! 🚨
Experience next-gen performance with our latest builds. PM for pricelist!",,0,"01/22/2023 19:00",,https://www.facebook.com/pcmerchandise.co/posts/pfbid0ZOXGouNLy6ZkbuaQW4XpTRlCQ8ubN4MpeDsMolBfWE5x9pclnanTHBTL,0,0,Photos,,,,,01/13/2023,,,0,0,0,0,0,0,,,,,
987639321275023,100064197037125,"PC Merchandise","𝐀𝐌𝟓 𝐁𝐮𝐢𝐥𝐝 𝐋𝐢𝐦𝐢𝐭𝐞𝐝 𝐒𝐚𝐥𝐞! 🚨
Experience next-gen performance with our latest builds. PM for pricelist!",,0,"01/22/2023 19:00",,https://www.facebook.com/pcmerchandise.co/posts/pfbid0ZOXGouNLy6ZkbuaQW4XpTRlCQ8ubN4MpeDsMolBfWE5x9pclnanTHBTL,0,0,Photos,,,,,01/14/2023,,,0,0,0,0,0,0,,,,,
987639321275023,100064197037125,"PC Merchandise","𝐀𝐌𝟓 𝐁𝐮𝐢𝐥𝐝 𝐋𝐢𝐦𝐢𝐭𝐞𝐝 𝐒𝐚𝐥𝐞! 🚨
Experience next-gen performance with our latest builds. PM for pricelist!",,0,"01/22/2023 19:00",,https://www.facebook.com/pcmerchandise.co/posts/pfbid0ZOXGouNLy6ZkbuaQW4XpTRlCQ8ubN4MpeDsMolBfWE5x9pclnanTHBTL,0,0,Photos,,,,,01/15/2023,,,0,0,0,0,0,0,,,,,
987639321275023,100064197037125,"PC Merchandise","𝐀𝐌𝟓 𝐁𝐮𝐢𝐥𝐝 𝐋𝐢𝐦𝐢𝐭𝐞𝐝 𝐒𝐚𝐥𝐞! 🚨
Experience next-gen performance with our latest builds. PM for pricelist!",,0,"01/22/2023 19:00",,https://www.facebook.com/pcmerchandise.co/posts/pfbid0ZOXGouNLy6ZkbuaQW4XpTRlCQ8ubN4MpeDsMolBfWE5x9pclnanTHBTL,0,0,Photos,,,,,01/16/2023,,,0,0,0,0,0,0,,,,,
987639321275023,100064197037125,"PC Merchandise","𝐀𝐌𝟓 𝐁𝐮𝐢𝐥𝐝 𝐋𝐢𝐦𝐢𝐭𝐞𝐝 𝐒𝐚𝐥𝐞! 🚨
Experience next-gen performance with our latest builds. PM for pricelist!",,0,"01/22/2023 19:00",,https://www.facebook.com/pcmerchandise.co/posts/pfbid0ZOXGouNLy6ZkbuaQW4XpTRlCQ8ubN4MpeDsMolBfWE5x9pclnanTHBTL,0,0,Photos,,,,,01/17/2023,,,0,0,0,0,0,0,,,,,
987639321275023,100064197037125,"PC Merchandise","𝐀𝐌𝟓 𝐁𝐮𝐢𝐥𝐝 𝐋𝐢𝐦𝐢𝐭𝐞𝐝 𝐒𝐚𝐥𝐞! 🚨
Experience next-gen performance with our latest builds. PM for pricelist!",,0,"01/22/2023 19:00",,https://www.facebook.com/pcmerchandise.co/posts/pfbid0ZOXGouNLy6ZkbuaQW4XpTRlCQ8ubN4MpeDsMolBfWE5x9pclnanTHBTL,0,0,Photos,,,,,01/18/2023,,,0,0,0,0,0,0,,,,,
987639321275023,100064197037125,"PC Merchandise","𝐀𝐌𝟓 𝐁𝐮𝐢𝐥𝐝 𝐋𝐢𝐦𝐢𝐭𝐞𝐝 𝐒𝐚𝐥𝐞! 🚨
Experience next-gen performance with our latest builds. PM for pricelist!",,0,"01/22/2023 19:00",,https://www.facebook.com/pcmerchandise.co/posts/pfbid0ZOXGouNLy6ZkbuaQW4XpTRlCQ8ubN4MpeDsMolBfWE5x9pclnanTHBTL,0,0,Photos,,,,,01/19/2023,,,0,0,0,0,0,0,,,,,
987639321275023,100064197037125,"PC Merchandise","𝐀𝐌𝟓 𝐁𝐮𝐢𝐥𝐝 𝐋𝐢𝐦𝐢𝐭𝐞𝐝 𝐒𝐚𝐥𝐞! 🚨
Experience next-gen performance with our latest builds. PM for pricelist!",,0,"01/22/2023 19:00",,https://www.facebook.com/pcmerchandise.co/posts/pfbid0ZOXGouNLy6ZkbuaQW4XpTRlCQ8ubN4MpeDsMolBfWE5x9pclnanTHBTL,0,0,Photos,,,,,01/20/2023,,,0,0,0,0,0,0,,,,,
987639321275023,100064197037125,"PC Merchandise","𝐀𝐌𝟓 𝐁𝐮𝐢𝐥𝐝 𝐋𝐢𝐦𝐢𝐭𝐞𝐝 𝐒𝐚𝐥𝐞! 🚨
Experience next-gen performance with our latest builds. PM for pricelist!",,0,"01/22/2023 19:00",,https://www.facebook.com/pcmerchandise.co/posts/pfbid0ZOXGouNLy6ZkbuaQW4XpTRlCQ8ubN4MpeDsMolBfWE5x9pclnanTHBTL,0,0,Photos,,,,,01/21/2023,,,0,0,0,0,0,0,,,,,
987639321275023,100064197037125,"PC Merchandise","𝐀𝐌𝟓 𝐁𝐮𝐢𝐥𝐝 𝐋𝐢𝐦𝐢𝐭𝐞𝐝 𝐒𝐚𝐥𝐞! 🚨
Experience next-gen performance with our latest builds. PM for pricelist!",,0,"01/22/2023 19:00",,https://www.facebook.com/pcmerchandise.co/posts/pfbid0ZOXGouNLy6ZkbuaQW4XpTRlCQ8ubN4MpeDsMolBfWE5x9pclnanTHBTL,0,0,Photos,,,,,01/22/2023,,,0,0,0,0,0,0,,,,,
987639321275023,100064197037125,"PC Merchandise","𝐀𝐌𝟓 𝐁𝐮𝐢𝐥𝐝 𝐋𝐢𝐦𝐢𝐭𝐞𝐝 𝐒𝐚𝐥𝐞! 🚨
Experience next-gen performance with our latest builds. PM for pricelist!",,0,"01/22/2023 19:00",,https://www.facebook.com/pcmerchandise.co/posts/pfbid0ZOXGouNLy6ZkbuaQW4XpTRlCQ8ubN4MpeDsMolBfWE5x9pclnanTHBTL,0,0,Photos,,,,,01/23/2023,,,0,0,0,0,0,0,,,,,
987639321275023,100064197037125,"PC Merchandise","𝐀𝐌𝟓 𝐁𝐮𝐢𝐥𝐝 𝐋𝐢𝐦𝐢𝐭𝐞𝐝 𝐒𝐚𝐥𝐞! 🚨
Experience next-gen performance with our latest builds. PM for pricelist!",,0,"01/22/2023 19:00",,https://www.facebook.com/pcmerchandise.co/posts/pfbid0ZOXGouNLy6ZkbuaQW4XpTRlCQ8ubN4MpeDsMolBfWE5x9pclnanTHBTL,0,0,Photos,,,,,01/24/2023,,,0,0,0,0,0,0,,,,,
987639321275023,100064197037125,"PC Merchandise","𝐀𝐌𝟓 𝐁𝐮𝐢𝐥𝐝 𝐋𝐢𝐦𝐢𝐭𝐞𝐝 𝐒𝐚𝐥𝐞! 🚨
Experience next-gen performance with our latest builds. PM for pricelist!",,0,"01/22/2023 19:00",,https://www.facebook.com/pcmerchandise.co/posts/pfbid0ZOXGouNLy6ZkbuaQW4XpTRlCQ8ubN4MpeDsMolBfWE5x9pclnanTHBTL,0,0,Photos,,,,,01/25/2023,,,0,0,0,0,0,0,,,,,
987639321275023,100064197037125,"PC Merchandise","𝐀𝐌𝟓 𝐁𝐮𝐢𝐥𝐝 𝐋𝐢𝐦𝐢𝐭𝐞𝐝 𝐒𝐚𝐥𝐞! 🚨
Experience next-gen performance with our latest builds. PM for pricelist!",,0,"01/22/2023 19:00",,https://www.facebook.com/pcmerchandise.co/posts/pfbid0ZOXGouNLy6ZkbuaQW4XpTRlCQ8ubN4MpeDsMolBfWE5x9pclnanTHBTL,0,0,Photos,,,,,01/26/2023,,,0,0,0,0,0,0,,,,,
987639321275023,100064197037125,"PC Merchandise","𝐀𝐌𝟓 𝐁𝐮𝐢𝐥𝐝 𝐋𝐢𝐦𝐢𝐭𝐞𝐝 𝐒𝐚𝐥𝐞! 🚨
Experience next-gen performance with our latest builds. PM for pricelist!",,0,"01/22/2023 19:00",,https://www.facebook.com/pcmerchandise.co/posts/pfbid0ZOXGouNLy6ZkbuaQW4XpTRlCQ8ubN4MpeDsMolBfWE5x9pclnanTHBTL,0,0,Photos,,,,,01/27/2023,,,0,0,0,0,0,0,,,,,
987639321275023,100064197037125,"PC Merchandise","𝐀𝐌𝟓 𝐁𝐮𝐢𝐥𝐝 𝐋𝐢𝐦𝐢𝐭𝐞𝐝 𝐒𝐚𝐥𝐞! 🚨
Experience next-gen performance with our latest builds. PM for pricelist!",,0,"01/22/2023 19:00",,https://www.facebook.com/pcmerchandise.co/posts/pfbid0ZOXGouNLy6ZkbuaQW4XpTRlCQ8ubN4MpeDsMolBfWE5x9pclnanTHBTL,0,0,Photos,,,,,01/28/2023,,,0,0,0,0,0,0,,,,,
987639321275023,100064197037125,"PC Merchandise","𝐀𝐌𝟓 𝐁𝐮𝐢𝐥𝐝 𝐋𝐢𝐦𝐢𝐭𝐞𝐝 𝐒𝐚𝐥𝐞! 🚨
Experience next-gen performance with our latest builds. PM for pricelist!",,0,"01/22/2023 19:00",,https://www.facebook.com/pcmerchandise.co/posts/pfbid0ZOXGouNLy6ZkbuaQW4XpTRlCQ8ubN4MpeDsMolBfWE5x9pclnanTHBTL,0,0,Photos,,,,,01/29/2023,,,0,0,0,0,0,0,,,,,
987639321275023,100064197037125,"PC Merchandise","𝐀𝐌𝟓 𝐁𝐮𝐢𝐥𝐝 𝐋𝐢𝐦𝐢𝐭𝐞𝐝 𝐒𝐚𝐥𝐞! 🚨
Experience next-gen performance with our latest builds. PM for pricelist!",,0,"01/22/2023 19:00",,https://www.facebook.com/pcmerchandise.co/posts/pfbid0ZOXGouNLy6ZkbuaQW4XpTRlCQ8ubN4MpeDsMolBfWE5x9pclnanTHBTL,0,0,Photos,,,,,01/30/2023,,,0,0,0,0,0,0,,,,,
987639321275023,100064197037125,"PC Merchandise","𝐀𝐌𝟓 𝐁𝐮𝐢𝐥𝐝 𝐋𝐢𝐦𝐢𝐭𝐞𝐝 𝐒𝐚𝐥𝐞! 🚨
Experience next-gen performance with our latest builds. PM for pricelist!",,0,"01/22/2023 19:00",,https://www.facebook.com/pcmerchandise.co/posts/pfbid0ZOXGouNLy6ZkbuaQW4XpTRlCQ8ubN4MpeDsMolBfWE5x9pclnanTHBTL,0,0,Photos,,,,,01/31/2023,,,0,0,0,0,0,0,,,,,
987238722268479,100064197037125,"PC Merchandise","客户 satisfied ✅ i3 10100F build with RGB everything 🌈",,80,"01/22/2023 17:00",,https://www.facebook.com/reel/1907182871982760/,0,0,Reels,,,,,01/01/2023,0,,,,,,0,0,0,0,0,0.000,4.814
987238722268479,100064197037125,"PC Merchandise","客户 satisfied ✅ i3 10100F build with RGB everything 🌈",,80,"01/22/2023 17:00",,https://www.facebook.com/reel/1907182871982760/,0,0,Reels,,,,,01/02/2023,0,,,,,,0,0,0,0,0,0.000,3.937
987238722268479,100064197037125,"PC Merchandise","客户 satisfied ✅ i3 10100F build with RGB everything 🌈",,80,"01/22/2023 17:00",,https://www.facebook.com/reel/1907182871982760/,0,0,Reels,,,,,01/03/2023,0,,,,,,0,0,0,0,0,0.000,3.734
987238722268479,100064197037125,"PC Merchandise","客户 satisfied ✅ i3 10100F build with RGB everything 🌈",,80,"01/22/2023 17:00",,https://www.facebook.com/reel/1907182871982760/,0,0,Reels,,,,,01/04/2023,0,,,,,,0,0,0,0,0,0.000,5.450
987238722268479,100064197037125,"PC Merchandise","客户 satisfied ✅ i3 10100F build with RGB everything 🌈",,80,"01/22/2023 17:00",,https://www.facebook.com/reel/1907182871982760/,0,0,Reels,,,,,01/05/2023,0,,,,,,0,0,0,0,0,0.000,3.391
987238722268479,100064197037125,"PC Merchandise","客户 satisfied ✅ i3 10100F build with RGB everything 🌈",,80,"01/22/2023 17:00",,https://www.facebook.com/reel/1907182871982760/,0,0,Reels,,,,,01/06/2023,0,,,,,,0,0,0,0,0,0.000,3.946
987238722268479,100064197037125,"PC Merchandise","客户 satisfied ✅ i3 10100F build with RGB everything 🌈",,80,"01/22/2023 17:00",,https://www.facebook.com/reel/1907182871982760/,0,0,Reels,,,,,01/07/2023,0,,,,,,0,0,0,0,0,0.000,4.370
987238722268479,100064197037125,"PC Merchandise","客户 satisfied ✅ i3 10100F build with RGB everything 🌈",,80,"01/22/2023 17:00",,https://www.facebook.com/reel/1907182871982760/,0,0,Reels,,,,,01/08/2023,0,,,,,,0,0,0,0,0,0.000,6.669
987238722268479,100064197037125,"PC Merchandise","客户 satisfied ✅ i3 10100F build with RGB everything 🌈",,80,"01/22/2023 17:00",,https://www.facebook.com/reel/1907182871982760/,0,0,Reels,,,,,01/09/2023,0,,,,,,0,0,0,0,0,0.000,5.191
987238722268479,100064197037125,"PC Merchandise","客户 satisfied ✅ i3 10100F build with RGB everything 🌈",,80,"01/22/2023 17:00",,https://www.facebook.com/reel/1907182871982760/,0,0,Reels,,,,,01/10/2023,0,,,,,,0,0,0,0,0,0.000,5.443
987238722268479,100064197037125,"PC Merchandise","客户 satisfied ✅ i3 10100F build with RGB everything 🌈",,80,"01/22/2023 17:00",,https://www.facebook.com/reel/1907182871982760/,0,0,Reels,,,,,01/11/2023,0,,,,,,0,0,0,0,0,0.000,3.255
987238722268479,100064197037125,"PC Merchandise","客户 satisfied ✅ i3 10100F build with RGB everything 🌈",,80,"01/22/2023 17:00",,https://www.facebook.com/reel/1907182871982760/,0,0,Reels,,,,,01/12/2023,0,,,,,,0,0,0,0,0,0.000,3.657
987238722268479,100064197037125,"PC Merchandise","客户 satisfied ✅ i3 10100F build with RGB everything 🌈",,80,"01/22/2023 17:00",,https://www.facebook.com/reel/1907182871982760/,0,0,Reels,,,,,01/13/2023,0,,,,,,0,0,0,0,0,0.000,6.184
987238722268479,100064197037125,"PC Merchandise","客户 satisfied ✅ i3 10100F build with RGB everything 🌈",,80,"01/22/2023 17:00",,https://www.facebook.com/reel/1907182871982760/,0,0,Reels,,,,,01/14/2023,0,,,,,,0,0,0,0,0,0.000,5.474
987238722268479,100064197037125,"PC Merchandise","客户 satisfied ✅ i3 10100F build with RGB everything 🌈",,80,"01/22/2023 17:00",,https://www.facebook.com/reel/1907182871982760/,0,0,Reels,,,,,01/15/2023,0,,,,,,0,0,0,0,0,0.000,4.876
987238722268479,100064197037125,"PC Merchandise","客户 satisfied ✅ i3 10100F build with RGB everything 🌈",,80,"01/22/2023 17:00",,https://www.facebook.com/reel/1907182871982760/,0,0,Reels,,,,,01/16/2023,0,,,,,,0,0,0,0,0,0.000,3.197
987238722268479,100064197037125,"PC Merchandise","客户 satisfied ✅ i3 10100F build with RGB everything 🌈",,80,"01/22/2023 17:00",,https://www.facebook.com/reel/1907182871982760/,0,0,Reels,,,,,01/17/2023,0,,,,,,0,0,0,0,0,0.000,3.809
987238722268479,100064197037125,"PC Merchandise","客户 satisfied ✅ i3 10100F build with RGB everything 🌈",,80,"01/22/2023 17:00",,https://www.facebook.com/reel/1907182871982760/,0,0,Reels,,,,,01/18/2023,0,,,,,,0,0,0,0,0,0.000,5.057
987238722268479,100064197037125,"PC Merchandise","客户 satisfied ✅ i3 10100F build with RGB everything 🌈",,80,"01/22/2023 17:00",,https://www.facebook.com/reel/1907182871982760/,0,0,Reels,,,,,01/19/2023,0,,,,,,0,0,0,0,0,0.000,4.421
987238722268479,100064197037125,"PC Merchandise","客户 satisfied ✅ i3 10100F build with RGB everything 🌈",,80,"01/22/2023 17:00",,https://www.facebook.com/reel/1907182871982760/,0,0,Reels,,,,,01/20/2023,0,,,,,,0,0,0,0,0,0.000,5.229
987238722268479,100064197037125,"PC Merchandise","客户 satisfied ✅ i3 10100F build with RGB everything 🌈",,80,"01/22/2023 17:00",,https://www.facebook.com/reel/1907182871982760/,0,0,Reels,,,,,01/21/2023,0,,,,,,0,0,0,0,0,0.000,4.371
987238722268479,100064197037125,"PC Merchandise","客户 satisfied ✅ i3 10100F build with RGB everything 🌈",,80,"01/22/2023 17:00",,https://www.facebook.com/reel/1907182871982760/,0,0,Reels,,,,,01/22/2023,0,,,,,,0,0,2,1,1,213.761,4.549
987238722268479,100064197037125,"PC Merchandise","客户 satisfied ✅ i3 10100F build with RGB everything 🌈",,80,"01/22/2023 17:00",,https://www.facebook.com/reel/1907182871982760/,0,0,Reels,,,,,01/23/2023,0,,,,,,0,0,0,0,0,298.828,4.313
987238722268479,100064197037125,"PC Merchandise","客户 satisfied ✅ i3 10100F build with RGB everything 🌈",,80,"01/22/2023 17:00",,https://www.facebook.com/reel/1907182871982760/,0,0,Reels,,,,,01/24/2023,0,,,,,,0,0,0,0,0,112.552,3.739
987238722268479,100064197037125,"PC Merchandise","客户 satisfied ✅ i3 10100F build with RGB everything 🌈",,80,"01/22/2023 17:00",,https://www.facebook.com/reel/1907182871982760/,0,0,Reels,,,,,01/25/2023,0,,,,,,0,0,1,1,0,134.490,4.211
987238722268479,100064197037125,"PC Merchandise","客户 satisfied ✅ i3 10100F build with RGB everything 🌈",,80,"01/22/2023 17:00",,https://www.facebook.com/reel/1907182871982760/,0,0,Reels,,,,,01/26/2023,0,,,,,,0,0,0,0,0,48.938,3.865
987238722268479,100064197037125,"PC Merchandise","客户 satisfied ✅ i3 10100F build with RGB everything 🌈",,80,"01/22/2023 17:00",,https://www.facebook.com/reel/1907182871982760/,0,0,Reels,,,,,01/27/2023,0,,,,,,0,0,1,1,0,139.170,5.444
987238722268479,100064197037125,"PC Merchandise","客户 satisfied ✅ i3 10100F build with RGB everything 🌈",,80,"01/22/2023 17:00",,https://www.facebook.com/reel/1907182871982760/,0,0,Reels,,,,,01/28/2023,0,,,,,,0,0,1,1,0,116.266,5.082
987238722268479,100064197037125,"PC Merchandise","客户 satisfied ✅ i3 10100F build with RGB everything 🌈",,80,"01/22/2023 17:00",,https://www.facebook.com/reel/1907182871982760/,0,0,Reels,,,,,01/29/2023,0,,,,,,0,0,0,0,0,67.408,4.268
987238722268479,100064197037125,"PC Merchandise","客户 satisfied ✅ i3 10100F build with RGB everything 🌈",,80,"01/22/2023 17:00",,https://www.facebook.com/reel/1907182871982760/,0,0,Reels,,,,,01/30/2023,1,,,,,,0,0,1,0,0,38.287,3.243
987238722268479,100064197037125,"PC Merchandise","客户 satisfied ✅ i3 10100F build with RGB everything 🌈",,80,"01/22/2023 17:00",,https://www.facebook.com/reel/1907182871982760/,0,0,Reels,,,,,01/31/2023,0,,,,,,0,0,0,0,0,36.770,4.236
987572477112227,100064197037125,"PC Merchandise","ito na po yung ghost project🥲",,68,"01/22/2023 02:24",,https://www.facebook.com/reel/1662488043114920/,0,0,Reels,,,,,01/01/2023,0,,,,,,0,0,0,0,0,0.000,3.170
987572477112227,100064197037125,"PC Merchandise","ito na po yung ghost project🥲",,68,"01/22/2023 02:24",,https://www.facebook.com/reel/1662488043114920/,0,0,Reels,,,,,01/02/2023,0,,,,,,0,0,0,0,0,0.000,4.469
987572477112227,100064197037125,"PC Merchandise","ito na po yung ghost project🥲",,68,"01/22/2023 02:24",,https://www.facebook.com/reel/1662488043114920/,0,0,Reels,,,,,01/03/2023,0,,,,,,0,0,0,0,0,0.000,2.916
987572477112227,100064197037125,"PC Merchandise","ito na po yung ghost project🥲",,68,"01/22/2023 02:24",,https://www.facebook.com/reel/1662488043114920/,0,0,Reels,,,,,01/04/2023,0,,,,,,0,0,0,0,0,0.000,4.858
987572477112227,100064197037125,"PC Merchandise","ito na po yung ghost project🥲",,68,"01/22/2023 02:24",,https://www.facebook.com/reel/1662488043114920/,0,0,Reels,,,,,01/05/2023,0,,,,,,0,0,0,0,0,0.000,4.999
987572477112227,100064197037125,"PC Merchandise","ito na po yung ghost project🥲",,68,"01/22/2023 02:24",,https://www.facebook.com/reel/1662488043114920/,0,0,Reels,,,,,01/06/2023,0,,,,,,0,0,0,0,0,0.000,4.175
987572477112227,100064197037125,"PC Merchandise","ito na po yung ghost project🥲",,68,"01/22/2023 02:24",,https://www.facebook.com/reel/1662488043114920/,0,0,Reels,,,,,01/07/2023,0,,,,,,0,0,0,0,0,0.000,4.936
987572477112227,100064197037125,"PC Merchandise","ito na po yung ghost project🥲",,68,"01/22/2023 02:24",,https://www.facebook.com/reel/1662488043114920/,0,0,Reels,,,,,01/08/2023,0,,,,,,0,0,0,0,0,0.000,4.621
987572477112227,100064197037125,"PC Merchandise","ito na po yung ghost project🥲",,68,"01/22/2023 02:24",,https://www.facebook.com/reel/1662488043114920/,0,0,Reels,,,,,01/09/2023,0,,,,,,0,0,0,0,0,0.000,3.203
987572477112227,100064197037125,"PC Merchandise","ito na po yung ghost project🥲",,68,"01/22/2023 02:24",,https://www.facebook.com/reel/1662488043114920/,0,0,Reels,,,,,01/10/2023,0,,,,,,0,0,0,0,0,0.000,2.929
987572477112227,100064197037125,"PC Merchandise","ito na po yung ghost project🥲",,68,"01/22/2023 02:24",,https://www.facebook.com/reel/1662488043114920/,0,0,Reels,,,,,01/11/2023,0,,,,,,0,0,0,0,0,0.000,4.220
987572477112227,100064197037125,"PC Merchandise","ito na po yung ghost project🥲",,68,"01/22/2023 02:24",,https://www.facebook.com/reel/1662488043114920/,0,0,Reels,,,,,01/12/2023,0,,,,,,0,0,0,0,0,0.000,3.091
987572477112227,100064197037125,"PC Merchandise","ito na po yung ghost project🥲",,68,"01/22/2023 02:24",,https://www.facebook.com/reel/1662488043114920/,0,0,Reels,,,,,01/13/2023,0,,,,,,0,0,0,0,0,0.000,3.986
987572477112227,100064197037125,"PC Merchandise","ito na po yung ghost project🥲",,68,"01/22/2023 02:24",,https://www.facebook.com/reel/1662488043114920/,0,0,Reels,,,,,01/14/2023,0,,,,,,0,0,0,0,0,0.000,6.137
987572477112227,100064197037125,"PC Merchandise","ito na po yung ghost project🥲",,68,"01/22/2023 02:24",,https://www.facebook.com/reel/1662488043114920/,0,0,Reels,,,,,01/15/2023,0,,,,,,0,0,0,0,0,0.000,4.226
987572477112227,100064197037125,"PC Merchandise","ito na po yung ghost project🥲",,68,"01/22/2023 02:24",,https://www.facebook.com/reel/1662488043114920/,0,0,Reels,,,,,01/16/2023,0,,,,,,0,0,0,0,0,0.000,3.334
987572477112227,100064197037125,"PC Merchandise","ito na po yung ghost project🥲",,68,"01/22/2023 02:24",,https://www.facebook.com/reel/1662488043114920/,0,0,Reels,,,,,01/17/2023,0,,,,,,0,0,0,0,0,0.000,3.650
987572477112227,100064197037125,"PC Merchandise","ito na po yung ghost project🥲",,68,"01/22/2023 02:24",,https://www.facebook.com/reel/1662488043114920/,0,0,Reels,,,,,01/18/2023,0,,,,,,0,0,0,0,0,0.000,2.893
987572477112227,100064197037125,"PC Merchandise","ito na po yung ghost project🥲",,68,"01/22/2023 02:24",,https://www.facebook.com/reel/1662488043114920/,0,0,Reels,,,,,01/19/2023,0,,,,,,0,0,0,0,0,0.000,3.653
987572477112227,100064197037125,"PC Merchandise","ito na po yung ghost project🥲",,68,"01/22/2023 02:24",,https://www.facebook.com/reel/1662488043114920/,0,0,Reels,,,,,01/20/2023,0,,,,,,0,0,0,0,0,0.000,3.605
987572477112227,100064197037125,"PC Merchandise","ito na po yung ghost project🥲",,68,"01/22/2023 02:24",,https://www.facebook.com/reel/1662488043114920/,0,0,Reels,,,,,01/21/2023,0,,,,,,0,0,0,0,0,0.000,3.241
987572477112227,100064197037125,"PC Merchandise","ito na po yung ghost project🥲",,68,"01/22/2023 02:24",,https://www.facebook.com/reel/1662488043114920/,0,0,Reels,,,,,01/22/2023,0,,,,,,0,0,1,1,0,614.808,4.313
987572477112227,100064197037125,"PC Merchandise","ito na po yung ghost project🥲",,68,"01/22/2023 02:24",,https://www.facebook.com/reel/1662488043114920/,0,0,Reels,,,,,01/23/2023,0,,,,,,0,0,0,0,0,693.524,2.967
987572477112227,100064197037125,"PC Merchandise","ito na po yung ghost project🥲",,68,"01/22/2023 02:24",,https://www.facebook.com/reel/1662488043114920/,0,0,Reels,,,,,01/24/2023,0,,,,,,0,0,0,0,0,470.681,4.870
987572477112227,100064197037125,"PC Merchandise","ito na po yung ghost project🥲",,68,"01/22/2023 02:24",,https://www.facebook.com/reel/1662488043114920/,0,0,Reels,,,,,01/25/2023,0,,,,,,0,0,0,0,0,518.261,4.653
987572477112227,100064197037125,"PC Merchandise","ito na po yung ghost project🥲",,68,"01/22/2023 02:24",,https://www.facebook.com/reel/1662488043114920/,0,0,Reels,,,,,01/26/2023,0,,,,,,0,0,0,0,0,468.604,3.273
987572477112227,100064197037125,"PC Merchandise","ito na po yung ghost project🥲",,68,"01/22/2023 02:24",,https://www.facebook.com/reel/1662488043114920/,0,0,Reels,,,,,01/27/2023,0,,,,,,0,0,0,0,0,137.291,3.323
987572477112227,100064197037125,"PC Merchandise","ito na po yung ghost project🥲",,68,"01/22/2023 02:24",,https://www.facebook.com/reel/1662488043114920/,0,0,Reels,,,,,01/28/2023,0,,,,,,0,0,0,0,0,227.589,3.211
987572477112227,100064197037125,"PC Merchandise","ito na po yung ghost project🥲",,68,"01/22/2023 02:24",,https://www.facebook.com/reel/1662488043114920/,0,0,Reels,,,,,01/29/2023,0,,,,,,0,0,0,0,0,100.334,3.365
987572477112227,100064197037125,"PC Merchandise","ito na po yung ghost project🥲",,68,"01/22/2023 02:24",,https://www.facebook.com/reel/1662488043114920/,0,0,Reels,,,,,01/30/2023,0,,,,,,0,0,0,0,0,126.433,3.452
987572477112227,100064197037125,"PC Merchandise","ito na po yung ghost project🥲",,68,"01/22/2023 02:24",,https://www.facebook.com/reel/1662488043114920/,0,0,Reels,,,,,01/31/2023,0,,,,,,0,0,0,0,0,118.929,1.917
987470675220724,100064197037125,"PC Merchandise","One more rig complete. One more client satisfied. Built with RYZEN 3 3200G + GTX 1650. PM us for yours!",,90,"01/21/2023 19:00",,https://www.facebook.com/reel/1847224909475427/,0,0,Reels,,,,,01/01/2023,0,,,,,,0,0,0,0,0,0.000,4.040
987470675220724,100064197037125,"PC Merchandise","One more rig complete. One more client satisfied. Built with RYZEN 3 3200G + GTX 1650. PM us for yours!",,90,"01/21/2023 19:00",,https://www.facebook.com/reel/1847224909475427/,0,0,Reels,,,,,01/02/2023,0,,,,,,0,0,0,0,0,0.000,4.726
987470675220724,100064197037125,"PC Merchandise","One more rig complete. One more client satisfied. Built with RYZEN 3 3200G + GTX 1650. PM us for yours!",,90,"01/21/2023 19:00",,https://www.facebook.com/reel/1847224909475427/,0,0,Reels,,,,,01/03/2023,0,,,,,,0,0,0,0,0,0.000,3.096
987470675220724,100064197037125,"PC Merchandise","One more rig complete. One more client satisfied. Built with RYZEN 3 3200G + GTX 1650. PM us for yours!",,90,"01/21/2023 19:00",,https://www.facebook.com/reel/1847224909475427/,0,0,Reels,,,,,01/04/2023,0,,,,,,0,0,0,0,0,0.000,3.918
987470675220724,100064197037125,"PC Merchandise","One more rig complete. One more client satisfied. Built with RYZEN 3 3200G + GTX 1650. PM us for yours!",,90,"01/21/2023 19:00",,https://www.facebook.com/reel/1847224909475427/,0,0,Reels,,,,,01/05/2023,0,,,,,,0,0,0,0,0,0.000,3.409
987470675220724,100064197037125,"PC Merchandise","One more rig complete. One more client satisfied. Built with RYZEN 3 3200G + GTX 1650. PM us for yours!",,90,"01/21/2023 19:00",,https://www.facebook.com/reel/1847224909475427/,0,0,Reels,,,,,01/06/2023,0,,,,,,0,0,0,0,0,0.000,2.523
987470675220724,100064197037125,"PC Merchandise","One more rig complete. One more client satisfied. Built with RYZEN 3 3200G + GTX 1650. PM us for yours!",,90,"01/21/2023 19:00",,https://www.facebook.com/reel/1847224909475427/,0,0,Reels,,,,,01/07/2023,0,,,,,,0,0,0,0,0,0.000,3.123
987470675220724,100064197037125,"PC Merchandise","One more rig complete. One more client satisfied. Built with RYZEN 3 3200G + GTX 1650. PM us for yours!",,90,"01/21/2023 19:00",,https://www.facebook.com/reel/1847224909475427/,0,0,Reels,,,,,01/08/2023,0,,,,,,0,0,0,0,0,0.000,2.704
987470675220724,100064197037125,"PC Merchandise","One more rig complete. One more client satisfied. Built with RYZEN 3 3200G + GTX 1650. PM us for yours!",,90,"01/21/2023 19:00",,https://www.facebook.com/reel/1847224909475427/,0,0,Reels,,,,,01/09/2023,0,,,,,,0,0,0,0,0,0.000,3.964
987470675220724,100064197037125,"PC Merchandise","One more rig complete. One more client satisfied. Built with RYZEN 3 3200G + GTX 1650. PM us for yours!",,90,"01/21/2023 19:00",,https://www.facebook.com/reel/1847224909475427/,0,0,Reels,,,,,01/10/2023,0,,,,,,0,0,0,0,0,0.000,1.500
987470675220724,100064197037125,"PC Merchandise","One more rig complete. One more client satisfied. Built with RYZEN 3 3200G + GTX 1650. PM us for yours!",,90,"01/21/2023 19:00",,https://www.facebook.com/reel/1847224909475427/,0,0,Reels,,,,,01/11/2023,0,,,,,,0,0,0,0,0,0.000,3.538
987470675220724,100064197037125,"PC Merchandise","One more rig complete. One more client satisfied. Built with RYZEN 3 3200G + GTX 1650. PM us for yours!",,90,"01/21/2023 19:00",,https://www.facebook.com/reel/1847224909475427/,0,0,Reels,,,,,01/12/2023,0,,,,,,0,0,0,0,0,0.000,2.992
987470675220724,100064197037125,"PC Merchandise","One more rig complete. One more client satisfied. Built with RYZEN 3 3200G + GTX 1650. PM us for yours!",,90,"01/21/2023 19:00",,https://www.facebook.com/reel/1847224909475427/,0,0,Reels,,,,,01/13/2023,0,,,,,,0,0,0,0,0,0.000,1.699
987470675220724,100064197037125,"PC Merchandise","One more rig complete. One more client satisfied. Built with RYZEN 3 3200G + GTX 1650. PM us for yours!",,90,"01/21/2023 19:00",,https://www.facebook.com/reel/1847224909475427/,0,0,Reels,,,,,01/14/2023,0,,,,,,0,0,0,0,0,0.000,4.108
987470675220724,100064197037125,"PC Merchandise","One more rig complete. One more client satisfied. Built with RYZEN 3 3200G + GTX 1650. PM us for yours!",,90,"01/21/2023 19:00",,https://www.facebook.com/reel/1847224909475427/,0,0,Reels,,,,,01/15/2023,0,,,,,,0,0,0,0,0,0.000,3.506
987470675220724,100064197037125,"PC Merchandise","One more rig complete. One more client satisfied. Built with RYZEN 3 3200G + GTX 1650. PM us for yours!",,90,"01/21/2023 19:00",,https://www.facebook.com/reel/1847224909475427/,0,0,Reels,,,,,01/16/2023,0,,,,,,0,0,0,0,0,0.000,2.407
987470675220724,100064197037125,"PC Merchandise","One more rig complete. One more client satisfied. Built with RYZEN 3 3200G + GTX 1650. PM us for yours!",,90,"01/21/2023 19:00",,https://www.facebook.com/reel/1847224909475427/,0,0,Reels,,,,,01/17/2023,0,,,,,,0,0,0,0,0,0.000,2.851
987470675220724,100064197037125,"PC Merchandise","One more rig complete. One more client satisfied. Built with RYZEN 3 3200G + GTX 1650. PM us for yours!",,90,"01/21/2023 19:00",,https://www.facebook.com/reel/1847224909475427/,0,0,Reels,,,,,01/18/2023,0,,,,,,0,0,0,0,0,0.000,2.301
987470675220724,100064197037125,"PC Merchandise","One more rig complete. One more client satisfied. Built with RYZEN 3 3200G + GTX 1650. PM us for yours!",,90,"01/21/2023 19:00",,https://www.facebook.com/reel/1847224909475427/,0,0,Reels,,,,,01/19/2023,0,,,,,,0,0,0,0,0,0.000,3.026
987470675220724,100064197037125,"PC Merchandise","One more rig complete. One more client satisfied. Built with RYZEN 3 3200G + GTX 1650. PM us for yours!",,90,"01/21/2023 19:00",,https://www.facebook.com/reel/1847224909475427/,0,0,Reels,,,,,01/20/2023,0,,,,,,0,0,0,0,0,0.000,1.510
987470675220724,100064197037125,"PC Merchandise","One more rig complete. One more client satisfied. Built with RYZEN 3 3200G + GTX 1650. PM us for yours!",,90,"01/21/2023 19:00",,https://www.facebook.com/reel/1847224909475427/,0,0,Reels,,,,,01/21/2023,0,,,,,,0,0,2,2,0,114.358,1.607
987470675220724,100064197037125,"PC Merchandise","One more rig complete. One more client satisfied. Built with RYZEN 3 3200G + GTX 1650. PM us for yours!",,90,"01/21/2023 19:00",,https://www.facebook.com/reel/1847224909475427/,0,0,Reels,,,,,01/22/2023,0,,,,,,0,0,1,1,0,34.708,3.703
987470675220724,100064197037125,"PC Merchandise","One more rig complete. One more client satisfied. Built with RYZEN 3 3200G + GTX 1650. PM us for yours!",,90,"01/21/2023 19:00",,https://www.facebook.com/reel/1847224909475427/,0,0,Reels,,,,,01/23/2023,0,,,,,,0,0,0,0,0,37.837,4.051
987470675220724,100064197037125,"PC Merchandise","One more rig complete. One more client satisfied. Built with RYZEN 3 3200G + GTX 1650. PM us for yours!",,90,"01/21/2023 19:00",,https://www.facebook.com/reel/1847224909475427/,0,0,Reels,,,,,01/24/2023,0,,,,,,0,0,0,0,0,25.438,2.752
987470675220724,100064197037125,"PC Merchandise","One more rig complete. One more client satisfied. Built with RYZEN 3 3200G + GTX 1650. PM us for yours!",,90,"01/21/2023 19:00",,https://www.facebook.com/reel/1847224909475427/,0,0,Reels,,,,,01/25/2023,0,,,,,,0,0,0,0,0,28.527,2.548
987470675220724,100064197037125,"PC Merchandise","One more rig complete. One more client satisfied. Built with RYZEN 3 3200G + GTX 1650. PM us for yours!",,90,"01/21/2023 19:00",,https://www.facebook.com/reel/1847224909475427/,0,0,Reels,,,,,01/26/2023,0,,,,,,0,0,0,0,0,23.833,3.045
987470675220724,100064197037125,"PC Merchandise","One more rig complete. One more client satisfied. Built with RYZEN 3 3200G + GTX 1650. PM us for yours!",,90,"01/21/2023 19:00",,https://www.facebook.com/reel/1847224909475427/,0,0,Reels,,,,,01/27/2023,0,,,,,,0,0,0,0,0,13.261,2.870
987470675220724,100064197037125,"PC Merchandise","One more rig complete. One more client satisfied. Built with RYZEN 3 3200G + GTX 1650. PM us for yours!",,90,"01/21/2023 19:00",,https://www.facebook.com/reel/1847224909475427/,0,0,Reels,,,,,01/28/2023,0,,,,,,0,0,0,0,0,14.708,3.718
987470675220724,100064197037125,"PC Merchandise","One more rig complete. One more client satisfied. Built with RYZEN 3 3200G + GTX 1650. PM us for yours!",,90,"01/21/2023 19:00",,https://www.facebook.com/reel/1847224909475427/,0,0,Reels,,,,,01/29/2023,0,,,,,,0,0,1,0,1,5.337,1.834
987470675220724,100064197037125,"PC Merchandise","One more rig complete. One more client satisfied. Built with RYZEN 3 3200G + GTX 1650. PM us for yours!",,90,"01/21/2023 19:00",,https://www.facebook.com/reel/1847224909475427/,0,0,Reels,,,,,01/30/2023,0,,,,,,0,0,0,0,0,5.709,3.467
987470675220724,100064197037125,"PC Merchandise","One more rig complete. One more client satisfied. Built with RYZEN 3 3200G + GTX 1650. PM us for yours!",,90,"01/21/2023 19:00",,https://www.facebook.com/reel/1847224909475427/,0,0,Reels,,,,,01/31/2023,0,,,,,,0,0,0,0,0,6.108,2.940
987327046263738,100064197037125,"PC Merchandise","𝐏𝐑𝐈𝐂𝐄𝐋𝐈𝐒𝐓 𝟐𝟎𝟐𝟑 >>>
https://pcmerchandise.live/2023-PRICELIST",,74,"01/20/2023 17:01",,https://www.facebook.com/reel/1080115822411119/,0,0,Reels,,,,,01/01/2023,0,,,,,,0,0,0,0,0,0.000,1.500
987327046263738,100064197037125,"PC Merchandise","𝐏𝐑𝐈𝐂𝐄𝐋𝐈𝐒𝐓 𝟐𝟎𝟐𝟑 >>>
https://pcmerchandise.live/2023-PRICELIST",,74,"01/20/2023 17:01",,https://www.facebook.com/reel/1080115822411119/,0,0,Reels,,,,,01/02/2023,0,,,,,,0,0,0,0,0,0.000,1.500
987327046263738,100064197037125,"PC Merchandise","𝐏𝐑𝐈𝐂𝐄𝐋𝐈𝐒𝐓 𝟐𝟎𝟐𝟑 >>>
https://pcmerchandise.live/2023-PRICELIST",,74,"01/20/2023 17:01",,https://www.facebook.com/reel/1080115822411119/,0,0,Reels,,,,,01/03/2023,0,,,,,,0,0,0,0,0,0.000,3.363
987327046263738,100064197037125,"PC Merchandise","𝐏𝐑𝐈𝐂𝐄𝐋𝐈𝐒𝐓 𝟐𝟎𝟐𝟑 >>>
https://pcmerchandise.live/2023-PRICELIST",,74,"01/20/2023 17:01",,https://www.facebook.com/reel/1080115822411119/,0,0,Reels,,,,,01/04/2023,0,,,,,,0,0,0,0,0,0.000,3.460
987327046263738,100064197037125,"PC Merchandise","𝐏𝐑𝐈𝐂𝐄𝐋𝐈𝐒𝐓 𝟐𝟎𝟐𝟑 >>>
https://pcmerchandise.live/2023-PRICELIST",,74,"01/20/2023 17:01",,https://www.facebook.com/reel/1080115822411119/,0,0,Reels,,,,,01/05/2023,0,,,,,,0,0,0,0,0,0.000,3.842
987327046263738,100064197037125,"PC Merchandise","𝐏𝐑𝐈𝐂𝐄𝐋𝐈𝐒𝐓 𝟐𝟎𝟐𝟑 >>>
https://pcmerchandise.live/2023-PRICELIST",,74,"01/20/2023 17:01",,https://www.facebook.com/reel/1080115822411119/,0,0,Reels,,,,,01/06/2023,0,,,,,,0,0,0,0,0,0.000,3.572
987327046263738,100064197037125,"PC Merchandise","𝐏𝐑𝐈𝐂𝐄𝐋𝐈𝐒𝐓 𝟐𝟎𝟐𝟑 >>>
https://pcmerchandise.live/2023-PRICELIST",,74,"01/20/2023 17:01",,https://www.facebook.com/reel/1080115822411119/,0,0,Reels,,,,,01/07/2023,0,,,,,,0,0,0,0,0,0.000,2.530
987327046263738,100064197037125,"PC Merchandise","𝐏𝐑𝐈𝐂𝐄𝐋𝐈𝐒𝐓 𝟐𝟎𝟐𝟑 >>>
https://pcmerchandise.live/2023-PRICELIST",,74,"01/20/2023 17:01",,https://www.facebook.com/reel/1080115822411119/,0,0,Reels,,,,,01/08/2023,0,,,,,,0,0,0,0,0,0.000,1.793
987327046263738,100064197037125,"PC Merchandise","𝐏𝐑𝐈𝐂𝐄𝐋𝐈𝐒𝐓 𝟐𝟎𝟐𝟑 >>>
https://pcmerchandise.live/2023-PRICELIST",,74,"01/20/2023 17:01",,https://www.facebook.com/reel/1080115822411119/,0,0,Reels,,,,,01/09/2023,0,,,,,,0,0,0,0,0,0.000,3.145
987327046263738,100064197037125,"PC Merchandise","𝐏𝐑𝐈𝐂𝐄𝐋𝐈𝐒𝐓 𝟐𝟎𝟐𝟑 >>>
https://pcmerchandise.live/2023-PRICELIST",,74,"01/20/2023 17:01",,https://www.facebook.com/reel/1080115822411119/,0,0,Reels,,,,,01/10/2023,0,,,,,,0,0,0,0,0,0.000,2.678
987327046263738,100064197037125,"PC Merchandise","𝐏𝐑𝐈𝐂𝐄𝐋𝐈𝐒𝐓 𝟐𝟎𝟐𝟑 >>>
https://pcmerchandise.live/2023-PRICELIST",,74,"01/20/2023 17:01",,https://www.facebook.com/reel/1080115822411119/,0,0,Reels,,,,,01/11/2023,0,,,,,,0,0,0,0,0,0.000,3.165
987327046263738,100064197037125,"PC Merchandise","𝐏𝐑𝐈𝐂𝐄𝐋𝐈𝐒𝐓 𝟐𝟎𝟐𝟑 >>>
https://pcmerchandise.live/2023-PRICELIST",,74,"01/20/2023 17:01",,https://www.facebook.com/reel/1080115822411119/,0,0,Reels,,,,,01/12/2023,0,,,,,,0,0,0,0,0,0.000,3.687
987327046263738,100064197037125,"PC Merchandise","𝐏𝐑𝐈𝐂𝐄𝐋𝐈𝐒𝐓 𝟐𝟎𝟐𝟑 >>>
https://pcmerchandise.live/2023-PRICELIST",,74,"01/20/2023 17:01",,https://www.facebook.com/reel/1080115822411119/,0,0,Reels,,,,,01/13/2023,0,,,,,,0,0,0,0,0,0.000,2.436
987327046263738,100064197037125,"PC Merchandise","𝐏𝐑𝐈𝐂𝐄𝐋𝐈𝐒𝐓 𝟐𝟎𝟐𝟑 >>>
https://pcmerchandise.live/2023-PRICELIST",,74,"01/20/2023 17:01",,https://www.facebook.com/reel/1080115822411119/,0,0,Reels,,,,,01/14/2023,0,,,,,,0,0,0,0,0,0.000,2.470
987327046263738,100064197037125,"PC Merchandise","𝐏𝐑𝐈𝐂𝐄𝐋𝐈𝐒𝐓 𝟐𝟎𝟐𝟑 >>>
https://pcmerchandise.live/2023-PRICELIST",,74,"01/20/2023 17:01",,https://www.facebook.com/reel/1080115822411119/,0,0,Reels,,,,,01/15/2023,0,,,,,,0,0,0,0,0,0.000,2.689
987327046263738,100064197037125,"PC Merchandise","𝐏𝐑𝐈𝐂𝐄𝐋𝐈𝐒𝐓 𝟐𝟎𝟐𝟑 >>>
https://pcmerchandise.live/2023-PRICELIST",,74,"01/20/2023 17:01",,https://www.facebook.com/reel/1080115822411119/,0,0,Reels,,,,,01/16/2023,0,,,,,,0,0,0,0,0,0.000,2.819
987327046263738,100064197037125,"PC Merchandise","𝐏𝐑𝐈𝐂𝐄𝐋𝐈𝐒𝐓 𝟐𝟎𝟐𝟑 >>>
https://pcmerchandise.live/2023-PRICELIST",,74,"01/20/2023 17:01",,https://www.facebook.com/reel/1080115822411119/,0,0,Reels,,,,,01/17/2023,0,,,,,,0,0,0,0,0,0.000,2.340
987327046263738,100064197037125,"PC Merchandise","𝐏𝐑𝐈𝐂𝐄𝐋𝐈𝐒𝐓 𝟐𝟎𝟐𝟑 >>>
https://pcmerchandise.live/2023-PRICELIST",,74,"01/20/2023 17:01",,https://www.facebook.com/reel/1080115822411119/,0,0,Reels,,,,,01/18/2023,0,,,,,,0,0,0,0,0,0.000,3.990
987327046263738,100064197037125,"PC Merchandise","𝐏𝐑𝐈𝐂𝐄𝐋𝐈𝐒𝐓 𝟐𝟎𝟐𝟑 >>>
https://pcmerchandise.live/2023-PRICELIST",,74,"01/20/2023 17:01",,https://www.facebook.com/reel/1080115822411119/,0,0,Reels,,,,,01/19/2023,0,,,,,,0,0,0,0,0,0.000,3.204
987327046263738,100064197037125,"PC Merchandise","𝐏𝐑𝐈𝐂𝐄𝐋𝐈𝐒𝐓 𝟐𝟎𝟐𝟑 >>>
https://pcmerchandise.live/2023-PRICELIST",,74,"01/20/2023 17:01",,https://www.facebook.com/reel/1080115822411119/,0,0,Reels,,,,,01/20/2023,0,,,,,,0,0,0,0,0,1764.827,2.409
987327046263738,100064197037125,"PC Merchandise","𝐏𝐑𝐈𝐂𝐄𝐋𝐈𝐒𝐓 𝟐𝟎𝟐𝟑 >>>
https://pcmerchandise.live/2023-PRICELIST",,74,"01/20/2023 17:01",,https://www.facebook.com/reel/1080115822411119/,0,0,Reels,,,,,01/21/2023,0,,,,,,0,0,0,0,0,1134.887,3.517
987327046263738,100064197037125,"PC Merchandise","𝐏𝐑𝐈𝐂𝐄𝐋𝐈𝐒𝐓 𝟐𝟎𝟐𝟑 >>>
https://pcmerchandise.live/2023-PRICELIST",,74,"01/20/2023 17:01",,https://www.facebook.com/reel/1080115822411119/,0,0,Reels,,,,,01/22/2023,0,,,,,,0,0,0,0,0,674.987,1.500
987327046263738,100064197037125,"PC Merchandise","𝐏𝐑𝐈𝐂𝐄𝐋𝐈𝐒𝐓 𝟐𝟎𝟐𝟑 >>>
https://pcmerchandise.live/2023-PRICELIST",,74,"01/20/2023 17:01",,https://www.facebook.com/reel/1080115822411119/,0,0,Reels,,,,,01/23/2023,0,,,,,,0,0,1,1,0,1096.197,3.442
987327046263738,100064197037125,"PC Merchandise","𝐏𝐑𝐈𝐂𝐄𝐋𝐈𝐒𝐓 𝟐𝟎𝟐𝟑 >>>
https://pcmerchandise.live/2023-PRICELIST",,74,"01/20/2023 17:01",,https://www.facebook.com/reel/1080115822411119/,0,0,Reels,,,,,01/24/2023,0,,,,,,0,0,0,0,0,413.832,1.855
987327046263738,100064197037125,"PC Merchandise","𝐏𝐑𝐈𝐂𝐄𝐋𝐈𝐒𝐓 𝟐𝟎𝟐𝟑 >>>
https://pcmerchandise.live/2023-PRICELIST",,74,"01/20/2023 17:01",,https://www.facebook.com/reel/1080115822411119/,0,0,Reels,,,,,01/25/2023,0,,,,,,0,0,0,0,0,433.232,3.252
987327046263738,100064197037125,"PC Merchandise","𝐏𝐑𝐈𝐂𝐄𝐋𝐈𝐒𝐓 𝟐𝟎𝟐𝟑 >>>
https://pcmerchandise.live/2023-PRICELIST",,74,"01/20/2023 17:01",,https://www.facebook.com/reel/1080115822411119/,0,0,Reels,,,,,01/26/2023,0,,,,,,0,0,0,0,0,420.194,3.225
987327046263738,100064197037125,"PC Merchandise","𝐏𝐑𝐈𝐂𝐄𝐋𝐈𝐒𝐓 𝟐𝟎𝟐𝟑 >>>
https://pcmerchandise.live/2023-PRICELIST",,74,"01/20/2023 17:01",,https://www.facebook.com/reel/1080115822411119/,0,0,Reels,,,,,01/27/2023,0,,,,,,0,0,0,0,0,254.973,2.810
987327046263738,100064197037125,"PC Merchandise","𝐏𝐑𝐈𝐂𝐄𝐋𝐈𝐒𝐓 𝟐𝟎𝟐𝟑 >>>
https://pcmerchandise.live/2023-PRICELIST",,74,"01/20/2023 17:01",,https://www.facebook.com/reel/1080115822411119/,0,0,Reels,,,,,01/28/2023,0,,,,,,0,0,0,0,0,300.407,2.693
987327046263738,100064197037125,"PC Merchandise","𝐏𝐑𝐈𝐂𝐄𝐋𝐈𝐒𝐓 𝟐𝟎𝟐𝟑 >>>
https://pcmerchandise.live/2023-PRICELIST",,74,"01/20/2023 17:01",,https://www.facebook.com/reel/1080115822411119/,0,0,Reels,,,,,01/29/2023,0,,,,,,0,0,0,0,0,245.062,1.500
987327046263738,100064197037125,"PC Merchandise","𝐏𝐑𝐈𝐂𝐄𝐋𝐈𝐒𝐓 𝟐𝟎𝟐𝟑 >>>
https://pcmerchandise.live/2023-PRICELIST",,74,"01/20/2023 17:01",,https://www.facebook.com/reel/1080115822411119/,0,0,Reels,,,,,01/30/2023,0,,,,,,0,0,0,0,0,179.574,2.499
987327046263738,100064197037125,"PC Merchandise","𝐏𝐑𝐈𝐂𝐄𝐋𝐈𝐒𝐓 𝟐𝟎𝟐𝟑 >>>
https://pcmerchandise.live/2023-PRICELIST",,74,"01/20/2023 17:01",,https://www.facebook.com/reel/1080115822411119/,0,0,Reels,,,,,01/31/2023,0,,,,,,0,0,0,0,0,310.733,1.500
987852504397988,100064197037125,"PC Merchandise","Sulit na sulit! RYZEN 5 2600 package, ready for pickup or shipping nationwide 🚚",,0,"01/20/2023 16:00",,https://www.facebook.com/pcmerchandise.co/posts/pfbid0GGdUBmVuur38ip3kJP3sdxiM7k5tPpokoIE7XnfvyHeL90EyV1CwErzM,0,0,Photos,,,,,01/31/2023,0,,,,,,,,,,,,
987852504397988,100064197037125,"PC Merchandise","Sulit na sulit! RYZEN 5 2600 package, ready for pickup or shipping nationwide 🚚",,0,"01/20/2023 16:00",,https://www.facebook.com/pcmerchandise.co/posts/pfbid0GGdUBmVuur38ip3kJP3sdxiM7k5tPpokoIE7XnfvyHeL90EyV1CwErzM,0,0,Photos,,,,,01/01/2023,,,0,0,0,0,0,0,,,,,
987852504397988,100064197037125,"PC Merchandise","Sulit na sulit! RYZEN 5 2600 package, ready for pickup or shipping nationwide 🚚",,0,"01/20/2023 16:00",,https://www.facebook.com/pcmerchandise.co/posts/pfbid0GGdUBmVuur38ip3kJP3sdxiM7k5tPpokoIE7XnfvyHeL90EyV1CwErzM,0,0,Photos,,,,,01/02/2023,,,0,0,0,0,0,0,,,,,
987852504397988,100064197037125,"PC Merchandise","Sulit na sulit! RYZEN 5 2600 package, ready for pickup or shipping nationwide 🚚",,0,"01/20/2023 16:00",,https://www.facebook.com/pcmerchandise.co/posts/pfbid0GGdUBmVuur38ip3kJP3sdxiM7k5tPpokoIE7XnfvyHeL90EyV1CwErzM,0,0,Photos,,,,,01/03/2023,,,0,0,0,0,0,0,,,,,
987852504397988,100064197037125,"PC Merchandise","Sulit na sulit! RYZEN 5 2600 package, ready for pickup or shipping nationwide 🚚",,0,"01/20/2023 16:00",,https://www.facebook.com/pcmerchandise.co/posts/pfbid0GGdUBmVuur38ip3kJP3sdxiM7k5tPpokoIE7XnfvyHeL90EyV1CwErzM,0,0,Photos,,,,,01/04/2023,,,0,0,0,0,0,0,,,,,
987852504397988,100064197037125,"PC Merchandise","Sulit na sulit! RYZEN 5 2600 package, ready for pickup or shipping nationwide 🚚",,0,"01/20/2023 16:00",,https://www.facebook.com/pcmerchandise.co/posts/pfbid0GGdUBmVuur38ip3kJP3sdxiM7k5tPpokoIE7XnfvyHeL90EyV1CwErzM,0,0,Photos,,,,,01/05/2023,,,0,0,0,0,0,0,,,,,
987852504397988,100064197037125,"PC Merchandise","Sulit na sulit! RYZEN 5 2600 package, ready for pickup or shipping nationwide 🚚",,0,"01/20/2023 16:00",,https://www.facebook.com/pcmerchandise.co/posts/pfbid0GGdUBmVuur38ip3kJP3sdxiM7k5tPpokoIE7XnfvyHeL90EyV1CwErzM,0,0,Photos,,,,,01/06/2023,,,0,0,0,0,0,0,,,,,
987852504397988,100064197037125,"PC Merchandise","Sulit na sulit! RYZEN 5 2600 package, ready for pickup or shipping nationwide 🚚",,0,"01/20/2023 16:00",,https://www.facebook.com/pcmerchandise.co/posts/pfbid0GGdUBmVuur38ip3kJP3sdxiM7k5tPpokoIE7XnfvyHeL90EyV1CwErzM,0,0,Photos,,,,,01/07/2023,,,0,0,0,0,0,0,,,,,
987852504397988,100064197037125,"PC Merchandise","Sulit na sulit! RYZEN 5 2600 package, ready for pickup or shipping nationwide 🚚",,0,"01/20/2023 16:00",,https://www.facebook.com/pcmerchandise.co/posts/pfbid0GGdUBmVuur38ip3kJP3sdxiM7k5tPpokoIE7XnfvyHeL90EyV1CwErzM,0,0,Photos,,,,,01/08/2023,,,0,0,0,0,0,0,,,,,
987852504397988,100064197037125,"PC Merchandise","Sulit na sulit! RYZEN 5 2600 package, ready for pickup or shipping nationwide 🚚",,0,"01/20/2023 16:00",,https://www.facebook.com/pcmerchandise.co/posts/pfbid0GGdUBmVuur38ip3kJP3sdxiM7k5tPpokoIE7XnfvyHeL90EyV1CwErzM,0,0,Photos,,,,,01/09/2023,,,0,0,0,0,0,0,,,,,
987852504397988,100064197037125,"PC Merchandise","Sulit na sulit! RYZEN 5 2600 package, ready for pickup or shipping nationwide 🚚",,0,"01/20/2023 16:00",,https://www.facebook.com/pcmerchandise.co/posts/pfbid0GGdUBmVuur38ip3kJP3sdxiM7k5tPpokoIE7XnfvyHeL90EyV1CwErzM,0,0,Photos,,,,,01/10/2023,,,0,0,0,0,0,0,,,,,
987852504397988,100064197037125,"PC Merchandise","Sulit na sulit! RYZEN 5 2600 package, ready for pickup or shipping nationwide 🚚",,0,"01/20/2023 16:00",,https://www.facebook.com/pcmerchandise.co/posts/pfbid0GGdUBmVuur38ip3kJP3sdxiM7k5tPpokoIE7XnfvyHeL90EyV1CwErzM,0,0,Photos,,,,,01/11/2023,,,0,0,0,0,0,0,,,,,
987852504397988,100064197037125,"PC Merchandise","Sulit na sulit! RYZEN 5 2600 package, ready for pickup or shipping nationwide 🚚",,0,"01/20/2023 16:00",,https://www.facebook.com/pcmerchandise.co/posts/pfbid0GGdUBmVuur38ip3kJP3sdxiM7k5tPpokoIE7XnfvyHeL90EyV1CwErzM,0,0,Photos,,,,,01/12/2023,,,0,0,0,0,0,0,,,,,
987852504397988,100064197037125,"PC Merchandise","Sulit na sulit! RYZEN 5 2600 package, ready for pickup or shipping nationwide 🚚",,0,"01/20/2023 16:00",,https://www.facebook.com/pcmerchandise.co/posts/pfbid0GGdUBmVuur38ip3kJP3sdxiM7k5tPpokoIE7XnfvyHeL90EyV1CwErzM,0,0,Photos,,,,,01/13/2023,,,0,0,0,0,0,0,,,,,
987852504397988,100064197037125,"PC Merchandise","Sulit na sulit! RYZEN 5 2600 package, ready for pickup or shipping nationwide 🚚",,0,"01/20/2023 16:00",,https://www.facebook.com/pcmerchandise.co/posts/pfbid0GGdUBmVuur38ip3kJP3sdxiM7k5tPpokoIE7XnfvyHeL90EyV1CwErzM,0,0,Photos,,,,,01/14/2023,,,0,0,0,0,0,0,,,,,
987852504397988,100064197037125,"PC Merchandise","Sulit na sulit! RYZEN 5 2600 package, ready for pickup or shipping nationwide 🚚",,0,"01/20/2023 16:00",,https://www.facebook.com/pcmerchandise.co/posts/pfbid0GGdUBmVuur38ip3kJP3sdxiM7k5tPpokoIE7XnfvyHeL90EyV1CwErzM,0,0,Photos,,,,,01/15/2023,,,0,0,0,0,0,0,,,,,
987852504397988,100064197037125,"PC Merchandise","Sulit na sulit! RYZEN 5 2600 package, ready for pickup or shipping nationwide 🚚",,0,"01/20/2023 16:00",,https://www.facebook.com/pcmerchandise.co/posts/pfbid0GGdUBmVuur38ip3kJP3sdxiM7k5tPpokoIE7XnfvyHeL90EyV1CwErzM,0,0,Photos,,,,,01/16/2023,,,0,0,0,0,0,0,,,,,
987852504397988,100064197037125,"PC Merchandise","Sulit na sulit! RYZEN 5 2600 package, ready for pickup or shipping nationwide 🚚",,0,"01/20/2023 16:00",,https://www.facebook.com/pcmerchandise.co/posts/pfbid0GGdUBmVuur38ip3kJP3sdxiM7k5tPpokoIE7XnfvyHeL90EyV1CwErzM,0,0,Photos,,,,,01/17/2023,,,0,0,0,0,0,0,,,,,
987852504397988,100064197037125,"PC Merchandise","Sulit na sulit! RYZEN 5 2600 package, ready for pickup or shipping nationwide 🚚",,0,"01/20/2023 16:00",,https://www.facebook.com/pcmerchandise.co/posts/pfbid0GGdUBmVuur38ip3kJP3sdxiM7k5tPpokoIE7XnfvyHeL90EyV1CwErzM,0,0,Photos,,,,,01/18/2023,,,0,0,0,0,0,0,,,,,
987852504397988,100064197037125,"PC Merchandise","Sulit na sulit! RYZEN 5 2600 package, ready for pickup or shipping nationwide 🚚",,0,"01/20/2023 16:00",,https://www.facebook.com/pcmerchandise.co/posts/pfbid0GGdUBmVuur38ip3kJP3sdxiM7k5tPpokoIE7XnfvyHeL90EyV1CwErzM,0,0,Photos,,,,,01/19/2023,,,0,0,0,0,0,0,,,,,
987852504397988,100064197037125,"PC Merchandise","Sulit na sulit! RYZEN 5 2600 package, ready for pickup or shipping nationwide 🚚",,0,"01/20/2023 16:00",,https://www.facebook.com/pcmerchandise.co/posts/pfbid0GGdUBmVuur38ip3kJP3sdxiM7k5tPpokoIE7XnfvyHeL90EyV1CwErzM,0,0,Photos,,,,,01/20/2023,,,0,0,0,0,0,0,,,,,
987852504397988,100064197037125,"PC Merchandise","Sulit na sulit! RYZEN 5 2600 package, ready for pickup or shipping nationwide 🚚",,0,"01/20/2023 16:00",,https://www.facebook.com/pcmerchandise.co/posts/pfbid0GGdUBmVuur38ip3kJP3sdxiM7k5tPpokoIE7XnfvyHeL90EyV1CwErzM,0,0,Photos,,,,,01/21/2023,,,0,0,0,0,0,0,,,,,
987852504397988,100064197037125,"PC Merchandise","Sulit na sulit! RYZEN 5 2600 package, ready for pickup or shipping nationwide 🚚",,0,"01/20/2023 16:00",,https://www.facebook.com/pcmerchandise.co/posts/pfbid0GGdUBmVuur38ip3kJP3sdxiM7k5tPpokoIE7XnfvyHeL90EyV1CwErzM,0,0,Photos,,,,,01/22/2023,,,0,0,0,0,0,0,,,,,
987852504397988,100064197037125,"PC Merchandise","Sulit na sulit! RYZEN 5 2600 package, ready for pickup or shipping nationwide 🚚",,0,"01/20/2023 16:00",,https://www.facebook.com/pcmerchandise.co/posts/pfbid0GGdUBmVuur38ip3kJP3sdxiM7k5tPpokoIE7XnfvyHeL90EyV1CwErzM,0,0,Photos,,,,,01/23/2023,,,0,0,0,0,0,0,,,,,
987852504397988,100064197037125,"PC Merchandise","Sulit na sulit! RYZEN 5 2600 package, ready for pickup or shipping nationwide 🚚",,0,"01/20/2023 16:00",,https://www.facebook.com/pcmerchandise.co/posts/pfbid0GGdUBmVuur38ip3kJP3sdxiM7k5tPpokoIE7XnfvyHeL90EyV1CwErzM,0,0,Photos,,,,,01/24/2023,,,0,0,0,0,0,0,,,,,
987852504397988,100064197037125,"PC Merchandise","Sulit na sulit! RYZEN 5 2600 package, ready for pickup or shipping nationwide 🚚",,0,"01/20/2023 16:00",,https://www.facebook.com/pcmerchandise.co/posts/pfbid0GGdUBmVuur38ip3kJP3sdxiM7k5tPpokoIE7XnfvyHeL90EyV1CwErzM,0,0,Photos,,,,,01/25/2023,,,0,0,0,0,0,0,,,,,
987852504397988,100064197037125,"PC Merchandise","Sulit na sulit! RYZEN 5 2600 package, ready for pickup or shipping nationwide 🚚",,0,"01/20/2023 16:00",,https://www.facebook.com/pcmerchandise.co/posts/pfbid0GGdUBmVuur38ip3kJP3sdxiM7k5tPpokoIE7XnfvyHeL90EyV1CwErzM,0,0,Photos,,,,,01/26/2023,,,0,0,0,0,0,0,,,,,
987852504397988,100064197037125,"PC Merchandise","Sulit na sulit! RYZEN 5 2600 package, ready for pickup or shipping nationwide 🚚",,0,"01/20/2023 16:00",,https://www.facebook.com/pcmerchandise.co/posts/pfbid0GGdUBmVuur38ip3kJP3sdxiM7k5tPpokoIE7XnfvyHeL90EyV1CwErzM,0,0,Photos,,,,,01/27/2023,,,0,0,0,0,0,0,,,,,
987852504397988,100064197037125,"PC Merchandise","Sulit na sulit! RYZEN 5 2600 package, ready for pickup or shipping nationwide 🚚",,0,"01/20/2023 16:00",,https://www.facebook.com/pcmerchandise.co/posts/pfbid0GGdUBmVuur38ip3kJP3sdxiM7k5tPpokoIE7XnfvyHeL90EyV1CwErzM,0,0,Photos,,,,,01/28/2023,,,0,0,0,0,0,0,,,,,
987852504397988,100064197037125,"PC Merchandise","Sulit na sulit! RYZEN 5 2600 package, ready for pickup or shipping nationwide 🚚",,0,"01/20/2023 16:00",,https://www.facebook.com/pcmerchandise.co/posts/pfbid0GGdUBmVuur38ip3kJP3sdxiM7k5tPpokoIE7XnfvyHeL90EyV1CwErzM,0,0,Photos,,,,,01/29/2023,,,0,0,0,0,0,0,,,,,
987852504397988,100064197037125,"PC Merchandise","Sulit na sulit! RYZEN 5 2600 package, ready for pickup or shipping nationwide 🚚",,0,"01/20/2023 16:00",,https://www.facebook.com/pcmerchandise.co/posts/pfbid0GGdUBmVuur38ip3kJP3sdxiM7k5tPpokoIE7XnfvyHeL90EyV1CwErzM,0,0,Photos,,,,,01/30/2023,,,0,0,0,0,0,0,,,,,
987852504397988,100064197037125,"PC Merchandise","Sulit na sulit! RYZEN 5 2600 package, ready for pickup or shipping nationwide 🚚",,0,"01/20/2023 16:00",,https://www.facebook.com/pcmerchandise.co/posts/pfbid0GGdUBmVuur38ip3kJP3sdxiM7k5tPpokoIE7XnfvyHeL90EyV1CwErzM,0,0,Photos,,,,,01/31/2023,,,0,0,0,0,0,0,,,,,
987732352489527,100064197037125,"PC Merchandise","UNBOXING: GTX 1650 fresh stock just arrived! 📦",,75,"01/20/2023 15:01",,https://www.facebook.com/reel/1867844579662483/,0,0,Reels,,,,,01/01/2023,0,,,,,,0,0,0,0,0,0.000,5.350
987732352489527,100064197037125,"PC Merchandise","UNBOXING: GTX 1650 fresh stock just arrived! 📦",,75,"01/20/2023 15:01",,https://www.facebook.com/reel/1867844579662483/,0,0,Reels,,,,,01/02/2023,0,,,,,,0,0,0,0,0,0.000,6.567
987732352489527,100064197037125,"PC Merchandise","UNBOXING: GTX 1650 fresh stock just arrived! 📦",,75,"01/20/2023 15:01",,https://www.facebook.com/reel/1867844579662483/,0,0,Reels,,,,,01/03/2023,0,,,,,,0,0,0,0,0,0.000,4.476
987732352489527,100064197037125,"PC Merchandise","UNBOXING: GTX 1650 fresh stock just arrived! 📦",,75,"01/20/2023 15:01",,https://www.facebook.com/reel/1867844579662483/,0,0,Reels,,,,,01/04/2023,0,,,,,,0,0,0,0,0,0.000,4.958
987732352489527,100064197037125,"PC Merchandise","UNBOXING: GTX 1650 fresh stock just arrived! 📦",,75,"01/20/2023 15:01",,https://www.facebook.com/reel/1867844579662483/,0,0,Reels,,,,,01/05/2023,0,,,,,,0,0,0,0,0,0.000,5.248
987732352489527,100064197037125,"PC Merchandise","UNBOXING: GTX 1650 fresh stock just arrived! 📦",,75,"01/20/2023 15:01",,https://www.facebook.com/reel/1867844579662483/,0,0,Reels,,,,,01/06/2023,0,,,,,,0,0,0,0,0,0.000,4.588
987732352489527,100064197037125,"PC Merchandise","UNBOXING: GTX 1650 fresh stock just arrived! 📦",,75,"01/20/2023 15:01",,https://www.facebook.com/reel/1867844579662483/,0,0,Reels,,,,,01/07/2023,0,,,,,,0,0,0,0,0,0.000,4.253
987732352489527,100064197037125,"PC Merchandise","UNBOXING: GTX 1650 fresh stock just arrived! 📦",,75,"01/20/2023 15:01",,https://www.facebook.com/reel/1867844579662483/,0,0,Reels,,,,,01/08/2023,0,,,,,,0,0,0,0,0,0.000,3.895
987732352489527,100064197037125,"PC Merchandise","UNBOXING: GTX 1650 fresh stock just arrived! 📦",,75,"01/20/2023 15:01",,https://www.facebook.com/reel/1867844579662483/,0,0,Reels,,,,,01/09/2023,0,,,,,,0,0,0,0,0,0.000,4.330
987732352489527,100064197037125,"PC Merchandise","UNBOXING: GTX 1650 fresh stock just arrived! 📦",,75,"01/20/2023 15:01",,https://www.facebook.com/reel/1867844579662483/,0,0,Reels,,,,,01/10/2023,0,,,,,,0,0,0,0,0,0.000,5.051
987732352489527,100064197037125,"PC Merchandise","UNBOXING: GTX 1650 fresh stock just arrived! 📦",,75,"01/20/2023 15:01",,https://www.facebook.com/reel/1867844579662483/,0,0,Reels,,,,,01/11/2023,0,,,,,,0,0,0,0,0,0.000,4.641
987732352489527,100064197037125,"PC Merchandise","UNBOXING: GTX 1650 fresh stock just arrived! 📦",,75,"01/20/2023 15:01",,https://www.facebook.com/reel/1867844579662483/,0,0,Reels,,,,,01/12/2023,0,,,,,,0,0,0,0,0,0.000,5.027
987732352489527,100064197037125,"PC Merchandise","UNBOXING: GTX 1650 fresh stock just arrived! 📦",,75,"01/20/2023 15:01",,https://www.facebook.com/reel/1867844579662483/,0,0,Reels,,,,,01/13/2023,0,,,,,,0,0,0,0,0,0.000,4.965
987732352489527,100064197037125,"PC Merchandise","UNBOXING: GTX 1650 fresh stock just arrived! 📦",,75,"01/20/2023 15:01",,https://www.facebook.com/reel/1867844579662483/,0,0,Reels,,,,,01/14/2023,0,,,,,,0,0,0,0,0,0.000,4.318
987732352489527,100064197037125,"PC Merchandise","UNBOXING: GTX 1650 fresh stock just arrived! 📦",,75,"01/20/2023 15:01",,https://www.facebook.com/reel/1867844579662483/,0,0,Reels,,,,,01/15/2023,0,,,,,,0,0,0,0,0,0.000,4.931
987732352489527,100064197037125,"PC Merchandise","UNBOXING: GTX 1650 fresh stock just arrived! 📦",,75,"01/20/2023 15:01",,https://www.facebook.com/reel/1867844579662483/,0,0,Reels,,,,,01/16/2023,0,,,,,,0,0,0,0,0,0.000,3.915
987732352489527,100064197037125,"PC Merchandise","UNBOXING: GTX 1650 fresh stock just arrived! 📦",,75,"01/20/2023 15:01",,https://www.facebook.com/reel/1867844579662483/,0,0,Reels,,,,,01/17/2023,0,,,,,,0,0,0,0,0,0.000,5.091
987732352489527,100064197037125,"PC Merchandise","UNBOXING: GTX 1650 fresh stock just arrived! 📦",,75,"01/20/2023 15:01",,https://www.facebook.com/reel/1867844579662483/,0,0,Reels,,,,,01/18/2023,0,,,,,,0,0,0,0,0,0.000,4.600
987732352489527,100064197037125,"PC Merchandise","UNBOXING: GTX 1650 fresh stock just arrived! 📦",,75,"01/20/2023 15:01",,https://www.facebook.com/reel/1867844579662483/,0,0,Reels,,,,,01/19/2023,0,,,,,,0,0,0,0,0,0.000,4.124
987732352489527,100064197037125,"PC Merchandise","UNBOXING: GTX 1650 fresh stock just arrived! 📦",,75,"01/20/2023 15:01",,https://www.facebook.com/reel/1867844579662483/,0,0,Reels,,,,,01/20/2023,0,,,,,,0,0,0,0,0,116.224,3.714
987732352489527,100064197037125,"PC Merchandise","UNBOXING: GTX 1650 fresh stock just arrived! 📦",,75,"01/20/2023 15:01",,https://www.facebook.com/reel/1867844579662483/,0,0,Reels,,,,,01/21/2023,0,,,,,,0,0,0,0,0,91.076,4.847
987732352489527,100064197037125,"PC Merchandise","UNBOXING: GTX 1650 fresh stock just arrived! 📦",,75,"01/20/2023 15:01",,https://www.facebook.com/reel/1867844579662483/,0,0,Reels,,,,,01/22/2023,0,,,,,,0,0,0,0,0,94.004,4.114
987732352489527,100064197037125,"PC Merchandise","UNBOXING: GTX 1650 fresh stock just arrived! 📦",,75,"01/20/2023 15:01",,https://www.facebook.com/reel/1867844579662483/,0,0,Reels,,,,,01/23/2023,0,,,,,,0,0,0,0,0,37.295,3.635
987732352489527,100064197037125,"PC Merchandise","UNBOXING: GTX 1650 fresh stock just arrived! 📦",,75,"01/20/2023 15:01",,https://www.facebook.com/reel/1867844579662483/,0,0,Reels,,,,,01/24/2023,0,,,,,,0,0,0,0,0,48.483,4.477
987732352489527,100064197037125,"PC Merchandise","UNBOXING: GTX 1650 fresh stock just arrived! 📦",,75,"01/20/2023 15:01",,https://www.facebook.com/reel/1867844579662483/,0,0,Reels,,,,,01/25/2023,0,,,,,,0,0,0,0,0,15.834,3.508
987732352489527,100064197037125,"PC Merchandise","UNBOXING: GTX 1650 fresh stock just arrived! 📦",,75,"01/20/2023 15:01",,https://www.facebook.com/reel/1867844579662483/,0,0,Reels,,,,,01/26/2023,0,,,,,,0,0,0,0,0,56.679,2.766
987732352489527,100064197037125,"PC Merchandise","UNBOXING: GTX 1650 fresh stock just arrived! 📦",,75,"01/20/2023 15:01",,https://www.facebook.com/reel/1867844579662483/,0,0,Reels,,,,,01/27/2023,0,,,,,,0,0,0,0,0,22.059,3.689
987732352489527,100064197037125,"PC Merchandise","UNBOXING: GTX 1650 fresh stock just arrived! 📦",,75,"01/20/2023 15:01",,https://www.facebook.com/reel/1867844579662483/,0,0,Reels,,,,,01/28/2023,0,,,,,,0,0,0,0,0,14.985,5.018
987732352489527,100064197037125,"PC Merchandise","UNBOXING: GTX 1650 fresh stock just arrived! 📦",,75,"01/20/2023 15:01",,https://www.facebook.com/reel/1867844579662483/,0,0,Reels,,,,,01/29/2023,0,,,,,,0,0,0,0,0,21.895,5.517
987732352489527,100064197037125,"PC Merchandise","UNBOXING: GTX 1650 fresh stock just arrived! 📦",,75,"01/20/2023 15:01",,https://www.facebook.com/reel/1867844579662483/,0,0,Reels,,,,,01/30/2023,0,,,,,,0,0,0,0,0,8.536,3.781
987732352489527,100064197037125,"PC Merchandise","UNBOXING: GTX 1650 fresh stock just arrived! 📦",,75,"01/20/2023 15:01",,https://www.facebook.com/reel/1867844579662483/,0,0,Reels,,,,,01/31/2023,0,,,,,,0,0,0,0,0,13.451,4.788
987238486569550,100064197037125,"PC Merchandise","𝐏𝐑𝐈𝐂𝐄𝐋𝐈𝐒𝐓 𝟐𝟎𝟐𝟑 >>>
https://pcmerchandise.live/2023-GAMING-BUILDS",,48,"01/19/2023 17:07",auto,https://www.facebook.com/reel/1770334599530670/,0,0,Reels,,,,,01/01/2023,0,,,,,,0,0,0,0,0,0.000,3.021
987238486569550,100064197037125,"PC Merchandise","𝐏𝐑𝐈𝐂𝐄𝐋𝐈𝐒𝐓 𝟐𝟎𝟐𝟑 >>>
https://pcmerchandise.live/2023-GAMING-BUILDS",,48,"01/19/2023 17:07",auto,https://www.facebook.com/reel/1770334599530670/,0,0,Reels,,,,,01/02/2023,0,,,,,,0,0,0,0,0,0.000,4.379
987238486569550,100064197037125,"PC Merchandise","𝐏𝐑𝐈𝐂𝐄𝐋𝐈𝐒𝐓 𝟐𝟎𝟐𝟑 >>>
https://pcmerchandise.live/2023-GAMING-BUILDS",,48,"01/19/2023 17:07",auto,https://www.facebook.com/reel/1770334599530670/,0,0,Reels,,,,,01/03/2023,0,,,,,,0,0,0,0,0,0.000,3.727
987238486569550,100064197037125,"PC Merchandise","𝐏𝐑𝐈𝐂𝐄𝐋𝐈𝐒𝐓 𝟐𝟎𝟐𝟑 >>>
https://pcmerchandise.live/2023-GAMING-BUILDS",,48,"01/19/2023 17:07",auto,https://www.facebook.com/reel/1770334599530670/,0,0,Reels,,,,,01/04/2023,0,,,,,,0,0,0,0,0,0.000,3.301
987238486569550,100064197037125,"PC Merchandise","𝐏𝐑𝐈𝐂𝐄𝐋𝐈𝐒𝐓 𝟐𝟎𝟐𝟑 >>>
https://pcmerchandise.live/2023-GAMING-BUILDS",,48,"01/19/2023 17:07",auto,https://www.facebook.com/reel/1770334599530670/,0,0,Reels,,,,,01/05/2023,0,,,,,,0,0,0,0,0,0.000,3.000
987238486569550,100064197037125,"PC Merchandise","𝐏𝐑𝐈𝐂𝐄𝐋𝐈𝐒𝐓 𝟐𝟎𝟐𝟑 >>>
https://pcmerchandise.live/2023-GAMING-BUILDS",,48,"01/19/2023 17:07",auto,https://www.facebook.com/reel/1770334599530670/,0,0,Reels,,,,,01/06/2023,0,,,,,,0,0,0,0,0,0.000,4.751
987238486569550,100064197037125,"PC Merchandise","𝐏𝐑𝐈𝐂𝐄𝐋𝐈𝐒𝐓 𝟐𝟎𝟐𝟑 >>>
https://pcmerchandise.live/2023-GAMING-BUILDS",,48,"01/19/2023 17:07",auto,https://www.facebook.com/reel/1770334599530670/,0,0,Reels,,,,,01/07/2023,0,,,,,,0,0,0,0,0,0.000,4.218
987238486569550,100064197037125,"PC Merchandise","𝐏𝐑𝐈𝐂𝐄𝐋𝐈𝐒𝐓 𝟐𝟎𝟐𝟑 >>>
https://pcmerchandise.live/2023-GAMING-BUILDS",,48,"01/19/2023 17:07",auto,https://www.facebook.com/reel/1770334599530670/,0,0,Reels,,,,,01/08/2023,0,,,,,,0,0,0,0,0,0.000,2.537
987238486569550,100064197037125,"PC Merchandise","𝐏𝐑𝐈𝐂𝐄𝐋𝐈𝐒𝐓 𝟐𝟎𝟐𝟑 >>>
https://pcmerchandise.live/2023-GAMING-BUILDS",,48,"01/19/2023 17:07",auto,https://www.facebook.com/reel/1770334599530670/,0,0,Reels,,,,,01/09/2023,0,,,,,,0,0,0,0,0,0.000,3.772
987238486569550,100064197037125,"PC Merchandise","𝐏𝐑𝐈𝐂𝐄𝐋𝐈𝐒𝐓 𝟐𝟎𝟐𝟑 >>>
https://pcmerchandise.live/2023-GAMING-BUILDS",,48,"01/19/2023 17:07",auto,https://www.facebook.com/reel/1770334599530670/,0,0,Reels,,,,,01/10/2023,0,,,,,,0,0,0,0,0,0.000,4.624
987238486569550,100064197037125,"PC Merchandise","𝐏𝐑𝐈𝐂𝐄𝐋𝐈𝐒𝐓 𝟐𝟎𝟐𝟑 >>>
https://pcmerchandise.live/2023-GAMING-BUILDS",,48,"01/19/2023 17:07",auto,https://www.facebook.com/reel/1770334599530670/,0,0,Reels,,,,,01/11/2023,0,,,,,,0,0,0,0,0,0.000,6.295
987238486569550,100064197037125,"PC Merchandise","𝐏𝐑𝐈𝐂𝐄𝐋𝐈𝐒𝐓 𝟐𝟎𝟐𝟑 >>>
https://pcmerchandise.live/2023-GAMING-BUILDS",,48,"01/19/2023 17:07",auto,https://www.facebook.com/reel/1770334599530670/,0,0,Reels,,,,,01/12/2023,0,,,,,,0,0,0,0,0,0.000,2.970
987238486569550,100064197037125,"PC Merchandise","𝐏𝐑𝐈𝐂𝐄𝐋𝐈𝐒𝐓 𝟐𝟎𝟐𝟑 >>>
https://pcmerchandise.live/2023-GAMING-BUILDS",,48,"01/19/2023 17:07",auto,https://www.facebook.com/reel/1770334599530670/,0,0,Reels,,,,,01/13/2023,0,,,,,,0,0,0,0,0,0.000,4.103
987238486569550,100064197037125,"PC Merchandise","𝐏𝐑𝐈𝐂𝐄𝐋𝐈𝐒𝐓 𝟐𝟎𝟐𝟑 >>>
https://pcmerchandise.live/2023-GAMING-BUILDS",,48,"01/19/2023 17:07",auto,https://www.facebook.com/reel/1770334599530670/,0,0,Reels,,,,,01/14/2023,0,,,,,,0,0,0,0,0,0.000,4.238
987238486569550,100064197037125,"PC Merchandise","𝐏𝐑𝐈𝐂𝐄𝐋𝐈𝐒𝐓 𝟐𝟎𝟐𝟑 >>>
https://pcmerchandise.live/2023-GAMING-BUILDS",,48,"01/19/2023 17:07",auto,https://www.facebook.com/reel/1770334599530670/,0,0,Reels,,,,,01/15/2023,0,,,,,,0,0,0,0,0,0.000,3.574
987238486569550,100064197037125,"PC Merchandise","𝐏𝐑𝐈𝐂𝐄𝐋𝐈𝐒𝐓 𝟐𝟎𝟐𝟑 >>>
https://pcmerchandise.live/2023-GAMING-BUILDS",,48,"01/19/2023 17:07",auto,https://www.facebook.com/reel/1770334599530670/,0,0,Reels,,,,,01/16/2023,0,,,,,,0,0,0,0,0,0.000,3.390
987238486569550,100064197037125,"PC Merchandise","𝐏𝐑𝐈𝐂𝐄𝐋𝐈𝐒𝐓 𝟐𝟎𝟐𝟑 >>>
https://pcmerchandise.live/2023-GAMING-BUILDS",,48,"01/19/2023 17:07",auto,https://www.facebook.com/reel/1770334599530670/,0,0,Reels,,,,,01/17/2023,0,,,,,,0,0,0,0,0,0.000,2.825
987238486569550,100064197037125,"PC Merchandise","𝐏𝐑𝐈𝐂𝐄𝐋𝐈𝐒𝐓 𝟐𝟎𝟐𝟑 >>>
https://pcmerchandise.live/2023-GAMING-BUILDS",,48,"01/19/2023 17:07",auto,https://www.facebook.com/reel/1770334599530670/,0,0,Reels,,,,,01/18/2023,0,,,,,,0,0,0,0,0,0.000,3.895
987238486569550,100064197037125,"PC Merchandise","𝐏𝐑𝐈𝐂𝐄𝐋𝐈𝐒𝐓 𝟐𝟎𝟐𝟑 >>>
https://pcmerchandise.live/2023-GAMING-BUILDS",,48,"01/19/2023 17:07",auto,https://www.facebook.com/reel/1770334599530670/,0,0,Reels,,,,,01/19/2023,0,,,,,,123,0,0,0,0,1036.133,3.056
987238486569550,100064197037125,"PC Merchandise","𝐏𝐑𝐈𝐂𝐄𝐋𝐈𝐒𝐓 𝟐𝟎𝟐𝟑 >>>
https://pcmerchandise.live/2023-GAMING-BUILDS",,48,"01/19/2023 17:07",auto,https://www.facebook.com/reel/1770334599530670/,0,0,Reels,,,,,01/20/2023,0,,,,,,129,0,0,0,0,1004.071,4.195
987238486569550,100064197037125,"PC Merchandise","𝐏𝐑𝐈𝐂𝐄𝐋𝐈𝐒𝐓 𝟐𝟎𝟐𝟑 >>>
https://pcmerchandise.live/2023-GAMING-BUILDS",,48,"01/19/2023 17:07",auto,https://www.facebook.com/reel/1770334599530670/,0,0,Reels,,,,,01/21/2023,0,,,,,,133,0,0,0,0,965.220,4.174
987238486569550,100064197037125,"PC Merchandise","𝐏𝐑𝐈𝐂𝐄𝐋𝐈𝐒𝐓 𝟐𝟎𝟐𝟑 >>>
https://pcmerchandise.live/2023-GAMING-BUILDS",,48,"01/19/2023 17:07",auto,https://www.facebook.com/reel/1770334599530670/,0,0,Reels,,,,,01/22/2023,0,,,,,,132,0,0,0,0,504.747,4.278
987238486569550,100064197037125,"PC Merchandise","𝐏𝐑𝐈𝐂𝐄𝐋𝐈𝐒𝐓 𝟐𝟎𝟐𝟑 >>>
https://pcmerchandise.live/2023-GAMING-BUILDS",,48,"01/19/2023 17:07",auto,https://www.facebook.com/reel/1770334599530670/,0,0,Reels,,,,,01/23/2023,0,,,,,,142,0,0,0,0,445.067,5.131
987238486569550,100064197037125,"PC Merchandise","𝐏𝐑𝐈𝐂𝐄𝐋𝐈𝐒𝐓 𝟐𝟎𝟐𝟑 >>>
https://pcmerchandise.live/2023-GAMING-BUILDS",,48,"01/19/2023 17:07",auto,https://www.facebook.com/reel/1770334599530670/,0,0,Reels,,,,,01/24/2023,0,,,,,,120,0,0,0,0,430.323,3.940
987238486569550,100064197037125,"PC Merchandise","𝐏𝐑𝐈𝐂𝐄𝐋𝐈𝐒𝐓 𝟐𝟎𝟐𝟑 >>>
https://pcmerchandise.live/2023-GAMING-BUILDS",,48,"01/19/2023 17:07",auto,https://www.facebook.com/reel/1770334599530670/,0,0,Reels,,,,,01/25/2023,0,,,,,,121,0,0,0,0,412.145,2.821
987238486569550,100064197037125,"PC Merchandise","𝐏𝐑𝐈𝐂𝐄𝐋𝐈𝐒𝐓 𝟐𝟎𝟐𝟑 >>>
https://pcmerchandise.live/2023-GAMING-BUILDS",,48,"01/19/2023 17:07",auto,https://www.facebook.com/reel/1770334599530670/,0,0,Reels,,,,,01/26/2023,0,,,,,,136,0,0,0,0,346.562,4.926
987238486569550,100064197037125,"PC Merchandise","𝐏𝐑𝐈𝐂𝐄𝐋𝐈𝐒𝐓 𝟐𝟎𝟐𝟑 >>>
https://pcmerchandise.live/2023-GAMING-BUILDS",,48,"01/19/2023 17:07",auto,https://www.facebook.com/reel/1770334599530670/,0,0,Reels,,,,,01/27/2023,0,,,,,,122,0,0,0,0,261.184,4.553
987238486569550,100064197037125,"PC Merchandise","𝐏𝐑𝐈𝐂𝐄𝐋𝐈𝐒𝐓 𝟐𝟎𝟐𝟑 >>>
https://pcmerchandise.live/2023-GAMING-BUILDS",,48,"01/19/2023 17:07",auto,https://www.facebook.com/reel/1770334599530670/,0,0,Reels,,,,,01/28/2023,0,,,,,,137,0,0,0,0,431.681,4.036
987238486569550,100064197037125,"PC Merchandise","𝐏𝐑𝐈𝐂𝐄𝐋𝐈𝐒𝐓 𝟐𝟎𝟐𝟑 >>>
https://pcmerchandise.live/2023-GAMING-BUILDS",,48,"01/19/2023 17:07",auto,https://www.facebook.com/reel/1770334599530670/,0,0,Reels,,,,,01/29/2023,0,,,,,,132,0,0,0,0,294.404,3.752
987238486569550,100064197037125,"PC Merchandise","𝐏𝐑𝐈𝐂𝐄𝐋𝐈𝐒𝐓 𝟐𝟎𝟐𝟑 >>>
https://pcmerchandise.live/2023-GAMING-BUILDS",,48,"01/19/2023 17:07",auto,https://www.facebook.com/reel/1770334599530670/,0,0,Reels,,,,,01/30/2023,0,,,,,,0,0,0,0,0,180.620,4.062
987238486569550,100064197037125,"PC Merchandise","𝐏𝐑𝐈𝐂𝐄𝐋𝐈𝐒𝐓 𝟐𝟎𝟐𝟑 >>>
https://pcmerchandise.live/2023-GAMING-BUILDS",,48,"01/19/2023 17:07",auto,https://www.facebook.com/reel/1770334599530670/,0,0,Reels,,,,,01/31/2023,0,,,,,,0,0,0,0,0,144.327,2.554
987766601102327,100064197037125,"PC Merchandise","客户 satisfied ✅ i5 10400F build with RGB everything 🌈",,0,"01/19/2023 17:01",,https://www.facebook.com/pcmerchandise.co/posts/pfbid0cgiMwTy8uoYtWhPmXKch1kGhq9VLFCjzRV2vVDEb0kA0IQvg62bY63jc,0,0,Photos,,,,,01/31/2023,0,,,,,,,,,,,,
987766601102327,100064197037125,"PC Merchandise","客户 satisfied ✅ i5 10400F build with RGB everything 🌈",,0,"01/19/2023 17:01",,https://www.facebook.com/pcmerchandise.co/posts/pfbid0cgiMwTy8uoYtWhPmXKch1kGhq9VLFCjzRV2vVDEb0kA0IQvg62bY63jc,0,0,Photos,,,,,01/01/2023,,,0,0,0,0,0,0,,,,,
987766601102327,100064197037125,"PC Merchandise","客户 satisfied ✅ i5 10400F build with RGB everything 🌈",,0,"01/19/2023 17:01",,https://www.facebook.com/pcmerchandise.co/posts/pfbid0cgiMwTy8uoYtWhPmXKch1kGhq9VLFCjzRV2vVDEb0kA0IQvg62bY63jc,0,0,Photos,,,,,01/02/2023,,,0,0,0,0,0,0,,,,,
987766601102327,100064197037125,"PC Merchandise","客户 satisfied ✅ i5 10400F build with RGB everything 🌈",,0,"01/19/2023 17:01",,https://www.facebook.com/pcmerchandise.co/posts/pfbid0cgiMwTy8uoYtWhPmXKch1kGhq9VLFCjzRV2vVDEb0kA0IQvg62bY63jc,0,0,Photos,,,,,01/03/2023,,,0,0,0,0,0,0,,,,,
987766601102327,100064197037125,"PC Merchandise","客户 satisfied ✅ i5 10400F build with RGB everything 🌈",,0,"01/19/2023 17:01",,https://www.facebook.com/pcmerchandise.co/posts/pfbid0cgiMwTy8uoYtWhPmXKch1kGhq9VLFCjzRV2vVDEb0kA0IQvg62bY63jc,0,0,Photos,,,,,01/04/2023,,,0,0,0,0,0,0,,,,,
987766601102327,100064197037125,"PC Merchandise","客户 satisfied ✅ i5 10400F build with RGB everything 🌈",,0,"01/19/2023 17:01",,https://www.facebook.com/pcmerchandise.co/posts/pfbid0cgiMwTy8uoYtWhPmXKch1kGhq9VLFCjzRV2vVDEb0kA0IQvg62bY63jc,0,0,Photos,,,,,01/05/2023,,,0,0,0,0,0,0,,,,,
987766601102327,100064197037125,"PC Merchandise","客户 satisfied ✅ i5 10400F build with RGB everything 🌈",,0,"01/19/2023 17:01",,https://www.facebook.com/pcmerchandise.co/posts/pfbid0cgiMwTy8uoYtWhPmXKch1kGhq9VLFCjzRV2vVDEb0kA0IQvg62bY63jc,0,0,Photos,,,,,01/06/2023,,,0,0,0,0,0,0,,,,,
987766601102327,100064197037125,"PC Merchandise","客户 satisfied ✅ i5 10400F build with RGB everything 🌈",,0,"01/19/2023 17:01",,https://www.facebook.com/pcmerchandise.co/posts/pfbid0cgiMwTy8uoYtWhPmXKch1kGhq9VLFCjzRV2vVDEb0kA0IQvg62bY63jc,0,0,Photos,,,,,01/07/2023,,,0,0,0,0,0,0,,,,,
987766601102327,100064197037125,"PC Merchandise","客户 satisfied ✅ i5 10400F build with RGB everything 🌈",,0,"01/19/2023 17:01",,https://www.facebook.com/pcmerchandise.co/posts/pfbid0cgiMwTy8uoYtWhPmXKch1kGhq9VLFCjzRV2vVDEb0kA0IQvg62bY63jc,0,0,Photos,,,,,01/08/2023,,,0,0,0,0,0,0,,,,,
987766601102327,100064197037125,"PC Merchandise","客户 satisfied ✅ i5 10400F build with RGB everything 🌈",,0,"01/19/2023 17:01",,https://www.facebook.com/pcmerchandise.co/posts/pfbid0cgiMwTy8uoYtWhPmXKch1kGhq9VLFCjzRV2vVDEb0kA0IQvg62bY63jc,0,0,Photos,,,,,01/09/2023,,,0,0,0,0,0,0,,,,,
987766601102327,100064197037125,"PC Merchandise","客户 satisfied ✅ i5 10400F build with RGB everything 🌈",,0,"01/19/2023 17:01",,https://www.facebook.com/pcmerchandise.co/posts/pfbid0cgiMwTy8uoYtWhPmXKch1kGhq9VLFCjzRV2vVDEb0kA0IQvg62bY63jc,0,0,Photos,,,,,01/10/2023,,,0,0,0,0,0,0,,,,,
987766601102327,100064197037125,"PC Merchandise","客户 satisfied ✅ i5 10400F build with RGB everything 🌈",,0,"01/19/2023 17:01",,https://www.facebook.com/pcmerchandise.co/posts/pfbid0cgiMwTy8uoYtWhPmXKch1kGhq9VLFCjzRV2vVDEb0kA0IQvg62bY63jc,0,0,Photos,,,,,01/11/2023,,,0,0,0,0,0,0,,,,,
987766601102327,100064197037125,"PC Merchandise","客户 satisfied ✅ i5 10400F build with RGB everything 🌈",,0,"01/19/2023 17:01",,https://www.facebook.com/pcmerchandise.co/posts/pfbid0cgiMwTy8uoYtWhPmXKch1kGhq9VLFCjzRV2vVDEb0kA0IQvg62bY63jc,0,0,Photos,,,,,01/12/2023,,,0,0,0,0,0,0,,,,,
987766601102327,100064197037125,"PC Merchandise","客户 satisfied ✅ i5 10400F build with RGB everything 🌈",,0,"01/19/2023 17:01",,https://www.facebook.com/pcmerchandise.co/posts/pfbid0cgiMwTy8uoYtWhPmXKch1kGhq9VLFCjzRV2vVDEb0kA0IQvg62bY63jc,0,0,Photos,,,,,01/13/2023,,,0,0,0,0,0,0,,,,,
987766601102327,100064197037125,"PC Merchandise","客户 satisfied ✅ i5 10400F build with RGB everything 🌈",,0,"01/19/2023 17:01",,https://www.facebook.com/pcmerchandise.co/posts/pfbid0cgiMwTy8uoYtWhPmXKch1kGhq9VLFCjzRV2vVDEb0kA0IQvg62bY63jc,0,0,Photos,,,,,01/14/2023,,,0,0,0,0,0,0,,,,,
987766601102327,100064197037125,"PC Merchandise","客户 satisfied ✅ i5 10400F build with RGB everything 🌈",,0,"01/19/2023 17:01",,https://www.facebook.com/pcmerchandise.co/posts/pfbid0cgiMwTy8uoYtWhPmXKch1kGhq9VLFCjzRV2vVDEb0kA0IQvg62bY63jc,0,0,Photos,,,,,01/15/2023,,,0,0,0,0,0,0,,,,,
987766601102327,100064197037125,"PC Merchandise","客户 satisfied ✅ i5 10400F build with RGB everything 🌈",,0,"01/19/2023 17:01",,https://www.facebook.com/pcmerchandise.co/posts/pfbid0cgiMwTy8uoYtWhPmXKch1kGhq9VLFCjzRV2vVDEb0kA0IQvg62bY63jc,0,0,Photos,,,,,01/16/2023,,,0,0,0,0,0,0,,,,,
987766601102327,100064197037125,"PC Merchandise","客户 satisfied ✅ i5 10400F build with RGB everything 🌈",,0,"01/19/2023 17:01",,https://www.facebook.com/pcmerchandise.co/posts/pfbid0cgiMwTy8uoYtWhPmXKch1kGhq9VLFCjzRV2vVDEb0kA0IQvg62bY63jc,0,0,Photos,,,,,01/17/2023,,,0,0,0,0,0,0,,,,,
987766601102327,100064197037125,"PC Merchandise","客户 satisfied ✅ i5 10400F build with RGB everything 🌈",,0,"01/19/2023 17:01",,https://www.facebook.com/pcmerchandise.co/posts/pfbid0cgiMwTy8uoYtWhPmXKch1kGhq9VLFCjzRV2vVDEb0kA0IQvg62bY63jc,0,0,Photos,,,,,01/18/2023,,,0,0,0,0,0,0,,,,,
987766601102327,100064197037125,"PC Merchandise","客户 satisfied ✅ i5 10400F build with RGB everything 🌈",,0,"01/19/2023 17:01",,https://www.facebook.com/pcmerchandise.co/posts/pfbid0cgiMwTy8uoYtWhPmXKch1kGhq9VLFCjzRV2vVDEb0kA0IQvg62bY63jc,0,0,Photos,,,,,01/19/2023,,,0,0,0,0,0,0,,,,,
987766601102327,100064197037125,"PC Merchandise","客户 satisfied ✅ i5 10400F build with RGB everything 🌈",,0,"01/19/2023 17:01",,https://www.facebook.com/pcmerchandise.co/posts/pfbid0cgiMwTy8uoYtWhPmXKch1kGhq9VLFCjzRV2vVDEb0kA0IQvg62bY63jc,0,0,Photos,,,,,01/20/2023,,,0,0,0,0,0,0,,,,,
987766601102327,100064197037125,"PC Merchandise","客户 satisfied ✅ i5 10400F build with RGB everything 🌈",,0,"01/19/2023 17:01",,https://www.facebook.com/pcmerchandise.co/posts/pfbid0cgiMwTy8uoYtWhPmXKch1kGhq9VLFCjzRV2vVDEb0kA0IQvg62bY63jc,0,0,Photos,,,,,01/21/2023,,,0,0,0,0,0,0,,,,,
987766601102327,100064197037125,"PC Merchandise","客户 satisfied ✅ i5 10400F build with RGB everything 🌈",,0,"01/19/2023 17:01",,https://www.facebook.com/pcmerchandise.co/posts/pfbid0cgiMwTy8uoYtWhPmXKch1kGhq9VLFCjzRV2vVDEb0kA0IQvg62bY63jc,0,0,Photos,,,,,01/22/2023,,,0,0,0,0,0,0,,,,,
987766601102327,100064197037125,"PC Merchandise","客户 satisfied ✅ i5 10400F build with RGB everything 🌈",,0,"01/19/2023 17:01",,https://www.facebook.com/pcmerchandise.co/posts/pfbid0cgiMwTy8uoYtWhPmXKch1kGhq9VLFCjzRV2vVDEb0kA0IQvg62bY63jc,0,0,Photos,,,,,01/23/2023,,,0,0,0,0,0,0,,,,,
987766601102327,100064197037125,"PC Merchandise","客户 satisfied ✅ i5 10400F build with RGB everything 🌈",,0,"01/19/2023 17:01",,https://www.facebook.com/pcmerchandise.co/posts/pfbid0cgiMwTy8uoYtWhPmXKch1kGhq9VLFCjzRV2vVDEb0kA0IQvg62bY63jc,0,0,Photos,,,,,01/24/2023,,,0,0,0,0,0,0,,,,,
987766601102327,100064197037125,"PC Merchandise","客户 satisfied ✅ i5 10400F build with RGB everything 🌈",,0,"01/19/2023 17:01",,https://www.facebook.com/pcmerchandise.co/posts/pfbid0cgiMwTy8uoYtWhPmXKch1kGhq9VLFCjzRV2vVDEb0kA0IQvg62bY63jc,0,0,Photos,,,,,01/25/2023,,,0,0,0,0,0,0,,,,,
987766601102327,100064197037125,"PC Merchandise","客户 satisfied ✅ i5 10400F build with RGB everything 🌈",,0,"01/19/2023 17:01",,https://www.facebook.com/pcmerchandise.co/posts/pfbid0cgiMwTy8uoYtWhPmXKch1kGhq9VLFCjzRV2vVDEb0kA0IQvg62bY63jc,0,0,Photos,,,,,01/26/2023,,,0,0,0,0,0,0,,,,,
987766601102327,100064197037125,"PC Merchandise","客户 satisfied ✅ i5 10400F build with RGB everything 🌈",,0,"01/19/2023 17:01",,https://www.facebook.com/pcmerchandise.co/posts/pfbid0cgiMwTy8uoYtWhPmXKch1kGhq9VLFCjzRV2vVDEb0kA0IQvg62bY63jc,0,0,Photos,,,,,01/27/2023,,,0,0,0,0,0,0,,,,,
987766601102327,100064197037125,"PC Merchandise","客户 satisfied ✅ i5 10400F build with RGB everything 🌈",,0,"01/19/2023 17:01",,https://www.facebook.com/pcmerchandise.co/posts/pfbid0cgiMwTy8uoYtWhPmXKch1kGhq9VLFCjzRV2vVDEb0kA0IQvg62bY63jc,0,0,Photos,,,,,01/28/2023,,,0,0,0,0,0,0,,,,,
987766601102327,100064197037125,"PC Merchandise","客户 satisfied ✅ i5 10400F build with RGB everything 🌈",,0,"01/19/2023 17:01",,https://www.facebook.com/pcmerchandise.co/posts/pfbid0cgiMwTy8uoYtWhPmXKch1kGhq9VLFCjzRV2vVDEb0kA0IQvg62bY63jc,0,0,Photos,,,,,01/29/2023,,,0,0,0,0,0,0,,,,,
987766601102327,100064197037125,"PC Merchandise","客户 satisfied ✅ i5 10400F build with RGB everything 🌈",,0,"01/19/2023 17:01",,https://www.facebook.com/pcmerchandise.co/posts/pfbid0cgiMwTy8uoYtWhPmXKch1kGhq9VLFCjzRV2vVDEb0kA0IQvg62bY63jc,0,0,Photos,,,,,01/30/2023,,,0,0,0,0,0,0,,,,,
987766601102327,100064197037125,"PC Merchandise","客户 satisfied ✅ i5 10400F build with RGB everything 🌈",,0,"01/19/2023 17:01",,https://www.facebook.com/pcmerchandise.co/posts/pfbid0cgiMwTy8uoYtWhPmXKch1kGhq9VLFCjzRV2vVDEb0kA0IQvg62bY63jc,0,0,Photos,,,,,01/31/2023,,,0,0,0,0,0,0,,,,,
986989501449385,100064197037125,"PC Merchandise","𝐒𝐎𝐋𝐃 𝐑𝐘𝐙𝐄𝐍 𝟑 𝟑𝟐𝟎𝟎𝐆 (10PCS)
𝐂𝐎𝐌𝐒𝐇𝐎𝐏 𝐏𝐀𝐂𝐊𝐀𝐆𝐄
#PCMERCHANDISE #PCMBUILDS",,0,"01/18/2023 17:00",,https://www.facebook.com/pcmerchandise.co/posts/pfbid01wsGyiqrDOEgz8RkoOKzPBC0gaRwWuTkIRBMEJljHmwJxFvUDnh0hODE,0,0,Photos,,,,,01/31/2023,0,,,,,,,,,,,,
986989501449385,100064197037125,"PC Merchandise","𝐒𝐎𝐋𝐃 𝐑𝐘𝐙𝐄𝐍 𝟑 𝟑𝟐𝟎𝟎𝐆 (10PCS)
𝐂𝐎𝐌𝐒𝐇𝐎𝐏 𝐏𝐀𝐂𝐊𝐀𝐆𝐄
#PCMERCHANDISE #PCMBUILDS",,0,"01/18/2023 17:00",,https://www.facebook.com/pcmerchandise.co/posts/pfbid01wsGyiqrDOEgz8RkoOKzPBC0gaRwWuTkIRBMEJljHmwJxFvUDnh0hODE,0,0,Photos,,,,,01/01/2023,,,0,0,0,0,0,0,,,,,
986989501449385,100064197037125,"PC Merchandise","𝐒𝐎𝐋𝐃 𝐑𝐘𝐙𝐄𝐍 𝟑 𝟑𝟐𝟎𝟎𝐆 (10PCS)
𝐂𝐎𝐌𝐒𝐇𝐎𝐏 𝐏𝐀𝐂𝐊𝐀𝐆𝐄
#PCMERCHANDISE #PCMBUILDS",,0,"01/18/2023 17:00",,https://www.facebook.com/pcmerchandise.co/posts/pfbid01wsGyiqrDOEgz8RkoOKzPBC0gaRwWuTkIRBMEJljHmwJxFvUDnh0hODE,0,0,Photos,,,,,01/02/2023,,,0,0,0,0,0,0,,,,,
986989501449385,100064197037125,"PC Merchandise","𝐒𝐎𝐋𝐃 𝐑𝐘𝐙𝐄𝐍 𝟑 𝟑𝟐𝟎𝟎𝐆 (10PCS)
𝐂𝐎𝐌𝐒𝐇𝐎𝐏 𝐏𝐀𝐂𝐊𝐀𝐆𝐄
#PCMERCHANDISE #PCMBUILDS",,0,"01/18/2023 17:00",,https://www.facebook.com/pcmerchandise.co/posts/pfbid01wsGyiqrDOEgz8RkoOKzPBC0gaRwWuTkIRBMEJljHmwJxFvUDnh0hODE,0,0,Photos,,,,,01/03/2023,,,0,0,0,0,0,0,,,,,
986989501449385,100064197037125,"PC Merchandise","𝐒𝐎𝐋𝐃 𝐑𝐘𝐙𝐄𝐍 𝟑 𝟑𝟐𝟎𝟎𝐆 (10PCS)
𝐂𝐎𝐌𝐒𝐇𝐎𝐏 𝐏𝐀𝐂𝐊𝐀𝐆𝐄
#PCMERCHANDISE #PCMBUILDS",,0,"01/18/2023 17:00",,https://www.facebook.com/pcmerchandise.co/posts/pfbid01wsGyiqrDOEgz8RkoOKzPBC0gaRwWuTkIRBMEJljHmwJxFvUDnh0hODE,0,0,Photos,,,,,01/04/2023,,,0,0,0,0,0,0,,,,,
986989501449385,100064197037125,"PC Merchandise","𝐒𝐎𝐋𝐃 𝐑𝐘𝐙𝐄𝐍 𝟑 𝟑𝟐𝟎𝟎𝐆 (10PCS)
𝐂𝐎𝐌𝐒𝐇𝐎𝐏 𝐏𝐀𝐂𝐊𝐀𝐆𝐄
#PCMERCHANDISE #PCMBUILDS",,0,"01/18/2023 17:00",,https://www.facebook.com/pcmerchandise.co/posts/pfbid01wsGyiqrDOEgz8RkoOKzPBC0gaRwWuTkIRBMEJljHmwJxFvUDnh0hODE,0,0,Photos,,,,,01/05/2023,,,0,0,0,0,0,0,,,,,
986989501449385,100064197037125,"PC Merchandise","𝐒𝐎𝐋𝐃 𝐑𝐘𝐙𝐄𝐍 𝟑 𝟑𝟐𝟎𝟎𝐆 (10PCS)
𝐂𝐎𝐌𝐒𝐇𝐎𝐏 𝐏𝐀𝐂𝐊𝐀𝐆𝐄
#PCMERCHANDISE #PCMBUILDS",,0,"01/18/2023 17:00",,https://www.facebook.com/pcmerchandise.co/posts/pfbid01wsGyiqrDOEgz8RkoOKzPBC0gaRwWuTkIRBMEJljHmwJxFvUDnh0hODE,0,0,Photos,,,,,01/06/2023,,,0,0,0,0,0,0,,,,,
986989501449385,100064197037125,"PC Merchandise","𝐒𝐎𝐋𝐃 𝐑𝐘𝐙𝐄𝐍 𝟑 𝟑𝟐𝟎𝟎𝐆 (10PCS)
𝐂𝐎𝐌𝐒𝐇𝐎𝐏 𝐏𝐀𝐂𝐊𝐀𝐆𝐄
#PCMERCHANDISE #PCMBUILDS",,0,"01/18/2023 17:00",,https://www.facebook.com/pcmerchandise.co/posts/pfbid01wsGyiqrDOEgz8RkoOKzPBC0gaRwWuTkIRBMEJljHmwJxFvUDnh0hODE,0,0,Photos,,,,,01/07/2023,,,0,0,0,0,0,0,,,,,
986989501449385,100064197037125,"PC Merchandise","𝐒𝐎𝐋𝐃 𝐑𝐘𝐙𝐄𝐍 𝟑 𝟑𝟐𝟎𝟎𝐆 (10PCS)
𝐂𝐎𝐌𝐒𝐇𝐎𝐏 𝐏𝐀𝐂𝐊𝐀𝐆𝐄
#PCMERCHANDISE #PCMBUILDS",,0,"01/18/2023 17:00",,https://www.facebook.com/pcmerchandise.co/posts/pfbid01wsGyiqrDOEgz8RkoOKzPBC0gaRwWuTkIRBMEJljHmwJxFvUDnh0hODE,0,0,Photos,,,,,01/08/2023,,,0,0,0,0,0,0,,,,,
986989501449385,100064197037125,"PC Merchandise","𝐒𝐎𝐋𝐃 𝐑𝐘𝐙𝐄𝐍 𝟑 𝟑𝟐𝟎𝟎𝐆 (10PCS)
𝐂𝐎𝐌𝐒𝐇𝐎𝐏 𝐏𝐀𝐂𝐊𝐀𝐆𝐄
#PCMERCHANDISE #PCMBUILDS",,0,"01/18/2023 17:00",,https://www.facebook.com/pcmerchandise.co/posts/pfbid01wsGyiqrDOEgz8RkoOKzPBC0gaRwWuTkIRBMEJljHmwJxFvUDnh0hODE,0,0,Photos,,,,,01/09/2023,,,0,0,0,0,0,0,,,,,
986989501449385,100064197037125,"PC Merchandise","𝐒𝐎𝐋𝐃 𝐑𝐘𝐙𝐄𝐍 𝟑 𝟑𝟐𝟎𝟎𝐆 (10PCS)
𝐂𝐎𝐌𝐒𝐇𝐎𝐏 𝐏𝐀𝐂𝐊𝐀𝐆𝐄
#PCMERCHANDISE #PCMBUILDS",,0,"01/18/2023 17:00",,https://www.facebook.com/pcmerchandise.co/posts/pfbid01wsGyiqrDOEgz8RkoOKzPBC0gaRwWuTkIRBMEJljHmwJxFvUDnh0hODE,0,0,Photos,,,,,01/10/2023,,,0,0,0,0,0,0,,,,,
986989501449385,100064197037125,"PC Merchandise","𝐒𝐎𝐋𝐃 𝐑𝐘𝐙𝐄𝐍 𝟑 𝟑𝟐𝟎𝟎𝐆 (10PCS)
𝐂𝐎𝐌𝐒𝐇𝐎𝐏 𝐏𝐀𝐂𝐊𝐀𝐆𝐄
#PCMERCHANDISE #PCMBUILDS",,0,"01/18/2023 17:00",,https://www.facebook.com/pcmerchandise.co/posts/pfbid01wsGyiqrDOEgz8RkoOKzPBC0gaRwWuTkIRBMEJljHmwJxFvUDnh0hODE,0,0,Photos,,,,,01/11/2023,,,0,0,0,0,0,0,,,,,
986989501449385,100064197037125,"PC Merchandise","𝐒𝐎𝐋𝐃 𝐑𝐘𝐙𝐄𝐍 𝟑 𝟑𝟐𝟎𝟎𝐆 (10PCS)
𝐂𝐎𝐌𝐒𝐇𝐎𝐏 𝐏𝐀𝐂𝐊𝐀𝐆𝐄
#PCMERCHANDISE #PCMBUILDS",,0,"01/18/2023 17:00",,https://www.facebook.com/pcmerchandise.co/posts/pfbid01wsGyiqrDOEgz8RkoOKzPBC0gaRwWuTkIRBMEJljHmwJxFvUDnh0hODE,0,0,Photos,,,,,01/12/2023,,,0,0,0,0,0,0,,,,,
986989501449385,100064197037125,"PC Merchandise","𝐒𝐎𝐋𝐃 𝐑𝐘𝐙𝐄𝐍 𝟑 𝟑𝟐𝟎𝟎𝐆 (10PCS)
𝐂𝐎𝐌𝐒𝐇𝐎𝐏 𝐏𝐀𝐂𝐊𝐀𝐆𝐄
#PCMERCHANDISE #PCMBUILDS",,0,"01/18/2023 17:00",,https://www.facebook.com/pcmerchandise.co/posts/pfbid01wsGyiqrDOEgz8RkoOKzPBC0gaRwWuTkIRBMEJljHmwJxFvUDnh0hODE,0,0,Photos,,,,,01/13/2023,,,0,0,0,0,0,0,,,,,
986989501449385,100064197037125,"PC Merchandise","𝐒𝐎𝐋𝐃 𝐑𝐘𝐙𝐄𝐍 𝟑 𝟑𝟐𝟎𝟎𝐆 (10PCS)
𝐂𝐎𝐌𝐒𝐇𝐎𝐏 𝐏𝐀𝐂𝐊𝐀𝐆𝐄
#PCMERCHANDISE #PCMBUILDS",,0,"01/18/2023 17:00",,https://www.facebook.com/pcmerchandise.co/posts/pfbid01wsGyiqrDOEgz8RkoOKzPBC0gaRwWuTkIRBMEJljHmwJxFvUDnh0hODE,0,0,Photos,,,,,01/14/2023,,,0,0,0,0,0,0,,,,,
986989501449385,100064197037125,"PC Merchandise","𝐒𝐎𝐋𝐃 𝐑𝐘𝐙𝐄𝐍 𝟑 𝟑𝟐𝟎𝟎𝐆 (10PCS)
𝐂𝐎𝐌𝐒𝐇𝐎𝐏 𝐏𝐀𝐂𝐊𝐀𝐆𝐄
#PCMERCHANDISE #PCMBUILDS",,0,"01/18/2023 17:00",,https://www.facebook.com/pcmerchandise.co/posts/pfbid01wsGyiqrDOEgz8RkoOKzPBC0gaRwWuTkIRBMEJljHmwJxFvUDnh0hODE,0,0,Photos,,,,,01/15/2023,,,0,0,0,0,0,0,,,,,
986989501449385,100064197037125,"PC Merchandise","𝐒𝐎𝐋𝐃 𝐑𝐘𝐙𝐄𝐍 𝟑 𝟑𝟐𝟎𝟎𝐆 (10PCS)
𝐂𝐎𝐌𝐒𝐇𝐎𝐏 𝐏𝐀𝐂𝐊𝐀𝐆𝐄
#PCMERCHANDISE #PCMBUILDS",,0,"01/18/2023 17:00",,https://www.facebook.com/pcmerchandise.co/posts/pfbid01wsGyiqrDOEgz8RkoOKzPBC0gaRwWuTkIRBMEJljHmwJxFvUDnh0hODE,0,0,Photos,,,,,01/16/2023,,,0,0,0,0,0,0,,,,,
986989501449385,100064197037125,"PC Merchandise","𝐒𝐎𝐋𝐃 𝐑𝐘𝐙𝐄𝐍 𝟑 𝟑𝟐𝟎𝟎𝐆 (10PCS)
𝐂𝐎𝐌𝐒𝐇𝐎𝐏 𝐏𝐀𝐂𝐊𝐀𝐆𝐄
#PCMERCHANDISE #PCMBUILDS",,0,"01/18/2023 17:00",,https://www.facebook.com/pcmerchandise.co/posts/pfbid01wsGyiqrDOEgz8RkoOKzPBC0gaRwWuTkIRBMEJljHmwJxFvUDnh0hODE,0,0,Photos,,,,,01/17/2023,,,0,0,0,0,0,0,,,,,
986989501449385,100064197037125,"PC Merchandise","𝐒𝐎𝐋𝐃 𝐑𝐘𝐙𝐄𝐍 𝟑 𝟑𝟐𝟎𝟎𝐆 (10PCS)
𝐂𝐎𝐌𝐒𝐇𝐎𝐏 𝐏𝐀𝐂𝐊𝐀𝐆𝐄
#PCMERCHANDISE #PCMBUILDS",,0,"01/18/2023 17:00",,https://www.facebook.com/pcmerchandise.co/posts/pfbid01wsGyiqrDOEgz8RkoOKzPBC0gaRwWuTkIRBMEJljHmwJxFvUDnh0hODE,0,0,Photos,,,,,01/18/2023,,,0,0,0,0,0,0,,,,,
986989501449385,100064197037125,"PC Merchandise","𝐒𝐎𝐋𝐃 𝐑𝐘𝐙𝐄𝐍 𝟑 𝟑𝟐𝟎𝟎𝐆 (10PCS)
𝐂𝐎𝐌𝐒𝐇𝐎𝐏 𝐏𝐀𝐂𝐊𝐀𝐆𝐄
#PCMERCHANDISE #PCMBUILDS",,0,"01/18/2023 17:00",,https://www.facebook.com/pcmerchandise.co/posts/pfbid01wsGyiqrDOEgz8RkoOKzPBC0gaRwWuTkIRBMEJljHmwJxFvUDnh0hODE,0,0,Photos,,,,,01/19/2023,,,0,0,0,0,0,0,,,,,
986989501449385,100064197037125,"PC Merchandise","𝐒𝐎𝐋𝐃 𝐑𝐘𝐙𝐄𝐍 𝟑 𝟑𝟐𝟎𝟎𝐆 (10PCS)
𝐂𝐎𝐌𝐒𝐇𝐎𝐏 𝐏𝐀𝐂𝐊𝐀𝐆𝐄
#PCMERCHANDISE #PCMBUILDS",,0,"01/18/2023 17:00",,https://www.facebook.com/pcmerchandise.co/posts/pfbid01wsGyiqrDOEgz8RkoOKzPBC0gaRwWuTkIRBMEJljHmwJxFvUDnh0hODE,0,0,Photos,,,,,01/20/2023,,,0,0,0,0,0,0,,,,,
986989501449385,100064197037125,"PC Merchandise","𝐒𝐎𝐋𝐃 𝐑𝐘𝐙𝐄𝐍 𝟑 𝟑𝟐𝟎𝟎𝐆 (10PCS)
𝐂𝐎𝐌𝐒𝐇𝐎𝐏 𝐏𝐀𝐂𝐊𝐀𝐆𝐄
#PCMERCHANDISE #PCMBUILDS",,0,"01/18/2023 17:00",,https://www.facebook.com/pcmerchandise.co/posts/pfbid01wsGyiqrDOEgz8RkoOKzPBC0gaRwWuTkIRBMEJljHmwJxFvUDnh0hODE,0,0,Photos,,,,,01/21/2023,,,0,0,0,0,0,0,,,,,
986989501449385,100064197037125,"PC Merchandise","𝐒𝐎𝐋𝐃 𝐑𝐘𝐙𝐄𝐍 𝟑 𝟑𝟐𝟎𝟎𝐆 (10PCS)
𝐂𝐎𝐌𝐒𝐇𝐎𝐏 𝐏𝐀𝐂𝐊𝐀𝐆𝐄
#PCMERCHANDISE #PCMBUILDS",,0,"01/18/2023 17:00",,https://www.facebook.com/pcmerchandise.co/posts/pfbid01wsGyiqrDOEgz8RkoOKzPBC0gaRwWuTkIRBMEJljHmwJxFvUDnh0hODE,0,0,Photos,,,,,01/22/2023,,,0,0,0,0,0,0,,,,,
986989501449385,100064197037125,"PC Merchandise","𝐒𝐎𝐋𝐃 𝐑𝐘𝐙𝐄𝐍 𝟑 𝟑𝟐𝟎𝟎𝐆 (10PCS)
𝐂𝐎𝐌𝐒𝐇𝐎𝐏 𝐏𝐀𝐂𝐊𝐀𝐆𝐄
#PCMERCHANDISE #PCMBUILDS",,0,"01/18/2023 17:00",,https://www.facebook.com/pcmerchandise.co/posts/pfbid01wsGyiqrDOEgz8RkoOKzPBC0gaRwWuTkIRBMEJljHmwJxFvUDnh0hODE,0,0,Photos,,,,,01/23/2023,,,0,0,0,0,0,0,,,,,
986989501449385,100064197037125,"PC Merchandise","𝐒𝐎𝐋𝐃 𝐑𝐘𝐙𝐄𝐍 𝟑 𝟑𝟐𝟎𝟎𝐆 (10PCS)
𝐂𝐎𝐌𝐒𝐇𝐎𝐏 𝐏𝐀𝐂𝐊𝐀𝐆𝐄
#PCMERCHANDISE #PCMBUILDS",,0,"01/18/2023 17:00",,https://www.facebook.com/pcmerchandise.co/posts/pfbid01wsGyiqrDOEgz8RkoOKzPBC0gaRwWuTkIRBMEJljHmwJxFvUDnh0hODE,0,0,Photos,,,,,01/24/2023,,,0,0,0,0,0,0,,,,,
986989501449385,100064197037125,"PC Merchandise","𝐒𝐎𝐋𝐃 𝐑𝐘𝐙𝐄𝐍 𝟑 𝟑𝟐𝟎𝟎𝐆 (10PCS)
𝐂𝐎𝐌𝐒𝐇𝐎𝐏 𝐏𝐀𝐂𝐊𝐀𝐆𝐄
#PCMERCHANDISE #PCMBUILDS",,0,"01/18/2023 17:00",,https://www.facebook.com/pcmerchandise.co/posts/pfbid01wsGyiqrDOEgz8RkoOKzPBC0gaRwWuTkIRBMEJljHmwJxFvUDnh0hODE,0,0,Photos,,,,,01/25/2023,,,0,0,0,0,0,0,,,,,
986989501449385,100064197037125,"PC Merchandise","𝐒𝐎𝐋𝐃 𝐑𝐘𝐙𝐄𝐍 𝟑 𝟑𝟐𝟎𝟎𝐆 (10PCS)
𝐂𝐎𝐌𝐒𝐇𝐎𝐏 𝐏𝐀𝐂𝐊𝐀𝐆𝐄
#PCMERCHANDISE #PCMBUILDS",,0,"01/18/2023 17:00",,https://www.facebook.com/pcmerchandise.co/posts/pfbid01wsGyiqrDOEgz8RkoOKzPBC0gaRwWuTkIRBMEJljHmwJxFvUDnh0hODE,0,0,Photos,,,,,01/26/2023,,,0,0,0,0,0,0,,,,,
986989501449385,100064197037125,"PC Merchandise","𝐒𝐎𝐋𝐃 𝐑𝐘𝐙𝐄𝐍 𝟑 𝟑𝟐𝟎𝟎𝐆 (10PCS)
𝐂𝐎𝐌𝐒𝐇𝐎𝐏 𝐏𝐀𝐂𝐊𝐀𝐆𝐄
#PCMERCHANDISE #PCMBUILDS",,0,"01/18/2023 17:00",,https://www.facebook.com/pcmerchandise.co/posts/pfbid01wsGyiqrDOEgz8RkoOKzPBC0gaRwWuTkIRBMEJljHmwJxFvUDnh0hODE,0,0,Photos,,,,,01/27/2023,,,0,0,0,0,0,0,,,,,
986989501449385,100064197037125,"PC Merchandise","𝐒𝐎𝐋𝐃 𝐑𝐘𝐙𝐄𝐍 𝟑 𝟑𝟐𝟎𝟎𝐆 (10PCS)
𝐂𝐎𝐌𝐒𝐇𝐎𝐏 𝐏𝐀𝐂𝐊𝐀𝐆𝐄
#PCMERCHANDISE #PCMBUILDS",,0,"01/18/2023 17:00",,https://www.facebook.com/pcmerchandise.co/posts/pfbid01wsGyiqrDOEgz8RkoOKzPBC0gaRwWuTkIRBMEJljHmwJxFvUDnh0hODE,0,0,Photos,,,,,01/28/2023,,,0,0,0,0,0,0,,,,,
986989501449385,100064197037125,"PC Merchandise","𝐒𝐎𝐋𝐃 𝐑𝐘𝐙𝐄𝐍 𝟑 𝟑𝟐𝟎𝟎𝐆 (10PCS)
𝐂𝐎𝐌𝐒𝐇𝐎𝐏 𝐏𝐀𝐂𝐊𝐀𝐆𝐄
#PCMERCHANDISE #PCMBUILDS",,0,"01/18/2023 17:00",,https://www.facebook.com/pcmerchandise.co/posts/pfbid01wsGyiqrDOEgz8RkoOKzPBC0gaRwWuTkIRBMEJljHmwJxFvUDnh0hODE,0,0,Photos,,,,,01/29/2023,,,0,0,0,0,0,0,,,,,
986989501449385,100064197037125,"PC Merchandise","𝐒𝐎𝐋𝐃 𝐑𝐘𝐙𝐄𝐍 𝟑 𝟑𝟐𝟎𝟎𝐆 (10PCS)
𝐂𝐎𝐌𝐒𝐇𝐎𝐏 𝐏𝐀𝐂𝐊𝐀𝐆𝐄
#PCMERCHANDISE #PCMBUILDS",,0,"01/18/2023 17:00",,https://www.facebook.com/pcmerchandise.co/posts/pfbid01wsGyiqrDOEgz8RkoOKzPBC0gaRwWuTkIRBMEJljHmwJxFvUDnh0hODE,0,0,Photos,,,,,01/30/2023,,,0,0,0,0,0,0,,,,,
986989501449385,100064197037125,"PC Merchandise","𝐒𝐎𝐋𝐃 𝐑𝐘𝐙𝐄𝐍 𝟑 𝟑𝟐𝟎𝟎𝐆 (10PCS)
𝐂𝐎𝐌𝐒𝐇𝐎𝐏 𝐏𝐀𝐂𝐊𝐀𝐆𝐄
#PCMERCHANDISE #PCMBUILDS",,0,"01/18/2023 17:00",,https://www.facebook.com/pcmerchandise.co/posts/pfbid01wsGyiqrDOEgz8RkoOKzPBC0gaRwWuTkIRBMEJljHmwJxFvUDnh0hODE,0,0,Photos,,,,,01/31/2023,,,0,0,0,0,0,0,,,,,
987472588912783,100064197037125,"PC Merchandise","Free deliver within Taytay! RYZEN 3 3200G packages all-in na.",,0,"01/18/2023 00:00",,https://www.facebook.com/pcmerchandise.co/posts/pfbid07TicWpwF9WIlbWH3XaRuzqFJPKUGBrV8NvJJ4v5sMlmh4aQeWK7tUaFs,0,0,Photos,,,,,01/31/2023,0,,,,,,,,,,,,
987472588912783,100064197037125,"PC Merchandise","Free deliver within Taytay! RYZEN 3 3200G packages all-in na.",,0,"01/18/2023 00:00",,https://www.facebook.com/pcmerchandise.co/posts/pfbid07TicWpwF9WIlbWH3XaRuzqFJPKUGBrV8NvJJ4v5sMlmh4aQeWK7tUaFs,0,0,Photos,,,,,01/01/2023,,,0,0,0,0,0,0,,,,,
987472588912783,100064197037125,"PC Merchandise","Free deliver within Taytay! RYZEN 3 3200G packages all-in na.",,0,"01/18/2023 00:00",,https://www.facebook.com/pcmerchandise.co/posts/pfbid07TicWpwF9WIlbWH3XaRuzqFJPKUGBrV8NvJJ4v5sMlmh4aQeWK7tUaFs,0,0,Photos,,,,,01/02/2023,,,0,0,0,0,0,0,,,,,
987472588912783,100064197037125,"PC Merchandise","Free deliver within Taytay! RYZEN 3 3200G packages all-in na.",,0,"01/18/2023 00:00",,https://www.facebook.com/pcmerchandise.co/posts/pfbid07TicWpwF9WIlbWH3XaRuzqFJPKUGBrV8NvJJ4v5sMlmh4aQeWK7tUaFs,0,0,Photos,,,,,01/03/2023,,,0,0,0,0,0,0,,,,,
987472588912783,100064197037125,"PC Merchandise","Free deliver within Taytay! RYZEN 3 3200G packages all-in na.",,0,"01/18/2023 00:00",,https://www.facebook.com/pcmerchandise.co/posts/pfbid07TicWpwF9WIlbWH3XaRuzqFJPKUGBrV8NvJJ4v5sMlmh4aQeWK7tUaFs,0,0,Photos,,,,,01/04/2023,,,0,0,0,0,0,0,,,,,
987472588912783,100064197037125,"PC Merchandise","Free deliver within Taytay! RYZEN 3 3200G packages all-in na.",,0,"01/18/2023 00:00",,https://www.facebook.com/pcmerchandise.co/posts/pfbid07TicWpwF9WIlbWH3XaRuzqFJPKUGBrV8NvJJ4v5sMlmh4aQeWK7tUaFs,0,0,Photos,,,,,01/05/2023,,,0,0,0,0,0,0,,,,,
987472588912783,100064197037125,"PC Merchandise","Free deliver within Taytay! RYZEN 3 3200G packages all-in na.",,0,"01/18/2023 00:00",,https://www.facebook.com/pcmerchandise.co/posts/pfbid07TicWpwF9WIlbWH3XaRuzqFJPKUGBrV8NvJJ4v5sMlmh4aQeWK7tUaFs,0,0,Photos,,,,,01/06/2023,,,0,0,0,0,0,0,,,,,
987472588912783,100064197037125,"PC Merchandise","Free deliver within Taytay! RYZEN 3 3200G packages all-in na.",,0,"01/18/2023 00:00",,https://www.facebook.com/pcmerchandise.co/posts/pfbid07TicWpwF9WIlbWH3XaRuzqFJPKUGBrV8NvJJ4v5sMlmh4aQeWK7tUaFs,0,0,Photos,,,,,01/07/2023,,,0,0,0,0,0,0,,,,,
987472588912783,100064197037125,"PC Merchandise","Free deliver within Taytay! RYZEN 3 3200G packages all-in na.",,0,"01/18/2023 00:00",,https://www.facebook.com/pcmerchandise.co/posts/pfbid07TicWpwF9WIlbWH3XaRuzqFJPKUGBrV8NvJJ4v5sMlmh4aQeWK7tUaFs,0,0,Photos,,,,,01/08/2023,,,0,0,0,0,0,0,,,,,
987472588912783,100064197037125,"PC Merchandise","Free deliver within Taytay! RYZEN 3 3200G packages all-in na.",,0,"01/18/2023 00:00",,https://www.facebook.com/pcmerchandise.co/posts/pfbid07TicWpwF9WIlbWH3XaRuzqFJPKUGBrV8NvJJ4v5sMlmh4aQeWK7tUaFs,0,0,Photos,,,,,01/09/2023,,,0,0,0,0,0,0,,,,,
987472588912783,100064197037125,"PC Merchandise","Free deliver within Taytay! RYZEN 3 3200G packages all-in na.",,0,"01/18/2023 00:00",,https://www.facebook.com/pcmerchandise.co/posts/pfbid07TicWpwF9WIlbWH3XaRuzqFJPKUGBrV8NvJJ4v5sMlmh4aQeWK7tUaFs,0,0,Photos,,,,,01/10/2023,,,0,0,0,0,0,0,,,,,
987472588912783,100064197037125,"PC Merchandise","Free deliver within Taytay! RYZEN 3 3200G packages all-in na.",,0,"01/18/2023 00:00",,https://www.facebook.com/pcmerchandise.co/posts/pfbid07TicWpwF9WIlbWH3XaRuzqFJPKUGBrV8NvJJ4v5sMlmh4aQeWK7tUaFs,0,0,Photos,,,,,01/11/2023,,,0,0,0,0,0,0,,,,,
987472588912783,100064197037125,"PC Merchandise","Free deliver within Taytay! RYZEN 3 3200G packages all-in na.",,0,"01/18/2023 00:00",,https://www.facebook.com/pcmerchandise.co/posts/pfbid07TicWpwF9WIlbWH3XaRuzqFJPKUGBrV8NvJJ4v5sMlmh4aQeWK7tUaFs,0,0,Photos,,,,,01/12/2023,,,0,0,0,0,0,0,,,,,
987472588912783,100064197037125,"PC Merchandise","Free deliver within Taytay! RYZEN 3 3200G packages all-in na.",,0,"01/18/2023 00:00",,https://www.facebook.com/pcmerchandise.co/posts/pfbid07TicWpwF9WIlbWH3XaRuzqFJPKUGBrV8NvJJ4v5sMlmh4aQeWK7tUaFs,0,0,Photos,,,,,01/13/2023,,,0,0,0,0,0,0,,,,,
987472588912783,100064197037125,"PC Merchandise","Free deliver within Taytay! RYZEN 3 3200G packages all-in na.",,0,"01/18/2023 00:00",,https://www.facebook.com/pcmerchandise.co/posts/pfbid07TicWpwF9WIlbWH3XaRuzqFJPKUGBrV8NvJJ4v5sMlmh4aQeWK7tUaFs,0,0,Photos,,,,,01/14/2023,,,0,0,0,0,0,0,,,,,
987472588912783,100064197037125,"PC Merchandise","Free deliver within Taytay! RYZEN 3 3200G packages all-in na.",,0,"01/18/2023 00:00",,https://www.facebook.com/pcmerchandise.co/posts/pfbid07TicWpwF9WIlbWH3XaRuzqFJPKUGBrV8NvJJ4v5sMlmh4aQeWK7tUaFs,0,0,Photos,,,,,01/15/2023,,,0,0,0,0,0,0,,,,,
987472588912783,100064197037125,"PC Merchandise","Free deliver within Taytay! RYZEN 3 3200G packages all-in na.",,0,"01/18/2023 00:00",,https://www.facebook.com/pcmerchandise.co/posts/pfbid07TicWpwF9WIlbWH3XaRuzqFJPKUGBrV8NvJJ4v5sMlmh4aQeWK7tUaFs,0,0,Photos,,,,,01/16/2023,,,0,0,0,0,0,0,,,,,
987472588912783,100064197037125,"PC Merchandise","Free deliver within Taytay! RYZEN 3 3200G packages all-in na.",,0,"01/18/2023 00:00",,https://www.facebook.com/pcmerchandise.co/posts/pfbid07TicWpwF9WIlbWH3XaRuzqFJPKUGBrV8NvJJ4v5sMlmh4aQeWK7tUaFs,0,0,Photos,,,,,01/17/2023,,,0,0,0,0,0,0,,,,,
987472588912783,100064197037125,"PC Merchandise","Free deliver within Taytay! RYZEN 3 3200G packages all-in na.",,0,"01/18/2023 00:00",,https://www.facebook.com/pcmerchandise.co/posts/pfbid07TicWpwF9WIlbWH3XaRuzqFJPKUGBrV8NvJJ4v5sMlmh4aQeWK7tUaFs,0,0,Photos,,,,,01/18/2023,,,0,0,0,0,0,0,,,,,
987472588912783,100064197037125,"PC Merchandise","Free deliver within Taytay! RYZEN 3 3200G packages all-in na.",,0,"01/18/2023 00:00",,https://www.facebook.com/pcmerchandise.co/posts/pfbid07TicWpwF9WIlbWH3XaRuzqFJPKUGBrV8NvJJ4v5sMlmh4aQeWK7tUaFs,0,0,Photos,,,,,01/19/2023,,,0,0,0,0,0,0,,,,,
987472588912783,100064197037125,"PC Merchandise","Free deliver within Taytay! RYZEN 3 3200G packages all-in na.",,0,"01/18/2023 00:00",,https://www.facebook.com/pcmerchandise.co/posts/pfbid07TicWpwF9WIlbWH3XaRuzqFJPKUGBrV8NvJJ4v5sMlmh4aQeWK7tUaFs,0,0,Photos,,,,,01/20/2023,,,0,0,0,0,0,0,,,,,
987472588912783,100064197037125,"PC Merchandise","Free deliver within Taytay! RYZEN 3 3200G packages all-in na.",,0,"01/18/2023 00:00",,https://www.facebook.com/pcmerchandise.co/posts/pfbid07TicWpwF9WIlbWH3XaRuzqFJPKUGBrV8NvJJ4v5sMlmh4aQeWK7tUaFs,0,0,Photos,,,,,01/21/2023,,,0,0,0,0,0,0,,,,,
987472588912783,100064197037125,"PC Merchandise","Free deliver within Taytay! RYZEN 3 3200G packages all-in na.",,0,"01/18/2023 00:00",,https://www.facebook.com/pcmerchandise.co/posts/pfbid07TicWpwF9WIlbWH3XaRuzqFJPKUGBrV8NvJJ4v5sMlmh4aQeWK7tUaFs,0,0,Photos,,,,,01/22/2023,,,0,0,0,0,0,0,,,,,
987472588912783,100064197037125,"PC Merchandise","Free deliver within Taytay! RYZEN 3 3200G packages all-in na.",,0,"01/18/2023 00:00",,https://www.facebook.com/pcmerchandise.co/posts/pfbid07TicWpwF9WIlbWH3XaRuzqFJPKUGBrV8NvJJ4v5sMlmh4aQeWK7tUaFs,0,0,Photos,,,,,01/23/2023,,,0,0,0,0,0,0,,,,,
987472588912783,100064197037125,"PC Merchandise","Free deliver within Taytay! RYZEN 3 3200G packages all-in na.",,0,"01/18/2023 00:00",,https://www.facebook.com/pcmerchandise.co/posts/pfbid07TicWpwF9WIlbWH3XaRuzqFJPKUGBrV8NvJJ4v5sMlmh4aQeWK7tUaFs,0,0,Photos,,,,,01/24/2023,,,0,0,0,0,0,0,,,,,
987472588912783,100064197037125,"PC Merchandise","Free deliver within Taytay! RYZEN 3 3200G packages all-in na.",,0,"01/18/2023 00:00",,https://www.facebook.com/pcmerchandise.co/posts/pfbid07TicWpwF9WIlbWH3XaRuzqFJPKUGBrV8NvJJ4v5sMlmh4aQeWK7tUaFs,0,0,Photos,,,,,01/25/2023,,,0,0,0,0,0,0,,,,,
987472588912783,100064197037125,"PC Merchandise","Free deliver within Taytay! RYZEN 3 3200G packages all-in na.",,0,"01/18/2023 00:00",,https://www.facebook.com/pcmerchandise.co/posts/pfbid07TicWpwF9WIlbWH3XaRuzqFJPKUGBrV8NvJJ4v5sMlmh4aQeWK7tUaFs,0,0,Photos,,,,,01/26/2023,,,0,0,0,0,0,0,,,,,
987472588912783,100064197037125,"PC Merchandise","Free deliver within Taytay! RYZEN 3 3200G packages all-in na.",,0,"01/18/2023 00:00",,https://www.facebook.com/pcmerchandise.co/posts/pfbid07TicWpwF9WIlbWH3XaRuzqFJPKUGBrV8NvJJ4v5sMlmh4aQeWK7tUaFs,0,0,Photos,,,,,01/27/2023,,,0,0,0,0,0,0,,,,,
987472588912783,100064197037125,"PC Merchandise","Free deliver within Taytay! RYZEN 3 3200G packages all-in na.",,0,"01/18/2023 00:00",,https://www.facebook.com/pcmerchandise.co/posts/pfbid07TicWpwF9WIlbWH3XaRuzqFJPKUGBrV8NvJJ4v5sMlmh4aQeWK7tUaFs,0,0,Photos,,,,,01/28/2023,,,0,0,0,0,0,0,,,,,
987472588912783,100064197037125,"PC Merchandise","Free deliver within Taytay! RYZEN 3 3200G packages all-in na.",,0,"01/18/2023 00:00",,https://www.facebook.com/pcmerchandise.co/posts/pfbid07TicWpwF9WIlbWH3XaRuzqFJPKUGBrV8NvJJ4v5sMlmh4aQeWK7tUaFs,0,0,Photos,,,,,01/29/2023,,,0,0,0,0,0,0,,,,,
987472588912783,100064197037125,"PC Merchandise","Free deliver within Taytay! RYZEN 3 3200G packages all-in na.",,0,"01/18/2023 00:00",,https://www.facebook.com/pcmerchandise.co/posts/pfbid07TicWpwF9WIlbWH3XaRuzqFJPKUGBrV8NvJJ4v5sMlmh4aQeWK7tUaFs,0,0,Photos,,,,,01/30/2023,,,0,0,0,0,0,0,,,,,
987472588912783,100064197037125,"PC Merchandise","Free deliver within Taytay! RYZEN 3 3200G packages all-in na.",,0,"01/18/2023 00:00",,https://www.facebook.com/pcmerchandise.co/posts/pfbid07TicWpwF9WIlbWH3XaRuzqFJPKUGBrV8NvJJ4v5sMlmh4aQeWK7tUaFs,0,0,Photos,,,,,01/31/2023,,,0,0,0,0,0,0,,,,,
987536175203845,100064197037125,"PC Merchandise","𝐒𝐎𝐋𝐃 𝐑𝐘𝐙𝐄𝐍 𝟑 𝟑𝟐𝟎𝟎𝐆 (𝟒𝐏𝐂𝐒) (4PCS)
𝐂𝐎𝐌𝐒𝐇𝐎𝐏 𝐏𝐀𝐂𝐊𝐀𝐆𝐄
#PCMERCHANDISE #PCMBUILDS",,0,"01/15/2023 23:43",,https://www.facebook.com/pcmerchandise.co/posts/pfbid09urZf4xJB5dPUlTyDpUWWgg3A6nuHQwLR9Xq9qB2SxoM1PYY12DRT9Tz,0,0,Photos,,,,,01/31/2023,0,,,,,,,,,,,,
987536175203845,100064197037125,"PC Merchandise","𝐒𝐎𝐋𝐃 𝐑𝐘𝐙𝐄𝐍 𝟑 𝟑𝟐𝟎𝟎𝐆 (𝟒𝐏𝐂𝐒) (4PCS)
𝐂𝐎𝐌𝐒𝐇𝐎𝐏 𝐏𝐀𝐂𝐊𝐀𝐆𝐄
#PCMERCHANDISE #PCMBUILDS",,0,"01/15/2023 23:43",,https://www.facebook.com/pcmerchandise.co/posts/pfbid09urZf4xJB5dPUlTyDpUWWgg3A6nuHQwLR9Xq9qB2SxoM1PYY12DRT9Tz,0,0,Photos,,,,,01/01/2023,,,0,0,0,0,0,0,,,,,
987536175203845,100064197037125,"PC Merchandise","𝐒𝐎𝐋𝐃 𝐑𝐘𝐙𝐄𝐍 𝟑 𝟑𝟐𝟎𝟎𝐆 (𝟒𝐏𝐂𝐒) (4PCS)
𝐂𝐎𝐌𝐒𝐇𝐎𝐏 𝐏𝐀𝐂𝐊𝐀𝐆𝐄
#PCMERCHANDISE #PCMBUILDS",,0,"01/15/2023 23:43",,https://www.facebook.com/pcmerchandise.co/posts/pfbid09urZf4xJB5dPUlTyDpUWWgg3A6nuHQwLR9Xq9qB2SxoM1PYY12DRT9Tz,0,0,Photos,,,,,01/02/2023,,,0,0,0,0,0,0,,,,,
987536175203845,100064197037125,"PC Merchandise","𝐒𝐎𝐋𝐃 𝐑𝐘𝐙𝐄𝐍 𝟑 𝟑𝟐𝟎𝟎𝐆 (𝟒𝐏𝐂𝐒) (4PCS)
𝐂𝐎𝐌𝐒𝐇𝐎𝐏 𝐏𝐀𝐂𝐊𝐀𝐆𝐄
#PCMERCHANDISE #PCMBUILDS",,0,"01/15/2023 23:43",,https://www.facebook.com/pcmerchandise.co/posts/pfbid09urZf4xJB5dPUlTyDpUWWgg3A6nuHQwLR9Xq9qB2SxoM1PYY12DRT9Tz,0,0,Photos,,,,,01/03/2023,,,0,0,0,0,0,0,,,,,
987536175203845,100064197037125,"PC Merchandise","𝐒𝐎𝐋𝐃 𝐑𝐘𝐙𝐄𝐍 𝟑 𝟑𝟐𝟎𝟎𝐆 (𝟒𝐏𝐂𝐒) (4PCS)
𝐂𝐎𝐌𝐒𝐇𝐎𝐏 𝐏𝐀𝐂𝐊𝐀𝐆𝐄
#PCMERCHANDISE #PCMBUILDS",,0,"01/15/2023 23:43",,https://www.facebook.com/pcmerchandise.co/posts/pfbid09urZf4xJB5dPUlTyDpUWWgg3A6nuHQwLR9Xq9qB2SxoM1PYY12DRT9Tz,0,0,Photos,,,,,01/04/2023,,,0,0,0,0,0,0,,,,,
987536175203845,100064197037125,"PC Merchandise","𝐒𝐎𝐋𝐃 𝐑𝐘𝐙𝐄𝐍 𝟑 𝟑𝟐𝟎𝟎𝐆 (𝟒𝐏𝐂𝐒) (4PCS)
𝐂𝐎𝐌𝐒𝐇𝐎𝐏 𝐏𝐀𝐂𝐊𝐀𝐆𝐄
#PCMERCHANDISE #PCMBUILDS",,0,"01/15/2023 23:43",,https://www.facebook.com/pcmerchandise.co/posts/pfbid09urZf4xJB5dPUlTyDpUWWgg3A6nuHQwLR9Xq9qB2SxoM1PYY12DRT9Tz,0,0,Photos,,,,,01/05/2023,,,0,0,0,0,0,0,,,,,
987536175203845,100064197037125,"PC Merchandise","𝐒𝐎𝐋𝐃 𝐑𝐘𝐙𝐄𝐍 𝟑 𝟑𝟐𝟎𝟎𝐆 (𝟒𝐏𝐂𝐒) (4PCS)
𝐂𝐎𝐌𝐒𝐇𝐎𝐏 𝐏𝐀𝐂𝐊𝐀𝐆𝐄
#PCMERCHANDISE #PCMBUILDS",,0,"01/15/2023 23:43",,https://www.facebook.com/pcmerchandise.co/posts/pfbid09urZf4xJB5dPUlTyDpUWWgg3A6nuHQwLR9Xq9qB2SxoM1PYY12DRT9Tz,0,0,Photos,,,,,01/06/2023,,,0,0,0,0,0,0,,,,,
987536175203845,100064197037125,"PC Merchandise","𝐒𝐎𝐋𝐃 𝐑𝐘𝐙𝐄𝐍 𝟑 𝟑𝟐𝟎𝟎𝐆 (𝟒𝐏𝐂𝐒) (4PCS)
𝐂𝐎𝐌𝐒𝐇𝐎𝐏 𝐏𝐀𝐂𝐊𝐀𝐆𝐄
#PCMERCHANDISE #PCMBUILDS",,0,"01/15/2023 23:43",,https://www.facebook.com/pcmerchandise.co/posts/pfbid09urZf4xJB5dPUlTyDpUWWgg3A6nuHQwLR9Xq9qB2SxoM1PYY12DRT9Tz,0,0,Photos,,,,,01/07/2023,,,0,0,0,0,0,0,,,,,
987536175203845,100064197037125,"PC Merchandise","𝐒𝐎𝐋𝐃 𝐑𝐘𝐙𝐄𝐍 𝟑 𝟑𝟐𝟎𝟎𝐆 (𝟒𝐏𝐂𝐒) (4PCS)
𝐂𝐎𝐌𝐒𝐇𝐎𝐏 𝐏𝐀𝐂𝐊𝐀𝐆𝐄
#PCMERCHANDISE #PCMBUILDS",,0,"01/15/2023 23:43",,https://www.facebook.com/pcmerchandise.co/posts/pfbid09urZf4xJB5dPUlTyDpUWWgg3A6nuHQwLR9Xq9qB2SxoM1PYY12DRT9Tz,0,0,Photos,,,,,01/08/2023,,,0,0,0,0,0,0,,,,,
987536175203845,100064197037125,"PC Merchandise","𝐒𝐎𝐋𝐃 𝐑𝐘𝐙𝐄𝐍 𝟑 𝟑𝟐𝟎𝟎𝐆 (𝟒𝐏𝐂𝐒) (4PCS)
𝐂𝐎𝐌𝐒𝐇𝐎𝐏 𝐏𝐀𝐂𝐊𝐀𝐆𝐄
#PCMERCHANDISE #PCMBUILDS",,0,"01/15/2023 23:43",,https://www.facebook.com/pcmerchandise.co/posts/pfbid09urZf4xJB5dPUlTyDpUWWgg3A6nuHQwLR9Xq9qB2SxoM1PYY12DRT9Tz,0,0,Photos,,,,,01/09/2023,,,0,0,0,0,0,0,,,,,
987536175203845,100064197037125,"PC Merchandise","𝐒𝐎𝐋𝐃 𝐑𝐘𝐙𝐄𝐍 𝟑 𝟑𝟐𝟎𝟎𝐆 (𝟒𝐏𝐂𝐒) (4PCS)
𝐂𝐎𝐌𝐒𝐇𝐎𝐏 𝐏𝐀𝐂𝐊𝐀𝐆𝐄
#PCMERCHANDISE #PCMBUILDS",,0,"01/15/2023 23:43",,https://www.facebook.com/pcmerchandise.co/posts/pfbid09urZf4xJB5dPUlTyDpUWWgg3A6nuHQwLR9Xq9qB2SxoM1PYY12DRT9Tz,0,0,Photos,,,,,01/10/2023,,,0,0,0,0,0,0,,,,,
987536175203845,100064197037125,"PC Merchandise","𝐒𝐎𝐋𝐃 𝐑𝐘𝐙𝐄𝐍 𝟑 𝟑𝟐𝟎𝟎𝐆 (𝟒𝐏𝐂𝐒) (4PCS)
𝐂𝐎𝐌𝐒𝐇𝐎𝐏 𝐏𝐀𝐂𝐊𝐀𝐆𝐄
#PCMERCHANDISE #PCMBUILDS",,0,"01/15/2023 23:43",,https://www.facebook.com/pcmerchandise.co/posts/pfbid09urZf4xJB5dPUlTyDpUWWgg3A6nuHQwLR9Xq9qB2SxoM1PYY12DRT9Tz,0,0,Photos,,,,,01/11/2023,,,0,0,0,0,0,0,,,,,
987536175203845,100064197037125,"PC Merchandise","𝐒𝐎𝐋𝐃 𝐑𝐘𝐙𝐄𝐍 𝟑 𝟑𝟐𝟎𝟎𝐆 (𝟒𝐏𝐂𝐒) (4PCS)
𝐂𝐎𝐌𝐒𝐇𝐎𝐏 𝐏𝐀𝐂𝐊𝐀𝐆𝐄
#PCMERCHANDISE #PCMBUILDS",,0,"01/15/2023 23:43",,https://www.facebook.com/pcmerchandise.co/posts/pfbid09urZf4xJB5dPUlTyDpUWWgg3A6nuHQwLR9Xq9qB2SxoM1PYY12DRT9Tz,0,0,Photos,,,,,01/12/2023,,,0,0,0,0,0,0,,,,,
987536175203845,100064197037125,"PC Merchandise","𝐒𝐎𝐋𝐃 𝐑𝐘𝐙𝐄𝐍 𝟑 𝟑𝟐𝟎𝟎𝐆 (𝟒𝐏𝐂𝐒) (4PCS)
𝐂𝐎𝐌𝐒𝐇𝐎𝐏 𝐏𝐀𝐂𝐊𝐀𝐆𝐄
#PCMERCHANDISE #PCMBUILDS",,0,"01/15/2023 23:43",,https://www.facebook.com/pcmerchandise.co/posts/pfbid09urZf4xJB5dPUlTyDpUWWgg3A6nuHQwLR9Xq9qB2SxoM1PYY12DRT9Tz,0,0,Photos,,,,,01/13/2023,,,0,0,0,0,0,0,,,,,
987536175203845,100064197037125,"PC Merchandise","𝐒𝐎𝐋𝐃 𝐑𝐘𝐙𝐄𝐍 𝟑 𝟑𝟐𝟎𝟎𝐆 (𝟒𝐏𝐂𝐒) (4PCS)
𝐂𝐎𝐌𝐒𝐇𝐎𝐏 𝐏𝐀𝐂𝐊𝐀𝐆𝐄
#PCMERCHANDISE #PCMBUILDS",,0,"01/15/2023 23:43",,https://www.facebook.com/pcmerchandise.co/posts/pfbid09urZf4xJB5dPUlTyDpUWWgg3A6nuHQwLR9Xq9qB2SxoM1PYY12DRT9Tz,0,0,Photos,,,,,01/14/2023,,,0,0,0,0,0,0,,,,,
987536175203845,100064197037125,"PC Merchandise","𝐒𝐎𝐋𝐃 𝐑𝐘𝐙𝐄𝐍 𝟑 𝟑𝟐𝟎𝟎𝐆 (𝟒𝐏𝐂𝐒) (4PCS)
𝐂𝐎𝐌𝐒𝐇𝐎𝐏 𝐏𝐀𝐂𝐊𝐀𝐆𝐄
#PCMERCHANDISE #PCMBUILDS",,0,"01/15/2023 23:43",,https://www.facebook.com/pcmerchandise.co/posts/pfbid09urZf4xJB5dPUlTyDpUWWgg3A6nuHQwLR9Xq9qB2SxoM1PYY12DRT9Tz,0,0,Photos,,,,,01/15/2023,,,0,0,0,0,0,0,,,,,
987536175203845,100064197037125,"PC Merchandise","𝐒𝐎𝐋𝐃 𝐑𝐘𝐙𝐄𝐍 𝟑 𝟑𝟐𝟎𝟎𝐆 (𝟒𝐏𝐂𝐒) (4PCS)
𝐂𝐎𝐌𝐒𝐇𝐎𝐏 𝐏𝐀𝐂𝐊𝐀𝐆𝐄
#PCMERCHANDISE #PCMBUILDS",,0,"01/15/2023 23:43",,https://www.facebook.com/pcmerchandise.co/posts/pfbid09urZf4xJB5dPUlTyDpUWWgg3A6nuHQwLR9Xq9qB2SxoM1PYY12DRT9Tz,0,0,Photos,,,,,01/16/2023,,,0,0,0,0,0,0,,,,,
987536175203845,100064197037125,"PC Merchandise","𝐒𝐎𝐋𝐃 𝐑𝐘𝐙𝐄𝐍 𝟑 𝟑𝟐𝟎𝟎𝐆 (𝟒𝐏𝐂𝐒) (4PCS)
𝐂𝐎𝐌𝐒𝐇𝐎𝐏 𝐏𝐀𝐂𝐊𝐀𝐆𝐄
#PCMERCHANDISE #PCMBUILDS",,0,"01/15/2023 23:43",,https://www.facebook.com/pcmerchandise.co/posts/pfbid09urZf4xJB5dPUlTyDpUWWgg3A6nuHQwLR9Xq9qB2SxoM1PYY12DRT9Tz,0,0,Photos,,,,,01/17/2023,,,0,0,0,0,0,0,,,,,
987536175203845,100064197037125,"PC Merchandise","𝐒𝐎𝐋𝐃 𝐑𝐘𝐙𝐄𝐍 𝟑 𝟑𝟐𝟎𝟎𝐆 (𝟒𝐏𝐂𝐒) (4PCS)
𝐂𝐎𝐌𝐒𝐇𝐎𝐏 𝐏𝐀𝐂𝐊𝐀𝐆𝐄
#PCMERCHANDISE #PCMBUILDS",,0,"01/15/2023 23:43",,https://www.facebook.com/pcmerchandise.co/posts/pfbid09urZf4xJB5dPUlTyDpUWWgg3A6nuHQwLR9Xq9qB2SxoM1PYY12DRT9Tz,0,0,Photos,,,,,01/18/2023,,,0,0,0,0,0,0,,,,,
987536175203845,100064197037125,"PC Merchandise","𝐒𝐎𝐋𝐃 𝐑𝐘𝐙𝐄𝐍 𝟑 𝟑𝟐𝟎𝟎𝐆 (𝟒𝐏𝐂𝐒) (4PCS)
𝐂𝐎𝐌𝐒𝐇𝐎𝐏 𝐏𝐀𝐂𝐊𝐀𝐆𝐄
#PCMERCHANDISE #PCMBUILDS",,0,"01/15/2023 23:43",,https://www.facebook.com/pcmerchandise.co/posts/pfbid09urZf4xJB5dPUlTyDpUWWgg3A6nuHQwLR9Xq9qB2SxoM1PYY12DRT9Tz,0,0,Photos,,,,,01/19/2023,,,0,0,0,0,0,0,,,,,
987536175203845,100064197037125,"PC Merchandise","𝐒𝐎𝐋𝐃 𝐑𝐘𝐙𝐄𝐍 𝟑 𝟑𝟐𝟎𝟎𝐆 (𝟒𝐏𝐂𝐒) (4PCS)
𝐂𝐎𝐌𝐒𝐇𝐎𝐏 𝐏𝐀𝐂𝐊𝐀𝐆𝐄
#PCMERCHANDISE #PCMBUILDS",,0,"01/15/2023 23:43",,https://www.facebook.com/pcmerchandise.co/posts/pfbid09urZf4xJB5dPUlTyDpUWWgg3A6nuHQwLR9Xq9qB2SxoM1PYY12DRT9Tz,0,0,Photos,,,,,01/20/2023,,,0,0,0,0,0,0,,,,,
987536175203845,100064197037125,"PC Merchandise","𝐒𝐎𝐋𝐃 𝐑𝐘𝐙𝐄𝐍 𝟑 𝟑𝟐𝟎𝟎𝐆 (𝟒𝐏𝐂𝐒) (4PCS)
𝐂𝐎𝐌𝐒𝐇𝐎𝐏 𝐏𝐀𝐂𝐊𝐀𝐆𝐄
#PCMERCHANDISE #PCMBUILDS",,0,"01/15/2023 23:43",,https://www.facebook.com/pcmerchandise.co/posts/pfbid09urZf4xJB5dPUlTyDpUWWgg3A6nuHQwLR9Xq9qB2SxoM1PYY12DRT9Tz,0,0,Photos,,,,,01/21/2023,,,0,0,0,0,0,0,,,,,
987536175203845,100064197037125,"PC Merchandise","𝐒𝐎𝐋𝐃 𝐑𝐘𝐙𝐄𝐍 𝟑 𝟑𝟐𝟎𝟎𝐆 (𝟒𝐏𝐂𝐒) (4PCS)
𝐂𝐎𝐌𝐒𝐇𝐎𝐏 𝐏𝐀𝐂𝐊𝐀𝐆𝐄
#PCMERCHANDISE #PCMBUILDS",,0,"01/15/2023 23:43",,https://www.facebook.com/pcmerchandise.co/posts/pfbid09urZf4xJB5dPUlTyDpUWWgg3A6nuHQwLR9Xq9qB2SxoM1PYY12DRT9Tz,0,0,Photos,,,,,01/22/2023,,,0,0,0,0,0,0,,,,,
987536175203845,100064197037125,"PC Merchandise","𝐒𝐎𝐋𝐃 𝐑𝐘𝐙𝐄𝐍 𝟑 𝟑𝟐𝟎𝟎𝐆 (𝟒𝐏𝐂𝐒) (4PCS)
𝐂𝐎𝐌𝐒𝐇𝐎𝐏 𝐏𝐀𝐂𝐊𝐀𝐆𝐄
#PCMERCHANDISE #PCMBUILDS",,0,"01/15/2023 23:43",,https://www.facebook.com/pcmerchandise.co/posts/pfbid09urZf4xJB5dPUlTyDpUWWgg3A6nuHQwLR9Xq9qB2SxoM1PYY12DRT9Tz,0,0,Photos,,,,,01/23/2023,,,0,0,0,0,0,0,,,,,
987536175203845,100064197037125,"PC Merchandise","𝐒𝐎𝐋𝐃 𝐑𝐘𝐙𝐄𝐍 𝟑 𝟑𝟐𝟎𝟎𝐆 (𝟒𝐏𝐂𝐒) (4PCS)
𝐂𝐎𝐌𝐒𝐇𝐎𝐏 𝐏𝐀𝐂𝐊𝐀𝐆𝐄
#PCMERCHANDISE #PCMBUILDS",,0,"01/15/2023 23:43",,https://www.facebook.com/pcmerchandise.co/posts/pfbid09urZf4xJB5dPUlTyDpUWWgg3A6nuHQwLR9Xq9qB2SxoM1PYY12DRT9Tz,0,0,Photos,,,,,01/24/2023,,,0,0,0,0,0,0,,,,,
987536175203845,100064197037125,"PC Merchandise","𝐒𝐎𝐋𝐃 𝐑𝐘𝐙𝐄𝐍 𝟑 𝟑𝟐𝟎𝟎𝐆 (𝟒𝐏𝐂𝐒) (4PCS)
𝐂𝐎𝐌𝐒𝐇𝐎𝐏 𝐏𝐀𝐂𝐊𝐀𝐆𝐄
#PCMERCHANDISE #PCMBUILDS",,0,"01/15/2023 23:43",,https://www.facebook.com/pcmerchandise.co/posts/pfbid09urZf4xJB5dPUlTyDpUWWgg3A6nuHQwLR9Xq9qB2SxoM1PYY12DRT9Tz,0,0,Photos,,,,,01/25/2023,,,0,0,0,0,0,0,,,,,
987536175203845,100064197037125,"PC Merchandise","𝐒𝐎𝐋𝐃 𝐑𝐘𝐙𝐄𝐍 𝟑 𝟑𝟐𝟎𝟎𝐆 (𝟒𝐏𝐂𝐒) (4PCS)
𝐂𝐎𝐌𝐒𝐇𝐎𝐏 𝐏𝐀𝐂𝐊𝐀𝐆𝐄
#PCMERCHANDISE #PCMBUILDS",,0,"01/15/2023 23:43",,https://www.facebook.com/pcmerchandise.co/posts/pfbid09urZf4xJB5dPUlTyDpUWWgg3A6nuHQwLR9Xq9qB2SxoM1PYY12DRT9Tz,0,0,Photos,,,,,01/26/2023,,,0,0,0,0,0,0,,,,,
987536175203845,100064197037125,"PC Merchandise","𝐒𝐎𝐋𝐃 𝐑𝐘𝐙𝐄𝐍 𝟑 𝟑𝟐𝟎𝟎𝐆 (𝟒𝐏𝐂𝐒) (4PCS)
𝐂𝐎𝐌𝐒𝐇𝐎𝐏 𝐏𝐀𝐂𝐊𝐀𝐆𝐄
#PCMERCHANDISE #PCMBUILDS",,0,"01/15/2023 23:43",,https://www.facebook.com/pcmerchandise.co/posts/pfbid09urZf4xJB5dPUlTyDpUWWgg3A6nuHQwLR9Xq9qB2SxoM1PYY12DRT9Tz,0,0,Photos,,,,,01/27/2023,,,0,0,0,0,0,0,,,,,
987536175203845,100064197037125,"PC Merchandise","𝐒𝐎𝐋𝐃 𝐑𝐘𝐙𝐄𝐍 𝟑 𝟑𝟐𝟎𝟎𝐆 (𝟒𝐏𝐂𝐒) (4PCS)
𝐂𝐎𝐌𝐒𝐇𝐎𝐏 𝐏𝐀𝐂𝐊𝐀𝐆𝐄
#PCMERCHANDISE #PCMBUILDS",,0,"01/15/2023 23:43",,https://www.facebook.com/pcmerchandise.co/posts/pfbid09urZf4xJB5dPUlTyDpUWWgg3A6nuHQwLR9Xq9qB2SxoM1PYY12DRT9Tz,0,0,Photos,,,,,01/28/2023,,,0,0,0,0,0,0,,,,,
987536175203845,100064197037125,"PC Merchandise","𝐒𝐎𝐋𝐃 𝐑𝐘𝐙𝐄𝐍 𝟑 𝟑𝟐𝟎𝟎𝐆 (𝟒𝐏𝐂𝐒) (4PCS)
𝐂𝐎𝐌𝐒𝐇𝐎𝐏 𝐏𝐀𝐂𝐊𝐀𝐆𝐄
#PCMERCHANDISE #PCMBUILDS",,0,"01/15/2023 23:43",,https://www.facebook.com/pcmerchandise.co/posts/pfbid09urZf4xJB5dPUlTyDpUWWgg3A6nuHQwLR9Xq9qB2SxoM1PYY12DRT9Tz,0,0,Photos,,,,,01/29/2023,,,0,0,0,0,0,0,,,,,
987536175203845,100064197037125,"PC Merchandise","𝐒𝐎𝐋𝐃 𝐑𝐘𝐙𝐄𝐍 𝟑 𝟑𝟐𝟎𝟎𝐆 (𝟒𝐏𝐂𝐒) (4PCS)
𝐂𝐎𝐌𝐒𝐇𝐎𝐏 𝐏𝐀𝐂𝐊𝐀𝐆𝐄
#PCMERCHANDISE #PCMBUILDS",,0,"01/15/2023 23:43",,https://www.facebook.com/pcmerchandise.co/posts/pfbid09urZf4xJB5dPUlTyDpUWWgg3A6nuHQwLR9Xq9qB2SxoM1PYY12DRT9Tz,0,0,Photos,,,,,01/30/2023,,,0,0,0,0,0,0,,,,,
987536175203845,100064197037125,"PC Merchandise","𝐒𝐎𝐋𝐃 𝐑𝐘𝐙𝐄𝐍 𝟑 𝟑𝟐𝟎𝟎𝐆 (𝟒𝐏𝐂𝐒) (4PCS)
𝐂𝐎𝐌𝐒𝐇𝐎𝐏 𝐏𝐀𝐂𝐊𝐀𝐆𝐄
#PCMERCHANDISE #PCMBUILDS",,0,"01/15/2023 23:43",,https://www.facebook.com/pcmerchandise.co/posts/pfbid09urZf4xJB5dPUlTyDpUWWgg3A6nuHQwLR9Xq9qB2SxoM1PYY12DRT9Tz,0,0,Photos,,,,,01/31/2023,,,0,0,0,0,0,0,,,,,
987624300948659,100064197037125,"PC Merchandise","Paano kung sabihin ko sayo na kaya mo na mag GTX 1050TI build under budget? 👀",,0,"01/13/2023 19:00",,https://www.facebook.com/pcmerchandise.co/posts/pfbid07Qgv8aRDpd0DMciC5xgzrY2WRckirwEzvCzFZ3PsUnkZHDyq7nqvKsDy,0,0,Photos,,,,,01/31/2023,1,,,,,,,,,,,,
987624300948659,100064197037125,"PC Merchandise","Paano kung sabihin ko sayo na kaya mo na mag GTX 1050TI build under budget? 👀",,0,"01/13/2023 19:00",,https://www.facebook.com/pcmerchandise.co/posts/pfbid07Qgv8aRDpd0DMciC5xgzrY2WRckirwEzvCzFZ3PsUnkZHDyq7nqvKsDy,0,0,Photos,,,,,01/01/2023,,,0,0,0,0,0,0,,,,,
987624300948659,100064197037125,"PC Merchandise","Paano kung sabihin ko sayo na kaya mo na mag GTX 1050TI build under budget? 👀",,0,"01/13/2023 19:00",,https://www.facebook.com/pcmerchandise.co/posts/pfbid07Qgv8aRDpd0DMciC5xgzrY2WRckirwEzvCzFZ3PsUnkZHDyq7nqvKsDy,0,0,Photos,,,,,01/02/2023,,,0,0,0,0,0,0,,,,,
987624300948659,100064197037125,"PC Merchandise","Paano kung sabihin ko sayo na kaya mo na mag GTX 1050TI build under budget? 👀",,0,"01/13/2023 19:00",,https://www.facebook.com/pcmerchandise.co/posts/pfbid07Qgv8aRDpd0DMciC5xgzrY2WRckirwEzvCzFZ3PsUnkZHDyq7nqvKsDy,0,0,Photos,,,,,01/03/2023,,,0,0,0,0,0,0,,,,,
987624300948659,100064197037125,"PC Merchandise","Paano kung sabihin ko sayo na kaya mo na mag GTX 1050TI build under budget? 👀",,0,"01/13/2023 19:00",,https://www.facebook.com/pcmerchandise.co/posts/pfbid07Qgv8aRDpd0DMciC5xgzrY2WRckirwEzvCzFZ3PsUnkZHDyq7nqvKsDy,0,0,Photos,,,,,01/04/2023,,,0,0,0,0,0,0,,,,,
987624300948659,100064197037125,"PC Merchandise","Paano kung sabihin ko sayo na kaya mo na mag GTX 1050TI build under budget? 👀",,0,"01/13/2023 19:00",,https://www.facebook.com/pcmerchandise.co/posts/pfbid07Qgv8aRDpd0DMciC5xgzrY2WRckirwEzvCzFZ3PsUnkZHDyq7nqvKsDy,0,0,Photos,,,,,01/05/2023,,,0,0,0,0,0,0,,,,,
987624300948659,100064197037125,"PC Merchandise","Paano kung sabihin ko sayo na kaya mo na mag GTX 1050TI build under budget? 👀",,0,"01/13/2023 19:00",,https://www.facebook.com/pcmerchandise.co/posts/pfbid07Qgv8aRDpd0DMciC5xgzrY2WRckirwEzvCzFZ3PsUnkZHDyq7nqvKsDy,0,0,Photos,,,,,01/06/2023,,,0,0,0,0,0,0,,,,,
987624300948659,100064197037125,"PC Merchandise","Paano kung sabihin ko sayo na kaya mo na mag GTX 1050TI build under budget? 👀",,0,"01/13/2023 19:00",,https://www.facebook.com/pcmerchandise.co/posts/pfbid07Qgv8aRDpd0DMciC5xgzrY2WRckirwEzvCzFZ3PsUnkZHDyq7nqvKsDy,0,0,Photos,,,,,01/07/2023,,,0,0,0,0,0,0,,,,,
987624300948659,100064197037125,"PC Merchandise","Paano kung sabihin ko sayo na kaya mo na mag GTX 1050TI build under budget? 👀",,0,"01/13/2023 19:00",,https://www.facebook.com/pcmerchandise.co/posts/pfbid07Qgv8aRDpd0DMciC5xgzrY2WRckirwEzvCzFZ3PsUnkZHDyq7nqvKsDy,0,0,Photos,,,,,01/08/2023,,,0,0,0,0,0,0,,,,,
987624300948659,100064197037125,"PC Merchandise","Paano kung sabihin ko sayo na kaya mo na mag GTX 1050TI build under budget? 👀",,0,"01/13/2023 19:00",,https://www.facebook.com/pcmerchandise.co/posts/pfbid07Qgv8aRDpd0DMciC5xgzrY2WRckirwEzvCzFZ3PsUnkZHDyq7nqvKsDy,0,0,Photos,,,,,01/09/2023,,,0,0,0,0,0,0,,,,,
987624300948659,100064197037125,"PC Merchandise","Paano kung sabihin ko sayo na kaya mo na mag GTX 1050TI build under budget? 👀",,0,"01/13/2023 19:00",,https://www.facebook.com/pcmerchandise.co/posts/pfbid07Qgv8aRDpd0DMciC5xgzrY2WRckirwEzvCzFZ3PsUnkZHDyq7nqvKsDy,0,0,Photos,,,,,01/10/2023,,,0,0,0,0,0,0,,,,,
987624300948659,100064197037125,"PC Merchandise","Paano kung sabihin ko sayo na kaya mo na mag GTX 1050TI build under budget? 👀",,0,"01/13/2023 19:00",,https://www.facebook.com/pcmerchandise.co/posts/pfbid07Qgv8aRDpd0DMciC5xgzrY2WRckirwEzvCzFZ3PsUnkZHDyq7nqvKsDy,0,0,Photos,,,,,01/11/2023,,,0,0,0,0,0,0,,,,,
987624300948659,100064197037125,"PC Merchandise","Paano kung sabihin ko sayo na kaya mo na mag GTX 1050TI build under budget? 👀",,0,"01/13/2023 19:00",,https://www.facebook.com/pcmerchandise.co/posts/pfbid07Qgv8aRDpd0DMciC5xgzrY2WRckirwEzvCzFZ3PsUnkZHDyq7nqvKsDy,0,0,Photos,,,,,01/12/2023,,,0,0,0,0,0,0,,,,,
987624300948659,100064197037125,"PC Merchandise","Paano kung sabihin ko sayo na kaya mo na mag GTX 1050TI build under budget? 👀",,0,"01/13/2023 19:00",,https://www.facebook.com/pcmerchandise.co/posts/pfbid07Qgv8aRDpd0DMciC5xgzrY2WRckirwEzvCzFZ3PsUnkZHDyq7nqvKsDy,0,0,Photos,,,,,01/13/2023,,,0,0,0,0,0,0,,,,,
987624300948659,100064197037125,"PC Merchandise","Paano kung sabihin ko sayo na kaya mo na mag GTX 1050TI build under budget? 👀",,0,"01/13/2023 19:00",,https://www.facebook.com/pcmerchandise.co/posts/pfbid07Qgv8aRDpd0DMciC5xgzrY2WRckirwEzvCzFZ3PsUnkZHDyq7nqvKsDy,0,0,Photos,,,,,01/14/2023,,,0,0,0,0,0,0,,,,,
987624300948659,100064197037125,"PC Merchandise","Paano kung sabihin ko sayo na kaya mo na mag GTX 1050TI build under budget? 👀",,0,"01/13/2023 19:00",,https://www.facebook.com/pcmerchandise.co/posts/pfbid07Qgv8aRDpd0DMciC5xgzrY2WRckirwEzvCzFZ3PsUnkZHDyq7nqvKsDy,0,0,Photos,,,,,01/15/2023,,,0,0,0,0,0,0,,,,,
987624300948659,100064197037125,"PC Merchandise","Paano kung sabihin ko sayo na kaya mo na mag GTX 1050TI build under budget? 👀",,0,"01/13/2023 19:00",,https://www.facebook.com/pcmerchandise.co/posts/pfbid07Qgv8aRDpd0DMciC5xgzrY2WRckirwEzvCzFZ3PsUnkZHDyq7nqvKsDy,0,0,Photos,,,,,01/16/2023,,,0,0,0,0,0,0,,,,,
987624300948659,100064197037125,"PC Merchandise","Paano kung sabihin ko sayo na kaya mo na mag GTX 1050TI build under budget? 👀",,0,"01/13/2023 19:00",,https://www.facebook.com/pcmerchandise.co/posts/pfbid07Qgv8aRDpd0DMciC5xgzrY2WRckirwEzvCzFZ3PsUnkZHDyq7nqvKsDy,0,0,Photos,,,,,01/17/2023,,,0,0,0,0,0,0,,,,,
987624300948659,100064197037125,"PC Merchandise","Paano kung sabihin ko sayo na kaya mo na mag GTX 1050TI build under budget? 👀",,0,"01/13/2023 19:00",,https://www.facebook.com/pcmerchandise.co/posts/pfbid07Qgv8aRDpd0DMciC5xgzrY2WRckirwEzvCzFZ3PsUnkZHDyq7nqvKsDy,0,0,Photos,,,,,01/18/2023,,,0,0,0,0,0,0,,,,,
987624300948659,100064197037125,"PC Merchandise","Paano kung sabihin ko sayo na kaya mo na mag GTX 1050TI build under budget? 👀",,0,"01/13/2023 19:00",,https://www.facebook.com/pcmerchandise.co/posts/pfbid07Qgv8aRDpd0DMciC5xgzrY2WRckirwEzvCzFZ3PsUnkZHDyq7nqvKsDy,0,0,Photos,,,,,01/19/2023,,,0,0,0,0,0,0,,,,,
987624300948659,100064197037125,"PC Merchandise","Paano kung sabihin ko sayo na kaya mo na mag GTX 1050TI build under budget? 👀",,0,"01/13/2023 19:00",,https://www.facebook.com/pcmerchandise.co/posts/pfbid07Qgv8aRDpd0DMciC5xgzrY2WRckirwEzvCzFZ3PsUnkZHDyq7nqvKsDy,0,0,Photos,,,,,01/20/2023,,,0,0,0,0,0,0,,,,,
987624300948659,100064197037125,"PC Merchandise","Paano kung sabihin ko sayo na kaya mo na mag GTX 1050TI build under budget? 👀",,0,"01/13/2023 19:00",,https://www.facebook.com/pcmerchandise.co/posts/pfbid07Qgv8aRDpd0DMciC5xgzrY2WRckirwEzvCzFZ3PsUnkZHDyq7nqvKsDy,0,0,Photos,,,,,01/21/2023,,,0,0,0,0,0,0,,,,,
987624300948659,100064197037125,"PC Merchandise","Paano kung sabihin ko sayo na kaya mo na mag GTX 1050TI build under budget? 👀",,0,"01/13/2023 19:00",,https://www.facebook.com/pcmerchandise.co/posts/pfbid07Qgv8aRDpd0DMciC5xgzrY2WRckirwEzvCzFZ3PsUnkZHDyq7nqvKsDy,0,0,Photos,,,,,01/22/2023,,,0,0,0,0,0,0,,,,,
987624300948659,100064197037125,"PC Merchandise","Paano kung sabihin ko sayo na kaya mo na mag GTX 1050TI build under budget? 👀",,0,"01/13/2023 19:00",,https://www.facebook.com/pcmerchandise.co/posts/pfbid07Qgv8aRDpd0DMciC5xgzrY2WRckirwEzvCzFZ3PsUnkZHDyq7nqvKsDy,0,0,Photos,,,,,01/23/2023,,,0,0,0,0,0,0,,,,,
987624300948659,100064197037125,"PC Merchandise","Paano kung sabihin ko sayo na kaya mo na mag GTX 1050TI build under budget? 👀",,0,"01/13/2023 19:00",,https://www.facebook.com/pcmerchandise.co/posts/pfbid07Qgv8aRDpd0DMciC5xgzrY2WRckirwEzvCzFZ3PsUnkZHDyq7nqvKsDy,0,0,Photos,,,,,01/24/2023,,,0,0,0,0,0,0,,,,,
987624300948659,100064197037125,"PC Merchandise","Paano kung sabihin ko sayo na kaya mo na mag GTX 1050TI build under budget? 👀",,0,"01/13/2023 19:00",,https://www.facebook.com/pcmerchandise.co/posts/pfbid07Qgv8aRDpd0DMciC5xgzrY2WRckirwEzvCzFZ3PsUnkZHDyq7nqvKsDy,0,0,Photos,,,,,01/25/2023,,,0,0,0,0,0,0,,,,,
987624300948659,100064197037125,"PC Merchandise","Paano kung sabihin ko sayo na kaya mo na mag GTX 1050TI build under budget? 👀",,0,"01/13/2023 19:00",,https://www.facebook.com/pcmerchandise.co/posts/pfbid07Qgv8aRDpd0DMciC5xgzrY2WRckirwEzvCzFZ3PsUnkZHDyq7nqvKsDy,0,0,Photos,,,,,01/26/2023,,,0,0,0,0,0,0,,,,,
987624300948659,100064197037125,"PC Merchandise","Paano kung sabihin ko sayo na kaya mo na mag GTX 1050TI build under budget? 👀",,0,"01/13/2023 19:00",,https://www.facebook.com/pcmerchandise.co/posts/pfbid07Qgv8aRDpd0DMciC5xgzrY2WRckirwEzvCzFZ3PsUnkZHDyq7nqvKsDy,0,0,Photos,,,,,01/27/2023,,,0,0,0,0,0,0,,,,,
987624300948659,100064197037125,"PC Merchandise","Paano kung sabihin ko sayo na kaya mo na mag GTX 1050TI build under budget? 👀",,0,"01/13/2023 19:00",,https://www.facebook.com/pcmerchandise.co/posts/pfbid07Qgv8aRDpd0DMciC5xgzrY2WRckirwEzvCzFZ3PsUnkZHDyq7nqvKsDy,0,0,Photos,,,,,01/28/2023,,,0,0,0,0,0,0,,,,,
987624300948659,100064197037125,"PC Merchandise","Paano kung sabihin ko sayo na kaya mo na mag GTX 1050TI build under budget? 👀",,0,"01/13/2023 19:00",,https://www.facebook.com/pcmerchandise.co/posts/pfbid07Qgv8aRDpd0DMciC5xgzrY2WRckirwEzvCzFZ3PsUnkZHDyq7nqvKsDy,0,0,Photos,,,,,01/29/2023,,,0,0,0,0,0,0,,,,,
987624300948659,100064197037125,"PC Merchandise","Paano kung sabihin ko sayo na kaya mo na mag GTX 1050TI build under budget? 👀",,0,"01/13/2023 19:00",,https://www.facebook.com/pcmerchandise.co/posts/pfbid07Qgv8aRDpd0DMciC5xgzrY2WRckirwEzvCzFZ3PsUnkZHDyq7nqvKsDy,0,0,Photos,,,,,01/30/2023,,,0,0,0,0,0,0,,,,,
987624300948659,100064197037125,"PC Merchandise","Paano kung sabihin ko sayo na kaya mo na mag GTX 1050TI build under budget? 👀",,0,"01/13/2023 19:00",,https://www.facebook.com/pcmerchandise.co/posts/pfbid07Qgv8aRDpd0DMciC5xgzrY2WRckirwEzvCzFZ3PsUnkZHDyq7nqvKsDy,0,0,Photos,,,,,01/31/2023,,,0,0,0,0,0,0,,,,,
987302252163298,100064197037125,"PC Merchandise","𝐀𝐌𝟓 𝐁𝐮𝐢𝐥𝐝 𝐋𝐢𝐦𝐢𝐭𝐞𝐝 𝐒𝐚𝐥𝐞! 🚨
Experience next-gen performance with our latest builds. PM for pricelist!",,37,"01/12/2023 16:01",auto,https://www.facebook.com/reel/1851268440703761/,0,0,Reels,,,,,01/01/2023,0,,,,,,0,0,0,0,0,0.000,5.441
987302252163298,100064197037125,"PC Merchandise","𝐀𝐌𝟓 𝐁𝐮𝐢𝐥𝐝 𝐋𝐢𝐦𝐢𝐭𝐞𝐝 𝐒𝐚𝐥𝐞! 🚨
Experience next-gen performance with our latest builds. PM for pricelist!",,37,"01/12/2023 16:01",auto,https://www.facebook.com/reel/1851268440703761/,0,0,Reels,,,,,01/02/2023,0,,,,,,0,0,0,0,0,0.000,6.065
987302252163298,100064197037125,"PC Merchandise","𝐀𝐌𝟓 𝐁𝐮𝐢𝐥𝐝 𝐋𝐢𝐦𝐢𝐭𝐞𝐝 𝐒𝐚𝐥𝐞! 🚨
Experience next-gen performance with our latest builds. PM for pricelist!",,37,"01/12/2023 16:01",auto,https://www.facebook.com/reel/1851268440703761/,0,0,Reels,,,,,01/03/2023,0,,,,,,0,0,0,0,0,0.000,3.139
987302252163298,100064197037125,"PC Merchandise","𝐀𝐌𝟓 𝐁𝐮𝐢𝐥𝐝 𝐋𝐢𝐦𝐢𝐭𝐞𝐝 𝐒𝐚𝐥𝐞! 🚨
Experience next-gen performance with our latest builds. PM for pricelist!",,37,"01/12/2023 16:01",auto,https://www.facebook.com/reel/1851268440703761/,0,0,Reels,,,,,01/04/2023,0,,,,,,0,0,0,0,0,0.000,4.017
987302252163298,100064197037125,"PC Merchandise","𝐀𝐌𝟓 𝐁𝐮𝐢𝐥𝐝 𝐋𝐢𝐦𝐢𝐭𝐞𝐝 𝐒𝐚𝐥𝐞! 🚨
Experience next-gen performance with our latest builds. PM for pricelist!",,37,"01/12/2023 16:01",auto,https://www.facebook.com/reel/1851268440703761/,0,0,Reels,,,,,01/05/2023,0,,,,,,0,0,0,0,0,0.000,4.988
987302252163298,100064197037125,"PC Merchandise","𝐀𝐌𝟓 𝐁𝐮𝐢𝐥𝐝 𝐋𝐢𝐦𝐢𝐭𝐞𝐝 𝐒𝐚𝐥𝐞! 🚨
Experience next-gen performance with our latest builds. PM for pricelist!",,37,"01/12/2023 16:01",auto,https://www.facebook.com/reel/1851268440703761/,0,0,Reels,,,,,01/06/2023,0,,,,,,0,0,0,0,0,0.000,3.924
987302252163298,100064197037125,"PC Merchandise","𝐀𝐌𝟓 𝐁𝐮𝐢𝐥𝐝 𝐋𝐢𝐦𝐢𝐭𝐞𝐝 𝐒𝐚𝐥𝐞! 🚨
Experience next-gen performance with our latest builds. PM for pricelist!",,37,"01/12/2023 16:01",auto,https://www.facebook.com/reel/1851268440703761/,0,0,Reels,,,,,01/07/2023,0,,,,,,0,0,0,0,0,0.000,4.514
987302252163298,100064197037125,"PC Merchandise","𝐀𝐌𝟓 𝐁𝐮𝐢𝐥𝐝 𝐋𝐢𝐦𝐢𝐭𝐞𝐝 𝐒𝐚𝐥𝐞! 🚨
Experience next-gen performance with our latest builds. PM for pricelist!",,37,"01/12/2023 16:01",auto,https://www.facebook.com/reel/1851268440703761/,0,0,Reels,,,,,01/08/2023,0,,,,,,0,0,0,0,0,0.000,4.022
987302252163298,100064197037125,"PC Merchandise","𝐀𝐌𝟓 𝐁𝐮𝐢𝐥𝐝 𝐋𝐢𝐦𝐢𝐭𝐞𝐝 𝐒𝐚𝐥𝐞! 🚨
Experience next-gen performance with our latest builds. PM for pricelist!",,37,"01/12/2023 16:01",auto,https://www.facebook.com/reel/1851268440703761/,0,0,Reels,,,,,01/09/2023,0,,,,,,0,0,0,0,0,0.000,5.127
987302252163298,100064197037125,"PC Merchandise","𝐀𝐌𝟓 𝐁𝐮𝐢𝐥𝐝 𝐋𝐢𝐦𝐢𝐭𝐞𝐝 𝐒𝐚𝐥𝐞! 🚨
Experience next-gen performance with our latest builds. PM for pricelist!",,37,"01/12/2023 16:01",auto,https://www.facebook.com/reel/1851268440703761/,0,0,Reels,,,,,01/10/2023,0,,,,,,0,0,0,0,0,0.000,4.788
987302252163298,100064197037125,"PC Merchandise","𝐀𝐌𝟓 𝐁𝐮𝐢𝐥𝐝 𝐋𝐢𝐦𝐢𝐭𝐞𝐝 𝐒𝐚𝐥𝐞! 🚨
Experience next-gen performance with our latest builds. PM for pricelist!",,37,"01/12/2023 16:01",auto,https://www.facebook.com/reel/1851268440703761/,0,0,Reels,,,,,01/11/2023,0,,,,,,0,0,0,0,0,0.000,5.030
987302252163298,100064197037125,"PC Merchandise","𝐀𝐌𝟓 𝐁𝐮𝐢𝐥𝐝 𝐋𝐢𝐦𝐢𝐭𝐞𝐝 𝐒𝐚𝐥𝐞! 🚨
Experience next-gen performance with our latest builds. PM for pricelist!",,37,"01/12/2023 16:01",auto,https://www.facebook.com/reel/1851268440703761/,0,0,Reels,,,,,01/12/2023,0,,,,,,118,0,0,0,0,50.366,3.768
987302252163298,100064197037125,"PC Merchandise","𝐀𝐌𝟓 𝐁𝐮𝐢𝐥𝐝 𝐋𝐢𝐦𝐢𝐭𝐞𝐝 𝐒𝐚𝐥𝐞! 🚨
Experience next-gen performance with our latest builds. PM for pricelist!",,37,"01/12/2023 16:01",auto,https://www.facebook.com/reel/1851268440703761/,0,0,Reels,,,,,01/13/2023,0,,,,,,102,0,0,0,0,24.964,4.541
987302252163298,100064197037125,"PC Merchandise","𝐀𝐌𝟓 𝐁𝐮𝐢𝐥𝐝 𝐋𝐢𝐦𝐢𝐭𝐞𝐝 𝐒𝐚𝐥𝐞! 🚨
Experience next-gen performance with our latest builds. PM for pricelist!",,37,"01/12/2023 16:01",auto,https://www.facebook.com/reel/1851268440703761/,0,0,Reels,,,,,01/14/2023,0,,,,,,90,0,0,0,0,20.898,3.563
987302252163298,100064197037125,"PC Merchandise","𝐀𝐌𝟓 𝐁𝐮𝐢𝐥𝐝 𝐋𝐢𝐦𝐢𝐭𝐞𝐝 𝐒𝐚𝐥𝐞! 🚨
Experience next-gen performance with our latest builds. PM for pricelist!",,37,"01/12/2023 16:01",auto,https://www.facebook.com/reel/1851268440703761/,0,0,Reels,,,,,01/15/2023,0,,,,,,92,0,0,0,0,28.525,5.661
987302252163298,100064197037125,"PC Merchandise","𝐀𝐌𝟓 𝐁𝐮𝐢𝐥𝐝 𝐋𝐢𝐦𝐢𝐭𝐞𝐝 𝐒𝐚𝐥𝐞! 🚨
Experience next-gen performance with our latest builds. PM for pricelist!",,37,"01/12/2023 16:01",auto,https://www.facebook.com/reel/1851268440703761/,0,0,Reels,,,,,01/16/2023,0,,,,,,101,0,0,0,0,12.663,3.305
987302252163298,100064197037125,"PC Merchandise","𝐀𝐌𝟓 𝐁𝐮𝐢𝐥𝐝 𝐋𝐢𝐦𝐢𝐭𝐞𝐝 𝐒𝐚𝐥𝐞! 🚨
Experience next-gen performance with our latest builds. PM for pricelist!",,37,"01/12/2023 16:01",auto,https://www.facebook.com/reel/1851268440703761/,0,0,Reels,,,,,01/17/2023,0,,,,,,111,0,0,0,0,12.155,5.530
987302252163298,100064197037125,"PC Merchandise","𝐀𝐌𝟓 𝐁𝐮𝐢𝐥𝐝 𝐋𝐢𝐦𝐢𝐭𝐞𝐝 𝐒𝐚𝐥𝐞! 🚨
Experience next-gen performance with our latest builds. PM for pricelist!",,37,"01/12/2023 16:01",auto,https://www.facebook.com/reel/1851268440703761/,0,0,Reels,,,,,01/18/2023,0,,,,,,101,0,0,0,0,13.933,4.584
987302252163298,100064197037125,"PC Merchandise","𝐀𝐌𝟓 𝐁𝐮𝐢𝐥𝐝 𝐋𝐢𝐦𝐢𝐭𝐞𝐝 𝐒𝐚𝐥𝐞! 🚨
Experience next-gen performance with our latest builds. PM for pricelist!",,37,"01/12/2023 16:01",auto,https://www.facebook.com/reel/1851268440703761/,0,0,Reels,,,,,01/19/2023,0,,,,,,111,0,0,0,0,12.202,4.445
987302252163298,100064197037125,"PC Merchandise","𝐀𝐌𝟓 𝐁𝐮𝐢𝐥𝐝 𝐋𝐢𝐦𝐢𝐭𝐞𝐝 𝐒𝐚𝐥𝐞! 🚨
Experience next-gen performance with our latest builds. PM for pricelist!",,37,"01/12/2023 16:01",auto,https://www.facebook.com/reel/1851268440703761/,0,0,Reels,,,,,01/20/2023,0,,,,,,101,0,0,0,0,10.456,4.233
987302252163298,100064197037125,"PC Merchandise","𝐀𝐌𝟓 𝐁𝐮𝐢𝐥𝐝 𝐋𝐢𝐦𝐢𝐭𝐞𝐝 𝐒𝐚𝐥𝐞! 🚨
Experience next-gen performance with our latest builds. PM for pricelist!",,37,"01/12/2023 16:01",auto,https://www.facebook.com/reel/1851268440703761/,0,0,Reels,,,,,01/21/2023,0,,,,,,120,0,0,0,0,12.437,5.327
987302252163298,100064197037125,"PC Merchandise","𝐀𝐌𝟓 𝐁𝐮𝐢𝐥𝐝 𝐋𝐢𝐦𝐢𝐭𝐞𝐝 𝐒𝐚𝐥𝐞! 🚨
Experience next-gen performance with our latest builds. PM for pricelist!",,37,"01/12/2023 16:01",auto,https://www.facebook.com/reel/1851268440703761/,0,0,Reels,,,,,01/22/2023,0,,,,,,0,0,0,0,0,15.460,4.051
987302252163298,100064197037125,"PC Merchandise","𝐀𝐌𝟓 𝐁𝐮𝐢𝐥𝐝 𝐋𝐢𝐦𝐢𝐭𝐞𝐝 𝐒𝐚𝐥𝐞! 🚨
Experience next-gen performance with our latest builds. PM for pricelist!",,37,"01/12/2023 16:01",auto,https://www.facebook.com/reel/1851268440703761/,0,0,Reels,,,,,01/23/2023,0,,,,,,0,0,0,0,0,9.743,5.114
987302252163298,100064197037125,"PC Merchandise","𝐀𝐌𝟓 𝐁𝐮𝐢𝐥𝐝 𝐋𝐢𝐦𝐢𝐭𝐞𝐝 𝐒𝐚𝐥𝐞! 🚨
Experience next-gen performance with our latest builds. PM for pricelist!",,37,"01/12/2023 16:01",auto,https://www.facebook.com/reel/1851268440703761/,0,0,Reels,,,,,01/24/2023,0,,,,,,0,0,0,0,0,13.759,3.777
987302252163298,100064197037125,"PC Merchandise","𝐀𝐌𝟓 𝐁𝐮𝐢𝐥𝐝 𝐋𝐢𝐦𝐢𝐭𝐞𝐝 𝐒𝐚𝐥𝐞! 🚨
Experience next-gen performance with our latest builds. PM for pricelist!",,37,"01/12/2023 16:01",auto,https://www.facebook.com/reel/1851268440703761/,0,0,Reels,,,,,01/25/2023,0,,,,,,0,0,0,0,0,6.199,5.090
987302252163298,100064197037125,"PC Merchandise","𝐀𝐌𝟓 𝐁𝐮𝐢𝐥𝐝 𝐋𝐢𝐦𝐢𝐭𝐞𝐝 𝐒𝐚𝐥𝐞! 🚨
Experience next-gen performance with our latest builds. PM for pricelist!",,37,"01/12/2023 16:01",auto,https://www.facebook.com/reel/1851268440703761/,0,0,Reels,,,,,01/26/2023,0,,,,,,0,0,0,0,0,10.601,5.526
987302252163298,100064197037125,"PC Merchandise","𝐀𝐌𝟓 𝐁𝐮𝐢𝐥𝐝 𝐋𝐢𝐦𝐢𝐭𝐞𝐝 𝐒𝐚𝐥𝐞! 🚨
Experience next-gen performance with our latest builds. PM for pricelist!",,37,"01/12/2023 16:01",auto,https://www.facebook.com/reel/1851268440703761/,0,0,Reels,,,,,01/27/2023,0,,,,,,0,0,0,0,0,8.914,3.438
987302252163298,100064197037125,"PC Merchandise","𝐀𝐌𝟓 𝐁𝐮𝐢𝐥𝐝 𝐋𝐢𝐦𝐢𝐭𝐞𝐝 𝐒𝐚𝐥𝐞! 🚨
Experience next-gen performance with our latest builds. PM for pricelist!",,37,"01/12/2023 16:01",auto,https://www.facebook.com/reel/1851268440703761/,0,0,Reels,,,,,01/28/2023,0,,,,,,0,0,0,0,0,7.253,4.003
987302252163298,100064197037125,"PC Merchandise","𝐀𝐌𝟓 𝐁𝐮𝐢𝐥𝐝 𝐋𝐢𝐦𝐢𝐭𝐞𝐝 𝐒𝐚𝐥𝐞! 🚨
Experience next-gen performance with our latest builds. PM for pricelist!",,37,"01/12/2023 16:01",auto,https://www.facebook.com/reel/1851268440703761/,0,0,Reels,,,,,01/29/2023,0,,,,,,0,0,0,0,0,4.290,4.921
987302252163298,100064197037125,"PC Merchandise","𝐀𝐌𝟓 𝐁𝐮𝐢𝐥𝐝 𝐋𝐢𝐦𝐢𝐭𝐞𝐝 𝐒𝐚𝐥𝐞! 🚨
Experience next-gen performance with our latest builds. PM for pricelist!",,37,"01/12/2023 16:01",auto,https://www.facebook.com/reel/1851268440703761/,0,0,Reels,,,,,01/30/2023,0,,,,,,0,0,0,0,0,7.527,4.625
987302252163298,100064197037125,"PC Merchandise","𝐀𝐌𝟓 𝐁𝐮𝐢𝐥𝐝 𝐋𝐢𝐦𝐢𝐭𝐞𝐝 𝐒𝐚𝐥𝐞! 🚨
Experience next-gen performance with our latest builds. PM for pricelist!",,37,"01/12/2023 16:01",auto,https://www.facebook.com/reel/1851268440703761/,0,0,Reels,,,,,01/31/2023,0,,,,,,0,0,0,0,0,5.449,5.012
987782956956574,100064197037125,"PC Merchandise","𝐒𝐎𝐋𝐃 𝐑𝐘𝐙𝐄𝐍 𝟓 𝟐𝟔𝟎𝟎 (6PCS)
𝐏𝐄𝐑𝐒𝐎𝐍𝐀𝐋 𝐁𝐔𝐈𝐋𝐃
#PCMERCHANDISE #PCMBUILDS",,43,"01/11/2023 20:00",uploaded,https://www.facebook.com/reel/1412128106639598/,0,0,Reels,,,,,01/01/2023,0,,,,,,0,0,0,0,0,0.000,4.999
987782956956574,100064197037125,"PC Merchandise","𝐒𝐎𝐋𝐃 𝐑𝐘𝐙𝐄𝐍 𝟓 𝟐𝟔𝟎𝟎 (6PCS)
𝐏𝐄𝐑𝐒𝐎𝐍𝐀𝐋 𝐁𝐔𝐈𝐋𝐃
#PCMERCHANDISE #PCMBUILDS",,43,"01/11/2023 20:00",uploaded,https://www.facebook.com/reel/1412128106639598/,0,0,Reels,,,,,01/02/2023,0,,,,,,0,0,0,0,0,0.000,2.402
987782956956574,100064197037125,"PC Merchandise","𝐒𝐎𝐋𝐃 𝐑𝐘𝐙𝐄𝐍 𝟓 𝟐𝟔𝟎𝟎 (6PCS)
𝐏𝐄𝐑𝐒𝐎𝐍𝐀𝐋 𝐁𝐔𝐈𝐋𝐃
#PCMERCHANDISE #PCMBUILDS",,43,"01/11/2023 20:00",uploaded,https://www.facebook.com/reel/1412128106639598/,0,0,Reels,,,,,01/03/2023,0,,,,,,0,0,0,0,0,0.000,3.672
987782956956574,100064197037125,"PC Merchandise","𝐒𝐎𝐋𝐃 𝐑𝐘𝐙𝐄𝐍 𝟓 𝟐𝟔𝟎𝟎 (6PCS)
𝐏𝐄𝐑𝐒𝐎𝐍𝐀𝐋 𝐁𝐔𝐈𝐋𝐃
#PCMERCHANDISE #PCMBUILDS",,43,"01/11/2023 20:00",uploaded,https://www.facebook.com/reel/1412128106639598/,0,0,Reels,,,,,01/04/2023,0,,,,,,0,0,0,0,0,0.000,4.524
987782956956574,100064197037125,"PC Merchandise","𝐒𝐎𝐋𝐃 𝐑𝐘𝐙𝐄𝐍 𝟓 𝟐𝟔𝟎𝟎 (6PCS)
𝐏𝐄𝐑𝐒𝐎𝐍𝐀𝐋 𝐁𝐔𝐈𝐋𝐃
#PCMERCHANDISE #PCMBUILDS",,43,"01/11/2023 20:00",uploaded,https://www.facebook.com/reel/1412128106639598/,0,0,Reels,,,,,01/05/2023,0,,,,,,0,0,0,0,0,0.000,4.856
987782956956574,100064197037125,"PC Merchandise","𝐒𝐎𝐋𝐃 𝐑𝐘𝐙𝐄𝐍 𝟓 𝟐𝟔𝟎𝟎 (6PCS)
𝐏𝐄𝐑𝐒𝐎𝐍𝐀𝐋 𝐁𝐔𝐈𝐋𝐃
#PCMERCHANDISE #PCMBUILDS",,43,"01/11/2023 20:00",uploaded,https://www.facebook.com/reel/1412128106639598/,0,0,Reels,,,,,01/06/2023,0,,,,,,0,0,0,0,0,0.000,4.245
987782956956574,100064197037125,"PC Merchandise","𝐒𝐎𝐋𝐃 𝐑𝐘𝐙𝐄𝐍 𝟓 𝟐𝟔𝟎𝟎 (6PCS)
𝐏𝐄𝐑𝐒𝐎𝐍𝐀𝐋 𝐁𝐔𝐈𝐋𝐃
#PCMERCHANDISE #PCMBUILDS",,43,"01/11/2023 20:00",uploaded,https://www.facebook.com/reel/1412128106639598/,0,0,Reels,,,,,01/07/2023,0,,,,,,0,0,0,0,0,0.000,4.662
987782956956574,100064197037125,"PC Merchandise","𝐒𝐎𝐋𝐃 𝐑𝐘𝐙𝐄𝐍 𝟓 𝟐𝟔𝟎𝟎 (6PCS)
𝐏𝐄𝐑𝐒𝐎𝐍𝐀𝐋 𝐁𝐔𝐈𝐋𝐃
#PCMERCHANDISE #PCMBUILDS",,43,"01/11/2023 20:00",uploaded,https://www.facebook.com/reel/1412128106639598/,0,0,Reels,,,,,01/08/2023,0,,,,,,0,0,0,0,0,0.000,4.708
987782956956574,100064197037125,"PC Merchandise","𝐒𝐎𝐋𝐃 𝐑𝐘𝐙𝐄𝐍 𝟓 𝟐𝟔𝟎𝟎 (6PCS)
𝐏𝐄𝐑𝐒𝐎𝐍𝐀𝐋 𝐁𝐔𝐈𝐋𝐃
#PCMERCHANDISE #PCMBUILDS",,43,"01/11/2023 20:00",uploaded,https://www.facebook.com/reel/1412128106639598/,0,0,Reels,,,,,01/09/2023,0,,,,,,0,0,0,0,0,0.000,5.266
987782956956574,100064197037125,"PC Merchandise","𝐒𝐎𝐋𝐃 𝐑𝐘𝐙𝐄𝐍 𝟓 𝟐𝟔𝟎𝟎 (6PCS)
𝐏𝐄𝐑𝐒𝐎𝐍𝐀𝐋 𝐁𝐔𝐈𝐋𝐃
#PCMERCHANDISE #PCMBUILDS",,43,"01/11/2023 20:00",uploaded,https://www.facebook.com/reel/1412128106639598/,0,0,Reels,,,,,01/10/2023,0,,,,,,0,0,0,0,0,0.000,5.227
987782956956574,100064197037125,"PC Merchandise","𝐒𝐎𝐋𝐃 𝐑𝐘𝐙𝐄𝐍 𝟓 𝟐𝟔𝟎𝟎 (6PCS)
𝐏𝐄𝐑𝐒𝐎𝐍𝐀𝐋 𝐁𝐔𝐈𝐋𝐃
#PCMERCHANDISE #PCMBUILDS",,43,"01/11/2023 20:00",uploaded,https://www.facebook.com/reel/1412128106639598/,0,0,Reels,,,,,01/11/2023,0,,,,,,0,0,0,0,0,70.269,4.854
987782956956574,100064197037125,"PC Merchandise","𝐒𝐎𝐋𝐃 𝐑𝐘𝐙𝐄𝐍 𝟓 𝟐𝟔𝟎𝟎 (6PCS)
𝐏𝐄𝐑𝐒𝐎𝐍𝐀𝐋 𝐁𝐔𝐈𝐋𝐃
#PCMERCHANDISE #PCMBUILDS",,43,"01/11/2023 20:00",uploaded,https://www.facebook.com/reel/1412128106639598/,0,0,Reels,,,,,01/12/2023,0,,,,,,0,0,0,0,0,58.293,3.806
987782956956574,100064197037125,"PC Merchandise","𝐒𝐎𝐋𝐃 𝐑𝐘𝐙𝐄𝐍 𝟓 𝟐𝟔𝟎𝟎 (6PCS)
𝐏𝐄𝐑𝐒𝐎𝐍𝐀𝐋 𝐁𝐔𝐈𝐋𝐃
#PCMERCHANDISE #PCMBUILDS",,43,"01/11/2023 20:00",uploaded,https://www.facebook.com/reel/1412128106639598/,0,0,Reels,,,,,01/13/2023,0,,,,,,0,0,1,1,0,62.526,5.385
987782956956574,100064197037125,"PC Merchandise","𝐒𝐎𝐋𝐃 𝐑𝐘𝐙𝐄𝐍 𝟓 𝟐𝟔𝟎𝟎 (6PCS)
𝐏𝐄𝐑𝐒𝐎𝐍𝐀𝐋 𝐁𝐔𝐈𝐋𝐃
#PCMERCHANDISE #PCMBUILDS",,43,"01/11/2023 20:00",uploaded,https://www.facebook.com/reel/1412128106639598/,0,0,Reels,,,,,01/14/2023,0,,,,,,0,0,0,0,0,21.595,3.377
987782956956574,100064197037125,"PC Merchandise","𝐒𝐎𝐋𝐃 𝐑𝐘𝐙𝐄𝐍 𝟓 𝟐𝟔𝟎𝟎 (6PCS)
𝐏𝐄𝐑𝐒𝐎𝐍𝐀𝐋 𝐁𝐔𝐈𝐋𝐃
#PCMERCHANDISE #PCMBUILDS",,43,"01/11/2023 20:00",uploaded,https://www.facebook.com/reel/1412128106639598/,0,0,Reels,,,,,01/15/2023,0,,,,,,0,0,1,1,0,43.759,3.875
987782956956574,100064197037125,"PC Merchandise","𝐒𝐎𝐋𝐃 𝐑𝐘𝐙𝐄𝐍 𝟓 𝟐𝟔𝟎𝟎 (6PCS)
𝐏𝐄𝐑𝐒𝐎𝐍𝐀𝐋 𝐁𝐔𝐈𝐋𝐃
#PCMERCHANDISE #PCMBUILDS",,43,"01/11/2023 20:00",uploaded,https://www.facebook.com/reel/1412128106639598/,0,0,Reels,,,,,01/16/2023,0,,,,,,0,0,1,0,1,15.798,3.733
987782956956574,100064197037125,"PC Merchandise","𝐒𝐎𝐋𝐃 𝐑𝐘𝐙𝐄𝐍 𝟓 𝟐𝟔𝟎𝟎 (6PCS)
𝐏𝐄𝐑𝐒𝐎𝐍𝐀𝐋 𝐁𝐔𝐈𝐋𝐃
#PCMERCHANDISE #PCMBUILDS",,43,"01/11/2023 20:00",uploaded,https://www.facebook.com/reel/1412128106639598/,0,0,Reels,,,,,01/17/2023,0,,,,,,0,0,0,0,0,17.128,5.074
987782956956574,100064197037125,"PC Merchandise","𝐒𝐎𝐋𝐃 𝐑𝐘𝐙𝐄𝐍 𝟓 𝟐𝟔𝟎𝟎 (6PCS)
𝐏𝐄𝐑𝐒𝐎𝐍𝐀𝐋 𝐁𝐔𝐈𝐋𝐃
#PCMERCHANDISE #PCMBUILDS",,43,"01/11/2023 20:00",uploaded,https://www.facebook.com/reel/1412128106639598/,0,0,Reels,,,,,01/18/2023,0,,,,,,0,0,0,0,0,11.969,3.587
987782956956574,100064197037125,"PC Merchandise","𝐒𝐎𝐋𝐃 𝐑𝐘𝐙𝐄𝐍 𝟓 𝟐𝟔𝟎𝟎 (6PCS)
𝐏𝐄𝐑𝐒𝐎𝐍𝐀𝐋 𝐁𝐔𝐈𝐋𝐃
#PCMERCHANDISE #PCMBUILDS",,43,"01/11/2023 20:00",uploaded,https://www.facebook.com/reel/1412128106639598/,0,0,Reels,,,,,01/19/2023,0,,,,,,0,0,1,0,1,12.206,1.680
987782956956574,100064197037125,"PC Merchandise","𝐒𝐎𝐋𝐃 𝐑𝐘𝐙𝐄𝐍 𝟓 𝟐𝟔𝟎𝟎 (6PCS)
𝐏𝐄𝐑𝐒𝐎𝐍𝐀𝐋 𝐁𝐔𝐈𝐋𝐃
#PCMERCHANDISE #PCMBUILDS",,43,"01/11/2023 20:00",uploaded,https://www.facebook.com/reel/1412128106639598/,0,0,Reels,,,,,01/20/2023,0,,,,,,0,0,0,0,0,28.242,3.679
987782956956574,100064197037125,"PC Merchandise","𝐒𝐎𝐋𝐃 𝐑𝐘𝐙𝐄𝐍 𝟓 𝟐𝟔𝟎𝟎 (6PCS)
𝐏𝐄𝐑𝐒𝐎𝐍𝐀𝐋 𝐁𝐔𝐈𝐋𝐃
#PCMERCHANDISE #PCMBUILDS",,43,"01/11/2023 20:00",uploaded,https://www.facebook.com/reel/1412128106639598/,0,0,Reels,,,,,01/21/2023,0,,,,,,0,0,0,0,0,24.022,3.649
987782956956574,100064197037125,"PC Merchandise","𝐒𝐎𝐋𝐃 𝐑𝐘𝐙𝐄𝐍 𝟓 𝟐𝟔𝟎𝟎 (6PCS)
𝐏𝐄𝐑𝐒𝐎𝐍𝐀𝐋 𝐁𝐔𝐈𝐋𝐃
#PCMERCHANDISE #PCMBUILDS",,43,"01/11/2023 20:00",uploaded,https://www.facebook.com/reel/1412128106639598/,0,0,Reels,,,,,01/22/2023,0,,,,,,0,0,0,0,0,22.116,2.885
987782956956574,100064197037125,"PC Merchandise","𝐒𝐎𝐋𝐃 𝐑𝐘𝐙𝐄𝐍 𝟓 𝟐𝟔𝟎𝟎 (6PCS)
𝐏𝐄𝐑𝐒𝐎𝐍𝐀𝐋 𝐁𝐔𝐈𝐋𝐃
#PCMERCHANDISE #PCMBUILDS",,43,"01/11/2023 20:00",uploaded,https://www.facebook.com/reel/1412128106639598/,0,0,Reels,,,,,01/23/2023,0,,,,,,0,0,0,0,0,16.447,3.398
987782956956574,100064197037125,"PC Merchandise","𝐒𝐎𝐋𝐃 𝐑𝐘𝐙𝐄𝐍 𝟓 𝟐𝟔𝟎𝟎 (6PCS)
𝐏𝐄𝐑𝐒𝐎𝐍𝐀𝐋 𝐁𝐔𝐈𝐋𝐃
#PCMERCHANDISE #PCMBUILDS",,43,"01/11/2023 20:00",uploaded,https://www.facebook.com/reel/1412128106639598/,0,0,Reels,,,,,01/24/2023,0,,,,,,0,0,1,0,1,13.157,6.154
987782956956574,100064197037125,"PC Merchandise","𝐒𝐎𝐋𝐃 𝐑𝐘𝐙𝐄𝐍 𝟓 𝟐𝟔𝟎𝟎 (6PCS)
𝐏𝐄𝐑𝐒𝐎𝐍𝐀𝐋 𝐁𝐔𝐈𝐋𝐃
#PCMERCHANDISE #PCMBUILDS",,43,"01/11/2023 20:00",uploaded,https://www.facebook.com/reel/1412128106639598/,0,0,Reels,,,,,01/25/2023,0,,,,,,0,0,1,0,1,25.692,4.130
987782956956574,100064197037125,"PC Merchandise","𝐒𝐎𝐋𝐃 𝐑𝐘𝐙𝐄𝐍 𝟓 𝟐𝟔𝟎𝟎 (6PCS)
𝐏𝐄𝐑𝐒𝐎𝐍𝐀𝐋 𝐁𝐔𝐈𝐋𝐃
#PCMERCHANDISE #PCMBUILDS",,43,"01/11/2023 20:00",uploaded,https://www.facebook.com/reel/1412128106639598/,0,0,Reels,,,,,01/26/2023,0,,,,,,0,0,0,0,0,10.976,4.120
987782956956574,100064197037125,"PC Merchandise","𝐒𝐎𝐋𝐃 𝐑𝐘𝐙𝐄𝐍 𝟓 𝟐𝟔𝟎𝟎 (6PCS)
𝐏𝐄𝐑𝐒𝐎𝐍𝐀𝐋 𝐁𝐔𝐈𝐋𝐃
#PCMERCHANDISE #PCMBUILDS",,43,"01/11/2023 20:00",uploaded,https://www.facebook.com/reel/1412128106639598/,0,0,Reels,,,,,01/27/2023,0,,,,,,0,0,0,0,0,11.596,3.496
987782956956574,100064197037125,"PC Merchandise","𝐒𝐎𝐋𝐃 𝐑𝐘𝐙𝐄𝐍 𝟓 𝟐𝟔𝟎𝟎 (6PCS)
𝐏𝐄𝐑𝐒𝐎𝐍𝐀𝐋 𝐁𝐔𝐈𝐋𝐃
#PCMERCHANDISE #PCMBUILDS",,43,"01/11/2023 20:00",uploaded,https://www.facebook.com/reel/1412128106639598/,0,0,Reels,,,,,01/28/2023,0,,,,,,0,0,0,0,0,8.459,5.152
987782956956574,100064197037125,"PC Merchandise","𝐒𝐎𝐋𝐃 𝐑𝐘𝐙𝐄𝐍 𝟓 𝟐𝟔𝟎𝟎 (6PCS)
𝐏𝐄𝐑𝐒𝐎𝐍𝐀𝐋 𝐁𝐔𝐈𝐋𝐃
#PCMERCHANDISE #PCMBUILDS",,43,"01/11/2023 20:00",uploaded,https://www.facebook.com/reel/1412128106639598/,0,0,Reels,,,,,01/29/2023,0,,,,,,0,0,0,0,0,10.967,4.003
987782956956574,100064197037125,"PC Merchandise","𝐒𝐎𝐋𝐃 𝐑𝐘𝐙𝐄𝐍 𝟓 𝟐𝟔𝟎𝟎 (6PCS)
𝐏𝐄𝐑𝐒𝐎𝐍𝐀𝐋 𝐁𝐔𝐈𝐋𝐃
#PCMERCHANDISE #PCMBUILDS",,43,"01/11/2023 20:00",uploaded,https://www.facebook.com/reel/1412128106639598/,0,0,Reels,,,,,01/30/2023,0,,,,,,0,0,0,0,0,6.279,4.031
987782956956574,100064197037125,"PC Merchandise","𝐒𝐎𝐋𝐃 𝐑𝐘𝐙𝐄𝐍 𝟓 𝟐𝟔𝟎𝟎 (6PCS)
𝐏𝐄𝐑𝐒𝐎𝐍𝐀𝐋 𝐁𝐔𝐈𝐋𝐃
#PCMERCHANDISE #PCMBUILDS",,43,"01/11/2023 20:00",uploaded,https://www.facebook.com/reel/1412128106639598/,0,0,Reels,,,,,01/31/2023,0,,,,,,0,0,0,0,0,8.517,2.834
987555812548314,100064197037125,"PC Merchandise","BUDGET BUILD ALERT 🚨 i3 10100F + GTX 1660S — perfect for online class and gaming!",,84,"01/10/2023 22:01",uploaded,https://www.facebook.com/reel/1739894171647432/,0,0,Reels,,,,,01/01/2023,0,,,,,,0,0,0,0,0,0.000,4.817
987555812548314,100064197037125,"PC Merchandise","BUDGET BUILD ALERT 🚨 i3 10100F + GTX 1660S — perfect for online class and gaming!",,84,"01/10/2023 22:01",uploaded,https://www.facebook.com/reel/1739894171647432/,0,0,Reels,,,,,01/02/2023,0,,,,,,0,0,0,0,0,0.000,5.411
987555812548314,100064197037125,"PC Merchandise","BUDGET BUILD ALERT 🚨 i3 10100F + GTX 1660S — perfect for online class and gaming!",,84,"01/10/2023 22:01",uploaded,https://www.facebook.com/reel/1739894171647432/,0,0,Reels,,,,,01/03/2023,0,,,,,,0,0,0,0,0,0.000,5.536
987555812548314,100064197037125,"PC Merchandise","BUDGET BUILD ALERT 🚨 i3 10100F + GTX 1660S — perfect for online class and gaming!",,84,"01/10/2023 22:01",uploaded,https://www.facebook.com/reel/1739894171647432/,0,0,Reels,,,,,01/04/2023,0,,,,,,0,0,0,0,0,0.000,5.946
987555812548314,100064197037125,"PC Merchandise","BUDGET BUILD ALERT 🚨 i3 10100F + GTX 1660S — perfect for online class and gaming!",,84,"01/10/2023 22:01",uploaded,https://www.facebook.com/reel/1739894171647432/,0,0,Reels,,,,,01/05/2023,0,,,,,,0,0,0,0,0,0.000,5.017
987555812548314,100064197037125,"PC Merchandise","BUDGET BUILD ALERT 🚨 i3 10100F + GTX 1660S — perfect for online class and gaming!",,84,"01/10/2023 22:01",uploaded,https://www.facebook.com/reel/1739894171647432/,0,0,Reels,,,,,01/06/2023,0,,,,,,0,0,0,0,0,0.000,4.911
987555812548314,100064197037125,"PC Merchandise","BUDGET BUILD ALERT 🚨 i3 10100F + GTX 1660S — perfect for online class and gaming!",,84,"01/10/2023 22:01",uploaded,https://www.facebook.com/reel/1739894171647432/,0,0,Reels,,,,,01/07/2023,0,,,,,,0,0,0,0,0,0.000,5.658
987555812548314,100064197037125,"PC Merchandise","BUDGET BUILD ALERT 🚨 i3 10100F + GTX 1660S — perfect for online class and gaming!",,84,"01/10/2023 22:01",uploaded,https://www.facebook.com/reel/1739894171647432/,0,0,Reels,,,,,01/08/2023,0,,,,,,0,0,0,0,0,0.000,6.934
987555812548314,100064197037125,"PC Merchandise","BUDGET BUILD ALERT 🚨 i3 10100F + GTX 1660S — perfect for online class and gaming!",,84,"01/10/2023 22:01",uploaded,https://www.facebook.com/reel/1739894171647432/,0,0,Reels,,,,,01/09/2023,0,,,,,,0,0,0,0,0,0.000,5.068
987555812548314,100064197037125,"PC Merchandise","BUDGET BUILD ALERT 🚨 i3 10100F + GTX 1660S — perfect for online class and gaming!",,84,"01/10/2023 22:01",uploaded,https://www.facebook.com/reel/1739894171647432/,0,0,Reels,,,,,01/10/2023,0,,,,,,449,0,0,0,0,147.727,5.227
987555812548314,100064197037125,"PC Merchandise","BUDGET BUILD ALERT 🚨 i3 10100F + GTX 1660S — perfect for online class and gaming!",,84,"01/10/2023 22:01",uploaded,https://www.facebook.com/reel/1739894171647432/,0,0,Reels,,,,,01/11/2023,0,,,,,,532,0,0,0,0,147.468,4.977
987555812548314,100064197037125,"PC Merchandise","BUDGET BUILD ALERT 🚨 i3 10100F + GTX 1660S — perfect for online class and gaming!",,84,"01/10/2023 22:01",uploaded,https://www.facebook.com/reel/1739894171647432/,0,0,Reels,,,,,01/12/2023,0,,,,,,510,0,0,0,0,174.614,5.226
987555812548314,100064197037125,"PC Merchandise","BUDGET BUILD ALERT 🚨 i3 10100F + GTX 1660S — perfect for online class and gaming!",,84,"01/10/2023 22:01",uploaded,https://www.facebook.com/reel/1739894171647432/,0,0,Reels,,,,,01/13/2023,0,,,,,,470,0,0,0,0,58.523,5.934
987555812548314,100064197037125,"PC Merchandise","BUDGET BUILD ALERT 🚨 i3 10100F + GTX 1660S — perfect for online class and gaming!",,84,"01/10/2023 22:01",uploaded,https://www.facebook.com/reel/1739894171647432/,0,0,Reels,,,,,01/14/2023,0,,,,,,493,0,0,0,0,84.383,3.174
987555812548314,100064197037125,"PC Merchandise","BUDGET BUILD ALERT 🚨 i3 10100F + GTX 1660S — perfect for online class and gaming!",,84,"01/10/2023 22:01",uploaded,https://www.facebook.com/reel/1739894171647432/,0,0,Reels,,,,,01/15/2023,0,,,,,,502,0,0,0,0,38.230,5.476
987555812548314,100064197037125,"PC Merchandise","BUDGET BUILD ALERT 🚨 i3 10100F + GTX 1660S — perfect for online class and gaming!",,84,"01/10/2023 22:01",uploaded,https://www.facebook.com/reel/1739894171647432/,0,0,Reels,,,,,01/16/2023,0,,,,,,471,0,0,0,0,31.521,5.580
987555812548314,100064197037125,"PC Merchandise","BUDGET BUILD ALERT 🚨 i3 10100F + GTX 1660S — perfect for online class and gaming!",,84,"01/10/2023 22:01",uploaded,https://www.facebook.com/reel/1739894171647432/,0,0,Reels,,,,,01/17/2023,0,,,,,,520,0,0,0,0,38.989,5.313
987555812548314,100064197037125,"PC Merchandise","BUDGET BUILD ALERT 🚨 i3 10100F + GTX 1660S — perfect for online class and gaming!",,84,"01/10/2023 22:01",uploaded,https://www.facebook.com/reel/1739894171647432/,0,0,Reels,,,,,01/18/2023,0,,,,,,487,0,0,0,0,23.586,4.571
987555812548314,100064197037125,"PC Merchandise","BUDGET BUILD ALERT 🚨 i3 10100F + GTX 1660S — perfect for online class and gaming!",,84,"01/10/2023 22:01",uploaded,https://www.facebook.com/reel/1739894171647432/,0,0,Reels,,,,,01/19/2023,0,,,,,,476,0,0,0,0,33.105,4.085
987555812548314,100064197037125,"PC Merchandise","BUDGET BUILD ALERT 🚨 i3 10100F + GTX 1660S — perfect for online class and gaming!",,84,"01/10/2023 22:01",uploaded,https://www.facebook.com/reel/1739894171647432/,0,0,Reels,,,,,01/20/2023,0,,,,,,0,0,0,0,0,20.577,5.644
987555812548314,100064197037125,"PC Merchandise","BUDGET BUILD ALERT 🚨 i3 10100F + GTX 1660S — perfect for online class and gaming!",,84,"01/10/2023 22:01",uploaded,https://www.facebook.com/reel/1739894171647432/,0,0,Reels,,,,,01/21/2023,0,,,,,,0,0,0,0,0,18.942,5.003
987555812548314,100064197037125,"PC Merchandise","BUDGET BUILD ALERT 🚨 i3 10100F + GTX 1660S — perfect for online class and gaming!",,84,"01/10/2023 22:01",uploaded,https://www.facebook.com/reel/1739894171647432/,0,0,Reels,,,,,01/22/2023,0,,,,,,0,0,0,0,0,43.127,4.838
987555812548314,100064197037125,"PC Merchandise","BUDGET BUILD ALERT 🚨 i3 10100F + GTX 1660S — perfect for online class and gaming!",,84,"01/10/2023 22:01",uploaded,https://www.facebook.com/reel/1739894171647432/,0,0,Reels,,,,,01/23/2023,0,,,,,,0,0,0,0,0,48.395,5.551
987555812548314,100064197037125,"PC Merchandise","BUDGET BUILD ALERT 🚨 i3 10100F + GTX 1660S — perfect for online class and gaming!",,84,"01/10/2023 22:01",uploaded,https://www.facebook.com/reel/1739894171647432/,0,0,Reels,,,,,01/24/2023,0,,,,,,0,0,0,0,0,21.756,4.468
987555812548314,100064197037125,"PC Merchandise","BUDGET BUILD ALERT 🚨 i3 10100F + GTX 1660S — perfect for online class and gaming!",,84,"01/10/2023 22:01",uploaded,https://www.facebook.com/reel/1739894171647432/,0,0,Reels,,,,,01/25/2023,0,,,,,,0,0,0,0,0,24.298,4.446
987555812548314,100064197037125,"PC Merchandise","BUDGET BUILD ALERT 🚨 i3 10100F + GTX 1660S — perfect for online class and gaming!",,84,"01/10/2023 22:01",uploaded,https://www.facebook.com/reel/1739894171647432/,0,0,Reels,,,,,01/26/2023,0,,,,,,0,0,0,0,0,34.002,5.879
987555812548314,100064197037125,"PC Merchandise","BUDGET BUILD ALERT 🚨 i3 10100F + GTX 1660S — perfect for online class and gaming!",,84,"01/10/2023 22:01",uploaded,https://www.facebook.com/reel/1739894171647432/,0,0,Reels,,,,,01/27/2023,0,,,,,,0,0,0,0,0,31.464,5.645
987555812548314,100064197037125,"PC Merchandise","BUDGET BUILD ALERT 🚨 i3 10100F + GTX 1660S — perfect for online class and gaming!",,84,"01/10/2023 22:01",uploaded,https://www.facebook.com/reel/1739894171647432/,0,0,Reels,,,,,01/28/2023,0,,,,,,0,0,0,0,0,26.136,4.991
987555812548314,100064197037125,"PC Merchandise","BUDGET BUILD ALERT 🚨 i3 10100F + GTX 1660S — perfect for online class and gaming!",,84,"01/10/2023 22:01",uploaded,https://www.facebook.com/reel/1739894171647432/,0,0,Reels,,,,,01/29/2023,0,,,,,,0,0,0,0,0,21.932,4.595
987555812548314,100064197037125,"PC Merchandise","BUDGET BUILD ALERT 🚨 i3 10100F + GTX 1660S — perfect for online class and gaming!",,84,"01/10/2023 22:01",uploaded,https://www.facebook.com/reel/1739894171647432/,0,0,Reels,,,,,01/30/2023,0,,,,,,0,0,0,0,0,18.186,7.604
987555812548314,100064197037125,"PC Merchandise","BUDGET BUILD ALERT 🚨 i3 10100F + GTX 1660S — perfect for online class and gaming!",,84,"01/10/2023 22:01",uploaded,https://www.facebook.com/reel/1739894171647432/,0,0,Reels,,,,,01/31/2023,0,,,,,,0,0,0,0,0,17.083,5.442
987040734633071,100064197037125,"PC Merchandise","BUDGET BUILD ALERT 🚨 i3 10100F + GTX 1660S — perfect for online class and gaming!",,0,"01/09/2023 22:00",,https://www.facebook.com/pcmerchandise.co/posts/pfbid0xRngQT9g565ehRtr0ivSZmevltSx8ZI0HaBGBhIuVVKGOgvtyBKObwcT,0,0,Photos,,,,,01/31/2023,0,,,,,,,,,,,,
987040734633071,100064197037125,"PC Merchandise","BUDGET BUILD ALERT 🚨 i3 10100F + GTX 1660S — perfect for online class and gaming!",,0,"01/09/2023 22:00",,https://www.facebook.com/pcmerchandise.co/posts/pfbid0xRngQT9g565ehRtr0ivSZmevltSx8ZI0HaBGBhIuVVKGOgvtyBKObwcT,0,0,Photos,,,,,01/01/2023,,,0,0,0,0,0,0,,,,,
987040734633071,100064197037125,"PC Merchandise","BUDGET BUILD ALERT 🚨 i3 10100F + GTX 1660S — perfect for online class and gaming!",,0,"01/09/2023 22:00",,https://www.facebook.com/pcmerchandise.co/posts/pfbid0xRngQT9g565ehRtr0ivSZmevltSx8ZI0HaBGBhIuVVKGOgvtyBKObwcT,0,0,Photos,,,,,01/02/2023,,,0,0,0,0,0,0,,,,,
987040734633071,100064197037125,"PC Merchandise","BUDGET BUILD ALERT 🚨 i3 10100F + GTX 1660S — perfect for online class and gaming!",,0,"01/09/2023 22:00",,https://www.facebook.com/pcmerchandise.co/posts/pfbid0xRngQT9g565ehRtr0ivSZmevltSx8ZI0HaBGBhIuVVKGOgvtyBKObwcT,0,0,Photos,,,,,01/03/2023,,,0,0,0,0,0,0,,,,,
987040734633071,100064197037125,"PC Merchandise","BUDGET BUILD ALERT 🚨 i3 10100F + GTX 1660S — perfect for online class and gaming!",,0,"01/09/2023 22:00",,https://www.facebook.com/pcmerchandise.co/posts/pfbid0xRngQT9g565ehRtr0ivSZmevltSx8ZI0HaBGBhIuVVKGOgvtyBKObwcT,0,0,Photos,,,,,01/04/2023,,,0,0,0,0,0,0,,,,,
987040734633071,100064197037125,"PC Merchandise","BUDGET BUILD ALERT 🚨 i3 10100F + GTX 1660S — perfect for online class and gaming!",,0,"01/09/2023 22:00",,https://www.facebook.com/pcmerchandise.co/posts/pfbid0xRngQT9g565ehRtr0ivSZmevltSx8ZI0HaBGBhIuVVKGOgvtyBKObwcT,0,0,Photos,,,,,01/05/2023,,,0,0,0,0,0,0,,,,,
987040734633071,100064197037125,"PC Merchandise","BUDGET BUILD ALERT 🚨 i3 10100F + GTX 1660S — perfect for online class and gaming!",,0,"01/09/2023 22:00",,https://www.facebook.com/pcmerchandise.co/posts/pfbid0xRngQT9g565ehRtr0ivSZmevltSx8ZI0HaBGBhIuVVKGOgvtyBKObwcT,0,0,Photos,,,,,01/06/2023,,,0,0,0,0,0,0,,,,,
987040734633071,100064197037125,"PC Merchandise","BUDGET BUILD ALERT 🚨 i3 10100F + GTX 1660S — perfect for online class and gaming!",,0,"01/09/2023 22:00",,https://www.facebook.com/pcmerchandise.co/posts/pfbid0xRngQT9g565ehRtr0ivSZmevltSx8ZI0HaBGBhIuVVKGOgvtyBKObwcT,0,0,Photos,,,,,01/07/2023,,,0,0,0,0,0,0,,,,,
987040734633071,100064197037125,"PC Merchandise","BUDGET BUILD ALERT 🚨 i3 10100F + GTX 1660S — perfect for online class and gaming!",,0,"01/09/2023 22:00",,https://www.facebook.com/pcmerchandise.co/posts/pfbid0xRngQT9g565ehRtr0ivSZmevltSx8ZI0HaBGBhIuVVKGOgvtyBKObwcT,0,0,Photos,,,,,01/08/2023,,,0,0,0,0,0,0,,,,,
987040734633071,100064197037125,"PC Merchandise","BUDGET BUILD ALERT 🚨 i3 10100F + GTX 1660S — perfect for online class and gaming!",,0,"01/09/2023 22:00",,https://www.facebook.com/pcmerchandise.co/posts/pfbid0xRngQT9g565ehRtr0ivSZmevltSx8ZI0HaBGBhIuVVKGOgvtyBKObwcT,0,0,Photos,,,,,01/09/2023,,,0,0,0,0,0,0,,,,,
987040734633071,100064197037125,"PC Merchandise","BUDGET BUILD ALERT 🚨 i3 10100F + GTX 1660S — perfect for online class and gaming!",,0,"01/09/2023 22:00",,https://www.facebook.com/pcmerchandise.co/posts/pfbid0xRngQT9g565ehRtr0ivSZmevltSx8ZI0HaBGBhIuVVKGOgvtyBKObwcT,0,0,Photos,,,,,01/10/2023,,,0,0,0,0,0,0,,,,,
987040734633071,100064197037125,"PC Merchandise","BUDGET BUILD ALERT 🚨 i3 10100F + GTX 1660S — perfect for online class and gaming!",,0,"01/09/2023 22:00",,https://www.facebook.com/pcmerchandise.co/posts/pfbid0xRngQT9g565ehRtr0ivSZmevltSx8ZI0HaBGBhIuVVKGOgvtyBKObwcT,0,0,Photos,,,,,01/11/2023,,,0,0,0,0,0,0,,,,,
987040734633071,100064197037125,"PC Merchandise","BUDGET BUILD ALERT 🚨 i3 10100F + GTX 1660S — perfect for online class and gaming!",,0,"01/09/2023 22:00",,https://www.facebook.com/pcmerchandise.co/posts/pfbid0xRngQT9g565ehRtr0ivSZmevltSx8ZI0HaBGBhIuVVKGOgvtyBKObwcT,0,0,Photos,,,,,01/12/2023,,,0,0,0,0,0,0,,,,,
987040734633071,100064197037125,"PC Merchandise","BUDGET BUILD ALERT 🚨 i3 10100F + GTX 1660S — perfect for online class and gaming!",,0,"01/09/2023 22:00",,https://www.facebook.com/pcmerchandise.co/posts/pfbid0xRngQT9g565ehRtr0ivSZmevltSx8ZI0HaBGBhIuVVKGOgvtyBKObwcT,0,0,Photos,,,,,01/13/2023,,,0,0,0,0,0,0,,,,,
987040734633071,100064197037125,"PC Merchandise","BUDGET BUILD ALERT 🚨 i3 10100F + GTX 1660S — perfect for online class and gaming!",,0,"01/09/2023 22:00",,https://www.facebook.com/pcmerchandise.co/posts/pfbid0xRngQT9g565ehRtr0ivSZmevltSx8ZI0HaBGBhIuVVKGOgvtyBKObwcT,0,0,Photos,,,,,01/14/2023,,,0,0,0,0,0,0,,,,,
987040734633071,100064197037125,"PC Merchandise","BUDGET BUILD ALERT 🚨 i3 10100F + GTX 1660S — perfect for online class and gaming!",,0,"01/09/2023 22:00",,https://www.facebook.com/pcmerchandise.co/posts/pfbid0xRngQT9g565ehRtr0ivSZmevltSx8ZI0HaBGBhIuVVKGOgvtyBKObwcT,0,0,Photos,,,,,01/15/2023,,,0,0,0,0,0,0,,,,,
987040734633071,100064197037125,"PC Merchandise","BUDGET BUILD ALERT 🚨 i3 10100F + GTX 1660S — perfect for online class and gaming!",,0,"01/09/2023 22:00",,https://www.facebook.com/pcmerchandise.co/posts/pfbid0xRngQT9g565ehRtr0ivSZmevltSx8ZI0HaBGBhIuVVKGOgvtyBKObwcT,0,0,Photos,,,,,01/16/2023,,,0,0,0,0,0,0,,,,,
987040734633071,100064197037125,"PC Merchandise","BUDGET BUILD ALERT 🚨 i3 10100F + GTX 1660S — perfect for online class and gaming!",,0,"01/09/2023 22:00",,https://www.facebook.com/pcmerchandise.co/posts/pfbid0xRngQT9g565ehRtr0ivSZmevltSx8ZI0HaBGBhIuVVKGOgvtyBKObwcT,0,0,Photos,,,,,01/17/2023,,,0,0,0,0,0,0,,,,,
987040734633071,100064197037125,"PC Merchandise","BUDGET BUILD ALERT 🚨 i3 10100F + GTX 1660S — perfect for online class and gaming!",,0,"01/09/2023 22:00",,https://www.facebook.com/pcmerchandise.co/posts/pfbid0xRngQT9g565ehRtr0ivSZmevltSx8ZI0HaBGBhIuVVKGOgvtyBKObwcT,0,0,Photos,,,,,01/18/2023,,,0,0,0,0,0,0,,,,,
987040734633071,100064197037125,"PC Merchandise","BUDGET BUILD ALERT 🚨 i3 10100F + GTX 1660S — perfect for online class and gaming!",,0,"01/09/2023 22:00",,https://www.facebook.com/pcmerchandise.co/posts/pfbid0xRngQT9g565ehRtr0ivSZmevltSx8ZI0HaBGBhIuVVKGOgvtyBKObwcT,0,0,Photos,,,,,01/19/2023,,,0,0,0,0,0,0,,,,,
987040734633071,100064197037125,"PC Merchandise","BUDGET BUILD ALERT 🚨 i3 10100F + GTX 1660S — perfect for online class and gaming!",,0,"01/09/2023 22:00",,https://www.facebook.com/pcmerchandise.co/posts/pfbid0xRngQT9g565ehRtr0ivSZmevltSx8ZI0HaBGBhIuVVKGOgvtyBKObwcT,0,0,Photos,,,,,01/20/2023,,,0,0,0,0,0,0,,,,,
987040734633071,100064197037125,"PC Merchandise","BUDGET BUILD ALERT 🚨 i3 10100F + GTX 1660S — perfect for online class and gaming!",,0,"01/09/2023 22:00",,https://www.facebook.com/pcmerchandise.co/posts/pfbid0xRngQT9g565ehRtr0ivSZmevltSx8ZI0HaBGBhIuVVKGOgvtyBKObwcT,0,0,Photos,,,,,01/21/2023,,,0,0,0,0,0,0,,,,,
987040734633071,100064197037125,"PC Merchandise","BUDGET BUILD ALERT 🚨 i3 10100F + GTX 1660S — perfect for online class and gaming!",,0,"01/09/2023 22:00",,https://www.facebook.com/pcmerchandise.co/posts/pfbid0xRngQT9g565ehRtr0ivSZmevltSx8ZI0HaBGBhIuVVKGOgvtyBKObwcT,0,0,Photos,,,,,01/22/2023,,,0,0,0,0,0,0,,,,,
987040734633071,100064197037125,"PC Merchandise","BUDGET BUILD ALERT 🚨 i3 10100F + GTX 1660S — perfect for online class and gaming!",,0,"01/09/2023 22:00",,https://www.facebook.com/pcmerchandise.co/posts/pfbid0xRngQT9g565ehRtr0ivSZmevltSx8ZI0HaBGBhIuVVKGOgvtyBKObwcT,0,0,Photos,,,,,01/23/2023,,,0,0,0,0,0,0,,,,,
987040734633071,100064197037125,"PC Merchandise","BUDGET BUILD ALERT 🚨 i3 10100F + GTX 1660S — perfect for online class and gaming!",,0,"01/09/2023 22:00",,https://www.facebook.com/pcmerchandise.co/posts/pfbid0xRngQT9g565ehRtr0ivSZmevltSx8ZI0HaBGBhIuVVKGOgvtyBKObwcT,0,0,Photos,,,,,01/24/2023,,,0,0,0,0,0,0,,,,,
987040734633071,100064197037125,"PC Merchandise","BUDGET BUILD ALERT 🚨 i3 10100F + GTX 1660S — perfect for online class and gaming!",,0,"01/09/2023 22:00",,https://www.facebook.com/pcmerchandise.co/posts/pfbid0xRngQT9g565ehRtr0ivSZmevltSx8ZI0HaBGBhIuVVKGOgvtyBKObwcT,0,0,Photos,,,,,01/25/2023,,,0,0,0,0,0,0,,,,,
987040734633071,100064197037125,"PC Merchandise","BUDGET BUILD ALERT 🚨 i3 10100F + GTX 1660S — perfect for online class and gaming!",,0,"01/09/2023 22:00",,https://www.facebook.com/pcmerchandise.co/posts/pfbid0xRngQT9g565ehRtr0ivSZmevltSx8ZI0HaBGBhIuVVKGOgvtyBKObwcT,0,0,Photos,,,,,01/26/2023,,,0,0,0,0,0,0,,,,,
987040734633071,100064197037125,"PC Merchandise","BUDGET BUILD ALERT 🚨 i3 10100F + GTX 1660S — perfect for online class and gaming!",,0,"01/09/2023 22:00",,https://www.facebook.com/pcmerchandise.co/posts/pfbid0xRngQT9g565ehRtr0ivSZmevltSx8ZI0HaBGBhIuVVKGOgvtyBKObwcT,0,0,Photos,,,,,01/27/2023,,,0,0,0,0,0,0,,,,,
987040734633071,100064197037125,"PC Merchandise","BUDGET BUILD ALERT 🚨 i3 10100F + GTX 1660S — perfect for online class and gaming!",,0,"01/09/2023 22:00",,https://www.facebook.com/pcmerchandise.co/posts/pfbid0xRngQT9g565ehRtr0ivSZmevltSx8ZI0HaBGBhIuVVKGOgvtyBKObwcT,0,0,Photos,,,,,01/28/2023,,,0,0,0,0,0,0,,,,,
987040734633071,100064197037125,"PC Merchandise","BUDGET BUILD ALERT 🚨 i3 10100F + GTX 1660S — perfect for online class and gaming!",,0,"01/09/2023 22:00",,https://www.facebook.com/pcmerchandise.co/posts/pfbid0xRngQT9g565ehRtr0ivSZmevltSx8ZI0HaBGBhIuVVKGOgvtyBKObwcT,0,0,Photos,,,,,01/29/2023,,,0,0,0,0,0,0,,,,,
987040734633071,100064197037125,"PC Merchandise","BUDGET BUILD ALERT 🚨 i3 10100F + GTX 1660S — perfect for online class and gaming!",,0,"01/09/2023 22:00",,https://www.facebook.com/pcmerchandise.co/posts/pfbid0xRngQT9g565ehRtr0ivSZmevltSx8ZI0HaBGBhIuVVKGOgvtyBKObwcT,0,0,Photos,,,,,01/30/2023,,,0,0,0,0,0,0,,,,,
987040734633071,100064197037125,"PC Merchandise","BUDGET BUILD ALERT 🚨 i3 10100F + GTX 1660S — perfect for online class and gaming!",,0,"01/09/2023 22:00",,https://www.facebook.com/pcmerchandise.co/posts/pfbid0xRngQT9g565ehRtr0ivSZmevltSx8ZI0HaBGBhIuVVKGOgvtyBKObwcT,0,0,Photos,,,,,01/31/2023,,,0,0,0,0,0,0,,,,,
987425184868958,100064197037125,"PC Merchandise","Salamat sa tiwala boss MIGZ! RYZEN 3 3200G comshop package — 6 units delivered ✅",,43,"01/09/2023 20:00",,https://www.facebook.com/reel/1942886507428940/,0,0,Reels,,,,,01/01/2023,0,,,,,,0,0,0,0,0,0.000,5.524
987425184868958,100064197037125,"PC Merchandise","Salamat sa tiwala boss MIGZ! RYZEN 3 3200G comshop package — 6 units delivered ✅",,43,"01/09/2023 20:00",,https://www.facebook.com/reel/1942886507428940/,0,0,Reels,,,,,01/02/2023,0,,,,,,0,0,0,0,0,0.000,5.361
987425184868958,100064197037125,"PC Merchandise","Salamat sa tiwala boss MIGZ! RYZEN 3 3200G comshop package — 6 units delivered ✅",,43,"01/09/2023 20:00",,https://www.facebook.com/reel/1942886507428940/,0,0,Reels,,,,,01/03/2023,0,,,,,,0,0,0,0,0,0.000,4.187
987425184868958,100064197037125,"PC Merchandise","Salamat sa tiwala boss MIGZ! RYZEN 3 3200G comshop package — 6 units delivered ✅",,43,"01/09/2023 20:00",,https://www.facebook.com/reel/1942886507428940/,0,0,Reels,,,,,01/04/2023,0,,,,,,0,0,0,0,0,0.000,4.325
987425184868958,100064197037125,"PC Merchandise","Salamat sa tiwala boss MIGZ! RYZEN 3 3200G comshop package — 6 units delivered ✅",,43,"01/09/2023 20:00",,https://www.facebook.com/reel/1942886507428940/,0,0,Reels,,,,,01/05/2023,0,,,,,,0,0,0,0,0,0.000,4.600
987425184868958,100064197037125,"PC Merchandise","Salamat sa tiwala boss MIGZ! RYZEN 3 3200G comshop package — 6 units delivered ✅",,43,"01/09/2023 20:00",,https://www.facebook.com/reel/1942886507428940/,0,0,Reels,,,,,01/06/2023,0,,,,,,0,0,0,0,0,0.000,4.848
987425184868958,100064197037125,"PC Merchandise","Salamat sa tiwala boss MIGZ! RYZEN 3 3200G comshop package — 6 units delivered ✅",,43,"01/09/2023 20:00",,https://www.facebook.com/reel/1942886507428940/,0,0,Reels,,,,,01/07/2023,0,,,,,,0,0,0,0,0,0.000,6.096
987425184868958,100064197037125,"PC Merchandise","Salamat sa tiwala boss MIGZ! RYZEN 3 3200G comshop package — 6 units delivered ✅",,43,"01/09/2023 20:00",,https://www.facebook.com/reel/1942886507428940/,0,0,Reels,,,,,01/08/2023,0,,,,,,0,0,0,0,0,0.000,4.474
987425184868958,100064197037125,"PC Merchandise","Salamat sa tiwala boss MIGZ! RYZEN 3 3200G comshop package — 6 units delivered ✅",,43,"01/09/2023 20:00",,https://www.facebook.com/reel/1942886507428940/,0,0,Reels,,,,,01/09/2023,0,,,,,,0,0,0,0,0,121.978,4.403
987425184868958,100064197037125,"PC Merchandise","Salamat sa tiwala boss MIGZ! RYZEN 3 3200G comshop package — 6 units delivered ✅",,43,"01/09/2023 20:00",,https://www.facebook.com/reel/1942886507428940/,0,0,Reels,,,,,01/10/2023,0,,,,,,0,0,0,0,0,102.374,4.784
987425184868958,100064197037125,"PC Merchandise","Salamat sa tiwala boss MIGZ! RYZEN 3 3200G comshop package — 6 units delivered ✅",,43,"01/09/2023 20:00",,https://www.facebook.com/reel/1942886507428940/,0,0,Reels,,,,,01/11/2023,0,,,,,,0,0,0,0,0,62.984,5.578
987425184868958,100064197037125,"PC Merchandise","Salamat sa tiwala boss MIGZ! RYZEN 3 3200G comshop package — 6 units delivered ✅",,43,"01/09/2023 20:00",,https://www.facebook.com/reel/1942886507428940/,0,0,Reels,,,,,01/12/2023,0,,,,,,0,0,0,0,0,56.686,4.546
987425184868958,100064197037125,"PC Merchandise","Salamat sa tiwala boss MIGZ! RYZEN 3 3200G comshop package — 6 units delivered ✅",,43,"01/09/2023 20:00",,https://www.facebook.com/reel/1942886507428940/,0,0,Reels,,,,,01/13/2023,0,,,,,,0,0,0,0,0,36.244,4.363
987425184868958,100064197037125,"PC Merchandise","Salamat sa tiwala boss MIGZ! RYZEN 3 3200G comshop package — 6 units delivered ✅",,43,"01/09/2023 20:00",,https://www.facebook.com/reel/1942886507428940/,0,0,Reels,,,,,01/14/2023,0,,,,,,0,0,0,0,0,32.116,5.873
987425184868958,100064197037125,"PC Merchandise","Salamat sa tiwala boss MIGZ! RYZEN 3 3200G comshop package — 6 units delivered ✅",,43,"01/09/2023 20:00",,https://www.facebook.com/reel/1942886507428940/,0,0,Reels,,,,,01/15/2023,0,,,,,,0,0,0,0,0,29.433,4.073
987425184868958,100064197037125,"PC Merchandise","Salamat sa tiwala boss MIGZ! RYZEN 3 3200G comshop package — 6 units delivered ✅",,43,"01/09/2023 20:00",,https://www.facebook.com/reel/1942886507428940/,0,0,Reels,,,,,01/16/2023,0,,,,,,0,0,0,0,0,16.926,5.000
987425184868958,100064197037125,"PC Merchandise","Salamat sa tiwala boss MIGZ! RYZEN 3 3200G comshop package — 6 units delivered ✅",,43,"01/09/2023 20:00",,https://www.facebook.com/reel/1942886507428940/,0,0,Reels,,,,,01/17/2023,0,,,,,,0,0,0,0,0,10.099,6.152
987425184868958,100064197037125,"PC Merchandise","Salamat sa tiwala boss MIGZ! RYZEN 3 3200G comshop package — 6 units delivered ✅",,43,"01/09/2023 20:00",,https://www.facebook.com/reel/1942886507428940/,0,0,Reels,,,,,01/18/2023,0,,,,,,0,0,0,0,0,9.626,4.041
987425184868958,100064197037125,"PC Merchandise","Salamat sa tiwala boss MIGZ! RYZEN 3 3200G comshop package — 6 units delivered ✅",,43,"01/09/2023 20:00",,https://www.facebook.com/reel/1942886507428940/,0,0,Reels,,,,,01/19/2023,0,,,,,,0,0,0,0,0,17.469,5.320
987425184868958,100064197037125,"PC Merchandise","Salamat sa tiwala boss MIGZ! RYZEN 3 3200G comshop package — 6 units delivered ✅",,43,"01/09/2023 20:00",,https://www.facebook.com/reel/1942886507428940/,0,0,Reels,,,,,01/20/2023,0,,,,,,0,0,0,0,0,28.516,4.910
987425184868958,100064197037125,"PC Merchandise","Salamat sa tiwala boss MIGZ! RYZEN 3 3200G comshop package — 6 units delivered ✅",,43,"01/09/2023 20:00",,https://www.facebook.com/reel/1942886507428940/,0,0,Reels,,,,,01/21/2023,0,,,,,,0,0,0,0,0,22.439,5.337
987425184868958,100064197037125,"PC Merchandise","Salamat sa tiwala boss MIGZ! RYZEN 3 3200G comshop package — 6 units delivered ✅",,43,"01/09/2023 20:00",,https://www.facebook.com/reel/1942886507428940/,0,0,Reels,,,,,01/22/2023,0,,,,,,0,0,0,0,0,26.695,5.348
987425184868958,100064197037125,"PC Merchandise","Salamat sa tiwala boss MIGZ! RYZEN 3 3200G comshop package — 6 units delivered ✅",,43,"01/09/2023 20:00",,https://www.facebook.com/reel/1942886507428940/,0,0,Reels,,,,,01/23/2023,0,,,,,,0,0,0,0,0,23.819,4.581
987425184868958,100064197037125,"PC Merchandise","Salamat sa tiwala boss MIGZ! RYZEN 3 3200G comshop package — 6 units delivered ✅",,43,"01/09/2023 20:00",,https://www.facebook.com/reel/1942886507428940/,0,0,Reels,,,,,01/24/2023,0,,,,,,0,0,0,0,0,24.983,4.884
987425184868958,100064197037125,"PC Merchandise","Salamat sa tiwala boss MIGZ! RYZEN 3 3200G comshop package — 6 units delivered ✅",,43,"01/09/2023 20:00",,https://www.facebook.com/reel/1942886507428940/,0,0,Reels,,,,,01/25/2023,0,,,,,,0,0,0,0,0,23.679,5.377
987425184868958,100064197037125,"PC Merchandise","Salamat sa tiwala boss MIGZ! RYZEN 3 3200G comshop package — 6 units delivered ✅",,43,"01/09/2023 20:00",,https://www.facebook.com/reel/1942886507428940/,0,0,Reels,,,,,01/26/2023,0,,,,,,0,0,0,0,0,24.674,5.011
987425184868958,100064197037125,"PC Merchandise","Salamat sa tiwala boss MIGZ! RYZEN 3 3200G comshop package — 6 units delivered ✅",,43,"01/09/2023 20:00",,https://www.facebook.com/reel/1942886507428940/,0,0,Reels,,,,,01/27/2023,0,,,,,,0,0,0,0,0,18.911,5.030
987425184868958,100064197037125,"PC Merchandise","Salamat sa tiwala boss MIGZ! RYZEN 3 3200G comshop package — 6 units delivered ✅",,43,"01/09/2023 20:00",,https://www.facebook.com/reel/1942886507428940/,0,0,Reels,,,,,01/28/2023,0,,,,,,0,0,0,0,0,22.083,5.983
987425184868958,100064197037125,"PC Merchandise","Salamat sa tiwala boss MIGZ! RYZEN 3 3200G comshop package — 6 units delivered ✅",,43,"01/09/2023 20:00",,https://www.facebook.com/reel/1942886507428940/,0,0,Reels,,,,,01/29/2023,0,,,,,,0,0,0,0,0,21.732,2.824
987425184868958,100064197037125,"PC Merchandise","Salamat sa tiwala boss MIGZ! RYZEN 3 3200G comshop package — 6 units delivered ✅",,43,"01/09/2023 20:00",,https://www.facebook.com/reel/1942886507428940/,0,0,Reels,,,,,01/30/2023,0,,,,,,0,0,0,0,0,20.752,3.906
987425184868958,100064197037125,"PC Merchandise","Salamat sa tiwala boss MIGZ! RYZEN 3 3200G comshop package — 6 units delivered ✅",,43,"01/09/2023 20:00",,https://www.facebook.com/reel/1942886507428940/,0,0,Reels,,,,,01/31/2023,0,,,,,,0,0,0,0,0,14.110,5.589
987188619895910,100064197037125,"PC Merchandise","𝐒𝐎𝐋𝐃 𝐢𝟓 𝟏𝟎𝟒𝟎𝟎𝐅 (8PCS)
𝐏𝐄𝐑𝐒𝐎𝐍𝐀𝐋 𝐁𝐔𝐈𝐋𝐃
#PCMERCHANDISE #PCMBUILDS",,0,"01/06/2023 15:15",,https://www.facebook.com/pcmerchandise.co/posts/pfbid0WwVAOjQASN0FZEDd3nOpH9rGh37MzSLcuaqTmlCkHYgyHdJXFkY7jaX7,0,0,Photos,,,,,01/31/2023,2,,,,,,,,,,,,
987188619895910,100064197037125,"PC Merchandise","𝐒𝐎𝐋𝐃 𝐢𝟓 𝟏𝟎𝟒𝟎𝟎𝐅 (8PCS)
𝐏𝐄𝐑𝐒𝐎𝐍𝐀𝐋 𝐁𝐔𝐈𝐋𝐃
#PCMERCHANDISE #PCMBUILDS",,0,"01/06/2023 15:15",,https://www.facebook.com/pcmerchandise.co/posts/pfbid0WwVAOjQASN0FZEDd3nOpH9rGh37MzSLcuaqTmlCkHYgyHdJXFkY7jaX7,0,0,Photos,,,,,01/01/2023,,,0,0,0,0,0,0,,,,,
987188619895910,100064197037125,"PC Merchandise","𝐒𝐎𝐋𝐃 𝐢𝟓 𝟏𝟎𝟒𝟎𝟎𝐅 (8PCS)
𝐏𝐄𝐑𝐒𝐎𝐍𝐀𝐋 𝐁𝐔𝐈𝐋𝐃
#PCMERCHANDISE #PCMBUILDS",,0,"01/06/2023 15:15",,https://www.facebook.com/pcmerchandise.co/posts/pfbid0WwVAOjQASN0FZEDd3nOpH9rGh37MzSLcuaqTmlCkHYgyHdJXFkY7jaX7,0,0,Photos,,,,,01/02/2023,,,0,0,0,0,0,0,,,,,
987188619895910,100064197037125,"PC Merchandise","𝐒𝐎𝐋𝐃 𝐢𝟓 𝟏𝟎𝟒𝟎𝟎𝐅 (8PCS)
𝐏𝐄𝐑𝐒𝐎𝐍𝐀𝐋 𝐁𝐔𝐈𝐋𝐃
#PCMERCHANDISE #PCMBUILDS",,0,"01/06/2023 15:15",,https://www.facebook.com/pcmerchandise.co/posts/pfbid0WwVAOjQASN0FZEDd3nOpH9rGh37MzSLcuaqTmlCkHYgyHdJXFkY7jaX7,0,0,Photos,,,,,01/03/2023,,,0,0,0,0,0,0,,,,,
987188619895910,100064197037125,"PC Merchandise","𝐒𝐎𝐋𝐃 𝐢𝟓 𝟏𝟎𝟒𝟎𝟎𝐅 (8PCS)
𝐏𝐄𝐑𝐒𝐎𝐍𝐀𝐋 𝐁𝐔𝐈𝐋𝐃
#PCMERCHANDISE #PCMBUILDS",,0,"01/06/2023 15:15",,https://www.facebook.com/pcmerchandise.co/posts/pfbid0WwVAOjQASN0FZEDd3nOpH9rGh37MzSLcuaqTmlCkHYgyHdJXFkY7jaX7,0,0,Photos,,,,,01/04/2023,,,0,0,0,0,0,0,,,,,
987188619895910,100064197037125,"PC Merchandise","𝐒𝐎𝐋𝐃 𝐢𝟓 𝟏𝟎𝟒𝟎𝟎𝐅 (8PCS)
𝐏𝐄𝐑𝐒𝐎𝐍𝐀𝐋 𝐁𝐔𝐈𝐋𝐃
#PCMERCHANDISE #PCMBUILDS",,0,"01/06/2023 15:15",,https://www.facebook.com/pcmerchandise.co/posts/pfbid0WwVAOjQASN0FZEDd3nOpH9rGh37MzSLcuaqTmlCkHYgyHdJXFkY7jaX7,0,0,Photos,,,,,01/05/2023,,,0,0,0,0,0,0,,,,,
987188619895910,100064197037125,"PC Merchandise","𝐒𝐎𝐋𝐃 𝐢𝟓 𝟏𝟎𝟒𝟎𝟎𝐅 (8PCS)
𝐏𝐄𝐑𝐒𝐎𝐍𝐀𝐋 𝐁𝐔𝐈𝐋𝐃
#PCMERCHANDISE #PCMBUILDS",,0,"01/06/2023 15:15",,https://www.facebook.com/pcmerchandise.co/posts/pfbid0WwVAOjQASN0FZEDd3nOpH9rGh37MzSLcuaqTmlCkHYgyHdJXFkY7jaX7,0,0,Photos,,,,,01/06/2023,,,0,0,0,0,0,0,,,,,
987188619895910,100064197037125,"PC Merchandise","𝐒𝐎𝐋𝐃 𝐢𝟓 𝟏𝟎𝟒𝟎𝟎𝐅 (8PCS)
𝐏𝐄𝐑𝐒𝐎𝐍𝐀𝐋 𝐁𝐔𝐈𝐋𝐃
#PCMERCHANDISE #PCMBUILDS",,0,"01/06/2023 15:15",,https://www.facebook.com/pcmerchandise.co/posts/pfbid0WwVAOjQASN0FZEDd3nOpH9rGh37MzSLcuaqTmlCkHYgyHdJXFkY7jaX7,0,0,Photos,,,,,01/07/2023,,,0,0,0,0,0,0,,,,,
987188619895910,100064197037125,"PC Merchandise","𝐒𝐎𝐋𝐃 𝐢𝟓 𝟏𝟎𝟒𝟎𝟎𝐅 (8PCS)
𝐏𝐄𝐑𝐒𝐎𝐍𝐀𝐋 𝐁𝐔𝐈𝐋𝐃
#PCMERCHANDISE #PCMBUILDS",,0,"01/06/2023 15:15",,https://www.facebook.com/pcmerchandise.co/posts/pfbid0WwVAOjQASN0FZEDd3nOpH9rGh37MzSLcuaqTmlCkHYgyHdJXFkY7jaX7,0,0,Photos,,,,,01/08/2023,,,0,0,0,0,0,0,,,,,
987188619895910,100064197037125,"PC Merchandise","𝐒𝐎𝐋𝐃 𝐢𝟓 𝟏𝟎𝟒𝟎𝟎𝐅 (8PCS)
𝐏𝐄𝐑𝐒𝐎𝐍𝐀𝐋 𝐁𝐔𝐈𝐋𝐃
#PCMERCHANDISE #PCMBUILDS",,0,"01/06/2023 15:15",,https://www.facebook.com/pcmerchandise.co/posts/pfbid0WwVAOjQASN0FZEDd3nOpH9rGh37MzSLcuaqTmlCkHYgyHdJXFkY7jaX7,0,0,Photos,,,,,01/09/2023,,,0,0,0,0,0,0,,,,,
987188619895910,100064197037125,"PC Merchandise","𝐒𝐎𝐋𝐃 𝐢𝟓 𝟏𝟎𝟒𝟎𝟎𝐅 (8PCS)
𝐏𝐄𝐑𝐒𝐎𝐍𝐀𝐋 𝐁𝐔𝐈𝐋𝐃
#PCMERCHANDISE #PCMBUILDS",,0,"01/06/2023 15:15",,https://www.facebook.com/pcmerchandise.co/posts/pfbid0WwVAOjQASN0FZEDd3nOpH9rGh37MzSLcuaqTmlCkHYgyHdJXFkY7jaX7,0,0,Photos,,,,,01/10/2023,,,0,0,0,0,0,0,,,,,
987188619895910,100064197037125,"PC Merchandise","𝐒𝐎𝐋𝐃 𝐢𝟓 𝟏𝟎𝟒𝟎𝟎𝐅 (8PCS)
𝐏𝐄𝐑𝐒𝐎𝐍𝐀𝐋 𝐁𝐔𝐈𝐋𝐃
#PCMERCHANDISE #PCMBUILDS",,0,"01/06/2023 15:15",,https://www.facebook.com/pcmerchandise.co/posts/pfbid0WwVAOjQASN0FZEDd3nOpH9rGh37MzSLcuaqTmlCkHYgyHdJXFkY7jaX7,0,0,Photos,,,,,01/11/2023,,,0,0,0,0,0,0,,,,,
987188619895910,100064197037125,"PC Merchandise","𝐒𝐎𝐋𝐃 𝐢𝟓 𝟏𝟎𝟒𝟎𝟎𝐅 (8PCS)
𝐏𝐄𝐑𝐒𝐎𝐍𝐀𝐋 𝐁𝐔𝐈𝐋𝐃
#PCMERCHANDISE #PCMBUILDS",,0,"01/06/2023 15:15",,https://www.facebook.com/pcmerchandise.co/posts/pfbid0WwVAOjQASN0FZEDd3nOpH9rGh37MzSLcuaqTmlCkHYgyHdJXFkY7jaX7,0,0,Photos,,,,,01/12/2023,,,0,0,0,0,0,0,,,,,
987188619895910,100064197037125,"PC Merchandise","𝐒𝐎𝐋𝐃 𝐢𝟓 𝟏𝟎𝟒𝟎𝟎𝐅 (8PCS)
𝐏𝐄𝐑𝐒𝐎𝐍𝐀𝐋 𝐁𝐔𝐈𝐋𝐃
#PCMERCHANDISE #PCMBUILDS",,0,"01/06/2023 15:15",,https://www.facebook.com/pcmerchandise.co/posts/pfbid0WwVAOjQASN0FZEDd3nOpH9rGh37MzSLcuaqTmlCkHYgyHdJXFkY7jaX7,0,0,Photos,,,,,01/13/2023,,,0,0,0,0,0,0,,,,,
987188619895910,100064197037125,"PC Merchandise","𝐒𝐎𝐋𝐃 𝐢𝟓 𝟏𝟎𝟒𝟎𝟎𝐅 (8PCS)
𝐏𝐄𝐑𝐒𝐎𝐍𝐀𝐋 𝐁𝐔𝐈𝐋𝐃
#PCMERCHANDISE #PCMBUILDS",,0,"01/06/2023 15:15",,https://www.facebook.com/pcmerchandise.co/posts/pfbid0WwVAOjQASN0FZEDd3nOpH9rGh37MzSLcuaqTmlCkHYgyHdJXFkY7jaX7,0,0,Photos,,,,,01/14/2023,,,0,0,0,0,0,0,,,,,
987188619895910,100064197037125,"PC Merchandise","𝐒𝐎𝐋𝐃 𝐢𝟓 𝟏𝟎𝟒𝟎𝟎𝐅 (8PCS)
𝐏𝐄𝐑𝐒𝐎𝐍𝐀𝐋 𝐁𝐔𝐈𝐋𝐃
#PCMERCHANDISE #PCMBUILDS",,0,"01/06/2023 15:15",,https://www.facebook.com/pcmerchandise.co/posts/pfbid0WwVAOjQASN0FZEDd3nOpH9rGh37MzSLcuaqTmlCkHYgyHdJXFkY7jaX7,0,0,Photos,,,,,01/15/2023,,,0,0,0,0,0,0,,,,,
987188619895910,100064197037125,"PC Merchandise","𝐒𝐎𝐋𝐃 𝐢𝟓 𝟏𝟎𝟒𝟎𝟎𝐅 (8PCS)
𝐏𝐄𝐑𝐒𝐎𝐍𝐀𝐋 𝐁𝐔𝐈𝐋𝐃
#PCMERCHANDISE #PCMBUILDS",,0,"01/06/2023 15:15",,https://www.facebook.com/pcmerchandise.co/posts/pfbid0WwVAOjQASN0FZEDd3nOpH9rGh37MzSLcuaqTmlCkHYgyHdJXFkY7jaX7,0,0,Photos,,,,,01/16/2023,,,0,0,0,0,0,0,,,,,
987188619895910,100064197037125,"PC Merchandise","𝐒𝐎𝐋𝐃 𝐢𝟓 𝟏𝟎𝟒𝟎𝟎𝐅 (8PCS)
𝐏𝐄𝐑𝐒𝐎𝐍𝐀𝐋 𝐁𝐔𝐈𝐋𝐃
#PCMERCHANDISE #PCMBUILDS",,0,"01/06/2023 15:15",,https://www.facebook.com/pcmerchandise.co/posts/pfbid0WwVAOjQASN0FZEDd3nOpH9rGh37MzSLcuaqTmlCkHYgyHdJXFkY7jaX7,0,0,Photos,,,,,01/17/2023,,,0,0,0,0,0,0,,,,,
987188619895910,100064197037125,"PC Merchandise","𝐒𝐎𝐋𝐃 𝐢𝟓 𝟏𝟎𝟒𝟎𝟎𝐅 (8PCS)
𝐏𝐄𝐑𝐒𝐎𝐍𝐀𝐋 𝐁𝐔𝐈𝐋𝐃
#PCMERCHANDISE #PCMBUILDS",,0,"01/06/2023 15:15",,https://www.facebook.com/pcmerchandise.co/posts/pfbid0WwVAOjQASN0FZEDd3nOpH9rGh37MzSLcuaqTmlCkHYgyHdJXFkY7jaX7,0,0,Photos,,,,,01/18/2023,,,0,0,0,0,0,0,,,,,
987188619895910,100064197037125,"PC Merchandise","𝐒𝐎𝐋𝐃 𝐢𝟓 𝟏𝟎𝟒𝟎𝟎𝐅 (8PCS)
𝐏𝐄𝐑𝐒𝐎𝐍𝐀𝐋 𝐁𝐔𝐈𝐋𝐃
#PCMERCHANDISE #PCMBUILDS",,0,"01/06/2023 15:15",,https://www.facebook.com/pcmerchandise.co/posts/pfbid0WwVAOjQASN0FZEDd3nOpH9rGh37MzSLcuaqTmlCkHYgyHdJXFkY7jaX7,0,0,Photos,,,,,01/19/2023,,,0,0,0,0,0,0,,,,,
987188619895910,100064197037125,"PC Merchandise","𝐒𝐎𝐋𝐃 𝐢𝟓 𝟏𝟎𝟒𝟎𝟎𝐅 (8PCS)
𝐏𝐄𝐑𝐒𝐎𝐍𝐀𝐋 𝐁𝐔𝐈𝐋𝐃
#PCMERCHANDISE #PCMBUILDS",,0,"01/06/2023 15:15",,https://www.facebook.com/pcmerchandise.co/posts/pfbid0WwVAOjQASN0FZEDd3nOpH9rGh37MzSLcuaqTmlCkHYgyHdJXFkY7jaX7,0,0,Photos,,,,,01/20/2023,,,0,0,0,0,0,0,,,,,
987188619895910,100064197037125,"PC Merchandise","𝐒𝐎𝐋𝐃 𝐢𝟓 𝟏𝟎𝟒𝟎𝟎𝐅 (8PCS)
𝐏𝐄𝐑𝐒𝐎𝐍𝐀𝐋 𝐁𝐔𝐈𝐋𝐃
#PCMERCHANDISE #PCMBUILDS",,0,"01/06/2023 15:15",,https://www.facebook.com/pcmerchandise.co/posts/pfbid0WwVAOjQASN0FZEDd3nOpH9rGh37MzSLcuaqTmlCkHYgyHdJXFkY7jaX7,0,0,Photos,,,,,01/21/2023,,,0,0,0,0,0,0,,,,,
987188619895910,100064197037125,"PC Merchandise","𝐒𝐎𝐋𝐃 𝐢𝟓 𝟏𝟎𝟒𝟎𝟎𝐅 (8PCS)
𝐏𝐄𝐑𝐒𝐎𝐍𝐀𝐋 𝐁𝐔𝐈𝐋𝐃
#PCMERCHANDISE #PCMBUILDS",,0,"01/06/2023 15:15",,https://www.facebook.com/pcmerchandise.co/posts/pfbid0WwVAOjQASN0FZEDd3nOpH9rGh37MzSLcuaqTmlCkHYgyHdJXFkY7jaX7,0,0,Photos,,,,,01/22/2023,,,0,0,0,0,0,0,,,,,
987188619895910,100064197037125,"PC Merchandise","𝐒𝐎𝐋𝐃 𝐢𝟓 𝟏𝟎𝟒𝟎𝟎𝐅 (8PCS)
𝐏𝐄𝐑𝐒𝐎𝐍𝐀𝐋 𝐁𝐔𝐈𝐋𝐃
#PCMERCHANDISE #PCMBUILDS",,0,"01/06/2023 15:15",,https://www.facebook.com/pcmerchandise.co/posts/pfbid0WwVAOjQASN0FZEDd3nOpH9rGh37MzSLcuaqTmlCkHYgyHdJXFkY7jaX7,0,0,Photos,,,,,01/23/2023,,,0,0,0,0,0,0,,,,,
987188619895910,100064197037125,"PC Merchandise","𝐒𝐎𝐋𝐃 𝐢𝟓 𝟏𝟎𝟒𝟎𝟎𝐅 (8PCS)
𝐏𝐄𝐑𝐒𝐎𝐍𝐀𝐋 𝐁𝐔𝐈𝐋𝐃
#PCMERCHANDISE #PCMBUILDS",,0,"01/06/2023 15:15",,https://www.facebook.com/pcmerchandise.co/posts/pfbid0WwVAOjQASN0FZEDd3nOpH9rGh37MzSLcuaqTmlCkHYgyHdJXFkY7jaX7,0,0,Photos,,,,,01/24/2023,,,0,0,0,0,0,0,,,,,
987188619895910,100064197037125,"PC Merchandise","𝐒𝐎𝐋𝐃 𝐢𝟓 𝟏𝟎𝟒𝟎𝟎𝐅 (8PCS)
𝐏𝐄𝐑𝐒𝐎𝐍𝐀𝐋 𝐁𝐔𝐈𝐋𝐃
#PCMERCHANDISE #PCMBUILDS",,0,"01/06/2023 15:15",,https://www.facebook.com/pcmerchandise.co/posts/pfbid0WwVAOjQASN0FZEDd3nOpH9rGh37MzSLcuaqTmlCkHYgyHdJXFkY7jaX7,0,0,Photos,,,,,01/25/2023,,,0,0,0,0,0,0,,,,,
987188619895910,100064197037125,"PC Merchandise","𝐒𝐎𝐋𝐃 𝐢𝟓 𝟏𝟎𝟒𝟎𝟎𝐅 (8PCS)
𝐏𝐄𝐑𝐒𝐎𝐍𝐀𝐋 𝐁𝐔𝐈𝐋𝐃
#PCMERCHANDISE #PCMBUILDS",,0,"01/06/2023 15:15",,https://www.facebook.com/pcmerchandise.co/posts/pfbid0WwVAOjQASN0FZEDd3nOpH9rGh37MzSLcuaqTmlCkHYgyHdJXFkY7jaX7,0,0,Photos,,,,,01/26/2023,,,0,0,0,0,0,0,,,,,
987188619895910,100064197037125,"PC Merchandise","𝐒𝐎𝐋𝐃 𝐢𝟓 𝟏𝟎𝟒𝟎𝟎𝐅 (8PCS)
𝐏𝐄𝐑𝐒𝐎𝐍𝐀𝐋 𝐁𝐔𝐈𝐋𝐃
#PCMERCHANDISE #PCMBUILDS",,0,"01/06/2023 15:15",,https://www.facebook.com/pcmerchandise.co/posts/pfbid0WwVAOjQASN0FZEDd3nOpH9rGh37MzSLcuaqTmlCkHYgyHdJXFkY7jaX7,0,0,Photos,,,,,01/27/2023,,,0,0,0,0,0,0,,,,,
987188619895910,100064197037125,"PC Merchandise","𝐒𝐎𝐋𝐃 𝐢𝟓 𝟏𝟎𝟒𝟎𝟎𝐅 (8PCS)
𝐏𝐄𝐑𝐒𝐎𝐍𝐀𝐋 𝐁𝐔𝐈𝐋𝐃
#PCMERCHANDISE #PCMBUILDS",,0,"01/06/2023 15:15",,https://www.facebook.com/pcmerchandise.co/posts/pfbid0WwVAOjQASN0FZEDd3nOpH9rGh37MzSLcuaqTmlCkHYgyHdJXFkY7jaX7,0,0,Photos,,,,,01/28/2023,,,0,0,0,0,0,0,,,,,
987188619895910,100064197037125,"PC Merchandise","𝐒𝐎𝐋𝐃 𝐢𝟓 𝟏𝟎𝟒𝟎𝟎𝐅 (8PCS)
𝐏𝐄𝐑𝐒𝐎𝐍𝐀𝐋 𝐁𝐔𝐈𝐋𝐃
#PCMERCHANDISE #PCMBUILDS",,0,"01/06/2023 15:15",,https://www.facebook.com/pcmerchandise.co/posts/pfbid0WwVAOjQASN0FZEDd3nOpH9rGh37MzSLcuaqTmlCkHYgyHdJXFkY7jaX7,0,0,Photos,,,,,01/29/2023,,,0,0,0,0,0,0,,,,,
987188619895910,100064197037125,"PC Merchandise","𝐒𝐎𝐋𝐃 𝐢𝟓 𝟏𝟎𝟒𝟎𝟎𝐅 (8PCS)
𝐏𝐄𝐑𝐒𝐎𝐍𝐀𝐋 𝐁𝐔𝐈𝐋𝐃
#PCMERCHANDISE #PCMBUILDS",,0,"01/06/2023 15:15",,https://www.facebook.com/pcmerchandise.co/posts/pfbid0WwVAOjQASN0FZEDd3nOpH9rGh37MzSLcuaqTmlCkHYgyHdJXFkY7jaX7,0,0,Photos,,,,,01/30/2023,,,0,0,0,0,0,0,,,,,
987188619895910,100064197037125,"PC Merchandise","𝐒𝐎𝐋𝐃 𝐢𝟓 𝟏𝟎𝟒𝟎𝟎𝐅 (8PCS)
𝐏𝐄𝐑𝐒𝐎𝐍𝐀𝐋 𝐁𝐔𝐈𝐋𝐃
#PCMERCHANDISE #PCMBUILDS",,0,"01/06/2023 15:15",,https://www.facebook.com/pcmerchandise.co/posts/pfbid0WwVAOjQASN0FZEDd3nOpH9rGh37MzSLcuaqTmlCkHYgyHdJXFkY7jaX7,0,0,Photos,,,,,01/31/2023,,,0,0,0,0,0,0,,,,,
987115608513995,100064197037125,"PC Merchandise","Negosyo starts today! Complete computer shop packages ready. PM now!

𝐂𝐎𝐌𝐒𝐇𝐎𝐏 𝐏𝐑𝐈𝐂𝐄𝐋𝐈𝐒𝐓 >>>
https://pcmerchandise.live/2023-BERMONTHS-LIST-COMSHOP",,0,"01/06/2023 00:34",,https://www.facebook.com/pcmerchandise.co/posts/pfbid0pXPWb6CAEOMoj602OmG9p2oyw61rdUErhnE7Fm6BFy1WKSZvWiQo4rQd,0,0,Photos,,,,,01/31/2023,0,,,,,,,,,,,,
987115608513995,100064197037125,"PC Merchandise","Negosyo starts today! Complete computer shop packages ready. PM now!

𝐂𝐎𝐌𝐒𝐇𝐎𝐏 𝐏𝐑𝐈𝐂𝐄𝐋𝐈𝐒𝐓 >>>
https://pcmerchandise.live/2023-BERMONTHS-LIST-COMSHOP",,0,"01/06/2023 00:34",,https://www.facebook.com/pcmerchandise.co/posts/pfbid0pXPWb6CAEOMoj602OmG9p2oyw61rdUErhnE7Fm6BFy1WKSZvWiQo4rQd,0,0,Photos,,,,,01/01/2023,,,0,0,0,0,0,0,,,,,
987115608513995,100064197037125,"PC Merchandise","Negosyo starts today! Complete computer shop packages ready. PM now!

𝐂𝐎𝐌𝐒𝐇𝐎𝐏 𝐏𝐑𝐈𝐂𝐄𝐋𝐈𝐒𝐓 >>>
https://pcmerchandise.live/2023-BERMONTHS-LIST-COMSHOP",,0,"01/06/2023 00:34",,https://www.facebook.com/pcmerchandise.co/posts/pfbid0pXPWb6CAEOMoj602OmG9p2oyw61rdUErhnE7Fm6BFy1WKSZvWiQo4rQd,0,0,Photos,,,,,01/02/2023,,,0,0,0,0,0,0,,,,,
987115608513995,100064197037125,"PC Merchandise","Negosyo starts today! Complete computer shop packages ready. PM now!

𝐂𝐎𝐌𝐒𝐇𝐎𝐏 𝐏𝐑𝐈𝐂𝐄𝐋𝐈𝐒𝐓 >>>
https://pcmerchandise.live/2023-BERMONTHS-LIST-COMSHOP",,0,"01/06/2023 00:34",,https://www.facebook.com/pcmerchandise.co/posts/pfbid0pXPWb6CAEOMoj602OmG9p2oyw61rdUErhnE7Fm6BFy1WKSZvWiQo4rQd,0,0,Photos,,,,,01/03/2023,,,0,0,0,0,0,0,,,,,
987115608513995,100064197037125,"PC Merchandise","Negosyo starts today! Complete computer shop packages ready. PM now!

𝐂𝐎𝐌𝐒𝐇𝐎𝐏 𝐏𝐑𝐈𝐂𝐄𝐋𝐈𝐒𝐓 >>>
https://pcmerchandise.live/2023-BERMONTHS-LIST-COMSHOP",,0,"01/06/2023 00:34",,https://www.facebook.com/pcmerchandise.co/posts/pfbid0pXPWb6CAEOMoj602OmG9p2oyw61rdUErhnE7Fm6BFy1WKSZvWiQo4rQd,0,0,Photos,,,,,01/04/2023,,,0,0,0,0,0,0,,,,,
987115608513995,100064197037125,"PC Merchandise","Negosyo starts today! Complete computer shop packages ready. PM now!

𝐂𝐎𝐌𝐒𝐇𝐎𝐏 𝐏𝐑𝐈𝐂𝐄𝐋𝐈𝐒𝐓 >>>
https://pcmerchandise.live/2023-BERMONTHS-LIST-COMSHOP",,0,"01/06/2023 00:34",,https://www.facebook.com/pcmerchandise.co/posts/pfbid0pXPWb6CAEOMoj602OmG9p2oyw61rdUErhnE7Fm6BFy1WKSZvWiQo4rQd,0,0,Photos,,,,,01/05/2023,,,0,0,0,0,0,0,,,,,
987115608513995,100064197037125,"PC Merchandise","Negosyo starts today! Complete computer shop packages ready. PM now!

𝐂𝐎𝐌𝐒𝐇𝐎𝐏 𝐏𝐑𝐈𝐂𝐄𝐋𝐈𝐒𝐓 >>>
https://pcmerchandise.live/2023-BERMONTHS-LIST-COMSHOP",,0,"01/06/2023 00:34",,https://www.facebook.com/pcmerchandise.co/posts/pfbid0pXPWb6CAEOMoj602OmG9p2oyw61rdUErhnE7Fm6BFy1WKSZvWiQo4rQd,0,0,Photos,,,,,01/06/2023,,,0,0,0,0,0,0,,,,,
987115608513995,100064197037125,"PC Merchandise","Negosyo starts today! Complete computer shop packages ready. PM now!

𝐂𝐎𝐌𝐒𝐇𝐎𝐏 𝐏𝐑𝐈𝐂𝐄𝐋𝐈𝐒𝐓 >>>
https://pcmerchandise.live/2023-BERMONTHS-LIST-COMSHOP",,0,"01/06/2023 00:34",,https://www.facebook.com/pcmerchandise.co/posts/pfbid0pXPWb6CAEOMoj602OmG9p2oyw61rdUErhnE7Fm6BFy1WKSZvWiQo4rQd,0,0,Photos,,,,,01/07/2023,,,0,0,0,0,0,0,,,,,
987115608513995,100064197037125,"PC Merchandise","Negosyo starts today! Complete computer shop packages ready. PM now!

𝐂𝐎𝐌𝐒𝐇𝐎𝐏 𝐏𝐑𝐈𝐂𝐄𝐋𝐈𝐒𝐓 >>>
https://pcmerchandise.live/2023-BERMONTHS-LIST-COMSHOP",,0,"01/06/2023 00:34",,https://www.facebook.com/pcmerchandise.co/posts/pfbid0pXPWb6CAEOMoj602OmG9p2oyw61rdUErhnE7Fm6BFy1WKSZvWiQo4rQd,0,0,Photos,,,,,01/08/2023,,,0,0,0,0,0,0,,,,,
987115608513995,100064197037125,"PC Merchandise","Negosyo starts today! Complete computer shop packages ready. PM now!

𝐂𝐎𝐌𝐒𝐇𝐎𝐏 𝐏𝐑𝐈𝐂𝐄𝐋𝐈𝐒𝐓 >>>
https://pcmerchandise.live/2023-BERMONTHS-LIST-COMSHOP",,0,"01/06/2023 00:34",,https://www.facebook.com/pcmerchandise.co/posts/pfbid0pXPWb6CAEOMoj602OmG9p2oyw61rdUErhnE7Fm6BFy1WKSZvWiQo4rQd,0,0,Photos,,,,,01/09/2023,,,0,0,0,0,0,0,,,,,
987115608513995,100064197037125,"PC Merchandise","Negosyo starts today! Complete computer shop packages ready. PM now!

𝐂𝐎𝐌𝐒𝐇𝐎𝐏 𝐏𝐑𝐈𝐂𝐄𝐋𝐈𝐒𝐓 >>>
https://pcmerchandise.live/2023-BERMONTHS-LIST-COMSHOP",,0,"01/06/2023 00:34",,https://www.facebook.com/pcmerchandise.co/posts/pfbid0pXPWb6CAEOMoj602OmG9p2oyw61rdUErhnE7Fm6BFy1WKSZvWiQo4rQd,0,0,Photos,,,,,01/10/2023,,,0,0,0,0,0,0,,,,,
987115608513995,100064197037125,"PC Merchandise","Negosyo starts today! Complete computer shop packages ready. PM now!

𝐂𝐎𝐌𝐒𝐇𝐎𝐏 𝐏𝐑𝐈𝐂𝐄𝐋𝐈𝐒𝐓 >>>
https://pcmerchandise.live/2023-BERMONTHS-LIST-COMSHOP",,0,"01/06/2023 00:34",,https://www.facebook.com/pcmerchandise.co/posts/pfbid0pXPWb6CAEOMoj602OmG9p2oyw61rdUErhnE7Fm6BFy1WKSZvWiQo4rQd,0,0,Photos,,,,,01/11/2023,,,0,0,0,0,0,0,,,,,
987115608513995,100064197037125,"PC Merchandise","Negosyo starts today! Complete computer shop packages ready. PM now!

𝐂𝐎𝐌𝐒𝐇𝐎𝐏 𝐏𝐑𝐈𝐂𝐄𝐋𝐈𝐒𝐓 >>>
https://pcmerchandise.live/2023-BERMONTHS-LIST-COMSHOP",,0,"01/06/2023 00:34",,https://www.facebook.com/pcmerchandise.co/posts/pfbid0pXPWb6CAEOMoj602OmG9p2oyw61rdUErhnE7Fm6BFy1WKSZvWiQo4rQd,0,0,Photos,,,,,01/12/2023,,,0,0,0,0,0,0,,,,,
987115608513995,100064197037125,"PC Merchandise","Negosyo starts today! Complete computer shop packages ready. PM now!

𝐂𝐎𝐌𝐒𝐇𝐎𝐏 𝐏𝐑𝐈𝐂𝐄𝐋𝐈𝐒𝐓 >>>
https://pcmerchandise.live/2023-BERMONTHS-LIST-COMSHOP",,0,"01/06/2023 00:34",,https://www.facebook.com/pcmerchandise.co/posts/pfbid0pXPWb6CAEOMoj602OmG9p2oyw61rdUErhnE7Fm6BFy1WKSZvWiQo4rQd,0,0,Photos,,,,,01/13/2023,,,0,0,0,0,0,0,,,,,
987115608513995,100064197037125,"PC Merchandise","Negosyo starts today! Complete computer shop packages ready. PM now!

𝐂𝐎𝐌𝐒𝐇𝐎𝐏 𝐏𝐑𝐈𝐂𝐄𝐋𝐈𝐒𝐓 >>>
https://pcmerchandise.live/2023-BERMONTHS-LIST-COMSHOP",,0,"01/06/2023 00:34",,https://www.facebook.com/pcmerchandise.co/posts/pfbid0pXPWb6CAEOMoj602OmG9p2oyw61rdUErhnE7Fm6BFy1WKSZvWiQo4rQd,0,0,Photos,,,,,01/14/2023,,,0,0,0,0,0,0,,,,,
987115608513995,100064197037125,"PC Merchandise","Negosyo starts today! Complete computer shop packages ready. PM now!

𝐂𝐎𝐌𝐒𝐇𝐎𝐏 𝐏𝐑𝐈𝐂𝐄𝐋𝐈𝐒𝐓 >>>
https://pcmerchandise.live/2023-BERMONTHS-LIST-COMSHOP",,0,"01/06/2023 00:34",,https://www.facebook.com/pcmerchandise.co/posts/pfbid0pXPWb6CAEOMoj602OmG9p2oyw61rdUErhnE7Fm6BFy1WKSZvWiQo4rQd,0,0,Photos,,,,,01/15/2023,,,0,0,0,0,0,0,,,,,
987115608513995,100064197037125,"PC Merchandise","Negosyo starts today! Complete computer shop packages ready. PM now!

𝐂𝐎𝐌𝐒𝐇𝐎𝐏 𝐏𝐑𝐈𝐂𝐄𝐋𝐈𝐒𝐓 >>>
https://pcmerchandise.live/2023-BERMONTHS-LIST-COMSHOP",,0,"01/06/2023 00:34",,https://www.facebook.com/pcmerchandise.co/posts/pfbid0pXPWb6CAEOMoj602OmG9p2oyw61rdUErhnE7Fm6BFy1WKSZvWiQo4rQd,0,0,Photos,,,,,01/16/2023,,,0,0,0,0,0,0,,,,,
987115608513995,100064197037125,"PC Merchandise","Negosyo starts today! Complete computer shop packages ready. PM now!

𝐂𝐎𝐌𝐒𝐇𝐎𝐏 𝐏𝐑𝐈𝐂𝐄𝐋𝐈𝐒𝐓 >>>
https://pcmerchandise.live/2023-BERMONTHS-LIST-COMSHOP",,0,"01/06/2023 00:34",,https://www.facebook.com/pcmerchandise.co/posts/pfbid0pXPWb6CAEOMoj602OmG9p2oyw61rdUErhnE7Fm6BFy1WKSZvWiQo4rQd,0,0,Photos,,,,,01/17/2023,,,0,0,0,0,0,0,,,,,
987115608513995,100064197037125,"PC Merchandise","Negosyo starts today! Complete computer shop packages ready. PM now!

𝐂𝐎𝐌𝐒𝐇𝐎𝐏 𝐏𝐑𝐈𝐂𝐄𝐋𝐈𝐒𝐓 >>>
https://pcmerchandise.live/2023-BERMONTHS-LIST-COMSHOP",,0,"01/06/2023 00:34",,https://www.facebook.com/pcmerchandise.co/posts/pfbid0pXPWb6CAEOMoj602OmG9p2oyw61rdUErhnE7Fm6BFy1WKSZvWiQo4rQd,0,0,Photos,,,,,01/18/2023,,,0,0,0,0,0,0,,,,,
987115608513995,100064197037125,"PC Merchandise","Negosyo starts today! Complete computer shop packages ready. PM now!

𝐂𝐎𝐌𝐒𝐇𝐎𝐏 𝐏𝐑𝐈𝐂𝐄𝐋𝐈𝐒𝐓 >>>
https://pcmerchandise.live/2023-BERMONTHS-LIST-COMSHOP",,0,"01/06/2023 00:34",,https://www.facebook.com/pcmerchandise.co/posts/pfbid0pXPWb6CAEOMoj602OmG9p2oyw61rdUErhnE7Fm6BFy1WKSZvWiQo4rQd,0,0,Photos,,,,,01/19/2023,,,0,0,0,0,0,0,,,,,
987115608513995,100064197037125,"PC Merchandise","Negosyo starts today! Complete computer shop packages ready. PM now!

𝐂𝐎𝐌𝐒𝐇𝐎𝐏 𝐏𝐑𝐈𝐂𝐄𝐋𝐈𝐒𝐓 >>>
https://pcmerchandise.live/2023-BERMONTHS-LIST-COMSHOP",,0,"01/06/2023 00:34",,https://www.facebook.com/pcmerchandise.co/posts/pfbid0pXPWb6CAEOMoj602OmG9p2oyw61rdUErhnE7Fm6BFy1WKSZvWiQo4rQd,0,0,Photos,,,,,01/20/2023,,,0,0,0,0,0,0,,,,,
987115608513995,100064197037125,"PC Merchandise","Negosyo starts today! Complete computer shop packages ready. PM now!

𝐂𝐎𝐌𝐒𝐇𝐎𝐏 𝐏𝐑𝐈𝐂𝐄𝐋𝐈𝐒𝐓 >>>
https://pcmerchandise.live/2023-BERMONTHS-LIST-COMSHOP",,0,"01/06/2023 00:34",,https://www.facebook.com/pcmerchandise.co/posts/pfbid0pXPWb6CAEOMoj602OmG9p2oyw61rdUErhnE7Fm6BFy1WKSZvWiQo4rQd,0,0,Photos,,,,,01/21/2023,,,0,0,0,0,0,0,,,,,
987115608513995,100064197037125,"PC Merchandise","Negosyo starts today! Complete computer shop packages ready. PM now!

𝐂𝐎𝐌𝐒𝐇𝐎𝐏 𝐏𝐑𝐈𝐂𝐄𝐋𝐈𝐒𝐓 >>>
https://pcmerchandise.live/2023-BERMONTHS-LIST-COMSHOP",,0,"01/06/2023 00:34",,https://www.facebook.com/pcmerchandise.co/posts/pfbid0pXPWb6CAEOMoj602OmG9p2oyw61rdUErhnE7Fm6BFy1WKSZvWiQo4rQd,0,0,Photos,,,,,01/22/2023,,,0,0,0,0,0,0,,,,,
987115608513995,100064197037125,"PC Merchandise","Negosyo starts today! Complete computer shop packages ready. PM now!

𝐂𝐎𝐌𝐒𝐇𝐎𝐏 𝐏𝐑𝐈𝐂𝐄𝐋𝐈𝐒𝐓 >>>
https://pcmerchandise.live/2023-BERMONTHS-LIST-COMSHOP",,0,"01/06/2023 00:34",,https://www.facebook.com/pcmerchandise.co/posts/pfbid0pXPWb6CAEOMoj602OmG9p2oyw61rdUErhnE7Fm6BFy1WKSZvWiQo4rQd,0,0,Photos,,,,,01/23/2023,,,0,0,0,0,0,0,,,,,
987115608513995,100064197037125,"PC Merchandise","Negosyo starts today! Complete computer shop packages ready. PM now!

𝐂𝐎𝐌𝐒𝐇𝐎𝐏 𝐏𝐑𝐈𝐂𝐄𝐋𝐈𝐒𝐓 >>>
https://pcmerchandise.live/2023-BERMONTHS-LIST-COMSHOP",,0,"01/06/2023 00:34",,https://www.facebook.com/pcmerchandise.co/posts/pfbid0pXPWb6CAEOMoj602OmG9p2oyw61rdUErhnE7Fm6BFy1WKSZvWiQo4rQd,0,0,Photos,,,,,01/24/2023,,,0,0,0,0,0,0,,,,,
987115608513995,100064197037125,"PC Merchandise","Negosyo starts today! Complete computer shop packages ready. PM now!

𝐂𝐎𝐌𝐒𝐇𝐎𝐏 𝐏𝐑𝐈𝐂𝐄𝐋𝐈𝐒𝐓 >>>
https://pcmerchandise.live/2023-BERMONTHS-LIST-COMSHOP",,0,"01/06/2023 00:34",,https://www.facebook.com/pcmerchandise.co/posts/pfbid0pXPWb6CAEOMoj602OmG9p2oyw61rdUErhnE7Fm6BFy1WKSZvWiQo4rQd,0,0,Photos,,,,,01/25/2023,,,0,0,0,0,0,0,,,,,
987115608513995,100064197037125,"PC Merchandise","Negosyo starts today! Complete computer shop packages ready. PM now!

𝐂𝐎𝐌𝐒𝐇𝐎𝐏 𝐏𝐑𝐈𝐂𝐄𝐋𝐈𝐒𝐓 >>>
https://pcmerchandise.live/2023-BERMONTHS-LIST-COMSHOP",,0,"01/06/2023 00:34",,https://www.facebook.com/pcmerchandise.co/posts/pfbid0pXPWb6CAEOMoj602OmG9p2oyw61rdUErhnE7Fm6BFy1WKSZvWiQo4rQd,0,0,Photos,,,,,01/26/2023,,,0,0,0,0,0,0,,,,,
987115608513995,100064197037125,"PC Merchandise","Negosyo starts today! Complete computer shop packages ready. PM now!

𝐂𝐎𝐌𝐒𝐇𝐎𝐏 𝐏𝐑𝐈𝐂𝐄𝐋𝐈𝐒𝐓 >>>
https://pcmerchandise.live/2023-BERMONTHS-LIST-COMSHOP",,0,"01/06/2023 00:34",,https://www.facebook.com/pcmerchandise.co/posts/pfbid0pXPWb6CAEOMoj602OmG9p2oyw61rdUErhnE7Fm6BFy1WKSZvWiQo4rQd,0,0,Photos,,,,,01/27/2023,,,0,0,0,0,0,0,,,,,
987115608513995,100064197037125,"PC Merchandise","Negosyo starts today! Complete computer shop packages ready. PM now!

𝐂𝐎𝐌𝐒𝐇𝐎𝐏 𝐏𝐑𝐈𝐂𝐄𝐋𝐈𝐒𝐓 >>>
https://pcmerchandise.live/2023-BERMONTHS-LIST-COMSHOP",,0,"01/06/2023 00:34",,https://www.facebook.com/pcmerchandise.co/posts/pfbid0pXPWb6CAEOMoj602OmG9p2oyw61rdUErhnE7Fm6BFy1WKSZvWiQo4rQd,0,0,Photos,,,,,01/28/2023,,,0,0,0,0,0,0,,,,,
987115608513995,100064197037125,"PC Merchandise","Negosyo starts today! Complete computer shop packages ready. PM now!

𝐂𝐎𝐌𝐒𝐇𝐎𝐏 𝐏𝐑𝐈𝐂𝐄𝐋𝐈𝐒𝐓 >>>
https://pcmerchandise.live/2023-BERMONTHS-LIST-COMSHOP",,0,"01/06/2023 00:34",,https://www.facebook.com/pcmerchandise.co/posts/pfbid0pXPWb6CAEOMoj602OmG9p2oyw61rdUErhnE7Fm6BFy1WKSZvWiQo4rQd,0,0,Photos,,,,,01/29/2023,,,0,0,0,0,0,0,,,,,
987115608513995,100064197037125,"PC Merchandise","Negosyo starts today! Complete computer shop packages ready. PM now!

𝐂𝐎𝐌𝐒𝐇𝐎𝐏 𝐏𝐑𝐈𝐂𝐄𝐋𝐈𝐒𝐓 >>>
https://pcmerchandise.live/2023-BERMONTHS-LIST-COMSHOP",,0,"01/06/2023 00:34",,https://www.facebook.com/pcmerchandise.co/posts/pfbid0pXPWb6CAEOMoj602OmG9p2oyw61rdUErhnE7Fm6BFy1WKSZvWiQo4rQd,0,0,Photos,,,,,01/30/2023,,,0,0,0,0,0,0,,,,,
987115608513995,100064197037125,"PC Merchandise","Negosyo starts today! Complete computer shop packages ready. PM now!

𝐂𝐎𝐌𝐒𝐇𝐎𝐏 𝐏𝐑𝐈𝐂𝐄𝐋𝐈𝐒𝐓 >>>
https://pcmerchandise.live/2023-BERMONTHS-LIST-COMSHOP",,0,"01/06/2023 00:34",,https://www.facebook.com/pcmerchandise.co/posts/pfbid0pXPWb6CAEOMoj602OmG9p2oyw61rdUErhnE7Fm6BFy1WKSZvWiQo4rQd,0,0,Photos,,,,,01/31/2023,,,0,0,0,0,0,0,,,,,
987276344840035,100064197037125,"PC Merchandise","malas naman🥹",,41,"01/05/2023 22:00",uploaded,https://www.facebook.com/reel/1182671425557938/,0,0,Reels,,,,,01/01/2023,0,,,,,,0,0,0,0,0,0.000,4.368
987276344840035,100064197037125,"PC Merchandise","malas naman🥹",,41,"01/05/2023 22:00",uploaded,https://www.facebook.com/reel/1182671425557938/,0,0,Reels,,,,,01/02/2023,0,,,,,,0,0,0,0,0,0.000,4.076
987276344840035,100064197037125,"PC Merchandise","malas naman🥹",,41,"01/05/2023 22:00",uploaded,https://www.facebook.com/reel/1182671425557938/,0,0,Reels,,,,,01/03/2023,0,,,,,,0,0,0,0,0,0.000,4.297
987276344840035,100064197037125,"PC Merchandise","malas naman🥹",,41,"01/05/2023 22:00",uploaded,https://www.facebook.com/reel/1182671425557938/,0,0,Reels,,,,,01/04/2023,0,,,,,,0,0,0,0,0,0.000,3.215
987276344840035,100064197037125,"PC Merchandise","malas naman🥹",,41,"01/05/2023 22:00",uploaded,https://www.facebook.com/reel/1182671425557938/,0,0,Reels,,,,,01/05/2023,0,,,,,,0,0,0,0,0,45.536,4.354
987276344840035,100064197037125,"PC Merchandise","malas naman🥹",,41,"01/05/2023 22:00",uploaded,https://www.facebook.com/reel/1182671425557938/,0,0,Reels,,,,,01/06/2023,0,,,,,,0,0,0,0,0,45.129,3.741
987276344840035,100064197037125,"PC Merchandise","malas naman🥹",,41,"01/05/2023 22:00",uploaded,https://www.facebook.com/reel/1182671425557938/,0,0,Reels,,,,,01/07/2023,0,,,,,,0,0,0,0,0,54.703,3.940
987276344840035,100064197037125,"PC Merchandise","malas naman🥹",,41,"01/05/2023 22:00",uploaded,https://www.facebook.com/reel/1182671425557938/,0,0,Reels,,,,,01/08/2023,0,,,,,,0,0,0,0,0,24.896,5.133
987276344840035,100064197037125,"PC Merchandise","malas naman🥹",,41,"01/05/2023 22:00",uploaded,https://www.facebook.com/reel/1182671425557938/,0,0,Reels,,,,,01/09/2023,0,,,,,,0,0,0,0,0,23.761,4.415
987276344840035,100064197037125,"PC Merchandise","malas naman🥹",,41,"01/05/2023 22:00",uploaded,https://www.facebook.com/reel/1182671425557938/,0,0,Reels,,,,,01/10/2023,0,,,,,,0,0,0,0,0,18.153,4.027
987276344840035,100064197037125,"PC Merchandise","malas naman🥹",,41,"01/05/2023 22:00",uploaded,https://www.facebook.com/reel/1182671425557938/,0,0,Reels,,,,,01/11/2023,0,,,,,,0,0,0,0,0,10.128,3.976
987276344840035,100064197037125,"PC Merchandise","malas naman🥹",,41,"01/05/2023 22:00",uploaded,https://www.facebook.com/reel/1182671425557938/,0,0,Reels,,,,,01/12/2023,0,,,,,,0,0,0,0,0,6.381,3.529
987276344840035,100064197037125,"PC Merchandise","malas naman🥹",,41,"01/05/2023 22:00",uploaded,https://www.facebook.com/reel/1182671425557938/,0,0,Reels,,,,,01/13/2023,0,,,,,,0,0,0,0,0,13.566,4.161
987276344840035,100064197037125,"PC Merchandise","malas naman🥹",,41,"01/05/2023 22:00",uploaded,https://www.facebook.com/reel/1182671425557938/,0,0,Reels,,,,,01/14/2023,0,,,,,,0,0,0,0,0,6.106,3.074
987276344840035,100064197037125,"PC Merchandise","malas naman🥹",,41,"01/05/2023 22:00",uploaded,https://www.facebook.com/reel/1182671425557938/,0,0,Reels,,,,,01/15/2023,0,,,,,,0,0,0,0,0,9.722,4.378
987276344840035,100064197037125,"PC Merchandise","malas naman🥹",,41,"01/05/2023 22:00",uploaded,https://www.facebook.com/reel/1182671425557938/,0,0,Reels,,,,,01/16/2023,0,,,,,,0,0,0,0,0,2.579,3.987
987276344840035,100064197037125,"PC Merchandise","malas naman🥹",,41,"01/05/2023 22:00",uploaded,https://www.facebook.com/reel/1182671425557938/,0,0,Reels,,,,,01/17/2023,0,,,,,,0,0,0,0,0,2.811,3.792
987276344840035,100064197037125,"PC Merchandise","malas naman🥹",,41,"01/05/2023 22:00",uploaded,https://www.facebook.com/reel/1182671425557938/,0,0,Reels,,,,,01/18/2023,0,,,,,,0,0,0,0,0,4.064,5.514
987276344840035,100064197037125,"PC Merchandise","malas naman🥹",,41,"01/05/2023 22:00",uploaded,https://www.facebook.com/reel/1182671425557938/,0,0,Reels,,,,,01/19/2023,0,,,,,,0,0,0,0,0,3.118,4.058
987276344840035,100064197037125,"PC Merchandise","malas naman🥹",,41,"01/05/2023 22:00",uploaded,https://www.facebook.com/reel/1182671425557938/,0,0,Reels,,,,,01/20/2023,0,,,,,,0,0,0,0,0,5.206,2.786
987276344840035,100064197037125,"PC Merchandise","malas naman🥹",,41,"01/05/2023 22:00",uploaded,https://www.facebook.com/reel/1182671425557938/,0,0,Reels,,,,,01/21/2023,0,,,,,,0,0,0,0,0,4.946,4.337
987276344840035,100064197037125,"PC Merchandise","malas naman🥹",,41,"01/05/2023 22:00",uploaded,https://www.facebook.com/reel/1182671425557938/,0,0,Reels,,,,,01/22/2023,0,,,,,,0,0,0,0,0,9.609,4.736
987276344840035,100064197037125,"PC Merchandise","malas naman🥹",,41,"01/05/2023 22:00",uploaded,https://www.facebook.com/reel/1182671425557938/,0,0,Reels,,,,,01/23/2023,0,,,,,,0,0,0,0,0,13.997,4.340
987276344840035,100064197037125,"PC Merchandise","malas naman🥹",,41,"01/05/2023 22:00",uploaded,https://www.facebook.com/reel/1182671425557938/,0,0,Reels,,,,,01/24/2023,0,,,,,,0,0,0,0,0,8.508,4.082
987276344840035,100064197037125,"PC Merchandise","malas naman🥹",,41,"01/05/2023 22:00",uploaded,https://www.facebook.com/reel/1182671425557938/,0,0,Reels,,,,,01/25/2023,0,,,,,,0,0,0,0,0,8.066,3.256
987276344840035,100064197037125,"PC Merchandise","malas naman🥹",,41,"01/05/2023 22:00",uploaded,https://www.facebook.com/reel/1182671425557938/,0,0,Reels,,,,,01/26/2023,0,,,,,,0,0,0,0,0,7.888,3.107
987276344840035,100064197037125,"PC Merchandise","malas naman🥹",,41,"01/05/2023 22:00",uploaded,https://www.facebook.com/reel/1182671425557938/,0,0,Reels,,,,,01/27/2023,0,,,,,,0,0,0,0,0,5.036,2.354
987276344840035,100064197037125,"PC Merchandise","malas naman🥹",,41,"01/05/2023 22:00",uploaded,https://www.facebook.com/reel/1182671425557938/,0,0,Reels,,,,,01/28/2023,0,,,,,,0,0,0,0,0,6.607,5.183
987276344840035,100064197037125,"PC Merchandise","malas naman🥹",,41,"01/05/2023 22:00",uploaded,https://www.facebook.com/reel/1182671425557938/,0,0,Reels,,,,,01/29/2023,0,,,,,,0,0,0,0,0,4.545,2.125
987276344840035,100064197037125,"PC Merchandise","malas naman🥹",,41,"01/05/2023 22:00",uploaded,https://www.facebook.com/reel/1182671425557938/,0,0,Reels,,,,,01/30/2023,0,,,,,,0,0,0,0,0,8.060,4.693
987276344840035,100064197037125,"PC Merchandise","malas naman🥹",,41,"01/05/2023 22:00",uploaded,https://www.facebook.com/reel/1182671425557938/,0,0,Reels,,,,,01/31/2023,0,,,,,,0,0,0,0,0,5.762,5.643
987500900771181,100064197037125,"PC Merchandise","𝐑𝐘𝐙𝐄𝐍 𝟑 𝟑𝟐𝟎𝟎𝐆 w/ 𝐆𝐓𝐗 𝟏𝟔𝟓𝟎
𝐆𝐀𝐌𝐈𝐍𝐆 𝐁𝐔𝐈𝐋𝐃
#PCMERCHANDISE #PCMBUILDS",,70,"01/04/2023 22:15",mixed,https://www.facebook.com/reel/1774421575764368/,0,0,Reels,,,,,01/01/2023,0,,,,,,0,0,0,0,0,0.000,5.406
987500900771181,100064197037125,"PC Merchandise","𝐑𝐘𝐙𝐄𝐍 𝟑 𝟑𝟐𝟎𝟎𝐆 w/ 𝐆𝐓𝐗 𝟏𝟔𝟓𝟎
𝐆𝐀𝐌𝐈𝐍𝐆 𝐁𝐔𝐈𝐋𝐃
#PCMERCHANDISE #PCMBUILDS",,70,"01/04/2023 22:15",mixed,https://www.facebook.com/reel/1774421575764368/,0,0,Reels,,,,,01/02/2023,0,,,,,,0,0,0,0,0,0.000,5.787
987500900771181,100064197037125,"PC Merchandise","𝐑𝐘𝐙𝐄𝐍 𝟑 𝟑𝟐𝟎𝟎𝐆 w/ 𝐆𝐓𝐗 𝟏𝟔𝟓𝟎
𝐆𝐀𝐌𝐈𝐍𝐆 𝐁𝐔𝐈𝐋𝐃
#PCMERCHANDISE #PCMBUILDS",,70,"01/04/2023 22:15",mixed,https://www.facebook.com/reel/1774421575764368/,0,0,Reels,,,,,01/03/2023,0,,,,,,0,0,0,0,0,0.000,4.616
987500900771181,100064197037125,"PC Merchandise","𝐑𝐘𝐙𝐄𝐍 𝟑 𝟑𝟐𝟎𝟎𝐆 w/ 𝐆𝐓𝐗 𝟏𝟔𝟓𝟎
𝐆𝐀𝐌𝐈𝐍𝐆 𝐁𝐔𝐈𝐋𝐃
#PCMERCHANDISE #PCMBUILDS",,70,"01/04/2023 22:15",mixed,https://www.facebook.com/reel/1774421575764368/,0,0,Reels,,,,,01/04/2023,0,,,,,,179,0,0,0,0,57.957,4.286
987500900771181,100064197037125,"PC Merchandise","𝐑𝐘𝐙𝐄𝐍 𝟑 𝟑𝟐𝟎𝟎𝐆 w/ 𝐆𝐓𝐗 𝟏𝟔𝟓𝟎
𝐆𝐀𝐌𝐈𝐍𝐆 𝐁𝐔𝐈𝐋𝐃
#PCMERCHANDISE #PCMBUILDS",,70,"01/04/2023 22:15",mixed,https://www.facebook.com/reel/1774421575764368/,0,0,Reels,,,,,01/05/2023,0,,,,,,174,0,0,0,0,58.047,5.010
987500900771181,100064197037125,"PC Merchandise","𝐑𝐘𝐙𝐄𝐍 𝟑 𝟑𝟐𝟎𝟎𝐆 w/ 𝐆𝐓𝐗 𝟏𝟔𝟓𝟎
𝐆𝐀𝐌𝐈𝐍𝐆 𝐁𝐔𝐈𝐋𝐃
#PCMERCHANDISE #PCMBUILDS",,70,"01/04/2023 22:15",mixed,https://www.facebook.com/reel/1774421575764368/,0,0,Reels,,,,,01/06/2023,0,,,,,,166,0,0,0,0,63.358,5.569
987500900771181,100064197037125,"PC Merchandise","𝐑𝐘𝐙𝐄𝐍 𝟑 𝟑𝟐𝟎𝟎𝐆 w/ 𝐆𝐓𝐗 𝟏𝟔𝟓𝟎
𝐆𝐀𝐌𝐈𝐍𝐆 𝐁𝐔𝐈𝐋𝐃
#PCMERCHANDISE #PCMBUILDS",,70,"01/04/2023 22:15",mixed,https://www.facebook.com/reel/1774421575764368/,0,0,Reels,,,,,01/07/2023,0,,,,,,209,0,0,0,0,29.623,5.489
987500900771181,100064197037125,"PC Merchandise","𝐑𝐘𝐙𝐄𝐍 𝟑 𝟑𝟐𝟎𝟎𝐆 w/ 𝐆𝐓𝐗 𝟏𝟔𝟓𝟎
𝐆𝐀𝐌𝐈𝐍𝐆 𝐁𝐔𝐈𝐋𝐃
#PCMERCHANDISE #PCMBUILDS",,70,"01/04/2023 22:15",mixed,https://www.facebook.com/reel/1774421575764368/,0,0,Reels,,,,,01/08/2023,0,,,,,,181,0,0,0,0,27.091,5.731
987500900771181,100064197037125,"PC Merchandise","𝐑𝐘𝐙𝐄𝐍 𝟑 𝟑𝟐𝟎𝟎𝐆 w/ 𝐆𝐓𝐗 𝟏𝟔𝟓𝟎
𝐆𝐀𝐌𝐈𝐍𝐆 𝐁𝐔𝐈𝐋𝐃
#PCMERCHANDISE #PCMBUILDS",,70,"01/04/2023 22:15",mixed,https://www.facebook.com/reel/1774421575764368/,0,0,Reels,,,,,01/09/2023,0,,,,,,0,0,0,0,0,13.983,6.333
987500900771181,100064197037125,"PC Merchandise","𝐑𝐘𝐙𝐄𝐍 𝟑 𝟑𝟐𝟎𝟎𝐆 w/ 𝐆𝐓𝐗 𝟏𝟔𝟓𝟎
𝐆𝐀𝐌𝐈𝐍𝐆 𝐁𝐔𝐈𝐋𝐃
#PCMERCHANDISE #PCMBUILDS",,70,"01/04/2023 22:15",mixed,https://www.facebook.com/reel/1774421575764368/,0,0,Reels,,,,,01/10/2023,0,,,,,,0,0,0,0,0,20.588,5.067
987500900771181,100064197037125,"PC Merchandise","𝐑𝐘𝐙𝐄𝐍 𝟑 𝟑𝟐𝟎𝟎𝐆 w/ 𝐆𝐓𝐗 𝟏𝟔𝟓𝟎
𝐆𝐀𝐌𝐈𝐍𝐆 𝐁𝐔𝐈𝐋𝐃
#PCMERCHANDISE #PCMBUILDS",,70,"01/04/2023 22:15",mixed,https://www.facebook.com/reel/1774421575764368/,0,0,Reels,,,,,01/11/2023,0,,,,,,0,0,0,0,0,11.492,4.140
987500900771181,100064197037125,"PC Merchandise","𝐑𝐘𝐙𝐄𝐍 𝟑 𝟑𝟐𝟎𝟎𝐆 w/ 𝐆𝐓𝐗 𝟏𝟔𝟓𝟎
𝐆𝐀𝐌𝐈𝐍𝐆 𝐁𝐔𝐈𝐋𝐃
#PCMERCHANDISE #PCMBUILDS",,70,"01/04/2023 22:15",mixed,https://www.facebook.com/reel/1774421575764368/,0,0,Reels,,,,,01/12/2023,0,,,,,,0,0,0,0,0,17.391,7.255
987500900771181,100064197037125,"PC Merchandise","𝐑𝐘𝐙𝐄𝐍 𝟑 𝟑𝟐𝟎𝟎𝐆 w/ 𝐆𝐓𝐗 𝟏𝟔𝟓𝟎
𝐆𝐀𝐌𝐈𝐍𝐆 𝐁𝐔𝐈𝐋𝐃
#PCMERCHANDISE #PCMBUILDS",,70,"01/04/2023 22:15",mixed,https://www.facebook.com/reel/1774421575764368/,0,0,Reels,,,,,01/13/2023,0,,,,,,0,0,0,0,0,8.683,4.397
987500900771181,100064197037125,"PC Merchandise","𝐑𝐘𝐙𝐄𝐍 𝟑 𝟑𝟐𝟎𝟎𝐆 w/ 𝐆𝐓𝐗 𝟏𝟔𝟓𝟎
𝐆𝐀𝐌𝐈𝐍𝐆 𝐁𝐔𝐈𝐋𝐃
#PCMERCHANDISE #PCMBUILDS",,70,"01/04/2023 22:15",mixed,https://www.facebook.com/reel/1774421575764368/,0,0,Reels,,,,,01/14/2023,0,,,,,,0,0,0,0,0,2.995,4.649
987500900771181,100064197037125,"PC Merchandise","𝐑𝐘𝐙𝐄𝐍 𝟑 𝟑𝟐𝟎𝟎𝐆 w/ 𝐆𝐓𝐗 𝟏𝟔𝟓𝟎
𝐆𝐀𝐌𝐈𝐍𝐆 𝐁𝐔𝐈𝐋𝐃
#PCMERCHANDISE #PCMBUILDS",,70,"01/04/2023 22:15",mixed,https://www.facebook.com/reel/1774421575764368/,0,0,Reels,,,,,01/15/2023,0,,,,,,0,0,0,0,0,7.568,5.480
987500900771181,100064197037125,"PC Merchandise","𝐑𝐘𝐙𝐄𝐍 𝟑 𝟑𝟐𝟎𝟎𝐆 w/ 𝐆𝐓𝐗 𝟏𝟔𝟓𝟎
𝐆𝐀𝐌𝐈𝐍𝐆 𝐁𝐔𝐈𝐋𝐃
#PCMERCHANDISE #PCMBUILDS",,70,"01/04/2023 22:15",mixed,https://www.facebook.com/reel/1774421575764368/,0,0,Reels,,,,,01/16/2023,0,,,,,,0,0,0,0,0,4.605,6.456
987500900771181,100064197037125,"PC Merchandise","𝐑𝐘𝐙𝐄𝐍 𝟑 𝟑𝟐𝟎𝟎𝐆 w/ 𝐆𝐓𝐗 𝟏𝟔𝟓𝟎
𝐆𝐀𝐌𝐈𝐍𝐆 𝐁𝐔𝐈𝐋𝐃
#PCMERCHANDISE #PCMBUILDS",,70,"01/04/2023 22:15",mixed,https://www.facebook.com/reel/1774421575764368/,0,0,Reels,,,,,01/17/2023,0,,,,,,0,0,0,0,0,7.470,4.956
987500900771181,100064197037125,"PC Merchandise","𝐑𝐘𝐙𝐄𝐍 𝟑 𝟑𝟐𝟎𝟎𝐆 w/ 𝐆𝐓𝐗 𝟏𝟔𝟓𝟎
𝐆𝐀𝐌𝐈𝐍𝐆 𝐁𝐔𝐈𝐋𝐃
#PCMERCHANDISE #PCMBUILDS",,70,"01/04/2023 22:15",mixed,https://www.facebook.com/reel/1774421575764368/,0,0,Reels,,,,,01/18/2023,0,,,,,,0,0,0,0,0,3.033,5.231
987500900771181,100064197037125,"PC Merchandise","𝐑𝐘𝐙𝐄𝐍 𝟑 𝟑𝟐𝟎𝟎𝐆 w/ 𝐆𝐓𝐗 𝟏𝟔𝟓𝟎
𝐆𝐀𝐌𝐈𝐍𝐆 𝐁𝐔𝐈𝐋𝐃
#PCMERCHANDISE #PCMBUILDS",,70,"01/04/2023 22:15",mixed,https://www.facebook.com/reel/1774421575764368/,0,0,Reels,,,,,01/19/2023,0,,,,,,0,0,0,0,0,5.282,5.062
987500900771181,100064197037125,"PC Merchandise","𝐑𝐘𝐙𝐄𝐍 𝟑 𝟑𝟐𝟎𝟎𝐆 w/ 𝐆𝐓𝐗 𝟏𝟔𝟓𝟎
𝐆𝐀𝐌𝐈𝐍𝐆 𝐁𝐔𝐈𝐋𝐃
#PCMERCHANDISE #PCMBUILDS",,70,"01/04/2023 22:15",mixed,https://www.facebook.com/reel/1774421575764368/,0,0,Reels,,,,,01/20/2023,0,,,,,,0,0,0,0,0,9.727,5.526
987500900771181,100064197037125,"PC Merchandise","𝐑𝐘𝐙𝐄𝐍 𝟑 𝟑𝟐𝟎𝟎𝐆 w/ 𝐆𝐓𝐗 𝟏𝟔𝟓𝟎
𝐆𝐀𝐌𝐈𝐍𝐆 𝐁𝐔𝐈𝐋𝐃
#PCMERCHANDISE #PCMBUILDS",,70,"01/04/2023 22:15",mixed,https://www.facebook.com/reel/1774421575764368/,0,0,Reels,,,,,01/21/2023,0,,,,,,0,0,0,0,0,14.227,5.879
987500900771181,100064197037125,"PC Merchandise","𝐑𝐘𝐙𝐄𝐍 𝟑 𝟑𝟐𝟎𝟎𝐆 w/ 𝐆𝐓𝐗 𝟏𝟔𝟓𝟎
𝐆𝐀𝐌𝐈𝐍𝐆 𝐁𝐔𝐈𝐋𝐃
#PCMERCHANDISE #PCMBUILDS",,70,"01/04/2023 22:15",mixed,https://www.facebook.com/reel/1774421575764368/,0,0,Reels,,,,,01/22/2023,0,,,,,,0,0,0,0,0,10.071,5.337
987500900771181,100064197037125,"PC Merchandise","𝐑𝐘𝐙𝐄𝐍 𝟑 𝟑𝟐𝟎𝟎𝐆 w/ 𝐆𝐓𝐗 𝟏𝟔𝟓𝟎
𝐆𝐀𝐌𝐈𝐍𝐆 𝐁𝐔𝐈𝐋𝐃
#PCMERCHANDISE #PCMBUILDS",,70,"01/04/2023 22:15",mixed,https://www.facebook.com/reel/1774421575764368/,0,0,Reels,,,,,01/23/2023,0,,,,,,0,0,0,0,0,8.208,7.127
987500900771181,100064197037125,"PC Merchandise","𝐑𝐘𝐙𝐄𝐍 𝟑 𝟑𝟐𝟎𝟎𝐆 w/ 𝐆𝐓𝐗 𝟏𝟔𝟓𝟎
𝐆𝐀𝐌𝐈𝐍𝐆 𝐁𝐔𝐈𝐋𝐃
#PCMERCHANDISE #PCMBUILDS",,70,"01/04/2023 22:15",mixed,https://www.facebook.com/reel/1774421575764368/,0,0,Reels,,,,,01/24/2023,0,,,,,,0,0,0,0,0,11.440,4.693
987500900771181,100064197037125,"PC Merchandise","𝐑𝐘𝐙𝐄𝐍 𝟑 𝟑𝟐𝟎𝟎𝐆 w/ 𝐆𝐓𝐗 𝟏𝟔𝟓𝟎
𝐆𝐀𝐌𝐈𝐍𝐆 𝐁𝐔𝐈𝐋𝐃
#PCMERCHANDISE #PCMBUILDS",,70,"01/04/2023 22:15",mixed,https://www.facebook.com/reel/1774421575764368/,0,0,Reels,,,,,01/25/2023,0,,,,,,0,0,0,0,0,6.269,4.760
987500900771181,100064197037125,"PC Merchandise","𝐑𝐘𝐙𝐄𝐍 𝟑 𝟑𝟐𝟎𝟎𝐆 w/ 𝐆𝐓𝐗 𝟏𝟔𝟓𝟎
𝐆𝐀𝐌𝐈𝐍𝐆 𝐁𝐔𝐈𝐋𝐃
#PCMERCHANDISE #PCMBUILDS",,70,"01/04/2023 22:15",mixed,https://www.facebook.com/reel/1774421575764368/,0,0,Reels,,,,,01/26/2023,0,,,,,,0,0,0,0,0,15.909,5.671
987500900771181,100064197037125,"PC Merchandise","𝐑𝐘𝐙𝐄𝐍 𝟑 𝟑𝟐𝟎𝟎𝐆 w/ 𝐆𝐓𝐗 𝟏𝟔𝟓𝟎
𝐆𝐀𝐌𝐈𝐍𝐆 𝐁𝐔𝐈𝐋𝐃
#PCMERCHANDISE #PCMBUILDS",,70,"01/04/2023 22:15",mixed,https://www.facebook.com/reel/1774421575764368/,0,0,Reels,,,,,01/27/2023,0,,,,,,0,0,0,0,0,8.320,5.007
987500900771181,100064197037125,"PC Merchandise","𝐑𝐘𝐙𝐄𝐍 𝟑 𝟑𝟐𝟎𝟎𝐆 w/ 𝐆𝐓𝐗 𝟏𝟔𝟓𝟎
𝐆𝐀𝐌𝐈𝐍𝐆 𝐁𝐔𝐈𝐋𝐃
#PCMERCHANDISE #PCMBUILDS",,70,"01/04/2023 22:15",mixed,https://www.facebook.com/reel/1774421575764368/,0,0,Reels,,,,,01/28/2023,0,,,,,,0,0,0,0,0,11.568,4.418
987500900771181,100064197037125,"PC Merchandise","𝐑𝐘𝐙𝐄𝐍 𝟑 𝟑𝟐𝟎𝟎𝐆 w/ 𝐆𝐓𝐗 𝟏𝟔𝟓𝟎
𝐆𝐀𝐌𝐈𝐍𝐆 𝐁𝐔𝐈𝐋𝐃
#PCMERCHANDISE #PCMBUILDS",,70,"01/04/2023 22:15",mixed,https://www.facebook.com/reel/1774421575764368/,0,0,Reels,,,,,01/29/2023,0,,,,,,0,0,0,0,0,6.657,6.559
987500900771181,100064197037125,"PC Merchandise","𝐑𝐘𝐙𝐄𝐍 𝟑 𝟑𝟐𝟎𝟎𝐆 w/ 𝐆𝐓𝐗 𝟏𝟔𝟓𝟎
𝐆𝐀𝐌𝐈𝐍𝐆 𝐁𝐔𝐈𝐋𝐃
#PCMERCHANDISE #PCMBUILDS",,70,"01/04/2023 22:15",mixed,https://www.facebook.com/reel/1774421575764368/,0,0,Reels,,,,,01/30/2023,0,,,,,,0,0,0,0,0,10.245,5.683
987500900771181,100064197037125,"PC Merchandise","𝐑𝐘𝐙𝐄𝐍 𝟑 𝟑𝟐𝟎𝟎𝐆 w/ 𝐆𝐓𝐗 𝟏𝟔𝟓𝟎
𝐆𝐀𝐌𝐈𝐍𝐆 𝐁𝐔𝐈𝐋𝐃
#PCMERCHANDISE #PCMBUILDS",,70,"01/04/2023 22:15",mixed,https://www.facebook.com/reel/1774421575764368/,0,0,Reels,,,,,01/31/2023,0,,,,,,0,0,0,0,0,8.703,5.980
987570861643685,100064197037125,"PC Merchandise","𝐢𝟓 𝟏𝟎𝟒𝟎𝟎𝐅 w/ 𝐆𝐓𝐗 𝟏𝟔𝟔𝟎𝐒
𝐆𝐀𝐌𝐈𝐍𝐆 𝐁𝐔𝐈𝐋𝐃
#PCMERCHANDISE #PCMBUILDS",,0,"01/03/2023 20:00",,https://www.facebook.com/pcmerchandise.co/posts/pfbid0aBs23PZyI6lCAraag2QssW0858yQ17kIfCyifE3tt7ZNYt449JIlYN5Q,0,0,Photos,,,,,01/31/2023,0,,,,,,,,,,,,
987570861643685,100064197037125,"PC Merchandise","𝐢𝟓 𝟏𝟎𝟒𝟎𝟎𝐅 w/ 𝐆𝐓𝐗 𝟏𝟔𝟔𝟎𝐒
𝐆𝐀𝐌𝐈𝐍𝐆 𝐁𝐔𝐈𝐋𝐃
#PCMERCHANDISE #PCMBUILDS",,0,"01/03/2023 20:00",,https://www.facebook.com/pcmerchandise.co/posts/pfbid0aBs23PZyI6lCAraag2QssW0858yQ17kIfCyifE3tt7ZNYt449JIlYN5Q,0,0,Photos,,,,,01/01/2023,,,0,0,0,0,0,0,,,,,
987570861643685,100064197037125,"PC Merchandise","𝐢𝟓 𝟏𝟎𝟒𝟎𝟎𝐅 w/ 𝐆𝐓𝐗 𝟏𝟔𝟔𝟎𝐒
𝐆𝐀𝐌𝐈𝐍𝐆 𝐁𝐔𝐈𝐋𝐃
#PCMERCHANDISE #PCMBUILDS",,0,"01/03/2023 20:00",,https://www.facebook.com/pcmerchandise.co/posts/pfbid0aBs23PZyI6lCAraag2QssW0858yQ17kIfCyifE3tt7ZNYt449JIlYN5Q,0,0,Photos,,,,,01/02/2023,,,0,0,0,0,0,0,,,,,
987570861643685,100064197037125,"PC Merchandise","𝐢𝟓 𝟏𝟎𝟒𝟎𝟎𝐅 w/ 𝐆𝐓𝐗 𝟏𝟔𝟔𝟎𝐒
𝐆𝐀𝐌𝐈𝐍𝐆 𝐁𝐔𝐈𝐋𝐃
#PCMERCHANDISE #PCMBUILDS",,0,"01/03/2023 20:00",,https://www.facebook.com/pcmerchandise.co/posts/pfbid0aBs23PZyI6lCAraag2QssW0858yQ17kIfCyifE3tt7ZNYt449JIlYN5Q,0,0,Photos,,,,,01/03/2023,,,0,0,0,0,0,0,,,,,
987570861643685,100064197037125,"PC Merchandise","𝐢𝟓 𝟏𝟎𝟒𝟎𝟎𝐅 w/ 𝐆𝐓𝐗 𝟏𝟔𝟔𝟎𝐒
𝐆𝐀𝐌𝐈𝐍𝐆 𝐁𝐔𝐈𝐋𝐃
#PCMERCHANDISE #PCMBUILDS",,0,"01/03/2023 20:00",,https://www.facebook.com/pcmerchandise.co/posts/pfbid0aBs23PZyI6lCAraag2QssW0858yQ17kIfCyifE3tt7ZNYt449JIlYN5Q,0,0,Photos,,,,,01/04/2023,,,0,0,0,0,0,0,,,,,
987570861643685,100064197037125,"PC Merchandise","𝐢𝟓 𝟏𝟎𝟒𝟎𝟎𝐅 w/ 𝐆𝐓𝐗 𝟏𝟔𝟔𝟎𝐒
𝐆𝐀𝐌𝐈𝐍𝐆 𝐁𝐔𝐈𝐋𝐃
#PCMERCHANDISE #PCMBUILDS",,0,"01/03/2023 20:00",,https://www.facebook.com/pcmerchandise.co/posts/pfbid0aBs23PZyI6lCAraag2QssW0858yQ17kIfCyifE3tt7ZNYt449JIlYN5Q,0,0,Photos,,,,,01/05/2023,,,0,0,0,0,0,0,,,,,
987570861643685,100064197037125,"PC Merchandise","𝐢𝟓 𝟏𝟎𝟒𝟎𝟎𝐅 w/ 𝐆𝐓𝐗 𝟏𝟔𝟔𝟎𝐒
𝐆𝐀𝐌𝐈𝐍𝐆 𝐁𝐔𝐈𝐋𝐃
#PCMERCHANDISE #PCMBUILDS",,0,"01/03/2023 20:00",,https://www.facebook.com/pcmerchandise.co/posts/pfbid0aBs23PZyI6lCAraag2QssW0858yQ17kIfCyifE3tt7ZNYt449JIlYN5Q,0,0,Photos,,,,,01/06/2023,,,0,0,0,0,0,0,,,,,
987570861643685,100064197037125,"PC Merchandise","𝐢𝟓 𝟏𝟎𝟒𝟎𝟎𝐅 w/ 𝐆𝐓𝐗 𝟏𝟔𝟔𝟎𝐒
𝐆𝐀𝐌𝐈𝐍𝐆 𝐁𝐔𝐈𝐋𝐃
#PCMERCHANDISE #PCMBUILDS",,0,"01/03/2023 20:00",,https://www.facebook.com/pcmerchandise.co/posts/pfbid0aBs23PZyI6lCAraag2QssW0858yQ17kIfCyifE3tt7ZNYt449JIlYN5Q,0,0,Photos,,,,,01/07/2023,,,0,0,0,0,0,0,,,,,
987570861643685,100064197037125,"PC Merchandise","𝐢𝟓 𝟏𝟎𝟒𝟎𝟎𝐅 w/ 𝐆𝐓𝐗 𝟏𝟔𝟔𝟎𝐒
𝐆𝐀𝐌𝐈𝐍𝐆 𝐁𝐔𝐈𝐋𝐃
#PCMERCHANDISE #PCMBUILDS",,0,"01/03/2023 20:00",,https://www.facebook.com/pcmerchandise.co/posts/pfbid0aBs23PZyI6lCAraag2QssW0858yQ17kIfCyifE3tt7ZNYt449JIlYN5Q,0,0,Photos,,,,,01/08/2023,,,0,0,0,0,0,0,,,,,
987570861643685,100064197037125,"PC Merchandise","𝐢𝟓 𝟏𝟎𝟒𝟎𝟎𝐅 w/ 𝐆𝐓𝐗 𝟏𝟔𝟔𝟎𝐒
𝐆𝐀𝐌𝐈𝐍𝐆 𝐁𝐔𝐈𝐋𝐃
#PCMERCHANDISE #PCMBUILDS",,0,"01/03/2023 20:00",,https://www.facebook.com/pcmerchandise.co/posts/pfbid0aBs23PZyI6lCAraag2QssW0858yQ17kIfCyifE3tt7ZNYt449JIlYN5Q,0,0,Photos,,,,,01/09/2023,,,0,0,0,0,0,0,,,,,
987570861643685,100064197037125,"PC Merchandise","𝐢𝟓 𝟏𝟎𝟒𝟎𝟎𝐅 w/ 𝐆𝐓𝐗 𝟏𝟔𝟔𝟎𝐒
𝐆𝐀𝐌𝐈𝐍𝐆 𝐁𝐔𝐈𝐋𝐃
#PCMERCHANDISE #PCMBUILDS",,0,"01/03/2023 20:00",,https://www.facebook.com/pcmerchandise.co/posts/pfbid0aBs23PZyI6lCAraag2QssW0858yQ17kIfCyifE3tt7ZNYt449JIlYN5Q,0,0,Photos,,,,,01/10/2023,,,0,0,0,0,0,0,,,,,
987570861643685,100064197037125,"PC Merchandise","𝐢𝟓 𝟏𝟎𝟒𝟎𝟎𝐅 w/ 𝐆𝐓𝐗 𝟏𝟔𝟔𝟎𝐒
𝐆𝐀𝐌𝐈𝐍𝐆 𝐁𝐔𝐈𝐋𝐃
#PCMERCHANDISE #PCMBUILDS",,0,"01/03/2023 20:00",,https://www.facebook.com/pcmerchandise.co/posts/pfbid0aBs23PZyI6lCAraag2QssW0858yQ17kIfCyifE3tt7ZNYt449JIlYN5Q,0,0,Photos,,,,,01/11/2023,,,0,0,0,0,0,0,,,,,
987570861643685,100064197037125,"PC Merchandise","𝐢𝟓 𝟏𝟎𝟒𝟎𝟎𝐅 w/ 𝐆𝐓𝐗 𝟏𝟔𝟔𝟎𝐒
𝐆𝐀𝐌𝐈𝐍𝐆 𝐁𝐔𝐈𝐋𝐃
#PCMERCHANDISE #PCMBUILDS",,0,"01/03/2023 20:00",,https://www.facebook.com/pcmerchandise.co/posts/pfbid0aBs23PZyI6lCAraag2QssW0858yQ17kIfCyifE3tt7ZNYt449JIlYN5Q,0,0,Photos,,,,,01/12/2023,,,0,0,0,0,0,0,,,,,
987570861643685,100064197037125,"PC Merchandise","𝐢𝟓 𝟏𝟎𝟒𝟎𝟎𝐅 w/ 𝐆𝐓𝐗 𝟏𝟔𝟔𝟎𝐒
𝐆𝐀𝐌𝐈𝐍𝐆 𝐁𝐔𝐈𝐋𝐃
#PCMERCHANDISE #PCMBUILDS",,0,"01/03/2023 20:00",,https://www.facebook.com/pcmerchandise.co/posts/pfbid0aBs23PZyI6lCAraag2QssW0858yQ17kIfCyifE3tt7ZNYt449JIlYN5Q,0,0,Photos,,,,,01/13/2023,,,0,0,0,0,0,0,,,,,
987570861643685,100064197037125,"PC Merchandise","𝐢𝟓 𝟏𝟎𝟒𝟎𝟎𝐅 w/ 𝐆𝐓𝐗 𝟏𝟔𝟔𝟎𝐒
𝐆𝐀𝐌𝐈𝐍𝐆 𝐁𝐔𝐈𝐋𝐃
#PCMERCHANDISE #PCMBUILDS",,0,"01/03/2023 20:00",,https://www.facebook.com/pcmerchandise.co/posts/pfbid0aBs23PZyI6lCAraag2QssW0858yQ17kIfCyifE3tt7ZNYt449JIlYN5Q,0,0,Photos,,,,,01/14/2023,,,0,0,0,0,0,0,,,,,
987570861643685,100064197037125,"PC Merchandise","𝐢𝟓 𝟏𝟎𝟒𝟎𝟎𝐅 w/ 𝐆𝐓𝐗 𝟏𝟔𝟔𝟎𝐒
𝐆𝐀𝐌𝐈𝐍𝐆 𝐁𝐔𝐈𝐋𝐃
#PCMERCHANDISE #PCMBUILDS",,0,"01/03/2023 20:00",,https://www.facebook.com/pcmerchandise.co/posts/pfbid0aBs23PZyI6lCAraag2QssW0858yQ17kIfCyifE3tt7ZNYt449JIlYN5Q,0,0,Photos,,,,,01/15/2023,,,0,0,0,0,0,0,,,,,
987570861643685,100064197037125,"PC Merchandise","𝐢𝟓 𝟏𝟎𝟒𝟎𝟎𝐅 w/ 𝐆𝐓𝐗 𝟏𝟔𝟔𝟎𝐒
𝐆𝐀𝐌𝐈𝐍𝐆 𝐁𝐔𝐈𝐋𝐃
#PCMERCHANDISE #PCMBUILDS",,0,"01/03/2023 20:00",,https://www.facebook.com/pcmerchandise.co/posts/pfbid0aBs23PZyI6lCAraag2QssW0858yQ17kIfCyifE3tt7ZNYt449JIlYN5Q,0,0,Photos,,,,,01/16/2023,,,0,0,0,0,0,0,,,,,
987570861643685,100064197037125,"PC Merchandise","𝐢𝟓 𝟏𝟎𝟒𝟎𝟎𝐅 w/ 𝐆𝐓𝐗 𝟏𝟔𝟔𝟎𝐒
𝐆𝐀𝐌𝐈𝐍𝐆 𝐁𝐔𝐈𝐋𝐃
#PCMERCHANDISE #PCMBUILDS",,0,"01/03/2023 20:00",,https://www.facebook.com/pcmerchandise.co/posts/pfbid0aBs23PZyI6lCAraag2QssW0858yQ17kIfCyifE3tt7ZNYt449JIlYN5Q,0,0,Photos,,,,,01/17/2023,,,0,0,0,0,0,0,,,,,
987570861643685,100064197037125,"PC Merchandise","𝐢𝟓 𝟏𝟎𝟒𝟎𝟎𝐅 w/ 𝐆𝐓𝐗 𝟏𝟔𝟔𝟎𝐒
𝐆𝐀𝐌𝐈𝐍𝐆 𝐁𝐔𝐈𝐋𝐃
#PCMERCHANDISE #PCMBUILDS",,0,"01/03/2023 20:00",,https://www.facebook.com/pcmerchandise.co/posts/pfbid0aBs23PZyI6lCAraag2QssW0858yQ17kIfCyifE3tt7ZNYt449JIlYN5Q,0,0,Photos,,,,,01/18/2023,,,0,0,0,0,0,0,,,,,
987570861643685,100064197037125,"PC Merchandise","𝐢𝟓 𝟏𝟎𝟒𝟎𝟎𝐅 w/ 𝐆𝐓𝐗 𝟏𝟔𝟔𝟎𝐒
𝐆𝐀𝐌𝐈𝐍𝐆 𝐁𝐔𝐈𝐋𝐃
#PCMERCHANDISE #PCMBUILDS",,0,"01/03/2023 20:00",,https://www.facebook.com/pcmerchandise.co/posts/pfbid0aBs23PZyI6lCAraag2QssW0858yQ17kIfCyifE3tt7ZNYt449JIlYN5Q,0,0,Photos,,,,,01/19/2023,,,0,0,0,0,0,0,,,,,
987570861643685,100064197037125,"PC Merchandise","𝐢𝟓 𝟏𝟎𝟒𝟎𝟎𝐅 w/ 𝐆𝐓𝐗 𝟏𝟔𝟔𝟎𝐒
𝐆𝐀𝐌𝐈𝐍𝐆 𝐁𝐔𝐈𝐋𝐃
#PCMERCHANDISE #PCMBUILDS",,0,"01/03/2023 20:00",,https://www.facebook.com/pcmerchandise.co/posts/pfbid0aBs23PZyI6lCAraag2QssW0858yQ17kIfCyifE3tt7ZNYt449JIlYN5Q,0,0,Photos,,,,,01/20/2023,,,0,0,0,0,0,0,,,,,
987570861643685,100064197037125,"PC Merchandise","𝐢𝟓 𝟏𝟎𝟒𝟎𝟎𝐅 w/ 𝐆𝐓𝐗 𝟏𝟔𝟔𝟎𝐒
𝐆𝐀𝐌𝐈𝐍𝐆 𝐁𝐔𝐈𝐋𝐃
#PCMERCHANDISE #PCMBUILDS",,0,"01/03/2023 20:00",,https://www.facebook.com/pcmerchandise.co/posts/pfbid0aBs23PZyI6lCAraag2QssW0858yQ17kIfCyifE3tt7ZNYt449JIlYN5Q,0,0,Photos,,,,,01/21/2023,,,0,0,0,0,0,0,,,,,
987570861643685,100064197037125,"PC Merchandise","𝐢𝟓 𝟏𝟎𝟒𝟎𝟎𝐅 w/ 𝐆𝐓𝐗 𝟏𝟔𝟔𝟎𝐒
𝐆𝐀𝐌𝐈𝐍𝐆 𝐁𝐔𝐈𝐋𝐃
#PCMERCHANDISE #PCMBUILDS",,0,"01/03/2023 20:00",,https://www.facebook.com/pcmerchandise.co/posts/pfbid0aBs23PZyI6lCAraag2QssW0858yQ17kIfCyifE3tt7ZNYt449JIlYN5Q,0,0,Photos,,,,,01/22/2023,,,0,0,0,0,0,0,,,,,
987570861643685,100064197037125,"PC Merchandise","𝐢𝟓 𝟏𝟎𝟒𝟎𝟎𝐅 w/ 𝐆𝐓𝐗 𝟏𝟔𝟔𝟎𝐒
𝐆𝐀𝐌𝐈𝐍𝐆 𝐁𝐔𝐈𝐋𝐃
#PCMERCHANDISE #PCMBUILDS",,0,"01/03/2023 20:00",,https://www.facebook.com/pcmerchandise.co/posts/pfbid0aBs23PZyI6lCAraag2QssW0858yQ17kIfCyifE3tt7ZNYt449JIlYN5Q,0,0,Photos,,,,,01/23/2023,,,0,0,0,0,0,0,,,,,
987570861643685,100064197037125,"PC Merchandise","𝐢𝟓 𝟏𝟎𝟒𝟎𝟎𝐅 w/ 𝐆𝐓𝐗 𝟏𝟔𝟔𝟎𝐒
𝐆𝐀𝐌𝐈𝐍𝐆 𝐁𝐔𝐈𝐋𝐃
#PCMERCHANDISE #PCMBUILDS",,0,"01/03/2023 20:00",,https://www.facebook.com/pcmerchandise.co/posts/pfbid0aBs23PZyI6lCAraag2QssW0858yQ17kIfCyifE3tt7ZNYt449JIlYN5Q,0,0,Photos,,,,,01/24/2023,,,0,0,0,0,0,0,,,,,
987570861643685,100064197037125,"PC Merchandise","𝐢𝟓 𝟏𝟎𝟒𝟎𝟎𝐅 w/ 𝐆𝐓𝐗 𝟏𝟔𝟔𝟎𝐒
𝐆𝐀𝐌𝐈𝐍𝐆 𝐁𝐔𝐈𝐋𝐃
#PCMERCHANDISE #PCMBUILDS",,0,"01/03/2023 20:00",,https://www.facebook.com/pcmerchandise.co/posts/pfbid0aBs23PZyI6lCAraag2QssW0858yQ17kIfCyifE3tt7ZNYt449JIlYN5Q,0,0,Photos,,,,,01/25/2023,,,0,0,0,0,0,0,,,,,
987570861643685,100064197037125,"PC Merchandise","𝐢𝟓 𝟏𝟎𝟒𝟎𝟎𝐅 w/ 𝐆𝐓𝐗 𝟏𝟔𝟔𝟎𝐒
𝐆𝐀𝐌𝐈𝐍𝐆 𝐁𝐔𝐈𝐋𝐃
#PCMERCHANDISE #PCMBUILDS",,0,"01/03/2023 20:00",,https://www.facebook.com/pcmerchandise.co/posts/pfbid0aBs23PZyI6lCAraag2QssW0858yQ17kIfCyifE3tt7ZNYt449JIlYN5Q,0,0,Photos,,,,,01/26/2023,,,0,0,0,0,0,0,,,,,
987570861643685,100064197037125,"PC Merchandise","𝐢𝟓 𝟏𝟎𝟒𝟎𝟎𝐅 w/ 𝐆𝐓𝐗 𝟏𝟔𝟔𝟎𝐒
𝐆𝐀𝐌𝐈𝐍𝐆 𝐁𝐔𝐈𝐋𝐃
#PCMERCHANDISE #PCMBUILDS",,0,"01/03/2023 20:00",,https://www.facebook.com/pcmerchandise.co/posts/pfbid0aBs23PZyI6lCAraag2QssW0858yQ17kIfCyifE3tt7ZNYt449JIlYN5Q,0,0,Photos,,,,,01/27/2023,,,0,0,0,0,0,0,,,,,
987570861643685,100064197037125,"PC Merchandise","𝐢𝟓 𝟏𝟎𝟒𝟎𝟎𝐅 w/ 𝐆𝐓𝐗 𝟏𝟔𝟔𝟎𝐒
𝐆𝐀𝐌𝐈𝐍𝐆 𝐁𝐔𝐈𝐋𝐃
#PCMERCHANDISE #PCMBUILDS",,0,"01/03/2023 20:00",,https://www.facebook.com/pcmerchandise.co/posts/pfbid0aBs23PZyI6lCAraag2QssW0858yQ17kIfCyifE3tt7ZNYt449JIlYN5Q,0,0,Photos,,,,,01/28/2023,,,0,0,0,0,0,0,,,,,
987570861643685,100064197037125,"PC Merchandise","𝐢𝟓 𝟏𝟎𝟒𝟎𝟎𝐅 w/ 𝐆𝐓𝐗 𝟏𝟔𝟔𝟎𝐒
𝐆𝐀𝐌𝐈𝐍𝐆 𝐁𝐔𝐈𝐋𝐃
#PCMERCHANDISE #PCMBUILDS",,0,"01/03/2023 20:00",,https://www.facebook.com/pcmerchandise.co/posts/pfbid0aBs23PZyI6lCAraag2QssW0858yQ17kIfCyifE3tt7ZNYt449JIlYN5Q,0,0,Photos,,,,,01/29/2023,,,0,0,0,0,0,0,,,,,
987570861643685,100064197037125,"PC Merchandise","𝐢𝟓 𝟏𝟎𝟒𝟎𝟎𝐅 w/ 𝐆𝐓𝐗 𝟏𝟔𝟔𝟎𝐒
𝐆𝐀𝐌𝐈𝐍𝐆 𝐁𝐔𝐈𝐋𝐃
#PCMERCHANDISE #PCMBUILDS",,0,"01/03/2023 20:00",,https://www.facebook.com/pcmerchandise.co/posts/pfbid0aBs23PZyI6lCAraag2QssW0858yQ17kIfCyifE3tt7ZNYt449JIlYN5Q,0,0,Photos,,,,,01/30/2023,,,0,0,0,0,0,0,,,,,
987570861643685,100064197037125,"PC Merchandise","𝐢𝟓 𝟏𝟎𝟒𝟎𝟎𝐅 w/ 𝐆𝐓𝐗 𝟏𝟔𝟔𝟎𝐒
𝐆𝐀𝐌𝐈𝐍𝐆 𝐁𝐔𝐈𝐋𝐃
#PCMERCHANDISE #PCMBUILDS",,0,"01/03/2023 20:00",,https://www.facebook.com/pcmerchandise.co/posts/pfbid0aBs23PZyI6lCAraag2QssW0858yQ17kIfCyifE3tt7ZNYt449JIlYN5Q,0,0,Photos,,,,,01/31/2023,,,0,0,0,0,0,0,,,,,
987776792651629,100064197037125,"PC Merchandise","Paano kung sabihin ko sayo na kaya mo na mag RX 580 build under budget? 👀",,31,"01/03/2023 17:00",uploaded,https://www.facebook.com/reel/1905566277805904/,0,0,Reels,,,,,01/01/2023,0,,,,,,0,0,0,0,0,0.000,3.116
987776792651629,100064197037125,"PC Merchandise","Paano kung sabihin ko sayo na kaya mo na mag RX 580 build under budget? 👀",,31,"01/03/2023 17:00",uploaded,https://www.facebook.com/reel/1905566277805904/,0,0,Reels,,,,,01/02/2023,0,,,,,,0,0,0,0,0,0.000,5.297
987776792651629,100064197037125,"PC Merchandise","Paano kung sabihin ko sayo na kaya mo na mag RX 580 build under budget? 👀",,31,"01/03/2023 17:00",uploaded,https://www.facebook.com/reel/1905566277805904/,0,0,Reels,,,,,01/03/2023,0,,,,,,0,0,0,0,0,57.692,6.360
987776792651629,100064197037125,"PC Merchandise","Paano kung sabihin ko sayo na kaya mo na mag RX 580 build under budget? 👀",,31,"01/03/2023 17:00",uploaded,https://www.facebook.com/reel/1905566277805904/,0,0,Reels,,,,,01/04/2023,0,,,,,,0,0,0,0,0,53.796,4.715
987776792651629,100064197037125,"PC Merchandise","Paano kung sabihin ko sayo na kaya mo na mag RX 580 build under budget? 👀",,31,"01/03/2023 17:00",uploaded,https://www.facebook.com/reel/1905566277805904/,0,0,Reels,,,,,01/05/2023,0,,,,,,0,0,0,0,0,71.391,4.079
987776792651629,100064197037125,"PC Merchandise","Paano kung sabihin ko sayo na kaya mo na mag RX 580 build under budget? 👀",,31,"01/03/2023 17:00",uploaded,https://www.facebook.com/reel/1905566277805904/,0,0,Reels,,,,,01/06/2023,0,,,,,,0,0,0,0,0,31.130,4.553
987776792651629,100064197037125,"PC Merchandise","Paano kung sabihin ko sayo na kaya mo na mag RX 580 build under budget? 👀",,31,"01/03/2023 17:00",uploaded,https://www.facebook.com/reel/1905566277805904/,0,0,Reels,,,,,01/07/2023,0,,,,,,0,0,0,0,0,32.979,3.828
987776792651629,100064197037125,"PC Merchandise","Paano kung sabihin ko sayo na kaya mo na mag RX 580 build under budget? 👀",,31,"01/03/2023 17:00",uploaded,https://www.facebook.com/reel/1905566277805904/,0,0,Reels,,,,,01/08/2023,0,,,,,,0,0,0,0,0,18.850,6.068
987776792651629,100064197037125,"PC Merchandise","Paano kung sabihin ko sayo na kaya mo na mag RX 580 build under budget? 👀",,31,"01/03/2023 17:00",uploaded,https://www.facebook.com/reel/1905566277805904/,0,0,Reels,,,,,01/09/2023,0,,,,,,0,0,0,0,0,17.108,4.316
987776792651629,100064197037125,"PC Merchandise","Paano kung sabihin ko sayo na kaya mo na mag RX 580 build under budget? 👀",,31,"01/03/2023 17:00",uploaded,https://www.facebook.com/reel/1905566277805904/,0,0,Reels,,,,,01/10/2023,0,,,,,,0,0,0,0,0,14.453,4.979
987776792651629,100064197037125,"PC Merchandise","Paano kung sabihin ko sayo na kaya mo na mag RX 580 build under budget? 👀",,31,"01/03/2023 17:00",uploaded,https://www.facebook.com/reel/1905566277805904/,0,0,Reels,,,,,01/11/2023,0,,,,,,0,0,0,0,0,12.636,4.090
987776792651629,100064197037125,"PC Merchandise","Paano kung sabihin ko sayo na kaya mo na mag RX 580 build under budget? 👀",,31,"01/03/2023 17:00",uploaded,https://www.facebook.com/reel/1905566277805904/,0,0,Reels,,,,,01/12/2023,0,,,,,,0,0,0,0,0,5.672,3.177
987776792651629,100064197037125,"PC Merchandise","Paano kung sabihin ko sayo na kaya mo na mag RX 580 build under budget? 👀",,31,"01/03/2023 17:00",uploaded,https://www.facebook.com/reel/1905566277805904/,0,0,Reels,,,,,01/13/2023,0,,,,,,0,0,0,0,0,5.623,4.679
987776792651629,100064197037125,"PC Merchandise","Paano kung sabihin ko sayo na kaya mo na mag RX 580 build under budget? 👀",,31,"01/03/2023 17:00",uploaded,https://www.facebook.com/reel/1905566277805904/,0,0,Reels,,,,,01/14/2023,0,,,,,,0,0,0,0,0,9.414,5.299
987776792651629,100064197037125,"PC Merchandise","Paano kung sabihin ko sayo na kaya mo na mag RX 580 build under budget? 👀",,31,"01/03/2023 17:00",uploaded,https://www.facebook.com/reel/1905566277805904/,0,0,Reels,,,,,01/15/2023,0,,,,,,0,0,0,0,0,14.155,4.967
987776792651629,100064197037125,"PC Merchandise","Paano kung sabihin ko sayo na kaya mo na mag RX 580 build under budget? 👀",,31,"01/03/2023 17:00",uploaded,https://www.facebook.com/reel/1905566277805904/,0,0,Reels,,,,,01/16/2023,0,,,,,,0,0,0,0,0,8.476,4.371
987776792651629,100064197037125,"PC Merchandise","Paano kung sabihin ko sayo na kaya mo na mag RX 580 build under budget? 👀",,31,"01/03/2023 17:00",uploaded,https://www.facebook.com/reel/1905566277805904/,0,0,Reels,,,,,01/17/2023,0,,,,,,0,0,0,0,0,4.992,5.359
987776792651629,100064197037125,"PC Merchandise","Paano kung sabihin ko sayo na kaya mo na mag RX 580 build under budget? 👀",,31,"01/03/2023 17:00",uploaded,https://www.facebook.com/reel/1905566277805904/,0,0,Reels,,,,,01/18/2023,0,,,,,,0,0,0,0,0,3.387,4.695
987776792651629,100064197037125,"PC Merchandise","Paano kung sabihin ko sayo na kaya mo na mag RX 580 build under budget? 👀",,31,"01/03/2023 17:00",uploaded,https://www.facebook.com/reel/1905566277805904/,0,0,Reels,,,,,01/19/2023,0,,,,,,0,0,0,0,0,5.926,4.287
987776792651629,100064197037125,"PC Merchandise","Paano kung sabihin ko sayo na kaya mo na mag RX 580 build under budget? 👀",,31,"01/03/2023 17:00",uploaded,https://www.facebook.com/reel/1905566277805904/,0,0,Reels,,,,,01/20/2023,0,,,,,,0,0,0,0,0,9.042,2.638
987776792651629,100064197037125,"PC Merchandise","Paano kung sabihin ko sayo na kaya mo na mag RX 580 build under budget? 👀",,31,"01/03/2023 17:00",uploaded,https://www.facebook.com/reel/1905566277805904/,0,0,Reels,,,,,01/21/2023,0,,,,,,0,0,0,0,0,12.283,3.766
987776792651629,100064197037125,"PC Merchandise","Paano kung sabihin ko sayo na kaya mo na mag RX 580 build under budget? 👀",,31,"01/03/2023 17:00",uploaded,https://www.facebook.com/reel/1905566277805904/,0,0,Reels,,,,,01/22/2023,0,,,,,,0,0,0,0,0,14.832,4.272
987776792651629,100064197037125,"PC Merchandise","Paano kung sabihin ko sayo na kaya mo na mag RX 580 build under budget? 👀",,31,"01/03/2023 17:00",uploaded,https://www.facebook.com/reel/1905566277805904/,0,0,Reels,,,,,01/23/2023,0,,,,,,0,0,0,0,0,10.661,5.914
987776792651629,100064197037125,"PC Merchandise","Paano kung sabihin ko sayo na kaya mo na mag RX 580 build under budget? 👀",,31,"01/03/2023 17:00",uploaded,https://www.facebook.com/reel/1905566277805904/,0,0,Reels,,,,,01/24/2023,0,,,,,,0,0,0,0,0,15.818,4.201
987776792651629,100064197037125,"PC Merchandise","Paano kung sabihin ko sayo na kaya mo na mag RX 580 build under budget? 👀",,31,"01/03/2023 17:00",uploaded,https://www.facebook.com/reel/1905566277805904/,0,0,Reels,,,,,01/25/2023,0,,,,,,0,0,1,1,0,19.482,5.080
987776792651629,100064197037125,"PC Merchandise","Paano kung sabihin ko sayo na kaya mo na mag RX 580 build under budget? 👀",,31,"01/03/2023 17:00",uploaded,https://www.facebook.com/reel/1905566277805904/,0,0,Reels,,,,,01/26/2023,0,,,,,,0,0,0,0,0,10.948,4.321
987776792651629,100064197037125,"PC Merchandise","Paano kung sabihin ko sayo na kaya mo na mag RX 580 build under budget? 👀",,31,"01/03/2023 17:00",uploaded,https://www.facebook.com/reel/1905566277805904/,0,0,Reels,,,,,01/27/2023,0,,,,,,0,0,0,0,0,11.062,4.013
987776792651629,100064197037125,"PC Merchandise","Paano kung sabihin ko sayo na kaya mo na mag RX 580 build under budget? 👀",,31,"01/03/2023 17:00",uploaded,https://www.facebook.com/reel/1905566277805904/,0,0,Reels,,,,,01/28/2023,0,,,,,,0,0,0,0,0,14.688,5.958
987776792651629,100064197037125,"PC Merchandise","Paano kung sabihin ko sayo na kaya mo na mag RX 580 build under budget? 👀",,31,"01/03/2023 17:00",uploaded,https://www.facebook.com/reel/1905566277805904/,0,0,Reels,,,,,01/29/2023,0,,,,,,0,0,0,0,0,17.614,4.536
987776792651629,100064197037125,"PC Merchandise","Paano kung sabihin ko sayo na kaya mo na mag RX 580 build under budget? 👀",,31,"01/03/2023 17:00",uploaded,https://www.facebook.com/reel/1905566277805904/,0,0,Reels,,,,,01/30/2023,0,,,,,,0,0,0,0,0,9.479,4.359
987776792651629,100064197037125,"PC Merchandise","Paano kung sabihin ko sayo na kaya mo na mag RX 580 build under budget? 👀",,31,"01/03/2023 17:00",uploaded,https://www.facebook.com/reel/1905566277805904/,0,0,Reels,,,,,01/31/2023,0,,,,,,0,0,0,0,0,6.849,4.309
987235259730568,100064197037125,"PC Merchandise","READY STOCK: i5 10400F / GTX 1650 builds. Same-day assembly. PM NOW!",,0,"01/01/2023 15:30",,https://www.facebook.com/pcmerchandise.co/posts/pfbid0zaAYRdJ2y9xGXqFHBjLwIUXgTrYwg3iYodhTIRrXTLVA5PkowCi0mCWD,0,0,Photos,,,,,01/31/2023,1,,,,,,,,,,,,
987235259730568,100064197037125,"PC Merchandise","READY STOCK: i5 10400F / GTX 1650 builds. Same-day assembly. PM NOW!",,0,"01/01/2023 15:30",,https://www.facebook.com/pcmerchandise.co/posts/pfbid0zaAYRdJ2y9xGXqFHBjLwIUXgTrYwg3iYodhTIRrXTLVA5PkowCi0mCWD,0,0,Photos,,,,,01/01/2023,,,0,0,0,0,0,0,,,,,
987235259730568,100064197037125,"PC Merchandise","READY STOCK: i5 10400F / GTX 1650 builds. Same-day assembly. PM NOW!",,0,"01/01/2023 15:30",,https://www.facebook.com/pcmerchandise.co/posts/pfbid0zaAYRdJ2y9xGXqFHBjLwIUXgTrYwg3iYodhTIRrXTLVA5PkowCi0mCWD,0,0,Photos,,,,,01/02/2023,,,0,0,0,0,0,0,,,,,
987235259730568,100064197037125,"PC Merchandise","READY STOCK: i5 10400F / GTX 1650 builds. Same-day assembly. PM NOW!",,0,"01/01/2023 15:30",,https://www.facebook.com/pcmerchandise.co/posts/pfbid0zaAYRdJ2y9xGXqFHBjLwIUXgTrYwg3iYodhTIRrXTLVA5PkowCi0mCWD,0,0,Photos,,,,,01/03/2023,,,0,0,0,0,0,0,,,,,
987235259730568,100064197037125,"PC Merchandise","READY STOCK: i5 10400F / GTX 1650 builds. Same-day assembly. PM NOW!",,0,"01/01/2023 15:30",,https://www.facebook.com/pcmerchandise.co/posts/pfbid0zaAYRdJ2y9xGXqFHBjLwIUXgTrYwg3iYodhTIRrXTLVA5PkowCi0mCWD,0,0,Photos,,,,,01/04/2023,,,0,0,0,0,0,0,,,,,
987235259730568,100064197037125,"PC Merchandise","READY STOCK: i5 10400F / GTX 1650 builds. Same-day assembly. PM NOW!",,0,"01/01/2023 15:30",,https://www.facebook.com/pcmerchandise.co/posts/pfbid0zaAYRdJ2y9xGXqFHBjLwIUXgTrYwg3iYodhTIRrXTLVA5PkowCi0mCWD,0,0,Photos,,,,,01/05/2023,,,0,0,0,0,0,0,,,,,
987235259730568,100064197037125,"PC Merchandise","READY STOCK: i5 10400F / GTX 1650 builds. Same-day assembly. PM NOW!",,0,"01/01/2023 15:30",,https://www.facebook.com/pcmerchandise.co/posts/pfbid0zaAYRdJ2y9xGXqFHBjLwIUXgTrYwg3iYodhTIRrXTLVA5PkowCi0mCWD,0,0,Photos,,,,,01/06/2023,,,0,0,0,0,0,0,,,,,
987235259730568,100064197037125,"PC Merchandise","READY STOCK: i5 10400F / GTX 1650 builds. Same-day assembly. PM NOW!",,0,"01/01/2023 15:30",,https://www.facebook.com/pcmerchandise.co/posts/pfbid0zaAYRdJ2y9xGXqFHBjLwIUXgTrYwg3iYodhTIRrXTLVA5PkowCi0mCWD,0,0,Photos,,,,,01/07/2023,,,0,0,0,0,0,0,,,,,
987235259730568,100064197037125,"PC Merchandise","READY STOCK: i5 10400F / GTX 1650 builds. Same-day assembly. PM NOW!",,0,"01/01/2023 15:30",,https://www.facebook.com/pcmerchandise.co/posts/pfbid0zaAYRdJ2y9xGXqFHBjLwIUXgTrYwg3iYodhTIRrXTLVA5PkowCi0mCWD,0,0,Photos,,,,,01/08/2023,,,0,0,0,0,0,0,,,,,
987235259730568,100064197037125,"PC Merchandise","READY STOCK: i5 10400F / GTX 1650 builds. Same-day assembly. PM NOW!",,0,"01/01/2023 15:30",,https://www.facebook.com/pcmerchandise.co/posts/pfbid0zaAYRdJ2y9xGXqFHBjLwIUXgTrYwg3iYodhTIRrXTLVA5PkowCi0mCWD,0,0,Photos,,,,,01/09/2023,,,0,0,0,0,0,0,,,,,
987235259730568,100064197037125,"PC Merchandise","READY STOCK: i5 10400F / GTX 1650 builds. Same-day assembly. PM NOW!",,0,"01/01/2023 15:30",,https://www.facebook.com/pcmerchandise.co/posts/pfbid0zaAYRdJ2y9xGXqFHBjLwIUXgTrYwg3iYodhTIRrXTLVA5PkowCi0mCWD,0,0,Photos,,,,,01/10/2023,,,0,0,0,0,0,0,,,,,
987235259730568,100064197037125,"PC Merchandise","READY STOCK: i5 10400F / GTX 1650 builds. Same-day assembly. PM NOW!",,0,"01/01/2023 15:30",,https://www.facebook.com/pcmerchandise.co/posts/pfbid0zaAYRdJ2y9xGXqFHBjLwIUXgTrYwg3iYodhTIRrXTLVA5PkowCi0mCWD,0,0,Photos,,,,,01/11/2023,,,0,0,0,0,0,0,,,,,
987235259730568,100064197037125,"PC Merchandise","READY STOCK: i5 10400F / GTX 1650 builds. Same-day assembly. PM NOW!",,0,"01/01/2023 15:30",,https://www.facebook.com/pcmerchandise.co/posts/pfbid0zaAYRdJ2y9xGXqFHBjLwIUXgTrYwg3iYodhTIRrXTLVA5PkowCi0mCWD,0,0,Photos,,,,,01/12/2023,,,0,0,0,0,0,0,,,,,
987235259730568,100064197037125,"PC Merchandise","READY STOCK: i5 10400F / GTX 1650 builds. Same-day assembly. PM NOW!",,0,"01/01/2023 15:30",,https://www.facebook.com/pcmerchandise.co/posts/pfbid0zaAYRdJ2y9xGXqFHBjLwIUXgTrYwg3iYodhTIRrXTLVA5PkowCi0mCWD,0,0,Photos,,,,,01/13/2023,,,0,0,0,0,0,0,,,,,
987235259730568,100064197037125,"PC Merchandise","READY STOCK: i5 10400F / GTX 1650 builds. Same-day assembly. PM NOW!",,0,"01/01/2023 15:30",,https://www.facebook.com/pcmerchandise.co/posts/pfbid0zaAYRdJ2y9xGXqFHBjLwIUXgTrYwg3iYodhTIRrXTLVA5PkowCi0mCWD,0,0,Photos,,,,,01/14/2023,,,0,0,0,0,0,0,,,,,
987235259730568,100064197037125,"PC Merchandise","READY STOCK: i5 10400F / GTX 1650 builds. Same-day assembly. PM NOW!",,0,"01/01/2023 15:30",,https://www.facebook.com/pcmerchandise.co/posts/pfbid0zaAYRdJ2y9xGXqFHBjLwIUXgTrYwg3iYodhTIRrXTLVA5PkowCi0mCWD,0,0,Photos,,,,,01/15/2023,,,0,0,0,0,0,0,,,,,
987235259730568,100064197037125,"PC Merchandise","READY STOCK: i5 10400F / GTX 1650 builds. Same-day assembly. PM NOW!",,0,"01/01/2023 15:30",,https://www.facebook.com/pcmerchandise.co/posts/pfbid0zaAYRdJ2y9xGXqFHBjLwIUXgTrYwg3iYodhTIRrXTLVA5PkowCi0mCWD,0,0,Photos,,,,,01/16/2023,,,0,0,0,0,0,0,,,,,
987235259730568,100064197037125,"PC Merchandise","READY STOCK: i5 10400F / GTX 1650 builds. Same-day assembly. PM NOW!",,0,"01/01/2023 15:30",,https://www.facebook.com/pcmerchandise.co/posts/pfbid0zaAYRdJ2y9xGXqFHBjLwIUXgTrYwg3iYodhTIRrXTLVA5PkowCi0mCWD,0,0,Photos,,,,,01/17/2023,,,0,0,0,0,0,0,,,,,
987235259730568,100064197037125,"PC Merchandise","READY STOCK: i5 10400F / GTX 1650 builds. Same-day assembly. PM NOW!",,0,"01/01/2023 15:30",,https://www.facebook.com/pcmerchandise.co/posts/pfbid0zaAYRdJ2y9xGXqFHBjLwIUXgTrYwg3iYodhTIRrXTLVA5PkowCi0mCWD,0,0,Photos,,,,,01/18/2023,,,0,0,0,0,0,0,,,,,
987235259730568,100064197037125,"PC Merchandise","READY STOCK: i5 10400F / GTX 1650 builds. Same-day assembly. PM NOW!",,0,"01/01/2023 15:30",,https://www.facebook.com/pcmerchandise.co/posts/pfbid0zaAYRdJ2y9xGXqFHBjLwIUXgTrYwg3iYodhTIRrXTLVA5PkowCi0mCWD,0,0,Photos,,,,,01/19/2023,,,0,0,0,0,0,0,,,,,
987235259730568,100064197037125,"PC Merchandise","READY STOCK: i5 10400F / GTX 1650 builds. Same-day assembly. PM NOW!",,0,"01/01/2023 15:30",,https://www.facebook.com/pcmerchandise.co/posts/pfbid0zaAYRdJ2y9xGXqFHBjLwIUXgTrYwg3iYodhTIRrXTLVA5PkowCi0mCWD,0,0,Photos,,,,,01/20/2023,,,0,0,0,0,0,0,,,,,
987235259730568,100064197037125,"PC Merchandise","READY STOCK: i5 10400F / GTX 1650 builds. Same-day assembly. PM NOW!",,0,"01/01/2023 15:30",,https://www.facebook.com/pcmerchandise.co/posts/pfbid0zaAYRdJ2y9xGXqFHBjLwIUXgTrYwg3iYodhTIRrXTLVA5PkowCi0mCWD,0,0,Photos,,,,,01/21/2023,,,0,0,0,0,0,0,,,,,
987235259730568,100064197037125,"PC Merchandise","READY STOCK: i5 10400F / GTX 1650 builds. Same-day assembly. PM NOW!",,0,"01/01/2023 15:30",,https://www.facebook.com/pcmerchandise.co/posts/pfbid0zaAYRdJ2y9xGXqFHBjLwIUXgTrYwg3iYodhTIRrXTLVA5PkowCi0mCWD,0,0,Photos,,,,,01/22/2023,,,0,0,0,0,0,0,,,,,
987235259730568,100064197037125,"PC Merchandise","READY STOCK: i5 10400F / GTX 1650 builds. Same-day assembly. PM NOW!",,0,"01/01/2023 15:30",,https://www.facebook.com/pcmerchandise.co/posts/pfbid0zaAYRdJ2y9xGXqFHBjLwIUXgTrYwg3iYodhTIRrXTLVA5PkowCi0mCWD,0,0,Photos,,,,,01/23/2023,,,0,0,0,0,0,0,,,,,
987235259730568,100064197037125,"PC Merchandise","READY STOCK: i5 10400F / GTX 1650 builds. Same-day assembly. PM NOW!",,0,"01/01/2023 15:30",,https://www.facebook.com/pcmerchandise.co/posts/pfbid0zaAYRdJ2y9xGXqFHBjLwIUXgTrYwg3iYodhTIRrXTLVA5PkowCi0mCWD,0,0,Photos,,,,,01/24/2023,,,0,0,0,0,0,0,,,,,
987235259730568,100064197037125,"PC Merchandise","READY STOCK: i5 10400F / GTX 1650 builds. Same-day assembly. PM NOW!",,0,"01/01/2023 15:30",,https://www.facebook.com/pcmerchandise.co/posts/pfbid0zaAYRdJ2y9xGXqFHBjLwIUXgTrYwg3iYodhTIRrXTLVA5PkowCi0mCWD,0,0,Photos,,,,,01/25/2023,,,0,0,0,0,0,0,,,,,
987235259730568,100064197037125,"PC Merchandise","READY STOCK: i5 10400F / GTX 1650 builds. Same-day assembly. PM NOW!",,0,"01/01/2023 15:30",,https://www.facebook.com/pcmerchandise.co/posts/pfbid0zaAYRdJ2y9xGXqFHBjLwIUXgTrYwg3iYodhTIRrXTLVA5PkowCi0mCWD,0,0,Photos,,,,,01/26/2023,,,0,0,0,0,0,0,,,,,
987235259730568,100064197037125,"PC Merchandise","READY STOCK: i5 10400F / GTX 1650 builds. Same-day assembly. PM NOW!",,0,"01/01/2023 15:30",,https://www.facebook.com/pcmerchandise.co/posts/pfbid0zaAYRdJ2y9xGXqFHBjLwIUXgTrYwg3iYodhTIRrXTLVA5PkowCi0mCWD,0,0,Photos,,,,,01/27/2023,,,0,0,0,0,0,0,,,,,
987235259730568,100064197037125,"PC Merchandise","READY STOCK: i5 10400F / GTX 1650 builds. Same-day assembly. PM NOW!",,0,"01/01/2023 15:30",,https://www.facebook.com/pcmerchandise.co/posts/pfbid0zaAYRdJ2y9xGXqFHBjLwIUXgTrYwg3iYodhTIRrXTLVA5PkowCi0mCWD,0,0,Photos,,,,,01/28/2023,,,0,0,0,0,0,0,,,,,
987235259730568,100064197037125,"PC Merchandise","READY STOCK: i5 10400F / GTX 1650 builds. Same-day assembly. PM NOW!",,0,"01/01/2023 15:30",,https://www.facebook.com/pcmerchandise.co/posts/pfbid0zaAYRdJ2y9xGXqFHBjLwIUXgTrYwg3iYodhTIRrXTLVA5PkowCi0mCWD,0,0,Photos,,,,,01/29/2023,,,0,0,0,0,0,0,,,,,
987235259730568,100064197037125,"PC Merchandise","READY STOCK: i5 10400F / GTX 1650 builds. Same-day assembly. PM NOW!",,0,"01/01/2023 15:30",,https://www.facebook.com/pcmerchandise.co/posts/pfbid0zaAYRdJ2y9xGXqFHBjLwIUXgTrYwg3iYodhTIRrXTLVA5PkowCi0mCWD,0,0,Photos,,,,,01/30/2023,,,0,0,0,0,0,0,,,,,
987235259730568,100064197037125,"PC Merchandise","READY STOCK: i5 10400F / GTX 1650 builds. Same-day assembly. PM NOW!",,0,"01/01/2023 15:30",,https://www.facebook.com/pcmerchandise.co/posts/pfbid0zaAYRdJ2y9xGXqFHBjLwIUXgTrYwg3iYodhTIRrXTLVA5PkowCi0mCWD,0,0,Photos,,,,,01/31/2023,,,0,0,0,0,0,0,,,,,
