"Post ID","Page ID","Page name",Title,Description,"Duration (sec)","Publish time","Caption type",Permalink,"Is crosspost","Is share","Post type",Languages,"Custom labels","Funded content status","Data comment",Date,Shares,"Approximate content monetization earnings","3-second video views","1-minute video views","3-Second viewers","1-minute viewers","3-second video views from Boosted posts","3-second video views from Organic posts","Reactions, Comments and Shares",Reactions,Comments,"Seconds viewed","Average Seconds viewed"
1030901633452867,100064197037125,"PC Merchandise","One more rig complete. One more client satisfied. Built with i5 12400F + GTX 1660S. PM us for yours!",,31,"08/31/2023 19:09",mixed,https://www.facebook.com/reel/1215669498067246/,0,0,Reels,,,,,08/01/2023,0,,,,,,0,0,0,0,0,0.000,2.584
1030901633452867,100064197037125,"PC Merchandise","One more rig complete. One more client satisfied. Built with i5 12400F + GTX 1660S. PM us for yours!",,31,"08/31/2023 19:09",mixed,https://www.facebook.com/reel/1215669498067246/,0,0,Reels,,,,,08/02/2023,0,,,,,,0,0,0,0,0,0.000,3.625
1030901633452867,100064197037125,"PC Merchandise","One more rig complete. One more client satisfied. Built with i5 12400F + GTX 1660S. PM us for yours!",,31,"08/31/2023 19:09",mixed,https://www.facebook.com/reel/1215669498067246/,0,0,Reels,,,,,08/03/2023,0,,,,,,0,0,0,0,0,0.000,4.604
1030901633452867,100064197037125,"PC Merchandise","One more rig complete. One more client satisfied. Built with i5 12400F + GTX 1660S. PM us for yours!",,31,"08/31/2023 19:09",mixed,https://www.facebook.com/reel/1215669498067246/,0,0,Reels,,,,,08/04/2023,0,,,,,,0,0,0,0,0,0.000,3.922
1030901633452867,100064197037125,"PC Merchandise","One more rig complete. One more client satisfied. Built with i5 12400F + GTX 1660S. PM us for yours!",,31,"08/31/2023 19:09",mixed,https://www.facebook.com/reel/1215669498067246/,0,0,Reels,,,,,08/05/2023,0,,,,,,0,0,0,0,0,0.000,4.088
1030901633452867,100064197037125,"PC Merchandise","One more rig complete. One more client satisfied. Built with i5 12400F + GTX 1660S. PM us for yours!",,31,"08/31/2023 19:09",mixed,https://www.facebook.com/reel/1215669498067246/,0,0,Reels,,,,,08/06/2023,0,,,,,,0,0,0,0,0,0.000,3.309
1030901633452867,100064197037125,"PC Merchandise","One more rig complete. One more client satisfied. Built with i5 12400F + GTX 1660S. PM us for yours!",,31,"08/31/2023 19:09",mixed,https://www.facebook.com/reel/1215669498067246/,0,0,Reels,,,,,08/07/2023,0,,,,,,0,0,0,0,0,0.000,2.440
1030901633452867,100064197037125,"PC Merchandise","One more rig complete. One more client satisfied. Built with i5 12400F + GTX 1660S. PM us for yours!",,31,"08/31/2023 19:09",mixed,https://www.facebook.com/reel/1215669498067246/,0,0,Reels,,,,,08/08/2023,0,,,,,,0,0,0,0,0,0.000,2.830
1030901633452867,100064197037125,"PC Merchandise","One more rig complete. One more client satisfied. Built with i5 12400F + GTX 1660S. PM us for yours!",,31,"08/31/2023 19:09",mixed,https://www.facebook.com/reel/1215669498067246/,0,0,Reels,,,,,08/09/2023,0,,,,,,0,0,0,0,0,0.000,3.027
1030901633452867,100064197037125,"PC Merchandise","One more rig complete. One more client satisfied. Built with i5 12400F + GTX 1660S. PM us for yours!",,31,"08/31/2023 19:09",mixed,https://www.facebook.com/reel/1215669498067246/,0,0,Reels,,,,,08/10/2023,0,,,,,,0,0,0,0,0,0.000,4.008
1030901633452867,100064197037125,"PC Merchandise","One more rig complete. One more client satisfied. Built with i5 12400F + GTX 1660S. PM us for yours!",,31,"08/31/2023 19:09",mixed,https://www.facebook.com/reel/1215669498067246/,0,0,Reels,,,,,08/11/2023,0,,,,,,0,0,0,0,0,0.000,1.500
1030901633452867,100064197037125,"PC Merchandise","One more rig complete. One more client satisfied. Built with i5 12400F + GTX 1660S. PM us for yours!",,31,"08/31/2023 19:09",mixed,https://www.facebook.com/reel/1215669498067246/,0,0,Reels,,,,,08/12/2023,0,,,,,,0,0,0,0,0,0.000,1.942
1030901633452867,100064197037125,"PC Merchandise","One more rig complete. One more client satisfied. Built with i5 12400F + GTX 1660S. PM us for yours!",,31,"08/31/2023 19:09",mixed,https://www.facebook.com/reel/1215669498067246/,0,0,Reels,,,,,08/13/2023,0,,,,,,0,0,0,0,0,0.000,4.499
1030901633452867,100064197037125,"PC Merchandise","One more rig complete. One more client satisfied. Built with i5 12400F + GTX 1660S. PM us for yours!",,31,"08/31/2023 19:09",mixed,https://www.facebook.com/reel/1215669498067246/,0,0,Reels,,,,,08/14/2023,0,,,,,,0,0,0,0,0,0.000,3.840
1030901633452867,100064197037125,"PC Merchandise","One more rig complete. One more client satisfied. Built with i5 12400F + GTX 1660S. PM us for yours!",,31,"08/31/2023 19:09",mixed,https://www.facebook.com/reel/1215669498067246/,0,0,Reels,,,,,08/15/2023,0,,,,,,0,0,0,0,0,0.000,1.649
1030901633452867,100064197037125,"PC Merchandise","One more rig complete. One more client satisfied. Built with i5 12400F + GTX 1660S. PM us for yours!",,31,"08/31/2023 19:09",mixed,https://www.facebook.com/reel/1215669498067246/,0,0,Reels,,,,,08/16/2023,0,,,,,,0,0,0,0,0,0.000,2.730
1030901633452867,100064197037125,"PC Merchandise","One more rig complete. One more client satisfied. Built with i5 12400F + GTX 1660S. PM us for yours!",,31,"08/31/2023 19:09",mixed,https://www.facebook.com/reel/1215669498067246/,0,0,Reels,,,,,08/17/2023,0,,,,,,0,0,0,0,0,0.000,5.119
1030901633452867,100064197037125,"PC Merchandise","One more rig complete. One more client satisfied. Built with i5 12400F + GTX 1660S. PM us for yours!",,31,"08/31/2023 19:09",mixed,https://www.facebook.com/reel/1215669498067246/,0,0,Reels,,,,,08/18/2023,0,,,,,,0,0,0,0,0,0.000,4.234
1030901633452867,100064197037125,"PC Merchandise","One more rig complete. One more client satisfied. Built with i5 12400F + GTX 1660S. PM us for yours!",,31,"08/31/2023 19:09",mixed,https://www.facebook.com/reel/1215669498067246/,0,0,Reels,,,,,08/19/2023,0,,,,,,0,0,0,0,0,0.000,2.481
1030901633452867,100064197037125,"PC Merchandise","One more rig complete. One more client satisfied. Built with i5 12400F + GTX 1660S. PM us for yours!",,31,"08/31/2023 19:09",mixed,https://www.facebook.com/reel/1215669498067246/,0,0,Reels,,,,,08/20/2023,0,,,,,,0,0,0,0,0,0.000,3.608
1030901633452867,100064197037125,"PC Merchandise","One more rig complete. One more client satisfied. Built with i5 12400F + GTX 1660S. PM us for yours!",,31,"08/31/2023 19:09",mixed,https://www.facebook.com/reel/1215669498067246/,0,0,Reels,,,,,08/21/2023,0,,,,,,0,0,0,0,0,0.000,3.654
1030901633452867,100064197037125,"PC Merchandise","One more rig complete. One more client satisfied. Built with i5 12400F + GTX 1660S. PM us for yours!",,31,"08/31/2023 19:09",mixed,https://www.facebook.com/reel/1215669498067246/,0,0,Reels,,,,,08/22/2023,0,,,,,,0,0,0,0,0,0.000,3.563
1030901633452867,100064197037125,"PC Merchandise","One more rig complete. One more client satisfied. Built with i5 12400F + GTX 1660S. PM us for yours!",,31,"08/31/2023 19:09",mixed,https://www.facebook.com/reel/1215669498067246/,0,0,Reels,,,,,08/23/2023,0,,,,,,0,0,0,0,0,0.000,3.477
1030901633452867,100064197037125,"PC Merchandise","One more rig complete. One more client satisfied. Built with i5 12400F + GTX 1660S. PM us for yours!",,31,"08/31/2023 19:09",mixed,https://www.facebook.com/reel/1215669498067246/,0,0,Reels,,,,,08/24/2023,0,,,,,,0,0,0,0,0,0.000,3.359
1030901633452867,100064197037125,"PC Merchandise","One more rig complete. One more client satisfied. Built with i5 12400F + GTX 1660S. PM us for yours!",,31,"08/31/2023 19:09",mixed,https://www.facebook.com/reel/1215669498067246/,0,0,Reels,,,,,08/25/2023,0,,,,,,0,0,0,0,0,0.000,3.066
1030901633452867,100064197037125,"PC Merchandise","One more rig complete. One more client satisfied. Built with i5 12400F + GTX 1660S. PM us for yours!",,31,"08/31/2023 19:09",mixed,https://www.facebook.com/reel/1215669498067246/,0,0,Reels,,,,,08/26/2023,0,,,,,,0,0,0,0,0,0.000,1.695
1030901633452867,100064197037125,"PC Merchandise","One more rig complete. One more client satisfied. Built with i5 12400F + GTX 1660S. PM us for yours!",,31,"08/31/2023 19:09",mixed,https://www.facebook.com/reel/1215669498067246/,0,0,Reels,,,,,08/27/2023,0,,,,,,0,0,0,0,0,0.000,4.469
1030901633452867,100064197037125,"PC Merchandise","One more rig complete. One more client satisfied. Built with i5 12400F + GTX 1660S. PM us for yours!",,31,"08/31/2023 19:09",mixed,https://www.facebook.com/reel/1215669498067246/,0,0,Reels,,,,,08/28/2023,0,,,,,,0,0,0,0,0,0.000,2.779
1030901633452867,100064197037125,"PC Merchandise","One more rig complete. One more client satisfied. Built with i5 12400F + GTX 1660S. PM us for yours!",,31,"08/31/2023 19:09",mixed,https://www.facebook.com/reel/1215669498067246/,0,0,Reels,,,,,08/29/2023,0,,,,,,0,0,0,0,0,0.000,2.737
1030901633452867,100064197037125,"PC Merchandise","One more rig complete. One more client satisfied. Built with i5 12400F + GTX 1660S. PM us for yours!",,31,"08/31/2023 19:09",mixed,https://www.facebook.com/reel/1215669498067246/,0,0,Reels,,,,,08/30/2023,0,,,,,,0,0,0,0,0,0.000,4.428
1030901633452867,100064197037125,"PC Merchandise","One more rig complete. One more client satisfied. Built with i5 12400F + GTX 1660S. PM us for yours!",,31,"08/31/2023 19:09",mixed,https://www.facebook.com/reel/1215669498067246/,0,0,Reels,,,,,08/31/2023,0,,,,,,557,0,3,2,1,7544.205,3.496
1031324882505568,100064197037125,"PC Merchandise","Do you want an aesthetic build that matches your gaming needs? RYZEN 5 5600G builds available now!",,61,"08/30/2023 19:15",mixed,https://www.facebook.com/reel/1649578336048301/,0,0,Reels,,,,,08/01/2023,0,,,,,,0,0,0,0,0,0.000,5.739
1031324882505568,100064197037125,"PC Merchandise","Do you want an aesthetic build that matches your gaming needs? RYZEN 5 5600G builds available now!",,61,"08/30/2023 19:15",mixed,https://www.facebook.com/reel/1649578336048301/,0,0,Reels,,,,,08/02/2023,0,,,,,,0,0,0,0,0,0.000,6.234
1031324882505568,100064197037125,"PC Merchandise","Do you want an aesthetic build that matches your gaming needs? RYZEN 5 5600G builds available now!",,61,"08/30/2023 19:15",mixed,https://www.facebook.com/reel/1649578336048301/,0,0,Reels,,,,,08/03/2023,0,,,,,,0,0,0,0,0,0.000,5.351
1031324882505568,100064197037125,"PC Merchandise","Do you want an aesthetic build that matches your gaming needs? RYZEN 5 5600G builds available now!",,61,"08/30/2023 19:15",mixed,https://www.facebook.com/reel/1649578336048301/,0,0,Reels,,,,,08/04/2023,0,,,,,,0,0,0,0,0,0.000,3.100
1031324882505568,100064197037125,"PC Merchandise","Do you want an aesthetic build that matches your gaming needs? RYZEN 5 5600G builds available now!",,61,"08/30/2023 19:15",mixed,https://www.facebook.com/reel/1649578336048301/,0,0,Reels,,,,,08/05/2023,0,,,,,,0,0,0,0,0,0.000,5.560
1031324882505568,100064197037125,"PC Merchandise","Do you want an aesthetic build that matches your gaming needs? RYZEN 5 5600G builds available now!",,61,"08/30/2023 19:15",mixed,https://www.facebook.com/reel/1649578336048301/,0,0,Reels,,,,,08/06/2023,0,,,,,,0,0,0,0,0,0.000,4.876
1031324882505568,100064197037125,"PC Merchandise","Do you want an aesthetic build that matches your gaming needs? RYZEN 5 5600G builds available now!",,61,"08/30/2023 19:15",mixed,https://www.facebook.com/reel/1649578336048301/,0,0,Reels,,,,,08/07/2023,0,,,,,,0,0,0,0,0,0.000,5.140
1031324882505568,100064197037125,"PC Merchandise","Do you want an aesthetic build that matches your gaming needs? RYZEN 5 5600G builds available now!",,61,"08/30/2023 19:15",mixed,https://www.facebook.com/reel/1649578336048301/,0,0,Reels,,,,,08/08/2023,0,,,,,,0,0,0,0,0,0.000,5.201
1031324882505568,100064197037125,"PC Merchandise","Do you want an aesthetic build that matches your gaming needs? RYZEN 5 5600G builds available now!",,61,"08/30/2023 19:15",mixed,https://www.facebook.com/reel/1649578336048301/,0,0,Reels,,,,,08/09/2023,0,,,,,,0,0,0,0,0,0.000,6.159
1031324882505568,100064197037125,"PC Merchandise","Do you want an aesthetic build that matches your gaming needs? RYZEN 5 5600G builds available now!",,61,"08/30/2023 19:15",mixed,https://www.facebook.com/reel/1649578336048301/,0,0,Reels,,,,,08/10/2023,0,,,,,,0,0,0,0,0,0.000,6.943
1031324882505568,100064197037125,"PC Merchandise","Do you want an aesthetic build that matches your gaming needs? RYZEN 5 5600G builds available now!",,61,"08/30/2023 19:15",mixed,https://www.facebook.com/reel/1649578336048301/,0,0,Reels,,,,,08/11/2023,0,,,,,,0,0,0,0,0,0.000,5.379
1031324882505568,100064197037125,"PC Merchandise","Do you want an aesthetic build that matches your gaming needs? RYZEN 5 5600G builds available now!",,61,"08/30/2023 19:15",mixed,https://www.facebook.com/reel/1649578336048301/,0,0,Reels,,,,,08/12/2023,0,,,,,,0,0,0,0,0,0.000,6.176
1031324882505568,100064197037125,"PC Merchandise","Do you want an aesthetic build that matches your gaming needs? RYZEN 5 5600G builds available now!",,61,"08/30/2023 19:15",mixed,https://www.facebook.com/reel/1649578336048301/,0,0,Reels,,,,,08/13/2023,0,,,,,,0,0,0,0,0,0.000,3.970
1031324882505568,100064197037125,"PC Merchandise","Do you want an aesthetic build that matches your gaming needs? RYZEN 5 5600G builds available now!",,61,"08/30/2023 19:15",mixed,https://www.facebook.com/reel/1649578336048301/,0,0,Reels,,,,,08/14/2023,0,,,,,,0,0,0,0,0,0.000,5.400
1031324882505568,100064197037125,"PC Merchandise","Do you want an aesthetic build that matches your gaming needs? RYZEN 5 5600G builds available now!",,61,"08/30/2023 19:15",mixed,https://www.facebook.com/reel/1649578336048301/,0,0,Reels,,,,,08/15/2023,0,,,,,,0,0,0,0,0,0.000,6.045
1031324882505568,100064197037125,"PC Merchandise","Do you want an aesthetic build that matches your gaming needs? RYZEN 5 5600G builds available now!",,61,"08/30/2023 19:15",mixed,https://www.facebook.com/reel/1649578336048301/,0,0,Reels,,,,,08/16/2023,0,,,,,,0,0,0,0,0,0.000,6.174
1031324882505568,100064197037125,"PC Merchandise","Do you want an aesthetic build that matches your gaming needs? RYZEN 5 5600G builds available now!",,61,"08/30/2023 19:15",mixed,https://www.facebook.com/reel/1649578336048301/,0,0,Reels,,,,,08/17/2023,0,,,,,,0,0,0,0,0,0.000,4.183
1031324882505568,100064197037125,"PC Merchandise","Do you want an aesthetic build that matches your gaming needs? RYZEN 5 5600G builds available now!",,61,"08/30/2023 19:15",mixed,https://www.facebook.com/reel/1649578336048301/,0,0,Reels,,,,,08/18/2023,0,,,,,,0,0,0,0,0,0.000,5.049
1031324882505568,100064197037125,"PC Merchandise","Do you want an aesthetic build that matches your gaming needs? RYZEN 5 5600G builds available now!",,61,"08/30/2023 19:15",mixed,https://www.facebook.com/reel/1649578336048301/,0,0,Reels,,,,,08/19/2023,0,,,,,,0,0,0,0,0,0.000,5.908
1031324882505568,100064197037125,"PC Merchandise","Do you want an aesthetic build that matches your gaming needs? RYZEN 5 5600G builds available now!",,61,"08/30/2023 19:15",mixed,https://www.facebook.com/reel/1649578336048301/,0,0,Reels,,,,,08/20/2023,0,,,,,,0,0,0,0,0,0.000,6.226
1031324882505568,100064197037125,"PC Merchandise","Do you want an aesthetic build that matches your gaming needs? RYZEN 5 5600G builds available now!",,61,"08/30/2023 19:15",mixed,https://www.facebook.com/reel/1649578336048301/,0,0,Reels,,,,,08/21/2023,0,,,,,,0,0,0,0,0,0.000,4.949
1031324882505568,100064197037125,"PC Merchandise","Do you want an aesthetic build that matches your gaming needs? RYZEN 5 5600G builds available now!",,61,"08/30/2023 19:15",mixed,https://www.facebook.com/reel/1649578336048301/,0,0,Reels,,,,,08/22/2023,0,,,,,,0,0,0,0,0,0.000,5.140
1031324882505568,100064197037125,"PC Merchandise","Do you want an aesthetic build that matches your gaming needs? RYZEN 5 5600G builds available now!",,61,"08/30/2023 19:15",mixed,https://www.facebook.com/reel/1649578336048301/,0,0,Reels,,,,,08/23/2023,0,,,,,,0,0,0,0,0,0.000,6.521
1031324882505568,100064197037125,"PC Merchandise","Do you want an aesthetic build that matches your gaming needs? RYZEN 5 5600G builds available now!",,61,"08/30/2023 19:15",mixed,https://www.facebook.com/reel/1649578336048301/,0,0,Reels,,,,,08/24/2023,0,,,,,,0,0,0,0,0,0.000,6.900
1031324882505568,100064197037125,"PC Merchandise","Do you want an aesthetic build that matches your gaming needs? RYZEN 5 5600G builds available now!",,61,"08/30/2023 19:15",mixed,https://www.facebook.com/reel/1649578336048301/,0,0,Reels,,,,,08/25/2023,0,,,,,,0,0,0,0,0,0.000,6.362
1031324882505568,100064197037125,"PC Merchandise","Do you want an aesthetic build that matches your gaming needs? RYZEN 5 5600G builds available now!",,61,"08/30/2023 19:15",mixed,https://www.facebook.com/reel/1649578336048301/,0,0,Reels,,,,,08/26/2023,0,,,,,,0,0,0,0,0,0.000,5.214
1031324882505568,100064197037125,"PC Merchandise","Do you want an aesthetic build that matches your gaming needs? RYZEN 5 5600G builds available now!",,61,"08/30/2023 19:15",mixed,https://www.facebook.com/reel/1649578336048301/,0,0,Reels,,,,,08/27/2023,0,,,,,,0,0,0,0,0,0.000,4.210
1031324882505568,100064197037125,"PC Merchandise","Do you want an aesthetic build that matches your gaming needs? RYZEN 5 5600G builds available now!",,61,"08/30/2023 19:15",mixed,https://www.facebook.com/reel/1649578336048301/,0,0,Reels,,,,,08/28/2023,0,,,,,,0,0,0,0,0,0.000,6.778
1031324882505568,100064197037125,"PC Merchandise","Do you want an aesthetic build that matches your gaming needs? RYZEN 5 5600G builds available now!",,61,"08/30/2023 19:15",mixed,https://www.facebook.com/reel/1649578336048301/,0,0,Reels,,,,,08/29/2023,0,,,,,,0,0,0,0,0,0.000,3.432
1031324882505568,100064197037125,"PC Merchandise","Do you want an aesthetic build that matches your gaming needs? RYZEN 5 5600G builds available now!",,61,"08/30/2023 19:15",mixed,https://www.facebook.com/reel/1649578336048301/,0,0,Reels,,,,,08/30/2023,0,,,,,,0,0,1,1,0,1929.071,5.343
1031324882505568,100064197037125,"PC Merchandise","Do you want an aesthetic build that matches your gaming needs? RYZEN 5 5600G builds available now!",,61,"08/30/2023 19:15",mixed,https://www.facebook.com/reel/1649578336048301/,0,0,Reels,,,,,08/31/2023,0,,,,,,0,0,1,0,1,1255.522,5.379
1031272052881388,100064197037125,"PC Merchandise","Another comshop delivered! 4 units RYZEN 5 4600G para sa bagong negosyo ni KUYA RON 💪",,85,"08/30/2023 00:01",,https://www.facebook.com/reel/1907745643734414/,0,0,Reels,,,,,08/01/2023,0,,,,,,0,0,0,0,0,0.000,4.578
1031272052881388,100064197037125,"PC Merchandise","Another comshop delivered! 4 units RYZEN 5 4600G para sa bagong negosyo ni KUYA RON 💪",,85,"08/30/2023 00:01",,https://www.facebook.com/reel/1907745643734414/,0,0,Reels,,,,,08/02/2023,0,,,,,,0,0,0,0,0,0.000,4.712
1031272052881388,100064197037125,"PC Merchandise","Another comshop delivered! 4 units RYZEN 5 4600G para sa bagong negosyo ni KUYA RON 💪",,85,"08/30/2023 00:01",,https://www.facebook.com/reel/1907745643734414/,0,0,Reels,,,,,08/03/2023,0,,,,,,0,0,0,0,0,0.000,5.683
1031272052881388,100064197037125,"PC Merchandise","Another comshop delivered! 4 units RYZEN 5 4600G para sa bagong negosyo ni KUYA RON 💪",,85,"08/30/2023 00:01",,https://www.facebook.com/reel/1907745643734414/,0,0,Reels,,,,,08/04/2023,0,,,,,,0,0,0,0,0,0.000,5.539
1031272052881388,100064197037125,"PC Merchandise","Another comshop delivered! 4 units RYZEN 5 4600G para sa bagong negosyo ni KUYA RON 💪",,85,"08/30/2023 00:01",,https://www.facebook.com/reel/1907745643734414/,0,0,Reels,,,,,08/05/2023,0,,,,,,0,0,0,0,0,0.000,5.842
1031272052881388,100064197037125,"PC Merchandise","Another comshop delivered! 4 units RYZEN 5 4600G para sa bagong negosyo ni KUYA RON 💪",,85,"08/30/2023 00:01",,https://www.facebook.com/reel/1907745643734414/,0,0,Reels,,,,,08/06/2023,0,,,,,,0,0,0,0,0,0.000,4.933
1031272052881388,100064197037125,"PC Merchandise","Another comshop delivered! 4 units RYZEN 5 4600G para sa bagong negosyo ni KUYA RON 💪",,85,"08/30/2023 00:01",,https://www.facebook.com/reel/1907745643734414/,0,0,Reels,,,,,08/07/2023,0,,,,,,0,0,0,0,0,0.000,5.525
1031272052881388,100064197037125,"PC Merchandise","Another comshop delivered! 4 units RYZEN 5 4600G para sa bagong negosyo ni KUYA RON 💪",,85,"08/30/2023 00:01",,https://www.facebook.com/reel/1907745643734414/,0,0,Reels,,,,,08/08/2023,0,,,,,,0,0,0,0,0,0.000,5.211
1031272052881388,100064197037125,"PC Merchandise","Another comshop delivered! 4 units RYZEN 5 4600G para sa bagong negosyo ni KUYA RON 💪",,85,"08/30/2023 00:01",,https://www.facebook.com/reel/1907745643734414/,0,0,Reels,,,,,08/09/2023,0,,,,,,0,0,0,0,0,0.000,5.021
1031272052881388,100064197037125,"PC Merchandise","Another comshop delivered! 4 units RYZEN 5 4600G para sa bagong negosyo ni KUYA RON 💪",,85,"08/30/2023 00:01",,https://www.facebook.com/reel/1907745643734414/,0,0,Reels,,,,,08/10/2023,0,,,,,,0,0,0,0,0,0.000,4.513
1031272052881388,100064197037125,"PC Merchandise","Another comshop delivered! 4 units RYZEN 5 4600G para sa bagong negosyo ni KUYA RON 💪",,85,"08/30/2023 00:01",,https://www.facebook.com/reel/1907745643734414/,0,0,Reels,,,,,08/11/2023,0,,,,,,0,0,0,0,0,0.000,6.024
1031272052881388,100064197037125,"PC Merchandise","Another comshop delivered! 4 units RYZEN 5 4600G para sa bagong negosyo ni KUYA RON 💪",,85,"08/30/2023 00:01",,https://www.facebook.com/reel/1907745643734414/,0,0,Reels,,,,,08/12/2023,0,,,,,,0,0,0,0,0,0.000,5.206
1031272052881388,100064197037125,"PC Merchandise","Another comshop delivered! 4 units RYZEN 5 4600G para sa bagong negosyo ni KUYA RON 💪",,85,"08/30/2023 00:01",,https://www.facebook.com/reel/1907745643734414/,0,0,Reels,,,,,08/13/2023,0,,,,,,0,0,0,0,0,0.000,5.487
1031272052881388,100064197037125,"PC Merchandise","Another comshop delivered! 4 units RYZEN 5 4600G para sa bagong negosyo ni KUYA RON 💪",,85,"08/30/2023 00:01",,https://www.facebook.com/reel/1907745643734414/,0,0,Reels,,,,,08/14/2023,0,,,,,,0,0,0,0,0,0.000,4.497
1031272052881388,100064197037125,"PC Merchandise","Another comshop delivered! 4 units RYZEN 5 4600G para sa bagong negosyo ni KUYA RON 💪",,85,"08/30/2023 00:01",,https://www.facebook.com/reel/1907745643734414/,0,0,Reels,,,,,08/15/2023,0,,,,,,0,0,0,0,0,0.000,4.637
1031272052881388,100064197037125,"PC Merchandise","Another comshop delivered! 4 units RYZEN 5 4600G para sa bagong negosyo ni KUYA RON 💪",,85,"08/30/2023 00:01",,https://www.facebook.com/reel/1907745643734414/,0,0,Reels,,,,,08/16/2023,0,,,,,,0,0,0,0,0,0.000,4.684
1031272052881388,100064197037125,"PC Merchandise","Another comshop delivered! 4 units RYZEN 5 4600G para sa bagong negosyo ni KUYA RON 💪",,85,"08/30/2023 00:01",,https://www.facebook.com/reel/1907745643734414/,0,0,Reels,,,,,08/17/2023,0,,,,,,0,0,0,0,0,0.000,6.213
1031272052881388,100064197037125,"PC Merchandise","Another comshop delivered! 4 units RYZEN 5 4600G para sa bagong negosyo ni KUYA RON 💪",,85,"08/30/2023 00:01",,https://www.facebook.com/reel/1907745643734414/,0,0,Reels,,,,,08/18/2023,0,,,,,,0,0,0,0,0,0.000,5.926
1031272052881388,100064197037125,"PC Merchandise","Another comshop delivered! 4 units RYZEN 5 4600G para sa bagong negosyo ni KUYA RON 💪",,85,"08/30/2023 00:01",,https://www.facebook.com/reel/1907745643734414/,0,0,Reels,,,,,08/19/2023,0,,,,,,0,0,0,0,0,0.000,6.306
1031272052881388,100064197037125,"PC Merchandise","Another comshop delivered! 4 units RYZEN 5 4600G para sa bagong negosyo ni KUYA RON 💪",,85,"08/30/2023 00:01",,https://www.facebook.com/reel/1907745643734414/,0,0,Reels,,,,,08/20/2023,0,,,,,,0,0,0,0,0,0.000,6.680
1031272052881388,100064197037125,"PC Merchandise","Another comshop delivered! 4 units RYZEN 5 4600G para sa bagong negosyo ni KUYA RON 💪",,85,"08/30/2023 00:01",,https://www.facebook.com/reel/1907745643734414/,0,0,Reels,,,,,08/21/2023,0,,,,,,0,0,0,0,0,0.000,6.511
1031272052881388,100064197037125,"PC Merchandise","Another comshop delivered! 4 units RYZEN 5 4600G para sa bagong negosyo ni KUYA RON 💪",,85,"08/30/2023 00:01",,https://www.facebook.com/reel/1907745643734414/,0,0,Reels,,,,,08/22/2023,0,,,,,,0,0,0,0,0,0.000,6.007
1031272052881388,100064197037125,"PC Merchandise","Another comshop delivered! 4 units RYZEN 5 4600G para sa bagong negosyo ni KUYA RON 💪",,85,"08/30/2023 00:01",,https://www.facebook.com/reel/1907745643734414/,0,0,Reels,,,,,08/23/2023,0,,,,,,0,0,0,0,0,0.000,4.853
1031272052881388,100064197037125,"PC Merchandise","Another comshop delivered! 4 units RYZEN 5 4600G para sa bagong negosyo ni KUYA RON 💪",,85,"08/30/2023 00:01",,https://www.facebook.com/reel/1907745643734414/,0,0,Reels,,,,,08/24/2023,0,,,,,,0,0,0,0,0,0.000,5.678
1031272052881388,100064197037125,"PC Merchandise","Another comshop delivered! 4 units RYZEN 5 4600G para sa bagong negosyo ni KUYA RON 💪",,85,"08/30/2023 00:01",,https://www.facebook.com/reel/1907745643734414/,0,0,Reels,,,,,08/25/2023,0,,,,,,0,0,0,0,0,0.000,5.195
1031272052881388,100064197037125,"PC Merchandise","Another comshop delivered! 4 units RYZEN 5 4600G para sa bagong negosyo ni KUYA RON 💪",,85,"08/30/2023 00:01",,https://www.facebook.com/reel/1907745643734414/,0,0,Reels,,,,,08/26/2023,0,,,,,,0,0,0,0,0,0.000,5.981
1031272052881388,100064197037125,"PC Merchandise","Another comshop delivered! 4 units RYZEN 5 4600G para sa bagong negosyo ni KUYA RON 💪",,85,"08/30/2023 00:01",,https://www.facebook.com/reel/1907745643734414/,0,0,Reels,,,,,08/27/2023,0,,,,,,0,0,0,0,0,0.000,6.811
1031272052881388,100064197037125,"PC Merchandise","Another comshop delivered! 4 units RYZEN 5 4600G para sa bagong negosyo ni KUYA RON 💪",,85,"08/30/2023 00:01",,https://www.facebook.com/reel/1907745643734414/,0,0,Reels,,,,,08/28/2023,0,,,,,,0,0,0,0,0,0.000,4.982
1031272052881388,100064197037125,"PC Merchandise","Another comshop delivered! 4 units RYZEN 5 4600G para sa bagong negosyo ni KUYA RON 💪",,85,"08/30/2023 00:01",,https://www.facebook.com/reel/1907745643734414/,0,0,Reels,,,,,08/29/2023,0,,,,,,0,0,0,0,0,0.000,5.376
1031272052881388,100064197037125,"PC Merchandise","Another comshop delivered! 4 units RYZEN 5 4600G para sa bagong negosyo ni KUYA RON 💪",,85,"08/30/2023 00:01",,https://www.facebook.com/reel/1907745643734414/,0,0,Reels,,,,,08/30/2023,0,,,,,,106,0,1,1,0,1383.547,5.150
1031272052881388,100064197037125,"PC Merchandise","Another comshop delivered! 4 units RYZEN 5 4600G para sa bagong negosyo ni KUYA RON 💪",,85,"08/30/2023 00:01",,https://www.facebook.com/reel/1907745643734414/,0,0,Reels,,,,,08/31/2023,0,,,,,,126,0,2,1,1,944.173,5.277
1031179639475453,100064197037125,"PC Merchandise","𝐏𝐑𝐈𝐂𝐄𝐋𝐈𝐒𝐓 𝟐𝟎𝟐𝟑 >>>
https://pcmerchandise.live/2023-BERMONTHS-LIST-COMSHOP",,34,"08/29/2023 22:00",,https://www.facebook.com/reel/1366073455307982/,0,0,Reels,,,,,08/01/2023,0,,,,,,0,0,0,0,0,0.000,1.787
1031179639475453,100064197037125,"PC Merchandise","𝐏𝐑𝐈𝐂𝐄𝐋𝐈𝐒𝐓 𝟐𝟎𝟐𝟑 >>>
https://pcmerchandise.live/2023-BERMONTHS-LIST-COMSHOP",,34,"08/29/2023 22:00",,https://www.facebook.com/reel/1366073455307982/,0,0,Reels,,,,,08/02/2023,0,,,,,,0,0,0,0,0,0.000,1.651
1031179639475453,100064197037125,"PC Merchandise","𝐏𝐑𝐈𝐂𝐄𝐋𝐈𝐒𝐓 𝟐𝟎𝟐𝟑 >>>
https://pcmerchandise.live/2023-BERMONTHS-LIST-COMSHOP",,34,"08/29/2023 22:00",,https://www.facebook.com/reel/1366073455307982/,0,0,Reels,,,,,08/03/2023,0,,,,,,0,0,0,0,0,0.000,1.659
1031179639475453,100064197037125,"PC Merchandise","𝐏𝐑𝐈𝐂𝐄𝐋𝐈𝐒𝐓 𝟐𝟎𝟐𝟑 >>>
https://pcmerchandise.live/2023-BERMONTHS-LIST-COMSHOP",,34,"08/29/2023 22:00",,https://www.facebook.com/reel/1366073455307982/,0,0,Reels,,,,,08/04/2023,0,,,,,,0,0,0,0,0,0.000,1.777
1031179639475453,100064197037125,"PC Merchandise","𝐏𝐑𝐈𝐂𝐄𝐋𝐈𝐒𝐓 𝟐𝟎𝟐𝟑 >>>
https://pcmerchandise.live/2023-BERMONTHS-LIST-COMSHOP",,34,"08/29/2023 22:00",,https://www.facebook.com/reel/1366073455307982/,0,0,Reels,,,,,08/05/2023,0,,,,,,0,0,0,0,0,0.000,3.435
1031179639475453,100064197037125,"PC Merchandise","𝐏𝐑𝐈𝐂𝐄𝐋𝐈𝐒𝐓 𝟐𝟎𝟐𝟑 >>>
https://pcmerchandise.live/2023-BERMONTHS-LIST-COMSHOP",,34,"08/29/2023 22:00",,https://www.facebook.com/reel/1366073455307982/,0,0,Reels,,,,,08/06/2023,0,,,,,,0,0,0,0,0,0.000,2.514
1031179639475453,100064197037125,"PC Merchandise","𝐏𝐑𝐈𝐂𝐄𝐋𝐈𝐒𝐓 𝟐𝟎𝟐𝟑 >>>
https://pcmerchandise.live/2023-BERMONTHS-LIST-COMSHOP",,34,"08/29/2023 22:00",,https://www.facebook.com/reel/1366073455307982/,0,0,Reels,,,,,08/07/2023,0,,,,,,0,0,0,0,0,0.000,2.994
1031179639475453,100064197037125,"PC Merchandise","𝐏𝐑𝐈𝐂𝐄𝐋𝐈𝐒𝐓 𝟐𝟎𝟐𝟑 >>>
https://pcmerchandise.live/2023-BERMONTHS-LIST-COMSHOP",,34,"08/29/2023 22:00",,https://www.facebook.com/reel/1366073455307982/,0,0,Reels,,,,,08/08/2023,0,,,,,,0,0,0,0,0,0.000,3.075
1031179639475453,100064197037125,"PC Merchandise","𝐏𝐑𝐈𝐂𝐄𝐋𝐈𝐒𝐓 𝟐𝟎𝟐𝟑 >>>
https://pcmerchandise.live/2023-BERMONTHS-LIST-COMSHOP",,34,"08/29/2023 22:00",,https://www.facebook.com/reel/1366073455307982/,0,0,Reels,,,,,08/09/2023,0,,,,,,0,0,0,0,0,0.000,1.896
1031179639475453,100064197037125,"PC Merchandise","𝐏𝐑𝐈𝐂𝐄𝐋𝐈𝐒𝐓 𝟐𝟎𝟐𝟑 >>>
https://pcmerchandise.live/2023-BERMONTHS-LIST-COMSHOP",,34,"08/29/2023 22:00",,https://www.facebook.com/reel/1366073455307982/,0,0,Reels,,,,,08/10/2023,0,,,,,,0,0,0,0,0,0.000,3.816
1031179639475453,100064197037125,"PC Merchandise","𝐏𝐑𝐈𝐂𝐄𝐋𝐈𝐒𝐓 𝟐𝟎𝟐𝟑 >>>
https://pcmerchandise.live/2023-BERMONTHS-LIST-COMSHOP",,34,"08/29/2023 22:00",,https://www.facebook.com/reel/1366073455307982/,0,0,Reels,,,,,08/11/2023,0,,,,,,0,0,0,0,0,0.000,3.151
1031179639475453,100064197037125,"PC Merchandise","𝐏𝐑𝐈𝐂𝐄𝐋𝐈𝐒𝐓 𝟐𝟎𝟐𝟑 >>>
https://pcmerchandise.live/2023-BERMONTHS-LIST-COMSHOP",,34,"08/29/2023 22:00",,https://www.facebook.com/reel/1366073455307982/,0,0,Reels,,,,,08/12/2023,0,,,,,,0,0,0,0,0,0.000,2.467
1031179639475453,100064197037125,"PC Merchandise","𝐏𝐑𝐈𝐂𝐄𝐋𝐈𝐒𝐓 𝟐𝟎𝟐𝟑 >>>
https://pcmerchandise.live/2023-BERMONTHS-LIST-COMSHOP",,34,"08/29/2023 22:00",,https://www.facebook.com/reel/1366073455307982/,0,0,Reels,,,,,08/13/2023,0,,,,,,0,0,0,0,0,0.000,1.500
1031179639475453,100064197037125,"PC Merchandise","𝐏𝐑𝐈𝐂𝐄𝐋𝐈𝐒𝐓 𝟐𝟎𝟐𝟑 >>>
https://pcmerchandise.live/2023-BERMONTHS-LIST-COMSHOP",,34,"08/29/2023 22:00",,https://www.facebook.com/reel/1366073455307982/,0,0,Reels,,,,,08/14/2023,0,,,,,,0,0,0,0,0,0.000,1.608
1031179639475453,100064197037125,"PC Merchandise","𝐏𝐑𝐈𝐂𝐄𝐋𝐈𝐒𝐓 𝟐𝟎𝟐𝟑 >>>
https://pcmerchandise.live/2023-BERMONTHS-LIST-COMSHOP",,34,"08/29/2023 22:00",,https://www.facebook.com/reel/1366073455307982/,0,0,Reels,,,,,08/15/2023,0,,,,,,0,0,0,0,0,0.000,2.514
1031179639475453,100064197037125,"PC Merchandise","𝐏𝐑𝐈𝐂𝐄𝐋𝐈𝐒𝐓 𝟐𝟎𝟐𝟑 >>>
https://pcmerchandise.live/2023-BERMONTHS-LIST-COMSHOP",,34,"08/29/2023 22:00",,https://www.facebook.com/reel/1366073455307982/,0,0,Reels,,,,,08/16/2023,0,,,,,,0,0,0,0,0,0.000,2.414
1031179639475453,100064197037125,"PC Merchandise","𝐏𝐑𝐈𝐂𝐄𝐋𝐈𝐒𝐓 𝟐𝟎𝟐𝟑 >>>
https://pcmerchandise.live/2023-BERMONTHS-LIST-COMSHOP",,34,"08/29/2023 22:00",,https://www.facebook.com/reel/1366073455307982/,0,0,Reels,,,,,08/17/2023,0,,,,,,0,0,0,0,0,0.000,2.458
1031179639475453,100064197037125,"PC Merchandise","𝐏𝐑𝐈𝐂𝐄𝐋𝐈𝐒𝐓 𝟐𝟎𝟐𝟑 >>>
https://pcmerchandise.live/2023-BERMONTHS-LIST-COMSHOP",,34,"08/29/2023 22:00",,https://www.facebook.com/reel/1366073455307982/,0,0,Reels,,,,,08/18/2023,0,,,,,,0,0,0,0,0,0.000,2.952
1031179639475453,100064197037125,"PC Merchandise","𝐏𝐑𝐈𝐂𝐄𝐋𝐈𝐒𝐓 𝟐𝟎𝟐𝟑 >>>
https://pcmerchandise.live/2023-BERMONTHS-LIST-COMSHOP",,34,"08/29/2023 22:00",,https://www.facebook.com/reel/1366073455307982/,0,0,Reels,,,,,08/19/2023,0,,,,,,0,0,0,0,0,0.000,2.525
1031179639475453,100064197037125,"PC Merchandise","𝐏𝐑𝐈𝐂𝐄𝐋𝐈𝐒𝐓 𝟐𝟎𝟐𝟑 >>>
https://pcmerchandise.live/2023-BERMONTHS-LIST-COMSHOP",,34,"08/29/2023 22:00",,https://www.facebook.com/reel/1366073455307982/,0,0,Reels,,,,,08/20/2023,0,,,,,,0,0,0,0,0,0.000,4.306
1031179639475453,100064197037125,"PC Merchandise","𝐏𝐑𝐈𝐂𝐄𝐋𝐈𝐒𝐓 𝟐𝟎𝟐𝟑 >>>
https://pcmerchandise.live/2023-BERMONTHS-LIST-COMSHOP",,34,"08/29/2023 22:00",,https://www.facebook.com/reel/1366073455307982/,0,0,Reels,,,,,08/21/2023,0,,,,,,0,0,0,0,0,0.000,1.647
1031179639475453,100064197037125,"PC Merchandise","𝐏𝐑𝐈𝐂𝐄𝐋𝐈𝐒𝐓 𝟐𝟎𝟐𝟑 >>>
https://pcmerchandise.live/2023-BERMONTHS-LIST-COMSHOP",,34,"08/29/2023 22:00",,https://www.facebook.com/reel/1366073455307982/,0,0,Reels,,,,,08/22/2023,0,,,,,,0,0,0,0,0,0.000,2.490
1031179639475453,100064197037125,"PC Merchandise","𝐏𝐑𝐈𝐂𝐄𝐋𝐈𝐒𝐓 𝟐𝟎𝟐𝟑 >>>
https://pcmerchandise.live/2023-BERMONTHS-LIST-COMSHOP",,34,"08/29/2023 22:00",,https://www.facebook.com/reel/1366073455307982/,0,0,Reels,,,,,08/23/2023,0,,,,,,0,0,0,0,0,0.000,3.168
1031179639475453,100064197037125,"PC Merchandise","𝐏𝐑𝐈𝐂𝐄𝐋𝐈𝐒𝐓 𝟐𝟎𝟐𝟑 >>>
https://pcmerchandise.live/2023-BERMONTHS-LIST-COMSHOP",,34,"08/29/2023 22:00",,https://www.facebook.com/reel/1366073455307982/,0,0,Reels,,,,,08/24/2023,0,,,,,,0,0,0,0,0,0.000,2.385
1031179639475453,100064197037125,"PC Merchandise","𝐏𝐑𝐈𝐂𝐄𝐋𝐈𝐒𝐓 𝟐𝟎𝟐𝟑 >>>
https://pcmerchandise.live/2023-BERMONTHS-LIST-COMSHOP",,34,"08/29/2023 22:00",,https://www.facebook.com/reel/1366073455307982/,0,0,Reels,,,,,08/25/2023,0,,,,,,0,0,0,0,0,0.000,2.364
1031179639475453,100064197037125,"PC Merchandise","𝐏𝐑𝐈𝐂𝐄𝐋𝐈𝐒𝐓 𝟐𝟎𝟐𝟑 >>>
https://pcmerchandise.live/2023-BERMONTHS-LIST-COMSHOP",,34,"08/29/2023 22:00",,https://www.facebook.com/reel/1366073455307982/,0,0,Reels,,,,,08/26/2023,0,,,,,,0,0,0,0,0,0.000,2.055
1031179639475453,100064197037125,"PC Merchandise","𝐏𝐑𝐈𝐂𝐄𝐋𝐈𝐒𝐓 𝟐𝟎𝟐𝟑 >>>
https://pcmerchandise.live/2023-BERMONTHS-LIST-COMSHOP",,34,"08/29/2023 22:00",,https://www.facebook.com/reel/1366073455307982/,0,0,Reels,,,,,08/27/2023,0,,,,,,0,0,0,0,0,0.000,1.500
1031179639475453,100064197037125,"PC Merchandise","𝐏𝐑𝐈𝐂𝐄𝐋𝐈𝐒𝐓 𝟐𝟎𝟐𝟑 >>>
https://pcmerchandise.live/2023-BERMONTHS-LIST-COMSHOP",,34,"08/29/2023 22:00",,https://www.facebook.com/reel/1366073455307982/,0,0,Reels,,,,,08/28/2023,0,,,,,,0,0,0,0,0,0.000,2.703
1031179639475453,100064197037125,"PC Merchandise","𝐏𝐑𝐈𝐂𝐄𝐋𝐈𝐒𝐓 𝟐𝟎𝟐𝟑 >>>
https://pcmerchandise.live/2023-BERMONTHS-LIST-COMSHOP",,34,"08/29/2023 22:00",,https://www.facebook.com/reel/1366073455307982/,0,0,Reels,,,,,08/29/2023,0,,,,,,81,0,1,0,1,1191.189,1.808
1031179639475453,100064197037125,"PC Merchandise","𝐏𝐑𝐈𝐂𝐄𝐋𝐈𝐒𝐓 𝟐𝟎𝟐𝟑 >>>
https://pcmerchandise.live/2023-BERMONTHS-LIST-COMSHOP",,34,"08/29/2023 22:00",,https://www.facebook.com/reel/1366073455307982/,0,0,Reels,,,,,08/30/2023,0,,,,,,73,0,1,1,0,674.352,2.137
1031179639475453,100064197037125,"PC Merchandise","𝐏𝐑𝐈𝐂𝐄𝐋𝐈𝐒𝐓 𝟐𝟎𝟐𝟑 >>>
https://pcmerchandise.live/2023-BERMONTHS-LIST-COMSHOP",,34,"08/29/2023 22:00",,https://www.facebook.com/reel/1366073455307982/,0,0,Reels,,,,,08/31/2023,0,,,,,,84,0,0,0,0,799.000,2.305
1031288629333675,100064197037125,"PC Merchandise","Do you want an aesthetic build that matches your gaming needs? i5 12400F builds available now!",,69,"08/29/2023 19:01",auto,https://www.facebook.com/reel/1444636215192180/,0,0,Reels,,,,,08/01/2023,0,,,,,,0,0,0,0,0,0.000,3.334
1031288629333675,100064197037125,"PC Merchandise","Do you want an aesthetic build that matches your gaming needs? i5 12400F builds available now!",,69,"08/29/2023 19:01",auto,https://www.facebook.com/reel/1444636215192180/,0,0,Reels,,,,,08/02/2023,0,,,,,,0,0,0,0,0,0.000,4.501
1031288629333675,100064197037125,"PC Merchandise","Do you want an aesthetic build that matches your gaming needs? i5 12400F builds available now!",,69,"08/29/2023 19:01",auto,https://www.facebook.com/reel/1444636215192180/,0,0,Reels,,,,,08/03/2023,0,,,,,,0,0,0,0,0,0.000,2.086
1031288629333675,100064197037125,"PC Merchandise","Do you want an aesthetic build that matches your gaming needs? i5 12400F builds available now!",,69,"08/29/2023 19:01",auto,https://www.facebook.com/reel/1444636215192180/,0,0,Reels,,,,,08/04/2023,0,,,,,,0,0,0,0,0,0.000,3.354
1031288629333675,100064197037125,"PC Merchandise","Do you want an aesthetic build that matches your gaming needs? i5 12400F builds available now!",,69,"08/29/2023 19:01",auto,https://www.facebook.com/reel/1444636215192180/,0,0,Reels,,,,,08/05/2023,0,,,,,,0,0,0,0,0,0.000,3.741
1031288629333675,100064197037125,"PC Merchandise","Do you want an aesthetic build that matches your gaming needs? i5 12400F builds available now!",,69,"08/29/2023 19:01",auto,https://www.facebook.com/reel/1444636215192180/,0,0,Reels,,,,,08/06/2023,0,,,,,,0,0,0,0,0,0.000,2.613
1031288629333675,100064197037125,"PC Merchandise","Do you want an aesthetic build that matches your gaming needs? i5 12400F builds available now!",,69,"08/29/2023 19:01",auto,https://www.facebook.com/reel/1444636215192180/,0,0,Reels,,,,,08/07/2023,0,,,,,,0,0,0,0,0,0.000,3.842
1031288629333675,100064197037125,"PC Merchandise","Do you want an aesthetic build that matches your gaming needs? i5 12400F builds available now!",,69,"08/29/2023 19:01",auto,https://www.facebook.com/reel/1444636215192180/,0,0,Reels,,,,,08/08/2023,0,,,,,,0,0,0,0,0,0.000,3.611
1031288629333675,100064197037125,"PC Merchandise","Do you want an aesthetic build that matches your gaming needs? i5 12400F builds available now!",,69,"08/29/2023 19:01",auto,https://www.facebook.com/reel/1444636215192180/,0,0,Reels,,,,,08/09/2023,0,,,,,,0,0,0,0,0,0.000,3.254
1031288629333675,100064197037125,"PC Merchandise","Do you want an aesthetic build that matches your gaming needs? i5 12400F builds available now!",,69,"08/29/2023 19:01",auto,https://www.facebook.com/reel/1444636215192180/,0,0,Reels,,,,,08/10/2023,0,,,,,,0,0,0,0,0,0.000,2.588
1031288629333675,100064197037125,"PC Merchandise","Do you want an aesthetic build that matches your gaming needs? i5 12400F builds available now!",,69,"08/29/2023 19:01",auto,https://www.facebook.com/reel/1444636215192180/,0,0,Reels,,,,,08/11/2023,0,,,,,,0,0,0,0,0,0.000,2.715
1031288629333675,100064197037125,"PC Merchandise","Do you want an aesthetic build that matches your gaming needs? i5 12400F builds available now!",,69,"08/29/2023 19:01",auto,https://www.facebook.com/reel/1444636215192180/,0,0,Reels,,,,,08/12/2023,0,,,,,,0,0,0,0,0,0.000,2.575
1031288629333675,100064197037125,"PC Merchandise","Do you want an aesthetic build that matches your gaming needs? i5 12400F builds available now!",,69,"08/29/2023 19:01",auto,https://www.facebook.com/reel/1444636215192180/,0,0,Reels,,,,,08/13/2023,0,,,,,,0,0,0,0,0,0.000,3.659
1031288629333675,100064197037125,"PC Merchandise","Do you want an aesthetic build that matches your gaming needs? i5 12400F builds available now!",,69,"08/29/2023 19:01",auto,https://www.facebook.com/reel/1444636215192180/,0,0,Reels,,,,,08/14/2023,0,,,,,,0,0,0,0,0,0.000,3.444
1031288629333675,100064197037125,"PC Merchandise","Do you want an aesthetic build that matches your gaming needs? i5 12400F builds available now!",,69,"08/29/2023 19:01",auto,https://www.facebook.com/reel/1444636215192180/,0,0,Reels,,,,,08/15/2023,0,,,,,,0,0,0,0,0,0.000,3.519
1031288629333675,100064197037125,"PC Merchandise","Do you want an aesthetic build that matches your gaming needs? i5 12400F builds available now!",,69,"08/29/2023 19:01",auto,https://www.facebook.com/reel/1444636215192180/,0,0,Reels,,,,,08/16/2023,0,,,,,,0,0,0,0,0,0.000,2.511
1031288629333675,100064197037125,"PC Merchandise","Do you want an aesthetic build that matches your gaming needs? i5 12400F builds available now!",,69,"08/29/2023 19:01",auto,https://www.facebook.com/reel/1444636215192180/,0,0,Reels,,,,,08/17/2023,0,,,,,,0,0,0,0,0,0.000,1.500
1031288629333675,100064197037125,"PC Merchandise","Do you want an aesthetic build that matches your gaming needs? i5 12400F builds available now!",,69,"08/29/2023 19:01",auto,https://www.facebook.com/reel/1444636215192180/,0,0,Reels,,,,,08/18/2023,0,,,,,,0,0,0,0,0,0.000,2.906
1031288629333675,100064197037125,"PC Merchandise","Do you want an aesthetic build that matches your gaming needs? i5 12400F builds available now!",,69,"08/29/2023 19:01",auto,https://www.facebook.com/reel/1444636215192180/,0,0,Reels,,,,,08/19/2023,0,,,,,,0,0,0,0,0,0.000,3.582
1031288629333675,100064197037125,"PC Merchandise","Do you want an aesthetic build that matches your gaming needs? i5 12400F builds available now!",,69,"08/29/2023 19:01",auto,https://www.facebook.com/reel/1444636215192180/,0,0,Reels,,,,,08/20/2023,0,,,,,,0,0,0,0,0,0.000,3.409
1031288629333675,100064197037125,"PC Merchandise","Do you want an aesthetic build that matches your gaming needs? i5 12400F builds available now!",,69,"08/29/2023 19:01",auto,https://www.facebook.com/reel/1444636215192180/,0,0,Reels,,,,,08/21/2023,0,,,,,,0,0,0,0,0,0.000,3.275
1031288629333675,100064197037125,"PC Merchandise","Do you want an aesthetic build that matches your gaming needs? i5 12400F builds available now!",,69,"08/29/2023 19:01",auto,https://www.facebook.com/reel/1444636215192180/,0,0,Reels,,,,,08/22/2023,0,,,,,,0,0,0,0,0,0.000,2.271
1031288629333675,100064197037125,"PC Merchandise","Do you want an aesthetic build that matches your gaming needs? i5 12400F builds available now!",,69,"08/29/2023 19:01",auto,https://www.facebook.com/reel/1444636215192180/,0,0,Reels,,,,,08/23/2023,0,,,,,,0,0,0,0,0,0.000,5.157
1031288629333675,100064197037125,"PC Merchandise","Do you want an aesthetic build that matches your gaming needs? i5 12400F builds available now!",,69,"08/29/2023 19:01",auto,https://www.facebook.com/reel/1444636215192180/,0,0,Reels,,,,,08/24/2023,0,,,,,,0,0,0,0,0,0.000,3.396
1031288629333675,100064197037125,"PC Merchandise","Do you want an aesthetic build that matches your gaming needs? i5 12400F builds available now!",,69,"08/29/2023 19:01",auto,https://www.facebook.com/reel/1444636215192180/,0,0,Reels,,,,,08/25/2023,0,,,,,,0,0,0,0,0,0.000,2.731
1031288629333675,100064197037125,"PC Merchandise","Do you want an aesthetic build that matches your gaming needs? i5 12400F builds available now!",,69,"08/29/2023 19:01",auto,https://www.facebook.com/reel/1444636215192180/,0,0,Reels,,,,,08/26/2023,0,,,,,,0,0,0,0,0,0.000,2.720
1031288629333675,100064197037125,"PC Merchandise","Do you want an aesthetic build that matches your gaming needs? i5 12400F builds available now!",,69,"08/29/2023 19:01",auto,https://www.facebook.com/reel/1444636215192180/,0,0,Reels,,,,,08/27/2023,0,,,,,,0,0,0,0,0,0.000,3.364
1031288629333675,100064197037125,"PC Merchandise","Do you want an aesthetic build that matches your gaming needs? i5 12400F builds available now!",,69,"08/29/2023 19:01",auto,https://www.facebook.com/reel/1444636215192180/,0,0,Reels,,,,,08/28/2023,0,,,,,,0,0,0,0,0,0.000,3.252
1031288629333675,100064197037125,"PC Merchandise","Do you want an aesthetic build that matches your gaming needs? i5 12400F builds available now!",,69,"08/29/2023 19:01",auto,https://www.facebook.com/reel/1444636215192180/,0,0,Reels,,,,,08/29/2023,0,,,,,,0,0,1,1,0,1364.682,4.095
1031288629333675,100064197037125,"PC Merchandise","Do you want an aesthetic build that matches your gaming needs? i5 12400F builds available now!",,69,"08/29/2023 19:01",auto,https://www.facebook.com/reel/1444636215192180/,0,0,Reels,,,,,08/30/2023,0,,,,,,0,0,1,0,1,853.602,3.931
1031288629333675,100064197037125,"PC Merchandise","Do you want an aesthetic build that matches your gaming needs? i5 12400F builds available now!",,69,"08/29/2023 19:01",auto,https://www.facebook.com/reel/1444636215192180/,0,0,Reels,,,,,08/31/2023,0,,,,,,0,0,2,2,0,568.375,3.266
1031328229581175,100064197037125,"PC Merchandise","客户 satisfied ✅ RYZEN 5 3400G build with RGB everything 🌈",,0,"08/28/2023 19:30",,https://www.facebook.com/pcmerchandise.co/posts/pfbid07bOd0ydZA7EX9Cejr0HYpQYwwOh8tdPK409RpP46KZNbmlDcaVoLnALY,0,0,Photos,,,,,08/31/2023,0,,,,,,,,,,,,
1031328229581175,100064197037125,"PC Merchandise","客户 satisfied ✅ RYZEN 5 3400G build with RGB everything 🌈",,0,"08/28/2023 19:30",,https://www.facebook.com/pcmerchandise.co/posts/pfbid07bOd0ydZA7EX9Cejr0HYpQYwwOh8tdPK409RpP46KZNbmlDcaVoLnALY,0,0,Photos,,,,,08/01/2023,,,0,0,0,0,0,0,,,,,
1031328229581175,100064197037125,"PC Merchandise","客户 satisfied ✅ RYZEN 5 3400G build with RGB everything 🌈",,0,"08/28/2023 19:30",,https://www.facebook.com/pcmerchandise.co/posts/pfbid07bOd0ydZA7EX9Cejr0HYpQYwwOh8tdPK409RpP46KZNbmlDcaVoLnALY,0,0,Photos,,,,,08/02/2023,,,0,0,0,0,0,0,,,,,
1031328229581175,100064197037125,"PC Merchandise","客户 satisfied ✅ RYZEN 5 3400G build with RGB everything 🌈",,0,"08/28/2023 19:30",,https://www.facebook.com/pcmerchandise.co/posts/pfbid07bOd0ydZA7EX9Cejr0HYpQYwwOh8tdPK409RpP46KZNbmlDcaVoLnALY,0,0,Photos,,,,,08/03/2023,,,0,0,0,0,0,0,,,,,
1031328229581175,100064197037125,"PC Merchandise","客户 satisfied ✅ RYZEN 5 3400G build with RGB everything 🌈",,0,"08/28/2023 19:30",,https://www.facebook.com/pcmerchandise.co/posts/pfbid07bOd0ydZA7EX9Cejr0HYpQYwwOh8tdPK409RpP46KZNbmlDcaVoLnALY,0,0,Photos,,,,,08/04/2023,,,0,0,0,0,0,0,,,,,
1031328229581175,100064197037125,"PC Merchandise","客户 satisfied ✅ RYZEN 5 3400G build with RGB everything 🌈",,0,"08/28/2023 19:30",,https://www.facebook.com/pcmerchandise.co/posts/pfbid07bOd0ydZA7EX9Cejr0HYpQYwwOh8tdPK409RpP46KZNbmlDcaVoLnALY,0,0,Photos,,,,,08/05/2023,,,0,0,0,0,0,0,,,,,
1031328229581175,100064197037125,"PC Merchandise","客户 satisfied ✅ RYZEN 5 3400G build with RGB everything 🌈",,0,"08/28/2023 19:30",,https://www.facebook.com/pcmerchandise.co/posts/pfbid07bOd0ydZA7EX9Cejr0HYpQYwwOh8tdPK409RpP46KZNbmlDcaVoLnALY,0,0,Photos,,,,,08/06/2023,,,0,0,0,0,0,0,,,,,
1031328229581175,100064197037125,"PC Merchandise","客户 satisfied ✅ RYZEN 5 3400G build with RGB everything 🌈",,0,"08/28/2023 19:30",,https://www.facebook.com/pcmerchandise.co/posts/pfbid07bOd0ydZA7EX9Cejr0HYpQYwwOh8tdPK409RpP46KZNbmlDcaVoLnALY,0,0,Photos,,,,,08/07/2023,,,0,0,0,0,0,0,,,,,
1031328229581175,100064197037125,"PC Merchandise","客户 satisfied ✅ RYZEN 5 3400G build with RGB everything 🌈",,0,"08/28/2023 19:30",,https://www.facebook.com/pcmerchandise.co/posts/pfbid07bOd0ydZA7EX9Cejr0HYpQYwwOh8tdPK409RpP46KZNbmlDcaVoLnALY,0,0,Photos,,,,,08/08/2023,,,0,0,0,0,0,0,,,,,
1031328229581175,100064197037125,"PC Merchandise","客户 satisfied ✅ RYZEN 5 3400G build with RGB everything 🌈",,0,"08/28/2023 19:30",,https://www.facebook.com/pcmerchandise.co/posts/pfbid07bOd0ydZA7EX9Cejr0HYpQYwwOh8tdPK409RpP46KZNbmlDcaVoLnALY,0,0,Photos,,,,,08/09/2023,,,0,0,0,0,0,0,,,,,
1031328229581175,100064197037125,"PC Merchandise","客户 satisfied ✅ RYZEN 5 3400G build with RGB everything 🌈",,0,"08/28/2023 19:30",,https://www.facebook.com/pcmerchandise.co/posts/pfbid07bOd0ydZA7EX9Cejr0HYpQYwwOh8tdPK409RpP46KZNbmlDcaVoLnALY,0,0,Photos,,,,,08/10/2023,,,0,0,0,0,0,0,,,,,
1031328229581175,100064197037125,"PC Merchandise","客户 satisfied ✅ RYZEN 5 3400G build with RGB everything 🌈",,0,"08/28/2023 19:30",,https://www.facebook.com/pcmerchandise.co/posts/pfbid07bOd0ydZA7EX9Cejr0HYpQYwwOh8tdPK409RpP46KZNbmlDcaVoLnALY,0,0,Photos,,,,,08/11/2023,,,0,0,0,0,0,0,,,,,
1031328229581175,100064197037125,"PC Merchandise","客户 satisfied ✅ RYZEN 5 3400G build with RGB everything 🌈",,0,"08/28/2023 19:30",,https://www.facebook.com/pcmerchandise.co/posts/pfbid07bOd0ydZA7EX9Cejr0HYpQYwwOh8tdPK409RpP46KZNbmlDcaVoLnALY,0,0,Photos,,,,,08/12/2023,,,0,0,0,0,0,0,,,,,
1031328229581175,100064197037125,"PC Merchandise","客户 satisfied ✅ RYZEN 5 3400G build with RGB everything 🌈",,0,"08/28/2023 19:30",,https://www.facebook.com/pcmerchandise.co/posts/pfbid07bOd0ydZA7EX9Cejr0HYpQYwwOh8tdPK409RpP46KZNbmlDcaVoLnALY,0,0,Photos,,,,,08/13/2023,,,0,0,0,0,0,0,,,,,
1031328229581175,100064197037125,"PC Merchandise","客户 satisfied ✅ RYZEN 5 3400G build with RGB everything 🌈",,0,"08/28/2023 19:30",,https://www.facebook.com/pcmerchandise.co/posts/pfbid07bOd0ydZA7EX9Cejr0HYpQYwwOh8tdPK409RpP46KZNbmlDcaVoLnALY,0,0,Photos,,,,,08/14/2023,,,0,0,0,0,0,0,,,,,
1031328229581175,100064197037125,"PC Merchandise","客户 satisfied ✅ RYZEN 5 3400G build with RGB everything 🌈",,0,"08/28/2023 19:30",,https://www.facebook.com/pcmerchandise.co/posts/pfbid07bOd0ydZA7EX9Cejr0HYpQYwwOh8tdPK409RpP46KZNbmlDcaVoLnALY,0,0,Photos,,,,,08/15/2023,,,0,0,0,0,0,0,,,,,
1031328229581175,100064197037125,"PC Merchandise","客户 satisfied ✅ RYZEN 5 3400G build with RGB everything 🌈",,0,"08/28/2023 19:30",,https://www.facebook.com/pcmerchandise.co/posts/pfbid07bOd0ydZA7EX9Cejr0HYpQYwwOh8tdPK409RpP46KZNbmlDcaVoLnALY,0,0,Photos,,,,,08/16/2023,,,0,0,0,0,0,0,,,,,
1031328229581175,100064197037125,"PC Merchandise","客户 satisfied ✅ RYZEN 5 3400G build with RGB everything 🌈",,0,"08/28/2023 19:30",,https://www.facebook.com/pcmerchandise.co/posts/pfbid07bOd0ydZA7EX9Cejr0HYpQYwwOh8tdPK409RpP46KZNbmlDcaVoLnALY,0,0,Photos,,,,,08/17/2023,,,0,0,0,0,0,0,,,,,
1031328229581175,100064197037125,"PC Merchandise","客户 satisfied ✅ RYZEN 5 3400G build with RGB everything 🌈",,0,"08/28/2023 19:30",,https://www.facebook.com/pcmerchandise.co/posts/pfbid07bOd0ydZA7EX9Cejr0HYpQYwwOh8tdPK409RpP46KZNbmlDcaVoLnALY,0,0,Photos,,,,,08/18/2023,,,0,0,0,0,0,0,,,,,
1031328229581175,100064197037125,"PC Merchandise","客户 satisfied ✅ RYZEN 5 3400G build with RGB everything 🌈",,0,"08/28/2023 19:30",,https://www.facebook.com/pcmerchandise.co/posts/pfbid07bOd0ydZA7EX9Cejr0HYpQYwwOh8tdPK409RpP46KZNbmlDcaVoLnALY,0,0,Photos,,,,,08/19/2023,,,0,0,0,0,0,0,,,,,
1031328229581175,100064197037125,"PC Merchandise","客户 satisfied ✅ RYZEN 5 3400G build with RGB everything 🌈",,0,"08/28/2023 19:30",,https://www.facebook.com/pcmerchandise.co/posts/pfbid07bOd0ydZA7EX9Cejr0HYpQYwwOh8tdPK409RpP46KZNbmlDcaVoLnALY,0,0,Photos,,,,,08/20/2023,,,0,0,0,0,0,0,,,,,
1031328229581175,100064197037125,"PC Merchandise","客户 satisfied ✅ RYZEN 5 3400G build with RGB everything 🌈",,0,"08/28/2023 19:30",,https://www.facebook.com/pcmerchandise.co/posts/pfbid07bOd0ydZA7EX9Cejr0HYpQYwwOh8tdPK409RpP46KZNbmlDcaVoLnALY,0,0,Photos,,,,,08/21/2023,,,0,0,0,0,0,0,,,,,
1031328229581175,100064197037125,"PC Merchandise","客户 satisfied ✅ RYZEN 5 3400G build with RGB everything 🌈",,0,"08/28/2023 19:30",,https://www.facebook.com/pcmerchandise.co/posts/pfbid07bOd0ydZA7EX9Cejr0HYpQYwwOh8tdPK409RpP46KZNbmlDcaVoLnALY,0,0,Photos,,,,,08/22/2023,,,0,0,0,0,0,0,,,,,
1031328229581175,100064197037125,"PC Merchandise","客户 satisfied ✅ RYZEN 5 3400G build with RGB everything 🌈",,0,"08/28/2023 19:30",,https://www.facebook.com/pcmerchandise.co/posts/pfbid07bOd0ydZA7EX9Cejr0HYpQYwwOh8tdPK409RpP46KZNbmlDcaVoLnALY,0,0,Photos,,,,,08/23/2023,,,0,0,0,0,0,0,,,,,
1031328229581175,100064197037125,"PC Merchandise","客户 satisfied ✅ RYZEN 5 3400G build with RGB everything 🌈",,0,"08/28/2023 19:30",,https://www.facebook.com/pcmerchandise.co/posts/pfbid07bOd0ydZA7EX9Cejr0HYpQYwwOh8tdPK409RpP46KZNbmlDcaVoLnALY,0,0,Photos,,,,,08/24/2023,,,0,0,0,0,0,0,,,,,
1031328229581175,100064197037125,"PC Merchandise","客户 satisfied ✅ RYZEN 5 3400G build with RGB everything 🌈",,0,"08/28/2023 19:30",,https://www.facebook.com/pcmerchandise.co/posts/pfbid07bOd0ydZA7EX9Cejr0HYpQYwwOh8tdPK409RpP46KZNbmlDcaVoLnALY,0,0,Photos,,,,,08/25/2023,,,0,0,0,0,0,0,,,,,
1031328229581175,100064197037125,"PC Merchandise","客户 satisfied ✅ RYZEN 5 3400G build with RGB everything 🌈",,0,"08/28/2023 19:30",,https://www.facebook.com/pcmerchandise.co/posts/pfbid07bOd0ydZA7EX9Cejr0HYpQYwwOh8tdPK409RpP46KZNbmlDcaVoLnALY,0,0,Photos,,,,,08/26/2023,,,0,0,0,0,0,0,,,,,
1031328229581175,100064197037125,"PC Merchandise","客户 satisfied ✅ RYZEN 5 3400G build with RGB everything 🌈",,0,"08/28/2023 19:30",,https://www.facebook.com/pcmerchandise.co/posts/pfbid07bOd0ydZA7EX9Cejr0HYpQYwwOh8tdPK409RpP46KZNbmlDcaVoLnALY,0,0,Photos,,,,,08/27/2023,,,0,0,0,0,0,0,,,,,
1031328229581175,100064197037125,"PC Merchandise","客户 satisfied ✅ RYZEN 5 3400G build with RGB everything 🌈",,0,"08/28/2023 19:30",,https://www.facebook.com/pcmerchandise.co/posts/pfbid07bOd0ydZA7EX9Cejr0HYpQYwwOh8tdPK409RpP46KZNbmlDcaVoLnALY,0,0,Photos,,,,,08/28/2023,,,0,0,0,0,0,0,,,,,
1031328229581175,100064197037125,"PC Merchandise","客户 satisfied ✅ RYZEN 5 3400G build with RGB everything 🌈",,0,"08/28/2023 19:30",,https://www.facebook.com/pcmerchandise.co/posts/pfbid07bOd0ydZA7EX9Cejr0HYpQYwwOh8tdPK409RpP46KZNbmlDcaVoLnALY,0,0,Photos,,,,,08/29/2023,,,0,0,0,0,0,0,,,,,
1031328229581175,100064197037125,"PC Merchandise","客户 satisfied ✅ RYZEN 5 3400G build with RGB everything 🌈",,0,"08/28/2023 19:30",,https://www.facebook.com/pcmerchandise.co/posts/pfbid07bOd0ydZA7EX9Cejr0HYpQYwwOh8tdPK409RpP46KZNbmlDcaVoLnALY,0,0,Photos,,,,,08/30/2023,,,0,0,0,0,0,0,,,,,
1031328229581175,100064197037125,"PC Merchandise","客户 satisfied ✅ RYZEN 5 3400G build with RGB everything 🌈",,0,"08/28/2023 19:30",,https://www.facebook.com/pcmerchandise.co/posts/pfbid07bOd0ydZA7EX9Cejr0HYpQYwwOh8tdPK409RpP46KZNbmlDcaVoLnALY,0,0,Photos,,,,,08/31/2023,,,0,0,0,0,0,0,,,,,
1031233915185627,100064197037125,"PC Merchandise","𝐀𝐌𝟓 𝐁𝐮𝐢𝐥𝐝 𝐋𝐢𝐦𝐢𝐭𝐞𝐝 𝐒𝐚𝐥𝐞! 🚨
Experience next-gen performance with our latest builds. PM for pricelist!",,0,"08/28/2023 19:30",,https://www.facebook.com/pcmerchandise.co/posts/pfbid00I4uKXiJaJcWwPXuHQupoLntAF8UrUe4eNJgRbaAgHjz64GdMggGEsNv,0,0,Photos,,,,,08/31/2023,0,,,,,,,,,,,,
1031233915185627,100064197037125,"PC Merchandise","𝐀𝐌𝟓 𝐁𝐮𝐢𝐥𝐝 𝐋𝐢𝐦𝐢𝐭𝐞𝐝 𝐒𝐚𝐥𝐞! 🚨
Experience next-gen performance with our latest builds. PM for pricelist!",,0,"08/28/2023 19:30",,https://www.facebook.com/pcmerchandise.co/posts/pfbid00I4uKXiJaJcWwPXuHQupoLntAF8UrUe4eNJgRbaAgHjz64GdMggGEsNv,0,0,Photos,,,,,08/01/2023,,,0,0,0,0,0,0,,,,,
1031233915185627,100064197037125,"PC Merchandise","𝐀𝐌𝟓 𝐁𝐮𝐢𝐥𝐝 𝐋𝐢𝐦𝐢𝐭𝐞𝐝 𝐒𝐚𝐥𝐞! 🚨
Experience next-gen performance with our latest builds. PM for pricelist!",,0,"08/28/2023 19:30",,https://www.facebook.com/pcmerchandise.co/posts/pfbid00I4uKXiJaJcWwPXuHQupoLntAF8UrUe4eNJgRbaAgHjz64GdMggGEsNv,0,0,Photos,,,,,08/02/2023,,,0,0,0,0,0,0,,,,,
1031233915185627,100064197037125,"PC Merchandise","𝐀𝐌𝟓 𝐁𝐮𝐢𝐥𝐝 𝐋𝐢𝐦𝐢𝐭𝐞𝐝 𝐒𝐚𝐥𝐞! 🚨
Experience next-gen performance with our latest builds. PM for pricelist!",,0,"08/28/2023 19:30",,https://www.facebook.com/pcmerchandise.co/posts/pfbid00I4uKXiJaJcWwPXuHQupoLntAF8UrUe4eNJgRbaAgHjz64GdMggGEsNv,0,0,Photos,,,,,08/03/2023,,,0,0,0,0,0,0,,,,,
1031233915185627,100064197037125,"PC Merchandise","𝐀𝐌𝟓 𝐁𝐮𝐢𝐥𝐝 𝐋𝐢𝐦𝐢𝐭𝐞𝐝 𝐒𝐚𝐥𝐞! 🚨
Experience next-gen performance with our latest builds. PM for pricelist!",,0,"08/28/2023 19:30",,https://www.facebook.com/pcmerchandise.co/posts/pfbid00I4uKXiJaJcWwPXuHQupoLntAF8UrUe4eNJgRbaAgHjz64GdMggGEsNv,0,0,Photos,,,,,08/04/2023,,,0,0,0,0,0,0,,,,,
1031233915185627,100064197037125,"PC Merchandise","𝐀𝐌𝟓 𝐁𝐮𝐢𝐥𝐝 𝐋𝐢𝐦𝐢𝐭𝐞𝐝 𝐒𝐚𝐥𝐞! 🚨
Experience next-gen performance with our latest builds. PM for pricelist!",,0,"08/28/2023 19:30",,https://www.facebook.com/pcmerchandise.co/posts/pfbid00I4uKXiJaJcWwPXuHQupoLntAF8UrUe4eNJgRbaAgHjz64GdMggGEsNv,0,0,Photos,,,,,08/05/2023,,,0,0,0,0,0,0,,,,,
1031233915185627,100064197037125,"PC Merchandise","𝐀𝐌𝟓 𝐁𝐮𝐢𝐥𝐝 𝐋𝐢𝐦𝐢𝐭𝐞𝐝 𝐒𝐚𝐥𝐞! 🚨
Experience next-gen performance with our latest builds. PM for pricelist!",,0,"08/28/2023 19:30",,https://www.facebook.com/pcmerchandise.co/posts/pfbid00I4uKXiJaJcWwPXuHQupoLntAF8UrUe4eNJgRbaAgHjz64GdMggGEsNv,0,0,Photos,,,,,08/06/2023,,,0,0,0,0,0,0,,,,,
1031233915185627,100064197037125,"PC Merchandise","𝐀𝐌𝟓 𝐁𝐮𝐢𝐥𝐝 𝐋𝐢𝐦𝐢𝐭𝐞𝐝 𝐒𝐚𝐥𝐞! 🚨
Experience next-gen performance with our latest builds. PM for pricelist!",,0,"08/28/2023 19:30",,https://www.facebook.com/pcmerchandise.co/posts/pfbid00I4uKXiJaJcWwPXuHQupoLntAF8UrUe4eNJgRbaAgHjz64GdMggGEsNv,0,0,Photos,,,,,08/07/2023,,,0,0,0,0,0,0,,,,,
1031233915185627,100064197037125,"PC Merchandise","𝐀𝐌𝟓 𝐁𝐮𝐢𝐥𝐝 𝐋𝐢𝐦𝐢𝐭𝐞𝐝 𝐒𝐚𝐥𝐞! 🚨
Experience next-gen performance with our latest builds. PM for pricelist!",,0,"08/28/2023 19:30",,https://www.facebook.com/pcmerchandise.co/posts/pfbid00I4uKXiJaJcWwPXuHQupoLntAF8UrUe4eNJgRbaAgHjz64GdMggGEsNv,0,0,Photos,,,,,08/08/2023,,,0,0,0,0,0,0,,,,,
1031233915185627,100064197037125,"PC Merchandise","𝐀𝐌𝟓 𝐁𝐮𝐢𝐥𝐝 𝐋𝐢𝐦𝐢𝐭𝐞𝐝 𝐒𝐚𝐥𝐞! 🚨
Experience next-gen performance with our latest builds. PM for pricelist!",,0,"08/28/2023 19:30",,https://www.facebook.com/pcmerchandise.co/posts/pfbid00I4uKXiJaJcWwPXuHQupoLntAF8UrUe4eNJgRbaAgHjz64GdMggGEsNv,0,0,Photos,,,,,08/09/2023,,,0,0,0,0,0,0,,,,,
1031233915185627,100064197037125,"PC Merchandise","𝐀𝐌𝟓 𝐁𝐮𝐢𝐥𝐝 𝐋𝐢𝐦𝐢𝐭𝐞𝐝 𝐒𝐚𝐥𝐞! 🚨
Experience next-gen performance with our latest builds. PM for pricelist!",,0,"08/28/2023 19:30",,https://www.facebook.com/pcmerchandise.co/posts/pfbid00I4uKXiJaJcWwPXuHQupoLntAF8UrUe4eNJgRbaAgHjz64GdMggGEsNv,0,0,Photos,,,,,08/10/2023,,,0,0,0,0,0,0,,,,,
1031233915185627,100064197037125,"PC Merchandise","𝐀𝐌𝟓 𝐁𝐮𝐢𝐥𝐝 𝐋𝐢𝐦𝐢𝐭𝐞𝐝 𝐒𝐚𝐥𝐞! 🚨
Experience next-gen performance with our latest builds. PM for pricelist!",,0,"08/28/2023 19:30",,https://www.facebook.com/pcmerchandise.co/posts/pfbid00I4uKXiJaJcWwPXuHQupoLntAF8UrUe4eNJgRbaAgHjz64GdMggGEsNv,0,0,Photos,,,,,08/11/2023,,,0,0,0,0,0,0,,,,,
1031233915185627,100064197037125,"PC Merchandise","𝐀𝐌𝟓 𝐁𝐮𝐢𝐥𝐝 𝐋𝐢𝐦𝐢𝐭𝐞𝐝 𝐒𝐚𝐥𝐞! 🚨
Experience next-gen performance with our latest builds. PM for pricelist!",,0,"08/28/2023 19:30",,https://www.facebook.com/pcmerchandise.co/posts/pfbid00I4uKXiJaJcWwPXuHQupoLntAF8UrUe4eNJgRbaAgHjz64GdMggGEsNv,0,0,Photos,,,,,08/12/2023,,,0,0,0,0,0,0,,,,,
1031233915185627,100064197037125,"PC Merchandise","𝐀𝐌𝟓 𝐁𝐮𝐢𝐥𝐝 𝐋𝐢𝐦𝐢𝐭𝐞𝐝 𝐒𝐚𝐥𝐞! 🚨
Experience next-gen performance with our latest builds. PM for pricelist!",,0,"08/28/2023 19:30",,https://www.facebook.com/pcmerchandise.co/posts/pfbid00I4uKXiJaJcWwPXuHQupoLntAF8UrUe4eNJgRbaAgHjz64GdMggGEsNv,0,0,Photos,,,,,08/13/2023,,,0,0,0,0,0,0,,,,,
1031233915185627,100064197037125,"PC Merchandise","𝐀𝐌𝟓 𝐁𝐮𝐢𝐥𝐝 𝐋𝐢𝐦𝐢𝐭𝐞𝐝 𝐒𝐚𝐥𝐞! 🚨
Experience next-gen performance with our latest builds. PM for pricelist!",,0,"08/28/2023 19:30",,https://www.facebook.com/pcmerchandise.co/posts/pfbid00I4uKXiJaJcWwPXuHQupoLntAF8UrUe4eNJgRbaAgHjz64GdMggGEsNv,0,0,Photos,,,,,08/14/2023,,,0,0,0,0,0,0,,,,,
1031233915185627,100064197037125,"PC Merchandise","𝐀𝐌𝟓 𝐁𝐮𝐢𝐥𝐝 𝐋𝐢𝐦𝐢𝐭𝐞𝐝 𝐒𝐚𝐥𝐞! 🚨
Experience next-gen performance with our latest builds. PM for pricelist!",,0,"08/28/2023 19:30",,https://www.facebook.com/pcmerchandise.co/posts/pfbid00I4uKXiJaJcWwPXuHQupoLntAF8UrUe4eNJgRbaAgHjz64GdMggGEsNv,0,0,Photos,,,,,08/15/2023,,,0,0,0,0,0,0,,,,,
1031233915185627,100064197037125,"PC Merchandise","𝐀𝐌𝟓 𝐁𝐮𝐢𝐥𝐝 𝐋𝐢𝐦𝐢𝐭𝐞𝐝 𝐒𝐚𝐥𝐞! 🚨
Experience next-gen performance with our latest builds. PM for pricelist!",,0,"08/28/2023 19:30",,https://www.facebook.com/pcmerchandise.co/posts/pfbid00I4uKXiJaJcWwPXuHQupoLntAF8UrUe4eNJgRbaAgHjz64GdMggGEsNv,0,0,Photos,,,,,08/16/2023,,,0,0,0,0,0,0,,,,,
1031233915185627,100064197037125,"PC Merchandise","𝐀𝐌𝟓 𝐁𝐮𝐢𝐥𝐝 𝐋𝐢𝐦𝐢𝐭𝐞𝐝 𝐒𝐚𝐥𝐞! 🚨
Experience next-gen performance with our latest builds. PM for pricelist!",,0,"08/28/2023 19:30",,https://www.facebook.com/pcmerchandise.co/posts/pfbid00I4uKXiJaJcWwPXuHQupoLntAF8UrUe4eNJgRbaAgHjz64GdMggGEsNv,0,0,Photos,,,,,08/17/2023,,,0,0,0,0,0,0,,,,,
1031233915185627,100064197037125,"PC Merchandise","𝐀𝐌𝟓 𝐁𝐮𝐢𝐥𝐝 𝐋𝐢𝐦𝐢𝐭𝐞𝐝 𝐒𝐚𝐥𝐞! 🚨
Experience next-gen performance with our latest builds. PM for pricelist!",,0,"08/28/2023 19:30",,https://www.facebook.com/pcmerchandise.co/posts/pfbid00I4uKXiJaJcWwPXuHQupoLntAF8UrUe4eNJgRbaAgHjz64GdMggGEsNv,0,0,Photos,,,,,08/18/2023,,,0,0,0,0,0,0,,,,,
1031233915185627,100064197037125,"PC Merchandise","𝐀𝐌𝟓 𝐁𝐮𝐢𝐥𝐝 𝐋𝐢𝐦𝐢𝐭𝐞𝐝 𝐒𝐚𝐥𝐞! 🚨
Experience next-gen performance with our latest builds. PM for pricelist!",,0,"08/28/2023 19:30",,https://www.facebook.com/pcmerchandise.co/posts/pfbid00I4uKXiJaJcWwPXuHQupoLntAF8UrUe4eNJgRbaAgHjz64GdMggGEsNv,0,0,Photos,,,,,08/19/2023,,,0,0,0,0,0,0,,,,,
1031233915185627,100064197037125,"PC Merchandise","𝐀𝐌𝟓 𝐁𝐮𝐢𝐥𝐝 𝐋𝐢𝐦𝐢𝐭𝐞𝐝 𝐒𝐚𝐥𝐞! 🚨
Experience next-gen performance with our latest builds. PM for pricelist!",,0,"08/28/2023 19:30",,https://www.facebook.com/pcmerchandise.co/posts/pfbid00I4uKXiJaJcWwPXuHQupoLntAF8UrUe4eNJgRbaAgHjz64GdMggGEsNv,0,0,Photos,,,,,08/20/2023,,,0,0,0,0,0,0,,,,,
1031233915185627,100064197037125,"PC Merchandise","𝐀𝐌𝟓 𝐁𝐮𝐢𝐥𝐝 𝐋𝐢𝐦𝐢𝐭𝐞𝐝 𝐒𝐚𝐥𝐞! 🚨
Experience next-gen performance with our latest builds. PM for pricelist!",,0,"08/28/2023 19:30",,https://www.facebook.com/pcmerchandise.co/posts/pfbid00I4uKXiJaJcWwPXuHQupoLntAF8UrUe4eNJgRbaAgHjz64GdMggGEsNv,0,0,Photos,,,,,08/21/2023,,,0,0,0,0,0,0,,,,,
1031233915185627,100064197037125,"PC Merchandise","𝐀𝐌𝟓 𝐁𝐮𝐢𝐥𝐝 𝐋𝐢𝐦𝐢𝐭𝐞𝐝 𝐒𝐚𝐥𝐞! 🚨
Experience next-gen performance with our latest builds. PM for pricelist!",,0,"08/28/2023 19:30",,https://www.facebook.com/pcmerchandise.co/posts/pfbid00I4uKXiJaJcWwPXuHQupoLntAF8UrUe4eNJgRbaAgHjz64GdMggGEsNv,0,0,Photos,,,,,08/22/2023,,,0,0,0,0,0,0,,,,,
1031233915185627,100064197037125,"PC Merchandise","𝐀𝐌𝟓 𝐁𝐮𝐢𝐥𝐝 𝐋𝐢𝐦𝐢𝐭𝐞𝐝 𝐒𝐚𝐥𝐞! 🚨
Experience next-gen performance with our latest builds. PM for pricelist!",,0,"08/28/2023 19:30",,https://www.facebook.com/pcmerchandise.co/posts/pfbid00I4uKXiJaJcWwPXuHQupoLntAF8UrUe4eNJgRbaAgHjz64GdMggGEsNv,0,0,Photos,,,,,08/23/2023,,,0,0,0,0,0,0,,,,,
1031233915185627,100064197037125,"PC Merchandise","𝐀𝐌𝟓 𝐁𝐮𝐢𝐥𝐝 𝐋𝐢𝐦𝐢𝐭𝐞𝐝 𝐒𝐚𝐥𝐞! 🚨
Experience next-gen performance with our latest builds. PM for pricelist!",,0,"08/28/2023 19:30",,https://www.facebook.com/pcmerchandise.co/posts/pfbid00I4uKXiJaJcWwPXuHQupoLntAF8UrUe4eNJgRbaAgHjz64GdMggGEsNv,0,0,Photos,,,,,08/24/2023,,,0,0,0,0,0,0,,,,,
1031233915185627,100064197037125,"PC Merchandise","𝐀𝐌𝟓 𝐁𝐮𝐢𝐥𝐝 𝐋𝐢𝐦𝐢𝐭𝐞𝐝 𝐒𝐚𝐥𝐞! 🚨
Experience next-gen performance with our latest builds. PM for pricelist!",,0,"08/28/2023 19:30",,https://www.facebook.com/pcmerchandise.co/posts/pfbid00I4uKXiJaJcWwPXuHQupoLntAF8UrUe4eNJgRbaAgHjz64GdMggGEsNv,0,0,Photos,,,,,08/25/2023,,,0,0,0,0,0,0,,,,,
1031233915185627,100064197037125,"PC Merchandise","𝐀𝐌𝟓 𝐁𝐮𝐢𝐥𝐝 𝐋𝐢𝐦𝐢𝐭𝐞𝐝 𝐒𝐚𝐥𝐞! 🚨
Experience next-gen performance with our latest builds. PM for pricelist!",,0,"08/28/2023 19:30",,https://www.facebook.com/pcmerchandise.co/posts/pfbid00I4uKXiJaJcWwPXuHQupoLntAF8UrUe4eNJgRbaAgHjz64GdMggGEsNv,0,0,Photos,,,,,08/26/2023,,,0,0,0,0,0,0,,,,,
1031233915185627,100064197037125,"PC Merchandise","𝐀𝐌𝟓 𝐁𝐮𝐢𝐥𝐝 𝐋𝐢𝐦𝐢𝐭𝐞𝐝 𝐒𝐚𝐥𝐞! 🚨
Experience next-gen performance with our latest builds. PM for pricelist!",,0,"08/28/2023 19:30",,https://www.facebook.com/pcmerchandise.co/posts/pfbid00I4uKXiJaJcWwPXuHQupoLntAF8UrUe4eNJgRbaAgHjz64GdMggGEsNv,0,0,Photos,,,,,08/27/2023,,,0,0,0,0,0,0,,,,,
1031233915185627,100064197037125,"PC Merchandise","𝐀𝐌𝟓 𝐁𝐮𝐢𝐥𝐝 𝐋𝐢𝐦𝐢𝐭𝐞𝐝 𝐒𝐚𝐥𝐞! 🚨
Experience next-gen performance with our latest builds. PM for pricelist!",,0,"08/28/2023 19:30",,https://www.facebook.com/pcmerchandise.co/posts/pfbid00I4uKXiJaJcWwPXuHQupoLntAF8UrUe4eNJgRbaAgHjz64GdMggGEsNv,0,0,Photos,,,,,08/28/2023,,,0,0,0,0,0,0,,,,,
1031233915185627,100064197037125,"PC Merchandise","𝐀𝐌𝟓 𝐁𝐮𝐢𝐥𝐝 𝐋𝐢𝐦𝐢𝐭𝐞𝐝 𝐒𝐚𝐥𝐞! 🚨
Experience next-gen performance with our latest builds. PM for pricelist!",,0,"08/28/2023 19:30",,https://www.facebook.com/pcmerchandise.co/posts/pfbid00I4uKXiJaJcWwPXuHQupoLntAF8UrUe4eNJgRbaAgHjz64GdMggGEsNv,0,0,Photos,,,,,08/29/2023,,,0,0,0,0,0,0,,,,,
1031233915185627,100064197037125,"PC Merchandise","𝐀𝐌𝟓 𝐁𝐮𝐢𝐥𝐝 𝐋𝐢𝐦𝐢𝐭𝐞𝐝 𝐒𝐚𝐥𝐞! 🚨
Experience next-gen performance with our latest builds. PM for pricelist!",,0,"08/28/2023 19:30",,https://www.facebook.com/pcmerchandise.co/posts/pfbid00I4uKXiJaJcWwPXuHQupoLntAF8UrUe4eNJgRbaAgHjz64GdMggGEsNv,0,0,Photos,,,,,08/30/2023,,,0,0,0,0,0,0,,,,,
1031233915185627,100064197037125,"PC Merchandise","𝐀𝐌𝟓 𝐁𝐮𝐢𝐥𝐝 𝐋𝐢𝐦𝐢𝐭𝐞𝐝 𝐒𝐚𝐥𝐞! 🚨
Experience next-gen performance with our latest builds. PM for pricelist!",,0,"08/28/2023 19:30",,https://www.facebook.com/pcmerchandise.co/posts/pfbid00I4uKXiJaJcWwPXuHQupoLntAF8UrUe4eNJgRbaAgHjz64GdMggGEsNv,0,0,Photos,,,,,08/31/2023,,,0,0,0,0,0,0,,,,,
1030859224405086,100064197037125,"PC Merchandise","𝐑𝐘𝐙𝐄𝐍 𝟓 𝟓𝟔𝟎𝟎𝐆 w/ 𝐑𝐗 𝟓𝟖𝟎
𝐆𝐀𝐌𝐈𝐍𝐆 𝐁𝐔𝐈𝐋𝐃
#PCMERCHANDISE #PCMBUILDS",,80,"08/27/2023 19:41",,https://www.facebook.com/reel/1257609963366649/,0,0,Reels,,,,,08/01/2023,0,,,,,,0,0,0,0,0,0.000,5.894
1030859224405086,100064197037125,"PC Merchandise","𝐑𝐘𝐙𝐄𝐍 𝟓 𝟓𝟔𝟎𝟎𝐆 w/ 𝐑𝐗 𝟓𝟖𝟎
𝐆𝐀𝐌𝐈𝐍𝐆 𝐁𝐔𝐈𝐋𝐃
#PCMERCHANDISE #PCMBUILDS",,80,"08/27/2023 19:41",,https://www.facebook.com/reel/1257609963366649/,0,0,Reels,,,,,08/02/2023,0,,,,,,0,0,0,0,0,0.000,6.292
1030859224405086,100064197037125,"PC Merchandise","𝐑𝐘𝐙𝐄𝐍 𝟓 𝟓𝟔𝟎𝟎𝐆 w/ 𝐑𝐗 𝟓𝟖𝟎
𝐆𝐀𝐌𝐈𝐍𝐆 𝐁𝐔𝐈𝐋𝐃
#PCMERCHANDISE #PCMBUILDS",,80,"08/27/2023 19:41",,https://www.facebook.com/reel/1257609963366649/,0,0,Reels,,,,,08/03/2023,0,,,,,,0,0,0,0,0,0.000,6.366
1030859224405086,100064197037125,"PC Merchandise","𝐑𝐘𝐙𝐄𝐍 𝟓 𝟓𝟔𝟎𝟎𝐆 w/ 𝐑𝐗 𝟓𝟖𝟎
𝐆𝐀𝐌𝐈𝐍𝐆 𝐁𝐔𝐈𝐋𝐃
#PCMERCHANDISE #PCMBUILDS",,80,"08/27/2023 19:41",,https://www.facebook.com/reel/1257609963366649/,0,0,Reels,,,,,08/04/2023,0,,,,,,0,0,0,0,0,0.000,6.100
1030859224405086,100064197037125,"PC Merchandise","𝐑𝐘𝐙𝐄𝐍 𝟓 𝟓𝟔𝟎𝟎𝐆 w/ 𝐑𝐗 𝟓𝟖𝟎
𝐆𝐀𝐌𝐈𝐍𝐆 𝐁𝐔𝐈𝐋𝐃
#PCMERCHANDISE #PCMBUILDS",,80,"08/27/2023 19:41",,https://www.facebook.com/reel/1257609963366649/,0,0,Reels,,,,,08/05/2023,0,,,,,,0,0,0,0,0,0.000,4.888
1030859224405086,100064197037125,"PC Merchandise","𝐑𝐘𝐙𝐄𝐍 𝟓 𝟓𝟔𝟎𝟎𝐆 w/ 𝐑𝐗 𝟓𝟖𝟎
𝐆𝐀𝐌𝐈𝐍𝐆 𝐁𝐔𝐈𝐋𝐃
#PCMERCHANDISE #PCMBUILDS",,80,"08/27/2023 19:41",,https://www.facebook.com/reel/1257609963366649/,0,0,Reels,,,,,08/06/2023,0,,,,,,0,0,0,0,0,0.000,5.363
1030859224405086,100064197037125,"PC Merchandise","𝐑𝐘𝐙𝐄𝐍 𝟓 𝟓𝟔𝟎𝟎𝐆 w/ 𝐑𝐗 𝟓𝟖𝟎
𝐆𝐀𝐌𝐈𝐍𝐆 𝐁𝐔𝐈𝐋𝐃
#PCMERCHANDISE #PCMBUILDS",,80,"08/27/2023 19:41",,https://www.facebook.com/reel/1257609963366649/,0,0,Reels,,,,,08/07/2023,0,,,,,,0,0,0,0,0,0.000,5.455
1030859224405086,100064197037125,"PC Merchandise","𝐑𝐘𝐙𝐄𝐍 𝟓 𝟓𝟔𝟎𝟎𝐆 w/ 𝐑𝐗 𝟓𝟖𝟎
𝐆𝐀𝐌𝐈𝐍𝐆 𝐁𝐔𝐈𝐋𝐃
#PCMERCHANDISE #PCMBUILDS",,80,"08/27/2023 19:41",,https://www.facebook.com/reel/1257609963366649/,0,0,Reels,,,,,08/08/2023,0,,,,,,0,0,0,0,0,0.000,5.060
1030859224405086,100064197037125,"PC Merchandise","𝐑𝐘𝐙𝐄𝐍 𝟓 𝟓𝟔𝟎𝟎𝐆 w/ 𝐑𝐗 𝟓𝟖𝟎
𝐆𝐀𝐌𝐈𝐍𝐆 𝐁𝐔𝐈𝐋𝐃
#PCMERCHANDISE #PCMBUILDS",,80,"08/27/2023 19:41",,https://www.facebook.com/reel/1257609963366649/,0,0,Reels,,,,,08/09/2023,0,,,,,,0,0,0,0,0,0.000,6.654
1030859224405086,100064197037125,"PC Merchandise","𝐑𝐘𝐙𝐄𝐍 𝟓 𝟓𝟔𝟎𝟎𝐆 w/ 𝐑𝐗 𝟓𝟖𝟎
𝐆𝐀𝐌𝐈𝐍𝐆 𝐁𝐔𝐈𝐋𝐃
#PCMERCHANDISE #PCMBUILDS",,80,"08/27/2023 19:41",,https://www.facebook.com/reel/1257609963366649/,0,0,Reels,,,,,08/10/2023,0,,,,,,0,0,0,0,0,0.000,6.849
1030859224405086,100064197037125,"PC Merchandise","𝐑𝐘𝐙𝐄𝐍 𝟓 𝟓𝟔𝟎𝟎𝐆 w/ 𝐑𝐗 𝟓𝟖𝟎
𝐆𝐀𝐌𝐈𝐍𝐆 𝐁𝐔𝐈𝐋𝐃
#PCMERCHANDISE #PCMBUILDS",,80,"08/27/2023 19:41",,https://www.facebook.com/reel/1257609963366649/,0,0,Reels,,,,,08/11/2023,0,,,,,,0,0,0,0,0,0.000,5.208
1030859224405086,100064197037125,"PC Merchandise","𝐑𝐘𝐙𝐄𝐍 𝟓 𝟓𝟔𝟎𝟎𝐆 w/ 𝐑𝐗 𝟓𝟖𝟎
𝐆𝐀𝐌𝐈𝐍𝐆 𝐁𝐔𝐈𝐋𝐃
#PCMERCHANDISE #PCMBUILDS",,80,"08/27/2023 19:41",,https://www.facebook.com/reel/1257609963366649/,0,0,Reels,,,,,08/12/2023,0,,,,,,0,0,0,0,0,0.000,6.943
1030859224405086,100064197037125,"PC Merchandise","𝐑𝐘𝐙𝐄𝐍 𝟓 𝟓𝟔𝟎𝟎𝐆 w/ 𝐑𝐗 𝟓𝟖𝟎
𝐆𝐀𝐌𝐈𝐍𝐆 𝐁𝐔𝐈𝐋𝐃
#PCMERCHANDISE #PCMBUILDS",,80,"08/27/2023 19:41",,https://www.facebook.com/reel/1257609963366649/,0,0,Reels,,,,,08/13/2023,0,,,,,,0,0,0,0,0,0.000,6.285
1030859224405086,100064197037125,"PC Merchandise","𝐑𝐘𝐙𝐄𝐍 𝟓 𝟓𝟔𝟎𝟎𝐆 w/ 𝐑𝐗 𝟓𝟖𝟎
𝐆𝐀𝐌𝐈𝐍𝐆 𝐁𝐔𝐈𝐋𝐃
#PCMERCHANDISE #PCMBUILDS",,80,"08/27/2023 19:41",,https://www.facebook.com/reel/1257609963366649/,0,0,Reels,,,,,08/14/2023,0,,,,,,0,0,0,0,0,0.000,7.118
1030859224405086,100064197037125,"PC Merchandise","𝐑𝐘𝐙𝐄𝐍 𝟓 𝟓𝟔𝟎𝟎𝐆 w/ 𝐑𝐗 𝟓𝟖𝟎
𝐆𝐀𝐌𝐈𝐍𝐆 𝐁𝐔𝐈𝐋𝐃
#PCMERCHANDISE #PCMBUILDS",,80,"08/27/2023 19:41",,https://www.facebook.com/reel/1257609963366649/,0,0,Reels,,,,,08/15/2023,0,,,,,,0,0,0,0,0,0.000,5.977
1030859224405086,100064197037125,"PC Merchandise","𝐑𝐘𝐙𝐄𝐍 𝟓 𝟓𝟔𝟎𝟎𝐆 w/ 𝐑𝐗 𝟓𝟖𝟎
𝐆𝐀𝐌𝐈𝐍𝐆 𝐁𝐔𝐈𝐋𝐃
#PCMERCHANDISE #PCMBUILDS",,80,"08/27/2023 19:41",,https://www.facebook.com/reel/1257609963366649/,0,0,Reels,,,,,08/16/2023,0,,,,,,0,0,0,0,0,0.000,5.300
1030859224405086,100064197037125,"PC Merchandise","𝐑𝐘𝐙𝐄𝐍 𝟓 𝟓𝟔𝟎𝟎𝐆 w/ 𝐑𝐗 𝟓𝟖𝟎
𝐆𝐀𝐌𝐈𝐍𝐆 𝐁𝐔𝐈𝐋𝐃
#PCMERCHANDISE #PCMBUILDS",,80,"08/27/2023 19:41",,https://www.facebook.com/reel/1257609963366649/,0,0,Reels,,,,,08/17/2023,0,,,,,,0,0,0,0,0,0.000,7.071
1030859224405086,100064197037125,"PC Merchandise","𝐑𝐘𝐙𝐄𝐍 𝟓 𝟓𝟔𝟎𝟎𝐆 w/ 𝐑𝐗 𝟓𝟖𝟎
𝐆𝐀𝐌𝐈𝐍𝐆 𝐁𝐔𝐈𝐋𝐃
#PCMERCHANDISE #PCMBUILDS",,80,"08/27/2023 19:41",,https://www.facebook.com/reel/1257609963366649/,0,0,Reels,,,,,08/18/2023,0,,,,,,0,0,0,0,0,0.000,4.892
1030859224405086,100064197037125,"PC Merchandise","𝐑𝐘𝐙𝐄𝐍 𝟓 𝟓𝟔𝟎𝟎𝐆 w/ 𝐑𝐗 𝟓𝟖𝟎
𝐆𝐀𝐌𝐈𝐍𝐆 𝐁𝐔𝐈𝐋𝐃
#PCMERCHANDISE #PCMBUILDS",,80,"08/27/2023 19:41",,https://www.facebook.com/reel/1257609963366649/,0,0,Reels,,,,,08/19/2023,0,,,,,,0,0,0,0,0,0.000,5.642
1030859224405086,100064197037125,"PC Merchandise","𝐑𝐘𝐙𝐄𝐍 𝟓 𝟓𝟔𝟎𝟎𝐆 w/ 𝐑𝐗 𝟓𝟖𝟎
𝐆𝐀𝐌𝐈𝐍𝐆 𝐁𝐔𝐈𝐋𝐃
#PCMERCHANDISE #PCMBUILDS",,80,"08/27/2023 19:41",,https://www.facebook.com/reel/1257609963366649/,0,0,Reels,,,,,08/20/2023,0,,,,,,0,0,0,0,0,0.000,6.063
1030859224405086,100064197037125,"PC Merchandise","𝐑𝐘𝐙𝐄𝐍 𝟓 𝟓𝟔𝟎𝟎𝐆 w/ 𝐑𝐗 𝟓𝟖𝟎
𝐆𝐀𝐌𝐈𝐍𝐆 𝐁𝐔𝐈𝐋𝐃
#PCMERCHANDISE #PCMBUILDS",,80,"08/27/2023 19:41",,https://www.facebook.com/reel/1257609963366649/,0,0,Reels,,,,,08/21/2023,0,,,,,,0,0,0,0,0,0.000,5.085
1030859224405086,100064197037125,"PC Merchandise","𝐑𝐘𝐙𝐄𝐍 𝟓 𝟓𝟔𝟎𝟎𝐆 w/ 𝐑𝐗 𝟓𝟖𝟎
𝐆𝐀𝐌𝐈𝐍𝐆 𝐁𝐔𝐈𝐋𝐃
#PCMERCHANDISE #PCMBUILDS",,80,"08/27/2023 19:41",,https://www.facebook.com/reel/1257609963366649/,0,0,Reels,,,,,08/22/2023,0,,,,,,0,0,0,0,0,0.000,4.809
1030859224405086,100064197037125,"PC Merchandise","𝐑𝐘𝐙𝐄𝐍 𝟓 𝟓𝟔𝟎𝟎𝐆 w/ 𝐑𝐗 𝟓𝟖𝟎
𝐆𝐀𝐌𝐈𝐍𝐆 𝐁𝐔𝐈𝐋𝐃
#PCMERCHANDISE #PCMBUILDS",,80,"08/27/2023 19:41",,https://www.facebook.com/reel/1257609963366649/,0,0,Reels,,,,,08/23/2023,0,,,,,,0,0,0,0,0,0.000,6.646
1030859224405086,100064197037125,"PC Merchandise","𝐑𝐘𝐙𝐄𝐍 𝟓 𝟓𝟔𝟎𝟎𝐆 w/ 𝐑𝐗 𝟓𝟖𝟎
𝐆𝐀𝐌𝐈𝐍𝐆 𝐁𝐔𝐈𝐋𝐃
#PCMERCHANDISE #PCMBUILDS",,80,"08/27/2023 19:41",,https://www.facebook.com/reel/1257609963366649/,0,0,Reels,,,,,08/24/2023,0,,,,,,0,0,0,0,0,0.000,6.532
1030859224405086,100064197037125,"PC Merchandise","𝐑𝐘𝐙𝐄𝐍 𝟓 𝟓𝟔𝟎𝟎𝐆 w/ 𝐑𝐗 𝟓𝟖𝟎
𝐆𝐀𝐌𝐈𝐍𝐆 𝐁𝐔𝐈𝐋𝐃
#PCMERCHANDISE #PCMBUILDS",,80,"08/27/2023 19:41",,https://www.facebook.com/reel/1257609963366649/,0,0,Reels,,,,,08/25/2023,0,,,,,,0,0,0,0,0,0.000,5.984
1030859224405086,100064197037125,"PC Merchandise","𝐑𝐘𝐙𝐄𝐍 𝟓 𝟓𝟔𝟎𝟎𝐆 w/ 𝐑𝐗 𝟓𝟖𝟎
𝐆𝐀𝐌𝐈𝐍𝐆 𝐁𝐔𝐈𝐋𝐃
#PCMERCHANDISE #PCMBUILDS",,80,"08/27/2023 19:41",,https://www.facebook.com/reel/1257609963366649/,0,0,Reels,,,,,08/26/2023,0,,,,,,0,0,0,0,0,0.000,5.873
1030859224405086,100064197037125,"PC Merchandise","𝐑𝐘𝐙𝐄𝐍 𝟓 𝟓𝟔𝟎𝟎𝐆 w/ 𝐑𝐗 𝟓𝟖𝟎
𝐆𝐀𝐌𝐈𝐍𝐆 𝐁𝐔𝐈𝐋𝐃
#PCMERCHANDISE #PCMBUILDS",,80,"08/27/2023 19:41",,https://www.facebook.com/reel/1257609963366649/,0,0,Reels,,,,,08/27/2023,0,,,,,,0,0,0,0,0,371.841,7.335
1030859224405086,100064197037125,"PC Merchandise","𝐑𝐘𝐙𝐄𝐍 𝟓 𝟓𝟔𝟎𝟎𝐆 w/ 𝐑𝐗 𝟓𝟖𝟎
𝐆𝐀𝐌𝐈𝐍𝐆 𝐁𝐔𝐈𝐋𝐃
#PCMERCHANDISE #PCMBUILDS",,80,"08/27/2023 19:41",,https://www.facebook.com/reel/1257609963366649/,0,0,Reels,,,,,08/28/2023,0,,,,,,0,0,2,1,1,195.592,5.180
1030859224405086,100064197037125,"PC Merchandise","𝐑𝐘𝐙𝐄𝐍 𝟓 𝟓𝟔𝟎𝟎𝐆 w/ 𝐑𝐗 𝟓𝟖𝟎
𝐆𝐀𝐌𝐈𝐍𝐆 𝐁𝐔𝐈𝐋𝐃
#PCMERCHANDISE #PCMBUILDS",,80,"08/27/2023 19:41",,https://www.facebook.com/reel/1257609963366649/,0,0,Reels,,,,,08/29/2023,0,,,,,,0,0,0,0,0,150.927,6.281
1030859224405086,100064197037125,"PC Merchandise","𝐑𝐘𝐙𝐄𝐍 𝟓 𝟓𝟔𝟎𝟎𝐆 w/ 𝐑𝐗 𝟓𝟖𝟎
𝐆𝐀𝐌𝐈𝐍𝐆 𝐁𝐔𝐈𝐋𝐃
#PCMERCHANDISE #PCMBUILDS",,80,"08/27/2023 19:41",,https://www.facebook.com/reel/1257609963366649/,0,0,Reels,,,,,08/30/2023,0,,,,,,0,0,0,0,0,139.767,4.744
1030859224405086,100064197037125,"PC Merchandise","𝐑𝐘𝐙𝐄𝐍 𝟓 𝟓𝟔𝟎𝟎𝐆 w/ 𝐑𝐗 𝟓𝟖𝟎
𝐆𝐀𝐌𝐈𝐍𝐆 𝐁𝐔𝐈𝐋𝐃
#PCMERCHANDISE #PCMBUILDS",,80,"08/27/2023 19:41",,https://www.facebook.com/reel/1257609963366649/,0,0,Reels,,,,,08/31/2023,0,,,,,,0,0,0,0,0,85.032,5.426
1030567916373048,100064197037125,"PC Merchandise","Negosyo starts today! Complete computer shop packages ready. PM now!

𝐂𝐎𝐌𝐒𝐇𝐎𝐏 𝐏𝐑𝐈𝐂𝐄𝐋𝐈𝐒𝐓 >>>
https://pcmerchandise.live/2023-BERMONTHS-LIST-COMSHOP",,66,"08/26/2023 15:01",,https://www.facebook.com/reel/1171709105226344/,0,0,Reels,,,,,08/01/2023,0,,,,,,0,0,0,0,0,0.000,6.373
1030567916373048,100064197037125,"PC Merchandise","Negosyo starts today! Complete computer shop packages ready. PM now!

𝐂𝐎𝐌𝐒𝐇𝐎𝐏 𝐏𝐑𝐈𝐂𝐄𝐋𝐈𝐒𝐓 >>>
https://pcmerchandise.live/2023-BERMONTHS-LIST-COMSHOP",,66,"08/26/2023 15:01",,https://www.facebook.com/reel/1171709105226344/,0,0,Reels,,,,,08/02/2023,0,,,,,,0,0,0,0,0,0.000,5.266
1030567916373048,100064197037125,"PC Merchandise","Negosyo starts today! Complete computer shop packages ready. PM now!

𝐂𝐎𝐌𝐒𝐇𝐎𝐏 𝐏𝐑𝐈𝐂𝐄𝐋𝐈𝐒𝐓 >>>
https://pcmerchandise.live/2023-BERMONTHS-LIST-COMSHOP",,66,"08/26/2023 15:01",,https://www.facebook.com/reel/1171709105226344/,0,0,Reels,,,,,08/03/2023,0,,,,,,0,0,0,0,0,0.000,5.070
1030567916373048,100064197037125,"PC Merchandise","Negosyo starts today! Complete computer shop packages ready. PM now!

𝐂𝐎𝐌𝐒𝐇𝐎𝐏 𝐏𝐑𝐈𝐂𝐄𝐋𝐈𝐒𝐓 >>>
https://pcmerchandise.live/2023-BERMONTHS-LIST-COMSHOP",,66,"08/26/2023 15:01",,https://www.facebook.com/reel/1171709105226344/,0,0,Reels,,,,,08/04/2023,0,,,,,,0,0,0,0,0,0.000,5.743
1030567916373048,100064197037125,"PC Merchandise","Negosyo starts today! Complete computer shop packages ready. PM now!

𝐂𝐎𝐌𝐒𝐇𝐎𝐏 𝐏𝐑𝐈𝐂𝐄𝐋𝐈𝐒𝐓 >>>
https://pcmerchandise.live/2023-BERMONTHS-LIST-COMSHOP",,66,"08/26/2023 15:01",,https://www.facebook.com/reel/1171709105226344/,0,0,Reels,,,,,08/05/2023,0,,,,,,0,0,0,0,0,0.000,6.388
1030567916373048,100064197037125,"PC Merchandise","Negosyo starts today! Complete computer shop packages ready. PM now!

𝐂𝐎𝐌𝐒𝐇𝐎𝐏 𝐏𝐑𝐈𝐂𝐄𝐋𝐈𝐒𝐓 >>>
https://pcmerchandise.live/2023-BERMONTHS-LIST-COMSHOP",,66,"08/26/2023 15:01",,https://www.facebook.com/reel/1171709105226344/,0,0,Reels,,,,,08/06/2023,0,,,,,,0,0,0,0,0,0.000,4.983
1030567916373048,100064197037125,"PC Merchandise","Negosyo starts today! Complete computer shop packages ready. PM now!

𝐂𝐎𝐌𝐒𝐇𝐎𝐏 𝐏𝐑𝐈𝐂𝐄𝐋𝐈𝐒𝐓 >>>
https://pcmerchandise.live/2023-BERMONTHS-LIST-COMSHOP",,66,"08/26/2023 15:01",,https://www.facebook.com/reel/1171709105226344/,0,0,Reels,,,,,08/07/2023,0,,,,,,0,0,0,0,0,0.000,4.674
1030567916373048,100064197037125,"PC Merchandise","Negosyo starts today! Complete computer shop packages ready. PM now!

𝐂𝐎𝐌𝐒𝐇𝐎𝐏 𝐏𝐑𝐈𝐂𝐄𝐋𝐈𝐒𝐓 >>>
https://pcmerchandise.live/2023-BERMONTHS-LIST-COMSHOP",,66,"08/26/2023 15:01",,https://www.facebook.com/reel/1171709105226344/,0,0,Reels,,,,,08/08/2023,0,,,,,,0,0,0,0,0,0.000,6.455
1030567916373048,100064197037125,"PC Merchandise","Negosyo starts today! Complete computer shop packages ready. PM now!

𝐂𝐎𝐌𝐒𝐇𝐎𝐏 𝐏𝐑𝐈𝐂𝐄𝐋𝐈𝐒𝐓 >>>
https://pcmerchandise.live/2023-BERMONTHS-LIST-COMSHOP",,66,"08/26/2023 15:01",,https://www.facebook.com/reel/1171709105226344/,0,0,Reels,,,,,08/09/2023,0,,,,,,0,0,0,0,0,0.000,6.763
1030567916373048,100064197037125,"PC Merchandise","Negosyo starts today! Complete computer shop packages ready. PM now!

𝐂𝐎𝐌𝐒𝐇𝐎𝐏 𝐏𝐑𝐈𝐂𝐄𝐋𝐈𝐒𝐓 >>>
https://pcmerchandise.live/2023-BERMONTHS-LIST-COMSHOP",,66,"08/26/2023 15:01",,https://www.facebook.com/reel/1171709105226344/,0,0,Reels,,,,,08/10/2023,0,,,,,,0,0,0,0,0,0.000,6.150
1030567916373048,100064197037125,"PC Merchandise","Negosyo starts today! Complete computer shop packages ready. PM now!

𝐂𝐎𝐌𝐒𝐇𝐎𝐏 𝐏𝐑𝐈𝐂𝐄𝐋𝐈𝐒𝐓 >>>
https://pcmerchandise.live/2023-BERMONTHS-LIST-COMSHOP",,66,"08/26/2023 15:01",,https://www.facebook.com/reel/1171709105226344/,0,0,Reels,,,,,08/11/2023,0,,,,,,0,0,0,0,0,0.000,5.143
1030567916373048,100064197037125,"PC Merchandise","Negosyo starts today! Complete computer shop packages ready. PM now!

𝐂𝐎𝐌𝐒𝐇𝐎𝐏 𝐏𝐑𝐈𝐂𝐄𝐋𝐈𝐒𝐓 >>>
https://pcmerchandise.live/2023-BERMONTHS-LIST-COMSHOP",,66,"08/26/2023 15:01",,https://www.facebook.com/reel/1171709105226344/,0,0,Reels,,,,,08/12/2023,0,,,,,,0,0,0,0,0,0.000,7.285
1030567916373048,100064197037125,"PC Merchandise","Negosyo starts today! Complete computer shop packages ready. PM now!

𝐂𝐎𝐌𝐒𝐇𝐎𝐏 𝐏𝐑𝐈𝐂𝐄𝐋𝐈𝐒𝐓 >>>
https://pcmerchandise.live/2023-BERMONTHS-LIST-COMSHOP",,66,"08/26/2023 15:01",,https://www.facebook.com/reel/1171709105226344/,0,0,Reels,,,,,08/13/2023,0,,,,,,0,0,0,0,0,0.000,5.896
1030567916373048,100064197037125,"PC Merchandise","Negosyo starts today! Complete computer shop packages ready. PM now!

𝐂𝐎𝐌𝐒𝐇𝐎𝐏 𝐏𝐑𝐈𝐂𝐄𝐋𝐈𝐒𝐓 >>>
https://pcmerchandise.live/2023-BERMONTHS-LIST-COMSHOP",,66,"08/26/2023 15:01",,https://www.facebook.com/reel/1171709105226344/,0,0,Reels,,,,,08/14/2023,0,,,,,,0,0,0,0,0,0.000,7.098
1030567916373048,100064197037125,"PC Merchandise","Negosyo starts today! Complete computer shop packages ready. PM now!

𝐂𝐎𝐌𝐒𝐇𝐎𝐏 𝐏𝐑𝐈𝐂𝐄𝐋𝐈𝐒𝐓 >>>
https://pcmerchandise.live/2023-BERMONTHS-LIST-COMSHOP",,66,"08/26/2023 15:01",,https://www.facebook.com/reel/1171709105226344/,0,0,Reels,,,,,08/15/2023,0,,,,,,0,0,0,0,0,0.000,7.664
1030567916373048,100064197037125,"PC Merchandise","Negosyo starts today! Complete computer shop packages ready. PM now!

𝐂𝐎𝐌𝐒𝐇𝐎𝐏 𝐏𝐑𝐈𝐂𝐄𝐋𝐈𝐒𝐓 >>>
https://pcmerchandise.live/2023-BERMONTHS-LIST-COMSHOP",,66,"08/26/2023 15:01",,https://www.facebook.com/reel/1171709105226344/,0,0,Reels,,,,,08/16/2023,0,,,,,,0,0,0,0,0,0.000,5.689
1030567916373048,100064197037125,"PC Merchandise","Negosyo starts today! Complete computer shop packages ready. PM now!

𝐂𝐎𝐌𝐒𝐇𝐎𝐏 𝐏𝐑𝐈𝐂𝐄𝐋𝐈𝐒𝐓 >>>
https://pcmerchandise.live/2023-BERMONTHS-LIST-COMSHOP",,66,"08/26/2023 15:01",,https://www.facebook.com/reel/1171709105226344/,0,0,Reels,,,,,08/17/2023,0,,,,,,0,0,0,0,0,0.000,6.194
1030567916373048,100064197037125,"PC Merchandise","Negosyo starts today! Complete computer shop packages ready. PM now!

𝐂𝐎𝐌𝐒𝐇𝐎𝐏 𝐏𝐑𝐈𝐂𝐄𝐋𝐈𝐒𝐓 >>>
https://pcmerchandise.live/2023-BERMONTHS-LIST-COMSHOP",,66,"08/26/2023 15:01",,https://www.facebook.com/reel/1171709105226344/,0,0,Reels,,,,,08/18/2023,0,,,,,,0,0,0,0,0,0.000,6.820
1030567916373048,100064197037125,"PC Merchandise","Negosyo starts today! Complete computer shop packages ready. PM now!

𝐂𝐎𝐌𝐒𝐇𝐎𝐏 𝐏𝐑𝐈𝐂𝐄𝐋𝐈𝐒𝐓 >>>
https://pcmerchandise.live/2023-BERMONTHS-LIST-COMSHOP",,66,"08/26/2023 15:01",,https://www.facebook.com/reel/1171709105226344/,0,0,Reels,,,,,08/19/2023,0,,,,,,0,0,0,0,0,0.000,6.525
1030567916373048,100064197037125,"PC Merchandise","Negosyo starts today! Complete computer shop packages ready. PM now!

𝐂𝐎𝐌𝐒𝐇𝐎𝐏 𝐏𝐑𝐈𝐂𝐄𝐋𝐈𝐒𝐓 >>>
https://pcmerchandise.live/2023-BERMONTHS-LIST-COMSHOP",,66,"08/26/2023 15:01",,https://www.facebook.com/reel/1171709105226344/,0,0,Reels,,,,,08/20/2023,0,,,,,,0,0,0,0,0,0.000,6.157
1030567916373048,100064197037125,"PC Merchandise","Negosyo starts today! Complete computer shop packages ready. PM now!

𝐂𝐎𝐌𝐒𝐇𝐎𝐏 𝐏𝐑𝐈𝐂𝐄𝐋𝐈𝐒𝐓 >>>
https://pcmerchandise.live/2023-BERMONTHS-LIST-COMSHOP",,66,"08/26/2023 15:01",,https://www.facebook.com/reel/1171709105226344/,0,0,Reels,,,,,08/21/2023,0,,,,,,0,0,0,0,0,0.000,6.547
1030567916373048,100064197037125,"PC Merchandise","Negosyo starts today! Complete computer shop packages ready. PM now!

𝐂𝐎𝐌𝐒𝐇𝐎𝐏 𝐏𝐑𝐈𝐂𝐄𝐋𝐈𝐒𝐓 >>>
https://pcmerchandise.live/2023-BERMONTHS-LIST-COMSHOP",,66,"08/26/2023 15:01",,https://www.facebook.com/reel/1171709105226344/,0,0,Reels,,,,,08/22/2023,0,,,,,,0,0,0,0,0,0.000,6.559
1030567916373048,100064197037125,"PC Merchandise","Negosyo starts today! Complete computer shop packages ready. PM now!

𝐂𝐎𝐌𝐒𝐇𝐎𝐏 𝐏𝐑𝐈𝐂𝐄𝐋𝐈𝐒𝐓 >>>
https://pcmerchandise.live/2023-BERMONTHS-LIST-COMSHOP",,66,"08/26/2023 15:01",,https://www.facebook.com/reel/1171709105226344/,0,0,Reels,,,,,08/23/2023,0,,,,,,0,0,0,0,0,0.000,4.765
1030567916373048,100064197037125,"PC Merchandise","Negosyo starts today! Complete computer shop packages ready. PM now!

𝐂𝐎𝐌𝐒𝐇𝐎𝐏 𝐏𝐑𝐈𝐂𝐄𝐋𝐈𝐒𝐓 >>>
https://pcmerchandise.live/2023-BERMONTHS-LIST-COMSHOP",,66,"08/26/2023 15:01",,https://www.facebook.com/reel/1171709105226344/,0,0,Reels,,,,,08/24/2023,0,,,,,,0,0,0,0,0,0.000,7.108
1030567916373048,100064197037125,"PC Merchandise","Negosyo starts today! Complete computer shop packages ready. PM now!

𝐂𝐎𝐌𝐒𝐇𝐎𝐏 𝐏𝐑𝐈𝐂𝐄𝐋𝐈𝐒𝐓 >>>
https://pcmerchandise.live/2023-BERMONTHS-LIST-COMSHOP",,66,"08/26/2023 15:01",,https://www.facebook.com/reel/1171709105226344/,0,0,Reels,,,,,08/25/2023,0,,,,,,0,0,0,0,0,0.000,5.074
1030567916373048,100064197037125,"PC Merchandise","Negosyo starts today! Complete computer shop packages ready. PM now!

𝐂𝐎𝐌𝐒𝐇𝐎𝐏 𝐏𝐑𝐈𝐂𝐄𝐋𝐈𝐒𝐓 >>>
https://pcmerchandise.live/2023-BERMONTHS-LIST-COMSHOP",,66,"08/26/2023 15:01",,https://www.facebook.com/reel/1171709105226344/,0,0,Reels,,,,,08/26/2023,0,,,,,,386,0,1,1,0,11291.078,5.229
1030567916373048,100064197037125,"PC Merchandise","Negosyo starts today! Complete computer shop packages ready. PM now!

𝐂𝐎𝐌𝐒𝐇𝐎𝐏 𝐏𝐑𝐈𝐂𝐄𝐋𝐈𝐒𝐓 >>>
https://pcmerchandise.live/2023-BERMONTHS-LIST-COMSHOP",,66,"08/26/2023 15:01",,https://www.facebook.com/reel/1171709105226344/,0,0,Reels,,,,,08/27/2023,0,,,,,,364,0,4,0,4,3444.961,6.187
1030567916373048,100064197037125,"PC Merchandise","Negosyo starts today! Complete computer shop packages ready. PM now!

𝐂𝐎𝐌𝐒𝐇𝐎𝐏 𝐏𝐑𝐈𝐂𝐄𝐋𝐈𝐒𝐓 >>>
https://pcmerchandise.live/2023-BERMONTHS-LIST-COMSHOP",,66,"08/26/2023 15:01",,https://www.facebook.com/reel/1171709105226344/,0,0,Reels,,,,,08/28/2023,0,,,,,,377,0,2,2,0,1569.365,5.482
1030567916373048,100064197037125,"PC Merchandise","Negosyo starts today! Complete computer shop packages ready. PM now!

𝐂𝐎𝐌𝐒𝐇𝐎𝐏 𝐏𝐑𝐈𝐂𝐄𝐋𝐈𝐒𝐓 >>>
https://pcmerchandise.live/2023-BERMONTHS-LIST-COMSHOP",,66,"08/26/2023 15:01",,https://www.facebook.com/reel/1171709105226344/,0,0,Reels,,,,,08/29/2023,0,,,,,,400,0,0,0,0,1873.539,6.069
1030567916373048,100064197037125,"PC Merchandise","Negosyo starts today! Complete computer shop packages ready. PM now!

𝐂𝐎𝐌𝐒𝐇𝐎𝐏 𝐏𝐑𝐈𝐂𝐄𝐋𝐈𝐒𝐓 >>>
https://pcmerchandise.live/2023-BERMONTHS-LIST-COMSHOP",,66,"08/26/2023 15:01",,https://www.facebook.com/reel/1171709105226344/,0,0,Reels,,,,,08/30/2023,0,,,,,,410,0,0,0,0,1958.096,6.319
1030567916373048,100064197037125,"PC Merchandise","Negosyo starts today! Complete computer shop packages ready. PM now!

𝐂𝐎𝐌𝐒𝐇𝐎𝐏 𝐏𝐑𝐈𝐂𝐄𝐋𝐈𝐒𝐓 >>>
https://pcmerchandise.live/2023-BERMONTHS-LIST-COMSHOP",,66,"08/26/2023 15:01",,https://www.facebook.com/reel/1171709105226344/,0,0,Reels,,,,,08/31/2023,0,,,,,,391,0,0,0,0,1733.986,5.887
1030484625128293,100064197037125,"PC Merchandise","Another comshop delivered! 8 units RYZEN 5 3400G para sa bagong negosyo ni KUYA RON 💪",,229,"08/26/2023 02:00",auto,https://www.facebook.com/pcmerchandise.co/videos/2919593678620211/,0,0,Videos,,,,,08/01/2023,0,,0,0,0,0,0,0,0,0,0,0.000,3.250
1030484625128293,100064197037125,"PC Merchandise","Another comshop delivered! 8 units RYZEN 5 3400G para sa bagong negosyo ni KUYA RON 💪",,229,"08/26/2023 02:00",auto,https://www.facebook.com/pcmerchandise.co/videos/2919593678620211/,0,0,Videos,,,,,08/02/2023,0,,0,0,0,0,0,0,0,0,0,0.000,2.967
1030484625128293,100064197037125,"PC Merchandise","Another comshop delivered! 8 units RYZEN 5 3400G para sa bagong negosyo ni KUYA RON 💪",,229,"08/26/2023 02:00",auto,https://www.facebook.com/pcmerchandise.co/videos/2919593678620211/,0,0,Videos,,,,,08/03/2023,0,,0,0,0,0,0,0,0,0,0,0.000,4.314
1030484625128293,100064197037125,"PC Merchandise","Another comshop delivered! 8 units RYZEN 5 3400G para sa bagong negosyo ni KUYA RON 💪",,229,"08/26/2023 02:00",auto,https://www.facebook.com/pcmerchandise.co/videos/2919593678620211/,0,0,Videos,,,,,08/04/2023,0,,0,0,0,0,0,0,0,0,0,0.000,5.120
1030484625128293,100064197037125,"PC Merchandise","Another comshop delivered! 8 units RYZEN 5 3400G para sa bagong negosyo ni KUYA RON 💪",,229,"08/26/2023 02:00",auto,https://www.facebook.com/pcmerchandise.co/videos/2919593678620211/,0,0,Videos,,,,,08/05/2023,0,,0,0,0,0,0,0,0,0,0,0.000,4.914
1030484625128293,100064197037125,"PC Merchandise","Another comshop delivered! 8 units RYZEN 5 3400G para sa bagong negosyo ni KUYA RON 💪",,229,"08/26/2023 02:00",auto,https://www.facebook.com/pcmerchandise.co/videos/2919593678620211/,0,0,Videos,,,,,08/06/2023,0,,0,0,0,0,0,0,0,0,0,0.000,5.623
1030484625128293,100064197037125,"PC Merchandise","Another comshop delivered! 8 units RYZEN 5 3400G para sa bagong negosyo ni KUYA RON 💪",,229,"08/26/2023 02:00",auto,https://www.facebook.com/pcmerchandise.co/videos/2919593678620211/,0,0,Videos,,,,,08/07/2023,0,,0,0,0,0,0,0,0,0,0,0.000,4.911
1030484625128293,100064197037125,"PC Merchandise","Another comshop delivered! 8 units RYZEN 5 3400G para sa bagong negosyo ni KUYA RON 💪",,229,"08/26/2023 02:00",auto,https://www.facebook.com/pcmerchandise.co/videos/2919593678620211/,0,0,Videos,,,,,08/08/2023,0,,0,0,0,0,0,0,0,0,0,0.000,3.491
1030484625128293,100064197037125,"PC Merchandise","Another comshop delivered! 8 units RYZEN 5 3400G para sa bagong negosyo ni KUYA RON 💪",,229,"08/26/2023 02:00",auto,https://www.facebook.com/pcmerchandise.co/videos/2919593678620211/,0,0,Videos,,,,,08/09/2023,0,,0,0,0,0,0,0,0,0,0,0.000,3.637
1030484625128293,100064197037125,"PC Merchandise","Another comshop delivered! 8 units RYZEN 5 3400G para sa bagong negosyo ni KUYA RON 💪",,229,"08/26/2023 02:00",auto,https://www.facebook.com/pcmerchandise.co/videos/2919593678620211/,0,0,Videos,,,,,08/10/2023,0,,0,0,0,0,0,0,0,0,0,0.000,4.644
1030484625128293,100064197037125,"PC Merchandise","Another comshop delivered! 8 units RYZEN 5 3400G para sa bagong negosyo ni KUYA RON 💪",,229,"08/26/2023 02:00",auto,https://www.facebook.com/pcmerchandise.co/videos/2919593678620211/,0,0,Videos,,,,,08/11/2023,0,,0,0,0,0,0,0,0,0,0,0.000,4.929
1030484625128293,100064197037125,"PC Merchandise","Another comshop delivered! 8 units RYZEN 5 3400G para sa bagong negosyo ni KUYA RON 💪",,229,"08/26/2023 02:00",auto,https://www.facebook.com/pcmerchandise.co/videos/2919593678620211/,0,0,Videos,,,,,08/12/2023,0,,0,0,0,0,0,0,0,0,0,0.000,4.366
1030484625128293,100064197037125,"PC Merchandise","Another comshop delivered! 8 units RYZEN 5 3400G para sa bagong negosyo ni KUYA RON 💪",,229,"08/26/2023 02:00",auto,https://www.facebook.com/pcmerchandise.co/videos/2919593678620211/,0,0,Videos,,,,,08/13/2023,0,,0,0,0,0,0,0,0,0,0,0.000,4.280
1030484625128293,100064197037125,"PC Merchandise","Another comshop delivered! 8 units RYZEN 5 3400G para sa bagong negosyo ni KUYA RON 💪",,229,"08/26/2023 02:00",auto,https://www.facebook.com/pcmerchandise.co/videos/2919593678620211/,0,0,Videos,,,,,08/14/2023,0,,0,0,0,0,0,0,0,0,0,0.000,5.336
1030484625128293,100064197037125,"PC Merchandise","Another comshop delivered! 8 units RYZEN 5 3400G para sa bagong negosyo ni KUYA RON 💪",,229,"08/26/2023 02:00",auto,https://www.facebook.com/pcmerchandise.co/videos/2919593678620211/,0,0,Videos,,,,,08/15/2023,0,,0,0,0,0,0,0,0,0,0,0.000,3.790
1030484625128293,100064197037125,"PC Merchandise","Another comshop delivered! 8 units RYZEN 5 3400G para sa bagong negosyo ni KUYA RON 💪",,229,"08/26/2023 02:00",auto,https://www.facebook.com/pcmerchandise.co/videos/2919593678620211/,0,0,Videos,,,,,08/16/2023,0,,0,0,0,0,0,0,0,0,0,0.000,5.380
1030484625128293,100064197037125,"PC Merchandise","Another comshop delivered! 8 units RYZEN 5 3400G para sa bagong negosyo ni KUYA RON 💪",,229,"08/26/2023 02:00",auto,https://www.facebook.com/pcmerchandise.co/videos/2919593678620211/,0,0,Videos,,,,,08/17/2023,0,,0,0,0,0,0,0,0,0,0,0.000,4.699
1030484625128293,100064197037125,"PC Merchandise","Another comshop delivered! 8 units RYZEN 5 3400G para sa bagong negosyo ni KUYA RON 💪",,229,"08/26/2023 02:00",auto,https://www.facebook.com/pcmerchandise.co/videos/2919593678620211/,0,0,Videos,,,,,08/18/2023,0,,0,0,0,0,0,0,0,0,0,0.000,4.080
1030484625128293,100064197037125,"PC Merchandise","Another comshop delivered! 8 units RYZEN 5 3400G para sa bagong negosyo ni KUYA RON 💪",,229,"08/26/2023 02:00",auto,https://www.facebook.com/pcmerchandise.co/videos/2919593678620211/,0,0,Videos,,,,,08/19/2023,0,,0,0,0,0,0,0,0,0,0,0.000,3.857
1030484625128293,100064197037125,"PC Merchandise","Another comshop delivered! 8 units RYZEN 5 3400G para sa bagong negosyo ni KUYA RON 💪",,229,"08/26/2023 02:00",auto,https://www.facebook.com/pcmerchandise.co/videos/2919593678620211/,0,0,Videos,,,,,08/20/2023,0,,0,0,0,0,0,0,0,0,0,0.000,4.619
1030484625128293,100064197037125,"PC Merchandise","Another comshop delivered! 8 units RYZEN 5 3400G para sa bagong negosyo ni KUYA RON 💪",,229,"08/26/2023 02:00",auto,https://www.facebook.com/pcmerchandise.co/videos/2919593678620211/,0,0,Videos,,,,,08/21/2023,0,,0,0,0,0,0,0,0,0,0,0.000,3.365
1030484625128293,100064197037125,"PC Merchandise","Another comshop delivered! 8 units RYZEN 5 3400G para sa bagong negosyo ni KUYA RON 💪",,229,"08/26/2023 02:00",auto,https://www.facebook.com/pcmerchandise.co/videos/2919593678620211/,0,0,Videos,,,,,08/22/2023,0,,0,0,0,0,0,0,0,0,0,0.000,4.111
1030484625128293,100064197037125,"PC Merchandise","Another comshop delivered! 8 units RYZEN 5 3400G para sa bagong negosyo ni KUYA RON 💪",,229,"08/26/2023 02:00",auto,https://www.facebook.com/pcmerchandise.co/videos/2919593678620211/,0,0,Videos,,,,,08/23/2023,0,,0,0,0,0,0,0,0,0,0,0.000,4.796
1030484625128293,100064197037125,"PC Merchandise","Another comshop delivered! 8 units RYZEN 5 3400G para sa bagong negosyo ni KUYA RON 💪",,229,"08/26/2023 02:00",auto,https://www.facebook.com/pcmerchandise.co/videos/2919593678620211/,0,0,Videos,,,,,08/24/2023,0,,0,0,0,0,0,0,0,0,0,0.000,5.361
1030484625128293,100064197037125,"PC Merchandise","Another comshop delivered! 8 units RYZEN 5 3400G para sa bagong negosyo ni KUYA RON 💪",,229,"08/26/2023 02:00",auto,https://www.facebook.com/pcmerchandise.co/videos/2919593678620211/,0,0,Videos,,,,,08/25/2023,0,,0,0,0,0,0,0,0,0,0,0.000,4.323
1030484625128293,100064197037125,"PC Merchandise","Another comshop delivered! 8 units RYZEN 5 3400G para sa bagong negosyo ni KUYA RON 💪",,229,"08/26/2023 02:00",auto,https://www.facebook.com/pcmerchandise.co/videos/2919593678620211/,0,0,Videos,,,,,08/26/2023,0,,298,40,268,38,0,0,0,0,0,1192.633,4.425
1030484625128293,100064197037125,"PC Merchandise","Another comshop delivered! 8 units RYZEN 5 3400G para sa bagong negosyo ni KUYA RON 💪",,229,"08/26/2023 02:00",auto,https://www.facebook.com/pcmerchandise.co/videos/2919593678620211/,0,0,Videos,,,,,08/27/2023,0,,220,38,198,32,0,0,1,1,0,1072.143,5.503
1030484625128293,100064197037125,"PC Merchandise","Another comshop delivered! 8 units RYZEN 5 3400G para sa bagong negosyo ni KUYA RON 💪",,229,"08/26/2023 02:00",auto,https://www.facebook.com/pcmerchandise.co/videos/2919593678620211/,0,0,Videos,,,,,08/28/2023,0,,158,15,148,12,0,0,0,0,0,392.578,3.411
1030484625128293,100064197037125,"PC Merchandise","Another comshop delivered! 8 units RYZEN 5 3400G para sa bagong negosyo ni KUYA RON 💪",,229,"08/26/2023 02:00",auto,https://www.facebook.com/pcmerchandise.co/videos/2919593678620211/,0,0,Videos,,,,,08/29/2023,0,,136,9,105,7,0,0,0,0,0,400.546,3.985
1030484625128293,100064197037125,"PC Merchandise","Another comshop delivered! 8 units RYZEN 5 3400G para sa bagong negosyo ni KUYA RON 💪",,229,"08/26/2023 02:00",auto,https://www.facebook.com/pcmerchandise.co/videos/2919593678620211/,0,0,Videos,,,,,08/30/2023,0,,114,15,89,12,0,0,0,0,0,657.290,2.082
1030484625128293,100064197037125,"PC Merchandise","Another comshop delivered! 8 units RYZEN 5 3400G para sa bagong negosyo ni KUYA RON 💪",,229,"08/26/2023 02:00",auto,https://www.facebook.com/pcmerchandise.co/videos/2919593678620211/,0,0,Videos,,,,,08/31/2023,0,,114,10,106,9,0,0,0,0,0,393.389,3.697
1031202546290146,100064197037125,"PC Merchandise","Negosyo starts today! Complete computer shop packages ready. PM now!

𝐂𝐎𝐌𝐒𝐇𝐎𝐏 𝐏𝐑𝐈𝐂𝐄𝐋𝐈𝐒𝐓 >>>
https://pcmerchandise.live/2023-BERMONTHS-LIST-COMSHOP",,0,"08/25/2023 22:01",,https://www.facebook.com/pcmerchandise.co/posts/pfbid0dWFlvLIMR8pXvSNWDcwis8c6MaedfP3QgWibhRkwT5SOuZUP6RFtrxZB,0,0,Photos,,,,,08/31/2023,0,,,,,,,,,,,,
1031202546290146,100064197037125,"PC Merchandise","Negosyo starts today! Complete computer shop packages ready. PM now!

𝐂𝐎𝐌𝐒𝐇𝐎𝐏 𝐏𝐑𝐈𝐂𝐄𝐋𝐈𝐒𝐓 >>>
https://pcmerchandise.live/2023-BERMONTHS-LIST-COMSHOP",,0,"08/25/2023 22:01",,https://www.facebook.com/pcmerchandise.co/posts/pfbid0dWFlvLIMR8pXvSNWDcwis8c6MaedfP3QgWibhRkwT5SOuZUP6RFtrxZB,0,0,Photos,,,,,08/01/2023,,,0,0,0,0,0,0,,,,,
1031202546290146,100064197037125,"PC Merchandise","Negosyo starts today! Complete computer shop packages ready. PM now!

𝐂𝐎𝐌𝐒𝐇𝐎𝐏 𝐏𝐑𝐈𝐂𝐄𝐋𝐈𝐒𝐓 >>>
https://pcmerchandise.live/2023-BERMONTHS-LIST-COMSHOP",,0,"08/25/2023 22:01",,https://www.facebook.com/pcmerchandise.co/posts/pfbid0dWFlvLIMR8pXvSNWDcwis8c6MaedfP3QgWibhRkwT5SOuZUP6RFtrxZB,0,0,Photos,,,,,08/02/2023,,,0,0,0,0,0,0,,,,,
1031202546290146,100064197037125,"PC Merchandise","Negosyo starts today! Complete computer shop packages ready. PM now!

𝐂𝐎𝐌𝐒𝐇𝐎𝐏 𝐏𝐑𝐈𝐂𝐄𝐋𝐈𝐒𝐓 >>>
https://pcmerchandise.live/2023-BERMONTHS-LIST-COMSHOP",,0,"08/25/2023 22:01",,https://www.facebook.com/pcmerchandise.co/posts/pfbid0dWFlvLIMR8pXvSNWDcwis8c6MaedfP3QgWibhRkwT5SOuZUP6RFtrxZB,0,0,Photos,,,,,08/03/2023,,,0,0,0,0,0,0,,,,,
1031202546290146,100064197037125,"PC Merchandise","Negosyo starts today! Complete computer shop packages ready. PM now!

𝐂𝐎𝐌𝐒𝐇𝐎𝐏 𝐏𝐑𝐈𝐂𝐄𝐋𝐈𝐒𝐓 >>>
https://pcmerchandise.live/2023-BERMONTHS-LIST-COMSHOP",,0,"08/25/2023 22:01",,https://www.facebook.com/pcmerchandise.co/posts/pfbid0dWFlvLIMR8pXvSNWDcwis8c6MaedfP3QgWibhRkwT5SOuZUP6RFtrxZB,0,0,Photos,,,,,08/04/2023,,,0,0,0,0,0,0,,,,,
1031202546290146,100064197037125,"PC Merchandise","Negosyo starts today! Complete computer shop packages ready. PM now!

𝐂𝐎𝐌𝐒𝐇𝐎𝐏 𝐏𝐑𝐈𝐂𝐄𝐋𝐈𝐒𝐓 >>>
https://pcmerchandise.live/2023-BERMONTHS-LIST-COMSHOP",,0,"08/25/2023 22:01",,https://www.facebook.com/pcmerchandise.co/posts/pfbid0dWFlvLIMR8pXvSNWDcwis8c6MaedfP3QgWibhRkwT5SOuZUP6RFtrxZB,0,0,Photos,,,,,08/05/2023,,,0,0,0,0,0,0,,,,,
1031202546290146,100064197037125,"PC Merchandise","Negosyo starts today! Complete computer shop packages ready. PM now!

𝐂𝐎𝐌𝐒𝐇𝐎𝐏 𝐏𝐑𝐈𝐂𝐄𝐋𝐈𝐒𝐓 >>>
https://pcmerchandise.live/2023-BERMONTHS-LIST-COMSHOP",,0,"08/25/2023 22:01",,https://www.facebook.com/pcmerchandise.co/posts/pfbid0dWFlvLIMR8pXvSNWDcwis8c6MaedfP3QgWibhRkwT5SOuZUP6RFtrxZB,0,0,Photos,,,,,08/06/2023,,,0,0,0,0,0,0,,,,,
1031202546290146,100064197037125,"PC Merchandise","Negosyo starts today! Complete computer shop packages ready. PM now!

𝐂𝐎𝐌𝐒𝐇𝐎𝐏 𝐏𝐑𝐈𝐂𝐄𝐋𝐈𝐒𝐓 >>>
https://pcmerchandise.live/2023-BERMONTHS-LIST-COMSHOP",,0,"08/25/2023 22:01",,https://www.facebook.com/pcmerchandise.co/posts/pfbid0dWFlvLIMR8pXvSNWDcwis8c6MaedfP3QgWibhRkwT5SOuZUP6RFtrxZB,0,0,Photos,,,,,08/07/2023,,,0,0,0,0,0,0,,,,,
1031202546290146,100064197037125,"PC Merchandise","Negosyo starts today! Complete computer shop packages ready. PM now!

𝐂𝐎𝐌𝐒𝐇𝐎𝐏 𝐏𝐑𝐈𝐂𝐄𝐋𝐈𝐒𝐓 >>>
https://pcmerchandise.live/2023-BERMONTHS-LIST-COMSHOP",,0,"08/25/2023 22:01",,https://www.facebook.com/pcmerchandise.co/posts/pfbid0dWFlvLIMR8pXvSNWDcwis8c6MaedfP3QgWibhRkwT5SOuZUP6RFtrxZB,0,0,Photos,,,,,08/08/2023,,,0,0,0,0,0,0,,,,,
1031202546290146,100064197037125,"PC Merchandise","Negosyo starts today! Complete computer shop packages ready. PM now!

𝐂𝐎𝐌𝐒𝐇𝐎𝐏 𝐏𝐑𝐈𝐂𝐄𝐋𝐈𝐒𝐓 >>>
https://pcmerchandise.live/2023-BERMONTHS-LIST-COMSHOP",,0,"08/25/2023 22:01",,https://www.facebook.com/pcmerchandise.co/posts/pfbid0dWFlvLIMR8pXvSNWDcwis8c6MaedfP3QgWibhRkwT5SOuZUP6RFtrxZB,0,0,Photos,,,,,08/09/2023,,,0,0,0,0,0,0,,,,,
1031202546290146,100064197037125,"PC Merchandise","Negosyo starts today! Complete computer shop packages ready. PM now!

𝐂𝐎𝐌𝐒𝐇𝐎𝐏 𝐏𝐑𝐈𝐂𝐄𝐋𝐈𝐒𝐓 >>>
https://pcmerchandise.live/2023-BERMONTHS-LIST-COMSHOP",,0,"08/25/2023 22:01",,https://www.facebook.com/pcmerchandise.co/posts/pfbid0dWFlvLIMR8pXvSNWDcwis8c6MaedfP3QgWibhRkwT5SOuZUP6RFtrxZB,0,0,Photos,,,,,08/10/2023,,,0,0,0,0,0,0,,,,,
1031202546290146,100064197037125,"PC Merchandise","Negosyo starts today! Complete computer shop packages ready. PM now!

𝐂𝐎𝐌𝐒𝐇𝐎𝐏 𝐏𝐑𝐈𝐂𝐄𝐋𝐈𝐒𝐓 >>>
https://pcmerchandise.live/2023-BERMONTHS-LIST-COMSHOP",,0,"08/25/2023 22:01",,https://www.facebook.com/pcmerchandise.co/posts/pfbid0dWFlvLIMR8pXvSNWDcwis8c6MaedfP3QgWibhRkwT5SOuZUP6RFtrxZB,0,0,Photos,,,,,08/11/2023,,,0,0,0,0,0,0,,,,,
1031202546290146,100064197037125,"PC Merchandise","Negosyo starts today! Complete computer shop packages ready. PM now!

𝐂𝐎𝐌𝐒𝐇𝐎𝐏 𝐏𝐑𝐈𝐂𝐄𝐋𝐈𝐒𝐓 >>>
https://pcmerchandise.live/2023-BERMONTHS-LIST-COMSHOP",,0,"08/25/2023 22:01",,https://www.facebook.com/pcmerchandise.co/posts/pfbid0dWFlvLIMR8pXvSNWDcwis8c6MaedfP3QgWibhRkwT5SOuZUP6RFtrxZB,0,0,Photos,,,,,08/12/2023,,,0,0,0,0,0,0,,,,,
1031202546290146,100064197037125,"PC Merchandise","Negosyo starts today! Complete computer shop packages ready. PM now!

𝐂𝐎𝐌𝐒𝐇𝐎𝐏 𝐏𝐑𝐈𝐂𝐄𝐋𝐈𝐒𝐓 >>>
https://pcmerchandise.live/2023-BERMONTHS-LIST-COMSHOP",,0,"08/25/2023 22:01",,https://www.facebook.com/pcmerchandise.co/posts/pfbid0dWFlvLIMR8pXvSNWDcwis8c6MaedfP3QgWibhRkwT5SOuZUP6RFtrxZB,0,0,Photos,,,,,08/13/2023,,,0,0,0,0,0,0,,,,,
1031202546290146,100064197037125,"PC Merchandise","Negosyo starts today! Complete computer shop packages ready. PM now!

𝐂𝐎𝐌𝐒𝐇𝐎𝐏 𝐏𝐑𝐈𝐂𝐄𝐋𝐈𝐒𝐓 >>>
https://pcmerchandise.live/2023-BERMONTHS-LIST-COMSHOP",,0,"08/25/2023 22:01",,https://www.facebook.com/pcmerchandise.co/posts/pfbid0dWFlvLIMR8pXvSNWDcwis8c6MaedfP3QgWibhRkwT5SOuZUP6RFtrxZB,0,0,Photos,,,,,08/14/2023,,,0,0,0,0,0,0,,,,,
1031202546290146,100064197037125,"PC Merchandise","Negosyo starts today! Complete computer shop packages ready. PM now!

𝐂𝐎𝐌𝐒𝐇𝐎𝐏 𝐏𝐑𝐈𝐂𝐄𝐋𝐈𝐒𝐓 >>>
https://pcmerchandise.live/2023-BERMONTHS-LIST-COMSHOP",,0,"08/25/2023 22:01",,https://www.facebook.com/pcmerchandise.co/posts/pfbid0dWFlvLIMR8pXvSNWDcwis8c6MaedfP3QgWibhRkwT5SOuZUP6RFtrxZB,0,0,Photos,,,,,08/15/2023,,,0,0,0,0,0,0,,,,,
1031202546290146,100064197037125,"PC Merchandise","Negosyo starts today! Complete computer shop packages ready. PM now!

𝐂𝐎𝐌𝐒𝐇𝐎𝐏 𝐏𝐑𝐈𝐂𝐄𝐋𝐈𝐒𝐓 >>>
https://pcmerchandise.live/2023-BERMONTHS-LIST-COMSHOP",,0,"08/25/2023 22:01",,https://www.facebook.com/pcmerchandise.co/posts/pfbid0dWFlvLIMR8pXvSNWDcwis8c6MaedfP3QgWibhRkwT5SOuZUP6RFtrxZB,0,0,Photos,,,,,08/16/2023,,,0,0,0,0,0,0,,,,,
1031202546290146,100064197037125,"PC Merchandise","Negosyo starts today! Complete computer shop packages ready. PM now!

𝐂𝐎𝐌𝐒𝐇𝐎𝐏 𝐏𝐑𝐈𝐂𝐄𝐋𝐈𝐒𝐓 >>>
https://pcmerchandise.live/2023-BERMONTHS-LIST-COMSHOP",,0,"08/25/2023 22:01",,https://www.facebook.com/pcmerchandise.co/posts/pfbid0dWFlvLIMR8pXvSNWDcwis8c6MaedfP3QgWibhRkwT5SOuZUP6RFtrxZB,0,0,Photos,,,,,08/17/2023,,,0,0,0,0,0,0,,,,,
1031202546290146,100064197037125,"PC Merchandise","Negosyo starts today! Complete computer shop packages ready. PM now!

𝐂𝐎𝐌𝐒𝐇𝐎𝐏 𝐏𝐑𝐈𝐂𝐄𝐋𝐈𝐒𝐓 >>>
https://pcmerchandise.live/2023-BERMONTHS-LIST-COMSHOP",,0,"08/25/2023 22:01",,https://www.facebook.com/pcmerchandise.co/posts/pfbid0dWFlvLIMR8pXvSNWDcwis8c6MaedfP3QgWibhRkwT5SOuZUP6RFtrxZB,0,0,Photos,,,,,08/18/2023,,,0,0,0,0,0,0,,,,,
1031202546290146,100064197037125,"PC Merchandise","Negosyo starts today! Complete computer shop packages ready. PM now!

𝐂𝐎𝐌𝐒𝐇𝐎𝐏 𝐏𝐑𝐈𝐂𝐄𝐋𝐈𝐒𝐓 >>>
https://pcmerchandise.live/2023-BERMONTHS-LIST-COMSHOP",,0,"08/25/2023 22:01",,https://www.facebook.com/pcmerchandise.co/posts/pfbid0dWFlvLIMR8pXvSNWDcwis8c6MaedfP3QgWibhRkwT5SOuZUP6RFtrxZB,0,0,Photos,,,,,08/19/2023,,,0,0,0,0,0,0,,,,,
1031202546290146,100064197037125,"PC Merchandise","Negosyo starts today! Complete computer shop packages ready. PM now!

𝐂𝐎𝐌𝐒𝐇𝐎𝐏 𝐏𝐑𝐈𝐂𝐄𝐋𝐈𝐒𝐓 >>>
https://pcmerchandise.live/2023-BERMONTHS-LIST-COMSHOP",,0,"08/25/2023 22:01",,https://www.facebook.com/pcmerchandise.co/posts/pfbid0dWFlvLIMR8pXvSNWDcwis8c6MaedfP3QgWibhRkwT5SOuZUP6RFtrxZB,0,0,Photos,,,,,08/20/2023,,,0,0,0,0,0,0,,,,,
1031202546290146,100064197037125,"PC Merchandise","Negosyo starts today! Complete computer shop packages ready. PM now!

𝐂𝐎𝐌𝐒𝐇𝐎𝐏 𝐏𝐑𝐈𝐂𝐄𝐋𝐈𝐒𝐓 >>>
https://pcmerchandise.live/2023-BERMONTHS-LIST-COMSHOP",,0,"08/25/2023 22:01",,https://www.facebook.com/pcmerchandise.co/posts/pfbid0dWFlvLIMR8pXvSNWDcwis8c6MaedfP3QgWibhRkwT5SOuZUP6RFtrxZB,0,0,Photos,,,,,08/21/2023,,,0,0,0,0,0,0,,,,,
1031202546290146,100064197037125,"PC Merchandise","Negosyo starts today! Complete computer shop packages ready. PM now!

𝐂𝐎𝐌𝐒𝐇𝐎𝐏 𝐏𝐑𝐈𝐂𝐄𝐋𝐈𝐒𝐓 >>>
https://pcmerchandise.live/2023-BERMONTHS-LIST-COMSHOP",,0,"08/25/2023 22:01",,https://www.facebook.com/pcmerchandise.co/posts/pfbid0dWFlvLIMR8pXvSNWDcwis8c6MaedfP3QgWibhRkwT5SOuZUP6RFtrxZB,0,0,Photos,,,,,08/22/2023,,,0,0,0,0,0,0,,,,,
1031202546290146,100064197037125,"PC Merchandise","Negosyo starts today! Complete computer shop packages ready. PM now!

𝐂𝐎𝐌𝐒𝐇𝐎𝐏 𝐏𝐑𝐈𝐂𝐄𝐋𝐈𝐒𝐓 >>>
https://pcmerchandise.live/2023-BERMONTHS-LIST-COMSHOP",,0,"08/25/2023 22:01",,https://www.facebook.com/pcmerchandise.co/posts/pfbid0dWFlvLIMR8pXvSNWDcwis8c6MaedfP3QgWibhRkwT5SOuZUP6RFtrxZB,0,0,Photos,,,,,08/23/2023,,,0,0,0,0,0,0,,,,,
1031202546290146,100064197037125,"PC Merchandise","Negosyo starts today! Complete computer shop packages ready. PM now!

𝐂𝐎𝐌𝐒𝐇𝐎𝐏 𝐏𝐑𝐈𝐂𝐄𝐋𝐈𝐒𝐓 >>>
https://pcmerchandise.live/2023-BERMONTHS-LIST-COMSHOP",,0,"08/25/2023 22:01",,https://www.facebook.com/pcmerchandise.co/posts/pfbid0dWFlvLIMR8pXvSNWDcwis8c6MaedfP3QgWibhRkwT5SOuZUP6RFtrxZB,0,0,Photos,,,,,08/24/2023,,,0,0,0,0,0,0,,,,,
1031202546290146,100064197037125,"PC Merchandise","Negosyo starts today! Complete computer shop packages ready. PM now!

𝐂𝐎𝐌𝐒𝐇𝐎𝐏 𝐏𝐑𝐈𝐂𝐄𝐋𝐈𝐒𝐓 >>>
https://pcmerchandise.live/2023-BERMONTHS-LIST-COMSHOP",,0,"08/25/2023 22:01",,https://www.facebook.com/pcmerchandise.co/posts/pfbid0dWFlvLIMR8pXvSNWDcwis8c6MaedfP3QgWibhRkwT5SOuZUP6RFtrxZB,0,0,Photos,,,,,08/25/2023,,,0,0,0,0,0,0,,,,,
1031202546290146,100064197037125,"PC Merchandise","Negosyo starts today! Complete computer shop packages ready. PM now!

𝐂𝐎𝐌𝐒𝐇𝐎𝐏 𝐏𝐑𝐈𝐂𝐄𝐋𝐈𝐒𝐓 >>>
https://pcmerchandise.live/2023-BERMONTHS-LIST-COMSHOP",,0,"08/25/2023 22:01",,https://www.facebook.com/pcmerchandise.co/posts/pfbid0dWFlvLIMR8pXvSNWDcwis8c6MaedfP3QgWibhRkwT5SOuZUP6RFtrxZB,0,0,Photos,,,,,08/26/2023,,,0,0,0,0,0,0,,,,,
1031202546290146,100064197037125,"PC Merchandise","Negosyo starts today! Complete computer shop packages ready. PM now!

𝐂𝐎𝐌𝐒𝐇𝐎𝐏 𝐏𝐑𝐈𝐂𝐄𝐋𝐈𝐒𝐓 >>>
https://pcmerchandise.live/2023-BERMONTHS-LIST-COMSHOP",,0,"08/25/2023 22:01",,https://www.facebook.com/pcmerchandise.co/posts/pfbid0dWFlvLIMR8pXvSNWDcwis8c6MaedfP3QgWibhRkwT5SOuZUP6RFtrxZB,0,0,Photos,,,,,08/27/2023,,,0,0,0,0,0,0,,,,,
1031202546290146,100064197037125,"PC Merchandise","Negosyo starts today! Complete computer shop packages ready. PM now!

𝐂𝐎𝐌𝐒𝐇𝐎𝐏 𝐏𝐑𝐈𝐂𝐄𝐋𝐈𝐒𝐓 >>>
https://pcmerchandise.live/2023-BERMONTHS-LIST-COMSHOP",,0,"08/25/2023 22:01",,https://www.facebook.com/pcmerchandise.co/posts/pfbid0dWFlvLIMR8pXvSNWDcwis8c6MaedfP3QgWibhRkwT5SOuZUP6RFtrxZB,0,0,Photos,,,,,08/28/2023,,,0,0,0,0,0,0,,,,,
1031202546290146,100064197037125,"PC Merchandise","Negosyo starts today! Complete computer shop packages ready. PM now!

𝐂𝐎𝐌𝐒𝐇𝐎𝐏 𝐏𝐑𝐈𝐂𝐄𝐋𝐈𝐒𝐓 >>>
https://pcmerchandise.live/2023-BERMONTHS-LIST-COMSHOP",,0,"08/25/2023 22:01",,https://www.facebook.com/pcmerchandise.co/posts/pfbid0dWFlvLIMR8pXvSNWDcwis8c6MaedfP3QgWibhRkwT5SOuZUP6RFtrxZB,0,0,Photos,,,,,08/29/2023,,,0,0,0,0,0,0,,,,,
1031202546290146,100064197037125,"PC Merchandise","Negosyo starts today! Complete computer shop packages ready. PM now!

𝐂𝐎𝐌𝐒𝐇𝐎𝐏 𝐏𝐑𝐈𝐂𝐄𝐋𝐈𝐒𝐓 >>>
https://pcmerchandise.live/2023-BERMONTHS-LIST-COMSHOP",,0,"08/25/2023 22:01",,https://www.facebook.com/pcmerchandise.co/posts/pfbid0dWFlvLIMR8pXvSNWDcwis8c6MaedfP3QgWibhRkwT5SOuZUP6RFtrxZB,0,0,Photos,,,,,08/30/2023,,,0,0,0,0,0,0,,,,,
1031202546290146,100064197037125,"PC Merchandise","Negosyo starts today! Complete computer shop packages ready. PM now!

𝐂𝐎𝐌𝐒𝐇𝐎𝐏 𝐏𝐑𝐈𝐂𝐄𝐋𝐈𝐒𝐓 >>>
https://pcmerchandise.live/2023-BERMONTHS-LIST-COMSHOP",,0,"08/25/2023 22:01",,https://www.facebook.com/pcmerchandise.co/posts/pfbid0dWFlvLIMR8pXvSNWDcwis8c6MaedfP3QgWibhRkwT5SOuZUP6RFtrxZB,0,0,Photos,,,,,08/31/2023,,,0,0,0,0,0,0,,,,,
1030748311821974,100064197037125,"PC Merchandise","Free deliver within Lipa! i5 12400F packages all-in na.",,0,"08/25/2023 21:35",,https://www.facebook.com/pcmerchandise.co/posts/pfbid0vqEcbvwzPoa9qU6tyxBPohrmo15nRyJdnK4AdAk7TyQawSjbnzISo63p,0,0,Photos,,,,,08/31/2023,0,,,,,,,,,,,,
1030748311821974,100064197037125,"PC Merchandise","Free deliver within Lipa! i5 12400F packages all-in na.",,0,"08/25/2023 21:35",,https://www.facebook.com/pcmerchandise.co/posts/pfbid0vqEcbvwzPoa9qU6tyxBPohrmo15nRyJdnK4AdAk7TyQawSjbnzISo63p,0,0,Photos,,,,,08/01/2023,,,0,0,0,0,0,0,,,,,
1030748311821974,100064197037125,"PC Merchandise","Free deliver within Lipa! i5 12400F packages all-in na.",,0,"08/25/2023 21:35",,https://www.facebook.com/pcmerchandise.co/posts/pfbid0vqEcbvwzPoa9qU6tyxBPohrmo15nRyJdnK4AdAk7TyQawSjbnzISo63p,0,0,Photos,,,,,08/02/2023,,,0,0,0,0,0,0,,,,,
1030748311821974,100064197037125,"PC Merchandise","Free deliver within Lipa! i5 12400F packages all-in na.",,0,"08/25/2023 21:35",,https://www.facebook.com/pcmerchandise.co/posts/pfbid0vqEcbvwzPoa9qU6tyxBPohrmo15nRyJdnK4AdAk7TyQawSjbnzISo63p,0,0,Photos,,,,,08/03/2023,,,0,0,0,0,0,0,,,,,
1030748311821974,100064197037125,"PC Merchandise","Free deliver within Lipa! i5 12400F packages all-in na.",,0,"08/25/2023 21:35",,https://www.facebook.com/pcmerchandise.co/posts/pfbid0vqEcbvwzPoa9qU6tyxBPohrmo15nRyJdnK4AdAk7TyQawSjbnzISo63p,0,0,Photos,,,,,08/04/2023,,,0,0,0,0,0,0,,,,,
1030748311821974,100064197037125,"PC Merchandise","Free deliver within Lipa! i5 12400F packages all-in na.",,0,"08/25/2023 21:35",,https://www.facebook.com/pcmerchandise.co/posts/pfbid0vqEcbvwzPoa9qU6tyxBPohrmo15nRyJdnK4AdAk7TyQawSjbnzISo63p,0,0,Photos,,,,,08/05/2023,,,0,0,0,0,0,0,,,,,
1030748311821974,100064197037125,"PC Merchandise","Free deliver within Lipa! i5 12400F packages all-in na.",,0,"08/25/2023 21:35",,https://www.facebook.com/pcmerchandise.co/posts/pfbid0vqEcbvwzPoa9qU6tyxBPohrmo15nRyJdnK4AdAk7TyQawSjbnzISo63p,0,0,Photos,,,,,08/06/2023,,,0,0,0,0,0,0,,,,,
1030748311821974,100064197037125,"PC Merchandise","Free deliver within Lipa! i5 12400F packages all-in na.",,0,"08/25/2023 21:35",,https://www.facebook.com/pcmerchandise.co/posts/pfbid0vqEcbvwzPoa9qU6tyxBPohrmo15nRyJdnK4AdAk7TyQawSjbnzISo63p,0,0,Photos,,,,,08/07/2023,,,0,0,0,0,0,0,,,,,
1030748311821974,100064197037125,"PC Merchandise","Free deliver within Lipa! i5 12400F packages all-in na.",,0,"08/25/2023 21:35",,https://www.facebook.com/pcmerchandise.co/posts/pfbid0vqEcbvwzPoa9qU6tyxBPohrmo15nRyJdnK4AdAk7TyQawSjbnzISo63p,0,0,Photos,,,,,08/08/2023,,,0,0,0,0,0,0,,,,,
1030748311821974,100064197037125,"PC Merchandise","Free deliver within Lipa! i5 12400F packages all-in na.",,0,"08/25/2023 21:35",,https://www.facebook.com/pcmerchandise.co/posts/pfbid0vqEcbvwzPoa9qU6tyxBPohrmo15nRyJdnK4AdAk7TyQawSjbnzISo63p,0,0,Photos,,,,,08/09/2023,,,0,0,0,0,0,0,,,,,
1030748311821974,100064197037125,"PC Merchandise","Free deliver within Lipa! i5 12400F packages all-in na.",,0,"08/25/2023 21:35",,https://www.facebook.com/pcmerchandise.co/posts/pfbid0vqEcbvwzPoa9qU6tyxBPohrmo15nRyJdnK4AdAk7TyQawSjbnzISo63p,0,0,Photos,,,,,08/10/2023,,,0,0,0,0,0,0,,,,,
1030748311821974,100064197037125,"PC Merchandise","Free deliver within Lipa! i5 12400F packages all-in na.",,0,"08/25/2023 21:35",,https://www.facebook.com/pcmerchandise.co/posts/pfbid0vqEcbvwzPoa9qU6tyxBPohrmo15nRyJdnK4AdAk7TyQawSjbnzISo63p,0,0,Photos,,,,,08/11/2023,,,0,0,0,0,0,0,,,,,
1030748311821974,100064197037125,"PC Merchandise","Free deliver within Lipa! i5 12400F packages all-in na.",,0,"08/25/2023 21:35",,https://www.facebook.com/pcmerchandise.co/posts/pfbid0vqEcbvwzPoa9qU6tyxBPohrmo15nRyJdnK4AdAk7TyQawSjbnzISo63p,0,0,Photos,,,,,08/12/2023,,,0,0,0,0,0,0,,,,,
1030748311821974,100064197037125,"PC Merchandise","Free deliver within Lipa! i5 12400F packages all-in na.",,0,"08/25/2023 21:35",,https://www.facebook.com/pcmerchandise.co/posts/pfbid0vqEcbvwzPoa9qU6tyxBPohrmo15nRyJdnK4AdAk7TyQawSjbnzISo63p,0,0,Photos,,,,,08/13/2023,,,0,0,0,0,0,0,,,,,
1030748311821974,100064197037125,"PC Merchandise","Free deliver within Lipa! i5 12400F packages all-in na.",,0,"08/25/2023 21:35",,https://www.facebook.com/pcmerchandise.co/posts/pfbid0vqEcbvwzPoa9qU6tyxBPohrmo15nRyJdnK4AdAk7TyQawSjbnzISo63p,0,0,Photos,,,,,08/14/2023,,,0,0,0,0,0,0,,,,,
1030748311821974,100064197037125,"PC Merchandise","Free deliver within Lipa! i5 12400F packages all-in na.",,0,"08/25/2023 21:35",,https://www.facebook.com/pcmerchandise.co/posts/pfbid0vqEcbvwzPoa9qU6tyxBPohrmo15nRyJdnK4AdAk7TyQawSjbnzISo63p,0,0,Photos,,,,,08/15/2023,,,0,0,0,0,0,0,,,,,
1030748311821974,100064197037125,"PC Merchandise","Free deliver within Lipa! i5 12400F packages all-in na.",,0,"08/25/2023 21:35",,https://www.facebook.com/pcmerchandise.co/posts/pfbid0vqEcbvwzPoa9qU6tyxBPohrmo15nRyJdnK4AdAk7TyQawSjbnzISo63p,0,0,Photos,,,,,08/16/2023,,,0,0,0,0,0,0,,,,,
1030748311821974,100064197037125,"PC Merchandise","Free deliver within Lipa! i5 12400F packages all-in na.",,0,"08/25/2023 21:35",,https://www.facebook.com/pcmerchandise.co/posts/pfbid0vqEcbvwzPoa9qU6tyxBPohrmo15nRyJdnK4AdAk7TyQawSjbnzISo63p,0,0,Photos,,,,,08/17/2023,,,0,0,0,0,0,0,,,,,
1030748311821974,100064197037125,"PC Merchandise","Free deliver within Lipa! i5 12400F packages all-in na.",,0,"08/25/2023 21:35",,https://www.facebook.com/pcmerchandise.co/posts/pfbid0vqEcbvwzPoa9qU6tyxBPohrmo15nRyJdnK4AdAk7TyQawSjbnzISo63p,0,0,Photos,,,,,08/18/2023,,,0,0,0,0,0,0,,,,,
1030748311821974,100064197037125,"PC Merchandise","Free deliver within Lipa! i5 12400F packages all-in na.",,0,"08/25/2023 21:35",,https://www.facebook.com/pcmerchandise.co/posts/pfbid0vqEcbvwzPoa9qU6tyxBPohrmo15nRyJdnK4AdAk7TyQawSjbnzISo63p,0,0,Photos,,,,,08/19/2023,,,0,0,0,0,0,0,,,,,
1030748311821974,100064197037125,"PC Merchandise","Free deliver within Lipa! i5 12400F packages all-in na.",,0,"08/25/2023 21:35",,https://www.facebook.com/pcmerchandise.co/posts/pfbid0vqEcbvwzPoa9qU6tyxBPohrmo15nRyJdnK4AdAk7TyQawSjbnzISo63p,0,0,Photos,,,,,08/20/2023,,,0,0,0,0,0,0,,,,,
1030748311821974,100064197037125,"PC Merchandise","Free deliver within Lipa! i5 12400F packages all-in na.",,0,"08/25/2023 21:35",,https://www.facebook.com/pcmerchandise.co/posts/pfbid0vqEcbvwzPoa9qU6tyxBPohrmo15nRyJdnK4AdAk7TyQawSjbnzISo63p,0,0,Photos,,,,,08/21/2023,,,0,0,0,0,0,0,,,,,
1030748311821974,100064197037125,"PC Merchandise","Free deliver within Lipa! i5 12400F packages all-in na.",,0,"08/25/2023 21:35",,https://www.facebook.com/pcmerchandise.co/posts/pfbid0vqEcbvwzPoa9qU6tyxBPohrmo15nRyJdnK4AdAk7TyQawSjbnzISo63p,0,0,Photos,,,,,08/22/2023,,,0,0,0,0,0,0,,,,,
1030748311821974,100064197037125,"PC Merchandise","Free deliver within Lipa! i5 12400F packages all-in na.",,0,"08/25/2023 21:35",,https://www.facebook.com/pcmerchandise.co/posts/pfbid0vqEcbvwzPoa9qU6tyxBPohrmo15nRyJdnK4AdAk7TyQawSjbnzISo63p,0,0,Photos,,,,,08/23/2023,,,0,0,0,0,0,0,,,,,
1030748311821974,100064197037125,"PC Merchandise","Free deliver within Lipa! i5 12400F packages all-in na.",,0,"08/25/2023 21:35",,https://www.facebook.com/pcmerchandise.co/posts/pfbid0vqEcbvwzPoa9qU6tyxBPohrmo15nRyJdnK4AdAk7TyQawSjbnzISo63p,0,0,Photos,,,,,08/24/2023,,,0,0,0,0,0,0,,,,,
1030748311821974,100064197037125,"PC Merchandise","Free deliver within Lipa! i5 12400F packages all-in na.",,0,"08/25/2023 21:35",,https://www.facebook.com/pcmerchandise.co/posts/pfbid0vqEcbvwzPoa9qU6tyxBPohrmo15nRyJdnK4AdAk7TyQawSjbnzISo63p,0,0,Photos,,,,,08/25/2023,,,0,0,0,0,0,0,,,,,
1030748311821974,100064197037125,"PC Merchandise","Free deliver within Lipa! i5 12400F packages all-in na.",,0,"08/25/2023 21:35",,https://www.facebook.com/pcmerchandise.co/posts/pfbid0vqEcbvwzPoa9qU6tyxBPohrmo15nRyJdnK4AdAk7TyQawSjbnzISo63p,0,0,Photos,,,,,08/26/2023,,,0,0,0,0,0,0,,,,,
1030748311821974,100064197037125,"PC Merchandise","Free deliver within Lipa! i5 12400F packages all-in na.",,0,"08/25/2023 21:35",,https://www.facebook.com/pcmerchandise.co/posts/pfbid0vqEcbvwzPoa9qU6tyxBPohrmo15nRyJdnK4AdAk7TyQawSjbnzISo63p,0,0,Photos,,,,,08/27/2023,,,0,0,0,0,0,0,,,,,
1030748311821974,100064197037125,"PC Merchandise","Free deliver within Lipa! i5 12400F packages all-in na.",,0,"08/25/2023 21:35",,https://www.facebook.com/pcmerchandise.co/posts/pfbid0vqEcbvwzPoa9qU6tyxBPohrmo15nRyJdnK4AdAk7TyQawSjbnzISo63p,0,0,Photos,,,,,08/28/2023,,,0,0,0,0,0,0,,,,,
1030748311821974,100064197037125,"PC Merchandise","Free deliver within Lipa! i5 12400F packages all-in na.",,0,"08/25/2023 21:35",,https://www.facebook.com/pcmerchandise.co/posts/pfbid0vqEcbvwzPoa9qU6tyxBPohrmo15nRyJdnK4AdAk7TyQawSjbnzISo63p,0,0,Photos,,,,,08/29/2023,,,0,0,0,0,0,0,,,,,
1030748311821974,100064197037125,"PC Merchandise","Free deliver within Lipa! i5 12400F packages all-in na.",,0,"08/25/2023 21:35",,https://www.facebook.com/pcmerchandise.co/posts/pfbid0vqEcbvwzPoa9qU6tyxBPohrmo15nRyJdnK4AdAk7TyQawSjbnzISo63p,0,0,Photos,,,,,08/30/2023,,,0,0,0,0,0,0,,,,,
1030748311821974,100064197037125,"PC Merchandise","Free deliver within Lipa! i5 12400F packages all-in na.",,0,"08/25/2023 21:35",,https://www.facebook.com/pcmerchandise.co/posts/pfbid0vqEcbvwzPoa9qU6tyxBPohrmo15nRyJdnK4AdAk7TyQawSjbnzISo63p,0,0,Photos,,,,,08/31/2023,,,0,0,0,0,0,0,,,,,
1031071800050284,100064197037125,"PC Merchandise","One more rig complete. One more client satisfied. Built with RYZEN 5 5600G + RX 580. PM us for yours!",,0,"08/25/2023 20:30",,https://www.facebook.com/pcmerchandise.co/posts/pfbid0SuuPW5RulO5h6ZygxJZ2STDsiZlrUAkGLxNg6n7f0EKWUG2Zt61YTtNO,0,0,Photos,,,,,08/31/2023,3,,,,,,,,,,,,
1031071800050284,100064197037125,"PC Merchandise","One more rig complete. One more client satisfied. Built with RYZEN 5 5600G + RX 580. PM us for yours!",,0,"08/25/2023 20:30",,https://www.facebook.com/pcmerchandise.co/posts/pfbid0SuuPW5RulO5h6ZygxJZ2STDsiZlrUAkGLxNg6n7f0EKWUG2Zt61YTtNO,0,0,Photos,,,,,08/01/2023,,,0,0,0,0,0,0,,,,,
1031071800050284,100064197037125,"PC Merchandise","One more rig complete. One more client satisfied. Built with RYZEN 5 5600G + RX 580. PM us for yours!",,0,"08/25/2023 20:30",,https://www.facebook.com/pcmerchandise.co/posts/pfbid0SuuPW5RulO5h6ZygxJZ2STDsiZlrUAkGLxNg6n7f0EKWUG2Zt61YTtNO,0,0,Photos,,,,,08/02/2023,,,0,0,0,0,0,0,,,,,
1031071800050284,100064197037125,"PC Merchandise","One more rig complete. One more client satisfied. Built with RYZEN 5 5600G + RX 580. PM us for yours!",,0,"08/25/2023 20:30",,https://www.facebook.com/pcmerchandise.co/posts/pfbid0SuuPW5RulO5h6ZygxJZ2STDsiZlrUAkGLxNg6n7f0EKWUG2Zt61YTtNO,0,0,Photos,,,,,08/03/2023,,,0,0,0,0,0,0,,,,,
1031071800050284,100064197037125,"PC Merchandise","One more rig complete. One more client satisfied. Built with RYZEN 5 5600G + RX 580. PM us for yours!",,0,"08/25/2023 20:30",,https://www.facebook.com/pcmerchandise.co/posts/pfbid0SuuPW5RulO5h6ZygxJZ2STDsiZlrUAkGLxNg6n7f0EKWUG2Zt61YTtNO,0,0,Photos,,,,,08/04/2023,,,0,0,0,0,0,0,,,,,
1031071800050284,100064197037125,"PC Merchandise","One more rig complete. One more client satisfied. Built with RYZEN 5 5600G + RX 580. PM us for yours!",,0,"08/25/2023 20:30",,https://www.facebook.com/pcmerchandise.co/posts/pfbid0SuuPW5RulO5h6ZygxJZ2STDsiZlrUAkGLxNg6n7f0EKWUG2Zt61YTtNO,0,0,Photos,,,,,08/05/2023,,,0,0,0,0,0,0,,,,,
1031071800050284,100064197037125,"PC Merchandise","One more rig complete. One more client satisfied. Built with RYZEN 5 5600G + RX 580. PM us for yours!",,0,"08/25/2023 20:30",,https://www.facebook.com/pcmerchandise.co/posts/pfbid0SuuPW5RulO5h6ZygxJZ2STDsiZlrUAkGLxNg6n7f0EKWUG2Zt61YTtNO,0,0,Photos,,,,,08/06/2023,,,0,0,0,0,0,0,,,,,
1031071800050284,100064197037125,"PC Merchandise","One more rig complete. One more client satisfied. Built with RYZEN 5 5600G + RX 580. PM us for yours!",,0,"08/25/2023 20:30",,https://www.facebook.com/pcmerchandise.co/posts/pfbid0SuuPW5RulO5h6ZygxJZ2STDsiZlrUAkGLxNg6n7f0EKWUG2Zt61YTtNO,0,0,Photos,,,,,08/07/2023,,,0,0,0,0,0,0,,,,,
1031071800050284,100064197037125,"PC Merchandise","One more rig complete. One more client satisfied. Built with RYZEN 5 5600G + RX 580. PM us for yours!",,0,"08/25/2023 20:30",,https://www.facebook.com/pcmerchandise.co/posts/pfbid0SuuPW5RulO5h6ZygxJZ2STDsiZlrUAkGLxNg6n7f0EKWUG2Zt61YTtNO,0,0,Photos,,,,,08/08/2023,,,0,0,0,0,0,0,,,,,
1031071800050284,100064197037125,"PC Merchandise","One more rig complete. One more client satisfied. Built with RYZEN 5 5600G + RX 580. PM us for yours!",,0,"08/25/2023 20:30",,https://www.facebook.com/pcmerchandise.co/posts/pfbid0SuuPW5RulO5h6ZygxJZ2STDsiZlrUAkGLxNg6n7f0EKWUG2Zt61YTtNO,0,0,Photos,,,,,08/09/2023,,,0,0,0,0,0,0,,,,,
1031071800050284,100064197037125,"PC Merchandise","One more rig complete. One more client satisfied. Built with RYZEN 5 5600G + RX 580. PM us for yours!",,0,"08/25/2023 20:30",,https://www.facebook.com/pcmerchandise.co/posts/pfbid0SuuPW5RulO5h6ZygxJZ2STDsiZlrUAkGLxNg6n7f0EKWUG2Zt61YTtNO,0,0,Photos,,,,,08/10/2023,,,0,0,0,0,0,0,,,,,
1031071800050284,100064197037125,"PC Merchandise","One more rig complete. One more client satisfied. Built with RYZEN 5 5600G + RX 580. PM us for yours!",,0,"08/25/2023 20:30",,https://www.facebook.com/pcmerchandise.co/posts/pfbid0SuuPW5RulO5h6ZygxJZ2STDsiZlrUAkGLxNg6n7f0EKWUG2Zt61YTtNO,0,0,Photos,,,,,08/11/2023,,,0,0,0,0,0,0,,,,,
1031071800050284,100064197037125,"PC Merchandise","One more rig complete. One more client satisfied. Built with RYZEN 5 5600G + RX 580. PM us for yours!",,0,"08/25/2023 20:30",,https://www.facebook.com/pcmerchandise.co/posts/pfbid0SuuPW5RulO5h6ZygxJZ2STDsiZlrUAkGLxNg6n7f0EKWUG2Zt61YTtNO,0,0,Photos,,,,,08/12/2023,,,0,0,0,0,0,0,,,,,
1031071800050284,100064197037125,"PC Merchandise","One more rig complete. One more client satisfied. Built with RYZEN 5 5600G + RX 580. PM us for yours!",,0,"08/25/2023 20:30",,https://www.facebook.com/pcmerchandise.co/posts/pfbid0SuuPW5RulO5h6ZygxJZ2STDsiZlrUAkGLxNg6n7f0EKWUG2Zt61YTtNO,0,0,Photos,,,,,08/13/2023,,,0,0,0,0,0,0,,,,,
1031071800050284,100064197037125,"PC Merchandise","One more rig complete. One more client satisfied. Built with RYZEN 5 5600G + RX 580. PM us for yours!",,0,"08/25/2023 20:30",,https://www.facebook.com/pcmerchandise.co/posts/pfbid0SuuPW5RulO5h6ZygxJZ2STDsiZlrUAkGLxNg6n7f0EKWUG2Zt61YTtNO,0,0,Photos,,,,,08/14/2023,,,0,0,0,0,0,0,,,,,
1031071800050284,100064197037125,"PC Merchandise","One more rig complete. One more client satisfied. Built with RYZEN 5 5600G + RX 580. PM us for yours!",,0,"08/25/2023 20:30",,https://www.facebook.com/pcmerchandise.co/posts/pfbid0SuuPW5RulO5h6ZygxJZ2STDsiZlrUAkGLxNg6n7f0EKWUG2Zt61YTtNO,0,0,Photos,,,,,08/15/2023,,,0,0,0,0,0,0,,,,,
1031071800050284,100064197037125,"PC Merchandise","One more rig complete. One more client satisfied. Built with RYZEN 5 5600G + RX 580. PM us for yours!",,0,"08/25/2023 20:30",,https://www.facebook.com/pcmerchandise.co/posts/pfbid0SuuPW5RulO5h6ZygxJZ2STDsiZlrUAkGLxNg6n7f0EKWUG2Zt61YTtNO,0,0,Photos,,,,,08/16/2023,,,0,0,0,0,0,0,,,,,
1031071800050284,100064197037125,"PC Merchandise","One more rig complete. One more client satisfied. Built with RYZEN 5 5600G + RX 580. PM us for yours!",,0,"08/25/2023 20:30",,https://www.facebook.com/pcmerchandise.co/posts/pfbid0SuuPW5RulO5h6ZygxJZ2STDsiZlrUAkGLxNg6n7f0EKWUG2Zt61YTtNO,0,0,Photos,,,,,08/17/2023,,,0,0,0,0,0,0,,,,,
1031071800050284,100064197037125,"PC Merchandise","One more rig complete. One more client satisfied. Built with RYZEN 5 5600G + RX 580. PM us for yours!",,0,"08/25/2023 20:30",,https://www.facebook.com/pcmerchandise.co/posts/pfbid0SuuPW5RulO5h6ZygxJZ2STDsiZlrUAkGLxNg6n7f0EKWUG2Zt61YTtNO,0,0,Photos,,,,,08/18/2023,,,0,0,0,0,0,0,,,,,
1031071800050284,100064197037125,"PC Merchandise","One more rig complete. One more client satisfied. Built with RYZEN 5 5600G + RX 580. PM us for yours!",,0,"08/25/2023 20:30",,https://www.facebook.com/pcmerchandise.co/posts/pfbid0SuuPW5RulO5h6ZygxJZ2STDsiZlrUAkGLxNg6n7f0EKWUG2Zt61YTtNO,0,0,Photos,,,,,08/19/2023,,,0,0,0,0,0,0,,,,,
1031071800050284,100064197037125,"PC Merchandise","One more rig complete. One more client satisfied. Built with RYZEN 5 5600G + RX 580. PM us for yours!",,0,"08/25/2023 20:30",,https://www.facebook.com/pcmerchandise.co/posts/pfbid0SuuPW5RulO5h6ZygxJZ2STDsiZlrUAkGLxNg6n7f0EKWUG2Zt61YTtNO,0,0,Photos,,,,,08/20/2023,,,0,0,0,0,0,0,,,,,
1031071800050284,100064197037125,"PC Merchandise","One more rig complete. One more client satisfied. Built with RYZEN 5 5600G + RX 580. PM us for yours!",,0,"08/25/2023 20:30",,https://www.facebook.com/pcmerchandise.co/posts/pfbid0SuuPW5RulO5h6ZygxJZ2STDsiZlrUAkGLxNg6n7f0EKWUG2Zt61YTtNO,0,0,Photos,,,,,08/21/2023,,,0,0,0,0,0,0,,,,,
1031071800050284,100064197037125,"PC Merchandise","One more rig complete. One more client satisfied. Built with RYZEN 5 5600G + RX 580. PM us for yours!",,0,"08/25/2023 20:30",,https://www.facebook.com/pcmerchandise.co/posts/pfbid0SuuPW5RulO5h6ZygxJZ2STDsiZlrUAkGLxNg6n7f0EKWUG2Zt61YTtNO,0,0,Photos,,,,,08/22/2023,,,0,0,0,0,0,0,,,,,
1031071800050284,100064197037125,"PC Merchandise","One more rig complete. One more client satisfied. Built with RYZEN 5 5600G + RX 580. PM us for yours!",,0,"08/25/2023 20:30",,https://www.facebook.com/pcmerchandise.co/posts/pfbid0SuuPW5RulO5h6ZygxJZ2STDsiZlrUAkGLxNg6n7f0EKWUG2Zt61YTtNO,0,0,Photos,,,,,08/23/2023,,,0,0,0,0,0,0,,,,,
1031071800050284,100064197037125,"PC Merchandise","One more rig complete. One more client satisfied. Built with RYZEN 5 5600G + RX 580. PM us for yours!",,0,"08/25/2023 20:30",,https://www.facebook.com/pcmerchandise.co/posts/pfbid0SuuPW5RulO5h6ZygxJZ2STDsiZlrUAkGLxNg6n7f0EKWUG2Zt61YTtNO,0,0,Photos,,,,,08/24/2023,,,0,0,0,0,0,0,,,,,
1031071800050284,100064197037125,"PC Merchandise","One more rig complete. One more client satisfied. Built with RYZEN 5 5600G + RX 580. PM us for yours!",,0,"08/25/2023 20:30",,https://www.facebook.com/pcmerchandise.co/posts/pfbid0SuuPW5RulO5h6ZygxJZ2STDsiZlrUAkGLxNg6n7f0EKWUG2Zt61YTtNO,0,0,Photos,,,,,08/25/2023,,,0,0,0,0,0,0,,,,,
1031071800050284,100064197037125,"PC Merchandise","One more rig complete. One more client satisfied. Built with RYZEN 5 5600G + RX 580. PM us for yours!",,0,"08/25/2023 20:30",,https://www.facebook.com/pcmerchandise.co/posts/pfbid0SuuPW5RulO5h6ZygxJZ2STDsiZlrUAkGLxNg6n7f0EKWUG2Zt61YTtNO,0,0,Photos,,,,,08/26/2023,,,0,0,0,0,0,0,,,,,
1031071800050284,100064197037125,"PC Merchandise","One more rig complete. One more client satisfied. Built with RYZEN 5 5600G + RX 580. PM us for yours!",,0,"08/25/2023 20:30",,https://www.facebook.com/pcmerchandise.co/posts/pfbid0SuuPW5RulO5h6ZygxJZ2STDsiZlrUAkGLxNg6n7f0EKWUG2Zt61YTtNO,0,0,Photos,,,,,08/27/2023,,,0,0,0,0,0,0,,,,,
1031071800050284,100064197037125,"PC Merchandise","One more rig complete. One more client satisfied. Built with RYZEN 5 5600G + RX 580. PM us for yours!",,0,"08/25/2023 20:30",,https://www.facebook.com/pcmerchandise.co/posts/pfbid0SuuPW5RulO5h6ZygxJZ2STDsiZlrUAkGLxNg6n7f0EKWUG2Zt61YTtNO,0,0,Photos,,,,,08/28/2023,,,0,0,0,0,0,0,,,,,
1031071800050284,100064197037125,"PC Merchandise","One more rig complete. One more client satisfied. Built with RYZEN 5 5600G + RX 580. PM us for yours!",,0,"08/25/2023 20:30",,https://www.facebook.com/pcmerchandise.co/posts/pfbid0SuuPW5RulO5h6ZygxJZ2STDsiZlrUAkGLxNg6n7f0EKWUG2Zt61YTtNO,0,0,Photos,,,,,08/29/2023,,,0,0,0,0,0,0,,,,,
1031071800050284,100064197037125,"PC Merchandise","One more rig complete. One more client satisfied. Built with RYZEN 5 5600G + RX 580. PM us for yours!",,0,"08/25/2023 20:30",,https://www.facebook.com/pcmerchandise.co/posts/pfbid0SuuPW5RulO5h6ZygxJZ2STDsiZlrUAkGLxNg6n7f0EKWUG2Zt61YTtNO,0,0,Photos,,,,,08/30/2023,,,0,0,0,0,0,0,,,,,
1031071800050284,100064197037125,"PC Merchandise","One more rig complete. One more client satisfied. Built with RYZEN 5 5600G + RX 580. PM us for yours!",,0,"08/25/2023 20:30",,https://www.facebook.com/pcmerchandise.co/posts/pfbid0SuuPW5RulO5h6ZygxJZ2STDsiZlrUAkGLxNg6n7f0EKWUG2Zt61YTtNO,0,0,Photos,,,,,08/31/2023,,,0,0,0,0,0,0,,,,,
1030650623824057,100064197037125,"PC Merchandise","Free deliver within Sta Maria! i5 12400F packages all-in na.",,49,"08/25/2023 19:00",mixed,https://www.facebook.com/reel/1868146806359829/,0,0,Reels,,,,,08/01/2023,0,,,,,,0,0,0,0,0,0.000,1.641
1030650623824057,100064197037125,"PC Merchandise","Free deliver within Sta Maria! i5 12400F packages all-in na.",,49,"08/25/2023 19:00",mixed,https://www.facebook.com/reel/1868146806359829/,0,0,Reels,,,,,08/02/2023,0,,,,,,0,0,0,0,0,0.000,2.696
1030650623824057,100064197037125,"PC Merchandise","Free deliver within Sta Maria! i5 12400F packages all-in na.",,49,"08/25/2023 19:00",mixed,https://www.facebook.com/reel/1868146806359829/,0,0,Reels,,,,,08/03/2023,0,,,,,,0,0,0,0,0,0.000,2.315
1030650623824057,100064197037125,"PC Merchandise","Free deliver within Sta Maria! i5 12400F packages all-in na.",,49,"08/25/2023 19:00",mixed,https://www.facebook.com/reel/1868146806359829/,0,0,Reels,,,,,08/04/2023,0,,,,,,0,0,0,0,0,0.000,3.671
1030650623824057,100064197037125,"PC Merchandise","Free deliver within Sta Maria! i5 12400F packages all-in na.",,49,"08/25/2023 19:00",mixed,https://www.facebook.com/reel/1868146806359829/,0,0,Reels,,,,,08/05/2023,0,,,,,,0,0,0,0,0,0.000,2.388
1030650623824057,100064197037125,"PC Merchandise","Free deliver within Sta Maria! i5 12400F packages all-in na.",,49,"08/25/2023 19:00",mixed,https://www.facebook.com/reel/1868146806359829/,0,0,Reels,,,,,08/06/2023,0,,,,,,0,0,0,0,0,0.000,2.900
1030650623824057,100064197037125,"PC Merchandise","Free deliver within Sta Maria! i5 12400F packages all-in na.",,49,"08/25/2023 19:00",mixed,https://www.facebook.com/reel/1868146806359829/,0,0,Reels,,,,,08/07/2023,0,,,,,,0,0,0,0,0,0.000,4.250
1030650623824057,100064197037125,"PC Merchandise","Free deliver within Sta Maria! i5 12400F packages all-in na.",,49,"08/25/2023 19:00",mixed,https://www.facebook.com/reel/1868146806359829/,0,0,Reels,,,,,08/08/2023,0,,,,,,0,0,0,0,0,0.000,2.583
1030650623824057,100064197037125,"PC Merchandise","Free deliver within Sta Maria! i5 12400F packages all-in na.",,49,"08/25/2023 19:00",mixed,https://www.facebook.com/reel/1868146806359829/,0,0,Reels,,,,,08/09/2023,0,,,,,,0,0,0,0,0,0.000,3.263
1030650623824057,100064197037125,"PC Merchandise","Free deliver within Sta Maria! i5 12400F packages all-in na.",,49,"08/25/2023 19:00",mixed,https://www.facebook.com/reel/1868146806359829/,0,0,Reels,,,,,08/10/2023,0,,,,,,0,0,0,0,0,0.000,2.710
1030650623824057,100064197037125,"PC Merchandise","Free deliver within Sta Maria! i5 12400F packages all-in na.",,49,"08/25/2023 19:00",mixed,https://www.facebook.com/reel/1868146806359829/,0,0,Reels,,,,,08/11/2023,0,,,,,,0,0,0,0,0,0.000,2.950
1030650623824057,100064197037125,"PC Merchandise","Free deliver within Sta Maria! i5 12400F packages all-in na.",,49,"08/25/2023 19:00",mixed,https://www.facebook.com/reel/1868146806359829/,0,0,Reels,,,,,08/12/2023,0,,,,,,0,0,0,0,0,0.000,2.178
1030650623824057,100064197037125,"PC Merchandise","Free deliver within Sta Maria! i5 12400F packages all-in na.",,49,"08/25/2023 19:00",mixed,https://www.facebook.com/reel/1868146806359829/,0,0,Reels,,,,,08/13/2023,0,,,,,,0,0,0,0,0,0.000,1.808
1030650623824057,100064197037125,"PC Merchandise","Free deliver within Sta Maria! i5 12400F packages all-in na.",,49,"08/25/2023 19:00",mixed,https://www.facebook.com/reel/1868146806359829/,0,0,Reels,,,,,08/14/2023,0,,,,,,0,0,0,0,0,0.000,4.091
1030650623824057,100064197037125,"PC Merchandise","Free deliver within Sta Maria! i5 12400F packages all-in na.",,49,"08/25/2023 19:00",mixed,https://www.facebook.com/reel/1868146806359829/,0,0,Reels,,,,,08/15/2023,0,,,,,,0,0,0,0,0,0.000,3.181
1030650623824057,100064197037125,"PC Merchandise","Free deliver within Sta Maria! i5 12400F packages all-in na.",,49,"08/25/2023 19:00",mixed,https://www.facebook.com/reel/1868146806359829/,0,0,Reels,,,,,08/16/2023,0,,,,,,0,0,0,0,0,0.000,2.451
1030650623824057,100064197037125,"PC Merchandise","Free deliver within Sta Maria! i5 12400F packages all-in na.",,49,"08/25/2023 19:00",mixed,https://www.facebook.com/reel/1868146806359829/,0,0,Reels,,,,,08/17/2023,0,,,,,,0,0,0,0,0,0.000,1.500
1030650623824057,100064197037125,"PC Merchandise","Free deliver within Sta Maria! i5 12400F packages all-in na.",,49,"08/25/2023 19:00",mixed,https://www.facebook.com/reel/1868146806359829/,0,0,Reels,,,,,08/18/2023,0,,,,,,0,0,0,0,0,0.000,3.529
1030650623824057,100064197037125,"PC Merchandise","Free deliver within Sta Maria! i5 12400F packages all-in na.",,49,"08/25/2023 19:00",mixed,https://www.facebook.com/reel/1868146806359829/,0,0,Reels,,,,,08/19/2023,0,,,,,,0,0,0,0,0,0.000,2.978
1030650623824057,100064197037125,"PC Merchandise","Free deliver within Sta Maria! i5 12400F packages all-in na.",,49,"08/25/2023 19:00",mixed,https://www.facebook.com/reel/1868146806359829/,0,0,Reels,,,,,08/20/2023,0,,,,,,0,0,0,0,0,0.000,3.246
1030650623824057,100064197037125,"PC Merchandise","Free deliver within Sta Maria! i5 12400F packages all-in na.",,49,"08/25/2023 19:00",mixed,https://www.facebook.com/reel/1868146806359829/,0,0,Reels,,,,,08/21/2023,0,,,,,,0,0,0,0,0,0.000,3.859
1030650623824057,100064197037125,"PC Merchandise","Free deliver within Sta Maria! i5 12400F packages all-in na.",,49,"08/25/2023 19:00",mixed,https://www.facebook.com/reel/1868146806359829/,0,0,Reels,,,,,08/22/2023,0,,,,,,0,0,0,0,0,0.000,2.944
1030650623824057,100064197037125,"PC Merchandise","Free deliver within Sta Maria! i5 12400F packages all-in na.",,49,"08/25/2023 19:00",mixed,https://www.facebook.com/reel/1868146806359829/,0,0,Reels,,,,,08/23/2023,0,,,,,,0,0,0,0,0,0.000,2.537
1030650623824057,100064197037125,"PC Merchandise","Free deliver within Sta Maria! i5 12400F packages all-in na.",,49,"08/25/2023 19:00",mixed,https://www.facebook.com/reel/1868146806359829/,0,0,Reels,,,,,08/24/2023,0,,,,,,0,0,0,0,0,0.000,3.917
1030650623824057,100064197037125,"PC Merchandise","Free deliver within Sta Maria! i5 12400F packages all-in na.",,49,"08/25/2023 19:00",mixed,https://www.facebook.com/reel/1868146806359829/,0,0,Reels,,,,,08/25/2023,0,,,,,,0,0,1,1,0,168.657,4.225
1030650623824057,100064197037125,"PC Merchandise","Free deliver within Sta Maria! i5 12400F packages all-in na.",,49,"08/25/2023 19:00",mixed,https://www.facebook.com/reel/1868146806359829/,0,0,Reels,,,,,08/26/2023,1,,,,,,0,0,3,2,0,100.237,3.326
1030650623824057,100064197037125,"PC Merchandise","Free deliver within Sta Maria! i5 12400F packages all-in na.",,49,"08/25/2023 19:00",mixed,https://www.facebook.com/reel/1868146806359829/,0,0,Reels,,,,,08/27/2023,0,,,,,,0,0,3,2,1,125.317,1.955
1030650623824057,100064197037125,"PC Merchandise","Free deliver within Sta Maria! i5 12400F packages all-in na.",,49,"08/25/2023 19:00",mixed,https://www.facebook.com/reel/1868146806359829/,0,0,Reels,,,,,08/28/2023,0,,,,,,0,0,1,0,1,76.407,2.781
1030650623824057,100064197037125,"PC Merchandise","Free deliver within Sta Maria! i5 12400F packages all-in na.",,49,"08/25/2023 19:00",mixed,https://www.facebook.com/reel/1868146806359829/,0,0,Reels,,,,,08/29/2023,0,,,,,,0,0,0,0,0,35.096,1.918
1030650623824057,100064197037125,"PC Merchandise","Free deliver within Sta Maria! i5 12400F packages all-in na.",,49,"08/25/2023 19:00",mixed,https://www.facebook.com/reel/1868146806359829/,0,0,Reels,,,,,08/30/2023,0,,,,,,0,0,0,0,0,25.213,2.720
1030650623824057,100064197037125,"PC Merchandise","Free deliver within Sta Maria! i5 12400F packages all-in na.",,49,"08/25/2023 19:00",mixed,https://www.facebook.com/reel/1868146806359829/,0,0,Reels,,,,,08/31/2023,0,,,,,,0,0,0,0,0,16.829,2.931
1030841625221278,100064197037125,"PC Merchandise","客户 satisfied ✅ i3 12100F build with RGB everything 🌈",,28,"08/25/2023 17:25",,https://www.facebook.com/reel/1687809721745920/,0,0,Reels,,,,,08/01/2023,0,,,,,,0,0,0,0,0,0.000,5.203
1030841625221278,100064197037125,"PC Merchandise","客户 satisfied ✅ i3 12100F build with RGB everything 🌈",,28,"08/25/2023 17:25",,https://www.facebook.com/reel/1687809721745920/,0,0,Reels,,,,,08/02/2023,0,,,,,,0,0,0,0,0,0.000,3.525
1030841625221278,100064197037125,"PC Merchandise","客户 satisfied ✅ i3 12100F build with RGB everything 🌈",,28,"08/25/2023 17:25",,https://www.facebook.com/reel/1687809721745920/,0,0,Reels,,,,,08/03/2023,0,,,,,,0,0,0,0,0,0.000,6.610
1030841625221278,100064197037125,"PC Merchandise","客户 satisfied ✅ i3 12100F build with RGB everything 🌈",,28,"08/25/2023 17:25",,https://www.facebook.com/reel/1687809721745920/,0,0,Reels,,,,,08/04/2023,0,,,,,,0,0,0,0,0,0.000,6.110
1030841625221278,100064197037125,"PC Merchandise","客户 satisfied ✅ i3 12100F build with RGB everything 🌈",,28,"08/25/2023 17:25",,https://www.facebook.com/reel/1687809721745920/,0,0,Reels,,,,,08/05/2023,0,,,,,,0,0,0,0,0,0.000,5.143
1030841625221278,100064197037125,"PC Merchandise","客户 satisfied ✅ i3 12100F build with RGB everything 🌈",,28,"08/25/2023 17:25",,https://www.facebook.com/reel/1687809721745920/,0,0,Reels,,,,,08/06/2023,0,,,,,,0,0,0,0,0,0.000,5.854
1030841625221278,100064197037125,"PC Merchandise","客户 satisfied ✅ i3 12100F build with RGB everything 🌈",,28,"08/25/2023 17:25",,https://www.facebook.com/reel/1687809721745920/,0,0,Reels,,,,,08/07/2023,0,,,,,,0,0,0,0,0,0.000,6.158
1030841625221278,100064197037125,"PC Merchandise","客户 satisfied ✅ i3 12100F build with RGB everything 🌈",,28,"08/25/2023 17:25",,https://www.facebook.com/reel/1687809721745920/,0,0,Reels,,,,,08/08/2023,0,,,,,,0,0,0,0,0,0.000,3.929
1030841625221278,100064197037125,"PC Merchandise","客户 satisfied ✅ i3 12100F build with RGB everything 🌈",,28,"08/25/2023 17:25",,https://www.facebook.com/reel/1687809721745920/,0,0,Reels,,,,,08/09/2023,0,,,,,,0,0,0,0,0,0.000,5.495
1030841625221278,100064197037125,"PC Merchandise","客户 satisfied ✅ i3 12100F build with RGB everything 🌈",,28,"08/25/2023 17:25",,https://www.facebook.com/reel/1687809721745920/,0,0,Reels,,,,,08/10/2023,0,,,,,,0,0,0,0,0,0.000,6.866
1030841625221278,100064197037125,"PC Merchandise","客户 satisfied ✅ i3 12100F build with RGB everything 🌈",,28,"08/25/2023 17:25",,https://www.facebook.com/reel/1687809721745920/,0,0,Reels,,,,,08/11/2023,0,,,,,,0,0,0,0,0,0.000,4.166
1030841625221278,100064197037125,"PC Merchandise","客户 satisfied ✅ i3 12100F build with RGB everything 🌈",,28,"08/25/2023 17:25",,https://www.facebook.com/reel/1687809721745920/,0,0,Reels,,,,,08/12/2023,0,,,,,,0,0,0,0,0,0.000,5.956
1030841625221278,100064197037125,"PC Merchandise","客户 satisfied ✅ i3 12100F build with RGB everything 🌈",,28,"08/25/2023 17:25",,https://www.facebook.com/reel/1687809721745920/,0,0,Reels,,,,,08/13/2023,0,,,,,,0,0,0,0,0,0.000,5.131
1030841625221278,100064197037125,"PC Merchandise","客户 satisfied ✅ i3 12100F build with RGB everything 🌈",,28,"08/25/2023 17:25",,https://www.facebook.com/reel/1687809721745920/,0,0,Reels,,,,,08/14/2023,0,,,,,,0,0,0,0,0,0.000,5.496
1030841625221278,100064197037125,"PC Merchandise","客户 satisfied ✅ i3 12100F build with RGB everything 🌈",,28,"08/25/2023 17:25",,https://www.facebook.com/reel/1687809721745920/,0,0,Reels,,,,,08/15/2023,0,,,,,,0,0,0,0,0,0.000,5.061
1030841625221278,100064197037125,"PC Merchandise","客户 satisfied ✅ i3 12100F build with RGB everything 🌈",,28,"08/25/2023 17:25",,https://www.facebook.com/reel/1687809721745920/,0,0,Reels,,,,,08/16/2023,0,,,,,,0,0,0,0,0,0.000,5.006
1030841625221278,100064197037125,"PC Merchandise","客户 satisfied ✅ i3 12100F build with RGB everything 🌈",,28,"08/25/2023 17:25",,https://www.facebook.com/reel/1687809721745920/,0,0,Reels,,,,,08/17/2023,0,,,,,,0,0,0,0,0,0.000,5.937
1030841625221278,100064197037125,"PC Merchandise","客户 satisfied ✅ i3 12100F build with RGB everything 🌈",,28,"08/25/2023 17:25",,https://www.facebook.com/reel/1687809721745920/,0,0,Reels,,,,,08/18/2023,0,,,,,,0,0,0,0,0,0.000,4.530
1030841625221278,100064197037125,"PC Merchandise","客户 satisfied ✅ i3 12100F build with RGB everything 🌈",,28,"08/25/2023 17:25",,https://www.facebook.com/reel/1687809721745920/,0,0,Reels,,,,,08/19/2023,0,,,,,,0,0,0,0,0,0.000,5.644
1030841625221278,100064197037125,"PC Merchandise","客户 satisfied ✅ i3 12100F build with RGB everything 🌈",,28,"08/25/2023 17:25",,https://www.facebook.com/reel/1687809721745920/,0,0,Reels,,,,,08/20/2023,0,,,,,,0,0,0,0,0,0.000,5.824
1030841625221278,100064197037125,"PC Merchandise","客户 satisfied ✅ i3 12100F build with RGB everything 🌈",,28,"08/25/2023 17:25",,https://www.facebook.com/reel/1687809721745920/,0,0,Reels,,,,,08/21/2023,0,,,,,,0,0,0,0,0,0.000,5.577
1030841625221278,100064197037125,"PC Merchandise","客户 satisfied ✅ i3 12100F build with RGB everything 🌈",,28,"08/25/2023 17:25",,https://www.facebook.com/reel/1687809721745920/,0,0,Reels,,,,,08/22/2023,0,,,,,,0,0,0,0,0,0.000,3.975
1030841625221278,100064197037125,"PC Merchandise","客户 satisfied ✅ i3 12100F build with RGB everything 🌈",,28,"08/25/2023 17:25",,https://www.facebook.com/reel/1687809721745920/,0,0,Reels,,,,,08/23/2023,0,,,,,,0,0,0,0,0,0.000,5.699
1030841625221278,100064197037125,"PC Merchandise","客户 satisfied ✅ i3 12100F build with RGB everything 🌈",,28,"08/25/2023 17:25",,https://www.facebook.com/reel/1687809721745920/,0,0,Reels,,,,,08/24/2023,0,,,,,,0,0,0,0,0,0.000,5.692
1030841625221278,100064197037125,"PC Merchandise","客户 satisfied ✅ i3 12100F build with RGB everything 🌈",,28,"08/25/2023 17:25",,https://www.facebook.com/reel/1687809721745920/,0,0,Reels,,,,,08/25/2023,0,,,,,,104,0,1,0,1,1536.549,4.992
1030841625221278,100064197037125,"PC Merchandise","客户 satisfied ✅ i3 12100F build with RGB everything 🌈",,28,"08/25/2023 17:25",,https://www.facebook.com/reel/1687809721745920/,0,0,Reels,,,,,08/26/2023,0,,,,,,107,0,1,0,1,1039.084,5.631
1030841625221278,100064197037125,"PC Merchandise","客户 satisfied ✅ i3 12100F build with RGB everything 🌈",,28,"08/25/2023 17:25",,https://www.facebook.com/reel/1687809721745920/,0,0,Reels,,,,,08/27/2023,0,,,,,,113,0,2,2,0,1047.528,5.296
1030841625221278,100064197037125,"PC Merchandise","客户 satisfied ✅ i3 12100F build with RGB everything 🌈",,28,"08/25/2023 17:25",,https://www.facebook.com/reel/1687809721745920/,0,0,Reels,,,,,08/28/2023,0,,,,,,98,0,1,0,1,366.253,5.526
1030841625221278,100064197037125,"PC Merchandise","客户 satisfied ✅ i3 12100F build with RGB everything 🌈",,28,"08/25/2023 17:25",,https://www.facebook.com/reel/1687809721745920/,0,0,Reels,,,,,08/29/2023,0,,,,,,107,0,0,0,0,387.279,6.041
1030841625221278,100064197037125,"PC Merchandise","客户 satisfied ✅ i3 12100F build with RGB everything 🌈",,28,"08/25/2023 17:25",,https://www.facebook.com/reel/1687809721745920/,0,0,Reels,,,,,08/30/2023,0,,,,,,88,0,0,0,0,244.295,5.432
1030841625221278,100064197037125,"PC Merchandise","客户 satisfied ✅ i3 12100F build with RGB everything 🌈",,28,"08/25/2023 17:25",,https://www.facebook.com/reel/1687809721745920/,0,0,Reels,,,,,08/31/2023,0,,,,,,96,0,1,1,0,174.655,4.263
1030913934912665,100064197037125,"PC Merchandise","客户 satisfied ✅ i5 12400F build with RGB everything 🌈",,38,"08/24/2023 19:00",uploaded,https://www.facebook.com/reel/1555620964668094/,0,0,Reels,,,,,08/01/2023,0,,,,,,0,0,0,0,0,0.000,3.542
1030913934912665,100064197037125,"PC Merchandise","客户 satisfied ✅ i5 12400F build with RGB everything 🌈",,38,"08/24/2023 19:00",uploaded,https://www.facebook.com/reel/1555620964668094/,0,0,Reels,,,,,08/02/2023,0,,,,,,0,0,0,0,0,0.000,5.020
1030913934912665,100064197037125,"PC Merchandise","客户 satisfied ✅ i5 12400F build with RGB everything 🌈",,38,"08/24/2023 19:00",uploaded,https://www.facebook.com/reel/1555620964668094/,0,0,Reels,,,,,08/03/2023,0,,,,,,0,0,0,0,0,0.000,5.624
1030913934912665,100064197037125,"PC Merchandise","客户 satisfied ✅ i5 12400F build with RGB everything 🌈",,38,"08/24/2023 19:00",uploaded,https://www.facebook.com/reel/1555620964668094/,0,0,Reels,,,,,08/04/2023,0,,,,,,0,0,0,0,0,0.000,5.737
1030913934912665,100064197037125,"PC Merchandise","客户 satisfied ✅ i5 12400F build with RGB everything 🌈",,38,"08/24/2023 19:00",uploaded,https://www.facebook.com/reel/1555620964668094/,0,0,Reels,,,,,08/05/2023,0,,,,,,0,0,0,0,0,0.000,2.741
1030913934912665,100064197037125,"PC Merchandise","客户 satisfied ✅ i5 12400F build with RGB everything 🌈",,38,"08/24/2023 19:00",uploaded,https://www.facebook.com/reel/1555620964668094/,0,0,Reels,,,,,08/06/2023,0,,,,,,0,0,0,0,0,0.000,3.851
1030913934912665,100064197037125,"PC Merchandise","客户 satisfied ✅ i5 12400F build with RGB everything 🌈",,38,"08/24/2023 19:00",uploaded,https://www.facebook.com/reel/1555620964668094/,0,0,Reels,,,,,08/07/2023,0,,,,,,0,0,0,0,0,0.000,5.909
1030913934912665,100064197037125,"PC Merchandise","客户 satisfied ✅ i5 12400F build with RGB everything 🌈",,38,"08/24/2023 19:00",uploaded,https://www.facebook.com/reel/1555620964668094/,0,0,Reels,,,,,08/08/2023,0,,,,,,0,0,0,0,0,0.000,4.559
1030913934912665,100064197037125,"PC Merchandise","客户 satisfied ✅ i5 12400F build with RGB everything 🌈",,38,"08/24/2023 19:00",uploaded,https://www.facebook.com/reel/1555620964668094/,0,0,Reels,,,,,08/09/2023,0,,,,,,0,0,0,0,0,0.000,4.526
1030913934912665,100064197037125,"PC Merchandise","客户 satisfied ✅ i5 12400F build with RGB everything 🌈",,38,"08/24/2023 19:00",uploaded,https://www.facebook.com/reel/1555620964668094/,0,0,Reels,,,,,08/10/2023,0,,,,,,0,0,0,0,0,0.000,4.420
1030913934912665,100064197037125,"PC Merchandise","客户 satisfied ✅ i5 12400F build with RGB everything 🌈",,38,"08/24/2023 19:00",uploaded,https://www.facebook.com/reel/1555620964668094/,0,0,Reels,,,,,08/11/2023,0,,,,,,0,0,0,0,0,0.000,5.554
1030913934912665,100064197037125,"PC Merchandise","客户 satisfied ✅ i5 12400F build with RGB everything 🌈",,38,"08/24/2023 19:00",uploaded,https://www.facebook.com/reel/1555620964668094/,0,0,Reels,,,,,08/12/2023,0,,,,,,0,0,0,0,0,0.000,5.312
1030913934912665,100064197037125,"PC Merchandise","客户 satisfied ✅ i5 12400F build with RGB everything 🌈",,38,"08/24/2023 19:00",uploaded,https://www.facebook.com/reel/1555620964668094/,0,0,Reels,,,,,08/13/2023,0,,,,,,0,0,0,0,0,0.000,3.580
1030913934912665,100064197037125,"PC Merchandise","客户 satisfied ✅ i5 12400F build with RGB everything 🌈",,38,"08/24/2023 19:00",uploaded,https://www.facebook.com/reel/1555620964668094/,0,0,Reels,,,,,08/14/2023,0,,,,,,0,0,0,0,0,0.000,2.788
1030913934912665,100064197037125,"PC Merchandise","客户 satisfied ✅ i5 12400F build with RGB everything 🌈",,38,"08/24/2023 19:00",uploaded,https://www.facebook.com/reel/1555620964668094/,0,0,Reels,,,,,08/15/2023,0,,,,,,0,0,0,0,0,0.000,4.482
1030913934912665,100064197037125,"PC Merchandise","客户 satisfied ✅ i5 12400F build with RGB everything 🌈",,38,"08/24/2023 19:00",uploaded,https://www.facebook.com/reel/1555620964668094/,0,0,Reels,,,,,08/16/2023,0,,,,,,0,0,0,0,0,0.000,4.928
1030913934912665,100064197037125,"PC Merchandise","客户 satisfied ✅ i5 12400F build with RGB everything 🌈",,38,"08/24/2023 19:00",uploaded,https://www.facebook.com/reel/1555620964668094/,0,0,Reels,,,,,08/17/2023,0,,,,,,0,0,0,0,0,0.000,5.705
1030913934912665,100064197037125,"PC Merchandise","客户 satisfied ✅ i5 12400F build with RGB everything 🌈",,38,"08/24/2023 19:00",uploaded,https://www.facebook.com/reel/1555620964668094/,0,0,Reels,,,,,08/18/2023,0,,,,,,0,0,0,0,0,0.000,4.409
1030913934912665,100064197037125,"PC Merchandise","客户 satisfied ✅ i5 12400F build with RGB everything 🌈",,38,"08/24/2023 19:00",uploaded,https://www.facebook.com/reel/1555620964668094/,0,0,Reels,,,,,08/19/2023,0,,,,,,0,0,0,0,0,0.000,5.001
1030913934912665,100064197037125,"PC Merchandise","客户 satisfied ✅ i5 12400F build with RGB everything 🌈",,38,"08/24/2023 19:00",uploaded,https://www.facebook.com/reel/1555620964668094/,0,0,Reels,,,,,08/20/2023,0,,,,,,0,0,0,0,0,0.000,5.078
1030913934912665,100064197037125,"PC Merchandise","客户 satisfied ✅ i5 12400F build with RGB everything 🌈",,38,"08/24/2023 19:00",uploaded,https://www.facebook.com/reel/1555620964668094/,0,0,Reels,,,,,08/21/2023,0,,,,,,0,0,0,0,0,0.000,5.905
1030913934912665,100064197037125,"PC Merchandise","客户 satisfied ✅ i5 12400F build with RGB everything 🌈",,38,"08/24/2023 19:00",uploaded,https://www.facebook.com/reel/1555620964668094/,0,0,Reels,,,,,08/22/2023,0,,,,,,0,0,0,0,0,0.000,5.332
1030913934912665,100064197037125,"PC Merchandise","客户 satisfied ✅ i5 12400F build with RGB everything 🌈",,38,"08/24/2023 19:00",uploaded,https://www.facebook.com/reel/1555620964668094/,0,0,Reels,,,,,08/23/2023,0,,,,,,0,0,0,0,0,0.000,4.960
1030913934912665,100064197037125,"PC Merchandise","客户 satisfied ✅ i5 12400F build with RGB everything 🌈",,38,"08/24/2023 19:00",uploaded,https://www.facebook.com/reel/1555620964668094/,0,0,Reels,,,,,08/24/2023,0,,,,,,0,0,3,3,0,337.897,5.751
1030913934912665,100064197037125,"PC Merchandise","客户 satisfied ✅ i5 12400F build with RGB everything 🌈",,38,"08/24/2023 19:00",uploaded,https://www.facebook.com/reel/1555620964668094/,0,0,Reels,,,,,08/25/2023,0,,,,,,0,0,4,2,2,350.132,5.320
1030913934912665,100064197037125,"PC Merchandise","客户 satisfied ✅ i5 12400F build with RGB everything 🌈",,38,"08/24/2023 19:00",uploaded,https://www.facebook.com/reel/1555620964668094/,0,0,Reels,,,,,08/26/2023,0,,,,,,0,0,1,1,0,284.138,4.732
1030913934912665,100064197037125,"PC Merchandise","客户 satisfied ✅ i5 12400F build with RGB everything 🌈",,38,"08/24/2023 19:00",uploaded,https://www.facebook.com/reel/1555620964668094/,0,0,Reels,,,,,08/27/2023,0,,,,,,0,0,4,1,3,143.954,3.901
1030913934912665,100064197037125,"PC Merchandise","客户 satisfied ✅ i5 12400F build with RGB everything 🌈",,38,"08/24/2023 19:00",uploaded,https://www.facebook.com/reel/1555620964668094/,0,0,Reels,,,,,08/28/2023,0,,,,,,0,0,1,1,0,211.467,5.334
1030913934912665,100064197037125,"PC Merchandise","客户 satisfied ✅ i5 12400F build with RGB everything 🌈",,38,"08/24/2023 19:00",uploaded,https://www.facebook.com/reel/1555620964668094/,0,0,Reels,,,,,08/29/2023,0,,,,,,0,0,2,1,1,119.311,4.504
1030913934912665,100064197037125,"PC Merchandise","客户 satisfied ✅ i5 12400F build with RGB everything 🌈",,38,"08/24/2023 19:00",uploaded,https://www.facebook.com/reel/1555620964668094/,0,0,Reels,,,,,08/30/2023,0,,,,,,0,0,0,0,0,89.372,4.155
1030913934912665,100064197037125,"PC Merchandise","客户 satisfied ✅ i5 12400F build with RGB everything 🌈",,38,"08/24/2023 19:00",uploaded,https://www.facebook.com/reel/1555620964668094/,0,0,Reels,,,,,08/31/2023,0,,,,,,0,0,1,1,0,93.516,5.751
1030477598657020,100064197037125,"PC Merchandise","One more rig complete. One more client satisfied. Built with RYZEN 5 5600G + GTX 1660S. PM us for yours!",,0,"08/23/2023 19:00",,https://www.facebook.com/pcmerchandise.co/posts/pfbid0l0ehjOJ2dIi9RMEPl4sjtdKx8ravCWZadV6vHpqKB8QpnrRUzw0wvlEb,0,1,Photos,,,,,08/31/2023,0,,,,,,,,,,,,
1030477598657020,100064197037125,"PC Merchandise","One more rig complete. One more client satisfied. Built with RYZEN 5 5600G + GTX 1660S. PM us for yours!",,0,"08/23/2023 19:00",,https://www.facebook.com/pcmerchandise.co/posts/pfbid0l0ehjOJ2dIi9RMEPl4sjtdKx8ravCWZadV6vHpqKB8QpnrRUzw0wvlEb,0,1,Photos,,,,,08/01/2023,,,0,0,0,0,0,0,,,,,
1030477598657020,100064197037125,"PC Merchandise","One more rig complete. One more client satisfied. Built with RYZEN 5 5600G + GTX 1660S. PM us for yours!",,0,"08/23/2023 19:00",,https://www.facebook.com/pcmerchandise.co/posts/pfbid0l0ehjOJ2dIi9RMEPl4sjtdKx8ravCWZadV6vHpqKB8QpnrRUzw0wvlEb,0,1,Photos,,,,,08/02/2023,,,0,0,0,0,0,0,,,,,
1030477598657020,100064197037125,"PC Merchandise","One more rig complete. One more client satisfied. Built with RYZEN 5 5600G + GTX 1660S. PM us for yours!",,0,"08/23/2023 19:00",,https://www.facebook.com/pcmerchandise.co/posts/pfbid0l0ehjOJ2dIi9RMEPl4sjtdKx8ravCWZadV6vHpqKB8QpnrRUzw0wvlEb,0,1,Photos,,,,,08/03/2023,,,0,0,0,0,0,0,,,,,
1030477598657020,100064197037125,"PC Merchandise","One more rig complete. One more client satisfied. Built with RYZEN 5 5600G + GTX 1660S. PM us for yours!",,0,"08/23/2023 19:00",,https://www.facebook.com/pcmerchandise.co/posts/pfbid0l0ehjOJ2dIi9RMEPl4sjtdKx8ravCWZadV6vHpqKB8QpnrRUzw0wvlEb,0,1,Photos,,,,,08/04/2023,,,0,0,0,0,0,0,,,,,
1030477598657020,100064197037125,"PC Merchandise","One more rig complete. One more client satisfied. Built with RYZEN 5 5600G + GTX 1660S. PM us for yours!",,0,"08/23/2023 19:00",,https://www.facebook.com/pcmerchandise.co/posts/pfbid0l0ehjOJ2dIi9RMEPl4sjtdKx8ravCWZadV6vHpqKB8QpnrRUzw0wvlEb,0,1,Photos,,,,,08/05/2023,,,0,0,0,0,0,0,,,,,
1030477598657020,100064197037125,"PC Merchandise","One more rig complete. One more client satisfied. Built with RYZEN 5 5600G + GTX 1660S. PM us for yours!",,0,"08/23/2023 19:00",,https://www.facebook.com/pcmerchandise.co/posts/pfbid0l0ehjOJ2dIi9RMEPl4sjtdKx8ravCWZadV6vHpqKB8QpnrRUzw0wvlEb,0,1,Photos,,,,,08/06/2023,,,0,0,0,0,0,0,,,,,
1030477598657020,100064197037125,"PC Merchandise","One more rig complete. One more client satisfied. Built with RYZEN 5 5600G + GTX 1660S. PM us for yours!",,0,"08/23/2023 19:00",,https://www.facebook.com/pcmerchandise.co/posts/pfbid0l0ehjOJ2dIi9RMEPl4sjtdKx8ravCWZadV6vHpqKB8QpnrRUzw0wvlEb,0,1,Photos,,,,,08/07/2023,,,0,0,0,0,0,0,,,,,
1030477598657020,100064197037125,"PC Merchandise","One more rig complete. One more client satisfied. Built with RYZEN 5 5600G + GTX 1660S. PM us for yours!",,0,"08/23/2023 19:00",,https://www.facebook.com/pcmerchandise.co/posts/pfbid0l0ehjOJ2dIi9RMEPl4sjtdKx8ravCWZadV6vHpqKB8QpnrRUzw0wvlEb,0,1,Photos,,,,,08/08/2023,,,0,0,0,0,0,0,,,,,
1030477598657020,100064197037125,"PC Merchandise","One more rig complete. One more client satisfied. Built with RYZEN 5 5600G + GTX 1660S. PM us for yours!",,0,"08/23/2023 19:00",,https://www.facebook.com/pcmerchandise.co/posts/pfbid0l0ehjOJ2dIi9RMEPl4sjtdKx8ravCWZadV6vHpqKB8QpnrRUzw0wvlEb,0,1,Photos,,,,,08/09/2023,,,0,0,0,0,0,0,,,,,
1030477598657020,100064197037125,"PC Merchandise","One more rig complete. One more client satisfied. Built with RYZEN 5 5600G + GTX 1660S. PM us for yours!",,0,"08/23/2023 19:00",,https://www.facebook.com/pcmerchandise.co/posts/pfbid0l0ehjOJ2dIi9RMEPl4sjtdKx8ravCWZadV6vHpqKB8QpnrRUzw0wvlEb,0,1,Photos,,,,,08/10/2023,,,0,0,0,0,0,0,,,,,
1030477598657020,100064197037125,"PC Merchandise","One more rig complete. One more client satisfied. Built with RYZEN 5 5600G + GTX 1660S. PM us for yours!",,0,"08/23/2023 19:00",,https://www.facebook.com/pcmerchandise.co/posts/pfbid0l0ehjOJ2dIi9RMEPl4sjtdKx8ravCWZadV6vHpqKB8QpnrRUzw0wvlEb,0,1,Photos,,,,,08/11/2023,,,0,0,0,0,0,0,,,,,
1030477598657020,100064197037125,"PC Merchandise","One more rig complete. One more client satisfied. Built with RYZEN 5 5600G + GTX 1660S. PM us for yours!",,0,"08/23/2023 19:00",,https://www.facebook.com/pcmerchandise.co/posts/pfbid0l0ehjOJ2dIi9RMEPl4sjtdKx8ravCWZadV6vHpqKB8QpnrRUzw0wvlEb,0,1,Photos,,,,,08/12/2023,,,0,0,0,0,0,0,,,,,
1030477598657020,100064197037125,"PC Merchandise","One more rig complete. One more client satisfied. Built with RYZEN 5 5600G + GTX 1660S. PM us for yours!",,0,"08/23/2023 19:00",,https://www.facebook.com/pcmerchandise.co/posts/pfbid0l0ehjOJ2dIi9RMEPl4sjtdKx8ravCWZadV6vHpqKB8QpnrRUzw0wvlEb,0,1,Photos,,,,,08/13/2023,,,0,0,0,0,0,0,,,,,
1030477598657020,100064197037125,"PC Merchandise","One more rig complete. One more client satisfied. Built with RYZEN 5 5600G + GTX 1660S. PM us for yours!",,0,"08/23/2023 19:00",,https://www.facebook.com/pcmerchandise.co/posts/pfbid0l0ehjOJ2dIi9RMEPl4sjtdKx8ravCWZadV6vHpqKB8QpnrRUzw0wvlEb,0,1,Photos,,,,,08/14/2023,,,0,0,0,0,0,0,,,,,
1030477598657020,100064197037125,"PC Merchandise","One more rig complete. One more client satisfied. Built with RYZEN 5 5600G + GTX 1660S. PM us for yours!",,0,"08/23/2023 19:00",,https://www.facebook.com/pcmerchandise.co/posts/pfbid0l0ehjOJ2dIi9RMEPl4sjtdKx8ravCWZadV6vHpqKB8QpnrRUzw0wvlEb,0,1,Photos,,,,,08/15/2023,,,0,0,0,0,0,0,,,,,
1030477598657020,100064197037125,"PC Merchandise","One more rig complete. One more client satisfied. Built with RYZEN 5 5600G + GTX 1660S. PM us for yours!",,0,"08/23/2023 19:00",,https://www.facebook.com/pcmerchandise.co/posts/pfbid0l0ehjOJ2dIi9RMEPl4sjtdKx8ravCWZadV6vHpqKB8QpnrRUzw0wvlEb,0,1,Photos,,,,,08/16/2023,,,0,0,0,0,0,0,,,,,
1030477598657020,100064197037125,"PC Merchandise","One more rig complete. One more client satisfied. Built with RYZEN 5 5600G + GTX 1660S. PM us for yours!",,0,"08/23/2023 19:00",,https://www.facebook.com/pcmerchandise.co/posts/pfbid0l0ehjOJ2dIi9RMEPl4sjtdKx8ravCWZadV6vHpqKB8QpnrRUzw0wvlEb,0,1,Photos,,,,,08/17/2023,,,0,0,0,0,0,0,,,,,
1030477598657020,100064197037125,"PC Merchandise","One more rig complete. One more client satisfied. Built with RYZEN 5 5600G + GTX 1660S. PM us for yours!",,0,"08/23/2023 19:00",,https://www.facebook.com/pcmerchandise.co/posts/pfbid0l0ehjOJ2dIi9RMEPl4sjtdKx8ravCWZadV6vHpqKB8QpnrRUzw0wvlEb,0,1,Photos,,,,,08/18/2023,,,0,0,0,0,0,0,,,,,
1030477598657020,100064197037125,"PC Merchandise","One more rig complete. One more client satisfied. Built with RYZEN 5 5600G + GTX 1660S. PM us for yours!",,0,"08/23/2023 19:00",,https://www.facebook.com/pcmerchandise.co/posts/pfbid0l0ehjOJ2dIi9RMEPl4sjtdKx8ravCWZadV6vHpqKB8QpnrRUzw0wvlEb,0,1,Photos,,,,,08/19/2023,,,0,0,0,0,0,0,,,,,
1030477598657020,100064197037125,"PC Merchandise","One more rig complete. One more client satisfied. Built with RYZEN 5 5600G + GTX 1660S. PM us for yours!",,0,"08/23/2023 19:00",,https://www.facebook.com/pcmerchandise.co/posts/pfbid0l0ehjOJ2dIi9RMEPl4sjtdKx8ravCWZadV6vHpqKB8QpnrRUzw0wvlEb,0,1,Photos,,,,,08/20/2023,,,0,0,0,0,0,0,,,,,
1030477598657020,100064197037125,"PC Merchandise","One more rig complete. One more client satisfied. Built with RYZEN 5 5600G + GTX 1660S. PM us for yours!",,0,"08/23/2023 19:00",,https://www.facebook.com/pcmerchandise.co/posts/pfbid0l0ehjOJ2dIi9RMEPl4sjtdKx8ravCWZadV6vHpqKB8QpnrRUzw0wvlEb,0,1,Photos,,,,,08/21/2023,,,0,0,0,0,0,0,,,,,
1030477598657020,100064197037125,"PC Merchandise","One more rig complete. One more client satisfied. Built with RYZEN 5 5600G + GTX 1660S. PM us for yours!",,0,"08/23/2023 19:00",,https://www.facebook.com/pcmerchandise.co/posts/pfbid0l0ehjOJ2dIi9RMEPl4sjtdKx8ravCWZadV6vHpqKB8QpnrRUzw0wvlEb,0,1,Photos,,,,,08/22/2023,,,0,0,0,0,0,0,,,,,
1030477598657020,100064197037125,"PC Merchandise","One more rig complete. One more client satisfied. Built with RYZEN 5 5600G + GTX 1660S. PM us for yours!",,0,"08/23/2023 19:00",,https://www.facebook.com/pcmerchandise.co/posts/pfbid0l0ehjOJ2dIi9RMEPl4sjtdKx8ravCWZadV6vHpqKB8QpnrRUzw0wvlEb,0,1,Photos,,,,,08/23/2023,,,0,0,0,0,0,0,,,,,
1030477598657020,100064197037125,"PC Merchandise","One more rig complete. One more client satisfied. Built with RYZEN 5 5600G + GTX 1660S. PM us for yours!",,0,"08/23/2023 19:00",,https://www.facebook.com/pcmerchandise.co/posts/pfbid0l0ehjOJ2dIi9RMEPl4sjtdKx8ravCWZadV6vHpqKB8QpnrRUzw0wvlEb,0,1,Photos,,,,,08/24/2023,,,0,0,0,0,0,0,,,,,
1030477598657020,100064197037125,"PC Merchandise","One more rig complete. One more client satisfied. Built with RYZEN 5 5600G + GTX 1660S. PM us for yours!",,0,"08/23/2023 19:00",,https://www.facebook.com/pcmerchandise.co/posts/pfbid0l0ehjOJ2dIi9RMEPl4sjtdKx8ravCWZadV6vHpqKB8QpnrRUzw0wvlEb,0,1,Photos,,,,,08/25/2023,,,0,0,0,0,0,0,,,,,
1030477598657020,100064197037125,"PC Merchandise","One more rig complete. One more client satisfied. Built with RYZEN 5 5600G + GTX 1660S. PM us for yours!",,0,"08/23/2023 19:00",,https://www.facebook.com/pcmerchandise.co/posts/pfbid0l0ehjOJ2dIi9RMEPl4sjtdKx8ravCWZadV6vHpqKB8QpnrRUzw0wvlEb,0,1,Photos,,,,,08/26/2023,,,0,0,0,0,0,0,,,,,
1030477598657020,100064197037125,"PC Merchandise","One more rig complete. One more client satisfied. Built with RYZEN 5 5600G + GTX 1660S. PM us for yours!",,0,"08/23/2023 19:00",,https://www.facebook.com/pcmerchandise.co/posts/pfbid0l0ehjOJ2dIi9RMEPl4sjtdKx8ravCWZadV6vHpqKB8QpnrRUzw0wvlEb,0,1,Photos,,,,,08/27/2023,,,0,0,0,0,0,0,,,,,
1030477598657020,100064197037125,"PC Merchandise","One more rig complete. One more client satisfied. Built with RYZEN 5 5600G + GTX 1660S. PM us for yours!",,0,"08/23/2023 19:00",,https://www.facebook.com/pcmerchandise.co/posts/pfbid0l0ehjOJ2dIi9RMEPl4sjtdKx8ravCWZadV6vHpqKB8QpnrRUzw0wvlEb,0,1,Photos,,,,,08/28/2023,,,0,0,0,0,0,0,,,,,
1030477598657020,100064197037125,"PC Merchandise","One more rig complete. One more client satisfied. Built with RYZEN 5 5600G + GTX 1660S. PM us for yours!",,0,"08/23/2023 19:00",,https://www.facebook.com/pcmerchandise.co/posts/pfbid0l0ehjOJ2dIi9RMEPl4sjtdKx8ravCWZadV6vHpqKB8QpnrRUzw0wvlEb,0,1,Photos,,,,,08/29/2023,,,0,0,0,0,0,0,,,,,
1030477598657020,100064197037125,"PC Merchandise","One more rig complete. One more client satisfied. Built with RYZEN 5 5600G + GTX 1660S. PM us for yours!",,0,"08/23/2023 19:00",,https://www.facebook.com/pcmerchandise.co/posts/pfbid0l0ehjOJ2dIi9RMEPl4sjtdKx8ravCWZadV6vHpqKB8QpnrRUzw0wvlEb,0,1,Photos,,,,,08/30/2023,,,0,0,0,0,0,0,,,,,
1030477598657020,100064197037125,"PC Merchandise","One more rig complete. One more client satisfied. Built with RYZEN 5 5600G + GTX 1660S. PM us for yours!",,0,"08/23/2023 19:00",,https://www.facebook.com/pcmerchandise.co/posts/pfbid0l0ehjOJ2dIi9RMEPl4sjtdKx8ravCWZadV6vHpqKB8QpnrRUzw0wvlEb,0,1,Photos,,,,,08/31/2023,,,0,0,0,0,0,0,,,,,
1030641325173219,100064197037125,"PC Merchandise","One more rig complete. One more client satisfied. Built with i3 12100F + GTX 1660S. PM us for yours!",,0,"08/23/2023 17:15",,https://www.facebook.com/pcmerchandise.co/posts/pfbid0PEXm8OfEbmmyaxe0tHaGDm8gq2qeUENCYhsft2k8D7Fpqiqp3lt9w4sd,0,0,Photos,,,,,08/31/2023,0,,,,,,,,,,,,
1030641325173219,100064197037125,"PC Merchandise","One more rig complete. One more client satisfied. Built with i3 12100F + GTX 1660S. PM us for yours!",,0,"08/23/2023 17:15",,https://www.facebook.com/pcmerchandise.co/posts/pfbid0PEXm8OfEbmmyaxe0tHaGDm8gq2qeUENCYhsft2k8D7Fpqiqp3lt9w4sd,0,0,Photos,,,,,08/01/2023,,,0,0,0,0,0,0,,,,,
1030641325173219,100064197037125,"PC Merchandise","One more rig complete. One more client satisfied. Built with i3 12100F + GTX 1660S. PM us for yours!",,0,"08/23/2023 17:15",,https://www.facebook.com/pcmerchandise.co/posts/pfbid0PEXm8OfEbmmyaxe0tHaGDm8gq2qeUENCYhsft2k8D7Fpqiqp3lt9w4sd,0,0,Photos,,,,,08/02/2023,,,0,0,0,0,0,0,,,,,
1030641325173219,100064197037125,"PC Merchandise","One more rig complete. One more client satisfied. Built with i3 12100F + GTX 1660S. PM us for yours!",,0,"08/23/2023 17:15",,https://www.facebook.com/pcmerchandise.co/posts/pfbid0PEXm8OfEbmmyaxe0tHaGDm8gq2qeUENCYhsft2k8D7Fpqiqp3lt9w4sd,0,0,Photos,,,,,08/03/2023,,,0,0,0,0,0,0,,,,,
1030641325173219,100064197037125,"PC Merchandise","One more rig complete. One more client satisfied. Built with i3 12100F + GTX 1660S. PM us for yours!",,0,"08/23/2023 17:15",,https://www.facebook.com/pcmerchandise.co/posts/pfbid0PEXm8OfEbmmyaxe0tHaGDm8gq2qeUENCYhsft2k8D7Fpqiqp3lt9w4sd,0,0,Photos,,,,,08/04/2023,,,0,0,0,0,0,0,,,,,
1030641325173219,100064197037125,"PC Merchandise","One more rig complete. One more client satisfied. Built with i3 12100F + GTX 1660S. PM us for yours!",,0,"08/23/2023 17:15",,https://www.facebook.com/pcmerchandise.co/posts/pfbid0PEXm8OfEbmmyaxe0tHaGDm8gq2qeUENCYhsft2k8D7Fpqiqp3lt9w4sd,0,0,Photos,,,,,08/05/2023,,,0,0,0,0,0,0,,,,,
1030641325173219,100064197037125,"PC Merchandise","One more rig complete. One more client satisfied. Built with i3 12100F + GTX 1660S. PM us for yours!",,0,"08/23/2023 17:15",,https://www.facebook.com/pcmerchandise.co/posts/pfbid0PEXm8OfEbmmyaxe0tHaGDm8gq2qeUENCYhsft2k8D7Fpqiqp3lt9w4sd,0,0,Photos,,,,,08/06/2023,,,0,0,0,0,0,0,,,,,
1030641325173219,100064197037125,"PC Merchandise","One more rig complete. One more client satisfied. Built with i3 12100F + GTX 1660S. PM us for yours!",,0,"08/23/2023 17:15",,https://www.facebook.com/pcmerchandise.co/posts/pfbid0PEXm8OfEbmmyaxe0tHaGDm8gq2qeUENCYhsft2k8D7Fpqiqp3lt9w4sd,0,0,Photos,,,,,08/07/2023,,,0,0,0,0,0,0,,,,,
1030641325173219,100064197037125,"PC Merchandise","One more rig complete. One more client satisfied. Built with i3 12100F + GTX 1660S. PM us for yours!",,0,"08/23/2023 17:15",,https://www.facebook.com/pcmerchandise.co/posts/pfbid0PEXm8OfEbmmyaxe0tHaGDm8gq2qeUENCYhsft2k8D7Fpqiqp3lt9w4sd,0,0,Photos,,,,,08/08/2023,,,0,0,0,0,0,0,,,,,
1030641325173219,100064197037125,"PC Merchandise","One more rig complete. One more client satisfied. Built with i3 12100F + GTX 1660S. PM us for yours!",,0,"08/23/2023 17:15",,https://www.facebook.com/pcmerchandise.co/posts/pfbid0PEXm8OfEbmmyaxe0tHaGDm8gq2qeUENCYhsft2k8D7Fpqiqp3lt9w4sd,0,0,Photos,,,,,08/09/2023,,,0,0,0,0,0,0,,,,,
1030641325173219,100064197037125,"PC Merchandise","One more rig complete. One more client satisfied. Built with i3 12100F + GTX 1660S. PM us for yours!",,0,"08/23/2023 17:15",,https://www.facebook.com/pcmerchandise.co/posts/pfbid0PEXm8OfEbmmyaxe0tHaGDm8gq2qeUENCYhsft2k8D7Fpqiqp3lt9w4sd,0,0,Photos,,,,,08/10/2023,,,0,0,0,0,0,0,,,,,
1030641325173219,100064197037125,"PC Merchandise","One more rig complete. One more client satisfied. Built with i3 12100F + GTX 1660S. PM us for yours!",,0,"08/23/2023 17:15",,https://www.facebook.com/pcmerchandise.co/posts/pfbid0PEXm8OfEbmmyaxe0tHaGDm8gq2qeUENCYhsft2k8D7Fpqiqp3lt9w4sd,0,0,Photos,,,,,08/11/2023,,,0,0,0,0,0,0,,,,,
1030641325173219,100064197037125,"PC Merchandise","One more rig complete. One more client satisfied. Built with i3 12100F + GTX 1660S. PM us for yours!",,0,"08/23/2023 17:15",,https://www.facebook.com/pcmerchandise.co/posts/pfbid0PEXm8OfEbmmyaxe0tHaGDm8gq2qeUENCYhsft2k8D7Fpqiqp3lt9w4sd,0,0,Photos,,,,,08/12/2023,,,0,0,0,0,0,0,,,,,
1030641325173219,100064197037125,"PC Merchandise","One more rig complete. One more client satisfied. Built with i3 12100F + GTX 1660S. PM us for yours!",,0,"08/23/2023 17:15",,https://www.facebook.com/pcmerchandise.co/posts/pfbid0PEXm8OfEbmmyaxe0tHaGDm8gq2qeUENCYhsft2k8D7Fpqiqp3lt9w4sd,0,0,Photos,,,,,08/13/2023,,,0,0,0,0,0,0,,,,,
1030641325173219,100064197037125,"PC Merchandise","One more rig complete. One more client satisfied. Built with i3 12100F + GTX 1660S. PM us for yours!",,0,"08/23/2023 17:15",,https://www.facebook.com/pcmerchandise.co/posts/pfbid0PEXm8OfEbmmyaxe0tHaGDm8gq2qeUENCYhsft2k8D7Fpqiqp3lt9w4sd,0,0,Photos,,,,,08/14/2023,,,0,0,0,0,0,0,,,,,
1030641325173219,100064197037125,"PC Merchandise","One more rig complete. One more client satisfied. Built with i3 12100F + GTX 1660S. PM us for yours!",,0,"08/23/2023 17:15",,https://www.facebook.com/pcmerchandise.co/posts/pfbid0PEXm8OfEbmmyaxe0tHaGDm8gq2qeUENCYhsft2k8D7Fpqiqp3lt9w4sd,0,0,Photos,,,,,08/15/2023,,,0,0,0,0,0,0,,,,,
1030641325173219,100064197037125,"PC Merchandise","One more rig complete. One more client satisfied. Built with i3 12100F + GTX 1660S. PM us for yours!",,0,"08/23/2023 17:15",,https://www.facebook.com/pcmerchandise.co/posts/pfbid0PEXm8OfEbmmyaxe0tHaGDm8gq2qeUENCYhsft2k8D7Fpqiqp3lt9w4sd,0,0,Photos,,,,,08/16/2023,,,0,0,0,0,0,0,,,,,
1030641325173219,100064197037125,"PC Merchandise","One more rig complete. One more client satisfied. Built with i3 12100F + GTX 1660S. PM us for yours!",,0,"08/23/2023 17:15",,https://www.facebook.com/pcmerchandise.co/posts/pfbid0PEXm8OfEbmmyaxe0tHaGDm8gq2qeUENCYhsft2k8D7Fpqiqp3lt9w4sd,0,0,Photos,,,,,08/17/2023,,,0,0,0,0,0,0,,,,,
1030641325173219,100064197037125,"PC Merchandise","One more rig complete. One more client satisfied. Built with i3 12100F + GTX 1660S. PM us for yours!",,0,"08/23/2023 17:15",,https://www.facebook.com/pcmerchandise.co/posts/pfbid0PEXm8OfEbmmyaxe0tHaGDm8gq2qeUENCYhsft2k8D7Fpqiqp3lt9w4sd,0,0,Photos,,,,,08/18/2023,,,0,0,0,0,0,0,,,,,
1030641325173219,100064197037125,"PC Merchandise","One more rig complete. One more client satisfied. Built with i3 12100F + GTX 1660S. PM us for yours!",,0,"08/23/2023 17:15",,https://www.facebook.com/pcmerchandise.co/posts/pfbid0PEXm8OfEbmmyaxe0tHaGDm8gq2qeUENCYhsft2k8D7Fpqiqp3lt9w4sd,0,0,Photos,,,,,08/19/2023,,,0,0,0,0,0,0,,,,,
1030641325173219,100064197037125,"PC Merchandise","One more rig complete. One more client satisfied. Built with i3 12100F + GTX 1660S. PM us for yours!",,0,"08/23/2023 17:15",,https://www.facebook.com/pcmerchandise.co/posts/pfbid0PEXm8OfEbmmyaxe0tHaGDm8gq2qeUENCYhsft2k8D7Fpqiqp3lt9w4sd,0,0,Photos,,,,,08/20/2023,,,0,0,0,0,0,0,,,,,
1030641325173219,100064197037125,"PC Merchandise","One more rig complete. One more client satisfied. Built with i3 12100F + GTX 1660S. PM us for yours!",,0,"08/23/2023 17:15",,https://www.facebook.com/pcmerchandise.co/posts/pfbid0PEXm8OfEbmmyaxe0tHaGDm8gq2qeUENCYhsft2k8D7Fpqiqp3lt9w4sd,0,0,Photos,,,,,08/21/2023,,,0,0,0,0,0,0,,,,,
1030641325173219,100064197037125,"PC Merchandise","One more rig complete. One more client satisfied. Built with i3 12100F + GTX 1660S. PM us for yours!",,0,"08/23/2023 17:15",,https://www.facebook.com/pcmerchandise.co/posts/pfbid0PEXm8OfEbmmyaxe0tHaGDm8gq2qeUENCYhsft2k8D7Fpqiqp3lt9w4sd,0,0,Photos,,,,,08/22/2023,,,0,0,0,0,0,0,,,,,
1030641325173219,100064197037125,"PC Merchandise","One more rig complete. One more client satisfied. Built with i3 12100F + GTX 1660S. PM us for yours!",,0,"08/23/2023 17:15",,https://www.facebook.com/pcmerchandise.co/posts/pfbid0PEXm8OfEbmmyaxe0tHaGDm8gq2qeUENCYhsft2k8D7Fpqiqp3lt9w4sd,0,0,Photos,,,,,08/23/2023,,,0,0,0,0,0,0,,,,,
1030641325173219,100064197037125,"PC Merchandise","One more rig complete. One more client satisfied. Built with i3 12100F + GTX 1660S. PM us for yours!",,0,"08/23/2023 17:15",,https://www.facebook.com/pcmerchandise.co/posts/pfbid0PEXm8OfEbmmyaxe0tHaGDm8gq2qeUENCYhsft2k8D7Fpqiqp3lt9w4sd,0,0,Photos,,,,,08/24/2023,,,0,0,0,0,0,0,,,,,
1030641325173219,100064197037125,"PC Merchandise","One more rig complete. One more client satisfied. Built with i3 12100F + GTX 1660S. PM us for yours!",,0,"08/23/2023 17:15",,https://www.facebook.com/pcmerchandise.co/posts/pfbid0PEXm8OfEbmmyaxe0tHaGDm8gq2qeUENCYhsft2k8D7Fpqiqp3lt9w4sd,0,0,Photos,,,,,08/25/2023,,,0,0,0,0,0,0,,,,,
1030641325173219,100064197037125,"PC Merchandise","One more rig complete. One more client satisfied. Built with i3 12100F + GTX 1660S. PM us for yours!",,0,"08/23/2023 17:15",,https://www.facebook.com/pcmerchandise.co/posts/pfbid0PEXm8OfEbmmyaxe0tHaGDm8gq2qeUENCYhsft2k8D7Fpqiqp3lt9w4sd,0,0,Photos,,,,,08/26/2023,,,0,0,0,0,0,0,,,,,
1030641325173219,100064197037125,"PC Merchandise","One more rig complete. One more client satisfied. Built with i3 12100F + GTX 1660S. PM us for yours!",,0,"08/23/2023 17:15",,https://www.facebook.com/pcmerchandise.co/posts/pfbid0PEXm8OfEbmmyaxe0tHaGDm8gq2qeUENCYhsft2k8D7Fpqiqp3lt9w4sd,0,0,Photos,,,,,08/27/2023,,,0,0,0,0,0,0,,,,,
1030641325173219,100064197037125,"PC Merchandise","One more rig complete. One more client satisfied. Built with i3 12100F + GTX 1660S. PM us for yours!",,0,"08/23/2023 17:15",,https://www.facebook.com/pcmerchandise.co/posts/pfbid0PEXm8OfEbmmyaxe0tHaGDm8gq2qeUENCYhsft2k8D7Fpqiqp3lt9w4sd,0,0,Photos,,,,,08/28/2023,,,0,0,0,0,0,0,,,,,
1030641325173219,100064197037125,"PC Merchandise","One more rig complete. One more client satisfied. Built with i3 12100F + GTX 1660S. PM us for yours!",,0,"08/23/2023 17:15",,https://www.facebook.com/pcmerchandise.co/posts/pfbid0PEXm8OfEbmmyaxe0tHaGDm8gq2qeUENCYhsft2k8D7Fpqiqp3lt9w4sd,0,0,Photos,,,,,08/29/2023,,,0,0,0,0,0,0,,,,,
1030641325173219,100064197037125,"PC Merchandise","One more rig complete. One more client satisfied. Built with i3 12100F + GTX 1660S. PM us for yours!",,0,"08/23/2023 17:15",,https://www.facebook.com/pcmerchandise.co/posts/pfbid0PEXm8OfEbmmyaxe0tHaGDm8gq2qeUENCYhsft2k8D7Fpqiqp3lt9w4sd,0,0,Photos,,,,,08/30/2023,,,0,0,0,0,0,0,,,,,
1030641325173219,100064197037125,"PC Merchandise","One more rig complete. One more client satisfied. Built with i3 12100F + GTX 1660S. PM us for yours!",,0,"08/23/2023 17:15",,https://www.facebook.com/pcmerchandise.co/posts/pfbid0PEXm8OfEbmmyaxe0tHaGDm8gq2qeUENCYhsft2k8D7Fpqiqp3lt9w4sd,0,0,Photos,,,,,08/31/2023,,,0,0,0,0,0,0,,,,,
1031032534574485,100064197037125,"PC Merchandise","Salamat sa tiwala boss CARLO! RYZEN 5 5600G comshop package — 2 units delivered ✅",,0,"08/22/2023 02:15",,https://www.facebook.com/pcmerchandise.co/posts/pfbid08dxfH8k3YWCaKKcicnrTNEY4byeLwBokZ7zC81mDlZeou6InIf6gAARC,0,0,Photos,,,,,08/31/2023,0,,,,,,,,,,,,
1031032534574485,100064197037125,"PC Merchandise","Salamat sa tiwala boss CARLO! RYZEN 5 5600G comshop package — 2 units delivered ✅",,0,"08/22/2023 02:15",,https://www.facebook.com/pcmerchandise.co/posts/pfbid08dxfH8k3YWCaKKcicnrTNEY4byeLwBokZ7zC81mDlZeou6InIf6gAARC,0,0,Photos,,,,,08/01/2023,,,0,0,0,0,0,0,,,,,
1031032534574485,100064197037125,"PC Merchandise","Salamat sa tiwala boss CARLO! RYZEN 5 5600G comshop package — 2 units delivered ✅",,0,"08/22/2023 02:15",,https://www.facebook.com/pcmerchandise.co/posts/pfbid08dxfH8k3YWCaKKcicnrTNEY4byeLwBokZ7zC81mDlZeou6InIf6gAARC,0,0,Photos,,,,,08/02/2023,,,0,0,0,0,0,0,,,,,
1031032534574485,100064197037125,"PC Merchandise","Salamat sa tiwala boss CARLO! RYZEN 5 5600G comshop package — 2 units delivered ✅",,0,"08/22/2023 02:15",,https://www.facebook.com/pcmerchandise.co/posts/pfbid08dxfH8k3YWCaKKcicnrTNEY4byeLwBokZ7zC81mDlZeou6InIf6gAARC,0,0,Photos,,,,,08/03/2023,,,0,0,0,0,0,0,,,,,
1031032534574485,100064197037125,"PC Merchandise","Salamat sa tiwala boss CARLO! RYZEN 5 5600G comshop package — 2 units delivered ✅",,0,"08/22/2023 02:15",,https://www.facebook.com/pcmerchandise.co/posts/pfbid08dxfH8k3YWCaKKcicnrTNEY4byeLwBokZ7zC81mDlZeou6InIf6gAARC,0,0,Photos,,,,,08/04/2023,,,0,0,0,0,0,0,,,,,
1031032534574485,100064197037125,"PC Merchandise","Salamat sa tiwala boss CARLO! RYZEN 5 5600G comshop package — 2 units delivered ✅",,0,"08/22/2023 02:15",,https://www.facebook.com/pcmerchandise.co/posts/pfbid08dxfH8k3YWCaKKcicnrTNEY4byeLwBokZ7zC81mDlZeou6InIf6gAARC,0,0,Photos,,,,,08/05/2023,,,0,0,0,0,0,0,,,,,
1031032534574485,100064197037125,"PC Merchandise","Salamat sa tiwala boss CARLO! RYZEN 5 5600G comshop package — 2 units delivered ✅",,0,"08/22/2023 02:15",,https://www.facebook.com/pcmerchandise.co/posts/pfbid08dxfH8k3YWCaKKcicnrTNEY4byeLwBokZ7zC81mDlZeou6InIf6gAARC,0,0,Photos,,,,,08/06/2023,,,0,0,0,0,0,0,,,,,
1031032534574485,100064197037125,"PC Merchandise","Salamat sa tiwala boss CARLO! RYZEN 5 5600G comshop package — 2 units delivered ✅",,0,"08/22/2023 02:15",,https://www.facebook.com/pcmerchandise.co/posts/pfbid08dxfH8k3YWCaKKcicnrTNEY4byeLwBokZ7zC81mDlZeou6InIf6gAARC,0,0,Photos,,,,,08/07/2023,,,0,0,0,0,0,0,,,,,
1031032534574485,100064197037125,"PC Merchandise","Salamat sa tiwala boss CARLO! RYZEN 5 5600G comshop package — 2 units delivered ✅",,0,"08/22/2023 02:15",,https://www.facebook.com/pcmerchandise.co/posts/pfbid08dxfH8k3YWCaKKcicnrTNEY4byeLwBokZ7zC81mDlZeou6InIf6gAARC,0,0,Photos,,,,,08/08/2023,,,0,0,0,0,0,0,,,,,
1031032534574485,100064197037125,"PC Merchandise","Salamat sa tiwala boss CARLO! RYZEN 5 5600G comshop package — 2 units delivered ✅",,0,"08/22/2023 02:15",,https://www.facebook.com/pcmerchandise.co/posts/pfbid08dxfH8k3YWCaKKcicnrTNEY4byeLwBokZ7zC81mDlZeou6InIf6gAARC,0,0,Photos,,,,,08/09/2023,,,0,0,0,0,0,0,,,,,
1031032534574485,100064197037125,"PC Merchandise","Salamat sa tiwala boss CARLO! RYZEN 5 5600G comshop package — 2 units delivered ✅",,0,"08/22/2023 02:15",,https://www.facebook.com/pcmerchandise.co/posts/pfbid08dxfH8k3YWCaKKcicnrTNEY4byeLwBokZ7zC81mDlZeou6InIf6gAARC,0,0,Photos,,,,,08/10/2023,,,0,0,0,0,0,0,,,,,
1031032534574485,100064197037125,"PC Merchandise","Salamat sa tiwala boss CARLO! RYZEN 5 5600G comshop package — 2 units delivered ✅",,0,"08/22/2023 02:15",,https://www.facebook.com/pcmerchandise.co/posts/pfbid08dxfH8k3YWCaKKcicnrTNEY4byeLwBokZ7zC81mDlZeou6InIf6gAARC,0,0,Photos,,,,,08/11/2023,,,0,0,0,0,0,0,,,,,
1031032534574485,100064197037125,"PC Merchandise","Salamat sa tiwala boss CARLO! RYZEN 5 5600G comshop package — 2 units delivered ✅",,0,"08/22/2023 02:15",,https://www.facebook.com/pcmerchandise.co/posts/pfbid08dxfH8k3YWCaKKcicnrTNEY4byeLwBokZ7zC81mDlZeou6InIf6gAARC,0,0,Photos,,,,,08/12/2023,,,0,0,0,0,0,0,,,,,
1031032534574485,100064197037125,"PC Merchandise","Salamat sa tiwala boss CARLO! RYZEN 5 5600G comshop package — 2 units delivered ✅",,0,"08/22/2023 02:15",,https://www.facebook.com/pcmerchandise.co/posts/pfbid08dxfH8k3YWCaKKcicnrTNEY4byeLwBokZ7zC81mDlZeou6InIf6gAARC,0,0,Photos,,,,,08/13/2023,,,0,0,0,0,0,0,,,,,
1031032534574485,100064197037125,"PC Merchandise","Salamat sa tiwala boss CARLO! RYZEN 5 5600G comshop package — 2 units delivered ✅",,0,"08/22/2023 02:15",,https://www.facebook.com/pcmerchandise.co/posts/pfbid08dxfH8k3YWCaKKcicnrTNEY4byeLwBokZ7zC81mDlZeou6InIf6gAARC,0,0,Photos,,,,,08/14/2023,,,0,0,0,0,0,0,,,,,
1031032534574485,100064197037125,"PC Merchandise","Salamat sa tiwala boss CARLO! RYZEN 5 5600G comshop package — 2 units delivered ✅",,0,"08/22/2023 02:15",,https://www.facebook.com/pcmerchandise.co/posts/pfbid08dxfH8k3YWCaKKcicnrTNEY4byeLwBokZ7zC81mDlZeou6InIf6gAARC,0,0,Photos,,,,,08/15/2023,,,0,0,0,0,0,0,,,,,
1031032534574485,100064197037125,"PC Merchandise","Salamat sa tiwala boss CARLO! RYZEN 5 5600G comshop package — 2 units delivered ✅",,0,"08/22/2023 02:15",,https://www.facebook.com/pcmerchandise.co/posts/pfbid08dxfH8k3YWCaKKcicnrTNEY4byeLwBokZ7zC81mDlZeou6InIf6gAARC,0,0,Photos,,,,,08/16/2023,,,0,0,0,0,0,0,,,,,
1031032534574485,100064197037125,"PC Merchandise","Salamat sa tiwala boss CARLO! RYZEN 5 5600G comshop package — 2 units delivered ✅",,0,"08/22/2023 02:15",,https://www.facebook.com/pcmerchandise.co/posts/pfbid08dxfH8k3YWCaKKcicnrTNEY4byeLwBokZ7zC81mDlZeou6InIf6gAARC,0,0,Photos,,,,,08/17/2023,,,0,0,0,0,0,0,,,,,
1031032534574485,100064197037125,"PC Merchandise","Salamat sa tiwala boss CARLO! RYZEN 5 5600G comshop package — 2 units delivered ✅",,0,"08/22/2023 02:15",,https://www.facebook.com/pcmerchandise.co/posts/pfbid08dxfH8k3YWCaKKcicnrTNEY4byeLwBokZ7zC81mDlZeou6InIf6gAARC,0,0,Photos,,,,,08/18/2023,,,0,0,0,0,0,0,,,,,
1031032534574485,100064197037125,"PC Merchandise","Salamat sa tiwala boss CARLO! RYZEN 5 5600G comshop package — 2 units delivered ✅",,0,"08/22/2023 02:15",,https://www.facebook.com/pcmerchandise.co/posts/pfbid08dxfH8k3YWCaKKcicnrTNEY4byeLwBokZ7zC81mDlZeou6InIf6gAARC,0,0,Photos,,,,,08/19/2023,,,0,0,0,0,0,0,,,,,
1031032534574485,100064197037125,"PC Merchandise","Salamat sa tiwala boss CARLO! RYZEN 5 5600G comshop package — 2 units delivered ✅",,0,"08/22/2023 02:15",,https://www.facebook.com/pcmerchandise.co/posts/pfbid08dxfH8k3YWCaKKcicnrTNEY4byeLwBokZ7zC81mDlZeou6InIf6gAARC,0,0,Photos,,,,,08/20/2023,,,0,0,0,0,0,0,,,,,
1031032534574485,100064197037125,"PC Merchandise","Salamat sa tiwala boss CARLO! RYZEN 5 5600G comshop package — 2 units delivered ✅",,0,"08/22/2023 02:15",,https://www.facebook.com/pcmerchandise.co/posts/pfbid08dxfH8k3YWCaKKcicnrTNEY4byeLwBokZ7zC81mDlZeou6InIf6gAARC,0,0,Photos,,,,,08/21/2023,,,0,0,0,0,0,0,,,,,
1031032534574485,100064197037125,"PC Merchandise","Salamat sa tiwala boss CARLO! RYZEN 5 5600G comshop package — 2 units delivered ✅",,0,"08/22/2023 02:15",,https://www.facebook.com/pcmerchandise.co/posts/pfbid08dxfH8k3YWCaKKcicnrTNEY4byeLwBokZ7zC81mDlZeou6InIf6gAARC,0,0,Photos,,,,,08/22/2023,,,0,0,0,0,0,0,,,,,
1031032534574485,100064197037125,"PC Merchandise","Salamat sa tiwala boss CARLO! RYZEN 5 5600G comshop package — 2 units delivered ✅",,0,"08/22/2023 02:15",,https://www.facebook.com/pcmerchandise.co/posts/pfbid08dxfH8k3YWCaKKcicnrTNEY4byeLwBokZ7zC81mDlZeou6InIf6gAARC,0,0,Photos,,,,,08/23/2023,,,0,0,0,0,0,0,,,,,
1031032534574485,100064197037125,"PC Merchandise","Salamat sa tiwala boss CARLO! RYZEN 5 5600G comshop package — 2 units delivered ✅",,0,"08/22/2023 02:15",,https://www.facebook.com/pcmerchandise.co/posts/pfbid08dxfH8k3YWCaKKcicnrTNEY4byeLwBokZ7zC81mDlZeou6InIf6gAARC,0,0,Photos,,,,,08/24/2023,,,0,0,0,0,0,0,,,,,
1031032534574485,100064197037125,"PC Merchandise","Salamat sa tiwala boss CARLO! RYZEN 5 5600G comshop package — 2 units delivered ✅",,0,"08/22/2023 02:15",,https://www.facebook.com/pcmerchandise.co/posts/pfbid08dxfH8k3YWCaKKcicnrTNEY4byeLwBokZ7zC81mDlZeou6InIf6gAARC,0,0,Photos,,,,,08/25/2023,,,0,0,0,0,0,0,,,,,
1031032534574485,100064197037125,"PC Merchandise","Salamat sa tiwala boss CARLO! RYZEN 5 5600G comshop package — 2 units delivered ✅",,0,"08/22/2023 02:15",,https://www.facebook.com/pcmerchandise.co/posts/pfbid08dxfH8k3YWCaKKcicnrTNEY4byeLwBokZ7zC81mDlZeou6InIf6gAARC,0,0,Photos,,,,,08/26/2023,,,0,0,0,0,0,0,,,,,
1031032534574485,100064197037125,"PC Merchandise","Salamat sa tiwala boss CARLO! RYZEN 5 5600G comshop package — 2 units delivered ✅",,0,"08/22/2023 02:15",,https://www.facebook.com/pcmerchandise.co/posts/pfbid08dxfH8k3YWCaKKcicnrTNEY4byeLwBokZ7zC81mDlZeou6InIf6gAARC,0,0,Photos,,,,,08/27/2023,,,0,0,0,0,0,0,,,,,
1031032534574485,100064197037125,"PC Merchandise","Salamat sa tiwala boss CARLO! RYZEN 5 5600G comshop package — 2 units delivered ✅",,0,"08/22/2023 02:15",,https://www.facebook.com/pcmerchandise.co/posts/pfbid08dxfH8k3YWCaKKcicnrTNEY4byeLwBokZ7zC81mDlZeou6InIf6gAARC,0,0,Photos,,,,,08/28/2023,,,0,0,0,0,0,0,,,,,
1031032534574485,100064197037125,"PC Merchandise","Salamat sa tiwala boss CARLO! RYZEN 5 5600G comshop package — 2 units delivered ✅",,0,"08/22/2023 02:15",,https://www.facebook.com/pcmerchandise.co/posts/pfbid08dxfH8k3YWCaKKcicnrTNEY4byeLwBokZ7zC81mDlZeou6InIf6gAARC,0,0,Photos,,,,,08/29/2023,,,0,0,0,0,0,0,,,,,
1031032534574485,100064197037125,"PC Merchandise","Salamat sa tiwala boss CARLO! RYZEN 5 5600G comshop package — 2 units delivered ✅",,0,"08/22/2023 02:15",,https://www.facebook.com/pcmerchandise.co/posts/pfbid08dxfH8k3YWCaKKcicnrTNEY4byeLwBokZ7zC81mDlZeou6InIf6gAARC,0,0,Photos,,,,,08/30/2023,,,0,0,0,0,0,0,,,,,
1031032534574485,100064197037125,"PC Merchandise","Salamat sa tiwala boss CARLO! RYZEN 5 5600G comshop package — 2 units delivered ✅",,0,"08/22/2023 02:15",,https://www.facebook.com/pcmerchandise.co/posts/pfbid08dxfH8k3YWCaKKcicnrTNEY4byeLwBokZ7zC81mDlZeou6InIf6gAARC,0,0,Photos,,,,,08/31/2023,,,0,0,0,0,0,0,,,,,
1031230373887176,100064197037125,"PC Merchandise","Another comshop delivered! 6 units RYZEN 5 3400G para sa bagong negosyo ni JAMES 💪",,54,"08/21/2023 02:48",auto,https://www.facebook.com/reel/1936306389358555/,0,1,Reels,,,,,08/01/2023,0,,,,,,0,0,0,0,0,0.000,2.778
1031230373887176,100064197037125,"PC Merchandise","Another comshop delivered! 6 units RYZEN 5 3400G para sa bagong negosyo ni JAMES 💪",,54,"08/21/2023 02:48",auto,https://www.facebook.com/reel/1936306389358555/,0,1,Reels,,,,,08/02/2023,0,,,,,,0,0,0,0,0,0.000,6.238
1031230373887176,100064197037125,"PC Merchandise","Another comshop delivered! 6 units RYZEN 5 3400G para sa bagong negosyo ni JAMES 💪",,54,"08/21/2023 02:48",auto,https://www.facebook.com/reel/1936306389358555/,0,1,Reels,,,,,08/03/2023,0,,,,,,0,0,0,0,0,0.000,3.446
1031230373887176,100064197037125,"PC Merchandise","Another comshop delivered! 6 units RYZEN 5 3400G para sa bagong negosyo ni JAMES 💪",,54,"08/21/2023 02:48",auto,https://www.facebook.com/reel/1936306389358555/,0,1,Reels,,,,,08/04/2023,0,,,,,,0,0,0,0,0,0.000,3.543
1031230373887176,100064197037125,"PC Merchandise","Another comshop delivered! 6 units RYZEN 5 3400G para sa bagong negosyo ni JAMES 💪",,54,"08/21/2023 02:48",auto,https://www.facebook.com/reel/1936306389358555/,0,1,Reels,,,,,08/05/2023,0,,,,,,0,0,0,0,0,0.000,5.196
1031230373887176,100064197037125,"PC Merchandise","Another comshop delivered! 6 units RYZEN 5 3400G para sa bagong negosyo ni JAMES 💪",,54,"08/21/2023 02:48",auto,https://www.facebook.com/reel/1936306389358555/,0,1,Reels,,,,,08/06/2023,0,,,,,,0,0,0,0,0,0.000,4.752
1031230373887176,100064197037125,"PC Merchandise","Another comshop delivered! 6 units RYZEN 5 3400G para sa bagong negosyo ni JAMES 💪",,54,"08/21/2023 02:48",auto,https://www.facebook.com/reel/1936306389358555/,0,1,Reels,,,,,08/07/2023,0,,,,,,0,0,0,0,0,0.000,3.729
1031230373887176,100064197037125,"PC Merchandise","Another comshop delivered! 6 units RYZEN 5 3400G para sa bagong negosyo ni JAMES 💪",,54,"08/21/2023 02:48",auto,https://www.facebook.com/reel/1936306389358555/,0,1,Reels,,,,,08/08/2023,0,,,,,,0,0,0,0,0,0.000,2.096
1031230373887176,100064197037125,"PC Merchandise","Another comshop delivered! 6 units RYZEN 5 3400G para sa bagong negosyo ni JAMES 💪",,54,"08/21/2023 02:48",auto,https://www.facebook.com/reel/1936306389358555/,0,1,Reels,,,,,08/09/2023,0,,,,,,0,0,0,0,0,0.000,4.568
1031230373887176,100064197037125,"PC Merchandise","Another comshop delivered! 6 units RYZEN 5 3400G para sa bagong negosyo ni JAMES 💪",,54,"08/21/2023 02:48",auto,https://www.facebook.com/reel/1936306389358555/,0,1,Reels,,,,,08/10/2023,0,,,,,,0,0,0,0,0,0.000,4.319
1031230373887176,100064197037125,"PC Merchandise","Another comshop delivered! 6 units RYZEN 5 3400G para sa bagong negosyo ni JAMES 💪",,54,"08/21/2023 02:48",auto,https://www.facebook.com/reel/1936306389358555/,0,1,Reels,,,,,08/11/2023,0,,,,,,0,0,0,0,0,0.000,5.567
1031230373887176,100064197037125,"PC Merchandise","Another comshop delivered! 6 units RYZEN 5 3400G para sa bagong negosyo ni JAMES 💪",,54,"08/21/2023 02:48",auto,https://www.facebook.com/reel/1936306389358555/,0,1,Reels,,,,,08/12/2023,0,,,,,,0,0,0,0,0,0.000,4.142
1031230373887176,100064197037125,"PC Merchandise","Another comshop delivered! 6 units RYZEN 5 3400G para sa bagong negosyo ni JAMES 💪",,54,"08/21/2023 02:48",auto,https://www.facebook.com/reel/1936306389358555/,0,1,Reels,,,,,08/13/2023,0,,,,,,0,0,0,0,0,0.000,4.263
1031230373887176,100064197037125,"PC Merchandise","Another comshop delivered! 6 units RYZEN 5 3400G para sa bagong negosyo ni JAMES 💪",,54,"08/21/2023 02:48",auto,https://www.facebook.com/reel/1936306389358555/,0,1,Reels,,,,,08/14/2023,0,,,,,,0,0,0,0,0,0.000,3.511
1031230373887176,100064197037125,"PC Merchandise","Another comshop delivered! 6 units RYZEN 5 3400G para sa bagong negosyo ni JAMES 💪",,54,"08/21/2023 02:48",auto,https://www.facebook.com/reel/1936306389358555/,0,1,Reels,,,,,08/15/2023,0,,,,,,0,0,0,0,0,0.000,4.394
1031230373887176,100064197037125,"PC Merchandise","Another comshop delivered! 6 units RYZEN 5 3400G para sa bagong negosyo ni JAMES 💪",,54,"08/21/2023 02:48",auto,https://www.facebook.com/reel/1936306389358555/,0,1,Reels,,,,,08/16/2023,0,,,,,,0,0,0,0,0,0.000,4.393
1031230373887176,100064197037125,"PC Merchandise","Another comshop delivered! 6 units RYZEN 5 3400G para sa bagong negosyo ni JAMES 💪",,54,"08/21/2023 02:48",auto,https://www.facebook.com/reel/1936306389358555/,0,1,Reels,,,,,08/17/2023,0,,,,,,0,0,0,0,0,0.000,3.657
1031230373887176,100064197037125,"PC Merchandise","Another comshop delivered! 6 units RYZEN 5 3400G para sa bagong negosyo ni JAMES 💪",,54,"08/21/2023 02:48",auto,https://www.facebook.com/reel/1936306389358555/,0,1,Reels,,,,,08/18/2023,0,,,,,,0,0,0,0,0,0.000,3.547
1031230373887176,100064197037125,"PC Merchandise","Another comshop delivered! 6 units RYZEN 5 3400G para sa bagong negosyo ni JAMES 💪",,54,"08/21/2023 02:48",auto,https://www.facebook.com/reel/1936306389358555/,0,1,Reels,,,,,08/19/2023,0,,,,,,0,0,0,0,0,0.000,5.576
1031230373887176,100064197037125,"PC Merchandise","Another comshop delivered! 6 units RYZEN 5 3400G para sa bagong negosyo ni JAMES 💪",,54,"08/21/2023 02:48",auto,https://www.facebook.com/reel/1936306389358555/,0,1,Reels,,,,,08/20/2023,0,,,,,,0,0,0,0,0,0.000,4.361
1031230373887176,100064197037125,"PC Merchandise","Another comshop delivered! 6 units RYZEN 5 3400G para sa bagong negosyo ni JAMES 💪",,54,"08/21/2023 02:48",auto,https://www.facebook.com/reel/1936306389358555/,0,1,Reels,,,,,08/21/2023,0,,,,,,20,0,0,0,0,494.290,5.384
1031230373887176,100064197037125,"PC Merchandise","Another comshop delivered! 6 units RYZEN 5 3400G para sa bagong negosyo ni JAMES 💪",,54,"08/21/2023 02:48",auto,https://www.facebook.com/reel/1936306389358555/,0,1,Reels,,,,,08/22/2023,0,,,,,,14,0,0,0,0,332.070,3.709
1031230373887176,100064197037125,"PC Merchandise","Another comshop delivered! 6 units RYZEN 5 3400G para sa bagong negosyo ni JAMES 💪",,54,"08/21/2023 02:48",auto,https://www.facebook.com/reel/1936306389358555/,0,1,Reels,,,,,08/23/2023,0,,,,,,9,0,0,0,0,261.092,3.201
1031230373887176,100064197037125,"PC Merchandise","Another comshop delivered! 6 units RYZEN 5 3400G para sa bagong negosyo ni JAMES 💪",,54,"08/21/2023 02:48",auto,https://www.facebook.com/reel/1936306389358555/,0,1,Reels,,,,,08/24/2023,0,,,,,,15,0,0,0,0,315.170,4.405
1031230373887176,100064197037125,"PC Merchandise","Another comshop delivered! 6 units RYZEN 5 3400G para sa bagong negosyo ni JAMES 💪",,54,"08/21/2023 02:48",auto,https://www.facebook.com/reel/1936306389358555/,0,1,Reels,,,,,08/25/2023,0,,,,,,19,0,0,0,0,192.720,4.105
1031230373887176,100064197037125,"PC Merchandise","Another comshop delivered! 6 units RYZEN 5 3400G para sa bagong negosyo ni JAMES 💪",,54,"08/21/2023 02:48",auto,https://www.facebook.com/reel/1936306389358555/,0,1,Reels,,,,,08/26/2023,0,,,,,,11,0,0,0,0,50.556,4.936
1031230373887176,100064197037125,"PC Merchandise","Another comshop delivered! 6 units RYZEN 5 3400G para sa bagong negosyo ni JAMES 💪",,54,"08/21/2023 02:48",auto,https://www.facebook.com/reel/1936306389358555/,0,1,Reels,,,,,08/27/2023,0,,,,,,12,0,0,0,0,44.126,4.035
1031230373887176,100064197037125,"PC Merchandise","Another comshop delivered! 6 units RYZEN 5 3400G para sa bagong negosyo ni JAMES 💪",,54,"08/21/2023 02:48",auto,https://www.facebook.com/reel/1936306389358555/,0,1,Reels,,,,,08/28/2023,0,,,,,,0,0,0,0,0,92.012,5.592
1031230373887176,100064197037125,"PC Merchandise","Another comshop delivered! 6 units RYZEN 5 3400G para sa bagong negosyo ni JAMES 💪",,54,"08/21/2023 02:48",auto,https://www.facebook.com/reel/1936306389358555/,0,1,Reels,,,,,08/29/2023,0,,,,,,0,0,0,0,0,52.885,5.482
1031230373887176,100064197037125,"PC Merchandise","Another comshop delivered! 6 units RYZEN 5 3400G para sa bagong negosyo ni JAMES 💪",,54,"08/21/2023 02:48",auto,https://www.facebook.com/reel/1936306389358555/,0,1,Reels,,,,,08/30/2023,0,,,,,,0,0,0,0,0,65.341,4.724
1031230373887176,100064197037125,"PC Merchandise","Another comshop delivered! 6 units RYZEN 5 3400G para sa bagong negosyo ni JAMES 💪",,54,"08/21/2023 02:48",auto,https://www.facebook.com/reel/1936306389358555/,0,1,Reels,,,,,08/31/2023,0,,,,,,0,0,0,0,0,37.680,3.613
1030855807029766,100064197037125,"PC Merchandise","One more rig complete. One more client satisfied. Built with i3 12100F + RX 580. PM us for yours!",,0,"08/20/2023 19:00",,https://www.facebook.com/pcmerchandise.co/posts/pfbid0uEGjxZy6fijwfyTKUFQ3RW4jGYZc7f7tg6WyY6VkXpngQJz5goAZAhAe,0,0,Photos,,,,,08/31/2023,1,,,,,,,,,,,,
1030855807029766,100064197037125,"PC Merchandise","One more rig complete. One more client satisfied. Built with i3 12100F + RX 580. PM us for yours!",,0,"08/20/2023 19:00",,https://www.facebook.com/pcmerchandise.co/posts/pfbid0uEGjxZy6fijwfyTKUFQ3RW4jGYZc7f7tg6WyY6VkXpngQJz5goAZAhAe,0,0,Photos,,,,,08/01/2023,,,0,0,0,0,0,0,,,,,
1030855807029766,100064197037125,"PC Merchandise","One more rig complete. One more client satisfied. Built with i3 12100F + RX 580. PM us for yours!",,0,"08/20/2023 19:00",,https://www.facebook.com/pcmerchandise.co/posts/pfbid0uEGjxZy6fijwfyTKUFQ3RW4jGYZc7f7tg6WyY6VkXpngQJz5goAZAhAe,0,0,Photos,,,,,08/02/2023,,,0,0,0,0,0,0,,,,,
1030855807029766,100064197037125,"PC Merchandise","One more rig complete. One more client satisfied. Built with i3 12100F + RX 580. PM us for yours!",,0,"08/20/2023 19:00",,https://www.facebook.com/pcmerchandise.co/posts/pfbid0uEGjxZy6fijwfyTKUFQ3RW4jGYZc7f7tg6WyY6VkXpngQJz5goAZAhAe,0,0,Photos,,,,,08/03/2023,,,0,0,0,0,0,0,,,,,
1030855807029766,100064197037125,"PC Merchandise","One more rig complete. One more client satisfied. Built with i3 12100F + RX 580. PM us for yours!",,0,"08/20/2023 19:00",,https://www.facebook.com/pcmerchandise.co/posts/pfbid0uEGjxZy6fijwfyTKUFQ3RW4jGYZc7f7tg6WyY6VkXpngQJz5goAZAhAe,0,0,Photos,,,,,08/04/2023,,,0,0,0,0,0,0,,,,,
1030855807029766,100064197037125,"PC Merchandise","One more rig complete. One more client satisfied. Built with i3 12100F + RX 580. PM us for yours!",,0,"08/20/2023 19:00",,https://www.facebook.com/pcmerchandise.co/posts/pfbid0uEGjxZy6fijwfyTKUFQ3RW4jGYZc7f7tg6WyY6VkXpngQJz5goAZAhAe,0,0,Photos,,,,,08/05/2023,,,0,0,0,0,0,0,,,,,
1030855807029766,100064197037125,"PC Merchandise","One more rig complete. One more client satisfied. Built with i3 12100F + RX 580. PM us for yours!",,0,"08/20/2023 19:00",,https://www.facebook.com/pcmerchandise.co/posts/pfbid0uEGjxZy6fijwfyTKUFQ3RW4jGYZc7f7tg6WyY6VkXpngQJz5goAZAhAe,0,0,Photos,,,,,08/06/2023,,,0,0,0,0,0,0,,,,,
1030855807029766,100064197037125,"PC Merchandise","One more rig complete. One more client satisfied. Built with i3 12100F + RX 580. PM us for yours!",,0,"08/20/2023 19:00",,https://www.facebook.com/pcmerchandise.co/posts/pfbid0uEGjxZy6fijwfyTKUFQ3RW4jGYZc7f7tg6WyY6VkXpngQJz5goAZAhAe,0,0,Photos,,,,,08/07/2023,,,0,0,0,0,0,0,,,,,
1030855807029766,100064197037125,"PC Merchandise","One more rig complete. One more client satisfied. Built with i3 12100F + RX 580. PM us for yours!",,0,"08/20/2023 19:00",,https://www.facebook.com/pcmerchandise.co/posts/pfbid0uEGjxZy6fijwfyTKUFQ3RW4jGYZc7f7tg6WyY6VkXpngQJz5goAZAhAe,0,0,Photos,,,,,08/08/2023,,,0,0,0,0,0,0,,,,,
1030855807029766,100064197037125,"PC Merchandise","One more rig complete. One more client satisfied. Built with i3 12100F + RX 580. PM us for yours!",,0,"08/20/2023 19:00",,https://www.facebook.com/pcmerchandise.co/posts/pfbid0uEGjxZy6fijwfyTKUFQ3RW4jGYZc7f7tg6WyY6VkXpngQJz5goAZAhAe,0,0,Photos,,,,,08/09/2023,,,0,0,0,0,0,0,,,,,
1030855807029766,100064197037125,"PC Merchandise","One more rig complete. One more client satisfied. Built with i3 12100F + RX 580. PM us for yours!",,0,"08/20/2023 19:00",,https://www.facebook.com/pcmerchandise.co/posts/pfbid0uEGjxZy6fijwfyTKUFQ3RW4jGYZc7f7tg6WyY6VkXpngQJz5goAZAhAe,0,0,Photos,,,,,08/10/2023,,,0,0,0,0,0,0,,,,,
1030855807029766,100064197037125,"PC Merchandise","One more rig complete. One more client satisfied. Built with i3 12100F + RX 580. PM us for yours!",,0,"08/20/2023 19:00",,https://www.facebook.com/pcmerchandise.co/posts/pfbid0uEGjxZy6fijwfyTKUFQ3RW4jGYZc7f7tg6WyY6VkXpngQJz5goAZAhAe,0,0,Photos,,,,,08/11/2023,,,0,0,0,0,0,0,,,,,
1030855807029766,100064197037125,"PC Merchandise","One more rig complete. One more client satisfied. Built with i3 12100F + RX 580. PM us for yours!",,0,"08/20/2023 19:00",,https://www.facebook.com/pcmerchandise.co/posts/pfbid0uEGjxZy6fijwfyTKUFQ3RW4jGYZc7f7tg6WyY6VkXpngQJz5goAZAhAe,0,0,Photos,,,,,08/12/2023,,,0,0,0,0,0,0,,,,,
1030855807029766,100064197037125,"PC Merchandise","One more rig complete. One more client satisfied. Built with i3 12100F + RX 580. PM us for yours!",,0,"08/20/2023 19:00",,https://www.facebook.com/pcmerchandise.co/posts/pfbid0uEGjxZy6fijwfyTKUFQ3RW4jGYZc7f7tg6WyY6VkXpngQJz5goAZAhAe,0,0,Photos,,,,,08/13/2023,,,0,0,0,0,0,0,,,,,
1030855807029766,100064197037125,"PC Merchandise","One more rig complete. One more client satisfied. Built with i3 12100F + RX 580. PM us for yours!",,0,"08/20/2023 19:00",,https://www.facebook.com/pcmerchandise.co/posts/pfbid0uEGjxZy6fijwfyTKUFQ3RW4jGYZc7f7tg6WyY6VkXpngQJz5goAZAhAe,0,0,Photos,,,,,08/14/2023,,,0,0,0,0,0,0,,,,,
1030855807029766,100064197037125,"PC Merchandise","One more rig complete. One more client satisfied. Built with i3 12100F + RX 580. PM us for yours!",,0,"08/20/2023 19:00",,https://www.facebook.com/pcmerchandise.co/posts/pfbid0uEGjxZy6fijwfyTKUFQ3RW4jGYZc7f7tg6WyY6VkXpngQJz5goAZAhAe,0,0,Photos,,,,,08/15/2023,,,0,0,0,0,0,0,,,,,
1030855807029766,100064197037125,"PC Merchandise","One more rig complete. One more client satisfied. Built with i3 12100F + RX 580. PM us for yours!",,0,"08/20/2023 19:00",,https://www.facebook.com/pcmerchandise.co/posts/pfbid0uEGjxZy6fijwfyTKUFQ3RW4jGYZc7f7tg6WyY6VkXpngQJz5goAZAhAe,0,0,Photos,,,,,08/16/2023,,,0,0,0,0,0,0,,,,,
1030855807029766,100064197037125,"PC Merchandise","One more rig complete. One more client satisfied. Built with i3 12100F + RX 580. PM us for yours!",,0,"08/20/2023 19:00",,https://www.facebook.com/pcmerchandise.co/posts/pfbid0uEGjxZy6fijwfyTKUFQ3RW4jGYZc7f7tg6WyY6VkXpngQJz5goAZAhAe,0,0,Photos,,,,,08/17/2023,,,0,0,0,0,0,0,,,,,
1030855807029766,100064197037125,"PC Merchandise","One more rig complete. One more client satisfied. Built with i3 12100F + RX 580. PM us for yours!",,0,"08/20/2023 19:00",,https://www.facebook.com/pcmerchandise.co/posts/pfbid0uEGjxZy6fijwfyTKUFQ3RW4jGYZc7f7tg6WyY6VkXpngQJz5goAZAhAe,0,0,Photos,,,,,08/18/2023,,,0,0,0,0,0,0,,,,,
1030855807029766,100064197037125,"PC Merchandise","One more rig complete. One more client satisfied. Built with i3 12100F + RX 580. PM us for yours!",,0,"08/20/2023 19:00",,https://www.facebook.com/pcmerchandise.co/posts/pfbid0uEGjxZy6fijwfyTKUFQ3RW4jGYZc7f7tg6WyY6VkXpngQJz5goAZAhAe,0,0,Photos,,,,,08/19/2023,,,0,0,0,0,0,0,,,,,
1030855807029766,100064197037125,"PC Merchandise","One more rig complete. One more client satisfied. Built with i3 12100F + RX 580. PM us for yours!",,0,"08/20/2023 19:00",,https://www.facebook.com/pcmerchandise.co/posts/pfbid0uEGjxZy6fijwfyTKUFQ3RW4jGYZc7f7tg6WyY6VkXpngQJz5goAZAhAe,0,0,Photos,,,,,08/20/2023,,,0,0,0,0,0,0,,,,,
1030855807029766,100064197037125,"PC Merchandise","One more rig complete. One more client satisfied. Built with i3 12100F + RX 580. PM us for yours!",,0,"08/20/2023 19:00",,https://www.facebook.com/pcmerchandise.co/posts/pfbid0uEGjxZy6fijwfyTKUFQ3RW4jGYZc7f7tg6WyY6VkXpngQJz5goAZAhAe,0,0,Photos,,,,,08/21/2023,,,0,0,0,0,0,0,,,,,
1030855807029766,100064197037125,"PC Merchandise","One more rig complete. One more client satisfied. Built with i3 12100F + RX 580. PM us for yours!",,0,"08/20/2023 19:00",,https://www.facebook.com/pcmerchandise.co/posts/pfbid0uEGjxZy6fijwfyTKUFQ3RW4jGYZc7f7tg6WyY6VkXpngQJz5goAZAhAe,0,0,Photos,,,,,08/22/2023,,,0,0,0,0,0,0,,,,,
1030855807029766,100064197037125,"PC Merchandise","One more rig complete. One more client satisfied. Built with i3 12100F + RX 580. PM us for yours!",,0,"08/20/2023 19:00",,https://www.facebook.com/pcmerchandise.co/posts/pfbid0uEGjxZy6fijwfyTKUFQ3RW4jGYZc7f7tg6WyY6VkXpngQJz5goAZAhAe,0,0,Photos,,,,,08/23/2023,,,0,0,0,0,0,0,,,,,
1030855807029766,100064197037125,"PC Merchandise","One more rig complete. One more client satisfied. Built with i3 12100F + RX 580. PM us for yours!",,0,"08/20/2023 19:00",,https://www.facebook.com/pcmerchandise.co/posts/pfbid0uEGjxZy6fijwfyTKUFQ3RW4jGYZc7f7tg6WyY6VkXpngQJz5goAZAhAe,0,0,Photos,,,,,08/24/2023,,,0,0,0,0,0,0,,,,,
1030855807029766,100064197037125,"PC Merchandise","One more rig complete. One more client satisfied. Built with i3 12100F + RX 580. PM us for yours!",,0,"08/20/2023 19:00",,https://www.facebook.com/pcmerchandise.co/posts/pfbid0uEGjxZy6fijwfyTKUFQ3RW4jGYZc7f7tg6WyY6VkXpngQJz5goAZAhAe,0,0,Photos,,,,,08/25/2023,,,0,0,0,0,0,0,,,,,
1030855807029766,100064197037125,"PC Merchandise","One more rig complete. One more client satisfied. Built with i3 12100F + RX 580. PM us for yours!",,0,"08/20/2023 19:00",,https://www.facebook.com/pcmerchandise.co/posts/pfbid0uEGjxZy6fijwfyTKUFQ3RW4jGYZc7f7tg6WyY6VkXpngQJz5goAZAhAe,0,0,Photos,,,,,08/26/2023,,,0,0,0,0,0,0,,,,,
1030855807029766,100064197037125,"PC Merchandise","One more rig complete. One more client satisfied. Built with i3 12100F + RX 580. PM us for yours!",,0,"08/20/2023 19:00",,https://www.facebook.com/pcmerchandise.co/posts/pfbid0uEGjxZy6fijwfyTKUFQ3RW4jGYZc7f7tg6WyY6VkXpngQJz5goAZAhAe,0,0,Photos,,,,,08/27/2023,,,0,0,0,0,0,0,,,,,
1030855807029766,100064197037125,"PC Merchandise","One more rig complete. One more client satisfied. Built with i3 12100F + RX 580. PM us for yours!",,0,"08/20/2023 19:00",,https://www.facebook.com/pcmerchandise.co/posts/pfbid0uEGjxZy6fijwfyTKUFQ3RW4jGYZc7f7tg6WyY6VkXpngQJz5goAZAhAe,0,0,Photos,,,,,08/28/2023,,,0,0,0,0,0,0,,,,,
1030855807029766,100064197037125,"PC Merchandise","One more rig complete. One more client satisfied. Built with i3 12100F + RX 580. PM us for yours!",,0,"08/20/2023 19:00",,https://www.facebook.com/pcmerchandise.co/posts/pfbid0uEGjxZy6fijwfyTKUFQ3RW4jGYZc7f7tg6WyY6VkXpngQJz5goAZAhAe,0,0,Photos,,,,,08/29/2023,,,0,0,0,0,0,0,,,,,
1030855807029766,100064197037125,"PC Merchandise","One more rig complete. One more client satisfied. Built with i3 12100F + RX 580. PM us for yours!",,0,"08/20/2023 19:00",,https://www.facebook.com/pcmerchandise.co/posts/pfbid0uEGjxZy6fijwfyTKUFQ3RW4jGYZc7f7tg6WyY6VkXpngQJz5goAZAhAe,0,0,Photos,,,,,08/30/2023,,,0,0,0,0,0,0,,,,,
1030855807029766,100064197037125,"PC Merchandise","One more rig complete. One more client satisfied. Built with i3 12100F + RX 580. PM us for yours!",,0,"08/20/2023 19:00",,https://www.facebook.com/pcmerchandise.co/posts/pfbid0uEGjxZy6fijwfyTKUFQ3RW4jGYZc7f7tg6WyY6VkXpngQJz5goAZAhAe,0,0,Photos,,,,,08/31/2023,,,0,0,0,0,0,0,,,,,
1030963219229501,100064197037125,"PC Merchandise","Sulit na sulit! RYZEN 5 4600G package, ready for pickup or shipping nationwide 🚚",,35,"08/20/2023 19:00",auto,https://www.facebook.com/reel/1591243597035700/,0,0,Reels,,,,,08/01/2023,0,,,,,,0,0,0,0,0,0.000,5.707
1030963219229501,100064197037125,"PC Merchandise","Sulit na sulit! RYZEN 5 4600G package, ready for pickup or shipping nationwide 🚚",,35,"08/20/2023 19:00",auto,https://www.facebook.com/reel/1591243597035700/,0,0,Reels,,,,,08/02/2023,0,,,,,,0,0,0,0,0,0.000,5.120
1030963219229501,100064197037125,"PC Merchandise","Sulit na sulit! RYZEN 5 4600G package, ready for pickup or shipping nationwide 🚚",,35,"08/20/2023 19:00",auto,https://www.facebook.com/reel/1591243597035700/,0,0,Reels,,,,,08/03/2023,0,,,,,,0,0,0,0,0,0.000,5.108
1030963219229501,100064197037125,"PC Merchandise","Sulit na sulit! RYZEN 5 4600G package, ready for pickup or shipping nationwide 🚚",,35,"08/20/2023 19:00",auto,https://www.facebook.com/reel/1591243597035700/,0,0,Reels,,,,,08/04/2023,0,,,,,,0,0,0,0,0,0.000,4.675
1030963219229501,100064197037125,"PC Merchandise","Sulit na sulit! RYZEN 5 4600G package, ready for pickup or shipping nationwide 🚚",,35,"08/20/2023 19:00",auto,https://www.facebook.com/reel/1591243597035700/,0,0,Reels,,,,,08/05/2023,0,,,,,,0,0,0,0,0,0.000,5.818
1030963219229501,100064197037125,"PC Merchandise","Sulit na sulit! RYZEN 5 4600G package, ready for pickup or shipping nationwide 🚚",,35,"08/20/2023 19:00",auto,https://www.facebook.com/reel/1591243597035700/,0,0,Reels,,,,,08/06/2023,0,,,,,,0,0,0,0,0,0.000,7.221
1030963219229501,100064197037125,"PC Merchandise","Sulit na sulit! RYZEN 5 4600G package, ready for pickup or shipping nationwide 🚚",,35,"08/20/2023 19:00",auto,https://www.facebook.com/reel/1591243597035700/,0,0,Reels,,,,,08/07/2023,0,,,,,,0,0,0,0,0,0.000,4.843
1030963219229501,100064197037125,"PC Merchandise","Sulit na sulit! RYZEN 5 4600G package, ready for pickup or shipping nationwide 🚚",,35,"08/20/2023 19:00",auto,https://www.facebook.com/reel/1591243597035700/,0,0,Reels,,,,,08/08/2023,0,,,,,,0,0,0,0,0,0.000,5.644
1030963219229501,100064197037125,"PC Merchandise","Sulit na sulit! RYZEN 5 4600G package, ready for pickup or shipping nationwide 🚚",,35,"08/20/2023 19:00",auto,https://www.facebook.com/reel/1591243597035700/,0,0,Reels,,,,,08/09/2023,0,,,,,,0,0,0,0,0,0.000,8.091
1030963219229501,100064197037125,"PC Merchandise","Sulit na sulit! RYZEN 5 4600G package, ready for pickup or shipping nationwide 🚚",,35,"08/20/2023 19:00",auto,https://www.facebook.com/reel/1591243597035700/,0,0,Reels,,,,,08/10/2023,0,,,,,,0,0,0,0,0,0.000,6.734
1030963219229501,100064197037125,"PC Merchandise","Sulit na sulit! RYZEN 5 4600G package, ready for pickup or shipping nationwide 🚚",,35,"08/20/2023 19:00",auto,https://www.facebook.com/reel/1591243597035700/,0,0,Reels,,,,,08/11/2023,0,,,,,,0,0,0,0,0,0.000,6.785
1030963219229501,100064197037125,"PC Merchandise","Sulit na sulit! RYZEN 5 4600G package, ready for pickup or shipping nationwide 🚚",,35,"08/20/2023 19:00",auto,https://www.facebook.com/reel/1591243597035700/,0,0,Reels,,,,,08/12/2023,0,,,,,,0,0,0,0,0,0.000,5.957
1030963219229501,100064197037125,"PC Merchandise","Sulit na sulit! RYZEN 5 4600G package, ready for pickup or shipping nationwide 🚚",,35,"08/20/2023 19:00",auto,https://www.facebook.com/reel/1591243597035700/,0,0,Reels,,,,,08/13/2023,0,,,,,,0,0,0,0,0,0.000,6.392
1030963219229501,100064197037125,"PC Merchandise","Sulit na sulit! RYZEN 5 4600G package, ready for pickup or shipping nationwide 🚚",,35,"08/20/2023 19:00",auto,https://www.facebook.com/reel/1591243597035700/,0,0,Reels,,,,,08/14/2023,0,,,,,,0,0,0,0,0,0.000,6.178
1030963219229501,100064197037125,"PC Merchandise","Sulit na sulit! RYZEN 5 4600G package, ready for pickup or shipping nationwide 🚚",,35,"08/20/2023 19:00",auto,https://www.facebook.com/reel/1591243597035700/,0,0,Reels,,,,,08/15/2023,0,,,,,,0,0,0,0,0,0.000,5.408
1030963219229501,100064197037125,"PC Merchandise","Sulit na sulit! RYZEN 5 4600G package, ready for pickup or shipping nationwide 🚚",,35,"08/20/2023 19:00",auto,https://www.facebook.com/reel/1591243597035700/,0,0,Reels,,,,,08/16/2023,0,,,,,,0,0,0,0,0,0.000,6.052
1030963219229501,100064197037125,"PC Merchandise","Sulit na sulit! RYZEN 5 4600G package, ready for pickup or shipping nationwide 🚚",,35,"08/20/2023 19:00",auto,https://www.facebook.com/reel/1591243597035700/,0,0,Reels,,,,,08/17/2023,0,,,,,,0,0,0,0,0,0.000,5.058
1030963219229501,100064197037125,"PC Merchandise","Sulit na sulit! RYZEN 5 4600G package, ready for pickup or shipping nationwide 🚚",,35,"08/20/2023 19:00",auto,https://www.facebook.com/reel/1591243597035700/,0,0,Reels,,,,,08/18/2023,0,,,,,,0,0,0,0,0,0.000,5.694
1030963219229501,100064197037125,"PC Merchandise","Sulit na sulit! RYZEN 5 4600G package, ready for pickup or shipping nationwide 🚚",,35,"08/20/2023 19:00",auto,https://www.facebook.com/reel/1591243597035700/,0,0,Reels,,,,,08/19/2023,0,,,,,,0,0,0,0,0,0.000,5.912
1030963219229501,100064197037125,"PC Merchandise","Sulit na sulit! RYZEN 5 4600G package, ready for pickup or shipping nationwide 🚚",,35,"08/20/2023 19:00",auto,https://www.facebook.com/reel/1591243597035700/,0,0,Reels,,,,,08/20/2023,0,,,,,,0,0,0,0,0,36.928,7.562
1030963219229501,100064197037125,"PC Merchandise","Sulit na sulit! RYZEN 5 4600G package, ready for pickup or shipping nationwide 🚚",,35,"08/20/2023 19:00",auto,https://www.facebook.com/reel/1591243597035700/,0,0,Reels,,,,,08/21/2023,0,,,,,,0,0,0,0,0,48.905,5.822
1030963219229501,100064197037125,"PC Merchandise","Sulit na sulit! RYZEN 5 4600G package, ready for pickup or shipping nationwide 🚚",,35,"08/20/2023 19:00",auto,https://www.facebook.com/reel/1591243597035700/,0,0,Reels,,,,,08/22/2023,0,,,,,,0,0,0,0,0,16.524,5.670
1030963219229501,100064197037125,"PC Merchandise","Sulit na sulit! RYZEN 5 4600G package, ready for pickup or shipping nationwide 🚚",,35,"08/20/2023 19:00",auto,https://www.facebook.com/reel/1591243597035700/,0,0,Reels,,,,,08/23/2023,0,,,,,,0,0,0,0,0,17.426,5.592
1030963219229501,100064197037125,"PC Merchandise","Sulit na sulit! RYZEN 5 4600G package, ready for pickup or shipping nationwide 🚚",,35,"08/20/2023 19:00",auto,https://www.facebook.com/reel/1591243597035700/,0,0,Reels,,,,,08/24/2023,0,,,,,,0,0,0,0,0,12.702,6.989
1030963219229501,100064197037125,"PC Merchandise","Sulit na sulit! RYZEN 5 4600G package, ready for pickup or shipping nationwide 🚚",,35,"08/20/2023 19:00",auto,https://www.facebook.com/reel/1591243597035700/,0,0,Reels,,,,,08/25/2023,0,,,,,,0,0,0,0,0,4.688,5.162
1030963219229501,100064197037125,"PC Merchandise","Sulit na sulit! RYZEN 5 4600G package, ready for pickup or shipping nationwide 🚚",,35,"08/20/2023 19:00",auto,https://www.facebook.com/reel/1591243597035700/,0,0,Reels,,,,,08/26/2023,0,,,,,,0,0,0,0,0,11.696,5.983
1030963219229501,100064197037125,"PC Merchandise","Sulit na sulit! RYZEN 5 4600G package, ready for pickup or shipping nationwide 🚚",,35,"08/20/2023 19:00",auto,https://www.facebook.com/reel/1591243597035700/,0,0,Reels,,,,,08/27/2023,0,,,,,,0,0,0,0,0,7.167,6.924
1030963219229501,100064197037125,"PC Merchandise","Sulit na sulit! RYZEN 5 4600G package, ready for pickup or shipping nationwide 🚚",,35,"08/20/2023 19:00",auto,https://www.facebook.com/reel/1591243597035700/,0,0,Reels,,,,,08/28/2023,1,,,,,,0,0,1,0,0,6.710,5.453
1030963219229501,100064197037125,"PC Merchandise","Sulit na sulit! RYZEN 5 4600G package, ready for pickup or shipping nationwide 🚚",,35,"08/20/2023 19:00",auto,https://www.facebook.com/reel/1591243597035700/,0,0,Reels,,,,,08/29/2023,0,,,,,,0,0,0,0,0,6.617,4.951
1030963219229501,100064197037125,"PC Merchandise","Sulit na sulit! RYZEN 5 4600G package, ready for pickup or shipping nationwide 🚚",,35,"08/20/2023 19:00",auto,https://www.facebook.com/reel/1591243597035700/,0,0,Reels,,,,,08/30/2023,0,,,,,,0,0,0,0,0,3.450,6.307
1030963219229501,100064197037125,"PC Merchandise","Sulit na sulit! RYZEN 5 4600G package, ready for pickup or shipping nationwide 🚚",,35,"08/20/2023 19:00",auto,https://www.facebook.com/reel/1591243597035700/,0,0,Reels,,,,,08/31/2023,0,,,,,,0,0,0,0,0,1.692,5.554
1030807938479751,100064197037125,"PC Merchandise","UNBOXING: RTX 3050 fresh stock just arrived! 📦",,45,"08/19/2023 20:00",uploaded,https://www.facebook.com/reel/1101299976940807/,0,0,Reels,,,,,08/01/2023,0,,,,,,0,0,0,0,0,0.000,6.646
1030807938479751,100064197037125,"PC Merchandise","UNBOXING: RTX 3050 fresh stock just arrived! 📦",,45,"08/19/2023 20:00",uploaded,https://www.facebook.com/reel/1101299976940807/,0,0,Reels,,,,,08/02/2023,0,,,,,,0,0,0,0,0,0.000,7.144
1030807938479751,100064197037125,"PC Merchandise","UNBOXING: RTX 3050 fresh stock just arrived! 📦",,45,"08/19/2023 20:00",uploaded,https://www.facebook.com/reel/1101299976940807/,0,0,Reels,,,,,08/03/2023,0,,,,,,0,0,0,0,0,0.000,6.450
1030807938479751,100064197037125,"PC Merchandise","UNBOXING: RTX 3050 fresh stock just arrived! 📦",,45,"08/19/2023 20:00",uploaded,https://www.facebook.com/reel/1101299976940807/,0,0,Reels,,,,,08/04/2023,0,,,,,,0,0,0,0,0,0.000,7.052
1030807938479751,100064197037125,"PC Merchandise","UNBOXING: RTX 3050 fresh stock just arrived! 📦",,45,"08/19/2023 20:00",uploaded,https://www.facebook.com/reel/1101299976940807/,0,0,Reels,,,,,08/05/2023,0,,,,,,0,0,0,0,0,0.000,6.991
1030807938479751,100064197037125,"PC Merchandise","UNBOXING: RTX 3050 fresh stock just arrived! 📦",,45,"08/19/2023 20:00",uploaded,https://www.facebook.com/reel/1101299976940807/,0,0,Reels,,,,,08/06/2023,0,,,,,,0,0,0,0,0,0.000,6.393
1030807938479751,100064197037125,"PC Merchandise","UNBOXING: RTX 3050 fresh stock just arrived! 📦",,45,"08/19/2023 20:00",uploaded,https://www.facebook.com/reel/1101299976940807/,0,0,Reels,,,,,08/07/2023,0,,,,,,0,0,0,0,0,0.000,7.584
1030807938479751,100064197037125,"PC Merchandise","UNBOXING: RTX 3050 fresh stock just arrived! 📦",,45,"08/19/2023 20:00",uploaded,https://www.facebook.com/reel/1101299976940807/,0,0,Reels,,,,,08/08/2023,0,,,,,,0,0,0,0,0,0.000,8.279
1030807938479751,100064197037125,"PC Merchandise","UNBOXING: RTX 3050 fresh stock just arrived! 📦",,45,"08/19/2023 20:00",uploaded,https://www.facebook.com/reel/1101299976940807/,0,0,Reels,,,,,08/09/2023,0,,,,,,0,0,0,0,0,0.000,7.896
1030807938479751,100064197037125,"PC Merchandise","UNBOXING: RTX 3050 fresh stock just arrived! 📦",,45,"08/19/2023 20:00",uploaded,https://www.facebook.com/reel/1101299976940807/,0,0,Reels,,,,,08/10/2023,0,,,,,,0,0,0,0,0,0.000,6.616
1030807938479751,100064197037125,"PC Merchandise","UNBOXING: RTX 3050 fresh stock just arrived! 📦",,45,"08/19/2023 20:00",uploaded,https://www.facebook.com/reel/1101299976940807/,0,0,Reels,,,,,08/11/2023,0,,,,,,0,0,0,0,0,0.000,6.628
1030807938479751,100064197037125,"PC Merchandise","UNBOXING: RTX 3050 fresh stock just arrived! 📦",,45,"08/19/2023 20:00",uploaded,https://www.facebook.com/reel/1101299976940807/,0,0,Reels,,,,,08/12/2023,0,,,,,,0,0,0,0,0,0.000,8.374
1030807938479751,100064197037125,"PC Merchandise","UNBOXING: RTX 3050 fresh stock just arrived! 📦",,45,"08/19/2023 20:00",uploaded,https://www.facebook.com/reel/1101299976940807/,0,0,Reels,,,,,08/13/2023,0,,,,,,0,0,0,0,0,0.000,7.566
1030807938479751,100064197037125,"PC Merchandise","UNBOXING: RTX 3050 fresh stock just arrived! 📦",,45,"08/19/2023 20:00",uploaded,https://www.facebook.com/reel/1101299976940807/,0,0,Reels,,,,,08/14/2023,0,,,,,,0,0,0,0,0,0.000,6.789
1030807938479751,100064197037125,"PC Merchandise","UNBOXING: RTX 3050 fresh stock just arrived! 📦",,45,"08/19/2023 20:00",uploaded,https://www.facebook.com/reel/1101299976940807/,0,0,Reels,,,,,08/15/2023,0,,,,,,0,0,0,0,0,0.000,7.192
1030807938479751,100064197037125,"PC Merchandise","UNBOXING: RTX 3050 fresh stock just arrived! 📦",,45,"08/19/2023 20:00",uploaded,https://www.facebook.com/reel/1101299976940807/,0,0,Reels,,,,,08/16/2023,0,,,,,,0,0,0,0,0,0.000,8.031
1030807938479751,100064197037125,"PC Merchandise","UNBOXING: RTX 3050 fresh stock just arrived! 📦",,45,"08/19/2023 20:00",uploaded,https://www.facebook.com/reel/1101299976940807/,0,0,Reels,,,,,08/17/2023,0,,,,,,0,0,0,0,0,0.000,8.129
1030807938479751,100064197037125,"PC Merchandise","UNBOXING: RTX 3050 fresh stock just arrived! 📦",,45,"08/19/2023 20:00",uploaded,https://www.facebook.com/reel/1101299976940807/,0,0,Reels,,,,,08/18/2023,0,,,,,,0,0,0,0,0,0.000,7.795
1030807938479751,100064197037125,"PC Merchandise","UNBOXING: RTX 3050 fresh stock just arrived! 📦",,45,"08/19/2023 20:00",uploaded,https://www.facebook.com/reel/1101299976940807/,0,0,Reels,,,,,08/19/2023,0,,,,,,0,0,5,5,0,966.035,7.151
1030807938479751,100064197037125,"PC Merchandise","UNBOXING: RTX 3050 fresh stock just arrived! 📦",,45,"08/19/2023 20:00",uploaded,https://www.facebook.com/reel/1101299976940807/,0,0,Reels,,,,,08/20/2023,0,,,,,,0,0,1,1,0,404.843,5.925
1030807938479751,100064197037125,"PC Merchandise","UNBOXING: RTX 3050 fresh stock just arrived! 📦",,45,"08/19/2023 20:00",uploaded,https://www.facebook.com/reel/1101299976940807/,0,0,Reels,,,,,08/21/2023,0,,,,,,0,0,1,1,0,255.794,7.039
1030807938479751,100064197037125,"PC Merchandise","UNBOXING: RTX 3050 fresh stock just arrived! 📦",,45,"08/19/2023 20:00",uploaded,https://www.facebook.com/reel/1101299976940807/,0,0,Reels,,,,,08/22/2023,0,,,,,,0,0,0,0,0,244.648,5.306
1030807938479751,100064197037125,"PC Merchandise","UNBOXING: RTX 3050 fresh stock just arrived! 📦",,45,"08/19/2023 20:00",uploaded,https://www.facebook.com/reel/1101299976940807/,0,0,Reels,,,,,08/23/2023,0,,,,,,0,0,0,0,0,127.962,7.507
1030807938479751,100064197037125,"PC Merchandise","UNBOXING: RTX 3050 fresh stock just arrived! 📦",,45,"08/19/2023 20:00",uploaded,https://www.facebook.com/reel/1101299976940807/,0,0,Reels,,,,,08/24/2023,0,,,,,,0,0,0,0,0,95.638,8.223
1030807938479751,100064197037125,"PC Merchandise","UNBOXING: RTX 3050 fresh stock just arrived! 📦",,45,"08/19/2023 20:00",uploaded,https://www.facebook.com/reel/1101299976940807/,0,0,Reels,,,,,08/25/2023,0,,,,,,0,0,0,0,0,183.748,6.721
1030807938479751,100064197037125,"PC Merchandise","UNBOXING: RTX 3050 fresh stock just arrived! 📦",,45,"08/19/2023 20:00",uploaded,https://www.facebook.com/reel/1101299976940807/,0,0,Reels,,,,,08/26/2023,0,,,,,,0,0,0,0,0,73.600,7.030
1030807938479751,100064197037125,"PC Merchandise","UNBOXING: RTX 3050 fresh stock just arrived! 📦",,45,"08/19/2023 20:00",uploaded,https://www.facebook.com/reel/1101299976940807/,0,0,Reels,,,,,08/27/2023,0,,,,,,0,0,0,0,0,47.944,5.433
1030807938479751,100064197037125,"PC Merchandise","UNBOXING: RTX 3050 fresh stock just arrived! 📦",,45,"08/19/2023 20:00",uploaded,https://www.facebook.com/reel/1101299976940807/,0,0,Reels,,,,,08/28/2023,0,,,,,,0,0,1,1,0,38.887,8.219
1030807938479751,100064197037125,"PC Merchandise","UNBOXING: RTX 3050 fresh stock just arrived! 📦",,45,"08/19/2023 20:00",uploaded,https://www.facebook.com/reel/1101299976940807/,0,0,Reels,,,,,08/29/2023,0,,,,,,0,0,0,0,0,26.824,6.581
1030807938479751,100064197037125,"PC Merchandise","UNBOXING: RTX 3050 fresh stock just arrived! 📦",,45,"08/19/2023 20:00",uploaded,https://www.facebook.com/reel/1101299976940807/,0,0,Reels,,,,,08/30/2023,0,,,,,,0,0,0,0,0,38.302,8.184
1030807938479751,100064197037125,"PC Merchandise","UNBOXING: RTX 3050 fresh stock just arrived! 📦",,45,"08/19/2023 20:00",uploaded,https://www.facebook.com/reel/1101299976940807/,0,0,Reels,,,,,08/31/2023,0,,,,,,0,0,0,0,0,35.087,7.111
1030615194600948,100064197037125,"PC Merchandise","Do you want an aesthetic build that matches your gaming needs? RYZEN 5 5600G builds available now!",,0,"08/19/2023 00:30",,https://www.facebook.com/pcmerchandise.co/posts/pfbid0DmAoYRnnZTaqOICC0ue9wqTpijOsVhk9VQoXSTkr3rVuoQvVmw1x4yrl,0,0,Photos,,,,,08/31/2023,0,,,,,,,,,,,,
1030615194600948,100064197037125,"PC Merchandise","Do you want an aesthetic build that matches your gaming needs? RYZEN 5 5600G builds available now!",,0,"08/19/2023 00:30",,https://www.facebook.com/pcmerchandise.co/posts/pfbid0DmAoYRnnZTaqOICC0ue9wqTpijOsVhk9VQoXSTkr3rVuoQvVmw1x4yrl,0,0,Photos,,,,,08/01/2023,,,0,0,0,0,0,0,,,,,
1030615194600948,100064197037125,"PC Merchandise","Do you want an aesthetic build that matches your gaming needs? RYZEN 5 5600G builds available now!",,0,"08/19/2023 00:30",,https://www.facebook.com/pcmerchandise.co/posts/pfbid0DmAoYRnnZTaqOICC0ue9wqTpijOsVhk9VQoXSTkr3rVuoQvVmw1x4yrl,0,0,Photos,,,,,08/02/2023,,,0,0,0,0,0,0,,,,,
1030615194600948,100064197037125,"PC Merchandise","Do you want an aesthetic build that matches your gaming needs? RYZEN 5 5600G builds available now!",,0,"08/19/2023 00:30",,https://www.facebook.com/pcmerchandise.co/posts/pfbid0DmAoYRnnZTaqOICC0ue9wqTpijOsVhk9VQoXSTkr3rVuoQvVmw1x4yrl,0,0,Photos,,,,,08/03/2023,,,0,0,0,0,0,0,,,,,
1030615194600948,100064197037125,"PC Merchandise","Do you want an aesthetic build that matches your gaming needs? RYZEN 5 5600G builds available now!",,0,"08/19/2023 00:30",,https://www.facebook.com/pcmerchandise.co/posts/pfbid0DmAoYRnnZTaqOICC0ue9wqTpijOsVhk9VQoXSTkr3rVuoQvVmw1x4yrl,0,0,Photos,,,,,08/04/2023,,,0,0,0,0,0,0,,,,,
1030615194600948,100064197037125,"PC Merchandise","Do you want an aesthetic build that matches your gaming needs? RYZEN 5 5600G builds available now!",,0,"08/19/2023 00:30",,https://www.facebook.com/pcmerchandise.co/posts/pfbid0DmAoYRnnZTaqOICC0ue9wqTpijOsVhk9VQoXSTkr3rVuoQvVmw1x4yrl,0,0,Photos,,,,,08/05/2023,,,0,0,0,0,0,0,,,,,
1030615194600948,100064197037125,"PC Merchandise","Do you want an aesthetic build that matches your gaming needs? RYZEN 5 5600G builds available now!",,0,"08/19/2023 00:30",,https://www.facebook.com/pcmerchandise.co/posts/pfbid0DmAoYRnnZTaqOICC0ue9wqTpijOsVhk9VQoXSTkr3rVuoQvVmw1x4yrl,0,0,Photos,,,,,08/06/2023,,,0,0,0,0,0,0,,,,,
1030615194600948,100064197037125,"PC Merchandise","Do you want an aesthetic build that matches your gaming needs? RYZEN 5 5600G builds available now!",,0,"08/19/2023 00:30",,https://www.facebook.com/pcmerchandise.co/posts/pfbid0DmAoYRnnZTaqOICC0ue9wqTpijOsVhk9VQoXSTkr3rVuoQvVmw1x4yrl,0,0,Photos,,,,,08/07/2023,,,0,0,0,0,0,0,,,,,
1030615194600948,100064197037125,"PC Merchandise","Do you want an aesthetic build that matches your gaming needs? RYZEN 5 5600G builds available now!",,0,"08/19/2023 00:30",,https://www.facebook.com/pcmerchandise.co/posts/pfbid0DmAoYRnnZTaqOICC0ue9wqTpijOsVhk9VQoXSTkr3rVuoQvVmw1x4yrl,0,0,Photos,,,,,08/08/2023,,,0,0,0,0,0,0,,,,,
1030615194600948,100064197037125,"PC Merchandise","Do you want an aesthetic build that matches your gaming needs? RYZEN 5 5600G builds available now!",,0,"08/19/2023 00:30",,https://www.facebook.com/pcmerchandise.co/posts/pfbid0DmAoYRnnZTaqOICC0ue9wqTpijOsVhk9VQoXSTkr3rVuoQvVmw1x4yrl,0,0,Photos,,,,,08/09/2023,,,0,0,0,0,0,0,,,,,
1030615194600948,100064197037125,"PC Merchandise","Do you want an aesthetic build that matches your gaming needs? RYZEN 5 5600G builds available now!",,0,"08/19/2023 00:30",,https://www.facebook.com/pcmerchandise.co/posts/pfbid0DmAoYRnnZTaqOICC0ue9wqTpijOsVhk9VQoXSTkr3rVuoQvVmw1x4yrl,0,0,Photos,,,,,08/10/2023,,,0,0,0,0,0,0,,,,,
1030615194600948,100064197037125,"PC Merchandise","Do you want an aesthetic build that matches your gaming needs? RYZEN 5 5600G builds available now!",,0,"08/19/2023 00:30",,https://www.facebook.com/pcmerchandise.co/posts/pfbid0DmAoYRnnZTaqOICC0ue9wqTpijOsVhk9VQoXSTkr3rVuoQvVmw1x4yrl,0,0,Photos,,,,,08/11/2023,,,0,0,0,0,0,0,,,,,
1030615194600948,100064197037125,"PC Merchandise","Do you want an aesthetic build that matches your gaming needs? RYZEN 5 5600G builds available now!",,0,"08/19/2023 00:30",,https://www.facebook.com/pcmerchandise.co/posts/pfbid0DmAoYRnnZTaqOICC0ue9wqTpijOsVhk9VQoXSTkr3rVuoQvVmw1x4yrl,0,0,Photos,,,,,08/12/2023,,,0,0,0,0,0,0,,,,,
1030615194600948,100064197037125,"PC Merchandise","Do you want an aesthetic build that matches your gaming needs? RYZEN 5 5600G builds available now!",,0,"08/19/2023 00:30",,https://www.facebook.com/pcmerchandise.co/posts/pfbid0DmAoYRnnZTaqOICC0ue9wqTpijOsVhk9VQoXSTkr3rVuoQvVmw1x4yrl,0,0,Photos,,,,,08/13/2023,,,0,0,0,0,0,0,,,,,
1030615194600948,100064197037125,"PC Merchandise","Do you want an aesthetic build that matches your gaming needs? RYZEN 5 5600G builds available now!",,0,"08/19/2023 00:30",,https://www.facebook.com/pcmerchandise.co/posts/pfbid0DmAoYRnnZTaqOICC0ue9wqTpijOsVhk9VQoXSTkr3rVuoQvVmw1x4yrl,0,0,Photos,,,,,08/14/2023,,,0,0,0,0,0,0,,,,,
1030615194600948,100064197037125,"PC Merchandise","Do you want an aesthetic build that matches your gaming needs? RYZEN 5 5600G builds available now!",,0,"08/19/2023 00:30",,https://www.facebook.com/pcmerchandise.co/posts/pfbid0DmAoYRnnZTaqOICC0ue9wqTpijOsVhk9VQoXSTkr3rVuoQvVmw1x4yrl,0,0,Photos,,,,,08/15/2023,,,0,0,0,0,0,0,,,,,
1030615194600948,100064197037125,"PC Merchandise","Do you want an aesthetic build that matches your gaming needs? RYZEN 5 5600G builds available now!",,0,"08/19/2023 00:30",,https://www.facebook.com/pcmerchandise.co/posts/pfbid0DmAoYRnnZTaqOICC0ue9wqTpijOsVhk9VQoXSTkr3rVuoQvVmw1x4yrl,0,0,Photos,,,,,08/16/2023,,,0,0,0,0,0,0,,,,,
1030615194600948,100064197037125,"PC Merchandise","Do you want an aesthetic build that matches your gaming needs? RYZEN 5 5600G builds available now!",,0,"08/19/2023 00:30",,https://www.facebook.com/pcmerchandise.co/posts/pfbid0DmAoYRnnZTaqOICC0ue9wqTpijOsVhk9VQoXSTkr3rVuoQvVmw1x4yrl,0,0,Photos,,,,,08/17/2023,,,0,0,0,0,0,0,,,,,
1030615194600948,100064197037125,"PC Merchandise","Do you want an aesthetic build that matches your gaming needs? RYZEN 5 5600G builds available now!",,0,"08/19/2023 00:30",,https://www.facebook.com/pcmerchandise.co/posts/pfbid0DmAoYRnnZTaqOICC0ue9wqTpijOsVhk9VQoXSTkr3rVuoQvVmw1x4yrl,0,0,Photos,,,,,08/18/2023,,,0,0,0,0,0,0,,,,,
1030615194600948,100064197037125,"PC Merchandise","Do you want an aesthetic build that matches your gaming needs? RYZEN 5 5600G builds available now!",,0,"08/19/2023 00:30",,https://www.facebook.com/pcmerchandise.co/posts/pfbid0DmAoYRnnZTaqOICC0ue9wqTpijOsVhk9VQoXSTkr3rVuoQvVmw1x4yrl,0,0,Photos,,,,,08/19/2023,,,0,0,0,0,0,0,,,,,
1030615194600948,100064197037125,"PC Merchandise","Do you want an aesthetic build that matches your gaming needs? RYZEN 5 5600G builds available now!",,0,"08/19/2023 00:30",,https://www.facebook.com/pcmerchandise.co/posts/pfbid0DmAoYRnnZTaqOICC0ue9wqTpijOsVhk9VQoXSTkr3rVuoQvVmw1x4yrl,0,0,Photos,,,,,08/20/2023,,,0,0,0,0,0,0,,,,,
1030615194600948,100064197037125,"PC Merchandise","Do you want an aesthetic build that matches your gaming needs? RYZEN 5 5600G builds available now!",,0,"08/19/2023 00:30",,https://www.facebook.com/pcmerchandise.co/posts/pfbid0DmAoYRnnZTaqOICC0ue9wqTpijOsVhk9VQoXSTkr3rVuoQvVmw1x4yrl,0,0,Photos,,,,,08/21/2023,,,0,0,0,0,0,0,,,,,
1030615194600948,100064197037125,"PC Merchandise","Do you want an aesthetic build that matches your gaming needs? RYZEN 5 5600G builds available now!",,0,"08/19/2023 00:30",,https://www.facebook.com/pcmerchandise.co/posts/pfbid0DmAoYRnnZTaqOICC0ue9wqTpijOsVhk9VQoXSTkr3rVuoQvVmw1x4yrl,0,0,Photos,,,,,08/22/2023,,,0,0,0,0,0,0,,,,,
1030615194600948,100064197037125,"PC Merchandise","Do you want an aesthetic build that matches your gaming needs? RYZEN 5 5600G builds available now!",,0,"08/19/2023 00:30",,https://www.facebook.com/pcmerchandise.co/posts/pfbid0DmAoYRnnZTaqOICC0ue9wqTpijOsVhk9VQoXSTkr3rVuoQvVmw1x4yrl,0,0,Photos,,,,,08/23/2023,,,0,0,0,0,0,0,,,,,
1030615194600948,100064197037125,"PC Merchandise","Do you want an aesthetic build that matches your gaming needs? RYZEN 5 5600G builds available now!",,0,"08/19/2023 00:30",,https://www.facebook.com/pcmerchandise.co/posts/pfbid0DmAoYRnnZTaqOICC0ue9wqTpijOsVhk9VQoXSTkr3rVuoQvVmw1x4yrl,0,0,Photos,,,,,08/24/2023,,,0,0,0,0,0,0,,,,,
1030615194600948,100064197037125,"PC Merchandise","Do you want an aesthetic build that matches your gaming needs? RYZEN 5 5600G builds available now!",,0,"08/19/2023 00:30",,https://www.facebook.com/pcmerchandise.co/posts/pfbid0DmAoYRnnZTaqOICC0ue9wqTpijOsVhk9VQoXSTkr3rVuoQvVmw1x4yrl,0,0,Photos,,,,,08/25/2023,,,0,0,0,0,0,0,,,,,
1030615194600948,100064197037125,"PC Merchandise","Do you want an aesthetic build that matches your gaming needs? RYZEN 5 5600G builds available now!",,0,"08/19/2023 00:30",,https://www.facebook.com/pcmerchandise.co/posts/pfbid0DmAoYRnnZTaqOICC0ue9wqTpijOsVhk9VQoXSTkr3rVuoQvVmw1x4yrl,0,0,Photos,,,,,08/26/2023,,,0,0,0,0,0,0,,,,,
1030615194600948,100064197037125,"PC Merchandise","Do you want an aesthetic build that matches your gaming needs? RYZEN 5 5600G builds available now!",,0,"08/19/2023 00:30",,https://www.facebook.com/pcmerchandise.co/posts/pfbid0DmAoYRnnZTaqOICC0ue9wqTpijOsVhk9VQoXSTkr3rVuoQvVmw1x4yrl,0,0,Photos,,,,,08/27/2023,,,0,0,0,0,0,0,,,,,
1030615194600948,100064197037125,"PC Merchandise","Do you want an aesthetic build that matches your gaming needs? RYZEN 5 5600G builds available now!",,0,"08/19/2023 00:30",,https://www.facebook.com/pcmerchandise.co/posts/pfbid0DmAoYRnnZTaqOICC0ue9wqTpijOsVhk9VQoXSTkr3rVuoQvVmw1x4yrl,0,0,Photos,,,,,08/28/2023,,,0,0,0,0,0,0,,,,,
1030615194600948,100064197037125,"PC Merchandise","Do you want an aesthetic build that matches your gaming needs? RYZEN 5 5600G builds available now!",,0,"08/19/2023 00:30",,https://www.facebook.com/pcmerchandise.co/posts/pfbid0DmAoYRnnZTaqOICC0ue9wqTpijOsVhk9VQoXSTkr3rVuoQvVmw1x4yrl,0,0,Photos,,,,,08/29/2023,,,0,0,0,0,0,0,,,,,
1030615194600948,100064197037125,"PC Merchandise","Do you want an aesthetic build that matches your gaming needs? RYZEN 5 5600G builds available now!",,0,"08/19/2023 00:30",,https://www.facebook.com/pcmerchandise.co/posts/pfbid0DmAoYRnnZTaqOICC0ue9wqTpijOsVhk9VQoXSTkr3rVuoQvVmw1x4yrl,0,0,Photos,,,,,08/30/2023,,,0,0,0,0,0,0,,,,,
1030615194600948,100064197037125,"PC Merchandise","Do you want an aesthetic build that matches your gaming needs? RYZEN 5 5600G builds available now!",,0,"08/19/2023 00:30",,https://www.facebook.com/pcmerchandise.co/posts/pfbid0DmAoYRnnZTaqOICC0ue9wqTpijOsVhk9VQoXSTkr3rVuoQvVmw1x4yrl,0,0,Photos,,,,,08/31/2023,,,0,0,0,0,0,0,,,,,
1030469580349179,100064197037125,"PC Merchandise","𝐀𝐌𝟓 𝐁𝐮𝐢𝐥𝐝 𝐋𝐢𝐦𝐢𝐭𝐞𝐝 𝐒𝐚𝐥𝐞! 🚨
Experience next-gen performance with our latest builds. PM for pricelist!",,0,"08/18/2023 19:18",,https://www.facebook.com/pcmerchandise.co/posts/pfbid0KX6eK5HAAPZaOIcPtb2IzgHlvyS0oUMbCuNfrv0CiyTAOOYcP0MSiY5I,0,0,Photos,,,,,08/31/2023,0,,,,,,,,,,,,
1030469580349179,100064197037125,"PC Merchandise","𝐀𝐌𝟓 𝐁𝐮𝐢𝐥𝐝 𝐋𝐢𝐦𝐢𝐭𝐞𝐝 𝐒𝐚𝐥𝐞! 🚨
Experience next-gen performance with our latest builds. PM for pricelist!",,0,"08/18/2023 19:18",,https://www.facebook.com/pcmerchandise.co/posts/pfbid0KX6eK5HAAPZaOIcPtb2IzgHlvyS0oUMbCuNfrv0CiyTAOOYcP0MSiY5I,0,0,Photos,,,,,08/01/2023,,,0,0,0,0,0,0,,,,,
1030469580349179,100064197037125,"PC Merchandise","𝐀𝐌𝟓 𝐁𝐮𝐢𝐥𝐝 𝐋𝐢𝐦𝐢𝐭𝐞𝐝 𝐒𝐚𝐥𝐞! 🚨
Experience next-gen performance with our latest builds. PM for pricelist!",,0,"08/18/2023 19:18",,https://www.facebook.com/pcmerchandise.co/posts/pfbid0KX6eK5HAAPZaOIcPtb2IzgHlvyS0oUMbCuNfrv0CiyTAOOYcP0MSiY5I,0,0,Photos,,,,,08/02/2023,,,0,0,0,0,0,0,,,,,
1030469580349179,100064197037125,"PC Merchandise","𝐀𝐌𝟓 𝐁𝐮𝐢𝐥𝐝 𝐋𝐢𝐦𝐢𝐭𝐞𝐝 𝐒𝐚𝐥𝐞! 🚨
Experience next-gen performance with our latest builds. PM for pricelist!",,0,"08/18/2023 19:18",,https://www.facebook.com/pcmerchandise.co/posts/pfbid0KX6eK5HAAPZaOIcPtb2IzgHlvyS0oUMbCuNfrv0CiyTAOOYcP0MSiY5I,0,0,Photos,,,,,08/03/2023,,,0,0,0,0,0,0,,,,,
1030469580349179,100064197037125,"PC Merchandise","𝐀𝐌𝟓 𝐁𝐮𝐢𝐥𝐝 𝐋𝐢𝐦𝐢𝐭𝐞𝐝 𝐒𝐚𝐥𝐞! 🚨
Experience next-gen performance with our latest builds. PM for pricelist!",,0,"08/18/2023 19:18",,https://www.facebook.com/pcmerchandise.co/posts/pfbid0KX6eK5HAAPZaOIcPtb2IzgHlvyS0oUMbCuNfrv0CiyTAOOYcP0MSiY5I,0,0,Photos,,,,,08/04/2023,,,0,0,0,0,0,0,,,,,
1030469580349179,100064197037125,"PC Merchandise","𝐀𝐌𝟓 𝐁𝐮𝐢𝐥𝐝 𝐋𝐢𝐦𝐢𝐭𝐞𝐝 𝐒𝐚𝐥𝐞! 🚨
Experience next-gen performance with our latest builds. PM for pricelist!",,0,"08/18/2023 19:18",,https://www.facebook.com/pcmerchandise.co/posts/pfbid0KX6eK5HAAPZaOIcPtb2IzgHlvyS0oUMbCuNfrv0CiyTAOOYcP0MSiY5I,0,0,Photos,,,,,08/05/2023,,,0,0,0,0,0,0,,,,,
1030469580349179,100064197037125,"PC Merchandise","𝐀𝐌𝟓 𝐁𝐮𝐢𝐥𝐝 𝐋𝐢𝐦𝐢𝐭𝐞𝐝 𝐒𝐚𝐥𝐞! 🚨
Experience next-gen performance with our latest builds. PM for pricelist!",,0,"08/18/2023 19:18",,https://www.facebook.com/pcmerchandise.co/posts/pfbid0KX6eK5HAAPZaOIcPtb2IzgHlvyS0oUMbCuNfrv0CiyTAOOYcP0MSiY5I,0,0,Photos,,,,,08/06/2023,,,0,0,0,0,0,0,,,,,
1030469580349179,100064197037125,"PC Merchandise","𝐀𝐌𝟓 𝐁𝐮𝐢𝐥𝐝 𝐋𝐢𝐦𝐢𝐭𝐞𝐝 𝐒𝐚𝐥𝐞! 🚨
Experience next-gen performance with our latest builds. PM for pricelist!",,0,"08/18/2023 19:18",,https://www.facebook.com/pcmerchandise.co/posts/pfbid0KX6eK5HAAPZaOIcPtb2IzgHlvyS0oUMbCuNfrv0CiyTAOOYcP0MSiY5I,0,0,Photos,,,,,08/07/2023,,,0,0,0,0,0,0,,,,,
1030469580349179,100064197037125,"PC Merchandise","𝐀𝐌𝟓 𝐁𝐮𝐢𝐥𝐝 𝐋𝐢𝐦𝐢𝐭𝐞𝐝 𝐒𝐚𝐥𝐞! 🚨
Experience next-gen performance with our latest builds. PM for pricelist!",,0,"08/18/2023 19:18",,https://www.facebook.com/pcmerchandise.co/posts/pfbid0KX6eK5HAAPZaOIcPtb2IzgHlvyS0oUMbCuNfrv0CiyTAOOYcP0MSiY5I,0,0,Photos,,,,,08/08/2023,,,0,0,0,0,0,0,,,,,
1030469580349179,100064197037125,"PC Merchandise","𝐀𝐌𝟓 𝐁𝐮𝐢𝐥𝐝 𝐋𝐢𝐦𝐢𝐭𝐞𝐝 𝐒𝐚𝐥𝐞! 🚨
Experience next-gen performance with our latest builds. PM for pricelist!",,0,"08/18/2023 19:18",,https://www.facebook.com/pcmerchandise.co/posts/pfbid0KX6eK5HAAPZaOIcPtb2IzgHlvyS0oUMbCuNfrv0CiyTAOOYcP0MSiY5I,0,0,Photos,,,,,08/09/2023,,,0,0,0,0,0,0,,,,,
1030469580349179,100064197037125,"PC Merchandise","𝐀𝐌𝟓 𝐁𝐮𝐢𝐥𝐝 𝐋𝐢𝐦𝐢𝐭𝐞𝐝 𝐒𝐚𝐥𝐞! 🚨
Experience next-gen performance with our latest builds. PM for pricelist!",,0,"08/18/2023 19:18",,https://www.facebook.com/pcmerchandise.co/posts/pfbid0KX6eK5HAAPZaOIcPtb2IzgHlvyS0oUMbCuNfrv0CiyTAOOYcP0MSiY5I,0,0,Photos,,,,,08/10/2023,,,0,0,0,0,0,0,,,,,
1030469580349179,100064197037125,"PC Merchandise","𝐀𝐌𝟓 𝐁𝐮𝐢𝐥𝐝 𝐋𝐢𝐦𝐢𝐭𝐞𝐝 𝐒𝐚𝐥𝐞! 🚨
Experience next-gen performance with our latest builds. PM for pricelist!",,0,"08/18/2023 19:18",,https://www.facebook.com/pcmerchandise.co/posts/pfbid0KX6eK5HAAPZaOIcPtb2IzgHlvyS0oUMbCuNfrv0CiyTAOOYcP0MSiY5I,0,0,Photos,,,,,08/11/2023,,,0,0,0,0,0,0,,,,,
1030469580349179,100064197037125,"PC Merchandise","𝐀𝐌𝟓 𝐁𝐮𝐢𝐥𝐝 𝐋𝐢𝐦𝐢𝐭𝐞𝐝 𝐒𝐚𝐥𝐞! 🚨
Experience next-gen performance with our latest builds. PM for pricelist!",,0,"08/18/2023 19:18",,https://www.facebook.com/pcmerchandise.co/posts/pfbid0KX6eK5HAAPZaOIcPtb2IzgHlvyS0oUMbCuNfrv0CiyTAOOYcP0MSiY5I,0,0,Photos,,,,,08/12/2023,,,0,0,0,0,0,0,,,,,
1030469580349179,100064197037125,"PC Merchandise","𝐀𝐌𝟓 𝐁𝐮𝐢𝐥𝐝 𝐋𝐢𝐦𝐢𝐭𝐞𝐝 𝐒𝐚𝐥𝐞! 🚨
Experience next-gen performance with our latest builds. PM for pricelist!",,0,"08/18/2023 19:18",,https://www.facebook.com/pcmerchandise.co/posts/pfbid0KX6eK5HAAPZaOIcPtb2IzgHlvyS0oUMbCuNfrv0CiyTAOOYcP0MSiY5I,0,0,Photos,,,,,08/13/2023,,,0,0,0,0,0,0,,,,,
1030469580349179,100064197037125,"PC Merchandise","𝐀𝐌𝟓 𝐁𝐮𝐢𝐥𝐝 𝐋𝐢𝐦𝐢𝐭𝐞𝐝 𝐒𝐚𝐥𝐞! 🚨
Experience next-gen performance with our latest builds. PM for pricelist!",,0,"08/18/2023 19:18",,https://www.facebook.com/pcmerchandise.co/posts/pfbid0KX6eK5HAAPZaOIcPtb2IzgHlvyS0oUMbCuNfrv0CiyTAOOYcP0MSiY5I,0,0,Photos,,,,,08/14/2023,,,0,0,0,0,0,0,,,,,
1030469580349179,100064197037125,"PC Merchandise","𝐀𝐌𝟓 𝐁𝐮𝐢𝐥𝐝 𝐋𝐢𝐦𝐢𝐭𝐞𝐝 𝐒𝐚𝐥𝐞! 🚨
Experience next-gen performance with our latest builds. PM for pricelist!",,0,"08/18/2023 19:18",,https://www.facebook.com/pcmerchandise.co/posts/pfbid0KX6eK5HAAPZaOIcPtb2IzgHlvyS0oUMbCuNfrv0CiyTAOOYcP0MSiY5I,0,0,Photos,,,,,08/15/2023,,,0,0,0,0,0,0,,,,,
1030469580349179,100064197037125,"PC Merchandise","𝐀𝐌𝟓 𝐁𝐮𝐢𝐥𝐝 𝐋𝐢𝐦𝐢𝐭𝐞𝐝 𝐒𝐚𝐥𝐞! 🚨
Experience next-gen performance with our latest builds. PM for pricelist!",,0,"08/18/2023 19:18",,https://www.facebook.com/pcmerchandise.co/posts/pfbid0KX6eK5HAAPZaOIcPtb2IzgHlvyS0oUMbCuNfrv0CiyTAOOYcP0MSiY5I,0,0,Photos,,,,,08/16/2023,,,0,0,0,0,0,0,,,,,
1030469580349179,100064197037125,"PC Merchandise","𝐀𝐌𝟓 𝐁𝐮𝐢𝐥𝐝 𝐋𝐢𝐦𝐢𝐭𝐞𝐝 𝐒𝐚𝐥𝐞! 🚨
Experience next-gen performance with our latest builds. PM for pricelist!",,0,"08/18/2023 19:18",,https://www.facebook.com/pcmerchandise.co/posts/pfbid0KX6eK5HAAPZaOIcPtb2IzgHlvyS0oUMbCuNfrv0CiyTAOOYcP0MSiY5I,0,0,Photos,,,,,08/17/2023,,,0,0,0,0,0,0,,,,,
1030469580349179,100064197037125,"PC Merchandise","𝐀𝐌𝟓 𝐁𝐮𝐢𝐥𝐝 𝐋𝐢𝐦𝐢𝐭𝐞𝐝 𝐒𝐚𝐥𝐞! 🚨
Experience next-gen performance with our latest builds. PM for pricelist!",,0,"08/18/2023 19:18",,https://www.facebook.com/pcmerchandise.co/posts/pfbid0KX6eK5HAAPZaOIcPtb2IzgHlvyS0oUMbCuNfrv0CiyTAOOYcP0MSiY5I,0,0,Photos,,,,,08/18/2023,,,0,0,0,0,0,0,,,,,
1030469580349179,100064197037125,"PC Merchandise","𝐀𝐌𝟓 𝐁𝐮𝐢𝐥𝐝 𝐋𝐢𝐦𝐢𝐭𝐞𝐝 𝐒𝐚𝐥𝐞! 🚨
Experience next-gen performance with our latest builds. PM for pricelist!",,0,"08/18/2023 19:18",,https://www.facebook.com/pcmerchandise.co/posts/pfbid0KX6eK5HAAPZaOIcPtb2IzgHlvyS0oUMbCuNfrv0CiyTAOOYcP0MSiY5I,0,0,Photos,,,,,08/19/2023,,,0,0,0,0,0,0,,,,,
1030469580349179,100064197037125,"PC Merchandise","𝐀𝐌𝟓 𝐁𝐮𝐢𝐥𝐝 𝐋𝐢𝐦𝐢𝐭𝐞𝐝 𝐒𝐚𝐥𝐞! 🚨
Experience next-gen performance with our latest builds. PM for pricelist!",,0,"08/18/2023 19:18",,https://www.facebook.com/pcmerchandise.co/posts/pfbid0KX6eK5HAAPZaOIcPtb2IzgHlvyS0oUMbCuNfrv0CiyTAOOYcP0MSiY5I,0,0,Photos,,,,,08/20/2023,,,0,0,0,0,0,0,,,,,
1030469580349179,100064197037125,"PC Merchandise","𝐀𝐌𝟓 𝐁𝐮𝐢𝐥𝐝 𝐋𝐢𝐦𝐢𝐭𝐞𝐝 𝐒𝐚𝐥𝐞! 🚨
Experience next-gen performance with our latest builds. PM for pricelist!",,0,"08/18/2023 19:18",,https://www.facebook.com/pcmerchandise.co/posts/pfbid0KX6eK5HAAPZaOIcPtb2IzgHlvyS0oUMbCuNfrv0CiyTAOOYcP0MSiY5I,0,0,Photos,,,,,08/21/2023,,,0,0,0,0,0,0,,,,,
1030469580349179,100064197037125,"PC Merchandise","𝐀𝐌𝟓 𝐁𝐮𝐢𝐥𝐝 𝐋𝐢𝐦𝐢𝐭𝐞𝐝 𝐒𝐚𝐥𝐞! 🚨
Experience next-gen performance with our latest builds. PM for pricelist!",,0,"08/18/2023 19:18",,https://www.facebook.com/pcmerchandise.co/posts/pfbid0KX6eK5HAAPZaOIcPtb2IzgHlvyS0oUMbCuNfrv0CiyTAOOYcP0MSiY5I,0,0,Photos,,,,,08/22/2023,,,0,0,0,0,0,0,,,,,
1030469580349179,100064197037125,"PC Merchandise","𝐀𝐌𝟓 𝐁𝐮𝐢𝐥𝐝 𝐋𝐢𝐦𝐢𝐭𝐞𝐝 𝐒𝐚𝐥𝐞! 🚨
Experience next-gen performance with our latest builds. PM for pricelist!",,0,"08/18/2023 19:18",,https://www.facebook.com/pcmerchandise.co/posts/pfbid0KX6eK5HAAPZaOIcPtb2IzgHlvyS0oUMbCuNfrv0CiyTAOOYcP0MSiY5I,0,0,Photos,,,,,08/23/2023,,,0,0,0,0,0,0,,,,,
1030469580349179,100064197037125,"PC Merchandise","𝐀𝐌𝟓 𝐁𝐮𝐢𝐥𝐝 𝐋𝐢𝐦𝐢𝐭𝐞𝐝 𝐒𝐚𝐥𝐞! 🚨
Experience next-gen performance with our latest builds. PM for pricelist!",,0,"08/18/2023 19:18",,https://www.facebook.com/pcmerchandise.co/posts/pfbid0KX6eK5HAAPZaOIcPtb2IzgHlvyS0oUMbCuNfrv0CiyTAOOYcP0MSiY5I,0,0,Photos,,,,,08/24/2023,,,0,0,0,0,0,0,,,,,
1030469580349179,100064197037125,"PC Merchandise","𝐀𝐌𝟓 𝐁𝐮𝐢𝐥𝐝 𝐋𝐢𝐦𝐢𝐭𝐞𝐝 𝐒𝐚𝐥𝐞! 🚨
Experience next-gen performance with our latest builds. PM for pricelist!",,0,"08/18/2023 19:18",,https://www.facebook.com/pcmerchandise.co/posts/pfbid0KX6eK5HAAPZaOIcPtb2IzgHlvyS0oUMbCuNfrv0CiyTAOOYcP0MSiY5I,0,0,Photos,,,,,08/25/2023,,,0,0,0,0,0,0,,,,,
1030469580349179,100064197037125,"PC Merchandise","𝐀𝐌𝟓 𝐁𝐮𝐢𝐥𝐝 𝐋𝐢𝐦𝐢𝐭𝐞𝐝 𝐒𝐚𝐥𝐞! 🚨
Experience next-gen performance with our latest builds. PM for pricelist!",,0,"08/18/2023 19:18",,https://www.facebook.com/pcmerchandise.co/posts/pfbid0KX6eK5HAAPZaOIcPtb2IzgHlvyS0oUMbCuNfrv0CiyTAOOYcP0MSiY5I,0,0,Photos,,,,,08/26/2023,,,0,0,0,0,0,0,,,,,
1030469580349179,100064197037125,"PC Merchandise","𝐀𝐌𝟓 𝐁𝐮𝐢𝐥𝐝 𝐋𝐢𝐦𝐢𝐭𝐞𝐝 𝐒𝐚𝐥𝐞! 🚨
Experience next-gen performance with our latest builds. PM for pricelist!",,0,"08/18/2023 19:18",,https://www.facebook.com/pcmerchandise.co/posts/pfbid0KX6eK5HAAPZaOIcPtb2IzgHlvyS0oUMbCuNfrv0CiyTAOOYcP0MSiY5I,0,0,Photos,,,,,08/27/2023,,,0,0,0,0,0,0,,,,,
1030469580349179,100064197037125,"PC Merchandise","𝐀𝐌𝟓 𝐁𝐮𝐢𝐥𝐝 𝐋𝐢𝐦𝐢𝐭𝐞𝐝 𝐒𝐚𝐥𝐞! 🚨
Experience next-gen performance with our latest builds. PM for pricelist!",,0,"08/18/2023 19:18",,https://www.facebook.com/pcmerchandise.co/posts/pfbid0KX6eK5HAAPZaOIcPtb2IzgHlvyS0oUMbCuNfrv0CiyTAOOYcP0MSiY5I,0,0,Photos,,,,,08/28/2023,,,0,0,0,0,0,0,,,,,
1030469580349179,100064197037125,"PC Merchandise","𝐀𝐌𝟓 𝐁𝐮𝐢𝐥𝐝 𝐋𝐢𝐦𝐢𝐭𝐞𝐝 𝐒𝐚𝐥𝐞! 🚨
Experience next-gen performance with our latest builds. PM for pricelist!",,0,"08/18/2023 19:18",,https://www.facebook.com/pcmerchandise.co/posts/pfbid0KX6eK5HAAPZaOIcPtb2IzgHlvyS0oUMbCuNfrv0CiyTAOOYcP0MSiY5I,0,0,Photos,,,,,08/29/2023,,,0,0,0,0,0,0,,,,,
1030469580349179,100064197037125,"PC Merchandise","𝐀𝐌𝟓 𝐁𝐮𝐢𝐥𝐝 𝐋𝐢𝐦𝐢𝐭𝐞𝐝 𝐒𝐚𝐥𝐞! 🚨
Experience next-gen performance with our latest builds. PM for pricelist!",,0,"08/18/2023 19:18",,https://www.facebook.com/pcmerchandise.co/posts/pfbid0KX6eK5HAAPZaOIcPtb2IzgHlvyS0oUMbCuNfrv0CiyTAOOYcP0MSiY5I,0,0,Photos,,,,,08/30/2023,,,0,0,0,0,0,0,,,,,
1030469580349179,100064197037125,"PC Merchandise","𝐀𝐌𝟓 𝐁𝐮𝐢𝐥𝐝 𝐋𝐢𝐦𝐢𝐭𝐞𝐝 𝐒𝐚𝐥𝐞! 🚨
Experience next-gen performance with our latest builds. PM for pricelist!",,0,"08/18/2023 19:18",,https://www.facebook.com/pcmerchandise.co/posts/pfbid0KX6eK5HAAPZaOIcPtb2IzgHlvyS0oUMbCuNfrv0CiyTAOOYcP0MSiY5I,0,0,Photos,,,,,08/31/2023,,,0,0,0,0,0,0,,,,,
1030659900204935,100064197037125,"PC Merchandise","ito na po yung ghost project🥲",,0,"08/17/2023 19:15",,https://www.facebook.com/pcmerchandise.co/posts/pfbid0uwNVgpce0GHX7MI4codggNAzLv67evmPEx5Wy5rr3g1kAmY3RjXs0SAE,0,0,Photos,,,,,08/31/2023,0,,,,,,,,,,,,
1030659900204935,100064197037125,"PC Merchandise","ito na po yung ghost project🥲",,0,"08/17/2023 19:15",,https://www.facebook.com/pcmerchandise.co/posts/pfbid0uwNVgpce0GHX7MI4codggNAzLv67evmPEx5Wy5rr3g1kAmY3RjXs0SAE,0,0,Photos,,,,,08/01/2023,,,0,0,0,0,0,0,,,,,
1030659900204935,100064197037125,"PC Merchandise","ito na po yung ghost project🥲",,0,"08/17/2023 19:15",,https://www.facebook.com/pcmerchandise.co/posts/pfbid0uwNVgpce0GHX7MI4codggNAzLv67evmPEx5Wy5rr3g1kAmY3RjXs0SAE,0,0,Photos,,,,,08/02/2023,,,0,0,0,0,0,0,,,,,
1030659900204935,100064197037125,"PC Merchandise","ito na po yung ghost project🥲",,0,"08/17/2023 19:15",,https://www.facebook.com/pcmerchandise.co/posts/pfbid0uwNVgpce0GHX7MI4codggNAzLv67evmPEx5Wy5rr3g1kAmY3RjXs0SAE,0,0,Photos,,,,,08/03/2023,,,0,0,0,0,0,0,,,,,
1030659900204935,100064197037125,"PC Merchandise","ito na po yung ghost project🥲",,0,"08/17/2023 19:15",,https://www.facebook.com/pcmerchandise.co/posts/pfbid0uwNVgpce0GHX7MI4codggNAzLv67evmPEx5Wy5rr3g1kAmY3RjXs0SAE,0,0,Photos,,,,,08/04/2023,,,0,0,0,0,0,0,,,,,
1030659900204935,100064197037125,"PC Merchandise","ito na po yung ghost project🥲",,0,"08/17/2023 19:15",,https://www.facebook.com/pcmerchandise.co/posts/pfbid0uwNVgpce0GHX7MI4codggNAzLv67evmPEx5Wy5rr3g1kAmY3RjXs0SAE,0,0,Photos,,,,,08/05/2023,,,0,0,0,0,0,0,,,,,
1030659900204935,100064197037125,"PC Merchandise","ito na po yung ghost project🥲",,0,"08/17/2023 19:15",,https://www.facebook.com/pcmerchandise.co/posts/pfbid0uwNVgpce0GHX7MI4codggNAzLv67evmPEx5Wy5rr3g1kAmY3RjXs0SAE,0,0,Photos,,,,,08/06/2023,,,0,0,0,0,0,0,,,,,
1030659900204935,100064197037125,"PC Merchandise","ito na po yung ghost project🥲",,0,"08/17/2023 19:15",,https://www.facebook.com/pcmerchandise.co/posts/pfbid0uwNVgpce0GHX7MI4codggNAzLv67evmPEx5Wy5rr3g1kAmY3RjXs0SAE,0,0,Photos,,,,,08/07/2023,,,0,0,0,0,0,0,,,,,
1030659900204935,100064197037125,"PC Merchandise","ito na po yung ghost project🥲",,0,"08/17/2023 19:15",,https://www.facebook.com/pcmerchandise.co/posts/pfbid0uwNVgpce0GHX7MI4codggNAzLv67evmPEx5Wy5rr3g1kAmY3RjXs0SAE,0,0,Photos,,,,,08/08/2023,,,0,0,0,0,0,0,,,,,
1030659900204935,100064197037125,"PC Merchandise","ito na po yung ghost project🥲",,0,"08/17/2023 19:15",,https://www.facebook.com/pcmerchandise.co/posts/pfbid0uwNVgpce0GHX7MI4codggNAzLv67evmPEx5Wy5rr3g1kAmY3RjXs0SAE,0,0,Photos,,,,,08/09/2023,,,0,0,0,0,0,0,,,,,
1030659900204935,100064197037125,"PC Merchandise","ito na po yung ghost project🥲",,0,"08/17/2023 19:15",,https://www.facebook.com/pcmerchandise.co/posts/pfbid0uwNVgpce0GHX7MI4codggNAzLv67evmPEx5Wy5rr3g1kAmY3RjXs0SAE,0,0,Photos,,,,,08/10/2023,,,0,0,0,0,0,0,,,,,
1030659900204935,100064197037125,"PC Merchandise","ito na po yung ghost project🥲",,0,"08/17/2023 19:15",,https://www.facebook.com/pcmerchandise.co/posts/pfbid0uwNVgpce0GHX7MI4codggNAzLv67evmPEx5Wy5rr3g1kAmY3RjXs0SAE,0,0,Photos,,,,,08/11/2023,,,0,0,0,0,0,0,,,,,
1030659900204935,100064197037125,"PC Merchandise","ito na po yung ghost project🥲",,0,"08/17/2023 19:15",,https://www.facebook.com/pcmerchandise.co/posts/pfbid0uwNVgpce0GHX7MI4codggNAzLv67evmPEx5Wy5rr3g1kAmY3RjXs0SAE,0,0,Photos,,,,,08/12/2023,,,0,0,0,0,0,0,,,,,
1030659900204935,100064197037125,"PC Merchandise","ito na po yung ghost project🥲",,0,"08/17/2023 19:15",,https://www.facebook.com/pcmerchandise.co/posts/pfbid0uwNVgpce0GHX7MI4codggNAzLv67evmPEx5Wy5rr3g1kAmY3RjXs0SAE,0,0,Photos,,,,,08/13/2023,,,0,0,0,0,0,0,,,,,
1030659900204935,100064197037125,"PC Merchandise","ito na po yung ghost project🥲",,0,"08/17/2023 19:15",,https://www.facebook.com/pcmerchandise.co/posts/pfbid0uwNVgpce0GHX7MI4codggNAzLv67evmPEx5Wy5rr3g1kAmY3RjXs0SAE,0,0,Photos,,,,,08/14/2023,,,0,0,0,0,0,0,,,,,
1030659900204935,100064197037125,"PC Merchandise","ito na po yung ghost project🥲",,0,"08/17/2023 19:15",,https://www.facebook.com/pcmerchandise.co/posts/pfbid0uwNVgpce0GHX7MI4codggNAzLv67evmPEx5Wy5rr3g1kAmY3RjXs0SAE,0,0,Photos,,,,,08/15/2023,,,0,0,0,0,0,0,,,,,
1030659900204935,100064197037125,"PC Merchandise","ito na po yung ghost project🥲",,0,"08/17/2023 19:15",,https://www.facebook.com/pcmerchandise.co/posts/pfbid0uwNVgpce0GHX7MI4codggNAzLv67evmPEx5Wy5rr3g1kAmY3RjXs0SAE,0,0,Photos,,,,,08/16/2023,,,0,0,0,0,0,0,,,,,
1030659900204935,100064197037125,"PC Merchandise","ito na po yung ghost project🥲",,0,"08/17/2023 19:15",,https://www.facebook.com/pcmerchandise.co/posts/pfbid0uwNVgpce0GHX7MI4codggNAzLv67evmPEx5Wy5rr3g1kAmY3RjXs0SAE,0,0,Photos,,,,,08/17/2023,,,0,0,0,0,0,0,,,,,
1030659900204935,100064197037125,"PC Merchandise","ito na po yung ghost project🥲",,0,"08/17/2023 19:15",,https://www.facebook.com/pcmerchandise.co/posts/pfbid0uwNVgpce0GHX7MI4codggNAzLv67evmPEx5Wy5rr3g1kAmY3RjXs0SAE,0,0,Photos,,,,,08/18/2023,,,0,0,0,0,0,0,,,,,
1030659900204935,100064197037125,"PC Merchandise","ito na po yung ghost project🥲",,0,"08/17/2023 19:15",,https://www.facebook.com/pcmerchandise.co/posts/pfbid0uwNVgpce0GHX7MI4codggNAzLv67evmPEx5Wy5rr3g1kAmY3RjXs0SAE,0,0,Photos,,,,,08/19/2023,,,0,0,0,0,0,0,,,,,
1030659900204935,100064197037125,"PC Merchandise","ito na po yung ghost project🥲",,0,"08/17/2023 19:15",,https://www.facebook.com/pcmerchandise.co/posts/pfbid0uwNVgpce0GHX7MI4codggNAzLv67evmPEx5Wy5rr3g1kAmY3RjXs0SAE,0,0,Photos,,,,,08/20/2023,,,0,0,0,0,0,0,,,,,
1030659900204935,100064197037125,"PC Merchandise","ito na po yung ghost project🥲",,0,"08/17/2023 19:15",,https://www.facebook.com/pcmerchandise.co/posts/pfbid0uwNVgpce0GHX7MI4codggNAzLv67evmPEx5Wy5rr3g1kAmY3RjXs0SAE,0,0,Photos,,,,,08/21/2023,,,0,0,0,0,0,0,,,,,
1030659900204935,100064197037125,"PC Merchandise","ito na po yung ghost project🥲",,0,"08/17/2023 19:15",,https://www.facebook.com/pcmerchandise.co/posts/pfbid0uwNVgpce0GHX7MI4codggNAzLv67evmPEx5Wy5rr3g1kAmY3RjXs0SAE,0,0,Photos,,,,,08/22/2023,,,0,0,0,0,0,0,,,,,
1030659900204935,100064197037125,"PC Merchandise","ito na po yung ghost project🥲",,0,"08/17/2023 19:15",,https://www.facebook.com/pcmerchandise.co/posts/pfbid0uwNVgpce0GHX7MI4codggNAzLv67evmPEx5Wy5rr3g1kAmY3RjXs0SAE,0,0,Photos,,,,,08/23/2023,,,0,0,0,0,0,0,,,,,
1030659900204935,100064197037125,"PC Merchandise","ito na po yung ghost project🥲",,0,"08/17/2023 19:15",,https://www.facebook.com/pcmerchandise.co/posts/pfbid0uwNVgpce0GHX7MI4codggNAzLv67evmPEx5Wy5rr3g1kAmY3RjXs0SAE,0,0,Photos,,,,,08/24/2023,,,0,0,0,0,0,0,,,,,
1030659900204935,100064197037125,"PC Merchandise","ito na po yung ghost project🥲",,0,"08/17/2023 19:15",,https://www.facebook.com/pcmerchandise.co/posts/pfbid0uwNVgpce0GHX7MI4codggNAzLv67evmPEx5Wy5rr3g1kAmY3RjXs0SAE,0,0,Photos,,,,,08/25/2023,,,0,0,0,0,0,0,,,,,
1030659900204935,100064197037125,"PC Merchandise","ito na po yung ghost project🥲",,0,"08/17/2023 19:15",,https://www.facebook.com/pcmerchandise.co/posts/pfbid0uwNVgpce0GHX7MI4codggNAzLv67evmPEx5Wy5rr3g1kAmY3RjXs0SAE,0,0,Photos,,,,,08/26/2023,,,0,0,0,0,0,0,,,,,
1030659900204935,100064197037125,"PC Merchandise","ito na po yung ghost project🥲",,0,"08/17/2023 19:15",,https://www.facebook.com/pcmerchandise.co/posts/pfbid0uwNVgpce0GHX7MI4codggNAzLv67evmPEx5Wy5rr3g1kAmY3RjXs0SAE,0,0,Photos,,,,,08/27/2023,,,0,0,0,0,0,0,,,,,
1030659900204935,100064197037125,"PC Merchandise","ito na po yung ghost project🥲",,0,"08/17/2023 19:15",,https://www.facebook.com/pcmerchandise.co/posts/pfbid0uwNVgpce0GHX7MI4codggNAzLv67evmPEx5Wy5rr3g1kAmY3RjXs0SAE,0,0,Photos,,,,,08/28/2023,,,0,0,0,0,0,0,,,,,
1030659900204935,100064197037125,"PC Merchandise","ito na po yung ghost project🥲",,0,"08/17/2023 19:15",,https://www.facebook.com/pcmerchandise.co/posts/pfbid0uwNVgpce0GHX7MI4codggNAzLv67evmPEx5Wy5rr3g1kAmY3RjXs0SAE,0,0,Photos,,,,,08/29/2023,,,0,0,0,0,0,0,,,,,
1030659900204935,100064197037125,"PC Merchandise","ito na po yung ghost project🥲",,0,"08/17/2023 19:15",,https://www.facebook.com/pcmerchandise.co/posts/pfbid0uwNVgpce0GHX7MI4codggNAzLv67evmPEx5Wy5rr3g1kAmY3RjXs0SAE,0,0,Photos,,,,,08/30/2023,,,0,0,0,0,0,0,,,,,
1030659900204935,100064197037125,"PC Merchandise","ito na po yung ghost project🥲",,0,"08/17/2023 19:15",,https://www.facebook.com/pcmerchandise.co/posts/pfbid0uwNVgpce0GHX7MI4codggNAzLv67evmPEx5Wy5rr3g1kAmY3RjXs0SAE,0,0,Photos,,,,,08/31/2023,,,0,0,0,0,0,0,,,,,
1030544989495458,100064197037125,"PC Merchandise","𝐒𝐎𝐋𝐃 𝐢𝟓 𝟏𝟐𝟒𝟎𝟎𝐅 (𝟒𝐏𝐂𝐒) (4PCS)
𝐂𝐎𝐌𝐒𝐇𝐎𝐏 𝐏𝐀𝐂𝐊𝐀𝐆𝐄
#PCMERCHANDISE #PCMBUILDS",,0,"08/17/2023 19:00",,https://www.facebook.com/pcmerchandise.co/posts/pfbid0XbdmUwJjchnbMuu1FnXNBlIHC9RQCR6NCmAlkraeKZIpe91D2q1SfKPE,0,0,Photos,,,,,08/31/2023,0,,,,,,,,,,,,
1030544989495458,100064197037125,"PC Merchandise","𝐒𝐎𝐋𝐃 𝐢𝟓 𝟏𝟐𝟒𝟎𝟎𝐅 (𝟒𝐏𝐂𝐒) (4PCS)
𝐂𝐎𝐌𝐒𝐇𝐎𝐏 𝐏𝐀𝐂𝐊𝐀𝐆𝐄
#PCMERCHANDISE #PCMBUILDS",,0,"08/17/2023 19:00",,https://www.facebook.com/pcmerchandise.co/posts/pfbid0XbdmUwJjchnbMuu1FnXNBlIHC9RQCR6NCmAlkraeKZIpe91D2q1SfKPE,0,0,Photos,,,,,08/01/2023,,,0,0,0,0,0,0,,,,,
1030544989495458,100064197037125,"PC Merchandise","𝐒𝐎𝐋𝐃 𝐢𝟓 𝟏𝟐𝟒𝟎𝟎𝐅 (𝟒𝐏𝐂𝐒) (4PCS)
𝐂𝐎𝐌𝐒𝐇𝐎𝐏 𝐏𝐀𝐂𝐊𝐀𝐆𝐄
#PCMERCHANDISE #PCMBUILDS",,0,"08/17/2023 19:00",,https://www.facebook.com/pcmerchandise.co/posts/pfbid0XbdmUwJjchnbMuu1FnXNBlIHC9RQCR6NCmAlkraeKZIpe91D2q1SfKPE,0,0,Photos,,,,,08/02/2023,,,0,0,0,0,0,0,,,,,
1030544989495458,100064197037125,"PC Merchandise","𝐒𝐎𝐋𝐃 𝐢𝟓 𝟏𝟐𝟒𝟎𝟎𝐅 (𝟒𝐏𝐂𝐒) (4PCS)
𝐂𝐎𝐌𝐒𝐇𝐎𝐏 𝐏𝐀𝐂𝐊𝐀𝐆𝐄
#PCMERCHANDISE #PCMBUILDS",,0,"08/17/2023 19:00",,https://www.facebook.com/pcmerchandise.co/posts/pfbid0XbdmUwJjchnbMuu1FnXNBlIHC9RQCR6NCmAlkraeKZIpe91D2q1SfKPE,0,0,Photos,,,,,08/03/2023,,,0,0,0,0,0,0,,,,,
1030544989495458,100064197037125,"PC Merchandise","𝐒𝐎𝐋𝐃 𝐢𝟓 𝟏𝟐𝟒𝟎𝟎𝐅 (𝟒𝐏𝐂𝐒) (4PCS)
𝐂𝐎𝐌𝐒𝐇𝐎𝐏 𝐏𝐀𝐂𝐊𝐀𝐆𝐄
#PCMERCHANDISE #PCMBUILDS",,0,"08/17/2023 19:00",,https://www.facebook.com/pcmerchandise.co/posts/pfbid0XbdmUwJjchnbMuu1FnXNBlIHC9RQCR6NCmAlkraeKZIpe91D2q1SfKPE,0,0,Photos,,,,,08/04/2023,,,0,0,0,0,0,0,,,,,
1030544989495458,100064197037125,"PC Merchandise","𝐒𝐎𝐋𝐃 𝐢𝟓 𝟏𝟐𝟒𝟎𝟎𝐅 (𝟒𝐏𝐂𝐒) (4PCS)
𝐂𝐎𝐌𝐒𝐇𝐎𝐏 𝐏𝐀𝐂𝐊𝐀𝐆𝐄
#PCMERCHANDISE #PCMBUILDS",,0,"08/17/2023 19:00",,https://www.facebook.com/pcmerchandise.co/posts/pfbid0XbdmUwJjchnbMuu1FnXNBlIHC9RQCR6NCmAlkraeKZIpe91D2q1SfKPE,0,0,Photos,,,,,08/05/2023,,,0,0,0,0,0,0,,,,,
1030544989495458,100064197037125,"PC Merchandise","𝐒𝐎𝐋𝐃 𝐢𝟓 𝟏𝟐𝟒𝟎𝟎𝐅 (𝟒𝐏𝐂𝐒) (4PCS)
𝐂𝐎𝐌𝐒𝐇𝐎𝐏 𝐏𝐀𝐂𝐊𝐀𝐆𝐄
#PCMERCHANDISE #PCMBUILDS",,0,"08/17/2023 19:00",,https://www.facebook.com/pcmerchandise.co/posts/pfbid0XbdmUwJjchnbMuu1FnXNBlIHC9RQCR6NCmAlkraeKZIpe91D2q1SfKPE,0,0,Photos,,,,,08/06/2023,,,0,0,0,0,0,0,,,,,
1030544989495458,100064197037125,"PC Merchandise","𝐒𝐎𝐋𝐃 𝐢𝟓 𝟏𝟐𝟒𝟎𝟎𝐅 (𝟒𝐏𝐂𝐒) (4PCS)
𝐂𝐎𝐌𝐒𝐇𝐎𝐏 𝐏𝐀𝐂𝐊𝐀𝐆𝐄
#PCMERCHANDISE #PCMBUILDS",,0,"08/17/2023 19:00",,https://www.facebook.com/pcmerchandise.co/posts/pfbid0XbdmUwJjchnbMuu1FnXNBlIHC9RQCR6NCmAlkraeKZIpe91D2q1SfKPE,0,0,Photos,,,,,08/07/2023,,,0,0,0,0,0,0,,,,,
1030544989495458,100064197037125,"PC Merchandise","𝐒𝐎𝐋𝐃 𝐢𝟓 𝟏𝟐𝟒𝟎𝟎𝐅 (𝟒𝐏𝐂𝐒) (4PCS)
𝐂𝐎𝐌𝐒𝐇𝐎𝐏 𝐏𝐀𝐂𝐊𝐀𝐆𝐄
#PCMERCHANDISE #PCMBUILDS",,0,"08/17/2023 19:00",,https://www.facebook.com/pcmerchandise.co/posts/pfbid0XbdmUwJjchnbMuu1FnXNBlIHC9RQCR6NCmAlkraeKZIpe91D2q1SfKPE,0,0,Photos,,,,,08/08/2023,,,0,0,0,0,0,0,,,,,
1030544989495458,100064197037125,"PC Merchandise","𝐒𝐎𝐋𝐃 𝐢𝟓 𝟏𝟐𝟒𝟎𝟎𝐅 (𝟒𝐏𝐂𝐒) (4PCS)
𝐂𝐎𝐌𝐒𝐇𝐎𝐏 𝐏𝐀𝐂𝐊𝐀𝐆𝐄
#PCMERCHANDISE #PCMBUILDS",,0,"08/17/2023 19:00",,https://www.facebook.com/pcmerchandise.co/posts/pfbid0XbdmUwJjchnbMuu1FnXNBlIHC9RQCR6NCmAlkraeKZIpe91D2q1SfKPE,0,0,Photos,,,,,08/09/2023,,,0,0,0,0,0,0,,,,,
1030544989495458,100064197037125,"PC Merchandise","𝐒𝐎𝐋𝐃 𝐢𝟓 𝟏𝟐𝟒𝟎𝟎𝐅 (𝟒𝐏𝐂𝐒) (4PCS)
𝐂𝐎𝐌𝐒𝐇𝐎𝐏 𝐏𝐀𝐂𝐊𝐀𝐆𝐄
#PCMERCHANDISE #PCMBUILDS",,0,"08/17/2023 19:00",,https://www.facebook.com/pcmerchandise.co/posts/pfbid0XbdmUwJjchnbMuu1FnXNBlIHC9RQCR6NCmAlkraeKZIpe91D2q1SfKPE,0,0,Photos,,,,,08/10/2023,,,0,0,0,0,0,0,,,,,
1030544989495458,100064197037125,"PC Merchandise","𝐒𝐎𝐋𝐃 𝐢𝟓 𝟏𝟐𝟒𝟎𝟎𝐅 (𝟒𝐏𝐂𝐒) (4PCS)
𝐂𝐎𝐌𝐒𝐇𝐎𝐏 𝐏𝐀𝐂𝐊𝐀𝐆𝐄
#PCMERCHANDISE #PCMBUILDS",,0,"08/17/2023 19:00",,https://www.facebook.com/pcmerchandise.co/posts/pfbid0XbdmUwJjchnbMuu1FnXNBlIHC9RQCR6NCmAlkraeKZIpe91D2q1SfKPE,0,0,Photos,,,,,08/11/2023,,,0,0,0,0,0,0,,,,,
1030544989495458,100064197037125,"PC Merchandise","𝐒𝐎𝐋𝐃 𝐢𝟓 𝟏𝟐𝟒𝟎𝟎𝐅 (𝟒𝐏𝐂𝐒) (4PCS)
𝐂𝐎𝐌𝐒𝐇𝐎𝐏 𝐏𝐀𝐂𝐊𝐀𝐆𝐄
#PCMERCHANDISE #PCMBUILDS",,0,"08/17/2023 19:00",,https://www.facebook.com/pcmerchandise.co/posts/pfbid0XbdmUwJjchnbMuu1FnXNBlIHC9RQCR6NCmAlkraeKZIpe91D2q1SfKPE,0,0,Photos,,,,,08/12/2023,,,0,0,0,0,0,0,,,,,
1030544989495458,100064197037125,"PC Merchandise","𝐒𝐎𝐋𝐃 𝐢𝟓 𝟏𝟐𝟒𝟎𝟎𝐅 (𝟒𝐏𝐂𝐒) (4PCS)
𝐂𝐎𝐌𝐒𝐇𝐎𝐏 𝐏𝐀𝐂𝐊𝐀𝐆𝐄
#PCMERCHANDISE #PCMBUILDS",,0,"08/17/2023 19:00",,https://www.facebook.com/pcmerchandise.co/posts/pfbid0XbdmUwJjchnbMuu1FnXNBlIHC9RQCR6NCmAlkraeKZIpe91D2q1SfKPE,0,0,Photos,,,,,08/13/2023,,,0,0,0,0,0,0,,,,,
1030544989495458,100064197037125,"PC Merchandise","𝐒𝐎𝐋𝐃 𝐢𝟓 𝟏𝟐𝟒𝟎𝟎𝐅 (𝟒𝐏𝐂𝐒) (4PCS)
𝐂𝐎𝐌𝐒𝐇𝐎𝐏 𝐏𝐀𝐂𝐊𝐀𝐆𝐄
#PCMERCHANDISE #PCMBUILDS",,0,"08/17/2023 19:00",,https://www.facebook.com/pcmerchandise.co/posts/pfbid0XbdmUwJjchnbMuu1FnXNBlIHC9RQCR6NCmAlkraeKZIpe91D2q1SfKPE,0,0,Photos,,,,,08/14/2023,,,0,0,0,0,0,0,,,,,
1030544989495458,100064197037125,"PC Merchandise","𝐒𝐎𝐋𝐃 𝐢𝟓 𝟏𝟐𝟒𝟎𝟎𝐅 (𝟒𝐏𝐂𝐒) (4PCS)
𝐂𝐎𝐌𝐒𝐇𝐎𝐏 𝐏𝐀𝐂𝐊𝐀𝐆𝐄
#PCMERCHANDISE #PCMBUILDS",,0,"08/17/2023 19:00",,https://www.facebook.com/pcmerchandise.co/posts/pfbid0XbdmUwJjchnbMuu1FnXNBlIHC9RQCR6NCmAlkraeKZIpe91D2q1SfKPE,0,0,Photos,,,,,08/15/2023,,,0,0,0,0,0,0,,,,,
1030544989495458,100064197037125,"PC Merchandise","𝐒𝐎𝐋𝐃 𝐢𝟓 𝟏𝟐𝟒𝟎𝟎𝐅 (𝟒𝐏𝐂𝐒) (4PCS)
𝐂𝐎𝐌𝐒𝐇𝐎𝐏 𝐏𝐀𝐂𝐊𝐀𝐆𝐄
#PCMERCHANDISE #PCMBUILDS",,0,"08/17/2023 19:00",,https://www.facebook.com/pcmerchandise.co/posts/pfbid0XbdmUwJjchnbMuu1FnXNBlIHC9RQCR6NCmAlkraeKZIpe91D2q1SfKPE,0,0,Photos,,,,,08/16/2023,,,0,0,0,0,0,0,,,,,
1030544989495458,100064197037125,"PC Merchandise","𝐒𝐎𝐋𝐃 𝐢𝟓 𝟏𝟐𝟒𝟎𝟎𝐅 (𝟒𝐏𝐂𝐒) (4PCS)
𝐂𝐎𝐌𝐒𝐇𝐎𝐏 𝐏𝐀𝐂𝐊𝐀𝐆𝐄
#PCMERCHANDISE #PCMBUILDS",,0,"08/17/2023 19:00",,https://www.facebook.com/pcmerchandise.co/posts/pfbid0XbdmUwJjchnbMuu1FnXNBlIHC9RQCR6NCmAlkraeKZIpe91D2q1SfKPE,0,0,Photos,,,,,08/17/2023,,,0,0,0,0,0,0,,,,,
1030544989495458,100064197037125,"PC Merchandise","𝐒𝐎𝐋𝐃 𝐢𝟓 𝟏𝟐𝟒𝟎𝟎𝐅 (𝟒𝐏𝐂𝐒) (4PCS)
𝐂𝐎𝐌𝐒𝐇𝐎𝐏 𝐏𝐀𝐂𝐊𝐀𝐆𝐄
#PCMERCHANDISE #PCMBUILDS",,0,"08/17/2023 19:00",,https://www.facebook.com/pcmerchandise.co/posts/pfbid0XbdmUwJjchnbMuu1FnXNBlIHC9RQCR6NCmAlkraeKZIpe91D2q1SfKPE,0,0,Photos,,,,,08/18/2023,,,0,0,0,0,0,0,,,,,
1030544989495458,100064197037125,"PC Merchandise","𝐒𝐎𝐋𝐃 𝐢𝟓 𝟏𝟐𝟒𝟎𝟎𝐅 (𝟒𝐏𝐂𝐒) (4PCS)
𝐂𝐎𝐌𝐒𝐇𝐎𝐏 𝐏𝐀𝐂𝐊𝐀𝐆𝐄
#PCMERCHANDISE #PCMBUILDS",,0,"08/17/2023 19:00",,https://www.facebook.com/pcmerchandise.co/posts/pfbid0XbdmUwJjchnbMuu1FnXNBlIHC9RQCR6NCmAlkraeKZIpe91D2q1SfKPE,0,0,Photos,,,,,08/19/2023,,,0,0,0,0,0,0,,,,,
1030544989495458,100064197037125,"PC Merchandise","𝐒𝐎𝐋𝐃 𝐢𝟓 𝟏𝟐𝟒𝟎𝟎𝐅 (𝟒𝐏𝐂𝐒) (4PCS)
𝐂𝐎𝐌𝐒𝐇𝐎𝐏 𝐏𝐀𝐂𝐊𝐀𝐆𝐄
#PCMERCHANDISE #PCMBUILDS",,0,"08/17/2023 19:00",,https://www.facebook.com/pcmerchandise.co/posts/pfbid0XbdmUwJjchnbMuu1FnXNBlIHC9RQCR6NCmAlkraeKZIpe91D2q1SfKPE,0,0,Photos,,,,,08/20/2023,,,0,0,0,0,0,0,,,,,
1030544989495458,100064197037125,"PC Merchandise","𝐒𝐎𝐋𝐃 𝐢𝟓 𝟏𝟐𝟒𝟎𝟎𝐅 (𝟒𝐏𝐂𝐒) (4PCS)
𝐂𝐎𝐌𝐒𝐇𝐎𝐏 𝐏𝐀𝐂𝐊𝐀𝐆𝐄
#PCMERCHANDISE #PCMBUILDS",,0,"08/17/2023 19:00",,https://www.facebook.com/pcmerchandise.co/posts/pfbid0XbdmUwJjchnbMuu1FnXNBlIHC9RQCR6NCmAlkraeKZIpe91D2q1SfKPE,0,0,Photos,,,,,08/21/2023,,,0,0,0,0,0,0,,,,,
1030544989495458,100064197037125,"PC Merchandise","𝐒𝐎𝐋𝐃 𝐢𝟓 𝟏𝟐𝟒𝟎𝟎𝐅 (𝟒𝐏𝐂𝐒) (4PCS)
𝐂𝐎𝐌𝐒𝐇𝐎𝐏 𝐏𝐀𝐂𝐊𝐀𝐆𝐄
#PCMERCHANDISE #PCMBUILDS",,0,"08/17/2023 19:00",,https://www.facebook.com/pcmerchandise.co/posts/pfbid0XbdmUwJjchnbMuu1FnXNBlIHC9RQCR6NCmAlkraeKZIpe91D2q1SfKPE,0,0,Photos,,,,,08/22/2023,,,0,0,0,0,0,0,,,,,
1030544989495458,100064197037125,"PC Merchandise","𝐒𝐎𝐋𝐃 𝐢𝟓 𝟏𝟐𝟒𝟎𝟎𝐅 (𝟒𝐏𝐂𝐒) (4PCS)
𝐂𝐎𝐌𝐒𝐇𝐎𝐏 𝐏𝐀𝐂𝐊𝐀𝐆𝐄
#PCMERCHANDISE #PCMBUILDS",,0,"08/17/2023 19:00",,https://www.facebook.com/pcmerchandise.co/posts/pfbid0XbdmUwJjchnbMuu1FnXNBlIHC9RQCR6NCmAlkraeKZIpe91D2q1SfKPE,0,0,Photos,,,,,08/23/2023,,,0,0,0,0,0,0,,,,,
1030544989495458,100064197037125,"PC Merchandise","𝐒𝐎𝐋𝐃 𝐢𝟓 𝟏𝟐𝟒𝟎𝟎𝐅 (𝟒𝐏𝐂𝐒) (4PCS)
𝐂𝐎𝐌𝐒𝐇𝐎𝐏 𝐏𝐀𝐂𝐊𝐀𝐆𝐄
#PCMERCHANDISE #PCMBUILDS",,0,"08/17/2023 19:00",,https://www.facebook.com/pcmerchandise.co/posts/pfbid0XbdmUwJjchnbMuu1FnXNBlIHC9RQCR6NCmAlkraeKZIpe91D2q1SfKPE,0,0,Photos,,,,,08/24/2023,,,0,0,0,0,0,0,,,,,
1030544989495458,100064197037125,"PC Merchandise","𝐒𝐎𝐋𝐃 𝐢𝟓 𝟏𝟐𝟒𝟎𝟎𝐅 (𝟒𝐏𝐂𝐒) (4PCS)
𝐂𝐎𝐌𝐒𝐇𝐎𝐏 𝐏𝐀𝐂𝐊𝐀𝐆𝐄
#PCMERCHANDISE #PCMBUILDS",,0,"08/17/2023 19:00",,https://www.facebook.com/pcmerchandise.co/posts/pfbid0XbdmUwJjchnbMuu1FnXNBlIHC9RQCR6NCmAlkraeKZIpe91D2q1SfKPE,0,0,Photos,,,,,08/25/2023,,,0,0,0,0,0,0,,,,,
1030544989495458,100064197037125,"PC Merchandise","𝐒𝐎𝐋𝐃 𝐢𝟓 𝟏𝟐𝟒𝟎𝟎𝐅 (𝟒𝐏𝐂𝐒) (4PCS)
𝐂𝐎𝐌𝐒𝐇𝐎𝐏 𝐏𝐀𝐂𝐊𝐀𝐆𝐄
#PCMERCHANDISE #PCMBUILDS",,0,"08/17/2023 19:00",,https://www.facebook.com/pcmerchandise.co/posts/pfbid0XbdmUwJjchnbMuu1FnXNBlIHC9RQCR6NCmAlkraeKZIpe91D2q1SfKPE,0,0,Photos,,,,,08/26/2023,,,0,0,0,0,0,0,,,,,
1030544989495458,100064197037125,"PC Merchandise","𝐒𝐎𝐋𝐃 𝐢𝟓 𝟏𝟐𝟒𝟎𝟎𝐅 (𝟒𝐏𝐂𝐒) (4PCS)
𝐂𝐎𝐌𝐒𝐇𝐎𝐏 𝐏𝐀𝐂𝐊𝐀𝐆𝐄
#PCMERCHANDISE #PCMBUILDS",,0,"08/17/2023 19:00",,https://www.facebook.com/pcmerchandise.co/posts/pfbid0XbdmUwJjchnbMuu1FnXNBlIHC9RQCR6NCmAlkraeKZIpe91D2q1SfKPE,0,0,Photos,,,,,08/27/2023,,,0,0,0,0,0,0,,,,,
1030544989495458,100064197037125,"PC Merchandise","𝐒𝐎𝐋𝐃 𝐢𝟓 𝟏𝟐𝟒𝟎𝟎𝐅 (𝟒𝐏𝐂𝐒) (4PCS)
𝐂𝐎𝐌𝐒𝐇𝐎𝐏 𝐏𝐀𝐂𝐊𝐀𝐆𝐄
#PCMERCHANDISE #PCMBUILDS",,0,"08/17/2023 19:00",,https://www.facebook.com/pcmerchandise.co/posts/pfbid0XbdmUwJjchnbMuu1FnXNBlIHC9RQCR6NCmAlkraeKZIpe91D2q1SfKPE,0,0,Photos,,,,,08/28/2023,,,0,0,0,0,0,0,,,,,
1030544989495458,100064197037125,"PC Merchandise","𝐒𝐎𝐋𝐃 𝐢𝟓 𝟏𝟐𝟒𝟎𝟎𝐅 (𝟒𝐏𝐂𝐒) (4PCS)
𝐂𝐎𝐌𝐒𝐇𝐎𝐏 𝐏𝐀𝐂𝐊𝐀𝐆𝐄
#PCMERCHANDISE #PCMBUILDS",,0,"08/17/2023 19:00",,https://www.facebook.com/pcmerchandise.co/posts/pfbid0XbdmUwJjchnbMuu1FnXNBlIHC9RQCR6NCmAlkraeKZIpe91D2q1SfKPE,0,0,Photos,,,,,08/29/2023,,,0,0,0,0,0,0,,,,,
1030544989495458,100064197037125,"PC Merchandise","𝐒𝐎𝐋𝐃 𝐢𝟓 𝟏𝟐𝟒𝟎𝟎𝐅 (𝟒𝐏𝐂𝐒) (4PCS)
𝐂𝐎𝐌𝐒𝐇𝐎𝐏 𝐏𝐀𝐂𝐊𝐀𝐆𝐄
#PCMERCHANDISE #PCMBUILDS",,0,"08/17/2023 19:00",,https://www.facebook.com/pcmerchandise.co/posts/pfbid0XbdmUwJjchnbMuu1FnXNBlIHC9RQCR6NCmAlkraeKZIpe91D2q1SfKPE,0,0,Photos,,,,,08/30/2023,,,0,0,0,0,0,0,,,,,
1030544989495458,100064197037125,"PC Merchandise","𝐒𝐎𝐋𝐃 𝐢𝟓 𝟏𝟐𝟒𝟎𝟎𝐅 (𝟒𝐏𝐂𝐒) (4PCS)
𝐂𝐎𝐌𝐒𝐇𝐎𝐏 𝐏𝐀𝐂𝐊𝐀𝐆𝐄
#PCMERCHANDISE #PCMBUILDS",,0,"08/17/2023 19:00",,https://www.facebook.com/pcmerchandise.co/posts/pfbid0XbdmUwJjchnbMuu1FnXNBlIHC9RQCR6NCmAlkraeKZIpe91D2q1SfKPE,0,0,Photos,,,,,08/31/2023,,,0,0,0,0,0,0,,,,,
1030626876079263,100064197037125,"PC Merchandise","malas naman🥹",,82,"08/17/2023 15:30",uploaded,https://www.facebook.com/reel/1529370189182804/,0,0,Reels,,,,,08/01/2023,0,,,,,,0,0,0,0,0,0.000,2.185
1030626876079263,100064197037125,"PC Merchandise","malas naman🥹",,82,"08/17/2023 15:30",uploaded,https://www.facebook.com/reel/1529370189182804/,0,0,Reels,,,,,08/02/2023,0,,,,,,0,0,0,0,0,0.000,4.058
1030626876079263,100064197037125,"PC Merchandise","malas naman🥹",,82,"08/17/2023 15:30",uploaded,https://www.facebook.com/reel/1529370189182804/,0,0,Reels,,,,,08/03/2023,0,,,,,,0,0,0,0,0,0.000,3.569
1030626876079263,100064197037125,"PC Merchandise","malas naman🥹",,82,"08/17/2023 15:30",uploaded,https://www.facebook.com/reel/1529370189182804/,0,0,Reels,,,,,08/04/2023,0,,,,,,0,0,0,0,0,0.000,2.926
1030626876079263,100064197037125,"PC Merchandise","malas naman🥹",,82,"08/17/2023 15:30",uploaded,https://www.facebook.com/reel/1529370189182804/,0,0,Reels,,,,,08/05/2023,0,,,,,,0,0,0,0,0,0.000,2.963
1030626876079263,100064197037125,"PC Merchandise","malas naman🥹",,82,"08/17/2023 15:30",uploaded,https://www.facebook.com/reel/1529370189182804/,0,0,Reels,,,,,08/06/2023,0,,,,,,0,0,0,0,0,0.000,4.430
1030626876079263,100064197037125,"PC Merchandise","malas naman🥹",,82,"08/17/2023 15:30",uploaded,https://www.facebook.com/reel/1529370189182804/,0,0,Reels,,,,,08/07/2023,0,,,,,,0,0,0,0,0,0.000,3.072
1030626876079263,100064197037125,"PC Merchandise","malas naman🥹",,82,"08/17/2023 15:30",uploaded,https://www.facebook.com/reel/1529370189182804/,0,0,Reels,,,,,08/08/2023,0,,,,,,0,0,0,0,0,0.000,3.890
1030626876079263,100064197037125,"PC Merchandise","malas naman🥹",,82,"08/17/2023 15:30",uploaded,https://www.facebook.com/reel/1529370189182804/,0,0,Reels,,,,,08/09/2023,0,,,,,,0,0,0,0,0,0.000,3.034
1030626876079263,100064197037125,"PC Merchandise","malas naman🥹",,82,"08/17/2023 15:30",uploaded,https://www.facebook.com/reel/1529370189182804/,0,0,Reels,,,,,08/10/2023,0,,,,,,0,0,0,0,0,0.000,2.824
1030626876079263,100064197037125,"PC Merchandise","malas naman🥹",,82,"08/17/2023 15:30",uploaded,https://www.facebook.com/reel/1529370189182804/,0,0,Reels,,,,,08/11/2023,0,,,,,,0,0,0,0,0,0.000,4.890
1030626876079263,100064197037125,"PC Merchandise","malas naman🥹",,82,"08/17/2023 15:30",uploaded,https://www.facebook.com/reel/1529370189182804/,0,0,Reels,,,,,08/12/2023,0,,,,,,0,0,0,0,0,0.000,2.683
1030626876079263,100064197037125,"PC Merchandise","malas naman🥹",,82,"08/17/2023 15:30",uploaded,https://www.facebook.com/reel/1529370189182804/,0,0,Reels,,,,,08/13/2023,0,,,,,,0,0,0,0,0,0.000,4.007
1030626876079263,100064197037125,"PC Merchandise","malas naman🥹",,82,"08/17/2023 15:30",uploaded,https://www.facebook.com/reel/1529370189182804/,0,0,Reels,,,,,08/14/2023,0,,,,,,0,0,0,0,0,0.000,2.904
1030626876079263,100064197037125,"PC Merchandise","malas naman🥹",,82,"08/17/2023 15:30",uploaded,https://www.facebook.com/reel/1529370189182804/,0,0,Reels,,,,,08/15/2023,0,,,,,,0,0,0,0,0,0.000,2.427
1030626876079263,100064197037125,"PC Merchandise","malas naman🥹",,82,"08/17/2023 15:30",uploaded,https://www.facebook.com/reel/1529370189182804/,0,0,Reels,,,,,08/16/2023,0,,,,,,0,0,0,0,0,0.000,2.673
1030626876079263,100064197037125,"PC Merchandise","malas naman🥹",,82,"08/17/2023 15:30",uploaded,https://www.facebook.com/reel/1529370189182804/,0,0,Reels,,,,,08/17/2023,0,,,,,,75,0,0,0,0,968.831,4.661
1030626876079263,100064197037125,"PC Merchandise","malas naman🥹",,82,"08/17/2023 15:30",uploaded,https://www.facebook.com/reel/1529370189182804/,0,0,Reels,,,,,08/18/2023,0,,,,,,90,0,2,2,0,985.886,3.501
1030626876079263,100064197037125,"PC Merchandise","malas naman🥹",,82,"08/17/2023 15:30",uploaded,https://www.facebook.com/reel/1529370189182804/,0,0,Reels,,,,,08/19/2023,0,,,,,,95,0,0,0,0,1083.881,3.397
1030626876079263,100064197037125,"PC Merchandise","malas naman🥹",,82,"08/17/2023 15:30",uploaded,https://www.facebook.com/reel/1529370189182804/,0,0,Reels,,,,,08/20/2023,0,,,,,,97,0,1,0,1,592.065,2.960
1030626876079263,100064197037125,"PC Merchandise","malas naman🥹",,82,"08/17/2023 15:30",uploaded,https://www.facebook.com/reel/1529370189182804/,0,0,Reels,,,,,08/21/2023,0,,,,,,82,0,0,0,0,414.192,2.379
1030626876079263,100064197037125,"PC Merchandise","malas naman🥹",,82,"08/17/2023 15:30",uploaded,https://www.facebook.com/reel/1529370189182804/,0,0,Reels,,,,,08/22/2023,0,,,,,,100,0,0,0,0,267.924,3.428
1030626876079263,100064197037125,"PC Merchandise","malas naman🥹",,82,"08/17/2023 15:30",uploaded,https://www.facebook.com/reel/1529370189182804/,0,0,Reels,,,,,08/23/2023,0,,,,,,87,0,1,1,0,379.448,4.450
1030626876079263,100064197037125,"PC Merchandise","malas naman🥹",,82,"08/17/2023 15:30",uploaded,https://www.facebook.com/reel/1529370189182804/,0,0,Reels,,,,,08/24/2023,0,,,,,,88,0,0,0,0,119.884,2.947
1030626876079263,100064197037125,"PC Merchandise","malas naman🥹",,82,"08/17/2023 15:30",uploaded,https://www.facebook.com/reel/1529370189182804/,0,0,Reels,,,,,08/25/2023,0,,,,,,84,0,0,0,0,66.177,3.535
1030626876079263,100064197037125,"PC Merchandise","malas naman🥹",,82,"08/17/2023 15:30",uploaded,https://www.facebook.com/reel/1529370189182804/,0,0,Reels,,,,,08/26/2023,0,,,,,,0,0,0,0,0,210.939,5.124
1030626876079263,100064197037125,"PC Merchandise","malas naman🥹",,82,"08/17/2023 15:30",uploaded,https://www.facebook.com/reel/1529370189182804/,0,0,Reels,,,,,08/27/2023,0,,,,,,0,0,0,0,0,157.378,1.938
1030626876079263,100064197037125,"PC Merchandise","malas naman🥹",,82,"08/17/2023 15:30",uploaded,https://www.facebook.com/reel/1529370189182804/,0,0,Reels,,,,,08/28/2023,0,,,,,,0,0,0,0,0,147.591,2.117
1030626876079263,100064197037125,"PC Merchandise","malas naman🥹",,82,"08/17/2023 15:30",uploaded,https://www.facebook.com/reel/1529370189182804/,0,0,Reels,,,,,08/29/2023,0,,,,,,0,0,0,0,0,50.531,2.955
1030626876079263,100064197037125,"PC Merchandise","malas naman🥹",,82,"08/17/2023 15:30",uploaded,https://www.facebook.com/reel/1529370189182804/,0,0,Reels,,,,,08/30/2023,0,,,,,,0,0,1,1,0,89.684,3.307
1030626876079263,100064197037125,"PC Merchandise","malas naman🥹",,82,"08/17/2023 15:30",uploaded,https://www.facebook.com/reel/1529370189182804/,0,0,Reels,,,,,08/31/2023,0,,,,,,0,0,0,0,0,36.951,2.823
1030540133887059,100064197037125,"PC Merchandise","Paano kung sabihin ko sayo na kaya mo na mag GTX 1660S build under budget? 👀",,0,"08/16/2023 20:11",,https://www.facebook.com/pcmerchandise.co/posts/pfbid00jZXp3UuocoQn4dK0FtQ4F8b2CoSySmB5MfTzyPS1bMIcYtqVGfL8ZeD,0,0,Photos,,,,,08/31/2023,0,,,,,,,,,,,,
1030540133887059,100064197037125,"PC Merchandise","Paano kung sabihin ko sayo na kaya mo na mag GTX 1660S build under budget? 👀",,0,"08/16/2023 20:11",,https://www.facebook.com/pcmerchandise.co/posts/pfbid00jZXp3UuocoQn4dK0FtQ4F8b2CoSySmB5MfTzyPS1bMIcYtqVGfL8ZeD,0,0,Photos,,,,,08/01/2023,,,0,0,0,0,0,0,,,,,
1030540133887059,100064197037125,"PC Merchandise","Paano kung sabihin ko sayo na kaya mo na mag GTX 1660S build under budget? 👀",,0,"08/16/2023 20:11",,https://www.facebook.com/pcmerchandise.co/posts/pfbid00jZXp3UuocoQn4dK0FtQ4F8b2CoSySmB5MfTzyPS1bMIcYtqVGfL8ZeD,0,0,Photos,,,,,08/02/2023,,,0,0,0,0,0,0,,,,,
1030540133887059,100064197037125,"PC Merchandise","Paano kung sabihin ko sayo na kaya mo na mag GTX 1660S build under budget? 👀",,0,"08/16/2023 20:11",,https://www.facebook.com/pcmerchandise.co/posts/pfbid00jZXp3UuocoQn4dK0FtQ4F8b2CoSySmB5MfTzyPS1bMIcYtqVGfL8ZeD,0,0,Photos,,,,,08/03/2023,,,0,0,0,0,0,0,,,,,
1030540133887059,100064197037125,"PC Merchandise","Paano kung sabihin ko sayo na kaya mo na mag GTX 1660S build under budget? 👀",,0,"08/16/2023 20:11",,https://www.facebook.com/pcmerchandise.co/posts/pfbid00jZXp3UuocoQn4dK0FtQ4F8b2CoSySmB5MfTzyPS1bMIcYtqVGfL8ZeD,0,0,Photos,,,,,08/04/2023,,,0,0,0,0,0,0,,,,,
1030540133887059,100064197037125,"PC Merchandise","Paano kung sabihin ko sayo na kaya mo na mag GTX 1660S build under budget? 👀",,0,"08/16/2023 20:11",,https://www.facebook.com/pcmerchandise.co/posts/pfbid00jZXp3UuocoQn4dK0FtQ4F8b2CoSySmB5MfTzyPS1bMIcYtqVGfL8ZeD,0,0,Photos,,,,,08/05/2023,,,0,0,0,0,0,0,,,,,
1030540133887059,100064197037125,"PC Merchandise","Paano kung sabihin ko sayo na kaya mo na mag GTX 1660S build under budget? 👀",,0,"08/16/2023 20:11",,https://www.facebook.com/pcmerchandise.co/posts/pfbid00jZXp3UuocoQn4dK0FtQ4F8b2CoSySmB5MfTzyPS1bMIcYtqVGfL8ZeD,0,0,Photos,,,,,08/06/2023,,,0,0,0,0,0,0,,,,,
1030540133887059,100064197037125,"PC Merchandise","Paano kung sabihin ko sayo na kaya mo na mag GTX 1660S build under budget? 👀",,0,"08/16/2023 20:11",,https://www.facebook.com/pcmerchandise.co/posts/pfbid00jZXp3UuocoQn4dK0FtQ4F8b2CoSySmB5MfTzyPS1bMIcYtqVGfL8ZeD,0,0,Photos,,,,,08/07/2023,,,0,0,0,0,0,0,,,,,
1030540133887059,100064197037125,"PC Merchandise","Paano kung sabihin ko sayo na kaya mo na mag GTX 1660S build under budget? 👀",,0,"08/16/2023 20:11",,https://www.facebook.com/pcmerchandise.co/posts/pfbid00jZXp3UuocoQn4dK0FtQ4F8b2CoSySmB5MfTzyPS1bMIcYtqVGfL8ZeD,0,0,Photos,,,,,08/08/2023,,,0,0,0,0,0,0,,,,,
1030540133887059,100064197037125,"PC Merchandise","Paano kung sabihin ko sayo na kaya mo na mag GTX 1660S build under budget? 👀",,0,"08/16/2023 20:11",,https://www.facebook.com/pcmerchandise.co/posts/pfbid00jZXp3UuocoQn4dK0FtQ4F8b2CoSySmB5MfTzyPS1bMIcYtqVGfL8ZeD,0,0,Photos,,,,,08/09/2023,,,0,0,0,0,0,0,,,,,
1030540133887059,100064197037125,"PC Merchandise","Paano kung sabihin ko sayo na kaya mo na mag GTX 1660S build under budget? 👀",,0,"08/16/2023 20:11",,https://www.facebook.com/pcmerchandise.co/posts/pfbid00jZXp3UuocoQn4dK0FtQ4F8b2CoSySmB5MfTzyPS1bMIcYtqVGfL8ZeD,0,0,Photos,,,,,08/10/2023,,,0,0,0,0,0,0,,,,,
1030540133887059,100064197037125,"PC Merchandise","Paano kung sabihin ko sayo na kaya mo na mag GTX 1660S build under budget? 👀",,0,"08/16/2023 20:11",,https://www.facebook.com/pcmerchandise.co/posts/pfbid00jZXp3UuocoQn4dK0FtQ4F8b2CoSySmB5MfTzyPS1bMIcYtqVGfL8ZeD,0,0,Photos,,,,,08/11/2023,,,0,0,0,0,0,0,,,,,
1030540133887059,100064197037125,"PC Merchandise","Paano kung sabihin ko sayo na kaya mo na mag GTX 1660S build under budget? 👀",,0,"08/16/2023 20:11",,https://www.facebook.com/pcmerchandise.co/posts/pfbid00jZXp3UuocoQn4dK0FtQ4F8b2CoSySmB5MfTzyPS1bMIcYtqVGfL8ZeD,0,0,Photos,,,,,08/12/2023,,,0,0,0,0,0,0,,,,,
1030540133887059,100064197037125,"PC Merchandise","Paano kung sabihin ko sayo na kaya mo na mag GTX 1660S build under budget? 👀",,0,"08/16/2023 20:11",,https://www.facebook.com/pcmerchandise.co/posts/pfbid00jZXp3UuocoQn4dK0FtQ4F8b2CoSySmB5MfTzyPS1bMIcYtqVGfL8ZeD,0,0,Photos,,,,,08/13/2023,,,0,0,0,0,0,0,,,,,
1030540133887059,100064197037125,"PC Merchandise","Paano kung sabihin ko sayo na kaya mo na mag GTX 1660S build under budget? 👀",,0,"08/16/2023 20:11",,https://www.facebook.com/pcmerchandise.co/posts/pfbid00jZXp3UuocoQn4dK0FtQ4F8b2CoSySmB5MfTzyPS1bMIcYtqVGfL8ZeD,0,0,Photos,,,,,08/14/2023,,,0,0,0,0,0,0,,,,,
1030540133887059,100064197037125,"PC Merchandise","Paano kung sabihin ko sayo na kaya mo na mag GTX 1660S build under budget? 👀",,0,"08/16/2023 20:11",,https://www.facebook.com/pcmerchandise.co/posts/pfbid00jZXp3UuocoQn4dK0FtQ4F8b2CoSySmB5MfTzyPS1bMIcYtqVGfL8ZeD,0,0,Photos,,,,,08/15/2023,,,0,0,0,0,0,0,,,,,
1030540133887059,100064197037125,"PC Merchandise","Paano kung sabihin ko sayo na kaya mo na mag GTX 1660S build under budget? 👀",,0,"08/16/2023 20:11",,https://www.facebook.com/pcmerchandise.co/posts/pfbid00jZXp3UuocoQn4dK0FtQ4F8b2CoSySmB5MfTzyPS1bMIcYtqVGfL8ZeD,0,0,Photos,,,,,08/16/2023,,,0,0,0,0,0,0,,,,,
1030540133887059,100064197037125,"PC Merchandise","Paano kung sabihin ko sayo na kaya mo na mag GTX 1660S build under budget? 👀",,0,"08/16/2023 20:11",,https://www.facebook.com/pcmerchandise.co/posts/pfbid00jZXp3UuocoQn4dK0FtQ4F8b2CoSySmB5MfTzyPS1bMIcYtqVGfL8ZeD,0,0,Photos,,,,,08/17/2023,,,0,0,0,0,0,0,,,,,
1030540133887059,100064197037125,"PC Merchandise","Paano kung sabihin ko sayo na kaya mo na mag GTX 1660S build under budget? 👀",,0,"08/16/2023 20:11",,https://www.facebook.com/pcmerchandise.co/posts/pfbid00jZXp3UuocoQn4dK0FtQ4F8b2CoSySmB5MfTzyPS1bMIcYtqVGfL8ZeD,0,0,Photos,,,,,08/18/2023,,,0,0,0,0,0,0,,,,,
1030540133887059,100064197037125,"PC Merchandise","Paano kung sabihin ko sayo na kaya mo na mag GTX 1660S build under budget? 👀",,0,"08/16/2023 20:11",,https://www.facebook.com/pcmerchandise.co/posts/pfbid00jZXp3UuocoQn4dK0FtQ4F8b2CoSySmB5MfTzyPS1bMIcYtqVGfL8ZeD,0,0,Photos,,,,,08/19/2023,,,0,0,0,0,0,0,,,,,
1030540133887059,100064197037125,"PC Merchandise","Paano kung sabihin ko sayo na kaya mo na mag GTX 1660S build under budget? 👀",,0,"08/16/2023 20:11",,https://www.facebook.com/pcmerchandise.co/posts/pfbid00jZXp3UuocoQn4dK0FtQ4F8b2CoSySmB5MfTzyPS1bMIcYtqVGfL8ZeD,0,0,Photos,,,,,08/20/2023,,,0,0,0,0,0,0,,,,,
1030540133887059,100064197037125,"PC Merchandise","Paano kung sabihin ko sayo na kaya mo na mag GTX 1660S build under budget? 👀",,0,"08/16/2023 20:11",,https://www.facebook.com/pcmerchandise.co/posts/pfbid00jZXp3UuocoQn4dK0FtQ4F8b2CoSySmB5MfTzyPS1bMIcYtqVGfL8ZeD,0,0,Photos,,,,,08/21/2023,,,0,0,0,0,0,0,,,,,
1030540133887059,100064197037125,"PC Merchandise","Paano kung sabihin ko sayo na kaya mo na mag GTX 1660S build under budget? 👀",,0,"08/16/2023 20:11",,https://www.facebook.com/pcmerchandise.co/posts/pfbid00jZXp3UuocoQn4dK0FtQ4F8b2CoSySmB5MfTzyPS1bMIcYtqVGfL8ZeD,0,0,Photos,,,,,08/22/2023,,,0,0,0,0,0,0,,,,,
1030540133887059,100064197037125,"PC Merchandise","Paano kung sabihin ko sayo na kaya mo na mag GTX 1660S build under budget? 👀",,0,"08/16/2023 20:11",,https://www.facebook.com/pcmerchandise.co/posts/pfbid00jZXp3UuocoQn4dK0FtQ4F8b2CoSySmB5MfTzyPS1bMIcYtqVGfL8ZeD,0,0,Photos,,,,,08/23/2023,,,0,0,0,0,0,0,,,,,
1030540133887059,100064197037125,"PC Merchandise","Paano kung sabihin ko sayo na kaya mo na mag GTX 1660S build under budget? 👀",,0,"08/16/2023 20:11",,https://www.facebook.com/pcmerchandise.co/posts/pfbid00jZXp3UuocoQn4dK0FtQ4F8b2CoSySmB5MfTzyPS1bMIcYtqVGfL8ZeD,0,0,Photos,,,,,08/24/2023,,,0,0,0,0,0,0,,,,,
1030540133887059,100064197037125,"PC Merchandise","Paano kung sabihin ko sayo na kaya mo na mag GTX 1660S build under budget? 👀",,0,"08/16/2023 20:11",,https://www.facebook.com/pcmerchandise.co/posts/pfbid00jZXp3UuocoQn4dK0FtQ4F8b2CoSySmB5MfTzyPS1bMIcYtqVGfL8ZeD,0,0,Photos,,,,,08/25/2023,,,0,0,0,0,0,0,,,,,
1030540133887059,100064197037125,"PC Merchandise","Paano kung sabihin ko sayo na kaya mo na mag GTX 1660S build under budget? 👀",,0,"08/16/2023 20:11",,https://www.facebook.com/pcmerchandise.co/posts/pfbid00jZXp3UuocoQn4dK0FtQ4F8b2CoSySmB5MfTzyPS1bMIcYtqVGfL8ZeD,0,0,Photos,,,,,08/26/2023,,,0,0,0,0,0,0,,,,,
1030540133887059,100064197037125,"PC Merchandise","Paano kung sabihin ko sayo na kaya mo na mag GTX 1660S build under budget? 👀",,0,"08/16/2023 20:11",,https://www.facebook.com/pcmerchandise.co/posts/pfbid00jZXp3UuocoQn4dK0FtQ4F8b2CoSySmB5MfTzyPS1bMIcYtqVGfL8ZeD,0,0,Photos,,,,,08/27/2023,,,0,0,0,0,0,0,,,,,
1030540133887059,100064197037125,"PC Merchandise","Paano kung sabihin ko sayo na kaya mo na mag GTX 1660S build under budget? 👀",,0,"08/16/2023 20:11",,https://www.facebook.com/pcmerchandise.co/posts/pfbid00jZXp3UuocoQn4dK0FtQ4F8b2CoSySmB5MfTzyPS1bMIcYtqVGfL8ZeD,0,0,Photos,,,,,08/28/2023,,,0,0,0,0,0,0,,,,,
1030540133887059,100064197037125,"PC Merchandise","Paano kung sabihin ko sayo na kaya mo na mag GTX 1660S build under budget? 👀",,0,"08/16/2023 20:11",,https://www.facebook.com/pcmerchandise.co/posts/pfbid00jZXp3UuocoQn4dK0FtQ4F8b2CoSySmB5MfTzyPS1bMIcYtqVGfL8ZeD,0,0,Photos,,,,,08/29/2023,,,0,0,0,0,0,0,,,,,
1030540133887059,100064197037125,"PC Merchandise","Paano kung sabihin ko sayo na kaya mo na mag GTX 1660S build under budget? 👀",,0,"08/16/2023 20:11",,https://www.facebook.com/pcmerchandise.co/posts/pfbid00jZXp3UuocoQn4dK0FtQ4F8b2CoSySmB5MfTzyPS1bMIcYtqVGfL8ZeD,0,0,Photos,,,,,08/30/2023,,,0,0,0,0,0,0,,,,,
1030540133887059,100064197037125,"PC Merchandise","Paano kung sabihin ko sayo na kaya mo na mag GTX 1660S build under budget? 👀",,0,"08/16/2023 20:11",,https://www.facebook.com/pcmerchandise.co/posts/pfbid00jZXp3UuocoQn4dK0FtQ4F8b2CoSySmB5MfTzyPS1bMIcYtqVGfL8ZeD,0,0,Photos,,,,,08/31/2023,,,0,0,0,0,0,0,,,,,
1030751062349858,100064197037125,"PC Merchandise","UNBOXING: RTX 3050 fresh stock just arrived! 📦",,65,"08/16/2023 17:48",,https://www.facebook.com/reel/1800977428220177/,0,0,Reels,,,,,08/01/2023,0,,,,,,0,0,0,0,0,0.000,5.030
1030751062349858,100064197037125,"PC Merchandise","UNBOXING: RTX 3050 fresh stock just arrived! 📦",,65,"08/16/2023 17:48",,https://www.facebook.com/reel/1800977428220177/,0,0,Reels,,,,,08/02/2023,0,,,,,,0,0,0,0,0,0.000,4.598
1030751062349858,100064197037125,"PC Merchandise","UNBOXING: RTX 3050 fresh stock just arrived! 📦",,65,"08/16/2023 17:48",,https://www.facebook.com/reel/1800977428220177/,0,0,Reels,,,,,08/03/2023,0,,,,,,0,0,0,0,0,0.000,4.391
1030751062349858,100064197037125,"PC Merchandise","UNBOXING: RTX 3050 fresh stock just arrived! 📦",,65,"08/16/2023 17:48",,https://www.facebook.com/reel/1800977428220177/,0,0,Reels,,,,,08/04/2023,0,,,,,,0,0,0,0,0,0.000,1.500
1030751062349858,100064197037125,"PC Merchandise","UNBOXING: RTX 3050 fresh stock just arrived! 📦",,65,"08/16/2023 17:48",,https://www.facebook.com/reel/1800977428220177/,0,0,Reels,,,,,08/05/2023,0,,,,,,0,0,0,0,0,0.000,4.158
1030751062349858,100064197037125,"PC Merchandise","UNBOXING: RTX 3050 fresh stock just arrived! 📦",,65,"08/16/2023 17:48",,https://www.facebook.com/reel/1800977428220177/,0,0,Reels,,,,,08/06/2023,0,,,,,,0,0,0,0,0,0.000,5.825
1030751062349858,100064197037125,"PC Merchandise","UNBOXING: RTX 3050 fresh stock just arrived! 📦",,65,"08/16/2023 17:48",,https://www.facebook.com/reel/1800977428220177/,0,0,Reels,,,,,08/07/2023,0,,,,,,0,0,0,0,0,0.000,3.650
1030751062349858,100064197037125,"PC Merchandise","UNBOXING: RTX 3050 fresh stock just arrived! 📦",,65,"08/16/2023 17:48",,https://www.facebook.com/reel/1800977428220177/,0,0,Reels,,,,,08/08/2023,0,,,,,,0,0,0,0,0,0.000,5.727
1030751062349858,100064197037125,"PC Merchandise","UNBOXING: RTX 3050 fresh stock just arrived! 📦",,65,"08/16/2023 17:48",,https://www.facebook.com/reel/1800977428220177/,0,0,Reels,,,,,08/09/2023,0,,,,,,0,0,0,0,0,0.000,3.852
1030751062349858,100064197037125,"PC Merchandise","UNBOXING: RTX 3050 fresh stock just arrived! 📦",,65,"08/16/2023 17:48",,https://www.facebook.com/reel/1800977428220177/,0,0,Reels,,,,,08/10/2023,0,,,,,,0,0,0,0,0,0.000,4.287
1030751062349858,100064197037125,"PC Merchandise","UNBOXING: RTX 3050 fresh stock just arrived! 📦",,65,"08/16/2023 17:48",,https://www.facebook.com/reel/1800977428220177/,0,0,Reels,,,,,08/11/2023,0,,,,,,0,0,0,0,0,0.000,3.597
1030751062349858,100064197037125,"PC Merchandise","UNBOXING: RTX 3050 fresh stock just arrived! 📦",,65,"08/16/2023 17:48",,https://www.facebook.com/reel/1800977428220177/,0,0,Reels,,,,,08/12/2023,0,,,,,,0,0,0,0,0,0.000,3.994
1030751062349858,100064197037125,"PC Merchandise","UNBOXING: RTX 3050 fresh stock just arrived! 📦",,65,"08/16/2023 17:48",,https://www.facebook.com/reel/1800977428220177/,0,0,Reels,,,,,08/13/2023,0,,,,,,0,0,0,0,0,0.000,4.729
1030751062349858,100064197037125,"PC Merchandise","UNBOXING: RTX 3050 fresh stock just arrived! 📦",,65,"08/16/2023 17:48",,https://www.facebook.com/reel/1800977428220177/,0,0,Reels,,,,,08/14/2023,0,,,,,,0,0,0,0,0,0.000,5.268
1030751062349858,100064197037125,"PC Merchandise","UNBOXING: RTX 3050 fresh stock just arrived! 📦",,65,"08/16/2023 17:48",,https://www.facebook.com/reel/1800977428220177/,0,0,Reels,,,,,08/15/2023,0,,,,,,0,0,0,0,0,0.000,5.628
1030751062349858,100064197037125,"PC Merchandise","UNBOXING: RTX 3050 fresh stock just arrived! 📦",,65,"08/16/2023 17:48",,https://www.facebook.com/reel/1800977428220177/,0,0,Reels,,,,,08/16/2023,0,,,,,,0,0,0,0,0,36.130,4.184
1030751062349858,100064197037125,"PC Merchandise","UNBOXING: RTX 3050 fresh stock just arrived! 📦",,65,"08/16/2023 17:48",,https://www.facebook.com/reel/1800977428220177/,0,0,Reels,,,,,08/17/2023,0,,,,,,0,0,0,0,0,33.162,4.738
1030751062349858,100064197037125,"PC Merchandise","UNBOXING: RTX 3050 fresh stock just arrived! 📦",,65,"08/16/2023 17:48",,https://www.facebook.com/reel/1800977428220177/,0,0,Reels,,,,,08/18/2023,0,,,,,,0,0,0,0,0,16.899,4.071
1030751062349858,100064197037125,"PC Merchandise","UNBOXING: RTX 3050 fresh stock just arrived! 📦",,65,"08/16/2023 17:48",,https://www.facebook.com/reel/1800977428220177/,0,0,Reels,,,,,08/19/2023,0,,,,,,0,0,0,0,0,22.512,5.357
1030751062349858,100064197037125,"PC Merchandise","UNBOXING: RTX 3050 fresh stock just arrived! 📦",,65,"08/16/2023 17:48",,https://www.facebook.com/reel/1800977428220177/,0,0,Reels,,,,,08/20/2023,0,,,,,,0,0,1,0,1,12.799,4.470
1030751062349858,100064197037125,"PC Merchandise","UNBOXING: RTX 3050 fresh stock just arrived! 📦",,65,"08/16/2023 17:48",,https://www.facebook.com/reel/1800977428220177/,0,0,Reels,,,,,08/21/2023,0,,,,,,0,0,0,0,0,15.618,2.932
1030751062349858,100064197037125,"PC Merchandise","UNBOXING: RTX 3050 fresh stock just arrived! 📦",,65,"08/16/2023 17:48",,https://www.facebook.com/reel/1800977428220177/,0,0,Reels,,,,,08/22/2023,0,,,,,,0,0,0,0,0,5.329,5.135
1030751062349858,100064197037125,"PC Merchandise","UNBOXING: RTX 3050 fresh stock just arrived! 📦",,65,"08/16/2023 17:48",,https://www.facebook.com/reel/1800977428220177/,0,0,Reels,,,,,08/23/2023,0,,,,,,0,0,0,0,0,9.600,5.668
1030751062349858,100064197037125,"PC Merchandise","UNBOXING: RTX 3050 fresh stock just arrived! 📦",,65,"08/16/2023 17:48",,https://www.facebook.com/reel/1800977428220177/,0,0,Reels,,,,,08/24/2023,0,,,,,,0,0,0,0,0,6.266,4.541
1030751062349858,100064197037125,"PC Merchandise","UNBOXING: RTX 3050 fresh stock just arrived! 📦",,65,"08/16/2023 17:48",,https://www.facebook.com/reel/1800977428220177/,0,0,Reels,,,,,08/25/2023,0,,,,,,0,0,0,0,0,8.976,3.235
1030751062349858,100064197037125,"PC Merchandise","UNBOXING: RTX 3050 fresh stock just arrived! 📦",,65,"08/16/2023 17:48",,https://www.facebook.com/reel/1800977428220177/,0,0,Reels,,,,,08/26/2023,0,,,,,,0,0,0,0,0,3.742,5.887
1030751062349858,100064197037125,"PC Merchandise","UNBOXING: RTX 3050 fresh stock just arrived! 📦",,65,"08/16/2023 17:48",,https://www.facebook.com/reel/1800977428220177/,0,0,Reels,,,,,08/27/2023,0,,,,,,0,0,0,0,0,1.570,4.584
1030751062349858,100064197037125,"PC Merchandise","UNBOXING: RTX 3050 fresh stock just arrived! 📦",,65,"08/16/2023 17:48",,https://www.facebook.com/reel/1800977428220177/,0,0,Reels,,,,,08/28/2023,0,,,,,,0,0,0,0,0,3.799,4.191
1030751062349858,100064197037125,"PC Merchandise","UNBOXING: RTX 3050 fresh stock just arrived! 📦",,65,"08/16/2023 17:48",,https://www.facebook.com/reel/1800977428220177/,0,0,Reels,,,,,08/29/2023,0,,,,,,0,0,1,1,0,2.631,4.781
1030751062349858,100064197037125,"PC Merchandise","UNBOXING: RTX 3050 fresh stock just arrived! 📦",,65,"08/16/2023 17:48",,https://www.facebook.com/reel/1800977428220177/,0,0,Reels,,,,,08/30/2023,0,,,,,,0,0,0,0,0,2.768,2.690
1030751062349858,100064197037125,"PC Merchandise","UNBOXING: RTX 3050 fresh stock just arrived! 📦",,65,"08/16/2023 17:48",,https://www.facebook.com/reel/1800977428220177/,0,0,Reels,,,,,08/31/2023,0,,,,,,0,0,0,0,0,1.923,4.237
1031250945290497,100064197037125,"PC Merchandise","𝐏𝐑𝐈𝐂𝐄𝐋𝐈𝐒𝐓 𝟐𝟎𝟐𝟑 >>>
https://pcmerchandise.live/2023-BERMONTHS-LIST-COMSHOP",,30,"08/16/2023 02:08",uploaded,https://www.facebook.com/reel/1905324504223200/,1,0,Reels,,,,,08/01/2023,0,,,,,,0,0,0,0,0,0.000,4.429
1031250945290497,100064197037125,"PC Merchandise","𝐏𝐑𝐈𝐂𝐄𝐋𝐈𝐒𝐓 𝟐𝟎𝟐𝟑 >>>
https://pcmerchandise.live/2023-BERMONTHS-LIST-COMSHOP",,30,"08/16/2023 02:08",uploaded,https://www.facebook.com/reel/1905324504223200/,1,0,Reels,,,,,08/02/2023,0,,,,,,0,0,0,0,0,0.000,4.768
1031250945290497,100064197037125,"PC Merchandise","𝐏𝐑𝐈𝐂𝐄𝐋𝐈𝐒𝐓 𝟐𝟎𝟐𝟑 >>>
https://pcmerchandise.live/2023-BERMONTHS-LIST-COMSHOP",,30,"08/16/2023 02:08",uploaded,https://www.facebook.com/reel/1905324504223200/,1,0,Reels,,,,,08/03/2023,0,,,,,,0,0,0,0,0,0.000,3.555
1031250945290497,100064197037125,"PC Merchandise","𝐏𝐑𝐈𝐂𝐄𝐋𝐈𝐒𝐓 𝟐𝟎𝟐𝟑 >>>
https://pcmerchandise.live/2023-BERMONTHS-LIST-COMSHOP",,30,"08/16/2023 02:08",uploaded,https://www.facebook.com/reel/1905324504223200/,1,0,Reels,,,,,08/04/2023,0,,,,,,0,0,0,0,0,0.000,4.580
1031250945290497,100064197037125,"PC Merchandise","𝐏𝐑𝐈𝐂𝐄𝐋𝐈𝐒𝐓 𝟐𝟎𝟐𝟑 >>>
https://pcmerchandise.live/2023-BERMONTHS-LIST-COMSHOP",,30,"08/16/2023 02:08",uploaded,https://www.facebook.com/reel/1905324504223200/,1,0,Reels,,,,,08/05/2023,0,,,,,,0,0,0,0,0,0.000,4.755
1031250945290497,100064197037125,"PC Merchandise","𝐏𝐑𝐈𝐂𝐄𝐋𝐈𝐒𝐓 𝟐𝟎𝟐𝟑 >>>
https://pcmerchandise.live/2023-BERMONTHS-LIST-COMSHOP",,30,"08/16/2023 02:08",uploaded,https://www.facebook.com/reel/1905324504223200/,1,0,Reels,,,,,08/06/2023,0,,,,,,0,0,0,0,0,0.000,4.407
1031250945290497,100064197037125,"PC Merchandise","𝐏𝐑𝐈𝐂𝐄𝐋𝐈𝐒𝐓 𝟐𝟎𝟐𝟑 >>>
https://pcmerchandise.live/2023-BERMONTHS-LIST-COMSHOP",,30,"08/16/2023 02:08",uploaded,https://www.facebook.com/reel/1905324504223200/,1,0,Reels,,,,,08/07/2023,0,,,,,,0,0,0,0,0,0.000,5.499
1031250945290497,100064197037125,"PC Merchandise","𝐏𝐑𝐈𝐂𝐄𝐋𝐈𝐒𝐓 𝟐𝟎𝟐𝟑 >>>
https://pcmerchandise.live/2023-BERMONTHS-LIST-COMSHOP",,30,"08/16/2023 02:08",uploaded,https://www.facebook.com/reel/1905324504223200/,1,0,Reels,,,,,08/08/2023,0,,,,,,0,0,0,0,0,0.000,5.425
1031250945290497,100064197037125,"PC Merchandise","𝐏𝐑𝐈𝐂𝐄𝐋𝐈𝐒𝐓 𝟐𝟎𝟐𝟑 >>>
https://pcmerchandise.live/2023-BERMONTHS-LIST-COMSHOP",,30,"08/16/2023 02:08",uploaded,https://www.facebook.com/reel/1905324504223200/,1,0,Reels,,,,,08/09/2023,0,,,,,,0,0,0,0,0,0.000,4.882
1031250945290497,100064197037125,"PC Merchandise","𝐏𝐑𝐈𝐂𝐄𝐋𝐈𝐒𝐓 𝟐𝟎𝟐𝟑 >>>
https://pcmerchandise.live/2023-BERMONTHS-LIST-COMSHOP",,30,"08/16/2023 02:08",uploaded,https://www.facebook.com/reel/1905324504223200/,1,0,Reels,,,,,08/10/2023,0,,,,,,0,0,0,0,0,0.000,2.943
1031250945290497,100064197037125,"PC Merchandise","𝐏𝐑𝐈𝐂𝐄𝐋𝐈𝐒𝐓 𝟐𝟎𝟐𝟑 >>>
https://pcmerchandise.live/2023-BERMONTHS-LIST-COMSHOP",,30,"08/16/2023 02:08",uploaded,https://www.facebook.com/reel/1905324504223200/,1,0,Reels,,,,,08/11/2023,0,,,,,,0,0,0,0,0,0.000,3.421
1031250945290497,100064197037125,"PC Merchandise","𝐏𝐑𝐈𝐂𝐄𝐋𝐈𝐒𝐓 𝟐𝟎𝟐𝟑 >>>
https://pcmerchandise.live/2023-BERMONTHS-LIST-COMSHOP",,30,"08/16/2023 02:08",uploaded,https://www.facebook.com/reel/1905324504223200/,1,0,Reels,,,,,08/12/2023,0,,,,,,0,0,0,0,0,0.000,5.774
1031250945290497,100064197037125,"PC Merchandise","𝐏𝐑𝐈𝐂𝐄𝐋𝐈𝐒𝐓 𝟐𝟎𝟐𝟑 >>>
https://pcmerchandise.live/2023-BERMONTHS-LIST-COMSHOP",,30,"08/16/2023 02:08",uploaded,https://www.facebook.com/reel/1905324504223200/,1,0,Reels,,,,,08/13/2023,0,,,,,,0,0,0,0,0,0.000,4.851
1031250945290497,100064197037125,"PC Merchandise","𝐏𝐑𝐈𝐂𝐄𝐋𝐈𝐒𝐓 𝟐𝟎𝟐𝟑 >>>
https://pcmerchandise.live/2023-BERMONTHS-LIST-COMSHOP",,30,"08/16/2023 02:08",uploaded,https://www.facebook.com/reel/1905324504223200/,1,0,Reels,,,,,08/14/2023,0,,,,,,0,0,0,0,0,0.000,5.564
1031250945290497,100064197037125,"PC Merchandise","𝐏𝐑𝐈𝐂𝐄𝐋𝐈𝐒𝐓 𝟐𝟎𝟐𝟑 >>>
https://pcmerchandise.live/2023-BERMONTHS-LIST-COMSHOP",,30,"08/16/2023 02:08",uploaded,https://www.facebook.com/reel/1905324504223200/,1,0,Reels,,,,,08/15/2023,0,,,,,,0,0,0,0,0,0.000,5.212
1031250945290497,100064197037125,"PC Merchandise","𝐏𝐑𝐈𝐂𝐄𝐋𝐈𝐒𝐓 𝟐𝟎𝟐𝟑 >>>
https://pcmerchandise.live/2023-BERMONTHS-LIST-COMSHOP",,30,"08/16/2023 02:08",uploaded,https://www.facebook.com/reel/1905324504223200/,1,0,Reels,,,,,08/16/2023,0,,,,,,0,0,0,0,0,570.802,5.043
1031250945290497,100064197037125,"PC Merchandise","𝐏𝐑𝐈𝐂𝐄𝐋𝐈𝐒𝐓 𝟐𝟎𝟐𝟑 >>>
https://pcmerchandise.live/2023-BERMONTHS-LIST-COMSHOP",,30,"08/16/2023 02:08",uploaded,https://www.facebook.com/reel/1905324504223200/,1,0,Reels,,,,,08/17/2023,0,,,,,,0,0,0,0,0,356.279,6.159
1031250945290497,100064197037125,"PC Merchandise","𝐏𝐑𝐈𝐂𝐄𝐋𝐈𝐒𝐓 𝟐𝟎𝟐𝟑 >>>
https://pcmerchandise.live/2023-BERMONTHS-LIST-COMSHOP",,30,"08/16/2023 02:08",uploaded,https://www.facebook.com/reel/1905324504223200/,1,0,Reels,,,,,08/18/2023,0,,,,,,0,0,3,3,0,152.205,4.693
1031250945290497,100064197037125,"PC Merchandise","𝐏𝐑𝐈𝐂𝐄𝐋𝐈𝐒𝐓 𝟐𝟎𝟐𝟑 >>>
https://pcmerchandise.live/2023-BERMONTHS-LIST-COMSHOP",,30,"08/16/2023 02:08",uploaded,https://www.facebook.com/reel/1905324504223200/,1,0,Reels,,,,,08/19/2023,0,,,,,,0,0,0,0,0,78.721,3.663
1031250945290497,100064197037125,"PC Merchandise","𝐏𝐑𝐈𝐂𝐄𝐋𝐈𝐒𝐓 𝟐𝟎𝟐𝟑 >>>
https://pcmerchandise.live/2023-BERMONTHS-LIST-COMSHOP",,30,"08/16/2023 02:08",uploaded,https://www.facebook.com/reel/1905324504223200/,1,0,Reels,,,,,08/20/2023,0,,,,,,0,0,1,1,0,170.646,5.525
1031250945290497,100064197037125,"PC Merchandise","𝐏𝐑𝐈𝐂𝐄𝐋𝐈𝐒𝐓 𝟐𝟎𝟐𝟑 >>>
https://pcmerchandise.live/2023-BERMONTHS-LIST-COMSHOP",,30,"08/16/2023 02:08",uploaded,https://www.facebook.com/reel/1905324504223200/,1,0,Reels,,,,,08/21/2023,0,,,,,,0,0,0,0,0,59.138,4.682
1031250945290497,100064197037125,"PC Merchandise","𝐏𝐑𝐈𝐂𝐄𝐋𝐈𝐒𝐓 𝟐𝟎𝟐𝟑 >>>
https://pcmerchandise.live/2023-BERMONTHS-LIST-COMSHOP",,30,"08/16/2023 02:08",uploaded,https://www.facebook.com/reel/1905324504223200/,1,0,Reels,,,,,08/22/2023,0,,,,,,0,0,1,1,0,58.282,3.115
1031250945290497,100064197037125,"PC Merchandise","𝐏𝐑𝐈𝐂𝐄𝐋𝐈𝐒𝐓 𝟐𝟎𝟐𝟑 >>>
https://pcmerchandise.live/2023-BERMONTHS-LIST-COMSHOP",,30,"08/16/2023 02:08",uploaded,https://www.facebook.com/reel/1905324504223200/,1,0,Reels,,,,,08/23/2023,0,,,,,,0,0,0,0,0,150.135,4.670
1031250945290497,100064197037125,"PC Merchandise","𝐏𝐑𝐈𝐂𝐄𝐋𝐈𝐒𝐓 𝟐𝟎𝟐𝟑 >>>
https://pcmerchandise.live/2023-BERMONTHS-LIST-COMSHOP",,30,"08/16/2023 02:08",uploaded,https://www.facebook.com/reel/1905324504223200/,1,0,Reels,,,,,08/24/2023,0,,,,,,0,0,0,0,0,21.615,4.146
1031250945290497,100064197037125,"PC Merchandise","𝐏𝐑𝐈𝐂𝐄𝐋𝐈𝐒𝐓 𝟐𝟎𝟐𝟑 >>>
https://pcmerchandise.live/2023-BERMONTHS-LIST-COMSHOP",,30,"08/16/2023 02:08",uploaded,https://www.facebook.com/reel/1905324504223200/,1,0,Reels,,,,,08/25/2023,0,,,,,,0,0,0,0,0,61.633,3.565
1031250945290497,100064197037125,"PC Merchandise","𝐏𝐑𝐈𝐂𝐄𝐋𝐈𝐒𝐓 𝟐𝟎𝟐𝟑 >>>
https://pcmerchandise.live/2023-BERMONTHS-LIST-COMSHOP",,30,"08/16/2023 02:08",uploaded,https://www.facebook.com/reel/1905324504223200/,1,0,Reels,,,,,08/26/2023,0,,,,,,0,0,0,0,0,35.167,3.287
1031250945290497,100064197037125,"PC Merchandise","𝐏𝐑𝐈𝐂𝐄𝐋𝐈𝐒𝐓 𝟐𝟎𝟐𝟑 >>>
https://pcmerchandise.live/2023-BERMONTHS-LIST-COMSHOP",,30,"08/16/2023 02:08",uploaded,https://www.facebook.com/reel/1905324504223200/,1,0,Reels,,,,,08/27/2023,0,,,,,,0,0,0,0,0,54.166,4.844
1031250945290497,100064197037125,"PC Merchandise","𝐏𝐑𝐈𝐂𝐄𝐋𝐈𝐒𝐓 𝟐𝟎𝟐𝟑 >>>
https://pcmerchandise.live/2023-BERMONTHS-LIST-COMSHOP",,30,"08/16/2023 02:08",uploaded,https://www.facebook.com/reel/1905324504223200/,1,0,Reels,,,,,08/28/2023,0,,,,,,0,0,1,1,0,28.376,5.122
1031250945290497,100064197037125,"PC Merchandise","𝐏𝐑𝐈𝐂𝐄𝐋𝐈𝐒𝐓 𝟐𝟎𝟐𝟑 >>>
https://pcmerchandise.live/2023-BERMONTHS-LIST-COMSHOP",,30,"08/16/2023 02:08",uploaded,https://www.facebook.com/reel/1905324504223200/,1,0,Reels,,,,,08/29/2023,0,,,,,,0,0,0,0,0,18.413,3.900
1031250945290497,100064197037125,"PC Merchandise","𝐏𝐑𝐈𝐂𝐄𝐋𝐈𝐒𝐓 𝟐𝟎𝟐𝟑 >>>
https://pcmerchandise.live/2023-BERMONTHS-LIST-COMSHOP",,30,"08/16/2023 02:08",uploaded,https://www.facebook.com/reel/1905324504223200/,1,0,Reels,,,,,08/30/2023,0,,,,,,0,0,0,0,0,31.580,4.296
1031250945290497,100064197037125,"PC Merchandise","𝐏𝐑𝐈𝐂𝐄𝐋𝐈𝐒𝐓 𝟐𝟎𝟐𝟑 >>>
https://pcmerchandise.live/2023-BERMONTHS-LIST-COMSHOP",,30,"08/16/2023 02:08",uploaded,https://www.facebook.com/reel/1905324504223200/,1,0,Reels,,,,,08/31/2023,0,,,,,,0,0,0,0,0,22.240,3.891
1031315129252873,100064197037125,"PC Merchandise","READY STOCK: RYZEN 5 4600G / RX 580 builds. Same-day assembly. PM NOW!",,0,"08/15/2023 17:30",,https://www.facebook.com/pcmerchandise.co/posts/pfbid0JNjSqcNRzZ3E1vDAi9B38Vk8VhIWSd13q0k40KEYr0Uqj3bi8mI3s5Er,0,0,Photos,,,,,08/31/2023,0,,,,,,,,,,,,
1031315129252873,100064197037125,"PC Merchandise","READY STOCK: RYZEN 5 4600G / RX 580 builds. Same-day assembly. PM NOW!",,0,"08/15/2023 17:30",,https://www.facebook.com/pcmerchandise.co/posts/pfbid0JNjSqcNRzZ3E1vDAi9B38Vk8VhIWSd13q0k40KEYr0Uqj3bi8mI3s5Er,0,0,Photos,,,,,08/01/2023,,,0,0,0,0,0,0,,,,,
1031315129252873,100064197037125,"PC Merchandise","READY STOCK: RYZEN 5 4600G / RX 580 builds. Same-day assembly. PM NOW!",,0,"08/15/2023 17:30",,https://www.facebook.com/pcmerchandise.co/posts/pfbid0JNjSqcNRzZ3E1vDAi9B38Vk8VhIWSd13q0k40KEYr0Uqj3bi8mI3s5Er,0,0,Photos,,,,,08/02/2023,,,0,0,0,0,0,0,,,,,
1031315129252873,100064197037125,"PC Merchandise","READY STOCK: RYZEN 5 4600G / RX 580 builds. Same-day assembly. PM NOW!",,0,"08/15/2023 17:30",,https://www.facebook.com/pcmerchandise.co/posts/pfbid0JNjSqcNRzZ3E1vDAi9B38Vk8VhIWSd13q0k40KEYr0Uqj3bi8mI3s5Er,0,0,Photos,,,,,08/03/2023,,,0,0,0,0,0,0,,,,,
1031315129252873,100064197037125,"PC Merchandise","READY STOCK: RYZEN 5 4600G / RX 580 builds. Same-day assembly. PM NOW!",,0,"08/15/2023 17:30",,https://www.facebook.com/pcmerchandise.co/posts/pfbid0JNjSqcNRzZ3E1vDAi9B38Vk8VhIWSd13q0k40KEYr0Uqj3bi8mI3s5Er,0,0,Photos,,,,,08/04/2023,,,0,0,0,0,0,0,,,,,
1031315129252873,100064197037125,"PC Merchandise","READY STOCK: RYZEN 5 4600G / RX 580 builds. Same-day assembly. PM NOW!",,0,"08/15/2023 17:30",,https://www.facebook.com/pcmerchandise.co/posts/pfbid0JNjSqcNRzZ3E1vDAi9B38Vk8VhIWSd13q0k40KEYr0Uqj3bi8mI3s5Er,0,0,Photos,,,,,08/05/2023,,,0,0,0,0,0,0,,,,,
1031315129252873,100064197037125,"PC Merchandise","READY STOCK: RYZEN 5 4600G / RX 580 builds. Same-day assembly. PM NOW!",,0,"08/15/2023 17:30",,https://www.facebook.com/pcmerchandise.co/posts/pfbid0JNjSqcNRzZ3E1vDAi9B38Vk8VhIWSd13q0k40KEYr0Uqj3bi8mI3s5Er,0,0,Photos,,,,,08/06/2023,,,0,0,0,0,0,0,,,,,
1031315129252873,100064197037125,"PC Merchandise","READY STOCK: RYZEN 5 4600G / RX 580 builds. Same-day assembly. PM NOW!",,0,"08/15/2023 17:30",,https://www.facebook.com/pcmerchandise.co/posts/pfbid0JNjSqcNRzZ3E1vDAi9B38Vk8VhIWSd13q0k40KEYr0Uqj3bi8mI3s5Er,0,0,Photos,,,,,08/07/2023,,,0,0,0,0,0,0,,,,,
1031315129252873,100064197037125,"PC Merchandise","READY STOCK: RYZEN 5 4600G / RX 580 builds. Same-day assembly. PM NOW!",,0,"08/15/2023 17:30",,https://www.facebook.com/pcmerchandise.co/posts/pfbid0JNjSqcNRzZ3E1vDAi9B38Vk8VhIWSd13q0k40KEYr0Uqj3bi8mI3s5Er,0,0,Photos,,,,,08/08/2023,,,0,0,0,0,0,0,,,,,
1031315129252873,100064197037125,"PC Merchandise","READY STOCK: RYZEN 5 4600G / RX 580 builds. Same-day assembly. PM NOW!",,0,"08/15/2023 17:30",,https://www.facebook.com/pcmerchandise.co/posts/pfbid0JNjSqcNRzZ3E1vDAi9B38Vk8VhIWSd13q0k40KEYr0Uqj3bi8mI3s5Er,0,0,Photos,,,,,08/09/2023,,,0,0,0,0,0,0,,,,,
1031315129252873,100064197037125,"PC Merchandise","READY STOCK: RYZEN 5 4600G / RX 580 builds. Same-day assembly. PM NOW!",,0,"08/15/2023 17:30",,https://www.facebook.com/pcmerchandise.co/posts/pfbid0JNjSqcNRzZ3E1vDAi9B38Vk8VhIWSd13q0k40KEYr0Uqj3bi8mI3s5Er,0,0,Photos,,,,,08/10/2023,,,0,0,0,0,0,0,,,,,
1031315129252873,100064197037125,"PC Merchandise","READY STOCK: RYZEN 5 4600G / RX 580 builds. Same-day assembly. PM NOW!",,0,"08/15/2023 17:30",,https://www.facebook.com/pcmerchandise.co/posts/pfbid0JNjSqcNRzZ3E1vDAi9B38Vk8VhIWSd13q0k40KEYr0Uqj3bi8mI3s5Er,0,0,Photos,,,,,08/11/2023,,,0,0,0,0,0,0,,,,,
1031315129252873,100064197037125,"PC Merchandise","READY STOCK: RYZEN 5 4600G / RX 580 builds. Same-day assembly. PM NOW!",,0,"08/15/2023 17:30",,https://www.facebook.com/pcmerchandise.co/posts/pfbid0JNjSqcNRzZ3E1vDAi9B38Vk8VhIWSd13q0k40KEYr0Uqj3bi8mI3s5Er,0,0,Photos,,,,,08/12/2023,,,0,0,0,0,0,0,,,,,
1031315129252873,100064197037125,"PC Merchandise","READY STOCK: RYZEN 5 4600G / RX 580 builds. Same-day assembly. PM NOW!",,0,"08/15/2023 17:30",,https://www.facebook.com/pcmerchandise.co/posts/pfbid0JNjSqcNRzZ3E1vDAi9B38Vk8VhIWSd13q0k40KEYr0Uqj3bi8mI3s5Er,0,0,Photos,,,,,08/13/2023,,,0,0,0,0,0,0,,,,,
1031315129252873,100064197037125,"PC Merchandise","READY STOCK: RYZEN 5 4600G / RX 580 builds. Same-day assembly. PM NOW!",,0,"08/15/2023 17:30",,https://www.facebook.com/pcmerchandise.co/posts/pfbid0JNjSqcNRzZ3E1vDAi9B38Vk8VhIWSd13q0k40KEYr0Uqj3bi8mI3s5Er,0,0,Photos,,,,,08/14/2023,,,0,0,0,0,0,0,,,,,
1031315129252873,100064197037125,"PC Merchandise","READY STOCK: RYZEN 5 4600G / RX 580 builds. Same-day assembly. PM NOW!",,0,"08/15/2023 17:30",,https://www.facebook.com/pcmerchandise.co/posts/pfbid0JNjSqcNRzZ3E1vDAi9B38Vk8VhIWSd13q0k40KEYr0Uqj3bi8mI3s5Er,0,0,Photos,,,,,08/15/2023,,,0,0,0,0,0,0,,,,,
1031315129252873,100064197037125,"PC Merchandise","READY STOCK: RYZEN 5 4600G / RX 580 builds. Same-day assembly. PM NOW!",,0,"08/15/2023 17:30",,https://www.facebook.com/pcmerchandise.co/posts/pfbid0JNjSqcNRzZ3E1vDAi9B38Vk8VhIWSd13q0k40KEYr0Uqj3bi8mI3s5Er,0,0,Photos,,,,,08/16/2023,,,0,0,0,0,0,0,,,,,
1031315129252873,100064197037125,"PC Merchandise","READY STOCK: RYZEN 5 4600G / RX 580 builds. Same-day assembly. PM NOW!",,0,"08/15/2023 17:30",,https://www.facebook.com/pcmerchandise.co/posts/pfbid0JNjSqcNRzZ3E1vDAi9B38Vk8VhIWSd13q0k40KEYr0Uqj3bi8mI3s5Er,0,0,Photos,,,,,08/17/2023,,,0,0,0,0,0,0,,,,,
1031315129252873,100064197037125,"PC Merchandise","READY STOCK: RYZEN 5 4600G / RX 580 builds. Same-day assembly. PM NOW!",,0,"08/15/2023 17:30",,https://www.facebook.com/pcmerchandise.co/posts/pfbid0JNjSqcNRzZ3E1vDAi9B38Vk8VhIWSd13q0k40KEYr0Uqj3bi8mI3s5Er,0,0,Photos,,,,,08/18/2023,,,0,0,0,0,0,0,,,,,
1031315129252873,100064197037125,"PC Merchandise","READY STOCK: RYZEN 5 4600G / RX 580 builds. Same-day assembly. PM NOW!",,0,"08/15/2023 17:30",,https://www.facebook.com/pcmerchandise.co/posts/pfbid0JNjSqcNRzZ3E1vDAi9B38Vk8VhIWSd13q0k40KEYr0Uqj3bi8mI3s5Er,0,0,Photos,,,,,08/19/2023,,,0,0,0,0,0,0,,,,,
1031315129252873,100064197037125,"PC Merchandise","READY STOCK: RYZEN 5 4600G / RX 580 builds. Same-day assembly. PM NOW!",,0,"08/15/2023 17:30",,https://www.facebook.com/pcmerchandise.co/posts/pfbid0JNjSqcNRzZ3E1vDAi9B38Vk8VhIWSd13q0k40KEYr0Uqj3bi8mI3s5Er,0,0,Photos,,,,,08/20/2023,,,0,0,0,0,0,0,,,,,
1031315129252873,100064197037125,"PC Merchandise","READY STOCK: RYZEN 5 4600G / RX 580 builds. Same-day assembly. PM NOW!",,0,"08/15/2023 17:30",,https://www.facebook.com/pcmerchandise.co/posts/pfbid0JNjSqcNRzZ3E1vDAi9B38Vk8VhIWSd13q0k40KEYr0Uqj3bi8mI3s5Er,0,0,Photos,,,,,08/21/2023,,,0,0,0,0,0,0,,,,,
1031315129252873,100064197037125,"PC Merchandise","READY STOCK: RYZEN 5 4600G / RX 580 builds. Same-day assembly. PM NOW!",,0,"08/15/2023 17:30",,https://www.facebook.com/pcmerchandise.co/posts/pfbid0JNjSqcNRzZ3E1vDAi9B38Vk8VhIWSd13q0k40KEYr0Uqj3bi8mI3s5Er,0,0,Photos,,,,,08/22/2023,,,0,0,0,0,0,0,,,,,
1031315129252873,100064197037125,"PC Merchandise","READY STOCK: RYZEN 5 4600G / RX 580 builds. Same-day assembly. PM NOW!",,0,"08/15/2023 17:30",,https://www.facebook.com/pcmerchandise.co/posts/pfbid0JNjSqcNRzZ3E1vDAi9B38Vk8VhIWSd13q0k40KEYr0Uqj3bi8mI3s5Er,0,0,Photos,,,,,08/23/2023,,,0,0,0,0,0,0,,,,,
1031315129252873,100064197037125,"PC Merchandise","READY STOCK: RYZEN 5 4600G / RX 580 builds. Same-day assembly. PM NOW!",,0,"08/15/2023 17:30",,https://www.facebook.com/pcmerchandise.co/posts/pfbid0JNjSqcNRzZ3E1vDAi9B38Vk8VhIWSd13q0k40KEYr0Uqj3bi8mI3s5Er,0,0,Photos,,,,,08/24/2023,,,0,0,0,0,0,0,,,,,
1031315129252873,100064197037125,"PC Merchandise","READY STOCK: RYZEN 5 4600G / RX 580 builds. Same-day assembly. PM NOW!",,0,"08/15/2023 17:30",,https://www.facebook.com/pcmerchandise.co/posts/pfbid0JNjSqcNRzZ3E1vDAi9B38Vk8VhIWSd13q0k40KEYr0Uqj3bi8mI3s5Er,0,0,Photos,,,,,08/25/2023,,,0,0,0,0,0,0,,,,,
1031315129252873,100064197037125,"PC Merchandise","READY STOCK: RYZEN 5 4600G / RX 580 builds. Same-day assembly. PM NOW!",,0,"08/15/2023 17:30",,https://www.facebook.com/pcmerchandise.co/posts/pfbid0JNjSqcNRzZ3E1vDAi9B38Vk8VhIWSd13q0k40KEYr0Uqj3bi8mI3s5Er,0,0,Photos,,,,,08/26/2023,,,0,0,0,0,0,0,,,,,
1031315129252873,100064197037125,"PC Merchandise","READY STOCK: RYZEN 5 4600G / RX 580 builds. Same-day assembly. PM NOW!",,0,"08/15/2023 17:30",,https://www.facebook.com/pcmerchandise.co/posts/pfbid0JNjSqcNRzZ3E1vDAi9B38Vk8VhIWSd13q0k40KEYr0Uqj3bi8mI3s5Er,0,0,Photos,,,,,08/27/2023,,,0,0,0,0,0,0,,,,,
1031315129252873,100064197037125,"PC Merchandise","READY STOCK: RYZEN 5 4600G / RX 580 builds. Same-day assembly. PM NOW!",,0,"08/15/2023 17:30",,https://www.facebook.com/pcmerchandise.co/posts/pfbid0JNjSqcNRzZ3E1vDAi9B38Vk8VhIWSd13q0k40KEYr0Uqj3bi8mI3s5Er,0,0,Photos,,,,,08/28/2023,,,0,0,0,0,0,0,,,,,
1031315129252873,100064197037125,"PC Merchandise","READY STOCK: RYZEN 5 4600G / RX 580 builds. Same-day assembly. PM NOW!",,0,"08/15/2023 17:30",,https://www.facebook.com/pcmerchandise.co/posts/pfbid0JNjSqcNRzZ3E1vDAi9B38Vk8VhIWSd13q0k40KEYr0Uqj3bi8mI3s5Er,0,0,Photos,,,,,08/29/2023,,,0,0,0,0,0,0,,,,,
1031315129252873,100064197037125,"PC Merchandise","READY STOCK: RYZEN 5 4600G / RX 580 builds. Same-day assembly. PM NOW!",,0,"08/15/2023 17:30",,https://www.facebook.com/pcmerchandise.co/posts/pfbid0JNjSqcNRzZ3E1vDAi9B38Vk8VhIWSd13q0k40KEYr0Uqj3bi8mI3s5Er,0,0,Photos,,,,,08/30/2023,,,0,0,0,0,0,0,,,,,
1031315129252873,100064197037125,"PC Merchandise","READY STOCK: RYZEN 5 4600G / RX 580 builds. Same-day assembly. PM NOW!",,0,"08/15/2023 17:30",,https://www.facebook.com/pcmerchandise.co/posts/pfbid0JNjSqcNRzZ3E1vDAi9B38Vk8VhIWSd13q0k40KEYr0Uqj3bi8mI3s5Er,0,0,Photos,,,,,08/31/2023,,,0,0,0,0,0,0,,,,,
1030754322289933,100064197037125,"PC Merchandise","UNBOXING: RX 6600 fresh stock just arrived! 📦",,28,"08/15/2023 15:00",mixed,https://www.facebook.com/reel/1987842022174278/,0,0,Reels,,,,,08/01/2023,0,,,,,,0,0,0,0,0,0.000,3.872
1030754322289933,100064197037125,"PC Merchandise","UNBOXING: RX 6600 fresh stock just arrived! 📦",,28,"08/15/2023 15:00",mixed,https://www.facebook.com/reel/1987842022174278/,0,0,Reels,,,,,08/02/2023,0,,,,,,0,0,0,0,0,0.000,4.562
1030754322289933,100064197037125,"PC Merchandise","UNBOXING: RX 6600 fresh stock just arrived! 📦",,28,"08/15/2023 15:00",mixed,https://www.facebook.com/reel/1987842022174278/,0,0,Reels,,,,,08/03/2023,0,,,,,,0,0,0,0,0,0.000,3.312
1030754322289933,100064197037125,"PC Merchandise","UNBOXING: RX 6600 fresh stock just arrived! 📦",,28,"08/15/2023 15:00",mixed,https://www.facebook.com/reel/1987842022174278/,0,0,Reels,,,,,08/04/2023,0,,,,,,0,0,0,0,0,0.000,4.767
1030754322289933,100064197037125,"PC Merchandise","UNBOXING: RX 6600 fresh stock just arrived! 📦",,28,"08/15/2023 15:00",mixed,https://www.facebook.com/reel/1987842022174278/,0,0,Reels,,,,,08/05/2023,0,,,,,,0,0,0,0,0,0.000,4.506
1030754322289933,100064197037125,"PC Merchandise","UNBOXING: RX 6600 fresh stock just arrived! 📦",,28,"08/15/2023 15:00",mixed,https://www.facebook.com/reel/1987842022174278/,0,0,Reels,,,,,08/06/2023,0,,,,,,0,0,0,0,0,0.000,3.101
1030754322289933,100064197037125,"PC Merchandise","UNBOXING: RX 6600 fresh stock just arrived! 📦",,28,"08/15/2023 15:00",mixed,https://www.facebook.com/reel/1987842022174278/,0,0,Reels,,,,,08/07/2023,0,,,,,,0,0,0,0,0,0.000,4.135
1030754322289933,100064197037125,"PC Merchandise","UNBOXING: RX 6600 fresh stock just arrived! 📦",,28,"08/15/2023 15:00",mixed,https://www.facebook.com/reel/1987842022174278/,0,0,Reels,,,,,08/08/2023,0,,,,,,0,0,0,0,0,0.000,3.823
1030754322289933,100064197037125,"PC Merchandise","UNBOXING: RX 6600 fresh stock just arrived! 📦",,28,"08/15/2023 15:00",mixed,https://www.facebook.com/reel/1987842022174278/,0,0,Reels,,,,,08/09/2023,0,,,,,,0,0,0,0,0,0.000,3.716
1030754322289933,100064197037125,"PC Merchandise","UNBOXING: RX 6600 fresh stock just arrived! 📦",,28,"08/15/2023 15:00",mixed,https://www.facebook.com/reel/1987842022174278/,0,0,Reels,,,,,08/10/2023,0,,,,,,0,0,0,0,0,0.000,4.911
1030754322289933,100064197037125,"PC Merchandise","UNBOXING: RX 6600 fresh stock just arrived! 📦",,28,"08/15/2023 15:00",mixed,https://www.facebook.com/reel/1987842022174278/,0,0,Reels,,,,,08/11/2023,0,,,,,,0,0,0,0,0,0.000,4.227
1030754322289933,100064197037125,"PC Merchandise","UNBOXING: RX 6600 fresh stock just arrived! 📦",,28,"08/15/2023 15:00",mixed,https://www.facebook.com/reel/1987842022174278/,0,0,Reels,,,,,08/12/2023,0,,,,,,0,0,0,0,0,0.000,4.667
1030754322289933,100064197037125,"PC Merchandise","UNBOXING: RX 6600 fresh stock just arrived! 📦",,28,"08/15/2023 15:00",mixed,https://www.facebook.com/reel/1987842022174278/,0,0,Reels,,,,,08/13/2023,0,,,,,,0,0,0,0,0,0.000,3.655
1030754322289933,100064197037125,"PC Merchandise","UNBOXING: RX 6600 fresh stock just arrived! 📦",,28,"08/15/2023 15:00",mixed,https://www.facebook.com/reel/1987842022174278/,0,0,Reels,,,,,08/14/2023,0,,,,,,0,0,0,0,0,0.000,4.399
1030754322289933,100064197037125,"PC Merchandise","UNBOXING: RX 6600 fresh stock just arrived! 📦",,28,"08/15/2023 15:00",mixed,https://www.facebook.com/reel/1987842022174278/,0,0,Reels,,,,,08/15/2023,0,,,,,,0,0,2,1,1,600.924,4.754
1030754322289933,100064197037125,"PC Merchandise","UNBOXING: RX 6600 fresh stock just arrived! 📦",,28,"08/15/2023 15:00",mixed,https://www.facebook.com/reel/1987842022174278/,0,0,Reels,,,,,08/16/2023,0,,,,,,0,0,1,1,0,517.270,3.628
1030754322289933,100064197037125,"PC Merchandise","UNBOXING: RX 6600 fresh stock just arrived! 📦",,28,"08/15/2023 15:00",mixed,https://www.facebook.com/reel/1987842022174278/,0,0,Reels,,,,,08/17/2023,0,,,,,,0,0,0,0,0,420.309,3.303
1030754322289933,100064197037125,"PC Merchandise","UNBOXING: RX 6600 fresh stock just arrived! 📦",,28,"08/15/2023 15:00",mixed,https://www.facebook.com/reel/1987842022174278/,0,0,Reels,,,,,08/18/2023,0,,,,,,0,0,1,1,0,303.311,4.199
1030754322289933,100064197037125,"PC Merchandise","UNBOXING: RX 6600 fresh stock just arrived! 📦",,28,"08/15/2023 15:00",mixed,https://www.facebook.com/reel/1987842022174278/,0,0,Reels,,,,,08/19/2023,0,,,,,,0,0,0,0,0,293.290,5.151
1030754322289933,100064197037125,"PC Merchandise","UNBOXING: RX 6600 fresh stock just arrived! 📦",,28,"08/15/2023 15:00",mixed,https://www.facebook.com/reel/1987842022174278/,0,0,Reels,,,,,08/20/2023,0,,,,,,0,0,0,0,0,248.945,4.227
1030754322289933,100064197037125,"PC Merchandise","UNBOXING: RX 6600 fresh stock just arrived! 📦",,28,"08/15/2023 15:00",mixed,https://www.facebook.com/reel/1987842022174278/,0,0,Reels,,,,,08/21/2023,0,,,,,,0,0,0,0,0,366.693,3.707
1030754322289933,100064197037125,"PC Merchandise","UNBOXING: RX 6600 fresh stock just arrived! 📦",,28,"08/15/2023 15:00",mixed,https://www.facebook.com/reel/1987842022174278/,0,0,Reels,,,,,08/22/2023,0,,,,,,0,0,0,0,0,135.550,3.012
1030754322289933,100064197037125,"PC Merchandise","UNBOXING: RX 6600 fresh stock just arrived! 📦",,28,"08/15/2023 15:00",mixed,https://www.facebook.com/reel/1987842022174278/,0,0,Reels,,,,,08/23/2023,0,,,,,,0,0,0,0,0,72.514,3.909
1030754322289933,100064197037125,"PC Merchandise","UNBOXING: RX 6600 fresh stock just arrived! 📦",,28,"08/15/2023 15:00",mixed,https://www.facebook.com/reel/1987842022174278/,0,0,Reels,,,,,08/24/2023,0,,,,,,0,0,0,0,0,99.726,3.396
1030754322289933,100064197037125,"PC Merchandise","UNBOXING: RX 6600 fresh stock just arrived! 📦",,28,"08/15/2023 15:00",mixed,https://www.facebook.com/reel/1987842022174278/,0,0,Reels,,,,,08/25/2023,0,,,,,,0,0,0,0,0,121.768,4.192
1030754322289933,100064197037125,"PC Merchandise","UNBOXING: RX 6600 fresh stock just arrived! 📦",,28,"08/15/2023 15:00",mixed,https://www.facebook.com/reel/1987842022174278/,0,0,Reels,,,,,08/26/2023,0,,,,,,0,0,0,0,0,25.639,4.656
1030754322289933,100064197037125,"PC Merchandise","UNBOXING: RX 6600 fresh stock just arrived! 📦",,28,"08/15/2023 15:00",mixed,https://www.facebook.com/reel/1987842022174278/,0,0,Reels,,,,,08/27/2023,0,,,,,,0,0,1,1,0,40.476,5.770
1030754322289933,100064197037125,"PC Merchandise","UNBOXING: RX 6600 fresh stock just arrived! 📦",,28,"08/15/2023 15:00",mixed,https://www.facebook.com/reel/1987842022174278/,0,0,Reels,,,,,08/28/2023,0,,,,,,0,0,0,0,0,31.706,4.659
1030754322289933,100064197037125,"PC Merchandise","UNBOXING: RX 6600 fresh stock just arrived! 📦",,28,"08/15/2023 15:00",mixed,https://www.facebook.com/reel/1987842022174278/,0,0,Reels,,,,,08/29/2023,0,,,,,,0,0,0,0,0,30.252,5.330
1030754322289933,100064197037125,"PC Merchandise","UNBOXING: RX 6600 fresh stock just arrived! 📦",,28,"08/15/2023 15:00",mixed,https://www.facebook.com/reel/1987842022174278/,0,0,Reels,,,,,08/30/2023,0,,,,,,0,0,1,1,0,39.162,3.519
1030754322289933,100064197037125,"PC Merchandise","UNBOXING: RX 6600 fresh stock just arrived! 📦",,28,"08/15/2023 15:00",mixed,https://www.facebook.com/reel/1987842022174278/,0,0,Reels,,,,,08/31/2023,0,,,,,,0,0,0,0,0,30.543,4.639
1030686548872772,100064197037125,"PC Merchandise","ito na po yung ghost project🥲",,47,"08/15/2023 00:00",auto,https://www.facebook.com/reel/1277246730957154/,0,0,Reels,,,,,08/01/2023,0,,,,,,0,0,0,0,0,0.000,5.452
1030686548872772,100064197037125,"PC Merchandise","ito na po yung ghost project🥲",,47,"08/15/2023 00:00",auto,https://www.facebook.com/reel/1277246730957154/,0,0,Reels,,,,,08/02/2023,0,,,,,,0,0,0,0,0,0.000,7.265
1030686548872772,100064197037125,"PC Merchandise","ito na po yung ghost project🥲",,47,"08/15/2023 00:00",auto,https://www.facebook.com/reel/1277246730957154/,0,0,Reels,,,,,08/03/2023,0,,,,,,0,0,0,0,0,0.000,6.073
1030686548872772,100064197037125,"PC Merchandise","ito na po yung ghost project🥲",,47,"08/15/2023 00:00",auto,https://www.facebook.com/reel/1277246730957154/,0,0,Reels,,,,,08/04/2023,0,,,,,,0,0,0,0,0,0.000,6.128
1030686548872772,100064197037125,"PC Merchandise","ito na po yung ghost project🥲",,47,"08/15/2023 00:00",auto,https://www.facebook.com/reel/1277246730957154/,0,0,Reels,,,,,08/05/2023,0,,,,,,0,0,0,0,0,0.000,5.694
1030686548872772,100064197037125,"PC Merchandise","ito na po yung ghost project🥲",,47,"08/15/2023 00:00",auto,https://www.facebook.com/reel/1277246730957154/,0,0,Reels,,,,,08/06/2023,0,,,,,,0,0,0,0,0,0.000,5.009
1030686548872772,100064197037125,"PC Merchandise","ito na po yung ghost project🥲",,47,"08/15/2023 00:00",auto,https://www.facebook.com/reel/1277246730957154/,0,0,Reels,,,,,08/07/2023,0,,,,,,0,0,0,0,0,0.000,5.846
1030686548872772,100064197037125,"PC Merchandise","ito na po yung ghost project🥲",,47,"08/15/2023 00:00",auto,https://www.facebook.com/reel/1277246730957154/,0,0,Reels,,,,,08/08/2023,0,,,,,,0,0,0,0,0,0.000,5.658
1030686548872772,100064197037125,"PC Merchandise","ito na po yung ghost project🥲",,47,"08/15/2023 00:00",auto,https://www.facebook.com/reel/1277246730957154/,0,0,Reels,,,,,08/09/2023,0,,,,,,0,0,0,0,0,0.000,4.607
1030686548872772,100064197037125,"PC Merchandise","ito na po yung ghost project🥲",,47,"08/15/2023 00:00",auto,https://www.facebook.com/reel/1277246730957154/,0,0,Reels,,,,,08/10/2023,0,,,,,,0,0,0,0,0,0.000,5.531
1030686548872772,100064197037125,"PC Merchandise","ito na po yung ghost project🥲",,47,"08/15/2023 00:00",auto,https://www.facebook.com/reel/1277246730957154/,0,0,Reels,,,,,08/11/2023,0,,,,,,0,0,0,0,0,0.000,6.002
1030686548872772,100064197037125,"PC Merchandise","ito na po yung ghost project🥲",,47,"08/15/2023 00:00",auto,https://www.facebook.com/reel/1277246730957154/,0,0,Reels,,,,,08/12/2023,0,,,,,,0,0,0,0,0,0.000,4.471
1030686548872772,100064197037125,"PC Merchandise","ito na po yung ghost project🥲",,47,"08/15/2023 00:00",auto,https://www.facebook.com/reel/1277246730957154/,0,0,Reels,,,,,08/13/2023,0,,,,,,0,0,0,0,0,0.000,5.453
1030686548872772,100064197037125,"PC Merchandise","ito na po yung ghost project🥲",,47,"08/15/2023 00:00",auto,https://www.facebook.com/reel/1277246730957154/,0,0,Reels,,,,,08/14/2023,0,,,,,,0,0,0,0,0,0.000,6.466
1030686548872772,100064197037125,"PC Merchandise","ito na po yung ghost project🥲",,47,"08/15/2023 00:00",auto,https://www.facebook.com/reel/1277246730957154/,0,0,Reels,,,,,08/15/2023,1,,,,,,0,0,3,2,0,385.999,6.021
1030686548872772,100064197037125,"PC Merchandise","ito na po yung ghost project🥲",,47,"08/15/2023 00:00",auto,https://www.facebook.com/reel/1277246730957154/,0,0,Reels,,,,,08/16/2023,0,,,,,,0,0,1,1,0,451.390,5.801
1030686548872772,100064197037125,"PC Merchandise","ito na po yung ghost project🥲",,47,"08/15/2023 00:00",auto,https://www.facebook.com/reel/1277246730957154/,0,0,Reels,,,,,08/17/2023,0,,,,,,0,0,2,1,1,350.822,6.237
1030686548872772,100064197037125,"PC Merchandise","ito na po yung ghost project🥲",,47,"08/15/2023 00:00",auto,https://www.facebook.com/reel/1277246730957154/,0,0,Reels,,,,,08/18/2023,0,,,,,,0,0,0,0,0,186.585,5.403
1030686548872772,100064197037125,"PC Merchandise","ito na po yung ghost project🥲",,47,"08/15/2023 00:00",auto,https://www.facebook.com/reel/1277246730957154/,0,0,Reels,,,,,08/19/2023,0,,,,,,0,0,0,0,0,101.089,6.057
1030686548872772,100064197037125,"PC Merchandise","ito na po yung ghost project🥲",,47,"08/15/2023 00:00",auto,https://www.facebook.com/reel/1277246730957154/,0,0,Reels,,,,,08/20/2023,0,,,,,,0,0,2,2,0,136.003,5.243
1030686548872772,100064197037125,"PC Merchandise","ito na po yung ghost project🥲",,47,"08/15/2023 00:00",auto,https://www.facebook.com/reel/1277246730957154/,0,0,Reels,,,,,08/21/2023,0,,,,,,0,0,3,2,1,51.560,4.334
1030686548872772,100064197037125,"PC Merchandise","ito na po yung ghost project🥲",,47,"08/15/2023 00:00",auto,https://www.facebook.com/reel/1277246730957154/,0,0,Reels,,,,,08/22/2023,0,,,,,,0,0,1,1,0,34.263,5.372
1030686548872772,100064197037125,"PC Merchandise","ito na po yung ghost project🥲",,47,"08/15/2023 00:00",auto,https://www.facebook.com/reel/1277246730957154/,0,0,Reels,,,,,08/23/2023,0,,,,,,0,0,1,1,0,76.057,5.433
1030686548872772,100064197037125,"PC Merchandise","ito na po yung ghost project🥲",,47,"08/15/2023 00:00",auto,https://www.facebook.com/reel/1277246730957154/,0,0,Reels,,,,,08/24/2023,0,,,,,,0,0,3,2,1,54.526,5.041
1030686548872772,100064197037125,"PC Merchandise","ito na po yung ghost project🥲",,47,"08/15/2023 00:00",auto,https://www.facebook.com/reel/1277246730957154/,0,0,Reels,,,,,08/25/2023,0,,,,,,0,0,0,0,0,34.876,5.265
1030686548872772,100064197037125,"PC Merchandise","ito na po yung ghost project🥲",,47,"08/15/2023 00:00",auto,https://www.facebook.com/reel/1277246730957154/,0,0,Reels,,,,,08/26/2023,1,,,,,,0,0,1,0,0,33.871,5.417
1030686548872772,100064197037125,"PC Merchandise","ito na po yung ghost project🥲",,47,"08/15/2023 00:00",auto,https://www.facebook.com/reel/1277246730957154/,0,0,Reels,,,,,08/27/2023,0,,,,,,0,0,0,0,0,37.343,5.315
1030686548872772,100064197037125,"PC Merchandise","ito na po yung ghost project🥲",,47,"08/15/2023 00:00",auto,https://www.facebook.com/reel/1277246730957154/,0,0,Reels,,,,,08/28/2023,0,,,,,,0,0,0,0,0,9.724,5.876
1030686548872772,100064197037125,"PC Merchandise","ito na po yung ghost project🥲",,47,"08/15/2023 00:00",auto,https://www.facebook.com/reel/1277246730957154/,0,0,Reels,,,,,08/29/2023,0,,,,,,0,0,0,0,0,18.007,5.428
1030686548872772,100064197037125,"PC Merchandise","ito na po yung ghost project🥲",,47,"08/15/2023 00:00",auto,https://www.facebook.com/reel/1277246730957154/,0,0,Reels,,,,,08/30/2023,0,,,,,,0,0,0,0,0,18.466,4.054
1030686548872772,100064197037125,"PC Merchandise","ito na po yung ghost project🥲",,47,"08/15/2023 00:00",auto,https://www.facebook.com/reel/1277246730957154/,0,0,Reels,,,,,08/31/2023,0,,,,,,0,0,0,0,0,8.100,6.651
1031278782679916,100064197037125,"PC Merchandise","𝐀𝐌𝟓 𝐁𝐮𝐢𝐥𝐝 𝐋𝐢𝐦𝐢𝐭𝐞𝐝 𝐒𝐚𝐥𝐞! 🚨
Experience next-gen performance with our latest builds. PM for pricelist!",,60,"08/14/2023 19:15",mixed,https://www.facebook.com/reel/1789321342788691/,0,1,Reels,,,,,08/01/2023,0,,,,,,0,0,0,0,0,0.000,3.141
1031278782679916,100064197037125,"PC Merchandise","𝐀𝐌𝟓 𝐁𝐮𝐢𝐥𝐝 𝐋𝐢𝐦𝐢𝐭𝐞𝐝 𝐒𝐚𝐥𝐞! 🚨
Experience next-gen performance with our latest builds. PM for pricelist!",,60,"08/14/2023 19:15",mixed,https://www.facebook.com/reel/1789321342788691/,0,1,Reels,,,,,08/02/2023,0,,,,,,0,0,0,0,0,0.000,3.494
1031278782679916,100064197037125,"PC Merchandise","𝐀𝐌𝟓 𝐁𝐮𝐢𝐥𝐝 𝐋𝐢𝐦𝐢𝐭𝐞𝐝 𝐒𝐚𝐥𝐞! 🚨
Experience next-gen performance with our latest builds. PM for pricelist!",,60,"08/14/2023 19:15",mixed,https://www.facebook.com/reel/1789321342788691/,0,1,Reels,,,,,08/03/2023,0,,,,,,0,0,0,0,0,0.000,3.122
1031278782679916,100064197037125,"PC Merchandise","𝐀𝐌𝟓 𝐁𝐮𝐢𝐥𝐝 𝐋𝐢𝐦𝐢𝐭𝐞𝐝 𝐒𝐚𝐥𝐞! 🚨
Experience next-gen performance with our latest builds. PM for pricelist!",,60,"08/14/2023 19:15",mixed,https://www.facebook.com/reel/1789321342788691/,0,1,Reels,,,,,08/04/2023,0,,,,,,0,0,0,0,0,0.000,2.838
1031278782679916,100064197037125,"PC Merchandise","𝐀𝐌𝟓 𝐁𝐮𝐢𝐥𝐝 𝐋𝐢𝐦𝐢𝐭𝐞𝐝 𝐒𝐚𝐥𝐞! 🚨
Experience next-gen performance with our latest builds. PM for pricelist!",,60,"08/14/2023 19:15",mixed,https://www.facebook.com/reel/1789321342788691/,0,1,Reels,,,,,08/05/2023,0,,,,,,0,0,0,0,0,0.000,3.877
1031278782679916,100064197037125,"PC Merchandise","𝐀𝐌𝟓 𝐁𝐮𝐢𝐥𝐝 𝐋𝐢𝐦𝐢𝐭𝐞𝐝 𝐒𝐚𝐥𝐞! 🚨
Experience next-gen performance with our latest builds. PM for pricelist!",,60,"08/14/2023 19:15",mixed,https://www.facebook.com/reel/1789321342788691/,0,1,Reels,,,,,08/06/2023,0,,,,,,0,0,0,0,0,0.000,4.677
1031278782679916,100064197037125,"PC Merchandise","𝐀𝐌𝟓 𝐁𝐮𝐢𝐥𝐝 𝐋𝐢𝐦𝐢𝐭𝐞𝐝 𝐒𝐚𝐥𝐞! 🚨
Experience next-gen performance with our latest builds. PM for pricelist!",,60,"08/14/2023 19:15",mixed,https://www.facebook.com/reel/1789321342788691/,0,1,Reels,,,,,08/07/2023,0,,,,,,0,0,0,0,0,0.000,3.013
1031278782679916,100064197037125,"PC Merchandise","𝐀𝐌𝟓 𝐁𝐮𝐢𝐥𝐝 𝐋𝐢𝐦𝐢𝐭𝐞𝐝 𝐒𝐚𝐥𝐞! 🚨
Experience next-gen performance with our latest builds. PM for pricelist!",,60,"08/14/2023 19:15",mixed,https://www.facebook.com/reel/1789321342788691/,0,1,Reels,,,,,08/08/2023,0,,,,,,0,0,0,0,0,0.000,2.543
1031278782679916,100064197037125,"PC Merchandise","𝐀𝐌𝟓 𝐁𝐮𝐢𝐥𝐝 𝐋𝐢𝐦𝐢𝐭𝐞𝐝 𝐒𝐚𝐥𝐞! 🚨
Experience next-gen performance with our latest builds. PM for pricelist!",,60,"08/14/2023 19:15",mixed,https://www.facebook.com/reel/1789321342788691/,0,1,Reels,,,,,08/09/2023,0,,,,,,0,0,0,0,0,0.000,2.918
1031278782679916,100064197037125,"PC Merchandise","𝐀𝐌𝟓 𝐁𝐮𝐢𝐥𝐝 𝐋𝐢𝐦𝐢𝐭𝐞𝐝 𝐒𝐚𝐥𝐞! 🚨
Experience next-gen performance with our latest builds. PM for pricelist!",,60,"08/14/2023 19:15",mixed,https://www.facebook.com/reel/1789321342788691/,0,1,Reels,,,,,08/10/2023,0,,,,,,0,0,0,0,0,0.000,3.158
1031278782679916,100064197037125,"PC Merchandise","𝐀𝐌𝟓 𝐁𝐮𝐢𝐥𝐝 𝐋𝐢𝐦𝐢𝐭𝐞𝐝 𝐒𝐚𝐥𝐞! 🚨
Experience next-gen performance with our latest builds. PM for pricelist!",,60,"08/14/2023 19:15",mixed,https://www.facebook.com/reel/1789321342788691/,0,1,Reels,,,,,08/11/2023,0,,,,,,0,0,0,0,0,0.000,3.699
1031278782679916,100064197037125,"PC Merchandise","𝐀𝐌𝟓 𝐁𝐮𝐢𝐥𝐝 𝐋𝐢𝐦𝐢𝐭𝐞𝐝 𝐒𝐚𝐥𝐞! 🚨
Experience next-gen performance with our latest builds. PM for pricelist!",,60,"08/14/2023 19:15",mixed,https://www.facebook.com/reel/1789321342788691/,0,1,Reels,,,,,08/12/2023,0,,,,,,0,0,0,0,0,0.000,2.320
1031278782679916,100064197037125,"PC Merchandise","𝐀𝐌𝟓 𝐁𝐮𝐢𝐥𝐝 𝐋𝐢𝐦𝐢𝐭𝐞𝐝 𝐒𝐚𝐥𝐞! 🚨
Experience next-gen performance with our latest builds. PM for pricelist!",,60,"08/14/2023 19:15",mixed,https://www.facebook.com/reel/1789321342788691/,0,1,Reels,,,,,08/13/2023,0,,,,,,0,0,0,0,0,0.000,3.811
1031278782679916,100064197037125,"PC Merchandise","𝐀𝐌𝟓 𝐁𝐮𝐢𝐥𝐝 𝐋𝐢𝐦𝐢𝐭𝐞𝐝 𝐒𝐚𝐥𝐞! 🚨
Experience next-gen performance with our latest builds. PM for pricelist!",,60,"08/14/2023 19:15",mixed,https://www.facebook.com/reel/1789321342788691/,0,1,Reels,,,,,08/14/2023,0,,,,,,0,0,0,0,0,388.233,3.197
1031278782679916,100064197037125,"PC Merchandise","𝐀𝐌𝟓 𝐁𝐮𝐢𝐥𝐝 𝐋𝐢𝐦𝐢𝐭𝐞𝐝 𝐒𝐚𝐥𝐞! 🚨
Experience next-gen performance with our latest builds. PM for pricelist!",,60,"08/14/2023 19:15",mixed,https://www.facebook.com/reel/1789321342788691/,0,1,Reels,,,,,08/15/2023,0,,,,,,0,0,2,2,0,572.044,3.356
1031278782679916,100064197037125,"PC Merchandise","𝐀𝐌𝟓 𝐁𝐮𝐢𝐥𝐝 𝐋𝐢𝐦𝐢𝐭𝐞𝐝 𝐒𝐚𝐥𝐞! 🚨
Experience next-gen performance with our latest builds. PM for pricelist!",,60,"08/14/2023 19:15",mixed,https://www.facebook.com/reel/1789321342788691/,0,1,Reels,,,,,08/16/2023,1,,,,,,0,0,1,0,0,375.847,2.648
1031278782679916,100064197037125,"PC Merchandise","𝐀𝐌𝟓 𝐁𝐮𝐢𝐥𝐝 𝐋𝐢𝐦𝐢𝐭𝐞𝐝 𝐒𝐚𝐥𝐞! 🚨
Experience next-gen performance with our latest builds. PM for pricelist!",,60,"08/14/2023 19:15",mixed,https://www.facebook.com/reel/1789321342788691/,0,1,Reels,,,,,08/17/2023,0,,,,,,0,0,1,0,1,312.419,4.412
1031278782679916,100064197037125,"PC Merchandise","𝐀𝐌𝟓 𝐁𝐮𝐢𝐥𝐝 𝐋𝐢𝐦𝐢𝐭𝐞𝐝 𝐒𝐚𝐥𝐞! 🚨
Experience next-gen performance with our latest builds. PM for pricelist!",,60,"08/14/2023 19:15",mixed,https://www.facebook.com/reel/1789321342788691/,0,1,Reels,,,,,08/18/2023,0,,,,,,0,0,0,0,0,162.314,3.307
1031278782679916,100064197037125,"PC Merchandise","𝐀𝐌𝟓 𝐁𝐮𝐢𝐥𝐝 𝐋𝐢𝐦𝐢𝐭𝐞𝐝 𝐒𝐚𝐥𝐞! 🚨
Experience next-gen performance with our latest builds. PM for pricelist!",,60,"08/14/2023 19:15",mixed,https://www.facebook.com/reel/1789321342788691/,0,1,Reels,,,,,08/19/2023,0,,,,,,0,0,1,0,1,154.945,3.902
1031278782679916,100064197037125,"PC Merchandise","𝐀𝐌𝟓 𝐁𝐮𝐢𝐥𝐝 𝐋𝐢𝐦𝐢𝐭𝐞𝐝 𝐒𝐚𝐥𝐞! 🚨
Experience next-gen performance with our latest builds. PM for pricelist!",,60,"08/14/2023 19:15",mixed,https://www.facebook.com/reel/1789321342788691/,0,1,Reels,,,,,08/20/2023,0,,,,,,0,0,0,0,0,196.445,3.725
1031278782679916,100064197037125,"PC Merchandise","𝐀𝐌𝟓 𝐁𝐮𝐢𝐥𝐝 𝐋𝐢𝐦𝐢𝐭𝐞𝐝 𝐒𝐚𝐥𝐞! 🚨
Experience next-gen performance with our latest builds. PM for pricelist!",,60,"08/14/2023 19:15",mixed,https://www.facebook.com/reel/1789321342788691/,0,1,Reels,,,,,08/21/2023,0,,,,,,0,0,0,0,0,178.911,1.500
1031278782679916,100064197037125,"PC Merchandise","𝐀𝐌𝟓 𝐁𝐮𝐢𝐥𝐝 𝐋𝐢𝐦𝐢𝐭𝐞𝐝 𝐒𝐚𝐥𝐞! 🚨
Experience next-gen performance with our latest builds. PM for pricelist!",,60,"08/14/2023 19:15",mixed,https://www.facebook.com/reel/1789321342788691/,0,1,Reels,,,,,08/22/2023,0,,,,,,0,0,0,0,0,40.551,1.500
1031278782679916,100064197037125,"PC Merchandise","𝐀𝐌𝟓 𝐁𝐮𝐢𝐥𝐝 𝐋𝐢𝐦𝐢𝐭𝐞𝐝 𝐒𝐚𝐥𝐞! 🚨
Experience next-gen performance with our latest builds. PM for pricelist!",,60,"08/14/2023 19:15",mixed,https://www.facebook.com/reel/1789321342788691/,0,1,Reels,,,,,08/23/2023,0,,,,,,0,0,0,0,0,39.665,2.609
1031278782679916,100064197037125,"PC Merchandise","𝐀𝐌𝟓 𝐁𝐮𝐢𝐥𝐝 𝐋𝐢𝐦𝐢𝐭𝐞𝐝 𝐒𝐚𝐥𝐞! 🚨
Experience next-gen performance with our latest builds. PM for pricelist!",,60,"08/14/2023 19:15",mixed,https://www.facebook.com/reel/1789321342788691/,0,1,Reels,,,,,08/24/2023,0,,,,,,0,0,0,0,0,24.169,1.958
1031278782679916,100064197037125,"PC Merchandise","𝐀𝐌𝟓 𝐁𝐮𝐢𝐥𝐝 𝐋𝐢𝐦𝐢𝐭𝐞𝐝 𝐒𝐚𝐥𝐞! 🚨
Experience next-gen performance with our latest builds. PM for pricelist!",,60,"08/14/2023 19:15",mixed,https://www.facebook.com/reel/1789321342788691/,0,1,Reels,,,,,08/25/2023,0,,,,,,0,0,0,0,0,78.422,1.860
1031278782679916,100064197037125,"PC Merchandise","𝐀𝐌𝟓 𝐁𝐮𝐢𝐥𝐝 𝐋𝐢𝐦𝐢𝐭𝐞𝐝 𝐒𝐚𝐥𝐞! 🚨
Experience next-gen performance with our latest builds. PM for pricelist!",,60,"08/14/2023 19:15",mixed,https://www.facebook.com/reel/1789321342788691/,0,1,Reels,,,,,08/26/2023,0,,,,,,0,0,0,0,0,43.012,2.013
1031278782679916,100064197037125,"PC Merchandise","𝐀𝐌𝟓 𝐁𝐮𝐢𝐥𝐝 𝐋𝐢𝐦𝐢𝐭𝐞𝐝 𝐒𝐚𝐥𝐞! 🚨
Experience next-gen performance with our latest builds. PM for pricelist!",,60,"08/14/2023 19:15",mixed,https://www.facebook.com/reel/1789321342788691/,0,1,Reels,,,,,08/27/2023,0,,,,,,0,0,0,0,0,66.792,2.578
1031278782679916,100064197037125,"PC Merchandise","𝐀𝐌𝟓 𝐁𝐮𝐢𝐥𝐝 𝐋𝐢𝐦𝐢𝐭𝐞𝐝 𝐒𝐚𝐥𝐞! 🚨
Experience next-gen performance with our latest builds. PM for pricelist!",,60,"08/14/2023 19:15",mixed,https://www.facebook.com/reel/1789321342788691/,0,1,Reels,,,,,08/28/2023,0,,,,,,0,0,0,0,0,34.394,2.651
1031278782679916,100064197037125,"PC Merchandise","𝐀𝐌𝟓 𝐁𝐮𝐢𝐥𝐝 𝐋𝐢𝐦𝐢𝐭𝐞𝐝 𝐒𝐚𝐥𝐞! 🚨
Experience next-gen performance with our latest builds. PM for pricelist!",,60,"08/14/2023 19:15",mixed,https://www.facebook.com/reel/1789321342788691/,0,1,Reels,,,,,08/29/2023,0,,,,,,0,0,0,0,0,21.403,2.595
1031278782679916,100064197037125,"PC Merchandise","𝐀𝐌𝟓 𝐁𝐮𝐢𝐥𝐝 𝐋𝐢𝐦𝐢𝐭𝐞𝐝 𝐒𝐚𝐥𝐞! 🚨
Experience next-gen performance with our latest builds. PM for pricelist!",,60,"08/14/2023 19:15",mixed,https://www.facebook.com/reel/1789321342788691/,0,1,Reels,,,,,08/30/2023,0,,,,,,0,0,0,0,0,28.388,2.676
1031278782679916,100064197037125,"PC Merchandise","𝐀𝐌𝟓 𝐁𝐮𝐢𝐥𝐝 𝐋𝐢𝐦𝐢𝐭𝐞𝐝 𝐒𝐚𝐥𝐞! 🚨
Experience next-gen performance with our latest builds. PM for pricelist!",,60,"08/14/2023 19:15",mixed,https://www.facebook.com/reel/1789321342788691/,0,1,Reels,,,,,08/31/2023,0,,,,,,0,0,0,0,0,15.836,3.852
1030852481707704,100064197037125,"PC Merchandise","𝐏𝐑𝐈𝐂𝐄𝐋𝐈𝐒𝐓 𝟐𝟎𝟐𝟑 >>>
https://pcmerchandise.live/2023-PRICELIST",,33,"08/14/2023 17:00",,https://www.facebook.com/reel/1595043396525008/,0,0,Reels,,,,,08/01/2023,0,,,,,,0,0,0,0,0,0.000,4.488
1030852481707704,100064197037125,"PC Merchandise","𝐏𝐑𝐈𝐂𝐄𝐋𝐈𝐒𝐓 𝟐𝟎𝟐𝟑 >>>
https://pcmerchandise.live/2023-PRICELIST",,33,"08/14/2023 17:00",,https://www.facebook.com/reel/1595043396525008/,0,0,Reels,,,,,08/02/2023,0,,,,,,0,0,0,0,0,0.000,2.926
1030852481707704,100064197037125,"PC Merchandise","𝐏𝐑𝐈𝐂𝐄𝐋𝐈𝐒𝐓 𝟐𝟎𝟐𝟑 >>>
https://pcmerchandise.live/2023-PRICELIST",,33,"08/14/2023 17:00",,https://www.facebook.com/reel/1595043396525008/,0,0,Reels,,,,,08/03/2023,0,,,,,,0,0,0,0,0,0.000,3.392
1030852481707704,100064197037125,"PC Merchandise","𝐏𝐑𝐈𝐂𝐄𝐋𝐈𝐒𝐓 𝟐𝟎𝟐𝟑 >>>
https://pcmerchandise.live/2023-PRICELIST",,33,"08/14/2023 17:00",,https://www.facebook.com/reel/1595043396525008/,0,0,Reels,,,,,08/04/2023,0,,,,,,0,0,0,0,0,0.000,2.921
1030852481707704,100064197037125,"PC Merchandise","𝐏𝐑𝐈𝐂𝐄𝐋𝐈𝐒𝐓 𝟐𝟎𝟐𝟑 >>>
https://pcmerchandise.live/2023-PRICELIST",,33,"08/14/2023 17:00",,https://www.facebook.com/reel/1595043396525008/,0,0,Reels,,,,,08/05/2023,0,,,,,,0,0,0,0,0,0.000,2.717
1030852481707704,100064197037125,"PC Merchandise","𝐏𝐑𝐈𝐂𝐄𝐋𝐈𝐒𝐓 𝟐𝟎𝟐𝟑 >>>
https://pcmerchandise.live/2023-PRICELIST",,33,"08/14/2023 17:00",,https://www.facebook.com/reel/1595043396525008/,0,0,Reels,,,,,08/06/2023,0,,,,,,0,0,0,0,0,0.000,3.578
1030852481707704,100064197037125,"PC Merchandise","𝐏𝐑𝐈𝐂𝐄𝐋𝐈𝐒𝐓 𝟐𝟎𝟐𝟑 >>>
https://pcmerchandise.live/2023-PRICELIST",,33,"08/14/2023 17:00",,https://www.facebook.com/reel/1595043396525008/,0,0,Reels,,,,,08/07/2023,0,,,,,,0,0,0,0,0,0.000,4.176
1030852481707704,100064197037125,"PC Merchandise","𝐏𝐑𝐈𝐂𝐄𝐋𝐈𝐒𝐓 𝟐𝟎𝟐𝟑 >>>
https://pcmerchandise.live/2023-PRICELIST",,33,"08/14/2023 17:00",,https://www.facebook.com/reel/1595043396525008/,0,0,Reels,,,,,08/08/2023,0,,,,,,0,0,0,0,0,0.000,4.511
1030852481707704,100064197037125,"PC Merchandise","𝐏𝐑𝐈𝐂𝐄𝐋𝐈𝐒𝐓 𝟐𝟎𝟐𝟑 >>>
https://pcmerchandise.live/2023-PRICELIST",,33,"08/14/2023 17:00",,https://www.facebook.com/reel/1595043396525008/,0,0,Reels,,,,,08/09/2023,0,,,,,,0,0,0,0,0,0.000,3.362
1030852481707704,100064197037125,"PC Merchandise","𝐏𝐑𝐈𝐂𝐄𝐋𝐈𝐒𝐓 𝟐𝟎𝟐𝟑 >>>
https://pcmerchandise.live/2023-PRICELIST",,33,"08/14/2023 17:00",,https://www.facebook.com/reel/1595043396525008/,0,0,Reels,,,,,08/10/2023,0,,,,,,0,0,0,0,0,0.000,3.882
1030852481707704,100064197037125,"PC Merchandise","𝐏𝐑𝐈𝐂𝐄𝐋𝐈𝐒𝐓 𝟐𝟎𝟐𝟑 >>>
https://pcmerchandise.live/2023-PRICELIST",,33,"08/14/2023 17:00",,https://www.facebook.com/reel/1595043396525008/,0,0,Reels,,,,,08/11/2023,0,,,,,,0,0,0,0,0,0.000,3.035
1030852481707704,100064197037125,"PC Merchandise","𝐏𝐑𝐈𝐂𝐄𝐋𝐈𝐒𝐓 𝟐𝟎𝟐𝟑 >>>
https://pcmerchandise.live/2023-PRICELIST",,33,"08/14/2023 17:00",,https://www.facebook.com/reel/1595043396525008/,0,0,Reels,,,,,08/12/2023,0,,,,,,0,0,0,0,0,0.000,3.623
1030852481707704,100064197037125,"PC Merchandise","𝐏𝐑𝐈𝐂𝐄𝐋𝐈𝐒𝐓 𝟐𝟎𝟐𝟑 >>>
https://pcmerchandise.live/2023-PRICELIST",,33,"08/14/2023 17:00",,https://www.facebook.com/reel/1595043396525008/,0,0,Reels,,,,,08/13/2023,0,,,,,,0,0,0,0,0,0.000,3.000
1030852481707704,100064197037125,"PC Merchandise","𝐏𝐑𝐈𝐂𝐄𝐋𝐈𝐒𝐓 𝟐𝟎𝟐𝟑 >>>
https://pcmerchandise.live/2023-PRICELIST",,33,"08/14/2023 17:00",,https://www.facebook.com/reel/1595043396525008/,0,0,Reels,,,,,08/14/2023,0,,,,,,0,0,5,5,0,285.290,4.055
1030852481707704,100064197037125,"PC Merchandise","𝐏𝐑𝐈𝐂𝐄𝐋𝐈𝐒𝐓 𝟐𝟎𝟐𝟑 >>>
https://pcmerchandise.live/2023-PRICELIST",,33,"08/14/2023 17:00",,https://www.facebook.com/reel/1595043396525008/,0,0,Reels,,,,,08/15/2023,0,,,,,,0,0,2,2,0,152.280,2.663
1030852481707704,100064197037125,"PC Merchandise","𝐏𝐑𝐈𝐂𝐄𝐋𝐈𝐒𝐓 𝟐𝟎𝟐𝟑 >>>
https://pcmerchandise.live/2023-PRICELIST",,33,"08/14/2023 17:00",,https://www.facebook.com/reel/1595043396525008/,0,0,Reels,,,,,08/16/2023,0,,,,,,0,0,2,2,0,116.991,2.161
1030852481707704,100064197037125,"PC Merchandise","𝐏𝐑𝐈𝐂𝐄𝐋𝐈𝐒𝐓 𝟐𝟎𝟐𝟑 >>>
https://pcmerchandise.live/2023-PRICELIST",,33,"08/14/2023 17:00",,https://www.facebook.com/reel/1595043396525008/,0,0,Reels,,,,,08/17/2023,0,,,,,,0,0,1,1,0,103.720,3.154
1030852481707704,100064197037125,"PC Merchandise","𝐏𝐑𝐈𝐂𝐄𝐋𝐈𝐒𝐓 𝟐𝟎𝟐𝟑 >>>
https://pcmerchandise.live/2023-PRICELIST",,33,"08/14/2023 17:00",,https://www.facebook.com/reel/1595043396525008/,0,0,Reels,,,,,08/18/2023,0,,,,,,0,0,0,0,0,58.046,3.362
1030852481707704,100064197037125,"PC Merchandise","𝐏𝐑𝐈𝐂𝐄𝐋𝐈𝐒𝐓 𝟐𝟎𝟐𝟑 >>>
https://pcmerchandise.live/2023-PRICELIST",,33,"08/14/2023 17:00",,https://www.facebook.com/reel/1595043396525008/,0,0,Reels,,,,,08/19/2023,0,,,,,,0,0,0,0,0,59.227,3.833
1030852481707704,100064197037125,"PC Merchandise","𝐏𝐑𝐈𝐂𝐄𝐋𝐈𝐒𝐓 𝟐𝟎𝟐𝟑 >>>
https://pcmerchandise.live/2023-PRICELIST",,33,"08/14/2023 17:00",,https://www.facebook.com/reel/1595043396525008/,0,0,Reels,,,,,08/20/2023,0,,,,,,0,0,2,1,1,97.980,3.284
1030852481707704,100064197037125,"PC Merchandise","𝐏𝐑𝐈𝐂𝐄𝐋𝐈𝐒𝐓 𝟐𝟎𝟐𝟑 >>>
https://pcmerchandise.live/2023-PRICELIST",,33,"08/14/2023 17:00",,https://www.facebook.com/reel/1595043396525008/,0,0,Reels,,,,,08/21/2023,0,,,,,,0,0,0,0,0,24.783,3.875
1030852481707704,100064197037125,"PC Merchandise","𝐏𝐑𝐈𝐂𝐄𝐋𝐈𝐒𝐓 𝟐𝟎𝟐𝟑 >>>
https://pcmerchandise.live/2023-PRICELIST",,33,"08/14/2023 17:00",,https://www.facebook.com/reel/1595043396525008/,0,0,Reels,,,,,08/22/2023,0,,,,,,0,0,2,2,0,65.661,3.309
1030852481707704,100064197037125,"PC Merchandise","𝐏𝐑𝐈𝐂𝐄𝐋𝐈𝐒𝐓 𝟐𝟎𝟐𝟑 >>>
https://pcmerchandise.live/2023-PRICELIST",,33,"08/14/2023 17:00",,https://www.facebook.com/reel/1595043396525008/,0,0,Reels,,,,,08/23/2023,0,,,,,,0,0,0,0,0,59.117,2.776
1030852481707704,100064197037125,"PC Merchandise","𝐏𝐑𝐈𝐂𝐄𝐋𝐈𝐒𝐓 𝟐𝟎𝟐𝟑 >>>
https://pcmerchandise.live/2023-PRICELIST",,33,"08/14/2023 17:00",,https://www.facebook.com/reel/1595043396525008/,0,0,Reels,,,,,08/24/2023,0,,,,,,0,0,0,0,0,36.480,2.950
1030852481707704,100064197037125,"PC Merchandise","𝐏𝐑𝐈𝐂𝐄𝐋𝐈𝐒𝐓 𝟐𝟎𝟐𝟑 >>>
https://pcmerchandise.live/2023-PRICELIST",,33,"08/14/2023 17:00",,https://www.facebook.com/reel/1595043396525008/,0,0,Reels,,,,,08/25/2023,0,,,,,,0,0,0,0,0,29.149,3.429
1030852481707704,100064197037125,"PC Merchandise","𝐏𝐑𝐈𝐂𝐄𝐋𝐈𝐒𝐓 𝟐𝟎𝟐𝟑 >>>
https://pcmerchandise.live/2023-PRICELIST",,33,"08/14/2023 17:00",,https://www.facebook.com/reel/1595043396525008/,0,0,Reels,,,,,08/26/2023,0,,,,,,0,0,0,0,0,20.942,3.541
1030852481707704,100064197037125,"PC Merchandise","𝐏𝐑𝐈𝐂𝐄𝐋𝐈𝐒𝐓 𝟐𝟎𝟐𝟑 >>>
https://pcmerchandise.live/2023-PRICELIST",,33,"08/14/2023 17:00",,https://www.facebook.com/reel/1595043396525008/,0,0,Reels,,,,,08/27/2023,0,,,,,,0,0,0,0,0,14.635,3.306
1030852481707704,100064197037125,"PC Merchandise","𝐏𝐑𝐈𝐂𝐄𝐋𝐈𝐒𝐓 𝟐𝟎𝟐𝟑 >>>
https://pcmerchandise.live/2023-PRICELIST",,33,"08/14/2023 17:00",,https://www.facebook.com/reel/1595043396525008/,0,0,Reels,,,,,08/28/2023,0,,,,,,0,0,0,0,0,9.557,2.032
1030852481707704,100064197037125,"PC Merchandise","𝐏𝐑𝐈𝐂𝐄𝐋𝐈𝐒𝐓 𝟐𝟎𝟐𝟑 >>>
https://pcmerchandise.live/2023-PRICELIST",,33,"08/14/2023 17:00",,https://www.facebook.com/reel/1595043396525008/,0,0,Reels,,,,,08/29/2023,0,,,,,,0,0,0,0,0,12.627,2.278
1030852481707704,100064197037125,"PC Merchandise","𝐏𝐑𝐈𝐂𝐄𝐋𝐈𝐒𝐓 𝟐𝟎𝟐𝟑 >>>
https://pcmerchandise.live/2023-PRICELIST",,33,"08/14/2023 17:00",,https://www.facebook.com/reel/1595043396525008/,0,0,Reels,,,,,08/30/2023,0,,,,,,0,0,1,1,0,7.065,3.412
1030852481707704,100064197037125,"PC Merchandise","𝐏𝐑𝐈𝐂𝐄𝐋𝐈𝐒𝐓 𝟐𝟎𝟐𝟑 >>>
https://pcmerchandise.live/2023-PRICELIST",,33,"08/14/2023 17:00",,https://www.facebook.com/reel/1595043396525008/,0,0,Reels,,,,,08/31/2023,0,,,,,,0,0,0,0,0,13.984,1.696
1030698261526648,100064197037125,"PC Merchandise","Pa-mine na yan! i5 12400F gaming build, limited slots only this week.",,0,"08/13/2023 16:30",,https://www.facebook.com/pcmerchandise.co/posts/pfbid0Ue5YXSs7KhRjXZGmvcuqS25NShxNjYGsBTbdopxzMbq6hOJbGwxdnjyx,1,0,Photos,,,,,08/31/2023,0,,,,,,,,,,,,
1030698261526648,100064197037125,"PC Merchandise","Pa-mine na yan! i5 12400F gaming build, limited slots only this week.",,0,"08/13/2023 16:30",,https://www.facebook.com/pcmerchandise.co/posts/pfbid0Ue5YXSs7KhRjXZGmvcuqS25NShxNjYGsBTbdopxzMbq6hOJbGwxdnjyx,1,0,Photos,,,,,08/01/2023,,,0,0,0,0,0,0,,,,,
1030698261526648,100064197037125,"PC Merchandise","Pa-mine na yan! i5 12400F gaming build, limited slots only this week.",,0,"08/13/2023 16:30",,https://www.facebook.com/pcmerchandise.co/posts/pfbid0Ue5YXSs7KhRjXZGmvcuqS25NShxNjYGsBTbdopxzMbq6hOJbGwxdnjyx,1,0,Photos,,,,,08/02/2023,,,0,0,0,0,0,0,,,,,
1030698261526648,100064197037125,"PC Merchandise","Pa-mine na yan! i5 12400F gaming build, limited slots only this week.",,0,"08/13/2023 16:30",,https://www.facebook.com/pcmerchandise.co/posts/pfbid0Ue5YXSs7KhRjXZGmvcuqS25NShxNjYGsBTbdopxzMbq6hOJbGwxdnjyx,1,0,Photos,,,,,08/03/2023,,,0,0,0,0,0,0,,,,,
1030698261526648,100064197037125,"PC Merchandise","Pa-mine na yan! i5 12400F gaming build, limited slots only this week.",,0,"08/13/2023 16:30",,https://www.facebook.com/pcmerchandise.co/posts/pfbid0Ue5YXSs7KhRjXZGmvcuqS25NShxNjYGsBTbdopxzMbq6hOJbGwxdnjyx,1,0,Photos,,,,,08/04/2023,,,0,0,0,0,0,0,,,,,
1030698261526648,100064197037125,"PC Merchandise","Pa-mine na yan! i5 12400F gaming build, limited slots only this week.",,0,"08/13/2023 16:30",,https://www.facebook.com/pcmerchandise.co/posts/pfbid0Ue5YXSs7KhRjXZGmvcuqS25NShxNjYGsBTbdopxzMbq6hOJbGwxdnjyx,1,0,Photos,,,,,08/05/2023,,,0,0,0,0,0,0,,,,,
1030698261526648,100064197037125,"PC Merchandise","Pa-mine na yan! i5 12400F gaming build, limited slots only this week.",,0,"08/13/2023 16:30",,https://www.facebook.com/pcmerchandise.co/posts/pfbid0Ue5YXSs7KhRjXZGmvcuqS25NShxNjYGsBTbdopxzMbq6hOJbGwxdnjyx,1,0,Photos,,,,,08/06/2023,,,0,0,0,0,0,0,,,,,
1030698261526648,100064197037125,"PC Merchandise","Pa-mine na yan! i5 12400F gaming build, limited slots only this week.",,0,"08/13/2023 16:30",,https://www.facebook.com/pcmerchandise.co/posts/pfbid0Ue5YXSs7KhRjXZGmvcuqS25NShxNjYGsBTbdopxzMbq6hOJbGwxdnjyx,1,0,Photos,,,,,08/07/2023,,,0,0,0,0,0,0,,,,,
1030698261526648,100064197037125,"PC Merchandise","Pa-mine na yan! i5 12400F gaming build, limited slots only this week.",,0,"08/13/2023 16:30",,https://www.facebook.com/pcmerchandise.co/posts/pfbid0Ue5YXSs7KhRjXZGmvcuqS25NShxNjYGsBTbdopxzMbq6hOJbGwxdnjyx,1,0,Photos,,,,,08/08/2023,,,0,0,0,0,0,0,,,,,
1030698261526648,100064197037125,"PC Merchandise","Pa-mine na yan! i5 12400F gaming build, limited slots only this week.",,0,"08/13/2023 16:30",,https://www.facebook.com/pcmerchandise.co/posts/pfbid0Ue5YXSs7KhRjXZGmvcuqS25NShxNjYGsBTbdopxzMbq6hOJbGwxdnjyx,1,0,Photos,,,,,08/09/2023,,,0,0,0,0,0,0,,,,,
1030698261526648,100064197037125,"PC Merchandise","Pa-mine na yan! i5 12400F gaming build, limited slots only this week.",,0,"08/13/2023 16:30",,https://www.facebook.com/pcmerchandise.co/posts/pfbid0Ue5YXSs7KhRjXZGmvcuqS25NShxNjYGsBTbdopxzMbq6hOJbGwxdnjyx,1,0,Photos,,,,,08/10/2023,,,0,0,0,0,0,0,,,,,
1030698261526648,100064197037125,"PC Merchandise","Pa-mine na yan! i5 12400F gaming build, limited slots only this week.",,0,"08/13/2023 16:30",,https://www.facebook.com/pcmerchandise.co/posts/pfbid0Ue5YXSs7KhRjXZGmvcuqS25NShxNjYGsBTbdopxzMbq6hOJbGwxdnjyx,1,0,Photos,,,,,08/11/2023,,,0,0,0,0,0,0,,,,,
1030698261526648,100064197037125,"PC Merchandise","Pa-mine na yan! i5 12400F gaming build, limited slots only this week.",,0,"08/13/2023 16:30",,https://www.facebook.com/pcmerchandise.co/posts/pfbid0Ue5YXSs7KhRjXZGmvcuqS25NShxNjYGsBTbdopxzMbq6hOJbGwxdnjyx,1,0,Photos,,,,,08/12/2023,,,0,0,0,0,0,0,,,,,
1030698261526648,100064197037125,"PC Merchandise","Pa-mine na yan! i5 12400F gaming build, limited slots only this week.",,0,"08/13/2023 16:30",,https://www.facebook.com/pcmerchandise.co/posts/pfbid0Ue5YXSs7KhRjXZGmvcuqS25NShxNjYGsBTbdopxzMbq6hOJbGwxdnjyx,1,0,Photos,,,,,08/13/2023,,,0,0,0,0,0,0,,,,,
1030698261526648,100064197037125,"PC Merchandise","Pa-mine na yan! i5 12400F gaming build, limited slots only this week.",,0,"08/13/2023 16:30",,https://www.facebook.com/pcmerchandise.co/posts/pfbid0Ue5YXSs7KhRjXZGmvcuqS25NShxNjYGsBTbdopxzMbq6hOJbGwxdnjyx,1,0,Photos,,,,,08/14/2023,,,0,0,0,0,0,0,,,,,
1030698261526648,100064197037125,"PC Merchandise","Pa-mine na yan! i5 12400F gaming build, limited slots only this week.",,0,"08/13/2023 16:30",,https://www.facebook.com/pcmerchandise.co/posts/pfbid0Ue5YXSs7KhRjXZGmvcuqS25NShxNjYGsBTbdopxzMbq6hOJbGwxdnjyx,1,0,Photos,,,,,08/15/2023,,,0,0,0,0,0,0,,,,,
1030698261526648,100064197037125,"PC Merchandise","Pa-mine na yan! i5 12400F gaming build, limited slots only this week.",,0,"08/13/2023 16:30",,https://www.facebook.com/pcmerchandise.co/posts/pfbid0Ue5YXSs7KhRjXZGmvcuqS25NShxNjYGsBTbdopxzMbq6hOJbGwxdnjyx,1,0,Photos,,,,,08/16/2023,,,0,0,0,0,0,0,,,,,
1030698261526648,100064197037125,"PC Merchandise","Pa-mine na yan! i5 12400F gaming build, limited slots only this week.",,0,"08/13/2023 16:30",,https://www.facebook.com/pcmerchandise.co/posts/pfbid0Ue5YXSs7KhRjXZGmvcuqS25NShxNjYGsBTbdopxzMbq6hOJbGwxdnjyx,1,0,Photos,,,,,08/17/2023,,,0,0,0,0,0,0,,,,,
1030698261526648,100064197037125,"PC Merchandise","Pa-mine na yan! i5 12400F gaming build, limited slots only this week.",,0,"08/13/2023 16:30",,https://www.facebook.com/pcmerchandise.co/posts/pfbid0Ue5YXSs7KhRjXZGmvcuqS25NShxNjYGsBTbdopxzMbq6hOJbGwxdnjyx,1,0,Photos,,,,,08/18/2023,,,0,0,0,0,0,0,,,,,
1030698261526648,100064197037125,"PC Merchandise","Pa-mine na yan! i5 12400F gaming build, limited slots only this week.",,0,"08/13/2023 16:30",,https://www.facebook.com/pcmerchandise.co/posts/pfbid0Ue5YXSs7KhRjXZGmvcuqS25NShxNjYGsBTbdopxzMbq6hOJbGwxdnjyx,1,0,Photos,,,,,08/19/2023,,,0,0,0,0,0,0,,,,,
1030698261526648,100064197037125,"PC Merchandise","Pa-mine na yan! i5 12400F gaming build, limited slots only this week.",,0,"08/13/2023 16:30",,https://www.facebook.com/pcmerchandise.co/posts/pfbid0Ue5YXSs7KhRjXZGmvcuqS25NShxNjYGsBTbdopxzMbq6hOJbGwxdnjyx,1,0,Photos,,,,,08/20/2023,,,0,0,0,0,0,0,,,,,
1030698261526648,100064197037125,"PC Merchandise","Pa-mine na yan! i5 12400F gaming build, limited slots only this week.",,0,"08/13/2023 16:30",,https://www.facebook.com/pcmerchandise.co/posts/pfbid0Ue5YXSs7KhRjXZGmvcuqS25NShxNjYGsBTbdopxzMbq6hOJbGwxdnjyx,1,0,Photos,,,,,08/21/2023,,,0,0,0,0,0,0,,,,,
1030698261526648,100064197037125,"PC Merchandise","Pa-mine na yan! i5 12400F gaming build, limited slots only this week.",,0,"08/13/2023 16:30",,https://www.facebook.com/pcmerchandise.co/posts/pfbid0Ue5YXSs7KhRjXZGmvcuqS25NShxNjYGsBTbdopxzMbq6hOJbGwxdnjyx,1,0,Photos,,,,,08/22/2023,,,0,0,0,0,0,0,,,,,
1030698261526648,100064197037125,"PC Merchandise","Pa-mine na yan! i5 12400F gaming build, limited slots only this week.",,0,"08/13/2023 16:30",,https://www.facebook.com/pcmerchandise.co/posts/pfbid0Ue5YXSs7KhRjXZGmvcuqS25NShxNjYGsBTbdopxzMbq6hOJbGwxdnjyx,1,0,Photos,,,,,08/23/2023,,,0,0,0,0,0,0,,,,,
1030698261526648,100064197037125,"PC Merchandise","Pa-mine na yan! i5 12400F gaming build, limited slots only this week.",,0,"08/13/2023 16:30",,https://www.facebook.com/pcmerchandise.co/posts/pfbid0Ue5YXSs7KhRjXZGmvcuqS25NShxNjYGsBTbdopxzMbq6hOJbGwxdnjyx,1,0,Photos,,,,,08/24/2023,,,0,0,0,0,0,0,,,,,
1030698261526648,100064197037125,"PC Merchandise","Pa-mine na yan! i5 12400F gaming build, limited slots only this week.",,0,"08/13/2023 16:30",,https://www.facebook.com/pcmerchandise.co/posts/pfbid0Ue5YXSs7KhRjXZGmvcuqS25NShxNjYGsBTbdopxzMbq6hOJbGwxdnjyx,1,0,Photos,,,,,08/25/2023,,,0,0,0,0,0,0,,,,,
1030698261526648,100064197037125,"PC Merchandise","Pa-mine na yan! i5 12400F gaming build, limited slots only this week.",,0,"08/13/2023 16:30",,https://www.facebook.com/pcmerchandise.co/posts/pfbid0Ue5YXSs7KhRjXZGmvcuqS25NShxNjYGsBTbdopxzMbq6hOJbGwxdnjyx,1,0,Photos,,,,,08/26/2023,,,0,0,0,0,0,0,,,,,
1030698261526648,100064197037125,"PC Merchandise","Pa-mine na yan! i5 12400F gaming build, limited slots only this week.",,0,"08/13/2023 16:30",,https://www.facebook.com/pcmerchandise.co/posts/pfbid0Ue5YXSs7KhRjXZGmvcuqS25NShxNjYGsBTbdopxzMbq6hOJbGwxdnjyx,1,0,Photos,,,,,08/27/2023,,,0,0,0,0,0,0,,,,,
1030698261526648,100064197037125,"PC Merchandise","Pa-mine na yan! i5 12400F gaming build, limited slots only this week.",,0,"08/13/2023 16:30",,https://www.facebook.com/pcmerchandise.co/posts/pfbid0Ue5YXSs7KhRjXZGmvcuqS25NShxNjYGsBTbdopxzMbq6hOJbGwxdnjyx,1,0,Photos,,,,,08/28/2023,,,0,0,0,0,0,0,,,,,
1030698261526648,100064197037125,"PC Merchandise","Pa-mine na yan! i5 12400F gaming build, limited slots only this week.",,0,"08/13/2023 16:30",,https://www.facebook.com/pcmerchandise.co/posts/pfbid0Ue5YXSs7KhRjXZGmvcuqS25NShxNjYGsBTbdopxzMbq6hOJbGwxdnjyx,1,0,Photos,,,,,08/29/2023,,,0,0,0,0,0,0,,,,,
1030698261526648,100064197037125,"PC Merchandise","Pa-mine na yan! i5 12400F gaming build, limited slots only this week.",,0,"08/13/2023 16:30",,https://www.facebook.com/pcmerchandise.co/posts/pfbid0Ue5YXSs7KhRjXZGmvcuqS25NShxNjYGsBTbdopxzMbq6hOJbGwxdnjyx,1,0,Photos,,,,,08/30/2023,,,0,0,0,0,0,0,,,,,
1030698261526648,100064197037125,"PC Merchandise","Pa-mine na yan! i5 12400F gaming build, limited slots only this week.",,0,"08/13/2023 16:30",,https://www.facebook.com/pcmerchandise.co/posts/pfbid0Ue5YXSs7KhRjXZGmvcuqS25NShxNjYGsBTbdopxzMbq6hOJbGwxdnjyx,1,0,Photos,,,,,08/31/2023,,,0,0,0,0,0,0,,,,,
1030738463363170,100064197037125,"PC Merchandise","𝐀𝐌𝟓 𝐁𝐮𝐢𝐥𝐝 𝐋𝐢𝐦𝐢𝐭𝐞𝐝 𝐒𝐚𝐥𝐞! 🚨
Experience next-gen performance with our latest builds. PM for pricelist!",,0,"08/13/2023 00:00",,https://www.facebook.com/pcmerchandise.co/posts/pfbid03Y22g6A1FKRiirtPfsa2rrzB7du870gDuDsVEeQoX7TYYfBhwX9yVWun,0,0,Photos,,,,,08/31/2023,0,,,,,,,,,,,,
1030738463363170,100064197037125,"PC Merchandise","𝐀𝐌𝟓 𝐁𝐮𝐢𝐥𝐝 𝐋𝐢𝐦𝐢𝐭𝐞𝐝 𝐒𝐚𝐥𝐞! 🚨
Experience next-gen performance with our latest builds. PM for pricelist!",,0,"08/13/2023 00:00",,https://www.facebook.com/pcmerchandise.co/posts/pfbid03Y22g6A1FKRiirtPfsa2rrzB7du870gDuDsVEeQoX7TYYfBhwX9yVWun,0,0,Photos,,,,,08/01/2023,,,0,0,0,0,0,0,,,,,
1030738463363170,100064197037125,"PC Merchandise","𝐀𝐌𝟓 𝐁𝐮𝐢𝐥𝐝 𝐋𝐢𝐦𝐢𝐭𝐞𝐝 𝐒𝐚𝐥𝐞! 🚨
Experience next-gen performance with our latest builds. PM for pricelist!",,0,"08/13/2023 00:00",,https://www.facebook.com/pcmerchandise.co/posts/pfbid03Y22g6A1FKRiirtPfsa2rrzB7du870gDuDsVEeQoX7TYYfBhwX9yVWun,0,0,Photos,,,,,08/02/2023,,,0,0,0,0,0,0,,,,,
1030738463363170,100064197037125,"PC Merchandise","𝐀𝐌𝟓 𝐁𝐮𝐢𝐥𝐝 𝐋𝐢𝐦𝐢𝐭𝐞𝐝 𝐒𝐚𝐥𝐞! 🚨
Experience next-gen performance with our latest builds. PM for pricelist!",,0,"08/13/2023 00:00",,https://www.facebook.com/pcmerchandise.co/posts/pfbid03Y22g6A1FKRiirtPfsa2rrzB7du870gDuDsVEeQoX7TYYfBhwX9yVWun,0,0,Photos,,,,,08/03/2023,,,0,0,0,0,0,0,,,,,
1030738463363170,100064197037125,"PC Merchandise","𝐀𝐌𝟓 𝐁𝐮𝐢𝐥𝐝 𝐋𝐢𝐦𝐢𝐭𝐞𝐝 𝐒𝐚𝐥𝐞! 🚨
Experience next-gen performance with our latest builds. PM for pricelist!",,0,"08/13/2023 00:00",,https://www.facebook.com/pcmerchandise.co/posts/pfbid03Y22g6A1FKRiirtPfsa2rrzB7du870gDuDsVEeQoX7TYYfBhwX9yVWun,0,0,Photos,,,,,08/04/2023,,,0,0,0,0,0,0,,,,,
1030738463363170,100064197037125,"PC Merchandise","𝐀𝐌𝟓 𝐁𝐮𝐢𝐥𝐝 𝐋𝐢𝐦𝐢𝐭𝐞𝐝 𝐒𝐚𝐥𝐞! 🚨
Experience next-gen performance with our latest builds. PM for pricelist!",,0,"08/13/2023 00:00",,https://www.facebook.com/pcmerchandise.co/posts/pfbid03Y22g6A1FKRiirtPfsa2rrzB7du870gDuDsVEeQoX7TYYfBhwX9yVWun,0,0,Photos,,,,,08/05/2023,,,0,0,0,0,0,0,,,,,
1030738463363170,100064197037125,"PC Merchandise","𝐀𝐌𝟓 𝐁𝐮𝐢𝐥𝐝 𝐋𝐢𝐦𝐢𝐭𝐞𝐝 𝐒𝐚𝐥𝐞! 🚨
Experience next-gen performance with our latest builds. PM for pricelist!",,0,"08/13/2023 00:00",,https://www.facebook.com/pcmerchandise.co/posts/pfbid03Y22g6A1FKRiirtPfsa2rrzB7du870gDuDsVEeQoX7TYYfBhwX9yVWun,0,0,Photos,,,,,08/06/2023,,,0,0,0,0,0,0,,,,,
1030738463363170,100064197037125,"PC Merchandise","𝐀𝐌𝟓 𝐁𝐮𝐢𝐥𝐝 𝐋𝐢𝐦𝐢𝐭𝐞𝐝 𝐒𝐚𝐥𝐞! 🚨
Experience next-gen performance with our latest builds. PM for pricelist!",,0,"08/13/2023 00:00",,https://www.facebook.com/pcmerchandise.co/posts/pfbid03Y22g6A1FKRiirtPfsa2rrzB7du870gDuDsVEeQoX7TYYfBhwX9yVWun,0,0,Photos,,,,,08/07/2023,,,0,0,0,0,0,0,,,,,
1030738463363170,100064197037125,"PC Merchandise","𝐀𝐌𝟓 𝐁𝐮𝐢𝐥𝐝 𝐋𝐢𝐦𝐢𝐭𝐞𝐝 𝐒𝐚𝐥𝐞! 🚨
Experience next-gen performance with our latest builds. PM for pricelist!",,0,"08/13/2023 00:00",,https://www.facebook.com/pcmerchandise.co/posts/pfbid03Y22g6A1FKRiirtPfsa2rrzB7du870gDuDsVEeQoX7TYYfBhwX9yVWun,0,0,Photos,,,,,08/08/2023,,,0,0,0,0,0,0,,,,,
1030738463363170,100064197037125,"PC Merchandise","𝐀𝐌𝟓 𝐁𝐮𝐢𝐥𝐝 𝐋𝐢𝐦𝐢𝐭𝐞𝐝 𝐒𝐚𝐥𝐞! 🚨
Experience next-gen performance with our latest builds. PM for pricelist!",,0,"08/13/2023 00:00",,https://www.facebook.com/pcmerchandise.co/posts/pfbid03Y22g6A1FKRiirtPfsa2rrzB7du870gDuDsVEeQoX7TYYfBhwX9yVWun,0,0,Photos,,,,,08/09/2023,,,0,0,0,0,0,0,,,,,
1030738463363170,100064197037125,"PC Merchandise","𝐀𝐌𝟓 𝐁𝐮𝐢𝐥𝐝 𝐋𝐢𝐦𝐢𝐭𝐞𝐝 𝐒𝐚𝐥𝐞! 🚨
Experience next-gen performance with our latest builds. PM for pricelist!",,0,"08/13/2023 00:00",,https://www.facebook.com/pcmerchandise.co/posts/pfbid03Y22g6A1FKRiirtPfsa2rrzB7du870gDuDsVEeQoX7TYYfBhwX9yVWun,0,0,Photos,,,,,08/10/2023,,,0,0,0,0,0,0,,,,,
1030738463363170,100064197037125,"PC Merchandise","𝐀𝐌𝟓 𝐁𝐮𝐢𝐥𝐝 𝐋𝐢𝐦𝐢𝐭𝐞𝐝 𝐒𝐚𝐥𝐞! 🚨
Experience next-gen performance with our latest builds. PM for pricelist!",,0,"08/13/2023 00:00",,https://www.facebook.com/pcmerchandise.co/posts/pfbid03Y22g6A1FKRiirtPfsa2rrzB7du870gDuDsVEeQoX7TYYfBhwX9yVWun,0,0,Photos,,,,,08/11/2023,,,0,0,0,0,0,0,,,,,
1030738463363170,100064197037125,"PC Merchandise","𝐀𝐌𝟓 𝐁𝐮𝐢𝐥𝐝 𝐋𝐢𝐦𝐢𝐭𝐞𝐝 𝐒𝐚𝐥𝐞! 🚨
Experience next-gen performance with our latest builds. PM for pricelist!",,0,"08/13/2023 00:00",,https://www.facebook.com/pcmerchandise.co/posts/pfbid03Y22g6A1FKRiirtPfsa2rrzB7du870gDuDsVEeQoX7TYYfBhwX9yVWun,0,0,Photos,,,,,08/12/2023,,,0,0,0,0,0,0,,,,,
1030738463363170,100064197037125,"PC Merchandise","𝐀𝐌𝟓 𝐁𝐮𝐢𝐥𝐝 𝐋𝐢𝐦𝐢𝐭𝐞𝐝 𝐒𝐚𝐥𝐞! 🚨
Experience next-gen performance with our latest builds. PM for pricelist!",,0,"08/13/2023 00:00",,https://www.facebook.com/pcmerchandise.co/posts/pfbid03Y22g6A1FKRiirtPfsa2rrzB7du870gDuDsVEeQoX7TYYfBhwX9yVWun,0,0,Photos,,,,,08/13/2023,,,0,0,0,0,0,0,,,,,
1030738463363170,100064197037125,"PC Merchandise","𝐀𝐌𝟓 𝐁𝐮𝐢𝐥𝐝 𝐋𝐢𝐦𝐢𝐭𝐞𝐝 𝐒𝐚𝐥𝐞! 🚨
Experience next-gen performance with our latest builds. PM for pricelist!",,0,"08/13/2023 00:00",,https://www.facebook.com/pcmerchandise.co/posts/pfbid03Y22g6A1FKRiirtPfsa2rrzB7du870gDuDsVEeQoX7TYYfBhwX9yVWun,0,0,Photos,,,,,08/14/2023,,,0,0,0,0,0,0,,,,,
1030738463363170,100064197037125,"PC Merchandise","𝐀𝐌𝟓 𝐁𝐮𝐢𝐥𝐝 𝐋𝐢𝐦𝐢𝐭𝐞𝐝 𝐒𝐚𝐥𝐞! 🚨
Experience next-gen performance with our latest builds. PM for pricelist!",,0,"08/13/2023 00:00",,https://www.facebook.com/pcmerchandise.co/posts/pfbid03Y22g6A1FKRiirtPfsa2rrzB7du870gDuDsVEeQoX7TYYfBhwX9yVWun,0,0,Photos,,,,,08/15/2023,,,0,0,0,0,0,0,,,,,
1030738463363170,100064197037125,"PC Merchandise","𝐀𝐌𝟓 𝐁𝐮𝐢𝐥𝐝 𝐋𝐢𝐦𝐢𝐭𝐞𝐝 𝐒𝐚𝐥𝐞! 🚨
Experience next-gen performance with our latest builds. PM for pricelist!",,0,"08/13/2023 00:00",,https://www.facebook.com/pcmerchandise.co/posts/pfbid03Y22g6A1FKRiirtPfsa2rrzB7du870gDuDsVEeQoX7TYYfBhwX9yVWun,0,0,Photos,,,,,08/16/2023,,,0,0,0,0,0,0,,,,,
1030738463363170,100064197037125,"PC Merchandise","𝐀𝐌𝟓 𝐁𝐮𝐢𝐥𝐝 𝐋𝐢𝐦𝐢𝐭𝐞𝐝 𝐒𝐚𝐥𝐞! 🚨
Experience next-gen performance with our latest builds. PM for pricelist!",,0,"08/13/2023 00:00",,https://www.facebook.com/pcmerchandise.co/posts/pfbid03Y22g6A1FKRiirtPfsa2rrzB7du870gDuDsVEeQoX7TYYfBhwX9yVWun,0,0,Photos,,,,,08/17/2023,,,0,0,0,0,0,0,,,,,
1030738463363170,100064197037125,"PC Merchandise","𝐀𝐌𝟓 𝐁𝐮𝐢𝐥𝐝 𝐋𝐢𝐦𝐢𝐭𝐞𝐝 𝐒𝐚𝐥𝐞! 🚨
Experience next-gen performance with our latest builds. PM for pricelist!",,0,"08/13/2023 00:00",,https://www.facebook.com/pcmerchandise.co/posts/pfbid03Y22g6A1FKRiirtPfsa2rrzB7du870gDuDsVEeQoX7TYYfBhwX9yVWun,0,0,Photos,,,,,08/18/2023,,,0,0,0,0,0,0,,,,,
1030738463363170,100064197037125,"PC Merchandise","𝐀𝐌𝟓 𝐁𝐮𝐢𝐥𝐝 𝐋𝐢𝐦𝐢𝐭𝐞𝐝 𝐒𝐚𝐥𝐞! 🚨
Experience next-gen performance with our latest builds. PM for pricelist!",,0,"08/13/2023 00:00",,https://www.facebook.com/pcmerchandise.co/posts/pfbid03Y22g6A1FKRiirtPfsa2rrzB7du870gDuDsVEeQoX7TYYfBhwX9yVWun,0,0,Photos,,,,,08/19/2023,,,0,0,0,0,0,0,,,,,
1030738463363170,100064197037125,"PC Merchandise","𝐀𝐌𝟓 𝐁𝐮𝐢𝐥𝐝 𝐋𝐢𝐦𝐢𝐭𝐞𝐝 𝐒𝐚𝐥𝐞! 🚨
Experience next-gen performance with our latest builds. PM for pricelist!",,0,"08/13/2023 00:00",,https://www.facebook.com/pcmerchandise.co/posts/pfbid03Y22g6A1FKRiirtPfsa2rrzB7du870gDuDsVEeQoX7TYYfBhwX9yVWun,0,0,Photos,,,,,08/20/2023,,,0,0,0,0,0,0,,,,,
1030738463363170,100064197037125,"PC Merchandise","𝐀𝐌𝟓 𝐁𝐮𝐢𝐥𝐝 𝐋𝐢𝐦𝐢𝐭𝐞𝐝 𝐒𝐚𝐥𝐞! 🚨
Experience next-gen performance with our latest builds. PM for pricelist!",,0,"08/13/2023 00:00",,https://www.facebook.com/pcmerchandise.co/posts/pfbid03Y22g6A1FKRiirtPfsa2rrzB7du870gDuDsVEeQoX7TYYfBhwX9yVWun,0,0,Photos,,,,,08/21/2023,,,0,0,0,0,0,0,,,,,
1030738463363170,100064197037125,"PC Merchandise","𝐀𝐌𝟓 𝐁𝐮𝐢𝐥𝐝 𝐋𝐢𝐦𝐢𝐭𝐞𝐝 𝐒𝐚𝐥𝐞! 🚨
Experience next-gen performance with our latest builds. PM for pricelist!",,0,"08/13/2023 00:00",,https://www.facebook.com/pcmerchandise.co/posts/pfbid03Y22g6A1FKRiirtPfsa2rrzB7du870gDuDsVEeQoX7TYYfBhwX9yVWun,0,0,Photos,,,,,08/22/2023,,,0,0,0,0,0,0,,,,,
1030738463363170,100064197037125,"PC Merchandise","𝐀𝐌𝟓 𝐁𝐮𝐢𝐥𝐝 𝐋𝐢𝐦𝐢𝐭𝐞𝐝 𝐒𝐚𝐥𝐞! 🚨
Experience next-gen performance with our latest builds. PM for pricelist!",,0,"08/13/2023 00:00",,https://www.facebook.com/pcmerchandise.co/posts/pfbid03Y22g6A1FKRiirtPfsa2rrzB7du870gDuDsVEeQoX7TYYfBhwX9yVWun,0,0,Photos,,,,,08/23/2023,,,0,0,0,0,0,0,,,,,
1030738463363170,100064197037125,"PC Merchandise","𝐀𝐌𝟓 𝐁𝐮𝐢𝐥𝐝 𝐋𝐢𝐦𝐢𝐭𝐞𝐝 𝐒𝐚𝐥𝐞! 🚨
Experience next-gen performance with our latest builds. PM for pricelist!",,0,"08/13/2023 00:00",,https://www.facebook.com/pcmerchandise.co/posts/pfbid03Y22g6A1FKRiirtPfsa2rrzB7du870gDuDsVEeQoX7TYYfBhwX9yVWun,0,0,Photos,,,,,08/24/2023,,,0,0,0,0,0,0,,,,,
1030738463363170,100064197037125,"PC Merchandise","𝐀𝐌𝟓 𝐁𝐮𝐢𝐥𝐝 𝐋𝐢𝐦𝐢𝐭𝐞𝐝 𝐒𝐚𝐥𝐞! 🚨
Experience next-gen performance with our latest builds. PM for pricelist!",,0,"08/13/2023 00:00",,https://www.facebook.com/pcmerchandise.co/posts/pfbid03Y22g6A1FKRiirtPfsa2rrzB7du870gDuDsVEeQoX7TYYfBhwX9yVWun,0,0,Photos,,,,,08/25/2023,,,0,0,0,0,0,0,,,,,
1030738463363170,100064197037125,"PC Merchandise","𝐀𝐌𝟓 𝐁𝐮𝐢𝐥𝐝 𝐋𝐢𝐦𝐢𝐭𝐞𝐝 𝐒𝐚𝐥𝐞! 🚨
Experience next-gen performance with our latest builds. PM for pricelist!",,0,"08/13/2023 00:00",,https://www.facebook.com/pcmerchandise.co/posts/pfbid03Y22g6A1FKRiirtPfsa2rrzB7du870gDuDsVEeQoX7TYYfBhwX9yVWun,0,0,Photos,,,,,08/26/2023,,,0,0,0,0,0,0,,,,,
1030738463363170,100064197037125,"PC Merchandise","𝐀𝐌𝟓 𝐁𝐮𝐢𝐥𝐝 𝐋𝐢𝐦𝐢𝐭𝐞𝐝 𝐒𝐚𝐥𝐞! 🚨
Experience next-gen performance with our latest builds. PM for pricelist!",,0,"08/13/2023 00:00",,https://www.facebook.com/pcmerchandise.co/posts/pfbid03Y22g6A1FKRiirtPfsa2rrzB7du870gDuDsVEeQoX7TYYfBhwX9yVWun,0,0,Photos,,,,,08/27/2023,,,0,0,0,0,0,0,,,,,
1030738463363170,100064197037125,"PC Merchandise","𝐀𝐌𝟓 𝐁𝐮𝐢𝐥𝐝 𝐋𝐢𝐦𝐢𝐭𝐞𝐝 𝐒𝐚𝐥𝐞! 🚨
Experience next-gen performance with our latest builds. PM for pricelist!",,0,"08/13/2023 00:00",,https://www.facebook.com/pcmerchandise.co/posts/pfbid03Y22g6A1FKRiirtPfsa2rrzB7du870gDuDsVEeQoX7TYYfBhwX9yVWun,0,0,Photos,,,,,08/28/2023,,,0,0,0,0,0,0,,,,,
1030738463363170,100064197037125,"PC Merchandise","𝐀𝐌𝟓 𝐁𝐮𝐢𝐥𝐝 𝐋𝐢𝐦𝐢𝐭𝐞𝐝 𝐒𝐚𝐥𝐞! 🚨
Experience next-gen performance with our latest builds. PM for pricelist!",,0,"08/13/2023 00:00",,https://www.facebook.com/pcmerchandise.co/posts/pfbid03Y22g6A1FKRiirtPfsa2rrzB7du870gDuDsVEeQoX7TYYfBhwX9yVWun,0,0,Photos,,,,,08/29/2023,,,0,0,0,0,0,0,,,,,
1030738463363170,100064197037125,"PC Merchandise","𝐀𝐌𝟓 𝐁𝐮𝐢𝐥𝐝 𝐋𝐢𝐦𝐢𝐭𝐞𝐝 𝐒𝐚𝐥𝐞! 🚨
Experience next-gen performance with our latest builds. PM for pricelist!",,0,"08/13/2023 00:00",,https://www.facebook.com/pcmerchandise.co/posts/pfbid03Y22g6A1FKRiirtPfsa2rrzB7du870gDuDsVEeQoX7TYYfBhwX9yVWun,0,0,Photos,,,,,08/30/2023,,,0,0,0,0,0,0,,,,,
1030738463363170,100064197037125,"PC Merchandise","𝐀𝐌𝟓 𝐁𝐮𝐢𝐥𝐝 𝐋𝐢𝐦𝐢𝐭𝐞𝐝 𝐒𝐚𝐥𝐞! 🚨
Experience next-gen performance with our latest builds. PM for pricelist!",,0,"08/13/2023 00:00",,https://www.facebook.com/pcmerchandise.co/posts/pfbid03Y22g6A1FKRiirtPfsa2rrzB7du870gDuDsVEeQoX7TYYfBhwX9yVWun,0,0,Photos,,,,,08/31/2023,,,0,0,0,0,0,0,,,,,
1031228462320805,100064197037125,"PC Merchandise","ito na po yung ghost project🥲",,29,"08/12/2023 19:30",mixed,https://www.facebook.com/reel/1474368720705705/,0,0,Reels,,,,,08/01/2023,0,,,,,,0,0,0,0,0,0.000,7.639
1031228462320805,100064197037125,"PC Merchandise","ito na po yung ghost project🥲",,29,"08/12/2023 19:30",mixed,https://www.facebook.com/reel/1474368720705705/,0,0,Reels,,,,,08/02/2023,0,,,,,,0,0,0,0,0,0.000,7.961
1031228462320805,100064197037125,"PC Merchandise","ito na po yung ghost project🥲",,29,"08/12/2023 19:30",mixed,https://www.facebook.com/reel/1474368720705705/,0,0,Reels,,,,,08/03/2023,0,,,,,,0,0,0,0,0,0.000,7.337
1031228462320805,100064197037125,"PC Merchandise","ito na po yung ghost project🥲",,29,"08/12/2023 19:30",mixed,https://www.facebook.com/reel/1474368720705705/,0,0,Reels,,,,,08/04/2023,0,,,,,,0,0,0,0,0,0.000,8.461
1031228462320805,100064197037125,"PC Merchandise","ito na po yung ghost project🥲",,29,"08/12/2023 19:30",mixed,https://www.facebook.com/reel/1474368720705705/,0,0,Reels,,,,,08/05/2023,0,,,,,,0,0,0,0,0,0.000,6.245
1031228462320805,100064197037125,"PC Merchandise","ito na po yung ghost project🥲",,29,"08/12/2023 19:30",mixed,https://www.facebook.com/reel/1474368720705705/,0,0,Reels,,,,,08/06/2023,0,,,,,,0,0,0,0,0,0.000,7.651
1031228462320805,100064197037125,"PC Merchandise","ito na po yung ghost project🥲",,29,"08/12/2023 19:30",mixed,https://www.facebook.com/reel/1474368720705705/,0,0,Reels,,,,,08/07/2023,0,,,,,,0,0,0,0,0,0.000,5.744
1031228462320805,100064197037125,"PC Merchandise","ito na po yung ghost project🥲",,29,"08/12/2023 19:30",mixed,https://www.facebook.com/reel/1474368720705705/,0,0,Reels,,,,,08/08/2023,0,,,,,,0,0,0,0,0,0.000,8.790
1031228462320805,100064197037125,"PC Merchandise","ito na po yung ghost project🥲",,29,"08/12/2023 19:30",mixed,https://www.facebook.com/reel/1474368720705705/,0,0,Reels,,,,,08/09/2023,0,,,,,,0,0,0,0,0,0.000,7.178
1031228462320805,100064197037125,"PC Merchandise","ito na po yung ghost project🥲",,29,"08/12/2023 19:30",mixed,https://www.facebook.com/reel/1474368720705705/,0,0,Reels,,,,,08/10/2023,0,,,,,,0,0,0,0,0,0.000,7.337
1031228462320805,100064197037125,"PC Merchandise","ito na po yung ghost project🥲",,29,"08/12/2023 19:30",mixed,https://www.facebook.com/reel/1474368720705705/,0,0,Reels,,,,,08/11/2023,0,,,,,,0,0,0,0,0,0.000,7.703
1031228462320805,100064197037125,"PC Merchandise","ito na po yung ghost project🥲",,29,"08/12/2023 19:30",mixed,https://www.facebook.com/reel/1474368720705705/,0,0,Reels,,,,,08/12/2023,0,,,,,,67,0,0,0,0,685.760,6.949
1031228462320805,100064197037125,"PC Merchandise","ito na po yung ghost project🥲",,29,"08/12/2023 19:30",mixed,https://www.facebook.com/reel/1474368720705705/,0,0,Reels,,,,,08/13/2023,0,,,,,,71,0,0,0,0,584.639,5.494
1031228462320805,100064197037125,"PC Merchandise","ito na po yung ghost project🥲",,29,"08/12/2023 19:30",mixed,https://www.facebook.com/reel/1474368720705705/,0,0,Reels,,,,,08/14/2023,0,,,,,,65,0,0,0,0,305.792,6.047
1031228462320805,100064197037125,"PC Merchandise","ito na po yung ghost project🥲",,29,"08/12/2023 19:30",mixed,https://www.facebook.com/reel/1474368720705705/,0,0,Reels,,,,,08/15/2023,0,,,,,,66,0,0,0,0,252.973,6.589
1031228462320805,100064197037125,"PC Merchandise","ito na po yung ghost project🥲",,29,"08/12/2023 19:30",mixed,https://www.facebook.com/reel/1474368720705705/,0,0,Reels,,,,,08/16/2023,0,,,,,,74,0,0,0,0,88.979,8.599
1031228462320805,100064197037125,"PC Merchandise","ito na po yung ghost project🥲",,29,"08/12/2023 19:30",mixed,https://www.facebook.com/reel/1474368720705705/,0,0,Reels,,,,,08/17/2023,0,,,,,,0,0,0,0,0,97.253,7.417
1031228462320805,100064197037125,"PC Merchandise","ito na po yung ghost project🥲",,29,"08/12/2023 19:30",mixed,https://www.facebook.com/reel/1474368720705705/,0,0,Reels,,,,,08/18/2023,0,,,,,,0,0,0,0,0,59.874,6.259
1031228462320805,100064197037125,"PC Merchandise","ito na po yung ghost project🥲",,29,"08/12/2023 19:30",mixed,https://www.facebook.com/reel/1474368720705705/,0,0,Reels,,,,,08/19/2023,0,,,,,,0,0,0,0,0,96.367,7.037
1031228462320805,100064197037125,"PC Merchandise","ito na po yung ghost project🥲",,29,"08/12/2023 19:30",mixed,https://www.facebook.com/reel/1474368720705705/,0,0,Reels,,,,,08/20/2023,0,,,,,,0,0,0,0,0,82.475,8.297
1031228462320805,100064197037125,"PC Merchandise","ito na po yung ghost project🥲",,29,"08/12/2023 19:30",mixed,https://www.facebook.com/reel/1474368720705705/,0,0,Reels,,,,,08/21/2023,0,,,,,,0,0,0,0,0,70.787,7.417
1031228462320805,100064197037125,"PC Merchandise","ito na po yung ghost project🥲",,29,"08/12/2023 19:30",mixed,https://www.facebook.com/reel/1474368720705705/,0,0,Reels,,,,,08/22/2023,0,,,,,,0,0,0,0,0,55.174,7.865
1031228462320805,100064197037125,"PC Merchandise","ito na po yung ghost project🥲",,29,"08/12/2023 19:30",mixed,https://www.facebook.com/reel/1474368720705705/,0,0,Reels,,,,,08/23/2023,0,,,,,,0,0,0,0,0,45.860,7.704
1031228462320805,100064197037125,"PC Merchandise","ito na po yung ghost project🥲",,29,"08/12/2023 19:30",mixed,https://www.facebook.com/reel/1474368720705705/,0,0,Reels,,,,,08/24/2023,0,,,,,,0,0,0,0,0,31.493,7.264
1031228462320805,100064197037125,"PC Merchandise","ito na po yung ghost project🥲",,29,"08/12/2023 19:30",mixed,https://www.facebook.com/reel/1474368720705705/,0,0,Reels,,,,,08/25/2023,0,,,,,,0,0,0,0,0,39.695,7.018
1031228462320805,100064197037125,"PC Merchandise","ito na po yung ghost project🥲",,29,"08/12/2023 19:30",mixed,https://www.facebook.com/reel/1474368720705705/,0,0,Reels,,,,,08/26/2023,0,,,,,,0,0,0,0,0,15.212,6.372
1031228462320805,100064197037125,"PC Merchandise","ito na po yung ghost project🥲",,29,"08/12/2023 19:30",mixed,https://www.facebook.com/reel/1474368720705705/,0,0,Reels,,,,,08/27/2023,0,,,,,,0,0,0,0,0,24.401,7.354
1031228462320805,100064197037125,"PC Merchandise","ito na po yung ghost project🥲",,29,"08/12/2023 19:30",mixed,https://www.facebook.com/reel/1474368720705705/,0,0,Reels,,,,,08/28/2023,0,,,,,,0,0,0,0,0,14.832,7.574
1031228462320805,100064197037125,"PC Merchandise","ito na po yung ghost project🥲",,29,"08/12/2023 19:30",mixed,https://www.facebook.com/reel/1474368720705705/,0,0,Reels,,,,,08/29/2023,0,,,,,,0,0,0,0,0,39.441,8.140
1031228462320805,100064197037125,"PC Merchandise","ito na po yung ghost project🥲",,29,"08/12/2023 19:30",mixed,https://www.facebook.com/reel/1474368720705705/,0,0,Reels,,,,,08/30/2023,0,,,,,,0,0,0,0,0,36.441,7.804
1031228462320805,100064197037125,"PC Merchandise","ito na po yung ghost project🥲",,29,"08/12/2023 19:30",mixed,https://www.facebook.com/reel/1474368720705705/,0,0,Reels,,,,,08/31/2023,0,,,,,,0,0,0,0,0,8.306,8.988
1030959162714483,100064197037125,"PC Merchandise","𝐒𝐎𝐋𝐃 𝐑𝐘𝐙𝐄𝐍 𝟓 𝟑𝟒𝟎𝟎𝐆 (6PCS)
𝐂𝐎𝐌𝐒𝐇𝐎𝐏 𝐃𝐈𝐒𝐊𝐋𝐄𝐒𝐒 𝐏𝐀𝐂𝐊𝐀𝐆𝐄
#PCMERCHANDISE #PCMBUILDS",,78,"08/11/2023 20:15",uploaded,https://www.facebook.com/reel/1454976365833311/,1,0,Reels,,,,,08/01/2023,0,,,,,,0,0,0,0,0,0.000,2.381
1030959162714483,100064197037125,"PC Merchandise","𝐒𝐎𝐋𝐃 𝐑𝐘𝐙𝐄𝐍 𝟓 𝟑𝟒𝟎𝟎𝐆 (6PCS)
𝐂𝐎𝐌𝐒𝐇𝐎𝐏 𝐃𝐈𝐒𝐊𝐋𝐄𝐒𝐒 𝐏𝐀𝐂𝐊𝐀𝐆𝐄
#PCMERCHANDISE #PCMBUILDS",,78,"08/11/2023 20:15",uploaded,https://www.facebook.com/reel/1454976365833311/,1,0,Reels,,,,,08/02/2023,0,,,,,,0,0,0,0,0,0.000,2.582
1030959162714483,100064197037125,"PC Merchandise","𝐒𝐎𝐋𝐃 𝐑𝐘𝐙𝐄𝐍 𝟓 𝟑𝟒𝟎𝟎𝐆 (6PCS)
𝐂𝐎𝐌𝐒𝐇𝐎𝐏 𝐃𝐈𝐒𝐊𝐋𝐄𝐒𝐒 𝐏𝐀𝐂𝐊𝐀𝐆𝐄
#PCMERCHANDISE #PCMBUILDS",,78,"08/11/2023 20:15",uploaded,https://www.facebook.com/reel/1454976365833311/,1,0,Reels,,,,,08/03/2023,0,,,,,,0,0,0,0,0,0.000,1.500
1030959162714483,100064197037125,"PC Merchandise","𝐒𝐎𝐋𝐃 𝐑𝐘𝐙𝐄𝐍 𝟓 𝟑𝟒𝟎𝟎𝐆 (6PCS)
𝐂𝐎𝐌𝐒𝐇𝐎𝐏 𝐃𝐈𝐒𝐊𝐋𝐄𝐒𝐒 𝐏𝐀𝐂𝐊𝐀𝐆𝐄
#PCMERCHANDISE #PCMBUILDS",,78,"08/11/2023 20:15",uploaded,https://www.facebook.com/reel/1454976365833311/,1,0,Reels,,,,,08/04/2023,0,,,,,,0,0,0,0,0,0.000,1.806
1030959162714483,100064197037125,"PC Merchandise","𝐒𝐎𝐋𝐃 𝐑𝐘𝐙𝐄𝐍 𝟓 𝟑𝟒𝟎𝟎𝐆 (6PCS)
𝐂𝐎𝐌𝐒𝐇𝐎𝐏 𝐃𝐈𝐒𝐊𝐋𝐄𝐒𝐒 𝐏𝐀𝐂𝐊𝐀𝐆𝐄
#PCMERCHANDISE #PCMBUILDS",,78,"08/11/2023 20:15",uploaded,https://www.facebook.com/reel/1454976365833311/,1,0,Reels,,,,,08/05/2023,0,,,,,,0,0,0,0,0,0.000,2.969
1030959162714483,100064197037125,"PC Merchandise","𝐒𝐎𝐋𝐃 𝐑𝐘𝐙𝐄𝐍 𝟓 𝟑𝟒𝟎𝟎𝐆 (6PCS)
𝐂𝐎𝐌𝐒𝐇𝐎𝐏 𝐃𝐈𝐒𝐊𝐋𝐄𝐒𝐒 𝐏𝐀𝐂𝐊𝐀𝐆𝐄
#PCMERCHANDISE #PCMBUILDS",,78,"08/11/2023 20:15",uploaded,https://www.facebook.com/reel/1454976365833311/,1,0,Reels,,,,,08/06/2023,0,,,,,,0,0,0,0,0,0.000,2.636
1030959162714483,100064197037125,"PC Merchandise","𝐒𝐎𝐋𝐃 𝐑𝐘𝐙𝐄𝐍 𝟓 𝟑𝟒𝟎𝟎𝐆 (6PCS)
𝐂𝐎𝐌𝐒𝐇𝐎𝐏 𝐃𝐈𝐒𝐊𝐋𝐄𝐒𝐒 𝐏𝐀𝐂𝐊𝐀𝐆𝐄
#PCMERCHANDISE #PCMBUILDS",,78,"08/11/2023 20:15",uploaded,https://www.facebook.com/reel/1454976365833311/,1,0,Reels,,,,,08/07/2023,0,,,,,,0,0,0,0,0,0.000,1.513
1030959162714483,100064197037125,"PC Merchandise","𝐒𝐎𝐋𝐃 𝐑𝐘𝐙𝐄𝐍 𝟓 𝟑𝟒𝟎𝟎𝐆 (6PCS)
𝐂𝐎𝐌𝐒𝐇𝐎𝐏 𝐃𝐈𝐒𝐊𝐋𝐄𝐒𝐒 𝐏𝐀𝐂𝐊𝐀𝐆𝐄
#PCMERCHANDISE #PCMBUILDS",,78,"08/11/2023 20:15",uploaded,https://www.facebook.com/reel/1454976365833311/,1,0,Reels,,,,,08/08/2023,0,,,,,,0,0,0,0,0,0.000,2.053
1030959162714483,100064197037125,"PC Merchandise","𝐒𝐎𝐋𝐃 𝐑𝐘𝐙𝐄𝐍 𝟓 𝟑𝟒𝟎𝟎𝐆 (6PCS)
𝐂𝐎𝐌𝐒𝐇𝐎𝐏 𝐃𝐈𝐒𝐊𝐋𝐄𝐒𝐒 𝐏𝐀𝐂𝐊𝐀𝐆𝐄
#PCMERCHANDISE #PCMBUILDS",,78,"08/11/2023 20:15",uploaded,https://www.facebook.com/reel/1454976365833311/,1,0,Reels,,,,,08/09/2023,0,,,,,,0,0,0,0,0,0.000,4.168
1030959162714483,100064197037125,"PC Merchandise","𝐒𝐎𝐋𝐃 𝐑𝐘𝐙𝐄𝐍 𝟓 𝟑𝟒𝟎𝟎𝐆 (6PCS)
𝐂𝐎𝐌𝐒𝐇𝐎𝐏 𝐃𝐈𝐒𝐊𝐋𝐄𝐒𝐒 𝐏𝐀𝐂𝐊𝐀𝐆𝐄
#PCMERCHANDISE #PCMBUILDS",,78,"08/11/2023 20:15",uploaded,https://www.facebook.com/reel/1454976365833311/,1,0,Reels,,,,,08/10/2023,0,,,,,,0,0,0,0,0,0.000,3.530
1030959162714483,100064197037125,"PC Merchandise","𝐒𝐎𝐋𝐃 𝐑𝐘𝐙𝐄𝐍 𝟓 𝟑𝟒𝟎𝟎𝐆 (6PCS)
𝐂𝐎𝐌𝐒𝐇𝐎𝐏 𝐃𝐈𝐒𝐊𝐋𝐄𝐒𝐒 𝐏𝐀𝐂𝐊𝐀𝐆𝐄
#PCMERCHANDISE #PCMBUILDS",,78,"08/11/2023 20:15",uploaded,https://www.facebook.com/reel/1454976365833311/,1,0,Reels,,,,,08/11/2023,0,,,,,,56,0,4,4,0,713.865,1.991
1030959162714483,100064197037125,"PC Merchandise","𝐒𝐎𝐋𝐃 𝐑𝐘𝐙𝐄𝐍 𝟓 𝟑𝟒𝟎𝟎𝐆 (6PCS)
𝐂𝐎𝐌𝐒𝐇𝐎𝐏 𝐃𝐈𝐒𝐊𝐋𝐄𝐒𝐒 𝐏𝐀𝐂𝐊𝐀𝐆𝐄
#PCMERCHANDISE #PCMBUILDS",,78,"08/11/2023 20:15",uploaded,https://www.facebook.com/reel/1454976365833311/,1,0,Reels,,,,,08/12/2023,0,,,,,,66,0,3,3,0,599.969,1.807
1030959162714483,100064197037125,"PC Merchandise","𝐒𝐎𝐋𝐃 𝐑𝐘𝐙𝐄𝐍 𝟓 𝟑𝟒𝟎𝟎𝐆 (6PCS)
𝐂𝐎𝐌𝐒𝐇𝐎𝐏 𝐃𝐈𝐒𝐊𝐋𝐄𝐒𝐒 𝐏𝐀𝐂𝐊𝐀𝐆𝐄
#PCMERCHANDISE #PCMBUILDS",,78,"08/11/2023 20:15",uploaded,https://www.facebook.com/reel/1454976365833311/,1,0,Reels,,,,,08/13/2023,0,,,,,,73,0,1,1,0,393.288,1.500
1030959162714483,100064197037125,"PC Merchandise","𝐒𝐎𝐋𝐃 𝐑𝐘𝐙𝐄𝐍 𝟓 𝟑𝟒𝟎𝟎𝐆 (6PCS)
𝐂𝐎𝐌𝐒𝐇𝐎𝐏 𝐃𝐈𝐒𝐊𝐋𝐄𝐒𝐒 𝐏𝐀𝐂𝐊𝐀𝐆𝐄
#PCMERCHANDISE #PCMBUILDS",,78,"08/11/2023 20:15",uploaded,https://www.facebook.com/reel/1454976365833311/,1,0,Reels,,,,,08/14/2023,0,,,,,,65,0,0,0,0,227.054,1.538
1030959162714483,100064197037125,"PC Merchandise","𝐒𝐎𝐋𝐃 𝐑𝐘𝐙𝐄𝐍 𝟓 𝟑𝟒𝟎𝟎𝐆 (6PCS)
𝐂𝐎𝐌𝐒𝐇𝐎𝐏 𝐃𝐈𝐒𝐊𝐋𝐄𝐒𝐒 𝐏𝐀𝐂𝐊𝐀𝐆𝐄
#PCMERCHANDISE #PCMBUILDS",,78,"08/11/2023 20:15",uploaded,https://www.facebook.com/reel/1454976365833311/,1,0,Reels,,,,,08/15/2023,0,,,,,,78,0,1,1,0,276.992,1.634
1030959162714483,100064197037125,"PC Merchandise","𝐒𝐎𝐋𝐃 𝐑𝐘𝐙𝐄𝐍 𝟓 𝟑𝟒𝟎𝟎𝐆 (6PCS)
𝐂𝐎𝐌𝐒𝐇𝐎𝐏 𝐃𝐈𝐒𝐊𝐋𝐄𝐒𝐒 𝐏𝐀𝐂𝐊𝐀𝐆𝐄
#PCMERCHANDISE #PCMBUILDS",,78,"08/11/2023 20:15",uploaded,https://www.facebook.com/reel/1454976365833311/,1,0,Reels,,,,,08/16/2023,0,,,,,,67,0,0,0,0,282.192,2.240
1030959162714483,100064197037125,"PC Merchandise","𝐒𝐎𝐋𝐃 𝐑𝐘𝐙𝐄𝐍 𝟓 𝟑𝟒𝟎𝟎𝐆 (6PCS)
𝐂𝐎𝐌𝐒𝐇𝐎𝐏 𝐃𝐈𝐒𝐊𝐋𝐄𝐒𝐒 𝐏𝐀𝐂𝐊𝐀𝐆𝐄
#PCMERCHANDISE #PCMBUILDS",,78,"08/11/2023 20:15",uploaded,https://www.facebook.com/reel/1454976365833311/,1,0,Reels,,,,,08/17/2023,0,,,,,,71,0,0,0,0,238.985,2.308
1030959162714483,100064197037125,"PC Merchandise","𝐒𝐎𝐋𝐃 𝐑𝐘𝐙𝐄𝐍 𝟓 𝟑𝟒𝟎𝟎𝐆 (6PCS)
𝐂𝐎𝐌𝐒𝐇𝐎𝐏 𝐃𝐈𝐒𝐊𝐋𝐄𝐒𝐒 𝐏𝐀𝐂𝐊𝐀𝐆𝐄
#PCMERCHANDISE #PCMBUILDS",,78,"08/11/2023 20:15",uploaded,https://www.facebook.com/reel/1454976365833311/,1,0,Reels,,,,,08/18/2023,0,,,,,,52,0,0,0,0,137.494,2.151
1030959162714483,100064197037125,"PC Merchandise","𝐒𝐎𝐋𝐃 𝐑𝐘𝐙𝐄𝐍 𝟓 𝟑𝟒𝟎𝟎𝐆 (6PCS)
𝐂𝐎𝐌𝐒𝐇𝐎𝐏 𝐃𝐈𝐒𝐊𝐋𝐄𝐒𝐒 𝐏𝐀𝐂𝐊𝐀𝐆𝐄
#PCMERCHANDISE #PCMBUILDS",,78,"08/11/2023 20:15",uploaded,https://www.facebook.com/reel/1454976365833311/,1,0,Reels,,,,,08/19/2023,0,,,,,,68,0,0,0,0,168.915,1.500
1030959162714483,100064197037125,"PC Merchandise","𝐒𝐎𝐋𝐃 𝐑𝐘𝐙𝐄𝐍 𝟓 𝟑𝟒𝟎𝟎𝐆 (6PCS)
𝐂𝐎𝐌𝐒𝐇𝐎𝐏 𝐃𝐈𝐒𝐊𝐋𝐄𝐒𝐒 𝐏𝐀𝐂𝐊𝐀𝐆𝐄
#PCMERCHANDISE #PCMBUILDS",,78,"08/11/2023 20:15",uploaded,https://www.facebook.com/reel/1454976365833311/,1,0,Reels,,,,,08/20/2023,0,,,,,,93,0,0,0,0,30.530,2.289
1030959162714483,100064197037125,"PC Merchandise","𝐒𝐎𝐋𝐃 𝐑𝐘𝐙𝐄𝐍 𝟓 𝟑𝟒𝟎𝟎𝐆 (6PCS)
𝐂𝐎𝐌𝐒𝐇𝐎𝐏 𝐃𝐈𝐒𝐊𝐋𝐄𝐒𝐒 𝐏𝐀𝐂𝐊𝐀𝐆𝐄
#PCMERCHANDISE #PCMBUILDS",,78,"08/11/2023 20:15",uploaded,https://www.facebook.com/reel/1454976365833311/,1,0,Reels,,,,,08/21/2023,0,,,,,,0,0,0,0,0,42.056,1.925
1030959162714483,100064197037125,"PC Merchandise","𝐒𝐎𝐋𝐃 𝐑𝐘𝐙𝐄𝐍 𝟓 𝟑𝟒𝟎𝟎𝐆 (6PCS)
𝐂𝐎𝐌𝐒𝐇𝐎𝐏 𝐃𝐈𝐒𝐊𝐋𝐄𝐒𝐒 𝐏𝐀𝐂𝐊𝐀𝐆𝐄
#PCMERCHANDISE #PCMBUILDS",,78,"08/11/2023 20:15",uploaded,https://www.facebook.com/reel/1454976365833311/,1,0,Reels,,,,,08/22/2023,0,,,,,,0,0,0,0,0,38.139,1.500
1030959162714483,100064197037125,"PC Merchandise","𝐒𝐎𝐋𝐃 𝐑𝐘𝐙𝐄𝐍 𝟓 𝟑𝟒𝟎𝟎𝐆 (6PCS)
𝐂𝐎𝐌𝐒𝐇𝐎𝐏 𝐃𝐈𝐒𝐊𝐋𝐄𝐒𝐒 𝐏𝐀𝐂𝐊𝐀𝐆𝐄
#PCMERCHANDISE #PCMBUILDS",,78,"08/11/2023 20:15",uploaded,https://www.facebook.com/reel/1454976365833311/,1,0,Reels,,,,,08/23/2023,0,,,,,,0,0,0,0,0,39.494,1.857
1030959162714483,100064197037125,"PC Merchandise","𝐒𝐎𝐋𝐃 𝐑𝐘𝐙𝐄𝐍 𝟓 𝟑𝟒𝟎𝟎𝐆 (6PCS)
𝐂𝐎𝐌𝐒𝐇𝐎𝐏 𝐃𝐈𝐒𝐊𝐋𝐄𝐒𝐒 𝐏𝐀𝐂𝐊𝐀𝐆𝐄
#PCMERCHANDISE #PCMBUILDS",,78,"08/11/2023 20:15",uploaded,https://www.facebook.com/reel/1454976365833311/,1,0,Reels,,,,,08/24/2023,0,,,,,,0,0,0,0,0,52.102,1.652
1030959162714483,100064197037125,"PC Merchandise","𝐒𝐎𝐋𝐃 𝐑𝐘𝐙𝐄𝐍 𝟓 𝟑𝟒𝟎𝟎𝐆 (6PCS)
𝐂𝐎𝐌𝐒𝐇𝐎𝐏 𝐃𝐈𝐒𝐊𝐋𝐄𝐒𝐒 𝐏𝐀𝐂𝐊𝐀𝐆𝐄
#PCMERCHANDISE #PCMBUILDS",,78,"08/11/2023 20:15",uploaded,https://www.facebook.com/reel/1454976365833311/,1,0,Reels,,,,,08/25/2023,0,,,,,,0,0,0,0,0,38.286,2.905
1030959162714483,100064197037125,"PC Merchandise","𝐒𝐎𝐋𝐃 𝐑𝐘𝐙𝐄𝐍 𝟓 𝟑𝟒𝟎𝟎𝐆 (6PCS)
𝐂𝐎𝐌𝐒𝐇𝐎𝐏 𝐃𝐈𝐒𝐊𝐋𝐄𝐒𝐒 𝐏𝐀𝐂𝐊𝐀𝐆𝐄
#PCMERCHANDISE #PCMBUILDS",,78,"08/11/2023 20:15",uploaded,https://www.facebook.com/reel/1454976365833311/,1,0,Reels,,,,,08/26/2023,0,,,,,,0,0,0,0,0,26.936,3.437
1030959162714483,100064197037125,"PC Merchandise","𝐒𝐎𝐋𝐃 𝐑𝐘𝐙𝐄𝐍 𝟓 𝟑𝟒𝟎𝟎𝐆 (6PCS)
𝐂𝐎𝐌𝐒𝐇𝐎𝐏 𝐃𝐈𝐒𝐊𝐋𝐄𝐒𝐒 𝐏𝐀𝐂𝐊𝐀𝐆𝐄
#PCMERCHANDISE #PCMBUILDS",,78,"08/11/2023 20:15",uploaded,https://www.facebook.com/reel/1454976365833311/,1,0,Reels,,,,,08/27/2023,0,,,,,,0,0,0,0,0,49.547,2.814
1030959162714483,100064197037125,"PC Merchandise","𝐒𝐎𝐋𝐃 𝐑𝐘𝐙𝐄𝐍 𝟓 𝟑𝟒𝟎𝟎𝐆 (6PCS)
𝐂𝐎𝐌𝐒𝐇𝐎𝐏 𝐃𝐈𝐒𝐊𝐋𝐄𝐒𝐒 𝐏𝐀𝐂𝐊𝐀𝐆𝐄
#PCMERCHANDISE #PCMBUILDS",,78,"08/11/2023 20:15",uploaded,https://www.facebook.com/reel/1454976365833311/,1,0,Reels,,,,,08/28/2023,0,,,,,,0,0,0,0,0,13.247,1.500
1030959162714483,100064197037125,"PC Merchandise","𝐒𝐎𝐋𝐃 𝐑𝐘𝐙𝐄𝐍 𝟓 𝟑𝟒𝟎𝟎𝐆 (6PCS)
𝐂𝐎𝐌𝐒𝐇𝐎𝐏 𝐃𝐈𝐒𝐊𝐋𝐄𝐒𝐒 𝐏𝐀𝐂𝐊𝐀𝐆𝐄
#PCMERCHANDISE #PCMBUILDS",,78,"08/11/2023 20:15",uploaded,https://www.facebook.com/reel/1454976365833311/,1,0,Reels,,,,,08/29/2023,0,,,,,,0,0,0,0,0,13.966,3.052
1030959162714483,100064197037125,"PC Merchandise","𝐒𝐎𝐋𝐃 𝐑𝐘𝐙𝐄𝐍 𝟓 𝟑𝟒𝟎𝟎𝐆 (6PCS)
𝐂𝐎𝐌𝐒𝐇𝐎𝐏 𝐃𝐈𝐒𝐊𝐋𝐄𝐒𝐒 𝐏𝐀𝐂𝐊𝐀𝐆𝐄
#PCMERCHANDISE #PCMBUILDS",,78,"08/11/2023 20:15",uploaded,https://www.facebook.com/reel/1454976365833311/,1,0,Reels,,,,,08/30/2023,0,,,,,,0,0,0,0,0,17.111,2.996
1030959162714483,100064197037125,"PC Merchandise","𝐒𝐎𝐋𝐃 𝐑𝐘𝐙𝐄𝐍 𝟓 𝟑𝟒𝟎𝟎𝐆 (6PCS)
𝐂𝐎𝐌𝐒𝐇𝐎𝐏 𝐃𝐈𝐒𝐊𝐋𝐄𝐒𝐒 𝐏𝐀𝐂𝐊𝐀𝐆𝐄
#PCMERCHANDISE #PCMBUILDS",,78,"08/11/2023 20:15",uploaded,https://www.facebook.com/reel/1454976365833311/,1,0,Reels,,,,,08/31/2023,0,,,,,,0,0,0,0,0,18.151,2.634
1030566797597338,100064197037125,"PC Merchandise","𝐢𝟑 𝟏𝟐𝟏𝟎𝟎𝐅 𝟔+𝟏
𝐂𝐎𝐌𝐒𝐇𝐎𝐏 𝐃𝐈𝐒𝐊𝐋𝐄𝐒𝐒 𝐏𝐀𝐂𝐊𝐀𝐆𝐄
#PCMERCHANDISE #PCMBUILDS",,0,"08/11/2023 19:01",,https://www.facebook.com/pcmerchandise.co/posts/pfbid0aFwUNo3ab2to6Osv3pmwQeUmLLYcjLQ3KBmm01TDEb0v27HlqRFCKPCn,0,0,Photos,,,,,08/31/2023,0,,,,,,,,,,,,
1030566797597338,100064197037125,"PC Merchandise","𝐢𝟑 𝟏𝟐𝟏𝟎𝟎𝐅 𝟔+𝟏
𝐂𝐎𝐌𝐒𝐇𝐎𝐏 𝐃𝐈𝐒𝐊𝐋𝐄𝐒𝐒 𝐏𝐀𝐂𝐊𝐀𝐆𝐄
#PCMERCHANDISE #PCMBUILDS",,0,"08/11/2023 19:01",,https://www.facebook.com/pcmerchandise.co/posts/pfbid0aFwUNo3ab2to6Osv3pmwQeUmLLYcjLQ3KBmm01TDEb0v27HlqRFCKPCn,0,0,Photos,,,,,08/01/2023,,,0,0,0,0,0,0,,,,,
1030566797597338,100064197037125,"PC Merchandise","𝐢𝟑 𝟏𝟐𝟏𝟎𝟎𝐅 𝟔+𝟏
𝐂𝐎𝐌𝐒𝐇𝐎𝐏 𝐃𝐈𝐒𝐊𝐋𝐄𝐒𝐒 𝐏𝐀𝐂𝐊𝐀𝐆𝐄
#PCMERCHANDISE #PCMBUILDS",,0,"08/11/2023 19:01",,https://www.facebook.com/pcmerchandise.co/posts/pfbid0aFwUNo3ab2to6Osv3pmwQeUmLLYcjLQ3KBmm01TDEb0v27HlqRFCKPCn,0,0,Photos,,,,,08/02/2023,,,0,0,0,0,0,0,,,,,
1030566797597338,100064197037125,"PC Merchandise","𝐢𝟑 𝟏𝟐𝟏𝟎𝟎𝐅 𝟔+𝟏
𝐂𝐎𝐌𝐒𝐇𝐎𝐏 𝐃𝐈𝐒𝐊𝐋𝐄𝐒𝐒 𝐏𝐀𝐂𝐊𝐀𝐆𝐄
#PCMERCHANDISE #PCMBUILDS",,0,"08/11/2023 19:01",,https://www.facebook.com/pcmerchandise.co/posts/pfbid0aFwUNo3ab2to6Osv3pmwQeUmLLYcjLQ3KBmm01TDEb0v27HlqRFCKPCn,0,0,Photos,,,,,08/03/2023,,,0,0,0,0,0,0,,,,,
1030566797597338,100064197037125,"PC Merchandise","𝐢𝟑 𝟏𝟐𝟏𝟎𝟎𝐅 𝟔+𝟏
𝐂𝐎𝐌𝐒𝐇𝐎𝐏 𝐃𝐈𝐒𝐊𝐋𝐄𝐒𝐒 𝐏𝐀𝐂𝐊𝐀𝐆𝐄
#PCMERCHANDISE #PCMBUILDS",,0,"08/11/2023 19:01",,https://www.facebook.com/pcmerchandise.co/posts/pfbid0aFwUNo3ab2to6Osv3pmwQeUmLLYcjLQ3KBmm01TDEb0v27HlqRFCKPCn,0,0,Photos,,,,,08/04/2023,,,0,0,0,0,0,0,,,,,
1030566797597338,100064197037125,"PC Merchandise","𝐢𝟑 𝟏𝟐𝟏𝟎𝟎𝐅 𝟔+𝟏
𝐂𝐎𝐌𝐒𝐇𝐎𝐏 𝐃𝐈𝐒𝐊𝐋𝐄𝐒𝐒 𝐏𝐀𝐂𝐊𝐀𝐆𝐄
#PCMERCHANDISE #PCMBUILDS",,0,"08/11/2023 19:01",,https://www.facebook.com/pcmerchandise.co/posts/pfbid0aFwUNo3ab2to6Osv3pmwQeUmLLYcjLQ3KBmm01TDEb0v27HlqRFCKPCn,0,0,Photos,,,,,08/05/2023,,,0,0,0,0,0,0,,,,,
1030566797597338,100064197037125,"PC Merchandise","𝐢𝟑 𝟏𝟐𝟏𝟎𝟎𝐅 𝟔+𝟏
𝐂𝐎𝐌𝐒𝐇𝐎𝐏 𝐃𝐈𝐒𝐊𝐋𝐄𝐒𝐒 𝐏𝐀𝐂𝐊𝐀𝐆𝐄
#PCMERCHANDISE #PCMBUILDS",,0,"08/11/2023 19:01",,https://www.facebook.com/pcmerchandise.co/posts/pfbid0aFwUNo3ab2to6Osv3pmwQeUmLLYcjLQ3KBmm01TDEb0v27HlqRFCKPCn,0,0,Photos,,,,,08/06/2023,,,0,0,0,0,0,0,,,,,
1030566797597338,100064197037125,"PC Merchandise","𝐢𝟑 𝟏𝟐𝟏𝟎𝟎𝐅 𝟔+𝟏
𝐂𝐎𝐌𝐒𝐇𝐎𝐏 𝐃𝐈𝐒𝐊𝐋𝐄𝐒𝐒 𝐏𝐀𝐂𝐊𝐀𝐆𝐄
#PCMERCHANDISE #PCMBUILDS",,0,"08/11/2023 19:01",,https://www.facebook.com/pcmerchandise.co/posts/pfbid0aFwUNo3ab2to6Osv3pmwQeUmLLYcjLQ3KBmm01TDEb0v27HlqRFCKPCn,0,0,Photos,,,,,08/07/2023,,,0,0,0,0,0,0,,,,,
1030566797597338,100064197037125,"PC Merchandise","𝐢𝟑 𝟏𝟐𝟏𝟎𝟎𝐅 𝟔+𝟏
𝐂𝐎𝐌𝐒𝐇𝐎𝐏 𝐃𝐈𝐒𝐊𝐋𝐄𝐒𝐒 𝐏𝐀𝐂𝐊𝐀𝐆𝐄
#PCMERCHANDISE #PCMBUILDS",,0,"08/11/2023 19:01",,https://www.facebook.com/pcmerchandise.co/posts/pfbid0aFwUNo3ab2to6Osv3pmwQeUmLLYcjLQ3KBmm01TDEb0v27HlqRFCKPCn,0,0,Photos,,,,,08/08/2023,,,0,0,0,0,0,0,,,,,
1030566797597338,100064197037125,"PC Merchandise","𝐢𝟑 𝟏𝟐𝟏𝟎𝟎𝐅 𝟔+𝟏
𝐂𝐎𝐌𝐒𝐇𝐎𝐏 𝐃𝐈𝐒𝐊𝐋𝐄𝐒𝐒 𝐏𝐀𝐂𝐊𝐀𝐆𝐄
#PCMERCHANDISE #PCMBUILDS",,0,"08/11/2023 19:01",,https://www.facebook.com/pcmerchandise.co/posts/pfbid0aFwUNo3ab2to6Osv3pmwQeUmLLYcjLQ3KBmm01TDEb0v27HlqRFCKPCn,0,0,Photos,,,,,08/09/2023,,,0,0,0,0,0,0,,,,,
1030566797597338,100064197037125,"PC Merchandise","𝐢𝟑 𝟏𝟐𝟏𝟎𝟎𝐅 𝟔+𝟏
𝐂𝐎𝐌𝐒𝐇𝐎𝐏 𝐃𝐈𝐒𝐊𝐋𝐄𝐒𝐒 𝐏𝐀𝐂𝐊𝐀𝐆𝐄
#PCMERCHANDISE #PCMBUILDS",,0,"08/11/2023 19:01",,https://www.facebook.com/pcmerchandise.co/posts/pfbid0aFwUNo3ab2to6Osv3pmwQeUmLLYcjLQ3KBmm01TDEb0v27HlqRFCKPCn,0,0,Photos,,,,,08/10/2023,,,0,0,0,0,0,0,,,,,
1030566797597338,100064197037125,"PC Merchandise","𝐢𝟑 𝟏𝟐𝟏𝟎𝟎𝐅 𝟔+𝟏
𝐂𝐎𝐌𝐒𝐇𝐎𝐏 𝐃𝐈𝐒𝐊𝐋𝐄𝐒𝐒 𝐏𝐀𝐂𝐊𝐀𝐆𝐄
#PCMERCHANDISE #PCMBUILDS",,0,"08/11/2023 19:01",,https://www.facebook.com/pcmerchandise.co/posts/pfbid0aFwUNo3ab2to6Osv3pmwQeUmLLYcjLQ3KBmm01TDEb0v27HlqRFCKPCn,0,0,Photos,,,,,08/11/2023,,,0,0,0,0,0,0,,,,,
1030566797597338,100064197037125,"PC Merchandise","𝐢𝟑 𝟏𝟐𝟏𝟎𝟎𝐅 𝟔+𝟏
𝐂𝐎𝐌𝐒𝐇𝐎𝐏 𝐃𝐈𝐒𝐊𝐋𝐄𝐒𝐒 𝐏𝐀𝐂𝐊𝐀𝐆𝐄
#PCMERCHANDISE #PCMBUILDS",,0,"08/11/2023 19:01",,https://www.facebook.com/pcmerchandise.co/posts/pfbid0aFwUNo3ab2to6Osv3pmwQeUmLLYcjLQ3KBmm01TDEb0v27HlqRFCKPCn,0,0,Photos,,,,,08/12/2023,,,0,0,0,0,0,0,,,,,
1030566797597338,100064197037125,"PC Merchandise","𝐢𝟑 𝟏𝟐𝟏𝟎𝟎𝐅 𝟔+𝟏
𝐂𝐎𝐌𝐒𝐇𝐎𝐏 𝐃𝐈𝐒𝐊𝐋𝐄𝐒𝐒 𝐏𝐀𝐂𝐊𝐀𝐆𝐄
#PCMERCHANDISE #PCMBUILDS",,0,"08/11/2023 19:01",,https://www.facebook.com/pcmerchandise.co/posts/pfbid0aFwUNo3ab2to6Osv3pmwQeUmLLYcjLQ3KBmm01TDEb0v27HlqRFCKPCn,0,0,Photos,,,,,08/13/2023,,,0,0,0,0,0,0,,,,,
1030566797597338,100064197037125,"PC Merchandise","𝐢𝟑 𝟏𝟐𝟏𝟎𝟎𝐅 𝟔+𝟏
𝐂𝐎𝐌𝐒𝐇𝐎𝐏 𝐃𝐈𝐒𝐊𝐋𝐄𝐒𝐒 𝐏𝐀𝐂𝐊𝐀𝐆𝐄
#PCMERCHANDISE #PCMBUILDS",,0,"08/11/2023 19:01",,https://www.facebook.com/pcmerchandise.co/posts/pfbid0aFwUNo3ab2to6Osv3pmwQeUmLLYcjLQ3KBmm01TDEb0v27HlqRFCKPCn,0,0,Photos,,,,,08/14/2023,,,0,0,0,0,0,0,,,,,
1030566797597338,100064197037125,"PC Merchandise","𝐢𝟑 𝟏𝟐𝟏𝟎𝟎𝐅 𝟔+𝟏
𝐂𝐎𝐌𝐒𝐇𝐎𝐏 𝐃𝐈𝐒𝐊𝐋𝐄𝐒𝐒 𝐏𝐀𝐂𝐊𝐀𝐆𝐄
#PCMERCHANDISE #PCMBUILDS",,0,"08/11/2023 19:01",,https://www.facebook.com/pcmerchandise.co/posts/pfbid0aFwUNo3ab2to6Osv3pmwQeUmLLYcjLQ3KBmm01TDEb0v27HlqRFCKPCn,0,0,Photos,,,,,08/15/2023,,,0,0,0,0,0,0,,,,,
1030566797597338,100064197037125,"PC Merchandise","𝐢𝟑 𝟏𝟐𝟏𝟎𝟎𝐅 𝟔+𝟏
𝐂𝐎𝐌𝐒𝐇𝐎𝐏 𝐃𝐈𝐒𝐊𝐋𝐄𝐒𝐒 𝐏𝐀𝐂𝐊𝐀𝐆𝐄
#PCMERCHANDISE #PCMBUILDS",,0,"08/11/2023 19:01",,https://www.facebook.com/pcmerchandise.co/posts/pfbid0aFwUNo3ab2to6Osv3pmwQeUmLLYcjLQ3KBmm01TDEb0v27HlqRFCKPCn,0,0,Photos,,,,,08/16/2023,,,0,0,0,0,0,0,,,,,
1030566797597338,100064197037125,"PC Merchandise","𝐢𝟑 𝟏𝟐𝟏𝟎𝟎𝐅 𝟔+𝟏
𝐂𝐎𝐌𝐒𝐇𝐎𝐏 𝐃𝐈𝐒𝐊𝐋𝐄𝐒𝐒 𝐏𝐀𝐂𝐊𝐀𝐆𝐄
#PCMERCHANDISE #PCMBUILDS",,0,"08/11/2023 19:01",,https://www.facebook.com/pcmerchandise.co/posts/pfbid0aFwUNo3ab2to6Osv3pmwQeUmLLYcjLQ3KBmm01TDEb0v27HlqRFCKPCn,0,0,Photos,,,,,08/17/2023,,,0,0,0,0,0,0,,,,,
1030566797597338,100064197037125,"PC Merchandise","𝐢𝟑 𝟏𝟐𝟏𝟎𝟎𝐅 𝟔+𝟏
𝐂𝐎𝐌𝐒𝐇𝐎𝐏 𝐃𝐈𝐒𝐊𝐋𝐄𝐒𝐒 𝐏𝐀𝐂𝐊𝐀𝐆𝐄
#PCMERCHANDISE #PCMBUILDS",,0,"08/11/2023 19:01",,https://www.facebook.com/pcmerchandise.co/posts/pfbid0aFwUNo3ab2to6Osv3pmwQeUmLLYcjLQ3KBmm01TDEb0v27HlqRFCKPCn,0,0,Photos,,,,,08/18/2023,,,0,0,0,0,0,0,,,,,
1030566797597338,100064197037125,"PC Merchandise","𝐢𝟑 𝟏𝟐𝟏𝟎𝟎𝐅 𝟔+𝟏
𝐂𝐎𝐌𝐒𝐇𝐎𝐏 𝐃𝐈𝐒𝐊𝐋𝐄𝐒𝐒 𝐏𝐀𝐂𝐊𝐀𝐆𝐄
#PCMERCHANDISE #PCMBUILDS",,0,"08/11/2023 19:01",,https://www.facebook.com/pcmerchandise.co/posts/pfbid0aFwUNo3ab2to6Osv3pmwQeUmLLYcjLQ3KBmm01TDEb0v27HlqRFCKPCn,0,0,Photos,,,,,08/19/2023,,,0,0,0,0,0,0,,,,,
1030566797597338,100064197037125,"PC Merchandise","𝐢𝟑 𝟏𝟐𝟏𝟎𝟎𝐅 𝟔+𝟏
𝐂𝐎𝐌𝐒𝐇𝐎𝐏 𝐃𝐈𝐒𝐊𝐋𝐄𝐒𝐒 𝐏𝐀𝐂𝐊𝐀𝐆𝐄
#PCMERCHANDISE #PCMBUILDS",,0,"08/11/2023 19:01",,https://www.facebook.com/pcmerchandise.co/posts/pfbid0aFwUNo3ab2to6Osv3pmwQeUmLLYcjLQ3KBmm01TDEb0v27HlqRFCKPCn,0,0,Photos,,,,,08/20/2023,,,0,0,0,0,0,0,,,,,
1030566797597338,100064197037125,"PC Merchandise","𝐢𝟑 𝟏𝟐𝟏𝟎𝟎𝐅 𝟔+𝟏
𝐂𝐎𝐌𝐒𝐇𝐎𝐏 𝐃𝐈𝐒𝐊𝐋𝐄𝐒𝐒 𝐏𝐀𝐂𝐊𝐀𝐆𝐄
#PCMERCHANDISE #PCMBUILDS",,0,"08/11/2023 19:01",,https://www.facebook.com/pcmerchandise.co/posts/pfbid0aFwUNo3ab2to6Osv3pmwQeUmLLYcjLQ3KBmm01TDEb0v27HlqRFCKPCn,0,0,Photos,,,,,08/21/2023,,,0,0,0,0,0,0,,,,,
1030566797597338,100064197037125,"PC Merchandise","𝐢𝟑 𝟏𝟐𝟏𝟎𝟎𝐅 𝟔+𝟏
𝐂𝐎𝐌𝐒𝐇𝐎𝐏 𝐃𝐈𝐒𝐊𝐋𝐄𝐒𝐒 𝐏𝐀𝐂𝐊𝐀𝐆𝐄
#PCMERCHANDISE #PCMBUILDS",,0,"08/11/2023 19:01",,https://www.facebook.com/pcmerchandise.co/posts/pfbid0aFwUNo3ab2to6Osv3pmwQeUmLLYcjLQ3KBmm01TDEb0v27HlqRFCKPCn,0,0,Photos,,,,,08/22/2023,,,0,0,0,0,0,0,,,,,
1030566797597338,100064197037125,"PC Merchandise","𝐢𝟑 𝟏𝟐𝟏𝟎𝟎𝐅 𝟔+𝟏
𝐂𝐎𝐌𝐒𝐇𝐎𝐏 𝐃𝐈𝐒𝐊𝐋𝐄𝐒𝐒 𝐏𝐀𝐂𝐊𝐀𝐆𝐄
#PCMERCHANDISE #PCMBUILDS",,0,"08/11/2023 19:01",,https://www.facebook.com/pcmerchandise.co/posts/pfbid0aFwUNo3ab2to6Osv3pmwQeUmLLYcjLQ3KBmm01TDEb0v27HlqRFCKPCn,0,0,Photos,,,,,08/23/2023,,,0,0,0,0,0,0,,,,,
1030566797597338,100064197037125,"PC Merchandise","𝐢𝟑 𝟏𝟐𝟏𝟎𝟎𝐅 𝟔+𝟏
𝐂𝐎𝐌𝐒𝐇𝐎𝐏 𝐃𝐈𝐒𝐊𝐋𝐄𝐒𝐒 𝐏𝐀𝐂𝐊𝐀𝐆𝐄
#PCMERCHANDISE #PCMBUILDS",,0,"08/11/2023 19:01",,https://www.facebook.com/pcmerchandise.co/posts/pfbid0aFwUNo3ab2to6Osv3pmwQeUmLLYcjLQ3KBmm01TDEb0v27HlqRFCKPCn,0,0,Photos,,,,,08/24/2023,,,0,0,0,0,0,0,,,,,
1030566797597338,100064197037125,"PC Merchandise","𝐢𝟑 𝟏𝟐𝟏𝟎𝟎𝐅 𝟔+𝟏
𝐂𝐎𝐌𝐒𝐇𝐎𝐏 𝐃𝐈𝐒𝐊𝐋𝐄𝐒𝐒 𝐏𝐀𝐂𝐊𝐀𝐆𝐄
#PCMERCHANDISE #PCMBUILDS",,0,"08/11/2023 19:01",,https://www.facebook.com/pcmerchandise.co/posts/pfbid0aFwUNo3ab2to6Osv3pmwQeUmLLYcjLQ3KBmm01TDEb0v27HlqRFCKPCn,0,0,Photos,,,,,08/25/2023,,,0,0,0,0,0,0,,,,,
1030566797597338,100064197037125,"PC Merchandise","𝐢𝟑 𝟏𝟐𝟏𝟎𝟎𝐅 𝟔+𝟏
𝐂𝐎𝐌𝐒𝐇𝐎𝐏 𝐃𝐈𝐒𝐊𝐋𝐄𝐒𝐒 𝐏𝐀𝐂𝐊𝐀𝐆𝐄
#PCMERCHANDISE #PCMBUILDS",,0,"08/11/2023 19:01",,https://www.facebook.com/pcmerchandise.co/posts/pfbid0aFwUNo3ab2to6Osv3pmwQeUmLLYcjLQ3KBmm01TDEb0v27HlqRFCKPCn,0,0,Photos,,,,,08/26/2023,,,0,0,0,0,0,0,,,,,
1030566797597338,100064197037125,"PC Merchandise","𝐢𝟑 𝟏𝟐𝟏𝟎𝟎𝐅 𝟔+𝟏
𝐂𝐎𝐌𝐒𝐇𝐎𝐏 𝐃𝐈𝐒𝐊𝐋𝐄𝐒𝐒 𝐏𝐀𝐂𝐊𝐀𝐆𝐄
#PCMERCHANDISE #PCMBUILDS",,0,"08/11/2023 19:01",,https://www.facebook.com/pcmerchandise.co/posts/pfbid0aFwUNo3ab2to6Osv3pmwQeUmLLYcjLQ3KBmm01TDEb0v27HlqRFCKPCn,0,0,Photos,,,,,08/27/2023,,,0,0,0,0,0,0,,,,,
1030566797597338,100064197037125,"PC Merchandise","𝐢𝟑 𝟏𝟐𝟏𝟎𝟎𝐅 𝟔+𝟏
𝐂𝐎𝐌𝐒𝐇𝐎𝐏 𝐃𝐈𝐒𝐊𝐋𝐄𝐒𝐒 𝐏𝐀𝐂𝐊𝐀𝐆𝐄
#PCMERCHANDISE #PCMBUILDS",,0,"08/11/2023 19:01",,https://www.facebook.com/pcmerchandise.co/posts/pfbid0aFwUNo3ab2to6Osv3pmwQeUmLLYcjLQ3KBmm01TDEb0v27HlqRFCKPCn,0,0,Photos,,,,,08/28/2023,,,0,0,0,0,0,0,,,,,
1030566797597338,100064197037125,"PC Merchandise","𝐢𝟑 𝟏𝟐𝟏𝟎𝟎𝐅 𝟔+𝟏
𝐂𝐎𝐌𝐒𝐇𝐎𝐏 𝐃𝐈𝐒𝐊𝐋𝐄𝐒𝐒 𝐏𝐀𝐂𝐊𝐀𝐆𝐄
#PCMERCHANDISE #PCMBUILDS",,0,"08/11/2023 19:01",,https://www.facebook.com/pcmerchandise.co/posts/pfbid0aFwUNo3ab2to6Osv3pmwQeUmLLYcjLQ3KBmm01TDEb0v27HlqRFCKPCn,0,0,Photos,,,,,08/29/2023,,,0,0,0,0,0,0,,,,,
1030566797597338,100064197037125,"PC Merchandise","𝐢𝟑 𝟏𝟐𝟏𝟎𝟎𝐅 𝟔+𝟏
𝐂𝐎𝐌𝐒𝐇𝐎𝐏 𝐃𝐈𝐒𝐊𝐋𝐄𝐒𝐒 𝐏𝐀𝐂𝐊𝐀𝐆𝐄
#PCMERCHANDISE #PCMBUILDS",,0,"08/11/2023 19:01",,https://www.facebook.com/pcmerchandise.co/posts/pfbid0aFwUNo3ab2to6Osv3pmwQeUmLLYcjLQ3KBmm01TDEb0v27HlqRFCKPCn,0,0,Photos,,,,,08/30/2023,,,0,0,0,0,0,0,,,,,
1030566797597338,100064197037125,"PC Merchandise","𝐢𝟑 𝟏𝟐𝟏𝟎𝟎𝐅 𝟔+𝟏
𝐂𝐎𝐌𝐒𝐇𝐎𝐏 𝐃𝐈𝐒𝐊𝐋𝐄𝐒𝐒 𝐏𝐀𝐂𝐊𝐀𝐆𝐄
#PCMERCHANDISE #PCMBUILDS",,0,"08/11/2023 19:01",,https://www.facebook.com/pcmerchandise.co/posts/pfbid0aFwUNo3ab2to6Osv3pmwQeUmLLYcjLQ3KBmm01TDEb0v27HlqRFCKPCn,0,0,Photos,,,,,08/31/2023,,,0,0,0,0,0,0,,,,,
1031256907400364,100064197037125,"PC Merchandise","𝐏𝐑𝐈𝐂𝐄𝐋𝐈𝐒𝐓 𝟐𝟎𝟐𝟑 >>>
https://pcmerchandise.live/2023-GAMING-BUILDS",,0,"08/11/2023 19:00",,https://www.facebook.com/pcmerchandise.co/posts/pfbid0CfsVllvQK6vkK8dXtmQsNjfU5VLBwTOQ50y6ULWw3EtD0hRRiC32Fbhb,0,0,Photos,,,,,08/31/2023,0,,,,,,,,,,,,
1031256907400364,100064197037125,"PC Merchandise","𝐏𝐑𝐈𝐂𝐄𝐋𝐈𝐒𝐓 𝟐𝟎𝟐𝟑 >>>
https://pcmerchandise.live/2023-GAMING-BUILDS",,0,"08/11/2023 19:00",,https://www.facebook.com/pcmerchandise.co/posts/pfbid0CfsVllvQK6vkK8dXtmQsNjfU5VLBwTOQ50y6ULWw3EtD0hRRiC32Fbhb,0,0,Photos,,,,,08/01/2023,,,0,0,0,0,0,0,,,,,
1031256907400364,100064197037125,"PC Merchandise","𝐏𝐑𝐈𝐂𝐄𝐋𝐈𝐒𝐓 𝟐𝟎𝟐𝟑 >>>
https://pcmerchandise.live/2023-GAMING-BUILDS",,0,"08/11/2023 19:00",,https://www.facebook.com/pcmerchandise.co/posts/pfbid0CfsVllvQK6vkK8dXtmQsNjfU5VLBwTOQ50y6ULWw3EtD0hRRiC32Fbhb,0,0,Photos,,,,,08/02/2023,,,0,0,0,0,0,0,,,,,
1031256907400364,100064197037125,"PC Merchandise","𝐏𝐑𝐈𝐂𝐄𝐋𝐈𝐒𝐓 𝟐𝟎𝟐𝟑 >>>
https://pcmerchandise.live/2023-GAMING-BUILDS",,0,"08/11/2023 19:00",,https://www.facebook.com/pcmerchandise.co/posts/pfbid0CfsVllvQK6vkK8dXtmQsNjfU5VLBwTOQ50y6ULWw3EtD0hRRiC32Fbhb,0,0,Photos,,,,,08/03/2023,,,0,0,0,0,0,0,,,,,
1031256907400364,100064197037125,"PC Merchandise","𝐏𝐑𝐈𝐂𝐄𝐋𝐈𝐒𝐓 𝟐𝟎𝟐𝟑 >>>
https://pcmerchandise.live/2023-GAMING-BUILDS",,0,"08/11/2023 19:00",,https://www.facebook.com/pcmerchandise.co/posts/pfbid0CfsVllvQK6vkK8dXtmQsNjfU5VLBwTOQ50y6ULWw3EtD0hRRiC32Fbhb,0,0,Photos,,,,,08/04/2023,,,0,0,0,0,0,0,,,,,
1031256907400364,100064197037125,"PC Merchandise","𝐏𝐑𝐈𝐂𝐄𝐋𝐈𝐒𝐓 𝟐𝟎𝟐𝟑 >>>
https://pcmerchandise.live/2023-GAMING-BUILDS",,0,"08/11/2023 19:00",,https://www.facebook.com/pcmerchandise.co/posts/pfbid0CfsVllvQK6vkK8dXtmQsNjfU5VLBwTOQ50y6ULWw3EtD0hRRiC32Fbhb,0,0,Photos,,,,,08/05/2023,,,0,0,0,0,0,0,,,,,
1031256907400364,100064197037125,"PC Merchandise","𝐏𝐑𝐈𝐂𝐄𝐋𝐈𝐒𝐓 𝟐𝟎𝟐𝟑 >>>
https://pcmerchandise.live/2023-GAMING-BUILDS",,0,"08/11/2023 19:00",,https://www.facebook.com/pcmerchandise.co/posts/pfbid0CfsVllvQK6vkK8dXtmQsNjfU5VLBwTOQ50y6ULWw3EtD0hRRiC32Fbhb,0,0,Photos,,,,,08/06/2023,,,0,0,0,0,0,0,,,,,
1031256907400364,100064197037125,"PC Merchandise","𝐏𝐑𝐈𝐂𝐄𝐋𝐈𝐒𝐓 𝟐𝟎𝟐𝟑 >>>
https://pcmerchandise.live/2023-GAMING-BUILDS",,0,"08/11/2023 19:00",,https://www.facebook.com/pcmerchandise.co/posts/pfbid0CfsVllvQK6vkK8dXtmQsNjfU5VLBwTOQ50y6ULWw3EtD0hRRiC32Fbhb,0,0,Photos,,,,,08/07/2023,,,0,0,0,0,0,0,,,,,
1031256907400364,100064197037125,"PC Merchandise","𝐏𝐑𝐈𝐂𝐄𝐋𝐈𝐒𝐓 𝟐𝟎𝟐𝟑 >>>
https://pcmerchandise.live/2023-GAMING-BUILDS",,0,"08/11/2023 19:00",,https://www.facebook.com/pcmerchandise.co/posts/pfbid0CfsVllvQK6vkK8dXtmQsNjfU5VLBwTOQ50y6ULWw3EtD0hRRiC32Fbhb,0,0,Photos,,,,,08/08/2023,,,0,0,0,0,0,0,,,,,
1031256907400364,100064197037125,"PC Merchandise","𝐏𝐑𝐈𝐂𝐄𝐋𝐈𝐒𝐓 𝟐𝟎𝟐𝟑 >>>
https://pcmerchandise.live/2023-GAMING-BUILDS",,0,"08/11/2023 19:00",,https://www.facebook.com/pcmerchandise.co/posts/pfbid0CfsVllvQK6vkK8dXtmQsNjfU5VLBwTOQ50y6ULWw3EtD0hRRiC32Fbhb,0,0,Photos,,,,,08/09/2023,,,0,0,0,0,0,0,,,,,
1031256907400364,100064197037125,"PC Merchandise","𝐏𝐑𝐈𝐂𝐄𝐋𝐈𝐒𝐓 𝟐𝟎𝟐𝟑 >>>
https://pcmerchandise.live/2023-GAMING-BUILDS",,0,"08/11/2023 19:00",,https://www.facebook.com/pcmerchandise.co/posts/pfbid0CfsVllvQK6vkK8dXtmQsNjfU5VLBwTOQ50y6ULWw3EtD0hRRiC32Fbhb,0,0,Photos,,,,,08/10/2023,,,0,0,0,0,0,0,,,,,
1031256907400364,100064197037125,"PC Merchandise","𝐏𝐑𝐈𝐂𝐄𝐋𝐈𝐒𝐓 𝟐𝟎𝟐𝟑 >>>
https://pcmerchandise.live/2023-GAMING-BUILDS",,0,"08/11/2023 19:00",,https://www.facebook.com/pcmerchandise.co/posts/pfbid0CfsVllvQK6vkK8dXtmQsNjfU5VLBwTOQ50y6ULWw3EtD0hRRiC32Fbhb,0,0,Photos,,,,,08/11/2023,,,0,0,0,0,0,0,,,,,
1031256907400364,100064197037125,"PC Merchandise","𝐏𝐑𝐈𝐂𝐄𝐋𝐈𝐒𝐓 𝟐𝟎𝟐𝟑 >>>
https://pcmerchandise.live/2023-GAMING-BUILDS",,0,"08/11/2023 19:00",,https://www.facebook.com/pcmerchandise.co/posts/pfbid0CfsVllvQK6vkK8dXtmQsNjfU5VLBwTOQ50y6ULWw3EtD0hRRiC32Fbhb,0,0,Photos,,,,,08/12/2023,,,0,0,0,0,0,0,,,,,
1031256907400364,100064197037125,"PC Merchandise","𝐏𝐑𝐈𝐂𝐄𝐋𝐈𝐒𝐓 𝟐𝟎𝟐𝟑 >>>
https://pcmerchandise.live/2023-GAMING-BUILDS",,0,"08/11/2023 19:00",,https://www.facebook.com/pcmerchandise.co/posts/pfbid0CfsVllvQK6vkK8dXtmQsNjfU5VLBwTOQ50y6ULWw3EtD0hRRiC32Fbhb,0,0,Photos,,,,,08/13/2023,,,0,0,0,0,0,0,,,,,
1031256907400364,100064197037125,"PC Merchandise","𝐏𝐑𝐈𝐂𝐄𝐋𝐈𝐒𝐓 𝟐𝟎𝟐𝟑 >>>
https://pcmerchandise.live/2023-GAMING-BUILDS",,0,"08/11/2023 19:00",,https://www.facebook.com/pcmerchandise.co/posts/pfbid0CfsVllvQK6vkK8dXtmQsNjfU5VLBwTOQ50y6ULWw3EtD0hRRiC32Fbhb,0,0,Photos,,,,,08/14/2023,,,0,0,0,0,0,0,,,,,
1031256907400364,100064197037125,"PC Merchandise","𝐏𝐑𝐈𝐂𝐄𝐋𝐈𝐒𝐓 𝟐𝟎𝟐𝟑 >>>
https://pcmerchandise.live/2023-GAMING-BUILDS",,0,"08/11/2023 19:00",,https://www.facebook.com/pcmerchandise.co/posts/pfbid0CfsVllvQK6vkK8dXtmQsNjfU5VLBwTOQ50y6ULWw3EtD0hRRiC32Fbhb,0,0,Photos,,,,,08/15/2023,,,0,0,0,0,0,0,,,,,
1031256907400364,100064197037125,"PC Merchandise","𝐏𝐑𝐈𝐂𝐄𝐋𝐈𝐒𝐓 𝟐𝟎𝟐𝟑 >>>
https://pcmerchandise.live/2023-GAMING-BUILDS",,0,"08/11/2023 19:00",,https://www.facebook.com/pcmerchandise.co/posts/pfbid0CfsVllvQK6vkK8dXtmQsNjfU5VLBwTOQ50y6ULWw3EtD0hRRiC32Fbhb,0,0,Photos,,,,,08/16/2023,,,0,0,0,0,0,0,,,,,
1031256907400364,100064197037125,"PC Merchandise","𝐏𝐑𝐈𝐂𝐄𝐋𝐈𝐒𝐓 𝟐𝟎𝟐𝟑 >>>
https://pcmerchandise.live/2023-GAMING-BUILDS",,0,"08/11/2023 19:00",,https://www.facebook.com/pcmerchandise.co/posts/pfbid0CfsVllvQK6vkK8dXtmQsNjfU5VLBwTOQ50y6ULWw3EtD0hRRiC32Fbhb,0,0,Photos,,,,,08/17/2023,,,0,0,0,0,0,0,,,,,
1031256907400364,100064197037125,"PC Merchandise","𝐏𝐑𝐈𝐂𝐄𝐋𝐈𝐒𝐓 𝟐𝟎𝟐𝟑 >>>
https://pcmerchandise.live/2023-GAMING-BUILDS",,0,"08/11/2023 19:00",,https://www.facebook.com/pcmerchandise.co/posts/pfbid0CfsVllvQK6vkK8dXtmQsNjfU5VLBwTOQ50y6ULWw3EtD0hRRiC32Fbhb,0,0,Photos,,,,,08/18/2023,,,0,0,0,0,0,0,,,,,
1031256907400364,100064197037125,"PC Merchandise","𝐏𝐑𝐈𝐂𝐄𝐋𝐈𝐒𝐓 𝟐𝟎𝟐𝟑 >>>
https://pcmerchandise.live/2023-GAMING-BUILDS",,0,"08/11/2023 19:00",,https://www.facebook.com/pcmerchandise.co/posts/pfbid0CfsVllvQK6vkK8dXtmQsNjfU5VLBwTOQ50y6ULWw3EtD0hRRiC32Fbhb,0,0,Photos,,,,,08/19/2023,,,0,0,0,0,0,0,,,,,
1031256907400364,100064197037125,"PC Merchandise","𝐏𝐑𝐈𝐂𝐄𝐋𝐈𝐒𝐓 𝟐𝟎𝟐𝟑 >>>
https://pcmerchandise.live/2023-GAMING-BUILDS",,0,"08/11/2023 19:00",,https://www.facebook.com/pcmerchandise.co/posts/pfbid0CfsVllvQK6vkK8dXtmQsNjfU5VLBwTOQ50y6ULWw3EtD0hRRiC32Fbhb,0,0,Photos,,,,,08/20/2023,,,0,0,0,0,0,0,,,,,
1031256907400364,100064197037125,"PC Merchandise","𝐏𝐑𝐈𝐂𝐄𝐋𝐈𝐒𝐓 𝟐𝟎𝟐𝟑 >>>
https://pcmerchandise.live/2023-GAMING-BUILDS",,0,"08/11/2023 19:00",,https://www.facebook.com/pcmerchandise.co/posts/pfbid0CfsVllvQK6vkK8dXtmQsNjfU5VLBwTOQ50y6ULWw3EtD0hRRiC32Fbhb,0,0,Photos,,,,,08/21/2023,,,0,0,0,0,0,0,,,,,
1031256907400364,100064197037125,"PC Merchandise","𝐏𝐑𝐈𝐂𝐄𝐋𝐈𝐒𝐓 𝟐𝟎𝟐𝟑 >>>
https://pcmerchandise.live/2023-GAMING-BUILDS",,0,"08/11/2023 19:00",,https://www.facebook.com/pcmerchandise.co/posts/pfbid0CfsVllvQK6vkK8dXtmQsNjfU5VLBwTOQ50y6ULWw3EtD0hRRiC32Fbhb,0,0,Photos,,,,,08/22/2023,,,0,0,0,0,0,0,,,,,
1031256907400364,100064197037125,"PC Merchandise","𝐏𝐑𝐈𝐂𝐄𝐋𝐈𝐒𝐓 𝟐𝟎𝟐𝟑 >>>
https://pcmerchandise.live/2023-GAMING-BUILDS",,0,"08/11/2023 19:00",,https://www.facebook.com/pcmerchandise.co/posts/pfbid0CfsVllvQK6vkK8dXtmQsNjfU5VLBwTOQ50y6ULWw3EtD0hRRiC32Fbhb,0,0,Photos,,,,,08/23/2023,,,0,0,0,0,0,0,,,,,
1031256907400364,100064197037125,"PC Merchandise","𝐏𝐑𝐈𝐂𝐄𝐋𝐈𝐒𝐓 𝟐𝟎𝟐𝟑 >>>
https://pcmerchandise.live/2023-GAMING-BUILDS",,0,"08/11/2023 19:00",,https://www.facebook.com/pcmerchandise.co/posts/pfbid0CfsVllvQK6vkK8dXtmQsNjfU5VLBwTOQ50y6ULWw3EtD0hRRiC32Fbhb,0,0,Photos,,,,,08/24/2023,,,0,0,0,0,0,0,,,,,
1031256907400364,100064197037125,"PC Merchandise","𝐏𝐑𝐈𝐂𝐄𝐋𝐈𝐒𝐓 𝟐𝟎𝟐𝟑 >>>
https://pcmerchandise.live/2023-GAMING-BUILDS",,0,"08/11/2023 19:00",,https://www.facebook.com/pcmerchandise.co/posts/pfbid0CfsVllvQK6vkK8dXtmQsNjfU5VLBwTOQ50y6ULWw3EtD0hRRiC32Fbhb,0,0,Photos,,,,,08/25/2023,,,0,0,0,0,0,0,,,,,
1031256907400364,100064197037125,"PC Merchandise","𝐏𝐑𝐈𝐂𝐄𝐋𝐈𝐒𝐓 𝟐𝟎𝟐𝟑 >>>
https://pcmerchandise.live/2023-GAMING-BUILDS",,0,"08/11/2023 19:00",,https://www.facebook.com/pcmerchandise.co/posts/pfbid0CfsVllvQK6vkK8dXtmQsNjfU5VLBwTOQ50y6ULWw3EtD0hRRiC32Fbhb,0,0,Photos,,,,,08/26/2023,,,0,0,0,0,0,0,,,,,
1031256907400364,100064197037125,"PC Merchandise","𝐏𝐑𝐈𝐂𝐄𝐋𝐈𝐒𝐓 𝟐𝟎𝟐𝟑 >>>
https://pcmerchandise.live/2023-GAMING-BUILDS",,0,"08/11/2023 19:00",,https://www.facebook.com/pcmerchandise.co/posts/pfbid0CfsVllvQK6vkK8dXtmQsNjfU5VLBwTOQ50y6ULWw3EtD0hRRiC32Fbhb,0,0,Photos,,,,,08/27/2023,,,0,0,0,0,0,0,,,,,
1031256907400364,100064197037125,"PC Merchandise","𝐏𝐑𝐈𝐂𝐄𝐋𝐈𝐒𝐓 𝟐𝟎𝟐𝟑 >>>
https://pcmerchandise.live/2023-GAMING-BUILDS",,0,"08/11/2023 19:00",,https://www.facebook.com/pcmerchandise.co/posts/pfbid0CfsVllvQK6vkK8dXtmQsNjfU5VLBwTOQ50y6ULWw3EtD0hRRiC32Fbhb,0,0,Photos,,,,,08/28/2023,,,0,0,0,0,0,0,,,,,
1031256907400364,100064197037125,"PC Merchandise","𝐏𝐑𝐈𝐂𝐄𝐋𝐈𝐒𝐓 𝟐𝟎𝟐𝟑 >>>
https://pcmerchandise.live/2023-GAMING-BUILDS",,0,"08/11/2023 19:00",,https://www.facebook.com/pcmerchandise.co/posts/pfbid0CfsVllvQK6vkK8dXtmQsNjfU5VLBwTOQ50y6ULWw3EtD0hRRiC32Fbhb,0,0,Photos,,,,,08/29/2023,,,0,0,0,0,0,0,,,,,
1031256907400364,100064197037125,"PC Merchandise","𝐏𝐑𝐈𝐂𝐄𝐋𝐈𝐒𝐓 𝟐𝟎𝟐𝟑 >>>
https://pcmerchandise.live/2023-GAMING-BUILDS",,0,"08/11/2023 19:00",,https://www.facebook.com/pcmerchandise.co/posts/pfbid0CfsVllvQK6vkK8dXtmQsNjfU5VLBwTOQ50y6ULWw3EtD0hRRiC32Fbhb,0,0,Photos,,,,,08/30/2023,,,0,0,0,0,0,0,,,,,
1031256907400364,100064197037125,"PC Merchandise","𝐏𝐑𝐈𝐂𝐄𝐋𝐈𝐒𝐓 𝟐𝟎𝟐𝟑 >>>
https://pcmerchandise.live/2023-GAMING-BUILDS",,0,"08/11/2023 19:00",,https://www.facebook.com/pcmerchandise.co/posts/pfbid0CfsVllvQK6vkK8dXtmQsNjfU5VLBwTOQ50y6ULWw3EtD0hRRiC32Fbhb,0,0,Photos,,,,,08/31/2023,,,0,0,0,0,0,0,,,,,
1030776893071122,100064197037125,"PC Merchandise","Sulit na sulit! RYZEN 5 3400G package, ready for pickup or shipping nationwide 🚚",,0,"08/10/2023 16:00",,https://www.facebook.com/pcmerchandise.co/posts/pfbid0xxKU7tqNoAwjiUxGDKLwTnjh98SzTAtr5OqDxvECg1zAQPLlcPnPIkV4,0,0,Photos,,,,,08/31/2023,0,,,,,,,,,,,,
1030776893071122,100064197037125,"PC Merchandise","Sulit na sulit! RYZEN 5 3400G package, ready for pickup or shipping nationwide 🚚",,0,"08/10/2023 16:00",,https://www.facebook.com/pcmerchandise.co/posts/pfbid0xxKU7tqNoAwjiUxGDKLwTnjh98SzTAtr5OqDxvECg1zAQPLlcPnPIkV4,0,0,Photos,,,,,08/01/2023,,,0,0,0,0,0,0,,,,,
1030776893071122,100064197037125,"PC Merchandise","Sulit na sulit! RYZEN 5 3400G package, ready for pickup or shipping nationwide 🚚",,0,"08/10/2023 16:00",,https://www.facebook.com/pcmerchandise.co/posts/pfbid0xxKU7tqNoAwjiUxGDKLwTnjh98SzTAtr5OqDxvECg1zAQPLlcPnPIkV4,0,0,Photos,,,,,08/02/2023,,,0,0,0,0,0,0,,,,,
1030776893071122,100064197037125,"PC Merchandise","Sulit na sulit! RYZEN 5 3400G package, ready for pickup or shipping nationwide 🚚",,0,"08/10/2023 16:00",,https://www.facebook.com/pcmerchandise.co/posts/pfbid0xxKU7tqNoAwjiUxGDKLwTnjh98SzTAtr5OqDxvECg1zAQPLlcPnPIkV4,0,0,Photos,,,,,08/03/2023,,,0,0,0,0,0,0,,,,,
1030776893071122,100064197037125,"PC Merchandise","Sulit na sulit! RYZEN 5 3400G package, ready for pickup or shipping nationwide 🚚",,0,"08/10/2023 16:00",,https://www.facebook.com/pcmerchandise.co/posts/pfbid0xxKU7tqNoAwjiUxGDKLwTnjh98SzTAtr5OqDxvECg1zAQPLlcPnPIkV4,0,0,Photos,,,,,08/04/2023,,,0,0,0,0,0,0,,,,,
1030776893071122,100064197037125,"PC Merchandise","Sulit na sulit! RYZEN 5 3400G package, ready for pickup or shipping nationwide 🚚",,0,"08/10/2023 16:00",,https://www.facebook.com/pcmerchandise.co/posts/pfbid0xxKU7tqNoAwjiUxGDKLwTnjh98SzTAtr5OqDxvECg1zAQPLlcPnPIkV4,0,0,Photos,,,,,08/05/2023,,,0,0,0,0,0,0,,,,,
1030776893071122,100064197037125,"PC Merchandise","Sulit na sulit! RYZEN 5 3400G package, ready for pickup or shipping nationwide 🚚",,0,"08/10/2023 16:00",,https://www.facebook.com/pcmerchandise.co/posts/pfbid0xxKU7tqNoAwjiUxGDKLwTnjh98SzTAtr5OqDxvECg1zAQPLlcPnPIkV4,0,0,Photos,,,,,08/06/2023,,,0,0,0,0,0,0,,,,,
1030776893071122,100064197037125,"PC Merchandise","Sulit na sulit! RYZEN 5 3400G package, ready for pickup or shipping nationwide 🚚",,0,"08/10/2023 16:00",,https://www.facebook.com/pcmerchandise.co/posts/pfbid0xxKU7tqNoAwjiUxGDKLwTnjh98SzTAtr5OqDxvECg1zAQPLlcPnPIkV4,0,0,Photos,,,,,08/07/2023,,,0,0,0,0,0,0,,,,,
1030776893071122,100064197037125,"PC Merchandise","Sulit na sulit! RYZEN 5 3400G package, ready for pickup or shipping nationwide 🚚",,0,"08/10/2023 16:00",,https://www.facebook.com/pcmerchandise.co/posts/pfbid0xxKU7tqNoAwjiUxGDKLwTnjh98SzTAtr5OqDxvECg1zAQPLlcPnPIkV4,0,0,Photos,,,,,08/08/2023,,,0,0,0,0,0,0,,,,,
1030776893071122,100064197037125,"PC Merchandise","Sulit na sulit! RYZEN 5 3400G package, ready for pickup or shipping nationwide 🚚",,0,"08/10/2023 16:00",,https://www.facebook.com/pcmerchandise.co/posts/pfbid0xxKU7tqNoAwjiUxGDKLwTnjh98SzTAtr5OqDxvECg1zAQPLlcPnPIkV4,0,0,Photos,,,,,08/09/2023,,,0,0,0,0,0,0,,,,,
1030776893071122,100064197037125,"PC Merchandise","Sulit na sulit! RYZEN 5 3400G package, ready for pickup or shipping nationwide 🚚",,0,"08/10/2023 16:00",,https://www.facebook.com/pcmerchandise.co/posts/pfbid0xxKU7tqNoAwjiUxGDKLwTnjh98SzTAtr5OqDxvECg1zAQPLlcPnPIkV4,0,0,Photos,,,,,08/10/2023,,,0,0,0,0,0,0,,,,,
1030776893071122,100064197037125,"PC Merchandise","Sulit na sulit! RYZEN 5 3400G package, ready for pickup or shipping nationwide 🚚",,0,"08/10/2023 16:00",,https://www.facebook.com/pcmerchandise.co/posts/pfbid0xxKU7tqNoAwjiUxGDKLwTnjh98SzTAtr5OqDxvECg1zAQPLlcPnPIkV4,0,0,Photos,,,,,08/11/2023,,,0,0,0,0,0,0,,,,,
1030776893071122,100064197037125,"PC Merchandise","Sulit na sulit! RYZEN 5 3400G package, ready for pickup or shipping nationwide 🚚",,0,"08/10/2023 16:00",,https://www.facebook.com/pcmerchandise.co/posts/pfbid0xxKU7tqNoAwjiUxGDKLwTnjh98SzTAtr5OqDxvECg1zAQPLlcPnPIkV4,0,0,Photos,,,,,08/12/2023,,,0,0,0,0,0,0,,,,,
1030776893071122,100064197037125,"PC Merchandise","Sulit na sulit! RYZEN 5 3400G package, ready for pickup or shipping nationwide 🚚",,0,"08/10/2023 16:00",,https://www.facebook.com/pcmerchandise.co/posts/pfbid0xxKU7tqNoAwjiUxGDKLwTnjh98SzTAtr5OqDxvECg1zAQPLlcPnPIkV4,0,0,Photos,,,,,08/13/2023,,,0,0,0,0,0,0,,,,,
1030776893071122,100064197037125,"PC Merchandise","Sulit na sulit! RYZEN 5 3400G package, ready for pickup or shipping nationwide 🚚",,0,"08/10/2023 16:00",,https://www.facebook.com/pcmerchandise.co/posts/pfbid0xxKU7tqNoAwjiUxGDKLwTnjh98SzTAtr5OqDxvECg1zAQPLlcPnPIkV4,0,0,Photos,,,,,08/14/2023,,,0,0,0,0,0,0,,,,,
1030776893071122,100064197037125,"PC Merchandise","Sulit na sulit! RYZEN 5 3400G package, ready for pickup or shipping nationwide 🚚",,0,"08/10/2023 16:00",,https://www.facebook.com/pcmerchandise.co/posts/pfbid0xxKU7tqNoAwjiUxGDKLwTnjh98SzTAtr5OqDxvECg1zAQPLlcPnPIkV4,0,0,Photos,,,,,08/15/2023,,,0,0,0,0,0,0,,,,,
1030776893071122,100064197037125,"PC Merchandise","Sulit na sulit! RYZEN 5 3400G package, ready for pickup or shipping nationwide 🚚",,0,"08/10/2023 16:00",,https://www.facebook.com/pcmerchandise.co/posts/pfbid0xxKU7tqNoAwjiUxGDKLwTnjh98SzTAtr5OqDxvECg1zAQPLlcPnPIkV4,0,0,Photos,,,,,08/16/2023,,,0,0,0,0,0,0,,,,,
1030776893071122,100064197037125,"PC Merchandise","Sulit na sulit! RYZEN 5 3400G package, ready for pickup or shipping nationwide 🚚",,0,"08/10/2023 16:00",,https://www.facebook.com/pcmerchandise.co/posts/pfbid0xxKU7tqNoAwjiUxGDKLwTnjh98SzTAtr5OqDxvECg1zAQPLlcPnPIkV4,0,0,Photos,,,,,08/17/2023,,,0,0,0,0,0,0,,,,,
1030776893071122,100064197037125,"PC Merchandise","Sulit na sulit! RYZEN 5 3400G package, ready for pickup or shipping nationwide 🚚",,0,"08/10/2023 16:00",,https://www.facebook.com/pcmerchandise.co/posts/pfbid0xxKU7tqNoAwjiUxGDKLwTnjh98SzTAtr5OqDxvECg1zAQPLlcPnPIkV4,0,0,Photos,,,,,08/18/2023,,,0,0,0,0,0,0,,,,,
1030776893071122,100064197037125,"PC Merchandise","Sulit na sulit! RYZEN 5 3400G package, ready for pickup or shipping nationwide 🚚",,0,"08/10/2023 16:00",,https://www.facebook.com/pcmerchandise.co/posts/pfbid0xxKU7tqNoAwjiUxGDKLwTnjh98SzTAtr5OqDxvECg1zAQPLlcPnPIkV4,0,0,Photos,,,,,08/19/2023,,,0,0,0,0,0,0,,,,,
1030776893071122,100064197037125,"PC Merchandise","Sulit na sulit! RYZEN 5 3400G package, ready for pickup or shipping nationwide 🚚",,0,"08/10/2023 16:00",,https://www.facebook.com/pcmerchandise.co/posts/pfbid0xxKU7tqNoAwjiUxGDKLwTnjh98SzTAtr5OqDxvECg1zAQPLlcPnPIkV4,0,0,Photos,,,,,08/20/2023,,,0,0,0,0,0,0,,,,,
1030776893071122,100064197037125,"PC Merchandise","Sulit na sulit! RYZEN 5 3400G package, ready for pickup or shipping nationwide 🚚",,0,"08/10/2023 16:00",,https://www.facebook.com/pcmerchandise.co/posts/pfbid0xxKU7tqNoAwjiUxGDKLwTnjh98SzTAtr5OqDxvECg1zAQPLlcPnPIkV4,0,0,Photos,,,,,08/21/2023,,,0,0,0,0,0,0,,,,,
1030776893071122,100064197037125,"PC Merchandise","Sulit na sulit! RYZEN 5 3400G package, ready for pickup or shipping nationwide 🚚",,0,"08/10/2023 16:00",,https://www.facebook.com/pcmerchandise.co/posts/pfbid0xxKU7tqNoAwjiUxGDKLwTnjh98SzTAtr5OqDxvECg1zAQPLlcPnPIkV4,0,0,Photos,,,,,08/22/2023,,,0,0,0,0,0,0,,,,,
1030776893071122,100064197037125,"PC Merchandise","Sulit na sulit! RYZEN 5 3400G package, ready for pickup or shipping nationwide 🚚",,0,"08/10/2023 16:00",,https://www.facebook.com/pcmerchandise.co/posts/pfbid0xxKU7tqNoAwjiUxGDKLwTnjh98SzTAtr5OqDxvECg1zAQPLlcPnPIkV4,0,0,Photos,,,,,08/23/2023,,,0,0,0,0,0,0,,,,,
1030776893071122,100064197037125,"PC Merchandise","Sulit na sulit! RYZEN 5 3400G package, ready for pickup or shipping nationwide 🚚",,0,"08/10/2023 16:00",,https://www.facebook.com/pcmerchandise.co/posts/pfbid0xxKU7tqNoAwjiUxGDKLwTnjh98SzTAtr5OqDxvECg1zAQPLlcPnPIkV4,0,0,Photos,,,,,08/24/2023,,,0,0,0,0,0,0,,,,,
1030776893071122,100064197037125,"PC Merchandise","Sulit na sulit! RYZEN 5 3400G package, ready for pickup or shipping nationwide 🚚",,0,"08/10/2023 16:00",,https://www.facebook.com/pcmerchandise.co/posts/pfbid0xxKU7tqNoAwjiUxGDKLwTnjh98SzTAtr5OqDxvECg1zAQPLlcPnPIkV4,0,0,Photos,,,,,08/25/2023,,,0,0,0,0,0,0,,,,,
1030776893071122,100064197037125,"PC Merchandise","Sulit na sulit! RYZEN 5 3400G package, ready for pickup or shipping nationwide 🚚",,0,"08/10/2023 16:00",,https://www.facebook.com/pcmerchandise.co/posts/pfbid0xxKU7tqNoAwjiUxGDKLwTnjh98SzTAtr5OqDxvECg1zAQPLlcPnPIkV4,0,0,Photos,,,,,08/26/2023,,,0,0,0,0,0,0,,,,,
1030776893071122,100064197037125,"PC Merchandise","Sulit na sulit! RYZEN 5 3400G package, ready for pickup or shipping nationwide 🚚",,0,"08/10/2023 16:00",,https://www.facebook.com/pcmerchandise.co/posts/pfbid0xxKU7tqNoAwjiUxGDKLwTnjh98SzTAtr5OqDxvECg1zAQPLlcPnPIkV4,0,0,Photos,,,,,08/27/2023,,,0,0,0,0,0,0,,,,,
1030776893071122,100064197037125,"PC Merchandise","Sulit na sulit! RYZEN 5 3400G package, ready for pickup or shipping nationwide 🚚",,0,"08/10/2023 16:00",,https://www.facebook.com/pcmerchandise.co/posts/pfbid0xxKU7tqNoAwjiUxGDKLwTnjh98SzTAtr5OqDxvECg1zAQPLlcPnPIkV4,0,0,Photos,,,,,08/28/2023,,,0,0,0,0,0,0,,,,,
1030776893071122,100064197037125,"PC Merchandise","Sulit na sulit! RYZEN 5 3400G package, ready for pickup or shipping nationwide 🚚",,0,"08/10/2023 16:00",,https://www.facebook.com/pcmerchandise.co/posts/pfbid0xxKU7tqNoAwjiUxGDKLwTnjh98SzTAtr5OqDxvECg1zAQPLlcPnPIkV4,0,0,Photos,,,,,08/29/2023,,,0,0,0,0,0,0,,,,,
1030776893071122,100064197037125,"PC Merchandise","Sulit na sulit! RYZEN 5 3400G package, ready for pickup or shipping nationwide 🚚",,0,"08/10/2023 16:00",,https://www.facebook.com/pcmerchandise.co/posts/pfbid0xxKU7tqNoAwjiUxGDKLwTnjh98SzTAtr5OqDxvECg1zAQPLlcPnPIkV4,0,0,Photos,,,,,08/30/2023,,,0,0,0,0,0,0,,,,,
1030776893071122,100064197037125,"PC Merchandise","Sulit na sulit! RYZEN 5 3400G package, ready for pickup or shipping nationwide 🚚",,0,"08/10/2023 16:00",,https://www.facebook.com/pcmerchandise.co/posts/pfbid0xxKU7tqNoAwjiUxGDKLwTnjh98SzTAtr5OqDxvECg1zAQPLlcPnPIkV4,0,0,Photos,,,,,08/31/2023,,,0,0,0,0,0,0,,,,,
1031334577581567,100064197037125,"PC Merchandise","Salamat sa tiwala boss BERT! RYZEN 5 4600G comshop package — 6 units delivered ✅",,28,"08/09/2023 19:00",,https://www.facebook.com/reel/1566892789976053/,0,0,Reels,,,,,08/01/2023,0,,,,,,0,0,0,0,0,0.000,5.441
1031334577581567,100064197037125,"PC Merchandise","Salamat sa tiwala boss BERT! RYZEN 5 4600G comshop package — 6 units delivered ✅",,28,"08/09/2023 19:00",,https://www.facebook.com/reel/1566892789976053/,0,0,Reels,,,,,08/02/2023,0,,,,,,0,0,0,0,0,0.000,3.675
1031334577581567,100064197037125,"PC Merchandise","Salamat sa tiwala boss BERT! RYZEN 5 4600G comshop package — 6 units delivered ✅",,28,"08/09/2023 19:00",,https://www.facebook.com/reel/1566892789976053/,0,0,Reels,,,,,08/03/2023,0,,,,,,0,0,0,0,0,0.000,5.386
1031334577581567,100064197037125,"PC Merchandise","Salamat sa tiwala boss BERT! RYZEN 5 4600G comshop package — 6 units delivered ✅",,28,"08/09/2023 19:00",,https://www.facebook.com/reel/1566892789976053/,0,0,Reels,,,,,08/04/2023,0,,,,,,0,0,0,0,0,0.000,4.467
1031334577581567,100064197037125,"PC Merchandise","Salamat sa tiwala boss BERT! RYZEN 5 4600G comshop package — 6 units delivered ✅",,28,"08/09/2023 19:00",,https://www.facebook.com/reel/1566892789976053/,0,0,Reels,,,,,08/05/2023,0,,,,,,0,0,0,0,0,0.000,3.333
1031334577581567,100064197037125,"PC Merchandise","Salamat sa tiwala boss BERT! RYZEN 5 4600G comshop package — 6 units delivered ✅",,28,"08/09/2023 19:00",,https://www.facebook.com/reel/1566892789976053/,0,0,Reels,,,,,08/06/2023,0,,,,,,0,0,0,0,0,0.000,4.927
1031334577581567,100064197037125,"PC Merchandise","Salamat sa tiwala boss BERT! RYZEN 5 4600G comshop package — 6 units delivered ✅",,28,"08/09/2023 19:00",,https://www.facebook.com/reel/1566892789976053/,0,0,Reels,,,,,08/07/2023,0,,,,,,0,0,0,0,0,0.000,5.863
1031334577581567,100064197037125,"PC Merchandise","Salamat sa tiwala boss BERT! RYZEN 5 4600G comshop package — 6 units delivered ✅",,28,"08/09/2023 19:00",,https://www.facebook.com/reel/1566892789976053/,0,0,Reels,,,,,08/08/2023,0,,,,,,0,0,0,0,0,0.000,5.532
1031334577581567,100064197037125,"PC Merchandise","Salamat sa tiwala boss BERT! RYZEN 5 4600G comshop package — 6 units delivered ✅",,28,"08/09/2023 19:00",,https://www.facebook.com/reel/1566892789976053/,0,0,Reels,,,,,08/09/2023,0,,,,,,196,0,0,0,0,648.703,5.430
1031334577581567,100064197037125,"PC Merchandise","Salamat sa tiwala boss BERT! RYZEN 5 4600G comshop package — 6 units delivered ✅",,28,"08/09/2023 19:00",,https://www.facebook.com/reel/1566892789976053/,0,0,Reels,,,,,08/10/2023,0,,,,,,215,0,4,1,3,1072.150,4.882
1031334577581567,100064197037125,"PC Merchandise","Salamat sa tiwala boss BERT! RYZEN 5 4600G comshop package — 6 units delivered ✅",,28,"08/09/2023 19:00",,https://www.facebook.com/reel/1566892789976053/,0,0,Reels,,,,,08/11/2023,0,,,,,,217,0,1,1,0,533.818,4.156
1031334577581567,100064197037125,"PC Merchandise","Salamat sa tiwala boss BERT! RYZEN 5 4600G comshop package — 6 units delivered ✅",,28,"08/09/2023 19:00",,https://www.facebook.com/reel/1566892789976053/,0,0,Reels,,,,,08/12/2023,0,,,,,,177,0,2,2,0,682.883,5.783
1031334577581567,100064197037125,"PC Merchandise","Salamat sa tiwala boss BERT! RYZEN 5 4600G comshop package — 6 units delivered ✅",,28,"08/09/2023 19:00",,https://www.facebook.com/reel/1566892789976053/,0,0,Reels,,,,,08/13/2023,0,,,,,,0,0,2,2,0,304.736,5.042
1031334577581567,100064197037125,"PC Merchandise","Salamat sa tiwala boss BERT! RYZEN 5 4600G comshop package — 6 units delivered ✅",,28,"08/09/2023 19:00",,https://www.facebook.com/reel/1566892789976053/,0,0,Reels,,,,,08/14/2023,0,,,,,,0,0,2,2,0,151.343,4.067
1031334577581567,100064197037125,"PC Merchandise","Salamat sa tiwala boss BERT! RYZEN 5 4600G comshop package — 6 units delivered ✅",,28,"08/09/2023 19:00",,https://www.facebook.com/reel/1566892789976053/,0,0,Reels,,,,,08/15/2023,0,,,,,,0,0,1,0,1,102.248,4.700
1031334577581567,100064197037125,"PC Merchandise","Salamat sa tiwala boss BERT! RYZEN 5 4600G comshop package — 6 units delivered ✅",,28,"08/09/2023 19:00",,https://www.facebook.com/reel/1566892789976053/,0,0,Reels,,,,,08/16/2023,0,,,,,,0,0,1,1,0,197.300,5.179
1031334577581567,100064197037125,"PC Merchandise","Salamat sa tiwala boss BERT! RYZEN 5 4600G comshop package — 6 units delivered ✅",,28,"08/09/2023 19:00",,https://www.facebook.com/reel/1566892789976053/,0,0,Reels,,,,,08/17/2023,0,,,,,,0,0,0,0,0,145.550,3.694
1031334577581567,100064197037125,"PC Merchandise","Salamat sa tiwala boss BERT! RYZEN 5 4600G comshop package — 6 units delivered ✅",,28,"08/09/2023 19:00",,https://www.facebook.com/reel/1566892789976053/,0,0,Reels,,,,,08/18/2023,0,,,,,,0,0,0,0,0,67.651,4.514
1031334577581567,100064197037125,"PC Merchandise","Salamat sa tiwala boss BERT! RYZEN 5 4600G comshop package — 6 units delivered ✅",,28,"08/09/2023 19:00",,https://www.facebook.com/reel/1566892789976053/,0,0,Reels,,,,,08/19/2023,0,,,,,,0,0,0,0,0,64.026,4.312
1031334577581567,100064197037125,"PC Merchandise","Salamat sa tiwala boss BERT! RYZEN 5 4600G comshop package — 6 units delivered ✅",,28,"08/09/2023 19:00",,https://www.facebook.com/reel/1566892789976053/,0,0,Reels,,,,,08/20/2023,0,,,,,,0,0,0,0,0,41.814,4.611
1031334577581567,100064197037125,"PC Merchandise","Salamat sa tiwala boss BERT! RYZEN 5 4600G comshop package — 6 units delivered ✅",,28,"08/09/2023 19:00",,https://www.facebook.com/reel/1566892789976053/,0,0,Reels,,,,,08/21/2023,0,,,,,,0,0,0,0,0,90.360,5.879
1031334577581567,100064197037125,"PC Merchandise","Salamat sa tiwala boss BERT! RYZEN 5 4600G comshop package — 6 units delivered ✅",,28,"08/09/2023 19:00",,https://www.facebook.com/reel/1566892789976053/,0,0,Reels,,,,,08/22/2023,0,,,,,,0,0,0,0,0,29.267,4.827
1031334577581567,100064197037125,"PC Merchandise","Salamat sa tiwala boss BERT! RYZEN 5 4600G comshop package — 6 units delivered ✅",,28,"08/09/2023 19:00",,https://www.facebook.com/reel/1566892789976053/,0,0,Reels,,,,,08/23/2023,0,,,,,,0,0,0,0,0,25.349,4.065
1031334577581567,100064197037125,"PC Merchandise","Salamat sa tiwala boss BERT! RYZEN 5 4600G comshop package — 6 units delivered ✅",,28,"08/09/2023 19:00",,https://www.facebook.com/reel/1566892789976053/,0,0,Reels,,,,,08/24/2023,0,,,,,,0,0,0,0,0,32.358,4.121
1031334577581567,100064197037125,"PC Merchandise","Salamat sa tiwala boss BERT! RYZEN 5 4600G comshop package — 6 units delivered ✅",,28,"08/09/2023 19:00",,https://www.facebook.com/reel/1566892789976053/,0,0,Reels,,,,,08/25/2023,0,,,,,,0,0,0,0,0,16.003,3.658
1031334577581567,100064197037125,"PC Merchandise","Salamat sa tiwala boss BERT! RYZEN 5 4600G comshop package — 6 units delivered ✅",,28,"08/09/2023 19:00",,https://www.facebook.com/reel/1566892789976053/,0,0,Reels,,,,,08/26/2023,0,,,,,,0,0,0,0,0,24.930,5.696
1031334577581567,100064197037125,"PC Merchandise","Salamat sa tiwala boss BERT! RYZEN 5 4600G comshop package — 6 units delivered ✅",,28,"08/09/2023 19:00",,https://www.facebook.com/reel/1566892789976053/,0,0,Reels,,,,,08/27/2023,0,,,,,,0,0,0,0,0,16.355,4.449
1031334577581567,100064197037125,"PC Merchandise","Salamat sa tiwala boss BERT! RYZEN 5 4600G comshop package — 6 units delivered ✅",,28,"08/09/2023 19:00",,https://www.facebook.com/reel/1566892789976053/,0,0,Reels,,,,,08/28/2023,0,,,,,,0,0,0,0,0,15.418,5.202
1031334577581567,100064197037125,"PC Merchandise","Salamat sa tiwala boss BERT! RYZEN 5 4600G comshop package — 6 units delivered ✅",,28,"08/09/2023 19:00",,https://www.facebook.com/reel/1566892789976053/,0,0,Reels,,,,,08/29/2023,0,,,,,,0,0,0,0,0,33.351,4.279
1031334577581567,100064197037125,"PC Merchandise","Salamat sa tiwala boss BERT! RYZEN 5 4600G comshop package — 6 units delivered ✅",,28,"08/09/2023 19:00",,https://www.facebook.com/reel/1566892789976053/,0,0,Reels,,,,,08/30/2023,0,,,,,,0,0,1,1,0,30.959,5.173
1031334577581567,100064197037125,"PC Merchandise","Salamat sa tiwala boss BERT! RYZEN 5 4600G comshop package — 6 units delivered ✅",,28,"08/09/2023 19:00",,https://www.facebook.com/reel/1566892789976053/,0,0,Reels,,,,,08/31/2023,0,,,,,,0,0,0,0,0,15.319,4.820
1030990457823712,100064197037125,"PC Merchandise","UNBOXING: RX 6600 fresh stock just arrived! 📦",,0,"08/08/2023 23:30",,https://www.facebook.com/pcmerchandise.co/posts/pfbid047vsZxIO5xZKsCmPZiUo34w8wxcFCTfPkiMv6qpQc2RVPftl7zToi2kC,0,0,Photos,,,,,08/31/2023,0,,,,,,,,,,,,
1030990457823712,100064197037125,"PC Merchandise","UNBOXING: RX 6600 fresh stock just arrived! 📦",,0,"08/08/2023 23:30",,https://www.facebook.com/pcmerchandise.co/posts/pfbid047vsZxIO5xZKsCmPZiUo34w8wxcFCTfPkiMv6qpQc2RVPftl7zToi2kC,0,0,Photos,,,,,08/01/2023,,,0,0,0,0,0,0,,,,,
1030990457823712,100064197037125,"PC Merchandise","UNBOXING: RX 6600 fresh stock just arrived! 📦",,0,"08/08/2023 23:30",,https://www.facebook.com/pcmerchandise.co/posts/pfbid047vsZxIO5xZKsCmPZiUo34w8wxcFCTfPkiMv6qpQc2RVPftl7zToi2kC,0,0,Photos,,,,,08/02/2023,,,0,0,0,0,0,0,,,,,
1030990457823712,100064197037125,"PC Merchandise","UNBOXING: RX 6600 fresh stock just arrived! 📦",,0,"08/08/2023 23:30",,https://www.facebook.com/pcmerchandise.co/posts/pfbid047vsZxIO5xZKsCmPZiUo34w8wxcFCTfPkiMv6qpQc2RVPftl7zToi2kC,0,0,Photos,,,,,08/03/2023,,,0,0,0,0,0,0,,,,,
1030990457823712,100064197037125,"PC Merchandise","UNBOXING: RX 6600 fresh stock just arrived! 📦",,0,"08/08/2023 23:30",,https://www.facebook.com/pcmerchandise.co/posts/pfbid047vsZxIO5xZKsCmPZiUo34w8wxcFCTfPkiMv6qpQc2RVPftl7zToi2kC,0,0,Photos,,,,,08/04/2023,,,0,0,0,0,0,0,,,,,
1030990457823712,100064197037125,"PC Merchandise","UNBOXING: RX 6600 fresh stock just arrived! 📦",,0,"08/08/2023 23:30",,https://www.facebook.com/pcmerchandise.co/posts/pfbid047vsZxIO5xZKsCmPZiUo34w8wxcFCTfPkiMv6qpQc2RVPftl7zToi2kC,0,0,Photos,,,,,08/05/2023,,,0,0,0,0,0,0,,,,,
1030990457823712,100064197037125,"PC Merchandise","UNBOXING: RX 6600 fresh stock just arrived! 📦",,0,"08/08/2023 23:30",,https://www.facebook.com/pcmerchandise.co/posts/pfbid047vsZxIO5xZKsCmPZiUo34w8wxcFCTfPkiMv6qpQc2RVPftl7zToi2kC,0,0,Photos,,,,,08/06/2023,,,0,0,0,0,0,0,,,,,
1030990457823712,100064197037125,"PC Merchandise","UNBOXING: RX 6600 fresh stock just arrived! 📦",,0,"08/08/2023 23:30",,https://www.facebook.com/pcmerchandise.co/posts/pfbid047vsZxIO5xZKsCmPZiUo34w8wxcFCTfPkiMv6qpQc2RVPftl7zToi2kC,0,0,Photos,,,,,08/07/2023,,,0,0,0,0,0,0,,,,,
1030990457823712,100064197037125,"PC Merchandise","UNBOXING: RX 6600 fresh stock just arrived! 📦",,0,"08/08/2023 23:30",,https://www.facebook.com/pcmerchandise.co/posts/pfbid047vsZxIO5xZKsCmPZiUo34w8wxcFCTfPkiMv6qpQc2RVPftl7zToi2kC,0,0,Photos,,,,,08/08/2023,,,0,0,0,0,0,0,,,,,
1030990457823712,100064197037125,"PC Merchandise","UNBOXING: RX 6600 fresh stock just arrived! 📦",,0,"08/08/2023 23:30",,https://www.facebook.com/pcmerchandise.co/posts/pfbid047vsZxIO5xZKsCmPZiUo34w8wxcFCTfPkiMv6qpQc2RVPftl7zToi2kC,0,0,Photos,,,,,08/09/2023,,,0,0,0,0,0,0,,,,,
1030990457823712,100064197037125,"PC Merchandise","UNBOXING: RX 6600 fresh stock just arrived! 📦",,0,"08/08/2023 23:30",,https://www.facebook.com/pcmerchandise.co/posts/pfbid047vsZxIO5xZKsCmPZiUo34w8wxcFCTfPkiMv6qpQc2RVPftl7zToi2kC,0,0,Photos,,,,,08/10/2023,,,0,0,0,0,0,0,,,,,
1030990457823712,100064197037125,"PC Merchandise","UNBOXING: RX 6600 fresh stock just arrived! 📦",,0,"08/08/2023 23:30",,https://www.facebook.com/pcmerchandise.co/posts/pfbid047vsZxIO5xZKsCmPZiUo34w8wxcFCTfPkiMv6qpQc2RVPftl7zToi2kC,0,0,Photos,,,,,08/11/2023,,,0,0,0,0,0,0,,,,,
1030990457823712,100064197037125,"PC Merchandise","UNBOXING: RX 6600 fresh stock just arrived! 📦",,0,"08/08/2023 23:30",,https://www.facebook.com/pcmerchandise.co/posts/pfbid047vsZxIO5xZKsCmPZiUo34w8wxcFCTfPkiMv6qpQc2RVPftl7zToi2kC,0,0,Photos,,,,,08/12/2023,,,0,0,0,0,0,0,,,,,
1030990457823712,100064197037125,"PC Merchandise","UNBOXING: RX 6600 fresh stock just arrived! 📦",,0,"08/08/2023 23:30",,https://www.facebook.com/pcmerchandise.co/posts/pfbid047vsZxIO5xZKsCmPZiUo34w8wxcFCTfPkiMv6qpQc2RVPftl7zToi2kC,0,0,Photos,,,,,08/13/2023,,,0,0,0,0,0,0,,,,,
1030990457823712,100064197037125,"PC Merchandise","UNBOXING: RX 6600 fresh stock just arrived! 📦",,0,"08/08/2023 23:30",,https://www.facebook.com/pcmerchandise.co/posts/pfbid047vsZxIO5xZKsCmPZiUo34w8wxcFCTfPkiMv6qpQc2RVPftl7zToi2kC,0,0,Photos,,,,,08/14/2023,,,0,0,0,0,0,0,,,,,
1030990457823712,100064197037125,"PC Merchandise","UNBOXING: RX 6600 fresh stock just arrived! 📦",,0,"08/08/2023 23:30",,https://www.facebook.com/pcmerchandise.co/posts/pfbid047vsZxIO5xZKsCmPZiUo34w8wxcFCTfPkiMv6qpQc2RVPftl7zToi2kC,0,0,Photos,,,,,08/15/2023,,,0,0,0,0,0,0,,,,,
1030990457823712,100064197037125,"PC Merchandise","UNBOXING: RX 6600 fresh stock just arrived! 📦",,0,"08/08/2023 23:30",,https://www.facebook.com/pcmerchandise.co/posts/pfbid047vsZxIO5xZKsCmPZiUo34w8wxcFCTfPkiMv6qpQc2RVPftl7zToi2kC,0,0,Photos,,,,,08/16/2023,,,0,0,0,0,0,0,,,,,
1030990457823712,100064197037125,"PC Merchandise","UNBOXING: RX 6600 fresh stock just arrived! 📦",,0,"08/08/2023 23:30",,https://www.facebook.com/pcmerchandise.co/posts/pfbid047vsZxIO5xZKsCmPZiUo34w8wxcFCTfPkiMv6qpQc2RVPftl7zToi2kC,0,0,Photos,,,,,08/17/2023,,,0,0,0,0,0,0,,,,,
1030990457823712,100064197037125,"PC Merchandise","UNBOXING: RX 6600 fresh stock just arrived! 📦",,0,"08/08/2023 23:30",,https://www.facebook.com/pcmerchandise.co/posts/pfbid047vsZxIO5xZKsCmPZiUo34w8wxcFCTfPkiMv6qpQc2RVPftl7zToi2kC,0,0,Photos,,,,,08/18/2023,,,0,0,0,0,0,0,,,,,
1030990457823712,100064197037125,"PC Merchandise","UNBOXING: RX 6600 fresh stock just arrived! 📦",,0,"08/08/2023 23:30",,https://www.facebook.com/pcmerchandise.co/posts/pfbid047vsZxIO5xZKsCmPZiUo34w8wxcFCTfPkiMv6qpQc2RVPftl7zToi2kC,0,0,Photos,,,,,08/19/2023,,,0,0,0,0,0,0,,,,,
1030990457823712,100064197037125,"PC Merchandise","UNBOXING: RX 6600 fresh stock just arrived! 📦",,0,"08/08/2023 23:30",,https://www.facebook.com/pcmerchandise.co/posts/pfbid047vsZxIO5xZKsCmPZiUo34w8wxcFCTfPkiMv6qpQc2RVPftl7zToi2kC,0,0,Photos,,,,,08/20/2023,,,0,0,0,0,0,0,,,,,
1030990457823712,100064197037125,"PC Merchandise","UNBOXING: RX 6600 fresh stock just arrived! 📦",,0,"08/08/2023 23:30",,https://www.facebook.com/pcmerchandise.co/posts/pfbid047vsZxIO5xZKsCmPZiUo34w8wxcFCTfPkiMv6qpQc2RVPftl7zToi2kC,0,0,Photos,,,,,08/21/2023,,,0,0,0,0,0,0,,,,,
1030990457823712,100064197037125,"PC Merchandise","UNBOXING: RX 6600 fresh stock just arrived! 📦",,0,"08/08/2023 23:30",,https://www.facebook.com/pcmerchandise.co/posts/pfbid047vsZxIO5xZKsCmPZiUo34w8wxcFCTfPkiMv6qpQc2RVPftl7zToi2kC,0,0,Photos,,,,,08/22/2023,,,0,0,0,0,0,0,,,,,
1030990457823712,100064197037125,"PC Merchandise","UNBOXING: RX 6600 fresh stock just arrived! 📦",,0,"08/08/2023 23:30",,https://www.facebook.com/pcmerchandise.co/posts/pfbid047vsZxIO5xZKsCmPZiUo34w8wxcFCTfPkiMv6qpQc2RVPftl7zToi2kC,0,0,Photos,,,,,08/23/2023,,,0,0,0,0,0,0,,,,,
1030990457823712,100064197037125,"PC Merchandise","UNBOXING: RX 6600 fresh stock just arrived! 📦",,0,"08/08/2023 23:30",,https://www.facebook.com/pcmerchandise.co/posts/pfbid047vsZxIO5xZKsCmPZiUo34w8wxcFCTfPkiMv6qpQc2RVPftl7zToi2kC,0,0,Photos,,,,,08/24/2023,,,0,0,0,0,0,0,,,,,
1030990457823712,100064197037125,"PC Merchandise","UNBOXING: RX 6600 fresh stock just arrived! 📦",,0,"08/08/2023 23:30",,https://www.facebook.com/pcmerchandise.co/posts/pfbid047vsZxIO5xZKsCmPZiUo34w8wxcFCTfPkiMv6qpQc2RVPftl7zToi2kC,0,0,Photos,,,,,08/25/2023,,,0,0,0,0,0,0,,,,,
1030990457823712,100064197037125,"PC Merchandise","UNBOXING: RX 6600 fresh stock just arrived! 📦",,0,"08/08/2023 23:30",,https://www.facebook.com/pcmerchandise.co/posts/pfbid047vsZxIO5xZKsCmPZiUo34w8wxcFCTfPkiMv6qpQc2RVPftl7zToi2kC,0,0,Photos,,,,,08/26/2023,,,0,0,0,0,0,0,,,,,
1030990457823712,100064197037125,"PC Merchandise","UNBOXING: RX 6600 fresh stock just arrived! 📦",,0,"08/08/2023 23:30",,https://www.facebook.com/pcmerchandise.co/posts/pfbid047vsZxIO5xZKsCmPZiUo34w8wxcFCTfPkiMv6qpQc2RVPftl7zToi2kC,0,0,Photos,,,,,08/27/2023,,,0,0,0,0,0,0,,,,,
1030990457823712,100064197037125,"PC Merchandise","UNBOXING: RX 6600 fresh stock just arrived! 📦",,0,"08/08/2023 23:30",,https://www.facebook.com/pcmerchandise.co/posts/pfbid047vsZxIO5xZKsCmPZiUo34w8wxcFCTfPkiMv6qpQc2RVPftl7zToi2kC,0,0,Photos,,,,,08/28/2023,,,0,0,0,0,0,0,,,,,
1030990457823712,100064197037125,"PC Merchandise","UNBOXING: RX 6600 fresh stock just arrived! 📦",,0,"08/08/2023 23:30",,https://www.facebook.com/pcmerchandise.co/posts/pfbid047vsZxIO5xZKsCmPZiUo34w8wxcFCTfPkiMv6qpQc2RVPftl7zToi2kC,0,0,Photos,,,,,08/29/2023,,,0,0,0,0,0,0,,,,,
1030990457823712,100064197037125,"PC Merchandise","UNBOXING: RX 6600 fresh stock just arrived! 📦",,0,"08/08/2023 23:30",,https://www.facebook.com/pcmerchandise.co/posts/pfbid047vsZxIO5xZKsCmPZiUo34w8wxcFCTfPkiMv6qpQc2RVPftl7zToi2kC,0,0,Photos,,,,,08/30/2023,,,0,0,0,0,0,0,,,,,
1030990457823712,100064197037125,"PC Merchandise","UNBOXING: RX 6600 fresh stock just arrived! 📦",,0,"08/08/2023 23:30",,https://www.facebook.com/pcmerchandise.co/posts/pfbid047vsZxIO5xZKsCmPZiUo34w8wxcFCTfPkiMv6qpQc2RVPftl7zToi2kC,0,0,Photos,,,,,08/31/2023,,,0,0,0,0,0,0,,,,,
1030876067663198,100064197037125,"PC Merchandise","Do you want an aesthetic build that matches your gaming needs? i3 12100F builds available now!",,74,"08/08/2023 22:00",,https://www.facebook.com/reel/1992105931278703/,0,0,Reels,,,,,08/01/2023,0,,,,,,0,0,0,0,0,0.000,6.116
1030876067663198,100064197037125,"PC Merchandise","Do you want an aesthetic build that matches your gaming needs? i3 12100F builds available now!",,74,"08/08/2023 22:00",,https://www.facebook.com/reel/1992105931278703/,0,0,Reels,,,,,08/02/2023,0,,,,,,0,0,0,0,0,0.000,4.569
1030876067663198,100064197037125,"PC Merchandise","Do you want an aesthetic build that matches your gaming needs? i3 12100F builds available now!",,74,"08/08/2023 22:00",,https://www.facebook.com/reel/1992105931278703/,0,0,Reels,,,,,08/03/2023,0,,,,,,0,0,0,0,0,0.000,4.326
1030876067663198,100064197037125,"PC Merchandise","Do you want an aesthetic build that matches your gaming needs? i3 12100F builds available now!",,74,"08/08/2023 22:00",,https://www.facebook.com/reel/1992105931278703/,0,0,Reels,,,,,08/04/2023,0,,,,,,0,0,0,0,0,0.000,4.097
1030876067663198,100064197037125,"PC Merchandise","Do you want an aesthetic build that matches your gaming needs? i3 12100F builds available now!",,74,"08/08/2023 22:00",,https://www.facebook.com/reel/1992105931278703/,0,0,Reels,,,,,08/05/2023,0,,,,,,0,0,0,0,0,0.000,4.491
1030876067663198,100064197037125,"PC Merchandise","Do you want an aesthetic build that matches your gaming needs? i3 12100F builds available now!",,74,"08/08/2023 22:00",,https://www.facebook.com/reel/1992105931278703/,0,0,Reels,,,,,08/06/2023,0,,,,,,0,0,0,0,0,0.000,4.620
1030876067663198,100064197037125,"PC Merchandise","Do you want an aesthetic build that matches your gaming needs? i3 12100F builds available now!",,74,"08/08/2023 22:00",,https://www.facebook.com/reel/1992105931278703/,0,0,Reels,,,,,08/07/2023,0,,,,,,0,0,0,0,0,0.000,2.873
1030876067663198,100064197037125,"PC Merchandise","Do you want an aesthetic build that matches your gaming needs? i3 12100F builds available now!",,74,"08/08/2023 22:00",,https://www.facebook.com/reel/1992105931278703/,0,0,Reels,,,,,08/08/2023,0,,,,,,11,0,0,0,0,199.919,5.774
1030876067663198,100064197037125,"PC Merchandise","Do you want an aesthetic build that matches your gaming needs? i3 12100F builds available now!",,74,"08/08/2023 22:00",,https://www.facebook.com/reel/1992105931278703/,0,0,Reels,,,,,08/09/2023,0,,,,,,10,0,0,0,0,161.728,4.158
1030876067663198,100064197037125,"PC Merchandise","Do you want an aesthetic build that matches your gaming needs? i3 12100F builds available now!",,74,"08/08/2023 22:00",,https://www.facebook.com/reel/1992105931278703/,0,0,Reels,,,,,08/10/2023,0,,,,,,5,0,0,0,0,120.775,3.962
1030876067663198,100064197037125,"PC Merchandise","Do you want an aesthetic build that matches your gaming needs? i3 12100F builds available now!",,74,"08/08/2023 22:00",,https://www.facebook.com/reel/1992105931278703/,0,0,Reels,,,,,08/11/2023,0,,,,,,12,0,0,0,0,115.968,4.292
1030876067663198,100064197037125,"PC Merchandise","Do you want an aesthetic build that matches your gaming needs? i3 12100F builds available now!",,74,"08/08/2023 22:00",,https://www.facebook.com/reel/1992105931278703/,0,0,Reels,,,,,08/12/2023,0,,,,,,10,0,0,0,0,157.236,5.450
1030876067663198,100064197037125,"PC Merchandise","Do you want an aesthetic build that matches your gaming needs? i3 12100F builds available now!",,74,"08/08/2023 22:00",,https://www.facebook.com/reel/1992105931278703/,0,0,Reels,,,,,08/13/2023,0,,,,,,8,0,0,0,0,93.407,3.870
1030876067663198,100064197037125,"PC Merchandise","Do you want an aesthetic build that matches your gaming needs? i3 12100F builds available now!",,74,"08/08/2023 22:00",,https://www.facebook.com/reel/1992105931278703/,0,0,Reels,,,,,08/14/2023,0,,,,,,10,0,0,0,0,48.564,6.259
1030876067663198,100064197037125,"PC Merchandise","Do you want an aesthetic build that matches your gaming needs? i3 12100F builds available now!",,74,"08/08/2023 22:00",,https://www.facebook.com/reel/1992105931278703/,0,0,Reels,,,,,08/15/2023,0,,,,,,5,0,0,0,0,62.447,5.461
1030876067663198,100064197037125,"PC Merchandise","Do you want an aesthetic build that matches your gaming needs? i3 12100F builds available now!",,74,"08/08/2023 22:00",,https://www.facebook.com/reel/1992105931278703/,0,0,Reels,,,,,08/16/2023,0,,,,,,15,0,0,0,0,43.335,4.556
1030876067663198,100064197037125,"PC Merchandise","Do you want an aesthetic build that matches your gaming needs? i3 12100F builds available now!",,74,"08/08/2023 22:00",,https://www.facebook.com/reel/1992105931278703/,0,0,Reels,,,,,08/17/2023,0,,,,,,10,0,0,0,0,53.121,3.866
1030876067663198,100064197037125,"PC Merchandise","Do you want an aesthetic build that matches your gaming needs? i3 12100F builds available now!",,74,"08/08/2023 22:00",,https://www.facebook.com/reel/1992105931278703/,0,0,Reels,,,,,08/18/2023,0,,,,,,0,0,0,0,0,18.872,5.954
1030876067663198,100064197037125,"PC Merchandise","Do you want an aesthetic build that matches your gaming needs? i3 12100F builds available now!",,74,"08/08/2023 22:00",,https://www.facebook.com/reel/1992105931278703/,0,0,Reels,,,,,08/19/2023,0,,,,,,0,0,0,0,0,44.758,4.045
1030876067663198,100064197037125,"PC Merchandise","Do you want an aesthetic build that matches your gaming needs? i3 12100F builds available now!",,74,"08/08/2023 22:00",,https://www.facebook.com/reel/1992105931278703/,0,0,Reels,,,,,08/20/2023,0,,,,,,0,0,0,0,0,13.965,4.548
1030876067663198,100064197037125,"PC Merchandise","Do you want an aesthetic build that matches your gaming needs? i3 12100F builds available now!",,74,"08/08/2023 22:00",,https://www.facebook.com/reel/1992105931278703/,0,0,Reels,,,,,08/21/2023,0,,,,,,0,0,0,0,0,20.979,5.065
1030876067663198,100064197037125,"PC Merchandise","Do you want an aesthetic build that matches your gaming needs? i3 12100F builds available now!",,74,"08/08/2023 22:00",,https://www.facebook.com/reel/1992105931278703/,0,0,Reels,,,,,08/22/2023,0,,,,,,0,0,0,0,0,11.733,5.357
1030876067663198,100064197037125,"PC Merchandise","Do you want an aesthetic build that matches your gaming needs? i3 12100F builds available now!",,74,"08/08/2023 22:00",,https://www.facebook.com/reel/1992105931278703/,0,0,Reels,,,,,08/23/2023,0,,,,,,0,0,0,0,0,12.466,6.312
1030876067663198,100064197037125,"PC Merchandise","Do you want an aesthetic build that matches your gaming needs? i3 12100F builds available now!",,74,"08/08/2023 22:00",,https://www.facebook.com/reel/1992105931278703/,0,0,Reels,,,,,08/24/2023,0,,,,,,0,0,0,0,0,12.800,4.606
1030876067663198,100064197037125,"PC Merchandise","Do you want an aesthetic build that matches your gaming needs? i3 12100F builds available now!",,74,"08/08/2023 22:00",,https://www.facebook.com/reel/1992105931278703/,0,0,Reels,,,,,08/25/2023,0,,,,,,0,0,0,0,0,20.443,5.422
1030876067663198,100064197037125,"PC Merchandise","Do you want an aesthetic build that matches your gaming needs? i3 12100F builds available now!",,74,"08/08/2023 22:00",,https://www.facebook.com/reel/1992105931278703/,0,0,Reels,,,,,08/26/2023,0,,,,,,0,0,0,0,0,10.022,4.426
1030876067663198,100064197037125,"PC Merchandise","Do you want an aesthetic build that matches your gaming needs? i3 12100F builds available now!",,74,"08/08/2023 22:00",,https://www.facebook.com/reel/1992105931278703/,0,0,Reels,,,,,08/27/2023,0,,,,,,0,0,0,0,0,10.548,5.278
1030876067663198,100064197037125,"PC Merchandise","Do you want an aesthetic build that matches your gaming needs? i3 12100F builds available now!",,74,"08/08/2023 22:00",,https://www.facebook.com/reel/1992105931278703/,0,0,Reels,,,,,08/28/2023,0,,,,,,0,0,0,0,0,10.448,4.893
1030876067663198,100064197037125,"PC Merchandise","Do you want an aesthetic build that matches your gaming needs? i3 12100F builds available now!",,74,"08/08/2023 22:00",,https://www.facebook.com/reel/1992105931278703/,0,0,Reels,,,,,08/29/2023,0,,,,,,0,0,0,0,0,5.937,5.586
1030876067663198,100064197037125,"PC Merchandise","Do you want an aesthetic build that matches your gaming needs? i3 12100F builds available now!",,74,"08/08/2023 22:00",,https://www.facebook.com/reel/1992105931278703/,0,0,Reels,,,,,08/30/2023,0,,,,,,0,0,0,0,0,6.468,5.467
1030876067663198,100064197037125,"PC Merchandise","Do you want an aesthetic build that matches your gaming needs? i3 12100F builds available now!",,74,"08/08/2023 22:00",,https://www.facebook.com/reel/1992105931278703/,0,0,Reels,,,,,08/31/2023,0,,,,,,0,0,0,0,0,6.931,4.061
1031054560043377,100064197037125,"PC Merchandise","Pa-mine na yan! i5 12400F gaming build, limited slots only this week.",,81,"08/04/2023 20:25",uploaded,https://www.facebook.com/reel/1102556797632840/,0,0,Reels,,,,,08/01/2023,0,,,,,,0,0,0,0,0,0.000,3.141
1031054560043377,100064197037125,"PC Merchandise","Pa-mine na yan! i5 12400F gaming build, limited slots only this week.",,81,"08/04/2023 20:25",uploaded,https://www.facebook.com/reel/1102556797632840/,0,0,Reels,,,,,08/02/2023,0,,,,,,0,0,0,0,0,0.000,3.501
1031054560043377,100064197037125,"PC Merchandise","Pa-mine na yan! i5 12400F gaming build, limited slots only this week.",,81,"08/04/2023 20:25",uploaded,https://www.facebook.com/reel/1102556797632840/,0,0,Reels,,,,,08/03/2023,0,,,,,,0,0,0,0,0,0.000,4.882
1031054560043377,100064197037125,"PC Merchandise","Pa-mine na yan! i5 12400F gaming build, limited slots only this week.",,81,"08/04/2023 20:25",uploaded,https://www.facebook.com/reel/1102556797632840/,0,0,Reels,,,,,08/04/2023,0,,,,,,0,0,0,0,0,309.480,2.812
1031054560043377,100064197037125,"PC Merchandise","Pa-mine na yan! i5 12400F gaming build, limited slots only this week.",,81,"08/04/2023 20:25",uploaded,https://www.facebook.com/reel/1102556797632840/,0,0,Reels,,,,,08/05/2023,0,,,,,,0,0,2,2,0,277.558,3.760
1031054560043377,100064197037125,"PC Merchandise","Pa-mine na yan! i5 12400F gaming build, limited slots only this week.",,81,"08/04/2023 20:25",uploaded,https://www.facebook.com/reel/1102556797632840/,0,0,Reels,,,,,08/06/2023,0,,,,,,0,0,0,0,0,231.810,2.578
1031054560043377,100064197037125,"PC Merchandise","Pa-mine na yan! i5 12400F gaming build, limited slots only this week.",,81,"08/04/2023 20:25",uploaded,https://www.facebook.com/reel/1102556797632840/,0,0,Reels,,,,,08/07/2023,0,,,,,,0,0,0,0,0,73.338,4.362
1031054560043377,100064197037125,"PC Merchandise","Pa-mine na yan! i5 12400F gaming build, limited slots only this week.",,81,"08/04/2023 20:25",uploaded,https://www.facebook.com/reel/1102556797632840/,0,0,Reels,,,,,08/08/2023,0,,,,,,0,0,0,0,0,133.704,2.731
1031054560043377,100064197037125,"PC Merchandise","Pa-mine na yan! i5 12400F gaming build, limited slots only this week.",,81,"08/04/2023 20:25",uploaded,https://www.facebook.com/reel/1102556797632840/,0,0,Reels,,,,,08/09/2023,0,,,,,,0,0,0,0,0,99.910,4.118
1031054560043377,100064197037125,"PC Merchandise","Pa-mine na yan! i5 12400F gaming build, limited slots only this week.",,81,"08/04/2023 20:25",uploaded,https://www.facebook.com/reel/1102556797632840/,0,0,Reels,,,,,08/10/2023,0,,,,,,0,0,0,0,0,98.220,4.964
1031054560043377,100064197037125,"PC Merchandise","Pa-mine na yan! i5 12400F gaming build, limited slots only this week.",,81,"08/04/2023 20:25",uploaded,https://www.facebook.com/reel/1102556797632840/,0,0,Reels,,,,,08/11/2023,0,,,,,,0,0,1,1,0,69.470,3.750
1031054560043377,100064197037125,"PC Merchandise","Pa-mine na yan! i5 12400F gaming build, limited slots only this week.",,81,"08/04/2023 20:25",uploaded,https://www.facebook.com/reel/1102556797632840/,0,0,Reels,,,,,08/12/2023,0,,,,,,0,0,0,0,0,99.800,5.685
1031054560043377,100064197037125,"PC Merchandise","Pa-mine na yan! i5 12400F gaming build, limited slots only this week.",,81,"08/04/2023 20:25",uploaded,https://www.facebook.com/reel/1102556797632840/,0,0,Reels,,,,,08/13/2023,0,,,,,,0,0,0,0,0,49.649,4.282
1031054560043377,100064197037125,"PC Merchandise","Pa-mine na yan! i5 12400F gaming build, limited slots only this week.",,81,"08/04/2023 20:25",uploaded,https://www.facebook.com/reel/1102556797632840/,0,0,Reels,,,,,08/14/2023,0,,,,,,0,0,0,0,0,32.377,3.521
1031054560043377,100064197037125,"PC Merchandise","Pa-mine na yan! i5 12400F gaming build, limited slots only this week.",,81,"08/04/2023 20:25",uploaded,https://www.facebook.com/reel/1102556797632840/,0,0,Reels,,,,,08/15/2023,0,,,,,,0,0,0,0,0,62.406,5.091
1031054560043377,100064197037125,"PC Merchandise","Pa-mine na yan! i5 12400F gaming build, limited slots only this week.",,81,"08/04/2023 20:25",uploaded,https://www.facebook.com/reel/1102556797632840/,0,0,Reels,,,,,08/16/2023,0,,,,,,0,0,0,0,0,52.139,4.401
1031054560043377,100064197037125,"PC Merchandise","Pa-mine na yan! i5 12400F gaming build, limited slots only this week.",,81,"08/04/2023 20:25",uploaded,https://www.facebook.com/reel/1102556797632840/,0,0,Reels,,,,,08/17/2023,0,,,,,,0,0,0,0,0,31.419,3.276
1031054560043377,100064197037125,"PC Merchandise","Pa-mine na yan! i5 12400F gaming build, limited slots only this week.",,81,"08/04/2023 20:25",uploaded,https://www.facebook.com/reel/1102556797632840/,0,0,Reels,,,,,08/18/2023,0,,,,,,0,0,1,1,0,63.744,4.285
1031054560043377,100064197037125,"PC Merchandise","Pa-mine na yan! i5 12400F gaming build, limited slots only this week.",,81,"08/04/2023 20:25",uploaded,https://www.facebook.com/reel/1102556797632840/,0,0,Reels,,,,,08/19/2023,0,,,,,,0,0,0,0,0,61.128,4.318
1031054560043377,100064197037125,"PC Merchandise","Pa-mine na yan! i5 12400F gaming build, limited slots only this week.",,81,"08/04/2023 20:25",uploaded,https://www.facebook.com/reel/1102556797632840/,0,0,Reels,,,,,08/20/2023,0,,,,,,0,0,0,0,0,34.220,4.699
1031054560043377,100064197037125,"PC Merchandise","Pa-mine na yan! i5 12400F gaming build, limited slots only this week.",,81,"08/04/2023 20:25",uploaded,https://www.facebook.com/reel/1102556797632840/,0,0,Reels,,,,,08/21/2023,0,,,,,,0,0,0,0,0,28.779,4.326
1031054560043377,100064197037125,"PC Merchandise","Pa-mine na yan! i5 12400F gaming build, limited slots only this week.",,81,"08/04/2023 20:25",uploaded,https://www.facebook.com/reel/1102556797632840/,0,0,Reels,,,,,08/22/2023,0,,,,,,0,0,0,0,0,20.343,2.709
1031054560043377,100064197037125,"PC Merchandise","Pa-mine na yan! i5 12400F gaming build, limited slots only this week.",,81,"08/04/2023 20:25",uploaded,https://www.facebook.com/reel/1102556797632840/,0,0,Reels,,,,,08/23/2023,0,,,,,,0,0,0,0,0,20.580,3.611
1031054560043377,100064197037125,"PC Merchandise","Pa-mine na yan! i5 12400F gaming build, limited slots only this week.",,81,"08/04/2023 20:25",uploaded,https://www.facebook.com/reel/1102556797632840/,0,0,Reels,,,,,08/24/2023,0,,,,,,0,0,0,0,0,29.950,4.483
1031054560043377,100064197037125,"PC Merchandise","Pa-mine na yan! i5 12400F gaming build, limited slots only this week.",,81,"08/04/2023 20:25",uploaded,https://www.facebook.com/reel/1102556797632840/,0,0,Reels,,,,,08/25/2023,0,,,,,,0,0,0,0,0,22.061,5.231
1031054560043377,100064197037125,"PC Merchandise","Pa-mine na yan! i5 12400F gaming build, limited slots only this week.",,81,"08/04/2023 20:25",uploaded,https://www.facebook.com/reel/1102556797632840/,0,0,Reels,,,,,08/26/2023,0,,,,,,0,0,0,0,0,25.063,4.848
1031054560043377,100064197037125,"PC Merchandise","Pa-mine na yan! i5 12400F gaming build, limited slots only this week.",,81,"08/04/2023 20:25",uploaded,https://www.facebook.com/reel/1102556797632840/,0,0,Reels,,,,,08/27/2023,0,,,,,,0,0,0,0,0,14.656,5.456
1031054560043377,100064197037125,"PC Merchandise","Pa-mine na yan! i5 12400F gaming build, limited slots only this week.",,81,"08/04/2023 20:25",uploaded,https://www.facebook.com/reel/1102556797632840/,0,0,Reels,,,,,08/28/2023,0,,,,,,0,0,0,0,0,22.940,4.067
1031054560043377,100064197037125,"PC Merchandise","Pa-mine na yan! i5 12400F gaming build, limited slots only this week.",,81,"08/04/2023 20:25",uploaded,https://www.facebook.com/reel/1102556797632840/,0,0,Reels,,,,,08/29/2023,0,,,,,,0,0,0,0,0,22.789,3.374
1031054560043377,100064197037125,"PC Merchandise","Pa-mine na yan! i5 12400F gaming build, limited slots only this week.",,81,"08/04/2023 20:25",uploaded,https://www.facebook.com/reel/1102556797632840/,0,0,Reels,,,,,08/30/2023,0,,,,,,0,0,0,0,0,23.059,4.370
1031054560043377,100064197037125,"PC Merchandise","Pa-mine na yan! i5 12400F gaming build, limited slots only this week.",,81,"08/04/2023 20:25",uploaded,https://www.facebook.com/reel/1102556797632840/,0,0,Reels,,,,,08/31/2023,0,,,,,,0,0,0,0,0,21.366,4.247
1030881855453788,100064197037125,"PC Merchandise","客户 satisfied ✅ RYZEN 5 4600G build with RGB everything 🌈",,66,"08/04/2023 19:01",,https://www.facebook.com/reel/1274284605979728/,0,0,Reels,,,,,08/01/2023,0,,,,,,0,0,0,0,0,0.000,4.077
1030881855453788,100064197037125,"PC Merchandise","客户 satisfied ✅ RYZEN 5 4600G build with RGB everything 🌈",,66,"08/04/2023 19:01",,https://www.facebook.com/reel/1274284605979728/,0,0,Reels,,,,,08/02/2023,0,,,,,,0,0,0,0,0,0.000,4.814
1030881855453788,100064197037125,"PC Merchandise","客户 satisfied ✅ RYZEN 5 4600G build with RGB everything 🌈",,66,"08/04/2023 19:01",,https://www.facebook.com/reel/1274284605979728/,0,0,Reels,,,,,08/03/2023,0,,,,,,0,0,0,0,0,0.000,2.839
1030881855453788,100064197037125,"PC Merchandise","客户 satisfied ✅ RYZEN 5 4600G build with RGB everything 🌈",,66,"08/04/2023 19:01",,https://www.facebook.com/reel/1274284605979728/,0,0,Reels,,,,,08/04/2023,0,,,,,,0,0,0,0,0,126.254,4.175
1030881855453788,100064197037125,"PC Merchandise","客户 satisfied ✅ RYZEN 5 4600G build with RGB everything 🌈",,66,"08/04/2023 19:01",,https://www.facebook.com/reel/1274284605979728/,0,0,Reels,,,,,08/05/2023,0,,,,,,0,0,1,1,0,89.333,4.417
1030881855453788,100064197037125,"PC Merchandise","客户 satisfied ✅ RYZEN 5 4600G build with RGB everything 🌈",,66,"08/04/2023 19:01",,https://www.facebook.com/reel/1274284605979728/,0,0,Reels,,,,,08/06/2023,0,,,,,,0,0,0,0,0,49.740,4.117
1030881855453788,100064197037125,"PC Merchandise","客户 satisfied ✅ RYZEN 5 4600G build with RGB everything 🌈",,66,"08/04/2023 19:01",,https://www.facebook.com/reel/1274284605979728/,0,0,Reels,,,,,08/07/2023,0,,,,,,0,0,1,0,1,20.157,4.011
1030881855453788,100064197037125,"PC Merchandise","客户 satisfied ✅ RYZEN 5 4600G build with RGB everything 🌈",,66,"08/04/2023 19:01",,https://www.facebook.com/reel/1274284605979728/,0,0,Reels,,,,,08/08/2023,0,,,,,,0,0,0,0,0,68.987,4.766
1030881855453788,100064197037125,"PC Merchandise","客户 satisfied ✅ RYZEN 5 4600G build with RGB everything 🌈",,66,"08/04/2023 19:01",,https://www.facebook.com/reel/1274284605979728/,0,0,Reels,,,,,08/09/2023,0,,,,,,0,0,0,0,0,32.796,5.216
1030881855453788,100064197037125,"PC Merchandise","客户 satisfied ✅ RYZEN 5 4600G build with RGB everything 🌈",,66,"08/04/2023 19:01",,https://www.facebook.com/reel/1274284605979728/,0,0,Reels,,,,,08/10/2023,0,,,,,,0,0,0,0,0,40.401,5.560
1030881855453788,100064197037125,"PC Merchandise","客户 satisfied ✅ RYZEN 5 4600G build with RGB everything 🌈",,66,"08/04/2023 19:01",,https://www.facebook.com/reel/1274284605979728/,0,0,Reels,,,,,08/11/2023,0,,,,,,0,0,0,0,0,21.531,4.153
1030881855453788,100064197037125,"PC Merchandise","客户 satisfied ✅ RYZEN 5 4600G build with RGB everything 🌈",,66,"08/04/2023 19:01",,https://www.facebook.com/reel/1274284605979728/,0,0,Reels,,,,,08/12/2023,0,,,,,,0,0,0,0,0,33.425,3.261
1030881855453788,100064197037125,"PC Merchandise","客户 satisfied ✅ RYZEN 5 4600G build with RGB everything 🌈",,66,"08/04/2023 19:01",,https://www.facebook.com/reel/1274284605979728/,0,0,Reels,,,,,08/13/2023,0,,,,,,0,0,0,0,0,15.831,4.539
1030881855453788,100064197037125,"PC Merchandise","客户 satisfied ✅ RYZEN 5 4600G build with RGB everything 🌈",,66,"08/04/2023 19:01",,https://www.facebook.com/reel/1274284605979728/,0,0,Reels,,,,,08/14/2023,0,,,,,,0,0,0,0,0,13.919,4.725
1030881855453788,100064197037125,"PC Merchandise","客户 satisfied ✅ RYZEN 5 4600G build with RGB everything 🌈",,66,"08/04/2023 19:01",,https://www.facebook.com/reel/1274284605979728/,0,0,Reels,,,,,08/15/2023,0,,,,,,0,0,0,0,0,35.173,5.155
1030881855453788,100064197037125,"PC Merchandise","客户 satisfied ✅ RYZEN 5 4600G build with RGB everything 🌈",,66,"08/04/2023 19:01",,https://www.facebook.com/reel/1274284605979728/,0,0,Reels,,,,,08/16/2023,0,,,,,,0,0,0,0,0,14.331,3.628
1030881855453788,100064197037125,"PC Merchandise","客户 satisfied ✅ RYZEN 5 4600G build with RGB everything 🌈",,66,"08/04/2023 19:01",,https://www.facebook.com/reel/1274284605979728/,0,0,Reels,,,,,08/17/2023,0,,,,,,0,0,0,0,0,21.412,4.305
1030881855453788,100064197037125,"PC Merchandise","客户 satisfied ✅ RYZEN 5 4600G build with RGB everything 🌈",,66,"08/04/2023 19:01",,https://www.facebook.com/reel/1274284605979728/,0,0,Reels,,,,,08/18/2023,0,,,,,,0,0,0,0,0,14.167,6.039
1030881855453788,100064197037125,"PC Merchandise","客户 satisfied ✅ RYZEN 5 4600G build with RGB everything 🌈",,66,"08/04/2023 19:01",,https://www.facebook.com/reel/1274284605979728/,0,0,Reels,,,,,08/19/2023,0,,,,,,0,0,0,0,0,14.307,6.540
1030881855453788,100064197037125,"PC Merchandise","客户 satisfied ✅ RYZEN 5 4600G build with RGB everything 🌈",,66,"08/04/2023 19:01",,https://www.facebook.com/reel/1274284605979728/,0,0,Reels,,,,,08/20/2023,0,,,,,,0,0,0,0,0,7.727,4.471
1030881855453788,100064197037125,"PC Merchandise","客户 satisfied ✅ RYZEN 5 4600G build with RGB everything 🌈",,66,"08/04/2023 19:01",,https://www.facebook.com/reel/1274284605979728/,0,0,Reels,,,,,08/21/2023,0,,,,,,0,0,0,0,0,7.458,3.905
1030881855453788,100064197037125,"PC Merchandise","客户 satisfied ✅ RYZEN 5 4600G build with RGB everything 🌈",,66,"08/04/2023 19:01",,https://www.facebook.com/reel/1274284605979728/,0,0,Reels,,,,,08/22/2023,0,,,,,,0,0,0,0,0,9.956,4.590
1030881855453788,100064197037125,"PC Merchandise","客户 satisfied ✅ RYZEN 5 4600G build with RGB everything 🌈",,66,"08/04/2023 19:01",,https://www.facebook.com/reel/1274284605979728/,0,0,Reels,,,,,08/23/2023,0,,,,,,0,0,0,0,0,10.331,3.607
1030881855453788,100064197037125,"PC Merchandise","客户 satisfied ✅ RYZEN 5 4600G build with RGB everything 🌈",,66,"08/04/2023 19:01",,https://www.facebook.com/reel/1274284605979728/,0,0,Reels,,,,,08/24/2023,0,,,,,,0,0,0,0,0,8.915,3.489
1030881855453788,100064197037125,"PC Merchandise","客户 satisfied ✅ RYZEN 5 4600G build with RGB everything 🌈",,66,"08/04/2023 19:01",,https://www.facebook.com/reel/1274284605979728/,0,0,Reels,,,,,08/25/2023,0,,,,,,0,0,0,0,0,10.921,4.275
1030881855453788,100064197037125,"PC Merchandise","客户 satisfied ✅ RYZEN 5 4600G build with RGB everything 🌈",,66,"08/04/2023 19:01",,https://www.facebook.com/reel/1274284605979728/,0,0,Reels,,,,,08/26/2023,0,,,,,,0,0,0,0,0,6.875,3.978
1030881855453788,100064197037125,"PC Merchandise","客户 satisfied ✅ RYZEN 5 4600G build with RGB everything 🌈",,66,"08/04/2023 19:01",,https://www.facebook.com/reel/1274284605979728/,0,0,Reels,,,,,08/27/2023,0,,,,,,0,0,0,0,0,6.860,4.009
1030881855453788,100064197037125,"PC Merchandise","客户 satisfied ✅ RYZEN 5 4600G build with RGB everything 🌈",,66,"08/04/2023 19:01",,https://www.facebook.com/reel/1274284605979728/,0,0,Reels,,,,,08/28/2023,0,,,,,,0,0,0,0,0,6.976,3.415
1030881855453788,100064197037125,"PC Merchandise","客户 satisfied ✅ RYZEN 5 4600G build with RGB everything 🌈",,66,"08/04/2023 19:01",,https://www.facebook.com/reel/1274284605979728/,0,0,Reels,,,,,08/29/2023,0,,,,,,0,0,0,0,0,7.254,4.006
1030881855453788,100064197037125,"PC Merchandise","客户 satisfied ✅ RYZEN 5 4600G build with RGB everything 🌈",,66,"08/04/2023 19:01",,https://www.facebook.com/reel/1274284605979728/,0,0,Reels,,,,,08/30/2023,0,,,,,,0,0,0,0,0,8.481,3.371
1030881855453788,100064197037125,"PC Merchandise","客户 satisfied ✅ RYZEN 5 4600G build with RGB everything 🌈",,66,"08/04/2023 19:01",,https://www.facebook.com/reel/1274284605979728/,0,0,Reels,,,,,08/31/2023,0,,,,,,0,0,0,0,0,11.022,4.070
1030725836213554,100064197037125,"PC Merchandise","𝐑𝐘𝐙𝐄𝐍 𝟓 𝟑𝟒𝟎𝟎𝐆 𝟖+𝟏 w/ 𝐑𝐓𝐗 𝟑𝟎𝟓𝟎
𝐆𝐀𝐌𝐈𝐍𝐆 𝐁𝐔𝐈𝐋𝐃
#PCMERCHANDISE #PCMBUILDS",,0,"08/03/2023 22:30",,https://www.facebook.com/pcmerchandise.co/posts/pfbid0Wn59x8LgpUGUBrhsVMmYoKnO8EMvwCHc7FB7WYUWtSW4yqUw7B6dFchq,0,0,Photos,,,,,08/31/2023,0,,,,,,,,,,,,
1030725836213554,100064197037125,"PC Merchandise","𝐑𝐘𝐙𝐄𝐍 𝟓 𝟑𝟒𝟎𝟎𝐆 𝟖+𝟏 w/ 𝐑𝐓𝐗 𝟑𝟎𝟓𝟎
𝐆𝐀𝐌𝐈𝐍𝐆 𝐁𝐔𝐈𝐋𝐃
#PCMERCHANDISE #PCMBUILDS",,0,"08/03/2023 22:30",,https://www.facebook.com/pcmerchandise.co/posts/pfbid0Wn59x8LgpUGUBrhsVMmYoKnO8EMvwCHc7FB7WYUWtSW4yqUw7B6dFchq,0,0,Photos,,,,,08/01/2023,,,0,0,0,0,0,0,,,,,
1030725836213554,100064197037125,"PC Merchandise","𝐑𝐘𝐙𝐄𝐍 𝟓 𝟑𝟒𝟎𝟎𝐆 𝟖+𝟏 w/ 𝐑𝐓𝐗 𝟑𝟎𝟓𝟎
𝐆𝐀𝐌𝐈𝐍𝐆 𝐁𝐔𝐈𝐋𝐃
#PCMERCHANDISE #PCMBUILDS",,0,"08/03/2023 22:30",,https://www.facebook.com/pcmerchandise.co/posts/pfbid0Wn59x8LgpUGUBrhsVMmYoKnO8EMvwCHc7FB7WYUWtSW4yqUw7B6dFchq,0,0,Photos,,,,,08/02/2023,,,0,0,0,0,0,0,,,,,
1030725836213554,100064197037125,"PC Merchandise","𝐑𝐘𝐙𝐄𝐍 𝟓 𝟑𝟒𝟎𝟎𝐆 𝟖+𝟏 w/ 𝐑𝐓𝐗 𝟑𝟎𝟓𝟎
𝐆𝐀𝐌𝐈𝐍𝐆 𝐁𝐔𝐈𝐋𝐃
#PCMERCHANDISE #PCMBUILDS",,0,"08/03/2023 22:30",,https://www.facebook.com/pcmerchandise.co/posts/pfbid0Wn59x8LgpUGUBrhsVMmYoKnO8EMvwCHc7FB7WYUWtSW4yqUw7B6dFchq,0,0,Photos,,,,,08/03/2023,,,0,0,0,0,0,0,,,,,
1030725836213554,100064197037125,"PC Merchandise","𝐑𝐘𝐙𝐄𝐍 𝟓 𝟑𝟒𝟎𝟎𝐆 𝟖+𝟏 w/ 𝐑𝐓𝐗 𝟑𝟎𝟓𝟎
𝐆𝐀𝐌𝐈𝐍𝐆 𝐁𝐔𝐈𝐋𝐃
#PCMERCHANDISE #PCMBUILDS",,0,"08/03/2023 22:30",,https://www.facebook.com/pcmerchandise.co/posts/pfbid0Wn59x8LgpUGUBrhsVMmYoKnO8EMvwCHc7FB7WYUWtSW4yqUw7B6dFchq,0,0,Photos,,,,,08/04/2023,,,0,0,0,0,0,0,,,,,
1030725836213554,100064197037125,"PC Merchandise","𝐑𝐘𝐙𝐄𝐍 𝟓 𝟑𝟒𝟎𝟎𝐆 𝟖+𝟏 w/ 𝐑𝐓𝐗 𝟑𝟎𝟓𝟎
𝐆𝐀𝐌𝐈𝐍𝐆 𝐁𝐔𝐈𝐋𝐃
#PCMERCHANDISE #PCMBUILDS",,0,"08/03/2023 22:30",,https://www.facebook.com/pcmerchandise.co/posts/pfbid0Wn59x8LgpUGUBrhsVMmYoKnO8EMvwCHc7FB7WYUWtSW4yqUw7B6dFchq,0,0,Photos,,,,,08/05/2023,,,0,0,0,0,0,0,,,,,
1030725836213554,100064197037125,"PC Merchandise","𝐑𝐘𝐙𝐄𝐍 𝟓 𝟑𝟒𝟎𝟎𝐆 𝟖+𝟏 w/ 𝐑𝐓𝐗 𝟑𝟎𝟓𝟎
𝐆𝐀𝐌𝐈𝐍𝐆 𝐁𝐔𝐈𝐋𝐃
#PCMERCHANDISE #PCMBUILDS",,0,"08/03/2023 22:30",,https://www.facebook.com/pcmerchandise.co/posts/pfbid0Wn59x8LgpUGUBrhsVMmYoKnO8EMvwCHc7FB7WYUWtSW4yqUw7B6dFchq,0,0,Photos,,,,,08/06/2023,,,0,0,0,0,0,0,,,,,
1030725836213554,100064197037125,"PC Merchandise","𝐑𝐘𝐙𝐄𝐍 𝟓 𝟑𝟒𝟎𝟎𝐆 𝟖+𝟏 w/ 𝐑𝐓𝐗 𝟑𝟎𝟓𝟎
𝐆𝐀𝐌𝐈𝐍𝐆 𝐁𝐔𝐈𝐋𝐃
#PCMERCHANDISE #PCMBUILDS",,0,"08/03/2023 22:30",,https://www.facebook.com/pcmerchandise.co/posts/pfbid0Wn59x8LgpUGUBrhsVMmYoKnO8EMvwCHc7FB7WYUWtSW4yqUw7B6dFchq,0,0,Photos,,,,,08/07/2023,,,0,0,0,0,0,0,,,,,
1030725836213554,100064197037125,"PC Merchandise","𝐑𝐘𝐙𝐄𝐍 𝟓 𝟑𝟒𝟎𝟎𝐆 𝟖+𝟏 w/ 𝐑𝐓𝐗 𝟑𝟎𝟓𝟎
𝐆𝐀𝐌𝐈𝐍𝐆 𝐁𝐔𝐈𝐋𝐃
#PCMERCHANDISE #PCMBUILDS",,0,"08/03/2023 22:30",,https://www.facebook.com/pcmerchandise.co/posts/pfbid0Wn59x8LgpUGUBrhsVMmYoKnO8EMvwCHc7FB7WYUWtSW4yqUw7B6dFchq,0,0,Photos,,,,,08/08/2023,,,0,0,0,0,0,0,,,,,
1030725836213554,100064197037125,"PC Merchandise","𝐑𝐘𝐙𝐄𝐍 𝟓 𝟑𝟒𝟎𝟎𝐆 𝟖+𝟏 w/ 𝐑𝐓𝐗 𝟑𝟎𝟓𝟎
𝐆𝐀𝐌𝐈𝐍𝐆 𝐁𝐔𝐈𝐋𝐃
#PCMERCHANDISE #PCMBUILDS",,0,"08/03/2023 22:30",,https://www.facebook.com/pcmerchandise.co/posts/pfbid0Wn59x8LgpUGUBrhsVMmYoKnO8EMvwCHc7FB7WYUWtSW4yqUw7B6dFchq,0,0,Photos,,,,,08/09/2023,,,0,0,0,0,0,0,,,,,
1030725836213554,100064197037125,"PC Merchandise","𝐑𝐘𝐙𝐄𝐍 𝟓 𝟑𝟒𝟎𝟎𝐆 𝟖+𝟏 w/ 𝐑𝐓𝐗 𝟑𝟎𝟓𝟎
𝐆𝐀𝐌𝐈𝐍𝐆 𝐁𝐔𝐈𝐋𝐃
#PCMERCHANDISE #PCMBUILDS",,0,"08/03/2023 22:30",,https://www.facebook.com/pcmerchandise.co/posts/pfbid0Wn59x8LgpUGUBrhsVMmYoKnO8EMvwCHc7FB7WYUWtSW4yqUw7B6dFchq,0,0,Photos,,,,,08/10/2023,,,0,0,0,0,0,0,,,,,
1030725836213554,100064197037125,"PC Merchandise","𝐑𝐘𝐙𝐄𝐍 𝟓 𝟑𝟒𝟎𝟎𝐆 𝟖+𝟏 w/ 𝐑𝐓𝐗 𝟑𝟎𝟓𝟎
𝐆𝐀𝐌𝐈𝐍𝐆 𝐁𝐔𝐈𝐋𝐃
#PCMERCHANDISE #PCMBUILDS",,0,"08/03/2023 22:30",,https://www.facebook.com/pcmerchandise.co/posts/pfbid0Wn59x8LgpUGUBrhsVMmYoKnO8EMvwCHc7FB7WYUWtSW4yqUw7B6dFchq,0,0,Photos,,,,,08/11/2023,,,0,0,0,0,0,0,,,,,
1030725836213554,100064197037125,"PC Merchandise","𝐑𝐘𝐙𝐄𝐍 𝟓 𝟑𝟒𝟎𝟎𝐆 𝟖+𝟏 w/ 𝐑𝐓𝐗 𝟑𝟎𝟓𝟎
𝐆𝐀𝐌𝐈𝐍𝐆 𝐁𝐔𝐈𝐋𝐃
#PCMERCHANDISE #PCMBUILDS",,0,"08/03/2023 22:30",,https://www.facebook.com/pcmerchandise.co/posts/pfbid0Wn59x8LgpUGUBrhsVMmYoKnO8EMvwCHc7FB7WYUWtSW4yqUw7B6dFchq,0,0,Photos,,,,,08/12/2023,,,0,0,0,0,0,0,,,,,
1030725836213554,100064197037125,"PC Merchandise","𝐑𝐘𝐙𝐄𝐍 𝟓 𝟑𝟒𝟎𝟎𝐆 𝟖+𝟏 w/ 𝐑𝐓𝐗 𝟑𝟎𝟓𝟎
𝐆𝐀𝐌𝐈𝐍𝐆 𝐁𝐔𝐈𝐋𝐃
#PCMERCHANDISE #PCMBUILDS",,0,"08/03/2023 22:30",,https://www.facebook.com/pcmerchandise.co/posts/pfbid0Wn59x8LgpUGUBrhsVMmYoKnO8EMvwCHc7FB7WYUWtSW4yqUw7B6dFchq,0,0,Photos,,,,,08/13/2023,,,0,0,0,0,0,0,,,,,
1030725836213554,100064197037125,"PC Merchandise","𝐑𝐘𝐙𝐄𝐍 𝟓 𝟑𝟒𝟎𝟎𝐆 𝟖+𝟏 w/ 𝐑𝐓𝐗 𝟑𝟎𝟓𝟎
𝐆𝐀𝐌𝐈𝐍𝐆 𝐁𝐔𝐈𝐋𝐃
#PCMERCHANDISE #PCMBUILDS",,0,"08/03/2023 22:30",,https://www.facebook.com/pcmerchandise.co/posts/pfbid0Wn59x8LgpUGUBrhsVMmYoKnO8EMvwCHc7FB7WYUWtSW4yqUw7B6dFchq,0,0,Photos,,,,,08/14/2023,,,0,0,0,0,0,0,,,,,
1030725836213554,100064197037125,"PC Merchandise","𝐑𝐘𝐙𝐄𝐍 𝟓 𝟑𝟒𝟎𝟎𝐆 𝟖+𝟏 w/ 𝐑𝐓𝐗 𝟑𝟎𝟓𝟎
𝐆𝐀𝐌𝐈𝐍𝐆 𝐁𝐔𝐈𝐋𝐃
#PCMERCHANDISE #PCMBUILDS",,0,"08/03/2023 22:30",,https://www.facebook.com/pcmerchandise.co/posts/pfbid0Wn59x8LgpUGUBrhsVMmYoKnO8EMvwCHc7FB7WYUWtSW4yqUw7B6dFchq,0,0,Photos,,,,,08/15/2023,,,0,0,0,0,0,0,,,,,
1030725836213554,100064197037125,"PC Merchandise","𝐑𝐘𝐙𝐄𝐍 𝟓 𝟑𝟒𝟎𝟎𝐆 𝟖+𝟏 w/ 𝐑𝐓𝐗 𝟑𝟎𝟓𝟎
𝐆𝐀𝐌𝐈𝐍𝐆 𝐁𝐔𝐈𝐋𝐃
#PCMERCHANDISE #PCMBUILDS",,0,"08/03/2023 22:30",,https://www.facebook.com/pcmerchandise.co/posts/pfbid0Wn59x8LgpUGUBrhsVMmYoKnO8EMvwCHc7FB7WYUWtSW4yqUw7B6dFchq,0,0,Photos,,,,,08/16/2023,,,0,0,0,0,0,0,,,,,
1030725836213554,100064197037125,"PC Merchandise","𝐑𝐘𝐙𝐄𝐍 𝟓 𝟑𝟒𝟎𝟎𝐆 𝟖+𝟏 w/ 𝐑𝐓𝐗 𝟑𝟎𝟓𝟎
𝐆𝐀𝐌𝐈𝐍𝐆 𝐁𝐔𝐈𝐋𝐃
#PCMERCHANDISE #PCMBUILDS",,0,"08/03/2023 22:30",,https://www.facebook.com/pcmerchandise.co/posts/pfbid0Wn59x8LgpUGUBrhsVMmYoKnO8EMvwCHc7FB7WYUWtSW4yqUw7B6dFchq,0,0,Photos,,,,,08/17/2023,,,0,0,0,0,0,0,,,,,
1030725836213554,100064197037125,"PC Merchandise","𝐑𝐘𝐙𝐄𝐍 𝟓 𝟑𝟒𝟎𝟎𝐆 𝟖+𝟏 w/ 𝐑𝐓𝐗 𝟑𝟎𝟓𝟎
𝐆𝐀𝐌𝐈𝐍𝐆 𝐁𝐔𝐈𝐋𝐃
#PCMERCHANDISE #PCMBUILDS",,0,"08/03/2023 22:30",,https://www.facebook.com/pcmerchandise.co/posts/pfbid0Wn59x8LgpUGUBrhsVMmYoKnO8EMvwCHc7FB7WYUWtSW4yqUw7B6dFchq,0,0,Photos,,,,,08/18/2023,,,0,0,0,0,0,0,,,,,
1030725836213554,100064197037125,"PC Merchandise","𝐑𝐘𝐙𝐄𝐍 𝟓 𝟑𝟒𝟎𝟎𝐆 𝟖+𝟏 w/ 𝐑𝐓𝐗 𝟑𝟎𝟓𝟎
𝐆𝐀𝐌𝐈𝐍𝐆 𝐁𝐔𝐈𝐋𝐃
#PCMERCHANDISE #PCMBUILDS",,0,"08/03/2023 22:30",,https://www.facebook.com/pcmerchandise.co/posts/pfbid0Wn59x8LgpUGUBrhsVMmYoKnO8EMvwCHc7FB7WYUWtSW4yqUw7B6dFchq,0,0,Photos,,,,,08/19/2023,,,0,0,0,0,0,0,,,,,
1030725836213554,100064197037125,"PC Merchandise","𝐑𝐘𝐙𝐄𝐍 𝟓 𝟑𝟒𝟎𝟎𝐆 𝟖+𝟏 w/ 𝐑𝐓𝐗 𝟑𝟎𝟓𝟎
𝐆𝐀𝐌𝐈𝐍𝐆 𝐁𝐔𝐈𝐋𝐃
#PCMERCHANDISE #PCMBUILDS",,0,"08/03/2023 22:30",,https://www.facebook.com/pcmerchandise.co/posts/pfbid0Wn59x8LgpUGUBrhsVMmYoKnO8EMvwCHc7FB7WYUWtSW4yqUw7B6dFchq,0,0,Photos,,,,,08/20/2023,,,0,0,0,0,0,0,,,,,
1030725836213554,100064197037125,"PC Merchandise","𝐑𝐘𝐙𝐄𝐍 𝟓 𝟑𝟒𝟎𝟎𝐆 𝟖+𝟏 w/ 𝐑𝐓𝐗 𝟑𝟎𝟓𝟎
𝐆𝐀𝐌𝐈𝐍𝐆 𝐁𝐔𝐈𝐋𝐃
#PCMERCHANDISE #PCMBUILDS",,0,"08/03/2023 22:30",,https://www.facebook.com/pcmerchandise.co/posts/pfbid0Wn59x8LgpUGUBrhsVMmYoKnO8EMvwCHc7FB7WYUWtSW4yqUw7B6dFchq,0,0,Photos,,,,,08/21/2023,,,0,0,0,0,0,0,,,,,
1030725836213554,100064197037125,"PC Merchandise","𝐑𝐘𝐙𝐄𝐍 𝟓 𝟑𝟒𝟎𝟎𝐆 𝟖+𝟏 w/ 𝐑𝐓𝐗 𝟑𝟎𝟓𝟎
𝐆𝐀𝐌𝐈𝐍𝐆 𝐁𝐔𝐈𝐋𝐃
#PCMERCHANDISE #PCMBUILDS",,0,"08/03/2023 22:30",,https://www.facebook.com/pcmerchandise.co/posts/pfbid0Wn59x8LgpUGUBrhsVMmYoKnO8EMvwCHc7FB7WYUWtSW4yqUw7B6dFchq,0,0,Photos,,,,,08/22/2023,,,0,0,0,0,0,0,,,,,
1030725836213554,100064197037125,"PC Merchandise","𝐑𝐘𝐙𝐄𝐍 𝟓 𝟑𝟒𝟎𝟎𝐆 𝟖+𝟏 w/ 𝐑𝐓𝐗 𝟑𝟎𝟓𝟎
𝐆𝐀𝐌𝐈𝐍𝐆 𝐁𝐔𝐈𝐋𝐃
#PCMERCHANDISE #PCMBUILDS",,0,"08/03/2023 22:30",,https://www.facebook.com/pcmerchandise.co/posts/pfbid0Wn59x8LgpUGUBrhsVMmYoKnO8EMvwCHc7FB7WYUWtSW4yqUw7B6dFchq,0,0,Photos,,,,,08/23/2023,,,0,0,0,0,0,0,,,,,
1030725836213554,100064197037125,"PC Merchandise","𝐑𝐘𝐙𝐄𝐍 𝟓 𝟑𝟒𝟎𝟎𝐆 𝟖+𝟏 w/ 𝐑𝐓𝐗 𝟑𝟎𝟓𝟎
𝐆𝐀𝐌𝐈𝐍𝐆 𝐁𝐔𝐈𝐋𝐃
#PCMERCHANDISE #PCMBUILDS",,0,"08/03/2023 22:30",,https://www.facebook.com/pcmerchandise.co/posts/pfbid0Wn59x8LgpUGUBrhsVMmYoKnO8EMvwCHc7FB7WYUWtSW4yqUw7B6dFchq,0,0,Photos,,,,,08/24/2023,,,0,0,0,0,0,0,,,,,
1030725836213554,100064197037125,"PC Merchandise","𝐑𝐘𝐙𝐄𝐍 𝟓 𝟑𝟒𝟎𝟎𝐆 𝟖+𝟏 w/ 𝐑𝐓𝐗 𝟑𝟎𝟓𝟎
𝐆𝐀𝐌𝐈𝐍𝐆 𝐁𝐔𝐈𝐋𝐃
#PCMERCHANDISE #PCMBUILDS",,0,"08/03/2023 22:30",,https://www.facebook.com/pcmerchandise.co/posts/pfbid0Wn59x8LgpUGUBrhsVMmYoKnO8EMvwCHc7FB7WYUWtSW4yqUw7B6dFchq,0,0,Photos,,,,,08/25/2023,,,0,0,0,0,0,0,,,,,
1030725836213554,100064197037125,"PC Merchandise","𝐑𝐘𝐙𝐄𝐍 𝟓 𝟑𝟒𝟎𝟎𝐆 𝟖+𝟏 w/ 𝐑𝐓𝐗 𝟑𝟎𝟓𝟎
𝐆𝐀𝐌𝐈𝐍𝐆 𝐁𝐔𝐈𝐋𝐃
#PCMERCHANDISE #PCMBUILDS",,0,"08/03/2023 22:30",,https://www.facebook.com/pcmerchandise.co/posts/pfbid0Wn59x8LgpUGUBrhsVMmYoKnO8EMvwCHc7FB7WYUWtSW4yqUw7B6dFchq,0,0,Photos,,,,,08/26/2023,,,0,0,0,0,0,0,,,,,
1030725836213554,100064197037125,"PC Merchandise","𝐑𝐘𝐙𝐄𝐍 𝟓 𝟑𝟒𝟎𝟎𝐆 𝟖+𝟏 w/ 𝐑𝐓𝐗 𝟑𝟎𝟓𝟎
𝐆𝐀𝐌𝐈𝐍𝐆 𝐁𝐔𝐈𝐋𝐃
#PCMERCHANDISE #PCMBUILDS",,0,"08/03/2023 22:30",,https://www.facebook.com/pcmerchandise.co/posts/pfbid0Wn59x8LgpUGUBrhsVMmYoKnO8EMvwCHc7FB7WYUWtSW4yqUw7B6dFchq,0,0,Photos,,,,,08/27/2023,,,0,0,0,0,0,0,,,,,
1030725836213554,100064197037125,"PC Merchandise","𝐑𝐘𝐙𝐄𝐍 𝟓 𝟑𝟒𝟎𝟎𝐆 𝟖+𝟏 w/ 𝐑𝐓𝐗 𝟑𝟎𝟓𝟎
𝐆𝐀𝐌𝐈𝐍𝐆 𝐁𝐔𝐈𝐋𝐃
#PCMERCHANDISE #PCMBUILDS",,0,"08/03/2023 22:30",,https://www.facebook.com/pcmerchandise.co/posts/pfbid0Wn59x8LgpUGUBrhsVMmYoKnO8EMvwCHc7FB7WYUWtSW4yqUw7B6dFchq,0,0,Photos,,,,,08/28/2023,,,0,0,0,0,0,0,,,,,
1030725836213554,100064197037125,"PC Merchandise","𝐑𝐘𝐙𝐄𝐍 𝟓 𝟑𝟒𝟎𝟎𝐆 𝟖+𝟏 w/ 𝐑𝐓𝐗 𝟑𝟎𝟓𝟎
𝐆𝐀𝐌𝐈𝐍𝐆 𝐁𝐔𝐈𝐋𝐃
#PCMERCHANDISE #PCMBUILDS",,0,"08/03/2023 22:30",,https://www.facebook.com/pcmerchandise.co/posts/pfbid0Wn59x8LgpUGUBrhsVMmYoKnO8EMvwCHc7FB7WYUWtSW4yqUw7B6dFchq,0,0,Photos,,,,,08/29/2023,,,0,0,0,0,0,0,,,,,
1030725836213554,100064197037125,"PC Merchandise","𝐑𝐘𝐙𝐄𝐍 𝟓 𝟑𝟒𝟎𝟎𝐆 𝟖+𝟏 w/ 𝐑𝐓𝐗 𝟑𝟎𝟓𝟎
𝐆𝐀𝐌𝐈𝐍𝐆 𝐁𝐔𝐈𝐋𝐃
#PCMERCHANDISE #PCMBUILDS",,0,"08/03/2023 22:30",,https://www.facebook.com/pcmerchandise.co/posts/pfbid0Wn59x8LgpUGUBrhsVMmYoKnO8EMvwCHc7FB7WYUWtSW4yqUw7B6dFchq,0,0,Photos,,,,,08/30/2023,,,0,0,0,0,0,0,,,,,
1030725836213554,100064197037125,"PC Merchandise","𝐑𝐘𝐙𝐄𝐍 𝟓 𝟑𝟒𝟎𝟎𝐆 𝟖+𝟏 w/ 𝐑𝐓𝐗 𝟑𝟎𝟓𝟎
𝐆𝐀𝐌𝐈𝐍𝐆 𝐁𝐔𝐈𝐋𝐃
#PCMERCHANDISE #PCMBUILDS",,0,"08/03/2023 22:30",,https://www.facebook.com/pcmerchandise.co/posts/pfbid0Wn59x8LgpUGUBrhsVMmYoKnO8EMvwCHc7FB7WYUWtSW4yqUw7B6dFchq,0,0,Photos,,,,,08/31/2023,,,0,0,0,0,0,0,,,,,
1030546218095905,100064197037125,"PC Merchandise","READY STOCK: RYZEN 5 5600G / RTX 3050 builds. Same-day assembly. PM NOW!",,269,"08/03/2023 00:00",,https://www.facebook.com/pcmerchandise.co/videos/2274169425204452/,0,0,Videos,,,,,08/01/2023,0,,0,0,0,0,0,0,0,0,0,0.000,5.700
1030546218095905,100064197037125,"PC Merchandise","READY STOCK: RYZEN 5 5600G / RTX 3050 builds. Same-day assembly. PM NOW!",,269,"08/03/2023 00:00",,https://www.facebook.com/pcmerchandise.co/videos/2274169425204452/,0,0,Videos,,,,,08/02/2023,0,,0,0,0,0,0,0,0,0,0,0.000,4.387
1030546218095905,100064197037125,"PC Merchandise","READY STOCK: RYZEN 5 5600G / RTX 3050 builds. Same-day assembly. PM NOW!",,269,"08/03/2023 00:00",,https://www.facebook.com/pcmerchandise.co/videos/2274169425204452/,0,0,Videos,,,,,08/03/2023,0,,32,4,28,3,0,0,0,0,0,93.693,3.652
1030546218095905,100064197037125,"PC Merchandise","READY STOCK: RYZEN 5 5600G / RTX 3050 builds. Same-day assembly. PM NOW!",,269,"08/03/2023 00:00",,https://www.facebook.com/pcmerchandise.co/videos/2274169425204452/,0,0,Videos,,,,,08/04/2023,0,,19,2,18,1,0,0,0,0,0,103.534,5.493
1030546218095905,100064197037125,"PC Merchandise","READY STOCK: RYZEN 5 5600G / RTX 3050 builds. Same-day assembly. PM NOW!",,269,"08/03/2023 00:00",,https://www.facebook.com/pcmerchandise.co/videos/2274169425204452/,0,0,Videos,,,,,08/05/2023,0,,24,2,19,1,0,0,0,0,0,63.495,3.575
1030546218095905,100064197037125,"PC Merchandise","READY STOCK: RYZEN 5 5600G / RTX 3050 builds. Same-day assembly. PM NOW!",,269,"08/03/2023 00:00",,https://www.facebook.com/pcmerchandise.co/videos/2274169425204452/,0,0,Videos,,,,,08/06/2023,0,,16,2,13,1,0,0,0,0,0,60.416,2.644
1030546218095905,100064197037125,"PC Merchandise","READY STOCK: RYZEN 5 5600G / RTX 3050 builds. Same-day assembly. PM NOW!",,269,"08/03/2023 00:00",,https://www.facebook.com/pcmerchandise.co/videos/2274169425204452/,0,0,Videos,,,,,08/07/2023,0,,7,0,5,0,0,0,0,0,0,61.747,4.911
1030546218095905,100064197037125,"PC Merchandise","READY STOCK: RYZEN 5 5600G / RTX 3050 builds. Same-day assembly. PM NOW!",,269,"08/03/2023 00:00",,https://www.facebook.com/pcmerchandise.co/videos/2274169425204452/,0,0,Videos,,,,,08/08/2023,0,,9,0,7,0,0,0,0,0,0,53.395,4.200
1030546218095905,100064197037125,"PC Merchandise","READY STOCK: RYZEN 5 5600G / RTX 3050 builds. Same-day assembly. PM NOW!",,269,"08/03/2023 00:00",,https://www.facebook.com/pcmerchandise.co/videos/2274169425204452/,0,0,Videos,,,,,08/09/2023,0,,12,1,10,0,0,0,0,0,0,72.295,4.123
1030546218095905,100064197037125,"PC Merchandise","READY STOCK: RYZEN 5 5600G / RTX 3050 builds. Same-day assembly. PM NOW!",,269,"08/03/2023 00:00",,https://www.facebook.com/pcmerchandise.co/videos/2274169425204452/,0,0,Videos,,,,,08/10/2023,0,,14,0,12,0,0,0,0,0,0,47.201,2.589
1030546218095905,100064197037125,"PC Merchandise","READY STOCK: RYZEN 5 5600G / RTX 3050 builds. Same-day assembly. PM NOW!",,269,"08/03/2023 00:00",,https://www.facebook.com/pcmerchandise.co/videos/2274169425204452/,0,0,Videos,,,,,08/11/2023,0,,13,2,10,1,0,0,0,0,0,37.291,3.540
1030546218095905,100064197037125,"PC Merchandise","READY STOCK: RYZEN 5 5600G / RTX 3050 builds. Same-day assembly. PM NOW!",,269,"08/03/2023 00:00",,https://www.facebook.com/pcmerchandise.co/videos/2274169425204452/,0,0,Videos,,,,,08/12/2023,0,,7,0,5,0,0,0,0,0,0,18.017,3.162
1030546218095905,100064197037125,"PC Merchandise","READY STOCK: RYZEN 5 5600G / RTX 3050 builds. Same-day assembly. PM NOW!",,269,"08/03/2023 00:00",,https://www.facebook.com/pcmerchandise.co/videos/2274169425204452/,0,0,Videos,,,,,08/13/2023,0,,6,1,4,0,0,0,1,0,1,27.050,4.028
1030546218095905,100064197037125,"PC Merchandise","READY STOCK: RYZEN 5 5600G / RTX 3050 builds. Same-day assembly. PM NOW!",,269,"08/03/2023 00:00",,https://www.facebook.com/pcmerchandise.co/videos/2274169425204452/,0,0,Videos,,,,,08/14/2023,0,,7,0,5,0,0,0,0,0,0,31.576,3.819
1030546218095905,100064197037125,"PC Merchandise","READY STOCK: RYZEN 5 5600G / RTX 3050 builds. Same-day assembly. PM NOW!",,269,"08/03/2023 00:00",,https://www.facebook.com/pcmerchandise.co/videos/2274169425204452/,0,0,Videos,,,,,08/15/2023,0,,8,1,6,0,0,0,0,0,0,20.255,4.288
1030546218095905,100064197037125,"PC Merchandise","READY STOCK: RYZEN 5 5600G / RTX 3050 builds. Same-day assembly. PM NOW!",,269,"08/03/2023 00:00",,https://www.facebook.com/pcmerchandise.co/videos/2274169425204452/,0,0,Videos,,,,,08/16/2023,0,,10,1,8,0,0,0,0,0,0,25.259,4.203
1030546218095905,100064197037125,"PC Merchandise","READY STOCK: RYZEN 5 5600G / RTX 3050 builds. Same-day assembly. PM NOW!",,269,"08/03/2023 00:00",,https://www.facebook.com/pcmerchandise.co/videos/2274169425204452/,0,0,Videos,,,,,08/17/2023,0,,5,0,4,0,0,0,0,0,0,22.005,2.803
1030546218095905,100064197037125,"PC Merchandise","READY STOCK: RYZEN 5 5600G / RTX 3050 builds. Same-day assembly. PM NOW!",,269,"08/03/2023 00:00",,https://www.facebook.com/pcmerchandise.co/videos/2274169425204452/,0,0,Videos,,,,,08/18/2023,0,,6,1,4,0,0,0,0,0,0,32.994,5.717
1030546218095905,100064197037125,"PC Merchandise","READY STOCK: RYZEN 5 5600G / RTX 3050 builds. Same-day assembly. PM NOW!",,269,"08/03/2023 00:00",,https://www.facebook.com/pcmerchandise.co/videos/2274169425204452/,0,0,Videos,,,,,08/19/2023,0,,4,0,3,0,0,0,0,0,0,32.152,3.539
1030546218095905,100064197037125,"PC Merchandise","READY STOCK: RYZEN 5 5600G / RTX 3050 builds. Same-day assembly. PM NOW!",,269,"08/03/2023 00:00",,https://www.facebook.com/pcmerchandise.co/videos/2274169425204452/,0,0,Videos,,,,,08/20/2023,0,,2,0,1,0,0,0,0,0,0,15.849,4.195
1030546218095905,100064197037125,"PC Merchandise","READY STOCK: RYZEN 5 5600G / RTX 3050 builds. Same-day assembly. PM NOW!",,269,"08/03/2023 00:00",,https://www.facebook.com/pcmerchandise.co/videos/2274169425204452/,0,0,Videos,,,,,08/21/2023,0,,4,0,3,0,0,0,0,0,0,9.797,4.016
1030546218095905,100064197037125,"PC Merchandise","READY STOCK: RYZEN 5 5600G / RTX 3050 builds. Same-day assembly. PM NOW!",,269,"08/03/2023 00:00",,https://www.facebook.com/pcmerchandise.co/videos/2274169425204452/,0,0,Videos,,,,,08/22/2023,0,,3,0,2,0,0,0,0,0,0,10.785,2.732
1030546218095905,100064197037125,"PC Merchandise","READY STOCK: RYZEN 5 5600G / RTX 3050 builds. Same-day assembly. PM NOW!",,269,"08/03/2023 00:00",,https://www.facebook.com/pcmerchandise.co/videos/2274169425204452/,0,0,Videos,,,,,08/23/2023,0,,4,0,3,0,0,0,0,0,0,17.553,4.392
1030546218095905,100064197037125,"PC Merchandise","READY STOCK: RYZEN 5 5600G / RTX 3050 builds. Same-day assembly. PM NOW!",,269,"08/03/2023 00:00",,https://www.facebook.com/pcmerchandise.co/videos/2274169425204452/,0,0,Videos,,,,,08/24/2023,0,,3,0,2,0,0,0,0,0,0,25.625,4.073
1030546218095905,100064197037125,"PC Merchandise","READY STOCK: RYZEN 5 5600G / RTX 3050 builds. Same-day assembly. PM NOW!",,269,"08/03/2023 00:00",,https://www.facebook.com/pcmerchandise.co/videos/2274169425204452/,0,0,Videos,,,,,08/25/2023,0,,3,0,2,0,0,0,0,0,0,19.260,1.745
1030546218095905,100064197037125,"PC Merchandise","READY STOCK: RYZEN 5 5600G / RTX 3050 builds. Same-day assembly. PM NOW!",,269,"08/03/2023 00:00",,https://www.facebook.com/pcmerchandise.co/videos/2274169425204452/,0,0,Videos,,,,,08/26/2023,0,,1,0,0,0,0,0,0,0,0,17.002,2.867
1030546218095905,100064197037125,"PC Merchandise","READY STOCK: RYZEN 5 5600G / RTX 3050 builds. Same-day assembly. PM NOW!",,269,"08/03/2023 00:00",,https://www.facebook.com/pcmerchandise.co/videos/2274169425204452/,0,0,Videos,,,,,08/27/2023,0,,4,0,3,0,0,0,0,0,0,13.760,3.672
1030546218095905,100064197037125,"PC Merchandise","READY STOCK: RYZEN 5 5600G / RTX 3050 builds. Same-day assembly. PM NOW!",,269,"08/03/2023 00:00",,https://www.facebook.com/pcmerchandise.co/videos/2274169425204452/,0,0,Videos,,,,,08/28/2023,0,,0,0,0,0,0,0,0,0,0,9.033,3.720
1030546218095905,100064197037125,"PC Merchandise","READY STOCK: RYZEN 5 5600G / RTX 3050 builds. Same-day assembly. PM NOW!",,269,"08/03/2023 00:00",,https://www.facebook.com/pcmerchandise.co/videos/2274169425204452/,0,0,Videos,,,,,08/29/2023,0,,5,0,3,0,0,0,0,0,0,18.311,4.053
1030546218095905,100064197037125,"PC Merchandise","READY STOCK: RYZEN 5 5600G / RTX 3050 builds. Same-day assembly. PM NOW!",,269,"08/03/2023 00:00",,https://www.facebook.com/pcmerchandise.co/videos/2274169425204452/,0,0,Videos,,,,,08/30/2023,0,,4,0,3,0,0,0,0,0,0,19.131,4.973
1030546218095905,100064197037125,"PC Merchandise","READY STOCK: RYZEN 5 5600G / RTX 3050 builds. Same-day assembly. PM NOW!",,269,"08/03/2023 00:00",,https://www.facebook.com/pcmerchandise.co/videos/2274169425204452/,0,0,Videos,,,,,08/31/2023,0,,5,0,4,0,0,0,0,0,0,6.959,3.076
1030973882140724,100064197037125,"PC Merchandise","Sulit na sulit! RYZEN 5 5600G package, ready for pickup or shipping nationwide 🚚",,86,"08/01/2023 20:00",mixed,https://www.facebook.com/reel/1893749074409312/,0,0,Reels,,,,,08/01/2023,0,,,,,,0,0,0,0,0,76.535,4.441
1030973882140724,100064197037125,"PC Merchandise","Sulit na sulit! RYZEN 5 5600G package, ready for pickup or shipping nationwide 🚚",,86,"08/01/2023 20:00",mixed,https://www.facebook.com/reel/1893749074409312/,0,0,Reels,,,,,08/02/2023,0,,,,,,0,0,0,0,0,53.729,5.326
1030973882140724,100064197037125,"PC Merchandise","Sulit na sulit! RYZEN 5 5600G package, ready for pickup or shipping nationwide 🚚",,86,"08/01/2023 20:00",mixed,https://www.facebook.com/reel/1893749074409312/,0,0,Reels,,,,,08/03/2023,0,,,,,,0,0,0,0,0,49.751,5.950
1030973882140724,100064197037125,"PC Merchandise","Sulit na sulit! RYZEN 5 5600G package, ready for pickup or shipping nationwide 🚚",,86,"08/01/2023 20:00",mixed,https://www.facebook.com/reel/1893749074409312/,0,0,Reels,,,,,08/04/2023,0,,,,,,0,0,0,0,0,33.606,6.145
1030973882140724,100064197037125,"PC Merchandise","Sulit na sulit! RYZEN 5 5600G package, ready for pickup or shipping nationwide 🚚",,86,"08/01/2023 20:00",mixed,https://www.facebook.com/reel/1893749074409312/,0,0,Reels,,,,,08/05/2023,0,,,,,,0,0,0,0,0,20.073,5.262
1030973882140724,100064197037125,"PC Merchandise","Sulit na sulit! RYZEN 5 5600G package, ready for pickup or shipping nationwide 🚚",,86,"08/01/2023 20:00",mixed,https://www.facebook.com/reel/1893749074409312/,0,0,Reels,,,,,08/06/2023,0,,,,,,0,0,0,0,0,10.271,6.505
1030973882140724,100064197037125,"PC Merchandise","Sulit na sulit! RYZEN 5 5600G package, ready for pickup or shipping nationwide 🚚",,86,"08/01/2023 20:00",mixed,https://www.facebook.com/reel/1893749074409312/,0,0,Reels,,,,,08/07/2023,0,,,,,,0,0,0,0,0,5.766,6.930
1030973882140724,100064197037125,"PC Merchandise","Sulit na sulit! RYZEN 5 5600G package, ready for pickup or shipping nationwide 🚚",,86,"08/01/2023 20:00",mixed,https://www.facebook.com/reel/1893749074409312/,0,0,Reels,,,,,08/08/2023,0,,,,,,0,0,0,0,0,15.593,6.301
1030973882140724,100064197037125,"PC Merchandise","Sulit na sulit! RYZEN 5 5600G package, ready for pickup or shipping nationwide 🚚",,86,"08/01/2023 20:00",mixed,https://www.facebook.com/reel/1893749074409312/,0,0,Reels,,,,,08/09/2023,0,,,,,,0,0,0,0,0,20.269,4.889
1030973882140724,100064197037125,"PC Merchandise","Sulit na sulit! RYZEN 5 5600G package, ready for pickup or shipping nationwide 🚚",,86,"08/01/2023 20:00",mixed,https://www.facebook.com/reel/1893749074409312/,0,0,Reels,,,,,08/10/2023,0,,,,,,0,0,0,0,0,13.750,6.504
1030973882140724,100064197037125,"PC Merchandise","Sulit na sulit! RYZEN 5 5600G package, ready for pickup or shipping nationwide 🚚",,86,"08/01/2023 20:00",mixed,https://www.facebook.com/reel/1893749074409312/,0,0,Reels,,,,,08/11/2023,0,,,,,,0,0,0,0,0,15.726,5.509
1030973882140724,100064197037125,"PC Merchandise","Sulit na sulit! RYZEN 5 5600G package, ready for pickup or shipping nationwide 🚚",,86,"08/01/2023 20:00",mixed,https://www.facebook.com/reel/1893749074409312/,0,0,Reels,,,,,08/12/2023,0,,,,,,0,0,0,0,0,13.579,4.999
1030973882140724,100064197037125,"PC Merchandise","Sulit na sulit! RYZEN 5 5600G package, ready for pickup or shipping nationwide 🚚",,86,"08/01/2023 20:00",mixed,https://www.facebook.com/reel/1893749074409312/,0,0,Reels,,,,,08/13/2023,0,,,,,,0,0,0,0,0,10.661,4.385
1030973882140724,100064197037125,"PC Merchandise","Sulit na sulit! RYZEN 5 5600G package, ready for pickup or shipping nationwide 🚚",,86,"08/01/2023 20:00",mixed,https://www.facebook.com/reel/1893749074409312/,0,0,Reels,,,,,08/14/2023,0,,,,,,0,0,0,0,0,19.125,5.266
1030973882140724,100064197037125,"PC Merchandise","Sulit na sulit! RYZEN 5 5600G package, ready for pickup or shipping nationwide 🚚",,86,"08/01/2023 20:00",mixed,https://www.facebook.com/reel/1893749074409312/,0,0,Reels,,,,,08/15/2023,0,,,,,,0,0,0,0,0,14.159,4.675
1030973882140724,100064197037125,"PC Merchandise","Sulit na sulit! RYZEN 5 5600G package, ready for pickup or shipping nationwide 🚚",,86,"08/01/2023 20:00",mixed,https://www.facebook.com/reel/1893749074409312/,0,0,Reels,,,,,08/16/2023,0,,,,,,0,0,0,0,0,11.985,5.721
1030973882140724,100064197037125,"PC Merchandise","Sulit na sulit! RYZEN 5 5600G package, ready for pickup or shipping nationwide 🚚",,86,"08/01/2023 20:00",mixed,https://www.facebook.com/reel/1893749074409312/,0,0,Reels,,,,,08/17/2023,0,,,,,,0,0,1,0,1,7.838,4.722
1030973882140724,100064197037125,"PC Merchandise","Sulit na sulit! RYZEN 5 5600G package, ready for pickup or shipping nationwide 🚚",,86,"08/01/2023 20:00",mixed,https://www.facebook.com/reel/1893749074409312/,0,0,Reels,,,,,08/18/2023,0,,,,,,0,0,0,0,0,8.932,5.613
1030973882140724,100064197037125,"PC Merchandise","Sulit na sulit! RYZEN 5 5600G package, ready for pickup or shipping nationwide 🚚",,86,"08/01/2023 20:00",mixed,https://www.facebook.com/reel/1893749074409312/,0,0,Reels,,,,,08/19/2023,0,,,,,,0,0,0,0,0,7.720,5.767
1030973882140724,100064197037125,"PC Merchandise","Sulit na sulit! RYZEN 5 5600G package, ready for pickup or shipping nationwide 🚚",,86,"08/01/2023 20:00",mixed,https://www.facebook.com/reel/1893749074409312/,0,0,Reels,,,,,08/20/2023,0,,,,,,0,0,0,0,0,9.672,6.611
1030973882140724,100064197037125,"PC Merchandise","Sulit na sulit! RYZEN 5 5600G package, ready for pickup or shipping nationwide 🚚",,86,"08/01/2023 20:00",mixed,https://www.facebook.com/reel/1893749074409312/,0,0,Reels,,,,,08/21/2023,0,,,,,,0,0,0,0,0,5.607,6.693
1030973882140724,100064197037125,"PC Merchandise","Sulit na sulit! RYZEN 5 5600G package, ready for pickup or shipping nationwide 🚚",,86,"08/01/2023 20:00",mixed,https://www.facebook.com/reel/1893749074409312/,0,0,Reels,,,,,08/22/2023,0,,,,,,0,0,0,0,0,4.673,5.840
1030973882140724,100064197037125,"PC Merchandise","Sulit na sulit! RYZEN 5 5600G package, ready for pickup or shipping nationwide 🚚",,86,"08/01/2023 20:00",mixed,https://www.facebook.com/reel/1893749074409312/,0,0,Reels,,,,,08/23/2023,0,,,,,,0,0,0,0,0,5.883,5.014
1030973882140724,100064197037125,"PC Merchandise","Sulit na sulit! RYZEN 5 5600G package, ready for pickup or shipping nationwide 🚚",,86,"08/01/2023 20:00",mixed,https://www.facebook.com/reel/1893749074409312/,0,0,Reels,,,,,08/24/2023,0,,,,,,0,0,0,0,0,5.977,5.104
1030973882140724,100064197037125,"PC Merchandise","Sulit na sulit! RYZEN 5 5600G package, ready for pickup or shipping nationwide 🚚",,86,"08/01/2023 20:00",mixed,https://www.facebook.com/reel/1893749074409312/,0,0,Reels,,,,,08/25/2023,0,,,,,,0,0,0,0,0,3.181,7.266
1030973882140724,100064197037125,"PC Merchandise","Sulit na sulit! RYZEN 5 5600G package, ready for pickup or shipping nationwide 🚚",,86,"08/01/2023 20:00",mixed,https://www.facebook.com/reel/1893749074409312/,0,0,Reels,,,,,08/26/2023,0,,,,,,0,0,0,0,0,9.785,4.524
1030973882140724,100064197037125,"PC Merchandise","Sulit na sulit! RYZEN 5 5600G package, ready for pickup or shipping nationwide 🚚",,86,"08/01/2023 20:00",mixed,https://www.facebook.com/reel/1893749074409312/,0,0,Reels,,,,,08/27/2023,0,,,,,,0,0,0,0,0,2.224,4.732
1030973882140724,100064197037125,"PC Merchandise","Sulit na sulit! RYZEN 5 5600G package, ready for pickup or shipping nationwide 🚚",,86,"08/01/2023 20:00",mixed,https://www.facebook.com/reel/1893749074409312/,0,0,Reels,,,,,08/28/2023,0,,,,,,0,0,0,0,0,4.291,5.027
1030973882140724,100064197037125,"PC Merchandise","Sulit na sulit! RYZEN 5 5600G package, ready for pickup or shipping nationwide 🚚",,86,"08/01/2023 20:00",mixed,https://www.facebook.com/reel/1893749074409312/,0,0,Reels,,,,,08/29/2023,0,,,,,,0,0,0,0,0,6.991,5.121
1030973882140724,100064197037125,"PC Merchandise","Sulit na sulit! RYZEN 5 5600G package, ready for pickup or shipping nationwide 🚚",,86,"08/01/2023 20:00",mixed,https://www.facebook.com/reel/1893749074409312/,0,0,Reels,,,,,08/30/2023,0,,,,,,0,0,0,0,0,7.856,6.559
1030973882140724,100064197037125,"PC Merchandise","Sulit na sulit! RYZEN 5 5600G package, ready for pickup or shipping nationwide 🚚",,86,"08/01/2023 20:00",mixed,https://www.facebook.com/reel/1893749074409312/,0,0,Reels,,,,,08/31/2023,0,,,,,,0,0,0,0,0,3.699,6.085
1031120594056755,100064197037125,"PC Merchandise","One more rig complete. One more client satisfied. Built with RYZEN 5 5600G + RTX 3050. PM us for yours!",,65,"08/01/2023 20:00",mixed,https://www.facebook.com/reel/1686617770028337/,0,0,Reels,,,,,08/01/2023,0,,,,,,488,0,0,0,0,353.244,4.249
1031120594056755,100064197037125,"PC Merchandise","One more rig complete. One more client satisfied. Built with RYZEN 5 5600G + RTX 3050. PM us for yours!",,65,"08/01/2023 20:00",mixed,https://www.facebook.com/reel/1686617770028337/,0,0,Reels,,,,,08/02/2023,0,,,,,,487,0,0,0,0,248.183,4.674
1031120594056755,100064197037125,"PC Merchandise","One more rig complete. One more client satisfied. Built with RYZEN 5 5600G + RTX 3050. PM us for yours!",,65,"08/01/2023 20:00",mixed,https://www.facebook.com/reel/1686617770028337/,0,0,Reels,,,,,08/03/2023,0,,,,,,496,0,0,0,0,199.274,2.432
1031120594056755,100064197037125,"PC Merchandise","One more rig complete. One more client satisfied. Built with RYZEN 5 5600G + RTX 3050. PM us for yours!",,65,"08/01/2023 20:00",mixed,https://www.facebook.com/reel/1686617770028337/,0,0,Reels,,,,,08/04/2023,0,,,,,,434,0,0,0,0,204.111,2.276
1031120594056755,100064197037125,"PC Merchandise","One more rig complete. One more client satisfied. Built with RYZEN 5 5600G + RTX 3050. PM us for yours!",,65,"08/01/2023 20:00",mixed,https://www.facebook.com/reel/1686617770028337/,0,0,Reels,,,,,08/05/2023,0,,,,,,0,0,0,0,0,197.356,2.148
1031120594056755,100064197037125,"PC Merchandise","One more rig complete. One more client satisfied. Built with RYZEN 5 5600G + RTX 3050. PM us for yours!",,65,"08/01/2023 20:00",mixed,https://www.facebook.com/reel/1686617770028337/,0,0,Reels,,,,,08/06/2023,0,,,,,,0,0,0,0,0,141.769,2.492
1031120594056755,100064197037125,"PC Merchandise","One more rig complete. One more client satisfied. Built with RYZEN 5 5600G + RTX 3050. PM us for yours!",,65,"08/01/2023 20:00",mixed,https://www.facebook.com/reel/1686617770028337/,0,0,Reels,,,,,08/07/2023,0,,,,,,0,0,1,0,1,97.380,2.905
1031120594056755,100064197037125,"PC Merchandise","One more rig complete. One more client satisfied. Built with RYZEN 5 5600G + RTX 3050. PM us for yours!",,65,"08/01/2023 20:00",mixed,https://www.facebook.com/reel/1686617770028337/,0,0,Reels,,,,,08/08/2023,0,,,,,,0,0,0,0,0,67.158,2.149
1031120594056755,100064197037125,"PC Merchandise","One more rig complete. One more client satisfied. Built with RYZEN 5 5600G + RTX 3050. PM us for yours!",,65,"08/01/2023 20:00",mixed,https://www.facebook.com/reel/1686617770028337/,0,0,Reels,,,,,08/09/2023,0,,,,,,0,0,0,0,0,115.494,3.787
1031120594056755,100064197037125,"PC Merchandise","One more rig complete. One more client satisfied. Built with RYZEN 5 5600G + RTX 3050. PM us for yours!",,65,"08/01/2023 20:00",mixed,https://www.facebook.com/reel/1686617770028337/,0,0,Reels,,,,,08/10/2023,0,,,,,,0,0,0,0,0,114.772,4.517
1031120594056755,100064197037125,"PC Merchandise","One more rig complete. One more client satisfied. Built with RYZEN 5 5600G + RTX 3050. PM us for yours!",,65,"08/01/2023 20:00",mixed,https://www.facebook.com/reel/1686617770028337/,0,0,Reels,,,,,08/11/2023,0,,,,,,0,0,0,0,0,88.512,3.122
1031120594056755,100064197037125,"PC Merchandise","One more rig complete. One more client satisfied. Built with RYZEN 5 5600G + RTX 3050. PM us for yours!",,65,"08/01/2023 20:00",mixed,https://www.facebook.com/reel/1686617770028337/,0,0,Reels,,,,,08/12/2023,0,,,,,,0,0,0,0,0,88.298,1.500
1031120594056755,100064197037125,"PC Merchandise","One more rig complete. One more client satisfied. Built with RYZEN 5 5600G + RTX 3050. PM us for yours!",,65,"08/01/2023 20:00",mixed,https://www.facebook.com/reel/1686617770028337/,0,0,Reels,,,,,08/13/2023,0,,,,,,0,0,0,0,0,93.788,3.417
1031120594056755,100064197037125,"PC Merchandise","One more rig complete. One more client satisfied. Built with RYZEN 5 5600G + RTX 3050. PM us for yours!",,65,"08/01/2023 20:00",mixed,https://www.facebook.com/reel/1686617770028337/,0,0,Reels,,,,,08/14/2023,0,,,,,,0,0,0,0,0,81.166,2.554
1031120594056755,100064197037125,"PC Merchandise","One more rig complete. One more client satisfied. Built with RYZEN 5 5600G + RTX 3050. PM us for yours!",,65,"08/01/2023 20:00",mixed,https://www.facebook.com/reel/1686617770028337/,0,0,Reels,,,,,08/15/2023,0,,,,,,0,0,0,0,0,132.650,1.576
1031120594056755,100064197037125,"PC Merchandise","One more rig complete. One more client satisfied. Built with RYZEN 5 5600G + RTX 3050. PM us for yours!",,65,"08/01/2023 20:00",mixed,https://www.facebook.com/reel/1686617770028337/,0,0,Reels,,,,,08/16/2023,0,,,,,,0,0,0,0,0,104.267,3.315
1031120594056755,100064197037125,"PC Merchandise","One more rig complete. One more client satisfied. Built with RYZEN 5 5600G + RTX 3050. PM us for yours!",,65,"08/01/2023 20:00",mixed,https://www.facebook.com/reel/1686617770028337/,0,0,Reels,,,,,08/17/2023,0,,,,,,0,0,0,0,0,64.543,3.672
1031120594056755,100064197037125,"PC Merchandise","One more rig complete. One more client satisfied. Built with RYZEN 5 5600G + RTX 3050. PM us for yours!",,65,"08/01/2023 20:00",mixed,https://www.facebook.com/reel/1686617770028337/,0,0,Reels,,,,,08/18/2023,0,,,,,,0,0,0,0,0,55.466,2.701
1031120594056755,100064197037125,"PC Merchandise","One more rig complete. One more client satisfied. Built with RYZEN 5 5600G + RTX 3050. PM us for yours!",,65,"08/01/2023 20:00",mixed,https://www.facebook.com/reel/1686617770028337/,0,0,Reels,,,,,08/19/2023,0,,,,,,0,0,0,0,0,41.726,3.917
1031120594056755,100064197037125,"PC Merchandise","One more rig complete. One more client satisfied. Built with RYZEN 5 5600G + RTX 3050. PM us for yours!",,65,"08/01/2023 20:00",mixed,https://www.facebook.com/reel/1686617770028337/,0,0,Reels,,,,,08/20/2023,0,,,,,,0,0,0,0,0,28.674,2.697
1031120594056755,100064197037125,"PC Merchandise","One more rig complete. One more client satisfied. Built with RYZEN 5 5600G + RTX 3050. PM us for yours!",,65,"08/01/2023 20:00",mixed,https://www.facebook.com/reel/1686617770028337/,0,0,Reels,,,,,08/21/2023,0,,,,,,0,0,0,0,0,40.433,2.819
1031120594056755,100064197037125,"PC Merchandise","One more rig complete. One more client satisfied. Built with RYZEN 5 5600G + RTX 3050. PM us for yours!",,65,"08/01/2023 20:00",mixed,https://www.facebook.com/reel/1686617770028337/,0,0,Reels,,,,,08/22/2023,0,,,,,,0,0,0,0,0,28.942,2.576
1031120594056755,100064197037125,"PC Merchandise","One more rig complete. One more client satisfied. Built with RYZEN 5 5600G + RTX 3050. PM us for yours!",,65,"08/01/2023 20:00",mixed,https://www.facebook.com/reel/1686617770028337/,0,0,Reels,,,,,08/23/2023,0,,,,,,0,0,0,0,0,37.464,2.400
1031120594056755,100064197037125,"PC Merchandise","One more rig complete. One more client satisfied. Built with RYZEN 5 5600G + RTX 3050. PM us for yours!",,65,"08/01/2023 20:00",mixed,https://www.facebook.com/reel/1686617770028337/,0,0,Reels,,,,,08/24/2023,0,,,,,,0,0,0,0,0,36.828,2.745
1031120594056755,100064197037125,"PC Merchandise","One more rig complete. One more client satisfied. Built with RYZEN 5 5600G + RTX 3050. PM us for yours!",,65,"08/01/2023 20:00",mixed,https://www.facebook.com/reel/1686617770028337/,0,0,Reels,,,,,08/25/2023,0,,,,,,0,0,0,0,0,41.151,1.500
1031120594056755,100064197037125,"PC Merchandise","One more rig complete. One more client satisfied. Built with RYZEN 5 5600G + RTX 3050. PM us for yours!",,65,"08/01/2023 20:00",mixed,https://www.facebook.com/reel/1686617770028337/,0,0,Reels,,,,,08/26/2023,0,,,,,,0,0,0,0,0,35.469,1.500
1031120594056755,100064197037125,"PC Merchandise","One more rig complete. One more client satisfied. Built with RYZEN 5 5600G + RTX 3050. PM us for yours!",,65,"08/01/2023 20:00",mixed,https://www.facebook.com/reel/1686617770028337/,0,0,Reels,,,,,08/27/2023,0,,,,,,0,0,0,0,0,27.297,2.046
1031120594056755,100064197037125,"PC Merchandise","One more rig complete. One more client satisfied. Built with RYZEN 5 5600G + RTX 3050. PM us for yours!",,65,"08/01/2023 20:00",mixed,https://www.facebook.com/reel/1686617770028337/,0,0,Reels,,,,,08/28/2023,0,,,,,,0,0,0,0,0,23.215,2.610
1031120594056755,100064197037125,"PC Merchandise","One more rig complete. One more client satisfied. Built with RYZEN 5 5600G + RTX 3050. PM us for yours!",,65,"08/01/2023 20:00",mixed,https://www.facebook.com/reel/1686617770028337/,0,0,Reels,,,,,08/29/2023,0,,,,,,0,0,0,0,0,38.560,2.684
1031120594056755,100064197037125,"PC Merchandise","One more rig complete. One more client satisfied. Built with RYZEN 5 5600G + RTX 3050. PM us for yours!",,65,"08/01/2023 20:00",mixed,https://www.facebook.com/reel/1686617770028337/,0,0,Reels,,,,,08/30/2023,0,,,,,,0,0,0,0,0,36.491,1.500
1031120594056755,100064197037125,"PC Merchandise","One more rig complete. One more client satisfied. Built with RYZEN 5 5600G + RTX 3050. PM us for yours!",,65,"08/01/2023 20:00",mixed,https://www.facebook.com/reel/1686617770028337/,0,0,Reels,,,,,08/31/2023,0,,,,,,0,0,0,0,0,26.486,3.736
