"Post ID","Page ID","Page name",Title,Description,"Duration (sec)","Publish time","Caption type",Permalink,"Is crosspost","Is share","Post type",Languages,"Custom labels","Funded content status","Data comment",Date,Shares,"Approximate content monetization earnings","3-second video views","1-minute video views","3-Second viewers","1-minute viewers","3-second video views from Boosted posts","3-second video views from Organic posts","Reactions, Comments and Shares",Reactions,Comments,"Seconds viewed","Average Seconds viewed"
1042966156746863,100064197037125,"PC Merchandise","ito na po yung ghost project🥲",,51,"10/28/2023 19:05",auto,https://www.facebook.com/reel/1226406824270892/,0,0,Reels,,,,,10/01/2023,0,,,,,,0,0,0,0,0,0.000,4.174
1042966156746863,100064197037125,"PC Merchandise","ito na po yung ghost project🥲",,51,"10/28/2023 19:05",auto,https://www.facebook.com/reel/1226406824270892/,0,0,Reels,,,,,10/02/2023,0,,,,,,0,0,0,0,0,0.000,4.987
1042966156746863,100064197037125,"PC Merchandise","ito na po yung ghost project🥲",,51,"10/28/2023 19:05",auto,https://www.facebook.com/reel/1226406824270892/,0,0,Reels,,,,,10/03/2023,0,,,,,,0,0,0,0,0,0.000,4.987
1042966156746863,100064197037125,"PC Merchandise","ito na po yung ghost project🥲",,51,"10/28/2023 19:05",auto,https://www.facebook.com/reel/1226406824270892/,0,0,Reels,,,,,10/04/2023,0,,,,,,0,0,0,0,0,0.000,4.058
1042966156746863,100064197037125,"PC Merchandise","ito na po yung ghost project🥲",,51,"10/28/2023 19:05",auto,https://www.facebook.com/reel/1226406824270892/,0,0,Reels,,,,,10/05/2023,0,,,,,,0,0,0,0,0,0.000,4.455
1042966156746863,100064197037125,"PC Merchandise","ito na po yung ghost project🥲",,51,"10/28/2023 19:05",auto,https://www.facebook.com/reel/1226406824270892/,0,0,Reels,,,,,10/06/2023,0,,,,,,0,0,0,0,0,0.000,4.548
1042966156746863,100064197037125,"PC Merchandise","ito na po yung ghost project🥲",,51,"10/28/2023 19:05",auto,https://www.facebook.com/reel/1226406824270892/,0,0,Reels,,,,,10/07/2023,0,,,,,,0,0,0,0,0,0.000,5.560
1042966156746863,100064197037125,"PC Merchandise","ito na po yung ghost project🥲",,51,"10/28/2023 19:05",auto,https://www.facebook.com/reel/1226406824270892/,0,0,Reels,,,,,10/08/2023,0,,,,,,0,0,0,0,0,0.000,4.618
1042966156746863,100064197037125,"PC Merchandise","ito na po yung ghost project🥲",,51,"10/28/2023 19:05",auto,https://www.facebook.com/reel/1226406824270892/,0,0,Reels,,,,,10/09/2023,0,,,,,,0,0,0,0,0,0.000,4.414
1042966156746863,100064197037125,"PC Merchandise","ito na po yung ghost project🥲",,51,"10/28/2023 19:05",auto,https://www.facebook.com/reel/1226406824270892/,0,0,Reels,,,,,10/10/2023,0,,,,,,0,0,0,0,0,0.000,3.907
1042966156746863,100064197037125,"PC Merchandise","ito na po yung ghost project🥲",,51,"10/28/2023 19:05",auto,https://www.facebook.com/reel/1226406824270892/,0,0,Reels,,,,,10/11/2023,0,,,,,,0,0,0,0,0,0.000,5.866
1042966156746863,100064197037125,"PC Merchandise","ito na po yung ghost project🥲",,51,"10/28/2023 19:05",auto,https://www.facebook.com/reel/1226406824270892/,0,0,Reels,,,,,10/12/2023,0,,,,,,0,0,0,0,0,0.000,4.673
1042966156746863,100064197037125,"PC Merchandise","ito na po yung ghost project🥲",,51,"10/28/2023 19:05",auto,https://www.facebook.com/reel/1226406824270892/,0,0,Reels,,,,,10/13/2023,0,,,,,,0,0,0,0,0,0.000,4.291
1042966156746863,100064197037125,"PC Merchandise","ito na po yung ghost project🥲",,51,"10/28/2023 19:05",auto,https://www.facebook.com/reel/1226406824270892/,0,0,Reels,,,,,10/14/2023,0,,,,,,0,0,0,0,0,0.000,4.409
1042966156746863,100064197037125,"PC Merchandise","ito na po yung ghost project🥲",,51,"10/28/2023 19:05",auto,https://www.facebook.com/reel/1226406824270892/,0,0,Reels,,,,,10/15/2023,0,,,,,,0,0,0,0,0,0.000,4.986
1042966156746863,100064197037125,"PC Merchandise","ito na po yung ghost project🥲",,51,"10/28/2023 19:05",auto,https://www.facebook.com/reel/1226406824270892/,0,0,Reels,,,,,10/16/2023,0,,,,,,0,0,0,0,0,0.000,5.173
1042966156746863,100064197037125,"PC Merchandise","ito na po yung ghost project🥲",,51,"10/28/2023 19:05",auto,https://www.facebook.com/reel/1226406824270892/,0,0,Reels,,,,,10/17/2023,0,,,,,,0,0,0,0,0,0.000,6.525
1042966156746863,100064197037125,"PC Merchandise","ito na po yung ghost project🥲",,51,"10/28/2023 19:05",auto,https://www.facebook.com/reel/1226406824270892/,0,0,Reels,,,,,10/18/2023,0,,,,,,0,0,0,0,0,0.000,5.829
1042966156746863,100064197037125,"PC Merchandise","ito na po yung ghost project🥲",,51,"10/28/2023 19:05",auto,https://www.facebook.com/reel/1226406824270892/,0,0,Reels,,,,,10/19/2023,0,,,,,,0,0,0,0,0,0.000,3.745
1042966156746863,100064197037125,"PC Merchandise","ito na po yung ghost project🥲",,51,"10/28/2023 19:05",auto,https://www.facebook.com/reel/1226406824270892/,0,0,Reels,,,,,10/20/2023,0,,,,,,0,0,0,0,0,0.000,4.400
1042966156746863,100064197037125,"PC Merchandise","ito na po yung ghost project🥲",,51,"10/28/2023 19:05",auto,https://www.facebook.com/reel/1226406824270892/,0,0,Reels,,,,,10/21/2023,0,,,,,,0,0,0,0,0,0.000,5.415
1042966156746863,100064197037125,"PC Merchandise","ito na po yung ghost project🥲",,51,"10/28/2023 19:05",auto,https://www.facebook.com/reel/1226406824270892/,0,0,Reels,,,,,10/22/2023,0,,,,,,0,0,0,0,0,0.000,4.848
1042966156746863,100064197037125,"PC Merchandise","ito na po yung ghost project🥲",,51,"10/28/2023 19:05",auto,https://www.facebook.com/reel/1226406824270892/,0,0,Reels,,,,,10/23/2023,0,,,,,,0,0,0,0,0,0.000,4.488
1042966156746863,100064197037125,"PC Merchandise","ito na po yung ghost project🥲",,51,"10/28/2023 19:05",auto,https://www.facebook.com/reel/1226406824270892/,0,0,Reels,,,,,10/24/2023,0,,,,,,0,0,0,0,0,0.000,4.253
1042966156746863,100064197037125,"PC Merchandise","ito na po yung ghost project🥲",,51,"10/28/2023 19:05",auto,https://www.facebook.com/reel/1226406824270892/,0,0,Reels,,,,,10/25/2023,0,,,,,,0,0,0,0,0,0.000,5.353
1042966156746863,100064197037125,"PC Merchandise","ito na po yung ghost project🥲",,51,"10/28/2023 19:05",auto,https://www.facebook.com/reel/1226406824270892/,0,0,Reels,,,,,10/26/2023,0,,,,,,0,0,0,0,0,0.000,3.262
1042966156746863,100064197037125,"PC Merchandise","ito na po yung ghost project🥲",,51,"10/28/2023 19:05",auto,https://www.facebook.com/reel/1226406824270892/,0,0,Reels,,,,,10/27/2023,0,,,,,,0,0,0,0,0,0.000,4.715
1042966156746863,100064197037125,"PC Merchandise","ito na po yung ghost project🥲",,51,"10/28/2023 19:05",auto,https://www.facebook.com/reel/1226406824270892/,0,0,Reels,,,,,10/28/2023,0,,,,,,122,0,0,0,0,959.163,4.483
1042966156746863,100064197037125,"PC Merchandise","ito na po yung ghost project🥲",,51,"10/28/2023 19:05",auto,https://www.facebook.com/reel/1226406824270892/,0,0,Reels,,,,,10/29/2023,0,,,,,,116,0,2,2,0,560.465,5.030
1042966156746863,100064197037125,"PC Merchandise","ito na po yung ghost project🥲",,51,"10/28/2023 19:05",auto,https://www.facebook.com/reel/1226406824270892/,0,0,Reels,,,,,10/30/2023,0,,,,,,146,0,1,0,1,957.847,4.655
1042966156746863,100064197037125,"PC Merchandise","ito na po yung ghost project🥲",,51,"10/28/2023 19:05",auto,https://www.facebook.com/reel/1226406824270892/,0,0,Reels,,,,,10/31/2023,0,,,,,,132,0,0,0,0,361.954,4.999
1043740570592769,100064197037125,"PC Merchandise","Salamat sa tiwala boss RYAN! i5 12400F comshop package — 6 units delivered ✅",,0,"10/27/2023 19:01",,https://www.facebook.com/pcmerchandise.co/posts/pfbid01dMhfUjYv5CWQuflK5OOHfhOH0KZd2j6MeMGcdlhHtjuOFcNwIAt95si,0,0,Photos,,,,,10/31/2023,3,,,,,,,,,,,,
1043740570592769,100064197037125,"PC Merchandise","Salamat sa tiwala boss RYAN! i5 12400F comshop package — 6 units delivered ✅",,0,"10/27/2023 19:01",,https://www.facebook.com/pcmerchandise.co/posts/pfbid01dMhfUjYv5CWQuflK5OOHfhOH0KZd2j6MeMGcdlhHtjuOFcNwIAt95si,0,0,Photos,,,,,10/01/2023,,,0,0,0,0,0,0,,,,,
1043740570592769,100064197037125,"PC Merchandise","Salamat sa tiwala boss RYAN! i5 12400F comshop package — 6 units delivered ✅",,0,"10/27/2023 19:01",,https://www.facebook.com/pcmerchandise.co/posts/pfbid01dMhfUjYv5CWQuflK5OOHfhOH0KZd2j6MeMGcdlhHtjuOFcNwIAt95si,0,0,Photos,,,,,10/02/2023,,,0,0,0,0,0,0,,,,,
1043740570592769,100064197037125,"PC Merchandise","Salamat sa tiwala boss RYAN! i5 12400F comshop package — 6 units delivered ✅",,0,"10/27/2023 19:01",,https://www.facebook.com/pcmerchandise.co/posts/pfbid01dMhfUjYv5CWQuflK5OOHfhOH0KZd2j6MeMGcdlhHtjuOFcNwIAt95si,0,0,Photos,,,,,10/03/2023,,,0,0,0,0,0,0,,,,,
1043740570592769,100064197037125,"PC Merchandise","Salamat sa tiwala boss RYAN! i5 12400F comshop package — 6 units delivered ✅",,0,"10/27/2023 19:01",,https://www.facebook.com/pcmerchandise.co/posts/pfbid01dMhfUjYv5CWQuflK5OOHfhOH0KZd2j6MeMGcdlhHtjuOFcNwIAt95si,0,0,Photos,,,,,10/04/2023,,,0,0,0,0,0,0,,,,,
1043740570592769,100064197037125,"PC Merchandise","Salamat sa tiwala boss RYAN! i5 12400F comshop package — 6 units delivered ✅",,0,"10/27/2023 19:01",,https://www.facebook.com/pcmerchandise.co/posts/pfbid01dMhfUjYv5CWQuflK5OOHfhOH0KZd2j6MeMGcdlhHtjuOFcNwIAt95si,0,0,Photos,,,,,10/05/2023,,,0,0,0,0,0,0,,,,,
1043740570592769,100064197037125,"PC Merchandise","Salamat sa tiwala boss RYAN! i5 12400F comshop package — 6 units delivered ✅",,0,"10/27/2023 19:01",,https://www.facebook.com/pcmerchandise.co/posts/pfbid01dMhfUjYv5CWQuflK5OOHfhOH0KZd2j6MeMGcdlhHtjuOFcNwIAt95si,0,0,Photos,,,,,10/06/2023,,,0,0,0,0,0,0,,,,,
1043740570592769,100064197037125,"PC Merchandise","Salamat sa tiwala boss RYAN! i5 12400F comshop package — 6 units delivered ✅",,0,"10/27/2023 19:01",,https://www.facebook.com/pcmerchandise.co/posts/pfbid01dMhfUjYv5CWQuflK5OOHfhOH0KZd2j6MeMGcdlhHtjuOFcNwIAt95si,0,0,Photos,,,,,10/07/2023,,,0,0,0,0,0,0,,,,,
1043740570592769,100064197037125,"PC Merchandise","Salamat sa tiwala boss RYAN! i5 12400F comshop package — 6 units delivered ✅",,0,"10/27/2023 19:01",,https://www.facebook.com/pcmerchandise.co/posts/pfbid01dMhfUjYv5CWQuflK5OOHfhOH0KZd2j6MeMGcdlhHtjuOFcNwIAt95si,0,0,Photos,,,,,10/08/2023,,,0,0,0,0,0,0,,,,,
1043740570592769,100064197037125,"PC Merchandise","Salamat sa tiwala boss RYAN! i5 12400F comshop package — 6 units delivered ✅",,0,"10/27/2023 19:01",,https://www.facebook.com/pcmerchandise.co/posts/pfbid01dMhfUjYv5CWQuflK5OOHfhOH0KZd2j6MeMGcdlhHtjuOFcNwIAt95si,0,0,Photos,,,,,10/09/2023,,,0,0,0,0,0,0,,,,,
1043740570592769,100064197037125,"PC Merchandise","Salamat sa tiwala boss RYAN! i5 12400F comshop package — 6 units delivered ✅",,0,"10/27/2023 19:01",,https://www.facebook.com/pcmerchandise.co/posts/pfbid01dMhfUjYv5CWQuflK5OOHfhOH0KZd2j6MeMGcdlhHtjuOFcNwIAt95si,0,0,Photos,,,,,10/10/2023,,,0,0,0,0,0,0,,,,,
1043740570592769,100064197037125,"PC Merchandise","Salamat sa tiwala boss RYAN! i5 12400F comshop package — 6 units delivered ✅",,0,"10/27/2023 19:01",,https://www.facebook.com/pcmerchandise.co/posts/pfbid01dMhfUjYv5CWQuflK5OOHfhOH0KZd2j6MeMGcdlhHtjuOFcNwIAt95si,0,0,Photos,,,,,10/11/2023,,,0,0,0,0,0,0,,,,,
1043740570592769,100064197037125,"PC Merchandise","Salamat sa tiwala boss RYAN! i5 12400F comshop package — 6 units delivered ✅",,0,"10/27/2023 19:01",,https://www.facebook.com/pcmerchandise.co/posts/pfbid01dMhfUjYv5CWQuflK5OOHfhOH0KZd2j6MeMGcdlhHtjuOFcNwIAt95si,0,0,Photos,,,,,10/12/2023,,,0,0,0,0,0,0,,,,,
1043740570592769,100064197037125,"PC Merchandise","Salamat sa tiwala boss RYAN! i5 12400F comshop package — 6 units delivered ✅",,0,"10/27/2023 19:01",,https://www.facebook.com/pcmerchandise.co/posts/pfbid01dMhfUjYv5CWQuflK5OOHfhOH0KZd2j6MeMGcdlhHtjuOFcNwIAt95si,0,0,Photos,,,,,10/13/2023,,,0,0,0,0,0,0,,,,,
1043740570592769,100064197037125,"PC Merchandise","Salamat sa tiwala boss RYAN! i5 12400F comshop package — 6 units delivered ✅",,0,"10/27/2023 19:01",,https://www.facebook.com/pcmerchandise.co/posts/pfbid01dMhfUjYv5CWQuflK5OOHfhOH0KZd2j6MeMGcdlhHtjuOFcNwIAt95si,0,0,Photos,,,,,10/14/2023,,,0,0,0,0,0,0,,,,,
1043740570592769,100064197037125,"PC Merchandise","Salamat sa tiwala boss RYAN! i5 12400F comshop package — 6 units delivered ✅",,0,"10/27/2023 19:01",,https://www.facebook.com/pcmerchandise.co/posts/pfbid01dMhfUjYv5CWQuflK5OOHfhOH0KZd2j6MeMGcdlhHtjuOFcNwIAt95si,0,0,Photos,,,,,10/15/2023,,,0,0,0,0,0,0,,,,,
1043740570592769,100064197037125,"PC Merchandise","Salamat sa tiwala boss RYAN! i5 12400F comshop package — 6 units delivered ✅",,0,"10/27/2023 19:01",,https://www.facebook.com/pcmerchandise.co/posts/pfbid01dMhfUjYv5CWQuflK5OOHfhOH0KZd2j6MeMGcdlhHtjuOFcNwIAt95si,0,0,Photos,,,,,10/16/2023,,,0,0,0,0,0,0,,,,,
1043740570592769,100064197037125,"PC Merchandise","Salamat sa tiwala boss RYAN! i5 12400F comshop package — 6 units delivered ✅",,0,"10/27/2023 19:01",,https://www.facebook.com/pcmerchandise.co/posts/pfbid01dMhfUjYv5CWQuflK5OOHfhOH0KZd2j6MeMGcdlhHtjuOFcNwIAt95si,0,0,Photos,,,,,10/17/2023,,,0,0,0,0,0,0,,,,,
1043740570592769,100064197037125,"PC Merchandise","Salamat sa tiwala boss RYAN! i5 12400F comshop package — 6 units delivered ✅",,0,"10/27/2023 19:01",,https://www.facebook.com/pcmerchandise.co/posts/pfbid01dMhfUjYv5CWQuflK5OOHfhOH0KZd2j6MeMGcdlhHtjuOFcNwIAt95si,0,0,Photos,,,,,10/18/2023,,,0,0,0,0,0,0,,,,,
1043740570592769,100064197037125,"PC Merchandise","Salamat sa tiwala boss RYAN! i5 12400F comshop package — 6 units delivered ✅",,0,"10/27/2023 19:01",,https://www.facebook.com/pcmerchandise.co/posts/pfbid01dMhfUjYv5CWQuflK5OOHfhOH0KZd2j6MeMGcdlhHtjuOFcNwIAt95si,0,0,Photos,,,,,10/19/2023,,,0,0,0,0,0,0,,,,,
1043740570592769,100064197037125,"PC Merchandise","Salamat sa tiwala boss RYAN! i5 12400F comshop package — 6 units delivered ✅",,0,"10/27/2023 19:01",,https://www.facebook.com/pcmerchandise.co/posts/pfbid01dMhfUjYv5CWQuflK5OOHfhOH0KZd2j6MeMGcdlhHtjuOFcNwIAt95si,0,0,Photos,,,,,10/20/2023,,,0,0,0,0,0,0,,,,,
1043740570592769,100064197037125,"PC Merchandise","Salamat sa tiwala boss RYAN! i5 12400F comshop package — 6 units delivered ✅",,0,"10/27/2023 19:01",,https://www.facebook.com/pcmerchandise.co/posts/pfbid01dMhfUjYv5CWQuflK5OOHfhOH0KZd2j6MeMGcdlhHtjuOFcNwIAt95si,0,0,Photos,,,,,10/21/2023,,,0,0,0,0,0,0,,,,,
1043740570592769,100064197037125,"PC Merchandise","Salamat sa tiwala boss RYAN! i5 12400F comshop package — 6 units delivered ✅",,0,"10/27/2023 19:01",,https://www.facebook.com/pcmerchandise.co/posts/pfbid01dMhfUjYv5CWQuflK5OOHfhOH0KZd2j6MeMGcdlhHtjuOFcNwIAt95si,0,0,Photos,,,,,10/22/2023,,,0,0,0,0,0,0,,,,,
1043740570592769,100064197037125,"PC Merchandise","Salamat sa tiwala boss RYAN! i5 12400F comshop package — 6 units delivered ✅",,0,"10/27/2023 19:01",,https://www.facebook.com/pcmerchandise.co/posts/pfbid01dMhfUjYv5CWQuflK5OOHfhOH0KZd2j6MeMGcdlhHtjuOFcNwIAt95si,0,0,Photos,,,,,10/23/2023,,,0,0,0,0,0,0,,,,,
1043740570592769,100064197037125,"PC Merchandise","Salamat sa tiwala boss RYAN! i5 12400F comshop package — 6 units delivered ✅",,0,"10/27/2023 19:01",,https://www.facebook.com/pcmerchandise.co/posts/pfbid01dMhfUjYv5CWQuflK5OOHfhOH0KZd2j6MeMGcdlhHtjuOFcNwIAt95si,0,0,Photos,,,,,10/24/2023,,,0,0,0,0,0,0,,,,,
1043740570592769,100064197037125,"PC Merchandise","Salamat sa tiwala boss RYAN! i5 12400F comshop package — 6 units delivered ✅",,0,"10/27/2023 19:01",,https://www.facebook.com/pcmerchandise.co/posts/pfbid01dMhfUjYv5CWQuflK5OOHfhOH0KZd2j6MeMGcdlhHtjuOFcNwIAt95si,0,0,Photos,,,,,10/25/2023,,,0,0,0,0,0,0,,,,,
1043740570592769,100064197037125,"PC Merchandise","Salamat sa tiwala boss RYAN! i5 12400F comshop package — 6 units delivered ✅",,0,"10/27/2023 19:01",,https://www.facebook.com/pcmerchandise.co/posts/pfbid01dMhfUjYv5CWQuflK5OOHfhOH0KZd2j6MeMGcdlhHtjuOFcNwIAt95si,0,0,Photos,,,,,10/26/2023,,,0,0,0,0,0,0,,,,,
1043740570592769,100064197037125,"PC Merchandise","Salamat sa tiwala boss RYAN! i5 12400F comshop package — 6 units delivered ✅",,0,"10/27/2023 19:01",,https://www.facebook.com/pcmerchandise.co/posts/pfbid01dMhfUjYv5CWQuflK5OOHfhOH0KZd2j6MeMGcdlhHtjuOFcNwIAt95si,0,0,Photos,,,,,10/27/2023,,,0,0,0,0,0,0,,,,,
1043740570592769,100064197037125,"PC Merchandise","Salamat sa tiwala boss RYAN! i5 12400F comshop package — 6 units delivered ✅",,0,"10/27/2023 19:01",,https://www.facebook.com/pcmerchandise.co/posts/pfbid01dMhfUjYv5CWQuflK5OOHfhOH0KZd2j6MeMGcdlhHtjuOFcNwIAt95si,0,0,Photos,,,,,10/28/2023,,,0,0,0,0,0,0,,,,,
1043740570592769,100064197037125,"PC Merchandise","Salamat sa tiwala boss RYAN! i5 12400F comshop package — 6 units delivered ✅",,0,"10/27/2023 19:01",,https://www.facebook.com/pcmerchandise.co/posts/pfbid01dMhfUjYv5CWQuflK5OOHfhOH0KZd2j6MeMGcdlhHtjuOFcNwIAt95si,0,0,Photos,,,,,10/29/2023,,,0,0,0,0,0,0,,,,,
1043740570592769,100064197037125,"PC Merchandise","Salamat sa tiwala boss RYAN! i5 12400F comshop package — 6 units delivered ✅",,0,"10/27/2023 19:01",,https://www.facebook.com/pcmerchandise.co/posts/pfbid01dMhfUjYv5CWQuflK5OOHfhOH0KZd2j6MeMGcdlhHtjuOFcNwIAt95si,0,0,Photos,,,,,10/30/2023,,,0,0,0,0,0,0,,,,,
1043740570592769,100064197037125,"PC Merchandise","Salamat sa tiwala boss RYAN! i5 12400F comshop package — 6 units delivered ✅",,0,"10/27/2023 19:01",,https://www.facebook.com/pcmerchandise.co/posts/pfbid01dMhfUjYv5CWQuflK5OOHfhOH0KZd2j6MeMGcdlhHtjuOFcNwIAt95si,0,0,Photos,,,,,10/31/2023,,,0,0,0,0,0,0,,,,,
1043329839909785,100064197037125,"PC Merchandise","Do you want an aesthetic build that matches your gaming needs? i3 12100F builds available now!",,0,"10/27/2023 02:00",,https://www.facebook.com/pcmerchandise.co/posts/pfbid06T1OvXs3Om0doHkvCfZAQl7Oxd2n7NI5A93OGNXiW0Q4I1zYyVMCoYG9,0,0,Photos,,,,,10/31/2023,1,,,,,,,,,,,,
1043329839909785,100064197037125,"PC Merchandise","Do you want an aesthetic build that matches your gaming needs? i3 12100F builds available now!",,0,"10/27/2023 02:00",,https://www.facebook.com/pcmerchandise.co/posts/pfbid06T1OvXs3Om0doHkvCfZAQl7Oxd2n7NI5A93OGNXiW0Q4I1zYyVMCoYG9,0,0,Photos,,,,,10/01/2023,,,0,0,0,0,0,0,,,,,
1043329839909785,100064197037125,"PC Merchandise","Do you want an aesthetic build that matches your gaming needs? i3 12100F builds available now!",,0,"10/27/2023 02:00",,https://www.facebook.com/pcmerchandise.co/posts/pfbid06T1OvXs3Om0doHkvCfZAQl7Oxd2n7NI5A93OGNXiW0Q4I1zYyVMCoYG9,0,0,Photos,,,,,10/02/2023,,,0,0,0,0,0,0,,,,,
1043329839909785,100064197037125,"PC Merchandise","Do you want an aesthetic build that matches your gaming needs? i3 12100F builds available now!",,0,"10/27/2023 02:00",,https://www.facebook.com/pcmerchandise.co/posts/pfbid06T1OvXs3Om0doHkvCfZAQl7Oxd2n7NI5A93OGNXiW0Q4I1zYyVMCoYG9,0,0,Photos,,,,,10/03/2023,,,0,0,0,0,0,0,,,,,
1043329839909785,100064197037125,"PC Merchandise","Do you want an aesthetic build that matches your gaming needs? i3 12100F builds available now!",,0,"10/27/2023 02:00",,https://www.facebook.com/pcmerchandise.co/posts/pfbid06T1OvXs3Om0doHkvCfZAQl7Oxd2n7NI5A93OGNXiW0Q4I1zYyVMCoYG9,0,0,Photos,,,,,10/04/2023,,,0,0,0,0,0,0,,,,,
1043329839909785,100064197037125,"PC Merchandise","Do you want an aesthetic build that matches your gaming needs? i3 12100F builds available now!",,0,"10/27/2023 02:00",,https://www.facebook.com/pcmerchandise.co/posts/pfbid06T1OvXs3Om0doHkvCfZAQl7Oxd2n7NI5A93OGNXiW0Q4I1zYyVMCoYG9,0,0,Photos,,,,,10/05/2023,,,0,0,0,0,0,0,,,,,
1043329839909785,100064197037125,"PC Merchandise","Do you want an aesthetic build that matches your gaming needs? i3 12100F builds available now!",,0,"10/27/2023 02:00",,https://www.facebook.com/pcmerchandise.co/posts/pfbid06T1OvXs3Om0doHkvCfZAQl7Oxd2n7NI5A93OGNXiW0Q4I1zYyVMCoYG9,0,0,Photos,,,,,10/06/2023,,,0,0,0,0,0,0,,,,,
1043329839909785,100064197037125,"PC Merchandise","Do you want an aesthetic build that matches your gaming needs? i3 12100F builds available now!",,0,"10/27/2023 02:00",,https://www.facebook.com/pcmerchandise.co/posts/pfbid06T1OvXs3Om0doHkvCfZAQl7Oxd2n7NI5A93OGNXiW0Q4I1zYyVMCoYG9,0,0,Photos,,,,,10/07/2023,,,0,0,0,0,0,0,,,,,
1043329839909785,100064197037125,"PC Merchandise","Do you want an aesthetic build that matches your gaming needs? i3 12100F builds available now!",,0,"10/27/2023 02:00",,https://www.facebook.com/pcmerchandise.co/posts/pfbid06T1OvXs3Om0doHkvCfZAQl7Oxd2n7NI5A93OGNXiW0Q4I1zYyVMCoYG9,0,0,Photos,,,,,10/08/2023,,,0,0,0,0,0,0,,,,,
1043329839909785,100064197037125,"PC Merchandise","Do you want an aesthetic build that matches your gaming needs? i3 12100F builds available now!",,0,"10/27/2023 02:00",,https://www.facebook.com/pcmerchandise.co/posts/pfbid06T1OvXs3Om0doHkvCfZAQl7Oxd2n7NI5A93OGNXiW0Q4I1zYyVMCoYG9,0,0,Photos,,,,,10/09/2023,,,0,0,0,0,0,0,,,,,
1043329839909785,100064197037125,"PC Merchandise","Do you want an aesthetic build that matches your gaming needs? i3 12100F builds available now!",,0,"10/27/2023 02:00",,https://www.facebook.com/pcmerchandise.co/posts/pfbid06T1OvXs3Om0doHkvCfZAQl7Oxd2n7NI5A93OGNXiW0Q4I1zYyVMCoYG9,0,0,Photos,,,,,10/10/2023,,,0,0,0,0,0,0,,,,,
1043329839909785,100064197037125,"PC Merchandise","Do you want an aesthetic build that matches your gaming needs? i3 12100F builds available now!",,0,"10/27/2023 02:00",,https://www.facebook.com/pcmerchandise.co/posts/pfbid06T1OvXs3Om0doHkvCfZAQl7Oxd2n7NI5A93OGNXiW0Q4I1zYyVMCoYG9,0,0,Photos,,,,,10/11/2023,,,0,0,0,0,0,0,,,,,
1043329839909785,100064197037125,"PC Merchandise","Do you want an aesthetic build that matches your gaming needs? i3 12100F builds available now!",,0,"10/27/2023 02:00",,https://www.facebook.com/pcmerchandise.co/posts/pfbid06T1OvXs3Om0doHkvCfZAQl7Oxd2n7NI5A93OGNXiW0Q4I1zYyVMCoYG9,0,0,Photos,,,,,10/12/2023,,,0,0,0,0,0,0,,,,,
1043329839909785,100064197037125,"PC Merchandise","Do you want an aesthetic build that matches your gaming needs? i3 12100F builds available now!",,0,"10/27/2023 02:00",,https://www.facebook.com/pcmerchandise.co/posts/pfbid06T1OvXs3Om0doHkvCfZAQl7Oxd2n7NI5A93OGNXiW0Q4I1zYyVMCoYG9,0,0,Photos,,,,,10/13/2023,,,0,0,0,0,0,0,,,,,
1043329839909785,100064197037125,"PC Merchandise","Do you want an aesthetic build that matches your gaming needs? i3 12100F builds available now!",,0,"10/27/2023 02:00",,https://www.facebook.com/pcmerchandise.co/posts/pfbid06T1OvXs3Om0doHkvCfZAQl7Oxd2n7NI5A93OGNXiW0Q4I1zYyVMCoYG9,0,0,Photos,,,,,10/14/2023,,,0,0,0,0,0,0,,,,,
1043329839909785,100064197037125,"PC Merchandise","Do you want an aesthetic build that matches your gaming needs? i3 12100F builds available now!",,0,"10/27/2023 02:00",,https://www.facebook.com/pcmerchandise.co/posts/pfbid06T1OvXs3Om0doHkvCfZAQl7Oxd2n7NI5A93OGNXiW0Q4I1zYyVMCoYG9,0,0,Photos,,,,,10/15/2023,,,0,0,0,0,0,0,,,,,
1043329839909785,100064197037125,"PC Merchandise","Do you want an aesthetic build that matches your gaming needs? i3 12100F builds available now!",,0,"10/27/2023 02:00",,https://www.facebook.com/pcmerchandise.co/posts/pfbid06T1OvXs3Om0doHkvCfZAQl7Oxd2n7NI5A93OGNXiW0Q4I1zYyVMCoYG9,0,0,Photos,,,,,10/16/2023,,,0,0,0,0,0,0,,,,,
1043329839909785,100064197037125,"PC Merchandise","Do you want an aesthetic build that matches your gaming needs? i3 12100F builds available now!",,0,"10/27/2023 02:00",,https://www.facebook.com/pcmerchandise.co/posts/pfbid06T1OvXs3Om0doHkvCfZAQl7Oxd2n7NI5A93OGNXiW0Q4I1zYyVMCoYG9,0,0,Photos,,,,,10/17/2023,,,0,0,0,0,0,0,,,,,
1043329839909785,100064197037125,"PC Merchandise","Do you want an aesthetic build that matches your gaming needs? i3 12100F builds available now!",,0,"10/27/2023 02:00",,https://www.facebook.com/pcmerchandise.co/posts/pfbid06T1OvXs3Om0doHkvCfZAQl7Oxd2n7NI5A93OGNXiW0Q4I1zYyVMCoYG9,0,0,Photos,,,,,10/18/2023,,,0,0,0,0,0,0,,,,,
1043329839909785,100064197037125,"PC Merchandise","Do you want an aesthetic build that matches your gaming needs? i3 12100F builds available now!",,0,"10/27/2023 02:00",,https://www.facebook.com/pcmerchandise.co/posts/pfbid06T1OvXs3Om0doHkvCfZAQl7Oxd2n7NI5A93OGNXiW0Q4I1zYyVMCoYG9,0,0,Photos,,,,,10/19/2023,,,0,0,0,0,0,0,,,,,
1043329839909785,100064197037125,"PC Merchandise","Do you want an aesthetic build that matches your gaming needs? i3 12100F builds available now!",,0,"10/27/2023 02:00",,https://www.facebook.com/pcmerchandise.co/posts/pfbid06T1OvXs3Om0doHkvCfZAQl7Oxd2n7NI5A93OGNXiW0Q4I1zYyVMCoYG9,0,0,Photos,,,,,10/20/2023,,,0,0,0,0,0,0,,,,,
1043329839909785,100064197037125,"PC Merchandise","Do you want an aesthetic build that matches your gaming needs? i3 12100F builds available now!",,0,"10/27/2023 02:00",,https://www.facebook.com/pcmerchandise.co/posts/pfbid06T1OvXs3Om0doHkvCfZAQl7Oxd2n7NI5A93OGNXiW0Q4I1zYyVMCoYG9,0,0,Photos,,,,,10/21/2023,,,0,0,0,0,0,0,,,,,
1043329839909785,100064197037125,"PC Merchandise","Do you want an aesthetic build that matches your gaming needs? i3 12100F builds available now!",,0,"10/27/2023 02:00",,https://www.facebook.com/pcmerchandise.co/posts/pfbid06T1OvXs3Om0doHkvCfZAQl7Oxd2n7NI5A93OGNXiW0Q4I1zYyVMCoYG9,0,0,Photos,,,,,10/22/2023,,,0,0,0,0,0,0,,,,,
1043329839909785,100064197037125,"PC Merchandise","Do you want an aesthetic build that matches your gaming needs? i3 12100F builds available now!",,0,"10/27/2023 02:00",,https://www.facebook.com/pcmerchandise.co/posts/pfbid06T1OvXs3Om0doHkvCfZAQl7Oxd2n7NI5A93OGNXiW0Q4I1zYyVMCoYG9,0,0,Photos,,,,,10/23/2023,,,0,0,0,0,0,0,,,,,
1043329839909785,100064197037125,"PC Merchandise","Do you want an aesthetic build that matches your gaming needs? i3 12100F builds available now!",,0,"10/27/2023 02:00",,https://www.facebook.com/pcmerchandise.co/posts/pfbid06T1OvXs3Om0doHkvCfZAQl7Oxd2n7NI5A93OGNXiW0Q4I1zYyVMCoYG9,0,0,Photos,,,,,10/24/2023,,,0,0,0,0,0,0,,,,,
1043329839909785,100064197037125,"PC Merchandise","Do you want an aesthetic build that matches your gaming needs? i3 12100F builds available now!",,0,"10/27/2023 02:00",,https://www.facebook.com/pcmerchandise.co/posts/pfbid06T1OvXs3Om0doHkvCfZAQl7Oxd2n7NI5A93OGNXiW0Q4I1zYyVMCoYG9,0,0,Photos,,,,,10/25/2023,,,0,0,0,0,0,0,,,,,
1043329839909785,100064197037125,"PC Merchandise","Do you want an aesthetic build that matches your gaming needs? i3 12100F builds available now!",,0,"10/27/2023 02:00",,https://www.facebook.com/pcmerchandise.co/posts/pfbid06T1OvXs3Om0doHkvCfZAQl7Oxd2n7NI5A93OGNXiW0Q4I1zYyVMCoYG9,0,0,Photos,,,,,10/26/2023,,,0,0,0,0,0,0,,,,,
1043329839909785,100064197037125,"PC Merchandise","Do you want an aesthetic build that matches your gaming needs? i3 12100F builds available now!",,0,"10/27/2023 02:00",,https://www.facebook.com/pcmerchandise.co/posts/pfbid06T1OvXs3Om0doHkvCfZAQl7Oxd2n7NI5A93OGNXiW0Q4I1zYyVMCoYG9,0,0,Photos,,,,,10/27/2023,,,0,0,0,0,0,0,,,,,
1043329839909785,100064197037125,"PC Merchandise","Do you want an aesthetic build that matches your gaming needs? i3 12100F builds available now!",,0,"10/27/2023 02:00",,https://www.facebook.com/pcmerchandise.co/posts/pfbid06T1OvXs3Om0doHkvCfZAQl7Oxd2n7NI5A93OGNXiW0Q4I1zYyVMCoYG9,0,0,Photos,,,,,10/28/2023,,,0,0,0,0,0,0,,,,,
1043329839909785,100064197037125,"PC Merchandise","Do you want an aesthetic build that matches your gaming needs? i3 12100F builds available now!",,0,"10/27/2023 02:00",,https://www.facebook.com/pcmerchandise.co/posts/pfbid06T1OvXs3Om0doHkvCfZAQl7Oxd2n7NI5A93OGNXiW0Q4I1zYyVMCoYG9,0,0,Photos,,,,,10/29/2023,,,0,0,0,0,0,0,,,,,
1043329839909785,100064197037125,"PC Merchandise","Do you want an aesthetic build that matches your gaming needs? i3 12100F builds available now!",,0,"10/27/2023 02:00",,https://www.facebook.com/pcmerchandise.co/posts/pfbid06T1OvXs3Om0doHkvCfZAQl7Oxd2n7NI5A93OGNXiW0Q4I1zYyVMCoYG9,0,0,Photos,,,,,10/30/2023,,,0,0,0,0,0,0,,,,,
1043329839909785,100064197037125,"PC Merchandise","Do you want an aesthetic build that matches your gaming needs? i3 12100F builds available now!",,0,"10/27/2023 02:00",,https://www.facebook.com/pcmerchandise.co/posts/pfbid06T1OvXs3Om0doHkvCfZAQl7Oxd2n7NI5A93OGNXiW0Q4I1zYyVMCoYG9,0,0,Photos,,,,,10/31/2023,,,0,0,0,0,0,0,,,,,
1043089679190707,100064197037125,"PC Merchandise","𝐀𝐌𝟓 𝐁𝐮𝐢𝐥𝐝 𝐋𝐢𝐦𝐢𝐭𝐞𝐝 𝐒𝐚𝐥𝐞! 🚨
Experience next-gen performance with our latest builds. PM for pricelist!",,82,"10/26/2023 22:30",,https://www.facebook.com/reel/1727907976362727/,0,0,Reels,,,,,10/01/2023,0,,,,,,0,0,0,0,0,0.000,4.781
1043089679190707,100064197037125,"PC Merchandise","𝐀𝐌𝟓 𝐁𝐮𝐢𝐥𝐝 𝐋𝐢𝐦𝐢𝐭𝐞𝐝 𝐒𝐚𝐥𝐞! 🚨
Experience next-gen performance with our latest builds. PM for pricelist!",,82,"10/26/2023 22:30",,https://www.facebook.com/reel/1727907976362727/,0,0,Reels,,,,,10/02/2023,0,,,,,,0,0,0,0,0,0.000,4.935
1043089679190707,100064197037125,"PC Merchandise","𝐀𝐌𝟓 𝐁𝐮𝐢𝐥𝐝 𝐋𝐢𝐦𝐢𝐭𝐞𝐝 𝐒𝐚𝐥𝐞! 🚨
Experience next-gen performance with our latest builds. PM for pricelist!",,82,"10/26/2023 22:30",,https://www.facebook.com/reel/1727907976362727/,0,0,Reels,,,,,10/03/2023,0,,,,,,0,0,0,0,0,0.000,4.859
1043089679190707,100064197037125,"PC Merchandise","𝐀𝐌𝟓 𝐁𝐮𝐢𝐥𝐝 𝐋𝐢𝐦𝐢𝐭𝐞𝐝 𝐒𝐚𝐥𝐞! 🚨
Experience next-gen performance with our latest builds. PM for pricelist!",,82,"10/26/2023 22:30",,https://www.facebook.com/reel/1727907976362727/,0,0,Reels,,,,,10/04/2023,0,,,,,,0,0,0,0,0,0.000,3.671
1043089679190707,100064197037125,"PC Merchandise","𝐀𝐌𝟓 𝐁𝐮𝐢𝐥𝐝 𝐋𝐢𝐦𝐢𝐭𝐞𝐝 𝐒𝐚𝐥𝐞! 🚨
Experience next-gen performance with our latest builds. PM for pricelist!",,82,"10/26/2023 22:30",,https://www.facebook.com/reel/1727907976362727/,0,0,Reels,,,,,10/05/2023,0,,,,,,0,0,0,0,0,0.000,7.699
1043089679190707,100064197037125,"PC Merchandise","𝐀𝐌𝟓 𝐁𝐮𝐢𝐥𝐝 𝐋𝐢𝐦𝐢𝐭𝐞𝐝 𝐒𝐚𝐥𝐞! 🚨
Experience next-gen performance with our latest builds. PM for pricelist!",,82,"10/26/2023 22:30",,https://www.facebook.com/reel/1727907976362727/,0,0,Reels,,,,,10/06/2023,0,,,,,,0,0,0,0,0,0.000,5.968
1043089679190707,100064197037125,"PC Merchandise","𝐀𝐌𝟓 𝐁𝐮𝐢𝐥𝐝 𝐋𝐢𝐦𝐢𝐭𝐞𝐝 𝐒𝐚𝐥𝐞! 🚨
Experience next-gen performance with our latest builds. PM for pricelist!",,82,"10/26/2023 22:30",,https://www.facebook.com/reel/1727907976362727/,0,0,Reels,,,,,10/07/2023,0,,,,,,0,0,0,0,0,0.000,6.181
1043089679190707,100064197037125,"PC Merchandise","𝐀𝐌𝟓 𝐁𝐮𝐢𝐥𝐝 𝐋𝐢𝐦𝐢𝐭𝐞𝐝 𝐒𝐚𝐥𝐞! 🚨
Experience next-gen performance with our latest builds. PM for pricelist!",,82,"10/26/2023 22:30",,https://www.facebook.com/reel/1727907976362727/,0,0,Reels,,,,,10/08/2023,0,,,,,,0,0,0,0,0,0.000,5.378
1043089679190707,100064197037125,"PC Merchandise","𝐀𝐌𝟓 𝐁𝐮𝐢𝐥𝐝 𝐋𝐢𝐦𝐢𝐭𝐞𝐝 𝐒𝐚𝐥𝐞! 🚨
Experience next-gen performance with our latest builds. PM for pricelist!",,82,"10/26/2023 22:30",,https://www.facebook.com/reel/1727907976362727/,0,0,Reels,,,,,10/09/2023,0,,,,,,0,0,0,0,0,0.000,7.084
1043089679190707,100064197037125,"PC Merchandise","𝐀𝐌𝟓 𝐁𝐮𝐢𝐥𝐝 𝐋𝐢𝐦𝐢𝐭𝐞𝐝 𝐒𝐚𝐥𝐞! 🚨
Experience next-gen performance with our latest builds. PM for pricelist!",,82,"10/26/2023 22:30",,https://www.facebook.com/reel/1727907976362727/,0,0,Reels,,,,,10/10/2023,0,,,,,,0,0,0,0,0,0.000,5.134
1043089679190707,100064197037125,"PC Merchandise","𝐀𝐌𝟓 𝐁𝐮𝐢𝐥𝐝 𝐋𝐢𝐦𝐢𝐭𝐞𝐝 𝐒𝐚𝐥𝐞! 🚨
Experience next-gen performance with our latest builds. PM for pricelist!",,82,"10/26/2023 22:30",,https://www.facebook.com/reel/1727907976362727/,0,0,Reels,,,,,10/11/2023,0,,,,,,0,0,0,0,0,0.000,6.562
1043089679190707,100064197037125,"PC Merchandise","𝐀𝐌𝟓 𝐁𝐮𝐢𝐥𝐝 𝐋𝐢𝐦𝐢𝐭𝐞𝐝 𝐒𝐚𝐥𝐞! 🚨
Experience next-gen performance with our latest builds. PM for pricelist!",,82,"10/26/2023 22:30",,https://www.facebook.com/reel/1727907976362727/,0,0,Reels,,,,,10/12/2023,0,,,,,,0,0,0,0,0,0.000,5.726
1043089679190707,100064197037125,"PC Merchandise","𝐀𝐌𝟓 𝐁𝐮𝐢𝐥𝐝 𝐋𝐢𝐦𝐢𝐭𝐞𝐝 𝐒𝐚𝐥𝐞! 🚨
Experience next-gen performance with our latest builds. PM for pricelist!",,82,"10/26/2023 22:30",,https://www.facebook.com/reel/1727907976362727/,0,0,Reels,,,,,10/13/2023,0,,,,,,0,0,0,0,0,0.000,5.978
1043089679190707,100064197037125,"PC Merchandise","𝐀𝐌𝟓 𝐁𝐮𝐢𝐥𝐝 𝐋𝐢𝐦𝐢𝐭𝐞𝐝 𝐒𝐚𝐥𝐞! 🚨
Experience next-gen performance with our latest builds. PM for pricelist!",,82,"10/26/2023 22:30",,https://www.facebook.com/reel/1727907976362727/,0,0,Reels,,,,,10/14/2023,0,,,,,,0,0,0,0,0,0.000,5.717
1043089679190707,100064197037125,"PC Merchandise","𝐀𝐌𝟓 𝐁𝐮𝐢𝐥𝐝 𝐋𝐢𝐦𝐢𝐭𝐞𝐝 𝐒𝐚𝐥𝐞! 🚨
Experience next-gen performance with our latest builds. PM for pricelist!",,82,"10/26/2023 22:30",,https://www.facebook.com/reel/1727907976362727/,0,0,Reels,,,,,10/15/2023,0,,,,,,0,0,0,0,0,0.000,3.911
1043089679190707,100064197037125,"PC Merchandise","𝐀𝐌𝟓 𝐁𝐮𝐢𝐥𝐝 𝐋𝐢𝐦𝐢𝐭𝐞𝐝 𝐒𝐚𝐥𝐞! 🚨
Experience next-gen performance with our latest builds. PM for pricelist!",,82,"10/26/2023 22:30",,https://www.facebook.com/reel/1727907976362727/,0,0,Reels,,,,,10/16/2023,0,,,,,,0,0,0,0,0,0.000,5.334
1043089679190707,100064197037125,"PC Merchandise","𝐀𝐌𝟓 𝐁𝐮𝐢𝐥𝐝 𝐋𝐢𝐦𝐢𝐭𝐞𝐝 𝐒𝐚𝐥𝐞! 🚨
Experience next-gen performance with our latest builds. PM for pricelist!",,82,"10/26/2023 22:30",,https://www.facebook.com/reel/1727907976362727/,0,0,Reels,,,,,10/17/2023,0,,,,,,0,0,0,0,0,0.000,6.995
1043089679190707,100064197037125,"PC Merchandise","𝐀𝐌𝟓 𝐁𝐮𝐢𝐥𝐝 𝐋𝐢𝐦𝐢𝐭𝐞𝐝 𝐒𝐚𝐥𝐞! 🚨
Experience next-gen performance with our latest builds. PM for pricelist!",,82,"10/26/2023 22:30",,https://www.facebook.com/reel/1727907976362727/,0,0,Reels,,,,,10/18/2023,0,,,,,,0,0,0,0,0,0.000,6.202
1043089679190707,100064197037125,"PC Merchandise","𝐀𝐌𝟓 𝐁𝐮𝐢𝐥𝐝 𝐋𝐢𝐦𝐢𝐭𝐞𝐝 𝐒𝐚𝐥𝐞! 🚨
Experience next-gen performance with our latest builds. PM for pricelist!",,82,"10/26/2023 22:30",,https://www.facebook.com/reel/1727907976362727/,0,0,Reels,,,,,10/19/2023,0,,,,,,0,0,0,0,0,0.000,5.966
1043089679190707,100064197037125,"PC Merchandise","𝐀𝐌𝟓 𝐁𝐮𝐢𝐥𝐝 𝐋𝐢𝐦𝐢𝐭𝐞𝐝 𝐒𝐚𝐥𝐞! 🚨
Experience next-gen performance with our latest builds. PM for pricelist!",,82,"10/26/2023 22:30",,https://www.facebook.com/reel/1727907976362727/,0,0,Reels,,,,,10/20/2023,0,,,,,,0,0,0,0,0,0.000,4.853
1043089679190707,100064197037125,"PC Merchandise","𝐀𝐌𝟓 𝐁𝐮𝐢𝐥𝐝 𝐋𝐢𝐦𝐢𝐭𝐞𝐝 𝐒𝐚𝐥𝐞! 🚨
Experience next-gen performance with our latest builds. PM for pricelist!",,82,"10/26/2023 22:30",,https://www.facebook.com/reel/1727907976362727/,0,0,Reels,,,,,10/21/2023,0,,,,,,0,0,0,0,0,0.000,5.702
1043089679190707,100064197037125,"PC Merchandise","𝐀𝐌𝟓 𝐁𝐮𝐢𝐥𝐝 𝐋𝐢𝐦𝐢𝐭𝐞𝐝 𝐒𝐚𝐥𝐞! 🚨
Experience next-gen performance with our latest builds. PM for pricelist!",,82,"10/26/2023 22:30",,https://www.facebook.com/reel/1727907976362727/,0,0,Reels,,,,,10/22/2023,0,,,,,,0,0,0,0,0,0.000,6.142
1043089679190707,100064197037125,"PC Merchandise","𝐀𝐌𝟓 𝐁𝐮𝐢𝐥𝐝 𝐋𝐢𝐦𝐢𝐭𝐞𝐝 𝐒𝐚𝐥𝐞! 🚨
Experience next-gen performance with our latest builds. PM for pricelist!",,82,"10/26/2023 22:30",,https://www.facebook.com/reel/1727907976362727/,0,0,Reels,,,,,10/23/2023,0,,,,,,0,0,0,0,0,0.000,5.563
1043089679190707,100064197037125,"PC Merchandise","𝐀𝐌𝟓 𝐁𝐮𝐢𝐥𝐝 𝐋𝐢𝐦𝐢𝐭𝐞𝐝 𝐒𝐚𝐥𝐞! 🚨
Experience next-gen performance with our latest builds. PM for pricelist!",,82,"10/26/2023 22:30",,https://www.facebook.com/reel/1727907976362727/,0,0,Reels,,,,,10/24/2023,0,,,,,,0,0,0,0,0,0.000,5.493
1043089679190707,100064197037125,"PC Merchandise","𝐀𝐌𝟓 𝐁𝐮𝐢𝐥𝐝 𝐋𝐢𝐦𝐢𝐭𝐞𝐝 𝐒𝐚𝐥𝐞! 🚨
Experience next-gen performance with our latest builds. PM for pricelist!",,82,"10/26/2023 22:30",,https://www.facebook.com/reel/1727907976362727/,0,0,Reels,,,,,10/25/2023,0,,,,,,0,0,0,0,0,0.000,7.018
1043089679190707,100064197037125,"PC Merchandise","𝐀𝐌𝟓 𝐁𝐮𝐢𝐥𝐝 𝐋𝐢𝐦𝐢𝐭𝐞𝐝 𝐒𝐚𝐥𝐞! 🚨
Experience next-gen performance with our latest builds. PM for pricelist!",,82,"10/26/2023 22:30",,https://www.facebook.com/reel/1727907976362727/,0,0,Reels,,,,,10/26/2023,0,,,,,,0,0,0,0,0,121.566,6.349
1043089679190707,100064197037125,"PC Merchandise","𝐀𝐌𝟓 𝐁𝐮𝐢𝐥𝐝 𝐋𝐢𝐦𝐢𝐭𝐞𝐝 𝐒𝐚𝐥𝐞! 🚨
Experience next-gen performance with our latest builds. PM for pricelist!",,82,"10/26/2023 22:30",,https://www.facebook.com/reel/1727907976362727/,0,0,Reels,,,,,10/27/2023,0,,,,,,0,0,0,0,0,53.758,5.985
1043089679190707,100064197037125,"PC Merchandise","𝐀𝐌𝟓 𝐁𝐮𝐢𝐥𝐝 𝐋𝐢𝐦𝐢𝐭𝐞𝐝 𝐒𝐚𝐥𝐞! 🚨
Experience next-gen performance with our latest builds. PM for pricelist!",,82,"10/26/2023 22:30",,https://www.facebook.com/reel/1727907976362727/,0,0,Reels,,,,,10/28/2023,0,,,,,,0,0,0,0,0,67.545,4.579
1043089679190707,100064197037125,"PC Merchandise","𝐀𝐌𝟓 𝐁𝐮𝐢𝐥𝐝 𝐋𝐢𝐦𝐢𝐭𝐞𝐝 𝐒𝐚𝐥𝐞! 🚨
Experience next-gen performance with our latest builds. PM for pricelist!",,82,"10/26/2023 22:30",,https://www.facebook.com/reel/1727907976362727/,0,0,Reels,,,,,10/29/2023,0,,,,,,0,0,0,0,0,52.484,5.566
1043089679190707,100064197037125,"PC Merchandise","𝐀𝐌𝟓 𝐁𝐮𝐢𝐥𝐝 𝐋𝐢𝐦𝐢𝐭𝐞𝐝 𝐒𝐚𝐥𝐞! 🚨
Experience next-gen performance with our latest builds. PM for pricelist!",,82,"10/26/2023 22:30",,https://www.facebook.com/reel/1727907976362727/,0,0,Reels,,,,,10/30/2023,0,,,,,,0,0,0,0,0,14.788,5.905
1043089679190707,100064197037125,"PC Merchandise","𝐀𝐌𝟓 𝐁𝐮𝐢𝐥𝐝 𝐋𝐢𝐦𝐢𝐭𝐞𝐝 𝐒𝐚𝐥𝐞! 🚨
Experience next-gen performance with our latest builds. PM for pricelist!",,82,"10/26/2023 22:30",,https://www.facebook.com/reel/1727907976362727/,0,0,Reels,,,,,10/31/2023,0,,,,,,0,0,0,0,0,47.872,5.215
1043788264732041,100064197037125,"PC Merchandise","Paano kung sabihin ko sayo na kaya mo na mag GTX 1660S build under budget? 👀",,0,"10/26/2023 22:01",,https://www.facebook.com/pcmerchandise.co/posts/pfbid0X3ZTToJ775Ey1qzvrIe6FeTC8nCWhdBMQGsnE9WnIrW4ADZuEKg3tGwb,0,0,Photos,,,,,10/31/2023,0,,,,,,,,,,,,
1043788264732041,100064197037125,"PC Merchandise","Paano kung sabihin ko sayo na kaya mo na mag GTX 1660S build under budget? 👀",,0,"10/26/2023 22:01",,https://www.facebook.com/pcmerchandise.co/posts/pfbid0X3ZTToJ775Ey1qzvrIe6FeTC8nCWhdBMQGsnE9WnIrW4ADZuEKg3tGwb,0,0,Photos,,,,,10/01/2023,,,0,0,0,0,0,0,,,,,
1043788264732041,100064197037125,"PC Merchandise","Paano kung sabihin ko sayo na kaya mo na mag GTX 1660S build under budget? 👀",,0,"10/26/2023 22:01",,https://www.facebook.com/pcmerchandise.co/posts/pfbid0X3ZTToJ775Ey1qzvrIe6FeTC8nCWhdBMQGsnE9WnIrW4ADZuEKg3tGwb,0,0,Photos,,,,,10/02/2023,,,0,0,0,0,0,0,,,,,
1043788264732041,100064197037125,"PC Merchandise","Paano kung sabihin ko sayo na kaya mo na mag GTX 1660S build under budget? 👀",,0,"10/26/2023 22:01",,https://www.facebook.com/pcmerchandise.co/posts/pfbid0X3ZTToJ775Ey1qzvrIe6FeTC8nCWhdBMQGsnE9WnIrW4ADZuEKg3tGwb,0,0,Photos,,,,,10/03/2023,,,0,0,0,0,0,0,,,,,
1043788264732041,100064197037125,"PC Merchandise","Paano kung sabihin ko sayo na kaya mo na mag GTX 1660S build under budget? 👀",,0,"10/26/2023 22:01",,https://www.facebook.com/pcmerchandise.co/posts/pfbid0X3ZTToJ775Ey1qzvrIe6FeTC8nCWhdBMQGsnE9WnIrW4ADZuEKg3tGwb,0,0,Photos,,,,,10/04/2023,,,0,0,0,0,0,0,,,,,
1043788264732041,100064197037125,"PC Merchandise","Paano kung sabihin ko sayo na kaya mo na mag GTX 1660S build under budget? 👀",,0,"10/26/2023 22:01",,https://www.facebook.com/pcmerchandise.co/posts/pfbid0X3ZTToJ775Ey1qzvrIe6FeTC8nCWhdBMQGsnE9WnIrW4ADZuEKg3tGwb,0,0,Photos,,,,,10/05/2023,,,0,0,0,0,0,0,,,,,
1043788264732041,100064197037125,"PC Merchandise","Paano kung sabihin ko sayo na kaya mo na mag GTX 1660S build under budget? 👀",,0,"10/26/2023 22:01",,https://www.facebook.com/pcmerchandise.co/posts/pfbid0X3ZTToJ775Ey1qzvrIe6FeTC8nCWhdBMQGsnE9WnIrW4ADZuEKg3tGwb,0,0,Photos,,,,,10/06/2023,,,0,0,0,0,0,0,,,,,
1043788264732041,100064197037125,"PC Merchandise","Paano kung sabihin ko sayo na kaya mo na mag GTX 1660S build under budget? 👀",,0,"10/26/2023 22:01",,https://www.facebook.com/pcmerchandise.co/posts/pfbid0X3ZTToJ775Ey1qzvrIe6FeTC8nCWhdBMQGsnE9WnIrW4ADZuEKg3tGwb,0,0,Photos,,,,,10/07/2023,,,0,0,0,0,0,0,,,,,
1043788264732041,100064197037125,"PC Merchandise","Paano kung sabihin ko sayo na kaya mo na mag GTX 1660S build under budget? 👀",,0,"10/26/2023 22:01",,https://www.facebook.com/pcmerchandise.co/posts/pfbid0X3ZTToJ775Ey1qzvrIe6FeTC8nCWhdBMQGsnE9WnIrW4ADZuEKg3tGwb,0,0,Photos,,,,,10/08/2023,,,0,0,0,0,0,0,,,,,
1043788264732041,100064197037125,"PC Merchandise","Paano kung sabihin ko sayo na kaya mo na mag GTX 1660S build under budget? 👀",,0,"10/26/2023 22:01",,https://www.facebook.com/pcmerchandise.co/posts/pfbid0X3ZTToJ775Ey1qzvrIe6FeTC8nCWhdBMQGsnE9WnIrW4ADZuEKg3tGwb,0,0,Photos,,,,,10/09/2023,,,0,0,0,0,0,0,,,,,
1043788264732041,100064197037125,"PC Merchandise","Paano kung sabihin ko sayo na kaya mo na mag GTX 1660S build under budget? 👀",,0,"10/26/2023 22:01",,https://www.facebook.com/pcmerchandise.co/posts/pfbid0X3ZTToJ775Ey1qzvrIe6FeTC8nCWhdBMQGsnE9WnIrW4ADZuEKg3tGwb,0,0,Photos,,,,,10/10/2023,,,0,0,0,0,0,0,,,,,
1043788264732041,100064197037125,"PC Merchandise","Paano kung sabihin ko sayo na kaya mo na mag GTX 1660S build under budget? 👀",,0,"10/26/2023 22:01",,https://www.facebook.com/pcmerchandise.co/posts/pfbid0X3ZTToJ775Ey1qzvrIe6FeTC8nCWhdBMQGsnE9WnIrW4ADZuEKg3tGwb,0,0,Photos,,,,,10/11/2023,,,0,0,0,0,0,0,,,,,
1043788264732041,100064197037125,"PC Merchandise","Paano kung sabihin ko sayo na kaya mo na mag GTX 1660S build under budget? 👀",,0,"10/26/2023 22:01",,https://www.facebook.com/pcmerchandise.co/posts/pfbid0X3ZTToJ775Ey1qzvrIe6FeTC8nCWhdBMQGsnE9WnIrW4ADZuEKg3tGwb,0,0,Photos,,,,,10/12/2023,,,0,0,0,0,0,0,,,,,
1043788264732041,100064197037125,"PC Merchandise","Paano kung sabihin ko sayo na kaya mo na mag GTX 1660S build under budget? 👀",,0,"10/26/2023 22:01",,https://www.facebook.com/pcmerchandise.co/posts/pfbid0X3ZTToJ775Ey1qzvrIe6FeTC8nCWhdBMQGsnE9WnIrW4ADZuEKg3tGwb,0,0,Photos,,,,,10/13/2023,,,0,0,0,0,0,0,,,,,
1043788264732041,100064197037125,"PC Merchandise","Paano kung sabihin ko sayo na kaya mo na mag GTX 1660S build under budget? 👀",,0,"10/26/2023 22:01",,https://www.facebook.com/pcmerchandise.co/posts/pfbid0X3ZTToJ775Ey1qzvrIe6FeTC8nCWhdBMQGsnE9WnIrW4ADZuEKg3tGwb,0,0,Photos,,,,,10/14/2023,,,0,0,0,0,0,0,,,,,
1043788264732041,100064197037125,"PC Merchandise","Paano kung sabihin ko sayo na kaya mo na mag GTX 1660S build under budget? 👀",,0,"10/26/2023 22:01",,https://www.facebook.com/pcmerchandise.co/posts/pfbid0X3ZTToJ775Ey1qzvrIe6FeTC8nCWhdBMQGsnE9WnIrW4ADZuEKg3tGwb,0,0,Photos,,,,,10/15/2023,,,0,0,0,0,0,0,,,,,
1043788264732041,100064197037125,"PC Merchandise","Paano kung sabihin ko sayo na kaya mo na mag GTX 1660S build under budget? 👀",,0,"10/26/2023 22:01",,https://www.facebook.com/pcmerchandise.co/posts/pfbid0X3ZTToJ775Ey1qzvrIe6FeTC8nCWhdBMQGsnE9WnIrW4ADZuEKg3tGwb,0,0,Photos,,,,,10/16/2023,,,0,0,0,0,0,0,,,,,
1043788264732041,100064197037125,"PC Merchandise","Paano kung sabihin ko sayo na kaya mo na mag GTX 1660S build under budget? 👀",,0,"10/26/2023 22:01",,https://www.facebook.com/pcmerchandise.co/posts/pfbid0X3ZTToJ775Ey1qzvrIe6FeTC8nCWhdBMQGsnE9WnIrW4ADZuEKg3tGwb,0,0,Photos,,,,,10/17/2023,,,0,0,0,0,0,0,,,,,
1043788264732041,100064197037125,"PC Merchandise","Paano kung sabihin ko sayo na kaya mo na mag GTX 1660S build under budget? 👀",,0,"10/26/2023 22:01",,https://www.facebook.com/pcmerchandise.co/posts/pfbid0X3ZTToJ775Ey1qzvrIe6FeTC8nCWhdBMQGsnE9WnIrW4ADZuEKg3tGwb,0,0,Photos,,,,,10/18/2023,,,0,0,0,0,0,0,,,,,
1043788264732041,100064197037125,"PC Merchandise","Paano kung sabihin ko sayo na kaya mo na mag GTX 1660S build under budget? 👀",,0,"10/26/2023 22:01",,https://www.facebook.com/pcmerchandise.co/posts/pfbid0X3ZTToJ775Ey1qzvrIe6FeTC8nCWhdBMQGsnE9WnIrW4ADZuEKg3tGwb,0,0,Photos,,,,,10/19/2023,,,0,0,0,0,0,0,,,,,
1043788264732041,100064197037125,"PC Merchandise","Paano kung sabihin ko sayo na kaya mo na mag GTX 1660S build under budget? 👀",,0,"10/26/2023 22:01",,https://www.facebook.com/pcmerchandise.co/posts/pfbid0X3ZTToJ775Ey1qzvrIe6FeTC8nCWhdBMQGsnE9WnIrW4ADZuEKg3tGwb,0,0,Photos,,,,,10/20/2023,,,0,0,0,0,0,0,,,,,
1043788264732041,100064197037125,"PC Merchandise","Paano kung sabihin ko sayo na kaya mo na mag GTX 1660S build under budget? 👀",,0,"10/26/2023 22:01",,https://www.facebook.com/pcmerchandise.co/posts/pfbid0X3ZTToJ775Ey1qzvrIe6FeTC8nCWhdBMQGsnE9WnIrW4ADZuEKg3tGwb,0,0,Photos,,,,,10/21/2023,,,0,0,0,0,0,0,,,,,
1043788264732041,100064197037125,"PC Merchandise","Paano kung sabihin ko sayo na kaya mo na mag GTX 1660S build under budget? 👀",,0,"10/26/2023 22:01",,https://www.facebook.com/pcmerchandise.co/posts/pfbid0X3ZTToJ775Ey1qzvrIe6FeTC8nCWhdBMQGsnE9WnIrW4ADZuEKg3tGwb,0,0,Photos,,,,,10/22/2023,,,0,0,0,0,0,0,,,,,
1043788264732041,100064197037125,"PC Merchandise","Paano kung sabihin ko sayo na kaya mo na mag GTX 1660S build under budget? 👀",,0,"10/26/2023 22:01",,https://www.facebook.com/pcmerchandise.co/posts/pfbid0X3ZTToJ775Ey1qzvrIe6FeTC8nCWhdBMQGsnE9WnIrW4ADZuEKg3tGwb,0,0,Photos,,,,,10/23/2023,,,0,0,0,0,0,0,,,,,
1043788264732041,100064197037125,"PC Merchandise","Paano kung sabihin ko sayo na kaya mo na mag GTX 1660S build under budget? 👀",,0,"10/26/2023 22:01",,https://www.facebook.com/pcmerchandise.co/posts/pfbid0X3ZTToJ775Ey1qzvrIe6FeTC8nCWhdBMQGsnE9WnIrW4ADZuEKg3tGwb,0,0,Photos,,,,,10/24/2023,,,0,0,0,0,0,0,,,,,
1043788264732041,100064197037125,"PC Merchandise","Paano kung sabihin ko sayo na kaya mo na mag GTX 1660S build under budget? 👀",,0,"10/26/2023 22:01",,https://www.facebook.com/pcmerchandise.co/posts/pfbid0X3ZTToJ775Ey1qzvrIe6FeTC8nCWhdBMQGsnE9WnIrW4ADZuEKg3tGwb,0,0,Photos,,,,,10/25/2023,,,0,0,0,0,0,0,,,,,
1043788264732041,100064197037125,"PC Merchandise","Paano kung sabihin ko sayo na kaya mo na mag GTX 1660S build under budget? 👀",,0,"10/26/2023 22:01",,https://www.facebook.com/pcmerchandise.co/posts/pfbid0X3ZTToJ775Ey1qzvrIe6FeTC8nCWhdBMQGsnE9WnIrW4ADZuEKg3tGwb,0,0,Photos,,,,,10/26/2023,,,0,0,0,0,0,0,,,,,
1043788264732041,100064197037125,"PC Merchandise","Paano kung sabihin ko sayo na kaya mo na mag GTX 1660S build under budget? 👀",,0,"10/26/2023 22:01",,https://www.facebook.com/pcmerchandise.co/posts/pfbid0X3ZTToJ775Ey1qzvrIe6FeTC8nCWhdBMQGsnE9WnIrW4ADZuEKg3tGwb,0,0,Photos,,,,,10/27/2023,,,0,0,0,0,0,0,,,,,
1043788264732041,100064197037125,"PC Merchandise","Paano kung sabihin ko sayo na kaya mo na mag GTX 1660S build under budget? 👀",,0,"10/26/2023 22:01",,https://www.facebook.com/pcmerchandise.co/posts/pfbid0X3ZTToJ775Ey1qzvrIe6FeTC8nCWhdBMQGsnE9WnIrW4ADZuEKg3tGwb,0,0,Photos,,,,,10/28/2023,,,0,0,0,0,0,0,,,,,
1043788264732041,100064197037125,"PC Merchandise","Paano kung sabihin ko sayo na kaya mo na mag GTX 1660S build under budget? 👀",,0,"10/26/2023 22:01",,https://www.facebook.com/pcmerchandise.co/posts/pfbid0X3ZTToJ775Ey1qzvrIe6FeTC8nCWhdBMQGsnE9WnIrW4ADZuEKg3tGwb,0,0,Photos,,,,,10/29/2023,,,0,0,0,0,0,0,,,,,
1043788264732041,100064197037125,"PC Merchandise","Paano kung sabihin ko sayo na kaya mo na mag GTX 1660S build under budget? 👀",,0,"10/26/2023 22:01",,https://www.facebook.com/pcmerchandise.co/posts/pfbid0X3ZTToJ775Ey1qzvrIe6FeTC8nCWhdBMQGsnE9WnIrW4ADZuEKg3tGwb,0,0,Photos,,,,,10/30/2023,,,0,0,0,0,0,0,,,,,
1043788264732041,100064197037125,"PC Merchandise","Paano kung sabihin ko sayo na kaya mo na mag GTX 1660S build under budget? 👀",,0,"10/26/2023 22:01",,https://www.facebook.com/pcmerchandise.co/posts/pfbid0X3ZTToJ775Ey1qzvrIe6FeTC8nCWhdBMQGsnE9WnIrW4ADZuEKg3tGwb,0,0,Photos,,,,,10/31/2023,,,0,0,0,0,0,0,,,,,
1043554967054829,100064197037125,"PC Merchandise","𝐏𝐑𝐈𝐂𝐄𝐋𝐈𝐒𝐓 𝟐𝟎𝟐𝟑 >>>
https://pcmerchandise.live/2023-COMSHOP-PACKAGES",,0,"10/26/2023 22:00",,https://www.facebook.com/pcmerchandise.co/posts/pfbid0nT2X54DpNiVgIPvI9sWOGSsNbVcbrnwA6UnAzwkubdhlq7qaXkUvWaqO,0,1,Photos,,,,,10/31/2023,0,,,,,,,,,,,,
1043554967054829,100064197037125,"PC Merchandise","𝐏𝐑𝐈𝐂𝐄𝐋𝐈𝐒𝐓 𝟐𝟎𝟐𝟑 >>>
https://pcmerchandise.live/2023-COMSHOP-PACKAGES",,0,"10/26/2023 22:00",,https://www.facebook.com/pcmerchandise.co/posts/pfbid0nT2X54DpNiVgIPvI9sWOGSsNbVcbrnwA6UnAzwkubdhlq7qaXkUvWaqO,0,1,Photos,,,,,10/01/2023,,,0,0,0,0,0,0,,,,,
1043554967054829,100064197037125,"PC Merchandise","𝐏𝐑𝐈𝐂𝐄𝐋𝐈𝐒𝐓 𝟐𝟎𝟐𝟑 >>>
https://pcmerchandise.live/2023-COMSHOP-PACKAGES",,0,"10/26/2023 22:00",,https://www.facebook.com/pcmerchandise.co/posts/pfbid0nT2X54DpNiVgIPvI9sWOGSsNbVcbrnwA6UnAzwkubdhlq7qaXkUvWaqO,0,1,Photos,,,,,10/02/2023,,,0,0,0,0,0,0,,,,,
1043554967054829,100064197037125,"PC Merchandise","𝐏𝐑𝐈𝐂𝐄𝐋𝐈𝐒𝐓 𝟐𝟎𝟐𝟑 >>>
https://pcmerchandise.live/2023-COMSHOP-PACKAGES",,0,"10/26/2023 22:00",,https://www.facebook.com/pcmerchandise.co/posts/pfbid0nT2X54DpNiVgIPvI9sWOGSsNbVcbrnwA6UnAzwkubdhlq7qaXkUvWaqO,0,1,Photos,,,,,10/03/2023,,,0,0,0,0,0,0,,,,,
1043554967054829,100064197037125,"PC Merchandise","𝐏𝐑𝐈𝐂𝐄𝐋𝐈𝐒𝐓 𝟐𝟎𝟐𝟑 >>>
https://pcmerchandise.live/2023-COMSHOP-PACKAGES",,0,"10/26/2023 22:00",,https://www.facebook.com/pcmerchandise.co/posts/pfbid0nT2X54DpNiVgIPvI9sWOGSsNbVcbrnwA6UnAzwkubdhlq7qaXkUvWaqO,0,1,Photos,,,,,10/04/2023,,,0,0,0,0,0,0,,,,,
1043554967054829,100064197037125,"PC Merchandise","𝐏𝐑𝐈𝐂𝐄𝐋𝐈𝐒𝐓 𝟐𝟎𝟐𝟑 >>>
https://pcmerchandise.live/2023-COMSHOP-PACKAGES",,0,"10/26/2023 22:00",,https://www.facebook.com/pcmerchandise.co/posts/pfbid0nT2X54DpNiVgIPvI9sWOGSsNbVcbrnwA6UnAzwkubdhlq7qaXkUvWaqO,0,1,Photos,,,,,10/05/2023,,,0,0,0,0,0,0,,,,,
1043554967054829,100064197037125,"PC Merchandise","𝐏𝐑𝐈𝐂𝐄𝐋𝐈𝐒𝐓 𝟐𝟎𝟐𝟑 >>>
https://pcmerchandise.live/2023-COMSHOP-PACKAGES",,0,"10/26/2023 22:00",,https://www.facebook.com/pcmerchandise.co/posts/pfbid0nT2X54DpNiVgIPvI9sWOGSsNbVcbrnwA6UnAzwkubdhlq7qaXkUvWaqO,0,1,Photos,,,,,10/06/2023,,,0,0,0,0,0,0,,,,,
1043554967054829,100064197037125,"PC Merchandise","𝐏𝐑𝐈𝐂𝐄𝐋𝐈𝐒𝐓 𝟐𝟎𝟐𝟑 >>>
https://pcmerchandise.live/2023-COMSHOP-PACKAGES",,0,"10/26/2023 22:00",,https://www.facebook.com/pcmerchandise.co/posts/pfbid0nT2X54DpNiVgIPvI9sWOGSsNbVcbrnwA6UnAzwkubdhlq7qaXkUvWaqO,0,1,Photos,,,,,10/07/2023,,,0,0,0,0,0,0,,,,,
1043554967054829,100064197037125,"PC Merchandise","𝐏𝐑𝐈𝐂𝐄𝐋𝐈𝐒𝐓 𝟐𝟎𝟐𝟑 >>>
https://pcmerchandise.live/2023-COMSHOP-PACKAGES",,0,"10/26/2023 22:00",,https://www.facebook.com/pcmerchandise.co/posts/pfbid0nT2X54DpNiVgIPvI9sWOGSsNbVcbrnwA6UnAzwkubdhlq7qaXkUvWaqO,0,1,Photos,,,,,10/08/2023,,,0,0,0,0,0,0,,,,,
1043554967054829,100064197037125,"PC Merchandise","𝐏𝐑𝐈𝐂𝐄𝐋𝐈𝐒𝐓 𝟐𝟎𝟐𝟑 >>>
https://pcmerchandise.live/2023-COMSHOP-PACKAGES",,0,"10/26/2023 22:00",,https://www.facebook.com/pcmerchandise.co/posts/pfbid0nT2X54DpNiVgIPvI9sWOGSsNbVcbrnwA6UnAzwkubdhlq7qaXkUvWaqO,0,1,Photos,,,,,10/09/2023,,,0,0,0,0,0,0,,,,,
1043554967054829,100064197037125,"PC Merchandise","𝐏𝐑𝐈𝐂𝐄𝐋𝐈𝐒𝐓 𝟐𝟎𝟐𝟑 >>>
https://pcmerchandise.live/2023-COMSHOP-PACKAGES",,0,"10/26/2023 22:00",,https://www.facebook.com/pcmerchandise.co/posts/pfbid0nT2X54DpNiVgIPvI9sWOGSsNbVcbrnwA6UnAzwkubdhlq7qaXkUvWaqO,0,1,Photos,,,,,10/10/2023,,,0,0,0,0,0,0,,,,,
1043554967054829,100064197037125,"PC Merchandise","𝐏𝐑𝐈𝐂𝐄𝐋𝐈𝐒𝐓 𝟐𝟎𝟐𝟑 >>>
https://pcmerchandise.live/2023-COMSHOP-PACKAGES",,0,"10/26/2023 22:00",,https://www.facebook.com/pcmerchandise.co/posts/pfbid0nT2X54DpNiVgIPvI9sWOGSsNbVcbrnwA6UnAzwkubdhlq7qaXkUvWaqO,0,1,Photos,,,,,10/11/2023,,,0,0,0,0,0,0,,,,,
1043554967054829,100064197037125,"PC Merchandise","𝐏𝐑𝐈𝐂𝐄𝐋𝐈𝐒𝐓 𝟐𝟎𝟐𝟑 >>>
https://pcmerchandise.live/2023-COMSHOP-PACKAGES",,0,"10/26/2023 22:00",,https://www.facebook.com/pcmerchandise.co/posts/pfbid0nT2X54DpNiVgIPvI9sWOGSsNbVcbrnwA6UnAzwkubdhlq7qaXkUvWaqO,0,1,Photos,,,,,10/12/2023,,,0,0,0,0,0,0,,,,,
1043554967054829,100064197037125,"PC Merchandise","𝐏𝐑𝐈𝐂𝐄𝐋𝐈𝐒𝐓 𝟐𝟎𝟐𝟑 >>>
https://pcmerchandise.live/2023-COMSHOP-PACKAGES",,0,"10/26/2023 22:00",,https://www.facebook.com/pcmerchandise.co/posts/pfbid0nT2X54DpNiVgIPvI9sWOGSsNbVcbrnwA6UnAzwkubdhlq7qaXkUvWaqO,0,1,Photos,,,,,10/13/2023,,,0,0,0,0,0,0,,,,,
1043554967054829,100064197037125,"PC Merchandise","𝐏𝐑𝐈𝐂𝐄𝐋𝐈𝐒𝐓 𝟐𝟎𝟐𝟑 >>>
https://pcmerchandise.live/2023-COMSHOP-PACKAGES",,0,"10/26/2023 22:00",,https://www.facebook.com/pcmerchandise.co/posts/pfbid0nT2X54DpNiVgIPvI9sWOGSsNbVcbrnwA6UnAzwkubdhlq7qaXkUvWaqO,0,1,Photos,,,,,10/14/2023,,,0,0,0,0,0,0,,,,,
1043554967054829,100064197037125,"PC Merchandise","𝐏𝐑𝐈𝐂𝐄𝐋𝐈𝐒𝐓 𝟐𝟎𝟐𝟑 >>>
https://pcmerchandise.live/2023-COMSHOP-PACKAGES",,0,"10/26/2023 22:00",,https://www.facebook.com/pcmerchandise.co/posts/pfbid0nT2X54DpNiVgIPvI9sWOGSsNbVcbrnwA6UnAzwkubdhlq7qaXkUvWaqO,0,1,Photos,,,,,10/15/2023,,,0,0,0,0,0,0,,,,,
1043554967054829,100064197037125,"PC Merchandise","𝐏𝐑𝐈𝐂𝐄𝐋𝐈𝐒𝐓 𝟐𝟎𝟐𝟑 >>>
https://pcmerchandise.live/2023-COMSHOP-PACKAGES",,0,"10/26/2023 22:00",,https://www.facebook.com/pcmerchandise.co/posts/pfbid0nT2X54DpNiVgIPvI9sWOGSsNbVcbrnwA6UnAzwkubdhlq7qaXkUvWaqO,0,1,Photos,,,,,10/16/2023,,,0,0,0,0,0,0,,,,,
1043554967054829,100064197037125,"PC Merchandise","𝐏𝐑𝐈𝐂𝐄𝐋𝐈𝐒𝐓 𝟐𝟎𝟐𝟑 >>>
https://pcmerchandise.live/2023-COMSHOP-PACKAGES",,0,"10/26/2023 22:00",,https://www.facebook.com/pcmerchandise.co/posts/pfbid0nT2X54DpNiVgIPvI9sWOGSsNbVcbrnwA6UnAzwkubdhlq7qaXkUvWaqO,0,1,Photos,,,,,10/17/2023,,,0,0,0,0,0,0,,,,,
1043554967054829,100064197037125,"PC Merchandise","𝐏𝐑𝐈𝐂𝐄𝐋𝐈𝐒𝐓 𝟐𝟎𝟐𝟑 >>>
https://pcmerchandise.live/2023-COMSHOP-PACKAGES",,0,"10/26/2023 22:00",,https://www.facebook.com/pcmerchandise.co/posts/pfbid0nT2X54DpNiVgIPvI9sWOGSsNbVcbrnwA6UnAzwkubdhlq7qaXkUvWaqO,0,1,Photos,,,,,10/18/2023,,,0,0,0,0,0,0,,,,,
1043554967054829,100064197037125,"PC Merchandise","𝐏𝐑𝐈𝐂𝐄𝐋𝐈𝐒𝐓 𝟐𝟎𝟐𝟑 >>>
https://pcmerchandise.live/2023-COMSHOP-PACKAGES",,0,"10/26/2023 22:00",,https://www.facebook.com/pcmerchandise.co/posts/pfbid0nT2X54DpNiVgIPvI9sWOGSsNbVcbrnwA6UnAzwkubdhlq7qaXkUvWaqO,0,1,Photos,,,,,10/19/2023,,,0,0,0,0,0,0,,,,,
1043554967054829,100064197037125,"PC Merchandise","𝐏𝐑𝐈𝐂𝐄𝐋𝐈𝐒𝐓 𝟐𝟎𝟐𝟑 >>>
https://pcmerchandise.live/2023-COMSHOP-PACKAGES",,0,"10/26/2023 22:00",,https://www.facebook.com/pcmerchandise.co/posts/pfbid0nT2X54DpNiVgIPvI9sWOGSsNbVcbrnwA6UnAzwkubdhlq7qaXkUvWaqO,0,1,Photos,,,,,10/20/2023,,,0,0,0,0,0,0,,,,,
1043554967054829,100064197037125,"PC Merchandise","𝐏𝐑𝐈𝐂𝐄𝐋𝐈𝐒𝐓 𝟐𝟎𝟐𝟑 >>>
https://pcmerchandise.live/2023-COMSHOP-PACKAGES",,0,"10/26/2023 22:00",,https://www.facebook.com/pcmerchandise.co/posts/pfbid0nT2X54DpNiVgIPvI9sWOGSsNbVcbrnwA6UnAzwkubdhlq7qaXkUvWaqO,0,1,Photos,,,,,10/21/2023,,,0,0,0,0,0,0,,,,,
1043554967054829,100064197037125,"PC Merchandise","𝐏𝐑𝐈𝐂𝐄𝐋𝐈𝐒𝐓 𝟐𝟎𝟐𝟑 >>>
https://pcmerchandise.live/2023-COMSHOP-PACKAGES",,0,"10/26/2023 22:00",,https://www.facebook.com/pcmerchandise.co/posts/pfbid0nT2X54DpNiVgIPvI9sWOGSsNbVcbrnwA6UnAzwkubdhlq7qaXkUvWaqO,0,1,Photos,,,,,10/22/2023,,,0,0,0,0,0,0,,,,,
1043554967054829,100064197037125,"PC Merchandise","𝐏𝐑𝐈𝐂𝐄𝐋𝐈𝐒𝐓 𝟐𝟎𝟐𝟑 >>>
https://pcmerchandise.live/2023-COMSHOP-PACKAGES",,0,"10/26/2023 22:00",,https://www.facebook.com/pcmerchandise.co/posts/pfbid0nT2X54DpNiVgIPvI9sWOGSsNbVcbrnwA6UnAzwkubdhlq7qaXkUvWaqO,0,1,Photos,,,,,10/23/2023,,,0,0,0,0,0,0,,,,,
1043554967054829,100064197037125,"PC Merchandise","𝐏𝐑𝐈𝐂𝐄𝐋𝐈𝐒𝐓 𝟐𝟎𝟐𝟑 >>>
https://pcmerchandise.live/2023-COMSHOP-PACKAGES",,0,"10/26/2023 22:00",,https://www.facebook.com/pcmerchandise.co/posts/pfbid0nT2X54DpNiVgIPvI9sWOGSsNbVcbrnwA6UnAzwkubdhlq7qaXkUvWaqO,0,1,Photos,,,,,10/24/2023,,,0,0,0,0,0,0,,,,,
1043554967054829,100064197037125,"PC Merchandise","𝐏𝐑𝐈𝐂𝐄𝐋𝐈𝐒𝐓 𝟐𝟎𝟐𝟑 >>>
https://pcmerchandise.live/2023-COMSHOP-PACKAGES",,0,"10/26/2023 22:00",,https://www.facebook.com/pcmerchandise.co/posts/pfbid0nT2X54DpNiVgIPvI9sWOGSsNbVcbrnwA6UnAzwkubdhlq7qaXkUvWaqO,0,1,Photos,,,,,10/25/2023,,,0,0,0,0,0,0,,,,,
1043554967054829,100064197037125,"PC Merchandise","𝐏𝐑𝐈𝐂𝐄𝐋𝐈𝐒𝐓 𝟐𝟎𝟐𝟑 >>>
https://pcmerchandise.live/2023-COMSHOP-PACKAGES",,0,"10/26/2023 22:00",,https://www.facebook.com/pcmerchandise.co/posts/pfbid0nT2X54DpNiVgIPvI9sWOGSsNbVcbrnwA6UnAzwkubdhlq7qaXkUvWaqO,0,1,Photos,,,,,10/26/2023,,,0,0,0,0,0,0,,,,,
1043554967054829,100064197037125,"PC Merchandise","𝐏𝐑𝐈𝐂𝐄𝐋𝐈𝐒𝐓 𝟐𝟎𝟐𝟑 >>>
https://pcmerchandise.live/2023-COMSHOP-PACKAGES",,0,"10/26/2023 22:00",,https://www.facebook.com/pcmerchandise.co/posts/pfbid0nT2X54DpNiVgIPvI9sWOGSsNbVcbrnwA6UnAzwkubdhlq7qaXkUvWaqO,0,1,Photos,,,,,10/27/2023,,,0,0,0,0,0,0,,,,,
1043554967054829,100064197037125,"PC Merchandise","𝐏𝐑𝐈𝐂𝐄𝐋𝐈𝐒𝐓 𝟐𝟎𝟐𝟑 >>>
https://pcmerchandise.live/2023-COMSHOP-PACKAGES",,0,"10/26/2023 22:00",,https://www.facebook.com/pcmerchandise.co/posts/pfbid0nT2X54DpNiVgIPvI9sWOGSsNbVcbrnwA6UnAzwkubdhlq7qaXkUvWaqO,0,1,Photos,,,,,10/28/2023,,,0,0,0,0,0,0,,,,,
1043554967054829,100064197037125,"PC Merchandise","𝐏𝐑𝐈𝐂𝐄𝐋𝐈𝐒𝐓 𝟐𝟎𝟐𝟑 >>>
https://pcmerchandise.live/2023-COMSHOP-PACKAGES",,0,"10/26/2023 22:00",,https://www.facebook.com/pcmerchandise.co/posts/pfbid0nT2X54DpNiVgIPvI9sWOGSsNbVcbrnwA6UnAzwkubdhlq7qaXkUvWaqO,0,1,Photos,,,,,10/29/2023,,,0,0,0,0,0,0,,,,,
1043554967054829,100064197037125,"PC Merchandise","𝐏𝐑𝐈𝐂𝐄𝐋𝐈𝐒𝐓 𝟐𝟎𝟐𝟑 >>>
https://pcmerchandise.live/2023-COMSHOP-PACKAGES",,0,"10/26/2023 22:00",,https://www.facebook.com/pcmerchandise.co/posts/pfbid0nT2X54DpNiVgIPvI9sWOGSsNbVcbrnwA6UnAzwkubdhlq7qaXkUvWaqO,0,1,Photos,,,,,10/30/2023,,,0,0,0,0,0,0,,,,,
1043554967054829,100064197037125,"PC Merchandise","𝐏𝐑𝐈𝐂𝐄𝐋𝐈𝐒𝐓 𝟐𝟎𝟐𝟑 >>>
https://pcmerchandise.live/2023-COMSHOP-PACKAGES",,0,"10/26/2023 22:00",,https://www.facebook.com/pcmerchandise.co/posts/pfbid0nT2X54DpNiVgIPvI9sWOGSsNbVcbrnwA6UnAzwkubdhlq7qaXkUvWaqO,0,1,Photos,,,,,10/31/2023,,,0,0,0,0,0,0,,,,,
1043406596085659,100064197037125,"PC Merchandise","𝐑𝐘𝐙𝐄𝐍 𝟓 𝟓𝟔𝟎𝟎𝐆 𝟒+𝟏 w/ 𝐆𝐓𝐗 𝟏𝟔𝟔𝟎𝐒
𝐆𝐀𝐌𝐈𝐍𝐆 𝐁𝐔𝐈𝐋𝐃
#PCMERCHANDISE #PCMBUILDS",,51,"10/26/2023 21:00",,https://www.facebook.com/reel/1283705620007350/,0,0,Reels,,,,,10/01/2023,0,,,,,,0,0,0,0,0,0.000,3.638
1043406596085659,100064197037125,"PC Merchandise","𝐑𝐘𝐙𝐄𝐍 𝟓 𝟓𝟔𝟎𝟎𝐆 𝟒+𝟏 w/ 𝐆𝐓𝐗 𝟏𝟔𝟔𝟎𝐒
𝐆𝐀𝐌𝐈𝐍𝐆 𝐁𝐔𝐈𝐋𝐃
#PCMERCHANDISE #PCMBUILDS",,51,"10/26/2023 21:00",,https://www.facebook.com/reel/1283705620007350/,0,0,Reels,,,,,10/02/2023,0,,,,,,0,0,0,0,0,0.000,4.163
1043406596085659,100064197037125,"PC Merchandise","𝐑𝐘𝐙𝐄𝐍 𝟓 𝟓𝟔𝟎𝟎𝐆 𝟒+𝟏 w/ 𝐆𝐓𝐗 𝟏𝟔𝟔𝟎𝐒
𝐆𝐀𝐌𝐈𝐍𝐆 𝐁𝐔𝐈𝐋𝐃
#PCMERCHANDISE #PCMBUILDS",,51,"10/26/2023 21:00",,https://www.facebook.com/reel/1283705620007350/,0,0,Reels,,,,,10/03/2023,0,,,,,,0,0,0,0,0,0.000,3.310
1043406596085659,100064197037125,"PC Merchandise","𝐑𝐘𝐙𝐄𝐍 𝟓 𝟓𝟔𝟎𝟎𝐆 𝟒+𝟏 w/ 𝐆𝐓𝐗 𝟏𝟔𝟔𝟎𝐒
𝐆𝐀𝐌𝐈𝐍𝐆 𝐁𝐔𝐈𝐋𝐃
#PCMERCHANDISE #PCMBUILDS",,51,"10/26/2023 21:00",,https://www.facebook.com/reel/1283705620007350/,0,0,Reels,,,,,10/04/2023,0,,,,,,0,0,0,0,0,0.000,2.544
1043406596085659,100064197037125,"PC Merchandise","𝐑𝐘𝐙𝐄𝐍 𝟓 𝟓𝟔𝟎𝟎𝐆 𝟒+𝟏 w/ 𝐆𝐓𝐗 𝟏𝟔𝟔𝟎𝐒
𝐆𝐀𝐌𝐈𝐍𝐆 𝐁𝐔𝐈𝐋𝐃
#PCMERCHANDISE #PCMBUILDS",,51,"10/26/2023 21:00",,https://www.facebook.com/reel/1283705620007350/,0,0,Reels,,,,,10/05/2023,0,,,,,,0,0,0,0,0,0.000,5.140
1043406596085659,100064197037125,"PC Merchandise","𝐑𝐘𝐙𝐄𝐍 𝟓 𝟓𝟔𝟎𝟎𝐆 𝟒+𝟏 w/ 𝐆𝐓𝐗 𝟏𝟔𝟔𝟎𝐒
𝐆𝐀𝐌𝐈𝐍𝐆 𝐁𝐔𝐈𝐋𝐃
#PCMERCHANDISE #PCMBUILDS",,51,"10/26/2023 21:00",,https://www.facebook.com/reel/1283705620007350/,0,0,Reels,,,,,10/06/2023,0,,,,,,0,0,0,0,0,0.000,5.434
1043406596085659,100064197037125,"PC Merchandise","𝐑𝐘𝐙𝐄𝐍 𝟓 𝟓𝟔𝟎𝟎𝐆 𝟒+𝟏 w/ 𝐆𝐓𝐗 𝟏𝟔𝟔𝟎𝐒
𝐆𝐀𝐌𝐈𝐍𝐆 𝐁𝐔𝐈𝐋𝐃
#PCMERCHANDISE #PCMBUILDS",,51,"10/26/2023 21:00",,https://www.facebook.com/reel/1283705620007350/,0,0,Reels,,,,,10/07/2023,0,,,,,,0,0,0,0,0,0.000,4.828
1043406596085659,100064197037125,"PC Merchandise","𝐑𝐘𝐙𝐄𝐍 𝟓 𝟓𝟔𝟎𝟎𝐆 𝟒+𝟏 w/ 𝐆𝐓𝐗 𝟏𝟔𝟔𝟎𝐒
𝐆𝐀𝐌𝐈𝐍𝐆 𝐁𝐔𝐈𝐋𝐃
#PCMERCHANDISE #PCMBUILDS",,51,"10/26/2023 21:00",,https://www.facebook.com/reel/1283705620007350/,0,0,Reels,,,,,10/08/2023,0,,,,,,0,0,0,0,0,0.000,4.528
1043406596085659,100064197037125,"PC Merchandise","𝐑𝐘𝐙𝐄𝐍 𝟓 𝟓𝟔𝟎𝟎𝐆 𝟒+𝟏 w/ 𝐆𝐓𝐗 𝟏𝟔𝟔𝟎𝐒
𝐆𝐀𝐌𝐈𝐍𝐆 𝐁𝐔𝐈𝐋𝐃
#PCMERCHANDISE #PCMBUILDS",,51,"10/26/2023 21:00",,https://www.facebook.com/reel/1283705620007350/,0,0,Reels,,,,,10/09/2023,0,,,,,,0,0,0,0,0,0.000,5.013
1043406596085659,100064197037125,"PC Merchandise","𝐑𝐘𝐙𝐄𝐍 𝟓 𝟓𝟔𝟎𝟎𝐆 𝟒+𝟏 w/ 𝐆𝐓𝐗 𝟏𝟔𝟔𝟎𝐒
𝐆𝐀𝐌𝐈𝐍𝐆 𝐁𝐔𝐈𝐋𝐃
#PCMERCHANDISE #PCMBUILDS",,51,"10/26/2023 21:00",,https://www.facebook.com/reel/1283705620007350/,0,0,Reels,,,,,10/10/2023,0,,,,,,0,0,0,0,0,0.000,3.834
1043406596085659,100064197037125,"PC Merchandise","𝐑𝐘𝐙𝐄𝐍 𝟓 𝟓𝟔𝟎𝟎𝐆 𝟒+𝟏 w/ 𝐆𝐓𝐗 𝟏𝟔𝟔𝟎𝐒
𝐆𝐀𝐌𝐈𝐍𝐆 𝐁𝐔𝐈𝐋𝐃
#PCMERCHANDISE #PCMBUILDS",,51,"10/26/2023 21:00",,https://www.facebook.com/reel/1283705620007350/,0,0,Reels,,,,,10/11/2023,0,,,,,,0,0,0,0,0,0.000,4.021
1043406596085659,100064197037125,"PC Merchandise","𝐑𝐘𝐙𝐄𝐍 𝟓 𝟓𝟔𝟎𝟎𝐆 𝟒+𝟏 w/ 𝐆𝐓𝐗 𝟏𝟔𝟔𝟎𝐒
𝐆𝐀𝐌𝐈𝐍𝐆 𝐁𝐔𝐈𝐋𝐃
#PCMERCHANDISE #PCMBUILDS",,51,"10/26/2023 21:00",,https://www.facebook.com/reel/1283705620007350/,0,0,Reels,,,,,10/12/2023,0,,,,,,0,0,0,0,0,0.000,4.390
1043406596085659,100064197037125,"PC Merchandise","𝐑𝐘𝐙𝐄𝐍 𝟓 𝟓𝟔𝟎𝟎𝐆 𝟒+𝟏 w/ 𝐆𝐓𝐗 𝟏𝟔𝟔𝟎𝐒
𝐆𝐀𝐌𝐈𝐍𝐆 𝐁𝐔𝐈𝐋𝐃
#PCMERCHANDISE #PCMBUILDS",,51,"10/26/2023 21:00",,https://www.facebook.com/reel/1283705620007350/,0,0,Reels,,,,,10/13/2023,0,,,,,,0,0,0,0,0,0.000,4.864
1043406596085659,100064197037125,"PC Merchandise","𝐑𝐘𝐙𝐄𝐍 𝟓 𝟓𝟔𝟎𝟎𝐆 𝟒+𝟏 w/ 𝐆𝐓𝐗 𝟏𝟔𝟔𝟎𝐒
𝐆𝐀𝐌𝐈𝐍𝐆 𝐁𝐔𝐈𝐋𝐃
#PCMERCHANDISE #PCMBUILDS",,51,"10/26/2023 21:00",,https://www.facebook.com/reel/1283705620007350/,0,0,Reels,,,,,10/14/2023,0,,,,,,0,0,0,0,0,0.000,3.779
1043406596085659,100064197037125,"PC Merchandise","𝐑𝐘𝐙𝐄𝐍 𝟓 𝟓𝟔𝟎𝟎𝐆 𝟒+𝟏 w/ 𝐆𝐓𝐗 𝟏𝟔𝟔𝟎𝐒
𝐆𝐀𝐌𝐈𝐍𝐆 𝐁𝐔𝐈𝐋𝐃
#PCMERCHANDISE #PCMBUILDS",,51,"10/26/2023 21:00",,https://www.facebook.com/reel/1283705620007350/,0,0,Reels,,,,,10/15/2023,0,,,,,,0,0,0,0,0,0.000,3.648
1043406596085659,100064197037125,"PC Merchandise","𝐑𝐘𝐙𝐄𝐍 𝟓 𝟓𝟔𝟎𝟎𝐆 𝟒+𝟏 w/ 𝐆𝐓𝐗 𝟏𝟔𝟔𝟎𝐒
𝐆𝐀𝐌𝐈𝐍𝐆 𝐁𝐔𝐈𝐋𝐃
#PCMERCHANDISE #PCMBUILDS",,51,"10/26/2023 21:00",,https://www.facebook.com/reel/1283705620007350/,0,0,Reels,,,,,10/16/2023,0,,,,,,0,0,0,0,0,0.000,4.666
1043406596085659,100064197037125,"PC Merchandise","𝐑𝐘𝐙𝐄𝐍 𝟓 𝟓𝟔𝟎𝟎𝐆 𝟒+𝟏 w/ 𝐆𝐓𝐗 𝟏𝟔𝟔𝟎𝐒
𝐆𝐀𝐌𝐈𝐍𝐆 𝐁𝐔𝐈𝐋𝐃
#PCMERCHANDISE #PCMBUILDS",,51,"10/26/2023 21:00",,https://www.facebook.com/reel/1283705620007350/,0,0,Reels,,,,,10/17/2023,0,,,,,,0,0,0,0,0,0.000,2.954
1043406596085659,100064197037125,"PC Merchandise","𝐑𝐘𝐙𝐄𝐍 𝟓 𝟓𝟔𝟎𝟎𝐆 𝟒+𝟏 w/ 𝐆𝐓𝐗 𝟏𝟔𝟔𝟎𝐒
𝐆𝐀𝐌𝐈𝐍𝐆 𝐁𝐔𝐈𝐋𝐃
#PCMERCHANDISE #PCMBUILDS",,51,"10/26/2023 21:00",,https://www.facebook.com/reel/1283705620007350/,0,0,Reels,,,,,10/18/2023,0,,,,,,0,0,0,0,0,0.000,4.232
1043406596085659,100064197037125,"PC Merchandise","𝐑𝐘𝐙𝐄𝐍 𝟓 𝟓𝟔𝟎𝟎𝐆 𝟒+𝟏 w/ 𝐆𝐓𝐗 𝟏𝟔𝟔𝟎𝐒
𝐆𝐀𝐌𝐈𝐍𝐆 𝐁𝐔𝐈𝐋𝐃
#PCMERCHANDISE #PCMBUILDS",,51,"10/26/2023 21:00",,https://www.facebook.com/reel/1283705620007350/,0,0,Reels,,,,,10/19/2023,0,,,,,,0,0,0,0,0,0.000,4.222
1043406596085659,100064197037125,"PC Merchandise","𝐑𝐘𝐙𝐄𝐍 𝟓 𝟓𝟔𝟎𝟎𝐆 𝟒+𝟏 w/ 𝐆𝐓𝐗 𝟏𝟔𝟔𝟎𝐒
𝐆𝐀𝐌𝐈𝐍𝐆 𝐁𝐔𝐈𝐋𝐃
#PCMERCHANDISE #PCMBUILDS",,51,"10/26/2023 21:00",,https://www.facebook.com/reel/1283705620007350/,0,0,Reels,,,,,10/20/2023,0,,,,,,0,0,0,0,0,0.000,4.902
1043406596085659,100064197037125,"PC Merchandise","𝐑𝐘𝐙𝐄𝐍 𝟓 𝟓𝟔𝟎𝟎𝐆 𝟒+𝟏 w/ 𝐆𝐓𝐗 𝟏𝟔𝟔𝟎𝐒
𝐆𝐀𝐌𝐈𝐍𝐆 𝐁𝐔𝐈𝐋𝐃
#PCMERCHANDISE #PCMBUILDS",,51,"10/26/2023 21:00",,https://www.facebook.com/reel/1283705620007350/,0,0,Reels,,,,,10/21/2023,0,,,,,,0,0,0,0,0,0.000,4.287
1043406596085659,100064197037125,"PC Merchandise","𝐑𝐘𝐙𝐄𝐍 𝟓 𝟓𝟔𝟎𝟎𝐆 𝟒+𝟏 w/ 𝐆𝐓𝐗 𝟏𝟔𝟔𝟎𝐒
𝐆𝐀𝐌𝐈𝐍𝐆 𝐁𝐔𝐈𝐋𝐃
#PCMERCHANDISE #PCMBUILDS",,51,"10/26/2023 21:00",,https://www.facebook.com/reel/1283705620007350/,0,0,Reels,,,,,10/22/2023,0,,,,,,0,0,0,0,0,0.000,3.687
1043406596085659,100064197037125,"PC Merchandise","𝐑𝐘𝐙𝐄𝐍 𝟓 𝟓𝟔𝟎𝟎𝐆 𝟒+𝟏 w/ 𝐆𝐓𝐗 𝟏𝟔𝟔𝟎𝐒
𝐆𝐀𝐌𝐈𝐍𝐆 𝐁𝐔𝐈𝐋𝐃
#PCMERCHANDISE #PCMBUILDS",,51,"10/26/2023 21:00",,https://www.facebook.com/reel/1283705620007350/,0,0,Reels,,,,,10/23/2023,0,,,,,,0,0,0,0,0,0.000,4.328
1043406596085659,100064197037125,"PC Merchandise","𝐑𝐘𝐙𝐄𝐍 𝟓 𝟓𝟔𝟎𝟎𝐆 𝟒+𝟏 w/ 𝐆𝐓𝐗 𝟏𝟔𝟔𝟎𝐒
𝐆𝐀𝐌𝐈𝐍𝐆 𝐁𝐔𝐈𝐋𝐃
#PCMERCHANDISE #PCMBUILDS",,51,"10/26/2023 21:00",,https://www.facebook.com/reel/1283705620007350/,0,0,Reels,,,,,10/24/2023,0,,,,,,0,0,0,0,0,0.000,3.468
1043406596085659,100064197037125,"PC Merchandise","𝐑𝐘𝐙𝐄𝐍 𝟓 𝟓𝟔𝟎𝟎𝐆 𝟒+𝟏 w/ 𝐆𝐓𝐗 𝟏𝟔𝟔𝟎𝐒
𝐆𝐀𝐌𝐈𝐍𝐆 𝐁𝐔𝐈𝐋𝐃
#PCMERCHANDISE #PCMBUILDS",,51,"10/26/2023 21:00",,https://www.facebook.com/reel/1283705620007350/,0,0,Reels,,,,,10/25/2023,0,,,,,,0,0,0,0,0,0.000,4.800
1043406596085659,100064197037125,"PC Merchandise","𝐑𝐘𝐙𝐄𝐍 𝟓 𝟓𝟔𝟎𝟎𝐆 𝟒+𝟏 w/ 𝐆𝐓𝐗 𝟏𝟔𝟔𝟎𝐒
𝐆𝐀𝐌𝐈𝐍𝐆 𝐁𝐔𝐈𝐋𝐃
#PCMERCHANDISE #PCMBUILDS",,51,"10/26/2023 21:00",,https://www.facebook.com/reel/1283705620007350/,0,0,Reels,,,,,10/26/2023,0,,,,,,0,0,2,2,0,102.971,2.850
1043406596085659,100064197037125,"PC Merchandise","𝐑𝐘𝐙𝐄𝐍 𝟓 𝟓𝟔𝟎𝟎𝐆 𝟒+𝟏 w/ 𝐆𝐓𝐗 𝟏𝟔𝟔𝟎𝐒
𝐆𝐀𝐌𝐈𝐍𝐆 𝐁𝐔𝐈𝐋𝐃
#PCMERCHANDISE #PCMBUILDS",,51,"10/26/2023 21:00",,https://www.facebook.com/reel/1283705620007350/,0,0,Reels,,,,,10/27/2023,0,,,,,,0,0,0,0,0,77.312,3.575
1043406596085659,100064197037125,"PC Merchandise","𝐑𝐘𝐙𝐄𝐍 𝟓 𝟓𝟔𝟎𝟎𝐆 𝟒+𝟏 w/ 𝐆𝐓𝐗 𝟏𝟔𝟔𝟎𝐒
𝐆𝐀𝐌𝐈𝐍𝐆 𝐁𝐔𝐈𝐋𝐃
#PCMERCHANDISE #PCMBUILDS",,51,"10/26/2023 21:00",,https://www.facebook.com/reel/1283705620007350/,0,0,Reels,,,,,10/28/2023,0,,,,,,0,0,0,0,0,55.182,4.939
1043406596085659,100064197037125,"PC Merchandise","𝐑𝐘𝐙𝐄𝐍 𝟓 𝟓𝟔𝟎𝟎𝐆 𝟒+𝟏 w/ 𝐆𝐓𝐗 𝟏𝟔𝟔𝟎𝐒
𝐆𝐀𝐌𝐈𝐍𝐆 𝐁𝐔𝐈𝐋𝐃
#PCMERCHANDISE #PCMBUILDS",,51,"10/26/2023 21:00",,https://www.facebook.com/reel/1283705620007350/,0,0,Reels,,,,,10/29/2023,0,,,,,,0,0,2,2,0,57.744,4.664
1043406596085659,100064197037125,"PC Merchandise","𝐑𝐘𝐙𝐄𝐍 𝟓 𝟓𝟔𝟎𝟎𝐆 𝟒+𝟏 w/ 𝐆𝐓𝐗 𝟏𝟔𝟔𝟎𝐒
𝐆𝐀𝐌𝐈𝐍𝐆 𝐁𝐔𝐈𝐋𝐃
#PCMERCHANDISE #PCMBUILDS",,51,"10/26/2023 21:00",,https://www.facebook.com/reel/1283705620007350/,0,0,Reels,,,,,10/30/2023,0,,,,,,0,0,1,1,0,52.860,3.736
1043406596085659,100064197037125,"PC Merchandise","𝐑𝐘𝐙𝐄𝐍 𝟓 𝟓𝟔𝟎𝟎𝐆 𝟒+𝟏 w/ 𝐆𝐓𝐗 𝟏𝟔𝟔𝟎𝐒
𝐆𝐀𝐌𝐈𝐍𝐆 𝐁𝐔𝐈𝐋𝐃
#PCMERCHANDISE #PCMBUILDS",,51,"10/26/2023 21:00",,https://www.facebook.com/reel/1283705620007350/,0,0,Reels,,,,,10/31/2023,0,,,,,,0,0,3,3,0,32.948,5.424
1043663280624649,100064197037125,"PC Merchandise","Free deliver within Montalbon! RYZEN 5 4600G packages all-in na.",,0,"10/26/2023 21:00",,https://www.facebook.com/pcmerchandise.co/posts/pfbid0C7G7wu9Ogda9NFA4dHFQIIr5GmZLYH5zoCN1jSD90ixioyWOCVRhbGQD,0,0,Photos,,,,,10/31/2023,0,,,,,,,,,,,,
1043663280624649,100064197037125,"PC Merchandise","Free deliver within Montalbon! RYZEN 5 4600G packages all-in na.",,0,"10/26/2023 21:00",,https://www.facebook.com/pcmerchandise.co/posts/pfbid0C7G7wu9Ogda9NFA4dHFQIIr5GmZLYH5zoCN1jSD90ixioyWOCVRhbGQD,0,0,Photos,,,,,10/01/2023,,,0,0,0,0,0,0,,,,,
1043663280624649,100064197037125,"PC Merchandise","Free deliver within Montalbon! RYZEN 5 4600G packages all-in na.",,0,"10/26/2023 21:00",,https://www.facebook.com/pcmerchandise.co/posts/pfbid0C7G7wu9Ogda9NFA4dHFQIIr5GmZLYH5zoCN1jSD90ixioyWOCVRhbGQD,0,0,Photos,,,,,10/02/2023,,,0,0,0,0,0,0,,,,,
1043663280624649,100064197037125,"PC Merchandise","Free deliver within Montalbon! RYZEN 5 4600G packages all-in na.",,0,"10/26/2023 21:00",,https://www.facebook.com/pcmerchandise.co/posts/pfbid0C7G7wu9Ogda9NFA4dHFQIIr5GmZLYH5zoCN1jSD90ixioyWOCVRhbGQD,0,0,Photos,,,,,10/03/2023,,,0,0,0,0,0,0,,,,,
1043663280624649,100064197037125,"PC Merchandise","Free deliver within Montalbon! RYZEN 5 4600G packages all-in na.",,0,"10/26/2023 21:00",,https://www.facebook.com/pcmerchandise.co/posts/pfbid0C7G7wu9Ogda9NFA4dHFQIIr5GmZLYH5zoCN1jSD90ixioyWOCVRhbGQD,0,0,Photos,,,,,10/04/2023,,,0,0,0,0,0,0,,,,,
1043663280624649,100064197037125,"PC Merchandise","Free deliver within Montalbon! RYZEN 5 4600G packages all-in na.",,0,"10/26/2023 21:00",,https://www.facebook.com/pcmerchandise.co/posts/pfbid0C7G7wu9Ogda9NFA4dHFQIIr5GmZLYH5zoCN1jSD90ixioyWOCVRhbGQD,0,0,Photos,,,,,10/05/2023,,,0,0,0,0,0,0,,,,,
1043663280624649,100064197037125,"PC Merchandise","Free deliver within Montalbon! RYZEN 5 4600G packages all-in na.",,0,"10/26/2023 21:00",,https://www.facebook.com/pcmerchandise.co/posts/pfbid0C7G7wu9Ogda9NFA4dHFQIIr5GmZLYH5zoCN1jSD90ixioyWOCVRhbGQD,0,0,Photos,,,,,10/06/2023,,,0,0,0,0,0,0,,,,,
1043663280624649,100064197037125,"PC Merchandise","Free deliver within Montalbon! RYZEN 5 4600G packages all-in na.",,0,"10/26/2023 21:00",,https://www.facebook.com/pcmerchandise.co/posts/pfbid0C7G7wu9Ogda9NFA4dHFQIIr5GmZLYH5zoCN1jSD90ixioyWOCVRhbGQD,0,0,Photos,,,,,10/07/2023,,,0,0,0,0,0,0,,,,,
1043663280624649,100064197037125,"PC Merchandise","Free deliver within Montalbon! RYZEN 5 4600G packages all-in na.",,0,"10/26/2023 21:00",,https://www.facebook.com/pcmerchandise.co/posts/pfbid0C7G7wu9Ogda9NFA4dHFQIIr5GmZLYH5zoCN1jSD90ixioyWOCVRhbGQD,0,0,Photos,,,,,10/08/2023,,,0,0,0,0,0,0,,,,,
1043663280624649,100064197037125,"PC Merchandise","Free deliver within Montalbon! RYZEN 5 4600G packages all-in na.",,0,"10/26/2023 21:00",,https://www.facebook.com/pcmerchandise.co/posts/pfbid0C7G7wu9Ogda9NFA4dHFQIIr5GmZLYH5zoCN1jSD90ixioyWOCVRhbGQD,0,0,Photos,,,,,10/09/2023,,,0,0,0,0,0,0,,,,,
1043663280624649,100064197037125,"PC Merchandise","Free deliver within Montalbon! RYZEN 5 4600G packages all-in na.",,0,"10/26/2023 21:00",,https://www.facebook.com/pcmerchandise.co/posts/pfbid0C7G7wu9Ogda9NFA4dHFQIIr5GmZLYH5zoCN1jSD90ixioyWOCVRhbGQD,0,0,Photos,,,,,10/10/2023,,,0,0,0,0,0,0,,,,,
1043663280624649,100064197037125,"PC Merchandise","Free deliver within Montalbon! RYZEN 5 4600G packages all-in na.",,0,"10/26/2023 21:00",,https://www.facebook.com/pcmerchandise.co/posts/pfbid0C7G7wu9Ogda9NFA4dHFQIIr5GmZLYH5zoCN1jSD90ixioyWOCVRhbGQD,0,0,Photos,,,,,10/11/2023,,,0,0,0,0,0,0,,,,,
1043663280624649,100064197037125,"PC Merchandise","Free deliver within Montalbon! RYZEN 5 4600G packages all-in na.",,0,"10/26/2023 21:00",,https://www.facebook.com/pcmerchandise.co/posts/pfbid0C7G7wu9Ogda9NFA4dHFQIIr5GmZLYH5zoCN1jSD90ixioyWOCVRhbGQD,0,0,Photos,,,,,10/12/2023,,,0,0,0,0,0,0,,,,,
1043663280624649,100064197037125,"PC Merchandise","Free deliver within Montalbon! RYZEN 5 4600G packages all-in na.",,0,"10/26/2023 21:00",,https://www.facebook.com/pcmerchandise.co/posts/pfbid0C7G7wu9Ogda9NFA4dHFQIIr5GmZLYH5zoCN1jSD90ixioyWOCVRhbGQD,0,0,Photos,,,,,10/13/2023,,,0,0,0,0,0,0,,,,,
1043663280624649,100064197037125,"PC Merchandise","Free deliver within Montalbon! RYZEN 5 4600G packages all-in na.",,0,"10/26/2023 21:00",,https://www.facebook.com/pcmerchandise.co/posts/pfbid0C7G7wu9Ogda9NFA4dHFQIIr5GmZLYH5zoCN1jSD90ixioyWOCVRhbGQD,0,0,Photos,,,,,10/14/2023,,,0,0,0,0,0,0,,,,,
1043663280624649,100064197037125,"PC Merchandise","Free deliver within Montalbon! RYZEN 5 4600G packages all-in na.",,0,"10/26/2023 21:00",,https://www.facebook.com/pcmerchandise.co/posts/pfbid0C7G7wu9Ogda9NFA4dHFQIIr5GmZLYH5zoCN1jSD90ixioyWOCVRhbGQD,0,0,Photos,,,,,10/15/2023,,,0,0,0,0,0,0,,,,,
1043663280624649,100064197037125,"PC Merchandise","Free deliver within Montalbon! RYZEN 5 4600G packages all-in na.",,0,"10/26/2023 21:00",,https://www.facebook.com/pcmerchandise.co/posts/pfbid0C7G7wu9Ogda9NFA4dHFQIIr5GmZLYH5zoCN1jSD90ixioyWOCVRhbGQD,0,0,Photos,,,,,10/16/2023,,,0,0,0,0,0,0,,,,,
1043663280624649,100064197037125,"PC Merchandise","Free deliver within Montalbon! RYZEN 5 4600G packages all-in na.",,0,"10/26/2023 21:00",,https://www.facebook.com/pcmerchandise.co/posts/pfbid0C7G7wu9Ogda9NFA4dHFQIIr5GmZLYH5zoCN1jSD90ixioyWOCVRhbGQD,0,0,Photos,,,,,10/17/2023,,,0,0,0,0,0,0,,,,,
1043663280624649,100064197037125,"PC Merchandise","Free deliver within Montalbon! RYZEN 5 4600G packages all-in na.",,0,"10/26/2023 21:00",,https://www.facebook.com/pcmerchandise.co/posts/pfbid0C7G7wu9Ogda9NFA4dHFQIIr5GmZLYH5zoCN1jSD90ixioyWOCVRhbGQD,0,0,Photos,,,,,10/18/2023,,,0,0,0,0,0,0,,,,,
1043663280624649,100064197037125,"PC Merchandise","Free deliver within Montalbon! RYZEN 5 4600G packages all-in na.",,0,"10/26/2023 21:00",,https://www.facebook.com/pcmerchandise.co/posts/pfbid0C7G7wu9Ogda9NFA4dHFQIIr5GmZLYH5zoCN1jSD90ixioyWOCVRhbGQD,0,0,Photos,,,,,10/19/2023,,,0,0,0,0,0,0,,,,,
1043663280624649,100064197037125,"PC Merchandise","Free deliver within Montalbon! RYZEN 5 4600G packages all-in na.",,0,"10/26/2023 21:00",,https://www.facebook.com/pcmerchandise.co/posts/pfbid0C7G7wu9Ogda9NFA4dHFQIIr5GmZLYH5zoCN1jSD90ixioyWOCVRhbGQD,0,0,Photos,,,,,10/20/2023,,,0,0,0,0,0,0,,,,,
1043663280624649,100064197037125,"PC Merchandise","Free deliver within Montalbon! RYZEN 5 4600G packages all-in na.",,0,"10/26/2023 21:00",,https://www.facebook.com/pcmerchandise.co/posts/pfbid0C7G7wu9Ogda9NFA4dHFQIIr5GmZLYH5zoCN1jSD90ixioyWOCVRhbGQD,0,0,Photos,,,,,10/21/2023,,,0,0,0,0,0,0,,,,,
1043663280624649,100064197037125,"PC Merchandise","Free deliver within Montalbon! RYZEN 5 4600G packages all-in na.",,0,"10/26/2023 21:00",,https://www.facebook.com/pcmerchandise.co/posts/pfbid0C7G7wu9Ogda9NFA4dHFQIIr5GmZLYH5zoCN1jSD90ixioyWOCVRhbGQD,0,0,Photos,,,,,10/22/2023,,,0,0,0,0,0,0,,,,,
1043663280624649,100064197037125,"PC Merchandise","Free deliver within Montalbon! RYZEN 5 4600G packages all-in na.",,0,"10/26/2023 21:00",,https://www.facebook.com/pcmerchandise.co/posts/pfbid0C7G7wu9Ogda9NFA4dHFQIIr5GmZLYH5zoCN1jSD90ixioyWOCVRhbGQD,0,0,Photos,,,,,10/23/2023,,,0,0,0,0,0,0,,,,,
1043663280624649,100064197037125,"PC Merchandise","Free deliver within Montalbon! RYZEN 5 4600G packages all-in na.",,0,"10/26/2023 21:00",,https://www.facebook.com/pcmerchandise.co/posts/pfbid0C7G7wu9Ogda9NFA4dHFQIIr5GmZLYH5zoCN1jSD90ixioyWOCVRhbGQD,0,0,Photos,,,,,10/24/2023,,,0,0,0,0,0,0,,,,,
1043663280624649,100064197037125,"PC Merchandise","Free deliver within Montalbon! RYZEN 5 4600G packages all-in na.",,0,"10/26/2023 21:00",,https://www.facebook.com/pcmerchandise.co/posts/pfbid0C7G7wu9Ogda9NFA4dHFQIIr5GmZLYH5zoCN1jSD90ixioyWOCVRhbGQD,0,0,Photos,,,,,10/25/2023,,,0,0,0,0,0,0,,,,,
1043663280624649,100064197037125,"PC Merchandise","Free deliver within Montalbon! RYZEN 5 4600G packages all-in na.",,0,"10/26/2023 21:00",,https://www.facebook.com/pcmerchandise.co/posts/pfbid0C7G7wu9Ogda9NFA4dHFQIIr5GmZLYH5zoCN1jSD90ixioyWOCVRhbGQD,0,0,Photos,,,,,10/26/2023,,,0,0,0,0,0,0,,,,,
1043663280624649,100064197037125,"PC Merchandise","Free deliver within Montalbon! RYZEN 5 4600G packages all-in na.",,0,"10/26/2023 21:00",,https://www.facebook.com/pcmerchandise.co/posts/pfbid0C7G7wu9Ogda9NFA4dHFQIIr5GmZLYH5zoCN1jSD90ixioyWOCVRhbGQD,0,0,Photos,,,,,10/27/2023,,,0,0,0,0,0,0,,,,,
1043663280624649,100064197037125,"PC Merchandise","Free deliver within Montalbon! RYZEN 5 4600G packages all-in na.",,0,"10/26/2023 21:00",,https://www.facebook.com/pcmerchandise.co/posts/pfbid0C7G7wu9Ogda9NFA4dHFQIIr5GmZLYH5zoCN1jSD90ixioyWOCVRhbGQD,0,0,Photos,,,,,10/28/2023,,,0,0,0,0,0,0,,,,,
1043663280624649,100064197037125,"PC Merchandise","Free deliver within Montalbon! RYZEN 5 4600G packages all-in na.",,0,"10/26/2023 21:00",,https://www.facebook.com/pcmerchandise.co/posts/pfbid0C7G7wu9Ogda9NFA4dHFQIIr5GmZLYH5zoCN1jSD90ixioyWOCVRhbGQD,0,0,Photos,,,,,10/29/2023,,,0,0,0,0,0,0,,,,,
1043663280624649,100064197037125,"PC Merchandise","Free deliver within Montalbon! RYZEN 5 4600G packages all-in na.",,0,"10/26/2023 21:00",,https://www.facebook.com/pcmerchandise.co/posts/pfbid0C7G7wu9Ogda9NFA4dHFQIIr5GmZLYH5zoCN1jSD90ixioyWOCVRhbGQD,0,0,Photos,,,,,10/30/2023,,,0,0,0,0,0,0,,,,,
1043663280624649,100064197037125,"PC Merchandise","Free deliver within Montalbon! RYZEN 5 4600G packages all-in na.",,0,"10/26/2023 21:00",,https://www.facebook.com/pcmerchandise.co/posts/pfbid0C7G7wu9Ogda9NFA4dHFQIIr5GmZLYH5zoCN1jSD90ixioyWOCVRhbGQD,0,0,Photos,,,,,10/31/2023,,,0,0,0,0,0,0,,,,,
1043272238960750,100064197037125,"PC Merchandise","𝐏𝐑𝐈𝐂𝐄𝐋𝐈𝐒𝐓 𝟐𝟎𝟐𝟑 >>>
https://pcmerchandise.live/2023-COMSHOP-PACKAGES",,89,"10/26/2023 02:15",auto,https://www.facebook.com/reel/1054670807221884/,0,0,Reels,,,,,10/01/2023,0,,,,,,0,0,0,0,0,0.000,3.137
1043272238960750,100064197037125,"PC Merchandise","𝐏𝐑𝐈𝐂𝐄𝐋𝐈𝐒𝐓 𝟐𝟎𝟐𝟑 >>>
https://pcmerchandise.live/2023-COMSHOP-PACKAGES",,89,"10/26/2023 02:15",auto,https://www.facebook.com/reel/1054670807221884/,0,0,Reels,,,,,10/02/2023,0,,,,,,0,0,0,0,0,0.000,2.808
1043272238960750,100064197037125,"PC Merchandise","𝐏𝐑𝐈𝐂𝐄𝐋𝐈𝐒𝐓 𝟐𝟎𝟐𝟑 >>>
https://pcmerchandise.live/2023-COMSHOP-PACKAGES",,89,"10/26/2023 02:15",auto,https://www.facebook.com/reel/1054670807221884/,0,0,Reels,,,,,10/03/2023,0,,,,,,0,0,0,0,0,0.000,1.500
1043272238960750,100064197037125,"PC Merchandise","𝐏𝐑𝐈𝐂𝐄𝐋𝐈𝐒𝐓 𝟐𝟎𝟐𝟑 >>>
https://pcmerchandise.live/2023-COMSHOP-PACKAGES",,89,"10/26/2023 02:15",auto,https://www.facebook.com/reel/1054670807221884/,0,0,Reels,,,,,10/04/2023,0,,,,,,0,0,0,0,0,0.000,1.777
1043272238960750,100064197037125,"PC Merchandise","𝐏𝐑𝐈𝐂𝐄𝐋𝐈𝐒𝐓 𝟐𝟎𝟐𝟑 >>>
https://pcmerchandise.live/2023-COMSHOP-PACKAGES",,89,"10/26/2023 02:15",auto,https://www.facebook.com/reel/1054670807221884/,0,0,Reels,,,,,10/05/2023,0,,,,,,0,0,0,0,0,0.000,2.681
1043272238960750,100064197037125,"PC Merchandise","𝐏𝐑𝐈𝐂𝐄𝐋𝐈𝐒𝐓 𝟐𝟎𝟐𝟑 >>>
https://pcmerchandise.live/2023-COMSHOP-PACKAGES",,89,"10/26/2023 02:15",auto,https://www.facebook.com/reel/1054670807221884/,0,0,Reels,,,,,10/06/2023,0,,,,,,0,0,0,0,0,0.000,2.477
1043272238960750,100064197037125,"PC Merchandise","𝐏𝐑𝐈𝐂𝐄𝐋𝐈𝐒𝐓 𝟐𝟎𝟐𝟑 >>>
https://pcmerchandise.live/2023-COMSHOP-PACKAGES",,89,"10/26/2023 02:15",auto,https://www.facebook.com/reel/1054670807221884/,0,0,Reels,,,,,10/07/2023,0,,,,,,0,0,0,0,0,0.000,1.820
1043272238960750,100064197037125,"PC Merchandise","𝐏𝐑𝐈𝐂𝐄𝐋𝐈𝐒𝐓 𝟐𝟎𝟐𝟑 >>>
https://pcmerchandise.live/2023-COMSHOP-PACKAGES",,89,"10/26/2023 02:15",auto,https://www.facebook.com/reel/1054670807221884/,0,0,Reels,,,,,10/08/2023,0,,,,,,0,0,0,0,0,0.000,2.119
1043272238960750,100064197037125,"PC Merchandise","𝐏𝐑𝐈𝐂𝐄𝐋𝐈𝐒𝐓 𝟐𝟎𝟐𝟑 >>>
https://pcmerchandise.live/2023-COMSHOP-PACKAGES",,89,"10/26/2023 02:15",auto,https://www.facebook.com/reel/1054670807221884/,0,0,Reels,,,,,10/09/2023,0,,,,,,0,0,0,0,0,0.000,2.770
1043272238960750,100064197037125,"PC Merchandise","𝐏𝐑𝐈𝐂𝐄𝐋𝐈𝐒𝐓 𝟐𝟎𝟐𝟑 >>>
https://pcmerchandise.live/2023-COMSHOP-PACKAGES",,89,"10/26/2023 02:15",auto,https://www.facebook.com/reel/1054670807221884/,0,0,Reels,,,,,10/10/2023,0,,,,,,0,0,0,0,0,0.000,3.008
1043272238960750,100064197037125,"PC Merchandise","𝐏𝐑𝐈𝐂𝐄𝐋𝐈𝐒𝐓 𝟐𝟎𝟐𝟑 >>>
https://pcmerchandise.live/2023-COMSHOP-PACKAGES",,89,"10/26/2023 02:15",auto,https://www.facebook.com/reel/1054670807221884/,0,0,Reels,,,,,10/11/2023,0,,,,,,0,0,0,0,0,0.000,2.581
1043272238960750,100064197037125,"PC Merchandise","𝐏𝐑𝐈𝐂𝐄𝐋𝐈𝐒𝐓 𝟐𝟎𝟐𝟑 >>>
https://pcmerchandise.live/2023-COMSHOP-PACKAGES",,89,"10/26/2023 02:15",auto,https://www.facebook.com/reel/1054670807221884/,0,0,Reels,,,,,10/12/2023,0,,,,,,0,0,0,0,0,0.000,1.832
1043272238960750,100064197037125,"PC Merchandise","𝐏𝐑𝐈𝐂𝐄𝐋𝐈𝐒𝐓 𝟐𝟎𝟐𝟑 >>>
https://pcmerchandise.live/2023-COMSHOP-PACKAGES",,89,"10/26/2023 02:15",auto,https://www.facebook.com/reel/1054670807221884/,0,0,Reels,,,,,10/13/2023,0,,,,,,0,0,0,0,0,0.000,1.920
1043272238960750,100064197037125,"PC Merchandise","𝐏𝐑𝐈𝐂𝐄𝐋𝐈𝐒𝐓 𝟐𝟎𝟐𝟑 >>>
https://pcmerchandise.live/2023-COMSHOP-PACKAGES",,89,"10/26/2023 02:15",auto,https://www.facebook.com/reel/1054670807221884/,0,0,Reels,,,,,10/14/2023,0,,,,,,0,0,0,0,0,0.000,2.298
1043272238960750,100064197037125,"PC Merchandise","𝐏𝐑𝐈𝐂𝐄𝐋𝐈𝐒𝐓 𝟐𝟎𝟐𝟑 >>>
https://pcmerchandise.live/2023-COMSHOP-PACKAGES",,89,"10/26/2023 02:15",auto,https://www.facebook.com/reel/1054670807221884/,0,0,Reels,,,,,10/15/2023,0,,,,,,0,0,0,0,0,0.000,2.110
1043272238960750,100064197037125,"PC Merchandise","𝐏𝐑𝐈𝐂𝐄𝐋𝐈𝐒𝐓 𝟐𝟎𝟐𝟑 >>>
https://pcmerchandise.live/2023-COMSHOP-PACKAGES",,89,"10/26/2023 02:15",auto,https://www.facebook.com/reel/1054670807221884/,0,0,Reels,,,,,10/16/2023,0,,,,,,0,0,0,0,0,0.000,3.305
1043272238960750,100064197037125,"PC Merchandise","𝐏𝐑𝐈𝐂𝐄𝐋𝐈𝐒𝐓 𝟐𝟎𝟐𝟑 >>>
https://pcmerchandise.live/2023-COMSHOP-PACKAGES",,89,"10/26/2023 02:15",auto,https://www.facebook.com/reel/1054670807221884/,0,0,Reels,,,,,10/17/2023,0,,,,,,0,0,0,0,0,0.000,2.875
1043272238960750,100064197037125,"PC Merchandise","𝐏𝐑𝐈𝐂𝐄𝐋𝐈𝐒𝐓 𝟐𝟎𝟐𝟑 >>>
https://pcmerchandise.live/2023-COMSHOP-PACKAGES",,89,"10/26/2023 02:15",auto,https://www.facebook.com/reel/1054670807221884/,0,0,Reels,,,,,10/18/2023,0,,,,,,0,0,0,0,0,0.000,2.561
1043272238960750,100064197037125,"PC Merchandise","𝐏𝐑𝐈𝐂𝐄𝐋𝐈𝐒𝐓 𝟐𝟎𝟐𝟑 >>>
https://pcmerchandise.live/2023-COMSHOP-PACKAGES",,89,"10/26/2023 02:15",auto,https://www.facebook.com/reel/1054670807221884/,0,0,Reels,,,,,10/19/2023,0,,,,,,0,0,0,0,0,0.000,1.500
1043272238960750,100064197037125,"PC Merchandise","𝐏𝐑𝐈𝐂𝐄𝐋𝐈𝐒𝐓 𝟐𝟎𝟐𝟑 >>>
https://pcmerchandise.live/2023-COMSHOP-PACKAGES",,89,"10/26/2023 02:15",auto,https://www.facebook.com/reel/1054670807221884/,0,0,Reels,,,,,10/20/2023,0,,,,,,0,0,0,0,0,0.000,2.748
1043272238960750,100064197037125,"PC Merchandise","𝐏𝐑𝐈𝐂𝐄𝐋𝐈𝐒𝐓 𝟐𝟎𝟐𝟑 >>>
https://pcmerchandise.live/2023-COMSHOP-PACKAGES",,89,"10/26/2023 02:15",auto,https://www.facebook.com/reel/1054670807221884/,0,0,Reels,,,,,10/21/2023,0,,,,,,0,0,0,0,0,0.000,2.266
1043272238960750,100064197037125,"PC Merchandise","𝐏𝐑𝐈𝐂𝐄𝐋𝐈𝐒𝐓 𝟐𝟎𝟐𝟑 >>>
https://pcmerchandise.live/2023-COMSHOP-PACKAGES",,89,"10/26/2023 02:15",auto,https://www.facebook.com/reel/1054670807221884/,0,0,Reels,,,,,10/22/2023,0,,,,,,0,0,0,0,0,0.000,3.570
1043272238960750,100064197037125,"PC Merchandise","𝐏𝐑𝐈𝐂𝐄𝐋𝐈𝐒𝐓 𝟐𝟎𝟐𝟑 >>>
https://pcmerchandise.live/2023-COMSHOP-PACKAGES",,89,"10/26/2023 02:15",auto,https://www.facebook.com/reel/1054670807221884/,0,0,Reels,,,,,10/23/2023,0,,,,,,0,0,0,0,0,0.000,1.990
1043272238960750,100064197037125,"PC Merchandise","𝐏𝐑𝐈𝐂𝐄𝐋𝐈𝐒𝐓 𝟐𝟎𝟐𝟑 >>>
https://pcmerchandise.live/2023-COMSHOP-PACKAGES",,89,"10/26/2023 02:15",auto,https://www.facebook.com/reel/1054670807221884/,0,0,Reels,,,,,10/24/2023,0,,,,,,0,0,0,0,0,0.000,3.956
1043272238960750,100064197037125,"PC Merchandise","𝐏𝐑𝐈𝐂𝐄𝐋𝐈𝐒𝐓 𝟐𝟎𝟐𝟑 >>>
https://pcmerchandise.live/2023-COMSHOP-PACKAGES",,89,"10/26/2023 02:15",auto,https://www.facebook.com/reel/1054670807221884/,0,0,Reels,,,,,10/25/2023,0,,,,,,0,0,0,0,0,0.000,3.584
1043272238960750,100064197037125,"PC Merchandise","𝐏𝐑𝐈𝐂𝐄𝐋𝐈𝐒𝐓 𝟐𝟎𝟐𝟑 >>>
https://pcmerchandise.live/2023-COMSHOP-PACKAGES",,89,"10/26/2023 02:15",auto,https://www.facebook.com/reel/1054670807221884/,0,0,Reels,,,,,10/26/2023,0,,,,,,60,0,2,1,1,773.106,1.500
1043272238960750,100064197037125,"PC Merchandise","𝐏𝐑𝐈𝐂𝐄𝐋𝐈𝐒𝐓 𝟐𝟎𝟐𝟑 >>>
https://pcmerchandise.live/2023-COMSHOP-PACKAGES",,89,"10/26/2023 02:15",auto,https://www.facebook.com/reel/1054670807221884/,0,0,Reels,,,,,10/27/2023,0,,,,,,59,0,2,2,0,727.551,1.961
1043272238960750,100064197037125,"PC Merchandise","𝐏𝐑𝐈𝐂𝐄𝐋𝐈𝐒𝐓 𝟐𝟎𝟐𝟑 >>>
https://pcmerchandise.live/2023-COMSHOP-PACKAGES",,89,"10/26/2023 02:15",auto,https://www.facebook.com/reel/1054670807221884/,0,0,Reels,,,,,10/28/2023,0,,,,,,52,0,1,1,0,324.603,2.071
1043272238960750,100064197037125,"PC Merchandise","𝐏𝐑𝐈𝐂𝐄𝐋𝐈𝐒𝐓 𝟐𝟎𝟐𝟑 >>>
https://pcmerchandise.live/2023-COMSHOP-PACKAGES",,89,"10/26/2023 02:15",auto,https://www.facebook.com/reel/1054670807221884/,0,0,Reels,,,,,10/29/2023,0,,,,,,58,0,1,1,0,375.266,2.240
1043272238960750,100064197037125,"PC Merchandise","𝐏𝐑𝐈𝐂𝐄𝐋𝐈𝐒𝐓 𝟐𝟎𝟐𝟑 >>>
https://pcmerchandise.live/2023-COMSHOP-PACKAGES",,89,"10/26/2023 02:15",auto,https://www.facebook.com/reel/1054670807221884/,0,0,Reels,,,,,10/30/2023,0,,,,,,59,0,1,1,0,303.013,2.022
1043272238960750,100064197037125,"PC Merchandise","𝐏𝐑𝐈𝐂𝐄𝐋𝐈𝐒𝐓 𝟐𝟎𝟐𝟑 >>>
https://pcmerchandise.live/2023-COMSHOP-PACKAGES",,89,"10/26/2023 02:15",auto,https://www.facebook.com/reel/1054670807221884/,0,0,Reels,,,,,10/31/2023,1,,,,,,51,0,3,1,1,107.681,2.016
1043380428978081,100064197037125,"PC Merchandise","Free deliver within San Mateo Rizal! i5 12400F packages all-in na.",,86,"10/25/2023 23:00",,https://www.facebook.com/reel/1235681450036487/,0,0,Reels,,,,,10/01/2023,0,,,,,,0,0,0,0,0,0.000,3.634
1043380428978081,100064197037125,"PC Merchandise","Free deliver within San Mateo Rizal! i5 12400F packages all-in na.",,86,"10/25/2023 23:00",,https://www.facebook.com/reel/1235681450036487/,0,0,Reels,,,,,10/02/2023,0,,,,,,0,0,0,0,0,0.000,4.695
1043380428978081,100064197037125,"PC Merchandise","Free deliver within San Mateo Rizal! i5 12400F packages all-in na.",,86,"10/25/2023 23:00",,https://www.facebook.com/reel/1235681450036487/,0,0,Reels,,,,,10/03/2023,0,,,,,,0,0,0,0,0,0.000,4.296
1043380428978081,100064197037125,"PC Merchandise","Free deliver within San Mateo Rizal! i5 12400F packages all-in na.",,86,"10/25/2023 23:00",,https://www.facebook.com/reel/1235681450036487/,0,0,Reels,,,,,10/04/2023,0,,,,,,0,0,0,0,0,0.000,4.616
1043380428978081,100064197037125,"PC Merchandise","Free deliver within San Mateo Rizal! i5 12400F packages all-in na.",,86,"10/25/2023 23:00",,https://www.facebook.com/reel/1235681450036487/,0,0,Reels,,,,,10/05/2023,0,,,,,,0,0,0,0,0,0.000,3.523
1043380428978081,100064197037125,"PC Merchandise","Free deliver within San Mateo Rizal! i5 12400F packages all-in na.",,86,"10/25/2023 23:00",,https://www.facebook.com/reel/1235681450036487/,0,0,Reels,,,,,10/06/2023,0,,,,,,0,0,0,0,0,0.000,3.244
1043380428978081,100064197037125,"PC Merchandise","Free deliver within San Mateo Rizal! i5 12400F packages all-in na.",,86,"10/25/2023 23:00",,https://www.facebook.com/reel/1235681450036487/,0,0,Reels,,,,,10/07/2023,0,,,,,,0,0,0,0,0,0.000,4.374
1043380428978081,100064197037125,"PC Merchandise","Free deliver within San Mateo Rizal! i5 12400F packages all-in na.",,86,"10/25/2023 23:00",,https://www.facebook.com/reel/1235681450036487/,0,0,Reels,,,,,10/08/2023,0,,,,,,0,0,0,0,0,0.000,3.808
1043380428978081,100064197037125,"PC Merchandise","Free deliver within San Mateo Rizal! i5 12400F packages all-in na.",,86,"10/25/2023 23:00",,https://www.facebook.com/reel/1235681450036487/,0,0,Reels,,,,,10/09/2023,0,,,,,,0,0,0,0,0,0.000,3.580
1043380428978081,100064197037125,"PC Merchandise","Free deliver within San Mateo Rizal! i5 12400F packages all-in na.",,86,"10/25/2023 23:00",,https://www.facebook.com/reel/1235681450036487/,0,0,Reels,,,,,10/10/2023,0,,,,,,0,0,0,0,0,0.000,3.438
1043380428978081,100064197037125,"PC Merchandise","Free deliver within San Mateo Rizal! i5 12400F packages all-in na.",,86,"10/25/2023 23:00",,https://www.facebook.com/reel/1235681450036487/,0,0,Reels,,,,,10/11/2023,0,,,,,,0,0,0,0,0,0.000,5.001
1043380428978081,100064197037125,"PC Merchandise","Free deliver within San Mateo Rizal! i5 12400F packages all-in na.",,86,"10/25/2023 23:00",,https://www.facebook.com/reel/1235681450036487/,0,0,Reels,,,,,10/12/2023,0,,,,,,0,0,0,0,0,0.000,3.913
1043380428978081,100064197037125,"PC Merchandise","Free deliver within San Mateo Rizal! i5 12400F packages all-in na.",,86,"10/25/2023 23:00",,https://www.facebook.com/reel/1235681450036487/,0,0,Reels,,,,,10/13/2023,0,,,,,,0,0,0,0,0,0.000,3.334
1043380428978081,100064197037125,"PC Merchandise","Free deliver within San Mateo Rizal! i5 12400F packages all-in na.",,86,"10/25/2023 23:00",,https://www.facebook.com/reel/1235681450036487/,0,0,Reels,,,,,10/14/2023,0,,,,,,0,0,0,0,0,0.000,4.507
1043380428978081,100064197037125,"PC Merchandise","Free deliver within San Mateo Rizal! i5 12400F packages all-in na.",,86,"10/25/2023 23:00",,https://www.facebook.com/reel/1235681450036487/,0,0,Reels,,,,,10/15/2023,0,,,,,,0,0,0,0,0,0.000,4.873
1043380428978081,100064197037125,"PC Merchandise","Free deliver within San Mateo Rizal! i5 12400F packages all-in na.",,86,"10/25/2023 23:00",,https://www.facebook.com/reel/1235681450036487/,0,0,Reels,,,,,10/16/2023,0,,,,,,0,0,0,0,0,0.000,4.725
1043380428978081,100064197037125,"PC Merchandise","Free deliver within San Mateo Rizal! i5 12400F packages all-in na.",,86,"10/25/2023 23:00",,https://www.facebook.com/reel/1235681450036487/,0,0,Reels,,,,,10/17/2023,0,,,,,,0,0,0,0,0,0.000,4.919
1043380428978081,100064197037125,"PC Merchandise","Free deliver within San Mateo Rizal! i5 12400F packages all-in na.",,86,"10/25/2023 23:00",,https://www.facebook.com/reel/1235681450036487/,0,0,Reels,,,,,10/18/2023,0,,,,,,0,0,0,0,0,0.000,4.746
1043380428978081,100064197037125,"PC Merchandise","Free deliver within San Mateo Rizal! i5 12400F packages all-in na.",,86,"10/25/2023 23:00",,https://www.facebook.com/reel/1235681450036487/,0,0,Reels,,,,,10/19/2023,0,,,,,,0,0,0,0,0,0.000,4.037
1043380428978081,100064197037125,"PC Merchandise","Free deliver within San Mateo Rizal! i5 12400F packages all-in na.",,86,"10/25/2023 23:00",,https://www.facebook.com/reel/1235681450036487/,0,0,Reels,,,,,10/20/2023,0,,,,,,0,0,0,0,0,0.000,3.586
1043380428978081,100064197037125,"PC Merchandise","Free deliver within San Mateo Rizal! i5 12400F packages all-in na.",,86,"10/25/2023 23:00",,https://www.facebook.com/reel/1235681450036487/,0,0,Reels,,,,,10/21/2023,0,,,,,,0,0,0,0,0,0.000,4.725
1043380428978081,100064197037125,"PC Merchandise","Free deliver within San Mateo Rizal! i5 12400F packages all-in na.",,86,"10/25/2023 23:00",,https://www.facebook.com/reel/1235681450036487/,0,0,Reels,,,,,10/22/2023,0,,,,,,0,0,0,0,0,0.000,3.872
1043380428978081,100064197037125,"PC Merchandise","Free deliver within San Mateo Rizal! i5 12400F packages all-in na.",,86,"10/25/2023 23:00",,https://www.facebook.com/reel/1235681450036487/,0,0,Reels,,,,,10/23/2023,0,,,,,,0,0,0,0,0,0.000,4.008
1043380428978081,100064197037125,"PC Merchandise","Free deliver within San Mateo Rizal! i5 12400F packages all-in na.",,86,"10/25/2023 23:00",,https://www.facebook.com/reel/1235681450036487/,0,0,Reels,,,,,10/24/2023,0,,,,,,0,0,0,0,0,0.000,4.381
1043380428978081,100064197037125,"PC Merchandise","Free deliver within San Mateo Rizal! i5 12400F packages all-in na.",,86,"10/25/2023 23:00",,https://www.facebook.com/reel/1235681450036487/,0,0,Reels,,,,,10/25/2023,0,,,,,,0,0,0,0,0,405.601,4.580
1043380428978081,100064197037125,"PC Merchandise","Free deliver within San Mateo Rizal! i5 12400F packages all-in na.",,86,"10/25/2023 23:00",,https://www.facebook.com/reel/1235681450036487/,0,0,Reels,,,,,10/26/2023,0,,,,,,0,0,0,0,0,265.355,4.277
1043380428978081,100064197037125,"PC Merchandise","Free deliver within San Mateo Rizal! i5 12400F packages all-in na.",,86,"10/25/2023 23:00",,https://www.facebook.com/reel/1235681450036487/,0,0,Reels,,,,,10/27/2023,0,,,,,,0,0,1,1,0,185.266,5.563
1043380428978081,100064197037125,"PC Merchandise","Free deliver within San Mateo Rizal! i5 12400F packages all-in na.",,86,"10/25/2023 23:00",,https://www.facebook.com/reel/1235681450036487/,0,0,Reels,,,,,10/28/2023,0,,,,,,0,0,0,0,0,223.508,3.226
1043380428978081,100064197037125,"PC Merchandise","Free deliver within San Mateo Rizal! i5 12400F packages all-in na.",,86,"10/25/2023 23:00",,https://www.facebook.com/reel/1235681450036487/,0,0,Reels,,,,,10/29/2023,0,,,,,,0,0,0,0,0,110.952,3.940
1043380428978081,100064197037125,"PC Merchandise","Free deliver within San Mateo Rizal! i5 12400F packages all-in na.",,86,"10/25/2023 23:00",,https://www.facebook.com/reel/1235681450036487/,0,0,Reels,,,,,10/30/2023,0,,,,,,0,0,0,0,0,36.813,3.571
1043380428978081,100064197037125,"PC Merchandise","Free deliver within San Mateo Rizal! i5 12400F packages all-in na.",,86,"10/25/2023 23:00",,https://www.facebook.com/reel/1235681450036487/,0,0,Reels,,,,,10/31/2023,0,,,,,,0,0,0,0,0,103.347,2.827
1043186224027067,100064197037125,"PC Merchandise","客户 satisfied ✅ i3 12100F build with RGB everything 🌈",,71,"10/24/2023 22:00",auto,https://www.facebook.com/reel/1767782407652528/,0,0,Reels,,,,,10/01/2023,0,,,,,,0,0,0,0,0,0.000,6.114
1043186224027067,100064197037125,"PC Merchandise","客户 satisfied ✅ i3 12100F build with RGB everything 🌈",,71,"10/24/2023 22:00",auto,https://www.facebook.com/reel/1767782407652528/,0,0,Reels,,,,,10/02/2023,0,,,,,,0,0,0,0,0,0.000,5.641
1043186224027067,100064197037125,"PC Merchandise","客户 satisfied ✅ i3 12100F build with RGB everything 🌈",,71,"10/24/2023 22:00",auto,https://www.facebook.com/reel/1767782407652528/,0,0,Reels,,,,,10/03/2023,0,,,,,,0,0,0,0,0,0.000,5.549
1043186224027067,100064197037125,"PC Merchandise","客户 satisfied ✅ i3 12100F build with RGB everything 🌈",,71,"10/24/2023 22:00",auto,https://www.facebook.com/reel/1767782407652528/,0,0,Reels,,,,,10/04/2023,0,,,,,,0,0,0,0,0,0.000,7.033
1043186224027067,100064197037125,"PC Merchandise","客户 satisfied ✅ i3 12100F build with RGB everything 🌈",,71,"10/24/2023 22:00",auto,https://www.facebook.com/reel/1767782407652528/,0,0,Reels,,,,,10/05/2023,0,,,,,,0,0,0,0,0,0.000,5.842
1043186224027067,100064197037125,"PC Merchandise","客户 satisfied ✅ i3 12100F build with RGB everything 🌈",,71,"10/24/2023 22:00",auto,https://www.facebook.com/reel/1767782407652528/,0,0,Reels,,,,,10/06/2023,0,,,,,,0,0,0,0,0,0.000,5.892
1043186224027067,100064197037125,"PC Merchandise","客户 satisfied ✅ i3 12100F build with RGB everything 🌈",,71,"10/24/2023 22:00",auto,https://www.facebook.com/reel/1767782407652528/,0,0,Reels,,,,,10/07/2023,0,,,,,,0,0,0,0,0,0.000,4.234
1043186224027067,100064197037125,"PC Merchandise","客户 satisfied ✅ i3 12100F build with RGB everything 🌈",,71,"10/24/2023 22:00",auto,https://www.facebook.com/reel/1767782407652528/,0,0,Reels,,,,,10/08/2023,0,,,,,,0,0,0,0,0,0.000,5.340
1043186224027067,100064197037125,"PC Merchandise","客户 satisfied ✅ i3 12100F build with RGB everything 🌈",,71,"10/24/2023 22:00",auto,https://www.facebook.com/reel/1767782407652528/,0,0,Reels,,,,,10/09/2023,0,,,,,,0,0,0,0,0,0.000,6.500
1043186224027067,100064197037125,"PC Merchandise","客户 satisfied ✅ i3 12100F build with RGB everything 🌈",,71,"10/24/2023 22:00",auto,https://www.facebook.com/reel/1767782407652528/,0,0,Reels,,,,,10/10/2023,0,,,,,,0,0,0,0,0,0.000,5.562
1043186224027067,100064197037125,"PC Merchandise","客户 satisfied ✅ i3 12100F build with RGB everything 🌈",,71,"10/24/2023 22:00",auto,https://www.facebook.com/reel/1767782407652528/,0,0,Reels,,,,,10/11/2023,0,,,,,,0,0,0,0,0,0.000,5.113
1043186224027067,100064197037125,"PC Merchandise","客户 satisfied ✅ i3 12100F build with RGB everything 🌈",,71,"10/24/2023 22:00",auto,https://www.facebook.com/reel/1767782407652528/,0,0,Reels,,,,,10/12/2023,0,,,,,,0,0,0,0,0,0.000,5.093
1043186224027067,100064197037125,"PC Merchandise","客户 satisfied ✅ i3 12100F build with RGB everything 🌈",,71,"10/24/2023 22:00",auto,https://www.facebook.com/reel/1767782407652528/,0,0,Reels,,,,,10/13/2023,0,,,,,,0,0,0,0,0,0.000,3.695
1043186224027067,100064197037125,"PC Merchandise","客户 satisfied ✅ i3 12100F build with RGB everything 🌈",,71,"10/24/2023 22:00",auto,https://www.facebook.com/reel/1767782407652528/,0,0,Reels,,,,,10/14/2023,0,,,,,,0,0,0,0,0,0.000,5.318
1043186224027067,100064197037125,"PC Merchandise","客户 satisfied ✅ i3 12100F build with RGB everything 🌈",,71,"10/24/2023 22:00",auto,https://www.facebook.com/reel/1767782407652528/,0,0,Reels,,,,,10/15/2023,0,,,,,,0,0,0,0,0,0.000,7.068
1043186224027067,100064197037125,"PC Merchandise","客户 satisfied ✅ i3 12100F build with RGB everything 🌈",,71,"10/24/2023 22:00",auto,https://www.facebook.com/reel/1767782407652528/,0,0,Reels,,,,,10/16/2023,0,,,,,,0,0,0,0,0,0.000,6.689
1043186224027067,100064197037125,"PC Merchandise","客户 satisfied ✅ i3 12100F build with RGB everything 🌈",,71,"10/24/2023 22:00",auto,https://www.facebook.com/reel/1767782407652528/,0,0,Reels,,,,,10/17/2023,0,,,,,,0,0,0,0,0,0.000,4.589
1043186224027067,100064197037125,"PC Merchandise","客户 satisfied ✅ i3 12100F build with RGB everything 🌈",,71,"10/24/2023 22:00",auto,https://www.facebook.com/reel/1767782407652528/,0,0,Reels,,,,,10/18/2023,0,,,,,,0,0,0,0,0,0.000,6.146
1043186224027067,100064197037125,"PC Merchandise","客户 satisfied ✅ i3 12100F build with RGB everything 🌈",,71,"10/24/2023 22:00",auto,https://www.facebook.com/reel/1767782407652528/,0,0,Reels,,,,,10/19/2023,0,,,,,,0,0,0,0,0,0.000,5.599
1043186224027067,100064197037125,"PC Merchandise","客户 satisfied ✅ i3 12100F build with RGB everything 🌈",,71,"10/24/2023 22:00",auto,https://www.facebook.com/reel/1767782407652528/,0,0,Reels,,,,,10/20/2023,0,,,,,,0,0,0,0,0,0.000,5.455
1043186224027067,100064197037125,"PC Merchandise","客户 satisfied ✅ i3 12100F build with RGB everything 🌈",,71,"10/24/2023 22:00",auto,https://www.facebook.com/reel/1767782407652528/,0,0,Reels,,,,,10/21/2023,0,,,,,,0,0,0,0,0,0.000,6.485
1043186224027067,100064197037125,"PC Merchandise","客户 satisfied ✅ i3 12100F build with RGB everything 🌈",,71,"10/24/2023 22:00",auto,https://www.facebook.com/reel/1767782407652528/,0,0,Reels,,,,,10/22/2023,0,,,,,,0,0,0,0,0,0.000,5.299
1043186224027067,100064197037125,"PC Merchandise","客户 satisfied ✅ i3 12100F build with RGB everything 🌈",,71,"10/24/2023 22:00",auto,https://www.facebook.com/reel/1767782407652528/,0,0,Reels,,,,,10/23/2023,0,,,,,,0,0,0,0,0,0.000,5.719
1043186224027067,100064197037125,"PC Merchandise","客户 satisfied ✅ i3 12100F build with RGB everything 🌈",,71,"10/24/2023 22:00",auto,https://www.facebook.com/reel/1767782407652528/,0,0,Reels,,,,,10/24/2023,0,,,,,,0,0,2,1,1,38.067,5.959
1043186224027067,100064197037125,"PC Merchandise","客户 satisfied ✅ i3 12100F build with RGB everything 🌈",,71,"10/24/2023 22:00",auto,https://www.facebook.com/reel/1767782407652528/,0,0,Reels,,,,,10/25/2023,0,,,,,,0,0,3,2,1,46.065,3.986
1043186224027067,100064197037125,"PC Merchandise","客户 satisfied ✅ i3 12100F build with RGB everything 🌈",,71,"10/24/2023 22:00",auto,https://www.facebook.com/reel/1767782407652528/,0,0,Reels,,,,,10/26/2023,0,,,,,,0,0,2,1,1,25.173,5.987
1043186224027067,100064197037125,"PC Merchandise","客户 satisfied ✅ i3 12100F build with RGB everything 🌈",,71,"10/24/2023 22:00",auto,https://www.facebook.com/reel/1767782407652528/,0,0,Reels,,,,,10/27/2023,0,,,,,,0,0,1,1,0,32.329,5.966
1043186224027067,100064197037125,"PC Merchandise","客户 satisfied ✅ i3 12100F build with RGB everything 🌈",,71,"10/24/2023 22:00",auto,https://www.facebook.com/reel/1767782407652528/,0,0,Reels,,,,,10/28/2023,0,,,,,,0,0,0,0,0,13.874,6.383
1043186224027067,100064197037125,"PC Merchandise","客户 satisfied ✅ i3 12100F build with RGB everything 🌈",,71,"10/24/2023 22:00",auto,https://www.facebook.com/reel/1767782407652528/,0,0,Reels,,,,,10/29/2023,0,,,,,,0,0,0,0,0,22.098,4.444
1043186224027067,100064197037125,"PC Merchandise","客户 satisfied ✅ i3 12100F build with RGB everything 🌈",,71,"10/24/2023 22:00",auto,https://www.facebook.com/reel/1767782407652528/,0,0,Reels,,,,,10/30/2023,0,,,,,,0,0,1,0,1,8.900,4.082
1043186224027067,100064197037125,"PC Merchandise","客户 satisfied ✅ i3 12100F build with RGB everything 🌈",,71,"10/24/2023 22:00",auto,https://www.facebook.com/reel/1767782407652528/,0,0,Reels,,,,,10/31/2023,0,,,,,,0,0,0,0,0,10.322,4.812
1043439631415549,100064197037125,"PC Merchandise","Another comshop delivered! 6 units i5 12400F para sa bagong negosyo ni RYAN 💪",,79,"10/24/2023 19:58",uploaded,https://www.facebook.com/reel/1445043431175440/,0,0,Reels,,,,,10/01/2023,0,,,,,,0,0,0,0,0,0.000,2.983
1043439631415549,100064197037125,"PC Merchandise","Another comshop delivered! 6 units i5 12400F para sa bagong negosyo ni RYAN 💪",,79,"10/24/2023 19:58",uploaded,https://www.facebook.com/reel/1445043431175440/,0,0,Reels,,,,,10/02/2023,0,,,,,,0,0,0,0,0,0.000,3.454
1043439631415549,100064197037125,"PC Merchandise","Another comshop delivered! 6 units i5 12400F para sa bagong negosyo ni RYAN 💪",,79,"10/24/2023 19:58",uploaded,https://www.facebook.com/reel/1445043431175440/,0,0,Reels,,,,,10/03/2023,0,,,,,,0,0,0,0,0,0.000,5.672
1043439631415549,100064197037125,"PC Merchandise","Another comshop delivered! 6 units i5 12400F para sa bagong negosyo ni RYAN 💪",,79,"10/24/2023 19:58",uploaded,https://www.facebook.com/reel/1445043431175440/,0,0,Reels,,,,,10/04/2023,0,,,,,,0,0,0,0,0,0.000,3.082
1043439631415549,100064197037125,"PC Merchandise","Another comshop delivered! 6 units i5 12400F para sa bagong negosyo ni RYAN 💪",,79,"10/24/2023 19:58",uploaded,https://www.facebook.com/reel/1445043431175440/,0,0,Reels,,,,,10/05/2023,0,,,,,,0,0,0,0,0,0.000,3.421
1043439631415549,100064197037125,"PC Merchandise","Another comshop delivered! 6 units i5 12400F para sa bagong negosyo ni RYAN 💪",,79,"10/24/2023 19:58",uploaded,https://www.facebook.com/reel/1445043431175440/,0,0,Reels,,,,,10/06/2023,0,,,,,,0,0,0,0,0,0.000,3.041
1043439631415549,100064197037125,"PC Merchandise","Another comshop delivered! 6 units i5 12400F para sa bagong negosyo ni RYAN 💪",,79,"10/24/2023 19:58",uploaded,https://www.facebook.com/reel/1445043431175440/,0,0,Reels,,,,,10/07/2023,0,,,,,,0,0,0,0,0,0.000,4.360
1043439631415549,100064197037125,"PC Merchandise","Another comshop delivered! 6 units i5 12400F para sa bagong negosyo ni RYAN 💪",,79,"10/24/2023 19:58",uploaded,https://www.facebook.com/reel/1445043431175440/,0,0,Reels,,,,,10/08/2023,0,,,,,,0,0,0,0,0,0.000,2.855
1043439631415549,100064197037125,"PC Merchandise","Another comshop delivered! 6 units i5 12400F para sa bagong negosyo ni RYAN 💪",,79,"10/24/2023 19:58",uploaded,https://www.facebook.com/reel/1445043431175440/,0,0,Reels,,,,,10/09/2023,0,,,,,,0,0,0,0,0,0.000,3.271
1043439631415549,100064197037125,"PC Merchandise","Another comshop delivered! 6 units i5 12400F para sa bagong negosyo ni RYAN 💪",,79,"10/24/2023 19:58",uploaded,https://www.facebook.com/reel/1445043431175440/,0,0,Reels,,,,,10/10/2023,0,,,,,,0,0,0,0,0,0.000,3.129
1043439631415549,100064197037125,"PC Merchandise","Another comshop delivered! 6 units i5 12400F para sa bagong negosyo ni RYAN 💪",,79,"10/24/2023 19:58",uploaded,https://www.facebook.com/reel/1445043431175440/,0,0,Reels,,,,,10/11/2023,0,,,,,,0,0,0,0,0,0.000,3.698
1043439631415549,100064197037125,"PC Merchandise","Another comshop delivered! 6 units i5 12400F para sa bagong negosyo ni RYAN 💪",,79,"10/24/2023 19:58",uploaded,https://www.facebook.com/reel/1445043431175440/,0,0,Reels,,,,,10/12/2023,0,,,,,,0,0,0,0,0,0.000,3.700
1043439631415549,100064197037125,"PC Merchandise","Another comshop delivered! 6 units i5 12400F para sa bagong negosyo ni RYAN 💪",,79,"10/24/2023 19:58",uploaded,https://www.facebook.com/reel/1445043431175440/,0,0,Reels,,,,,10/13/2023,0,,,,,,0,0,0,0,0,0.000,2.206
1043439631415549,100064197037125,"PC Merchandise","Another comshop delivered! 6 units i5 12400F para sa bagong negosyo ni RYAN 💪",,79,"10/24/2023 19:58",uploaded,https://www.facebook.com/reel/1445043431175440/,0,0,Reels,,,,,10/14/2023,0,,,,,,0,0,0,0,0,0.000,3.688
1043439631415549,100064197037125,"PC Merchandise","Another comshop delivered! 6 units i5 12400F para sa bagong negosyo ni RYAN 💪",,79,"10/24/2023 19:58",uploaded,https://www.facebook.com/reel/1445043431175440/,0,0,Reels,,,,,10/15/2023,0,,,,,,0,0,0,0,0,0.000,2.766
1043439631415549,100064197037125,"PC Merchandise","Another comshop delivered! 6 units i5 12400F para sa bagong negosyo ni RYAN 💪",,79,"10/24/2023 19:58",uploaded,https://www.facebook.com/reel/1445043431175440/,0,0,Reels,,,,,10/16/2023,0,,,,,,0,0,0,0,0,0.000,2.561
1043439631415549,100064197037125,"PC Merchandise","Another comshop delivered! 6 units i5 12400F para sa bagong negosyo ni RYAN 💪",,79,"10/24/2023 19:58",uploaded,https://www.facebook.com/reel/1445043431175440/,0,0,Reels,,,,,10/17/2023,0,,,,,,0,0,0,0,0,0.000,3.977
1043439631415549,100064197037125,"PC Merchandise","Another comshop delivered! 6 units i5 12400F para sa bagong negosyo ni RYAN 💪",,79,"10/24/2023 19:58",uploaded,https://www.facebook.com/reel/1445043431175440/,0,0,Reels,,,,,10/18/2023,0,,,,,,0,0,0,0,0,0.000,5.220
1043439631415549,100064197037125,"PC Merchandise","Another comshop delivered! 6 units i5 12400F para sa bagong negosyo ni RYAN 💪",,79,"10/24/2023 19:58",uploaded,https://www.facebook.com/reel/1445043431175440/,0,0,Reels,,,,,10/19/2023,0,,,,,,0,0,0,0,0,0.000,3.831
1043439631415549,100064197037125,"PC Merchandise","Another comshop delivered! 6 units i5 12400F para sa bagong negosyo ni RYAN 💪",,79,"10/24/2023 19:58",uploaded,https://www.facebook.com/reel/1445043431175440/,0,0,Reels,,,,,10/20/2023,0,,,,,,0,0,0,0,0,0.000,3.681
1043439631415549,100064197037125,"PC Merchandise","Another comshop delivered! 6 units i5 12400F para sa bagong negosyo ni RYAN 💪",,79,"10/24/2023 19:58",uploaded,https://www.facebook.com/reel/1445043431175440/,0,0,Reels,,,,,10/21/2023,0,,,,,,0,0,0,0,0,0.000,2.813
1043439631415549,100064197037125,"PC Merchandise","Another comshop delivered! 6 units i5 12400F para sa bagong negosyo ni RYAN 💪",,79,"10/24/2023 19:58",uploaded,https://www.facebook.com/reel/1445043431175440/,0,0,Reels,,,,,10/22/2023,0,,,,,,0,0,0,0,0,0.000,3.606
1043439631415549,100064197037125,"PC Merchandise","Another comshop delivered! 6 units i5 12400F para sa bagong negosyo ni RYAN 💪",,79,"10/24/2023 19:58",uploaded,https://www.facebook.com/reel/1445043431175440/,0,0,Reels,,,,,10/23/2023,0,,,,,,0,0,0,0,0,0.000,3.466
1043439631415549,100064197037125,"PC Merchandise","Another comshop delivered! 6 units i5 12400F para sa bagong negosyo ni RYAN 💪",,79,"10/24/2023 19:58",uploaded,https://www.facebook.com/reel/1445043431175440/,0,0,Reels,,,,,10/24/2023,1,,,,,,80,0,3,2,0,216.683,4.392
1043439631415549,100064197037125,"PC Merchandise","Another comshop delivered! 6 units i5 12400F para sa bagong negosyo ni RYAN 💪",,79,"10/24/2023 19:58",uploaded,https://www.facebook.com/reel/1445043431175440/,0,0,Reels,,,,,10/25/2023,0,,,,,,75,0,0,0,0,199.463,2.880
1043439631415549,100064197037125,"PC Merchandise","Another comshop delivered! 6 units i5 12400F para sa bagong negosyo ni RYAN 💪",,79,"10/24/2023 19:58",uploaded,https://www.facebook.com/reel/1445043431175440/,0,0,Reels,,,,,10/26/2023,0,,,,,,85,0,1,1,0,144.587,3.146
1043439631415549,100064197037125,"PC Merchandise","Another comshop delivered! 6 units i5 12400F para sa bagong negosyo ni RYAN 💪",,79,"10/24/2023 19:58",uploaded,https://www.facebook.com/reel/1445043431175440/,0,0,Reels,,,,,10/27/2023,0,,,,,,71,0,1,1,0,95.565,3.991
1043439631415549,100064197037125,"PC Merchandise","Another comshop delivered! 6 units i5 12400F para sa bagong negosyo ni RYAN 💪",,79,"10/24/2023 19:58",uploaded,https://www.facebook.com/reel/1445043431175440/,0,0,Reels,,,,,10/28/2023,0,,,,,,99,0,0,0,0,67.044,3.248
1043439631415549,100064197037125,"PC Merchandise","Another comshop delivered! 6 units i5 12400F para sa bagong negosyo ni RYAN 💪",,79,"10/24/2023 19:58",uploaded,https://www.facebook.com/reel/1445043431175440/,0,0,Reels,,,,,10/29/2023,0,,,,,,71,0,0,0,0,42.360,3.653
1043439631415549,100064197037125,"PC Merchandise","Another comshop delivered! 6 units i5 12400F para sa bagong negosyo ni RYAN 💪",,79,"10/24/2023 19:58",uploaded,https://www.facebook.com/reel/1445043431175440/,0,0,Reels,,,,,10/30/2023,0,,,,,,72,0,0,0,0,44.663,2.794
1043439631415549,100064197037125,"PC Merchandise","Another comshop delivered! 6 units i5 12400F para sa bagong negosyo ni RYAN 💪",,79,"10/24/2023 19:58",uploaded,https://www.facebook.com/reel/1445043431175440/,0,0,Reels,,,,,10/31/2023,0,,,,,,90,0,0,0,0,38.457,2.195
1043299923706714,100064197037125,"PC Merchandise","客户 satisfied ✅ RYZEN 5 4600G build with RGB everything 🌈",,0,"10/24/2023 19:15",,https://www.facebook.com/pcmerchandise.co/posts/pfbid0ErJVsJyumpSpDHBAJrEI0adyJeDVJAr94WbfiXhRi9jL0JEGdbHdGrfX,0,0,Photos,,,,,10/31/2023,0,,,,,,,,,,,,
1043299923706714,100064197037125,"PC Merchandise","客户 satisfied ✅ RYZEN 5 4600G build with RGB everything 🌈",,0,"10/24/2023 19:15",,https://www.facebook.com/pcmerchandise.co/posts/pfbid0ErJVsJyumpSpDHBAJrEI0adyJeDVJAr94WbfiXhRi9jL0JEGdbHdGrfX,0,0,Photos,,,,,10/01/2023,,,0,0,0,0,0,0,,,,,
1043299923706714,100064197037125,"PC Merchandise","客户 satisfied ✅ RYZEN 5 4600G build with RGB everything 🌈",,0,"10/24/2023 19:15",,https://www.facebook.com/pcmerchandise.co/posts/pfbid0ErJVsJyumpSpDHBAJrEI0adyJeDVJAr94WbfiXhRi9jL0JEGdbHdGrfX,0,0,Photos,,,,,10/02/2023,,,0,0,0,0,0,0,,,,,
1043299923706714,100064197037125,"PC Merchandise","客户 satisfied ✅ RYZEN 5 4600G build with RGB everything 🌈",,0,"10/24/2023 19:15",,https://www.facebook.com/pcmerchandise.co/posts/pfbid0ErJVsJyumpSpDHBAJrEI0adyJeDVJAr94WbfiXhRi9jL0JEGdbHdGrfX,0,0,Photos,,,,,10/03/2023,,,0,0,0,0,0,0,,,,,
1043299923706714,100064197037125,"PC Merchandise","客户 satisfied ✅ RYZEN 5 4600G build with RGB everything 🌈",,0,"10/24/2023 19:15",,https://www.facebook.com/pcmerchandise.co/posts/pfbid0ErJVsJyumpSpDHBAJrEI0adyJeDVJAr94WbfiXhRi9jL0JEGdbHdGrfX,0,0,Photos,,,,,10/04/2023,,,0,0,0,0,0,0,,,,,
1043299923706714,100064197037125,"PC Merchandise","客户 satisfied ✅ RYZEN 5 4600G build with RGB everything 🌈",,0,"10/24/2023 19:15",,https://www.facebook.com/pcmerchandise.co/posts/pfbid0ErJVsJyumpSpDHBAJrEI0adyJeDVJAr94WbfiXhRi9jL0JEGdbHdGrfX,0,0,Photos,,,,,10/05/2023,,,0,0,0,0,0,0,,,,,
1043299923706714,100064197037125,"PC Merchandise","客户 satisfied ✅ RYZEN 5 4600G build with RGB everything 🌈",,0,"10/24/2023 19:15",,https://www.facebook.com/pcmerchandise.co/posts/pfbid0ErJVsJyumpSpDHBAJrEI0adyJeDVJAr94WbfiXhRi9jL0JEGdbHdGrfX,0,0,Photos,,,,,10/06/2023,,,0,0,0,0,0,0,,,,,
1043299923706714,100064197037125,"PC Merchandise","客户 satisfied ✅ RYZEN 5 4600G build with RGB everything 🌈",,0,"10/24/2023 19:15",,https://www.facebook.com/pcmerchandise.co/posts/pfbid0ErJVsJyumpSpDHBAJrEI0adyJeDVJAr94WbfiXhRi9jL0JEGdbHdGrfX,0,0,Photos,,,,,10/07/2023,,,0,0,0,0,0,0,,,,,
1043299923706714,100064197037125,"PC Merchandise","客户 satisfied ✅ RYZEN 5 4600G build with RGB everything 🌈",,0,"10/24/2023 19:15",,https://www.facebook.com/pcmerchandise.co/posts/pfbid0ErJVsJyumpSpDHBAJrEI0adyJeDVJAr94WbfiXhRi9jL0JEGdbHdGrfX,0,0,Photos,,,,,10/08/2023,,,0,0,0,0,0,0,,,,,
1043299923706714,100064197037125,"PC Merchandise","客户 satisfied ✅ RYZEN 5 4600G build with RGB everything 🌈",,0,"10/24/2023 19:15",,https://www.facebook.com/pcmerchandise.co/posts/pfbid0ErJVsJyumpSpDHBAJrEI0adyJeDVJAr94WbfiXhRi9jL0JEGdbHdGrfX,0,0,Photos,,,,,10/09/2023,,,0,0,0,0,0,0,,,,,
1043299923706714,100064197037125,"PC Merchandise","客户 satisfied ✅ RYZEN 5 4600G build with RGB everything 🌈",,0,"10/24/2023 19:15",,https://www.facebook.com/pcmerchandise.co/posts/pfbid0ErJVsJyumpSpDHBAJrEI0adyJeDVJAr94WbfiXhRi9jL0JEGdbHdGrfX,0,0,Photos,,,,,10/10/2023,,,0,0,0,0,0,0,,,,,
1043299923706714,100064197037125,"PC Merchandise","客户 satisfied ✅ RYZEN 5 4600G build with RGB everything 🌈",,0,"10/24/2023 19:15",,https://www.facebook.com/pcmerchandise.co/posts/pfbid0ErJVsJyumpSpDHBAJrEI0adyJeDVJAr94WbfiXhRi9jL0JEGdbHdGrfX,0,0,Photos,,,,,10/11/2023,,,0,0,0,0,0,0,,,,,
1043299923706714,100064197037125,"PC Merchandise","客户 satisfied ✅ RYZEN 5 4600G build with RGB everything 🌈",,0,"10/24/2023 19:15",,https://www.facebook.com/pcmerchandise.co/posts/pfbid0ErJVsJyumpSpDHBAJrEI0adyJeDVJAr94WbfiXhRi9jL0JEGdbHdGrfX,0,0,Photos,,,,,10/12/2023,,,0,0,0,0,0,0,,,,,
1043299923706714,100064197037125,"PC Merchandise","客户 satisfied ✅ RYZEN 5 4600G build with RGB everything 🌈",,0,"10/24/2023 19:15",,https://www.facebook.com/pcmerchandise.co/posts/pfbid0ErJVsJyumpSpDHBAJrEI0adyJeDVJAr94WbfiXhRi9jL0JEGdbHdGrfX,0,0,Photos,,,,,10/13/2023,,,0,0,0,0,0,0,,,,,
1043299923706714,100064197037125,"PC Merchandise","客户 satisfied ✅ RYZEN 5 4600G build with RGB everything 🌈",,0,"10/24/2023 19:15",,https://www.facebook.com/pcmerchandise.co/posts/pfbid0ErJVsJyumpSpDHBAJrEI0adyJeDVJAr94WbfiXhRi9jL0JEGdbHdGrfX,0,0,Photos,,,,,10/14/2023,,,0,0,0,0,0,0,,,,,
1043299923706714,100064197037125,"PC Merchandise","客户 satisfied ✅ RYZEN 5 4600G build with RGB everything 🌈",,0,"10/24/2023 19:15",,https://www.facebook.com/pcmerchandise.co/posts/pfbid0ErJVsJyumpSpDHBAJrEI0adyJeDVJAr94WbfiXhRi9jL0JEGdbHdGrfX,0,0,Photos,,,,,10/15/2023,,,0,0,0,0,0,0,,,,,
1043299923706714,100064197037125,"PC Merchandise","客户 satisfied ✅ RYZEN 5 4600G build with RGB everything 🌈",,0,"10/24/2023 19:15",,https://www.facebook.com/pcmerchandise.co/posts/pfbid0ErJVsJyumpSpDHBAJrEI0adyJeDVJAr94WbfiXhRi9jL0JEGdbHdGrfX,0,0,Photos,,,,,10/16/2023,,,0,0,0,0,0,0,,,,,
1043299923706714,100064197037125,"PC Merchandise","客户 satisfied ✅ RYZEN 5 4600G build with RGB everything 🌈",,0,"10/24/2023 19:15",,https://www.facebook.com/pcmerchandise.co/posts/pfbid0ErJVsJyumpSpDHBAJrEI0adyJeDVJAr94WbfiXhRi9jL0JEGdbHdGrfX,0,0,Photos,,,,,10/17/2023,,,0,0,0,0,0,0,,,,,
1043299923706714,100064197037125,"PC Merchandise","客户 satisfied ✅ RYZEN 5 4600G build with RGB everything 🌈",,0,"10/24/2023 19:15",,https://www.facebook.com/pcmerchandise.co/posts/pfbid0ErJVsJyumpSpDHBAJrEI0adyJeDVJAr94WbfiXhRi9jL0JEGdbHdGrfX,0,0,Photos,,,,,10/18/2023,,,0,0,0,0,0,0,,,,,
1043299923706714,100064197037125,"PC Merchandise","客户 satisfied ✅ RYZEN 5 4600G build with RGB everything 🌈",,0,"10/24/2023 19:15",,https://www.facebook.com/pcmerchandise.co/posts/pfbid0ErJVsJyumpSpDHBAJrEI0adyJeDVJAr94WbfiXhRi9jL0JEGdbHdGrfX,0,0,Photos,,,,,10/19/2023,,,0,0,0,0,0,0,,,,,
1043299923706714,100064197037125,"PC Merchandise","客户 satisfied ✅ RYZEN 5 4600G build with RGB everything 🌈",,0,"10/24/2023 19:15",,https://www.facebook.com/pcmerchandise.co/posts/pfbid0ErJVsJyumpSpDHBAJrEI0adyJeDVJAr94WbfiXhRi9jL0JEGdbHdGrfX,0,0,Photos,,,,,10/20/2023,,,0,0,0,0,0,0,,,,,
1043299923706714,100064197037125,"PC Merchandise","客户 satisfied ✅ RYZEN 5 4600G build with RGB everything 🌈",,0,"10/24/2023 19:15",,https://www.facebook.com/pcmerchandise.co/posts/pfbid0ErJVsJyumpSpDHBAJrEI0adyJeDVJAr94WbfiXhRi9jL0JEGdbHdGrfX,0,0,Photos,,,,,10/21/2023,,,0,0,0,0,0,0,,,,,
1043299923706714,100064197037125,"PC Merchandise","客户 satisfied ✅ RYZEN 5 4600G build with RGB everything 🌈",,0,"10/24/2023 19:15",,https://www.facebook.com/pcmerchandise.co/posts/pfbid0ErJVsJyumpSpDHBAJrEI0adyJeDVJAr94WbfiXhRi9jL0JEGdbHdGrfX,0,0,Photos,,,,,10/22/2023,,,0,0,0,0,0,0,,,,,
1043299923706714,100064197037125,"PC Merchandise","客户 satisfied ✅ RYZEN 5 4600G build with RGB everything 🌈",,0,"10/24/2023 19:15",,https://www.facebook.com/pcmerchandise.co/posts/pfbid0ErJVsJyumpSpDHBAJrEI0adyJeDVJAr94WbfiXhRi9jL0JEGdbHdGrfX,0,0,Photos,,,,,10/23/2023,,,0,0,0,0,0,0,,,,,
1043299923706714,100064197037125,"PC Merchandise","客户 satisfied ✅ RYZEN 5 4600G build with RGB everything 🌈",,0,"10/24/2023 19:15",,https://www.facebook.com/pcmerchandise.co/posts/pfbid0ErJVsJyumpSpDHBAJrEI0adyJeDVJAr94WbfiXhRi9jL0JEGdbHdGrfX,0,0,Photos,,,,,10/24/2023,,,0,0,0,0,0,0,,,,,
1043299923706714,100064197037125,"PC Merchandise","客户 satisfied ✅ RYZEN 5 4600G build with RGB everything 🌈",,0,"10/24/2023 19:15",,https://www.facebook.com/pcmerchandise.co/posts/pfbid0ErJVsJyumpSpDHBAJrEI0adyJeDVJAr94WbfiXhRi9jL0JEGdbHdGrfX,0,0,Photos,,,,,10/25/2023,,,0,0,0,0,0,0,,,,,
1043299923706714,100064197037125,"PC Merchandise","客户 satisfied ✅ RYZEN 5 4600G build with RGB everything 🌈",,0,"10/24/2023 19:15",,https://www.facebook.com/pcmerchandise.co/posts/pfbid0ErJVsJyumpSpDHBAJrEI0adyJeDVJAr94WbfiXhRi9jL0JEGdbHdGrfX,0,0,Photos,,,,,10/26/2023,,,0,0,0,0,0,0,,,,,
1043299923706714,100064197037125,"PC Merchandise","客户 satisfied ✅ RYZEN 5 4600G build with RGB everything 🌈",,0,"10/24/2023 19:15",,https://www.facebook.com/pcmerchandise.co/posts/pfbid0ErJVsJyumpSpDHBAJrEI0adyJeDVJAr94WbfiXhRi9jL0JEGdbHdGrfX,0,0,Photos,,,,,10/27/2023,,,0,0,0,0,0,0,,,,,
1043299923706714,100064197037125,"PC Merchandise","客户 satisfied ✅ RYZEN 5 4600G build with RGB everything 🌈",,0,"10/24/2023 19:15",,https://www.facebook.com/pcmerchandise.co/posts/pfbid0ErJVsJyumpSpDHBAJrEI0adyJeDVJAr94WbfiXhRi9jL0JEGdbHdGrfX,0,0,Photos,,,,,10/28/2023,,,0,0,0,0,0,0,,,,,
1043299923706714,100064197037125,"PC Merchandise","客户 satisfied ✅ RYZEN 5 4600G build with RGB everything 🌈",,0,"10/24/2023 19:15",,https://www.facebook.com/pcmerchandise.co/posts/pfbid0ErJVsJyumpSpDHBAJrEI0adyJeDVJAr94WbfiXhRi9jL0JEGdbHdGrfX,0,0,Photos,,,,,10/29/2023,,,0,0,0,0,0,0,,,,,
1043299923706714,100064197037125,"PC Merchandise","客户 satisfied ✅ RYZEN 5 4600G build with RGB everything 🌈",,0,"10/24/2023 19:15",,https://www.facebook.com/pcmerchandise.co/posts/pfbid0ErJVsJyumpSpDHBAJrEI0adyJeDVJAr94WbfiXhRi9jL0JEGdbHdGrfX,0,0,Photos,,,,,10/30/2023,,,0,0,0,0,0,0,,,,,
1043299923706714,100064197037125,"PC Merchandise","客户 satisfied ✅ RYZEN 5 4600G build with RGB everything 🌈",,0,"10/24/2023 19:15",,https://www.facebook.com/pcmerchandise.co/posts/pfbid0ErJVsJyumpSpDHBAJrEI0adyJeDVJAr94WbfiXhRi9jL0JEGdbHdGrfX,0,0,Photos,,,,,10/31/2023,,,0,0,0,0,0,0,,,,,
1043605184911872,100064197037125,"PC Merchandise","READY STOCK: i5 12400F / GTX 1660S builds. Same-day assembly. PM NOW!",,40,"10/24/2023 15:40",auto,https://www.facebook.com/reel/1017336581650369/,1,0,Reels,,,,,10/01/2023,0,,,,,,0,0,0,0,0,0.000,1.500
1043605184911872,100064197037125,"PC Merchandise","READY STOCK: i5 12400F / GTX 1660S builds. Same-day assembly. PM NOW!",,40,"10/24/2023 15:40",auto,https://www.facebook.com/reel/1017336581650369/,1,0,Reels,,,,,10/02/2023,0,,,,,,0,0,0,0,0,0.000,1.500
1043605184911872,100064197037125,"PC Merchandise","READY STOCK: i5 12400F / GTX 1660S builds. Same-day assembly. PM NOW!",,40,"10/24/2023 15:40",auto,https://www.facebook.com/reel/1017336581650369/,1,0,Reels,,,,,10/03/2023,0,,,,,,0,0,0,0,0,0.000,2.249
1043605184911872,100064197037125,"PC Merchandise","READY STOCK: i5 12400F / GTX 1660S builds. Same-day assembly. PM NOW!",,40,"10/24/2023 15:40",auto,https://www.facebook.com/reel/1017336581650369/,1,0,Reels,,,,,10/04/2023,0,,,,,,0,0,0,0,0,0.000,2.450
1043605184911872,100064197037125,"PC Merchandise","READY STOCK: i5 12400F / GTX 1660S builds. Same-day assembly. PM NOW!",,40,"10/24/2023 15:40",auto,https://www.facebook.com/reel/1017336581650369/,1,0,Reels,,,,,10/05/2023,0,,,,,,0,0,0,0,0,0.000,2.163
1043605184911872,100064197037125,"PC Merchandise","READY STOCK: i5 12400F / GTX 1660S builds. Same-day assembly. PM NOW!",,40,"10/24/2023 15:40",auto,https://www.facebook.com/reel/1017336581650369/,1,0,Reels,,,,,10/06/2023,0,,,,,,0,0,0,0,0,0.000,1.500
1043605184911872,100064197037125,"PC Merchandise","READY STOCK: i5 12400F / GTX 1660S builds. Same-day assembly. PM NOW!",,40,"10/24/2023 15:40",auto,https://www.facebook.com/reel/1017336581650369/,1,0,Reels,,,,,10/07/2023,0,,,,,,0,0,0,0,0,0.000,2.395
1043605184911872,100064197037125,"PC Merchandise","READY STOCK: i5 12400F / GTX 1660S builds. Same-day assembly. PM NOW!",,40,"10/24/2023 15:40",auto,https://www.facebook.com/reel/1017336581650369/,1,0,Reels,,,,,10/08/2023,0,,,,,,0,0,0,0,0,0.000,1.645
1043605184911872,100064197037125,"PC Merchandise","READY STOCK: i5 12400F / GTX 1660S builds. Same-day assembly. PM NOW!",,40,"10/24/2023 15:40",auto,https://www.facebook.com/reel/1017336581650369/,1,0,Reels,,,,,10/09/2023,0,,,,,,0,0,0,0,0,0.000,1.500
1043605184911872,100064197037125,"PC Merchandise","READY STOCK: i5 12400F / GTX 1660S builds. Same-day assembly. PM NOW!",,40,"10/24/2023 15:40",auto,https://www.facebook.com/reel/1017336581650369/,1,0,Reels,,,,,10/10/2023,0,,,,,,0,0,0,0,0,0.000,3.636
1043605184911872,100064197037125,"PC Merchandise","READY STOCK: i5 12400F / GTX 1660S builds. Same-day assembly. PM NOW!",,40,"10/24/2023 15:40",auto,https://www.facebook.com/reel/1017336581650369/,1,0,Reels,,,,,10/11/2023,0,,,,,,0,0,0,0,0,0.000,1.539
1043605184911872,100064197037125,"PC Merchandise","READY STOCK: i5 12400F / GTX 1660S builds. Same-day assembly. PM NOW!",,40,"10/24/2023 15:40",auto,https://www.facebook.com/reel/1017336581650369/,1,0,Reels,,,,,10/12/2023,0,,,,,,0,0,0,0,0,0.000,1.563
1043605184911872,100064197037125,"PC Merchandise","READY STOCK: i5 12400F / GTX 1660S builds. Same-day assembly. PM NOW!",,40,"10/24/2023 15:40",auto,https://www.facebook.com/reel/1017336581650369/,1,0,Reels,,,,,10/13/2023,0,,,,,,0,0,0,0,0,0.000,2.169
1043605184911872,100064197037125,"PC Merchandise","READY STOCK: i5 12400F / GTX 1660S builds. Same-day assembly. PM NOW!",,40,"10/24/2023 15:40",auto,https://www.facebook.com/reel/1017336581650369/,1,0,Reels,,,,,10/14/2023,0,,,,,,0,0,0,0,0,0.000,1.500
1043605184911872,100064197037125,"PC Merchandise","READY STOCK: i5 12400F / GTX 1660S builds. Same-day assembly. PM NOW!",,40,"10/24/2023 15:40",auto,https://www.facebook.com/reel/1017336581650369/,1,0,Reels,,,,,10/15/2023,0,,,,,,0,0,0,0,0,0.000,1.552
1043605184911872,100064197037125,"PC Merchandise","READY STOCK: i5 12400F / GTX 1660S builds. Same-day assembly. PM NOW!",,40,"10/24/2023 15:40",auto,https://www.facebook.com/reel/1017336581650369/,1,0,Reels,,,,,10/16/2023,0,,,,,,0,0,0,0,0,0.000,1.945
1043605184911872,100064197037125,"PC Merchandise","READY STOCK: i5 12400F / GTX 1660S builds. Same-day assembly. PM NOW!",,40,"10/24/2023 15:40",auto,https://www.facebook.com/reel/1017336581650369/,1,0,Reels,,,,,10/17/2023,0,,,,,,0,0,0,0,0,0.000,2.782
1043605184911872,100064197037125,"PC Merchandise","READY STOCK: i5 12400F / GTX 1660S builds. Same-day assembly. PM NOW!",,40,"10/24/2023 15:40",auto,https://www.facebook.com/reel/1017336581650369/,1,0,Reels,,,,,10/18/2023,0,,,,,,0,0,0,0,0,0.000,1.684
1043605184911872,100064197037125,"PC Merchandise","READY STOCK: i5 12400F / GTX 1660S builds. Same-day assembly. PM NOW!",,40,"10/24/2023 15:40",auto,https://www.facebook.com/reel/1017336581650369/,1,0,Reels,,,,,10/19/2023,0,,,,,,0,0,0,0,0,0.000,1.503
1043605184911872,100064197037125,"PC Merchandise","READY STOCK: i5 12400F / GTX 1660S builds. Same-day assembly. PM NOW!",,40,"10/24/2023 15:40",auto,https://www.facebook.com/reel/1017336581650369/,1,0,Reels,,,,,10/20/2023,0,,,,,,0,0,0,0,0,0.000,1.638
1043605184911872,100064197037125,"PC Merchandise","READY STOCK: i5 12400F / GTX 1660S builds. Same-day assembly. PM NOW!",,40,"10/24/2023 15:40",auto,https://www.facebook.com/reel/1017336581650369/,1,0,Reels,,,,,10/21/2023,0,,,,,,0,0,0,0,0,0.000,1.500
1043605184911872,100064197037125,"PC Merchandise","READY STOCK: i5 12400F / GTX 1660S builds. Same-day assembly. PM NOW!",,40,"10/24/2023 15:40",auto,https://www.facebook.com/reel/1017336581650369/,1,0,Reels,,,,,10/22/2023,0,,,,,,0,0,0,0,0,0.000,2.406
1043605184911872,100064197037125,"PC Merchandise","READY STOCK: i5 12400F / GTX 1660S builds. Same-day assembly. PM NOW!",,40,"10/24/2023 15:40",auto,https://www.facebook.com/reel/1017336581650369/,1,0,Reels,,,,,10/23/2023,0,,,,,,0,0,0,0,0,0.000,2.691
1043605184911872,100064197037125,"PC Merchandise","READY STOCK: i5 12400F / GTX 1660S builds. Same-day assembly. PM NOW!",,40,"10/24/2023 15:40",auto,https://www.facebook.com/reel/1017336581650369/,1,0,Reels,,,,,10/24/2023,0,,,,,,0,0,4,4,0,315.657,2.360
1043605184911872,100064197037125,"PC Merchandise","READY STOCK: i5 12400F / GTX 1660S builds. Same-day assembly. PM NOW!",,40,"10/24/2023 15:40",auto,https://www.facebook.com/reel/1017336581650369/,1,0,Reels,,,,,10/25/2023,0,,,,,,0,0,1,1,0,487.603,3.161
1043605184911872,100064197037125,"PC Merchandise","READY STOCK: i5 12400F / GTX 1660S builds. Same-day assembly. PM NOW!",,40,"10/24/2023 15:40",auto,https://www.facebook.com/reel/1017336581650369/,1,0,Reels,,,,,10/26/2023,0,,,,,,0,0,3,0,3,311.146,2.218
1043605184911872,100064197037125,"PC Merchandise","READY STOCK: i5 12400F / GTX 1660S builds. Same-day assembly. PM NOW!",,40,"10/24/2023 15:40",auto,https://www.facebook.com/reel/1017336581650369/,1,0,Reels,,,,,10/27/2023,0,,,,,,0,0,1,1,0,218.299,2.081
1043605184911872,100064197037125,"PC Merchandise","READY STOCK: i5 12400F / GTX 1660S builds. Same-day assembly. PM NOW!",,40,"10/24/2023 15:40",auto,https://www.facebook.com/reel/1017336581650369/,1,0,Reels,,,,,10/28/2023,0,,,,,,0,0,1,1,0,360.837,2.737
1043605184911872,100064197037125,"PC Merchandise","READY STOCK: i5 12400F / GTX 1660S builds. Same-day assembly. PM NOW!",,40,"10/24/2023 15:40",auto,https://www.facebook.com/reel/1017336581650369/,1,0,Reels,,,,,10/29/2023,0,,,,,,0,0,0,0,0,201.428,2.088
1043605184911872,100064197037125,"PC Merchandise","READY STOCK: i5 12400F / GTX 1660S builds. Same-day assembly. PM NOW!",,40,"10/24/2023 15:40",auto,https://www.facebook.com/reel/1017336581650369/,1,0,Reels,,,,,10/30/2023,0,,,,,,0,0,0,0,0,102.461,1.500
1043605184911872,100064197037125,"PC Merchandise","READY STOCK: i5 12400F / GTX 1660S builds. Same-day assembly. PM NOW!",,40,"10/24/2023 15:40",auto,https://www.facebook.com/reel/1017336581650369/,1,0,Reels,,,,,10/31/2023,0,,,,,,0,0,0,0,0,147.144,2.262
1043061672349353,100064197037125,"PC Merchandise","BUDGET BUILD ALERT 🚨 RYZEN 5 3400G + RX 6600 — perfect for online class and gaming!",,0,"10/23/2023 17:15",,https://www.facebook.com/pcmerchandise.co/posts/pfbid01DAiPJpaNeVAIrTs0l6HkCiUgQwUtFwH7G99vHZq1pmK8DGzbzsSZe4D,0,0,Photos,,,,,10/31/2023,0,,,,,,,,,,,,
1043061672349353,100064197037125,"PC Merchandise","BUDGET BUILD ALERT 🚨 RYZEN 5 3400G + RX 6600 — perfect for online class and gaming!",,0,"10/23/2023 17:15",,https://www.facebook.com/pcmerchandise.co/posts/pfbid01DAiPJpaNeVAIrTs0l6HkCiUgQwUtFwH7G99vHZq1pmK8DGzbzsSZe4D,0,0,Photos,,,,,10/01/2023,,,0,0,0,0,0,0,,,,,
1043061672349353,100064197037125,"PC Merchandise","BUDGET BUILD ALERT 🚨 RYZEN 5 3400G + RX 6600 — perfect for online class and gaming!",,0,"10/23/2023 17:15",,https://www.facebook.com/pcmerchandise.co/posts/pfbid01DAiPJpaNeVAIrTs0l6HkCiUgQwUtFwH7G99vHZq1pmK8DGzbzsSZe4D,0,0,Photos,,,,,10/02/2023,,,0,0,0,0,0,0,,,,,
1043061672349353,100064197037125,"PC Merchandise","BUDGET BUILD ALERT 🚨 RYZEN 5 3400G + RX 6600 — perfect for online class and gaming!",,0,"10/23/2023 17:15",,https://www.facebook.com/pcmerchandise.co/posts/pfbid01DAiPJpaNeVAIrTs0l6HkCiUgQwUtFwH7G99vHZq1pmK8DGzbzsSZe4D,0,0,Photos,,,,,10/03/2023,,,0,0,0,0,0,0,,,,,
1043061672349353,100064197037125,"PC Merchandise","BUDGET BUILD ALERT 🚨 RYZEN 5 3400G + RX 6600 — perfect for online class and gaming!",,0,"10/23/2023 17:15",,https://www.facebook.com/pcmerchandise.co/posts/pfbid01DAiPJpaNeVAIrTs0l6HkCiUgQwUtFwH7G99vHZq1pmK8DGzbzsSZe4D,0,0,Photos,,,,,10/04/2023,,,0,0,0,0,0,0,,,,,
1043061672349353,100064197037125,"PC Merchandise","BUDGET BUILD ALERT 🚨 RYZEN 5 3400G + RX 6600 — perfect for online class and gaming!",,0,"10/23/2023 17:15",,https://www.facebook.com/pcmerchandise.co/posts/pfbid01DAiPJpaNeVAIrTs0l6HkCiUgQwUtFwH7G99vHZq1pmK8DGzbzsSZe4D,0,0,Photos,,,,,10/05/2023,,,0,0,0,0,0,0,,,,,
1043061672349353,100064197037125,"PC Merchandise","BUDGET BUILD ALERT 🚨 RYZEN 5 3400G + RX 6600 — perfect for online class and gaming!",,0,"10/23/2023 17:15",,https://www.facebook.com/pcmerchandise.co/posts/pfbid01DAiPJpaNeVAIrTs0l6HkCiUgQwUtFwH7G99vHZq1pmK8DGzbzsSZe4D,0,0,Photos,,,,,10/06/2023,,,0,0,0,0,0,0,,,,,
1043061672349353,100064197037125,"PC Merchandise","BUDGET BUILD ALERT 🚨 RYZEN 5 3400G + RX 6600 — perfect for online class and gaming!",,0,"10/23/2023 17:15",,https://www.facebook.com/pcmerchandise.co/posts/pfbid01DAiPJpaNeVAIrTs0l6HkCiUgQwUtFwH7G99vHZq1pmK8DGzbzsSZe4D,0,0,Photos,,,,,10/07/2023,,,0,0,0,0,0,0,,,,,
1043061672349353,100064197037125,"PC Merchandise","BUDGET BUILD ALERT 🚨 RYZEN 5 3400G + RX 6600 — perfect for online class and gaming!",,0,"10/23/2023 17:15",,https://www.facebook.com/pcmerchandise.co/posts/pfbid01DAiPJpaNeVAIrTs0l6HkCiUgQwUtFwH7G99vHZq1pmK8DGzbzsSZe4D,0,0,Photos,,,,,10/08/2023,,,0,0,0,0,0,0,,,,,
1043061672349353,100064197037125,"PC Merchandise","BUDGET BUILD ALERT 🚨 RYZEN 5 3400G + RX 6600 — perfect for online class and gaming!",,0,"10/23/2023 17:15",,https://www.facebook.com/pcmerchandise.co/posts/pfbid01DAiPJpaNeVAIrTs0l6HkCiUgQwUtFwH7G99vHZq1pmK8DGzbzsSZe4D,0,0,Photos,,,,,10/09/2023,,,0,0,0,0,0,0,,,,,
1043061672349353,100064197037125,"PC Merchandise","BUDGET BUILD ALERT 🚨 RYZEN 5 3400G + RX 6600 — perfect for online class and gaming!",,0,"10/23/2023 17:15",,https://www.facebook.com/pcmerchandise.co/posts/pfbid01DAiPJpaNeVAIrTs0l6HkCiUgQwUtFwH7G99vHZq1pmK8DGzbzsSZe4D,0,0,Photos,,,,,10/10/2023,,,0,0,0,0,0,0,,,,,
1043061672349353,100064197037125,"PC Merchandise","BUDGET BUILD ALERT 🚨 RYZEN 5 3400G + RX 6600 — perfect for online class and gaming!",,0,"10/23/2023 17:15",,https://www.facebook.com/pcmerchandise.co/posts/pfbid01DAiPJpaNeVAIrTs0l6HkCiUgQwUtFwH7G99vHZq1pmK8DGzbzsSZe4D,0,0,Photos,,,,,10/11/2023,,,0,0,0,0,0,0,,,,,
1043061672349353,100064197037125,"PC Merchandise","BUDGET BUILD ALERT 🚨 RYZEN 5 3400G + RX 6600 — perfect for online class and gaming!",,0,"10/23/2023 17:15",,https://www.facebook.com/pcmerchandise.co/posts/pfbid01DAiPJpaNeVAIrTs0l6HkCiUgQwUtFwH7G99vHZq1pmK8DGzbzsSZe4D,0,0,Photos,,,,,10/12/2023,,,0,0,0,0,0,0,,,,,
1043061672349353,100064197037125,"PC Merchandise","BUDGET BUILD ALERT 🚨 RYZEN 5 3400G + RX 6600 — perfect for online class and gaming!",,0,"10/23/2023 17:15",,https://www.facebook.com/pcmerchandise.co/posts/pfbid01DAiPJpaNeVAIrTs0l6HkCiUgQwUtFwH7G99vHZq1pmK8DGzbzsSZe4D,0,0,Photos,,,,,10/13/2023,,,0,0,0,0,0,0,,,,,
1043061672349353,100064197037125,"PC Merchandise","BUDGET BUILD ALERT 🚨 RYZEN 5 3400G + RX 6600 — perfect for online class and gaming!",,0,"10/23/2023 17:15",,https://www.facebook.com/pcmerchandise.co/posts/pfbid01DAiPJpaNeVAIrTs0l6HkCiUgQwUtFwH7G99vHZq1pmK8DGzbzsSZe4D,0,0,Photos,,,,,10/14/2023,,,0,0,0,0,0,0,,,,,
1043061672349353,100064197037125,"PC Merchandise","BUDGET BUILD ALERT 🚨 RYZEN 5 3400G + RX 6600 — perfect for online class and gaming!",,0,"10/23/2023 17:15",,https://www.facebook.com/pcmerchandise.co/posts/pfbid01DAiPJpaNeVAIrTs0l6HkCiUgQwUtFwH7G99vHZq1pmK8DGzbzsSZe4D,0,0,Photos,,,,,10/15/2023,,,0,0,0,0,0,0,,,,,
1043061672349353,100064197037125,"PC Merchandise","BUDGET BUILD ALERT 🚨 RYZEN 5 3400G + RX 6600 — perfect for online class and gaming!",,0,"10/23/2023 17:15",,https://www.facebook.com/pcmerchandise.co/posts/pfbid01DAiPJpaNeVAIrTs0l6HkCiUgQwUtFwH7G99vHZq1pmK8DGzbzsSZe4D,0,0,Photos,,,,,10/16/2023,,,0,0,0,0,0,0,,,,,
1043061672349353,100064197037125,"PC Merchandise","BUDGET BUILD ALERT 🚨 RYZEN 5 3400G + RX 6600 — perfect for online class and gaming!",,0,"10/23/2023 17:15",,https://www.facebook.com/pcmerchandise.co/posts/pfbid01DAiPJpaNeVAIrTs0l6HkCiUgQwUtFwH7G99vHZq1pmK8DGzbzsSZe4D,0,0,Photos,,,,,10/17/2023,,,0,0,0,0,0,0,,,,,
1043061672349353,100064197037125,"PC Merchandise","BUDGET BUILD ALERT 🚨 RYZEN 5 3400G + RX 6600 — perfect for online class and gaming!",,0,"10/23/2023 17:15",,https://www.facebook.com/pcmerchandise.co/posts/pfbid01DAiPJpaNeVAIrTs0l6HkCiUgQwUtFwH7G99vHZq1pmK8DGzbzsSZe4D,0,0,Photos,,,,,10/18/2023,,,0,0,0,0,0,0,,,,,
1043061672349353,100064197037125,"PC Merchandise","BUDGET BUILD ALERT 🚨 RYZEN 5 3400G + RX 6600 — perfect for online class and gaming!",,0,"10/23/2023 17:15",,https://www.facebook.com/pcmerchandise.co/posts/pfbid01DAiPJpaNeVAIrTs0l6HkCiUgQwUtFwH7G99vHZq1pmK8DGzbzsSZe4D,0,0,Photos,,,,,10/19/2023,,,0,0,0,0,0,0,,,,,
1043061672349353,100064197037125,"PC Merchandise","BUDGET BUILD ALERT 🚨 RYZEN 5 3400G + RX 6600 — perfect for online class and gaming!",,0,"10/23/2023 17:15",,https://www.facebook.com/pcmerchandise.co/posts/pfbid01DAiPJpaNeVAIrTs0l6HkCiUgQwUtFwH7G99vHZq1pmK8DGzbzsSZe4D,0,0,Photos,,,,,10/20/2023,,,0,0,0,0,0,0,,,,,
1043061672349353,100064197037125,"PC Merchandise","BUDGET BUILD ALERT 🚨 RYZEN 5 3400G + RX 6600 — perfect for online class and gaming!",,0,"10/23/2023 17:15",,https://www.facebook.com/pcmerchandise.co/posts/pfbid01DAiPJpaNeVAIrTs0l6HkCiUgQwUtFwH7G99vHZq1pmK8DGzbzsSZe4D,0,0,Photos,,,,,10/21/2023,,,0,0,0,0,0,0,,,,,
1043061672349353,100064197037125,"PC Merchandise","BUDGET BUILD ALERT 🚨 RYZEN 5 3400G + RX 6600 — perfect for online class and gaming!",,0,"10/23/2023 17:15",,https://www.facebook.com/pcmerchandise.co/posts/pfbid01DAiPJpaNeVAIrTs0l6HkCiUgQwUtFwH7G99vHZq1pmK8DGzbzsSZe4D,0,0,Photos,,,,,10/22/2023,,,0,0,0,0,0,0,,,,,
1043061672349353,100064197037125,"PC Merchandise","BUDGET BUILD ALERT 🚨 RYZEN 5 3400G + RX 6600 — perfect for online class and gaming!",,0,"10/23/2023 17:15",,https://www.facebook.com/pcmerchandise.co/posts/pfbid01DAiPJpaNeVAIrTs0l6HkCiUgQwUtFwH7G99vHZq1pmK8DGzbzsSZe4D,0,0,Photos,,,,,10/23/2023,,,0,0,0,0,0,0,,,,,
1043061672349353,100064197037125,"PC Merchandise","BUDGET BUILD ALERT 🚨 RYZEN 5 3400G + RX 6600 — perfect for online class and gaming!",,0,"10/23/2023 17:15",,https://www.facebook.com/pcmerchandise.co/posts/pfbid01DAiPJpaNeVAIrTs0l6HkCiUgQwUtFwH7G99vHZq1pmK8DGzbzsSZe4D,0,0,Photos,,,,,10/24/2023,,,0,0,0,0,0,0,,,,,
1043061672349353,100064197037125,"PC Merchandise","BUDGET BUILD ALERT 🚨 RYZEN 5 3400G + RX 6600 — perfect for online class and gaming!",,0,"10/23/2023 17:15",,https://www.facebook.com/pcmerchandise.co/posts/pfbid01DAiPJpaNeVAIrTs0l6HkCiUgQwUtFwH7G99vHZq1pmK8DGzbzsSZe4D,0,0,Photos,,,,,10/25/2023,,,0,0,0,0,0,0,,,,,
1043061672349353,100064197037125,"PC Merchandise","BUDGET BUILD ALERT 🚨 RYZEN 5 3400G + RX 6600 — perfect for online class and gaming!",,0,"10/23/2023 17:15",,https://www.facebook.com/pcmerchandise.co/posts/pfbid01DAiPJpaNeVAIrTs0l6HkCiUgQwUtFwH7G99vHZq1pmK8DGzbzsSZe4D,0,0,Photos,,,,,10/26/2023,,,0,0,0,0,0,0,,,,,
1043061672349353,100064197037125,"PC Merchandise","BUDGET BUILD ALERT 🚨 RYZEN 5 3400G + RX 6600 — perfect for online class and gaming!",,0,"10/23/2023 17:15",,https://www.facebook.com/pcmerchandise.co/posts/pfbid01DAiPJpaNeVAIrTs0l6HkCiUgQwUtFwH7G99vHZq1pmK8DGzbzsSZe4D,0,0,Photos,,,,,10/27/2023,,,0,0,0,0,0,0,,,,,
1043061672349353,100064197037125,"PC Merchandise","BUDGET BUILD ALERT 🚨 RYZEN 5 3400G + RX 6600 — perfect for online class and gaming!",,0,"10/23/2023 17:15",,https://www.facebook.com/pcmerchandise.co/posts/pfbid01DAiPJpaNeVAIrTs0l6HkCiUgQwUtFwH7G99vHZq1pmK8DGzbzsSZe4D,0,0,Photos,,,,,10/28/2023,,,0,0,0,0,0,0,,,,,
1043061672349353,100064197037125,"PC Merchandise","BUDGET BUILD ALERT 🚨 RYZEN 5 3400G + RX 6600 — perfect for online class and gaming!",,0,"10/23/2023 17:15",,https://www.facebook.com/pcmerchandise.co/posts/pfbid01DAiPJpaNeVAIrTs0l6HkCiUgQwUtFwH7G99vHZq1pmK8DGzbzsSZe4D,0,0,Photos,,,,,10/29/2023,,,0,0,0,0,0,0,,,,,
1043061672349353,100064197037125,"PC Merchandise","BUDGET BUILD ALERT 🚨 RYZEN 5 3400G + RX 6600 — perfect for online class and gaming!",,0,"10/23/2023 17:15",,https://www.facebook.com/pcmerchandise.co/posts/pfbid01DAiPJpaNeVAIrTs0l6HkCiUgQwUtFwH7G99vHZq1pmK8DGzbzsSZe4D,0,0,Photos,,,,,10/30/2023,,,0,0,0,0,0,0,,,,,
1043061672349353,100064197037125,"PC Merchandise","BUDGET BUILD ALERT 🚨 RYZEN 5 3400G + RX 6600 — perfect for online class and gaming!",,0,"10/23/2023 17:15",,https://www.facebook.com/pcmerchandise.co/posts/pfbid01DAiPJpaNeVAIrTs0l6HkCiUgQwUtFwH7G99vHZq1pmK8DGzbzsSZe4D,0,0,Photos,,,,,10/31/2023,,,0,0,0,0,0,0,,,,,
1043600310933343,100064197037125,"PC Merchandise","𝐢𝟑 𝟏𝟐𝟏𝟎𝟎𝐅 (𝟔𝐏𝐂𝐒) w/ 𝐑𝐗 𝟓𝟖𝟎
𝐆𝐀𝐌𝐈𝐍𝐆 𝐁𝐔𝐈𝐋𝐃
#PCMERCHANDISE #PCMBUILDS",,35,"10/22/2023 21:15",,https://www.facebook.com/reel/1368406108870318/,0,0,Reels,,,,,10/01/2023,0,,,,,,0,0,0,0,0,0.000,2.865
1043600310933343,100064197037125,"PC Merchandise","𝐢𝟑 𝟏𝟐𝟏𝟎𝟎𝐅 (𝟔𝐏𝐂𝐒) w/ 𝐑𝐗 𝟓𝟖𝟎
𝐆𝐀𝐌𝐈𝐍𝐆 𝐁𝐔𝐈𝐋𝐃
#PCMERCHANDISE #PCMBUILDS",,35,"10/22/2023 21:15",,https://www.facebook.com/reel/1368406108870318/,0,0,Reels,,,,,10/02/2023,0,,,,,,0,0,0,0,0,0.000,3.478
1043600310933343,100064197037125,"PC Merchandise","𝐢𝟑 𝟏𝟐𝟏𝟎𝟎𝐅 (𝟔𝐏𝐂𝐒) w/ 𝐑𝐗 𝟓𝟖𝟎
𝐆𝐀𝐌𝐈𝐍𝐆 𝐁𝐔𝐈𝐋𝐃
#PCMERCHANDISE #PCMBUILDS",,35,"10/22/2023 21:15",,https://www.facebook.com/reel/1368406108870318/,0,0,Reels,,,,,10/03/2023,0,,,,,,0,0,0,0,0,0.000,3.560
1043600310933343,100064197037125,"PC Merchandise","𝐢𝟑 𝟏𝟐𝟏𝟎𝟎𝐅 (𝟔𝐏𝐂𝐒) w/ 𝐑𝐗 𝟓𝟖𝟎
𝐆𝐀𝐌𝐈𝐍𝐆 𝐁𝐔𝐈𝐋𝐃
#PCMERCHANDISE #PCMBUILDS",,35,"10/22/2023 21:15",,https://www.facebook.com/reel/1368406108870318/,0,0,Reels,,,,,10/04/2023,0,,,,,,0,0,0,0,0,0.000,3.359
1043600310933343,100064197037125,"PC Merchandise","𝐢𝟑 𝟏𝟐𝟏𝟎𝟎𝐅 (𝟔𝐏𝐂𝐒) w/ 𝐑𝐗 𝟓𝟖𝟎
𝐆𝐀𝐌𝐈𝐍𝐆 𝐁𝐔𝐈𝐋𝐃
#PCMERCHANDISE #PCMBUILDS",,35,"10/22/2023 21:15",,https://www.facebook.com/reel/1368406108870318/,0,0,Reels,,,,,10/05/2023,0,,,,,,0,0,0,0,0,0.000,2.363
1043600310933343,100064197037125,"PC Merchandise","𝐢𝟑 𝟏𝟐𝟏𝟎𝟎𝐅 (𝟔𝐏𝐂𝐒) w/ 𝐑𝐗 𝟓𝟖𝟎
𝐆𝐀𝐌𝐈𝐍𝐆 𝐁𝐔𝐈𝐋𝐃
#PCMERCHANDISE #PCMBUILDS",,35,"10/22/2023 21:15",,https://www.facebook.com/reel/1368406108870318/,0,0,Reels,,,,,10/06/2023,0,,,,,,0,0,0,0,0,0.000,4.629
1043600310933343,100064197037125,"PC Merchandise","𝐢𝟑 𝟏𝟐𝟏𝟎𝟎𝐅 (𝟔𝐏𝐂𝐒) w/ 𝐑𝐗 𝟓𝟖𝟎
𝐆𝐀𝐌𝐈𝐍𝐆 𝐁𝐔𝐈𝐋𝐃
#PCMERCHANDISE #PCMBUILDS",,35,"10/22/2023 21:15",,https://www.facebook.com/reel/1368406108870318/,0,0,Reels,,,,,10/07/2023,0,,,,,,0,0,0,0,0,0.000,3.577
1043600310933343,100064197037125,"PC Merchandise","𝐢𝟑 𝟏𝟐𝟏𝟎𝟎𝐅 (𝟔𝐏𝐂𝐒) w/ 𝐑𝐗 𝟓𝟖𝟎
𝐆𝐀𝐌𝐈𝐍𝐆 𝐁𝐔𝐈𝐋𝐃
#PCMERCHANDISE #PCMBUILDS",,35,"10/22/2023 21:15",,https://www.facebook.com/reel/1368406108870318/,0,0,Reels,,,,,10/08/2023,0,,,,,,0,0,0,0,0,0.000,4.338
1043600310933343,100064197037125,"PC Merchandise","𝐢𝟑 𝟏𝟐𝟏𝟎𝟎𝐅 (𝟔𝐏𝐂𝐒) w/ 𝐑𝐗 𝟓𝟖𝟎
𝐆𝐀𝐌𝐈𝐍𝐆 𝐁𝐔𝐈𝐋𝐃
#PCMERCHANDISE #PCMBUILDS",,35,"10/22/2023 21:15",,https://www.facebook.com/reel/1368406108870318/,0,0,Reels,,,,,10/09/2023,0,,,,,,0,0,0,0,0,0.000,3.565
1043600310933343,100064197037125,"PC Merchandise","𝐢𝟑 𝟏𝟐𝟏𝟎𝟎𝐅 (𝟔𝐏𝐂𝐒) w/ 𝐑𝐗 𝟓𝟖𝟎
𝐆𝐀𝐌𝐈𝐍𝐆 𝐁𝐔𝐈𝐋𝐃
#PCMERCHANDISE #PCMBUILDS",,35,"10/22/2023 21:15",,https://www.facebook.com/reel/1368406108870318/,0,0,Reels,,,,,10/10/2023,0,,,,,,0,0,0,0,0,0.000,4.100
1043600310933343,100064197037125,"PC Merchandise","𝐢𝟑 𝟏𝟐𝟏𝟎𝟎𝐅 (𝟔𝐏𝐂𝐒) w/ 𝐑𝐗 𝟓𝟖𝟎
𝐆𝐀𝐌𝐈𝐍𝐆 𝐁𝐔𝐈𝐋𝐃
#PCMERCHANDISE #PCMBUILDS",,35,"10/22/2023 21:15",,https://www.facebook.com/reel/1368406108870318/,0,0,Reels,,,,,10/11/2023,0,,,,,,0,0,0,0,0,0.000,5.122
1043600310933343,100064197037125,"PC Merchandise","𝐢𝟑 𝟏𝟐𝟏𝟎𝟎𝐅 (𝟔𝐏𝐂𝐒) w/ 𝐑𝐗 𝟓𝟖𝟎
𝐆𝐀𝐌𝐈𝐍𝐆 𝐁𝐔𝐈𝐋𝐃
#PCMERCHANDISE #PCMBUILDS",,35,"10/22/2023 21:15",,https://www.facebook.com/reel/1368406108870318/,0,0,Reels,,,,,10/12/2023,0,,,,,,0,0,0,0,0,0.000,3.603
1043600310933343,100064197037125,"PC Merchandise","𝐢𝟑 𝟏𝟐𝟏𝟎𝟎𝐅 (𝟔𝐏𝐂𝐒) w/ 𝐑𝐗 𝟓𝟖𝟎
𝐆𝐀𝐌𝐈𝐍𝐆 𝐁𝐔𝐈𝐋𝐃
#PCMERCHANDISE #PCMBUILDS",,35,"10/22/2023 21:15",,https://www.facebook.com/reel/1368406108870318/,0,0,Reels,,,,,10/13/2023,0,,,,,,0,0,0,0,0,0.000,4.084
1043600310933343,100064197037125,"PC Merchandise","𝐢𝟑 𝟏𝟐𝟏𝟎𝟎𝐅 (𝟔𝐏𝐂𝐒) w/ 𝐑𝐗 𝟓𝟖𝟎
𝐆𝐀𝐌𝐈𝐍𝐆 𝐁𝐔𝐈𝐋𝐃
#PCMERCHANDISE #PCMBUILDS",,35,"10/22/2023 21:15",,https://www.facebook.com/reel/1368406108870318/,0,0,Reels,,,,,10/14/2023,0,,,,,,0,0,0,0,0,0.000,4.486
1043600310933343,100064197037125,"PC Merchandise","𝐢𝟑 𝟏𝟐𝟏𝟎𝟎𝐅 (𝟔𝐏𝐂𝐒) w/ 𝐑𝐗 𝟓𝟖𝟎
𝐆𝐀𝐌𝐈𝐍𝐆 𝐁𝐔𝐈𝐋𝐃
#PCMERCHANDISE #PCMBUILDS",,35,"10/22/2023 21:15",,https://www.facebook.com/reel/1368406108870318/,0,0,Reels,,,,,10/15/2023,0,,,,,,0,0,0,0,0,0.000,2.616
1043600310933343,100064197037125,"PC Merchandise","𝐢𝟑 𝟏𝟐𝟏𝟎𝟎𝐅 (𝟔𝐏𝐂𝐒) w/ 𝐑𝐗 𝟓𝟖𝟎
𝐆𝐀𝐌𝐈𝐍𝐆 𝐁𝐔𝐈𝐋𝐃
#PCMERCHANDISE #PCMBUILDS",,35,"10/22/2023 21:15",,https://www.facebook.com/reel/1368406108870318/,0,0,Reels,,,,,10/16/2023,0,,,,,,0,0,0,0,0,0.000,3.966
1043600310933343,100064197037125,"PC Merchandise","𝐢𝟑 𝟏𝟐𝟏𝟎𝟎𝐅 (𝟔𝐏𝐂𝐒) w/ 𝐑𝐗 𝟓𝟖𝟎
𝐆𝐀𝐌𝐈𝐍𝐆 𝐁𝐔𝐈𝐋𝐃
#PCMERCHANDISE #PCMBUILDS",,35,"10/22/2023 21:15",,https://www.facebook.com/reel/1368406108870318/,0,0,Reels,,,,,10/17/2023,0,,,,,,0,0,0,0,0,0.000,4.511
1043600310933343,100064197037125,"PC Merchandise","𝐢𝟑 𝟏𝟐𝟏𝟎𝟎𝐅 (𝟔𝐏𝐂𝐒) w/ 𝐑𝐗 𝟓𝟖𝟎
𝐆𝐀𝐌𝐈𝐍𝐆 𝐁𝐔𝐈𝐋𝐃
#PCMERCHANDISE #PCMBUILDS",,35,"10/22/2023 21:15",,https://www.facebook.com/reel/1368406108870318/,0,0,Reels,,,,,10/18/2023,0,,,,,,0,0,0,0,0,0.000,3.784
1043600310933343,100064197037125,"PC Merchandise","𝐢𝟑 𝟏𝟐𝟏𝟎𝟎𝐅 (𝟔𝐏𝐂𝐒) w/ 𝐑𝐗 𝟓𝟖𝟎
𝐆𝐀𝐌𝐈𝐍𝐆 𝐁𝐔𝐈𝐋𝐃
#PCMERCHANDISE #PCMBUILDS",,35,"10/22/2023 21:15",,https://www.facebook.com/reel/1368406108870318/,0,0,Reels,,,,,10/19/2023,0,,,,,,0,0,0,0,0,0.000,4.347
1043600310933343,100064197037125,"PC Merchandise","𝐢𝟑 𝟏𝟐𝟏𝟎𝟎𝐅 (𝟔𝐏𝐂𝐒) w/ 𝐑𝐗 𝟓𝟖𝟎
𝐆𝐀𝐌𝐈𝐍𝐆 𝐁𝐔𝐈𝐋𝐃
#PCMERCHANDISE #PCMBUILDS",,35,"10/22/2023 21:15",,https://www.facebook.com/reel/1368406108870318/,0,0,Reels,,,,,10/20/2023,0,,,,,,0,0,0,0,0,0.000,3.588
1043600310933343,100064197037125,"PC Merchandise","𝐢𝟑 𝟏𝟐𝟏𝟎𝟎𝐅 (𝟔𝐏𝐂𝐒) w/ 𝐑𝐗 𝟓𝟖𝟎
𝐆𝐀𝐌𝐈𝐍𝐆 𝐁𝐔𝐈𝐋𝐃
#PCMERCHANDISE #PCMBUILDS",,35,"10/22/2023 21:15",,https://www.facebook.com/reel/1368406108870318/,0,0,Reels,,,,,10/21/2023,0,,,,,,0,0,0,0,0,0.000,4.132
1043600310933343,100064197037125,"PC Merchandise","𝐢𝟑 𝟏𝟐𝟏𝟎𝟎𝐅 (𝟔𝐏𝐂𝐒) w/ 𝐑𝐗 𝟓𝟖𝟎
𝐆𝐀𝐌𝐈𝐍𝐆 𝐁𝐔𝐈𝐋𝐃
#PCMERCHANDISE #PCMBUILDS",,35,"10/22/2023 21:15",,https://www.facebook.com/reel/1368406108870318/,0,0,Reels,,,,,10/22/2023,0,,,,,,0,0,1,1,0,536.126,3.397
1043600310933343,100064197037125,"PC Merchandise","𝐢𝟑 𝟏𝟐𝟏𝟎𝟎𝐅 (𝟔𝐏𝐂𝐒) w/ 𝐑𝐗 𝟓𝟖𝟎
𝐆𝐀𝐌𝐈𝐍𝐆 𝐁𝐔𝐈𝐋𝐃
#PCMERCHANDISE #PCMBUILDS",,35,"10/22/2023 21:15",,https://www.facebook.com/reel/1368406108870318/,0,0,Reels,,,,,10/23/2023,0,,,,,,0,0,1,0,1,844.292,4.314
1043600310933343,100064197037125,"PC Merchandise","𝐢𝟑 𝟏𝟐𝟏𝟎𝟎𝐅 (𝟔𝐏𝐂𝐒) w/ 𝐑𝐗 𝟓𝟖𝟎
𝐆𝐀𝐌𝐈𝐍𝐆 𝐁𝐔𝐈𝐋𝐃
#PCMERCHANDISE #PCMBUILDS",,35,"10/22/2023 21:15",,https://www.facebook.com/reel/1368406108870318/,0,0,Reels,,,,,10/24/2023,0,,,,,,0,0,1,0,1,1019.330,2.718
1043600310933343,100064197037125,"PC Merchandise","𝐢𝟑 𝟏𝟐𝟏𝟎𝟎𝐅 (𝟔𝐏𝐂𝐒) w/ 𝐑𝐗 𝟓𝟖𝟎
𝐆𝐀𝐌𝐈𝐍𝐆 𝐁𝐔𝐈𝐋𝐃
#PCMERCHANDISE #PCMBUILDS",,35,"10/22/2023 21:15",,https://www.facebook.com/reel/1368406108870318/,0,0,Reels,,,,,10/25/2023,0,,,,,,0,0,0,0,0,382.853,3.320
1043600310933343,100064197037125,"PC Merchandise","𝐢𝟑 𝟏𝟐𝟏𝟎𝟎𝐅 (𝟔𝐏𝐂𝐒) w/ 𝐑𝐗 𝟓𝟖𝟎
𝐆𝐀𝐌𝐈𝐍𝐆 𝐁𝐔𝐈𝐋𝐃
#PCMERCHANDISE #PCMBUILDS",,35,"10/22/2023 21:15",,https://www.facebook.com/reel/1368406108870318/,0,0,Reels,,,,,10/26/2023,0,,,,,,0,0,0,0,0,373.240,4.248
1043600310933343,100064197037125,"PC Merchandise","𝐢𝟑 𝟏𝟐𝟏𝟎𝟎𝐅 (𝟔𝐏𝐂𝐒) w/ 𝐑𝐗 𝟓𝟖𝟎
𝐆𝐀𝐌𝐈𝐍𝐆 𝐁𝐔𝐈𝐋𝐃
#PCMERCHANDISE #PCMBUILDS",,35,"10/22/2023 21:15",,https://www.facebook.com/reel/1368406108870318/,0,0,Reels,,,,,10/27/2023,0,,,,,,0,0,0,0,0,231.188,4.234
1043600310933343,100064197037125,"PC Merchandise","𝐢𝟑 𝟏𝟐𝟏𝟎𝟎𝐅 (𝟔𝐏𝐂𝐒) w/ 𝐑𝐗 𝟓𝟖𝟎
𝐆𝐀𝐌𝐈𝐍𝐆 𝐁𝐔𝐈𝐋𝐃
#PCMERCHANDISE #PCMBUILDS",,35,"10/22/2023 21:15",,https://www.facebook.com/reel/1368406108870318/,0,0,Reels,,,,,10/28/2023,0,,,,,,0,0,0,0,0,125.922,3.655
1043600310933343,100064197037125,"PC Merchandise","𝐢𝟑 𝟏𝟐𝟏𝟎𝟎𝐅 (𝟔𝐏𝐂𝐒) w/ 𝐑𝐗 𝟓𝟖𝟎
𝐆𝐀𝐌𝐈𝐍𝐆 𝐁𝐔𝐈𝐋𝐃
#PCMERCHANDISE #PCMBUILDS",,35,"10/22/2023 21:15",,https://www.facebook.com/reel/1368406108870318/,0,0,Reels,,,,,10/29/2023,0,,,,,,0,0,0,0,0,132.496,3.486
1043600310933343,100064197037125,"PC Merchandise","𝐢𝟑 𝟏𝟐𝟏𝟎𝟎𝐅 (𝟔𝐏𝐂𝐒) w/ 𝐑𝐗 𝟓𝟖𝟎
𝐆𝐀𝐌𝐈𝐍𝐆 𝐁𝐔𝐈𝐋𝐃
#PCMERCHANDISE #PCMBUILDS",,35,"10/22/2023 21:15",,https://www.facebook.com/reel/1368406108870318/,0,0,Reels,,,,,10/30/2023,0,,,,,,0,0,0,0,0,162.975,3.541
1043600310933343,100064197037125,"PC Merchandise","𝐢𝟑 𝟏𝟐𝟏𝟎𝟎𝐅 (𝟔𝐏𝐂𝐒) w/ 𝐑𝐗 𝟓𝟖𝟎
𝐆𝐀𝐌𝐈𝐍𝐆 𝐁𝐔𝐈𝐋𝐃
#PCMERCHANDISE #PCMBUILDS",,35,"10/22/2023 21:15",,https://www.facebook.com/reel/1368406108870318/,0,0,Reels,,,,,10/31/2023,0,,,,,,0,0,0,0,0,147.727,4.102
1043180861380654,100064197037125,"PC Merchandise","READY STOCK: i3 12100F / RX 6600 builds. Same-day assembly. PM NOW!",,33,"10/22/2023 19:27",,https://www.facebook.com/reel/1259165648222286/,0,0,Reels,,,,,10/01/2023,0,,,,,,0,0,0,0,0,0.000,6.912
1043180861380654,100064197037125,"PC Merchandise","READY STOCK: i3 12100F / RX 6600 builds. Same-day assembly. PM NOW!",,33,"10/22/2023 19:27",,https://www.facebook.com/reel/1259165648222286/,0,0,Reels,,,,,10/02/2023,0,,,,,,0,0,0,0,0,0.000,8.285
1043180861380654,100064197037125,"PC Merchandise","READY STOCK: i3 12100F / RX 6600 builds. Same-day assembly. PM NOW!",,33,"10/22/2023 19:27",,https://www.facebook.com/reel/1259165648222286/,0,0,Reels,,,,,10/03/2023,0,,,,,,0,0,0,0,0,0.000,8.292
1043180861380654,100064197037125,"PC Merchandise","READY STOCK: i3 12100F / RX 6600 builds. Same-day assembly. PM NOW!",,33,"10/22/2023 19:27",,https://www.facebook.com/reel/1259165648222286/,0,0,Reels,,,,,10/04/2023,0,,,,,,0,0,0,0,0,0.000,8.115
1043180861380654,100064197037125,"PC Merchandise","READY STOCK: i3 12100F / RX 6600 builds. Same-day assembly. PM NOW!",,33,"10/22/2023 19:27",,https://www.facebook.com/reel/1259165648222286/,0,0,Reels,,,,,10/05/2023,0,,,,,,0,0,0,0,0,0.000,7.463
1043180861380654,100064197037125,"PC Merchandise","READY STOCK: i3 12100F / RX 6600 builds. Same-day assembly. PM NOW!",,33,"10/22/2023 19:27",,https://www.facebook.com/reel/1259165648222286/,0,0,Reels,,,,,10/06/2023,0,,,,,,0,0,0,0,0,0.000,7.190
1043180861380654,100064197037125,"PC Merchandise","READY STOCK: i3 12100F / RX 6600 builds. Same-day assembly. PM NOW!",,33,"10/22/2023 19:27",,https://www.facebook.com/reel/1259165648222286/,0,0,Reels,,,,,10/07/2023,0,,,,,,0,0,0,0,0,0.000,7.187
1043180861380654,100064197037125,"PC Merchandise","READY STOCK: i3 12100F / RX 6600 builds. Same-day assembly. PM NOW!",,33,"10/22/2023 19:27",,https://www.facebook.com/reel/1259165648222286/,0,0,Reels,,,,,10/08/2023,0,,,,,,0,0,0,0,0,0.000,6.120
1043180861380654,100064197037125,"PC Merchandise","READY STOCK: i3 12100F / RX 6600 builds. Same-day assembly. PM NOW!",,33,"10/22/2023 19:27",,https://www.facebook.com/reel/1259165648222286/,0,0,Reels,,,,,10/09/2023,0,,,,,,0,0,0,0,0,0.000,7.613
1043180861380654,100064197037125,"PC Merchandise","READY STOCK: i3 12100F / RX 6600 builds. Same-day assembly. PM NOW!",,33,"10/22/2023 19:27",,https://www.facebook.com/reel/1259165648222286/,0,0,Reels,,,,,10/10/2023,0,,,,,,0,0,0,0,0,0.000,5.522
1043180861380654,100064197037125,"PC Merchandise","READY STOCK: i3 12100F / RX 6600 builds. Same-day assembly. PM NOW!",,33,"10/22/2023 19:27",,https://www.facebook.com/reel/1259165648222286/,0,0,Reels,,,,,10/11/2023,0,,,,,,0,0,0,0,0,0.000,7.443
1043180861380654,100064197037125,"PC Merchandise","READY STOCK: i3 12100F / RX 6600 builds. Same-day assembly. PM NOW!",,33,"10/22/2023 19:27",,https://www.facebook.com/reel/1259165648222286/,0,0,Reels,,,,,10/12/2023,0,,,,,,0,0,0,0,0,0.000,5.965
1043180861380654,100064197037125,"PC Merchandise","READY STOCK: i3 12100F / RX 6600 builds. Same-day assembly. PM NOW!",,33,"10/22/2023 19:27",,https://www.facebook.com/reel/1259165648222286/,0,0,Reels,,,,,10/13/2023,0,,,,,,0,0,0,0,0,0.000,6.432
1043180861380654,100064197037125,"PC Merchandise","READY STOCK: i3 12100F / RX 6600 builds. Same-day assembly. PM NOW!",,33,"10/22/2023 19:27",,https://www.facebook.com/reel/1259165648222286/,0,0,Reels,,,,,10/14/2023,0,,,,,,0,0,0,0,0,0.000,7.762
1043180861380654,100064197037125,"PC Merchandise","READY STOCK: i3 12100F / RX 6600 builds. Same-day assembly. PM NOW!",,33,"10/22/2023 19:27",,https://www.facebook.com/reel/1259165648222286/,0,0,Reels,,,,,10/15/2023,0,,,,,,0,0,0,0,0,0.000,7.457
1043180861380654,100064197037125,"PC Merchandise","READY STOCK: i3 12100F / RX 6600 builds. Same-day assembly. PM NOW!",,33,"10/22/2023 19:27",,https://www.facebook.com/reel/1259165648222286/,0,0,Reels,,,,,10/16/2023,0,,,,,,0,0,0,0,0,0.000,7.465
1043180861380654,100064197037125,"PC Merchandise","READY STOCK: i3 12100F / RX 6600 builds. Same-day assembly. PM NOW!",,33,"10/22/2023 19:27",,https://www.facebook.com/reel/1259165648222286/,0,0,Reels,,,,,10/17/2023,0,,,,,,0,0,0,0,0,0.000,7.714
1043180861380654,100064197037125,"PC Merchandise","READY STOCK: i3 12100F / RX 6600 builds. Same-day assembly. PM NOW!",,33,"10/22/2023 19:27",,https://www.facebook.com/reel/1259165648222286/,0,0,Reels,,,,,10/18/2023,0,,,,,,0,0,0,0,0,0.000,7.360
1043180861380654,100064197037125,"PC Merchandise","READY STOCK: i3 12100F / RX 6600 builds. Same-day assembly. PM NOW!",,33,"10/22/2023 19:27",,https://www.facebook.com/reel/1259165648222286/,0,0,Reels,,,,,10/19/2023,0,,,,,,0,0,0,0,0,0.000,5.584
1043180861380654,100064197037125,"PC Merchandise","READY STOCK: i3 12100F / RX 6600 builds. Same-day assembly. PM NOW!",,33,"10/22/2023 19:27",,https://www.facebook.com/reel/1259165648222286/,0,0,Reels,,,,,10/20/2023,0,,,,,,0,0,0,0,0,0.000,7.330
1043180861380654,100064197037125,"PC Merchandise","READY STOCK: i3 12100F / RX 6600 builds. Same-day assembly. PM NOW!",,33,"10/22/2023 19:27",,https://www.facebook.com/reel/1259165648222286/,0,0,Reels,,,,,10/21/2023,0,,,,,,0,0,0,0,0,0.000,8.950
1043180861380654,100064197037125,"PC Merchandise","READY STOCK: i3 12100F / RX 6600 builds. Same-day assembly. PM NOW!",,33,"10/22/2023 19:27",,https://www.facebook.com/reel/1259165648222286/,0,0,Reels,,,,,10/22/2023,0,,,,,,0,0,0,0,0,287.696,6.717
1043180861380654,100064197037125,"PC Merchandise","READY STOCK: i3 12100F / RX 6600 builds. Same-day assembly. PM NOW!",,33,"10/22/2023 19:27",,https://www.facebook.com/reel/1259165648222286/,0,0,Reels,,,,,10/23/2023,0,,,,,,0,0,0,0,0,125.842,6.673
1043180861380654,100064197037125,"PC Merchandise","READY STOCK: i3 12100F / RX 6600 builds. Same-day assembly. PM NOW!",,33,"10/22/2023 19:27",,https://www.facebook.com/reel/1259165648222286/,0,0,Reels,,,,,10/24/2023,0,,,,,,0,0,0,0,0,216.329,6.772
1043180861380654,100064197037125,"PC Merchandise","READY STOCK: i3 12100F / RX 6600 builds. Same-day assembly. PM NOW!",,33,"10/22/2023 19:27",,https://www.facebook.com/reel/1259165648222286/,0,0,Reels,,,,,10/25/2023,0,,,,,,0,0,1,1,0,125.211,7.316
1043180861380654,100064197037125,"PC Merchandise","READY STOCK: i3 12100F / RX 6600 builds. Same-day assembly. PM NOW!",,33,"10/22/2023 19:27",,https://www.facebook.com/reel/1259165648222286/,0,0,Reels,,,,,10/26/2023,0,,,,,,0,0,1,1,0,83.154,7.462
1043180861380654,100064197037125,"PC Merchandise","READY STOCK: i3 12100F / RX 6600 builds. Same-day assembly. PM NOW!",,33,"10/22/2023 19:27",,https://www.facebook.com/reel/1259165648222286/,0,0,Reels,,,,,10/27/2023,0,,,,,,0,0,0,0,0,99.775,6.069
1043180861380654,100064197037125,"PC Merchandise","READY STOCK: i3 12100F / RX 6600 builds. Same-day assembly. PM NOW!",,33,"10/22/2023 19:27",,https://www.facebook.com/reel/1259165648222286/,0,0,Reels,,,,,10/28/2023,0,,,,,,0,0,0,0,0,114.917,7.451
1043180861380654,100064197037125,"PC Merchandise","READY STOCK: i3 12100F / RX 6600 builds. Same-day assembly. PM NOW!",,33,"10/22/2023 19:27",,https://www.facebook.com/reel/1259165648222286/,0,0,Reels,,,,,10/29/2023,0,,,,,,0,0,0,0,0,57.231,6.774
1043180861380654,100064197037125,"PC Merchandise","READY STOCK: i3 12100F / RX 6600 builds. Same-day assembly. PM NOW!",,33,"10/22/2023 19:27",,https://www.facebook.com/reel/1259165648222286/,0,0,Reels,,,,,10/30/2023,0,,,,,,0,0,0,0,0,56.560,6.357
1043180861380654,100064197037125,"PC Merchandise","READY STOCK: i3 12100F / RX 6600 builds. Same-day assembly. PM NOW!",,33,"10/22/2023 19:27",,https://www.facebook.com/reel/1259165648222286/,0,0,Reels,,,,,10/31/2023,0,,,,,,0,0,0,0,0,34.523,8.048
1043755510764916,100064197037125,"PC Merchandise","ito na po yung ghost project🥲",,72,"10/22/2023 19:21",mixed,https://www.facebook.com/reel/1907925072869493/,0,0,Reels,,,,,10/01/2023,0,,,,,,0,0,0,0,0,0.000,4.832
1043755510764916,100064197037125,"PC Merchandise","ito na po yung ghost project🥲",,72,"10/22/2023 19:21",mixed,https://www.facebook.com/reel/1907925072869493/,0,0,Reels,,,,,10/02/2023,0,,,,,,0,0,0,0,0,0.000,4.584
1043755510764916,100064197037125,"PC Merchandise","ito na po yung ghost project🥲",,72,"10/22/2023 19:21",mixed,https://www.facebook.com/reel/1907925072869493/,0,0,Reels,,,,,10/03/2023,0,,,,,,0,0,0,0,0,0.000,2.832
1043755510764916,100064197037125,"PC Merchandise","ito na po yung ghost project🥲",,72,"10/22/2023 19:21",mixed,https://www.facebook.com/reel/1907925072869493/,0,0,Reels,,,,,10/04/2023,0,,,,,,0,0,0,0,0,0.000,4.215
1043755510764916,100064197037125,"PC Merchandise","ito na po yung ghost project🥲",,72,"10/22/2023 19:21",mixed,https://www.facebook.com/reel/1907925072869493/,0,0,Reels,,,,,10/05/2023,0,,,,,,0,0,0,0,0,0.000,4.420
1043755510764916,100064197037125,"PC Merchandise","ito na po yung ghost project🥲",,72,"10/22/2023 19:21",mixed,https://www.facebook.com/reel/1907925072869493/,0,0,Reels,,,,,10/06/2023,0,,,,,,0,0,0,0,0,0.000,2.655
1043755510764916,100064197037125,"PC Merchandise","ito na po yung ghost project🥲",,72,"10/22/2023 19:21",mixed,https://www.facebook.com/reel/1907925072869493/,0,0,Reels,,,,,10/07/2023,0,,,,,,0,0,0,0,0,0.000,5.000
1043755510764916,100064197037125,"PC Merchandise","ito na po yung ghost project🥲",,72,"10/22/2023 19:21",mixed,https://www.facebook.com/reel/1907925072869493/,0,0,Reels,,,,,10/08/2023,0,,,,,,0,0,0,0,0,0.000,3.619
1043755510764916,100064197037125,"PC Merchandise","ito na po yung ghost project🥲",,72,"10/22/2023 19:21",mixed,https://www.facebook.com/reel/1907925072869493/,0,0,Reels,,,,,10/09/2023,0,,,,,,0,0,0,0,0,0.000,4.448
1043755510764916,100064197037125,"PC Merchandise","ito na po yung ghost project🥲",,72,"10/22/2023 19:21",mixed,https://www.facebook.com/reel/1907925072869493/,0,0,Reels,,,,,10/10/2023,0,,,,,,0,0,0,0,0,0.000,4.643
1043755510764916,100064197037125,"PC Merchandise","ito na po yung ghost project🥲",,72,"10/22/2023 19:21",mixed,https://www.facebook.com/reel/1907925072869493/,0,0,Reels,,,,,10/11/2023,0,,,,,,0,0,0,0,0,0.000,4.351
1043755510764916,100064197037125,"PC Merchandise","ito na po yung ghost project🥲",,72,"10/22/2023 19:21",mixed,https://www.facebook.com/reel/1907925072869493/,0,0,Reels,,,,,10/12/2023,0,,,,,,0,0,0,0,0,0.000,4.797
1043755510764916,100064197037125,"PC Merchandise","ito na po yung ghost project🥲",,72,"10/22/2023 19:21",mixed,https://www.facebook.com/reel/1907925072869493/,0,0,Reels,,,,,10/13/2023,0,,,,,,0,0,0,0,0,0.000,3.393
1043755510764916,100064197037125,"PC Merchandise","ito na po yung ghost project🥲",,72,"10/22/2023 19:21",mixed,https://www.facebook.com/reel/1907925072869493/,0,0,Reels,,,,,10/14/2023,0,,,,,,0,0,0,0,0,0.000,4.133
1043755510764916,100064197037125,"PC Merchandise","ito na po yung ghost project🥲",,72,"10/22/2023 19:21",mixed,https://www.facebook.com/reel/1907925072869493/,0,0,Reels,,,,,10/15/2023,0,,,,,,0,0,0,0,0,0.000,4.398
1043755510764916,100064197037125,"PC Merchandise","ito na po yung ghost project🥲",,72,"10/22/2023 19:21",mixed,https://www.facebook.com/reel/1907925072869493/,0,0,Reels,,,,,10/16/2023,0,,,,,,0,0,0,0,0,0.000,6.905
1043755510764916,100064197037125,"PC Merchandise","ito na po yung ghost project🥲",,72,"10/22/2023 19:21",mixed,https://www.facebook.com/reel/1907925072869493/,0,0,Reels,,,,,10/17/2023,0,,,,,,0,0,0,0,0,0.000,3.372
1043755510764916,100064197037125,"PC Merchandise","ito na po yung ghost project🥲",,72,"10/22/2023 19:21",mixed,https://www.facebook.com/reel/1907925072869493/,0,0,Reels,,,,,10/18/2023,0,,,,,,0,0,0,0,0,0.000,3.006
1043755510764916,100064197037125,"PC Merchandise","ito na po yung ghost project🥲",,72,"10/22/2023 19:21",mixed,https://www.facebook.com/reel/1907925072869493/,0,0,Reels,,,,,10/19/2023,0,,,,,,0,0,0,0,0,0.000,4.540
1043755510764916,100064197037125,"PC Merchandise","ito na po yung ghost project🥲",,72,"10/22/2023 19:21",mixed,https://www.facebook.com/reel/1907925072869493/,0,0,Reels,,,,,10/20/2023,0,,,,,,0,0,0,0,0,0.000,4.165
1043755510764916,100064197037125,"PC Merchandise","ito na po yung ghost project🥲",,72,"10/22/2023 19:21",mixed,https://www.facebook.com/reel/1907925072869493/,0,0,Reels,,,,,10/21/2023,0,,,,,,0,0,0,0,0,0.000,3.658
1043755510764916,100064197037125,"PC Merchandise","ito na po yung ghost project🥲",,72,"10/22/2023 19:21",mixed,https://www.facebook.com/reel/1907925072869493/,0,0,Reels,,,,,10/22/2023,0,,,,,,66,0,1,1,0,787.712,3.701
1043755510764916,100064197037125,"PC Merchandise","ito na po yung ghost project🥲",,72,"10/22/2023 19:21",mixed,https://www.facebook.com/reel/1907925072869493/,0,0,Reels,,,,,10/23/2023,0,,,,,,67,0,0,0,0,376.436,5.606
1043755510764916,100064197037125,"PC Merchandise","ito na po yung ghost project🥲",,72,"10/22/2023 19:21",mixed,https://www.facebook.com/reel/1907925072869493/,0,0,Reels,,,,,10/24/2023,0,,,,,,56,0,0,0,0,357.148,4.854
1043755510764916,100064197037125,"PC Merchandise","ito na po yung ghost project🥲",,72,"10/22/2023 19:21",mixed,https://www.facebook.com/reel/1907925072869493/,0,0,Reels,,,,,10/25/2023,0,,,,,,66,0,0,0,0,338.493,3.365
1043755510764916,100064197037125,"PC Merchandise","ito na po yung ghost project🥲",,72,"10/22/2023 19:21",mixed,https://www.facebook.com/reel/1907925072869493/,0,0,Reels,,,,,10/26/2023,0,,,,,,66,0,0,0,0,191.376,4.329
1043755510764916,100064197037125,"PC Merchandise","ito na po yung ghost project🥲",,72,"10/22/2023 19:21",mixed,https://www.facebook.com/reel/1907925072869493/,0,0,Reels,,,,,10/27/2023,0,,,,,,73,0,0,0,0,384.136,3.528
1043755510764916,100064197037125,"PC Merchandise","ito na po yung ghost project🥲",,72,"10/22/2023 19:21",mixed,https://www.facebook.com/reel/1907925072869493/,0,0,Reels,,,,,10/28/2023,0,,,,,,54,0,0,0,0,181.264,4.816
1043755510764916,100064197037125,"PC Merchandise","ito na po yung ghost project🥲",,72,"10/22/2023 19:21",mixed,https://www.facebook.com/reel/1907925072869493/,0,0,Reels,,,,,10/29/2023,0,,,,,,67,0,0,0,0,165.014,3.337
1043755510764916,100064197037125,"PC Merchandise","ito na po yung ghost project🥲",,72,"10/22/2023 19:21",mixed,https://www.facebook.com/reel/1907925072869493/,0,0,Reels,,,,,10/30/2023,0,,,,,,75,0,0,0,0,126.755,5.329
1043755510764916,100064197037125,"PC Merchandise","ito na po yung ghost project🥲",,72,"10/22/2023 19:21",mixed,https://www.facebook.com/reel/1907925072869493/,0,0,Reels,,,,,10/31/2023,0,,,,,,73,0,0,0,0,96.146,4.763
1043806416194003,100064197037125,"PC Merchandise","𝐀𝐌𝟓 𝐁𝐮𝐢𝐥𝐝 𝐋𝐢𝐦𝐢𝐭𝐞𝐝 𝐒𝐚𝐥𝐞! 🚨
Experience next-gen performance with our latest builds. PM for pricelist!",,57,"10/21/2023 21:15",,https://www.facebook.com/reel/1797830875037951/,0,0,Reels,,,,,10/01/2023,0,,,,,,0,0,0,0,0,0.000,3.414
1043806416194003,100064197037125,"PC Merchandise","𝐀𝐌𝟓 𝐁𝐮𝐢𝐥𝐝 𝐋𝐢𝐦𝐢𝐭𝐞𝐝 𝐒𝐚𝐥𝐞! 🚨
Experience next-gen performance with our latest builds. PM for pricelist!",,57,"10/21/2023 21:15",,https://www.facebook.com/reel/1797830875037951/,0,0,Reels,,,,,10/02/2023,0,,,,,,0,0,0,0,0,0.000,3.082
1043806416194003,100064197037125,"PC Merchandise","𝐀𝐌𝟓 𝐁𝐮𝐢𝐥𝐝 𝐋𝐢𝐦𝐢𝐭𝐞𝐝 𝐒𝐚𝐥𝐞! 🚨
Experience next-gen performance with our latest builds. PM for pricelist!",,57,"10/21/2023 21:15",,https://www.facebook.com/reel/1797830875037951/,0,0,Reels,,,,,10/03/2023,0,,,,,,0,0,0,0,0,0.000,4.065
1043806416194003,100064197037125,"PC Merchandise","𝐀𝐌𝟓 𝐁𝐮𝐢𝐥𝐝 𝐋𝐢𝐦𝐢𝐭𝐞𝐝 𝐒𝐚𝐥𝐞! 🚨
Experience next-gen performance with our latest builds. PM for pricelist!",,57,"10/21/2023 21:15",,https://www.facebook.com/reel/1797830875037951/,0,0,Reels,,,,,10/04/2023,0,,,,,,0,0,0,0,0,0.000,3.504
1043806416194003,100064197037125,"PC Merchandise","𝐀𝐌𝟓 𝐁𝐮𝐢𝐥𝐝 𝐋𝐢𝐦𝐢𝐭𝐞𝐝 𝐒𝐚𝐥𝐞! 🚨
Experience next-gen performance with our latest builds. PM for pricelist!",,57,"10/21/2023 21:15",,https://www.facebook.com/reel/1797830875037951/,0,0,Reels,,,,,10/05/2023,0,,,,,,0,0,0,0,0,0.000,3.446
1043806416194003,100064197037125,"PC Merchandise","𝐀𝐌𝟓 𝐁𝐮𝐢𝐥𝐝 𝐋𝐢𝐦𝐢𝐭𝐞𝐝 𝐒𝐚𝐥𝐞! 🚨
Experience next-gen performance with our latest builds. PM for pricelist!",,57,"10/21/2023 21:15",,https://www.facebook.com/reel/1797830875037951/,0,0,Reels,,,,,10/06/2023,0,,,,,,0,0,0,0,0,0.000,3.721
1043806416194003,100064197037125,"PC Merchandise","𝐀𝐌𝟓 𝐁𝐮𝐢𝐥𝐝 𝐋𝐢𝐦𝐢𝐭𝐞𝐝 𝐒𝐚𝐥𝐞! 🚨
Experience next-gen performance with our latest builds. PM for pricelist!",,57,"10/21/2023 21:15",,https://www.facebook.com/reel/1797830875037951/,0,0,Reels,,,,,10/07/2023,0,,,,,,0,0,0,0,0,0.000,4.594
1043806416194003,100064197037125,"PC Merchandise","𝐀𝐌𝟓 𝐁𝐮𝐢𝐥𝐝 𝐋𝐢𝐦𝐢𝐭𝐞𝐝 𝐒𝐚𝐥𝐞! 🚨
Experience next-gen performance with our latest builds. PM for pricelist!",,57,"10/21/2023 21:15",,https://www.facebook.com/reel/1797830875037951/,0,0,Reels,,,,,10/08/2023,0,,,,,,0,0,0,0,0,0.000,4.230
1043806416194003,100064197037125,"PC Merchandise","𝐀𝐌𝟓 𝐁𝐮𝐢𝐥𝐝 𝐋𝐢𝐦𝐢𝐭𝐞𝐝 𝐒𝐚𝐥𝐞! 🚨
Experience next-gen performance with our latest builds. PM for pricelist!",,57,"10/21/2023 21:15",,https://www.facebook.com/reel/1797830875037951/,0,0,Reels,,,,,10/09/2023,0,,,,,,0,0,0,0,0,0.000,3.302
1043806416194003,100064197037125,"PC Merchandise","𝐀𝐌𝟓 𝐁𝐮𝐢𝐥𝐝 𝐋𝐢𝐦𝐢𝐭𝐞𝐝 𝐒𝐚𝐥𝐞! 🚨
Experience next-gen performance with our latest builds. PM for pricelist!",,57,"10/21/2023 21:15",,https://www.facebook.com/reel/1797830875037951/,0,0,Reels,,,,,10/10/2023,0,,,,,,0,0,0,0,0,0.000,3.315
1043806416194003,100064197037125,"PC Merchandise","𝐀𝐌𝟓 𝐁𝐮𝐢𝐥𝐝 𝐋𝐢𝐦𝐢𝐭𝐞𝐝 𝐒𝐚𝐥𝐞! 🚨
Experience next-gen performance with our latest builds. PM for pricelist!",,57,"10/21/2023 21:15",,https://www.facebook.com/reel/1797830875037951/,0,0,Reels,,,,,10/11/2023,0,,,,,,0,0,0,0,0,0.000,2.970
1043806416194003,100064197037125,"PC Merchandise","𝐀𝐌𝟓 𝐁𝐮𝐢𝐥𝐝 𝐋𝐢𝐦𝐢𝐭𝐞𝐝 𝐒𝐚𝐥𝐞! 🚨
Experience next-gen performance with our latest builds. PM for pricelist!",,57,"10/21/2023 21:15",,https://www.facebook.com/reel/1797830875037951/,0,0,Reels,,,,,10/12/2023,0,,,,,,0,0,0,0,0,0.000,2.895
1043806416194003,100064197037125,"PC Merchandise","𝐀𝐌𝟓 𝐁𝐮𝐢𝐥𝐝 𝐋𝐢𝐦𝐢𝐭𝐞𝐝 𝐒𝐚𝐥𝐞! 🚨
Experience next-gen performance with our latest builds. PM for pricelist!",,57,"10/21/2023 21:15",,https://www.facebook.com/reel/1797830875037951/,0,0,Reels,,,,,10/13/2023,0,,,,,,0,0,0,0,0,0.000,3.026
1043806416194003,100064197037125,"PC Merchandise","𝐀𝐌𝟓 𝐁𝐮𝐢𝐥𝐝 𝐋𝐢𝐦𝐢𝐭𝐞𝐝 𝐒𝐚𝐥𝐞! 🚨
Experience next-gen performance with our latest builds. PM for pricelist!",,57,"10/21/2023 21:15",,https://www.facebook.com/reel/1797830875037951/,0,0,Reels,,,,,10/14/2023,0,,,,,,0,0,0,0,0,0.000,2.438
1043806416194003,100064197037125,"PC Merchandise","𝐀𝐌𝟓 𝐁𝐮𝐢𝐥𝐝 𝐋𝐢𝐦𝐢𝐭𝐞𝐝 𝐒𝐚𝐥𝐞! 🚨
Experience next-gen performance with our latest builds. PM for pricelist!",,57,"10/21/2023 21:15",,https://www.facebook.com/reel/1797830875037951/,0,0,Reels,,,,,10/15/2023,0,,,,,,0,0,0,0,0,0.000,4.530
1043806416194003,100064197037125,"PC Merchandise","𝐀𝐌𝟓 𝐁𝐮𝐢𝐥𝐝 𝐋𝐢𝐦𝐢𝐭𝐞𝐝 𝐒𝐚𝐥𝐞! 🚨
Experience next-gen performance with our latest builds. PM for pricelist!",,57,"10/21/2023 21:15",,https://www.facebook.com/reel/1797830875037951/,0,0,Reels,,,,,10/16/2023,0,,,,,,0,0,0,0,0,0.000,2.519
1043806416194003,100064197037125,"PC Merchandise","𝐀𝐌𝟓 𝐁𝐮𝐢𝐥𝐝 𝐋𝐢𝐦𝐢𝐭𝐞𝐝 𝐒𝐚𝐥𝐞! 🚨
Experience next-gen performance with our latest builds. PM for pricelist!",,57,"10/21/2023 21:15",,https://www.facebook.com/reel/1797830875037951/,0,0,Reels,,,,,10/17/2023,0,,,,,,0,0,0,0,0,0.000,2.866
1043806416194003,100064197037125,"PC Merchandise","𝐀𝐌𝟓 𝐁𝐮𝐢𝐥𝐝 𝐋𝐢𝐦𝐢𝐭𝐞𝐝 𝐒𝐚𝐥𝐞! 🚨
Experience next-gen performance with our latest builds. PM for pricelist!",,57,"10/21/2023 21:15",,https://www.facebook.com/reel/1797830875037951/,0,0,Reels,,,,,10/18/2023,0,,,,,,0,0,0,0,0,0.000,3.673
1043806416194003,100064197037125,"PC Merchandise","𝐀𝐌𝟓 𝐁𝐮𝐢𝐥𝐝 𝐋𝐢𝐦𝐢𝐭𝐞𝐝 𝐒𝐚𝐥𝐞! 🚨
Experience next-gen performance with our latest builds. PM for pricelist!",,57,"10/21/2023 21:15",,https://www.facebook.com/reel/1797830875037951/,0,0,Reels,,,,,10/19/2023,0,,,,,,0,0,0,0,0,0.000,4.680
1043806416194003,100064197037125,"PC Merchandise","𝐀𝐌𝟓 𝐁𝐮𝐢𝐥𝐝 𝐋𝐢𝐦𝐢𝐭𝐞𝐝 𝐒𝐚𝐥𝐞! 🚨
Experience next-gen performance with our latest builds. PM for pricelist!",,57,"10/21/2023 21:15",,https://www.facebook.com/reel/1797830875037951/,0,0,Reels,,,,,10/20/2023,0,,,,,,0,0,0,0,0,0.000,3.602
1043806416194003,100064197037125,"PC Merchandise","𝐀𝐌𝟓 𝐁𝐮𝐢𝐥𝐝 𝐋𝐢𝐦𝐢𝐭𝐞𝐝 𝐒𝐚𝐥𝐞! 🚨
Experience next-gen performance with our latest builds. PM for pricelist!",,57,"10/21/2023 21:15",,https://www.facebook.com/reel/1797830875037951/,0,0,Reels,,,,,10/21/2023,0,,,,,,158,0,2,2,0,1073.929,4.633
1043806416194003,100064197037125,"PC Merchandise","𝐀𝐌𝟓 𝐁𝐮𝐢𝐥𝐝 𝐋𝐢𝐦𝐢𝐭𝐞𝐝 𝐒𝐚𝐥𝐞! 🚨
Experience next-gen performance with our latest builds. PM for pricelist!",,57,"10/21/2023 21:15",,https://www.facebook.com/reel/1797830875037951/,0,0,Reels,,,,,10/22/2023,0,,,,,,128,0,1,1,0,1240.702,4.054
1043806416194003,100064197037125,"PC Merchandise","𝐀𝐌𝟓 𝐁𝐮𝐢𝐥𝐝 𝐋𝐢𝐦𝐢𝐭𝐞𝐝 𝐒𝐚𝐥𝐞! 🚨
Experience next-gen performance with our latest builds. PM for pricelist!",,57,"10/21/2023 21:15",,https://www.facebook.com/reel/1797830875037951/,0,0,Reels,,,,,10/23/2023,0,,,,,,125,0,0,0,0,786.994,4.232
1043806416194003,100064197037125,"PC Merchandise","𝐀𝐌𝟓 𝐁𝐮𝐢𝐥𝐝 𝐋𝐢𝐦𝐢𝐭𝐞𝐝 𝐒𝐚𝐥𝐞! 🚨
Experience next-gen performance with our latest builds. PM for pricelist!",,57,"10/21/2023 21:15",,https://www.facebook.com/reel/1797830875037951/,0,0,Reels,,,,,10/24/2023,0,,,,,,134,0,0,0,0,544.886,4.439
1043806416194003,100064197037125,"PC Merchandise","𝐀𝐌𝟓 𝐁𝐮𝐢𝐥𝐝 𝐋𝐢𝐦𝐢𝐭𝐞𝐝 𝐒𝐚𝐥𝐞! 🚨
Experience next-gen performance with our latest builds. PM for pricelist!",,57,"10/21/2023 21:15",,https://www.facebook.com/reel/1797830875037951/,0,0,Reels,,,,,10/25/2023,0,,,,,,149,0,0,0,0,252.043,5.010
1043806416194003,100064197037125,"PC Merchandise","𝐀𝐌𝟓 𝐁𝐮𝐢𝐥𝐝 𝐋𝐢𝐦𝐢𝐭𝐞𝐝 𝐒𝐚𝐥𝐞! 🚨
Experience next-gen performance with our latest builds. PM for pricelist!",,57,"10/21/2023 21:15",,https://www.facebook.com/reel/1797830875037951/,0,0,Reels,,,,,10/26/2023,0,,,,,,0,0,0,0,0,214.498,3.670
1043806416194003,100064197037125,"PC Merchandise","𝐀𝐌𝟓 𝐁𝐮𝐢𝐥𝐝 𝐋𝐢𝐦𝐢𝐭𝐞𝐝 𝐒𝐚𝐥𝐞! 🚨
Experience next-gen performance with our latest builds. PM for pricelist!",,57,"10/21/2023 21:15",,https://www.facebook.com/reel/1797830875037951/,0,0,Reels,,,,,10/27/2023,0,,,,,,0,0,0,0,0,129.215,4.833
1043806416194003,100064197037125,"PC Merchandise","𝐀𝐌𝟓 𝐁𝐮𝐢𝐥𝐝 𝐋𝐢𝐦𝐢𝐭𝐞𝐝 𝐒𝐚𝐥𝐞! 🚨
Experience next-gen performance with our latest builds. PM for pricelist!",,57,"10/21/2023 21:15",,https://www.facebook.com/reel/1797830875037951/,0,0,Reels,,,,,10/28/2023,0,,,,,,0,0,0,0,0,171.318,3.376
1043806416194003,100064197037125,"PC Merchandise","𝐀𝐌𝟓 𝐁𝐮𝐢𝐥𝐝 𝐋𝐢𝐦𝐢𝐭𝐞𝐝 𝐒𝐚𝐥𝐞! 🚨
Experience next-gen performance with our latest builds. PM for pricelist!",,57,"10/21/2023 21:15",,https://www.facebook.com/reel/1797830875037951/,0,0,Reels,,,,,10/29/2023,0,,,,,,0,0,0,0,0,65.694,3.519
1043806416194003,100064197037125,"PC Merchandise","𝐀𝐌𝟓 𝐁𝐮𝐢𝐥𝐝 𝐋𝐢𝐦𝐢𝐭𝐞𝐝 𝐒𝐚𝐥𝐞! 🚨
Experience next-gen performance with our latest builds. PM for pricelist!",,57,"10/21/2023 21:15",,https://www.facebook.com/reel/1797830875037951/,0,0,Reels,,,,,10/30/2023,0,,,,,,0,0,0,0,0,149.734,4.801
1043806416194003,100064197037125,"PC Merchandise","𝐀𝐌𝟓 𝐁𝐮𝐢𝐥𝐝 𝐋𝐢𝐦𝐢𝐭𝐞𝐝 𝐒𝐚𝐥𝐞! 🚨
Experience next-gen performance with our latest builds. PM for pricelist!",,57,"10/21/2023 21:15",,https://www.facebook.com/reel/1797830875037951/,0,0,Reels,,,,,10/31/2023,0,,,,,,0,0,0,0,0,172.638,3.738
1043111018070943,100064197037125,"PC Merchandise","One more rig complete. One more client satisfied. Built with RYZEN 5 4600G + RTX 3050. PM us for yours!",,51,"10/21/2023 19:30",uploaded,https://www.facebook.com/reel/1336215788537771/,0,0,Reels,,,,,10/01/2023,0,,,,,,0,0,0,0,0,0.000,5.180
1043111018070943,100064197037125,"PC Merchandise","One more rig complete. One more client satisfied. Built with RYZEN 5 4600G + RTX 3050. PM us for yours!",,51,"10/21/2023 19:30",uploaded,https://www.facebook.com/reel/1336215788537771/,0,0,Reels,,,,,10/02/2023,0,,,,,,0,0,0,0,0,0.000,5.377
1043111018070943,100064197037125,"PC Merchandise","One more rig complete. One more client satisfied. Built with RYZEN 5 4600G + RTX 3050. PM us for yours!",,51,"10/21/2023 19:30",uploaded,https://www.facebook.com/reel/1336215788537771/,0,0,Reels,,,,,10/03/2023,0,,,,,,0,0,0,0,0,0.000,5.023
1043111018070943,100064197037125,"PC Merchandise","One more rig complete. One more client satisfied. Built with RYZEN 5 4600G + RTX 3050. PM us for yours!",,51,"10/21/2023 19:30",uploaded,https://www.facebook.com/reel/1336215788537771/,0,0,Reels,,,,,10/04/2023,0,,,,,,0,0,0,0,0,0.000,4.992
1043111018070943,100064197037125,"PC Merchandise","One more rig complete. One more client satisfied. Built with RYZEN 5 4600G + RTX 3050. PM us for yours!",,51,"10/21/2023 19:30",uploaded,https://www.facebook.com/reel/1336215788537771/,0,0,Reels,,,,,10/05/2023,0,,,,,,0,0,0,0,0,0.000,5.228
1043111018070943,100064197037125,"PC Merchandise","One more rig complete. One more client satisfied. Built with RYZEN 5 4600G + RTX 3050. PM us for yours!",,51,"10/21/2023 19:30",uploaded,https://www.facebook.com/reel/1336215788537771/,0,0,Reels,,,,,10/06/2023,0,,,,,,0,0,0,0,0,0.000,5.890
1043111018070943,100064197037125,"PC Merchandise","One more rig complete. One more client satisfied. Built with RYZEN 5 4600G + RTX 3050. PM us for yours!",,51,"10/21/2023 19:30",uploaded,https://www.facebook.com/reel/1336215788537771/,0,0,Reels,,,,,10/07/2023,0,,,,,,0,0,0,0,0,0.000,5.180
1043111018070943,100064197037125,"PC Merchandise","One more rig complete. One more client satisfied. Built with RYZEN 5 4600G + RTX 3050. PM us for yours!",,51,"10/21/2023 19:30",uploaded,https://www.facebook.com/reel/1336215788537771/,0,0,Reels,,,,,10/08/2023,0,,,,,,0,0,0,0,0,0.000,5.744
1043111018070943,100064197037125,"PC Merchandise","One more rig complete. One more client satisfied. Built with RYZEN 5 4600G + RTX 3050. PM us for yours!",,51,"10/21/2023 19:30",uploaded,https://www.facebook.com/reel/1336215788537771/,0,0,Reels,,,,,10/09/2023,0,,,,,,0,0,0,0,0,0.000,3.534
1043111018070943,100064197037125,"PC Merchandise","One more rig complete. One more client satisfied. Built with RYZEN 5 4600G + RTX 3050. PM us for yours!",,51,"10/21/2023 19:30",uploaded,https://www.facebook.com/reel/1336215788537771/,0,0,Reels,,,,,10/10/2023,0,,,,,,0,0,0,0,0,0.000,4.834
1043111018070943,100064197037125,"PC Merchandise","One more rig complete. One more client satisfied. Built with RYZEN 5 4600G + RTX 3050. PM us for yours!",,51,"10/21/2023 19:30",uploaded,https://www.facebook.com/reel/1336215788537771/,0,0,Reels,,,,,10/11/2023,0,,,,,,0,0,0,0,0,0.000,5.882
1043111018070943,100064197037125,"PC Merchandise","One more rig complete. One more client satisfied. Built with RYZEN 5 4600G + RTX 3050. PM us for yours!",,51,"10/21/2023 19:30",uploaded,https://www.facebook.com/reel/1336215788537771/,0,0,Reels,,,,,10/12/2023,0,,,,,,0,0,0,0,0,0.000,4.899
1043111018070943,100064197037125,"PC Merchandise","One more rig complete. One more client satisfied. Built with RYZEN 5 4600G + RTX 3050. PM us for yours!",,51,"10/21/2023 19:30",uploaded,https://www.facebook.com/reel/1336215788537771/,0,0,Reels,,,,,10/13/2023,0,,,,,,0,0,0,0,0,0.000,5.730
1043111018070943,100064197037125,"PC Merchandise","One more rig complete. One more client satisfied. Built with RYZEN 5 4600G + RTX 3050. PM us for yours!",,51,"10/21/2023 19:30",uploaded,https://www.facebook.com/reel/1336215788537771/,0,0,Reels,,,,,10/14/2023,0,,,,,,0,0,0,0,0,0.000,4.793
1043111018070943,100064197037125,"PC Merchandise","One more rig complete. One more client satisfied. Built with RYZEN 5 4600G + RTX 3050. PM us for yours!",,51,"10/21/2023 19:30",uploaded,https://www.facebook.com/reel/1336215788537771/,0,0,Reels,,,,,10/15/2023,0,,,,,,0,0,0,0,0,0.000,4.809
1043111018070943,100064197037125,"PC Merchandise","One more rig complete. One more client satisfied. Built with RYZEN 5 4600G + RTX 3050. PM us for yours!",,51,"10/21/2023 19:30",uploaded,https://www.facebook.com/reel/1336215788537771/,0,0,Reels,,,,,10/16/2023,0,,,,,,0,0,0,0,0,0.000,4.011
1043111018070943,100064197037125,"PC Merchandise","One more rig complete. One more client satisfied. Built with RYZEN 5 4600G + RTX 3050. PM us for yours!",,51,"10/21/2023 19:30",uploaded,https://www.facebook.com/reel/1336215788537771/,0,0,Reels,,,,,10/17/2023,0,,,,,,0,0,0,0,0,0.000,4.057
1043111018070943,100064197037125,"PC Merchandise","One more rig complete. One more client satisfied. Built with RYZEN 5 4600G + RTX 3050. PM us for yours!",,51,"10/21/2023 19:30",uploaded,https://www.facebook.com/reel/1336215788537771/,0,0,Reels,,,,,10/18/2023,0,,,,,,0,0,0,0,0,0.000,4.275
1043111018070943,100064197037125,"PC Merchandise","One more rig complete. One more client satisfied. Built with RYZEN 5 4600G + RTX 3050. PM us for yours!",,51,"10/21/2023 19:30",uploaded,https://www.facebook.com/reel/1336215788537771/,0,0,Reels,,,,,10/19/2023,0,,,,,,0,0,0,0,0,0.000,4.994
1043111018070943,100064197037125,"PC Merchandise","One more rig complete. One more client satisfied. Built with RYZEN 5 4600G + RTX 3050. PM us for yours!",,51,"10/21/2023 19:30",uploaded,https://www.facebook.com/reel/1336215788537771/,0,0,Reels,,,,,10/20/2023,0,,,,,,0,0,0,0,0,0.000,4.532
1043111018070943,100064197037125,"PC Merchandise","One more rig complete. One more client satisfied. Built with RYZEN 5 4600G + RTX 3050. PM us for yours!",,51,"10/21/2023 19:30",uploaded,https://www.facebook.com/reel/1336215788537771/,0,0,Reels,,,,,10/21/2023,0,,,,,,0,0,0,0,0,84.086,5.193
1043111018070943,100064197037125,"PC Merchandise","One more rig complete. One more client satisfied. Built with RYZEN 5 4600G + RTX 3050. PM us for yours!",,51,"10/21/2023 19:30",uploaded,https://www.facebook.com/reel/1336215788537771/,0,0,Reels,,,,,10/22/2023,0,,,,,,0,0,0,0,0,70.726,4.588
1043111018070943,100064197037125,"PC Merchandise","One more rig complete. One more client satisfied. Built with RYZEN 5 4600G + RTX 3050. PM us for yours!",,51,"10/21/2023 19:30",uploaded,https://www.facebook.com/reel/1336215788537771/,0,0,Reels,,,,,10/23/2023,0,,,,,,0,0,0,0,0,25.763,3.710
1043111018070943,100064197037125,"PC Merchandise","One more rig complete. One more client satisfied. Built with RYZEN 5 4600G + RTX 3050. PM us for yours!",,51,"10/21/2023 19:30",uploaded,https://www.facebook.com/reel/1336215788537771/,0,0,Reels,,,,,10/24/2023,0,,,,,,0,0,0,0,0,39.108,6.293
1043111018070943,100064197037125,"PC Merchandise","One more rig complete. One more client satisfied. Built with RYZEN 5 4600G + RTX 3050. PM us for yours!",,51,"10/21/2023 19:30",uploaded,https://www.facebook.com/reel/1336215788537771/,0,0,Reels,,,,,10/25/2023,0,,,,,,0,0,1,1,0,23.734,4.778
1043111018070943,100064197037125,"PC Merchandise","One more rig complete. One more client satisfied. Built with RYZEN 5 4600G + RTX 3050. PM us for yours!",,51,"10/21/2023 19:30",uploaded,https://www.facebook.com/reel/1336215788537771/,0,0,Reels,,,,,10/26/2023,0,,,,,,0,0,0,0,0,49.493,4.910
1043111018070943,100064197037125,"PC Merchandise","One more rig complete. One more client satisfied. Built with RYZEN 5 4600G + RTX 3050. PM us for yours!",,51,"10/21/2023 19:30",uploaded,https://www.facebook.com/reel/1336215788537771/,0,0,Reels,,,,,10/27/2023,0,,,,,,0,0,0,0,0,11.756,5.563
1043111018070943,100064197037125,"PC Merchandise","One more rig complete. One more client satisfied. Built with RYZEN 5 4600G + RTX 3050. PM us for yours!",,51,"10/21/2023 19:30",uploaded,https://www.facebook.com/reel/1336215788537771/,0,0,Reels,,,,,10/28/2023,0,,,,,,0,0,0,0,0,15.711,4.744
1043111018070943,100064197037125,"PC Merchandise","One more rig complete. One more client satisfied. Built with RYZEN 5 4600G + RTX 3050. PM us for yours!",,51,"10/21/2023 19:30",uploaded,https://www.facebook.com/reel/1336215788537771/,0,0,Reels,,,,,10/29/2023,0,,,,,,0,0,0,0,0,25.268,4.422
1043111018070943,100064197037125,"PC Merchandise","One more rig complete. One more client satisfied. Built with RYZEN 5 4600G + RTX 3050. PM us for yours!",,51,"10/21/2023 19:30",uploaded,https://www.facebook.com/reel/1336215788537771/,0,0,Reels,,,,,10/30/2023,0,,,,,,0,0,0,0,0,13.871,5.305
1043111018070943,100064197037125,"PC Merchandise","One more rig complete. One more client satisfied. Built with RYZEN 5 4600G + RTX 3050. PM us for yours!",,51,"10/21/2023 19:30",uploaded,https://www.facebook.com/reel/1336215788537771/,0,0,Reels,,,,,10/31/2023,0,,,,,,0,0,0,0,0,9.591,5.773
1043717886133122,100064197037125,"PC Merchandise","ito na po yung ghost project🥲",,63,"10/20/2023 19:11",mixed,https://www.facebook.com/reel/1932971733411678/,0,0,Reels,,,,,10/01/2023,0,,,,,,0,0,0,0,0,0.000,3.676
1043717886133122,100064197037125,"PC Merchandise","ito na po yung ghost project🥲",,63,"10/20/2023 19:11",mixed,https://www.facebook.com/reel/1932971733411678/,0,0,Reels,,,,,10/02/2023,0,,,,,,0,0,0,0,0,0.000,4.244
1043717886133122,100064197037125,"PC Merchandise","ito na po yung ghost project🥲",,63,"10/20/2023 19:11",mixed,https://www.facebook.com/reel/1932971733411678/,0,0,Reels,,,,,10/03/2023,0,,,,,,0,0,0,0,0,0.000,5.421
1043717886133122,100064197037125,"PC Merchandise","ito na po yung ghost project🥲",,63,"10/20/2023 19:11",mixed,https://www.facebook.com/reel/1932971733411678/,0,0,Reels,,,,,10/04/2023,0,,,,,,0,0,0,0,0,0.000,3.338
1043717886133122,100064197037125,"PC Merchandise","ito na po yung ghost project🥲",,63,"10/20/2023 19:11",mixed,https://www.facebook.com/reel/1932971733411678/,0,0,Reels,,,,,10/05/2023,0,,,,,,0,0,0,0,0,0.000,3.363
1043717886133122,100064197037125,"PC Merchandise","ito na po yung ghost project🥲",,63,"10/20/2023 19:11",mixed,https://www.facebook.com/reel/1932971733411678/,0,0,Reels,,,,,10/06/2023,0,,,,,,0,0,0,0,0,0.000,4.480
1043717886133122,100064197037125,"PC Merchandise","ito na po yung ghost project🥲",,63,"10/20/2023 19:11",mixed,https://www.facebook.com/reel/1932971733411678/,0,0,Reels,,,,,10/07/2023,0,,,,,,0,0,0,0,0,0.000,4.980
1043717886133122,100064197037125,"PC Merchandise","ito na po yung ghost project🥲",,63,"10/20/2023 19:11",mixed,https://www.facebook.com/reel/1932971733411678/,0,0,Reels,,,,,10/08/2023,0,,,,,,0,0,0,0,0,0.000,4.733
1043717886133122,100064197037125,"PC Merchandise","ito na po yung ghost project🥲",,63,"10/20/2023 19:11",mixed,https://www.facebook.com/reel/1932971733411678/,0,0,Reels,,,,,10/09/2023,0,,,,,,0,0,0,0,0,0.000,5.587
1043717886133122,100064197037125,"PC Merchandise","ito na po yung ghost project🥲",,63,"10/20/2023 19:11",mixed,https://www.facebook.com/reel/1932971733411678/,0,0,Reels,,,,,10/10/2023,0,,,,,,0,0,0,0,0,0.000,3.786
1043717886133122,100064197037125,"PC Merchandise","ito na po yung ghost project🥲",,63,"10/20/2023 19:11",mixed,https://www.facebook.com/reel/1932971733411678/,0,0,Reels,,,,,10/11/2023,0,,,,,,0,0,0,0,0,0.000,3.279
1043717886133122,100064197037125,"PC Merchandise","ito na po yung ghost project🥲",,63,"10/20/2023 19:11",mixed,https://www.facebook.com/reel/1932971733411678/,0,0,Reels,,,,,10/12/2023,0,,,,,,0,0,0,0,0,0.000,3.480
1043717886133122,100064197037125,"PC Merchandise","ito na po yung ghost project🥲",,63,"10/20/2023 19:11",mixed,https://www.facebook.com/reel/1932971733411678/,0,0,Reels,,,,,10/13/2023,0,,,,,,0,0,0,0,0,0.000,4.470
1043717886133122,100064197037125,"PC Merchandise","ito na po yung ghost project🥲",,63,"10/20/2023 19:11",mixed,https://www.facebook.com/reel/1932971733411678/,0,0,Reels,,,,,10/14/2023,0,,,,,,0,0,0,0,0,0.000,4.917
1043717886133122,100064197037125,"PC Merchandise","ito na po yung ghost project🥲",,63,"10/20/2023 19:11",mixed,https://www.facebook.com/reel/1932971733411678/,0,0,Reels,,,,,10/15/2023,0,,,,,,0,0,0,0,0,0.000,3.340
1043717886133122,100064197037125,"PC Merchandise","ito na po yung ghost project🥲",,63,"10/20/2023 19:11",mixed,https://www.facebook.com/reel/1932971733411678/,0,0,Reels,,,,,10/16/2023,0,,,,,,0,0,0,0,0,0.000,3.615
1043717886133122,100064197037125,"PC Merchandise","ito na po yung ghost project🥲",,63,"10/20/2023 19:11",mixed,https://www.facebook.com/reel/1932971733411678/,0,0,Reels,,,,,10/17/2023,0,,,,,,0,0,0,0,0,0.000,4.599
1043717886133122,100064197037125,"PC Merchandise","ito na po yung ghost project🥲",,63,"10/20/2023 19:11",mixed,https://www.facebook.com/reel/1932971733411678/,0,0,Reels,,,,,10/18/2023,0,,,,,,0,0,0,0,0,0.000,4.454
1043717886133122,100064197037125,"PC Merchandise","ito na po yung ghost project🥲",,63,"10/20/2023 19:11",mixed,https://www.facebook.com/reel/1932971733411678/,0,0,Reels,,,,,10/19/2023,0,,,,,,0,0,0,0,0,0.000,5.994
1043717886133122,100064197037125,"PC Merchandise","ito na po yung ghost project🥲",,63,"10/20/2023 19:11",mixed,https://www.facebook.com/reel/1932971733411678/,0,0,Reels,,,,,10/20/2023,0,,,,,,19,0,0,0,0,256.974,4.403
1043717886133122,100064197037125,"PC Merchandise","ito na po yung ghost project🥲",,63,"10/20/2023 19:11",mixed,https://www.facebook.com/reel/1932971733411678/,0,0,Reels,,,,,10/21/2023,0,,,,,,23,0,0,0,0,354.916,2.648
1043717886133122,100064197037125,"PC Merchandise","ito na po yung ghost project🥲",,63,"10/20/2023 19:11",mixed,https://www.facebook.com/reel/1932971733411678/,0,0,Reels,,,,,10/22/2023,0,,,,,,17,0,1,1,0,295.713,3.564
1043717886133122,100064197037125,"PC Merchandise","ito na po yung ghost project🥲",,63,"10/20/2023 19:11",mixed,https://www.facebook.com/reel/1932971733411678/,0,0,Reels,,,,,10/23/2023,0,,,,,,14,0,0,0,0,133.676,4.114
1043717886133122,100064197037125,"PC Merchandise","ito na po yung ghost project🥲",,63,"10/20/2023 19:11",mixed,https://www.facebook.com/reel/1932971733411678/,0,0,Reels,,,,,10/24/2023,0,,,,,,13,0,0,0,0,143.368,4.274
1043717886133122,100064197037125,"PC Merchandise","ito na po yung ghost project🥲",,63,"10/20/2023 19:11",mixed,https://www.facebook.com/reel/1932971733411678/,0,0,Reels,,,,,10/25/2023,0,,,,,,19,0,0,0,0,95.765,5.334
1043717886133122,100064197037125,"PC Merchandise","ito na po yung ghost project🥲",,63,"10/20/2023 19:11",mixed,https://www.facebook.com/reel/1932971733411678/,0,0,Reels,,,,,10/26/2023,0,,,,,,15,0,0,0,0,72.166,3.221
1043717886133122,100064197037125,"PC Merchandise","ito na po yung ghost project🥲",,63,"10/20/2023 19:11",mixed,https://www.facebook.com/reel/1932971733411678/,0,0,Reels,,,,,10/27/2023,0,,,,,,13,0,0,0,0,158.153,3.215
1043717886133122,100064197037125,"PC Merchandise","ito na po yung ghost project🥲",,63,"10/20/2023 19:11",mixed,https://www.facebook.com/reel/1932971733411678/,0,0,Reels,,,,,10/28/2023,0,,,,,,17,0,0,0,0,92.135,4.525
1043717886133122,100064197037125,"PC Merchandise","ito na po yung ghost project🥲",,63,"10/20/2023 19:11",mixed,https://www.facebook.com/reel/1932971733411678/,0,0,Reels,,,,,10/29/2023,0,,,,,,0,0,0,0,0,70.557,3.267
1043717886133122,100064197037125,"PC Merchandise","ito na po yung ghost project🥲",,63,"10/20/2023 19:11",mixed,https://www.facebook.com/reel/1932971733411678/,0,0,Reels,,,,,10/30/2023,0,,,,,,0,0,0,0,0,66.126,3.552
1043717886133122,100064197037125,"PC Merchandise","ito na po yung ghost project🥲",,63,"10/20/2023 19:11",mixed,https://www.facebook.com/reel/1932971733411678/,0,0,Reels,,,,,10/31/2023,0,,,,,,0,0,0,0,0,37.914,3.433
1043116253292309,100064197037125,"PC Merchandise","ito na po yung ghost project🥲",,320,"10/20/2023 02:00",auto,https://www.facebook.com/pcmerchandise.co/videos/2355357740690736/,0,0,Videos,,,,,10/01/2023,0,,0,0,0,0,0,0,0,0,0,0.000,4.963
1043116253292309,100064197037125,"PC Merchandise","ito na po yung ghost project🥲",,320,"10/20/2023 02:00",auto,https://www.facebook.com/pcmerchandise.co/videos/2355357740690736/,0,0,Videos,,,,,10/02/2023,0,,0,0,0,0,0,0,0,0,0,0.000,5.216
1043116253292309,100064197037125,"PC Merchandise","ito na po yung ghost project🥲",,320,"10/20/2023 02:00",auto,https://www.facebook.com/pcmerchandise.co/videos/2355357740690736/,0,0,Videos,,,,,10/03/2023,0,,0,0,0,0,0,0,0,0,0,0.000,5.319
1043116253292309,100064197037125,"PC Merchandise","ito na po yung ghost project🥲",,320,"10/20/2023 02:00",auto,https://www.facebook.com/pcmerchandise.co/videos/2355357740690736/,0,0,Videos,,,,,10/04/2023,0,,0,0,0,0,0,0,0,0,0,0.000,5.038
1043116253292309,100064197037125,"PC Merchandise","ito na po yung ghost project🥲",,320,"10/20/2023 02:00",auto,https://www.facebook.com/pcmerchandise.co/videos/2355357740690736/,0,0,Videos,,,,,10/05/2023,0,,0,0,0,0,0,0,0,0,0,0.000,7.183
1043116253292309,100064197037125,"PC Merchandise","ito na po yung ghost project🥲",,320,"10/20/2023 02:00",auto,https://www.facebook.com/pcmerchandise.co/videos/2355357740690736/,0,0,Videos,,,,,10/06/2023,0,,0,0,0,0,0,0,0,0,0,0.000,4.230
1043116253292309,100064197037125,"PC Merchandise","ito na po yung ghost project🥲",,320,"10/20/2023 02:00",auto,https://www.facebook.com/pcmerchandise.co/videos/2355357740690736/,0,0,Videos,,,,,10/07/2023,0,,0,0,0,0,0,0,0,0,0,0.000,6.751
1043116253292309,100064197037125,"PC Merchandise","ito na po yung ghost project🥲",,320,"10/20/2023 02:00",auto,https://www.facebook.com/pcmerchandise.co/videos/2355357740690736/,0,0,Videos,,,,,10/08/2023,0,,0,0,0,0,0,0,0,0,0,0.000,5.160
1043116253292309,100064197037125,"PC Merchandise","ito na po yung ghost project🥲",,320,"10/20/2023 02:00",auto,https://www.facebook.com/pcmerchandise.co/videos/2355357740690736/,0,0,Videos,,,,,10/09/2023,0,,0,0,0,0,0,0,0,0,0,0.000,6.250
1043116253292309,100064197037125,"PC Merchandise","ito na po yung ghost project🥲",,320,"10/20/2023 02:00",auto,https://www.facebook.com/pcmerchandise.co/videos/2355357740690736/,0,0,Videos,,,,,10/10/2023,0,,0,0,0,0,0,0,0,0,0,0.000,4.948
1043116253292309,100064197037125,"PC Merchandise","ito na po yung ghost project🥲",,320,"10/20/2023 02:00",auto,https://www.facebook.com/pcmerchandise.co/videos/2355357740690736/,0,0,Videos,,,,,10/11/2023,0,,0,0,0,0,0,0,0,0,0,0.000,5.656
1043116253292309,100064197037125,"PC Merchandise","ito na po yung ghost project🥲",,320,"10/20/2023 02:00",auto,https://www.facebook.com/pcmerchandise.co/videos/2355357740690736/,0,0,Videos,,,,,10/12/2023,0,,0,0,0,0,0,0,0,0,0,0.000,6.145
1043116253292309,100064197037125,"PC Merchandise","ito na po yung ghost project🥲",,320,"10/20/2023 02:00",auto,https://www.facebook.com/pcmerchandise.co/videos/2355357740690736/,0,0,Videos,,,,,10/13/2023,0,,0,0,0,0,0,0,0,0,0,0.000,5.976
1043116253292309,100064197037125,"PC Merchandise","ito na po yung ghost project🥲",,320,"10/20/2023 02:00",auto,https://www.facebook.com/pcmerchandise.co/videos/2355357740690736/,0,0,Videos,,,,,10/14/2023,0,,0,0,0,0,0,0,0,0,0,0.000,6.778
1043116253292309,100064197037125,"PC Merchandise","ito na po yung ghost project🥲",,320,"10/20/2023 02:00",auto,https://www.facebook.com/pcmerchandise.co/videos/2355357740690736/,0,0,Videos,,,,,10/15/2023,0,,0,0,0,0,0,0,0,0,0,0.000,4.839
1043116253292309,100064197037125,"PC Merchandise","ito na po yung ghost project🥲",,320,"10/20/2023 02:00",auto,https://www.facebook.com/pcmerchandise.co/videos/2355357740690736/,0,0,Videos,,,,,10/16/2023,0,,0,0,0,0,0,0,0,0,0,0.000,6.128
1043116253292309,100064197037125,"PC Merchandise","ito na po yung ghost project🥲",,320,"10/20/2023 02:00",auto,https://www.facebook.com/pcmerchandise.co/videos/2355357740690736/,0,0,Videos,,,,,10/17/2023,0,,0,0,0,0,0,0,0,0,0,0.000,4.641
1043116253292309,100064197037125,"PC Merchandise","ito na po yung ghost project🥲",,320,"10/20/2023 02:00",auto,https://www.facebook.com/pcmerchandise.co/videos/2355357740690736/,0,0,Videos,,,,,10/18/2023,0,,0,0,0,0,0,0,0,0,0,0.000,5.188
1043116253292309,100064197037125,"PC Merchandise","ito na po yung ghost project🥲",,320,"10/20/2023 02:00",auto,https://www.facebook.com/pcmerchandise.co/videos/2355357740690736/,0,0,Videos,,,,,10/19/2023,0,,0,0,0,0,0,0,0,0,0,0.000,5.385
1043116253292309,100064197037125,"PC Merchandise","ito na po yung ghost project🥲",,320,"10/20/2023 02:00",auto,https://www.facebook.com/pcmerchandise.co/videos/2355357740690736/,0,0,Videos,,,,,10/20/2023,0,,201,30,185,28,37,0,0,0,0,1047.918,3.902
1043116253292309,100064197037125,"PC Merchandise","ito na po yung ghost project🥲",,320,"10/20/2023 02:00",auto,https://www.facebook.com/pcmerchandise.co/videos/2355357740690736/,0,0,Videos,,,,,10/21/2023,0,,145,18,128,17,34,0,0,0,0,680.116,5.008
1043116253292309,100064197037125,"PC Merchandise","ito na po yung ghost project🥲",,320,"10/20/2023 02:00",auto,https://www.facebook.com/pcmerchandise.co/videos/2355357740690736/,0,0,Videos,,,,,10/22/2023,0,,78,5,67,4,24,0,0,0,0,441.238,5.396
1043116253292309,100064197037125,"PC Merchandise","ito na po yung ghost project🥲",,320,"10/20/2023 02:00",auto,https://www.facebook.com/pcmerchandise.co/videos/2355357740690736/,0,0,Videos,,,,,10/23/2023,0,,46,3,41,2,34,0,0,0,0,413.977,5.771
1043116253292309,100064197037125,"PC Merchandise","ito na po yung ghost project🥲",,320,"10/20/2023 02:00",auto,https://www.facebook.com/pcmerchandise.co/videos/2355357740690736/,0,0,Videos,,,,,10/24/2023,0,,49,4,45,3,28,0,0,0,0,288.910,5.637
1043116253292309,100064197037125,"PC Merchandise","ito na po yung ghost project🥲",,320,"10/20/2023 02:00",auto,https://www.facebook.com/pcmerchandise.co/videos/2355357740690736/,0,0,Videos,,,,,10/25/2023,0,,60,9,46,7,41,0,0,0,0,279.777,4.975
1043116253292309,100064197037125,"PC Merchandise","ito na po yung ghost project🥲",,320,"10/20/2023 02:00",auto,https://www.facebook.com/pcmerchandise.co/videos/2355357740690736/,0,0,Videos,,,,,10/26/2023,0,,28,4,22,3,24,0,0,0,0,183.021,5.766
1043116253292309,100064197037125,"PC Merchandise","ito na po yung ghost project🥲",,320,"10/20/2023 02:00",auto,https://www.facebook.com/pcmerchandise.co/videos/2355357740690736/,0,0,Videos,,,,,10/27/2023,0,,43,6,39,5,28,0,0,0,0,202.289,4.734
1043116253292309,100064197037125,"PC Merchandise","ito na po yung ghost project🥲",,320,"10/20/2023 02:00",auto,https://www.facebook.com/pcmerchandise.co/videos/2355357740690736/,0,0,Videos,,,,,10/28/2023,0,,27,2,21,1,0,0,0,0,0,82.187,4.693
1043116253292309,100064197037125,"PC Merchandise","ito na po yung ghost project🥲",,320,"10/20/2023 02:00",auto,https://www.facebook.com/pcmerchandise.co/videos/2355357740690736/,0,0,Videos,,,,,10/29/2023,0,,32,4,26,3,0,0,0,0,0,128.827,6.301
1043116253292309,100064197037125,"PC Merchandise","ito na po yung ghost project🥲",,320,"10/20/2023 02:00",auto,https://www.facebook.com/pcmerchandise.co/videos/2355357740690736/,0,0,Videos,,,,,10/30/2023,0,,14,1,12,0,0,0,0,0,0,70.993,7.031
1043116253292309,100064197037125,"PC Merchandise","ito na po yung ghost project🥲",,320,"10/20/2023 02:00",auto,https://www.facebook.com/pcmerchandise.co/videos/2355357740690736/,0,0,Videos,,,,,10/31/2023,0,,11,1,8,0,0,0,0,0,0,65.755,6.963
1043082748677132,100064197037125,"PC Merchandise","malas naman🥹",,57,"10/18/2023 19:30",uploaded,https://www.facebook.com/reel/1825066059728662/,0,0,Reels,,,,,10/01/2023,0,,,,,,0,0,0,0,0,0.000,5.163
1043082748677132,100064197037125,"PC Merchandise","malas naman🥹",,57,"10/18/2023 19:30",uploaded,https://www.facebook.com/reel/1825066059728662/,0,0,Reels,,,,,10/02/2023,0,,,,,,0,0,0,0,0,0.000,3.256
1043082748677132,100064197037125,"PC Merchandise","malas naman🥹",,57,"10/18/2023 19:30",uploaded,https://www.facebook.com/reel/1825066059728662/,0,0,Reels,,,,,10/03/2023,0,,,,,,0,0,0,0,0,0.000,3.750
1043082748677132,100064197037125,"PC Merchandise","malas naman🥹",,57,"10/18/2023 19:30",uploaded,https://www.facebook.com/reel/1825066059728662/,0,0,Reels,,,,,10/04/2023,0,,,,,,0,0,0,0,0,0.000,2.600
1043082748677132,100064197037125,"PC Merchandise","malas naman🥹",,57,"10/18/2023 19:30",uploaded,https://www.facebook.com/reel/1825066059728662/,0,0,Reels,,,,,10/05/2023,0,,,,,,0,0,0,0,0,0.000,3.103
1043082748677132,100064197037125,"PC Merchandise","malas naman🥹",,57,"10/18/2023 19:30",uploaded,https://www.facebook.com/reel/1825066059728662/,0,0,Reels,,,,,10/06/2023,0,,,,,,0,0,0,0,0,0.000,3.835
1043082748677132,100064197037125,"PC Merchandise","malas naman🥹",,57,"10/18/2023 19:30",uploaded,https://www.facebook.com/reel/1825066059728662/,0,0,Reels,,,,,10/07/2023,0,,,,,,0,0,0,0,0,0.000,2.425
1043082748677132,100064197037125,"PC Merchandise","malas naman🥹",,57,"10/18/2023 19:30",uploaded,https://www.facebook.com/reel/1825066059728662/,0,0,Reels,,,,,10/08/2023,0,,,,,,0,0,0,0,0,0.000,3.270
1043082748677132,100064197037125,"PC Merchandise","malas naman🥹",,57,"10/18/2023 19:30",uploaded,https://www.facebook.com/reel/1825066059728662/,0,0,Reels,,,,,10/09/2023,0,,,,,,0,0,0,0,0,0.000,2.293
1043082748677132,100064197037125,"PC Merchandise","malas naman🥹",,57,"10/18/2023 19:30",uploaded,https://www.facebook.com/reel/1825066059728662/,0,0,Reels,,,,,10/10/2023,0,,,,,,0,0,0,0,0,0.000,3.957
1043082748677132,100064197037125,"PC Merchandise","malas naman🥹",,57,"10/18/2023 19:30",uploaded,https://www.facebook.com/reel/1825066059728662/,0,0,Reels,,,,,10/11/2023,0,,,,,,0,0,0,0,0,0.000,4.249
1043082748677132,100064197037125,"PC Merchandise","malas naman🥹",,57,"10/18/2023 19:30",uploaded,https://www.facebook.com/reel/1825066059728662/,0,0,Reels,,,,,10/12/2023,0,,,,,,0,0,0,0,0,0.000,3.556
1043082748677132,100064197037125,"PC Merchandise","malas naman🥹",,57,"10/18/2023 19:30",uploaded,https://www.facebook.com/reel/1825066059728662/,0,0,Reels,,,,,10/13/2023,0,,,,,,0,0,0,0,0,0.000,4.411
1043082748677132,100064197037125,"PC Merchandise","malas naman🥹",,57,"10/18/2023 19:30",uploaded,https://www.facebook.com/reel/1825066059728662/,0,0,Reels,,,,,10/14/2023,0,,,,,,0,0,0,0,0,0.000,4.067
1043082748677132,100064197037125,"PC Merchandise","malas naman🥹",,57,"10/18/2023 19:30",uploaded,https://www.facebook.com/reel/1825066059728662/,0,0,Reels,,,,,10/15/2023,0,,,,,,0,0,0,0,0,0.000,2.938
1043082748677132,100064197037125,"PC Merchandise","malas naman🥹",,57,"10/18/2023 19:30",uploaded,https://www.facebook.com/reel/1825066059728662/,0,0,Reels,,,,,10/16/2023,0,,,,,,0,0,0,0,0,0.000,4.841
1043082748677132,100064197037125,"PC Merchandise","malas naman🥹",,57,"10/18/2023 19:30",uploaded,https://www.facebook.com/reel/1825066059728662/,0,0,Reels,,,,,10/17/2023,0,,,,,,0,0,0,0,0,0.000,2.717
1043082748677132,100064197037125,"PC Merchandise","malas naman🥹",,57,"10/18/2023 19:30",uploaded,https://www.facebook.com/reel/1825066059728662/,0,0,Reels,,,,,10/18/2023,0,,,,,,274,0,0,0,0,243.746,4.611
1043082748677132,100064197037125,"PC Merchandise","malas naman🥹",,57,"10/18/2023 19:30",uploaded,https://www.facebook.com/reel/1825066059728662/,0,0,Reels,,,,,10/19/2023,0,,,,,,287,0,0,0,0,263.494,3.369
1043082748677132,100064197037125,"PC Merchandise","malas naman🥹",,57,"10/18/2023 19:30",uploaded,https://www.facebook.com/reel/1825066059728662/,0,0,Reels,,,,,10/20/2023,0,,,,,,288,0,0,0,0,346.870,5.420
1043082748677132,100064197037125,"PC Merchandise","malas naman🥹",,57,"10/18/2023 19:30",uploaded,https://www.facebook.com/reel/1825066059728662/,0,0,Reels,,,,,10/21/2023,0,,,,,,293,0,0,0,0,253.049,3.183
1043082748677132,100064197037125,"PC Merchandise","malas naman🥹",,57,"10/18/2023 19:30",uploaded,https://www.facebook.com/reel/1825066059728662/,0,0,Reels,,,,,10/22/2023,0,,,,,,287,0,0,0,0,219.311,2.824
1043082748677132,100064197037125,"PC Merchandise","malas naman🥹",,57,"10/18/2023 19:30",uploaded,https://www.facebook.com/reel/1825066059728662/,0,0,Reels,,,,,10/23/2023,0,,,,,,280,0,0,0,0,179.834,5.215
1043082748677132,100064197037125,"PC Merchandise","malas naman🥹",,57,"10/18/2023 19:30",uploaded,https://www.facebook.com/reel/1825066059728662/,0,0,Reels,,,,,10/24/2023,0,,,,,,275,0,0,0,0,92.197,2.458
1043082748677132,100064197037125,"PC Merchandise","malas naman🥹",,57,"10/18/2023 19:30",uploaded,https://www.facebook.com/reel/1825066059728662/,0,0,Reels,,,,,10/25/2023,0,,,,,,311,0,0,0,0,223.184,3.881
1043082748677132,100064197037125,"PC Merchandise","malas naman🥹",,57,"10/18/2023 19:30",uploaded,https://www.facebook.com/reel/1825066059728662/,0,0,Reels,,,,,10/26/2023,0,,,,,,267,0,0,0,0,99.540,3.308
1043082748677132,100064197037125,"PC Merchandise","malas naman🥹",,57,"10/18/2023 19:30",uploaded,https://www.facebook.com/reel/1825066059728662/,0,0,Reels,,,,,10/27/2023,0,,,,,,315,0,0,0,0,31.587,4.460
1043082748677132,100064197037125,"PC Merchandise","malas naman🥹",,57,"10/18/2023 19:30",uploaded,https://www.facebook.com/reel/1825066059728662/,0,0,Reels,,,,,10/28/2023,0,,,,,,267,0,0,0,0,66.230,3.809
1043082748677132,100064197037125,"PC Merchandise","malas naman🥹",,57,"10/18/2023 19:30",uploaded,https://www.facebook.com/reel/1825066059728662/,0,0,Reels,,,,,10/29/2023,0,,,,,,0,0,0,0,0,39.587,5.069
1043082748677132,100064197037125,"PC Merchandise","malas naman🥹",,57,"10/18/2023 19:30",uploaded,https://www.facebook.com/reel/1825066059728662/,0,0,Reels,,,,,10/30/2023,0,,,,,,0,0,0,0,0,35.078,3.745
1043082748677132,100064197037125,"PC Merchandise","malas naman🥹",,57,"10/18/2023 19:30",uploaded,https://www.facebook.com/reel/1825066059728662/,0,0,Reels,,,,,10/31/2023,0,,,,,,0,0,0,0,0,42.176,2.438
1043235942160976,100064197037125,"PC Merchandise","Salamat sa tiwala boss JAMES! i5 12400F comshop package — 10 units delivered ✅",,54,"10/18/2023 15:39",,https://www.facebook.com/reel/1917959852365116/,0,0,Reels,,,,,10/01/2023,0,,,,,,0,0,0,0,0,0.000,3.515
1043235942160976,100064197037125,"PC Merchandise","Salamat sa tiwala boss JAMES! i5 12400F comshop package — 10 units delivered ✅",,54,"10/18/2023 15:39",,https://www.facebook.com/reel/1917959852365116/,0,0,Reels,,,,,10/02/2023,0,,,,,,0,0,0,0,0,0.000,4.682
1043235942160976,100064197037125,"PC Merchandise","Salamat sa tiwala boss JAMES! i5 12400F comshop package — 10 units delivered ✅",,54,"10/18/2023 15:39",,https://www.facebook.com/reel/1917959852365116/,0,0,Reels,,,,,10/03/2023,0,,,,,,0,0,0,0,0,0.000,5.220
1043235942160976,100064197037125,"PC Merchandise","Salamat sa tiwala boss JAMES! i5 12400F comshop package — 10 units delivered ✅",,54,"10/18/2023 15:39",,https://www.facebook.com/reel/1917959852365116/,0,0,Reels,,,,,10/04/2023,0,,,,,,0,0,0,0,0,0.000,5.205
1043235942160976,100064197037125,"PC Merchandise","Salamat sa tiwala boss JAMES! i5 12400F comshop package — 10 units delivered ✅",,54,"10/18/2023 15:39",,https://www.facebook.com/reel/1917959852365116/,0,0,Reels,,,,,10/05/2023,0,,,,,,0,0,0,0,0,0.000,3.311
1043235942160976,100064197037125,"PC Merchandise","Salamat sa tiwala boss JAMES! i5 12400F comshop package — 10 units delivered ✅",,54,"10/18/2023 15:39",,https://www.facebook.com/reel/1917959852365116/,0,0,Reels,,,,,10/06/2023,0,,,,,,0,0,0,0,0,0.000,4.516
1043235942160976,100064197037125,"PC Merchandise","Salamat sa tiwala boss JAMES! i5 12400F comshop package — 10 units delivered ✅",,54,"10/18/2023 15:39",,https://www.facebook.com/reel/1917959852365116/,0,0,Reels,,,,,10/07/2023,0,,,,,,0,0,0,0,0,0.000,3.007
1043235942160976,100064197037125,"PC Merchandise","Salamat sa tiwala boss JAMES! i5 12400F comshop package — 10 units delivered ✅",,54,"10/18/2023 15:39",,https://www.facebook.com/reel/1917959852365116/,0,0,Reels,,,,,10/08/2023,0,,,,,,0,0,0,0,0,0.000,4.976
1043235942160976,100064197037125,"PC Merchandise","Salamat sa tiwala boss JAMES! i5 12400F comshop package — 10 units delivered ✅",,54,"10/18/2023 15:39",,https://www.facebook.com/reel/1917959852365116/,0,0,Reels,,,,,10/09/2023,0,,,,,,0,0,0,0,0,0.000,3.155
1043235942160976,100064197037125,"PC Merchandise","Salamat sa tiwala boss JAMES! i5 12400F comshop package — 10 units delivered ✅",,54,"10/18/2023 15:39",,https://www.facebook.com/reel/1917959852365116/,0,0,Reels,,,,,10/10/2023,0,,,,,,0,0,0,0,0,0.000,2.179
1043235942160976,100064197037125,"PC Merchandise","Salamat sa tiwala boss JAMES! i5 12400F comshop package — 10 units delivered ✅",,54,"10/18/2023 15:39",,https://www.facebook.com/reel/1917959852365116/,0,0,Reels,,,,,10/11/2023,0,,,,,,0,0,0,0,0,0.000,4.012
1043235942160976,100064197037125,"PC Merchandise","Salamat sa tiwala boss JAMES! i5 12400F comshop package — 10 units delivered ✅",,54,"10/18/2023 15:39",,https://www.facebook.com/reel/1917959852365116/,0,0,Reels,,,,,10/12/2023,0,,,,,,0,0,0,0,0,0.000,2.221
1043235942160976,100064197037125,"PC Merchandise","Salamat sa tiwala boss JAMES! i5 12400F comshop package — 10 units delivered ✅",,54,"10/18/2023 15:39",,https://www.facebook.com/reel/1917959852365116/,0,0,Reels,,,,,10/13/2023,0,,,,,,0,0,0,0,0,0.000,3.177
1043235942160976,100064197037125,"PC Merchandise","Salamat sa tiwala boss JAMES! i5 12400F comshop package — 10 units delivered ✅",,54,"10/18/2023 15:39",,https://www.facebook.com/reel/1917959852365116/,0,0,Reels,,,,,10/14/2023,0,,,,,,0,0,0,0,0,0.000,2.838
1043235942160976,100064197037125,"PC Merchandise","Salamat sa tiwala boss JAMES! i5 12400F comshop package — 10 units delivered ✅",,54,"10/18/2023 15:39",,https://www.facebook.com/reel/1917959852365116/,0,0,Reels,,,,,10/15/2023,0,,,,,,0,0,0,0,0,0.000,3.596
1043235942160976,100064197037125,"PC Merchandise","Salamat sa tiwala boss JAMES! i5 12400F comshop package — 10 units delivered ✅",,54,"10/18/2023 15:39",,https://www.facebook.com/reel/1917959852365116/,0,0,Reels,,,,,10/16/2023,0,,,,,,0,0,0,0,0,0.000,4.024
1043235942160976,100064197037125,"PC Merchandise","Salamat sa tiwala boss JAMES! i5 12400F comshop package — 10 units delivered ✅",,54,"10/18/2023 15:39",,https://www.facebook.com/reel/1917959852365116/,0,0,Reels,,,,,10/17/2023,0,,,,,,0,0,0,0,0,0.000,3.060
1043235942160976,100064197037125,"PC Merchandise","Salamat sa tiwala boss JAMES! i5 12400F comshop package — 10 units delivered ✅",,54,"10/18/2023 15:39",,https://www.facebook.com/reel/1917959852365116/,0,0,Reels,,,,,10/18/2023,0,,,,,,0,0,0,0,0,187.394,3.084
1043235942160976,100064197037125,"PC Merchandise","Salamat sa tiwala boss JAMES! i5 12400F comshop package — 10 units delivered ✅",,54,"10/18/2023 15:39",,https://www.facebook.com/reel/1917959852365116/,0,0,Reels,,,,,10/19/2023,0,,,,,,0,0,1,1,0,94.527,4.547
1043235942160976,100064197037125,"PC Merchandise","Salamat sa tiwala boss JAMES! i5 12400F comshop package — 10 units delivered ✅",,54,"10/18/2023 15:39",,https://www.facebook.com/reel/1917959852365116/,0,0,Reels,,,,,10/20/2023,0,,,,,,0,0,0,0,0,82.478,3.448
1043235942160976,100064197037125,"PC Merchandise","Salamat sa tiwala boss JAMES! i5 12400F comshop package — 10 units delivered ✅",,54,"10/18/2023 15:39",,https://www.facebook.com/reel/1917959852365116/,0,0,Reels,,,,,10/21/2023,0,,,,,,0,0,0,0,0,36.860,3.920
1043235942160976,100064197037125,"PC Merchandise","Salamat sa tiwala boss JAMES! i5 12400F comshop package — 10 units delivered ✅",,54,"10/18/2023 15:39",,https://www.facebook.com/reel/1917959852365116/,0,0,Reels,,,,,10/22/2023,0,,,,,,0,0,0,0,0,52.579,4.303
1043235942160976,100064197037125,"PC Merchandise","Salamat sa tiwala boss JAMES! i5 12400F comshop package — 10 units delivered ✅",,54,"10/18/2023 15:39",,https://www.facebook.com/reel/1917959852365116/,0,0,Reels,,,,,10/23/2023,0,,,,,,0,0,0,0,0,43.310,4.052
1043235942160976,100064197037125,"PC Merchandise","Salamat sa tiwala boss JAMES! i5 12400F comshop package — 10 units delivered ✅",,54,"10/18/2023 15:39",,https://www.facebook.com/reel/1917959852365116/,0,0,Reels,,,,,10/24/2023,0,,,,,,0,0,0,0,0,31.839,3.778
1043235942160976,100064197037125,"PC Merchandise","Salamat sa tiwala boss JAMES! i5 12400F comshop package — 10 units delivered ✅",,54,"10/18/2023 15:39",,https://www.facebook.com/reel/1917959852365116/,0,0,Reels,,,,,10/25/2023,0,,,,,,0,0,0,0,0,12.676,4.300
1043235942160976,100064197037125,"PC Merchandise","Salamat sa tiwala boss JAMES! i5 12400F comshop package — 10 units delivered ✅",,54,"10/18/2023 15:39",,https://www.facebook.com/reel/1917959852365116/,0,0,Reels,,,,,10/26/2023,0,,,,,,0,0,0,0,0,16.443,3.849
1043235942160976,100064197037125,"PC Merchandise","Salamat sa tiwala boss JAMES! i5 12400F comshop package — 10 units delivered ✅",,54,"10/18/2023 15:39",,https://www.facebook.com/reel/1917959852365116/,0,0,Reels,,,,,10/27/2023,0,,,,,,0,0,0,0,0,13.980,2.767
1043235942160976,100064197037125,"PC Merchandise","Salamat sa tiwala boss JAMES! i5 12400F comshop package — 10 units delivered ✅",,54,"10/18/2023 15:39",,https://www.facebook.com/reel/1917959852365116/,0,0,Reels,,,,,10/28/2023,0,,,,,,0,0,0,0,0,11.195,4.870
1043235942160976,100064197037125,"PC Merchandise","Salamat sa tiwala boss JAMES! i5 12400F comshop package — 10 units delivered ✅",,54,"10/18/2023 15:39",,https://www.facebook.com/reel/1917959852365116/,0,0,Reels,,,,,10/29/2023,0,,,,,,0,0,0,0,0,19.604,3.793
1043235942160976,100064197037125,"PC Merchandise","Salamat sa tiwala boss JAMES! i5 12400F comshop package — 10 units delivered ✅",,54,"10/18/2023 15:39",,https://www.facebook.com/reel/1917959852365116/,0,0,Reels,,,,,10/30/2023,0,,,,,,0,0,0,0,0,13.695,4.397
1043235942160976,100064197037125,"PC Merchandise","Salamat sa tiwala boss JAMES! i5 12400F comshop package — 10 units delivered ✅",,54,"10/18/2023 15:39",,https://www.facebook.com/reel/1917959852365116/,0,0,Reels,,,,,10/31/2023,0,,,,,,0,0,0,0,0,4.713,3.443
1043352907644734,100064197037125,"PC Merchandise","𝐒𝐎𝐋𝐃 𝐑𝐘𝐙𝐄𝐍 𝟓 𝟑𝟒𝟎𝟎𝐆 (8PCS)
𝐏𝐄𝐑𝐒𝐎𝐍𝐀𝐋 𝐁𝐔𝐈𝐋𝐃
#PCMERCHANDISE #PCMBUILDS",,0,"10/18/2023 15:32",,https://www.facebook.com/pcmerchandise.co/posts/pfbid0dmRbLoK6fGiX0hReNcmDusSTvKXWY38foTKTUJRIgO2oquHnEZx9E0y2,0,0,Photos,,,,,10/31/2023,1,,,,,,,,,,,,
1043352907644734,100064197037125,"PC Merchandise","𝐒𝐎𝐋𝐃 𝐑𝐘𝐙𝐄𝐍 𝟓 𝟑𝟒𝟎𝟎𝐆 (8PCS)
𝐏𝐄𝐑𝐒𝐎𝐍𝐀𝐋 𝐁𝐔𝐈𝐋𝐃
#PCMERCHANDISE #PCMBUILDS",,0,"10/18/2023 15:32",,https://www.facebook.com/pcmerchandise.co/posts/pfbid0dmRbLoK6fGiX0hReNcmDusSTvKXWY38foTKTUJRIgO2oquHnEZx9E0y2,0,0,Photos,,,,,10/01/2023,,,0,0,0,0,0,0,,,,,
1043352907644734,100064197037125,"PC Merchandise","𝐒𝐎𝐋𝐃 𝐑𝐘𝐙𝐄𝐍 𝟓 𝟑𝟒𝟎𝟎𝐆 (8PCS)
𝐏𝐄𝐑𝐒𝐎𝐍𝐀𝐋 𝐁𝐔𝐈𝐋𝐃
#PCMERCHANDISE #PCMBUILDS",,0,"10/18/2023 15:32",,https://www.facebook.com/pcmerchandise.co/posts/pfbid0dmRbLoK6fGiX0hReNcmDusSTvKXWY38foTKTUJRIgO2oquHnEZx9E0y2,0,0,Photos,,,,,10/02/2023,,,0,0,0,0,0,0,,,,,
1043352907644734,100064197037125,"PC Merchandise","𝐒𝐎𝐋𝐃 𝐑𝐘𝐙𝐄𝐍 𝟓 𝟑𝟒𝟎𝟎𝐆 (8PCS)
𝐏𝐄𝐑𝐒𝐎𝐍𝐀𝐋 𝐁𝐔𝐈𝐋𝐃
#PCMERCHANDISE #PCMBUILDS",,0,"10/18/2023 15:32",,https://www.facebook.com/pcmerchandise.co/posts/pfbid0dmRbLoK6fGiX0hReNcmDusSTvKXWY38foTKTUJRIgO2oquHnEZx9E0y2,0,0,Photos,,,,,10/03/2023,,,0,0,0,0,0,0,,,,,
1043352907644734,100064197037125,"PC Merchandise","𝐒𝐎𝐋𝐃 𝐑𝐘𝐙𝐄𝐍 𝟓 𝟑𝟒𝟎𝟎𝐆 (8PCS)
𝐏𝐄𝐑𝐒𝐎𝐍𝐀𝐋 𝐁𝐔𝐈𝐋𝐃
#PCMERCHANDISE #PCMBUILDS",,0,"10/18/2023 15:32",,https://www.facebook.com/pcmerchandise.co/posts/pfbid0dmRbLoK6fGiX0hReNcmDusSTvKXWY38foTKTUJRIgO2oquHnEZx9E0y2,0,0,Photos,,,,,10/04/2023,,,0,0,0,0,0,0,,,,,
1043352907644734,100064197037125,"PC Merchandise","𝐒𝐎𝐋𝐃 𝐑𝐘𝐙𝐄𝐍 𝟓 𝟑𝟒𝟎𝟎𝐆 (8PCS)
𝐏𝐄𝐑𝐒𝐎𝐍𝐀𝐋 𝐁𝐔𝐈𝐋𝐃
#PCMERCHANDISE #PCMBUILDS",,0,"10/18/2023 15:32",,https://www.facebook.com/pcmerchandise.co/posts/pfbid0dmRbLoK6fGiX0hReNcmDusSTvKXWY38foTKTUJRIgO2oquHnEZx9E0y2,0,0,Photos,,,,,10/05/2023,,,0,0,0,0,0,0,,,,,
1043352907644734,100064197037125,"PC Merchandise","𝐒𝐎𝐋𝐃 𝐑𝐘𝐙𝐄𝐍 𝟓 𝟑𝟒𝟎𝟎𝐆 (8PCS)
𝐏𝐄𝐑𝐒𝐎𝐍𝐀𝐋 𝐁𝐔𝐈𝐋𝐃
#PCMERCHANDISE #PCMBUILDS",,0,"10/18/2023 15:32",,https://www.facebook.com/pcmerchandise.co/posts/pfbid0dmRbLoK6fGiX0hReNcmDusSTvKXWY38foTKTUJRIgO2oquHnEZx9E0y2,0,0,Photos,,,,,10/06/2023,,,0,0,0,0,0,0,,,,,
1043352907644734,100064197037125,"PC Merchandise","𝐒𝐎𝐋𝐃 𝐑𝐘𝐙𝐄𝐍 𝟓 𝟑𝟒𝟎𝟎𝐆 (8PCS)
𝐏𝐄𝐑𝐒𝐎𝐍𝐀𝐋 𝐁𝐔𝐈𝐋𝐃
#PCMERCHANDISE #PCMBUILDS",,0,"10/18/2023 15:32",,https://www.facebook.com/pcmerchandise.co/posts/pfbid0dmRbLoK6fGiX0hReNcmDusSTvKXWY38foTKTUJRIgO2oquHnEZx9E0y2,0,0,Photos,,,,,10/07/2023,,,0,0,0,0,0,0,,,,,
1043352907644734,100064197037125,"PC Merchandise","𝐒𝐎𝐋𝐃 𝐑𝐘𝐙𝐄𝐍 𝟓 𝟑𝟒𝟎𝟎𝐆 (8PCS)
𝐏𝐄𝐑𝐒𝐎𝐍𝐀𝐋 𝐁𝐔𝐈𝐋𝐃
#PCMERCHANDISE #PCMBUILDS",,0,"10/18/2023 15:32",,https://www.facebook.com/pcmerchandise.co/posts/pfbid0dmRbLoK6fGiX0hReNcmDusSTvKXWY38foTKTUJRIgO2oquHnEZx9E0y2,0,0,Photos,,,,,10/08/2023,,,0,0,0,0,0,0,,,,,
1043352907644734,100064197037125,"PC Merchandise","𝐒𝐎𝐋𝐃 𝐑𝐘𝐙𝐄𝐍 𝟓 𝟑𝟒𝟎𝟎𝐆 (8PCS)
𝐏𝐄𝐑𝐒𝐎𝐍𝐀𝐋 𝐁𝐔𝐈𝐋𝐃
#PCMERCHANDISE #PCMBUILDS",,0,"10/18/2023 15:32",,https://www.facebook.com/pcmerchandise.co/posts/pfbid0dmRbLoK6fGiX0hReNcmDusSTvKXWY38foTKTUJRIgO2oquHnEZx9E0y2,0,0,Photos,,,,,10/09/2023,,,0,0,0,0,0,0,,,,,
1043352907644734,100064197037125,"PC Merchandise","𝐒𝐎𝐋𝐃 𝐑𝐘𝐙𝐄𝐍 𝟓 𝟑𝟒𝟎𝟎𝐆 (8PCS)
𝐏𝐄𝐑𝐒𝐎𝐍𝐀𝐋 𝐁𝐔𝐈𝐋𝐃
#PCMERCHANDISE #PCMBUILDS",,0,"10/18/2023 15:32",,https://www.facebook.com/pcmerchandise.co/posts/pfbid0dmRbLoK6fGiX0hReNcmDusSTvKXWY38foTKTUJRIgO2oquHnEZx9E0y2,0,0,Photos,,,,,10/10/2023,,,0,0,0,0,0,0,,,,,
1043352907644734,100064197037125,"PC Merchandise","𝐒𝐎𝐋𝐃 𝐑𝐘𝐙𝐄𝐍 𝟓 𝟑𝟒𝟎𝟎𝐆 (8PCS)
𝐏𝐄𝐑𝐒𝐎𝐍𝐀𝐋 𝐁𝐔𝐈𝐋𝐃
#PCMERCHANDISE #PCMBUILDS",,0,"10/18/2023 15:32",,https://www.facebook.com/pcmerchandise.co/posts/pfbid0dmRbLoK6fGiX0hReNcmDusSTvKXWY38foTKTUJRIgO2oquHnEZx9E0y2,0,0,Photos,,,,,10/11/2023,,,0,0,0,0,0,0,,,,,
1043352907644734,100064197037125,"PC Merchandise","𝐒𝐎𝐋𝐃 𝐑𝐘𝐙𝐄𝐍 𝟓 𝟑𝟒𝟎𝟎𝐆 (8PCS)
𝐏𝐄𝐑𝐒𝐎𝐍𝐀𝐋 𝐁𝐔𝐈𝐋𝐃
#PCMERCHANDISE #PCMBUILDS",,0,"10/18/2023 15:32",,https://www.facebook.com/pcmerchandise.co/posts/pfbid0dmRbLoK6fGiX0hReNcmDusSTvKXWY38foTKTUJRIgO2oquHnEZx9E0y2,0,0,Photos,,,,,10/12/2023,,,0,0,0,0,0,0,,,,,
1043352907644734,100064197037125,"PC Merchandise","𝐒𝐎𝐋𝐃 𝐑𝐘𝐙𝐄𝐍 𝟓 𝟑𝟒𝟎𝟎𝐆 (8PCS)
𝐏𝐄𝐑𝐒𝐎𝐍𝐀𝐋 𝐁𝐔𝐈𝐋𝐃
#PCMERCHANDISE #PCMBUILDS",,0,"10/18/2023 15:32",,https://www.facebook.com/pcmerchandise.co/posts/pfbid0dmRbLoK6fGiX0hReNcmDusSTvKXWY38foTKTUJRIgO2oquHnEZx9E0y2,0,0,Photos,,,,,10/13/2023,,,0,0,0,0,0,0,,,,,
1043352907644734,100064197037125,"PC Merchandise","𝐒𝐎𝐋𝐃 𝐑𝐘𝐙𝐄𝐍 𝟓 𝟑𝟒𝟎𝟎𝐆 (8PCS)
𝐏𝐄𝐑𝐒𝐎𝐍𝐀𝐋 𝐁𝐔𝐈𝐋𝐃
#PCMERCHANDISE #PCMBUILDS",,0,"10/18/2023 15:32",,https://www.facebook.com/pcmerchandise.co/posts/pfbid0dmRbLoK6fGiX0hReNcmDusSTvKXWY38foTKTUJRIgO2oquHnEZx9E0y2,0,0,Photos,,,,,10/14/2023,,,0,0,0,0,0,0,,,,,
1043352907644734,100064197037125,"PC Merchandise","𝐒𝐎𝐋𝐃 𝐑𝐘𝐙𝐄𝐍 𝟓 𝟑𝟒𝟎𝟎𝐆 (8PCS)
𝐏𝐄𝐑𝐒𝐎𝐍𝐀𝐋 𝐁𝐔𝐈𝐋𝐃
#PCMERCHANDISE #PCMBUILDS",,0,"10/18/2023 15:32",,https://www.facebook.com/pcmerchandise.co/posts/pfbid0dmRbLoK6fGiX0hReNcmDusSTvKXWY38foTKTUJRIgO2oquHnEZx9E0y2,0,0,Photos,,,,,10/15/2023,,,0,0,0,0,0,0,,,,,
1043352907644734,100064197037125,"PC Merchandise","𝐒𝐎𝐋𝐃 𝐑𝐘𝐙𝐄𝐍 𝟓 𝟑𝟒𝟎𝟎𝐆 (8PCS)
𝐏𝐄𝐑𝐒𝐎𝐍𝐀𝐋 𝐁𝐔𝐈𝐋𝐃
#PCMERCHANDISE #PCMBUILDS",,0,"10/18/2023 15:32",,https://www.facebook.com/pcmerchandise.co/posts/pfbid0dmRbLoK6fGiX0hReNcmDusSTvKXWY38foTKTUJRIgO2oquHnEZx9E0y2,0,0,Photos,,,,,10/16/2023,,,0,0,0,0,0,0,,,,,
1043352907644734,100064197037125,"PC Merchandise","𝐒𝐎𝐋𝐃 𝐑𝐘𝐙𝐄𝐍 𝟓 𝟑𝟒𝟎𝟎𝐆 (8PCS)
𝐏𝐄𝐑𝐒𝐎𝐍𝐀𝐋 𝐁𝐔𝐈𝐋𝐃
#PCMERCHANDISE #PCMBUILDS",,0,"10/18/2023 15:32",,https://www.facebook.com/pcmerchandise.co/posts/pfbid0dmRbLoK6fGiX0hReNcmDusSTvKXWY38foTKTUJRIgO2oquHnEZx9E0y2,0,0,Photos,,,,,10/17/2023,,,0,0,0,0,0,0,,,,,
1043352907644734,100064197037125,"PC Merchandise","𝐒𝐎𝐋𝐃 𝐑𝐘𝐙𝐄𝐍 𝟓 𝟑𝟒𝟎𝟎𝐆 (8PCS)
𝐏𝐄𝐑𝐒𝐎𝐍𝐀𝐋 𝐁𝐔𝐈𝐋𝐃
#PCMERCHANDISE #PCMBUILDS",,0,"10/18/2023 15:32",,https://www.facebook.com/pcmerchandise.co/posts/pfbid0dmRbLoK6fGiX0hReNcmDusSTvKXWY38foTKTUJRIgO2oquHnEZx9E0y2,0,0,Photos,,,,,10/18/2023,,,0,0,0,0,0,0,,,,,
1043352907644734,100064197037125,"PC Merchandise","𝐒𝐎𝐋𝐃 𝐑𝐘𝐙𝐄𝐍 𝟓 𝟑𝟒𝟎𝟎𝐆 (8PCS)
𝐏𝐄𝐑𝐒𝐎𝐍𝐀𝐋 𝐁𝐔𝐈𝐋𝐃
#PCMERCHANDISE #PCMBUILDS",,0,"10/18/2023 15:32",,https://www.facebook.com/pcmerchandise.co/posts/pfbid0dmRbLoK6fGiX0hReNcmDusSTvKXWY38foTKTUJRIgO2oquHnEZx9E0y2,0,0,Photos,,,,,10/19/2023,,,0,0,0,0,0,0,,,,,
1043352907644734,100064197037125,"PC Merchandise","𝐒𝐎𝐋𝐃 𝐑𝐘𝐙𝐄𝐍 𝟓 𝟑𝟒𝟎𝟎𝐆 (8PCS)
𝐏𝐄𝐑𝐒𝐎𝐍𝐀𝐋 𝐁𝐔𝐈𝐋𝐃
#PCMERCHANDISE #PCMBUILDS",,0,"10/18/2023 15:32",,https://www.facebook.com/pcmerchandise.co/posts/pfbid0dmRbLoK6fGiX0hReNcmDusSTvKXWY38foTKTUJRIgO2oquHnEZx9E0y2,0,0,Photos,,,,,10/20/2023,,,0,0,0,0,0,0,,,,,
1043352907644734,100064197037125,"PC Merchandise","𝐒𝐎𝐋𝐃 𝐑𝐘𝐙𝐄𝐍 𝟓 𝟑𝟒𝟎𝟎𝐆 (8PCS)
𝐏𝐄𝐑𝐒𝐎𝐍𝐀𝐋 𝐁𝐔𝐈𝐋𝐃
#PCMERCHANDISE #PCMBUILDS",,0,"10/18/2023 15:32",,https://www.facebook.com/pcmerchandise.co/posts/pfbid0dmRbLoK6fGiX0hReNcmDusSTvKXWY38foTKTUJRIgO2oquHnEZx9E0y2,0,0,Photos,,,,,10/21/2023,,,0,0,0,0,0,0,,,,,
1043352907644734,100064197037125,"PC Merchandise","𝐒𝐎𝐋𝐃 𝐑𝐘𝐙𝐄𝐍 𝟓 𝟑𝟒𝟎𝟎𝐆 (8PCS)
𝐏𝐄𝐑𝐒𝐎𝐍𝐀𝐋 𝐁𝐔𝐈𝐋𝐃
#PCMERCHANDISE #PCMBUILDS",,0,"10/18/2023 15:32",,https://www.facebook.com/pcmerchandise.co/posts/pfbid0dmRbLoK6fGiX0hReNcmDusSTvKXWY38foTKTUJRIgO2oquHnEZx9E0y2,0,0,Photos,,,,,10/22/2023,,,0,0,0,0,0,0,,,,,
1043352907644734,100064197037125,"PC Merchandise","𝐒𝐎𝐋𝐃 𝐑𝐘𝐙𝐄𝐍 𝟓 𝟑𝟒𝟎𝟎𝐆 (8PCS)
𝐏𝐄𝐑𝐒𝐎𝐍𝐀𝐋 𝐁𝐔𝐈𝐋𝐃
#PCMERCHANDISE #PCMBUILDS",,0,"10/18/2023 15:32",,https://www.facebook.com/pcmerchandise.co/posts/pfbid0dmRbLoK6fGiX0hReNcmDusSTvKXWY38foTKTUJRIgO2oquHnEZx9E0y2,0,0,Photos,,,,,10/23/2023,,,0,0,0,0,0,0,,,,,
1043352907644734,100064197037125,"PC Merchandise","𝐒𝐎𝐋𝐃 𝐑𝐘𝐙𝐄𝐍 𝟓 𝟑𝟒𝟎𝟎𝐆 (8PCS)
𝐏𝐄𝐑𝐒𝐎𝐍𝐀𝐋 𝐁𝐔𝐈𝐋𝐃
#PCMERCHANDISE #PCMBUILDS",,0,"10/18/2023 15:32",,https://www.facebook.com/pcmerchandise.co/posts/pfbid0dmRbLoK6fGiX0hReNcmDusSTvKXWY38foTKTUJRIgO2oquHnEZx9E0y2,0,0,Photos,,,,,10/24/2023,,,0,0,0,0,0,0,,,,,
1043352907644734,100064197037125,"PC Merchandise","𝐒𝐎𝐋𝐃 𝐑𝐘𝐙𝐄𝐍 𝟓 𝟑𝟒𝟎𝟎𝐆 (8PCS)
𝐏𝐄𝐑𝐒𝐎𝐍𝐀𝐋 𝐁𝐔𝐈𝐋𝐃
#PCMERCHANDISE #PCMBUILDS",,0,"10/18/2023 15:32",,https://www.facebook.com/pcmerchandise.co/posts/pfbid0dmRbLoK6fGiX0hReNcmDusSTvKXWY38foTKTUJRIgO2oquHnEZx9E0y2,0,0,Photos,,,,,10/25/2023,,,0,0,0,0,0,0,,,,,
1043352907644734,100064197037125,"PC Merchandise","𝐒𝐎𝐋𝐃 𝐑𝐘𝐙𝐄𝐍 𝟓 𝟑𝟒𝟎𝟎𝐆 (8PCS)
𝐏𝐄𝐑𝐒𝐎𝐍𝐀𝐋 𝐁𝐔𝐈𝐋𝐃
#PCMERCHANDISE #PCMBUILDS",,0,"10/18/2023 15:32",,https://www.facebook.com/pcmerchandise.co/posts/pfbid0dmRbLoK6fGiX0hReNcmDusSTvKXWY38foTKTUJRIgO2oquHnEZx9E0y2,0,0,Photos,,,,,10/26/2023,,,0,0,0,0,0,0,,,,,
1043352907644734,100064197037125,"PC Merchandise","𝐒𝐎𝐋𝐃 𝐑𝐘𝐙𝐄𝐍 𝟓 𝟑𝟒𝟎𝟎𝐆 (8PCS)
𝐏𝐄𝐑𝐒𝐎𝐍𝐀𝐋 𝐁𝐔𝐈𝐋𝐃
#PCMERCHANDISE #PCMBUILDS",,0,"10/18/2023 15:32",,https://www.facebook.com/pcmerchandise.co/posts/pfbid0dmRbLoK6fGiX0hReNcmDusSTvKXWY38foTKTUJRIgO2oquHnEZx9E0y2,0,0,Photos,,,,,10/27/2023,,,0,0,0,0,0,0,,,,,
1043352907644734,100064197037125,"PC Merchandise","𝐒𝐎𝐋𝐃 𝐑𝐘𝐙𝐄𝐍 𝟓 𝟑𝟒𝟎𝟎𝐆 (8PCS)
𝐏𝐄𝐑𝐒𝐎𝐍𝐀𝐋 𝐁𝐔𝐈𝐋𝐃
#PCMERCHANDISE #PCMBUILDS",,0,"10/18/2023 15:32",,https://www.facebook.com/pcmerchandise.co/posts/pfbid0dmRbLoK6fGiX0hReNcmDusSTvKXWY38foTKTUJRIgO2oquHnEZx9E0y2,0,0,Photos,,,,,10/28/2023,,,0,0,0,0,0,0,,,,,
1043352907644734,100064197037125,"PC Merchandise","𝐒𝐎𝐋𝐃 𝐑𝐘𝐙𝐄𝐍 𝟓 𝟑𝟒𝟎𝟎𝐆 (8PCS)
𝐏𝐄𝐑𝐒𝐎𝐍𝐀𝐋 𝐁𝐔𝐈𝐋𝐃
#PCMERCHANDISE #PCMBUILDS",,0,"10/18/2023 15:32",,https://www.facebook.com/pcmerchandise.co/posts/pfbid0dmRbLoK6fGiX0hReNcmDusSTvKXWY38foTKTUJRIgO2oquHnEZx9E0y2,0,0,Photos,,,,,10/29/2023,,,0,0,0,0,0,0,,,,,
1043352907644734,100064197037125,"PC Merchandise","𝐒𝐎𝐋𝐃 𝐑𝐘𝐙𝐄𝐍 𝟓 𝟑𝟒𝟎𝟎𝐆 (8PCS)
𝐏𝐄𝐑𝐒𝐎𝐍𝐀𝐋 𝐁𝐔𝐈𝐋𝐃
#PCMERCHANDISE #PCMBUILDS",,0,"10/18/2023 15:32",,https://www.facebook.com/pcmerchandise.co/posts/pfbid0dmRbLoK6fGiX0hReNcmDusSTvKXWY38foTKTUJRIgO2oquHnEZx9E0y2,0,0,Photos,,,,,10/30/2023,,,0,0,0,0,0,0,,,,,
1043352907644734,100064197037125,"PC Merchandise","𝐒𝐎𝐋𝐃 𝐑𝐘𝐙𝐄𝐍 𝟓 𝟑𝟒𝟎𝟎𝐆 (8PCS)
𝐏𝐄𝐑𝐒𝐎𝐍𝐀𝐋 𝐁𝐔𝐈𝐋𝐃
#PCMERCHANDISE #PCMBUILDS",,0,"10/18/2023 15:32",,https://www.facebook.com/pcmerchandise.co/posts/pfbid0dmRbLoK6fGiX0hReNcmDusSTvKXWY38foTKTUJRIgO2oquHnEZx9E0y2,0,0,Photos,,,,,10/31/2023,,,0,0,0,0,0,0,,,,,
1043598172428746,100064197037125,"PC Merchandise","𝐑𝐘𝐙𝐄𝐍 𝟓 𝟓𝟔𝟎𝟎𝐆 (𝟒𝐏𝐂𝐒)
𝐂𝐎𝐌𝐒𝐇𝐎𝐏 𝐏𝐀𝐂𝐊𝐀𝐆𝐄
#PCMERCHANDISE #PCMBUILDS",,0,"10/18/2023 02:01",,https://www.facebook.com/pcmerchandise.co/posts/pfbid0KF1sezpnOzHR0oHt5uaiqWqkr1SrpLPyrGGjkOOxDgXYVREx2ZujB2HJ,0,0,Photos,,,,,10/31/2023,0,,,,,,,,,,,,
1043598172428746,100064197037125,"PC Merchandise","𝐑𝐘𝐙𝐄𝐍 𝟓 𝟓𝟔𝟎𝟎𝐆 (𝟒𝐏𝐂𝐒)
𝐂𝐎𝐌𝐒𝐇𝐎𝐏 𝐏𝐀𝐂𝐊𝐀𝐆𝐄
#PCMERCHANDISE #PCMBUILDS",,0,"10/18/2023 02:01",,https://www.facebook.com/pcmerchandise.co/posts/pfbid0KF1sezpnOzHR0oHt5uaiqWqkr1SrpLPyrGGjkOOxDgXYVREx2ZujB2HJ,0,0,Photos,,,,,10/01/2023,,,0,0,0,0,0,0,,,,,
1043598172428746,100064197037125,"PC Merchandise","𝐑𝐘𝐙𝐄𝐍 𝟓 𝟓𝟔𝟎𝟎𝐆 (𝟒𝐏𝐂𝐒)
𝐂𝐎𝐌𝐒𝐇𝐎𝐏 𝐏𝐀𝐂𝐊𝐀𝐆𝐄
#PCMERCHANDISE #PCMBUILDS",,0,"10/18/2023 02:01",,https://www.facebook.com/pcmerchandise.co/posts/pfbid0KF1sezpnOzHR0oHt5uaiqWqkr1SrpLPyrGGjkOOxDgXYVREx2ZujB2HJ,0,0,Photos,,,,,10/02/2023,,,0,0,0,0,0,0,,,,,
1043598172428746,100064197037125,"PC Merchandise","𝐑𝐘𝐙𝐄𝐍 𝟓 𝟓𝟔𝟎𝟎𝐆 (𝟒𝐏𝐂𝐒)
𝐂𝐎𝐌𝐒𝐇𝐎𝐏 𝐏𝐀𝐂𝐊𝐀𝐆𝐄
#PCMERCHANDISE #PCMBUILDS",,0,"10/18/2023 02:01",,https://www.facebook.com/pcmerchandise.co/posts/pfbid0KF1sezpnOzHR0oHt5uaiqWqkr1SrpLPyrGGjkOOxDgXYVREx2ZujB2HJ,0,0,Photos,,,,,10/03/2023,,,0,0,0,0,0,0,,,,,
1043598172428746,100064197037125,"PC Merchandise","𝐑𝐘𝐙𝐄𝐍 𝟓 𝟓𝟔𝟎𝟎𝐆 (𝟒𝐏𝐂𝐒)
𝐂𝐎𝐌𝐒𝐇𝐎𝐏 𝐏𝐀𝐂𝐊𝐀𝐆𝐄
#PCMERCHANDISE #PCMBUILDS",,0,"10/18/2023 02:01",,https://www.facebook.com/pcmerchandise.co/posts/pfbid0KF1sezpnOzHR0oHt5uaiqWqkr1SrpLPyrGGjkOOxDgXYVREx2ZujB2HJ,0,0,Photos,,,,,10/04/2023,,,0,0,0,0,0,0,,,,,
1043598172428746,100064197037125,"PC Merchandise","𝐑𝐘𝐙𝐄𝐍 𝟓 𝟓𝟔𝟎𝟎𝐆 (𝟒𝐏𝐂𝐒)
𝐂𝐎𝐌𝐒𝐇𝐎𝐏 𝐏𝐀𝐂𝐊𝐀𝐆𝐄
#PCMERCHANDISE #PCMBUILDS",,0,"10/18/2023 02:01",,https://www.facebook.com/pcmerchandise.co/posts/pfbid0KF1sezpnOzHR0oHt5uaiqWqkr1SrpLPyrGGjkOOxDgXYVREx2ZujB2HJ,0,0,Photos,,,,,10/05/2023,,,0,0,0,0,0,0,,,,,
1043598172428746,100064197037125,"PC Merchandise","𝐑𝐘𝐙𝐄𝐍 𝟓 𝟓𝟔𝟎𝟎𝐆 (𝟒𝐏𝐂𝐒)
𝐂𝐎𝐌𝐒𝐇𝐎𝐏 𝐏𝐀𝐂𝐊𝐀𝐆𝐄
#PCMERCHANDISE #PCMBUILDS",,0,"10/18/2023 02:01",,https://www.facebook.com/pcmerchandise.co/posts/pfbid0KF1sezpnOzHR0oHt5uaiqWqkr1SrpLPyrGGjkOOxDgXYVREx2ZujB2HJ,0,0,Photos,,,,,10/06/2023,,,0,0,0,0,0,0,,,,,
1043598172428746,100064197037125,"PC Merchandise","𝐑𝐘𝐙𝐄𝐍 𝟓 𝟓𝟔𝟎𝟎𝐆 (𝟒𝐏𝐂𝐒)
𝐂𝐎𝐌𝐒𝐇𝐎𝐏 𝐏𝐀𝐂𝐊𝐀𝐆𝐄
#PCMERCHANDISE #PCMBUILDS",,0,"10/18/2023 02:01",,https://www.facebook.com/pcmerchandise.co/posts/pfbid0KF1sezpnOzHR0oHt5uaiqWqkr1SrpLPyrGGjkOOxDgXYVREx2ZujB2HJ,0,0,Photos,,,,,10/07/2023,,,0,0,0,0,0,0,,,,,
1043598172428746,100064197037125,"PC Merchandise","𝐑𝐘𝐙𝐄𝐍 𝟓 𝟓𝟔𝟎𝟎𝐆 (𝟒𝐏𝐂𝐒)
𝐂𝐎𝐌𝐒𝐇𝐎𝐏 𝐏𝐀𝐂𝐊𝐀𝐆𝐄
#PCMERCHANDISE #PCMBUILDS",,0,"10/18/2023 02:01",,https://www.facebook.com/pcmerchandise.co/posts/pfbid0KF1sezpnOzHR0oHt5uaiqWqkr1SrpLPyrGGjkOOxDgXYVREx2ZujB2HJ,0,0,Photos,,,,,10/08/2023,,,0,0,0,0,0,0,,,,,
1043598172428746,100064197037125,"PC Merchandise","𝐑𝐘𝐙𝐄𝐍 𝟓 𝟓𝟔𝟎𝟎𝐆 (𝟒𝐏𝐂𝐒)
𝐂𝐎𝐌𝐒𝐇𝐎𝐏 𝐏𝐀𝐂𝐊𝐀𝐆𝐄
#PCMERCHANDISE #PCMBUILDS",,0,"10/18/2023 02:01",,https://www.facebook.com/pcmerchandise.co/posts/pfbid0KF1sezpnOzHR0oHt5uaiqWqkr1SrpLPyrGGjkOOxDgXYVREx2ZujB2HJ,0,0,Photos,,,,,10/09/2023,,,0,0,0,0,0,0,,,,,
1043598172428746,100064197037125,"PC Merchandise","𝐑𝐘𝐙𝐄𝐍 𝟓 𝟓𝟔𝟎𝟎𝐆 (𝟒𝐏𝐂𝐒)
𝐂𝐎𝐌𝐒𝐇𝐎𝐏 𝐏𝐀𝐂𝐊𝐀𝐆𝐄
#PCMERCHANDISE #PCMBUILDS",,0,"10/18/2023 02:01",,https://www.facebook.com/pcmerchandise.co/posts/pfbid0KF1sezpnOzHR0oHt5uaiqWqkr1SrpLPyrGGjkOOxDgXYVREx2ZujB2HJ,0,0,Photos,,,,,10/10/2023,,,0,0,0,0,0,0,,,,,
1043598172428746,100064197037125,"PC Merchandise","𝐑𝐘𝐙𝐄𝐍 𝟓 𝟓𝟔𝟎𝟎𝐆 (𝟒𝐏𝐂𝐒)
𝐂𝐎𝐌𝐒𝐇𝐎𝐏 𝐏𝐀𝐂𝐊𝐀𝐆𝐄
#PCMERCHANDISE #PCMBUILDS",,0,"10/18/2023 02:01",,https://www.facebook.com/pcmerchandise.co/posts/pfbid0KF1sezpnOzHR0oHt5uaiqWqkr1SrpLPyrGGjkOOxDgXYVREx2ZujB2HJ,0,0,Photos,,,,,10/11/2023,,,0,0,0,0,0,0,,,,,
1043598172428746,100064197037125,"PC Merchandise","𝐑𝐘𝐙𝐄𝐍 𝟓 𝟓𝟔𝟎𝟎𝐆 (𝟒𝐏𝐂𝐒)
𝐂𝐎𝐌𝐒𝐇𝐎𝐏 𝐏𝐀𝐂𝐊𝐀𝐆𝐄
#PCMERCHANDISE #PCMBUILDS",,0,"10/18/2023 02:01",,https://www.facebook.com/pcmerchandise.co/posts/pfbid0KF1sezpnOzHR0oHt5uaiqWqkr1SrpLPyrGGjkOOxDgXYVREx2ZujB2HJ,0,0,Photos,,,,,10/12/2023,,,0,0,0,0,0,0,,,,,
1043598172428746,100064197037125,"PC Merchandise","𝐑𝐘𝐙𝐄𝐍 𝟓 𝟓𝟔𝟎𝟎𝐆 (𝟒𝐏𝐂𝐒)
𝐂𝐎𝐌𝐒𝐇𝐎𝐏 𝐏𝐀𝐂𝐊𝐀𝐆𝐄
#PCMERCHANDISE #PCMBUILDS",,0,"10/18/2023 02:01",,https://www.facebook.com/pcmerchandise.co/posts/pfbid0KF1sezpnOzHR0oHt5uaiqWqkr1SrpLPyrGGjkOOxDgXYVREx2ZujB2HJ,0,0,Photos,,,,,10/13/2023,,,0,0,0,0,0,0,,,,,
1043598172428746,100064197037125,"PC Merchandise","𝐑𝐘𝐙𝐄𝐍 𝟓 𝟓𝟔𝟎𝟎𝐆 (𝟒𝐏𝐂𝐒)
𝐂𝐎𝐌𝐒𝐇𝐎𝐏 𝐏𝐀𝐂𝐊𝐀𝐆𝐄
#PCMERCHANDISE #PCMBUILDS",,0,"10/18/2023 02:01",,https://www.facebook.com/pcmerchandise.co/posts/pfbid0KF1sezpnOzHR0oHt5uaiqWqkr1SrpLPyrGGjkOOxDgXYVREx2ZujB2HJ,0,0,Photos,,,,,10/14/2023,,,0,0,0,0,0,0,,,,,
1043598172428746,100064197037125,"PC Merchandise","𝐑𝐘𝐙𝐄𝐍 𝟓 𝟓𝟔𝟎𝟎𝐆 (𝟒𝐏𝐂𝐒)
𝐂𝐎𝐌𝐒𝐇𝐎𝐏 𝐏𝐀𝐂𝐊𝐀𝐆𝐄
#PCMERCHANDISE #PCMBUILDS",,0,"10/18/2023 02:01",,https://www.facebook.com/pcmerchandise.co/posts/pfbid0KF1sezpnOzHR0oHt5uaiqWqkr1SrpLPyrGGjkOOxDgXYVREx2ZujB2HJ,0,0,Photos,,,,,10/15/2023,,,0,0,0,0,0,0,,,,,
1043598172428746,100064197037125,"PC Merchandise","𝐑𝐘𝐙𝐄𝐍 𝟓 𝟓𝟔𝟎𝟎𝐆 (𝟒𝐏𝐂𝐒)
𝐂𝐎𝐌𝐒𝐇𝐎𝐏 𝐏𝐀𝐂𝐊𝐀𝐆𝐄
#PCMERCHANDISE #PCMBUILDS",,0,"10/18/2023 02:01",,https://www.facebook.com/pcmerchandise.co/posts/pfbid0KF1sezpnOzHR0oHt5uaiqWqkr1SrpLPyrGGjkOOxDgXYVREx2ZujB2HJ,0,0,Photos,,,,,10/16/2023,,,0,0,0,0,0,0,,,,,
1043598172428746,100064197037125,"PC Merchandise","𝐑𝐘𝐙𝐄𝐍 𝟓 𝟓𝟔𝟎𝟎𝐆 (𝟒𝐏𝐂𝐒)
𝐂𝐎𝐌𝐒𝐇𝐎𝐏 𝐏𝐀𝐂𝐊𝐀𝐆𝐄
#PCMERCHANDISE #PCMBUILDS",,0,"10/18/2023 02:01",,https://www.facebook.com/pcmerchandise.co/posts/pfbid0KF1sezpnOzHR0oHt5uaiqWqkr1SrpLPyrGGjkOOxDgXYVREx2ZujB2HJ,0,0,Photos,,,,,10/17/2023,,,0,0,0,0,0,0,,,,,
1043598172428746,100064197037125,"PC Merchandise","𝐑𝐘𝐙𝐄𝐍 𝟓 𝟓𝟔𝟎𝟎𝐆 (𝟒𝐏𝐂𝐒)
𝐂𝐎𝐌𝐒𝐇𝐎𝐏 𝐏𝐀𝐂𝐊𝐀𝐆𝐄
#PCMERCHANDISE #PCMBUILDS",,0,"10/18/2023 02:01",,https://www.facebook.com/pcmerchandise.co/posts/pfbid0KF1sezpnOzHR0oHt5uaiqWqkr1SrpLPyrGGjkOOxDgXYVREx2ZujB2HJ,0,0,Photos,,,,,10/18/2023,,,0,0,0,0,0,0,,,,,
1043598172428746,100064197037125,"PC Merchandise","𝐑𝐘𝐙𝐄𝐍 𝟓 𝟓𝟔𝟎𝟎𝐆 (𝟒𝐏𝐂𝐒)
𝐂𝐎𝐌𝐒𝐇𝐎𝐏 𝐏𝐀𝐂𝐊𝐀𝐆𝐄
#PCMERCHANDISE #PCMBUILDS",,0,"10/18/2023 02:01",,https://www.facebook.com/pcmerchandise.co/posts/pfbid0KF1sezpnOzHR0oHt5uaiqWqkr1SrpLPyrGGjkOOxDgXYVREx2ZujB2HJ,0,0,Photos,,,,,10/19/2023,,,0,0,0,0,0,0,,,,,
1043598172428746,100064197037125,"PC Merchandise","𝐑𝐘𝐙𝐄𝐍 𝟓 𝟓𝟔𝟎𝟎𝐆 (𝟒𝐏𝐂𝐒)
𝐂𝐎𝐌𝐒𝐇𝐎𝐏 𝐏𝐀𝐂𝐊𝐀𝐆𝐄
#PCMERCHANDISE #PCMBUILDS",,0,"10/18/2023 02:01",,https://www.facebook.com/pcmerchandise.co/posts/pfbid0KF1sezpnOzHR0oHt5uaiqWqkr1SrpLPyrGGjkOOxDgXYVREx2ZujB2HJ,0,0,Photos,,,,,10/20/2023,,,0,0,0,0,0,0,,,,,
1043598172428746,100064197037125,"PC Merchandise","𝐑𝐘𝐙𝐄𝐍 𝟓 𝟓𝟔𝟎𝟎𝐆 (𝟒𝐏𝐂𝐒)
𝐂𝐎𝐌𝐒𝐇𝐎𝐏 𝐏𝐀𝐂𝐊𝐀𝐆𝐄
#PCMERCHANDISE #PCMBUILDS",,0,"10/18/2023 02:01",,https://www.facebook.com/pcmerchandise.co/posts/pfbid0KF1sezpnOzHR0oHt5uaiqWqkr1SrpLPyrGGjkOOxDgXYVREx2ZujB2HJ,0,0,Photos,,,,,10/21/2023,,,0,0,0,0,0,0,,,,,
1043598172428746,100064197037125,"PC Merchandise","𝐑𝐘𝐙𝐄𝐍 𝟓 𝟓𝟔𝟎𝟎𝐆 (𝟒𝐏𝐂𝐒)
𝐂𝐎𝐌𝐒𝐇𝐎𝐏 𝐏𝐀𝐂𝐊𝐀𝐆𝐄
#PCMERCHANDISE #PCMBUILDS",,0,"10/18/2023 02:01",,https://www.facebook.com/pcmerchandise.co/posts/pfbid0KF1sezpnOzHR0oHt5uaiqWqkr1SrpLPyrGGjkOOxDgXYVREx2ZujB2HJ,0,0,Photos,,,,,10/22/2023,,,0,0,0,0,0,0,,,,,
1043598172428746,100064197037125,"PC Merchandise","𝐑𝐘𝐙𝐄𝐍 𝟓 𝟓𝟔𝟎𝟎𝐆 (𝟒𝐏𝐂𝐒)
𝐂𝐎𝐌𝐒𝐇𝐎𝐏 𝐏𝐀𝐂𝐊𝐀𝐆𝐄
#PCMERCHANDISE #PCMBUILDS",,0,"10/18/2023 02:01",,https://www.facebook.com/pcmerchandise.co/posts/pfbid0KF1sezpnOzHR0oHt5uaiqWqkr1SrpLPyrGGjkOOxDgXYVREx2ZujB2HJ,0,0,Photos,,,,,10/23/2023,,,0,0,0,0,0,0,,,,,
1043598172428746,100064197037125,"PC Merchandise","𝐑𝐘𝐙𝐄𝐍 𝟓 𝟓𝟔𝟎𝟎𝐆 (𝟒𝐏𝐂𝐒)
𝐂𝐎𝐌𝐒𝐇𝐎𝐏 𝐏𝐀𝐂𝐊𝐀𝐆𝐄
#PCMERCHANDISE #PCMBUILDS",,0,"10/18/2023 02:01",,https://www.facebook.com/pcmerchandise.co/posts/pfbid0KF1sezpnOzHR0oHt5uaiqWqkr1SrpLPyrGGjkOOxDgXYVREx2ZujB2HJ,0,0,Photos,,,,,10/24/2023,,,0,0,0,0,0,0,,,,,
1043598172428746,100064197037125,"PC Merchandise","𝐑𝐘𝐙𝐄𝐍 𝟓 𝟓𝟔𝟎𝟎𝐆 (𝟒𝐏𝐂𝐒)
𝐂𝐎𝐌𝐒𝐇𝐎𝐏 𝐏𝐀𝐂𝐊𝐀𝐆𝐄
#PCMERCHANDISE #PCMBUILDS",,0,"10/18/2023 02:01",,https://www.facebook.com/pcmerchandise.co/posts/pfbid0KF1sezpnOzHR0oHt5uaiqWqkr1SrpLPyrGGjkOOxDgXYVREx2ZujB2HJ,0,0,Photos,,,,,10/25/2023,,,0,0,0,0,0,0,,,,,
1043598172428746,100064197037125,"PC Merchandise","𝐑𝐘𝐙𝐄𝐍 𝟓 𝟓𝟔𝟎𝟎𝐆 (𝟒𝐏𝐂𝐒)
𝐂𝐎𝐌𝐒𝐇𝐎𝐏 𝐏𝐀𝐂𝐊𝐀𝐆𝐄
#PCMERCHANDISE #PCMBUILDS",,0,"10/18/2023 02:01",,https://www.facebook.com/pcmerchandise.co/posts/pfbid0KF1sezpnOzHR0oHt5uaiqWqkr1SrpLPyrGGjkOOxDgXYVREx2ZujB2HJ,0,0,Photos,,,,,10/26/2023,,,0,0,0,0,0,0,,,,,
1043598172428746,100064197037125,"PC Merchandise","𝐑𝐘𝐙𝐄𝐍 𝟓 𝟓𝟔𝟎𝟎𝐆 (𝟒𝐏𝐂𝐒)
𝐂𝐎𝐌𝐒𝐇𝐎𝐏 𝐏𝐀𝐂𝐊𝐀𝐆𝐄
#PCMERCHANDISE #PCMBUILDS",,0,"10/18/2023 02:01",,https://www.facebook.com/pcmerchandise.co/posts/pfbid0KF1sezpnOzHR0oHt5uaiqWqkr1SrpLPyrGGjkOOxDgXYVREx2ZujB2HJ,0,0,Photos,,,,,10/27/2023,,,0,0,0,0,0,0,,,,,
1043598172428746,100064197037125,"PC Merchandise","𝐑𝐘𝐙𝐄𝐍 𝟓 𝟓𝟔𝟎𝟎𝐆 (𝟒𝐏𝐂𝐒)
𝐂𝐎𝐌𝐒𝐇𝐎𝐏 𝐏𝐀𝐂𝐊𝐀𝐆𝐄
#PCMERCHANDISE #PCMBUILDS",,0,"10/18/2023 02:01",,https://www.facebook.com/pcmerchandise.co/posts/pfbid0KF1sezpnOzHR0oHt5uaiqWqkr1SrpLPyrGGjkOOxDgXYVREx2ZujB2HJ,0,0,Photos,,,,,10/28/2023,,,0,0,0,0,0,0,,,,,
1043598172428746,100064197037125,"PC Merchandise","𝐑𝐘𝐙𝐄𝐍 𝟓 𝟓𝟔𝟎𝟎𝐆 (𝟒𝐏𝐂𝐒)
𝐂𝐎𝐌𝐒𝐇𝐎𝐏 𝐏𝐀𝐂𝐊𝐀𝐆𝐄
#PCMERCHANDISE #PCMBUILDS",,0,"10/18/2023 02:01",,https://www.facebook.com/pcmerchandise.co/posts/pfbid0KF1sezpnOzHR0oHt5uaiqWqkr1SrpLPyrGGjkOOxDgXYVREx2ZujB2HJ,0,0,Photos,,,,,10/29/2023,,,0,0,0,0,0,0,,,,,
1043598172428746,100064197037125,"PC Merchandise","𝐑𝐘𝐙𝐄𝐍 𝟓 𝟓𝟔𝟎𝟎𝐆 (𝟒𝐏𝐂𝐒)
𝐂𝐎𝐌𝐒𝐇𝐎𝐏 𝐏𝐀𝐂𝐊𝐀𝐆𝐄
#PCMERCHANDISE #PCMBUILDS",,0,"10/18/2023 02:01",,https://www.facebook.com/pcmerchandise.co/posts/pfbid0KF1sezpnOzHR0oHt5uaiqWqkr1SrpLPyrGGjkOOxDgXYVREx2ZujB2HJ,0,0,Photos,,,,,10/30/2023,,,0,0,0,0,0,0,,,,,
1043598172428746,100064197037125,"PC Merchandise","𝐑𝐘𝐙𝐄𝐍 𝟓 𝟓𝟔𝟎𝟎𝐆 (𝟒𝐏𝐂𝐒)
𝐂𝐎𝐌𝐒𝐇𝐎𝐏 𝐏𝐀𝐂𝐊𝐀𝐆𝐄
#PCMERCHANDISE #PCMBUILDS",,0,"10/18/2023 02:01",,https://www.facebook.com/pcmerchandise.co/posts/pfbid0KF1sezpnOzHR0oHt5uaiqWqkr1SrpLPyrGGjkOOxDgXYVREx2ZujB2HJ,0,0,Photos,,,,,10/31/2023,,,0,0,0,0,0,0,,,,,
1043168284749291,100064197037125,"PC Merchandise","Do you want an aesthetic build that matches your gaming needs? i5 12400F builds available now!",,45,"10/17/2023 02:00",,https://www.facebook.com/reel/1896845797561006/,0,0,Reels,,,,,10/01/2023,0,,,,,,0,0,0,0,0,0.000,2.832
1043168284749291,100064197037125,"PC Merchandise","Do you want an aesthetic build that matches your gaming needs? i5 12400F builds available now!",,45,"10/17/2023 02:00",,https://www.facebook.com/reel/1896845797561006/,0,0,Reels,,,,,10/02/2023,0,,,,,,0,0,0,0,0,0.000,2.222
1043168284749291,100064197037125,"PC Merchandise","Do you want an aesthetic build that matches your gaming needs? i5 12400F builds available now!",,45,"10/17/2023 02:00",,https://www.facebook.com/reel/1896845797561006/,0,0,Reels,,,,,10/03/2023,0,,,,,,0,0,0,0,0,0.000,3.207
1043168284749291,100064197037125,"PC Merchandise","Do you want an aesthetic build that matches your gaming needs? i5 12400F builds available now!",,45,"10/17/2023 02:00",,https://www.facebook.com/reel/1896845797561006/,0,0,Reels,,,,,10/04/2023,0,,,,,,0,0,0,0,0,0.000,3.564
1043168284749291,100064197037125,"PC Merchandise","Do you want an aesthetic build that matches your gaming needs? i5 12400F builds available now!",,45,"10/17/2023 02:00",,https://www.facebook.com/reel/1896845797561006/,0,0,Reels,,,,,10/05/2023,0,,,,,,0,0,0,0,0,0.000,1.974
1043168284749291,100064197037125,"PC Merchandise","Do you want an aesthetic build that matches your gaming needs? i5 12400F builds available now!",,45,"10/17/2023 02:00",,https://www.facebook.com/reel/1896845797561006/,0,0,Reels,,,,,10/06/2023,0,,,,,,0,0,0,0,0,0.000,3.220
1043168284749291,100064197037125,"PC Merchandise","Do you want an aesthetic build that matches your gaming needs? i5 12400F builds available now!",,45,"10/17/2023 02:00",,https://www.facebook.com/reel/1896845797561006/,0,0,Reels,,,,,10/07/2023,0,,,,,,0,0,0,0,0,0.000,2.335
1043168284749291,100064197037125,"PC Merchandise","Do you want an aesthetic build that matches your gaming needs? i5 12400F builds available now!",,45,"10/17/2023 02:00",,https://www.facebook.com/reel/1896845797561006/,0,0,Reels,,,,,10/08/2023,0,,,,,,0,0,0,0,0,0.000,2.958
1043168284749291,100064197037125,"PC Merchandise","Do you want an aesthetic build that matches your gaming needs? i5 12400F builds available now!",,45,"10/17/2023 02:00",,https://www.facebook.com/reel/1896845797561006/,0,0,Reels,,,,,10/09/2023,0,,,,,,0,0,0,0,0,0.000,3.226
1043168284749291,100064197037125,"PC Merchandise","Do you want an aesthetic build that matches your gaming needs? i5 12400F builds available now!",,45,"10/17/2023 02:00",,https://www.facebook.com/reel/1896845797561006/,0,0,Reels,,,,,10/10/2023,0,,,,,,0,0,0,0,0,0.000,2.091
1043168284749291,100064197037125,"PC Merchandise","Do you want an aesthetic build that matches your gaming needs? i5 12400F builds available now!",,45,"10/17/2023 02:00",,https://www.facebook.com/reel/1896845797561006/,0,0,Reels,,,,,10/11/2023,0,,,,,,0,0,0,0,0,0.000,2.264
1043168284749291,100064197037125,"PC Merchandise","Do you want an aesthetic build that matches your gaming needs? i5 12400F builds available now!",,45,"10/17/2023 02:00",,https://www.facebook.com/reel/1896845797561006/,0,0,Reels,,,,,10/12/2023,0,,,,,,0,0,0,0,0,0.000,1.994
1043168284749291,100064197037125,"PC Merchandise","Do you want an aesthetic build that matches your gaming needs? i5 12400F builds available now!",,45,"10/17/2023 02:00",,https://www.facebook.com/reel/1896845797561006/,0,0,Reels,,,,,10/13/2023,0,,,,,,0,0,0,0,0,0.000,1.910
1043168284749291,100064197037125,"PC Merchandise","Do you want an aesthetic build that matches your gaming needs? i5 12400F builds available now!",,45,"10/17/2023 02:00",,https://www.facebook.com/reel/1896845797561006/,0,0,Reels,,,,,10/14/2023,0,,,,,,0,0,0,0,0,0.000,1.642
1043168284749291,100064197037125,"PC Merchandise","Do you want an aesthetic build that matches your gaming needs? i5 12400F builds available now!",,45,"10/17/2023 02:00",,https://www.facebook.com/reel/1896845797561006/,0,0,Reels,,,,,10/15/2023,0,,,,,,0,0,0,0,0,0.000,3.165
1043168284749291,100064197037125,"PC Merchandise","Do you want an aesthetic build that matches your gaming needs? i5 12400F builds available now!",,45,"10/17/2023 02:00",,https://www.facebook.com/reel/1896845797561006/,0,0,Reels,,,,,10/16/2023,0,,,,,,0,0,0,0,0,0.000,1.793
1043168284749291,100064197037125,"PC Merchandise","Do you want an aesthetic build that matches your gaming needs? i5 12400F builds available now!",,45,"10/17/2023 02:00",,https://www.facebook.com/reel/1896845797561006/,0,0,Reels,,,,,10/17/2023,0,,,,,,0,0,0,0,0,279.524,1.500
1043168284749291,100064197037125,"PC Merchandise","Do you want an aesthetic build that matches your gaming needs? i5 12400F builds available now!",,45,"10/17/2023 02:00",,https://www.facebook.com/reel/1896845797561006/,0,0,Reels,,,,,10/18/2023,0,,,,,,0,0,0,0,0,151.120,3.927
1043168284749291,100064197037125,"PC Merchandise","Do you want an aesthetic build that matches your gaming needs? i5 12400F builds available now!",,45,"10/17/2023 02:00",,https://www.facebook.com/reel/1896845797561006/,0,0,Reels,,,,,10/19/2023,0,,,,,,0,0,0,0,0,133.074,3.214
1043168284749291,100064197037125,"PC Merchandise","Do you want an aesthetic build that matches your gaming needs? i5 12400F builds available now!",,45,"10/17/2023 02:00",,https://www.facebook.com/reel/1896845797561006/,0,0,Reels,,,,,10/20/2023,0,,,,,,0,0,0,0,0,78.936,2.898
1043168284749291,100064197037125,"PC Merchandise","Do you want an aesthetic build that matches your gaming needs? i5 12400F builds available now!",,45,"10/17/2023 02:00",,https://www.facebook.com/reel/1896845797561006/,0,0,Reels,,,,,10/21/2023,0,,,,,,0,0,0,0,0,128.914,3.738
1043168284749291,100064197037125,"PC Merchandise","Do you want an aesthetic build that matches your gaming needs? i5 12400F builds available now!",,45,"10/17/2023 02:00",,https://www.facebook.com/reel/1896845797561006/,0,0,Reels,,,,,10/22/2023,0,,,,,,0,0,0,0,0,48.234,1.682
1043168284749291,100064197037125,"PC Merchandise","Do you want an aesthetic build that matches your gaming needs? i5 12400F builds available now!",,45,"10/17/2023 02:00",,https://www.facebook.com/reel/1896845797561006/,0,0,Reels,,,,,10/23/2023,0,,,,,,0,0,0,0,0,36.672,3.257
1043168284749291,100064197037125,"PC Merchandise","Do you want an aesthetic build that matches your gaming needs? i5 12400F builds available now!",,45,"10/17/2023 02:00",,https://www.facebook.com/reel/1896845797561006/,0,0,Reels,,,,,10/24/2023,0,,,,,,0,0,0,0,0,31.684,2.565
1043168284749291,100064197037125,"PC Merchandise","Do you want an aesthetic build that matches your gaming needs? i5 12400F builds available now!",,45,"10/17/2023 02:00",,https://www.facebook.com/reel/1896845797561006/,0,0,Reels,,,,,10/25/2023,0,,,,,,0,0,0,0,0,25.270,2.765
1043168284749291,100064197037125,"PC Merchandise","Do you want an aesthetic build that matches your gaming needs? i5 12400F builds available now!",,45,"10/17/2023 02:00",,https://www.facebook.com/reel/1896845797561006/,0,0,Reels,,,,,10/26/2023,0,,,,,,0,0,0,0,0,26.917,1.500
1043168284749291,100064197037125,"PC Merchandise","Do you want an aesthetic build that matches your gaming needs? i5 12400F builds available now!",,45,"10/17/2023 02:00",,https://www.facebook.com/reel/1896845797561006/,0,0,Reels,,,,,10/27/2023,0,,,,,,0,0,0,0,0,38.717,3.345
1043168284749291,100064197037125,"PC Merchandise","Do you want an aesthetic build that matches your gaming needs? i5 12400F builds available now!",,45,"10/17/2023 02:00",,https://www.facebook.com/reel/1896845797561006/,0,0,Reels,,,,,10/28/2023,0,,,,,,0,0,0,0,0,26.008,2.987
1043168284749291,100064197037125,"PC Merchandise","Do you want an aesthetic build that matches your gaming needs? i5 12400F builds available now!",,45,"10/17/2023 02:00",,https://www.facebook.com/reel/1896845797561006/,0,0,Reels,,,,,10/29/2023,1,,,,,,0,0,1,0,0,36.533,2.369
1043168284749291,100064197037125,"PC Merchandise","Do you want an aesthetic build that matches your gaming needs? i5 12400F builds available now!",,45,"10/17/2023 02:00",,https://www.facebook.com/reel/1896845797561006/,0,0,Reels,,,,,10/30/2023,0,,,,,,0,0,0,0,0,9.751,2.380
1043168284749291,100064197037125,"PC Merchandise","Do you want an aesthetic build that matches your gaming needs? i5 12400F builds available now!",,45,"10/17/2023 02:00",,https://www.facebook.com/reel/1896845797561006/,0,0,Reels,,,,,10/31/2023,0,,,,,,0,0,0,0,0,15.013,1.884
1043159597627386,100064197037125,"PC Merchandise","Pa-mine na yan! i5 12400F gaming build, limited slots only this week.",,52,"10/16/2023 23:00",uploaded,https://www.facebook.com/reel/1967233396131889/,0,0,Reels,,,,,10/01/2023,0,,,,,,0,0,0,0,0,0.000,6.208
1043159597627386,100064197037125,"PC Merchandise","Pa-mine na yan! i5 12400F gaming build, limited slots only this week.",,52,"10/16/2023 23:00",uploaded,https://www.facebook.com/reel/1967233396131889/,0,0,Reels,,,,,10/02/2023,0,,,,,,0,0,0,0,0,0.000,4.694
1043159597627386,100064197037125,"PC Merchandise","Pa-mine na yan! i5 12400F gaming build, limited slots only this week.",,52,"10/16/2023 23:00",uploaded,https://www.facebook.com/reel/1967233396131889/,0,0,Reels,,,,,10/03/2023,0,,,,,,0,0,0,0,0,0.000,6.220
1043159597627386,100064197037125,"PC Merchandise","Pa-mine na yan! i5 12400F gaming build, limited slots only this week.",,52,"10/16/2023 23:00",uploaded,https://www.facebook.com/reel/1967233396131889/,0,0,Reels,,,,,10/04/2023,0,,,,,,0,0,0,0,0,0.000,4.685
1043159597627386,100064197037125,"PC Merchandise","Pa-mine na yan! i5 12400F gaming build, limited slots only this week.",,52,"10/16/2023 23:00",uploaded,https://www.facebook.com/reel/1967233396131889/,0,0,Reels,,,,,10/05/2023,0,,,,,,0,0,0,0,0,0.000,6.210
1043159597627386,100064197037125,"PC Merchandise","Pa-mine na yan! i5 12400F gaming build, limited slots only this week.",,52,"10/16/2023 23:00",uploaded,https://www.facebook.com/reel/1967233396131889/,0,0,Reels,,,,,10/06/2023,0,,,,,,0,0,0,0,0,0.000,6.380
1043159597627386,100064197037125,"PC Merchandise","Pa-mine na yan! i5 12400F gaming build, limited slots only this week.",,52,"10/16/2023 23:00",uploaded,https://www.facebook.com/reel/1967233396131889/,0,0,Reels,,,,,10/07/2023,0,,,,,,0,0,0,0,0,0.000,5.791
1043159597627386,100064197037125,"PC Merchandise","Pa-mine na yan! i5 12400F gaming build, limited slots only this week.",,52,"10/16/2023 23:00",uploaded,https://www.facebook.com/reel/1967233396131889/,0,0,Reels,,,,,10/08/2023,0,,,,,,0,0,0,0,0,0.000,7.029
1043159597627386,100064197037125,"PC Merchandise","Pa-mine na yan! i5 12400F gaming build, limited slots only this week.",,52,"10/16/2023 23:00",uploaded,https://www.facebook.com/reel/1967233396131889/,0,0,Reels,,,,,10/09/2023,0,,,,,,0,0,0,0,0,0.000,6.025
1043159597627386,100064197037125,"PC Merchandise","Pa-mine na yan! i5 12400F gaming build, limited slots only this week.",,52,"10/16/2023 23:00",uploaded,https://www.facebook.com/reel/1967233396131889/,0,0,Reels,,,,,10/10/2023,0,,,,,,0,0,0,0,0,0.000,5.084
1043159597627386,100064197037125,"PC Merchandise","Pa-mine na yan! i5 12400F gaming build, limited slots only this week.",,52,"10/16/2023 23:00",uploaded,https://www.facebook.com/reel/1967233396131889/,0,0,Reels,,,,,10/11/2023,0,,,,,,0,0,0,0,0,0.000,5.548
1043159597627386,100064197037125,"PC Merchandise","Pa-mine na yan! i5 12400F gaming build, limited slots only this week.",,52,"10/16/2023 23:00",uploaded,https://www.facebook.com/reel/1967233396131889/,0,0,Reels,,,,,10/12/2023,0,,,,,,0,0,0,0,0,0.000,4.376
1043159597627386,100064197037125,"PC Merchandise","Pa-mine na yan! i5 12400F gaming build, limited slots only this week.",,52,"10/16/2023 23:00",uploaded,https://www.facebook.com/reel/1967233396131889/,0,0,Reels,,,,,10/13/2023,0,,,,,,0,0,0,0,0,0.000,4.693
1043159597627386,100064197037125,"PC Merchandise","Pa-mine na yan! i5 12400F gaming build, limited slots only this week.",,52,"10/16/2023 23:00",uploaded,https://www.facebook.com/reel/1967233396131889/,0,0,Reels,,,,,10/14/2023,0,,,,,,0,0,0,0,0,0.000,5.210
1043159597627386,100064197037125,"PC Merchandise","Pa-mine na yan! i5 12400F gaming build, limited slots only this week.",,52,"10/16/2023 23:00",uploaded,https://www.facebook.com/reel/1967233396131889/,0,0,Reels,,,,,10/15/2023,0,,,,,,0,0,0,0,0,0.000,8.202
1043159597627386,100064197037125,"PC Merchandise","Pa-mine na yan! i5 12400F gaming build, limited slots only this week.",,52,"10/16/2023 23:00",uploaded,https://www.facebook.com/reel/1967233396131889/,0,0,Reels,,,,,10/16/2023,0,,,,,,0,0,3,1,2,91.726,6.215
1043159597627386,100064197037125,"PC Merchandise","Pa-mine na yan! i5 12400F gaming build, limited slots only this week.",,52,"10/16/2023 23:00",uploaded,https://www.facebook.com/reel/1967233396131889/,0,0,Reels,,,,,10/17/2023,0,,,,,,0,0,1,1,0,54.955,6.038
1043159597627386,100064197037125,"PC Merchandise","Pa-mine na yan! i5 12400F gaming build, limited slots only this week.",,52,"10/16/2023 23:00",uploaded,https://www.facebook.com/reel/1967233396131889/,0,0,Reels,,,,,10/18/2023,0,,,,,,0,0,1,1,0,52.480,5.850
1043159597627386,100064197037125,"PC Merchandise","Pa-mine na yan! i5 12400F gaming build, limited slots only this week.",,52,"10/16/2023 23:00",uploaded,https://www.facebook.com/reel/1967233396131889/,0,0,Reels,,,,,10/19/2023,0,,,,,,0,0,0,0,0,28.988,6.039
1043159597627386,100064197037125,"PC Merchandise","Pa-mine na yan! i5 12400F gaming build, limited slots only this week.",,52,"10/16/2023 23:00",uploaded,https://www.facebook.com/reel/1967233396131889/,0,0,Reels,,,,,10/20/2023,0,,,,,,0,0,0,0,0,57.379,4.458
1043159597627386,100064197037125,"PC Merchandise","Pa-mine na yan! i5 12400F gaming build, limited slots only this week.",,52,"10/16/2023 23:00",uploaded,https://www.facebook.com/reel/1967233396131889/,0,0,Reels,,,,,10/21/2023,1,,,,,,0,0,1,0,0,26.177,5.197
1043159597627386,100064197037125,"PC Merchandise","Pa-mine na yan! i5 12400F gaming build, limited slots only this week.",,52,"10/16/2023 23:00",uploaded,https://www.facebook.com/reel/1967233396131889/,0,0,Reels,,,,,10/22/2023,0,,,,,,0,0,0,0,0,9.593,5.164
1043159597627386,100064197037125,"PC Merchandise","Pa-mine na yan! i5 12400F gaming build, limited slots only this week.",,52,"10/16/2023 23:00",uploaded,https://www.facebook.com/reel/1967233396131889/,0,0,Reels,,,,,10/23/2023,0,,,,,,0,0,0,0,0,27.172,5.645
1043159597627386,100064197037125,"PC Merchandise","Pa-mine na yan! i5 12400F gaming build, limited slots only this week.",,52,"10/16/2023 23:00",uploaded,https://www.facebook.com/reel/1967233396131889/,0,0,Reels,,,,,10/24/2023,0,,,,,,0,0,1,1,0,20.459,5.772
1043159597627386,100064197037125,"PC Merchandise","Pa-mine na yan! i5 12400F gaming build, limited slots only this week.",,52,"10/16/2023 23:00",uploaded,https://www.facebook.com/reel/1967233396131889/,0,0,Reels,,,,,10/25/2023,0,,,,,,0,0,0,0,0,10.952,4.666
1043159597627386,100064197037125,"PC Merchandise","Pa-mine na yan! i5 12400F gaming build, limited slots only this week.",,52,"10/16/2023 23:00",uploaded,https://www.facebook.com/reel/1967233396131889/,0,0,Reels,,,,,10/26/2023,0,,,,,,0,0,1,1,0,7.725,5.470
1043159597627386,100064197037125,"PC Merchandise","Pa-mine na yan! i5 12400F gaming build, limited slots only this week.",,52,"10/16/2023 23:00",uploaded,https://www.facebook.com/reel/1967233396131889/,0,0,Reels,,,,,10/27/2023,0,,,,,,0,0,0,0,0,7.433,5.551
1043159597627386,100064197037125,"PC Merchandise","Pa-mine na yan! i5 12400F gaming build, limited slots only this week.",,52,"10/16/2023 23:00",uploaded,https://www.facebook.com/reel/1967233396131889/,0,0,Reels,,,,,10/28/2023,0,,,,,,0,0,0,0,0,4.803,5.493
1043159597627386,100064197037125,"PC Merchandise","Pa-mine na yan! i5 12400F gaming build, limited slots only this week.",,52,"10/16/2023 23:00",uploaded,https://www.facebook.com/reel/1967233396131889/,0,0,Reels,,,,,10/29/2023,0,,,,,,0,0,0,0,0,7.697,5.958
1043159597627386,100064197037125,"PC Merchandise","Pa-mine na yan! i5 12400F gaming build, limited slots only this week.",,52,"10/16/2023 23:00",uploaded,https://www.facebook.com/reel/1967233396131889/,0,0,Reels,,,,,10/30/2023,0,,,,,,0,0,0,0,0,6.157,5.375
1043159597627386,100064197037125,"PC Merchandise","Pa-mine na yan! i5 12400F gaming build, limited slots only this week.",,52,"10/16/2023 23:00",uploaded,https://www.facebook.com/reel/1967233396131889/,0,0,Reels,,,,,10/31/2023,0,,,,,,0,0,0,0,0,5.671,5.634
1043022000725611,100064197037125,"PC Merchandise","ito na po yung ghost project🥲",,82,"10/15/2023 22:00",mixed,https://www.facebook.com/reel/1563162224553857/,0,0,Reels,,,,,10/01/2023,0,,,,,,0,0,0,0,0,0.000,3.113
1043022000725611,100064197037125,"PC Merchandise","ito na po yung ghost project🥲",,82,"10/15/2023 22:00",mixed,https://www.facebook.com/reel/1563162224553857/,0,0,Reels,,,,,10/02/2023,0,,,,,,0,0,0,0,0,0.000,2.320
1043022000725611,100064197037125,"PC Merchandise","ito na po yung ghost project🥲",,82,"10/15/2023 22:00",mixed,https://www.facebook.com/reel/1563162224553857/,0,0,Reels,,,,,10/03/2023,0,,,,,,0,0,0,0,0,0.000,2.478
1043022000725611,100064197037125,"PC Merchandise","ito na po yung ghost project🥲",,82,"10/15/2023 22:00",mixed,https://www.facebook.com/reel/1563162224553857/,0,0,Reels,,,,,10/04/2023,0,,,,,,0,0,0,0,0,0.000,3.590
1043022000725611,100064197037125,"PC Merchandise","ito na po yung ghost project🥲",,82,"10/15/2023 22:00",mixed,https://www.facebook.com/reel/1563162224553857/,0,0,Reels,,,,,10/05/2023,0,,,,,,0,0,0,0,0,0.000,3.218
1043022000725611,100064197037125,"PC Merchandise","ito na po yung ghost project🥲",,82,"10/15/2023 22:00",mixed,https://www.facebook.com/reel/1563162224553857/,0,0,Reels,,,,,10/06/2023,0,,,,,,0,0,0,0,0,0.000,2.793
1043022000725611,100064197037125,"PC Merchandise","ito na po yung ghost project🥲",,82,"10/15/2023 22:00",mixed,https://www.facebook.com/reel/1563162224553857/,0,0,Reels,,,,,10/07/2023,0,,,,,,0,0,0,0,0,0.000,3.038
1043022000725611,100064197037125,"PC Merchandise","ito na po yung ghost project🥲",,82,"10/15/2023 22:00",mixed,https://www.facebook.com/reel/1563162224553857/,0,0,Reels,,,,,10/08/2023,0,,,,,,0,0,0,0,0,0.000,3.859
1043022000725611,100064197037125,"PC Merchandise","ito na po yung ghost project🥲",,82,"10/15/2023 22:00",mixed,https://www.facebook.com/reel/1563162224553857/,0,0,Reels,,,,,10/09/2023,0,,,,,,0,0,0,0,0,0.000,3.089
1043022000725611,100064197037125,"PC Merchandise","ito na po yung ghost project🥲",,82,"10/15/2023 22:00",mixed,https://www.facebook.com/reel/1563162224553857/,0,0,Reels,,,,,10/10/2023,0,,,,,,0,0,0,0,0,0.000,2.274
1043022000725611,100064197037125,"PC Merchandise","ito na po yung ghost project🥲",,82,"10/15/2023 22:00",mixed,https://www.facebook.com/reel/1563162224553857/,0,0,Reels,,,,,10/11/2023,0,,,,,,0,0,0,0,0,0.000,4.935
1043022000725611,100064197037125,"PC Merchandise","ito na po yung ghost project🥲",,82,"10/15/2023 22:00",mixed,https://www.facebook.com/reel/1563162224553857/,0,0,Reels,,,,,10/12/2023,0,,,,,,0,0,0,0,0,0.000,3.325
1043022000725611,100064197037125,"PC Merchandise","ito na po yung ghost project🥲",,82,"10/15/2023 22:00",mixed,https://www.facebook.com/reel/1563162224553857/,0,0,Reels,,,,,10/13/2023,0,,,,,,0,0,0,0,0,0.000,3.665
1043022000725611,100064197037125,"PC Merchandise","ito na po yung ghost project🥲",,82,"10/15/2023 22:00",mixed,https://www.facebook.com/reel/1563162224553857/,0,0,Reels,,,,,10/14/2023,0,,,,,,0,0,0,0,0,0.000,4.201
1043022000725611,100064197037125,"PC Merchandise","ito na po yung ghost project🥲",,82,"10/15/2023 22:00",mixed,https://www.facebook.com/reel/1563162224553857/,0,0,Reels,,,,,10/15/2023,0,,,,,,0,0,3,3,0,149.194,2.845
1043022000725611,100064197037125,"PC Merchandise","ito na po yung ghost project🥲",,82,"10/15/2023 22:00",mixed,https://www.facebook.com/reel/1563162224553857/,0,0,Reels,,,,,10/16/2023,0,,,,,,0,0,0,0,0,129.798,3.146
1043022000725611,100064197037125,"PC Merchandise","ito na po yung ghost project🥲",,82,"10/15/2023 22:00",mixed,https://www.facebook.com/reel/1563162224553857/,0,0,Reels,,,,,10/17/2023,0,,,,,,0,0,0,0,0,67.422,2.687
1043022000725611,100064197037125,"PC Merchandise","ito na po yung ghost project🥲",,82,"10/15/2023 22:00",mixed,https://www.facebook.com/reel/1563162224553857/,0,0,Reels,,,,,10/18/2023,0,,,,,,0,0,0,0,0,78.340,2.580
1043022000725611,100064197037125,"PC Merchandise","ito na po yung ghost project🥲",,82,"10/15/2023 22:00",mixed,https://www.facebook.com/reel/1563162224553857/,0,0,Reels,,,,,10/19/2023,0,,,,,,0,0,1,1,0,78.721,2.223
1043022000725611,100064197037125,"PC Merchandise","ito na po yung ghost project🥲",,82,"10/15/2023 22:00",mixed,https://www.facebook.com/reel/1563162224553857/,0,0,Reels,,,,,10/20/2023,0,,,,,,0,0,1,1,0,54.257,2.036
1043022000725611,100064197037125,"PC Merchandise","ito na po yung ghost project🥲",,82,"10/15/2023 22:00",mixed,https://www.facebook.com/reel/1563162224553857/,0,0,Reels,,,,,10/21/2023,0,,,,,,0,0,0,0,0,83.215,2.655
1043022000725611,100064197037125,"PC Merchandise","ito na po yung ghost project🥲",,82,"10/15/2023 22:00",mixed,https://www.facebook.com/reel/1563162224553857/,0,0,Reels,,,,,10/22/2023,0,,,,,,0,0,0,0,0,48.008,1.944
1043022000725611,100064197037125,"PC Merchandise","ito na po yung ghost project🥲",,82,"10/15/2023 22:00",mixed,https://www.facebook.com/reel/1563162224553857/,0,0,Reels,,,,,10/23/2023,0,,,,,,0,0,1,1,0,27.087,4.291
1043022000725611,100064197037125,"PC Merchandise","ito na po yung ghost project🥲",,82,"10/15/2023 22:00",mixed,https://www.facebook.com/reel/1563162224553857/,0,0,Reels,,,,,10/24/2023,0,,,,,,0,0,0,0,0,15.299,3.523
1043022000725611,100064197037125,"PC Merchandise","ito na po yung ghost project🥲",,82,"10/15/2023 22:00",mixed,https://www.facebook.com/reel/1563162224553857/,0,0,Reels,,,,,10/25/2023,0,,,,,,0,0,0,0,0,8.206,2.598
1043022000725611,100064197037125,"PC Merchandise","ito na po yung ghost project🥲",,82,"10/15/2023 22:00",mixed,https://www.facebook.com/reel/1563162224553857/,0,0,Reels,,,,,10/26/2023,0,,,,,,0,0,0,0,0,26.428,3.212
1043022000725611,100064197037125,"PC Merchandise","ito na po yung ghost project🥲",,82,"10/15/2023 22:00",mixed,https://www.facebook.com/reel/1563162224553857/,0,0,Reels,,,,,10/27/2023,0,,,,,,0,0,0,0,0,13.957,4.361
1043022000725611,100064197037125,"PC Merchandise","ito na po yung ghost project🥲",,82,"10/15/2023 22:00",mixed,https://www.facebook.com/reel/1563162224553857/,0,0,Reels,,,,,10/28/2023,0,,,,,,0,0,0,0,0,15.078,5.124
1043022000725611,100064197037125,"PC Merchandise","ito na po yung ghost project🥲",,82,"10/15/2023 22:00",mixed,https://www.facebook.com/reel/1563162224553857/,0,0,Reels,,,,,10/29/2023,0,,,,,,0,0,0,0,0,8.983,3.533
1043022000725611,100064197037125,"PC Merchandise","ito na po yung ghost project🥲",,82,"10/15/2023 22:00",mixed,https://www.facebook.com/reel/1563162224553857/,0,0,Reels,,,,,10/30/2023,0,,,,,,0,0,0,0,0,10.394,4.527
1043022000725611,100064197037125,"PC Merchandise","ito na po yung ghost project🥲",,82,"10/15/2023 22:00",mixed,https://www.facebook.com/reel/1563162224553857/,0,0,Reels,,,,,10/31/2023,0,,,,,,0,0,1,0,1,8.865,2.968
1043679420928492,100064197037125,"PC Merchandise","UNBOXING: RX 6600 fresh stock just arrived! 📦",,0,"10/15/2023 22:00",,https://www.facebook.com/pcmerchandise.co/posts/pfbid0AFiTQL3bVTJSNGifprE1d25e8hE2RQgMoQ1oQHZeJZPP2t2Fcj63VMeP,0,0,Photos,,,,,10/31/2023,0,,,,,,,,,,,,
1043679420928492,100064197037125,"PC Merchandise","UNBOXING: RX 6600 fresh stock just arrived! 📦",,0,"10/15/2023 22:00",,https://www.facebook.com/pcmerchandise.co/posts/pfbid0AFiTQL3bVTJSNGifprE1d25e8hE2RQgMoQ1oQHZeJZPP2t2Fcj63VMeP,0,0,Photos,,,,,10/01/2023,,,0,0,0,0,0,0,,,,,
1043679420928492,100064197037125,"PC Merchandise","UNBOXING: RX 6600 fresh stock just arrived! 📦",,0,"10/15/2023 22:00",,https://www.facebook.com/pcmerchandise.co/posts/pfbid0AFiTQL3bVTJSNGifprE1d25e8hE2RQgMoQ1oQHZeJZPP2t2Fcj63VMeP,0,0,Photos,,,,,10/02/2023,,,0,0,0,0,0,0,,,,,
1043679420928492,100064197037125,"PC Merchandise","UNBOXING: RX 6600 fresh stock just arrived! 📦",,0,"10/15/2023 22:00",,https://www.facebook.com/pcmerchandise.co/posts/pfbid0AFiTQL3bVTJSNGifprE1d25e8hE2RQgMoQ1oQHZeJZPP2t2Fcj63VMeP,0,0,Photos,,,,,10/03/2023,,,0,0,0,0,0,0,,,,,
1043679420928492,100064197037125,"PC Merchandise","UNBOXING: RX 6600 fresh stock just arrived! 📦",,0,"10/15/2023 22:00",,https://www.facebook.com/pcmerchandise.co/posts/pfbid0AFiTQL3bVTJSNGifprE1d25e8hE2RQgMoQ1oQHZeJZPP2t2Fcj63VMeP,0,0,Photos,,,,,10/04/2023,,,0,0,0,0,0,0,,,,,
1043679420928492,100064197037125,"PC Merchandise","UNBOXING: RX 6600 fresh stock just arrived! 📦",,0,"10/15/2023 22:00",,https://www.facebook.com/pcmerchandise.co/posts/pfbid0AFiTQL3bVTJSNGifprE1d25e8hE2RQgMoQ1oQHZeJZPP2t2Fcj63VMeP,0,0,Photos,,,,,10/05/2023,,,0,0,0,0,0,0,,,,,
1043679420928492,100064197037125,"PC Merchandise","UNBOXING: RX 6600 fresh stock just arrived! 📦",,0,"10/15/2023 22:00",,https://www.facebook.com/pcmerchandise.co/posts/pfbid0AFiTQL3bVTJSNGifprE1d25e8hE2RQgMoQ1oQHZeJZPP2t2Fcj63VMeP,0,0,Photos,,,,,10/06/2023,,,0,0,0,0,0,0,,,,,
1043679420928492,100064197037125,"PC Merchandise","UNBOXING: RX 6600 fresh stock just arrived! 📦",,0,"10/15/2023 22:00",,https://www.facebook.com/pcmerchandise.co/posts/pfbid0AFiTQL3bVTJSNGifprE1d25e8hE2RQgMoQ1oQHZeJZPP2t2Fcj63VMeP,0,0,Photos,,,,,10/07/2023,,,0,0,0,0,0,0,,,,,
1043679420928492,100064197037125,"PC Merchandise","UNBOXING: RX 6600 fresh stock just arrived! 📦",,0,"10/15/2023 22:00",,https://www.facebook.com/pcmerchandise.co/posts/pfbid0AFiTQL3bVTJSNGifprE1d25e8hE2RQgMoQ1oQHZeJZPP2t2Fcj63VMeP,0,0,Photos,,,,,10/08/2023,,,0,0,0,0,0,0,,,,,
1043679420928492,100064197037125,"PC Merchandise","UNBOXING: RX 6600 fresh stock just arrived! 📦",,0,"10/15/2023 22:00",,https://www.facebook.com/pcmerchandise.co/posts/pfbid0AFiTQL3bVTJSNGifprE1d25e8hE2RQgMoQ1oQHZeJZPP2t2Fcj63VMeP,0,0,Photos,,,,,10/09/2023,,,0,0,0,0,0,0,,,,,
1043679420928492,100064197037125,"PC Merchandise","UNBOXING: RX 6600 fresh stock just arrived! 📦",,0,"10/15/2023 22:00",,https://www.facebook.com/pcmerchandise.co/posts/pfbid0AFiTQL3bVTJSNGifprE1d25e8hE2RQgMoQ1oQHZeJZPP2t2Fcj63VMeP,0,0,Photos,,,,,10/10/2023,,,0,0,0,0,0,0,,,,,
1043679420928492,100064197037125,"PC Merchandise","UNBOXING: RX 6600 fresh stock just arrived! 📦",,0,"10/15/2023 22:00",,https://www.facebook.com/pcmerchandise.co/posts/pfbid0AFiTQL3bVTJSNGifprE1d25e8hE2RQgMoQ1oQHZeJZPP2t2Fcj63VMeP,0,0,Photos,,,,,10/11/2023,,,0,0,0,0,0,0,,,,,
1043679420928492,100064197037125,"PC Merchandise","UNBOXING: RX 6600 fresh stock just arrived! 📦",,0,"10/15/2023 22:00",,https://www.facebook.com/pcmerchandise.co/posts/pfbid0AFiTQL3bVTJSNGifprE1d25e8hE2RQgMoQ1oQHZeJZPP2t2Fcj63VMeP,0,0,Photos,,,,,10/12/2023,,,0,0,0,0,0,0,,,,,
1043679420928492,100064197037125,"PC Merchandise","UNBOXING: RX 6600 fresh stock just arrived! 📦",,0,"10/15/2023 22:00",,https://www.facebook.com/pcmerchandise.co/posts/pfbid0AFiTQL3bVTJSNGifprE1d25e8hE2RQgMoQ1oQHZeJZPP2t2Fcj63VMeP,0,0,Photos,,,,,10/13/2023,,,0,0,0,0,0,0,,,,,
1043679420928492,100064197037125,"PC Merchandise","UNBOXING: RX 6600 fresh stock just arrived! 📦",,0,"10/15/2023 22:00",,https://www.facebook.com/pcmerchandise.co/posts/pfbid0AFiTQL3bVTJSNGifprE1d25e8hE2RQgMoQ1oQHZeJZPP2t2Fcj63VMeP,0,0,Photos,,,,,10/14/2023,,,0,0,0,0,0,0,,,,,
1043679420928492,100064197037125,"PC Merchandise","UNBOXING: RX 6600 fresh stock just arrived! 📦",,0,"10/15/2023 22:00",,https://www.facebook.com/pcmerchandise.co/posts/pfbid0AFiTQL3bVTJSNGifprE1d25e8hE2RQgMoQ1oQHZeJZPP2t2Fcj63VMeP,0,0,Photos,,,,,10/15/2023,,,0,0,0,0,0,0,,,,,
1043679420928492,100064197037125,"PC Merchandise","UNBOXING: RX 6600 fresh stock just arrived! 📦",,0,"10/15/2023 22:00",,https://www.facebook.com/pcmerchandise.co/posts/pfbid0AFiTQL3bVTJSNGifprE1d25e8hE2RQgMoQ1oQHZeJZPP2t2Fcj63VMeP,0,0,Photos,,,,,10/16/2023,,,0,0,0,0,0,0,,,,,
1043679420928492,100064197037125,"PC Merchandise","UNBOXING: RX 6600 fresh stock just arrived! 📦",,0,"10/15/2023 22:00",,https://www.facebook.com/pcmerchandise.co/posts/pfbid0AFiTQL3bVTJSNGifprE1d25e8hE2RQgMoQ1oQHZeJZPP2t2Fcj63VMeP,0,0,Photos,,,,,10/17/2023,,,0,0,0,0,0,0,,,,,
1043679420928492,100064197037125,"PC Merchandise","UNBOXING: RX 6600 fresh stock just arrived! 📦",,0,"10/15/2023 22:00",,https://www.facebook.com/pcmerchandise.co/posts/pfbid0AFiTQL3bVTJSNGifprE1d25e8hE2RQgMoQ1oQHZeJZPP2t2Fcj63VMeP,0,0,Photos,,,,,10/18/2023,,,0,0,0,0,0,0,,,,,
1043679420928492,100064197037125,"PC Merchandise","UNBOXING: RX 6600 fresh stock just arrived! 📦",,0,"10/15/2023 22:00",,https://www.facebook.com/pcmerchandise.co/posts/pfbid0AFiTQL3bVTJSNGifprE1d25e8hE2RQgMoQ1oQHZeJZPP2t2Fcj63VMeP,0,0,Photos,,,,,10/19/2023,,,0,0,0,0,0,0,,,,,
1043679420928492,100064197037125,"PC Merchandise","UNBOXING: RX 6600 fresh stock just arrived! 📦",,0,"10/15/2023 22:00",,https://www.facebook.com/pcmerchandise.co/posts/pfbid0AFiTQL3bVTJSNGifprE1d25e8hE2RQgMoQ1oQHZeJZPP2t2Fcj63VMeP,0,0,Photos,,,,,10/20/2023,,,0,0,0,0,0,0,,,,,
1043679420928492,100064197037125,"PC Merchandise","UNBOXING: RX 6600 fresh stock just arrived! 📦",,0,"10/15/2023 22:00",,https://www.facebook.com/pcmerchandise.co/posts/pfbid0AFiTQL3bVTJSNGifprE1d25e8hE2RQgMoQ1oQHZeJZPP2t2Fcj63VMeP,0,0,Photos,,,,,10/21/2023,,,0,0,0,0,0,0,,,,,
1043679420928492,100064197037125,"PC Merchandise","UNBOXING: RX 6600 fresh stock just arrived! 📦",,0,"10/15/2023 22:00",,https://www.facebook.com/pcmerchandise.co/posts/pfbid0AFiTQL3bVTJSNGifprE1d25e8hE2RQgMoQ1oQHZeJZPP2t2Fcj63VMeP,0,0,Photos,,,,,10/22/2023,,,0,0,0,0,0,0,,,,,
1043679420928492,100064197037125,"PC Merchandise","UNBOXING: RX 6600 fresh stock just arrived! 📦",,0,"10/15/2023 22:00",,https://www.facebook.com/pcmerchandise.co/posts/pfbid0AFiTQL3bVTJSNGifprE1d25e8hE2RQgMoQ1oQHZeJZPP2t2Fcj63VMeP,0,0,Photos,,,,,10/23/2023,,,0,0,0,0,0,0,,,,,
1043679420928492,100064197037125,"PC Merchandise","UNBOXING: RX 6600 fresh stock just arrived! 📦",,0,"10/15/2023 22:00",,https://www.facebook.com/pcmerchandise.co/posts/pfbid0AFiTQL3bVTJSNGifprE1d25e8hE2RQgMoQ1oQHZeJZPP2t2Fcj63VMeP,0,0,Photos,,,,,10/24/2023,,,0,0,0,0,0,0,,,,,
1043679420928492,100064197037125,"PC Merchandise","UNBOXING: RX 6600 fresh stock just arrived! 📦",,0,"10/15/2023 22:00",,https://www.facebook.com/pcmerchandise.co/posts/pfbid0AFiTQL3bVTJSNGifprE1d25e8hE2RQgMoQ1oQHZeJZPP2t2Fcj63VMeP,0,0,Photos,,,,,10/25/2023,,,0,0,0,0,0,0,,,,,
1043679420928492,100064197037125,"PC Merchandise","UNBOXING: RX 6600 fresh stock just arrived! 📦",,0,"10/15/2023 22:00",,https://www.facebook.com/pcmerchandise.co/posts/pfbid0AFiTQL3bVTJSNGifprE1d25e8hE2RQgMoQ1oQHZeJZPP2t2Fcj63VMeP,0,0,Photos,,,,,10/26/2023,,,0,0,0,0,0,0,,,,,
1043679420928492,100064197037125,"PC Merchandise","UNBOXING: RX 6600 fresh stock just arrived! 📦",,0,"10/15/2023 22:00",,https://www.facebook.com/pcmerchandise.co/posts/pfbid0AFiTQL3bVTJSNGifprE1d25e8hE2RQgMoQ1oQHZeJZPP2t2Fcj63VMeP,0,0,Photos,,,,,10/27/2023,,,0,0,0,0,0,0,,,,,
1043679420928492,100064197037125,"PC Merchandise","UNBOXING: RX 6600 fresh stock just arrived! 📦",,0,"10/15/2023 22:00",,https://www.facebook.com/pcmerchandise.co/posts/pfbid0AFiTQL3bVTJSNGifprE1d25e8hE2RQgMoQ1oQHZeJZPP2t2Fcj63VMeP,0,0,Photos,,,,,10/28/2023,,,0,0,0,0,0,0,,,,,
1043679420928492,100064197037125,"PC Merchandise","UNBOXING: RX 6600 fresh stock just arrived! 📦",,0,"10/15/2023 22:00",,https://www.facebook.com/pcmerchandise.co/posts/pfbid0AFiTQL3bVTJSNGifprE1d25e8hE2RQgMoQ1oQHZeJZPP2t2Fcj63VMeP,0,0,Photos,,,,,10/29/2023,,,0,0,0,0,0,0,,,,,
1043679420928492,100064197037125,"PC Merchandise","UNBOXING: RX 6600 fresh stock just arrived! 📦",,0,"10/15/2023 22:00",,https://www.facebook.com/pcmerchandise.co/posts/pfbid0AFiTQL3bVTJSNGifprE1d25e8hE2RQgMoQ1oQHZeJZPP2t2Fcj63VMeP,0,0,Photos,,,,,10/30/2023,,,0,0,0,0,0,0,,,,,
1043679420928492,100064197037125,"PC Merchandise","UNBOXING: RX 6600 fresh stock just arrived! 📦",,0,"10/15/2023 22:00",,https://www.facebook.com/pcmerchandise.co/posts/pfbid0AFiTQL3bVTJSNGifprE1d25e8hE2RQgMoQ1oQHZeJZPP2t2Fcj63VMeP,0,0,Photos,,,,,10/31/2023,,,0,0,0,0,0,0,,,,,
1043783730893835,100064197037125,"PC Merchandise","Pa-mine na yan! RYZEN 5 3400G gaming build, limited slots only this week.",,0,"10/15/2023 19:15",,https://www.facebook.com/pcmerchandise.co/posts/pfbid0K7AZq7LyNx4h5tlalmcTrOdzfxymADoYwJhHNCh4wlQdZzPYGlrY1frx,0,0,Photos,,,,,10/31/2023,1,,,,,,,,,,,,
1043783730893835,100064197037125,"PC Merchandise","Pa-mine na yan! RYZEN 5 3400G gaming build, limited slots only this week.",,0,"10/15/2023 19:15",,https://www.facebook.com/pcmerchandise.co/posts/pfbid0K7AZq7LyNx4h5tlalmcTrOdzfxymADoYwJhHNCh4wlQdZzPYGlrY1frx,0,0,Photos,,,,,10/01/2023,,,0,0,0,0,0,0,,,,,
1043783730893835,100064197037125,"PC Merchandise","Pa-mine na yan! RYZEN 5 3400G gaming build, limited slots only this week.",,0,"10/15/2023 19:15",,https://www.facebook.com/pcmerchandise.co/posts/pfbid0K7AZq7LyNx4h5tlalmcTrOdzfxymADoYwJhHNCh4wlQdZzPYGlrY1frx,0,0,Photos,,,,,10/02/2023,,,0,0,0,0,0,0,,,,,
1043783730893835,100064197037125,"PC Merchandise","Pa-mine na yan! RYZEN 5 3400G gaming build, limited slots only this week.",,0,"10/15/2023 19:15",,https://www.facebook.com/pcmerchandise.co/posts/pfbid0K7AZq7LyNx4h5tlalmcTrOdzfxymADoYwJhHNCh4wlQdZzPYGlrY1frx,0,0,Photos,,,,,10/03/2023,,,0,0,0,0,0,0,,,,,
1043783730893835,100064197037125,"PC Merchandise","Pa-mine na yan! RYZEN 5 3400G gaming build, limited slots only this week.",,0,"10/15/2023 19:15",,https://www.facebook.com/pcmerchandise.co/posts/pfbid0K7AZq7LyNx4h5tlalmcTrOdzfxymADoYwJhHNCh4wlQdZzPYGlrY1frx,0,0,Photos,,,,,10/04/2023,,,0,0,0,0,0,0,,,,,
1043783730893835,100064197037125,"PC Merchandise","Pa-mine na yan! RYZEN 5 3400G gaming build, limited slots only this week.",,0,"10/15/2023 19:15",,https://www.facebook.com/pcmerchandise.co/posts/pfbid0K7AZq7LyNx4h5tlalmcTrOdzfxymADoYwJhHNCh4wlQdZzPYGlrY1frx,0,0,Photos,,,,,10/05/2023,,,0,0,0,0,0,0,,,,,
1043783730893835,100064197037125,"PC Merchandise","Pa-mine na yan! RYZEN 5 3400G gaming build, limited slots only this week.",,0,"10/15/2023 19:15",,https://www.facebook.com/pcmerchandise.co/posts/pfbid0K7AZq7LyNx4h5tlalmcTrOdzfxymADoYwJhHNCh4wlQdZzPYGlrY1frx,0,0,Photos,,,,,10/06/2023,,,0,0,0,0,0,0,,,,,
1043783730893835,100064197037125,"PC Merchandise","Pa-mine na yan! RYZEN 5 3400G gaming build, limited slots only this week.",,0,"10/15/2023 19:15",,https://www.facebook.com/pcmerchandise.co/posts/pfbid0K7AZq7LyNx4h5tlalmcTrOdzfxymADoYwJhHNCh4wlQdZzPYGlrY1frx,0,0,Photos,,,,,10/07/2023,,,0,0,0,0,0,0,,,,,
1043783730893835,100064197037125,"PC Merchandise","Pa-mine na yan! RYZEN 5 3400G gaming build, limited slots only this week.",,0,"10/15/2023 19:15",,https://www.facebook.com/pcmerchandise.co/posts/pfbid0K7AZq7LyNx4h5tlalmcTrOdzfxymADoYwJhHNCh4wlQdZzPYGlrY1frx,0,0,Photos,,,,,10/08/2023,,,0,0,0,0,0,0,,,,,
1043783730893835,100064197037125,"PC Merchandise","Pa-mine na yan! RYZEN 5 3400G gaming build, limited slots only this week.",,0,"10/15/2023 19:15",,https://www.facebook.com/pcmerchandise.co/posts/pfbid0K7AZq7LyNx4h5tlalmcTrOdzfxymADoYwJhHNCh4wlQdZzPYGlrY1frx,0,0,Photos,,,,,10/09/2023,,,0,0,0,0,0,0,,,,,
1043783730893835,100064197037125,"PC Merchandise","Pa-mine na yan! RYZEN 5 3400G gaming build, limited slots only this week.",,0,"10/15/2023 19:15",,https://www.facebook.com/pcmerchandise.co/posts/pfbid0K7AZq7LyNx4h5tlalmcTrOdzfxymADoYwJhHNCh4wlQdZzPYGlrY1frx,0,0,Photos,,,,,10/10/2023,,,0,0,0,0,0,0,,,,,
1043783730893835,100064197037125,"PC Merchandise","Pa-mine na yan! RYZEN 5 3400G gaming build, limited slots only this week.",,0,"10/15/2023 19:15",,https://www.facebook.com/pcmerchandise.co/posts/pfbid0K7AZq7LyNx4h5tlalmcTrOdzfxymADoYwJhHNCh4wlQdZzPYGlrY1frx,0,0,Photos,,,,,10/11/2023,,,0,0,0,0,0,0,,,,,
1043783730893835,100064197037125,"PC Merchandise","Pa-mine na yan! RYZEN 5 3400G gaming build, limited slots only this week.",,0,"10/15/2023 19:15",,https://www.facebook.com/pcmerchandise.co/posts/pfbid0K7AZq7LyNx4h5tlalmcTrOdzfxymADoYwJhHNCh4wlQdZzPYGlrY1frx,0,0,Photos,,,,,10/12/2023,,,0,0,0,0,0,0,,,,,
1043783730893835,100064197037125,"PC Merchandise","Pa-mine na yan! RYZEN 5 3400G gaming build, limited slots only this week.",,0,"10/15/2023 19:15",,https://www.facebook.com/pcmerchandise.co/posts/pfbid0K7AZq7LyNx4h5tlalmcTrOdzfxymADoYwJhHNCh4wlQdZzPYGlrY1frx,0,0,Photos,,,,,10/13/2023,,,0,0,0,0,0,0,,,,,
1043783730893835,100064197037125,"PC Merchandise","Pa-mine na yan! RYZEN 5 3400G gaming build, limited slots only this week.",,0,"10/15/2023 19:15",,https://www.facebook.com/pcmerchandise.co/posts/pfbid0K7AZq7LyNx4h5tlalmcTrOdzfxymADoYwJhHNCh4wlQdZzPYGlrY1frx,0,0,Photos,,,,,10/14/2023,,,0,0,0,0,0,0,,,,,
1043783730893835,100064197037125,"PC Merchandise","Pa-mine na yan! RYZEN 5 3400G gaming build, limited slots only this week.",,0,"10/15/2023 19:15",,https://www.facebook.com/pcmerchandise.co/posts/pfbid0K7AZq7LyNx4h5tlalmcTrOdzfxymADoYwJhHNCh4wlQdZzPYGlrY1frx,0,0,Photos,,,,,10/15/2023,,,0,0,0,0,0,0,,,,,
1043783730893835,100064197037125,"PC Merchandise","Pa-mine na yan! RYZEN 5 3400G gaming build, limited slots only this week.",,0,"10/15/2023 19:15",,https://www.facebook.com/pcmerchandise.co/posts/pfbid0K7AZq7LyNx4h5tlalmcTrOdzfxymADoYwJhHNCh4wlQdZzPYGlrY1frx,0,0,Photos,,,,,10/16/2023,,,0,0,0,0,0,0,,,,,
1043783730893835,100064197037125,"PC Merchandise","Pa-mine na yan! RYZEN 5 3400G gaming build, limited slots only this week.",,0,"10/15/2023 19:15",,https://www.facebook.com/pcmerchandise.co/posts/pfbid0K7AZq7LyNx4h5tlalmcTrOdzfxymADoYwJhHNCh4wlQdZzPYGlrY1frx,0,0,Photos,,,,,10/17/2023,,,0,0,0,0,0,0,,,,,
1043783730893835,100064197037125,"PC Merchandise","Pa-mine na yan! RYZEN 5 3400G gaming build, limited slots only this week.",,0,"10/15/2023 19:15",,https://www.facebook.com/pcmerchandise.co/posts/pfbid0K7AZq7LyNx4h5tlalmcTrOdzfxymADoYwJhHNCh4wlQdZzPYGlrY1frx,0,0,Photos,,,,,10/18/2023,,,0,0,0,0,0,0,,,,,
1043783730893835,100064197037125,"PC Merchandise","Pa-mine na yan! RYZEN 5 3400G gaming build, limited slots only this week.",,0,"10/15/2023 19:15",,https://www.facebook.com/pcmerchandise.co/posts/pfbid0K7AZq7LyNx4h5tlalmcTrOdzfxymADoYwJhHNCh4wlQdZzPYGlrY1frx,0,0,Photos,,,,,10/19/2023,,,0,0,0,0,0,0,,,,,
1043783730893835,100064197037125,"PC Merchandise","Pa-mine na yan! RYZEN 5 3400G gaming build, limited slots only this week.",,0,"10/15/2023 19:15",,https://www.facebook.com/pcmerchandise.co/posts/pfbid0K7AZq7LyNx4h5tlalmcTrOdzfxymADoYwJhHNCh4wlQdZzPYGlrY1frx,0,0,Photos,,,,,10/20/2023,,,0,0,0,0,0,0,,,,,
1043783730893835,100064197037125,"PC Merchandise","Pa-mine na yan! RYZEN 5 3400G gaming build, limited slots only this week.",,0,"10/15/2023 19:15",,https://www.facebook.com/pcmerchandise.co/posts/pfbid0K7AZq7LyNx4h5tlalmcTrOdzfxymADoYwJhHNCh4wlQdZzPYGlrY1frx,0,0,Photos,,,,,10/21/2023,,,0,0,0,0,0,0,,,,,
1043783730893835,100064197037125,"PC Merchandise","Pa-mine na yan! RYZEN 5 3400G gaming build, limited slots only this week.",,0,"10/15/2023 19:15",,https://www.facebook.com/pcmerchandise.co/posts/pfbid0K7AZq7LyNx4h5tlalmcTrOdzfxymADoYwJhHNCh4wlQdZzPYGlrY1frx,0,0,Photos,,,,,10/22/2023,,,0,0,0,0,0,0,,,,,
1043783730893835,100064197037125,"PC Merchandise","Pa-mine na yan! RYZEN 5 3400G gaming build, limited slots only this week.",,0,"10/15/2023 19:15",,https://www.facebook.com/pcmerchandise.co/posts/pfbid0K7AZq7LyNx4h5tlalmcTrOdzfxymADoYwJhHNCh4wlQdZzPYGlrY1frx,0,0,Photos,,,,,10/23/2023,,,0,0,0,0,0,0,,,,,
1043783730893835,100064197037125,"PC Merchandise","Pa-mine na yan! RYZEN 5 3400G gaming build, limited slots only this week.",,0,"10/15/2023 19:15",,https://www.facebook.com/pcmerchandise.co/posts/pfbid0K7AZq7LyNx4h5tlalmcTrOdzfxymADoYwJhHNCh4wlQdZzPYGlrY1frx,0,0,Photos,,,,,10/24/2023,,,0,0,0,0,0,0,,,,,
1043783730893835,100064197037125,"PC Merchandise","Pa-mine na yan! RYZEN 5 3400G gaming build, limited slots only this week.",,0,"10/15/2023 19:15",,https://www.facebook.com/pcmerchandise.co/posts/pfbid0K7AZq7LyNx4h5tlalmcTrOdzfxymADoYwJhHNCh4wlQdZzPYGlrY1frx,0,0,Photos,,,,,10/25/2023,,,0,0,0,0,0,0,,,,,
1043783730893835,100064197037125,"PC Merchandise","Pa-mine na yan! RYZEN 5 3400G gaming build, limited slots only this week.",,0,"10/15/2023 19:15",,https://www.facebook.com/pcmerchandise.co/posts/pfbid0K7AZq7LyNx4h5tlalmcTrOdzfxymADoYwJhHNCh4wlQdZzPYGlrY1frx,0,0,Photos,,,,,10/26/2023,,,0,0,0,0,0,0,,,,,
1043783730893835,100064197037125,"PC Merchandise","Pa-mine na yan! RYZEN 5 3400G gaming build, limited slots only this week.",,0,"10/15/2023 19:15",,https://www.facebook.com/pcmerchandise.co/posts/pfbid0K7AZq7LyNx4h5tlalmcTrOdzfxymADoYwJhHNCh4wlQdZzPYGlrY1frx,0,0,Photos,,,,,10/27/2023,,,0,0,0,0,0,0,,,,,
1043783730893835,100064197037125,"PC Merchandise","Pa-mine na yan! RYZEN 5 3400G gaming build, limited slots only this week.",,0,"10/15/2023 19:15",,https://www.facebook.com/pcmerchandise.co/posts/pfbid0K7AZq7LyNx4h5tlalmcTrOdzfxymADoYwJhHNCh4wlQdZzPYGlrY1frx,0,0,Photos,,,,,10/28/2023,,,0,0,0,0,0,0,,,,,
1043783730893835,100064197037125,"PC Merchandise","Pa-mine na yan! RYZEN 5 3400G gaming build, limited slots only this week.",,0,"10/15/2023 19:15",,https://www.facebook.com/pcmerchandise.co/posts/pfbid0K7AZq7LyNx4h5tlalmcTrOdzfxymADoYwJhHNCh4wlQdZzPYGlrY1frx,0,0,Photos,,,,,10/29/2023,,,0,0,0,0,0,0,,,,,
1043783730893835,100064197037125,"PC Merchandise","Pa-mine na yan! RYZEN 5 3400G gaming build, limited slots only this week.",,0,"10/15/2023 19:15",,https://www.facebook.com/pcmerchandise.co/posts/pfbid0K7AZq7LyNx4h5tlalmcTrOdzfxymADoYwJhHNCh4wlQdZzPYGlrY1frx,0,0,Photos,,,,,10/30/2023,,,0,0,0,0,0,0,,,,,
1043783730893835,100064197037125,"PC Merchandise","Pa-mine na yan! RYZEN 5 3400G gaming build, limited slots only this week.",,0,"10/15/2023 19:15",,https://www.facebook.com/pcmerchandise.co/posts/pfbid0K7AZq7LyNx4h5tlalmcTrOdzfxymADoYwJhHNCh4wlQdZzPYGlrY1frx,0,0,Photos,,,,,10/31/2023,,,0,0,0,0,0,0,,,,,
1043353661367879,100064197037125,"PC Merchandise","客户 satisfied ✅ RYZEN 5 5600G build with RGB everything 🌈",,55,"10/15/2023 19:15",mixed,https://www.facebook.com/reel/1133837836019354/,0,1,Reels,,,,,10/01/2023,0,,,,,,0,0,0,0,0,0.000,4.226
1043353661367879,100064197037125,"PC Merchandise","客户 satisfied ✅ RYZEN 5 5600G build with RGB everything 🌈",,55,"10/15/2023 19:15",mixed,https://www.facebook.com/reel/1133837836019354/,0,1,Reels,,,,,10/02/2023,0,,,,,,0,0,0,0,0,0.000,2.349
1043353661367879,100064197037125,"PC Merchandise","客户 satisfied ✅ RYZEN 5 5600G build with RGB everything 🌈",,55,"10/15/2023 19:15",mixed,https://www.facebook.com/reel/1133837836019354/,0,1,Reels,,,,,10/03/2023,0,,,,,,0,0,0,0,0,0.000,3.296
1043353661367879,100064197037125,"PC Merchandise","客户 satisfied ✅ RYZEN 5 5600G build with RGB everything 🌈",,55,"10/15/2023 19:15",mixed,https://www.facebook.com/reel/1133837836019354/,0,1,Reels,,,,,10/04/2023,0,,,,,,0,0,0,0,0,0.000,3.938
1043353661367879,100064197037125,"PC Merchandise","客户 satisfied ✅ RYZEN 5 5600G build with RGB everything 🌈",,55,"10/15/2023 19:15",mixed,https://www.facebook.com/reel/1133837836019354/,0,1,Reels,,,,,10/05/2023,0,,,,,,0,0,0,0,0,0.000,1.500
1043353661367879,100064197037125,"PC Merchandise","客户 satisfied ✅ RYZEN 5 5600G build with RGB everything 🌈",,55,"10/15/2023 19:15",mixed,https://www.facebook.com/reel/1133837836019354/,0,1,Reels,,,,,10/06/2023,0,,,,,,0,0,0,0,0,0.000,1.585
1043353661367879,100064197037125,"PC Merchandise","客户 satisfied ✅ RYZEN 5 5600G build with RGB everything 🌈",,55,"10/15/2023 19:15",mixed,https://www.facebook.com/reel/1133837836019354/,0,1,Reels,,,,,10/07/2023,0,,,,,,0,0,0,0,0,0.000,1.972
1043353661367879,100064197037125,"PC Merchandise","客户 satisfied ✅ RYZEN 5 5600G build with RGB everything 🌈",,55,"10/15/2023 19:15",mixed,https://www.facebook.com/reel/1133837836019354/,0,1,Reels,,,,,10/08/2023,0,,,,,,0,0,0,0,0,0.000,2.764
1043353661367879,100064197037125,"PC Merchandise","客户 satisfied ✅ RYZEN 5 5600G build with RGB everything 🌈",,55,"10/15/2023 19:15",mixed,https://www.facebook.com/reel/1133837836019354/,0,1,Reels,,,,,10/09/2023,0,,,,,,0,0,0,0,0,0.000,4.106
1043353661367879,100064197037125,"PC Merchandise","客户 satisfied ✅ RYZEN 5 5600G build with RGB everything 🌈",,55,"10/15/2023 19:15",mixed,https://www.facebook.com/reel/1133837836019354/,0,1,Reels,,,,,10/10/2023,0,,,,,,0,0,0,0,0,0.000,3.257
1043353661367879,100064197037125,"PC Merchandise","客户 satisfied ✅ RYZEN 5 5600G build with RGB everything 🌈",,55,"10/15/2023 19:15",mixed,https://www.facebook.com/reel/1133837836019354/,0,1,Reels,,,,,10/11/2023,0,,,,,,0,0,0,0,0,0.000,2.593
1043353661367879,100064197037125,"PC Merchandise","客户 satisfied ✅ RYZEN 5 5600G build with RGB everything 🌈",,55,"10/15/2023 19:15",mixed,https://www.facebook.com/reel/1133837836019354/,0,1,Reels,,,,,10/12/2023,0,,,,,,0,0,0,0,0,0.000,3.259
1043353661367879,100064197037125,"PC Merchandise","客户 satisfied ✅ RYZEN 5 5600G build with RGB everything 🌈",,55,"10/15/2023 19:15",mixed,https://www.facebook.com/reel/1133837836019354/,0,1,Reels,,,,,10/13/2023,0,,,,,,0,0,0,0,0,0.000,4.095
1043353661367879,100064197037125,"PC Merchandise","客户 satisfied ✅ RYZEN 5 5600G build with RGB everything 🌈",,55,"10/15/2023 19:15",mixed,https://www.facebook.com/reel/1133837836019354/,0,1,Reels,,,,,10/14/2023,0,,,,,,0,0,0,0,0,0.000,1.870
1043353661367879,100064197037125,"PC Merchandise","客户 satisfied ✅ RYZEN 5 5600G build with RGB everything 🌈",,55,"10/15/2023 19:15",mixed,https://www.facebook.com/reel/1133837836019354/,0,1,Reels,,,,,10/15/2023,0,,,,,,0,0,1,1,0,206.037,4.330
1043353661367879,100064197037125,"PC Merchandise","客户 satisfied ✅ RYZEN 5 5600G build with RGB everything 🌈",,55,"10/15/2023 19:15",mixed,https://www.facebook.com/reel/1133837836019354/,0,1,Reels,,,,,10/16/2023,0,,,,,,0,0,0,0,0,119.238,2.079
1043353661367879,100064197037125,"PC Merchandise","客户 satisfied ✅ RYZEN 5 5600G build with RGB everything 🌈",,55,"10/15/2023 19:15",mixed,https://www.facebook.com/reel/1133837836019354/,0,1,Reels,,,,,10/17/2023,0,,,,,,0,0,0,0,0,111.105,3.042
1043353661367879,100064197037125,"PC Merchandise","客户 satisfied ✅ RYZEN 5 5600G build with RGB everything 🌈",,55,"10/15/2023 19:15",mixed,https://www.facebook.com/reel/1133837836019354/,0,1,Reels,,,,,10/18/2023,0,,,,,,0,0,0,0,0,36.105,2.960
1043353661367879,100064197037125,"PC Merchandise","客户 satisfied ✅ RYZEN 5 5600G build with RGB everything 🌈",,55,"10/15/2023 19:15",mixed,https://www.facebook.com/reel/1133837836019354/,0,1,Reels,,,,,10/19/2023,0,,,,,,0,0,0,0,0,27.100,1.500
1043353661367879,100064197037125,"PC Merchandise","客户 satisfied ✅ RYZEN 5 5600G build with RGB everything 🌈",,55,"10/15/2023 19:15",mixed,https://www.facebook.com/reel/1133837836019354/,0,1,Reels,,,,,10/20/2023,0,,,,,,0,0,0,0,0,37.708,3.815
1043353661367879,100064197037125,"PC Merchandise","客户 satisfied ✅ RYZEN 5 5600G build with RGB everything 🌈",,55,"10/15/2023 19:15",mixed,https://www.facebook.com/reel/1133837836019354/,0,1,Reels,,,,,10/21/2023,0,,,,,,0,0,1,1,0,29.757,4.038
1043353661367879,100064197037125,"PC Merchandise","客户 satisfied ✅ RYZEN 5 5600G build with RGB everything 🌈",,55,"10/15/2023 19:15",mixed,https://www.facebook.com/reel/1133837836019354/,0,1,Reels,,,,,10/22/2023,0,,,,,,0,0,0,0,0,38.821,2.273
1043353661367879,100064197037125,"PC Merchandise","客户 satisfied ✅ RYZEN 5 5600G build with RGB everything 🌈",,55,"10/15/2023 19:15",mixed,https://www.facebook.com/reel/1133837836019354/,0,1,Reels,,,,,10/23/2023,0,,,,,,0,0,0,0,0,16.763,3.987
1043353661367879,100064197037125,"PC Merchandise","客户 satisfied ✅ RYZEN 5 5600G build with RGB everything 🌈",,55,"10/15/2023 19:15",mixed,https://www.facebook.com/reel/1133837836019354/,0,1,Reels,,,,,10/24/2023,0,,,,,,0,0,0,0,0,17.520,2.442
1043353661367879,100064197037125,"PC Merchandise","客户 satisfied ✅ RYZEN 5 5600G build with RGB everything 🌈",,55,"10/15/2023 19:15",mixed,https://www.facebook.com/reel/1133837836019354/,0,1,Reels,,,,,10/25/2023,0,,,,,,0,0,0,0,0,8.426,2.634
1043353661367879,100064197037125,"PC Merchandise","客户 satisfied ✅ RYZEN 5 5600G build with RGB everything 🌈",,55,"10/15/2023 19:15",mixed,https://www.facebook.com/reel/1133837836019354/,0,1,Reels,,,,,10/26/2023,0,,,,,,0,0,0,0,0,10.952,2.999
1043353661367879,100064197037125,"PC Merchandise","客户 satisfied ✅ RYZEN 5 5600G build with RGB everything 🌈",,55,"10/15/2023 19:15",mixed,https://www.facebook.com/reel/1133837836019354/,0,1,Reels,,,,,10/27/2023,0,,,,,,0,0,0,0,0,10.291,3.635
1043353661367879,100064197037125,"PC Merchandise","客户 satisfied ✅ RYZEN 5 5600G build with RGB everything 🌈",,55,"10/15/2023 19:15",mixed,https://www.facebook.com/reel/1133837836019354/,0,1,Reels,,,,,10/28/2023,0,,,,,,0,0,0,0,0,8.333,3.819
1043353661367879,100064197037125,"PC Merchandise","客户 satisfied ✅ RYZEN 5 5600G build with RGB everything 🌈",,55,"10/15/2023 19:15",mixed,https://www.facebook.com/reel/1133837836019354/,0,1,Reels,,,,,10/29/2023,0,,,,,,0,0,0,0,0,6.966,2.835
1043353661367879,100064197037125,"PC Merchandise","客户 satisfied ✅ RYZEN 5 5600G build with RGB everything 🌈",,55,"10/15/2023 19:15",mixed,https://www.facebook.com/reel/1133837836019354/,0,1,Reels,,,,,10/30/2023,0,,,,,,0,0,0,0,0,5.856,2.854
1043353661367879,100064197037125,"PC Merchandise","客户 satisfied ✅ RYZEN 5 5600G build with RGB everything 🌈",,55,"10/15/2023 19:15",mixed,https://www.facebook.com/reel/1133837836019354/,0,1,Reels,,,,,10/31/2023,0,,,,,,0,0,0,0,0,5.391,1.602
1043478685112744,100064197037125,"PC Merchandise","Do you want an aesthetic build that matches your gaming needs? i5 12400F builds available now!",,0,"10/15/2023 19:01",,https://www.facebook.com/pcmerchandise.co/posts/pfbid0SLvNA272ElcAXZMwikSDB8eJCHwl95z7tlasZQvYZi9CEFhLMpon7AED,0,0,Photos,,,,,10/31/2023,0,,,,,,,,,,,,
1043478685112744,100064197037125,"PC Merchandise","Do you want an aesthetic build that matches your gaming needs? i5 12400F builds available now!",,0,"10/15/2023 19:01",,https://www.facebook.com/pcmerchandise.co/posts/pfbid0SLvNA272ElcAXZMwikSDB8eJCHwl95z7tlasZQvYZi9CEFhLMpon7AED,0,0,Photos,,,,,10/01/2023,,,0,0,0,0,0,0,,,,,
1043478685112744,100064197037125,"PC Merchandise","Do you want an aesthetic build that matches your gaming needs? i5 12400F builds available now!",,0,"10/15/2023 19:01",,https://www.facebook.com/pcmerchandise.co/posts/pfbid0SLvNA272ElcAXZMwikSDB8eJCHwl95z7tlasZQvYZi9CEFhLMpon7AED,0,0,Photos,,,,,10/02/2023,,,0,0,0,0,0,0,,,,,
1043478685112744,100064197037125,"PC Merchandise","Do you want an aesthetic build that matches your gaming needs? i5 12400F builds available now!",,0,"10/15/2023 19:01",,https://www.facebook.com/pcmerchandise.co/posts/pfbid0SLvNA272ElcAXZMwikSDB8eJCHwl95z7tlasZQvYZi9CEFhLMpon7AED,0,0,Photos,,,,,10/03/2023,,,0,0,0,0,0,0,,,,,
1043478685112744,100064197037125,"PC Merchandise","Do you want an aesthetic build that matches your gaming needs? i5 12400F builds available now!",,0,"10/15/2023 19:01",,https://www.facebook.com/pcmerchandise.co/posts/pfbid0SLvNA272ElcAXZMwikSDB8eJCHwl95z7tlasZQvYZi9CEFhLMpon7AED,0,0,Photos,,,,,10/04/2023,,,0,0,0,0,0,0,,,,,
1043478685112744,100064197037125,"PC Merchandise","Do you want an aesthetic build that matches your gaming needs? i5 12400F builds available now!",,0,"10/15/2023 19:01",,https://www.facebook.com/pcmerchandise.co/posts/pfbid0SLvNA272ElcAXZMwikSDB8eJCHwl95z7tlasZQvYZi9CEFhLMpon7AED,0,0,Photos,,,,,10/05/2023,,,0,0,0,0,0,0,,,,,
1043478685112744,100064197037125,"PC Merchandise","Do you want an aesthetic build that matches your gaming needs? i5 12400F builds available now!",,0,"10/15/2023 19:01",,https://www.facebook.com/pcmerchandise.co/posts/pfbid0SLvNA272ElcAXZMwikSDB8eJCHwl95z7tlasZQvYZi9CEFhLMpon7AED,0,0,Photos,,,,,10/06/2023,,,0,0,0,0,0,0,,,,,
1043478685112744,100064197037125,"PC Merchandise","Do you want an aesthetic build that matches your gaming needs? i5 12400F builds available now!",,0,"10/15/2023 19:01",,https://www.facebook.com/pcmerchandise.co/posts/pfbid0SLvNA272ElcAXZMwikSDB8eJCHwl95z7tlasZQvYZi9CEFhLMpon7AED,0,0,Photos,,,,,10/07/2023,,,0,0,0,0,0,0,,,,,
1043478685112744,100064197037125,"PC Merchandise","Do you want an aesthetic build that matches your gaming needs? i5 12400F builds available now!",,0,"10/15/2023 19:01",,https://www.facebook.com/pcmerchandise.co/posts/pfbid0SLvNA272ElcAXZMwikSDB8eJCHwl95z7tlasZQvYZi9CEFhLMpon7AED,0,0,Photos,,,,,10/08/2023,,,0,0,0,0,0,0,,,,,
1043478685112744,100064197037125,"PC Merchandise","Do you want an aesthetic build that matches your gaming needs? i5 12400F builds available now!",,0,"10/15/2023 19:01",,https://www.facebook.com/pcmerchandise.co/posts/pfbid0SLvNA272ElcAXZMwikSDB8eJCHwl95z7tlasZQvYZi9CEFhLMpon7AED,0,0,Photos,,,,,10/09/2023,,,0,0,0,0,0,0,,,,,
1043478685112744,100064197037125,"PC Merchandise","Do you want an aesthetic build that matches your gaming needs? i5 12400F builds available now!",,0,"10/15/2023 19:01",,https://www.facebook.com/pcmerchandise.co/posts/pfbid0SLvNA272ElcAXZMwikSDB8eJCHwl95z7tlasZQvYZi9CEFhLMpon7AED,0,0,Photos,,,,,10/10/2023,,,0,0,0,0,0,0,,,,,
1043478685112744,100064197037125,"PC Merchandise","Do you want an aesthetic build that matches your gaming needs? i5 12400F builds available now!",,0,"10/15/2023 19:01",,https://www.facebook.com/pcmerchandise.co/posts/pfbid0SLvNA272ElcAXZMwikSDB8eJCHwl95z7tlasZQvYZi9CEFhLMpon7AED,0,0,Photos,,,,,10/11/2023,,,0,0,0,0,0,0,,,,,
1043478685112744,100064197037125,"PC Merchandise","Do you want an aesthetic build that matches your gaming needs? i5 12400F builds available now!",,0,"10/15/2023 19:01",,https://www.facebook.com/pcmerchandise.co/posts/pfbid0SLvNA272ElcAXZMwikSDB8eJCHwl95z7tlasZQvYZi9CEFhLMpon7AED,0,0,Photos,,,,,10/12/2023,,,0,0,0,0,0,0,,,,,
1043478685112744,100064197037125,"PC Merchandise","Do you want an aesthetic build that matches your gaming needs? i5 12400F builds available now!",,0,"10/15/2023 19:01",,https://www.facebook.com/pcmerchandise.co/posts/pfbid0SLvNA272ElcAXZMwikSDB8eJCHwl95z7tlasZQvYZi9CEFhLMpon7AED,0,0,Photos,,,,,10/13/2023,,,0,0,0,0,0,0,,,,,
1043478685112744,100064197037125,"PC Merchandise","Do you want an aesthetic build that matches your gaming needs? i5 12400F builds available now!",,0,"10/15/2023 19:01",,https://www.facebook.com/pcmerchandise.co/posts/pfbid0SLvNA272ElcAXZMwikSDB8eJCHwl95z7tlasZQvYZi9CEFhLMpon7AED,0,0,Photos,,,,,10/14/2023,,,0,0,0,0,0,0,,,,,
1043478685112744,100064197037125,"PC Merchandise","Do you want an aesthetic build that matches your gaming needs? i5 12400F builds available now!",,0,"10/15/2023 19:01",,https://www.facebook.com/pcmerchandise.co/posts/pfbid0SLvNA272ElcAXZMwikSDB8eJCHwl95z7tlasZQvYZi9CEFhLMpon7AED,0,0,Photos,,,,,10/15/2023,,,0,0,0,0,0,0,,,,,
1043478685112744,100064197037125,"PC Merchandise","Do you want an aesthetic build that matches your gaming needs? i5 12400F builds available now!",,0,"10/15/2023 19:01",,https://www.facebook.com/pcmerchandise.co/posts/pfbid0SLvNA272ElcAXZMwikSDB8eJCHwl95z7tlasZQvYZi9CEFhLMpon7AED,0,0,Photos,,,,,10/16/2023,,,0,0,0,0,0,0,,,,,
1043478685112744,100064197037125,"PC Merchandise","Do you want an aesthetic build that matches your gaming needs? i5 12400F builds available now!",,0,"10/15/2023 19:01",,https://www.facebook.com/pcmerchandise.co/posts/pfbid0SLvNA272ElcAXZMwikSDB8eJCHwl95z7tlasZQvYZi9CEFhLMpon7AED,0,0,Photos,,,,,10/17/2023,,,0,0,0,0,0,0,,,,,
1043478685112744,100064197037125,"PC Merchandise","Do you want an aesthetic build that matches your gaming needs? i5 12400F builds available now!",,0,"10/15/2023 19:01",,https://www.facebook.com/pcmerchandise.co/posts/pfbid0SLvNA272ElcAXZMwikSDB8eJCHwl95z7tlasZQvYZi9CEFhLMpon7AED,0,0,Photos,,,,,10/18/2023,,,0,0,0,0,0,0,,,,,
1043478685112744,100064197037125,"PC Merchandise","Do you want an aesthetic build that matches your gaming needs? i5 12400F builds available now!",,0,"10/15/2023 19:01",,https://www.facebook.com/pcmerchandise.co/posts/pfbid0SLvNA272ElcAXZMwikSDB8eJCHwl95z7tlasZQvYZi9CEFhLMpon7AED,0,0,Photos,,,,,10/19/2023,,,0,0,0,0,0,0,,,,,
1043478685112744,100064197037125,"PC Merchandise","Do you want an aesthetic build that matches your gaming needs? i5 12400F builds available now!",,0,"10/15/2023 19:01",,https://www.facebook.com/pcmerchandise.co/posts/pfbid0SLvNA272ElcAXZMwikSDB8eJCHwl95z7tlasZQvYZi9CEFhLMpon7AED,0,0,Photos,,,,,10/20/2023,,,0,0,0,0,0,0,,,,,
1043478685112744,100064197037125,"PC Merchandise","Do you want an aesthetic build that matches your gaming needs? i5 12400F builds available now!",,0,"10/15/2023 19:01",,https://www.facebook.com/pcmerchandise.co/posts/pfbid0SLvNA272ElcAXZMwikSDB8eJCHwl95z7tlasZQvYZi9CEFhLMpon7AED,0,0,Photos,,,,,10/21/2023,,,0,0,0,0,0,0,,,,,
1043478685112744,100064197037125,"PC Merchandise","Do you want an aesthetic build that matches your gaming needs? i5 12400F builds available now!",,0,"10/15/2023 19:01",,https://www.facebook.com/pcmerchandise.co/posts/pfbid0SLvNA272ElcAXZMwikSDB8eJCHwl95z7tlasZQvYZi9CEFhLMpon7AED,0,0,Photos,,,,,10/22/2023,,,0,0,0,0,0,0,,,,,
1043478685112744,100064197037125,"PC Merchandise","Do you want an aesthetic build that matches your gaming needs? i5 12400F builds available now!",,0,"10/15/2023 19:01",,https://www.facebook.com/pcmerchandise.co/posts/pfbid0SLvNA272ElcAXZMwikSDB8eJCHwl95z7tlasZQvYZi9CEFhLMpon7AED,0,0,Photos,,,,,10/23/2023,,,0,0,0,0,0,0,,,,,
1043478685112744,100064197037125,"PC Merchandise","Do you want an aesthetic build that matches your gaming needs? i5 12400F builds available now!",,0,"10/15/2023 19:01",,https://www.facebook.com/pcmerchandise.co/posts/pfbid0SLvNA272ElcAXZMwikSDB8eJCHwl95z7tlasZQvYZi9CEFhLMpon7AED,0,0,Photos,,,,,10/24/2023,,,0,0,0,0,0,0,,,,,
1043478685112744,100064197037125,"PC Merchandise","Do you want an aesthetic build that matches your gaming needs? i5 12400F builds available now!",,0,"10/15/2023 19:01",,https://www.facebook.com/pcmerchandise.co/posts/pfbid0SLvNA272ElcAXZMwikSDB8eJCHwl95z7tlasZQvYZi9CEFhLMpon7AED,0,0,Photos,,,,,10/25/2023,,,0,0,0,0,0,0,,,,,
1043478685112744,100064197037125,"PC Merchandise","Do you want an aesthetic build that matches your gaming needs? i5 12400F builds available now!",,0,"10/15/2023 19:01",,https://www.facebook.com/pcmerchandise.co/posts/pfbid0SLvNA272ElcAXZMwikSDB8eJCHwl95z7tlasZQvYZi9CEFhLMpon7AED,0,0,Photos,,,,,10/26/2023,,,0,0,0,0,0,0,,,,,
1043478685112744,100064197037125,"PC Merchandise","Do you want an aesthetic build that matches your gaming needs? i5 12400F builds available now!",,0,"10/15/2023 19:01",,https://www.facebook.com/pcmerchandise.co/posts/pfbid0SLvNA272ElcAXZMwikSDB8eJCHwl95z7tlasZQvYZi9CEFhLMpon7AED,0,0,Photos,,,,,10/27/2023,,,0,0,0,0,0,0,,,,,
1043478685112744,100064197037125,"PC Merchandise","Do you want an aesthetic build that matches your gaming needs? i5 12400F builds available now!",,0,"10/15/2023 19:01",,https://www.facebook.com/pcmerchandise.co/posts/pfbid0SLvNA272ElcAXZMwikSDB8eJCHwl95z7tlasZQvYZi9CEFhLMpon7AED,0,0,Photos,,,,,10/28/2023,,,0,0,0,0,0,0,,,,,
1043478685112744,100064197037125,"PC Merchandise","Do you want an aesthetic build that matches your gaming needs? i5 12400F builds available now!",,0,"10/15/2023 19:01",,https://www.facebook.com/pcmerchandise.co/posts/pfbid0SLvNA272ElcAXZMwikSDB8eJCHwl95z7tlasZQvYZi9CEFhLMpon7AED,0,0,Photos,,,,,10/29/2023,,,0,0,0,0,0,0,,,,,
1043478685112744,100064197037125,"PC Merchandise","Do you want an aesthetic build that matches your gaming needs? i5 12400F builds available now!",,0,"10/15/2023 19:01",,https://www.facebook.com/pcmerchandise.co/posts/pfbid0SLvNA272ElcAXZMwikSDB8eJCHwl95z7tlasZQvYZi9CEFhLMpon7AED,0,0,Photos,,,,,10/30/2023,,,0,0,0,0,0,0,,,,,
1043478685112744,100064197037125,"PC Merchandise","Do you want an aesthetic build that matches your gaming needs? i5 12400F builds available now!",,0,"10/15/2023 19:01",,https://www.facebook.com/pcmerchandise.co/posts/pfbid0SLvNA272ElcAXZMwikSDB8eJCHwl95z7tlasZQvYZi9CEFhLMpon7AED,0,0,Photos,,,,,10/31/2023,,,0,0,0,0,0,0,,,,,
1043518079375270,100064197037125,"PC Merchandise","𝐒𝐎𝐋𝐃 𝐑𝐘𝐙𝐄𝐍 𝟓 𝟑𝟒𝟎𝟎𝐆 (𝟖𝐏𝐂𝐒) (8PCS)
𝐂𝐎𝐌𝐒𝐇𝐎𝐏 𝐏𝐀𝐂𝐊𝐀𝐆𝐄
#PCMERCHANDISE #PCMBUILDS",,0,"10/15/2023 19:00",,https://www.facebook.com/pcmerchandise.co/posts/pfbid0V3Po9CYOQcQxxr5uRiW7FFUEnQHt9xw0FkPVi8CtzsWr4jmDngNErYdE,0,0,Photos,,,,,10/31/2023,0,,,,,,,,,,,,
1043518079375270,100064197037125,"PC Merchandise","𝐒𝐎𝐋𝐃 𝐑𝐘𝐙𝐄𝐍 𝟓 𝟑𝟒𝟎𝟎𝐆 (𝟖𝐏𝐂𝐒) (8PCS)
𝐂𝐎𝐌𝐒𝐇𝐎𝐏 𝐏𝐀𝐂𝐊𝐀𝐆𝐄
#PCMERCHANDISE #PCMBUILDS",,0,"10/15/2023 19:00",,https://www.facebook.com/pcmerchandise.co/posts/pfbid0V3Po9CYOQcQxxr5uRiW7FFUEnQHt9xw0FkPVi8CtzsWr4jmDngNErYdE,0,0,Photos,,,,,10/01/2023,,,0,0,0,0,0,0,,,,,
1043518079375270,100064197037125,"PC Merchandise","𝐒𝐎𝐋𝐃 𝐑𝐘𝐙𝐄𝐍 𝟓 𝟑𝟒𝟎𝟎𝐆 (𝟖𝐏𝐂𝐒) (8PCS)
𝐂𝐎𝐌𝐒𝐇𝐎𝐏 𝐏𝐀𝐂𝐊𝐀𝐆𝐄
#PCMERCHANDISE #PCMBUILDS",,0,"10/15/2023 19:00",,https://www.facebook.com/pcmerchandise.co/posts/pfbid0V3Po9CYOQcQxxr5uRiW7FFUEnQHt9xw0FkPVi8CtzsWr4jmDngNErYdE,0,0,Photos,,,,,10/02/2023,,,0,0,0,0,0,0,,,,,
1043518079375270,100064197037125,"PC Merchandise","𝐒𝐎𝐋𝐃 𝐑𝐘𝐙𝐄𝐍 𝟓 𝟑𝟒𝟎𝟎𝐆 (𝟖𝐏𝐂𝐒) (8PCS)
𝐂𝐎𝐌𝐒𝐇𝐎𝐏 𝐏𝐀𝐂𝐊𝐀𝐆𝐄
#PCMERCHANDISE #PCMBUILDS",,0,"10/15/2023 19:00",,https://www.facebook.com/pcmerchandise.co/posts/pfbid0V3Po9CYOQcQxxr5uRiW7FFUEnQHt9xw0FkPVi8CtzsWr4jmDngNErYdE,0,0,Photos,,,,,10/03/2023,,,0,0,0,0,0,0,,,,,
1043518079375270,100064197037125,"PC Merchandise","𝐒𝐎𝐋𝐃 𝐑𝐘𝐙𝐄𝐍 𝟓 𝟑𝟒𝟎𝟎𝐆 (𝟖𝐏𝐂𝐒) (8PCS)
𝐂𝐎𝐌𝐒𝐇𝐎𝐏 𝐏𝐀𝐂𝐊𝐀𝐆𝐄
#PCMERCHANDISE #PCMBUILDS",,0,"10/15/2023 19:00",,https://www.facebook.com/pcmerchandise.co/posts/pfbid0V3Po9CYOQcQxxr5uRiW7FFUEnQHt9xw0FkPVi8CtzsWr4jmDngNErYdE,0,0,Photos,,,,,10/04/2023,,,0,0,0,0,0,0,,,,,
1043518079375270,100064197037125,"PC Merchandise","𝐒𝐎𝐋𝐃 𝐑𝐘𝐙𝐄𝐍 𝟓 𝟑𝟒𝟎𝟎𝐆 (𝟖𝐏𝐂𝐒) (8PCS)
𝐂𝐎𝐌𝐒𝐇𝐎𝐏 𝐏𝐀𝐂𝐊𝐀𝐆𝐄
#PCMERCHANDISE #PCMBUILDS",,0,"10/15/2023 19:00",,https://www.facebook.com/pcmerchandise.co/posts/pfbid0V3Po9CYOQcQxxr5uRiW7FFUEnQHt9xw0FkPVi8CtzsWr4jmDngNErYdE,0,0,Photos,,,,,10/05/2023,,,0,0,0,0,0,0,,,,,
1043518079375270,100064197037125,"PC Merchandise","𝐒𝐎𝐋𝐃 𝐑𝐘𝐙𝐄𝐍 𝟓 𝟑𝟒𝟎𝟎𝐆 (𝟖𝐏𝐂𝐒) (8PCS)
𝐂𝐎𝐌𝐒𝐇𝐎𝐏 𝐏𝐀𝐂𝐊𝐀𝐆𝐄
#PCMERCHANDISE #PCMBUILDS",,0,"10/15/2023 19:00",,https://www.facebook.com/pcmerchandise.co/posts/pfbid0V3Po9CYOQcQxxr5uRiW7FFUEnQHt9xw0FkPVi8CtzsWr4jmDngNErYdE,0,0,Photos,,,,,10/06/2023,,,0,0,0,0,0,0,,,,,
1043518079375270,100064197037125,"PC Merchandise","𝐒𝐎𝐋𝐃 𝐑𝐘𝐙𝐄𝐍 𝟓 𝟑𝟒𝟎𝟎𝐆 (𝟖𝐏𝐂𝐒) (8PCS)
𝐂𝐎𝐌𝐒𝐇𝐎𝐏 𝐏𝐀𝐂𝐊𝐀𝐆𝐄
#PCMERCHANDISE #PCMBUILDS",,0,"10/15/2023 19:00",,https://www.facebook.com/pcmerchandise.co/posts/pfbid0V3Po9CYOQcQxxr5uRiW7FFUEnQHt9xw0FkPVi8CtzsWr4jmDngNErYdE,0,0,Photos,,,,,10/07/2023,,,0,0,0,0,0,0,,,,,
1043518079375270,100064197037125,"PC Merchandise","𝐒𝐎𝐋𝐃 𝐑𝐘𝐙𝐄𝐍 𝟓 𝟑𝟒𝟎𝟎𝐆 (𝟖𝐏𝐂𝐒) (8PCS)
𝐂𝐎𝐌𝐒𝐇𝐎𝐏 𝐏𝐀𝐂𝐊𝐀𝐆𝐄
#PCMERCHANDISE #PCMBUILDS",,0,"10/15/2023 19:00",,https://www.facebook.com/pcmerchandise.co/posts/pfbid0V3Po9CYOQcQxxr5uRiW7FFUEnQHt9xw0FkPVi8CtzsWr4jmDngNErYdE,0,0,Photos,,,,,10/08/2023,,,0,0,0,0,0,0,,,,,
1043518079375270,100064197037125,"PC Merchandise","𝐒𝐎𝐋𝐃 𝐑𝐘𝐙𝐄𝐍 𝟓 𝟑𝟒𝟎𝟎𝐆 (𝟖𝐏𝐂𝐒) (8PCS)
𝐂𝐎𝐌𝐒𝐇𝐎𝐏 𝐏𝐀𝐂𝐊𝐀𝐆𝐄
#PCMERCHANDISE #PCMBUILDS",,0,"10/15/2023 19:00",,https://www.facebook.com/pcmerchandise.co/posts/pfbid0V3Po9CYOQcQxxr5uRiW7FFUEnQHt9xw0FkPVi8CtzsWr4jmDngNErYdE,0,0,Photos,,,,,10/09/2023,,,0,0,0,0,0,0,,,,,
1043518079375270,100064197037125,"PC Merchandise","𝐒𝐎𝐋𝐃 𝐑𝐘𝐙𝐄𝐍 𝟓 𝟑𝟒𝟎𝟎𝐆 (𝟖𝐏𝐂𝐒) (8PCS)
𝐂𝐎𝐌𝐒𝐇𝐎𝐏 𝐏𝐀𝐂𝐊𝐀𝐆𝐄
#PCMERCHANDISE #PCMBUILDS",,0,"10/15/2023 19:00",,https://www.facebook.com/pcmerchandise.co/posts/pfbid0V3Po9CYOQcQxxr5uRiW7FFUEnQHt9xw0FkPVi8CtzsWr4jmDngNErYdE,0,0,Photos,,,,,10/10/2023,,,0,0,0,0,0,0,,,,,
1043518079375270,100064197037125,"PC Merchandise","𝐒𝐎𝐋𝐃 𝐑𝐘𝐙𝐄𝐍 𝟓 𝟑𝟒𝟎𝟎𝐆 (𝟖𝐏𝐂𝐒) (8PCS)
𝐂𝐎𝐌𝐒𝐇𝐎𝐏 𝐏𝐀𝐂𝐊𝐀𝐆𝐄
#PCMERCHANDISE #PCMBUILDS",,0,"10/15/2023 19:00",,https://www.facebook.com/pcmerchandise.co/posts/pfbid0V3Po9CYOQcQxxr5uRiW7FFUEnQHt9xw0FkPVi8CtzsWr4jmDngNErYdE,0,0,Photos,,,,,10/11/2023,,,0,0,0,0,0,0,,,,,
1043518079375270,100064197037125,"PC Merchandise","𝐒𝐎𝐋𝐃 𝐑𝐘𝐙𝐄𝐍 𝟓 𝟑𝟒𝟎𝟎𝐆 (𝟖𝐏𝐂𝐒) (8PCS)
𝐂𝐎𝐌𝐒𝐇𝐎𝐏 𝐏𝐀𝐂𝐊𝐀𝐆𝐄
#PCMERCHANDISE #PCMBUILDS",,0,"10/15/2023 19:00",,https://www.facebook.com/pcmerchandise.co/posts/pfbid0V3Po9CYOQcQxxr5uRiW7FFUEnQHt9xw0FkPVi8CtzsWr4jmDngNErYdE,0,0,Photos,,,,,10/12/2023,,,0,0,0,0,0,0,,,,,
1043518079375270,100064197037125,"PC Merchandise","𝐒𝐎𝐋𝐃 𝐑𝐘𝐙𝐄𝐍 𝟓 𝟑𝟒𝟎𝟎𝐆 (𝟖𝐏𝐂𝐒) (8PCS)
𝐂𝐎𝐌𝐒𝐇𝐎𝐏 𝐏𝐀𝐂𝐊𝐀𝐆𝐄
#PCMERCHANDISE #PCMBUILDS",,0,"10/15/2023 19:00",,https://www.facebook.com/pcmerchandise.co/posts/pfbid0V3Po9CYOQcQxxr5uRiW7FFUEnQHt9xw0FkPVi8CtzsWr4jmDngNErYdE,0,0,Photos,,,,,10/13/2023,,,0,0,0,0,0,0,,,,,
1043518079375270,100064197037125,"PC Merchandise","𝐒𝐎𝐋𝐃 𝐑𝐘𝐙𝐄𝐍 𝟓 𝟑𝟒𝟎𝟎𝐆 (𝟖𝐏𝐂𝐒) (8PCS)
𝐂𝐎𝐌𝐒𝐇𝐎𝐏 𝐏𝐀𝐂𝐊𝐀𝐆𝐄
#PCMERCHANDISE #PCMBUILDS",,0,"10/15/2023 19:00",,https://www.facebook.com/pcmerchandise.co/posts/pfbid0V3Po9CYOQcQxxr5uRiW7FFUEnQHt9xw0FkPVi8CtzsWr4jmDngNErYdE,0,0,Photos,,,,,10/14/2023,,,0,0,0,0,0,0,,,,,
1043518079375270,100064197037125,"PC Merchandise","𝐒𝐎𝐋𝐃 𝐑𝐘𝐙𝐄𝐍 𝟓 𝟑𝟒𝟎𝟎𝐆 (𝟖𝐏𝐂𝐒) (8PCS)
𝐂𝐎𝐌𝐒𝐇𝐎𝐏 𝐏𝐀𝐂𝐊𝐀𝐆𝐄
#PCMERCHANDISE #PCMBUILDS",,0,"10/15/2023 19:00",,https://www.facebook.com/pcmerchandise.co/posts/pfbid0V3Po9CYOQcQxxr5uRiW7FFUEnQHt9xw0FkPVi8CtzsWr4jmDngNErYdE,0,0,Photos,,,,,10/15/2023,,,0,0,0,0,0,0,,,,,
1043518079375270,100064197037125,"PC Merchandise","𝐒𝐎𝐋𝐃 𝐑𝐘𝐙𝐄𝐍 𝟓 𝟑𝟒𝟎𝟎𝐆 (𝟖𝐏𝐂𝐒) (8PCS)
𝐂𝐎𝐌𝐒𝐇𝐎𝐏 𝐏𝐀𝐂𝐊𝐀𝐆𝐄
#PCMERCHANDISE #PCMBUILDS",,0,"10/15/2023 19:00",,https://www.facebook.com/pcmerchandise.co/posts/pfbid0V3Po9CYOQcQxxr5uRiW7FFUEnQHt9xw0FkPVi8CtzsWr4jmDngNErYdE,0,0,Photos,,,,,10/16/2023,,,0,0,0,0,0,0,,,,,
1043518079375270,100064197037125,"PC Merchandise","𝐒𝐎𝐋𝐃 𝐑𝐘𝐙𝐄𝐍 𝟓 𝟑𝟒𝟎𝟎𝐆 (𝟖𝐏𝐂𝐒) (8PCS)
𝐂𝐎𝐌𝐒𝐇𝐎𝐏 𝐏𝐀𝐂𝐊𝐀𝐆𝐄
#PCMERCHANDISE #PCMBUILDS",,0,"10/15/2023 19:00",,https://www.facebook.com/pcmerchandise.co/posts/pfbid0V3Po9CYOQcQxxr5uRiW7FFUEnQHt9xw0FkPVi8CtzsWr4jmDngNErYdE,0,0,Photos,,,,,10/17/2023,,,0,0,0,0,0,0,,,,,
1043518079375270,100064197037125,"PC Merchandise","𝐒𝐎𝐋𝐃 𝐑𝐘𝐙𝐄𝐍 𝟓 𝟑𝟒𝟎𝟎𝐆 (𝟖𝐏𝐂𝐒) (8PCS)
𝐂𝐎𝐌𝐒𝐇𝐎𝐏 𝐏𝐀𝐂𝐊𝐀𝐆𝐄
#PCMERCHANDISE #PCMBUILDS",,0,"10/15/2023 19:00",,https://www.facebook.com/pcmerchandise.co/posts/pfbid0V3Po9CYOQcQxxr5uRiW7FFUEnQHt9xw0FkPVi8CtzsWr4jmDngNErYdE,0,0,Photos,,,,,10/18/2023,,,0,0,0,0,0,0,,,,,
1043518079375270,100064197037125,"PC Merchandise","𝐒𝐎𝐋𝐃 𝐑𝐘𝐙𝐄𝐍 𝟓 𝟑𝟒𝟎𝟎𝐆 (𝟖𝐏𝐂𝐒) (8PCS)
𝐂𝐎𝐌𝐒𝐇𝐎𝐏 𝐏𝐀𝐂𝐊𝐀𝐆𝐄
#PCMERCHANDISE #PCMBUILDS",,0,"10/15/2023 19:00",,https://www.facebook.com/pcmerchandise.co/posts/pfbid0V3Po9CYOQcQxxr5uRiW7FFUEnQHt9xw0FkPVi8CtzsWr4jmDngNErYdE,0,0,Photos,,,,,10/19/2023,,,0,0,0,0,0,0,,,,,
1043518079375270,100064197037125,"PC Merchandise","𝐒𝐎𝐋𝐃 𝐑𝐘𝐙𝐄𝐍 𝟓 𝟑𝟒𝟎𝟎𝐆 (𝟖𝐏𝐂𝐒) (8PCS)
𝐂𝐎𝐌𝐒𝐇𝐎𝐏 𝐏𝐀𝐂𝐊𝐀𝐆𝐄
#PCMERCHANDISE #PCMBUILDS",,0,"10/15/2023 19:00",,https://www.facebook.com/pcmerchandise.co/posts/pfbid0V3Po9CYOQcQxxr5uRiW7FFUEnQHt9xw0FkPVi8CtzsWr4jmDngNErYdE,0,0,Photos,,,,,10/20/2023,,,0,0,0,0,0,0,,,,,
1043518079375270,100064197037125,"PC Merchandise","𝐒𝐎𝐋𝐃 𝐑𝐘𝐙𝐄𝐍 𝟓 𝟑𝟒𝟎𝟎𝐆 (𝟖𝐏𝐂𝐒) (8PCS)
𝐂𝐎𝐌𝐒𝐇𝐎𝐏 𝐏𝐀𝐂𝐊𝐀𝐆𝐄
#PCMERCHANDISE #PCMBUILDS",,0,"10/15/2023 19:00",,https://www.facebook.com/pcmerchandise.co/posts/pfbid0V3Po9CYOQcQxxr5uRiW7FFUEnQHt9xw0FkPVi8CtzsWr4jmDngNErYdE,0,0,Photos,,,,,10/21/2023,,,0,0,0,0,0,0,,,,,
1043518079375270,100064197037125,"PC Merchandise","𝐒𝐎𝐋𝐃 𝐑𝐘𝐙𝐄𝐍 𝟓 𝟑𝟒𝟎𝟎𝐆 (𝟖𝐏𝐂𝐒) (8PCS)
𝐂𝐎𝐌𝐒𝐇𝐎𝐏 𝐏𝐀𝐂𝐊𝐀𝐆𝐄
#PCMERCHANDISE #PCMBUILDS",,0,"10/15/2023 19:00",,https://www.facebook.com/pcmerchandise.co/posts/pfbid0V3Po9CYOQcQxxr5uRiW7FFUEnQHt9xw0FkPVi8CtzsWr4jmDngNErYdE,0,0,Photos,,,,,10/22/2023,,,0,0,0,0,0,0,,,,,
1043518079375270,100064197037125,"PC Merchandise","𝐒𝐎𝐋𝐃 𝐑𝐘𝐙𝐄𝐍 𝟓 𝟑𝟒𝟎𝟎𝐆 (𝟖𝐏𝐂𝐒) (8PCS)
𝐂𝐎𝐌𝐒𝐇𝐎𝐏 𝐏𝐀𝐂𝐊𝐀𝐆𝐄
#PCMERCHANDISE #PCMBUILDS",,0,"10/15/2023 19:00",,https://www.facebook.com/pcmerchandise.co/posts/pfbid0V3Po9CYOQcQxxr5uRiW7FFUEnQHt9xw0FkPVi8CtzsWr4jmDngNErYdE,0,0,Photos,,,,,10/23/2023,,,0,0,0,0,0,0,,,,,
1043518079375270,100064197037125,"PC Merchandise","𝐒𝐎𝐋𝐃 𝐑𝐘𝐙𝐄𝐍 𝟓 𝟑𝟒𝟎𝟎𝐆 (𝟖𝐏𝐂𝐒) (8PCS)
𝐂𝐎𝐌𝐒𝐇𝐎𝐏 𝐏𝐀𝐂𝐊𝐀𝐆𝐄
#PCMERCHANDISE #PCMBUILDS",,0,"10/15/2023 19:00",,https://www.facebook.com/pcmerchandise.co/posts/pfbid0V3Po9CYOQcQxxr5uRiW7FFUEnQHt9xw0FkPVi8CtzsWr4jmDngNErYdE,0,0,Photos,,,,,10/24/2023,,,0,0,0,0,0,0,,,,,
1043518079375270,100064197037125,"PC Merchandise","𝐒𝐎𝐋𝐃 𝐑𝐘𝐙𝐄𝐍 𝟓 𝟑𝟒𝟎𝟎𝐆 (𝟖𝐏𝐂𝐒) (8PCS)
𝐂𝐎𝐌𝐒𝐇𝐎𝐏 𝐏𝐀𝐂𝐊𝐀𝐆𝐄
#PCMERCHANDISE #PCMBUILDS",,0,"10/15/2023 19:00",,https://www.facebook.com/pcmerchandise.co/posts/pfbid0V3Po9CYOQcQxxr5uRiW7FFUEnQHt9xw0FkPVi8CtzsWr4jmDngNErYdE,0,0,Photos,,,,,10/25/2023,,,0,0,0,0,0,0,,,,,
1043518079375270,100064197037125,"PC Merchandise","𝐒𝐎𝐋𝐃 𝐑𝐘𝐙𝐄𝐍 𝟓 𝟑𝟒𝟎𝟎𝐆 (𝟖𝐏𝐂𝐒) (8PCS)
𝐂𝐎𝐌𝐒𝐇𝐎𝐏 𝐏𝐀𝐂𝐊𝐀𝐆𝐄
#PCMERCHANDISE #PCMBUILDS",,0,"10/15/2023 19:00",,https://www.facebook.com/pcmerchandise.co/posts/pfbid0V3Po9CYOQcQxxr5uRiW7FFUEnQHt9xw0FkPVi8CtzsWr4jmDngNErYdE,0,0,Photos,,,,,10/26/2023,,,0,0,0,0,0,0,,,,,
1043518079375270,100064197037125,"PC Merchandise","𝐒𝐎𝐋𝐃 𝐑𝐘𝐙𝐄𝐍 𝟓 𝟑𝟒𝟎𝟎𝐆 (𝟖𝐏𝐂𝐒) (8PCS)
𝐂𝐎𝐌𝐒𝐇𝐎𝐏 𝐏𝐀𝐂𝐊𝐀𝐆𝐄
#PCMERCHANDISE #PCMBUILDS",,0,"10/15/2023 19:00",,https://www.facebook.com/pcmerchandise.co/posts/pfbid0V3Po9CYOQcQxxr5uRiW7FFUEnQHt9xw0FkPVi8CtzsWr4jmDngNErYdE,0,0,Photos,,,,,10/27/2023,,,0,0,0,0,0,0,,,,,
1043518079375270,100064197037125,"PC Merchandise","𝐒𝐎𝐋𝐃 𝐑𝐘𝐙𝐄𝐍 𝟓 𝟑𝟒𝟎𝟎𝐆 (𝟖𝐏𝐂𝐒) (8PCS)
𝐂𝐎𝐌𝐒𝐇𝐎𝐏 𝐏𝐀𝐂𝐊𝐀𝐆𝐄
#PCMERCHANDISE #PCMBUILDS",,0,"10/15/2023 19:00",,https://www.facebook.com/pcmerchandise.co/posts/pfbid0V3Po9CYOQcQxxr5uRiW7FFUEnQHt9xw0FkPVi8CtzsWr4jmDngNErYdE,0,0,Photos,,,,,10/28/2023,,,0,0,0,0,0,0,,,,,
1043518079375270,100064197037125,"PC Merchandise","𝐒𝐎𝐋𝐃 𝐑𝐘𝐙𝐄𝐍 𝟓 𝟑𝟒𝟎𝟎𝐆 (𝟖𝐏𝐂𝐒) (8PCS)
𝐂𝐎𝐌𝐒𝐇𝐎𝐏 𝐏𝐀𝐂𝐊𝐀𝐆𝐄
#PCMERCHANDISE #PCMBUILDS",,0,"10/15/2023 19:00",,https://www.facebook.com/pcmerchandise.co/posts/pfbid0V3Po9CYOQcQxxr5uRiW7FFUEnQHt9xw0FkPVi8CtzsWr4jmDngNErYdE,0,0,Photos,,,,,10/29/2023,,,0,0,0,0,0,0,,,,,
1043518079375270,100064197037125,"PC Merchandise","𝐒𝐎𝐋𝐃 𝐑𝐘𝐙𝐄𝐍 𝟓 𝟑𝟒𝟎𝟎𝐆 (𝟖𝐏𝐂𝐒) (8PCS)
𝐂𝐎𝐌𝐒𝐇𝐎𝐏 𝐏𝐀𝐂𝐊𝐀𝐆𝐄
#PCMERCHANDISE #PCMBUILDS",,0,"10/15/2023 19:00",,https://www.facebook.com/pcmerchandise.co/posts/pfbid0V3Po9CYOQcQxxr5uRiW7FFUEnQHt9xw0FkPVi8CtzsWr4jmDngNErYdE,0,0,Photos,,,,,10/30/2023,,,0,0,0,0,0,0,,,,,
1043518079375270,100064197037125,"PC Merchandise","𝐒𝐎𝐋𝐃 𝐑𝐘𝐙𝐄𝐍 𝟓 𝟑𝟒𝟎𝟎𝐆 (𝟖𝐏𝐂𝐒) (8PCS)
𝐂𝐎𝐌𝐒𝐇𝐎𝐏 𝐏𝐀𝐂𝐊𝐀𝐆𝐄
#PCMERCHANDISE #PCMBUILDS",,0,"10/15/2023 19:00",,https://www.facebook.com/pcmerchandise.co/posts/pfbid0V3Po9CYOQcQxxr5uRiW7FFUEnQHt9xw0FkPVi8CtzsWr4jmDngNErYdE,0,0,Photos,,,,,10/31/2023,,,0,0,0,0,0,0,,,,,
1043792240219437,100064197037125,"PC Merchandise","Negosyo starts today! Complete computer shop packages ready. PM now!

𝐂𝐎𝐌𝐒𝐇𝐎𝐏 𝐏𝐑𝐈𝐂𝐄𝐋𝐈𝐒𝐓 >>>
https://pcmerchandise.live/2023-COMSHOP-PACKAGES",,33,"10/15/2023 02:01",,https://www.facebook.com/reel/1247947800479253/,0,0,Reels,,,,,10/01/2023,0,,,,,,0,0,0,0,0,0.000,3.790
1043792240219437,100064197037125,"PC Merchandise","Negosyo starts today! Complete computer shop packages ready. PM now!

𝐂𝐎𝐌𝐒𝐇𝐎𝐏 𝐏𝐑𝐈𝐂𝐄𝐋𝐈𝐒𝐓 >>>
https://pcmerchandise.live/2023-COMSHOP-PACKAGES",,33,"10/15/2023 02:01",,https://www.facebook.com/reel/1247947800479253/,0,0,Reels,,,,,10/02/2023,0,,,,,,0,0,0,0,0,0.000,5.362
1043792240219437,100064197037125,"PC Merchandise","Negosyo starts today! Complete computer shop packages ready. PM now!

𝐂𝐎𝐌𝐒𝐇𝐎𝐏 𝐏𝐑𝐈𝐂𝐄𝐋𝐈𝐒𝐓 >>>
https://pcmerchandise.live/2023-COMSHOP-PACKAGES",,33,"10/15/2023 02:01",,https://www.facebook.com/reel/1247947800479253/,0,0,Reels,,,,,10/03/2023,0,,,,,,0,0,0,0,0,0.000,5.080
1043792240219437,100064197037125,"PC Merchandise","Negosyo starts today! Complete computer shop packages ready. PM now!

𝐂𝐎𝐌𝐒𝐇𝐎𝐏 𝐏𝐑𝐈𝐂𝐄𝐋𝐈𝐒𝐓 >>>
https://pcmerchandise.live/2023-COMSHOP-PACKAGES",,33,"10/15/2023 02:01",,https://www.facebook.com/reel/1247947800479253/,0,0,Reels,,,,,10/04/2023,0,,,,,,0,0,0,0,0,0.000,3.157
1043792240219437,100064197037125,"PC Merchandise","Negosyo starts today! Complete computer shop packages ready. PM now!

𝐂𝐎𝐌𝐒𝐇𝐎𝐏 𝐏𝐑𝐈𝐂𝐄𝐋𝐈𝐒𝐓 >>>
https://pcmerchandise.live/2023-COMSHOP-PACKAGES",,33,"10/15/2023 02:01",,https://www.facebook.com/reel/1247947800479253/,0,0,Reels,,,,,10/05/2023,0,,,,,,0,0,0,0,0,0.000,4.984
1043792240219437,100064197037125,"PC Merchandise","Negosyo starts today! Complete computer shop packages ready. PM now!

𝐂𝐎𝐌𝐒𝐇𝐎𝐏 𝐏𝐑𝐈𝐂𝐄𝐋𝐈𝐒𝐓 >>>
https://pcmerchandise.live/2023-COMSHOP-PACKAGES",,33,"10/15/2023 02:01",,https://www.facebook.com/reel/1247947800479253/,0,0,Reels,,,,,10/06/2023,0,,,,,,0,0,0,0,0,0.000,3.317
1043792240219437,100064197037125,"PC Merchandise","Negosyo starts today! Complete computer shop packages ready. PM now!

𝐂𝐎𝐌𝐒𝐇𝐎𝐏 𝐏𝐑𝐈𝐂𝐄𝐋𝐈𝐒𝐓 >>>
https://pcmerchandise.live/2023-COMSHOP-PACKAGES",,33,"10/15/2023 02:01",,https://www.facebook.com/reel/1247947800479253/,0,0,Reels,,,,,10/07/2023,0,,,,,,0,0,0,0,0,0.000,5.413
1043792240219437,100064197037125,"PC Merchandise","Negosyo starts today! Complete computer shop packages ready. PM now!

𝐂𝐎𝐌𝐒𝐇𝐎𝐏 𝐏𝐑𝐈𝐂𝐄𝐋𝐈𝐒𝐓 >>>
https://pcmerchandise.live/2023-COMSHOP-PACKAGES",,33,"10/15/2023 02:01",,https://www.facebook.com/reel/1247947800479253/,0,0,Reels,,,,,10/08/2023,0,,,,,,0,0,0,0,0,0.000,4.177
1043792240219437,100064197037125,"PC Merchandise","Negosyo starts today! Complete computer shop packages ready. PM now!

𝐂𝐎𝐌𝐒𝐇𝐎𝐏 𝐏𝐑𝐈𝐂𝐄𝐋𝐈𝐒𝐓 >>>
https://pcmerchandise.live/2023-COMSHOP-PACKAGES",,33,"10/15/2023 02:01",,https://www.facebook.com/reel/1247947800479253/,0,0,Reels,,,,,10/09/2023,0,,,,,,0,0,0,0,0,0.000,4.519
1043792240219437,100064197037125,"PC Merchandise","Negosyo starts today! Complete computer shop packages ready. PM now!

𝐂𝐎𝐌𝐒𝐇𝐎𝐏 𝐏𝐑𝐈𝐂𝐄𝐋𝐈𝐒𝐓 >>>
https://pcmerchandise.live/2023-COMSHOP-PACKAGES",,33,"10/15/2023 02:01",,https://www.facebook.com/reel/1247947800479253/,0,0,Reels,,,,,10/10/2023,0,,,,,,0,0,0,0,0,0.000,5.012
1043792240219437,100064197037125,"PC Merchandise","Negosyo starts today! Complete computer shop packages ready. PM now!

𝐂𝐎𝐌𝐒𝐇𝐎𝐏 𝐏𝐑𝐈𝐂𝐄𝐋𝐈𝐒𝐓 >>>
https://pcmerchandise.live/2023-COMSHOP-PACKAGES",,33,"10/15/2023 02:01",,https://www.facebook.com/reel/1247947800479253/,0,0,Reels,,,,,10/11/2023,0,,,,,,0,0,0,0,0,0.000,4.474
1043792240219437,100064197037125,"PC Merchandise","Negosyo starts today! Complete computer shop packages ready. PM now!

𝐂𝐎𝐌𝐒𝐇𝐎𝐏 𝐏𝐑𝐈𝐂𝐄𝐋𝐈𝐒𝐓 >>>
https://pcmerchandise.live/2023-COMSHOP-PACKAGES",,33,"10/15/2023 02:01",,https://www.facebook.com/reel/1247947800479253/,0,0,Reels,,,,,10/12/2023,0,,,,,,0,0,0,0,0,0.000,3.008
1043792240219437,100064197037125,"PC Merchandise","Negosyo starts today! Complete computer shop packages ready. PM now!

𝐂𝐎𝐌𝐒𝐇𝐎𝐏 𝐏𝐑𝐈𝐂𝐄𝐋𝐈𝐒𝐓 >>>
https://pcmerchandise.live/2023-COMSHOP-PACKAGES",,33,"10/15/2023 02:01",,https://www.facebook.com/reel/1247947800479253/,0,0,Reels,,,,,10/13/2023,0,,,,,,0,0,0,0,0,0.000,6.884
1043792240219437,100064197037125,"PC Merchandise","Negosyo starts today! Complete computer shop packages ready. PM now!

𝐂𝐎𝐌𝐒𝐇𝐎𝐏 𝐏𝐑𝐈𝐂𝐄𝐋𝐈𝐒𝐓 >>>
https://pcmerchandise.live/2023-COMSHOP-PACKAGES",,33,"10/15/2023 02:01",,https://www.facebook.com/reel/1247947800479253/,0,0,Reels,,,,,10/14/2023,0,,,,,,0,0,0,0,0,0.000,4.715
1043792240219437,100064197037125,"PC Merchandise","Negosyo starts today! Complete computer shop packages ready. PM now!

𝐂𝐎𝐌𝐒𝐇𝐎𝐏 𝐏𝐑𝐈𝐂𝐄𝐋𝐈𝐒𝐓 >>>
https://pcmerchandise.live/2023-COMSHOP-PACKAGES",,33,"10/15/2023 02:01",,https://www.facebook.com/reel/1247947800479253/,0,0,Reels,,,,,10/15/2023,0,,,,,,23,0,0,0,0,1793.888,4.253
1043792240219437,100064197037125,"PC Merchandise","Negosyo starts today! Complete computer shop packages ready. PM now!

𝐂𝐎𝐌𝐒𝐇𝐎𝐏 𝐏𝐑𝐈𝐂𝐄𝐋𝐈𝐒𝐓 >>>
https://pcmerchandise.live/2023-COMSHOP-PACKAGES",,33,"10/15/2023 02:01",,https://www.facebook.com/reel/1247947800479253/,0,0,Reels,,,,,10/16/2023,0,,,,,,22,0,0,0,0,1814.211,5.329
1043792240219437,100064197037125,"PC Merchandise","Negosyo starts today! Complete computer shop packages ready. PM now!

𝐂𝐎𝐌𝐒𝐇𝐎𝐏 𝐏𝐑𝐈𝐂𝐄𝐋𝐈𝐒𝐓 >>>
https://pcmerchandise.live/2023-COMSHOP-PACKAGES",,33,"10/15/2023 02:01",,https://www.facebook.com/reel/1247947800479253/,0,0,Reels,,,,,10/17/2023,0,,,,,,28,0,0,0,0,1553.815,2.641
1043792240219437,100064197037125,"PC Merchandise","Negosyo starts today! Complete computer shop packages ready. PM now!

𝐂𝐎𝐌𝐒𝐇𝐎𝐏 𝐏𝐑𝐈𝐂𝐄𝐋𝐈𝐒𝐓 >>>
https://pcmerchandise.live/2023-COMSHOP-PACKAGES",,33,"10/15/2023 02:01",,https://www.facebook.com/reel/1247947800479253/,0,0,Reels,,,,,10/18/2023,0,,,,,,32,0,1,1,0,1239.516,3.452
1043792240219437,100064197037125,"PC Merchandise","Negosyo starts today! Complete computer shop packages ready. PM now!

𝐂𝐎𝐌𝐒𝐇𝐎𝐏 𝐏𝐑𝐈𝐂𝐄𝐋𝐈𝐒𝐓 >>>
https://pcmerchandise.live/2023-COMSHOP-PACKAGES",,33,"10/15/2023 02:01",,https://www.facebook.com/reel/1247947800479253/,0,0,Reels,,,,,10/19/2023,0,,,,,,23,0,0,0,0,306.894,4.072
1043792240219437,100064197037125,"PC Merchandise","Negosyo starts today! Complete computer shop packages ready. PM now!

𝐂𝐎𝐌𝐒𝐇𝐎𝐏 𝐏𝐑𝐈𝐂𝐄𝐋𝐈𝐒𝐓 >>>
https://pcmerchandise.live/2023-COMSHOP-PACKAGES",,33,"10/15/2023 02:01",,https://www.facebook.com/reel/1247947800479253/,0,0,Reels,,,,,10/20/2023,0,,,,,,20,0,0,0,0,802.350,2.931
1043792240219437,100064197037125,"PC Merchandise","Negosyo starts today! Complete computer shop packages ready. PM now!

𝐂𝐎𝐌𝐒𝐇𝐎𝐏 𝐏𝐑𝐈𝐂𝐄𝐋𝐈𝐒𝐓 >>>
https://pcmerchandise.live/2023-COMSHOP-PACKAGES",,33,"10/15/2023 02:01",,https://www.facebook.com/reel/1247947800479253/,0,0,Reels,,,,,10/21/2023,0,,,,,,29,0,0,0,0,178.215,5.156
1043792240219437,100064197037125,"PC Merchandise","Negosyo starts today! Complete computer shop packages ready. PM now!

𝐂𝐎𝐌𝐒𝐇𝐎𝐏 𝐏𝐑𝐈𝐂𝐄𝐋𝐈𝐒𝐓 >>>
https://pcmerchandise.live/2023-COMSHOP-PACKAGES",,33,"10/15/2023 02:01",,https://www.facebook.com/reel/1247947800479253/,0,0,Reels,,,,,10/22/2023,0,,,,,,0,0,0,0,0,341.640,3.645
1043792240219437,100064197037125,"PC Merchandise","Negosyo starts today! Complete computer shop packages ready. PM now!

𝐂𝐎𝐌𝐒𝐇𝐎𝐏 𝐏𝐑𝐈𝐂𝐄𝐋𝐈𝐒𝐓 >>>
https://pcmerchandise.live/2023-COMSHOP-PACKAGES",,33,"10/15/2023 02:01",,https://www.facebook.com/reel/1247947800479253/,0,0,Reels,,,,,10/23/2023,0,,,,,,0,0,0,0,0,213.987,4.142
1043792240219437,100064197037125,"PC Merchandise","Negosyo starts today! Complete computer shop packages ready. PM now!

𝐂𝐎𝐌𝐒𝐇𝐎𝐏 𝐏𝐑𝐈𝐂𝐄𝐋𝐈𝐒𝐓 >>>
https://pcmerchandise.live/2023-COMSHOP-PACKAGES",,33,"10/15/2023 02:01",,https://www.facebook.com/reel/1247947800479253/,0,0,Reels,,,,,10/24/2023,0,,,,,,0,0,0,0,0,142.893,3.884
1043792240219437,100064197037125,"PC Merchandise","Negosyo starts today! Complete computer shop packages ready. PM now!

𝐂𝐎𝐌𝐒𝐇𝐎𝐏 𝐏𝐑𝐈𝐂𝐄𝐋𝐈𝐒𝐓 >>>
https://pcmerchandise.live/2023-COMSHOP-PACKAGES",,33,"10/15/2023 02:01",,https://www.facebook.com/reel/1247947800479253/,0,0,Reels,,,,,10/25/2023,0,,,,,,0,0,0,0,0,227.835,5.078
1043792240219437,100064197037125,"PC Merchandise","Negosyo starts today! Complete computer shop packages ready. PM now!

𝐂𝐎𝐌𝐒𝐇𝐎𝐏 𝐏𝐑𝐈𝐂𝐄𝐋𝐈𝐒𝐓 >>>
https://pcmerchandise.live/2023-COMSHOP-PACKAGES",,33,"10/15/2023 02:01",,https://www.facebook.com/reel/1247947800479253/,0,0,Reels,,,,,10/26/2023,0,,,,,,0,0,0,0,0,195.401,3.890
1043792240219437,100064197037125,"PC Merchandise","Negosyo starts today! Complete computer shop packages ready. PM now!

𝐂𝐎𝐌𝐒𝐇𝐎𝐏 𝐏𝐑𝐈𝐂𝐄𝐋𝐈𝐒𝐓 >>>
https://pcmerchandise.live/2023-COMSHOP-PACKAGES",,33,"10/15/2023 02:01",,https://www.facebook.com/reel/1247947800479253/,0,0,Reels,,,,,10/27/2023,0,,,,,,0,0,0,0,0,150.508,2.587
1043792240219437,100064197037125,"PC Merchandise","Negosyo starts today! Complete computer shop packages ready. PM now!

𝐂𝐎𝐌𝐒𝐇𝐎𝐏 𝐏𝐑𝐈𝐂𝐄𝐋𝐈𝐒𝐓 >>>
https://pcmerchandise.live/2023-COMSHOP-PACKAGES",,33,"10/15/2023 02:01",,https://www.facebook.com/reel/1247947800479253/,0,0,Reels,,,,,10/28/2023,0,,,,,,0,0,0,0,0,54.755,4.211
1043792240219437,100064197037125,"PC Merchandise","Negosyo starts today! Complete computer shop packages ready. PM now!

𝐂𝐎𝐌𝐒𝐇𝐎𝐏 𝐏𝐑𝐈𝐂𝐄𝐋𝐈𝐒𝐓 >>>
https://pcmerchandise.live/2023-COMSHOP-PACKAGES",,33,"10/15/2023 02:01",,https://www.facebook.com/reel/1247947800479253/,0,0,Reels,,,,,10/29/2023,0,,,,,,0,0,0,0,0,46.433,5.140
1043792240219437,100064197037125,"PC Merchandise","Negosyo starts today! Complete computer shop packages ready. PM now!

𝐂𝐎𝐌𝐒𝐇𝐎𝐏 𝐏𝐑𝐈𝐂𝐄𝐋𝐈𝐒𝐓 >>>
https://pcmerchandise.live/2023-COMSHOP-PACKAGES",,33,"10/15/2023 02:01",,https://www.facebook.com/reel/1247947800479253/,0,0,Reels,,,,,10/30/2023,0,,,,,,0,0,0,0,0,89.389,3.487
1043792240219437,100064197037125,"PC Merchandise","Negosyo starts today! Complete computer shop packages ready. PM now!

𝐂𝐎𝐌𝐒𝐇𝐎𝐏 𝐏𝐑𝐈𝐂𝐄𝐋𝐈𝐒𝐓 >>>
https://pcmerchandise.live/2023-COMSHOP-PACKAGES",,33,"10/15/2023 02:01",,https://www.facebook.com/reel/1247947800479253/,0,0,Reels,,,,,10/31/2023,0,,,,,,0,0,0,0,0,89.876,3.972
1043693561603195,100064197037125,"PC Merchandise","ito na po yung ghost project🥲",,65,"10/14/2023 20:01",,https://www.facebook.com/reel/1291881148301036/,0,0,Reels,,,,,10/01/2023,0,,,,,,0,0,0,0,0,0.000,5.860
1043693561603195,100064197037125,"PC Merchandise","ito na po yung ghost project🥲",,65,"10/14/2023 20:01",,https://www.facebook.com/reel/1291881148301036/,0,0,Reels,,,,,10/02/2023,0,,,,,,0,0,0,0,0,0.000,4.280
1043693561603195,100064197037125,"PC Merchandise","ito na po yung ghost project🥲",,65,"10/14/2023 20:01",,https://www.facebook.com/reel/1291881148301036/,0,0,Reels,,,,,10/03/2023,0,,,,,,0,0,0,0,0,0.000,6.106
1043693561603195,100064197037125,"PC Merchandise","ito na po yung ghost project🥲",,65,"10/14/2023 20:01",,https://www.facebook.com/reel/1291881148301036/,0,0,Reels,,,,,10/04/2023,0,,,,,,0,0,0,0,0,0.000,4.801
1043693561603195,100064197037125,"PC Merchandise","ito na po yung ghost project🥲",,65,"10/14/2023 20:01",,https://www.facebook.com/reel/1291881148301036/,0,0,Reels,,,,,10/05/2023,0,,,,,,0,0,0,0,0,0.000,5.678
1043693561603195,100064197037125,"PC Merchandise","ito na po yung ghost project🥲",,65,"10/14/2023 20:01",,https://www.facebook.com/reel/1291881148301036/,0,0,Reels,,,,,10/06/2023,0,,,,,,0,0,0,0,0,0.000,6.132
1043693561603195,100064197037125,"PC Merchandise","ito na po yung ghost project🥲",,65,"10/14/2023 20:01",,https://www.facebook.com/reel/1291881148301036/,0,0,Reels,,,,,10/07/2023,0,,,,,,0,0,0,0,0,0.000,4.591
1043693561603195,100064197037125,"PC Merchandise","ito na po yung ghost project🥲",,65,"10/14/2023 20:01",,https://www.facebook.com/reel/1291881148301036/,0,0,Reels,,,,,10/08/2023,0,,,,,,0,0,0,0,0,0.000,6.855
1043693561603195,100064197037125,"PC Merchandise","ito na po yung ghost project🥲",,65,"10/14/2023 20:01",,https://www.facebook.com/reel/1291881148301036/,0,0,Reels,,,,,10/09/2023,0,,,,,,0,0,0,0,0,0.000,5.996
1043693561603195,100064197037125,"PC Merchandise","ito na po yung ghost project🥲",,65,"10/14/2023 20:01",,https://www.facebook.com/reel/1291881148301036/,0,0,Reels,,,,,10/10/2023,0,,,,,,0,0,0,0,0,0.000,6.570
1043693561603195,100064197037125,"PC Merchandise","ito na po yung ghost project🥲",,65,"10/14/2023 20:01",,https://www.facebook.com/reel/1291881148301036/,0,0,Reels,,,,,10/11/2023,0,,,,,,0,0,0,0,0,0.000,5.783
1043693561603195,100064197037125,"PC Merchandise","ito na po yung ghost project🥲",,65,"10/14/2023 20:01",,https://www.facebook.com/reel/1291881148301036/,0,0,Reels,,,,,10/12/2023,0,,,,,,0,0,0,0,0,0.000,4.235
1043693561603195,100064197037125,"PC Merchandise","ito na po yung ghost project🥲",,65,"10/14/2023 20:01",,https://www.facebook.com/reel/1291881148301036/,0,0,Reels,,,,,10/13/2023,0,,,,,,0,0,0,0,0,0.000,5.830
1043693561603195,100064197037125,"PC Merchandise","ito na po yung ghost project🥲",,65,"10/14/2023 20:01",,https://www.facebook.com/reel/1291881148301036/,0,0,Reels,,,,,10/14/2023,0,,,,,,0,0,1,0,1,1032.639,5.110
1043693561603195,100064197037125,"PC Merchandise","ito na po yung ghost project🥲",,65,"10/14/2023 20:01",,https://www.facebook.com/reel/1291881148301036/,0,0,Reels,,,,,10/15/2023,0,,,,,,0,0,0,0,0,953.945,5.017
1043693561603195,100064197037125,"PC Merchandise","ito na po yung ghost project🥲",,65,"10/14/2023 20:01",,https://www.facebook.com/reel/1291881148301036/,0,0,Reels,,,,,10/16/2023,0,,,,,,0,0,0,0,0,760.897,4.268
1043693561603195,100064197037125,"PC Merchandise","ito na po yung ghost project🥲",,65,"10/14/2023 20:01",,https://www.facebook.com/reel/1291881148301036/,0,0,Reels,,,,,10/17/2023,0,,,,,,0,0,0,0,0,489.170,3.350
1043693561603195,100064197037125,"PC Merchandise","ito na po yung ghost project🥲",,65,"10/14/2023 20:01",,https://www.facebook.com/reel/1291881148301036/,0,0,Reels,,,,,10/18/2023,0,,,,,,0,0,0,0,0,299.762,5.051
1043693561603195,100064197037125,"PC Merchandise","ito na po yung ghost project🥲",,65,"10/14/2023 20:01",,https://www.facebook.com/reel/1291881148301036/,0,0,Reels,,,,,10/19/2023,0,,,,,,0,0,0,0,0,183.492,5.963
1043693561603195,100064197037125,"PC Merchandise","ito na po yung ghost project🥲",,65,"10/14/2023 20:01",,https://www.facebook.com/reel/1291881148301036/,0,0,Reels,,,,,10/20/2023,0,,,,,,0,0,0,0,0,396.003,4.967
1043693561603195,100064197037125,"PC Merchandise","ito na po yung ghost project🥲",,65,"10/14/2023 20:01",,https://www.facebook.com/reel/1291881148301036/,0,0,Reels,,,,,10/21/2023,0,,,,,,0,0,0,0,0,292.774,4.404
1043693561603195,100064197037125,"PC Merchandise","ito na po yung ghost project🥲",,65,"10/14/2023 20:01",,https://www.facebook.com/reel/1291881148301036/,0,0,Reels,,,,,10/22/2023,0,,,,,,0,0,0,0,0,216.843,3.989
1043693561603195,100064197037125,"PC Merchandise","ito na po yung ghost project🥲",,65,"10/14/2023 20:01",,https://www.facebook.com/reel/1291881148301036/,0,0,Reels,,,,,10/23/2023,0,,,,,,0,0,0,0,0,100.604,4.202
1043693561603195,100064197037125,"PC Merchandise","ito na po yung ghost project🥲",,65,"10/14/2023 20:01",,https://www.facebook.com/reel/1291881148301036/,0,0,Reels,,,,,10/24/2023,0,,,,,,0,0,0,0,0,103.231,4.596
1043693561603195,100064197037125,"PC Merchandise","ito na po yung ghost project🥲",,65,"10/14/2023 20:01",,https://www.facebook.com/reel/1291881148301036/,0,0,Reels,,,,,10/25/2023,0,,,,,,0,0,0,0,0,63.457,6.120
1043693561603195,100064197037125,"PC Merchandise","ito na po yung ghost project🥲",,65,"10/14/2023 20:01",,https://www.facebook.com/reel/1291881148301036/,0,0,Reels,,,,,10/26/2023,0,,,,,,0,0,0,0,0,113.199,5.093
1043693561603195,100064197037125,"PC Merchandise","ito na po yung ghost project🥲",,65,"10/14/2023 20:01",,https://www.facebook.com/reel/1291881148301036/,0,0,Reels,,,,,10/27/2023,0,,,,,,0,0,0,0,0,86.719,5.365
1043693561603195,100064197037125,"PC Merchandise","ito na po yung ghost project🥲",,65,"10/14/2023 20:01",,https://www.facebook.com/reel/1291881148301036/,0,0,Reels,,,,,10/28/2023,0,,,,,,0,0,0,0,0,75.616,7.343
1043693561603195,100064197037125,"PC Merchandise","ito na po yung ghost project🥲",,65,"10/14/2023 20:01",,https://www.facebook.com/reel/1291881148301036/,0,0,Reels,,,,,10/29/2023,0,,,,,,0,0,0,0,0,116.980,5.242
1043693561603195,100064197037125,"PC Merchandise","ito na po yung ghost project🥲",,65,"10/14/2023 20:01",,https://www.facebook.com/reel/1291881148301036/,0,0,Reels,,,,,10/30/2023,0,,,,,,0,0,0,0,0,68.420,4.931
1043693561603195,100064197037125,"PC Merchandise","ito na po yung ghost project🥲",,65,"10/14/2023 20:01",,https://www.facebook.com/reel/1291881148301036/,0,0,Reels,,,,,10/31/2023,0,,,,,,0,0,0,0,0,75.339,4.299
1043021985469534,100064197037125,"PC Merchandise","𝐑𝐘𝐙𝐄𝐍 𝟓 𝟑𝟒𝟎𝟎𝐆
𝐆𝐀𝐌𝐈𝐍𝐆 𝐁𝐔𝐈𝐋𝐃
#PCMERCHANDISE #PCMBUILDS",,0,"10/13/2023 22:30",,https://www.facebook.com/pcmerchandise.co/posts/pfbid068GEWRRb7NBW87g3ZXVUvitglA9K7vKYolJiTGwnTWZKI6EgtJkAjhMO,0,0,Photos,,,,,10/31/2023,1,,,,,,,,,,,,
1043021985469534,100064197037125,"PC Merchandise","𝐑𝐘𝐙𝐄𝐍 𝟓 𝟑𝟒𝟎𝟎𝐆
𝐆𝐀𝐌𝐈𝐍𝐆 𝐁𝐔𝐈𝐋𝐃
#PCMERCHANDISE #PCMBUILDS",,0,"10/13/2023 22:30",,https://www.facebook.com/pcmerchandise.co/posts/pfbid068GEWRRb7NBW87g3ZXVUvitglA9K7vKYolJiTGwnTWZKI6EgtJkAjhMO,0,0,Photos,,,,,10/01/2023,,,0,0,0,0,0,0,,,,,
1043021985469534,100064197037125,"PC Merchandise","𝐑𝐘𝐙𝐄𝐍 𝟓 𝟑𝟒𝟎𝟎𝐆
𝐆𝐀𝐌𝐈𝐍𝐆 𝐁𝐔𝐈𝐋𝐃
#PCMERCHANDISE #PCMBUILDS",,0,"10/13/2023 22:30",,https://www.facebook.com/pcmerchandise.co/posts/pfbid068GEWRRb7NBW87g3ZXVUvitglA9K7vKYolJiTGwnTWZKI6EgtJkAjhMO,0,0,Photos,,,,,10/02/2023,,,0,0,0,0,0,0,,,,,
1043021985469534,100064197037125,"PC Merchandise","𝐑𝐘𝐙𝐄𝐍 𝟓 𝟑𝟒𝟎𝟎𝐆
𝐆𝐀𝐌𝐈𝐍𝐆 𝐁𝐔𝐈𝐋𝐃
#PCMERCHANDISE #PCMBUILDS",,0,"10/13/2023 22:30",,https://www.facebook.com/pcmerchandise.co/posts/pfbid068GEWRRb7NBW87g3ZXVUvitglA9K7vKYolJiTGwnTWZKI6EgtJkAjhMO,0,0,Photos,,,,,10/03/2023,,,0,0,0,0,0,0,,,,,
1043021985469534,100064197037125,"PC Merchandise","𝐑𝐘𝐙𝐄𝐍 𝟓 𝟑𝟒𝟎𝟎𝐆
𝐆𝐀𝐌𝐈𝐍𝐆 𝐁𝐔𝐈𝐋𝐃
#PCMERCHANDISE #PCMBUILDS",,0,"10/13/2023 22:30",,https://www.facebook.com/pcmerchandise.co/posts/pfbid068GEWRRb7NBW87g3ZXVUvitglA9K7vKYolJiTGwnTWZKI6EgtJkAjhMO,0,0,Photos,,,,,10/04/2023,,,0,0,0,0,0,0,,,,,
1043021985469534,100064197037125,"PC Merchandise","𝐑𝐘𝐙𝐄𝐍 𝟓 𝟑𝟒𝟎𝟎𝐆
𝐆𝐀𝐌𝐈𝐍𝐆 𝐁𝐔𝐈𝐋𝐃
#PCMERCHANDISE #PCMBUILDS",,0,"10/13/2023 22:30",,https://www.facebook.com/pcmerchandise.co/posts/pfbid068GEWRRb7NBW87g3ZXVUvitglA9K7vKYolJiTGwnTWZKI6EgtJkAjhMO,0,0,Photos,,,,,10/05/2023,,,0,0,0,0,0,0,,,,,
1043021985469534,100064197037125,"PC Merchandise","𝐑𝐘𝐙𝐄𝐍 𝟓 𝟑𝟒𝟎𝟎𝐆
𝐆𝐀𝐌𝐈𝐍𝐆 𝐁𝐔𝐈𝐋𝐃
#PCMERCHANDISE #PCMBUILDS",,0,"10/13/2023 22:30",,https://www.facebook.com/pcmerchandise.co/posts/pfbid068GEWRRb7NBW87g3ZXVUvitglA9K7vKYolJiTGwnTWZKI6EgtJkAjhMO,0,0,Photos,,,,,10/06/2023,,,0,0,0,0,0,0,,,,,
1043021985469534,100064197037125,"PC Merchandise","𝐑𝐘𝐙𝐄𝐍 𝟓 𝟑𝟒𝟎𝟎𝐆
𝐆𝐀𝐌𝐈𝐍𝐆 𝐁𝐔𝐈𝐋𝐃
#PCMERCHANDISE #PCMBUILDS",,0,"10/13/2023 22:30",,https://www.facebook.com/pcmerchandise.co/posts/pfbid068GEWRRb7NBW87g3ZXVUvitglA9K7vKYolJiTGwnTWZKI6EgtJkAjhMO,0,0,Photos,,,,,10/07/2023,,,0,0,0,0,0,0,,,,,
1043021985469534,100064197037125,"PC Merchandise","𝐑𝐘𝐙𝐄𝐍 𝟓 𝟑𝟒𝟎𝟎𝐆
𝐆𝐀𝐌𝐈𝐍𝐆 𝐁𝐔𝐈𝐋𝐃
#PCMERCHANDISE #PCMBUILDS",,0,"10/13/2023 22:30",,https://www.facebook.com/pcmerchandise.co/posts/pfbid068GEWRRb7NBW87g3ZXVUvitglA9K7vKYolJiTGwnTWZKI6EgtJkAjhMO,0,0,Photos,,,,,10/08/2023,,,0,0,0,0,0,0,,,,,
1043021985469534,100064197037125,"PC Merchandise","𝐑𝐘𝐙𝐄𝐍 𝟓 𝟑𝟒𝟎𝟎𝐆
𝐆𝐀𝐌𝐈𝐍𝐆 𝐁𝐔𝐈𝐋𝐃
#PCMERCHANDISE #PCMBUILDS",,0,"10/13/2023 22:30",,https://www.facebook.com/pcmerchandise.co/posts/pfbid068GEWRRb7NBW87g3ZXVUvitglA9K7vKYolJiTGwnTWZKI6EgtJkAjhMO,0,0,Photos,,,,,10/09/2023,,,0,0,0,0,0,0,,,,,
1043021985469534,100064197037125,"PC Merchandise","𝐑𝐘𝐙𝐄𝐍 𝟓 𝟑𝟒𝟎𝟎𝐆
𝐆𝐀𝐌𝐈𝐍𝐆 𝐁𝐔𝐈𝐋𝐃
#PCMERCHANDISE #PCMBUILDS",,0,"10/13/2023 22:30",,https://www.facebook.com/pcmerchandise.co/posts/pfbid068GEWRRb7NBW87g3ZXVUvitglA9K7vKYolJiTGwnTWZKI6EgtJkAjhMO,0,0,Photos,,,,,10/10/2023,,,0,0,0,0,0,0,,,,,
1043021985469534,100064197037125,"PC Merchandise","𝐑𝐘𝐙𝐄𝐍 𝟓 𝟑𝟒𝟎𝟎𝐆
𝐆𝐀𝐌𝐈𝐍𝐆 𝐁𝐔𝐈𝐋𝐃
#PCMERCHANDISE #PCMBUILDS",,0,"10/13/2023 22:30",,https://www.facebook.com/pcmerchandise.co/posts/pfbid068GEWRRb7NBW87g3ZXVUvitglA9K7vKYolJiTGwnTWZKI6EgtJkAjhMO,0,0,Photos,,,,,10/11/2023,,,0,0,0,0,0,0,,,,,
1043021985469534,100064197037125,"PC Merchandise","𝐑𝐘𝐙𝐄𝐍 𝟓 𝟑𝟒𝟎𝟎𝐆
𝐆𝐀𝐌𝐈𝐍𝐆 𝐁𝐔𝐈𝐋𝐃
#PCMERCHANDISE #PCMBUILDS",,0,"10/13/2023 22:30",,https://www.facebook.com/pcmerchandise.co/posts/pfbid068GEWRRb7NBW87g3ZXVUvitglA9K7vKYolJiTGwnTWZKI6EgtJkAjhMO,0,0,Photos,,,,,10/12/2023,,,0,0,0,0,0,0,,,,,
1043021985469534,100064197037125,"PC Merchandise","𝐑𝐘𝐙𝐄𝐍 𝟓 𝟑𝟒𝟎𝟎𝐆
𝐆𝐀𝐌𝐈𝐍𝐆 𝐁𝐔𝐈𝐋𝐃
#PCMERCHANDISE #PCMBUILDS",,0,"10/13/2023 22:30",,https://www.facebook.com/pcmerchandise.co/posts/pfbid068GEWRRb7NBW87g3ZXVUvitglA9K7vKYolJiTGwnTWZKI6EgtJkAjhMO,0,0,Photos,,,,,10/13/2023,,,0,0,0,0,0,0,,,,,
1043021985469534,100064197037125,"PC Merchandise","𝐑𝐘𝐙𝐄𝐍 𝟓 𝟑𝟒𝟎𝟎𝐆
𝐆𝐀𝐌𝐈𝐍𝐆 𝐁𝐔𝐈𝐋𝐃
#PCMERCHANDISE #PCMBUILDS",,0,"10/13/2023 22:30",,https://www.facebook.com/pcmerchandise.co/posts/pfbid068GEWRRb7NBW87g3ZXVUvitglA9K7vKYolJiTGwnTWZKI6EgtJkAjhMO,0,0,Photos,,,,,10/14/2023,,,0,0,0,0,0,0,,,,,
1043021985469534,100064197037125,"PC Merchandise","𝐑𝐘𝐙𝐄𝐍 𝟓 𝟑𝟒𝟎𝟎𝐆
𝐆𝐀𝐌𝐈𝐍𝐆 𝐁𝐔𝐈𝐋𝐃
#PCMERCHANDISE #PCMBUILDS",,0,"10/13/2023 22:30",,https://www.facebook.com/pcmerchandise.co/posts/pfbid068GEWRRb7NBW87g3ZXVUvitglA9K7vKYolJiTGwnTWZKI6EgtJkAjhMO,0,0,Photos,,,,,10/15/2023,,,0,0,0,0,0,0,,,,,
1043021985469534,100064197037125,"PC Merchandise","𝐑𝐘𝐙𝐄𝐍 𝟓 𝟑𝟒𝟎𝟎𝐆
𝐆𝐀𝐌𝐈𝐍𝐆 𝐁𝐔𝐈𝐋𝐃
#PCMERCHANDISE #PCMBUILDS",,0,"10/13/2023 22:30",,https://www.facebook.com/pcmerchandise.co/posts/pfbid068GEWRRb7NBW87g3ZXVUvitglA9K7vKYolJiTGwnTWZKI6EgtJkAjhMO,0,0,Photos,,,,,10/16/2023,,,0,0,0,0,0,0,,,,,
1043021985469534,100064197037125,"PC Merchandise","𝐑𝐘𝐙𝐄𝐍 𝟓 𝟑𝟒𝟎𝟎𝐆
𝐆𝐀𝐌𝐈𝐍𝐆 𝐁𝐔𝐈𝐋𝐃
#PCMERCHANDISE #PCMBUILDS",,0,"10/13/2023 22:30",,https://www.facebook.com/pcmerchandise.co/posts/pfbid068GEWRRb7NBW87g3ZXVUvitglA9K7vKYolJiTGwnTWZKI6EgtJkAjhMO,0,0,Photos,,,,,10/17/2023,,,0,0,0,0,0,0,,,,,
1043021985469534,100064197037125,"PC Merchandise","𝐑𝐘𝐙𝐄𝐍 𝟓 𝟑𝟒𝟎𝟎𝐆
𝐆𝐀𝐌𝐈𝐍𝐆 𝐁𝐔𝐈𝐋𝐃
#PCMERCHANDISE #PCMBUILDS",,0,"10/13/2023 22:30",,https://www.facebook.com/pcmerchandise.co/posts/pfbid068GEWRRb7NBW87g3ZXVUvitglA9K7vKYolJiTGwnTWZKI6EgtJkAjhMO,0,0,Photos,,,,,10/18/2023,,,0,0,0,0,0,0,,,,,
1043021985469534,100064197037125,"PC Merchandise","𝐑𝐘𝐙𝐄𝐍 𝟓 𝟑𝟒𝟎𝟎𝐆
𝐆𝐀𝐌𝐈𝐍𝐆 𝐁𝐔𝐈𝐋𝐃
#PCMERCHANDISE #PCMBUILDS",,0,"10/13/2023 22:30",,https://www.facebook.com/pcmerchandise.co/posts/pfbid068GEWRRb7NBW87g3ZXVUvitglA9K7vKYolJiTGwnTWZKI6EgtJkAjhMO,0,0,Photos,,,,,10/19/2023,,,0,0,0,0,0,0,,,,,
1043021985469534,100064197037125,"PC Merchandise","𝐑𝐘𝐙𝐄𝐍 𝟓 𝟑𝟒𝟎𝟎𝐆
𝐆𝐀𝐌𝐈𝐍𝐆 𝐁𝐔𝐈𝐋𝐃
#PCMERCHANDISE #PCMBUILDS",,0,"10/13/2023 22:30",,https://www.facebook.com/pcmerchandise.co/posts/pfbid068GEWRRb7NBW87g3ZXVUvitglA9K7vKYolJiTGwnTWZKI6EgtJkAjhMO,0,0,Photos,,,,,10/20/2023,,,0,0,0,0,0,0,,,,,
1043021985469534,100064197037125,"PC Merchandise","𝐑𝐘𝐙𝐄𝐍 𝟓 𝟑𝟒𝟎𝟎𝐆
𝐆𝐀𝐌𝐈𝐍𝐆 𝐁𝐔𝐈𝐋𝐃
#PCMERCHANDISE #PCMBUILDS",,0,"10/13/2023 22:30",,https://www.facebook.com/pcmerchandise.co/posts/pfbid068GEWRRb7NBW87g3ZXVUvitglA9K7vKYolJiTGwnTWZKI6EgtJkAjhMO,0,0,Photos,,,,,10/21/2023,,,0,0,0,0,0,0,,,,,
1043021985469534,100064197037125,"PC Merchandise","𝐑𝐘𝐙𝐄𝐍 𝟓 𝟑𝟒𝟎𝟎𝐆
𝐆𝐀𝐌𝐈𝐍𝐆 𝐁𝐔𝐈𝐋𝐃
#PCMERCHANDISE #PCMBUILDS",,0,"10/13/2023 22:30",,https://www.facebook.com/pcmerchandise.co/posts/pfbid068GEWRRb7NBW87g3ZXVUvitglA9K7vKYolJiTGwnTWZKI6EgtJkAjhMO,0,0,Photos,,,,,10/22/2023,,,0,0,0,0,0,0,,,,,
1043021985469534,100064197037125,"PC Merchandise","𝐑𝐘𝐙𝐄𝐍 𝟓 𝟑𝟒𝟎𝟎𝐆
𝐆𝐀𝐌𝐈𝐍𝐆 𝐁𝐔𝐈𝐋𝐃
#PCMERCHANDISE #PCMBUILDS",,0,"10/13/2023 22:30",,https://www.facebook.com/pcmerchandise.co/posts/pfbid068GEWRRb7NBW87g3ZXVUvitglA9K7vKYolJiTGwnTWZKI6EgtJkAjhMO,0,0,Photos,,,,,10/23/2023,,,0,0,0,0,0,0,,,,,
1043021985469534,100064197037125,"PC Merchandise","𝐑𝐘𝐙𝐄𝐍 𝟓 𝟑𝟒𝟎𝟎𝐆
𝐆𝐀𝐌𝐈𝐍𝐆 𝐁𝐔𝐈𝐋𝐃
#PCMERCHANDISE #PCMBUILDS",,0,"10/13/2023 22:30",,https://www.facebook.com/pcmerchandise.co/posts/pfbid068GEWRRb7NBW87g3ZXVUvitglA9K7vKYolJiTGwnTWZKI6EgtJkAjhMO,0,0,Photos,,,,,10/24/2023,,,0,0,0,0,0,0,,,,,
1043021985469534,100064197037125,"PC Merchandise","𝐑𝐘𝐙𝐄𝐍 𝟓 𝟑𝟒𝟎𝟎𝐆
𝐆𝐀𝐌𝐈𝐍𝐆 𝐁𝐔𝐈𝐋𝐃
#PCMERCHANDISE #PCMBUILDS",,0,"10/13/2023 22:30",,https://www.facebook.com/pcmerchandise.co/posts/pfbid068GEWRRb7NBW87g3ZXVUvitglA9K7vKYolJiTGwnTWZKI6EgtJkAjhMO,0,0,Photos,,,,,10/25/2023,,,0,0,0,0,0,0,,,,,
1043021985469534,100064197037125,"PC Merchandise","𝐑𝐘𝐙𝐄𝐍 𝟓 𝟑𝟒𝟎𝟎𝐆
𝐆𝐀𝐌𝐈𝐍𝐆 𝐁𝐔𝐈𝐋𝐃
#PCMERCHANDISE #PCMBUILDS",,0,"10/13/2023 22:30",,https://www.facebook.com/pcmerchandise.co/posts/pfbid068GEWRRb7NBW87g3ZXVUvitglA9K7vKYolJiTGwnTWZKI6EgtJkAjhMO,0,0,Photos,,,,,10/26/2023,,,0,0,0,0,0,0,,,,,
1043021985469534,100064197037125,"PC Merchandise","𝐑𝐘𝐙𝐄𝐍 𝟓 𝟑𝟒𝟎𝟎𝐆
𝐆𝐀𝐌𝐈𝐍𝐆 𝐁𝐔𝐈𝐋𝐃
#PCMERCHANDISE #PCMBUILDS",,0,"10/13/2023 22:30",,https://www.facebook.com/pcmerchandise.co/posts/pfbid068GEWRRb7NBW87g3ZXVUvitglA9K7vKYolJiTGwnTWZKI6EgtJkAjhMO,0,0,Photos,,,,,10/27/2023,,,0,0,0,0,0,0,,,,,
1043021985469534,100064197037125,"PC Merchandise","𝐑𝐘𝐙𝐄𝐍 𝟓 𝟑𝟒𝟎𝟎𝐆
𝐆𝐀𝐌𝐈𝐍𝐆 𝐁𝐔𝐈𝐋𝐃
#PCMERCHANDISE #PCMBUILDS",,0,"10/13/2023 22:30",,https://www.facebook.com/pcmerchandise.co/posts/pfbid068GEWRRb7NBW87g3ZXVUvitglA9K7vKYolJiTGwnTWZKI6EgtJkAjhMO,0,0,Photos,,,,,10/28/2023,,,0,0,0,0,0,0,,,,,
1043021985469534,100064197037125,"PC Merchandise","𝐑𝐘𝐙𝐄𝐍 𝟓 𝟑𝟒𝟎𝟎𝐆
𝐆𝐀𝐌𝐈𝐍𝐆 𝐁𝐔𝐈𝐋𝐃
#PCMERCHANDISE #PCMBUILDS",,0,"10/13/2023 22:30",,https://www.facebook.com/pcmerchandise.co/posts/pfbid068GEWRRb7NBW87g3ZXVUvitglA9K7vKYolJiTGwnTWZKI6EgtJkAjhMO,0,0,Photos,,,,,10/29/2023,,,0,0,0,0,0,0,,,,,
1043021985469534,100064197037125,"PC Merchandise","𝐑𝐘𝐙𝐄𝐍 𝟓 𝟑𝟒𝟎𝟎𝐆
𝐆𝐀𝐌𝐈𝐍𝐆 𝐁𝐔𝐈𝐋𝐃
#PCMERCHANDISE #PCMBUILDS",,0,"10/13/2023 22:30",,https://www.facebook.com/pcmerchandise.co/posts/pfbid068GEWRRb7NBW87g3ZXVUvitglA9K7vKYolJiTGwnTWZKI6EgtJkAjhMO,0,0,Photos,,,,,10/30/2023,,,0,0,0,0,0,0,,,,,
1043021985469534,100064197037125,"PC Merchandise","𝐑𝐘𝐙𝐄𝐍 𝟓 𝟑𝟒𝟎𝟎𝐆
𝐆𝐀𝐌𝐈𝐍𝐆 𝐁𝐔𝐈𝐋𝐃
#PCMERCHANDISE #PCMBUILDS",,0,"10/13/2023 22:30",,https://www.facebook.com/pcmerchandise.co/posts/pfbid068GEWRRb7NBW87g3ZXVUvitglA9K7vKYolJiTGwnTWZKI6EgtJkAjhMO,0,0,Photos,,,,,10/31/2023,,,0,0,0,0,0,0,,,,,
1043150684931521,100064197037125,"PC Merchandise","Free deliver within Sta Maria! i3 12100F packages all-in na.",,0,"10/13/2023 19:15",,https://www.facebook.com/pcmerchandise.co/posts/pfbid0L0jR0hPH5Fh6N7tXLCPhQNHawLMbIl1R8l9CKo7DEi3GunU4tOsM2SRT,0,0,Photos,,,,,10/31/2023,0,,,,,,,,,,,,
1043150684931521,100064197037125,"PC Merchandise","Free deliver within Sta Maria! i3 12100F packages all-in na.",,0,"10/13/2023 19:15",,https://www.facebook.com/pcmerchandise.co/posts/pfbid0L0jR0hPH5Fh6N7tXLCPhQNHawLMbIl1R8l9CKo7DEi3GunU4tOsM2SRT,0,0,Photos,,,,,10/01/2023,,,0,0,0,0,0,0,,,,,
1043150684931521,100064197037125,"PC Merchandise","Free deliver within Sta Maria! i3 12100F packages all-in na.",,0,"10/13/2023 19:15",,https://www.facebook.com/pcmerchandise.co/posts/pfbid0L0jR0hPH5Fh6N7tXLCPhQNHawLMbIl1R8l9CKo7DEi3GunU4tOsM2SRT,0,0,Photos,,,,,10/02/2023,,,0,0,0,0,0,0,,,,,
1043150684931521,100064197037125,"PC Merchandise","Free deliver within Sta Maria! i3 12100F packages all-in na.",,0,"10/13/2023 19:15",,https://www.facebook.com/pcmerchandise.co/posts/pfbid0L0jR0hPH5Fh6N7tXLCPhQNHawLMbIl1R8l9CKo7DEi3GunU4tOsM2SRT,0,0,Photos,,,,,10/03/2023,,,0,0,0,0,0,0,,,,,
1043150684931521,100064197037125,"PC Merchandise","Free deliver within Sta Maria! i3 12100F packages all-in na.",,0,"10/13/2023 19:15",,https://www.facebook.com/pcmerchandise.co/posts/pfbid0L0jR0hPH5Fh6N7tXLCPhQNHawLMbIl1R8l9CKo7DEi3GunU4tOsM2SRT,0,0,Photos,,,,,10/04/2023,,,0,0,0,0,0,0,,,,,
1043150684931521,100064197037125,"PC Merchandise","Free deliver within Sta Maria! i3 12100F packages all-in na.",,0,"10/13/2023 19:15",,https://www.facebook.com/pcmerchandise.co/posts/pfbid0L0jR0hPH5Fh6N7tXLCPhQNHawLMbIl1R8l9CKo7DEi3GunU4tOsM2SRT,0,0,Photos,,,,,10/05/2023,,,0,0,0,0,0,0,,,,,
1043150684931521,100064197037125,"PC Merchandise","Free deliver within Sta Maria! i3 12100F packages all-in na.",,0,"10/13/2023 19:15",,https://www.facebook.com/pcmerchandise.co/posts/pfbid0L0jR0hPH5Fh6N7tXLCPhQNHawLMbIl1R8l9CKo7DEi3GunU4tOsM2SRT,0,0,Photos,,,,,10/06/2023,,,0,0,0,0,0,0,,,,,
1043150684931521,100064197037125,"PC Merchandise","Free deliver within Sta Maria! i3 12100F packages all-in na.",,0,"10/13/2023 19:15",,https://www.facebook.com/pcmerchandise.co/posts/pfbid0L0jR0hPH5Fh6N7tXLCPhQNHawLMbIl1R8l9CKo7DEi3GunU4tOsM2SRT,0,0,Photos,,,,,10/07/2023,,,0,0,0,0,0,0,,,,,
1043150684931521,100064197037125,"PC Merchandise","Free deliver within Sta Maria! i3 12100F packages all-in na.",,0,"10/13/2023 19:15",,https://www.facebook.com/pcmerchandise.co/posts/pfbid0L0jR0hPH5Fh6N7tXLCPhQNHawLMbIl1R8l9CKo7DEi3GunU4tOsM2SRT,0,0,Photos,,,,,10/08/2023,,,0,0,0,0,0,0,,,,,
1043150684931521,100064197037125,"PC Merchandise","Free deliver within Sta Maria! i3 12100F packages all-in na.",,0,"10/13/2023 19:15",,https://www.facebook.com/pcmerchandise.co/posts/pfbid0L0jR0hPH5Fh6N7tXLCPhQNHawLMbIl1R8l9CKo7DEi3GunU4tOsM2SRT,0,0,Photos,,,,,10/09/2023,,,0,0,0,0,0,0,,,,,
1043150684931521,100064197037125,"PC Merchandise","Free deliver within Sta Maria! i3 12100F packages all-in na.",,0,"10/13/2023 19:15",,https://www.facebook.com/pcmerchandise.co/posts/pfbid0L0jR0hPH5Fh6N7tXLCPhQNHawLMbIl1R8l9CKo7DEi3GunU4tOsM2SRT,0,0,Photos,,,,,10/10/2023,,,0,0,0,0,0,0,,,,,
1043150684931521,100064197037125,"PC Merchandise","Free deliver within Sta Maria! i3 12100F packages all-in na.",,0,"10/13/2023 19:15",,https://www.facebook.com/pcmerchandise.co/posts/pfbid0L0jR0hPH5Fh6N7tXLCPhQNHawLMbIl1R8l9CKo7DEi3GunU4tOsM2SRT,0,0,Photos,,,,,10/11/2023,,,0,0,0,0,0,0,,,,,
1043150684931521,100064197037125,"PC Merchandise","Free deliver within Sta Maria! i3 12100F packages all-in na.",,0,"10/13/2023 19:15",,https://www.facebook.com/pcmerchandise.co/posts/pfbid0L0jR0hPH5Fh6N7tXLCPhQNHawLMbIl1R8l9CKo7DEi3GunU4tOsM2SRT,0,0,Photos,,,,,10/12/2023,,,0,0,0,0,0,0,,,,,
1043150684931521,100064197037125,"PC Merchandise","Free deliver within Sta Maria! i3 12100F packages all-in na.",,0,"10/13/2023 19:15",,https://www.facebook.com/pcmerchandise.co/posts/pfbid0L0jR0hPH5Fh6N7tXLCPhQNHawLMbIl1R8l9CKo7DEi3GunU4tOsM2SRT,0,0,Photos,,,,,10/13/2023,,,0,0,0,0,0,0,,,,,
1043150684931521,100064197037125,"PC Merchandise","Free deliver within Sta Maria! i3 12100F packages all-in na.",,0,"10/13/2023 19:15",,https://www.facebook.com/pcmerchandise.co/posts/pfbid0L0jR0hPH5Fh6N7tXLCPhQNHawLMbIl1R8l9CKo7DEi3GunU4tOsM2SRT,0,0,Photos,,,,,10/14/2023,,,0,0,0,0,0,0,,,,,
1043150684931521,100064197037125,"PC Merchandise","Free deliver within Sta Maria! i3 12100F packages all-in na.",,0,"10/13/2023 19:15",,https://www.facebook.com/pcmerchandise.co/posts/pfbid0L0jR0hPH5Fh6N7tXLCPhQNHawLMbIl1R8l9CKo7DEi3GunU4tOsM2SRT,0,0,Photos,,,,,10/15/2023,,,0,0,0,0,0,0,,,,,
1043150684931521,100064197037125,"PC Merchandise","Free deliver within Sta Maria! i3 12100F packages all-in na.",,0,"10/13/2023 19:15",,https://www.facebook.com/pcmerchandise.co/posts/pfbid0L0jR0hPH5Fh6N7tXLCPhQNHawLMbIl1R8l9CKo7DEi3GunU4tOsM2SRT,0,0,Photos,,,,,10/16/2023,,,0,0,0,0,0,0,,,,,
1043150684931521,100064197037125,"PC Merchandise","Free deliver within Sta Maria! i3 12100F packages all-in na.",,0,"10/13/2023 19:15",,https://www.facebook.com/pcmerchandise.co/posts/pfbid0L0jR0hPH5Fh6N7tXLCPhQNHawLMbIl1R8l9CKo7DEi3GunU4tOsM2SRT,0,0,Photos,,,,,10/17/2023,,,0,0,0,0,0,0,,,,,
1043150684931521,100064197037125,"PC Merchandise","Free deliver within Sta Maria! i3 12100F packages all-in na.",,0,"10/13/2023 19:15",,https://www.facebook.com/pcmerchandise.co/posts/pfbid0L0jR0hPH5Fh6N7tXLCPhQNHawLMbIl1R8l9CKo7DEi3GunU4tOsM2SRT,0,0,Photos,,,,,10/18/2023,,,0,0,0,0,0,0,,,,,
1043150684931521,100064197037125,"PC Merchandise","Free deliver within Sta Maria! i3 12100F packages all-in na.",,0,"10/13/2023 19:15",,https://www.facebook.com/pcmerchandise.co/posts/pfbid0L0jR0hPH5Fh6N7tXLCPhQNHawLMbIl1R8l9CKo7DEi3GunU4tOsM2SRT,0,0,Photos,,,,,10/19/2023,,,0,0,0,0,0,0,,,,,
1043150684931521,100064197037125,"PC Merchandise","Free deliver within Sta Maria! i3 12100F packages all-in na.",,0,"10/13/2023 19:15",,https://www.facebook.com/pcmerchandise.co/posts/pfbid0L0jR0hPH5Fh6N7tXLCPhQNHawLMbIl1R8l9CKo7DEi3GunU4tOsM2SRT,0,0,Photos,,,,,10/20/2023,,,0,0,0,0,0,0,,,,,
1043150684931521,100064197037125,"PC Merchandise","Free deliver within Sta Maria! i3 12100F packages all-in na.",,0,"10/13/2023 19:15",,https://www.facebook.com/pcmerchandise.co/posts/pfbid0L0jR0hPH5Fh6N7tXLCPhQNHawLMbIl1R8l9CKo7DEi3GunU4tOsM2SRT,0,0,Photos,,,,,10/21/2023,,,0,0,0,0,0,0,,,,,
1043150684931521,100064197037125,"PC Merchandise","Free deliver within Sta Maria! i3 12100F packages all-in na.",,0,"10/13/2023 19:15",,https://www.facebook.com/pcmerchandise.co/posts/pfbid0L0jR0hPH5Fh6N7tXLCPhQNHawLMbIl1R8l9CKo7DEi3GunU4tOsM2SRT,0,0,Photos,,,,,10/22/2023,,,0,0,0,0,0,0,,,,,
1043150684931521,100064197037125,"PC Merchandise","Free deliver within Sta Maria! i3 12100F packages all-in na.",,0,"10/13/2023 19:15",,https://www.facebook.com/pcmerchandise.co/posts/pfbid0L0jR0hPH5Fh6N7tXLCPhQNHawLMbIl1R8l9CKo7DEi3GunU4tOsM2SRT,0,0,Photos,,,,,10/23/2023,,,0,0,0,0,0,0,,,,,
1043150684931521,100064197037125,"PC Merchandise","Free deliver within Sta Maria! i3 12100F packages all-in na.",,0,"10/13/2023 19:15",,https://www.facebook.com/pcmerchandise.co/posts/pfbid0L0jR0hPH5Fh6N7tXLCPhQNHawLMbIl1R8l9CKo7DEi3GunU4tOsM2SRT,0,0,Photos,,,,,10/24/2023,,,0,0,0,0,0,0,,,,,
1043150684931521,100064197037125,"PC Merchandise","Free deliver within Sta Maria! i3 12100F packages all-in na.",,0,"10/13/2023 19:15",,https://www.facebook.com/pcmerchandise.co/posts/pfbid0L0jR0hPH5Fh6N7tXLCPhQNHawLMbIl1R8l9CKo7DEi3GunU4tOsM2SRT,0,0,Photos,,,,,10/25/2023,,,0,0,0,0,0,0,,,,,
1043150684931521,100064197037125,"PC Merchandise","Free deliver within Sta Maria! i3 12100F packages all-in na.",,0,"10/13/2023 19:15",,https://www.facebook.com/pcmerchandise.co/posts/pfbid0L0jR0hPH5Fh6N7tXLCPhQNHawLMbIl1R8l9CKo7DEi3GunU4tOsM2SRT,0,0,Photos,,,,,10/26/2023,,,0,0,0,0,0,0,,,,,
1043150684931521,100064197037125,"PC Merchandise","Free deliver within Sta Maria! i3 12100F packages all-in na.",,0,"10/13/2023 19:15",,https://www.facebook.com/pcmerchandise.co/posts/pfbid0L0jR0hPH5Fh6N7tXLCPhQNHawLMbIl1R8l9CKo7DEi3GunU4tOsM2SRT,0,0,Photos,,,,,10/27/2023,,,0,0,0,0,0,0,,,,,
1043150684931521,100064197037125,"PC Merchandise","Free deliver within Sta Maria! i3 12100F packages all-in na.",,0,"10/13/2023 19:15",,https://www.facebook.com/pcmerchandise.co/posts/pfbid0L0jR0hPH5Fh6N7tXLCPhQNHawLMbIl1R8l9CKo7DEi3GunU4tOsM2SRT,0,0,Photos,,,,,10/28/2023,,,0,0,0,0,0,0,,,,,
1043150684931521,100064197037125,"PC Merchandise","Free deliver within Sta Maria! i3 12100F packages all-in na.",,0,"10/13/2023 19:15",,https://www.facebook.com/pcmerchandise.co/posts/pfbid0L0jR0hPH5Fh6N7tXLCPhQNHawLMbIl1R8l9CKo7DEi3GunU4tOsM2SRT,0,0,Photos,,,,,10/29/2023,,,0,0,0,0,0,0,,,,,
1043150684931521,100064197037125,"PC Merchandise","Free deliver within Sta Maria! i3 12100F packages all-in na.",,0,"10/13/2023 19:15",,https://www.facebook.com/pcmerchandise.co/posts/pfbid0L0jR0hPH5Fh6N7tXLCPhQNHawLMbIl1R8l9CKo7DEi3GunU4tOsM2SRT,0,0,Photos,,,,,10/30/2023,,,0,0,0,0,0,0,,,,,
1043150684931521,100064197037125,"PC Merchandise","Free deliver within Sta Maria! i3 12100F packages all-in na.",,0,"10/13/2023 19:15",,https://www.facebook.com/pcmerchandise.co/posts/pfbid0L0jR0hPH5Fh6N7tXLCPhQNHawLMbIl1R8l9CKo7DEi3GunU4tOsM2SRT,0,0,Photos,,,,,10/31/2023,,,0,0,0,0,0,0,,,,,
1043747792034639,100064197037125,"PC Merchandise","𝐢𝟓 𝟏𝟐𝟒𝟎𝟎𝐅 w/ 𝐑𝐗 𝟔𝟔𝟎𝟎
𝐆𝐀𝐌𝐈𝐍𝐆 𝐁𝐔𝐈𝐋𝐃
#PCMERCHANDISE #PCMBUILDS",,0,"10/13/2023 19:00",,https://www.facebook.com/pcmerchandise.co/posts/pfbid09eacyEXU9jjONhswMFWbrjmjJhme1YaDkFQoJLjGltzf24UMhJpp6xME,0,0,Photos,,,,,10/31/2023,0,,,,,,,,,,,,
1043747792034639,100064197037125,"PC Merchandise","𝐢𝟓 𝟏𝟐𝟒𝟎𝟎𝐅 w/ 𝐑𝐗 𝟔𝟔𝟎𝟎
𝐆𝐀𝐌𝐈𝐍𝐆 𝐁𝐔𝐈𝐋𝐃
#PCMERCHANDISE #PCMBUILDS",,0,"10/13/2023 19:00",,https://www.facebook.com/pcmerchandise.co/posts/pfbid09eacyEXU9jjONhswMFWbrjmjJhme1YaDkFQoJLjGltzf24UMhJpp6xME,0,0,Photos,,,,,10/01/2023,,,0,0,0,0,0,0,,,,,
1043747792034639,100064197037125,"PC Merchandise","𝐢𝟓 𝟏𝟐𝟒𝟎𝟎𝐅 w/ 𝐑𝐗 𝟔𝟔𝟎𝟎
𝐆𝐀𝐌𝐈𝐍𝐆 𝐁𝐔𝐈𝐋𝐃
#PCMERCHANDISE #PCMBUILDS",,0,"10/13/2023 19:00",,https://www.facebook.com/pcmerchandise.co/posts/pfbid09eacyEXU9jjONhswMFWbrjmjJhme1YaDkFQoJLjGltzf24UMhJpp6xME,0,0,Photos,,,,,10/02/2023,,,0,0,0,0,0,0,,,,,
1043747792034639,100064197037125,"PC Merchandise","𝐢𝟓 𝟏𝟐𝟒𝟎𝟎𝐅 w/ 𝐑𝐗 𝟔𝟔𝟎𝟎
𝐆𝐀𝐌𝐈𝐍𝐆 𝐁𝐔𝐈𝐋𝐃
#PCMERCHANDISE #PCMBUILDS",,0,"10/13/2023 19:00",,https://www.facebook.com/pcmerchandise.co/posts/pfbid09eacyEXU9jjONhswMFWbrjmjJhme1YaDkFQoJLjGltzf24UMhJpp6xME,0,0,Photos,,,,,10/03/2023,,,0,0,0,0,0,0,,,,,
1043747792034639,100064197037125,"PC Merchandise","𝐢𝟓 𝟏𝟐𝟒𝟎𝟎𝐅 w/ 𝐑𝐗 𝟔𝟔𝟎𝟎
𝐆𝐀𝐌𝐈𝐍𝐆 𝐁𝐔𝐈𝐋𝐃
#PCMERCHANDISE #PCMBUILDS",,0,"10/13/2023 19:00",,https://www.facebook.com/pcmerchandise.co/posts/pfbid09eacyEXU9jjONhswMFWbrjmjJhme1YaDkFQoJLjGltzf24UMhJpp6xME,0,0,Photos,,,,,10/04/2023,,,0,0,0,0,0,0,,,,,
1043747792034639,100064197037125,"PC Merchandise","𝐢𝟓 𝟏𝟐𝟒𝟎𝟎𝐅 w/ 𝐑𝐗 𝟔𝟔𝟎𝟎
𝐆𝐀𝐌𝐈𝐍𝐆 𝐁𝐔𝐈𝐋𝐃
#PCMERCHANDISE #PCMBUILDS",,0,"10/13/2023 19:00",,https://www.facebook.com/pcmerchandise.co/posts/pfbid09eacyEXU9jjONhswMFWbrjmjJhme1YaDkFQoJLjGltzf24UMhJpp6xME,0,0,Photos,,,,,10/05/2023,,,0,0,0,0,0,0,,,,,
1043747792034639,100064197037125,"PC Merchandise","𝐢𝟓 𝟏𝟐𝟒𝟎𝟎𝐅 w/ 𝐑𝐗 𝟔𝟔𝟎𝟎
𝐆𝐀𝐌𝐈𝐍𝐆 𝐁𝐔𝐈𝐋𝐃
#PCMERCHANDISE #PCMBUILDS",,0,"10/13/2023 19:00",,https://www.facebook.com/pcmerchandise.co/posts/pfbid09eacyEXU9jjONhswMFWbrjmjJhme1YaDkFQoJLjGltzf24UMhJpp6xME,0,0,Photos,,,,,10/06/2023,,,0,0,0,0,0,0,,,,,
1043747792034639,100064197037125,"PC Merchandise","𝐢𝟓 𝟏𝟐𝟒𝟎𝟎𝐅 w/ 𝐑𝐗 𝟔𝟔𝟎𝟎
𝐆𝐀𝐌𝐈𝐍𝐆 𝐁𝐔𝐈𝐋𝐃
#PCMERCHANDISE #PCMBUILDS",,0,"10/13/2023 19:00",,https://www.facebook.com/pcmerchandise.co/posts/pfbid09eacyEXU9jjONhswMFWbrjmjJhme1YaDkFQoJLjGltzf24UMhJpp6xME,0,0,Photos,,,,,10/07/2023,,,0,0,0,0,0,0,,,,,
1043747792034639,100064197037125,"PC Merchandise","𝐢𝟓 𝟏𝟐𝟒𝟎𝟎𝐅 w/ 𝐑𝐗 𝟔𝟔𝟎𝟎
𝐆𝐀𝐌𝐈𝐍𝐆 𝐁𝐔𝐈𝐋𝐃
#PCMERCHANDISE #PCMBUILDS",,0,"10/13/2023 19:00",,https://www.facebook.com/pcmerchandise.co/posts/pfbid09eacyEXU9jjONhswMFWbrjmjJhme1YaDkFQoJLjGltzf24UMhJpp6xME,0,0,Photos,,,,,10/08/2023,,,0,0,0,0,0,0,,,,,
1043747792034639,100064197037125,"PC Merchandise","𝐢𝟓 𝟏𝟐𝟒𝟎𝟎𝐅 w/ 𝐑𝐗 𝟔𝟔𝟎𝟎
𝐆𝐀𝐌𝐈𝐍𝐆 𝐁𝐔𝐈𝐋𝐃
#PCMERCHANDISE #PCMBUILDS",,0,"10/13/2023 19:00",,https://www.facebook.com/pcmerchandise.co/posts/pfbid09eacyEXU9jjONhswMFWbrjmjJhme1YaDkFQoJLjGltzf24UMhJpp6xME,0,0,Photos,,,,,10/09/2023,,,0,0,0,0,0,0,,,,,
1043747792034639,100064197037125,"PC Merchandise","𝐢𝟓 𝟏𝟐𝟒𝟎𝟎𝐅 w/ 𝐑𝐗 𝟔𝟔𝟎𝟎
𝐆𝐀𝐌𝐈𝐍𝐆 𝐁𝐔𝐈𝐋𝐃
#PCMERCHANDISE #PCMBUILDS",,0,"10/13/2023 19:00",,https://www.facebook.com/pcmerchandise.co/posts/pfbid09eacyEXU9jjONhswMFWbrjmjJhme1YaDkFQoJLjGltzf24UMhJpp6xME,0,0,Photos,,,,,10/10/2023,,,0,0,0,0,0,0,,,,,
1043747792034639,100064197037125,"PC Merchandise","𝐢𝟓 𝟏𝟐𝟒𝟎𝟎𝐅 w/ 𝐑𝐗 𝟔𝟔𝟎𝟎
𝐆𝐀𝐌𝐈𝐍𝐆 𝐁𝐔𝐈𝐋𝐃
#PCMERCHANDISE #PCMBUILDS",,0,"10/13/2023 19:00",,https://www.facebook.com/pcmerchandise.co/posts/pfbid09eacyEXU9jjONhswMFWbrjmjJhme1YaDkFQoJLjGltzf24UMhJpp6xME,0,0,Photos,,,,,10/11/2023,,,0,0,0,0,0,0,,,,,
1043747792034639,100064197037125,"PC Merchandise","𝐢𝟓 𝟏𝟐𝟒𝟎𝟎𝐅 w/ 𝐑𝐗 𝟔𝟔𝟎𝟎
𝐆𝐀𝐌𝐈𝐍𝐆 𝐁𝐔𝐈𝐋𝐃
#PCMERCHANDISE #PCMBUILDS",,0,"10/13/2023 19:00",,https://www.facebook.com/pcmerchandise.co/posts/pfbid09eacyEXU9jjONhswMFWbrjmjJhme1YaDkFQoJLjGltzf24UMhJpp6xME,0,0,Photos,,,,,10/12/2023,,,0,0,0,0,0,0,,,,,
1043747792034639,100064197037125,"PC Merchandise","𝐢𝟓 𝟏𝟐𝟒𝟎𝟎𝐅 w/ 𝐑𝐗 𝟔𝟔𝟎𝟎
𝐆𝐀𝐌𝐈𝐍𝐆 𝐁𝐔𝐈𝐋𝐃
#PCMERCHANDISE #PCMBUILDS",,0,"10/13/2023 19:00",,https://www.facebook.com/pcmerchandise.co/posts/pfbid09eacyEXU9jjONhswMFWbrjmjJhme1YaDkFQoJLjGltzf24UMhJpp6xME,0,0,Photos,,,,,10/13/2023,,,0,0,0,0,0,0,,,,,
1043747792034639,100064197037125,"PC Merchandise","𝐢𝟓 𝟏𝟐𝟒𝟎𝟎𝐅 w/ 𝐑𝐗 𝟔𝟔𝟎𝟎
𝐆𝐀𝐌𝐈𝐍𝐆 𝐁𝐔𝐈𝐋𝐃
#PCMERCHANDISE #PCMBUILDS",,0,"10/13/2023 19:00",,https://www.facebook.com/pcmerchandise.co/posts/pfbid09eacyEXU9jjONhswMFWbrjmjJhme1YaDkFQoJLjGltzf24UMhJpp6xME,0,0,Photos,,,,,10/14/2023,,,0,0,0,0,0,0,,,,,
1043747792034639,100064197037125,"PC Merchandise","𝐢𝟓 𝟏𝟐𝟒𝟎𝟎𝐅 w/ 𝐑𝐗 𝟔𝟔𝟎𝟎
𝐆𝐀𝐌𝐈𝐍𝐆 𝐁𝐔𝐈𝐋𝐃
#PCMERCHANDISE #PCMBUILDS",,0,"10/13/2023 19:00",,https://www.facebook.com/pcmerchandise.co/posts/pfbid09eacyEXU9jjONhswMFWbrjmjJhme1YaDkFQoJLjGltzf24UMhJpp6xME,0,0,Photos,,,,,10/15/2023,,,0,0,0,0,0,0,,,,,
1043747792034639,100064197037125,"PC Merchandise","𝐢𝟓 𝟏𝟐𝟒𝟎𝟎𝐅 w/ 𝐑𝐗 𝟔𝟔𝟎𝟎
𝐆𝐀𝐌𝐈𝐍𝐆 𝐁𝐔𝐈𝐋𝐃
#PCMERCHANDISE #PCMBUILDS",,0,"10/13/2023 19:00",,https://www.facebook.com/pcmerchandise.co/posts/pfbid09eacyEXU9jjONhswMFWbrjmjJhme1YaDkFQoJLjGltzf24UMhJpp6xME,0,0,Photos,,,,,10/16/2023,,,0,0,0,0,0,0,,,,,
1043747792034639,100064197037125,"PC Merchandise","𝐢𝟓 𝟏𝟐𝟒𝟎𝟎𝐅 w/ 𝐑𝐗 𝟔𝟔𝟎𝟎
𝐆𝐀𝐌𝐈𝐍𝐆 𝐁𝐔𝐈𝐋𝐃
#PCMERCHANDISE #PCMBUILDS",,0,"10/13/2023 19:00",,https://www.facebook.com/pcmerchandise.co/posts/pfbid09eacyEXU9jjONhswMFWbrjmjJhme1YaDkFQoJLjGltzf24UMhJpp6xME,0,0,Photos,,,,,10/17/2023,,,0,0,0,0,0,0,,,,,
1043747792034639,100064197037125,"PC Merchandise","𝐢𝟓 𝟏𝟐𝟒𝟎𝟎𝐅 w/ 𝐑𝐗 𝟔𝟔𝟎𝟎
𝐆𝐀𝐌𝐈𝐍𝐆 𝐁𝐔𝐈𝐋𝐃
#PCMERCHANDISE #PCMBUILDS",,0,"10/13/2023 19:00",,https://www.facebook.com/pcmerchandise.co/posts/pfbid09eacyEXU9jjONhswMFWbrjmjJhme1YaDkFQoJLjGltzf24UMhJpp6xME,0,0,Photos,,,,,10/18/2023,,,0,0,0,0,0,0,,,,,
1043747792034639,100064197037125,"PC Merchandise","𝐢𝟓 𝟏𝟐𝟒𝟎𝟎𝐅 w/ 𝐑𝐗 𝟔𝟔𝟎𝟎
𝐆𝐀𝐌𝐈𝐍𝐆 𝐁𝐔𝐈𝐋𝐃
#PCMERCHANDISE #PCMBUILDS",,0,"10/13/2023 19:00",,https://www.facebook.com/pcmerchandise.co/posts/pfbid09eacyEXU9jjONhswMFWbrjmjJhme1YaDkFQoJLjGltzf24UMhJpp6xME,0,0,Photos,,,,,10/19/2023,,,0,0,0,0,0,0,,,,,
1043747792034639,100064197037125,"PC Merchandise","𝐢𝟓 𝟏𝟐𝟒𝟎𝟎𝐅 w/ 𝐑𝐗 𝟔𝟔𝟎𝟎
𝐆𝐀𝐌𝐈𝐍𝐆 𝐁𝐔𝐈𝐋𝐃
#PCMERCHANDISE #PCMBUILDS",,0,"10/13/2023 19:00",,https://www.facebook.com/pcmerchandise.co/posts/pfbid09eacyEXU9jjONhswMFWbrjmjJhme1YaDkFQoJLjGltzf24UMhJpp6xME,0,0,Photos,,,,,10/20/2023,,,0,0,0,0,0,0,,,,,
1043747792034639,100064197037125,"PC Merchandise","𝐢𝟓 𝟏𝟐𝟒𝟎𝟎𝐅 w/ 𝐑𝐗 𝟔𝟔𝟎𝟎
𝐆𝐀𝐌𝐈𝐍𝐆 𝐁𝐔𝐈𝐋𝐃
#PCMERCHANDISE #PCMBUILDS",,0,"10/13/2023 19:00",,https://www.facebook.com/pcmerchandise.co/posts/pfbid09eacyEXU9jjONhswMFWbrjmjJhme1YaDkFQoJLjGltzf24UMhJpp6xME,0,0,Photos,,,,,10/21/2023,,,0,0,0,0,0,0,,,,,
1043747792034639,100064197037125,"PC Merchandise","𝐢𝟓 𝟏𝟐𝟒𝟎𝟎𝐅 w/ 𝐑𝐗 𝟔𝟔𝟎𝟎
𝐆𝐀𝐌𝐈𝐍𝐆 𝐁𝐔𝐈𝐋𝐃
#PCMERCHANDISE #PCMBUILDS",,0,"10/13/2023 19:00",,https://www.facebook.com/pcmerchandise.co/posts/pfbid09eacyEXU9jjONhswMFWbrjmjJhme1YaDkFQoJLjGltzf24UMhJpp6xME,0,0,Photos,,,,,10/22/2023,,,0,0,0,0,0,0,,,,,
1043747792034639,100064197037125,"PC Merchandise","𝐢𝟓 𝟏𝟐𝟒𝟎𝟎𝐅 w/ 𝐑𝐗 𝟔𝟔𝟎𝟎
𝐆𝐀𝐌𝐈𝐍𝐆 𝐁𝐔𝐈𝐋𝐃
#PCMERCHANDISE #PCMBUILDS",,0,"10/13/2023 19:00",,https://www.facebook.com/pcmerchandise.co/posts/pfbid09eacyEXU9jjONhswMFWbrjmjJhme1YaDkFQoJLjGltzf24UMhJpp6xME,0,0,Photos,,,,,10/23/2023,,,0,0,0,0,0,0,,,,,
1043747792034639,100064197037125,"PC Merchandise","𝐢𝟓 𝟏𝟐𝟒𝟎𝟎𝐅 w/ 𝐑𝐗 𝟔𝟔𝟎𝟎
𝐆𝐀𝐌𝐈𝐍𝐆 𝐁𝐔𝐈𝐋𝐃
#PCMERCHANDISE #PCMBUILDS",,0,"10/13/2023 19:00",,https://www.facebook.com/pcmerchandise.co/posts/pfbid09eacyEXU9jjONhswMFWbrjmjJhme1YaDkFQoJLjGltzf24UMhJpp6xME,0,0,Photos,,,,,10/24/2023,,,0,0,0,0,0,0,,,,,
1043747792034639,100064197037125,"PC Merchandise","𝐢𝟓 𝟏𝟐𝟒𝟎𝟎𝐅 w/ 𝐑𝐗 𝟔𝟔𝟎𝟎
𝐆𝐀𝐌𝐈𝐍𝐆 𝐁𝐔𝐈𝐋𝐃
#PCMERCHANDISE #PCMBUILDS",,0,"10/13/2023 19:00",,https://www.facebook.com/pcmerchandise.co/posts/pfbid09eacyEXU9jjONhswMFWbrjmjJhme1YaDkFQoJLjGltzf24UMhJpp6xME,0,0,Photos,,,,,10/25/2023,,,0,0,0,0,0,0,,,,,
1043747792034639,100064197037125,"PC Merchandise","𝐢𝟓 𝟏𝟐𝟒𝟎𝟎𝐅 w/ 𝐑𝐗 𝟔𝟔𝟎𝟎
𝐆𝐀𝐌𝐈𝐍𝐆 𝐁𝐔𝐈𝐋𝐃
#PCMERCHANDISE #PCMBUILDS",,0,"10/13/2023 19:00",,https://www.facebook.com/pcmerchandise.co/posts/pfbid09eacyEXU9jjONhswMFWbrjmjJhme1YaDkFQoJLjGltzf24UMhJpp6xME,0,0,Photos,,,,,10/26/2023,,,0,0,0,0,0,0,,,,,
1043747792034639,100064197037125,"PC Merchandise","𝐢𝟓 𝟏𝟐𝟒𝟎𝟎𝐅 w/ 𝐑𝐗 𝟔𝟔𝟎𝟎
𝐆𝐀𝐌𝐈𝐍𝐆 𝐁𝐔𝐈𝐋𝐃
#PCMERCHANDISE #PCMBUILDS",,0,"10/13/2023 19:00",,https://www.facebook.com/pcmerchandise.co/posts/pfbid09eacyEXU9jjONhswMFWbrjmjJhme1YaDkFQoJLjGltzf24UMhJpp6xME,0,0,Photos,,,,,10/27/2023,,,0,0,0,0,0,0,,,,,
1043747792034639,100064197037125,"PC Merchandise","𝐢𝟓 𝟏𝟐𝟒𝟎𝟎𝐅 w/ 𝐑𝐗 𝟔𝟔𝟎𝟎
𝐆𝐀𝐌𝐈𝐍𝐆 𝐁𝐔𝐈𝐋𝐃
#PCMERCHANDISE #PCMBUILDS",,0,"10/13/2023 19:00",,https://www.facebook.com/pcmerchandise.co/posts/pfbid09eacyEXU9jjONhswMFWbrjmjJhme1YaDkFQoJLjGltzf24UMhJpp6xME,0,0,Photos,,,,,10/28/2023,,,0,0,0,0,0,0,,,,,
1043747792034639,100064197037125,"PC Merchandise","𝐢𝟓 𝟏𝟐𝟒𝟎𝟎𝐅 w/ 𝐑𝐗 𝟔𝟔𝟎𝟎
𝐆𝐀𝐌𝐈𝐍𝐆 𝐁𝐔𝐈𝐋𝐃
#PCMERCHANDISE #PCMBUILDS",,0,"10/13/2023 19:00",,https://www.facebook.com/pcmerchandise.co/posts/pfbid09eacyEXU9jjONhswMFWbrjmjJhme1YaDkFQoJLjGltzf24UMhJpp6xME,0,0,Photos,,,,,10/29/2023,,,0,0,0,0,0,0,,,,,
1043747792034639,100064197037125,"PC Merchandise","𝐢𝟓 𝟏𝟐𝟒𝟎𝟎𝐅 w/ 𝐑𝐗 𝟔𝟔𝟎𝟎
𝐆𝐀𝐌𝐈𝐍𝐆 𝐁𝐔𝐈𝐋𝐃
#PCMERCHANDISE #PCMBUILDS",,0,"10/13/2023 19:00",,https://www.facebook.com/pcmerchandise.co/posts/pfbid09eacyEXU9jjONhswMFWbrjmjJhme1YaDkFQoJLjGltzf24UMhJpp6xME,0,0,Photos,,,,,10/30/2023,,,0,0,0,0,0,0,,,,,
1043747792034639,100064197037125,"PC Merchandise","𝐢𝟓 𝟏𝟐𝟒𝟎𝟎𝐅 w/ 𝐑𝐗 𝟔𝟔𝟎𝟎
𝐆𝐀𝐌𝐈𝐍𝐆 𝐁𝐔𝐈𝐋𝐃
#PCMERCHANDISE #PCMBUILDS",,0,"10/13/2023 19:00",,https://www.facebook.com/pcmerchandise.co/posts/pfbid09eacyEXU9jjONhswMFWbrjmjJhme1YaDkFQoJLjGltzf24UMhJpp6xME,0,0,Photos,,,,,10/31/2023,,,0,0,0,0,0,0,,,,,
1043066923907039,100064197037125,"PC Merchandise","ito na po yung ghost project🥲",,84,"10/12/2023 19:36",,https://www.facebook.com/pcmerchandise.co/videos/2271294608774200/,0,0,Videos,,,,,10/01/2023,0,,0,0,0,0,0,0,0,0,0,0.000,4.754
1043066923907039,100064197037125,"PC Merchandise","ito na po yung ghost project🥲",,84,"10/12/2023 19:36",,https://www.facebook.com/pcmerchandise.co/videos/2271294608774200/,0,0,Videos,,,,,10/02/2023,0,,0,0,0,0,0,0,0,0,0,0.000,3.484
1043066923907039,100064197037125,"PC Merchandise","ito na po yung ghost project🥲",,84,"10/12/2023 19:36",,https://www.facebook.com/pcmerchandise.co/videos/2271294608774200/,0,0,Videos,,,,,10/03/2023,0,,0,0,0,0,0,0,0,0,0,0.000,3.283
1043066923907039,100064197037125,"PC Merchandise","ito na po yung ghost project🥲",,84,"10/12/2023 19:36",,https://www.facebook.com/pcmerchandise.co/videos/2271294608774200/,0,0,Videos,,,,,10/04/2023,0,,0,0,0,0,0,0,0,0,0,0.000,3.217
1043066923907039,100064197037125,"PC Merchandise","ito na po yung ghost project🥲",,84,"10/12/2023 19:36",,https://www.facebook.com/pcmerchandise.co/videos/2271294608774200/,0,0,Videos,,,,,10/05/2023,0,,0,0,0,0,0,0,0,0,0,0.000,3.597
1043066923907039,100064197037125,"PC Merchandise","ito na po yung ghost project🥲",,84,"10/12/2023 19:36",,https://www.facebook.com/pcmerchandise.co/videos/2271294608774200/,0,0,Videos,,,,,10/06/2023,0,,0,0,0,0,0,0,0,0,0,0.000,4.265
1043066923907039,100064197037125,"PC Merchandise","ito na po yung ghost project🥲",,84,"10/12/2023 19:36",,https://www.facebook.com/pcmerchandise.co/videos/2271294608774200/,0,0,Videos,,,,,10/07/2023,0,,0,0,0,0,0,0,0,0,0,0.000,4.396
1043066923907039,100064197037125,"PC Merchandise","ito na po yung ghost project🥲",,84,"10/12/2023 19:36",,https://www.facebook.com/pcmerchandise.co/videos/2271294608774200/,0,0,Videos,,,,,10/08/2023,0,,0,0,0,0,0,0,0,0,0,0.000,2.431
1043066923907039,100064197037125,"PC Merchandise","ito na po yung ghost project🥲",,84,"10/12/2023 19:36",,https://www.facebook.com/pcmerchandise.co/videos/2271294608774200/,0,0,Videos,,,,,10/09/2023,0,,0,0,0,0,0,0,0,0,0,0.000,3.701
1043066923907039,100064197037125,"PC Merchandise","ito na po yung ghost project🥲",,84,"10/12/2023 19:36",,https://www.facebook.com/pcmerchandise.co/videos/2271294608774200/,0,0,Videos,,,,,10/10/2023,0,,0,0,0,0,0,0,0,0,0,0.000,4.176
1043066923907039,100064197037125,"PC Merchandise","ito na po yung ghost project🥲",,84,"10/12/2023 19:36",,https://www.facebook.com/pcmerchandise.co/videos/2271294608774200/,0,0,Videos,,,,,10/11/2023,0,,0,0,0,0,0,0,0,0,0,0.000,4.428
1043066923907039,100064197037125,"PC Merchandise","ito na po yung ghost project🥲",,84,"10/12/2023 19:36",,https://www.facebook.com/pcmerchandise.co/videos/2271294608774200/,0,0,Videos,,,,,10/12/2023,1,,52,7,43,6,0,0,1,0,0,180.116,2.261
1043066923907039,100064197037125,"PC Merchandise","ito na po yung ghost project🥲",,84,"10/12/2023 19:36",,https://www.facebook.com/pcmerchandise.co/videos/2271294608774200/,0,0,Videos,,,,,10/13/2023,0,,36,4,30,3,0,0,0,0,0,161.138,3.275
1043066923907039,100064197037125,"PC Merchandise","ito na po yung ghost project🥲",,84,"10/12/2023 19:36",,https://www.facebook.com/pcmerchandise.co/videos/2271294608774200/,0,0,Videos,,,,,10/14/2023,0,,27,3,25,2,0,0,0,0,0,88.201,2.176
1043066923907039,100064197037125,"PC Merchandise","ito na po yung ghost project🥲",,84,"10/12/2023 19:36",,https://www.facebook.com/pcmerchandise.co/videos/2271294608774200/,0,0,Videos,,,,,10/15/2023,0,,33,1,28,0,0,0,0,0,0,92.107,4.255
1043066923907039,100064197037125,"PC Merchandise","ito na po yung ghost project🥲",,84,"10/12/2023 19:36",,https://www.facebook.com/pcmerchandise.co/videos/2271294608774200/,0,0,Videos,,,,,10/16/2023,0,,20,2,17,1,0,0,0,0,0,77.234,4.618
1043066923907039,100064197037125,"PC Merchandise","ito na po yung ghost project🥲",,84,"10/12/2023 19:36",,https://www.facebook.com/pcmerchandise.co/videos/2271294608774200/,0,0,Videos,,,,,10/17/2023,0,,9,0,6,0,0,0,0,0,0,56.403,4.782
1043066923907039,100064197037125,"PC Merchandise","ito na po yung ghost project🥲",,84,"10/12/2023 19:36",,https://www.facebook.com/pcmerchandise.co/videos/2271294608774200/,0,0,Videos,,,,,10/18/2023,0,,19,1,16,0,0,0,0,0,0,57.068,3.182
1043066923907039,100064197037125,"PC Merchandise","ito na po yung ghost project🥲",,84,"10/12/2023 19:36",,https://www.facebook.com/pcmerchandise.co/videos/2271294608774200/,0,0,Videos,,,,,10/19/2023,0,,12,2,10,1,0,0,0,0,0,47.779,2.743
1043066923907039,100064197037125,"PC Merchandise","ito na po yung ghost project🥲",,84,"10/12/2023 19:36",,https://www.facebook.com/pcmerchandise.co/videos/2271294608774200/,0,0,Videos,,,,,10/20/2023,0,,3,0,2,0,0,0,0,0,0,24.704,2.130
1043066923907039,100064197037125,"PC Merchandise","ito na po yung ghost project🥲",,84,"10/12/2023 19:36",,https://www.facebook.com/pcmerchandise.co/videos/2271294608774200/,0,0,Videos,,,,,10/21/2023,0,,13,0,11,0,0,0,0,0,0,27.650,3.894
1043066923907039,100064197037125,"PC Merchandise","ito na po yung ghost project🥲",,84,"10/12/2023 19:36",,https://www.facebook.com/pcmerchandise.co/videos/2271294608774200/,0,0,Videos,,,,,10/22/2023,0,,4,0,3,0,0,0,1,0,1,7.249,3.091
1043066923907039,100064197037125,"PC Merchandise","ito na po yung ghost project🥲",,84,"10/12/2023 19:36",,https://www.facebook.com/pcmerchandise.co/videos/2271294608774200/,0,0,Videos,,,,,10/23/2023,0,,9,1,7,0,0,0,0,0,0,16.012,4.668
1043066923907039,100064197037125,"PC Merchandise","ito na po yung ghost project🥲",,84,"10/12/2023 19:36",,https://www.facebook.com/pcmerchandise.co/videos/2271294608774200/,0,0,Videos,,,,,10/24/2023,0,,5,0,3,0,0,0,0,0,0,19.789,2.133
1043066923907039,100064197037125,"PC Merchandise","ito na po yung ghost project🥲",,84,"10/12/2023 19:36",,https://www.facebook.com/pcmerchandise.co/videos/2271294608774200/,0,0,Videos,,,,,10/25/2023,0,,2,0,1,0,0,0,0,0,0,9.193,4.261
1043066923907039,100064197037125,"PC Merchandise","ito na po yung ghost project🥲",,84,"10/12/2023 19:36",,https://www.facebook.com/pcmerchandise.co/videos/2271294608774200/,0,0,Videos,,,,,10/26/2023,0,,2,0,1,0,0,0,0,0,0,23.329,3.999
1043066923907039,100064197037125,"PC Merchandise","ito na po yung ghost project🥲",,84,"10/12/2023 19:36",,https://www.facebook.com/pcmerchandise.co/videos/2271294608774200/,0,0,Videos,,,,,10/27/2023,0,,3,0,2,0,0,0,0,0,0,8.048,1.852
1043066923907039,100064197037125,"PC Merchandise","ito na po yung ghost project🥲",,84,"10/12/2023 19:36",,https://www.facebook.com/pcmerchandise.co/videos/2271294608774200/,0,0,Videos,,,,,10/28/2023,0,,3,0,2,0,0,0,0,0,0,8.752,3.513
1043066923907039,100064197037125,"PC Merchandise","ito na po yung ghost project🥲",,84,"10/12/2023 19:36",,https://www.facebook.com/pcmerchandise.co/videos/2271294608774200/,0,0,Videos,,,,,10/29/2023,0,,4,0,3,0,0,0,0,0,0,5.663,3.163
1043066923907039,100064197037125,"PC Merchandise","ito na po yung ghost project🥲",,84,"10/12/2023 19:36",,https://www.facebook.com/pcmerchandise.co/videos/2271294608774200/,0,0,Videos,,,,,10/30/2023,0,,3,0,2,0,0,0,0,0,0,9.942,4.790
1043066923907039,100064197037125,"PC Merchandise","ito na po yung ghost project🥲",,84,"10/12/2023 19:36",,https://www.facebook.com/pcmerchandise.co/videos/2271294608774200/,0,0,Videos,,,,,10/31/2023,0,,2,0,1,0,0,0,0,0,0,9.254,3.547
1043794691689496,100064197037125,"PC Merchandise","BUDGET BUILD ALERT 🚨 i3 12100F + RX 580 — perfect for online class and gaming!",,75,"10/12/2023 19:00",,https://www.facebook.com/reel/1443730727393227/,0,0,Reels,,,,,10/01/2023,0,,,,,,0,0,0,0,0,0.000,2.586
1043794691689496,100064197037125,"PC Merchandise","BUDGET BUILD ALERT 🚨 i3 12100F + RX 580 — perfect for online class and gaming!",,75,"10/12/2023 19:00",,https://www.facebook.com/reel/1443730727393227/,0,0,Reels,,,,,10/02/2023,0,,,,,,0,0,0,0,0,0.000,2.262
1043794691689496,100064197037125,"PC Merchandise","BUDGET BUILD ALERT 🚨 i3 12100F + RX 580 — perfect for online class and gaming!",,75,"10/12/2023 19:00",,https://www.facebook.com/reel/1443730727393227/,0,0,Reels,,,,,10/03/2023,0,,,,,,0,0,0,0,0,0.000,2.623
1043794691689496,100064197037125,"PC Merchandise","BUDGET BUILD ALERT 🚨 i3 12100F + RX 580 — perfect for online class and gaming!",,75,"10/12/2023 19:00",,https://www.facebook.com/reel/1443730727393227/,0,0,Reels,,,,,10/04/2023,0,,,,,,0,0,0,0,0,0.000,2.333
1043794691689496,100064197037125,"PC Merchandise","BUDGET BUILD ALERT 🚨 i3 12100F + RX 580 — perfect for online class and gaming!",,75,"10/12/2023 19:00",,https://www.facebook.com/reel/1443730727393227/,0,0,Reels,,,,,10/05/2023,0,,,,,,0,0,0,0,0,0.000,2.175
1043794691689496,100064197037125,"PC Merchandise","BUDGET BUILD ALERT 🚨 i3 12100F + RX 580 — perfect for online class and gaming!",,75,"10/12/2023 19:00",,https://www.facebook.com/reel/1443730727393227/,0,0,Reels,,,,,10/06/2023,0,,,,,,0,0,0,0,0,0.000,3.651
1043794691689496,100064197037125,"PC Merchandise","BUDGET BUILD ALERT 🚨 i3 12100F + RX 580 — perfect for online class and gaming!",,75,"10/12/2023 19:00",,https://www.facebook.com/reel/1443730727393227/,0,0,Reels,,,,,10/07/2023,0,,,,,,0,0,0,0,0,0.000,3.508
1043794691689496,100064197037125,"PC Merchandise","BUDGET BUILD ALERT 🚨 i3 12100F + RX 580 — perfect for online class and gaming!",,75,"10/12/2023 19:00",,https://www.facebook.com/reel/1443730727393227/,0,0,Reels,,,,,10/08/2023,0,,,,,,0,0,0,0,0,0.000,2.450
1043794691689496,100064197037125,"PC Merchandise","BUDGET BUILD ALERT 🚨 i3 12100F + RX 580 — perfect for online class and gaming!",,75,"10/12/2023 19:00",,https://www.facebook.com/reel/1443730727393227/,0,0,Reels,,,,,10/09/2023,0,,,,,,0,0,0,0,0,0.000,4.281
1043794691689496,100064197037125,"PC Merchandise","BUDGET BUILD ALERT 🚨 i3 12100F + RX 580 — perfect for online class and gaming!",,75,"10/12/2023 19:00",,https://www.facebook.com/reel/1443730727393227/,0,0,Reels,,,,,10/10/2023,0,,,,,,0,0,0,0,0,0.000,2.398
1043794691689496,100064197037125,"PC Merchandise","BUDGET BUILD ALERT 🚨 i3 12100F + RX 580 — perfect for online class and gaming!",,75,"10/12/2023 19:00",,https://www.facebook.com/reel/1443730727393227/,0,0,Reels,,,,,10/11/2023,0,,,,,,0,0,0,0,0,0.000,2.894
1043794691689496,100064197037125,"PC Merchandise","BUDGET BUILD ALERT 🚨 i3 12100F + RX 580 — perfect for online class and gaming!",,75,"10/12/2023 19:00",,https://www.facebook.com/reel/1443730727393227/,0,0,Reels,,,,,10/12/2023,0,,,,,,0,0,0,0,0,103.128,2.060
1043794691689496,100064197037125,"PC Merchandise","BUDGET BUILD ALERT 🚨 i3 12100F + RX 580 — perfect for online class and gaming!",,75,"10/12/2023 19:00",,https://www.facebook.com/reel/1443730727393227/,0,0,Reels,,,,,10/13/2023,0,,,,,,0,0,0,0,0,97.901,1.527
1043794691689496,100064197037125,"PC Merchandise","BUDGET BUILD ALERT 🚨 i3 12100F + RX 580 — perfect for online class and gaming!",,75,"10/12/2023 19:00",,https://www.facebook.com/reel/1443730727393227/,0,0,Reels,,,,,10/14/2023,0,,,,,,0,0,1,1,0,71.305,1.500
1043794691689496,100064197037125,"PC Merchandise","BUDGET BUILD ALERT 🚨 i3 12100F + RX 580 — perfect for online class and gaming!",,75,"10/12/2023 19:00",,https://www.facebook.com/reel/1443730727393227/,0,0,Reels,,,,,10/15/2023,0,,,,,,0,0,0,0,0,61.148,3.638
1043794691689496,100064197037125,"PC Merchandise","BUDGET BUILD ALERT 🚨 i3 12100F + RX 580 — perfect for online class and gaming!",,75,"10/12/2023 19:00",,https://www.facebook.com/reel/1443730727393227/,0,0,Reels,,,,,10/16/2023,0,,,,,,0,0,1,1,0,44.426,2.113
1043794691689496,100064197037125,"PC Merchandise","BUDGET BUILD ALERT 🚨 i3 12100F + RX 580 — perfect for online class and gaming!",,75,"10/12/2023 19:00",,https://www.facebook.com/reel/1443730727393227/,0,0,Reels,,,,,10/17/2023,0,,,,,,0,0,0,0,0,38.697,2.301
1043794691689496,100064197037125,"PC Merchandise","BUDGET BUILD ALERT 🚨 i3 12100F + RX 580 — perfect for online class and gaming!",,75,"10/12/2023 19:00",,https://www.facebook.com/reel/1443730727393227/,0,0,Reels,,,,,10/18/2023,0,,,,,,0,0,0,0,0,48.461,3.037
1043794691689496,100064197037125,"PC Merchandise","BUDGET BUILD ALERT 🚨 i3 12100F + RX 580 — perfect for online class and gaming!",,75,"10/12/2023 19:00",,https://www.facebook.com/reel/1443730727393227/,0,0,Reels,,,,,10/19/2023,0,,,,,,0,0,1,0,1,14.634,2.155
1043794691689496,100064197037125,"PC Merchandise","BUDGET BUILD ALERT 🚨 i3 12100F + RX 580 — perfect for online class and gaming!",,75,"10/12/2023 19:00",,https://www.facebook.com/reel/1443730727393227/,0,0,Reels,,,,,10/20/2023,0,,,,,,0,0,0,0,0,12.792,3.144
1043794691689496,100064197037125,"PC Merchandise","BUDGET BUILD ALERT 🚨 i3 12100F + RX 580 — perfect for online class and gaming!",,75,"10/12/2023 19:00",,https://www.facebook.com/reel/1443730727393227/,0,0,Reels,,,,,10/21/2023,0,,,,,,0,0,0,0,0,13.535,2.107
1043794691689496,100064197037125,"PC Merchandise","BUDGET BUILD ALERT 🚨 i3 12100F + RX 580 — perfect for online class and gaming!",,75,"10/12/2023 19:00",,https://www.facebook.com/reel/1443730727393227/,0,0,Reels,,,,,10/22/2023,0,,,,,,0,0,0,0,0,29.527,2.008
1043794691689496,100064197037125,"PC Merchandise","BUDGET BUILD ALERT 🚨 i3 12100F + RX 580 — perfect for online class and gaming!",,75,"10/12/2023 19:00",,https://www.facebook.com/reel/1443730727393227/,0,0,Reels,,,,,10/23/2023,0,,,,,,0,0,0,0,0,17.341,2.586
1043794691689496,100064197037125,"PC Merchandise","BUDGET BUILD ALERT 🚨 i3 12100F + RX 580 — perfect for online class and gaming!",,75,"10/12/2023 19:00",,https://www.facebook.com/reel/1443730727393227/,0,0,Reels,,,,,10/24/2023,0,,,,,,0,0,0,0,0,9.989,1.593
1043794691689496,100064197037125,"PC Merchandise","BUDGET BUILD ALERT 🚨 i3 12100F + RX 580 — perfect for online class and gaming!",,75,"10/12/2023 19:00",,https://www.facebook.com/reel/1443730727393227/,0,0,Reels,,,,,10/25/2023,0,,,,,,0,0,0,0,0,6.271,1.500
1043794691689496,100064197037125,"PC Merchandise","BUDGET BUILD ALERT 🚨 i3 12100F + RX 580 — perfect for online class and gaming!",,75,"10/12/2023 19:00",,https://www.facebook.com/reel/1443730727393227/,0,0,Reels,,,,,10/26/2023,0,,,,,,0,0,0,0,0,9.064,2.640
1043794691689496,100064197037125,"PC Merchandise","BUDGET BUILD ALERT 🚨 i3 12100F + RX 580 — perfect for online class and gaming!",,75,"10/12/2023 19:00",,https://www.facebook.com/reel/1443730727393227/,0,0,Reels,,,,,10/27/2023,0,,,,,,0,0,0,0,0,6.376,3.247
1043794691689496,100064197037125,"PC Merchandise","BUDGET BUILD ALERT 🚨 i3 12100F + RX 580 — perfect for online class and gaming!",,75,"10/12/2023 19:00",,https://www.facebook.com/reel/1443730727393227/,0,0,Reels,,,,,10/28/2023,0,,,,,,0,0,0,0,0,9.190,2.912
1043794691689496,100064197037125,"PC Merchandise","BUDGET BUILD ALERT 🚨 i3 12100F + RX 580 — perfect for online class and gaming!",,75,"10/12/2023 19:00",,https://www.facebook.com/reel/1443730727393227/,0,0,Reels,,,,,10/29/2023,0,,,,,,0,0,1,0,1,9.342,1.500
1043794691689496,100064197037125,"PC Merchandise","BUDGET BUILD ALERT 🚨 i3 12100F + RX 580 — perfect for online class and gaming!",,75,"10/12/2023 19:00",,https://www.facebook.com/reel/1443730727393227/,0,0,Reels,,,,,10/30/2023,0,,,,,,0,0,0,0,0,6.692,3.704
1043794691689496,100064197037125,"PC Merchandise","BUDGET BUILD ALERT 🚨 i3 12100F + RX 580 — perfect for online class and gaming!",,75,"10/12/2023 19:00",,https://www.facebook.com/reel/1443730727393227/,0,0,Reels,,,,,10/31/2023,0,,,,,,0,0,0,0,0,4.910,1.500
1043666340488007,100064197037125,"PC Merchandise","malas naman🥹",,81,"10/12/2023 02:30",mixed,https://www.facebook.com/reel/1101729198752712/,0,0,Reels,,,,,10/01/2023,0,,,,,,0,0,0,0,0,0.000,2.768
1043666340488007,100064197037125,"PC Merchandise","malas naman🥹",,81,"10/12/2023 02:30",mixed,https://www.facebook.com/reel/1101729198752712/,0,0,Reels,,,,,10/02/2023,0,,,,,,0,0,0,0,0,0.000,2.281
1043666340488007,100064197037125,"PC Merchandise","malas naman🥹",,81,"10/12/2023 02:30",mixed,https://www.facebook.com/reel/1101729198752712/,0,0,Reels,,,,,10/03/2023,0,,,,,,0,0,0,0,0,0.000,4.792
1043666340488007,100064197037125,"PC Merchandise","malas naman🥹",,81,"10/12/2023 02:30",mixed,https://www.facebook.com/reel/1101729198752712/,0,0,Reels,,,,,10/04/2023,0,,,,,,0,0,0,0,0,0.000,4.408
1043666340488007,100064197037125,"PC Merchandise","malas naman🥹",,81,"10/12/2023 02:30",mixed,https://www.facebook.com/reel/1101729198752712/,0,0,Reels,,,,,10/05/2023,0,,,,,,0,0,0,0,0,0.000,4.894
1043666340488007,100064197037125,"PC Merchandise","malas naman🥹",,81,"10/12/2023 02:30",mixed,https://www.facebook.com/reel/1101729198752712/,0,0,Reels,,,,,10/06/2023,0,,,,,,0,0,0,0,0,0.000,4.561
1043666340488007,100064197037125,"PC Merchandise","malas naman🥹",,81,"10/12/2023 02:30",mixed,https://www.facebook.com/reel/1101729198752712/,0,0,Reels,,,,,10/07/2023,0,,,,,,0,0,0,0,0,0.000,4.540
1043666340488007,100064197037125,"PC Merchandise","malas naman🥹",,81,"10/12/2023 02:30",mixed,https://www.facebook.com/reel/1101729198752712/,0,0,Reels,,,,,10/08/2023,0,,,,,,0,0,0,0,0,0.000,3.335
1043666340488007,100064197037125,"PC Merchandise","malas naman🥹",,81,"10/12/2023 02:30",mixed,https://www.facebook.com/reel/1101729198752712/,0,0,Reels,,,,,10/09/2023,0,,,,,,0,0,0,0,0,0.000,4.090
1043666340488007,100064197037125,"PC Merchandise","malas naman🥹",,81,"10/12/2023 02:30",mixed,https://www.facebook.com/reel/1101729198752712/,0,0,Reels,,,,,10/10/2023,0,,,,,,0,0,0,0,0,0.000,3.958
1043666340488007,100064197037125,"PC Merchandise","malas naman🥹",,81,"10/12/2023 02:30",mixed,https://www.facebook.com/reel/1101729198752712/,0,0,Reels,,,,,10/11/2023,0,,,,,,0,0,0,0,0,0.000,3.147
1043666340488007,100064197037125,"PC Merchandise","malas naman🥹",,81,"10/12/2023 02:30",mixed,https://www.facebook.com/reel/1101729198752712/,0,0,Reels,,,,,10/12/2023,0,,,,,,0,0,0,0,0,490.540,3.747
1043666340488007,100064197037125,"PC Merchandise","malas naman🥹",,81,"10/12/2023 02:30",mixed,https://www.facebook.com/reel/1101729198752712/,0,0,Reels,,,,,10/13/2023,0,,,,,,0,0,0,0,0,739.162,4.311
1043666340488007,100064197037125,"PC Merchandise","malas naman🥹",,81,"10/12/2023 02:30",mixed,https://www.facebook.com/reel/1101729198752712/,0,0,Reels,,,,,10/14/2023,0,,,,,,0,0,1,1,0,465.052,3.666
1043666340488007,100064197037125,"PC Merchandise","malas naman🥹",,81,"10/12/2023 02:30",mixed,https://www.facebook.com/reel/1101729198752712/,0,0,Reels,,,,,10/15/2023,0,,,,,,0,0,1,0,1,268.244,2.968
1043666340488007,100064197037125,"PC Merchandise","malas naman🥹",,81,"10/12/2023 02:30",mixed,https://www.facebook.com/reel/1101729198752712/,0,0,Reels,,,,,10/16/2023,0,,,,,,0,0,0,0,0,328.762,3.725
1043666340488007,100064197037125,"PC Merchandise","malas naman🥹",,81,"10/12/2023 02:30",mixed,https://www.facebook.com/reel/1101729198752712/,0,0,Reels,,,,,10/17/2023,1,,,,,,0,0,1,0,0,252.005,5.155
1043666340488007,100064197037125,"PC Merchandise","malas naman🥹",,81,"10/12/2023 02:30",mixed,https://www.facebook.com/reel/1101729198752712/,0,0,Reels,,,,,10/18/2023,0,,,,,,0,0,0,0,0,75.130,3.586
1043666340488007,100064197037125,"PC Merchandise","malas naman🥹",,81,"10/12/2023 02:30",mixed,https://www.facebook.com/reel/1101729198752712/,0,0,Reels,,,,,10/19/2023,0,,,,,,0,0,0,0,0,109.767,2.722
1043666340488007,100064197037125,"PC Merchandise","malas naman🥹",,81,"10/12/2023 02:30",mixed,https://www.facebook.com/reel/1101729198752712/,0,0,Reels,,,,,10/20/2023,0,,,,,,0,0,0,0,0,54.440,3.052
1043666340488007,100064197037125,"PC Merchandise","malas naman🥹",,81,"10/12/2023 02:30",mixed,https://www.facebook.com/reel/1101729198752712/,0,0,Reels,,,,,10/21/2023,0,,,,,,0,0,0,0,0,110.510,1.500
1043666340488007,100064197037125,"PC Merchandise","malas naman🥹",,81,"10/12/2023 02:30",mixed,https://www.facebook.com/reel/1101729198752712/,0,0,Reels,,,,,10/22/2023,0,,,,,,0,0,0,0,0,44.304,3.106
1043666340488007,100064197037125,"PC Merchandise","malas naman🥹",,81,"10/12/2023 02:30",mixed,https://www.facebook.com/reel/1101729198752712/,0,0,Reels,,,,,10/23/2023,0,,,,,,0,0,0,0,0,90.703,3.188
1043666340488007,100064197037125,"PC Merchandise","malas naman🥹",,81,"10/12/2023 02:30",mixed,https://www.facebook.com/reel/1101729198752712/,0,0,Reels,,,,,10/24/2023,0,,,,,,0,0,0,0,0,52.342,3.799
1043666340488007,100064197037125,"PC Merchandise","malas naman🥹",,81,"10/12/2023 02:30",mixed,https://www.facebook.com/reel/1101729198752712/,0,0,Reels,,,,,10/25/2023,0,,,,,,0,0,0,0,0,27.846,4.110
1043666340488007,100064197037125,"PC Merchandise","malas naman🥹",,81,"10/12/2023 02:30",mixed,https://www.facebook.com/reel/1101729198752712/,0,0,Reels,,,,,10/26/2023,0,,,,,,0,0,0,0,0,36.551,2.561
1043666340488007,100064197037125,"PC Merchandise","malas naman🥹",,81,"10/12/2023 02:30",mixed,https://www.facebook.com/reel/1101729198752712/,0,0,Reels,,,,,10/27/2023,0,,,,,,0,0,0,0,0,27.995,3.862
1043666340488007,100064197037125,"PC Merchandise","malas naman🥹",,81,"10/12/2023 02:30",mixed,https://www.facebook.com/reel/1101729198752712/,0,0,Reels,,,,,10/28/2023,0,,,,,,0,0,0,0,0,50.663,3.247
1043666340488007,100064197037125,"PC Merchandise","malas naman🥹",,81,"10/12/2023 02:30",mixed,https://www.facebook.com/reel/1101729198752712/,0,0,Reels,,,,,10/29/2023,0,,,,,,0,0,0,0,0,33.559,2.980
1043666340488007,100064197037125,"PC Merchandise","malas naman🥹",,81,"10/12/2023 02:30",mixed,https://www.facebook.com/reel/1101729198752712/,0,0,Reels,,,,,10/30/2023,0,,,,,,0,0,0,0,0,33.789,3.339
1043666340488007,100064197037125,"PC Merchandise","malas naman🥹",,81,"10/12/2023 02:30",mixed,https://www.facebook.com/reel/1101729198752712/,0,0,Reels,,,,,10/31/2023,0,,,,,,0,0,0,0,0,18.351,3.525
1043175286925656,100064197037125,"PC Merchandise","𝐏𝐑𝐈𝐂𝐄𝐋𝐈𝐒𝐓 𝟐𝟎𝟐𝟑 >>>
https://pcmerchandise.live/2023-GAMING-BUILDS",,62,"10/10/2023 22:00",,https://www.facebook.com/reel/1553996681250632/,0,0,Reels,,,,,10/01/2023,0,,,,,,0,0,0,0,0,0.000,3.171
1043175286925656,100064197037125,"PC Merchandise","𝐏𝐑𝐈𝐂𝐄𝐋𝐈𝐒𝐓 𝟐𝟎𝟐𝟑 >>>
https://pcmerchandise.live/2023-GAMING-BUILDS",,62,"10/10/2023 22:00",,https://www.facebook.com/reel/1553996681250632/,0,0,Reels,,,,,10/02/2023,0,,,,,,0,0,0,0,0,0.000,3.515
1043175286925656,100064197037125,"PC Merchandise","𝐏𝐑𝐈𝐂𝐄𝐋𝐈𝐒𝐓 𝟐𝟎𝟐𝟑 >>>
https://pcmerchandise.live/2023-GAMING-BUILDS",,62,"10/10/2023 22:00",,https://www.facebook.com/reel/1553996681250632/,0,0,Reels,,,,,10/03/2023,0,,,,,,0,0,0,0,0,0.000,3.974
1043175286925656,100064197037125,"PC Merchandise","𝐏𝐑𝐈𝐂𝐄𝐋𝐈𝐒𝐓 𝟐𝟎𝟐𝟑 >>>
https://pcmerchandise.live/2023-GAMING-BUILDS",,62,"10/10/2023 22:00",,https://www.facebook.com/reel/1553996681250632/,0,0,Reels,,,,,10/04/2023,0,,,,,,0,0,0,0,0,0.000,3.334
1043175286925656,100064197037125,"PC Merchandise","𝐏𝐑𝐈𝐂𝐄𝐋𝐈𝐒𝐓 𝟐𝟎𝟐𝟑 >>>
https://pcmerchandise.live/2023-GAMING-BUILDS",,62,"10/10/2023 22:00",,https://www.facebook.com/reel/1553996681250632/,0,0,Reels,,,,,10/05/2023,0,,,,,,0,0,0,0,0,0.000,2.855
1043175286925656,100064197037125,"PC Merchandise","𝐏𝐑𝐈𝐂𝐄𝐋𝐈𝐒𝐓 𝟐𝟎𝟐𝟑 >>>
https://pcmerchandise.live/2023-GAMING-BUILDS",,62,"10/10/2023 22:00",,https://www.facebook.com/reel/1553996681250632/,0,0,Reels,,,,,10/06/2023,0,,,,,,0,0,0,0,0,0.000,3.054
1043175286925656,100064197037125,"PC Merchandise","𝐏𝐑𝐈𝐂𝐄𝐋𝐈𝐒𝐓 𝟐𝟎𝟐𝟑 >>>
https://pcmerchandise.live/2023-GAMING-BUILDS",,62,"10/10/2023 22:00",,https://www.facebook.com/reel/1553996681250632/,0,0,Reels,,,,,10/07/2023,0,,,,,,0,0,0,0,0,0.000,3.130
1043175286925656,100064197037125,"PC Merchandise","𝐏𝐑𝐈𝐂𝐄𝐋𝐈𝐒𝐓 𝟐𝟎𝟐𝟑 >>>
https://pcmerchandise.live/2023-GAMING-BUILDS",,62,"10/10/2023 22:00",,https://www.facebook.com/reel/1553996681250632/,0,0,Reels,,,,,10/08/2023,0,,,,,,0,0,0,0,0,0.000,3.726
1043175286925656,100064197037125,"PC Merchandise","𝐏𝐑𝐈𝐂𝐄𝐋𝐈𝐒𝐓 𝟐𝟎𝟐𝟑 >>>
https://pcmerchandise.live/2023-GAMING-BUILDS",,62,"10/10/2023 22:00",,https://www.facebook.com/reel/1553996681250632/,0,0,Reels,,,,,10/09/2023,0,,,,,,0,0,0,0,0,0.000,4.215
1043175286925656,100064197037125,"PC Merchandise","𝐏𝐑𝐈𝐂𝐄𝐋𝐈𝐒𝐓 𝟐𝟎𝟐𝟑 >>>
https://pcmerchandise.live/2023-GAMING-BUILDS",,62,"10/10/2023 22:00",,https://www.facebook.com/reel/1553996681250632/,0,0,Reels,,,,,10/10/2023,0,,,,,,0,0,0,0,0,67.110,3.478
1043175286925656,100064197037125,"PC Merchandise","𝐏𝐑𝐈𝐂𝐄𝐋𝐈𝐒𝐓 𝟐𝟎𝟐𝟑 >>>
https://pcmerchandise.live/2023-GAMING-BUILDS",,62,"10/10/2023 22:00",,https://www.facebook.com/reel/1553996681250632/,0,0,Reels,,,,,10/11/2023,0,,,,,,0,0,1,0,1,52.857,3.406
1043175286925656,100064197037125,"PC Merchandise","𝐏𝐑𝐈𝐂𝐄𝐋𝐈𝐒𝐓 𝟐𝟎𝟐𝟑 >>>
https://pcmerchandise.live/2023-GAMING-BUILDS",,62,"10/10/2023 22:00",,https://www.facebook.com/reel/1553996681250632/,0,0,Reels,,,,,10/12/2023,0,,,,,,0,0,0,0,0,36.184,3.681
1043175286925656,100064197037125,"PC Merchandise","𝐏𝐑𝐈𝐂𝐄𝐋𝐈𝐒𝐓 𝟐𝟎𝟐𝟑 >>>
https://pcmerchandise.live/2023-GAMING-BUILDS",,62,"10/10/2023 22:00",,https://www.facebook.com/reel/1553996681250632/,0,0,Reels,,,,,10/13/2023,0,,,,,,0,0,0,0,0,28.690,1.852
1043175286925656,100064197037125,"PC Merchandise","𝐏𝐑𝐈𝐂𝐄𝐋𝐈𝐒𝐓 𝟐𝟎𝟐𝟑 >>>
https://pcmerchandise.live/2023-GAMING-BUILDS",,62,"10/10/2023 22:00",,https://www.facebook.com/reel/1553996681250632/,0,0,Reels,,,,,10/14/2023,0,,,,,,0,0,0,0,0,16.475,1.656
1043175286925656,100064197037125,"PC Merchandise","𝐏𝐑𝐈𝐂𝐄𝐋𝐈𝐒𝐓 𝟐𝟎𝟐𝟑 >>>
https://pcmerchandise.live/2023-GAMING-BUILDS",,62,"10/10/2023 22:00",,https://www.facebook.com/reel/1553996681250632/,0,0,Reels,,,,,10/15/2023,0,,,,,,0,0,0,0,0,21.222,3.812
1043175286925656,100064197037125,"PC Merchandise","𝐏𝐑𝐈𝐂𝐄𝐋𝐈𝐒𝐓 𝟐𝟎𝟐𝟑 >>>
https://pcmerchandise.live/2023-GAMING-BUILDS",,62,"10/10/2023 22:00",,https://www.facebook.com/reel/1553996681250632/,0,0,Reels,,,,,10/16/2023,0,,,,,,0,0,0,0,0,21.657,4.204
1043175286925656,100064197037125,"PC Merchandise","𝐏𝐑𝐈𝐂𝐄𝐋𝐈𝐒𝐓 𝟐𝟎𝟐𝟑 >>>
https://pcmerchandise.live/2023-GAMING-BUILDS",,62,"10/10/2023 22:00",,https://www.facebook.com/reel/1553996681250632/,0,0,Reels,,,,,10/17/2023,0,,,,,,0,0,0,0,0,18.129,2.480
1043175286925656,100064197037125,"PC Merchandise","𝐏𝐑𝐈𝐂𝐄𝐋𝐈𝐒𝐓 𝟐𝟎𝟐𝟑 >>>
https://pcmerchandise.live/2023-GAMING-BUILDS",,62,"10/10/2023 22:00",,https://www.facebook.com/reel/1553996681250632/,0,0,Reels,,,,,10/18/2023,0,,,,,,0,0,0,0,0,6.445,2.764
1043175286925656,100064197037125,"PC Merchandise","𝐏𝐑𝐈𝐂𝐄𝐋𝐈𝐒𝐓 𝟐𝟎𝟐𝟑 >>>
https://pcmerchandise.live/2023-GAMING-BUILDS",,62,"10/10/2023 22:00",,https://www.facebook.com/reel/1553996681250632/,0,0,Reels,,,,,10/19/2023,0,,,,,,0,0,0,0,0,9.169,3.189
1043175286925656,100064197037125,"PC Merchandise","𝐏𝐑𝐈𝐂𝐄𝐋𝐈𝐒𝐓 𝟐𝟎𝟐𝟑 >>>
https://pcmerchandise.live/2023-GAMING-BUILDS",,62,"10/10/2023 22:00",,https://www.facebook.com/reel/1553996681250632/,0,0,Reels,,,,,10/20/2023,0,,,,,,0,0,0,0,0,3.017,3.569
1043175286925656,100064197037125,"PC Merchandise","𝐏𝐑𝐈𝐂𝐄𝐋𝐈𝐒𝐓 𝟐𝟎𝟐𝟑 >>>
https://pcmerchandise.live/2023-GAMING-BUILDS",,62,"10/10/2023 22:00",,https://www.facebook.com/reel/1553996681250632/,0,0,Reels,,,,,10/21/2023,0,,,,,,0,0,0,0,0,3.812,2.862
1043175286925656,100064197037125,"PC Merchandise","𝐏𝐑𝐈𝐂𝐄𝐋𝐈𝐒𝐓 𝟐𝟎𝟐𝟑 >>>
https://pcmerchandise.live/2023-GAMING-BUILDS",,62,"10/10/2023 22:00",,https://www.facebook.com/reel/1553996681250632/,0,0,Reels,,,,,10/22/2023,0,,,,,,0,0,0,0,0,6.213,2.958
1043175286925656,100064197037125,"PC Merchandise","𝐏𝐑𝐈𝐂𝐄𝐋𝐈𝐒𝐓 𝟐𝟎𝟐𝟑 >>>
https://pcmerchandise.live/2023-GAMING-BUILDS",,62,"10/10/2023 22:00",,https://www.facebook.com/reel/1553996681250632/,0,0,Reels,,,,,10/23/2023,0,,,,,,0,0,0,0,0,5.082,3.889
1043175286925656,100064197037125,"PC Merchandise","𝐏𝐑𝐈𝐂𝐄𝐋𝐈𝐒𝐓 𝟐𝟎𝟐𝟑 >>>
https://pcmerchandise.live/2023-GAMING-BUILDS",,62,"10/10/2023 22:00",,https://www.facebook.com/reel/1553996681250632/,0,0,Reels,,,,,10/24/2023,0,,,,,,0,0,0,0,0,4.352,3.702
1043175286925656,100064197037125,"PC Merchandise","𝐏𝐑𝐈𝐂𝐄𝐋𝐈𝐒𝐓 𝟐𝟎𝟐𝟑 >>>
https://pcmerchandise.live/2023-GAMING-BUILDS",,62,"10/10/2023 22:00",,https://www.facebook.com/reel/1553996681250632/,0,0,Reels,,,,,10/25/2023,0,,,,,,0,0,0,0,0,5.567,2.185
1043175286925656,100064197037125,"PC Merchandise","𝐏𝐑𝐈𝐂𝐄𝐋𝐈𝐒𝐓 𝟐𝟎𝟐𝟑 >>>
https://pcmerchandise.live/2023-GAMING-BUILDS",,62,"10/10/2023 22:00",,https://www.facebook.com/reel/1553996681250632/,0,0,Reels,,,,,10/26/2023,0,,,,,,0,0,0,0,0,2.853,2.198
1043175286925656,100064197037125,"PC Merchandise","𝐏𝐑𝐈𝐂𝐄𝐋𝐈𝐒𝐓 𝟐𝟎𝟐𝟑 >>>
https://pcmerchandise.live/2023-GAMING-BUILDS",,62,"10/10/2023 22:00",,https://www.facebook.com/reel/1553996681250632/,0,0,Reels,,,,,10/27/2023,0,,,,,,0,0,0,0,0,4.325,4.420
1043175286925656,100064197037125,"PC Merchandise","𝐏𝐑𝐈𝐂𝐄𝐋𝐈𝐒𝐓 𝟐𝟎𝟐𝟑 >>>
https://pcmerchandise.live/2023-GAMING-BUILDS",,62,"10/10/2023 22:00",,https://www.facebook.com/reel/1553996681250632/,0,0,Reels,,,,,10/28/2023,0,,,,,,0,0,0,0,0,2.465,3.659
1043175286925656,100064197037125,"PC Merchandise","𝐏𝐑𝐈𝐂𝐄𝐋𝐈𝐒𝐓 𝟐𝟎𝟐𝟑 >>>
https://pcmerchandise.live/2023-GAMING-BUILDS",,62,"10/10/2023 22:00",,https://www.facebook.com/reel/1553996681250632/,0,0,Reels,,,,,10/29/2023,0,,,,,,0,0,0,0,0,1.726,3.502
1043175286925656,100064197037125,"PC Merchandise","𝐏𝐑𝐈𝐂𝐄𝐋𝐈𝐒𝐓 𝟐𝟎𝟐𝟑 >>>
https://pcmerchandise.live/2023-GAMING-BUILDS",,62,"10/10/2023 22:00",,https://www.facebook.com/reel/1553996681250632/,0,0,Reels,,,,,10/30/2023,0,,,,,,0,0,0,0,0,2.031,2.913
1043175286925656,100064197037125,"PC Merchandise","𝐏𝐑𝐈𝐂𝐄𝐋𝐈𝐒𝐓 𝟐𝟎𝟐𝟑 >>>
https://pcmerchandise.live/2023-GAMING-BUILDS",,62,"10/10/2023 22:00",,https://www.facebook.com/reel/1553996681250632/,0,0,Reels,,,,,10/31/2023,0,,,,,,0,0,0,0,0,1.530,3.020
1043137405806361,100064197037125,"PC Merchandise","Negosyo starts today! Complete computer shop packages ready. PM now!

𝐂𝐎𝐌𝐒𝐇𝐎𝐏 𝐏𝐑𝐈𝐂𝐄𝐋𝐈𝐒𝐓 >>>
https://pcmerchandise.live/2023-BERMONTHS-LIST-COMSHOP",,84,"10/10/2023 21:00",,https://www.facebook.com/reel/1117975746790798/,0,0,Reels,,,,,10/01/2023,0,,,,,,0,0,0,0,0,0.000,5.258
1043137405806361,100064197037125,"PC Merchandise","Negosyo starts today! Complete computer shop packages ready. PM now!

𝐂𝐎𝐌𝐒𝐇𝐎𝐏 𝐏𝐑𝐈𝐂𝐄𝐋𝐈𝐒𝐓 >>>
https://pcmerchandise.live/2023-BERMONTHS-LIST-COMSHOP",,84,"10/10/2023 21:00",,https://www.facebook.com/reel/1117975746790798/,0,0,Reels,,,,,10/02/2023,0,,,,,,0,0,0,0,0,0.000,6.748
1043137405806361,100064197037125,"PC Merchandise","Negosyo starts today! Complete computer shop packages ready. PM now!

𝐂𝐎𝐌𝐒𝐇𝐎𝐏 𝐏𝐑𝐈𝐂𝐄𝐋𝐈𝐒𝐓 >>>
https://pcmerchandise.live/2023-BERMONTHS-LIST-COMSHOP",,84,"10/10/2023 21:00",,https://www.facebook.com/reel/1117975746790798/,0,0,Reels,,,,,10/03/2023,0,,,,,,0,0,0,0,0,0.000,6.708
1043137405806361,100064197037125,"PC Merchandise","Negosyo starts today! Complete computer shop packages ready. PM now!

𝐂𝐎𝐌𝐒𝐇𝐎𝐏 𝐏𝐑𝐈𝐂𝐄𝐋𝐈𝐒𝐓 >>>
https://pcmerchandise.live/2023-BERMONTHS-LIST-COMSHOP",,84,"10/10/2023 21:00",,https://www.facebook.com/reel/1117975746790798/,0,0,Reels,,,,,10/04/2023,0,,,,,,0,0,0,0,0,0.000,6.126
1043137405806361,100064197037125,"PC Merchandise","Negosyo starts today! Complete computer shop packages ready. PM now!

𝐂𝐎𝐌𝐒𝐇𝐎𝐏 𝐏𝐑𝐈𝐂𝐄𝐋𝐈𝐒𝐓 >>>
https://pcmerchandise.live/2023-BERMONTHS-LIST-COMSHOP",,84,"10/10/2023 21:00",,https://www.facebook.com/reel/1117975746790798/,0,0,Reels,,,,,10/05/2023,0,,,,,,0,0,0,0,0,0.000,6.575
1043137405806361,100064197037125,"PC Merchandise","Negosyo starts today! Complete computer shop packages ready. PM now!

𝐂𝐎𝐌𝐒𝐇𝐎𝐏 𝐏𝐑𝐈𝐂𝐄𝐋𝐈𝐒𝐓 >>>
https://pcmerchandise.live/2023-BERMONTHS-LIST-COMSHOP",,84,"10/10/2023 21:00",,https://www.facebook.com/reel/1117975746790798/,0,0,Reels,,,,,10/06/2023,0,,,,,,0,0,0,0,0,0.000,6.003
1043137405806361,100064197037125,"PC Merchandise","Negosyo starts today! Complete computer shop packages ready. PM now!

𝐂𝐎𝐌𝐒𝐇𝐎𝐏 𝐏𝐑𝐈𝐂𝐄𝐋𝐈𝐒𝐓 >>>
https://pcmerchandise.live/2023-BERMONTHS-LIST-COMSHOP",,84,"10/10/2023 21:00",,https://www.facebook.com/reel/1117975746790798/,0,0,Reels,,,,,10/07/2023,0,,,,,,0,0,0,0,0,0.000,5.832
1043137405806361,100064197037125,"PC Merchandise","Negosyo starts today! Complete computer shop packages ready. PM now!

𝐂𝐎𝐌𝐒𝐇𝐎𝐏 𝐏𝐑𝐈𝐂𝐄𝐋𝐈𝐒𝐓 >>>
https://pcmerchandise.live/2023-BERMONTHS-LIST-COMSHOP",,84,"10/10/2023 21:00",,https://www.facebook.com/reel/1117975746790798/,0,0,Reels,,,,,10/08/2023,0,,,,,,0,0,0,0,0,0.000,6.640
1043137405806361,100064197037125,"PC Merchandise","Negosyo starts today! Complete computer shop packages ready. PM now!

𝐂𝐎𝐌𝐒𝐇𝐎𝐏 𝐏𝐑𝐈𝐂𝐄𝐋𝐈𝐒𝐓 >>>
https://pcmerchandise.live/2023-BERMONTHS-LIST-COMSHOP",,84,"10/10/2023 21:00",,https://www.facebook.com/reel/1117975746790798/,0,0,Reels,,,,,10/09/2023,0,,,,,,0,0,0,0,0,0.000,5.742
1043137405806361,100064197037125,"PC Merchandise","Negosyo starts today! Complete computer shop packages ready. PM now!

𝐂𝐎𝐌𝐒𝐇𝐎𝐏 𝐏𝐑𝐈𝐂𝐄𝐋𝐈𝐒𝐓 >>>
https://pcmerchandise.live/2023-BERMONTHS-LIST-COMSHOP",,84,"10/10/2023 21:00",,https://www.facebook.com/reel/1117975746790798/,0,0,Reels,,,,,10/10/2023,0,,,,,,0,0,1,0,1,314.824,4.186
1043137405806361,100064197037125,"PC Merchandise","Negosyo starts today! Complete computer shop packages ready. PM now!

𝐂𝐎𝐌𝐒𝐇𝐎𝐏 𝐏𝐑𝐈𝐂𝐄𝐋𝐈𝐒𝐓 >>>
https://pcmerchandise.live/2023-BERMONTHS-LIST-COMSHOP",,84,"10/10/2023 21:00",,https://www.facebook.com/reel/1117975746790798/,0,0,Reels,,,,,10/11/2023,0,,,,,,0,0,0,0,0,239.262,6.035
1043137405806361,100064197037125,"PC Merchandise","Negosyo starts today! Complete computer shop packages ready. PM now!

𝐂𝐎𝐌𝐒𝐇𝐎𝐏 𝐏𝐑𝐈𝐂𝐄𝐋𝐈𝐒𝐓 >>>
https://pcmerchandise.live/2023-BERMONTHS-LIST-COMSHOP",,84,"10/10/2023 21:00",,https://www.facebook.com/reel/1117975746790798/,0,0,Reels,,,,,10/12/2023,0,,,,,,0,0,0,0,0,107.815,6.134
1043137405806361,100064197037125,"PC Merchandise","Negosyo starts today! Complete computer shop packages ready. PM now!

𝐂𝐎𝐌𝐒𝐇𝐎𝐏 𝐏𝐑𝐈𝐂𝐄𝐋𝐈𝐒𝐓 >>>
https://pcmerchandise.live/2023-BERMONTHS-LIST-COMSHOP",,84,"10/10/2023 21:00",,https://www.facebook.com/reel/1117975746790798/,0,0,Reels,,,,,10/13/2023,0,,,,,,0,0,0,0,0,72.218,5.886
1043137405806361,100064197037125,"PC Merchandise","Negosyo starts today! Complete computer shop packages ready. PM now!

𝐂𝐎𝐌𝐒𝐇𝐎𝐏 𝐏𝐑𝐈𝐂𝐄𝐋𝐈𝐒𝐓 >>>
https://pcmerchandise.live/2023-BERMONTHS-LIST-COMSHOP",,84,"10/10/2023 21:00",,https://www.facebook.com/reel/1117975746790798/,0,0,Reels,,,,,10/14/2023,0,,,,,,0,0,1,1,0,107.291,6.380
1043137405806361,100064197037125,"PC Merchandise","Negosyo starts today! Complete computer shop packages ready. PM now!

𝐂𝐎𝐌𝐒𝐇𝐎𝐏 𝐏𝐑𝐈𝐂𝐄𝐋𝐈𝐒𝐓 >>>
https://pcmerchandise.live/2023-BERMONTHS-LIST-COMSHOP",,84,"10/10/2023 21:00",,https://www.facebook.com/reel/1117975746790798/,0,0,Reels,,,,,10/15/2023,0,,,,,,0,0,0,0,0,74.578,5.371
1043137405806361,100064197037125,"PC Merchandise","Negosyo starts today! Complete computer shop packages ready. PM now!

𝐂𝐎𝐌𝐒𝐇𝐎𝐏 𝐏𝐑𝐈𝐂𝐄𝐋𝐈𝐒𝐓 >>>
https://pcmerchandise.live/2023-BERMONTHS-LIST-COMSHOP",,84,"10/10/2023 21:00",,https://www.facebook.com/reel/1117975746790798/,0,0,Reels,,,,,10/16/2023,0,,,,,,0,0,0,0,0,33.758,7.212
1043137405806361,100064197037125,"PC Merchandise","Negosyo starts today! Complete computer shop packages ready. PM now!

𝐂𝐎𝐌𝐒𝐇𝐎𝐏 𝐏𝐑𝐈𝐂𝐄𝐋𝐈𝐒𝐓 >>>
https://pcmerchandise.live/2023-BERMONTHS-LIST-COMSHOP",,84,"10/10/2023 21:00",,https://www.facebook.com/reel/1117975746790798/,0,0,Reels,,,,,10/17/2023,0,,,,,,0,0,0,0,0,15.586,5.468
1043137405806361,100064197037125,"PC Merchandise","Negosyo starts today! Complete computer shop packages ready. PM now!

𝐂𝐎𝐌𝐒𝐇𝐎𝐏 𝐏𝐑𝐈𝐂𝐄𝐋𝐈𝐒𝐓 >>>
https://pcmerchandise.live/2023-BERMONTHS-LIST-COMSHOP",,84,"10/10/2023 21:00",,https://www.facebook.com/reel/1117975746790798/,0,0,Reels,,,,,10/18/2023,0,,,,,,0,0,0,0,0,31.623,5.943
1043137405806361,100064197037125,"PC Merchandise","Negosyo starts today! Complete computer shop packages ready. PM now!

𝐂𝐎𝐌𝐒𝐇𝐎𝐏 𝐏𝐑𝐈𝐂𝐄𝐋𝐈𝐒𝐓 >>>
https://pcmerchandise.live/2023-BERMONTHS-LIST-COMSHOP",,84,"10/10/2023 21:00",,https://www.facebook.com/reel/1117975746790798/,0,0,Reels,,,,,10/19/2023,0,,,,,,0,0,0,0,0,19.227,5.680
1043137405806361,100064197037125,"PC Merchandise","Negosyo starts today! Complete computer shop packages ready. PM now!

𝐂𝐎𝐌𝐒𝐇𝐎𝐏 𝐏𝐑𝐈𝐂𝐄𝐋𝐈𝐒𝐓 >>>
https://pcmerchandise.live/2023-BERMONTHS-LIST-COMSHOP",,84,"10/10/2023 21:00",,https://www.facebook.com/reel/1117975746790798/,0,0,Reels,,,,,10/20/2023,0,,,,,,0,0,0,0,0,56.029,6.078
1043137405806361,100064197037125,"PC Merchandise","Negosyo starts today! Complete computer shop packages ready. PM now!

𝐂𝐎𝐌𝐒𝐇𝐎𝐏 𝐏𝐑𝐈𝐂𝐄𝐋𝐈𝐒𝐓 >>>
https://pcmerchandise.live/2023-BERMONTHS-LIST-COMSHOP",,84,"10/10/2023 21:00",,https://www.facebook.com/reel/1117975746790798/,0,0,Reels,,,,,10/21/2023,0,,,,,,0,0,0,0,0,22.304,6.434
1043137405806361,100064197037125,"PC Merchandise","Negosyo starts today! Complete computer shop packages ready. PM now!

𝐂𝐎𝐌𝐒𝐇𝐎𝐏 𝐏𝐑𝐈𝐂𝐄𝐋𝐈𝐒𝐓 >>>
https://pcmerchandise.live/2023-BERMONTHS-LIST-COMSHOP",,84,"10/10/2023 21:00",,https://www.facebook.com/reel/1117975746790798/,0,0,Reels,,,,,10/22/2023,0,,,,,,0,0,0,0,0,4.828,6.211
1043137405806361,100064197037125,"PC Merchandise","Negosyo starts today! Complete computer shop packages ready. PM now!

𝐂𝐎𝐌𝐒𝐇𝐎𝐏 𝐏𝐑𝐈𝐂𝐄𝐋𝐈𝐒𝐓 >>>
https://pcmerchandise.live/2023-BERMONTHS-LIST-COMSHOP",,84,"10/10/2023 21:00",,https://www.facebook.com/reel/1117975746790798/,0,0,Reels,,,,,10/23/2023,0,,,,,,0,0,0,0,0,25.768,4.994
1043137405806361,100064197037125,"PC Merchandise","Negosyo starts today! Complete computer shop packages ready. PM now!

𝐂𝐎𝐌𝐒𝐇𝐎𝐏 𝐏𝐑𝐈𝐂𝐄𝐋𝐈𝐒𝐓 >>>
https://pcmerchandise.live/2023-BERMONTHS-LIST-COMSHOP",,84,"10/10/2023 21:00",,https://www.facebook.com/reel/1117975746790798/,0,0,Reels,,,,,10/24/2023,0,,,,,,0,0,0,0,0,18.199,6.644
1043137405806361,100064197037125,"PC Merchandise","Negosyo starts today! Complete computer shop packages ready. PM now!

𝐂𝐎𝐌𝐒𝐇𝐎𝐏 𝐏𝐑𝐈𝐂𝐄𝐋𝐈𝐒𝐓 >>>
https://pcmerchandise.live/2023-BERMONTHS-LIST-COMSHOP",,84,"10/10/2023 21:00",,https://www.facebook.com/reel/1117975746790798/,0,0,Reels,,,,,10/25/2023,0,,,,,,0,0,0,0,0,12.263,7.273
1043137405806361,100064197037125,"PC Merchandise","Negosyo starts today! Complete computer shop packages ready. PM now!

𝐂𝐎𝐌𝐒𝐇𝐎𝐏 𝐏𝐑𝐈𝐂𝐄𝐋𝐈𝐒𝐓 >>>
https://pcmerchandise.live/2023-BERMONTHS-LIST-COMSHOP",,84,"10/10/2023 21:00",,https://www.facebook.com/reel/1117975746790798/,0,0,Reels,,,,,10/26/2023,0,,,,,,0,0,0,0,0,8.156,6.006
1043137405806361,100064197037125,"PC Merchandise","Negosyo starts today! Complete computer shop packages ready. PM now!

𝐂𝐎𝐌𝐒𝐇𝐎𝐏 𝐏𝐑𝐈𝐂𝐄𝐋𝐈𝐒𝐓 >>>
https://pcmerchandise.live/2023-BERMONTHS-LIST-COMSHOP",,84,"10/10/2023 21:00",,https://www.facebook.com/reel/1117975746790798/,0,0,Reels,,,,,10/27/2023,0,,,,,,0,0,0,0,0,10.770,6.422
1043137405806361,100064197037125,"PC Merchandise","Negosyo starts today! Complete computer shop packages ready. PM now!

𝐂𝐎𝐌𝐒𝐇𝐎𝐏 𝐏𝐑𝐈𝐂𝐄𝐋𝐈𝐒𝐓 >>>
https://pcmerchandise.live/2023-BERMONTHS-LIST-COMSHOP",,84,"10/10/2023 21:00",,https://www.facebook.com/reel/1117975746790798/,0,0,Reels,,,,,10/28/2023,0,,,,,,0,0,0,0,0,11.332,6.115
1043137405806361,100064197037125,"PC Merchandise","Negosyo starts today! Complete computer shop packages ready. PM now!

𝐂𝐎𝐌𝐒𝐇𝐎𝐏 𝐏𝐑𝐈𝐂𝐄𝐋𝐈𝐒𝐓 >>>
https://pcmerchandise.live/2023-BERMONTHS-LIST-COMSHOP",,84,"10/10/2023 21:00",,https://www.facebook.com/reel/1117975746790798/,0,0,Reels,,,,,10/29/2023,0,,,,,,0,0,0,0,0,10.844,6.620
1043137405806361,100064197037125,"PC Merchandise","Negosyo starts today! Complete computer shop packages ready. PM now!

𝐂𝐎𝐌𝐒𝐇𝐎𝐏 𝐏𝐑𝐈𝐂𝐄𝐋𝐈𝐒𝐓 >>>
https://pcmerchandise.live/2023-BERMONTHS-LIST-COMSHOP",,84,"10/10/2023 21:00",,https://www.facebook.com/reel/1117975746790798/,0,0,Reels,,,,,10/30/2023,0,,,,,,0,0,0,0,0,8.134,5.787
1043137405806361,100064197037125,"PC Merchandise","Negosyo starts today! Complete computer shop packages ready. PM now!

𝐂𝐎𝐌𝐒𝐇𝐎𝐏 𝐏𝐑𝐈𝐂𝐄𝐋𝐈𝐒𝐓 >>>
https://pcmerchandise.live/2023-BERMONTHS-LIST-COMSHOP",,84,"10/10/2023 21:00",,https://www.facebook.com/reel/1117975746790798/,0,0,Reels,,,,,10/31/2023,0,,,,,,0,0,0,0,0,4.023,7.527
1043232288913513,100064197037125,"PC Merchandise","One more rig complete. One more client satisfied. Built with RYZEN 5 5600G + RTX 3050. PM us for yours!",,62,"10/10/2023 20:00",,https://www.facebook.com/reel/1976774222984143/,0,0,Reels,,,,,10/01/2023,0,,,,,,0,0,0,0,0,0.000,3.289
1043232288913513,100064197037125,"PC Merchandise","One more rig complete. One more client satisfied. Built with RYZEN 5 5600G + RTX 3050. PM us for yours!",,62,"10/10/2023 20:00",,https://www.facebook.com/reel/1976774222984143/,0,0,Reels,,,,,10/02/2023,0,,,,,,0,0,0,0,0,0.000,3.641
1043232288913513,100064197037125,"PC Merchandise","One more rig complete. One more client satisfied. Built with RYZEN 5 5600G + RTX 3050. PM us for yours!",,62,"10/10/2023 20:00",,https://www.facebook.com/reel/1976774222984143/,0,0,Reels,,,,,10/03/2023,0,,,,,,0,0,0,0,0,0.000,2.918
1043232288913513,100064197037125,"PC Merchandise","One more rig complete. One more client satisfied. Built with RYZEN 5 5600G + RTX 3050. PM us for yours!",,62,"10/10/2023 20:00",,https://www.facebook.com/reel/1976774222984143/,0,0,Reels,,,,,10/04/2023,0,,,,,,0,0,0,0,0,0.000,2.252
1043232288913513,100064197037125,"PC Merchandise","One more rig complete. One more client satisfied. Built with RYZEN 5 5600G + RTX 3050. PM us for yours!",,62,"10/10/2023 20:00",,https://www.facebook.com/reel/1976774222984143/,0,0,Reels,,,,,10/05/2023,0,,,,,,0,0,0,0,0,0.000,3.046
1043232288913513,100064197037125,"PC Merchandise","One more rig complete. One more client satisfied. Built with RYZEN 5 5600G + RTX 3050. PM us for yours!",,62,"10/10/2023 20:00",,https://www.facebook.com/reel/1976774222984143/,0,0,Reels,,,,,10/06/2023,0,,,,,,0,0,0,0,0,0.000,4.431
1043232288913513,100064197037125,"PC Merchandise","One more rig complete. One more client satisfied. Built with RYZEN 5 5600G + RTX 3050. PM us for yours!",,62,"10/10/2023 20:00",,https://www.facebook.com/reel/1976774222984143/,0,0,Reels,,,,,10/07/2023,0,,,,,,0,0,0,0,0,0.000,2.949
1043232288913513,100064197037125,"PC Merchandise","One more rig complete. One more client satisfied. Built with RYZEN 5 5600G + RTX 3050. PM us for yours!",,62,"10/10/2023 20:00",,https://www.facebook.com/reel/1976774222984143/,0,0,Reels,,,,,10/08/2023,0,,,,,,0,0,0,0,0,0.000,1.642
1043232288913513,100064197037125,"PC Merchandise","One more rig complete. One more client satisfied. Built with RYZEN 5 5600G + RTX 3050. PM us for yours!",,62,"10/10/2023 20:00",,https://www.facebook.com/reel/1976774222984143/,0,0,Reels,,,,,10/09/2023,0,,,,,,0,0,0,0,0,0.000,1.861
1043232288913513,100064197037125,"PC Merchandise","One more rig complete. One more client satisfied. Built with RYZEN 5 5600G + RTX 3050. PM us for yours!",,62,"10/10/2023 20:00",,https://www.facebook.com/reel/1976774222984143/,0,0,Reels,,,,,10/10/2023,0,,,,,,30,0,0,0,0,504.255,3.052
1043232288913513,100064197037125,"PC Merchandise","One more rig complete. One more client satisfied. Built with RYZEN 5 5600G + RTX 3050. PM us for yours!",,62,"10/10/2023 20:00",,https://www.facebook.com/reel/1976774222984143/,0,0,Reels,,,,,10/11/2023,0,,,,,,28,0,0,0,0,379.903,1.500
1043232288913513,100064197037125,"PC Merchandise","One more rig complete. One more client satisfied. Built with RYZEN 5 5600G + RTX 3050. PM us for yours!",,62,"10/10/2023 20:00",,https://www.facebook.com/reel/1976774222984143/,0,0,Reels,,,,,10/12/2023,0,,,,,,39,0,0,0,0,295.083,2.588
1043232288913513,100064197037125,"PC Merchandise","One more rig complete. One more client satisfied. Built with RYZEN 5 5600G + RTX 3050. PM us for yours!",,62,"10/10/2023 20:00",,https://www.facebook.com/reel/1976774222984143/,0,0,Reels,,,,,10/13/2023,0,,,,,,32,0,0,0,0,345.850,3.894
1043232288913513,100064197037125,"PC Merchandise","One more rig complete. One more client satisfied. Built with RYZEN 5 5600G + RTX 3050. PM us for yours!",,62,"10/10/2023 20:00",,https://www.facebook.com/reel/1976774222984143/,0,0,Reels,,,,,10/14/2023,0,,,,,,32,0,0,0,0,179.751,1.535
1043232288913513,100064197037125,"PC Merchandise","One more rig complete. One more client satisfied. Built with RYZEN 5 5600G + RTX 3050. PM us for yours!",,62,"10/10/2023 20:00",,https://www.facebook.com/reel/1976774222984143/,0,0,Reels,,,,,10/15/2023,0,,,,,,28,0,0,0,0,179.049,2.844
1043232288913513,100064197037125,"PC Merchandise","One more rig complete. One more client satisfied. Built with RYZEN 5 5600G + RTX 3050. PM us for yours!",,62,"10/10/2023 20:00",,https://www.facebook.com/reel/1976774222984143/,0,0,Reels,,,,,10/16/2023,0,,,,,,33,0,0,0,0,243.061,2.047
1043232288913513,100064197037125,"PC Merchandise","One more rig complete. One more client satisfied. Built with RYZEN 5 5600G + RTX 3050. PM us for yours!",,62,"10/10/2023 20:00",,https://www.facebook.com/reel/1976774222984143/,0,0,Reels,,,,,10/17/2023,0,,,,,,36,0,0,0,0,103.191,3.204
1043232288913513,100064197037125,"PC Merchandise","One more rig complete. One more client satisfied. Built with RYZEN 5 5600G + RTX 3050. PM us for yours!",,62,"10/10/2023 20:00",,https://www.facebook.com/reel/1976774222984143/,0,0,Reels,,,,,10/18/2023,0,,,,,,26,0,0,0,0,111.692,3.094
1043232288913513,100064197037125,"PC Merchandise","One more rig complete. One more client satisfied. Built with RYZEN 5 5600G + RTX 3050. PM us for yours!",,62,"10/10/2023 20:00",,https://www.facebook.com/reel/1976774222984143/,0,0,Reels,,,,,10/19/2023,0,,,,,,39,0,0,0,0,108.815,3.251
1043232288913513,100064197037125,"PC Merchandise","One more rig complete. One more client satisfied. Built with RYZEN 5 5600G + RTX 3050. PM us for yours!",,62,"10/10/2023 20:00",,https://www.facebook.com/reel/1976774222984143/,0,0,Reels,,,,,10/20/2023,0,,,,,,0,0,0,0,0,88.848,2.469
1043232288913513,100064197037125,"PC Merchandise","One more rig complete. One more client satisfied. Built with RYZEN 5 5600G + RTX 3050. PM us for yours!",,62,"10/10/2023 20:00",,https://www.facebook.com/reel/1976774222984143/,0,0,Reels,,,,,10/21/2023,0,,,,,,0,0,0,0,0,86.247,1.902
1043232288913513,100064197037125,"PC Merchandise","One more rig complete. One more client satisfied. Built with RYZEN 5 5600G + RTX 3050. PM us for yours!",,62,"10/10/2023 20:00",,https://www.facebook.com/reel/1976774222984143/,0,0,Reels,,,,,10/22/2023,0,,,,,,0,0,0,0,0,54.237,2.947
1043232288913513,100064197037125,"PC Merchandise","One more rig complete. One more client satisfied. Built with RYZEN 5 5600G + RTX 3050. PM us for yours!",,62,"10/10/2023 20:00",,https://www.facebook.com/reel/1976774222984143/,0,0,Reels,,,,,10/23/2023,0,,,,,,0,0,0,0,0,41.222,2.210
1043232288913513,100064197037125,"PC Merchandise","One more rig complete. One more client satisfied. Built with RYZEN 5 5600G + RTX 3050. PM us for yours!",,62,"10/10/2023 20:00",,https://www.facebook.com/reel/1976774222984143/,0,0,Reels,,,,,10/24/2023,0,,,,,,0,0,0,0,0,57.068,2.081
1043232288913513,100064197037125,"PC Merchandise","One more rig complete. One more client satisfied. Built with RYZEN 5 5600G + RTX 3050. PM us for yours!",,62,"10/10/2023 20:00",,https://www.facebook.com/reel/1976774222984143/,0,0,Reels,,,,,10/25/2023,0,,,,,,0,0,0,0,0,34.138,2.809
1043232288913513,100064197037125,"PC Merchandise","One more rig complete. One more client satisfied. Built with RYZEN 5 5600G + RTX 3050. PM us for yours!",,62,"10/10/2023 20:00",,https://www.facebook.com/reel/1976774222984143/,0,0,Reels,,,,,10/26/2023,0,,,,,,0,0,0,0,0,35.275,2.763
1043232288913513,100064197037125,"PC Merchandise","One more rig complete. One more client satisfied. Built with RYZEN 5 5600G + RTX 3050. PM us for yours!",,62,"10/10/2023 20:00",,https://www.facebook.com/reel/1976774222984143/,0,0,Reels,,,,,10/27/2023,0,,,,,,0,0,0,0,0,45.362,4.205
1043232288913513,100064197037125,"PC Merchandise","One more rig complete. One more client satisfied. Built with RYZEN 5 5600G + RTX 3050. PM us for yours!",,62,"10/10/2023 20:00",,https://www.facebook.com/reel/1976774222984143/,0,0,Reels,,,,,10/28/2023,0,,,,,,0,0,0,0,0,23.498,3.550
1043232288913513,100064197037125,"PC Merchandise","One more rig complete. One more client satisfied. Built with RYZEN 5 5600G + RTX 3050. PM us for yours!",,62,"10/10/2023 20:00",,https://www.facebook.com/reel/1976774222984143/,0,0,Reels,,,,,10/29/2023,0,,,,,,0,0,0,0,0,25.850,3.632
1043232288913513,100064197037125,"PC Merchandise","One more rig complete. One more client satisfied. Built with RYZEN 5 5600G + RTX 3050. PM us for yours!",,62,"10/10/2023 20:00",,https://www.facebook.com/reel/1976774222984143/,0,0,Reels,,,,,10/30/2023,0,,,,,,0,0,0,0,0,19.281,2.156
1043232288913513,100064197037125,"PC Merchandise","One more rig complete. One more client satisfied. Built with RYZEN 5 5600G + RTX 3050. PM us for yours!",,62,"10/10/2023 20:00",,https://www.facebook.com/reel/1976774222984143/,0,0,Reels,,,,,10/31/2023,0,,,,,,0,0,0,0,0,20.065,3.011
1043276165488348,100064197037125,"PC Merchandise","ito na po yung ghost project🥲",,0,"10/10/2023 19:37",,https://www.facebook.com/pcmerchandise.co/posts/pfbid0xHS1pQ8XRihd5LiQOzGGLP2QdQSwFIQxyhH9oyPCg3gFsV7lTGx1DWqt,0,0,Photos,,,,,10/31/2023,2,,,,,,,,,,,,
1043276165488348,100064197037125,"PC Merchandise","ito na po yung ghost project🥲",,0,"10/10/2023 19:37",,https://www.facebook.com/pcmerchandise.co/posts/pfbid0xHS1pQ8XRihd5LiQOzGGLP2QdQSwFIQxyhH9oyPCg3gFsV7lTGx1DWqt,0,0,Photos,,,,,10/01/2023,,,0,0,0,0,0,0,,,,,
1043276165488348,100064197037125,"PC Merchandise","ito na po yung ghost project🥲",,0,"10/10/2023 19:37",,https://www.facebook.com/pcmerchandise.co/posts/pfbid0xHS1pQ8XRihd5LiQOzGGLP2QdQSwFIQxyhH9oyPCg3gFsV7lTGx1DWqt,0,0,Photos,,,,,10/02/2023,,,0,0,0,0,0,0,,,,,
1043276165488348,100064197037125,"PC Merchandise","ito na po yung ghost project🥲",,0,"10/10/2023 19:37",,https://www.facebook.com/pcmerchandise.co/posts/pfbid0xHS1pQ8XRihd5LiQOzGGLP2QdQSwFIQxyhH9oyPCg3gFsV7lTGx1DWqt,0,0,Photos,,,,,10/03/2023,,,0,0,0,0,0,0,,,,,
1043276165488348,100064197037125,"PC Merchandise","ito na po yung ghost project🥲",,0,"10/10/2023 19:37",,https://www.facebook.com/pcmerchandise.co/posts/pfbid0xHS1pQ8XRihd5LiQOzGGLP2QdQSwFIQxyhH9oyPCg3gFsV7lTGx1DWqt,0,0,Photos,,,,,10/04/2023,,,0,0,0,0,0,0,,,,,
1043276165488348,100064197037125,"PC Merchandise","ito na po yung ghost project🥲",,0,"10/10/2023 19:37",,https://www.facebook.com/pcmerchandise.co/posts/pfbid0xHS1pQ8XRihd5LiQOzGGLP2QdQSwFIQxyhH9oyPCg3gFsV7lTGx1DWqt,0,0,Photos,,,,,10/05/2023,,,0,0,0,0,0,0,,,,,
1043276165488348,100064197037125,"PC Merchandise","ito na po yung ghost project🥲",,0,"10/10/2023 19:37",,https://www.facebook.com/pcmerchandise.co/posts/pfbid0xHS1pQ8XRihd5LiQOzGGLP2QdQSwFIQxyhH9oyPCg3gFsV7lTGx1DWqt,0,0,Photos,,,,,10/06/2023,,,0,0,0,0,0,0,,,,,
1043276165488348,100064197037125,"PC Merchandise","ito na po yung ghost project🥲",,0,"10/10/2023 19:37",,https://www.facebook.com/pcmerchandise.co/posts/pfbid0xHS1pQ8XRihd5LiQOzGGLP2QdQSwFIQxyhH9oyPCg3gFsV7lTGx1DWqt,0,0,Photos,,,,,10/07/2023,,,0,0,0,0,0,0,,,,,
1043276165488348,100064197037125,"PC Merchandise","ito na po yung ghost project🥲",,0,"10/10/2023 19:37",,https://www.facebook.com/pcmerchandise.co/posts/pfbid0xHS1pQ8XRihd5LiQOzGGLP2QdQSwFIQxyhH9oyPCg3gFsV7lTGx1DWqt,0,0,Photos,,,,,10/08/2023,,,0,0,0,0,0,0,,,,,
1043276165488348,100064197037125,"PC Merchandise","ito na po yung ghost project🥲",,0,"10/10/2023 19:37",,https://www.facebook.com/pcmerchandise.co/posts/pfbid0xHS1pQ8XRihd5LiQOzGGLP2QdQSwFIQxyhH9oyPCg3gFsV7lTGx1DWqt,0,0,Photos,,,,,10/09/2023,,,0,0,0,0,0,0,,,,,
1043276165488348,100064197037125,"PC Merchandise","ito na po yung ghost project🥲",,0,"10/10/2023 19:37",,https://www.facebook.com/pcmerchandise.co/posts/pfbid0xHS1pQ8XRihd5LiQOzGGLP2QdQSwFIQxyhH9oyPCg3gFsV7lTGx1DWqt,0,0,Photos,,,,,10/10/2023,,,0,0,0,0,0,0,,,,,
1043276165488348,100064197037125,"PC Merchandise","ito na po yung ghost project🥲",,0,"10/10/2023 19:37",,https://www.facebook.com/pcmerchandise.co/posts/pfbid0xHS1pQ8XRihd5LiQOzGGLP2QdQSwFIQxyhH9oyPCg3gFsV7lTGx1DWqt,0,0,Photos,,,,,10/11/2023,,,0,0,0,0,0,0,,,,,
1043276165488348,100064197037125,"PC Merchandise","ito na po yung ghost project🥲",,0,"10/10/2023 19:37",,https://www.facebook.com/pcmerchandise.co/posts/pfbid0xHS1pQ8XRihd5LiQOzGGLP2QdQSwFIQxyhH9oyPCg3gFsV7lTGx1DWqt,0,0,Photos,,,,,10/12/2023,,,0,0,0,0,0,0,,,,,
1043276165488348,100064197037125,"PC Merchandise","ito na po yung ghost project🥲",,0,"10/10/2023 19:37",,https://www.facebook.com/pcmerchandise.co/posts/pfbid0xHS1pQ8XRihd5LiQOzGGLP2QdQSwFIQxyhH9oyPCg3gFsV7lTGx1DWqt,0,0,Photos,,,,,10/13/2023,,,0,0,0,0,0,0,,,,,
1043276165488348,100064197037125,"PC Merchandise","ito na po yung ghost project🥲",,0,"10/10/2023 19:37",,https://www.facebook.com/pcmerchandise.co/posts/pfbid0xHS1pQ8XRihd5LiQOzGGLP2QdQSwFIQxyhH9oyPCg3gFsV7lTGx1DWqt,0,0,Photos,,,,,10/14/2023,,,0,0,0,0,0,0,,,,,
1043276165488348,100064197037125,"PC Merchandise","ito na po yung ghost project🥲",,0,"10/10/2023 19:37",,https://www.facebook.com/pcmerchandise.co/posts/pfbid0xHS1pQ8XRihd5LiQOzGGLP2QdQSwFIQxyhH9oyPCg3gFsV7lTGx1DWqt,0,0,Photos,,,,,10/15/2023,,,0,0,0,0,0,0,,,,,
1043276165488348,100064197037125,"PC Merchandise","ito na po yung ghost project🥲",,0,"10/10/2023 19:37",,https://www.facebook.com/pcmerchandise.co/posts/pfbid0xHS1pQ8XRihd5LiQOzGGLP2QdQSwFIQxyhH9oyPCg3gFsV7lTGx1DWqt,0,0,Photos,,,,,10/16/2023,,,0,0,0,0,0,0,,,,,
1043276165488348,100064197037125,"PC Merchandise","ito na po yung ghost project🥲",,0,"10/10/2023 19:37",,https://www.facebook.com/pcmerchandise.co/posts/pfbid0xHS1pQ8XRihd5LiQOzGGLP2QdQSwFIQxyhH9oyPCg3gFsV7lTGx1DWqt,0,0,Photos,,,,,10/17/2023,,,0,0,0,0,0,0,,,,,
1043276165488348,100064197037125,"PC Merchandise","ito na po yung ghost project🥲",,0,"10/10/2023 19:37",,https://www.facebook.com/pcmerchandise.co/posts/pfbid0xHS1pQ8XRihd5LiQOzGGLP2QdQSwFIQxyhH9oyPCg3gFsV7lTGx1DWqt,0,0,Photos,,,,,10/18/2023,,,0,0,0,0,0,0,,,,,
1043276165488348,100064197037125,"PC Merchandise","ito na po yung ghost project🥲",,0,"10/10/2023 19:37",,https://www.facebook.com/pcmerchandise.co/posts/pfbid0xHS1pQ8XRihd5LiQOzGGLP2QdQSwFIQxyhH9oyPCg3gFsV7lTGx1DWqt,0,0,Photos,,,,,10/19/2023,,,0,0,0,0,0,0,,,,,
1043276165488348,100064197037125,"PC Merchandise","ito na po yung ghost project🥲",,0,"10/10/2023 19:37",,https://www.facebook.com/pcmerchandise.co/posts/pfbid0xHS1pQ8XRihd5LiQOzGGLP2QdQSwFIQxyhH9oyPCg3gFsV7lTGx1DWqt,0,0,Photos,,,,,10/20/2023,,,0,0,0,0,0,0,,,,,
1043276165488348,100064197037125,"PC Merchandise","ito na po yung ghost project🥲",,0,"10/10/2023 19:37",,https://www.facebook.com/pcmerchandise.co/posts/pfbid0xHS1pQ8XRihd5LiQOzGGLP2QdQSwFIQxyhH9oyPCg3gFsV7lTGx1DWqt,0,0,Photos,,,,,10/21/2023,,,0,0,0,0,0,0,,,,,
1043276165488348,100064197037125,"PC Merchandise","ito na po yung ghost project🥲",,0,"10/10/2023 19:37",,https://www.facebook.com/pcmerchandise.co/posts/pfbid0xHS1pQ8XRihd5LiQOzGGLP2QdQSwFIQxyhH9oyPCg3gFsV7lTGx1DWqt,0,0,Photos,,,,,10/22/2023,,,0,0,0,0,0,0,,,,,
1043276165488348,100064197037125,"PC Merchandise","ito na po yung ghost project🥲",,0,"10/10/2023 19:37",,https://www.facebook.com/pcmerchandise.co/posts/pfbid0xHS1pQ8XRihd5LiQOzGGLP2QdQSwFIQxyhH9oyPCg3gFsV7lTGx1DWqt,0,0,Photos,,,,,10/23/2023,,,0,0,0,0,0,0,,,,,
1043276165488348,100064197037125,"PC Merchandise","ito na po yung ghost project🥲",,0,"10/10/2023 19:37",,https://www.facebook.com/pcmerchandise.co/posts/pfbid0xHS1pQ8XRihd5LiQOzGGLP2QdQSwFIQxyhH9oyPCg3gFsV7lTGx1DWqt,0,0,Photos,,,,,10/24/2023,,,0,0,0,0,0,0,,,,,
1043276165488348,100064197037125,"PC Merchandise","ito na po yung ghost project🥲",,0,"10/10/2023 19:37",,https://www.facebook.com/pcmerchandise.co/posts/pfbid0xHS1pQ8XRihd5LiQOzGGLP2QdQSwFIQxyhH9oyPCg3gFsV7lTGx1DWqt,0,0,Photos,,,,,10/25/2023,,,0,0,0,0,0,0,,,,,
1043276165488348,100064197037125,"PC Merchandise","ito na po yung ghost project🥲",,0,"10/10/2023 19:37",,https://www.facebook.com/pcmerchandise.co/posts/pfbid0xHS1pQ8XRihd5LiQOzGGLP2QdQSwFIQxyhH9oyPCg3gFsV7lTGx1DWqt,0,0,Photos,,,,,10/26/2023,,,0,0,0,0,0,0,,,,,
1043276165488348,100064197037125,"PC Merchandise","ito na po yung ghost project🥲",,0,"10/10/2023 19:37",,https://www.facebook.com/pcmerchandise.co/posts/pfbid0xHS1pQ8XRihd5LiQOzGGLP2QdQSwFIQxyhH9oyPCg3gFsV7lTGx1DWqt,0,0,Photos,,,,,10/27/2023,,,0,0,0,0,0,0,,,,,
1043276165488348,100064197037125,"PC Merchandise","ito na po yung ghost project🥲",,0,"10/10/2023 19:37",,https://www.facebook.com/pcmerchandise.co/posts/pfbid0xHS1pQ8XRihd5LiQOzGGLP2QdQSwFIQxyhH9oyPCg3gFsV7lTGx1DWqt,0,0,Photos,,,,,10/28/2023,,,0,0,0,0,0,0,,,,,
1043276165488348,100064197037125,"PC Merchandise","ito na po yung ghost project🥲",,0,"10/10/2023 19:37",,https://www.facebook.com/pcmerchandise.co/posts/pfbid0xHS1pQ8XRihd5LiQOzGGLP2QdQSwFIQxyhH9oyPCg3gFsV7lTGx1DWqt,0,0,Photos,,,,,10/29/2023,,,0,0,0,0,0,0,,,,,
1043276165488348,100064197037125,"PC Merchandise","ito na po yung ghost project🥲",,0,"10/10/2023 19:37",,https://www.facebook.com/pcmerchandise.co/posts/pfbid0xHS1pQ8XRihd5LiQOzGGLP2QdQSwFIQxyhH9oyPCg3gFsV7lTGx1DWqt,0,0,Photos,,,,,10/30/2023,,,0,0,0,0,0,0,,,,,
1043276165488348,100064197037125,"PC Merchandise","ito na po yung ghost project🥲",,0,"10/10/2023 19:37",,https://www.facebook.com/pcmerchandise.co/posts/pfbid0xHS1pQ8XRihd5LiQOzGGLP2QdQSwFIQxyhH9oyPCg3gFsV7lTGx1DWqt,0,0,Photos,,,,,10/31/2023,,,0,0,0,0,0,0,,,,,
1043063205753881,100064197037125,"PC Merchandise","𝐀𝐌𝟓 𝐁𝐮𝐢𝐥𝐝 𝐋𝐢𝐦𝐢𝐭𝐞𝐝 𝐒𝐚𝐥𝐞! 🚨
Experience next-gen performance with our latest builds. PM for pricelist!",,30,"10/09/2023 22:00",,https://www.facebook.com/reel/1973008959579544/,0,0,Reels,,,,,10/01/2023,0,,,,,,0,0,0,0,0,0.000,3.660
1043063205753881,100064197037125,"PC Merchandise","𝐀𝐌𝟓 𝐁𝐮𝐢𝐥𝐝 𝐋𝐢𝐦𝐢𝐭𝐞𝐝 𝐒𝐚𝐥𝐞! 🚨
Experience next-gen performance with our latest builds. PM for pricelist!",,30,"10/09/2023 22:00",,https://www.facebook.com/reel/1973008959579544/,0,0,Reels,,,,,10/02/2023,0,,,,,,0,0,0,0,0,0.000,3.195
1043063205753881,100064197037125,"PC Merchandise","𝐀𝐌𝟓 𝐁𝐮𝐢𝐥𝐝 𝐋𝐢𝐦𝐢𝐭𝐞𝐝 𝐒𝐚𝐥𝐞! 🚨
Experience next-gen performance with our latest builds. PM for pricelist!",,30,"10/09/2023 22:00",,https://www.facebook.com/reel/1973008959579544/,0,0,Reels,,,,,10/03/2023,0,,,,,,0,0,0,0,0,0.000,4.436
1043063205753881,100064197037125,"PC Merchandise","𝐀𝐌𝟓 𝐁𝐮𝐢𝐥𝐝 𝐋𝐢𝐦𝐢𝐭𝐞𝐝 𝐒𝐚𝐥𝐞! 🚨
Experience next-gen performance with our latest builds. PM for pricelist!",,30,"10/09/2023 22:00",,https://www.facebook.com/reel/1973008959579544/,0,0,Reels,,,,,10/04/2023,0,,,,,,0,0,0,0,0,0.000,4.675
1043063205753881,100064197037125,"PC Merchandise","𝐀𝐌𝟓 𝐁𝐮𝐢𝐥𝐝 𝐋𝐢𝐦𝐢𝐭𝐞𝐝 𝐒𝐚𝐥𝐞! 🚨
Experience next-gen performance with our latest builds. PM for pricelist!",,30,"10/09/2023 22:00",,https://www.facebook.com/reel/1973008959579544/,0,0,Reels,,,,,10/05/2023,0,,,,,,0,0,0,0,0,0.000,3.965
1043063205753881,100064197037125,"PC Merchandise","𝐀𝐌𝟓 𝐁𝐮𝐢𝐥𝐝 𝐋𝐢𝐦𝐢𝐭𝐞𝐝 𝐒𝐚𝐥𝐞! 🚨
Experience next-gen performance with our latest builds. PM for pricelist!",,30,"10/09/2023 22:00",,https://www.facebook.com/reel/1973008959579544/,0,0,Reels,,,,,10/06/2023,0,,,,,,0,0,0,0,0,0.000,4.467
1043063205753881,100064197037125,"PC Merchandise","𝐀𝐌𝟓 𝐁𝐮𝐢𝐥𝐝 𝐋𝐢𝐦𝐢𝐭𝐞𝐝 𝐒𝐚𝐥𝐞! 🚨
Experience next-gen performance with our latest builds. PM for pricelist!",,30,"10/09/2023 22:00",,https://www.facebook.com/reel/1973008959579544/,0,0,Reels,,,,,10/07/2023,0,,,,,,0,0,0,0,0,0.000,4.946
1043063205753881,100064197037125,"PC Merchandise","𝐀𝐌𝟓 𝐁𝐮𝐢𝐥𝐝 𝐋𝐢𝐦𝐢𝐭𝐞𝐝 𝐒𝐚𝐥𝐞! 🚨
Experience next-gen performance with our latest builds. PM for pricelist!",,30,"10/09/2023 22:00",,https://www.facebook.com/reel/1973008959579544/,0,0,Reels,,,,,10/08/2023,0,,,,,,0,0,0,0,0,0.000,4.383
1043063205753881,100064197037125,"PC Merchandise","𝐀𝐌𝟓 𝐁𝐮𝐢𝐥𝐝 𝐋𝐢𝐦𝐢𝐭𝐞𝐝 𝐒𝐚𝐥𝐞! 🚨
Experience next-gen performance with our latest builds. PM for pricelist!",,30,"10/09/2023 22:00",,https://www.facebook.com/reel/1973008959579544/,0,0,Reels,,,,,10/09/2023,0,,,,,,0,0,1,1,0,397.717,4.916
1043063205753881,100064197037125,"PC Merchandise","𝐀𝐌𝟓 𝐁𝐮𝐢𝐥𝐝 𝐋𝐢𝐦𝐢𝐭𝐞𝐝 𝐒𝐚𝐥𝐞! 🚨
Experience next-gen performance with our latest builds. PM for pricelist!",,30,"10/09/2023 22:00",,https://www.facebook.com/reel/1973008959579544/,0,0,Reels,,,,,10/10/2023,0,,,,,,0,0,0,0,0,457.408,4.605
1043063205753881,100064197037125,"PC Merchandise","𝐀𝐌𝟓 𝐁𝐮𝐢𝐥𝐝 𝐋𝐢𝐦𝐢𝐭𝐞𝐝 𝐒𝐚𝐥𝐞! 🚨
Experience next-gen performance with our latest builds. PM for pricelist!",,30,"10/09/2023 22:00",,https://www.facebook.com/reel/1973008959579544/,0,0,Reels,,,,,10/11/2023,0,,,,,,0,0,0,0,0,250.174,5.591
1043063205753881,100064197037125,"PC Merchandise","𝐀𝐌𝟓 𝐁𝐮𝐢𝐥𝐝 𝐋𝐢𝐦𝐢𝐭𝐞𝐝 𝐒𝐚𝐥𝐞! 🚨
Experience next-gen performance with our latest builds. PM for pricelist!",,30,"10/09/2023 22:00",,https://www.facebook.com/reel/1973008959579544/,0,0,Reels,,,,,10/12/2023,0,,,,,,0,0,0,0,0,117.572,4.013
1043063205753881,100064197037125,"PC Merchandise","𝐀𝐌𝟓 𝐁𝐮𝐢𝐥𝐝 𝐋𝐢𝐦𝐢𝐭𝐞𝐝 𝐒𝐚𝐥𝐞! 🚨
Experience next-gen performance with our latest builds. PM for pricelist!",,30,"10/09/2023 22:00",,https://www.facebook.com/reel/1973008959579544/,0,0,Reels,,,,,10/13/2023,0,,,,,,0,0,0,0,0,111.009,3.354
1043063205753881,100064197037125,"PC Merchandise","𝐀𝐌𝟓 𝐁𝐮𝐢𝐥𝐝 𝐋𝐢𝐦𝐢𝐭𝐞𝐝 𝐒𝐚𝐥𝐞! 🚨
Experience next-gen performance with our latest builds. PM for pricelist!",,30,"10/09/2023 22:00",,https://www.facebook.com/reel/1973008959579544/,0,0,Reels,,,,,10/14/2023,0,,,,,,0,0,0,0,0,123.689,5.223
1043063205753881,100064197037125,"PC Merchandise","𝐀𝐌𝟓 𝐁𝐮𝐢𝐥𝐝 𝐋𝐢𝐦𝐢𝐭𝐞𝐝 𝐒𝐚𝐥𝐞! 🚨
Experience next-gen performance with our latest builds. PM for pricelist!",,30,"10/09/2023 22:00",,https://www.facebook.com/reel/1973008959579544/,0,0,Reels,,,,,10/15/2023,0,,,,,,0,0,0,0,0,70.738,3.588
1043063205753881,100064197037125,"PC Merchandise","𝐀𝐌𝟓 𝐁𝐮𝐢𝐥𝐝 𝐋𝐢𝐦𝐢𝐭𝐞𝐝 𝐒𝐚𝐥𝐞! 🚨
Experience next-gen performance with our latest builds. PM for pricelist!",,30,"10/09/2023 22:00",,https://www.facebook.com/reel/1973008959579544/,0,0,Reels,,,,,10/16/2023,0,,,,,,0,0,0,0,0,66.980,4.347
1043063205753881,100064197037125,"PC Merchandise","𝐀𝐌𝟓 𝐁𝐮𝐢𝐥𝐝 𝐋𝐢𝐦𝐢𝐭𝐞𝐝 𝐒𝐚𝐥𝐞! 🚨
Experience next-gen performance with our latest builds. PM for pricelist!",,30,"10/09/2023 22:00",,https://www.facebook.com/reel/1973008959579544/,0,0,Reels,,,,,10/17/2023,0,,,,,,0,0,0,0,0,60.541,4.114
1043063205753881,100064197037125,"PC Merchandise","𝐀𝐌𝟓 𝐁𝐮𝐢𝐥𝐝 𝐋𝐢𝐦𝐢𝐭𝐞𝐝 𝐒𝐚𝐥𝐞! 🚨
Experience next-gen performance with our latest builds. PM for pricelist!",,30,"10/09/2023 22:00",,https://www.facebook.com/reel/1973008959579544/,0,0,Reels,,,,,10/18/2023,0,,,,,,0,0,0,0,0,54.627,4.325
1043063205753881,100064197037125,"PC Merchandise","𝐀𝐌𝟓 𝐁𝐮𝐢𝐥𝐝 𝐋𝐢𝐦𝐢𝐭𝐞𝐝 𝐒𝐚𝐥𝐞! 🚨
Experience next-gen performance with our latest builds. PM for pricelist!",,30,"10/09/2023 22:00",,https://www.facebook.com/reel/1973008959579544/,0,0,Reels,,,,,10/19/2023,0,,,,,,0,0,0,0,0,35.327,4.899
1043063205753881,100064197037125,"PC Merchandise","𝐀𝐌𝟓 𝐁𝐮𝐢𝐥𝐝 𝐋𝐢𝐦𝐢𝐭𝐞𝐝 𝐒𝐚𝐥𝐞! 🚨
Experience next-gen performance with our latest builds. PM for pricelist!",,30,"10/09/2023 22:00",,https://www.facebook.com/reel/1973008959579544/,0,0,Reels,,,,,10/20/2023,0,,,,,,0,0,0,0,0,60.313,5.333
1043063205753881,100064197037125,"PC Merchandise","𝐀𝐌𝟓 𝐁𝐮𝐢𝐥𝐝 𝐋𝐢𝐦𝐢𝐭𝐞𝐝 𝐒𝐚𝐥𝐞! 🚨
Experience next-gen performance with our latest builds. PM for pricelist!",,30,"10/09/2023 22:00",,https://www.facebook.com/reel/1973008959579544/,0,0,Reels,,,,,10/21/2023,0,,,,,,0,0,0,0,0,32.249,4.351
1043063205753881,100064197037125,"PC Merchandise","𝐀𝐌𝟓 𝐁𝐮𝐢𝐥𝐝 𝐋𝐢𝐦𝐢𝐭𝐞𝐝 𝐒𝐚𝐥𝐞! 🚨
Experience next-gen performance with our latest builds. PM for pricelist!",,30,"10/09/2023 22:00",,https://www.facebook.com/reel/1973008959579544/,0,0,Reels,,,,,10/22/2023,0,,,,,,0,0,0,0,0,39.863,4.448
1043063205753881,100064197037125,"PC Merchandise","𝐀𝐌𝟓 𝐁𝐮𝐢𝐥𝐝 𝐋𝐢𝐦𝐢𝐭𝐞𝐝 𝐒𝐚𝐥𝐞! 🚨
Experience next-gen performance with our latest builds. PM for pricelist!",,30,"10/09/2023 22:00",,https://www.facebook.com/reel/1973008959579544/,0,0,Reels,,,,,10/23/2023,0,,,,,,0,0,0,0,0,34.326,4.187
1043063205753881,100064197037125,"PC Merchandise","𝐀𝐌𝟓 𝐁𝐮𝐢𝐥𝐝 𝐋𝐢𝐦𝐢𝐭𝐞𝐝 𝐒𝐚𝐥𝐞! 🚨
Experience next-gen performance with our latest builds. PM for pricelist!",,30,"10/09/2023 22:00",,https://www.facebook.com/reel/1973008959579544/,0,0,Reels,,,,,10/24/2023,0,,,,,,0,0,0,0,0,43.866,4.469
1043063205753881,100064197037125,"PC Merchandise","𝐀𝐌𝟓 𝐁𝐮𝐢𝐥𝐝 𝐋𝐢𝐦𝐢𝐭𝐞𝐝 𝐒𝐚𝐥𝐞! 🚨
Experience next-gen performance with our latest builds. PM for pricelist!",,30,"10/09/2023 22:00",,https://www.facebook.com/reel/1973008959579544/,0,0,Reels,,,,,10/25/2023,0,,,,,,0,0,0,0,0,22.336,3.917
1043063205753881,100064197037125,"PC Merchandise","𝐀𝐌𝟓 𝐁𝐮𝐢𝐥𝐝 𝐋𝐢𝐦𝐢𝐭𝐞𝐝 𝐒𝐚𝐥𝐞! 🚨
Experience next-gen performance with our latest builds. PM for pricelist!",,30,"10/09/2023 22:00",,https://www.facebook.com/reel/1973008959579544/,0,0,Reels,,,,,10/26/2023,0,,,,,,0,0,0,0,0,17.743,4.750
1043063205753881,100064197037125,"PC Merchandise","𝐀𝐌𝟓 𝐁𝐮𝐢𝐥𝐝 𝐋𝐢𝐦𝐢𝐭𝐞𝐝 𝐒𝐚𝐥𝐞! 🚨
Experience next-gen performance with our latest builds. PM for pricelist!",,30,"10/09/2023 22:00",,https://www.facebook.com/reel/1973008959579544/,0,0,Reels,,,,,10/27/2023,0,,,,,,0,0,0,0,0,17.438,5.689
1043063205753881,100064197037125,"PC Merchandise","𝐀𝐌𝟓 𝐁𝐮𝐢𝐥𝐝 𝐋𝐢𝐦𝐢𝐭𝐞𝐝 𝐒𝐚𝐥𝐞! 🚨
Experience next-gen performance with our latest builds. PM for pricelist!",,30,"10/09/2023 22:00",,https://www.facebook.com/reel/1973008959579544/,0,0,Reels,,,,,10/28/2023,0,,,,,,0,0,0,0,0,32.363,5.469
1043063205753881,100064197037125,"PC Merchandise","𝐀𝐌𝟓 𝐁𝐮𝐢𝐥𝐝 𝐋𝐢𝐦𝐢𝐭𝐞𝐝 𝐒𝐚𝐥𝐞! 🚨
Experience next-gen performance with our latest builds. PM for pricelist!",,30,"10/09/2023 22:00",,https://www.facebook.com/reel/1973008959579544/,0,0,Reels,,,,,10/29/2023,0,,,,,,0,0,0,0,0,19.404,4.696
1043063205753881,100064197037125,"PC Merchandise","𝐀𝐌𝟓 𝐁𝐮𝐢𝐥𝐝 𝐋𝐢𝐦𝐢𝐭𝐞𝐝 𝐒𝐚𝐥𝐞! 🚨
Experience next-gen performance with our latest builds. PM for pricelist!",,30,"10/09/2023 22:00",,https://www.facebook.com/reel/1973008959579544/,0,0,Reels,,,,,10/30/2023,0,,,,,,0,0,0,0,0,27.856,4.346
1043063205753881,100064197037125,"PC Merchandise","𝐀𝐌𝟓 𝐁𝐮𝐢𝐥𝐝 𝐋𝐢𝐦𝐢𝐭𝐞𝐝 𝐒𝐚𝐥𝐞! 🚨
Experience next-gen performance with our latest builds. PM for pricelist!",,30,"10/09/2023 22:00",,https://www.facebook.com/reel/1973008959579544/,0,0,Reels,,,,,10/31/2023,0,,,,,,0,0,0,0,0,10.114,3.024
1043029567777011,100064197037125,"PC Merchandise","READY STOCK: RYZEN 5 5600G / RX 6600 builds. Same-day assembly. PM NOW!",,0,"10/09/2023 19:00",,https://www.facebook.com/pcmerchandise.co/posts/pfbid0wz6AzgYpgMRgEdFbKNVDPUwdSbUdjBJwLTJtwqEz8sTi200AICGsQmwz,0,0,Photos,,,,,10/31/2023,0,,,,,,,,,,,,
1043029567777011,100064197037125,"PC Merchandise","READY STOCK: RYZEN 5 5600G / RX 6600 builds. Same-day assembly. PM NOW!",,0,"10/09/2023 19:00",,https://www.facebook.com/pcmerchandise.co/posts/pfbid0wz6AzgYpgMRgEdFbKNVDPUwdSbUdjBJwLTJtwqEz8sTi200AICGsQmwz,0,0,Photos,,,,,10/01/2023,,,0,0,0,0,0,0,,,,,
1043029567777011,100064197037125,"PC Merchandise","READY STOCK: RYZEN 5 5600G / RX 6600 builds. Same-day assembly. PM NOW!",,0,"10/09/2023 19:00",,https://www.facebook.com/pcmerchandise.co/posts/pfbid0wz6AzgYpgMRgEdFbKNVDPUwdSbUdjBJwLTJtwqEz8sTi200AICGsQmwz,0,0,Photos,,,,,10/02/2023,,,0,0,0,0,0,0,,,,,
1043029567777011,100064197037125,"PC Merchandise","READY STOCK: RYZEN 5 5600G / RX 6600 builds. Same-day assembly. PM NOW!",,0,"10/09/2023 19:00",,https://www.facebook.com/pcmerchandise.co/posts/pfbid0wz6AzgYpgMRgEdFbKNVDPUwdSbUdjBJwLTJtwqEz8sTi200AICGsQmwz,0,0,Photos,,,,,10/03/2023,,,0,0,0,0,0,0,,,,,
1043029567777011,100064197037125,"PC Merchandise","READY STOCK: RYZEN 5 5600G / RX 6600 builds. Same-day assembly. PM NOW!",,0,"10/09/2023 19:00",,https://www.facebook.com/pcmerchandise.co/posts/pfbid0wz6AzgYpgMRgEdFbKNVDPUwdSbUdjBJwLTJtwqEz8sTi200AICGsQmwz,0,0,Photos,,,,,10/04/2023,,,0,0,0,0,0,0,,,,,
1043029567777011,100064197037125,"PC Merchandise","READY STOCK: RYZEN 5 5600G / RX 6600 builds. Same-day assembly. PM NOW!",,0,"10/09/2023 19:00",,https://www.facebook.com/pcmerchandise.co/posts/pfbid0wz6AzgYpgMRgEdFbKNVDPUwdSbUdjBJwLTJtwqEz8sTi200AICGsQmwz,0,0,Photos,,,,,10/05/2023,,,0,0,0,0,0,0,,,,,
1043029567777011,100064197037125,"PC Merchandise","READY STOCK: RYZEN 5 5600G / RX 6600 builds. Same-day assembly. PM NOW!",,0,"10/09/2023 19:00",,https://www.facebook.com/pcmerchandise.co/posts/pfbid0wz6AzgYpgMRgEdFbKNVDPUwdSbUdjBJwLTJtwqEz8sTi200AICGsQmwz,0,0,Photos,,,,,10/06/2023,,,0,0,0,0,0,0,,,,,
1043029567777011,100064197037125,"PC Merchandise","READY STOCK: RYZEN 5 5600G / RX 6600 builds. Same-day assembly. PM NOW!",,0,"10/09/2023 19:00",,https://www.facebook.com/pcmerchandise.co/posts/pfbid0wz6AzgYpgMRgEdFbKNVDPUwdSbUdjBJwLTJtwqEz8sTi200AICGsQmwz,0,0,Photos,,,,,10/07/2023,,,0,0,0,0,0,0,,,,,
1043029567777011,100064197037125,"PC Merchandise","READY STOCK: RYZEN 5 5600G / RX 6600 builds. Same-day assembly. PM NOW!",,0,"10/09/2023 19:00",,https://www.facebook.com/pcmerchandise.co/posts/pfbid0wz6AzgYpgMRgEdFbKNVDPUwdSbUdjBJwLTJtwqEz8sTi200AICGsQmwz,0,0,Photos,,,,,10/08/2023,,,0,0,0,0,0,0,,,,,
1043029567777011,100064197037125,"PC Merchandise","READY STOCK: RYZEN 5 5600G / RX 6600 builds. Same-day assembly. PM NOW!",,0,"10/09/2023 19:00",,https://www.facebook.com/pcmerchandise.co/posts/pfbid0wz6AzgYpgMRgEdFbKNVDPUwdSbUdjBJwLTJtwqEz8sTi200AICGsQmwz,0,0,Photos,,,,,10/09/2023,,,0,0,0,0,0,0,,,,,
1043029567777011,100064197037125,"PC Merchandise","READY STOCK: RYZEN 5 5600G / RX 6600 builds. Same-day assembly. PM NOW!",,0,"10/09/2023 19:00",,https://www.facebook.com/pcmerchandise.co/posts/pfbid0wz6AzgYpgMRgEdFbKNVDPUwdSbUdjBJwLTJtwqEz8sTi200AICGsQmwz,0,0,Photos,,,,,10/10/2023,,,0,0,0,0,0,0,,,,,
1043029567777011,100064197037125,"PC Merchandise","READY STOCK: RYZEN 5 5600G / RX 6600 builds. Same-day assembly. PM NOW!",,0,"10/09/2023 19:00",,https://www.facebook.com/pcmerchandise.co/posts/pfbid0wz6AzgYpgMRgEdFbKNVDPUwdSbUdjBJwLTJtwqEz8sTi200AICGsQmwz,0,0,Photos,,,,,10/11/2023,,,0,0,0,0,0,0,,,,,
1043029567777011,100064197037125,"PC Merchandise","READY STOCK: RYZEN 5 5600G / RX 6600 builds. Same-day assembly. PM NOW!",,0,"10/09/2023 19:00",,https://www.facebook.com/pcmerchandise.co/posts/pfbid0wz6AzgYpgMRgEdFbKNVDPUwdSbUdjBJwLTJtwqEz8sTi200AICGsQmwz,0,0,Photos,,,,,10/12/2023,,,0,0,0,0,0,0,,,,,
1043029567777011,100064197037125,"PC Merchandise","READY STOCK: RYZEN 5 5600G / RX 6600 builds. Same-day assembly. PM NOW!",,0,"10/09/2023 19:00",,https://www.facebook.com/pcmerchandise.co/posts/pfbid0wz6AzgYpgMRgEdFbKNVDPUwdSbUdjBJwLTJtwqEz8sTi200AICGsQmwz,0,0,Photos,,,,,10/13/2023,,,0,0,0,0,0,0,,,,,
1043029567777011,100064197037125,"PC Merchandise","READY STOCK: RYZEN 5 5600G / RX 6600 builds. Same-day assembly. PM NOW!",,0,"10/09/2023 19:00",,https://www.facebook.com/pcmerchandise.co/posts/pfbid0wz6AzgYpgMRgEdFbKNVDPUwdSbUdjBJwLTJtwqEz8sTi200AICGsQmwz,0,0,Photos,,,,,10/14/2023,,,0,0,0,0,0,0,,,,,
1043029567777011,100064197037125,"PC Merchandise","READY STOCK: RYZEN 5 5600G / RX 6600 builds. Same-day assembly. PM NOW!",,0,"10/09/2023 19:00",,https://www.facebook.com/pcmerchandise.co/posts/pfbid0wz6AzgYpgMRgEdFbKNVDPUwdSbUdjBJwLTJtwqEz8sTi200AICGsQmwz,0,0,Photos,,,,,10/15/2023,,,0,0,0,0,0,0,,,,,
1043029567777011,100064197037125,"PC Merchandise","READY STOCK: RYZEN 5 5600G / RX 6600 builds. Same-day assembly. PM NOW!",,0,"10/09/2023 19:00",,https://www.facebook.com/pcmerchandise.co/posts/pfbid0wz6AzgYpgMRgEdFbKNVDPUwdSbUdjBJwLTJtwqEz8sTi200AICGsQmwz,0,0,Photos,,,,,10/16/2023,,,0,0,0,0,0,0,,,,,
1043029567777011,100064197037125,"PC Merchandise","READY STOCK: RYZEN 5 5600G / RX 6600 builds. Same-day assembly. PM NOW!",,0,"10/09/2023 19:00",,https://www.facebook.com/pcmerchandise.co/posts/pfbid0wz6AzgYpgMRgEdFbKNVDPUwdSbUdjBJwLTJtwqEz8sTi200AICGsQmwz,0,0,Photos,,,,,10/17/2023,,,0,0,0,0,0,0,,,,,
1043029567777011,100064197037125,"PC Merchandise","READY STOCK: RYZEN 5 5600G / RX 6600 builds. Same-day assembly. PM NOW!",,0,"10/09/2023 19:00",,https://www.facebook.com/pcmerchandise.co/posts/pfbid0wz6AzgYpgMRgEdFbKNVDPUwdSbUdjBJwLTJtwqEz8sTi200AICGsQmwz,0,0,Photos,,,,,10/18/2023,,,0,0,0,0,0,0,,,,,
1043029567777011,100064197037125,"PC Merchandise","READY STOCK: RYZEN 5 5600G / RX 6600 builds. Same-day assembly. PM NOW!",,0,"10/09/2023 19:00",,https://www.facebook.com/pcmerchandise.co/posts/pfbid0wz6AzgYpgMRgEdFbKNVDPUwdSbUdjBJwLTJtwqEz8sTi200AICGsQmwz,0,0,Photos,,,,,10/19/2023,,,0,0,0,0,0,0,,,,,
1043029567777011,100064197037125,"PC Merchandise","READY STOCK: RYZEN 5 5600G / RX 6600 builds. Same-day assembly. PM NOW!",,0,"10/09/2023 19:00",,https://www.facebook.com/pcmerchandise.co/posts/pfbid0wz6AzgYpgMRgEdFbKNVDPUwdSbUdjBJwLTJtwqEz8sTi200AICGsQmwz,0,0,Photos,,,,,10/20/2023,,,0,0,0,0,0,0,,,,,
1043029567777011,100064197037125,"PC Merchandise","READY STOCK: RYZEN 5 5600G / RX 6600 builds. Same-day assembly. PM NOW!",,0,"10/09/2023 19:00",,https://www.facebook.com/pcmerchandise.co/posts/pfbid0wz6AzgYpgMRgEdFbKNVDPUwdSbUdjBJwLTJtwqEz8sTi200AICGsQmwz,0,0,Photos,,,,,10/21/2023,,,0,0,0,0,0,0,,,,,
1043029567777011,100064197037125,"PC Merchandise","READY STOCK: RYZEN 5 5600G / RX 6600 builds. Same-day assembly. PM NOW!",,0,"10/09/2023 19:00",,https://www.facebook.com/pcmerchandise.co/posts/pfbid0wz6AzgYpgMRgEdFbKNVDPUwdSbUdjBJwLTJtwqEz8sTi200AICGsQmwz,0,0,Photos,,,,,10/22/2023,,,0,0,0,0,0,0,,,,,
1043029567777011,100064197037125,"PC Merchandise","READY STOCK: RYZEN 5 5600G / RX 6600 builds. Same-day assembly. PM NOW!",,0,"10/09/2023 19:00",,https://www.facebook.com/pcmerchandise.co/posts/pfbid0wz6AzgYpgMRgEdFbKNVDPUwdSbUdjBJwLTJtwqEz8sTi200AICGsQmwz,0,0,Photos,,,,,10/23/2023,,,0,0,0,0,0,0,,,,,
1043029567777011,100064197037125,"PC Merchandise","READY STOCK: RYZEN 5 5600G / RX 6600 builds. Same-day assembly. PM NOW!",,0,"10/09/2023 19:00",,https://www.facebook.com/pcmerchandise.co/posts/pfbid0wz6AzgYpgMRgEdFbKNVDPUwdSbUdjBJwLTJtwqEz8sTi200AICGsQmwz,0,0,Photos,,,,,10/24/2023,,,0,0,0,0,0,0,,,,,
1043029567777011,100064197037125,"PC Merchandise","READY STOCK: RYZEN 5 5600G / RX 6600 builds. Same-day assembly. PM NOW!",,0,"10/09/2023 19:00",,https://www.facebook.com/pcmerchandise.co/posts/pfbid0wz6AzgYpgMRgEdFbKNVDPUwdSbUdjBJwLTJtwqEz8sTi200AICGsQmwz,0,0,Photos,,,,,10/25/2023,,,0,0,0,0,0,0,,,,,
1043029567777011,100064197037125,"PC Merchandise","READY STOCK: RYZEN 5 5600G / RX 6600 builds. Same-day assembly. PM NOW!",,0,"10/09/2023 19:00",,https://www.facebook.com/pcmerchandise.co/posts/pfbid0wz6AzgYpgMRgEdFbKNVDPUwdSbUdjBJwLTJtwqEz8sTi200AICGsQmwz,0,0,Photos,,,,,10/26/2023,,,0,0,0,0,0,0,,,,,
1043029567777011,100064197037125,"PC Merchandise","READY STOCK: RYZEN 5 5600G / RX 6600 builds. Same-day assembly. PM NOW!",,0,"10/09/2023 19:00",,https://www.facebook.com/pcmerchandise.co/posts/pfbid0wz6AzgYpgMRgEdFbKNVDPUwdSbUdjBJwLTJtwqEz8sTi200AICGsQmwz,0,0,Photos,,,,,10/27/2023,,,0,0,0,0,0,0,,,,,
1043029567777011,100064197037125,"PC Merchandise","READY STOCK: RYZEN 5 5600G / RX 6600 builds. Same-day assembly. PM NOW!",,0,"10/09/2023 19:00",,https://www.facebook.com/pcmerchandise.co/posts/pfbid0wz6AzgYpgMRgEdFbKNVDPUwdSbUdjBJwLTJtwqEz8sTi200AICGsQmwz,0,0,Photos,,,,,10/28/2023,,,0,0,0,0,0,0,,,,,
1043029567777011,100064197037125,"PC Merchandise","READY STOCK: RYZEN 5 5600G / RX 6600 builds. Same-day assembly. PM NOW!",,0,"10/09/2023 19:00",,https://www.facebook.com/pcmerchandise.co/posts/pfbid0wz6AzgYpgMRgEdFbKNVDPUwdSbUdjBJwLTJtwqEz8sTi200AICGsQmwz,0,0,Photos,,,,,10/29/2023,,,0,0,0,0,0,0,,,,,
1043029567777011,100064197037125,"PC Merchandise","READY STOCK: RYZEN 5 5600G / RX 6600 builds. Same-day assembly. PM NOW!",,0,"10/09/2023 19:00",,https://www.facebook.com/pcmerchandise.co/posts/pfbid0wz6AzgYpgMRgEdFbKNVDPUwdSbUdjBJwLTJtwqEz8sTi200AICGsQmwz,0,0,Photos,,,,,10/30/2023,,,0,0,0,0,0,0,,,,,
1043029567777011,100064197037125,"PC Merchandise","READY STOCK: RYZEN 5 5600G / RX 6600 builds. Same-day assembly. PM NOW!",,0,"10/09/2023 19:00",,https://www.facebook.com/pcmerchandise.co/posts/pfbid0wz6AzgYpgMRgEdFbKNVDPUwdSbUdjBJwLTJtwqEz8sTi200AICGsQmwz,0,0,Photos,,,,,10/31/2023,,,0,0,0,0,0,0,,,,,
1043260965756522,100064197037125,"PC Merchandise","Pa-mine na yan! RYZEN 5 5600G gaming build, limited slots only this week.",,39,"10/08/2023 19:15",uploaded,https://www.facebook.com/reel/1537202116217412/,0,0,Reels,,,,,10/01/2023,0,,,,,,0,0,0,0,0,0.000,4.079
1043260965756522,100064197037125,"PC Merchandise","Pa-mine na yan! RYZEN 5 5600G gaming build, limited slots only this week.",,39,"10/08/2023 19:15",uploaded,https://www.facebook.com/reel/1537202116217412/,0,0,Reels,,,,,10/02/2023,0,,,,,,0,0,0,0,0,0.000,4.941
1043260965756522,100064197037125,"PC Merchandise","Pa-mine na yan! RYZEN 5 5600G gaming build, limited slots only this week.",,39,"10/08/2023 19:15",uploaded,https://www.facebook.com/reel/1537202116217412/,0,0,Reels,,,,,10/03/2023,0,,,,,,0,0,0,0,0,0.000,4.976
1043260965756522,100064197037125,"PC Merchandise","Pa-mine na yan! RYZEN 5 5600G gaming build, limited slots only this week.",,39,"10/08/2023 19:15",uploaded,https://www.facebook.com/reel/1537202116217412/,0,0,Reels,,,,,10/04/2023,0,,,,,,0,0,0,0,0,0.000,5.079
1043260965756522,100064197037125,"PC Merchandise","Pa-mine na yan! RYZEN 5 5600G gaming build, limited slots only this week.",,39,"10/08/2023 19:15",uploaded,https://www.facebook.com/reel/1537202116217412/,0,0,Reels,,,,,10/05/2023,0,,,,,,0,0,0,0,0,0.000,4.577
1043260965756522,100064197037125,"PC Merchandise","Pa-mine na yan! RYZEN 5 5600G gaming build, limited slots only this week.",,39,"10/08/2023 19:15",uploaded,https://www.facebook.com/reel/1537202116217412/,0,0,Reels,,,,,10/06/2023,0,,,,,,0,0,0,0,0,0.000,5.159
1043260965756522,100064197037125,"PC Merchandise","Pa-mine na yan! RYZEN 5 5600G gaming build, limited slots only this week.",,39,"10/08/2023 19:15",uploaded,https://www.facebook.com/reel/1537202116217412/,0,0,Reels,,,,,10/07/2023,0,,,,,,0,0,0,0,0,0.000,4.777
1043260965756522,100064197037125,"PC Merchandise","Pa-mine na yan! RYZEN 5 5600G gaming build, limited slots only this week.",,39,"10/08/2023 19:15",uploaded,https://www.facebook.com/reel/1537202116217412/,0,0,Reels,,,,,10/08/2023,0,,,,,,154,0,2,2,0,541.733,4.347
1043260965756522,100064197037125,"PC Merchandise","Pa-mine na yan! RYZEN 5 5600G gaming build, limited slots only this week.",,39,"10/08/2023 19:15",uploaded,https://www.facebook.com/reel/1537202116217412/,0,0,Reels,,,,,10/09/2023,0,,,,,,168,0,1,1,0,431.454,5.266
1043260965756522,100064197037125,"PC Merchandise","Pa-mine na yan! RYZEN 5 5600G gaming build, limited slots only this week.",,39,"10/08/2023 19:15",uploaded,https://www.facebook.com/reel/1537202116217412/,0,0,Reels,,,,,10/10/2023,0,,,,,,153,0,3,1,2,270.491,5.421
1043260965756522,100064197037125,"PC Merchandise","Pa-mine na yan! RYZEN 5 5600G gaming build, limited slots only this week.",,39,"10/08/2023 19:15",uploaded,https://www.facebook.com/reel/1537202116217412/,0,0,Reels,,,,,10/11/2023,0,,,,,,147,0,0,0,0,307.369,5.209
1043260965756522,100064197037125,"PC Merchandise","Pa-mine na yan! RYZEN 5 5600G gaming build, limited slots only this week.",,39,"10/08/2023 19:15",uploaded,https://www.facebook.com/reel/1537202116217412/,0,0,Reels,,,,,10/12/2023,0,,,,,,148,0,1,1,0,157.980,5.483
1043260965756522,100064197037125,"PC Merchandise","Pa-mine na yan! RYZEN 5 5600G gaming build, limited slots only this week.",,39,"10/08/2023 19:15",uploaded,https://www.facebook.com/reel/1537202116217412/,0,0,Reels,,,,,10/13/2023,0,,,,,,161,0,0,0,0,223.053,5.437
1043260965756522,100064197037125,"PC Merchandise","Pa-mine na yan! RYZEN 5 5600G gaming build, limited slots only this week.",,39,"10/08/2023 19:15",uploaded,https://www.facebook.com/reel/1537202116217412/,0,0,Reels,,,,,10/14/2023,0,,,,,,166,0,0,0,0,63.971,4.552
1043260965756522,100064197037125,"PC Merchandise","Pa-mine na yan! RYZEN 5 5600G gaming build, limited slots only this week.",,39,"10/08/2023 19:15",uploaded,https://www.facebook.com/reel/1537202116217412/,0,0,Reels,,,,,10/15/2023,0,,,,,,151,0,0,0,0,126.496,5.135
1043260965756522,100064197037125,"PC Merchandise","Pa-mine na yan! RYZEN 5 5600G gaming build, limited slots only this week.",,39,"10/08/2023 19:15",uploaded,https://www.facebook.com/reel/1537202116217412/,0,0,Reels,,,,,10/16/2023,0,,,,,,160,0,0,0,0,45.898,4.812
1043260965756522,100064197037125,"PC Merchandise","Pa-mine na yan! RYZEN 5 5600G gaming build, limited slots only this week.",,39,"10/08/2023 19:15",uploaded,https://www.facebook.com/reel/1537202116217412/,0,0,Reels,,,,,10/17/2023,0,,,,,,0,0,0,0,0,119.240,4.857
1043260965756522,100064197037125,"PC Merchandise","Pa-mine na yan! RYZEN 5 5600G gaming build, limited slots only this week.",,39,"10/08/2023 19:15",uploaded,https://www.facebook.com/reel/1537202116217412/,0,0,Reels,,,,,10/18/2023,0,,,,,,0,0,0,0,0,51.677,4.734
1043260965756522,100064197037125,"PC Merchandise","Pa-mine na yan! RYZEN 5 5600G gaming build, limited slots only this week.",,39,"10/08/2023 19:15",uploaded,https://www.facebook.com/reel/1537202116217412/,0,0,Reels,,,,,10/19/2023,0,,,,,,0,0,0,0,0,28.212,6.047
1043260965756522,100064197037125,"PC Merchandise","Pa-mine na yan! RYZEN 5 5600G gaming build, limited slots only this week.",,39,"10/08/2023 19:15",uploaded,https://www.facebook.com/reel/1537202116217412/,0,0,Reels,,,,,10/20/2023,0,,,,,,0,0,0,0,0,84.294,5.805
1043260965756522,100064197037125,"PC Merchandise","Pa-mine na yan! RYZEN 5 5600G gaming build, limited slots only this week.",,39,"10/08/2023 19:15",uploaded,https://www.facebook.com/reel/1537202116217412/,0,0,Reels,,,,,10/21/2023,0,,,,,,0,0,0,0,0,70.602,4.253
1043260965756522,100064197037125,"PC Merchandise","Pa-mine na yan! RYZEN 5 5600G gaming build, limited slots only this week.",,39,"10/08/2023 19:15",uploaded,https://www.facebook.com/reel/1537202116217412/,0,0,Reels,,,,,10/22/2023,0,,,,,,0,0,0,0,0,36.059,5.361
1043260965756522,100064197037125,"PC Merchandise","Pa-mine na yan! RYZEN 5 5600G gaming build, limited slots only this week.",,39,"10/08/2023 19:15",uploaded,https://www.facebook.com/reel/1537202116217412/,0,0,Reels,,,,,10/23/2023,0,,,,,,0,0,0,0,0,40.707,4.086
1043260965756522,100064197037125,"PC Merchandise","Pa-mine na yan! RYZEN 5 5600G gaming build, limited slots only this week.",,39,"10/08/2023 19:15",uploaded,https://www.facebook.com/reel/1537202116217412/,0,0,Reels,,,,,10/24/2023,0,,,,,,0,0,1,1,0,25.215,5.314
1043260965756522,100064197037125,"PC Merchandise","Pa-mine na yan! RYZEN 5 5600G gaming build, limited slots only this week.",,39,"10/08/2023 19:15",uploaded,https://www.facebook.com/reel/1537202116217412/,0,0,Reels,,,,,10/25/2023,0,,,,,,0,0,0,0,0,47.373,3.282
1043260965756522,100064197037125,"PC Merchandise","Pa-mine na yan! RYZEN 5 5600G gaming build, limited slots only this week.",,39,"10/08/2023 19:15",uploaded,https://www.facebook.com/reel/1537202116217412/,0,0,Reels,,,,,10/26/2023,0,,,,,,0,0,0,0,0,54.805,4.454
1043260965756522,100064197037125,"PC Merchandise","Pa-mine na yan! RYZEN 5 5600G gaming build, limited slots only this week.",,39,"10/08/2023 19:15",uploaded,https://www.facebook.com/reel/1537202116217412/,0,0,Reels,,,,,10/27/2023,0,,,,,,0,0,0,0,0,38.567,4.296
1043260965756522,100064197037125,"PC Merchandise","Pa-mine na yan! RYZEN 5 5600G gaming build, limited slots only this week.",,39,"10/08/2023 19:15",uploaded,https://www.facebook.com/reel/1537202116217412/,0,0,Reels,,,,,10/28/2023,0,,,,,,0,0,0,0,0,46.699,4.860
1043260965756522,100064197037125,"PC Merchandise","Pa-mine na yan! RYZEN 5 5600G gaming build, limited slots only this week.",,39,"10/08/2023 19:15",uploaded,https://www.facebook.com/reel/1537202116217412/,0,0,Reels,,,,,10/29/2023,0,,,,,,0,0,0,0,0,20.936,5.420
1043260965756522,100064197037125,"PC Merchandise","Pa-mine na yan! RYZEN 5 5600G gaming build, limited slots only this week.",,39,"10/08/2023 19:15",uploaded,https://www.facebook.com/reel/1537202116217412/,0,0,Reels,,,,,10/30/2023,0,,,,,,0,0,0,0,0,54.880,4.986
1043260965756522,100064197037125,"PC Merchandise","Pa-mine na yan! RYZEN 5 5600G gaming build, limited slots only this week.",,39,"10/08/2023 19:15",uploaded,https://www.facebook.com/reel/1537202116217412/,0,0,Reels,,,,,10/31/2023,0,,,,,,0,0,0,0,0,43.722,4.524
1043724641403639,100064197037125,"PC Merchandise","One more rig complete. One more client satisfied. Built with RYZEN 5 5600G + RX 6600. PM us for yours!",,67,"10/08/2023 19:00",mixed,https://www.facebook.com/reel/1542565445555427/,0,0,Reels,,,,,10/01/2023,0,,,,,,0,0,0,0,0,0.000,3.086
1043724641403639,100064197037125,"PC Merchandise","One more rig complete. One more client satisfied. Built with RYZEN 5 5600G + RX 6600. PM us for yours!",,67,"10/08/2023 19:00",mixed,https://www.facebook.com/reel/1542565445555427/,0,0,Reels,,,,,10/02/2023,0,,,,,,0,0,0,0,0,0.000,1.500
1043724641403639,100064197037125,"PC Merchandise","One more rig complete. One more client satisfied. Built with RYZEN 5 5600G + RX 6600. PM us for yours!",,67,"10/08/2023 19:00",mixed,https://www.facebook.com/reel/1542565445555427/,0,0,Reels,,,,,10/03/2023,0,,,,,,0,0,0,0,0,0.000,2.533
1043724641403639,100064197037125,"PC Merchandise","One more rig complete. One more client satisfied. Built with RYZEN 5 5600G + RX 6600. PM us for yours!",,67,"10/08/2023 19:00",mixed,https://www.facebook.com/reel/1542565445555427/,0,0,Reels,,,,,10/04/2023,0,,,,,,0,0,0,0,0,0.000,2.414
1043724641403639,100064197037125,"PC Merchandise","One more rig complete. One more client satisfied. Built with RYZEN 5 5600G + RX 6600. PM us for yours!",,67,"10/08/2023 19:00",mixed,https://www.facebook.com/reel/1542565445555427/,0,0,Reels,,,,,10/05/2023,0,,,,,,0,0,0,0,0,0.000,2.224
1043724641403639,100064197037125,"PC Merchandise","One more rig complete. One more client satisfied. Built with RYZEN 5 5600G + RX 6600. PM us for yours!",,67,"10/08/2023 19:00",mixed,https://www.facebook.com/reel/1542565445555427/,0,0,Reels,,,,,10/06/2023,0,,,,,,0,0,0,0,0,0.000,1.500
1043724641403639,100064197037125,"PC Merchandise","One more rig complete. One more client satisfied. Built with RYZEN 5 5600G + RX 6600. PM us for yours!",,67,"10/08/2023 19:00",mixed,https://www.facebook.com/reel/1542565445555427/,0,0,Reels,,,,,10/07/2023,0,,,,,,0,0,0,0,0,0.000,1.865
1043724641403639,100064197037125,"PC Merchandise","One more rig complete. One more client satisfied. Built with RYZEN 5 5600G + RX 6600. PM us for yours!",,67,"10/08/2023 19:00",mixed,https://www.facebook.com/reel/1542565445555427/,0,0,Reels,,,,,10/08/2023,0,,,,,,0,0,0,0,0,55.893,4.040
1043724641403639,100064197037125,"PC Merchandise","One more rig complete. One more client satisfied. Built with RYZEN 5 5600G + RX 6600. PM us for yours!",,67,"10/08/2023 19:00",mixed,https://www.facebook.com/reel/1542565445555427/,0,0,Reels,,,,,10/09/2023,0,,,,,,0,0,0,0,0,44.829,3.445
1043724641403639,100064197037125,"PC Merchandise","One more rig complete. One more client satisfied. Built with RYZEN 5 5600G + RX 6600. PM us for yours!",,67,"10/08/2023 19:00",mixed,https://www.facebook.com/reel/1542565445555427/,0,0,Reels,,,,,10/10/2023,0,,,,,,0,0,0,0,0,31.296,2.606
1043724641403639,100064197037125,"PC Merchandise","One more rig complete. One more client satisfied. Built with RYZEN 5 5600G + RX 6600. PM us for yours!",,67,"10/08/2023 19:00",mixed,https://www.facebook.com/reel/1542565445555427/,0,0,Reels,,,,,10/11/2023,0,,,,,,0,0,0,0,0,26.987,2.018
1043724641403639,100064197037125,"PC Merchandise","One more rig complete. One more client satisfied. Built with RYZEN 5 5600G + RX 6600. PM us for yours!",,67,"10/08/2023 19:00",mixed,https://www.facebook.com/reel/1542565445555427/,0,0,Reels,,,,,10/12/2023,0,,,,,,0,0,0,0,0,14.603,2.767
1043724641403639,100064197037125,"PC Merchandise","One more rig complete. One more client satisfied. Built with RYZEN 5 5600G + RX 6600. PM us for yours!",,67,"10/08/2023 19:00",mixed,https://www.facebook.com/reel/1542565445555427/,0,0,Reels,,,,,10/13/2023,0,,,,,,0,0,0,0,0,25.982,2.993
1043724641403639,100064197037125,"PC Merchandise","One more rig complete. One more client satisfied. Built with RYZEN 5 5600G + RX 6600. PM us for yours!",,67,"10/08/2023 19:00",mixed,https://www.facebook.com/reel/1542565445555427/,0,0,Reels,,,,,10/14/2023,0,,,,,,0,0,0,0,0,12.814,1.500
1043724641403639,100064197037125,"PC Merchandise","One more rig complete. One more client satisfied. Built with RYZEN 5 5600G + RX 6600. PM us for yours!",,67,"10/08/2023 19:00",mixed,https://www.facebook.com/reel/1542565445555427/,0,0,Reels,,,,,10/15/2023,0,,,,,,0,0,0,0,0,8.592,2.529
1043724641403639,100064197037125,"PC Merchandise","One more rig complete. One more client satisfied. Built with RYZEN 5 5600G + RX 6600. PM us for yours!",,67,"10/08/2023 19:00",mixed,https://www.facebook.com/reel/1542565445555427/,0,0,Reels,,,,,10/16/2023,0,,,,,,0,0,0,0,0,8.465,2.424
1043724641403639,100064197037125,"PC Merchandise","One more rig complete. One more client satisfied. Built with RYZEN 5 5600G + RX 6600. PM us for yours!",,67,"10/08/2023 19:00",mixed,https://www.facebook.com/reel/1542565445555427/,0,0,Reels,,,,,10/17/2023,0,,,,,,0,0,0,0,0,7.939,1.865
1043724641403639,100064197037125,"PC Merchandise","One more rig complete. One more client satisfied. Built with RYZEN 5 5600G + RX 6600. PM us for yours!",,67,"10/08/2023 19:00",mixed,https://www.facebook.com/reel/1542565445555427/,0,0,Reels,,,,,10/18/2023,0,,,,,,0,0,0,0,0,6.021,1.500
1043724641403639,100064197037125,"PC Merchandise","One more rig complete. One more client satisfied. Built with RYZEN 5 5600G + RX 6600. PM us for yours!",,67,"10/08/2023 19:00",mixed,https://www.facebook.com/reel/1542565445555427/,0,0,Reels,,,,,10/19/2023,0,,,,,,0,0,0,0,0,9.902,2.476
1043724641403639,100064197037125,"PC Merchandise","One more rig complete. One more client satisfied. Built with RYZEN 5 5600G + RX 6600. PM us for yours!",,67,"10/08/2023 19:00",mixed,https://www.facebook.com/reel/1542565445555427/,0,0,Reels,,,,,10/20/2023,0,,,,,,0,0,0,0,0,7.379,3.203
1043724641403639,100064197037125,"PC Merchandise","One more rig complete. One more client satisfied. Built with RYZEN 5 5600G + RX 6600. PM us for yours!",,67,"10/08/2023 19:00",mixed,https://www.facebook.com/reel/1542565445555427/,0,0,Reels,,,,,10/21/2023,0,,,,,,0,0,0,0,0,9.440,1.566
1043724641403639,100064197037125,"PC Merchandise","One more rig complete. One more client satisfied. Built with RYZEN 5 5600G + RX 6600. PM us for yours!",,67,"10/08/2023 19:00",mixed,https://www.facebook.com/reel/1542565445555427/,0,0,Reels,,,,,10/22/2023,0,,,,,,0,0,0,0,0,4.541,1.500
1043724641403639,100064197037125,"PC Merchandise","One more rig complete. One more client satisfied. Built with RYZEN 5 5600G + RX 6600. PM us for yours!",,67,"10/08/2023 19:00",mixed,https://www.facebook.com/reel/1542565445555427/,0,0,Reels,,,,,10/23/2023,0,,,,,,0,0,0,0,0,3.151,2.131
1043724641403639,100064197037125,"PC Merchandise","One more rig complete. One more client satisfied. Built with RYZEN 5 5600G + RX 6600. PM us for yours!",,67,"10/08/2023 19:00",mixed,https://www.facebook.com/reel/1542565445555427/,0,0,Reels,,,,,10/24/2023,0,,,,,,0,0,0,0,0,2.836,3.021
1043724641403639,100064197037125,"PC Merchandise","One more rig complete. One more client satisfied. Built with RYZEN 5 5600G + RX 6600. PM us for yours!",,67,"10/08/2023 19:00",mixed,https://www.facebook.com/reel/1542565445555427/,0,0,Reels,,,,,10/25/2023,0,,,,,,0,0,0,0,0,3.876,1.764
1043724641403639,100064197037125,"PC Merchandise","One more rig complete. One more client satisfied. Built with RYZEN 5 5600G + RX 6600. PM us for yours!",,67,"10/08/2023 19:00",mixed,https://www.facebook.com/reel/1542565445555427/,0,0,Reels,,,,,10/26/2023,0,,,,,,0,0,0,0,0,4.360,2.840
1043724641403639,100064197037125,"PC Merchandise","One more rig complete. One more client satisfied. Built with RYZEN 5 5600G + RX 6600. PM us for yours!",,67,"10/08/2023 19:00",mixed,https://www.facebook.com/reel/1542565445555427/,0,0,Reels,,,,,10/27/2023,0,,,,,,0,0,0,0,0,4.059,2.952
1043724641403639,100064197037125,"PC Merchandise","One more rig complete. One more client satisfied. Built with RYZEN 5 5600G + RX 6600. PM us for yours!",,67,"10/08/2023 19:00",mixed,https://www.facebook.com/reel/1542565445555427/,0,0,Reels,,,,,10/28/2023,0,,,,,,0,0,0,0,0,3.723,1.761
1043724641403639,100064197037125,"PC Merchandise","One more rig complete. One more client satisfied. Built with RYZEN 5 5600G + RX 6600. PM us for yours!",,67,"10/08/2023 19:00",mixed,https://www.facebook.com/reel/1542565445555427/,0,0,Reels,,,,,10/29/2023,0,,,,,,0,0,0,0,0,4.309,3.947
1043724641403639,100064197037125,"PC Merchandise","One more rig complete. One more client satisfied. Built with RYZEN 5 5600G + RX 6600. PM us for yours!",,67,"10/08/2023 19:00",mixed,https://www.facebook.com/reel/1542565445555427/,0,0,Reels,,,,,10/30/2023,0,,,,,,0,0,0,0,0,4.120,2.625
1043724641403639,100064197037125,"PC Merchandise","One more rig complete. One more client satisfied. Built with RYZEN 5 5600G + RX 6600. PM us for yours!",,67,"10/08/2023 19:00",mixed,https://www.facebook.com/reel/1542565445555427/,0,0,Reels,,,,,10/31/2023,0,,,,,,0,0,0,0,0,3.144,2.389
1043177219769303,100064197037125,"PC Merchandise","Sulit na sulit! i5 12400F package, ready for pickup or shipping nationwide 🚚",,0,"10/08/2023 01:00",,https://www.facebook.com/pcmerchandise.co/posts/pfbid0cLVq0OjpgCfRHCpOymHx1qLoHztlOqhQXvu3ZICetSoZck9lPWRKEHBh,0,0,Photos,,,,,10/31/2023,1,,,,,,,,,,,,
1043177219769303,100064197037125,"PC Merchandise","Sulit na sulit! i5 12400F package, ready for pickup or shipping nationwide 🚚",,0,"10/08/2023 01:00",,https://www.facebook.com/pcmerchandise.co/posts/pfbid0cLVq0OjpgCfRHCpOymHx1qLoHztlOqhQXvu3ZICetSoZck9lPWRKEHBh,0,0,Photos,,,,,10/01/2023,,,0,0,0,0,0,0,,,,,
1043177219769303,100064197037125,"PC Merchandise","Sulit na sulit! i5 12400F package, ready for pickup or shipping nationwide 🚚",,0,"10/08/2023 01:00",,https://www.facebook.com/pcmerchandise.co/posts/pfbid0cLVq0OjpgCfRHCpOymHx1qLoHztlOqhQXvu3ZICetSoZck9lPWRKEHBh,0,0,Photos,,,,,10/02/2023,,,0,0,0,0,0,0,,,,,
1043177219769303,100064197037125,"PC Merchandise","Sulit na sulit! i5 12400F package, ready for pickup or shipping nationwide 🚚",,0,"10/08/2023 01:00",,https://www.facebook.com/pcmerchandise.co/posts/pfbid0cLVq0OjpgCfRHCpOymHx1qLoHztlOqhQXvu3ZICetSoZck9lPWRKEHBh,0,0,Photos,,,,,10/03/2023,,,0,0,0,0,0,0,,,,,
1043177219769303,100064197037125,"PC Merchandise","Sulit na sulit! i5 12400F package, ready for pickup or shipping nationwide 🚚",,0,"10/08/2023 01:00",,https://www.facebook.com/pcmerchandise.co/posts/pfbid0cLVq0OjpgCfRHCpOymHx1qLoHztlOqhQXvu3ZICetSoZck9lPWRKEHBh,0,0,Photos,,,,,10/04/2023,,,0,0,0,0,0,0,,,,,
1043177219769303,100064197037125,"PC Merchandise","Sulit na sulit! i5 12400F package, ready for pickup or shipping nationwide 🚚",,0,"10/08/2023 01:00",,https://www.facebook.com/pcmerchandise.co/posts/pfbid0cLVq0OjpgCfRHCpOymHx1qLoHztlOqhQXvu3ZICetSoZck9lPWRKEHBh,0,0,Photos,,,,,10/05/2023,,,0,0,0,0,0,0,,,,,
1043177219769303,100064197037125,"PC Merchandise","Sulit na sulit! i5 12400F package, ready for pickup or shipping nationwide 🚚",,0,"10/08/2023 01:00",,https://www.facebook.com/pcmerchandise.co/posts/pfbid0cLVq0OjpgCfRHCpOymHx1qLoHztlOqhQXvu3ZICetSoZck9lPWRKEHBh,0,0,Photos,,,,,10/06/2023,,,0,0,0,0,0,0,,,,,
1043177219769303,100064197037125,"PC Merchandise","Sulit na sulit! i5 12400F package, ready for pickup or shipping nationwide 🚚",,0,"10/08/2023 01:00",,https://www.facebook.com/pcmerchandise.co/posts/pfbid0cLVq0OjpgCfRHCpOymHx1qLoHztlOqhQXvu3ZICetSoZck9lPWRKEHBh,0,0,Photos,,,,,10/07/2023,,,0,0,0,0,0,0,,,,,
1043177219769303,100064197037125,"PC Merchandise","Sulit na sulit! i5 12400F package, ready for pickup or shipping nationwide 🚚",,0,"10/08/2023 01:00",,https://www.facebook.com/pcmerchandise.co/posts/pfbid0cLVq0OjpgCfRHCpOymHx1qLoHztlOqhQXvu3ZICetSoZck9lPWRKEHBh,0,0,Photos,,,,,10/08/2023,,,0,0,0,0,0,0,,,,,
1043177219769303,100064197037125,"PC Merchandise","Sulit na sulit! i5 12400F package, ready for pickup or shipping nationwide 🚚",,0,"10/08/2023 01:00",,https://www.facebook.com/pcmerchandise.co/posts/pfbid0cLVq0OjpgCfRHCpOymHx1qLoHztlOqhQXvu3ZICetSoZck9lPWRKEHBh,0,0,Photos,,,,,10/09/2023,,,0,0,0,0,0,0,,,,,
1043177219769303,100064197037125,"PC Merchandise","Sulit na sulit! i5 12400F package, ready for pickup or shipping nationwide 🚚",,0,"10/08/2023 01:00",,https://www.facebook.com/pcmerchandise.co/posts/pfbid0cLVq0OjpgCfRHCpOymHx1qLoHztlOqhQXvu3ZICetSoZck9lPWRKEHBh,0,0,Photos,,,,,10/10/2023,,,0,0,0,0,0,0,,,,,
1043177219769303,100064197037125,"PC Merchandise","Sulit na sulit! i5 12400F package, ready for pickup or shipping nationwide 🚚",,0,"10/08/2023 01:00",,https://www.facebook.com/pcmerchandise.co/posts/pfbid0cLVq0OjpgCfRHCpOymHx1qLoHztlOqhQXvu3ZICetSoZck9lPWRKEHBh,0,0,Photos,,,,,10/11/2023,,,0,0,0,0,0,0,,,,,
1043177219769303,100064197037125,"PC Merchandise","Sulit na sulit! i5 12400F package, ready for pickup or shipping nationwide 🚚",,0,"10/08/2023 01:00",,https://www.facebook.com/pcmerchandise.co/posts/pfbid0cLVq0OjpgCfRHCpOymHx1qLoHztlOqhQXvu3ZICetSoZck9lPWRKEHBh,0,0,Photos,,,,,10/12/2023,,,0,0,0,0,0,0,,,,,
1043177219769303,100064197037125,"PC Merchandise","Sulit na sulit! i5 12400F package, ready for pickup or shipping nationwide 🚚",,0,"10/08/2023 01:00",,https://www.facebook.com/pcmerchandise.co/posts/pfbid0cLVq0OjpgCfRHCpOymHx1qLoHztlOqhQXvu3ZICetSoZck9lPWRKEHBh,0,0,Photos,,,,,10/13/2023,,,0,0,0,0,0,0,,,,,
1043177219769303,100064197037125,"PC Merchandise","Sulit na sulit! i5 12400F package, ready for pickup or shipping nationwide 🚚",,0,"10/08/2023 01:00",,https://www.facebook.com/pcmerchandise.co/posts/pfbid0cLVq0OjpgCfRHCpOymHx1qLoHztlOqhQXvu3ZICetSoZck9lPWRKEHBh,0,0,Photos,,,,,10/14/2023,,,0,0,0,0,0,0,,,,,
1043177219769303,100064197037125,"PC Merchandise","Sulit na sulit! i5 12400F package, ready for pickup or shipping nationwide 🚚",,0,"10/08/2023 01:00",,https://www.facebook.com/pcmerchandise.co/posts/pfbid0cLVq0OjpgCfRHCpOymHx1qLoHztlOqhQXvu3ZICetSoZck9lPWRKEHBh,0,0,Photos,,,,,10/15/2023,,,0,0,0,0,0,0,,,,,
1043177219769303,100064197037125,"PC Merchandise","Sulit na sulit! i5 12400F package, ready for pickup or shipping nationwide 🚚",,0,"10/08/2023 01:00",,https://www.facebook.com/pcmerchandise.co/posts/pfbid0cLVq0OjpgCfRHCpOymHx1qLoHztlOqhQXvu3ZICetSoZck9lPWRKEHBh,0,0,Photos,,,,,10/16/2023,,,0,0,0,0,0,0,,,,,
1043177219769303,100064197037125,"PC Merchandise","Sulit na sulit! i5 12400F package, ready for pickup or shipping nationwide 🚚",,0,"10/08/2023 01:00",,https://www.facebook.com/pcmerchandise.co/posts/pfbid0cLVq0OjpgCfRHCpOymHx1qLoHztlOqhQXvu3ZICetSoZck9lPWRKEHBh,0,0,Photos,,,,,10/17/2023,,,0,0,0,0,0,0,,,,,
1043177219769303,100064197037125,"PC Merchandise","Sulit na sulit! i5 12400F package, ready for pickup or shipping nationwide 🚚",,0,"10/08/2023 01:00",,https://www.facebook.com/pcmerchandise.co/posts/pfbid0cLVq0OjpgCfRHCpOymHx1qLoHztlOqhQXvu3ZICetSoZck9lPWRKEHBh,0,0,Photos,,,,,10/18/2023,,,0,0,0,0,0,0,,,,,
1043177219769303,100064197037125,"PC Merchandise","Sulit na sulit! i5 12400F package, ready for pickup or shipping nationwide 🚚",,0,"10/08/2023 01:00",,https://www.facebook.com/pcmerchandise.co/posts/pfbid0cLVq0OjpgCfRHCpOymHx1qLoHztlOqhQXvu3ZICetSoZck9lPWRKEHBh,0,0,Photos,,,,,10/19/2023,,,0,0,0,0,0,0,,,,,
1043177219769303,100064197037125,"PC Merchandise","Sulit na sulit! i5 12400F package, ready for pickup or shipping nationwide 🚚",,0,"10/08/2023 01:00",,https://www.facebook.com/pcmerchandise.co/posts/pfbid0cLVq0OjpgCfRHCpOymHx1qLoHztlOqhQXvu3ZICetSoZck9lPWRKEHBh,0,0,Photos,,,,,10/20/2023,,,0,0,0,0,0,0,,,,,
1043177219769303,100064197037125,"PC Merchandise","Sulit na sulit! i5 12400F package, ready for pickup or shipping nationwide 🚚",,0,"10/08/2023 01:00",,https://www.facebook.com/pcmerchandise.co/posts/pfbid0cLVq0OjpgCfRHCpOymHx1qLoHztlOqhQXvu3ZICetSoZck9lPWRKEHBh,0,0,Photos,,,,,10/21/2023,,,0,0,0,0,0,0,,,,,
1043177219769303,100064197037125,"PC Merchandise","Sulit na sulit! i5 12400F package, ready for pickup or shipping nationwide 🚚",,0,"10/08/2023 01:00",,https://www.facebook.com/pcmerchandise.co/posts/pfbid0cLVq0OjpgCfRHCpOymHx1qLoHztlOqhQXvu3ZICetSoZck9lPWRKEHBh,0,0,Photos,,,,,10/22/2023,,,0,0,0,0,0,0,,,,,
1043177219769303,100064197037125,"PC Merchandise","Sulit na sulit! i5 12400F package, ready for pickup or shipping nationwide 🚚",,0,"10/08/2023 01:00",,https://www.facebook.com/pcmerchandise.co/posts/pfbid0cLVq0OjpgCfRHCpOymHx1qLoHztlOqhQXvu3ZICetSoZck9lPWRKEHBh,0,0,Photos,,,,,10/23/2023,,,0,0,0,0,0,0,,,,,
1043177219769303,100064197037125,"PC Merchandise","Sulit na sulit! i5 12400F package, ready for pickup or shipping nationwide 🚚",,0,"10/08/2023 01:00",,https://www.facebook.com/pcmerchandise.co/posts/pfbid0cLVq0OjpgCfRHCpOymHx1qLoHztlOqhQXvu3ZICetSoZck9lPWRKEHBh,0,0,Photos,,,,,10/24/2023,,,0,0,0,0,0,0,,,,,
1043177219769303,100064197037125,"PC Merchandise","Sulit na sulit! i5 12400F package, ready for pickup or shipping nationwide 🚚",,0,"10/08/2023 01:00",,https://www.facebook.com/pcmerchandise.co/posts/pfbid0cLVq0OjpgCfRHCpOymHx1qLoHztlOqhQXvu3ZICetSoZck9lPWRKEHBh,0,0,Photos,,,,,10/25/2023,,,0,0,0,0,0,0,,,,,
1043177219769303,100064197037125,"PC Merchandise","Sulit na sulit! i5 12400F package, ready for pickup or shipping nationwide 🚚",,0,"10/08/2023 01:00",,https://www.facebook.com/pcmerchandise.co/posts/pfbid0cLVq0OjpgCfRHCpOymHx1qLoHztlOqhQXvu3ZICetSoZck9lPWRKEHBh,0,0,Photos,,,,,10/26/2023,,,0,0,0,0,0,0,,,,,
1043177219769303,100064197037125,"PC Merchandise","Sulit na sulit! i5 12400F package, ready for pickup or shipping nationwide 🚚",,0,"10/08/2023 01:00",,https://www.facebook.com/pcmerchandise.co/posts/pfbid0cLVq0OjpgCfRHCpOymHx1qLoHztlOqhQXvu3ZICetSoZck9lPWRKEHBh,0,0,Photos,,,,,10/27/2023,,,0,0,0,0,0,0,,,,,
1043177219769303,100064197037125,"PC Merchandise","Sulit na sulit! i5 12400F package, ready for pickup or shipping nationwide 🚚",,0,"10/08/2023 01:00",,https://www.facebook.com/pcmerchandise.co/posts/pfbid0cLVq0OjpgCfRHCpOymHx1qLoHztlOqhQXvu3ZICetSoZck9lPWRKEHBh,0,0,Photos,,,,,10/28/2023,,,0,0,0,0,0,0,,,,,
1043177219769303,100064197037125,"PC Merchandise","Sulit na sulit! i5 12400F package, ready for pickup or shipping nationwide 🚚",,0,"10/08/2023 01:00",,https://www.facebook.com/pcmerchandise.co/posts/pfbid0cLVq0OjpgCfRHCpOymHx1qLoHztlOqhQXvu3ZICetSoZck9lPWRKEHBh,0,0,Photos,,,,,10/29/2023,,,0,0,0,0,0,0,,,,,
1043177219769303,100064197037125,"PC Merchandise","Sulit na sulit! i5 12400F package, ready for pickup or shipping nationwide 🚚",,0,"10/08/2023 01:00",,https://www.facebook.com/pcmerchandise.co/posts/pfbid0cLVq0OjpgCfRHCpOymHx1qLoHztlOqhQXvu3ZICetSoZck9lPWRKEHBh,0,0,Photos,,,,,10/30/2023,,,0,0,0,0,0,0,,,,,
1043177219769303,100064197037125,"PC Merchandise","Sulit na sulit! i5 12400F package, ready for pickup or shipping nationwide 🚚",,0,"10/08/2023 01:00",,https://www.facebook.com/pcmerchandise.co/posts/pfbid0cLVq0OjpgCfRHCpOymHx1qLoHztlOqhQXvu3ZICetSoZck9lPWRKEHBh,0,0,Photos,,,,,10/31/2023,,,0,0,0,0,0,0,,,,,
1043711254422336,100064197037125,"PC Merchandise","BUDGET BUILD ALERT 🚨 i5 12400F + RX 6600 — perfect for online class and gaming!",,384,"10/07/2023 19:00",mixed,https://www.facebook.com/pcmerchandise.co/videos/2293259650520199/,0,0,Videos,,,,,10/01/2023,0,,0,0,0,0,0,0,0,0,0,0.000,5.082
1043711254422336,100064197037125,"PC Merchandise","BUDGET BUILD ALERT 🚨 i5 12400F + RX 6600 — perfect for online class and gaming!",,384,"10/07/2023 19:00",mixed,https://www.facebook.com/pcmerchandise.co/videos/2293259650520199/,0,0,Videos,,,,,10/02/2023,0,,0,0,0,0,0,0,0,0,0,0.000,4.863
1043711254422336,100064197037125,"PC Merchandise","BUDGET BUILD ALERT 🚨 i5 12400F + RX 6600 — perfect for online class and gaming!",,384,"10/07/2023 19:00",mixed,https://www.facebook.com/pcmerchandise.co/videos/2293259650520199/,0,0,Videos,,,,,10/03/2023,0,,0,0,0,0,0,0,0,0,0,0.000,3.250
1043711254422336,100064197037125,"PC Merchandise","BUDGET BUILD ALERT 🚨 i5 12400F + RX 6600 — perfect for online class and gaming!",,384,"10/07/2023 19:00",mixed,https://www.facebook.com/pcmerchandise.co/videos/2293259650520199/,0,0,Videos,,,,,10/04/2023,0,,0,0,0,0,0,0,0,0,0,0.000,3.609
1043711254422336,100064197037125,"PC Merchandise","BUDGET BUILD ALERT 🚨 i5 12400F + RX 6600 — perfect for online class and gaming!",,384,"10/07/2023 19:00",mixed,https://www.facebook.com/pcmerchandise.co/videos/2293259650520199/,0,0,Videos,,,,,10/05/2023,0,,0,0,0,0,0,0,0,0,0,0.000,3.975
1043711254422336,100064197037125,"PC Merchandise","BUDGET BUILD ALERT 🚨 i5 12400F + RX 6600 — perfect for online class and gaming!",,384,"10/07/2023 19:00",mixed,https://www.facebook.com/pcmerchandise.co/videos/2293259650520199/,0,0,Videos,,,,,10/06/2023,0,,0,0,0,0,0,0,0,0,0,0.000,4.785
1043711254422336,100064197037125,"PC Merchandise","BUDGET BUILD ALERT 🚨 i5 12400F + RX 6600 — perfect for online class and gaming!",,384,"10/07/2023 19:00",mixed,https://www.facebook.com/pcmerchandise.co/videos/2293259650520199/,0,0,Videos,,,,,10/07/2023,0,,31,4,27,3,0,0,1,1,0,154.260,2.899
1043711254422336,100064197037125,"PC Merchandise","BUDGET BUILD ALERT 🚨 i5 12400F + RX 6600 — perfect for online class and gaming!",,384,"10/07/2023 19:00",mixed,https://www.facebook.com/pcmerchandise.co/videos/2293259650520199/,0,0,Videos,,,,,10/08/2023,0,,23,1,17,0,0,0,2,1,1,76.516,3.656
1043711254422336,100064197037125,"PC Merchandise","BUDGET BUILD ALERT 🚨 i5 12400F + RX 6600 — perfect for online class and gaming!",,384,"10/07/2023 19:00",mixed,https://www.facebook.com/pcmerchandise.co/videos/2293259650520199/,0,0,Videos,,,,,10/09/2023,0,,16,1,15,0,0,0,1,0,1,71.304,4.991
1043711254422336,100064197037125,"PC Merchandise","BUDGET BUILD ALERT 🚨 i5 12400F + RX 6600 — perfect for online class and gaming!",,384,"10/07/2023 19:00",mixed,https://www.facebook.com/pcmerchandise.co/videos/2293259650520199/,0,0,Videos,,,,,10/10/2023,0,,20,2,18,1,0,0,3,2,1,71.335,5.334
1043711254422336,100064197037125,"PC Merchandise","BUDGET BUILD ALERT 🚨 i5 12400F + RX 6600 — perfect for online class and gaming!",,384,"10/07/2023 19:00",mixed,https://www.facebook.com/pcmerchandise.co/videos/2293259650520199/,0,0,Videos,,,,,10/11/2023,0,,13,1,11,0,0,0,1,1,0,42.012,5.010
1043711254422336,100064197037125,"PC Merchandise","BUDGET BUILD ALERT 🚨 i5 12400F + RX 6600 — perfect for online class and gaming!",,384,"10/07/2023 19:00",mixed,https://www.facebook.com/pcmerchandise.co/videos/2293259650520199/,0,0,Videos,,,,,10/12/2023,0,,7,0,5,0,0,0,0,0,0,22.659,4.596
1043711254422336,100064197037125,"PC Merchandise","BUDGET BUILD ALERT 🚨 i5 12400F + RX 6600 — perfect for online class and gaming!",,384,"10/07/2023 19:00",mixed,https://www.facebook.com/pcmerchandise.co/videos/2293259650520199/,0,0,Videos,,,,,10/13/2023,0,,8,0,6,0,0,0,1,1,0,26.741,2.567
1043711254422336,100064197037125,"PC Merchandise","BUDGET BUILD ALERT 🚨 i5 12400F + RX 6600 — perfect for online class and gaming!",,384,"10/07/2023 19:00",mixed,https://www.facebook.com/pcmerchandise.co/videos/2293259650520199/,0,0,Videos,,,,,10/14/2023,0,,6,0,5,0,0,0,0,0,0,12.448,4.207
1043711254422336,100064197037125,"PC Merchandise","BUDGET BUILD ALERT 🚨 i5 12400F + RX 6600 — perfect for online class and gaming!",,384,"10/07/2023 19:00",mixed,https://www.facebook.com/pcmerchandise.co/videos/2293259650520199/,0,0,Videos,,,,,10/15/2023,0,,7,0,6,0,0,0,0,0,0,34.047,3.857
1043711254422336,100064197037125,"PC Merchandise","BUDGET BUILD ALERT 🚨 i5 12400F + RX 6600 — perfect for online class and gaming!",,384,"10/07/2023 19:00",mixed,https://www.facebook.com/pcmerchandise.co/videos/2293259650520199/,0,0,Videos,,,,,10/16/2023,0,,3,0,2,0,0,0,0,0,0,11.615,5.129
1043711254422336,100064197037125,"PC Merchandise","BUDGET BUILD ALERT 🚨 i5 12400F + RX 6600 — perfect for online class and gaming!",,384,"10/07/2023 19:00",mixed,https://www.facebook.com/pcmerchandise.co/videos/2293259650520199/,0,0,Videos,,,,,10/17/2023,0,,2,0,1,0,0,0,0,0,0,18.928,4.497
1043711254422336,100064197037125,"PC Merchandise","BUDGET BUILD ALERT 🚨 i5 12400F + RX 6600 — perfect for online class and gaming!",,384,"10/07/2023 19:00",mixed,https://www.facebook.com/pcmerchandise.co/videos/2293259650520199/,0,0,Videos,,,,,10/18/2023,0,,5,0,4,0,0,0,1,1,0,6.767,3.825
1043711254422336,100064197037125,"PC Merchandise","BUDGET BUILD ALERT 🚨 i5 12400F + RX 6600 — perfect for online class and gaming!",,384,"10/07/2023 19:00",mixed,https://www.facebook.com/pcmerchandise.co/videos/2293259650520199/,0,0,Videos,,,,,10/19/2023,0,,1,0,0,0,0,0,0,0,0,7.242,4.554
1043711254422336,100064197037125,"PC Merchandise","BUDGET BUILD ALERT 🚨 i5 12400F + RX 6600 — perfect for online class and gaming!",,384,"10/07/2023 19:00",mixed,https://www.facebook.com/pcmerchandise.co/videos/2293259650520199/,0,0,Videos,,,,,10/20/2023,0,,2,0,1,0,0,0,0,0,0,19.396,3.871
1043711254422336,100064197037125,"PC Merchandise","BUDGET BUILD ALERT 🚨 i5 12400F + RX 6600 — perfect for online class and gaming!",,384,"10/07/2023 19:00",mixed,https://www.facebook.com/pcmerchandise.co/videos/2293259650520199/,0,0,Videos,,,,,10/21/2023,0,,0,0,0,0,0,0,0,0,0,9.507,3.390
1043711254422336,100064197037125,"PC Merchandise","BUDGET BUILD ALERT 🚨 i5 12400F + RX 6600 — perfect for online class and gaming!",,384,"10/07/2023 19:00",mixed,https://www.facebook.com/pcmerchandise.co/videos/2293259650520199/,0,0,Videos,,,,,10/22/2023,0,,0,0,0,0,0,0,1,1,0,6.661,5.603
1043711254422336,100064197037125,"PC Merchandise","BUDGET BUILD ALERT 🚨 i5 12400F + RX 6600 — perfect for online class and gaming!",,384,"10/07/2023 19:00",mixed,https://www.facebook.com/pcmerchandise.co/videos/2293259650520199/,0,0,Videos,,,,,10/23/2023,0,,3,0,2,0,0,0,0,0,0,10.005,4.563
1043711254422336,100064197037125,"PC Merchandise","BUDGET BUILD ALERT 🚨 i5 12400F + RX 6600 — perfect for online class and gaming!",,384,"10/07/2023 19:00",mixed,https://www.facebook.com/pcmerchandise.co/videos/2293259650520199/,0,0,Videos,,,,,10/24/2023,0,,0,0,0,0,0,0,1,0,1,5.274,4.494
1043711254422336,100064197037125,"PC Merchandise","BUDGET BUILD ALERT 🚨 i5 12400F + RX 6600 — perfect for online class and gaming!",,384,"10/07/2023 19:00",mixed,https://www.facebook.com/pcmerchandise.co/videos/2293259650520199/,0,0,Videos,,,,,10/25/2023,0,,1,0,0,0,0,0,0,0,0,3.911,4.999
1043711254422336,100064197037125,"PC Merchandise","BUDGET BUILD ALERT 🚨 i5 12400F + RX 6600 — perfect for online class and gaming!",,384,"10/07/2023 19:00",mixed,https://www.facebook.com/pcmerchandise.co/videos/2293259650520199/,0,0,Videos,,,,,10/26/2023,0,,1,0,0,0,0,0,0,0,0,16.902,4.717
1043711254422336,100064197037125,"PC Merchandise","BUDGET BUILD ALERT 🚨 i5 12400F + RX 6600 — perfect for online class and gaming!",,384,"10/07/2023 19:00",mixed,https://www.facebook.com/pcmerchandise.co/videos/2293259650520199/,0,0,Videos,,,,,10/27/2023,0,,2,0,1,0,0,0,0,0,0,8.134,3.160
1043711254422336,100064197037125,"PC Merchandise","BUDGET BUILD ALERT 🚨 i5 12400F + RX 6600 — perfect for online class and gaming!",,384,"10/07/2023 19:00",mixed,https://www.facebook.com/pcmerchandise.co/videos/2293259650520199/,0,0,Videos,,,,,10/28/2023,0,,0,0,0,0,0,0,0,0,0,4.864,4.009
1043711254422336,100064197037125,"PC Merchandise","BUDGET BUILD ALERT 🚨 i5 12400F + RX 6600 — perfect for online class and gaming!",,384,"10/07/2023 19:00",mixed,https://www.facebook.com/pcmerchandise.co/videos/2293259650520199/,0,0,Videos,,,,,10/29/2023,0,,3,0,2,0,0,0,0,0,0,7.048,3.535
1043711254422336,100064197037125,"PC Merchandise","BUDGET BUILD ALERT 🚨 i5 12400F + RX 6600 — perfect for online class and gaming!",,384,"10/07/2023 19:00",mixed,https://www.facebook.com/pcmerchandise.co/videos/2293259650520199/,0,0,Videos,,,,,10/30/2023,0,,1,0,0,0,0,0,0,0,0,5.122,4.732
1043711254422336,100064197037125,"PC Merchandise","BUDGET BUILD ALERT 🚨 i5 12400F + RX 6600 — perfect for online class and gaming!",,384,"10/07/2023 19:00",mixed,https://www.facebook.com/pcmerchandise.co/videos/2293259650520199/,0,0,Videos,,,,,10/31/2023,0,,1,0,0,0,0,0,0,0,0,4.467,3.666
1043706723887943,100064197037125,"PC Merchandise","Salamat sa tiwala boss PAU! RYZEN 5 5600G comshop package — 6 units delivered ✅",,68,"10/05/2023 19:00",,https://www.facebook.com/reel/1207313067252854/,0,0,Reels,,,,,10/01/2023,0,,,,,,0,0,0,0,0,0.000,7.375
1043706723887943,100064197037125,"PC Merchandise","Salamat sa tiwala boss PAU! RYZEN 5 5600G comshop package — 6 units delivered ✅",,68,"10/05/2023 19:00",,https://www.facebook.com/reel/1207313067252854/,0,0,Reels,,,,,10/02/2023,0,,,,,,0,0,0,0,0,0.000,6.988
1043706723887943,100064197037125,"PC Merchandise","Salamat sa tiwala boss PAU! RYZEN 5 5600G comshop package — 6 units delivered ✅",,68,"10/05/2023 19:00",,https://www.facebook.com/reel/1207313067252854/,0,0,Reels,,,,,10/03/2023,0,,,,,,0,0,0,0,0,0.000,7.252
1043706723887943,100064197037125,"PC Merchandise","Salamat sa tiwala boss PAU! RYZEN 5 5600G comshop package — 6 units delivered ✅",,68,"10/05/2023 19:00",,https://www.facebook.com/reel/1207313067252854/,0,0,Reels,,,,,10/04/2023,0,,,,,,0,0,0,0,0,0.000,6.612
1043706723887943,100064197037125,"PC Merchandise","Salamat sa tiwala boss PAU! RYZEN 5 5600G comshop package — 6 units delivered ✅",,68,"10/05/2023 19:00",,https://www.facebook.com/reel/1207313067252854/,0,0,Reels,,,,,10/05/2023,0,,,,,,0,0,0,0,0,34.371,7.666
1043706723887943,100064197037125,"PC Merchandise","Salamat sa tiwala boss PAU! RYZEN 5 5600G comshop package — 6 units delivered ✅",,68,"10/05/2023 19:00",,https://www.facebook.com/reel/1207313067252854/,0,0,Reels,,,,,10/06/2023,0,,,,,,0,0,0,0,0,30.853,6.768
1043706723887943,100064197037125,"PC Merchandise","Salamat sa tiwala boss PAU! RYZEN 5 5600G comshop package — 6 units delivered ✅",,68,"10/05/2023 19:00",,https://www.facebook.com/reel/1207313067252854/,0,0,Reels,,,,,10/07/2023,0,,,,,,0,0,0,0,0,23.525,6.907
1043706723887943,100064197037125,"PC Merchandise","Salamat sa tiwala boss PAU! RYZEN 5 5600G comshop package — 6 units delivered ✅",,68,"10/05/2023 19:00",,https://www.facebook.com/reel/1207313067252854/,0,0,Reels,,,,,10/08/2023,0,,,,,,0,0,0,0,0,14.649,8.004
1043706723887943,100064197037125,"PC Merchandise","Salamat sa tiwala boss PAU! RYZEN 5 5600G comshop package — 6 units delivered ✅",,68,"10/05/2023 19:00",,https://www.facebook.com/reel/1207313067252854/,0,0,Reels,,,,,10/09/2023,0,,,,,,0,0,0,0,0,6.574,7.588
1043706723887943,100064197037125,"PC Merchandise","Salamat sa tiwala boss PAU! RYZEN 5 5600G comshop package — 6 units delivered ✅",,68,"10/05/2023 19:00",,https://www.facebook.com/reel/1207313067252854/,0,0,Reels,,,,,10/10/2023,0,,,,,,0,0,0,0,0,4.728,7.134
1043706723887943,100064197037125,"PC Merchandise","Salamat sa tiwala boss PAU! RYZEN 5 5600G comshop package — 6 units delivered ✅",,68,"10/05/2023 19:00",,https://www.facebook.com/reel/1207313067252854/,0,0,Reels,,,,,10/11/2023,0,,,,,,0,0,0,0,0,4.852,6.301
1043706723887943,100064197037125,"PC Merchandise","Salamat sa tiwala boss PAU! RYZEN 5 5600G comshop package — 6 units delivered ✅",,68,"10/05/2023 19:00",,https://www.facebook.com/reel/1207313067252854/,0,0,Reels,,,,,10/12/2023,0,,,,,,0,0,0,0,0,3.310,7.264
1043706723887943,100064197037125,"PC Merchandise","Salamat sa tiwala boss PAU! RYZEN 5 5600G comshop package — 6 units delivered ✅",,68,"10/05/2023 19:00",,https://www.facebook.com/reel/1207313067252854/,0,0,Reels,,,,,10/13/2023,0,,,,,,0,0,0,0,0,7.838,7.024
1043706723887943,100064197037125,"PC Merchandise","Salamat sa tiwala boss PAU! RYZEN 5 5600G comshop package — 6 units delivered ✅",,68,"10/05/2023 19:00",,https://www.facebook.com/reel/1207313067252854/,0,0,Reels,,,,,10/14/2023,0,,,,,,0,0,0,0,0,2.777,7.022
1043706723887943,100064197037125,"PC Merchandise","Salamat sa tiwala boss PAU! RYZEN 5 5600G comshop package — 6 units delivered ✅",,68,"10/05/2023 19:00",,https://www.facebook.com/reel/1207313067252854/,0,0,Reels,,,,,10/15/2023,0,,,,,,0,0,0,0,0,3.093,8.048
1043706723887943,100064197037125,"PC Merchandise","Salamat sa tiwala boss PAU! RYZEN 5 5600G comshop package — 6 units delivered ✅",,68,"10/05/2023 19:00",,https://www.facebook.com/reel/1207313067252854/,0,0,Reels,,,,,10/16/2023,0,,,,,,0,0,0,0,0,2.222,6.595
1043706723887943,100064197037125,"PC Merchandise","Salamat sa tiwala boss PAU! RYZEN 5 5600G comshop package — 6 units delivered ✅",,68,"10/05/2023 19:00",,https://www.facebook.com/reel/1207313067252854/,0,0,Reels,,,,,10/17/2023,0,,,,,,0,0,0,0,0,2.911,8.411
1043706723887943,100064197037125,"PC Merchandise","Salamat sa tiwala boss PAU! RYZEN 5 5600G comshop package — 6 units delivered ✅",,68,"10/05/2023 19:00",,https://www.facebook.com/reel/1207313067252854/,0,0,Reels,,,,,10/18/2023,0,,,,,,0,0,0,0,0,1.895,6.446
1043706723887943,100064197037125,"PC Merchandise","Salamat sa tiwala boss PAU! RYZEN 5 5600G comshop package — 6 units delivered ✅",,68,"10/05/2023 19:00",,https://www.facebook.com/reel/1207313067252854/,0,0,Reels,,,,,10/19/2023,0,,,,,,0,0,0,0,0,6.133,6.519
1043706723887943,100064197037125,"PC Merchandise","Salamat sa tiwala boss PAU! RYZEN 5 5600G comshop package — 6 units delivered ✅",,68,"10/05/2023 19:00",,https://www.facebook.com/reel/1207313067252854/,0,0,Reels,,,,,10/20/2023,0,,,,,,0,0,0,0,0,1.852,5.538
1043706723887943,100064197037125,"PC Merchandise","Salamat sa tiwala boss PAU! RYZEN 5 5600G comshop package — 6 units delivered ✅",,68,"10/05/2023 19:00",,https://www.facebook.com/reel/1207313067252854/,0,0,Reels,,,,,10/21/2023,0,,,,,,0,0,0,0,0,2.656,6.921
1043706723887943,100064197037125,"PC Merchandise","Salamat sa tiwala boss PAU! RYZEN 5 5600G comshop package — 6 units delivered ✅",,68,"10/05/2023 19:00",,https://www.facebook.com/reel/1207313067252854/,0,0,Reels,,,,,10/22/2023,0,,,,,,0,0,0,0,0,2.420,7.430
1043706723887943,100064197037125,"PC Merchandise","Salamat sa tiwala boss PAU! RYZEN 5 5600G comshop package — 6 units delivered ✅",,68,"10/05/2023 19:00",,https://www.facebook.com/reel/1207313067252854/,0,0,Reels,,,,,10/23/2023,0,,,,,,0,0,0,0,0,2.713,7.148
1043706723887943,100064197037125,"PC Merchandise","Salamat sa tiwala boss PAU! RYZEN 5 5600G comshop package — 6 units delivered ✅",,68,"10/05/2023 19:00",,https://www.facebook.com/reel/1207313067252854/,0,0,Reels,,,,,10/24/2023,0,,,,,,0,0,0,0,0,1.787,7.383
1043706723887943,100064197037125,"PC Merchandise","Salamat sa tiwala boss PAU! RYZEN 5 5600G comshop package — 6 units delivered ✅",,68,"10/05/2023 19:00",,https://www.facebook.com/reel/1207313067252854/,0,0,Reels,,,,,10/25/2023,0,,,,,,0,0,0,0,0,2.450,6.935
1043706723887943,100064197037125,"PC Merchandise","Salamat sa tiwala boss PAU! RYZEN 5 5600G comshop package — 6 units delivered ✅",,68,"10/05/2023 19:00",,https://www.facebook.com/reel/1207313067252854/,0,0,Reels,,,,,10/26/2023,0,,,,,,0,0,0,0,0,2.147,6.095
1043706723887943,100064197037125,"PC Merchandise","Salamat sa tiwala boss PAU! RYZEN 5 5600G comshop package — 6 units delivered ✅",,68,"10/05/2023 19:00",,https://www.facebook.com/reel/1207313067252854/,0,0,Reels,,,,,10/27/2023,0,,,,,,0,0,0,0,0,2.325,6.570
1043706723887943,100064197037125,"PC Merchandise","Salamat sa tiwala boss PAU! RYZEN 5 5600G comshop package — 6 units delivered ✅",,68,"10/05/2023 19:00",,https://www.facebook.com/reel/1207313067252854/,0,0,Reels,,,,,10/28/2023,0,,,,,,0,0,0,0,0,2.757,6.197
1043706723887943,100064197037125,"PC Merchandise","Salamat sa tiwala boss PAU! RYZEN 5 5600G comshop package — 6 units delivered ✅",,68,"10/05/2023 19:00",,https://www.facebook.com/reel/1207313067252854/,0,0,Reels,,,,,10/29/2023,0,,,,,,0,0,0,0,0,2.269,7.428
1043706723887943,100064197037125,"PC Merchandise","Salamat sa tiwala boss PAU! RYZEN 5 5600G comshop package — 6 units delivered ✅",,68,"10/05/2023 19:00",,https://www.facebook.com/reel/1207313067252854/,0,0,Reels,,,,,10/30/2023,0,,,,,,0,0,0,0,0,1.176,7.089
1043706723887943,100064197037125,"PC Merchandise","Salamat sa tiwala boss PAU! RYZEN 5 5600G comshop package — 6 units delivered ✅",,68,"10/05/2023 19:00",,https://www.facebook.com/reel/1207313067252854/,0,0,Reels,,,,,10/31/2023,0,,,,,,0,0,0,0,0,1.521,6.575
1043073887634988,100064197037125,"PC Merchandise","One more rig complete. One more client satisfied. Built with RYZEN 5 3400G + RX 6600. PM us for yours!",,69,"10/04/2023 22:15",auto,https://www.facebook.com/reel/1714431547814431/,0,0,Reels,,,,,10/01/2023,0,,,,,,0,0,0,0,0,0.000,3.103
1043073887634988,100064197037125,"PC Merchandise","One more rig complete. One more client satisfied. Built with RYZEN 5 3400G + RX 6600. PM us for yours!",,69,"10/04/2023 22:15",auto,https://www.facebook.com/reel/1714431547814431/,0,0,Reels,,,,,10/02/2023,0,,,,,,0,0,0,0,0,0.000,3.361
1043073887634988,100064197037125,"PC Merchandise","One more rig complete. One more client satisfied. Built with RYZEN 5 3400G + RX 6600. PM us for yours!",,69,"10/04/2023 22:15",auto,https://www.facebook.com/reel/1714431547814431/,0,0,Reels,,,,,10/03/2023,0,,,,,,0,0,0,0,0,0.000,4.579
1043073887634988,100064197037125,"PC Merchandise","One more rig complete. One more client satisfied. Built with RYZEN 5 3400G + RX 6600. PM us for yours!",,69,"10/04/2023 22:15",auto,https://www.facebook.com/reel/1714431547814431/,0,0,Reels,,,,,10/04/2023,0,,,,,,0,0,1,1,0,433.518,3.374
1043073887634988,100064197037125,"PC Merchandise","One more rig complete. One more client satisfied. Built with RYZEN 5 3400G + RX 6600. PM us for yours!",,69,"10/04/2023 22:15",auto,https://www.facebook.com/reel/1714431547814431/,0,0,Reels,,,,,10/05/2023,0,,,,,,0,0,0,0,0,451.702,4.196
1043073887634988,100064197037125,"PC Merchandise","One more rig complete. One more client satisfied. Built with RYZEN 5 3400G + RX 6600. PM us for yours!",,69,"10/04/2023 22:15",auto,https://www.facebook.com/reel/1714431547814431/,0,0,Reels,,,,,10/06/2023,0,,,,,,0,0,1,1,0,280.279,4.679
1043073887634988,100064197037125,"PC Merchandise","One more rig complete. One more client satisfied. Built with RYZEN 5 3400G + RX 6600. PM us for yours!",,69,"10/04/2023 22:15",auto,https://www.facebook.com/reel/1714431547814431/,0,0,Reels,,,,,10/07/2023,0,,,,,,0,0,1,0,1,376.182,3.762
1043073887634988,100064197037125,"PC Merchandise","One more rig complete. One more client satisfied. Built with RYZEN 5 3400G + RX 6600. PM us for yours!",,69,"10/04/2023 22:15",auto,https://www.facebook.com/reel/1714431547814431/,0,0,Reels,,,,,10/08/2023,0,,,,,,0,0,0,0,0,155.997,3.215
1043073887634988,100064197037125,"PC Merchandise","One more rig complete. One more client satisfied. Built with RYZEN 5 3400G + RX 6600. PM us for yours!",,69,"10/04/2023 22:15",auto,https://www.facebook.com/reel/1714431547814431/,0,0,Reels,,,,,10/09/2023,1,,,,,,0,0,1,0,0,134.521,4.154
1043073887634988,100064197037125,"PC Merchandise","One more rig complete. One more client satisfied. Built with RYZEN 5 3400G + RX 6600. PM us for yours!",,69,"10/04/2023 22:15",auto,https://www.facebook.com/reel/1714431547814431/,0,0,Reels,,,,,10/10/2023,0,,,,,,0,0,1,1,0,108.823,2.556
1043073887634988,100064197037125,"PC Merchandise","One more rig complete. One more client satisfied. Built with RYZEN 5 3400G + RX 6600. PM us for yours!",,69,"10/04/2023 22:15",auto,https://www.facebook.com/reel/1714431547814431/,0,0,Reels,,,,,10/11/2023,0,,,,,,0,0,0,0,0,67.969,4.310
1043073887634988,100064197037125,"PC Merchandise","One more rig complete. One more client satisfied. Built with RYZEN 5 3400G + RX 6600. PM us for yours!",,69,"10/04/2023 22:15",auto,https://www.facebook.com/reel/1714431547814431/,0,0,Reels,,,,,10/12/2023,0,,,,,,0,0,1,1,0,71.516,4.170
1043073887634988,100064197037125,"PC Merchandise","One more rig complete. One more client satisfied. Built with RYZEN 5 3400G + RX 6600. PM us for yours!",,69,"10/04/2023 22:15",auto,https://www.facebook.com/reel/1714431547814431/,0,0,Reels,,,,,10/13/2023,0,,,,,,0,0,1,1,0,50.602,3.491
1043073887634988,100064197037125,"PC Merchandise","One more rig complete. One more client satisfied. Built with RYZEN 5 3400G + RX 6600. PM us for yours!",,69,"10/04/2023 22:15",auto,https://www.facebook.com/reel/1714431547814431/,0,0,Reels,,,,,10/14/2023,0,,,,,,0,0,0,0,0,25.394,3.452
1043073887634988,100064197037125,"PC Merchandise","One more rig complete. One more client satisfied. Built with RYZEN 5 3400G + RX 6600. PM us for yours!",,69,"10/04/2023 22:15",auto,https://www.facebook.com/reel/1714431547814431/,0,0,Reels,,,,,10/15/2023,0,,,,,,0,0,0,0,0,81.267,4.789
1043073887634988,100064197037125,"PC Merchandise","One more rig complete. One more client satisfied. Built with RYZEN 5 3400G + RX 6600. PM us for yours!",,69,"10/04/2023 22:15",auto,https://www.facebook.com/reel/1714431547814431/,0,0,Reels,,,,,10/16/2023,0,,,,,,0,0,0,0,0,45.731,4.412
1043073887634988,100064197037125,"PC Merchandise","One more rig complete. One more client satisfied. Built with RYZEN 5 3400G + RX 6600. PM us for yours!",,69,"10/04/2023 22:15",auto,https://www.facebook.com/reel/1714431547814431/,0,0,Reels,,,,,10/17/2023,0,,,,,,0,0,0,0,0,54.122,2.661
1043073887634988,100064197037125,"PC Merchandise","One more rig complete. One more client satisfied. Built with RYZEN 5 3400G + RX 6600. PM us for yours!",,69,"10/04/2023 22:15",auto,https://www.facebook.com/reel/1714431547814431/,0,0,Reels,,,,,10/18/2023,0,,,,,,0,0,0,0,0,34.708,3.556
1043073887634988,100064197037125,"PC Merchandise","One more rig complete. One more client satisfied. Built with RYZEN 5 3400G + RX 6600. PM us for yours!",,69,"10/04/2023 22:15",auto,https://www.facebook.com/reel/1714431547814431/,0,0,Reels,,,,,10/19/2023,0,,,,,,0,0,1,0,1,30.338,2.910
1043073887634988,100064197037125,"PC Merchandise","One more rig complete. One more client satisfied. Built with RYZEN 5 3400G + RX 6600. PM us for yours!",,69,"10/04/2023 22:15",auto,https://www.facebook.com/reel/1714431547814431/,0,0,Reels,,,,,10/20/2023,0,,,,,,0,0,0,0,0,43.450,3.810
1043073887634988,100064197037125,"PC Merchandise","One more rig complete. One more client satisfied. Built with RYZEN 5 3400G + RX 6600. PM us for yours!",,69,"10/04/2023 22:15",auto,https://www.facebook.com/reel/1714431547814431/,0,0,Reels,,,,,10/21/2023,0,,,,,,0,0,1,1,0,33.879,2.529
1043073887634988,100064197037125,"PC Merchandise","One more rig complete. One more client satisfied. Built with RYZEN 5 3400G + RX 6600. PM us for yours!",,69,"10/04/2023 22:15",auto,https://www.facebook.com/reel/1714431547814431/,0,0,Reels,,,,,10/22/2023,0,,,,,,0,0,0,0,0,42.112,4.207
1043073887634988,100064197037125,"PC Merchandise","One more rig complete. One more client satisfied. Built with RYZEN 5 3400G + RX 6600. PM us for yours!",,69,"10/04/2023 22:15",auto,https://www.facebook.com/reel/1714431547814431/,0,0,Reels,,,,,10/23/2023,0,,,,,,0,0,0,0,0,26.665,4.694
1043073887634988,100064197037125,"PC Merchandise","One more rig complete. One more client satisfied. Built with RYZEN 5 3400G + RX 6600. PM us for yours!",,69,"10/04/2023 22:15",auto,https://www.facebook.com/reel/1714431547814431/,0,0,Reels,,,,,10/24/2023,0,,,,,,0,0,0,0,0,28.217,3.448
1043073887634988,100064197037125,"PC Merchandise","One more rig complete. One more client satisfied. Built with RYZEN 5 3400G + RX 6600. PM us for yours!",,69,"10/04/2023 22:15",auto,https://www.facebook.com/reel/1714431547814431/,0,0,Reels,,,,,10/25/2023,0,,,,,,0,0,0,0,0,34.289,3.713
1043073887634988,100064197037125,"PC Merchandise","One more rig complete. One more client satisfied. Built with RYZEN 5 3400G + RX 6600. PM us for yours!",,69,"10/04/2023 22:15",auto,https://www.facebook.com/reel/1714431547814431/,0,0,Reels,,,,,10/26/2023,0,,,,,,0,0,0,0,0,31.674,4.453
1043073887634988,100064197037125,"PC Merchandise","One more rig complete. One more client satisfied. Built with RYZEN 5 3400G + RX 6600. PM us for yours!",,69,"10/04/2023 22:15",auto,https://www.facebook.com/reel/1714431547814431/,0,0,Reels,,,,,10/27/2023,0,,,,,,0,0,0,0,0,22.157,2.256
1043073887634988,100064197037125,"PC Merchandise","One more rig complete. One more client satisfied. Built with RYZEN 5 3400G + RX 6600. PM us for yours!",,69,"10/04/2023 22:15",auto,https://www.facebook.com/reel/1714431547814431/,0,0,Reels,,,,,10/28/2023,0,,,,,,0,0,0,0,0,29.095,4.278
1043073887634988,100064197037125,"PC Merchandise","One more rig complete. One more client satisfied. Built with RYZEN 5 3400G + RX 6600. PM us for yours!",,69,"10/04/2023 22:15",auto,https://www.facebook.com/reel/1714431547814431/,0,0,Reels,,,,,10/29/2023,0,,,,,,0,0,0,0,0,32.081,3.540
1043073887634988,100064197037125,"PC Merchandise","One more rig complete. One more client satisfied. Built with RYZEN 5 3400G + RX 6600. PM us for yours!",,69,"10/04/2023 22:15",auto,https://www.facebook.com/reel/1714431547814431/,0,0,Reels,,,,,10/30/2023,0,,,,,,0,0,0,0,0,20.873,4.423
1043073887634988,100064197037125,"PC Merchandise","One more rig complete. One more client satisfied. Built with RYZEN 5 3400G + RX 6600. PM us for yours!",,69,"10/04/2023 22:15",auto,https://www.facebook.com/reel/1714431547814431/,0,0,Reels,,,,,10/31/2023,0,,,,,,0,0,0,0,0,21.547,3.920
1043725478003483,100064197037125,"PC Merchandise","malas naman🥹",,35,"10/04/2023 19:46",,https://www.facebook.com/reel/1010765633573250/,0,0,Reels,,,,,10/01/2023,0,,,,,,0,0,0,0,0,0.000,5.862
1043725478003483,100064197037125,"PC Merchandise","malas naman🥹",,35,"10/04/2023 19:46",,https://www.facebook.com/reel/1010765633573250/,0,0,Reels,,,,,10/02/2023,0,,,,,,0,0,0,0,0,0.000,6.232
1043725478003483,100064197037125,"PC Merchandise","malas naman🥹",,35,"10/04/2023 19:46",,https://www.facebook.com/reel/1010765633573250/,0,0,Reels,,,,,10/03/2023,0,,,,,,0,0,0,0,0,0.000,5.623
1043725478003483,100064197037125,"PC Merchandise","malas naman🥹",,35,"10/04/2023 19:46",,https://www.facebook.com/reel/1010765633573250/,0,0,Reels,,,,,10/04/2023,0,,,,,,0,0,0,0,0,476.174,5.995
1043725478003483,100064197037125,"PC Merchandise","malas naman🥹",,35,"10/04/2023 19:46",,https://www.facebook.com/reel/1010765633573250/,0,0,Reels,,,,,10/05/2023,0,,,,,,0,0,0,0,0,491.383,4.341
1043725478003483,100064197037125,"PC Merchandise","malas naman🥹",,35,"10/04/2023 19:46",,https://www.facebook.com/reel/1010765633573250/,0,0,Reels,,,,,10/06/2023,0,,,,,,0,0,0,0,0,362.716,4.746
1043725478003483,100064197037125,"PC Merchandise","malas naman🥹",,35,"10/04/2023 19:46",,https://www.facebook.com/reel/1010765633573250/,0,0,Reels,,,,,10/07/2023,0,,,,,,0,0,0,0,0,299.734,4.808
1043725478003483,100064197037125,"PC Merchandise","malas naman🥹",,35,"10/04/2023 19:46",,https://www.facebook.com/reel/1010765633573250/,0,0,Reels,,,,,10/08/2023,0,,,,,,0,0,1,1,0,211.870,5.329
1043725478003483,100064197037125,"PC Merchandise","malas naman🥹",,35,"10/04/2023 19:46",,https://www.facebook.com/reel/1010765633573250/,0,0,Reels,,,,,10/09/2023,0,,,,,,0,0,0,0,0,348.655,6.506
1043725478003483,100064197037125,"PC Merchandise","malas naman🥹",,35,"10/04/2023 19:46",,https://www.facebook.com/reel/1010765633573250/,0,0,Reels,,,,,10/10/2023,0,,,,,,0,0,0,0,0,293.647,5.561
1043725478003483,100064197037125,"PC Merchandise","malas naman🥹",,35,"10/04/2023 19:46",,https://www.facebook.com/reel/1010765633573250/,0,0,Reels,,,,,10/11/2023,0,,,,,,0,0,0,0,0,138.262,4.755
1043725478003483,100064197037125,"PC Merchandise","malas naman🥹",,35,"10/04/2023 19:46",,https://www.facebook.com/reel/1010765633573250/,0,0,Reels,,,,,10/12/2023,0,,,,,,0,0,0,0,0,231.743,5.155
1043725478003483,100064197037125,"PC Merchandise","malas naman🥹",,35,"10/04/2023 19:46",,https://www.facebook.com/reel/1010765633573250/,0,0,Reels,,,,,10/13/2023,0,,,,,,0,0,0,0,0,54.667,4.667
1043725478003483,100064197037125,"PC Merchandise","malas naman🥹",,35,"10/04/2023 19:46",,https://www.facebook.com/reel/1010765633573250/,0,0,Reels,,,,,10/14/2023,0,,,,,,0,0,0,0,0,64.410,5.791
1043725478003483,100064197037125,"PC Merchandise","malas naman🥹",,35,"10/04/2023 19:46",,https://www.facebook.com/reel/1010765633573250/,0,0,Reels,,,,,10/15/2023,0,,,,,,0,0,0,0,0,94.844,4.254
1043725478003483,100064197037125,"PC Merchandise","malas naman🥹",,35,"10/04/2023 19:46",,https://www.facebook.com/reel/1010765633573250/,0,0,Reels,,,,,10/16/2023,0,,,,,,0,0,0,0,0,69.751,5.898
1043725478003483,100064197037125,"PC Merchandise","malas naman🥹",,35,"10/04/2023 19:46",,https://www.facebook.com/reel/1010765633573250/,0,0,Reels,,,,,10/17/2023,0,,,,,,0,0,0,0,0,46.630,5.935
1043725478003483,100064197037125,"PC Merchandise","malas naman🥹",,35,"10/04/2023 19:46",,https://www.facebook.com/reel/1010765633573250/,0,0,Reels,,,,,10/18/2023,0,,,,,,0,0,0,0,0,41.807,5.701
1043725478003483,100064197037125,"PC Merchandise","malas naman🥹",,35,"10/04/2023 19:46",,https://www.facebook.com/reel/1010765633573250/,0,0,Reels,,,,,10/19/2023,0,,,,,,0,0,0,0,0,82.279,3.823
1043725478003483,100064197037125,"PC Merchandise","malas naman🥹",,35,"10/04/2023 19:46",,https://www.facebook.com/reel/1010765633573250/,0,0,Reels,,,,,10/20/2023,0,,,,,,0,0,0,0,0,54.398,4.209
1043725478003483,100064197037125,"PC Merchandise","malas naman🥹",,35,"10/04/2023 19:46",,https://www.facebook.com/reel/1010765633573250/,0,0,Reels,,,,,10/21/2023,0,,,,,,0,0,0,0,0,66.079,5.048
1043725478003483,100064197037125,"PC Merchandise","malas naman🥹",,35,"10/04/2023 19:46",,https://www.facebook.com/reel/1010765633573250/,0,0,Reels,,,,,10/22/2023,0,,,,,,0,0,0,0,0,78.910,4.768
1043725478003483,100064197037125,"PC Merchandise","malas naman🥹",,35,"10/04/2023 19:46",,https://www.facebook.com/reel/1010765633573250/,0,0,Reels,,,,,10/23/2023,0,,,,,,0,0,0,0,0,48.505,5.804
1043725478003483,100064197037125,"PC Merchandise","malas naman🥹",,35,"10/04/2023 19:46",,https://www.facebook.com/reel/1010765633573250/,0,0,Reels,,,,,10/24/2023,0,,,,,,0,0,0,0,0,49.156,5.740
1043725478003483,100064197037125,"PC Merchandise","malas naman🥹",,35,"10/04/2023 19:46",,https://www.facebook.com/reel/1010765633573250/,0,0,Reels,,,,,10/25/2023,0,,,,,,0,0,0,0,0,44.562,5.189
1043725478003483,100064197037125,"PC Merchandise","malas naman🥹",,35,"10/04/2023 19:46",,https://www.facebook.com/reel/1010765633573250/,0,0,Reels,,,,,10/26/2023,0,,,,,,0,0,0,0,0,45.058,6.498
1043725478003483,100064197037125,"PC Merchandise","malas naman🥹",,35,"10/04/2023 19:46",,https://www.facebook.com/reel/1010765633573250/,0,0,Reels,,,,,10/27/2023,0,,,,,,0,0,0,0,0,34.946,6.108
1043725478003483,100064197037125,"PC Merchandise","malas naman🥹",,35,"10/04/2023 19:46",,https://www.facebook.com/reel/1010765633573250/,0,0,Reels,,,,,10/28/2023,0,,,,,,0,0,0,0,0,46.048,4.754
1043725478003483,100064197037125,"PC Merchandise","malas naman🥹",,35,"10/04/2023 19:46",,https://www.facebook.com/reel/1010765633573250/,0,0,Reels,,,,,10/29/2023,0,,,,,,0,0,0,0,0,21.309,5.254
1043725478003483,100064197037125,"PC Merchandise","malas naman🥹",,35,"10/04/2023 19:46",,https://www.facebook.com/reel/1010765633573250/,0,0,Reels,,,,,10/30/2023,0,,,,,,0,0,0,0,0,41.290,6.136
1043725478003483,100064197037125,"PC Merchandise","malas naman🥹",,35,"10/04/2023 19:46",,https://www.facebook.com/reel/1010765633573250/,0,0,Reels,,,,,10/31/2023,0,,,,,,0,0,0,0,0,25.051,3.331
1043327371582629,100064197037125,"PC Merchandise","One more rig complete. One more client satisfied. Built with i5 12400F + RX 580. PM us for yours!",,52,"10/04/2023 19:00",auto,https://www.facebook.com/reel/1905123191069640/,0,1,Reels,,,,,10/01/2023,0,,,,,,0,0,0,0,0,0.000,5.071
1043327371582629,100064197037125,"PC Merchandise","One more rig complete. One more client satisfied. Built with i5 12400F + RX 580. PM us for yours!",,52,"10/04/2023 19:00",auto,https://www.facebook.com/reel/1905123191069640/,0,1,Reels,,,,,10/02/2023,0,,,,,,0,0,0,0,0,0.000,5.205
1043327371582629,100064197037125,"PC Merchandise","One more rig complete. One more client satisfied. Built with i5 12400F + RX 580. PM us for yours!",,52,"10/04/2023 19:00",auto,https://www.facebook.com/reel/1905123191069640/,0,1,Reels,,,,,10/03/2023,0,,,,,,0,0,0,0,0,0.000,6.410
1043327371582629,100064197037125,"PC Merchandise","One more rig complete. One more client satisfied. Built with i5 12400F + RX 580. PM us for yours!",,52,"10/04/2023 19:00",auto,https://www.facebook.com/reel/1905123191069640/,0,1,Reels,,,,,10/04/2023,0,,,,,,45,0,2,2,0,118.254,3.929
1043327371582629,100064197037125,"PC Merchandise","One more rig complete. One more client satisfied. Built with i5 12400F + RX 580. PM us for yours!",,52,"10/04/2023 19:00",auto,https://www.facebook.com/reel/1905123191069640/,0,1,Reels,,,,,10/05/2023,0,,,,,,46,0,0,0,0,83.319,4.925
1043327371582629,100064197037125,"PC Merchandise","One more rig complete. One more client satisfied. Built with i5 12400F + RX 580. PM us for yours!",,52,"10/04/2023 19:00",auto,https://www.facebook.com/reel/1905123191069640/,0,1,Reels,,,,,10/06/2023,0,,,,,,46,0,0,0,0,116.864,5.574
1043327371582629,100064197037125,"PC Merchandise","One more rig complete. One more client satisfied. Built with i5 12400F + RX 580. PM us for yours!",,52,"10/04/2023 19:00",auto,https://www.facebook.com/reel/1905123191069640/,0,1,Reels,,,,,10/07/2023,0,,,,,,42,0,1,1,0,44.425,5.774
1043327371582629,100064197037125,"PC Merchandise","One more rig complete. One more client satisfied. Built with i5 12400F + RX 580. PM us for yours!",,52,"10/04/2023 19:00",auto,https://www.facebook.com/reel/1905123191069640/,0,1,Reels,,,,,10/08/2023,0,,,,,,52,0,0,0,0,70.687,5.164
1043327371582629,100064197037125,"PC Merchandise","One more rig complete. One more client satisfied. Built with i5 12400F + RX 580. PM us for yours!",,52,"10/04/2023 19:00",auto,https://www.facebook.com/reel/1905123191069640/,0,1,Reels,,,,,10/09/2023,0,,,,,,35,0,0,0,0,38.216,5.010
1043327371582629,100064197037125,"PC Merchandise","One more rig complete. One more client satisfied. Built with i5 12400F + RX 580. PM us for yours!",,52,"10/04/2023 19:00",auto,https://www.facebook.com/reel/1905123191069640/,0,1,Reels,,,,,10/10/2023,0,,,,,,0,0,0,0,0,37.775,4.669
1043327371582629,100064197037125,"PC Merchandise","One more rig complete. One more client satisfied. Built with i5 12400F + RX 580. PM us for yours!",,52,"10/04/2023 19:00",auto,https://www.facebook.com/reel/1905123191069640/,0,1,Reels,,,,,10/11/2023,0,,,,,,0,0,0,0,0,29.640,4.179
1043327371582629,100064197037125,"PC Merchandise","One more rig complete. One more client satisfied. Built with i5 12400F + RX 580. PM us for yours!",,52,"10/04/2023 19:00",auto,https://www.facebook.com/reel/1905123191069640/,0,1,Reels,,,,,10/12/2023,0,,,,,,0,0,0,0,0,30.997,7.357
1043327371582629,100064197037125,"PC Merchandise","One more rig complete. One more client satisfied. Built with i5 12400F + RX 580. PM us for yours!",,52,"10/04/2023 19:00",auto,https://www.facebook.com/reel/1905123191069640/,0,1,Reels,,,,,10/13/2023,0,,,,,,0,0,0,0,0,15.620,3.560
1043327371582629,100064197037125,"PC Merchandise","One more rig complete. One more client satisfied. Built with i5 12400F + RX 580. PM us for yours!",,52,"10/04/2023 19:00",auto,https://www.facebook.com/reel/1905123191069640/,0,1,Reels,,,,,10/14/2023,0,,,,,,0,0,0,0,0,10.514,4.172
1043327371582629,100064197037125,"PC Merchandise","One more rig complete. One more client satisfied. Built with i5 12400F + RX 580. PM us for yours!",,52,"10/04/2023 19:00",auto,https://www.facebook.com/reel/1905123191069640/,0,1,Reels,,,,,10/15/2023,0,,,,,,0,0,0,0,0,14.277,4.604
1043327371582629,100064197037125,"PC Merchandise","One more rig complete. One more client satisfied. Built with i5 12400F + RX 580. PM us for yours!",,52,"10/04/2023 19:00",auto,https://www.facebook.com/reel/1905123191069640/,0,1,Reels,,,,,10/16/2023,0,,,,,,0,0,0,0,0,12.002,5.634
1043327371582629,100064197037125,"PC Merchandise","One more rig complete. One more client satisfied. Built with i5 12400F + RX 580. PM us for yours!",,52,"10/04/2023 19:00",auto,https://www.facebook.com/reel/1905123191069640/,0,1,Reels,,,,,10/17/2023,0,,,,,,0,0,0,0,0,19.859,5.942
1043327371582629,100064197037125,"PC Merchandise","One more rig complete. One more client satisfied. Built with i5 12400F + RX 580. PM us for yours!",,52,"10/04/2023 19:00",auto,https://www.facebook.com/reel/1905123191069640/,0,1,Reels,,,,,10/18/2023,0,,,,,,0,0,0,0,0,15.254,4.864
1043327371582629,100064197037125,"PC Merchandise","One more rig complete. One more client satisfied. Built with i5 12400F + RX 580. PM us for yours!",,52,"10/04/2023 19:00",auto,https://www.facebook.com/reel/1905123191069640/,0,1,Reels,,,,,10/19/2023,0,,,,,,0,0,0,0,0,8.003,6.133
1043327371582629,100064197037125,"PC Merchandise","One more rig complete. One more client satisfied. Built with i5 12400F + RX 580. PM us for yours!",,52,"10/04/2023 19:00",auto,https://www.facebook.com/reel/1905123191069640/,0,1,Reels,,,,,10/20/2023,0,,,,,,0,0,0,0,0,7.367,5.020
1043327371582629,100064197037125,"PC Merchandise","One more rig complete. One more client satisfied. Built with i5 12400F + RX 580. PM us for yours!",,52,"10/04/2023 19:00",auto,https://www.facebook.com/reel/1905123191069640/,0,1,Reels,,,,,10/21/2023,0,,,,,,0,0,0,0,0,13.453,4.977
1043327371582629,100064197037125,"PC Merchandise","One more rig complete. One more client satisfied. Built with i5 12400F + RX 580. PM us for yours!",,52,"10/04/2023 19:00",auto,https://www.facebook.com/reel/1905123191069640/,0,1,Reels,,,,,10/22/2023,0,,,,,,0,0,0,0,0,14.922,6.511
1043327371582629,100064197037125,"PC Merchandise","One more rig complete. One more client satisfied. Built with i5 12400F + RX 580. PM us for yours!",,52,"10/04/2023 19:00",auto,https://www.facebook.com/reel/1905123191069640/,0,1,Reels,,,,,10/23/2023,0,,,,,,0,0,0,0,0,7.068,6.328
1043327371582629,100064197037125,"PC Merchandise","One more rig complete. One more client satisfied. Built with i5 12400F + RX 580. PM us for yours!",,52,"10/04/2023 19:00",auto,https://www.facebook.com/reel/1905123191069640/,0,1,Reels,,,,,10/24/2023,0,,,,,,0,0,0,0,0,12.268,5.996
1043327371582629,100064197037125,"PC Merchandise","One more rig complete. One more client satisfied. Built with i5 12400F + RX 580. PM us for yours!",,52,"10/04/2023 19:00",auto,https://www.facebook.com/reel/1905123191069640/,0,1,Reels,,,,,10/25/2023,0,,,,,,0,0,0,0,0,11.744,5.731
1043327371582629,100064197037125,"PC Merchandise","One more rig complete. One more client satisfied. Built with i5 12400F + RX 580. PM us for yours!",,52,"10/04/2023 19:00",auto,https://www.facebook.com/reel/1905123191069640/,0,1,Reels,,,,,10/26/2023,0,,,,,,0,0,0,0,0,7.399,5.071
1043327371582629,100064197037125,"PC Merchandise","One more rig complete. One more client satisfied. Built with i5 12400F + RX 580. PM us for yours!",,52,"10/04/2023 19:00",auto,https://www.facebook.com/reel/1905123191069640/,0,1,Reels,,,,,10/27/2023,0,,,,,,0,0,0,0,0,10.524,4.455
1043327371582629,100064197037125,"PC Merchandise","One more rig complete. One more client satisfied. Built with i5 12400F + RX 580. PM us for yours!",,52,"10/04/2023 19:00",auto,https://www.facebook.com/reel/1905123191069640/,0,1,Reels,,,,,10/28/2023,0,,,,,,0,0,0,0,0,7.731,6.334
1043327371582629,100064197037125,"PC Merchandise","One more rig complete. One more client satisfied. Built with i5 12400F + RX 580. PM us for yours!",,52,"10/04/2023 19:00",auto,https://www.facebook.com/reel/1905123191069640/,0,1,Reels,,,,,10/29/2023,0,,,,,,0,0,0,0,0,14.976,5.261
1043327371582629,100064197037125,"PC Merchandise","One more rig complete. One more client satisfied. Built with i5 12400F + RX 580. PM us for yours!",,52,"10/04/2023 19:00",auto,https://www.facebook.com/reel/1905123191069640/,0,1,Reels,,,,,10/30/2023,0,,,,,,0,0,0,0,0,10.466,4.146
1043327371582629,100064197037125,"PC Merchandise","One more rig complete. One more client satisfied. Built with i5 12400F + RX 580. PM us for yours!",,52,"10/04/2023 19:00",auto,https://www.facebook.com/reel/1905123191069640/,0,1,Reels,,,,,10/31/2023,0,,,,,,0,0,0,0,0,10.005,6.461
1043762395848801,100064197037125,"PC Merchandise","READY STOCK: i5 12400F / GTX 1660S builds. Same-day assembly. PM NOW!",,83,"10/03/2023 19:00",auto,https://www.facebook.com/reel/1239766820707749/,0,0,Reels,,,,,10/01/2023,0,,,,,,0,0,0,0,0,0.000,6.421
1043762395848801,100064197037125,"PC Merchandise","READY STOCK: i5 12400F / GTX 1660S builds. Same-day assembly. PM NOW!",,83,"10/03/2023 19:00",auto,https://www.facebook.com/reel/1239766820707749/,0,0,Reels,,,,,10/02/2023,0,,,,,,0,0,0,0,0,0.000,5.773
1043762395848801,100064197037125,"PC Merchandise","READY STOCK: i5 12400F / GTX 1660S builds. Same-day assembly. PM NOW!",,83,"10/03/2023 19:00",auto,https://www.facebook.com/reel/1239766820707749/,0,0,Reels,,,,,10/03/2023,0,,,,,,0,0,1,0,1,313.265,7.113
1043762395848801,100064197037125,"PC Merchandise","READY STOCK: i5 12400F / GTX 1660S builds. Same-day assembly. PM NOW!",,83,"10/03/2023 19:00",auto,https://www.facebook.com/reel/1239766820707749/,0,0,Reels,,,,,10/04/2023,0,,,,,,0,0,1,1,0,163.004,5.608
1043762395848801,100064197037125,"PC Merchandise","READY STOCK: i5 12400F / GTX 1660S builds. Same-day assembly. PM NOW!",,83,"10/03/2023 19:00",auto,https://www.facebook.com/reel/1239766820707749/,0,0,Reels,,,,,10/05/2023,0,,,,,,0,0,0,0,0,245.337,4.836
1043762395848801,100064197037125,"PC Merchandise","READY STOCK: i5 12400F / GTX 1660S builds. Same-day assembly. PM NOW!",,83,"10/03/2023 19:00",auto,https://www.facebook.com/reel/1239766820707749/,0,0,Reels,,,,,10/06/2023,0,,,,,,0,0,0,0,0,158.205,6.068
1043762395848801,100064197037125,"PC Merchandise","READY STOCK: i5 12400F / GTX 1660S builds. Same-day assembly. PM NOW!",,83,"10/03/2023 19:00",auto,https://www.facebook.com/reel/1239766820707749/,0,0,Reels,,,,,10/07/2023,0,,,,,,0,0,1,1,0,103.573,7.125
1043762395848801,100064197037125,"PC Merchandise","READY STOCK: i5 12400F / GTX 1660S builds. Same-day assembly. PM NOW!",,83,"10/03/2023 19:00",auto,https://www.facebook.com/reel/1239766820707749/,0,0,Reels,,,,,10/08/2023,0,,,,,,0,0,0,0,0,47.868,6.567
1043762395848801,100064197037125,"PC Merchandise","READY STOCK: i5 12400F / GTX 1660S builds. Same-day assembly. PM NOW!",,83,"10/03/2023 19:00",auto,https://www.facebook.com/reel/1239766820707749/,0,0,Reels,,,,,10/09/2023,0,,,,,,0,0,0,0,0,35.373,6.236
1043762395848801,100064197037125,"PC Merchandise","READY STOCK: i5 12400F / GTX 1660S builds. Same-day assembly. PM NOW!",,83,"10/03/2023 19:00",auto,https://www.facebook.com/reel/1239766820707749/,0,0,Reels,,,,,10/10/2023,0,,,,,,0,0,0,0,0,33.851,5.612
1043762395848801,100064197037125,"PC Merchandise","READY STOCK: i5 12400F / GTX 1660S builds. Same-day assembly. PM NOW!",,83,"10/03/2023 19:00",auto,https://www.facebook.com/reel/1239766820707749/,0,0,Reels,,,,,10/11/2023,0,,,,,,0,0,0,0,0,71.949,5.924
1043762395848801,100064197037125,"PC Merchandise","READY STOCK: i5 12400F / GTX 1660S builds. Same-day assembly. PM NOW!",,83,"10/03/2023 19:00",auto,https://www.facebook.com/reel/1239766820707749/,0,0,Reels,,,,,10/12/2023,0,,,,,,0,0,0,0,0,66.956,5.520
1043762395848801,100064197037125,"PC Merchandise","READY STOCK: i5 12400F / GTX 1660S builds. Same-day assembly. PM NOW!",,83,"10/03/2023 19:00",auto,https://www.facebook.com/reel/1239766820707749/,0,0,Reels,,,,,10/13/2023,0,,,,,,0,0,0,0,0,35.908,7.308
1043762395848801,100064197037125,"PC Merchandise","READY STOCK: i5 12400F / GTX 1660S builds. Same-day assembly. PM NOW!",,83,"10/03/2023 19:00",auto,https://www.facebook.com/reel/1239766820707749/,0,0,Reels,,,,,10/14/2023,0,,,,,,0,0,0,0,0,47.009,6.949
1043762395848801,100064197037125,"PC Merchandise","READY STOCK: i5 12400F / GTX 1660S builds. Same-day assembly. PM NOW!",,83,"10/03/2023 19:00",auto,https://www.facebook.com/reel/1239766820707749/,0,0,Reels,,,,,10/15/2023,0,,,,,,0,0,0,0,0,31.946,7.799
1043762395848801,100064197037125,"PC Merchandise","READY STOCK: i5 12400F / GTX 1660S builds. Same-day assembly. PM NOW!",,83,"10/03/2023 19:00",auto,https://www.facebook.com/reel/1239766820707749/,0,0,Reels,,,,,10/16/2023,0,,,,,,0,0,1,0,1,31.991,6.378
1043762395848801,100064197037125,"PC Merchandise","READY STOCK: i5 12400F / GTX 1660S builds. Same-day assembly. PM NOW!",,83,"10/03/2023 19:00",auto,https://www.facebook.com/reel/1239766820707749/,0,0,Reels,,,,,10/17/2023,0,,,,,,0,0,0,0,0,26.589,5.476
1043762395848801,100064197037125,"PC Merchandise","READY STOCK: i5 12400F / GTX 1660S builds. Same-day assembly. PM NOW!",,83,"10/03/2023 19:00",auto,https://www.facebook.com/reel/1239766820707749/,0,0,Reels,,,,,10/18/2023,0,,,,,,0,0,0,0,0,37.481,7.559
1043762395848801,100064197037125,"PC Merchandise","READY STOCK: i5 12400F / GTX 1660S builds. Same-day assembly. PM NOW!",,83,"10/03/2023 19:00",auto,https://www.facebook.com/reel/1239766820707749/,0,0,Reels,,,,,10/19/2023,0,,,,,,0,0,0,0,0,18.178,6.820
1043762395848801,100064197037125,"PC Merchandise","READY STOCK: i5 12400F / GTX 1660S builds. Same-day assembly. PM NOW!",,83,"10/03/2023 19:00",auto,https://www.facebook.com/reel/1239766820707749/,0,0,Reels,,,,,10/20/2023,0,,,,,,0,0,0,0,0,17.075,6.170
1043762395848801,100064197037125,"PC Merchandise","READY STOCK: i5 12400F / GTX 1660S builds. Same-day assembly. PM NOW!",,83,"10/03/2023 19:00",auto,https://www.facebook.com/reel/1239766820707749/,0,0,Reels,,,,,10/21/2023,0,,,,,,0,0,0,0,0,23.340,5.785
1043762395848801,100064197037125,"PC Merchandise","READY STOCK: i5 12400F / GTX 1660S builds. Same-day assembly. PM NOW!",,83,"10/03/2023 19:00",auto,https://www.facebook.com/reel/1239766820707749/,0,0,Reels,,,,,10/22/2023,0,,,,,,0,0,0,0,0,14.897,6.946
1043762395848801,100064197037125,"PC Merchandise","READY STOCK: i5 12400F / GTX 1660S builds. Same-day assembly. PM NOW!",,83,"10/03/2023 19:00",auto,https://www.facebook.com/reel/1239766820707749/,0,0,Reels,,,,,10/23/2023,0,,,,,,0,0,0,0,0,15.161,7.892
1043762395848801,100064197037125,"PC Merchandise","READY STOCK: i5 12400F / GTX 1660S builds. Same-day assembly. PM NOW!",,83,"10/03/2023 19:00",auto,https://www.facebook.com/reel/1239766820707749/,0,0,Reels,,,,,10/24/2023,0,,,,,,0,0,1,0,1,15.383,6.301
1043762395848801,100064197037125,"PC Merchandise","READY STOCK: i5 12400F / GTX 1660S builds. Same-day assembly. PM NOW!",,83,"10/03/2023 19:00",auto,https://www.facebook.com/reel/1239766820707749/,0,0,Reels,,,,,10/25/2023,0,,,,,,0,0,0,0,0,19.519,6.200
1043762395848801,100064197037125,"PC Merchandise","READY STOCK: i5 12400F / GTX 1660S builds. Same-day assembly. PM NOW!",,83,"10/03/2023 19:00",auto,https://www.facebook.com/reel/1239766820707749/,0,0,Reels,,,,,10/26/2023,0,,,,,,0,0,0,0,0,15.150,7.302
1043762395848801,100064197037125,"PC Merchandise","READY STOCK: i5 12400F / GTX 1660S builds. Same-day assembly. PM NOW!",,83,"10/03/2023 19:00",auto,https://www.facebook.com/reel/1239766820707749/,0,0,Reels,,,,,10/27/2023,0,,,,,,0,0,0,0,0,28.872,7.149
1043762395848801,100064197037125,"PC Merchandise","READY STOCK: i5 12400F / GTX 1660S builds. Same-day assembly. PM NOW!",,83,"10/03/2023 19:00",auto,https://www.facebook.com/reel/1239766820707749/,0,0,Reels,,,,,10/28/2023,0,,,,,,0,0,0,0,0,20.586,6.121
1043762395848801,100064197037125,"PC Merchandise","READY STOCK: i5 12400F / GTX 1660S builds. Same-day assembly. PM NOW!",,83,"10/03/2023 19:00",auto,https://www.facebook.com/reel/1239766820707749/,0,0,Reels,,,,,10/29/2023,0,,,,,,0,0,0,0,0,10.415,5.302
1043762395848801,100064197037125,"PC Merchandise","READY STOCK: i5 12400F / GTX 1660S builds. Same-day assembly. PM NOW!",,83,"10/03/2023 19:00",auto,https://www.facebook.com/reel/1239766820707749/,0,0,Reels,,,,,10/30/2023,0,,,,,,0,0,0,0,0,13.388,6.928
1043762395848801,100064197037125,"PC Merchandise","READY STOCK: i5 12400F / GTX 1660S builds. Same-day assembly. PM NOW!",,83,"10/03/2023 19:00",auto,https://www.facebook.com/reel/1239766820707749/,0,0,Reels,,,,,10/31/2023,0,,,,,,0,0,0,0,0,16.821,5.996
1043132675720387,100064197037125,"PC Merchandise","𝐢𝟓 𝟏𝟐𝟒𝟎𝟎𝐅 (𝟖𝐏𝐂𝐒) w/ 𝐑𝐗 𝟓𝟖𝟎
𝐆𝐀𝐌𝐈𝐍𝐆 𝐁𝐔𝐈𝐋𝐃
#PCMERCHANDISE #PCMBUILDS",,0,"10/02/2023 22:30",,https://www.facebook.com/pcmerchandise.co/posts/pfbid0VGx5mae56ha2RhrMLOEfqenH9yqyOi9MA6yiT2gPb4ZO21hFDUeLB5Ed,0,0,Photos,,,,,10/31/2023,2,,,,,,,,,,,,
1043132675720387,100064197037125,"PC Merchandise","𝐢𝟓 𝟏𝟐𝟒𝟎𝟎𝐅 (𝟖𝐏𝐂𝐒) w/ 𝐑𝐗 𝟓𝟖𝟎
𝐆𝐀𝐌𝐈𝐍𝐆 𝐁𝐔𝐈𝐋𝐃
#PCMERCHANDISE #PCMBUILDS",,0,"10/02/2023 22:30",,https://www.facebook.com/pcmerchandise.co/posts/pfbid0VGx5mae56ha2RhrMLOEfqenH9yqyOi9MA6yiT2gPb4ZO21hFDUeLB5Ed,0,0,Photos,,,,,10/01/2023,,,0,0,0,0,0,0,,,,,
1043132675720387,100064197037125,"PC Merchandise","𝐢𝟓 𝟏𝟐𝟒𝟎𝟎𝐅 (𝟖𝐏𝐂𝐒) w/ 𝐑𝐗 𝟓𝟖𝟎
𝐆𝐀𝐌𝐈𝐍𝐆 𝐁𝐔𝐈𝐋𝐃
#PCMERCHANDISE #PCMBUILDS",,0,"10/02/2023 22:30",,https://www.facebook.com/pcmerchandise.co/posts/pfbid0VGx5mae56ha2RhrMLOEfqenH9yqyOi9MA6yiT2gPb4ZO21hFDUeLB5Ed,0,0,Photos,,,,,10/02/2023,,,0,0,0,0,0,0,,,,,
1043132675720387,100064197037125,"PC Merchandise","𝐢𝟓 𝟏𝟐𝟒𝟎𝟎𝐅 (𝟖𝐏𝐂𝐒) w/ 𝐑𝐗 𝟓𝟖𝟎
𝐆𝐀𝐌𝐈𝐍𝐆 𝐁𝐔𝐈𝐋𝐃
#PCMERCHANDISE #PCMBUILDS",,0,"10/02/2023 22:30",,https://www.facebook.com/pcmerchandise.co/posts/pfbid0VGx5mae56ha2RhrMLOEfqenH9yqyOi9MA6yiT2gPb4ZO21hFDUeLB5Ed,0,0,Photos,,,,,10/03/2023,,,0,0,0,0,0,0,,,,,
1043132675720387,100064197037125,"PC Merchandise","𝐢𝟓 𝟏𝟐𝟒𝟎𝟎𝐅 (𝟖𝐏𝐂𝐒) w/ 𝐑𝐗 𝟓𝟖𝟎
𝐆𝐀𝐌𝐈𝐍𝐆 𝐁𝐔𝐈𝐋𝐃
#PCMERCHANDISE #PCMBUILDS",,0,"10/02/2023 22:30",,https://www.facebook.com/pcmerchandise.co/posts/pfbid0VGx5mae56ha2RhrMLOEfqenH9yqyOi9MA6yiT2gPb4ZO21hFDUeLB5Ed,0,0,Photos,,,,,10/04/2023,,,0,0,0,0,0,0,,,,,
1043132675720387,100064197037125,"PC Merchandise","𝐢𝟓 𝟏𝟐𝟒𝟎𝟎𝐅 (𝟖𝐏𝐂𝐒) w/ 𝐑𝐗 𝟓𝟖𝟎
𝐆𝐀𝐌𝐈𝐍𝐆 𝐁𝐔𝐈𝐋𝐃
#PCMERCHANDISE #PCMBUILDS",,0,"10/02/2023 22:30",,https://www.facebook.com/pcmerchandise.co/posts/pfbid0VGx5mae56ha2RhrMLOEfqenH9yqyOi9MA6yiT2gPb4ZO21hFDUeLB5Ed,0,0,Photos,,,,,10/05/2023,,,0,0,0,0,0,0,,,,,
1043132675720387,100064197037125,"PC Merchandise","𝐢𝟓 𝟏𝟐𝟒𝟎𝟎𝐅 (𝟖𝐏𝐂𝐒) w/ 𝐑𝐗 𝟓𝟖𝟎
𝐆𝐀𝐌𝐈𝐍𝐆 𝐁𝐔𝐈𝐋𝐃
#PCMERCHANDISE #PCMBUILDS",,0,"10/02/2023 22:30",,https://www.facebook.com/pcmerchandise.co/posts/pfbid0VGx5mae56ha2RhrMLOEfqenH9yqyOi9MA6yiT2gPb4ZO21hFDUeLB5Ed,0,0,Photos,,,,,10/06/2023,,,0,0,0,0,0,0,,,,,
1043132675720387,100064197037125,"PC Merchandise","𝐢𝟓 𝟏𝟐𝟒𝟎𝟎𝐅 (𝟖𝐏𝐂𝐒) w/ 𝐑𝐗 𝟓𝟖𝟎
𝐆𝐀𝐌𝐈𝐍𝐆 𝐁𝐔𝐈𝐋𝐃
#PCMERCHANDISE #PCMBUILDS",,0,"10/02/2023 22:30",,https://www.facebook.com/pcmerchandise.co/posts/pfbid0VGx5mae56ha2RhrMLOEfqenH9yqyOi9MA6yiT2gPb4ZO21hFDUeLB5Ed,0,0,Photos,,,,,10/07/2023,,,0,0,0,0,0,0,,,,,
1043132675720387,100064197037125,"PC Merchandise","𝐢𝟓 𝟏𝟐𝟒𝟎𝟎𝐅 (𝟖𝐏𝐂𝐒) w/ 𝐑𝐗 𝟓𝟖𝟎
𝐆𝐀𝐌𝐈𝐍𝐆 𝐁𝐔𝐈𝐋𝐃
#PCMERCHANDISE #PCMBUILDS",,0,"10/02/2023 22:30",,https://www.facebook.com/pcmerchandise.co/posts/pfbid0VGx5mae56ha2RhrMLOEfqenH9yqyOi9MA6yiT2gPb4ZO21hFDUeLB5Ed,0,0,Photos,,,,,10/08/2023,,,0,0,0,0,0,0,,,,,
1043132675720387,100064197037125,"PC Merchandise","𝐢𝟓 𝟏𝟐𝟒𝟎𝟎𝐅 (𝟖𝐏𝐂𝐒) w/ 𝐑𝐗 𝟓𝟖𝟎
𝐆𝐀𝐌𝐈𝐍𝐆 𝐁𝐔𝐈𝐋𝐃
#PCMERCHANDISE #PCMBUILDS",,0,"10/02/2023 22:30",,https://www.facebook.com/pcmerchandise.co/posts/pfbid0VGx5mae56ha2RhrMLOEfqenH9yqyOi9MA6yiT2gPb4ZO21hFDUeLB5Ed,0,0,Photos,,,,,10/09/2023,,,0,0,0,0,0,0,,,,,
1043132675720387,100064197037125,"PC Merchandise","𝐢𝟓 𝟏𝟐𝟒𝟎𝟎𝐅 (𝟖𝐏𝐂𝐒) w/ 𝐑𝐗 𝟓𝟖𝟎
𝐆𝐀𝐌𝐈𝐍𝐆 𝐁𝐔𝐈𝐋𝐃
#PCMERCHANDISE #PCMBUILDS",,0,"10/02/2023 22:30",,https://www.facebook.com/pcmerchandise.co/posts/pfbid0VGx5mae56ha2RhrMLOEfqenH9yqyOi9MA6yiT2gPb4ZO21hFDUeLB5Ed,0,0,Photos,,,,,10/10/2023,,,0,0,0,0,0,0,,,,,
1043132675720387,100064197037125,"PC Merchandise","𝐢𝟓 𝟏𝟐𝟒𝟎𝟎𝐅 (𝟖𝐏𝐂𝐒) w/ 𝐑𝐗 𝟓𝟖𝟎
𝐆𝐀𝐌𝐈𝐍𝐆 𝐁𝐔𝐈𝐋𝐃
#PCMERCHANDISE #PCMBUILDS",,0,"10/02/2023 22:30",,https://www.facebook.com/pcmerchandise.co/posts/pfbid0VGx5mae56ha2RhrMLOEfqenH9yqyOi9MA6yiT2gPb4ZO21hFDUeLB5Ed,0,0,Photos,,,,,10/11/2023,,,0,0,0,0,0,0,,,,,
1043132675720387,100064197037125,"PC Merchandise","𝐢𝟓 𝟏𝟐𝟒𝟎𝟎𝐅 (𝟖𝐏𝐂𝐒) w/ 𝐑𝐗 𝟓𝟖𝟎
𝐆𝐀𝐌𝐈𝐍𝐆 𝐁𝐔𝐈𝐋𝐃
#PCMERCHANDISE #PCMBUILDS",,0,"10/02/2023 22:30",,https://www.facebook.com/pcmerchandise.co/posts/pfbid0VGx5mae56ha2RhrMLOEfqenH9yqyOi9MA6yiT2gPb4ZO21hFDUeLB5Ed,0,0,Photos,,,,,10/12/2023,,,0,0,0,0,0,0,,,,,
1043132675720387,100064197037125,"PC Merchandise","𝐢𝟓 𝟏𝟐𝟒𝟎𝟎𝐅 (𝟖𝐏𝐂𝐒) w/ 𝐑𝐗 𝟓𝟖𝟎
𝐆𝐀𝐌𝐈𝐍𝐆 𝐁𝐔𝐈𝐋𝐃
#PCMERCHANDISE #PCMBUILDS",,0,"10/02/2023 22:30",,https://www.facebook.com/pcmerchandise.co/posts/pfbid0VGx5mae56ha2RhrMLOEfqenH9yqyOi9MA6yiT2gPb4ZO21hFDUeLB5Ed,0,0,Photos,,,,,10/13/2023,,,0,0,0,0,0,0,,,,,
1043132675720387,100064197037125,"PC Merchandise","𝐢𝟓 𝟏𝟐𝟒𝟎𝟎𝐅 (𝟖𝐏𝐂𝐒) w/ 𝐑𝐗 𝟓𝟖𝟎
𝐆𝐀𝐌𝐈𝐍𝐆 𝐁𝐔𝐈𝐋𝐃
#PCMERCHANDISE #PCMBUILDS",,0,"10/02/2023 22:30",,https://www.facebook.com/pcmerchandise.co/posts/pfbid0VGx5mae56ha2RhrMLOEfqenH9yqyOi9MA6yiT2gPb4ZO21hFDUeLB5Ed,0,0,Photos,,,,,10/14/2023,,,0,0,0,0,0,0,,,,,
1043132675720387,100064197037125,"PC Merchandise","𝐢𝟓 𝟏𝟐𝟒𝟎𝟎𝐅 (𝟖𝐏𝐂𝐒) w/ 𝐑𝐗 𝟓𝟖𝟎
𝐆𝐀𝐌𝐈𝐍𝐆 𝐁𝐔𝐈𝐋𝐃
#PCMERCHANDISE #PCMBUILDS",,0,"10/02/2023 22:30",,https://www.facebook.com/pcmerchandise.co/posts/pfbid0VGx5mae56ha2RhrMLOEfqenH9yqyOi9MA6yiT2gPb4ZO21hFDUeLB5Ed,0,0,Photos,,,,,10/15/2023,,,0,0,0,0,0,0,,,,,
1043132675720387,100064197037125,"PC Merchandise","𝐢𝟓 𝟏𝟐𝟒𝟎𝟎𝐅 (𝟖𝐏𝐂𝐒) w/ 𝐑𝐗 𝟓𝟖𝟎
𝐆𝐀𝐌𝐈𝐍𝐆 𝐁𝐔𝐈𝐋𝐃
#PCMERCHANDISE #PCMBUILDS",,0,"10/02/2023 22:30",,https://www.facebook.com/pcmerchandise.co/posts/pfbid0VGx5mae56ha2RhrMLOEfqenH9yqyOi9MA6yiT2gPb4ZO21hFDUeLB5Ed,0,0,Photos,,,,,10/16/2023,,,0,0,0,0,0,0,,,,,
1043132675720387,100064197037125,"PC Merchandise","𝐢𝟓 𝟏𝟐𝟒𝟎𝟎𝐅 (𝟖𝐏𝐂𝐒) w/ 𝐑𝐗 𝟓𝟖𝟎
𝐆𝐀𝐌𝐈𝐍𝐆 𝐁𝐔𝐈𝐋𝐃
#PCMERCHANDISE #PCMBUILDS",,0,"10/02/2023 22:30",,https://www.facebook.com/pcmerchandise.co/posts/pfbid0VGx5mae56ha2RhrMLOEfqenH9yqyOi9MA6yiT2gPb4ZO21hFDUeLB5Ed,0,0,Photos,,,,,10/17/2023,,,0,0,0,0,0,0,,,,,
1043132675720387,100064197037125,"PC Merchandise","𝐢𝟓 𝟏𝟐𝟒𝟎𝟎𝐅 (𝟖𝐏𝐂𝐒) w/ 𝐑𝐗 𝟓𝟖𝟎
𝐆𝐀𝐌𝐈𝐍𝐆 𝐁𝐔𝐈𝐋𝐃
#PCMERCHANDISE #PCMBUILDS",,0,"10/02/2023 22:30",,https://www.facebook.com/pcmerchandise.co/posts/pfbid0VGx5mae56ha2RhrMLOEfqenH9yqyOi9MA6yiT2gPb4ZO21hFDUeLB5Ed,0,0,Photos,,,,,10/18/2023,,,0,0,0,0,0,0,,,,,
1043132675720387,100064197037125,"PC Merchandise","𝐢𝟓 𝟏𝟐𝟒𝟎𝟎𝐅 (𝟖𝐏𝐂𝐒) w/ 𝐑𝐗 𝟓𝟖𝟎
𝐆𝐀𝐌𝐈𝐍𝐆 𝐁𝐔𝐈𝐋𝐃
#PCMERCHANDISE #PCMBUILDS",,0,"10/02/2023 22:30",,https://www.facebook.com/pcmerchandise.co/posts/pfbid0VGx5mae56ha2RhrMLOEfqenH9yqyOi9MA6yiT2gPb4ZO21hFDUeLB5Ed,0,0,Photos,,,,,10/19/2023,,,0,0,0,0,0,0,,,,,
1043132675720387,100064197037125,"PC Merchandise","𝐢𝟓 𝟏𝟐𝟒𝟎𝟎𝐅 (𝟖𝐏𝐂𝐒) w/ 𝐑𝐗 𝟓𝟖𝟎
𝐆𝐀𝐌𝐈𝐍𝐆 𝐁𝐔𝐈𝐋𝐃
#PCMERCHANDISE #PCMBUILDS",,0,"10/02/2023 22:30",,https://www.facebook.com/pcmerchandise.co/posts/pfbid0VGx5mae56ha2RhrMLOEfqenH9yqyOi9MA6yiT2gPb4ZO21hFDUeLB5Ed,0,0,Photos,,,,,10/20/2023,,,0,0,0,0,0,0,,,,,
1043132675720387,100064197037125,"PC Merchandise","𝐢𝟓 𝟏𝟐𝟒𝟎𝟎𝐅 (𝟖𝐏𝐂𝐒) w/ 𝐑𝐗 𝟓𝟖𝟎
𝐆𝐀𝐌𝐈𝐍𝐆 𝐁𝐔𝐈𝐋𝐃
#PCMERCHANDISE #PCMBUILDS",,0,"10/02/2023 22:30",,https://www.facebook.com/pcmerchandise.co/posts/pfbid0VGx5mae56ha2RhrMLOEfqenH9yqyOi9MA6yiT2gPb4ZO21hFDUeLB5Ed,0,0,Photos,,,,,10/21/2023,,,0,0,0,0,0,0,,,,,
1043132675720387,100064197037125,"PC Merchandise","𝐢𝟓 𝟏𝟐𝟒𝟎𝟎𝐅 (𝟖𝐏𝐂𝐒) w/ 𝐑𝐗 𝟓𝟖𝟎
𝐆𝐀𝐌𝐈𝐍𝐆 𝐁𝐔𝐈𝐋𝐃
#PCMERCHANDISE #PCMBUILDS",,0,"10/02/2023 22:30",,https://www.facebook.com/pcmerchandise.co/posts/pfbid0VGx5mae56ha2RhrMLOEfqenH9yqyOi9MA6yiT2gPb4ZO21hFDUeLB5Ed,0,0,Photos,,,,,10/22/2023,,,0,0,0,0,0,0,,,,,
1043132675720387,100064197037125,"PC Merchandise","𝐢𝟓 𝟏𝟐𝟒𝟎𝟎𝐅 (𝟖𝐏𝐂𝐒) w/ 𝐑𝐗 𝟓𝟖𝟎
𝐆𝐀𝐌𝐈𝐍𝐆 𝐁𝐔𝐈𝐋𝐃
#PCMERCHANDISE #PCMBUILDS",,0,"10/02/2023 22:30",,https://www.facebook.com/pcmerchandise.co/posts/pfbid0VGx5mae56ha2RhrMLOEfqenH9yqyOi9MA6yiT2gPb4ZO21hFDUeLB5Ed,0,0,Photos,,,,,10/23/2023,,,0,0,0,0,0,0,,,,,
1043132675720387,100064197037125,"PC Merchandise","𝐢𝟓 𝟏𝟐𝟒𝟎𝟎𝐅 (𝟖𝐏𝐂𝐒) w/ 𝐑𝐗 𝟓𝟖𝟎
𝐆𝐀𝐌𝐈𝐍𝐆 𝐁𝐔𝐈𝐋𝐃
#PCMERCHANDISE #PCMBUILDS",,0,"10/02/2023 22:30",,https://www.facebook.com/pcmerchandise.co/posts/pfbid0VGx5mae56ha2RhrMLOEfqenH9yqyOi9MA6yiT2gPb4ZO21hFDUeLB5Ed,0,0,Photos,,,,,10/24/2023,,,0,0,0,0,0,0,,,,,
1043132675720387,100064197037125,"PC Merchandise","𝐢𝟓 𝟏𝟐𝟒𝟎𝟎𝐅 (𝟖𝐏𝐂𝐒) w/ 𝐑𝐗 𝟓𝟖𝟎
𝐆𝐀𝐌𝐈𝐍𝐆 𝐁𝐔𝐈𝐋𝐃
#PCMERCHANDISE #PCMBUILDS",,0,"10/02/2023 22:30",,https://www.facebook.com/pcmerchandise.co/posts/pfbid0VGx5mae56ha2RhrMLOEfqenH9yqyOi9MA6yiT2gPb4ZO21hFDUeLB5Ed,0,0,Photos,,,,,10/25/2023,,,0,0,0,0,0,0,,,,,
1043132675720387,100064197037125,"PC Merchandise","𝐢𝟓 𝟏𝟐𝟒𝟎𝟎𝐅 (𝟖𝐏𝐂𝐒) w/ 𝐑𝐗 𝟓𝟖𝟎
𝐆𝐀𝐌𝐈𝐍𝐆 𝐁𝐔𝐈𝐋𝐃
#PCMERCHANDISE #PCMBUILDS",,0,"10/02/2023 22:30",,https://www.facebook.com/pcmerchandise.co/posts/pfbid0VGx5mae56ha2RhrMLOEfqenH9yqyOi9MA6yiT2gPb4ZO21hFDUeLB5Ed,0,0,Photos,,,,,10/26/2023,,,0,0,0,0,0,0,,,,,
1043132675720387,100064197037125,"PC Merchandise","𝐢𝟓 𝟏𝟐𝟒𝟎𝟎𝐅 (𝟖𝐏𝐂𝐒) w/ 𝐑𝐗 𝟓𝟖𝟎
𝐆𝐀𝐌𝐈𝐍𝐆 𝐁𝐔𝐈𝐋𝐃
#PCMERCHANDISE #PCMBUILDS",,0,"10/02/2023 22:30",,https://www.facebook.com/pcmerchandise.co/posts/pfbid0VGx5mae56ha2RhrMLOEfqenH9yqyOi9MA6yiT2gPb4ZO21hFDUeLB5Ed,0,0,Photos,,,,,10/27/2023,,,0,0,0,0,0,0,,,,,
1043132675720387,100064197037125,"PC Merchandise","𝐢𝟓 𝟏𝟐𝟒𝟎𝟎𝐅 (𝟖𝐏𝐂𝐒) w/ 𝐑𝐗 𝟓𝟖𝟎
𝐆𝐀𝐌𝐈𝐍𝐆 𝐁𝐔𝐈𝐋𝐃
#PCMERCHANDISE #PCMBUILDS",,0,"10/02/2023 22:30",,https://www.facebook.com/pcmerchandise.co/posts/pfbid0VGx5mae56ha2RhrMLOEfqenH9yqyOi9MA6yiT2gPb4ZO21hFDUeLB5Ed,0,0,Photos,,,,,10/28/2023,,,0,0,0,0,0,0,,,,,
1043132675720387,100064197037125,"PC Merchandise","𝐢𝟓 𝟏𝟐𝟒𝟎𝟎𝐅 (𝟖𝐏𝐂𝐒) w/ 𝐑𝐗 𝟓𝟖𝟎
𝐆𝐀𝐌𝐈𝐍𝐆 𝐁𝐔𝐈𝐋𝐃
#PCMERCHANDISE #PCMBUILDS",,0,"10/02/2023 22:30",,https://www.facebook.com/pcmerchandise.co/posts/pfbid0VGx5mae56ha2RhrMLOEfqenH9yqyOi9MA6yiT2gPb4ZO21hFDUeLB5Ed,0,0,Photos,,,,,10/29/2023,,,0,0,0,0,0,0,,,,,
1043132675720387,100064197037125,"PC Merchandise","𝐢𝟓 𝟏𝟐𝟒𝟎𝟎𝐅 (𝟖𝐏𝐂𝐒) w/ 𝐑𝐗 𝟓𝟖𝟎
𝐆𝐀𝐌𝐈𝐍𝐆 𝐁𝐔𝐈𝐋𝐃
#PCMERCHANDISE #PCMBUILDS",,0,"10/02/2023 22:30",,https://www.facebook.com/pcmerchandise.co/posts/pfbid0VGx5mae56ha2RhrMLOEfqenH9yqyOi9MA6yiT2gPb4ZO21hFDUeLB5Ed,0,0,Photos,,,,,10/30/2023,,,0,0,0,0,0,0,,,,,
1043132675720387,100064197037125,"PC Merchandise","𝐢𝟓 𝟏𝟐𝟒𝟎𝟎𝐅 (𝟖𝐏𝐂𝐒) w/ 𝐑𝐗 𝟓𝟖𝟎
𝐆𝐀𝐌𝐈𝐍𝐆 𝐁𝐔𝐈𝐋𝐃
#PCMERCHANDISE #PCMBUILDS",,0,"10/02/2023 22:30",,https://www.facebook.com/pcmerchandise.co/posts/pfbid0VGx5mae56ha2RhrMLOEfqenH9yqyOi9MA6yiT2gPb4ZO21hFDUeLB5Ed,0,0,Photos,,,,,10/31/2023,,,0,0,0,0,0,0,,,,,
1043030918734492,100064197037125,"PC Merchandise","malas naman🥹",,0,"10/02/2023 22:01",,https://www.facebook.com/pcmerchandise.co/posts/pfbid0OkhoeTBddDSPcvFlmnNNWct9SFvka0vsHECmF5Xh09t4cHXU7LvnPOnV,0,0,Photos,,,,,10/31/2023,0,,,,,,,,,,,,
1043030918734492,100064197037125,"PC Merchandise","malas naman🥹",,0,"10/02/2023 22:01",,https://www.facebook.com/pcmerchandise.co/posts/pfbid0OkhoeTBddDSPcvFlmnNNWct9SFvka0vsHECmF5Xh09t4cHXU7LvnPOnV,0,0,Photos,,,,,10/01/2023,,,0,0,0,0,0,0,,,,,
1043030918734492,100064197037125,"PC Merchandise","malas naman🥹",,0,"10/02/2023 22:01",,https://www.facebook.com/pcmerchandise.co/posts/pfbid0OkhoeTBddDSPcvFlmnNNWct9SFvka0vsHECmF5Xh09t4cHXU7LvnPOnV,0,0,Photos,,,,,10/02/2023,,,0,0,0,0,0,0,,,,,
1043030918734492,100064197037125,"PC Merchandise","malas naman🥹",,0,"10/02/2023 22:01",,https://www.facebook.com/pcmerchandise.co/posts/pfbid0OkhoeTBddDSPcvFlmnNNWct9SFvka0vsHECmF5Xh09t4cHXU7LvnPOnV,0,0,Photos,,,,,10/03/2023,,,0,0,0,0,0,0,,,,,
1043030918734492,100064197037125,"PC Merchandise","malas naman🥹",,0,"10/02/2023 22:01",,https://www.facebook.com/pcmerchandise.co/posts/pfbid0OkhoeTBddDSPcvFlmnNNWct9SFvka0vsHECmF5Xh09t4cHXU7LvnPOnV,0,0,Photos,,,,,10/04/2023,,,0,0,0,0,0,0,,,,,
1043030918734492,100064197037125,"PC Merchandise","malas naman🥹",,0,"10/02/2023 22:01",,https://www.facebook.com/pcmerchandise.co/posts/pfbid0OkhoeTBddDSPcvFlmnNNWct9SFvka0vsHECmF5Xh09t4cHXU7LvnPOnV,0,0,Photos,,,,,10/05/2023,,,0,0,0,0,0,0,,,,,
1043030918734492,100064197037125,"PC Merchandise","malas naman🥹",,0,"10/02/2023 22:01",,https://www.facebook.com/pcmerchandise.co/posts/pfbid0OkhoeTBddDSPcvFlmnNNWct9SFvka0vsHECmF5Xh09t4cHXU7LvnPOnV,0,0,Photos,,,,,10/06/2023,,,0,0,0,0,0,0,,,,,
1043030918734492,100064197037125,"PC Merchandise","malas naman🥹",,0,"10/02/2023 22:01",,https://www.facebook.com/pcmerchandise.co/posts/pfbid0OkhoeTBddDSPcvFlmnNNWct9SFvka0vsHECmF5Xh09t4cHXU7LvnPOnV,0,0,Photos,,,,,10/07/2023,,,0,0,0,0,0,0,,,,,
1043030918734492,100064197037125,"PC Merchandise","malas naman🥹",,0,"10/02/2023 22:01",,https://www.facebook.com/pcmerchandise.co/posts/pfbid0OkhoeTBddDSPcvFlmnNNWct9SFvka0vsHECmF5Xh09t4cHXU7LvnPOnV,0,0,Photos,,,,,10/08/2023,,,0,0,0,0,0,0,,,,,
1043030918734492,100064197037125,"PC Merchandise","malas naman🥹",,0,"10/02/2023 22:01",,https://www.facebook.com/pcmerchandise.co/posts/pfbid0OkhoeTBddDSPcvFlmnNNWct9SFvka0vsHECmF5Xh09t4cHXU7LvnPOnV,0,0,Photos,,,,,10/09/2023,,,0,0,0,0,0,0,,,,,
1043030918734492,100064197037125,"PC Merchandise","malas naman🥹",,0,"10/02/2023 22:01",,https://www.facebook.com/pcmerchandise.co/posts/pfbid0OkhoeTBddDSPcvFlmnNNWct9SFvka0vsHECmF5Xh09t4cHXU7LvnPOnV,0,0,Photos,,,,,10/10/2023,,,0,0,0,0,0,0,,,,,
1043030918734492,100064197037125,"PC Merchandise","malas naman🥹",,0,"10/02/2023 22:01",,https://www.facebook.com/pcmerchandise.co/posts/pfbid0OkhoeTBddDSPcvFlmnNNWct9SFvka0vsHECmF5Xh09t4cHXU7LvnPOnV,0,0,Photos,,,,,10/11/2023,,,0,0,0,0,0,0,,,,,
1043030918734492,100064197037125,"PC Merchandise","malas naman🥹",,0,"10/02/2023 22:01",,https://www.facebook.com/pcmerchandise.co/posts/pfbid0OkhoeTBddDSPcvFlmnNNWct9SFvka0vsHECmF5Xh09t4cHXU7LvnPOnV,0,0,Photos,,,,,10/12/2023,,,0,0,0,0,0,0,,,,,
1043030918734492,100064197037125,"PC Merchandise","malas naman🥹",,0,"10/02/2023 22:01",,https://www.facebook.com/pcmerchandise.co/posts/pfbid0OkhoeTBddDSPcvFlmnNNWct9SFvka0vsHECmF5Xh09t4cHXU7LvnPOnV,0,0,Photos,,,,,10/13/2023,,,0,0,0,0,0,0,,,,,
1043030918734492,100064197037125,"PC Merchandise","malas naman🥹",,0,"10/02/2023 22:01",,https://www.facebook.com/pcmerchandise.co/posts/pfbid0OkhoeTBddDSPcvFlmnNNWct9SFvka0vsHECmF5Xh09t4cHXU7LvnPOnV,0,0,Photos,,,,,10/14/2023,,,0,0,0,0,0,0,,,,,
1043030918734492,100064197037125,"PC Merchandise","malas naman🥹",,0,"10/02/2023 22:01",,https://www.facebook.com/pcmerchandise.co/posts/pfbid0OkhoeTBddDSPcvFlmnNNWct9SFvka0vsHECmF5Xh09t4cHXU7LvnPOnV,0,0,Photos,,,,,10/15/2023,,,0,0,0,0,0,0,,,,,
1043030918734492,100064197037125,"PC Merchandise","malas naman🥹",,0,"10/02/2023 22:01",,https://www.facebook.com/pcmerchandise.co/posts/pfbid0OkhoeTBddDSPcvFlmnNNWct9SFvka0vsHECmF5Xh09t4cHXU7LvnPOnV,0,0,Photos,,,,,10/16/2023,,,0,0,0,0,0,0,,,,,
1043030918734492,100064197037125,"PC Merchandise","malas naman🥹",,0,"10/02/2023 22:01",,https://www.facebook.com/pcmerchandise.co/posts/pfbid0OkhoeTBddDSPcvFlmnNNWct9SFvka0vsHECmF5Xh09t4cHXU7LvnPOnV,0,0,Photos,,,,,10/17/2023,,,0,0,0,0,0,0,,,,,
1043030918734492,100064197037125,"PC Merchandise","malas naman🥹",,0,"10/02/2023 22:01",,https://www.facebook.com/pcmerchandise.co/posts/pfbid0OkhoeTBddDSPcvFlmnNNWct9SFvka0vsHECmF5Xh09t4cHXU7LvnPOnV,0,0,Photos,,,,,10/18/2023,,,0,0,0,0,0,0,,,,,
1043030918734492,100064197037125,"PC Merchandise","malas naman🥹",,0,"10/02/2023 22:01",,https://www.facebook.com/pcmerchandise.co/posts/pfbid0OkhoeTBddDSPcvFlmnNNWct9SFvka0vsHECmF5Xh09t4cHXU7LvnPOnV,0,0,Photos,,,,,10/19/2023,,,0,0,0,0,0,0,,,,,
1043030918734492,100064197037125,"PC Merchandise","malas naman🥹",,0,"10/02/2023 22:01",,https://www.facebook.com/pcmerchandise.co/posts/pfbid0OkhoeTBddDSPcvFlmnNNWct9SFvka0vsHECmF5Xh09t4cHXU7LvnPOnV,0,0,Photos,,,,,10/20/2023,,,0,0,0,0,0,0,,,,,
1043030918734492,100064197037125,"PC Merchandise","malas naman🥹",,0,"10/02/2023 22:01",,https://www.facebook.com/pcmerchandise.co/posts/pfbid0OkhoeTBddDSPcvFlmnNNWct9SFvka0vsHECmF5Xh09t4cHXU7LvnPOnV,0,0,Photos,,,,,10/21/2023,,,0,0,0,0,0,0,,,,,
1043030918734492,100064197037125,"PC Merchandise","malas naman🥹",,0,"10/02/2023 22:01",,https://www.facebook.com/pcmerchandise.co/posts/pfbid0OkhoeTBddDSPcvFlmnNNWct9SFvka0vsHECmF5Xh09t4cHXU7LvnPOnV,0,0,Photos,,,,,10/22/2023,,,0,0,0,0,0,0,,,,,
1043030918734492,100064197037125,"PC Merchandise","malas naman🥹",,0,"10/02/2023 22:01",,https://www.facebook.com/pcmerchandise.co/posts/pfbid0OkhoeTBddDSPcvFlmnNNWct9SFvka0vsHECmF5Xh09t4cHXU7LvnPOnV,0,0,Photos,,,,,10/23/2023,,,0,0,0,0,0,0,,,,,
1043030918734492,100064197037125,"PC Merchandise","malas naman🥹",,0,"10/02/2023 22:01",,https://www.facebook.com/pcmerchandise.co/posts/pfbid0OkhoeTBddDSPcvFlmnNNWct9SFvka0vsHECmF5Xh09t4cHXU7LvnPOnV,0,0,Photos,,,,,10/24/2023,,,0,0,0,0,0,0,,,,,
1043030918734492,100064197037125,"PC Merchandise","malas naman🥹",,0,"10/02/2023 22:01",,https://www.facebook.com/pcmerchandise.co/posts/pfbid0OkhoeTBddDSPcvFlmnNNWct9SFvka0vsHECmF5Xh09t4cHXU7LvnPOnV,0,0,Photos,,,,,10/25/2023,,,0,0,0,0,0,0,,,,,
1043030918734492,100064197037125,"PC Merchandise","malas naman🥹",,0,"10/02/2023 22:01",,https://www.facebook.com/pcmerchandise.co/posts/pfbid0OkhoeTBddDSPcvFlmnNNWct9SFvka0vsHECmF5Xh09t4cHXU7LvnPOnV,0,0,Photos,,,,,10/26/2023,,,0,0,0,0,0,0,,,,,
1043030918734492,100064197037125,"PC Merchandise","malas naman🥹",,0,"10/02/2023 22:01",,https://www.facebook.com/pcmerchandise.co/posts/pfbid0OkhoeTBddDSPcvFlmnNNWct9SFvka0vsHECmF5Xh09t4cHXU7LvnPOnV,0,0,Photos,,,,,10/27/2023,,,0,0,0,0,0,0,,,,,
1043030918734492,100064197037125,"PC Merchandise","malas naman🥹",,0,"10/02/2023 22:01",,https://www.facebook.com/pcmerchandise.co/posts/pfbid0OkhoeTBddDSPcvFlmnNNWct9SFvka0vsHECmF5Xh09t4cHXU7LvnPOnV,0,0,Photos,,,,,10/28/2023,,,0,0,0,0,0,0,,,,,
1043030918734492,100064197037125,"PC Merchandise","malas naman🥹",,0,"10/02/2023 22:01",,https://www.facebook.com/pcmerchandise.co/posts/pfbid0OkhoeTBddDSPcvFlmnNNWct9SFvka0vsHECmF5Xh09t4cHXU7LvnPOnV,0,0,Photos,,,,,10/29/2023,,,0,0,0,0,0,0,,,,,
1043030918734492,100064197037125,"PC Merchandise","malas naman🥹",,0,"10/02/2023 22:01",,https://www.facebook.com/pcmerchandise.co/posts/pfbid0OkhoeTBddDSPcvFlmnNNWct9SFvka0vsHECmF5Xh09t4cHXU7LvnPOnV,0,0,Photos,,,,,10/30/2023,,,0,0,0,0,0,0,,,,,
1043030918734492,100064197037125,"PC Merchandise","malas naman🥹",,0,"10/02/2023 22:01",,https://www.facebook.com/pcmerchandise.co/posts/pfbid0OkhoeTBddDSPcvFlmnNNWct9SFvka0vsHECmF5Xh09t4cHXU7LvnPOnV,0,0,Photos,,,,,10/31/2023,,,0,0,0,0,0,0,,,,,
1043659748809199,100064197037125,"PC Merchandise","Paano kung sabihin ko sayo na kaya mo na mag GTX 1660S build under budget? 👀",,39,"10/01/2023 22:00",mixed,https://www.facebook.com/reel/1199136803787199/,0,0,Reels,,,,,10/01/2023,0,,,,,,0,0,0,0,0,358.744,4.453
1043659748809199,100064197037125,"PC Merchandise","Paano kung sabihin ko sayo na kaya mo na mag GTX 1660S build under budget? 👀",,39,"10/01/2023 22:00",mixed,https://www.facebook.com/reel/1199136803787199/,0,0,Reels,,,,,10/02/2023,0,,,,,,0,0,0,0,0,161.591,2.832
1043659748809199,100064197037125,"PC Merchandise","Paano kung sabihin ko sayo na kaya mo na mag GTX 1660S build under budget? 👀",,39,"10/01/2023 22:00",mixed,https://www.facebook.com/reel/1199136803787199/,0,0,Reels,,,,,10/03/2023,0,,,,,,0,0,0,0,0,124.178,3.353
1043659748809199,100064197037125,"PC Merchandise","Paano kung sabihin ko sayo na kaya mo na mag GTX 1660S build under budget? 👀",,39,"10/01/2023 22:00",mixed,https://www.facebook.com/reel/1199136803787199/,0,0,Reels,,,,,10/04/2023,0,,,,,,0,0,0,0,0,99.791,3.947
1043659748809199,100064197037125,"PC Merchandise","Paano kung sabihin ko sayo na kaya mo na mag GTX 1660S build under budget? 👀",,39,"10/01/2023 22:00",mixed,https://www.facebook.com/reel/1199136803787199/,0,0,Reels,,,,,10/05/2023,0,,,,,,0,0,0,0,0,70.347,4.601
1043659748809199,100064197037125,"PC Merchandise","Paano kung sabihin ko sayo na kaya mo na mag GTX 1660S build under budget? 👀",,39,"10/01/2023 22:00",mixed,https://www.facebook.com/reel/1199136803787199/,0,0,Reels,,,,,10/06/2023,0,,,,,,0,0,0,0,0,30.135,3.032
1043659748809199,100064197037125,"PC Merchandise","Paano kung sabihin ko sayo na kaya mo na mag GTX 1660S build under budget? 👀",,39,"10/01/2023 22:00",mixed,https://www.facebook.com/reel/1199136803787199/,0,0,Reels,,,,,10/07/2023,0,,,,,,0,0,0,0,0,36.330,4.763
1043659748809199,100064197037125,"PC Merchandise","Paano kung sabihin ko sayo na kaya mo na mag GTX 1660S build under budget? 👀",,39,"10/01/2023 22:00",mixed,https://www.facebook.com/reel/1199136803787199/,0,0,Reels,,,,,10/08/2023,0,,,,,,0,0,0,0,0,41.867,4.203
1043659748809199,100064197037125,"PC Merchandise","Paano kung sabihin ko sayo na kaya mo na mag GTX 1660S build under budget? 👀",,39,"10/01/2023 22:00",mixed,https://www.facebook.com/reel/1199136803787199/,0,0,Reels,,,,,10/09/2023,0,,,,,,0,0,0,0,0,37.602,4.862
1043659748809199,100064197037125,"PC Merchandise","Paano kung sabihin ko sayo na kaya mo na mag GTX 1660S build under budget? 👀",,39,"10/01/2023 22:00",mixed,https://www.facebook.com/reel/1199136803787199/,0,0,Reels,,,,,10/10/2023,0,,,,,,0,0,0,0,0,35.865,4.217
1043659748809199,100064197037125,"PC Merchandise","Paano kung sabihin ko sayo na kaya mo na mag GTX 1660S build under budget? 👀",,39,"10/01/2023 22:00",mixed,https://www.facebook.com/reel/1199136803787199/,0,0,Reels,,,,,10/11/2023,0,,,,,,0,0,0,0,0,27.620,2.935
1043659748809199,100064197037125,"PC Merchandise","Paano kung sabihin ko sayo na kaya mo na mag GTX 1660S build under budget? 👀",,39,"10/01/2023 22:00",mixed,https://www.facebook.com/reel/1199136803787199/,0,0,Reels,,,,,10/12/2023,0,,,,,,0,0,0,0,0,11.632,3.738
1043659748809199,100064197037125,"PC Merchandise","Paano kung sabihin ko sayo na kaya mo na mag GTX 1660S build under budget? 👀",,39,"10/01/2023 22:00",mixed,https://www.facebook.com/reel/1199136803787199/,0,0,Reels,,,,,10/13/2023,0,,,,,,0,0,0,0,0,13.749,3.311
1043659748809199,100064197037125,"PC Merchandise","Paano kung sabihin ko sayo na kaya mo na mag GTX 1660S build under budget? 👀",,39,"10/01/2023 22:00",mixed,https://www.facebook.com/reel/1199136803787199/,0,0,Reels,,,,,10/14/2023,0,,,,,,0,0,0,0,0,18.438,2.957
1043659748809199,100064197037125,"PC Merchandise","Paano kung sabihin ko sayo na kaya mo na mag GTX 1660S build under budget? 👀",,39,"10/01/2023 22:00",mixed,https://www.facebook.com/reel/1199136803787199/,0,0,Reels,,,,,10/15/2023,0,,,,,,0,0,0,0,0,12.315,4.040
1043659748809199,100064197037125,"PC Merchandise","Paano kung sabihin ko sayo na kaya mo na mag GTX 1660S build under budget? 👀",,39,"10/01/2023 22:00",mixed,https://www.facebook.com/reel/1199136803787199/,0,0,Reels,,,,,10/16/2023,0,,,,,,0,0,0,0,0,15.925,3.550
1043659748809199,100064197037125,"PC Merchandise","Paano kung sabihin ko sayo na kaya mo na mag GTX 1660S build under budget? 👀",,39,"10/01/2023 22:00",mixed,https://www.facebook.com/reel/1199136803787199/,0,0,Reels,,,,,10/17/2023,0,,,,,,0,0,0,0,0,6.049,5.015
1043659748809199,100064197037125,"PC Merchandise","Paano kung sabihin ko sayo na kaya mo na mag GTX 1660S build under budget? 👀",,39,"10/01/2023 22:00",mixed,https://www.facebook.com/reel/1199136803787199/,0,0,Reels,,,,,10/18/2023,0,,,,,,0,0,0,0,0,12.864,3.970
1043659748809199,100064197037125,"PC Merchandise","Paano kung sabihin ko sayo na kaya mo na mag GTX 1660S build under budget? 👀",,39,"10/01/2023 22:00",mixed,https://www.facebook.com/reel/1199136803787199/,0,0,Reels,,,,,10/19/2023,0,,,,,,0,0,0,0,0,14.159,3.531
1043659748809199,100064197037125,"PC Merchandise","Paano kung sabihin ko sayo na kaya mo na mag GTX 1660S build under budget? 👀",,39,"10/01/2023 22:00",mixed,https://www.facebook.com/reel/1199136803787199/,0,0,Reels,,,,,10/20/2023,0,,,,,,0,0,0,0,0,8.817,4.465
1043659748809199,100064197037125,"PC Merchandise","Paano kung sabihin ko sayo na kaya mo na mag GTX 1660S build under budget? 👀",,39,"10/01/2023 22:00",mixed,https://www.facebook.com/reel/1199136803787199/,0,0,Reels,,,,,10/21/2023,0,,,,,,0,0,0,0,0,12.408,3.297
1043659748809199,100064197037125,"PC Merchandise","Paano kung sabihin ko sayo na kaya mo na mag GTX 1660S build under budget? 👀",,39,"10/01/2023 22:00",mixed,https://www.facebook.com/reel/1199136803787199/,0,0,Reels,,,,,10/22/2023,0,,,,,,0,0,0,0,0,18.934,5.092
1043659748809199,100064197037125,"PC Merchandise","Paano kung sabihin ko sayo na kaya mo na mag GTX 1660S build under budget? 👀",,39,"10/01/2023 22:00",mixed,https://www.facebook.com/reel/1199136803787199/,0,0,Reels,,,,,10/23/2023,0,,,,,,0,0,0,0,0,10.512,4.345
1043659748809199,100064197037125,"PC Merchandise","Paano kung sabihin ko sayo na kaya mo na mag GTX 1660S build under budget? 👀",,39,"10/01/2023 22:00",mixed,https://www.facebook.com/reel/1199136803787199/,0,0,Reels,,,,,10/24/2023,0,,,,,,0,0,0,0,0,10.016,4.381
1043659748809199,100064197037125,"PC Merchandise","Paano kung sabihin ko sayo na kaya mo na mag GTX 1660S build under budget? 👀",,39,"10/01/2023 22:00",mixed,https://www.facebook.com/reel/1199136803787199/,0,0,Reels,,,,,10/25/2023,0,,,,,,0,0,0,0,0,9.966,4.025
1043659748809199,100064197037125,"PC Merchandise","Paano kung sabihin ko sayo na kaya mo na mag GTX 1660S build under budget? 👀",,39,"10/01/2023 22:00",mixed,https://www.facebook.com/reel/1199136803787199/,0,0,Reels,,,,,10/26/2023,0,,,,,,0,0,0,0,0,6.780,3.652
1043659748809199,100064197037125,"PC Merchandise","Paano kung sabihin ko sayo na kaya mo na mag GTX 1660S build under budget? 👀",,39,"10/01/2023 22:00",mixed,https://www.facebook.com/reel/1199136803787199/,0,0,Reels,,,,,10/27/2023,0,,,,,,0,0,0,0,0,10.194,3.408
1043659748809199,100064197037125,"PC Merchandise","Paano kung sabihin ko sayo na kaya mo na mag GTX 1660S build under budget? 👀",,39,"10/01/2023 22:00",mixed,https://www.facebook.com/reel/1199136803787199/,0,0,Reels,,,,,10/28/2023,0,,,,,,0,0,0,0,0,6.028,3.971
1043659748809199,100064197037125,"PC Merchandise","Paano kung sabihin ko sayo na kaya mo na mag GTX 1660S build under budget? 👀",,39,"10/01/2023 22:00",mixed,https://www.facebook.com/reel/1199136803787199/,0,0,Reels,,,,,10/29/2023,0,,,,,,0,0,0,0,0,10.030,3.614
1043659748809199,100064197037125,"PC Merchandise","Paano kung sabihin ko sayo na kaya mo na mag GTX 1660S build under budget? 👀",,39,"10/01/2023 22:00",mixed,https://www.facebook.com/reel/1199136803787199/,0,0,Reels,,,,,10/30/2023,0,,,,,,0,0,0,0,0,7.320,3.425
1043659748809199,100064197037125,"PC Merchandise","Paano kung sabihin ko sayo na kaya mo na mag GTX 1660S build under budget? 👀",,39,"10/01/2023 22:00",mixed,https://www.facebook.com/reel/1199136803787199/,0,0,Reels,,,,,10/31/2023,0,,,,,,0,0,0,0,0,9.011,4.369
1043654016341981,100064197037125,"PC Merchandise","𝐀𝐌𝟓 𝐁𝐮𝐢𝐥𝐝 𝐋𝐢𝐦𝐢𝐭𝐞𝐝 𝐒𝐚𝐥𝐞! 🚨
Experience next-gen performance with our latest builds. PM for pricelist!",,0,"10/01/2023 02:00",,https://www.facebook.com/pcmerchandise.co/posts/pfbid0G0UU6w8jjAMKiVuai04PJUP9T69AVzkDihw5r7C4QzBxp4K198EgTeYP,0,0,Photos,,,,,10/31/2023,3,,,,,,,,,,,,
1043654016341981,100064197037125,"PC Merchandise","𝐀𝐌𝟓 𝐁𝐮𝐢𝐥𝐝 𝐋𝐢𝐦𝐢𝐭𝐞𝐝 𝐒𝐚𝐥𝐞! 🚨
Experience next-gen performance with our latest builds. PM for pricelist!",,0,"10/01/2023 02:00",,https://www.facebook.com/pcmerchandise.co/posts/pfbid0G0UU6w8jjAMKiVuai04PJUP9T69AVzkDihw5r7C4QzBxp4K198EgTeYP,0,0,Photos,,,,,10/01/2023,,,0,0,0,0,0,0,,,,,
1043654016341981,100064197037125,"PC Merchandise","𝐀𝐌𝟓 𝐁𝐮𝐢𝐥𝐝 𝐋𝐢𝐦𝐢𝐭𝐞𝐝 𝐒𝐚𝐥𝐞! 🚨
Experience next-gen performance with our latest builds. PM for pricelist!",,0,"10/01/2023 02:00",,https://www.facebook.com/pcmerchandise.co/posts/pfbid0G0UU6w8jjAMKiVuai04PJUP9T69AVzkDihw5r7C4QzBxp4K198EgTeYP,0,0,Photos,,,,,10/02/2023,,,0,0,0,0,0,0,,,,,
1043654016341981,100064197037125,"PC Merchandise","𝐀𝐌𝟓 𝐁𝐮𝐢𝐥𝐝 𝐋𝐢𝐦𝐢𝐭𝐞𝐝 𝐒𝐚𝐥𝐞! 🚨
Experience next-gen performance with our latest builds. PM for pricelist!",,0,"10/01/2023 02:00",,https://www.facebook.com/pcmerchandise.co/posts/pfbid0G0UU6w8jjAMKiVuai04PJUP9T69AVzkDihw5r7C4QzBxp4K198EgTeYP,0,0,Photos,,,,,10/03/2023,,,0,0,0,0,0,0,,,,,
1043654016341981,100064197037125,"PC Merchandise","𝐀𝐌𝟓 𝐁𝐮𝐢𝐥𝐝 𝐋𝐢𝐦𝐢𝐭𝐞𝐝 𝐒𝐚𝐥𝐞! 🚨
Experience next-gen performance with our latest builds. PM for pricelist!",,0,"10/01/2023 02:00",,https://www.facebook.com/pcmerchandise.co/posts/pfbid0G0UU6w8jjAMKiVuai04PJUP9T69AVzkDihw5r7C4QzBxp4K198EgTeYP,0,0,Photos,,,,,10/04/2023,,,0,0,0,0,0,0,,,,,
1043654016341981,100064197037125,"PC Merchandise","𝐀𝐌𝟓 𝐁𝐮𝐢𝐥𝐝 𝐋𝐢𝐦𝐢𝐭𝐞𝐝 𝐒𝐚𝐥𝐞! 🚨
Experience next-gen performance with our latest builds. PM for pricelist!",,0,"10/01/2023 02:00",,https://www.facebook.com/pcmerchandise.co/posts/pfbid0G0UU6w8jjAMKiVuai04PJUP9T69AVzkDihw5r7C4QzBxp4K198EgTeYP,0,0,Photos,,,,,10/05/2023,,,0,0,0,0,0,0,,,,,
1043654016341981,100064197037125,"PC Merchandise","𝐀𝐌𝟓 𝐁𝐮𝐢𝐥𝐝 𝐋𝐢𝐦𝐢𝐭𝐞𝐝 𝐒𝐚𝐥𝐞! 🚨
Experience next-gen performance with our latest builds. PM for pricelist!",,0,"10/01/2023 02:00",,https://www.facebook.com/pcmerchandise.co/posts/pfbid0G0UU6w8jjAMKiVuai04PJUP9T69AVzkDihw5r7C4QzBxp4K198EgTeYP,0,0,Photos,,,,,10/06/2023,,,0,0,0,0,0,0,,,,,
1043654016341981,100064197037125,"PC Merchandise","𝐀𝐌𝟓 𝐁𝐮𝐢𝐥𝐝 𝐋𝐢𝐦𝐢𝐭𝐞𝐝 𝐒𝐚𝐥𝐞! 🚨
Experience next-gen performance with our latest builds. PM for pricelist!",,0,"10/01/2023 02:00",,https://www.facebook.com/pcmerchandise.co/posts/pfbid0G0UU6w8jjAMKiVuai04PJUP9T69AVzkDihw5r7C4QzBxp4K198EgTeYP,0,0,Photos,,,,,10/07/2023,,,0,0,0,0,0,0,,,,,
1043654016341981,100064197037125,"PC Merchandise","𝐀𝐌𝟓 𝐁𝐮𝐢𝐥𝐝 𝐋𝐢𝐦𝐢𝐭𝐞𝐝 𝐒𝐚𝐥𝐞! 🚨
Experience next-gen performance with our latest builds. PM for pricelist!",,0,"10/01/2023 02:00",,https://www.facebook.com/pcmerchandise.co/posts/pfbid0G0UU6w8jjAMKiVuai04PJUP9T69AVzkDihw5r7C4QzBxp4K198EgTeYP,0,0,Photos,,,,,10/08/2023,,,0,0,0,0,0,0,,,,,
1043654016341981,100064197037125,"PC Merchandise","𝐀𝐌𝟓 𝐁𝐮𝐢𝐥𝐝 𝐋𝐢𝐦𝐢𝐭𝐞𝐝 𝐒𝐚𝐥𝐞! 🚨
Experience next-gen performance with our latest builds. PM for pricelist!",,0,"10/01/2023 02:00",,https://www.facebook.com/pcmerchandise.co/posts/pfbid0G0UU6w8jjAMKiVuai04PJUP9T69AVzkDihw5r7C4QzBxp4K198EgTeYP,0,0,Photos,,,,,10/09/2023,,,0,0,0,0,0,0,,,,,
1043654016341981,100064197037125,"PC Merchandise","𝐀𝐌𝟓 𝐁𝐮𝐢𝐥𝐝 𝐋𝐢𝐦𝐢𝐭𝐞𝐝 𝐒𝐚𝐥𝐞! 🚨
Experience next-gen performance with our latest builds. PM for pricelist!",,0,"10/01/2023 02:00",,https://www.facebook.com/pcmerchandise.co/posts/pfbid0G0UU6w8jjAMKiVuai04PJUP9T69AVzkDihw5r7C4QzBxp4K198EgTeYP,0,0,Photos,,,,,10/10/2023,,,0,0,0,0,0,0,,,,,
1043654016341981,100064197037125,"PC Merchandise","𝐀𝐌𝟓 𝐁𝐮𝐢𝐥𝐝 𝐋𝐢𝐦𝐢𝐭𝐞𝐝 𝐒𝐚𝐥𝐞! 🚨
Experience next-gen performance with our latest builds. PM for pricelist!",,0,"10/01/2023 02:00",,https://www.facebook.com/pcmerchandise.co/posts/pfbid0G0UU6w8jjAMKiVuai04PJUP9T69AVzkDihw5r7C4QzBxp4K198EgTeYP,0,0,Photos,,,,,10/11/2023,,,0,0,0,0,0,0,,,,,
1043654016341981,100064197037125,"PC Merchandise","𝐀𝐌𝟓 𝐁𝐮𝐢𝐥𝐝 𝐋𝐢𝐦𝐢𝐭𝐞𝐝 𝐒𝐚𝐥𝐞! 🚨
Experience next-gen performance with our latest builds. PM for pricelist!",,0,"10/01/2023 02:00",,https://www.facebook.com/pcmerchandise.co/posts/pfbid0G0UU6w8jjAMKiVuai04PJUP9T69AVzkDihw5r7C4QzBxp4K198EgTeYP,0,0,Photos,,,,,10/12/2023,,,0,0,0,0,0,0,,,,,
1043654016341981,100064197037125,"PC Merchandise","𝐀𝐌𝟓 𝐁𝐮𝐢𝐥𝐝 𝐋𝐢𝐦𝐢𝐭𝐞𝐝 𝐒𝐚𝐥𝐞! 🚨
Experience next-gen performance with our latest builds. PM for pricelist!",,0,"10/01/2023 02:00",,https://www.facebook.com/pcmerchandise.co/posts/pfbid0G0UU6w8jjAMKiVuai04PJUP9T69AVzkDihw5r7C4QzBxp4K198EgTeYP,0,0,Photos,,,,,10/13/2023,,,0,0,0,0,0,0,,,,,
1043654016341981,100064197037125,"PC Merchandise","𝐀𝐌𝟓 𝐁𝐮𝐢𝐥𝐝 𝐋𝐢𝐦𝐢𝐭𝐞𝐝 𝐒𝐚𝐥𝐞! 🚨
Experience next-gen performance with our latest builds. PM for pricelist!",,0,"10/01/2023 02:00",,https://www.facebook.com/pcmerchandise.co/posts/pfbid0G0UU6w8jjAMKiVuai04PJUP9T69AVzkDihw5r7C4QzBxp4K198EgTeYP,0,0,Photos,,,,,10/14/2023,,,0,0,0,0,0,0,,,,,
1043654016341981,100064197037125,"PC Merchandise","𝐀𝐌𝟓 𝐁𝐮𝐢𝐥𝐝 𝐋𝐢𝐦𝐢𝐭𝐞𝐝 𝐒𝐚𝐥𝐞! 🚨
Experience next-gen performance with our latest builds. PM for pricelist!",,0,"10/01/2023 02:00",,https://www.facebook.com/pcmerchandise.co/posts/pfbid0G0UU6w8jjAMKiVuai04PJUP9T69AVzkDihw5r7C4QzBxp4K198EgTeYP,0,0,Photos,,,,,10/15/2023,,,0,0,0,0,0,0,,,,,
1043654016341981,100064197037125,"PC Merchandise","𝐀𝐌𝟓 𝐁𝐮𝐢𝐥𝐝 𝐋𝐢𝐦𝐢𝐭𝐞𝐝 𝐒𝐚𝐥𝐞! 🚨
Experience next-gen performance with our latest builds. PM for pricelist!",,0,"10/01/2023 02:00",,https://www.facebook.com/pcmerchandise.co/posts/pfbid0G0UU6w8jjAMKiVuai04PJUP9T69AVzkDihw5r7C4QzBxp4K198EgTeYP,0,0,Photos,,,,,10/16/2023,,,0,0,0,0,0,0,,,,,
1043654016341981,100064197037125,"PC Merchandise","𝐀𝐌𝟓 𝐁𝐮𝐢𝐥𝐝 𝐋𝐢𝐦𝐢𝐭𝐞𝐝 𝐒𝐚𝐥𝐞! 🚨
Experience next-gen performance with our latest builds. PM for pricelist!",,0,"10/01/2023 02:00",,https://www.facebook.com/pcmerchandise.co/posts/pfbid0G0UU6w8jjAMKiVuai04PJUP9T69AVzkDihw5r7C4QzBxp4K198EgTeYP,0,0,Photos,,,,,10/17/2023,,,0,0,0,0,0,0,,,,,
1043654016341981,100064197037125,"PC Merchandise","𝐀𝐌𝟓 𝐁𝐮𝐢𝐥𝐝 𝐋𝐢𝐦𝐢𝐭𝐞𝐝 𝐒𝐚𝐥𝐞! 🚨
Experience next-gen performance with our latest builds. PM for pricelist!",,0,"10/01/2023 02:00",,https://www.facebook.com/pcmerchandise.co/posts/pfbid0G0UU6w8jjAMKiVuai04PJUP9T69AVzkDihw5r7C4QzBxp4K198EgTeYP,0,0,Photos,,,,,10/18/2023,,,0,0,0,0,0,0,,,,,
1043654016341981,100064197037125,"PC Merchandise","𝐀𝐌𝟓 𝐁𝐮𝐢𝐥𝐝 𝐋𝐢𝐦𝐢𝐭𝐞𝐝 𝐒𝐚𝐥𝐞! 🚨
Experience next-gen performance with our latest builds. PM for pricelist!",,0,"10/01/2023 02:00",,https://www.facebook.com/pcmerchandise.co/posts/pfbid0G0UU6w8jjAMKiVuai04PJUP9T69AVzkDihw5r7C4QzBxp4K198EgTeYP,0,0,Photos,,,,,10/19/2023,,,0,0,0,0,0,0,,,,,
1043654016341981,100064197037125,"PC Merchandise","𝐀𝐌𝟓 𝐁𝐮𝐢𝐥𝐝 𝐋𝐢𝐦𝐢𝐭𝐞𝐝 𝐒𝐚𝐥𝐞! 🚨
Experience next-gen performance with our latest builds. PM for pricelist!",,0,"10/01/2023 02:00",,https://www.facebook.com/pcmerchandise.co/posts/pfbid0G0UU6w8jjAMKiVuai04PJUP9T69AVzkDihw5r7C4QzBxp4K198EgTeYP,0,0,Photos,,,,,10/20/2023,,,0,0,0,0,0,0,,,,,
1043654016341981,100064197037125,"PC Merchandise","𝐀𝐌𝟓 𝐁𝐮𝐢𝐥𝐝 𝐋𝐢𝐦𝐢𝐭𝐞𝐝 𝐒𝐚𝐥𝐞! 🚨
Experience next-gen performance with our latest builds. PM for pricelist!",,0,"10/01/2023 02:00",,https://www.facebook.com/pcmerchandise.co/posts/pfbid0G0UU6w8jjAMKiVuai04PJUP9T69AVzkDihw5r7C4QzBxp4K198EgTeYP,0,0,Photos,,,,,10/21/2023,,,0,0,0,0,0,0,,,,,
1043654016341981,100064197037125,"PC Merchandise","𝐀𝐌𝟓 𝐁𝐮𝐢𝐥𝐝 𝐋𝐢𝐦𝐢𝐭𝐞𝐝 𝐒𝐚𝐥𝐞! 🚨
Experience next-gen performance with our latest builds. PM for pricelist!",,0,"10/01/2023 02:00",,https://www.facebook.com/pcmerchandise.co/posts/pfbid0G0UU6w8jjAMKiVuai04PJUP9T69AVzkDihw5r7C4QzBxp4K198EgTeYP,0,0,Photos,,,,,10/22/2023,,,0,0,0,0,0,0,,,,,
1043654016341981,100064197037125,"PC Merchandise","𝐀𝐌𝟓 𝐁𝐮𝐢𝐥𝐝 𝐋𝐢𝐦𝐢𝐭𝐞𝐝 𝐒𝐚𝐥𝐞! 🚨
Experience next-gen performance with our latest builds. PM for pricelist!",,0,"10/01/2023 02:00",,https://www.facebook.com/pcmerchandise.co/posts/pfbid0G0UU6w8jjAMKiVuai04PJUP9T69AVzkDihw5r7C4QzBxp4K198EgTeYP,0,0,Photos,,,,,10/23/2023,,,0,0,0,0,0,0,,,,,
1043654016341981,100064197037125,"PC Merchandise","𝐀𝐌𝟓 𝐁𝐮𝐢𝐥𝐝 𝐋𝐢𝐦𝐢𝐭𝐞𝐝 𝐒𝐚𝐥𝐞! 🚨
Experience next-gen performance with our latest builds. PM for pricelist!",,0,"10/01/2023 02:00",,https://www.facebook.com/pcmerchandise.co/posts/pfbid0G0UU6w8jjAMKiVuai04PJUP9T69AVzkDihw5r7C4QzBxp4K198EgTeYP,0,0,Photos,,,,,10/24/2023,,,0,0,0,0,0,0,,,,,
1043654016341981,100064197037125,"PC Merchandise","𝐀𝐌𝟓 𝐁𝐮𝐢𝐥𝐝 𝐋𝐢𝐦𝐢𝐭𝐞𝐝 𝐒𝐚𝐥𝐞! 🚨
Experience next-gen performance with our latest builds. PM for pricelist!",,0,"10/01/2023 02:00",,https://www.facebook.com/pcmerchandise.co/posts/pfbid0G0UU6w8jjAMKiVuai04PJUP9T69AVzkDihw5r7C4QzBxp4K198EgTeYP,0,0,Photos,,,,,10/25/2023,,,0,0,0,0,0,0,,,,,
1043654016341981,100064197037125,"PC Merchandise","𝐀𝐌𝟓 𝐁𝐮𝐢𝐥𝐝 𝐋𝐢𝐦𝐢𝐭𝐞𝐝 𝐒𝐚𝐥𝐞! 🚨
Experience next-gen performance with our latest builds. PM for pricelist!",,0,"10/01/2023 02:00",,https://www.facebook.com/pcmerchandise.co/posts/pfbid0G0UU6w8jjAMKiVuai04PJUP9T69AVzkDihw5r7C4QzBxp4K198EgTeYP,0,0,Photos,,,,,10/26/2023,,,0,0,0,0,0,0,,,,,
1043654016341981,100064197037125,"PC Merchandise","𝐀𝐌𝟓 𝐁𝐮𝐢𝐥𝐝 𝐋𝐢𝐦𝐢𝐭𝐞𝐝 𝐒𝐚𝐥𝐞! 🚨
Experience next-gen performance with our latest builds. PM for pricelist!",,0,"10/01/2023 02:00",,https://www.facebook.com/pcmerchandise.co/posts/pfbid0G0UU6w8jjAMKiVuai04PJUP9T69AVzkDihw5r7C4QzBxp4K198EgTeYP,0,0,Photos,,,,,10/27/2023,,,0,0,0,0,0,0,,,,,
1043654016341981,100064197037125,"PC Merchandise","𝐀𝐌𝟓 𝐁𝐮𝐢𝐥𝐝 𝐋𝐢𝐦𝐢𝐭𝐞𝐝 𝐒𝐚𝐥𝐞! 🚨
Experience next-gen performance with our latest builds. PM for pricelist!",,0,"10/01/2023 02:00",,https://www.facebook.com/pcmerchandise.co/posts/pfbid0G0UU6w8jjAMKiVuai04PJUP9T69AVzkDihw5r7C4QzBxp4K198EgTeYP,0,0,Photos,,,,,10/28/2023,,,0,0,0,0,0,0,,,,,
1043654016341981,100064197037125,"PC Merchandise","𝐀𝐌𝟓 𝐁𝐮𝐢𝐥𝐝 𝐋𝐢𝐦𝐢𝐭𝐞𝐝 𝐒𝐚𝐥𝐞! 🚨
Experience next-gen performance with our latest builds. PM for pricelist!",,0,"10/01/2023 02:00",,https://www.facebook.com/pcmerchandise.co/posts/pfbid0G0UU6w8jjAMKiVuai04PJUP9T69AVzkDihw5r7C4QzBxp4K198EgTeYP,0,0,Photos,,,,,10/29/2023,,,0,0,0,0,0,0,,,,,
1043654016341981,100064197037125,"PC Merchandise","𝐀𝐌𝟓 𝐁𝐮𝐢𝐥𝐝 𝐋𝐢𝐦𝐢𝐭𝐞𝐝 𝐒𝐚𝐥𝐞! 🚨
Experience next-gen performance with our latest builds. PM for pricelist!",,0,"10/01/2023 02:00",,https://www.facebook.com/pcmerchandise.co/posts/pfbid0G0UU6w8jjAMKiVuai04PJUP9T69AVzkDihw5r7C4QzBxp4K198EgTeYP,0,0,Photos,,,,,10/30/2023,,,0,0,0,0,0,0,,,,,
1043654016341981,100064197037125,"PC Merchandise","𝐀𝐌𝟓 𝐁𝐮𝐢𝐥𝐝 𝐋𝐢𝐦𝐢𝐭𝐞𝐝 𝐒𝐚𝐥𝐞! 🚨
Experience next-gen performance with our latest builds. PM for pricelist!",,0,"10/01/2023 02:00",,https://www.facebook.com/pcmerchandise.co/posts/pfbid0G0UU6w8jjAMKiVuai04PJUP9T69AVzkDihw5r7C4QzBxp4K198EgTeYP,0,0,Photos,,,,,10/31/2023,,,0,0,0,0,0,0,,,,,
