"Post ID","Page ID","Page name",Title,Description,"Duration (sec)","Publish time","Caption type",Permalink,"Is crosspost","Is share","Post type",Languages,"Custom labels","Funded content status","Data comment",Date,Shares,"Approximate content monetization earnings","3-second video views","1-minute video views","3-Second viewers","1-minute viewers","3-second video views from Boosted posts","3-second video views from Organic posts","Reactions, Comments and Shares",Reactions,Comments,"Seconds viewed","Average Seconds viewed"
980715379661321,100064197037125,"PC Merchandise","Free deliver within Mabalacat! i3 10100F packages all-in na.",,0,"12/31/2022 17:15",,https://www.facebook.com/pcmerchandise.co/posts/pfbid0Rr0e3siuGRoOSzuzFSKkwdYYqPdHTsVFkCV1bWKCDMkJdNEPLK5AiKQT,0,0,Photos,,,,,12/31/2022,2,,,,,,,,,,,,
980715379661321,100064197037125,"PC Merchandise","Free deliver within Mabalacat! i3 10100F packages all-in na.",,0,"12/31/2022 17:15",,https://www.facebook.com/pcmerchandise.co/posts/pfbid0Rr0e3siuGRoOSzuzFSKkwdYYqPdHTsVFkCV1bWKCDMkJdNEPLK5AiKQT,0,0,Photos,,,,,12/01/2022,,,0,0,0,0,0,0,,,,,
980715379661321,100064197037125,"PC Merchandise","Free deliver within Mabalacat! i3 10100F packages all-in na.",,0,"12/31/2022 17:15",,https://www.facebook.com/pcmerchandise.co/posts/pfbid0Rr0e3siuGRoOSzuzFSKkwdYYqPdHTsVFkCV1bWKCDMkJdNEPLK5AiKQT,0,0,Photos,,,,,12/02/2022,,,0,0,0,0,0,0,,,,,
980715379661321,100064197037125,"PC Merchandise","Free deliver within Mabalacat! i3 10100F packages all-in na.",,0,"12/31/2022 17:15",,https://www.facebook.com/pcmerchandise.co/posts/pfbid0Rr0e3siuGRoOSzuzFSKkwdYYqPdHTsVFkCV1bWKCDMkJdNEPLK5AiKQT,0,0,Photos,,,,,12/03/2022,,,0,0,0,0,0,0,,,,,
980715379661321,100064197037125,"PC Merchandise","Free deliver within Mabalacat! i3 10100F packages all-in na.",,0,"12/31/2022 17:15",,https://www.facebook.com/pcmerchandise.co/posts/pfbid0Rr0e3siuGRoOSzuzFSKkwdYYqPdHTsVFkCV1bWKCDMkJdNEPLK5AiKQT,0,0,Photos,,,,,12/04/2022,,,0,0,0,0,0,0,,,,,
980715379661321,100064197037125,"PC Merchandise","Free deliver within Mabalacat! i3 10100F packages all-in na.",,0,"12/31/2022 17:15",,https://www.facebook.com/pcmerchandise.co/posts/pfbid0Rr0e3siuGRoOSzuzFSKkwdYYqPdHTsVFkCV1bWKCDMkJdNEPLK5AiKQT,0,0,Photos,,,,,12/05/2022,,,0,0,0,0,0,0,,,,,
980715379661321,100064197037125,"PC Merchandise","Free deliver within Mabalacat! i3 10100F packages all-in na.",,0,"12/31/2022 17:15",,https://www.facebook.com/pcmerchandise.co/posts/pfbid0Rr0e3siuGRoOSzuzFSKkwdYYqPdHTsVFkCV1bWKCDMkJdNEPLK5AiKQT,0,0,Photos,,,,,12/06/2022,,,0,0,0,0,0,0,,,,,
980715379661321,100064197037125,"PC Merchandise","Free deliver within Mabalacat! i3 10100F packages all-in na.",,0,"12/31/2022 17:15",,https://www.facebook.com/pcmerchandise.co/posts/pfbid0Rr0e3siuGRoOSzuzFSKkwdYYqPdHTsVFkCV1bWKCDMkJdNEPLK5AiKQT,0,0,Photos,,,,,12/07/2022,,,0,0,0,0,0,0,,,,,
980715379661321,100064197037125,"PC Merchandise","Free deliver within Mabalacat! i3 10100F packages all-in na.",,0,"12/31/2022 17:15",,https://www.facebook.com/pcmerchandise.co/posts/pfbid0Rr0e3siuGRoOSzuzFSKkwdYYqPdHTsVFkCV1bWKCDMkJdNEPLK5AiKQT,0,0,Photos,,,,,12/08/2022,,,0,0,0,0,0,0,,,,,
980715379661321,100064197037125,"PC Merchandise","Free deliver within Mabalacat! i3 10100F packages all-in na.",,0,"12/31/2022 17:15",,https://www.facebook.com/pcmerchandise.co/posts/pfbid0Rr0e3siuGRoOSzuzFSKkwdYYqPdHTsVFkCV1bWKCDMkJdNEPLK5AiKQT,0,0,Photos,,,,,12/09/2022,,,0,0,0,0,0,0,,,,,
980715379661321,100064197037125,"PC Merchandise","Free deliver within Mabalacat! i3 10100F packages all-in na.",,0,"12/31/2022 17:15",,https://www.facebook.com/pcmerchandise.co/posts/pfbid0Rr0e3siuGRoOSzuzFSKkwdYYqPdHTsVFkCV1bWKCDMkJdNEPLK5AiKQT,0,0,Photos,,,,,12/10/2022,,,0,0,0,0,0,0,,,,,
980715379661321,100064197037125,"PC Merchandise","Free deliver within Mabalacat! i3 10100F packages all-in na.",,0,"12/31/2022 17:15",,https://www.facebook.com/pcmerchandise.co/posts/pfbid0Rr0e3siuGRoOSzuzFSKkwdYYqPdHTsVFkCV1bWKCDMkJdNEPLK5AiKQT,0,0,Photos,,,,,12/11/2022,,,0,0,0,0,0,0,,,,,
980715379661321,100064197037125,"PC Merchandise","Free deliver within Mabalacat! i3 10100F packages all-in na.",,0,"12/31/2022 17:15",,https://www.facebook.com/pcmerchandise.co/posts/pfbid0Rr0e3siuGRoOSzuzFSKkwdYYqPdHTsVFkCV1bWKCDMkJdNEPLK5AiKQT,0,0,Photos,,,,,12/12/2022,,,0,0,0,0,0,0,,,,,
980715379661321,100064197037125,"PC Merchandise","Free deliver within Mabalacat! i3 10100F packages all-in na.",,0,"12/31/2022 17:15",,https://www.facebook.com/pcmerchandise.co/posts/pfbid0Rr0e3siuGRoOSzuzFSKkwdYYqPdHTsVFkCV1bWKCDMkJdNEPLK5AiKQT,0,0,Photos,,,,,12/13/2022,,,0,0,0,0,0,0,,,,,
980715379661321,100064197037125,"PC Merchandise","Free deliver within Mabalacat! i3 10100F packages all-in na.",,0,"12/31/2022 17:15",,https://www.facebook.com/pcmerchandise.co/posts/pfbid0Rr0e3siuGRoOSzuzFSKkwdYYqPdHTsVFkCV1bWKCDMkJdNEPLK5AiKQT,0,0,Photos,,,,,12/14/2022,,,0,0,0,0,0,0,,,,,
980715379661321,100064197037125,"PC Merchandise","Free deliver within Mabalacat! i3 10100F packages all-in na.",,0,"12/31/2022 17:15",,https://www.facebook.com/pcmerchandise.co/posts/pfbid0Rr0e3siuGRoOSzuzFSKkwdYYqPdHTsVFkCV1bWKCDMkJdNEPLK5AiKQT,0,0,Photos,,,,,12/15/2022,,,0,0,0,0,0,0,,,,,
980715379661321,100064197037125,"PC Merchandise","Free deliver within Mabalacat! i3 10100F packages all-in na.",,0,"12/31/2022 17:15",,https://www.facebook.com/pcmerchandise.co/posts/pfbid0Rr0e3siuGRoOSzuzFSKkwdYYqPdHTsVFkCV1bWKCDMkJdNEPLK5AiKQT,0,0,Photos,,,,,12/16/2022,,,0,0,0,0,0,0,,,,,
980715379661321,100064197037125,"PC Merchandise","Free deliver within Mabalacat! i3 10100F packages all-in na.",,0,"12/31/2022 17:15",,https://www.facebook.com/pcmerchandise.co/posts/pfbid0Rr0e3siuGRoOSzuzFSKkwdYYqPdHTsVFkCV1bWKCDMkJdNEPLK5AiKQT,0,0,Photos,,,,,12/17/2022,,,0,0,0,0,0,0,,,,,
980715379661321,100064197037125,"PC Merchandise","Free deliver within Mabalacat! i3 10100F packages all-in na.",,0,"12/31/2022 17:15",,https://www.facebook.com/pcmerchandise.co/posts/pfbid0Rr0e3siuGRoOSzuzFSKkwdYYqPdHTsVFkCV1bWKCDMkJdNEPLK5AiKQT,0,0,Photos,,,,,12/18/2022,,,0,0,0,0,0,0,,,,,
980715379661321,100064197037125,"PC Merchandise","Free deliver within Mabalacat! i3 10100F packages all-in na.",,0,"12/31/2022 17:15",,https://www.facebook.com/pcmerchandise.co/posts/pfbid0Rr0e3siuGRoOSzuzFSKkwdYYqPdHTsVFkCV1bWKCDMkJdNEPLK5AiKQT,0,0,Photos,,,,,12/19/2022,,,0,0,0,0,0,0,,,,,
980715379661321,100064197037125,"PC Merchandise","Free deliver within Mabalacat! i3 10100F packages all-in na.",,0,"12/31/2022 17:15",,https://www.facebook.com/pcmerchandise.co/posts/pfbid0Rr0e3siuGRoOSzuzFSKkwdYYqPdHTsVFkCV1bWKCDMkJdNEPLK5AiKQT,0,0,Photos,,,,,12/20/2022,,,0,0,0,0,0,0,,,,,
980715379661321,100064197037125,"PC Merchandise","Free deliver within Mabalacat! i3 10100F packages all-in na.",,0,"12/31/2022 17:15",,https://www.facebook.com/pcmerchandise.co/posts/pfbid0Rr0e3siuGRoOSzuzFSKkwdYYqPdHTsVFkCV1bWKCDMkJdNEPLK5AiKQT,0,0,Photos,,,,,12/21/2022,,,0,0,0,0,0,0,,,,,
980715379661321,100064197037125,"PC Merchandise","Free deliver within Mabalacat! i3 10100F packages all-in na.",,0,"12/31/2022 17:15",,https://www.facebook.com/pcmerchandise.co/posts/pfbid0Rr0e3siuGRoOSzuzFSKkwdYYqPdHTsVFkCV1bWKCDMkJdNEPLK5AiKQT,0,0,Photos,,,,,12/22/2022,,,0,0,0,0,0,0,,,,,
980715379661321,100064197037125,"PC Merchandise","Free deliver within Mabalacat! i3 10100F packages all-in na.",,0,"12/31/2022 17:15",,https://www.facebook.com/pcmerchandise.co/posts/pfbid0Rr0e3siuGRoOSzuzFSKkwdYYqPdHTsVFkCV1bWKCDMkJdNEPLK5AiKQT,0,0,Photos,,,,,12/23/2022,,,0,0,0,0,0,0,,,,,
980715379661321,100064197037125,"PC Merchandise","Free deliver within Mabalacat! i3 10100F packages all-in na.",,0,"12/31/2022 17:15",,https://www.facebook.com/pcmerchandise.co/posts/pfbid0Rr0e3siuGRoOSzuzFSKkwdYYqPdHTsVFkCV1bWKCDMkJdNEPLK5AiKQT,0,0,Photos,,,,,12/24/2022,,,0,0,0,0,0,0,,,,,
980715379661321,100064197037125,"PC Merchandise","Free deliver within Mabalacat! i3 10100F packages all-in na.",,0,"12/31/2022 17:15",,https://www.facebook.com/pcmerchandise.co/posts/pfbid0Rr0e3siuGRoOSzuzFSKkwdYYqPdHTsVFkCV1bWKCDMkJdNEPLK5AiKQT,0,0,Photos,,,,,12/25/2022,,,0,0,0,0,0,0,,,,,
980715379661321,100064197037125,"PC Merchandise","Free deliver within Mabalacat! i3 10100F packages all-in na.",,0,"12/31/2022 17:15",,https://www.facebook.com/pcmerchandise.co/posts/pfbid0Rr0e3siuGRoOSzuzFSKkwdYYqPdHTsVFkCV1bWKCDMkJdNEPLK5AiKQT,0,0,Photos,,,,,12/26/2022,,,0,0,0,0,0,0,,,,,
980715379661321,100064197037125,"PC Merchandise","Free deliver within Mabalacat! i3 10100F packages all-in na.",,0,"12/31/2022 17:15",,https://www.facebook.com/pcmerchandise.co/posts/pfbid0Rr0e3siuGRoOSzuzFSKkwdYYqPdHTsVFkCV1bWKCDMkJdNEPLK5AiKQT,0,0,Photos,,,,,12/27/2022,,,0,0,0,0,0,0,,,,,
980715379661321,100064197037125,"PC Merchandise","Free deliver within Mabalacat! i3 10100F packages all-in na.",,0,"12/31/2022 17:15",,https://www.facebook.com/pcmerchandise.co/posts/pfbid0Rr0e3siuGRoOSzuzFSKkwdYYqPdHTsVFkCV1bWKCDMkJdNEPLK5AiKQT,0,0,Photos,,,,,12/28/2022,,,0,0,0,0,0,0,,,,,
980715379661321,100064197037125,"PC Merchandise","Free deliver within Mabalacat! i3 10100F packages all-in na.",,0,"12/31/2022 17:15",,https://www.facebook.com/pcmerchandise.co/posts/pfbid0Rr0e3siuGRoOSzuzFSKkwdYYqPdHTsVFkCV1bWKCDMkJdNEPLK5AiKQT,0,0,Photos,,,,,12/29/2022,,,0,0,0,0,0,0,,,,,
980715379661321,100064197037125,"PC Merchandise","Free deliver within Mabalacat! i3 10100F packages all-in na.",,0,"12/31/2022 17:15",,https://www.facebook.com/pcmerchandise.co/posts/pfbid0Rr0e3siuGRoOSzuzFSKkwdYYqPdHTsVFkCV1bWKCDMkJdNEPLK5AiKQT,0,0,Photos,,,,,12/30/2022,,,0,0,0,0,0,0,,,,,
980715379661321,100064197037125,"PC Merchandise","Free deliver within Mabalacat! i3 10100F packages all-in na.",,0,"12/31/2022 17:15",,https://www.facebook.com/pcmerchandise.co/posts/pfbid0Rr0e3siuGRoOSzuzFSKkwdYYqPdHTsVFkCV1bWKCDMkJdNEPLK5AiKQT,0,0,Photos,,,,,12/31/2022,,,0,0,0,0,0,0,,,,,
980905300774312,100064197037125,"PC Merchandise","READY STOCK: RYZEN 5 3400G / GTX 1660S builds. Same-day assembly. PM NOW!",,0,"12/27/2022 19:30",,https://www.facebook.com/pcmerchandise.co/posts/pfbid0nlUQtxMytbK4CcUNoNWe3qyzTYUO6TPYCKVegJ0zYejudc6dn3BC9YCG,0,0,Photos,,,,,12/31/2022,1,,,,,,,,,,,,
980905300774312,100064197037125,"PC Merchandise","READY STOCK: RYZEN 5 3400G / GTX 1660S builds. Same-day assembly. PM NOW!",,0,"12/27/2022 19:30",,https://www.facebook.com/pcmerchandise.co/posts/pfbid0nlUQtxMytbK4CcUNoNWe3qyzTYUO6TPYCKVegJ0zYejudc6dn3BC9YCG,0,0,Photos,,,,,12/01/2022,,,0,0,0,0,0,0,,,,,
980905300774312,100064197037125,"PC Merchandise","READY STOCK: RYZEN 5 3400G / GTX 1660S builds. Same-day assembly. PM NOW!",,0,"12/27/2022 19:30",,https://www.facebook.com/pcmerchandise.co/posts/pfbid0nlUQtxMytbK4CcUNoNWe3qyzTYUO6TPYCKVegJ0zYejudc6dn3BC9YCG,0,0,Photos,,,,,12/02/2022,,,0,0,0,0,0,0,,,,,
980905300774312,100064197037125,"PC Merchandise","READY STOCK: RYZEN 5 3400G / GTX 1660S builds. Same-day assembly. PM NOW!",,0,"12/27/2022 19:30",,https://www.facebook.com/pcmerchandise.co/posts/pfbid0nlUQtxMytbK4CcUNoNWe3qyzTYUO6TPYCKVegJ0zYejudc6dn3BC9YCG,0,0,Photos,,,,,12/03/2022,,,0,0,0,0,0,0,,,,,
980905300774312,100064197037125,"PC Merchandise","READY STOCK: RYZEN 5 3400G / GTX 1660S builds. Same-day assembly. PM NOW!",,0,"12/27/2022 19:30",,https://www.facebook.com/pcmerchandise.co/posts/pfbid0nlUQtxMytbK4CcUNoNWe3qyzTYUO6TPYCKVegJ0zYejudc6dn3BC9YCG,0,0,Photos,,,,,12/04/2022,,,0,0,0,0,0,0,,,,,
980905300774312,100064197037125,"PC Merchandise","READY STOCK: RYZEN 5 3400G / GTX 1660S builds. Same-day assembly. PM NOW!",,0,"12/27/2022 19:30",,https://www.facebook.com/pcmerchandise.co/posts/pfbid0nlUQtxMytbK4CcUNoNWe3qyzTYUO6TPYCKVegJ0zYejudc6dn3BC9YCG,0,0,Photos,,,,,12/05/2022,,,0,0,0,0,0,0,,,,,
980905300774312,100064197037125,"PC Merchandise","READY STOCK: RYZEN 5 3400G / GTX 1660S builds. Same-day assembly. PM NOW!",,0,"12/27/2022 19:30",,https://www.facebook.com/pcmerchandise.co/posts/pfbid0nlUQtxMytbK4CcUNoNWe3qyzTYUO6TPYCKVegJ0zYejudc6dn3BC9YCG,0,0,Photos,,,,,12/06/2022,,,0,0,0,0,0,0,,,,,
980905300774312,100064197037125,"PC Merchandise","READY STOCK: RYZEN 5 3400G / GTX 1660S builds. Same-day assembly. PM NOW!",,0,"12/27/2022 19:30",,https://www.facebook.com/pcmerchandise.co/posts/pfbid0nlUQtxMytbK4CcUNoNWe3qyzTYUO6TPYCKVegJ0zYejudc6dn3BC9YCG,0,0,Photos,,,,,12/07/2022,,,0,0,0,0,0,0,,,,,
980905300774312,100064197037125,"PC Merchandise","READY STOCK: RYZEN 5 3400G / GTX 1660S builds. Same-day assembly. PM NOW!",,0,"12/27/2022 19:30",,https://www.facebook.com/pcmerchandise.co/posts/pfbid0nlUQtxMytbK4CcUNoNWe3qyzTYUO6TPYCKVegJ0zYejudc6dn3BC9YCG,0,0,Photos,,,,,12/08/2022,,,0,0,0,0,0,0,,,,,
980905300774312,100064197037125,"PC Merchandise","READY STOCK: RYZEN 5 3400G / GTX 1660S builds. Same-day assembly. PM NOW!",,0,"12/27/2022 19:30",,https://www.facebook.com/pcmerchandise.co/posts/pfbid0nlUQtxMytbK4CcUNoNWe3qyzTYUO6TPYCKVegJ0zYejudc6dn3BC9YCG,0,0,Photos,,,,,12/09/2022,,,0,0,0,0,0,0,,,,,
980905300774312,100064197037125,"PC Merchandise","READY STOCK: RYZEN 5 3400G / GTX 1660S builds. Same-day assembly. PM NOW!",,0,"12/27/2022 19:30",,https://www.facebook.com/pcmerchandise.co/posts/pfbid0nlUQtxMytbK4CcUNoNWe3qyzTYUO6TPYCKVegJ0zYejudc6dn3BC9YCG,0,0,Photos,,,,,12/10/2022,,,0,0,0,0,0,0,,,,,
980905300774312,100064197037125,"PC Merchandise","READY STOCK: RYZEN 5 3400G / GTX 1660S builds. Same-day assembly. PM NOW!",,0,"12/27/2022 19:30",,https://www.facebook.com/pcmerchandise.co/posts/pfbid0nlUQtxMytbK4CcUNoNWe3qyzTYUO6TPYCKVegJ0zYejudc6dn3BC9YCG,0,0,Photos,,,,,12/11/2022,,,0,0,0,0,0,0,,,,,
980905300774312,100064197037125,"PC Merchandise","READY STOCK: RYZEN 5 3400G / GTX 1660S builds. Same-day assembly. PM NOW!",,0,"12/27/2022 19:30",,https://www.facebook.com/pcmerchandise.co/posts/pfbid0nlUQtxMytbK4CcUNoNWe3qyzTYUO6TPYCKVegJ0zYejudc6dn3BC9YCG,0,0,Photos,,,,,12/12/2022,,,0,0,0,0,0,0,,,,,
980905300774312,100064197037125,"PC Merchandise","READY STOCK: RYZEN 5 3400G / GTX 1660S builds. Same-day assembly. PM NOW!",,0,"12/27/2022 19:30",,https://www.facebook.com/pcmerchandise.co/posts/pfbid0nlUQtxMytbK4CcUNoNWe3qyzTYUO6TPYCKVegJ0zYejudc6dn3BC9YCG,0,0,Photos,,,,,12/13/2022,,,0,0,0,0,0,0,,,,,
980905300774312,100064197037125,"PC Merchandise","READY STOCK: RYZEN 5 3400G / GTX 1660S builds. Same-day assembly. PM NOW!",,0,"12/27/2022 19:30",,https://www.facebook.com/pcmerchandise.co/posts/pfbid0nlUQtxMytbK4CcUNoNWe3qyzTYUO6TPYCKVegJ0zYejudc6dn3BC9YCG,0,0,Photos,,,,,12/14/2022,,,0,0,0,0,0,0,,,,,
980905300774312,100064197037125,"PC Merchandise","READY STOCK: RYZEN 5 3400G / GTX 1660S builds. Same-day assembly. PM NOW!",,0,"12/27/2022 19:30",,https://www.facebook.com/pcmerchandise.co/posts/pfbid0nlUQtxMytbK4CcUNoNWe3qyzTYUO6TPYCKVegJ0zYejudc6dn3BC9YCG,0,0,Photos,,,,,12/15/2022,,,0,0,0,0,0,0,,,,,
980905300774312,100064197037125,"PC Merchandise","READY STOCK: RYZEN 5 3400G / GTX 1660S builds. Same-day assembly. PM NOW!",,0,"12/27/2022 19:30",,https://www.facebook.com/pcmerchandise.co/posts/pfbid0nlUQtxMytbK4CcUNoNWe3qyzTYUO6TPYCKVegJ0zYejudc6dn3BC9YCG,0,0,Photos,,,,,12/16/2022,,,0,0,0,0,0,0,,,,,
980905300774312,100064197037125,"PC Merchandise","READY STOCK: RYZEN 5 3400G / GTX 1660S builds. Same-day assembly. PM NOW!",,0,"12/27/2022 19:30",,https://www.facebook.com/pcmerchandise.co/posts/pfbid0nlUQtxMytbK4CcUNoNWe3qyzTYUO6TPYCKVegJ0zYejudc6dn3BC9YCG,0,0,Photos,,,,,12/17/2022,,,0,0,0,0,0,0,,,,,
980905300774312,100064197037125,"PC Merchandise","READY STOCK: RYZEN 5 3400G / GTX 1660S builds. Same-day assembly. PM NOW!",,0,"12/27/2022 19:30",,https://www.facebook.com/pcmerchandise.co/posts/pfbid0nlUQtxMytbK4CcUNoNWe3qyzTYUO6TPYCKVegJ0zYejudc6dn3BC9YCG,0,0,Photos,,,,,12/18/2022,,,0,0,0,0,0,0,,,,,
980905300774312,100064197037125,"PC Merchandise","READY STOCK: RYZEN 5 3400G / GTX 1660S builds. Same-day assembly. PM NOW!",,0,"12/27/2022 19:30",,https://www.facebook.com/pcmerchandise.co/posts/pfbid0nlUQtxMytbK4CcUNoNWe3qyzTYUO6TPYCKVegJ0zYejudc6dn3BC9YCG,0,0,Photos,,,,,12/19/2022,,,0,0,0,0,0,0,,,,,
980905300774312,100064197037125,"PC Merchandise","READY STOCK: RYZEN 5 3400G / GTX 1660S builds. Same-day assembly. PM NOW!",,0,"12/27/2022 19:30",,https://www.facebook.com/pcmerchandise.co/posts/pfbid0nlUQtxMytbK4CcUNoNWe3qyzTYUO6TPYCKVegJ0zYejudc6dn3BC9YCG,0,0,Photos,,,,,12/20/2022,,,0,0,0,0,0,0,,,,,
980905300774312,100064197037125,"PC Merchandise","READY STOCK: RYZEN 5 3400G / GTX 1660S builds. Same-day assembly. PM NOW!",,0,"12/27/2022 19:30",,https://www.facebook.com/pcmerchandise.co/posts/pfbid0nlUQtxMytbK4CcUNoNWe3qyzTYUO6TPYCKVegJ0zYejudc6dn3BC9YCG,0,0,Photos,,,,,12/21/2022,,,0,0,0,0,0,0,,,,,
980905300774312,100064197037125,"PC Merchandise","READY STOCK: RYZEN 5 3400G / GTX 1660S builds. Same-day assembly. PM NOW!",,0,"12/27/2022 19:30",,https://www.facebook.com/pcmerchandise.co/posts/pfbid0nlUQtxMytbK4CcUNoNWe3qyzTYUO6TPYCKVegJ0zYejudc6dn3BC9YCG,0,0,Photos,,,,,12/22/2022,,,0,0,0,0,0,0,,,,,
980905300774312,100064197037125,"PC Merchandise","READY STOCK: RYZEN 5 3400G / GTX 1660S builds. Same-day assembly. PM NOW!",,0,"12/27/2022 19:30",,https://www.facebook.com/pcmerchandise.co/posts/pfbid0nlUQtxMytbK4CcUNoNWe3qyzTYUO6TPYCKVegJ0zYejudc6dn3BC9YCG,0,0,Photos,,,,,12/23/2022,,,0,0,0,0,0,0,,,,,
980905300774312,100064197037125,"PC Merchandise","READY STOCK: RYZEN 5 3400G / GTX 1660S builds. Same-day assembly. PM NOW!",,0,"12/27/2022 19:30",,https://www.facebook.com/pcmerchandise.co/posts/pfbid0nlUQtxMytbK4CcUNoNWe3qyzTYUO6TPYCKVegJ0zYejudc6dn3BC9YCG,0,0,Photos,,,,,12/24/2022,,,0,0,0,0,0,0,,,,,
980905300774312,100064197037125,"PC Merchandise","READY STOCK: RYZEN 5 3400G / GTX 1660S builds. Same-day assembly. PM NOW!",,0,"12/27/2022 19:30",,https://www.facebook.com/pcmerchandise.co/posts/pfbid0nlUQtxMytbK4CcUNoNWe3qyzTYUO6TPYCKVegJ0zYejudc6dn3BC9YCG,0,0,Photos,,,,,12/25/2022,,,0,0,0,0,0,0,,,,,
980905300774312,100064197037125,"PC Merchandise","READY STOCK: RYZEN 5 3400G / GTX 1660S builds. Same-day assembly. PM NOW!",,0,"12/27/2022 19:30",,https://www.facebook.com/pcmerchandise.co/posts/pfbid0nlUQtxMytbK4CcUNoNWe3qyzTYUO6TPYCKVegJ0zYejudc6dn3BC9YCG,0,0,Photos,,,,,12/26/2022,,,0,0,0,0,0,0,,,,,
980905300774312,100064197037125,"PC Merchandise","READY STOCK: RYZEN 5 3400G / GTX 1660S builds. Same-day assembly. PM NOW!",,0,"12/27/2022 19:30",,https://www.facebook.com/pcmerchandise.co/posts/pfbid0nlUQtxMytbK4CcUNoNWe3qyzTYUO6TPYCKVegJ0zYejudc6dn3BC9YCG,0,0,Photos,,,,,12/27/2022,,,0,0,0,0,0,0,,,,,
980905300774312,100064197037125,"PC Merchandise","READY STOCK: RYZEN 5 3400G / GTX 1660S builds. Same-day assembly. PM NOW!",,0,"12/27/2022 19:30",,https://www.facebook.com/pcmerchandise.co/posts/pfbid0nlUQtxMytbK4CcUNoNWe3qyzTYUO6TPYCKVegJ0zYejudc6dn3BC9YCG,0,0,Photos,,,,,12/28/2022,,,0,0,0,0,0,0,,,,,
980905300774312,100064197037125,"PC Merchandise","READY STOCK: RYZEN 5 3400G / GTX 1660S builds. Same-day assembly. PM NOW!",,0,"12/27/2022 19:30",,https://www.facebook.com/pcmerchandise.co/posts/pfbid0nlUQtxMytbK4CcUNoNWe3qyzTYUO6TPYCKVegJ0zYejudc6dn3BC9YCG,0,0,Photos,,,,,12/29/2022,,,0,0,0,0,0,0,,,,,
980905300774312,100064197037125,"PC Merchandise","READY STOCK: RYZEN 5 3400G / GTX 1660S builds. Same-day assembly. PM NOW!",,0,"12/27/2022 19:30",,https://www.facebook.com/pcmerchandise.co/posts/pfbid0nlUQtxMytbK4CcUNoNWe3qyzTYUO6TPYCKVegJ0zYejudc6dn3BC9YCG,0,0,Photos,,,,,12/30/2022,,,0,0,0,0,0,0,,,,,
980905300774312,100064197037125,"PC Merchandise","READY STOCK: RYZEN 5 3400G / GTX 1660S builds. Same-day assembly. PM NOW!",,0,"12/27/2022 19:30",,https://www.facebook.com/pcmerchandise.co/posts/pfbid0nlUQtxMytbK4CcUNoNWe3qyzTYUO6TPYCKVegJ0zYejudc6dn3BC9YCG,0,0,Photos,,,,,12/31/2022,,,0,0,0,0,0,0,,,,,
981300757327513,100064197037125,"PC Merchandise","𝐀𝐌𝟓 𝐁𝐮𝐢𝐥𝐝 𝐋𝐢𝐦𝐢𝐭𝐞𝐝 𝐒𝐚𝐥𝐞! 🚨
Experience next-gen performance with our latest builds. PM for pricelist!",,0,"12/27/2022 19:00",,https://www.facebook.com/pcmerchandise.co/posts/pfbid0wiyEMqOsxbLcxhgOh9Zmqs7Le267fTngqW61J0lFtpZt0ctFIWzASq2O,0,0,Photos,,,,,12/31/2022,0,,,,,,,,,,,,
981300757327513,100064197037125,"PC Merchandise","𝐀𝐌𝟓 𝐁𝐮𝐢𝐥𝐝 𝐋𝐢𝐦𝐢𝐭𝐞𝐝 𝐒𝐚𝐥𝐞! 🚨
Experience next-gen performance with our latest builds. PM for pricelist!",,0,"12/27/2022 19:00",,https://www.facebook.com/pcmerchandise.co/posts/pfbid0wiyEMqOsxbLcxhgOh9Zmqs7Le267fTngqW61J0lFtpZt0ctFIWzASq2O,0,0,Photos,,,,,12/01/2022,,,0,0,0,0,0,0,,,,,
981300757327513,100064197037125,"PC Merchandise","𝐀𝐌𝟓 𝐁𝐮𝐢𝐥𝐝 𝐋𝐢𝐦𝐢𝐭𝐞𝐝 𝐒𝐚𝐥𝐞! 🚨
Experience next-gen performance with our latest builds. PM for pricelist!",,0,"12/27/2022 19:00",,https://www.facebook.com/pcmerchandise.co/posts/pfbid0wiyEMqOsxbLcxhgOh9Zmqs7Le267fTngqW61J0lFtpZt0ctFIWzASq2O,0,0,Photos,,,,,12/02/2022,,,0,0,0,0,0,0,,,,,
981300757327513,100064197037125,"PC Merchandise","𝐀𝐌𝟓 𝐁𝐮𝐢𝐥𝐝 𝐋𝐢𝐦𝐢𝐭𝐞𝐝 𝐒𝐚𝐥𝐞! 🚨
Experience next-gen performance with our latest builds. PM for pricelist!",,0,"12/27/2022 19:00",,https://www.facebook.com/pcmerchandise.co/posts/pfbid0wiyEMqOsxbLcxhgOh9Zmqs7Le267fTngqW61J0lFtpZt0ctFIWzASq2O,0,0,Photos,,,,,12/03/2022,,,0,0,0,0,0,0,,,,,
981300757327513,100064197037125,"PC Merchandise","𝐀𝐌𝟓 𝐁𝐮𝐢𝐥𝐝 𝐋𝐢𝐦𝐢𝐭𝐞𝐝 𝐒𝐚𝐥𝐞! 🚨
Experience next-gen performance with our latest builds. PM for pricelist!",,0,"12/27/2022 19:00",,https://www.facebook.com/pcmerchandise.co/posts/pfbid0wiyEMqOsxbLcxhgOh9Zmqs7Le267fTngqW61J0lFtpZt0ctFIWzASq2O,0,0,Photos,,,,,12/04/2022,,,0,0,0,0,0,0,,,,,
981300757327513,100064197037125,"PC Merchandise","𝐀𝐌𝟓 𝐁𝐮𝐢𝐥𝐝 𝐋𝐢𝐦𝐢𝐭𝐞𝐝 𝐒𝐚𝐥𝐞! 🚨
Experience next-gen performance with our latest builds. PM for pricelist!",,0,"12/27/2022 19:00",,https://www.facebook.com/pcmerchandise.co/posts/pfbid0wiyEMqOsxbLcxhgOh9Zmqs7Le267fTngqW61J0lFtpZt0ctFIWzASq2O,0,0,Photos,,,,,12/05/2022,,,0,0,0,0,0,0,,,,,
981300757327513,100064197037125,"PC Merchandise","𝐀𝐌𝟓 𝐁𝐮𝐢𝐥𝐝 𝐋𝐢𝐦𝐢𝐭𝐞𝐝 𝐒𝐚𝐥𝐞! 🚨
Experience next-gen performance with our latest builds. PM for pricelist!",,0,"12/27/2022 19:00",,https://www.facebook.com/pcmerchandise.co/posts/pfbid0wiyEMqOsxbLcxhgOh9Zmqs7Le267fTngqW61J0lFtpZt0ctFIWzASq2O,0,0,Photos,,,,,12/06/2022,,,0,0,0,0,0,0,,,,,
981300757327513,100064197037125,"PC Merchandise","𝐀𝐌𝟓 𝐁𝐮𝐢𝐥𝐝 𝐋𝐢𝐦𝐢𝐭𝐞𝐝 𝐒𝐚𝐥𝐞! 🚨
Experience next-gen performance with our latest builds. PM for pricelist!",,0,"12/27/2022 19:00",,https://www.facebook.com/pcmerchandise.co/posts/pfbid0wiyEMqOsxbLcxhgOh9Zmqs7Le267fTngqW61J0lFtpZt0ctFIWzASq2O,0,0,Photos,,,,,12/07/2022,,,0,0,0,0,0,0,,,,,
981300757327513,100064197037125,"PC Merchandise","𝐀𝐌𝟓 𝐁𝐮𝐢𝐥𝐝 𝐋𝐢𝐦𝐢𝐭𝐞𝐝 𝐒𝐚𝐥𝐞! 🚨
Experience next-gen performance with our latest builds. PM for pricelist!",,0,"12/27/2022 19:00",,https://www.facebook.com/pcmerchandise.co/posts/pfbid0wiyEMqOsxbLcxhgOh9Zmqs7Le267fTngqW61J0lFtpZt0ctFIWzASq2O,0,0,Photos,,,,,12/08/2022,,,0,0,0,0,0,0,,,,,
981300757327513,100064197037125,"PC Merchandise","𝐀𝐌𝟓 𝐁𝐮𝐢𝐥𝐝 𝐋𝐢𝐦𝐢𝐭𝐞𝐝 𝐒𝐚𝐥𝐞! 🚨
Experience next-gen performance with our latest builds. PM for pricelist!",,0,"12/27/2022 19:00",,https://www.facebook.com/pcmerchandise.co/posts/pfbid0wiyEMqOsxbLcxhgOh9Zmqs7Le267fTngqW61J0lFtpZt0ctFIWzASq2O,0,0,Photos,,,,,12/09/2022,,,0,0,0,0,0,0,,,,,
981300757327513,100064197037125,"PC Merchandise","𝐀𝐌𝟓 𝐁𝐮𝐢𝐥𝐝 𝐋𝐢𝐦𝐢𝐭𝐞𝐝 𝐒𝐚𝐥𝐞! 🚨
Experience next-gen performance with our latest builds. PM for pricelist!",,0,"12/27/2022 19:00",,https://www.facebook.com/pcmerchandise.co/posts/pfbid0wiyEMqOsxbLcxhgOh9Zmqs7Le267fTngqW61J0lFtpZt0ctFIWzASq2O,0,0,Photos,,,,,12/10/2022,,,0,0,0,0,0,0,,,,,
981300757327513,100064197037125,"PC Merchandise","𝐀𝐌𝟓 𝐁𝐮𝐢𝐥𝐝 𝐋𝐢𝐦𝐢𝐭𝐞𝐝 𝐒𝐚𝐥𝐞! 🚨
Experience next-gen performance with our latest builds. PM for pricelist!",,0,"12/27/2022 19:00",,https://www.facebook.com/pcmerchandise.co/posts/pfbid0wiyEMqOsxbLcxhgOh9Zmqs7Le267fTngqW61J0lFtpZt0ctFIWzASq2O,0,0,Photos,,,,,12/11/2022,,,0,0,0,0,0,0,,,,,
981300757327513,100064197037125,"PC Merchandise","𝐀𝐌𝟓 𝐁𝐮𝐢𝐥𝐝 𝐋𝐢𝐦𝐢𝐭𝐞𝐝 𝐒𝐚𝐥𝐞! 🚨
Experience next-gen performance with our latest builds. PM for pricelist!",,0,"12/27/2022 19:00",,https://www.facebook.com/pcmerchandise.co/posts/pfbid0wiyEMqOsxbLcxhgOh9Zmqs7Le267fTngqW61J0lFtpZt0ctFIWzASq2O,0,0,Photos,,,,,12/12/2022,,,0,0,0,0,0,0,,,,,
981300757327513,100064197037125,"PC Merchandise","𝐀𝐌𝟓 𝐁𝐮𝐢𝐥𝐝 𝐋𝐢𝐦𝐢𝐭𝐞𝐝 𝐒𝐚𝐥𝐞! 🚨
Experience next-gen performance with our latest builds. PM for pricelist!",,0,"12/27/2022 19:00",,https://www.facebook.com/pcmerchandise.co/posts/pfbid0wiyEMqOsxbLcxhgOh9Zmqs7Le267fTngqW61J0lFtpZt0ctFIWzASq2O,0,0,Photos,,,,,12/13/2022,,,0,0,0,0,0,0,,,,,
981300757327513,100064197037125,"PC Merchandise","𝐀𝐌𝟓 𝐁𝐮𝐢𝐥𝐝 𝐋𝐢𝐦𝐢𝐭𝐞𝐝 𝐒𝐚𝐥𝐞! 🚨
Experience next-gen performance with our latest builds. PM for pricelist!",,0,"12/27/2022 19:00",,https://www.facebook.com/pcmerchandise.co/posts/pfbid0wiyEMqOsxbLcxhgOh9Zmqs7Le267fTngqW61J0lFtpZt0ctFIWzASq2O,0,0,Photos,,,,,12/14/2022,,,0,0,0,0,0,0,,,,,
981300757327513,100064197037125,"PC Merchandise","𝐀𝐌𝟓 𝐁𝐮𝐢𝐥𝐝 𝐋𝐢𝐦𝐢𝐭𝐞𝐝 𝐒𝐚𝐥𝐞! 🚨
Experience next-gen performance with our latest builds. PM for pricelist!",,0,"12/27/2022 19:00",,https://www.facebook.com/pcmerchandise.co/posts/pfbid0wiyEMqOsxbLcxhgOh9Zmqs7Le267fTngqW61J0lFtpZt0ctFIWzASq2O,0,0,Photos,,,,,12/15/2022,,,0,0,0,0,0,0,,,,,
981300757327513,100064197037125,"PC Merchandise","𝐀𝐌𝟓 𝐁𝐮𝐢𝐥𝐝 𝐋𝐢𝐦𝐢𝐭𝐞𝐝 𝐒𝐚𝐥𝐞! 🚨
Experience next-gen performance with our latest builds. PM for pricelist!",,0,"12/27/2022 19:00",,https://www.facebook.com/pcmerchandise.co/posts/pfbid0wiyEMqOsxbLcxhgOh9Zmqs7Le267fTngqW61J0lFtpZt0ctFIWzASq2O,0,0,Photos,,,,,12/16/2022,,,0,0,0,0,0,0,,,,,
981300757327513,100064197037125,"PC Merchandise","𝐀𝐌𝟓 𝐁𝐮𝐢𝐥𝐝 𝐋𝐢𝐦𝐢𝐭𝐞𝐝 𝐒𝐚𝐥𝐞! 🚨
Experience next-gen performance with our latest builds. PM for pricelist!",,0,"12/27/2022 19:00",,https://www.facebook.com/pcmerchandise.co/posts/pfbid0wiyEMqOsxbLcxhgOh9Zmqs7Le267fTngqW61J0lFtpZt0ctFIWzASq2O,0,0,Photos,,,,,12/17/2022,,,0,0,0,0,0,0,,,,,
981300757327513,100064197037125,"PC Merchandise","𝐀𝐌𝟓 𝐁𝐮𝐢𝐥𝐝 𝐋𝐢𝐦𝐢𝐭𝐞𝐝 𝐒𝐚𝐥𝐞! 🚨
Experience next-gen performance with our latest builds. PM for pricelist!",,0,"12/27/2022 19:00",,https://www.facebook.com/pcmerchandise.co/posts/pfbid0wiyEMqOsxbLcxhgOh9Zmqs7Le267fTngqW61J0lFtpZt0ctFIWzASq2O,0,0,Photos,,,,,12/18/2022,,,0,0,0,0,0,0,,,,,
981300757327513,100064197037125,"PC Merchandise","𝐀𝐌𝟓 𝐁𝐮𝐢𝐥𝐝 𝐋𝐢𝐦𝐢𝐭𝐞𝐝 𝐒𝐚𝐥𝐞! 🚨
Experience next-gen performance with our latest builds. PM for pricelist!",,0,"12/27/2022 19:00",,https://www.facebook.com/pcmerchandise.co/posts/pfbid0wiyEMqOsxbLcxhgOh9Zmqs7Le267fTngqW61J0lFtpZt0ctFIWzASq2O,0,0,Photos,,,,,12/19/2022,,,0,0,0,0,0,0,,,,,
981300757327513,100064197037125,"PC Merchandise","𝐀𝐌𝟓 𝐁𝐮𝐢𝐥𝐝 𝐋𝐢𝐦𝐢𝐭𝐞𝐝 𝐒𝐚𝐥𝐞! 🚨
Experience next-gen performance with our latest builds. PM for pricelist!",,0,"12/27/2022 19:00",,https://www.facebook.com/pcmerchandise.co/posts/pfbid0wiyEMqOsxbLcxhgOh9Zmqs7Le267fTngqW61J0lFtpZt0ctFIWzASq2O,0,0,Photos,,,,,12/20/2022,,,0,0,0,0,0,0,,,,,
981300757327513,100064197037125,"PC Merchandise","𝐀𝐌𝟓 𝐁𝐮𝐢𝐥𝐝 𝐋𝐢𝐦𝐢𝐭𝐞𝐝 𝐒𝐚𝐥𝐞! 🚨
Experience next-gen performance with our latest builds. PM for pricelist!",,0,"12/27/2022 19:00",,https://www.facebook.com/pcmerchandise.co/posts/pfbid0wiyEMqOsxbLcxhgOh9Zmqs7Le267fTngqW61J0lFtpZt0ctFIWzASq2O,0,0,Photos,,,,,12/21/2022,,,0,0,0,0,0,0,,,,,
981300757327513,100064197037125,"PC Merchandise","𝐀𝐌𝟓 𝐁𝐮𝐢𝐥𝐝 𝐋𝐢𝐦𝐢𝐭𝐞𝐝 𝐒𝐚𝐥𝐞! 🚨
Experience next-gen performance with our latest builds. PM for pricelist!",,0,"12/27/2022 19:00",,https://www.facebook.com/pcmerchandise.co/posts/pfbid0wiyEMqOsxbLcxhgOh9Zmqs7Le267fTngqW61J0lFtpZt0ctFIWzASq2O,0,0,Photos,,,,,12/22/2022,,,0,0,0,0,0,0,,,,,
981300757327513,100064197037125,"PC Merchandise","𝐀𝐌𝟓 𝐁𝐮𝐢𝐥𝐝 𝐋𝐢𝐦𝐢𝐭𝐞𝐝 𝐒𝐚𝐥𝐞! 🚨
Experience next-gen performance with our latest builds. PM for pricelist!",,0,"12/27/2022 19:00",,https://www.facebook.com/pcmerchandise.co/posts/pfbid0wiyEMqOsxbLcxhgOh9Zmqs7Le267fTngqW61J0lFtpZt0ctFIWzASq2O,0,0,Photos,,,,,12/23/2022,,,0,0,0,0,0,0,,,,,
981300757327513,100064197037125,"PC Merchandise","𝐀𝐌𝟓 𝐁𝐮𝐢𝐥𝐝 𝐋𝐢𝐦𝐢𝐭𝐞𝐝 𝐒𝐚𝐥𝐞! 🚨
Experience next-gen performance with our latest builds. PM for pricelist!",,0,"12/27/2022 19:00",,https://www.facebook.com/pcmerchandise.co/posts/pfbid0wiyEMqOsxbLcxhgOh9Zmqs7Le267fTngqW61J0lFtpZt0ctFIWzASq2O,0,0,Photos,,,,,12/24/2022,,,0,0,0,0,0,0,,,,,
981300757327513,100064197037125,"PC Merchandise","𝐀𝐌𝟓 𝐁𝐮𝐢𝐥𝐝 𝐋𝐢𝐦𝐢𝐭𝐞𝐝 𝐒𝐚𝐥𝐞! 🚨
Experience next-gen performance with our latest builds. PM for pricelist!",,0,"12/27/2022 19:00",,https://www.facebook.com/pcmerchandise.co/posts/pfbid0wiyEMqOsxbLcxhgOh9Zmqs7Le267fTngqW61J0lFtpZt0ctFIWzASq2O,0,0,Photos,,,,,12/25/2022,,,0,0,0,0,0,0,,,,,
981300757327513,100064197037125,"PC Merchandise","𝐀𝐌𝟓 𝐁𝐮𝐢𝐥𝐝 𝐋𝐢𝐦𝐢𝐭𝐞𝐝 𝐒𝐚𝐥𝐞! 🚨
Experience next-gen performance with our latest builds. PM for pricelist!",,0,"12/27/2022 19:00",,https://www.facebook.com/pcmerchandise.co/posts/pfbid0wiyEMqOsxbLcxhgOh9Zmqs7Le267fTngqW61J0lFtpZt0ctFIWzASq2O,0,0,Photos,,,,,12/26/2022,,,0,0,0,0,0,0,,,,,
981300757327513,100064197037125,"PC Merchandise","𝐀𝐌𝟓 𝐁𝐮𝐢𝐥𝐝 𝐋𝐢𝐦𝐢𝐭𝐞𝐝 𝐒𝐚𝐥𝐞! 🚨
Experience next-gen performance with our latest builds. PM for pricelist!",,0,"12/27/2022 19:00",,https://www.facebook.com/pcmerchandise.co/posts/pfbid0wiyEMqOsxbLcxhgOh9Zmqs7Le267fTngqW61J0lFtpZt0ctFIWzASq2O,0,0,Photos,,,,,12/27/2022,,,0,0,0,0,0,0,,,,,
981300757327513,100064197037125,"PC Merchandise","𝐀𝐌𝟓 𝐁𝐮𝐢𝐥𝐝 𝐋𝐢𝐦𝐢𝐭𝐞𝐝 𝐒𝐚𝐥𝐞! 🚨
Experience next-gen performance with our latest builds. PM for pricelist!",,0,"12/27/2022 19:00",,https://www.facebook.com/pcmerchandise.co/posts/pfbid0wiyEMqOsxbLcxhgOh9Zmqs7Le267fTngqW61J0lFtpZt0ctFIWzASq2O,0,0,Photos,,,,,12/28/2022,,,0,0,0,0,0,0,,,,,
981300757327513,100064197037125,"PC Merchandise","𝐀𝐌𝟓 𝐁𝐮𝐢𝐥𝐝 𝐋𝐢𝐦𝐢𝐭𝐞𝐝 𝐒𝐚𝐥𝐞! 🚨
Experience next-gen performance with our latest builds. PM for pricelist!",,0,"12/27/2022 19:00",,https://www.facebook.com/pcmerchandise.co/posts/pfbid0wiyEMqOsxbLcxhgOh9Zmqs7Le267fTngqW61J0lFtpZt0ctFIWzASq2O,0,0,Photos,,,,,12/29/2022,,,0,0,0,0,0,0,,,,,
981300757327513,100064197037125,"PC Merchandise","𝐀𝐌𝟓 𝐁𝐮𝐢𝐥𝐝 𝐋𝐢𝐦𝐢𝐭𝐞𝐝 𝐒𝐚𝐥𝐞! 🚨
Experience next-gen performance with our latest builds. PM for pricelist!",,0,"12/27/2022 19:00",,https://www.facebook.com/pcmerchandise.co/posts/pfbid0wiyEMqOsxbLcxhgOh9Zmqs7Le267fTngqW61J0lFtpZt0ctFIWzASq2O,0,0,Photos,,,,,12/30/2022,,,0,0,0,0,0,0,,,,,
981300757327513,100064197037125,"PC Merchandise","𝐀𝐌𝟓 𝐁𝐮𝐢𝐥𝐝 𝐋𝐢𝐦𝐢𝐭𝐞𝐝 𝐒𝐚𝐥𝐞! 🚨
Experience next-gen performance with our latest builds. PM for pricelist!",,0,"12/27/2022 19:00",,https://www.facebook.com/pcmerchandise.co/posts/pfbid0wiyEMqOsxbLcxhgOh9Zmqs7Le267fTngqW61J0lFtpZt0ctFIWzASq2O,0,0,Photos,,,,,12/31/2022,,,0,0,0,0,0,0,,,,,
980674053374918,100064197037125,"PC Merchandise","𝐒𝐎𝐋𝐃 𝐢𝟑 𝟏𝟎𝟏𝟎𝟎𝐅 𝟖+𝟏 (8PCS)
𝐂𝐎𝐌𝐒𝐇𝐎𝐏 𝐃𝐈𝐒𝐊𝐋𝐄𝐒𝐒 𝐏𝐀𝐂𝐊𝐀𝐆𝐄
#PCMERCHANDISE #PCMBUILDS",,0,"12/27/2022 15:01",,https://www.facebook.com/pcmerchandise.co/posts/pfbid07m69tZDsvcpzHRbu4Eb6By5NeJmEmBkANh0M90PeOmCDbbKLXTbgPriZ,0,0,Photos,,,,,12/31/2022,0,,,,,,,,,,,,
980674053374918,100064197037125,"PC Merchandise","𝐒𝐎𝐋𝐃 𝐢𝟑 𝟏𝟎𝟏𝟎𝟎𝐅 𝟖+𝟏 (8PCS)
𝐂𝐎𝐌𝐒𝐇𝐎𝐏 𝐃𝐈𝐒𝐊𝐋𝐄𝐒𝐒 𝐏𝐀𝐂𝐊𝐀𝐆𝐄
#PCMERCHANDISE #PCMBUILDS",,0,"12/27/2022 15:01",,https://www.facebook.com/pcmerchandise.co/posts/pfbid07m69tZDsvcpzHRbu4Eb6By5NeJmEmBkANh0M90PeOmCDbbKLXTbgPriZ,0,0,Photos,,,,,12/01/2022,,,0,0,0,0,0,0,,,,,
980674053374918,100064197037125,"PC Merchandise","𝐒𝐎𝐋𝐃 𝐢𝟑 𝟏𝟎𝟏𝟎𝟎𝐅 𝟖+𝟏 (8PCS)
𝐂𝐎𝐌𝐒𝐇𝐎𝐏 𝐃𝐈𝐒𝐊𝐋𝐄𝐒𝐒 𝐏𝐀𝐂𝐊𝐀𝐆𝐄
#PCMERCHANDISE #PCMBUILDS",,0,"12/27/2022 15:01",,https://www.facebook.com/pcmerchandise.co/posts/pfbid07m69tZDsvcpzHRbu4Eb6By5NeJmEmBkANh0M90PeOmCDbbKLXTbgPriZ,0,0,Photos,,,,,12/02/2022,,,0,0,0,0,0,0,,,,,
980674053374918,100064197037125,"PC Merchandise","𝐒𝐎𝐋𝐃 𝐢𝟑 𝟏𝟎𝟏𝟎𝟎𝐅 𝟖+𝟏 (8PCS)
𝐂𝐎𝐌𝐒𝐇𝐎𝐏 𝐃𝐈𝐒𝐊𝐋𝐄𝐒𝐒 𝐏𝐀𝐂𝐊𝐀𝐆𝐄
#PCMERCHANDISE #PCMBUILDS",,0,"12/27/2022 15:01",,https://www.facebook.com/pcmerchandise.co/posts/pfbid07m69tZDsvcpzHRbu4Eb6By5NeJmEmBkANh0M90PeOmCDbbKLXTbgPriZ,0,0,Photos,,,,,12/03/2022,,,0,0,0,0,0,0,,,,,
980674053374918,100064197037125,"PC Merchandise","𝐒𝐎𝐋𝐃 𝐢𝟑 𝟏𝟎𝟏𝟎𝟎𝐅 𝟖+𝟏 (8PCS)
𝐂𝐎𝐌𝐒𝐇𝐎𝐏 𝐃𝐈𝐒𝐊𝐋𝐄𝐒𝐒 𝐏𝐀𝐂𝐊𝐀𝐆𝐄
#PCMERCHANDISE #PCMBUILDS",,0,"12/27/2022 15:01",,https://www.facebook.com/pcmerchandise.co/posts/pfbid07m69tZDsvcpzHRbu4Eb6By5NeJmEmBkANh0M90PeOmCDbbKLXTbgPriZ,0,0,Photos,,,,,12/04/2022,,,0,0,0,0,0,0,,,,,
980674053374918,100064197037125,"PC Merchandise","𝐒𝐎𝐋𝐃 𝐢𝟑 𝟏𝟎𝟏𝟎𝟎𝐅 𝟖+𝟏 (8PCS)
𝐂𝐎𝐌𝐒𝐇𝐎𝐏 𝐃𝐈𝐒𝐊𝐋𝐄𝐒𝐒 𝐏𝐀𝐂𝐊𝐀𝐆𝐄
#PCMERCHANDISE #PCMBUILDS",,0,"12/27/2022 15:01",,https://www.facebook.com/pcmerchandise.co/posts/pfbid07m69tZDsvcpzHRbu4Eb6By5NeJmEmBkANh0M90PeOmCDbbKLXTbgPriZ,0,0,Photos,,,,,12/05/2022,,,0,0,0,0,0,0,,,,,
980674053374918,100064197037125,"PC Merchandise","𝐒𝐎𝐋𝐃 𝐢𝟑 𝟏𝟎𝟏𝟎𝟎𝐅 𝟖+𝟏 (8PCS)
𝐂𝐎𝐌𝐒𝐇𝐎𝐏 𝐃𝐈𝐒𝐊𝐋𝐄𝐒𝐒 𝐏𝐀𝐂𝐊𝐀𝐆𝐄
#PCMERCHANDISE #PCMBUILDS",,0,"12/27/2022 15:01",,https://www.facebook.com/pcmerchandise.co/posts/pfbid07m69tZDsvcpzHRbu4Eb6By5NeJmEmBkANh0M90PeOmCDbbKLXTbgPriZ,0,0,Photos,,,,,12/06/2022,,,0,0,0,0,0,0,,,,,
980674053374918,100064197037125,"PC Merchandise","𝐒𝐎𝐋𝐃 𝐢𝟑 𝟏𝟎𝟏𝟎𝟎𝐅 𝟖+𝟏 (8PCS)
𝐂𝐎𝐌𝐒𝐇𝐎𝐏 𝐃𝐈𝐒𝐊𝐋𝐄𝐒𝐒 𝐏𝐀𝐂𝐊𝐀𝐆𝐄
#PCMERCHANDISE #PCMBUILDS",,0,"12/27/2022 15:01",,https://www.facebook.com/pcmerchandise.co/posts/pfbid07m69tZDsvcpzHRbu4Eb6By5NeJmEmBkANh0M90PeOmCDbbKLXTbgPriZ,0,0,Photos,,,,,12/07/2022,,,0,0,0,0,0,0,,,,,
980674053374918,100064197037125,"PC Merchandise","𝐒𝐎𝐋𝐃 𝐢𝟑 𝟏𝟎𝟏𝟎𝟎𝐅 𝟖+𝟏 (8PCS)
𝐂𝐎𝐌𝐒𝐇𝐎𝐏 𝐃𝐈𝐒𝐊𝐋𝐄𝐒𝐒 𝐏𝐀𝐂𝐊𝐀𝐆𝐄
#PCMERCHANDISE #PCMBUILDS",,0,"12/27/2022 15:01",,https://www.facebook.com/pcmerchandise.co/posts/pfbid07m69tZDsvcpzHRbu4Eb6By5NeJmEmBkANh0M90PeOmCDbbKLXTbgPriZ,0,0,Photos,,,,,12/08/2022,,,0,0,0,0,0,0,,,,,
980674053374918,100064197037125,"PC Merchandise","𝐒𝐎𝐋𝐃 𝐢𝟑 𝟏𝟎𝟏𝟎𝟎𝐅 𝟖+𝟏 (8PCS)
𝐂𝐎𝐌𝐒𝐇𝐎𝐏 𝐃𝐈𝐒𝐊𝐋𝐄𝐒𝐒 𝐏𝐀𝐂𝐊𝐀𝐆𝐄
#PCMERCHANDISE #PCMBUILDS",,0,"12/27/2022 15:01",,https://www.facebook.com/pcmerchandise.co/posts/pfbid07m69tZDsvcpzHRbu4Eb6By5NeJmEmBkANh0M90PeOmCDbbKLXTbgPriZ,0,0,Photos,,,,,12/09/2022,,,0,0,0,0,0,0,,,,,
980674053374918,100064197037125,"PC Merchandise","𝐒𝐎𝐋𝐃 𝐢𝟑 𝟏𝟎𝟏𝟎𝟎𝐅 𝟖+𝟏 (8PCS)
𝐂𝐎𝐌𝐒𝐇𝐎𝐏 𝐃𝐈𝐒𝐊𝐋𝐄𝐒𝐒 𝐏𝐀𝐂𝐊𝐀𝐆𝐄
#PCMERCHANDISE #PCMBUILDS",,0,"12/27/2022 15:01",,https://www.facebook.com/pcmerchandise.co/posts/pfbid07m69tZDsvcpzHRbu4Eb6By5NeJmEmBkANh0M90PeOmCDbbKLXTbgPriZ,0,0,Photos,,,,,12/10/2022,,,0,0,0,0,0,0,,,,,
980674053374918,100064197037125,"PC Merchandise","𝐒𝐎𝐋𝐃 𝐢𝟑 𝟏𝟎𝟏𝟎𝟎𝐅 𝟖+𝟏 (8PCS)
𝐂𝐎𝐌𝐒𝐇𝐎𝐏 𝐃𝐈𝐒𝐊𝐋𝐄𝐒𝐒 𝐏𝐀𝐂𝐊𝐀𝐆𝐄
#PCMERCHANDISE #PCMBUILDS",,0,"12/27/2022 15:01",,https://www.facebook.com/pcmerchandise.co/posts/pfbid07m69tZDsvcpzHRbu4Eb6By5NeJmEmBkANh0M90PeOmCDbbKLXTbgPriZ,0,0,Photos,,,,,12/11/2022,,,0,0,0,0,0,0,,,,,
980674053374918,100064197037125,"PC Merchandise","𝐒𝐎𝐋𝐃 𝐢𝟑 𝟏𝟎𝟏𝟎𝟎𝐅 𝟖+𝟏 (8PCS)
𝐂𝐎𝐌𝐒𝐇𝐎𝐏 𝐃𝐈𝐒𝐊𝐋𝐄𝐒𝐒 𝐏𝐀𝐂𝐊𝐀𝐆𝐄
#PCMERCHANDISE #PCMBUILDS",,0,"12/27/2022 15:01",,https://www.facebook.com/pcmerchandise.co/posts/pfbid07m69tZDsvcpzHRbu4Eb6By5NeJmEmBkANh0M90PeOmCDbbKLXTbgPriZ,0,0,Photos,,,,,12/12/2022,,,0,0,0,0,0,0,,,,,
980674053374918,100064197037125,"PC Merchandise","𝐒𝐎𝐋𝐃 𝐢𝟑 𝟏𝟎𝟏𝟎𝟎𝐅 𝟖+𝟏 (8PCS)
𝐂𝐎𝐌𝐒𝐇𝐎𝐏 𝐃𝐈𝐒𝐊𝐋𝐄𝐒𝐒 𝐏𝐀𝐂𝐊𝐀𝐆𝐄
#PCMERCHANDISE #PCMBUILDS",,0,"12/27/2022 15:01",,https://www.facebook.com/pcmerchandise.co/posts/pfbid07m69tZDsvcpzHRbu4Eb6By5NeJmEmBkANh0M90PeOmCDbbKLXTbgPriZ,0,0,Photos,,,,,12/13/2022,,,0,0,0,0,0,0,,,,,
980674053374918,100064197037125,"PC Merchandise","𝐒𝐎𝐋𝐃 𝐢𝟑 𝟏𝟎𝟏𝟎𝟎𝐅 𝟖+𝟏 (8PCS)
𝐂𝐎𝐌𝐒𝐇𝐎𝐏 𝐃𝐈𝐒𝐊𝐋𝐄𝐒𝐒 𝐏𝐀𝐂𝐊𝐀𝐆𝐄
#PCMERCHANDISE #PCMBUILDS",,0,"12/27/2022 15:01",,https://www.facebook.com/pcmerchandise.co/posts/pfbid07m69tZDsvcpzHRbu4Eb6By5NeJmEmBkANh0M90PeOmCDbbKLXTbgPriZ,0,0,Photos,,,,,12/14/2022,,,0,0,0,0,0,0,,,,,
980674053374918,100064197037125,"PC Merchandise","𝐒𝐎𝐋𝐃 𝐢𝟑 𝟏𝟎𝟏𝟎𝟎𝐅 𝟖+𝟏 (8PCS)
𝐂𝐎𝐌𝐒𝐇𝐎𝐏 𝐃𝐈𝐒𝐊𝐋𝐄𝐒𝐒 𝐏𝐀𝐂𝐊𝐀𝐆𝐄
#PCMERCHANDISE #PCMBUILDS",,0,"12/27/2022 15:01",,https://www.facebook.com/pcmerchandise.co/posts/pfbid07m69tZDsvcpzHRbu4Eb6By5NeJmEmBkANh0M90PeOmCDbbKLXTbgPriZ,0,0,Photos,,,,,12/15/2022,,,0,0,0,0,0,0,,,,,
980674053374918,100064197037125,"PC Merchandise","𝐒𝐎𝐋𝐃 𝐢𝟑 𝟏𝟎𝟏𝟎𝟎𝐅 𝟖+𝟏 (8PCS)
𝐂𝐎𝐌𝐒𝐇𝐎𝐏 𝐃𝐈𝐒𝐊𝐋𝐄𝐒𝐒 𝐏𝐀𝐂𝐊𝐀𝐆𝐄
#PCMERCHANDISE #PCMBUILDS",,0,"12/27/2022 15:01",,https://www.facebook.com/pcmerchandise.co/posts/pfbid07m69tZDsvcpzHRbu4Eb6By5NeJmEmBkANh0M90PeOmCDbbKLXTbgPriZ,0,0,Photos,,,,,12/16/2022,,,0,0,0,0,0,0,,,,,
980674053374918,100064197037125,"PC Merchandise","𝐒𝐎𝐋𝐃 𝐢𝟑 𝟏𝟎𝟏𝟎𝟎𝐅 𝟖+𝟏 (8PCS)
𝐂𝐎𝐌𝐒𝐇𝐎𝐏 𝐃𝐈𝐒𝐊𝐋𝐄𝐒𝐒 𝐏𝐀𝐂𝐊𝐀𝐆𝐄
#PCMERCHANDISE #PCMBUILDS",,0,"12/27/2022 15:01",,https://www.facebook.com/pcmerchandise.co/posts/pfbid07m69tZDsvcpzHRbu4Eb6By5NeJmEmBkANh0M90PeOmCDbbKLXTbgPriZ,0,0,Photos,,,,,12/17/2022,,,0,0,0,0,0,0,,,,,
980674053374918,100064197037125,"PC Merchandise","𝐒𝐎𝐋𝐃 𝐢𝟑 𝟏𝟎𝟏𝟎𝟎𝐅 𝟖+𝟏 (8PCS)
𝐂𝐎𝐌𝐒𝐇𝐎𝐏 𝐃𝐈𝐒𝐊𝐋𝐄𝐒𝐒 𝐏𝐀𝐂𝐊𝐀𝐆𝐄
#PCMERCHANDISE #PCMBUILDS",,0,"12/27/2022 15:01",,https://www.facebook.com/pcmerchandise.co/posts/pfbid07m69tZDsvcpzHRbu4Eb6By5NeJmEmBkANh0M90PeOmCDbbKLXTbgPriZ,0,0,Photos,,,,,12/18/2022,,,0,0,0,0,0,0,,,,,
980674053374918,100064197037125,"PC Merchandise","𝐒𝐎𝐋𝐃 𝐢𝟑 𝟏𝟎𝟏𝟎𝟎𝐅 𝟖+𝟏 (8PCS)
𝐂𝐎𝐌𝐒𝐇𝐎𝐏 𝐃𝐈𝐒𝐊𝐋𝐄𝐒𝐒 𝐏𝐀𝐂𝐊𝐀𝐆𝐄
#PCMERCHANDISE #PCMBUILDS",,0,"12/27/2022 15:01",,https://www.facebook.com/pcmerchandise.co/posts/pfbid07m69tZDsvcpzHRbu4Eb6By5NeJmEmBkANh0M90PeOmCDbbKLXTbgPriZ,0,0,Photos,,,,,12/19/2022,,,0,0,0,0,0,0,,,,,
980674053374918,100064197037125,"PC Merchandise","𝐒𝐎𝐋𝐃 𝐢𝟑 𝟏𝟎𝟏𝟎𝟎𝐅 𝟖+𝟏 (8PCS)
𝐂𝐎𝐌𝐒𝐇𝐎𝐏 𝐃𝐈𝐒𝐊𝐋𝐄𝐒𝐒 𝐏𝐀𝐂𝐊𝐀𝐆𝐄
#PCMERCHANDISE #PCMBUILDS",,0,"12/27/2022 15:01",,https://www.facebook.com/pcmerchandise.co/posts/pfbid07m69tZDsvcpzHRbu4Eb6By5NeJmEmBkANh0M90PeOmCDbbKLXTbgPriZ,0,0,Photos,,,,,12/20/2022,,,0,0,0,0,0,0,,,,,
980674053374918,100064197037125,"PC Merchandise","𝐒𝐎𝐋𝐃 𝐢𝟑 𝟏𝟎𝟏𝟎𝟎𝐅 𝟖+𝟏 (8PCS)
𝐂𝐎𝐌𝐒𝐇𝐎𝐏 𝐃𝐈𝐒𝐊𝐋𝐄𝐒𝐒 𝐏𝐀𝐂𝐊𝐀𝐆𝐄
#PCMERCHANDISE #PCMBUILDS",,0,"12/27/2022 15:01",,https://www.facebook.com/pcmerchandise.co/posts/pfbid07m69tZDsvcpzHRbu4Eb6By5NeJmEmBkANh0M90PeOmCDbbKLXTbgPriZ,0,0,Photos,,,,,12/21/2022,,,0,0,0,0,0,0,,,,,
980674053374918,100064197037125,"PC Merchandise","𝐒𝐎𝐋𝐃 𝐢𝟑 𝟏𝟎𝟏𝟎𝟎𝐅 𝟖+𝟏 (8PCS)
𝐂𝐎𝐌𝐒𝐇𝐎𝐏 𝐃𝐈𝐒𝐊𝐋𝐄𝐒𝐒 𝐏𝐀𝐂𝐊𝐀𝐆𝐄
#PCMERCHANDISE #PCMBUILDS",,0,"12/27/2022 15:01",,https://www.facebook.com/pcmerchandise.co/posts/pfbid07m69tZDsvcpzHRbu4Eb6By5NeJmEmBkANh0M90PeOmCDbbKLXTbgPriZ,0,0,Photos,,,,,12/22/2022,,,0,0,0,0,0,0,,,,,
980674053374918,100064197037125,"PC Merchandise","𝐒𝐎𝐋𝐃 𝐢𝟑 𝟏𝟎𝟏𝟎𝟎𝐅 𝟖+𝟏 (8PCS)
𝐂𝐎𝐌𝐒𝐇𝐎𝐏 𝐃𝐈𝐒𝐊𝐋𝐄𝐒𝐒 𝐏𝐀𝐂𝐊𝐀𝐆𝐄
#PCMERCHANDISE #PCMBUILDS",,0,"12/27/2022 15:01",,https://www.facebook.com/pcmerchandise.co/posts/pfbid07m69tZDsvcpzHRbu4Eb6By5NeJmEmBkANh0M90PeOmCDbbKLXTbgPriZ,0,0,Photos,,,,,12/23/2022,,,0,0,0,0,0,0,,,,,
980674053374918,100064197037125,"PC Merchandise","𝐒𝐎𝐋𝐃 𝐢𝟑 𝟏𝟎𝟏𝟎𝟎𝐅 𝟖+𝟏 (8PCS)
𝐂𝐎𝐌𝐒𝐇𝐎𝐏 𝐃𝐈𝐒𝐊𝐋𝐄𝐒𝐒 𝐏𝐀𝐂𝐊𝐀𝐆𝐄
#PCMERCHANDISE #PCMBUILDS",,0,"12/27/2022 15:01",,https://www.facebook.com/pcmerchandise.co/posts/pfbid07m69tZDsvcpzHRbu4Eb6By5NeJmEmBkANh0M90PeOmCDbbKLXTbgPriZ,0,0,Photos,,,,,12/24/2022,,,0,0,0,0,0,0,,,,,
980674053374918,100064197037125,"PC Merchandise","𝐒𝐎𝐋𝐃 𝐢𝟑 𝟏𝟎𝟏𝟎𝟎𝐅 𝟖+𝟏 (8PCS)
𝐂𝐎𝐌𝐒𝐇𝐎𝐏 𝐃𝐈𝐒𝐊𝐋𝐄𝐒𝐒 𝐏𝐀𝐂𝐊𝐀𝐆𝐄
#PCMERCHANDISE #PCMBUILDS",,0,"12/27/2022 15:01",,https://www.facebook.com/pcmerchandise.co/posts/pfbid07m69tZDsvcpzHRbu4Eb6By5NeJmEmBkANh0M90PeOmCDbbKLXTbgPriZ,0,0,Photos,,,,,12/25/2022,,,0,0,0,0,0,0,,,,,
980674053374918,100064197037125,"PC Merchandise","𝐒𝐎𝐋𝐃 𝐢𝟑 𝟏𝟎𝟏𝟎𝟎𝐅 𝟖+𝟏 (8PCS)
𝐂𝐎𝐌𝐒𝐇𝐎𝐏 𝐃𝐈𝐒𝐊𝐋𝐄𝐒𝐒 𝐏𝐀𝐂𝐊𝐀𝐆𝐄
#PCMERCHANDISE #PCMBUILDS",,0,"12/27/2022 15:01",,https://www.facebook.com/pcmerchandise.co/posts/pfbid07m69tZDsvcpzHRbu4Eb6By5NeJmEmBkANh0M90PeOmCDbbKLXTbgPriZ,0,0,Photos,,,,,12/26/2022,,,0,0,0,0,0,0,,,,,
980674053374918,100064197037125,"PC Merchandise","𝐒𝐎𝐋𝐃 𝐢𝟑 𝟏𝟎𝟏𝟎𝟎𝐅 𝟖+𝟏 (8PCS)
𝐂𝐎𝐌𝐒𝐇𝐎𝐏 𝐃𝐈𝐒𝐊𝐋𝐄𝐒𝐒 𝐏𝐀𝐂𝐊𝐀𝐆𝐄
#PCMERCHANDISE #PCMBUILDS",,0,"12/27/2022 15:01",,https://www.facebook.com/pcmerchandise.co/posts/pfbid07m69tZDsvcpzHRbu4Eb6By5NeJmEmBkANh0M90PeOmCDbbKLXTbgPriZ,0,0,Photos,,,,,12/27/2022,,,0,0,0,0,0,0,,,,,
980674053374918,100064197037125,"PC Merchandise","𝐒𝐎𝐋𝐃 𝐢𝟑 𝟏𝟎𝟏𝟎𝟎𝐅 𝟖+𝟏 (8PCS)
𝐂𝐎𝐌𝐒𝐇𝐎𝐏 𝐃𝐈𝐒𝐊𝐋𝐄𝐒𝐒 𝐏𝐀𝐂𝐊𝐀𝐆𝐄
#PCMERCHANDISE #PCMBUILDS",,0,"12/27/2022 15:01",,https://www.facebook.com/pcmerchandise.co/posts/pfbid07m69tZDsvcpzHRbu4Eb6By5NeJmEmBkANh0M90PeOmCDbbKLXTbgPriZ,0,0,Photos,,,,,12/28/2022,,,0,0,0,0,0,0,,,,,
980674053374918,100064197037125,"PC Merchandise","𝐒𝐎𝐋𝐃 𝐢𝟑 𝟏𝟎𝟏𝟎𝟎𝐅 𝟖+𝟏 (8PCS)
𝐂𝐎𝐌𝐒𝐇𝐎𝐏 𝐃𝐈𝐒𝐊𝐋𝐄𝐒𝐒 𝐏𝐀𝐂𝐊𝐀𝐆𝐄
#PCMERCHANDISE #PCMBUILDS",,0,"12/27/2022 15:01",,https://www.facebook.com/pcmerchandise.co/posts/pfbid07m69tZDsvcpzHRbu4Eb6By5NeJmEmBkANh0M90PeOmCDbbKLXTbgPriZ,0,0,Photos,,,,,12/29/2022,,,0,0,0,0,0,0,,,,,
980674053374918,100064197037125,"PC Merchandise","𝐒𝐎𝐋𝐃 𝐢𝟑 𝟏𝟎𝟏𝟎𝟎𝐅 𝟖+𝟏 (8PCS)
𝐂𝐎𝐌𝐒𝐇𝐎𝐏 𝐃𝐈𝐒𝐊𝐋𝐄𝐒𝐒 𝐏𝐀𝐂𝐊𝐀𝐆𝐄
#PCMERCHANDISE #PCMBUILDS",,0,"12/27/2022 15:01",,https://www.facebook.com/pcmerchandise.co/posts/pfbid07m69tZDsvcpzHRbu4Eb6By5NeJmEmBkANh0M90PeOmCDbbKLXTbgPriZ,0,0,Photos,,,,,12/30/2022,,,0,0,0,0,0,0,,,,,
980674053374918,100064197037125,"PC Merchandise","𝐒𝐎𝐋𝐃 𝐢𝟑 𝟏𝟎𝟏𝟎𝟎𝐅 𝟖+𝟏 (8PCS)
𝐂𝐎𝐌𝐒𝐇𝐎𝐏 𝐃𝐈𝐒𝐊𝐋𝐄𝐒𝐒 𝐏𝐀𝐂𝐊𝐀𝐆𝐄
#PCMERCHANDISE #PCMBUILDS",,0,"12/27/2022 15:01",,https://www.facebook.com/pcmerchandise.co/posts/pfbid07m69tZDsvcpzHRbu4Eb6By5NeJmEmBkANh0M90PeOmCDbbKLXTbgPriZ,0,0,Photos,,,,,12/31/2022,,,0,0,0,0,0,0,,,,,
980772588823226,100064197037125,"PC Merchandise","Salamat sa tiwala boss KUYA RON! RYZEN 5 2600 comshop package — 6 units delivered ✅",,73,"12/27/2022 02:00",mixed,https://www.facebook.com/reel/1104230873781642/,0,0,Reels,,,,,12/01/2022,0,,,,,,0,0,0,0,0,0.000,5.077
980772588823226,100064197037125,"PC Merchandise","Salamat sa tiwala boss KUYA RON! RYZEN 5 2600 comshop package — 6 units delivered ✅",,73,"12/27/2022 02:00",mixed,https://www.facebook.com/reel/1104230873781642/,0,0,Reels,,,,,12/02/2022,0,,,,,,0,0,0,0,0,0.000,4.130
980772588823226,100064197037125,"PC Merchandise","Salamat sa tiwala boss KUYA RON! RYZEN 5 2600 comshop package — 6 units delivered ✅",,73,"12/27/2022 02:00",mixed,https://www.facebook.com/reel/1104230873781642/,0,0,Reels,,,,,12/03/2022,0,,,,,,0,0,0,0,0,0.000,2.173
980772588823226,100064197037125,"PC Merchandise","Salamat sa tiwala boss KUYA RON! RYZEN 5 2600 comshop package — 6 units delivered ✅",,73,"12/27/2022 02:00",mixed,https://www.facebook.com/reel/1104230873781642/,0,0,Reels,,,,,12/04/2022,0,,,,,,0,0,0,0,0,0.000,3.938
980772588823226,100064197037125,"PC Merchandise","Salamat sa tiwala boss KUYA RON! RYZEN 5 2600 comshop package — 6 units delivered ✅",,73,"12/27/2022 02:00",mixed,https://www.facebook.com/reel/1104230873781642/,0,0,Reels,,,,,12/05/2022,0,,,,,,0,0,0,0,0,0.000,4.330
980772588823226,100064197037125,"PC Merchandise","Salamat sa tiwala boss KUYA RON! RYZEN 5 2600 comshop package — 6 units delivered ✅",,73,"12/27/2022 02:00",mixed,https://www.facebook.com/reel/1104230873781642/,0,0,Reels,,,,,12/06/2022,0,,,,,,0,0,0,0,0,0.000,2.068
980772588823226,100064197037125,"PC Merchandise","Salamat sa tiwala boss KUYA RON! RYZEN 5 2600 comshop package — 6 units delivered ✅",,73,"12/27/2022 02:00",mixed,https://www.facebook.com/reel/1104230873781642/,0,0,Reels,,,,,12/07/2022,0,,,,,,0,0,0,0,0,0.000,3.383
980772588823226,100064197037125,"PC Merchandise","Salamat sa tiwala boss KUYA RON! RYZEN 5 2600 comshop package — 6 units delivered ✅",,73,"12/27/2022 02:00",mixed,https://www.facebook.com/reel/1104230873781642/,0,0,Reels,,,,,12/08/2022,0,,,,,,0,0,0,0,0,0.000,4.234
980772588823226,100064197037125,"PC Merchandise","Salamat sa tiwala boss KUYA RON! RYZEN 5 2600 comshop package — 6 units delivered ✅",,73,"12/27/2022 02:00",mixed,https://www.facebook.com/reel/1104230873781642/,0,0,Reels,,,,,12/09/2022,0,,,,,,0,0,0,0,0,0.000,4.608
980772588823226,100064197037125,"PC Merchandise","Salamat sa tiwala boss KUYA RON! RYZEN 5 2600 comshop package — 6 units delivered ✅",,73,"12/27/2022 02:00",mixed,https://www.facebook.com/reel/1104230873781642/,0,0,Reels,,,,,12/10/2022,0,,,,,,0,0,0,0,0,0.000,3.404
980772588823226,100064197037125,"PC Merchandise","Salamat sa tiwala boss KUYA RON! RYZEN 5 2600 comshop package — 6 units delivered ✅",,73,"12/27/2022 02:00",mixed,https://www.facebook.com/reel/1104230873781642/,0,0,Reels,,,,,12/11/2022,0,,,,,,0,0,0,0,0,0.000,3.527
980772588823226,100064197037125,"PC Merchandise","Salamat sa tiwala boss KUYA RON! RYZEN 5 2600 comshop package — 6 units delivered ✅",,73,"12/27/2022 02:00",mixed,https://www.facebook.com/reel/1104230873781642/,0,0,Reels,,,,,12/12/2022,0,,,,,,0,0,0,0,0,0.000,3.452
980772588823226,100064197037125,"PC Merchandise","Salamat sa tiwala boss KUYA RON! RYZEN 5 2600 comshop package — 6 units delivered ✅",,73,"12/27/2022 02:00",mixed,https://www.facebook.com/reel/1104230873781642/,0,0,Reels,,,,,12/13/2022,0,,,,,,0,0,0,0,0,0.000,3.904
980772588823226,100064197037125,"PC Merchandise","Salamat sa tiwala boss KUYA RON! RYZEN 5 2600 comshop package — 6 units delivered ✅",,73,"12/27/2022 02:00",mixed,https://www.facebook.com/reel/1104230873781642/,0,0,Reels,,,,,12/14/2022,0,,,,,,0,0,0,0,0,0.000,4.165
980772588823226,100064197037125,"PC Merchandise","Salamat sa tiwala boss KUYA RON! RYZEN 5 2600 comshop package — 6 units delivered ✅",,73,"12/27/2022 02:00",mixed,https://www.facebook.com/reel/1104230873781642/,0,0,Reels,,,,,12/15/2022,0,,,,,,0,0,0,0,0,0.000,1.696
980772588823226,100064197037125,"PC Merchandise","Salamat sa tiwala boss KUYA RON! RYZEN 5 2600 comshop package — 6 units delivered ✅",,73,"12/27/2022 02:00",mixed,https://www.facebook.com/reel/1104230873781642/,0,0,Reels,,,,,12/16/2022,0,,,,,,0,0,0,0,0,0.000,2.837
980772588823226,100064197037125,"PC Merchandise","Salamat sa tiwala boss KUYA RON! RYZEN 5 2600 comshop package — 6 units delivered ✅",,73,"12/27/2022 02:00",mixed,https://www.facebook.com/reel/1104230873781642/,0,0,Reels,,,,,12/17/2022,0,,,,,,0,0,0,0,0,0.000,4.532
980772588823226,100064197037125,"PC Merchandise","Salamat sa tiwala boss KUYA RON! RYZEN 5 2600 comshop package — 6 units delivered ✅",,73,"12/27/2022 02:00",mixed,https://www.facebook.com/reel/1104230873781642/,0,0,Reels,,,,,12/18/2022,0,,,,,,0,0,0,0,0,0.000,3.931
980772588823226,100064197037125,"PC Merchandise","Salamat sa tiwala boss KUYA RON! RYZEN 5 2600 comshop package — 6 units delivered ✅",,73,"12/27/2022 02:00",mixed,https://www.facebook.com/reel/1104230873781642/,0,0,Reels,,,,,12/19/2022,0,,,,,,0,0,0,0,0,0.000,4.221
980772588823226,100064197037125,"PC Merchandise","Salamat sa tiwala boss KUYA RON! RYZEN 5 2600 comshop package — 6 units delivered ✅",,73,"12/27/2022 02:00",mixed,https://www.facebook.com/reel/1104230873781642/,0,0,Reels,,,,,12/20/2022,0,,,,,,0,0,0,0,0,0.000,5.515
980772588823226,100064197037125,"PC Merchandise","Salamat sa tiwala boss KUYA RON! RYZEN 5 2600 comshop package — 6 units delivered ✅",,73,"12/27/2022 02:00",mixed,https://www.facebook.com/reel/1104230873781642/,0,0,Reels,,,,,12/21/2022,0,,,,,,0,0,0,0,0,0.000,3.413
980772588823226,100064197037125,"PC Merchandise","Salamat sa tiwala boss KUYA RON! RYZEN 5 2600 comshop package — 6 units delivered ✅",,73,"12/27/2022 02:00",mixed,https://www.facebook.com/reel/1104230873781642/,0,0,Reels,,,,,12/22/2022,0,,,,,,0,0,0,0,0,0.000,3.554
980772588823226,100064197037125,"PC Merchandise","Salamat sa tiwala boss KUYA RON! RYZEN 5 2600 comshop package — 6 units delivered ✅",,73,"12/27/2022 02:00",mixed,https://www.facebook.com/reel/1104230873781642/,0,0,Reels,,,,,12/23/2022,0,,,,,,0,0,0,0,0,0.000,2.548
980772588823226,100064197037125,"PC Merchandise","Salamat sa tiwala boss KUYA RON! RYZEN 5 2600 comshop package — 6 units delivered ✅",,73,"12/27/2022 02:00",mixed,https://www.facebook.com/reel/1104230873781642/,0,0,Reels,,,,,12/24/2022,0,,,,,,0,0,0,0,0,0.000,3.974
980772588823226,100064197037125,"PC Merchandise","Salamat sa tiwala boss KUYA RON! RYZEN 5 2600 comshop package — 6 units delivered ✅",,73,"12/27/2022 02:00",mixed,https://www.facebook.com/reel/1104230873781642/,0,0,Reels,,,,,12/25/2022,0,,,,,,0,0,0,0,0,0.000,3.999
980772588823226,100064197037125,"PC Merchandise","Salamat sa tiwala boss KUYA RON! RYZEN 5 2600 comshop package — 6 units delivered ✅",,73,"12/27/2022 02:00",mixed,https://www.facebook.com/reel/1104230873781642/,0,0,Reels,,,,,12/26/2022,0,,,,,,0,0,0,0,0,0.000,2.579
980772588823226,100064197037125,"PC Merchandise","Salamat sa tiwala boss KUYA RON! RYZEN 5 2600 comshop package — 6 units delivered ✅",,73,"12/27/2022 02:00",mixed,https://www.facebook.com/reel/1104230873781642/,0,0,Reels,,,,,12/27/2022,0,,,,,,0,0,0,0,0,198.466,2.771
980772588823226,100064197037125,"PC Merchandise","Salamat sa tiwala boss KUYA RON! RYZEN 5 2600 comshop package — 6 units delivered ✅",,73,"12/27/2022 02:00",mixed,https://www.facebook.com/reel/1104230873781642/,0,0,Reels,,,,,12/28/2022,0,,,,,,0,0,1,1,0,90.058,4.479
980772588823226,100064197037125,"PC Merchandise","Salamat sa tiwala boss KUYA RON! RYZEN 5 2600 comshop package — 6 units delivered ✅",,73,"12/27/2022 02:00",mixed,https://www.facebook.com/reel/1104230873781642/,0,0,Reels,,,,,12/29/2022,0,,,,,,0,0,2,2,0,109.516,3.302
980772588823226,100064197037125,"PC Merchandise","Salamat sa tiwala boss KUYA RON! RYZEN 5 2600 comshop package — 6 units delivered ✅",,73,"12/27/2022 02:00",mixed,https://www.facebook.com/reel/1104230873781642/,0,0,Reels,,,,,12/30/2022,0,,,,,,0,0,0,0,0,61.985,3.852
980772588823226,100064197037125,"PC Merchandise","Salamat sa tiwala boss KUYA RON! RYZEN 5 2600 comshop package — 6 units delivered ✅",,73,"12/27/2022 02:00",mixed,https://www.facebook.com/reel/1104230873781642/,0,0,Reels,,,,,12/31/2022,0,,,,,,0,0,0,0,0,62.561,3.880
981152400724723,100064197037125,"PC Merchandise","Do you want an aesthetic build that matches your gaming needs? i5 10400F builds available now!",,30,"12/26/2022 15:00",auto,https://www.facebook.com/reel/1198055386935039/,0,0,Reels,,,,,12/01/2022,0,,,,,,0,0,0,0,0,0.000,3.193
981152400724723,100064197037125,"PC Merchandise","Do you want an aesthetic build that matches your gaming needs? i5 10400F builds available now!",,30,"12/26/2022 15:00",auto,https://www.facebook.com/reel/1198055386935039/,0,0,Reels,,,,,12/02/2022,0,,,,,,0,0,0,0,0,0.000,4.347
981152400724723,100064197037125,"PC Merchandise","Do you want an aesthetic build that matches your gaming needs? i5 10400F builds available now!",,30,"12/26/2022 15:00",auto,https://www.facebook.com/reel/1198055386935039/,0,0,Reels,,,,,12/03/2022,0,,,,,,0,0,0,0,0,0.000,2.987
981152400724723,100064197037125,"PC Merchandise","Do you want an aesthetic build that matches your gaming needs? i5 10400F builds available now!",,30,"12/26/2022 15:00",auto,https://www.facebook.com/reel/1198055386935039/,0,0,Reels,,,,,12/04/2022,0,,,,,,0,0,0,0,0,0.000,3.467
981152400724723,100064197037125,"PC Merchandise","Do you want an aesthetic build that matches your gaming needs? i5 10400F builds available now!",,30,"12/26/2022 15:00",auto,https://www.facebook.com/reel/1198055386935039/,0,0,Reels,,,,,12/05/2022,0,,,,,,0,0,0,0,0,0.000,2.707
981152400724723,100064197037125,"PC Merchandise","Do you want an aesthetic build that matches your gaming needs? i5 10400F builds available now!",,30,"12/26/2022 15:00",auto,https://www.facebook.com/reel/1198055386935039/,0,0,Reels,,,,,12/06/2022,0,,,,,,0,0,0,0,0,0.000,4.776
981152400724723,100064197037125,"PC Merchandise","Do you want an aesthetic build that matches your gaming needs? i5 10400F builds available now!",,30,"12/26/2022 15:00",auto,https://www.facebook.com/reel/1198055386935039/,0,0,Reels,,,,,12/07/2022,0,,,,,,0,0,0,0,0,0.000,3.557
981152400724723,100064197037125,"PC Merchandise","Do you want an aesthetic build that matches your gaming needs? i5 10400F builds available now!",,30,"12/26/2022 15:00",auto,https://www.facebook.com/reel/1198055386935039/,0,0,Reels,,,,,12/08/2022,0,,,,,,0,0,0,0,0,0.000,3.659
981152400724723,100064197037125,"PC Merchandise","Do you want an aesthetic build that matches your gaming needs? i5 10400F builds available now!",,30,"12/26/2022 15:00",auto,https://www.facebook.com/reel/1198055386935039/,0,0,Reels,,,,,12/09/2022,0,,,,,,0,0,0,0,0,0.000,2.782
981152400724723,100064197037125,"PC Merchandise","Do you want an aesthetic build that matches your gaming needs? i5 10400F builds available now!",,30,"12/26/2022 15:00",auto,https://www.facebook.com/reel/1198055386935039/,0,0,Reels,,,,,12/10/2022,0,,,,,,0,0,0,0,0,0.000,2.607
981152400724723,100064197037125,"PC Merchandise","Do you want an aesthetic build that matches your gaming needs? i5 10400F builds available now!",,30,"12/26/2022 15:00",auto,https://www.facebook.com/reel/1198055386935039/,0,0,Reels,,,,,12/11/2022,0,,,,,,0,0,0,0,0,0.000,4.316
981152400724723,100064197037125,"PC Merchandise","Do you want an aesthetic build that matches your gaming needs? i5 10400F builds available now!",,30,"12/26/2022 15:00",auto,https://www.facebook.com/reel/1198055386935039/,0,0,Reels,,,,,12/12/2022,0,,,,,,0,0,0,0,0,0.000,3.713
981152400724723,100064197037125,"PC Merchandise","Do you want an aesthetic build that matches your gaming needs? i5 10400F builds available now!",,30,"12/26/2022 15:00",auto,https://www.facebook.com/reel/1198055386935039/,0,0,Reels,,,,,12/13/2022,0,,,,,,0,0,0,0,0,0.000,4.516
981152400724723,100064197037125,"PC Merchandise","Do you want an aesthetic build that matches your gaming needs? i5 10400F builds available now!",,30,"12/26/2022 15:00",auto,https://www.facebook.com/reel/1198055386935039/,0,0,Reels,,,,,12/14/2022,0,,,,,,0,0,0,0,0,0.000,3.498
981152400724723,100064197037125,"PC Merchandise","Do you want an aesthetic build that matches your gaming needs? i5 10400F builds available now!",,30,"12/26/2022 15:00",auto,https://www.facebook.com/reel/1198055386935039/,0,0,Reels,,,,,12/15/2022,0,,,,,,0,0,0,0,0,0.000,2.762
981152400724723,100064197037125,"PC Merchandise","Do you want an aesthetic build that matches your gaming needs? i5 10400F builds available now!",,30,"12/26/2022 15:00",auto,https://www.facebook.com/reel/1198055386935039/,0,0,Reels,,,,,12/16/2022,0,,,,,,0,0,0,0,0,0.000,3.507
981152400724723,100064197037125,"PC Merchandise","Do you want an aesthetic build that matches your gaming needs? i5 10400F builds available now!",,30,"12/26/2022 15:00",auto,https://www.facebook.com/reel/1198055386935039/,0,0,Reels,,,,,12/17/2022,0,,,,,,0,0,0,0,0,0.000,4.350
981152400724723,100064197037125,"PC Merchandise","Do you want an aesthetic build that matches your gaming needs? i5 10400F builds available now!",,30,"12/26/2022 15:00",auto,https://www.facebook.com/reel/1198055386935039/,0,0,Reels,,,,,12/18/2022,0,,,,,,0,0,0,0,0,0.000,3.781
981152400724723,100064197037125,"PC Merchandise","Do you want an aesthetic build that matches your gaming needs? i5 10400F builds available now!",,30,"12/26/2022 15:00",auto,https://www.facebook.com/reel/1198055386935039/,0,0,Reels,,,,,12/19/2022,0,,,,,,0,0,0,0,0,0.000,5.468
981152400724723,100064197037125,"PC Merchandise","Do you want an aesthetic build that matches your gaming needs? i5 10400F builds available now!",,30,"12/26/2022 15:00",auto,https://www.facebook.com/reel/1198055386935039/,0,0,Reels,,,,,12/20/2022,0,,,,,,0,0,0,0,0,0.000,4.787
981152400724723,100064197037125,"PC Merchandise","Do you want an aesthetic build that matches your gaming needs? i5 10400F builds available now!",,30,"12/26/2022 15:00",auto,https://www.facebook.com/reel/1198055386935039/,0,0,Reels,,,,,12/21/2022,0,,,,,,0,0,0,0,0,0.000,2.943
981152400724723,100064197037125,"PC Merchandise","Do you want an aesthetic build that matches your gaming needs? i5 10400F builds available now!",,30,"12/26/2022 15:00",auto,https://www.facebook.com/reel/1198055386935039/,0,0,Reels,,,,,12/22/2022,0,,,,,,0,0,0,0,0,0.000,4.250
981152400724723,100064197037125,"PC Merchandise","Do you want an aesthetic build that matches your gaming needs? i5 10400F builds available now!",,30,"12/26/2022 15:00",auto,https://www.facebook.com/reel/1198055386935039/,0,0,Reels,,,,,12/23/2022,0,,,,,,0,0,0,0,0,0.000,2.579
981152400724723,100064197037125,"PC Merchandise","Do you want an aesthetic build that matches your gaming needs? i5 10400F builds available now!",,30,"12/26/2022 15:00",auto,https://www.facebook.com/reel/1198055386935039/,0,0,Reels,,,,,12/24/2022,0,,,,,,0,0,0,0,0,0.000,4.224
981152400724723,100064197037125,"PC Merchandise","Do you want an aesthetic build that matches your gaming needs? i5 10400F builds available now!",,30,"12/26/2022 15:00",auto,https://www.facebook.com/reel/1198055386935039/,0,0,Reels,,,,,12/25/2022,0,,,,,,0,0,0,0,0,0.000,3.081
981152400724723,100064197037125,"PC Merchandise","Do you want an aesthetic build that matches your gaming needs? i5 10400F builds available now!",,30,"12/26/2022 15:00",auto,https://www.facebook.com/reel/1198055386935039/,0,0,Reels,,,,,12/26/2022,0,,,,,,0,0,0,0,0,1028.624,3.803
981152400724723,100064197037125,"PC Merchandise","Do you want an aesthetic build that matches your gaming needs? i5 10400F builds available now!",,30,"12/26/2022 15:00",auto,https://www.facebook.com/reel/1198055386935039/,0,0,Reels,,,,,12/27/2022,0,,,,,,0,0,0,0,0,701.255,4.941
981152400724723,100064197037125,"PC Merchandise","Do you want an aesthetic build that matches your gaming needs? i5 10400F builds available now!",,30,"12/26/2022 15:00",auto,https://www.facebook.com/reel/1198055386935039/,0,0,Reels,,,,,12/28/2022,0,,,,,,0,0,0,0,0,363.168,3.601
981152400724723,100064197037125,"PC Merchandise","Do you want an aesthetic build that matches your gaming needs? i5 10400F builds available now!",,30,"12/26/2022 15:00",auto,https://www.facebook.com/reel/1198055386935039/,0,0,Reels,,,,,12/29/2022,0,,,,,,0,0,0,0,0,311.040,3.337
981152400724723,100064197037125,"PC Merchandise","Do you want an aesthetic build that matches your gaming needs? i5 10400F builds available now!",,30,"12/26/2022 15:00",auto,https://www.facebook.com/reel/1198055386935039/,0,0,Reels,,,,,12/30/2022,0,,,,,,0,0,1,1,0,251.619,2.454
981152400724723,100064197037125,"PC Merchandise","Do you want an aesthetic build that matches your gaming needs? i5 10400F builds available now!",,30,"12/26/2022 15:00",auto,https://www.facebook.com/reel/1198055386935039/,0,0,Reels,,,,,12/31/2022,0,,,,,,0,0,0,0,0,258.920,2.550
980920945461155,100064197037125,"PC Merchandise","One more rig complete. One more client satisfied. Built with RYZEN 3 3200G + RX 580. PM us for yours!",,0,"12/25/2022 22:01",,https://www.facebook.com/pcmerchandise.co/posts/pfbid0hB7nFHLnueQAuqkLxb9yyGKqL89w4Hf5C6Iwo0OH1byUy3dG5zpj9AEP,0,0,Photos,,,,,12/31/2022,1,,,,,,,,,,,,
980920945461155,100064197037125,"PC Merchandise","One more rig complete. One more client satisfied. Built with RYZEN 3 3200G + RX 580. PM us for yours!",,0,"12/25/2022 22:01",,https://www.facebook.com/pcmerchandise.co/posts/pfbid0hB7nFHLnueQAuqkLxb9yyGKqL89w4Hf5C6Iwo0OH1byUy3dG5zpj9AEP,0,0,Photos,,,,,12/01/2022,,,0,0,0,0,0,0,,,,,
980920945461155,100064197037125,"PC Merchandise","One more rig complete. One more client satisfied. Built with RYZEN 3 3200G + RX 580. PM us for yours!",,0,"12/25/2022 22:01",,https://www.facebook.com/pcmerchandise.co/posts/pfbid0hB7nFHLnueQAuqkLxb9yyGKqL89w4Hf5C6Iwo0OH1byUy3dG5zpj9AEP,0,0,Photos,,,,,12/02/2022,,,0,0,0,0,0,0,,,,,
980920945461155,100064197037125,"PC Merchandise","One more rig complete. One more client satisfied. Built with RYZEN 3 3200G + RX 580. PM us for yours!",,0,"12/25/2022 22:01",,https://www.facebook.com/pcmerchandise.co/posts/pfbid0hB7nFHLnueQAuqkLxb9yyGKqL89w4Hf5C6Iwo0OH1byUy3dG5zpj9AEP,0,0,Photos,,,,,12/03/2022,,,0,0,0,0,0,0,,,,,
980920945461155,100064197037125,"PC Merchandise","One more rig complete. One more client satisfied. Built with RYZEN 3 3200G + RX 580. PM us for yours!",,0,"12/25/2022 22:01",,https://www.facebook.com/pcmerchandise.co/posts/pfbid0hB7nFHLnueQAuqkLxb9yyGKqL89w4Hf5C6Iwo0OH1byUy3dG5zpj9AEP,0,0,Photos,,,,,12/04/2022,,,0,0,0,0,0,0,,,,,
980920945461155,100064197037125,"PC Merchandise","One more rig complete. One more client satisfied. Built with RYZEN 3 3200G + RX 580. PM us for yours!",,0,"12/25/2022 22:01",,https://www.facebook.com/pcmerchandise.co/posts/pfbid0hB7nFHLnueQAuqkLxb9yyGKqL89w4Hf5C6Iwo0OH1byUy3dG5zpj9AEP,0,0,Photos,,,,,12/05/2022,,,0,0,0,0,0,0,,,,,
980920945461155,100064197037125,"PC Merchandise","One more rig complete. One more client satisfied. Built with RYZEN 3 3200G + RX 580. PM us for yours!",,0,"12/25/2022 22:01",,https://www.facebook.com/pcmerchandise.co/posts/pfbid0hB7nFHLnueQAuqkLxb9yyGKqL89w4Hf5C6Iwo0OH1byUy3dG5zpj9AEP,0,0,Photos,,,,,12/06/2022,,,0,0,0,0,0,0,,,,,
980920945461155,100064197037125,"PC Merchandise","One more rig complete. One more client satisfied. Built with RYZEN 3 3200G + RX 580. PM us for yours!",,0,"12/25/2022 22:01",,https://www.facebook.com/pcmerchandise.co/posts/pfbid0hB7nFHLnueQAuqkLxb9yyGKqL89w4Hf5C6Iwo0OH1byUy3dG5zpj9AEP,0,0,Photos,,,,,12/07/2022,,,0,0,0,0,0,0,,,,,
980920945461155,100064197037125,"PC Merchandise","One more rig complete. One more client satisfied. Built with RYZEN 3 3200G + RX 580. PM us for yours!",,0,"12/25/2022 22:01",,https://www.facebook.com/pcmerchandise.co/posts/pfbid0hB7nFHLnueQAuqkLxb9yyGKqL89w4Hf5C6Iwo0OH1byUy3dG5zpj9AEP,0,0,Photos,,,,,12/08/2022,,,0,0,0,0,0,0,,,,,
980920945461155,100064197037125,"PC Merchandise","One more rig complete. One more client satisfied. Built with RYZEN 3 3200G + RX 580. PM us for yours!",,0,"12/25/2022 22:01",,https://www.facebook.com/pcmerchandise.co/posts/pfbid0hB7nFHLnueQAuqkLxb9yyGKqL89w4Hf5C6Iwo0OH1byUy3dG5zpj9AEP,0,0,Photos,,,,,12/09/2022,,,0,0,0,0,0,0,,,,,
980920945461155,100064197037125,"PC Merchandise","One more rig complete. One more client satisfied. Built with RYZEN 3 3200G + RX 580. PM us for yours!",,0,"12/25/2022 22:01",,https://www.facebook.com/pcmerchandise.co/posts/pfbid0hB7nFHLnueQAuqkLxb9yyGKqL89w4Hf5C6Iwo0OH1byUy3dG5zpj9AEP,0,0,Photos,,,,,12/10/2022,,,0,0,0,0,0,0,,,,,
980920945461155,100064197037125,"PC Merchandise","One more rig complete. One more client satisfied. Built with RYZEN 3 3200G + RX 580. PM us for yours!",,0,"12/25/2022 22:01",,https://www.facebook.com/pcmerchandise.co/posts/pfbid0hB7nFHLnueQAuqkLxb9yyGKqL89w4Hf5C6Iwo0OH1byUy3dG5zpj9AEP,0,0,Photos,,,,,12/11/2022,,,0,0,0,0,0,0,,,,,
980920945461155,100064197037125,"PC Merchandise","One more rig complete. One more client satisfied. Built with RYZEN 3 3200G + RX 580. PM us for yours!",,0,"12/25/2022 22:01",,https://www.facebook.com/pcmerchandise.co/posts/pfbid0hB7nFHLnueQAuqkLxb9yyGKqL89w4Hf5C6Iwo0OH1byUy3dG5zpj9AEP,0,0,Photos,,,,,12/12/2022,,,0,0,0,0,0,0,,,,,
980920945461155,100064197037125,"PC Merchandise","One more rig complete. One more client satisfied. Built with RYZEN 3 3200G + RX 580. PM us for yours!",,0,"12/25/2022 22:01",,https://www.facebook.com/pcmerchandise.co/posts/pfbid0hB7nFHLnueQAuqkLxb9yyGKqL89w4Hf5C6Iwo0OH1byUy3dG5zpj9AEP,0,0,Photos,,,,,12/13/2022,,,0,0,0,0,0,0,,,,,
980920945461155,100064197037125,"PC Merchandise","One more rig complete. One more client satisfied. Built with RYZEN 3 3200G + RX 580. PM us for yours!",,0,"12/25/2022 22:01",,https://www.facebook.com/pcmerchandise.co/posts/pfbid0hB7nFHLnueQAuqkLxb9yyGKqL89w4Hf5C6Iwo0OH1byUy3dG5zpj9AEP,0,0,Photos,,,,,12/14/2022,,,0,0,0,0,0,0,,,,,
980920945461155,100064197037125,"PC Merchandise","One more rig complete. One more client satisfied. Built with RYZEN 3 3200G + RX 580. PM us for yours!",,0,"12/25/2022 22:01",,https://www.facebook.com/pcmerchandise.co/posts/pfbid0hB7nFHLnueQAuqkLxb9yyGKqL89w4Hf5C6Iwo0OH1byUy3dG5zpj9AEP,0,0,Photos,,,,,12/15/2022,,,0,0,0,0,0,0,,,,,
980920945461155,100064197037125,"PC Merchandise","One more rig complete. One more client satisfied. Built with RYZEN 3 3200G + RX 580. PM us for yours!",,0,"12/25/2022 22:01",,https://www.facebook.com/pcmerchandise.co/posts/pfbid0hB7nFHLnueQAuqkLxb9yyGKqL89w4Hf5C6Iwo0OH1byUy3dG5zpj9AEP,0,0,Photos,,,,,12/16/2022,,,0,0,0,0,0,0,,,,,
980920945461155,100064197037125,"PC Merchandise","One more rig complete. One more client satisfied. Built with RYZEN 3 3200G + RX 580. PM us for yours!",,0,"12/25/2022 22:01",,https://www.facebook.com/pcmerchandise.co/posts/pfbid0hB7nFHLnueQAuqkLxb9yyGKqL89w4Hf5C6Iwo0OH1byUy3dG5zpj9AEP,0,0,Photos,,,,,12/17/2022,,,0,0,0,0,0,0,,,,,
980920945461155,100064197037125,"PC Merchandise","One more rig complete. One more client satisfied. Built with RYZEN 3 3200G + RX 580. PM us for yours!",,0,"12/25/2022 22:01",,https://www.facebook.com/pcmerchandise.co/posts/pfbid0hB7nFHLnueQAuqkLxb9yyGKqL89w4Hf5C6Iwo0OH1byUy3dG5zpj9AEP,0,0,Photos,,,,,12/18/2022,,,0,0,0,0,0,0,,,,,
980920945461155,100064197037125,"PC Merchandise","One more rig complete. One more client satisfied. Built with RYZEN 3 3200G + RX 580. PM us for yours!",,0,"12/25/2022 22:01",,https://www.facebook.com/pcmerchandise.co/posts/pfbid0hB7nFHLnueQAuqkLxb9yyGKqL89w4Hf5C6Iwo0OH1byUy3dG5zpj9AEP,0,0,Photos,,,,,12/19/2022,,,0,0,0,0,0,0,,,,,
980920945461155,100064197037125,"PC Merchandise","One more rig complete. One more client satisfied. Built with RYZEN 3 3200G + RX 580. PM us for yours!",,0,"12/25/2022 22:01",,https://www.facebook.com/pcmerchandise.co/posts/pfbid0hB7nFHLnueQAuqkLxb9yyGKqL89w4Hf5C6Iwo0OH1byUy3dG5zpj9AEP,0,0,Photos,,,,,12/20/2022,,,0,0,0,0,0,0,,,,,
980920945461155,100064197037125,"PC Merchandise","One more rig complete. One more client satisfied. Built with RYZEN 3 3200G + RX 580. PM us for yours!",,0,"12/25/2022 22:01",,https://www.facebook.com/pcmerchandise.co/posts/pfbid0hB7nFHLnueQAuqkLxb9yyGKqL89w4Hf5C6Iwo0OH1byUy3dG5zpj9AEP,0,0,Photos,,,,,12/21/2022,,,0,0,0,0,0,0,,,,,
980920945461155,100064197037125,"PC Merchandise","One more rig complete. One more client satisfied. Built with RYZEN 3 3200G + RX 580. PM us for yours!",,0,"12/25/2022 22:01",,https://www.facebook.com/pcmerchandise.co/posts/pfbid0hB7nFHLnueQAuqkLxb9yyGKqL89w4Hf5C6Iwo0OH1byUy3dG5zpj9AEP,0,0,Photos,,,,,12/22/2022,,,0,0,0,0,0,0,,,,,
980920945461155,100064197037125,"PC Merchandise","One more rig complete. One more client satisfied. Built with RYZEN 3 3200G + RX 580. PM us for yours!",,0,"12/25/2022 22:01",,https://www.facebook.com/pcmerchandise.co/posts/pfbid0hB7nFHLnueQAuqkLxb9yyGKqL89w4Hf5C6Iwo0OH1byUy3dG5zpj9AEP,0,0,Photos,,,,,12/23/2022,,,0,0,0,0,0,0,,,,,
980920945461155,100064197037125,"PC Merchandise","One more rig complete. One more client satisfied. Built with RYZEN 3 3200G + RX 580. PM us for yours!",,0,"12/25/2022 22:01",,https://www.facebook.com/pcmerchandise.co/posts/pfbid0hB7nFHLnueQAuqkLxb9yyGKqL89w4Hf5C6Iwo0OH1byUy3dG5zpj9AEP,0,0,Photos,,,,,12/24/2022,,,0,0,0,0,0,0,,,,,
980920945461155,100064197037125,"PC Merchandise","One more rig complete. One more client satisfied. Built with RYZEN 3 3200G + RX 580. PM us for yours!",,0,"12/25/2022 22:01",,https://www.facebook.com/pcmerchandise.co/posts/pfbid0hB7nFHLnueQAuqkLxb9yyGKqL89w4Hf5C6Iwo0OH1byUy3dG5zpj9AEP,0,0,Photos,,,,,12/25/2022,,,0,0,0,0,0,0,,,,,
980920945461155,100064197037125,"PC Merchandise","One more rig complete. One more client satisfied. Built with RYZEN 3 3200G + RX 580. PM us for yours!",,0,"12/25/2022 22:01",,https://www.facebook.com/pcmerchandise.co/posts/pfbid0hB7nFHLnueQAuqkLxb9yyGKqL89w4Hf5C6Iwo0OH1byUy3dG5zpj9AEP,0,0,Photos,,,,,12/26/2022,,,0,0,0,0,0,0,,,,,
980920945461155,100064197037125,"PC Merchandise","One more rig complete. One more client satisfied. Built with RYZEN 3 3200G + RX 580. PM us for yours!",,0,"12/25/2022 22:01",,https://www.facebook.com/pcmerchandise.co/posts/pfbid0hB7nFHLnueQAuqkLxb9yyGKqL89w4Hf5C6Iwo0OH1byUy3dG5zpj9AEP,0,0,Photos,,,,,12/27/2022,,,0,0,0,0,0,0,,,,,
980920945461155,100064197037125,"PC Merchandise","One more rig complete. One more client satisfied. Built with RYZEN 3 3200G + RX 580. PM us for yours!",,0,"12/25/2022 22:01",,https://www.facebook.com/pcmerchandise.co/posts/pfbid0hB7nFHLnueQAuqkLxb9yyGKqL89w4Hf5C6Iwo0OH1byUy3dG5zpj9AEP,0,0,Photos,,,,,12/28/2022,,,0,0,0,0,0,0,,,,,
980920945461155,100064197037125,"PC Merchandise","One more rig complete. One more client satisfied. Built with RYZEN 3 3200G + RX 580. PM us for yours!",,0,"12/25/2022 22:01",,https://www.facebook.com/pcmerchandise.co/posts/pfbid0hB7nFHLnueQAuqkLxb9yyGKqL89w4Hf5C6Iwo0OH1byUy3dG5zpj9AEP,0,0,Photos,,,,,12/29/2022,,,0,0,0,0,0,0,,,,,
980920945461155,100064197037125,"PC Merchandise","One more rig complete. One more client satisfied. Built with RYZEN 3 3200G + RX 580. PM us for yours!",,0,"12/25/2022 22:01",,https://www.facebook.com/pcmerchandise.co/posts/pfbid0hB7nFHLnueQAuqkLxb9yyGKqL89w4Hf5C6Iwo0OH1byUy3dG5zpj9AEP,0,0,Photos,,,,,12/30/2022,,,0,0,0,0,0,0,,,,,
980920945461155,100064197037125,"PC Merchandise","One more rig complete. One more client satisfied. Built with RYZEN 3 3200G + RX 580. PM us for yours!",,0,"12/25/2022 22:01",,https://www.facebook.com/pcmerchandise.co/posts/pfbid0hB7nFHLnueQAuqkLxb9yyGKqL89w4Hf5C6Iwo0OH1byUy3dG5zpj9AEP,0,0,Photos,,,,,12/31/2022,,,0,0,0,0,0,0,,,,,
981445899949176,100064197037125,"PC Merchandise","Pa-mine na yan! RYZEN 5 3400G gaming build, limited slots only this week.",,54,"12/25/2022 19:35",,https://www.facebook.com/reel/1017492378627774/,0,0,Reels,,,,,12/01/2022,0,,,,,,0,0,0,0,0,0.000,4.890
981445899949176,100064197037125,"PC Merchandise","Pa-mine na yan! RYZEN 5 3400G gaming build, limited slots only this week.",,54,"12/25/2022 19:35",,https://www.facebook.com/reel/1017492378627774/,0,0,Reels,,,,,12/02/2022,0,,,,,,0,0,0,0,0,0.000,5.277
981445899949176,100064197037125,"PC Merchandise","Pa-mine na yan! RYZEN 5 3400G gaming build, limited slots only this week.",,54,"12/25/2022 19:35",,https://www.facebook.com/reel/1017492378627774/,0,0,Reels,,,,,12/03/2022,0,,,,,,0,0,0,0,0,0.000,5.111
981445899949176,100064197037125,"PC Merchandise","Pa-mine na yan! RYZEN 5 3400G gaming build, limited slots only this week.",,54,"12/25/2022 19:35",,https://www.facebook.com/reel/1017492378627774/,0,0,Reels,,,,,12/04/2022,0,,,,,,0,0,0,0,0,0.000,2.574
981445899949176,100064197037125,"PC Merchandise","Pa-mine na yan! RYZEN 5 3400G gaming build, limited slots only this week.",,54,"12/25/2022 19:35",,https://www.facebook.com/reel/1017492378627774/,0,0,Reels,,,,,12/05/2022,0,,,,,,0,0,0,0,0,0.000,4.413
981445899949176,100064197037125,"PC Merchandise","Pa-mine na yan! RYZEN 5 3400G gaming build, limited slots only this week.",,54,"12/25/2022 19:35",,https://www.facebook.com/reel/1017492378627774/,0,0,Reels,,,,,12/06/2022,0,,,,,,0,0,0,0,0,0.000,5.907
981445899949176,100064197037125,"PC Merchandise","Pa-mine na yan! RYZEN 5 3400G gaming build, limited slots only this week.",,54,"12/25/2022 19:35",,https://www.facebook.com/reel/1017492378627774/,0,0,Reels,,,,,12/07/2022,0,,,,,,0,0,0,0,0,0.000,5.029
981445899949176,100064197037125,"PC Merchandise","Pa-mine na yan! RYZEN 5 3400G gaming build, limited slots only this week.",,54,"12/25/2022 19:35",,https://www.facebook.com/reel/1017492378627774/,0,0,Reels,,,,,12/08/2022,0,,,,,,0,0,0,0,0,0.000,3.016
981445899949176,100064197037125,"PC Merchandise","Pa-mine na yan! RYZEN 5 3400G gaming build, limited slots only this week.",,54,"12/25/2022 19:35",,https://www.facebook.com/reel/1017492378627774/,0,0,Reels,,,,,12/09/2022,0,,,,,,0,0,0,0,0,0.000,4.166
981445899949176,100064197037125,"PC Merchandise","Pa-mine na yan! RYZEN 5 3400G gaming build, limited slots only this week.",,54,"12/25/2022 19:35",,https://www.facebook.com/reel/1017492378627774/,0,0,Reels,,,,,12/10/2022,0,,,,,,0,0,0,0,0,0.000,4.722
981445899949176,100064197037125,"PC Merchandise","Pa-mine na yan! RYZEN 5 3400G gaming build, limited slots only this week.",,54,"12/25/2022 19:35",,https://www.facebook.com/reel/1017492378627774/,0,0,Reels,,,,,12/11/2022,0,,,,,,0,0,0,0,0,0.000,3.199
981445899949176,100064197037125,"PC Merchandise","Pa-mine na yan! RYZEN 5 3400G gaming build, limited slots only this week.",,54,"12/25/2022 19:35",,https://www.facebook.com/reel/1017492378627774/,0,0,Reels,,,,,12/12/2022,0,,,,,,0,0,0,0,0,0.000,5.011
981445899949176,100064197037125,"PC Merchandise","Pa-mine na yan! RYZEN 5 3400G gaming build, limited slots only this week.",,54,"12/25/2022 19:35",,https://www.facebook.com/reel/1017492378627774/,0,0,Reels,,,,,12/13/2022,0,,,,,,0,0,0,0,0,0.000,4.699
981445899949176,100064197037125,"PC Merchandise","Pa-mine na yan! RYZEN 5 3400G gaming build, limited slots only this week.",,54,"12/25/2022 19:35",,https://www.facebook.com/reel/1017492378627774/,0,0,Reels,,,,,12/14/2022,0,,,,,,0,0,0,0,0,0.000,5.189
981445899949176,100064197037125,"PC Merchandise","Pa-mine na yan! RYZEN 5 3400G gaming build, limited slots only this week.",,54,"12/25/2022 19:35",,https://www.facebook.com/reel/1017492378627774/,0,0,Reels,,,,,12/15/2022,0,,,,,,0,0,0,0,0,0.000,5.348
981445899949176,100064197037125,"PC Merchandise","Pa-mine na yan! RYZEN 5 3400G gaming build, limited slots only this week.",,54,"12/25/2022 19:35",,https://www.facebook.com/reel/1017492378627774/,0,0,Reels,,,,,12/16/2022,0,,,,,,0,0,0,0,0,0.000,4.060
981445899949176,100064197037125,"PC Merchandise","Pa-mine na yan! RYZEN 5 3400G gaming build, limited slots only this week.",,54,"12/25/2022 19:35",,https://www.facebook.com/reel/1017492378627774/,0,0,Reels,,,,,12/17/2022,0,,,,,,0,0,0,0,0,0.000,4.096
981445899949176,100064197037125,"PC Merchandise","Pa-mine na yan! RYZEN 5 3400G gaming build, limited slots only this week.",,54,"12/25/2022 19:35",,https://www.facebook.com/reel/1017492378627774/,0,0,Reels,,,,,12/18/2022,0,,,,,,0,0,0,0,0,0.000,4.980
981445899949176,100064197037125,"PC Merchandise","Pa-mine na yan! RYZEN 5 3400G gaming build, limited slots only this week.",,54,"12/25/2022 19:35",,https://www.facebook.com/reel/1017492378627774/,0,0,Reels,,,,,12/19/2022,0,,,,,,0,0,0,0,0,0.000,3.658
981445899949176,100064197037125,"PC Merchandise","Pa-mine na yan! RYZEN 5 3400G gaming build, limited slots only this week.",,54,"12/25/2022 19:35",,https://www.facebook.com/reel/1017492378627774/,0,0,Reels,,,,,12/20/2022,0,,,,,,0,0,0,0,0,0.000,3.890
981445899949176,100064197037125,"PC Merchandise","Pa-mine na yan! RYZEN 5 3400G gaming build, limited slots only this week.",,54,"12/25/2022 19:35",,https://www.facebook.com/reel/1017492378627774/,0,0,Reels,,,,,12/21/2022,0,,,,,,0,0,0,0,0,0.000,5.393
981445899949176,100064197037125,"PC Merchandise","Pa-mine na yan! RYZEN 5 3400G gaming build, limited slots only this week.",,54,"12/25/2022 19:35",,https://www.facebook.com/reel/1017492378627774/,0,0,Reels,,,,,12/22/2022,0,,,,,,0,0,0,0,0,0.000,3.939
981445899949176,100064197037125,"PC Merchandise","Pa-mine na yan! RYZEN 5 3400G gaming build, limited slots only this week.",,54,"12/25/2022 19:35",,https://www.facebook.com/reel/1017492378627774/,0,0,Reels,,,,,12/23/2022,0,,,,,,0,0,0,0,0,0.000,4.062
981445899949176,100064197037125,"PC Merchandise","Pa-mine na yan! RYZEN 5 3400G gaming build, limited slots only this week.",,54,"12/25/2022 19:35",,https://www.facebook.com/reel/1017492378627774/,0,0,Reels,,,,,12/24/2022,0,,,,,,0,0,0,0,0,0.000,4.294
981445899949176,100064197037125,"PC Merchandise","Pa-mine na yan! RYZEN 5 3400G gaming build, limited slots only this week.",,54,"12/25/2022 19:35",,https://www.facebook.com/reel/1017492378627774/,0,0,Reels,,,,,12/25/2022,0,,,,,,0,0,1,1,0,167.506,4.577
981445899949176,100064197037125,"PC Merchandise","Pa-mine na yan! RYZEN 5 3400G gaming build, limited slots only this week.",,54,"12/25/2022 19:35",,https://www.facebook.com/reel/1017492378627774/,0,0,Reels,,,,,12/26/2022,0,,,,,,0,0,2,1,1,205.183,4.325
981445899949176,100064197037125,"PC Merchandise","Pa-mine na yan! RYZEN 5 3400G gaming build, limited slots only this week.",,54,"12/25/2022 19:35",,https://www.facebook.com/reel/1017492378627774/,0,0,Reels,,,,,12/27/2022,0,,,,,,0,0,0,0,0,71.058,4.979
981445899949176,100064197037125,"PC Merchandise","Pa-mine na yan! RYZEN 5 3400G gaming build, limited slots only this week.",,54,"12/25/2022 19:35",,https://www.facebook.com/reel/1017492378627774/,0,0,Reels,,,,,12/28/2022,0,,,,,,0,0,0,0,0,60.055,4.038
981445899949176,100064197037125,"PC Merchandise","Pa-mine na yan! RYZEN 5 3400G gaming build, limited slots only this week.",,54,"12/25/2022 19:35",,https://www.facebook.com/reel/1017492378627774/,0,0,Reels,,,,,12/29/2022,0,,,,,,0,0,0,0,0,55.869,6.202
981445899949176,100064197037125,"PC Merchandise","Pa-mine na yan! RYZEN 5 3400G gaming build, limited slots only this week.",,54,"12/25/2022 19:35",,https://www.facebook.com/reel/1017492378627774/,0,0,Reels,,,,,12/30/2022,0,,,,,,0,0,0,0,0,54.470,5.006
981445899949176,100064197037125,"PC Merchandise","Pa-mine na yan! RYZEN 5 3400G gaming build, limited slots only this week.",,54,"12/25/2022 19:35",,https://www.facebook.com/reel/1017492378627774/,0,0,Reels,,,,,12/31/2022,0,,,,,,0,0,1,1,0,55.584,4.841
981515696016692,100064197037125,"PC Merchandise","𝐏𝐑𝐈𝐂𝐄𝐋𝐈𝐒𝐓 𝟐𝟎𝟐𝟐 >>>
https://pcmerchandise.live/2022-GAMING-BUILDS",,44,"12/25/2022 19:30",uploaded,https://www.facebook.com/reel/1449327859202931/,1,0,Reels,,,,,12/01/2022,0,,,,,,0,0,0,0,0,0.000,4.280
981515696016692,100064197037125,"PC Merchandise","𝐏𝐑𝐈𝐂𝐄𝐋𝐈𝐒𝐓 𝟐𝟎𝟐𝟐 >>>
https://pcmerchandise.live/2022-GAMING-BUILDS",,44,"12/25/2022 19:30",uploaded,https://www.facebook.com/reel/1449327859202931/,1,0,Reels,,,,,12/02/2022,0,,,,,,0,0,0,0,0,0.000,1.777
981515696016692,100064197037125,"PC Merchandise","𝐏𝐑𝐈𝐂𝐄𝐋𝐈𝐒𝐓 𝟐𝟎𝟐𝟐 >>>
https://pcmerchandise.live/2022-GAMING-BUILDS",,44,"12/25/2022 19:30",uploaded,https://www.facebook.com/reel/1449327859202931/,1,0,Reels,,,,,12/03/2022,0,,,,,,0,0,0,0,0,0.000,2.644
981515696016692,100064197037125,"PC Merchandise","𝐏𝐑𝐈𝐂𝐄𝐋𝐈𝐒𝐓 𝟐𝟎𝟐𝟐 >>>
https://pcmerchandise.live/2022-GAMING-BUILDS",,44,"12/25/2022 19:30",uploaded,https://www.facebook.com/reel/1449327859202931/,1,0,Reels,,,,,12/04/2022,0,,,,,,0,0,0,0,0,0.000,4.212
981515696016692,100064197037125,"PC Merchandise","𝐏𝐑𝐈𝐂𝐄𝐋𝐈𝐒𝐓 𝟐𝟎𝟐𝟐 >>>
https://pcmerchandise.live/2022-GAMING-BUILDS",,44,"12/25/2022 19:30",uploaded,https://www.facebook.com/reel/1449327859202931/,1,0,Reels,,,,,12/05/2022,0,,,,,,0,0,0,0,0,0.000,2.963
981515696016692,100064197037125,"PC Merchandise","𝐏𝐑𝐈𝐂𝐄𝐋𝐈𝐒𝐓 𝟐𝟎𝟐𝟐 >>>
https://pcmerchandise.live/2022-GAMING-BUILDS",,44,"12/25/2022 19:30",uploaded,https://www.facebook.com/reel/1449327859202931/,1,0,Reels,,,,,12/06/2022,0,,,,,,0,0,0,0,0,0.000,2.693
981515696016692,100064197037125,"PC Merchandise","𝐏𝐑𝐈𝐂𝐄𝐋𝐈𝐒𝐓 𝟐𝟎𝟐𝟐 >>>
https://pcmerchandise.live/2022-GAMING-BUILDS",,44,"12/25/2022 19:30",uploaded,https://www.facebook.com/reel/1449327859202931/,1,0,Reels,,,,,12/07/2022,0,,,,,,0,0,0,0,0,0.000,3.140
981515696016692,100064197037125,"PC Merchandise","𝐏𝐑𝐈𝐂𝐄𝐋𝐈𝐒𝐓 𝟐𝟎𝟐𝟐 >>>
https://pcmerchandise.live/2022-GAMING-BUILDS",,44,"12/25/2022 19:30",uploaded,https://www.facebook.com/reel/1449327859202931/,1,0,Reels,,,,,12/08/2022,0,,,,,,0,0,0,0,0,0.000,2.910
981515696016692,100064197037125,"PC Merchandise","𝐏𝐑𝐈𝐂𝐄𝐋𝐈𝐒𝐓 𝟐𝟎𝟐𝟐 >>>
https://pcmerchandise.live/2022-GAMING-BUILDS",,44,"12/25/2022 19:30",uploaded,https://www.facebook.com/reel/1449327859202931/,1,0,Reels,,,,,12/09/2022,0,,,,,,0,0,0,0,0,0.000,2.861
981515696016692,100064197037125,"PC Merchandise","𝐏𝐑𝐈𝐂𝐄𝐋𝐈𝐒𝐓 𝟐𝟎𝟐𝟐 >>>
https://pcmerchandise.live/2022-GAMING-BUILDS",,44,"12/25/2022 19:30",uploaded,https://www.facebook.com/reel/1449327859202931/,1,0,Reels,,,,,12/10/2022,0,,,,,,0,0,0,0,0,0.000,2.330
981515696016692,100064197037125,"PC Merchandise","𝐏𝐑𝐈𝐂𝐄𝐋𝐈𝐒𝐓 𝟐𝟎𝟐𝟐 >>>
https://pcmerchandise.live/2022-GAMING-BUILDS",,44,"12/25/2022 19:30",uploaded,https://www.facebook.com/reel/1449327859202931/,1,0,Reels,,,,,12/11/2022,0,,,,,,0,0,0,0,0,0.000,2.489
981515696016692,100064197037125,"PC Merchandise","𝐏𝐑𝐈𝐂𝐄𝐋𝐈𝐒𝐓 𝟐𝟎𝟐𝟐 >>>
https://pcmerchandise.live/2022-GAMING-BUILDS",,44,"12/25/2022 19:30",uploaded,https://www.facebook.com/reel/1449327859202931/,1,0,Reels,,,,,12/12/2022,0,,,,,,0,0,0,0,0,0.000,2.326
981515696016692,100064197037125,"PC Merchandise","𝐏𝐑𝐈𝐂𝐄𝐋𝐈𝐒𝐓 𝟐𝟎𝟐𝟐 >>>
https://pcmerchandise.live/2022-GAMING-BUILDS",,44,"12/25/2022 19:30",uploaded,https://www.facebook.com/reel/1449327859202931/,1,0,Reels,,,,,12/13/2022,0,,,,,,0,0,0,0,0,0.000,2.984
981515696016692,100064197037125,"PC Merchandise","𝐏𝐑𝐈𝐂𝐄𝐋𝐈𝐒𝐓 𝟐𝟎𝟐𝟐 >>>
https://pcmerchandise.live/2022-GAMING-BUILDS",,44,"12/25/2022 19:30",uploaded,https://www.facebook.com/reel/1449327859202931/,1,0,Reels,,,,,12/14/2022,0,,,,,,0,0,0,0,0,0.000,2.640
981515696016692,100064197037125,"PC Merchandise","𝐏𝐑𝐈𝐂𝐄𝐋𝐈𝐒𝐓 𝟐𝟎𝟐𝟐 >>>
https://pcmerchandise.live/2022-GAMING-BUILDS",,44,"12/25/2022 19:30",uploaded,https://www.facebook.com/reel/1449327859202931/,1,0,Reels,,,,,12/15/2022,0,,,,,,0,0,0,0,0,0.000,3.491
981515696016692,100064197037125,"PC Merchandise","𝐏𝐑𝐈𝐂𝐄𝐋𝐈𝐒𝐓 𝟐𝟎𝟐𝟐 >>>
https://pcmerchandise.live/2022-GAMING-BUILDS",,44,"12/25/2022 19:30",uploaded,https://www.facebook.com/reel/1449327859202931/,1,0,Reels,,,,,12/16/2022,0,,,,,,0,0,0,0,0,0.000,3.274
981515696016692,100064197037125,"PC Merchandise","𝐏𝐑𝐈𝐂𝐄𝐋𝐈𝐒𝐓 𝟐𝟎𝟐𝟐 >>>
https://pcmerchandise.live/2022-GAMING-BUILDS",,44,"12/25/2022 19:30",uploaded,https://www.facebook.com/reel/1449327859202931/,1,0,Reels,,,,,12/17/2022,0,,,,,,0,0,0,0,0,0.000,3.919
981515696016692,100064197037125,"PC Merchandise","𝐏𝐑𝐈𝐂𝐄𝐋𝐈𝐒𝐓 𝟐𝟎𝟐𝟐 >>>
https://pcmerchandise.live/2022-GAMING-BUILDS",,44,"12/25/2022 19:30",uploaded,https://www.facebook.com/reel/1449327859202931/,1,0,Reels,,,,,12/18/2022,0,,,,,,0,0,0,0,0,0.000,2.873
981515696016692,100064197037125,"PC Merchandise","𝐏𝐑𝐈𝐂𝐄𝐋𝐈𝐒𝐓 𝟐𝟎𝟐𝟐 >>>
https://pcmerchandise.live/2022-GAMING-BUILDS",,44,"12/25/2022 19:30",uploaded,https://www.facebook.com/reel/1449327859202931/,1,0,Reels,,,,,12/19/2022,0,,,,,,0,0,0,0,0,0.000,3.304
981515696016692,100064197037125,"PC Merchandise","𝐏𝐑𝐈𝐂𝐄𝐋𝐈𝐒𝐓 𝟐𝟎𝟐𝟐 >>>
https://pcmerchandise.live/2022-GAMING-BUILDS",,44,"12/25/2022 19:30",uploaded,https://www.facebook.com/reel/1449327859202931/,1,0,Reels,,,,,12/20/2022,0,,,,,,0,0,0,0,0,0.000,2.891
981515696016692,100064197037125,"PC Merchandise","𝐏𝐑𝐈𝐂𝐄𝐋𝐈𝐒𝐓 𝟐𝟎𝟐𝟐 >>>
https://pcmerchandise.live/2022-GAMING-BUILDS",,44,"12/25/2022 19:30",uploaded,https://www.facebook.com/reel/1449327859202931/,1,0,Reels,,,,,12/21/2022,0,,,,,,0,0,0,0,0,0.000,3.943
981515696016692,100064197037125,"PC Merchandise","𝐏𝐑𝐈𝐂𝐄𝐋𝐈𝐒𝐓 𝟐𝟎𝟐𝟐 >>>
https://pcmerchandise.live/2022-GAMING-BUILDS",,44,"12/25/2022 19:30",uploaded,https://www.facebook.com/reel/1449327859202931/,1,0,Reels,,,,,12/22/2022,0,,,,,,0,0,0,0,0,0.000,2.629
981515696016692,100064197037125,"PC Merchandise","𝐏𝐑𝐈𝐂𝐄𝐋𝐈𝐒𝐓 𝟐𝟎𝟐𝟐 >>>
https://pcmerchandise.live/2022-GAMING-BUILDS",,44,"12/25/2022 19:30",uploaded,https://www.facebook.com/reel/1449327859202931/,1,0,Reels,,,,,12/23/2022,0,,,,,,0,0,0,0,0,0.000,1.594
981515696016692,100064197037125,"PC Merchandise","𝐏𝐑𝐈𝐂𝐄𝐋𝐈𝐒𝐓 𝟐𝟎𝟐𝟐 >>>
https://pcmerchandise.live/2022-GAMING-BUILDS",,44,"12/25/2022 19:30",uploaded,https://www.facebook.com/reel/1449327859202931/,1,0,Reels,,,,,12/24/2022,0,,,,,,0,0,0,0,0,0.000,2.852
981515696016692,100064197037125,"PC Merchandise","𝐏𝐑𝐈𝐂𝐄𝐋𝐈𝐒𝐓 𝟐𝟎𝟐𝟐 >>>
https://pcmerchandise.live/2022-GAMING-BUILDS",,44,"12/25/2022 19:30",uploaded,https://www.facebook.com/reel/1449327859202931/,1,0,Reels,,,,,12/25/2022,0,,,,,,0,0,0,0,0,411.686,4.627
981515696016692,100064197037125,"PC Merchandise","𝐏𝐑𝐈𝐂𝐄𝐋𝐈𝐒𝐓 𝟐𝟎𝟐𝟐 >>>
https://pcmerchandise.live/2022-GAMING-BUILDS",,44,"12/25/2022 19:30",uploaded,https://www.facebook.com/reel/1449327859202931/,1,0,Reels,,,,,12/26/2022,0,,,,,,0,0,0,0,0,470.521,2.825
981515696016692,100064197037125,"PC Merchandise","𝐏𝐑𝐈𝐂𝐄𝐋𝐈𝐒𝐓 𝟐𝟎𝟐𝟐 >>>
https://pcmerchandise.live/2022-GAMING-BUILDS",,44,"12/25/2022 19:30",uploaded,https://www.facebook.com/reel/1449327859202931/,1,0,Reels,,,,,12/27/2022,0,,,,,,0,0,0,0,0,289.679,3.182
981515696016692,100064197037125,"PC Merchandise","𝐏𝐑𝐈𝐂𝐄𝐋𝐈𝐒𝐓 𝟐𝟎𝟐𝟐 >>>
https://pcmerchandise.live/2022-GAMING-BUILDS",,44,"12/25/2022 19:30",uploaded,https://www.facebook.com/reel/1449327859202931/,1,0,Reels,,,,,12/28/2022,0,,,,,,0,0,0,0,0,335.897,3.432
981515696016692,100064197037125,"PC Merchandise","𝐏𝐑𝐈𝐂𝐄𝐋𝐈𝐒𝐓 𝟐𝟎𝟐𝟐 >>>
https://pcmerchandise.live/2022-GAMING-BUILDS",,44,"12/25/2022 19:30",uploaded,https://www.facebook.com/reel/1449327859202931/,1,0,Reels,,,,,12/29/2022,0,,,,,,0,0,0,0,0,110.362,2.737
981515696016692,100064197037125,"PC Merchandise","𝐏𝐑𝐈𝐂𝐄𝐋𝐈𝐒𝐓 𝟐𝟎𝟐𝟐 >>>
https://pcmerchandise.live/2022-GAMING-BUILDS",,44,"12/25/2022 19:30",uploaded,https://www.facebook.com/reel/1449327859202931/,1,0,Reels,,,,,12/30/2022,0,,,,,,0,0,1,1,0,126.835,4.100
981515696016692,100064197037125,"PC Merchandise","𝐏𝐑𝐈𝐂𝐄𝐋𝐈𝐒𝐓 𝟐𝟎𝟐𝟐 >>>
https://pcmerchandise.live/2022-GAMING-BUILDS",,44,"12/25/2022 19:30",uploaded,https://www.facebook.com/reel/1449327859202931/,1,0,Reels,,,,,12/31/2022,0,,,,,,0,0,0,0,0,92.968,2.657
981073673760642,100064197037125,"PC Merchandise","Another comshop delivered! 4 units RYZEN 5 3400G para sa bagong negosyo ni DENNIS 💪",,41,"12/25/2022 19:15",uploaded,https://www.facebook.com/reel/1690613258157803/,0,1,Reels,,,,,12/01/2022,0,,,,,,0,0,0,0,0,0.000,6.470
981073673760642,100064197037125,"PC Merchandise","Another comshop delivered! 4 units RYZEN 5 3400G para sa bagong negosyo ni DENNIS 💪",,41,"12/25/2022 19:15",uploaded,https://www.facebook.com/reel/1690613258157803/,0,1,Reels,,,,,12/02/2022,0,,,,,,0,0,0,0,0,0.000,5.070
981073673760642,100064197037125,"PC Merchandise","Another comshop delivered! 4 units RYZEN 5 3400G para sa bagong negosyo ni DENNIS 💪",,41,"12/25/2022 19:15",uploaded,https://www.facebook.com/reel/1690613258157803/,0,1,Reels,,,,,12/03/2022,0,,,,,,0,0,0,0,0,0.000,6.052
981073673760642,100064197037125,"PC Merchandise","Another comshop delivered! 4 units RYZEN 5 3400G para sa bagong negosyo ni DENNIS 💪",,41,"12/25/2022 19:15",uploaded,https://www.facebook.com/reel/1690613258157803/,0,1,Reels,,,,,12/04/2022,0,,,,,,0,0,0,0,0,0.000,4.320
981073673760642,100064197037125,"PC Merchandise","Another comshop delivered! 4 units RYZEN 5 3400G para sa bagong negosyo ni DENNIS 💪",,41,"12/25/2022 19:15",uploaded,https://www.facebook.com/reel/1690613258157803/,0,1,Reels,,,,,12/05/2022,0,,,,,,0,0,0,0,0,0.000,5.852
981073673760642,100064197037125,"PC Merchandise","Another comshop delivered! 4 units RYZEN 5 3400G para sa bagong negosyo ni DENNIS 💪",,41,"12/25/2022 19:15",uploaded,https://www.facebook.com/reel/1690613258157803/,0,1,Reels,,,,,12/06/2022,0,,,,,,0,0,0,0,0,0.000,5.519
981073673760642,100064197037125,"PC Merchandise","Another comshop delivered! 4 units RYZEN 5 3400G para sa bagong negosyo ni DENNIS 💪",,41,"12/25/2022 19:15",uploaded,https://www.facebook.com/reel/1690613258157803/,0,1,Reels,,,,,12/07/2022,0,,,,,,0,0,0,0,0,0.000,6.403
981073673760642,100064197037125,"PC Merchandise","Another comshop delivered! 4 units RYZEN 5 3400G para sa bagong negosyo ni DENNIS 💪",,41,"12/25/2022 19:15",uploaded,https://www.facebook.com/reel/1690613258157803/,0,1,Reels,,,,,12/08/2022,0,,,,,,0,0,0,0,0,0.000,4.494
981073673760642,100064197037125,"PC Merchandise","Another comshop delivered! 4 units RYZEN 5 3400G para sa bagong negosyo ni DENNIS 💪",,41,"12/25/2022 19:15",uploaded,https://www.facebook.com/reel/1690613258157803/,0,1,Reels,,,,,12/09/2022,0,,,,,,0,0,0,0,0,0.000,4.893
981073673760642,100064197037125,"PC Merchandise","Another comshop delivered! 4 units RYZEN 5 3400G para sa bagong negosyo ni DENNIS 💪",,41,"12/25/2022 19:15",uploaded,https://www.facebook.com/reel/1690613258157803/,0,1,Reels,,,,,12/10/2022,0,,,,,,0,0,0,0,0,0.000,5.592
981073673760642,100064197037125,"PC Merchandise","Another comshop delivered! 4 units RYZEN 5 3400G para sa bagong negosyo ni DENNIS 💪",,41,"12/25/2022 19:15",uploaded,https://www.facebook.com/reel/1690613258157803/,0,1,Reels,,,,,12/11/2022,0,,,,,,0,0,0,0,0,0.000,6.209
981073673760642,100064197037125,"PC Merchandise","Another comshop delivered! 4 units RYZEN 5 3400G para sa bagong negosyo ni DENNIS 💪",,41,"12/25/2022 19:15",uploaded,https://www.facebook.com/reel/1690613258157803/,0,1,Reels,,,,,12/12/2022,0,,,,,,0,0,0,0,0,0.000,5.526
981073673760642,100064197037125,"PC Merchandise","Another comshop delivered! 4 units RYZEN 5 3400G para sa bagong negosyo ni DENNIS 💪",,41,"12/25/2022 19:15",uploaded,https://www.facebook.com/reel/1690613258157803/,0,1,Reels,,,,,12/13/2022,0,,,,,,0,0,0,0,0,0.000,3.718
981073673760642,100064197037125,"PC Merchandise","Another comshop delivered! 4 units RYZEN 5 3400G para sa bagong negosyo ni DENNIS 💪",,41,"12/25/2022 19:15",uploaded,https://www.facebook.com/reel/1690613258157803/,0,1,Reels,,,,,12/14/2022,0,,,,,,0,0,0,0,0,0.000,5.294
981073673760642,100064197037125,"PC Merchandise","Another comshop delivered! 4 units RYZEN 5 3400G para sa bagong negosyo ni DENNIS 💪",,41,"12/25/2022 19:15",uploaded,https://www.facebook.com/reel/1690613258157803/,0,1,Reels,,,,,12/15/2022,0,,,,,,0,0,0,0,0,0.000,6.138
981073673760642,100064197037125,"PC Merchandise","Another comshop delivered! 4 units RYZEN 5 3400G para sa bagong negosyo ni DENNIS 💪",,41,"12/25/2022 19:15",uploaded,https://www.facebook.com/reel/1690613258157803/,0,1,Reels,,,,,12/16/2022,0,,,,,,0,0,0,0,0,0.000,4.265
981073673760642,100064197037125,"PC Merchandise","Another comshop delivered! 4 units RYZEN 5 3400G para sa bagong negosyo ni DENNIS 💪",,41,"12/25/2022 19:15",uploaded,https://www.facebook.com/reel/1690613258157803/,0,1,Reels,,,,,12/17/2022,0,,,,,,0,0,0,0,0,0.000,5.773
981073673760642,100064197037125,"PC Merchandise","Another comshop delivered! 4 units RYZEN 5 3400G para sa bagong negosyo ni DENNIS 💪",,41,"12/25/2022 19:15",uploaded,https://www.facebook.com/reel/1690613258157803/,0,1,Reels,,,,,12/18/2022,0,,,,,,0,0,0,0,0,0.000,4.093
981073673760642,100064197037125,"PC Merchandise","Another comshop delivered! 4 units RYZEN 5 3400G para sa bagong negosyo ni DENNIS 💪",,41,"12/25/2022 19:15",uploaded,https://www.facebook.com/reel/1690613258157803/,0,1,Reels,,,,,12/19/2022,0,,,,,,0,0,0,0,0,0.000,3.894
981073673760642,100064197037125,"PC Merchandise","Another comshop delivered! 4 units RYZEN 5 3400G para sa bagong negosyo ni DENNIS 💪",,41,"12/25/2022 19:15",uploaded,https://www.facebook.com/reel/1690613258157803/,0,1,Reels,,,,,12/20/2022,0,,,,,,0,0,0,0,0,0.000,4.640
981073673760642,100064197037125,"PC Merchandise","Another comshop delivered! 4 units RYZEN 5 3400G para sa bagong negosyo ni DENNIS 💪",,41,"12/25/2022 19:15",uploaded,https://www.facebook.com/reel/1690613258157803/,0,1,Reels,,,,,12/21/2022,0,,,,,,0,0,0,0,0,0.000,4.446
981073673760642,100064197037125,"PC Merchandise","Another comshop delivered! 4 units RYZEN 5 3400G para sa bagong negosyo ni DENNIS 💪",,41,"12/25/2022 19:15",uploaded,https://www.facebook.com/reel/1690613258157803/,0,1,Reels,,,,,12/22/2022,0,,,,,,0,0,0,0,0,0.000,5.052
981073673760642,100064197037125,"PC Merchandise","Another comshop delivered! 4 units RYZEN 5 3400G para sa bagong negosyo ni DENNIS 💪",,41,"12/25/2022 19:15",uploaded,https://www.facebook.com/reel/1690613258157803/,0,1,Reels,,,,,12/23/2022,0,,,,,,0,0,0,0,0,0.000,4.708
981073673760642,100064197037125,"PC Merchandise","Another comshop delivered! 4 units RYZEN 5 3400G para sa bagong negosyo ni DENNIS 💪",,41,"12/25/2022 19:15",uploaded,https://www.facebook.com/reel/1690613258157803/,0,1,Reels,,,,,12/24/2022,0,,,,,,0,0,0,0,0,0.000,6.258
981073673760642,100064197037125,"PC Merchandise","Another comshop delivered! 4 units RYZEN 5 3400G para sa bagong negosyo ni DENNIS 💪",,41,"12/25/2022 19:15",uploaded,https://www.facebook.com/reel/1690613258157803/,0,1,Reels,,,,,12/25/2022,0,,,,,,0,0,4,4,0,81.312,4.917
981073673760642,100064197037125,"PC Merchandise","Another comshop delivered! 4 units RYZEN 5 3400G para sa bagong negosyo ni DENNIS 💪",,41,"12/25/2022 19:15",uploaded,https://www.facebook.com/reel/1690613258157803/,0,1,Reels,,,,,12/26/2022,0,,,,,,0,0,2,2,0,71.996,5.694
981073673760642,100064197037125,"PC Merchandise","Another comshop delivered! 4 units RYZEN 5 3400G para sa bagong negosyo ni DENNIS 💪",,41,"12/25/2022 19:15",uploaded,https://www.facebook.com/reel/1690613258157803/,0,1,Reels,,,,,12/27/2022,0,,,,,,0,0,3,1,2,52.204,5.160
981073673760642,100064197037125,"PC Merchandise","Another comshop delivered! 4 units RYZEN 5 3400G para sa bagong negosyo ni DENNIS 💪",,41,"12/25/2022 19:15",uploaded,https://www.facebook.com/reel/1690613258157803/,0,1,Reels,,,,,12/28/2022,0,,,,,,0,0,1,1,0,28.836,6.440
981073673760642,100064197037125,"PC Merchandise","Another comshop delivered! 4 units RYZEN 5 3400G para sa bagong negosyo ni DENNIS 💪",,41,"12/25/2022 19:15",uploaded,https://www.facebook.com/reel/1690613258157803/,0,1,Reels,,,,,12/29/2022,0,,,,,,0,0,0,0,0,50.612,6.245
981073673760642,100064197037125,"PC Merchandise","Another comshop delivered! 4 units RYZEN 5 3400G para sa bagong negosyo ni DENNIS 💪",,41,"12/25/2022 19:15",uploaded,https://www.facebook.com/reel/1690613258157803/,0,1,Reels,,,,,12/30/2022,0,,,,,,0,0,3,3,0,29.548,4.050
981073673760642,100064197037125,"PC Merchandise","Another comshop delivered! 4 units RYZEN 5 3400G para sa bagong negosyo ni DENNIS 💪",,41,"12/25/2022 19:15",uploaded,https://www.facebook.com/reel/1690613258157803/,0,1,Reels,,,,,12/31/2022,0,,,,,,0,0,0,0,0,22.549,5.598
981160054723234,100064197037125,"PC Merchandise","Free deliver within San Mateo Rizal! RYZEN 3 3200G packages all-in na.",,84,"12/25/2022 02:01",,https://www.facebook.com/reel/1131978927797561/,0,0,Reels,,,,,12/01/2022,0,,,,,,0,0,0,0,0,0.000,4.590
981160054723234,100064197037125,"PC Merchandise","Free deliver within San Mateo Rizal! RYZEN 3 3200G packages all-in na.",,84,"12/25/2022 02:01",,https://www.facebook.com/reel/1131978927797561/,0,0,Reels,,,,,12/02/2022,0,,,,,,0,0,0,0,0,0.000,3.534
981160054723234,100064197037125,"PC Merchandise","Free deliver within San Mateo Rizal! RYZEN 3 3200G packages all-in na.",,84,"12/25/2022 02:01",,https://www.facebook.com/reel/1131978927797561/,0,0,Reels,,,,,12/03/2022,0,,,,,,0,0,0,0,0,0.000,3.883
981160054723234,100064197037125,"PC Merchandise","Free deliver within San Mateo Rizal! RYZEN 3 3200G packages all-in na.",,84,"12/25/2022 02:01",,https://www.facebook.com/reel/1131978927797561/,0,0,Reels,,,,,12/04/2022,0,,,,,,0,0,0,0,0,0.000,4.212
981160054723234,100064197037125,"PC Merchandise","Free deliver within San Mateo Rizal! RYZEN 3 3200G packages all-in na.",,84,"12/25/2022 02:01",,https://www.facebook.com/reel/1131978927797561/,0,0,Reels,,,,,12/05/2022,0,,,,,,0,0,0,0,0,0.000,6.622
981160054723234,100064197037125,"PC Merchandise","Free deliver within San Mateo Rizal! RYZEN 3 3200G packages all-in na.",,84,"12/25/2022 02:01",,https://www.facebook.com/reel/1131978927797561/,0,0,Reels,,,,,12/06/2022,0,,,,,,0,0,0,0,0,0.000,5.934
981160054723234,100064197037125,"PC Merchandise","Free deliver within San Mateo Rizal! RYZEN 3 3200G packages all-in na.",,84,"12/25/2022 02:01",,https://www.facebook.com/reel/1131978927797561/,0,0,Reels,,,,,12/07/2022,0,,,,,,0,0,0,0,0,0.000,6.331
981160054723234,100064197037125,"PC Merchandise","Free deliver within San Mateo Rizal! RYZEN 3 3200G packages all-in na.",,84,"12/25/2022 02:01",,https://www.facebook.com/reel/1131978927797561/,0,0,Reels,,,,,12/08/2022,0,,,,,,0,0,0,0,0,0.000,5.502
981160054723234,100064197037125,"PC Merchandise","Free deliver within San Mateo Rizal! RYZEN 3 3200G packages all-in na.",,84,"12/25/2022 02:01",,https://www.facebook.com/reel/1131978927797561/,0,0,Reels,,,,,12/09/2022,0,,,,,,0,0,0,0,0,0.000,3.623
981160054723234,100064197037125,"PC Merchandise","Free deliver within San Mateo Rizal! RYZEN 3 3200G packages all-in na.",,84,"12/25/2022 02:01",,https://www.facebook.com/reel/1131978927797561/,0,0,Reels,,,,,12/10/2022,0,,,,,,0,0,0,0,0,0.000,6.058
981160054723234,100064197037125,"PC Merchandise","Free deliver within San Mateo Rizal! RYZEN 3 3200G packages all-in na.",,84,"12/25/2022 02:01",,https://www.facebook.com/reel/1131978927797561/,0,0,Reels,,,,,12/11/2022,0,,,,,,0,0,0,0,0,0.000,4.279
981160054723234,100064197037125,"PC Merchandise","Free deliver within San Mateo Rizal! RYZEN 3 3200G packages all-in na.",,84,"12/25/2022 02:01",,https://www.facebook.com/reel/1131978927797561/,0,0,Reels,,,,,12/12/2022,0,,,,,,0,0,0,0,0,0.000,5.578
981160054723234,100064197037125,"PC Merchandise","Free deliver within San Mateo Rizal! RYZEN 3 3200G packages all-in na.",,84,"12/25/2022 02:01",,https://www.facebook.com/reel/1131978927797561/,0,0,Reels,,,,,12/13/2022,0,,,,,,0,0,0,0,0,0.000,4.798
981160054723234,100064197037125,"PC Merchandise","Free deliver within San Mateo Rizal! RYZEN 3 3200G packages all-in na.",,84,"12/25/2022 02:01",,https://www.facebook.com/reel/1131978927797561/,0,0,Reels,,,,,12/14/2022,0,,,,,,0,0,0,0,0,0.000,5.141
981160054723234,100064197037125,"PC Merchandise","Free deliver within San Mateo Rizal! RYZEN 3 3200G packages all-in na.",,84,"12/25/2022 02:01",,https://www.facebook.com/reel/1131978927797561/,0,0,Reels,,,,,12/15/2022,0,,,,,,0,0,0,0,0,0.000,5.923
981160054723234,100064197037125,"PC Merchandise","Free deliver within San Mateo Rizal! RYZEN 3 3200G packages all-in na.",,84,"12/25/2022 02:01",,https://www.facebook.com/reel/1131978927797561/,0,0,Reels,,,,,12/16/2022,0,,,,,,0,0,0,0,0,0.000,7.027
981160054723234,100064197037125,"PC Merchandise","Free deliver within San Mateo Rizal! RYZEN 3 3200G packages all-in na.",,84,"12/25/2022 02:01",,https://www.facebook.com/reel/1131978927797561/,0,0,Reels,,,,,12/17/2022,0,,,,,,0,0,0,0,0,0.000,4.768
981160054723234,100064197037125,"PC Merchandise","Free deliver within San Mateo Rizal! RYZEN 3 3200G packages all-in na.",,84,"12/25/2022 02:01",,https://www.facebook.com/reel/1131978927797561/,0,0,Reels,,,,,12/18/2022,0,,,,,,0,0,0,0,0,0.000,5.339
981160054723234,100064197037125,"PC Merchandise","Free deliver within San Mateo Rizal! RYZEN 3 3200G packages all-in na.",,84,"12/25/2022 02:01",,https://www.facebook.com/reel/1131978927797561/,0,0,Reels,,,,,12/19/2022,0,,,,,,0,0,0,0,0,0.000,5.041
981160054723234,100064197037125,"PC Merchandise","Free deliver within San Mateo Rizal! RYZEN 3 3200G packages all-in na.",,84,"12/25/2022 02:01",,https://www.facebook.com/reel/1131978927797561/,0,0,Reels,,,,,12/20/2022,0,,,,,,0,0,0,0,0,0.000,5.449
981160054723234,100064197037125,"PC Merchandise","Free deliver within San Mateo Rizal! RYZEN 3 3200G packages all-in na.",,84,"12/25/2022 02:01",,https://www.facebook.com/reel/1131978927797561/,0,0,Reels,,,,,12/21/2022,0,,,,,,0,0,0,0,0,0.000,4.758
981160054723234,100064197037125,"PC Merchandise","Free deliver within San Mateo Rizal! RYZEN 3 3200G packages all-in na.",,84,"12/25/2022 02:01",,https://www.facebook.com/reel/1131978927797561/,0,0,Reels,,,,,12/22/2022,0,,,,,,0,0,0,0,0,0.000,5.786
981160054723234,100064197037125,"PC Merchandise","Free deliver within San Mateo Rizal! RYZEN 3 3200G packages all-in na.",,84,"12/25/2022 02:01",,https://www.facebook.com/reel/1131978927797561/,0,0,Reels,,,,,12/23/2022,0,,,,,,0,0,0,0,0,0.000,3.808
981160054723234,100064197037125,"PC Merchandise","Free deliver within San Mateo Rizal! RYZEN 3 3200G packages all-in na.",,84,"12/25/2022 02:01",,https://www.facebook.com/reel/1131978927797561/,0,0,Reels,,,,,12/24/2022,0,,,,,,0,0,0,0,0,0.000,5.264
981160054723234,100064197037125,"PC Merchandise","Free deliver within San Mateo Rizal! RYZEN 3 3200G packages all-in na.",,84,"12/25/2022 02:01",,https://www.facebook.com/reel/1131978927797561/,0,0,Reels,,,,,12/25/2022,0,,,,,,792,0,0,0,0,3314.605,4.229
981160054723234,100064197037125,"PC Merchandise","Free deliver within San Mateo Rizal! RYZEN 3 3200G packages all-in na.",,84,"12/25/2022 02:01",,https://www.facebook.com/reel/1131978927797561/,0,0,Reels,,,,,12/26/2022,0,,,,,,809,0,0,0,0,1277.992,3.754
981160054723234,100064197037125,"PC Merchandise","Free deliver within San Mateo Rizal! RYZEN 3 3200G packages all-in na.",,84,"12/25/2022 02:01",,https://www.facebook.com/reel/1131978927797561/,0,0,Reels,,,,,12/27/2022,0,,,,,,765,0,0,0,0,1052.157,3.057
981160054723234,100064197037125,"PC Merchandise","Free deliver within San Mateo Rizal! RYZEN 3 3200G packages all-in na.",,84,"12/25/2022 02:01",,https://www.facebook.com/reel/1131978927797561/,0,0,Reels,,,,,12/28/2022,0,,,,,,865,0,1,0,1,527.864,5.242
981160054723234,100064197037125,"PC Merchandise","Free deliver within San Mateo Rizal! RYZEN 3 3200G packages all-in na.",,84,"12/25/2022 02:01",,https://www.facebook.com/reel/1131978927797561/,0,0,Reels,,,,,12/29/2022,0,,,,,,862,0,0,0,0,595.889,2.006
981160054723234,100064197037125,"PC Merchandise","Free deliver within San Mateo Rizal! RYZEN 3 3200G packages all-in na.",,84,"12/25/2022 02:01",,https://www.facebook.com/reel/1131978927797561/,0,0,Reels,,,,,12/30/2022,0,,,,,,859,0,0,0,0,528.064,4.587
981160054723234,100064197037125,"PC Merchandise","Free deliver within San Mateo Rizal! RYZEN 3 3200G packages all-in na.",,84,"12/25/2022 02:01",,https://www.facebook.com/reel/1131978927797561/,0,0,Reels,,,,,12/31/2022,0,,,,,,796,0,0,0,0,631.458,5.026
981128961441877,100064197037125,"PC Merchandise","Paano kung sabihin ko sayo na kaya mo na mag GTX 1650 build under budget? 👀",,90,"12/24/2022 19:00",,https://www.facebook.com/reel/1838607561038831/,0,0,Reels,,,,,12/01/2022,0,,,,,,0,0,0,0,0,0.000,5.839
981128961441877,100064197037125,"PC Merchandise","Paano kung sabihin ko sayo na kaya mo na mag GTX 1650 build under budget? 👀",,90,"12/24/2022 19:00",,https://www.facebook.com/reel/1838607561038831/,0,0,Reels,,,,,12/02/2022,0,,,,,,0,0,0,0,0,0.000,3.581
981128961441877,100064197037125,"PC Merchandise","Paano kung sabihin ko sayo na kaya mo na mag GTX 1650 build under budget? 👀",,90,"12/24/2022 19:00",,https://www.facebook.com/reel/1838607561038831/,0,0,Reels,,,,,12/03/2022,0,,,,,,0,0,0,0,0,0.000,4.215
981128961441877,100064197037125,"PC Merchandise","Paano kung sabihin ko sayo na kaya mo na mag GTX 1650 build under budget? 👀",,90,"12/24/2022 19:00",,https://www.facebook.com/reel/1838607561038831/,0,0,Reels,,,,,12/04/2022,0,,,,,,0,0,0,0,0,0.000,3.899
981128961441877,100064197037125,"PC Merchandise","Paano kung sabihin ko sayo na kaya mo na mag GTX 1650 build under budget? 👀",,90,"12/24/2022 19:00",,https://www.facebook.com/reel/1838607561038831/,0,0,Reels,,,,,12/05/2022,0,,,,,,0,0,0,0,0,0.000,6.267
981128961441877,100064197037125,"PC Merchandise","Paano kung sabihin ko sayo na kaya mo na mag GTX 1650 build under budget? 👀",,90,"12/24/2022 19:00",,https://www.facebook.com/reel/1838607561038831/,0,0,Reels,,,,,12/06/2022,0,,,,,,0,0,0,0,0,0.000,4.753
981128961441877,100064197037125,"PC Merchandise","Paano kung sabihin ko sayo na kaya mo na mag GTX 1650 build under budget? 👀",,90,"12/24/2022 19:00",,https://www.facebook.com/reel/1838607561038831/,0,0,Reels,,,,,12/07/2022,0,,,,,,0,0,0,0,0,0.000,5.422
981128961441877,100064197037125,"PC Merchandise","Paano kung sabihin ko sayo na kaya mo na mag GTX 1650 build under budget? 👀",,90,"12/24/2022 19:00",,https://www.facebook.com/reel/1838607561038831/,0,0,Reels,,,,,12/08/2022,0,,,,,,0,0,0,0,0,0.000,5.642
981128961441877,100064197037125,"PC Merchandise","Paano kung sabihin ko sayo na kaya mo na mag GTX 1650 build under budget? 👀",,90,"12/24/2022 19:00",,https://www.facebook.com/reel/1838607561038831/,0,0,Reels,,,,,12/09/2022,0,,,,,,0,0,0,0,0,0.000,2.740
981128961441877,100064197037125,"PC Merchandise","Paano kung sabihin ko sayo na kaya mo na mag GTX 1650 build under budget? 👀",,90,"12/24/2022 19:00",,https://www.facebook.com/reel/1838607561038831/,0,0,Reels,,,,,12/10/2022,0,,,,,,0,0,0,0,0,0.000,4.310
981128961441877,100064197037125,"PC Merchandise","Paano kung sabihin ko sayo na kaya mo na mag GTX 1650 build under budget? 👀",,90,"12/24/2022 19:00",,https://www.facebook.com/reel/1838607561038831/,0,0,Reels,,,,,12/11/2022,0,,,,,,0,0,0,0,0,0.000,1.917
981128961441877,100064197037125,"PC Merchandise","Paano kung sabihin ko sayo na kaya mo na mag GTX 1650 build under budget? 👀",,90,"12/24/2022 19:00",,https://www.facebook.com/reel/1838607561038831/,0,0,Reels,,,,,12/12/2022,0,,,,,,0,0,0,0,0,0.000,4.488
981128961441877,100064197037125,"PC Merchandise","Paano kung sabihin ko sayo na kaya mo na mag GTX 1650 build under budget? 👀",,90,"12/24/2022 19:00",,https://www.facebook.com/reel/1838607561038831/,0,0,Reels,,,,,12/13/2022,0,,,,,,0,0,0,0,0,0.000,4.371
981128961441877,100064197037125,"PC Merchandise","Paano kung sabihin ko sayo na kaya mo na mag GTX 1650 build under budget? 👀",,90,"12/24/2022 19:00",,https://www.facebook.com/reel/1838607561038831/,0,0,Reels,,,,,12/14/2022,0,,,,,,0,0,0,0,0,0.000,3.542
981128961441877,100064197037125,"PC Merchandise","Paano kung sabihin ko sayo na kaya mo na mag GTX 1650 build under budget? 👀",,90,"12/24/2022 19:00",,https://www.facebook.com/reel/1838607561038831/,0,0,Reels,,,,,12/15/2022,0,,,,,,0,0,0,0,0,0.000,6.033
981128961441877,100064197037125,"PC Merchandise","Paano kung sabihin ko sayo na kaya mo na mag GTX 1650 build under budget? 👀",,90,"12/24/2022 19:00",,https://www.facebook.com/reel/1838607561038831/,0,0,Reels,,,,,12/16/2022,0,,,,,,0,0,0,0,0,0.000,4.516
981128961441877,100064197037125,"PC Merchandise","Paano kung sabihin ko sayo na kaya mo na mag GTX 1650 build under budget? 👀",,90,"12/24/2022 19:00",,https://www.facebook.com/reel/1838607561038831/,0,0,Reels,,,,,12/17/2022,0,,,,,,0,0,0,0,0,0.000,3.044
981128961441877,100064197037125,"PC Merchandise","Paano kung sabihin ko sayo na kaya mo na mag GTX 1650 build under budget? 👀",,90,"12/24/2022 19:00",,https://www.facebook.com/reel/1838607561038831/,0,0,Reels,,,,,12/18/2022,0,,,,,,0,0,0,0,0,0.000,4.318
981128961441877,100064197037125,"PC Merchandise","Paano kung sabihin ko sayo na kaya mo na mag GTX 1650 build under budget? 👀",,90,"12/24/2022 19:00",,https://www.facebook.com/reel/1838607561038831/,0,0,Reels,,,,,12/19/2022,0,,,,,,0,0,0,0,0,0.000,5.509
981128961441877,100064197037125,"PC Merchandise","Paano kung sabihin ko sayo na kaya mo na mag GTX 1650 build under budget? 👀",,90,"12/24/2022 19:00",,https://www.facebook.com/reel/1838607561038831/,0,0,Reels,,,,,12/20/2022,0,,,,,,0,0,0,0,0,0.000,5.340
981128961441877,100064197037125,"PC Merchandise","Paano kung sabihin ko sayo na kaya mo na mag GTX 1650 build under budget? 👀",,90,"12/24/2022 19:00",,https://www.facebook.com/reel/1838607561038831/,0,0,Reels,,,,,12/21/2022,0,,,,,,0,0,0,0,0,0.000,5.113
981128961441877,100064197037125,"PC Merchandise","Paano kung sabihin ko sayo na kaya mo na mag GTX 1650 build under budget? 👀",,90,"12/24/2022 19:00",,https://www.facebook.com/reel/1838607561038831/,0,0,Reels,,,,,12/22/2022,0,,,,,,0,0,0,0,0,0.000,4.616
981128961441877,100064197037125,"PC Merchandise","Paano kung sabihin ko sayo na kaya mo na mag GTX 1650 build under budget? 👀",,90,"12/24/2022 19:00",,https://www.facebook.com/reel/1838607561038831/,0,0,Reels,,,,,12/23/2022,0,,,,,,0,0,0,0,0,0.000,4.508
981128961441877,100064197037125,"PC Merchandise","Paano kung sabihin ko sayo na kaya mo na mag GTX 1650 build under budget? 👀",,90,"12/24/2022 19:00",,https://www.facebook.com/reel/1838607561038831/,0,0,Reels,,,,,12/24/2022,0,,,,,,0,0,0,0,0,421.870,5.240
981128961441877,100064197037125,"PC Merchandise","Paano kung sabihin ko sayo na kaya mo na mag GTX 1650 build under budget? 👀",,90,"12/24/2022 19:00",,https://www.facebook.com/reel/1838607561038831/,0,0,Reels,,,,,12/25/2022,0,,,,,,0,0,0,0,0,219.342,5.246
981128961441877,100064197037125,"PC Merchandise","Paano kung sabihin ko sayo na kaya mo na mag GTX 1650 build under budget? 👀",,90,"12/24/2022 19:00",,https://www.facebook.com/reel/1838607561038831/,0,0,Reels,,,,,12/26/2022,0,,,,,,0,0,2,1,1,328.994,5.381
981128961441877,100064197037125,"PC Merchandise","Paano kung sabihin ko sayo na kaya mo na mag GTX 1650 build under budget? 👀",,90,"12/24/2022 19:00",,https://www.facebook.com/reel/1838607561038831/,0,0,Reels,,,,,12/27/2022,0,,,,,,0,0,1,1,0,117.125,4.342
981128961441877,100064197037125,"PC Merchandise","Paano kung sabihin ko sayo na kaya mo na mag GTX 1650 build under budget? 👀",,90,"12/24/2022 19:00",,https://www.facebook.com/reel/1838607561038831/,0,0,Reels,,,,,12/28/2022,0,,,,,,0,0,0,0,0,93.870,3.968
981128961441877,100064197037125,"PC Merchandise","Paano kung sabihin ko sayo na kaya mo na mag GTX 1650 build under budget? 👀",,90,"12/24/2022 19:00",,https://www.facebook.com/reel/1838607561038831/,0,0,Reels,,,,,12/29/2022,0,,,,,,0,0,0,0,0,119.545,4.038
981128961441877,100064197037125,"PC Merchandise","Paano kung sabihin ko sayo na kaya mo na mag GTX 1650 build under budget? 👀",,90,"12/24/2022 19:00",,https://www.facebook.com/reel/1838607561038831/,0,0,Reels,,,,,12/30/2022,0,,,,,,0,0,0,0,0,46.776,5.473
981128961441877,100064197037125,"PC Merchandise","Paano kung sabihin ko sayo na kaya mo na mag GTX 1650 build under budget? 👀",,90,"12/24/2022 19:00",,https://www.facebook.com/reel/1838607561038831/,0,0,Reels,,,,,12/31/2022,0,,,,,,0,0,0,0,0,94.567,5.260
980710802929325,100064197037125,"PC Merchandise","One more rig complete. One more client satisfied. Built with i5 10400F + GTX 1050TI. PM us for yours!",,41,"12/23/2022 22:00",uploaded,https://www.facebook.com/reel/1802856586964879/,0,0,Reels,,,,,12/01/2022,0,,,,,,0,0,0,0,0,0.000,3.280
980710802929325,100064197037125,"PC Merchandise","One more rig complete. One more client satisfied. Built with i5 10400F + GTX 1050TI. PM us for yours!",,41,"12/23/2022 22:00",uploaded,https://www.facebook.com/reel/1802856586964879/,0,0,Reels,,,,,12/02/2022,0,,,,,,0,0,0,0,0,0.000,1.500
980710802929325,100064197037125,"PC Merchandise","One more rig complete. One more client satisfied. Built with i5 10400F + GTX 1050TI. PM us for yours!",,41,"12/23/2022 22:00",uploaded,https://www.facebook.com/reel/1802856586964879/,0,0,Reels,,,,,12/03/2022,0,,,,,,0,0,0,0,0,0.000,2.188
980710802929325,100064197037125,"PC Merchandise","One more rig complete. One more client satisfied. Built with i5 10400F + GTX 1050TI. PM us for yours!",,41,"12/23/2022 22:00",uploaded,https://www.facebook.com/reel/1802856586964879/,0,0,Reels,,,,,12/04/2022,0,,,,,,0,0,0,0,0,0.000,2.434
980710802929325,100064197037125,"PC Merchandise","One more rig complete. One more client satisfied. Built with i5 10400F + GTX 1050TI. PM us for yours!",,41,"12/23/2022 22:00",uploaded,https://www.facebook.com/reel/1802856586964879/,0,0,Reels,,,,,12/05/2022,0,,,,,,0,0,0,0,0,0.000,2.469
980710802929325,100064197037125,"PC Merchandise","One more rig complete. One more client satisfied. Built with i5 10400F + GTX 1050TI. PM us for yours!",,41,"12/23/2022 22:00",uploaded,https://www.facebook.com/reel/1802856586964879/,0,0,Reels,,,,,12/06/2022,0,,,,,,0,0,0,0,0,0.000,1.500
980710802929325,100064197037125,"PC Merchandise","One more rig complete. One more client satisfied. Built with i5 10400F + GTX 1050TI. PM us for yours!",,41,"12/23/2022 22:00",uploaded,https://www.facebook.com/reel/1802856586964879/,0,0,Reels,,,,,12/07/2022,0,,,,,,0,0,0,0,0,0.000,1.824
980710802929325,100064197037125,"PC Merchandise","One more rig complete. One more client satisfied. Built with i5 10400F + GTX 1050TI. PM us for yours!",,41,"12/23/2022 22:00",uploaded,https://www.facebook.com/reel/1802856586964879/,0,0,Reels,,,,,12/08/2022,0,,,,,,0,0,0,0,0,0.000,1.500
980710802929325,100064197037125,"PC Merchandise","One more rig complete. One more client satisfied. Built with i5 10400F + GTX 1050TI. PM us for yours!",,41,"12/23/2022 22:00",uploaded,https://www.facebook.com/reel/1802856586964879/,0,0,Reels,,,,,12/09/2022,0,,,,,,0,0,0,0,0,0.000,2.323
980710802929325,100064197037125,"PC Merchandise","One more rig complete. One more client satisfied. Built with i5 10400F + GTX 1050TI. PM us for yours!",,41,"12/23/2022 22:00",uploaded,https://www.facebook.com/reel/1802856586964879/,0,0,Reels,,,,,12/10/2022,0,,,,,,0,0,0,0,0,0.000,1.522
980710802929325,100064197037125,"PC Merchandise","One more rig complete. One more client satisfied. Built with i5 10400F + GTX 1050TI. PM us for yours!",,41,"12/23/2022 22:00",uploaded,https://www.facebook.com/reel/1802856586964879/,0,0,Reels,,,,,12/11/2022,0,,,,,,0,0,0,0,0,0.000,2.213
980710802929325,100064197037125,"PC Merchandise","One more rig complete. One more client satisfied. Built with i5 10400F + GTX 1050TI. PM us for yours!",,41,"12/23/2022 22:00",uploaded,https://www.facebook.com/reel/1802856586964879/,0,0,Reels,,,,,12/12/2022,0,,,,,,0,0,0,0,0,0.000,2.522
980710802929325,100064197037125,"PC Merchandise","One more rig complete. One more client satisfied. Built with i5 10400F + GTX 1050TI. PM us for yours!",,41,"12/23/2022 22:00",uploaded,https://www.facebook.com/reel/1802856586964879/,0,0,Reels,,,,,12/13/2022,0,,,,,,0,0,0,0,0,0.000,1.845
980710802929325,100064197037125,"PC Merchandise","One more rig complete. One more client satisfied. Built with i5 10400F + GTX 1050TI. PM us for yours!",,41,"12/23/2022 22:00",uploaded,https://www.facebook.com/reel/1802856586964879/,0,0,Reels,,,,,12/14/2022,0,,,,,,0,0,0,0,0,0.000,1.500
980710802929325,100064197037125,"PC Merchandise","One more rig complete. One more client satisfied. Built with i5 10400F + GTX 1050TI. PM us for yours!",,41,"12/23/2022 22:00",uploaded,https://www.facebook.com/reel/1802856586964879/,0,0,Reels,,,,,12/15/2022,0,,,,,,0,0,0,0,0,0.000,1.904
980710802929325,100064197037125,"PC Merchandise","One more rig complete. One more client satisfied. Built with i5 10400F + GTX 1050TI. PM us for yours!",,41,"12/23/2022 22:00",uploaded,https://www.facebook.com/reel/1802856586964879/,0,0,Reels,,,,,12/16/2022,0,,,,,,0,0,0,0,0,0.000,1.652
980710802929325,100064197037125,"PC Merchandise","One more rig complete. One more client satisfied. Built with i5 10400F + GTX 1050TI. PM us for yours!",,41,"12/23/2022 22:00",uploaded,https://www.facebook.com/reel/1802856586964879/,0,0,Reels,,,,,12/17/2022,0,,,,,,0,0,0,0,0,0.000,1.500
980710802929325,100064197037125,"PC Merchandise","One more rig complete. One more client satisfied. Built with i5 10400F + GTX 1050TI. PM us for yours!",,41,"12/23/2022 22:00",uploaded,https://www.facebook.com/reel/1802856586964879/,0,0,Reels,,,,,12/18/2022,0,,,,,,0,0,0,0,0,0.000,3.104
980710802929325,100064197037125,"PC Merchandise","One more rig complete. One more client satisfied. Built with i5 10400F + GTX 1050TI. PM us for yours!",,41,"12/23/2022 22:00",uploaded,https://www.facebook.com/reel/1802856586964879/,0,0,Reels,,,,,12/19/2022,0,,,,,,0,0,0,0,0,0.000,1.500
980710802929325,100064197037125,"PC Merchandise","One more rig complete. One more client satisfied. Built with i5 10400F + GTX 1050TI. PM us for yours!",,41,"12/23/2022 22:00",uploaded,https://www.facebook.com/reel/1802856586964879/,0,0,Reels,,,,,12/20/2022,0,,,,,,0,0,0,0,0,0.000,2.223
980710802929325,100064197037125,"PC Merchandise","One more rig complete. One more client satisfied. Built with i5 10400F + GTX 1050TI. PM us for yours!",,41,"12/23/2022 22:00",uploaded,https://www.facebook.com/reel/1802856586964879/,0,0,Reels,,,,,12/21/2022,0,,,,,,0,0,0,0,0,0.000,2.772
980710802929325,100064197037125,"PC Merchandise","One more rig complete. One more client satisfied. Built with i5 10400F + GTX 1050TI. PM us for yours!",,41,"12/23/2022 22:00",uploaded,https://www.facebook.com/reel/1802856586964879/,0,0,Reels,,,,,12/22/2022,0,,,,,,0,0,0,0,0,0.000,1.903
980710802929325,100064197037125,"PC Merchandise","One more rig complete. One more client satisfied. Built with i5 10400F + GTX 1050TI. PM us for yours!",,41,"12/23/2022 22:00",uploaded,https://www.facebook.com/reel/1802856586964879/,0,0,Reels,,,,,12/23/2022,0,,,,,,0,0,1,0,1,162.870,2.231
980710802929325,100064197037125,"PC Merchandise","One more rig complete. One more client satisfied. Built with i5 10400F + GTX 1050TI. PM us for yours!",,41,"12/23/2022 22:00",uploaded,https://www.facebook.com/reel/1802856586964879/,0,0,Reels,,,,,12/24/2022,0,,,,,,0,0,0,0,0,145.954,2.605
980710802929325,100064197037125,"PC Merchandise","One more rig complete. One more client satisfied. Built with i5 10400F + GTX 1050TI. PM us for yours!",,41,"12/23/2022 22:00",uploaded,https://www.facebook.com/reel/1802856586964879/,0,0,Reels,,,,,12/25/2022,0,,,,,,0,0,0,0,0,37.638,1.584
980710802929325,100064197037125,"PC Merchandise","One more rig complete. One more client satisfied. Built with i5 10400F + GTX 1050TI. PM us for yours!",,41,"12/23/2022 22:00",uploaded,https://www.facebook.com/reel/1802856586964879/,0,0,Reels,,,,,12/26/2022,0,,,,,,0,0,0,0,0,85.060,1.500
980710802929325,100064197037125,"PC Merchandise","One more rig complete. One more client satisfied. Built with i5 10400F + GTX 1050TI. PM us for yours!",,41,"12/23/2022 22:00",uploaded,https://www.facebook.com/reel/1802856586964879/,0,0,Reels,,,,,12/27/2022,0,,,,,,0,0,0,0,0,55.144,1.795
980710802929325,100064197037125,"PC Merchandise","One more rig complete. One more client satisfied. Built with i5 10400F + GTX 1050TI. PM us for yours!",,41,"12/23/2022 22:00",uploaded,https://www.facebook.com/reel/1802856586964879/,0,0,Reels,,,,,12/28/2022,0,,,,,,0,0,0,0,0,28.140,1.500
980710802929325,100064197037125,"PC Merchandise","One more rig complete. One more client satisfied. Built with i5 10400F + GTX 1050TI. PM us for yours!",,41,"12/23/2022 22:00",uploaded,https://www.facebook.com/reel/1802856586964879/,0,0,Reels,,,,,12/29/2022,0,,,,,,0,0,0,0,0,15.796,3.960
980710802929325,100064197037125,"PC Merchandise","One more rig complete. One more client satisfied. Built with i5 10400F + GTX 1050TI. PM us for yours!",,41,"12/23/2022 22:00",uploaded,https://www.facebook.com/reel/1802856586964879/,0,0,Reels,,,,,12/30/2022,0,,,,,,0,0,0,0,0,24.805,2.469
980710802929325,100064197037125,"PC Merchandise","One more rig complete. One more client satisfied. Built with i5 10400F + GTX 1050TI. PM us for yours!",,41,"12/23/2022 22:00",uploaded,https://www.facebook.com/reel/1802856586964879/,0,0,Reels,,,,,12/31/2022,0,,,,,,0,0,0,0,0,7.264,2.353
981181766189591,100064197037125,"PC Merchandise","𝐏𝐑𝐈𝐂𝐄𝐋𝐈𝐒𝐓 𝟐𝟎𝟐𝟐 >>>
https://pcmerchandise.live/2022-COMSHOP-PACKAGES",,0,"12/23/2022 19:00",,https://www.facebook.com/pcmerchandise.co/posts/pfbid0yqm5mQ3UQsmNiA8EumK81cZDRrvXGGAV1cqDM8XXSRKaxjSYqHCxgdWy,0,0,Photos,,,,,12/31/2022,0,,,,,,,,,,,,
981181766189591,100064197037125,"PC Merchandise","𝐏𝐑𝐈𝐂𝐄𝐋𝐈𝐒𝐓 𝟐𝟎𝟐𝟐 >>>
https://pcmerchandise.live/2022-COMSHOP-PACKAGES",,0,"12/23/2022 19:00",,https://www.facebook.com/pcmerchandise.co/posts/pfbid0yqm5mQ3UQsmNiA8EumK81cZDRrvXGGAV1cqDM8XXSRKaxjSYqHCxgdWy,0,0,Photos,,,,,12/01/2022,,,0,0,0,0,0,0,,,,,
981181766189591,100064197037125,"PC Merchandise","𝐏𝐑𝐈𝐂𝐄𝐋𝐈𝐒𝐓 𝟐𝟎𝟐𝟐 >>>
https://pcmerchandise.live/2022-COMSHOP-PACKAGES",,0,"12/23/2022 19:00",,https://www.facebook.com/pcmerchandise.co/posts/pfbid0yqm5mQ3UQsmNiA8EumK81cZDRrvXGGAV1cqDM8XXSRKaxjSYqHCxgdWy,0,0,Photos,,,,,12/02/2022,,,0,0,0,0,0,0,,,,,
981181766189591,100064197037125,"PC Merchandise","𝐏𝐑𝐈𝐂𝐄𝐋𝐈𝐒𝐓 𝟐𝟎𝟐𝟐 >>>
https://pcmerchandise.live/2022-COMSHOP-PACKAGES",,0,"12/23/2022 19:00",,https://www.facebook.com/pcmerchandise.co/posts/pfbid0yqm5mQ3UQsmNiA8EumK81cZDRrvXGGAV1cqDM8XXSRKaxjSYqHCxgdWy,0,0,Photos,,,,,12/03/2022,,,0,0,0,0,0,0,,,,,
981181766189591,100064197037125,"PC Merchandise","𝐏𝐑𝐈𝐂𝐄𝐋𝐈𝐒𝐓 𝟐𝟎𝟐𝟐 >>>
https://pcmerchandise.live/2022-COMSHOP-PACKAGES",,0,"12/23/2022 19:00",,https://www.facebook.com/pcmerchandise.co/posts/pfbid0yqm5mQ3UQsmNiA8EumK81cZDRrvXGGAV1cqDM8XXSRKaxjSYqHCxgdWy,0,0,Photos,,,,,12/04/2022,,,0,0,0,0,0,0,,,,,
981181766189591,100064197037125,"PC Merchandise","𝐏𝐑𝐈𝐂𝐄𝐋𝐈𝐒𝐓 𝟐𝟎𝟐𝟐 >>>
https://pcmerchandise.live/2022-COMSHOP-PACKAGES",,0,"12/23/2022 19:00",,https://www.facebook.com/pcmerchandise.co/posts/pfbid0yqm5mQ3UQsmNiA8EumK81cZDRrvXGGAV1cqDM8XXSRKaxjSYqHCxgdWy,0,0,Photos,,,,,12/05/2022,,,0,0,0,0,0,0,,,,,
981181766189591,100064197037125,"PC Merchandise","𝐏𝐑𝐈𝐂𝐄𝐋𝐈𝐒𝐓 𝟐𝟎𝟐𝟐 >>>
https://pcmerchandise.live/2022-COMSHOP-PACKAGES",,0,"12/23/2022 19:00",,https://www.facebook.com/pcmerchandise.co/posts/pfbid0yqm5mQ3UQsmNiA8EumK81cZDRrvXGGAV1cqDM8XXSRKaxjSYqHCxgdWy,0,0,Photos,,,,,12/06/2022,,,0,0,0,0,0,0,,,,,
981181766189591,100064197037125,"PC Merchandise","𝐏𝐑𝐈𝐂𝐄𝐋𝐈𝐒𝐓 𝟐𝟎𝟐𝟐 >>>
https://pcmerchandise.live/2022-COMSHOP-PACKAGES",,0,"12/23/2022 19:00",,https://www.facebook.com/pcmerchandise.co/posts/pfbid0yqm5mQ3UQsmNiA8EumK81cZDRrvXGGAV1cqDM8XXSRKaxjSYqHCxgdWy,0,0,Photos,,,,,12/07/2022,,,0,0,0,0,0,0,,,,,
981181766189591,100064197037125,"PC Merchandise","𝐏𝐑𝐈𝐂𝐄𝐋𝐈𝐒𝐓 𝟐𝟎𝟐𝟐 >>>
https://pcmerchandise.live/2022-COMSHOP-PACKAGES",,0,"12/23/2022 19:00",,https://www.facebook.com/pcmerchandise.co/posts/pfbid0yqm5mQ3UQsmNiA8EumK81cZDRrvXGGAV1cqDM8XXSRKaxjSYqHCxgdWy,0,0,Photos,,,,,12/08/2022,,,0,0,0,0,0,0,,,,,
981181766189591,100064197037125,"PC Merchandise","𝐏𝐑𝐈𝐂𝐄𝐋𝐈𝐒𝐓 𝟐𝟎𝟐𝟐 >>>
https://pcmerchandise.live/2022-COMSHOP-PACKAGES",,0,"12/23/2022 19:00",,https://www.facebook.com/pcmerchandise.co/posts/pfbid0yqm5mQ3UQsmNiA8EumK81cZDRrvXGGAV1cqDM8XXSRKaxjSYqHCxgdWy,0,0,Photos,,,,,12/09/2022,,,0,0,0,0,0,0,,,,,
981181766189591,100064197037125,"PC Merchandise","𝐏𝐑𝐈𝐂𝐄𝐋𝐈𝐒𝐓 𝟐𝟎𝟐𝟐 >>>
https://pcmerchandise.live/2022-COMSHOP-PACKAGES",,0,"12/23/2022 19:00",,https://www.facebook.com/pcmerchandise.co/posts/pfbid0yqm5mQ3UQsmNiA8EumK81cZDRrvXGGAV1cqDM8XXSRKaxjSYqHCxgdWy,0,0,Photos,,,,,12/10/2022,,,0,0,0,0,0,0,,,,,
981181766189591,100064197037125,"PC Merchandise","𝐏𝐑𝐈𝐂𝐄𝐋𝐈𝐒𝐓 𝟐𝟎𝟐𝟐 >>>
https://pcmerchandise.live/2022-COMSHOP-PACKAGES",,0,"12/23/2022 19:00",,https://www.facebook.com/pcmerchandise.co/posts/pfbid0yqm5mQ3UQsmNiA8EumK81cZDRrvXGGAV1cqDM8XXSRKaxjSYqHCxgdWy,0,0,Photos,,,,,12/11/2022,,,0,0,0,0,0,0,,,,,
981181766189591,100064197037125,"PC Merchandise","𝐏𝐑𝐈𝐂𝐄𝐋𝐈𝐒𝐓 𝟐𝟎𝟐𝟐 >>>
https://pcmerchandise.live/2022-COMSHOP-PACKAGES",,0,"12/23/2022 19:00",,https://www.facebook.com/pcmerchandise.co/posts/pfbid0yqm5mQ3UQsmNiA8EumK81cZDRrvXGGAV1cqDM8XXSRKaxjSYqHCxgdWy,0,0,Photos,,,,,12/12/2022,,,0,0,0,0,0,0,,,,,
981181766189591,100064197037125,"PC Merchandise","𝐏𝐑𝐈𝐂𝐄𝐋𝐈𝐒𝐓 𝟐𝟎𝟐𝟐 >>>
https://pcmerchandise.live/2022-COMSHOP-PACKAGES",,0,"12/23/2022 19:00",,https://www.facebook.com/pcmerchandise.co/posts/pfbid0yqm5mQ3UQsmNiA8EumK81cZDRrvXGGAV1cqDM8XXSRKaxjSYqHCxgdWy,0,0,Photos,,,,,12/13/2022,,,0,0,0,0,0,0,,,,,
981181766189591,100064197037125,"PC Merchandise","𝐏𝐑𝐈𝐂𝐄𝐋𝐈𝐒𝐓 𝟐𝟎𝟐𝟐 >>>
https://pcmerchandise.live/2022-COMSHOP-PACKAGES",,0,"12/23/2022 19:00",,https://www.facebook.com/pcmerchandise.co/posts/pfbid0yqm5mQ3UQsmNiA8EumK81cZDRrvXGGAV1cqDM8XXSRKaxjSYqHCxgdWy,0,0,Photos,,,,,12/14/2022,,,0,0,0,0,0,0,,,,,
981181766189591,100064197037125,"PC Merchandise","𝐏𝐑𝐈𝐂𝐄𝐋𝐈𝐒𝐓 𝟐𝟎𝟐𝟐 >>>
https://pcmerchandise.live/2022-COMSHOP-PACKAGES",,0,"12/23/2022 19:00",,https://www.facebook.com/pcmerchandise.co/posts/pfbid0yqm5mQ3UQsmNiA8EumK81cZDRrvXGGAV1cqDM8XXSRKaxjSYqHCxgdWy,0,0,Photos,,,,,12/15/2022,,,0,0,0,0,0,0,,,,,
981181766189591,100064197037125,"PC Merchandise","𝐏𝐑𝐈𝐂𝐄𝐋𝐈𝐒𝐓 𝟐𝟎𝟐𝟐 >>>
https://pcmerchandise.live/2022-COMSHOP-PACKAGES",,0,"12/23/2022 19:00",,https://www.facebook.com/pcmerchandise.co/posts/pfbid0yqm5mQ3UQsmNiA8EumK81cZDRrvXGGAV1cqDM8XXSRKaxjSYqHCxgdWy,0,0,Photos,,,,,12/16/2022,,,0,0,0,0,0,0,,,,,
981181766189591,100064197037125,"PC Merchandise","𝐏𝐑𝐈𝐂𝐄𝐋𝐈𝐒𝐓 𝟐𝟎𝟐𝟐 >>>
https://pcmerchandise.live/2022-COMSHOP-PACKAGES",,0,"12/23/2022 19:00",,https://www.facebook.com/pcmerchandise.co/posts/pfbid0yqm5mQ3UQsmNiA8EumK81cZDRrvXGGAV1cqDM8XXSRKaxjSYqHCxgdWy,0,0,Photos,,,,,12/17/2022,,,0,0,0,0,0,0,,,,,
981181766189591,100064197037125,"PC Merchandise","𝐏𝐑𝐈𝐂𝐄𝐋𝐈𝐒𝐓 𝟐𝟎𝟐𝟐 >>>
https://pcmerchandise.live/2022-COMSHOP-PACKAGES",,0,"12/23/2022 19:00",,https://www.facebook.com/pcmerchandise.co/posts/pfbid0yqm5mQ3UQsmNiA8EumK81cZDRrvXGGAV1cqDM8XXSRKaxjSYqHCxgdWy,0,0,Photos,,,,,12/18/2022,,,0,0,0,0,0,0,,,,,
981181766189591,100064197037125,"PC Merchandise","𝐏𝐑𝐈𝐂𝐄𝐋𝐈𝐒𝐓 𝟐𝟎𝟐𝟐 >>>
https://pcmerchandise.live/2022-COMSHOP-PACKAGES",,0,"12/23/2022 19:00",,https://www.facebook.com/pcmerchandise.co/posts/pfbid0yqm5mQ3UQsmNiA8EumK81cZDRrvXGGAV1cqDM8XXSRKaxjSYqHCxgdWy,0,0,Photos,,,,,12/19/2022,,,0,0,0,0,0,0,,,,,
981181766189591,100064197037125,"PC Merchandise","𝐏𝐑𝐈𝐂𝐄𝐋𝐈𝐒𝐓 𝟐𝟎𝟐𝟐 >>>
https://pcmerchandise.live/2022-COMSHOP-PACKAGES",,0,"12/23/2022 19:00",,https://www.facebook.com/pcmerchandise.co/posts/pfbid0yqm5mQ3UQsmNiA8EumK81cZDRrvXGGAV1cqDM8XXSRKaxjSYqHCxgdWy,0,0,Photos,,,,,12/20/2022,,,0,0,0,0,0,0,,,,,
981181766189591,100064197037125,"PC Merchandise","𝐏𝐑𝐈𝐂𝐄𝐋𝐈𝐒𝐓 𝟐𝟎𝟐𝟐 >>>
https://pcmerchandise.live/2022-COMSHOP-PACKAGES",,0,"12/23/2022 19:00",,https://www.facebook.com/pcmerchandise.co/posts/pfbid0yqm5mQ3UQsmNiA8EumK81cZDRrvXGGAV1cqDM8XXSRKaxjSYqHCxgdWy,0,0,Photos,,,,,12/21/2022,,,0,0,0,0,0,0,,,,,
981181766189591,100064197037125,"PC Merchandise","𝐏𝐑𝐈𝐂𝐄𝐋𝐈𝐒𝐓 𝟐𝟎𝟐𝟐 >>>
https://pcmerchandise.live/2022-COMSHOP-PACKAGES",,0,"12/23/2022 19:00",,https://www.facebook.com/pcmerchandise.co/posts/pfbid0yqm5mQ3UQsmNiA8EumK81cZDRrvXGGAV1cqDM8XXSRKaxjSYqHCxgdWy,0,0,Photos,,,,,12/22/2022,,,0,0,0,0,0,0,,,,,
981181766189591,100064197037125,"PC Merchandise","𝐏𝐑𝐈𝐂𝐄𝐋𝐈𝐒𝐓 𝟐𝟎𝟐𝟐 >>>
https://pcmerchandise.live/2022-COMSHOP-PACKAGES",,0,"12/23/2022 19:00",,https://www.facebook.com/pcmerchandise.co/posts/pfbid0yqm5mQ3UQsmNiA8EumK81cZDRrvXGGAV1cqDM8XXSRKaxjSYqHCxgdWy,0,0,Photos,,,,,12/23/2022,,,0,0,0,0,0,0,,,,,
981181766189591,100064197037125,"PC Merchandise","𝐏𝐑𝐈𝐂𝐄𝐋𝐈𝐒𝐓 𝟐𝟎𝟐𝟐 >>>
https://pcmerchandise.live/2022-COMSHOP-PACKAGES",,0,"12/23/2022 19:00",,https://www.facebook.com/pcmerchandise.co/posts/pfbid0yqm5mQ3UQsmNiA8EumK81cZDRrvXGGAV1cqDM8XXSRKaxjSYqHCxgdWy,0,0,Photos,,,,,12/24/2022,,,0,0,0,0,0,0,,,,,
981181766189591,100064197037125,"PC Merchandise","𝐏𝐑𝐈𝐂𝐄𝐋𝐈𝐒𝐓 𝟐𝟎𝟐𝟐 >>>
https://pcmerchandise.live/2022-COMSHOP-PACKAGES",,0,"12/23/2022 19:00",,https://www.facebook.com/pcmerchandise.co/posts/pfbid0yqm5mQ3UQsmNiA8EumK81cZDRrvXGGAV1cqDM8XXSRKaxjSYqHCxgdWy,0,0,Photos,,,,,12/25/2022,,,0,0,0,0,0,0,,,,,
981181766189591,100064197037125,"PC Merchandise","𝐏𝐑𝐈𝐂𝐄𝐋𝐈𝐒𝐓 𝟐𝟎𝟐𝟐 >>>
https://pcmerchandise.live/2022-COMSHOP-PACKAGES",,0,"12/23/2022 19:00",,https://www.facebook.com/pcmerchandise.co/posts/pfbid0yqm5mQ3UQsmNiA8EumK81cZDRrvXGGAV1cqDM8XXSRKaxjSYqHCxgdWy,0,0,Photos,,,,,12/26/2022,,,0,0,0,0,0,0,,,,,
981181766189591,100064197037125,"PC Merchandise","𝐏𝐑𝐈𝐂𝐄𝐋𝐈𝐒𝐓 𝟐𝟎𝟐𝟐 >>>
https://pcmerchandise.live/2022-COMSHOP-PACKAGES",,0,"12/23/2022 19:00",,https://www.facebook.com/pcmerchandise.co/posts/pfbid0yqm5mQ3UQsmNiA8EumK81cZDRrvXGGAV1cqDM8XXSRKaxjSYqHCxgdWy,0,0,Photos,,,,,12/27/2022,,,0,0,0,0,0,0,,,,,
981181766189591,100064197037125,"PC Merchandise","𝐏𝐑𝐈𝐂𝐄𝐋𝐈𝐒𝐓 𝟐𝟎𝟐𝟐 >>>
https://pcmerchandise.live/2022-COMSHOP-PACKAGES",,0,"12/23/2022 19:00",,https://www.facebook.com/pcmerchandise.co/posts/pfbid0yqm5mQ3UQsmNiA8EumK81cZDRrvXGGAV1cqDM8XXSRKaxjSYqHCxgdWy,0,0,Photos,,,,,12/28/2022,,,0,0,0,0,0,0,,,,,
981181766189591,100064197037125,"PC Merchandise","𝐏𝐑𝐈𝐂𝐄𝐋𝐈𝐒𝐓 𝟐𝟎𝟐𝟐 >>>
https://pcmerchandise.live/2022-COMSHOP-PACKAGES",,0,"12/23/2022 19:00",,https://www.facebook.com/pcmerchandise.co/posts/pfbid0yqm5mQ3UQsmNiA8EumK81cZDRrvXGGAV1cqDM8XXSRKaxjSYqHCxgdWy,0,0,Photos,,,,,12/29/2022,,,0,0,0,0,0,0,,,,,
981181766189591,100064197037125,"PC Merchandise","𝐏𝐑𝐈𝐂𝐄𝐋𝐈𝐒𝐓 𝟐𝟎𝟐𝟐 >>>
https://pcmerchandise.live/2022-COMSHOP-PACKAGES",,0,"12/23/2022 19:00",,https://www.facebook.com/pcmerchandise.co/posts/pfbid0yqm5mQ3UQsmNiA8EumK81cZDRrvXGGAV1cqDM8XXSRKaxjSYqHCxgdWy,0,0,Photos,,,,,12/30/2022,,,0,0,0,0,0,0,,,,,
981181766189591,100064197037125,"PC Merchandise","𝐏𝐑𝐈𝐂𝐄𝐋𝐈𝐒𝐓 𝟐𝟎𝟐𝟐 >>>
https://pcmerchandise.live/2022-COMSHOP-PACKAGES",,0,"12/23/2022 19:00",,https://www.facebook.com/pcmerchandise.co/posts/pfbid0yqm5mQ3UQsmNiA8EumK81cZDRrvXGGAV1cqDM8XXSRKaxjSYqHCxgdWy,0,0,Photos,,,,,12/31/2022,,,0,0,0,0,0,0,,,,,
980999498648811,100064197037125,"PC Merchandise","Sulit na sulit! i5 10400F package, ready for pickup or shipping nationwide 🚚",,0,"12/23/2022 19:00",,https://www.facebook.com/pcmerchandise.co/posts/pfbid0uwZulHHQ4HGvxcpzffm2uPco7obyKcdQ63qSNlGOnVVdX3PKhH4bcT9p,0,0,Photos,,,,,12/31/2022,1,,,,,,,,,,,,
980999498648811,100064197037125,"PC Merchandise","Sulit na sulit! i5 10400F package, ready for pickup or shipping nationwide 🚚",,0,"12/23/2022 19:00",,https://www.facebook.com/pcmerchandise.co/posts/pfbid0uwZulHHQ4HGvxcpzffm2uPco7obyKcdQ63qSNlGOnVVdX3PKhH4bcT9p,0,0,Photos,,,,,12/01/2022,,,0,0,0,0,0,0,,,,,
980999498648811,100064197037125,"PC Merchandise","Sulit na sulit! i5 10400F package, ready for pickup or shipping nationwide 🚚",,0,"12/23/2022 19:00",,https://www.facebook.com/pcmerchandise.co/posts/pfbid0uwZulHHQ4HGvxcpzffm2uPco7obyKcdQ63qSNlGOnVVdX3PKhH4bcT9p,0,0,Photos,,,,,12/02/2022,,,0,0,0,0,0,0,,,,,
980999498648811,100064197037125,"PC Merchandise","Sulit na sulit! i5 10400F package, ready for pickup or shipping nationwide 🚚",,0,"12/23/2022 19:00",,https://www.facebook.com/pcmerchandise.co/posts/pfbid0uwZulHHQ4HGvxcpzffm2uPco7obyKcdQ63qSNlGOnVVdX3PKhH4bcT9p,0,0,Photos,,,,,12/03/2022,,,0,0,0,0,0,0,,,,,
980999498648811,100064197037125,"PC Merchandise","Sulit na sulit! i5 10400F package, ready for pickup or shipping nationwide 🚚",,0,"12/23/2022 19:00",,https://www.facebook.com/pcmerchandise.co/posts/pfbid0uwZulHHQ4HGvxcpzffm2uPco7obyKcdQ63qSNlGOnVVdX3PKhH4bcT9p,0,0,Photos,,,,,12/04/2022,,,0,0,0,0,0,0,,,,,
980999498648811,100064197037125,"PC Merchandise","Sulit na sulit! i5 10400F package, ready for pickup or shipping nationwide 🚚",,0,"12/23/2022 19:00",,https://www.facebook.com/pcmerchandise.co/posts/pfbid0uwZulHHQ4HGvxcpzffm2uPco7obyKcdQ63qSNlGOnVVdX3PKhH4bcT9p,0,0,Photos,,,,,12/05/2022,,,0,0,0,0,0,0,,,,,
980999498648811,100064197037125,"PC Merchandise","Sulit na sulit! i5 10400F package, ready for pickup or shipping nationwide 🚚",,0,"12/23/2022 19:00",,https://www.facebook.com/pcmerchandise.co/posts/pfbid0uwZulHHQ4HGvxcpzffm2uPco7obyKcdQ63qSNlGOnVVdX3PKhH4bcT9p,0,0,Photos,,,,,12/06/2022,,,0,0,0,0,0,0,,,,,
980999498648811,100064197037125,"PC Merchandise","Sulit na sulit! i5 10400F package, ready for pickup or shipping nationwide 🚚",,0,"12/23/2022 19:00",,https://www.facebook.com/pcmerchandise.co/posts/pfbid0uwZulHHQ4HGvxcpzffm2uPco7obyKcdQ63qSNlGOnVVdX3PKhH4bcT9p,0,0,Photos,,,,,12/07/2022,,,0,0,0,0,0,0,,,,,
980999498648811,100064197037125,"PC Merchandise","Sulit na sulit! i5 10400F package, ready for pickup or shipping nationwide 🚚",,0,"12/23/2022 19:00",,https://www.facebook.com/pcmerchandise.co/posts/pfbid0uwZulHHQ4HGvxcpzffm2uPco7obyKcdQ63qSNlGOnVVdX3PKhH4bcT9p,0,0,Photos,,,,,12/08/2022,,,0,0,0,0,0,0,,,,,
980999498648811,100064197037125,"PC Merchandise","Sulit na sulit! i5 10400F package, ready for pickup or shipping nationwide 🚚",,0,"12/23/2022 19:00",,https://www.facebook.com/pcmerchandise.co/posts/pfbid0uwZulHHQ4HGvxcpzffm2uPco7obyKcdQ63qSNlGOnVVdX3PKhH4bcT9p,0,0,Photos,,,,,12/09/2022,,,0,0,0,0,0,0,,,,,
980999498648811,100064197037125,"PC Merchandise","Sulit na sulit! i5 10400F package, ready for pickup or shipping nationwide 🚚",,0,"12/23/2022 19:00",,https://www.facebook.com/pcmerchandise.co/posts/pfbid0uwZulHHQ4HGvxcpzffm2uPco7obyKcdQ63qSNlGOnVVdX3PKhH4bcT9p,0,0,Photos,,,,,12/10/2022,,,0,0,0,0,0,0,,,,,
980999498648811,100064197037125,"PC Merchandise","Sulit na sulit! i5 10400F package, ready for pickup or shipping nationwide 🚚",,0,"12/23/2022 19:00",,https://www.facebook.com/pcmerchandise.co/posts/pfbid0uwZulHHQ4HGvxcpzffm2uPco7obyKcdQ63qSNlGOnVVdX3PKhH4bcT9p,0,0,Photos,,,,,12/11/2022,,,0,0,0,0,0,0,,,,,
980999498648811,100064197037125,"PC Merchandise","Sulit na sulit! i5 10400F package, ready for pickup or shipping nationwide 🚚",,0,"12/23/2022 19:00",,https://www.facebook.com/pcmerchandise.co/posts/pfbid0uwZulHHQ4HGvxcpzffm2uPco7obyKcdQ63qSNlGOnVVdX3PKhH4bcT9p,0,0,Photos,,,,,12/12/2022,,,0,0,0,0,0,0,,,,,
980999498648811,100064197037125,"PC Merchandise","Sulit na sulit! i5 10400F package, ready for pickup or shipping nationwide 🚚",,0,"12/23/2022 19:00",,https://www.facebook.com/pcmerchandise.co/posts/pfbid0uwZulHHQ4HGvxcpzffm2uPco7obyKcdQ63qSNlGOnVVdX3PKhH4bcT9p,0,0,Photos,,,,,12/13/2022,,,0,0,0,0,0,0,,,,,
980999498648811,100064197037125,"PC Merchandise","Sulit na sulit! i5 10400F package, ready for pickup or shipping nationwide 🚚",,0,"12/23/2022 19:00",,https://www.facebook.com/pcmerchandise.co/posts/pfbid0uwZulHHQ4HGvxcpzffm2uPco7obyKcdQ63qSNlGOnVVdX3PKhH4bcT9p,0,0,Photos,,,,,12/14/2022,,,0,0,0,0,0,0,,,,,
980999498648811,100064197037125,"PC Merchandise","Sulit na sulit! i5 10400F package, ready for pickup or shipping nationwide 🚚",,0,"12/23/2022 19:00",,https://www.facebook.com/pcmerchandise.co/posts/pfbid0uwZulHHQ4HGvxcpzffm2uPco7obyKcdQ63qSNlGOnVVdX3PKhH4bcT9p,0,0,Photos,,,,,12/15/2022,,,0,0,0,0,0,0,,,,,
980999498648811,100064197037125,"PC Merchandise","Sulit na sulit! i5 10400F package, ready for pickup or shipping nationwide 🚚",,0,"12/23/2022 19:00",,https://www.facebook.com/pcmerchandise.co/posts/pfbid0uwZulHHQ4HGvxcpzffm2uPco7obyKcdQ63qSNlGOnVVdX3PKhH4bcT9p,0,0,Photos,,,,,12/16/2022,,,0,0,0,0,0,0,,,,,
980999498648811,100064197037125,"PC Merchandise","Sulit na sulit! i5 10400F package, ready for pickup or shipping nationwide 🚚",,0,"12/23/2022 19:00",,https://www.facebook.com/pcmerchandise.co/posts/pfbid0uwZulHHQ4HGvxcpzffm2uPco7obyKcdQ63qSNlGOnVVdX3PKhH4bcT9p,0,0,Photos,,,,,12/17/2022,,,0,0,0,0,0,0,,,,,
980999498648811,100064197037125,"PC Merchandise","Sulit na sulit! i5 10400F package, ready for pickup or shipping nationwide 🚚",,0,"12/23/2022 19:00",,https://www.facebook.com/pcmerchandise.co/posts/pfbid0uwZulHHQ4HGvxcpzffm2uPco7obyKcdQ63qSNlGOnVVdX3PKhH4bcT9p,0,0,Photos,,,,,12/18/2022,,,0,0,0,0,0,0,,,,,
980999498648811,100064197037125,"PC Merchandise","Sulit na sulit! i5 10400F package, ready for pickup or shipping nationwide 🚚",,0,"12/23/2022 19:00",,https://www.facebook.com/pcmerchandise.co/posts/pfbid0uwZulHHQ4HGvxcpzffm2uPco7obyKcdQ63qSNlGOnVVdX3PKhH4bcT9p,0,0,Photos,,,,,12/19/2022,,,0,0,0,0,0,0,,,,,
980999498648811,100064197037125,"PC Merchandise","Sulit na sulit! i5 10400F package, ready for pickup or shipping nationwide 🚚",,0,"12/23/2022 19:00",,https://www.facebook.com/pcmerchandise.co/posts/pfbid0uwZulHHQ4HGvxcpzffm2uPco7obyKcdQ63qSNlGOnVVdX3PKhH4bcT9p,0,0,Photos,,,,,12/20/2022,,,0,0,0,0,0,0,,,,,
980999498648811,100064197037125,"PC Merchandise","Sulit na sulit! i5 10400F package, ready for pickup or shipping nationwide 🚚",,0,"12/23/2022 19:00",,https://www.facebook.com/pcmerchandise.co/posts/pfbid0uwZulHHQ4HGvxcpzffm2uPco7obyKcdQ63qSNlGOnVVdX3PKhH4bcT9p,0,0,Photos,,,,,12/21/2022,,,0,0,0,0,0,0,,,,,
980999498648811,100064197037125,"PC Merchandise","Sulit na sulit! i5 10400F package, ready for pickup or shipping nationwide 🚚",,0,"12/23/2022 19:00",,https://www.facebook.com/pcmerchandise.co/posts/pfbid0uwZulHHQ4HGvxcpzffm2uPco7obyKcdQ63qSNlGOnVVdX3PKhH4bcT9p,0,0,Photos,,,,,12/22/2022,,,0,0,0,0,0,0,,,,,
980999498648811,100064197037125,"PC Merchandise","Sulit na sulit! i5 10400F package, ready for pickup or shipping nationwide 🚚",,0,"12/23/2022 19:00",,https://www.facebook.com/pcmerchandise.co/posts/pfbid0uwZulHHQ4HGvxcpzffm2uPco7obyKcdQ63qSNlGOnVVdX3PKhH4bcT9p,0,0,Photos,,,,,12/23/2022,,,0,0,0,0,0,0,,,,,
980999498648811,100064197037125,"PC Merchandise","Sulit na sulit! i5 10400F package, ready for pickup or shipping nationwide 🚚",,0,"12/23/2022 19:00",,https://www.facebook.com/pcmerchandise.co/posts/pfbid0uwZulHHQ4HGvxcpzffm2uPco7obyKcdQ63qSNlGOnVVdX3PKhH4bcT9p,0,0,Photos,,,,,12/24/2022,,,0,0,0,0,0,0,,,,,
980999498648811,100064197037125,"PC Merchandise","Sulit na sulit! i5 10400F package, ready for pickup or shipping nationwide 🚚",,0,"12/23/2022 19:00",,https://www.facebook.com/pcmerchandise.co/posts/pfbid0uwZulHHQ4HGvxcpzffm2uPco7obyKcdQ63qSNlGOnVVdX3PKhH4bcT9p,0,0,Photos,,,,,12/25/2022,,,0,0,0,0,0,0,,,,,
980999498648811,100064197037125,"PC Merchandise","Sulit na sulit! i5 10400F package, ready for pickup or shipping nationwide 🚚",,0,"12/23/2022 19:00",,https://www.facebook.com/pcmerchandise.co/posts/pfbid0uwZulHHQ4HGvxcpzffm2uPco7obyKcdQ63qSNlGOnVVdX3PKhH4bcT9p,0,0,Photos,,,,,12/26/2022,,,0,0,0,0,0,0,,,,,
980999498648811,100064197037125,"PC Merchandise","Sulit na sulit! i5 10400F package, ready for pickup or shipping nationwide 🚚",,0,"12/23/2022 19:00",,https://www.facebook.com/pcmerchandise.co/posts/pfbid0uwZulHHQ4HGvxcpzffm2uPco7obyKcdQ63qSNlGOnVVdX3PKhH4bcT9p,0,0,Photos,,,,,12/27/2022,,,0,0,0,0,0,0,,,,,
980999498648811,100064197037125,"PC Merchandise","Sulit na sulit! i5 10400F package, ready for pickup or shipping nationwide 🚚",,0,"12/23/2022 19:00",,https://www.facebook.com/pcmerchandise.co/posts/pfbid0uwZulHHQ4HGvxcpzffm2uPco7obyKcdQ63qSNlGOnVVdX3PKhH4bcT9p,0,0,Photos,,,,,12/28/2022,,,0,0,0,0,0,0,,,,,
980999498648811,100064197037125,"PC Merchandise","Sulit na sulit! i5 10400F package, ready for pickup or shipping nationwide 🚚",,0,"12/23/2022 19:00",,https://www.facebook.com/pcmerchandise.co/posts/pfbid0uwZulHHQ4HGvxcpzffm2uPco7obyKcdQ63qSNlGOnVVdX3PKhH4bcT9p,0,0,Photos,,,,,12/29/2022,,,0,0,0,0,0,0,,,,,
980999498648811,100064197037125,"PC Merchandise","Sulit na sulit! i5 10400F package, ready for pickup or shipping nationwide 🚚",,0,"12/23/2022 19:00",,https://www.facebook.com/pcmerchandise.co/posts/pfbid0uwZulHHQ4HGvxcpzffm2uPco7obyKcdQ63qSNlGOnVVdX3PKhH4bcT9p,0,0,Photos,,,,,12/30/2022,,,0,0,0,0,0,0,,,,,
980999498648811,100064197037125,"PC Merchandise","Sulit na sulit! i5 10400F package, ready for pickup or shipping nationwide 🚚",,0,"12/23/2022 19:00",,https://www.facebook.com/pcmerchandise.co/posts/pfbid0uwZulHHQ4HGvxcpzffm2uPco7obyKcdQ63qSNlGOnVVdX3PKhH4bcT9p,0,0,Photos,,,,,12/31/2022,,,0,0,0,0,0,0,,,,,
981034393941423,100064197037125,"PC Merchandise","Pa-mine na yan! i5 10400F gaming build, limited slots only this week.",,0,"12/22/2022 22:01",,https://www.facebook.com/pcmerchandise.co/posts/pfbid0woBzGIkQPGGw4ZZR1syHEgUeEIDLidajQpWYBIJaB9dFCoTjEbblXcp5,0,0,Photos,,,,,12/31/2022,0,,,,,,,,,,,,
981034393941423,100064197037125,"PC Merchandise","Pa-mine na yan! i5 10400F gaming build, limited slots only this week.",,0,"12/22/2022 22:01",,https://www.facebook.com/pcmerchandise.co/posts/pfbid0woBzGIkQPGGw4ZZR1syHEgUeEIDLidajQpWYBIJaB9dFCoTjEbblXcp5,0,0,Photos,,,,,12/01/2022,,,0,0,0,0,0,0,,,,,
981034393941423,100064197037125,"PC Merchandise","Pa-mine na yan! i5 10400F gaming build, limited slots only this week.",,0,"12/22/2022 22:01",,https://www.facebook.com/pcmerchandise.co/posts/pfbid0woBzGIkQPGGw4ZZR1syHEgUeEIDLidajQpWYBIJaB9dFCoTjEbblXcp5,0,0,Photos,,,,,12/02/2022,,,0,0,0,0,0,0,,,,,
981034393941423,100064197037125,"PC Merchandise","Pa-mine na yan! i5 10400F gaming build, limited slots only this week.",,0,"12/22/2022 22:01",,https://www.facebook.com/pcmerchandise.co/posts/pfbid0woBzGIkQPGGw4ZZR1syHEgUeEIDLidajQpWYBIJaB9dFCoTjEbblXcp5,0,0,Photos,,,,,12/03/2022,,,0,0,0,0,0,0,,,,,
981034393941423,100064197037125,"PC Merchandise","Pa-mine na yan! i5 10400F gaming build, limited slots only this week.",,0,"12/22/2022 22:01",,https://www.facebook.com/pcmerchandise.co/posts/pfbid0woBzGIkQPGGw4ZZR1syHEgUeEIDLidajQpWYBIJaB9dFCoTjEbblXcp5,0,0,Photos,,,,,12/04/2022,,,0,0,0,0,0,0,,,,,
981034393941423,100064197037125,"PC Merchandise","Pa-mine na yan! i5 10400F gaming build, limited slots only this week.",,0,"12/22/2022 22:01",,https://www.facebook.com/pcmerchandise.co/posts/pfbid0woBzGIkQPGGw4ZZR1syHEgUeEIDLidajQpWYBIJaB9dFCoTjEbblXcp5,0,0,Photos,,,,,12/05/2022,,,0,0,0,0,0,0,,,,,
981034393941423,100064197037125,"PC Merchandise","Pa-mine na yan! i5 10400F gaming build, limited slots only this week.",,0,"12/22/2022 22:01",,https://www.facebook.com/pcmerchandise.co/posts/pfbid0woBzGIkQPGGw4ZZR1syHEgUeEIDLidajQpWYBIJaB9dFCoTjEbblXcp5,0,0,Photos,,,,,12/06/2022,,,0,0,0,0,0,0,,,,,
981034393941423,100064197037125,"PC Merchandise","Pa-mine na yan! i5 10400F gaming build, limited slots only this week.",,0,"12/22/2022 22:01",,https://www.facebook.com/pcmerchandise.co/posts/pfbid0woBzGIkQPGGw4ZZR1syHEgUeEIDLidajQpWYBIJaB9dFCoTjEbblXcp5,0,0,Photos,,,,,12/07/2022,,,0,0,0,0,0,0,,,,,
981034393941423,100064197037125,"PC Merchandise","Pa-mine na yan! i5 10400F gaming build, limited slots only this week.",,0,"12/22/2022 22:01",,https://www.facebook.com/pcmerchandise.co/posts/pfbid0woBzGIkQPGGw4ZZR1syHEgUeEIDLidajQpWYBIJaB9dFCoTjEbblXcp5,0,0,Photos,,,,,12/08/2022,,,0,0,0,0,0,0,,,,,
981034393941423,100064197037125,"PC Merchandise","Pa-mine na yan! i5 10400F gaming build, limited slots only this week.",,0,"12/22/2022 22:01",,https://www.facebook.com/pcmerchandise.co/posts/pfbid0woBzGIkQPGGw4ZZR1syHEgUeEIDLidajQpWYBIJaB9dFCoTjEbblXcp5,0,0,Photos,,,,,12/09/2022,,,0,0,0,0,0,0,,,,,
981034393941423,100064197037125,"PC Merchandise","Pa-mine na yan! i5 10400F gaming build, limited slots only this week.",,0,"12/22/2022 22:01",,https://www.facebook.com/pcmerchandise.co/posts/pfbid0woBzGIkQPGGw4ZZR1syHEgUeEIDLidajQpWYBIJaB9dFCoTjEbblXcp5,0,0,Photos,,,,,12/10/2022,,,0,0,0,0,0,0,,,,,
981034393941423,100064197037125,"PC Merchandise","Pa-mine na yan! i5 10400F gaming build, limited slots only this week.",,0,"12/22/2022 22:01",,https://www.facebook.com/pcmerchandise.co/posts/pfbid0woBzGIkQPGGw4ZZR1syHEgUeEIDLidajQpWYBIJaB9dFCoTjEbblXcp5,0,0,Photos,,,,,12/11/2022,,,0,0,0,0,0,0,,,,,
981034393941423,100064197037125,"PC Merchandise","Pa-mine na yan! i5 10400F gaming build, limited slots only this week.",,0,"12/22/2022 22:01",,https://www.facebook.com/pcmerchandise.co/posts/pfbid0woBzGIkQPGGw4ZZR1syHEgUeEIDLidajQpWYBIJaB9dFCoTjEbblXcp5,0,0,Photos,,,,,12/12/2022,,,0,0,0,0,0,0,,,,,
981034393941423,100064197037125,"PC Merchandise","Pa-mine na yan! i5 10400F gaming build, limited slots only this week.",,0,"12/22/2022 22:01",,https://www.facebook.com/pcmerchandise.co/posts/pfbid0woBzGIkQPGGw4ZZR1syHEgUeEIDLidajQpWYBIJaB9dFCoTjEbblXcp5,0,0,Photos,,,,,12/13/2022,,,0,0,0,0,0,0,,,,,
981034393941423,100064197037125,"PC Merchandise","Pa-mine na yan! i5 10400F gaming build, limited slots only this week.",,0,"12/22/2022 22:01",,https://www.facebook.com/pcmerchandise.co/posts/pfbid0woBzGIkQPGGw4ZZR1syHEgUeEIDLidajQpWYBIJaB9dFCoTjEbblXcp5,0,0,Photos,,,,,12/14/2022,,,0,0,0,0,0,0,,,,,
981034393941423,100064197037125,"PC Merchandise","Pa-mine na yan! i5 10400F gaming build, limited slots only this week.",,0,"12/22/2022 22:01",,https://www.facebook.com/pcmerchandise.co/posts/pfbid0woBzGIkQPGGw4ZZR1syHEgUeEIDLidajQpWYBIJaB9dFCoTjEbblXcp5,0,0,Photos,,,,,12/15/2022,,,0,0,0,0,0,0,,,,,
981034393941423,100064197037125,"PC Merchandise","Pa-mine na yan! i5 10400F gaming build, limited slots only this week.",,0,"12/22/2022 22:01",,https://www.facebook.com/pcmerchandise.co/posts/pfbid0woBzGIkQPGGw4ZZR1syHEgUeEIDLidajQpWYBIJaB9dFCoTjEbblXcp5,0,0,Photos,,,,,12/16/2022,,,0,0,0,0,0,0,,,,,
981034393941423,100064197037125,"PC Merchandise","Pa-mine na yan! i5 10400F gaming build, limited slots only this week.",,0,"12/22/2022 22:01",,https://www.facebook.com/pcmerchandise.co/posts/pfbid0woBzGIkQPGGw4ZZR1syHEgUeEIDLidajQpWYBIJaB9dFCoTjEbblXcp5,0,0,Photos,,,,,12/17/2022,,,0,0,0,0,0,0,,,,,
981034393941423,100064197037125,"PC Merchandise","Pa-mine na yan! i5 10400F gaming build, limited slots only this week.",,0,"12/22/2022 22:01",,https://www.facebook.com/pcmerchandise.co/posts/pfbid0woBzGIkQPGGw4ZZR1syHEgUeEIDLidajQpWYBIJaB9dFCoTjEbblXcp5,0,0,Photos,,,,,12/18/2022,,,0,0,0,0,0,0,,,,,
981034393941423,100064197037125,"PC Merchandise","Pa-mine na yan! i5 10400F gaming build, limited slots only this week.",,0,"12/22/2022 22:01",,https://www.facebook.com/pcmerchandise.co/posts/pfbid0woBzGIkQPGGw4ZZR1syHEgUeEIDLidajQpWYBIJaB9dFCoTjEbblXcp5,0,0,Photos,,,,,12/19/2022,,,0,0,0,0,0,0,,,,,
981034393941423,100064197037125,"PC Merchandise","Pa-mine na yan! i5 10400F gaming build, limited slots only this week.",,0,"12/22/2022 22:01",,https://www.facebook.com/pcmerchandise.co/posts/pfbid0woBzGIkQPGGw4ZZR1syHEgUeEIDLidajQpWYBIJaB9dFCoTjEbblXcp5,0,0,Photos,,,,,12/20/2022,,,0,0,0,0,0,0,,,,,
981034393941423,100064197037125,"PC Merchandise","Pa-mine na yan! i5 10400F gaming build, limited slots only this week.",,0,"12/22/2022 22:01",,https://www.facebook.com/pcmerchandise.co/posts/pfbid0woBzGIkQPGGw4ZZR1syHEgUeEIDLidajQpWYBIJaB9dFCoTjEbblXcp5,0,0,Photos,,,,,12/21/2022,,,0,0,0,0,0,0,,,,,
981034393941423,100064197037125,"PC Merchandise","Pa-mine na yan! i5 10400F gaming build, limited slots only this week.",,0,"12/22/2022 22:01",,https://www.facebook.com/pcmerchandise.co/posts/pfbid0woBzGIkQPGGw4ZZR1syHEgUeEIDLidajQpWYBIJaB9dFCoTjEbblXcp5,0,0,Photos,,,,,12/22/2022,,,0,0,0,0,0,0,,,,,
981034393941423,100064197037125,"PC Merchandise","Pa-mine na yan! i5 10400F gaming build, limited slots only this week.",,0,"12/22/2022 22:01",,https://www.facebook.com/pcmerchandise.co/posts/pfbid0woBzGIkQPGGw4ZZR1syHEgUeEIDLidajQpWYBIJaB9dFCoTjEbblXcp5,0,0,Photos,,,,,12/23/2022,,,0,0,0,0,0,0,,,,,
981034393941423,100064197037125,"PC Merchandise","Pa-mine na yan! i5 10400F gaming build, limited slots only this week.",,0,"12/22/2022 22:01",,https://www.facebook.com/pcmerchandise.co/posts/pfbid0woBzGIkQPGGw4ZZR1syHEgUeEIDLidajQpWYBIJaB9dFCoTjEbblXcp5,0,0,Photos,,,,,12/24/2022,,,0,0,0,0,0,0,,,,,
981034393941423,100064197037125,"PC Merchandise","Pa-mine na yan! i5 10400F gaming build, limited slots only this week.",,0,"12/22/2022 22:01",,https://www.facebook.com/pcmerchandise.co/posts/pfbid0woBzGIkQPGGw4ZZR1syHEgUeEIDLidajQpWYBIJaB9dFCoTjEbblXcp5,0,0,Photos,,,,,12/25/2022,,,0,0,0,0,0,0,,,,,
981034393941423,100064197037125,"PC Merchandise","Pa-mine na yan! i5 10400F gaming build, limited slots only this week.",,0,"12/22/2022 22:01",,https://www.facebook.com/pcmerchandise.co/posts/pfbid0woBzGIkQPGGw4ZZR1syHEgUeEIDLidajQpWYBIJaB9dFCoTjEbblXcp5,0,0,Photos,,,,,12/26/2022,,,0,0,0,0,0,0,,,,,
981034393941423,100064197037125,"PC Merchandise","Pa-mine na yan! i5 10400F gaming build, limited slots only this week.",,0,"12/22/2022 22:01",,https://www.facebook.com/pcmerchandise.co/posts/pfbid0woBzGIkQPGGw4ZZR1syHEgUeEIDLidajQpWYBIJaB9dFCoTjEbblXcp5,0,0,Photos,,,,,12/27/2022,,,0,0,0,0,0,0,,,,,
981034393941423,100064197037125,"PC Merchandise","Pa-mine na yan! i5 10400F gaming build, limited slots only this week.",,0,"12/22/2022 22:01",,https://www.facebook.com/pcmerchandise.co/posts/pfbid0woBzGIkQPGGw4ZZR1syHEgUeEIDLidajQpWYBIJaB9dFCoTjEbblXcp5,0,0,Photos,,,,,12/28/2022,,,0,0,0,0,0,0,,,,,
981034393941423,100064197037125,"PC Merchandise","Pa-mine na yan! i5 10400F gaming build, limited slots only this week.",,0,"12/22/2022 22:01",,https://www.facebook.com/pcmerchandise.co/posts/pfbid0woBzGIkQPGGw4ZZR1syHEgUeEIDLidajQpWYBIJaB9dFCoTjEbblXcp5,0,0,Photos,,,,,12/29/2022,,,0,0,0,0,0,0,,,,,
981034393941423,100064197037125,"PC Merchandise","Pa-mine na yan! i5 10400F gaming build, limited slots only this week.",,0,"12/22/2022 22:01",,https://www.facebook.com/pcmerchandise.co/posts/pfbid0woBzGIkQPGGw4ZZR1syHEgUeEIDLidajQpWYBIJaB9dFCoTjEbblXcp5,0,0,Photos,,,,,12/30/2022,,,0,0,0,0,0,0,,,,,
981034393941423,100064197037125,"PC Merchandise","Pa-mine na yan! i5 10400F gaming build, limited slots only this week.",,0,"12/22/2022 22:01",,https://www.facebook.com/pcmerchandise.co/posts/pfbid0woBzGIkQPGGw4ZZR1syHEgUeEIDLidajQpWYBIJaB9dFCoTjEbblXcp5,0,0,Photos,,,,,12/31/2022,,,0,0,0,0,0,0,,,,,
981455968685350,100064197037125,"PC Merchandise","READY STOCK: RYZEN 5 2600 / GTX 1050TI builds. Same-day assembly. PM NOW!",,0,"12/22/2022 19:15",,https://www.facebook.com/pcmerchandise.co/posts/pfbid0XrCvnmBczjMIYZSx2Vy75Q2zaf8lV80QXghZgBpp4ZI48RmmasgJUHpm,0,0,Photos,,,,,12/31/2022,0,,,,,,,,,,,,
981455968685350,100064197037125,"PC Merchandise","READY STOCK: RYZEN 5 2600 / GTX 1050TI builds. Same-day assembly. PM NOW!",,0,"12/22/2022 19:15",,https://www.facebook.com/pcmerchandise.co/posts/pfbid0XrCvnmBczjMIYZSx2Vy75Q2zaf8lV80QXghZgBpp4ZI48RmmasgJUHpm,0,0,Photos,,,,,12/01/2022,,,0,0,0,0,0,0,,,,,
981455968685350,100064197037125,"PC Merchandise","READY STOCK: RYZEN 5 2600 / GTX 1050TI builds. Same-day assembly. PM NOW!",,0,"12/22/2022 19:15",,https://www.facebook.com/pcmerchandise.co/posts/pfbid0XrCvnmBczjMIYZSx2Vy75Q2zaf8lV80QXghZgBpp4ZI48RmmasgJUHpm,0,0,Photos,,,,,12/02/2022,,,0,0,0,0,0,0,,,,,
981455968685350,100064197037125,"PC Merchandise","READY STOCK: RYZEN 5 2600 / GTX 1050TI builds. Same-day assembly. PM NOW!",,0,"12/22/2022 19:15",,https://www.facebook.com/pcmerchandise.co/posts/pfbid0XrCvnmBczjMIYZSx2Vy75Q2zaf8lV80QXghZgBpp4ZI48RmmasgJUHpm,0,0,Photos,,,,,12/03/2022,,,0,0,0,0,0,0,,,,,
981455968685350,100064197037125,"PC Merchandise","READY STOCK: RYZEN 5 2600 / GTX 1050TI builds. Same-day assembly. PM NOW!",,0,"12/22/2022 19:15",,https://www.facebook.com/pcmerchandise.co/posts/pfbid0XrCvnmBczjMIYZSx2Vy75Q2zaf8lV80QXghZgBpp4ZI48RmmasgJUHpm,0,0,Photos,,,,,12/04/2022,,,0,0,0,0,0,0,,,,,
981455968685350,100064197037125,"PC Merchandise","READY STOCK: RYZEN 5 2600 / GTX 1050TI builds. Same-day assembly. PM NOW!",,0,"12/22/2022 19:15",,https://www.facebook.com/pcmerchandise.co/posts/pfbid0XrCvnmBczjMIYZSx2Vy75Q2zaf8lV80QXghZgBpp4ZI48RmmasgJUHpm,0,0,Photos,,,,,12/05/2022,,,0,0,0,0,0,0,,,,,
981455968685350,100064197037125,"PC Merchandise","READY STOCK: RYZEN 5 2600 / GTX 1050TI builds. Same-day assembly. PM NOW!",,0,"12/22/2022 19:15",,https://www.facebook.com/pcmerchandise.co/posts/pfbid0XrCvnmBczjMIYZSx2Vy75Q2zaf8lV80QXghZgBpp4ZI48RmmasgJUHpm,0,0,Photos,,,,,12/06/2022,,,0,0,0,0,0,0,,,,,
981455968685350,100064197037125,"PC Merchandise","READY STOCK: RYZEN 5 2600 / GTX 1050TI builds. Same-day assembly. PM NOW!",,0,"12/22/2022 19:15",,https://www.facebook.com/pcmerchandise.co/posts/pfbid0XrCvnmBczjMIYZSx2Vy75Q2zaf8lV80QXghZgBpp4ZI48RmmasgJUHpm,0,0,Photos,,,,,12/07/2022,,,0,0,0,0,0,0,,,,,
981455968685350,100064197037125,"PC Merchandise","READY STOCK: RYZEN 5 2600 / GTX 1050TI builds. Same-day assembly. PM NOW!",,0,"12/22/2022 19:15",,https://www.facebook.com/pcmerchandise.co/posts/pfbid0XrCvnmBczjMIYZSx2Vy75Q2zaf8lV80QXghZgBpp4ZI48RmmasgJUHpm,0,0,Photos,,,,,12/08/2022,,,0,0,0,0,0,0,,,,,
981455968685350,100064197037125,"PC Merchandise","READY STOCK: RYZEN 5 2600 / GTX 1050TI builds. Same-day assembly. PM NOW!",,0,"12/22/2022 19:15",,https://www.facebook.com/pcmerchandise.co/posts/pfbid0XrCvnmBczjMIYZSx2Vy75Q2zaf8lV80QXghZgBpp4ZI48RmmasgJUHpm,0,0,Photos,,,,,12/09/2022,,,0,0,0,0,0,0,,,,,
981455968685350,100064197037125,"PC Merchandise","READY STOCK: RYZEN 5 2600 / GTX 1050TI builds. Same-day assembly. PM NOW!",,0,"12/22/2022 19:15",,https://www.facebook.com/pcmerchandise.co/posts/pfbid0XrCvnmBczjMIYZSx2Vy75Q2zaf8lV80QXghZgBpp4ZI48RmmasgJUHpm,0,0,Photos,,,,,12/10/2022,,,0,0,0,0,0,0,,,,,
981455968685350,100064197037125,"PC Merchandise","READY STOCK: RYZEN 5 2600 / GTX 1050TI builds. Same-day assembly. PM NOW!",,0,"12/22/2022 19:15",,https://www.facebook.com/pcmerchandise.co/posts/pfbid0XrCvnmBczjMIYZSx2Vy75Q2zaf8lV80QXghZgBpp4ZI48RmmasgJUHpm,0,0,Photos,,,,,12/11/2022,,,0,0,0,0,0,0,,,,,
981455968685350,100064197037125,"PC Merchandise","READY STOCK: RYZEN 5 2600 / GTX 1050TI builds. Same-day assembly. PM NOW!",,0,"12/22/2022 19:15",,https://www.facebook.com/pcmerchandise.co/posts/pfbid0XrCvnmBczjMIYZSx2Vy75Q2zaf8lV80QXghZgBpp4ZI48RmmasgJUHpm,0,0,Photos,,,,,12/12/2022,,,0,0,0,0,0,0,,,,,
981455968685350,100064197037125,"PC Merchandise","READY STOCK: RYZEN 5 2600 / GTX 1050TI builds. Same-day assembly. PM NOW!",,0,"12/22/2022 19:15",,https://www.facebook.com/pcmerchandise.co/posts/pfbid0XrCvnmBczjMIYZSx2Vy75Q2zaf8lV80QXghZgBpp4ZI48RmmasgJUHpm,0,0,Photos,,,,,12/13/2022,,,0,0,0,0,0,0,,,,,
981455968685350,100064197037125,"PC Merchandise","READY STOCK: RYZEN 5 2600 / GTX 1050TI builds. Same-day assembly. PM NOW!",,0,"12/22/2022 19:15",,https://www.facebook.com/pcmerchandise.co/posts/pfbid0XrCvnmBczjMIYZSx2Vy75Q2zaf8lV80QXghZgBpp4ZI48RmmasgJUHpm,0,0,Photos,,,,,12/14/2022,,,0,0,0,0,0,0,,,,,
981455968685350,100064197037125,"PC Merchandise","READY STOCK: RYZEN 5 2600 / GTX 1050TI builds. Same-day assembly. PM NOW!",,0,"12/22/2022 19:15",,https://www.facebook.com/pcmerchandise.co/posts/pfbid0XrCvnmBczjMIYZSx2Vy75Q2zaf8lV80QXghZgBpp4ZI48RmmasgJUHpm,0,0,Photos,,,,,12/15/2022,,,0,0,0,0,0,0,,,,,
981455968685350,100064197037125,"PC Merchandise","READY STOCK: RYZEN 5 2600 / GTX 1050TI builds. Same-day assembly. PM NOW!",,0,"12/22/2022 19:15",,https://www.facebook.com/pcmerchandise.co/posts/pfbid0XrCvnmBczjMIYZSx2Vy75Q2zaf8lV80QXghZgBpp4ZI48RmmasgJUHpm,0,0,Photos,,,,,12/16/2022,,,0,0,0,0,0,0,,,,,
981455968685350,100064197037125,"PC Merchandise","READY STOCK: RYZEN 5 2600 / GTX 1050TI builds. Same-day assembly. PM NOW!",,0,"12/22/2022 19:15",,https://www.facebook.com/pcmerchandise.co/posts/pfbid0XrCvnmBczjMIYZSx2Vy75Q2zaf8lV80QXghZgBpp4ZI48RmmasgJUHpm,0,0,Photos,,,,,12/17/2022,,,0,0,0,0,0,0,,,,,
981455968685350,100064197037125,"PC Merchandise","READY STOCK: RYZEN 5 2600 / GTX 1050TI builds. Same-day assembly. PM NOW!",,0,"12/22/2022 19:15",,https://www.facebook.com/pcmerchandise.co/posts/pfbid0XrCvnmBczjMIYZSx2Vy75Q2zaf8lV80QXghZgBpp4ZI48RmmasgJUHpm,0,0,Photos,,,,,12/18/2022,,,0,0,0,0,0,0,,,,,
981455968685350,100064197037125,"PC Merchandise","READY STOCK: RYZEN 5 2600 / GTX 1050TI builds. Same-day assembly. PM NOW!",,0,"12/22/2022 19:15",,https://www.facebook.com/pcmerchandise.co/posts/pfbid0XrCvnmBczjMIYZSx2Vy75Q2zaf8lV80QXghZgBpp4ZI48RmmasgJUHpm,0,0,Photos,,,,,12/19/2022,,,0,0,0,0,0,0,,,,,
981455968685350,100064197037125,"PC Merchandise","READY STOCK: RYZEN 5 2600 / GTX 1050TI builds. Same-day assembly. PM NOW!",,0,"12/22/2022 19:15",,https://www.facebook.com/pcmerchandise.co/posts/pfbid0XrCvnmBczjMIYZSx2Vy75Q2zaf8lV80QXghZgBpp4ZI48RmmasgJUHpm,0,0,Photos,,,,,12/20/2022,,,0,0,0,0,0,0,,,,,
981455968685350,100064197037125,"PC Merchandise","READY STOCK: RYZEN 5 2600 / GTX 1050TI builds. Same-day assembly. PM NOW!",,0,"12/22/2022 19:15",,https://www.facebook.com/pcmerchandise.co/posts/pfbid0XrCvnmBczjMIYZSx2Vy75Q2zaf8lV80QXghZgBpp4ZI48RmmasgJUHpm,0,0,Photos,,,,,12/21/2022,,,0,0,0,0,0,0,,,,,
981455968685350,100064197037125,"PC Merchandise","READY STOCK: RYZEN 5 2600 / GTX 1050TI builds. Same-day assembly. PM NOW!",,0,"12/22/2022 19:15",,https://www.facebook.com/pcmerchandise.co/posts/pfbid0XrCvnmBczjMIYZSx2Vy75Q2zaf8lV80QXghZgBpp4ZI48RmmasgJUHpm,0,0,Photos,,,,,12/22/2022,,,0,0,0,0,0,0,,,,,
981455968685350,100064197037125,"PC Merchandise","READY STOCK: RYZEN 5 2600 / GTX 1050TI builds. Same-day assembly. PM NOW!",,0,"12/22/2022 19:15",,https://www.facebook.com/pcmerchandise.co/posts/pfbid0XrCvnmBczjMIYZSx2Vy75Q2zaf8lV80QXghZgBpp4ZI48RmmasgJUHpm,0,0,Photos,,,,,12/23/2022,,,0,0,0,0,0,0,,,,,
981455968685350,100064197037125,"PC Merchandise","READY STOCK: RYZEN 5 2600 / GTX 1050TI builds. Same-day assembly. PM NOW!",,0,"12/22/2022 19:15",,https://www.facebook.com/pcmerchandise.co/posts/pfbid0XrCvnmBczjMIYZSx2Vy75Q2zaf8lV80QXghZgBpp4ZI48RmmasgJUHpm,0,0,Photos,,,,,12/24/2022,,,0,0,0,0,0,0,,,,,
981455968685350,100064197037125,"PC Merchandise","READY STOCK: RYZEN 5 2600 / GTX 1050TI builds. Same-day assembly. PM NOW!",,0,"12/22/2022 19:15",,https://www.facebook.com/pcmerchandise.co/posts/pfbid0XrCvnmBczjMIYZSx2Vy75Q2zaf8lV80QXghZgBpp4ZI48RmmasgJUHpm,0,0,Photos,,,,,12/25/2022,,,0,0,0,0,0,0,,,,,
981455968685350,100064197037125,"PC Merchandise","READY STOCK: RYZEN 5 2600 / GTX 1050TI builds. Same-day assembly. PM NOW!",,0,"12/22/2022 19:15",,https://www.facebook.com/pcmerchandise.co/posts/pfbid0XrCvnmBczjMIYZSx2Vy75Q2zaf8lV80QXghZgBpp4ZI48RmmasgJUHpm,0,0,Photos,,,,,12/26/2022,,,0,0,0,0,0,0,,,,,
981455968685350,100064197037125,"PC Merchandise","READY STOCK: RYZEN 5 2600 / GTX 1050TI builds. Same-day assembly. PM NOW!",,0,"12/22/2022 19:15",,https://www.facebook.com/pcmerchandise.co/posts/pfbid0XrCvnmBczjMIYZSx2Vy75Q2zaf8lV80QXghZgBpp4ZI48RmmasgJUHpm,0,0,Photos,,,,,12/27/2022,,,0,0,0,0,0,0,,,,,
981455968685350,100064197037125,"PC Merchandise","READY STOCK: RYZEN 5 2600 / GTX 1050TI builds. Same-day assembly. PM NOW!",,0,"12/22/2022 19:15",,https://www.facebook.com/pcmerchandise.co/posts/pfbid0XrCvnmBczjMIYZSx2Vy75Q2zaf8lV80QXghZgBpp4ZI48RmmasgJUHpm,0,0,Photos,,,,,12/28/2022,,,0,0,0,0,0,0,,,,,
981455968685350,100064197037125,"PC Merchandise","READY STOCK: RYZEN 5 2600 / GTX 1050TI builds. Same-day assembly. PM NOW!",,0,"12/22/2022 19:15",,https://www.facebook.com/pcmerchandise.co/posts/pfbid0XrCvnmBczjMIYZSx2Vy75Q2zaf8lV80QXghZgBpp4ZI48RmmasgJUHpm,0,0,Photos,,,,,12/29/2022,,,0,0,0,0,0,0,,,,,
981455968685350,100064197037125,"PC Merchandise","READY STOCK: RYZEN 5 2600 / GTX 1050TI builds. Same-day assembly. PM NOW!",,0,"12/22/2022 19:15",,https://www.facebook.com/pcmerchandise.co/posts/pfbid0XrCvnmBczjMIYZSx2Vy75Q2zaf8lV80QXghZgBpp4ZI48RmmasgJUHpm,0,0,Photos,,,,,12/30/2022,,,0,0,0,0,0,0,,,,,
981455968685350,100064197037125,"PC Merchandise","READY STOCK: RYZEN 5 2600 / GTX 1050TI builds. Same-day assembly. PM NOW!",,0,"12/22/2022 19:15",,https://www.facebook.com/pcmerchandise.co/posts/pfbid0XrCvnmBczjMIYZSx2Vy75Q2zaf8lV80QXghZgBpp4ZI48RmmasgJUHpm,0,0,Photos,,,,,12/31/2022,,,0,0,0,0,0,0,,,,,
980706725176742,100064197037125,"PC Merchandise","𝐏𝐑𝐈𝐂𝐄𝐋𝐈𝐒𝐓 𝟐𝟎𝟐𝟐 >>>
https://pcmerchandise.live/2022-COMSHOP-PACKAGES",,0,"12/22/2022 02:00",,https://www.facebook.com/pcmerchandise.co/posts/pfbid0IUHvNgdt5lR6CBQsORRxz6mk5myCkCSEkPFiaLGIbmiC4lV4ZMxiEIeb,0,0,Photos,,,,,12/31/2022,0,,,,,,,,,,,,
980706725176742,100064197037125,"PC Merchandise","𝐏𝐑𝐈𝐂𝐄𝐋𝐈𝐒𝐓 𝟐𝟎𝟐𝟐 >>>
https://pcmerchandise.live/2022-COMSHOP-PACKAGES",,0,"12/22/2022 02:00",,https://www.facebook.com/pcmerchandise.co/posts/pfbid0IUHvNgdt5lR6CBQsORRxz6mk5myCkCSEkPFiaLGIbmiC4lV4ZMxiEIeb,0,0,Photos,,,,,12/01/2022,,,0,0,0,0,0,0,,,,,
980706725176742,100064197037125,"PC Merchandise","𝐏𝐑𝐈𝐂𝐄𝐋𝐈𝐒𝐓 𝟐𝟎𝟐𝟐 >>>
https://pcmerchandise.live/2022-COMSHOP-PACKAGES",,0,"12/22/2022 02:00",,https://www.facebook.com/pcmerchandise.co/posts/pfbid0IUHvNgdt5lR6CBQsORRxz6mk5myCkCSEkPFiaLGIbmiC4lV4ZMxiEIeb,0,0,Photos,,,,,12/02/2022,,,0,0,0,0,0,0,,,,,
980706725176742,100064197037125,"PC Merchandise","𝐏𝐑𝐈𝐂𝐄𝐋𝐈𝐒𝐓 𝟐𝟎𝟐𝟐 >>>
https://pcmerchandise.live/2022-COMSHOP-PACKAGES",,0,"12/22/2022 02:00",,https://www.facebook.com/pcmerchandise.co/posts/pfbid0IUHvNgdt5lR6CBQsORRxz6mk5myCkCSEkPFiaLGIbmiC4lV4ZMxiEIeb,0,0,Photos,,,,,12/03/2022,,,0,0,0,0,0,0,,,,,
980706725176742,100064197037125,"PC Merchandise","𝐏𝐑𝐈𝐂𝐄𝐋𝐈𝐒𝐓 𝟐𝟎𝟐𝟐 >>>
https://pcmerchandise.live/2022-COMSHOP-PACKAGES",,0,"12/22/2022 02:00",,https://www.facebook.com/pcmerchandise.co/posts/pfbid0IUHvNgdt5lR6CBQsORRxz6mk5myCkCSEkPFiaLGIbmiC4lV4ZMxiEIeb,0,0,Photos,,,,,12/04/2022,,,0,0,0,0,0,0,,,,,
980706725176742,100064197037125,"PC Merchandise","𝐏𝐑𝐈𝐂𝐄𝐋𝐈𝐒𝐓 𝟐𝟎𝟐𝟐 >>>
https://pcmerchandise.live/2022-COMSHOP-PACKAGES",,0,"12/22/2022 02:00",,https://www.facebook.com/pcmerchandise.co/posts/pfbid0IUHvNgdt5lR6CBQsORRxz6mk5myCkCSEkPFiaLGIbmiC4lV4ZMxiEIeb,0,0,Photos,,,,,12/05/2022,,,0,0,0,0,0,0,,,,,
980706725176742,100064197037125,"PC Merchandise","𝐏𝐑𝐈𝐂𝐄𝐋𝐈𝐒𝐓 𝟐𝟎𝟐𝟐 >>>
https://pcmerchandise.live/2022-COMSHOP-PACKAGES",,0,"12/22/2022 02:00",,https://www.facebook.com/pcmerchandise.co/posts/pfbid0IUHvNgdt5lR6CBQsORRxz6mk5myCkCSEkPFiaLGIbmiC4lV4ZMxiEIeb,0,0,Photos,,,,,12/06/2022,,,0,0,0,0,0,0,,,,,
980706725176742,100064197037125,"PC Merchandise","𝐏𝐑𝐈𝐂𝐄𝐋𝐈𝐒𝐓 𝟐𝟎𝟐𝟐 >>>
https://pcmerchandise.live/2022-COMSHOP-PACKAGES",,0,"12/22/2022 02:00",,https://www.facebook.com/pcmerchandise.co/posts/pfbid0IUHvNgdt5lR6CBQsORRxz6mk5myCkCSEkPFiaLGIbmiC4lV4ZMxiEIeb,0,0,Photos,,,,,12/07/2022,,,0,0,0,0,0,0,,,,,
980706725176742,100064197037125,"PC Merchandise","𝐏𝐑𝐈𝐂𝐄𝐋𝐈𝐒𝐓 𝟐𝟎𝟐𝟐 >>>
https://pcmerchandise.live/2022-COMSHOP-PACKAGES",,0,"12/22/2022 02:00",,https://www.facebook.com/pcmerchandise.co/posts/pfbid0IUHvNgdt5lR6CBQsORRxz6mk5myCkCSEkPFiaLGIbmiC4lV4ZMxiEIeb,0,0,Photos,,,,,12/08/2022,,,0,0,0,0,0,0,,,,,
980706725176742,100064197037125,"PC Merchandise","𝐏𝐑𝐈𝐂𝐄𝐋𝐈𝐒𝐓 𝟐𝟎𝟐𝟐 >>>
https://pcmerchandise.live/2022-COMSHOP-PACKAGES",,0,"12/22/2022 02:00",,https://www.facebook.com/pcmerchandise.co/posts/pfbid0IUHvNgdt5lR6CBQsORRxz6mk5myCkCSEkPFiaLGIbmiC4lV4ZMxiEIeb,0,0,Photos,,,,,12/09/2022,,,0,0,0,0,0,0,,,,,
980706725176742,100064197037125,"PC Merchandise","𝐏𝐑𝐈𝐂𝐄𝐋𝐈𝐒𝐓 𝟐𝟎𝟐𝟐 >>>
https://pcmerchandise.live/2022-COMSHOP-PACKAGES",,0,"12/22/2022 02:00",,https://www.facebook.com/pcmerchandise.co/posts/pfbid0IUHvNgdt5lR6CBQsORRxz6mk5myCkCSEkPFiaLGIbmiC4lV4ZMxiEIeb,0,0,Photos,,,,,12/10/2022,,,0,0,0,0,0,0,,,,,
980706725176742,100064197037125,"PC Merchandise","𝐏𝐑𝐈𝐂𝐄𝐋𝐈𝐒𝐓 𝟐𝟎𝟐𝟐 >>>
https://pcmerchandise.live/2022-COMSHOP-PACKAGES",,0,"12/22/2022 02:00",,https://www.facebook.com/pcmerchandise.co/posts/pfbid0IUHvNgdt5lR6CBQsORRxz6mk5myCkCSEkPFiaLGIbmiC4lV4ZMxiEIeb,0,0,Photos,,,,,12/11/2022,,,0,0,0,0,0,0,,,,,
980706725176742,100064197037125,"PC Merchandise","𝐏𝐑𝐈𝐂𝐄𝐋𝐈𝐒𝐓 𝟐𝟎𝟐𝟐 >>>
https://pcmerchandise.live/2022-COMSHOP-PACKAGES",,0,"12/22/2022 02:00",,https://www.facebook.com/pcmerchandise.co/posts/pfbid0IUHvNgdt5lR6CBQsORRxz6mk5myCkCSEkPFiaLGIbmiC4lV4ZMxiEIeb,0,0,Photos,,,,,12/12/2022,,,0,0,0,0,0,0,,,,,
980706725176742,100064197037125,"PC Merchandise","𝐏𝐑𝐈𝐂𝐄𝐋𝐈𝐒𝐓 𝟐𝟎𝟐𝟐 >>>
https://pcmerchandise.live/2022-COMSHOP-PACKAGES",,0,"12/22/2022 02:00",,https://www.facebook.com/pcmerchandise.co/posts/pfbid0IUHvNgdt5lR6CBQsORRxz6mk5myCkCSEkPFiaLGIbmiC4lV4ZMxiEIeb,0,0,Photos,,,,,12/13/2022,,,0,0,0,0,0,0,,,,,
980706725176742,100064197037125,"PC Merchandise","𝐏𝐑𝐈𝐂𝐄𝐋𝐈𝐒𝐓 𝟐𝟎𝟐𝟐 >>>
https://pcmerchandise.live/2022-COMSHOP-PACKAGES",,0,"12/22/2022 02:00",,https://www.facebook.com/pcmerchandise.co/posts/pfbid0IUHvNgdt5lR6CBQsORRxz6mk5myCkCSEkPFiaLGIbmiC4lV4ZMxiEIeb,0,0,Photos,,,,,12/14/2022,,,0,0,0,0,0,0,,,,,
980706725176742,100064197037125,"PC Merchandise","𝐏𝐑𝐈𝐂𝐄𝐋𝐈𝐒𝐓 𝟐𝟎𝟐𝟐 >>>
https://pcmerchandise.live/2022-COMSHOP-PACKAGES",,0,"12/22/2022 02:00",,https://www.facebook.com/pcmerchandise.co/posts/pfbid0IUHvNgdt5lR6CBQsORRxz6mk5myCkCSEkPFiaLGIbmiC4lV4ZMxiEIeb,0,0,Photos,,,,,12/15/2022,,,0,0,0,0,0,0,,,,,
980706725176742,100064197037125,"PC Merchandise","𝐏𝐑𝐈𝐂𝐄𝐋𝐈𝐒𝐓 𝟐𝟎𝟐𝟐 >>>
https://pcmerchandise.live/2022-COMSHOP-PACKAGES",,0,"12/22/2022 02:00",,https://www.facebook.com/pcmerchandise.co/posts/pfbid0IUHvNgdt5lR6CBQsORRxz6mk5myCkCSEkPFiaLGIbmiC4lV4ZMxiEIeb,0,0,Photos,,,,,12/16/2022,,,0,0,0,0,0,0,,,,,
980706725176742,100064197037125,"PC Merchandise","𝐏𝐑𝐈𝐂𝐄𝐋𝐈𝐒𝐓 𝟐𝟎𝟐𝟐 >>>
https://pcmerchandise.live/2022-COMSHOP-PACKAGES",,0,"12/22/2022 02:00",,https://www.facebook.com/pcmerchandise.co/posts/pfbid0IUHvNgdt5lR6CBQsORRxz6mk5myCkCSEkPFiaLGIbmiC4lV4ZMxiEIeb,0,0,Photos,,,,,12/17/2022,,,0,0,0,0,0,0,,,,,
980706725176742,100064197037125,"PC Merchandise","𝐏𝐑𝐈𝐂𝐄𝐋𝐈𝐒𝐓 𝟐𝟎𝟐𝟐 >>>
https://pcmerchandise.live/2022-COMSHOP-PACKAGES",,0,"12/22/2022 02:00",,https://www.facebook.com/pcmerchandise.co/posts/pfbid0IUHvNgdt5lR6CBQsORRxz6mk5myCkCSEkPFiaLGIbmiC4lV4ZMxiEIeb,0,0,Photos,,,,,12/18/2022,,,0,0,0,0,0,0,,,,,
980706725176742,100064197037125,"PC Merchandise","𝐏𝐑𝐈𝐂𝐄𝐋𝐈𝐒𝐓 𝟐𝟎𝟐𝟐 >>>
https://pcmerchandise.live/2022-COMSHOP-PACKAGES",,0,"12/22/2022 02:00",,https://www.facebook.com/pcmerchandise.co/posts/pfbid0IUHvNgdt5lR6CBQsORRxz6mk5myCkCSEkPFiaLGIbmiC4lV4ZMxiEIeb,0,0,Photos,,,,,12/19/2022,,,0,0,0,0,0,0,,,,,
980706725176742,100064197037125,"PC Merchandise","𝐏𝐑𝐈𝐂𝐄𝐋𝐈𝐒𝐓 𝟐𝟎𝟐𝟐 >>>
https://pcmerchandise.live/2022-COMSHOP-PACKAGES",,0,"12/22/2022 02:00",,https://www.facebook.com/pcmerchandise.co/posts/pfbid0IUHvNgdt5lR6CBQsORRxz6mk5myCkCSEkPFiaLGIbmiC4lV4ZMxiEIeb,0,0,Photos,,,,,12/20/2022,,,0,0,0,0,0,0,,,,,
980706725176742,100064197037125,"PC Merchandise","𝐏𝐑𝐈𝐂𝐄𝐋𝐈𝐒𝐓 𝟐𝟎𝟐𝟐 >>>
https://pcmerchandise.live/2022-COMSHOP-PACKAGES",,0,"12/22/2022 02:00",,https://www.facebook.com/pcmerchandise.co/posts/pfbid0IUHvNgdt5lR6CBQsORRxz6mk5myCkCSEkPFiaLGIbmiC4lV4ZMxiEIeb,0,0,Photos,,,,,12/21/2022,,,0,0,0,0,0,0,,,,,
980706725176742,100064197037125,"PC Merchandise","𝐏𝐑𝐈𝐂𝐄𝐋𝐈𝐒𝐓 𝟐𝟎𝟐𝟐 >>>
https://pcmerchandise.live/2022-COMSHOP-PACKAGES",,0,"12/22/2022 02:00",,https://www.facebook.com/pcmerchandise.co/posts/pfbid0IUHvNgdt5lR6CBQsORRxz6mk5myCkCSEkPFiaLGIbmiC4lV4ZMxiEIeb,0,0,Photos,,,,,12/22/2022,,,0,0,0,0,0,0,,,,,
980706725176742,100064197037125,"PC Merchandise","𝐏𝐑𝐈𝐂𝐄𝐋𝐈𝐒𝐓 𝟐𝟎𝟐𝟐 >>>
https://pcmerchandise.live/2022-COMSHOP-PACKAGES",,0,"12/22/2022 02:00",,https://www.facebook.com/pcmerchandise.co/posts/pfbid0IUHvNgdt5lR6CBQsORRxz6mk5myCkCSEkPFiaLGIbmiC4lV4ZMxiEIeb,0,0,Photos,,,,,12/23/2022,,,0,0,0,0,0,0,,,,,
980706725176742,100064197037125,"PC Merchandise","𝐏𝐑𝐈𝐂𝐄𝐋𝐈𝐒𝐓 𝟐𝟎𝟐𝟐 >>>
https://pcmerchandise.live/2022-COMSHOP-PACKAGES",,0,"12/22/2022 02:00",,https://www.facebook.com/pcmerchandise.co/posts/pfbid0IUHvNgdt5lR6CBQsORRxz6mk5myCkCSEkPFiaLGIbmiC4lV4ZMxiEIeb,0,0,Photos,,,,,12/24/2022,,,0,0,0,0,0,0,,,,,
980706725176742,100064197037125,"PC Merchandise","𝐏𝐑𝐈𝐂𝐄𝐋𝐈𝐒𝐓 𝟐𝟎𝟐𝟐 >>>
https://pcmerchandise.live/2022-COMSHOP-PACKAGES",,0,"12/22/2022 02:00",,https://www.facebook.com/pcmerchandise.co/posts/pfbid0IUHvNgdt5lR6CBQsORRxz6mk5myCkCSEkPFiaLGIbmiC4lV4ZMxiEIeb,0,0,Photos,,,,,12/25/2022,,,0,0,0,0,0,0,,,,,
980706725176742,100064197037125,"PC Merchandise","𝐏𝐑𝐈𝐂𝐄𝐋𝐈𝐒𝐓 𝟐𝟎𝟐𝟐 >>>
https://pcmerchandise.live/2022-COMSHOP-PACKAGES",,0,"12/22/2022 02:00",,https://www.facebook.com/pcmerchandise.co/posts/pfbid0IUHvNgdt5lR6CBQsORRxz6mk5myCkCSEkPFiaLGIbmiC4lV4ZMxiEIeb,0,0,Photos,,,,,12/26/2022,,,0,0,0,0,0,0,,,,,
980706725176742,100064197037125,"PC Merchandise","𝐏𝐑𝐈𝐂𝐄𝐋𝐈𝐒𝐓 𝟐𝟎𝟐𝟐 >>>
https://pcmerchandise.live/2022-COMSHOP-PACKAGES",,0,"12/22/2022 02:00",,https://www.facebook.com/pcmerchandise.co/posts/pfbid0IUHvNgdt5lR6CBQsORRxz6mk5myCkCSEkPFiaLGIbmiC4lV4ZMxiEIeb,0,0,Photos,,,,,12/27/2022,,,0,0,0,0,0,0,,,,,
980706725176742,100064197037125,"PC Merchandise","𝐏𝐑𝐈𝐂𝐄𝐋𝐈𝐒𝐓 𝟐𝟎𝟐𝟐 >>>
https://pcmerchandise.live/2022-COMSHOP-PACKAGES",,0,"12/22/2022 02:00",,https://www.facebook.com/pcmerchandise.co/posts/pfbid0IUHvNgdt5lR6CBQsORRxz6mk5myCkCSEkPFiaLGIbmiC4lV4ZMxiEIeb,0,0,Photos,,,,,12/28/2022,,,0,0,0,0,0,0,,,,,
980706725176742,100064197037125,"PC Merchandise","𝐏𝐑𝐈𝐂𝐄𝐋𝐈𝐒𝐓 𝟐𝟎𝟐𝟐 >>>
https://pcmerchandise.live/2022-COMSHOP-PACKAGES",,0,"12/22/2022 02:00",,https://www.facebook.com/pcmerchandise.co/posts/pfbid0IUHvNgdt5lR6CBQsORRxz6mk5myCkCSEkPFiaLGIbmiC4lV4ZMxiEIeb,0,0,Photos,,,,,12/29/2022,,,0,0,0,0,0,0,,,,,
980706725176742,100064197037125,"PC Merchandise","𝐏𝐑𝐈𝐂𝐄𝐋𝐈𝐒𝐓 𝟐𝟎𝟐𝟐 >>>
https://pcmerchandise.live/2022-COMSHOP-PACKAGES",,0,"12/22/2022 02:00",,https://www.facebook.com/pcmerchandise.co/posts/pfbid0IUHvNgdt5lR6CBQsORRxz6mk5myCkCSEkPFiaLGIbmiC4lV4ZMxiEIeb,0,0,Photos,,,,,12/30/2022,,,0,0,0,0,0,0,,,,,
980706725176742,100064197037125,"PC Merchandise","𝐏𝐑𝐈𝐂𝐄𝐋𝐈𝐒𝐓 𝟐𝟎𝟐𝟐 >>>
https://pcmerchandise.live/2022-COMSHOP-PACKAGES",,0,"12/22/2022 02:00",,https://www.facebook.com/pcmerchandise.co/posts/pfbid0IUHvNgdt5lR6CBQsORRxz6mk5myCkCSEkPFiaLGIbmiC4lV4ZMxiEIeb,0,0,Photos,,,,,12/31/2022,,,0,0,0,0,0,0,,,,,
981166551148191,100064197037125,"PC Merchandise","客户 satisfied ✅ i3 10100F build with RGB everything 🌈",,62,"12/19/2022 19:00",uploaded,https://www.facebook.com/reel/1545451164601828/,0,0,Reels,,,,,12/01/2022,0,,,,,,0,0,0,0,0,0.000,4.028
981166551148191,100064197037125,"PC Merchandise","客户 satisfied ✅ i3 10100F build with RGB everything 🌈",,62,"12/19/2022 19:00",uploaded,https://www.facebook.com/reel/1545451164601828/,0,0,Reels,,,,,12/02/2022,0,,,,,,0,0,0,0,0,0.000,5.209
981166551148191,100064197037125,"PC Merchandise","客户 satisfied ✅ i3 10100F build with RGB everything 🌈",,62,"12/19/2022 19:00",uploaded,https://www.facebook.com/reel/1545451164601828/,0,0,Reels,,,,,12/03/2022,0,,,,,,0,0,0,0,0,0.000,5.791
981166551148191,100064197037125,"PC Merchandise","客户 satisfied ✅ i3 10100F build with RGB everything 🌈",,62,"12/19/2022 19:00",uploaded,https://www.facebook.com/reel/1545451164601828/,0,0,Reels,,,,,12/04/2022,0,,,,,,0,0,0,0,0,0.000,6.410
981166551148191,100064197037125,"PC Merchandise","客户 satisfied ✅ i3 10100F build with RGB everything 🌈",,62,"12/19/2022 19:00",uploaded,https://www.facebook.com/reel/1545451164601828/,0,0,Reels,,,,,12/05/2022,0,,,,,,0,0,0,0,0,0.000,5.277
981166551148191,100064197037125,"PC Merchandise","客户 satisfied ✅ i3 10100F build with RGB everything 🌈",,62,"12/19/2022 19:00",uploaded,https://www.facebook.com/reel/1545451164601828/,0,0,Reels,,,,,12/06/2022,0,,,,,,0,0,0,0,0,0.000,6.723
981166551148191,100064197037125,"PC Merchandise","客户 satisfied ✅ i3 10100F build with RGB everything 🌈",,62,"12/19/2022 19:00",uploaded,https://www.facebook.com/reel/1545451164601828/,0,0,Reels,,,,,12/07/2022,0,,,,,,0,0,0,0,0,0.000,5.449
981166551148191,100064197037125,"PC Merchandise","客户 satisfied ✅ i3 10100F build with RGB everything 🌈",,62,"12/19/2022 19:00",uploaded,https://www.facebook.com/reel/1545451164601828/,0,0,Reels,,,,,12/08/2022,0,,,,,,0,0,0,0,0,0.000,4.656
981166551148191,100064197037125,"PC Merchandise","客户 satisfied ✅ i3 10100F build with RGB everything 🌈",,62,"12/19/2022 19:00",uploaded,https://www.facebook.com/reel/1545451164601828/,0,0,Reels,,,,,12/09/2022,0,,,,,,0,0,0,0,0,0.000,4.926
981166551148191,100064197037125,"PC Merchandise","客户 satisfied ✅ i3 10100F build with RGB everything 🌈",,62,"12/19/2022 19:00",uploaded,https://www.facebook.com/reel/1545451164601828/,0,0,Reels,,,,,12/10/2022,0,,,,,,0,0,0,0,0,0.000,5.675
981166551148191,100064197037125,"PC Merchandise","客户 satisfied ✅ i3 10100F build with RGB everything 🌈",,62,"12/19/2022 19:00",uploaded,https://www.facebook.com/reel/1545451164601828/,0,0,Reels,,,,,12/11/2022,0,,,,,,0,0,0,0,0,0.000,5.139
981166551148191,100064197037125,"PC Merchandise","客户 satisfied ✅ i3 10100F build with RGB everything 🌈",,62,"12/19/2022 19:00",uploaded,https://www.facebook.com/reel/1545451164601828/,0,0,Reels,,,,,12/12/2022,0,,,,,,0,0,0,0,0,0.000,4.691
981166551148191,100064197037125,"PC Merchandise","客户 satisfied ✅ i3 10100F build with RGB everything 🌈",,62,"12/19/2022 19:00",uploaded,https://www.facebook.com/reel/1545451164601828/,0,0,Reels,,,,,12/13/2022,0,,,,,,0,0,0,0,0,0.000,5.157
981166551148191,100064197037125,"PC Merchandise","客户 satisfied ✅ i3 10100F build with RGB everything 🌈",,62,"12/19/2022 19:00",uploaded,https://www.facebook.com/reel/1545451164601828/,0,0,Reels,,,,,12/14/2022,0,,,,,,0,0,0,0,0,0.000,4.434
981166551148191,100064197037125,"PC Merchandise","客户 satisfied ✅ i3 10100F build with RGB everything 🌈",,62,"12/19/2022 19:00",uploaded,https://www.facebook.com/reel/1545451164601828/,0,0,Reels,,,,,12/15/2022,0,,,,,,0,0,0,0,0,0.000,5.394
981166551148191,100064197037125,"PC Merchandise","客户 satisfied ✅ i3 10100F build with RGB everything 🌈",,62,"12/19/2022 19:00",uploaded,https://www.facebook.com/reel/1545451164601828/,0,0,Reels,,,,,12/16/2022,0,,,,,,0,0,0,0,0,0.000,6.601
981166551148191,100064197037125,"PC Merchandise","客户 satisfied ✅ i3 10100F build with RGB everything 🌈",,62,"12/19/2022 19:00",uploaded,https://www.facebook.com/reel/1545451164601828/,0,0,Reels,,,,,12/17/2022,0,,,,,,0,0,0,0,0,0.000,5.132
981166551148191,100064197037125,"PC Merchandise","客户 satisfied ✅ i3 10100F build with RGB everything 🌈",,62,"12/19/2022 19:00",uploaded,https://www.facebook.com/reel/1545451164601828/,0,0,Reels,,,,,12/18/2022,0,,,,,,0,0,0,0,0,0.000,5.864
981166551148191,100064197037125,"PC Merchandise","客户 satisfied ✅ i3 10100F build with RGB everything 🌈",,62,"12/19/2022 19:00",uploaded,https://www.facebook.com/reel/1545451164601828/,0,0,Reels,,,,,12/19/2022,0,,,,,,0,0,0,0,0,124.927,6.005
981166551148191,100064197037125,"PC Merchandise","客户 satisfied ✅ i3 10100F build with RGB everything 🌈",,62,"12/19/2022 19:00",uploaded,https://www.facebook.com/reel/1545451164601828/,0,0,Reels,,,,,12/20/2022,0,,,,,,0,0,0,0,0,139.468,6.518
981166551148191,100064197037125,"PC Merchandise","客户 satisfied ✅ i3 10100F build with RGB everything 🌈",,62,"12/19/2022 19:00",uploaded,https://www.facebook.com/reel/1545451164601828/,0,0,Reels,,,,,12/21/2022,0,,,,,,0,0,0,0,0,67.103,5.059
981166551148191,100064197037125,"PC Merchandise","客户 satisfied ✅ i3 10100F build with RGB everything 🌈",,62,"12/19/2022 19:00",uploaded,https://www.facebook.com/reel/1545451164601828/,0,0,Reels,,,,,12/22/2022,0,,,,,,0,0,0,0,0,35.642,4.139
981166551148191,100064197037125,"PC Merchandise","客户 satisfied ✅ i3 10100F build with RGB everything 🌈",,62,"12/19/2022 19:00",uploaded,https://www.facebook.com/reel/1545451164601828/,0,0,Reels,,,,,12/23/2022,0,,,,,,0,0,0,0,0,73.285,5.464
981166551148191,100064197037125,"PC Merchandise","客户 satisfied ✅ i3 10100F build with RGB everything 🌈",,62,"12/19/2022 19:00",uploaded,https://www.facebook.com/reel/1545451164601828/,0,0,Reels,,,,,12/24/2022,0,,,,,,0,0,0,0,0,55.792,6.560
981166551148191,100064197037125,"PC Merchandise","客户 satisfied ✅ i3 10100F build with RGB everything 🌈",,62,"12/19/2022 19:00",uploaded,https://www.facebook.com/reel/1545451164601828/,0,0,Reels,,,,,12/25/2022,0,,,,,,0,0,0,0,0,24.191,4.015
981166551148191,100064197037125,"PC Merchandise","客户 satisfied ✅ i3 10100F build with RGB everything 🌈",,62,"12/19/2022 19:00",uploaded,https://www.facebook.com/reel/1545451164601828/,0,0,Reels,,,,,12/26/2022,0,,,,,,0,0,0,0,0,52.868,6.461
981166551148191,100064197037125,"PC Merchandise","客户 satisfied ✅ i3 10100F build with RGB everything 🌈",,62,"12/19/2022 19:00",uploaded,https://www.facebook.com/reel/1545451164601828/,0,0,Reels,,,,,12/27/2022,0,,,,,,0,0,0,0,0,9.410,4.184
981166551148191,100064197037125,"PC Merchandise","客户 satisfied ✅ i3 10100F build with RGB everything 🌈",,62,"12/19/2022 19:00",uploaded,https://www.facebook.com/reel/1545451164601828/,0,0,Reels,,,,,12/28/2022,0,,,,,,0,0,0,0,0,11.276,6.761
981166551148191,100064197037125,"PC Merchandise","客户 satisfied ✅ i3 10100F build with RGB everything 🌈",,62,"12/19/2022 19:00",uploaded,https://www.facebook.com/reel/1545451164601828/,0,0,Reels,,,,,12/29/2022,0,,,,,,0,0,0,0,0,11.001,6.896
981166551148191,100064197037125,"PC Merchandise","客户 satisfied ✅ i3 10100F build with RGB everything 🌈",,62,"12/19/2022 19:00",uploaded,https://www.facebook.com/reel/1545451164601828/,0,0,Reels,,,,,12/30/2022,0,,,,,,0,0,0,0,0,20.829,6.611
981166551148191,100064197037125,"PC Merchandise","客户 satisfied ✅ i3 10100F build with RGB everything 🌈",,62,"12/19/2022 19:00",uploaded,https://www.facebook.com/reel/1545451164601828/,0,0,Reels,,,,,12/31/2022,0,,,,,,0,0,0,0,0,14.025,4.903
980804073910342,100064197037125,"PC Merchandise","READY STOCK: RYZEN 5 2600 / GTX 1050TI builds. Same-day assembly. PM NOW!",,0,"12/19/2022 01:00",,https://www.facebook.com/pcmerchandise.co/posts/pfbid0JGb4QPun1nADghs6I15OzeE8g2ZBdLeDSZB3qA8JVNykxzjpjN2A5vxd,0,0,Photos,,,,,12/31/2022,2,,,,,,,,,,,,
980804073910342,100064197037125,"PC Merchandise","READY STOCK: RYZEN 5 2600 / GTX 1050TI builds. Same-day assembly. PM NOW!",,0,"12/19/2022 01:00",,https://www.facebook.com/pcmerchandise.co/posts/pfbid0JGb4QPun1nADghs6I15OzeE8g2ZBdLeDSZB3qA8JVNykxzjpjN2A5vxd,0,0,Photos,,,,,12/01/2022,,,0,0,0,0,0,0,,,,,
980804073910342,100064197037125,"PC Merchandise","READY STOCK: RYZEN 5 2600 / GTX 1050TI builds. Same-day assembly. PM NOW!",,0,"12/19/2022 01:00",,https://www.facebook.com/pcmerchandise.co/posts/pfbid0JGb4QPun1nADghs6I15OzeE8g2ZBdLeDSZB3qA8JVNykxzjpjN2A5vxd,0,0,Photos,,,,,12/02/2022,,,0,0,0,0,0,0,,,,,
980804073910342,100064197037125,"PC Merchandise","READY STOCK: RYZEN 5 2600 / GTX 1050TI builds. Same-day assembly. PM NOW!",,0,"12/19/2022 01:00",,https://www.facebook.com/pcmerchandise.co/posts/pfbid0JGb4QPun1nADghs6I15OzeE8g2ZBdLeDSZB3qA8JVNykxzjpjN2A5vxd,0,0,Photos,,,,,12/03/2022,,,0,0,0,0,0,0,,,,,
980804073910342,100064197037125,"PC Merchandise","READY STOCK: RYZEN 5 2600 / GTX 1050TI builds. Same-day assembly. PM NOW!",,0,"12/19/2022 01:00",,https://www.facebook.com/pcmerchandise.co/posts/pfbid0JGb4QPun1nADghs6I15OzeE8g2ZBdLeDSZB3qA8JVNykxzjpjN2A5vxd,0,0,Photos,,,,,12/04/2022,,,0,0,0,0,0,0,,,,,
980804073910342,100064197037125,"PC Merchandise","READY STOCK: RYZEN 5 2600 / GTX 1050TI builds. Same-day assembly. PM NOW!",,0,"12/19/2022 01:00",,https://www.facebook.com/pcmerchandise.co/posts/pfbid0JGb4QPun1nADghs6I15OzeE8g2ZBdLeDSZB3qA8JVNykxzjpjN2A5vxd,0,0,Photos,,,,,12/05/2022,,,0,0,0,0,0,0,,,,,
980804073910342,100064197037125,"PC Merchandise","READY STOCK: RYZEN 5 2600 / GTX 1050TI builds. Same-day assembly. PM NOW!",,0,"12/19/2022 01:00",,https://www.facebook.com/pcmerchandise.co/posts/pfbid0JGb4QPun1nADghs6I15OzeE8g2ZBdLeDSZB3qA8JVNykxzjpjN2A5vxd,0,0,Photos,,,,,12/06/2022,,,0,0,0,0,0,0,,,,,
980804073910342,100064197037125,"PC Merchandise","READY STOCK: RYZEN 5 2600 / GTX 1050TI builds. Same-day assembly. PM NOW!",,0,"12/19/2022 01:00",,https://www.facebook.com/pcmerchandise.co/posts/pfbid0JGb4QPun1nADghs6I15OzeE8g2ZBdLeDSZB3qA8JVNykxzjpjN2A5vxd,0,0,Photos,,,,,12/07/2022,,,0,0,0,0,0,0,,,,,
980804073910342,100064197037125,"PC Merchandise","READY STOCK: RYZEN 5 2600 / GTX 1050TI builds. Same-day assembly. PM NOW!",,0,"12/19/2022 01:00",,https://www.facebook.com/pcmerchandise.co/posts/pfbid0JGb4QPun1nADghs6I15OzeE8g2ZBdLeDSZB3qA8JVNykxzjpjN2A5vxd,0,0,Photos,,,,,12/08/2022,,,0,0,0,0,0,0,,,,,
980804073910342,100064197037125,"PC Merchandise","READY STOCK: RYZEN 5 2600 / GTX 1050TI builds. Same-day assembly. PM NOW!",,0,"12/19/2022 01:00",,https://www.facebook.com/pcmerchandise.co/posts/pfbid0JGb4QPun1nADghs6I15OzeE8g2ZBdLeDSZB3qA8JVNykxzjpjN2A5vxd,0,0,Photos,,,,,12/09/2022,,,0,0,0,0,0,0,,,,,
980804073910342,100064197037125,"PC Merchandise","READY STOCK: RYZEN 5 2600 / GTX 1050TI builds. Same-day assembly. PM NOW!",,0,"12/19/2022 01:00",,https://www.facebook.com/pcmerchandise.co/posts/pfbid0JGb4QPun1nADghs6I15OzeE8g2ZBdLeDSZB3qA8JVNykxzjpjN2A5vxd,0,0,Photos,,,,,12/10/2022,,,0,0,0,0,0,0,,,,,
980804073910342,100064197037125,"PC Merchandise","READY STOCK: RYZEN 5 2600 / GTX 1050TI builds. Same-day assembly. PM NOW!",,0,"12/19/2022 01:00",,https://www.facebook.com/pcmerchandise.co/posts/pfbid0JGb4QPun1nADghs6I15OzeE8g2ZBdLeDSZB3qA8JVNykxzjpjN2A5vxd,0,0,Photos,,,,,12/11/2022,,,0,0,0,0,0,0,,,,,
980804073910342,100064197037125,"PC Merchandise","READY STOCK: RYZEN 5 2600 / GTX 1050TI builds. Same-day assembly. PM NOW!",,0,"12/19/2022 01:00",,https://www.facebook.com/pcmerchandise.co/posts/pfbid0JGb4QPun1nADghs6I15OzeE8g2ZBdLeDSZB3qA8JVNykxzjpjN2A5vxd,0,0,Photos,,,,,12/12/2022,,,0,0,0,0,0,0,,,,,
980804073910342,100064197037125,"PC Merchandise","READY STOCK: RYZEN 5 2600 / GTX 1050TI builds. Same-day assembly. PM NOW!",,0,"12/19/2022 01:00",,https://www.facebook.com/pcmerchandise.co/posts/pfbid0JGb4QPun1nADghs6I15OzeE8g2ZBdLeDSZB3qA8JVNykxzjpjN2A5vxd,0,0,Photos,,,,,12/13/2022,,,0,0,0,0,0,0,,,,,
980804073910342,100064197037125,"PC Merchandise","READY STOCK: RYZEN 5 2600 / GTX 1050TI builds. Same-day assembly. PM NOW!",,0,"12/19/2022 01:00",,https://www.facebook.com/pcmerchandise.co/posts/pfbid0JGb4QPun1nADghs6I15OzeE8g2ZBdLeDSZB3qA8JVNykxzjpjN2A5vxd,0,0,Photos,,,,,12/14/2022,,,0,0,0,0,0,0,,,,,
980804073910342,100064197037125,"PC Merchandise","READY STOCK: RYZEN 5 2600 / GTX 1050TI builds. Same-day assembly. PM NOW!",,0,"12/19/2022 01:00",,https://www.facebook.com/pcmerchandise.co/posts/pfbid0JGb4QPun1nADghs6I15OzeE8g2ZBdLeDSZB3qA8JVNykxzjpjN2A5vxd,0,0,Photos,,,,,12/15/2022,,,0,0,0,0,0,0,,,,,
980804073910342,100064197037125,"PC Merchandise","READY STOCK: RYZEN 5 2600 / GTX 1050TI builds. Same-day assembly. PM NOW!",,0,"12/19/2022 01:00",,https://www.facebook.com/pcmerchandise.co/posts/pfbid0JGb4QPun1nADghs6I15OzeE8g2ZBdLeDSZB3qA8JVNykxzjpjN2A5vxd,0,0,Photos,,,,,12/16/2022,,,0,0,0,0,0,0,,,,,
980804073910342,100064197037125,"PC Merchandise","READY STOCK: RYZEN 5 2600 / GTX 1050TI builds. Same-day assembly. PM NOW!",,0,"12/19/2022 01:00",,https://www.facebook.com/pcmerchandise.co/posts/pfbid0JGb4QPun1nADghs6I15OzeE8g2ZBdLeDSZB3qA8JVNykxzjpjN2A5vxd,0,0,Photos,,,,,12/17/2022,,,0,0,0,0,0,0,,,,,
980804073910342,100064197037125,"PC Merchandise","READY STOCK: RYZEN 5 2600 / GTX 1050TI builds. Same-day assembly. PM NOW!",,0,"12/19/2022 01:00",,https://www.facebook.com/pcmerchandise.co/posts/pfbid0JGb4QPun1nADghs6I15OzeE8g2ZBdLeDSZB3qA8JVNykxzjpjN2A5vxd,0,0,Photos,,,,,12/18/2022,,,0,0,0,0,0,0,,,,,
980804073910342,100064197037125,"PC Merchandise","READY STOCK: RYZEN 5 2600 / GTX 1050TI builds. Same-day assembly. PM NOW!",,0,"12/19/2022 01:00",,https://www.facebook.com/pcmerchandise.co/posts/pfbid0JGb4QPun1nADghs6I15OzeE8g2ZBdLeDSZB3qA8JVNykxzjpjN2A5vxd,0,0,Photos,,,,,12/19/2022,,,0,0,0,0,0,0,,,,,
980804073910342,100064197037125,"PC Merchandise","READY STOCK: RYZEN 5 2600 / GTX 1050TI builds. Same-day assembly. PM NOW!",,0,"12/19/2022 01:00",,https://www.facebook.com/pcmerchandise.co/posts/pfbid0JGb4QPun1nADghs6I15OzeE8g2ZBdLeDSZB3qA8JVNykxzjpjN2A5vxd,0,0,Photos,,,,,12/20/2022,,,0,0,0,0,0,0,,,,,
980804073910342,100064197037125,"PC Merchandise","READY STOCK: RYZEN 5 2600 / GTX 1050TI builds. Same-day assembly. PM NOW!",,0,"12/19/2022 01:00",,https://www.facebook.com/pcmerchandise.co/posts/pfbid0JGb4QPun1nADghs6I15OzeE8g2ZBdLeDSZB3qA8JVNykxzjpjN2A5vxd,0,0,Photos,,,,,12/21/2022,,,0,0,0,0,0,0,,,,,
980804073910342,100064197037125,"PC Merchandise","READY STOCK: RYZEN 5 2600 / GTX 1050TI builds. Same-day assembly. PM NOW!",,0,"12/19/2022 01:00",,https://www.facebook.com/pcmerchandise.co/posts/pfbid0JGb4QPun1nADghs6I15OzeE8g2ZBdLeDSZB3qA8JVNykxzjpjN2A5vxd,0,0,Photos,,,,,12/22/2022,,,0,0,0,0,0,0,,,,,
980804073910342,100064197037125,"PC Merchandise","READY STOCK: RYZEN 5 2600 / GTX 1050TI builds. Same-day assembly. PM NOW!",,0,"12/19/2022 01:00",,https://www.facebook.com/pcmerchandise.co/posts/pfbid0JGb4QPun1nADghs6I15OzeE8g2ZBdLeDSZB3qA8JVNykxzjpjN2A5vxd,0,0,Photos,,,,,12/23/2022,,,0,0,0,0,0,0,,,,,
980804073910342,100064197037125,"PC Merchandise","READY STOCK: RYZEN 5 2600 / GTX 1050TI builds. Same-day assembly. PM NOW!",,0,"12/19/2022 01:00",,https://www.facebook.com/pcmerchandise.co/posts/pfbid0JGb4QPun1nADghs6I15OzeE8g2ZBdLeDSZB3qA8JVNykxzjpjN2A5vxd,0,0,Photos,,,,,12/24/2022,,,0,0,0,0,0,0,,,,,
980804073910342,100064197037125,"PC Merchandise","READY STOCK: RYZEN 5 2600 / GTX 1050TI builds. Same-day assembly. PM NOW!",,0,"12/19/2022 01:00",,https://www.facebook.com/pcmerchandise.co/posts/pfbid0JGb4QPun1nADghs6I15OzeE8g2ZBdLeDSZB3qA8JVNykxzjpjN2A5vxd,0,0,Photos,,,,,12/25/2022,,,0,0,0,0,0,0,,,,,
980804073910342,100064197037125,"PC Merchandise","READY STOCK: RYZEN 5 2600 / GTX 1050TI builds. Same-day assembly. PM NOW!",,0,"12/19/2022 01:00",,https://www.facebook.com/pcmerchandise.co/posts/pfbid0JGb4QPun1nADghs6I15OzeE8g2ZBdLeDSZB3qA8JVNykxzjpjN2A5vxd,0,0,Photos,,,,,12/26/2022,,,0,0,0,0,0,0,,,,,
980804073910342,100064197037125,"PC Merchandise","READY STOCK: RYZEN 5 2600 / GTX 1050TI builds. Same-day assembly. PM NOW!",,0,"12/19/2022 01:00",,https://www.facebook.com/pcmerchandise.co/posts/pfbid0JGb4QPun1nADghs6I15OzeE8g2ZBdLeDSZB3qA8JVNykxzjpjN2A5vxd,0,0,Photos,,,,,12/27/2022,,,0,0,0,0,0,0,,,,,
980804073910342,100064197037125,"PC Merchandise","READY STOCK: RYZEN 5 2600 / GTX 1050TI builds. Same-day assembly. PM NOW!",,0,"12/19/2022 01:00",,https://www.facebook.com/pcmerchandise.co/posts/pfbid0JGb4QPun1nADghs6I15OzeE8g2ZBdLeDSZB3qA8JVNykxzjpjN2A5vxd,0,0,Photos,,,,,12/28/2022,,,0,0,0,0,0,0,,,,,
980804073910342,100064197037125,"PC Merchandise","READY STOCK: RYZEN 5 2600 / GTX 1050TI builds. Same-day assembly. PM NOW!",,0,"12/19/2022 01:00",,https://www.facebook.com/pcmerchandise.co/posts/pfbid0JGb4QPun1nADghs6I15OzeE8g2ZBdLeDSZB3qA8JVNykxzjpjN2A5vxd,0,0,Photos,,,,,12/29/2022,,,0,0,0,0,0,0,,,,,
980804073910342,100064197037125,"PC Merchandise","READY STOCK: RYZEN 5 2600 / GTX 1050TI builds. Same-day assembly. PM NOW!",,0,"12/19/2022 01:00",,https://www.facebook.com/pcmerchandise.co/posts/pfbid0JGb4QPun1nADghs6I15OzeE8g2ZBdLeDSZB3qA8JVNykxzjpjN2A5vxd,0,0,Photos,,,,,12/30/2022,,,0,0,0,0,0,0,,,,,
980804073910342,100064197037125,"PC Merchandise","READY STOCK: RYZEN 5 2600 / GTX 1050TI builds. Same-day assembly. PM NOW!",,0,"12/19/2022 01:00",,https://www.facebook.com/pcmerchandise.co/posts/pfbid0JGb4QPun1nADghs6I15OzeE8g2ZBdLeDSZB3qA8JVNykxzjpjN2A5vxd,0,0,Photos,,,,,12/31/2022,,,0,0,0,0,0,0,,,,,
980915128147337,100064197037125,"PC Merchandise","Paano kung sabihin ko sayo na kaya mo na mag RX 580 build under budget? 👀",,0,"12/18/2022 19:15",,https://www.facebook.com/pcmerchandise.co/posts/pfbid0gL16A6cxRvqM2ymxLbHHXQRN9gxef4EHLFrYsHrDWxaYOoqvRfpcXwWM,0,0,Photos,,,,,12/31/2022,3,,,,,,,,,,,,
980915128147337,100064197037125,"PC Merchandise","Paano kung sabihin ko sayo na kaya mo na mag RX 580 build under budget? 👀",,0,"12/18/2022 19:15",,https://www.facebook.com/pcmerchandise.co/posts/pfbid0gL16A6cxRvqM2ymxLbHHXQRN9gxef4EHLFrYsHrDWxaYOoqvRfpcXwWM,0,0,Photos,,,,,12/01/2022,,,0,0,0,0,0,0,,,,,
980915128147337,100064197037125,"PC Merchandise","Paano kung sabihin ko sayo na kaya mo na mag RX 580 build under budget? 👀",,0,"12/18/2022 19:15",,https://www.facebook.com/pcmerchandise.co/posts/pfbid0gL16A6cxRvqM2ymxLbHHXQRN9gxef4EHLFrYsHrDWxaYOoqvRfpcXwWM,0,0,Photos,,,,,12/02/2022,,,0,0,0,0,0,0,,,,,
980915128147337,100064197037125,"PC Merchandise","Paano kung sabihin ko sayo na kaya mo na mag RX 580 build under budget? 👀",,0,"12/18/2022 19:15",,https://www.facebook.com/pcmerchandise.co/posts/pfbid0gL16A6cxRvqM2ymxLbHHXQRN9gxef4EHLFrYsHrDWxaYOoqvRfpcXwWM,0,0,Photos,,,,,12/03/2022,,,0,0,0,0,0,0,,,,,
980915128147337,100064197037125,"PC Merchandise","Paano kung sabihin ko sayo na kaya mo na mag RX 580 build under budget? 👀",,0,"12/18/2022 19:15",,https://www.facebook.com/pcmerchandise.co/posts/pfbid0gL16A6cxRvqM2ymxLbHHXQRN9gxef4EHLFrYsHrDWxaYOoqvRfpcXwWM,0,0,Photos,,,,,12/04/2022,,,0,0,0,0,0,0,,,,,
980915128147337,100064197037125,"PC Merchandise","Paano kung sabihin ko sayo na kaya mo na mag RX 580 build under budget? 👀",,0,"12/18/2022 19:15",,https://www.facebook.com/pcmerchandise.co/posts/pfbid0gL16A6cxRvqM2ymxLbHHXQRN9gxef4EHLFrYsHrDWxaYOoqvRfpcXwWM,0,0,Photos,,,,,12/05/2022,,,0,0,0,0,0,0,,,,,
980915128147337,100064197037125,"PC Merchandise","Paano kung sabihin ko sayo na kaya mo na mag RX 580 build under budget? 👀",,0,"12/18/2022 19:15",,https://www.facebook.com/pcmerchandise.co/posts/pfbid0gL16A6cxRvqM2ymxLbHHXQRN9gxef4EHLFrYsHrDWxaYOoqvRfpcXwWM,0,0,Photos,,,,,12/06/2022,,,0,0,0,0,0,0,,,,,
980915128147337,100064197037125,"PC Merchandise","Paano kung sabihin ko sayo na kaya mo na mag RX 580 build under budget? 👀",,0,"12/18/2022 19:15",,https://www.facebook.com/pcmerchandise.co/posts/pfbid0gL16A6cxRvqM2ymxLbHHXQRN9gxef4EHLFrYsHrDWxaYOoqvRfpcXwWM,0,0,Photos,,,,,12/07/2022,,,0,0,0,0,0,0,,,,,
980915128147337,100064197037125,"PC Merchandise","Paano kung sabihin ko sayo na kaya mo na mag RX 580 build under budget? 👀",,0,"12/18/2022 19:15",,https://www.facebook.com/pcmerchandise.co/posts/pfbid0gL16A6cxRvqM2ymxLbHHXQRN9gxef4EHLFrYsHrDWxaYOoqvRfpcXwWM,0,0,Photos,,,,,12/08/2022,,,0,0,0,0,0,0,,,,,
980915128147337,100064197037125,"PC Merchandise","Paano kung sabihin ko sayo na kaya mo na mag RX 580 build under budget? 👀",,0,"12/18/2022 19:15",,https://www.facebook.com/pcmerchandise.co/posts/pfbid0gL16A6cxRvqM2ymxLbHHXQRN9gxef4EHLFrYsHrDWxaYOoqvRfpcXwWM,0,0,Photos,,,,,12/09/2022,,,0,0,0,0,0,0,,,,,
980915128147337,100064197037125,"PC Merchandise","Paano kung sabihin ko sayo na kaya mo na mag RX 580 build under budget? 👀",,0,"12/18/2022 19:15",,https://www.facebook.com/pcmerchandise.co/posts/pfbid0gL16A6cxRvqM2ymxLbHHXQRN9gxef4EHLFrYsHrDWxaYOoqvRfpcXwWM,0,0,Photos,,,,,12/10/2022,,,0,0,0,0,0,0,,,,,
980915128147337,100064197037125,"PC Merchandise","Paano kung sabihin ko sayo na kaya mo na mag RX 580 build under budget? 👀",,0,"12/18/2022 19:15",,https://www.facebook.com/pcmerchandise.co/posts/pfbid0gL16A6cxRvqM2ymxLbHHXQRN9gxef4EHLFrYsHrDWxaYOoqvRfpcXwWM,0,0,Photos,,,,,12/11/2022,,,0,0,0,0,0,0,,,,,
980915128147337,100064197037125,"PC Merchandise","Paano kung sabihin ko sayo na kaya mo na mag RX 580 build under budget? 👀",,0,"12/18/2022 19:15",,https://www.facebook.com/pcmerchandise.co/posts/pfbid0gL16A6cxRvqM2ymxLbHHXQRN9gxef4EHLFrYsHrDWxaYOoqvRfpcXwWM,0,0,Photos,,,,,12/12/2022,,,0,0,0,0,0,0,,,,,
980915128147337,100064197037125,"PC Merchandise","Paano kung sabihin ko sayo na kaya mo na mag RX 580 build under budget? 👀",,0,"12/18/2022 19:15",,https://www.facebook.com/pcmerchandise.co/posts/pfbid0gL16A6cxRvqM2ymxLbHHXQRN9gxef4EHLFrYsHrDWxaYOoqvRfpcXwWM,0,0,Photos,,,,,12/13/2022,,,0,0,0,0,0,0,,,,,
980915128147337,100064197037125,"PC Merchandise","Paano kung sabihin ko sayo na kaya mo na mag RX 580 build under budget? 👀",,0,"12/18/2022 19:15",,https://www.facebook.com/pcmerchandise.co/posts/pfbid0gL16A6cxRvqM2ymxLbHHXQRN9gxef4EHLFrYsHrDWxaYOoqvRfpcXwWM,0,0,Photos,,,,,12/14/2022,,,0,0,0,0,0,0,,,,,
980915128147337,100064197037125,"PC Merchandise","Paano kung sabihin ko sayo na kaya mo na mag RX 580 build under budget? 👀",,0,"12/18/2022 19:15",,https://www.facebook.com/pcmerchandise.co/posts/pfbid0gL16A6cxRvqM2ymxLbHHXQRN9gxef4EHLFrYsHrDWxaYOoqvRfpcXwWM,0,0,Photos,,,,,12/15/2022,,,0,0,0,0,0,0,,,,,
980915128147337,100064197037125,"PC Merchandise","Paano kung sabihin ko sayo na kaya mo na mag RX 580 build under budget? 👀",,0,"12/18/2022 19:15",,https://www.facebook.com/pcmerchandise.co/posts/pfbid0gL16A6cxRvqM2ymxLbHHXQRN9gxef4EHLFrYsHrDWxaYOoqvRfpcXwWM,0,0,Photos,,,,,12/16/2022,,,0,0,0,0,0,0,,,,,
980915128147337,100064197037125,"PC Merchandise","Paano kung sabihin ko sayo na kaya mo na mag RX 580 build under budget? 👀",,0,"12/18/2022 19:15",,https://www.facebook.com/pcmerchandise.co/posts/pfbid0gL16A6cxRvqM2ymxLbHHXQRN9gxef4EHLFrYsHrDWxaYOoqvRfpcXwWM,0,0,Photos,,,,,12/17/2022,,,0,0,0,0,0,0,,,,,
980915128147337,100064197037125,"PC Merchandise","Paano kung sabihin ko sayo na kaya mo na mag RX 580 build under budget? 👀",,0,"12/18/2022 19:15",,https://www.facebook.com/pcmerchandise.co/posts/pfbid0gL16A6cxRvqM2ymxLbHHXQRN9gxef4EHLFrYsHrDWxaYOoqvRfpcXwWM,0,0,Photos,,,,,12/18/2022,,,0,0,0,0,0,0,,,,,
980915128147337,100064197037125,"PC Merchandise","Paano kung sabihin ko sayo na kaya mo na mag RX 580 build under budget? 👀",,0,"12/18/2022 19:15",,https://www.facebook.com/pcmerchandise.co/posts/pfbid0gL16A6cxRvqM2ymxLbHHXQRN9gxef4EHLFrYsHrDWxaYOoqvRfpcXwWM,0,0,Photos,,,,,12/19/2022,,,0,0,0,0,0,0,,,,,
980915128147337,100064197037125,"PC Merchandise","Paano kung sabihin ko sayo na kaya mo na mag RX 580 build under budget? 👀",,0,"12/18/2022 19:15",,https://www.facebook.com/pcmerchandise.co/posts/pfbid0gL16A6cxRvqM2ymxLbHHXQRN9gxef4EHLFrYsHrDWxaYOoqvRfpcXwWM,0,0,Photos,,,,,12/20/2022,,,0,0,0,0,0,0,,,,,
980915128147337,100064197037125,"PC Merchandise","Paano kung sabihin ko sayo na kaya mo na mag RX 580 build under budget? 👀",,0,"12/18/2022 19:15",,https://www.facebook.com/pcmerchandise.co/posts/pfbid0gL16A6cxRvqM2ymxLbHHXQRN9gxef4EHLFrYsHrDWxaYOoqvRfpcXwWM,0,0,Photos,,,,,12/21/2022,,,0,0,0,0,0,0,,,,,
980915128147337,100064197037125,"PC Merchandise","Paano kung sabihin ko sayo na kaya mo na mag RX 580 build under budget? 👀",,0,"12/18/2022 19:15",,https://www.facebook.com/pcmerchandise.co/posts/pfbid0gL16A6cxRvqM2ymxLbHHXQRN9gxef4EHLFrYsHrDWxaYOoqvRfpcXwWM,0,0,Photos,,,,,12/22/2022,,,0,0,0,0,0,0,,,,,
980915128147337,100064197037125,"PC Merchandise","Paano kung sabihin ko sayo na kaya mo na mag RX 580 build under budget? 👀",,0,"12/18/2022 19:15",,https://www.facebook.com/pcmerchandise.co/posts/pfbid0gL16A6cxRvqM2ymxLbHHXQRN9gxef4EHLFrYsHrDWxaYOoqvRfpcXwWM,0,0,Photos,,,,,12/23/2022,,,0,0,0,0,0,0,,,,,
980915128147337,100064197037125,"PC Merchandise","Paano kung sabihin ko sayo na kaya mo na mag RX 580 build under budget? 👀",,0,"12/18/2022 19:15",,https://www.facebook.com/pcmerchandise.co/posts/pfbid0gL16A6cxRvqM2ymxLbHHXQRN9gxef4EHLFrYsHrDWxaYOoqvRfpcXwWM,0,0,Photos,,,,,12/24/2022,,,0,0,0,0,0,0,,,,,
980915128147337,100064197037125,"PC Merchandise","Paano kung sabihin ko sayo na kaya mo na mag RX 580 build under budget? 👀",,0,"12/18/2022 19:15",,https://www.facebook.com/pcmerchandise.co/posts/pfbid0gL16A6cxRvqM2ymxLbHHXQRN9gxef4EHLFrYsHrDWxaYOoqvRfpcXwWM,0,0,Photos,,,,,12/25/2022,,,0,0,0,0,0,0,,,,,
980915128147337,100064197037125,"PC Merchandise","Paano kung sabihin ko sayo na kaya mo na mag RX 580 build under budget? 👀",,0,"12/18/2022 19:15",,https://www.facebook.com/pcmerchandise.co/posts/pfbid0gL16A6cxRvqM2ymxLbHHXQRN9gxef4EHLFrYsHrDWxaYOoqvRfpcXwWM,0,0,Photos,,,,,12/26/2022,,,0,0,0,0,0,0,,,,,
980915128147337,100064197037125,"PC Merchandise","Paano kung sabihin ko sayo na kaya mo na mag RX 580 build under budget? 👀",,0,"12/18/2022 19:15",,https://www.facebook.com/pcmerchandise.co/posts/pfbid0gL16A6cxRvqM2ymxLbHHXQRN9gxef4EHLFrYsHrDWxaYOoqvRfpcXwWM,0,0,Photos,,,,,12/27/2022,,,0,0,0,0,0,0,,,,,
980915128147337,100064197037125,"PC Merchandise","Paano kung sabihin ko sayo na kaya mo na mag RX 580 build under budget? 👀",,0,"12/18/2022 19:15",,https://www.facebook.com/pcmerchandise.co/posts/pfbid0gL16A6cxRvqM2ymxLbHHXQRN9gxef4EHLFrYsHrDWxaYOoqvRfpcXwWM,0,0,Photos,,,,,12/28/2022,,,0,0,0,0,0,0,,,,,
980915128147337,100064197037125,"PC Merchandise","Paano kung sabihin ko sayo na kaya mo na mag RX 580 build under budget? 👀",,0,"12/18/2022 19:15",,https://www.facebook.com/pcmerchandise.co/posts/pfbid0gL16A6cxRvqM2ymxLbHHXQRN9gxef4EHLFrYsHrDWxaYOoqvRfpcXwWM,0,0,Photos,,,,,12/29/2022,,,0,0,0,0,0,0,,,,,
980915128147337,100064197037125,"PC Merchandise","Paano kung sabihin ko sayo na kaya mo na mag RX 580 build under budget? 👀",,0,"12/18/2022 19:15",,https://www.facebook.com/pcmerchandise.co/posts/pfbid0gL16A6cxRvqM2ymxLbHHXQRN9gxef4EHLFrYsHrDWxaYOoqvRfpcXwWM,0,0,Photos,,,,,12/30/2022,,,0,0,0,0,0,0,,,,,
980915128147337,100064197037125,"PC Merchandise","Paano kung sabihin ko sayo na kaya mo na mag RX 580 build under budget? 👀",,0,"12/18/2022 19:15",,https://www.facebook.com/pcmerchandise.co/posts/pfbid0gL16A6cxRvqM2ymxLbHHXQRN9gxef4EHLFrYsHrDWxaYOoqvRfpcXwWM,0,0,Photos,,,,,12/31/2022,,,0,0,0,0,0,0,,,,,
981111718025335,100064197037125,"PC Merchandise","客户 satisfied ✅ RYZEN 3 3200G build with RGB everything 🌈",,90,"12/16/2022 23:00",auto,https://www.facebook.com/reel/1422756229441088/,0,0,Reels,,,,,12/01/2022,0,,,,,,0,0,0,0,0,0.000,2.737
981111718025335,100064197037125,"PC Merchandise","客户 satisfied ✅ RYZEN 3 3200G build with RGB everything 🌈",,90,"12/16/2022 23:00",auto,https://www.facebook.com/reel/1422756229441088/,0,0,Reels,,,,,12/02/2022,0,,,,,,0,0,0,0,0,0.000,3.906
981111718025335,100064197037125,"PC Merchandise","客户 satisfied ✅ RYZEN 3 3200G build with RGB everything 🌈",,90,"12/16/2022 23:00",auto,https://www.facebook.com/reel/1422756229441088/,0,0,Reels,,,,,12/03/2022,0,,,,,,0,0,0,0,0,0.000,3.751
981111718025335,100064197037125,"PC Merchandise","客户 satisfied ✅ RYZEN 3 3200G build with RGB everything 🌈",,90,"12/16/2022 23:00",auto,https://www.facebook.com/reel/1422756229441088/,0,0,Reels,,,,,12/04/2022,0,,,,,,0,0,0,0,0,0.000,5.581
981111718025335,100064197037125,"PC Merchandise","客户 satisfied ✅ RYZEN 3 3200G build with RGB everything 🌈",,90,"12/16/2022 23:00",auto,https://www.facebook.com/reel/1422756229441088/,0,0,Reels,,,,,12/05/2022,0,,,,,,0,0,0,0,0,0.000,2.745
981111718025335,100064197037125,"PC Merchandise","客户 satisfied ✅ RYZEN 3 3200G build with RGB everything 🌈",,90,"12/16/2022 23:00",auto,https://www.facebook.com/reel/1422756229441088/,0,0,Reels,,,,,12/06/2022,0,,,,,,0,0,0,0,0,0.000,3.779
981111718025335,100064197037125,"PC Merchandise","客户 satisfied ✅ RYZEN 3 3200G build with RGB everything 🌈",,90,"12/16/2022 23:00",auto,https://www.facebook.com/reel/1422756229441088/,0,0,Reels,,,,,12/07/2022,0,,,,,,0,0,0,0,0,0.000,4.923
981111718025335,100064197037125,"PC Merchandise","客户 satisfied ✅ RYZEN 3 3200G build with RGB everything 🌈",,90,"12/16/2022 23:00",auto,https://www.facebook.com/reel/1422756229441088/,0,0,Reels,,,,,12/08/2022,0,,,,,,0,0,0,0,0,0.000,5.348
981111718025335,100064197037125,"PC Merchandise","客户 satisfied ✅ RYZEN 3 3200G build with RGB everything 🌈",,90,"12/16/2022 23:00",auto,https://www.facebook.com/reel/1422756229441088/,0,0,Reels,,,,,12/09/2022,0,,,,,,0,0,0,0,0,0.000,4.128
981111718025335,100064197037125,"PC Merchandise","客户 satisfied ✅ RYZEN 3 3200G build with RGB everything 🌈",,90,"12/16/2022 23:00",auto,https://www.facebook.com/reel/1422756229441088/,0,0,Reels,,,,,12/10/2022,0,,,,,,0,0,0,0,0,0.000,3.352
981111718025335,100064197037125,"PC Merchandise","客户 satisfied ✅ RYZEN 3 3200G build with RGB everything 🌈",,90,"12/16/2022 23:00",auto,https://www.facebook.com/reel/1422756229441088/,0,0,Reels,,,,,12/11/2022,0,,,,,,0,0,0,0,0,0.000,4.369
981111718025335,100064197037125,"PC Merchandise","客户 satisfied ✅ RYZEN 3 3200G build with RGB everything 🌈",,90,"12/16/2022 23:00",auto,https://www.facebook.com/reel/1422756229441088/,0,0,Reels,,,,,12/12/2022,0,,,,,,0,0,0,0,0,0.000,5.203
981111718025335,100064197037125,"PC Merchandise","客户 satisfied ✅ RYZEN 3 3200G build with RGB everything 🌈",,90,"12/16/2022 23:00",auto,https://www.facebook.com/reel/1422756229441088/,0,0,Reels,,,,,12/13/2022,0,,,,,,0,0,0,0,0,0.000,4.119
981111718025335,100064197037125,"PC Merchandise","客户 satisfied ✅ RYZEN 3 3200G build with RGB everything 🌈",,90,"12/16/2022 23:00",auto,https://www.facebook.com/reel/1422756229441088/,0,0,Reels,,,,,12/14/2022,0,,,,,,0,0,0,0,0,0.000,5.421
981111718025335,100064197037125,"PC Merchandise","客户 satisfied ✅ RYZEN 3 3200G build with RGB everything 🌈",,90,"12/16/2022 23:00",auto,https://www.facebook.com/reel/1422756229441088/,0,0,Reels,,,,,12/15/2022,0,,,,,,0,0,0,0,0,0.000,6.283
981111718025335,100064197037125,"PC Merchandise","客户 satisfied ✅ RYZEN 3 3200G build with RGB everything 🌈",,90,"12/16/2022 23:00",auto,https://www.facebook.com/reel/1422756229441088/,0,0,Reels,,,,,12/16/2022,0,,,,,,0,0,1,1,0,244.747,4.208
981111718025335,100064197037125,"PC Merchandise","客户 satisfied ✅ RYZEN 3 3200G build with RGB everything 🌈",,90,"12/16/2022 23:00",auto,https://www.facebook.com/reel/1422756229441088/,0,0,Reels,,,,,12/17/2022,0,,,,,,0,0,0,0,0,155.692,4.329
981111718025335,100064197037125,"PC Merchandise","客户 satisfied ✅ RYZEN 3 3200G build with RGB everything 🌈",,90,"12/16/2022 23:00",auto,https://www.facebook.com/reel/1422756229441088/,0,0,Reels,,,,,12/18/2022,0,,,,,,0,0,0,0,0,104.704,4.547
981111718025335,100064197037125,"PC Merchandise","客户 satisfied ✅ RYZEN 3 3200G build with RGB everything 🌈",,90,"12/16/2022 23:00",auto,https://www.facebook.com/reel/1422756229441088/,0,0,Reels,,,,,12/19/2022,0,,,,,,0,0,0,0,0,51.307,4.524
981111718025335,100064197037125,"PC Merchandise","客户 satisfied ✅ RYZEN 3 3200G build with RGB everything 🌈",,90,"12/16/2022 23:00",auto,https://www.facebook.com/reel/1422756229441088/,0,0,Reels,,,,,12/20/2022,0,,,,,,0,0,0,0,0,78.487,4.853
981111718025335,100064197037125,"PC Merchandise","客户 satisfied ✅ RYZEN 3 3200G build with RGB everything 🌈",,90,"12/16/2022 23:00",auto,https://www.facebook.com/reel/1422756229441088/,0,0,Reels,,,,,12/21/2022,0,,,,,,0,0,0,0,0,44.796,4.040
981111718025335,100064197037125,"PC Merchandise","客户 satisfied ✅ RYZEN 3 3200G build with RGB everything 🌈",,90,"12/16/2022 23:00",auto,https://www.facebook.com/reel/1422756229441088/,0,0,Reels,,,,,12/22/2022,0,,,,,,0,0,2,1,1,53.738,4.320
981111718025335,100064197037125,"PC Merchandise","客户 satisfied ✅ RYZEN 3 3200G build with RGB everything 🌈",,90,"12/16/2022 23:00",auto,https://www.facebook.com/reel/1422756229441088/,0,0,Reels,,,,,12/23/2022,0,,,,,,0,0,0,0,0,25.630,5.298
981111718025335,100064197037125,"PC Merchandise","客户 satisfied ✅ RYZEN 3 3200G build with RGB everything 🌈",,90,"12/16/2022 23:00",auto,https://www.facebook.com/reel/1422756229441088/,0,0,Reels,,,,,12/24/2022,0,,,,,,0,0,0,0,0,38.613,2.886
981111718025335,100064197037125,"PC Merchandise","客户 satisfied ✅ RYZEN 3 3200G build with RGB everything 🌈",,90,"12/16/2022 23:00",auto,https://www.facebook.com/reel/1422756229441088/,0,0,Reels,,,,,12/25/2022,0,,,,,,0,0,0,0,0,21.630,4.217
981111718025335,100064197037125,"PC Merchandise","客户 satisfied ✅ RYZEN 3 3200G build with RGB everything 🌈",,90,"12/16/2022 23:00",auto,https://www.facebook.com/reel/1422756229441088/,0,0,Reels,,,,,12/26/2022,0,,,,,,0,0,0,0,0,37.114,4.068
981111718025335,100064197037125,"PC Merchandise","客户 satisfied ✅ RYZEN 3 3200G build with RGB everything 🌈",,90,"12/16/2022 23:00",auto,https://www.facebook.com/reel/1422756229441088/,0,0,Reels,,,,,12/27/2022,0,,,,,,0,0,0,0,0,16.122,4.774
981111718025335,100064197037125,"PC Merchandise","客户 satisfied ✅ RYZEN 3 3200G build with RGB everything 🌈",,90,"12/16/2022 23:00",auto,https://www.facebook.com/reel/1422756229441088/,0,0,Reels,,,,,12/28/2022,0,,,,,,0,0,0,0,0,18.252,3.911
981111718025335,100064197037125,"PC Merchandise","客户 satisfied ✅ RYZEN 3 3200G build with RGB everything 🌈",,90,"12/16/2022 23:00",auto,https://www.facebook.com/reel/1422756229441088/,0,0,Reels,,,,,12/29/2022,0,,,,,,0,0,0,0,0,13.176,4.233
981111718025335,100064197037125,"PC Merchandise","客户 satisfied ✅ RYZEN 3 3200G build with RGB everything 🌈",,90,"12/16/2022 23:00",auto,https://www.facebook.com/reel/1422756229441088/,0,0,Reels,,,,,12/30/2022,0,,,,,,0,0,0,0,0,8.485,4.705
981111718025335,100064197037125,"PC Merchandise","客户 satisfied ✅ RYZEN 3 3200G build with RGB everything 🌈",,90,"12/16/2022 23:00",auto,https://www.facebook.com/reel/1422756229441088/,0,0,Reels,,,,,12/31/2022,0,,,,,,0,0,0,0,0,11.718,3.997
981406785459962,100064197037125,"PC Merchandise","One more rig complete. One more client satisfied. Built with i5 10400F + GTX 1650. PM us for yours!",,0,"12/16/2022 19:00",,https://www.facebook.com/pcmerchandise.co/posts/pfbid0G00voiElKLNIA97v8Kp7ddMOQOLocXeql47xJ3ykE7BUyeRk8MSdCdcU,0,0,Photos,,,,,12/31/2022,0,,,,,,,,,,,,
981406785459962,100064197037125,"PC Merchandise","One more rig complete. One more client satisfied. Built with i5 10400F + GTX 1650. PM us for yours!",,0,"12/16/2022 19:00",,https://www.facebook.com/pcmerchandise.co/posts/pfbid0G00voiElKLNIA97v8Kp7ddMOQOLocXeql47xJ3ykE7BUyeRk8MSdCdcU,0,0,Photos,,,,,12/01/2022,,,0,0,0,0,0,0,,,,,
981406785459962,100064197037125,"PC Merchandise","One more rig complete. One more client satisfied. Built with i5 10400F + GTX 1650. PM us for yours!",,0,"12/16/2022 19:00",,https://www.facebook.com/pcmerchandise.co/posts/pfbid0G00voiElKLNIA97v8Kp7ddMOQOLocXeql47xJ3ykE7BUyeRk8MSdCdcU,0,0,Photos,,,,,12/02/2022,,,0,0,0,0,0,0,,,,,
981406785459962,100064197037125,"PC Merchandise","One more rig complete. One more client satisfied. Built with i5 10400F + GTX 1650. PM us for yours!",,0,"12/16/2022 19:00",,https://www.facebook.com/pcmerchandise.co/posts/pfbid0G00voiElKLNIA97v8Kp7ddMOQOLocXeql47xJ3ykE7BUyeRk8MSdCdcU,0,0,Photos,,,,,12/03/2022,,,0,0,0,0,0,0,,,,,
981406785459962,100064197037125,"PC Merchandise","One more rig complete. One more client satisfied. Built with i5 10400F + GTX 1650. PM us for yours!",,0,"12/16/2022 19:00",,https://www.facebook.com/pcmerchandise.co/posts/pfbid0G00voiElKLNIA97v8Kp7ddMOQOLocXeql47xJ3ykE7BUyeRk8MSdCdcU,0,0,Photos,,,,,12/04/2022,,,0,0,0,0,0,0,,,,,
981406785459962,100064197037125,"PC Merchandise","One more rig complete. One more client satisfied. Built with i5 10400F + GTX 1650. PM us for yours!",,0,"12/16/2022 19:00",,https://www.facebook.com/pcmerchandise.co/posts/pfbid0G00voiElKLNIA97v8Kp7ddMOQOLocXeql47xJ3ykE7BUyeRk8MSdCdcU,0,0,Photos,,,,,12/05/2022,,,0,0,0,0,0,0,,,,,
981406785459962,100064197037125,"PC Merchandise","One more rig complete. One more client satisfied. Built with i5 10400F + GTX 1650. PM us for yours!",,0,"12/16/2022 19:00",,https://www.facebook.com/pcmerchandise.co/posts/pfbid0G00voiElKLNIA97v8Kp7ddMOQOLocXeql47xJ3ykE7BUyeRk8MSdCdcU,0,0,Photos,,,,,12/06/2022,,,0,0,0,0,0,0,,,,,
981406785459962,100064197037125,"PC Merchandise","One more rig complete. One more client satisfied. Built with i5 10400F + GTX 1650. PM us for yours!",,0,"12/16/2022 19:00",,https://www.facebook.com/pcmerchandise.co/posts/pfbid0G00voiElKLNIA97v8Kp7ddMOQOLocXeql47xJ3ykE7BUyeRk8MSdCdcU,0,0,Photos,,,,,12/07/2022,,,0,0,0,0,0,0,,,,,
981406785459962,100064197037125,"PC Merchandise","One more rig complete. One more client satisfied. Built with i5 10400F + GTX 1650. PM us for yours!",,0,"12/16/2022 19:00",,https://www.facebook.com/pcmerchandise.co/posts/pfbid0G00voiElKLNIA97v8Kp7ddMOQOLocXeql47xJ3ykE7BUyeRk8MSdCdcU,0,0,Photos,,,,,12/08/2022,,,0,0,0,0,0,0,,,,,
981406785459962,100064197037125,"PC Merchandise","One more rig complete. One more client satisfied. Built with i5 10400F + GTX 1650. PM us for yours!",,0,"12/16/2022 19:00",,https://www.facebook.com/pcmerchandise.co/posts/pfbid0G00voiElKLNIA97v8Kp7ddMOQOLocXeql47xJ3ykE7BUyeRk8MSdCdcU,0,0,Photos,,,,,12/09/2022,,,0,0,0,0,0,0,,,,,
981406785459962,100064197037125,"PC Merchandise","One more rig complete. One more client satisfied. Built with i5 10400F + GTX 1650. PM us for yours!",,0,"12/16/2022 19:00",,https://www.facebook.com/pcmerchandise.co/posts/pfbid0G00voiElKLNIA97v8Kp7ddMOQOLocXeql47xJ3ykE7BUyeRk8MSdCdcU,0,0,Photos,,,,,12/10/2022,,,0,0,0,0,0,0,,,,,
981406785459962,100064197037125,"PC Merchandise","One more rig complete. One more client satisfied. Built with i5 10400F + GTX 1650. PM us for yours!",,0,"12/16/2022 19:00",,https://www.facebook.com/pcmerchandise.co/posts/pfbid0G00voiElKLNIA97v8Kp7ddMOQOLocXeql47xJ3ykE7BUyeRk8MSdCdcU,0,0,Photos,,,,,12/11/2022,,,0,0,0,0,0,0,,,,,
981406785459962,100064197037125,"PC Merchandise","One more rig complete. One more client satisfied. Built with i5 10400F + GTX 1650. PM us for yours!",,0,"12/16/2022 19:00",,https://www.facebook.com/pcmerchandise.co/posts/pfbid0G00voiElKLNIA97v8Kp7ddMOQOLocXeql47xJ3ykE7BUyeRk8MSdCdcU,0,0,Photos,,,,,12/12/2022,,,0,0,0,0,0,0,,,,,
981406785459962,100064197037125,"PC Merchandise","One more rig complete. One more client satisfied. Built with i5 10400F + GTX 1650. PM us for yours!",,0,"12/16/2022 19:00",,https://www.facebook.com/pcmerchandise.co/posts/pfbid0G00voiElKLNIA97v8Kp7ddMOQOLocXeql47xJ3ykE7BUyeRk8MSdCdcU,0,0,Photos,,,,,12/13/2022,,,0,0,0,0,0,0,,,,,
981406785459962,100064197037125,"PC Merchandise","One more rig complete. One more client satisfied. Built with i5 10400F + GTX 1650. PM us for yours!",,0,"12/16/2022 19:00",,https://www.facebook.com/pcmerchandise.co/posts/pfbid0G00voiElKLNIA97v8Kp7ddMOQOLocXeql47xJ3ykE7BUyeRk8MSdCdcU,0,0,Photos,,,,,12/14/2022,,,0,0,0,0,0,0,,,,,
981406785459962,100064197037125,"PC Merchandise","One more rig complete. One more client satisfied. Built with i5 10400F + GTX 1650. PM us for yours!",,0,"12/16/2022 19:00",,https://www.facebook.com/pcmerchandise.co/posts/pfbid0G00voiElKLNIA97v8Kp7ddMOQOLocXeql47xJ3ykE7BUyeRk8MSdCdcU,0,0,Photos,,,,,12/15/2022,,,0,0,0,0,0,0,,,,,
981406785459962,100064197037125,"PC Merchandise","One more rig complete. One more client satisfied. Built with i5 10400F + GTX 1650. PM us for yours!",,0,"12/16/2022 19:00",,https://www.facebook.com/pcmerchandise.co/posts/pfbid0G00voiElKLNIA97v8Kp7ddMOQOLocXeql47xJ3ykE7BUyeRk8MSdCdcU,0,0,Photos,,,,,12/16/2022,,,0,0,0,0,0,0,,,,,
981406785459962,100064197037125,"PC Merchandise","One more rig complete. One more client satisfied. Built with i5 10400F + GTX 1650. PM us for yours!",,0,"12/16/2022 19:00",,https://www.facebook.com/pcmerchandise.co/posts/pfbid0G00voiElKLNIA97v8Kp7ddMOQOLocXeql47xJ3ykE7BUyeRk8MSdCdcU,0,0,Photos,,,,,12/17/2022,,,0,0,0,0,0,0,,,,,
981406785459962,100064197037125,"PC Merchandise","One more rig complete. One more client satisfied. Built with i5 10400F + GTX 1650. PM us for yours!",,0,"12/16/2022 19:00",,https://www.facebook.com/pcmerchandise.co/posts/pfbid0G00voiElKLNIA97v8Kp7ddMOQOLocXeql47xJ3ykE7BUyeRk8MSdCdcU,0,0,Photos,,,,,12/18/2022,,,0,0,0,0,0,0,,,,,
981406785459962,100064197037125,"PC Merchandise","One more rig complete. One more client satisfied. Built with i5 10400F + GTX 1650. PM us for yours!",,0,"12/16/2022 19:00",,https://www.facebook.com/pcmerchandise.co/posts/pfbid0G00voiElKLNIA97v8Kp7ddMOQOLocXeql47xJ3ykE7BUyeRk8MSdCdcU,0,0,Photos,,,,,12/19/2022,,,0,0,0,0,0,0,,,,,
981406785459962,100064197037125,"PC Merchandise","One more rig complete. One more client satisfied. Built with i5 10400F + GTX 1650. PM us for yours!",,0,"12/16/2022 19:00",,https://www.facebook.com/pcmerchandise.co/posts/pfbid0G00voiElKLNIA97v8Kp7ddMOQOLocXeql47xJ3ykE7BUyeRk8MSdCdcU,0,0,Photos,,,,,12/20/2022,,,0,0,0,0,0,0,,,,,
981406785459962,100064197037125,"PC Merchandise","One more rig complete. One more client satisfied. Built with i5 10400F + GTX 1650. PM us for yours!",,0,"12/16/2022 19:00",,https://www.facebook.com/pcmerchandise.co/posts/pfbid0G00voiElKLNIA97v8Kp7ddMOQOLocXeql47xJ3ykE7BUyeRk8MSdCdcU,0,0,Photos,,,,,12/21/2022,,,0,0,0,0,0,0,,,,,
981406785459962,100064197037125,"PC Merchandise","One more rig complete. One more client satisfied. Built with i5 10400F + GTX 1650. PM us for yours!",,0,"12/16/2022 19:00",,https://www.facebook.com/pcmerchandise.co/posts/pfbid0G00voiElKLNIA97v8Kp7ddMOQOLocXeql47xJ3ykE7BUyeRk8MSdCdcU,0,0,Photos,,,,,12/22/2022,,,0,0,0,0,0,0,,,,,
981406785459962,100064197037125,"PC Merchandise","One more rig complete. One more client satisfied. Built with i5 10400F + GTX 1650. PM us for yours!",,0,"12/16/2022 19:00",,https://www.facebook.com/pcmerchandise.co/posts/pfbid0G00voiElKLNIA97v8Kp7ddMOQOLocXeql47xJ3ykE7BUyeRk8MSdCdcU,0,0,Photos,,,,,12/23/2022,,,0,0,0,0,0,0,,,,,
981406785459962,100064197037125,"PC Merchandise","One more rig complete. One more client satisfied. Built with i5 10400F + GTX 1650. PM us for yours!",,0,"12/16/2022 19:00",,https://www.facebook.com/pcmerchandise.co/posts/pfbid0G00voiElKLNIA97v8Kp7ddMOQOLocXeql47xJ3ykE7BUyeRk8MSdCdcU,0,0,Photos,,,,,12/24/2022,,,0,0,0,0,0,0,,,,,
981406785459962,100064197037125,"PC Merchandise","One more rig complete. One more client satisfied. Built with i5 10400F + GTX 1650. PM us for yours!",,0,"12/16/2022 19:00",,https://www.facebook.com/pcmerchandise.co/posts/pfbid0G00voiElKLNIA97v8Kp7ddMOQOLocXeql47xJ3ykE7BUyeRk8MSdCdcU,0,0,Photos,,,,,12/25/2022,,,0,0,0,0,0,0,,,,,
981406785459962,100064197037125,"PC Merchandise","One more rig complete. One more client satisfied. Built with i5 10400F + GTX 1650. PM us for yours!",,0,"12/16/2022 19:00",,https://www.facebook.com/pcmerchandise.co/posts/pfbid0G00voiElKLNIA97v8Kp7ddMOQOLocXeql47xJ3ykE7BUyeRk8MSdCdcU,0,0,Photos,,,,,12/26/2022,,,0,0,0,0,0,0,,,,,
981406785459962,100064197037125,"PC Merchandise","One more rig complete. One more client satisfied. Built with i5 10400F + GTX 1650. PM us for yours!",,0,"12/16/2022 19:00",,https://www.facebook.com/pcmerchandise.co/posts/pfbid0G00voiElKLNIA97v8Kp7ddMOQOLocXeql47xJ3ykE7BUyeRk8MSdCdcU,0,0,Photos,,,,,12/27/2022,,,0,0,0,0,0,0,,,,,
981406785459962,100064197037125,"PC Merchandise","One more rig complete. One more client satisfied. Built with i5 10400F + GTX 1650. PM us for yours!",,0,"12/16/2022 19:00",,https://www.facebook.com/pcmerchandise.co/posts/pfbid0G00voiElKLNIA97v8Kp7ddMOQOLocXeql47xJ3ykE7BUyeRk8MSdCdcU,0,0,Photos,,,,,12/28/2022,,,0,0,0,0,0,0,,,,,
981406785459962,100064197037125,"PC Merchandise","One more rig complete. One more client satisfied. Built with i5 10400F + GTX 1650. PM us for yours!",,0,"12/16/2022 19:00",,https://www.facebook.com/pcmerchandise.co/posts/pfbid0G00voiElKLNIA97v8Kp7ddMOQOLocXeql47xJ3ykE7BUyeRk8MSdCdcU,0,0,Photos,,,,,12/29/2022,,,0,0,0,0,0,0,,,,,
981406785459962,100064197037125,"PC Merchandise","One more rig complete. One more client satisfied. Built with i5 10400F + GTX 1650. PM us for yours!",,0,"12/16/2022 19:00",,https://www.facebook.com/pcmerchandise.co/posts/pfbid0G00voiElKLNIA97v8Kp7ddMOQOLocXeql47xJ3ykE7BUyeRk8MSdCdcU,0,0,Photos,,,,,12/30/2022,,,0,0,0,0,0,0,,,,,
981406785459962,100064197037125,"PC Merchandise","One more rig complete. One more client satisfied. Built with i5 10400F + GTX 1650. PM us for yours!",,0,"12/16/2022 19:00",,https://www.facebook.com/pcmerchandise.co/posts/pfbid0G00voiElKLNIA97v8Kp7ddMOQOLocXeql47xJ3ykE7BUyeRk8MSdCdcU,0,0,Photos,,,,,12/31/2022,,,0,0,0,0,0,0,,,,,
980902167857779,100064197037125,"PC Merchandise","Paano kung sabihin ko sayo na kaya mo na mag GTX 1650 build under budget? 👀",,29,"12/16/2022 17:00",,https://www.facebook.com/reel/1537673265700259/,0,0,Reels,,,,,12/01/2022,0,,,,,,0,0,0,0,0,0.000,2.162
980902167857779,100064197037125,"PC Merchandise","Paano kung sabihin ko sayo na kaya mo na mag GTX 1650 build under budget? 👀",,29,"12/16/2022 17:00",,https://www.facebook.com/reel/1537673265700259/,0,0,Reels,,,,,12/02/2022,0,,,,,,0,0,0,0,0,0.000,3.772
980902167857779,100064197037125,"PC Merchandise","Paano kung sabihin ko sayo na kaya mo na mag GTX 1650 build under budget? 👀",,29,"12/16/2022 17:00",,https://www.facebook.com/reel/1537673265700259/,0,0,Reels,,,,,12/03/2022,0,,,,,,0,0,0,0,0,0.000,3.404
980902167857779,100064197037125,"PC Merchandise","Paano kung sabihin ko sayo na kaya mo na mag GTX 1650 build under budget? 👀",,29,"12/16/2022 17:00",,https://www.facebook.com/reel/1537673265700259/,0,0,Reels,,,,,12/04/2022,0,,,,,,0,0,0,0,0,0.000,3.555
980902167857779,100064197037125,"PC Merchandise","Paano kung sabihin ko sayo na kaya mo na mag GTX 1650 build under budget? 👀",,29,"12/16/2022 17:00",,https://www.facebook.com/reel/1537673265700259/,0,0,Reels,,,,,12/05/2022,0,,,,,,0,0,0,0,0,0.000,4.422
980902167857779,100064197037125,"PC Merchandise","Paano kung sabihin ko sayo na kaya mo na mag GTX 1650 build under budget? 👀",,29,"12/16/2022 17:00",,https://www.facebook.com/reel/1537673265700259/,0,0,Reels,,,,,12/06/2022,0,,,,,,0,0,0,0,0,0.000,4.435
980902167857779,100064197037125,"PC Merchandise","Paano kung sabihin ko sayo na kaya mo na mag GTX 1650 build under budget? 👀",,29,"12/16/2022 17:00",,https://www.facebook.com/reel/1537673265700259/,0,0,Reels,,,,,12/07/2022,0,,,,,,0,0,0,0,0,0.000,3.804
980902167857779,100064197037125,"PC Merchandise","Paano kung sabihin ko sayo na kaya mo na mag GTX 1650 build under budget? 👀",,29,"12/16/2022 17:00",,https://www.facebook.com/reel/1537673265700259/,0,0,Reels,,,,,12/08/2022,0,,,,,,0,0,0,0,0,0.000,3.049
980902167857779,100064197037125,"PC Merchandise","Paano kung sabihin ko sayo na kaya mo na mag GTX 1650 build under budget? 👀",,29,"12/16/2022 17:00",,https://www.facebook.com/reel/1537673265700259/,0,0,Reels,,,,,12/09/2022,0,,,,,,0,0,0,0,0,0.000,4.660
980902167857779,100064197037125,"PC Merchandise","Paano kung sabihin ko sayo na kaya mo na mag GTX 1650 build under budget? 👀",,29,"12/16/2022 17:00",,https://www.facebook.com/reel/1537673265700259/,0,0,Reels,,,,,12/10/2022,0,,,,,,0,0,0,0,0,0.000,5.313
980902167857779,100064197037125,"PC Merchandise","Paano kung sabihin ko sayo na kaya mo na mag GTX 1650 build under budget? 👀",,29,"12/16/2022 17:00",,https://www.facebook.com/reel/1537673265700259/,0,0,Reels,,,,,12/11/2022,0,,,,,,0,0,0,0,0,0.000,3.399
980902167857779,100064197037125,"PC Merchandise","Paano kung sabihin ko sayo na kaya mo na mag GTX 1650 build under budget? 👀",,29,"12/16/2022 17:00",,https://www.facebook.com/reel/1537673265700259/,0,0,Reels,,,,,12/12/2022,0,,,,,,0,0,0,0,0,0.000,3.717
980902167857779,100064197037125,"PC Merchandise","Paano kung sabihin ko sayo na kaya mo na mag GTX 1650 build under budget? 👀",,29,"12/16/2022 17:00",,https://www.facebook.com/reel/1537673265700259/,0,0,Reels,,,,,12/13/2022,0,,,,,,0,0,0,0,0,0.000,4.209
980902167857779,100064197037125,"PC Merchandise","Paano kung sabihin ko sayo na kaya mo na mag GTX 1650 build under budget? 👀",,29,"12/16/2022 17:00",,https://www.facebook.com/reel/1537673265700259/,0,0,Reels,,,,,12/14/2022,0,,,,,,0,0,0,0,0,0.000,3.484
980902167857779,100064197037125,"PC Merchandise","Paano kung sabihin ko sayo na kaya mo na mag GTX 1650 build under budget? 👀",,29,"12/16/2022 17:00",,https://www.facebook.com/reel/1537673265700259/,0,0,Reels,,,,,12/15/2022,0,,,,,,0,0,0,0,0,0.000,6.368
980902167857779,100064197037125,"PC Merchandise","Paano kung sabihin ko sayo na kaya mo na mag GTX 1650 build under budget? 👀",,29,"12/16/2022 17:00",,https://www.facebook.com/reel/1537673265700259/,0,0,Reels,,,,,12/16/2022,0,,,,,,0,0,3,1,2,88.761,3.628
980902167857779,100064197037125,"PC Merchandise","Paano kung sabihin ko sayo na kaya mo na mag GTX 1650 build under budget? 👀",,29,"12/16/2022 17:00",,https://www.facebook.com/reel/1537673265700259/,0,0,Reels,,,,,12/17/2022,0,,,,,,0,0,2,2,0,55.389,3.719
980902167857779,100064197037125,"PC Merchandise","Paano kung sabihin ko sayo na kaya mo na mag GTX 1650 build under budget? 👀",,29,"12/16/2022 17:00",,https://www.facebook.com/reel/1537673265700259/,0,0,Reels,,,,,12/18/2022,0,,,,,,0,0,2,2,0,64.860,4.950
980902167857779,100064197037125,"PC Merchandise","Paano kung sabihin ko sayo na kaya mo na mag GTX 1650 build under budget? 👀",,29,"12/16/2022 17:00",,https://www.facebook.com/reel/1537673265700259/,0,0,Reels,,,,,12/19/2022,0,,,,,,0,0,1,0,1,40.420,4.218
980902167857779,100064197037125,"PC Merchandise","Paano kung sabihin ko sayo na kaya mo na mag GTX 1650 build under budget? 👀",,29,"12/16/2022 17:00",,https://www.facebook.com/reel/1537673265700259/,0,0,Reels,,,,,12/20/2022,1,,,,,,0,0,2,1,0,20.760,3.354
980902167857779,100064197037125,"PC Merchandise","Paano kung sabihin ko sayo na kaya mo na mag GTX 1650 build under budget? 👀",,29,"12/16/2022 17:00",,https://www.facebook.com/reel/1537673265700259/,0,0,Reels,,,,,12/21/2022,0,,,,,,0,0,2,1,1,17.970,4.341
980902167857779,100064197037125,"PC Merchandise","Paano kung sabihin ko sayo na kaya mo na mag GTX 1650 build under budget? 👀",,29,"12/16/2022 17:00",,https://www.facebook.com/reel/1537673265700259/,0,0,Reels,,,,,12/22/2022,0,,,,,,0,0,0,0,0,10.345,5.318
980902167857779,100064197037125,"PC Merchandise","Paano kung sabihin ko sayo na kaya mo na mag GTX 1650 build under budget? 👀",,29,"12/16/2022 17:00",,https://www.facebook.com/reel/1537673265700259/,0,0,Reels,,,,,12/23/2022,0,,,,,,0,0,0,0,0,14.934,3.525
980902167857779,100064197037125,"PC Merchandise","Paano kung sabihin ko sayo na kaya mo na mag GTX 1650 build under budget? 👀",,29,"12/16/2022 17:00",,https://www.facebook.com/reel/1537673265700259/,0,0,Reels,,,,,12/24/2022,0,,,,,,0,0,0,0,0,19.191,3.943
980902167857779,100064197037125,"PC Merchandise","Paano kung sabihin ko sayo na kaya mo na mag GTX 1650 build under budget? 👀",,29,"12/16/2022 17:00",,https://www.facebook.com/reel/1537673265700259/,0,0,Reels,,,,,12/25/2022,0,,,,,,0,0,0,0,0,10.665,3.425
980902167857779,100064197037125,"PC Merchandise","Paano kung sabihin ko sayo na kaya mo na mag GTX 1650 build under budget? 👀",,29,"12/16/2022 17:00",,https://www.facebook.com/reel/1537673265700259/,0,0,Reels,,,,,12/26/2022,0,,,,,,0,0,0,0,0,5.756,5.247
980902167857779,100064197037125,"PC Merchandise","Paano kung sabihin ko sayo na kaya mo na mag GTX 1650 build under budget? 👀",,29,"12/16/2022 17:00",,https://www.facebook.com/reel/1537673265700259/,0,0,Reels,,,,,12/27/2022,0,,,,,,0,0,1,1,0,5.626,6.017
980902167857779,100064197037125,"PC Merchandise","Paano kung sabihin ko sayo na kaya mo na mag GTX 1650 build under budget? 👀",,29,"12/16/2022 17:00",,https://www.facebook.com/reel/1537673265700259/,0,0,Reels,,,,,12/28/2022,0,,,,,,0,0,0,0,0,7.351,3.862
980902167857779,100064197037125,"PC Merchandise","Paano kung sabihin ko sayo na kaya mo na mag GTX 1650 build under budget? 👀",,29,"12/16/2022 17:00",,https://www.facebook.com/reel/1537673265700259/,0,0,Reels,,,,,12/29/2022,0,,,,,,0,0,0,0,0,6.528,3.587
980902167857779,100064197037125,"PC Merchandise","Paano kung sabihin ko sayo na kaya mo na mag GTX 1650 build under budget? 👀",,29,"12/16/2022 17:00",,https://www.facebook.com/reel/1537673265700259/,0,0,Reels,,,,,12/30/2022,0,,,,,,0,0,0,0,0,7.823,3.269
980902167857779,100064197037125,"PC Merchandise","Paano kung sabihin ko sayo na kaya mo na mag GTX 1650 build under budget? 👀",,29,"12/16/2022 17:00",,https://www.facebook.com/reel/1537673265700259/,0,0,Reels,,,,,12/31/2022,0,,,,,,0,0,0,0,0,4.737,4.129
981320346857763,100064197037125,"PC Merchandise","𝐀𝐌𝟓 𝐁𝐮𝐢𝐥𝐝 𝐋𝐢𝐦𝐢𝐭𝐞𝐝 𝐒𝐚𝐥𝐞! 🚨
Experience next-gen performance with our latest builds. PM for pricelist!",,44,"12/15/2022 19:00",mixed,https://www.facebook.com/reel/1000789385608728/,0,0,Reels,,,,,12/01/2022,0,,,,,,0,0,0,0,0,0.000,4.248
981320346857763,100064197037125,"PC Merchandise","𝐀𝐌𝟓 𝐁𝐮𝐢𝐥𝐝 𝐋𝐢𝐦𝐢𝐭𝐞𝐝 𝐒𝐚𝐥𝐞! 🚨
Experience next-gen performance with our latest builds. PM for pricelist!",,44,"12/15/2022 19:00",mixed,https://www.facebook.com/reel/1000789385608728/,0,0,Reels,,,,,12/02/2022,0,,,,,,0,0,0,0,0,0.000,5.364
981320346857763,100064197037125,"PC Merchandise","𝐀𝐌𝟓 𝐁𝐮𝐢𝐥𝐝 𝐋𝐢𝐦𝐢𝐭𝐞𝐝 𝐒𝐚𝐥𝐞! 🚨
Experience next-gen performance with our latest builds. PM for pricelist!",,44,"12/15/2022 19:00",mixed,https://www.facebook.com/reel/1000789385608728/,0,0,Reels,,,,,12/03/2022,0,,,,,,0,0,0,0,0,0.000,6.059
981320346857763,100064197037125,"PC Merchandise","𝐀𝐌𝟓 𝐁𝐮𝐢𝐥𝐝 𝐋𝐢𝐦𝐢𝐭𝐞𝐝 𝐒𝐚𝐥𝐞! 🚨
Experience next-gen performance with our latest builds. PM for pricelist!",,44,"12/15/2022 19:00",mixed,https://www.facebook.com/reel/1000789385608728/,0,0,Reels,,,,,12/04/2022,0,,,,,,0,0,0,0,0,0.000,4.186
981320346857763,100064197037125,"PC Merchandise","𝐀𝐌𝟓 𝐁𝐮𝐢𝐥𝐝 𝐋𝐢𝐦𝐢𝐭𝐞𝐝 𝐒𝐚𝐥𝐞! 🚨
Experience next-gen performance with our latest builds. PM for pricelist!",,44,"12/15/2022 19:00",mixed,https://www.facebook.com/reel/1000789385608728/,0,0,Reels,,,,,12/05/2022,0,,,,,,0,0,0,0,0,0.000,5.034
981320346857763,100064197037125,"PC Merchandise","𝐀𝐌𝟓 𝐁𝐮𝐢𝐥𝐝 𝐋𝐢𝐦𝐢𝐭𝐞𝐝 𝐒𝐚𝐥𝐞! 🚨
Experience next-gen performance with our latest builds. PM for pricelist!",,44,"12/15/2022 19:00",mixed,https://www.facebook.com/reel/1000789385608728/,0,0,Reels,,,,,12/06/2022,0,,,,,,0,0,0,0,0,0.000,4.058
981320346857763,100064197037125,"PC Merchandise","𝐀𝐌𝟓 𝐁𝐮𝐢𝐥𝐝 𝐋𝐢𝐦𝐢𝐭𝐞𝐝 𝐒𝐚𝐥𝐞! 🚨
Experience next-gen performance with our latest builds. PM for pricelist!",,44,"12/15/2022 19:00",mixed,https://www.facebook.com/reel/1000789385608728/,0,0,Reels,,,,,12/07/2022,0,,,,,,0,0,0,0,0,0.000,4.569
981320346857763,100064197037125,"PC Merchandise","𝐀𝐌𝟓 𝐁𝐮𝐢𝐥𝐝 𝐋𝐢𝐦𝐢𝐭𝐞𝐝 𝐒𝐚𝐥𝐞! 🚨
Experience next-gen performance with our latest builds. PM for pricelist!",,44,"12/15/2022 19:00",mixed,https://www.facebook.com/reel/1000789385608728/,0,0,Reels,,,,,12/08/2022,0,,,,,,0,0,0,0,0,0.000,5.340
981320346857763,100064197037125,"PC Merchandise","𝐀𝐌𝟓 𝐁𝐮𝐢𝐥𝐝 𝐋𝐢𝐦𝐢𝐭𝐞𝐝 𝐒𝐚𝐥𝐞! 🚨
Experience next-gen performance with our latest builds. PM for pricelist!",,44,"12/15/2022 19:00",mixed,https://www.facebook.com/reel/1000789385608728/,0,0,Reels,,,,,12/09/2022,0,,,,,,0,0,0,0,0,0.000,6.515
981320346857763,100064197037125,"PC Merchandise","𝐀𝐌𝟓 𝐁𝐮𝐢𝐥𝐝 𝐋𝐢𝐦𝐢𝐭𝐞𝐝 𝐒𝐚𝐥𝐞! 🚨
Experience next-gen performance with our latest builds. PM for pricelist!",,44,"12/15/2022 19:00",mixed,https://www.facebook.com/reel/1000789385608728/,0,0,Reels,,,,,12/10/2022,0,,,,,,0,0,0,0,0,0.000,6.427
981320346857763,100064197037125,"PC Merchandise","𝐀𝐌𝟓 𝐁𝐮𝐢𝐥𝐝 𝐋𝐢𝐦𝐢𝐭𝐞𝐝 𝐒𝐚𝐥𝐞! 🚨
Experience next-gen performance with our latest builds. PM for pricelist!",,44,"12/15/2022 19:00",mixed,https://www.facebook.com/reel/1000789385608728/,0,0,Reels,,,,,12/11/2022,0,,,,,,0,0,0,0,0,0.000,5.004
981320346857763,100064197037125,"PC Merchandise","𝐀𝐌𝟓 𝐁𝐮𝐢𝐥𝐝 𝐋𝐢𝐦𝐢𝐭𝐞𝐝 𝐒𝐚𝐥𝐞! 🚨
Experience next-gen performance with our latest builds. PM for pricelist!",,44,"12/15/2022 19:00",mixed,https://www.facebook.com/reel/1000789385608728/,0,0,Reels,,,,,12/12/2022,0,,,,,,0,0,0,0,0,0.000,4.376
981320346857763,100064197037125,"PC Merchandise","𝐀𝐌𝟓 𝐁𝐮𝐢𝐥𝐝 𝐋𝐢𝐦𝐢𝐭𝐞𝐝 𝐒𝐚𝐥𝐞! 🚨
Experience next-gen performance with our latest builds. PM for pricelist!",,44,"12/15/2022 19:00",mixed,https://www.facebook.com/reel/1000789385608728/,0,0,Reels,,,,,12/13/2022,0,,,,,,0,0,0,0,0,0.000,6.199
981320346857763,100064197037125,"PC Merchandise","𝐀𝐌𝟓 𝐁𝐮𝐢𝐥𝐝 𝐋𝐢𝐦𝐢𝐭𝐞𝐝 𝐒𝐚𝐥𝐞! 🚨
Experience next-gen performance with our latest builds. PM for pricelist!",,44,"12/15/2022 19:00",mixed,https://www.facebook.com/reel/1000789385608728/,0,0,Reels,,,,,12/14/2022,0,,,,,,0,0,0,0,0,0.000,4.901
981320346857763,100064197037125,"PC Merchandise","𝐀𝐌𝟓 𝐁𝐮𝐢𝐥𝐝 𝐋𝐢𝐦𝐢𝐭𝐞𝐝 𝐒𝐚𝐥𝐞! 🚨
Experience next-gen performance with our latest builds. PM for pricelist!",,44,"12/15/2022 19:00",mixed,https://www.facebook.com/reel/1000789385608728/,0,0,Reels,,,,,12/15/2022,0,,,,,,48,0,0,0,0,234.044,5.312
981320346857763,100064197037125,"PC Merchandise","𝐀𝐌𝟓 𝐁𝐮𝐢𝐥𝐝 𝐋𝐢𝐦𝐢𝐭𝐞𝐝 𝐒𝐚𝐥𝐞! 🚨
Experience next-gen performance with our latest builds. PM for pricelist!",,44,"12/15/2022 19:00",mixed,https://www.facebook.com/reel/1000789385608728/,0,0,Reels,,,,,12/16/2022,0,,,,,,46,0,1,1,0,112.515,5.881
981320346857763,100064197037125,"PC Merchandise","𝐀𝐌𝟓 𝐁𝐮𝐢𝐥𝐝 𝐋𝐢𝐦𝐢𝐭𝐞𝐝 𝐒𝐚𝐥𝐞! 🚨
Experience next-gen performance with our latest builds. PM for pricelist!",,44,"12/15/2022 19:00",mixed,https://www.facebook.com/reel/1000789385608728/,0,0,Reels,,,,,12/17/2022,0,,,,,,50,0,0,0,0,84.391,5.636
981320346857763,100064197037125,"PC Merchandise","𝐀𝐌𝟓 𝐁𝐮𝐢𝐥𝐝 𝐋𝐢𝐦𝐢𝐭𝐞𝐝 𝐒𝐚𝐥𝐞! 🚨
Experience next-gen performance with our latest builds. PM for pricelist!",,44,"12/15/2022 19:00",mixed,https://www.facebook.com/reel/1000789385608728/,0,0,Reels,,,,,12/18/2022,0,,,,,,46,0,0,0,0,43.606,5.487
981320346857763,100064197037125,"PC Merchandise","𝐀𝐌𝟓 𝐁𝐮𝐢𝐥𝐝 𝐋𝐢𝐦𝐢𝐭𝐞𝐝 𝐒𝐚𝐥𝐞! 🚨
Experience next-gen performance with our latest builds. PM for pricelist!",,44,"12/15/2022 19:00",mixed,https://www.facebook.com/reel/1000789385608728/,0,0,Reels,,,,,12/19/2022,0,,,,,,49,0,0,0,0,73.411,4.248
981320346857763,100064197037125,"PC Merchandise","𝐀𝐌𝟓 𝐁𝐮𝐢𝐥𝐝 𝐋𝐢𝐦𝐢𝐭𝐞𝐝 𝐒𝐚𝐥𝐞! 🚨
Experience next-gen performance with our latest builds. PM for pricelist!",,44,"12/15/2022 19:00",mixed,https://www.facebook.com/reel/1000789385608728/,0,0,Reels,,,,,12/20/2022,0,,,,,,44,0,1,1,0,32.203,4.367
981320346857763,100064197037125,"PC Merchandise","𝐀𝐌𝟓 𝐁𝐮𝐢𝐥𝐝 𝐋𝐢𝐦𝐢𝐭𝐞𝐝 𝐒𝐚𝐥𝐞! 🚨
Experience next-gen performance with our latest builds. PM for pricelist!",,44,"12/15/2022 19:00",mixed,https://www.facebook.com/reel/1000789385608728/,0,0,Reels,,,,,12/21/2022,0,,,,,,47,0,0,0,0,38.164,6.760
981320346857763,100064197037125,"PC Merchandise","𝐀𝐌𝟓 𝐁𝐮𝐢𝐥𝐝 𝐋𝐢𝐦𝐢𝐭𝐞𝐝 𝐒𝐚𝐥𝐞! 🚨
Experience next-gen performance with our latest builds. PM for pricelist!",,44,"12/15/2022 19:00",mixed,https://www.facebook.com/reel/1000789385608728/,0,0,Reels,,,,,12/22/2022,0,,,,,,49,0,0,0,0,23.385,5.793
981320346857763,100064197037125,"PC Merchandise","𝐀𝐌𝟓 𝐁𝐮𝐢𝐥𝐝 𝐋𝐢𝐦𝐢𝐭𝐞𝐝 𝐒𝐚𝐥𝐞! 🚨
Experience next-gen performance with our latest builds. PM for pricelist!",,44,"12/15/2022 19:00",mixed,https://www.facebook.com/reel/1000789385608728/,0,0,Reels,,,,,12/23/2022,0,,,,,,48,0,0,0,0,21.123,4.040
981320346857763,100064197037125,"PC Merchandise","𝐀𝐌𝟓 𝐁𝐮𝐢𝐥𝐝 𝐋𝐢𝐦𝐢𝐭𝐞𝐝 𝐒𝐚𝐥𝐞! 🚨
Experience next-gen performance with our latest builds. PM for pricelist!",,44,"12/15/2022 19:00",mixed,https://www.facebook.com/reel/1000789385608728/,0,0,Reels,,,,,12/24/2022,0,,,,,,0,0,0,0,0,8.986,4.902
981320346857763,100064197037125,"PC Merchandise","𝐀𝐌𝟓 𝐁𝐮𝐢𝐥𝐝 𝐋𝐢𝐦𝐢𝐭𝐞𝐝 𝐒𝐚𝐥𝐞! 🚨
Experience next-gen performance with our latest builds. PM for pricelist!",,44,"12/15/2022 19:00",mixed,https://www.facebook.com/reel/1000789385608728/,0,0,Reels,,,,,12/25/2022,0,,,,,,0,0,0,0,0,38.676,4.921
981320346857763,100064197037125,"PC Merchandise","𝐀𝐌𝟓 𝐁𝐮𝐢𝐥𝐝 𝐋𝐢𝐦𝐢𝐭𝐞𝐝 𝐒𝐚𝐥𝐞! 🚨
Experience next-gen performance with our latest builds. PM for pricelist!",,44,"12/15/2022 19:00",mixed,https://www.facebook.com/reel/1000789385608728/,0,0,Reels,,,,,12/26/2022,0,,,,,,0,0,0,0,0,11.172,4.569
981320346857763,100064197037125,"PC Merchandise","𝐀𝐌𝟓 𝐁𝐮𝐢𝐥𝐝 𝐋𝐢𝐦𝐢𝐭𝐞𝐝 𝐒𝐚𝐥𝐞! 🚨
Experience next-gen performance with our latest builds. PM for pricelist!",,44,"12/15/2022 19:00",mixed,https://www.facebook.com/reel/1000789385608728/,0,0,Reels,,,,,12/27/2022,0,,,,,,0,0,0,0,0,11.788,4.294
981320346857763,100064197037125,"PC Merchandise","𝐀𝐌𝟓 𝐁𝐮𝐢𝐥𝐝 𝐋𝐢𝐦𝐢𝐭𝐞𝐝 𝐒𝐚𝐥𝐞! 🚨
Experience next-gen performance with our latest builds. PM for pricelist!",,44,"12/15/2022 19:00",mixed,https://www.facebook.com/reel/1000789385608728/,0,0,Reels,,,,,12/28/2022,0,,,,,,0,0,0,0,0,13.907,4.566
981320346857763,100064197037125,"PC Merchandise","𝐀𝐌𝟓 𝐁𝐮𝐢𝐥𝐝 𝐋𝐢𝐦𝐢𝐭𝐞𝐝 𝐒𝐚𝐥𝐞! 🚨
Experience next-gen performance with our latest builds. PM for pricelist!",,44,"12/15/2022 19:00",mixed,https://www.facebook.com/reel/1000789385608728/,0,0,Reels,,,,,12/29/2022,0,,,,,,0,0,0,0,0,14.800,4.461
981320346857763,100064197037125,"PC Merchandise","𝐀𝐌𝟓 𝐁𝐮𝐢𝐥𝐝 𝐋𝐢𝐦𝐢𝐭𝐞𝐝 𝐒𝐚𝐥𝐞! 🚨
Experience next-gen performance with our latest builds. PM for pricelist!",,44,"12/15/2022 19:00",mixed,https://www.facebook.com/reel/1000789385608728/,0,0,Reels,,,,,12/30/2022,0,,,,,,0,0,0,0,0,24.764,4.979
981320346857763,100064197037125,"PC Merchandise","𝐀𝐌𝟓 𝐁𝐮𝐢𝐥𝐝 𝐋𝐢𝐦𝐢𝐭𝐞𝐝 𝐒𝐚𝐥𝐞! 🚨
Experience next-gen performance with our latest builds. PM for pricelist!",,44,"12/15/2022 19:00",mixed,https://www.facebook.com/reel/1000789385608728/,0,0,Reels,,,,,12/31/2022,0,,,,,,0,0,0,0,0,5.483,3.621
980699019086884,100064197037125,"PC Merchandise","𝐑𝐘𝐙𝐄𝐍 𝟓 𝟐𝟔𝟎𝟎 𝟏𝟎+𝟏 w/ 𝐆𝐓𝐗 𝟏𝟔𝟔𝟎𝐒
𝐆𝐀𝐌𝐈𝐍𝐆 𝐁𝐔𝐈𝐋𝐃
#PCMERCHANDISE #PCMBUILDS",,0,"12/14/2022 22:00",,https://www.facebook.com/pcmerchandise.co/posts/pfbid0CgB1XdJVKqalydwRPxYnQCEOIAhzltL1muJSS1Gad1u8bUGEJ2CFJGS1,0,0,Photos,,,,,12/31/2022,0,,,,,,,,,,,,
980699019086884,100064197037125,"PC Merchandise","𝐑𝐘𝐙𝐄𝐍 𝟓 𝟐𝟔𝟎𝟎 𝟏𝟎+𝟏 w/ 𝐆𝐓𝐗 𝟏𝟔𝟔𝟎𝐒
𝐆𝐀𝐌𝐈𝐍𝐆 𝐁𝐔𝐈𝐋𝐃
#PCMERCHANDISE #PCMBUILDS",,0,"12/14/2022 22:00",,https://www.facebook.com/pcmerchandise.co/posts/pfbid0CgB1XdJVKqalydwRPxYnQCEOIAhzltL1muJSS1Gad1u8bUGEJ2CFJGS1,0,0,Photos,,,,,12/01/2022,,,0,0,0,0,0,0,,,,,
980699019086884,100064197037125,"PC Merchandise","𝐑𝐘𝐙𝐄𝐍 𝟓 𝟐𝟔𝟎𝟎 𝟏𝟎+𝟏 w/ 𝐆𝐓𝐗 𝟏𝟔𝟔𝟎𝐒
𝐆𝐀𝐌𝐈𝐍𝐆 𝐁𝐔𝐈𝐋𝐃
#PCMERCHANDISE #PCMBUILDS",,0,"12/14/2022 22:00",,https://www.facebook.com/pcmerchandise.co/posts/pfbid0CgB1XdJVKqalydwRPxYnQCEOIAhzltL1muJSS1Gad1u8bUGEJ2CFJGS1,0,0,Photos,,,,,12/02/2022,,,0,0,0,0,0,0,,,,,
980699019086884,100064197037125,"PC Merchandise","𝐑𝐘𝐙𝐄𝐍 𝟓 𝟐𝟔𝟎𝟎 𝟏𝟎+𝟏 w/ 𝐆𝐓𝐗 𝟏𝟔𝟔𝟎𝐒
𝐆𝐀𝐌𝐈𝐍𝐆 𝐁𝐔𝐈𝐋𝐃
#PCMERCHANDISE #PCMBUILDS",,0,"12/14/2022 22:00",,https://www.facebook.com/pcmerchandise.co/posts/pfbid0CgB1XdJVKqalydwRPxYnQCEOIAhzltL1muJSS1Gad1u8bUGEJ2CFJGS1,0,0,Photos,,,,,12/03/2022,,,0,0,0,0,0,0,,,,,
980699019086884,100064197037125,"PC Merchandise","𝐑𝐘𝐙𝐄𝐍 𝟓 𝟐𝟔𝟎𝟎 𝟏𝟎+𝟏 w/ 𝐆𝐓𝐗 𝟏𝟔𝟔𝟎𝐒
𝐆𝐀𝐌𝐈𝐍𝐆 𝐁𝐔𝐈𝐋𝐃
#PCMERCHANDISE #PCMBUILDS",,0,"12/14/2022 22:00",,https://www.facebook.com/pcmerchandise.co/posts/pfbid0CgB1XdJVKqalydwRPxYnQCEOIAhzltL1muJSS1Gad1u8bUGEJ2CFJGS1,0,0,Photos,,,,,12/04/2022,,,0,0,0,0,0,0,,,,,
980699019086884,100064197037125,"PC Merchandise","𝐑𝐘𝐙𝐄𝐍 𝟓 𝟐𝟔𝟎𝟎 𝟏𝟎+𝟏 w/ 𝐆𝐓𝐗 𝟏𝟔𝟔𝟎𝐒
𝐆𝐀𝐌𝐈𝐍𝐆 𝐁𝐔𝐈𝐋𝐃
#PCMERCHANDISE #PCMBUILDS",,0,"12/14/2022 22:00",,https://www.facebook.com/pcmerchandise.co/posts/pfbid0CgB1XdJVKqalydwRPxYnQCEOIAhzltL1muJSS1Gad1u8bUGEJ2CFJGS1,0,0,Photos,,,,,12/05/2022,,,0,0,0,0,0,0,,,,,
980699019086884,100064197037125,"PC Merchandise","𝐑𝐘𝐙𝐄𝐍 𝟓 𝟐𝟔𝟎𝟎 𝟏𝟎+𝟏 w/ 𝐆𝐓𝐗 𝟏𝟔𝟔𝟎𝐒
𝐆𝐀𝐌𝐈𝐍𝐆 𝐁𝐔𝐈𝐋𝐃
#PCMERCHANDISE #PCMBUILDS",,0,"12/14/2022 22:00",,https://www.facebook.com/pcmerchandise.co/posts/pfbid0CgB1XdJVKqalydwRPxYnQCEOIAhzltL1muJSS1Gad1u8bUGEJ2CFJGS1,0,0,Photos,,,,,12/06/2022,,,0,0,0,0,0,0,,,,,
980699019086884,100064197037125,"PC Merchandise","𝐑𝐘𝐙𝐄𝐍 𝟓 𝟐𝟔𝟎𝟎 𝟏𝟎+𝟏 w/ 𝐆𝐓𝐗 𝟏𝟔𝟔𝟎𝐒
𝐆𝐀𝐌𝐈𝐍𝐆 𝐁𝐔𝐈𝐋𝐃
#PCMERCHANDISE #PCMBUILDS",,0,"12/14/2022 22:00",,https://www.facebook.com/pcmerchandise.co/posts/pfbid0CgB1XdJVKqalydwRPxYnQCEOIAhzltL1muJSS1Gad1u8bUGEJ2CFJGS1,0,0,Photos,,,,,12/07/2022,,,0,0,0,0,0,0,,,,,
980699019086884,100064197037125,"PC Merchandise","𝐑𝐘𝐙𝐄𝐍 𝟓 𝟐𝟔𝟎𝟎 𝟏𝟎+𝟏 w/ 𝐆𝐓𝐗 𝟏𝟔𝟔𝟎𝐒
𝐆𝐀𝐌𝐈𝐍𝐆 𝐁𝐔𝐈𝐋𝐃
#PCMERCHANDISE #PCMBUILDS",,0,"12/14/2022 22:00",,https://www.facebook.com/pcmerchandise.co/posts/pfbid0CgB1XdJVKqalydwRPxYnQCEOIAhzltL1muJSS1Gad1u8bUGEJ2CFJGS1,0,0,Photos,,,,,12/08/2022,,,0,0,0,0,0,0,,,,,
980699019086884,100064197037125,"PC Merchandise","𝐑𝐘𝐙𝐄𝐍 𝟓 𝟐𝟔𝟎𝟎 𝟏𝟎+𝟏 w/ 𝐆𝐓𝐗 𝟏𝟔𝟔𝟎𝐒
𝐆𝐀𝐌𝐈𝐍𝐆 𝐁𝐔𝐈𝐋𝐃
#PCMERCHANDISE #PCMBUILDS",,0,"12/14/2022 22:00",,https://www.facebook.com/pcmerchandise.co/posts/pfbid0CgB1XdJVKqalydwRPxYnQCEOIAhzltL1muJSS1Gad1u8bUGEJ2CFJGS1,0,0,Photos,,,,,12/09/2022,,,0,0,0,0,0,0,,,,,
980699019086884,100064197037125,"PC Merchandise","𝐑𝐘𝐙𝐄𝐍 𝟓 𝟐𝟔𝟎𝟎 𝟏𝟎+𝟏 w/ 𝐆𝐓𝐗 𝟏𝟔𝟔𝟎𝐒
𝐆𝐀𝐌𝐈𝐍𝐆 𝐁𝐔𝐈𝐋𝐃
#PCMERCHANDISE #PCMBUILDS",,0,"12/14/2022 22:00",,https://www.facebook.com/pcmerchandise.co/posts/pfbid0CgB1XdJVKqalydwRPxYnQCEOIAhzltL1muJSS1Gad1u8bUGEJ2CFJGS1,0,0,Photos,,,,,12/10/2022,,,0,0,0,0,0,0,,,,,
980699019086884,100064197037125,"PC Merchandise","𝐑𝐘𝐙𝐄𝐍 𝟓 𝟐𝟔𝟎𝟎 𝟏𝟎+𝟏 w/ 𝐆𝐓𝐗 𝟏𝟔𝟔𝟎𝐒
𝐆𝐀𝐌𝐈𝐍𝐆 𝐁𝐔𝐈𝐋𝐃
#PCMERCHANDISE #PCMBUILDS",,0,"12/14/2022 22:00",,https://www.facebook.com/pcmerchandise.co/posts/pfbid0CgB1XdJVKqalydwRPxYnQCEOIAhzltL1muJSS1Gad1u8bUGEJ2CFJGS1,0,0,Photos,,,,,12/11/2022,,,0,0,0,0,0,0,,,,,
980699019086884,100064197037125,"PC Merchandise","𝐑𝐘𝐙𝐄𝐍 𝟓 𝟐𝟔𝟎𝟎 𝟏𝟎+𝟏 w/ 𝐆𝐓𝐗 𝟏𝟔𝟔𝟎𝐒
𝐆𝐀𝐌𝐈𝐍𝐆 𝐁𝐔𝐈𝐋𝐃
#PCMERCHANDISE #PCMBUILDS",,0,"12/14/2022 22:00",,https://www.facebook.com/pcmerchandise.co/posts/pfbid0CgB1XdJVKqalydwRPxYnQCEOIAhzltL1muJSS1Gad1u8bUGEJ2CFJGS1,0,0,Photos,,,,,12/12/2022,,,0,0,0,0,0,0,,,,,
980699019086884,100064197037125,"PC Merchandise","𝐑𝐘𝐙𝐄𝐍 𝟓 𝟐𝟔𝟎𝟎 𝟏𝟎+𝟏 w/ 𝐆𝐓𝐗 𝟏𝟔𝟔𝟎𝐒
𝐆𝐀𝐌𝐈𝐍𝐆 𝐁𝐔𝐈𝐋𝐃
#PCMERCHANDISE #PCMBUILDS",,0,"12/14/2022 22:00",,https://www.facebook.com/pcmerchandise.co/posts/pfbid0CgB1XdJVKqalydwRPxYnQCEOIAhzltL1muJSS1Gad1u8bUGEJ2CFJGS1,0,0,Photos,,,,,12/13/2022,,,0,0,0,0,0,0,,,,,
980699019086884,100064197037125,"PC Merchandise","𝐑𝐘𝐙𝐄𝐍 𝟓 𝟐𝟔𝟎𝟎 𝟏𝟎+𝟏 w/ 𝐆𝐓𝐗 𝟏𝟔𝟔𝟎𝐒
𝐆𝐀𝐌𝐈𝐍𝐆 𝐁𝐔𝐈𝐋𝐃
#PCMERCHANDISE #PCMBUILDS",,0,"12/14/2022 22:00",,https://www.facebook.com/pcmerchandise.co/posts/pfbid0CgB1XdJVKqalydwRPxYnQCEOIAhzltL1muJSS1Gad1u8bUGEJ2CFJGS1,0,0,Photos,,,,,12/14/2022,,,0,0,0,0,0,0,,,,,
980699019086884,100064197037125,"PC Merchandise","𝐑𝐘𝐙𝐄𝐍 𝟓 𝟐𝟔𝟎𝟎 𝟏𝟎+𝟏 w/ 𝐆𝐓𝐗 𝟏𝟔𝟔𝟎𝐒
𝐆𝐀𝐌𝐈𝐍𝐆 𝐁𝐔𝐈𝐋𝐃
#PCMERCHANDISE #PCMBUILDS",,0,"12/14/2022 22:00",,https://www.facebook.com/pcmerchandise.co/posts/pfbid0CgB1XdJVKqalydwRPxYnQCEOIAhzltL1muJSS1Gad1u8bUGEJ2CFJGS1,0,0,Photos,,,,,12/15/2022,,,0,0,0,0,0,0,,,,,
980699019086884,100064197037125,"PC Merchandise","𝐑𝐘𝐙𝐄𝐍 𝟓 𝟐𝟔𝟎𝟎 𝟏𝟎+𝟏 w/ 𝐆𝐓𝐗 𝟏𝟔𝟔𝟎𝐒
𝐆𝐀𝐌𝐈𝐍𝐆 𝐁𝐔𝐈𝐋𝐃
#PCMERCHANDISE #PCMBUILDS",,0,"12/14/2022 22:00",,https://www.facebook.com/pcmerchandise.co/posts/pfbid0CgB1XdJVKqalydwRPxYnQCEOIAhzltL1muJSS1Gad1u8bUGEJ2CFJGS1,0,0,Photos,,,,,12/16/2022,,,0,0,0,0,0,0,,,,,
980699019086884,100064197037125,"PC Merchandise","𝐑𝐘𝐙𝐄𝐍 𝟓 𝟐𝟔𝟎𝟎 𝟏𝟎+𝟏 w/ 𝐆𝐓𝐗 𝟏𝟔𝟔𝟎𝐒
𝐆𝐀𝐌𝐈𝐍𝐆 𝐁𝐔𝐈𝐋𝐃
#PCMERCHANDISE #PCMBUILDS",,0,"12/14/2022 22:00",,https://www.facebook.com/pcmerchandise.co/posts/pfbid0CgB1XdJVKqalydwRPxYnQCEOIAhzltL1muJSS1Gad1u8bUGEJ2CFJGS1,0,0,Photos,,,,,12/17/2022,,,0,0,0,0,0,0,,,,,
980699019086884,100064197037125,"PC Merchandise","𝐑𝐘𝐙𝐄𝐍 𝟓 𝟐𝟔𝟎𝟎 𝟏𝟎+𝟏 w/ 𝐆𝐓𝐗 𝟏𝟔𝟔𝟎𝐒
𝐆𝐀𝐌𝐈𝐍𝐆 𝐁𝐔𝐈𝐋𝐃
#PCMERCHANDISE #PCMBUILDS",,0,"12/14/2022 22:00",,https://www.facebook.com/pcmerchandise.co/posts/pfbid0CgB1XdJVKqalydwRPxYnQCEOIAhzltL1muJSS1Gad1u8bUGEJ2CFJGS1,0,0,Photos,,,,,12/18/2022,,,0,0,0,0,0,0,,,,,
980699019086884,100064197037125,"PC Merchandise","𝐑𝐘𝐙𝐄𝐍 𝟓 𝟐𝟔𝟎𝟎 𝟏𝟎+𝟏 w/ 𝐆𝐓𝐗 𝟏𝟔𝟔𝟎𝐒
𝐆𝐀𝐌𝐈𝐍𝐆 𝐁𝐔𝐈𝐋𝐃
#PCMERCHANDISE #PCMBUILDS",,0,"12/14/2022 22:00",,https://www.facebook.com/pcmerchandise.co/posts/pfbid0CgB1XdJVKqalydwRPxYnQCEOIAhzltL1muJSS1Gad1u8bUGEJ2CFJGS1,0,0,Photos,,,,,12/19/2022,,,0,0,0,0,0,0,,,,,
980699019086884,100064197037125,"PC Merchandise","𝐑𝐘𝐙𝐄𝐍 𝟓 𝟐𝟔𝟎𝟎 𝟏𝟎+𝟏 w/ 𝐆𝐓𝐗 𝟏𝟔𝟔𝟎𝐒
𝐆𝐀𝐌𝐈𝐍𝐆 𝐁𝐔𝐈𝐋𝐃
#PCMERCHANDISE #PCMBUILDS",,0,"12/14/2022 22:00",,https://www.facebook.com/pcmerchandise.co/posts/pfbid0CgB1XdJVKqalydwRPxYnQCEOIAhzltL1muJSS1Gad1u8bUGEJ2CFJGS1,0,0,Photos,,,,,12/20/2022,,,0,0,0,0,0,0,,,,,
980699019086884,100064197037125,"PC Merchandise","𝐑𝐘𝐙𝐄𝐍 𝟓 𝟐𝟔𝟎𝟎 𝟏𝟎+𝟏 w/ 𝐆𝐓𝐗 𝟏𝟔𝟔𝟎𝐒
𝐆𝐀𝐌𝐈𝐍𝐆 𝐁𝐔𝐈𝐋𝐃
#PCMERCHANDISE #PCMBUILDS",,0,"12/14/2022 22:00",,https://www.facebook.com/pcmerchandise.co/posts/pfbid0CgB1XdJVKqalydwRPxYnQCEOIAhzltL1muJSS1Gad1u8bUGEJ2CFJGS1,0,0,Photos,,,,,12/21/2022,,,0,0,0,0,0,0,,,,,
980699019086884,100064197037125,"PC Merchandise","𝐑𝐘𝐙𝐄𝐍 𝟓 𝟐𝟔𝟎𝟎 𝟏𝟎+𝟏 w/ 𝐆𝐓𝐗 𝟏𝟔𝟔𝟎𝐒
𝐆𝐀𝐌𝐈𝐍𝐆 𝐁𝐔𝐈𝐋𝐃
#PCMERCHANDISE #PCMBUILDS",,0,"12/14/2022 22:00",,https://www.facebook.com/pcmerchandise.co/posts/pfbid0CgB1XdJVKqalydwRPxYnQCEOIAhzltL1muJSS1Gad1u8bUGEJ2CFJGS1,0,0,Photos,,,,,12/22/2022,,,0,0,0,0,0,0,,,,,
980699019086884,100064197037125,"PC Merchandise","𝐑𝐘𝐙𝐄𝐍 𝟓 𝟐𝟔𝟎𝟎 𝟏𝟎+𝟏 w/ 𝐆𝐓𝐗 𝟏𝟔𝟔𝟎𝐒
𝐆𝐀𝐌𝐈𝐍𝐆 𝐁𝐔𝐈𝐋𝐃
#PCMERCHANDISE #PCMBUILDS",,0,"12/14/2022 22:00",,https://www.facebook.com/pcmerchandise.co/posts/pfbid0CgB1XdJVKqalydwRPxYnQCEOIAhzltL1muJSS1Gad1u8bUGEJ2CFJGS1,0,0,Photos,,,,,12/23/2022,,,0,0,0,0,0,0,,,,,
980699019086884,100064197037125,"PC Merchandise","𝐑𝐘𝐙𝐄𝐍 𝟓 𝟐𝟔𝟎𝟎 𝟏𝟎+𝟏 w/ 𝐆𝐓𝐗 𝟏𝟔𝟔𝟎𝐒
𝐆𝐀𝐌𝐈𝐍𝐆 𝐁𝐔𝐈𝐋𝐃
#PCMERCHANDISE #PCMBUILDS",,0,"12/14/2022 22:00",,https://www.facebook.com/pcmerchandise.co/posts/pfbid0CgB1XdJVKqalydwRPxYnQCEOIAhzltL1muJSS1Gad1u8bUGEJ2CFJGS1,0,0,Photos,,,,,12/24/2022,,,0,0,0,0,0,0,,,,,
980699019086884,100064197037125,"PC Merchandise","𝐑𝐘𝐙𝐄𝐍 𝟓 𝟐𝟔𝟎𝟎 𝟏𝟎+𝟏 w/ 𝐆𝐓𝐗 𝟏𝟔𝟔𝟎𝐒
𝐆𝐀𝐌𝐈𝐍𝐆 𝐁𝐔𝐈𝐋𝐃
#PCMERCHANDISE #PCMBUILDS",,0,"12/14/2022 22:00",,https://www.facebook.com/pcmerchandise.co/posts/pfbid0CgB1XdJVKqalydwRPxYnQCEOIAhzltL1muJSS1Gad1u8bUGEJ2CFJGS1,0,0,Photos,,,,,12/25/2022,,,0,0,0,0,0,0,,,,,
980699019086884,100064197037125,"PC Merchandise","𝐑𝐘𝐙𝐄𝐍 𝟓 𝟐𝟔𝟎𝟎 𝟏𝟎+𝟏 w/ 𝐆𝐓𝐗 𝟏𝟔𝟔𝟎𝐒
𝐆𝐀𝐌𝐈𝐍𝐆 𝐁𝐔𝐈𝐋𝐃
#PCMERCHANDISE #PCMBUILDS",,0,"12/14/2022 22:00",,https://www.facebook.com/pcmerchandise.co/posts/pfbid0CgB1XdJVKqalydwRPxYnQCEOIAhzltL1muJSS1Gad1u8bUGEJ2CFJGS1,0,0,Photos,,,,,12/26/2022,,,0,0,0,0,0,0,,,,,
980699019086884,100064197037125,"PC Merchandise","𝐑𝐘𝐙𝐄𝐍 𝟓 𝟐𝟔𝟎𝟎 𝟏𝟎+𝟏 w/ 𝐆𝐓𝐗 𝟏𝟔𝟔𝟎𝐒
𝐆𝐀𝐌𝐈𝐍𝐆 𝐁𝐔𝐈𝐋𝐃
#PCMERCHANDISE #PCMBUILDS",,0,"12/14/2022 22:00",,https://www.facebook.com/pcmerchandise.co/posts/pfbid0CgB1XdJVKqalydwRPxYnQCEOIAhzltL1muJSS1Gad1u8bUGEJ2CFJGS1,0,0,Photos,,,,,12/27/2022,,,0,0,0,0,0,0,,,,,
980699019086884,100064197037125,"PC Merchandise","𝐑𝐘𝐙𝐄𝐍 𝟓 𝟐𝟔𝟎𝟎 𝟏𝟎+𝟏 w/ 𝐆𝐓𝐗 𝟏𝟔𝟔𝟎𝐒
𝐆𝐀𝐌𝐈𝐍𝐆 𝐁𝐔𝐈𝐋𝐃
#PCMERCHANDISE #PCMBUILDS",,0,"12/14/2022 22:00",,https://www.facebook.com/pcmerchandise.co/posts/pfbid0CgB1XdJVKqalydwRPxYnQCEOIAhzltL1muJSS1Gad1u8bUGEJ2CFJGS1,0,0,Photos,,,,,12/28/2022,,,0,0,0,0,0,0,,,,,
980699019086884,100064197037125,"PC Merchandise","𝐑𝐘𝐙𝐄𝐍 𝟓 𝟐𝟔𝟎𝟎 𝟏𝟎+𝟏 w/ 𝐆𝐓𝐗 𝟏𝟔𝟔𝟎𝐒
𝐆𝐀𝐌𝐈𝐍𝐆 𝐁𝐔𝐈𝐋𝐃
#PCMERCHANDISE #PCMBUILDS",,0,"12/14/2022 22:00",,https://www.facebook.com/pcmerchandise.co/posts/pfbid0CgB1XdJVKqalydwRPxYnQCEOIAhzltL1muJSS1Gad1u8bUGEJ2CFJGS1,0,0,Photos,,,,,12/29/2022,,,0,0,0,0,0,0,,,,,
980699019086884,100064197037125,"PC Merchandise","𝐑𝐘𝐙𝐄𝐍 𝟓 𝟐𝟔𝟎𝟎 𝟏𝟎+𝟏 w/ 𝐆𝐓𝐗 𝟏𝟔𝟔𝟎𝐒
𝐆𝐀𝐌𝐈𝐍𝐆 𝐁𝐔𝐈𝐋𝐃
#PCMERCHANDISE #PCMBUILDS",,0,"12/14/2022 22:00",,https://www.facebook.com/pcmerchandise.co/posts/pfbid0CgB1XdJVKqalydwRPxYnQCEOIAhzltL1muJSS1Gad1u8bUGEJ2CFJGS1,0,0,Photos,,,,,12/30/2022,,,0,0,0,0,0,0,,,,,
980699019086884,100064197037125,"PC Merchandise","𝐑𝐘𝐙𝐄𝐍 𝟓 𝟐𝟔𝟎𝟎 𝟏𝟎+𝟏 w/ 𝐆𝐓𝐗 𝟏𝟔𝟔𝟎𝐒
𝐆𝐀𝐌𝐈𝐍𝐆 𝐁𝐔𝐈𝐋𝐃
#PCMERCHANDISE #PCMBUILDS",,0,"12/14/2022 22:00",,https://www.facebook.com/pcmerchandise.co/posts/pfbid0CgB1XdJVKqalydwRPxYnQCEOIAhzltL1muJSS1Gad1u8bUGEJ2CFJGS1,0,0,Photos,,,,,12/31/2022,,,0,0,0,0,0,0,,,,,
980631366239621,100064197037125,"PC Merchandise","One more rig complete. One more client satisfied. Built with i5 10400F + GTX 1650. PM us for yours!",,46,"12/14/2022 17:00",uploaded,https://www.facebook.com/reel/1577579916339288/,0,0,Reels,,,,,12/01/2022,0,,,,,,0,0,0,0,0,0.000,4.485
980631366239621,100064197037125,"PC Merchandise","One more rig complete. One more client satisfied. Built with i5 10400F + GTX 1650. PM us for yours!",,46,"12/14/2022 17:00",uploaded,https://www.facebook.com/reel/1577579916339288/,0,0,Reels,,,,,12/02/2022,0,,,,,,0,0,0,0,0,0.000,6.072
980631366239621,100064197037125,"PC Merchandise","One more rig complete. One more client satisfied. Built with i5 10400F + GTX 1650. PM us for yours!",,46,"12/14/2022 17:00",uploaded,https://www.facebook.com/reel/1577579916339288/,0,0,Reels,,,,,12/03/2022,0,,,,,,0,0,0,0,0,0.000,4.330
980631366239621,100064197037125,"PC Merchandise","One more rig complete. One more client satisfied. Built with i5 10400F + GTX 1650. PM us for yours!",,46,"12/14/2022 17:00",uploaded,https://www.facebook.com/reel/1577579916339288/,0,0,Reels,,,,,12/04/2022,0,,,,,,0,0,0,0,0,0.000,5.213
980631366239621,100064197037125,"PC Merchandise","One more rig complete. One more client satisfied. Built with i5 10400F + GTX 1650. PM us for yours!",,46,"12/14/2022 17:00",uploaded,https://www.facebook.com/reel/1577579916339288/,0,0,Reels,,,,,12/05/2022,0,,,,,,0,0,0,0,0,0.000,3.981
980631366239621,100064197037125,"PC Merchandise","One more rig complete. One more client satisfied. Built with i5 10400F + GTX 1650. PM us for yours!",,46,"12/14/2022 17:00",uploaded,https://www.facebook.com/reel/1577579916339288/,0,0,Reels,,,,,12/06/2022,0,,,,,,0,0,0,0,0,0.000,6.918
980631366239621,100064197037125,"PC Merchandise","One more rig complete. One more client satisfied. Built with i5 10400F + GTX 1650. PM us for yours!",,46,"12/14/2022 17:00",uploaded,https://www.facebook.com/reel/1577579916339288/,0,0,Reels,,,,,12/07/2022,0,,,,,,0,0,0,0,0,0.000,3.957
980631366239621,100064197037125,"PC Merchandise","One more rig complete. One more client satisfied. Built with i5 10400F + GTX 1650. PM us for yours!",,46,"12/14/2022 17:00",uploaded,https://www.facebook.com/reel/1577579916339288/,0,0,Reels,,,,,12/08/2022,0,,,,,,0,0,0,0,0,0.000,4.390
980631366239621,100064197037125,"PC Merchandise","One more rig complete. One more client satisfied. Built with i5 10400F + GTX 1650. PM us for yours!",,46,"12/14/2022 17:00",uploaded,https://www.facebook.com/reel/1577579916339288/,0,0,Reels,,,,,12/09/2022,0,,,,,,0,0,0,0,0,0.000,5.681
980631366239621,100064197037125,"PC Merchandise","One more rig complete. One more client satisfied. Built with i5 10400F + GTX 1650. PM us for yours!",,46,"12/14/2022 17:00",uploaded,https://www.facebook.com/reel/1577579916339288/,0,0,Reels,,,,,12/10/2022,0,,,,,,0,0,0,0,0,0.000,5.832
980631366239621,100064197037125,"PC Merchandise","One more rig complete. One more client satisfied. Built with i5 10400F + GTX 1650. PM us for yours!",,46,"12/14/2022 17:00",uploaded,https://www.facebook.com/reel/1577579916339288/,0,0,Reels,,,,,12/11/2022,0,,,,,,0,0,0,0,0,0.000,5.116
980631366239621,100064197037125,"PC Merchandise","One more rig complete. One more client satisfied. Built with i5 10400F + GTX 1650. PM us for yours!",,46,"12/14/2022 17:00",uploaded,https://www.facebook.com/reel/1577579916339288/,0,0,Reels,,,,,12/12/2022,0,,,,,,0,0,0,0,0,0.000,5.929
980631366239621,100064197037125,"PC Merchandise","One more rig complete. One more client satisfied. Built with i5 10400F + GTX 1650. PM us for yours!",,46,"12/14/2022 17:00",uploaded,https://www.facebook.com/reel/1577579916339288/,0,0,Reels,,,,,12/13/2022,0,,,,,,0,0,0,0,0,0.000,3.726
980631366239621,100064197037125,"PC Merchandise","One more rig complete. One more client satisfied. Built with i5 10400F + GTX 1650. PM us for yours!",,46,"12/14/2022 17:00",uploaded,https://www.facebook.com/reel/1577579916339288/,0,0,Reels,,,,,12/14/2022,0,,,,,,0,0,0,0,0,61.353,5.622
980631366239621,100064197037125,"PC Merchandise","One more rig complete. One more client satisfied. Built with i5 10400F + GTX 1650. PM us for yours!",,46,"12/14/2022 17:00",uploaded,https://www.facebook.com/reel/1577579916339288/,0,0,Reels,,,,,12/15/2022,0,,,,,,0,0,0,0,0,22.530,4.605
980631366239621,100064197037125,"PC Merchandise","One more rig complete. One more client satisfied. Built with i5 10400F + GTX 1650. PM us for yours!",,46,"12/14/2022 17:00",uploaded,https://www.facebook.com/reel/1577579916339288/,0,0,Reels,,,,,12/16/2022,0,,,,,,0,0,0,0,0,20.561,4.828
980631366239621,100064197037125,"PC Merchandise","One more rig complete. One more client satisfied. Built with i5 10400F + GTX 1650. PM us for yours!",,46,"12/14/2022 17:00",uploaded,https://www.facebook.com/reel/1577579916339288/,0,0,Reels,,,,,12/17/2022,0,,,,,,0,0,0,0,0,14.485,5.351
980631366239621,100064197037125,"PC Merchandise","One more rig complete. One more client satisfied. Built with i5 10400F + GTX 1650. PM us for yours!",,46,"12/14/2022 17:00",uploaded,https://www.facebook.com/reel/1577579916339288/,0,0,Reels,,,,,12/18/2022,0,,,,,,0,0,0,0,0,19.486,4.580
980631366239621,100064197037125,"PC Merchandise","One more rig complete. One more client satisfied. Built with i5 10400F + GTX 1650. PM us for yours!",,46,"12/14/2022 17:00",uploaded,https://www.facebook.com/reel/1577579916339288/,0,0,Reels,,,,,12/19/2022,0,,,,,,0,0,0,0,0,10.656,4.186
980631366239621,100064197037125,"PC Merchandise","One more rig complete. One more client satisfied. Built with i5 10400F + GTX 1650. PM us for yours!",,46,"12/14/2022 17:00",uploaded,https://www.facebook.com/reel/1577579916339288/,0,0,Reels,,,,,12/20/2022,0,,,,,,0,0,0,0,0,14.645,3.901
980631366239621,100064197037125,"PC Merchandise","One more rig complete. One more client satisfied. Built with i5 10400F + GTX 1650. PM us for yours!",,46,"12/14/2022 17:00",uploaded,https://www.facebook.com/reel/1577579916339288/,0,0,Reels,,,,,12/21/2022,0,,,,,,0,0,0,0,0,12.325,4.762
980631366239621,100064197037125,"PC Merchandise","One more rig complete. One more client satisfied. Built with i5 10400F + GTX 1650. PM us for yours!",,46,"12/14/2022 17:00",uploaded,https://www.facebook.com/reel/1577579916339288/,0,0,Reels,,,,,12/22/2022,0,,,,,,0,0,0,0,0,15.747,5.375
980631366239621,100064197037125,"PC Merchandise","One more rig complete. One more client satisfied. Built with i5 10400F + GTX 1650. PM us for yours!",,46,"12/14/2022 17:00",uploaded,https://www.facebook.com/reel/1577579916339288/,0,0,Reels,,,,,12/23/2022,0,,,,,,0,0,0,0,0,5.975,3.787
980631366239621,100064197037125,"PC Merchandise","One more rig complete. One more client satisfied. Built with i5 10400F + GTX 1650. PM us for yours!",,46,"12/14/2022 17:00",uploaded,https://www.facebook.com/reel/1577579916339288/,0,0,Reels,,,,,12/24/2022,0,,,,,,0,0,0,0,0,4.963,4.065
980631366239621,100064197037125,"PC Merchandise","One more rig complete. One more client satisfied. Built with i5 10400F + GTX 1650. PM us for yours!",,46,"12/14/2022 17:00",uploaded,https://www.facebook.com/reel/1577579916339288/,0,0,Reels,,,,,12/25/2022,0,,,,,,0,0,0,0,0,4.810,4.755
980631366239621,100064197037125,"PC Merchandise","One more rig complete. One more client satisfied. Built with i5 10400F + GTX 1650. PM us for yours!",,46,"12/14/2022 17:00",uploaded,https://www.facebook.com/reel/1577579916339288/,0,0,Reels,,,,,12/26/2022,0,,,,,,0,0,0,0,0,4.353,5.806
980631366239621,100064197037125,"PC Merchandise","One more rig complete. One more client satisfied. Built with i5 10400F + GTX 1650. PM us for yours!",,46,"12/14/2022 17:00",uploaded,https://www.facebook.com/reel/1577579916339288/,0,0,Reels,,,,,12/27/2022,0,,,,,,0,0,0,0,0,5.259,6.843
980631366239621,100064197037125,"PC Merchandise","One more rig complete. One more client satisfied. Built with i5 10400F + GTX 1650. PM us for yours!",,46,"12/14/2022 17:00",uploaded,https://www.facebook.com/reel/1577579916339288/,0,0,Reels,,,,,12/28/2022,0,,,,,,0,0,0,0,0,3.642,4.512
980631366239621,100064197037125,"PC Merchandise","One more rig complete. One more client satisfied. Built with i5 10400F + GTX 1650. PM us for yours!",,46,"12/14/2022 17:00",uploaded,https://www.facebook.com/reel/1577579916339288/,0,0,Reels,,,,,12/29/2022,0,,,,,,0,0,0,0,0,3.622,5.440
980631366239621,100064197037125,"PC Merchandise","One more rig complete. One more client satisfied. Built with i5 10400F + GTX 1650. PM us for yours!",,46,"12/14/2022 17:00",uploaded,https://www.facebook.com/reel/1577579916339288/,0,0,Reels,,,,,12/30/2022,0,,,,,,0,0,0,0,0,3.106,4.202
980631366239621,100064197037125,"PC Merchandise","One more rig complete. One more client satisfied. Built with i5 10400F + GTX 1650. PM us for yours!",,46,"12/14/2022 17:00",uploaded,https://www.facebook.com/reel/1577579916339288/,0,0,Reels,,,,,12/31/2022,0,,,,,,0,0,0,0,0,3.383,5.320
981080670012743,100064197037125,"PC Merchandise","Another comshop delivered! 10 units RYZEN 5 2600 para sa bagong negosyo ni JAMES 💪",,0,"12/14/2022 00:51",,https://www.facebook.com/pcmerchandise.co/posts/pfbid0QxcGy90SK7Rx3BzS6TJl8cgeCS1XsFcR3u2qQT3Xp7AkdtBAO1VZBnOZ,0,1,Photos,,,,,12/31/2022,0,,,,,,,,,,,,
981080670012743,100064197037125,"PC Merchandise","Another comshop delivered! 10 units RYZEN 5 2600 para sa bagong negosyo ni JAMES 💪",,0,"12/14/2022 00:51",,https://www.facebook.com/pcmerchandise.co/posts/pfbid0QxcGy90SK7Rx3BzS6TJl8cgeCS1XsFcR3u2qQT3Xp7AkdtBAO1VZBnOZ,0,1,Photos,,,,,12/01/2022,,,0,0,0,0,0,0,,,,,
981080670012743,100064197037125,"PC Merchandise","Another comshop delivered! 10 units RYZEN 5 2600 para sa bagong negosyo ni JAMES 💪",,0,"12/14/2022 00:51",,https://www.facebook.com/pcmerchandise.co/posts/pfbid0QxcGy90SK7Rx3BzS6TJl8cgeCS1XsFcR3u2qQT3Xp7AkdtBAO1VZBnOZ,0,1,Photos,,,,,12/02/2022,,,0,0,0,0,0,0,,,,,
981080670012743,100064197037125,"PC Merchandise","Another comshop delivered! 10 units RYZEN 5 2600 para sa bagong negosyo ni JAMES 💪",,0,"12/14/2022 00:51",,https://www.facebook.com/pcmerchandise.co/posts/pfbid0QxcGy90SK7Rx3BzS6TJl8cgeCS1XsFcR3u2qQT3Xp7AkdtBAO1VZBnOZ,0,1,Photos,,,,,12/03/2022,,,0,0,0,0,0,0,,,,,
981080670012743,100064197037125,"PC Merchandise","Another comshop delivered! 10 units RYZEN 5 2600 para sa bagong negosyo ni JAMES 💪",,0,"12/14/2022 00:51",,https://www.facebook.com/pcmerchandise.co/posts/pfbid0QxcGy90SK7Rx3BzS6TJl8cgeCS1XsFcR3u2qQT3Xp7AkdtBAO1VZBnOZ,0,1,Photos,,,,,12/04/2022,,,0,0,0,0,0,0,,,,,
981080670012743,100064197037125,"PC Merchandise","Another comshop delivered! 10 units RYZEN 5 2600 para sa bagong negosyo ni JAMES 💪",,0,"12/14/2022 00:51",,https://www.facebook.com/pcmerchandise.co/posts/pfbid0QxcGy90SK7Rx3BzS6TJl8cgeCS1XsFcR3u2qQT3Xp7AkdtBAO1VZBnOZ,0,1,Photos,,,,,12/05/2022,,,0,0,0,0,0,0,,,,,
981080670012743,100064197037125,"PC Merchandise","Another comshop delivered! 10 units RYZEN 5 2600 para sa bagong negosyo ni JAMES 💪",,0,"12/14/2022 00:51",,https://www.facebook.com/pcmerchandise.co/posts/pfbid0QxcGy90SK7Rx3BzS6TJl8cgeCS1XsFcR3u2qQT3Xp7AkdtBAO1VZBnOZ,0,1,Photos,,,,,12/06/2022,,,0,0,0,0,0,0,,,,,
981080670012743,100064197037125,"PC Merchandise","Another comshop delivered! 10 units RYZEN 5 2600 para sa bagong negosyo ni JAMES 💪",,0,"12/14/2022 00:51",,https://www.facebook.com/pcmerchandise.co/posts/pfbid0QxcGy90SK7Rx3BzS6TJl8cgeCS1XsFcR3u2qQT3Xp7AkdtBAO1VZBnOZ,0,1,Photos,,,,,12/07/2022,,,0,0,0,0,0,0,,,,,
981080670012743,100064197037125,"PC Merchandise","Another comshop delivered! 10 units RYZEN 5 2600 para sa bagong negosyo ni JAMES 💪",,0,"12/14/2022 00:51",,https://www.facebook.com/pcmerchandise.co/posts/pfbid0QxcGy90SK7Rx3BzS6TJl8cgeCS1XsFcR3u2qQT3Xp7AkdtBAO1VZBnOZ,0,1,Photos,,,,,12/08/2022,,,0,0,0,0,0,0,,,,,
981080670012743,100064197037125,"PC Merchandise","Another comshop delivered! 10 units RYZEN 5 2600 para sa bagong negosyo ni JAMES 💪",,0,"12/14/2022 00:51",,https://www.facebook.com/pcmerchandise.co/posts/pfbid0QxcGy90SK7Rx3BzS6TJl8cgeCS1XsFcR3u2qQT3Xp7AkdtBAO1VZBnOZ,0,1,Photos,,,,,12/09/2022,,,0,0,0,0,0,0,,,,,
981080670012743,100064197037125,"PC Merchandise","Another comshop delivered! 10 units RYZEN 5 2600 para sa bagong negosyo ni JAMES 💪",,0,"12/14/2022 00:51",,https://www.facebook.com/pcmerchandise.co/posts/pfbid0QxcGy90SK7Rx3BzS6TJl8cgeCS1XsFcR3u2qQT3Xp7AkdtBAO1VZBnOZ,0,1,Photos,,,,,12/10/2022,,,0,0,0,0,0,0,,,,,
981080670012743,100064197037125,"PC Merchandise","Another comshop delivered! 10 units RYZEN 5 2600 para sa bagong negosyo ni JAMES 💪",,0,"12/14/2022 00:51",,https://www.facebook.com/pcmerchandise.co/posts/pfbid0QxcGy90SK7Rx3BzS6TJl8cgeCS1XsFcR3u2qQT3Xp7AkdtBAO1VZBnOZ,0,1,Photos,,,,,12/11/2022,,,0,0,0,0,0,0,,,,,
981080670012743,100064197037125,"PC Merchandise","Another comshop delivered! 10 units RYZEN 5 2600 para sa bagong negosyo ni JAMES 💪",,0,"12/14/2022 00:51",,https://www.facebook.com/pcmerchandise.co/posts/pfbid0QxcGy90SK7Rx3BzS6TJl8cgeCS1XsFcR3u2qQT3Xp7AkdtBAO1VZBnOZ,0,1,Photos,,,,,12/12/2022,,,0,0,0,0,0,0,,,,,
981080670012743,100064197037125,"PC Merchandise","Another comshop delivered! 10 units RYZEN 5 2600 para sa bagong negosyo ni JAMES 💪",,0,"12/14/2022 00:51",,https://www.facebook.com/pcmerchandise.co/posts/pfbid0QxcGy90SK7Rx3BzS6TJl8cgeCS1XsFcR3u2qQT3Xp7AkdtBAO1VZBnOZ,0,1,Photos,,,,,12/13/2022,,,0,0,0,0,0,0,,,,,
981080670012743,100064197037125,"PC Merchandise","Another comshop delivered! 10 units RYZEN 5 2600 para sa bagong negosyo ni JAMES 💪",,0,"12/14/2022 00:51",,https://www.facebook.com/pcmerchandise.co/posts/pfbid0QxcGy90SK7Rx3BzS6TJl8cgeCS1XsFcR3u2qQT3Xp7AkdtBAO1VZBnOZ,0,1,Photos,,,,,12/14/2022,,,0,0,0,0,0,0,,,,,
981080670012743,100064197037125,"PC Merchandise","Another comshop delivered! 10 units RYZEN 5 2600 para sa bagong negosyo ni JAMES 💪",,0,"12/14/2022 00:51",,https://www.facebook.com/pcmerchandise.co/posts/pfbid0QxcGy90SK7Rx3BzS6TJl8cgeCS1XsFcR3u2qQT3Xp7AkdtBAO1VZBnOZ,0,1,Photos,,,,,12/15/2022,,,0,0,0,0,0,0,,,,,
981080670012743,100064197037125,"PC Merchandise","Another comshop delivered! 10 units RYZEN 5 2600 para sa bagong negosyo ni JAMES 💪",,0,"12/14/2022 00:51",,https://www.facebook.com/pcmerchandise.co/posts/pfbid0QxcGy90SK7Rx3BzS6TJl8cgeCS1XsFcR3u2qQT3Xp7AkdtBAO1VZBnOZ,0,1,Photos,,,,,12/16/2022,,,0,0,0,0,0,0,,,,,
981080670012743,100064197037125,"PC Merchandise","Another comshop delivered! 10 units RYZEN 5 2600 para sa bagong negosyo ni JAMES 💪",,0,"12/14/2022 00:51",,https://www.facebook.com/pcmerchandise.co/posts/pfbid0QxcGy90SK7Rx3BzS6TJl8cgeCS1XsFcR3u2qQT3Xp7AkdtBAO1VZBnOZ,0,1,Photos,,,,,12/17/2022,,,0,0,0,0,0,0,,,,,
981080670012743,100064197037125,"PC Merchandise","Another comshop delivered! 10 units RYZEN 5 2600 para sa bagong negosyo ni JAMES 💪",,0,"12/14/2022 00:51",,https://www.facebook.com/pcmerchandise.co/posts/pfbid0QxcGy90SK7Rx3BzS6TJl8cgeCS1XsFcR3u2qQT3Xp7AkdtBAO1VZBnOZ,0,1,Photos,,,,,12/18/2022,,,0,0,0,0,0,0,,,,,
981080670012743,100064197037125,"PC Merchandise","Another comshop delivered! 10 units RYZEN 5 2600 para sa bagong negosyo ni JAMES 💪",,0,"12/14/2022 00:51",,https://www.facebook.com/pcmerchandise.co/posts/pfbid0QxcGy90SK7Rx3BzS6TJl8cgeCS1XsFcR3u2qQT3Xp7AkdtBAO1VZBnOZ,0,1,Photos,,,,,12/19/2022,,,0,0,0,0,0,0,,,,,
981080670012743,100064197037125,"PC Merchandise","Another comshop delivered! 10 units RYZEN 5 2600 para sa bagong negosyo ni JAMES 💪",,0,"12/14/2022 00:51",,https://www.facebook.com/pcmerchandise.co/posts/pfbid0QxcGy90SK7Rx3BzS6TJl8cgeCS1XsFcR3u2qQT3Xp7AkdtBAO1VZBnOZ,0,1,Photos,,,,,12/20/2022,,,0,0,0,0,0,0,,,,,
981080670012743,100064197037125,"PC Merchandise","Another comshop delivered! 10 units RYZEN 5 2600 para sa bagong negosyo ni JAMES 💪",,0,"12/14/2022 00:51",,https://www.facebook.com/pcmerchandise.co/posts/pfbid0QxcGy90SK7Rx3BzS6TJl8cgeCS1XsFcR3u2qQT3Xp7AkdtBAO1VZBnOZ,0,1,Photos,,,,,12/21/2022,,,0,0,0,0,0,0,,,,,
981080670012743,100064197037125,"PC Merchandise","Another comshop delivered! 10 units RYZEN 5 2600 para sa bagong negosyo ni JAMES 💪",,0,"12/14/2022 00:51",,https://www.facebook.com/pcmerchandise.co/posts/pfbid0QxcGy90SK7Rx3BzS6TJl8cgeCS1XsFcR3u2qQT3Xp7AkdtBAO1VZBnOZ,0,1,Photos,,,,,12/22/2022,,,0,0,0,0,0,0,,,,,
981080670012743,100064197037125,"PC Merchandise","Another comshop delivered! 10 units RYZEN 5 2600 para sa bagong negosyo ni JAMES 💪",,0,"12/14/2022 00:51",,https://www.facebook.com/pcmerchandise.co/posts/pfbid0QxcGy90SK7Rx3BzS6TJl8cgeCS1XsFcR3u2qQT3Xp7AkdtBAO1VZBnOZ,0,1,Photos,,,,,12/23/2022,,,0,0,0,0,0,0,,,,,
981080670012743,100064197037125,"PC Merchandise","Another comshop delivered! 10 units RYZEN 5 2600 para sa bagong negosyo ni JAMES 💪",,0,"12/14/2022 00:51",,https://www.facebook.com/pcmerchandise.co/posts/pfbid0QxcGy90SK7Rx3BzS6TJl8cgeCS1XsFcR3u2qQT3Xp7AkdtBAO1VZBnOZ,0,1,Photos,,,,,12/24/2022,,,0,0,0,0,0,0,,,,,
981080670012743,100064197037125,"PC Merchandise","Another comshop delivered! 10 units RYZEN 5 2600 para sa bagong negosyo ni JAMES 💪",,0,"12/14/2022 00:51",,https://www.facebook.com/pcmerchandise.co/posts/pfbid0QxcGy90SK7Rx3BzS6TJl8cgeCS1XsFcR3u2qQT3Xp7AkdtBAO1VZBnOZ,0,1,Photos,,,,,12/25/2022,,,0,0,0,0,0,0,,,,,
981080670012743,100064197037125,"PC Merchandise","Another comshop delivered! 10 units RYZEN 5 2600 para sa bagong negosyo ni JAMES 💪",,0,"12/14/2022 00:51",,https://www.facebook.com/pcmerchandise.co/posts/pfbid0QxcGy90SK7Rx3BzS6TJl8cgeCS1XsFcR3u2qQT3Xp7AkdtBAO1VZBnOZ,0,1,Photos,,,,,12/26/2022,,,0,0,0,0,0,0,,,,,
981080670012743,100064197037125,"PC Merchandise","Another comshop delivered! 10 units RYZEN 5 2600 para sa bagong negosyo ni JAMES 💪",,0,"12/14/2022 00:51",,https://www.facebook.com/pcmerchandise.co/posts/pfbid0QxcGy90SK7Rx3BzS6TJl8cgeCS1XsFcR3u2qQT3Xp7AkdtBAO1VZBnOZ,0,1,Photos,,,,,12/27/2022,,,0,0,0,0,0,0,,,,,
981080670012743,100064197037125,"PC Merchandise","Another comshop delivered! 10 units RYZEN 5 2600 para sa bagong negosyo ni JAMES 💪",,0,"12/14/2022 00:51",,https://www.facebook.com/pcmerchandise.co/posts/pfbid0QxcGy90SK7Rx3BzS6TJl8cgeCS1XsFcR3u2qQT3Xp7AkdtBAO1VZBnOZ,0,1,Photos,,,,,12/28/2022,,,0,0,0,0,0,0,,,,,
981080670012743,100064197037125,"PC Merchandise","Another comshop delivered! 10 units RYZEN 5 2600 para sa bagong negosyo ni JAMES 💪",,0,"12/14/2022 00:51",,https://www.facebook.com/pcmerchandise.co/posts/pfbid0QxcGy90SK7Rx3BzS6TJl8cgeCS1XsFcR3u2qQT3Xp7AkdtBAO1VZBnOZ,0,1,Photos,,,,,12/29/2022,,,0,0,0,0,0,0,,,,,
981080670012743,100064197037125,"PC Merchandise","Another comshop delivered! 10 units RYZEN 5 2600 para sa bagong negosyo ni JAMES 💪",,0,"12/14/2022 00:51",,https://www.facebook.com/pcmerchandise.co/posts/pfbid0QxcGy90SK7Rx3BzS6TJl8cgeCS1XsFcR3u2qQT3Xp7AkdtBAO1VZBnOZ,0,1,Photos,,,,,12/30/2022,,,0,0,0,0,0,0,,,,,
981080670012743,100064197037125,"PC Merchandise","Another comshop delivered! 10 units RYZEN 5 2600 para sa bagong negosyo ni JAMES 💪",,0,"12/14/2022 00:51",,https://www.facebook.com/pcmerchandise.co/posts/pfbid0QxcGy90SK7Rx3BzS6TJl8cgeCS1XsFcR3u2qQT3Xp7AkdtBAO1VZBnOZ,0,1,Photos,,,,,12/31/2022,,,0,0,0,0,0,0,,,,,
980960103853065,100064197037125,"PC Merchandise","Free deliver within Cavite! RYZEN 5 3400G packages all-in na.",,0,"12/13/2022 19:30",,https://www.facebook.com/pcmerchandise.co/posts/pfbid0ZbH4gKkp8TGaEnOXOcGkUwT5SgXAOhXdhgyZNzYDQVkBOoPTs1M03Xxs,0,0,Photos,,,,,12/31/2022,0,,,,,,,,,,,,
980960103853065,100064197037125,"PC Merchandise","Free deliver within Cavite! RYZEN 5 3400G packages all-in na.",,0,"12/13/2022 19:30",,https://www.facebook.com/pcmerchandise.co/posts/pfbid0ZbH4gKkp8TGaEnOXOcGkUwT5SgXAOhXdhgyZNzYDQVkBOoPTs1M03Xxs,0,0,Photos,,,,,12/01/2022,,,0,0,0,0,0,0,,,,,
980960103853065,100064197037125,"PC Merchandise","Free deliver within Cavite! RYZEN 5 3400G packages all-in na.",,0,"12/13/2022 19:30",,https://www.facebook.com/pcmerchandise.co/posts/pfbid0ZbH4gKkp8TGaEnOXOcGkUwT5SgXAOhXdhgyZNzYDQVkBOoPTs1M03Xxs,0,0,Photos,,,,,12/02/2022,,,0,0,0,0,0,0,,,,,
980960103853065,100064197037125,"PC Merchandise","Free deliver within Cavite! RYZEN 5 3400G packages all-in na.",,0,"12/13/2022 19:30",,https://www.facebook.com/pcmerchandise.co/posts/pfbid0ZbH4gKkp8TGaEnOXOcGkUwT5SgXAOhXdhgyZNzYDQVkBOoPTs1M03Xxs,0,0,Photos,,,,,12/03/2022,,,0,0,0,0,0,0,,,,,
980960103853065,100064197037125,"PC Merchandise","Free deliver within Cavite! RYZEN 5 3400G packages all-in na.",,0,"12/13/2022 19:30",,https://www.facebook.com/pcmerchandise.co/posts/pfbid0ZbH4gKkp8TGaEnOXOcGkUwT5SgXAOhXdhgyZNzYDQVkBOoPTs1M03Xxs,0,0,Photos,,,,,12/04/2022,,,0,0,0,0,0,0,,,,,
980960103853065,100064197037125,"PC Merchandise","Free deliver within Cavite! RYZEN 5 3400G packages all-in na.",,0,"12/13/2022 19:30",,https://www.facebook.com/pcmerchandise.co/posts/pfbid0ZbH4gKkp8TGaEnOXOcGkUwT5SgXAOhXdhgyZNzYDQVkBOoPTs1M03Xxs,0,0,Photos,,,,,12/05/2022,,,0,0,0,0,0,0,,,,,
980960103853065,100064197037125,"PC Merchandise","Free deliver within Cavite! RYZEN 5 3400G packages all-in na.",,0,"12/13/2022 19:30",,https://www.facebook.com/pcmerchandise.co/posts/pfbid0ZbH4gKkp8TGaEnOXOcGkUwT5SgXAOhXdhgyZNzYDQVkBOoPTs1M03Xxs,0,0,Photos,,,,,12/06/2022,,,0,0,0,0,0,0,,,,,
980960103853065,100064197037125,"PC Merchandise","Free deliver within Cavite! RYZEN 5 3400G packages all-in na.",,0,"12/13/2022 19:30",,https://www.facebook.com/pcmerchandise.co/posts/pfbid0ZbH4gKkp8TGaEnOXOcGkUwT5SgXAOhXdhgyZNzYDQVkBOoPTs1M03Xxs,0,0,Photos,,,,,12/07/2022,,,0,0,0,0,0,0,,,,,
980960103853065,100064197037125,"PC Merchandise","Free deliver within Cavite! RYZEN 5 3400G packages all-in na.",,0,"12/13/2022 19:30",,https://www.facebook.com/pcmerchandise.co/posts/pfbid0ZbH4gKkp8TGaEnOXOcGkUwT5SgXAOhXdhgyZNzYDQVkBOoPTs1M03Xxs,0,0,Photos,,,,,12/08/2022,,,0,0,0,0,0,0,,,,,
980960103853065,100064197037125,"PC Merchandise","Free deliver within Cavite! RYZEN 5 3400G packages all-in na.",,0,"12/13/2022 19:30",,https://www.facebook.com/pcmerchandise.co/posts/pfbid0ZbH4gKkp8TGaEnOXOcGkUwT5SgXAOhXdhgyZNzYDQVkBOoPTs1M03Xxs,0,0,Photos,,,,,12/09/2022,,,0,0,0,0,0,0,,,,,
980960103853065,100064197037125,"PC Merchandise","Free deliver within Cavite! RYZEN 5 3400G packages all-in na.",,0,"12/13/2022 19:30",,https://www.facebook.com/pcmerchandise.co/posts/pfbid0ZbH4gKkp8TGaEnOXOcGkUwT5SgXAOhXdhgyZNzYDQVkBOoPTs1M03Xxs,0,0,Photos,,,,,12/10/2022,,,0,0,0,0,0,0,,,,,
980960103853065,100064197037125,"PC Merchandise","Free deliver within Cavite! RYZEN 5 3400G packages all-in na.",,0,"12/13/2022 19:30",,https://www.facebook.com/pcmerchandise.co/posts/pfbid0ZbH4gKkp8TGaEnOXOcGkUwT5SgXAOhXdhgyZNzYDQVkBOoPTs1M03Xxs,0,0,Photos,,,,,12/11/2022,,,0,0,0,0,0,0,,,,,
980960103853065,100064197037125,"PC Merchandise","Free deliver within Cavite! RYZEN 5 3400G packages all-in na.",,0,"12/13/2022 19:30",,https://www.facebook.com/pcmerchandise.co/posts/pfbid0ZbH4gKkp8TGaEnOXOcGkUwT5SgXAOhXdhgyZNzYDQVkBOoPTs1M03Xxs,0,0,Photos,,,,,12/12/2022,,,0,0,0,0,0,0,,,,,
980960103853065,100064197037125,"PC Merchandise","Free deliver within Cavite! RYZEN 5 3400G packages all-in na.",,0,"12/13/2022 19:30",,https://www.facebook.com/pcmerchandise.co/posts/pfbid0ZbH4gKkp8TGaEnOXOcGkUwT5SgXAOhXdhgyZNzYDQVkBOoPTs1M03Xxs,0,0,Photos,,,,,12/13/2022,,,0,0,0,0,0,0,,,,,
980960103853065,100064197037125,"PC Merchandise","Free deliver within Cavite! RYZEN 5 3400G packages all-in na.",,0,"12/13/2022 19:30",,https://www.facebook.com/pcmerchandise.co/posts/pfbid0ZbH4gKkp8TGaEnOXOcGkUwT5SgXAOhXdhgyZNzYDQVkBOoPTs1M03Xxs,0,0,Photos,,,,,12/14/2022,,,0,0,0,0,0,0,,,,,
980960103853065,100064197037125,"PC Merchandise","Free deliver within Cavite! RYZEN 5 3400G packages all-in na.",,0,"12/13/2022 19:30",,https://www.facebook.com/pcmerchandise.co/posts/pfbid0ZbH4gKkp8TGaEnOXOcGkUwT5SgXAOhXdhgyZNzYDQVkBOoPTs1M03Xxs,0,0,Photos,,,,,12/15/2022,,,0,0,0,0,0,0,,,,,
980960103853065,100064197037125,"PC Merchandise","Free deliver within Cavite! RYZEN 5 3400G packages all-in na.",,0,"12/13/2022 19:30",,https://www.facebook.com/pcmerchandise.co/posts/pfbid0ZbH4gKkp8TGaEnOXOcGkUwT5SgXAOhXdhgyZNzYDQVkBOoPTs1M03Xxs,0,0,Photos,,,,,12/16/2022,,,0,0,0,0,0,0,,,,,
980960103853065,100064197037125,"PC Merchandise","Free deliver within Cavite! RYZEN 5 3400G packages all-in na.",,0,"12/13/2022 19:30",,https://www.facebook.com/pcmerchandise.co/posts/pfbid0ZbH4gKkp8TGaEnOXOcGkUwT5SgXAOhXdhgyZNzYDQVkBOoPTs1M03Xxs,0,0,Photos,,,,,12/17/2022,,,0,0,0,0,0,0,,,,,
980960103853065,100064197037125,"PC Merchandise","Free deliver within Cavite! RYZEN 5 3400G packages all-in na.",,0,"12/13/2022 19:30",,https://www.facebook.com/pcmerchandise.co/posts/pfbid0ZbH4gKkp8TGaEnOXOcGkUwT5SgXAOhXdhgyZNzYDQVkBOoPTs1M03Xxs,0,0,Photos,,,,,12/18/2022,,,0,0,0,0,0,0,,,,,
980960103853065,100064197037125,"PC Merchandise","Free deliver within Cavite! RYZEN 5 3400G packages all-in na.",,0,"12/13/2022 19:30",,https://www.facebook.com/pcmerchandise.co/posts/pfbid0ZbH4gKkp8TGaEnOXOcGkUwT5SgXAOhXdhgyZNzYDQVkBOoPTs1M03Xxs,0,0,Photos,,,,,12/19/2022,,,0,0,0,0,0,0,,,,,
980960103853065,100064197037125,"PC Merchandise","Free deliver within Cavite! RYZEN 5 3400G packages all-in na.",,0,"12/13/2022 19:30",,https://www.facebook.com/pcmerchandise.co/posts/pfbid0ZbH4gKkp8TGaEnOXOcGkUwT5SgXAOhXdhgyZNzYDQVkBOoPTs1M03Xxs,0,0,Photos,,,,,12/20/2022,,,0,0,0,0,0,0,,,,,
980960103853065,100064197037125,"PC Merchandise","Free deliver within Cavite! RYZEN 5 3400G packages all-in na.",,0,"12/13/2022 19:30",,https://www.facebook.com/pcmerchandise.co/posts/pfbid0ZbH4gKkp8TGaEnOXOcGkUwT5SgXAOhXdhgyZNzYDQVkBOoPTs1M03Xxs,0,0,Photos,,,,,12/21/2022,,,0,0,0,0,0,0,,,,,
980960103853065,100064197037125,"PC Merchandise","Free deliver within Cavite! RYZEN 5 3400G packages all-in na.",,0,"12/13/2022 19:30",,https://www.facebook.com/pcmerchandise.co/posts/pfbid0ZbH4gKkp8TGaEnOXOcGkUwT5SgXAOhXdhgyZNzYDQVkBOoPTs1M03Xxs,0,0,Photos,,,,,12/22/2022,,,0,0,0,0,0,0,,,,,
980960103853065,100064197037125,"PC Merchandise","Free deliver within Cavite! RYZEN 5 3400G packages all-in na.",,0,"12/13/2022 19:30",,https://www.facebook.com/pcmerchandise.co/posts/pfbid0ZbH4gKkp8TGaEnOXOcGkUwT5SgXAOhXdhgyZNzYDQVkBOoPTs1M03Xxs,0,0,Photos,,,,,12/23/2022,,,0,0,0,0,0,0,,,,,
980960103853065,100064197037125,"PC Merchandise","Free deliver within Cavite! RYZEN 5 3400G packages all-in na.",,0,"12/13/2022 19:30",,https://www.facebook.com/pcmerchandise.co/posts/pfbid0ZbH4gKkp8TGaEnOXOcGkUwT5SgXAOhXdhgyZNzYDQVkBOoPTs1M03Xxs,0,0,Photos,,,,,12/24/2022,,,0,0,0,0,0,0,,,,,
980960103853065,100064197037125,"PC Merchandise","Free deliver within Cavite! RYZEN 5 3400G packages all-in na.",,0,"12/13/2022 19:30",,https://www.facebook.com/pcmerchandise.co/posts/pfbid0ZbH4gKkp8TGaEnOXOcGkUwT5SgXAOhXdhgyZNzYDQVkBOoPTs1M03Xxs,0,0,Photos,,,,,12/25/2022,,,0,0,0,0,0,0,,,,,
980960103853065,100064197037125,"PC Merchandise","Free deliver within Cavite! RYZEN 5 3400G packages all-in na.",,0,"12/13/2022 19:30",,https://www.facebook.com/pcmerchandise.co/posts/pfbid0ZbH4gKkp8TGaEnOXOcGkUwT5SgXAOhXdhgyZNzYDQVkBOoPTs1M03Xxs,0,0,Photos,,,,,12/26/2022,,,0,0,0,0,0,0,,,,,
980960103853065,100064197037125,"PC Merchandise","Free deliver within Cavite! RYZEN 5 3400G packages all-in na.",,0,"12/13/2022 19:30",,https://www.facebook.com/pcmerchandise.co/posts/pfbid0ZbH4gKkp8TGaEnOXOcGkUwT5SgXAOhXdhgyZNzYDQVkBOoPTs1M03Xxs,0,0,Photos,,,,,12/27/2022,,,0,0,0,0,0,0,,,,,
980960103853065,100064197037125,"PC Merchandise","Free deliver within Cavite! RYZEN 5 3400G packages all-in na.",,0,"12/13/2022 19:30",,https://www.facebook.com/pcmerchandise.co/posts/pfbid0ZbH4gKkp8TGaEnOXOcGkUwT5SgXAOhXdhgyZNzYDQVkBOoPTs1M03Xxs,0,0,Photos,,,,,12/28/2022,,,0,0,0,0,0,0,,,,,
980960103853065,100064197037125,"PC Merchandise","Free deliver within Cavite! RYZEN 5 3400G packages all-in na.",,0,"12/13/2022 19:30",,https://www.facebook.com/pcmerchandise.co/posts/pfbid0ZbH4gKkp8TGaEnOXOcGkUwT5SgXAOhXdhgyZNzYDQVkBOoPTs1M03Xxs,0,0,Photos,,,,,12/29/2022,,,0,0,0,0,0,0,,,,,
980960103853065,100064197037125,"PC Merchandise","Free deliver within Cavite! RYZEN 5 3400G packages all-in na.",,0,"12/13/2022 19:30",,https://www.facebook.com/pcmerchandise.co/posts/pfbid0ZbH4gKkp8TGaEnOXOcGkUwT5SgXAOhXdhgyZNzYDQVkBOoPTs1M03Xxs,0,0,Photos,,,,,12/30/2022,,,0,0,0,0,0,0,,,,,
980960103853065,100064197037125,"PC Merchandise","Free deliver within Cavite! RYZEN 5 3400G packages all-in na.",,0,"12/13/2022 19:30",,https://www.facebook.com/pcmerchandise.co/posts/pfbid0ZbH4gKkp8TGaEnOXOcGkUwT5SgXAOhXdhgyZNzYDQVkBOoPTs1M03Xxs,0,0,Photos,,,,,12/31/2022,,,0,0,0,0,0,0,,,,,
980660668905664,100064197037125,"PC Merchandise","Negosyo starts today! Complete computer shop packages ready. PM now!

𝐂𝐎𝐌𝐒𝐇𝐎𝐏 𝐏𝐑𝐈𝐂𝐄𝐋𝐈𝐒𝐓 >>>
https://pcmerchandise.live/2022-COMSHOP-PACKAGES",,79,"12/12/2022 22:17",,https://www.facebook.com/reel/1815088466780369/,0,0,Reels,,,,,12/01/2022,0,,,,,,0,0,0,0,0,0.000,2.282
980660668905664,100064197037125,"PC Merchandise","Negosyo starts today! Complete computer shop packages ready. PM now!

𝐂𝐎𝐌𝐒𝐇𝐎𝐏 𝐏𝐑𝐈𝐂𝐄𝐋𝐈𝐒𝐓 >>>
https://pcmerchandise.live/2022-COMSHOP-PACKAGES",,79,"12/12/2022 22:17",,https://www.facebook.com/reel/1815088466780369/,0,0,Reels,,,,,12/02/2022,0,,,,,,0,0,0,0,0,0.000,2.748
980660668905664,100064197037125,"PC Merchandise","Negosyo starts today! Complete computer shop packages ready. PM now!

𝐂𝐎𝐌𝐒𝐇𝐎𝐏 𝐏𝐑𝐈𝐂𝐄𝐋𝐈𝐒𝐓 >>>
https://pcmerchandise.live/2022-COMSHOP-PACKAGES",,79,"12/12/2022 22:17",,https://www.facebook.com/reel/1815088466780369/,0,0,Reels,,,,,12/03/2022,0,,,,,,0,0,0,0,0,0.000,1.542
980660668905664,100064197037125,"PC Merchandise","Negosyo starts today! Complete computer shop packages ready. PM now!

𝐂𝐎𝐌𝐒𝐇𝐎𝐏 𝐏𝐑𝐈𝐂𝐄𝐋𝐈𝐒𝐓 >>>
https://pcmerchandise.live/2022-COMSHOP-PACKAGES",,79,"12/12/2022 22:17",,https://www.facebook.com/reel/1815088466780369/,0,0,Reels,,,,,12/04/2022,0,,,,,,0,0,0,0,0,0.000,1.876
980660668905664,100064197037125,"PC Merchandise","Negosyo starts today! Complete computer shop packages ready. PM now!

𝐂𝐎𝐌𝐒𝐇𝐎𝐏 𝐏𝐑𝐈𝐂𝐄𝐋𝐈𝐒𝐓 >>>
https://pcmerchandise.live/2022-COMSHOP-PACKAGES",,79,"12/12/2022 22:17",,https://www.facebook.com/reel/1815088466780369/,0,0,Reels,,,,,12/05/2022,0,,,,,,0,0,0,0,0,0.000,3.043
980660668905664,100064197037125,"PC Merchandise","Negosyo starts today! Complete computer shop packages ready. PM now!

𝐂𝐎𝐌𝐒𝐇𝐎𝐏 𝐏𝐑𝐈𝐂𝐄𝐋𝐈𝐒𝐓 >>>
https://pcmerchandise.live/2022-COMSHOP-PACKAGES",,79,"12/12/2022 22:17",,https://www.facebook.com/reel/1815088466780369/,0,0,Reels,,,,,12/06/2022,0,,,,,,0,0,0,0,0,0.000,2.750
980660668905664,100064197037125,"PC Merchandise","Negosyo starts today! Complete computer shop packages ready. PM now!

𝐂𝐎𝐌𝐒𝐇𝐎𝐏 𝐏𝐑𝐈𝐂𝐄𝐋𝐈𝐒𝐓 >>>
https://pcmerchandise.live/2022-COMSHOP-PACKAGES",,79,"12/12/2022 22:17",,https://www.facebook.com/reel/1815088466780369/,0,0,Reels,,,,,12/07/2022,0,,,,,,0,0,0,0,0,0.000,2.439
980660668905664,100064197037125,"PC Merchandise","Negosyo starts today! Complete computer shop packages ready. PM now!

𝐂𝐎𝐌𝐒𝐇𝐎𝐏 𝐏𝐑𝐈𝐂𝐄𝐋𝐈𝐒𝐓 >>>
https://pcmerchandise.live/2022-COMSHOP-PACKAGES",,79,"12/12/2022 22:17",,https://www.facebook.com/reel/1815088466780369/,0,0,Reels,,,,,12/08/2022,0,,,,,,0,0,0,0,0,0.000,2.291
980660668905664,100064197037125,"PC Merchandise","Negosyo starts today! Complete computer shop packages ready. PM now!

𝐂𝐎𝐌𝐒𝐇𝐎𝐏 𝐏𝐑𝐈𝐂𝐄𝐋𝐈𝐒𝐓 >>>
https://pcmerchandise.live/2022-COMSHOP-PACKAGES",,79,"12/12/2022 22:17",,https://www.facebook.com/reel/1815088466780369/,0,0,Reels,,,,,12/09/2022,0,,,,,,0,0,0,0,0,0.000,1.500
980660668905664,100064197037125,"PC Merchandise","Negosyo starts today! Complete computer shop packages ready. PM now!

𝐂𝐎𝐌𝐒𝐇𝐎𝐏 𝐏𝐑𝐈𝐂𝐄𝐋𝐈𝐒𝐓 >>>
https://pcmerchandise.live/2022-COMSHOP-PACKAGES",,79,"12/12/2022 22:17",,https://www.facebook.com/reel/1815088466780369/,0,0,Reels,,,,,12/10/2022,0,,,,,,0,0,0,0,0,0.000,3.578
980660668905664,100064197037125,"PC Merchandise","Negosyo starts today! Complete computer shop packages ready. PM now!

𝐂𝐎𝐌𝐒𝐇𝐎𝐏 𝐏𝐑𝐈𝐂𝐄𝐋𝐈𝐒𝐓 >>>
https://pcmerchandise.live/2022-COMSHOP-PACKAGES",,79,"12/12/2022 22:17",,https://www.facebook.com/reel/1815088466780369/,0,0,Reels,,,,,12/11/2022,0,,,,,,0,0,0,0,0,0.000,1.599
980660668905664,100064197037125,"PC Merchandise","Negosyo starts today! Complete computer shop packages ready. PM now!

𝐂𝐎𝐌𝐒𝐇𝐎𝐏 𝐏𝐑𝐈𝐂𝐄𝐋𝐈𝐒𝐓 >>>
https://pcmerchandise.live/2022-COMSHOP-PACKAGES",,79,"12/12/2022 22:17",,https://www.facebook.com/reel/1815088466780369/,0,0,Reels,,,,,12/12/2022,0,,,,,,0,0,0,0,0,690.745,3.054
980660668905664,100064197037125,"PC Merchandise","Negosyo starts today! Complete computer shop packages ready. PM now!

𝐂𝐎𝐌𝐒𝐇𝐎𝐏 𝐏𝐑𝐈𝐂𝐄𝐋𝐈𝐒𝐓 >>>
https://pcmerchandise.live/2022-COMSHOP-PACKAGES",,79,"12/12/2022 22:17",,https://www.facebook.com/reel/1815088466780369/,0,0,Reels,,,,,12/13/2022,0,,,,,,0,0,0,0,0,580.987,2.623
980660668905664,100064197037125,"PC Merchandise","Negosyo starts today! Complete computer shop packages ready. PM now!

𝐂𝐎𝐌𝐒𝐇𝐎𝐏 𝐏𝐑𝐈𝐂𝐄𝐋𝐈𝐒𝐓 >>>
https://pcmerchandise.live/2022-COMSHOP-PACKAGES",,79,"12/12/2022 22:17",,https://www.facebook.com/reel/1815088466780369/,0,0,Reels,,,,,12/14/2022,0,,,,,,0,0,0,0,0,503.267,1.795
980660668905664,100064197037125,"PC Merchandise","Negosyo starts today! Complete computer shop packages ready. PM now!

𝐂𝐎𝐌𝐒𝐇𝐎𝐏 𝐏𝐑𝐈𝐂𝐄𝐋𝐈𝐒𝐓 >>>
https://pcmerchandise.live/2022-COMSHOP-PACKAGES",,79,"12/12/2022 22:17",,https://www.facebook.com/reel/1815088466780369/,0,0,Reels,,,,,12/15/2022,0,,,,,,0,0,0,0,0,323.091,1.500
980660668905664,100064197037125,"PC Merchandise","Negosyo starts today! Complete computer shop packages ready. PM now!

𝐂𝐎𝐌𝐒𝐇𝐎𝐏 𝐏𝐑𝐈𝐂𝐄𝐋𝐈𝐒𝐓 >>>
https://pcmerchandise.live/2022-COMSHOP-PACKAGES",,79,"12/12/2022 22:17",,https://www.facebook.com/reel/1815088466780369/,0,0,Reels,,,,,12/16/2022,0,,,,,,0,0,0,0,0,358.102,1.802
980660668905664,100064197037125,"PC Merchandise","Negosyo starts today! Complete computer shop packages ready. PM now!

𝐂𝐎𝐌𝐒𝐇𝐎𝐏 𝐏𝐑𝐈𝐂𝐄𝐋𝐈𝐒𝐓 >>>
https://pcmerchandise.live/2022-COMSHOP-PACKAGES",,79,"12/12/2022 22:17",,https://www.facebook.com/reel/1815088466780369/,0,0,Reels,,,,,12/17/2022,0,,,,,,0,0,0,0,0,255.004,2.698
980660668905664,100064197037125,"PC Merchandise","Negosyo starts today! Complete computer shop packages ready. PM now!

𝐂𝐎𝐌𝐒𝐇𝐎𝐏 𝐏𝐑𝐈𝐂𝐄𝐋𝐈𝐒𝐓 >>>
https://pcmerchandise.live/2022-COMSHOP-PACKAGES",,79,"12/12/2022 22:17",,https://www.facebook.com/reel/1815088466780369/,0,0,Reels,,,,,12/18/2022,0,,,,,,0,0,0,0,0,72.811,2.670
980660668905664,100064197037125,"PC Merchandise","Negosyo starts today! Complete computer shop packages ready. PM now!

𝐂𝐎𝐌𝐒𝐇𝐎𝐏 𝐏𝐑𝐈𝐂𝐄𝐋𝐈𝐒𝐓 >>>
https://pcmerchandise.live/2022-COMSHOP-PACKAGES",,79,"12/12/2022 22:17",,https://www.facebook.com/reel/1815088466780369/,0,0,Reels,,,,,12/19/2022,0,,,,,,0,0,0,0,0,112.391,2.694
980660668905664,100064197037125,"PC Merchandise","Negosyo starts today! Complete computer shop packages ready. PM now!

𝐂𝐎𝐌𝐒𝐇𝐎𝐏 𝐏𝐑𝐈𝐂𝐄𝐋𝐈𝐒𝐓 >>>
https://pcmerchandise.live/2022-COMSHOP-PACKAGES",,79,"12/12/2022 22:17",,https://www.facebook.com/reel/1815088466780369/,0,0,Reels,,,,,12/20/2022,0,,,,,,0,0,0,0,0,50.400,3.108
980660668905664,100064197037125,"PC Merchandise","Negosyo starts today! Complete computer shop packages ready. PM now!

𝐂𝐎𝐌𝐒𝐇𝐎𝐏 𝐏𝐑𝐈𝐂𝐄𝐋𝐈𝐒𝐓 >>>
https://pcmerchandise.live/2022-COMSHOP-PACKAGES",,79,"12/12/2022 22:17",,https://www.facebook.com/reel/1815088466780369/,0,0,Reels,,,,,12/21/2022,0,,,,,,0,0,0,0,0,110.517,4.018
980660668905664,100064197037125,"PC Merchandise","Negosyo starts today! Complete computer shop packages ready. PM now!

𝐂𝐎𝐌𝐒𝐇𝐎𝐏 𝐏𝐑𝐈𝐂𝐄𝐋𝐈𝐒𝐓 >>>
https://pcmerchandise.live/2022-COMSHOP-PACKAGES",,79,"12/12/2022 22:17",,https://www.facebook.com/reel/1815088466780369/,0,0,Reels,,,,,12/22/2022,0,,,,,,0,0,0,0,0,69.418,1.580
980660668905664,100064197037125,"PC Merchandise","Negosyo starts today! Complete computer shop packages ready. PM now!

𝐂𝐎𝐌𝐒𝐇𝐎𝐏 𝐏𝐑𝐈𝐂𝐄𝐋𝐈𝐒𝐓 >>>
https://pcmerchandise.live/2022-COMSHOP-PACKAGES",,79,"12/12/2022 22:17",,https://www.facebook.com/reel/1815088466780369/,0,0,Reels,,,,,12/23/2022,0,,,,,,0,0,0,0,0,37.661,2.616
980660668905664,100064197037125,"PC Merchandise","Negosyo starts today! Complete computer shop packages ready. PM now!

𝐂𝐎𝐌𝐒𝐇𝐎𝐏 𝐏𝐑𝐈𝐂𝐄𝐋𝐈𝐒𝐓 >>>
https://pcmerchandise.live/2022-COMSHOP-PACKAGES",,79,"12/12/2022 22:17",,https://www.facebook.com/reel/1815088466780369/,0,0,Reels,,,,,12/24/2022,0,,,,,,0,0,0,0,0,73.524,1.590
980660668905664,100064197037125,"PC Merchandise","Negosyo starts today! Complete computer shop packages ready. PM now!

𝐂𝐎𝐌𝐒𝐇𝐎𝐏 𝐏𝐑𝐈𝐂𝐄𝐋𝐈𝐒𝐓 >>>
https://pcmerchandise.live/2022-COMSHOP-PACKAGES",,79,"12/12/2022 22:17",,https://www.facebook.com/reel/1815088466780369/,0,0,Reels,,,,,12/25/2022,0,,,,,,0,0,0,0,0,46.490,3.184
980660668905664,100064197037125,"PC Merchandise","Negosyo starts today! Complete computer shop packages ready. PM now!

𝐂𝐎𝐌𝐒𝐇𝐎𝐏 𝐏𝐑𝐈𝐂𝐄𝐋𝐈𝐒𝐓 >>>
https://pcmerchandise.live/2022-COMSHOP-PACKAGES",,79,"12/12/2022 22:17",,https://www.facebook.com/reel/1815088466780369/,0,0,Reels,,,,,12/26/2022,0,,,,,,0,0,0,0,0,56.414,3.115
980660668905664,100064197037125,"PC Merchandise","Negosyo starts today! Complete computer shop packages ready. PM now!

𝐂𝐎𝐌𝐒𝐇𝐎𝐏 𝐏𝐑𝐈𝐂𝐄𝐋𝐈𝐒𝐓 >>>
https://pcmerchandise.live/2022-COMSHOP-PACKAGES",,79,"12/12/2022 22:17",,https://www.facebook.com/reel/1815088466780369/,0,0,Reels,,,,,12/27/2022,0,,,,,,0,0,0,0,0,25.349,2.627
980660668905664,100064197037125,"PC Merchandise","Negosyo starts today! Complete computer shop packages ready. PM now!

𝐂𝐎𝐌𝐒𝐇𝐎𝐏 𝐏𝐑𝐈𝐂𝐄𝐋𝐈𝐒𝐓 >>>
https://pcmerchandise.live/2022-COMSHOP-PACKAGES",,79,"12/12/2022 22:17",,https://www.facebook.com/reel/1815088466780369/,0,0,Reels,,,,,12/28/2022,0,,,,,,0,0,0,0,0,25.063,2.061
980660668905664,100064197037125,"PC Merchandise","Negosyo starts today! Complete computer shop packages ready. PM now!

𝐂𝐎𝐌𝐒𝐇𝐎𝐏 𝐏𝐑𝐈𝐂𝐄𝐋𝐈𝐒𝐓 >>>
https://pcmerchandise.live/2022-COMSHOP-PACKAGES",,79,"12/12/2022 22:17",,https://www.facebook.com/reel/1815088466780369/,0,0,Reels,,,,,12/29/2022,0,,,,,,0,0,0,0,0,21.697,2.341
980660668905664,100064197037125,"PC Merchandise","Negosyo starts today! Complete computer shop packages ready. PM now!

𝐂𝐎𝐌𝐒𝐇𝐎𝐏 𝐏𝐑𝐈𝐂𝐄𝐋𝐈𝐒𝐓 >>>
https://pcmerchandise.live/2022-COMSHOP-PACKAGES",,79,"12/12/2022 22:17",,https://www.facebook.com/reel/1815088466780369/,0,0,Reels,,,,,12/30/2022,0,,,,,,0,0,0,0,0,30.448,2.487
980660668905664,100064197037125,"PC Merchandise","Negosyo starts today! Complete computer shop packages ready. PM now!

𝐂𝐎𝐌𝐒𝐇𝐎𝐏 𝐏𝐑𝐈𝐂𝐄𝐋𝐈𝐒𝐓 >>>
https://pcmerchandise.live/2022-COMSHOP-PACKAGES",,79,"12/12/2022 22:17",,https://www.facebook.com/reel/1815088466780369/,0,0,Reels,,,,,12/31/2022,0,,,,,,0,0,0,0,0,43.295,2.551
981419258812647,100064197037125,"PC Merchandise","𝐏𝐑𝐈𝐂𝐄𝐋𝐈𝐒𝐓 𝟐𝟎𝟐𝟐 >>>
https://pcmerchandise.live/2022-PRICELIST",,0,"12/12/2022 19:30",,https://www.facebook.com/pcmerchandise.co/posts/pfbid0WljGktcJpqAqhOXCO7nC6bLJztTyPqvfQcl8V4av81KKtQ26fyErcUDs,0,0,Photos,,,,,12/31/2022,0,,,,,,,,,,,,
981419258812647,100064197037125,"PC Merchandise","𝐏𝐑𝐈𝐂𝐄𝐋𝐈𝐒𝐓 𝟐𝟎𝟐𝟐 >>>
https://pcmerchandise.live/2022-PRICELIST",,0,"12/12/2022 19:30",,https://www.facebook.com/pcmerchandise.co/posts/pfbid0WljGktcJpqAqhOXCO7nC6bLJztTyPqvfQcl8V4av81KKtQ26fyErcUDs,0,0,Photos,,,,,12/01/2022,,,0,0,0,0,0,0,,,,,
981419258812647,100064197037125,"PC Merchandise","𝐏𝐑𝐈𝐂𝐄𝐋𝐈𝐒𝐓 𝟐𝟎𝟐𝟐 >>>
https://pcmerchandise.live/2022-PRICELIST",,0,"12/12/2022 19:30",,https://www.facebook.com/pcmerchandise.co/posts/pfbid0WljGktcJpqAqhOXCO7nC6bLJztTyPqvfQcl8V4av81KKtQ26fyErcUDs,0,0,Photos,,,,,12/02/2022,,,0,0,0,0,0,0,,,,,
981419258812647,100064197037125,"PC Merchandise","𝐏𝐑𝐈𝐂𝐄𝐋𝐈𝐒𝐓 𝟐𝟎𝟐𝟐 >>>
https://pcmerchandise.live/2022-PRICELIST",,0,"12/12/2022 19:30",,https://www.facebook.com/pcmerchandise.co/posts/pfbid0WljGktcJpqAqhOXCO7nC6bLJztTyPqvfQcl8V4av81KKtQ26fyErcUDs,0,0,Photos,,,,,12/03/2022,,,0,0,0,0,0,0,,,,,
981419258812647,100064197037125,"PC Merchandise","𝐏𝐑𝐈𝐂𝐄𝐋𝐈𝐒𝐓 𝟐𝟎𝟐𝟐 >>>
https://pcmerchandise.live/2022-PRICELIST",,0,"12/12/2022 19:30",,https://www.facebook.com/pcmerchandise.co/posts/pfbid0WljGktcJpqAqhOXCO7nC6bLJztTyPqvfQcl8V4av81KKtQ26fyErcUDs,0,0,Photos,,,,,12/04/2022,,,0,0,0,0,0,0,,,,,
981419258812647,100064197037125,"PC Merchandise","𝐏𝐑𝐈𝐂𝐄𝐋𝐈𝐒𝐓 𝟐𝟎𝟐𝟐 >>>
https://pcmerchandise.live/2022-PRICELIST",,0,"12/12/2022 19:30",,https://www.facebook.com/pcmerchandise.co/posts/pfbid0WljGktcJpqAqhOXCO7nC6bLJztTyPqvfQcl8V4av81KKtQ26fyErcUDs,0,0,Photos,,,,,12/05/2022,,,0,0,0,0,0,0,,,,,
981419258812647,100064197037125,"PC Merchandise","𝐏𝐑𝐈𝐂𝐄𝐋𝐈𝐒𝐓 𝟐𝟎𝟐𝟐 >>>
https://pcmerchandise.live/2022-PRICELIST",,0,"12/12/2022 19:30",,https://www.facebook.com/pcmerchandise.co/posts/pfbid0WljGktcJpqAqhOXCO7nC6bLJztTyPqvfQcl8V4av81KKtQ26fyErcUDs,0,0,Photos,,,,,12/06/2022,,,0,0,0,0,0,0,,,,,
981419258812647,100064197037125,"PC Merchandise","𝐏𝐑𝐈𝐂𝐄𝐋𝐈𝐒𝐓 𝟐𝟎𝟐𝟐 >>>
https://pcmerchandise.live/2022-PRICELIST",,0,"12/12/2022 19:30",,https://www.facebook.com/pcmerchandise.co/posts/pfbid0WljGktcJpqAqhOXCO7nC6bLJztTyPqvfQcl8V4av81KKtQ26fyErcUDs,0,0,Photos,,,,,12/07/2022,,,0,0,0,0,0,0,,,,,
981419258812647,100064197037125,"PC Merchandise","𝐏𝐑𝐈𝐂𝐄𝐋𝐈𝐒𝐓 𝟐𝟎𝟐𝟐 >>>
https://pcmerchandise.live/2022-PRICELIST",,0,"12/12/2022 19:30",,https://www.facebook.com/pcmerchandise.co/posts/pfbid0WljGktcJpqAqhOXCO7nC6bLJztTyPqvfQcl8V4av81KKtQ26fyErcUDs,0,0,Photos,,,,,12/08/2022,,,0,0,0,0,0,0,,,,,
981419258812647,100064197037125,"PC Merchandise","𝐏𝐑𝐈𝐂𝐄𝐋𝐈𝐒𝐓 𝟐𝟎𝟐𝟐 >>>
https://pcmerchandise.live/2022-PRICELIST",,0,"12/12/2022 19:30",,https://www.facebook.com/pcmerchandise.co/posts/pfbid0WljGktcJpqAqhOXCO7nC6bLJztTyPqvfQcl8V4av81KKtQ26fyErcUDs,0,0,Photos,,,,,12/09/2022,,,0,0,0,0,0,0,,,,,
981419258812647,100064197037125,"PC Merchandise","𝐏𝐑𝐈𝐂𝐄𝐋𝐈𝐒𝐓 𝟐𝟎𝟐𝟐 >>>
https://pcmerchandise.live/2022-PRICELIST",,0,"12/12/2022 19:30",,https://www.facebook.com/pcmerchandise.co/posts/pfbid0WljGktcJpqAqhOXCO7nC6bLJztTyPqvfQcl8V4av81KKtQ26fyErcUDs,0,0,Photos,,,,,12/10/2022,,,0,0,0,0,0,0,,,,,
981419258812647,100064197037125,"PC Merchandise","𝐏𝐑𝐈𝐂𝐄𝐋𝐈𝐒𝐓 𝟐𝟎𝟐𝟐 >>>
https://pcmerchandise.live/2022-PRICELIST",,0,"12/12/2022 19:30",,https://www.facebook.com/pcmerchandise.co/posts/pfbid0WljGktcJpqAqhOXCO7nC6bLJztTyPqvfQcl8V4av81KKtQ26fyErcUDs,0,0,Photos,,,,,12/11/2022,,,0,0,0,0,0,0,,,,,
981419258812647,100064197037125,"PC Merchandise","𝐏𝐑𝐈𝐂𝐄𝐋𝐈𝐒𝐓 𝟐𝟎𝟐𝟐 >>>
https://pcmerchandise.live/2022-PRICELIST",,0,"12/12/2022 19:30",,https://www.facebook.com/pcmerchandise.co/posts/pfbid0WljGktcJpqAqhOXCO7nC6bLJztTyPqvfQcl8V4av81KKtQ26fyErcUDs,0,0,Photos,,,,,12/12/2022,,,0,0,0,0,0,0,,,,,
981419258812647,100064197037125,"PC Merchandise","𝐏𝐑𝐈𝐂𝐄𝐋𝐈𝐒𝐓 𝟐𝟎𝟐𝟐 >>>
https://pcmerchandise.live/2022-PRICELIST",,0,"12/12/2022 19:30",,https://www.facebook.com/pcmerchandise.co/posts/pfbid0WljGktcJpqAqhOXCO7nC6bLJztTyPqvfQcl8V4av81KKtQ26fyErcUDs,0,0,Photos,,,,,12/13/2022,,,0,0,0,0,0,0,,,,,
981419258812647,100064197037125,"PC Merchandise","𝐏𝐑𝐈𝐂𝐄𝐋𝐈𝐒𝐓 𝟐𝟎𝟐𝟐 >>>
https://pcmerchandise.live/2022-PRICELIST",,0,"12/12/2022 19:30",,https://www.facebook.com/pcmerchandise.co/posts/pfbid0WljGktcJpqAqhOXCO7nC6bLJztTyPqvfQcl8V4av81KKtQ26fyErcUDs,0,0,Photos,,,,,12/14/2022,,,0,0,0,0,0,0,,,,,
981419258812647,100064197037125,"PC Merchandise","𝐏𝐑𝐈𝐂𝐄𝐋𝐈𝐒𝐓 𝟐𝟎𝟐𝟐 >>>
https://pcmerchandise.live/2022-PRICELIST",,0,"12/12/2022 19:30",,https://www.facebook.com/pcmerchandise.co/posts/pfbid0WljGktcJpqAqhOXCO7nC6bLJztTyPqvfQcl8V4av81KKtQ26fyErcUDs,0,0,Photos,,,,,12/15/2022,,,0,0,0,0,0,0,,,,,
981419258812647,100064197037125,"PC Merchandise","𝐏𝐑𝐈𝐂𝐄𝐋𝐈𝐒𝐓 𝟐𝟎𝟐𝟐 >>>
https://pcmerchandise.live/2022-PRICELIST",,0,"12/12/2022 19:30",,https://www.facebook.com/pcmerchandise.co/posts/pfbid0WljGktcJpqAqhOXCO7nC6bLJztTyPqvfQcl8V4av81KKtQ26fyErcUDs,0,0,Photos,,,,,12/16/2022,,,0,0,0,0,0,0,,,,,
981419258812647,100064197037125,"PC Merchandise","𝐏𝐑𝐈𝐂𝐄𝐋𝐈𝐒𝐓 𝟐𝟎𝟐𝟐 >>>
https://pcmerchandise.live/2022-PRICELIST",,0,"12/12/2022 19:30",,https://www.facebook.com/pcmerchandise.co/posts/pfbid0WljGktcJpqAqhOXCO7nC6bLJztTyPqvfQcl8V4av81KKtQ26fyErcUDs,0,0,Photos,,,,,12/17/2022,,,0,0,0,0,0,0,,,,,
981419258812647,100064197037125,"PC Merchandise","𝐏𝐑𝐈𝐂𝐄𝐋𝐈𝐒𝐓 𝟐𝟎𝟐𝟐 >>>
https://pcmerchandise.live/2022-PRICELIST",,0,"12/12/2022 19:30",,https://www.facebook.com/pcmerchandise.co/posts/pfbid0WljGktcJpqAqhOXCO7nC6bLJztTyPqvfQcl8V4av81KKtQ26fyErcUDs,0,0,Photos,,,,,12/18/2022,,,0,0,0,0,0,0,,,,,
981419258812647,100064197037125,"PC Merchandise","𝐏𝐑𝐈𝐂𝐄𝐋𝐈𝐒𝐓 𝟐𝟎𝟐𝟐 >>>
https://pcmerchandise.live/2022-PRICELIST",,0,"12/12/2022 19:30",,https://www.facebook.com/pcmerchandise.co/posts/pfbid0WljGktcJpqAqhOXCO7nC6bLJztTyPqvfQcl8V4av81KKtQ26fyErcUDs,0,0,Photos,,,,,12/19/2022,,,0,0,0,0,0,0,,,,,
981419258812647,100064197037125,"PC Merchandise","𝐏𝐑𝐈𝐂𝐄𝐋𝐈𝐒𝐓 𝟐𝟎𝟐𝟐 >>>
https://pcmerchandise.live/2022-PRICELIST",,0,"12/12/2022 19:30",,https://www.facebook.com/pcmerchandise.co/posts/pfbid0WljGktcJpqAqhOXCO7nC6bLJztTyPqvfQcl8V4av81KKtQ26fyErcUDs,0,0,Photos,,,,,12/20/2022,,,0,0,0,0,0,0,,,,,
981419258812647,100064197037125,"PC Merchandise","𝐏𝐑𝐈𝐂𝐄𝐋𝐈𝐒𝐓 𝟐𝟎𝟐𝟐 >>>
https://pcmerchandise.live/2022-PRICELIST",,0,"12/12/2022 19:30",,https://www.facebook.com/pcmerchandise.co/posts/pfbid0WljGktcJpqAqhOXCO7nC6bLJztTyPqvfQcl8V4av81KKtQ26fyErcUDs,0,0,Photos,,,,,12/21/2022,,,0,0,0,0,0,0,,,,,
981419258812647,100064197037125,"PC Merchandise","𝐏𝐑𝐈𝐂𝐄𝐋𝐈𝐒𝐓 𝟐𝟎𝟐𝟐 >>>
https://pcmerchandise.live/2022-PRICELIST",,0,"12/12/2022 19:30",,https://www.facebook.com/pcmerchandise.co/posts/pfbid0WljGktcJpqAqhOXCO7nC6bLJztTyPqvfQcl8V4av81KKtQ26fyErcUDs,0,0,Photos,,,,,12/22/2022,,,0,0,0,0,0,0,,,,,
981419258812647,100064197037125,"PC Merchandise","𝐏𝐑𝐈𝐂𝐄𝐋𝐈𝐒𝐓 𝟐𝟎𝟐𝟐 >>>
https://pcmerchandise.live/2022-PRICELIST",,0,"12/12/2022 19:30",,https://www.facebook.com/pcmerchandise.co/posts/pfbid0WljGktcJpqAqhOXCO7nC6bLJztTyPqvfQcl8V4av81KKtQ26fyErcUDs,0,0,Photos,,,,,12/23/2022,,,0,0,0,0,0,0,,,,,
981419258812647,100064197037125,"PC Merchandise","𝐏𝐑𝐈𝐂𝐄𝐋𝐈𝐒𝐓 𝟐𝟎𝟐𝟐 >>>
https://pcmerchandise.live/2022-PRICELIST",,0,"12/12/2022 19:30",,https://www.facebook.com/pcmerchandise.co/posts/pfbid0WljGktcJpqAqhOXCO7nC6bLJztTyPqvfQcl8V4av81KKtQ26fyErcUDs,0,0,Photos,,,,,12/24/2022,,,0,0,0,0,0,0,,,,,
981419258812647,100064197037125,"PC Merchandise","𝐏𝐑𝐈𝐂𝐄𝐋𝐈𝐒𝐓 𝟐𝟎𝟐𝟐 >>>
https://pcmerchandise.live/2022-PRICELIST",,0,"12/12/2022 19:30",,https://www.facebook.com/pcmerchandise.co/posts/pfbid0WljGktcJpqAqhOXCO7nC6bLJztTyPqvfQcl8V4av81KKtQ26fyErcUDs,0,0,Photos,,,,,12/25/2022,,,0,0,0,0,0,0,,,,,
981419258812647,100064197037125,"PC Merchandise","𝐏𝐑𝐈𝐂𝐄𝐋𝐈𝐒𝐓 𝟐𝟎𝟐𝟐 >>>
https://pcmerchandise.live/2022-PRICELIST",,0,"12/12/2022 19:30",,https://www.facebook.com/pcmerchandise.co/posts/pfbid0WljGktcJpqAqhOXCO7nC6bLJztTyPqvfQcl8V4av81KKtQ26fyErcUDs,0,0,Photos,,,,,12/26/2022,,,0,0,0,0,0,0,,,,,
981419258812647,100064197037125,"PC Merchandise","𝐏𝐑𝐈𝐂𝐄𝐋𝐈𝐒𝐓 𝟐𝟎𝟐𝟐 >>>
https://pcmerchandise.live/2022-PRICELIST",,0,"12/12/2022 19:30",,https://www.facebook.com/pcmerchandise.co/posts/pfbid0WljGktcJpqAqhOXCO7nC6bLJztTyPqvfQcl8V4av81KKtQ26fyErcUDs,0,0,Photos,,,,,12/27/2022,,,0,0,0,0,0,0,,,,,
981419258812647,100064197037125,"PC Merchandise","𝐏𝐑𝐈𝐂𝐄𝐋𝐈𝐒𝐓 𝟐𝟎𝟐𝟐 >>>
https://pcmerchandise.live/2022-PRICELIST",,0,"12/12/2022 19:30",,https://www.facebook.com/pcmerchandise.co/posts/pfbid0WljGktcJpqAqhOXCO7nC6bLJztTyPqvfQcl8V4av81KKtQ26fyErcUDs,0,0,Photos,,,,,12/28/2022,,,0,0,0,0,0,0,,,,,
981419258812647,100064197037125,"PC Merchandise","𝐏𝐑𝐈𝐂𝐄𝐋𝐈𝐒𝐓 𝟐𝟎𝟐𝟐 >>>
https://pcmerchandise.live/2022-PRICELIST",,0,"12/12/2022 19:30",,https://www.facebook.com/pcmerchandise.co/posts/pfbid0WljGktcJpqAqhOXCO7nC6bLJztTyPqvfQcl8V4av81KKtQ26fyErcUDs,0,0,Photos,,,,,12/29/2022,,,0,0,0,0,0,0,,,,,
981419258812647,100064197037125,"PC Merchandise","𝐏𝐑𝐈𝐂𝐄𝐋𝐈𝐒𝐓 𝟐𝟎𝟐𝟐 >>>
https://pcmerchandise.live/2022-PRICELIST",,0,"12/12/2022 19:30",,https://www.facebook.com/pcmerchandise.co/posts/pfbid0WljGktcJpqAqhOXCO7nC6bLJztTyPqvfQcl8V4av81KKtQ26fyErcUDs,0,0,Photos,,,,,12/30/2022,,,0,0,0,0,0,0,,,,,
981419258812647,100064197037125,"PC Merchandise","𝐏𝐑𝐈𝐂𝐄𝐋𝐈𝐒𝐓 𝟐𝟎𝟐𝟐 >>>
https://pcmerchandise.live/2022-PRICELIST",,0,"12/12/2022 19:30",,https://www.facebook.com/pcmerchandise.co/posts/pfbid0WljGktcJpqAqhOXCO7nC6bLJztTyPqvfQcl8V4av81KKtQ26fyErcUDs,0,0,Photos,,,,,12/31/2022,,,0,0,0,0,0,0,,,,,
980725639644230,100064197037125,"PC Merchandise","Negosyo starts today! Complete computer shop packages ready. PM now!

𝐂𝐎𝐌𝐒𝐇𝐎𝐏 𝐏𝐑𝐈𝐂𝐄𝐋𝐈𝐒𝐓 >>>
https://pcmerchandise.live/2022-BERMONTHS-LIST-COMSHOP",,0,"12/11/2022 22:30",,https://www.facebook.com/pcmerchandise.co/posts/pfbid0GeOP4DnCyMOqkq4T3f3KhXltkQHEy4dS2jgdBawm06WBiXB8aOUWrbnu,0,0,Photos,,,,,12/31/2022,2,,,,,,,,,,,,
980725639644230,100064197037125,"PC Merchandise","Negosyo starts today! Complete computer shop packages ready. PM now!

𝐂𝐎𝐌𝐒𝐇𝐎𝐏 𝐏𝐑𝐈𝐂𝐄𝐋𝐈𝐒𝐓 >>>
https://pcmerchandise.live/2022-BERMONTHS-LIST-COMSHOP",,0,"12/11/2022 22:30",,https://www.facebook.com/pcmerchandise.co/posts/pfbid0GeOP4DnCyMOqkq4T3f3KhXltkQHEy4dS2jgdBawm06WBiXB8aOUWrbnu,0,0,Photos,,,,,12/01/2022,,,0,0,0,0,0,0,,,,,
980725639644230,100064197037125,"PC Merchandise","Negosyo starts today! Complete computer shop packages ready. PM now!

𝐂𝐎𝐌𝐒𝐇𝐎𝐏 𝐏𝐑𝐈𝐂𝐄𝐋𝐈𝐒𝐓 >>>
https://pcmerchandise.live/2022-BERMONTHS-LIST-COMSHOP",,0,"12/11/2022 22:30",,https://www.facebook.com/pcmerchandise.co/posts/pfbid0GeOP4DnCyMOqkq4T3f3KhXltkQHEy4dS2jgdBawm06WBiXB8aOUWrbnu,0,0,Photos,,,,,12/02/2022,,,0,0,0,0,0,0,,,,,
980725639644230,100064197037125,"PC Merchandise","Negosyo starts today! Complete computer shop packages ready. PM now!

𝐂𝐎𝐌𝐒𝐇𝐎𝐏 𝐏𝐑𝐈𝐂𝐄𝐋𝐈𝐒𝐓 >>>
https://pcmerchandise.live/2022-BERMONTHS-LIST-COMSHOP",,0,"12/11/2022 22:30",,https://www.facebook.com/pcmerchandise.co/posts/pfbid0GeOP4DnCyMOqkq4T3f3KhXltkQHEy4dS2jgdBawm06WBiXB8aOUWrbnu,0,0,Photos,,,,,12/03/2022,,,0,0,0,0,0,0,,,,,
980725639644230,100064197037125,"PC Merchandise","Negosyo starts today! Complete computer shop packages ready. PM now!

𝐂𝐎𝐌𝐒𝐇𝐎𝐏 𝐏𝐑𝐈𝐂𝐄𝐋𝐈𝐒𝐓 >>>
https://pcmerchandise.live/2022-BERMONTHS-LIST-COMSHOP",,0,"12/11/2022 22:30",,https://www.facebook.com/pcmerchandise.co/posts/pfbid0GeOP4DnCyMOqkq4T3f3KhXltkQHEy4dS2jgdBawm06WBiXB8aOUWrbnu,0,0,Photos,,,,,12/04/2022,,,0,0,0,0,0,0,,,,,
980725639644230,100064197037125,"PC Merchandise","Negosyo starts today! Complete computer shop packages ready. PM now!

𝐂𝐎𝐌𝐒𝐇𝐎𝐏 𝐏𝐑𝐈𝐂𝐄𝐋𝐈𝐒𝐓 >>>
https://pcmerchandise.live/2022-BERMONTHS-LIST-COMSHOP",,0,"12/11/2022 22:30",,https://www.facebook.com/pcmerchandise.co/posts/pfbid0GeOP4DnCyMOqkq4T3f3KhXltkQHEy4dS2jgdBawm06WBiXB8aOUWrbnu,0,0,Photos,,,,,12/05/2022,,,0,0,0,0,0,0,,,,,
980725639644230,100064197037125,"PC Merchandise","Negosyo starts today! Complete computer shop packages ready. PM now!

𝐂𝐎𝐌𝐒𝐇𝐎𝐏 𝐏𝐑𝐈𝐂𝐄𝐋𝐈𝐒𝐓 >>>
https://pcmerchandise.live/2022-BERMONTHS-LIST-COMSHOP",,0,"12/11/2022 22:30",,https://www.facebook.com/pcmerchandise.co/posts/pfbid0GeOP4DnCyMOqkq4T3f3KhXltkQHEy4dS2jgdBawm06WBiXB8aOUWrbnu,0,0,Photos,,,,,12/06/2022,,,0,0,0,0,0,0,,,,,
980725639644230,100064197037125,"PC Merchandise","Negosyo starts today! Complete computer shop packages ready. PM now!

𝐂𝐎𝐌𝐒𝐇𝐎𝐏 𝐏𝐑𝐈𝐂𝐄𝐋𝐈𝐒𝐓 >>>
https://pcmerchandise.live/2022-BERMONTHS-LIST-COMSHOP",,0,"12/11/2022 22:30",,https://www.facebook.com/pcmerchandise.co/posts/pfbid0GeOP4DnCyMOqkq4T3f3KhXltkQHEy4dS2jgdBawm06WBiXB8aOUWrbnu,0,0,Photos,,,,,12/07/2022,,,0,0,0,0,0,0,,,,,
980725639644230,100064197037125,"PC Merchandise","Negosyo starts today! Complete computer shop packages ready. PM now!

𝐂𝐎𝐌𝐒𝐇𝐎𝐏 𝐏𝐑𝐈𝐂𝐄𝐋𝐈𝐒𝐓 >>>
https://pcmerchandise.live/2022-BERMONTHS-LIST-COMSHOP",,0,"12/11/2022 22:30",,https://www.facebook.com/pcmerchandise.co/posts/pfbid0GeOP4DnCyMOqkq4T3f3KhXltkQHEy4dS2jgdBawm06WBiXB8aOUWrbnu,0,0,Photos,,,,,12/08/2022,,,0,0,0,0,0,0,,,,,
980725639644230,100064197037125,"PC Merchandise","Negosyo starts today! Complete computer shop packages ready. PM now!

𝐂𝐎𝐌𝐒𝐇𝐎𝐏 𝐏𝐑𝐈𝐂𝐄𝐋𝐈𝐒𝐓 >>>
https://pcmerchandise.live/2022-BERMONTHS-LIST-COMSHOP",,0,"12/11/2022 22:30",,https://www.facebook.com/pcmerchandise.co/posts/pfbid0GeOP4DnCyMOqkq4T3f3KhXltkQHEy4dS2jgdBawm06WBiXB8aOUWrbnu,0,0,Photos,,,,,12/09/2022,,,0,0,0,0,0,0,,,,,
980725639644230,100064197037125,"PC Merchandise","Negosyo starts today! Complete computer shop packages ready. PM now!

𝐂𝐎𝐌𝐒𝐇𝐎𝐏 𝐏𝐑𝐈𝐂𝐄𝐋𝐈𝐒𝐓 >>>
https://pcmerchandise.live/2022-BERMONTHS-LIST-COMSHOP",,0,"12/11/2022 22:30",,https://www.facebook.com/pcmerchandise.co/posts/pfbid0GeOP4DnCyMOqkq4T3f3KhXltkQHEy4dS2jgdBawm06WBiXB8aOUWrbnu,0,0,Photos,,,,,12/10/2022,,,0,0,0,0,0,0,,,,,
980725639644230,100064197037125,"PC Merchandise","Negosyo starts today! Complete computer shop packages ready. PM now!

𝐂𝐎𝐌𝐒𝐇𝐎𝐏 𝐏𝐑𝐈𝐂𝐄𝐋𝐈𝐒𝐓 >>>
https://pcmerchandise.live/2022-BERMONTHS-LIST-COMSHOP",,0,"12/11/2022 22:30",,https://www.facebook.com/pcmerchandise.co/posts/pfbid0GeOP4DnCyMOqkq4T3f3KhXltkQHEy4dS2jgdBawm06WBiXB8aOUWrbnu,0,0,Photos,,,,,12/11/2022,,,0,0,0,0,0,0,,,,,
980725639644230,100064197037125,"PC Merchandise","Negosyo starts today! Complete computer shop packages ready. PM now!

𝐂𝐎𝐌𝐒𝐇𝐎𝐏 𝐏𝐑𝐈𝐂𝐄𝐋𝐈𝐒𝐓 >>>
https://pcmerchandise.live/2022-BERMONTHS-LIST-COMSHOP",,0,"12/11/2022 22:30",,https://www.facebook.com/pcmerchandise.co/posts/pfbid0GeOP4DnCyMOqkq4T3f3KhXltkQHEy4dS2jgdBawm06WBiXB8aOUWrbnu,0,0,Photos,,,,,12/12/2022,,,0,0,0,0,0,0,,,,,
980725639644230,100064197037125,"PC Merchandise","Negosyo starts today! Complete computer shop packages ready. PM now!

𝐂𝐎𝐌𝐒𝐇𝐎𝐏 𝐏𝐑𝐈𝐂𝐄𝐋𝐈𝐒𝐓 >>>
https://pcmerchandise.live/2022-BERMONTHS-LIST-COMSHOP",,0,"12/11/2022 22:30",,https://www.facebook.com/pcmerchandise.co/posts/pfbid0GeOP4DnCyMOqkq4T3f3KhXltkQHEy4dS2jgdBawm06WBiXB8aOUWrbnu,0,0,Photos,,,,,12/13/2022,,,0,0,0,0,0,0,,,,,
980725639644230,100064197037125,"PC Merchandise","Negosyo starts today! Complete computer shop packages ready. PM now!

𝐂𝐎𝐌𝐒𝐇𝐎𝐏 𝐏𝐑𝐈𝐂𝐄𝐋𝐈𝐒𝐓 >>>
https://pcmerchandise.live/2022-BERMONTHS-LIST-COMSHOP",,0,"12/11/2022 22:30",,https://www.facebook.com/pcmerchandise.co/posts/pfbid0GeOP4DnCyMOqkq4T3f3KhXltkQHEy4dS2jgdBawm06WBiXB8aOUWrbnu,0,0,Photos,,,,,12/14/2022,,,0,0,0,0,0,0,,,,,
980725639644230,100064197037125,"PC Merchandise","Negosyo starts today! Complete computer shop packages ready. PM now!

𝐂𝐎𝐌𝐒𝐇𝐎𝐏 𝐏𝐑𝐈𝐂𝐄𝐋𝐈𝐒𝐓 >>>
https://pcmerchandise.live/2022-BERMONTHS-LIST-COMSHOP",,0,"12/11/2022 22:30",,https://www.facebook.com/pcmerchandise.co/posts/pfbid0GeOP4DnCyMOqkq4T3f3KhXltkQHEy4dS2jgdBawm06WBiXB8aOUWrbnu,0,0,Photos,,,,,12/15/2022,,,0,0,0,0,0,0,,,,,
980725639644230,100064197037125,"PC Merchandise","Negosyo starts today! Complete computer shop packages ready. PM now!

𝐂𝐎𝐌𝐒𝐇𝐎𝐏 𝐏𝐑𝐈𝐂𝐄𝐋𝐈𝐒𝐓 >>>
https://pcmerchandise.live/2022-BERMONTHS-LIST-COMSHOP",,0,"12/11/2022 22:30",,https://www.facebook.com/pcmerchandise.co/posts/pfbid0GeOP4DnCyMOqkq4T3f3KhXltkQHEy4dS2jgdBawm06WBiXB8aOUWrbnu,0,0,Photos,,,,,12/16/2022,,,0,0,0,0,0,0,,,,,
980725639644230,100064197037125,"PC Merchandise","Negosyo starts today! Complete computer shop packages ready. PM now!

𝐂𝐎𝐌𝐒𝐇𝐎𝐏 𝐏𝐑𝐈𝐂𝐄𝐋𝐈𝐒𝐓 >>>
https://pcmerchandise.live/2022-BERMONTHS-LIST-COMSHOP",,0,"12/11/2022 22:30",,https://www.facebook.com/pcmerchandise.co/posts/pfbid0GeOP4DnCyMOqkq4T3f3KhXltkQHEy4dS2jgdBawm06WBiXB8aOUWrbnu,0,0,Photos,,,,,12/17/2022,,,0,0,0,0,0,0,,,,,
980725639644230,100064197037125,"PC Merchandise","Negosyo starts today! Complete computer shop packages ready. PM now!

𝐂𝐎𝐌𝐒𝐇𝐎𝐏 𝐏𝐑𝐈𝐂𝐄𝐋𝐈𝐒𝐓 >>>
https://pcmerchandise.live/2022-BERMONTHS-LIST-COMSHOP",,0,"12/11/2022 22:30",,https://www.facebook.com/pcmerchandise.co/posts/pfbid0GeOP4DnCyMOqkq4T3f3KhXltkQHEy4dS2jgdBawm06WBiXB8aOUWrbnu,0,0,Photos,,,,,12/18/2022,,,0,0,0,0,0,0,,,,,
980725639644230,100064197037125,"PC Merchandise","Negosyo starts today! Complete computer shop packages ready. PM now!

𝐂𝐎𝐌𝐒𝐇𝐎𝐏 𝐏𝐑𝐈𝐂𝐄𝐋𝐈𝐒𝐓 >>>
https://pcmerchandise.live/2022-BERMONTHS-LIST-COMSHOP",,0,"12/11/2022 22:30",,https://www.facebook.com/pcmerchandise.co/posts/pfbid0GeOP4DnCyMOqkq4T3f3KhXltkQHEy4dS2jgdBawm06WBiXB8aOUWrbnu,0,0,Photos,,,,,12/19/2022,,,0,0,0,0,0,0,,,,,
980725639644230,100064197037125,"PC Merchandise","Negosyo starts today! Complete computer shop packages ready. PM now!

𝐂𝐎𝐌𝐒𝐇𝐎𝐏 𝐏𝐑𝐈𝐂𝐄𝐋𝐈𝐒𝐓 >>>
https://pcmerchandise.live/2022-BERMONTHS-LIST-COMSHOP",,0,"12/11/2022 22:30",,https://www.facebook.com/pcmerchandise.co/posts/pfbid0GeOP4DnCyMOqkq4T3f3KhXltkQHEy4dS2jgdBawm06WBiXB8aOUWrbnu,0,0,Photos,,,,,12/20/2022,,,0,0,0,0,0,0,,,,,
980725639644230,100064197037125,"PC Merchandise","Negosyo starts today! Complete computer shop packages ready. PM now!

𝐂𝐎𝐌𝐒𝐇𝐎𝐏 𝐏𝐑𝐈𝐂𝐄𝐋𝐈𝐒𝐓 >>>
https://pcmerchandise.live/2022-BERMONTHS-LIST-COMSHOP",,0,"12/11/2022 22:30",,https://www.facebook.com/pcmerchandise.co/posts/pfbid0GeOP4DnCyMOqkq4T3f3KhXltkQHEy4dS2jgdBawm06WBiXB8aOUWrbnu,0,0,Photos,,,,,12/21/2022,,,0,0,0,0,0,0,,,,,
980725639644230,100064197037125,"PC Merchandise","Negosyo starts today! Complete computer shop packages ready. PM now!

𝐂𝐎𝐌𝐒𝐇𝐎𝐏 𝐏𝐑𝐈𝐂𝐄𝐋𝐈𝐒𝐓 >>>
https://pcmerchandise.live/2022-BERMONTHS-LIST-COMSHOP",,0,"12/11/2022 22:30",,https://www.facebook.com/pcmerchandise.co/posts/pfbid0GeOP4DnCyMOqkq4T3f3KhXltkQHEy4dS2jgdBawm06WBiXB8aOUWrbnu,0,0,Photos,,,,,12/22/2022,,,0,0,0,0,0,0,,,,,
980725639644230,100064197037125,"PC Merchandise","Negosyo starts today! Complete computer shop packages ready. PM now!

𝐂𝐎𝐌𝐒𝐇𝐎𝐏 𝐏𝐑𝐈𝐂𝐄𝐋𝐈𝐒𝐓 >>>
https://pcmerchandise.live/2022-BERMONTHS-LIST-COMSHOP",,0,"12/11/2022 22:30",,https://www.facebook.com/pcmerchandise.co/posts/pfbid0GeOP4DnCyMOqkq4T3f3KhXltkQHEy4dS2jgdBawm06WBiXB8aOUWrbnu,0,0,Photos,,,,,12/23/2022,,,0,0,0,0,0,0,,,,,
980725639644230,100064197037125,"PC Merchandise","Negosyo starts today! Complete computer shop packages ready. PM now!

𝐂𝐎𝐌𝐒𝐇𝐎𝐏 𝐏𝐑𝐈𝐂𝐄𝐋𝐈𝐒𝐓 >>>
https://pcmerchandise.live/2022-BERMONTHS-LIST-COMSHOP",,0,"12/11/2022 22:30",,https://www.facebook.com/pcmerchandise.co/posts/pfbid0GeOP4DnCyMOqkq4T3f3KhXltkQHEy4dS2jgdBawm06WBiXB8aOUWrbnu,0,0,Photos,,,,,12/24/2022,,,0,0,0,0,0,0,,,,,
980725639644230,100064197037125,"PC Merchandise","Negosyo starts today! Complete computer shop packages ready. PM now!

𝐂𝐎𝐌𝐒𝐇𝐎𝐏 𝐏𝐑𝐈𝐂𝐄𝐋𝐈𝐒𝐓 >>>
https://pcmerchandise.live/2022-BERMONTHS-LIST-COMSHOP",,0,"12/11/2022 22:30",,https://www.facebook.com/pcmerchandise.co/posts/pfbid0GeOP4DnCyMOqkq4T3f3KhXltkQHEy4dS2jgdBawm06WBiXB8aOUWrbnu,0,0,Photos,,,,,12/25/2022,,,0,0,0,0,0,0,,,,,
980725639644230,100064197037125,"PC Merchandise","Negosyo starts today! Complete computer shop packages ready. PM now!

𝐂𝐎𝐌𝐒𝐇𝐎𝐏 𝐏𝐑𝐈𝐂𝐄𝐋𝐈𝐒𝐓 >>>
https://pcmerchandise.live/2022-BERMONTHS-LIST-COMSHOP",,0,"12/11/2022 22:30",,https://www.facebook.com/pcmerchandise.co/posts/pfbid0GeOP4DnCyMOqkq4T3f3KhXltkQHEy4dS2jgdBawm06WBiXB8aOUWrbnu,0,0,Photos,,,,,12/26/2022,,,0,0,0,0,0,0,,,,,
980725639644230,100064197037125,"PC Merchandise","Negosyo starts today! Complete computer shop packages ready. PM now!

𝐂𝐎𝐌𝐒𝐇𝐎𝐏 𝐏𝐑𝐈𝐂𝐄𝐋𝐈𝐒𝐓 >>>
https://pcmerchandise.live/2022-BERMONTHS-LIST-COMSHOP",,0,"12/11/2022 22:30",,https://www.facebook.com/pcmerchandise.co/posts/pfbid0GeOP4DnCyMOqkq4T3f3KhXltkQHEy4dS2jgdBawm06WBiXB8aOUWrbnu,0,0,Photos,,,,,12/27/2022,,,0,0,0,0,0,0,,,,,
980725639644230,100064197037125,"PC Merchandise","Negosyo starts today! Complete computer shop packages ready. PM now!

𝐂𝐎𝐌𝐒𝐇𝐎𝐏 𝐏𝐑𝐈𝐂𝐄𝐋𝐈𝐒𝐓 >>>
https://pcmerchandise.live/2022-BERMONTHS-LIST-COMSHOP",,0,"12/11/2022 22:30",,https://www.facebook.com/pcmerchandise.co/posts/pfbid0GeOP4DnCyMOqkq4T3f3KhXltkQHEy4dS2jgdBawm06WBiXB8aOUWrbnu,0,0,Photos,,,,,12/28/2022,,,0,0,0,0,0,0,,,,,
980725639644230,100064197037125,"PC Merchandise","Negosyo starts today! Complete computer shop packages ready. PM now!

𝐂𝐎𝐌𝐒𝐇𝐎𝐏 𝐏𝐑𝐈𝐂𝐄𝐋𝐈𝐒𝐓 >>>
https://pcmerchandise.live/2022-BERMONTHS-LIST-COMSHOP",,0,"12/11/2022 22:30",,https://www.facebook.com/pcmerchandise.co/posts/pfbid0GeOP4DnCyMOqkq4T3f3KhXltkQHEy4dS2jgdBawm06WBiXB8aOUWrbnu,0,0,Photos,,,,,12/29/2022,,,0,0,0,0,0,0,,,,,
980725639644230,100064197037125,"PC Merchandise","Negosyo starts today! Complete computer shop packages ready. PM now!

𝐂𝐎𝐌𝐒𝐇𝐎𝐏 𝐏𝐑𝐈𝐂𝐄𝐋𝐈𝐒𝐓 >>>
https://pcmerchandise.live/2022-BERMONTHS-LIST-COMSHOP",,0,"12/11/2022 22:30",,https://www.facebook.com/pcmerchandise.co/posts/pfbid0GeOP4DnCyMOqkq4T3f3KhXltkQHEy4dS2jgdBawm06WBiXB8aOUWrbnu,0,0,Photos,,,,,12/30/2022,,,0,0,0,0,0,0,,,,,
980725639644230,100064197037125,"PC Merchandise","Negosyo starts today! Complete computer shop packages ready. PM now!

𝐂𝐎𝐌𝐒𝐇𝐎𝐏 𝐏𝐑𝐈𝐂𝐄𝐋𝐈𝐒𝐓 >>>
https://pcmerchandise.live/2022-BERMONTHS-LIST-COMSHOP",,0,"12/11/2022 22:30",,https://www.facebook.com/pcmerchandise.co/posts/pfbid0GeOP4DnCyMOqkq4T3f3KhXltkQHEy4dS2jgdBawm06WBiXB8aOUWrbnu,0,0,Photos,,,,,12/31/2022,,,0,0,0,0,0,0,,,,,
980637730492517,100064197037125,"PC Merchandise","Another comshop delivered! 10 units RYZEN 5 2600 para sa bagong negosyo ni KUYA RON 💪",,0,"12/11/2022 22:00",,https://www.facebook.com/pcmerchandise.co/posts/pfbid0Gp4L7SN1AiauyDM0PET1aFz2Qpaj5lTW8e6Pvm8OLD0iidF2oTMSxDu9,0,0,Photos,,,,,12/31/2022,1,,,,,,,,,,,,
980637730492517,100064197037125,"PC Merchandise","Another comshop delivered! 10 units RYZEN 5 2600 para sa bagong negosyo ni KUYA RON 💪",,0,"12/11/2022 22:00",,https://www.facebook.com/pcmerchandise.co/posts/pfbid0Gp4L7SN1AiauyDM0PET1aFz2Qpaj5lTW8e6Pvm8OLD0iidF2oTMSxDu9,0,0,Photos,,,,,12/01/2022,,,0,0,0,0,0,0,,,,,
980637730492517,100064197037125,"PC Merchandise","Another comshop delivered! 10 units RYZEN 5 2600 para sa bagong negosyo ni KUYA RON 💪",,0,"12/11/2022 22:00",,https://www.facebook.com/pcmerchandise.co/posts/pfbid0Gp4L7SN1AiauyDM0PET1aFz2Qpaj5lTW8e6Pvm8OLD0iidF2oTMSxDu9,0,0,Photos,,,,,12/02/2022,,,0,0,0,0,0,0,,,,,
980637730492517,100064197037125,"PC Merchandise","Another comshop delivered! 10 units RYZEN 5 2600 para sa bagong negosyo ni KUYA RON 💪",,0,"12/11/2022 22:00",,https://www.facebook.com/pcmerchandise.co/posts/pfbid0Gp4L7SN1AiauyDM0PET1aFz2Qpaj5lTW8e6Pvm8OLD0iidF2oTMSxDu9,0,0,Photos,,,,,12/03/2022,,,0,0,0,0,0,0,,,,,
980637730492517,100064197037125,"PC Merchandise","Another comshop delivered! 10 units RYZEN 5 2600 para sa bagong negosyo ni KUYA RON 💪",,0,"12/11/2022 22:00",,https://www.facebook.com/pcmerchandise.co/posts/pfbid0Gp4L7SN1AiauyDM0PET1aFz2Qpaj5lTW8e6Pvm8OLD0iidF2oTMSxDu9,0,0,Photos,,,,,12/04/2022,,,0,0,0,0,0,0,,,,,
980637730492517,100064197037125,"PC Merchandise","Another comshop delivered! 10 units RYZEN 5 2600 para sa bagong negosyo ni KUYA RON 💪",,0,"12/11/2022 22:00",,https://www.facebook.com/pcmerchandise.co/posts/pfbid0Gp4L7SN1AiauyDM0PET1aFz2Qpaj5lTW8e6Pvm8OLD0iidF2oTMSxDu9,0,0,Photos,,,,,12/05/2022,,,0,0,0,0,0,0,,,,,
980637730492517,100064197037125,"PC Merchandise","Another comshop delivered! 10 units RYZEN 5 2600 para sa bagong negosyo ni KUYA RON 💪",,0,"12/11/2022 22:00",,https://www.facebook.com/pcmerchandise.co/posts/pfbid0Gp4L7SN1AiauyDM0PET1aFz2Qpaj5lTW8e6Pvm8OLD0iidF2oTMSxDu9,0,0,Photos,,,,,12/06/2022,,,0,0,0,0,0,0,,,,,
980637730492517,100064197037125,"PC Merchandise","Another comshop delivered! 10 units RYZEN 5 2600 para sa bagong negosyo ni KUYA RON 💪",,0,"12/11/2022 22:00",,https://www.facebook.com/pcmerchandise.co/posts/pfbid0Gp4L7SN1AiauyDM0PET1aFz2Qpaj5lTW8e6Pvm8OLD0iidF2oTMSxDu9,0,0,Photos,,,,,12/07/2022,,,0,0,0,0,0,0,,,,,
980637730492517,100064197037125,"PC Merchandise","Another comshop delivered! 10 units RYZEN 5 2600 para sa bagong negosyo ni KUYA RON 💪",,0,"12/11/2022 22:00",,https://www.facebook.com/pcmerchandise.co/posts/pfbid0Gp4L7SN1AiauyDM0PET1aFz2Qpaj5lTW8e6Pvm8OLD0iidF2oTMSxDu9,0,0,Photos,,,,,12/08/2022,,,0,0,0,0,0,0,,,,,
980637730492517,100064197037125,"PC Merchandise","Another comshop delivered! 10 units RYZEN 5 2600 para sa bagong negosyo ni KUYA RON 💪",,0,"12/11/2022 22:00",,https://www.facebook.com/pcmerchandise.co/posts/pfbid0Gp4L7SN1AiauyDM0PET1aFz2Qpaj5lTW8e6Pvm8OLD0iidF2oTMSxDu9,0,0,Photos,,,,,12/09/2022,,,0,0,0,0,0,0,,,,,
980637730492517,100064197037125,"PC Merchandise","Another comshop delivered! 10 units RYZEN 5 2600 para sa bagong negosyo ni KUYA RON 💪",,0,"12/11/2022 22:00",,https://www.facebook.com/pcmerchandise.co/posts/pfbid0Gp4L7SN1AiauyDM0PET1aFz2Qpaj5lTW8e6Pvm8OLD0iidF2oTMSxDu9,0,0,Photos,,,,,12/10/2022,,,0,0,0,0,0,0,,,,,
980637730492517,100064197037125,"PC Merchandise","Another comshop delivered! 10 units RYZEN 5 2600 para sa bagong negosyo ni KUYA RON 💪",,0,"12/11/2022 22:00",,https://www.facebook.com/pcmerchandise.co/posts/pfbid0Gp4L7SN1AiauyDM0PET1aFz2Qpaj5lTW8e6Pvm8OLD0iidF2oTMSxDu9,0,0,Photos,,,,,12/11/2022,,,0,0,0,0,0,0,,,,,
980637730492517,100064197037125,"PC Merchandise","Another comshop delivered! 10 units RYZEN 5 2600 para sa bagong negosyo ni KUYA RON 💪",,0,"12/11/2022 22:00",,https://www.facebook.com/pcmerchandise.co/posts/pfbid0Gp4L7SN1AiauyDM0PET1aFz2Qpaj5lTW8e6Pvm8OLD0iidF2oTMSxDu9,0,0,Photos,,,,,12/12/2022,,,0,0,0,0,0,0,,,,,
980637730492517,100064197037125,"PC Merchandise","Another comshop delivered! 10 units RYZEN 5 2600 para sa bagong negosyo ni KUYA RON 💪",,0,"12/11/2022 22:00",,https://www.facebook.com/pcmerchandise.co/posts/pfbid0Gp4L7SN1AiauyDM0PET1aFz2Qpaj5lTW8e6Pvm8OLD0iidF2oTMSxDu9,0,0,Photos,,,,,12/13/2022,,,0,0,0,0,0,0,,,,,
980637730492517,100064197037125,"PC Merchandise","Another comshop delivered! 10 units RYZEN 5 2600 para sa bagong negosyo ni KUYA RON 💪",,0,"12/11/2022 22:00",,https://www.facebook.com/pcmerchandise.co/posts/pfbid0Gp4L7SN1AiauyDM0PET1aFz2Qpaj5lTW8e6Pvm8OLD0iidF2oTMSxDu9,0,0,Photos,,,,,12/14/2022,,,0,0,0,0,0,0,,,,,
980637730492517,100064197037125,"PC Merchandise","Another comshop delivered! 10 units RYZEN 5 2600 para sa bagong negosyo ni KUYA RON 💪",,0,"12/11/2022 22:00",,https://www.facebook.com/pcmerchandise.co/posts/pfbid0Gp4L7SN1AiauyDM0PET1aFz2Qpaj5lTW8e6Pvm8OLD0iidF2oTMSxDu9,0,0,Photos,,,,,12/15/2022,,,0,0,0,0,0,0,,,,,
980637730492517,100064197037125,"PC Merchandise","Another comshop delivered! 10 units RYZEN 5 2600 para sa bagong negosyo ni KUYA RON 💪",,0,"12/11/2022 22:00",,https://www.facebook.com/pcmerchandise.co/posts/pfbid0Gp4L7SN1AiauyDM0PET1aFz2Qpaj5lTW8e6Pvm8OLD0iidF2oTMSxDu9,0,0,Photos,,,,,12/16/2022,,,0,0,0,0,0,0,,,,,
980637730492517,100064197037125,"PC Merchandise","Another comshop delivered! 10 units RYZEN 5 2600 para sa bagong negosyo ni KUYA RON 💪",,0,"12/11/2022 22:00",,https://www.facebook.com/pcmerchandise.co/posts/pfbid0Gp4L7SN1AiauyDM0PET1aFz2Qpaj5lTW8e6Pvm8OLD0iidF2oTMSxDu9,0,0,Photos,,,,,12/17/2022,,,0,0,0,0,0,0,,,,,
980637730492517,100064197037125,"PC Merchandise","Another comshop delivered! 10 units RYZEN 5 2600 para sa bagong negosyo ni KUYA RON 💪",,0,"12/11/2022 22:00",,https://www.facebook.com/pcmerchandise.co/posts/pfbid0Gp4L7SN1AiauyDM0PET1aFz2Qpaj5lTW8e6Pvm8OLD0iidF2oTMSxDu9,0,0,Photos,,,,,12/18/2022,,,0,0,0,0,0,0,,,,,
980637730492517,100064197037125,"PC Merchandise","Another comshop delivered! 10 units RYZEN 5 2600 para sa bagong negosyo ni KUYA RON 💪",,0,"12/11/2022 22:00",,https://www.facebook.com/pcmerchandise.co/posts/pfbid0Gp4L7SN1AiauyDM0PET1aFz2Qpaj5lTW8e6Pvm8OLD0iidF2oTMSxDu9,0,0,Photos,,,,,12/19/2022,,,0,0,0,0,0,0,,,,,
980637730492517,100064197037125,"PC Merchandise","Another comshop delivered! 10 units RYZEN 5 2600 para sa bagong negosyo ni KUYA RON 💪",,0,"12/11/2022 22:00",,https://www.facebook.com/pcmerchandise.co/posts/pfbid0Gp4L7SN1AiauyDM0PET1aFz2Qpaj5lTW8e6Pvm8OLD0iidF2oTMSxDu9,0,0,Photos,,,,,12/20/2022,,,0,0,0,0,0,0,,,,,
980637730492517,100064197037125,"PC Merchandise","Another comshop delivered! 10 units RYZEN 5 2600 para sa bagong negosyo ni KUYA RON 💪",,0,"12/11/2022 22:00",,https://www.facebook.com/pcmerchandise.co/posts/pfbid0Gp4L7SN1AiauyDM0PET1aFz2Qpaj5lTW8e6Pvm8OLD0iidF2oTMSxDu9,0,0,Photos,,,,,12/21/2022,,,0,0,0,0,0,0,,,,,
980637730492517,100064197037125,"PC Merchandise","Another comshop delivered! 10 units RYZEN 5 2600 para sa bagong negosyo ni KUYA RON 💪",,0,"12/11/2022 22:00",,https://www.facebook.com/pcmerchandise.co/posts/pfbid0Gp4L7SN1AiauyDM0PET1aFz2Qpaj5lTW8e6Pvm8OLD0iidF2oTMSxDu9,0,0,Photos,,,,,12/22/2022,,,0,0,0,0,0,0,,,,,
980637730492517,100064197037125,"PC Merchandise","Another comshop delivered! 10 units RYZEN 5 2600 para sa bagong negosyo ni KUYA RON 💪",,0,"12/11/2022 22:00",,https://www.facebook.com/pcmerchandise.co/posts/pfbid0Gp4L7SN1AiauyDM0PET1aFz2Qpaj5lTW8e6Pvm8OLD0iidF2oTMSxDu9,0,0,Photos,,,,,12/23/2022,,,0,0,0,0,0,0,,,,,
980637730492517,100064197037125,"PC Merchandise","Another comshop delivered! 10 units RYZEN 5 2600 para sa bagong negosyo ni KUYA RON 💪",,0,"12/11/2022 22:00",,https://www.facebook.com/pcmerchandise.co/posts/pfbid0Gp4L7SN1AiauyDM0PET1aFz2Qpaj5lTW8e6Pvm8OLD0iidF2oTMSxDu9,0,0,Photos,,,,,12/24/2022,,,0,0,0,0,0,0,,,,,
980637730492517,100064197037125,"PC Merchandise","Another comshop delivered! 10 units RYZEN 5 2600 para sa bagong negosyo ni KUYA RON 💪",,0,"12/11/2022 22:00",,https://www.facebook.com/pcmerchandise.co/posts/pfbid0Gp4L7SN1AiauyDM0PET1aFz2Qpaj5lTW8e6Pvm8OLD0iidF2oTMSxDu9,0,0,Photos,,,,,12/25/2022,,,0,0,0,0,0,0,,,,,
980637730492517,100064197037125,"PC Merchandise","Another comshop delivered! 10 units RYZEN 5 2600 para sa bagong negosyo ni KUYA RON 💪",,0,"12/11/2022 22:00",,https://www.facebook.com/pcmerchandise.co/posts/pfbid0Gp4L7SN1AiauyDM0PET1aFz2Qpaj5lTW8e6Pvm8OLD0iidF2oTMSxDu9,0,0,Photos,,,,,12/26/2022,,,0,0,0,0,0,0,,,,,
980637730492517,100064197037125,"PC Merchandise","Another comshop delivered! 10 units RYZEN 5 2600 para sa bagong negosyo ni KUYA RON 💪",,0,"12/11/2022 22:00",,https://www.facebook.com/pcmerchandise.co/posts/pfbid0Gp4L7SN1AiauyDM0PET1aFz2Qpaj5lTW8e6Pvm8OLD0iidF2oTMSxDu9,0,0,Photos,,,,,12/27/2022,,,0,0,0,0,0,0,,,,,
980637730492517,100064197037125,"PC Merchandise","Another comshop delivered! 10 units RYZEN 5 2600 para sa bagong negosyo ni KUYA RON 💪",,0,"12/11/2022 22:00",,https://www.facebook.com/pcmerchandise.co/posts/pfbid0Gp4L7SN1AiauyDM0PET1aFz2Qpaj5lTW8e6Pvm8OLD0iidF2oTMSxDu9,0,0,Photos,,,,,12/28/2022,,,0,0,0,0,0,0,,,,,
980637730492517,100064197037125,"PC Merchandise","Another comshop delivered! 10 units RYZEN 5 2600 para sa bagong negosyo ni KUYA RON 💪",,0,"12/11/2022 22:00",,https://www.facebook.com/pcmerchandise.co/posts/pfbid0Gp4L7SN1AiauyDM0PET1aFz2Qpaj5lTW8e6Pvm8OLD0iidF2oTMSxDu9,0,0,Photos,,,,,12/29/2022,,,0,0,0,0,0,0,,,,,
980637730492517,100064197037125,"PC Merchandise","Another comshop delivered! 10 units RYZEN 5 2600 para sa bagong negosyo ni KUYA RON 💪",,0,"12/11/2022 22:00",,https://www.facebook.com/pcmerchandise.co/posts/pfbid0Gp4L7SN1AiauyDM0PET1aFz2Qpaj5lTW8e6Pvm8OLD0iidF2oTMSxDu9,0,0,Photos,,,,,12/30/2022,,,0,0,0,0,0,0,,,,,
980637730492517,100064197037125,"PC Merchandise","Another comshop delivered! 10 units RYZEN 5 2600 para sa bagong negosyo ni KUYA RON 💪",,0,"12/11/2022 22:00",,https://www.facebook.com/pcmerchandise.co/posts/pfbid0Gp4L7SN1AiauyDM0PET1aFz2Qpaj5lTW8e6Pvm8OLD0iidF2oTMSxDu9,0,0,Photos,,,,,12/31/2022,,,0,0,0,0,0,0,,,,,
980877302868522,100064197037125,"PC Merchandise","Salamat sa tiwala boss MIGZ! RYZEN 5 2600 comshop package — 6 units delivered ✅",,0,"12/11/2022 22:00",,https://www.facebook.com/pcmerchandise.co/posts/pfbid0mfQvaHbnqeef1eBb1450SbIc73WbsmBgnw6Uw1VcXyTsmoAAruURV059,0,0,Photos,,,,,12/31/2022,0,,,,,,,,,,,,
980877302868522,100064197037125,"PC Merchandise","Salamat sa tiwala boss MIGZ! RYZEN 5 2600 comshop package — 6 units delivered ✅",,0,"12/11/2022 22:00",,https://www.facebook.com/pcmerchandise.co/posts/pfbid0mfQvaHbnqeef1eBb1450SbIc73WbsmBgnw6Uw1VcXyTsmoAAruURV059,0,0,Photos,,,,,12/01/2022,,,0,0,0,0,0,0,,,,,
980877302868522,100064197037125,"PC Merchandise","Salamat sa tiwala boss MIGZ! RYZEN 5 2600 comshop package — 6 units delivered ✅",,0,"12/11/2022 22:00",,https://www.facebook.com/pcmerchandise.co/posts/pfbid0mfQvaHbnqeef1eBb1450SbIc73WbsmBgnw6Uw1VcXyTsmoAAruURV059,0,0,Photos,,,,,12/02/2022,,,0,0,0,0,0,0,,,,,
980877302868522,100064197037125,"PC Merchandise","Salamat sa tiwala boss MIGZ! RYZEN 5 2600 comshop package — 6 units delivered ✅",,0,"12/11/2022 22:00",,https://www.facebook.com/pcmerchandise.co/posts/pfbid0mfQvaHbnqeef1eBb1450SbIc73WbsmBgnw6Uw1VcXyTsmoAAruURV059,0,0,Photos,,,,,12/03/2022,,,0,0,0,0,0,0,,,,,
980877302868522,100064197037125,"PC Merchandise","Salamat sa tiwala boss MIGZ! RYZEN 5 2600 comshop package — 6 units delivered ✅",,0,"12/11/2022 22:00",,https://www.facebook.com/pcmerchandise.co/posts/pfbid0mfQvaHbnqeef1eBb1450SbIc73WbsmBgnw6Uw1VcXyTsmoAAruURV059,0,0,Photos,,,,,12/04/2022,,,0,0,0,0,0,0,,,,,
980877302868522,100064197037125,"PC Merchandise","Salamat sa tiwala boss MIGZ! RYZEN 5 2600 comshop package — 6 units delivered ✅",,0,"12/11/2022 22:00",,https://www.facebook.com/pcmerchandise.co/posts/pfbid0mfQvaHbnqeef1eBb1450SbIc73WbsmBgnw6Uw1VcXyTsmoAAruURV059,0,0,Photos,,,,,12/05/2022,,,0,0,0,0,0,0,,,,,
980877302868522,100064197037125,"PC Merchandise","Salamat sa tiwala boss MIGZ! RYZEN 5 2600 comshop package — 6 units delivered ✅",,0,"12/11/2022 22:00",,https://www.facebook.com/pcmerchandise.co/posts/pfbid0mfQvaHbnqeef1eBb1450SbIc73WbsmBgnw6Uw1VcXyTsmoAAruURV059,0,0,Photos,,,,,12/06/2022,,,0,0,0,0,0,0,,,,,
980877302868522,100064197037125,"PC Merchandise","Salamat sa tiwala boss MIGZ! RYZEN 5 2600 comshop package — 6 units delivered ✅",,0,"12/11/2022 22:00",,https://www.facebook.com/pcmerchandise.co/posts/pfbid0mfQvaHbnqeef1eBb1450SbIc73WbsmBgnw6Uw1VcXyTsmoAAruURV059,0,0,Photos,,,,,12/07/2022,,,0,0,0,0,0,0,,,,,
980877302868522,100064197037125,"PC Merchandise","Salamat sa tiwala boss MIGZ! RYZEN 5 2600 comshop package — 6 units delivered ✅",,0,"12/11/2022 22:00",,https://www.facebook.com/pcmerchandise.co/posts/pfbid0mfQvaHbnqeef1eBb1450SbIc73WbsmBgnw6Uw1VcXyTsmoAAruURV059,0,0,Photos,,,,,12/08/2022,,,0,0,0,0,0,0,,,,,
980877302868522,100064197037125,"PC Merchandise","Salamat sa tiwala boss MIGZ! RYZEN 5 2600 comshop package — 6 units delivered ✅",,0,"12/11/2022 22:00",,https://www.facebook.com/pcmerchandise.co/posts/pfbid0mfQvaHbnqeef1eBb1450SbIc73WbsmBgnw6Uw1VcXyTsmoAAruURV059,0,0,Photos,,,,,12/09/2022,,,0,0,0,0,0,0,,,,,
980877302868522,100064197037125,"PC Merchandise","Salamat sa tiwala boss MIGZ! RYZEN 5 2600 comshop package — 6 units delivered ✅",,0,"12/11/2022 22:00",,https://www.facebook.com/pcmerchandise.co/posts/pfbid0mfQvaHbnqeef1eBb1450SbIc73WbsmBgnw6Uw1VcXyTsmoAAruURV059,0,0,Photos,,,,,12/10/2022,,,0,0,0,0,0,0,,,,,
980877302868522,100064197037125,"PC Merchandise","Salamat sa tiwala boss MIGZ! RYZEN 5 2600 comshop package — 6 units delivered ✅",,0,"12/11/2022 22:00",,https://www.facebook.com/pcmerchandise.co/posts/pfbid0mfQvaHbnqeef1eBb1450SbIc73WbsmBgnw6Uw1VcXyTsmoAAruURV059,0,0,Photos,,,,,12/11/2022,,,0,0,0,0,0,0,,,,,
980877302868522,100064197037125,"PC Merchandise","Salamat sa tiwala boss MIGZ! RYZEN 5 2600 comshop package — 6 units delivered ✅",,0,"12/11/2022 22:00",,https://www.facebook.com/pcmerchandise.co/posts/pfbid0mfQvaHbnqeef1eBb1450SbIc73WbsmBgnw6Uw1VcXyTsmoAAruURV059,0,0,Photos,,,,,12/12/2022,,,0,0,0,0,0,0,,,,,
980877302868522,100064197037125,"PC Merchandise","Salamat sa tiwala boss MIGZ! RYZEN 5 2600 comshop package — 6 units delivered ✅",,0,"12/11/2022 22:00",,https://www.facebook.com/pcmerchandise.co/posts/pfbid0mfQvaHbnqeef1eBb1450SbIc73WbsmBgnw6Uw1VcXyTsmoAAruURV059,0,0,Photos,,,,,12/13/2022,,,0,0,0,0,0,0,,,,,
980877302868522,100064197037125,"PC Merchandise","Salamat sa tiwala boss MIGZ! RYZEN 5 2600 comshop package — 6 units delivered ✅",,0,"12/11/2022 22:00",,https://www.facebook.com/pcmerchandise.co/posts/pfbid0mfQvaHbnqeef1eBb1450SbIc73WbsmBgnw6Uw1VcXyTsmoAAruURV059,0,0,Photos,,,,,12/14/2022,,,0,0,0,0,0,0,,,,,
980877302868522,100064197037125,"PC Merchandise","Salamat sa tiwala boss MIGZ! RYZEN 5 2600 comshop package — 6 units delivered ✅",,0,"12/11/2022 22:00",,https://www.facebook.com/pcmerchandise.co/posts/pfbid0mfQvaHbnqeef1eBb1450SbIc73WbsmBgnw6Uw1VcXyTsmoAAruURV059,0,0,Photos,,,,,12/15/2022,,,0,0,0,0,0,0,,,,,
980877302868522,100064197037125,"PC Merchandise","Salamat sa tiwala boss MIGZ! RYZEN 5 2600 comshop package — 6 units delivered ✅",,0,"12/11/2022 22:00",,https://www.facebook.com/pcmerchandise.co/posts/pfbid0mfQvaHbnqeef1eBb1450SbIc73WbsmBgnw6Uw1VcXyTsmoAAruURV059,0,0,Photos,,,,,12/16/2022,,,0,0,0,0,0,0,,,,,
980877302868522,100064197037125,"PC Merchandise","Salamat sa tiwala boss MIGZ! RYZEN 5 2600 comshop package — 6 units delivered ✅",,0,"12/11/2022 22:00",,https://www.facebook.com/pcmerchandise.co/posts/pfbid0mfQvaHbnqeef1eBb1450SbIc73WbsmBgnw6Uw1VcXyTsmoAAruURV059,0,0,Photos,,,,,12/17/2022,,,0,0,0,0,0,0,,,,,
980877302868522,100064197037125,"PC Merchandise","Salamat sa tiwala boss MIGZ! RYZEN 5 2600 comshop package — 6 units delivered ✅",,0,"12/11/2022 22:00",,https://www.facebook.com/pcmerchandise.co/posts/pfbid0mfQvaHbnqeef1eBb1450SbIc73WbsmBgnw6Uw1VcXyTsmoAAruURV059,0,0,Photos,,,,,12/18/2022,,,0,0,0,0,0,0,,,,,
980877302868522,100064197037125,"PC Merchandise","Salamat sa tiwala boss MIGZ! RYZEN 5 2600 comshop package — 6 units delivered ✅",,0,"12/11/2022 22:00",,https://www.facebook.com/pcmerchandise.co/posts/pfbid0mfQvaHbnqeef1eBb1450SbIc73WbsmBgnw6Uw1VcXyTsmoAAruURV059,0,0,Photos,,,,,12/19/2022,,,0,0,0,0,0,0,,,,,
980877302868522,100064197037125,"PC Merchandise","Salamat sa tiwala boss MIGZ! RYZEN 5 2600 comshop package — 6 units delivered ✅",,0,"12/11/2022 22:00",,https://www.facebook.com/pcmerchandise.co/posts/pfbid0mfQvaHbnqeef1eBb1450SbIc73WbsmBgnw6Uw1VcXyTsmoAAruURV059,0,0,Photos,,,,,12/20/2022,,,0,0,0,0,0,0,,,,,
980877302868522,100064197037125,"PC Merchandise","Salamat sa tiwala boss MIGZ! RYZEN 5 2600 comshop package — 6 units delivered ✅",,0,"12/11/2022 22:00",,https://www.facebook.com/pcmerchandise.co/posts/pfbid0mfQvaHbnqeef1eBb1450SbIc73WbsmBgnw6Uw1VcXyTsmoAAruURV059,0,0,Photos,,,,,12/21/2022,,,0,0,0,0,0,0,,,,,
980877302868522,100064197037125,"PC Merchandise","Salamat sa tiwala boss MIGZ! RYZEN 5 2600 comshop package — 6 units delivered ✅",,0,"12/11/2022 22:00",,https://www.facebook.com/pcmerchandise.co/posts/pfbid0mfQvaHbnqeef1eBb1450SbIc73WbsmBgnw6Uw1VcXyTsmoAAruURV059,0,0,Photos,,,,,12/22/2022,,,0,0,0,0,0,0,,,,,
980877302868522,100064197037125,"PC Merchandise","Salamat sa tiwala boss MIGZ! RYZEN 5 2600 comshop package — 6 units delivered ✅",,0,"12/11/2022 22:00",,https://www.facebook.com/pcmerchandise.co/posts/pfbid0mfQvaHbnqeef1eBb1450SbIc73WbsmBgnw6Uw1VcXyTsmoAAruURV059,0,0,Photos,,,,,12/23/2022,,,0,0,0,0,0,0,,,,,
980877302868522,100064197037125,"PC Merchandise","Salamat sa tiwala boss MIGZ! RYZEN 5 2600 comshop package — 6 units delivered ✅",,0,"12/11/2022 22:00",,https://www.facebook.com/pcmerchandise.co/posts/pfbid0mfQvaHbnqeef1eBb1450SbIc73WbsmBgnw6Uw1VcXyTsmoAAruURV059,0,0,Photos,,,,,12/24/2022,,,0,0,0,0,0,0,,,,,
980877302868522,100064197037125,"PC Merchandise","Salamat sa tiwala boss MIGZ! RYZEN 5 2600 comshop package — 6 units delivered ✅",,0,"12/11/2022 22:00",,https://www.facebook.com/pcmerchandise.co/posts/pfbid0mfQvaHbnqeef1eBb1450SbIc73WbsmBgnw6Uw1VcXyTsmoAAruURV059,0,0,Photos,,,,,12/25/2022,,,0,0,0,0,0,0,,,,,
980877302868522,100064197037125,"PC Merchandise","Salamat sa tiwala boss MIGZ! RYZEN 5 2600 comshop package — 6 units delivered ✅",,0,"12/11/2022 22:00",,https://www.facebook.com/pcmerchandise.co/posts/pfbid0mfQvaHbnqeef1eBb1450SbIc73WbsmBgnw6Uw1VcXyTsmoAAruURV059,0,0,Photos,,,,,12/26/2022,,,0,0,0,0,0,0,,,,,
980877302868522,100064197037125,"PC Merchandise","Salamat sa tiwala boss MIGZ! RYZEN 5 2600 comshop package — 6 units delivered ✅",,0,"12/11/2022 22:00",,https://www.facebook.com/pcmerchandise.co/posts/pfbid0mfQvaHbnqeef1eBb1450SbIc73WbsmBgnw6Uw1VcXyTsmoAAruURV059,0,0,Photos,,,,,12/27/2022,,,0,0,0,0,0,0,,,,,
980877302868522,100064197037125,"PC Merchandise","Salamat sa tiwala boss MIGZ! RYZEN 5 2600 comshop package — 6 units delivered ✅",,0,"12/11/2022 22:00",,https://www.facebook.com/pcmerchandise.co/posts/pfbid0mfQvaHbnqeef1eBb1450SbIc73WbsmBgnw6Uw1VcXyTsmoAAruURV059,0,0,Photos,,,,,12/28/2022,,,0,0,0,0,0,0,,,,,
980877302868522,100064197037125,"PC Merchandise","Salamat sa tiwala boss MIGZ! RYZEN 5 2600 comshop package — 6 units delivered ✅",,0,"12/11/2022 22:00",,https://www.facebook.com/pcmerchandise.co/posts/pfbid0mfQvaHbnqeef1eBb1450SbIc73WbsmBgnw6Uw1VcXyTsmoAAruURV059,0,0,Photos,,,,,12/29/2022,,,0,0,0,0,0,0,,,,,
980877302868522,100064197037125,"PC Merchandise","Salamat sa tiwala boss MIGZ! RYZEN 5 2600 comshop package — 6 units delivered ✅",,0,"12/11/2022 22:00",,https://www.facebook.com/pcmerchandise.co/posts/pfbid0mfQvaHbnqeef1eBb1450SbIc73WbsmBgnw6Uw1VcXyTsmoAAruURV059,0,0,Photos,,,,,12/30/2022,,,0,0,0,0,0,0,,,,,
980877302868522,100064197037125,"PC Merchandise","Salamat sa tiwala boss MIGZ! RYZEN 5 2600 comshop package — 6 units delivered ✅",,0,"12/11/2022 22:00",,https://www.facebook.com/pcmerchandise.co/posts/pfbid0mfQvaHbnqeef1eBb1450SbIc73WbsmBgnw6Uw1VcXyTsmoAAruURV059,0,0,Photos,,,,,12/31/2022,,,0,0,0,0,0,0,,,,,
980761684880653,100064197037125,"PC Merchandise","Another comshop delivered! 8 units RYZEN 5 3400G para sa bagong negosyo ni KUYA RON 💪",,0,"12/10/2022 16:15",,https://www.facebook.com/pcmerchandise.co/posts/pfbid0fDr6Otr7u3wRhPKyNQi7C9DlFqXJ9GTxGw2jF4tKRskVzbzkQf4jP7VR,0,0,Photos,,,,,12/31/2022,2,,,,,,,,,,,,
980761684880653,100064197037125,"PC Merchandise","Another comshop delivered! 8 units RYZEN 5 3400G para sa bagong negosyo ni KUYA RON 💪",,0,"12/10/2022 16:15",,https://www.facebook.com/pcmerchandise.co/posts/pfbid0fDr6Otr7u3wRhPKyNQi7C9DlFqXJ9GTxGw2jF4tKRskVzbzkQf4jP7VR,0,0,Photos,,,,,12/01/2022,,,0,0,0,0,0,0,,,,,
980761684880653,100064197037125,"PC Merchandise","Another comshop delivered! 8 units RYZEN 5 3400G para sa bagong negosyo ni KUYA RON 💪",,0,"12/10/2022 16:15",,https://www.facebook.com/pcmerchandise.co/posts/pfbid0fDr6Otr7u3wRhPKyNQi7C9DlFqXJ9GTxGw2jF4tKRskVzbzkQf4jP7VR,0,0,Photos,,,,,12/02/2022,,,0,0,0,0,0,0,,,,,
980761684880653,100064197037125,"PC Merchandise","Another comshop delivered! 8 units RYZEN 5 3400G para sa bagong negosyo ni KUYA RON 💪",,0,"12/10/2022 16:15",,https://www.facebook.com/pcmerchandise.co/posts/pfbid0fDr6Otr7u3wRhPKyNQi7C9DlFqXJ9GTxGw2jF4tKRskVzbzkQf4jP7VR,0,0,Photos,,,,,12/03/2022,,,0,0,0,0,0,0,,,,,
980761684880653,100064197037125,"PC Merchandise","Another comshop delivered! 8 units RYZEN 5 3400G para sa bagong negosyo ni KUYA RON 💪",,0,"12/10/2022 16:15",,https://www.facebook.com/pcmerchandise.co/posts/pfbid0fDr6Otr7u3wRhPKyNQi7C9DlFqXJ9GTxGw2jF4tKRskVzbzkQf4jP7VR,0,0,Photos,,,,,12/04/2022,,,0,0,0,0,0,0,,,,,
980761684880653,100064197037125,"PC Merchandise","Another comshop delivered! 8 units RYZEN 5 3400G para sa bagong negosyo ni KUYA RON 💪",,0,"12/10/2022 16:15",,https://www.facebook.com/pcmerchandise.co/posts/pfbid0fDr6Otr7u3wRhPKyNQi7C9DlFqXJ9GTxGw2jF4tKRskVzbzkQf4jP7VR,0,0,Photos,,,,,12/05/2022,,,0,0,0,0,0,0,,,,,
980761684880653,100064197037125,"PC Merchandise","Another comshop delivered! 8 units RYZEN 5 3400G para sa bagong negosyo ni KUYA RON 💪",,0,"12/10/2022 16:15",,https://www.facebook.com/pcmerchandise.co/posts/pfbid0fDr6Otr7u3wRhPKyNQi7C9DlFqXJ9GTxGw2jF4tKRskVzbzkQf4jP7VR,0,0,Photos,,,,,12/06/2022,,,0,0,0,0,0,0,,,,,
980761684880653,100064197037125,"PC Merchandise","Another comshop delivered! 8 units RYZEN 5 3400G para sa bagong negosyo ni KUYA RON 💪",,0,"12/10/2022 16:15",,https://www.facebook.com/pcmerchandise.co/posts/pfbid0fDr6Otr7u3wRhPKyNQi7C9DlFqXJ9GTxGw2jF4tKRskVzbzkQf4jP7VR,0,0,Photos,,,,,12/07/2022,,,0,0,0,0,0,0,,,,,
980761684880653,100064197037125,"PC Merchandise","Another comshop delivered! 8 units RYZEN 5 3400G para sa bagong negosyo ni KUYA RON 💪",,0,"12/10/2022 16:15",,https://www.facebook.com/pcmerchandise.co/posts/pfbid0fDr6Otr7u3wRhPKyNQi7C9DlFqXJ9GTxGw2jF4tKRskVzbzkQf4jP7VR,0,0,Photos,,,,,12/08/2022,,,0,0,0,0,0,0,,,,,
980761684880653,100064197037125,"PC Merchandise","Another comshop delivered! 8 units RYZEN 5 3400G para sa bagong negosyo ni KUYA RON 💪",,0,"12/10/2022 16:15",,https://www.facebook.com/pcmerchandise.co/posts/pfbid0fDr6Otr7u3wRhPKyNQi7C9DlFqXJ9GTxGw2jF4tKRskVzbzkQf4jP7VR,0,0,Photos,,,,,12/09/2022,,,0,0,0,0,0,0,,,,,
980761684880653,100064197037125,"PC Merchandise","Another comshop delivered! 8 units RYZEN 5 3400G para sa bagong negosyo ni KUYA RON 💪",,0,"12/10/2022 16:15",,https://www.facebook.com/pcmerchandise.co/posts/pfbid0fDr6Otr7u3wRhPKyNQi7C9DlFqXJ9GTxGw2jF4tKRskVzbzkQf4jP7VR,0,0,Photos,,,,,12/10/2022,,,0,0,0,0,0,0,,,,,
980761684880653,100064197037125,"PC Merchandise","Another comshop delivered! 8 units RYZEN 5 3400G para sa bagong negosyo ni KUYA RON 💪",,0,"12/10/2022 16:15",,https://www.facebook.com/pcmerchandise.co/posts/pfbid0fDr6Otr7u3wRhPKyNQi7C9DlFqXJ9GTxGw2jF4tKRskVzbzkQf4jP7VR,0,0,Photos,,,,,12/11/2022,,,0,0,0,0,0,0,,,,,
980761684880653,100064197037125,"PC Merchandise","Another comshop delivered! 8 units RYZEN 5 3400G para sa bagong negosyo ni KUYA RON 💪",,0,"12/10/2022 16:15",,https://www.facebook.com/pcmerchandise.co/posts/pfbid0fDr6Otr7u3wRhPKyNQi7C9DlFqXJ9GTxGw2jF4tKRskVzbzkQf4jP7VR,0,0,Photos,,,,,12/12/2022,,,0,0,0,0,0,0,,,,,
980761684880653,100064197037125,"PC Merchandise","Another comshop delivered! 8 units RYZEN 5 3400G para sa bagong negosyo ni KUYA RON 💪",,0,"12/10/2022 16:15",,https://www.facebook.com/pcmerchandise.co/posts/pfbid0fDr6Otr7u3wRhPKyNQi7C9DlFqXJ9GTxGw2jF4tKRskVzbzkQf4jP7VR,0,0,Photos,,,,,12/13/2022,,,0,0,0,0,0,0,,,,,
980761684880653,100064197037125,"PC Merchandise","Another comshop delivered! 8 units RYZEN 5 3400G para sa bagong negosyo ni KUYA RON 💪",,0,"12/10/2022 16:15",,https://www.facebook.com/pcmerchandise.co/posts/pfbid0fDr6Otr7u3wRhPKyNQi7C9DlFqXJ9GTxGw2jF4tKRskVzbzkQf4jP7VR,0,0,Photos,,,,,12/14/2022,,,0,0,0,0,0,0,,,,,
980761684880653,100064197037125,"PC Merchandise","Another comshop delivered! 8 units RYZEN 5 3400G para sa bagong negosyo ni KUYA RON 💪",,0,"12/10/2022 16:15",,https://www.facebook.com/pcmerchandise.co/posts/pfbid0fDr6Otr7u3wRhPKyNQi7C9DlFqXJ9GTxGw2jF4tKRskVzbzkQf4jP7VR,0,0,Photos,,,,,12/15/2022,,,0,0,0,0,0,0,,,,,
980761684880653,100064197037125,"PC Merchandise","Another comshop delivered! 8 units RYZEN 5 3400G para sa bagong negosyo ni KUYA RON 💪",,0,"12/10/2022 16:15",,https://www.facebook.com/pcmerchandise.co/posts/pfbid0fDr6Otr7u3wRhPKyNQi7C9DlFqXJ9GTxGw2jF4tKRskVzbzkQf4jP7VR,0,0,Photos,,,,,12/16/2022,,,0,0,0,0,0,0,,,,,
980761684880653,100064197037125,"PC Merchandise","Another comshop delivered! 8 units RYZEN 5 3400G para sa bagong negosyo ni KUYA RON 💪",,0,"12/10/2022 16:15",,https://www.facebook.com/pcmerchandise.co/posts/pfbid0fDr6Otr7u3wRhPKyNQi7C9DlFqXJ9GTxGw2jF4tKRskVzbzkQf4jP7VR,0,0,Photos,,,,,12/17/2022,,,0,0,0,0,0,0,,,,,
980761684880653,100064197037125,"PC Merchandise","Another comshop delivered! 8 units RYZEN 5 3400G para sa bagong negosyo ni KUYA RON 💪",,0,"12/10/2022 16:15",,https://www.facebook.com/pcmerchandise.co/posts/pfbid0fDr6Otr7u3wRhPKyNQi7C9DlFqXJ9GTxGw2jF4tKRskVzbzkQf4jP7VR,0,0,Photos,,,,,12/18/2022,,,0,0,0,0,0,0,,,,,
980761684880653,100064197037125,"PC Merchandise","Another comshop delivered! 8 units RYZEN 5 3400G para sa bagong negosyo ni KUYA RON 💪",,0,"12/10/2022 16:15",,https://www.facebook.com/pcmerchandise.co/posts/pfbid0fDr6Otr7u3wRhPKyNQi7C9DlFqXJ9GTxGw2jF4tKRskVzbzkQf4jP7VR,0,0,Photos,,,,,12/19/2022,,,0,0,0,0,0,0,,,,,
980761684880653,100064197037125,"PC Merchandise","Another comshop delivered! 8 units RYZEN 5 3400G para sa bagong negosyo ni KUYA RON 💪",,0,"12/10/2022 16:15",,https://www.facebook.com/pcmerchandise.co/posts/pfbid0fDr6Otr7u3wRhPKyNQi7C9DlFqXJ9GTxGw2jF4tKRskVzbzkQf4jP7VR,0,0,Photos,,,,,12/20/2022,,,0,0,0,0,0,0,,,,,
980761684880653,100064197037125,"PC Merchandise","Another comshop delivered! 8 units RYZEN 5 3400G para sa bagong negosyo ni KUYA RON 💪",,0,"12/10/2022 16:15",,https://www.facebook.com/pcmerchandise.co/posts/pfbid0fDr6Otr7u3wRhPKyNQi7C9DlFqXJ9GTxGw2jF4tKRskVzbzkQf4jP7VR,0,0,Photos,,,,,12/21/2022,,,0,0,0,0,0,0,,,,,
980761684880653,100064197037125,"PC Merchandise","Another comshop delivered! 8 units RYZEN 5 3400G para sa bagong negosyo ni KUYA RON 💪",,0,"12/10/2022 16:15",,https://www.facebook.com/pcmerchandise.co/posts/pfbid0fDr6Otr7u3wRhPKyNQi7C9DlFqXJ9GTxGw2jF4tKRskVzbzkQf4jP7VR,0,0,Photos,,,,,12/22/2022,,,0,0,0,0,0,0,,,,,
980761684880653,100064197037125,"PC Merchandise","Another comshop delivered! 8 units RYZEN 5 3400G para sa bagong negosyo ni KUYA RON 💪",,0,"12/10/2022 16:15",,https://www.facebook.com/pcmerchandise.co/posts/pfbid0fDr6Otr7u3wRhPKyNQi7C9DlFqXJ9GTxGw2jF4tKRskVzbzkQf4jP7VR,0,0,Photos,,,,,12/23/2022,,,0,0,0,0,0,0,,,,,
980761684880653,100064197037125,"PC Merchandise","Another comshop delivered! 8 units RYZEN 5 3400G para sa bagong negosyo ni KUYA RON 💪",,0,"12/10/2022 16:15",,https://www.facebook.com/pcmerchandise.co/posts/pfbid0fDr6Otr7u3wRhPKyNQi7C9DlFqXJ9GTxGw2jF4tKRskVzbzkQf4jP7VR,0,0,Photos,,,,,12/24/2022,,,0,0,0,0,0,0,,,,,
980761684880653,100064197037125,"PC Merchandise","Another comshop delivered! 8 units RYZEN 5 3400G para sa bagong negosyo ni KUYA RON 💪",,0,"12/10/2022 16:15",,https://www.facebook.com/pcmerchandise.co/posts/pfbid0fDr6Otr7u3wRhPKyNQi7C9DlFqXJ9GTxGw2jF4tKRskVzbzkQf4jP7VR,0,0,Photos,,,,,12/25/2022,,,0,0,0,0,0,0,,,,,
980761684880653,100064197037125,"PC Merchandise","Another comshop delivered! 8 units RYZEN 5 3400G para sa bagong negosyo ni KUYA RON 💪",,0,"12/10/2022 16:15",,https://www.facebook.com/pcmerchandise.co/posts/pfbid0fDr6Otr7u3wRhPKyNQi7C9DlFqXJ9GTxGw2jF4tKRskVzbzkQf4jP7VR,0,0,Photos,,,,,12/26/2022,,,0,0,0,0,0,0,,,,,
980761684880653,100064197037125,"PC Merchandise","Another comshop delivered! 8 units RYZEN 5 3400G para sa bagong negosyo ni KUYA RON 💪",,0,"12/10/2022 16:15",,https://www.facebook.com/pcmerchandise.co/posts/pfbid0fDr6Otr7u3wRhPKyNQi7C9DlFqXJ9GTxGw2jF4tKRskVzbzkQf4jP7VR,0,0,Photos,,,,,12/27/2022,,,0,0,0,0,0,0,,,,,
980761684880653,100064197037125,"PC Merchandise","Another comshop delivered! 8 units RYZEN 5 3400G para sa bagong negosyo ni KUYA RON 💪",,0,"12/10/2022 16:15",,https://www.facebook.com/pcmerchandise.co/posts/pfbid0fDr6Otr7u3wRhPKyNQi7C9DlFqXJ9GTxGw2jF4tKRskVzbzkQf4jP7VR,0,0,Photos,,,,,12/28/2022,,,0,0,0,0,0,0,,,,,
980761684880653,100064197037125,"PC Merchandise","Another comshop delivered! 8 units RYZEN 5 3400G para sa bagong negosyo ni KUYA RON 💪",,0,"12/10/2022 16:15",,https://www.facebook.com/pcmerchandise.co/posts/pfbid0fDr6Otr7u3wRhPKyNQi7C9DlFqXJ9GTxGw2jF4tKRskVzbzkQf4jP7VR,0,0,Photos,,,,,12/29/2022,,,0,0,0,0,0,0,,,,,
980761684880653,100064197037125,"PC Merchandise","Another comshop delivered! 8 units RYZEN 5 3400G para sa bagong negosyo ni KUYA RON 💪",,0,"12/10/2022 16:15",,https://www.facebook.com/pcmerchandise.co/posts/pfbid0fDr6Otr7u3wRhPKyNQi7C9DlFqXJ9GTxGw2jF4tKRskVzbzkQf4jP7VR,0,0,Photos,,,,,12/30/2022,,,0,0,0,0,0,0,,,,,
980761684880653,100064197037125,"PC Merchandise","Another comshop delivered! 8 units RYZEN 5 3400G para sa bagong negosyo ni KUYA RON 💪",,0,"12/10/2022 16:15",,https://www.facebook.com/pcmerchandise.co/posts/pfbid0fDr6Otr7u3wRhPKyNQi7C9DlFqXJ9GTxGw2jF4tKRskVzbzkQf4jP7VR,0,0,Photos,,,,,12/31/2022,,,0,0,0,0,0,0,,,,,
981357708068568,100064197037125,"PC Merchandise","𝐏𝐑𝐈𝐂𝐄𝐋𝐈𝐒𝐓 𝟐𝟎𝟐𝟐 >>>
https://pcmerchandise.live/2022-BERMONTHS-LIST-COMSHOP",,85,"12/09/2022 19:00",uploaded,https://www.facebook.com/reel/1835044744332789/,0,0,Reels,,,,,12/01/2022,0,,,,,,0,0,0,0,0,0.000,3.667
981357708068568,100064197037125,"PC Merchandise","𝐏𝐑𝐈𝐂𝐄𝐋𝐈𝐒𝐓 𝟐𝟎𝟐𝟐 >>>
https://pcmerchandise.live/2022-BERMONTHS-LIST-COMSHOP",,85,"12/09/2022 19:00",uploaded,https://www.facebook.com/reel/1835044744332789/,0,0,Reels,,,,,12/02/2022,0,,,,,,0,0,0,0,0,0.000,3.664
981357708068568,100064197037125,"PC Merchandise","𝐏𝐑𝐈𝐂𝐄𝐋𝐈𝐒𝐓 𝟐𝟎𝟐𝟐 >>>
https://pcmerchandise.live/2022-BERMONTHS-LIST-COMSHOP",,85,"12/09/2022 19:00",uploaded,https://www.facebook.com/reel/1835044744332789/,0,0,Reels,,,,,12/03/2022,0,,,,,,0,0,0,0,0,0.000,2.170
981357708068568,100064197037125,"PC Merchandise","𝐏𝐑𝐈𝐂𝐄𝐋𝐈𝐒𝐓 𝟐𝟎𝟐𝟐 >>>
https://pcmerchandise.live/2022-BERMONTHS-LIST-COMSHOP",,85,"12/09/2022 19:00",uploaded,https://www.facebook.com/reel/1835044744332789/,0,0,Reels,,,,,12/04/2022,0,,,,,,0,0,0,0,0,0.000,3.201
981357708068568,100064197037125,"PC Merchandise","𝐏𝐑𝐈𝐂𝐄𝐋𝐈𝐒𝐓 𝟐𝟎𝟐𝟐 >>>
https://pcmerchandise.live/2022-BERMONTHS-LIST-COMSHOP",,85,"12/09/2022 19:00",uploaded,https://www.facebook.com/reel/1835044744332789/,0,0,Reels,,,,,12/05/2022,0,,,,,,0,0,0,0,0,0.000,2.892
981357708068568,100064197037125,"PC Merchandise","𝐏𝐑𝐈𝐂𝐄𝐋𝐈𝐒𝐓 𝟐𝟎𝟐𝟐 >>>
https://pcmerchandise.live/2022-BERMONTHS-LIST-COMSHOP",,85,"12/09/2022 19:00",uploaded,https://www.facebook.com/reel/1835044744332789/,0,0,Reels,,,,,12/06/2022,0,,,,,,0,0,0,0,0,0.000,4.280
981357708068568,100064197037125,"PC Merchandise","𝐏𝐑𝐈𝐂𝐄𝐋𝐈𝐒𝐓 𝟐𝟎𝟐𝟐 >>>
https://pcmerchandise.live/2022-BERMONTHS-LIST-COMSHOP",,85,"12/09/2022 19:00",uploaded,https://www.facebook.com/reel/1835044744332789/,0,0,Reels,,,,,12/07/2022,0,,,,,,0,0,0,0,0,0.000,3.379
981357708068568,100064197037125,"PC Merchandise","𝐏𝐑𝐈𝐂𝐄𝐋𝐈𝐒𝐓 𝟐𝟎𝟐𝟐 >>>
https://pcmerchandise.live/2022-BERMONTHS-LIST-COMSHOP",,85,"12/09/2022 19:00",uploaded,https://www.facebook.com/reel/1835044744332789/,0,0,Reels,,,,,12/08/2022,0,,,,,,0,0,0,0,0,0.000,4.354
981357708068568,100064197037125,"PC Merchandise","𝐏𝐑𝐈𝐂𝐄𝐋𝐈𝐒𝐓 𝟐𝟎𝟐𝟐 >>>
https://pcmerchandise.live/2022-BERMONTHS-LIST-COMSHOP",,85,"12/09/2022 19:00",uploaded,https://www.facebook.com/reel/1835044744332789/,0,0,Reels,,,,,12/09/2022,0,,,,,,106,0,0,0,0,194.381,2.975
981357708068568,100064197037125,"PC Merchandise","𝐏𝐑𝐈𝐂𝐄𝐋𝐈𝐒𝐓 𝟐𝟎𝟐𝟐 >>>
https://pcmerchandise.live/2022-BERMONTHS-LIST-COMSHOP",,85,"12/09/2022 19:00",uploaded,https://www.facebook.com/reel/1835044744332789/,0,0,Reels,,,,,12/10/2022,0,,,,,,82,0,0,0,0,193.241,4.029
981357708068568,100064197037125,"PC Merchandise","𝐏𝐑𝐈𝐂𝐄𝐋𝐈𝐒𝐓 𝟐𝟎𝟐𝟐 >>>
https://pcmerchandise.live/2022-BERMONTHS-LIST-COMSHOP",,85,"12/09/2022 19:00",uploaded,https://www.facebook.com/reel/1835044744332789/,0,0,Reels,,,,,12/11/2022,0,,,,,,117,0,0,0,0,94.739,2.572
981357708068568,100064197037125,"PC Merchandise","𝐏𝐑𝐈𝐂𝐄𝐋𝐈𝐒𝐓 𝟐𝟎𝟐𝟐 >>>
https://pcmerchandise.live/2022-BERMONTHS-LIST-COMSHOP",,85,"12/09/2022 19:00",uploaded,https://www.facebook.com/reel/1835044744332789/,0,0,Reels,,,,,12/12/2022,0,,,,,,92,0,0,0,0,108.324,4.002
981357708068568,100064197037125,"PC Merchandise","𝐏𝐑𝐈𝐂𝐄𝐋𝐈𝐒𝐓 𝟐𝟎𝟐𝟐 >>>
https://pcmerchandise.live/2022-BERMONTHS-LIST-COMSHOP",,85,"12/09/2022 19:00",uploaded,https://www.facebook.com/reel/1835044744332789/,0,0,Reels,,,,,12/13/2022,0,,,,,,99,0,0,0,0,128.181,4.026
981357708068568,100064197037125,"PC Merchandise","𝐏𝐑𝐈𝐂𝐄𝐋𝐈𝐒𝐓 𝟐𝟎𝟐𝟐 >>>
https://pcmerchandise.live/2022-BERMONTHS-LIST-COMSHOP",,85,"12/09/2022 19:00",uploaded,https://www.facebook.com/reel/1835044744332789/,0,0,Reels,,,,,12/14/2022,0,,,,,,107,0,0,0,0,95.715,3.832
981357708068568,100064197037125,"PC Merchandise","𝐏𝐑𝐈𝐂𝐄𝐋𝐈𝐒𝐓 𝟐𝟎𝟐𝟐 >>>
https://pcmerchandise.live/2022-BERMONTHS-LIST-COMSHOP",,85,"12/09/2022 19:00",uploaded,https://www.facebook.com/reel/1835044744332789/,0,0,Reels,,,,,12/15/2022,0,,,,,,93,0,0,0,0,51.728,3.886
981357708068568,100064197037125,"PC Merchandise","𝐏𝐑𝐈𝐂𝐄𝐋𝐈𝐒𝐓 𝟐𝟎𝟐𝟐 >>>
https://pcmerchandise.live/2022-BERMONTHS-LIST-COMSHOP",,85,"12/09/2022 19:00",uploaded,https://www.facebook.com/reel/1835044744332789/,0,0,Reels,,,,,12/16/2022,0,,,,,,92,0,0,0,0,37.250,2.167
981357708068568,100064197037125,"PC Merchandise","𝐏𝐑𝐈𝐂𝐄𝐋𝐈𝐒𝐓 𝟐𝟎𝟐𝟐 >>>
https://pcmerchandise.live/2022-BERMONTHS-LIST-COMSHOP",,85,"12/09/2022 19:00",uploaded,https://www.facebook.com/reel/1835044744332789/,0,0,Reels,,,,,12/17/2022,0,,,,,,93,0,0,0,0,32.245,2.331
981357708068568,100064197037125,"PC Merchandise","𝐏𝐑𝐈𝐂𝐄𝐋𝐈𝐒𝐓 𝟐𝟎𝟐𝟐 >>>
https://pcmerchandise.live/2022-BERMONTHS-LIST-COMSHOP",,85,"12/09/2022 19:00",uploaded,https://www.facebook.com/reel/1835044744332789/,0,0,Reels,,,,,12/18/2022,0,,,,,,98,0,0,0,0,57.362,3.851
981357708068568,100064197037125,"PC Merchandise","𝐏𝐑𝐈𝐂𝐄𝐋𝐈𝐒𝐓 𝟐𝟎𝟐𝟐 >>>
https://pcmerchandise.live/2022-BERMONTHS-LIST-COMSHOP",,85,"12/09/2022 19:00",uploaded,https://www.facebook.com/reel/1835044744332789/,0,0,Reels,,,,,12/19/2022,0,,,,,,94,0,0,0,0,22.259,3.278
981357708068568,100064197037125,"PC Merchandise","𝐏𝐑𝐈𝐂𝐄𝐋𝐈𝐒𝐓 𝟐𝟎𝟐𝟐 >>>
https://pcmerchandise.live/2022-BERMONTHS-LIST-COMSHOP",,85,"12/09/2022 19:00",uploaded,https://www.facebook.com/reel/1835044744332789/,0,0,Reels,,,,,12/20/2022,0,,,,,,0,0,0,0,0,41.176,3.855
981357708068568,100064197037125,"PC Merchandise","𝐏𝐑𝐈𝐂𝐄𝐋𝐈𝐒𝐓 𝟐𝟎𝟐𝟐 >>>
https://pcmerchandise.live/2022-BERMONTHS-LIST-COMSHOP",,85,"12/09/2022 19:00",uploaded,https://www.facebook.com/reel/1835044744332789/,0,0,Reels,,,,,12/21/2022,0,,,,,,0,0,0,0,0,30.779,3.422
981357708068568,100064197037125,"PC Merchandise","𝐏𝐑𝐈𝐂𝐄𝐋𝐈𝐒𝐓 𝟐𝟎𝟐𝟐 >>>
https://pcmerchandise.live/2022-BERMONTHS-LIST-COMSHOP",,85,"12/09/2022 19:00",uploaded,https://www.facebook.com/reel/1835044744332789/,0,0,Reels,,,,,12/22/2022,0,,,,,,0,0,0,0,0,16.941,3.134
981357708068568,100064197037125,"PC Merchandise","𝐏𝐑𝐈𝐂𝐄𝐋𝐈𝐒𝐓 𝟐𝟎𝟐𝟐 >>>
https://pcmerchandise.live/2022-BERMONTHS-LIST-COMSHOP",,85,"12/09/2022 19:00",uploaded,https://www.facebook.com/reel/1835044744332789/,0,0,Reels,,,,,12/23/2022,0,,,,,,0,0,0,0,0,11.161,2.328
981357708068568,100064197037125,"PC Merchandise","𝐏𝐑𝐈𝐂𝐄𝐋𝐈𝐒𝐓 𝟐𝟎𝟐𝟐 >>>
https://pcmerchandise.live/2022-BERMONTHS-LIST-COMSHOP",,85,"12/09/2022 19:00",uploaded,https://www.facebook.com/reel/1835044744332789/,0,0,Reels,,,,,12/24/2022,0,,,,,,0,0,0,0,0,19.289,2.824
981357708068568,100064197037125,"PC Merchandise","𝐏𝐑𝐈𝐂𝐄𝐋𝐈𝐒𝐓 𝟐𝟎𝟐𝟐 >>>
https://pcmerchandise.live/2022-BERMONTHS-LIST-COMSHOP",,85,"12/09/2022 19:00",uploaded,https://www.facebook.com/reel/1835044744332789/,0,0,Reels,,,,,12/25/2022,0,,,,,,0,0,0,0,0,12.307,4.121
981357708068568,100064197037125,"PC Merchandise","𝐏𝐑𝐈𝐂𝐄𝐋𝐈𝐒𝐓 𝟐𝟎𝟐𝟐 >>>
https://pcmerchandise.live/2022-BERMONTHS-LIST-COMSHOP",,85,"12/09/2022 19:00",uploaded,https://www.facebook.com/reel/1835044744332789/,0,0,Reels,,,,,12/26/2022,0,,,,,,0,0,0,0,0,7.963,2.091
981357708068568,100064197037125,"PC Merchandise","𝐏𝐑𝐈𝐂𝐄𝐋𝐈𝐒𝐓 𝟐𝟎𝟐𝟐 >>>
https://pcmerchandise.live/2022-BERMONTHS-LIST-COMSHOP",,85,"12/09/2022 19:00",uploaded,https://www.facebook.com/reel/1835044744332789/,0,0,Reels,,,,,12/27/2022,0,,,,,,0,0,0,0,0,13.561,1.664
981357708068568,100064197037125,"PC Merchandise","𝐏𝐑𝐈𝐂𝐄𝐋𝐈𝐒𝐓 𝟐𝟎𝟐𝟐 >>>
https://pcmerchandise.live/2022-BERMONTHS-LIST-COMSHOP",,85,"12/09/2022 19:00",uploaded,https://www.facebook.com/reel/1835044744332789/,0,0,Reels,,,,,12/28/2022,0,,,,,,0,0,0,0,0,8.735,2.057
981357708068568,100064197037125,"PC Merchandise","𝐏𝐑𝐈𝐂𝐄𝐋𝐈𝐒𝐓 𝟐𝟎𝟐𝟐 >>>
https://pcmerchandise.live/2022-BERMONTHS-LIST-COMSHOP",,85,"12/09/2022 19:00",uploaded,https://www.facebook.com/reel/1835044744332789/,0,0,Reels,,,,,12/29/2022,0,,,,,,0,0,0,0,0,13.131,3.321
981357708068568,100064197037125,"PC Merchandise","𝐏𝐑𝐈𝐂𝐄𝐋𝐈𝐒𝐓 𝟐𝟎𝟐𝟐 >>>
https://pcmerchandise.live/2022-BERMONTHS-LIST-COMSHOP",,85,"12/09/2022 19:00",uploaded,https://www.facebook.com/reel/1835044744332789/,0,0,Reels,,,,,12/30/2022,0,,,,,,0,0,0,0,0,14.438,3.840
981357708068568,100064197037125,"PC Merchandise","𝐏𝐑𝐈𝐂𝐄𝐋𝐈𝐒𝐓 𝟐𝟎𝟐𝟐 >>>
https://pcmerchandise.live/2022-BERMONTHS-LIST-COMSHOP",,85,"12/09/2022 19:00",uploaded,https://www.facebook.com/reel/1835044744332789/,0,0,Reels,,,,,12/31/2022,0,,,,,,0,0,0,0,0,9.271,1.853
980869697101496,100064197037125,"PC Merchandise","malas naman🥹",,0,"12/09/2022 19:00",,https://www.facebook.com/pcmerchandise.co/posts/pfbid08slClOWgzJE7urN6Xxdi9GYvkoxXS6NTBUJVF0INnaG57DWKJMuIDfQ2,0,0,Photos,,,,,12/31/2022,0,,,,,,,,,,,,
980869697101496,100064197037125,"PC Merchandise","malas naman🥹",,0,"12/09/2022 19:00",,https://www.facebook.com/pcmerchandise.co/posts/pfbid08slClOWgzJE7urN6Xxdi9GYvkoxXS6NTBUJVF0INnaG57DWKJMuIDfQ2,0,0,Photos,,,,,12/01/2022,,,0,0,0,0,0,0,,,,,
980869697101496,100064197037125,"PC Merchandise","malas naman🥹",,0,"12/09/2022 19:00",,https://www.facebook.com/pcmerchandise.co/posts/pfbid08slClOWgzJE7urN6Xxdi9GYvkoxXS6NTBUJVF0INnaG57DWKJMuIDfQ2,0,0,Photos,,,,,12/02/2022,,,0,0,0,0,0,0,,,,,
980869697101496,100064197037125,"PC Merchandise","malas naman🥹",,0,"12/09/2022 19:00",,https://www.facebook.com/pcmerchandise.co/posts/pfbid08slClOWgzJE7urN6Xxdi9GYvkoxXS6NTBUJVF0INnaG57DWKJMuIDfQ2,0,0,Photos,,,,,12/03/2022,,,0,0,0,0,0,0,,,,,
980869697101496,100064197037125,"PC Merchandise","malas naman🥹",,0,"12/09/2022 19:00",,https://www.facebook.com/pcmerchandise.co/posts/pfbid08slClOWgzJE7urN6Xxdi9GYvkoxXS6NTBUJVF0INnaG57DWKJMuIDfQ2,0,0,Photos,,,,,12/04/2022,,,0,0,0,0,0,0,,,,,
980869697101496,100064197037125,"PC Merchandise","malas naman🥹",,0,"12/09/2022 19:00",,https://www.facebook.com/pcmerchandise.co/posts/pfbid08slClOWgzJE7urN6Xxdi9GYvkoxXS6NTBUJVF0INnaG57DWKJMuIDfQ2,0,0,Photos,,,,,12/05/2022,,,0,0,0,0,0,0,,,,,
980869697101496,100064197037125,"PC Merchandise","malas naman🥹",,0,"12/09/2022 19:00",,https://www.facebook.com/pcmerchandise.co/posts/pfbid08slClOWgzJE7urN6Xxdi9GYvkoxXS6NTBUJVF0INnaG57DWKJMuIDfQ2,0,0,Photos,,,,,12/06/2022,,,0,0,0,0,0,0,,,,,
980869697101496,100064197037125,"PC Merchandise","malas naman🥹",,0,"12/09/2022 19:00",,https://www.facebook.com/pcmerchandise.co/posts/pfbid08slClOWgzJE7urN6Xxdi9GYvkoxXS6NTBUJVF0INnaG57DWKJMuIDfQ2,0,0,Photos,,,,,12/07/2022,,,0,0,0,0,0,0,,,,,
980869697101496,100064197037125,"PC Merchandise","malas naman🥹",,0,"12/09/2022 19:00",,https://www.facebook.com/pcmerchandise.co/posts/pfbid08slClOWgzJE7urN6Xxdi9GYvkoxXS6NTBUJVF0INnaG57DWKJMuIDfQ2,0,0,Photos,,,,,12/08/2022,,,0,0,0,0,0,0,,,,,
980869697101496,100064197037125,"PC Merchandise","malas naman🥹",,0,"12/09/2022 19:00",,https://www.facebook.com/pcmerchandise.co/posts/pfbid08slClOWgzJE7urN6Xxdi9GYvkoxXS6NTBUJVF0INnaG57DWKJMuIDfQ2,0,0,Photos,,,,,12/09/2022,,,0,0,0,0,0,0,,,,,
980869697101496,100064197037125,"PC Merchandise","malas naman🥹",,0,"12/09/2022 19:00",,https://www.facebook.com/pcmerchandise.co/posts/pfbid08slClOWgzJE7urN6Xxdi9GYvkoxXS6NTBUJVF0INnaG57DWKJMuIDfQ2,0,0,Photos,,,,,12/10/2022,,,0,0,0,0,0,0,,,,,
980869697101496,100064197037125,"PC Merchandise","malas naman🥹",,0,"12/09/2022 19:00",,https://www.facebook.com/pcmerchandise.co/posts/pfbid08slClOWgzJE7urN6Xxdi9GYvkoxXS6NTBUJVF0INnaG57DWKJMuIDfQ2,0,0,Photos,,,,,12/11/2022,,,0,0,0,0,0,0,,,,,
980869697101496,100064197037125,"PC Merchandise","malas naman🥹",,0,"12/09/2022 19:00",,https://www.facebook.com/pcmerchandise.co/posts/pfbid08slClOWgzJE7urN6Xxdi9GYvkoxXS6NTBUJVF0INnaG57DWKJMuIDfQ2,0,0,Photos,,,,,12/12/2022,,,0,0,0,0,0,0,,,,,
980869697101496,100064197037125,"PC Merchandise","malas naman🥹",,0,"12/09/2022 19:00",,https://www.facebook.com/pcmerchandise.co/posts/pfbid08slClOWgzJE7urN6Xxdi9GYvkoxXS6NTBUJVF0INnaG57DWKJMuIDfQ2,0,0,Photos,,,,,12/13/2022,,,0,0,0,0,0,0,,,,,
980869697101496,100064197037125,"PC Merchandise","malas naman🥹",,0,"12/09/2022 19:00",,https://www.facebook.com/pcmerchandise.co/posts/pfbid08slClOWgzJE7urN6Xxdi9GYvkoxXS6NTBUJVF0INnaG57DWKJMuIDfQ2,0,0,Photos,,,,,12/14/2022,,,0,0,0,0,0,0,,,,,
980869697101496,100064197037125,"PC Merchandise","malas naman🥹",,0,"12/09/2022 19:00",,https://www.facebook.com/pcmerchandise.co/posts/pfbid08slClOWgzJE7urN6Xxdi9GYvkoxXS6NTBUJVF0INnaG57DWKJMuIDfQ2,0,0,Photos,,,,,12/15/2022,,,0,0,0,0,0,0,,,,,
980869697101496,100064197037125,"PC Merchandise","malas naman🥹",,0,"12/09/2022 19:00",,https://www.facebook.com/pcmerchandise.co/posts/pfbid08slClOWgzJE7urN6Xxdi9GYvkoxXS6NTBUJVF0INnaG57DWKJMuIDfQ2,0,0,Photos,,,,,12/16/2022,,,0,0,0,0,0,0,,,,,
980869697101496,100064197037125,"PC Merchandise","malas naman🥹",,0,"12/09/2022 19:00",,https://www.facebook.com/pcmerchandise.co/posts/pfbid08slClOWgzJE7urN6Xxdi9GYvkoxXS6NTBUJVF0INnaG57DWKJMuIDfQ2,0,0,Photos,,,,,12/17/2022,,,0,0,0,0,0,0,,,,,
980869697101496,100064197037125,"PC Merchandise","malas naman🥹",,0,"12/09/2022 19:00",,https://www.facebook.com/pcmerchandise.co/posts/pfbid08slClOWgzJE7urN6Xxdi9GYvkoxXS6NTBUJVF0INnaG57DWKJMuIDfQ2,0,0,Photos,,,,,12/18/2022,,,0,0,0,0,0,0,,,,,
980869697101496,100064197037125,"PC Merchandise","malas naman🥹",,0,"12/09/2022 19:00",,https://www.facebook.com/pcmerchandise.co/posts/pfbid08slClOWgzJE7urN6Xxdi9GYvkoxXS6NTBUJVF0INnaG57DWKJMuIDfQ2,0,0,Photos,,,,,12/19/2022,,,0,0,0,0,0,0,,,,,
980869697101496,100064197037125,"PC Merchandise","malas naman🥹",,0,"12/09/2022 19:00",,https://www.facebook.com/pcmerchandise.co/posts/pfbid08slClOWgzJE7urN6Xxdi9GYvkoxXS6NTBUJVF0INnaG57DWKJMuIDfQ2,0,0,Photos,,,,,12/20/2022,,,0,0,0,0,0,0,,,,,
980869697101496,100064197037125,"PC Merchandise","malas naman🥹",,0,"12/09/2022 19:00",,https://www.facebook.com/pcmerchandise.co/posts/pfbid08slClOWgzJE7urN6Xxdi9GYvkoxXS6NTBUJVF0INnaG57DWKJMuIDfQ2,0,0,Photos,,,,,12/21/2022,,,0,0,0,0,0,0,,,,,
980869697101496,100064197037125,"PC Merchandise","malas naman🥹",,0,"12/09/2022 19:00",,https://www.facebook.com/pcmerchandise.co/posts/pfbid08slClOWgzJE7urN6Xxdi9GYvkoxXS6NTBUJVF0INnaG57DWKJMuIDfQ2,0,0,Photos,,,,,12/22/2022,,,0,0,0,0,0,0,,,,,
980869697101496,100064197037125,"PC Merchandise","malas naman🥹",,0,"12/09/2022 19:00",,https://www.facebook.com/pcmerchandise.co/posts/pfbid08slClOWgzJE7urN6Xxdi9GYvkoxXS6NTBUJVF0INnaG57DWKJMuIDfQ2,0,0,Photos,,,,,12/23/2022,,,0,0,0,0,0,0,,,,,
980869697101496,100064197037125,"PC Merchandise","malas naman🥹",,0,"12/09/2022 19:00",,https://www.facebook.com/pcmerchandise.co/posts/pfbid08slClOWgzJE7urN6Xxdi9GYvkoxXS6NTBUJVF0INnaG57DWKJMuIDfQ2,0,0,Photos,,,,,12/24/2022,,,0,0,0,0,0,0,,,,,
980869697101496,100064197037125,"PC Merchandise","malas naman🥹",,0,"12/09/2022 19:00",,https://www.facebook.com/pcmerchandise.co/posts/pfbid08slClOWgzJE7urN6Xxdi9GYvkoxXS6NTBUJVF0INnaG57DWKJMuIDfQ2,0,0,Photos,,,,,12/25/2022,,,0,0,0,0,0,0,,,,,
980869697101496,100064197037125,"PC Merchandise","malas naman🥹",,0,"12/09/2022 19:00",,https://www.facebook.com/pcmerchandise.co/posts/pfbid08slClOWgzJE7urN6Xxdi9GYvkoxXS6NTBUJVF0INnaG57DWKJMuIDfQ2,0,0,Photos,,,,,12/26/2022,,,0,0,0,0,0,0,,,,,
980869697101496,100064197037125,"PC Merchandise","malas naman🥹",,0,"12/09/2022 19:00",,https://www.facebook.com/pcmerchandise.co/posts/pfbid08slClOWgzJE7urN6Xxdi9GYvkoxXS6NTBUJVF0INnaG57DWKJMuIDfQ2,0,0,Photos,,,,,12/27/2022,,,0,0,0,0,0,0,,,,,
980869697101496,100064197037125,"PC Merchandise","malas naman🥹",,0,"12/09/2022 19:00",,https://www.facebook.com/pcmerchandise.co/posts/pfbid08slClOWgzJE7urN6Xxdi9GYvkoxXS6NTBUJVF0INnaG57DWKJMuIDfQ2,0,0,Photos,,,,,12/28/2022,,,0,0,0,0,0,0,,,,,
980869697101496,100064197037125,"PC Merchandise","malas naman🥹",,0,"12/09/2022 19:00",,https://www.facebook.com/pcmerchandise.co/posts/pfbid08slClOWgzJE7urN6Xxdi9GYvkoxXS6NTBUJVF0INnaG57DWKJMuIDfQ2,0,0,Photos,,,,,12/29/2022,,,0,0,0,0,0,0,,,,,
980869697101496,100064197037125,"PC Merchandise","malas naman🥹",,0,"12/09/2022 19:00",,https://www.facebook.com/pcmerchandise.co/posts/pfbid08slClOWgzJE7urN6Xxdi9GYvkoxXS6NTBUJVF0INnaG57DWKJMuIDfQ2,0,0,Photos,,,,,12/30/2022,,,0,0,0,0,0,0,,,,,
980869697101496,100064197037125,"PC Merchandise","malas naman🥹",,0,"12/09/2022 19:00",,https://www.facebook.com/pcmerchandise.co/posts/pfbid08slClOWgzJE7urN6Xxdi9GYvkoxXS6NTBUJVF0INnaG57DWKJMuIDfQ2,0,0,Photos,,,,,12/31/2022,,,0,0,0,0,0,0,,,,,
980826643052032,100064197037125,"PC Merchandise","Negosyo starts today! Complete computer shop packages ready. PM now!

𝐂𝐎𝐌𝐒𝐇𝐎𝐏 𝐏𝐑𝐈𝐂𝐄𝐋𝐈𝐒𝐓 >>>
https://pcmerchandise.live/2022-COMSHOP-PACKAGES",,0,"12/08/2022 22:00",,https://www.facebook.com/pcmerchandise.co/posts/pfbid0J4K2DOCFXRd5u22IJC44yfcZjyDPrB97WkQlsSXkbCKr9iv39NK2S1e2,0,0,Photos,,,,,12/31/2022,0,,,,,,,,,,,,
980826643052032,100064197037125,"PC Merchandise","Negosyo starts today! Complete computer shop packages ready. PM now!

𝐂𝐎𝐌𝐒𝐇𝐎𝐏 𝐏𝐑𝐈𝐂𝐄𝐋𝐈𝐒𝐓 >>>
https://pcmerchandise.live/2022-COMSHOP-PACKAGES",,0,"12/08/2022 22:00",,https://www.facebook.com/pcmerchandise.co/posts/pfbid0J4K2DOCFXRd5u22IJC44yfcZjyDPrB97WkQlsSXkbCKr9iv39NK2S1e2,0,0,Photos,,,,,12/01/2022,,,0,0,0,0,0,0,,,,,
980826643052032,100064197037125,"PC Merchandise","Negosyo starts today! Complete computer shop packages ready. PM now!

𝐂𝐎𝐌𝐒𝐇𝐎𝐏 𝐏𝐑𝐈𝐂𝐄𝐋𝐈𝐒𝐓 >>>
https://pcmerchandise.live/2022-COMSHOP-PACKAGES",,0,"12/08/2022 22:00",,https://www.facebook.com/pcmerchandise.co/posts/pfbid0J4K2DOCFXRd5u22IJC44yfcZjyDPrB97WkQlsSXkbCKr9iv39NK2S1e2,0,0,Photos,,,,,12/02/2022,,,0,0,0,0,0,0,,,,,
980826643052032,100064197037125,"PC Merchandise","Negosyo starts today! Complete computer shop packages ready. PM now!

𝐂𝐎𝐌𝐒𝐇𝐎𝐏 𝐏𝐑𝐈𝐂𝐄𝐋𝐈𝐒𝐓 >>>
https://pcmerchandise.live/2022-COMSHOP-PACKAGES",,0,"12/08/2022 22:00",,https://www.facebook.com/pcmerchandise.co/posts/pfbid0J4K2DOCFXRd5u22IJC44yfcZjyDPrB97WkQlsSXkbCKr9iv39NK2S1e2,0,0,Photos,,,,,12/03/2022,,,0,0,0,0,0,0,,,,,
980826643052032,100064197037125,"PC Merchandise","Negosyo starts today! Complete computer shop packages ready. PM now!

𝐂𝐎𝐌𝐒𝐇𝐎𝐏 𝐏𝐑𝐈𝐂𝐄𝐋𝐈𝐒𝐓 >>>
https://pcmerchandise.live/2022-COMSHOP-PACKAGES",,0,"12/08/2022 22:00",,https://www.facebook.com/pcmerchandise.co/posts/pfbid0J4K2DOCFXRd5u22IJC44yfcZjyDPrB97WkQlsSXkbCKr9iv39NK2S1e2,0,0,Photos,,,,,12/04/2022,,,0,0,0,0,0,0,,,,,
980826643052032,100064197037125,"PC Merchandise","Negosyo starts today! Complete computer shop packages ready. PM now!

𝐂𝐎𝐌𝐒𝐇𝐎𝐏 𝐏𝐑𝐈𝐂𝐄𝐋𝐈𝐒𝐓 >>>
https://pcmerchandise.live/2022-COMSHOP-PACKAGES",,0,"12/08/2022 22:00",,https://www.facebook.com/pcmerchandise.co/posts/pfbid0J4K2DOCFXRd5u22IJC44yfcZjyDPrB97WkQlsSXkbCKr9iv39NK2S1e2,0,0,Photos,,,,,12/05/2022,,,0,0,0,0,0,0,,,,,
980826643052032,100064197037125,"PC Merchandise","Negosyo starts today! Complete computer shop packages ready. PM now!

𝐂𝐎𝐌𝐒𝐇𝐎𝐏 𝐏𝐑𝐈𝐂𝐄𝐋𝐈𝐒𝐓 >>>
https://pcmerchandise.live/2022-COMSHOP-PACKAGES",,0,"12/08/2022 22:00",,https://www.facebook.com/pcmerchandise.co/posts/pfbid0J4K2DOCFXRd5u22IJC44yfcZjyDPrB97WkQlsSXkbCKr9iv39NK2S1e2,0,0,Photos,,,,,12/06/2022,,,0,0,0,0,0,0,,,,,
980826643052032,100064197037125,"PC Merchandise","Negosyo starts today! Complete computer shop packages ready. PM now!

𝐂𝐎𝐌𝐒𝐇𝐎𝐏 𝐏𝐑𝐈𝐂𝐄𝐋𝐈𝐒𝐓 >>>
https://pcmerchandise.live/2022-COMSHOP-PACKAGES",,0,"12/08/2022 22:00",,https://www.facebook.com/pcmerchandise.co/posts/pfbid0J4K2DOCFXRd5u22IJC44yfcZjyDPrB97WkQlsSXkbCKr9iv39NK2S1e2,0,0,Photos,,,,,12/07/2022,,,0,0,0,0,0,0,,,,,
980826643052032,100064197037125,"PC Merchandise","Negosyo starts today! Complete computer shop packages ready. PM now!

𝐂𝐎𝐌𝐒𝐇𝐎𝐏 𝐏𝐑𝐈𝐂𝐄𝐋𝐈𝐒𝐓 >>>
https://pcmerchandise.live/2022-COMSHOP-PACKAGES",,0,"12/08/2022 22:00",,https://www.facebook.com/pcmerchandise.co/posts/pfbid0J4K2DOCFXRd5u22IJC44yfcZjyDPrB97WkQlsSXkbCKr9iv39NK2S1e2,0,0,Photos,,,,,12/08/2022,,,0,0,0,0,0,0,,,,,
980826643052032,100064197037125,"PC Merchandise","Negosyo starts today! Complete computer shop packages ready. PM now!

𝐂𝐎𝐌𝐒𝐇𝐎𝐏 𝐏𝐑𝐈𝐂𝐄𝐋𝐈𝐒𝐓 >>>
https://pcmerchandise.live/2022-COMSHOP-PACKAGES",,0,"12/08/2022 22:00",,https://www.facebook.com/pcmerchandise.co/posts/pfbid0J4K2DOCFXRd5u22IJC44yfcZjyDPrB97WkQlsSXkbCKr9iv39NK2S1e2,0,0,Photos,,,,,12/09/2022,,,0,0,0,0,0,0,,,,,
980826643052032,100064197037125,"PC Merchandise","Negosyo starts today! Complete computer shop packages ready. PM now!

𝐂𝐎𝐌𝐒𝐇𝐎𝐏 𝐏𝐑𝐈𝐂𝐄𝐋𝐈𝐒𝐓 >>>
https://pcmerchandise.live/2022-COMSHOP-PACKAGES",,0,"12/08/2022 22:00",,https://www.facebook.com/pcmerchandise.co/posts/pfbid0J4K2DOCFXRd5u22IJC44yfcZjyDPrB97WkQlsSXkbCKr9iv39NK2S1e2,0,0,Photos,,,,,12/10/2022,,,0,0,0,0,0,0,,,,,
980826643052032,100064197037125,"PC Merchandise","Negosyo starts today! Complete computer shop packages ready. PM now!

𝐂𝐎𝐌𝐒𝐇𝐎𝐏 𝐏𝐑𝐈𝐂𝐄𝐋𝐈𝐒𝐓 >>>
https://pcmerchandise.live/2022-COMSHOP-PACKAGES",,0,"12/08/2022 22:00",,https://www.facebook.com/pcmerchandise.co/posts/pfbid0J4K2DOCFXRd5u22IJC44yfcZjyDPrB97WkQlsSXkbCKr9iv39NK2S1e2,0,0,Photos,,,,,12/11/2022,,,0,0,0,0,0,0,,,,,
980826643052032,100064197037125,"PC Merchandise","Negosyo starts today! Complete computer shop packages ready. PM now!

𝐂𝐎𝐌𝐒𝐇𝐎𝐏 𝐏𝐑𝐈𝐂𝐄𝐋𝐈𝐒𝐓 >>>
https://pcmerchandise.live/2022-COMSHOP-PACKAGES",,0,"12/08/2022 22:00",,https://www.facebook.com/pcmerchandise.co/posts/pfbid0J4K2DOCFXRd5u22IJC44yfcZjyDPrB97WkQlsSXkbCKr9iv39NK2S1e2,0,0,Photos,,,,,12/12/2022,,,0,0,0,0,0,0,,,,,
980826643052032,100064197037125,"PC Merchandise","Negosyo starts today! Complete computer shop packages ready. PM now!

𝐂𝐎𝐌𝐒𝐇𝐎𝐏 𝐏𝐑𝐈𝐂𝐄𝐋𝐈𝐒𝐓 >>>
https://pcmerchandise.live/2022-COMSHOP-PACKAGES",,0,"12/08/2022 22:00",,https://www.facebook.com/pcmerchandise.co/posts/pfbid0J4K2DOCFXRd5u22IJC44yfcZjyDPrB97WkQlsSXkbCKr9iv39NK2S1e2,0,0,Photos,,,,,12/13/2022,,,0,0,0,0,0,0,,,,,
980826643052032,100064197037125,"PC Merchandise","Negosyo starts today! Complete computer shop packages ready. PM now!

𝐂𝐎𝐌𝐒𝐇𝐎𝐏 𝐏𝐑𝐈𝐂𝐄𝐋𝐈𝐒𝐓 >>>
https://pcmerchandise.live/2022-COMSHOP-PACKAGES",,0,"12/08/2022 22:00",,https://www.facebook.com/pcmerchandise.co/posts/pfbid0J4K2DOCFXRd5u22IJC44yfcZjyDPrB97WkQlsSXkbCKr9iv39NK2S1e2,0,0,Photos,,,,,12/14/2022,,,0,0,0,0,0,0,,,,,
980826643052032,100064197037125,"PC Merchandise","Negosyo starts today! Complete computer shop packages ready. PM now!

𝐂𝐎𝐌𝐒𝐇𝐎𝐏 𝐏𝐑𝐈𝐂𝐄𝐋𝐈𝐒𝐓 >>>
https://pcmerchandise.live/2022-COMSHOP-PACKAGES",,0,"12/08/2022 22:00",,https://www.facebook.com/pcmerchandise.co/posts/pfbid0J4K2DOCFXRd5u22IJC44yfcZjyDPrB97WkQlsSXkbCKr9iv39NK2S1e2,0,0,Photos,,,,,12/15/2022,,,0,0,0,0,0,0,,,,,
980826643052032,100064197037125,"PC Merchandise","Negosyo starts today! Complete computer shop packages ready. PM now!

𝐂𝐎𝐌𝐒𝐇𝐎𝐏 𝐏𝐑𝐈𝐂𝐄𝐋𝐈𝐒𝐓 >>>
https://pcmerchandise.live/2022-COMSHOP-PACKAGES",,0,"12/08/2022 22:00",,https://www.facebook.com/pcmerchandise.co/posts/pfbid0J4K2DOCFXRd5u22IJC44yfcZjyDPrB97WkQlsSXkbCKr9iv39NK2S1e2,0,0,Photos,,,,,12/16/2022,,,0,0,0,0,0,0,,,,,
980826643052032,100064197037125,"PC Merchandise","Negosyo starts today! Complete computer shop packages ready. PM now!

𝐂𝐎𝐌𝐒𝐇𝐎𝐏 𝐏𝐑𝐈𝐂𝐄𝐋𝐈𝐒𝐓 >>>
https://pcmerchandise.live/2022-COMSHOP-PACKAGES",,0,"12/08/2022 22:00",,https://www.facebook.com/pcmerchandise.co/posts/pfbid0J4K2DOCFXRd5u22IJC44yfcZjyDPrB97WkQlsSXkbCKr9iv39NK2S1e2,0,0,Photos,,,,,12/17/2022,,,0,0,0,0,0,0,,,,,
980826643052032,100064197037125,"PC Merchandise","Negosyo starts today! Complete computer shop packages ready. PM now!

𝐂𝐎𝐌𝐒𝐇𝐎𝐏 𝐏𝐑𝐈𝐂𝐄𝐋𝐈𝐒𝐓 >>>
https://pcmerchandise.live/2022-COMSHOP-PACKAGES",,0,"12/08/2022 22:00",,https://www.facebook.com/pcmerchandise.co/posts/pfbid0J4K2DOCFXRd5u22IJC44yfcZjyDPrB97WkQlsSXkbCKr9iv39NK2S1e2,0,0,Photos,,,,,12/18/2022,,,0,0,0,0,0,0,,,,,
980826643052032,100064197037125,"PC Merchandise","Negosyo starts today! Complete computer shop packages ready. PM now!

𝐂𝐎𝐌𝐒𝐇𝐎𝐏 𝐏𝐑𝐈𝐂𝐄𝐋𝐈𝐒𝐓 >>>
https://pcmerchandise.live/2022-COMSHOP-PACKAGES",,0,"12/08/2022 22:00",,https://www.facebook.com/pcmerchandise.co/posts/pfbid0J4K2DOCFXRd5u22IJC44yfcZjyDPrB97WkQlsSXkbCKr9iv39NK2S1e2,0,0,Photos,,,,,12/19/2022,,,0,0,0,0,0,0,,,,,
980826643052032,100064197037125,"PC Merchandise","Negosyo starts today! Complete computer shop packages ready. PM now!

𝐂𝐎𝐌𝐒𝐇𝐎𝐏 𝐏𝐑𝐈𝐂𝐄𝐋𝐈𝐒𝐓 >>>
https://pcmerchandise.live/2022-COMSHOP-PACKAGES",,0,"12/08/2022 22:00",,https://www.facebook.com/pcmerchandise.co/posts/pfbid0J4K2DOCFXRd5u22IJC44yfcZjyDPrB97WkQlsSXkbCKr9iv39NK2S1e2,0,0,Photos,,,,,12/20/2022,,,0,0,0,0,0,0,,,,,
980826643052032,100064197037125,"PC Merchandise","Negosyo starts today! Complete computer shop packages ready. PM now!

𝐂𝐎𝐌𝐒𝐇𝐎𝐏 𝐏𝐑𝐈𝐂𝐄𝐋𝐈𝐒𝐓 >>>
https://pcmerchandise.live/2022-COMSHOP-PACKAGES",,0,"12/08/2022 22:00",,https://www.facebook.com/pcmerchandise.co/posts/pfbid0J4K2DOCFXRd5u22IJC44yfcZjyDPrB97WkQlsSXkbCKr9iv39NK2S1e2,0,0,Photos,,,,,12/21/2022,,,0,0,0,0,0,0,,,,,
980826643052032,100064197037125,"PC Merchandise","Negosyo starts today! Complete computer shop packages ready. PM now!

𝐂𝐎𝐌𝐒𝐇𝐎𝐏 𝐏𝐑𝐈𝐂𝐄𝐋𝐈𝐒𝐓 >>>
https://pcmerchandise.live/2022-COMSHOP-PACKAGES",,0,"12/08/2022 22:00",,https://www.facebook.com/pcmerchandise.co/posts/pfbid0J4K2DOCFXRd5u22IJC44yfcZjyDPrB97WkQlsSXkbCKr9iv39NK2S1e2,0,0,Photos,,,,,12/22/2022,,,0,0,0,0,0,0,,,,,
980826643052032,100064197037125,"PC Merchandise","Negosyo starts today! Complete computer shop packages ready. PM now!

𝐂𝐎𝐌𝐒𝐇𝐎𝐏 𝐏𝐑𝐈𝐂𝐄𝐋𝐈𝐒𝐓 >>>
https://pcmerchandise.live/2022-COMSHOP-PACKAGES",,0,"12/08/2022 22:00",,https://www.facebook.com/pcmerchandise.co/posts/pfbid0J4K2DOCFXRd5u22IJC44yfcZjyDPrB97WkQlsSXkbCKr9iv39NK2S1e2,0,0,Photos,,,,,12/23/2022,,,0,0,0,0,0,0,,,,,
980826643052032,100064197037125,"PC Merchandise","Negosyo starts today! Complete computer shop packages ready. PM now!

𝐂𝐎𝐌𝐒𝐇𝐎𝐏 𝐏𝐑𝐈𝐂𝐄𝐋𝐈𝐒𝐓 >>>
https://pcmerchandise.live/2022-COMSHOP-PACKAGES",,0,"12/08/2022 22:00",,https://www.facebook.com/pcmerchandise.co/posts/pfbid0J4K2DOCFXRd5u22IJC44yfcZjyDPrB97WkQlsSXkbCKr9iv39NK2S1e2,0,0,Photos,,,,,12/24/2022,,,0,0,0,0,0,0,,,,,
980826643052032,100064197037125,"PC Merchandise","Negosyo starts today! Complete computer shop packages ready. PM now!

𝐂𝐎𝐌𝐒𝐇𝐎𝐏 𝐏𝐑𝐈𝐂𝐄𝐋𝐈𝐒𝐓 >>>
https://pcmerchandise.live/2022-COMSHOP-PACKAGES",,0,"12/08/2022 22:00",,https://www.facebook.com/pcmerchandise.co/posts/pfbid0J4K2DOCFXRd5u22IJC44yfcZjyDPrB97WkQlsSXkbCKr9iv39NK2S1e2,0,0,Photos,,,,,12/25/2022,,,0,0,0,0,0,0,,,,,
980826643052032,100064197037125,"PC Merchandise","Negosyo starts today! Complete computer shop packages ready. PM now!

𝐂𝐎𝐌𝐒𝐇𝐎𝐏 𝐏𝐑𝐈𝐂𝐄𝐋𝐈𝐒𝐓 >>>
https://pcmerchandise.live/2022-COMSHOP-PACKAGES",,0,"12/08/2022 22:00",,https://www.facebook.com/pcmerchandise.co/posts/pfbid0J4K2DOCFXRd5u22IJC44yfcZjyDPrB97WkQlsSXkbCKr9iv39NK2S1e2,0,0,Photos,,,,,12/26/2022,,,0,0,0,0,0,0,,,,,
980826643052032,100064197037125,"PC Merchandise","Negosyo starts today! Complete computer shop packages ready. PM now!

𝐂𝐎𝐌𝐒𝐇𝐎𝐏 𝐏𝐑𝐈𝐂𝐄𝐋𝐈𝐒𝐓 >>>
https://pcmerchandise.live/2022-COMSHOP-PACKAGES",,0,"12/08/2022 22:00",,https://www.facebook.com/pcmerchandise.co/posts/pfbid0J4K2DOCFXRd5u22IJC44yfcZjyDPrB97WkQlsSXkbCKr9iv39NK2S1e2,0,0,Photos,,,,,12/27/2022,,,0,0,0,0,0,0,,,,,
980826643052032,100064197037125,"PC Merchandise","Negosyo starts today! Complete computer shop packages ready. PM now!

𝐂𝐎𝐌𝐒𝐇𝐎𝐏 𝐏𝐑𝐈𝐂𝐄𝐋𝐈𝐒𝐓 >>>
https://pcmerchandise.live/2022-COMSHOP-PACKAGES",,0,"12/08/2022 22:00",,https://www.facebook.com/pcmerchandise.co/posts/pfbid0J4K2DOCFXRd5u22IJC44yfcZjyDPrB97WkQlsSXkbCKr9iv39NK2S1e2,0,0,Photos,,,,,12/28/2022,,,0,0,0,0,0,0,,,,,
980826643052032,100064197037125,"PC Merchandise","Negosyo starts today! Complete computer shop packages ready. PM now!

𝐂𝐎𝐌𝐒𝐇𝐎𝐏 𝐏𝐑𝐈𝐂𝐄𝐋𝐈𝐒𝐓 >>>
https://pcmerchandise.live/2022-COMSHOP-PACKAGES",,0,"12/08/2022 22:00",,https://www.facebook.com/pcmerchandise.co/posts/pfbid0J4K2DOCFXRd5u22IJC44yfcZjyDPrB97WkQlsSXkbCKr9iv39NK2S1e2,0,0,Photos,,,,,12/29/2022,,,0,0,0,0,0,0,,,,,
980826643052032,100064197037125,"PC Merchandise","Negosyo starts today! Complete computer shop packages ready. PM now!

𝐂𝐎𝐌𝐒𝐇𝐎𝐏 𝐏𝐑𝐈𝐂𝐄𝐋𝐈𝐒𝐓 >>>
https://pcmerchandise.live/2022-COMSHOP-PACKAGES",,0,"12/08/2022 22:00",,https://www.facebook.com/pcmerchandise.co/posts/pfbid0J4K2DOCFXRd5u22IJC44yfcZjyDPrB97WkQlsSXkbCKr9iv39NK2S1e2,0,0,Photos,,,,,12/30/2022,,,0,0,0,0,0,0,,,,,
980826643052032,100064197037125,"PC Merchandise","Negosyo starts today! Complete computer shop packages ready. PM now!

𝐂𝐎𝐌𝐒𝐇𝐎𝐏 𝐏𝐑𝐈𝐂𝐄𝐋𝐈𝐒𝐓 >>>
https://pcmerchandise.live/2022-COMSHOP-PACKAGES",,0,"12/08/2022 22:00",,https://www.facebook.com/pcmerchandise.co/posts/pfbid0J4K2DOCFXRd5u22IJC44yfcZjyDPrB97WkQlsSXkbCKr9iv39NK2S1e2,0,0,Photos,,,,,12/31/2022,,,0,0,0,0,0,0,,,,,
980944829427301,100064197037125,"PC Merchandise","𝐢𝟑 𝟏𝟎𝟏𝟎𝟎𝐅 𝟖+𝟏 w/ 𝐆𝐓𝐗 𝟏𝟔𝟓𝟎
𝐆𝐀𝐌𝐈𝐍𝐆 𝐁𝐔𝐈𝐋𝐃
#PCMERCHANDISE #PCMBUILDS",,0,"12/08/2022 17:00",,https://www.facebook.com/pcmerchandise.co/posts/pfbid0U7RW0hbabDU1NyNyOytTemxLjuT9zI8FZ6lK45hOIaHglXM8fMjxlYah,0,0,Photos,,,,,12/31/2022,0,,,,,,,,,,,,
980944829427301,100064197037125,"PC Merchandise","𝐢𝟑 𝟏𝟎𝟏𝟎𝟎𝐅 𝟖+𝟏 w/ 𝐆𝐓𝐗 𝟏𝟔𝟓𝟎
𝐆𝐀𝐌𝐈𝐍𝐆 𝐁𝐔𝐈𝐋𝐃
#PCMERCHANDISE #PCMBUILDS",,0,"12/08/2022 17:00",,https://www.facebook.com/pcmerchandise.co/posts/pfbid0U7RW0hbabDU1NyNyOytTemxLjuT9zI8FZ6lK45hOIaHglXM8fMjxlYah,0,0,Photos,,,,,12/01/2022,,,0,0,0,0,0,0,,,,,
980944829427301,100064197037125,"PC Merchandise","𝐢𝟑 𝟏𝟎𝟏𝟎𝟎𝐅 𝟖+𝟏 w/ 𝐆𝐓𝐗 𝟏𝟔𝟓𝟎
𝐆𝐀𝐌𝐈𝐍𝐆 𝐁𝐔𝐈𝐋𝐃
#PCMERCHANDISE #PCMBUILDS",,0,"12/08/2022 17:00",,https://www.facebook.com/pcmerchandise.co/posts/pfbid0U7RW0hbabDU1NyNyOytTemxLjuT9zI8FZ6lK45hOIaHglXM8fMjxlYah,0,0,Photos,,,,,12/02/2022,,,0,0,0,0,0,0,,,,,
980944829427301,100064197037125,"PC Merchandise","𝐢𝟑 𝟏𝟎𝟏𝟎𝟎𝐅 𝟖+𝟏 w/ 𝐆𝐓𝐗 𝟏𝟔𝟓𝟎
𝐆𝐀𝐌𝐈𝐍𝐆 𝐁𝐔𝐈𝐋𝐃
#PCMERCHANDISE #PCMBUILDS",,0,"12/08/2022 17:00",,https://www.facebook.com/pcmerchandise.co/posts/pfbid0U7RW0hbabDU1NyNyOytTemxLjuT9zI8FZ6lK45hOIaHglXM8fMjxlYah,0,0,Photos,,,,,12/03/2022,,,0,0,0,0,0,0,,,,,
980944829427301,100064197037125,"PC Merchandise","𝐢𝟑 𝟏𝟎𝟏𝟎𝟎𝐅 𝟖+𝟏 w/ 𝐆𝐓𝐗 𝟏𝟔𝟓𝟎
𝐆𝐀𝐌𝐈𝐍𝐆 𝐁𝐔𝐈𝐋𝐃
#PCMERCHANDISE #PCMBUILDS",,0,"12/08/2022 17:00",,https://www.facebook.com/pcmerchandise.co/posts/pfbid0U7RW0hbabDU1NyNyOytTemxLjuT9zI8FZ6lK45hOIaHglXM8fMjxlYah,0,0,Photos,,,,,12/04/2022,,,0,0,0,0,0,0,,,,,
980944829427301,100064197037125,"PC Merchandise","𝐢𝟑 𝟏𝟎𝟏𝟎𝟎𝐅 𝟖+𝟏 w/ 𝐆𝐓𝐗 𝟏𝟔𝟓𝟎
𝐆𝐀𝐌𝐈𝐍𝐆 𝐁𝐔𝐈𝐋𝐃
#PCMERCHANDISE #PCMBUILDS",,0,"12/08/2022 17:00",,https://www.facebook.com/pcmerchandise.co/posts/pfbid0U7RW0hbabDU1NyNyOytTemxLjuT9zI8FZ6lK45hOIaHglXM8fMjxlYah,0,0,Photos,,,,,12/05/2022,,,0,0,0,0,0,0,,,,,
980944829427301,100064197037125,"PC Merchandise","𝐢𝟑 𝟏𝟎𝟏𝟎𝟎𝐅 𝟖+𝟏 w/ 𝐆𝐓𝐗 𝟏𝟔𝟓𝟎
𝐆𝐀𝐌𝐈𝐍𝐆 𝐁𝐔𝐈𝐋𝐃
#PCMERCHANDISE #PCMBUILDS",,0,"12/08/2022 17:00",,https://www.facebook.com/pcmerchandise.co/posts/pfbid0U7RW0hbabDU1NyNyOytTemxLjuT9zI8FZ6lK45hOIaHglXM8fMjxlYah,0,0,Photos,,,,,12/06/2022,,,0,0,0,0,0,0,,,,,
980944829427301,100064197037125,"PC Merchandise","𝐢𝟑 𝟏𝟎𝟏𝟎𝟎𝐅 𝟖+𝟏 w/ 𝐆𝐓𝐗 𝟏𝟔𝟓𝟎
𝐆𝐀𝐌𝐈𝐍𝐆 𝐁𝐔𝐈𝐋𝐃
#PCMERCHANDISE #PCMBUILDS",,0,"12/08/2022 17:00",,https://www.facebook.com/pcmerchandise.co/posts/pfbid0U7RW0hbabDU1NyNyOytTemxLjuT9zI8FZ6lK45hOIaHglXM8fMjxlYah,0,0,Photos,,,,,12/07/2022,,,0,0,0,0,0,0,,,,,
980944829427301,100064197037125,"PC Merchandise","𝐢𝟑 𝟏𝟎𝟏𝟎𝟎𝐅 𝟖+𝟏 w/ 𝐆𝐓𝐗 𝟏𝟔𝟓𝟎
𝐆𝐀𝐌𝐈𝐍𝐆 𝐁𝐔𝐈𝐋𝐃
#PCMERCHANDISE #PCMBUILDS",,0,"12/08/2022 17:00",,https://www.facebook.com/pcmerchandise.co/posts/pfbid0U7RW0hbabDU1NyNyOytTemxLjuT9zI8FZ6lK45hOIaHglXM8fMjxlYah,0,0,Photos,,,,,12/08/2022,,,0,0,0,0,0,0,,,,,
980944829427301,100064197037125,"PC Merchandise","𝐢𝟑 𝟏𝟎𝟏𝟎𝟎𝐅 𝟖+𝟏 w/ 𝐆𝐓𝐗 𝟏𝟔𝟓𝟎
𝐆𝐀𝐌𝐈𝐍𝐆 𝐁𝐔𝐈𝐋𝐃
#PCMERCHANDISE #PCMBUILDS",,0,"12/08/2022 17:00",,https://www.facebook.com/pcmerchandise.co/posts/pfbid0U7RW0hbabDU1NyNyOytTemxLjuT9zI8FZ6lK45hOIaHglXM8fMjxlYah,0,0,Photos,,,,,12/09/2022,,,0,0,0,0,0,0,,,,,
980944829427301,100064197037125,"PC Merchandise","𝐢𝟑 𝟏𝟎𝟏𝟎𝟎𝐅 𝟖+𝟏 w/ 𝐆𝐓𝐗 𝟏𝟔𝟓𝟎
𝐆𝐀𝐌𝐈𝐍𝐆 𝐁𝐔𝐈𝐋𝐃
#PCMERCHANDISE #PCMBUILDS",,0,"12/08/2022 17:00",,https://www.facebook.com/pcmerchandise.co/posts/pfbid0U7RW0hbabDU1NyNyOytTemxLjuT9zI8FZ6lK45hOIaHglXM8fMjxlYah,0,0,Photos,,,,,12/10/2022,,,0,0,0,0,0,0,,,,,
980944829427301,100064197037125,"PC Merchandise","𝐢𝟑 𝟏𝟎𝟏𝟎𝟎𝐅 𝟖+𝟏 w/ 𝐆𝐓𝐗 𝟏𝟔𝟓𝟎
𝐆𝐀𝐌𝐈𝐍𝐆 𝐁𝐔𝐈𝐋𝐃
#PCMERCHANDISE #PCMBUILDS",,0,"12/08/2022 17:00",,https://www.facebook.com/pcmerchandise.co/posts/pfbid0U7RW0hbabDU1NyNyOytTemxLjuT9zI8FZ6lK45hOIaHglXM8fMjxlYah,0,0,Photos,,,,,12/11/2022,,,0,0,0,0,0,0,,,,,
980944829427301,100064197037125,"PC Merchandise","𝐢𝟑 𝟏𝟎𝟏𝟎𝟎𝐅 𝟖+𝟏 w/ 𝐆𝐓𝐗 𝟏𝟔𝟓𝟎
𝐆𝐀𝐌𝐈𝐍𝐆 𝐁𝐔𝐈𝐋𝐃
#PCMERCHANDISE #PCMBUILDS",,0,"12/08/2022 17:00",,https://www.facebook.com/pcmerchandise.co/posts/pfbid0U7RW0hbabDU1NyNyOytTemxLjuT9zI8FZ6lK45hOIaHglXM8fMjxlYah,0,0,Photos,,,,,12/12/2022,,,0,0,0,0,0,0,,,,,
980944829427301,100064197037125,"PC Merchandise","𝐢𝟑 𝟏𝟎𝟏𝟎𝟎𝐅 𝟖+𝟏 w/ 𝐆𝐓𝐗 𝟏𝟔𝟓𝟎
𝐆𝐀𝐌𝐈𝐍𝐆 𝐁𝐔𝐈𝐋𝐃
#PCMERCHANDISE #PCMBUILDS",,0,"12/08/2022 17:00",,https://www.facebook.com/pcmerchandise.co/posts/pfbid0U7RW0hbabDU1NyNyOytTemxLjuT9zI8FZ6lK45hOIaHglXM8fMjxlYah,0,0,Photos,,,,,12/13/2022,,,0,0,0,0,0,0,,,,,
980944829427301,100064197037125,"PC Merchandise","𝐢𝟑 𝟏𝟎𝟏𝟎𝟎𝐅 𝟖+𝟏 w/ 𝐆𝐓𝐗 𝟏𝟔𝟓𝟎
𝐆𝐀𝐌𝐈𝐍𝐆 𝐁𝐔𝐈𝐋𝐃
#PCMERCHANDISE #PCMBUILDS",,0,"12/08/2022 17:00",,https://www.facebook.com/pcmerchandise.co/posts/pfbid0U7RW0hbabDU1NyNyOytTemxLjuT9zI8FZ6lK45hOIaHglXM8fMjxlYah,0,0,Photos,,,,,12/14/2022,,,0,0,0,0,0,0,,,,,
980944829427301,100064197037125,"PC Merchandise","𝐢𝟑 𝟏𝟎𝟏𝟎𝟎𝐅 𝟖+𝟏 w/ 𝐆𝐓𝐗 𝟏𝟔𝟓𝟎
𝐆𝐀𝐌𝐈𝐍𝐆 𝐁𝐔𝐈𝐋𝐃
#PCMERCHANDISE #PCMBUILDS",,0,"12/08/2022 17:00",,https://www.facebook.com/pcmerchandise.co/posts/pfbid0U7RW0hbabDU1NyNyOytTemxLjuT9zI8FZ6lK45hOIaHglXM8fMjxlYah,0,0,Photos,,,,,12/15/2022,,,0,0,0,0,0,0,,,,,
980944829427301,100064197037125,"PC Merchandise","𝐢𝟑 𝟏𝟎𝟏𝟎𝟎𝐅 𝟖+𝟏 w/ 𝐆𝐓𝐗 𝟏𝟔𝟓𝟎
𝐆𝐀𝐌𝐈𝐍𝐆 𝐁𝐔𝐈𝐋𝐃
#PCMERCHANDISE #PCMBUILDS",,0,"12/08/2022 17:00",,https://www.facebook.com/pcmerchandise.co/posts/pfbid0U7RW0hbabDU1NyNyOytTemxLjuT9zI8FZ6lK45hOIaHglXM8fMjxlYah,0,0,Photos,,,,,12/16/2022,,,0,0,0,0,0,0,,,,,
980944829427301,100064197037125,"PC Merchandise","𝐢𝟑 𝟏𝟎𝟏𝟎𝟎𝐅 𝟖+𝟏 w/ 𝐆𝐓𝐗 𝟏𝟔𝟓𝟎
𝐆𝐀𝐌𝐈𝐍𝐆 𝐁𝐔𝐈𝐋𝐃
#PCMERCHANDISE #PCMBUILDS",,0,"12/08/2022 17:00",,https://www.facebook.com/pcmerchandise.co/posts/pfbid0U7RW0hbabDU1NyNyOytTemxLjuT9zI8FZ6lK45hOIaHglXM8fMjxlYah,0,0,Photos,,,,,12/17/2022,,,0,0,0,0,0,0,,,,,
980944829427301,100064197037125,"PC Merchandise","𝐢𝟑 𝟏𝟎𝟏𝟎𝟎𝐅 𝟖+𝟏 w/ 𝐆𝐓𝐗 𝟏𝟔𝟓𝟎
𝐆𝐀𝐌𝐈𝐍𝐆 𝐁𝐔𝐈𝐋𝐃
#PCMERCHANDISE #PCMBUILDS",,0,"12/08/2022 17:00",,https://www.facebook.com/pcmerchandise.co/posts/pfbid0U7RW0hbabDU1NyNyOytTemxLjuT9zI8FZ6lK45hOIaHglXM8fMjxlYah,0,0,Photos,,,,,12/18/2022,,,0,0,0,0,0,0,,,,,
980944829427301,100064197037125,"PC Merchandise","𝐢𝟑 𝟏𝟎𝟏𝟎𝟎𝐅 𝟖+𝟏 w/ 𝐆𝐓𝐗 𝟏𝟔𝟓𝟎
𝐆𝐀𝐌𝐈𝐍𝐆 𝐁𝐔𝐈𝐋𝐃
#PCMERCHANDISE #PCMBUILDS",,0,"12/08/2022 17:00",,https://www.facebook.com/pcmerchandise.co/posts/pfbid0U7RW0hbabDU1NyNyOytTemxLjuT9zI8FZ6lK45hOIaHglXM8fMjxlYah,0,0,Photos,,,,,12/19/2022,,,0,0,0,0,0,0,,,,,
980944829427301,100064197037125,"PC Merchandise","𝐢𝟑 𝟏𝟎𝟏𝟎𝟎𝐅 𝟖+𝟏 w/ 𝐆𝐓𝐗 𝟏𝟔𝟓𝟎
𝐆𝐀𝐌𝐈𝐍𝐆 𝐁𝐔𝐈𝐋𝐃
#PCMERCHANDISE #PCMBUILDS",,0,"12/08/2022 17:00",,https://www.facebook.com/pcmerchandise.co/posts/pfbid0U7RW0hbabDU1NyNyOytTemxLjuT9zI8FZ6lK45hOIaHglXM8fMjxlYah,0,0,Photos,,,,,12/20/2022,,,0,0,0,0,0,0,,,,,
980944829427301,100064197037125,"PC Merchandise","𝐢𝟑 𝟏𝟎𝟏𝟎𝟎𝐅 𝟖+𝟏 w/ 𝐆𝐓𝐗 𝟏𝟔𝟓𝟎
𝐆𝐀𝐌𝐈𝐍𝐆 𝐁𝐔𝐈𝐋𝐃
#PCMERCHANDISE #PCMBUILDS",,0,"12/08/2022 17:00",,https://www.facebook.com/pcmerchandise.co/posts/pfbid0U7RW0hbabDU1NyNyOytTemxLjuT9zI8FZ6lK45hOIaHglXM8fMjxlYah,0,0,Photos,,,,,12/21/2022,,,0,0,0,0,0,0,,,,,
980944829427301,100064197037125,"PC Merchandise","𝐢𝟑 𝟏𝟎𝟏𝟎𝟎𝐅 𝟖+𝟏 w/ 𝐆𝐓𝐗 𝟏𝟔𝟓𝟎
𝐆𝐀𝐌𝐈𝐍𝐆 𝐁𝐔𝐈𝐋𝐃
#PCMERCHANDISE #PCMBUILDS",,0,"12/08/2022 17:00",,https://www.facebook.com/pcmerchandise.co/posts/pfbid0U7RW0hbabDU1NyNyOytTemxLjuT9zI8FZ6lK45hOIaHglXM8fMjxlYah,0,0,Photos,,,,,12/22/2022,,,0,0,0,0,0,0,,,,,
980944829427301,100064197037125,"PC Merchandise","𝐢𝟑 𝟏𝟎𝟏𝟎𝟎𝐅 𝟖+𝟏 w/ 𝐆𝐓𝐗 𝟏𝟔𝟓𝟎
𝐆𝐀𝐌𝐈𝐍𝐆 𝐁𝐔𝐈𝐋𝐃
#PCMERCHANDISE #PCMBUILDS",,0,"12/08/2022 17:00",,https://www.facebook.com/pcmerchandise.co/posts/pfbid0U7RW0hbabDU1NyNyOytTemxLjuT9zI8FZ6lK45hOIaHglXM8fMjxlYah,0,0,Photos,,,,,12/23/2022,,,0,0,0,0,0,0,,,,,
980944829427301,100064197037125,"PC Merchandise","𝐢𝟑 𝟏𝟎𝟏𝟎𝟎𝐅 𝟖+𝟏 w/ 𝐆𝐓𝐗 𝟏𝟔𝟓𝟎
𝐆𝐀𝐌𝐈𝐍𝐆 𝐁𝐔𝐈𝐋𝐃
#PCMERCHANDISE #PCMBUILDS",,0,"12/08/2022 17:00",,https://www.facebook.com/pcmerchandise.co/posts/pfbid0U7RW0hbabDU1NyNyOytTemxLjuT9zI8FZ6lK45hOIaHglXM8fMjxlYah,0,0,Photos,,,,,12/24/2022,,,0,0,0,0,0,0,,,,,
980944829427301,100064197037125,"PC Merchandise","𝐢𝟑 𝟏𝟎𝟏𝟎𝟎𝐅 𝟖+𝟏 w/ 𝐆𝐓𝐗 𝟏𝟔𝟓𝟎
𝐆𝐀𝐌𝐈𝐍𝐆 𝐁𝐔𝐈𝐋𝐃
#PCMERCHANDISE #PCMBUILDS",,0,"12/08/2022 17:00",,https://www.facebook.com/pcmerchandise.co/posts/pfbid0U7RW0hbabDU1NyNyOytTemxLjuT9zI8FZ6lK45hOIaHglXM8fMjxlYah,0,0,Photos,,,,,12/25/2022,,,0,0,0,0,0,0,,,,,
980944829427301,100064197037125,"PC Merchandise","𝐢𝟑 𝟏𝟎𝟏𝟎𝟎𝐅 𝟖+𝟏 w/ 𝐆𝐓𝐗 𝟏𝟔𝟓𝟎
𝐆𝐀𝐌𝐈𝐍𝐆 𝐁𝐔𝐈𝐋𝐃
#PCMERCHANDISE #PCMBUILDS",,0,"12/08/2022 17:00",,https://www.facebook.com/pcmerchandise.co/posts/pfbid0U7RW0hbabDU1NyNyOytTemxLjuT9zI8FZ6lK45hOIaHglXM8fMjxlYah,0,0,Photos,,,,,12/26/2022,,,0,0,0,0,0,0,,,,,
980944829427301,100064197037125,"PC Merchandise","𝐢𝟑 𝟏𝟎𝟏𝟎𝟎𝐅 𝟖+𝟏 w/ 𝐆𝐓𝐗 𝟏𝟔𝟓𝟎
𝐆𝐀𝐌𝐈𝐍𝐆 𝐁𝐔𝐈𝐋𝐃
#PCMERCHANDISE #PCMBUILDS",,0,"12/08/2022 17:00",,https://www.facebook.com/pcmerchandise.co/posts/pfbid0U7RW0hbabDU1NyNyOytTemxLjuT9zI8FZ6lK45hOIaHglXM8fMjxlYah,0,0,Photos,,,,,12/27/2022,,,0,0,0,0,0,0,,,,,
980944829427301,100064197037125,"PC Merchandise","𝐢𝟑 𝟏𝟎𝟏𝟎𝟎𝐅 𝟖+𝟏 w/ 𝐆𝐓𝐗 𝟏𝟔𝟓𝟎
𝐆𝐀𝐌𝐈𝐍𝐆 𝐁𝐔𝐈𝐋𝐃
#PCMERCHANDISE #PCMBUILDS",,0,"12/08/2022 17:00",,https://www.facebook.com/pcmerchandise.co/posts/pfbid0U7RW0hbabDU1NyNyOytTemxLjuT9zI8FZ6lK45hOIaHglXM8fMjxlYah,0,0,Photos,,,,,12/28/2022,,,0,0,0,0,0,0,,,,,
980944829427301,100064197037125,"PC Merchandise","𝐢𝟑 𝟏𝟎𝟏𝟎𝟎𝐅 𝟖+𝟏 w/ 𝐆𝐓𝐗 𝟏𝟔𝟓𝟎
𝐆𝐀𝐌𝐈𝐍𝐆 𝐁𝐔𝐈𝐋𝐃
#PCMERCHANDISE #PCMBUILDS",,0,"12/08/2022 17:00",,https://www.facebook.com/pcmerchandise.co/posts/pfbid0U7RW0hbabDU1NyNyOytTemxLjuT9zI8FZ6lK45hOIaHglXM8fMjxlYah,0,0,Photos,,,,,12/29/2022,,,0,0,0,0,0,0,,,,,
980944829427301,100064197037125,"PC Merchandise","𝐢𝟑 𝟏𝟎𝟏𝟎𝟎𝐅 𝟖+𝟏 w/ 𝐆𝐓𝐗 𝟏𝟔𝟓𝟎
𝐆𝐀𝐌𝐈𝐍𝐆 𝐁𝐔𝐈𝐋𝐃
#PCMERCHANDISE #PCMBUILDS",,0,"12/08/2022 17:00",,https://www.facebook.com/pcmerchandise.co/posts/pfbid0U7RW0hbabDU1NyNyOytTemxLjuT9zI8FZ6lK45hOIaHglXM8fMjxlYah,0,0,Photos,,,,,12/30/2022,,,0,0,0,0,0,0,,,,,
980944829427301,100064197037125,"PC Merchandise","𝐢𝟑 𝟏𝟎𝟏𝟎𝟎𝐅 𝟖+𝟏 w/ 𝐆𝐓𝐗 𝟏𝟔𝟓𝟎
𝐆𝐀𝐌𝐈𝐍𝐆 𝐁𝐔𝐈𝐋𝐃
#PCMERCHANDISE #PCMBUILDS",,0,"12/08/2022 17:00",,https://www.facebook.com/pcmerchandise.co/posts/pfbid0U7RW0hbabDU1NyNyOytTemxLjuT9zI8FZ6lK45hOIaHglXM8fMjxlYah,0,0,Photos,,,,,12/31/2022,,,0,0,0,0,0,0,,,,,
980715581733527,100064197037125,"PC Merchandise","客户 satisfied ✅ RYZEN 5 3400G build with RGB everything 🌈",,0,"12/07/2022 20:00",,https://www.facebook.com/pcmerchandise.co/posts/pfbid0IUBN9NtRgkGrUaYik1sdYVktjVNaBjjYxgt1acqowA3Emc9BwHyR6oeq,0,0,Photos,,,,,12/31/2022,2,,,,,,,,,,,,
980715581733527,100064197037125,"PC Merchandise","客户 satisfied ✅ RYZEN 5 3400G build with RGB everything 🌈",,0,"12/07/2022 20:00",,https://www.facebook.com/pcmerchandise.co/posts/pfbid0IUBN9NtRgkGrUaYik1sdYVktjVNaBjjYxgt1acqowA3Emc9BwHyR6oeq,0,0,Photos,,,,,12/01/2022,,,0,0,0,0,0,0,,,,,
980715581733527,100064197037125,"PC Merchandise","客户 satisfied ✅ RYZEN 5 3400G build with RGB everything 🌈",,0,"12/07/2022 20:00",,https://www.facebook.com/pcmerchandise.co/posts/pfbid0IUBN9NtRgkGrUaYik1sdYVktjVNaBjjYxgt1acqowA3Emc9BwHyR6oeq,0,0,Photos,,,,,12/02/2022,,,0,0,0,0,0,0,,,,,
980715581733527,100064197037125,"PC Merchandise","客户 satisfied ✅ RYZEN 5 3400G build with RGB everything 🌈",,0,"12/07/2022 20:00",,https://www.facebook.com/pcmerchandise.co/posts/pfbid0IUBN9NtRgkGrUaYik1sdYVktjVNaBjjYxgt1acqowA3Emc9BwHyR6oeq,0,0,Photos,,,,,12/03/2022,,,0,0,0,0,0,0,,,,,
980715581733527,100064197037125,"PC Merchandise","客户 satisfied ✅ RYZEN 5 3400G build with RGB everything 🌈",,0,"12/07/2022 20:00",,https://www.facebook.com/pcmerchandise.co/posts/pfbid0IUBN9NtRgkGrUaYik1sdYVktjVNaBjjYxgt1acqowA3Emc9BwHyR6oeq,0,0,Photos,,,,,12/04/2022,,,0,0,0,0,0,0,,,,,
980715581733527,100064197037125,"PC Merchandise","客户 satisfied ✅ RYZEN 5 3400G build with RGB everything 🌈",,0,"12/07/2022 20:00",,https://www.facebook.com/pcmerchandise.co/posts/pfbid0IUBN9NtRgkGrUaYik1sdYVktjVNaBjjYxgt1acqowA3Emc9BwHyR6oeq,0,0,Photos,,,,,12/05/2022,,,0,0,0,0,0,0,,,,,
980715581733527,100064197037125,"PC Merchandise","客户 satisfied ✅ RYZEN 5 3400G build with RGB everything 🌈",,0,"12/07/2022 20:00",,https://www.facebook.com/pcmerchandise.co/posts/pfbid0IUBN9NtRgkGrUaYik1sdYVktjVNaBjjYxgt1acqowA3Emc9BwHyR6oeq,0,0,Photos,,,,,12/06/2022,,,0,0,0,0,0,0,,,,,
980715581733527,100064197037125,"PC Merchandise","客户 satisfied ✅ RYZEN 5 3400G build with RGB everything 🌈",,0,"12/07/2022 20:00",,https://www.facebook.com/pcmerchandise.co/posts/pfbid0IUBN9NtRgkGrUaYik1sdYVktjVNaBjjYxgt1acqowA3Emc9BwHyR6oeq,0,0,Photos,,,,,12/07/2022,,,0,0,0,0,0,0,,,,,
980715581733527,100064197037125,"PC Merchandise","客户 satisfied ✅ RYZEN 5 3400G build with RGB everything 🌈",,0,"12/07/2022 20:00",,https://www.facebook.com/pcmerchandise.co/posts/pfbid0IUBN9NtRgkGrUaYik1sdYVktjVNaBjjYxgt1acqowA3Emc9BwHyR6oeq,0,0,Photos,,,,,12/08/2022,,,0,0,0,0,0,0,,,,,
980715581733527,100064197037125,"PC Merchandise","客户 satisfied ✅ RYZEN 5 3400G build with RGB everything 🌈",,0,"12/07/2022 20:00",,https://www.facebook.com/pcmerchandise.co/posts/pfbid0IUBN9NtRgkGrUaYik1sdYVktjVNaBjjYxgt1acqowA3Emc9BwHyR6oeq,0,0,Photos,,,,,12/09/2022,,,0,0,0,0,0,0,,,,,
980715581733527,100064197037125,"PC Merchandise","客户 satisfied ✅ RYZEN 5 3400G build with RGB everything 🌈",,0,"12/07/2022 20:00",,https://www.facebook.com/pcmerchandise.co/posts/pfbid0IUBN9NtRgkGrUaYik1sdYVktjVNaBjjYxgt1acqowA3Emc9BwHyR6oeq,0,0,Photos,,,,,12/10/2022,,,0,0,0,0,0,0,,,,,
980715581733527,100064197037125,"PC Merchandise","客户 satisfied ✅ RYZEN 5 3400G build with RGB everything 🌈",,0,"12/07/2022 20:00",,https://www.facebook.com/pcmerchandise.co/posts/pfbid0IUBN9NtRgkGrUaYik1sdYVktjVNaBjjYxgt1acqowA3Emc9BwHyR6oeq,0,0,Photos,,,,,12/11/2022,,,0,0,0,0,0,0,,,,,
980715581733527,100064197037125,"PC Merchandise","客户 satisfied ✅ RYZEN 5 3400G build with RGB everything 🌈",,0,"12/07/2022 20:00",,https://www.facebook.com/pcmerchandise.co/posts/pfbid0IUBN9NtRgkGrUaYik1sdYVktjVNaBjjYxgt1acqowA3Emc9BwHyR6oeq,0,0,Photos,,,,,12/12/2022,,,0,0,0,0,0,0,,,,,
980715581733527,100064197037125,"PC Merchandise","客户 satisfied ✅ RYZEN 5 3400G build with RGB everything 🌈",,0,"12/07/2022 20:00",,https://www.facebook.com/pcmerchandise.co/posts/pfbid0IUBN9NtRgkGrUaYik1sdYVktjVNaBjjYxgt1acqowA3Emc9BwHyR6oeq,0,0,Photos,,,,,12/13/2022,,,0,0,0,0,0,0,,,,,
980715581733527,100064197037125,"PC Merchandise","客户 satisfied ✅ RYZEN 5 3400G build with RGB everything 🌈",,0,"12/07/2022 20:00",,https://www.facebook.com/pcmerchandise.co/posts/pfbid0IUBN9NtRgkGrUaYik1sdYVktjVNaBjjYxgt1acqowA3Emc9BwHyR6oeq,0,0,Photos,,,,,12/14/2022,,,0,0,0,0,0,0,,,,,
980715581733527,100064197037125,"PC Merchandise","客户 satisfied ✅ RYZEN 5 3400G build with RGB everything 🌈",,0,"12/07/2022 20:00",,https://www.facebook.com/pcmerchandise.co/posts/pfbid0IUBN9NtRgkGrUaYik1sdYVktjVNaBjjYxgt1acqowA3Emc9BwHyR6oeq,0,0,Photos,,,,,12/15/2022,,,0,0,0,0,0,0,,,,,
980715581733527,100064197037125,"PC Merchandise","客户 satisfied ✅ RYZEN 5 3400G build with RGB everything 🌈",,0,"12/07/2022 20:00",,https://www.facebook.com/pcmerchandise.co/posts/pfbid0IUBN9NtRgkGrUaYik1sdYVktjVNaBjjYxgt1acqowA3Emc9BwHyR6oeq,0,0,Photos,,,,,12/16/2022,,,0,0,0,0,0,0,,,,,
980715581733527,100064197037125,"PC Merchandise","客户 satisfied ✅ RYZEN 5 3400G build with RGB everything 🌈",,0,"12/07/2022 20:00",,https://www.facebook.com/pcmerchandise.co/posts/pfbid0IUBN9NtRgkGrUaYik1sdYVktjVNaBjjYxgt1acqowA3Emc9BwHyR6oeq,0,0,Photos,,,,,12/17/2022,,,0,0,0,0,0,0,,,,,
980715581733527,100064197037125,"PC Merchandise","客户 satisfied ✅ RYZEN 5 3400G build with RGB everything 🌈",,0,"12/07/2022 20:00",,https://www.facebook.com/pcmerchandise.co/posts/pfbid0IUBN9NtRgkGrUaYik1sdYVktjVNaBjjYxgt1acqowA3Emc9BwHyR6oeq,0,0,Photos,,,,,12/18/2022,,,0,0,0,0,0,0,,,,,
980715581733527,100064197037125,"PC Merchandise","客户 satisfied ✅ RYZEN 5 3400G build with RGB everything 🌈",,0,"12/07/2022 20:00",,https://www.facebook.com/pcmerchandise.co/posts/pfbid0IUBN9NtRgkGrUaYik1sdYVktjVNaBjjYxgt1acqowA3Emc9BwHyR6oeq,0,0,Photos,,,,,12/19/2022,,,0,0,0,0,0,0,,,,,
980715581733527,100064197037125,"PC Merchandise","客户 satisfied ✅ RYZEN 5 3400G build with RGB everything 🌈",,0,"12/07/2022 20:00",,https://www.facebook.com/pcmerchandise.co/posts/pfbid0IUBN9NtRgkGrUaYik1sdYVktjVNaBjjYxgt1acqowA3Emc9BwHyR6oeq,0,0,Photos,,,,,12/20/2022,,,0,0,0,0,0,0,,,,,
980715581733527,100064197037125,"PC Merchandise","客户 satisfied ✅ RYZEN 5 3400G build with RGB everything 🌈",,0,"12/07/2022 20:00",,https://www.facebook.com/pcmerchandise.co/posts/pfbid0IUBN9NtRgkGrUaYik1sdYVktjVNaBjjYxgt1acqowA3Emc9BwHyR6oeq,0,0,Photos,,,,,12/21/2022,,,0,0,0,0,0,0,,,,,
980715581733527,100064197037125,"PC Merchandise","客户 satisfied ✅ RYZEN 5 3400G build with RGB everything 🌈",,0,"12/07/2022 20:00",,https://www.facebook.com/pcmerchandise.co/posts/pfbid0IUBN9NtRgkGrUaYik1sdYVktjVNaBjjYxgt1acqowA3Emc9BwHyR6oeq,0,0,Photos,,,,,12/22/2022,,,0,0,0,0,0,0,,,,,
980715581733527,100064197037125,"PC Merchandise","客户 satisfied ✅ RYZEN 5 3400G build with RGB everything 🌈",,0,"12/07/2022 20:00",,https://www.facebook.com/pcmerchandise.co/posts/pfbid0IUBN9NtRgkGrUaYik1sdYVktjVNaBjjYxgt1acqowA3Emc9BwHyR6oeq,0,0,Photos,,,,,12/23/2022,,,0,0,0,0,0,0,,,,,
980715581733527,100064197037125,"PC Merchandise","客户 satisfied ✅ RYZEN 5 3400G build with RGB everything 🌈",,0,"12/07/2022 20:00",,https://www.facebook.com/pcmerchandise.co/posts/pfbid0IUBN9NtRgkGrUaYik1sdYVktjVNaBjjYxgt1acqowA3Emc9BwHyR6oeq,0,0,Photos,,,,,12/24/2022,,,0,0,0,0,0,0,,,,,
980715581733527,100064197037125,"PC Merchandise","客户 satisfied ✅ RYZEN 5 3400G build with RGB everything 🌈",,0,"12/07/2022 20:00",,https://www.facebook.com/pcmerchandise.co/posts/pfbid0IUBN9NtRgkGrUaYik1sdYVktjVNaBjjYxgt1acqowA3Emc9BwHyR6oeq,0,0,Photos,,,,,12/25/2022,,,0,0,0,0,0,0,,,,,
980715581733527,100064197037125,"PC Merchandise","客户 satisfied ✅ RYZEN 5 3400G build with RGB everything 🌈",,0,"12/07/2022 20:00",,https://www.facebook.com/pcmerchandise.co/posts/pfbid0IUBN9NtRgkGrUaYik1sdYVktjVNaBjjYxgt1acqowA3Emc9BwHyR6oeq,0,0,Photos,,,,,12/26/2022,,,0,0,0,0,0,0,,,,,
980715581733527,100064197037125,"PC Merchandise","客户 satisfied ✅ RYZEN 5 3400G build with RGB everything 🌈",,0,"12/07/2022 20:00",,https://www.facebook.com/pcmerchandise.co/posts/pfbid0IUBN9NtRgkGrUaYik1sdYVktjVNaBjjYxgt1acqowA3Emc9BwHyR6oeq,0,0,Photos,,,,,12/27/2022,,,0,0,0,0,0,0,,,,,
980715581733527,100064197037125,"PC Merchandise","客户 satisfied ✅ RYZEN 5 3400G build with RGB everything 🌈",,0,"12/07/2022 20:00",,https://www.facebook.com/pcmerchandise.co/posts/pfbid0IUBN9NtRgkGrUaYik1sdYVktjVNaBjjYxgt1acqowA3Emc9BwHyR6oeq,0,0,Photos,,,,,12/28/2022,,,0,0,0,0,0,0,,,,,
980715581733527,100064197037125,"PC Merchandise","客户 satisfied ✅ RYZEN 5 3400G build with RGB everything 🌈",,0,"12/07/2022 20:00",,https://www.facebook.com/pcmerchandise.co/posts/pfbid0IUBN9NtRgkGrUaYik1sdYVktjVNaBjjYxgt1acqowA3Emc9BwHyR6oeq,0,0,Photos,,,,,12/29/2022,,,0,0,0,0,0,0,,,,,
980715581733527,100064197037125,"PC Merchandise","客户 satisfied ✅ RYZEN 5 3400G build with RGB everything 🌈",,0,"12/07/2022 20:00",,https://www.facebook.com/pcmerchandise.co/posts/pfbid0IUBN9NtRgkGrUaYik1sdYVktjVNaBjjYxgt1acqowA3Emc9BwHyR6oeq,0,0,Photos,,,,,12/30/2022,,,0,0,0,0,0,0,,,,,
980715581733527,100064197037125,"PC Merchandise","客户 satisfied ✅ RYZEN 5 3400G build with RGB everything 🌈",,0,"12/07/2022 20:00",,https://www.facebook.com/pcmerchandise.co/posts/pfbid0IUBN9NtRgkGrUaYik1sdYVktjVNaBjjYxgt1acqowA3Emc9BwHyR6oeq,0,0,Photos,,,,,12/31/2022,,,0,0,0,0,0,0,,,,,
980994651383337,100064197037125,"PC Merchandise","Do you want an aesthetic build that matches your gaming needs? i3 10100F builds available now!",,71,"12/07/2022 19:15",uploaded,https://www.facebook.com/reel/1278406283547326/,0,0,Reels,,,,,12/01/2022,0,,,,,,0,0,0,0,0,0.000,4.539
980994651383337,100064197037125,"PC Merchandise","Do you want an aesthetic build that matches your gaming needs? i3 10100F builds available now!",,71,"12/07/2022 19:15",uploaded,https://www.facebook.com/reel/1278406283547326/,0,0,Reels,,,,,12/02/2022,0,,,,,,0,0,0,0,0,0.000,4.682
980994651383337,100064197037125,"PC Merchandise","Do you want an aesthetic build that matches your gaming needs? i3 10100F builds available now!",,71,"12/07/2022 19:15",uploaded,https://www.facebook.com/reel/1278406283547326/,0,0,Reels,,,,,12/03/2022,0,,,,,,0,0,0,0,0,0.000,5.029
980994651383337,100064197037125,"PC Merchandise","Do you want an aesthetic build that matches your gaming needs? i3 10100F builds available now!",,71,"12/07/2022 19:15",uploaded,https://www.facebook.com/reel/1278406283547326/,0,0,Reels,,,,,12/04/2022,0,,,,,,0,0,0,0,0,0.000,2.637
980994651383337,100064197037125,"PC Merchandise","Do you want an aesthetic build that matches your gaming needs? i3 10100F builds available now!",,71,"12/07/2022 19:15",uploaded,https://www.facebook.com/reel/1278406283547326/,0,0,Reels,,,,,12/05/2022,0,,,,,,0,0,0,0,0,0.000,5.285
980994651383337,100064197037125,"PC Merchandise","Do you want an aesthetic build that matches your gaming needs? i3 10100F builds available now!",,71,"12/07/2022 19:15",uploaded,https://www.facebook.com/reel/1278406283547326/,0,0,Reels,,,,,12/06/2022,0,,,,,,0,0,0,0,0,0.000,2.603
980994651383337,100064197037125,"PC Merchandise","Do you want an aesthetic build that matches your gaming needs? i3 10100F builds available now!",,71,"12/07/2022 19:15",uploaded,https://www.facebook.com/reel/1278406283547326/,0,0,Reels,,,,,12/07/2022,0,,,,,,0,0,0,0,0,17.677,4.961
980994651383337,100064197037125,"PC Merchandise","Do you want an aesthetic build that matches your gaming needs? i3 10100F builds available now!",,71,"12/07/2022 19:15",uploaded,https://www.facebook.com/reel/1278406283547326/,0,0,Reels,,,,,12/08/2022,0,,,,,,0,0,2,1,1,22.757,4.302
980994651383337,100064197037125,"PC Merchandise","Do you want an aesthetic build that matches your gaming needs? i3 10100F builds available now!",,71,"12/07/2022 19:15",uploaded,https://www.facebook.com/reel/1278406283547326/,0,0,Reels,,,,,12/09/2022,0,,,,,,0,0,0,0,0,7.989,4.495
980994651383337,100064197037125,"PC Merchandise","Do you want an aesthetic build that matches your gaming needs? i3 10100F builds available now!",,71,"12/07/2022 19:15",uploaded,https://www.facebook.com/reel/1278406283547326/,0,0,Reels,,,,,12/10/2022,0,,,,,,0,0,0,0,0,9.916,5.324
980994651383337,100064197037125,"PC Merchandise","Do you want an aesthetic build that matches your gaming needs? i3 10100F builds available now!",,71,"12/07/2022 19:15",uploaded,https://www.facebook.com/reel/1278406283547326/,0,0,Reels,,,,,12/11/2022,0,,,,,,0,0,0,0,0,12.683,4.176
980994651383337,100064197037125,"PC Merchandise","Do you want an aesthetic build that matches your gaming needs? i3 10100F builds available now!",,71,"12/07/2022 19:15",uploaded,https://www.facebook.com/reel/1278406283547326/,0,0,Reels,,,,,12/12/2022,0,,,,,,0,0,0,0,0,6.027,4.386
980994651383337,100064197037125,"PC Merchandise","Do you want an aesthetic build that matches your gaming needs? i3 10100F builds available now!",,71,"12/07/2022 19:15",uploaded,https://www.facebook.com/reel/1278406283547326/,0,0,Reels,,,,,12/13/2022,0,,,,,,0,0,0,0,0,6.221,5.258
980994651383337,100064197037125,"PC Merchandise","Do you want an aesthetic build that matches your gaming needs? i3 10100F builds available now!",,71,"12/07/2022 19:15",uploaded,https://www.facebook.com/reel/1278406283547326/,0,0,Reels,,,,,12/14/2022,0,,,,,,0,0,0,0,0,3.481,4.509
980994651383337,100064197037125,"PC Merchandise","Do you want an aesthetic build that matches your gaming needs? i3 10100F builds available now!",,71,"12/07/2022 19:15",uploaded,https://www.facebook.com/reel/1278406283547326/,0,0,Reels,,,,,12/15/2022,0,,,,,,0,0,0,0,0,4.075,3.475
980994651383337,100064197037125,"PC Merchandise","Do you want an aesthetic build that matches your gaming needs? i3 10100F builds available now!",,71,"12/07/2022 19:15",uploaded,https://www.facebook.com/reel/1278406283547326/,0,0,Reels,,,,,12/16/2022,0,,,,,,0,0,0,0,0,1.649,3.183
980994651383337,100064197037125,"PC Merchandise","Do you want an aesthetic build that matches your gaming needs? i3 10100F builds available now!",,71,"12/07/2022 19:15",uploaded,https://www.facebook.com/reel/1278406283547326/,0,0,Reels,,,,,12/17/2022,0,,,,,,0,0,0,0,0,2.397,6.702
980994651383337,100064197037125,"PC Merchandise","Do you want an aesthetic build that matches your gaming needs? i3 10100F builds available now!",,71,"12/07/2022 19:15",uploaded,https://www.facebook.com/reel/1278406283547326/,0,0,Reels,,,,,12/18/2022,0,,,,,,0,0,0,0,0,2.221,4.786
980994651383337,100064197037125,"PC Merchandise","Do you want an aesthetic build that matches your gaming needs? i3 10100F builds available now!",,71,"12/07/2022 19:15",uploaded,https://www.facebook.com/reel/1278406283547326/,0,0,Reels,,,,,12/19/2022,0,,,,,,0,0,0,0,0,1.523,4.609
980994651383337,100064197037125,"PC Merchandise","Do you want an aesthetic build that matches your gaming needs? i3 10100F builds available now!",,71,"12/07/2022 19:15",uploaded,https://www.facebook.com/reel/1278406283547326/,0,0,Reels,,,,,12/20/2022,0,,,,,,0,0,0,0,0,1.415,5.052
980994651383337,100064197037125,"PC Merchandise","Do you want an aesthetic build that matches your gaming needs? i3 10100F builds available now!",,71,"12/07/2022 19:15",uploaded,https://www.facebook.com/reel/1278406283547326/,0,0,Reels,,,,,12/21/2022,0,,,,,,0,0,0,0,0,1.689,4.479
980994651383337,100064197037125,"PC Merchandise","Do you want an aesthetic build that matches your gaming needs? i3 10100F builds available now!",,71,"12/07/2022 19:15",uploaded,https://www.facebook.com/reel/1278406283547326/,0,0,Reels,,,,,12/22/2022,0,,,,,,0,0,0,0,0,0.885,6.772
980994651383337,100064197037125,"PC Merchandise","Do you want an aesthetic build that matches your gaming needs? i3 10100F builds available now!",,71,"12/07/2022 19:15",uploaded,https://www.facebook.com/reel/1278406283547326/,0,0,Reels,,,,,12/23/2022,0,,,,,,0,0,0,0,0,1.127,5.591
980994651383337,100064197037125,"PC Merchandise","Do you want an aesthetic build that matches your gaming needs? i3 10100F builds available now!",,71,"12/07/2022 19:15",uploaded,https://www.facebook.com/reel/1278406283547326/,0,0,Reels,,,,,12/24/2022,0,,,,,,0,0,0,0,0,1.068,4.351
980994651383337,100064197037125,"PC Merchandise","Do you want an aesthetic build that matches your gaming needs? i3 10100F builds available now!",,71,"12/07/2022 19:15",uploaded,https://www.facebook.com/reel/1278406283547326/,0,0,Reels,,,,,12/25/2022,0,,,,,,0,0,0,0,0,0.721,4.741
980994651383337,100064197037125,"PC Merchandise","Do you want an aesthetic build that matches your gaming needs? i3 10100F builds available now!",,71,"12/07/2022 19:15",uploaded,https://www.facebook.com/reel/1278406283547326/,0,0,Reels,,,,,12/26/2022,0,,,,,,0,0,0,0,0,0.783,6.206
980994651383337,100064197037125,"PC Merchandise","Do you want an aesthetic build that matches your gaming needs? i3 10100F builds available now!",,71,"12/07/2022 19:15",uploaded,https://www.facebook.com/reel/1278406283547326/,0,0,Reels,,,,,12/27/2022,0,,,,,,0,0,0,0,0,0.768,3.356
980994651383337,100064197037125,"PC Merchandise","Do you want an aesthetic build that matches your gaming needs? i3 10100F builds available now!",,71,"12/07/2022 19:15",uploaded,https://www.facebook.com/reel/1278406283547326/,0,0,Reels,,,,,12/28/2022,0,,,,,,0,0,0,0,0,1.525,5.662
980994651383337,100064197037125,"PC Merchandise","Do you want an aesthetic build that matches your gaming needs? i3 10100F builds available now!",,71,"12/07/2022 19:15",uploaded,https://www.facebook.com/reel/1278406283547326/,0,0,Reels,,,,,12/29/2022,0,,,,,,0,0,0,0,0,1.238,4.818
980994651383337,100064197037125,"PC Merchandise","Do you want an aesthetic build that matches your gaming needs? i3 10100F builds available now!",,71,"12/07/2022 19:15",uploaded,https://www.facebook.com/reel/1278406283547326/,0,0,Reels,,,,,12/30/2022,0,,,,,,0,0,0,0,0,1.346,4.815
980994651383337,100064197037125,"PC Merchandise","Do you want an aesthetic build that matches your gaming needs? i3 10100F builds available now!",,71,"12/07/2022 19:15",uploaded,https://www.facebook.com/reel/1278406283547326/,0,0,Reels,,,,,12/31/2022,0,,,,,,0,0,0,0,0,1.407,5.387
981430741896042,100064197037125,"PC Merchandise","ito na po yung ghost project🥲",,55,"12/07/2022 17:00",,https://www.facebook.com/reel/1356143990115888/,0,0,Reels,,,,,12/01/2022,0,,,,,,0,0,0,0,0,0.000,2.306
981430741896042,100064197037125,"PC Merchandise","ito na po yung ghost project🥲",,55,"12/07/2022 17:00",,https://www.facebook.com/reel/1356143990115888/,0,0,Reels,,,,,12/02/2022,0,,,,,,0,0,0,0,0,0.000,1.892
981430741896042,100064197037125,"PC Merchandise","ito na po yung ghost project🥲",,55,"12/07/2022 17:00",,https://www.facebook.com/reel/1356143990115888/,0,0,Reels,,,,,12/03/2022,0,,,,,,0,0,0,0,0,0.000,5.162
981430741896042,100064197037125,"PC Merchandise","ito na po yung ghost project🥲",,55,"12/07/2022 17:00",,https://www.facebook.com/reel/1356143990115888/,0,0,Reels,,,,,12/04/2022,0,,,,,,0,0,0,0,0,0.000,4.804
981430741896042,100064197037125,"PC Merchandise","ito na po yung ghost project🥲",,55,"12/07/2022 17:00",,https://www.facebook.com/reel/1356143990115888/,0,0,Reels,,,,,12/05/2022,0,,,,,,0,0,0,0,0,0.000,3.762
981430741896042,100064197037125,"PC Merchandise","ito na po yung ghost project🥲",,55,"12/07/2022 17:00",,https://www.facebook.com/reel/1356143990115888/,0,0,Reels,,,,,12/06/2022,0,,,,,,0,0,0,0,0,0.000,5.490
981430741896042,100064197037125,"PC Merchandise","ito na po yung ghost project🥲",,55,"12/07/2022 17:00",,https://www.facebook.com/reel/1356143990115888/,0,0,Reels,,,,,12/07/2022,0,,,,,,0,0,0,0,0,115.169,4.248
981430741896042,100064197037125,"PC Merchandise","ito na po yung ghost project🥲",,55,"12/07/2022 17:00",,https://www.facebook.com/reel/1356143990115888/,0,0,Reels,,,,,12/08/2022,0,,,,,,0,0,0,0,0,101.398,4.788
981430741896042,100064197037125,"PC Merchandise","ito na po yung ghost project🥲",,55,"12/07/2022 17:00",,https://www.facebook.com/reel/1356143990115888/,0,0,Reels,,,,,12/09/2022,0,,,,,,0,0,0,0,0,82.119,4.240
981430741896042,100064197037125,"PC Merchandise","ito na po yung ghost project🥲",,55,"12/07/2022 17:00",,https://www.facebook.com/reel/1356143990115888/,0,0,Reels,,,,,12/10/2022,0,,,,,,0,0,0,0,0,62.946,4.004
981430741896042,100064197037125,"PC Merchandise","ito na po yung ghost project🥲",,55,"12/07/2022 17:00",,https://www.facebook.com/reel/1356143990115888/,0,0,Reels,,,,,12/11/2022,0,,,,,,0,0,1,1,0,70.277,2.563
981430741896042,100064197037125,"PC Merchandise","ito na po yung ghost project🥲",,55,"12/07/2022 17:00",,https://www.facebook.com/reel/1356143990115888/,0,0,Reels,,,,,12/12/2022,0,,,,,,0,0,0,0,0,36.133,4.117
981430741896042,100064197037125,"PC Merchandise","ito na po yung ghost project🥲",,55,"12/07/2022 17:00",,https://www.facebook.com/reel/1356143990115888/,0,0,Reels,,,,,12/13/2022,0,,,,,,0,0,0,0,0,58.999,4.113
981430741896042,100064197037125,"PC Merchandise","ito na po yung ghost project🥲",,55,"12/07/2022 17:00",,https://www.facebook.com/reel/1356143990115888/,0,0,Reels,,,,,12/14/2022,0,,,,,,0,0,0,0,0,20.301,4.056
981430741896042,100064197037125,"PC Merchandise","ito na po yung ghost project🥲",,55,"12/07/2022 17:00",,https://www.facebook.com/reel/1356143990115888/,0,0,Reels,,,,,12/15/2022,0,,,,,,0,0,0,0,0,12.355,4.379
981430741896042,100064197037125,"PC Merchandise","ito na po yung ghost project🥲",,55,"12/07/2022 17:00",,https://www.facebook.com/reel/1356143990115888/,0,0,Reels,,,,,12/16/2022,0,,,,,,0,0,0,0,0,18.407,3.592
981430741896042,100064197037125,"PC Merchandise","ito na po yung ghost project🥲",,55,"12/07/2022 17:00",,https://www.facebook.com/reel/1356143990115888/,0,0,Reels,,,,,12/17/2022,0,,,,,,0,0,0,0,0,22.322,5.255
981430741896042,100064197037125,"PC Merchandise","ito na po yung ghost project🥲",,55,"12/07/2022 17:00",,https://www.facebook.com/reel/1356143990115888/,0,0,Reels,,,,,12/18/2022,0,,,,,,0,0,0,0,0,16.784,5.089
981430741896042,100064197037125,"PC Merchandise","ito na po yung ghost project🥲",,55,"12/07/2022 17:00",,https://www.facebook.com/reel/1356143990115888/,0,0,Reels,,,,,12/19/2022,0,,,,,,0,0,0,0,0,21.427,4.008
981430741896042,100064197037125,"PC Merchandise","ito na po yung ghost project🥲",,55,"12/07/2022 17:00",,https://www.facebook.com/reel/1356143990115888/,0,0,Reels,,,,,12/20/2022,0,,,,,,0,0,0,0,0,11.158,3.517
981430741896042,100064197037125,"PC Merchandise","ito na po yung ghost project🥲",,55,"12/07/2022 17:00",,https://www.facebook.com/reel/1356143990115888/,0,0,Reels,,,,,12/21/2022,0,,,,,,0,0,0,0,0,10.031,3.451
981430741896042,100064197037125,"PC Merchandise","ito na po yung ghost project🥲",,55,"12/07/2022 17:00",,https://www.facebook.com/reel/1356143990115888/,0,0,Reels,,,,,12/22/2022,0,,,,,,0,0,0,0,0,8.034,3.132
981430741896042,100064197037125,"PC Merchandise","ito na po yung ghost project🥲",,55,"12/07/2022 17:00",,https://www.facebook.com/reel/1356143990115888/,0,0,Reels,,,,,12/23/2022,0,,,,,,0,0,0,0,0,9.579,3.431
981430741896042,100064197037125,"PC Merchandise","ito na po yung ghost project🥲",,55,"12/07/2022 17:00",,https://www.facebook.com/reel/1356143990115888/,0,0,Reels,,,,,12/24/2022,0,,,,,,0,0,0,0,0,7.696,2.410
981430741896042,100064197037125,"PC Merchandise","ito na po yung ghost project🥲",,55,"12/07/2022 17:00",,https://www.facebook.com/reel/1356143990115888/,0,0,Reels,,,,,12/25/2022,0,,,,,,0,0,0,0,0,8.096,3.115
981430741896042,100064197037125,"PC Merchandise","ito na po yung ghost project🥲",,55,"12/07/2022 17:00",,https://www.facebook.com/reel/1356143990115888/,0,0,Reels,,,,,12/26/2022,0,,,,,,0,0,0,0,0,7.992,3.901
981430741896042,100064197037125,"PC Merchandise","ito na po yung ghost project🥲",,55,"12/07/2022 17:00",,https://www.facebook.com/reel/1356143990115888/,0,0,Reels,,,,,12/27/2022,0,,,,,,0,0,0,0,0,3.938,5.183
981430741896042,100064197037125,"PC Merchandise","ito na po yung ghost project🥲",,55,"12/07/2022 17:00",,https://www.facebook.com/reel/1356143990115888/,0,0,Reels,,,,,12/28/2022,0,,,,,,0,0,0,0,0,10.358,4.672
981430741896042,100064197037125,"PC Merchandise","ito na po yung ghost project🥲",,55,"12/07/2022 17:00",,https://www.facebook.com/reel/1356143990115888/,0,0,Reels,,,,,12/29/2022,0,,,,,,0,0,0,0,0,4.374,4.826
981430741896042,100064197037125,"PC Merchandise","ito na po yung ghost project🥲",,55,"12/07/2022 17:00",,https://www.facebook.com/reel/1356143990115888/,0,0,Reels,,,,,12/30/2022,0,,,,,,0,0,0,0,0,7.185,4.865
981430741896042,100064197037125,"PC Merchandise","ito na po yung ghost project🥲",,55,"12/07/2022 17:00",,https://www.facebook.com/reel/1356143990115888/,0,0,Reels,,,,,12/31/2022,0,,,,,,0,0,0,0,0,9.986,3.803
981508307138984,100064197037125,"PC Merchandise","𝐏𝐑𝐈𝐂𝐄𝐋𝐈𝐒𝐓 𝟐𝟎𝟐𝟐 >>>
https://pcmerchandise.live/2022-BERMONTHS-LIST-COMSHOP",,0,"12/07/2022 00:30",,https://www.facebook.com/pcmerchandise.co/posts/pfbid0RIIV0xFRJxl7koEZwpKx0Xwher0VaveJBlY04U2XIg2OopaAU7vP0QNy,0,0,Photos,,,,,12/31/2022,0,,,,,,,,,,,,
981508307138984,100064197037125,"PC Merchandise","𝐏𝐑𝐈𝐂𝐄𝐋𝐈𝐒𝐓 𝟐𝟎𝟐𝟐 >>>
https://pcmerchandise.live/2022-BERMONTHS-LIST-COMSHOP",,0,"12/07/2022 00:30",,https://www.facebook.com/pcmerchandise.co/posts/pfbid0RIIV0xFRJxl7koEZwpKx0Xwher0VaveJBlY04U2XIg2OopaAU7vP0QNy,0,0,Photos,,,,,12/01/2022,,,0,0,0,0,0,0,,,,,
981508307138984,100064197037125,"PC Merchandise","𝐏𝐑𝐈𝐂𝐄𝐋𝐈𝐒𝐓 𝟐𝟎𝟐𝟐 >>>
https://pcmerchandise.live/2022-BERMONTHS-LIST-COMSHOP",,0,"12/07/2022 00:30",,https://www.facebook.com/pcmerchandise.co/posts/pfbid0RIIV0xFRJxl7koEZwpKx0Xwher0VaveJBlY04U2XIg2OopaAU7vP0QNy,0,0,Photos,,,,,12/02/2022,,,0,0,0,0,0,0,,,,,
981508307138984,100064197037125,"PC Merchandise","𝐏𝐑𝐈𝐂𝐄𝐋𝐈𝐒𝐓 𝟐𝟎𝟐𝟐 >>>
https://pcmerchandise.live/2022-BERMONTHS-LIST-COMSHOP",,0,"12/07/2022 00:30",,https://www.facebook.com/pcmerchandise.co/posts/pfbid0RIIV0xFRJxl7koEZwpKx0Xwher0VaveJBlY04U2XIg2OopaAU7vP0QNy,0,0,Photos,,,,,12/03/2022,,,0,0,0,0,0,0,,,,,
981508307138984,100064197037125,"PC Merchandise","𝐏𝐑𝐈𝐂𝐄𝐋𝐈𝐒𝐓 𝟐𝟎𝟐𝟐 >>>
https://pcmerchandise.live/2022-BERMONTHS-LIST-COMSHOP",,0,"12/07/2022 00:30",,https://www.facebook.com/pcmerchandise.co/posts/pfbid0RIIV0xFRJxl7koEZwpKx0Xwher0VaveJBlY04U2XIg2OopaAU7vP0QNy,0,0,Photos,,,,,12/04/2022,,,0,0,0,0,0,0,,,,,
981508307138984,100064197037125,"PC Merchandise","𝐏𝐑𝐈𝐂𝐄𝐋𝐈𝐒𝐓 𝟐𝟎𝟐𝟐 >>>
https://pcmerchandise.live/2022-BERMONTHS-LIST-COMSHOP",,0,"12/07/2022 00:30",,https://www.facebook.com/pcmerchandise.co/posts/pfbid0RIIV0xFRJxl7koEZwpKx0Xwher0VaveJBlY04U2XIg2OopaAU7vP0QNy,0,0,Photos,,,,,12/05/2022,,,0,0,0,0,0,0,,,,,
981508307138984,100064197037125,"PC Merchandise","𝐏𝐑𝐈𝐂𝐄𝐋𝐈𝐒𝐓 𝟐𝟎𝟐𝟐 >>>
https://pcmerchandise.live/2022-BERMONTHS-LIST-COMSHOP",,0,"12/07/2022 00:30",,https://www.facebook.com/pcmerchandise.co/posts/pfbid0RIIV0xFRJxl7koEZwpKx0Xwher0VaveJBlY04U2XIg2OopaAU7vP0QNy,0,0,Photos,,,,,12/06/2022,,,0,0,0,0,0,0,,,,,
981508307138984,100064197037125,"PC Merchandise","𝐏𝐑𝐈𝐂𝐄𝐋𝐈𝐒𝐓 𝟐𝟎𝟐𝟐 >>>
https://pcmerchandise.live/2022-BERMONTHS-LIST-COMSHOP",,0,"12/07/2022 00:30",,https://www.facebook.com/pcmerchandise.co/posts/pfbid0RIIV0xFRJxl7koEZwpKx0Xwher0VaveJBlY04U2XIg2OopaAU7vP0QNy,0,0,Photos,,,,,12/07/2022,,,0,0,0,0,0,0,,,,,
981508307138984,100064197037125,"PC Merchandise","𝐏𝐑𝐈𝐂𝐄𝐋𝐈𝐒𝐓 𝟐𝟎𝟐𝟐 >>>
https://pcmerchandise.live/2022-BERMONTHS-LIST-COMSHOP",,0,"12/07/2022 00:30",,https://www.facebook.com/pcmerchandise.co/posts/pfbid0RIIV0xFRJxl7koEZwpKx0Xwher0VaveJBlY04U2XIg2OopaAU7vP0QNy,0,0,Photos,,,,,12/08/2022,,,0,0,0,0,0,0,,,,,
981508307138984,100064197037125,"PC Merchandise","𝐏𝐑𝐈𝐂𝐄𝐋𝐈𝐒𝐓 𝟐𝟎𝟐𝟐 >>>
https://pcmerchandise.live/2022-BERMONTHS-LIST-COMSHOP",,0,"12/07/2022 00:30",,https://www.facebook.com/pcmerchandise.co/posts/pfbid0RIIV0xFRJxl7koEZwpKx0Xwher0VaveJBlY04U2XIg2OopaAU7vP0QNy,0,0,Photos,,,,,12/09/2022,,,0,0,0,0,0,0,,,,,
981508307138984,100064197037125,"PC Merchandise","𝐏𝐑𝐈𝐂𝐄𝐋𝐈𝐒𝐓 𝟐𝟎𝟐𝟐 >>>
https://pcmerchandise.live/2022-BERMONTHS-LIST-COMSHOP",,0,"12/07/2022 00:30",,https://www.facebook.com/pcmerchandise.co/posts/pfbid0RIIV0xFRJxl7koEZwpKx0Xwher0VaveJBlY04U2XIg2OopaAU7vP0QNy,0,0,Photos,,,,,12/10/2022,,,0,0,0,0,0,0,,,,,
981508307138984,100064197037125,"PC Merchandise","𝐏𝐑𝐈𝐂𝐄𝐋𝐈𝐒𝐓 𝟐𝟎𝟐𝟐 >>>
https://pcmerchandise.live/2022-BERMONTHS-LIST-COMSHOP",,0,"12/07/2022 00:30",,https://www.facebook.com/pcmerchandise.co/posts/pfbid0RIIV0xFRJxl7koEZwpKx0Xwher0VaveJBlY04U2XIg2OopaAU7vP0QNy,0,0,Photos,,,,,12/11/2022,,,0,0,0,0,0,0,,,,,
981508307138984,100064197037125,"PC Merchandise","𝐏𝐑𝐈𝐂𝐄𝐋𝐈𝐒𝐓 𝟐𝟎𝟐𝟐 >>>
https://pcmerchandise.live/2022-BERMONTHS-LIST-COMSHOP",,0,"12/07/2022 00:30",,https://www.facebook.com/pcmerchandise.co/posts/pfbid0RIIV0xFRJxl7koEZwpKx0Xwher0VaveJBlY04U2XIg2OopaAU7vP0QNy,0,0,Photos,,,,,12/12/2022,,,0,0,0,0,0,0,,,,,
981508307138984,100064197037125,"PC Merchandise","𝐏𝐑𝐈𝐂𝐄𝐋𝐈𝐒𝐓 𝟐𝟎𝟐𝟐 >>>
https://pcmerchandise.live/2022-BERMONTHS-LIST-COMSHOP",,0,"12/07/2022 00:30",,https://www.facebook.com/pcmerchandise.co/posts/pfbid0RIIV0xFRJxl7koEZwpKx0Xwher0VaveJBlY04U2XIg2OopaAU7vP0QNy,0,0,Photos,,,,,12/13/2022,,,0,0,0,0,0,0,,,,,
981508307138984,100064197037125,"PC Merchandise","𝐏𝐑𝐈𝐂𝐄𝐋𝐈𝐒𝐓 𝟐𝟎𝟐𝟐 >>>
https://pcmerchandise.live/2022-BERMONTHS-LIST-COMSHOP",,0,"12/07/2022 00:30",,https://www.facebook.com/pcmerchandise.co/posts/pfbid0RIIV0xFRJxl7koEZwpKx0Xwher0VaveJBlY04U2XIg2OopaAU7vP0QNy,0,0,Photos,,,,,12/14/2022,,,0,0,0,0,0,0,,,,,
981508307138984,100064197037125,"PC Merchandise","𝐏𝐑𝐈𝐂𝐄𝐋𝐈𝐒𝐓 𝟐𝟎𝟐𝟐 >>>
https://pcmerchandise.live/2022-BERMONTHS-LIST-COMSHOP",,0,"12/07/2022 00:30",,https://www.facebook.com/pcmerchandise.co/posts/pfbid0RIIV0xFRJxl7koEZwpKx0Xwher0VaveJBlY04U2XIg2OopaAU7vP0QNy,0,0,Photos,,,,,12/15/2022,,,0,0,0,0,0,0,,,,,
981508307138984,100064197037125,"PC Merchandise","𝐏𝐑𝐈𝐂𝐄𝐋𝐈𝐒𝐓 𝟐𝟎𝟐𝟐 >>>
https://pcmerchandise.live/2022-BERMONTHS-LIST-COMSHOP",,0,"12/07/2022 00:30",,https://www.facebook.com/pcmerchandise.co/posts/pfbid0RIIV0xFRJxl7koEZwpKx0Xwher0VaveJBlY04U2XIg2OopaAU7vP0QNy,0,0,Photos,,,,,12/16/2022,,,0,0,0,0,0,0,,,,,
981508307138984,100064197037125,"PC Merchandise","𝐏𝐑𝐈𝐂𝐄𝐋𝐈𝐒𝐓 𝟐𝟎𝟐𝟐 >>>
https://pcmerchandise.live/2022-BERMONTHS-LIST-COMSHOP",,0,"12/07/2022 00:30",,https://www.facebook.com/pcmerchandise.co/posts/pfbid0RIIV0xFRJxl7koEZwpKx0Xwher0VaveJBlY04U2XIg2OopaAU7vP0QNy,0,0,Photos,,,,,12/17/2022,,,0,0,0,0,0,0,,,,,
981508307138984,100064197037125,"PC Merchandise","𝐏𝐑𝐈𝐂𝐄𝐋𝐈𝐒𝐓 𝟐𝟎𝟐𝟐 >>>
https://pcmerchandise.live/2022-BERMONTHS-LIST-COMSHOP",,0,"12/07/2022 00:30",,https://www.facebook.com/pcmerchandise.co/posts/pfbid0RIIV0xFRJxl7koEZwpKx0Xwher0VaveJBlY04U2XIg2OopaAU7vP0QNy,0,0,Photos,,,,,12/18/2022,,,0,0,0,0,0,0,,,,,
981508307138984,100064197037125,"PC Merchandise","𝐏𝐑𝐈𝐂𝐄𝐋𝐈𝐒𝐓 𝟐𝟎𝟐𝟐 >>>
https://pcmerchandise.live/2022-BERMONTHS-LIST-COMSHOP",,0,"12/07/2022 00:30",,https://www.facebook.com/pcmerchandise.co/posts/pfbid0RIIV0xFRJxl7koEZwpKx0Xwher0VaveJBlY04U2XIg2OopaAU7vP0QNy,0,0,Photos,,,,,12/19/2022,,,0,0,0,0,0,0,,,,,
981508307138984,100064197037125,"PC Merchandise","𝐏𝐑𝐈𝐂𝐄𝐋𝐈𝐒𝐓 𝟐𝟎𝟐𝟐 >>>
https://pcmerchandise.live/2022-BERMONTHS-LIST-COMSHOP",,0,"12/07/2022 00:30",,https://www.facebook.com/pcmerchandise.co/posts/pfbid0RIIV0xFRJxl7koEZwpKx0Xwher0VaveJBlY04U2XIg2OopaAU7vP0QNy,0,0,Photos,,,,,12/20/2022,,,0,0,0,0,0,0,,,,,
981508307138984,100064197037125,"PC Merchandise","𝐏𝐑𝐈𝐂𝐄𝐋𝐈𝐒𝐓 𝟐𝟎𝟐𝟐 >>>
https://pcmerchandise.live/2022-BERMONTHS-LIST-COMSHOP",,0,"12/07/2022 00:30",,https://www.facebook.com/pcmerchandise.co/posts/pfbid0RIIV0xFRJxl7koEZwpKx0Xwher0VaveJBlY04U2XIg2OopaAU7vP0QNy,0,0,Photos,,,,,12/21/2022,,,0,0,0,0,0,0,,,,,
981508307138984,100064197037125,"PC Merchandise","𝐏𝐑𝐈𝐂𝐄𝐋𝐈𝐒𝐓 𝟐𝟎𝟐𝟐 >>>
https://pcmerchandise.live/2022-BERMONTHS-LIST-COMSHOP",,0,"12/07/2022 00:30",,https://www.facebook.com/pcmerchandise.co/posts/pfbid0RIIV0xFRJxl7koEZwpKx0Xwher0VaveJBlY04U2XIg2OopaAU7vP0QNy,0,0,Photos,,,,,12/22/2022,,,0,0,0,0,0,0,,,,,
981508307138984,100064197037125,"PC Merchandise","𝐏𝐑𝐈𝐂𝐄𝐋𝐈𝐒𝐓 𝟐𝟎𝟐𝟐 >>>
https://pcmerchandise.live/2022-BERMONTHS-LIST-COMSHOP",,0,"12/07/2022 00:30",,https://www.facebook.com/pcmerchandise.co/posts/pfbid0RIIV0xFRJxl7koEZwpKx0Xwher0VaveJBlY04U2XIg2OopaAU7vP0QNy,0,0,Photos,,,,,12/23/2022,,,0,0,0,0,0,0,,,,,
981508307138984,100064197037125,"PC Merchandise","𝐏𝐑𝐈𝐂𝐄𝐋𝐈𝐒𝐓 𝟐𝟎𝟐𝟐 >>>
https://pcmerchandise.live/2022-BERMONTHS-LIST-COMSHOP",,0,"12/07/2022 00:30",,https://www.facebook.com/pcmerchandise.co/posts/pfbid0RIIV0xFRJxl7koEZwpKx0Xwher0VaveJBlY04U2XIg2OopaAU7vP0QNy,0,0,Photos,,,,,12/24/2022,,,0,0,0,0,0,0,,,,,
981508307138984,100064197037125,"PC Merchandise","𝐏𝐑𝐈𝐂𝐄𝐋𝐈𝐒𝐓 𝟐𝟎𝟐𝟐 >>>
https://pcmerchandise.live/2022-BERMONTHS-LIST-COMSHOP",,0,"12/07/2022 00:30",,https://www.facebook.com/pcmerchandise.co/posts/pfbid0RIIV0xFRJxl7koEZwpKx0Xwher0VaveJBlY04U2XIg2OopaAU7vP0QNy,0,0,Photos,,,,,12/25/2022,,,0,0,0,0,0,0,,,,,
981508307138984,100064197037125,"PC Merchandise","𝐏𝐑𝐈𝐂𝐄𝐋𝐈𝐒𝐓 𝟐𝟎𝟐𝟐 >>>
https://pcmerchandise.live/2022-BERMONTHS-LIST-COMSHOP",,0,"12/07/2022 00:30",,https://www.facebook.com/pcmerchandise.co/posts/pfbid0RIIV0xFRJxl7koEZwpKx0Xwher0VaveJBlY04U2XIg2OopaAU7vP0QNy,0,0,Photos,,,,,12/26/2022,,,0,0,0,0,0,0,,,,,
981508307138984,100064197037125,"PC Merchandise","𝐏𝐑𝐈𝐂𝐄𝐋𝐈𝐒𝐓 𝟐𝟎𝟐𝟐 >>>
https://pcmerchandise.live/2022-BERMONTHS-LIST-COMSHOP",,0,"12/07/2022 00:30",,https://www.facebook.com/pcmerchandise.co/posts/pfbid0RIIV0xFRJxl7koEZwpKx0Xwher0VaveJBlY04U2XIg2OopaAU7vP0QNy,0,0,Photos,,,,,12/27/2022,,,0,0,0,0,0,0,,,,,
981508307138984,100064197037125,"PC Merchandise","𝐏𝐑𝐈𝐂𝐄𝐋𝐈𝐒𝐓 𝟐𝟎𝟐𝟐 >>>
https://pcmerchandise.live/2022-BERMONTHS-LIST-COMSHOP",,0,"12/07/2022 00:30",,https://www.facebook.com/pcmerchandise.co/posts/pfbid0RIIV0xFRJxl7koEZwpKx0Xwher0VaveJBlY04U2XIg2OopaAU7vP0QNy,0,0,Photos,,,,,12/28/2022,,,0,0,0,0,0,0,,,,,
981508307138984,100064197037125,"PC Merchandise","𝐏𝐑𝐈𝐂𝐄𝐋𝐈𝐒𝐓 𝟐𝟎𝟐𝟐 >>>
https://pcmerchandise.live/2022-BERMONTHS-LIST-COMSHOP",,0,"12/07/2022 00:30",,https://www.facebook.com/pcmerchandise.co/posts/pfbid0RIIV0xFRJxl7koEZwpKx0Xwher0VaveJBlY04U2XIg2OopaAU7vP0QNy,0,0,Photos,,,,,12/29/2022,,,0,0,0,0,0,0,,,,,
981508307138984,100064197037125,"PC Merchandise","𝐏𝐑𝐈𝐂𝐄𝐋𝐈𝐒𝐓 𝟐𝟎𝟐𝟐 >>>
https://pcmerchandise.live/2022-BERMONTHS-LIST-COMSHOP",,0,"12/07/2022 00:30",,https://www.facebook.com/pcmerchandise.co/posts/pfbid0RIIV0xFRJxl7koEZwpKx0Xwher0VaveJBlY04U2XIg2OopaAU7vP0QNy,0,0,Photos,,,,,12/30/2022,,,0,0,0,0,0,0,,,,,
981508307138984,100064197037125,"PC Merchandise","𝐏𝐑𝐈𝐂𝐄𝐋𝐈𝐒𝐓 𝟐𝟎𝟐𝟐 >>>
https://pcmerchandise.live/2022-BERMONTHS-LIST-COMSHOP",,0,"12/07/2022 00:30",,https://www.facebook.com/pcmerchandise.co/posts/pfbid0RIIV0xFRJxl7koEZwpKx0Xwher0VaveJBlY04U2XIg2OopaAU7vP0QNy,0,0,Photos,,,,,12/31/2022,,,0,0,0,0,0,0,,,,,
981177343202934,100064197037125,"PC Merchandise","𝐑𝐘𝐙𝐄𝐍 𝟓 𝟐𝟔𝟎𝟎 𝟒+𝟏 w/ 𝐆𝐓𝐗 𝟏𝟎𝟓𝟎𝐓𝐈
𝐆𝐀𝐌𝐈𝐍𝐆 𝐁𝐔𝐈𝐋𝐃
#PCMERCHANDISE #PCMBUILDS",,0,"12/04/2022 19:30",,https://www.facebook.com/pcmerchandise.co/posts/pfbid0a4qttstD6t3J1yw2jBsgiwX0E7D3iwsdkVz6GcGn5zwa9uaxTaUPFaoH,0,0,Photos,,,,,12/31/2022,0,,,,,,,,,,,,
981177343202934,100064197037125,"PC Merchandise","𝐑𝐘𝐙𝐄𝐍 𝟓 𝟐𝟔𝟎𝟎 𝟒+𝟏 w/ 𝐆𝐓𝐗 𝟏𝟎𝟓𝟎𝐓𝐈
𝐆𝐀𝐌𝐈𝐍𝐆 𝐁𝐔𝐈𝐋𝐃
#PCMERCHANDISE #PCMBUILDS",,0,"12/04/2022 19:30",,https://www.facebook.com/pcmerchandise.co/posts/pfbid0a4qttstD6t3J1yw2jBsgiwX0E7D3iwsdkVz6GcGn5zwa9uaxTaUPFaoH,0,0,Photos,,,,,12/01/2022,,,0,0,0,0,0,0,,,,,
981177343202934,100064197037125,"PC Merchandise","𝐑𝐘𝐙𝐄𝐍 𝟓 𝟐𝟔𝟎𝟎 𝟒+𝟏 w/ 𝐆𝐓𝐗 𝟏𝟎𝟓𝟎𝐓𝐈
𝐆𝐀𝐌𝐈𝐍𝐆 𝐁𝐔𝐈𝐋𝐃
#PCMERCHANDISE #PCMBUILDS",,0,"12/04/2022 19:30",,https://www.facebook.com/pcmerchandise.co/posts/pfbid0a4qttstD6t3J1yw2jBsgiwX0E7D3iwsdkVz6GcGn5zwa9uaxTaUPFaoH,0,0,Photos,,,,,12/02/2022,,,0,0,0,0,0,0,,,,,
981177343202934,100064197037125,"PC Merchandise","𝐑𝐘𝐙𝐄𝐍 𝟓 𝟐𝟔𝟎𝟎 𝟒+𝟏 w/ 𝐆𝐓𝐗 𝟏𝟎𝟓𝟎𝐓𝐈
𝐆𝐀𝐌𝐈𝐍𝐆 𝐁𝐔𝐈𝐋𝐃
#PCMERCHANDISE #PCMBUILDS",,0,"12/04/2022 19:30",,https://www.facebook.com/pcmerchandise.co/posts/pfbid0a4qttstD6t3J1yw2jBsgiwX0E7D3iwsdkVz6GcGn5zwa9uaxTaUPFaoH,0,0,Photos,,,,,12/03/2022,,,0,0,0,0,0,0,,,,,
981177343202934,100064197037125,"PC Merchandise","𝐑𝐘𝐙𝐄𝐍 𝟓 𝟐𝟔𝟎𝟎 𝟒+𝟏 w/ 𝐆𝐓𝐗 𝟏𝟎𝟓𝟎𝐓𝐈
𝐆𝐀𝐌𝐈𝐍𝐆 𝐁𝐔𝐈𝐋𝐃
#PCMERCHANDISE #PCMBUILDS",,0,"12/04/2022 19:30",,https://www.facebook.com/pcmerchandise.co/posts/pfbid0a4qttstD6t3J1yw2jBsgiwX0E7D3iwsdkVz6GcGn5zwa9uaxTaUPFaoH,0,0,Photos,,,,,12/04/2022,,,0,0,0,0,0,0,,,,,
981177343202934,100064197037125,"PC Merchandise","𝐑𝐘𝐙𝐄𝐍 𝟓 𝟐𝟔𝟎𝟎 𝟒+𝟏 w/ 𝐆𝐓𝐗 𝟏𝟎𝟓𝟎𝐓𝐈
𝐆𝐀𝐌𝐈𝐍𝐆 𝐁𝐔𝐈𝐋𝐃
#PCMERCHANDISE #PCMBUILDS",,0,"12/04/2022 19:30",,https://www.facebook.com/pcmerchandise.co/posts/pfbid0a4qttstD6t3J1yw2jBsgiwX0E7D3iwsdkVz6GcGn5zwa9uaxTaUPFaoH,0,0,Photos,,,,,12/05/2022,,,0,0,0,0,0,0,,,,,
981177343202934,100064197037125,"PC Merchandise","𝐑𝐘𝐙𝐄𝐍 𝟓 𝟐𝟔𝟎𝟎 𝟒+𝟏 w/ 𝐆𝐓𝐗 𝟏𝟎𝟓𝟎𝐓𝐈
𝐆𝐀𝐌𝐈𝐍𝐆 𝐁𝐔𝐈𝐋𝐃
#PCMERCHANDISE #PCMBUILDS",,0,"12/04/2022 19:30",,https://www.facebook.com/pcmerchandise.co/posts/pfbid0a4qttstD6t3J1yw2jBsgiwX0E7D3iwsdkVz6GcGn5zwa9uaxTaUPFaoH,0,0,Photos,,,,,12/06/2022,,,0,0,0,0,0,0,,,,,
981177343202934,100064197037125,"PC Merchandise","𝐑𝐘𝐙𝐄𝐍 𝟓 𝟐𝟔𝟎𝟎 𝟒+𝟏 w/ 𝐆𝐓𝐗 𝟏𝟎𝟓𝟎𝐓𝐈
𝐆𝐀𝐌𝐈𝐍𝐆 𝐁𝐔𝐈𝐋𝐃
#PCMERCHANDISE #PCMBUILDS",,0,"12/04/2022 19:30",,https://www.facebook.com/pcmerchandise.co/posts/pfbid0a4qttstD6t3J1yw2jBsgiwX0E7D3iwsdkVz6GcGn5zwa9uaxTaUPFaoH,0,0,Photos,,,,,12/07/2022,,,0,0,0,0,0,0,,,,,
981177343202934,100064197037125,"PC Merchandise","𝐑𝐘𝐙𝐄𝐍 𝟓 𝟐𝟔𝟎𝟎 𝟒+𝟏 w/ 𝐆𝐓𝐗 𝟏𝟎𝟓𝟎𝐓𝐈
𝐆𝐀𝐌𝐈𝐍𝐆 𝐁𝐔𝐈𝐋𝐃
#PCMERCHANDISE #PCMBUILDS",,0,"12/04/2022 19:30",,https://www.facebook.com/pcmerchandise.co/posts/pfbid0a4qttstD6t3J1yw2jBsgiwX0E7D3iwsdkVz6GcGn5zwa9uaxTaUPFaoH,0,0,Photos,,,,,12/08/2022,,,0,0,0,0,0,0,,,,,
981177343202934,100064197037125,"PC Merchandise","𝐑𝐘𝐙𝐄𝐍 𝟓 𝟐𝟔𝟎𝟎 𝟒+𝟏 w/ 𝐆𝐓𝐗 𝟏𝟎𝟓𝟎𝐓𝐈
𝐆𝐀𝐌𝐈𝐍𝐆 𝐁𝐔𝐈𝐋𝐃
#PCMERCHANDISE #PCMBUILDS",,0,"12/04/2022 19:30",,https://www.facebook.com/pcmerchandise.co/posts/pfbid0a4qttstD6t3J1yw2jBsgiwX0E7D3iwsdkVz6GcGn5zwa9uaxTaUPFaoH,0,0,Photos,,,,,12/09/2022,,,0,0,0,0,0,0,,,,,
981177343202934,100064197037125,"PC Merchandise","𝐑𝐘𝐙𝐄𝐍 𝟓 𝟐𝟔𝟎𝟎 𝟒+𝟏 w/ 𝐆𝐓𝐗 𝟏𝟎𝟓𝟎𝐓𝐈
𝐆𝐀𝐌𝐈𝐍𝐆 𝐁𝐔𝐈𝐋𝐃
#PCMERCHANDISE #PCMBUILDS",,0,"12/04/2022 19:30",,https://www.facebook.com/pcmerchandise.co/posts/pfbid0a4qttstD6t3J1yw2jBsgiwX0E7D3iwsdkVz6GcGn5zwa9uaxTaUPFaoH,0,0,Photos,,,,,12/10/2022,,,0,0,0,0,0,0,,,,,
981177343202934,100064197037125,"PC Merchandise","𝐑𝐘𝐙𝐄𝐍 𝟓 𝟐𝟔𝟎𝟎 𝟒+𝟏 w/ 𝐆𝐓𝐗 𝟏𝟎𝟓𝟎𝐓𝐈
𝐆𝐀𝐌𝐈𝐍𝐆 𝐁𝐔𝐈𝐋𝐃
#PCMERCHANDISE #PCMBUILDS",,0,"12/04/2022 19:30",,https://www.facebook.com/pcmerchandise.co/posts/pfbid0a4qttstD6t3J1yw2jBsgiwX0E7D3iwsdkVz6GcGn5zwa9uaxTaUPFaoH,0,0,Photos,,,,,12/11/2022,,,0,0,0,0,0,0,,,,,
981177343202934,100064197037125,"PC Merchandise","𝐑𝐘𝐙𝐄𝐍 𝟓 𝟐𝟔𝟎𝟎 𝟒+𝟏 w/ 𝐆𝐓𝐗 𝟏𝟎𝟓𝟎𝐓𝐈
𝐆𝐀𝐌𝐈𝐍𝐆 𝐁𝐔𝐈𝐋𝐃
#PCMERCHANDISE #PCMBUILDS",,0,"12/04/2022 19:30",,https://www.facebook.com/pcmerchandise.co/posts/pfbid0a4qttstD6t3J1yw2jBsgiwX0E7D3iwsdkVz6GcGn5zwa9uaxTaUPFaoH,0,0,Photos,,,,,12/12/2022,,,0,0,0,0,0,0,,,,,
981177343202934,100064197037125,"PC Merchandise","𝐑𝐘𝐙𝐄𝐍 𝟓 𝟐𝟔𝟎𝟎 𝟒+𝟏 w/ 𝐆𝐓𝐗 𝟏𝟎𝟓𝟎𝐓𝐈
𝐆𝐀𝐌𝐈𝐍𝐆 𝐁𝐔𝐈𝐋𝐃
#PCMERCHANDISE #PCMBUILDS",,0,"12/04/2022 19:30",,https://www.facebook.com/pcmerchandise.co/posts/pfbid0a4qttstD6t3J1yw2jBsgiwX0E7D3iwsdkVz6GcGn5zwa9uaxTaUPFaoH,0,0,Photos,,,,,12/13/2022,,,0,0,0,0,0,0,,,,,
981177343202934,100064197037125,"PC Merchandise","𝐑𝐘𝐙𝐄𝐍 𝟓 𝟐𝟔𝟎𝟎 𝟒+𝟏 w/ 𝐆𝐓𝐗 𝟏𝟎𝟓𝟎𝐓𝐈
𝐆𝐀𝐌𝐈𝐍𝐆 𝐁𝐔𝐈𝐋𝐃
#PCMERCHANDISE #PCMBUILDS",,0,"12/04/2022 19:30",,https://www.facebook.com/pcmerchandise.co/posts/pfbid0a4qttstD6t3J1yw2jBsgiwX0E7D3iwsdkVz6GcGn5zwa9uaxTaUPFaoH,0,0,Photos,,,,,12/14/2022,,,0,0,0,0,0,0,,,,,
981177343202934,100064197037125,"PC Merchandise","𝐑𝐘𝐙𝐄𝐍 𝟓 𝟐𝟔𝟎𝟎 𝟒+𝟏 w/ 𝐆𝐓𝐗 𝟏𝟎𝟓𝟎𝐓𝐈
𝐆𝐀𝐌𝐈𝐍𝐆 𝐁𝐔𝐈𝐋𝐃
#PCMERCHANDISE #PCMBUILDS",,0,"12/04/2022 19:30",,https://www.facebook.com/pcmerchandise.co/posts/pfbid0a4qttstD6t3J1yw2jBsgiwX0E7D3iwsdkVz6GcGn5zwa9uaxTaUPFaoH,0,0,Photos,,,,,12/15/2022,,,0,0,0,0,0,0,,,,,
981177343202934,100064197037125,"PC Merchandise","𝐑𝐘𝐙𝐄𝐍 𝟓 𝟐𝟔𝟎𝟎 𝟒+𝟏 w/ 𝐆𝐓𝐗 𝟏𝟎𝟓𝟎𝐓𝐈
𝐆𝐀𝐌𝐈𝐍𝐆 𝐁𝐔𝐈𝐋𝐃
#PCMERCHANDISE #PCMBUILDS",,0,"12/04/2022 19:30",,https://www.facebook.com/pcmerchandise.co/posts/pfbid0a4qttstD6t3J1yw2jBsgiwX0E7D3iwsdkVz6GcGn5zwa9uaxTaUPFaoH,0,0,Photos,,,,,12/16/2022,,,0,0,0,0,0,0,,,,,
981177343202934,100064197037125,"PC Merchandise","𝐑𝐘𝐙𝐄𝐍 𝟓 𝟐𝟔𝟎𝟎 𝟒+𝟏 w/ 𝐆𝐓𝐗 𝟏𝟎𝟓𝟎𝐓𝐈
𝐆𝐀𝐌𝐈𝐍𝐆 𝐁𝐔𝐈𝐋𝐃
#PCMERCHANDISE #PCMBUILDS",,0,"12/04/2022 19:30",,https://www.facebook.com/pcmerchandise.co/posts/pfbid0a4qttstD6t3J1yw2jBsgiwX0E7D3iwsdkVz6GcGn5zwa9uaxTaUPFaoH,0,0,Photos,,,,,12/17/2022,,,0,0,0,0,0,0,,,,,
981177343202934,100064197037125,"PC Merchandise","𝐑𝐘𝐙𝐄𝐍 𝟓 𝟐𝟔𝟎𝟎 𝟒+𝟏 w/ 𝐆𝐓𝐗 𝟏𝟎𝟓𝟎𝐓𝐈
𝐆𝐀𝐌𝐈𝐍𝐆 𝐁𝐔𝐈𝐋𝐃
#PCMERCHANDISE #PCMBUILDS",,0,"12/04/2022 19:30",,https://www.facebook.com/pcmerchandise.co/posts/pfbid0a4qttstD6t3J1yw2jBsgiwX0E7D3iwsdkVz6GcGn5zwa9uaxTaUPFaoH,0,0,Photos,,,,,12/18/2022,,,0,0,0,0,0,0,,,,,
981177343202934,100064197037125,"PC Merchandise","𝐑𝐘𝐙𝐄𝐍 𝟓 𝟐𝟔𝟎𝟎 𝟒+𝟏 w/ 𝐆𝐓𝐗 𝟏𝟎𝟓𝟎𝐓𝐈
𝐆𝐀𝐌𝐈𝐍𝐆 𝐁𝐔𝐈𝐋𝐃
#PCMERCHANDISE #PCMBUILDS",,0,"12/04/2022 19:30",,https://www.facebook.com/pcmerchandise.co/posts/pfbid0a4qttstD6t3J1yw2jBsgiwX0E7D3iwsdkVz6GcGn5zwa9uaxTaUPFaoH,0,0,Photos,,,,,12/19/2022,,,0,0,0,0,0,0,,,,,
981177343202934,100064197037125,"PC Merchandise","𝐑𝐘𝐙𝐄𝐍 𝟓 𝟐𝟔𝟎𝟎 𝟒+𝟏 w/ 𝐆𝐓𝐗 𝟏𝟎𝟓𝟎𝐓𝐈
𝐆𝐀𝐌𝐈𝐍𝐆 𝐁𝐔𝐈𝐋𝐃
#PCMERCHANDISE #PCMBUILDS",,0,"12/04/2022 19:30",,https://www.facebook.com/pcmerchandise.co/posts/pfbid0a4qttstD6t3J1yw2jBsgiwX0E7D3iwsdkVz6GcGn5zwa9uaxTaUPFaoH,0,0,Photos,,,,,12/20/2022,,,0,0,0,0,0,0,,,,,
981177343202934,100064197037125,"PC Merchandise","𝐑𝐘𝐙𝐄𝐍 𝟓 𝟐𝟔𝟎𝟎 𝟒+𝟏 w/ 𝐆𝐓𝐗 𝟏𝟎𝟓𝟎𝐓𝐈
𝐆𝐀𝐌𝐈𝐍𝐆 𝐁𝐔𝐈𝐋𝐃
#PCMERCHANDISE #PCMBUILDS",,0,"12/04/2022 19:30",,https://www.facebook.com/pcmerchandise.co/posts/pfbid0a4qttstD6t3J1yw2jBsgiwX0E7D3iwsdkVz6GcGn5zwa9uaxTaUPFaoH,0,0,Photos,,,,,12/21/2022,,,0,0,0,0,0,0,,,,,
981177343202934,100064197037125,"PC Merchandise","𝐑𝐘𝐙𝐄𝐍 𝟓 𝟐𝟔𝟎𝟎 𝟒+𝟏 w/ 𝐆𝐓𝐗 𝟏𝟎𝟓𝟎𝐓𝐈
𝐆𝐀𝐌𝐈𝐍𝐆 𝐁𝐔𝐈𝐋𝐃
#PCMERCHANDISE #PCMBUILDS",,0,"12/04/2022 19:30",,https://www.facebook.com/pcmerchandise.co/posts/pfbid0a4qttstD6t3J1yw2jBsgiwX0E7D3iwsdkVz6GcGn5zwa9uaxTaUPFaoH,0,0,Photos,,,,,12/22/2022,,,0,0,0,0,0,0,,,,,
981177343202934,100064197037125,"PC Merchandise","𝐑𝐘𝐙𝐄𝐍 𝟓 𝟐𝟔𝟎𝟎 𝟒+𝟏 w/ 𝐆𝐓𝐗 𝟏𝟎𝟓𝟎𝐓𝐈
𝐆𝐀𝐌𝐈𝐍𝐆 𝐁𝐔𝐈𝐋𝐃
#PCMERCHANDISE #PCMBUILDS",,0,"12/04/2022 19:30",,https://www.facebook.com/pcmerchandise.co/posts/pfbid0a4qttstD6t3J1yw2jBsgiwX0E7D3iwsdkVz6GcGn5zwa9uaxTaUPFaoH,0,0,Photos,,,,,12/23/2022,,,0,0,0,0,0,0,,,,,
981177343202934,100064197037125,"PC Merchandise","𝐑𝐘𝐙𝐄𝐍 𝟓 𝟐𝟔𝟎𝟎 𝟒+𝟏 w/ 𝐆𝐓𝐗 𝟏𝟎𝟓𝟎𝐓𝐈
𝐆𝐀𝐌𝐈𝐍𝐆 𝐁𝐔𝐈𝐋𝐃
#PCMERCHANDISE #PCMBUILDS",,0,"12/04/2022 19:30",,https://www.facebook.com/pcmerchandise.co/posts/pfbid0a4qttstD6t3J1yw2jBsgiwX0E7D3iwsdkVz6GcGn5zwa9uaxTaUPFaoH,0,0,Photos,,,,,12/24/2022,,,0,0,0,0,0,0,,,,,
981177343202934,100064197037125,"PC Merchandise","𝐑𝐘𝐙𝐄𝐍 𝟓 𝟐𝟔𝟎𝟎 𝟒+𝟏 w/ 𝐆𝐓𝐗 𝟏𝟎𝟓𝟎𝐓𝐈
𝐆𝐀𝐌𝐈𝐍𝐆 𝐁𝐔𝐈𝐋𝐃
#PCMERCHANDISE #PCMBUILDS",,0,"12/04/2022 19:30",,https://www.facebook.com/pcmerchandise.co/posts/pfbid0a4qttstD6t3J1yw2jBsgiwX0E7D3iwsdkVz6GcGn5zwa9uaxTaUPFaoH,0,0,Photos,,,,,12/25/2022,,,0,0,0,0,0,0,,,,,
981177343202934,100064197037125,"PC Merchandise","𝐑𝐘𝐙𝐄𝐍 𝟓 𝟐𝟔𝟎𝟎 𝟒+𝟏 w/ 𝐆𝐓𝐗 𝟏𝟎𝟓𝟎𝐓𝐈
𝐆𝐀𝐌𝐈𝐍𝐆 𝐁𝐔𝐈𝐋𝐃
#PCMERCHANDISE #PCMBUILDS",,0,"12/04/2022 19:30",,https://www.facebook.com/pcmerchandise.co/posts/pfbid0a4qttstD6t3J1yw2jBsgiwX0E7D3iwsdkVz6GcGn5zwa9uaxTaUPFaoH,0,0,Photos,,,,,12/26/2022,,,0,0,0,0,0,0,,,,,
981177343202934,100064197037125,"PC Merchandise","𝐑𝐘𝐙𝐄𝐍 𝟓 𝟐𝟔𝟎𝟎 𝟒+𝟏 w/ 𝐆𝐓𝐗 𝟏𝟎𝟓𝟎𝐓𝐈
𝐆𝐀𝐌𝐈𝐍𝐆 𝐁𝐔𝐈𝐋𝐃
#PCMERCHANDISE #PCMBUILDS",,0,"12/04/2022 19:30",,https://www.facebook.com/pcmerchandise.co/posts/pfbid0a4qttstD6t3J1yw2jBsgiwX0E7D3iwsdkVz6GcGn5zwa9uaxTaUPFaoH,0,0,Photos,,,,,12/27/2022,,,0,0,0,0,0,0,,,,,
981177343202934,100064197037125,"PC Merchandise","𝐑𝐘𝐙𝐄𝐍 𝟓 𝟐𝟔𝟎𝟎 𝟒+𝟏 w/ 𝐆𝐓𝐗 𝟏𝟎𝟓𝟎𝐓𝐈
𝐆𝐀𝐌𝐈𝐍𝐆 𝐁𝐔𝐈𝐋𝐃
#PCMERCHANDISE #PCMBUILDS",,0,"12/04/2022 19:30",,https://www.facebook.com/pcmerchandise.co/posts/pfbid0a4qttstD6t3J1yw2jBsgiwX0E7D3iwsdkVz6GcGn5zwa9uaxTaUPFaoH,0,0,Photos,,,,,12/28/2022,,,0,0,0,0,0,0,,,,,
981177343202934,100064197037125,"PC Merchandise","𝐑𝐘𝐙𝐄𝐍 𝟓 𝟐𝟔𝟎𝟎 𝟒+𝟏 w/ 𝐆𝐓𝐗 𝟏𝟎𝟓𝟎𝐓𝐈
𝐆𝐀𝐌𝐈𝐍𝐆 𝐁𝐔𝐈𝐋𝐃
#PCMERCHANDISE #PCMBUILDS",,0,"12/04/2022 19:30",,https://www.facebook.com/pcmerchandise.co/posts/pfbid0a4qttstD6t3J1yw2jBsgiwX0E7D3iwsdkVz6GcGn5zwa9uaxTaUPFaoH,0,0,Photos,,,,,12/29/2022,,,0,0,0,0,0,0,,,,,
981177343202934,100064197037125,"PC Merchandise","𝐑𝐘𝐙𝐄𝐍 𝟓 𝟐𝟔𝟎𝟎 𝟒+𝟏 w/ 𝐆𝐓𝐗 𝟏𝟎𝟓𝟎𝐓𝐈
𝐆𝐀𝐌𝐈𝐍𝐆 𝐁𝐔𝐈𝐋𝐃
#PCMERCHANDISE #PCMBUILDS",,0,"12/04/2022 19:30",,https://www.facebook.com/pcmerchandise.co/posts/pfbid0a4qttstD6t3J1yw2jBsgiwX0E7D3iwsdkVz6GcGn5zwa9uaxTaUPFaoH,0,0,Photos,,,,,12/30/2022,,,0,0,0,0,0,0,,,,,
981177343202934,100064197037125,"PC Merchandise","𝐑𝐘𝐙𝐄𝐍 𝟓 𝟐𝟔𝟎𝟎 𝟒+𝟏 w/ 𝐆𝐓𝐗 𝟏𝟎𝟓𝟎𝐓𝐈
𝐆𝐀𝐌𝐈𝐍𝐆 𝐁𝐔𝐈𝐋𝐃
#PCMERCHANDISE #PCMBUILDS",,0,"12/04/2022 19:30",,https://www.facebook.com/pcmerchandise.co/posts/pfbid0a4qttstD6t3J1yw2jBsgiwX0E7D3iwsdkVz6GcGn5zwa9uaxTaUPFaoH,0,0,Photos,,,,,12/31/2022,,,0,0,0,0,0,0,,,,,
981308769156492,100064197037125,"PC Merchandise","Sulit na sulit! i3 10100F package, ready for pickup or shipping nationwide 🚚",,43,"12/04/2022 00:00",,https://www.facebook.com/reel/1810382415383034/,0,0,Reels,,,,,12/01/2022,0,,,,,,0,0,0,0,0,0.000,4.791
981308769156492,100064197037125,"PC Merchandise","Sulit na sulit! i3 10100F package, ready for pickup or shipping nationwide 🚚",,43,"12/04/2022 00:00",,https://www.facebook.com/reel/1810382415383034/,0,0,Reels,,,,,12/02/2022,0,,,,,,0,0,0,0,0,0.000,4.278
981308769156492,100064197037125,"PC Merchandise","Sulit na sulit! i3 10100F package, ready for pickup or shipping nationwide 🚚",,43,"12/04/2022 00:00",,https://www.facebook.com/reel/1810382415383034/,0,0,Reels,,,,,12/03/2022,0,,,,,,0,0,0,0,0,0.000,5.703
981308769156492,100064197037125,"PC Merchandise","Sulit na sulit! i3 10100F package, ready for pickup or shipping nationwide 🚚",,43,"12/04/2022 00:00",,https://www.facebook.com/reel/1810382415383034/,0,0,Reels,,,,,12/04/2022,0,,,,,,155,0,0,0,0,1070.861,5.704
981308769156492,100064197037125,"PC Merchandise","Sulit na sulit! i3 10100F package, ready for pickup or shipping nationwide 🚚",,43,"12/04/2022 00:00",,https://www.facebook.com/reel/1810382415383034/,0,0,Reels,,,,,12/05/2022,0,,,,,,137,0,0,0,0,1310.803,3.813
981308769156492,100064197037125,"PC Merchandise","Sulit na sulit! i3 10100F package, ready for pickup or shipping nationwide 🚚",,43,"12/04/2022 00:00",,https://www.facebook.com/reel/1810382415383034/,0,0,Reels,,,,,12/06/2022,0,,,,,,154,0,2,2,0,990.607,5.321
981308769156492,100064197037125,"PC Merchandise","Sulit na sulit! i3 10100F package, ready for pickup or shipping nationwide 🚚",,43,"12/04/2022 00:00",,https://www.facebook.com/reel/1810382415383034/,0,0,Reels,,,,,12/07/2022,0,,,,,,140,0,0,0,0,784.222,4.718
981308769156492,100064197037125,"PC Merchandise","Sulit na sulit! i3 10100F package, ready for pickup or shipping nationwide 🚚",,43,"12/04/2022 00:00",,https://www.facebook.com/reel/1810382415383034/,0,0,Reels,,,,,12/08/2022,0,,,,,,149,0,0,0,0,596.319,4.177
981308769156492,100064197037125,"PC Merchandise","Sulit na sulit! i3 10100F package, ready for pickup or shipping nationwide 🚚",,43,"12/04/2022 00:00",,https://www.facebook.com/reel/1810382415383034/,0,0,Reels,,,,,12/09/2022,0,,,,,,154,0,0,0,0,591.056,4.101
981308769156492,100064197037125,"PC Merchandise","Sulit na sulit! i3 10100F package, ready for pickup or shipping nationwide 🚚",,43,"12/04/2022 00:00",,https://www.facebook.com/reel/1810382415383034/,0,0,Reels,,,,,12/10/2022,0,,,,,,141,0,0,0,0,540.097,4.825
981308769156492,100064197037125,"PC Merchandise","Sulit na sulit! i3 10100F package, ready for pickup or shipping nationwide 🚚",,43,"12/04/2022 00:00",,https://www.facebook.com/reel/1810382415383034/,0,0,Reels,,,,,12/11/2022,0,,,,,,0,0,0,0,0,159.812,4.453
981308769156492,100064197037125,"PC Merchandise","Sulit na sulit! i3 10100F package, ready for pickup or shipping nationwide 🚚",,43,"12/04/2022 00:00",,https://www.facebook.com/reel/1810382415383034/,0,0,Reels,,,,,12/12/2022,0,,,,,,0,0,0,0,0,275.519,6.783
981308769156492,100064197037125,"PC Merchandise","Sulit na sulit! i3 10100F package, ready for pickup or shipping nationwide 🚚",,43,"12/04/2022 00:00",,https://www.facebook.com/reel/1810382415383034/,0,0,Reels,,,,,12/13/2022,0,,,,,,0,0,0,0,0,137.116,4.814
981308769156492,100064197037125,"PC Merchandise","Sulit na sulit! i3 10100F package, ready for pickup or shipping nationwide 🚚",,43,"12/04/2022 00:00",,https://www.facebook.com/reel/1810382415383034/,0,0,Reels,,,,,12/14/2022,0,,,,,,0,0,0,0,0,167.649,5.496
981308769156492,100064197037125,"PC Merchandise","Sulit na sulit! i3 10100F package, ready for pickup or shipping nationwide 🚚",,43,"12/04/2022 00:00",,https://www.facebook.com/reel/1810382415383034/,0,0,Reels,,,,,12/15/2022,0,,,,,,0,0,0,0,0,461.544,5.573
981308769156492,100064197037125,"PC Merchandise","Sulit na sulit! i3 10100F package, ready for pickup or shipping nationwide 🚚",,43,"12/04/2022 00:00",,https://www.facebook.com/reel/1810382415383034/,0,0,Reels,,,,,12/16/2022,0,,,,,,0,0,0,0,0,86.534,6.008
981308769156492,100064197037125,"PC Merchandise","Sulit na sulit! i3 10100F package, ready for pickup or shipping nationwide 🚚",,43,"12/04/2022 00:00",,https://www.facebook.com/reel/1810382415383034/,0,0,Reels,,,,,12/17/2022,0,,,,,,0,0,0,0,0,152.533,3.806
981308769156492,100064197037125,"PC Merchandise","Sulit na sulit! i3 10100F package, ready for pickup or shipping nationwide 🚚",,43,"12/04/2022 00:00",,https://www.facebook.com/reel/1810382415383034/,0,0,Reels,,,,,12/18/2022,0,,,,,,0,0,0,0,0,75.553,6.566
981308769156492,100064197037125,"PC Merchandise","Sulit na sulit! i3 10100F package, ready for pickup or shipping nationwide 🚚",,43,"12/04/2022 00:00",,https://www.facebook.com/reel/1810382415383034/,0,0,Reels,,,,,12/19/2022,0,,,,,,0,0,0,0,0,167.897,5.690
981308769156492,100064197037125,"PC Merchandise","Sulit na sulit! i3 10100F package, ready for pickup or shipping nationwide 🚚",,43,"12/04/2022 00:00",,https://www.facebook.com/reel/1810382415383034/,0,0,Reels,,,,,12/20/2022,0,,,,,,0,0,0,0,0,68.574,5.175
981308769156492,100064197037125,"PC Merchandise","Sulit na sulit! i3 10100F package, ready for pickup or shipping nationwide 🚚",,43,"12/04/2022 00:00",,https://www.facebook.com/reel/1810382415383034/,0,0,Reels,,,,,12/21/2022,0,,,,,,0,0,0,0,0,101.694,4.683
981308769156492,100064197037125,"PC Merchandise","Sulit na sulit! i3 10100F package, ready for pickup or shipping nationwide 🚚",,43,"12/04/2022 00:00",,https://www.facebook.com/reel/1810382415383034/,0,0,Reels,,,,,12/22/2022,0,,,,,,0,0,0,0,0,54.126,4.594
981308769156492,100064197037125,"PC Merchandise","Sulit na sulit! i3 10100F package, ready for pickup or shipping nationwide 🚚",,43,"12/04/2022 00:00",,https://www.facebook.com/reel/1810382415383034/,0,0,Reels,,,,,12/23/2022,0,,,,,,0,0,0,0,0,113.041,5.950
981308769156492,100064197037125,"PC Merchandise","Sulit na sulit! i3 10100F package, ready for pickup or shipping nationwide 🚚",,43,"12/04/2022 00:00",,https://www.facebook.com/reel/1810382415383034/,0,0,Reels,,,,,12/24/2022,0,,,,,,0,0,0,0,0,101.350,5.636
981308769156492,100064197037125,"PC Merchandise","Sulit na sulit! i3 10100F package, ready for pickup or shipping nationwide 🚚",,43,"12/04/2022 00:00",,https://www.facebook.com/reel/1810382415383034/,0,0,Reels,,,,,12/25/2022,0,,,,,,0,0,0,0,0,61.320,6.773
981308769156492,100064197037125,"PC Merchandise","Sulit na sulit! i3 10100F package, ready for pickup or shipping nationwide 🚚",,43,"12/04/2022 00:00",,https://www.facebook.com/reel/1810382415383034/,0,0,Reels,,,,,12/26/2022,0,,,,,,0,0,0,0,0,61.278,6.801
981308769156492,100064197037125,"PC Merchandise","Sulit na sulit! i3 10100F package, ready for pickup or shipping nationwide 🚚",,43,"12/04/2022 00:00",,https://www.facebook.com/reel/1810382415383034/,0,0,Reels,,,,,12/27/2022,0,,,,,,0,0,0,0,0,51.660,5.474
981308769156492,100064197037125,"PC Merchandise","Sulit na sulit! i3 10100F package, ready for pickup or shipping nationwide 🚚",,43,"12/04/2022 00:00",,https://www.facebook.com/reel/1810382415383034/,0,0,Reels,,,,,12/28/2022,0,,,,,,0,0,0,0,0,95.056,5.813
981308769156492,100064197037125,"PC Merchandise","Sulit na sulit! i3 10100F package, ready for pickup or shipping nationwide 🚚",,43,"12/04/2022 00:00",,https://www.facebook.com/reel/1810382415383034/,0,0,Reels,,,,,12/29/2022,0,,,,,,0,0,0,0,0,93.310,6.518
981308769156492,100064197037125,"PC Merchandise","Sulit na sulit! i3 10100F package, ready for pickup or shipping nationwide 🚚",,43,"12/04/2022 00:00",,https://www.facebook.com/reel/1810382415383034/,0,0,Reels,,,,,12/30/2022,0,,,,,,0,0,0,0,0,47.644,5.371
981308769156492,100064197037125,"PC Merchandise","Sulit na sulit! i3 10100F package, ready for pickup or shipping nationwide 🚚",,43,"12/04/2022 00:00",,https://www.facebook.com/reel/1810382415383034/,0,0,Reels,,,,,12/31/2022,0,,,,,,0,0,0,0,0,71.887,5.831
981031607307016,100064197037125,"PC Merchandise","UNBOXING: GTX 1050TI fresh stock just arrived! 📦",,0,"12/01/2022 19:30",,https://www.facebook.com/pcmerchandise.co/posts/pfbid0Nv7JjPOvvQ0EeDLEsXR5FTV2bzZdtAdbgJE8fxAhTdthPSnA7ljIHGUh,0,0,Photos,,,,,12/31/2022,1,,,,,,,,,,,,
981031607307016,100064197037125,"PC Merchandise","UNBOXING: GTX 1050TI fresh stock just arrived! 📦",,0,"12/01/2022 19:30",,https://www.facebook.com/pcmerchandise.co/posts/pfbid0Nv7JjPOvvQ0EeDLEsXR5FTV2bzZdtAdbgJE8fxAhTdthPSnA7ljIHGUh,0,0,Photos,,,,,12/01/2022,,,0,0,0,0,0,0,,,,,
981031607307016,100064197037125,"PC Merchandise","UNBOXING: GTX 1050TI fresh stock just arrived! 📦",,0,"12/01/2022 19:30",,https://www.facebook.com/pcmerchandise.co/posts/pfbid0Nv7JjPOvvQ0EeDLEsXR5FTV2bzZdtAdbgJE8fxAhTdthPSnA7ljIHGUh,0,0,Photos,,,,,12/02/2022,,,0,0,0,0,0,0,,,,,
981031607307016,100064197037125,"PC Merchandise","UNBOXING: GTX 1050TI fresh stock just arrived! 📦",,0,"12/01/2022 19:30",,https://www.facebook.com/pcmerchandise.co/posts/pfbid0Nv7JjPOvvQ0EeDLEsXR5FTV2bzZdtAdbgJE8fxAhTdthPSnA7ljIHGUh,0,0,Photos,,,,,12/03/2022,,,0,0,0,0,0,0,,,,,
981031607307016,100064197037125,"PC Merchandise","UNBOXING: GTX 1050TI fresh stock just arrived! 📦",,0,"12/01/2022 19:30",,https://www.facebook.com/pcmerchandise.co/posts/pfbid0Nv7JjPOvvQ0EeDLEsXR5FTV2bzZdtAdbgJE8fxAhTdthPSnA7ljIHGUh,0,0,Photos,,,,,12/04/2022,,,0,0,0,0,0,0,,,,,
981031607307016,100064197037125,"PC Merchandise","UNBOXING: GTX 1050TI fresh stock just arrived! 📦",,0,"12/01/2022 19:30",,https://www.facebook.com/pcmerchandise.co/posts/pfbid0Nv7JjPOvvQ0EeDLEsXR5FTV2bzZdtAdbgJE8fxAhTdthPSnA7ljIHGUh,0,0,Photos,,,,,12/05/2022,,,0,0,0,0,0,0,,,,,
981031607307016,100064197037125,"PC Merchandise","UNBOXING: GTX 1050TI fresh stock just arrived! 📦",,0,"12/01/2022 19:30",,https://www.facebook.com/pcmerchandise.co/posts/pfbid0Nv7JjPOvvQ0EeDLEsXR5FTV2bzZdtAdbgJE8fxAhTdthPSnA7ljIHGUh,0,0,Photos,,,,,12/06/2022,,,0,0,0,0,0,0,,,,,
981031607307016,100064197037125,"PC Merchandise","UNBOXING: GTX 1050TI fresh stock just arrived! 📦",,0,"12/01/2022 19:30",,https://www.facebook.com/pcmerchandise.co/posts/pfbid0Nv7JjPOvvQ0EeDLEsXR5FTV2bzZdtAdbgJE8fxAhTdthPSnA7ljIHGUh,0,0,Photos,,,,,12/07/2022,,,0,0,0,0,0,0,,,,,
981031607307016,100064197037125,"PC Merchandise","UNBOXING: GTX 1050TI fresh stock just arrived! 📦",,0,"12/01/2022 19:30",,https://www.facebook.com/pcmerchandise.co/posts/pfbid0Nv7JjPOvvQ0EeDLEsXR5FTV2bzZdtAdbgJE8fxAhTdthPSnA7ljIHGUh,0,0,Photos,,,,,12/08/2022,,,0,0,0,0,0,0,,,,,
981031607307016,100064197037125,"PC Merchandise","UNBOXING: GTX 1050TI fresh stock just arrived! 📦",,0,"12/01/2022 19:30",,https://www.facebook.com/pcmerchandise.co/posts/pfbid0Nv7JjPOvvQ0EeDLEsXR5FTV2bzZdtAdbgJE8fxAhTdthPSnA7ljIHGUh,0,0,Photos,,,,,12/09/2022,,,0,0,0,0,0,0,,,,,
981031607307016,100064197037125,"PC Merchandise","UNBOXING: GTX 1050TI fresh stock just arrived! 📦",,0,"12/01/2022 19:30",,https://www.facebook.com/pcmerchandise.co/posts/pfbid0Nv7JjPOvvQ0EeDLEsXR5FTV2bzZdtAdbgJE8fxAhTdthPSnA7ljIHGUh,0,0,Photos,,,,,12/10/2022,,,0,0,0,0,0,0,,,,,
981031607307016,100064197037125,"PC Merchandise","UNBOXING: GTX 1050TI fresh stock just arrived! 📦",,0,"12/01/2022 19:30",,https://www.facebook.com/pcmerchandise.co/posts/pfbid0Nv7JjPOvvQ0EeDLEsXR5FTV2bzZdtAdbgJE8fxAhTdthPSnA7ljIHGUh,0,0,Photos,,,,,12/11/2022,,,0,0,0,0,0,0,,,,,
981031607307016,100064197037125,"PC Merchandise","UNBOXING: GTX 1050TI fresh stock just arrived! 📦",,0,"12/01/2022 19:30",,https://www.facebook.com/pcmerchandise.co/posts/pfbid0Nv7JjPOvvQ0EeDLEsXR5FTV2bzZdtAdbgJE8fxAhTdthPSnA7ljIHGUh,0,0,Photos,,,,,12/12/2022,,,0,0,0,0,0,0,,,,,
981031607307016,100064197037125,"PC Merchandise","UNBOXING: GTX 1050TI fresh stock just arrived! 📦",,0,"12/01/2022 19:30",,https://www.facebook.com/pcmerchandise.co/posts/pfbid0Nv7JjPOvvQ0EeDLEsXR5FTV2bzZdtAdbgJE8fxAhTdthPSnA7ljIHGUh,0,0,Photos,,,,,12/13/2022,,,0,0,0,0,0,0,,,,,
981031607307016,100064197037125,"PC Merchandise","UNBOXING: GTX 1050TI fresh stock just arrived! 📦",,0,"12/01/2022 19:30",,https://www.facebook.com/pcmerchandise.co/posts/pfbid0Nv7JjPOvvQ0EeDLEsXR5FTV2bzZdtAdbgJE8fxAhTdthPSnA7ljIHGUh,0,0,Photos,,,,,12/14/2022,,,0,0,0,0,0,0,,,,,
981031607307016,100064197037125,"PC Merchandise","UNBOXING: GTX 1050TI fresh stock just arrived! 📦",,0,"12/01/2022 19:30",,https://www.facebook.com/pcmerchandise.co/posts/pfbid0Nv7JjPOvvQ0EeDLEsXR5FTV2bzZdtAdbgJE8fxAhTdthPSnA7ljIHGUh,0,0,Photos,,,,,12/15/2022,,,0,0,0,0,0,0,,,,,
981031607307016,100064197037125,"PC Merchandise","UNBOXING: GTX 1050TI fresh stock just arrived! 📦",,0,"12/01/2022 19:30",,https://www.facebook.com/pcmerchandise.co/posts/pfbid0Nv7JjPOvvQ0EeDLEsXR5FTV2bzZdtAdbgJE8fxAhTdthPSnA7ljIHGUh,0,0,Photos,,,,,12/16/2022,,,0,0,0,0,0,0,,,,,
981031607307016,100064197037125,"PC Merchandise","UNBOXING: GTX 1050TI fresh stock just arrived! 📦",,0,"12/01/2022 19:30",,https://www.facebook.com/pcmerchandise.co/posts/pfbid0Nv7JjPOvvQ0EeDLEsXR5FTV2bzZdtAdbgJE8fxAhTdthPSnA7ljIHGUh,0,0,Photos,,,,,12/17/2022,,,0,0,0,0,0,0,,,,,
981031607307016,100064197037125,"PC Merchandise","UNBOXING: GTX 1050TI fresh stock just arrived! 📦",,0,"12/01/2022 19:30",,https://www.facebook.com/pcmerchandise.co/posts/pfbid0Nv7JjPOvvQ0EeDLEsXR5FTV2bzZdtAdbgJE8fxAhTdthPSnA7ljIHGUh,0,0,Photos,,,,,12/18/2022,,,0,0,0,0,0,0,,,,,
981031607307016,100064197037125,"PC Merchandise","UNBOXING: GTX 1050TI fresh stock just arrived! 📦",,0,"12/01/2022 19:30",,https://www.facebook.com/pcmerchandise.co/posts/pfbid0Nv7JjPOvvQ0EeDLEsXR5FTV2bzZdtAdbgJE8fxAhTdthPSnA7ljIHGUh,0,0,Photos,,,,,12/19/2022,,,0,0,0,0,0,0,,,,,
981031607307016,100064197037125,"PC Merchandise","UNBOXING: GTX 1050TI fresh stock just arrived! 📦",,0,"12/01/2022 19:30",,https://www.facebook.com/pcmerchandise.co/posts/pfbid0Nv7JjPOvvQ0EeDLEsXR5FTV2bzZdtAdbgJE8fxAhTdthPSnA7ljIHGUh,0,0,Photos,,,,,12/20/2022,,,0,0,0,0,0,0,,,,,
981031607307016,100064197037125,"PC Merchandise","UNBOXING: GTX 1050TI fresh stock just arrived! 📦",,0,"12/01/2022 19:30",,https://www.facebook.com/pcmerchandise.co/posts/pfbid0Nv7JjPOvvQ0EeDLEsXR5FTV2bzZdtAdbgJE8fxAhTdthPSnA7ljIHGUh,0,0,Photos,,,,,12/21/2022,,,0,0,0,0,0,0,,,,,
981031607307016,100064197037125,"PC Merchandise","UNBOXING: GTX 1050TI fresh stock just arrived! 📦",,0,"12/01/2022 19:30",,https://www.facebook.com/pcmerchandise.co/posts/pfbid0Nv7JjPOvvQ0EeDLEsXR5FTV2bzZdtAdbgJE8fxAhTdthPSnA7ljIHGUh,0,0,Photos,,,,,12/22/2022,,,0,0,0,0,0,0,,,,,
981031607307016,100064197037125,"PC Merchandise","UNBOXING: GTX 1050TI fresh stock just arrived! 📦",,0,"12/01/2022 19:30",,https://www.facebook.com/pcmerchandise.co/posts/pfbid0Nv7JjPOvvQ0EeDLEsXR5FTV2bzZdtAdbgJE8fxAhTdthPSnA7ljIHGUh,0,0,Photos,,,,,12/23/2022,,,0,0,0,0,0,0,,,,,
981031607307016,100064197037125,"PC Merchandise","UNBOXING: GTX 1050TI fresh stock just arrived! 📦",,0,"12/01/2022 19:30",,https://www.facebook.com/pcmerchandise.co/posts/pfbid0Nv7JjPOvvQ0EeDLEsXR5FTV2bzZdtAdbgJE8fxAhTdthPSnA7ljIHGUh,0,0,Photos,,,,,12/24/2022,,,0,0,0,0,0,0,,,,,
981031607307016,100064197037125,"PC Merchandise","UNBOXING: GTX 1050TI fresh stock just arrived! 📦",,0,"12/01/2022 19:30",,https://www.facebook.com/pcmerchandise.co/posts/pfbid0Nv7JjPOvvQ0EeDLEsXR5FTV2bzZdtAdbgJE8fxAhTdthPSnA7ljIHGUh,0,0,Photos,,,,,12/25/2022,,,0,0,0,0,0,0,,,,,
981031607307016,100064197037125,"PC Merchandise","UNBOXING: GTX 1050TI fresh stock just arrived! 📦",,0,"12/01/2022 19:30",,https://www.facebook.com/pcmerchandise.co/posts/pfbid0Nv7JjPOvvQ0EeDLEsXR5FTV2bzZdtAdbgJE8fxAhTdthPSnA7ljIHGUh,0,0,Photos,,,,,12/26/2022,,,0,0,0,0,0,0,,,,,
981031607307016,100064197037125,"PC Merchandise","UNBOXING: GTX 1050TI fresh stock just arrived! 📦",,0,"12/01/2022 19:30",,https://www.facebook.com/pcmerchandise.co/posts/pfbid0Nv7JjPOvvQ0EeDLEsXR5FTV2bzZdtAdbgJE8fxAhTdthPSnA7ljIHGUh,0,0,Photos,,,,,12/27/2022,,,0,0,0,0,0,0,,,,,
981031607307016,100064197037125,"PC Merchandise","UNBOXING: GTX 1050TI fresh stock just arrived! 📦",,0,"12/01/2022 19:30",,https://www.facebook.com/pcmerchandise.co/posts/pfbid0Nv7JjPOvvQ0EeDLEsXR5FTV2bzZdtAdbgJE8fxAhTdthPSnA7ljIHGUh,0,0,Photos,,,,,12/28/2022,,,0,0,0,0,0,0,,,,,
981031607307016,100064197037125,"PC Merchandise","UNBOXING: GTX 1050TI fresh stock just arrived! 📦",,0,"12/01/2022 19:30",,https://www.facebook.com/pcmerchandise.co/posts/pfbid0Nv7JjPOvvQ0EeDLEsXR5FTV2bzZdtAdbgJE8fxAhTdthPSnA7ljIHGUh,0,0,Photos,,,,,12/29/2022,,,0,0,0,0,0,0,,,,,
981031607307016,100064197037125,"PC Merchandise","UNBOXING: GTX 1050TI fresh stock just arrived! 📦",,0,"12/01/2022 19:30",,https://www.facebook.com/pcmerchandise.co/posts/pfbid0Nv7JjPOvvQ0EeDLEsXR5FTV2bzZdtAdbgJE8fxAhTdthPSnA7ljIHGUh,0,0,Photos,,,,,12/30/2022,,,0,0,0,0,0,0,,,,,
981031607307016,100064197037125,"PC Merchandise","UNBOXING: GTX 1050TI fresh stock just arrived! 📦",,0,"12/01/2022 19:30",,https://www.facebook.com/pcmerchandise.co/posts/pfbid0Nv7JjPOvvQ0EeDLEsXR5FTV2bzZdtAdbgJE8fxAhTdthPSnA7ljIHGUh,0,0,Photos,,,,,12/31/2022,,,0,0,0,0,0,0,,,,,
981158899701345,100064197037125,"PC Merchandise","ito na po yung ghost project🥲",,85,"12/01/2022 17:00",,https://www.facebook.com/reel/1889349525643111/,0,0,Reels,,,,,12/01/2022,0,,,,,,0,0,1,1,0,20.414,3.558
981158899701345,100064197037125,"PC Merchandise","ito na po yung ghost project🥲",,85,"12/01/2022 17:00",,https://www.facebook.com/reel/1889349525643111/,0,0,Reels,,,,,12/02/2022,0,,,,,,0,0,0,0,0,23.879,3.803
981158899701345,100064197037125,"PC Merchandise","ito na po yung ghost project🥲",,85,"12/01/2022 17:00",,https://www.facebook.com/reel/1889349525643111/,0,0,Reels,,,,,12/03/2022,0,,,,,,0,0,0,0,0,17.935,5.102
981158899701345,100064197037125,"PC Merchandise","ito na po yung ghost project🥲",,85,"12/01/2022 17:00",,https://www.facebook.com/reel/1889349525643111/,0,0,Reels,,,,,12/04/2022,0,,,,,,0,0,0,0,0,9.030,2.645
981158899701345,100064197037125,"PC Merchandise","ito na po yung ghost project🥲",,85,"12/01/2022 17:00",,https://www.facebook.com/reel/1889349525643111/,0,0,Reels,,,,,12/05/2022,0,,,,,,0,0,0,0,0,5.499,3.576
981158899701345,100064197037125,"PC Merchandise","ito na po yung ghost project🥲",,85,"12/01/2022 17:00",,https://www.facebook.com/reel/1889349525643111/,0,0,Reels,,,,,12/06/2022,0,,,,,,0,0,1,1,0,2.833,4.865
981158899701345,100064197037125,"PC Merchandise","ito na po yung ghost project🥲",,85,"12/01/2022 17:00",,https://www.facebook.com/reel/1889349525643111/,0,0,Reels,,,,,12/07/2022,0,,,,,,0,0,0,0,0,6.378,2.145
981158899701345,100064197037125,"PC Merchandise","ito na po yung ghost project🥲",,85,"12/01/2022 17:00",,https://www.facebook.com/reel/1889349525643111/,0,0,Reels,,,,,12/08/2022,0,,,,,,0,0,0,0,0,2.959,3.582
981158899701345,100064197037125,"PC Merchandise","ito na po yung ghost project🥲",,85,"12/01/2022 17:00",,https://www.facebook.com/reel/1889349525643111/,0,0,Reels,,,,,12/09/2022,0,,,,,,0,0,1,1,0,2.969,2.097
981158899701345,100064197037125,"PC Merchandise","ito na po yung ghost project🥲",,85,"12/01/2022 17:00",,https://www.facebook.com/reel/1889349525643111/,0,0,Reels,,,,,12/10/2022,0,,,,,,0,0,0,0,0,1.568,3.068
981158899701345,100064197037125,"PC Merchandise","ito na po yung ghost project🥲",,85,"12/01/2022 17:00",,https://www.facebook.com/reel/1889349525643111/,0,0,Reels,,,,,12/11/2022,0,,,,,,0,0,1,1,0,3.466,2.943
981158899701345,100064197037125,"PC Merchandise","ito na po yung ghost project🥲",,85,"12/01/2022 17:00",,https://www.facebook.com/reel/1889349525643111/,0,0,Reels,,,,,12/12/2022,0,,,,,,0,0,0,0,0,2.057,3.931
981158899701345,100064197037125,"PC Merchandise","ito na po yung ghost project🥲",,85,"12/01/2022 17:00",,https://www.facebook.com/reel/1889349525643111/,0,0,Reels,,,,,12/13/2022,0,,,,,,0,0,0,0,0,1.273,5.074
981158899701345,100064197037125,"PC Merchandise","ito na po yung ghost project🥲",,85,"12/01/2022 17:00",,https://www.facebook.com/reel/1889349525643111/,0,0,Reels,,,,,12/14/2022,0,,,,,,0,0,0,0,0,0.805,2.572
981158899701345,100064197037125,"PC Merchandise","ito na po yung ghost project🥲",,85,"12/01/2022 17:00",,https://www.facebook.com/reel/1889349525643111/,0,0,Reels,,,,,12/15/2022,0,,,,,,0,0,0,0,0,1.606,2.554
981158899701345,100064197037125,"PC Merchandise","ito na po yung ghost project🥲",,85,"12/01/2022 17:00",,https://www.facebook.com/reel/1889349525643111/,0,0,Reels,,,,,12/16/2022,0,,,,,,0,0,0,0,0,2.087,3.016
981158899701345,100064197037125,"PC Merchandise","ito na po yung ghost project🥲",,85,"12/01/2022 17:00",,https://www.facebook.com/reel/1889349525643111/,0,0,Reels,,,,,12/17/2022,0,,,,,,0,0,0,0,0,1.097,4.320
981158899701345,100064197037125,"PC Merchandise","ito na po yung ghost project🥲",,85,"12/01/2022 17:00",,https://www.facebook.com/reel/1889349525643111/,0,0,Reels,,,,,12/18/2022,0,,,,,,0,0,0,0,0,1.432,3.334
981158899701345,100064197037125,"PC Merchandise","ito na po yung ghost project🥲",,85,"12/01/2022 17:00",,https://www.facebook.com/reel/1889349525643111/,0,0,Reels,,,,,12/19/2022,0,,,,,,0,0,0,0,0,0.948,4.342
981158899701345,100064197037125,"PC Merchandise","ito na po yung ghost project🥲",,85,"12/01/2022 17:00",,https://www.facebook.com/reel/1889349525643111/,0,0,Reels,,,,,12/20/2022,0,,,,,,0,0,1,1,0,0.982,2.061
981158899701345,100064197037125,"PC Merchandise","ito na po yung ghost project🥲",,85,"12/01/2022 17:00",,https://www.facebook.com/reel/1889349525643111/,0,0,Reels,,,,,12/21/2022,0,,,,,,0,0,0,0,0,1.387,4.479
981158899701345,100064197037125,"PC Merchandise","ito na po yung ghost project🥲",,85,"12/01/2022 17:00",,https://www.facebook.com/reel/1889349525643111/,0,0,Reels,,,,,12/22/2022,0,,,,,,0,0,0,0,0,1.042,3.312
981158899701345,100064197037125,"PC Merchandise","ito na po yung ghost project🥲",,85,"12/01/2022 17:00",,https://www.facebook.com/reel/1889349525643111/,0,0,Reels,,,,,12/23/2022,0,,,,,,0,0,0,0,0,1.247,4.373
981158899701345,100064197037125,"PC Merchandise","ito na po yung ghost project🥲",,85,"12/01/2022 17:00",,https://www.facebook.com/reel/1889349525643111/,0,0,Reels,,,,,12/24/2022,0,,,,,,0,0,0,0,0,1.127,3.486
981158899701345,100064197037125,"PC Merchandise","ito na po yung ghost project🥲",,85,"12/01/2022 17:00",,https://www.facebook.com/reel/1889349525643111/,0,0,Reels,,,,,12/25/2022,0,,,,,,0,0,0,0,0,0.898,4.090
981158899701345,100064197037125,"PC Merchandise","ito na po yung ghost project🥲",,85,"12/01/2022 17:00",,https://www.facebook.com/reel/1889349525643111/,0,0,Reels,,,,,12/26/2022,0,,,,,,0,0,0,0,0,1.017,3.675
981158899701345,100064197037125,"PC Merchandise","ito na po yung ghost project🥲",,85,"12/01/2022 17:00",,https://www.facebook.com/reel/1889349525643111/,0,0,Reels,,,,,12/27/2022,0,,,,,,0,0,0,0,0,0.791,3.702
981158899701345,100064197037125,"PC Merchandise","ito na po yung ghost project🥲",,85,"12/01/2022 17:00",,https://www.facebook.com/reel/1889349525643111/,0,0,Reels,,,,,12/28/2022,0,,,,,,0,0,0,0,0,1.210,2.729
981158899701345,100064197037125,"PC Merchandise","ito na po yung ghost project🥲",,85,"12/01/2022 17:00",,https://www.facebook.com/reel/1889349525643111/,0,0,Reels,,,,,12/29/2022,0,,,,,,0,0,0,0,0,1.060,3.067
981158899701345,100064197037125,"PC Merchandise","ito na po yung ghost project🥲",,85,"12/01/2022 17:00",,https://www.facebook.com/reel/1889349525643111/,0,0,Reels,,,,,12/30/2022,0,,,,,,0,0,0,0,0,1.449,4.191
981158899701345,100064197037125,"PC Merchandise","ito na po yung ghost project🥲",,85,"12/01/2022 17:00",,https://www.facebook.com/reel/1889349525643111/,0,0,Reels,,,,,12/31/2022,0,,,,,,0,0,0,0,0,1.128,3.816
