"Post ID","Page ID","Page name",Title,Description,"Duration (sec)","Publish time","Caption type",Permalink,"Is crosspost","Is share","Post type",Languages,"Custom labels","Funded content status","Data comment",Date,Shares,"Approximate content monetization earnings","3-second video views","1-minute video views","3-Second viewers","1-minute viewers","3-second video views from Boosted posts","3-second video views from Organic posts","Reactions, Comments and Shares",Reactions,Comments,"Seconds viewed","Average Seconds viewed"
1049684996327230,100064197037125,"PC Merchandise","Free deliver within Binan! i5 12400F packages all-in na.",,81,"11/30/2023 20:00",,https://www.facebook.com/reel/1093938297783221/,0,0,Reels,,,,,11/01/2023,0,,,,,,0,0,0,0,0,0.000,1.814
1049684996327230,100064197037125,"PC Merchandise","Free deliver within Binan! i5 12400F packages all-in na.",,81,"11/30/2023 20:00",,https://www.facebook.com/reel/1093938297783221/,0,0,Reels,,,,,11/02/2023,0,,,,,,0,0,0,0,0,0.000,3.157
1049684996327230,100064197037125,"PC Merchandise","Free deliver within Binan! i5 12400F packages all-in na.",,81,"11/30/2023 20:00",,https://www.facebook.com/reel/1093938297783221/,0,0,Reels,,,,,11/03/2023,0,,,,,,0,0,0,0,0,0.000,1.908
1049684996327230,100064197037125,"PC Merchandise","Free deliver within Binan! i5 12400F packages all-in na.",,81,"11/30/2023 20:00",,https://www.facebook.com/reel/1093938297783221/,0,0,Reels,,,,,11/04/2023,0,,,,,,0,0,0,0,0,0.000,1.500
1049684996327230,100064197037125,"PC Merchandise","Free deliver within Binan! i5 12400F packages all-in na.",,81,"11/30/2023 20:00",,https://www.facebook.com/reel/1093938297783221/,0,0,Reels,,,,,11/05/2023,0,,,,,,0,0,0,0,0,0.000,1.824
1049684996327230,100064197037125,"PC Merchandise","Free deliver within Binan! i5 12400F packages all-in na.",,81,"11/30/2023 20:00",,https://www.facebook.com/reel/1093938297783221/,0,0,Reels,,,,,11/06/2023,0,,,,,,0,0,0,0,0,0.000,4.001
1049684996327230,100064197037125,"PC Merchandise","Free deliver within Binan! i5 12400F packages all-in na.",,81,"11/30/2023 20:00",,https://www.facebook.com/reel/1093938297783221/,0,0,Reels,,,,,11/07/2023,0,,,,,,0,0,0,0,0,0.000,3.460
1049684996327230,100064197037125,"PC Merchandise","Free deliver within Binan! i5 12400F packages all-in na.",,81,"11/30/2023 20:00",,https://www.facebook.com/reel/1093938297783221/,0,0,Reels,,,,,11/08/2023,0,,,,,,0,0,0,0,0,0.000,3.755
1049684996327230,100064197037125,"PC Merchandise","Free deliver within Binan! i5 12400F packages all-in na.",,81,"11/30/2023 20:00",,https://www.facebook.com/reel/1093938297783221/,0,0,Reels,,,,,11/09/2023,0,,,,,,0,0,0,0,0,0.000,1.908
1049684996327230,100064197037125,"PC Merchandise","Free deliver within Binan! i5 12400F packages all-in na.",,81,"11/30/2023 20:00",,https://www.facebook.com/reel/1093938297783221/,0,0,Reels,,,,,11/10/2023,0,,,,,,0,0,0,0,0,0.000,4.001
1049684996327230,100064197037125,"PC Merchandise","Free deliver within Binan! i5 12400F packages all-in na.",,81,"11/30/2023 20:00",,https://www.facebook.com/reel/1093938297783221/,0,0,Reels,,,,,11/11/2023,0,,,,,,0,0,0,0,0,0.000,2.395
1049684996327230,100064197037125,"PC Merchandise","Free deliver within Binan! i5 12400F packages all-in na.",,81,"11/30/2023 20:00",,https://www.facebook.com/reel/1093938297783221/,0,0,Reels,,,,,11/12/2023,0,,,,,,0,0,0,0,0,0.000,2.259
1049684996327230,100064197037125,"PC Merchandise","Free deliver within Binan! i5 12400F packages all-in na.",,81,"11/30/2023 20:00",,https://www.facebook.com/reel/1093938297783221/,0,0,Reels,,,,,11/13/2023,0,,,,,,0,0,0,0,0,0.000,2.270
1049684996327230,100064197037125,"PC Merchandise","Free deliver within Binan! i5 12400F packages all-in na.",,81,"11/30/2023 20:00",,https://www.facebook.com/reel/1093938297783221/,0,0,Reels,,,,,11/14/2023,0,,,,,,0,0,0,0,0,0.000,1.962
1049684996327230,100064197037125,"PC Merchandise","Free deliver within Binan! i5 12400F packages all-in na.",,81,"11/30/2023 20:00",,https://www.facebook.com/reel/1093938297783221/,0,0,Reels,,,,,11/15/2023,0,,,,,,0,0,0,0,0,0.000,1.925
1049684996327230,100064197037125,"PC Merchandise","Free deliver within Binan! i5 12400F packages all-in na.",,81,"11/30/2023 20:00",,https://www.facebook.com/reel/1093938297783221/,0,0,Reels,,,,,11/16/2023,0,,,,,,0,0,0,0,0,0.000,1.503
1049684996327230,100064197037125,"PC Merchandise","Free deliver within Binan! i5 12400F packages all-in na.",,81,"11/30/2023 20:00",,https://www.facebook.com/reel/1093938297783221/,0,0,Reels,,,,,11/17/2023,0,,,,,,0,0,0,0,0,0.000,1.500
1049684996327230,100064197037125,"PC Merchandise","Free deliver within Binan! i5 12400F packages all-in na.",,81,"11/30/2023 20:00",,https://www.facebook.com/reel/1093938297783221/,0,0,Reels,,,,,11/18/2023,0,,,,,,0,0,0,0,0,0.000,1.900
1049684996327230,100064197037125,"PC Merchandise","Free deliver within Binan! i5 12400F packages all-in na.",,81,"11/30/2023 20:00",,https://www.facebook.com/reel/1093938297783221/,0,0,Reels,,,,,11/19/2023,0,,,,,,0,0,0,0,0,0.000,1.500
1049684996327230,100064197037125,"PC Merchandise","Free deliver within Binan! i5 12400F packages all-in na.",,81,"11/30/2023 20:00",,https://www.facebook.com/reel/1093938297783221/,0,0,Reels,,,,,11/20/2023,0,,,,,,0,0,0,0,0,0.000,2.487
1049684996327230,100064197037125,"PC Merchandise","Free deliver within Binan! i5 12400F packages all-in na.",,81,"11/30/2023 20:00",,https://www.facebook.com/reel/1093938297783221/,0,0,Reels,,,,,11/21/2023,0,,,,,,0,0,0,0,0,0.000,1.621
1049684996327230,100064197037125,"PC Merchandise","Free deliver within Binan! i5 12400F packages all-in na.",,81,"11/30/2023 20:00",,https://www.facebook.com/reel/1093938297783221/,0,0,Reels,,,,,11/22/2023,0,,,,,,0,0,0,0,0,0.000,1.779
1049684996327230,100064197037125,"PC Merchandise","Free deliver within Binan! i5 12400F packages all-in na.",,81,"11/30/2023 20:00",,https://www.facebook.com/reel/1093938297783221/,0,0,Reels,,,,,11/23/2023,0,,,,,,0,0,0,0,0,0.000,2.438
1049684996327230,100064197037125,"PC Merchandise","Free deliver within Binan! i5 12400F packages all-in na.",,81,"11/30/2023 20:00",,https://www.facebook.com/reel/1093938297783221/,0,0,Reels,,,,,11/24/2023,0,,,,,,0,0,0,0,0,0.000,1.538
1049684996327230,100064197037125,"PC Merchandise","Free deliver within Binan! i5 12400F packages all-in na.",,81,"11/30/2023 20:00",,https://www.facebook.com/reel/1093938297783221/,0,0,Reels,,,,,11/25/2023,0,,,,,,0,0,0,0,0,0.000,1.938
1049684996327230,100064197037125,"PC Merchandise","Free deliver within Binan! i5 12400F packages all-in na.",,81,"11/30/2023 20:00",,https://www.facebook.com/reel/1093938297783221/,0,0,Reels,,,,,11/26/2023,0,,,,,,0,0,0,0,0,0.000,2.745
1049684996327230,100064197037125,"PC Merchandise","Free deliver within Binan! i5 12400F packages all-in na.",,81,"11/30/2023 20:00",,https://www.facebook.com/reel/1093938297783221/,0,0,Reels,,,,,11/27/2023,0,,,,,,0,0,0,0,0,0.000,1.877
1049684996327230,100064197037125,"PC Merchandise","Free deliver within Binan! i5 12400F packages all-in na.",,81,"11/30/2023 20:00",,https://www.facebook.com/reel/1093938297783221/,0,0,Reels,,,,,11/28/2023,0,,,,,,0,0,0,0,0,0.000,3.042
1049684996327230,100064197037125,"PC Merchandise","Free deliver within Binan! i5 12400F packages all-in na.",,81,"11/30/2023 20:00",,https://www.facebook.com/reel/1093938297783221/,0,0,Reels,,,,,11/29/2023,0,,,,,,0,0,0,0,0,0.000,2.954
1049684996327230,100064197037125,"PC Merchandise","Free deliver within Binan! i5 12400F packages all-in na.",,81,"11/30/2023 20:00",,https://www.facebook.com/reel/1093938297783221/,0,0,Reels,,,,,11/30/2023,0,,,,,,0,0,0,0,0,1275.554,2.473
1049984154703911,100064197037125,"PC Merchandise","𝐒𝐎𝐋𝐃 𝐑𝐘𝐙𝐄𝐍 𝟓 𝟓𝟔𝟎𝟎𝐆 (𝟏𝟎𝐏𝐂𝐒) (10PCS)
𝐂𝐎𝐌𝐒𝐇𝐎𝐏 𝐏𝐀𝐂𝐊𝐀𝐆𝐄
#PCMERCHANDISE #PCMBUILDS",,38,"11/30/2023 19:00",auto,https://www.facebook.com/reel/1815833602157833/,0,0,Reels,,,,,11/01/2023,0,,,,,,0,0,0,0,0,0.000,3.727
1049984154703911,100064197037125,"PC Merchandise","𝐒𝐎𝐋𝐃 𝐑𝐘𝐙𝐄𝐍 𝟓 𝟓𝟔𝟎𝟎𝐆 (𝟏𝟎𝐏𝐂𝐒) (10PCS)
𝐂𝐎𝐌𝐒𝐇𝐎𝐏 𝐏𝐀𝐂𝐊𝐀𝐆𝐄
#PCMERCHANDISE #PCMBUILDS",,38,"11/30/2023 19:00",auto,https://www.facebook.com/reel/1815833602157833/,0,0,Reels,,,,,11/02/2023,0,,,,,,0,0,0,0,0,0.000,5.130
1049984154703911,100064197037125,"PC Merchandise","𝐒𝐎𝐋𝐃 𝐑𝐘𝐙𝐄𝐍 𝟓 𝟓𝟔𝟎𝟎𝐆 (𝟏𝟎𝐏𝐂𝐒) (10PCS)
𝐂𝐎𝐌𝐒𝐇𝐎𝐏 𝐏𝐀𝐂𝐊𝐀𝐆𝐄
#PCMERCHANDISE #PCMBUILDS",,38,"11/30/2023 19:00",auto,https://www.facebook.com/reel/1815833602157833/,0,0,Reels,,,,,11/03/2023,0,,,,,,0,0,0,0,0,0.000,4.995
1049984154703911,100064197037125,"PC Merchandise","𝐒𝐎𝐋𝐃 𝐑𝐘𝐙𝐄𝐍 𝟓 𝟓𝟔𝟎𝟎𝐆 (𝟏𝟎𝐏𝐂𝐒) (10PCS)
𝐂𝐎𝐌𝐒𝐇𝐎𝐏 𝐏𝐀𝐂𝐊𝐀𝐆𝐄
#PCMERCHANDISE #PCMBUILDS",,38,"11/30/2023 19:00",auto,https://www.facebook.com/reel/1815833602157833/,0,0,Reels,,,,,11/04/2023,0,,,,,,0,0,0,0,0,0.000,3.729
1049984154703911,100064197037125,"PC Merchandise","𝐒𝐎𝐋𝐃 𝐑𝐘𝐙𝐄𝐍 𝟓 𝟓𝟔𝟎𝟎𝐆 (𝟏𝟎𝐏𝐂𝐒) (10PCS)
𝐂𝐎𝐌𝐒𝐇𝐎𝐏 𝐏𝐀𝐂𝐊𝐀𝐆𝐄
#PCMERCHANDISE #PCMBUILDS",,38,"11/30/2023 19:00",auto,https://www.facebook.com/reel/1815833602157833/,0,0,Reels,,,,,11/05/2023,0,,,,,,0,0,0,0,0,0.000,6.563
1049984154703911,100064197037125,"PC Merchandise","𝐒𝐎𝐋𝐃 𝐑𝐘𝐙𝐄𝐍 𝟓 𝟓𝟔𝟎𝟎𝐆 (𝟏𝟎𝐏𝐂𝐒) (10PCS)
𝐂𝐎𝐌𝐒𝐇𝐎𝐏 𝐏𝐀𝐂𝐊𝐀𝐆𝐄
#PCMERCHANDISE #PCMBUILDS",,38,"11/30/2023 19:00",auto,https://www.facebook.com/reel/1815833602157833/,0,0,Reels,,,,,11/06/2023,0,,,,,,0,0,0,0,0,0.000,4.432
1049984154703911,100064197037125,"PC Merchandise","𝐒𝐎𝐋𝐃 𝐑𝐘𝐙𝐄𝐍 𝟓 𝟓𝟔𝟎𝟎𝐆 (𝟏𝟎𝐏𝐂𝐒) (10PCS)
𝐂𝐎𝐌𝐒𝐇𝐎𝐏 𝐏𝐀𝐂𝐊𝐀𝐆𝐄
#PCMERCHANDISE #PCMBUILDS",,38,"11/30/2023 19:00",auto,https://www.facebook.com/reel/1815833602157833/,0,0,Reels,,,,,11/07/2023,0,,,,,,0,0,0,0,0,0.000,3.662
1049984154703911,100064197037125,"PC Merchandise","𝐒𝐎𝐋𝐃 𝐑𝐘𝐙𝐄𝐍 𝟓 𝟓𝟔𝟎𝟎𝐆 (𝟏𝟎𝐏𝐂𝐒) (10PCS)
𝐂𝐎𝐌𝐒𝐇𝐎𝐏 𝐏𝐀𝐂𝐊𝐀𝐆𝐄
#PCMERCHANDISE #PCMBUILDS",,38,"11/30/2023 19:00",auto,https://www.facebook.com/reel/1815833602157833/,0,0,Reels,,,,,11/08/2023,0,,,,,,0,0,0,0,0,0.000,3.312
1049984154703911,100064197037125,"PC Merchandise","𝐒𝐎𝐋𝐃 𝐑𝐘𝐙𝐄𝐍 𝟓 𝟓𝟔𝟎𝟎𝐆 (𝟏𝟎𝐏𝐂𝐒) (10PCS)
𝐂𝐎𝐌𝐒𝐇𝐎𝐏 𝐏𝐀𝐂𝐊𝐀𝐆𝐄
#PCMERCHANDISE #PCMBUILDS",,38,"11/30/2023 19:00",auto,https://www.facebook.com/reel/1815833602157833/,0,0,Reels,,,,,11/09/2023,0,,,,,,0,0,0,0,0,0.000,5.134
1049984154703911,100064197037125,"PC Merchandise","𝐒𝐎𝐋𝐃 𝐑𝐘𝐙𝐄𝐍 𝟓 𝟓𝟔𝟎𝟎𝐆 (𝟏𝟎𝐏𝐂𝐒) (10PCS)
𝐂𝐎𝐌𝐒𝐇𝐎𝐏 𝐏𝐀𝐂𝐊𝐀𝐆𝐄
#PCMERCHANDISE #PCMBUILDS",,38,"11/30/2023 19:00",auto,https://www.facebook.com/reel/1815833602157833/,0,0,Reels,,,,,11/10/2023,0,,,,,,0,0,0,0,0,0.000,5.087
1049984154703911,100064197037125,"PC Merchandise","𝐒𝐎𝐋𝐃 𝐑𝐘𝐙𝐄𝐍 𝟓 𝟓𝟔𝟎𝟎𝐆 (𝟏𝟎𝐏𝐂𝐒) (10PCS)
𝐂𝐎𝐌𝐒𝐇𝐎𝐏 𝐏𝐀𝐂𝐊𝐀𝐆𝐄
#PCMERCHANDISE #PCMBUILDS",,38,"11/30/2023 19:00",auto,https://www.facebook.com/reel/1815833602157833/,0,0,Reels,,,,,11/11/2023,0,,,,,,0,0,0,0,0,0.000,3.092
1049984154703911,100064197037125,"PC Merchandise","𝐒𝐎𝐋𝐃 𝐑𝐘𝐙𝐄𝐍 𝟓 𝟓𝟔𝟎𝟎𝐆 (𝟏𝟎𝐏𝐂𝐒) (10PCS)
𝐂𝐎𝐌𝐒𝐇𝐎𝐏 𝐏𝐀𝐂𝐊𝐀𝐆𝐄
#PCMERCHANDISE #PCMBUILDS",,38,"11/30/2023 19:00",auto,https://www.facebook.com/reel/1815833602157833/,0,0,Reels,,,,,11/12/2023,0,,,,,,0,0,0,0,0,0.000,3.402
1049984154703911,100064197037125,"PC Merchandise","𝐒𝐎𝐋𝐃 𝐑𝐘𝐙𝐄𝐍 𝟓 𝟓𝟔𝟎𝟎𝐆 (𝟏𝟎𝐏𝐂𝐒) (10PCS)
𝐂𝐎𝐌𝐒𝐇𝐎𝐏 𝐏𝐀𝐂𝐊𝐀𝐆𝐄
#PCMERCHANDISE #PCMBUILDS",,38,"11/30/2023 19:00",auto,https://www.facebook.com/reel/1815833602157833/,0,0,Reels,,,,,11/13/2023,0,,,,,,0,0,0,0,0,0.000,6.051
1049984154703911,100064197037125,"PC Merchandise","𝐒𝐎𝐋𝐃 𝐑𝐘𝐙𝐄𝐍 𝟓 𝟓𝟔𝟎𝟎𝐆 (𝟏𝟎𝐏𝐂𝐒) (10PCS)
𝐂𝐎𝐌𝐒𝐇𝐎𝐏 𝐏𝐀𝐂𝐊𝐀𝐆𝐄
#PCMERCHANDISE #PCMBUILDS",,38,"11/30/2023 19:00",auto,https://www.facebook.com/reel/1815833602157833/,0,0,Reels,,,,,11/14/2023,0,,,,,,0,0,0,0,0,0.000,4.686
1049984154703911,100064197037125,"PC Merchandise","𝐒𝐎𝐋𝐃 𝐑𝐘𝐙𝐄𝐍 𝟓 𝟓𝟔𝟎𝟎𝐆 (𝟏𝟎𝐏𝐂𝐒) (10PCS)
𝐂𝐎𝐌𝐒𝐇𝐎𝐏 𝐏𝐀𝐂𝐊𝐀𝐆𝐄
#PCMERCHANDISE #PCMBUILDS",,38,"11/30/2023 19:00",auto,https://www.facebook.com/reel/1815833602157833/,0,0,Reels,,,,,11/15/2023,0,,,,,,0,0,0,0,0,0.000,5.205
1049984154703911,100064197037125,"PC Merchandise","𝐒𝐎𝐋𝐃 𝐑𝐘𝐙𝐄𝐍 𝟓 𝟓𝟔𝟎𝟎𝐆 (𝟏𝟎𝐏𝐂𝐒) (10PCS)
𝐂𝐎𝐌𝐒𝐇𝐎𝐏 𝐏𝐀𝐂𝐊𝐀𝐆𝐄
#PCMERCHANDISE #PCMBUILDS",,38,"11/30/2023 19:00",auto,https://www.facebook.com/reel/1815833602157833/,0,0,Reels,,,,,11/16/2023,0,,,,,,0,0,0,0,0,0.000,5.692
1049984154703911,100064197037125,"PC Merchandise","𝐒𝐎𝐋𝐃 𝐑𝐘𝐙𝐄𝐍 𝟓 𝟓𝟔𝟎𝟎𝐆 (𝟏𝟎𝐏𝐂𝐒) (10PCS)
𝐂𝐎𝐌𝐒𝐇𝐎𝐏 𝐏𝐀𝐂𝐊𝐀𝐆𝐄
#PCMERCHANDISE #PCMBUILDS",,38,"11/30/2023 19:00",auto,https://www.facebook.com/reel/1815833602157833/,0,0,Reels,,,,,11/17/2023,0,,,,,,0,0,0,0,0,0.000,4.927
1049984154703911,100064197037125,"PC Merchandise","𝐒𝐎𝐋𝐃 𝐑𝐘𝐙𝐄𝐍 𝟓 𝟓𝟔𝟎𝟎𝐆 (𝟏𝟎𝐏𝐂𝐒) (10PCS)
𝐂𝐎𝐌𝐒𝐇𝐎𝐏 𝐏𝐀𝐂𝐊𝐀𝐆𝐄
#PCMERCHANDISE #PCMBUILDS",,38,"11/30/2023 19:00",auto,https://www.facebook.com/reel/1815833602157833/,0,0,Reels,,,,,11/18/2023,0,,,,,,0,0,0,0,0,0.000,5.239
1049984154703911,100064197037125,"PC Merchandise","𝐒𝐎𝐋𝐃 𝐑𝐘𝐙𝐄𝐍 𝟓 𝟓𝟔𝟎𝟎𝐆 (𝟏𝟎𝐏𝐂𝐒) (10PCS)
𝐂𝐎𝐌𝐒𝐇𝐎𝐏 𝐏𝐀𝐂𝐊𝐀𝐆𝐄
#PCMERCHANDISE #PCMBUILDS",,38,"11/30/2023 19:00",auto,https://www.facebook.com/reel/1815833602157833/,0,0,Reels,,,,,11/19/2023,0,,,,,,0,0,0,0,0,0.000,4.295
1049984154703911,100064197037125,"PC Merchandise","𝐒𝐎𝐋𝐃 𝐑𝐘𝐙𝐄𝐍 𝟓 𝟓𝟔𝟎𝟎𝐆 (𝟏𝟎𝐏𝐂𝐒) (10PCS)
𝐂𝐎𝐌𝐒𝐇𝐎𝐏 𝐏𝐀𝐂𝐊𝐀𝐆𝐄
#PCMERCHANDISE #PCMBUILDS",,38,"11/30/2023 19:00",auto,https://www.facebook.com/reel/1815833602157833/,0,0,Reels,,,,,11/20/2023,0,,,,,,0,0,0,0,0,0.000,3.413
1049984154703911,100064197037125,"PC Merchandise","𝐒𝐎𝐋𝐃 𝐑𝐘𝐙𝐄𝐍 𝟓 𝟓𝟔𝟎𝟎𝐆 (𝟏𝟎𝐏𝐂𝐒) (10PCS)
𝐂𝐎𝐌𝐒𝐇𝐎𝐏 𝐏𝐀𝐂𝐊𝐀𝐆𝐄
#PCMERCHANDISE #PCMBUILDS",,38,"11/30/2023 19:00",auto,https://www.facebook.com/reel/1815833602157833/,0,0,Reels,,,,,11/21/2023,0,,,,,,0,0,0,0,0,0.000,4.751
1049984154703911,100064197037125,"PC Merchandise","𝐒𝐎𝐋𝐃 𝐑𝐘𝐙𝐄𝐍 𝟓 𝟓𝟔𝟎𝟎𝐆 (𝟏𝟎𝐏𝐂𝐒) (10PCS)
𝐂𝐎𝐌𝐒𝐇𝐎𝐏 𝐏𝐀𝐂𝐊𝐀𝐆𝐄
#PCMERCHANDISE #PCMBUILDS",,38,"11/30/2023 19:00",auto,https://www.facebook.com/reel/1815833602157833/,0,0,Reels,,,,,11/22/2023,0,,,,,,0,0,0,0,0,0.000,5.116
1049984154703911,100064197037125,"PC Merchandise","𝐒𝐎𝐋𝐃 𝐑𝐘𝐙𝐄𝐍 𝟓 𝟓𝟔𝟎𝟎𝐆 (𝟏𝟎𝐏𝐂𝐒) (10PCS)
𝐂𝐎𝐌𝐒𝐇𝐎𝐏 𝐏𝐀𝐂𝐊𝐀𝐆𝐄
#PCMERCHANDISE #PCMBUILDS",,38,"11/30/2023 19:00",auto,https://www.facebook.com/reel/1815833602157833/,0,0,Reels,,,,,11/23/2023,0,,,,,,0,0,0,0,0,0.000,4.475
1049984154703911,100064197037125,"PC Merchandise","𝐒𝐎𝐋𝐃 𝐑𝐘𝐙𝐄𝐍 𝟓 𝟓𝟔𝟎𝟎𝐆 (𝟏𝟎𝐏𝐂𝐒) (10PCS)
𝐂𝐎𝐌𝐒𝐇𝐎𝐏 𝐏𝐀𝐂𝐊𝐀𝐆𝐄
#PCMERCHANDISE #PCMBUILDS",,38,"11/30/2023 19:00",auto,https://www.facebook.com/reel/1815833602157833/,0,0,Reels,,,,,11/24/2023,0,,,,,,0,0,0,0,0,0.000,4.408
1049984154703911,100064197037125,"PC Merchandise","𝐒𝐎𝐋𝐃 𝐑𝐘𝐙𝐄𝐍 𝟓 𝟓𝟔𝟎𝟎𝐆 (𝟏𝟎𝐏𝐂𝐒) (10PCS)
𝐂𝐎𝐌𝐒𝐇𝐎𝐏 𝐏𝐀𝐂𝐊𝐀𝐆𝐄
#PCMERCHANDISE #PCMBUILDS",,38,"11/30/2023 19:00",auto,https://www.facebook.com/reel/1815833602157833/,0,0,Reels,,,,,11/25/2023,0,,,,,,0,0,0,0,0,0.000,2.683
1049984154703911,100064197037125,"PC Merchandise","𝐒𝐎𝐋𝐃 𝐑𝐘𝐙𝐄𝐍 𝟓 𝟓𝟔𝟎𝟎𝐆 (𝟏𝟎𝐏𝐂𝐒) (10PCS)
𝐂𝐎𝐌𝐒𝐇𝐎𝐏 𝐏𝐀𝐂𝐊𝐀𝐆𝐄
#PCMERCHANDISE #PCMBUILDS",,38,"11/30/2023 19:00",auto,https://www.facebook.com/reel/1815833602157833/,0,0,Reels,,,,,11/26/2023,0,,,,,,0,0,0,0,0,0.000,3.775
1049984154703911,100064197037125,"PC Merchandise","𝐒𝐎𝐋𝐃 𝐑𝐘𝐙𝐄𝐍 𝟓 𝟓𝟔𝟎𝟎𝐆 (𝟏𝟎𝐏𝐂𝐒) (10PCS)
𝐂𝐎𝐌𝐒𝐇𝐎𝐏 𝐏𝐀𝐂𝐊𝐀𝐆𝐄
#PCMERCHANDISE #PCMBUILDS",,38,"11/30/2023 19:00",auto,https://www.facebook.com/reel/1815833602157833/,0,0,Reels,,,,,11/27/2023,0,,,,,,0,0,0,0,0,0.000,4.335
1049984154703911,100064197037125,"PC Merchandise","𝐒𝐎𝐋𝐃 𝐑𝐘𝐙𝐄𝐍 𝟓 𝟓𝟔𝟎𝟎𝐆 (𝟏𝟎𝐏𝐂𝐒) (10PCS)
𝐂𝐎𝐌𝐒𝐇𝐎𝐏 𝐏𝐀𝐂𝐊𝐀𝐆𝐄
#PCMERCHANDISE #PCMBUILDS",,38,"11/30/2023 19:00",auto,https://www.facebook.com/reel/1815833602157833/,0,0,Reels,,,,,11/28/2023,0,,,,,,0,0,0,0,0,0.000,5.020
1049984154703911,100064197037125,"PC Merchandise","𝐒𝐎𝐋𝐃 𝐑𝐘𝐙𝐄𝐍 𝟓 𝟓𝟔𝟎𝟎𝐆 (𝟏𝟎𝐏𝐂𝐒) (10PCS)
𝐂𝐎𝐌𝐒𝐇𝐎𝐏 𝐏𝐀𝐂𝐊𝐀𝐆𝐄
#PCMERCHANDISE #PCMBUILDS",,38,"11/30/2023 19:00",auto,https://www.facebook.com/reel/1815833602157833/,0,0,Reels,,,,,11/29/2023,0,,,,,,0,0,0,0,0,0.000,3.672
1049984154703911,100064197037125,"PC Merchandise","𝐒𝐎𝐋𝐃 𝐑𝐘𝐙𝐄𝐍 𝟓 𝟓𝟔𝟎𝟎𝐆 (𝟏𝟎𝐏𝐂𝐒) (10PCS)
𝐂𝐎𝐌𝐒𝐇𝐎𝐏 𝐏𝐀𝐂𝐊𝐀𝐆𝐄
#PCMERCHANDISE #PCMBUILDS",,38,"11/30/2023 19:00",auto,https://www.facebook.com/reel/1815833602157833/,0,0,Reels,,,,,11/30/2023,0,,,,,,0,0,6,4,2,817.537,4.968
1049580976056585,100064197037125,"PC Merchandise","𝐒𝐎𝐋𝐃 𝐑𝐘𝐙𝐄𝐍 𝟓 𝟑𝟒𝟎𝟎𝐆 (4PCS)
𝐏𝐄𝐑𝐒𝐎𝐍𝐀𝐋 𝐁𝐔𝐈𝐋𝐃
#PCMERCHANDISE #PCMBUILDS",,0,"11/29/2023 19:00",,https://www.facebook.com/pcmerchandise.co/posts/pfbid0Si5OH675oC4AWswghyInMSzyeYufIaJPl1yNdDb0xr876uEoLxDx26Ck,0,1,Photos,,,,,11/30/2023,1,,,,,,,,,,,,
1049580976056585,100064197037125,"PC Merchandise","𝐒𝐎𝐋𝐃 𝐑𝐘𝐙𝐄𝐍 𝟓 𝟑𝟒𝟎𝟎𝐆 (4PCS)
𝐏𝐄𝐑𝐒𝐎𝐍𝐀𝐋 𝐁𝐔𝐈𝐋𝐃
#PCMERCHANDISE #PCMBUILDS",,0,"11/29/2023 19:00",,https://www.facebook.com/pcmerchandise.co/posts/pfbid0Si5OH675oC4AWswghyInMSzyeYufIaJPl1yNdDb0xr876uEoLxDx26Ck,0,1,Photos,,,,,11/01/2023,,,0,0,0,0,0,0,,,,,
1049580976056585,100064197037125,"PC Merchandise","𝐒𝐎𝐋𝐃 𝐑𝐘𝐙𝐄𝐍 𝟓 𝟑𝟒𝟎𝟎𝐆 (4PCS)
𝐏𝐄𝐑𝐒𝐎𝐍𝐀𝐋 𝐁𝐔𝐈𝐋𝐃
#PCMERCHANDISE #PCMBUILDS",,0,"11/29/2023 19:00",,https://www.facebook.com/pcmerchandise.co/posts/pfbid0Si5OH675oC4AWswghyInMSzyeYufIaJPl1yNdDb0xr876uEoLxDx26Ck,0,1,Photos,,,,,11/02/2023,,,0,0,0,0,0,0,,,,,
1049580976056585,100064197037125,"PC Merchandise","𝐒𝐎𝐋𝐃 𝐑𝐘𝐙𝐄𝐍 𝟓 𝟑𝟒𝟎𝟎𝐆 (4PCS)
𝐏𝐄𝐑𝐒𝐎𝐍𝐀𝐋 𝐁𝐔𝐈𝐋𝐃
#PCMERCHANDISE #PCMBUILDS",,0,"11/29/2023 19:00",,https://www.facebook.com/pcmerchandise.co/posts/pfbid0Si5OH675oC4AWswghyInMSzyeYufIaJPl1yNdDb0xr876uEoLxDx26Ck,0,1,Photos,,,,,11/03/2023,,,0,0,0,0,0,0,,,,,
1049580976056585,100064197037125,"PC Merchandise","𝐒𝐎𝐋𝐃 𝐑𝐘𝐙𝐄𝐍 𝟓 𝟑𝟒𝟎𝟎𝐆 (4PCS)
𝐏𝐄𝐑𝐒𝐎𝐍𝐀𝐋 𝐁𝐔𝐈𝐋𝐃
#PCMERCHANDISE #PCMBUILDS",,0,"11/29/2023 19:00",,https://www.facebook.com/pcmerchandise.co/posts/pfbid0Si5OH675oC4AWswghyInMSzyeYufIaJPl1yNdDb0xr876uEoLxDx26Ck,0,1,Photos,,,,,11/04/2023,,,0,0,0,0,0,0,,,,,
1049580976056585,100064197037125,"PC Merchandise","𝐒𝐎𝐋𝐃 𝐑𝐘𝐙𝐄𝐍 𝟓 𝟑𝟒𝟎𝟎𝐆 (4PCS)
𝐏𝐄𝐑𝐒𝐎𝐍𝐀𝐋 𝐁𝐔𝐈𝐋𝐃
#PCMERCHANDISE #PCMBUILDS",,0,"11/29/2023 19:00",,https://www.facebook.com/pcmerchandise.co/posts/pfbid0Si5OH675oC4AWswghyInMSzyeYufIaJPl1yNdDb0xr876uEoLxDx26Ck,0,1,Photos,,,,,11/05/2023,,,0,0,0,0,0,0,,,,,
1049580976056585,100064197037125,"PC Merchandise","𝐒𝐎𝐋𝐃 𝐑𝐘𝐙𝐄𝐍 𝟓 𝟑𝟒𝟎𝟎𝐆 (4PCS)
𝐏𝐄𝐑𝐒𝐎𝐍𝐀𝐋 𝐁𝐔𝐈𝐋𝐃
#PCMERCHANDISE #PCMBUILDS",,0,"11/29/2023 19:00",,https://www.facebook.com/pcmerchandise.co/posts/pfbid0Si5OH675oC4AWswghyInMSzyeYufIaJPl1yNdDb0xr876uEoLxDx26Ck,0,1,Photos,,,,,11/06/2023,,,0,0,0,0,0,0,,,,,
1049580976056585,100064197037125,"PC Merchandise","𝐒𝐎𝐋𝐃 𝐑𝐘𝐙𝐄𝐍 𝟓 𝟑𝟒𝟎𝟎𝐆 (4PCS)
𝐏𝐄𝐑𝐒𝐎𝐍𝐀𝐋 𝐁𝐔𝐈𝐋𝐃
#PCMERCHANDISE #PCMBUILDS",,0,"11/29/2023 19:00",,https://www.facebook.com/pcmerchandise.co/posts/pfbid0Si5OH675oC4AWswghyInMSzyeYufIaJPl1yNdDb0xr876uEoLxDx26Ck,0,1,Photos,,,,,11/07/2023,,,0,0,0,0,0,0,,,,,
1049580976056585,100064197037125,"PC Merchandise","𝐒𝐎𝐋𝐃 𝐑𝐘𝐙𝐄𝐍 𝟓 𝟑𝟒𝟎𝟎𝐆 (4PCS)
𝐏𝐄𝐑𝐒𝐎𝐍𝐀𝐋 𝐁𝐔𝐈𝐋𝐃
#PCMERCHANDISE #PCMBUILDS",,0,"11/29/2023 19:00",,https://www.facebook.com/pcmerchandise.co/posts/pfbid0Si5OH675oC4AWswghyInMSzyeYufIaJPl1yNdDb0xr876uEoLxDx26Ck,0,1,Photos,,,,,11/08/2023,,,0,0,0,0,0,0,,,,,
1049580976056585,100064197037125,"PC Merchandise","𝐒𝐎𝐋𝐃 𝐑𝐘𝐙𝐄𝐍 𝟓 𝟑𝟒𝟎𝟎𝐆 (4PCS)
𝐏𝐄𝐑𝐒𝐎𝐍𝐀𝐋 𝐁𝐔𝐈𝐋𝐃
#PCMERCHANDISE #PCMBUILDS",,0,"11/29/2023 19:00",,https://www.facebook.com/pcmerchandise.co/posts/pfbid0Si5OH675oC4AWswghyInMSzyeYufIaJPl1yNdDb0xr876uEoLxDx26Ck,0,1,Photos,,,,,11/09/2023,,,0,0,0,0,0,0,,,,,
1049580976056585,100064197037125,"PC Merchandise","𝐒𝐎𝐋𝐃 𝐑𝐘𝐙𝐄𝐍 𝟓 𝟑𝟒𝟎𝟎𝐆 (4PCS)
𝐏𝐄𝐑𝐒𝐎𝐍𝐀𝐋 𝐁𝐔𝐈𝐋𝐃
#PCMERCHANDISE #PCMBUILDS",,0,"11/29/2023 19:00",,https://www.facebook.com/pcmerchandise.co/posts/pfbid0Si5OH675oC4AWswghyInMSzyeYufIaJPl1yNdDb0xr876uEoLxDx26Ck,0,1,Photos,,,,,11/10/2023,,,0,0,0,0,0,0,,,,,
1049580976056585,100064197037125,"PC Merchandise","𝐒𝐎𝐋𝐃 𝐑𝐘𝐙𝐄𝐍 𝟓 𝟑𝟒𝟎𝟎𝐆 (4PCS)
𝐏𝐄𝐑𝐒𝐎𝐍𝐀𝐋 𝐁𝐔𝐈𝐋𝐃
#PCMERCHANDISE #PCMBUILDS",,0,"11/29/2023 19:00",,https://www.facebook.com/pcmerchandise.co/posts/pfbid0Si5OH675oC4AWswghyInMSzyeYufIaJPl1yNdDb0xr876uEoLxDx26Ck,0,1,Photos,,,,,11/11/2023,,,0,0,0,0,0,0,,,,,
1049580976056585,100064197037125,"PC Merchandise","𝐒𝐎𝐋𝐃 𝐑𝐘𝐙𝐄𝐍 𝟓 𝟑𝟒𝟎𝟎𝐆 (4PCS)
𝐏𝐄𝐑𝐒𝐎𝐍𝐀𝐋 𝐁𝐔𝐈𝐋𝐃
#PCMERCHANDISE #PCMBUILDS",,0,"11/29/2023 19:00",,https://www.facebook.com/pcmerchandise.co/posts/pfbid0Si5OH675oC4AWswghyInMSzyeYufIaJPl1yNdDb0xr876uEoLxDx26Ck,0,1,Photos,,,,,11/12/2023,,,0,0,0,0,0,0,,,,,
1049580976056585,100064197037125,"PC Merchandise","𝐒𝐎𝐋𝐃 𝐑𝐘𝐙𝐄𝐍 𝟓 𝟑𝟒𝟎𝟎𝐆 (4PCS)
𝐏𝐄𝐑𝐒𝐎𝐍𝐀𝐋 𝐁𝐔𝐈𝐋𝐃
#PCMERCHANDISE #PCMBUILDS",,0,"11/29/2023 19:00",,https://www.facebook.com/pcmerchandise.co/posts/pfbid0Si5OH675oC4AWswghyInMSzyeYufIaJPl1yNdDb0xr876uEoLxDx26Ck,0,1,Photos,,,,,11/13/2023,,,0,0,0,0,0,0,,,,,
1049580976056585,100064197037125,"PC Merchandise","𝐒𝐎𝐋𝐃 𝐑𝐘𝐙𝐄𝐍 𝟓 𝟑𝟒𝟎𝟎𝐆 (4PCS)
𝐏𝐄𝐑𝐒𝐎𝐍𝐀𝐋 𝐁𝐔𝐈𝐋𝐃
#PCMERCHANDISE #PCMBUILDS",,0,"11/29/2023 19:00",,https://www.facebook.com/pcmerchandise.co/posts/pfbid0Si5OH675oC4AWswghyInMSzyeYufIaJPl1yNdDb0xr876uEoLxDx26Ck,0,1,Photos,,,,,11/14/2023,,,0,0,0,0,0,0,,,,,
1049580976056585,100064197037125,"PC Merchandise","𝐒𝐎𝐋𝐃 𝐑𝐘𝐙𝐄𝐍 𝟓 𝟑𝟒𝟎𝟎𝐆 (4PCS)
𝐏𝐄𝐑𝐒𝐎𝐍𝐀𝐋 𝐁𝐔𝐈𝐋𝐃
#PCMERCHANDISE #PCMBUILDS",,0,"11/29/2023 19:00",,https://www.facebook.com/pcmerchandise.co/posts/pfbid0Si5OH675oC4AWswghyInMSzyeYufIaJPl1yNdDb0xr876uEoLxDx26Ck,0,1,Photos,,,,,11/15/2023,,,0,0,0,0,0,0,,,,,
1049580976056585,100064197037125,"PC Merchandise","𝐒𝐎𝐋𝐃 𝐑𝐘𝐙𝐄𝐍 𝟓 𝟑𝟒𝟎𝟎𝐆 (4PCS)
𝐏𝐄𝐑𝐒𝐎𝐍𝐀𝐋 𝐁𝐔𝐈𝐋𝐃
#PCMERCHANDISE #PCMBUILDS",,0,"11/29/2023 19:00",,https://www.facebook.com/pcmerchandise.co/posts/pfbid0Si5OH675oC4AWswghyInMSzyeYufIaJPl1yNdDb0xr876uEoLxDx26Ck,0,1,Photos,,,,,11/16/2023,,,0,0,0,0,0,0,,,,,
1049580976056585,100064197037125,"PC Merchandise","𝐒𝐎𝐋𝐃 𝐑𝐘𝐙𝐄𝐍 𝟓 𝟑𝟒𝟎𝟎𝐆 (4PCS)
𝐏𝐄𝐑𝐒𝐎𝐍𝐀𝐋 𝐁𝐔𝐈𝐋𝐃
#PCMERCHANDISE #PCMBUILDS",,0,"11/29/2023 19:00",,https://www.facebook.com/pcmerchandise.co/posts/pfbid0Si5OH675oC4AWswghyInMSzyeYufIaJPl1yNdDb0xr876uEoLxDx26Ck,0,1,Photos,,,,,11/17/2023,,,0,0,0,0,0,0,,,,,
1049580976056585,100064197037125,"PC Merchandise","𝐒𝐎𝐋𝐃 𝐑𝐘𝐙𝐄𝐍 𝟓 𝟑𝟒𝟎𝟎𝐆 (4PCS)
𝐏𝐄𝐑𝐒𝐎𝐍𝐀𝐋 𝐁𝐔𝐈𝐋𝐃
#PCMERCHANDISE #PCMBUILDS",,0,"11/29/2023 19:00",,https://www.facebook.com/pcmerchandise.co/posts/pfbid0Si5OH675oC4AWswghyInMSzyeYufIaJPl1yNdDb0xr876uEoLxDx26Ck,0,1,Photos,,,,,11/18/2023,,,0,0,0,0,0,0,,,,,
1049580976056585,100064197037125,"PC Merchandise","𝐒𝐎𝐋𝐃 𝐑𝐘𝐙𝐄𝐍 𝟓 𝟑𝟒𝟎𝟎𝐆 (4PCS)
𝐏𝐄𝐑𝐒𝐎𝐍𝐀𝐋 𝐁𝐔𝐈𝐋𝐃
#PCMERCHANDISE #PCMBUILDS",,0,"11/29/2023 19:00",,https://www.facebook.com/pcmerchandise.co/posts/pfbid0Si5OH675oC4AWswghyInMSzyeYufIaJPl1yNdDb0xr876uEoLxDx26Ck,0,1,Photos,,,,,11/19/2023,,,0,0,0,0,0,0,,,,,
1049580976056585,100064197037125,"PC Merchandise","𝐒𝐎𝐋𝐃 𝐑𝐘𝐙𝐄𝐍 𝟓 𝟑𝟒𝟎𝟎𝐆 (4PCS)
𝐏𝐄𝐑𝐒𝐎𝐍𝐀𝐋 𝐁𝐔𝐈𝐋𝐃
#PCMERCHANDISE #PCMBUILDS",,0,"11/29/2023 19:00",,https://www.facebook.com/pcmerchandise.co/posts/pfbid0Si5OH675oC4AWswghyInMSzyeYufIaJPl1yNdDb0xr876uEoLxDx26Ck,0,1,Photos,,,,,11/20/2023,,,0,0,0,0,0,0,,,,,
1049580976056585,100064197037125,"PC Merchandise","𝐒𝐎𝐋𝐃 𝐑𝐘𝐙𝐄𝐍 𝟓 𝟑𝟒𝟎𝟎𝐆 (4PCS)
𝐏𝐄𝐑𝐒𝐎𝐍𝐀𝐋 𝐁𝐔𝐈𝐋𝐃
#PCMERCHANDISE #PCMBUILDS",,0,"11/29/2023 19:00",,https://www.facebook.com/pcmerchandise.co/posts/pfbid0Si5OH675oC4AWswghyInMSzyeYufIaJPl1yNdDb0xr876uEoLxDx26Ck,0,1,Photos,,,,,11/21/2023,,,0,0,0,0,0,0,,,,,
1049580976056585,100064197037125,"PC Merchandise","𝐒𝐎𝐋𝐃 𝐑𝐘𝐙𝐄𝐍 𝟓 𝟑𝟒𝟎𝟎𝐆 (4PCS)
𝐏𝐄𝐑𝐒𝐎𝐍𝐀𝐋 𝐁𝐔𝐈𝐋𝐃
#PCMERCHANDISE #PCMBUILDS",,0,"11/29/2023 19:00",,https://www.facebook.com/pcmerchandise.co/posts/pfbid0Si5OH675oC4AWswghyInMSzyeYufIaJPl1yNdDb0xr876uEoLxDx26Ck,0,1,Photos,,,,,11/22/2023,,,0,0,0,0,0,0,,,,,
1049580976056585,100064197037125,"PC Merchandise","𝐒𝐎𝐋𝐃 𝐑𝐘𝐙𝐄𝐍 𝟓 𝟑𝟒𝟎𝟎𝐆 (4PCS)
𝐏𝐄𝐑𝐒𝐎𝐍𝐀𝐋 𝐁𝐔𝐈𝐋𝐃
#PCMERCHANDISE #PCMBUILDS",,0,"11/29/2023 19:00",,https://www.facebook.com/pcmerchandise.co/posts/pfbid0Si5OH675oC4AWswghyInMSzyeYufIaJPl1yNdDb0xr876uEoLxDx26Ck,0,1,Photos,,,,,11/23/2023,,,0,0,0,0,0,0,,,,,
1049580976056585,100064197037125,"PC Merchandise","𝐒𝐎𝐋𝐃 𝐑𝐘𝐙𝐄𝐍 𝟓 𝟑𝟒𝟎𝟎𝐆 (4PCS)
𝐏𝐄𝐑𝐒𝐎𝐍𝐀𝐋 𝐁𝐔𝐈𝐋𝐃
#PCMERCHANDISE #PCMBUILDS",,0,"11/29/2023 19:00",,https://www.facebook.com/pcmerchandise.co/posts/pfbid0Si5OH675oC4AWswghyInMSzyeYufIaJPl1yNdDb0xr876uEoLxDx26Ck,0,1,Photos,,,,,11/24/2023,,,0,0,0,0,0,0,,,,,
1049580976056585,100064197037125,"PC Merchandise","𝐒𝐎𝐋𝐃 𝐑𝐘𝐙𝐄𝐍 𝟓 𝟑𝟒𝟎𝟎𝐆 (4PCS)
𝐏𝐄𝐑𝐒𝐎𝐍𝐀𝐋 𝐁𝐔𝐈𝐋𝐃
#PCMERCHANDISE #PCMBUILDS",,0,"11/29/2023 19:00",,https://www.facebook.com/pcmerchandise.co/posts/pfbid0Si5OH675oC4AWswghyInMSzyeYufIaJPl1yNdDb0xr876uEoLxDx26Ck,0,1,Photos,,,,,11/25/2023,,,0,0,0,0,0,0,,,,,
1049580976056585,100064197037125,"PC Merchandise","𝐒𝐎𝐋𝐃 𝐑𝐘𝐙𝐄𝐍 𝟓 𝟑𝟒𝟎𝟎𝐆 (4PCS)
𝐏𝐄𝐑𝐒𝐎𝐍𝐀𝐋 𝐁𝐔𝐈𝐋𝐃
#PCMERCHANDISE #PCMBUILDS",,0,"11/29/2023 19:00",,https://www.facebook.com/pcmerchandise.co/posts/pfbid0Si5OH675oC4AWswghyInMSzyeYufIaJPl1yNdDb0xr876uEoLxDx26Ck,0,1,Photos,,,,,11/26/2023,,,0,0,0,0,0,0,,,,,
1049580976056585,100064197037125,"PC Merchandise","𝐒𝐎𝐋𝐃 𝐑𝐘𝐙𝐄𝐍 𝟓 𝟑𝟒𝟎𝟎𝐆 (4PCS)
𝐏𝐄𝐑𝐒𝐎𝐍𝐀𝐋 𝐁𝐔𝐈𝐋𝐃
#PCMERCHANDISE #PCMBUILDS",,0,"11/29/2023 19:00",,https://www.facebook.com/pcmerchandise.co/posts/pfbid0Si5OH675oC4AWswghyInMSzyeYufIaJPl1yNdDb0xr876uEoLxDx26Ck,0,1,Photos,,,,,11/27/2023,,,0,0,0,0,0,0,,,,,
1049580976056585,100064197037125,"PC Merchandise","𝐒𝐎𝐋𝐃 𝐑𝐘𝐙𝐄𝐍 𝟓 𝟑𝟒𝟎𝟎𝐆 (4PCS)
𝐏𝐄𝐑𝐒𝐎𝐍𝐀𝐋 𝐁𝐔𝐈𝐋𝐃
#PCMERCHANDISE #PCMBUILDS",,0,"11/29/2023 19:00",,https://www.facebook.com/pcmerchandise.co/posts/pfbid0Si5OH675oC4AWswghyInMSzyeYufIaJPl1yNdDb0xr876uEoLxDx26Ck,0,1,Photos,,,,,11/28/2023,,,0,0,0,0,0,0,,,,,
1049580976056585,100064197037125,"PC Merchandise","𝐒𝐎𝐋𝐃 𝐑𝐘𝐙𝐄𝐍 𝟓 𝟑𝟒𝟎𝟎𝐆 (4PCS)
𝐏𝐄𝐑𝐒𝐎𝐍𝐀𝐋 𝐁𝐔𝐈𝐋𝐃
#PCMERCHANDISE #PCMBUILDS",,0,"11/29/2023 19:00",,https://www.facebook.com/pcmerchandise.co/posts/pfbid0Si5OH675oC4AWswghyInMSzyeYufIaJPl1yNdDb0xr876uEoLxDx26Ck,0,1,Photos,,,,,11/29/2023,,,0,0,0,0,0,0,,,,,
1049580976056585,100064197037125,"PC Merchandise","𝐒𝐎𝐋𝐃 𝐑𝐘𝐙𝐄𝐍 𝟓 𝟑𝟒𝟎𝟎𝐆 (4PCS)
𝐏𝐄𝐑𝐒𝐎𝐍𝐀𝐋 𝐁𝐔𝐈𝐋𝐃
#PCMERCHANDISE #PCMBUILDS",,0,"11/29/2023 19:00",,https://www.facebook.com/pcmerchandise.co/posts/pfbid0Si5OH675oC4AWswghyInMSzyeYufIaJPl1yNdDb0xr876uEoLxDx26Ck,0,1,Photos,,,,,11/30/2023,,,0,0,0,0,0,0,,,,,
1049507025337804,100064197037125,"PC Merchandise","𝐀𝐌𝟓 𝐁𝐮𝐢𝐥𝐝 𝐋𝐢𝐦𝐢𝐭𝐞𝐝 𝐒𝐚𝐥𝐞! 🚨
Experience next-gen performance with our latest builds. PM for pricelist!",,0,"11/28/2023 19:00",,https://www.facebook.com/pcmerchandise.co/posts/pfbid07BLljOx3uADceLo2a3id4NWqODdjpQSgv2b1RL4S5CKqsewsQjYNquYy,0,0,Photos,,,,,11/30/2023,0,,,,,,,,,,,,
1049507025337804,100064197037125,"PC Merchandise","𝐀𝐌𝟓 𝐁𝐮𝐢𝐥𝐝 𝐋𝐢𝐦𝐢𝐭𝐞𝐝 𝐒𝐚𝐥𝐞! 🚨
Experience next-gen performance with our latest builds. PM for pricelist!",,0,"11/28/2023 19:00",,https://www.facebook.com/pcmerchandise.co/posts/pfbid07BLljOx3uADceLo2a3id4NWqODdjpQSgv2b1RL4S5CKqsewsQjYNquYy,0,0,Photos,,,,,11/01/2023,,,0,0,0,0,0,0,,,,,
1049507025337804,100064197037125,"PC Merchandise","𝐀𝐌𝟓 𝐁𝐮𝐢𝐥𝐝 𝐋𝐢𝐦𝐢𝐭𝐞𝐝 𝐒𝐚𝐥𝐞! 🚨
Experience next-gen performance with our latest builds. PM for pricelist!",,0,"11/28/2023 19:00",,https://www.facebook.com/pcmerchandise.co/posts/pfbid07BLljOx3uADceLo2a3id4NWqODdjpQSgv2b1RL4S5CKqsewsQjYNquYy,0,0,Photos,,,,,11/02/2023,,,0,0,0,0,0,0,,,,,
1049507025337804,100064197037125,"PC Merchandise","𝐀𝐌𝟓 𝐁𝐮𝐢𝐥𝐝 𝐋𝐢𝐦𝐢𝐭𝐞𝐝 𝐒𝐚𝐥𝐞! 🚨
Experience next-gen performance with our latest builds. PM for pricelist!",,0,"11/28/2023 19:00",,https://www.facebook.com/pcmerchandise.co/posts/pfbid07BLljOx3uADceLo2a3id4NWqODdjpQSgv2b1RL4S5CKqsewsQjYNquYy,0,0,Photos,,,,,11/03/2023,,,0,0,0,0,0,0,,,,,
1049507025337804,100064197037125,"PC Merchandise","𝐀𝐌𝟓 𝐁𝐮𝐢𝐥𝐝 𝐋𝐢𝐦𝐢𝐭𝐞𝐝 𝐒𝐚𝐥𝐞! 🚨
Experience next-gen performance with our latest builds. PM for pricelist!",,0,"11/28/2023 19:00",,https://www.facebook.com/pcmerchandise.co/posts/pfbid07BLljOx3uADceLo2a3id4NWqODdjpQSgv2b1RL4S5CKqsewsQjYNquYy,0,0,Photos,,,,,11/04/2023,,,0,0,0,0,0,0,,,,,
1049507025337804,100064197037125,"PC Merchandise","𝐀𝐌𝟓 𝐁𝐮𝐢𝐥𝐝 𝐋𝐢𝐦𝐢𝐭𝐞𝐝 𝐒𝐚𝐥𝐞! 🚨
Experience next-gen performance with our latest builds. PM for pricelist!",,0,"11/28/2023 19:00",,https://www.facebook.com/pcmerchandise.co/posts/pfbid07BLljOx3uADceLo2a3id4NWqODdjpQSgv2b1RL4S5CKqsewsQjYNquYy,0,0,Photos,,,,,11/05/2023,,,0,0,0,0,0,0,,,,,
1049507025337804,100064197037125,"PC Merchandise","𝐀𝐌𝟓 𝐁𝐮𝐢𝐥𝐝 𝐋𝐢𝐦𝐢𝐭𝐞𝐝 𝐒𝐚𝐥𝐞! 🚨
Experience next-gen performance with our latest builds. PM for pricelist!",,0,"11/28/2023 19:00",,https://www.facebook.com/pcmerchandise.co/posts/pfbid07BLljOx3uADceLo2a3id4NWqODdjpQSgv2b1RL4S5CKqsewsQjYNquYy,0,0,Photos,,,,,11/06/2023,,,0,0,0,0,0,0,,,,,
1049507025337804,100064197037125,"PC Merchandise","𝐀𝐌𝟓 𝐁𝐮𝐢𝐥𝐝 𝐋𝐢𝐦𝐢𝐭𝐞𝐝 𝐒𝐚𝐥𝐞! 🚨
Experience next-gen performance with our latest builds. PM for pricelist!",,0,"11/28/2023 19:00",,https://www.facebook.com/pcmerchandise.co/posts/pfbid07BLljOx3uADceLo2a3id4NWqODdjpQSgv2b1RL4S5CKqsewsQjYNquYy,0,0,Photos,,,,,11/07/2023,,,0,0,0,0,0,0,,,,,
1049507025337804,100064197037125,"PC Merchandise","𝐀𝐌𝟓 𝐁𝐮𝐢𝐥𝐝 𝐋𝐢𝐦𝐢𝐭𝐞𝐝 𝐒𝐚𝐥𝐞! 🚨
Experience next-gen performance with our latest builds. PM for pricelist!",,0,"11/28/2023 19:00",,https://www.facebook.com/pcmerchandise.co/posts/pfbid07BLljOx3uADceLo2a3id4NWqODdjpQSgv2b1RL4S5CKqsewsQjYNquYy,0,0,Photos,,,,,11/08/2023,,,0,0,0,0,0,0,,,,,
1049507025337804,100064197037125,"PC Merchandise","𝐀𝐌𝟓 𝐁𝐮𝐢𝐥𝐝 𝐋𝐢𝐦𝐢𝐭𝐞𝐝 𝐒𝐚𝐥𝐞! 🚨
Experience next-gen performance with our latest builds. PM for pricelist!",,0,"11/28/2023 19:00",,https://www.facebook.com/pcmerchandise.co/posts/pfbid07BLljOx3uADceLo2a3id4NWqODdjpQSgv2b1RL4S5CKqsewsQjYNquYy,0,0,Photos,,,,,11/09/2023,,,0,0,0,0,0,0,,,,,
1049507025337804,100064197037125,"PC Merchandise","𝐀𝐌𝟓 𝐁𝐮𝐢𝐥𝐝 𝐋𝐢𝐦𝐢𝐭𝐞𝐝 𝐒𝐚𝐥𝐞! 🚨
Experience next-gen performance with our latest builds. PM for pricelist!",,0,"11/28/2023 19:00",,https://www.facebook.com/pcmerchandise.co/posts/pfbid07BLljOx3uADceLo2a3id4NWqODdjpQSgv2b1RL4S5CKqsewsQjYNquYy,0,0,Photos,,,,,11/10/2023,,,0,0,0,0,0,0,,,,,
1049507025337804,100064197037125,"PC Merchandise","𝐀𝐌𝟓 𝐁𝐮𝐢𝐥𝐝 𝐋𝐢𝐦𝐢𝐭𝐞𝐝 𝐒𝐚𝐥𝐞! 🚨
Experience next-gen performance with our latest builds. PM for pricelist!",,0,"11/28/2023 19:00",,https://www.facebook.com/pcmerchandise.co/posts/pfbid07BLljOx3uADceLo2a3id4NWqODdjpQSgv2b1RL4S5CKqsewsQjYNquYy,0,0,Photos,,,,,11/11/2023,,,0,0,0,0,0,0,,,,,
1049507025337804,100064197037125,"PC Merchandise","𝐀𝐌𝟓 𝐁𝐮𝐢𝐥𝐝 𝐋𝐢𝐦𝐢𝐭𝐞𝐝 𝐒𝐚𝐥𝐞! 🚨
Experience next-gen performance with our latest builds. PM for pricelist!",,0,"11/28/2023 19:00",,https://www.facebook.com/pcmerchandise.co/posts/pfbid07BLljOx3uADceLo2a3id4NWqODdjpQSgv2b1RL4S5CKqsewsQjYNquYy,0,0,Photos,,,,,11/12/2023,,,0,0,0,0,0,0,,,,,
1049507025337804,100064197037125,"PC Merchandise","𝐀𝐌𝟓 𝐁𝐮𝐢𝐥𝐝 𝐋𝐢𝐦𝐢𝐭𝐞𝐝 𝐒𝐚𝐥𝐞! 🚨
Experience next-gen performance with our latest builds. PM for pricelist!",,0,"11/28/2023 19:00",,https://www.facebook.com/pcmerchandise.co/posts/pfbid07BLljOx3uADceLo2a3id4NWqODdjpQSgv2b1RL4S5CKqsewsQjYNquYy,0,0,Photos,,,,,11/13/2023,,,0,0,0,0,0,0,,,,,
1049507025337804,100064197037125,"PC Merchandise","𝐀𝐌𝟓 𝐁𝐮𝐢𝐥𝐝 𝐋𝐢𝐦𝐢𝐭𝐞𝐝 𝐒𝐚𝐥𝐞! 🚨
Experience next-gen performance with our latest builds. PM for pricelist!",,0,"11/28/2023 19:00",,https://www.facebook.com/pcmerchandise.co/posts/pfbid07BLljOx3uADceLo2a3id4NWqODdjpQSgv2b1RL4S5CKqsewsQjYNquYy,0,0,Photos,,,,,11/14/2023,,,0,0,0,0,0,0,,,,,
1049507025337804,100064197037125,"PC Merchandise","𝐀𝐌𝟓 𝐁𝐮𝐢𝐥𝐝 𝐋𝐢𝐦𝐢𝐭𝐞𝐝 𝐒𝐚𝐥𝐞! 🚨
Experience next-gen performance with our latest builds. PM for pricelist!",,0,"11/28/2023 19:00",,https://www.facebook.com/pcmerchandise.co/posts/pfbid07BLljOx3uADceLo2a3id4NWqODdjpQSgv2b1RL4S5CKqsewsQjYNquYy,0,0,Photos,,,,,11/15/2023,,,0,0,0,0,0,0,,,,,
1049507025337804,100064197037125,"PC Merchandise","𝐀𝐌𝟓 𝐁𝐮𝐢𝐥𝐝 𝐋𝐢𝐦𝐢𝐭𝐞𝐝 𝐒𝐚𝐥𝐞! 🚨
Experience next-gen performance with our latest builds. PM for pricelist!",,0,"11/28/2023 19:00",,https://www.facebook.com/pcmerchandise.co/posts/pfbid07BLljOx3uADceLo2a3id4NWqODdjpQSgv2b1RL4S5CKqsewsQjYNquYy,0,0,Photos,,,,,11/16/2023,,,0,0,0,0,0,0,,,,,
1049507025337804,100064197037125,"PC Merchandise","𝐀𝐌𝟓 𝐁𝐮𝐢𝐥𝐝 𝐋𝐢𝐦𝐢𝐭𝐞𝐝 𝐒𝐚𝐥𝐞! 🚨
Experience next-gen performance with our latest builds. PM for pricelist!",,0,"11/28/2023 19:00",,https://www.facebook.com/pcmerchandise.co/posts/pfbid07BLljOx3uADceLo2a3id4NWqODdjpQSgv2b1RL4S5CKqsewsQjYNquYy,0,0,Photos,,,,,11/17/2023,,,0,0,0,0,0,0,,,,,
1049507025337804,100064197037125,"PC Merchandise","𝐀𝐌𝟓 𝐁𝐮𝐢𝐥𝐝 𝐋𝐢𝐦𝐢𝐭𝐞𝐝 𝐒𝐚𝐥𝐞! 🚨
Experience next-gen performance with our latest builds. PM for pricelist!",,0,"11/28/2023 19:00",,https://www.facebook.com/pcmerchandise.co/posts/pfbid07BLljOx3uADceLo2a3id4NWqODdjpQSgv2b1RL4S5CKqsewsQjYNquYy,0,0,Photos,,,,,11/18/2023,,,0,0,0,0,0,0,,,,,
1049507025337804,100064197037125,"PC Merchandise","𝐀𝐌𝟓 𝐁𝐮𝐢𝐥𝐝 𝐋𝐢𝐦𝐢𝐭𝐞𝐝 𝐒𝐚𝐥𝐞! 🚨
Experience next-gen performance with our latest builds. PM for pricelist!",,0,"11/28/2023 19:00",,https://www.facebook.com/pcmerchandise.co/posts/pfbid07BLljOx3uADceLo2a3id4NWqODdjpQSgv2b1RL4S5CKqsewsQjYNquYy,0,0,Photos,,,,,11/19/2023,,,0,0,0,0,0,0,,,,,
1049507025337804,100064197037125,"PC Merchandise","𝐀𝐌𝟓 𝐁𝐮𝐢𝐥𝐝 𝐋𝐢𝐦𝐢𝐭𝐞𝐝 𝐒𝐚𝐥𝐞! 🚨
Experience next-gen performance with our latest builds. PM for pricelist!",,0,"11/28/2023 19:00",,https://www.facebook.com/pcmerchandise.co/posts/pfbid07BLljOx3uADceLo2a3id4NWqODdjpQSgv2b1RL4S5CKqsewsQjYNquYy,0,0,Photos,,,,,11/20/2023,,,0,0,0,0,0,0,,,,,
1049507025337804,100064197037125,"PC Merchandise","𝐀𝐌𝟓 𝐁𝐮𝐢𝐥𝐝 𝐋𝐢𝐦𝐢𝐭𝐞𝐝 𝐒𝐚𝐥𝐞! 🚨
Experience next-gen performance with our latest builds. PM for pricelist!",,0,"11/28/2023 19:00",,https://www.facebook.com/pcmerchandise.co/posts/pfbid07BLljOx3uADceLo2a3id4NWqODdjpQSgv2b1RL4S5CKqsewsQjYNquYy,0,0,Photos,,,,,11/21/2023,,,0,0,0,0,0,0,,,,,
1049507025337804,100064197037125,"PC Merchandise","𝐀𝐌𝟓 𝐁𝐮𝐢𝐥𝐝 𝐋𝐢𝐦𝐢𝐭𝐞𝐝 𝐒𝐚𝐥𝐞! 🚨
Experience next-gen performance with our latest builds. PM for pricelist!",,0,"11/28/2023 19:00",,https://www.facebook.com/pcmerchandise.co/posts/pfbid07BLljOx3uADceLo2a3id4NWqODdjpQSgv2b1RL4S5CKqsewsQjYNquYy,0,0,Photos,,,,,11/22/2023,,,0,0,0,0,0,0,,,,,
1049507025337804,100064197037125,"PC Merchandise","𝐀𝐌𝟓 𝐁𝐮𝐢𝐥𝐝 𝐋𝐢𝐦𝐢𝐭𝐞𝐝 𝐒𝐚𝐥𝐞! 🚨
Experience next-gen performance with our latest builds. PM for pricelist!",,0,"11/28/2023 19:00",,https://www.facebook.com/pcmerchandise.co/posts/pfbid07BLljOx3uADceLo2a3id4NWqODdjpQSgv2b1RL4S5CKqsewsQjYNquYy,0,0,Photos,,,,,11/23/2023,,,0,0,0,0,0,0,,,,,
1049507025337804,100064197037125,"PC Merchandise","𝐀𝐌𝟓 𝐁𝐮𝐢𝐥𝐝 𝐋𝐢𝐦𝐢𝐭𝐞𝐝 𝐒𝐚𝐥𝐞! 🚨
Experience next-gen performance with our latest builds. PM for pricelist!",,0,"11/28/2023 19:00",,https://www.facebook.com/pcmerchandise.co/posts/pfbid07BLljOx3uADceLo2a3id4NWqODdjpQSgv2b1RL4S5CKqsewsQjYNquYy,0,0,Photos,,,,,11/24/2023,,,0,0,0,0,0,0,,,,,
1049507025337804,100064197037125,"PC Merchandise","𝐀𝐌𝟓 𝐁𝐮𝐢𝐥𝐝 𝐋𝐢𝐦𝐢𝐭𝐞𝐝 𝐒𝐚𝐥𝐞! 🚨
Experience next-gen performance with our latest builds. PM for pricelist!",,0,"11/28/2023 19:00",,https://www.facebook.com/pcmerchandise.co/posts/pfbid07BLljOx3uADceLo2a3id4NWqODdjpQSgv2b1RL4S5CKqsewsQjYNquYy,0,0,Photos,,,,,11/25/2023,,,0,0,0,0,0,0,,,,,
1049507025337804,100064197037125,"PC Merchandise","𝐀𝐌𝟓 𝐁𝐮𝐢𝐥𝐝 𝐋𝐢𝐦𝐢𝐭𝐞𝐝 𝐒𝐚𝐥𝐞! 🚨
Experience next-gen performance with our latest builds. PM for pricelist!",,0,"11/28/2023 19:00",,https://www.facebook.com/pcmerchandise.co/posts/pfbid07BLljOx3uADceLo2a3id4NWqODdjpQSgv2b1RL4S5CKqsewsQjYNquYy,0,0,Photos,,,,,11/26/2023,,,0,0,0,0,0,0,,,,,
1049507025337804,100064197037125,"PC Merchandise","𝐀𝐌𝟓 𝐁𝐮𝐢𝐥𝐝 𝐋𝐢𝐦𝐢𝐭𝐞𝐝 𝐒𝐚𝐥𝐞! 🚨
Experience next-gen performance with our latest builds. PM for pricelist!",,0,"11/28/2023 19:00",,https://www.facebook.com/pcmerchandise.co/posts/pfbid07BLljOx3uADceLo2a3id4NWqODdjpQSgv2b1RL4S5CKqsewsQjYNquYy,0,0,Photos,,,,,11/27/2023,,,0,0,0,0,0,0,,,,,
1049507025337804,100064197037125,"PC Merchandise","𝐀𝐌𝟓 𝐁𝐮𝐢𝐥𝐝 𝐋𝐢𝐦𝐢𝐭𝐞𝐝 𝐒𝐚𝐥𝐞! 🚨
Experience next-gen performance with our latest builds. PM for pricelist!",,0,"11/28/2023 19:00",,https://www.facebook.com/pcmerchandise.co/posts/pfbid07BLljOx3uADceLo2a3id4NWqODdjpQSgv2b1RL4S5CKqsewsQjYNquYy,0,0,Photos,,,,,11/28/2023,,,0,0,0,0,0,0,,,,,
1049507025337804,100064197037125,"PC Merchandise","𝐀𝐌𝟓 𝐁𝐮𝐢𝐥𝐝 𝐋𝐢𝐦𝐢𝐭𝐞𝐝 𝐒𝐚𝐥𝐞! 🚨
Experience next-gen performance with our latest builds. PM for pricelist!",,0,"11/28/2023 19:00",,https://www.facebook.com/pcmerchandise.co/posts/pfbid07BLljOx3uADceLo2a3id4NWqODdjpQSgv2b1RL4S5CKqsewsQjYNquYy,0,0,Photos,,,,,11/29/2023,,,0,0,0,0,0,0,,,,,
1049507025337804,100064197037125,"PC Merchandise","𝐀𝐌𝟓 𝐁𝐮𝐢𝐥𝐝 𝐋𝐢𝐦𝐢𝐭𝐞𝐝 𝐒𝐚𝐥𝐞! 🚨
Experience next-gen performance with our latest builds. PM for pricelist!",,0,"11/28/2023 19:00",,https://www.facebook.com/pcmerchandise.co/posts/pfbid07BLljOx3uADceLo2a3id4NWqODdjpQSgv2b1RL4S5CKqsewsQjYNquYy,0,0,Photos,,,,,11/30/2023,,,0,0,0,0,0,0,,,,,
1049670896609209,100064197037125,"PC Merchandise","Paano kung sabihin ko sayo na kaya mo na mag RX 580 build under budget? 👀",,43,"11/28/2023 02:00",auto,https://www.facebook.com/reel/1830618402604338/,0,0,Reels,,,,,11/01/2023,0,,,,,,0,0,0,0,0,0.000,2.906
1049670896609209,100064197037125,"PC Merchandise","Paano kung sabihin ko sayo na kaya mo na mag RX 580 build under budget? 👀",,43,"11/28/2023 02:00",auto,https://www.facebook.com/reel/1830618402604338/,0,0,Reels,,,,,11/02/2023,0,,,,,,0,0,0,0,0,0.000,3.693
1049670896609209,100064197037125,"PC Merchandise","Paano kung sabihin ko sayo na kaya mo na mag RX 580 build under budget? 👀",,43,"11/28/2023 02:00",auto,https://www.facebook.com/reel/1830618402604338/,0,0,Reels,,,,,11/03/2023,0,,,,,,0,0,0,0,0,0.000,2.834
1049670896609209,100064197037125,"PC Merchandise","Paano kung sabihin ko sayo na kaya mo na mag RX 580 build under budget? 👀",,43,"11/28/2023 02:00",auto,https://www.facebook.com/reel/1830618402604338/,0,0,Reels,,,,,11/04/2023,0,,,,,,0,0,0,0,0,0.000,5.782
1049670896609209,100064197037125,"PC Merchandise","Paano kung sabihin ko sayo na kaya mo na mag RX 580 build under budget? 👀",,43,"11/28/2023 02:00",auto,https://www.facebook.com/reel/1830618402604338/,0,0,Reels,,,,,11/05/2023,0,,,,,,0,0,0,0,0,0.000,3.437
1049670896609209,100064197037125,"PC Merchandise","Paano kung sabihin ko sayo na kaya mo na mag RX 580 build under budget? 👀",,43,"11/28/2023 02:00",auto,https://www.facebook.com/reel/1830618402604338/,0,0,Reels,,,,,11/06/2023,0,,,,,,0,0,0,0,0,0.000,2.835
1049670896609209,100064197037125,"PC Merchandise","Paano kung sabihin ko sayo na kaya mo na mag RX 580 build under budget? 👀",,43,"11/28/2023 02:00",auto,https://www.facebook.com/reel/1830618402604338/,0,0,Reels,,,,,11/07/2023,0,,,,,,0,0,0,0,0,0.000,3.078
1049670896609209,100064197037125,"PC Merchandise","Paano kung sabihin ko sayo na kaya mo na mag RX 580 build under budget? 👀",,43,"11/28/2023 02:00",auto,https://www.facebook.com/reel/1830618402604338/,0,0,Reels,,,,,11/08/2023,0,,,,,,0,0,0,0,0,0.000,3.137
1049670896609209,100064197037125,"PC Merchandise","Paano kung sabihin ko sayo na kaya mo na mag RX 580 build under budget? 👀",,43,"11/28/2023 02:00",auto,https://www.facebook.com/reel/1830618402604338/,0,0,Reels,,,,,11/09/2023,0,,,,,,0,0,0,0,0,0.000,3.665
1049670896609209,100064197037125,"PC Merchandise","Paano kung sabihin ko sayo na kaya mo na mag RX 580 build under budget? 👀",,43,"11/28/2023 02:00",auto,https://www.facebook.com/reel/1830618402604338/,0,0,Reels,,,,,11/10/2023,0,,,,,,0,0,0,0,0,0.000,4.092
1049670896609209,100064197037125,"PC Merchandise","Paano kung sabihin ko sayo na kaya mo na mag RX 580 build under budget? 👀",,43,"11/28/2023 02:00",auto,https://www.facebook.com/reel/1830618402604338/,0,0,Reels,,,,,11/11/2023,0,,,,,,0,0,0,0,0,0.000,4.337
1049670896609209,100064197037125,"PC Merchandise","Paano kung sabihin ko sayo na kaya mo na mag RX 580 build under budget? 👀",,43,"11/28/2023 02:00",auto,https://www.facebook.com/reel/1830618402604338/,0,0,Reels,,,,,11/12/2023,0,,,,,,0,0,0,0,0,0.000,2.928
1049670896609209,100064197037125,"PC Merchandise","Paano kung sabihin ko sayo na kaya mo na mag RX 580 build under budget? 👀",,43,"11/28/2023 02:00",auto,https://www.facebook.com/reel/1830618402604338/,0,0,Reels,,,,,11/13/2023,0,,,,,,0,0,0,0,0,0.000,1.500
1049670896609209,100064197037125,"PC Merchandise","Paano kung sabihin ko sayo na kaya mo na mag RX 580 build under budget? 👀",,43,"11/28/2023 02:00",auto,https://www.facebook.com/reel/1830618402604338/,0,0,Reels,,,,,11/14/2023,0,,,,,,0,0,0,0,0,0.000,3.925
1049670896609209,100064197037125,"PC Merchandise","Paano kung sabihin ko sayo na kaya mo na mag RX 580 build under budget? 👀",,43,"11/28/2023 02:00",auto,https://www.facebook.com/reel/1830618402604338/,0,0,Reels,,,,,11/15/2023,0,,,,,,0,0,0,0,0,0.000,3.707
1049670896609209,100064197037125,"PC Merchandise","Paano kung sabihin ko sayo na kaya mo na mag RX 580 build under budget? 👀",,43,"11/28/2023 02:00",auto,https://www.facebook.com/reel/1830618402604338/,0,0,Reels,,,,,11/16/2023,0,,,,,,0,0,0,0,0,0.000,3.427
1049670896609209,100064197037125,"PC Merchandise","Paano kung sabihin ko sayo na kaya mo na mag RX 580 build under budget? 👀",,43,"11/28/2023 02:00",auto,https://www.facebook.com/reel/1830618402604338/,0,0,Reels,,,,,11/17/2023,0,,,,,,0,0,0,0,0,0.000,3.010
1049670896609209,100064197037125,"PC Merchandise","Paano kung sabihin ko sayo na kaya mo na mag RX 580 build under budget? 👀",,43,"11/28/2023 02:00",auto,https://www.facebook.com/reel/1830618402604338/,0,0,Reels,,,,,11/18/2023,0,,,,,,0,0,0,0,0,0.000,3.292
1049670896609209,100064197037125,"PC Merchandise","Paano kung sabihin ko sayo na kaya mo na mag RX 580 build under budget? 👀",,43,"11/28/2023 02:00",auto,https://www.facebook.com/reel/1830618402604338/,0,0,Reels,,,,,11/19/2023,0,,,,,,0,0,0,0,0,0.000,3.137
1049670896609209,100064197037125,"PC Merchandise","Paano kung sabihin ko sayo na kaya mo na mag RX 580 build under budget? 👀",,43,"11/28/2023 02:00",auto,https://www.facebook.com/reel/1830618402604338/,0,0,Reels,,,,,11/20/2023,0,,,,,,0,0,0,0,0,0.000,4.527
1049670896609209,100064197037125,"PC Merchandise","Paano kung sabihin ko sayo na kaya mo na mag RX 580 build under budget? 👀",,43,"11/28/2023 02:00",auto,https://www.facebook.com/reel/1830618402604338/,0,0,Reels,,,,,11/21/2023,0,,,,,,0,0,0,0,0,0.000,4.607
1049670896609209,100064197037125,"PC Merchandise","Paano kung sabihin ko sayo na kaya mo na mag RX 580 build under budget? 👀",,43,"11/28/2023 02:00",auto,https://www.facebook.com/reel/1830618402604338/,0,0,Reels,,,,,11/22/2023,0,,,,,,0,0,0,0,0,0.000,2.992
1049670896609209,100064197037125,"PC Merchandise","Paano kung sabihin ko sayo na kaya mo na mag RX 580 build under budget? 👀",,43,"11/28/2023 02:00",auto,https://www.facebook.com/reel/1830618402604338/,0,0,Reels,,,,,11/23/2023,0,,,,,,0,0,0,0,0,0.000,3.814
1049670896609209,100064197037125,"PC Merchandise","Paano kung sabihin ko sayo na kaya mo na mag RX 580 build under budget? 👀",,43,"11/28/2023 02:00",auto,https://www.facebook.com/reel/1830618402604338/,0,0,Reels,,,,,11/24/2023,0,,,,,,0,0,0,0,0,0.000,3.258
1049670896609209,100064197037125,"PC Merchandise","Paano kung sabihin ko sayo na kaya mo na mag RX 580 build under budget? 👀",,43,"11/28/2023 02:00",auto,https://www.facebook.com/reel/1830618402604338/,0,0,Reels,,,,,11/25/2023,0,,,,,,0,0,0,0,0,0.000,2.795
1049670896609209,100064197037125,"PC Merchandise","Paano kung sabihin ko sayo na kaya mo na mag RX 580 build under budget? 👀",,43,"11/28/2023 02:00",auto,https://www.facebook.com/reel/1830618402604338/,0,0,Reels,,,,,11/26/2023,0,,,,,,0,0,0,0,0,0.000,2.736
1049670896609209,100064197037125,"PC Merchandise","Paano kung sabihin ko sayo na kaya mo na mag RX 580 build under budget? 👀",,43,"11/28/2023 02:00",auto,https://www.facebook.com/reel/1830618402604338/,0,0,Reels,,,,,11/27/2023,0,,,,,,0,0,0,0,0,0.000,3.051
1049670896609209,100064197037125,"PC Merchandise","Paano kung sabihin ko sayo na kaya mo na mag RX 580 build under budget? 👀",,43,"11/28/2023 02:00",auto,https://www.facebook.com/reel/1830618402604338/,0,0,Reels,,,,,11/28/2023,0,,,,,,210,0,1,1,0,365.736,3.645
1049670896609209,100064197037125,"PC Merchandise","Paano kung sabihin ko sayo na kaya mo na mag RX 580 build under budget? 👀",,43,"11/28/2023 02:00",auto,https://www.facebook.com/reel/1830618402604338/,0,0,Reels,,,,,11/29/2023,0,,,,,,204,0,0,0,0,633.035,4.052
1049670896609209,100064197037125,"PC Merchandise","Paano kung sabihin ko sayo na kaya mo na mag RX 580 build under budget? 👀",,43,"11/28/2023 02:00",auto,https://www.facebook.com/reel/1830618402604338/,0,0,Reels,,,,,11/30/2023,0,,,,,,200,0,0,0,0,307.309,3.538
1049761090915906,100064197037125,"PC Merchandise","Negosyo starts today! Complete computer shop packages ready. PM now!

𝐂𝐎𝐌𝐒𝐇𝐎𝐏 𝐏𝐑𝐈𝐂𝐄𝐋𝐈𝐒𝐓 >>>
https://pcmerchandise.live/2023-GAMING-BUILDS",,0,"11/27/2023 19:01",,https://www.facebook.com/pcmerchandise.co/posts/pfbid0kAvtGEzrD2XkLw0wWeqlY7U97TKAMd0aXwpipjBpBAbszJ8VMOXcJs4d,0,0,Photos,,,,,11/30/2023,0,,,,,,,,,,,,
1049761090915906,100064197037125,"PC Merchandise","Negosyo starts today! Complete computer shop packages ready. PM now!

𝐂𝐎𝐌𝐒𝐇𝐎𝐏 𝐏𝐑𝐈𝐂𝐄𝐋𝐈𝐒𝐓 >>>
https://pcmerchandise.live/2023-GAMING-BUILDS",,0,"11/27/2023 19:01",,https://www.facebook.com/pcmerchandise.co/posts/pfbid0kAvtGEzrD2XkLw0wWeqlY7U97TKAMd0aXwpipjBpBAbszJ8VMOXcJs4d,0,0,Photos,,,,,11/01/2023,,,0,0,0,0,0,0,,,,,
1049761090915906,100064197037125,"PC Merchandise","Negosyo starts today! Complete computer shop packages ready. PM now!

𝐂𝐎𝐌𝐒𝐇𝐎𝐏 𝐏𝐑𝐈𝐂𝐄𝐋𝐈𝐒𝐓 >>>
https://pcmerchandise.live/2023-GAMING-BUILDS",,0,"11/27/2023 19:01",,https://www.facebook.com/pcmerchandise.co/posts/pfbid0kAvtGEzrD2XkLw0wWeqlY7U97TKAMd0aXwpipjBpBAbszJ8VMOXcJs4d,0,0,Photos,,,,,11/02/2023,,,0,0,0,0,0,0,,,,,
1049761090915906,100064197037125,"PC Merchandise","Negosyo starts today! Complete computer shop packages ready. PM now!

𝐂𝐎𝐌𝐒𝐇𝐎𝐏 𝐏𝐑𝐈𝐂𝐄𝐋𝐈𝐒𝐓 >>>
https://pcmerchandise.live/2023-GAMING-BUILDS",,0,"11/27/2023 19:01",,https://www.facebook.com/pcmerchandise.co/posts/pfbid0kAvtGEzrD2XkLw0wWeqlY7U97TKAMd0aXwpipjBpBAbszJ8VMOXcJs4d,0,0,Photos,,,,,11/03/2023,,,0,0,0,0,0,0,,,,,
1049761090915906,100064197037125,"PC Merchandise","Negosyo starts today! Complete computer shop packages ready. PM now!

𝐂𝐎𝐌𝐒𝐇𝐎𝐏 𝐏𝐑𝐈𝐂𝐄𝐋𝐈𝐒𝐓 >>>
https://pcmerchandise.live/2023-GAMING-BUILDS",,0,"11/27/2023 19:01",,https://www.facebook.com/pcmerchandise.co/posts/pfbid0kAvtGEzrD2XkLw0wWeqlY7U97TKAMd0aXwpipjBpBAbszJ8VMOXcJs4d,0,0,Photos,,,,,11/04/2023,,,0,0,0,0,0,0,,,,,
1049761090915906,100064197037125,"PC Merchandise","Negosyo starts today! Complete computer shop packages ready. PM now!

𝐂𝐎𝐌𝐒𝐇𝐎𝐏 𝐏𝐑𝐈𝐂𝐄𝐋𝐈𝐒𝐓 >>>
https://pcmerchandise.live/2023-GAMING-BUILDS",,0,"11/27/2023 19:01",,https://www.facebook.com/pcmerchandise.co/posts/pfbid0kAvtGEzrD2XkLw0wWeqlY7U97TKAMd0aXwpipjBpBAbszJ8VMOXcJs4d,0,0,Photos,,,,,11/05/2023,,,0,0,0,0,0,0,,,,,
1049761090915906,100064197037125,"PC Merchandise","Negosyo starts today! Complete computer shop packages ready. PM now!

𝐂𝐎𝐌𝐒𝐇𝐎𝐏 𝐏𝐑𝐈𝐂𝐄𝐋𝐈𝐒𝐓 >>>
https://pcmerchandise.live/2023-GAMING-BUILDS",,0,"11/27/2023 19:01",,https://www.facebook.com/pcmerchandise.co/posts/pfbid0kAvtGEzrD2XkLw0wWeqlY7U97TKAMd0aXwpipjBpBAbszJ8VMOXcJs4d,0,0,Photos,,,,,11/06/2023,,,0,0,0,0,0,0,,,,,
1049761090915906,100064197037125,"PC Merchandise","Negosyo starts today! Complete computer shop packages ready. PM now!

𝐂𝐎𝐌𝐒𝐇𝐎𝐏 𝐏𝐑𝐈𝐂𝐄𝐋𝐈𝐒𝐓 >>>
https://pcmerchandise.live/2023-GAMING-BUILDS",,0,"11/27/2023 19:01",,https://www.facebook.com/pcmerchandise.co/posts/pfbid0kAvtGEzrD2XkLw0wWeqlY7U97TKAMd0aXwpipjBpBAbszJ8VMOXcJs4d,0,0,Photos,,,,,11/07/2023,,,0,0,0,0,0,0,,,,,
1049761090915906,100064197037125,"PC Merchandise","Negosyo starts today! Complete computer shop packages ready. PM now!

𝐂𝐎𝐌𝐒𝐇𝐎𝐏 𝐏𝐑𝐈𝐂𝐄𝐋𝐈𝐒𝐓 >>>
https://pcmerchandise.live/2023-GAMING-BUILDS",,0,"11/27/2023 19:01",,https://www.facebook.com/pcmerchandise.co/posts/pfbid0kAvtGEzrD2XkLw0wWeqlY7U97TKAMd0aXwpipjBpBAbszJ8VMOXcJs4d,0,0,Photos,,,,,11/08/2023,,,0,0,0,0,0,0,,,,,
1049761090915906,100064197037125,"PC Merchandise","Negosyo starts today! Complete computer shop packages ready. PM now!

𝐂𝐎𝐌𝐒𝐇𝐎𝐏 𝐏𝐑𝐈𝐂𝐄𝐋𝐈𝐒𝐓 >>>
https://pcmerchandise.live/2023-GAMING-BUILDS",,0,"11/27/2023 19:01",,https://www.facebook.com/pcmerchandise.co/posts/pfbid0kAvtGEzrD2XkLw0wWeqlY7U97TKAMd0aXwpipjBpBAbszJ8VMOXcJs4d,0,0,Photos,,,,,11/09/2023,,,0,0,0,0,0,0,,,,,
1049761090915906,100064197037125,"PC Merchandise","Negosyo starts today! Complete computer shop packages ready. PM now!

𝐂𝐎𝐌𝐒𝐇𝐎𝐏 𝐏𝐑𝐈𝐂𝐄𝐋𝐈𝐒𝐓 >>>
https://pcmerchandise.live/2023-GAMING-BUILDS",,0,"11/27/2023 19:01",,https://www.facebook.com/pcmerchandise.co/posts/pfbid0kAvtGEzrD2XkLw0wWeqlY7U97TKAMd0aXwpipjBpBAbszJ8VMOXcJs4d,0,0,Photos,,,,,11/10/2023,,,0,0,0,0,0,0,,,,,
1049761090915906,100064197037125,"PC Merchandise","Negosyo starts today! Complete computer shop packages ready. PM now!

𝐂𝐎𝐌𝐒𝐇𝐎𝐏 𝐏𝐑𝐈𝐂𝐄𝐋𝐈𝐒𝐓 >>>
https://pcmerchandise.live/2023-GAMING-BUILDS",,0,"11/27/2023 19:01",,https://www.facebook.com/pcmerchandise.co/posts/pfbid0kAvtGEzrD2XkLw0wWeqlY7U97TKAMd0aXwpipjBpBAbszJ8VMOXcJs4d,0,0,Photos,,,,,11/11/2023,,,0,0,0,0,0,0,,,,,
1049761090915906,100064197037125,"PC Merchandise","Negosyo starts today! Complete computer shop packages ready. PM now!

𝐂𝐎𝐌𝐒𝐇𝐎𝐏 𝐏𝐑𝐈𝐂𝐄𝐋𝐈𝐒𝐓 >>>
https://pcmerchandise.live/2023-GAMING-BUILDS",,0,"11/27/2023 19:01",,https://www.facebook.com/pcmerchandise.co/posts/pfbid0kAvtGEzrD2XkLw0wWeqlY7U97TKAMd0aXwpipjBpBAbszJ8VMOXcJs4d,0,0,Photos,,,,,11/12/2023,,,0,0,0,0,0,0,,,,,
1049761090915906,100064197037125,"PC Merchandise","Negosyo starts today! Complete computer shop packages ready. PM now!

𝐂𝐎𝐌𝐒𝐇𝐎𝐏 𝐏𝐑𝐈𝐂𝐄𝐋𝐈𝐒𝐓 >>>
https://pcmerchandise.live/2023-GAMING-BUILDS",,0,"11/27/2023 19:01",,https://www.facebook.com/pcmerchandise.co/posts/pfbid0kAvtGEzrD2XkLw0wWeqlY7U97TKAMd0aXwpipjBpBAbszJ8VMOXcJs4d,0,0,Photos,,,,,11/13/2023,,,0,0,0,0,0,0,,,,,
1049761090915906,100064197037125,"PC Merchandise","Negosyo starts today! Complete computer shop packages ready. PM now!

𝐂𝐎𝐌𝐒𝐇𝐎𝐏 𝐏𝐑𝐈𝐂𝐄𝐋𝐈𝐒𝐓 >>>
https://pcmerchandise.live/2023-GAMING-BUILDS",,0,"11/27/2023 19:01",,https://www.facebook.com/pcmerchandise.co/posts/pfbid0kAvtGEzrD2XkLw0wWeqlY7U97TKAMd0aXwpipjBpBAbszJ8VMOXcJs4d,0,0,Photos,,,,,11/14/2023,,,0,0,0,0,0,0,,,,,
1049761090915906,100064197037125,"PC Merchandise","Negosyo starts today! Complete computer shop packages ready. PM now!

𝐂𝐎𝐌𝐒𝐇𝐎𝐏 𝐏𝐑𝐈𝐂𝐄𝐋𝐈𝐒𝐓 >>>
https://pcmerchandise.live/2023-GAMING-BUILDS",,0,"11/27/2023 19:01",,https://www.facebook.com/pcmerchandise.co/posts/pfbid0kAvtGEzrD2XkLw0wWeqlY7U97TKAMd0aXwpipjBpBAbszJ8VMOXcJs4d,0,0,Photos,,,,,11/15/2023,,,0,0,0,0,0,0,,,,,
1049761090915906,100064197037125,"PC Merchandise","Negosyo starts today! Complete computer shop packages ready. PM now!

𝐂𝐎𝐌𝐒𝐇𝐎𝐏 𝐏𝐑𝐈𝐂𝐄𝐋𝐈𝐒𝐓 >>>
https://pcmerchandise.live/2023-GAMING-BUILDS",,0,"11/27/2023 19:01",,https://www.facebook.com/pcmerchandise.co/posts/pfbid0kAvtGEzrD2XkLw0wWeqlY7U97TKAMd0aXwpipjBpBAbszJ8VMOXcJs4d,0,0,Photos,,,,,11/16/2023,,,0,0,0,0,0,0,,,,,
1049761090915906,100064197037125,"PC Merchandise","Negosyo starts today! Complete computer shop packages ready. PM now!

𝐂𝐎𝐌𝐒𝐇𝐎𝐏 𝐏𝐑𝐈𝐂𝐄𝐋𝐈𝐒𝐓 >>>
https://pcmerchandise.live/2023-GAMING-BUILDS",,0,"11/27/2023 19:01",,https://www.facebook.com/pcmerchandise.co/posts/pfbid0kAvtGEzrD2XkLw0wWeqlY7U97TKAMd0aXwpipjBpBAbszJ8VMOXcJs4d,0,0,Photos,,,,,11/17/2023,,,0,0,0,0,0,0,,,,,
1049761090915906,100064197037125,"PC Merchandise","Negosyo starts today! Complete computer shop packages ready. PM now!

𝐂𝐎𝐌𝐒𝐇𝐎𝐏 𝐏𝐑𝐈𝐂𝐄𝐋𝐈𝐒𝐓 >>>
https://pcmerchandise.live/2023-GAMING-BUILDS",,0,"11/27/2023 19:01",,https://www.facebook.com/pcmerchandise.co/posts/pfbid0kAvtGEzrD2XkLw0wWeqlY7U97TKAMd0aXwpipjBpBAbszJ8VMOXcJs4d,0,0,Photos,,,,,11/18/2023,,,0,0,0,0,0,0,,,,,
1049761090915906,100064197037125,"PC Merchandise","Negosyo starts today! Complete computer shop packages ready. PM now!

𝐂𝐎𝐌𝐒𝐇𝐎𝐏 𝐏𝐑𝐈𝐂𝐄𝐋𝐈𝐒𝐓 >>>
https://pcmerchandise.live/2023-GAMING-BUILDS",,0,"11/27/2023 19:01",,https://www.facebook.com/pcmerchandise.co/posts/pfbid0kAvtGEzrD2XkLw0wWeqlY7U97TKAMd0aXwpipjBpBAbszJ8VMOXcJs4d,0,0,Photos,,,,,11/19/2023,,,0,0,0,0,0,0,,,,,
1049761090915906,100064197037125,"PC Merchandise","Negosyo starts today! Complete computer shop packages ready. PM now!

𝐂𝐎𝐌𝐒𝐇𝐎𝐏 𝐏𝐑𝐈𝐂𝐄𝐋𝐈𝐒𝐓 >>>
https://pcmerchandise.live/2023-GAMING-BUILDS",,0,"11/27/2023 19:01",,https://www.facebook.com/pcmerchandise.co/posts/pfbid0kAvtGEzrD2XkLw0wWeqlY7U97TKAMd0aXwpipjBpBAbszJ8VMOXcJs4d,0,0,Photos,,,,,11/20/2023,,,0,0,0,0,0,0,,,,,
1049761090915906,100064197037125,"PC Merchandise","Negosyo starts today! Complete computer shop packages ready. PM now!

𝐂𝐎𝐌𝐒𝐇𝐎𝐏 𝐏𝐑𝐈𝐂𝐄𝐋𝐈𝐒𝐓 >>>
https://pcmerchandise.live/2023-GAMING-BUILDS",,0,"11/27/2023 19:01",,https://www.facebook.com/pcmerchandise.co/posts/pfbid0kAvtGEzrD2XkLw0wWeqlY7U97TKAMd0aXwpipjBpBAbszJ8VMOXcJs4d,0,0,Photos,,,,,11/21/2023,,,0,0,0,0,0,0,,,,,
1049761090915906,100064197037125,"PC Merchandise","Negosyo starts today! Complete computer shop packages ready. PM now!

𝐂𝐎𝐌𝐒𝐇𝐎𝐏 𝐏𝐑𝐈𝐂𝐄𝐋𝐈𝐒𝐓 >>>
https://pcmerchandise.live/2023-GAMING-BUILDS",,0,"11/27/2023 19:01",,https://www.facebook.com/pcmerchandise.co/posts/pfbid0kAvtGEzrD2XkLw0wWeqlY7U97TKAMd0aXwpipjBpBAbszJ8VMOXcJs4d,0,0,Photos,,,,,11/22/2023,,,0,0,0,0,0,0,,,,,
1049761090915906,100064197037125,"PC Merchandise","Negosyo starts today! Complete computer shop packages ready. PM now!

𝐂𝐎𝐌𝐒𝐇𝐎𝐏 𝐏𝐑𝐈𝐂𝐄𝐋𝐈𝐒𝐓 >>>
https://pcmerchandise.live/2023-GAMING-BUILDS",,0,"11/27/2023 19:01",,https://www.facebook.com/pcmerchandise.co/posts/pfbid0kAvtGEzrD2XkLw0wWeqlY7U97TKAMd0aXwpipjBpBAbszJ8VMOXcJs4d,0,0,Photos,,,,,11/23/2023,,,0,0,0,0,0,0,,,,,
1049761090915906,100064197037125,"PC Merchandise","Negosyo starts today! Complete computer shop packages ready. PM now!

𝐂𝐎𝐌𝐒𝐇𝐎𝐏 𝐏𝐑𝐈𝐂𝐄𝐋𝐈𝐒𝐓 >>>
https://pcmerchandise.live/2023-GAMING-BUILDS",,0,"11/27/2023 19:01",,https://www.facebook.com/pcmerchandise.co/posts/pfbid0kAvtGEzrD2XkLw0wWeqlY7U97TKAMd0aXwpipjBpBAbszJ8VMOXcJs4d,0,0,Photos,,,,,11/24/2023,,,0,0,0,0,0,0,,,,,
1049761090915906,100064197037125,"PC Merchandise","Negosyo starts today! Complete computer shop packages ready. PM now!

𝐂𝐎𝐌𝐒𝐇𝐎𝐏 𝐏𝐑𝐈𝐂𝐄𝐋𝐈𝐒𝐓 >>>
https://pcmerchandise.live/2023-GAMING-BUILDS",,0,"11/27/2023 19:01",,https://www.facebook.com/pcmerchandise.co/posts/pfbid0kAvtGEzrD2XkLw0wWeqlY7U97TKAMd0aXwpipjBpBAbszJ8VMOXcJs4d,0,0,Photos,,,,,11/25/2023,,,0,0,0,0,0,0,,,,,
1049761090915906,100064197037125,"PC Merchandise","Negosyo starts today! Complete computer shop packages ready. PM now!

𝐂𝐎𝐌𝐒𝐇𝐎𝐏 𝐏𝐑𝐈𝐂𝐄𝐋𝐈𝐒𝐓 >>>
https://pcmerchandise.live/2023-GAMING-BUILDS",,0,"11/27/2023 19:01",,https://www.facebook.com/pcmerchandise.co/posts/pfbid0kAvtGEzrD2XkLw0wWeqlY7U97TKAMd0aXwpipjBpBAbszJ8VMOXcJs4d,0,0,Photos,,,,,11/26/2023,,,0,0,0,0,0,0,,,,,
1049761090915906,100064197037125,"PC Merchandise","Negosyo starts today! Complete computer shop packages ready. PM now!

𝐂𝐎𝐌𝐒𝐇𝐎𝐏 𝐏𝐑𝐈𝐂𝐄𝐋𝐈𝐒𝐓 >>>
https://pcmerchandise.live/2023-GAMING-BUILDS",,0,"11/27/2023 19:01",,https://www.facebook.com/pcmerchandise.co/posts/pfbid0kAvtGEzrD2XkLw0wWeqlY7U97TKAMd0aXwpipjBpBAbszJ8VMOXcJs4d,0,0,Photos,,,,,11/27/2023,,,0,0,0,0,0,0,,,,,
1049761090915906,100064197037125,"PC Merchandise","Negosyo starts today! Complete computer shop packages ready. PM now!

𝐂𝐎𝐌𝐒𝐇𝐎𝐏 𝐏𝐑𝐈𝐂𝐄𝐋𝐈𝐒𝐓 >>>
https://pcmerchandise.live/2023-GAMING-BUILDS",,0,"11/27/2023 19:01",,https://www.facebook.com/pcmerchandise.co/posts/pfbid0kAvtGEzrD2XkLw0wWeqlY7U97TKAMd0aXwpipjBpBAbszJ8VMOXcJs4d,0,0,Photos,,,,,11/28/2023,,,0,0,0,0,0,0,,,,,
1049761090915906,100064197037125,"PC Merchandise","Negosyo starts today! Complete computer shop packages ready. PM now!

𝐂𝐎𝐌𝐒𝐇𝐎𝐏 𝐏𝐑𝐈𝐂𝐄𝐋𝐈𝐒𝐓 >>>
https://pcmerchandise.live/2023-GAMING-BUILDS",,0,"11/27/2023 19:01",,https://www.facebook.com/pcmerchandise.co/posts/pfbid0kAvtGEzrD2XkLw0wWeqlY7U97TKAMd0aXwpipjBpBAbszJ8VMOXcJs4d,0,0,Photos,,,,,11/29/2023,,,0,0,0,0,0,0,,,,,
1049761090915906,100064197037125,"PC Merchandise","Negosyo starts today! Complete computer shop packages ready. PM now!

𝐂𝐎𝐌𝐒𝐇𝐎𝐏 𝐏𝐑𝐈𝐂𝐄𝐋𝐈𝐒𝐓 >>>
https://pcmerchandise.live/2023-GAMING-BUILDS",,0,"11/27/2023 19:01",,https://www.facebook.com/pcmerchandise.co/posts/pfbid0kAvtGEzrD2XkLw0wWeqlY7U97TKAMd0aXwpipjBpBAbszJ8VMOXcJs4d,0,0,Photos,,,,,11/30/2023,,,0,0,0,0,0,0,,,,,
1049804051151285,100064197037125,"PC Merchandise","Do you want an aesthetic build that matches your gaming needs? i5 12400F builds available now!",,42,"11/26/2023 19:00",mixed,https://www.facebook.com/reel/1584823714991029/,0,0,Reels,,,,,11/01/2023,0,,,,,,0,0,0,0,0,0.000,2.419
1049804051151285,100064197037125,"PC Merchandise","Do you want an aesthetic build that matches your gaming needs? i5 12400F builds available now!",,42,"11/26/2023 19:00",mixed,https://www.facebook.com/reel/1584823714991029/,0,0,Reels,,,,,11/02/2023,0,,,,,,0,0,0,0,0,0.000,1.760
1049804051151285,100064197037125,"PC Merchandise","Do you want an aesthetic build that matches your gaming needs? i5 12400F builds available now!",,42,"11/26/2023 19:00",mixed,https://www.facebook.com/reel/1584823714991029/,0,0,Reels,,,,,11/03/2023,0,,,,,,0,0,0,0,0,0.000,2.428
1049804051151285,100064197037125,"PC Merchandise","Do you want an aesthetic build that matches your gaming needs? i5 12400F builds available now!",,42,"11/26/2023 19:00",mixed,https://www.facebook.com/reel/1584823714991029/,0,0,Reels,,,,,11/04/2023,0,,,,,,0,0,0,0,0,0.000,3.591
1049804051151285,100064197037125,"PC Merchandise","Do you want an aesthetic build that matches your gaming needs? i5 12400F builds available now!",,42,"11/26/2023 19:00",mixed,https://www.facebook.com/reel/1584823714991029/,0,0,Reels,,,,,11/05/2023,0,,,,,,0,0,0,0,0,0.000,1.500
1049804051151285,100064197037125,"PC Merchandise","Do you want an aesthetic build that matches your gaming needs? i5 12400F builds available now!",,42,"11/26/2023 19:00",mixed,https://www.facebook.com/reel/1584823714991029/,0,0,Reels,,,,,11/06/2023,0,,,,,,0,0,0,0,0,0.000,3.529
1049804051151285,100064197037125,"PC Merchandise","Do you want an aesthetic build that matches your gaming needs? i5 12400F builds available now!",,42,"11/26/2023 19:00",mixed,https://www.facebook.com/reel/1584823714991029/,0,0,Reels,,,,,11/07/2023,0,,,,,,0,0,0,0,0,0.000,2.481
1049804051151285,100064197037125,"PC Merchandise","Do you want an aesthetic build that matches your gaming needs? i5 12400F builds available now!",,42,"11/26/2023 19:00",mixed,https://www.facebook.com/reel/1584823714991029/,0,0,Reels,,,,,11/08/2023,0,,,,,,0,0,0,0,0,0.000,2.883
1049804051151285,100064197037125,"PC Merchandise","Do you want an aesthetic build that matches your gaming needs? i5 12400F builds available now!",,42,"11/26/2023 19:00",mixed,https://www.facebook.com/reel/1584823714991029/,0,0,Reels,,,,,11/09/2023,0,,,,,,0,0,0,0,0,0.000,1.683
1049804051151285,100064197037125,"PC Merchandise","Do you want an aesthetic build that matches your gaming needs? i5 12400F builds available now!",,42,"11/26/2023 19:00",mixed,https://www.facebook.com/reel/1584823714991029/,0,0,Reels,,,,,11/10/2023,0,,,,,,0,0,0,0,0,0.000,3.449
1049804051151285,100064197037125,"PC Merchandise","Do you want an aesthetic build that matches your gaming needs? i5 12400F builds available now!",,42,"11/26/2023 19:00",mixed,https://www.facebook.com/reel/1584823714991029/,0,0,Reels,,,,,11/11/2023,0,,,,,,0,0,0,0,0,0.000,1.815
1049804051151285,100064197037125,"PC Merchandise","Do you want an aesthetic build that matches your gaming needs? i5 12400F builds available now!",,42,"11/26/2023 19:00",mixed,https://www.facebook.com/reel/1584823714991029/,0,0,Reels,,,,,11/12/2023,0,,,,,,0,0,0,0,0,0.000,2.642
1049804051151285,100064197037125,"PC Merchandise","Do you want an aesthetic build that matches your gaming needs? i5 12400F builds available now!",,42,"11/26/2023 19:00",mixed,https://www.facebook.com/reel/1584823714991029/,0,0,Reels,,,,,11/13/2023,0,,,,,,0,0,0,0,0,0.000,4.620
1049804051151285,100064197037125,"PC Merchandise","Do you want an aesthetic build that matches your gaming needs? i5 12400F builds available now!",,42,"11/26/2023 19:00",mixed,https://www.facebook.com/reel/1584823714991029/,0,0,Reels,,,,,11/14/2023,0,,,,,,0,0,0,0,0,0.000,1.858
1049804051151285,100064197037125,"PC Merchandise","Do you want an aesthetic build that matches your gaming needs? i5 12400F builds available now!",,42,"11/26/2023 19:00",mixed,https://www.facebook.com/reel/1584823714991029/,0,0,Reels,,,,,11/15/2023,0,,,,,,0,0,0,0,0,0.000,3.447
1049804051151285,100064197037125,"PC Merchandise","Do you want an aesthetic build that matches your gaming needs? i5 12400F builds available now!",,42,"11/26/2023 19:00",mixed,https://www.facebook.com/reel/1584823714991029/,0,0,Reels,,,,,11/16/2023,0,,,,,,0,0,0,0,0,0.000,1.514
1049804051151285,100064197037125,"PC Merchandise","Do you want an aesthetic build that matches your gaming needs? i5 12400F builds available now!",,42,"11/26/2023 19:00",mixed,https://www.facebook.com/reel/1584823714991029/,0,0,Reels,,,,,11/17/2023,0,,,,,,0,0,0,0,0,0.000,3.040
1049804051151285,100064197037125,"PC Merchandise","Do you want an aesthetic build that matches your gaming needs? i5 12400F builds available now!",,42,"11/26/2023 19:00",mixed,https://www.facebook.com/reel/1584823714991029/,0,0,Reels,,,,,11/18/2023,0,,,,,,0,0,0,0,0,0.000,4.172
1049804051151285,100064197037125,"PC Merchandise","Do you want an aesthetic build that matches your gaming needs? i5 12400F builds available now!",,42,"11/26/2023 19:00",mixed,https://www.facebook.com/reel/1584823714991029/,0,0,Reels,,,,,11/19/2023,0,,,,,,0,0,0,0,0,0.000,1.900
1049804051151285,100064197037125,"PC Merchandise","Do you want an aesthetic build that matches your gaming needs? i5 12400F builds available now!",,42,"11/26/2023 19:00",mixed,https://www.facebook.com/reel/1584823714991029/,0,0,Reels,,,,,11/20/2023,0,,,,,,0,0,0,0,0,0.000,3.323
1049804051151285,100064197037125,"PC Merchandise","Do you want an aesthetic build that matches your gaming needs? i5 12400F builds available now!",,42,"11/26/2023 19:00",mixed,https://www.facebook.com/reel/1584823714991029/,0,0,Reels,,,,,11/21/2023,0,,,,,,0,0,0,0,0,0.000,3.449
1049804051151285,100064197037125,"PC Merchandise","Do you want an aesthetic build that matches your gaming needs? i5 12400F builds available now!",,42,"11/26/2023 19:00",mixed,https://www.facebook.com/reel/1584823714991029/,0,0,Reels,,,,,11/22/2023,0,,,,,,0,0,0,0,0,0.000,4.799
1049804051151285,100064197037125,"PC Merchandise","Do you want an aesthetic build that matches your gaming needs? i5 12400F builds available now!",,42,"11/26/2023 19:00",mixed,https://www.facebook.com/reel/1584823714991029/,0,0,Reels,,,,,11/23/2023,0,,,,,,0,0,0,0,0,0.000,1.841
1049804051151285,100064197037125,"PC Merchandise","Do you want an aesthetic build that matches your gaming needs? i5 12400F builds available now!",,42,"11/26/2023 19:00",mixed,https://www.facebook.com/reel/1584823714991029/,0,0,Reels,,,,,11/24/2023,0,,,,,,0,0,0,0,0,0.000,2.992
1049804051151285,100064197037125,"PC Merchandise","Do you want an aesthetic build that matches your gaming needs? i5 12400F builds available now!",,42,"11/26/2023 19:00",mixed,https://www.facebook.com/reel/1584823714991029/,0,0,Reels,,,,,11/25/2023,0,,,,,,0,0,0,0,0,0.000,2.125
1049804051151285,100064197037125,"PC Merchandise","Do you want an aesthetic build that matches your gaming needs? i5 12400F builds available now!",,42,"11/26/2023 19:00",mixed,https://www.facebook.com/reel/1584823714991029/,0,0,Reels,,,,,11/26/2023,0,,,,,,0,0,2,2,0,69.851,1.500
1049804051151285,100064197037125,"PC Merchandise","Do you want an aesthetic build that matches your gaming needs? i5 12400F builds available now!",,42,"11/26/2023 19:00",mixed,https://www.facebook.com/reel/1584823714991029/,0,0,Reels,,,,,11/27/2023,0,,,,,,0,0,3,3,0,50.883,3.768
1049804051151285,100064197037125,"PC Merchandise","Do you want an aesthetic build that matches your gaming needs? i5 12400F builds available now!",,42,"11/26/2023 19:00",mixed,https://www.facebook.com/reel/1584823714991029/,0,0,Reels,,,,,11/28/2023,0,,,,,,0,0,0,0,0,23.446,3.862
1049804051151285,100064197037125,"PC Merchandise","Do you want an aesthetic build that matches your gaming needs? i5 12400F builds available now!",,42,"11/26/2023 19:00",mixed,https://www.facebook.com/reel/1584823714991029/,0,0,Reels,,,,,11/29/2023,0,,,,,,0,0,0,0,0,23.297,3.587
1049804051151285,100064197037125,"PC Merchandise","Do you want an aesthetic build that matches your gaming needs? i5 12400F builds available now!",,42,"11/26/2023 19:00",mixed,https://www.facebook.com/reel/1584823714991029/,0,0,Reels,,,,,11/30/2023,0,,,,,,0,0,1,1,0,19.494,3.959
1050068272630349,100064197037125,"PC Merchandise","BUDGET BUILD ALERT 🚨 RYZEN 5 3400G + RX 580 — perfect for online class and gaming!",,40,"11/26/2023 17:00",,https://www.facebook.com/reel/1269198508957047/,0,0,Reels,,,,,11/01/2023,0,,,,,,0,0,0,0,0,0.000,3.333
1050068272630349,100064197037125,"PC Merchandise","BUDGET BUILD ALERT 🚨 RYZEN 5 3400G + RX 580 — perfect for online class and gaming!",,40,"11/26/2023 17:00",,https://www.facebook.com/reel/1269198508957047/,0,0,Reels,,,,,11/02/2023,0,,,,,,0,0,0,0,0,0.000,6.081
1050068272630349,100064197037125,"PC Merchandise","BUDGET BUILD ALERT 🚨 RYZEN 5 3400G + RX 580 — perfect for online class and gaming!",,40,"11/26/2023 17:00",,https://www.facebook.com/reel/1269198508957047/,0,0,Reels,,,,,11/03/2023,0,,,,,,0,0,0,0,0,0.000,3.786
1050068272630349,100064197037125,"PC Merchandise","BUDGET BUILD ALERT 🚨 RYZEN 5 3400G + RX 580 — perfect for online class and gaming!",,40,"11/26/2023 17:00",,https://www.facebook.com/reel/1269198508957047/,0,0,Reels,,,,,11/04/2023,0,,,,,,0,0,0,0,0,0.000,2.616
1050068272630349,100064197037125,"PC Merchandise","BUDGET BUILD ALERT 🚨 RYZEN 5 3400G + RX 580 — perfect for online class and gaming!",,40,"11/26/2023 17:00",,https://www.facebook.com/reel/1269198508957047/,0,0,Reels,,,,,11/05/2023,0,,,,,,0,0,0,0,0,0.000,5.106
1050068272630349,100064197037125,"PC Merchandise","BUDGET BUILD ALERT 🚨 RYZEN 5 3400G + RX 580 — perfect for online class and gaming!",,40,"11/26/2023 17:00",,https://www.facebook.com/reel/1269198508957047/,0,0,Reels,,,,,11/06/2023,0,,,,,,0,0,0,0,0,0.000,4.816
1050068272630349,100064197037125,"PC Merchandise","BUDGET BUILD ALERT 🚨 RYZEN 5 3400G + RX 580 — perfect for online class and gaming!",,40,"11/26/2023 17:00",,https://www.facebook.com/reel/1269198508957047/,0,0,Reels,,,,,11/07/2023,0,,,,,,0,0,0,0,0,0.000,2.995
1050068272630349,100064197037125,"PC Merchandise","BUDGET BUILD ALERT 🚨 RYZEN 5 3400G + RX 580 — perfect for online class and gaming!",,40,"11/26/2023 17:00",,https://www.facebook.com/reel/1269198508957047/,0,0,Reels,,,,,11/08/2023,0,,,,,,0,0,0,0,0,0.000,5.240
1050068272630349,100064197037125,"PC Merchandise","BUDGET BUILD ALERT 🚨 RYZEN 5 3400G + RX 580 — perfect for online class and gaming!",,40,"11/26/2023 17:00",,https://www.facebook.com/reel/1269198508957047/,0,0,Reels,,,,,11/09/2023,0,,,,,,0,0,0,0,0,0.000,2.922
1050068272630349,100064197037125,"PC Merchandise","BUDGET BUILD ALERT 🚨 RYZEN 5 3400G + RX 580 — perfect for online class and gaming!",,40,"11/26/2023 17:00",,https://www.facebook.com/reel/1269198508957047/,0,0,Reels,,,,,11/10/2023,0,,,,,,0,0,0,0,0,0.000,3.883
1050068272630349,100064197037125,"PC Merchandise","BUDGET BUILD ALERT 🚨 RYZEN 5 3400G + RX 580 — perfect for online class and gaming!",,40,"11/26/2023 17:00",,https://www.facebook.com/reel/1269198508957047/,0,0,Reels,,,,,11/11/2023,0,,,,,,0,0,0,0,0,0.000,4.042
1050068272630349,100064197037125,"PC Merchandise","BUDGET BUILD ALERT 🚨 RYZEN 5 3400G + RX 580 — perfect for online class and gaming!",,40,"11/26/2023 17:00",,https://www.facebook.com/reel/1269198508957047/,0,0,Reels,,,,,11/12/2023,0,,,,,,0,0,0,0,0,0.000,4.325
1050068272630349,100064197037125,"PC Merchandise","BUDGET BUILD ALERT 🚨 RYZEN 5 3400G + RX 580 — perfect for online class and gaming!",,40,"11/26/2023 17:00",,https://www.facebook.com/reel/1269198508957047/,0,0,Reels,,,,,11/13/2023,0,,,,,,0,0,0,0,0,0.000,4.057
1050068272630349,100064197037125,"PC Merchandise","BUDGET BUILD ALERT 🚨 RYZEN 5 3400G + RX 580 — perfect for online class and gaming!",,40,"11/26/2023 17:00",,https://www.facebook.com/reel/1269198508957047/,0,0,Reels,,,,,11/14/2023,0,,,,,,0,0,0,0,0,0.000,4.827
1050068272630349,100064197037125,"PC Merchandise","BUDGET BUILD ALERT 🚨 RYZEN 5 3400G + RX 580 — perfect for online class and gaming!",,40,"11/26/2023 17:00",,https://www.facebook.com/reel/1269198508957047/,0,0,Reels,,,,,11/15/2023,0,,,,,,0,0,0,0,0,0.000,4.049
1050068272630349,100064197037125,"PC Merchandise","BUDGET BUILD ALERT 🚨 RYZEN 5 3400G + RX 580 — perfect for online class and gaming!",,40,"11/26/2023 17:00",,https://www.facebook.com/reel/1269198508957047/,0,0,Reels,,,,,11/16/2023,0,,,,,,0,0,0,0,0,0.000,4.291
1050068272630349,100064197037125,"PC Merchandise","BUDGET BUILD ALERT 🚨 RYZEN 5 3400G + RX 580 — perfect for online class and gaming!",,40,"11/26/2023 17:00",,https://www.facebook.com/reel/1269198508957047/,0,0,Reels,,,,,11/17/2023,0,,,,,,0,0,0,0,0,0.000,3.720
1050068272630349,100064197037125,"PC Merchandise","BUDGET BUILD ALERT 🚨 RYZEN 5 3400G + RX 580 — perfect for online class and gaming!",,40,"11/26/2023 17:00",,https://www.facebook.com/reel/1269198508957047/,0,0,Reels,,,,,11/18/2023,0,,,,,,0,0,0,0,0,0.000,5.018
1050068272630349,100064197037125,"PC Merchandise","BUDGET BUILD ALERT 🚨 RYZEN 5 3400G + RX 580 — perfect for online class and gaming!",,40,"11/26/2023 17:00",,https://www.facebook.com/reel/1269198508957047/,0,0,Reels,,,,,11/19/2023,0,,,,,,0,0,0,0,0,0.000,4.629
1050068272630349,100064197037125,"PC Merchandise","BUDGET BUILD ALERT 🚨 RYZEN 5 3400G + RX 580 — perfect for online class and gaming!",,40,"11/26/2023 17:00",,https://www.facebook.com/reel/1269198508957047/,0,0,Reels,,,,,11/20/2023,0,,,,,,0,0,0,0,0,0.000,3.986
1050068272630349,100064197037125,"PC Merchandise","BUDGET BUILD ALERT 🚨 RYZEN 5 3400G + RX 580 — perfect for online class and gaming!",,40,"11/26/2023 17:00",,https://www.facebook.com/reel/1269198508957047/,0,0,Reels,,,,,11/21/2023,0,,,,,,0,0,0,0,0,0.000,5.956
1050068272630349,100064197037125,"PC Merchandise","BUDGET BUILD ALERT 🚨 RYZEN 5 3400G + RX 580 — perfect for online class and gaming!",,40,"11/26/2023 17:00",,https://www.facebook.com/reel/1269198508957047/,0,0,Reels,,,,,11/22/2023,0,,,,,,0,0,0,0,0,0.000,3.278
1050068272630349,100064197037125,"PC Merchandise","BUDGET BUILD ALERT 🚨 RYZEN 5 3400G + RX 580 — perfect for online class and gaming!",,40,"11/26/2023 17:00",,https://www.facebook.com/reel/1269198508957047/,0,0,Reels,,,,,11/23/2023,0,,,,,,0,0,0,0,0,0.000,4.073
1050068272630349,100064197037125,"PC Merchandise","BUDGET BUILD ALERT 🚨 RYZEN 5 3400G + RX 580 — perfect for online class and gaming!",,40,"11/26/2023 17:00",,https://www.facebook.com/reel/1269198508957047/,0,0,Reels,,,,,11/24/2023,0,,,,,,0,0,0,0,0,0.000,3.148
1050068272630349,100064197037125,"PC Merchandise","BUDGET BUILD ALERT 🚨 RYZEN 5 3400G + RX 580 — perfect for online class and gaming!",,40,"11/26/2023 17:00",,https://www.facebook.com/reel/1269198508957047/,0,0,Reels,,,,,11/25/2023,0,,,,,,0,0,0,0,0,0.000,4.099
1050068272630349,100064197037125,"PC Merchandise","BUDGET BUILD ALERT 🚨 RYZEN 5 3400G + RX 580 — perfect for online class and gaming!",,40,"11/26/2023 17:00",,https://www.facebook.com/reel/1269198508957047/,0,0,Reels,,,,,11/26/2023,0,,,,,,0,0,1,1,0,231.308,5.332
1050068272630349,100064197037125,"PC Merchandise","BUDGET BUILD ALERT 🚨 RYZEN 5 3400G + RX 580 — perfect for online class and gaming!",,40,"11/26/2023 17:00",,https://www.facebook.com/reel/1269198508957047/,0,0,Reels,,,,,11/27/2023,0,,,,,,0,0,1,0,1,232.636,3.807
1050068272630349,100064197037125,"PC Merchandise","BUDGET BUILD ALERT 🚨 RYZEN 5 3400G + RX 580 — perfect for online class and gaming!",,40,"11/26/2023 17:00",,https://www.facebook.com/reel/1269198508957047/,0,0,Reels,,,,,11/28/2023,1,,,,,,0,0,1,0,0,142.647,4.161
1050068272630349,100064197037125,"PC Merchandise","BUDGET BUILD ALERT 🚨 RYZEN 5 3400G + RX 580 — perfect for online class and gaming!",,40,"11/26/2023 17:00",,https://www.facebook.com/reel/1269198508957047/,0,0,Reels,,,,,11/29/2023,0,,,,,,0,0,0,0,0,108.143,4.629
1050068272630349,100064197037125,"PC Merchandise","BUDGET BUILD ALERT 🚨 RYZEN 5 3400G + RX 580 — perfect for online class and gaming!",,40,"11/26/2023 17:00",,https://www.facebook.com/reel/1269198508957047/,0,0,Reels,,,,,11/30/2023,0,,,,,,0,0,0,0,0,68.529,3.894
1049421417328175,100064197037125,"PC Merchandise","𝐀𝐌𝟓 𝐁𝐮𝐢𝐥𝐝 𝐋𝐢𝐦𝐢𝐭𝐞𝐝 𝐒𝐚𝐥𝐞! 🚨
Experience next-gen performance with our latest builds. PM for pricelist!",,0,"11/26/2023 02:15",,https://www.facebook.com/pcmerchandise.co/posts/pfbid01YM8Pb1fnqfaULoCP63bclbs0h7VXeWuXWF24hqYHLMzV2NzqjSpSact,0,0,Photos,,,,,11/30/2023,0,,,,,,,,,,,,
1049421417328175,100064197037125,"PC Merchandise","𝐀𝐌𝟓 𝐁𝐮𝐢𝐥𝐝 𝐋𝐢𝐦𝐢𝐭𝐞𝐝 𝐒𝐚𝐥𝐞! 🚨
Experience next-gen performance with our latest builds. PM for pricelist!",,0,"11/26/2023 02:15",,https://www.facebook.com/pcmerchandise.co/posts/pfbid01YM8Pb1fnqfaULoCP63bclbs0h7VXeWuXWF24hqYHLMzV2NzqjSpSact,0,0,Photos,,,,,11/01/2023,,,0,0,0,0,0,0,,,,,
1049421417328175,100064197037125,"PC Merchandise","𝐀𝐌𝟓 𝐁𝐮𝐢𝐥𝐝 𝐋𝐢𝐦𝐢𝐭𝐞𝐝 𝐒𝐚𝐥𝐞! 🚨
Experience next-gen performance with our latest builds. PM for pricelist!",,0,"11/26/2023 02:15",,https://www.facebook.com/pcmerchandise.co/posts/pfbid01YM8Pb1fnqfaULoCP63bclbs0h7VXeWuXWF24hqYHLMzV2NzqjSpSact,0,0,Photos,,,,,11/02/2023,,,0,0,0,0,0,0,,,,,
1049421417328175,100064197037125,"PC Merchandise","𝐀𝐌𝟓 𝐁𝐮𝐢𝐥𝐝 𝐋𝐢𝐦𝐢𝐭𝐞𝐝 𝐒𝐚𝐥𝐞! 🚨
Experience next-gen performance with our latest builds. PM for pricelist!",,0,"11/26/2023 02:15",,https://www.facebook.com/pcmerchandise.co/posts/pfbid01YM8Pb1fnqfaULoCP63bclbs0h7VXeWuXWF24hqYHLMzV2NzqjSpSact,0,0,Photos,,,,,11/03/2023,,,0,0,0,0,0,0,,,,,
1049421417328175,100064197037125,"PC Merchandise","𝐀𝐌𝟓 𝐁𝐮𝐢𝐥𝐝 𝐋𝐢𝐦𝐢𝐭𝐞𝐝 𝐒𝐚𝐥𝐞! 🚨
Experience next-gen performance with our latest builds. PM for pricelist!",,0,"11/26/2023 02:15",,https://www.facebook.com/pcmerchandise.co/posts/pfbid01YM8Pb1fnqfaULoCP63bclbs0h7VXeWuXWF24hqYHLMzV2NzqjSpSact,0,0,Photos,,,,,11/04/2023,,,0,0,0,0,0,0,,,,,
1049421417328175,100064197037125,"PC Merchandise","𝐀𝐌𝟓 𝐁𝐮𝐢𝐥𝐝 𝐋𝐢𝐦𝐢𝐭𝐞𝐝 𝐒𝐚𝐥𝐞! 🚨
Experience next-gen performance with our latest builds. PM for pricelist!",,0,"11/26/2023 02:15",,https://www.facebook.com/pcmerchandise.co/posts/pfbid01YM8Pb1fnqfaULoCP63bclbs0h7VXeWuXWF24hqYHLMzV2NzqjSpSact,0,0,Photos,,,,,11/05/2023,,,0,0,0,0,0,0,,,,,
1049421417328175,100064197037125,"PC Merchandise","𝐀𝐌𝟓 𝐁𝐮𝐢𝐥𝐝 𝐋𝐢𝐦𝐢𝐭𝐞𝐝 𝐒𝐚𝐥𝐞! 🚨
Experience next-gen performance with our latest builds. PM for pricelist!",,0,"11/26/2023 02:15",,https://www.facebook.com/pcmerchandise.co/posts/pfbid01YM8Pb1fnqfaULoCP63bclbs0h7VXeWuXWF24hqYHLMzV2NzqjSpSact,0,0,Photos,,,,,11/06/2023,,,0,0,0,0,0,0,,,,,
1049421417328175,100064197037125,"PC Merchandise","𝐀𝐌𝟓 𝐁𝐮𝐢𝐥𝐝 𝐋𝐢𝐦𝐢𝐭𝐞𝐝 𝐒𝐚𝐥𝐞! 🚨
Experience next-gen performance with our latest builds. PM for pricelist!",,0,"11/26/2023 02:15",,https://www.facebook.com/pcmerchandise.co/posts/pfbid01YM8Pb1fnqfaULoCP63bclbs0h7VXeWuXWF24hqYHLMzV2NzqjSpSact,0,0,Photos,,,,,11/07/2023,,,0,0,0,0,0,0,,,,,
1049421417328175,100064197037125,"PC Merchandise","𝐀𝐌𝟓 𝐁𝐮𝐢𝐥𝐝 𝐋𝐢𝐦𝐢𝐭𝐞𝐝 𝐒𝐚𝐥𝐞! 🚨
Experience next-gen performance with our latest builds. PM for pricelist!",,0,"11/26/2023 02:15",,https://www.facebook.com/pcmerchandise.co/posts/pfbid01YM8Pb1fnqfaULoCP63bclbs0h7VXeWuXWF24hqYHLMzV2NzqjSpSact,0,0,Photos,,,,,11/08/2023,,,0,0,0,0,0,0,,,,,
1049421417328175,100064197037125,"PC Merchandise","𝐀𝐌𝟓 𝐁𝐮𝐢𝐥𝐝 𝐋𝐢𝐦𝐢𝐭𝐞𝐝 𝐒𝐚𝐥𝐞! 🚨
Experience next-gen performance with our latest builds. PM for pricelist!",,0,"11/26/2023 02:15",,https://www.facebook.com/pcmerchandise.co/posts/pfbid01YM8Pb1fnqfaULoCP63bclbs0h7VXeWuXWF24hqYHLMzV2NzqjSpSact,0,0,Photos,,,,,11/09/2023,,,0,0,0,0,0,0,,,,,
1049421417328175,100064197037125,"PC Merchandise","𝐀𝐌𝟓 𝐁𝐮𝐢𝐥𝐝 𝐋𝐢𝐦𝐢𝐭𝐞𝐝 𝐒𝐚𝐥𝐞! 🚨
Experience next-gen performance with our latest builds. PM for pricelist!",,0,"11/26/2023 02:15",,https://www.facebook.com/pcmerchandise.co/posts/pfbid01YM8Pb1fnqfaULoCP63bclbs0h7VXeWuXWF24hqYHLMzV2NzqjSpSact,0,0,Photos,,,,,11/10/2023,,,0,0,0,0,0,0,,,,,
1049421417328175,100064197037125,"PC Merchandise","𝐀𝐌𝟓 𝐁𝐮𝐢𝐥𝐝 𝐋𝐢𝐦𝐢𝐭𝐞𝐝 𝐒𝐚𝐥𝐞! 🚨
Experience next-gen performance with our latest builds. PM for pricelist!",,0,"11/26/2023 02:15",,https://www.facebook.com/pcmerchandise.co/posts/pfbid01YM8Pb1fnqfaULoCP63bclbs0h7VXeWuXWF24hqYHLMzV2NzqjSpSact,0,0,Photos,,,,,11/11/2023,,,0,0,0,0,0,0,,,,,
1049421417328175,100064197037125,"PC Merchandise","𝐀𝐌𝟓 𝐁𝐮𝐢𝐥𝐝 𝐋𝐢𝐦𝐢𝐭𝐞𝐝 𝐒𝐚𝐥𝐞! 🚨
Experience next-gen performance with our latest builds. PM for pricelist!",,0,"11/26/2023 02:15",,https://www.facebook.com/pcmerchandise.co/posts/pfbid01YM8Pb1fnqfaULoCP63bclbs0h7VXeWuXWF24hqYHLMzV2NzqjSpSact,0,0,Photos,,,,,11/12/2023,,,0,0,0,0,0,0,,,,,
1049421417328175,100064197037125,"PC Merchandise","𝐀𝐌𝟓 𝐁𝐮𝐢𝐥𝐝 𝐋𝐢𝐦𝐢𝐭𝐞𝐝 𝐒𝐚𝐥𝐞! 🚨
Experience next-gen performance with our latest builds. PM for pricelist!",,0,"11/26/2023 02:15",,https://www.facebook.com/pcmerchandise.co/posts/pfbid01YM8Pb1fnqfaULoCP63bclbs0h7VXeWuXWF24hqYHLMzV2NzqjSpSact,0,0,Photos,,,,,11/13/2023,,,0,0,0,0,0,0,,,,,
1049421417328175,100064197037125,"PC Merchandise","𝐀𝐌𝟓 𝐁𝐮𝐢𝐥𝐝 𝐋𝐢𝐦𝐢𝐭𝐞𝐝 𝐒𝐚𝐥𝐞! 🚨
Experience next-gen performance with our latest builds. PM for pricelist!",,0,"11/26/2023 02:15",,https://www.facebook.com/pcmerchandise.co/posts/pfbid01YM8Pb1fnqfaULoCP63bclbs0h7VXeWuXWF24hqYHLMzV2NzqjSpSact,0,0,Photos,,,,,11/14/2023,,,0,0,0,0,0,0,,,,,
1049421417328175,100064197037125,"PC Merchandise","𝐀𝐌𝟓 𝐁𝐮𝐢𝐥𝐝 𝐋𝐢𝐦𝐢𝐭𝐞𝐝 𝐒𝐚𝐥𝐞! 🚨
Experience next-gen performance with our latest builds. PM for pricelist!",,0,"11/26/2023 02:15",,https://www.facebook.com/pcmerchandise.co/posts/pfbid01YM8Pb1fnqfaULoCP63bclbs0h7VXeWuXWF24hqYHLMzV2NzqjSpSact,0,0,Photos,,,,,11/15/2023,,,0,0,0,0,0,0,,,,,
1049421417328175,100064197037125,"PC Merchandise","𝐀𝐌𝟓 𝐁𝐮𝐢𝐥𝐝 𝐋𝐢𝐦𝐢𝐭𝐞𝐝 𝐒𝐚𝐥𝐞! 🚨
Experience next-gen performance with our latest builds. PM for pricelist!",,0,"11/26/2023 02:15",,https://www.facebook.com/pcmerchandise.co/posts/pfbid01YM8Pb1fnqfaULoCP63bclbs0h7VXeWuXWF24hqYHLMzV2NzqjSpSact,0,0,Photos,,,,,11/16/2023,,,0,0,0,0,0,0,,,,,
1049421417328175,100064197037125,"PC Merchandise","𝐀𝐌𝟓 𝐁𝐮𝐢𝐥𝐝 𝐋𝐢𝐦𝐢𝐭𝐞𝐝 𝐒𝐚𝐥𝐞! 🚨
Experience next-gen performance with our latest builds. PM for pricelist!",,0,"11/26/2023 02:15",,https://www.facebook.com/pcmerchandise.co/posts/pfbid01YM8Pb1fnqfaULoCP63bclbs0h7VXeWuXWF24hqYHLMzV2NzqjSpSact,0,0,Photos,,,,,11/17/2023,,,0,0,0,0,0,0,,,,,
1049421417328175,100064197037125,"PC Merchandise","𝐀𝐌𝟓 𝐁𝐮𝐢𝐥𝐝 𝐋𝐢𝐦𝐢𝐭𝐞𝐝 𝐒𝐚𝐥𝐞! 🚨
Experience next-gen performance with our latest builds. PM for pricelist!",,0,"11/26/2023 02:15",,https://www.facebook.com/pcmerchandise.co/posts/pfbid01YM8Pb1fnqfaULoCP63bclbs0h7VXeWuXWF24hqYHLMzV2NzqjSpSact,0,0,Photos,,,,,11/18/2023,,,0,0,0,0,0,0,,,,,
1049421417328175,100064197037125,"PC Merchandise","𝐀𝐌𝟓 𝐁𝐮𝐢𝐥𝐝 𝐋𝐢𝐦𝐢𝐭𝐞𝐝 𝐒𝐚𝐥𝐞! 🚨
Experience next-gen performance with our latest builds. PM for pricelist!",,0,"11/26/2023 02:15",,https://www.facebook.com/pcmerchandise.co/posts/pfbid01YM8Pb1fnqfaULoCP63bclbs0h7VXeWuXWF24hqYHLMzV2NzqjSpSact,0,0,Photos,,,,,11/19/2023,,,0,0,0,0,0,0,,,,,
1049421417328175,100064197037125,"PC Merchandise","𝐀𝐌𝟓 𝐁𝐮𝐢𝐥𝐝 𝐋𝐢𝐦𝐢𝐭𝐞𝐝 𝐒𝐚𝐥𝐞! 🚨
Experience next-gen performance with our latest builds. PM for pricelist!",,0,"11/26/2023 02:15",,https://www.facebook.com/pcmerchandise.co/posts/pfbid01YM8Pb1fnqfaULoCP63bclbs0h7VXeWuXWF24hqYHLMzV2NzqjSpSact,0,0,Photos,,,,,11/20/2023,,,0,0,0,0,0,0,,,,,
1049421417328175,100064197037125,"PC Merchandise","𝐀𝐌𝟓 𝐁𝐮𝐢𝐥𝐝 𝐋𝐢𝐦𝐢𝐭𝐞𝐝 𝐒𝐚𝐥𝐞! 🚨
Experience next-gen performance with our latest builds. PM for pricelist!",,0,"11/26/2023 02:15",,https://www.facebook.com/pcmerchandise.co/posts/pfbid01YM8Pb1fnqfaULoCP63bclbs0h7VXeWuXWF24hqYHLMzV2NzqjSpSact,0,0,Photos,,,,,11/21/2023,,,0,0,0,0,0,0,,,,,
1049421417328175,100064197037125,"PC Merchandise","𝐀𝐌𝟓 𝐁𝐮𝐢𝐥𝐝 𝐋𝐢𝐦𝐢𝐭𝐞𝐝 𝐒𝐚𝐥𝐞! 🚨
Experience next-gen performance with our latest builds. PM for pricelist!",,0,"11/26/2023 02:15",,https://www.facebook.com/pcmerchandise.co/posts/pfbid01YM8Pb1fnqfaULoCP63bclbs0h7VXeWuXWF24hqYHLMzV2NzqjSpSact,0,0,Photos,,,,,11/22/2023,,,0,0,0,0,0,0,,,,,
1049421417328175,100064197037125,"PC Merchandise","𝐀𝐌𝟓 𝐁𝐮𝐢𝐥𝐝 𝐋𝐢𝐦𝐢𝐭𝐞𝐝 𝐒𝐚𝐥𝐞! 🚨
Experience next-gen performance with our latest builds. PM for pricelist!",,0,"11/26/2023 02:15",,https://www.facebook.com/pcmerchandise.co/posts/pfbid01YM8Pb1fnqfaULoCP63bclbs0h7VXeWuXWF24hqYHLMzV2NzqjSpSact,0,0,Photos,,,,,11/23/2023,,,0,0,0,0,0,0,,,,,
1049421417328175,100064197037125,"PC Merchandise","𝐀𝐌𝟓 𝐁𝐮𝐢𝐥𝐝 𝐋𝐢𝐦𝐢𝐭𝐞𝐝 𝐒𝐚𝐥𝐞! 🚨
Experience next-gen performance with our latest builds. PM for pricelist!",,0,"11/26/2023 02:15",,https://www.facebook.com/pcmerchandise.co/posts/pfbid01YM8Pb1fnqfaULoCP63bclbs0h7VXeWuXWF24hqYHLMzV2NzqjSpSact,0,0,Photos,,,,,11/24/2023,,,0,0,0,0,0,0,,,,,
1049421417328175,100064197037125,"PC Merchandise","𝐀𝐌𝟓 𝐁𝐮𝐢𝐥𝐝 𝐋𝐢𝐦𝐢𝐭𝐞𝐝 𝐒𝐚𝐥𝐞! 🚨
Experience next-gen performance with our latest builds. PM for pricelist!",,0,"11/26/2023 02:15",,https://www.facebook.com/pcmerchandise.co/posts/pfbid01YM8Pb1fnqfaULoCP63bclbs0h7VXeWuXWF24hqYHLMzV2NzqjSpSact,0,0,Photos,,,,,11/25/2023,,,0,0,0,0,0,0,,,,,
1049421417328175,100064197037125,"PC Merchandise","𝐀𝐌𝟓 𝐁𝐮𝐢𝐥𝐝 𝐋𝐢𝐦𝐢𝐭𝐞𝐝 𝐒𝐚𝐥𝐞! 🚨
Experience next-gen performance with our latest builds. PM for pricelist!",,0,"11/26/2023 02:15",,https://www.facebook.com/pcmerchandise.co/posts/pfbid01YM8Pb1fnqfaULoCP63bclbs0h7VXeWuXWF24hqYHLMzV2NzqjSpSact,0,0,Photos,,,,,11/26/2023,,,0,0,0,0,0,0,,,,,
1049421417328175,100064197037125,"PC Merchandise","𝐀𝐌𝟓 𝐁𝐮𝐢𝐥𝐝 𝐋𝐢𝐦𝐢𝐭𝐞𝐝 𝐒𝐚𝐥𝐞! 🚨
Experience next-gen performance with our latest builds. PM for pricelist!",,0,"11/26/2023 02:15",,https://www.facebook.com/pcmerchandise.co/posts/pfbid01YM8Pb1fnqfaULoCP63bclbs0h7VXeWuXWF24hqYHLMzV2NzqjSpSact,0,0,Photos,,,,,11/27/2023,,,0,0,0,0,0,0,,,,,
1049421417328175,100064197037125,"PC Merchandise","𝐀𝐌𝟓 𝐁𝐮𝐢𝐥𝐝 𝐋𝐢𝐦𝐢𝐭𝐞𝐝 𝐒𝐚𝐥𝐞! 🚨
Experience next-gen performance with our latest builds. PM for pricelist!",,0,"11/26/2023 02:15",,https://www.facebook.com/pcmerchandise.co/posts/pfbid01YM8Pb1fnqfaULoCP63bclbs0h7VXeWuXWF24hqYHLMzV2NzqjSpSact,0,0,Photos,,,,,11/28/2023,,,0,0,0,0,0,0,,,,,
1049421417328175,100064197037125,"PC Merchandise","𝐀𝐌𝟓 𝐁𝐮𝐢𝐥𝐝 𝐋𝐢𝐦𝐢𝐭𝐞𝐝 𝐒𝐚𝐥𝐞! 🚨
Experience next-gen performance with our latest builds. PM for pricelist!",,0,"11/26/2023 02:15",,https://www.facebook.com/pcmerchandise.co/posts/pfbid01YM8Pb1fnqfaULoCP63bclbs0h7VXeWuXWF24hqYHLMzV2NzqjSpSact,0,0,Photos,,,,,11/29/2023,,,0,0,0,0,0,0,,,,,
1049421417328175,100064197037125,"PC Merchandise","𝐀𝐌𝟓 𝐁𝐮𝐢𝐥𝐝 𝐋𝐢𝐦𝐢𝐭𝐞𝐝 𝐒𝐚𝐥𝐞! 🚨
Experience next-gen performance with our latest builds. PM for pricelist!",,0,"11/26/2023 02:15",,https://www.facebook.com/pcmerchandise.co/posts/pfbid01YM8Pb1fnqfaULoCP63bclbs0h7VXeWuXWF24hqYHLMzV2NzqjSpSact,0,0,Photos,,,,,11/30/2023,,,0,0,0,0,0,0,,,,,
1049841375214602,100064197037125,"PC Merchandise","One more rig complete. One more client satisfied. Built with i5 12400F + RX 6600. PM us for yours!",,0,"11/23/2023 22:00",,https://www.facebook.com/pcmerchandise.co/posts/pfbid0JwBstUl8OseypnzwBXxB1IrDglHzzgvYij6jAus7ayHzJ7aJdzfp7npP,0,0,Photos,,,,,11/30/2023,3,,,,,,,,,,,,
1049841375214602,100064197037125,"PC Merchandise","One more rig complete. One more client satisfied. Built with i5 12400F + RX 6600. PM us for yours!",,0,"11/23/2023 22:00",,https://www.facebook.com/pcmerchandise.co/posts/pfbid0JwBstUl8OseypnzwBXxB1IrDglHzzgvYij6jAus7ayHzJ7aJdzfp7npP,0,0,Photos,,,,,11/01/2023,,,0,0,0,0,0,0,,,,,
1049841375214602,100064197037125,"PC Merchandise","One more rig complete. One more client satisfied. Built with i5 12400F + RX 6600. PM us for yours!",,0,"11/23/2023 22:00",,https://www.facebook.com/pcmerchandise.co/posts/pfbid0JwBstUl8OseypnzwBXxB1IrDglHzzgvYij6jAus7ayHzJ7aJdzfp7npP,0,0,Photos,,,,,11/02/2023,,,0,0,0,0,0,0,,,,,
1049841375214602,100064197037125,"PC Merchandise","One more rig complete. One more client satisfied. Built with i5 12400F + RX 6600. PM us for yours!",,0,"11/23/2023 22:00",,https://www.facebook.com/pcmerchandise.co/posts/pfbid0JwBstUl8OseypnzwBXxB1IrDglHzzgvYij6jAus7ayHzJ7aJdzfp7npP,0,0,Photos,,,,,11/03/2023,,,0,0,0,0,0,0,,,,,
1049841375214602,100064197037125,"PC Merchandise","One more rig complete. One more client satisfied. Built with i5 12400F + RX 6600. PM us for yours!",,0,"11/23/2023 22:00",,https://www.facebook.com/pcmerchandise.co/posts/pfbid0JwBstUl8OseypnzwBXxB1IrDglHzzgvYij6jAus7ayHzJ7aJdzfp7npP,0,0,Photos,,,,,11/04/2023,,,0,0,0,0,0,0,,,,,
1049841375214602,100064197037125,"PC Merchandise","One more rig complete. One more client satisfied. Built with i5 12400F + RX 6600. PM us for yours!",,0,"11/23/2023 22:00",,https://www.facebook.com/pcmerchandise.co/posts/pfbid0JwBstUl8OseypnzwBXxB1IrDglHzzgvYij6jAus7ayHzJ7aJdzfp7npP,0,0,Photos,,,,,11/05/2023,,,0,0,0,0,0,0,,,,,
1049841375214602,100064197037125,"PC Merchandise","One more rig complete. One more client satisfied. Built with i5 12400F + RX 6600. PM us for yours!",,0,"11/23/2023 22:00",,https://www.facebook.com/pcmerchandise.co/posts/pfbid0JwBstUl8OseypnzwBXxB1IrDglHzzgvYij6jAus7ayHzJ7aJdzfp7npP,0,0,Photos,,,,,11/06/2023,,,0,0,0,0,0,0,,,,,
1049841375214602,100064197037125,"PC Merchandise","One more rig complete. One more client satisfied. Built with i5 12400F + RX 6600. PM us for yours!",,0,"11/23/2023 22:00",,https://www.facebook.com/pcmerchandise.co/posts/pfbid0JwBstUl8OseypnzwBXxB1IrDglHzzgvYij6jAus7ayHzJ7aJdzfp7npP,0,0,Photos,,,,,11/07/2023,,,0,0,0,0,0,0,,,,,
1049841375214602,100064197037125,"PC Merchandise","One more rig complete. One more client satisfied. Built with i5 12400F + RX 6600. PM us for yours!",,0,"11/23/2023 22:00",,https://www.facebook.com/pcmerchandise.co/posts/pfbid0JwBstUl8OseypnzwBXxB1IrDglHzzgvYij6jAus7ayHzJ7aJdzfp7npP,0,0,Photos,,,,,11/08/2023,,,0,0,0,0,0,0,,,,,
1049841375214602,100064197037125,"PC Merchandise","One more rig complete. One more client satisfied. Built with i5 12400F + RX 6600. PM us for yours!",,0,"11/23/2023 22:00",,https://www.facebook.com/pcmerchandise.co/posts/pfbid0JwBstUl8OseypnzwBXxB1IrDglHzzgvYij6jAus7ayHzJ7aJdzfp7npP,0,0,Photos,,,,,11/09/2023,,,0,0,0,0,0,0,,,,,
1049841375214602,100064197037125,"PC Merchandise","One more rig complete. One more client satisfied. Built with i5 12400F + RX 6600. PM us for yours!",,0,"11/23/2023 22:00",,https://www.facebook.com/pcmerchandise.co/posts/pfbid0JwBstUl8OseypnzwBXxB1IrDglHzzgvYij6jAus7ayHzJ7aJdzfp7npP,0,0,Photos,,,,,11/10/2023,,,0,0,0,0,0,0,,,,,
1049841375214602,100064197037125,"PC Merchandise","One more rig complete. One more client satisfied. Built with i5 12400F + RX 6600. PM us for yours!",,0,"11/23/2023 22:00",,https://www.facebook.com/pcmerchandise.co/posts/pfbid0JwBstUl8OseypnzwBXxB1IrDglHzzgvYij6jAus7ayHzJ7aJdzfp7npP,0,0,Photos,,,,,11/11/2023,,,0,0,0,0,0,0,,,,,
1049841375214602,100064197037125,"PC Merchandise","One more rig complete. One more client satisfied. Built with i5 12400F + RX 6600. PM us for yours!",,0,"11/23/2023 22:00",,https://www.facebook.com/pcmerchandise.co/posts/pfbid0JwBstUl8OseypnzwBXxB1IrDglHzzgvYij6jAus7ayHzJ7aJdzfp7npP,0,0,Photos,,,,,11/12/2023,,,0,0,0,0,0,0,,,,,
1049841375214602,100064197037125,"PC Merchandise","One more rig complete. One more client satisfied. Built with i5 12400F + RX 6600. PM us for yours!",,0,"11/23/2023 22:00",,https://www.facebook.com/pcmerchandise.co/posts/pfbid0JwBstUl8OseypnzwBXxB1IrDglHzzgvYij6jAus7ayHzJ7aJdzfp7npP,0,0,Photos,,,,,11/13/2023,,,0,0,0,0,0,0,,,,,
1049841375214602,100064197037125,"PC Merchandise","One more rig complete. One more client satisfied. Built with i5 12400F + RX 6600. PM us for yours!",,0,"11/23/2023 22:00",,https://www.facebook.com/pcmerchandise.co/posts/pfbid0JwBstUl8OseypnzwBXxB1IrDglHzzgvYij6jAus7ayHzJ7aJdzfp7npP,0,0,Photos,,,,,11/14/2023,,,0,0,0,0,0,0,,,,,
1049841375214602,100064197037125,"PC Merchandise","One more rig complete. One more client satisfied. Built with i5 12400F + RX 6600. PM us for yours!",,0,"11/23/2023 22:00",,https://www.facebook.com/pcmerchandise.co/posts/pfbid0JwBstUl8OseypnzwBXxB1IrDglHzzgvYij6jAus7ayHzJ7aJdzfp7npP,0,0,Photos,,,,,11/15/2023,,,0,0,0,0,0,0,,,,,
1049841375214602,100064197037125,"PC Merchandise","One more rig complete. One more client satisfied. Built with i5 12400F + RX 6600. PM us for yours!",,0,"11/23/2023 22:00",,https://www.facebook.com/pcmerchandise.co/posts/pfbid0JwBstUl8OseypnzwBXxB1IrDglHzzgvYij6jAus7ayHzJ7aJdzfp7npP,0,0,Photos,,,,,11/16/2023,,,0,0,0,0,0,0,,,,,
1049841375214602,100064197037125,"PC Merchandise","One more rig complete. One more client satisfied. Built with i5 12400F + RX 6600. PM us for yours!",,0,"11/23/2023 22:00",,https://www.facebook.com/pcmerchandise.co/posts/pfbid0JwBstUl8OseypnzwBXxB1IrDglHzzgvYij6jAus7ayHzJ7aJdzfp7npP,0,0,Photos,,,,,11/17/2023,,,0,0,0,0,0,0,,,,,
1049841375214602,100064197037125,"PC Merchandise","One more rig complete. One more client satisfied. Built with i5 12400F + RX 6600. PM us for yours!",,0,"11/23/2023 22:00",,https://www.facebook.com/pcmerchandise.co/posts/pfbid0JwBstUl8OseypnzwBXxB1IrDglHzzgvYij6jAus7ayHzJ7aJdzfp7npP,0,0,Photos,,,,,11/18/2023,,,0,0,0,0,0,0,,,,,
1049841375214602,100064197037125,"PC Merchandise","One more rig complete. One more client satisfied. Built with i5 12400F + RX 6600. PM us for yours!",,0,"11/23/2023 22:00",,https://www.facebook.com/pcmerchandise.co/posts/pfbid0JwBstUl8OseypnzwBXxB1IrDglHzzgvYij6jAus7ayHzJ7aJdzfp7npP,0,0,Photos,,,,,11/19/2023,,,0,0,0,0,0,0,,,,,
1049841375214602,100064197037125,"PC Merchandise","One more rig complete. One more client satisfied. Built with i5 12400F + RX 6600. PM us for yours!",,0,"11/23/2023 22:00",,https://www.facebook.com/pcmerchandise.co/posts/pfbid0JwBstUl8OseypnzwBXxB1IrDglHzzgvYij6jAus7ayHzJ7aJdzfp7npP,0,0,Photos,,,,,11/20/2023,,,0,0,0,0,0,0,,,,,
1049841375214602,100064197037125,"PC Merchandise","One more rig complete. One more client satisfied. Built with i5 12400F + RX 6600. PM us for yours!",,0,"11/23/2023 22:00",,https://www.facebook.com/pcmerchandise.co/posts/pfbid0JwBstUl8OseypnzwBXxB1IrDglHzzgvYij6jAus7ayHzJ7aJdzfp7npP,0,0,Photos,,,,,11/21/2023,,,0,0,0,0,0,0,,,,,
1049841375214602,100064197037125,"PC Merchandise","One more rig complete. One more client satisfied. Built with i5 12400F + RX 6600. PM us for yours!",,0,"11/23/2023 22:00",,https://www.facebook.com/pcmerchandise.co/posts/pfbid0JwBstUl8OseypnzwBXxB1IrDglHzzgvYij6jAus7ayHzJ7aJdzfp7npP,0,0,Photos,,,,,11/22/2023,,,0,0,0,0,0,0,,,,,
1049841375214602,100064197037125,"PC Merchandise","One more rig complete. One more client satisfied. Built with i5 12400F + RX 6600. PM us for yours!",,0,"11/23/2023 22:00",,https://www.facebook.com/pcmerchandise.co/posts/pfbid0JwBstUl8OseypnzwBXxB1IrDglHzzgvYij6jAus7ayHzJ7aJdzfp7npP,0,0,Photos,,,,,11/23/2023,,,0,0,0,0,0,0,,,,,
1049841375214602,100064197037125,"PC Merchandise","One more rig complete. One more client satisfied. Built with i5 12400F + RX 6600. PM us for yours!",,0,"11/23/2023 22:00",,https://www.facebook.com/pcmerchandise.co/posts/pfbid0JwBstUl8OseypnzwBXxB1IrDglHzzgvYij6jAus7ayHzJ7aJdzfp7npP,0,0,Photos,,,,,11/24/2023,,,0,0,0,0,0,0,,,,,
1049841375214602,100064197037125,"PC Merchandise","One more rig complete. One more client satisfied. Built with i5 12400F + RX 6600. PM us for yours!",,0,"11/23/2023 22:00",,https://www.facebook.com/pcmerchandise.co/posts/pfbid0JwBstUl8OseypnzwBXxB1IrDglHzzgvYij6jAus7ayHzJ7aJdzfp7npP,0,0,Photos,,,,,11/25/2023,,,0,0,0,0,0,0,,,,,
1049841375214602,100064197037125,"PC Merchandise","One more rig complete. One more client satisfied. Built with i5 12400F + RX 6600. PM us for yours!",,0,"11/23/2023 22:00",,https://www.facebook.com/pcmerchandise.co/posts/pfbid0JwBstUl8OseypnzwBXxB1IrDglHzzgvYij6jAus7ayHzJ7aJdzfp7npP,0,0,Photos,,,,,11/26/2023,,,0,0,0,0,0,0,,,,,
1049841375214602,100064197037125,"PC Merchandise","One more rig complete. One more client satisfied. Built with i5 12400F + RX 6600. PM us for yours!",,0,"11/23/2023 22:00",,https://www.facebook.com/pcmerchandise.co/posts/pfbid0JwBstUl8OseypnzwBXxB1IrDglHzzgvYij6jAus7ayHzJ7aJdzfp7npP,0,0,Photos,,,,,11/27/2023,,,0,0,0,0,0,0,,,,,
1049841375214602,100064197037125,"PC Merchandise","One more rig complete. One more client satisfied. Built with i5 12400F + RX 6600. PM us for yours!",,0,"11/23/2023 22:00",,https://www.facebook.com/pcmerchandise.co/posts/pfbid0JwBstUl8OseypnzwBXxB1IrDglHzzgvYij6jAus7ayHzJ7aJdzfp7npP,0,0,Photos,,,,,11/28/2023,,,0,0,0,0,0,0,,,,,
1049841375214602,100064197037125,"PC Merchandise","One more rig complete. One more client satisfied. Built with i5 12400F + RX 6600. PM us for yours!",,0,"11/23/2023 22:00",,https://www.facebook.com/pcmerchandise.co/posts/pfbid0JwBstUl8OseypnzwBXxB1IrDglHzzgvYij6jAus7ayHzJ7aJdzfp7npP,0,0,Photos,,,,,11/29/2023,,,0,0,0,0,0,0,,,,,
1049841375214602,100064197037125,"PC Merchandise","One more rig complete. One more client satisfied. Built with i5 12400F + RX 6600. PM us for yours!",,0,"11/23/2023 22:00",,https://www.facebook.com/pcmerchandise.co/posts/pfbid0JwBstUl8OseypnzwBXxB1IrDglHzzgvYij6jAus7ayHzJ7aJdzfp7npP,0,0,Photos,,,,,11/30/2023,,,0,0,0,0,0,0,,,,,
1049954120259106,100064197037125,"PC Merchandise","UNBOXING: GTX 1660S fresh stock just arrived! 📦",,0,"11/23/2023 19:10",,https://www.facebook.com/pcmerchandise.co/posts/pfbid05YATvF7CZYH89eB9EjshvFpRQ5fiUTgQG6zQrN933DBIKy6bF4qyofYA,0,0,Photos,,,,,11/30/2023,2,,,,,,,,,,,,
1049954120259106,100064197037125,"PC Merchandise","UNBOXING: GTX 1660S fresh stock just arrived! 📦",,0,"11/23/2023 19:10",,https://www.facebook.com/pcmerchandise.co/posts/pfbid05YATvF7CZYH89eB9EjshvFpRQ5fiUTgQG6zQrN933DBIKy6bF4qyofYA,0,0,Photos,,,,,11/01/2023,,,0,0,0,0,0,0,,,,,
1049954120259106,100064197037125,"PC Merchandise","UNBOXING: GTX 1660S fresh stock just arrived! 📦",,0,"11/23/2023 19:10",,https://www.facebook.com/pcmerchandise.co/posts/pfbid05YATvF7CZYH89eB9EjshvFpRQ5fiUTgQG6zQrN933DBIKy6bF4qyofYA,0,0,Photos,,,,,11/02/2023,,,0,0,0,0,0,0,,,,,
1049954120259106,100064197037125,"PC Merchandise","UNBOXING: GTX 1660S fresh stock just arrived! 📦",,0,"11/23/2023 19:10",,https://www.facebook.com/pcmerchandise.co/posts/pfbid05YATvF7CZYH89eB9EjshvFpRQ5fiUTgQG6zQrN933DBIKy6bF4qyofYA,0,0,Photos,,,,,11/03/2023,,,0,0,0,0,0,0,,,,,
1049954120259106,100064197037125,"PC Merchandise","UNBOXING: GTX 1660S fresh stock just arrived! 📦",,0,"11/23/2023 19:10",,https://www.facebook.com/pcmerchandise.co/posts/pfbid05YATvF7CZYH89eB9EjshvFpRQ5fiUTgQG6zQrN933DBIKy6bF4qyofYA,0,0,Photos,,,,,11/04/2023,,,0,0,0,0,0,0,,,,,
1049954120259106,100064197037125,"PC Merchandise","UNBOXING: GTX 1660S fresh stock just arrived! 📦",,0,"11/23/2023 19:10",,https://www.facebook.com/pcmerchandise.co/posts/pfbid05YATvF7CZYH89eB9EjshvFpRQ5fiUTgQG6zQrN933DBIKy6bF4qyofYA,0,0,Photos,,,,,11/05/2023,,,0,0,0,0,0,0,,,,,
1049954120259106,100064197037125,"PC Merchandise","UNBOXING: GTX 1660S fresh stock just arrived! 📦",,0,"11/23/2023 19:10",,https://www.facebook.com/pcmerchandise.co/posts/pfbid05YATvF7CZYH89eB9EjshvFpRQ5fiUTgQG6zQrN933DBIKy6bF4qyofYA,0,0,Photos,,,,,11/06/2023,,,0,0,0,0,0,0,,,,,
1049954120259106,100064197037125,"PC Merchandise","UNBOXING: GTX 1660S fresh stock just arrived! 📦",,0,"11/23/2023 19:10",,https://www.facebook.com/pcmerchandise.co/posts/pfbid05YATvF7CZYH89eB9EjshvFpRQ5fiUTgQG6zQrN933DBIKy6bF4qyofYA,0,0,Photos,,,,,11/07/2023,,,0,0,0,0,0,0,,,,,
1049954120259106,100064197037125,"PC Merchandise","UNBOXING: GTX 1660S fresh stock just arrived! 📦",,0,"11/23/2023 19:10",,https://www.facebook.com/pcmerchandise.co/posts/pfbid05YATvF7CZYH89eB9EjshvFpRQ5fiUTgQG6zQrN933DBIKy6bF4qyofYA,0,0,Photos,,,,,11/08/2023,,,0,0,0,0,0,0,,,,,
1049954120259106,100064197037125,"PC Merchandise","UNBOXING: GTX 1660S fresh stock just arrived! 📦",,0,"11/23/2023 19:10",,https://www.facebook.com/pcmerchandise.co/posts/pfbid05YATvF7CZYH89eB9EjshvFpRQ5fiUTgQG6zQrN933DBIKy6bF4qyofYA,0,0,Photos,,,,,11/09/2023,,,0,0,0,0,0,0,,,,,
1049954120259106,100064197037125,"PC Merchandise","UNBOXING: GTX 1660S fresh stock just arrived! 📦",,0,"11/23/2023 19:10",,https://www.facebook.com/pcmerchandise.co/posts/pfbid05YATvF7CZYH89eB9EjshvFpRQ5fiUTgQG6zQrN933DBIKy6bF4qyofYA,0,0,Photos,,,,,11/10/2023,,,0,0,0,0,0,0,,,,,
1049954120259106,100064197037125,"PC Merchandise","UNBOXING: GTX 1660S fresh stock just arrived! 📦",,0,"11/23/2023 19:10",,https://www.facebook.com/pcmerchandise.co/posts/pfbid05YATvF7CZYH89eB9EjshvFpRQ5fiUTgQG6zQrN933DBIKy6bF4qyofYA,0,0,Photos,,,,,11/11/2023,,,0,0,0,0,0,0,,,,,
1049954120259106,100064197037125,"PC Merchandise","UNBOXING: GTX 1660S fresh stock just arrived! 📦",,0,"11/23/2023 19:10",,https://www.facebook.com/pcmerchandise.co/posts/pfbid05YATvF7CZYH89eB9EjshvFpRQ5fiUTgQG6zQrN933DBIKy6bF4qyofYA,0,0,Photos,,,,,11/12/2023,,,0,0,0,0,0,0,,,,,
1049954120259106,100064197037125,"PC Merchandise","UNBOXING: GTX 1660S fresh stock just arrived! 📦",,0,"11/23/2023 19:10",,https://www.facebook.com/pcmerchandise.co/posts/pfbid05YATvF7CZYH89eB9EjshvFpRQ5fiUTgQG6zQrN933DBIKy6bF4qyofYA,0,0,Photos,,,,,11/13/2023,,,0,0,0,0,0,0,,,,,
1049954120259106,100064197037125,"PC Merchandise","UNBOXING: GTX 1660S fresh stock just arrived! 📦",,0,"11/23/2023 19:10",,https://www.facebook.com/pcmerchandise.co/posts/pfbid05YATvF7CZYH89eB9EjshvFpRQ5fiUTgQG6zQrN933DBIKy6bF4qyofYA,0,0,Photos,,,,,11/14/2023,,,0,0,0,0,0,0,,,,,
1049954120259106,100064197037125,"PC Merchandise","UNBOXING: GTX 1660S fresh stock just arrived! 📦",,0,"11/23/2023 19:10",,https://www.facebook.com/pcmerchandise.co/posts/pfbid05YATvF7CZYH89eB9EjshvFpRQ5fiUTgQG6zQrN933DBIKy6bF4qyofYA,0,0,Photos,,,,,11/15/2023,,,0,0,0,0,0,0,,,,,
1049954120259106,100064197037125,"PC Merchandise","UNBOXING: GTX 1660S fresh stock just arrived! 📦",,0,"11/23/2023 19:10",,https://www.facebook.com/pcmerchandise.co/posts/pfbid05YATvF7CZYH89eB9EjshvFpRQ5fiUTgQG6zQrN933DBIKy6bF4qyofYA,0,0,Photos,,,,,11/16/2023,,,0,0,0,0,0,0,,,,,
1049954120259106,100064197037125,"PC Merchandise","UNBOXING: GTX 1660S fresh stock just arrived! 📦",,0,"11/23/2023 19:10",,https://www.facebook.com/pcmerchandise.co/posts/pfbid05YATvF7CZYH89eB9EjshvFpRQ5fiUTgQG6zQrN933DBIKy6bF4qyofYA,0,0,Photos,,,,,11/17/2023,,,0,0,0,0,0,0,,,,,
1049954120259106,100064197037125,"PC Merchandise","UNBOXING: GTX 1660S fresh stock just arrived! 📦",,0,"11/23/2023 19:10",,https://www.facebook.com/pcmerchandise.co/posts/pfbid05YATvF7CZYH89eB9EjshvFpRQ5fiUTgQG6zQrN933DBIKy6bF4qyofYA,0,0,Photos,,,,,11/18/2023,,,0,0,0,0,0,0,,,,,
1049954120259106,100064197037125,"PC Merchandise","UNBOXING: GTX 1660S fresh stock just arrived! 📦",,0,"11/23/2023 19:10",,https://www.facebook.com/pcmerchandise.co/posts/pfbid05YATvF7CZYH89eB9EjshvFpRQ5fiUTgQG6zQrN933DBIKy6bF4qyofYA,0,0,Photos,,,,,11/19/2023,,,0,0,0,0,0,0,,,,,
1049954120259106,100064197037125,"PC Merchandise","UNBOXING: GTX 1660S fresh stock just arrived! 📦",,0,"11/23/2023 19:10",,https://www.facebook.com/pcmerchandise.co/posts/pfbid05YATvF7CZYH89eB9EjshvFpRQ5fiUTgQG6zQrN933DBIKy6bF4qyofYA,0,0,Photos,,,,,11/20/2023,,,0,0,0,0,0,0,,,,,
1049954120259106,100064197037125,"PC Merchandise","UNBOXING: GTX 1660S fresh stock just arrived! 📦",,0,"11/23/2023 19:10",,https://www.facebook.com/pcmerchandise.co/posts/pfbid05YATvF7CZYH89eB9EjshvFpRQ5fiUTgQG6zQrN933DBIKy6bF4qyofYA,0,0,Photos,,,,,11/21/2023,,,0,0,0,0,0,0,,,,,
1049954120259106,100064197037125,"PC Merchandise","UNBOXING: GTX 1660S fresh stock just arrived! 📦",,0,"11/23/2023 19:10",,https://www.facebook.com/pcmerchandise.co/posts/pfbid05YATvF7CZYH89eB9EjshvFpRQ5fiUTgQG6zQrN933DBIKy6bF4qyofYA,0,0,Photos,,,,,11/22/2023,,,0,0,0,0,0,0,,,,,
1049954120259106,100064197037125,"PC Merchandise","UNBOXING: GTX 1660S fresh stock just arrived! 📦",,0,"11/23/2023 19:10",,https://www.facebook.com/pcmerchandise.co/posts/pfbid05YATvF7CZYH89eB9EjshvFpRQ5fiUTgQG6zQrN933DBIKy6bF4qyofYA,0,0,Photos,,,,,11/23/2023,,,0,0,0,0,0,0,,,,,
1049954120259106,100064197037125,"PC Merchandise","UNBOXING: GTX 1660S fresh stock just arrived! 📦",,0,"11/23/2023 19:10",,https://www.facebook.com/pcmerchandise.co/posts/pfbid05YATvF7CZYH89eB9EjshvFpRQ5fiUTgQG6zQrN933DBIKy6bF4qyofYA,0,0,Photos,,,,,11/24/2023,,,0,0,0,0,0,0,,,,,
1049954120259106,100064197037125,"PC Merchandise","UNBOXING: GTX 1660S fresh stock just arrived! 📦",,0,"11/23/2023 19:10",,https://www.facebook.com/pcmerchandise.co/posts/pfbid05YATvF7CZYH89eB9EjshvFpRQ5fiUTgQG6zQrN933DBIKy6bF4qyofYA,0,0,Photos,,,,,11/25/2023,,,0,0,0,0,0,0,,,,,
1049954120259106,100064197037125,"PC Merchandise","UNBOXING: GTX 1660S fresh stock just arrived! 📦",,0,"11/23/2023 19:10",,https://www.facebook.com/pcmerchandise.co/posts/pfbid05YATvF7CZYH89eB9EjshvFpRQ5fiUTgQG6zQrN933DBIKy6bF4qyofYA,0,0,Photos,,,,,11/26/2023,,,0,0,0,0,0,0,,,,,
1049954120259106,100064197037125,"PC Merchandise","UNBOXING: GTX 1660S fresh stock just arrived! 📦",,0,"11/23/2023 19:10",,https://www.facebook.com/pcmerchandise.co/posts/pfbid05YATvF7CZYH89eB9EjshvFpRQ5fiUTgQG6zQrN933DBIKy6bF4qyofYA,0,0,Photos,,,,,11/27/2023,,,0,0,0,0,0,0,,,,,
1049954120259106,100064197037125,"PC Merchandise","UNBOXING: GTX 1660S fresh stock just arrived! 📦",,0,"11/23/2023 19:10",,https://www.facebook.com/pcmerchandise.co/posts/pfbid05YATvF7CZYH89eB9EjshvFpRQ5fiUTgQG6zQrN933DBIKy6bF4qyofYA,0,0,Photos,,,,,11/28/2023,,,0,0,0,0,0,0,,,,,
1049954120259106,100064197037125,"PC Merchandise","UNBOXING: GTX 1660S fresh stock just arrived! 📦",,0,"11/23/2023 19:10",,https://www.facebook.com/pcmerchandise.co/posts/pfbid05YATvF7CZYH89eB9EjshvFpRQ5fiUTgQG6zQrN933DBIKy6bF4qyofYA,0,0,Photos,,,,,11/29/2023,,,0,0,0,0,0,0,,,,,
1049954120259106,100064197037125,"PC Merchandise","UNBOXING: GTX 1660S fresh stock just arrived! 📦",,0,"11/23/2023 19:10",,https://www.facebook.com/pcmerchandise.co/posts/pfbid05YATvF7CZYH89eB9EjshvFpRQ5fiUTgQG6zQrN933DBIKy6bF4qyofYA,0,0,Photos,,,,,11/30/2023,,,0,0,0,0,0,0,,,,,
1049440792238697,100064197037125,"PC Merchandise","客户 satisfied ✅ i3 12100F build with RGB everything 🌈",,0,"11/23/2023 17:00",,https://www.facebook.com/pcmerchandise.co/posts/pfbid0VYR6Szx48fMSG87mfGQeBZWHK1gXRIxeqIywbKS3FtSHgb1oSGbVcuDP,0,0,Photos,,,,,11/30/2023,0,,,,,,,,,,,,
1049440792238697,100064197037125,"PC Merchandise","客户 satisfied ✅ i3 12100F build with RGB everything 🌈",,0,"11/23/2023 17:00",,https://www.facebook.com/pcmerchandise.co/posts/pfbid0VYR6Szx48fMSG87mfGQeBZWHK1gXRIxeqIywbKS3FtSHgb1oSGbVcuDP,0,0,Photos,,,,,11/01/2023,,,0,0,0,0,0,0,,,,,
1049440792238697,100064197037125,"PC Merchandise","客户 satisfied ✅ i3 12100F build with RGB everything 🌈",,0,"11/23/2023 17:00",,https://www.facebook.com/pcmerchandise.co/posts/pfbid0VYR6Szx48fMSG87mfGQeBZWHK1gXRIxeqIywbKS3FtSHgb1oSGbVcuDP,0,0,Photos,,,,,11/02/2023,,,0,0,0,0,0,0,,,,,
1049440792238697,100064197037125,"PC Merchandise","客户 satisfied ✅ i3 12100F build with RGB everything 🌈",,0,"11/23/2023 17:00",,https://www.facebook.com/pcmerchandise.co/posts/pfbid0VYR6Szx48fMSG87mfGQeBZWHK1gXRIxeqIywbKS3FtSHgb1oSGbVcuDP,0,0,Photos,,,,,11/03/2023,,,0,0,0,0,0,0,,,,,
1049440792238697,100064197037125,"PC Merchandise","客户 satisfied ✅ i3 12100F build with RGB everything 🌈",,0,"11/23/2023 17:00",,https://www.facebook.com/pcmerchandise.co/posts/pfbid0VYR6Szx48fMSG87mfGQeBZWHK1gXRIxeqIywbKS3FtSHgb1oSGbVcuDP,0,0,Photos,,,,,11/04/2023,,,0,0,0,0,0,0,,,,,
1049440792238697,100064197037125,"PC Merchandise","客户 satisfied ✅ i3 12100F build with RGB everything 🌈",,0,"11/23/2023 17:00",,https://www.facebook.com/pcmerchandise.co/posts/pfbid0VYR6Szx48fMSG87mfGQeBZWHK1gXRIxeqIywbKS3FtSHgb1oSGbVcuDP,0,0,Photos,,,,,11/05/2023,,,0,0,0,0,0,0,,,,,
1049440792238697,100064197037125,"PC Merchandise","客户 satisfied ✅ i3 12100F build with RGB everything 🌈",,0,"11/23/2023 17:00",,https://www.facebook.com/pcmerchandise.co/posts/pfbid0VYR6Szx48fMSG87mfGQeBZWHK1gXRIxeqIywbKS3FtSHgb1oSGbVcuDP,0,0,Photos,,,,,11/06/2023,,,0,0,0,0,0,0,,,,,
1049440792238697,100064197037125,"PC Merchandise","客户 satisfied ✅ i3 12100F build with RGB everything 🌈",,0,"11/23/2023 17:00",,https://www.facebook.com/pcmerchandise.co/posts/pfbid0VYR6Szx48fMSG87mfGQeBZWHK1gXRIxeqIywbKS3FtSHgb1oSGbVcuDP,0,0,Photos,,,,,11/07/2023,,,0,0,0,0,0,0,,,,,
1049440792238697,100064197037125,"PC Merchandise","客户 satisfied ✅ i3 12100F build with RGB everything 🌈",,0,"11/23/2023 17:00",,https://www.facebook.com/pcmerchandise.co/posts/pfbid0VYR6Szx48fMSG87mfGQeBZWHK1gXRIxeqIywbKS3FtSHgb1oSGbVcuDP,0,0,Photos,,,,,11/08/2023,,,0,0,0,0,0,0,,,,,
1049440792238697,100064197037125,"PC Merchandise","客户 satisfied ✅ i3 12100F build with RGB everything 🌈",,0,"11/23/2023 17:00",,https://www.facebook.com/pcmerchandise.co/posts/pfbid0VYR6Szx48fMSG87mfGQeBZWHK1gXRIxeqIywbKS3FtSHgb1oSGbVcuDP,0,0,Photos,,,,,11/09/2023,,,0,0,0,0,0,0,,,,,
1049440792238697,100064197037125,"PC Merchandise","客户 satisfied ✅ i3 12100F build with RGB everything 🌈",,0,"11/23/2023 17:00",,https://www.facebook.com/pcmerchandise.co/posts/pfbid0VYR6Szx48fMSG87mfGQeBZWHK1gXRIxeqIywbKS3FtSHgb1oSGbVcuDP,0,0,Photos,,,,,11/10/2023,,,0,0,0,0,0,0,,,,,
1049440792238697,100064197037125,"PC Merchandise","客户 satisfied ✅ i3 12100F build with RGB everything 🌈",,0,"11/23/2023 17:00",,https://www.facebook.com/pcmerchandise.co/posts/pfbid0VYR6Szx48fMSG87mfGQeBZWHK1gXRIxeqIywbKS3FtSHgb1oSGbVcuDP,0,0,Photos,,,,,11/11/2023,,,0,0,0,0,0,0,,,,,
1049440792238697,100064197037125,"PC Merchandise","客户 satisfied ✅ i3 12100F build with RGB everything 🌈",,0,"11/23/2023 17:00",,https://www.facebook.com/pcmerchandise.co/posts/pfbid0VYR6Szx48fMSG87mfGQeBZWHK1gXRIxeqIywbKS3FtSHgb1oSGbVcuDP,0,0,Photos,,,,,11/12/2023,,,0,0,0,0,0,0,,,,,
1049440792238697,100064197037125,"PC Merchandise","客户 satisfied ✅ i3 12100F build with RGB everything 🌈",,0,"11/23/2023 17:00",,https://www.facebook.com/pcmerchandise.co/posts/pfbid0VYR6Szx48fMSG87mfGQeBZWHK1gXRIxeqIywbKS3FtSHgb1oSGbVcuDP,0,0,Photos,,,,,11/13/2023,,,0,0,0,0,0,0,,,,,
1049440792238697,100064197037125,"PC Merchandise","客户 satisfied ✅ i3 12100F build with RGB everything 🌈",,0,"11/23/2023 17:00",,https://www.facebook.com/pcmerchandise.co/posts/pfbid0VYR6Szx48fMSG87mfGQeBZWHK1gXRIxeqIywbKS3FtSHgb1oSGbVcuDP,0,0,Photos,,,,,11/14/2023,,,0,0,0,0,0,0,,,,,
1049440792238697,100064197037125,"PC Merchandise","客户 satisfied ✅ i3 12100F build with RGB everything 🌈",,0,"11/23/2023 17:00",,https://www.facebook.com/pcmerchandise.co/posts/pfbid0VYR6Szx48fMSG87mfGQeBZWHK1gXRIxeqIywbKS3FtSHgb1oSGbVcuDP,0,0,Photos,,,,,11/15/2023,,,0,0,0,0,0,0,,,,,
1049440792238697,100064197037125,"PC Merchandise","客户 satisfied ✅ i3 12100F build with RGB everything 🌈",,0,"11/23/2023 17:00",,https://www.facebook.com/pcmerchandise.co/posts/pfbid0VYR6Szx48fMSG87mfGQeBZWHK1gXRIxeqIywbKS3FtSHgb1oSGbVcuDP,0,0,Photos,,,,,11/16/2023,,,0,0,0,0,0,0,,,,,
1049440792238697,100064197037125,"PC Merchandise","客户 satisfied ✅ i3 12100F build with RGB everything 🌈",,0,"11/23/2023 17:00",,https://www.facebook.com/pcmerchandise.co/posts/pfbid0VYR6Szx48fMSG87mfGQeBZWHK1gXRIxeqIywbKS3FtSHgb1oSGbVcuDP,0,0,Photos,,,,,11/17/2023,,,0,0,0,0,0,0,,,,,
1049440792238697,100064197037125,"PC Merchandise","客户 satisfied ✅ i3 12100F build with RGB everything 🌈",,0,"11/23/2023 17:00",,https://www.facebook.com/pcmerchandise.co/posts/pfbid0VYR6Szx48fMSG87mfGQeBZWHK1gXRIxeqIywbKS3FtSHgb1oSGbVcuDP,0,0,Photos,,,,,11/18/2023,,,0,0,0,0,0,0,,,,,
1049440792238697,100064197037125,"PC Merchandise","客户 satisfied ✅ i3 12100F build with RGB everything 🌈",,0,"11/23/2023 17:00",,https://www.facebook.com/pcmerchandise.co/posts/pfbid0VYR6Szx48fMSG87mfGQeBZWHK1gXRIxeqIywbKS3FtSHgb1oSGbVcuDP,0,0,Photos,,,,,11/19/2023,,,0,0,0,0,0,0,,,,,
1049440792238697,100064197037125,"PC Merchandise","客户 satisfied ✅ i3 12100F build with RGB everything 🌈",,0,"11/23/2023 17:00",,https://www.facebook.com/pcmerchandise.co/posts/pfbid0VYR6Szx48fMSG87mfGQeBZWHK1gXRIxeqIywbKS3FtSHgb1oSGbVcuDP,0,0,Photos,,,,,11/20/2023,,,0,0,0,0,0,0,,,,,
1049440792238697,100064197037125,"PC Merchandise","客户 satisfied ✅ i3 12100F build with RGB everything 🌈",,0,"11/23/2023 17:00",,https://www.facebook.com/pcmerchandise.co/posts/pfbid0VYR6Szx48fMSG87mfGQeBZWHK1gXRIxeqIywbKS3FtSHgb1oSGbVcuDP,0,0,Photos,,,,,11/21/2023,,,0,0,0,0,0,0,,,,,
1049440792238697,100064197037125,"PC Merchandise","客户 satisfied ✅ i3 12100F build with RGB everything 🌈",,0,"11/23/2023 17:00",,https://www.facebook.com/pcmerchandise.co/posts/pfbid0VYR6Szx48fMSG87mfGQeBZWHK1gXRIxeqIywbKS3FtSHgb1oSGbVcuDP,0,0,Photos,,,,,11/22/2023,,,0,0,0,0,0,0,,,,,
1049440792238697,100064197037125,"PC Merchandise","客户 satisfied ✅ i3 12100F build with RGB everything 🌈",,0,"11/23/2023 17:00",,https://www.facebook.com/pcmerchandise.co/posts/pfbid0VYR6Szx48fMSG87mfGQeBZWHK1gXRIxeqIywbKS3FtSHgb1oSGbVcuDP,0,0,Photos,,,,,11/23/2023,,,0,0,0,0,0,0,,,,,
1049440792238697,100064197037125,"PC Merchandise","客户 satisfied ✅ i3 12100F build with RGB everything 🌈",,0,"11/23/2023 17:00",,https://www.facebook.com/pcmerchandise.co/posts/pfbid0VYR6Szx48fMSG87mfGQeBZWHK1gXRIxeqIywbKS3FtSHgb1oSGbVcuDP,0,0,Photos,,,,,11/24/2023,,,0,0,0,0,0,0,,,,,
1049440792238697,100064197037125,"PC Merchandise","客户 satisfied ✅ i3 12100F build with RGB everything 🌈",,0,"11/23/2023 17:00",,https://www.facebook.com/pcmerchandise.co/posts/pfbid0VYR6Szx48fMSG87mfGQeBZWHK1gXRIxeqIywbKS3FtSHgb1oSGbVcuDP,0,0,Photos,,,,,11/25/2023,,,0,0,0,0,0,0,,,,,
1049440792238697,100064197037125,"PC Merchandise","客户 satisfied ✅ i3 12100F build with RGB everything 🌈",,0,"11/23/2023 17:00",,https://www.facebook.com/pcmerchandise.co/posts/pfbid0VYR6Szx48fMSG87mfGQeBZWHK1gXRIxeqIywbKS3FtSHgb1oSGbVcuDP,0,0,Photos,,,,,11/26/2023,,,0,0,0,0,0,0,,,,,
1049440792238697,100064197037125,"PC Merchandise","客户 satisfied ✅ i3 12100F build with RGB everything 🌈",,0,"11/23/2023 17:00",,https://www.facebook.com/pcmerchandise.co/posts/pfbid0VYR6Szx48fMSG87mfGQeBZWHK1gXRIxeqIywbKS3FtSHgb1oSGbVcuDP,0,0,Photos,,,,,11/27/2023,,,0,0,0,0,0,0,,,,,
1049440792238697,100064197037125,"PC Merchandise","客户 satisfied ✅ i3 12100F build with RGB everything 🌈",,0,"11/23/2023 17:00",,https://www.facebook.com/pcmerchandise.co/posts/pfbid0VYR6Szx48fMSG87mfGQeBZWHK1gXRIxeqIywbKS3FtSHgb1oSGbVcuDP,0,0,Photos,,,,,11/28/2023,,,0,0,0,0,0,0,,,,,
1049440792238697,100064197037125,"PC Merchandise","客户 satisfied ✅ i3 12100F build with RGB everything 🌈",,0,"11/23/2023 17:00",,https://www.facebook.com/pcmerchandise.co/posts/pfbid0VYR6Szx48fMSG87mfGQeBZWHK1gXRIxeqIywbKS3FtSHgb1oSGbVcuDP,0,0,Photos,,,,,11/29/2023,,,0,0,0,0,0,0,,,,,
1049440792238697,100064197037125,"PC Merchandise","客户 satisfied ✅ i3 12100F build with RGB everything 🌈",,0,"11/23/2023 17:00",,https://www.facebook.com/pcmerchandise.co/posts/pfbid0VYR6Szx48fMSG87mfGQeBZWHK1gXRIxeqIywbKS3FtSHgb1oSGbVcuDP,0,0,Photos,,,,,11/30/2023,,,0,0,0,0,0,0,,,,,
1050050284704621,100064197037125,"PC Merchandise","𝐏𝐑𝐈𝐂𝐄𝐋𝐈𝐒𝐓 𝟐𝟎𝟐𝟑 >>>
https://pcmerchandise.live/2023-COMSHOP-PACKAGES",,0,"11/22/2023 23:00",,https://www.facebook.com/pcmerchandise.co/posts/pfbid0mTVx2xvu3q62T6a3rZ2fg5QZWosWwVZ6SLFFvVdvGZyioOup0sBsXlzy,1,0,Photos,,,,,11/30/2023,0,,,,,,,,,,,,
1050050284704621,100064197037125,"PC Merchandise","𝐏𝐑𝐈𝐂𝐄𝐋𝐈𝐒𝐓 𝟐𝟎𝟐𝟑 >>>
https://pcmerchandise.live/2023-COMSHOP-PACKAGES",,0,"11/22/2023 23:00",,https://www.facebook.com/pcmerchandise.co/posts/pfbid0mTVx2xvu3q62T6a3rZ2fg5QZWosWwVZ6SLFFvVdvGZyioOup0sBsXlzy,1,0,Photos,,,,,11/01/2023,,,0,0,0,0,0,0,,,,,
1050050284704621,100064197037125,"PC Merchandise","𝐏𝐑𝐈𝐂𝐄𝐋𝐈𝐒𝐓 𝟐𝟎𝟐𝟑 >>>
https://pcmerchandise.live/2023-COMSHOP-PACKAGES",,0,"11/22/2023 23:00",,https://www.facebook.com/pcmerchandise.co/posts/pfbid0mTVx2xvu3q62T6a3rZ2fg5QZWosWwVZ6SLFFvVdvGZyioOup0sBsXlzy,1,0,Photos,,,,,11/02/2023,,,0,0,0,0,0,0,,,,,
1050050284704621,100064197037125,"PC Merchandise","𝐏𝐑𝐈𝐂𝐄𝐋𝐈𝐒𝐓 𝟐𝟎𝟐𝟑 >>>
https://pcmerchandise.live/2023-COMSHOP-PACKAGES",,0,"11/22/2023 23:00",,https://www.facebook.com/pcmerchandise.co/posts/pfbid0mTVx2xvu3q62T6a3rZ2fg5QZWosWwVZ6SLFFvVdvGZyioOup0sBsXlzy,1,0,Photos,,,,,11/03/2023,,,0,0,0,0,0,0,,,,,
1050050284704621,100064197037125,"PC Merchandise","𝐏𝐑𝐈𝐂𝐄𝐋𝐈𝐒𝐓 𝟐𝟎𝟐𝟑 >>>
https://pcmerchandise.live/2023-COMSHOP-PACKAGES",,0,"11/22/2023 23:00",,https://www.facebook.com/pcmerchandise.co/posts/pfbid0mTVx2xvu3q62T6a3rZ2fg5QZWosWwVZ6SLFFvVdvGZyioOup0sBsXlzy,1,0,Photos,,,,,11/04/2023,,,0,0,0,0,0,0,,,,,
1050050284704621,100064197037125,"PC Merchandise","𝐏𝐑𝐈𝐂𝐄𝐋𝐈𝐒𝐓 𝟐𝟎𝟐𝟑 >>>
https://pcmerchandise.live/2023-COMSHOP-PACKAGES",,0,"11/22/2023 23:00",,https://www.facebook.com/pcmerchandise.co/posts/pfbid0mTVx2xvu3q62T6a3rZ2fg5QZWosWwVZ6SLFFvVdvGZyioOup0sBsXlzy,1,0,Photos,,,,,11/05/2023,,,0,0,0,0,0,0,,,,,
1050050284704621,100064197037125,"PC Merchandise","𝐏𝐑𝐈𝐂𝐄𝐋𝐈𝐒𝐓 𝟐𝟎𝟐𝟑 >>>
https://pcmerchandise.live/2023-COMSHOP-PACKAGES",,0,"11/22/2023 23:00",,https://www.facebook.com/pcmerchandise.co/posts/pfbid0mTVx2xvu3q62T6a3rZ2fg5QZWosWwVZ6SLFFvVdvGZyioOup0sBsXlzy,1,0,Photos,,,,,11/06/2023,,,0,0,0,0,0,0,,,,,
1050050284704621,100064197037125,"PC Merchandise","𝐏𝐑𝐈𝐂𝐄𝐋𝐈𝐒𝐓 𝟐𝟎𝟐𝟑 >>>
https://pcmerchandise.live/2023-COMSHOP-PACKAGES",,0,"11/22/2023 23:00",,https://www.facebook.com/pcmerchandise.co/posts/pfbid0mTVx2xvu3q62T6a3rZ2fg5QZWosWwVZ6SLFFvVdvGZyioOup0sBsXlzy,1,0,Photos,,,,,11/07/2023,,,0,0,0,0,0,0,,,,,
1050050284704621,100064197037125,"PC Merchandise","𝐏𝐑𝐈𝐂𝐄𝐋𝐈𝐒𝐓 𝟐𝟎𝟐𝟑 >>>
https://pcmerchandise.live/2023-COMSHOP-PACKAGES",,0,"11/22/2023 23:00",,https://www.facebook.com/pcmerchandise.co/posts/pfbid0mTVx2xvu3q62T6a3rZ2fg5QZWosWwVZ6SLFFvVdvGZyioOup0sBsXlzy,1,0,Photos,,,,,11/08/2023,,,0,0,0,0,0,0,,,,,
1050050284704621,100064197037125,"PC Merchandise","𝐏𝐑𝐈𝐂𝐄𝐋𝐈𝐒𝐓 𝟐𝟎𝟐𝟑 >>>
https://pcmerchandise.live/2023-COMSHOP-PACKAGES",,0,"11/22/2023 23:00",,https://www.facebook.com/pcmerchandise.co/posts/pfbid0mTVx2xvu3q62T6a3rZ2fg5QZWosWwVZ6SLFFvVdvGZyioOup0sBsXlzy,1,0,Photos,,,,,11/09/2023,,,0,0,0,0,0,0,,,,,
1050050284704621,100064197037125,"PC Merchandise","𝐏𝐑𝐈𝐂𝐄𝐋𝐈𝐒𝐓 𝟐𝟎𝟐𝟑 >>>
https://pcmerchandise.live/2023-COMSHOP-PACKAGES",,0,"11/22/2023 23:00",,https://www.facebook.com/pcmerchandise.co/posts/pfbid0mTVx2xvu3q62T6a3rZ2fg5QZWosWwVZ6SLFFvVdvGZyioOup0sBsXlzy,1,0,Photos,,,,,11/10/2023,,,0,0,0,0,0,0,,,,,
1050050284704621,100064197037125,"PC Merchandise","𝐏𝐑𝐈𝐂𝐄𝐋𝐈𝐒𝐓 𝟐𝟎𝟐𝟑 >>>
https://pcmerchandise.live/2023-COMSHOP-PACKAGES",,0,"11/22/2023 23:00",,https://www.facebook.com/pcmerchandise.co/posts/pfbid0mTVx2xvu3q62T6a3rZ2fg5QZWosWwVZ6SLFFvVdvGZyioOup0sBsXlzy,1,0,Photos,,,,,11/11/2023,,,0,0,0,0,0,0,,,,,
1050050284704621,100064197037125,"PC Merchandise","𝐏𝐑𝐈𝐂𝐄𝐋𝐈𝐒𝐓 𝟐𝟎𝟐𝟑 >>>
https://pcmerchandise.live/2023-COMSHOP-PACKAGES",,0,"11/22/2023 23:00",,https://www.facebook.com/pcmerchandise.co/posts/pfbid0mTVx2xvu3q62T6a3rZ2fg5QZWosWwVZ6SLFFvVdvGZyioOup0sBsXlzy,1,0,Photos,,,,,11/12/2023,,,0,0,0,0,0,0,,,,,
1050050284704621,100064197037125,"PC Merchandise","𝐏𝐑𝐈𝐂𝐄𝐋𝐈𝐒𝐓 𝟐𝟎𝟐𝟑 >>>
https://pcmerchandise.live/2023-COMSHOP-PACKAGES",,0,"11/22/2023 23:00",,https://www.facebook.com/pcmerchandise.co/posts/pfbid0mTVx2xvu3q62T6a3rZ2fg5QZWosWwVZ6SLFFvVdvGZyioOup0sBsXlzy,1,0,Photos,,,,,11/13/2023,,,0,0,0,0,0,0,,,,,
1050050284704621,100064197037125,"PC Merchandise","𝐏𝐑𝐈𝐂𝐄𝐋𝐈𝐒𝐓 𝟐𝟎𝟐𝟑 >>>
https://pcmerchandise.live/2023-COMSHOP-PACKAGES",,0,"11/22/2023 23:00",,https://www.facebook.com/pcmerchandise.co/posts/pfbid0mTVx2xvu3q62T6a3rZ2fg5QZWosWwVZ6SLFFvVdvGZyioOup0sBsXlzy,1,0,Photos,,,,,11/14/2023,,,0,0,0,0,0,0,,,,,
1050050284704621,100064197037125,"PC Merchandise","𝐏𝐑𝐈𝐂𝐄𝐋𝐈𝐒𝐓 𝟐𝟎𝟐𝟑 >>>
https://pcmerchandise.live/2023-COMSHOP-PACKAGES",,0,"11/22/2023 23:00",,https://www.facebook.com/pcmerchandise.co/posts/pfbid0mTVx2xvu3q62T6a3rZ2fg5QZWosWwVZ6SLFFvVdvGZyioOup0sBsXlzy,1,0,Photos,,,,,11/15/2023,,,0,0,0,0,0,0,,,,,
1050050284704621,100064197037125,"PC Merchandise","𝐏𝐑𝐈𝐂𝐄𝐋𝐈𝐒𝐓 𝟐𝟎𝟐𝟑 >>>
https://pcmerchandise.live/2023-COMSHOP-PACKAGES",,0,"11/22/2023 23:00",,https://www.facebook.com/pcmerchandise.co/posts/pfbid0mTVx2xvu3q62T6a3rZ2fg5QZWosWwVZ6SLFFvVdvGZyioOup0sBsXlzy,1,0,Photos,,,,,11/16/2023,,,0,0,0,0,0,0,,,,,
1050050284704621,100064197037125,"PC Merchandise","𝐏𝐑𝐈𝐂𝐄𝐋𝐈𝐒𝐓 𝟐𝟎𝟐𝟑 >>>
https://pcmerchandise.live/2023-COMSHOP-PACKAGES",,0,"11/22/2023 23:00",,https://www.facebook.com/pcmerchandise.co/posts/pfbid0mTVx2xvu3q62T6a3rZ2fg5QZWosWwVZ6SLFFvVdvGZyioOup0sBsXlzy,1,0,Photos,,,,,11/17/2023,,,0,0,0,0,0,0,,,,,
1050050284704621,100064197037125,"PC Merchandise","𝐏𝐑𝐈𝐂𝐄𝐋𝐈𝐒𝐓 𝟐𝟎𝟐𝟑 >>>
https://pcmerchandise.live/2023-COMSHOP-PACKAGES",,0,"11/22/2023 23:00",,https://www.facebook.com/pcmerchandise.co/posts/pfbid0mTVx2xvu3q62T6a3rZ2fg5QZWosWwVZ6SLFFvVdvGZyioOup0sBsXlzy,1,0,Photos,,,,,11/18/2023,,,0,0,0,0,0,0,,,,,
1050050284704621,100064197037125,"PC Merchandise","𝐏𝐑𝐈𝐂𝐄𝐋𝐈𝐒𝐓 𝟐𝟎𝟐𝟑 >>>
https://pcmerchandise.live/2023-COMSHOP-PACKAGES",,0,"11/22/2023 23:00",,https://www.facebook.com/pcmerchandise.co/posts/pfbid0mTVx2xvu3q62T6a3rZ2fg5QZWosWwVZ6SLFFvVdvGZyioOup0sBsXlzy,1,0,Photos,,,,,11/19/2023,,,0,0,0,0,0,0,,,,,
1050050284704621,100064197037125,"PC Merchandise","𝐏𝐑𝐈𝐂𝐄𝐋𝐈𝐒𝐓 𝟐𝟎𝟐𝟑 >>>
https://pcmerchandise.live/2023-COMSHOP-PACKAGES",,0,"11/22/2023 23:00",,https://www.facebook.com/pcmerchandise.co/posts/pfbid0mTVx2xvu3q62T6a3rZ2fg5QZWosWwVZ6SLFFvVdvGZyioOup0sBsXlzy,1,0,Photos,,,,,11/20/2023,,,0,0,0,0,0,0,,,,,
1050050284704621,100064197037125,"PC Merchandise","𝐏𝐑𝐈𝐂𝐄𝐋𝐈𝐒𝐓 𝟐𝟎𝟐𝟑 >>>
https://pcmerchandise.live/2023-COMSHOP-PACKAGES",,0,"11/22/2023 23:00",,https://www.facebook.com/pcmerchandise.co/posts/pfbid0mTVx2xvu3q62T6a3rZ2fg5QZWosWwVZ6SLFFvVdvGZyioOup0sBsXlzy,1,0,Photos,,,,,11/21/2023,,,0,0,0,0,0,0,,,,,
1050050284704621,100064197037125,"PC Merchandise","𝐏𝐑𝐈𝐂𝐄𝐋𝐈𝐒𝐓 𝟐𝟎𝟐𝟑 >>>
https://pcmerchandise.live/2023-COMSHOP-PACKAGES",,0,"11/22/2023 23:00",,https://www.facebook.com/pcmerchandise.co/posts/pfbid0mTVx2xvu3q62T6a3rZ2fg5QZWosWwVZ6SLFFvVdvGZyioOup0sBsXlzy,1,0,Photos,,,,,11/22/2023,,,0,0,0,0,0,0,,,,,
1050050284704621,100064197037125,"PC Merchandise","𝐏𝐑𝐈𝐂𝐄𝐋𝐈𝐒𝐓 𝟐𝟎𝟐𝟑 >>>
https://pcmerchandise.live/2023-COMSHOP-PACKAGES",,0,"11/22/2023 23:00",,https://www.facebook.com/pcmerchandise.co/posts/pfbid0mTVx2xvu3q62T6a3rZ2fg5QZWosWwVZ6SLFFvVdvGZyioOup0sBsXlzy,1,0,Photos,,,,,11/23/2023,,,0,0,0,0,0,0,,,,,
1050050284704621,100064197037125,"PC Merchandise","𝐏𝐑𝐈𝐂𝐄𝐋𝐈𝐒𝐓 𝟐𝟎𝟐𝟑 >>>
https://pcmerchandise.live/2023-COMSHOP-PACKAGES",,0,"11/22/2023 23:00",,https://www.facebook.com/pcmerchandise.co/posts/pfbid0mTVx2xvu3q62T6a3rZ2fg5QZWosWwVZ6SLFFvVdvGZyioOup0sBsXlzy,1,0,Photos,,,,,11/24/2023,,,0,0,0,0,0,0,,,,,
1050050284704621,100064197037125,"PC Merchandise","𝐏𝐑𝐈𝐂𝐄𝐋𝐈𝐒𝐓 𝟐𝟎𝟐𝟑 >>>
https://pcmerchandise.live/2023-COMSHOP-PACKAGES",,0,"11/22/2023 23:00",,https://www.facebook.com/pcmerchandise.co/posts/pfbid0mTVx2xvu3q62T6a3rZ2fg5QZWosWwVZ6SLFFvVdvGZyioOup0sBsXlzy,1,0,Photos,,,,,11/25/2023,,,0,0,0,0,0,0,,,,,
1050050284704621,100064197037125,"PC Merchandise","𝐏𝐑𝐈𝐂𝐄𝐋𝐈𝐒𝐓 𝟐𝟎𝟐𝟑 >>>
https://pcmerchandise.live/2023-COMSHOP-PACKAGES",,0,"11/22/2023 23:00",,https://www.facebook.com/pcmerchandise.co/posts/pfbid0mTVx2xvu3q62T6a3rZ2fg5QZWosWwVZ6SLFFvVdvGZyioOup0sBsXlzy,1,0,Photos,,,,,11/26/2023,,,0,0,0,0,0,0,,,,,
1050050284704621,100064197037125,"PC Merchandise","𝐏𝐑𝐈𝐂𝐄𝐋𝐈𝐒𝐓 𝟐𝟎𝟐𝟑 >>>
https://pcmerchandise.live/2023-COMSHOP-PACKAGES",,0,"11/22/2023 23:00",,https://www.facebook.com/pcmerchandise.co/posts/pfbid0mTVx2xvu3q62T6a3rZ2fg5QZWosWwVZ6SLFFvVdvGZyioOup0sBsXlzy,1,0,Photos,,,,,11/27/2023,,,0,0,0,0,0,0,,,,,
1050050284704621,100064197037125,"PC Merchandise","𝐏𝐑𝐈𝐂𝐄𝐋𝐈𝐒𝐓 𝟐𝟎𝟐𝟑 >>>
https://pcmerchandise.live/2023-COMSHOP-PACKAGES",,0,"11/22/2023 23:00",,https://www.facebook.com/pcmerchandise.co/posts/pfbid0mTVx2xvu3q62T6a3rZ2fg5QZWosWwVZ6SLFFvVdvGZyioOup0sBsXlzy,1,0,Photos,,,,,11/28/2023,,,0,0,0,0,0,0,,,,,
1050050284704621,100064197037125,"PC Merchandise","𝐏𝐑𝐈𝐂𝐄𝐋𝐈𝐒𝐓 𝟐𝟎𝟐𝟑 >>>
https://pcmerchandise.live/2023-COMSHOP-PACKAGES",,0,"11/22/2023 23:00",,https://www.facebook.com/pcmerchandise.co/posts/pfbid0mTVx2xvu3q62T6a3rZ2fg5QZWosWwVZ6SLFFvVdvGZyioOup0sBsXlzy,1,0,Photos,,,,,11/29/2023,,,0,0,0,0,0,0,,,,,
1050050284704621,100064197037125,"PC Merchandise","𝐏𝐑𝐈𝐂𝐄𝐋𝐈𝐒𝐓 𝟐𝟎𝟐𝟑 >>>
https://pcmerchandise.live/2023-COMSHOP-PACKAGES",,0,"11/22/2023 23:00",,https://www.facebook.com/pcmerchandise.co/posts/pfbid0mTVx2xvu3q62T6a3rZ2fg5QZWosWwVZ6SLFFvVdvGZyioOup0sBsXlzy,1,0,Photos,,,,,11/30/2023,,,0,0,0,0,0,0,,,,,
1049519571970782,100064197037125,"PC Merchandise","One more rig complete. One more client satisfied. Built with RYZEN 5 4600G + RX 6600. PM us for yours!",,0,"11/22/2023 22:00",,https://www.facebook.com/pcmerchandise.co/posts/pfbid05gFQ725kYSIGgra5LRelVONuYR9YZCTKiNq8W21adAvsIxWHS0ZN1BSy,0,0,Photos,,,,,11/30/2023,0,,,,,,,,,,,,
1049519571970782,100064197037125,"PC Merchandise","One more rig complete. One more client satisfied. Built with RYZEN 5 4600G + RX 6600. PM us for yours!",,0,"11/22/2023 22:00",,https://www.facebook.com/pcmerchandise.co/posts/pfbid05gFQ725kYSIGgra5LRelVONuYR9YZCTKiNq8W21adAvsIxWHS0ZN1BSy,0,0,Photos,,,,,11/01/2023,,,0,0,0,0,0,0,,,,,
1049519571970782,100064197037125,"PC Merchandise","One more rig complete. One more client satisfied. Built with RYZEN 5 4600G + RX 6600. PM us for yours!",,0,"11/22/2023 22:00",,https://www.facebook.com/pcmerchandise.co/posts/pfbid05gFQ725kYSIGgra5LRelVONuYR9YZCTKiNq8W21adAvsIxWHS0ZN1BSy,0,0,Photos,,,,,11/02/2023,,,0,0,0,0,0,0,,,,,
1049519571970782,100064197037125,"PC Merchandise","One more rig complete. One more client satisfied. Built with RYZEN 5 4600G + RX 6600. PM us for yours!",,0,"11/22/2023 22:00",,https://www.facebook.com/pcmerchandise.co/posts/pfbid05gFQ725kYSIGgra5LRelVONuYR9YZCTKiNq8W21adAvsIxWHS0ZN1BSy,0,0,Photos,,,,,11/03/2023,,,0,0,0,0,0,0,,,,,
1049519571970782,100064197037125,"PC Merchandise","One more rig complete. One more client satisfied. Built with RYZEN 5 4600G + RX 6600. PM us for yours!",,0,"11/22/2023 22:00",,https://www.facebook.com/pcmerchandise.co/posts/pfbid05gFQ725kYSIGgra5LRelVONuYR9YZCTKiNq8W21adAvsIxWHS0ZN1BSy,0,0,Photos,,,,,11/04/2023,,,0,0,0,0,0,0,,,,,
1049519571970782,100064197037125,"PC Merchandise","One more rig complete. One more client satisfied. Built with RYZEN 5 4600G + RX 6600. PM us for yours!",,0,"11/22/2023 22:00",,https://www.facebook.com/pcmerchandise.co/posts/pfbid05gFQ725kYSIGgra5LRelVONuYR9YZCTKiNq8W21adAvsIxWHS0ZN1BSy,0,0,Photos,,,,,11/05/2023,,,0,0,0,0,0,0,,,,,
1049519571970782,100064197037125,"PC Merchandise","One more rig complete. One more client satisfied. Built with RYZEN 5 4600G + RX 6600. PM us for yours!",,0,"11/22/2023 22:00",,https://www.facebook.com/pcmerchandise.co/posts/pfbid05gFQ725kYSIGgra5LRelVONuYR9YZCTKiNq8W21adAvsIxWHS0ZN1BSy,0,0,Photos,,,,,11/06/2023,,,0,0,0,0,0,0,,,,,
1049519571970782,100064197037125,"PC Merchandise","One more rig complete. One more client satisfied. Built with RYZEN 5 4600G + RX 6600. PM us for yours!",,0,"11/22/2023 22:00",,https://www.facebook.com/pcmerchandise.co/posts/pfbid05gFQ725kYSIGgra5LRelVONuYR9YZCTKiNq8W21adAvsIxWHS0ZN1BSy,0,0,Photos,,,,,11/07/2023,,,0,0,0,0,0,0,,,,,
1049519571970782,100064197037125,"PC Merchandise","One more rig complete. One more client satisfied. Built with RYZEN 5 4600G + RX 6600. PM us for yours!",,0,"11/22/2023 22:00",,https://www.facebook.com/pcmerchandise.co/posts/pfbid05gFQ725kYSIGgra5LRelVONuYR9YZCTKiNq8W21adAvsIxWHS0ZN1BSy,0,0,Photos,,,,,11/08/2023,,,0,0,0,0,0,0,,,,,
1049519571970782,100064197037125,"PC Merchandise","One more rig complete. One more client satisfied. Built with RYZEN 5 4600G + RX 6600. PM us for yours!",,0,"11/22/2023 22:00",,https://www.facebook.com/pcmerchandise.co/posts/pfbid05gFQ725kYSIGgra5LRelVONuYR9YZCTKiNq8W21adAvsIxWHS0ZN1BSy,0,0,Photos,,,,,11/09/2023,,,0,0,0,0,0,0,,,,,
1049519571970782,100064197037125,"PC Merchandise","One more rig complete. One more client satisfied. Built with RYZEN 5 4600G + RX 6600. PM us for yours!",,0,"11/22/2023 22:00",,https://www.facebook.com/pcmerchandise.co/posts/pfbid05gFQ725kYSIGgra5LRelVONuYR9YZCTKiNq8W21adAvsIxWHS0ZN1BSy,0,0,Photos,,,,,11/10/2023,,,0,0,0,0,0,0,,,,,
1049519571970782,100064197037125,"PC Merchandise","One more rig complete. One more client satisfied. Built with RYZEN 5 4600G + RX 6600. PM us for yours!",,0,"11/22/2023 22:00",,https://www.facebook.com/pcmerchandise.co/posts/pfbid05gFQ725kYSIGgra5LRelVONuYR9YZCTKiNq8W21adAvsIxWHS0ZN1BSy,0,0,Photos,,,,,11/11/2023,,,0,0,0,0,0,0,,,,,
1049519571970782,100064197037125,"PC Merchandise","One more rig complete. One more client satisfied. Built with RYZEN 5 4600G + RX 6600. PM us for yours!",,0,"11/22/2023 22:00",,https://www.facebook.com/pcmerchandise.co/posts/pfbid05gFQ725kYSIGgra5LRelVONuYR9YZCTKiNq8W21adAvsIxWHS0ZN1BSy,0,0,Photos,,,,,11/12/2023,,,0,0,0,0,0,0,,,,,
1049519571970782,100064197037125,"PC Merchandise","One more rig complete. One more client satisfied. Built with RYZEN 5 4600G + RX 6600. PM us for yours!",,0,"11/22/2023 22:00",,https://www.facebook.com/pcmerchandise.co/posts/pfbid05gFQ725kYSIGgra5LRelVONuYR9YZCTKiNq8W21adAvsIxWHS0ZN1BSy,0,0,Photos,,,,,11/13/2023,,,0,0,0,0,0,0,,,,,
1049519571970782,100064197037125,"PC Merchandise","One more rig complete. One more client satisfied. Built with RYZEN 5 4600G + RX 6600. PM us for yours!",,0,"11/22/2023 22:00",,https://www.facebook.com/pcmerchandise.co/posts/pfbid05gFQ725kYSIGgra5LRelVONuYR9YZCTKiNq8W21adAvsIxWHS0ZN1BSy,0,0,Photos,,,,,11/14/2023,,,0,0,0,0,0,0,,,,,
1049519571970782,100064197037125,"PC Merchandise","One more rig complete. One more client satisfied. Built with RYZEN 5 4600G + RX 6600. PM us for yours!",,0,"11/22/2023 22:00",,https://www.facebook.com/pcmerchandise.co/posts/pfbid05gFQ725kYSIGgra5LRelVONuYR9YZCTKiNq8W21adAvsIxWHS0ZN1BSy,0,0,Photos,,,,,11/15/2023,,,0,0,0,0,0,0,,,,,
1049519571970782,100064197037125,"PC Merchandise","One more rig complete. One more client satisfied. Built with RYZEN 5 4600G + RX 6600. PM us for yours!",,0,"11/22/2023 22:00",,https://www.facebook.com/pcmerchandise.co/posts/pfbid05gFQ725kYSIGgra5LRelVONuYR9YZCTKiNq8W21adAvsIxWHS0ZN1BSy,0,0,Photos,,,,,11/16/2023,,,0,0,0,0,0,0,,,,,
1049519571970782,100064197037125,"PC Merchandise","One more rig complete. One more client satisfied. Built with RYZEN 5 4600G + RX 6600. PM us for yours!",,0,"11/22/2023 22:00",,https://www.facebook.com/pcmerchandise.co/posts/pfbid05gFQ725kYSIGgra5LRelVONuYR9YZCTKiNq8W21adAvsIxWHS0ZN1BSy,0,0,Photos,,,,,11/17/2023,,,0,0,0,0,0,0,,,,,
1049519571970782,100064197037125,"PC Merchandise","One more rig complete. One more client satisfied. Built with RYZEN 5 4600G + RX 6600. PM us for yours!",,0,"11/22/2023 22:00",,https://www.facebook.com/pcmerchandise.co/posts/pfbid05gFQ725kYSIGgra5LRelVONuYR9YZCTKiNq8W21adAvsIxWHS0ZN1BSy,0,0,Photos,,,,,11/18/2023,,,0,0,0,0,0,0,,,,,
1049519571970782,100064197037125,"PC Merchandise","One more rig complete. One more client satisfied. Built with RYZEN 5 4600G + RX 6600. PM us for yours!",,0,"11/22/2023 22:00",,https://www.facebook.com/pcmerchandise.co/posts/pfbid05gFQ725kYSIGgra5LRelVONuYR9YZCTKiNq8W21adAvsIxWHS0ZN1BSy,0,0,Photos,,,,,11/19/2023,,,0,0,0,0,0,0,,,,,
1049519571970782,100064197037125,"PC Merchandise","One more rig complete. One more client satisfied. Built with RYZEN 5 4600G + RX 6600. PM us for yours!",,0,"11/22/2023 22:00",,https://www.facebook.com/pcmerchandise.co/posts/pfbid05gFQ725kYSIGgra5LRelVONuYR9YZCTKiNq8W21adAvsIxWHS0ZN1BSy,0,0,Photos,,,,,11/20/2023,,,0,0,0,0,0,0,,,,,
1049519571970782,100064197037125,"PC Merchandise","One more rig complete. One more client satisfied. Built with RYZEN 5 4600G + RX 6600. PM us for yours!",,0,"11/22/2023 22:00",,https://www.facebook.com/pcmerchandise.co/posts/pfbid05gFQ725kYSIGgra5LRelVONuYR9YZCTKiNq8W21adAvsIxWHS0ZN1BSy,0,0,Photos,,,,,11/21/2023,,,0,0,0,0,0,0,,,,,
1049519571970782,100064197037125,"PC Merchandise","One more rig complete. One more client satisfied. Built with RYZEN 5 4600G + RX 6600. PM us for yours!",,0,"11/22/2023 22:00",,https://www.facebook.com/pcmerchandise.co/posts/pfbid05gFQ725kYSIGgra5LRelVONuYR9YZCTKiNq8W21adAvsIxWHS0ZN1BSy,0,0,Photos,,,,,11/22/2023,,,0,0,0,0,0,0,,,,,
1049519571970782,100064197037125,"PC Merchandise","One more rig complete. One more client satisfied. Built with RYZEN 5 4600G + RX 6600. PM us for yours!",,0,"11/22/2023 22:00",,https://www.facebook.com/pcmerchandise.co/posts/pfbid05gFQ725kYSIGgra5LRelVONuYR9YZCTKiNq8W21adAvsIxWHS0ZN1BSy,0,0,Photos,,,,,11/23/2023,,,0,0,0,0,0,0,,,,,
1049519571970782,100064197037125,"PC Merchandise","One more rig complete. One more client satisfied. Built with RYZEN 5 4600G + RX 6600. PM us for yours!",,0,"11/22/2023 22:00",,https://www.facebook.com/pcmerchandise.co/posts/pfbid05gFQ725kYSIGgra5LRelVONuYR9YZCTKiNq8W21adAvsIxWHS0ZN1BSy,0,0,Photos,,,,,11/24/2023,,,0,0,0,0,0,0,,,,,
1049519571970782,100064197037125,"PC Merchandise","One more rig complete. One more client satisfied. Built with RYZEN 5 4600G + RX 6600. PM us for yours!",,0,"11/22/2023 22:00",,https://www.facebook.com/pcmerchandise.co/posts/pfbid05gFQ725kYSIGgra5LRelVONuYR9YZCTKiNq8W21adAvsIxWHS0ZN1BSy,0,0,Photos,,,,,11/25/2023,,,0,0,0,0,0,0,,,,,
1049519571970782,100064197037125,"PC Merchandise","One more rig complete. One more client satisfied. Built with RYZEN 5 4600G + RX 6600. PM us for yours!",,0,"11/22/2023 22:00",,https://www.facebook.com/pcmerchandise.co/posts/pfbid05gFQ725kYSIGgra5LRelVONuYR9YZCTKiNq8W21adAvsIxWHS0ZN1BSy,0,0,Photos,,,,,11/26/2023,,,0,0,0,0,0,0,,,,,
1049519571970782,100064197037125,"PC Merchandise","One more rig complete. One more client satisfied. Built with RYZEN 5 4600G + RX 6600. PM us for yours!",,0,"11/22/2023 22:00",,https://www.facebook.com/pcmerchandise.co/posts/pfbid05gFQ725kYSIGgra5LRelVONuYR9YZCTKiNq8W21adAvsIxWHS0ZN1BSy,0,0,Photos,,,,,11/27/2023,,,0,0,0,0,0,0,,,,,
1049519571970782,100064197037125,"PC Merchandise","One more rig complete. One more client satisfied. Built with RYZEN 5 4600G + RX 6600. PM us for yours!",,0,"11/22/2023 22:00",,https://www.facebook.com/pcmerchandise.co/posts/pfbid05gFQ725kYSIGgra5LRelVONuYR9YZCTKiNq8W21adAvsIxWHS0ZN1BSy,0,0,Photos,,,,,11/28/2023,,,0,0,0,0,0,0,,,,,
1049519571970782,100064197037125,"PC Merchandise","One more rig complete. One more client satisfied. Built with RYZEN 5 4600G + RX 6600. PM us for yours!",,0,"11/22/2023 22:00",,https://www.facebook.com/pcmerchandise.co/posts/pfbid05gFQ725kYSIGgra5LRelVONuYR9YZCTKiNq8W21adAvsIxWHS0ZN1BSy,0,0,Photos,,,,,11/29/2023,,,0,0,0,0,0,0,,,,,
1049519571970782,100064197037125,"PC Merchandise","One more rig complete. One more client satisfied. Built with RYZEN 5 4600G + RX 6600. PM us for yours!",,0,"11/22/2023 22:00",,https://www.facebook.com/pcmerchandise.co/posts/pfbid05gFQ725kYSIGgra5LRelVONuYR9YZCTKiNq8W21adAvsIxWHS0ZN1BSy,0,0,Photos,,,,,11/30/2023,,,0,0,0,0,0,0,,,,,
1049363762496338,100064197037125,"PC Merchandise","Pa-mine na yan! RYZEN 5 4600G gaming build, limited slots only this week.",,53,"11/22/2023 19:30",uploaded,https://www.facebook.com/reel/1489872920825829/,0,0,Reels,,,,,11/01/2023,0,,,,,,0,0,0,0,0,0.000,6.247
1049363762496338,100064197037125,"PC Merchandise","Pa-mine na yan! RYZEN 5 4600G gaming build, limited slots only this week.",,53,"11/22/2023 19:30",uploaded,https://www.facebook.com/reel/1489872920825829/,0,0,Reels,,,,,11/02/2023,0,,,,,,0,0,0,0,0,0.000,6.178
1049363762496338,100064197037125,"PC Merchandise","Pa-mine na yan! RYZEN 5 4600G gaming build, limited slots only this week.",,53,"11/22/2023 19:30",uploaded,https://www.facebook.com/reel/1489872920825829/,0,0,Reels,,,,,11/03/2023,0,,,,,,0,0,0,0,0,0.000,4.934
1049363762496338,100064197037125,"PC Merchandise","Pa-mine na yan! RYZEN 5 4600G gaming build, limited slots only this week.",,53,"11/22/2023 19:30",uploaded,https://www.facebook.com/reel/1489872920825829/,0,0,Reels,,,,,11/04/2023,0,,,,,,0,0,0,0,0,0.000,5.104
1049363762496338,100064197037125,"PC Merchandise","Pa-mine na yan! RYZEN 5 4600G gaming build, limited slots only this week.",,53,"11/22/2023 19:30",uploaded,https://www.facebook.com/reel/1489872920825829/,0,0,Reels,,,,,11/05/2023,0,,,,,,0,0,0,0,0,0.000,6.524
1049363762496338,100064197037125,"PC Merchandise","Pa-mine na yan! RYZEN 5 4600G gaming build, limited slots only this week.",,53,"11/22/2023 19:30",uploaded,https://www.facebook.com/reel/1489872920825829/,0,0,Reels,,,,,11/06/2023,0,,,,,,0,0,0,0,0,0.000,5.820
1049363762496338,100064197037125,"PC Merchandise","Pa-mine na yan! RYZEN 5 4600G gaming build, limited slots only this week.",,53,"11/22/2023 19:30",uploaded,https://www.facebook.com/reel/1489872920825829/,0,0,Reels,,,,,11/07/2023,0,,,,,,0,0,0,0,0,0.000,4.545
1049363762496338,100064197037125,"PC Merchandise","Pa-mine na yan! RYZEN 5 4600G gaming build, limited slots only this week.",,53,"11/22/2023 19:30",uploaded,https://www.facebook.com/reel/1489872920825829/,0,0,Reels,,,,,11/08/2023,0,,,,,,0,0,0,0,0,0.000,6.252
1049363762496338,100064197037125,"PC Merchandise","Pa-mine na yan! RYZEN 5 4600G gaming build, limited slots only this week.",,53,"11/22/2023 19:30",uploaded,https://www.facebook.com/reel/1489872920825829/,0,0,Reels,,,,,11/09/2023,0,,,,,,0,0,0,0,0,0.000,4.180
1049363762496338,100064197037125,"PC Merchandise","Pa-mine na yan! RYZEN 5 4600G gaming build, limited slots only this week.",,53,"11/22/2023 19:30",uploaded,https://www.facebook.com/reel/1489872920825829/,0,0,Reels,,,,,11/10/2023,0,,,,,,0,0,0,0,0,0.000,5.007
1049363762496338,100064197037125,"PC Merchandise","Pa-mine na yan! RYZEN 5 4600G gaming build, limited slots only this week.",,53,"11/22/2023 19:30",uploaded,https://www.facebook.com/reel/1489872920825829/,0,0,Reels,,,,,11/11/2023,0,,,,,,0,0,0,0,0,0.000,6.736
1049363762496338,100064197037125,"PC Merchandise","Pa-mine na yan! RYZEN 5 4600G gaming build, limited slots only this week.",,53,"11/22/2023 19:30",uploaded,https://www.facebook.com/reel/1489872920825829/,0,0,Reels,,,,,11/12/2023,0,,,,,,0,0,0,0,0,0.000,6.132
1049363762496338,100064197037125,"PC Merchandise","Pa-mine na yan! RYZEN 5 4600G gaming build, limited slots only this week.",,53,"11/22/2023 19:30",uploaded,https://www.facebook.com/reel/1489872920825829/,0,0,Reels,,,,,11/13/2023,0,,,,,,0,0,0,0,0,0.000,5.654
1049363762496338,100064197037125,"PC Merchandise","Pa-mine na yan! RYZEN 5 4600G gaming build, limited slots only this week.",,53,"11/22/2023 19:30",uploaded,https://www.facebook.com/reel/1489872920825829/,0,0,Reels,,,,,11/14/2023,0,,,,,,0,0,0,0,0,0.000,6.116
1049363762496338,100064197037125,"PC Merchandise","Pa-mine na yan! RYZEN 5 4600G gaming build, limited slots only this week.",,53,"11/22/2023 19:30",uploaded,https://www.facebook.com/reel/1489872920825829/,0,0,Reels,,,,,11/15/2023,0,,,,,,0,0,0,0,0,0.000,5.736
1049363762496338,100064197037125,"PC Merchandise","Pa-mine na yan! RYZEN 5 4600G gaming build, limited slots only this week.",,53,"11/22/2023 19:30",uploaded,https://www.facebook.com/reel/1489872920825829/,0,0,Reels,,,,,11/16/2023,0,,,,,,0,0,0,0,0,0.000,4.288
1049363762496338,100064197037125,"PC Merchandise","Pa-mine na yan! RYZEN 5 4600G gaming build, limited slots only this week.",,53,"11/22/2023 19:30",uploaded,https://www.facebook.com/reel/1489872920825829/,0,0,Reels,,,,,11/17/2023,0,,,,,,0,0,0,0,0,0.000,4.413
1049363762496338,100064197037125,"PC Merchandise","Pa-mine na yan! RYZEN 5 4600G gaming build, limited slots only this week.",,53,"11/22/2023 19:30",uploaded,https://www.facebook.com/reel/1489872920825829/,0,0,Reels,,,,,11/18/2023,0,,,,,,0,0,0,0,0,0.000,6.529
1049363762496338,100064197037125,"PC Merchandise","Pa-mine na yan! RYZEN 5 4600G gaming build, limited slots only this week.",,53,"11/22/2023 19:30",uploaded,https://www.facebook.com/reel/1489872920825829/,0,0,Reels,,,,,11/19/2023,0,,,,,,0,0,0,0,0,0.000,5.332
1049363762496338,100064197037125,"PC Merchandise","Pa-mine na yan! RYZEN 5 4600G gaming build, limited slots only this week.",,53,"11/22/2023 19:30",uploaded,https://www.facebook.com/reel/1489872920825829/,0,0,Reels,,,,,11/20/2023,0,,,,,,0,0,0,0,0,0.000,6.213
1049363762496338,100064197037125,"PC Merchandise","Pa-mine na yan! RYZEN 5 4600G gaming build, limited slots only this week.",,53,"11/22/2023 19:30",uploaded,https://www.facebook.com/reel/1489872920825829/,0,0,Reels,,,,,11/21/2023,0,,,,,,0,0,0,0,0,0.000,6.064
1049363762496338,100064197037125,"PC Merchandise","Pa-mine na yan! RYZEN 5 4600G gaming build, limited slots only this week.",,53,"11/22/2023 19:30",uploaded,https://www.facebook.com/reel/1489872920825829/,0,0,Reels,,,,,11/22/2023,0,,,,,,30,0,1,1,0,601.785,5.484
1049363762496338,100064197037125,"PC Merchandise","Pa-mine na yan! RYZEN 5 4600G gaming build, limited slots only this week.",,53,"11/22/2023 19:30",uploaded,https://www.facebook.com/reel/1489872920825829/,0,0,Reels,,,,,11/23/2023,0,,,,,,36,0,0,0,0,467.289,4.744
1049363762496338,100064197037125,"PC Merchandise","Pa-mine na yan! RYZEN 5 4600G gaming build, limited slots only this week.",,53,"11/22/2023 19:30",uploaded,https://www.facebook.com/reel/1489872920825829/,0,0,Reels,,,,,11/24/2023,0,,,,,,21,0,1,1,0,747.909,4.374
1049363762496338,100064197037125,"PC Merchandise","Pa-mine na yan! RYZEN 5 4600G gaming build, limited slots only this week.",,53,"11/22/2023 19:30",uploaded,https://www.facebook.com/reel/1489872920825829/,0,0,Reels,,,,,11/25/2023,0,,,,,,16,0,0,0,0,494.528,5.254
1049363762496338,100064197037125,"PC Merchandise","Pa-mine na yan! RYZEN 5 4600G gaming build, limited slots only this week.",,53,"11/22/2023 19:30",uploaded,https://www.facebook.com/reel/1489872920825829/,0,0,Reels,,,,,11/26/2023,0,,,,,,28,0,0,0,0,224.003,5.605
1049363762496338,100064197037125,"PC Merchandise","Pa-mine na yan! RYZEN 5 4600G gaming build, limited slots only this week.",,53,"11/22/2023 19:30",uploaded,https://www.facebook.com/reel/1489872920825829/,0,0,Reels,,,,,11/27/2023,0,,,,,,31,0,0,0,0,297.587,5.615
1049363762496338,100064197037125,"PC Merchandise","Pa-mine na yan! RYZEN 5 4600G gaming build, limited slots only this week.",,53,"11/22/2023 19:30",uploaded,https://www.facebook.com/reel/1489872920825829/,0,0,Reels,,,,,11/28/2023,0,,,,,,0,0,0,0,0,135.574,6.003
1049363762496338,100064197037125,"PC Merchandise","Pa-mine na yan! RYZEN 5 4600G gaming build, limited slots only this week.",,53,"11/22/2023 19:30",uploaded,https://www.facebook.com/reel/1489872920825829/,0,0,Reels,,,,,11/29/2023,0,,,,,,0,0,0,0,0,405.089,5.396
1049363762496338,100064197037125,"PC Merchandise","Pa-mine na yan! RYZEN 5 4600G gaming build, limited slots only this week.",,53,"11/22/2023 19:30",uploaded,https://www.facebook.com/reel/1489872920825829/,0,0,Reels,,,,,11/30/2023,0,,,,,,0,0,0,0,0,148.795,5.612
1050122242154408,100064197037125,"PC Merchandise","malas naman🥹",,0,"11/22/2023 19:23",,https://www.facebook.com/pcmerchandise.co/posts/pfbid0n3T88UmszfCxnLJxxD62U5L06DQV9VkfXkjYCIbDGDOdazcnxAx3D8fP,0,0,Photos,,,,,11/30/2023,0,,,,,,,,,,,,
1050122242154408,100064197037125,"PC Merchandise","malas naman🥹",,0,"11/22/2023 19:23",,https://www.facebook.com/pcmerchandise.co/posts/pfbid0n3T88UmszfCxnLJxxD62U5L06DQV9VkfXkjYCIbDGDOdazcnxAx3D8fP,0,0,Photos,,,,,11/01/2023,,,0,0,0,0,0,0,,,,,
1050122242154408,100064197037125,"PC Merchandise","malas naman🥹",,0,"11/22/2023 19:23",,https://www.facebook.com/pcmerchandise.co/posts/pfbid0n3T88UmszfCxnLJxxD62U5L06DQV9VkfXkjYCIbDGDOdazcnxAx3D8fP,0,0,Photos,,,,,11/02/2023,,,0,0,0,0,0,0,,,,,
1050122242154408,100064197037125,"PC Merchandise","malas naman🥹",,0,"11/22/2023 19:23",,https://www.facebook.com/pcmerchandise.co/posts/pfbid0n3T88UmszfCxnLJxxD62U5L06DQV9VkfXkjYCIbDGDOdazcnxAx3D8fP,0,0,Photos,,,,,11/03/2023,,,0,0,0,0,0,0,,,,,
1050122242154408,100064197037125,"PC Merchandise","malas naman🥹",,0,"11/22/2023 19:23",,https://www.facebook.com/pcmerchandise.co/posts/pfbid0n3T88UmszfCxnLJxxD62U5L06DQV9VkfXkjYCIbDGDOdazcnxAx3D8fP,0,0,Photos,,,,,11/04/2023,,,0,0,0,0,0,0,,,,,
1050122242154408,100064197037125,"PC Merchandise","malas naman🥹",,0,"11/22/2023 19:23",,https://www.facebook.com/pcmerchandise.co/posts/pfbid0n3T88UmszfCxnLJxxD62U5L06DQV9VkfXkjYCIbDGDOdazcnxAx3D8fP,0,0,Photos,,,,,11/05/2023,,,0,0,0,0,0,0,,,,,
1050122242154408,100064197037125,"PC Merchandise","malas naman🥹",,0,"11/22/2023 19:23",,https://www.facebook.com/pcmerchandise.co/posts/pfbid0n3T88UmszfCxnLJxxD62U5L06DQV9VkfXkjYCIbDGDOdazcnxAx3D8fP,0,0,Photos,,,,,11/06/2023,,,0,0,0,0,0,0,,,,,
1050122242154408,100064197037125,"PC Merchandise","malas naman🥹",,0,"11/22/2023 19:23",,https://www.facebook.com/pcmerchandise.co/posts/pfbid0n3T88UmszfCxnLJxxD62U5L06DQV9VkfXkjYCIbDGDOdazcnxAx3D8fP,0,0,Photos,,,,,11/07/2023,,,0,0,0,0,0,0,,,,,
1050122242154408,100064197037125,"PC Merchandise","malas naman🥹",,0,"11/22/2023 19:23",,https://www.facebook.com/pcmerchandise.co/posts/pfbid0n3T88UmszfCxnLJxxD62U5L06DQV9VkfXkjYCIbDGDOdazcnxAx3D8fP,0,0,Photos,,,,,11/08/2023,,,0,0,0,0,0,0,,,,,
1050122242154408,100064197037125,"PC Merchandise","malas naman🥹",,0,"11/22/2023 19:23",,https://www.facebook.com/pcmerchandise.co/posts/pfbid0n3T88UmszfCxnLJxxD62U5L06DQV9VkfXkjYCIbDGDOdazcnxAx3D8fP,0,0,Photos,,,,,11/09/2023,,,0,0,0,0,0,0,,,,,
1050122242154408,100064197037125,"PC Merchandise","malas naman🥹",,0,"11/22/2023 19:23",,https://www.facebook.com/pcmerchandise.co/posts/pfbid0n3T88UmszfCxnLJxxD62U5L06DQV9VkfXkjYCIbDGDOdazcnxAx3D8fP,0,0,Photos,,,,,11/10/2023,,,0,0,0,0,0,0,,,,,
1050122242154408,100064197037125,"PC Merchandise","malas naman🥹",,0,"11/22/2023 19:23",,https://www.facebook.com/pcmerchandise.co/posts/pfbid0n3T88UmszfCxnLJxxD62U5L06DQV9VkfXkjYCIbDGDOdazcnxAx3D8fP,0,0,Photos,,,,,11/11/2023,,,0,0,0,0,0,0,,,,,
1050122242154408,100064197037125,"PC Merchandise","malas naman🥹",,0,"11/22/2023 19:23",,https://www.facebook.com/pcmerchandise.co/posts/pfbid0n3T88UmszfCxnLJxxD62U5L06DQV9VkfXkjYCIbDGDOdazcnxAx3D8fP,0,0,Photos,,,,,11/12/2023,,,0,0,0,0,0,0,,,,,
1050122242154408,100064197037125,"PC Merchandise","malas naman🥹",,0,"11/22/2023 19:23",,https://www.facebook.com/pcmerchandise.co/posts/pfbid0n3T88UmszfCxnLJxxD62U5L06DQV9VkfXkjYCIbDGDOdazcnxAx3D8fP,0,0,Photos,,,,,11/13/2023,,,0,0,0,0,0,0,,,,,
1050122242154408,100064197037125,"PC Merchandise","malas naman🥹",,0,"11/22/2023 19:23",,https://www.facebook.com/pcmerchandise.co/posts/pfbid0n3T88UmszfCxnLJxxD62U5L06DQV9VkfXkjYCIbDGDOdazcnxAx3D8fP,0,0,Photos,,,,,11/14/2023,,,0,0,0,0,0,0,,,,,
1050122242154408,100064197037125,"PC Merchandise","malas naman🥹",,0,"11/22/2023 19:23",,https://www.facebook.com/pcmerchandise.co/posts/pfbid0n3T88UmszfCxnLJxxD62U5L06DQV9VkfXkjYCIbDGDOdazcnxAx3D8fP,0,0,Photos,,,,,11/15/2023,,,0,0,0,0,0,0,,,,,
1050122242154408,100064197037125,"PC Merchandise","malas naman🥹",,0,"11/22/2023 19:23",,https://www.facebook.com/pcmerchandise.co/posts/pfbid0n3T88UmszfCxnLJxxD62U5L06DQV9VkfXkjYCIbDGDOdazcnxAx3D8fP,0,0,Photos,,,,,11/16/2023,,,0,0,0,0,0,0,,,,,
1050122242154408,100064197037125,"PC Merchandise","malas naman🥹",,0,"11/22/2023 19:23",,https://www.facebook.com/pcmerchandise.co/posts/pfbid0n3T88UmszfCxnLJxxD62U5L06DQV9VkfXkjYCIbDGDOdazcnxAx3D8fP,0,0,Photos,,,,,11/17/2023,,,0,0,0,0,0,0,,,,,
1050122242154408,100064197037125,"PC Merchandise","malas naman🥹",,0,"11/22/2023 19:23",,https://www.facebook.com/pcmerchandise.co/posts/pfbid0n3T88UmszfCxnLJxxD62U5L06DQV9VkfXkjYCIbDGDOdazcnxAx3D8fP,0,0,Photos,,,,,11/18/2023,,,0,0,0,0,0,0,,,,,
1050122242154408,100064197037125,"PC Merchandise","malas naman🥹",,0,"11/22/2023 19:23",,https://www.facebook.com/pcmerchandise.co/posts/pfbid0n3T88UmszfCxnLJxxD62U5L06DQV9VkfXkjYCIbDGDOdazcnxAx3D8fP,0,0,Photos,,,,,11/19/2023,,,0,0,0,0,0,0,,,,,
1050122242154408,100064197037125,"PC Merchandise","malas naman🥹",,0,"11/22/2023 19:23",,https://www.facebook.com/pcmerchandise.co/posts/pfbid0n3T88UmszfCxnLJxxD62U5L06DQV9VkfXkjYCIbDGDOdazcnxAx3D8fP,0,0,Photos,,,,,11/20/2023,,,0,0,0,0,0,0,,,,,
1050122242154408,100064197037125,"PC Merchandise","malas naman🥹",,0,"11/22/2023 19:23",,https://www.facebook.com/pcmerchandise.co/posts/pfbid0n3T88UmszfCxnLJxxD62U5L06DQV9VkfXkjYCIbDGDOdazcnxAx3D8fP,0,0,Photos,,,,,11/21/2023,,,0,0,0,0,0,0,,,,,
1050122242154408,100064197037125,"PC Merchandise","malas naman🥹",,0,"11/22/2023 19:23",,https://www.facebook.com/pcmerchandise.co/posts/pfbid0n3T88UmszfCxnLJxxD62U5L06DQV9VkfXkjYCIbDGDOdazcnxAx3D8fP,0,0,Photos,,,,,11/22/2023,,,0,0,0,0,0,0,,,,,
1050122242154408,100064197037125,"PC Merchandise","malas naman🥹",,0,"11/22/2023 19:23",,https://www.facebook.com/pcmerchandise.co/posts/pfbid0n3T88UmszfCxnLJxxD62U5L06DQV9VkfXkjYCIbDGDOdazcnxAx3D8fP,0,0,Photos,,,,,11/23/2023,,,0,0,0,0,0,0,,,,,
1050122242154408,100064197037125,"PC Merchandise","malas naman🥹",,0,"11/22/2023 19:23",,https://www.facebook.com/pcmerchandise.co/posts/pfbid0n3T88UmszfCxnLJxxD62U5L06DQV9VkfXkjYCIbDGDOdazcnxAx3D8fP,0,0,Photos,,,,,11/24/2023,,,0,0,0,0,0,0,,,,,
1050122242154408,100064197037125,"PC Merchandise","malas naman🥹",,0,"11/22/2023 19:23",,https://www.facebook.com/pcmerchandise.co/posts/pfbid0n3T88UmszfCxnLJxxD62U5L06DQV9VkfXkjYCIbDGDOdazcnxAx3D8fP,0,0,Photos,,,,,11/25/2023,,,0,0,0,0,0,0,,,,,
1050122242154408,100064197037125,"PC Merchandise","malas naman🥹",,0,"11/22/2023 19:23",,https://www.facebook.com/pcmerchandise.co/posts/pfbid0n3T88UmszfCxnLJxxD62U5L06DQV9VkfXkjYCIbDGDOdazcnxAx3D8fP,0,0,Photos,,,,,11/26/2023,,,0,0,0,0,0,0,,,,,
1050122242154408,100064197037125,"PC Merchandise","malas naman🥹",,0,"11/22/2023 19:23",,https://www.facebook.com/pcmerchandise.co/posts/pfbid0n3T88UmszfCxnLJxxD62U5L06DQV9VkfXkjYCIbDGDOdazcnxAx3D8fP,0,0,Photos,,,,,11/27/2023,,,0,0,0,0,0,0,,,,,
1050122242154408,100064197037125,"PC Merchandise","malas naman🥹",,0,"11/22/2023 19:23",,https://www.facebook.com/pcmerchandise.co/posts/pfbid0n3T88UmszfCxnLJxxD62U5L06DQV9VkfXkjYCIbDGDOdazcnxAx3D8fP,0,0,Photos,,,,,11/28/2023,,,0,0,0,0,0,0,,,,,
1050122242154408,100064197037125,"PC Merchandise","malas naman🥹",,0,"11/22/2023 19:23",,https://www.facebook.com/pcmerchandise.co/posts/pfbid0n3T88UmszfCxnLJxxD62U5L06DQV9VkfXkjYCIbDGDOdazcnxAx3D8fP,0,0,Photos,,,,,11/29/2023,,,0,0,0,0,0,0,,,,,
1050122242154408,100064197037125,"PC Merchandise","malas naman🥹",,0,"11/22/2023 19:23",,https://www.facebook.com/pcmerchandise.co/posts/pfbid0n3T88UmszfCxnLJxxD62U5L06DQV9VkfXkjYCIbDGDOdazcnxAx3D8fP,0,0,Photos,,,,,11/30/2023,,,0,0,0,0,0,0,,,,,
1049972989767062,100064197037125,"PC Merchandise","𝐏𝐑𝐈𝐂𝐄𝐋𝐈𝐒𝐓 𝟐𝟎𝟐𝟑 >>>
https://pcmerchandise.live/2023-BERMONTHS-LIST-COMSHOP",,90,"11/21/2023 22:30",mixed,https://www.facebook.com/reel/1578148462266630/,0,0,Reels,,,,,11/01/2023,0,,,,,,0,0,0,0,0,0.000,3.354
1049972989767062,100064197037125,"PC Merchandise","𝐏𝐑𝐈𝐂𝐄𝐋𝐈𝐒𝐓 𝟐𝟎𝟐𝟑 >>>
https://pcmerchandise.live/2023-BERMONTHS-LIST-COMSHOP",,90,"11/21/2023 22:30",mixed,https://www.facebook.com/reel/1578148462266630/,0,0,Reels,,,,,11/02/2023,0,,,,,,0,0,0,0,0,0.000,2.476
1049972989767062,100064197037125,"PC Merchandise","𝐏𝐑𝐈𝐂𝐄𝐋𝐈𝐒𝐓 𝟐𝟎𝟐𝟑 >>>
https://pcmerchandise.live/2023-BERMONTHS-LIST-COMSHOP",,90,"11/21/2023 22:30",mixed,https://www.facebook.com/reel/1578148462266630/,0,0,Reels,,,,,11/03/2023,0,,,,,,0,0,0,0,0,0.000,2.857
1049972989767062,100064197037125,"PC Merchandise","𝐏𝐑𝐈𝐂𝐄𝐋𝐈𝐒𝐓 𝟐𝟎𝟐𝟑 >>>
https://pcmerchandise.live/2023-BERMONTHS-LIST-COMSHOP",,90,"11/21/2023 22:30",mixed,https://www.facebook.com/reel/1578148462266630/,0,0,Reels,,,,,11/04/2023,0,,,,,,0,0,0,0,0,0.000,5.261
1049972989767062,100064197037125,"PC Merchandise","𝐏𝐑𝐈𝐂𝐄𝐋𝐈𝐒𝐓 𝟐𝟎𝟐𝟑 >>>
https://pcmerchandise.live/2023-BERMONTHS-LIST-COMSHOP",,90,"11/21/2023 22:30",mixed,https://www.facebook.com/reel/1578148462266630/,0,0,Reels,,,,,11/05/2023,0,,,,,,0,0,0,0,0,0.000,4.444
1049972989767062,100064197037125,"PC Merchandise","𝐏𝐑𝐈𝐂𝐄𝐋𝐈𝐒𝐓 𝟐𝟎𝟐𝟑 >>>
https://pcmerchandise.live/2023-BERMONTHS-LIST-COMSHOP",,90,"11/21/2023 22:30",mixed,https://www.facebook.com/reel/1578148462266630/,0,0,Reels,,,,,11/06/2023,0,,,,,,0,0,0,0,0,0.000,3.386
1049972989767062,100064197037125,"PC Merchandise","𝐏𝐑𝐈𝐂𝐄𝐋𝐈𝐒𝐓 𝟐𝟎𝟐𝟑 >>>
https://pcmerchandise.live/2023-BERMONTHS-LIST-COMSHOP",,90,"11/21/2023 22:30",mixed,https://www.facebook.com/reel/1578148462266630/,0,0,Reels,,,,,11/07/2023,0,,,,,,0,0,0,0,0,0.000,4.307
1049972989767062,100064197037125,"PC Merchandise","𝐏𝐑𝐈𝐂𝐄𝐋𝐈𝐒𝐓 𝟐𝟎𝟐𝟑 >>>
https://pcmerchandise.live/2023-BERMONTHS-LIST-COMSHOP",,90,"11/21/2023 22:30",mixed,https://www.facebook.com/reel/1578148462266630/,0,0,Reels,,,,,11/08/2023,0,,,,,,0,0,0,0,0,0.000,5.310
1049972989767062,100064197037125,"PC Merchandise","𝐏𝐑𝐈𝐂𝐄𝐋𝐈𝐒𝐓 𝟐𝟎𝟐𝟑 >>>
https://pcmerchandise.live/2023-BERMONTHS-LIST-COMSHOP",,90,"11/21/2023 22:30",mixed,https://www.facebook.com/reel/1578148462266630/,0,0,Reels,,,,,11/09/2023,0,,,,,,0,0,0,0,0,0.000,2.777
1049972989767062,100064197037125,"PC Merchandise","𝐏𝐑𝐈𝐂𝐄𝐋𝐈𝐒𝐓 𝟐𝟎𝟐𝟑 >>>
https://pcmerchandise.live/2023-BERMONTHS-LIST-COMSHOP",,90,"11/21/2023 22:30",mixed,https://www.facebook.com/reel/1578148462266630/,0,0,Reels,,,,,11/10/2023,0,,,,,,0,0,0,0,0,0.000,4.888
1049972989767062,100064197037125,"PC Merchandise","𝐏𝐑𝐈𝐂𝐄𝐋𝐈𝐒𝐓 𝟐𝟎𝟐𝟑 >>>
https://pcmerchandise.live/2023-BERMONTHS-LIST-COMSHOP",,90,"11/21/2023 22:30",mixed,https://www.facebook.com/reel/1578148462266630/,0,0,Reels,,,,,11/11/2023,0,,,,,,0,0,0,0,0,0.000,2.660
1049972989767062,100064197037125,"PC Merchandise","𝐏𝐑𝐈𝐂𝐄𝐋𝐈𝐒𝐓 𝟐𝟎𝟐𝟑 >>>
https://pcmerchandise.live/2023-BERMONTHS-LIST-COMSHOP",,90,"11/21/2023 22:30",mixed,https://www.facebook.com/reel/1578148462266630/,0,0,Reels,,,,,11/12/2023,0,,,,,,0,0,0,0,0,0.000,2.715
1049972989767062,100064197037125,"PC Merchandise","𝐏𝐑𝐈𝐂𝐄𝐋𝐈𝐒𝐓 𝟐𝟎𝟐𝟑 >>>
https://pcmerchandise.live/2023-BERMONTHS-LIST-COMSHOP",,90,"11/21/2023 22:30",mixed,https://www.facebook.com/reel/1578148462266630/,0,0,Reels,,,,,11/13/2023,0,,,,,,0,0,0,0,0,0.000,1.989
1049972989767062,100064197037125,"PC Merchandise","𝐏𝐑𝐈𝐂𝐄𝐋𝐈𝐒𝐓 𝟐𝟎𝟐𝟑 >>>
https://pcmerchandise.live/2023-BERMONTHS-LIST-COMSHOP",,90,"11/21/2023 22:30",mixed,https://www.facebook.com/reel/1578148462266630/,0,0,Reels,,,,,11/14/2023,0,,,,,,0,0,0,0,0,0.000,4.029
1049972989767062,100064197037125,"PC Merchandise","𝐏𝐑𝐈𝐂𝐄𝐋𝐈𝐒𝐓 𝟐𝟎𝟐𝟑 >>>
https://pcmerchandise.live/2023-BERMONTHS-LIST-COMSHOP",,90,"11/21/2023 22:30",mixed,https://www.facebook.com/reel/1578148462266630/,0,0,Reels,,,,,11/15/2023,0,,,,,,0,0,0,0,0,0.000,3.800
1049972989767062,100064197037125,"PC Merchandise","𝐏𝐑𝐈𝐂𝐄𝐋𝐈𝐒𝐓 𝟐𝟎𝟐𝟑 >>>
https://pcmerchandise.live/2023-BERMONTHS-LIST-COMSHOP",,90,"11/21/2023 22:30",mixed,https://www.facebook.com/reel/1578148462266630/,0,0,Reels,,,,,11/16/2023,0,,,,,,0,0,0,0,0,0.000,4.730
1049972989767062,100064197037125,"PC Merchandise","𝐏𝐑𝐈𝐂𝐄𝐋𝐈𝐒𝐓 𝟐𝟎𝟐𝟑 >>>
https://pcmerchandise.live/2023-BERMONTHS-LIST-COMSHOP",,90,"11/21/2023 22:30",mixed,https://www.facebook.com/reel/1578148462266630/,0,0,Reels,,,,,11/17/2023,0,,,,,,0,0,0,0,0,0.000,3.760
1049972989767062,100064197037125,"PC Merchandise","𝐏𝐑𝐈𝐂𝐄𝐋𝐈𝐒𝐓 𝟐𝟎𝟐𝟑 >>>
https://pcmerchandise.live/2023-BERMONTHS-LIST-COMSHOP",,90,"11/21/2023 22:30",mixed,https://www.facebook.com/reel/1578148462266630/,0,0,Reels,,,,,11/18/2023,0,,,,,,0,0,0,0,0,0.000,4.690
1049972989767062,100064197037125,"PC Merchandise","𝐏𝐑𝐈𝐂𝐄𝐋𝐈𝐒𝐓 𝟐𝟎𝟐𝟑 >>>
https://pcmerchandise.live/2023-BERMONTHS-LIST-COMSHOP",,90,"11/21/2023 22:30",mixed,https://www.facebook.com/reel/1578148462266630/,0,0,Reels,,,,,11/19/2023,0,,,,,,0,0,0,0,0,0.000,4.044
1049972989767062,100064197037125,"PC Merchandise","𝐏𝐑𝐈𝐂𝐄𝐋𝐈𝐒𝐓 𝟐𝟎𝟐𝟑 >>>
https://pcmerchandise.live/2023-BERMONTHS-LIST-COMSHOP",,90,"11/21/2023 22:30",mixed,https://www.facebook.com/reel/1578148462266630/,0,0,Reels,,,,,11/20/2023,0,,,,,,0,0,0,0,0,0.000,3.593
1049972989767062,100064197037125,"PC Merchandise","𝐏𝐑𝐈𝐂𝐄𝐋𝐈𝐒𝐓 𝟐𝟎𝟐𝟑 >>>
https://pcmerchandise.live/2023-BERMONTHS-LIST-COMSHOP",,90,"11/21/2023 22:30",mixed,https://www.facebook.com/reel/1578148462266630/,0,0,Reels,,,,,11/21/2023,0,,,,,,30,0,1,1,0,261.750,4.210
1049972989767062,100064197037125,"PC Merchandise","𝐏𝐑𝐈𝐂𝐄𝐋𝐈𝐒𝐓 𝟐𝟎𝟐𝟑 >>>
https://pcmerchandise.live/2023-BERMONTHS-LIST-COMSHOP",,90,"11/21/2023 22:30",mixed,https://www.facebook.com/reel/1578148462266630/,0,0,Reels,,,,,11/22/2023,0,,,,,,22,0,0,0,0,159.149,3.365
1049972989767062,100064197037125,"PC Merchandise","𝐏𝐑𝐈𝐂𝐄𝐋𝐈𝐒𝐓 𝟐𝟎𝟐𝟑 >>>
https://pcmerchandise.live/2023-BERMONTHS-LIST-COMSHOP",,90,"11/21/2023 22:30",mixed,https://www.facebook.com/reel/1578148462266630/,0,0,Reels,,,,,11/23/2023,0,,,,,,29,0,2,2,0,249.577,3.947
1049972989767062,100064197037125,"PC Merchandise","𝐏𝐑𝐈𝐂𝐄𝐋𝐈𝐒𝐓 𝟐𝟎𝟐𝟑 >>>
https://pcmerchandise.live/2023-BERMONTHS-LIST-COMSHOP",,90,"11/21/2023 22:30",mixed,https://www.facebook.com/reel/1578148462266630/,0,0,Reels,,,,,11/24/2023,0,,,,,,27,0,0,0,0,131.519,4.354
1049972989767062,100064197037125,"PC Merchandise","𝐏𝐑𝐈𝐂𝐄𝐋𝐈𝐒𝐓 𝟐𝟎𝟐𝟑 >>>
https://pcmerchandise.live/2023-BERMONTHS-LIST-COMSHOP",,90,"11/21/2023 22:30",mixed,https://www.facebook.com/reel/1578148462266630/,0,0,Reels,,,,,11/25/2023,0,,,,,,33,0,1,1,0,77.198,2.269
1049972989767062,100064197037125,"PC Merchandise","𝐏𝐑𝐈𝐂𝐄𝐋𝐈𝐒𝐓 𝟐𝟎𝟐𝟑 >>>
https://pcmerchandise.live/2023-BERMONTHS-LIST-COMSHOP",,90,"11/21/2023 22:30",mixed,https://www.facebook.com/reel/1578148462266630/,0,0,Reels,,,,,11/26/2023,0,,,,,,33,0,0,0,0,31.176,3.243
1049972989767062,100064197037125,"PC Merchandise","𝐏𝐑𝐈𝐂𝐄𝐋𝐈𝐒𝐓 𝟐𝟎𝟐𝟑 >>>
https://pcmerchandise.live/2023-BERMONTHS-LIST-COMSHOP",,90,"11/21/2023 22:30",mixed,https://www.facebook.com/reel/1578148462266630/,0,0,Reels,,,,,11/27/2023,0,,,,,,24,0,0,0,0,31.029,3.249
1049972989767062,100064197037125,"PC Merchandise","𝐏𝐑𝐈𝐂𝐄𝐋𝐈𝐒𝐓 𝟐𝟎𝟐𝟑 >>>
https://pcmerchandise.live/2023-BERMONTHS-LIST-COMSHOP",,90,"11/21/2023 22:30",mixed,https://www.facebook.com/reel/1578148462266630/,0,0,Reels,,,,,11/28/2023,0,,,,,,29,0,0,0,0,36.808,2.955
1049972989767062,100064197037125,"PC Merchandise","𝐏𝐑𝐈𝐂𝐄𝐋𝐈𝐒𝐓 𝟐𝟎𝟐𝟑 >>>
https://pcmerchandise.live/2023-BERMONTHS-LIST-COMSHOP",,90,"11/21/2023 22:30",mixed,https://www.facebook.com/reel/1578148462266630/,0,0,Reels,,,,,11/29/2023,0,,,,,,0,0,0,0,0,53.962,2.235
1049972989767062,100064197037125,"PC Merchandise","𝐏𝐑𝐈𝐂𝐄𝐋𝐈𝐒𝐓 𝟐𝟎𝟐𝟑 >>>
https://pcmerchandise.live/2023-BERMONTHS-LIST-COMSHOP",,90,"11/21/2023 22:30",mixed,https://www.facebook.com/reel/1578148462266630/,0,0,Reels,,,,,11/30/2023,0,,,,,,0,0,0,0,0,41.451,4.824
1050117081512981,100064197037125,"PC Merchandise","Paano kung sabihin ko sayo na kaya mo na mag RTX 3050 build under budget? 👀",,70,"11/21/2023 15:15",,https://www.facebook.com/reel/1898569667791430/,0,0,Reels,,,,,11/01/2023,0,,,,,,0,0,0,0,0,0.000,3.405
1050117081512981,100064197037125,"PC Merchandise","Paano kung sabihin ko sayo na kaya mo na mag RTX 3050 build under budget? 👀",,70,"11/21/2023 15:15",,https://www.facebook.com/reel/1898569667791430/,0,0,Reels,,,,,11/02/2023,0,,,,,,0,0,0,0,0,0.000,5.122
1050117081512981,100064197037125,"PC Merchandise","Paano kung sabihin ko sayo na kaya mo na mag RTX 3050 build under budget? 👀",,70,"11/21/2023 15:15",,https://www.facebook.com/reel/1898569667791430/,0,0,Reels,,,,,11/03/2023,0,,,,,,0,0,0,0,0,0.000,4.864
1050117081512981,100064197037125,"PC Merchandise","Paano kung sabihin ko sayo na kaya mo na mag RTX 3050 build under budget? 👀",,70,"11/21/2023 15:15",,https://www.facebook.com/reel/1898569667791430/,0,0,Reels,,,,,11/04/2023,0,,,,,,0,0,0,0,0,0.000,5.834
1050117081512981,100064197037125,"PC Merchandise","Paano kung sabihin ko sayo na kaya mo na mag RTX 3050 build under budget? 👀",,70,"11/21/2023 15:15",,https://www.facebook.com/reel/1898569667791430/,0,0,Reels,,,,,11/05/2023,0,,,,,,0,0,0,0,0,0.000,4.470
1050117081512981,100064197037125,"PC Merchandise","Paano kung sabihin ko sayo na kaya mo na mag RTX 3050 build under budget? 👀",,70,"11/21/2023 15:15",,https://www.facebook.com/reel/1898569667791430/,0,0,Reels,,,,,11/06/2023,0,,,,,,0,0,0,0,0,0.000,5.639
1050117081512981,100064197037125,"PC Merchandise","Paano kung sabihin ko sayo na kaya mo na mag RTX 3050 build under budget? 👀",,70,"11/21/2023 15:15",,https://www.facebook.com/reel/1898569667791430/,0,0,Reels,,,,,11/07/2023,0,,,,,,0,0,0,0,0,0.000,5.115
1050117081512981,100064197037125,"PC Merchandise","Paano kung sabihin ko sayo na kaya mo na mag RTX 3050 build under budget? 👀",,70,"11/21/2023 15:15",,https://www.facebook.com/reel/1898569667791430/,0,0,Reels,,,,,11/08/2023,0,,,,,,0,0,0,0,0,0.000,3.979
1050117081512981,100064197037125,"PC Merchandise","Paano kung sabihin ko sayo na kaya mo na mag RTX 3050 build under budget? 👀",,70,"11/21/2023 15:15",,https://www.facebook.com/reel/1898569667791430/,0,0,Reels,,,,,11/09/2023,0,,,,,,0,0,0,0,0,0.000,4.196
1050117081512981,100064197037125,"PC Merchandise","Paano kung sabihin ko sayo na kaya mo na mag RTX 3050 build under budget? 👀",,70,"11/21/2023 15:15",,https://www.facebook.com/reel/1898569667791430/,0,0,Reels,,,,,11/10/2023,0,,,,,,0,0,0,0,0,0.000,3.779
1050117081512981,100064197037125,"PC Merchandise","Paano kung sabihin ko sayo na kaya mo na mag RTX 3050 build under budget? 👀",,70,"11/21/2023 15:15",,https://www.facebook.com/reel/1898569667791430/,0,0,Reels,,,,,11/11/2023,0,,,,,,0,0,0,0,0,0.000,4.690
1050117081512981,100064197037125,"PC Merchandise","Paano kung sabihin ko sayo na kaya mo na mag RTX 3050 build under budget? 👀",,70,"11/21/2023 15:15",,https://www.facebook.com/reel/1898569667791430/,0,0,Reels,,,,,11/12/2023,0,,,,,,0,0,0,0,0,0.000,3.833
1050117081512981,100064197037125,"PC Merchandise","Paano kung sabihin ko sayo na kaya mo na mag RTX 3050 build under budget? 👀",,70,"11/21/2023 15:15",,https://www.facebook.com/reel/1898569667791430/,0,0,Reels,,,,,11/13/2023,0,,,,,,0,0,0,0,0,0.000,4.031
1050117081512981,100064197037125,"PC Merchandise","Paano kung sabihin ko sayo na kaya mo na mag RTX 3050 build under budget? 👀",,70,"11/21/2023 15:15",,https://www.facebook.com/reel/1898569667791430/,0,0,Reels,,,,,11/14/2023,0,,,,,,0,0,0,0,0,0.000,2.539
1050117081512981,100064197037125,"PC Merchandise","Paano kung sabihin ko sayo na kaya mo na mag RTX 3050 build under budget? 👀",,70,"11/21/2023 15:15",,https://www.facebook.com/reel/1898569667791430/,0,0,Reels,,,,,11/15/2023,0,,,,,,0,0,0,0,0,0.000,4.931
1050117081512981,100064197037125,"PC Merchandise","Paano kung sabihin ko sayo na kaya mo na mag RTX 3050 build under budget? 👀",,70,"11/21/2023 15:15",,https://www.facebook.com/reel/1898569667791430/,0,0,Reels,,,,,11/16/2023,0,,,,,,0,0,0,0,0,0.000,3.431
1050117081512981,100064197037125,"PC Merchandise","Paano kung sabihin ko sayo na kaya mo na mag RTX 3050 build under budget? 👀",,70,"11/21/2023 15:15",,https://www.facebook.com/reel/1898569667791430/,0,0,Reels,,,,,11/17/2023,0,,,,,,0,0,0,0,0,0.000,4.427
1050117081512981,100064197037125,"PC Merchandise","Paano kung sabihin ko sayo na kaya mo na mag RTX 3050 build under budget? 👀",,70,"11/21/2023 15:15",,https://www.facebook.com/reel/1898569667791430/,0,0,Reels,,,,,11/18/2023,0,,,,,,0,0,0,0,0,0.000,5.326
1050117081512981,100064197037125,"PC Merchandise","Paano kung sabihin ko sayo na kaya mo na mag RTX 3050 build under budget? 👀",,70,"11/21/2023 15:15",,https://www.facebook.com/reel/1898569667791430/,0,0,Reels,,,,,11/19/2023,0,,,,,,0,0,0,0,0,0.000,5.032
1050117081512981,100064197037125,"PC Merchandise","Paano kung sabihin ko sayo na kaya mo na mag RTX 3050 build under budget? 👀",,70,"11/21/2023 15:15",,https://www.facebook.com/reel/1898569667791430/,0,0,Reels,,,,,11/20/2023,0,,,,,,0,0,0,0,0,0.000,4.142
1050117081512981,100064197037125,"PC Merchandise","Paano kung sabihin ko sayo na kaya mo na mag RTX 3050 build under budget? 👀",,70,"11/21/2023 15:15",,https://www.facebook.com/reel/1898569667791430/,0,0,Reels,,,,,11/21/2023,0,,,,,,0,0,0,0,0,208.032,4.262
1050117081512981,100064197037125,"PC Merchandise","Paano kung sabihin ko sayo na kaya mo na mag RTX 3050 build under budget? 👀",,70,"11/21/2023 15:15",,https://www.facebook.com/reel/1898569667791430/,0,0,Reels,,,,,11/22/2023,0,,,,,,0,0,0,0,0,117.297,5.141
1050117081512981,100064197037125,"PC Merchandise","Paano kung sabihin ko sayo na kaya mo na mag RTX 3050 build under budget? 👀",,70,"11/21/2023 15:15",,https://www.facebook.com/reel/1898569667791430/,0,0,Reels,,,,,11/23/2023,0,,,,,,0,0,1,1,0,221.630,5.677
1050117081512981,100064197037125,"PC Merchandise","Paano kung sabihin ko sayo na kaya mo na mag RTX 3050 build under budget? 👀",,70,"11/21/2023 15:15",,https://www.facebook.com/reel/1898569667791430/,0,0,Reels,,,,,11/24/2023,0,,,,,,0,0,0,0,0,82.764,3.934
1050117081512981,100064197037125,"PC Merchandise","Paano kung sabihin ko sayo na kaya mo na mag RTX 3050 build under budget? 👀",,70,"11/21/2023 15:15",,https://www.facebook.com/reel/1898569667791430/,0,0,Reels,,,,,11/25/2023,0,,,,,,0,0,0,0,0,64.843,4.566
1050117081512981,100064197037125,"PC Merchandise","Paano kung sabihin ko sayo na kaya mo na mag RTX 3050 build under budget? 👀",,70,"11/21/2023 15:15",,https://www.facebook.com/reel/1898569667791430/,0,0,Reels,,,,,11/26/2023,0,,,,,,0,0,1,1,0,30.178,5.293
1050117081512981,100064197037125,"PC Merchandise","Paano kung sabihin ko sayo na kaya mo na mag RTX 3050 build under budget? 👀",,70,"11/21/2023 15:15",,https://www.facebook.com/reel/1898569667791430/,0,0,Reels,,,,,11/27/2023,0,,,,,,0,0,0,0,0,38.552,4.207
1050117081512981,100064197037125,"PC Merchandise","Paano kung sabihin ko sayo na kaya mo na mag RTX 3050 build under budget? 👀",,70,"11/21/2023 15:15",,https://www.facebook.com/reel/1898569667791430/,0,0,Reels,,,,,11/28/2023,0,,,,,,0,0,0,0,0,32.709,4.129
1050117081512981,100064197037125,"PC Merchandise","Paano kung sabihin ko sayo na kaya mo na mag RTX 3050 build under budget? 👀",,70,"11/21/2023 15:15",,https://www.facebook.com/reel/1898569667791430/,0,0,Reels,,,,,11/29/2023,0,,,,,,0,0,0,0,0,24.285,5.806
1050117081512981,100064197037125,"PC Merchandise","Paano kung sabihin ko sayo na kaya mo na mag RTX 3050 build under budget? 👀",,70,"11/21/2023 15:15",,https://www.facebook.com/reel/1898569667791430/,0,0,Reels,,,,,11/30/2023,0,,,,,,0,0,0,0,0,30.283,3.924
1050172959703345,100064197037125,"PC Merchandise","READY STOCK: i5 12400F / RX 580 builds. Same-day assembly. PM NOW!",,35,"11/20/2023 19:00",uploaded,https://www.facebook.com/reel/1604306090650635/,0,0,Reels,,,,,11/01/2023,0,,,,,,0,0,0,0,0,0.000,4.883
1050172959703345,100064197037125,"PC Merchandise","READY STOCK: i5 12400F / RX 580 builds. Same-day assembly. PM NOW!",,35,"11/20/2023 19:00",uploaded,https://www.facebook.com/reel/1604306090650635/,0,0,Reels,,,,,11/02/2023,0,,,,,,0,0,0,0,0,0.000,4.459
1050172959703345,100064197037125,"PC Merchandise","READY STOCK: i5 12400F / RX 580 builds. Same-day assembly. PM NOW!",,35,"11/20/2023 19:00",uploaded,https://www.facebook.com/reel/1604306090650635/,0,0,Reels,,,,,11/03/2023,0,,,,,,0,0,0,0,0,0.000,5.521
1050172959703345,100064197037125,"PC Merchandise","READY STOCK: i5 12400F / RX 580 builds. Same-day assembly. PM NOW!",,35,"11/20/2023 19:00",uploaded,https://www.facebook.com/reel/1604306090650635/,0,0,Reels,,,,,11/04/2023,0,,,,,,0,0,0,0,0,0.000,6.033
1050172959703345,100064197037125,"PC Merchandise","READY STOCK: i5 12400F / RX 580 builds. Same-day assembly. PM NOW!",,35,"11/20/2023 19:00",uploaded,https://www.facebook.com/reel/1604306090650635/,0,0,Reels,,,,,11/05/2023,0,,,,,,0,0,0,0,0,0.000,4.142
1050172959703345,100064197037125,"PC Merchandise","READY STOCK: i5 12400F / RX 580 builds. Same-day assembly. PM NOW!",,35,"11/20/2023 19:00",uploaded,https://www.facebook.com/reel/1604306090650635/,0,0,Reels,,,,,11/06/2023,0,,,,,,0,0,0,0,0,0.000,5.078
1050172959703345,100064197037125,"PC Merchandise","READY STOCK: i5 12400F / RX 580 builds. Same-day assembly. PM NOW!",,35,"11/20/2023 19:00",uploaded,https://www.facebook.com/reel/1604306090650635/,0,0,Reels,,,,,11/07/2023,0,,,,,,0,0,0,0,0,0.000,4.789
1050172959703345,100064197037125,"PC Merchandise","READY STOCK: i5 12400F / RX 580 builds. Same-day assembly. PM NOW!",,35,"11/20/2023 19:00",uploaded,https://www.facebook.com/reel/1604306090650635/,0,0,Reels,,,,,11/08/2023,0,,,,,,0,0,0,0,0,0.000,5.434
1050172959703345,100064197037125,"PC Merchandise","READY STOCK: i5 12400F / RX 580 builds. Same-day assembly. PM NOW!",,35,"11/20/2023 19:00",uploaded,https://www.facebook.com/reel/1604306090650635/,0,0,Reels,,,,,11/09/2023,0,,,,,,0,0,0,0,0,0.000,5.179
1050172959703345,100064197037125,"PC Merchandise","READY STOCK: i5 12400F / RX 580 builds. Same-day assembly. PM NOW!",,35,"11/20/2023 19:00",uploaded,https://www.facebook.com/reel/1604306090650635/,0,0,Reels,,,,,11/10/2023,0,,,,,,0,0,0,0,0,0.000,4.874
1050172959703345,100064197037125,"PC Merchandise","READY STOCK: i5 12400F / RX 580 builds. Same-day assembly. PM NOW!",,35,"11/20/2023 19:00",uploaded,https://www.facebook.com/reel/1604306090650635/,0,0,Reels,,,,,11/11/2023,0,,,,,,0,0,0,0,0,0.000,5.149
1050172959703345,100064197037125,"PC Merchandise","READY STOCK: i5 12400F / RX 580 builds. Same-day assembly. PM NOW!",,35,"11/20/2023 19:00",uploaded,https://www.facebook.com/reel/1604306090650635/,0,0,Reels,,,,,11/12/2023,0,,,,,,0,0,0,0,0,0.000,6.629
1050172959703345,100064197037125,"PC Merchandise","READY STOCK: i5 12400F / RX 580 builds. Same-day assembly. PM NOW!",,35,"11/20/2023 19:00",uploaded,https://www.facebook.com/reel/1604306090650635/,0,0,Reels,,,,,11/13/2023,0,,,,,,0,0,0,0,0,0.000,5.918
1050172959703345,100064197037125,"PC Merchandise","READY STOCK: i5 12400F / RX 580 builds. Same-day assembly. PM NOW!",,35,"11/20/2023 19:00",uploaded,https://www.facebook.com/reel/1604306090650635/,0,0,Reels,,,,,11/14/2023,0,,,,,,0,0,0,0,0,0.000,5.024
1050172959703345,100064197037125,"PC Merchandise","READY STOCK: i5 12400F / RX 580 builds. Same-day assembly. PM NOW!",,35,"11/20/2023 19:00",uploaded,https://www.facebook.com/reel/1604306090650635/,0,0,Reels,,,,,11/15/2023,0,,,,,,0,0,0,0,0,0.000,3.837
1050172959703345,100064197037125,"PC Merchandise","READY STOCK: i5 12400F / RX 580 builds. Same-day assembly. PM NOW!",,35,"11/20/2023 19:00",uploaded,https://www.facebook.com/reel/1604306090650635/,0,0,Reels,,,,,11/16/2023,0,,,,,,0,0,0,0,0,0.000,6.245
1050172959703345,100064197037125,"PC Merchandise","READY STOCK: i5 12400F / RX 580 builds. Same-day assembly. PM NOW!",,35,"11/20/2023 19:00",uploaded,https://www.facebook.com/reel/1604306090650635/,0,0,Reels,,,,,11/17/2023,0,,,,,,0,0,0,0,0,0.000,5.489
1050172959703345,100064197037125,"PC Merchandise","READY STOCK: i5 12400F / RX 580 builds. Same-day assembly. PM NOW!",,35,"11/20/2023 19:00",uploaded,https://www.facebook.com/reel/1604306090650635/,0,0,Reels,,,,,11/18/2023,0,,,,,,0,0,0,0,0,0.000,5.256
1050172959703345,100064197037125,"PC Merchandise","READY STOCK: i5 12400F / RX 580 builds. Same-day assembly. PM NOW!",,35,"11/20/2023 19:00",uploaded,https://www.facebook.com/reel/1604306090650635/,0,0,Reels,,,,,11/19/2023,0,,,,,,0,0,0,0,0,0.000,5.025
1050172959703345,100064197037125,"PC Merchandise","READY STOCK: i5 12400F / RX 580 builds. Same-day assembly. PM NOW!",,35,"11/20/2023 19:00",uploaded,https://www.facebook.com/reel/1604306090650635/,0,0,Reels,,,,,11/20/2023,0,,,,,,0,0,0,0,0,75.825,4.349
1050172959703345,100064197037125,"PC Merchandise","READY STOCK: i5 12400F / RX 580 builds. Same-day assembly. PM NOW!",,35,"11/20/2023 19:00",uploaded,https://www.facebook.com/reel/1604306090650635/,0,0,Reels,,,,,11/21/2023,0,,,,,,0,0,0,0,0,53.884,3.719
1050172959703345,100064197037125,"PC Merchandise","READY STOCK: i5 12400F / RX 580 builds. Same-day assembly. PM NOW!",,35,"11/20/2023 19:00",uploaded,https://www.facebook.com/reel/1604306090650635/,0,0,Reels,,,,,11/22/2023,0,,,,,,0,0,0,0,0,33.046,5.055
1050172959703345,100064197037125,"PC Merchandise","READY STOCK: i5 12400F / RX 580 builds. Same-day assembly. PM NOW!",,35,"11/20/2023 19:00",uploaded,https://www.facebook.com/reel/1604306090650635/,0,0,Reels,,,,,11/23/2023,0,,,,,,0,0,0,0,0,61.182,6.056
1050172959703345,100064197037125,"PC Merchandise","READY STOCK: i5 12400F / RX 580 builds. Same-day assembly. PM NOW!",,35,"11/20/2023 19:00",uploaded,https://www.facebook.com/reel/1604306090650635/,0,0,Reels,,,,,11/24/2023,0,,,,,,0,0,0,0,0,24.141,5.913
1050172959703345,100064197037125,"PC Merchandise","READY STOCK: i5 12400F / RX 580 builds. Same-day assembly. PM NOW!",,35,"11/20/2023 19:00",uploaded,https://www.facebook.com/reel/1604306090650635/,0,0,Reels,,,,,11/25/2023,0,,,,,,0,0,0,0,0,39.436,4.427
1050172959703345,100064197037125,"PC Merchandise","READY STOCK: i5 12400F / RX 580 builds. Same-day assembly. PM NOW!",,35,"11/20/2023 19:00",uploaded,https://www.facebook.com/reel/1604306090650635/,0,0,Reels,,,,,11/26/2023,0,,,,,,0,0,0,0,0,22.646,5.340
1050172959703345,100064197037125,"PC Merchandise","READY STOCK: i5 12400F / RX 580 builds. Same-day assembly. PM NOW!",,35,"11/20/2023 19:00",uploaded,https://www.facebook.com/reel/1604306090650635/,0,0,Reels,,,,,11/27/2023,0,,,,,,0,0,0,0,0,7.093,6.001
1050172959703345,100064197037125,"PC Merchandise","READY STOCK: i5 12400F / RX 580 builds. Same-day assembly. PM NOW!",,35,"11/20/2023 19:00",uploaded,https://www.facebook.com/reel/1604306090650635/,0,0,Reels,,,,,11/28/2023,0,,,,,,0,0,0,0,0,17.554,6.657
1050172959703345,100064197037125,"PC Merchandise","READY STOCK: i5 12400F / RX 580 builds. Same-day assembly. PM NOW!",,35,"11/20/2023 19:00",uploaded,https://www.facebook.com/reel/1604306090650635/,0,0,Reels,,,,,11/29/2023,0,,,,,,0,0,0,0,0,7.719,4.373
1050172959703345,100064197037125,"PC Merchandise","READY STOCK: i5 12400F / RX 580 builds. Same-day assembly. PM NOW!",,35,"11/20/2023 19:00",uploaded,https://www.facebook.com/reel/1604306090650635/,0,0,Reels,,,,,11/30/2023,0,,,,,,0,0,0,0,0,9.047,6.369
1050036132108138,100064197037125,"PC Merchandise","Do you want an aesthetic build that matches your gaming needs? i5 12400F builds available now!",,28,"11/19/2023 23:01",,https://www.facebook.com/reel/1771108102809619/,0,0,Reels,,,,,11/01/2023,0,,,,,,0,0,0,0,0,0.000,4.079
1050036132108138,100064197037125,"PC Merchandise","Do you want an aesthetic build that matches your gaming needs? i5 12400F builds available now!",,28,"11/19/2023 23:01",,https://www.facebook.com/reel/1771108102809619/,0,0,Reels,,,,,11/02/2023,0,,,,,,0,0,0,0,0,0.000,4.654
1050036132108138,100064197037125,"PC Merchandise","Do you want an aesthetic build that matches your gaming needs? i5 12400F builds available now!",,28,"11/19/2023 23:01",,https://www.facebook.com/reel/1771108102809619/,0,0,Reels,,,,,11/03/2023,0,,,,,,0,0,0,0,0,0.000,5.309
1050036132108138,100064197037125,"PC Merchandise","Do you want an aesthetic build that matches your gaming needs? i5 12400F builds available now!",,28,"11/19/2023 23:01",,https://www.facebook.com/reel/1771108102809619/,0,0,Reels,,,,,11/04/2023,0,,,,,,0,0,0,0,0,0.000,5.062
1050036132108138,100064197037125,"PC Merchandise","Do you want an aesthetic build that matches your gaming needs? i5 12400F builds available now!",,28,"11/19/2023 23:01",,https://www.facebook.com/reel/1771108102809619/,0,0,Reels,,,,,11/05/2023,0,,,,,,0,0,0,0,0,0.000,5.537
1050036132108138,100064197037125,"PC Merchandise","Do you want an aesthetic build that matches your gaming needs? i5 12400F builds available now!",,28,"11/19/2023 23:01",,https://www.facebook.com/reel/1771108102809619/,0,0,Reels,,,,,11/06/2023,0,,,,,,0,0,0,0,0,0.000,5.008
1050036132108138,100064197037125,"PC Merchandise","Do you want an aesthetic build that matches your gaming needs? i5 12400F builds available now!",,28,"11/19/2023 23:01",,https://www.facebook.com/reel/1771108102809619/,0,0,Reels,,,,,11/07/2023,0,,,,,,0,0,0,0,0,0.000,4.637
1050036132108138,100064197037125,"PC Merchandise","Do you want an aesthetic build that matches your gaming needs? i5 12400F builds available now!",,28,"11/19/2023 23:01",,https://www.facebook.com/reel/1771108102809619/,0,0,Reels,,,,,11/08/2023,0,,,,,,0,0,0,0,0,0.000,4.696
1050036132108138,100064197037125,"PC Merchandise","Do you want an aesthetic build that matches your gaming needs? i5 12400F builds available now!",,28,"11/19/2023 23:01",,https://www.facebook.com/reel/1771108102809619/,0,0,Reels,,,,,11/09/2023,0,,,,,,0,0,0,0,0,0.000,4.452
1050036132108138,100064197037125,"PC Merchandise","Do you want an aesthetic build that matches your gaming needs? i5 12400F builds available now!",,28,"11/19/2023 23:01",,https://www.facebook.com/reel/1771108102809619/,0,0,Reels,,,,,11/10/2023,0,,,,,,0,0,0,0,0,0.000,4.336
1050036132108138,100064197037125,"PC Merchandise","Do you want an aesthetic build that matches your gaming needs? i5 12400F builds available now!",,28,"11/19/2023 23:01",,https://www.facebook.com/reel/1771108102809619/,0,0,Reels,,,,,11/11/2023,0,,,,,,0,0,0,0,0,0.000,4.921
1050036132108138,100064197037125,"PC Merchandise","Do you want an aesthetic build that matches your gaming needs? i5 12400F builds available now!",,28,"11/19/2023 23:01",,https://www.facebook.com/reel/1771108102809619/,0,0,Reels,,,,,11/12/2023,0,,,,,,0,0,0,0,0,0.000,4.197
1050036132108138,100064197037125,"PC Merchandise","Do you want an aesthetic build that matches your gaming needs? i5 12400F builds available now!",,28,"11/19/2023 23:01",,https://www.facebook.com/reel/1771108102809619/,0,0,Reels,,,,,11/13/2023,0,,,,,,0,0,0,0,0,0.000,4.823
1050036132108138,100064197037125,"PC Merchandise","Do you want an aesthetic build that matches your gaming needs? i5 12400F builds available now!",,28,"11/19/2023 23:01",,https://www.facebook.com/reel/1771108102809619/,0,0,Reels,,,,,11/14/2023,0,,,,,,0,0,0,0,0,0.000,4.058
1050036132108138,100064197037125,"PC Merchandise","Do you want an aesthetic build that matches your gaming needs? i5 12400F builds available now!",,28,"11/19/2023 23:01",,https://www.facebook.com/reel/1771108102809619/,0,0,Reels,,,,,11/15/2023,0,,,,,,0,0,0,0,0,0.000,5.464
1050036132108138,100064197037125,"PC Merchandise","Do you want an aesthetic build that matches your gaming needs? i5 12400F builds available now!",,28,"11/19/2023 23:01",,https://www.facebook.com/reel/1771108102809619/,0,0,Reels,,,,,11/16/2023,0,,,,,,0,0,0,0,0,0.000,4.533
1050036132108138,100064197037125,"PC Merchandise","Do you want an aesthetic build that matches your gaming needs? i5 12400F builds available now!",,28,"11/19/2023 23:01",,https://www.facebook.com/reel/1771108102809619/,0,0,Reels,,,,,11/17/2023,0,,,,,,0,0,0,0,0,0.000,5.907
1050036132108138,100064197037125,"PC Merchandise","Do you want an aesthetic build that matches your gaming needs? i5 12400F builds available now!",,28,"11/19/2023 23:01",,https://www.facebook.com/reel/1771108102809619/,0,0,Reels,,,,,11/18/2023,0,,,,,,0,0,0,0,0,0.000,3.599
1050036132108138,100064197037125,"PC Merchandise","Do you want an aesthetic build that matches your gaming needs? i5 12400F builds available now!",,28,"11/19/2023 23:01",,https://www.facebook.com/reel/1771108102809619/,0,0,Reels,,,,,11/19/2023,0,,,,,,144,0,0,0,0,280.272,4.526
1050036132108138,100064197037125,"PC Merchandise","Do you want an aesthetic build that matches your gaming needs? i5 12400F builds available now!",,28,"11/19/2023 23:01",,https://www.facebook.com/reel/1771108102809619/,0,0,Reels,,,,,11/20/2023,0,,,,,,155,0,0,0,0,245.359,4.548
1050036132108138,100064197037125,"PC Merchandise","Do you want an aesthetic build that matches your gaming needs? i5 12400F builds available now!",,28,"11/19/2023 23:01",,https://www.facebook.com/reel/1771108102809619/,0,0,Reels,,,,,11/21/2023,0,,,,,,161,0,0,0,0,298.667,5.117
1050036132108138,100064197037125,"PC Merchandise","Do you want an aesthetic build that matches your gaming needs? i5 12400F builds available now!",,28,"11/19/2023 23:01",,https://www.facebook.com/reel/1771108102809619/,0,0,Reels,,,,,11/22/2023,0,,,,,,164,0,0,0,0,164.614,4.997
1050036132108138,100064197037125,"PC Merchandise","Do you want an aesthetic build that matches your gaming needs? i5 12400F builds available now!",,28,"11/19/2023 23:01",,https://www.facebook.com/reel/1771108102809619/,0,0,Reels,,,,,11/23/2023,0,,,,,,159,0,0,0,0,99.663,5.358
1050036132108138,100064197037125,"PC Merchandise","Do you want an aesthetic build that matches your gaming needs? i5 12400F builds available now!",,28,"11/19/2023 23:01",,https://www.facebook.com/reel/1771108102809619/,0,0,Reels,,,,,11/24/2023,0,,,,,,209,0,0,0,0,129.212,3.606
1050036132108138,100064197037125,"PC Merchandise","Do you want an aesthetic build that matches your gaming needs? i5 12400F builds available now!",,28,"11/19/2023 23:01",,https://www.facebook.com/reel/1771108102809619/,0,0,Reels,,,,,11/25/2023,0,,,,,,152,0,0,0,0,206.398,5.859
1050036132108138,100064197037125,"PC Merchandise","Do you want an aesthetic build that matches your gaming needs? i5 12400F builds available now!",,28,"11/19/2023 23:01",,https://www.facebook.com/reel/1771108102809619/,0,0,Reels,,,,,11/26/2023,0,,,,,,0,0,0,0,0,80.960,5.058
1050036132108138,100064197037125,"PC Merchandise","Do you want an aesthetic build that matches your gaming needs? i5 12400F builds available now!",,28,"11/19/2023 23:01",,https://www.facebook.com/reel/1771108102809619/,0,0,Reels,,,,,11/27/2023,0,,,,,,0,0,0,0,0,55.816,4.519
1050036132108138,100064197037125,"PC Merchandise","Do you want an aesthetic build that matches your gaming needs? i5 12400F builds available now!",,28,"11/19/2023 23:01",,https://www.facebook.com/reel/1771108102809619/,0,0,Reels,,,,,11/28/2023,0,,,,,,0,0,0,0,0,79.748,4.581
1050036132108138,100064197037125,"PC Merchandise","Do you want an aesthetic build that matches your gaming needs? i5 12400F builds available now!",,28,"11/19/2023 23:01",,https://www.facebook.com/reel/1771108102809619/,0,0,Reels,,,,,11/29/2023,0,,,,,,0,0,0,0,0,34.805,5.567
1050036132108138,100064197037125,"PC Merchandise","Do you want an aesthetic build that matches your gaming needs? i5 12400F builds available now!",,28,"11/19/2023 23:01",,https://www.facebook.com/reel/1771108102809619/,0,0,Reels,,,,,11/30/2023,0,,,,,,0,0,0,0,0,29.635,5.568
1050121950347309,100064197037125,"PC Merchandise","READY STOCK: i3 12100F / RX 6600 builds. Same-day assembly. PM NOW!",,71,"11/19/2023 22:36",,https://www.facebook.com/reel/1074868687602546/,0,1,Reels,,,,,11/01/2023,0,,,,,,0,0,0,0,0,0.000,5.833
1050121950347309,100064197037125,"PC Merchandise","READY STOCK: i3 12100F / RX 6600 builds. Same-day assembly. PM NOW!",,71,"11/19/2023 22:36",,https://www.facebook.com/reel/1074868687602546/,0,1,Reels,,,,,11/02/2023,0,,,,,,0,0,0,0,0,0.000,5.855
1050121950347309,100064197037125,"PC Merchandise","READY STOCK: i3 12100F / RX 6600 builds. Same-day assembly. PM NOW!",,71,"11/19/2023 22:36",,https://www.facebook.com/reel/1074868687602546/,0,1,Reels,,,,,11/03/2023,0,,,,,,0,0,0,0,0,0.000,6.043
1050121950347309,100064197037125,"PC Merchandise","READY STOCK: i3 12100F / RX 6600 builds. Same-day assembly. PM NOW!",,71,"11/19/2023 22:36",,https://www.facebook.com/reel/1074868687602546/,0,1,Reels,,,,,11/04/2023,0,,,,,,0,0,0,0,0,0.000,5.831
1050121950347309,100064197037125,"PC Merchandise","READY STOCK: i3 12100F / RX 6600 builds. Same-day assembly. PM NOW!",,71,"11/19/2023 22:36",,https://www.facebook.com/reel/1074868687602546/,0,1,Reels,,,,,11/05/2023,0,,,,,,0,0,0,0,0,0.000,5.914
1050121950347309,100064197037125,"PC Merchandise","READY STOCK: i3 12100F / RX 6600 builds. Same-day assembly. PM NOW!",,71,"11/19/2023 22:36",,https://www.facebook.com/reel/1074868687602546/,0,1,Reels,,,,,11/06/2023,0,,,,,,0,0,0,0,0,0.000,4.074
1050121950347309,100064197037125,"PC Merchandise","READY STOCK: i3 12100F / RX 6600 builds. Same-day assembly. PM NOW!",,71,"11/19/2023 22:36",,https://www.facebook.com/reel/1074868687602546/,0,1,Reels,,,,,11/07/2023,0,,,,,,0,0,0,0,0,0.000,4.842
1050121950347309,100064197037125,"PC Merchandise","READY STOCK: i3 12100F / RX 6600 builds. Same-day assembly. PM NOW!",,71,"11/19/2023 22:36",,https://www.facebook.com/reel/1074868687602546/,0,1,Reels,,,,,11/08/2023,0,,,,,,0,0,0,0,0,0.000,6.041
1050121950347309,100064197037125,"PC Merchandise","READY STOCK: i3 12100F / RX 6600 builds. Same-day assembly. PM NOW!",,71,"11/19/2023 22:36",,https://www.facebook.com/reel/1074868687602546/,0,1,Reels,,,,,11/09/2023,0,,,,,,0,0,0,0,0,0.000,5.931
1050121950347309,100064197037125,"PC Merchandise","READY STOCK: i3 12100F / RX 6600 builds. Same-day assembly. PM NOW!",,71,"11/19/2023 22:36",,https://www.facebook.com/reel/1074868687602546/,0,1,Reels,,,,,11/10/2023,0,,,,,,0,0,0,0,0,0.000,5.435
1050121950347309,100064197037125,"PC Merchandise","READY STOCK: i3 12100F / RX 6600 builds. Same-day assembly. PM NOW!",,71,"11/19/2023 22:36",,https://www.facebook.com/reel/1074868687602546/,0,1,Reels,,,,,11/11/2023,0,,,,,,0,0,0,0,0,0.000,4.934
1050121950347309,100064197037125,"PC Merchandise","READY STOCK: i3 12100F / RX 6600 builds. Same-day assembly. PM NOW!",,71,"11/19/2023 22:36",,https://www.facebook.com/reel/1074868687602546/,0,1,Reels,,,,,11/12/2023,0,,,,,,0,0,0,0,0,0.000,6.234
1050121950347309,100064197037125,"PC Merchandise","READY STOCK: i3 12100F / RX 6600 builds. Same-day assembly. PM NOW!",,71,"11/19/2023 22:36",,https://www.facebook.com/reel/1074868687602546/,0,1,Reels,,,,,11/13/2023,0,,,,,,0,0,0,0,0,0.000,5.919
1050121950347309,100064197037125,"PC Merchandise","READY STOCK: i3 12100F / RX 6600 builds. Same-day assembly. PM NOW!",,71,"11/19/2023 22:36",,https://www.facebook.com/reel/1074868687602546/,0,1,Reels,,,,,11/14/2023,0,,,,,,0,0,0,0,0,0.000,5.930
1050121950347309,100064197037125,"PC Merchandise","READY STOCK: i3 12100F / RX 6600 builds. Same-day assembly. PM NOW!",,71,"11/19/2023 22:36",,https://www.facebook.com/reel/1074868687602546/,0,1,Reels,,,,,11/15/2023,0,,,,,,0,0,0,0,0,0.000,5.525
1050121950347309,100064197037125,"PC Merchandise","READY STOCK: i3 12100F / RX 6600 builds. Same-day assembly. PM NOW!",,71,"11/19/2023 22:36",,https://www.facebook.com/reel/1074868687602546/,0,1,Reels,,,,,11/16/2023,0,,,,,,0,0,0,0,0,0.000,5.918
1050121950347309,100064197037125,"PC Merchandise","READY STOCK: i3 12100F / RX 6600 builds. Same-day assembly. PM NOW!",,71,"11/19/2023 22:36",,https://www.facebook.com/reel/1074868687602546/,0,1,Reels,,,,,11/17/2023,0,,,,,,0,0,0,0,0,0.000,4.884
1050121950347309,100064197037125,"PC Merchandise","READY STOCK: i3 12100F / RX 6600 builds. Same-day assembly. PM NOW!",,71,"11/19/2023 22:36",,https://www.facebook.com/reel/1074868687602546/,0,1,Reels,,,,,11/18/2023,0,,,,,,0,0,0,0,0,0.000,4.912
1050121950347309,100064197037125,"PC Merchandise","READY STOCK: i3 12100F / RX 6600 builds. Same-day assembly. PM NOW!",,71,"11/19/2023 22:36",,https://www.facebook.com/reel/1074868687602546/,0,1,Reels,,,,,11/19/2023,0,,,,,,46,0,2,2,0,119.481,5.222
1050121950347309,100064197037125,"PC Merchandise","READY STOCK: i3 12100F / RX 6600 builds. Same-day assembly. PM NOW!",,71,"11/19/2023 22:36",,https://www.facebook.com/reel/1074868687602546/,0,1,Reels,,,,,11/20/2023,0,,,,,,53,0,0,0,0,144.061,7.327
1050121950347309,100064197037125,"PC Merchandise","READY STOCK: i3 12100F / RX 6600 builds. Same-day assembly. PM NOW!",,71,"11/19/2023 22:36",,https://www.facebook.com/reel/1074868687602546/,0,1,Reels,,,,,11/21/2023,0,,,,,,53,0,0,0,0,76.625,3.747
1050121950347309,100064197037125,"PC Merchandise","READY STOCK: i3 12100F / RX 6600 builds. Same-day assembly. PM NOW!",,71,"11/19/2023 22:36",,https://www.facebook.com/reel/1074868687602546/,0,1,Reels,,,,,11/22/2023,0,,,,,,44,0,1,1,0,65.184,4.406
1050121950347309,100064197037125,"PC Merchandise","READY STOCK: i3 12100F / RX 6600 builds. Same-day assembly. PM NOW!",,71,"11/19/2023 22:36",,https://www.facebook.com/reel/1074868687602546/,0,1,Reels,,,,,11/23/2023,0,,,,,,58,0,1,0,1,58.812,5.181
1050121950347309,100064197037125,"PC Merchandise","READY STOCK: i3 12100F / RX 6600 builds. Same-day assembly. PM NOW!",,71,"11/19/2023 22:36",,https://www.facebook.com/reel/1074868687602546/,0,1,Reels,,,,,11/24/2023,0,,,,,,57,0,0,0,0,30.853,6.380
1050121950347309,100064197037125,"PC Merchandise","READY STOCK: i3 12100F / RX 6600 builds. Same-day assembly. PM NOW!",,71,"11/19/2023 22:36",,https://www.facebook.com/reel/1074868687602546/,0,1,Reels,,,,,11/25/2023,0,,,,,,53,0,0,0,0,44.194,7.029
1050121950347309,100064197037125,"PC Merchandise","READY STOCK: i3 12100F / RX 6600 builds. Same-day assembly. PM NOW!",,71,"11/19/2023 22:36",,https://www.facebook.com/reel/1074868687602546/,0,1,Reels,,,,,11/26/2023,0,,,,,,39,0,0,0,0,15.341,7.395
1050121950347309,100064197037125,"PC Merchandise","READY STOCK: i3 12100F / RX 6600 builds. Same-day assembly. PM NOW!",,71,"11/19/2023 22:36",,https://www.facebook.com/reel/1074868687602546/,0,1,Reels,,,,,11/27/2023,0,,,,,,51,0,1,1,0,26.959,6.043
1050121950347309,100064197037125,"PC Merchandise","READY STOCK: i3 12100F / RX 6600 builds. Same-day assembly. PM NOW!",,71,"11/19/2023 22:36",,https://www.facebook.com/reel/1074868687602546/,0,1,Reels,,,,,11/28/2023,0,,,,,,55,0,0,0,0,11.021,5.063
1050121950347309,100064197037125,"PC Merchandise","READY STOCK: i3 12100F / RX 6600 builds. Same-day assembly. PM NOW!",,71,"11/19/2023 22:36",,https://www.facebook.com/reel/1074868687602546/,0,1,Reels,,,,,11/29/2023,0,,,,,,53,0,1,1,0,18.784,5.638
1050121950347309,100064197037125,"PC Merchandise","READY STOCK: i3 12100F / RX 6600 builds. Same-day assembly. PM NOW!",,71,"11/19/2023 22:36",,https://www.facebook.com/reel/1074868687602546/,0,1,Reels,,,,,11/30/2023,0,,,,,,53,0,1,0,1,18.464,5.794
1049339392228703,100064197037125,"PC Merchandise","𝐢𝟓 𝟏𝟐𝟒𝟎𝟎𝐅 w/ 𝐑𝐓𝐗 𝟑𝟎𝟓𝟎
𝐆𝐀𝐌𝐈𝐍𝐆 𝐁𝐔𝐈𝐋𝐃
#PCMERCHANDISE #PCMBUILDS",,83,"11/19/2023 19:49",mixed,https://www.facebook.com/reel/1852636863549797/,1,0,Reels,,,,,11/01/2023,0,,,,,,0,0,0,0,0,0.000,6.161
1049339392228703,100064197037125,"PC Merchandise","𝐢𝟓 𝟏𝟐𝟒𝟎𝟎𝐅 w/ 𝐑𝐓𝐗 𝟑𝟎𝟓𝟎
𝐆𝐀𝐌𝐈𝐍𝐆 𝐁𝐔𝐈𝐋𝐃
#PCMERCHANDISE #PCMBUILDS",,83,"11/19/2023 19:49",mixed,https://www.facebook.com/reel/1852636863549797/,1,0,Reels,,,,,11/02/2023,0,,,,,,0,0,0,0,0,0.000,4.404
1049339392228703,100064197037125,"PC Merchandise","𝐢𝟓 𝟏𝟐𝟒𝟎𝟎𝐅 w/ 𝐑𝐓𝐗 𝟑𝟎𝟓𝟎
𝐆𝐀𝐌𝐈𝐍𝐆 𝐁𝐔𝐈𝐋𝐃
#PCMERCHANDISE #PCMBUILDS",,83,"11/19/2023 19:49",mixed,https://www.facebook.com/reel/1852636863549797/,1,0,Reels,,,,,11/03/2023,0,,,,,,0,0,0,0,0,0.000,4.770
1049339392228703,100064197037125,"PC Merchandise","𝐢𝟓 𝟏𝟐𝟒𝟎𝟎𝐅 w/ 𝐑𝐓𝐗 𝟑𝟎𝟓𝟎
𝐆𝐀𝐌𝐈𝐍𝐆 𝐁𝐔𝐈𝐋𝐃
#PCMERCHANDISE #PCMBUILDS",,83,"11/19/2023 19:49",mixed,https://www.facebook.com/reel/1852636863549797/,1,0,Reels,,,,,11/04/2023,0,,,,,,0,0,0,0,0,0.000,4.646
1049339392228703,100064197037125,"PC Merchandise","𝐢𝟓 𝟏𝟐𝟒𝟎𝟎𝐅 w/ 𝐑𝐓𝐗 𝟑𝟎𝟓𝟎
𝐆𝐀𝐌𝐈𝐍𝐆 𝐁𝐔𝐈𝐋𝐃
#PCMERCHANDISE #PCMBUILDS",,83,"11/19/2023 19:49",mixed,https://www.facebook.com/reel/1852636863549797/,1,0,Reels,,,,,11/05/2023,0,,,,,,0,0,0,0,0,0.000,4.144
1049339392228703,100064197037125,"PC Merchandise","𝐢𝟓 𝟏𝟐𝟒𝟎𝟎𝐅 w/ 𝐑𝐓𝐗 𝟑𝟎𝟓𝟎
𝐆𝐀𝐌𝐈𝐍𝐆 𝐁𝐔𝐈𝐋𝐃
#PCMERCHANDISE #PCMBUILDS",,83,"11/19/2023 19:49",mixed,https://www.facebook.com/reel/1852636863549797/,1,0,Reels,,,,,11/06/2023,0,,,,,,0,0,0,0,0,0.000,4.569
1049339392228703,100064197037125,"PC Merchandise","𝐢𝟓 𝟏𝟐𝟒𝟎𝟎𝐅 w/ 𝐑𝐓𝐗 𝟑𝟎𝟓𝟎
𝐆𝐀𝐌𝐈𝐍𝐆 𝐁𝐔𝐈𝐋𝐃
#PCMERCHANDISE #PCMBUILDS",,83,"11/19/2023 19:49",mixed,https://www.facebook.com/reel/1852636863549797/,1,0,Reels,,,,,11/07/2023,0,,,,,,0,0,0,0,0,0.000,3.925
1049339392228703,100064197037125,"PC Merchandise","𝐢𝟓 𝟏𝟐𝟒𝟎𝟎𝐅 w/ 𝐑𝐓𝐗 𝟑𝟎𝟓𝟎
𝐆𝐀𝐌𝐈𝐍𝐆 𝐁𝐔𝐈𝐋𝐃
#PCMERCHANDISE #PCMBUILDS",,83,"11/19/2023 19:49",mixed,https://www.facebook.com/reel/1852636863549797/,1,0,Reels,,,,,11/08/2023,0,,,,,,0,0,0,0,0,0.000,4.878
1049339392228703,100064197037125,"PC Merchandise","𝐢𝟓 𝟏𝟐𝟒𝟎𝟎𝐅 w/ 𝐑𝐓𝐗 𝟑𝟎𝟓𝟎
𝐆𝐀𝐌𝐈𝐍𝐆 𝐁𝐔𝐈𝐋𝐃
#PCMERCHANDISE #PCMBUILDS",,83,"11/19/2023 19:49",mixed,https://www.facebook.com/reel/1852636863549797/,1,0,Reels,,,,,11/09/2023,0,,,,,,0,0,0,0,0,0.000,4.214
1049339392228703,100064197037125,"PC Merchandise","𝐢𝟓 𝟏𝟐𝟒𝟎𝟎𝐅 w/ 𝐑𝐓𝐗 𝟑𝟎𝟓𝟎
𝐆𝐀𝐌𝐈𝐍𝐆 𝐁𝐔𝐈𝐋𝐃
#PCMERCHANDISE #PCMBUILDS",,83,"11/19/2023 19:49",mixed,https://www.facebook.com/reel/1852636863549797/,1,0,Reels,,,,,11/10/2023,0,,,,,,0,0,0,0,0,0.000,4.002
1049339392228703,100064197037125,"PC Merchandise","𝐢𝟓 𝟏𝟐𝟒𝟎𝟎𝐅 w/ 𝐑𝐓𝐗 𝟑𝟎𝟓𝟎
𝐆𝐀𝐌𝐈𝐍𝐆 𝐁𝐔𝐈𝐋𝐃
#PCMERCHANDISE #PCMBUILDS",,83,"11/19/2023 19:49",mixed,https://www.facebook.com/reel/1852636863549797/,1,0,Reels,,,,,11/11/2023,0,,,,,,0,0,0,0,0,0.000,4.268
1049339392228703,100064197037125,"PC Merchandise","𝐢𝟓 𝟏𝟐𝟒𝟎𝟎𝐅 w/ 𝐑𝐓𝐗 𝟑𝟎𝟓𝟎
𝐆𝐀𝐌𝐈𝐍𝐆 𝐁𝐔𝐈𝐋𝐃
#PCMERCHANDISE #PCMBUILDS",,83,"11/19/2023 19:49",mixed,https://www.facebook.com/reel/1852636863549797/,1,0,Reels,,,,,11/12/2023,0,,,,,,0,0,0,0,0,0.000,4.324
1049339392228703,100064197037125,"PC Merchandise","𝐢𝟓 𝟏𝟐𝟒𝟎𝟎𝐅 w/ 𝐑𝐓𝐗 𝟑𝟎𝟓𝟎
𝐆𝐀𝐌𝐈𝐍𝐆 𝐁𝐔𝐈𝐋𝐃
#PCMERCHANDISE #PCMBUILDS",,83,"11/19/2023 19:49",mixed,https://www.facebook.com/reel/1852636863549797/,1,0,Reels,,,,,11/13/2023,0,,,,,,0,0,0,0,0,0.000,3.269
1049339392228703,100064197037125,"PC Merchandise","𝐢𝟓 𝟏𝟐𝟒𝟎𝟎𝐅 w/ 𝐑𝐓𝐗 𝟑𝟎𝟓𝟎
𝐆𝐀𝐌𝐈𝐍𝐆 𝐁𝐔𝐈𝐋𝐃
#PCMERCHANDISE #PCMBUILDS",,83,"11/19/2023 19:49",mixed,https://www.facebook.com/reel/1852636863549797/,1,0,Reels,,,,,11/14/2023,0,,,,,,0,0,0,0,0,0.000,4.779
1049339392228703,100064197037125,"PC Merchandise","𝐢𝟓 𝟏𝟐𝟒𝟎𝟎𝐅 w/ 𝐑𝐓𝐗 𝟑𝟎𝟓𝟎
𝐆𝐀𝐌𝐈𝐍𝐆 𝐁𝐔𝐈𝐋𝐃
#PCMERCHANDISE #PCMBUILDS",,83,"11/19/2023 19:49",mixed,https://www.facebook.com/reel/1852636863549797/,1,0,Reels,,,,,11/15/2023,0,,,,,,0,0,0,0,0,0.000,6.060
1049339392228703,100064197037125,"PC Merchandise","𝐢𝟓 𝟏𝟐𝟒𝟎𝟎𝐅 w/ 𝐑𝐓𝐗 𝟑𝟎𝟓𝟎
𝐆𝐀𝐌𝐈𝐍𝐆 𝐁𝐔𝐈𝐋𝐃
#PCMERCHANDISE #PCMBUILDS",,83,"11/19/2023 19:49",mixed,https://www.facebook.com/reel/1852636863549797/,1,0,Reels,,,,,11/16/2023,0,,,,,,0,0,0,0,0,0.000,5.223
1049339392228703,100064197037125,"PC Merchandise","𝐢𝟓 𝟏𝟐𝟒𝟎𝟎𝐅 w/ 𝐑𝐓𝐗 𝟑𝟎𝟓𝟎
𝐆𝐀𝐌𝐈𝐍𝐆 𝐁𝐔𝐈𝐋𝐃
#PCMERCHANDISE #PCMBUILDS",,83,"11/19/2023 19:49",mixed,https://www.facebook.com/reel/1852636863549797/,1,0,Reels,,,,,11/17/2023,0,,,,,,0,0,0,0,0,0.000,3.636
1049339392228703,100064197037125,"PC Merchandise","𝐢𝟓 𝟏𝟐𝟒𝟎𝟎𝐅 w/ 𝐑𝐓𝐗 𝟑𝟎𝟓𝟎
𝐆𝐀𝐌𝐈𝐍𝐆 𝐁𝐔𝐈𝐋𝐃
#PCMERCHANDISE #PCMBUILDS",,83,"11/19/2023 19:49",mixed,https://www.facebook.com/reel/1852636863549797/,1,0,Reels,,,,,11/18/2023,0,,,,,,0,0,0,0,0,0.000,5.181
1049339392228703,100064197037125,"PC Merchandise","𝐢𝟓 𝟏𝟐𝟒𝟎𝟎𝐅 w/ 𝐑𝐓𝐗 𝟑𝟎𝟓𝟎
𝐆𝐀𝐌𝐈𝐍𝐆 𝐁𝐔𝐈𝐋𝐃
#PCMERCHANDISE #PCMBUILDS",,83,"11/19/2023 19:49",mixed,https://www.facebook.com/reel/1852636863549797/,1,0,Reels,,,,,11/19/2023,0,,,,,,0,0,0,0,0,259.891,3.358
1049339392228703,100064197037125,"PC Merchandise","𝐢𝟓 𝟏𝟐𝟒𝟎𝟎𝐅 w/ 𝐑𝐓𝐗 𝟑𝟎𝟓𝟎
𝐆𝐀𝐌𝐈𝐍𝐆 𝐁𝐔𝐈𝐋𝐃
#PCMERCHANDISE #PCMBUILDS",,83,"11/19/2023 19:49",mixed,https://www.facebook.com/reel/1852636863549797/,1,0,Reels,,,,,11/20/2023,0,,,,,,0,0,1,1,0,289.706,5.429
1049339392228703,100064197037125,"PC Merchandise","𝐢𝟓 𝟏𝟐𝟒𝟎𝟎𝐅 w/ 𝐑𝐓𝐗 𝟑𝟎𝟓𝟎
𝐆𝐀𝐌𝐈𝐍𝐆 𝐁𝐔𝐈𝐋𝐃
#PCMERCHANDISE #PCMBUILDS",,83,"11/19/2023 19:49",mixed,https://www.facebook.com/reel/1852636863549797/,1,0,Reels,,,,,11/21/2023,0,,,,,,0,0,1,1,0,155.503,4.658
1049339392228703,100064197037125,"PC Merchandise","𝐢𝟓 𝟏𝟐𝟒𝟎𝟎𝐅 w/ 𝐑𝐓𝐗 𝟑𝟎𝟓𝟎
𝐆𝐀𝐌𝐈𝐍𝐆 𝐁𝐔𝐈𝐋𝐃
#PCMERCHANDISE #PCMBUILDS",,83,"11/19/2023 19:49",mixed,https://www.facebook.com/reel/1852636863549797/,1,0,Reels,,,,,11/22/2023,0,,,,,,0,0,1,1,0,103.677,4.271
1049339392228703,100064197037125,"PC Merchandise","𝐢𝟓 𝟏𝟐𝟒𝟎𝟎𝐅 w/ 𝐑𝐓𝐗 𝟑𝟎𝟓𝟎
𝐆𝐀𝐌𝐈𝐍𝐆 𝐁𝐔𝐈𝐋𝐃
#PCMERCHANDISE #PCMBUILDS",,83,"11/19/2023 19:49",mixed,https://www.facebook.com/reel/1852636863549797/,1,0,Reels,,,,,11/23/2023,0,,,,,,0,0,0,0,0,156.482,4.858
1049339392228703,100064197037125,"PC Merchandise","𝐢𝟓 𝟏𝟐𝟒𝟎𝟎𝐅 w/ 𝐑𝐓𝐗 𝟑𝟎𝟓𝟎
𝐆𝐀𝐌𝐈𝐍𝐆 𝐁𝐔𝐈𝐋𝐃
#PCMERCHANDISE #PCMBUILDS",,83,"11/19/2023 19:49",mixed,https://www.facebook.com/reel/1852636863549797/,1,0,Reels,,,,,11/24/2023,0,,,,,,0,0,1,0,1,52.782,6.056
1049339392228703,100064197037125,"PC Merchandise","𝐢𝟓 𝟏𝟐𝟒𝟎𝟎𝐅 w/ 𝐑𝐓𝐗 𝟑𝟎𝟓𝟎
𝐆𝐀𝐌𝐈𝐍𝐆 𝐁𝐔𝐈𝐋𝐃
#PCMERCHANDISE #PCMBUILDS",,83,"11/19/2023 19:49",mixed,https://www.facebook.com/reel/1852636863549797/,1,0,Reels,,,,,11/25/2023,0,,,,,,0,0,0,0,0,61.495,5.150
1049339392228703,100064197037125,"PC Merchandise","𝐢𝟓 𝟏𝟐𝟒𝟎𝟎𝐅 w/ 𝐑𝐓𝐗 𝟑𝟎𝟓𝟎
𝐆𝐀𝐌𝐈𝐍𝐆 𝐁𝐔𝐈𝐋𝐃
#PCMERCHANDISE #PCMBUILDS",,83,"11/19/2023 19:49",mixed,https://www.facebook.com/reel/1852636863549797/,1,0,Reels,,,,,11/26/2023,0,,,,,,0,0,0,0,0,42.104,4.962
1049339392228703,100064197037125,"PC Merchandise","𝐢𝟓 𝟏𝟐𝟒𝟎𝟎𝐅 w/ 𝐑𝐓𝐗 𝟑𝟎𝟓𝟎
𝐆𝐀𝐌𝐈𝐍𝐆 𝐁𝐔𝐈𝐋𝐃
#PCMERCHANDISE #PCMBUILDS",,83,"11/19/2023 19:49",mixed,https://www.facebook.com/reel/1852636863549797/,1,0,Reels,,,,,11/27/2023,0,,,,,,0,0,0,0,0,22.574,3.260
1049339392228703,100064197037125,"PC Merchandise","𝐢𝟓 𝟏𝟐𝟒𝟎𝟎𝐅 w/ 𝐑𝐓𝐗 𝟑𝟎𝟓𝟎
𝐆𝐀𝐌𝐈𝐍𝐆 𝐁𝐔𝐈𝐋𝐃
#PCMERCHANDISE #PCMBUILDS",,83,"11/19/2023 19:49",mixed,https://www.facebook.com/reel/1852636863549797/,1,0,Reels,,,,,11/28/2023,0,,,,,,0,0,0,0,0,36.965,5.156
1049339392228703,100064197037125,"PC Merchandise","𝐢𝟓 𝟏𝟐𝟒𝟎𝟎𝐅 w/ 𝐑𝐓𝐗 𝟑𝟎𝟓𝟎
𝐆𝐀𝐌𝐈𝐍𝐆 𝐁𝐔𝐈𝐋𝐃
#PCMERCHANDISE #PCMBUILDS",,83,"11/19/2023 19:49",mixed,https://www.facebook.com/reel/1852636863549797/,1,0,Reels,,,,,11/29/2023,0,,,,,,0,0,0,0,0,11.968,4.492
1049339392228703,100064197037125,"PC Merchandise","𝐢𝟓 𝟏𝟐𝟒𝟎𝟎𝐅 w/ 𝐑𝐓𝐗 𝟑𝟎𝟓𝟎
𝐆𝐀𝐌𝐈𝐍𝐆 𝐁𝐔𝐈𝐋𝐃
#PCMERCHANDISE #PCMBUILDS",,83,"11/19/2023 19:49",mixed,https://www.facebook.com/reel/1852636863549797/,1,0,Reels,,,,,11/30/2023,0,,,,,,0,0,0,0,0,35.927,3.487
1049880277568591,100064197037125,"PC Merchandise","malas naman🥹",,41,"11/19/2023 19:00",mixed,https://www.facebook.com/reel/1983477495331773/,0,0,Reels,,,,,11/01/2023,0,,,,,,0,0,0,0,0,0.000,5.197
1049880277568591,100064197037125,"PC Merchandise","malas naman🥹",,41,"11/19/2023 19:00",mixed,https://www.facebook.com/reel/1983477495331773/,0,0,Reels,,,,,11/02/2023,0,,,,,,0,0,0,0,0,0.000,5.030
1049880277568591,100064197037125,"PC Merchandise","malas naman🥹",,41,"11/19/2023 19:00",mixed,https://www.facebook.com/reel/1983477495331773/,0,0,Reels,,,,,11/03/2023,0,,,,,,0,0,0,0,0,0.000,4.655
1049880277568591,100064197037125,"PC Merchandise","malas naman🥹",,41,"11/19/2023 19:00",mixed,https://www.facebook.com/reel/1983477495331773/,0,0,Reels,,,,,11/04/2023,0,,,,,,0,0,0,0,0,0.000,6.199
1049880277568591,100064197037125,"PC Merchandise","malas naman🥹",,41,"11/19/2023 19:00",mixed,https://www.facebook.com/reel/1983477495331773/,0,0,Reels,,,,,11/05/2023,0,,,,,,0,0,0,0,0,0.000,5.203
1049880277568591,100064197037125,"PC Merchandise","malas naman🥹",,41,"11/19/2023 19:00",mixed,https://www.facebook.com/reel/1983477495331773/,0,0,Reels,,,,,11/06/2023,0,,,,,,0,0,0,0,0,0.000,4.763
1049880277568591,100064197037125,"PC Merchandise","malas naman🥹",,41,"11/19/2023 19:00",mixed,https://www.facebook.com/reel/1983477495331773/,0,0,Reels,,,,,11/07/2023,0,,,,,,0,0,0,0,0,0.000,5.028
1049880277568591,100064197037125,"PC Merchandise","malas naman🥹",,41,"11/19/2023 19:00",mixed,https://www.facebook.com/reel/1983477495331773/,0,0,Reels,,,,,11/08/2023,0,,,,,,0,0,0,0,0,0.000,4.506
1049880277568591,100064197037125,"PC Merchandise","malas naman🥹",,41,"11/19/2023 19:00",mixed,https://www.facebook.com/reel/1983477495331773/,0,0,Reels,,,,,11/09/2023,0,,,,,,0,0,0,0,0,0.000,4.046
1049880277568591,100064197037125,"PC Merchandise","malas naman🥹",,41,"11/19/2023 19:00",mixed,https://www.facebook.com/reel/1983477495331773/,0,0,Reels,,,,,11/10/2023,0,,,,,,0,0,0,0,0,0.000,6.729
1049880277568591,100064197037125,"PC Merchandise","malas naman🥹",,41,"11/19/2023 19:00",mixed,https://www.facebook.com/reel/1983477495331773/,0,0,Reels,,,,,11/11/2023,0,,,,,,0,0,0,0,0,0.000,4.116
1049880277568591,100064197037125,"PC Merchandise","malas naman🥹",,41,"11/19/2023 19:00",mixed,https://www.facebook.com/reel/1983477495331773/,0,0,Reels,,,,,11/12/2023,0,,,,,,0,0,0,0,0,0.000,5.735
1049880277568591,100064197037125,"PC Merchandise","malas naman🥹",,41,"11/19/2023 19:00",mixed,https://www.facebook.com/reel/1983477495331773/,0,0,Reels,,,,,11/13/2023,0,,,,,,0,0,0,0,0,0.000,4.193
1049880277568591,100064197037125,"PC Merchandise","malas naman🥹",,41,"11/19/2023 19:00",mixed,https://www.facebook.com/reel/1983477495331773/,0,0,Reels,,,,,11/14/2023,0,,,,,,0,0,0,0,0,0.000,2.698
1049880277568591,100064197037125,"PC Merchandise","malas naman🥹",,41,"11/19/2023 19:00",mixed,https://www.facebook.com/reel/1983477495331773/,0,0,Reels,,,,,11/15/2023,0,,,,,,0,0,0,0,0,0.000,5.132
1049880277568591,100064197037125,"PC Merchandise","malas naman🥹",,41,"11/19/2023 19:00",mixed,https://www.facebook.com/reel/1983477495331773/,0,0,Reels,,,,,11/16/2023,0,,,,,,0,0,0,0,0,0.000,4.300
1049880277568591,100064197037125,"PC Merchandise","malas naman🥹",,41,"11/19/2023 19:00",mixed,https://www.facebook.com/reel/1983477495331773/,0,0,Reels,,,,,11/17/2023,0,,,,,,0,0,0,0,0,0.000,5.321
1049880277568591,100064197037125,"PC Merchandise","malas naman🥹",,41,"11/19/2023 19:00",mixed,https://www.facebook.com/reel/1983477495331773/,0,0,Reels,,,,,11/18/2023,0,,,,,,0,0,0,0,0,0.000,4.489
1049880277568591,100064197037125,"PC Merchandise","malas naman🥹",,41,"11/19/2023 19:00",mixed,https://www.facebook.com/reel/1983477495331773/,0,0,Reels,,,,,11/19/2023,0,,,,,,0,0,0,0,0,194.812,5.132
1049880277568591,100064197037125,"PC Merchandise","malas naman🥹",,41,"11/19/2023 19:00",mixed,https://www.facebook.com/reel/1983477495331773/,0,0,Reels,,,,,11/20/2023,0,,,,,,0,0,0,0,0,182.078,4.358
1049880277568591,100064197037125,"PC Merchandise","malas naman🥹",,41,"11/19/2023 19:00",mixed,https://www.facebook.com/reel/1983477495331773/,0,0,Reels,,,,,11/21/2023,0,,,,,,0,0,1,1,0,122.143,6.307
1049880277568591,100064197037125,"PC Merchandise","malas naman🥹",,41,"11/19/2023 19:00",mixed,https://www.facebook.com/reel/1983477495331773/,0,0,Reels,,,,,11/22/2023,0,,,,,,0,0,0,0,0,89.572,4.388
1049880277568591,100064197037125,"PC Merchandise","malas naman🥹",,41,"11/19/2023 19:00",mixed,https://www.facebook.com/reel/1983477495331773/,0,0,Reels,,,,,11/23/2023,0,,,,,,0,0,0,0,0,92.554,4.346
1049880277568591,100064197037125,"PC Merchandise","malas naman🥹",,41,"11/19/2023 19:00",mixed,https://www.facebook.com/reel/1983477495331773/,0,0,Reels,,,,,11/24/2023,0,,,,,,0,0,0,0,0,102.877,4.638
1049880277568591,100064197037125,"PC Merchandise","malas naman🥹",,41,"11/19/2023 19:00",mixed,https://www.facebook.com/reel/1983477495331773/,0,0,Reels,,,,,11/25/2023,0,,,,,,0,0,0,0,0,60.853,4.395
1049880277568591,100064197037125,"PC Merchandise","malas naman🥹",,41,"11/19/2023 19:00",mixed,https://www.facebook.com/reel/1983477495331773/,0,0,Reels,,,,,11/26/2023,0,,,,,,0,0,0,0,0,19.437,5.340
1049880277568591,100064197037125,"PC Merchandise","malas naman🥹",,41,"11/19/2023 19:00",mixed,https://www.facebook.com/reel/1983477495331773/,0,0,Reels,,,,,11/27/2023,0,,,,,,0,0,0,0,0,26.635,4.378
1049880277568591,100064197037125,"PC Merchandise","malas naman🥹",,41,"11/19/2023 19:00",mixed,https://www.facebook.com/reel/1983477495331773/,0,0,Reels,,,,,11/28/2023,0,,,,,,0,0,0,0,0,21.497,4.483
1049880277568591,100064197037125,"PC Merchandise","malas naman🥹",,41,"11/19/2023 19:00",mixed,https://www.facebook.com/reel/1983477495331773/,0,0,Reels,,,,,11/29/2023,0,,,,,,0,0,0,0,0,24.763,4.607
1049880277568591,100064197037125,"PC Merchandise","malas naman🥹",,41,"11/19/2023 19:00",mixed,https://www.facebook.com/reel/1983477495331773/,0,0,Reels,,,,,11/30/2023,0,,,,,,0,0,0,0,0,18.992,6.071
1049848772847370,100064197037125,"PC Merchandise","𝐢𝟓 𝟏𝟐𝟒𝟎𝟎𝐅 (𝟒𝐏𝐂𝐒) w/ 𝐑𝐗 𝟔𝟔𝟎𝟎
𝐆𝐀𝐌𝐈𝐍𝐆 𝐁𝐔𝐈𝐋𝐃
#PCMERCHANDISE #PCMBUILDS",,0,"11/19/2023 17:00",,https://www.facebook.com/pcmerchandise.co/posts/pfbid0Hrv0h9HXwGdgUB1RcbLYItnhp6cuf07SPVqrJSmwOJ4RrUtN8f9ABmzd,0,0,Photos,,,,,11/30/2023,3,,,,,,,,,,,,
1049848772847370,100064197037125,"PC Merchandise","𝐢𝟓 𝟏𝟐𝟒𝟎𝟎𝐅 (𝟒𝐏𝐂𝐒) w/ 𝐑𝐗 𝟔𝟔𝟎𝟎
𝐆𝐀𝐌𝐈𝐍𝐆 𝐁𝐔𝐈𝐋𝐃
#PCMERCHANDISE #PCMBUILDS",,0,"11/19/2023 17:00",,https://www.facebook.com/pcmerchandise.co/posts/pfbid0Hrv0h9HXwGdgUB1RcbLYItnhp6cuf07SPVqrJSmwOJ4RrUtN8f9ABmzd,0,0,Photos,,,,,11/01/2023,,,0,0,0,0,0,0,,,,,
1049848772847370,100064197037125,"PC Merchandise","𝐢𝟓 𝟏𝟐𝟒𝟎𝟎𝐅 (𝟒𝐏𝐂𝐒) w/ 𝐑𝐗 𝟔𝟔𝟎𝟎
𝐆𝐀𝐌𝐈𝐍𝐆 𝐁𝐔𝐈𝐋𝐃
#PCMERCHANDISE #PCMBUILDS",,0,"11/19/2023 17:00",,https://www.facebook.com/pcmerchandise.co/posts/pfbid0Hrv0h9HXwGdgUB1RcbLYItnhp6cuf07SPVqrJSmwOJ4RrUtN8f9ABmzd,0,0,Photos,,,,,11/02/2023,,,0,0,0,0,0,0,,,,,
1049848772847370,100064197037125,"PC Merchandise","𝐢𝟓 𝟏𝟐𝟒𝟎𝟎𝐅 (𝟒𝐏𝐂𝐒) w/ 𝐑𝐗 𝟔𝟔𝟎𝟎
𝐆𝐀𝐌𝐈𝐍𝐆 𝐁𝐔𝐈𝐋𝐃
#PCMERCHANDISE #PCMBUILDS",,0,"11/19/2023 17:00",,https://www.facebook.com/pcmerchandise.co/posts/pfbid0Hrv0h9HXwGdgUB1RcbLYItnhp6cuf07SPVqrJSmwOJ4RrUtN8f9ABmzd,0,0,Photos,,,,,11/03/2023,,,0,0,0,0,0,0,,,,,
1049848772847370,100064197037125,"PC Merchandise","𝐢𝟓 𝟏𝟐𝟒𝟎𝟎𝐅 (𝟒𝐏𝐂𝐒) w/ 𝐑𝐗 𝟔𝟔𝟎𝟎
𝐆𝐀𝐌𝐈𝐍𝐆 𝐁𝐔𝐈𝐋𝐃
#PCMERCHANDISE #PCMBUILDS",,0,"11/19/2023 17:00",,https://www.facebook.com/pcmerchandise.co/posts/pfbid0Hrv0h9HXwGdgUB1RcbLYItnhp6cuf07SPVqrJSmwOJ4RrUtN8f9ABmzd,0,0,Photos,,,,,11/04/2023,,,0,0,0,0,0,0,,,,,
1049848772847370,100064197037125,"PC Merchandise","𝐢𝟓 𝟏𝟐𝟒𝟎𝟎𝐅 (𝟒𝐏𝐂𝐒) w/ 𝐑𝐗 𝟔𝟔𝟎𝟎
𝐆𝐀𝐌𝐈𝐍𝐆 𝐁𝐔𝐈𝐋𝐃
#PCMERCHANDISE #PCMBUILDS",,0,"11/19/2023 17:00",,https://www.facebook.com/pcmerchandise.co/posts/pfbid0Hrv0h9HXwGdgUB1RcbLYItnhp6cuf07SPVqrJSmwOJ4RrUtN8f9ABmzd,0,0,Photos,,,,,11/05/2023,,,0,0,0,0,0,0,,,,,
1049848772847370,100064197037125,"PC Merchandise","𝐢𝟓 𝟏𝟐𝟒𝟎𝟎𝐅 (𝟒𝐏𝐂𝐒) w/ 𝐑𝐗 𝟔𝟔𝟎𝟎
𝐆𝐀𝐌𝐈𝐍𝐆 𝐁𝐔𝐈𝐋𝐃
#PCMERCHANDISE #PCMBUILDS",,0,"11/19/2023 17:00",,https://www.facebook.com/pcmerchandise.co/posts/pfbid0Hrv0h9HXwGdgUB1RcbLYItnhp6cuf07SPVqrJSmwOJ4RrUtN8f9ABmzd,0,0,Photos,,,,,11/06/2023,,,0,0,0,0,0,0,,,,,
1049848772847370,100064197037125,"PC Merchandise","𝐢𝟓 𝟏𝟐𝟒𝟎𝟎𝐅 (𝟒𝐏𝐂𝐒) w/ 𝐑𝐗 𝟔𝟔𝟎𝟎
𝐆𝐀𝐌𝐈𝐍𝐆 𝐁𝐔𝐈𝐋𝐃
#PCMERCHANDISE #PCMBUILDS",,0,"11/19/2023 17:00",,https://www.facebook.com/pcmerchandise.co/posts/pfbid0Hrv0h9HXwGdgUB1RcbLYItnhp6cuf07SPVqrJSmwOJ4RrUtN8f9ABmzd,0,0,Photos,,,,,11/07/2023,,,0,0,0,0,0,0,,,,,
1049848772847370,100064197037125,"PC Merchandise","𝐢𝟓 𝟏𝟐𝟒𝟎𝟎𝐅 (𝟒𝐏𝐂𝐒) w/ 𝐑𝐗 𝟔𝟔𝟎𝟎
𝐆𝐀𝐌𝐈𝐍𝐆 𝐁𝐔𝐈𝐋𝐃
#PCMERCHANDISE #PCMBUILDS",,0,"11/19/2023 17:00",,https://www.facebook.com/pcmerchandise.co/posts/pfbid0Hrv0h9HXwGdgUB1RcbLYItnhp6cuf07SPVqrJSmwOJ4RrUtN8f9ABmzd,0,0,Photos,,,,,11/08/2023,,,0,0,0,0,0,0,,,,,
1049848772847370,100064197037125,"PC Merchandise","𝐢𝟓 𝟏𝟐𝟒𝟎𝟎𝐅 (𝟒𝐏𝐂𝐒) w/ 𝐑𝐗 𝟔𝟔𝟎𝟎
𝐆𝐀𝐌𝐈𝐍𝐆 𝐁𝐔𝐈𝐋𝐃
#PCMERCHANDISE #PCMBUILDS",,0,"11/19/2023 17:00",,https://www.facebook.com/pcmerchandise.co/posts/pfbid0Hrv0h9HXwGdgUB1RcbLYItnhp6cuf07SPVqrJSmwOJ4RrUtN8f9ABmzd,0,0,Photos,,,,,11/09/2023,,,0,0,0,0,0,0,,,,,
1049848772847370,100064197037125,"PC Merchandise","𝐢𝟓 𝟏𝟐𝟒𝟎𝟎𝐅 (𝟒𝐏𝐂𝐒) w/ 𝐑𝐗 𝟔𝟔𝟎𝟎
𝐆𝐀𝐌𝐈𝐍𝐆 𝐁𝐔𝐈𝐋𝐃
#PCMERCHANDISE #PCMBUILDS",,0,"11/19/2023 17:00",,https://www.facebook.com/pcmerchandise.co/posts/pfbid0Hrv0h9HXwGdgUB1RcbLYItnhp6cuf07SPVqrJSmwOJ4RrUtN8f9ABmzd,0,0,Photos,,,,,11/10/2023,,,0,0,0,0,0,0,,,,,
1049848772847370,100064197037125,"PC Merchandise","𝐢𝟓 𝟏𝟐𝟒𝟎𝟎𝐅 (𝟒𝐏𝐂𝐒) w/ 𝐑𝐗 𝟔𝟔𝟎𝟎
𝐆𝐀𝐌𝐈𝐍𝐆 𝐁𝐔𝐈𝐋𝐃
#PCMERCHANDISE #PCMBUILDS",,0,"11/19/2023 17:00",,https://www.facebook.com/pcmerchandise.co/posts/pfbid0Hrv0h9HXwGdgUB1RcbLYItnhp6cuf07SPVqrJSmwOJ4RrUtN8f9ABmzd,0,0,Photos,,,,,11/11/2023,,,0,0,0,0,0,0,,,,,
1049848772847370,100064197037125,"PC Merchandise","𝐢𝟓 𝟏𝟐𝟒𝟎𝟎𝐅 (𝟒𝐏𝐂𝐒) w/ 𝐑𝐗 𝟔𝟔𝟎𝟎
𝐆𝐀𝐌𝐈𝐍𝐆 𝐁𝐔𝐈𝐋𝐃
#PCMERCHANDISE #PCMBUILDS",,0,"11/19/2023 17:00",,https://www.facebook.com/pcmerchandise.co/posts/pfbid0Hrv0h9HXwGdgUB1RcbLYItnhp6cuf07SPVqrJSmwOJ4RrUtN8f9ABmzd,0,0,Photos,,,,,11/12/2023,,,0,0,0,0,0,0,,,,,
1049848772847370,100064197037125,"PC Merchandise","𝐢𝟓 𝟏𝟐𝟒𝟎𝟎𝐅 (𝟒𝐏𝐂𝐒) w/ 𝐑𝐗 𝟔𝟔𝟎𝟎
𝐆𝐀𝐌𝐈𝐍𝐆 𝐁𝐔𝐈𝐋𝐃
#PCMERCHANDISE #PCMBUILDS",,0,"11/19/2023 17:00",,https://www.facebook.com/pcmerchandise.co/posts/pfbid0Hrv0h9HXwGdgUB1RcbLYItnhp6cuf07SPVqrJSmwOJ4RrUtN8f9ABmzd,0,0,Photos,,,,,11/13/2023,,,0,0,0,0,0,0,,,,,
1049848772847370,100064197037125,"PC Merchandise","𝐢𝟓 𝟏𝟐𝟒𝟎𝟎𝐅 (𝟒𝐏𝐂𝐒) w/ 𝐑𝐗 𝟔𝟔𝟎𝟎
𝐆𝐀𝐌𝐈𝐍𝐆 𝐁𝐔𝐈𝐋𝐃
#PCMERCHANDISE #PCMBUILDS",,0,"11/19/2023 17:00",,https://www.facebook.com/pcmerchandise.co/posts/pfbid0Hrv0h9HXwGdgUB1RcbLYItnhp6cuf07SPVqrJSmwOJ4RrUtN8f9ABmzd,0,0,Photos,,,,,11/14/2023,,,0,0,0,0,0,0,,,,,
1049848772847370,100064197037125,"PC Merchandise","𝐢𝟓 𝟏𝟐𝟒𝟎𝟎𝐅 (𝟒𝐏𝐂𝐒) w/ 𝐑𝐗 𝟔𝟔𝟎𝟎
𝐆𝐀𝐌𝐈𝐍𝐆 𝐁𝐔𝐈𝐋𝐃
#PCMERCHANDISE #PCMBUILDS",,0,"11/19/2023 17:00",,https://www.facebook.com/pcmerchandise.co/posts/pfbid0Hrv0h9HXwGdgUB1RcbLYItnhp6cuf07SPVqrJSmwOJ4RrUtN8f9ABmzd,0,0,Photos,,,,,11/15/2023,,,0,0,0,0,0,0,,,,,
1049848772847370,100064197037125,"PC Merchandise","𝐢𝟓 𝟏𝟐𝟒𝟎𝟎𝐅 (𝟒𝐏𝐂𝐒) w/ 𝐑𝐗 𝟔𝟔𝟎𝟎
𝐆𝐀𝐌𝐈𝐍𝐆 𝐁𝐔𝐈𝐋𝐃
#PCMERCHANDISE #PCMBUILDS",,0,"11/19/2023 17:00",,https://www.facebook.com/pcmerchandise.co/posts/pfbid0Hrv0h9HXwGdgUB1RcbLYItnhp6cuf07SPVqrJSmwOJ4RrUtN8f9ABmzd,0,0,Photos,,,,,11/16/2023,,,0,0,0,0,0,0,,,,,
1049848772847370,100064197037125,"PC Merchandise","𝐢𝟓 𝟏𝟐𝟒𝟎𝟎𝐅 (𝟒𝐏𝐂𝐒) w/ 𝐑𝐗 𝟔𝟔𝟎𝟎
𝐆𝐀𝐌𝐈𝐍𝐆 𝐁𝐔𝐈𝐋𝐃
#PCMERCHANDISE #PCMBUILDS",,0,"11/19/2023 17:00",,https://www.facebook.com/pcmerchandise.co/posts/pfbid0Hrv0h9HXwGdgUB1RcbLYItnhp6cuf07SPVqrJSmwOJ4RrUtN8f9ABmzd,0,0,Photos,,,,,11/17/2023,,,0,0,0,0,0,0,,,,,
1049848772847370,100064197037125,"PC Merchandise","𝐢𝟓 𝟏𝟐𝟒𝟎𝟎𝐅 (𝟒𝐏𝐂𝐒) w/ 𝐑𝐗 𝟔𝟔𝟎𝟎
𝐆𝐀𝐌𝐈𝐍𝐆 𝐁𝐔𝐈𝐋𝐃
#PCMERCHANDISE #PCMBUILDS",,0,"11/19/2023 17:00",,https://www.facebook.com/pcmerchandise.co/posts/pfbid0Hrv0h9HXwGdgUB1RcbLYItnhp6cuf07SPVqrJSmwOJ4RrUtN8f9ABmzd,0,0,Photos,,,,,11/18/2023,,,0,0,0,0,0,0,,,,,
1049848772847370,100064197037125,"PC Merchandise","𝐢𝟓 𝟏𝟐𝟒𝟎𝟎𝐅 (𝟒𝐏𝐂𝐒) w/ 𝐑𝐗 𝟔𝟔𝟎𝟎
𝐆𝐀𝐌𝐈𝐍𝐆 𝐁𝐔𝐈𝐋𝐃
#PCMERCHANDISE #PCMBUILDS",,0,"11/19/2023 17:00",,https://www.facebook.com/pcmerchandise.co/posts/pfbid0Hrv0h9HXwGdgUB1RcbLYItnhp6cuf07SPVqrJSmwOJ4RrUtN8f9ABmzd,0,0,Photos,,,,,11/19/2023,,,0,0,0,0,0,0,,,,,
1049848772847370,100064197037125,"PC Merchandise","𝐢𝟓 𝟏𝟐𝟒𝟎𝟎𝐅 (𝟒𝐏𝐂𝐒) w/ 𝐑𝐗 𝟔𝟔𝟎𝟎
𝐆𝐀𝐌𝐈𝐍𝐆 𝐁𝐔𝐈𝐋𝐃
#PCMERCHANDISE #PCMBUILDS",,0,"11/19/2023 17:00",,https://www.facebook.com/pcmerchandise.co/posts/pfbid0Hrv0h9HXwGdgUB1RcbLYItnhp6cuf07SPVqrJSmwOJ4RrUtN8f9ABmzd,0,0,Photos,,,,,11/20/2023,,,0,0,0,0,0,0,,,,,
1049848772847370,100064197037125,"PC Merchandise","𝐢𝟓 𝟏𝟐𝟒𝟎𝟎𝐅 (𝟒𝐏𝐂𝐒) w/ 𝐑𝐗 𝟔𝟔𝟎𝟎
𝐆𝐀𝐌𝐈𝐍𝐆 𝐁𝐔𝐈𝐋𝐃
#PCMERCHANDISE #PCMBUILDS",,0,"11/19/2023 17:00",,https://www.facebook.com/pcmerchandise.co/posts/pfbid0Hrv0h9HXwGdgUB1RcbLYItnhp6cuf07SPVqrJSmwOJ4RrUtN8f9ABmzd,0,0,Photos,,,,,11/21/2023,,,0,0,0,0,0,0,,,,,
1049848772847370,100064197037125,"PC Merchandise","𝐢𝟓 𝟏𝟐𝟒𝟎𝟎𝐅 (𝟒𝐏𝐂𝐒) w/ 𝐑𝐗 𝟔𝟔𝟎𝟎
𝐆𝐀𝐌𝐈𝐍𝐆 𝐁𝐔𝐈𝐋𝐃
#PCMERCHANDISE #PCMBUILDS",,0,"11/19/2023 17:00",,https://www.facebook.com/pcmerchandise.co/posts/pfbid0Hrv0h9HXwGdgUB1RcbLYItnhp6cuf07SPVqrJSmwOJ4RrUtN8f9ABmzd,0,0,Photos,,,,,11/22/2023,,,0,0,0,0,0,0,,,,,
1049848772847370,100064197037125,"PC Merchandise","𝐢𝟓 𝟏𝟐𝟒𝟎𝟎𝐅 (𝟒𝐏𝐂𝐒) w/ 𝐑𝐗 𝟔𝟔𝟎𝟎
𝐆𝐀𝐌𝐈𝐍𝐆 𝐁𝐔𝐈𝐋𝐃
#PCMERCHANDISE #PCMBUILDS",,0,"11/19/2023 17:00",,https://www.facebook.com/pcmerchandise.co/posts/pfbid0Hrv0h9HXwGdgUB1RcbLYItnhp6cuf07SPVqrJSmwOJ4RrUtN8f9ABmzd,0,0,Photos,,,,,11/23/2023,,,0,0,0,0,0,0,,,,,
1049848772847370,100064197037125,"PC Merchandise","𝐢𝟓 𝟏𝟐𝟒𝟎𝟎𝐅 (𝟒𝐏𝐂𝐒) w/ 𝐑𝐗 𝟔𝟔𝟎𝟎
𝐆𝐀𝐌𝐈𝐍𝐆 𝐁𝐔𝐈𝐋𝐃
#PCMERCHANDISE #PCMBUILDS",,0,"11/19/2023 17:00",,https://www.facebook.com/pcmerchandise.co/posts/pfbid0Hrv0h9HXwGdgUB1RcbLYItnhp6cuf07SPVqrJSmwOJ4RrUtN8f9ABmzd,0,0,Photos,,,,,11/24/2023,,,0,0,0,0,0,0,,,,,
1049848772847370,100064197037125,"PC Merchandise","𝐢𝟓 𝟏𝟐𝟒𝟎𝟎𝐅 (𝟒𝐏𝐂𝐒) w/ 𝐑𝐗 𝟔𝟔𝟎𝟎
𝐆𝐀𝐌𝐈𝐍𝐆 𝐁𝐔𝐈𝐋𝐃
#PCMERCHANDISE #PCMBUILDS",,0,"11/19/2023 17:00",,https://www.facebook.com/pcmerchandise.co/posts/pfbid0Hrv0h9HXwGdgUB1RcbLYItnhp6cuf07SPVqrJSmwOJ4RrUtN8f9ABmzd,0,0,Photos,,,,,11/25/2023,,,0,0,0,0,0,0,,,,,
1049848772847370,100064197037125,"PC Merchandise","𝐢𝟓 𝟏𝟐𝟒𝟎𝟎𝐅 (𝟒𝐏𝐂𝐒) w/ 𝐑𝐗 𝟔𝟔𝟎𝟎
𝐆𝐀𝐌𝐈𝐍𝐆 𝐁𝐔𝐈𝐋𝐃
#PCMERCHANDISE #PCMBUILDS",,0,"11/19/2023 17:00",,https://www.facebook.com/pcmerchandise.co/posts/pfbid0Hrv0h9HXwGdgUB1RcbLYItnhp6cuf07SPVqrJSmwOJ4RrUtN8f9ABmzd,0,0,Photos,,,,,11/26/2023,,,0,0,0,0,0,0,,,,,
1049848772847370,100064197037125,"PC Merchandise","𝐢𝟓 𝟏𝟐𝟒𝟎𝟎𝐅 (𝟒𝐏𝐂𝐒) w/ 𝐑𝐗 𝟔𝟔𝟎𝟎
𝐆𝐀𝐌𝐈𝐍𝐆 𝐁𝐔𝐈𝐋𝐃
#PCMERCHANDISE #PCMBUILDS",,0,"11/19/2023 17:00",,https://www.facebook.com/pcmerchandise.co/posts/pfbid0Hrv0h9HXwGdgUB1RcbLYItnhp6cuf07SPVqrJSmwOJ4RrUtN8f9ABmzd,0,0,Photos,,,,,11/27/2023,,,0,0,0,0,0,0,,,,,
1049848772847370,100064197037125,"PC Merchandise","𝐢𝟓 𝟏𝟐𝟒𝟎𝟎𝐅 (𝟒𝐏𝐂𝐒) w/ 𝐑𝐗 𝟔𝟔𝟎𝟎
𝐆𝐀𝐌𝐈𝐍𝐆 𝐁𝐔𝐈𝐋𝐃
#PCMERCHANDISE #PCMBUILDS",,0,"11/19/2023 17:00",,https://www.facebook.com/pcmerchandise.co/posts/pfbid0Hrv0h9HXwGdgUB1RcbLYItnhp6cuf07SPVqrJSmwOJ4RrUtN8f9ABmzd,0,0,Photos,,,,,11/28/2023,,,0,0,0,0,0,0,,,,,
1049848772847370,100064197037125,"PC Merchandise","𝐢𝟓 𝟏𝟐𝟒𝟎𝟎𝐅 (𝟒𝐏𝐂𝐒) w/ 𝐑𝐗 𝟔𝟔𝟎𝟎
𝐆𝐀𝐌𝐈𝐍𝐆 𝐁𝐔𝐈𝐋𝐃
#PCMERCHANDISE #PCMBUILDS",,0,"11/19/2023 17:00",,https://www.facebook.com/pcmerchandise.co/posts/pfbid0Hrv0h9HXwGdgUB1RcbLYItnhp6cuf07SPVqrJSmwOJ4RrUtN8f9ABmzd,0,0,Photos,,,,,11/29/2023,,,0,0,0,0,0,0,,,,,
1049848772847370,100064197037125,"PC Merchandise","𝐢𝟓 𝟏𝟐𝟒𝟎𝟎𝐅 (𝟒𝐏𝐂𝐒) w/ 𝐑𝐗 𝟔𝟔𝟎𝟎
𝐆𝐀𝐌𝐈𝐍𝐆 𝐁𝐔𝐈𝐋𝐃
#PCMERCHANDISE #PCMBUILDS",,0,"11/19/2023 17:00",,https://www.facebook.com/pcmerchandise.co/posts/pfbid0Hrv0h9HXwGdgUB1RcbLYItnhp6cuf07SPVqrJSmwOJ4RrUtN8f9ABmzd,0,0,Photos,,,,,11/30/2023,,,0,0,0,0,0,0,,,,,
1049918349280625,100064197037125,"PC Merchandise","𝐒𝐎𝐋𝐃 𝐑𝐘𝐙𝐄𝐍 𝟓 𝟑𝟒𝟎𝟎𝐆 𝟏𝟎+𝟏 (10PCS)
𝐂𝐎𝐌𝐒𝐇𝐎𝐏 𝐏𝐀𝐂𝐊𝐀𝐆𝐄
#PCMERCHANDISE #PCMBUILDS",,0,"11/18/2023 19:00",,https://www.facebook.com/pcmerchandise.co/posts/pfbid0SbzpV2tnmmDLUqVwNqajxtesMuSNMFLGHDA6uh4PZIBZHoAjA1kkx37Q,0,0,Photos,,,,,11/30/2023,0,,,,,,,,,,,,
1049918349280625,100064197037125,"PC Merchandise","𝐒𝐎𝐋𝐃 𝐑𝐘𝐙𝐄𝐍 𝟓 𝟑𝟒𝟎𝟎𝐆 𝟏𝟎+𝟏 (10PCS)
𝐂𝐎𝐌𝐒𝐇𝐎𝐏 𝐏𝐀𝐂𝐊𝐀𝐆𝐄
#PCMERCHANDISE #PCMBUILDS",,0,"11/18/2023 19:00",,https://www.facebook.com/pcmerchandise.co/posts/pfbid0SbzpV2tnmmDLUqVwNqajxtesMuSNMFLGHDA6uh4PZIBZHoAjA1kkx37Q,0,0,Photos,,,,,11/01/2023,,,0,0,0,0,0,0,,,,,
1049918349280625,100064197037125,"PC Merchandise","𝐒𝐎𝐋𝐃 𝐑𝐘𝐙𝐄𝐍 𝟓 𝟑𝟒𝟎𝟎𝐆 𝟏𝟎+𝟏 (10PCS)
𝐂𝐎𝐌𝐒𝐇𝐎𝐏 𝐏𝐀𝐂𝐊𝐀𝐆𝐄
#PCMERCHANDISE #PCMBUILDS",,0,"11/18/2023 19:00",,https://www.facebook.com/pcmerchandise.co/posts/pfbid0SbzpV2tnmmDLUqVwNqajxtesMuSNMFLGHDA6uh4PZIBZHoAjA1kkx37Q,0,0,Photos,,,,,11/02/2023,,,0,0,0,0,0,0,,,,,
1049918349280625,100064197037125,"PC Merchandise","𝐒𝐎𝐋𝐃 𝐑𝐘𝐙𝐄𝐍 𝟓 𝟑𝟒𝟎𝟎𝐆 𝟏𝟎+𝟏 (10PCS)
𝐂𝐎𝐌𝐒𝐇𝐎𝐏 𝐏𝐀𝐂𝐊𝐀𝐆𝐄
#PCMERCHANDISE #PCMBUILDS",,0,"11/18/2023 19:00",,https://www.facebook.com/pcmerchandise.co/posts/pfbid0SbzpV2tnmmDLUqVwNqajxtesMuSNMFLGHDA6uh4PZIBZHoAjA1kkx37Q,0,0,Photos,,,,,11/03/2023,,,0,0,0,0,0,0,,,,,
1049918349280625,100064197037125,"PC Merchandise","𝐒𝐎𝐋𝐃 𝐑𝐘𝐙𝐄𝐍 𝟓 𝟑𝟒𝟎𝟎𝐆 𝟏𝟎+𝟏 (10PCS)
𝐂𝐎𝐌𝐒𝐇𝐎𝐏 𝐏𝐀𝐂𝐊𝐀𝐆𝐄
#PCMERCHANDISE #PCMBUILDS",,0,"11/18/2023 19:00",,https://www.facebook.com/pcmerchandise.co/posts/pfbid0SbzpV2tnmmDLUqVwNqajxtesMuSNMFLGHDA6uh4PZIBZHoAjA1kkx37Q,0,0,Photos,,,,,11/04/2023,,,0,0,0,0,0,0,,,,,
1049918349280625,100064197037125,"PC Merchandise","𝐒𝐎𝐋𝐃 𝐑𝐘𝐙𝐄𝐍 𝟓 𝟑𝟒𝟎𝟎𝐆 𝟏𝟎+𝟏 (10PCS)
𝐂𝐎𝐌𝐒𝐇𝐎𝐏 𝐏𝐀𝐂𝐊𝐀𝐆𝐄
#PCMERCHANDISE #PCMBUILDS",,0,"11/18/2023 19:00",,https://www.facebook.com/pcmerchandise.co/posts/pfbid0SbzpV2tnmmDLUqVwNqajxtesMuSNMFLGHDA6uh4PZIBZHoAjA1kkx37Q,0,0,Photos,,,,,11/05/2023,,,0,0,0,0,0,0,,,,,
1049918349280625,100064197037125,"PC Merchandise","𝐒𝐎𝐋𝐃 𝐑𝐘𝐙𝐄𝐍 𝟓 𝟑𝟒𝟎𝟎𝐆 𝟏𝟎+𝟏 (10PCS)
𝐂𝐎𝐌𝐒𝐇𝐎𝐏 𝐏𝐀𝐂𝐊𝐀𝐆𝐄
#PCMERCHANDISE #PCMBUILDS",,0,"11/18/2023 19:00",,https://www.facebook.com/pcmerchandise.co/posts/pfbid0SbzpV2tnmmDLUqVwNqajxtesMuSNMFLGHDA6uh4PZIBZHoAjA1kkx37Q,0,0,Photos,,,,,11/06/2023,,,0,0,0,0,0,0,,,,,
1049918349280625,100064197037125,"PC Merchandise","𝐒𝐎𝐋𝐃 𝐑𝐘𝐙𝐄𝐍 𝟓 𝟑𝟒𝟎𝟎𝐆 𝟏𝟎+𝟏 (10PCS)
𝐂𝐎𝐌𝐒𝐇𝐎𝐏 𝐏𝐀𝐂𝐊𝐀𝐆𝐄
#PCMERCHANDISE #PCMBUILDS",,0,"11/18/2023 19:00",,https://www.facebook.com/pcmerchandise.co/posts/pfbid0SbzpV2tnmmDLUqVwNqajxtesMuSNMFLGHDA6uh4PZIBZHoAjA1kkx37Q,0,0,Photos,,,,,11/07/2023,,,0,0,0,0,0,0,,,,,
1049918349280625,100064197037125,"PC Merchandise","𝐒𝐎𝐋𝐃 𝐑𝐘𝐙𝐄𝐍 𝟓 𝟑𝟒𝟎𝟎𝐆 𝟏𝟎+𝟏 (10PCS)
𝐂𝐎𝐌𝐒𝐇𝐎𝐏 𝐏𝐀𝐂𝐊𝐀𝐆𝐄
#PCMERCHANDISE #PCMBUILDS",,0,"11/18/2023 19:00",,https://www.facebook.com/pcmerchandise.co/posts/pfbid0SbzpV2tnmmDLUqVwNqajxtesMuSNMFLGHDA6uh4PZIBZHoAjA1kkx37Q,0,0,Photos,,,,,11/08/2023,,,0,0,0,0,0,0,,,,,
1049918349280625,100064197037125,"PC Merchandise","𝐒𝐎𝐋𝐃 𝐑𝐘𝐙𝐄𝐍 𝟓 𝟑𝟒𝟎𝟎𝐆 𝟏𝟎+𝟏 (10PCS)
𝐂𝐎𝐌𝐒𝐇𝐎𝐏 𝐏𝐀𝐂𝐊𝐀𝐆𝐄
#PCMERCHANDISE #PCMBUILDS",,0,"11/18/2023 19:00",,https://www.facebook.com/pcmerchandise.co/posts/pfbid0SbzpV2tnmmDLUqVwNqajxtesMuSNMFLGHDA6uh4PZIBZHoAjA1kkx37Q,0,0,Photos,,,,,11/09/2023,,,0,0,0,0,0,0,,,,,
1049918349280625,100064197037125,"PC Merchandise","𝐒𝐎𝐋𝐃 𝐑𝐘𝐙𝐄𝐍 𝟓 𝟑𝟒𝟎𝟎𝐆 𝟏𝟎+𝟏 (10PCS)
𝐂𝐎𝐌𝐒𝐇𝐎𝐏 𝐏𝐀𝐂𝐊𝐀𝐆𝐄
#PCMERCHANDISE #PCMBUILDS",,0,"11/18/2023 19:00",,https://www.facebook.com/pcmerchandise.co/posts/pfbid0SbzpV2tnmmDLUqVwNqajxtesMuSNMFLGHDA6uh4PZIBZHoAjA1kkx37Q,0,0,Photos,,,,,11/10/2023,,,0,0,0,0,0,0,,,,,
1049918349280625,100064197037125,"PC Merchandise","𝐒𝐎𝐋𝐃 𝐑𝐘𝐙𝐄𝐍 𝟓 𝟑𝟒𝟎𝟎𝐆 𝟏𝟎+𝟏 (10PCS)
𝐂𝐎𝐌𝐒𝐇𝐎𝐏 𝐏𝐀𝐂𝐊𝐀𝐆𝐄
#PCMERCHANDISE #PCMBUILDS",,0,"11/18/2023 19:00",,https://www.facebook.com/pcmerchandise.co/posts/pfbid0SbzpV2tnmmDLUqVwNqajxtesMuSNMFLGHDA6uh4PZIBZHoAjA1kkx37Q,0,0,Photos,,,,,11/11/2023,,,0,0,0,0,0,0,,,,,
1049918349280625,100064197037125,"PC Merchandise","𝐒𝐎𝐋𝐃 𝐑𝐘𝐙𝐄𝐍 𝟓 𝟑𝟒𝟎𝟎𝐆 𝟏𝟎+𝟏 (10PCS)
𝐂𝐎𝐌𝐒𝐇𝐎𝐏 𝐏𝐀𝐂𝐊𝐀𝐆𝐄
#PCMERCHANDISE #PCMBUILDS",,0,"11/18/2023 19:00",,https://www.facebook.com/pcmerchandise.co/posts/pfbid0SbzpV2tnmmDLUqVwNqajxtesMuSNMFLGHDA6uh4PZIBZHoAjA1kkx37Q,0,0,Photos,,,,,11/12/2023,,,0,0,0,0,0,0,,,,,
1049918349280625,100064197037125,"PC Merchandise","𝐒𝐎𝐋𝐃 𝐑𝐘𝐙𝐄𝐍 𝟓 𝟑𝟒𝟎𝟎𝐆 𝟏𝟎+𝟏 (10PCS)
𝐂𝐎𝐌𝐒𝐇𝐎𝐏 𝐏𝐀𝐂𝐊𝐀𝐆𝐄
#PCMERCHANDISE #PCMBUILDS",,0,"11/18/2023 19:00",,https://www.facebook.com/pcmerchandise.co/posts/pfbid0SbzpV2tnmmDLUqVwNqajxtesMuSNMFLGHDA6uh4PZIBZHoAjA1kkx37Q,0,0,Photos,,,,,11/13/2023,,,0,0,0,0,0,0,,,,,
1049918349280625,100064197037125,"PC Merchandise","𝐒𝐎𝐋𝐃 𝐑𝐘𝐙𝐄𝐍 𝟓 𝟑𝟒𝟎𝟎𝐆 𝟏𝟎+𝟏 (10PCS)
𝐂𝐎𝐌𝐒𝐇𝐎𝐏 𝐏𝐀𝐂𝐊𝐀𝐆𝐄
#PCMERCHANDISE #PCMBUILDS",,0,"11/18/2023 19:00",,https://www.facebook.com/pcmerchandise.co/posts/pfbid0SbzpV2tnmmDLUqVwNqajxtesMuSNMFLGHDA6uh4PZIBZHoAjA1kkx37Q,0,0,Photos,,,,,11/14/2023,,,0,0,0,0,0,0,,,,,
1049918349280625,100064197037125,"PC Merchandise","𝐒𝐎𝐋𝐃 𝐑𝐘𝐙𝐄𝐍 𝟓 𝟑𝟒𝟎𝟎𝐆 𝟏𝟎+𝟏 (10PCS)
𝐂𝐎𝐌𝐒𝐇𝐎𝐏 𝐏𝐀𝐂𝐊𝐀𝐆𝐄
#PCMERCHANDISE #PCMBUILDS",,0,"11/18/2023 19:00",,https://www.facebook.com/pcmerchandise.co/posts/pfbid0SbzpV2tnmmDLUqVwNqajxtesMuSNMFLGHDA6uh4PZIBZHoAjA1kkx37Q,0,0,Photos,,,,,11/15/2023,,,0,0,0,0,0,0,,,,,
1049918349280625,100064197037125,"PC Merchandise","𝐒𝐎𝐋𝐃 𝐑𝐘𝐙𝐄𝐍 𝟓 𝟑𝟒𝟎𝟎𝐆 𝟏𝟎+𝟏 (10PCS)
𝐂𝐎𝐌𝐒𝐇𝐎𝐏 𝐏𝐀𝐂𝐊𝐀𝐆𝐄
#PCMERCHANDISE #PCMBUILDS",,0,"11/18/2023 19:00",,https://www.facebook.com/pcmerchandise.co/posts/pfbid0SbzpV2tnmmDLUqVwNqajxtesMuSNMFLGHDA6uh4PZIBZHoAjA1kkx37Q,0,0,Photos,,,,,11/16/2023,,,0,0,0,0,0,0,,,,,
1049918349280625,100064197037125,"PC Merchandise","𝐒𝐎𝐋𝐃 𝐑𝐘𝐙𝐄𝐍 𝟓 𝟑𝟒𝟎𝟎𝐆 𝟏𝟎+𝟏 (10PCS)
𝐂𝐎𝐌𝐒𝐇𝐎𝐏 𝐏𝐀𝐂𝐊𝐀𝐆𝐄
#PCMERCHANDISE #PCMBUILDS",,0,"11/18/2023 19:00",,https://www.facebook.com/pcmerchandise.co/posts/pfbid0SbzpV2tnmmDLUqVwNqajxtesMuSNMFLGHDA6uh4PZIBZHoAjA1kkx37Q,0,0,Photos,,,,,11/17/2023,,,0,0,0,0,0,0,,,,,
1049918349280625,100064197037125,"PC Merchandise","𝐒𝐎𝐋𝐃 𝐑𝐘𝐙𝐄𝐍 𝟓 𝟑𝟒𝟎𝟎𝐆 𝟏𝟎+𝟏 (10PCS)
𝐂𝐎𝐌𝐒𝐇𝐎𝐏 𝐏𝐀𝐂𝐊𝐀𝐆𝐄
#PCMERCHANDISE #PCMBUILDS",,0,"11/18/2023 19:00",,https://www.facebook.com/pcmerchandise.co/posts/pfbid0SbzpV2tnmmDLUqVwNqajxtesMuSNMFLGHDA6uh4PZIBZHoAjA1kkx37Q,0,0,Photos,,,,,11/18/2023,,,0,0,0,0,0,0,,,,,
1049918349280625,100064197037125,"PC Merchandise","𝐒𝐎𝐋𝐃 𝐑𝐘𝐙𝐄𝐍 𝟓 𝟑𝟒𝟎𝟎𝐆 𝟏𝟎+𝟏 (10PCS)
𝐂𝐎𝐌𝐒𝐇𝐎𝐏 𝐏𝐀𝐂𝐊𝐀𝐆𝐄
#PCMERCHANDISE #PCMBUILDS",,0,"11/18/2023 19:00",,https://www.facebook.com/pcmerchandise.co/posts/pfbid0SbzpV2tnmmDLUqVwNqajxtesMuSNMFLGHDA6uh4PZIBZHoAjA1kkx37Q,0,0,Photos,,,,,11/19/2023,,,0,0,0,0,0,0,,,,,
1049918349280625,100064197037125,"PC Merchandise","𝐒𝐎𝐋𝐃 𝐑𝐘𝐙𝐄𝐍 𝟓 𝟑𝟒𝟎𝟎𝐆 𝟏𝟎+𝟏 (10PCS)
𝐂𝐎𝐌𝐒𝐇𝐎𝐏 𝐏𝐀𝐂𝐊𝐀𝐆𝐄
#PCMERCHANDISE #PCMBUILDS",,0,"11/18/2023 19:00",,https://www.facebook.com/pcmerchandise.co/posts/pfbid0SbzpV2tnmmDLUqVwNqajxtesMuSNMFLGHDA6uh4PZIBZHoAjA1kkx37Q,0,0,Photos,,,,,11/20/2023,,,0,0,0,0,0,0,,,,,
1049918349280625,100064197037125,"PC Merchandise","𝐒𝐎𝐋𝐃 𝐑𝐘𝐙𝐄𝐍 𝟓 𝟑𝟒𝟎𝟎𝐆 𝟏𝟎+𝟏 (10PCS)
𝐂𝐎𝐌𝐒𝐇𝐎𝐏 𝐏𝐀𝐂𝐊𝐀𝐆𝐄
#PCMERCHANDISE #PCMBUILDS",,0,"11/18/2023 19:00",,https://www.facebook.com/pcmerchandise.co/posts/pfbid0SbzpV2tnmmDLUqVwNqajxtesMuSNMFLGHDA6uh4PZIBZHoAjA1kkx37Q,0,0,Photos,,,,,11/21/2023,,,0,0,0,0,0,0,,,,,
1049918349280625,100064197037125,"PC Merchandise","𝐒𝐎𝐋𝐃 𝐑𝐘𝐙𝐄𝐍 𝟓 𝟑𝟒𝟎𝟎𝐆 𝟏𝟎+𝟏 (10PCS)
𝐂𝐎𝐌𝐒𝐇𝐎𝐏 𝐏𝐀𝐂𝐊𝐀𝐆𝐄
#PCMERCHANDISE #PCMBUILDS",,0,"11/18/2023 19:00",,https://www.facebook.com/pcmerchandise.co/posts/pfbid0SbzpV2tnmmDLUqVwNqajxtesMuSNMFLGHDA6uh4PZIBZHoAjA1kkx37Q,0,0,Photos,,,,,11/22/2023,,,0,0,0,0,0,0,,,,,
1049918349280625,100064197037125,"PC Merchandise","𝐒𝐎𝐋𝐃 𝐑𝐘𝐙𝐄𝐍 𝟓 𝟑𝟒𝟎𝟎𝐆 𝟏𝟎+𝟏 (10PCS)
𝐂𝐎𝐌𝐒𝐇𝐎𝐏 𝐏𝐀𝐂𝐊𝐀𝐆𝐄
#PCMERCHANDISE #PCMBUILDS",,0,"11/18/2023 19:00",,https://www.facebook.com/pcmerchandise.co/posts/pfbid0SbzpV2tnmmDLUqVwNqajxtesMuSNMFLGHDA6uh4PZIBZHoAjA1kkx37Q,0,0,Photos,,,,,11/23/2023,,,0,0,0,0,0,0,,,,,
1049918349280625,100064197037125,"PC Merchandise","𝐒𝐎𝐋𝐃 𝐑𝐘𝐙𝐄𝐍 𝟓 𝟑𝟒𝟎𝟎𝐆 𝟏𝟎+𝟏 (10PCS)
𝐂𝐎𝐌𝐒𝐇𝐎𝐏 𝐏𝐀𝐂𝐊𝐀𝐆𝐄
#PCMERCHANDISE #PCMBUILDS",,0,"11/18/2023 19:00",,https://www.facebook.com/pcmerchandise.co/posts/pfbid0SbzpV2tnmmDLUqVwNqajxtesMuSNMFLGHDA6uh4PZIBZHoAjA1kkx37Q,0,0,Photos,,,,,11/24/2023,,,0,0,0,0,0,0,,,,,
1049918349280625,100064197037125,"PC Merchandise","𝐒𝐎𝐋𝐃 𝐑𝐘𝐙𝐄𝐍 𝟓 𝟑𝟒𝟎𝟎𝐆 𝟏𝟎+𝟏 (10PCS)
𝐂𝐎𝐌𝐒𝐇𝐎𝐏 𝐏𝐀𝐂𝐊𝐀𝐆𝐄
#PCMERCHANDISE #PCMBUILDS",,0,"11/18/2023 19:00",,https://www.facebook.com/pcmerchandise.co/posts/pfbid0SbzpV2tnmmDLUqVwNqajxtesMuSNMFLGHDA6uh4PZIBZHoAjA1kkx37Q,0,0,Photos,,,,,11/25/2023,,,0,0,0,0,0,0,,,,,
1049918349280625,100064197037125,"PC Merchandise","𝐒𝐎𝐋𝐃 𝐑𝐘𝐙𝐄𝐍 𝟓 𝟑𝟒𝟎𝟎𝐆 𝟏𝟎+𝟏 (10PCS)
𝐂𝐎𝐌𝐒𝐇𝐎𝐏 𝐏𝐀𝐂𝐊𝐀𝐆𝐄
#PCMERCHANDISE #PCMBUILDS",,0,"11/18/2023 19:00",,https://www.facebook.com/pcmerchandise.co/posts/pfbid0SbzpV2tnmmDLUqVwNqajxtesMuSNMFLGHDA6uh4PZIBZHoAjA1kkx37Q,0,0,Photos,,,,,11/26/2023,,,0,0,0,0,0,0,,,,,
1049918349280625,100064197037125,"PC Merchandise","𝐒𝐎𝐋𝐃 𝐑𝐘𝐙𝐄𝐍 𝟓 𝟑𝟒𝟎𝟎𝐆 𝟏𝟎+𝟏 (10PCS)
𝐂𝐎𝐌𝐒𝐇𝐎𝐏 𝐏𝐀𝐂𝐊𝐀𝐆𝐄
#PCMERCHANDISE #PCMBUILDS",,0,"11/18/2023 19:00",,https://www.facebook.com/pcmerchandise.co/posts/pfbid0SbzpV2tnmmDLUqVwNqajxtesMuSNMFLGHDA6uh4PZIBZHoAjA1kkx37Q,0,0,Photos,,,,,11/27/2023,,,0,0,0,0,0,0,,,,,
1049918349280625,100064197037125,"PC Merchandise","𝐒𝐎𝐋𝐃 𝐑𝐘𝐙𝐄𝐍 𝟓 𝟑𝟒𝟎𝟎𝐆 𝟏𝟎+𝟏 (10PCS)
𝐂𝐎𝐌𝐒𝐇𝐎𝐏 𝐏𝐀𝐂𝐊𝐀𝐆𝐄
#PCMERCHANDISE #PCMBUILDS",,0,"11/18/2023 19:00",,https://www.facebook.com/pcmerchandise.co/posts/pfbid0SbzpV2tnmmDLUqVwNqajxtesMuSNMFLGHDA6uh4PZIBZHoAjA1kkx37Q,0,0,Photos,,,,,11/28/2023,,,0,0,0,0,0,0,,,,,
1049918349280625,100064197037125,"PC Merchandise","𝐒𝐎𝐋𝐃 𝐑𝐘𝐙𝐄𝐍 𝟓 𝟑𝟒𝟎𝟎𝐆 𝟏𝟎+𝟏 (10PCS)
𝐂𝐎𝐌𝐒𝐇𝐎𝐏 𝐏𝐀𝐂𝐊𝐀𝐆𝐄
#PCMERCHANDISE #PCMBUILDS",,0,"11/18/2023 19:00",,https://www.facebook.com/pcmerchandise.co/posts/pfbid0SbzpV2tnmmDLUqVwNqajxtesMuSNMFLGHDA6uh4PZIBZHoAjA1kkx37Q,0,0,Photos,,,,,11/29/2023,,,0,0,0,0,0,0,,,,,
1049918349280625,100064197037125,"PC Merchandise","𝐒𝐎𝐋𝐃 𝐑𝐘𝐙𝐄𝐍 𝟓 𝟑𝟒𝟎𝟎𝐆 𝟏𝟎+𝟏 (10PCS)
𝐂𝐎𝐌𝐒𝐇𝐎𝐏 𝐏𝐀𝐂𝐊𝐀𝐆𝐄
#PCMERCHANDISE #PCMBUILDS",,0,"11/18/2023 19:00",,https://www.facebook.com/pcmerchandise.co/posts/pfbid0SbzpV2tnmmDLUqVwNqajxtesMuSNMFLGHDA6uh4PZIBZHoAjA1kkx37Q,0,0,Photos,,,,,11/30/2023,,,0,0,0,0,0,0,,,,,
1049332233343801,100064197037125,"PC Merchandise","BUDGET BUILD ALERT 🚨 i5 12400F + GTX 1660S — perfect for online class and gaming!",,0,"11/18/2023 02:15",,https://www.facebook.com/pcmerchandise.co/posts/pfbid0ZWx1NxLgNsV7jaIvZkc94KqrHBlIcxcr0pmjiBQRpoeDCKkYQY53I4yu,0,0,Photos,,,,,11/30/2023,0,,,,,,,,,,,,
1049332233343801,100064197037125,"PC Merchandise","BUDGET BUILD ALERT 🚨 i5 12400F + GTX 1660S — perfect for online class and gaming!",,0,"11/18/2023 02:15",,https://www.facebook.com/pcmerchandise.co/posts/pfbid0ZWx1NxLgNsV7jaIvZkc94KqrHBlIcxcr0pmjiBQRpoeDCKkYQY53I4yu,0,0,Photos,,,,,11/01/2023,,,0,0,0,0,0,0,,,,,
1049332233343801,100064197037125,"PC Merchandise","BUDGET BUILD ALERT 🚨 i5 12400F + GTX 1660S — perfect for online class and gaming!",,0,"11/18/2023 02:15",,https://www.facebook.com/pcmerchandise.co/posts/pfbid0ZWx1NxLgNsV7jaIvZkc94KqrHBlIcxcr0pmjiBQRpoeDCKkYQY53I4yu,0,0,Photos,,,,,11/02/2023,,,0,0,0,0,0,0,,,,,
1049332233343801,100064197037125,"PC Merchandise","BUDGET BUILD ALERT 🚨 i5 12400F + GTX 1660S — perfect for online class and gaming!",,0,"11/18/2023 02:15",,https://www.facebook.com/pcmerchandise.co/posts/pfbid0ZWx1NxLgNsV7jaIvZkc94KqrHBlIcxcr0pmjiBQRpoeDCKkYQY53I4yu,0,0,Photos,,,,,11/03/2023,,,0,0,0,0,0,0,,,,,
1049332233343801,100064197037125,"PC Merchandise","BUDGET BUILD ALERT 🚨 i5 12400F + GTX 1660S — perfect for online class and gaming!",,0,"11/18/2023 02:15",,https://www.facebook.com/pcmerchandise.co/posts/pfbid0ZWx1NxLgNsV7jaIvZkc94KqrHBlIcxcr0pmjiBQRpoeDCKkYQY53I4yu,0,0,Photos,,,,,11/04/2023,,,0,0,0,0,0,0,,,,,
1049332233343801,100064197037125,"PC Merchandise","BUDGET BUILD ALERT 🚨 i5 12400F + GTX 1660S — perfect for online class and gaming!",,0,"11/18/2023 02:15",,https://www.facebook.com/pcmerchandise.co/posts/pfbid0ZWx1NxLgNsV7jaIvZkc94KqrHBlIcxcr0pmjiBQRpoeDCKkYQY53I4yu,0,0,Photos,,,,,11/05/2023,,,0,0,0,0,0,0,,,,,
1049332233343801,100064197037125,"PC Merchandise","BUDGET BUILD ALERT 🚨 i5 12400F + GTX 1660S — perfect for online class and gaming!",,0,"11/18/2023 02:15",,https://www.facebook.com/pcmerchandise.co/posts/pfbid0ZWx1NxLgNsV7jaIvZkc94KqrHBlIcxcr0pmjiBQRpoeDCKkYQY53I4yu,0,0,Photos,,,,,11/06/2023,,,0,0,0,0,0,0,,,,,
1049332233343801,100064197037125,"PC Merchandise","BUDGET BUILD ALERT 🚨 i5 12400F + GTX 1660S — perfect for online class and gaming!",,0,"11/18/2023 02:15",,https://www.facebook.com/pcmerchandise.co/posts/pfbid0ZWx1NxLgNsV7jaIvZkc94KqrHBlIcxcr0pmjiBQRpoeDCKkYQY53I4yu,0,0,Photos,,,,,11/07/2023,,,0,0,0,0,0,0,,,,,
1049332233343801,100064197037125,"PC Merchandise","BUDGET BUILD ALERT 🚨 i5 12400F + GTX 1660S — perfect for online class and gaming!",,0,"11/18/2023 02:15",,https://www.facebook.com/pcmerchandise.co/posts/pfbid0ZWx1NxLgNsV7jaIvZkc94KqrHBlIcxcr0pmjiBQRpoeDCKkYQY53I4yu,0,0,Photos,,,,,11/08/2023,,,0,0,0,0,0,0,,,,,
1049332233343801,100064197037125,"PC Merchandise","BUDGET BUILD ALERT 🚨 i5 12400F + GTX 1660S — perfect for online class and gaming!",,0,"11/18/2023 02:15",,https://www.facebook.com/pcmerchandise.co/posts/pfbid0ZWx1NxLgNsV7jaIvZkc94KqrHBlIcxcr0pmjiBQRpoeDCKkYQY53I4yu,0,0,Photos,,,,,11/09/2023,,,0,0,0,0,0,0,,,,,
1049332233343801,100064197037125,"PC Merchandise","BUDGET BUILD ALERT 🚨 i5 12400F + GTX 1660S — perfect for online class and gaming!",,0,"11/18/2023 02:15",,https://www.facebook.com/pcmerchandise.co/posts/pfbid0ZWx1NxLgNsV7jaIvZkc94KqrHBlIcxcr0pmjiBQRpoeDCKkYQY53I4yu,0,0,Photos,,,,,11/10/2023,,,0,0,0,0,0,0,,,,,
1049332233343801,100064197037125,"PC Merchandise","BUDGET BUILD ALERT 🚨 i5 12400F + GTX 1660S — perfect for online class and gaming!",,0,"11/18/2023 02:15",,https://www.facebook.com/pcmerchandise.co/posts/pfbid0ZWx1NxLgNsV7jaIvZkc94KqrHBlIcxcr0pmjiBQRpoeDCKkYQY53I4yu,0,0,Photos,,,,,11/11/2023,,,0,0,0,0,0,0,,,,,
1049332233343801,100064197037125,"PC Merchandise","BUDGET BUILD ALERT 🚨 i5 12400F + GTX 1660S — perfect for online class and gaming!",,0,"11/18/2023 02:15",,https://www.facebook.com/pcmerchandise.co/posts/pfbid0ZWx1NxLgNsV7jaIvZkc94KqrHBlIcxcr0pmjiBQRpoeDCKkYQY53I4yu,0,0,Photos,,,,,11/12/2023,,,0,0,0,0,0,0,,,,,
1049332233343801,100064197037125,"PC Merchandise","BUDGET BUILD ALERT 🚨 i5 12400F + GTX 1660S — perfect for online class and gaming!",,0,"11/18/2023 02:15",,https://www.facebook.com/pcmerchandise.co/posts/pfbid0ZWx1NxLgNsV7jaIvZkc94KqrHBlIcxcr0pmjiBQRpoeDCKkYQY53I4yu,0,0,Photos,,,,,11/13/2023,,,0,0,0,0,0,0,,,,,
1049332233343801,100064197037125,"PC Merchandise","BUDGET BUILD ALERT 🚨 i5 12400F + GTX 1660S — perfect for online class and gaming!",,0,"11/18/2023 02:15",,https://www.facebook.com/pcmerchandise.co/posts/pfbid0ZWx1NxLgNsV7jaIvZkc94KqrHBlIcxcr0pmjiBQRpoeDCKkYQY53I4yu,0,0,Photos,,,,,11/14/2023,,,0,0,0,0,0,0,,,,,
1049332233343801,100064197037125,"PC Merchandise","BUDGET BUILD ALERT 🚨 i5 12400F + GTX 1660S — perfect for online class and gaming!",,0,"11/18/2023 02:15",,https://www.facebook.com/pcmerchandise.co/posts/pfbid0ZWx1NxLgNsV7jaIvZkc94KqrHBlIcxcr0pmjiBQRpoeDCKkYQY53I4yu,0,0,Photos,,,,,11/15/2023,,,0,0,0,0,0,0,,,,,
1049332233343801,100064197037125,"PC Merchandise","BUDGET BUILD ALERT 🚨 i5 12400F + GTX 1660S — perfect for online class and gaming!",,0,"11/18/2023 02:15",,https://www.facebook.com/pcmerchandise.co/posts/pfbid0ZWx1NxLgNsV7jaIvZkc94KqrHBlIcxcr0pmjiBQRpoeDCKkYQY53I4yu,0,0,Photos,,,,,11/16/2023,,,0,0,0,0,0,0,,,,,
1049332233343801,100064197037125,"PC Merchandise","BUDGET BUILD ALERT 🚨 i5 12400F + GTX 1660S — perfect for online class and gaming!",,0,"11/18/2023 02:15",,https://www.facebook.com/pcmerchandise.co/posts/pfbid0ZWx1NxLgNsV7jaIvZkc94KqrHBlIcxcr0pmjiBQRpoeDCKkYQY53I4yu,0,0,Photos,,,,,11/17/2023,,,0,0,0,0,0,0,,,,,
1049332233343801,100064197037125,"PC Merchandise","BUDGET BUILD ALERT 🚨 i5 12400F + GTX 1660S — perfect for online class and gaming!",,0,"11/18/2023 02:15",,https://www.facebook.com/pcmerchandise.co/posts/pfbid0ZWx1NxLgNsV7jaIvZkc94KqrHBlIcxcr0pmjiBQRpoeDCKkYQY53I4yu,0,0,Photos,,,,,11/18/2023,,,0,0,0,0,0,0,,,,,
1049332233343801,100064197037125,"PC Merchandise","BUDGET BUILD ALERT 🚨 i5 12400F + GTX 1660S — perfect for online class and gaming!",,0,"11/18/2023 02:15",,https://www.facebook.com/pcmerchandise.co/posts/pfbid0ZWx1NxLgNsV7jaIvZkc94KqrHBlIcxcr0pmjiBQRpoeDCKkYQY53I4yu,0,0,Photos,,,,,11/19/2023,,,0,0,0,0,0,0,,,,,
1049332233343801,100064197037125,"PC Merchandise","BUDGET BUILD ALERT 🚨 i5 12400F + GTX 1660S — perfect for online class and gaming!",,0,"11/18/2023 02:15",,https://www.facebook.com/pcmerchandise.co/posts/pfbid0ZWx1NxLgNsV7jaIvZkc94KqrHBlIcxcr0pmjiBQRpoeDCKkYQY53I4yu,0,0,Photos,,,,,11/20/2023,,,0,0,0,0,0,0,,,,,
1049332233343801,100064197037125,"PC Merchandise","BUDGET BUILD ALERT 🚨 i5 12400F + GTX 1660S — perfect for online class and gaming!",,0,"11/18/2023 02:15",,https://www.facebook.com/pcmerchandise.co/posts/pfbid0ZWx1NxLgNsV7jaIvZkc94KqrHBlIcxcr0pmjiBQRpoeDCKkYQY53I4yu,0,0,Photos,,,,,11/21/2023,,,0,0,0,0,0,0,,,,,
1049332233343801,100064197037125,"PC Merchandise","BUDGET BUILD ALERT 🚨 i5 12400F + GTX 1660S — perfect for online class and gaming!",,0,"11/18/2023 02:15",,https://www.facebook.com/pcmerchandise.co/posts/pfbid0ZWx1NxLgNsV7jaIvZkc94KqrHBlIcxcr0pmjiBQRpoeDCKkYQY53I4yu,0,0,Photos,,,,,11/22/2023,,,0,0,0,0,0,0,,,,,
1049332233343801,100064197037125,"PC Merchandise","BUDGET BUILD ALERT 🚨 i5 12400F + GTX 1660S — perfect for online class and gaming!",,0,"11/18/2023 02:15",,https://www.facebook.com/pcmerchandise.co/posts/pfbid0ZWx1NxLgNsV7jaIvZkc94KqrHBlIcxcr0pmjiBQRpoeDCKkYQY53I4yu,0,0,Photos,,,,,11/23/2023,,,0,0,0,0,0,0,,,,,
1049332233343801,100064197037125,"PC Merchandise","BUDGET BUILD ALERT 🚨 i5 12400F + GTX 1660S — perfect for online class and gaming!",,0,"11/18/2023 02:15",,https://www.facebook.com/pcmerchandise.co/posts/pfbid0ZWx1NxLgNsV7jaIvZkc94KqrHBlIcxcr0pmjiBQRpoeDCKkYQY53I4yu,0,0,Photos,,,,,11/24/2023,,,0,0,0,0,0,0,,,,,
1049332233343801,100064197037125,"PC Merchandise","BUDGET BUILD ALERT 🚨 i5 12400F + GTX 1660S — perfect for online class and gaming!",,0,"11/18/2023 02:15",,https://www.facebook.com/pcmerchandise.co/posts/pfbid0ZWx1NxLgNsV7jaIvZkc94KqrHBlIcxcr0pmjiBQRpoeDCKkYQY53I4yu,0,0,Photos,,,,,11/25/2023,,,0,0,0,0,0,0,,,,,
1049332233343801,100064197037125,"PC Merchandise","BUDGET BUILD ALERT 🚨 i5 12400F + GTX 1660S — perfect for online class and gaming!",,0,"11/18/2023 02:15",,https://www.facebook.com/pcmerchandise.co/posts/pfbid0ZWx1NxLgNsV7jaIvZkc94KqrHBlIcxcr0pmjiBQRpoeDCKkYQY53I4yu,0,0,Photos,,,,,11/26/2023,,,0,0,0,0,0,0,,,,,
1049332233343801,100064197037125,"PC Merchandise","BUDGET BUILD ALERT 🚨 i5 12400F + GTX 1660S — perfect for online class and gaming!",,0,"11/18/2023 02:15",,https://www.facebook.com/pcmerchandise.co/posts/pfbid0ZWx1NxLgNsV7jaIvZkc94KqrHBlIcxcr0pmjiBQRpoeDCKkYQY53I4yu,0,0,Photos,,,,,11/27/2023,,,0,0,0,0,0,0,,,,,
1049332233343801,100064197037125,"PC Merchandise","BUDGET BUILD ALERT 🚨 i5 12400F + GTX 1660S — perfect for online class and gaming!",,0,"11/18/2023 02:15",,https://www.facebook.com/pcmerchandise.co/posts/pfbid0ZWx1NxLgNsV7jaIvZkc94KqrHBlIcxcr0pmjiBQRpoeDCKkYQY53I4yu,0,0,Photos,,,,,11/28/2023,,,0,0,0,0,0,0,,,,,
1049332233343801,100064197037125,"PC Merchandise","BUDGET BUILD ALERT 🚨 i5 12400F + GTX 1660S — perfect for online class and gaming!",,0,"11/18/2023 02:15",,https://www.facebook.com/pcmerchandise.co/posts/pfbid0ZWx1NxLgNsV7jaIvZkc94KqrHBlIcxcr0pmjiBQRpoeDCKkYQY53I4yu,0,0,Photos,,,,,11/29/2023,,,0,0,0,0,0,0,,,,,
1049332233343801,100064197037125,"PC Merchandise","BUDGET BUILD ALERT 🚨 i5 12400F + GTX 1660S — perfect for online class and gaming!",,0,"11/18/2023 02:15",,https://www.facebook.com/pcmerchandise.co/posts/pfbid0ZWx1NxLgNsV7jaIvZkc94KqrHBlIcxcr0pmjiBQRpoeDCKkYQY53I4yu,0,0,Photos,,,,,11/30/2023,,,0,0,0,0,0,0,,,,,
1049770025784086,100064197037125,"PC Merchandise","Free deliver within Cavite! i5 12400F packages all-in na.",,67,"11/15/2023 02:30",uploaded,https://www.facebook.com/reel/1076191441195737/,0,0,Reels,,,,,11/01/2023,0,,,,,,0,0,0,0,0,0.000,2.085
1049770025784086,100064197037125,"PC Merchandise","Free deliver within Cavite! i5 12400F packages all-in na.",,67,"11/15/2023 02:30",uploaded,https://www.facebook.com/reel/1076191441195737/,0,0,Reels,,,,,11/02/2023,0,,,,,,0,0,0,0,0,0.000,1.871
1049770025784086,100064197037125,"PC Merchandise","Free deliver within Cavite! i5 12400F packages all-in na.",,67,"11/15/2023 02:30",uploaded,https://www.facebook.com/reel/1076191441195737/,0,0,Reels,,,,,11/03/2023,0,,,,,,0,0,0,0,0,0.000,1.531
1049770025784086,100064197037125,"PC Merchandise","Free deliver within Cavite! i5 12400F packages all-in na.",,67,"11/15/2023 02:30",uploaded,https://www.facebook.com/reel/1076191441195737/,0,0,Reels,,,,,11/04/2023,0,,,,,,0,0,0,0,0,0.000,2.477
1049770025784086,100064197037125,"PC Merchandise","Free deliver within Cavite! i5 12400F packages all-in na.",,67,"11/15/2023 02:30",uploaded,https://www.facebook.com/reel/1076191441195737/,0,0,Reels,,,,,11/05/2023,0,,,,,,0,0,0,0,0,0.000,3.913
1049770025784086,100064197037125,"PC Merchandise","Free deliver within Cavite! i5 12400F packages all-in na.",,67,"11/15/2023 02:30",uploaded,https://www.facebook.com/reel/1076191441195737/,0,0,Reels,,,,,11/06/2023,0,,,,,,0,0,0,0,0,0.000,1.500
1049770025784086,100064197037125,"PC Merchandise","Free deliver within Cavite! i5 12400F packages all-in na.",,67,"11/15/2023 02:30",uploaded,https://www.facebook.com/reel/1076191441195737/,0,0,Reels,,,,,11/07/2023,0,,,,,,0,0,0,0,0,0.000,1.500
1049770025784086,100064197037125,"PC Merchandise","Free deliver within Cavite! i5 12400F packages all-in na.",,67,"11/15/2023 02:30",uploaded,https://www.facebook.com/reel/1076191441195737/,0,0,Reels,,,,,11/08/2023,0,,,,,,0,0,0,0,0,0.000,1.914
1049770025784086,100064197037125,"PC Merchandise","Free deliver within Cavite! i5 12400F packages all-in na.",,67,"11/15/2023 02:30",uploaded,https://www.facebook.com/reel/1076191441195737/,0,0,Reels,,,,,11/09/2023,0,,,,,,0,0,0,0,0,0.000,3.435
1049770025784086,100064197037125,"PC Merchandise","Free deliver within Cavite! i5 12400F packages all-in na.",,67,"11/15/2023 02:30",uploaded,https://www.facebook.com/reel/1076191441195737/,0,0,Reels,,,,,11/10/2023,0,,,,,,0,0,0,0,0,0.000,1.825
1049770025784086,100064197037125,"PC Merchandise","Free deliver within Cavite! i5 12400F packages all-in na.",,67,"11/15/2023 02:30",uploaded,https://www.facebook.com/reel/1076191441195737/,0,0,Reels,,,,,11/11/2023,0,,,,,,0,0,0,0,0,0.000,2.781
1049770025784086,100064197037125,"PC Merchandise","Free deliver within Cavite! i5 12400F packages all-in na.",,67,"11/15/2023 02:30",uploaded,https://www.facebook.com/reel/1076191441195737/,0,0,Reels,,,,,11/12/2023,0,,,,,,0,0,0,0,0,0.000,1.562
1049770025784086,100064197037125,"PC Merchandise","Free deliver within Cavite! i5 12400F packages all-in na.",,67,"11/15/2023 02:30",uploaded,https://www.facebook.com/reel/1076191441195737/,0,0,Reels,,,,,11/13/2023,0,,,,,,0,0,0,0,0,0.000,2.722
1049770025784086,100064197037125,"PC Merchandise","Free deliver within Cavite! i5 12400F packages all-in na.",,67,"11/15/2023 02:30",uploaded,https://www.facebook.com/reel/1076191441195737/,0,0,Reels,,,,,11/14/2023,0,,,,,,0,0,0,0,0,0.000,2.383
1049770025784086,100064197037125,"PC Merchandise","Free deliver within Cavite! i5 12400F packages all-in na.",,67,"11/15/2023 02:30",uploaded,https://www.facebook.com/reel/1076191441195737/,0,0,Reels,,,,,11/15/2023,0,,,,,,0,0,2,2,0,240.310,1.948
1049770025784086,100064197037125,"PC Merchandise","Free deliver within Cavite! i5 12400F packages all-in na.",,67,"11/15/2023 02:30",uploaded,https://www.facebook.com/reel/1076191441195737/,0,0,Reels,,,,,11/16/2023,0,,,,,,0,0,0,0,0,149.276,1.737
1049770025784086,100064197037125,"PC Merchandise","Free deliver within Cavite! i5 12400F packages all-in na.",,67,"11/15/2023 02:30",uploaded,https://www.facebook.com/reel/1076191441195737/,0,0,Reels,,,,,11/17/2023,0,,,,,,0,0,0,0,0,103.827,2.613
1049770025784086,100064197037125,"PC Merchandise","Free deliver within Cavite! i5 12400F packages all-in na.",,67,"11/15/2023 02:30",uploaded,https://www.facebook.com/reel/1076191441195737/,0,0,Reels,,,,,11/18/2023,0,,,,,,0,0,0,0,0,124.294,3.688
1049770025784086,100064197037125,"PC Merchandise","Free deliver within Cavite! i5 12400F packages all-in na.",,67,"11/15/2023 02:30",uploaded,https://www.facebook.com/reel/1076191441195737/,0,0,Reels,,,,,11/19/2023,0,,,,,,0,0,0,0,0,38.427,2.664
1049770025784086,100064197037125,"PC Merchandise","Free deliver within Cavite! i5 12400F packages all-in na.",,67,"11/15/2023 02:30",uploaded,https://www.facebook.com/reel/1076191441195737/,0,0,Reels,,,,,11/20/2023,0,,,,,,0,0,0,0,0,35.438,2.108
1049770025784086,100064197037125,"PC Merchandise","Free deliver within Cavite! i5 12400F packages all-in na.",,67,"11/15/2023 02:30",uploaded,https://www.facebook.com/reel/1076191441195737/,0,0,Reels,,,,,11/21/2023,0,,,,,,0,0,2,2,0,41.009,1.802
1049770025784086,100064197037125,"PC Merchandise","Free deliver within Cavite! i5 12400F packages all-in na.",,67,"11/15/2023 02:30",uploaded,https://www.facebook.com/reel/1076191441195737/,0,0,Reels,,,,,11/22/2023,0,,,,,,0,0,0,0,0,54.507,2.953
1049770025784086,100064197037125,"PC Merchandise","Free deliver within Cavite! i5 12400F packages all-in na.",,67,"11/15/2023 02:30",uploaded,https://www.facebook.com/reel/1076191441195737/,0,0,Reels,,,,,11/23/2023,0,,,,,,0,0,0,0,0,17.668,1.500
1049770025784086,100064197037125,"PC Merchandise","Free deliver within Cavite! i5 12400F packages all-in na.",,67,"11/15/2023 02:30",uploaded,https://www.facebook.com/reel/1076191441195737/,0,0,Reels,,,,,11/24/2023,0,,,,,,0,0,0,0,0,15.884,1.788
1049770025784086,100064197037125,"PC Merchandise","Free deliver within Cavite! i5 12400F packages all-in na.",,67,"11/15/2023 02:30",uploaded,https://www.facebook.com/reel/1076191441195737/,0,0,Reels,,,,,11/25/2023,0,,,,,,0,0,0,0,0,14.396,3.828
1049770025784086,100064197037125,"PC Merchandise","Free deliver within Cavite! i5 12400F packages all-in na.",,67,"11/15/2023 02:30",uploaded,https://www.facebook.com/reel/1076191441195737/,0,0,Reels,,,,,11/26/2023,0,,,,,,0,0,0,0,0,12.332,1.639
1049770025784086,100064197037125,"PC Merchandise","Free deliver within Cavite! i5 12400F packages all-in na.",,67,"11/15/2023 02:30",uploaded,https://www.facebook.com/reel/1076191441195737/,0,0,Reels,,,,,11/27/2023,0,,,,,,0,0,0,0,0,21.746,1.500
1049770025784086,100064197037125,"PC Merchandise","Free deliver within Cavite! i5 12400F packages all-in na.",,67,"11/15/2023 02:30",uploaded,https://www.facebook.com/reel/1076191441195737/,0,0,Reels,,,,,11/28/2023,0,,,,,,0,0,0,0,0,17.659,2.013
1049770025784086,100064197037125,"PC Merchandise","Free deliver within Cavite! i5 12400F packages all-in na.",,67,"11/15/2023 02:30",uploaded,https://www.facebook.com/reel/1076191441195737/,0,0,Reels,,,,,11/29/2023,0,,,,,,0,0,0,0,0,14.298,1.500
1049770025784086,100064197037125,"PC Merchandise","Free deliver within Cavite! i5 12400F packages all-in na.",,67,"11/15/2023 02:30",uploaded,https://www.facebook.com/reel/1076191441195737/,0,0,Reels,,,,,11/30/2023,0,,,,,,0,0,0,0,0,12.260,1.863
1049520632451557,100064197037125,"PC Merchandise","客户 satisfied ✅ RYZEN 5 5600G build with RGB everything 🌈",,0,"11/15/2023 00:00",,https://www.facebook.com/pcmerchandise.co/posts/pfbid0b1G3FcbdITWK7WnaHAeqh2bRcebh2V6nTC7Da82CoyHta1A49iQWv8XT,0,0,Photos,,,,,11/30/2023,3,,,,,,,,,,,,
1049520632451557,100064197037125,"PC Merchandise","客户 satisfied ✅ RYZEN 5 5600G build with RGB everything 🌈",,0,"11/15/2023 00:00",,https://www.facebook.com/pcmerchandise.co/posts/pfbid0b1G3FcbdITWK7WnaHAeqh2bRcebh2V6nTC7Da82CoyHta1A49iQWv8XT,0,0,Photos,,,,,11/01/2023,,,0,0,0,0,0,0,,,,,
1049520632451557,100064197037125,"PC Merchandise","客户 satisfied ✅ RYZEN 5 5600G build with RGB everything 🌈",,0,"11/15/2023 00:00",,https://www.facebook.com/pcmerchandise.co/posts/pfbid0b1G3FcbdITWK7WnaHAeqh2bRcebh2V6nTC7Da82CoyHta1A49iQWv8XT,0,0,Photos,,,,,11/02/2023,,,0,0,0,0,0,0,,,,,
1049520632451557,100064197037125,"PC Merchandise","客户 satisfied ✅ RYZEN 5 5600G build with RGB everything 🌈",,0,"11/15/2023 00:00",,https://www.facebook.com/pcmerchandise.co/posts/pfbid0b1G3FcbdITWK7WnaHAeqh2bRcebh2V6nTC7Da82CoyHta1A49iQWv8XT,0,0,Photos,,,,,11/03/2023,,,0,0,0,0,0,0,,,,,
1049520632451557,100064197037125,"PC Merchandise","客户 satisfied ✅ RYZEN 5 5600G build with RGB everything 🌈",,0,"11/15/2023 00:00",,https://www.facebook.com/pcmerchandise.co/posts/pfbid0b1G3FcbdITWK7WnaHAeqh2bRcebh2V6nTC7Da82CoyHta1A49iQWv8XT,0,0,Photos,,,,,11/04/2023,,,0,0,0,0,0,0,,,,,
1049520632451557,100064197037125,"PC Merchandise","客户 satisfied ✅ RYZEN 5 5600G build with RGB everything 🌈",,0,"11/15/2023 00:00",,https://www.facebook.com/pcmerchandise.co/posts/pfbid0b1G3FcbdITWK7WnaHAeqh2bRcebh2V6nTC7Da82CoyHta1A49iQWv8XT,0,0,Photos,,,,,11/05/2023,,,0,0,0,0,0,0,,,,,
1049520632451557,100064197037125,"PC Merchandise","客户 satisfied ✅ RYZEN 5 5600G build with RGB everything 🌈",,0,"11/15/2023 00:00",,https://www.facebook.com/pcmerchandise.co/posts/pfbid0b1G3FcbdITWK7WnaHAeqh2bRcebh2V6nTC7Da82CoyHta1A49iQWv8XT,0,0,Photos,,,,,11/06/2023,,,0,0,0,0,0,0,,,,,
1049520632451557,100064197037125,"PC Merchandise","客户 satisfied ✅ RYZEN 5 5600G build with RGB everything 🌈",,0,"11/15/2023 00:00",,https://www.facebook.com/pcmerchandise.co/posts/pfbid0b1G3FcbdITWK7WnaHAeqh2bRcebh2V6nTC7Da82CoyHta1A49iQWv8XT,0,0,Photos,,,,,11/07/2023,,,0,0,0,0,0,0,,,,,
1049520632451557,100064197037125,"PC Merchandise","客户 satisfied ✅ RYZEN 5 5600G build with RGB everything 🌈",,0,"11/15/2023 00:00",,https://www.facebook.com/pcmerchandise.co/posts/pfbid0b1G3FcbdITWK7WnaHAeqh2bRcebh2V6nTC7Da82CoyHta1A49iQWv8XT,0,0,Photos,,,,,11/08/2023,,,0,0,0,0,0,0,,,,,
1049520632451557,100064197037125,"PC Merchandise","客户 satisfied ✅ RYZEN 5 5600G build with RGB everything 🌈",,0,"11/15/2023 00:00",,https://www.facebook.com/pcmerchandise.co/posts/pfbid0b1G3FcbdITWK7WnaHAeqh2bRcebh2V6nTC7Da82CoyHta1A49iQWv8XT,0,0,Photos,,,,,11/09/2023,,,0,0,0,0,0,0,,,,,
1049520632451557,100064197037125,"PC Merchandise","客户 satisfied ✅ RYZEN 5 5600G build with RGB everything 🌈",,0,"11/15/2023 00:00",,https://www.facebook.com/pcmerchandise.co/posts/pfbid0b1G3FcbdITWK7WnaHAeqh2bRcebh2V6nTC7Da82CoyHta1A49iQWv8XT,0,0,Photos,,,,,11/10/2023,,,0,0,0,0,0,0,,,,,
1049520632451557,100064197037125,"PC Merchandise","客户 satisfied ✅ RYZEN 5 5600G build with RGB everything 🌈",,0,"11/15/2023 00:00",,https://www.facebook.com/pcmerchandise.co/posts/pfbid0b1G3FcbdITWK7WnaHAeqh2bRcebh2V6nTC7Da82CoyHta1A49iQWv8XT,0,0,Photos,,,,,11/11/2023,,,0,0,0,0,0,0,,,,,
1049520632451557,100064197037125,"PC Merchandise","客户 satisfied ✅ RYZEN 5 5600G build with RGB everything 🌈",,0,"11/15/2023 00:00",,https://www.facebook.com/pcmerchandise.co/posts/pfbid0b1G3FcbdITWK7WnaHAeqh2bRcebh2V6nTC7Da82CoyHta1A49iQWv8XT,0,0,Photos,,,,,11/12/2023,,,0,0,0,0,0,0,,,,,
1049520632451557,100064197037125,"PC Merchandise","客户 satisfied ✅ RYZEN 5 5600G build with RGB everything 🌈",,0,"11/15/2023 00:00",,https://www.facebook.com/pcmerchandise.co/posts/pfbid0b1G3FcbdITWK7WnaHAeqh2bRcebh2V6nTC7Da82CoyHta1A49iQWv8XT,0,0,Photos,,,,,11/13/2023,,,0,0,0,0,0,0,,,,,
1049520632451557,100064197037125,"PC Merchandise","客户 satisfied ✅ RYZEN 5 5600G build with RGB everything 🌈",,0,"11/15/2023 00:00",,https://www.facebook.com/pcmerchandise.co/posts/pfbid0b1G3FcbdITWK7WnaHAeqh2bRcebh2V6nTC7Da82CoyHta1A49iQWv8XT,0,0,Photos,,,,,11/14/2023,,,0,0,0,0,0,0,,,,,
1049520632451557,100064197037125,"PC Merchandise","客户 satisfied ✅ RYZEN 5 5600G build with RGB everything 🌈",,0,"11/15/2023 00:00",,https://www.facebook.com/pcmerchandise.co/posts/pfbid0b1G3FcbdITWK7WnaHAeqh2bRcebh2V6nTC7Da82CoyHta1A49iQWv8XT,0,0,Photos,,,,,11/15/2023,,,0,0,0,0,0,0,,,,,
1049520632451557,100064197037125,"PC Merchandise","客户 satisfied ✅ RYZEN 5 5600G build with RGB everything 🌈",,0,"11/15/2023 00:00",,https://www.facebook.com/pcmerchandise.co/posts/pfbid0b1G3FcbdITWK7WnaHAeqh2bRcebh2V6nTC7Da82CoyHta1A49iQWv8XT,0,0,Photos,,,,,11/16/2023,,,0,0,0,0,0,0,,,,,
1049520632451557,100064197037125,"PC Merchandise","客户 satisfied ✅ RYZEN 5 5600G build with RGB everything 🌈",,0,"11/15/2023 00:00",,https://www.facebook.com/pcmerchandise.co/posts/pfbid0b1G3FcbdITWK7WnaHAeqh2bRcebh2V6nTC7Da82CoyHta1A49iQWv8XT,0,0,Photos,,,,,11/17/2023,,,0,0,0,0,0,0,,,,,
1049520632451557,100064197037125,"PC Merchandise","客户 satisfied ✅ RYZEN 5 5600G build with RGB everything 🌈",,0,"11/15/2023 00:00",,https://www.facebook.com/pcmerchandise.co/posts/pfbid0b1G3FcbdITWK7WnaHAeqh2bRcebh2V6nTC7Da82CoyHta1A49iQWv8XT,0,0,Photos,,,,,11/18/2023,,,0,0,0,0,0,0,,,,,
1049520632451557,100064197037125,"PC Merchandise","客户 satisfied ✅ RYZEN 5 5600G build with RGB everything 🌈",,0,"11/15/2023 00:00",,https://www.facebook.com/pcmerchandise.co/posts/pfbid0b1G3FcbdITWK7WnaHAeqh2bRcebh2V6nTC7Da82CoyHta1A49iQWv8XT,0,0,Photos,,,,,11/19/2023,,,0,0,0,0,0,0,,,,,
1049520632451557,100064197037125,"PC Merchandise","客户 satisfied ✅ RYZEN 5 5600G build with RGB everything 🌈",,0,"11/15/2023 00:00",,https://www.facebook.com/pcmerchandise.co/posts/pfbid0b1G3FcbdITWK7WnaHAeqh2bRcebh2V6nTC7Da82CoyHta1A49iQWv8XT,0,0,Photos,,,,,11/20/2023,,,0,0,0,0,0,0,,,,,
1049520632451557,100064197037125,"PC Merchandise","客户 satisfied ✅ RYZEN 5 5600G build with RGB everything 🌈",,0,"11/15/2023 00:00",,https://www.facebook.com/pcmerchandise.co/posts/pfbid0b1G3FcbdITWK7WnaHAeqh2bRcebh2V6nTC7Da82CoyHta1A49iQWv8XT,0,0,Photos,,,,,11/21/2023,,,0,0,0,0,0,0,,,,,
1049520632451557,100064197037125,"PC Merchandise","客户 satisfied ✅ RYZEN 5 5600G build with RGB everything 🌈",,0,"11/15/2023 00:00",,https://www.facebook.com/pcmerchandise.co/posts/pfbid0b1G3FcbdITWK7WnaHAeqh2bRcebh2V6nTC7Da82CoyHta1A49iQWv8XT,0,0,Photos,,,,,11/22/2023,,,0,0,0,0,0,0,,,,,
1049520632451557,100064197037125,"PC Merchandise","客户 satisfied ✅ RYZEN 5 5600G build with RGB everything 🌈",,0,"11/15/2023 00:00",,https://www.facebook.com/pcmerchandise.co/posts/pfbid0b1G3FcbdITWK7WnaHAeqh2bRcebh2V6nTC7Da82CoyHta1A49iQWv8XT,0,0,Photos,,,,,11/23/2023,,,0,0,0,0,0,0,,,,,
1049520632451557,100064197037125,"PC Merchandise","客户 satisfied ✅ RYZEN 5 5600G build with RGB everything 🌈",,0,"11/15/2023 00:00",,https://www.facebook.com/pcmerchandise.co/posts/pfbid0b1G3FcbdITWK7WnaHAeqh2bRcebh2V6nTC7Da82CoyHta1A49iQWv8XT,0,0,Photos,,,,,11/24/2023,,,0,0,0,0,0,0,,,,,
1049520632451557,100064197037125,"PC Merchandise","客户 satisfied ✅ RYZEN 5 5600G build with RGB everything 🌈",,0,"11/15/2023 00:00",,https://www.facebook.com/pcmerchandise.co/posts/pfbid0b1G3FcbdITWK7WnaHAeqh2bRcebh2V6nTC7Da82CoyHta1A49iQWv8XT,0,0,Photos,,,,,11/25/2023,,,0,0,0,0,0,0,,,,,
1049520632451557,100064197037125,"PC Merchandise","客户 satisfied ✅ RYZEN 5 5600G build with RGB everything 🌈",,0,"11/15/2023 00:00",,https://www.facebook.com/pcmerchandise.co/posts/pfbid0b1G3FcbdITWK7WnaHAeqh2bRcebh2V6nTC7Da82CoyHta1A49iQWv8XT,0,0,Photos,,,,,11/26/2023,,,0,0,0,0,0,0,,,,,
1049520632451557,100064197037125,"PC Merchandise","客户 satisfied ✅ RYZEN 5 5600G build with RGB everything 🌈",,0,"11/15/2023 00:00",,https://www.facebook.com/pcmerchandise.co/posts/pfbid0b1G3FcbdITWK7WnaHAeqh2bRcebh2V6nTC7Da82CoyHta1A49iQWv8XT,0,0,Photos,,,,,11/27/2023,,,0,0,0,0,0,0,,,,,
1049520632451557,100064197037125,"PC Merchandise","客户 satisfied ✅ RYZEN 5 5600G build with RGB everything 🌈",,0,"11/15/2023 00:00",,https://www.facebook.com/pcmerchandise.co/posts/pfbid0b1G3FcbdITWK7WnaHAeqh2bRcebh2V6nTC7Da82CoyHta1A49iQWv8XT,0,0,Photos,,,,,11/28/2023,,,0,0,0,0,0,0,,,,,
1049520632451557,100064197037125,"PC Merchandise","客户 satisfied ✅ RYZEN 5 5600G build with RGB everything 🌈",,0,"11/15/2023 00:00",,https://www.facebook.com/pcmerchandise.co/posts/pfbid0b1G3FcbdITWK7WnaHAeqh2bRcebh2V6nTC7Da82CoyHta1A49iQWv8XT,0,0,Photos,,,,,11/29/2023,,,0,0,0,0,0,0,,,,,
1049520632451557,100064197037125,"PC Merchandise","客户 satisfied ✅ RYZEN 5 5600G build with RGB everything 🌈",,0,"11/15/2023 00:00",,https://www.facebook.com/pcmerchandise.co/posts/pfbid0b1G3FcbdITWK7WnaHAeqh2bRcebh2V6nTC7Da82CoyHta1A49iQWv8XT,0,0,Photos,,,,,11/30/2023,,,0,0,0,0,0,0,,,,,
1049613136040892,100064197037125,"PC Merchandise","Salamat sa tiwala boss LEO! i3 12100F comshop package — 8 units delivered ✅",,0,"11/14/2023 20:00",,https://www.facebook.com/pcmerchandise.co/posts/pfbid0WYWTAP3MKsxe5kRRFqCHP96Jjec1UJToaMnBMI65Kx9A1k68qkUPtxso,0,0,Photos,,,,,11/30/2023,0,,,,,,,,,,,,
1049613136040892,100064197037125,"PC Merchandise","Salamat sa tiwala boss LEO! i3 12100F comshop package — 8 units delivered ✅",,0,"11/14/2023 20:00",,https://www.facebook.com/pcmerchandise.co/posts/pfbid0WYWTAP3MKsxe5kRRFqCHP96Jjec1UJToaMnBMI65Kx9A1k68qkUPtxso,0,0,Photos,,,,,11/01/2023,,,0,0,0,0,0,0,,,,,
1049613136040892,100064197037125,"PC Merchandise","Salamat sa tiwala boss LEO! i3 12100F comshop package — 8 units delivered ✅",,0,"11/14/2023 20:00",,https://www.facebook.com/pcmerchandise.co/posts/pfbid0WYWTAP3MKsxe5kRRFqCHP96Jjec1UJToaMnBMI65Kx9A1k68qkUPtxso,0,0,Photos,,,,,11/02/2023,,,0,0,0,0,0,0,,,,,
1049613136040892,100064197037125,"PC Merchandise","Salamat sa tiwala boss LEO! i3 12100F comshop package — 8 units delivered ✅",,0,"11/14/2023 20:00",,https://www.facebook.com/pcmerchandise.co/posts/pfbid0WYWTAP3MKsxe5kRRFqCHP96Jjec1UJToaMnBMI65Kx9A1k68qkUPtxso,0,0,Photos,,,,,11/03/2023,,,0,0,0,0,0,0,,,,,
1049613136040892,100064197037125,"PC Merchandise","Salamat sa tiwala boss LEO! i3 12100F comshop package — 8 units delivered ✅",,0,"11/14/2023 20:00",,https://www.facebook.com/pcmerchandise.co/posts/pfbid0WYWTAP3MKsxe5kRRFqCHP96Jjec1UJToaMnBMI65Kx9A1k68qkUPtxso,0,0,Photos,,,,,11/04/2023,,,0,0,0,0,0,0,,,,,
1049613136040892,100064197037125,"PC Merchandise","Salamat sa tiwala boss LEO! i3 12100F comshop package — 8 units delivered ✅",,0,"11/14/2023 20:00",,https://www.facebook.com/pcmerchandise.co/posts/pfbid0WYWTAP3MKsxe5kRRFqCHP96Jjec1UJToaMnBMI65Kx9A1k68qkUPtxso,0,0,Photos,,,,,11/05/2023,,,0,0,0,0,0,0,,,,,
1049613136040892,100064197037125,"PC Merchandise","Salamat sa tiwala boss LEO! i3 12100F comshop package — 8 units delivered ✅",,0,"11/14/2023 20:00",,https://www.facebook.com/pcmerchandise.co/posts/pfbid0WYWTAP3MKsxe5kRRFqCHP96Jjec1UJToaMnBMI65Kx9A1k68qkUPtxso,0,0,Photos,,,,,11/06/2023,,,0,0,0,0,0,0,,,,,
1049613136040892,100064197037125,"PC Merchandise","Salamat sa tiwala boss LEO! i3 12100F comshop package — 8 units delivered ✅",,0,"11/14/2023 20:00",,https://www.facebook.com/pcmerchandise.co/posts/pfbid0WYWTAP3MKsxe5kRRFqCHP96Jjec1UJToaMnBMI65Kx9A1k68qkUPtxso,0,0,Photos,,,,,11/07/2023,,,0,0,0,0,0,0,,,,,
1049613136040892,100064197037125,"PC Merchandise","Salamat sa tiwala boss LEO! i3 12100F comshop package — 8 units delivered ✅",,0,"11/14/2023 20:00",,https://www.facebook.com/pcmerchandise.co/posts/pfbid0WYWTAP3MKsxe5kRRFqCHP96Jjec1UJToaMnBMI65Kx9A1k68qkUPtxso,0,0,Photos,,,,,11/08/2023,,,0,0,0,0,0,0,,,,,
1049613136040892,100064197037125,"PC Merchandise","Salamat sa tiwala boss LEO! i3 12100F comshop package — 8 units delivered ✅",,0,"11/14/2023 20:00",,https://www.facebook.com/pcmerchandise.co/posts/pfbid0WYWTAP3MKsxe5kRRFqCHP96Jjec1UJToaMnBMI65Kx9A1k68qkUPtxso,0,0,Photos,,,,,11/09/2023,,,0,0,0,0,0,0,,,,,
1049613136040892,100064197037125,"PC Merchandise","Salamat sa tiwala boss LEO! i3 12100F comshop package — 8 units delivered ✅",,0,"11/14/2023 20:00",,https://www.facebook.com/pcmerchandise.co/posts/pfbid0WYWTAP3MKsxe5kRRFqCHP96Jjec1UJToaMnBMI65Kx9A1k68qkUPtxso,0,0,Photos,,,,,11/10/2023,,,0,0,0,0,0,0,,,,,
1049613136040892,100064197037125,"PC Merchandise","Salamat sa tiwala boss LEO! i3 12100F comshop package — 8 units delivered ✅",,0,"11/14/2023 20:00",,https://www.facebook.com/pcmerchandise.co/posts/pfbid0WYWTAP3MKsxe5kRRFqCHP96Jjec1UJToaMnBMI65Kx9A1k68qkUPtxso,0,0,Photos,,,,,11/11/2023,,,0,0,0,0,0,0,,,,,
1049613136040892,100064197037125,"PC Merchandise","Salamat sa tiwala boss LEO! i3 12100F comshop package — 8 units delivered ✅",,0,"11/14/2023 20:00",,https://www.facebook.com/pcmerchandise.co/posts/pfbid0WYWTAP3MKsxe5kRRFqCHP96Jjec1UJToaMnBMI65Kx9A1k68qkUPtxso,0,0,Photos,,,,,11/12/2023,,,0,0,0,0,0,0,,,,,
1049613136040892,100064197037125,"PC Merchandise","Salamat sa tiwala boss LEO! i3 12100F comshop package — 8 units delivered ✅",,0,"11/14/2023 20:00",,https://www.facebook.com/pcmerchandise.co/posts/pfbid0WYWTAP3MKsxe5kRRFqCHP96Jjec1UJToaMnBMI65Kx9A1k68qkUPtxso,0,0,Photos,,,,,11/13/2023,,,0,0,0,0,0,0,,,,,
1049613136040892,100064197037125,"PC Merchandise","Salamat sa tiwala boss LEO! i3 12100F comshop package — 8 units delivered ✅",,0,"11/14/2023 20:00",,https://www.facebook.com/pcmerchandise.co/posts/pfbid0WYWTAP3MKsxe5kRRFqCHP96Jjec1UJToaMnBMI65Kx9A1k68qkUPtxso,0,0,Photos,,,,,11/14/2023,,,0,0,0,0,0,0,,,,,
1049613136040892,100064197037125,"PC Merchandise","Salamat sa tiwala boss LEO! i3 12100F comshop package — 8 units delivered ✅",,0,"11/14/2023 20:00",,https://www.facebook.com/pcmerchandise.co/posts/pfbid0WYWTAP3MKsxe5kRRFqCHP96Jjec1UJToaMnBMI65Kx9A1k68qkUPtxso,0,0,Photos,,,,,11/15/2023,,,0,0,0,0,0,0,,,,,
1049613136040892,100064197037125,"PC Merchandise","Salamat sa tiwala boss LEO! i3 12100F comshop package — 8 units delivered ✅",,0,"11/14/2023 20:00",,https://www.facebook.com/pcmerchandise.co/posts/pfbid0WYWTAP3MKsxe5kRRFqCHP96Jjec1UJToaMnBMI65Kx9A1k68qkUPtxso,0,0,Photos,,,,,11/16/2023,,,0,0,0,0,0,0,,,,,
1049613136040892,100064197037125,"PC Merchandise","Salamat sa tiwala boss LEO! i3 12100F comshop package — 8 units delivered ✅",,0,"11/14/2023 20:00",,https://www.facebook.com/pcmerchandise.co/posts/pfbid0WYWTAP3MKsxe5kRRFqCHP96Jjec1UJToaMnBMI65Kx9A1k68qkUPtxso,0,0,Photos,,,,,11/17/2023,,,0,0,0,0,0,0,,,,,
1049613136040892,100064197037125,"PC Merchandise","Salamat sa tiwala boss LEO! i3 12100F comshop package — 8 units delivered ✅",,0,"11/14/2023 20:00",,https://www.facebook.com/pcmerchandise.co/posts/pfbid0WYWTAP3MKsxe5kRRFqCHP96Jjec1UJToaMnBMI65Kx9A1k68qkUPtxso,0,0,Photos,,,,,11/18/2023,,,0,0,0,0,0,0,,,,,
1049613136040892,100064197037125,"PC Merchandise","Salamat sa tiwala boss LEO! i3 12100F comshop package — 8 units delivered ✅",,0,"11/14/2023 20:00",,https://www.facebook.com/pcmerchandise.co/posts/pfbid0WYWTAP3MKsxe5kRRFqCHP96Jjec1UJToaMnBMI65Kx9A1k68qkUPtxso,0,0,Photos,,,,,11/19/2023,,,0,0,0,0,0,0,,,,,
1049613136040892,100064197037125,"PC Merchandise","Salamat sa tiwala boss LEO! i3 12100F comshop package — 8 units delivered ✅",,0,"11/14/2023 20:00",,https://www.facebook.com/pcmerchandise.co/posts/pfbid0WYWTAP3MKsxe5kRRFqCHP96Jjec1UJToaMnBMI65Kx9A1k68qkUPtxso,0,0,Photos,,,,,11/20/2023,,,0,0,0,0,0,0,,,,,
1049613136040892,100064197037125,"PC Merchandise","Salamat sa tiwala boss LEO! i3 12100F comshop package — 8 units delivered ✅",,0,"11/14/2023 20:00",,https://www.facebook.com/pcmerchandise.co/posts/pfbid0WYWTAP3MKsxe5kRRFqCHP96Jjec1UJToaMnBMI65Kx9A1k68qkUPtxso,0,0,Photos,,,,,11/21/2023,,,0,0,0,0,0,0,,,,,
1049613136040892,100064197037125,"PC Merchandise","Salamat sa tiwala boss LEO! i3 12100F comshop package — 8 units delivered ✅",,0,"11/14/2023 20:00",,https://www.facebook.com/pcmerchandise.co/posts/pfbid0WYWTAP3MKsxe5kRRFqCHP96Jjec1UJToaMnBMI65Kx9A1k68qkUPtxso,0,0,Photos,,,,,11/22/2023,,,0,0,0,0,0,0,,,,,
1049613136040892,100064197037125,"PC Merchandise","Salamat sa tiwala boss LEO! i3 12100F comshop package — 8 units delivered ✅",,0,"11/14/2023 20:00",,https://www.facebook.com/pcmerchandise.co/posts/pfbid0WYWTAP3MKsxe5kRRFqCHP96Jjec1UJToaMnBMI65Kx9A1k68qkUPtxso,0,0,Photos,,,,,11/23/2023,,,0,0,0,0,0,0,,,,,
1049613136040892,100064197037125,"PC Merchandise","Salamat sa tiwala boss LEO! i3 12100F comshop package — 8 units delivered ✅",,0,"11/14/2023 20:00",,https://www.facebook.com/pcmerchandise.co/posts/pfbid0WYWTAP3MKsxe5kRRFqCHP96Jjec1UJToaMnBMI65Kx9A1k68qkUPtxso,0,0,Photos,,,,,11/24/2023,,,0,0,0,0,0,0,,,,,
1049613136040892,100064197037125,"PC Merchandise","Salamat sa tiwala boss LEO! i3 12100F comshop package — 8 units delivered ✅",,0,"11/14/2023 20:00",,https://www.facebook.com/pcmerchandise.co/posts/pfbid0WYWTAP3MKsxe5kRRFqCHP96Jjec1UJToaMnBMI65Kx9A1k68qkUPtxso,0,0,Photos,,,,,11/25/2023,,,0,0,0,0,0,0,,,,,
1049613136040892,100064197037125,"PC Merchandise","Salamat sa tiwala boss LEO! i3 12100F comshop package — 8 units delivered ✅",,0,"11/14/2023 20:00",,https://www.facebook.com/pcmerchandise.co/posts/pfbid0WYWTAP3MKsxe5kRRFqCHP96Jjec1UJToaMnBMI65Kx9A1k68qkUPtxso,0,0,Photos,,,,,11/26/2023,,,0,0,0,0,0,0,,,,,
1049613136040892,100064197037125,"PC Merchandise","Salamat sa tiwala boss LEO! i3 12100F comshop package — 8 units delivered ✅",,0,"11/14/2023 20:00",,https://www.facebook.com/pcmerchandise.co/posts/pfbid0WYWTAP3MKsxe5kRRFqCHP96Jjec1UJToaMnBMI65Kx9A1k68qkUPtxso,0,0,Photos,,,,,11/27/2023,,,0,0,0,0,0,0,,,,,
1049613136040892,100064197037125,"PC Merchandise","Salamat sa tiwala boss LEO! i3 12100F comshop package — 8 units delivered ✅",,0,"11/14/2023 20:00",,https://www.facebook.com/pcmerchandise.co/posts/pfbid0WYWTAP3MKsxe5kRRFqCHP96Jjec1UJToaMnBMI65Kx9A1k68qkUPtxso,0,0,Photos,,,,,11/28/2023,,,0,0,0,0,0,0,,,,,
1049613136040892,100064197037125,"PC Merchandise","Salamat sa tiwala boss LEO! i3 12100F comshop package — 8 units delivered ✅",,0,"11/14/2023 20:00",,https://www.facebook.com/pcmerchandise.co/posts/pfbid0WYWTAP3MKsxe5kRRFqCHP96Jjec1UJToaMnBMI65Kx9A1k68qkUPtxso,0,0,Photos,,,,,11/29/2023,,,0,0,0,0,0,0,,,,,
1049613136040892,100064197037125,"PC Merchandise","Salamat sa tiwala boss LEO! i3 12100F comshop package — 8 units delivered ✅",,0,"11/14/2023 20:00",,https://www.facebook.com/pcmerchandise.co/posts/pfbid0WYWTAP3MKsxe5kRRFqCHP96Jjec1UJToaMnBMI65Kx9A1k68qkUPtxso,0,0,Photos,,,,,11/30/2023,,,0,0,0,0,0,0,,,,,
1049332983827804,100064197037125,"PC Merchandise","Do you want an aesthetic build that matches your gaming needs? RYZEN 5 5600G builds available now!",,0,"11/14/2023 19:40",,https://www.facebook.com/pcmerchandise.co/posts/pfbid0EogM86uvkLK9O5UVvVXgY9mKm17ilrurSgVfWph2To00FKjRFvBWdfED,0,0,Photos,,,,,11/30/2023,2,,,,,,,,,,,,
1049332983827804,100064197037125,"PC Merchandise","Do you want an aesthetic build that matches your gaming needs? RYZEN 5 5600G builds available now!",,0,"11/14/2023 19:40",,https://www.facebook.com/pcmerchandise.co/posts/pfbid0EogM86uvkLK9O5UVvVXgY9mKm17ilrurSgVfWph2To00FKjRFvBWdfED,0,0,Photos,,,,,11/01/2023,,,0,0,0,0,0,0,,,,,
1049332983827804,100064197037125,"PC Merchandise","Do you want an aesthetic build that matches your gaming needs? RYZEN 5 5600G builds available now!",,0,"11/14/2023 19:40",,https://www.facebook.com/pcmerchandise.co/posts/pfbid0EogM86uvkLK9O5UVvVXgY9mKm17ilrurSgVfWph2To00FKjRFvBWdfED,0,0,Photos,,,,,11/02/2023,,,0,0,0,0,0,0,,,,,
1049332983827804,100064197037125,"PC Merchandise","Do you want an aesthetic build that matches your gaming needs? RYZEN 5 5600G builds available now!",,0,"11/14/2023 19:40",,https://www.facebook.com/pcmerchandise.co/posts/pfbid0EogM86uvkLK9O5UVvVXgY9mKm17ilrurSgVfWph2To00FKjRFvBWdfED,0,0,Photos,,,,,11/03/2023,,,0,0,0,0,0,0,,,,,
1049332983827804,100064197037125,"PC Merchandise","Do you want an aesthetic build that matches your gaming needs? RYZEN 5 5600G builds available now!",,0,"11/14/2023 19:40",,https://www.facebook.com/pcmerchandise.co/posts/pfbid0EogM86uvkLK9O5UVvVXgY9mKm17ilrurSgVfWph2To00FKjRFvBWdfED,0,0,Photos,,,,,11/04/2023,,,0,0,0,0,0,0,,,,,
1049332983827804,100064197037125,"PC Merchandise","Do you want an aesthetic build that matches your gaming needs? RYZEN 5 5600G builds available now!",,0,"11/14/2023 19:40",,https://www.facebook.com/pcmerchandise.co/posts/pfbid0EogM86uvkLK9O5UVvVXgY9mKm17ilrurSgVfWph2To00FKjRFvBWdfED,0,0,Photos,,,,,11/05/2023,,,0,0,0,0,0,0,,,,,
1049332983827804,100064197037125,"PC Merchandise","Do you want an aesthetic build that matches your gaming needs? RYZEN 5 5600G builds available now!",,0,"11/14/2023 19:40",,https://www.facebook.com/pcmerchandise.co/posts/pfbid0EogM86uvkLK9O5UVvVXgY9mKm17ilrurSgVfWph2To00FKjRFvBWdfED,0,0,Photos,,,,,11/06/2023,,,0,0,0,0,0,0,,,,,
1049332983827804,100064197037125,"PC Merchandise","Do you want an aesthetic build that matches your gaming needs? RYZEN 5 5600G builds available now!",,0,"11/14/2023 19:40",,https://www.facebook.com/pcmerchandise.co/posts/pfbid0EogM86uvkLK9O5UVvVXgY9mKm17ilrurSgVfWph2To00FKjRFvBWdfED,0,0,Photos,,,,,11/07/2023,,,0,0,0,0,0,0,,,,,
1049332983827804,100064197037125,"PC Merchandise","Do you want an aesthetic build that matches your gaming needs? RYZEN 5 5600G builds available now!",,0,"11/14/2023 19:40",,https://www.facebook.com/pcmerchandise.co/posts/pfbid0EogM86uvkLK9O5UVvVXgY9mKm17ilrurSgVfWph2To00FKjRFvBWdfED,0,0,Photos,,,,,11/08/2023,,,0,0,0,0,0,0,,,,,
1049332983827804,100064197037125,"PC Merchandise","Do you want an aesthetic build that matches your gaming needs? RYZEN 5 5600G builds available now!",,0,"11/14/2023 19:40",,https://www.facebook.com/pcmerchandise.co/posts/pfbid0EogM86uvkLK9O5UVvVXgY9mKm17ilrurSgVfWph2To00FKjRFvBWdfED,0,0,Photos,,,,,11/09/2023,,,0,0,0,0,0,0,,,,,
1049332983827804,100064197037125,"PC Merchandise","Do you want an aesthetic build that matches your gaming needs? RYZEN 5 5600G builds available now!",,0,"11/14/2023 19:40",,https://www.facebook.com/pcmerchandise.co/posts/pfbid0EogM86uvkLK9O5UVvVXgY9mKm17ilrurSgVfWph2To00FKjRFvBWdfED,0,0,Photos,,,,,11/10/2023,,,0,0,0,0,0,0,,,,,
1049332983827804,100064197037125,"PC Merchandise","Do you want an aesthetic build that matches your gaming needs? RYZEN 5 5600G builds available now!",,0,"11/14/2023 19:40",,https://www.facebook.com/pcmerchandise.co/posts/pfbid0EogM86uvkLK9O5UVvVXgY9mKm17ilrurSgVfWph2To00FKjRFvBWdfED,0,0,Photos,,,,,11/11/2023,,,0,0,0,0,0,0,,,,,
1049332983827804,100064197037125,"PC Merchandise","Do you want an aesthetic build that matches your gaming needs? RYZEN 5 5600G builds available now!",,0,"11/14/2023 19:40",,https://www.facebook.com/pcmerchandise.co/posts/pfbid0EogM86uvkLK9O5UVvVXgY9mKm17ilrurSgVfWph2To00FKjRFvBWdfED,0,0,Photos,,,,,11/12/2023,,,0,0,0,0,0,0,,,,,
1049332983827804,100064197037125,"PC Merchandise","Do you want an aesthetic build that matches your gaming needs? RYZEN 5 5600G builds available now!",,0,"11/14/2023 19:40",,https://www.facebook.com/pcmerchandise.co/posts/pfbid0EogM86uvkLK9O5UVvVXgY9mKm17ilrurSgVfWph2To00FKjRFvBWdfED,0,0,Photos,,,,,11/13/2023,,,0,0,0,0,0,0,,,,,
1049332983827804,100064197037125,"PC Merchandise","Do you want an aesthetic build that matches your gaming needs? RYZEN 5 5600G builds available now!",,0,"11/14/2023 19:40",,https://www.facebook.com/pcmerchandise.co/posts/pfbid0EogM86uvkLK9O5UVvVXgY9mKm17ilrurSgVfWph2To00FKjRFvBWdfED,0,0,Photos,,,,,11/14/2023,,,0,0,0,0,0,0,,,,,
1049332983827804,100064197037125,"PC Merchandise","Do you want an aesthetic build that matches your gaming needs? RYZEN 5 5600G builds available now!",,0,"11/14/2023 19:40",,https://www.facebook.com/pcmerchandise.co/posts/pfbid0EogM86uvkLK9O5UVvVXgY9mKm17ilrurSgVfWph2To00FKjRFvBWdfED,0,0,Photos,,,,,11/15/2023,,,0,0,0,0,0,0,,,,,
1049332983827804,100064197037125,"PC Merchandise","Do you want an aesthetic build that matches your gaming needs? RYZEN 5 5600G builds available now!",,0,"11/14/2023 19:40",,https://www.facebook.com/pcmerchandise.co/posts/pfbid0EogM86uvkLK9O5UVvVXgY9mKm17ilrurSgVfWph2To00FKjRFvBWdfED,0,0,Photos,,,,,11/16/2023,,,0,0,0,0,0,0,,,,,
1049332983827804,100064197037125,"PC Merchandise","Do you want an aesthetic build that matches your gaming needs? RYZEN 5 5600G builds available now!",,0,"11/14/2023 19:40",,https://www.facebook.com/pcmerchandise.co/posts/pfbid0EogM86uvkLK9O5UVvVXgY9mKm17ilrurSgVfWph2To00FKjRFvBWdfED,0,0,Photos,,,,,11/17/2023,,,0,0,0,0,0,0,,,,,
1049332983827804,100064197037125,"PC Merchandise","Do you want an aesthetic build that matches your gaming needs? RYZEN 5 5600G builds available now!",,0,"11/14/2023 19:40",,https://www.facebook.com/pcmerchandise.co/posts/pfbid0EogM86uvkLK9O5UVvVXgY9mKm17ilrurSgVfWph2To00FKjRFvBWdfED,0,0,Photos,,,,,11/18/2023,,,0,0,0,0,0,0,,,,,
1049332983827804,100064197037125,"PC Merchandise","Do you want an aesthetic build that matches your gaming needs? RYZEN 5 5600G builds available now!",,0,"11/14/2023 19:40",,https://www.facebook.com/pcmerchandise.co/posts/pfbid0EogM86uvkLK9O5UVvVXgY9mKm17ilrurSgVfWph2To00FKjRFvBWdfED,0,0,Photos,,,,,11/19/2023,,,0,0,0,0,0,0,,,,,
1049332983827804,100064197037125,"PC Merchandise","Do you want an aesthetic build that matches your gaming needs? RYZEN 5 5600G builds available now!",,0,"11/14/2023 19:40",,https://www.facebook.com/pcmerchandise.co/posts/pfbid0EogM86uvkLK9O5UVvVXgY9mKm17ilrurSgVfWph2To00FKjRFvBWdfED,0,0,Photos,,,,,11/20/2023,,,0,0,0,0,0,0,,,,,
1049332983827804,100064197037125,"PC Merchandise","Do you want an aesthetic build that matches your gaming needs? RYZEN 5 5600G builds available now!",,0,"11/14/2023 19:40",,https://www.facebook.com/pcmerchandise.co/posts/pfbid0EogM86uvkLK9O5UVvVXgY9mKm17ilrurSgVfWph2To00FKjRFvBWdfED,0,0,Photos,,,,,11/21/2023,,,0,0,0,0,0,0,,,,,
1049332983827804,100064197037125,"PC Merchandise","Do you want an aesthetic build that matches your gaming needs? RYZEN 5 5600G builds available now!",,0,"11/14/2023 19:40",,https://www.facebook.com/pcmerchandise.co/posts/pfbid0EogM86uvkLK9O5UVvVXgY9mKm17ilrurSgVfWph2To00FKjRFvBWdfED,0,0,Photos,,,,,11/22/2023,,,0,0,0,0,0,0,,,,,
1049332983827804,100064197037125,"PC Merchandise","Do you want an aesthetic build that matches your gaming needs? RYZEN 5 5600G builds available now!",,0,"11/14/2023 19:40",,https://www.facebook.com/pcmerchandise.co/posts/pfbid0EogM86uvkLK9O5UVvVXgY9mKm17ilrurSgVfWph2To00FKjRFvBWdfED,0,0,Photos,,,,,11/23/2023,,,0,0,0,0,0,0,,,,,
1049332983827804,100064197037125,"PC Merchandise","Do you want an aesthetic build that matches your gaming needs? RYZEN 5 5600G builds available now!",,0,"11/14/2023 19:40",,https://www.facebook.com/pcmerchandise.co/posts/pfbid0EogM86uvkLK9O5UVvVXgY9mKm17ilrurSgVfWph2To00FKjRFvBWdfED,0,0,Photos,,,,,11/24/2023,,,0,0,0,0,0,0,,,,,
1049332983827804,100064197037125,"PC Merchandise","Do you want an aesthetic build that matches your gaming needs? RYZEN 5 5600G builds available now!",,0,"11/14/2023 19:40",,https://www.facebook.com/pcmerchandise.co/posts/pfbid0EogM86uvkLK9O5UVvVXgY9mKm17ilrurSgVfWph2To00FKjRFvBWdfED,0,0,Photos,,,,,11/25/2023,,,0,0,0,0,0,0,,,,,
1049332983827804,100064197037125,"PC Merchandise","Do you want an aesthetic build that matches your gaming needs? RYZEN 5 5600G builds available now!",,0,"11/14/2023 19:40",,https://www.facebook.com/pcmerchandise.co/posts/pfbid0EogM86uvkLK9O5UVvVXgY9mKm17ilrurSgVfWph2To00FKjRFvBWdfED,0,0,Photos,,,,,11/26/2023,,,0,0,0,0,0,0,,,,,
1049332983827804,100064197037125,"PC Merchandise","Do you want an aesthetic build that matches your gaming needs? RYZEN 5 5600G builds available now!",,0,"11/14/2023 19:40",,https://www.facebook.com/pcmerchandise.co/posts/pfbid0EogM86uvkLK9O5UVvVXgY9mKm17ilrurSgVfWph2To00FKjRFvBWdfED,0,0,Photos,,,,,11/27/2023,,,0,0,0,0,0,0,,,,,
1049332983827804,100064197037125,"PC Merchandise","Do you want an aesthetic build that matches your gaming needs? RYZEN 5 5600G builds available now!",,0,"11/14/2023 19:40",,https://www.facebook.com/pcmerchandise.co/posts/pfbid0EogM86uvkLK9O5UVvVXgY9mKm17ilrurSgVfWph2To00FKjRFvBWdfED,0,0,Photos,,,,,11/28/2023,,,0,0,0,0,0,0,,,,,
1049332983827804,100064197037125,"PC Merchandise","Do you want an aesthetic build that matches your gaming needs? RYZEN 5 5600G builds available now!",,0,"11/14/2023 19:40",,https://www.facebook.com/pcmerchandise.co/posts/pfbid0EogM86uvkLK9O5UVvVXgY9mKm17ilrurSgVfWph2To00FKjRFvBWdfED,0,0,Photos,,,,,11/29/2023,,,0,0,0,0,0,0,,,,,
1049332983827804,100064197037125,"PC Merchandise","Do you want an aesthetic build that matches your gaming needs? RYZEN 5 5600G builds available now!",,0,"11/14/2023 19:40",,https://www.facebook.com/pcmerchandise.co/posts/pfbid0EogM86uvkLK9O5UVvVXgY9mKm17ilrurSgVfWph2To00FKjRFvBWdfED,0,0,Photos,,,,,11/30/2023,,,0,0,0,0,0,0,,,,,
1049466888355560,100064197037125,"PC Merchandise","𝐢𝟑 𝟏𝟐𝟏𝟎𝟎𝐅
𝐂𝐎𝐌𝐒𝐇𝐎𝐏 𝐏𝐀𝐂𝐊𝐀𝐆𝐄
#PCMERCHANDISE #PCMBUILDS",,56,"11/14/2023 02:01",mixed,https://www.facebook.com/reel/1609048227073150/,0,0,Reels,,,,,11/01/2023,0,,,,,,0,0,0,0,0,0.000,5.655
1049466888355560,100064197037125,"PC Merchandise","𝐢𝟑 𝟏𝟐𝟏𝟎𝟎𝐅
𝐂𝐎𝐌𝐒𝐇𝐎𝐏 𝐏𝐀𝐂𝐊𝐀𝐆𝐄
#PCMERCHANDISE #PCMBUILDS",,56,"11/14/2023 02:01",mixed,https://www.facebook.com/reel/1609048227073150/,0,0,Reels,,,,,11/02/2023,0,,,,,,0,0,0,0,0,0.000,5.481
1049466888355560,100064197037125,"PC Merchandise","𝐢𝟑 𝟏𝟐𝟏𝟎𝟎𝐅
𝐂𝐎𝐌𝐒𝐇𝐎𝐏 𝐏𝐀𝐂𝐊𝐀𝐆𝐄
#PCMERCHANDISE #PCMBUILDS",,56,"11/14/2023 02:01",mixed,https://www.facebook.com/reel/1609048227073150/,0,0,Reels,,,,,11/03/2023,0,,,,,,0,0,0,0,0,0.000,3.932
1049466888355560,100064197037125,"PC Merchandise","𝐢𝟑 𝟏𝟐𝟏𝟎𝟎𝐅
𝐂𝐎𝐌𝐒𝐇𝐎𝐏 𝐏𝐀𝐂𝐊𝐀𝐆𝐄
#PCMERCHANDISE #PCMBUILDS",,56,"11/14/2023 02:01",mixed,https://www.facebook.com/reel/1609048227073150/,0,0,Reels,,,,,11/04/2023,0,,,,,,0,0,0,0,0,0.000,4.311
1049466888355560,100064197037125,"PC Merchandise","𝐢𝟑 𝟏𝟐𝟏𝟎𝟎𝐅
𝐂𝐎𝐌𝐒𝐇𝐎𝐏 𝐏𝐀𝐂𝐊𝐀𝐆𝐄
#PCMERCHANDISE #PCMBUILDS",,56,"11/14/2023 02:01",mixed,https://www.facebook.com/reel/1609048227073150/,0,0,Reels,,,,,11/05/2023,0,,,,,,0,0,0,0,0,0.000,4.918
1049466888355560,100064197037125,"PC Merchandise","𝐢𝟑 𝟏𝟐𝟏𝟎𝟎𝐅
𝐂𝐎𝐌𝐒𝐇𝐎𝐏 𝐏𝐀𝐂𝐊𝐀𝐆𝐄
#PCMERCHANDISE #PCMBUILDS",,56,"11/14/2023 02:01",mixed,https://www.facebook.com/reel/1609048227073150/,0,0,Reels,,,,,11/06/2023,0,,,,,,0,0,0,0,0,0.000,5.587
1049466888355560,100064197037125,"PC Merchandise","𝐢𝟑 𝟏𝟐𝟏𝟎𝟎𝐅
𝐂𝐎𝐌𝐒𝐇𝐎𝐏 𝐏𝐀𝐂𝐊𝐀𝐆𝐄
#PCMERCHANDISE #PCMBUILDS",,56,"11/14/2023 02:01",mixed,https://www.facebook.com/reel/1609048227073150/,0,0,Reels,,,,,11/07/2023,0,,,,,,0,0,0,0,0,0.000,4.044
1049466888355560,100064197037125,"PC Merchandise","𝐢𝟑 𝟏𝟐𝟏𝟎𝟎𝐅
𝐂𝐎𝐌𝐒𝐇𝐎𝐏 𝐏𝐀𝐂𝐊𝐀𝐆𝐄
#PCMERCHANDISE #PCMBUILDS",,56,"11/14/2023 02:01",mixed,https://www.facebook.com/reel/1609048227073150/,0,0,Reels,,,,,11/08/2023,0,,,,,,0,0,0,0,0,0.000,4.497
1049466888355560,100064197037125,"PC Merchandise","𝐢𝟑 𝟏𝟐𝟏𝟎𝟎𝐅
𝐂𝐎𝐌𝐒𝐇𝐎𝐏 𝐏𝐀𝐂𝐊𝐀𝐆𝐄
#PCMERCHANDISE #PCMBUILDS",,56,"11/14/2023 02:01",mixed,https://www.facebook.com/reel/1609048227073150/,0,0,Reels,,,,,11/09/2023,0,,,,,,0,0,0,0,0,0.000,5.134
1049466888355560,100064197037125,"PC Merchandise","𝐢𝟑 𝟏𝟐𝟏𝟎𝟎𝐅
𝐂𝐎𝐌𝐒𝐇𝐎𝐏 𝐏𝐀𝐂𝐊𝐀𝐆𝐄
#PCMERCHANDISE #PCMBUILDS",,56,"11/14/2023 02:01",mixed,https://www.facebook.com/reel/1609048227073150/,0,0,Reels,,,,,11/10/2023,0,,,,,,0,0,0,0,0,0.000,6.209
1049466888355560,100064197037125,"PC Merchandise","𝐢𝟑 𝟏𝟐𝟏𝟎𝟎𝐅
𝐂𝐎𝐌𝐒𝐇𝐎𝐏 𝐏𝐀𝐂𝐊𝐀𝐆𝐄
#PCMERCHANDISE #PCMBUILDS",,56,"11/14/2023 02:01",mixed,https://www.facebook.com/reel/1609048227073150/,0,0,Reels,,,,,11/11/2023,0,,,,,,0,0,0,0,0,0.000,3.736
1049466888355560,100064197037125,"PC Merchandise","𝐢𝟑 𝟏𝟐𝟏𝟎𝟎𝐅
𝐂𝐎𝐌𝐒𝐇𝐎𝐏 𝐏𝐀𝐂𝐊𝐀𝐆𝐄
#PCMERCHANDISE #PCMBUILDS",,56,"11/14/2023 02:01",mixed,https://www.facebook.com/reel/1609048227073150/,0,0,Reels,,,,,11/12/2023,0,,,,,,0,0,0,0,0,0.000,5.520
1049466888355560,100064197037125,"PC Merchandise","𝐢𝟑 𝟏𝟐𝟏𝟎𝟎𝐅
𝐂𝐎𝐌𝐒𝐇𝐎𝐏 𝐏𝐀𝐂𝐊𝐀𝐆𝐄
#PCMERCHANDISE #PCMBUILDS",,56,"11/14/2023 02:01",mixed,https://www.facebook.com/reel/1609048227073150/,0,0,Reels,,,,,11/13/2023,0,,,,,,0,0,0,0,0,0.000,5.899
1049466888355560,100064197037125,"PC Merchandise","𝐢𝟑 𝟏𝟐𝟏𝟎𝟎𝐅
𝐂𝐎𝐌𝐒𝐇𝐎𝐏 𝐏𝐀𝐂𝐊𝐀𝐆𝐄
#PCMERCHANDISE #PCMBUILDS",,56,"11/14/2023 02:01",mixed,https://www.facebook.com/reel/1609048227073150/,0,0,Reels,,,,,11/14/2023,0,,,,,,0,0,0,0,0,61.936,5.880
1049466888355560,100064197037125,"PC Merchandise","𝐢𝟑 𝟏𝟐𝟏𝟎𝟎𝐅
𝐂𝐎𝐌𝐒𝐇𝐎𝐏 𝐏𝐀𝐂𝐊𝐀𝐆𝐄
#PCMERCHANDISE #PCMBUILDS",,56,"11/14/2023 02:01",mixed,https://www.facebook.com/reel/1609048227073150/,0,0,Reels,,,,,11/15/2023,0,,,,,,0,0,0,0,0,32.063,4.320
1049466888355560,100064197037125,"PC Merchandise","𝐢𝟑 𝟏𝟐𝟏𝟎𝟎𝐅
𝐂𝐎𝐌𝐒𝐇𝐎𝐏 𝐏𝐀𝐂𝐊𝐀𝐆𝐄
#PCMERCHANDISE #PCMBUILDS",,56,"11/14/2023 02:01",mixed,https://www.facebook.com/reel/1609048227073150/,0,0,Reels,,,,,11/16/2023,0,,,,,,0,0,1,1,0,30.033,5.291
1049466888355560,100064197037125,"PC Merchandise","𝐢𝟑 𝟏𝟐𝟏𝟎𝟎𝐅
𝐂𝐎𝐌𝐒𝐇𝐎𝐏 𝐏𝐀𝐂𝐊𝐀𝐆𝐄
#PCMERCHANDISE #PCMBUILDS",,56,"11/14/2023 02:01",mixed,https://www.facebook.com/reel/1609048227073150/,0,0,Reels,,,,,11/17/2023,0,,,,,,0,0,0,0,0,11.783,4.135
1049466888355560,100064197037125,"PC Merchandise","𝐢𝟑 𝟏𝟐𝟏𝟎𝟎𝐅
𝐂𝐎𝐌𝐒𝐇𝐎𝐏 𝐏𝐀𝐂𝐊𝐀𝐆𝐄
#PCMERCHANDISE #PCMBUILDS",,56,"11/14/2023 02:01",mixed,https://www.facebook.com/reel/1609048227073150/,0,0,Reels,,,,,11/18/2023,0,,,,,,0,0,0,0,0,23.817,6.211
1049466888355560,100064197037125,"PC Merchandise","𝐢𝟑 𝟏𝟐𝟏𝟎𝟎𝐅
𝐂𝐎𝐌𝐒𝐇𝐎𝐏 𝐏𝐀𝐂𝐊𝐀𝐆𝐄
#PCMERCHANDISE #PCMBUILDS",,56,"11/14/2023 02:01",mixed,https://www.facebook.com/reel/1609048227073150/,0,0,Reels,,,,,11/19/2023,0,,,,,,0,0,0,0,0,7.984,4.963
1049466888355560,100064197037125,"PC Merchandise","𝐢𝟑 𝟏𝟐𝟏𝟎𝟎𝐅
𝐂𝐎𝐌𝐒𝐇𝐎𝐏 𝐏𝐀𝐂𝐊𝐀𝐆𝐄
#PCMERCHANDISE #PCMBUILDS",,56,"11/14/2023 02:01",mixed,https://www.facebook.com/reel/1609048227073150/,0,0,Reels,,,,,11/20/2023,0,,,,,,0,0,0,0,0,4.565,4.383
1049466888355560,100064197037125,"PC Merchandise","𝐢𝟑 𝟏𝟐𝟏𝟎𝟎𝐅
𝐂𝐎𝐌𝐒𝐇𝐎𝐏 𝐏𝐀𝐂𝐊𝐀𝐆𝐄
#PCMERCHANDISE #PCMBUILDS",,56,"11/14/2023 02:01",mixed,https://www.facebook.com/reel/1609048227073150/,0,0,Reels,,,,,11/21/2023,0,,,,,,0,0,0,0,0,4.944,4.574
1049466888355560,100064197037125,"PC Merchandise","𝐢𝟑 𝟏𝟐𝟏𝟎𝟎𝐅
𝐂𝐎𝐌𝐒𝐇𝐎𝐏 𝐏𝐀𝐂𝐊𝐀𝐆𝐄
#PCMERCHANDISE #PCMBUILDS",,56,"11/14/2023 02:01",mixed,https://www.facebook.com/reel/1609048227073150/,0,0,Reels,,,,,11/22/2023,0,,,,,,0,0,0,0,0,7.413,4.715
1049466888355560,100064197037125,"PC Merchandise","𝐢𝟑 𝟏𝟐𝟏𝟎𝟎𝐅
𝐂𝐎𝐌𝐒𝐇𝐎𝐏 𝐏𝐀𝐂𝐊𝐀𝐆𝐄
#PCMERCHANDISE #PCMBUILDS",,56,"11/14/2023 02:01",mixed,https://www.facebook.com/reel/1609048227073150/,0,0,Reels,,,,,11/23/2023,0,,,,,,0,0,0,0,0,6.132,4.355
1049466888355560,100064197037125,"PC Merchandise","𝐢𝟑 𝟏𝟐𝟏𝟎𝟎𝐅
𝐂𝐎𝐌𝐒𝐇𝐎𝐏 𝐏𝐀𝐂𝐊𝐀𝐆𝐄
#PCMERCHANDISE #PCMBUILDS",,56,"11/14/2023 02:01",mixed,https://www.facebook.com/reel/1609048227073150/,0,0,Reels,,,,,11/24/2023,0,,,,,,0,0,0,0,0,2.749,5.251
1049466888355560,100064197037125,"PC Merchandise","𝐢𝟑 𝟏𝟐𝟏𝟎𝟎𝐅
𝐂𝐎𝐌𝐒𝐇𝐎𝐏 𝐏𝐀𝐂𝐊𝐀𝐆𝐄
#PCMERCHANDISE #PCMBUILDS",,56,"11/14/2023 02:01",mixed,https://www.facebook.com/reel/1609048227073150/,0,0,Reels,,,,,11/25/2023,0,,,,,,0,0,0,0,0,3.716,5.402
1049466888355560,100064197037125,"PC Merchandise","𝐢𝟑 𝟏𝟐𝟏𝟎𝟎𝐅
𝐂𝐎𝐌𝐒𝐇𝐎𝐏 𝐏𝐀𝐂𝐊𝐀𝐆𝐄
#PCMERCHANDISE #PCMBUILDS",,56,"11/14/2023 02:01",mixed,https://www.facebook.com/reel/1609048227073150/,0,0,Reels,,,,,11/26/2023,0,,,,,,0,0,0,0,0,1.931,5.519
1049466888355560,100064197037125,"PC Merchandise","𝐢𝟑 𝟏𝟐𝟏𝟎𝟎𝐅
𝐂𝐎𝐌𝐒𝐇𝐎𝐏 𝐏𝐀𝐂𝐊𝐀𝐆𝐄
#PCMERCHANDISE #PCMBUILDS",,56,"11/14/2023 02:01",mixed,https://www.facebook.com/reel/1609048227073150/,0,0,Reels,,,,,11/27/2023,0,,,,,,0,0,0,0,0,3.089,5.863
1049466888355560,100064197037125,"PC Merchandise","𝐢𝟑 𝟏𝟐𝟏𝟎𝟎𝐅
𝐂𝐎𝐌𝐒𝐇𝐎𝐏 𝐏𝐀𝐂𝐊𝐀𝐆𝐄
#PCMERCHANDISE #PCMBUILDS",,56,"11/14/2023 02:01",mixed,https://www.facebook.com/reel/1609048227073150/,0,0,Reels,,,,,11/28/2023,0,,,,,,0,0,0,0,0,4.579,6.803
1049466888355560,100064197037125,"PC Merchandise","𝐢𝟑 𝟏𝟐𝟏𝟎𝟎𝐅
𝐂𝐎𝐌𝐒𝐇𝐎𝐏 𝐏𝐀𝐂𝐊𝐀𝐆𝐄
#PCMERCHANDISE #PCMBUILDS",,56,"11/14/2023 02:01",mixed,https://www.facebook.com/reel/1609048227073150/,0,0,Reels,,,,,11/29/2023,0,,,,,,0,0,0,0,0,2.159,5.786
1049466888355560,100064197037125,"PC Merchandise","𝐢𝟑 𝟏𝟐𝟏𝟎𝟎𝐅
𝐂𝐎𝐌𝐒𝐇𝐎𝐏 𝐏𝐀𝐂𝐊𝐀𝐆𝐄
#PCMERCHANDISE #PCMBUILDS",,56,"11/14/2023 02:01",mixed,https://www.facebook.com/reel/1609048227073150/,0,0,Reels,,,,,11/30/2023,0,,,,,,0,0,0,0,0,2.239,7.309
1049586795857241,100064197037125,"PC Merchandise","ito na po yung ghost project🥲",,58,"11/13/2023 23:00",mixed,https://www.facebook.com/reel/1378743754168053/,0,0,Reels,,,,,11/01/2023,0,,,,,,0,0,0,0,0,0.000,3.523
1049586795857241,100064197037125,"PC Merchandise","ito na po yung ghost project🥲",,58,"11/13/2023 23:00",mixed,https://www.facebook.com/reel/1378743754168053/,0,0,Reels,,,,,11/02/2023,0,,,,,,0,0,0,0,0,0.000,4.011
1049586795857241,100064197037125,"PC Merchandise","ito na po yung ghost project🥲",,58,"11/13/2023 23:00",mixed,https://www.facebook.com/reel/1378743754168053/,0,0,Reels,,,,,11/03/2023,0,,,,,,0,0,0,0,0,0.000,4.350
1049586795857241,100064197037125,"PC Merchandise","ito na po yung ghost project🥲",,58,"11/13/2023 23:00",mixed,https://www.facebook.com/reel/1378743754168053/,0,0,Reels,,,,,11/04/2023,0,,,,,,0,0,0,0,0,0.000,3.945
1049586795857241,100064197037125,"PC Merchandise","ito na po yung ghost project🥲",,58,"11/13/2023 23:00",mixed,https://www.facebook.com/reel/1378743754168053/,0,0,Reels,,,,,11/05/2023,0,,,,,,0,0,0,0,0,0.000,4.651
1049586795857241,100064197037125,"PC Merchandise","ito na po yung ghost project🥲",,58,"11/13/2023 23:00",mixed,https://www.facebook.com/reel/1378743754168053/,0,0,Reels,,,,,11/06/2023,0,,,,,,0,0,0,0,0,0.000,4.568
1049586795857241,100064197037125,"PC Merchandise","ito na po yung ghost project🥲",,58,"11/13/2023 23:00",mixed,https://www.facebook.com/reel/1378743754168053/,0,0,Reels,,,,,11/07/2023,0,,,,,,0,0,0,0,0,0.000,3.999
1049586795857241,100064197037125,"PC Merchandise","ito na po yung ghost project🥲",,58,"11/13/2023 23:00",mixed,https://www.facebook.com/reel/1378743754168053/,0,0,Reels,,,,,11/08/2023,0,,,,,,0,0,0,0,0,0.000,3.949
1049586795857241,100064197037125,"PC Merchandise","ito na po yung ghost project🥲",,58,"11/13/2023 23:00",mixed,https://www.facebook.com/reel/1378743754168053/,0,0,Reels,,,,,11/09/2023,0,,,,,,0,0,0,0,0,0.000,3.835
1049586795857241,100064197037125,"PC Merchandise","ito na po yung ghost project🥲",,58,"11/13/2023 23:00",mixed,https://www.facebook.com/reel/1378743754168053/,0,0,Reels,,,,,11/10/2023,0,,,,,,0,0,0,0,0,0.000,3.282
1049586795857241,100064197037125,"PC Merchandise","ito na po yung ghost project🥲",,58,"11/13/2023 23:00",mixed,https://www.facebook.com/reel/1378743754168053/,0,0,Reels,,,,,11/11/2023,0,,,,,,0,0,0,0,0,0.000,3.425
1049586795857241,100064197037125,"PC Merchandise","ito na po yung ghost project🥲",,58,"11/13/2023 23:00",mixed,https://www.facebook.com/reel/1378743754168053/,0,0,Reels,,,,,11/12/2023,0,,,,,,0,0,0,0,0,0.000,3.482
1049586795857241,100064197037125,"PC Merchandise","ito na po yung ghost project🥲",,58,"11/13/2023 23:00",mixed,https://www.facebook.com/reel/1378743754168053/,0,0,Reels,,,,,11/13/2023,0,,,,,,15,0,0,0,0,572.171,4.302
1049586795857241,100064197037125,"PC Merchandise","ito na po yung ghost project🥲",,58,"11/13/2023 23:00",mixed,https://www.facebook.com/reel/1378743754168053/,0,0,Reels,,,,,11/14/2023,0,,,,,,12,0,0,0,0,393.501,2.588
1049586795857241,100064197037125,"PC Merchandise","ito na po yung ghost project🥲",,58,"11/13/2023 23:00",mixed,https://www.facebook.com/reel/1378743754168053/,0,0,Reels,,,,,11/15/2023,0,,,,,,21,0,0,0,0,202.684,4.369
1049586795857241,100064197037125,"PC Merchandise","ito na po yung ghost project🥲",,58,"11/13/2023 23:00",mixed,https://www.facebook.com/reel/1378743754168053/,0,0,Reels,,,,,11/16/2023,0,,,,,,26,0,0,0,0,235.108,3.453
1049586795857241,100064197037125,"PC Merchandise","ito na po yung ghost project🥲",,58,"11/13/2023 23:00",mixed,https://www.facebook.com/reel/1378743754168053/,0,0,Reels,,,,,11/17/2023,0,,,,,,10,0,0,0,0,102.263,4.398
1049586795857241,100064197037125,"PC Merchandise","ito na po yung ghost project🥲",,58,"11/13/2023 23:00",mixed,https://www.facebook.com/reel/1378743754168053/,0,0,Reels,,,,,11/18/2023,0,,,,,,19,0,0,0,0,135.072,3.453
1049586795857241,100064197037125,"PC Merchandise","ito na po yung ghost project🥲",,58,"11/13/2023 23:00",mixed,https://www.facebook.com/reel/1378743754168053/,0,0,Reels,,,,,11/19/2023,0,,,,,,16,0,0,0,0,103.792,2.685
1049586795857241,100064197037125,"PC Merchandise","ito na po yung ghost project🥲",,58,"11/13/2023 23:00",mixed,https://www.facebook.com/reel/1378743754168053/,0,0,Reels,,,,,11/20/2023,0,,,,,,13,0,0,0,0,70.328,3.813
1049586795857241,100064197037125,"PC Merchandise","ito na po yung ghost project🥲",,58,"11/13/2023 23:00",mixed,https://www.facebook.com/reel/1378743754168053/,0,0,Reels,,,,,11/21/2023,0,,,,,,19,0,0,0,0,77.735,3.744
1049586795857241,100064197037125,"PC Merchandise","ito na po yung ghost project🥲",,58,"11/13/2023 23:00",mixed,https://www.facebook.com/reel/1378743754168053/,0,0,Reels,,,,,11/22/2023,0,,,,,,14,0,0,0,0,41.915,3.731
1049586795857241,100064197037125,"PC Merchandise","ito na po yung ghost project🥲",,58,"11/13/2023 23:00",mixed,https://www.facebook.com/reel/1378743754168053/,0,0,Reels,,,,,11/23/2023,0,,,,,,16,0,0,0,0,19.770,4.128
1049586795857241,100064197037125,"PC Merchandise","ito na po yung ghost project🥲",,58,"11/13/2023 23:00",mixed,https://www.facebook.com/reel/1378743754168053/,0,0,Reels,,,,,11/24/2023,0,,,,,,0,0,0,0,0,37.112,2.781
1049586795857241,100064197037125,"PC Merchandise","ito na po yung ghost project🥲",,58,"11/13/2023 23:00",mixed,https://www.facebook.com/reel/1378743754168053/,0,0,Reels,,,,,11/25/2023,0,,,,,,0,0,0,0,0,17.055,4.300
1049586795857241,100064197037125,"PC Merchandise","ito na po yung ghost project🥲",,58,"11/13/2023 23:00",mixed,https://www.facebook.com/reel/1378743754168053/,0,0,Reels,,,,,11/26/2023,0,,,,,,0,0,0,0,0,38.396,4.260
1049586795857241,100064197037125,"PC Merchandise","ito na po yung ghost project🥲",,58,"11/13/2023 23:00",mixed,https://www.facebook.com/reel/1378743754168053/,0,0,Reels,,,,,11/27/2023,0,,,,,,0,0,0,0,0,18.601,2.825
1049586795857241,100064197037125,"PC Merchandise","ito na po yung ghost project🥲",,58,"11/13/2023 23:00",mixed,https://www.facebook.com/reel/1378743754168053/,0,0,Reels,,,,,11/28/2023,0,,,,,,0,0,0,0,0,30.121,3.318
1049586795857241,100064197037125,"PC Merchandise","ito na po yung ghost project🥲",,58,"11/13/2023 23:00",mixed,https://www.facebook.com/reel/1378743754168053/,0,0,Reels,,,,,11/29/2023,0,,,,,,0,0,0,0,0,17.592,4.237
1049586795857241,100064197037125,"PC Merchandise","ito na po yung ghost project🥲",,58,"11/13/2023 23:00",mixed,https://www.facebook.com/reel/1378743754168053/,0,0,Reels,,,,,11/30/2023,0,,,,,,0,0,0,0,0,12.765,4.354
1049697020899630,100064197037125,"PC Merchandise","𝐒𝐎𝐋𝐃 𝐑𝐘𝐙𝐄𝐍 𝟓 𝟒𝟔𝟎𝟎𝐆 (𝟐𝐏𝐂𝐒) (2PCS)
𝐂𝐎𝐌𝐒𝐇𝐎𝐏 𝐃𝐈𝐒𝐊𝐋𝐄𝐒𝐒 𝐏𝐀𝐂𝐊𝐀𝐆𝐄
#PCMERCHANDISE #PCMBUILDS",,74,"11/13/2023 22:00",auto,https://www.facebook.com/reel/1710462902321983/,0,0,Reels,,,,,11/01/2023,0,,,,,,0,0,0,0,0,0.000,4.926
1049697020899630,100064197037125,"PC Merchandise","𝐒𝐎𝐋𝐃 𝐑𝐘𝐙𝐄𝐍 𝟓 𝟒𝟔𝟎𝟎𝐆 (𝟐𝐏𝐂𝐒) (2PCS)
𝐂𝐎𝐌𝐒𝐇𝐎𝐏 𝐃𝐈𝐒𝐊𝐋𝐄𝐒𝐒 𝐏𝐀𝐂𝐊𝐀𝐆𝐄
#PCMERCHANDISE #PCMBUILDS",,74,"11/13/2023 22:00",auto,https://www.facebook.com/reel/1710462902321983/,0,0,Reels,,,,,11/02/2023,0,,,,,,0,0,0,0,0,0.000,4.651
1049697020899630,100064197037125,"PC Merchandise","𝐒𝐎𝐋𝐃 𝐑𝐘𝐙𝐄𝐍 𝟓 𝟒𝟔𝟎𝟎𝐆 (𝟐𝐏𝐂𝐒) (2PCS)
𝐂𝐎𝐌𝐒𝐇𝐎𝐏 𝐃𝐈𝐒𝐊𝐋𝐄𝐒𝐒 𝐏𝐀𝐂𝐊𝐀𝐆𝐄
#PCMERCHANDISE #PCMBUILDS",,74,"11/13/2023 22:00",auto,https://www.facebook.com/reel/1710462902321983/,0,0,Reels,,,,,11/03/2023,0,,,,,,0,0,0,0,0,0.000,3.996
1049697020899630,100064197037125,"PC Merchandise","𝐒𝐎𝐋𝐃 𝐑𝐘𝐙𝐄𝐍 𝟓 𝟒𝟔𝟎𝟎𝐆 (𝟐𝐏𝐂𝐒) (2PCS)
𝐂𝐎𝐌𝐒𝐇𝐎𝐏 𝐃𝐈𝐒𝐊𝐋𝐄𝐒𝐒 𝐏𝐀𝐂𝐊𝐀𝐆𝐄
#PCMERCHANDISE #PCMBUILDS",,74,"11/13/2023 22:00",auto,https://www.facebook.com/reel/1710462902321983/,0,0,Reels,,,,,11/04/2023,0,,,,,,0,0,0,0,0,0.000,3.924
1049697020899630,100064197037125,"PC Merchandise","𝐒𝐎𝐋𝐃 𝐑𝐘𝐙𝐄𝐍 𝟓 𝟒𝟔𝟎𝟎𝐆 (𝟐𝐏𝐂𝐒) (2PCS)
𝐂𝐎𝐌𝐒𝐇𝐎𝐏 𝐃𝐈𝐒𝐊𝐋𝐄𝐒𝐒 𝐏𝐀𝐂𝐊𝐀𝐆𝐄
#PCMERCHANDISE #PCMBUILDS",,74,"11/13/2023 22:00",auto,https://www.facebook.com/reel/1710462902321983/,0,0,Reels,,,,,11/05/2023,0,,,,,,0,0,0,0,0,0.000,2.815
1049697020899630,100064197037125,"PC Merchandise","𝐒𝐎𝐋𝐃 𝐑𝐘𝐙𝐄𝐍 𝟓 𝟒𝟔𝟎𝟎𝐆 (𝟐𝐏𝐂𝐒) (2PCS)
𝐂𝐎𝐌𝐒𝐇𝐎𝐏 𝐃𝐈𝐒𝐊𝐋𝐄𝐒𝐒 𝐏𝐀𝐂𝐊𝐀𝐆𝐄
#PCMERCHANDISE #PCMBUILDS",,74,"11/13/2023 22:00",auto,https://www.facebook.com/reel/1710462902321983/,0,0,Reels,,,,,11/06/2023,0,,,,,,0,0,0,0,0,0.000,4.067
1049697020899630,100064197037125,"PC Merchandise","𝐒𝐎𝐋𝐃 𝐑𝐘𝐙𝐄𝐍 𝟓 𝟒𝟔𝟎𝟎𝐆 (𝟐𝐏𝐂𝐒) (2PCS)
𝐂𝐎𝐌𝐒𝐇𝐎𝐏 𝐃𝐈𝐒𝐊𝐋𝐄𝐒𝐒 𝐏𝐀𝐂𝐊𝐀𝐆𝐄
#PCMERCHANDISE #PCMBUILDS",,74,"11/13/2023 22:00",auto,https://www.facebook.com/reel/1710462902321983/,0,0,Reels,,,,,11/07/2023,0,,,,,,0,0,0,0,0,0.000,3.907
1049697020899630,100064197037125,"PC Merchandise","𝐒𝐎𝐋𝐃 𝐑𝐘𝐙𝐄𝐍 𝟓 𝟒𝟔𝟎𝟎𝐆 (𝟐𝐏𝐂𝐒) (2PCS)
𝐂𝐎𝐌𝐒𝐇𝐎𝐏 𝐃𝐈𝐒𝐊𝐋𝐄𝐒𝐒 𝐏𝐀𝐂𝐊𝐀𝐆𝐄
#PCMERCHANDISE #PCMBUILDS",,74,"11/13/2023 22:00",auto,https://www.facebook.com/reel/1710462902321983/,0,0,Reels,,,,,11/08/2023,0,,,,,,0,0,0,0,0,0.000,3.988
1049697020899630,100064197037125,"PC Merchandise","𝐒𝐎𝐋𝐃 𝐑𝐘𝐙𝐄𝐍 𝟓 𝟒𝟔𝟎𝟎𝐆 (𝟐𝐏𝐂𝐒) (2PCS)
𝐂𝐎𝐌𝐒𝐇𝐎𝐏 𝐃𝐈𝐒𝐊𝐋𝐄𝐒𝐒 𝐏𝐀𝐂𝐊𝐀𝐆𝐄
#PCMERCHANDISE #PCMBUILDS",,74,"11/13/2023 22:00",auto,https://www.facebook.com/reel/1710462902321983/,0,0,Reels,,,,,11/09/2023,0,,,,,,0,0,0,0,0,0.000,2.712
1049697020899630,100064197037125,"PC Merchandise","𝐒𝐎𝐋𝐃 𝐑𝐘𝐙𝐄𝐍 𝟓 𝟒𝟔𝟎𝟎𝐆 (𝟐𝐏𝐂𝐒) (2PCS)
𝐂𝐎𝐌𝐒𝐇𝐎𝐏 𝐃𝐈𝐒𝐊𝐋𝐄𝐒𝐒 𝐏𝐀𝐂𝐊𝐀𝐆𝐄
#PCMERCHANDISE #PCMBUILDS",,74,"11/13/2023 22:00",auto,https://www.facebook.com/reel/1710462902321983/,0,0,Reels,,,,,11/10/2023,0,,,,,,0,0,0,0,0,0.000,4.880
1049697020899630,100064197037125,"PC Merchandise","𝐒𝐎𝐋𝐃 𝐑𝐘𝐙𝐄𝐍 𝟓 𝟒𝟔𝟎𝟎𝐆 (𝟐𝐏𝐂𝐒) (2PCS)
𝐂𝐎𝐌𝐒𝐇𝐎𝐏 𝐃𝐈𝐒𝐊𝐋𝐄𝐒𝐒 𝐏𝐀𝐂𝐊𝐀𝐆𝐄
#PCMERCHANDISE #PCMBUILDS",,74,"11/13/2023 22:00",auto,https://www.facebook.com/reel/1710462902321983/,0,0,Reels,,,,,11/11/2023,0,,,,,,0,0,0,0,0,0.000,4.966
1049697020899630,100064197037125,"PC Merchandise","𝐒𝐎𝐋𝐃 𝐑𝐘𝐙𝐄𝐍 𝟓 𝟒𝟔𝟎𝟎𝐆 (𝟐𝐏𝐂𝐒) (2PCS)
𝐂𝐎𝐌𝐒𝐇𝐎𝐏 𝐃𝐈𝐒𝐊𝐋𝐄𝐒𝐒 𝐏𝐀𝐂𝐊𝐀𝐆𝐄
#PCMERCHANDISE #PCMBUILDS",,74,"11/13/2023 22:00",auto,https://www.facebook.com/reel/1710462902321983/,0,0,Reels,,,,,11/12/2023,0,,,,,,0,0,0,0,0,0.000,4.416
1049697020899630,100064197037125,"PC Merchandise","𝐒𝐎𝐋𝐃 𝐑𝐘𝐙𝐄𝐍 𝟓 𝟒𝟔𝟎𝟎𝐆 (𝟐𝐏𝐂𝐒) (2PCS)
𝐂𝐎𝐌𝐒𝐇𝐎𝐏 𝐃𝐈𝐒𝐊𝐋𝐄𝐒𝐒 𝐏𝐀𝐂𝐊𝐀𝐆𝐄
#PCMERCHANDISE #PCMBUILDS",,74,"11/13/2023 22:00",auto,https://www.facebook.com/reel/1710462902321983/,0,0,Reels,,,,,11/13/2023,0,,,,,,0,0,0,0,0,831.903,3.625
1049697020899630,100064197037125,"PC Merchandise","𝐒𝐎𝐋𝐃 𝐑𝐘𝐙𝐄𝐍 𝟓 𝟒𝟔𝟎𝟎𝐆 (𝟐𝐏𝐂𝐒) (2PCS)
𝐂𝐎𝐌𝐒𝐇𝐎𝐏 𝐃𝐈𝐒𝐊𝐋𝐄𝐒𝐒 𝐏𝐀𝐂𝐊𝐀𝐆𝐄
#PCMERCHANDISE #PCMBUILDS",,74,"11/13/2023 22:00",auto,https://www.facebook.com/reel/1710462902321983/,0,0,Reels,,,,,11/14/2023,0,,,,,,0,0,0,0,0,303.086,4.906
1049697020899630,100064197037125,"PC Merchandise","𝐒𝐎𝐋𝐃 𝐑𝐘𝐙𝐄𝐍 𝟓 𝟒𝟔𝟎𝟎𝐆 (𝟐𝐏𝐂𝐒) (2PCS)
𝐂𝐎𝐌𝐒𝐇𝐎𝐏 𝐃𝐈𝐒𝐊𝐋𝐄𝐒𝐒 𝐏𝐀𝐂𝐊𝐀𝐆𝐄
#PCMERCHANDISE #PCMBUILDS",,74,"11/13/2023 22:00",auto,https://www.facebook.com/reel/1710462902321983/,0,0,Reels,,,,,11/15/2023,0,,,,,,0,0,0,0,0,423.113,5.180
1049697020899630,100064197037125,"PC Merchandise","𝐒𝐎𝐋𝐃 𝐑𝐘𝐙𝐄𝐍 𝟓 𝟒𝟔𝟎𝟎𝐆 (𝟐𝐏𝐂𝐒) (2PCS)
𝐂𝐎𝐌𝐒𝐇𝐎𝐏 𝐃𝐈𝐒𝐊𝐋𝐄𝐒𝐒 𝐏𝐀𝐂𝐊𝐀𝐆𝐄
#PCMERCHANDISE #PCMBUILDS",,74,"11/13/2023 22:00",auto,https://www.facebook.com/reel/1710462902321983/,0,0,Reels,,,,,11/16/2023,0,,,,,,0,0,2,1,1,307.386,3.560
1049697020899630,100064197037125,"PC Merchandise","𝐒𝐎𝐋𝐃 𝐑𝐘𝐙𝐄𝐍 𝟓 𝟒𝟔𝟎𝟎𝐆 (𝟐𝐏𝐂𝐒) (2PCS)
𝐂𝐎𝐌𝐒𝐇𝐎𝐏 𝐃𝐈𝐒𝐊𝐋𝐄𝐒𝐒 𝐏𝐀𝐂𝐊𝐀𝐆𝐄
#PCMERCHANDISE #PCMBUILDS",,74,"11/13/2023 22:00",auto,https://www.facebook.com/reel/1710462902321983/,0,0,Reels,,,,,11/17/2023,0,,,,,,0,0,0,0,0,162.540,4.198
1049697020899630,100064197037125,"PC Merchandise","𝐒𝐎𝐋𝐃 𝐑𝐘𝐙𝐄𝐍 𝟓 𝟒𝟔𝟎𝟎𝐆 (𝟐𝐏𝐂𝐒) (2PCS)
𝐂𝐎𝐌𝐒𝐇𝐎𝐏 𝐃𝐈𝐒𝐊𝐋𝐄𝐒𝐒 𝐏𝐀𝐂𝐊𝐀𝐆𝐄
#PCMERCHANDISE #PCMBUILDS",,74,"11/13/2023 22:00",auto,https://www.facebook.com/reel/1710462902321983/,0,0,Reels,,,,,11/18/2023,0,,,,,,0,0,0,0,0,138.818,4.584
1049697020899630,100064197037125,"PC Merchandise","𝐒𝐎𝐋𝐃 𝐑𝐘𝐙𝐄𝐍 𝟓 𝟒𝟔𝟎𝟎𝐆 (𝟐𝐏𝐂𝐒) (2PCS)
𝐂𝐎𝐌𝐒𝐇𝐎𝐏 𝐃𝐈𝐒𝐊𝐋𝐄𝐒𝐒 𝐏𝐀𝐂𝐊𝐀𝐆𝐄
#PCMERCHANDISE #PCMBUILDS",,74,"11/13/2023 22:00",auto,https://www.facebook.com/reel/1710462902321983/,0,0,Reels,,,,,11/19/2023,0,,,,,,0,0,0,0,0,159.493,4.050
1049697020899630,100064197037125,"PC Merchandise","𝐒𝐎𝐋𝐃 𝐑𝐘𝐙𝐄𝐍 𝟓 𝟒𝟔𝟎𝟎𝐆 (𝟐𝐏𝐂𝐒) (2PCS)
𝐂𝐎𝐌𝐒𝐇𝐎𝐏 𝐃𝐈𝐒𝐊𝐋𝐄𝐒𝐒 𝐏𝐀𝐂𝐊𝐀𝐆𝐄
#PCMERCHANDISE #PCMBUILDS",,74,"11/13/2023 22:00",auto,https://www.facebook.com/reel/1710462902321983/,0,0,Reels,,,,,11/20/2023,0,,,,,,0,0,0,0,0,145.163,4.595
1049697020899630,100064197037125,"PC Merchandise","𝐒𝐎𝐋𝐃 𝐑𝐘𝐙𝐄𝐍 𝟓 𝟒𝟔𝟎𝟎𝐆 (𝟐𝐏𝐂𝐒) (2PCS)
𝐂𝐎𝐌𝐒𝐇𝐎𝐏 𝐃𝐈𝐒𝐊𝐋𝐄𝐒𝐒 𝐏𝐀𝐂𝐊𝐀𝐆𝐄
#PCMERCHANDISE #PCMBUILDS",,74,"11/13/2023 22:00",auto,https://www.facebook.com/reel/1710462902321983/,0,0,Reels,,,,,11/21/2023,0,,,,,,0,0,0,0,0,156.757,4.445
1049697020899630,100064197037125,"PC Merchandise","𝐒𝐎𝐋𝐃 𝐑𝐘𝐙𝐄𝐍 𝟓 𝟒𝟔𝟎𝟎𝐆 (𝟐𝐏𝐂𝐒) (2PCS)
𝐂𝐎𝐌𝐒𝐇𝐎𝐏 𝐃𝐈𝐒𝐊𝐋𝐄𝐒𝐒 𝐏𝐀𝐂𝐊𝐀𝐆𝐄
#PCMERCHANDISE #PCMBUILDS",,74,"11/13/2023 22:00",auto,https://www.facebook.com/reel/1710462902321983/,0,0,Reels,,,,,11/22/2023,0,,,,,,0,0,0,0,0,44.554,6.246
1049697020899630,100064197037125,"PC Merchandise","𝐒𝐎𝐋𝐃 𝐑𝐘𝐙𝐄𝐍 𝟓 𝟒𝟔𝟎𝟎𝐆 (𝟐𝐏𝐂𝐒) (2PCS)
𝐂𝐎𝐌𝐒𝐇𝐎𝐏 𝐃𝐈𝐒𝐊𝐋𝐄𝐒𝐒 𝐏𝐀𝐂𝐊𝐀𝐆𝐄
#PCMERCHANDISE #PCMBUILDS",,74,"11/13/2023 22:00",auto,https://www.facebook.com/reel/1710462902321983/,0,0,Reels,,,,,11/23/2023,0,,,,,,0,0,0,0,0,57.566,3.843
1049697020899630,100064197037125,"PC Merchandise","𝐒𝐎𝐋𝐃 𝐑𝐘𝐙𝐄𝐍 𝟓 𝟒𝟔𝟎𝟎𝐆 (𝟐𝐏𝐂𝐒) (2PCS)
𝐂𝐎𝐌𝐒𝐇𝐎𝐏 𝐃𝐈𝐒𝐊𝐋𝐄𝐒𝐒 𝐏𝐀𝐂𝐊𝐀𝐆𝐄
#PCMERCHANDISE #PCMBUILDS",,74,"11/13/2023 22:00",auto,https://www.facebook.com/reel/1710462902321983/,0,0,Reels,,,,,11/24/2023,0,,,,,,0,0,0,0,0,64.665,3.909
1049697020899630,100064197037125,"PC Merchandise","𝐒𝐎𝐋𝐃 𝐑𝐘𝐙𝐄𝐍 𝟓 𝟒𝟔𝟎𝟎𝐆 (𝟐𝐏𝐂𝐒) (2PCS)
𝐂𝐎𝐌𝐒𝐇𝐎𝐏 𝐃𝐈𝐒𝐊𝐋𝐄𝐒𝐒 𝐏𝐀𝐂𝐊𝐀𝐆𝐄
#PCMERCHANDISE #PCMBUILDS",,74,"11/13/2023 22:00",auto,https://www.facebook.com/reel/1710462902321983/,0,0,Reels,,,,,11/25/2023,0,,,,,,0,0,0,0,0,45.306,5.161
1049697020899630,100064197037125,"PC Merchandise","𝐒𝐎𝐋𝐃 𝐑𝐘𝐙𝐄𝐍 𝟓 𝟒𝟔𝟎𝟎𝐆 (𝟐𝐏𝐂𝐒) (2PCS)
𝐂𝐎𝐌𝐒𝐇𝐎𝐏 𝐃𝐈𝐒𝐊𝐋𝐄𝐒𝐒 𝐏𝐀𝐂𝐊𝐀𝐆𝐄
#PCMERCHANDISE #PCMBUILDS",,74,"11/13/2023 22:00",auto,https://www.facebook.com/reel/1710462902321983/,0,0,Reels,,,,,11/26/2023,0,,,,,,0,0,0,0,0,48.117,5.253
1049697020899630,100064197037125,"PC Merchandise","𝐒𝐎𝐋𝐃 𝐑𝐘𝐙𝐄𝐍 𝟓 𝟒𝟔𝟎𝟎𝐆 (𝟐𝐏𝐂𝐒) (2PCS)
𝐂𝐎𝐌𝐒𝐇𝐎𝐏 𝐃𝐈𝐒𝐊𝐋𝐄𝐒𝐒 𝐏𝐀𝐂𝐊𝐀𝐆𝐄
#PCMERCHANDISE #PCMBUILDS",,74,"11/13/2023 22:00",auto,https://www.facebook.com/reel/1710462902321983/,0,0,Reels,,,,,11/27/2023,0,,,,,,0,0,0,0,0,61.134,3.479
1049697020899630,100064197037125,"PC Merchandise","𝐒𝐎𝐋𝐃 𝐑𝐘𝐙𝐄𝐍 𝟓 𝟒𝟔𝟎𝟎𝐆 (𝟐𝐏𝐂𝐒) (2PCS)
𝐂𝐎𝐌𝐒𝐇𝐎𝐏 𝐃𝐈𝐒𝐊𝐋𝐄𝐒𝐒 𝐏𝐀𝐂𝐊𝐀𝐆𝐄
#PCMERCHANDISE #PCMBUILDS",,74,"11/13/2023 22:00",auto,https://www.facebook.com/reel/1710462902321983/,0,0,Reels,,,,,11/28/2023,0,,,,,,0,0,0,0,0,22.152,4.603
1049697020899630,100064197037125,"PC Merchandise","𝐒𝐎𝐋𝐃 𝐑𝐘𝐙𝐄𝐍 𝟓 𝟒𝟔𝟎𝟎𝐆 (𝟐𝐏𝐂𝐒) (2PCS)
𝐂𝐎𝐌𝐒𝐇𝐎𝐏 𝐃𝐈𝐒𝐊𝐋𝐄𝐒𝐒 𝐏𝐀𝐂𝐊𝐀𝐆𝐄
#PCMERCHANDISE #PCMBUILDS",,74,"11/13/2023 22:00",auto,https://www.facebook.com/reel/1710462902321983/,0,0,Reels,,,,,11/29/2023,0,,,,,,0,0,0,0,0,36.556,3.912
1049697020899630,100064197037125,"PC Merchandise","𝐒𝐎𝐋𝐃 𝐑𝐘𝐙𝐄𝐍 𝟓 𝟒𝟔𝟎𝟎𝐆 (𝟐𝐏𝐂𝐒) (2PCS)
𝐂𝐎𝐌𝐒𝐇𝐎𝐏 𝐃𝐈𝐒𝐊𝐋𝐄𝐒𝐒 𝐏𝐀𝐂𝐊𝐀𝐆𝐄
#PCMERCHANDISE #PCMBUILDS",,74,"11/13/2023 22:00",auto,https://www.facebook.com/reel/1710462902321983/,0,0,Reels,,,,,11/30/2023,0,,,,,,0,0,0,0,0,28.018,3.763
1049581952623876,100064197037125,"PC Merchandise","BUDGET BUILD ALERT 🚨 i5 12400F + GTX 1660S — perfect for online class and gaming!",,0,"11/13/2023 02:00",,https://www.facebook.com/pcmerchandise.co/posts/pfbid0vSi2ddzzJgqkuVSnGXTlmEvl7ygab721fpmFhQYlF730rkEUMaggV8sD,0,0,Photos,,,,,11/30/2023,1,,,,,,,,,,,,
1049581952623876,100064197037125,"PC Merchandise","BUDGET BUILD ALERT 🚨 i5 12400F + GTX 1660S — perfect for online class and gaming!",,0,"11/13/2023 02:00",,https://www.facebook.com/pcmerchandise.co/posts/pfbid0vSi2ddzzJgqkuVSnGXTlmEvl7ygab721fpmFhQYlF730rkEUMaggV8sD,0,0,Photos,,,,,11/01/2023,,,0,0,0,0,0,0,,,,,
1049581952623876,100064197037125,"PC Merchandise","BUDGET BUILD ALERT 🚨 i5 12400F + GTX 1660S — perfect for online class and gaming!",,0,"11/13/2023 02:00",,https://www.facebook.com/pcmerchandise.co/posts/pfbid0vSi2ddzzJgqkuVSnGXTlmEvl7ygab721fpmFhQYlF730rkEUMaggV8sD,0,0,Photos,,,,,11/02/2023,,,0,0,0,0,0,0,,,,,
1049581952623876,100064197037125,"PC Merchandise","BUDGET BUILD ALERT 🚨 i5 12400F + GTX 1660S — perfect for online class and gaming!",,0,"11/13/2023 02:00",,https://www.facebook.com/pcmerchandise.co/posts/pfbid0vSi2ddzzJgqkuVSnGXTlmEvl7ygab721fpmFhQYlF730rkEUMaggV8sD,0,0,Photos,,,,,11/03/2023,,,0,0,0,0,0,0,,,,,
1049581952623876,100064197037125,"PC Merchandise","BUDGET BUILD ALERT 🚨 i5 12400F + GTX 1660S — perfect for online class and gaming!",,0,"11/13/2023 02:00",,https://www.facebook.com/pcmerchandise.co/posts/pfbid0vSi2ddzzJgqkuVSnGXTlmEvl7ygab721fpmFhQYlF730rkEUMaggV8sD,0,0,Photos,,,,,11/04/2023,,,0,0,0,0,0,0,,,,,
1049581952623876,100064197037125,"PC Merchandise","BUDGET BUILD ALERT 🚨 i5 12400F + GTX 1660S — perfect for online class and gaming!",,0,"11/13/2023 02:00",,https://www.facebook.com/pcmerchandise.co/posts/pfbid0vSi2ddzzJgqkuVSnGXTlmEvl7ygab721fpmFhQYlF730rkEUMaggV8sD,0,0,Photos,,,,,11/05/2023,,,0,0,0,0,0,0,,,,,
1049581952623876,100064197037125,"PC Merchandise","BUDGET BUILD ALERT 🚨 i5 12400F + GTX 1660S — perfect for online class and gaming!",,0,"11/13/2023 02:00",,https://www.facebook.com/pcmerchandise.co/posts/pfbid0vSi2ddzzJgqkuVSnGXTlmEvl7ygab721fpmFhQYlF730rkEUMaggV8sD,0,0,Photos,,,,,11/06/2023,,,0,0,0,0,0,0,,,,,
1049581952623876,100064197037125,"PC Merchandise","BUDGET BUILD ALERT 🚨 i5 12400F + GTX 1660S — perfect for online class and gaming!",,0,"11/13/2023 02:00",,https://www.facebook.com/pcmerchandise.co/posts/pfbid0vSi2ddzzJgqkuVSnGXTlmEvl7ygab721fpmFhQYlF730rkEUMaggV8sD,0,0,Photos,,,,,11/07/2023,,,0,0,0,0,0,0,,,,,
1049581952623876,100064197037125,"PC Merchandise","BUDGET BUILD ALERT 🚨 i5 12400F + GTX 1660S — perfect for online class and gaming!",,0,"11/13/2023 02:00",,https://www.facebook.com/pcmerchandise.co/posts/pfbid0vSi2ddzzJgqkuVSnGXTlmEvl7ygab721fpmFhQYlF730rkEUMaggV8sD,0,0,Photos,,,,,11/08/2023,,,0,0,0,0,0,0,,,,,
1049581952623876,100064197037125,"PC Merchandise","BUDGET BUILD ALERT 🚨 i5 12400F + GTX 1660S — perfect for online class and gaming!",,0,"11/13/2023 02:00",,https://www.facebook.com/pcmerchandise.co/posts/pfbid0vSi2ddzzJgqkuVSnGXTlmEvl7ygab721fpmFhQYlF730rkEUMaggV8sD,0,0,Photos,,,,,11/09/2023,,,0,0,0,0,0,0,,,,,
1049581952623876,100064197037125,"PC Merchandise","BUDGET BUILD ALERT 🚨 i5 12400F + GTX 1660S — perfect for online class and gaming!",,0,"11/13/2023 02:00",,https://www.facebook.com/pcmerchandise.co/posts/pfbid0vSi2ddzzJgqkuVSnGXTlmEvl7ygab721fpmFhQYlF730rkEUMaggV8sD,0,0,Photos,,,,,11/10/2023,,,0,0,0,0,0,0,,,,,
1049581952623876,100064197037125,"PC Merchandise","BUDGET BUILD ALERT 🚨 i5 12400F + GTX 1660S — perfect for online class and gaming!",,0,"11/13/2023 02:00",,https://www.facebook.com/pcmerchandise.co/posts/pfbid0vSi2ddzzJgqkuVSnGXTlmEvl7ygab721fpmFhQYlF730rkEUMaggV8sD,0,0,Photos,,,,,11/11/2023,,,0,0,0,0,0,0,,,,,
1049581952623876,100064197037125,"PC Merchandise","BUDGET BUILD ALERT 🚨 i5 12400F + GTX 1660S — perfect for online class and gaming!",,0,"11/13/2023 02:00",,https://www.facebook.com/pcmerchandise.co/posts/pfbid0vSi2ddzzJgqkuVSnGXTlmEvl7ygab721fpmFhQYlF730rkEUMaggV8sD,0,0,Photos,,,,,11/12/2023,,,0,0,0,0,0,0,,,,,
1049581952623876,100064197037125,"PC Merchandise","BUDGET BUILD ALERT 🚨 i5 12400F + GTX 1660S — perfect for online class and gaming!",,0,"11/13/2023 02:00",,https://www.facebook.com/pcmerchandise.co/posts/pfbid0vSi2ddzzJgqkuVSnGXTlmEvl7ygab721fpmFhQYlF730rkEUMaggV8sD,0,0,Photos,,,,,11/13/2023,,,0,0,0,0,0,0,,,,,
1049581952623876,100064197037125,"PC Merchandise","BUDGET BUILD ALERT 🚨 i5 12400F + GTX 1660S — perfect for online class and gaming!",,0,"11/13/2023 02:00",,https://www.facebook.com/pcmerchandise.co/posts/pfbid0vSi2ddzzJgqkuVSnGXTlmEvl7ygab721fpmFhQYlF730rkEUMaggV8sD,0,0,Photos,,,,,11/14/2023,,,0,0,0,0,0,0,,,,,
1049581952623876,100064197037125,"PC Merchandise","BUDGET BUILD ALERT 🚨 i5 12400F + GTX 1660S — perfect for online class and gaming!",,0,"11/13/2023 02:00",,https://www.facebook.com/pcmerchandise.co/posts/pfbid0vSi2ddzzJgqkuVSnGXTlmEvl7ygab721fpmFhQYlF730rkEUMaggV8sD,0,0,Photos,,,,,11/15/2023,,,0,0,0,0,0,0,,,,,
1049581952623876,100064197037125,"PC Merchandise","BUDGET BUILD ALERT 🚨 i5 12400F + GTX 1660S — perfect for online class and gaming!",,0,"11/13/2023 02:00",,https://www.facebook.com/pcmerchandise.co/posts/pfbid0vSi2ddzzJgqkuVSnGXTlmEvl7ygab721fpmFhQYlF730rkEUMaggV8sD,0,0,Photos,,,,,11/16/2023,,,0,0,0,0,0,0,,,,,
1049581952623876,100064197037125,"PC Merchandise","BUDGET BUILD ALERT 🚨 i5 12400F + GTX 1660S — perfect for online class and gaming!",,0,"11/13/2023 02:00",,https://www.facebook.com/pcmerchandise.co/posts/pfbid0vSi2ddzzJgqkuVSnGXTlmEvl7ygab721fpmFhQYlF730rkEUMaggV8sD,0,0,Photos,,,,,11/17/2023,,,0,0,0,0,0,0,,,,,
1049581952623876,100064197037125,"PC Merchandise","BUDGET BUILD ALERT 🚨 i5 12400F + GTX 1660S — perfect for online class and gaming!",,0,"11/13/2023 02:00",,https://www.facebook.com/pcmerchandise.co/posts/pfbid0vSi2ddzzJgqkuVSnGXTlmEvl7ygab721fpmFhQYlF730rkEUMaggV8sD,0,0,Photos,,,,,11/18/2023,,,0,0,0,0,0,0,,,,,
1049581952623876,100064197037125,"PC Merchandise","BUDGET BUILD ALERT 🚨 i5 12400F + GTX 1660S — perfect for online class and gaming!",,0,"11/13/2023 02:00",,https://www.facebook.com/pcmerchandise.co/posts/pfbid0vSi2ddzzJgqkuVSnGXTlmEvl7ygab721fpmFhQYlF730rkEUMaggV8sD,0,0,Photos,,,,,11/19/2023,,,0,0,0,0,0,0,,,,,
1049581952623876,100064197037125,"PC Merchandise","BUDGET BUILD ALERT 🚨 i5 12400F + GTX 1660S — perfect for online class and gaming!",,0,"11/13/2023 02:00",,https://www.facebook.com/pcmerchandise.co/posts/pfbid0vSi2ddzzJgqkuVSnGXTlmEvl7ygab721fpmFhQYlF730rkEUMaggV8sD,0,0,Photos,,,,,11/20/2023,,,0,0,0,0,0,0,,,,,
1049581952623876,100064197037125,"PC Merchandise","BUDGET BUILD ALERT 🚨 i5 12400F + GTX 1660S — perfect for online class and gaming!",,0,"11/13/2023 02:00",,https://www.facebook.com/pcmerchandise.co/posts/pfbid0vSi2ddzzJgqkuVSnGXTlmEvl7ygab721fpmFhQYlF730rkEUMaggV8sD,0,0,Photos,,,,,11/21/2023,,,0,0,0,0,0,0,,,,,
1049581952623876,100064197037125,"PC Merchandise","BUDGET BUILD ALERT 🚨 i5 12400F + GTX 1660S — perfect for online class and gaming!",,0,"11/13/2023 02:00",,https://www.facebook.com/pcmerchandise.co/posts/pfbid0vSi2ddzzJgqkuVSnGXTlmEvl7ygab721fpmFhQYlF730rkEUMaggV8sD,0,0,Photos,,,,,11/22/2023,,,0,0,0,0,0,0,,,,,
1049581952623876,100064197037125,"PC Merchandise","BUDGET BUILD ALERT 🚨 i5 12400F + GTX 1660S — perfect for online class and gaming!",,0,"11/13/2023 02:00",,https://www.facebook.com/pcmerchandise.co/posts/pfbid0vSi2ddzzJgqkuVSnGXTlmEvl7ygab721fpmFhQYlF730rkEUMaggV8sD,0,0,Photos,,,,,11/23/2023,,,0,0,0,0,0,0,,,,,
1049581952623876,100064197037125,"PC Merchandise","BUDGET BUILD ALERT 🚨 i5 12400F + GTX 1660S — perfect for online class and gaming!",,0,"11/13/2023 02:00",,https://www.facebook.com/pcmerchandise.co/posts/pfbid0vSi2ddzzJgqkuVSnGXTlmEvl7ygab721fpmFhQYlF730rkEUMaggV8sD,0,0,Photos,,,,,11/24/2023,,,0,0,0,0,0,0,,,,,
1049581952623876,100064197037125,"PC Merchandise","BUDGET BUILD ALERT 🚨 i5 12400F + GTX 1660S — perfect for online class and gaming!",,0,"11/13/2023 02:00",,https://www.facebook.com/pcmerchandise.co/posts/pfbid0vSi2ddzzJgqkuVSnGXTlmEvl7ygab721fpmFhQYlF730rkEUMaggV8sD,0,0,Photos,,,,,11/25/2023,,,0,0,0,0,0,0,,,,,
1049581952623876,100064197037125,"PC Merchandise","BUDGET BUILD ALERT 🚨 i5 12400F + GTX 1660S — perfect for online class and gaming!",,0,"11/13/2023 02:00",,https://www.facebook.com/pcmerchandise.co/posts/pfbid0vSi2ddzzJgqkuVSnGXTlmEvl7ygab721fpmFhQYlF730rkEUMaggV8sD,0,0,Photos,,,,,11/26/2023,,,0,0,0,0,0,0,,,,,
1049581952623876,100064197037125,"PC Merchandise","BUDGET BUILD ALERT 🚨 i5 12400F + GTX 1660S — perfect for online class and gaming!",,0,"11/13/2023 02:00",,https://www.facebook.com/pcmerchandise.co/posts/pfbid0vSi2ddzzJgqkuVSnGXTlmEvl7ygab721fpmFhQYlF730rkEUMaggV8sD,0,0,Photos,,,,,11/27/2023,,,0,0,0,0,0,0,,,,,
1049581952623876,100064197037125,"PC Merchandise","BUDGET BUILD ALERT 🚨 i5 12400F + GTX 1660S — perfect for online class and gaming!",,0,"11/13/2023 02:00",,https://www.facebook.com/pcmerchandise.co/posts/pfbid0vSi2ddzzJgqkuVSnGXTlmEvl7ygab721fpmFhQYlF730rkEUMaggV8sD,0,0,Photos,,,,,11/28/2023,,,0,0,0,0,0,0,,,,,
1049581952623876,100064197037125,"PC Merchandise","BUDGET BUILD ALERT 🚨 i5 12400F + GTX 1660S — perfect for online class and gaming!",,0,"11/13/2023 02:00",,https://www.facebook.com/pcmerchandise.co/posts/pfbid0vSi2ddzzJgqkuVSnGXTlmEvl7ygab721fpmFhQYlF730rkEUMaggV8sD,0,0,Photos,,,,,11/29/2023,,,0,0,0,0,0,0,,,,,
1049581952623876,100064197037125,"PC Merchandise","BUDGET BUILD ALERT 🚨 i5 12400F + GTX 1660S — perfect for online class and gaming!",,0,"11/13/2023 02:00",,https://www.facebook.com/pcmerchandise.co/posts/pfbid0vSi2ddzzJgqkuVSnGXTlmEvl7ygab721fpmFhQYlF730rkEUMaggV8sD,0,0,Photos,,,,,11/30/2023,,,0,0,0,0,0,0,,,,,
1049534533736149,100064197037125,"PC Merchandise","ito na po yung ghost project🥲",,58,"11/12/2023 19:00",uploaded,https://www.facebook.com/reel/1024766660834275/,0,0,Reels,,,,,11/01/2023,0,,,,,,0,0,0,0,0,0.000,3.062
1049534533736149,100064197037125,"PC Merchandise","ito na po yung ghost project🥲",,58,"11/12/2023 19:00",uploaded,https://www.facebook.com/reel/1024766660834275/,0,0,Reels,,,,,11/02/2023,0,,,,,,0,0,0,0,0,0.000,2.277
1049534533736149,100064197037125,"PC Merchandise","ito na po yung ghost project🥲",,58,"11/12/2023 19:00",uploaded,https://www.facebook.com/reel/1024766660834275/,0,0,Reels,,,,,11/03/2023,0,,,,,,0,0,0,0,0,0.000,1.763
1049534533736149,100064197037125,"PC Merchandise","ito na po yung ghost project🥲",,58,"11/12/2023 19:00",uploaded,https://www.facebook.com/reel/1024766660834275/,0,0,Reels,,,,,11/04/2023,0,,,,,,0,0,0,0,0,0.000,3.326
1049534533736149,100064197037125,"PC Merchandise","ito na po yung ghost project🥲",,58,"11/12/2023 19:00",uploaded,https://www.facebook.com/reel/1024766660834275/,0,0,Reels,,,,,11/05/2023,0,,,,,,0,0,0,0,0,0.000,1.500
1049534533736149,100064197037125,"PC Merchandise","ito na po yung ghost project🥲",,58,"11/12/2023 19:00",uploaded,https://www.facebook.com/reel/1024766660834275/,0,0,Reels,,,,,11/06/2023,0,,,,,,0,0,0,0,0,0.000,2.863
1049534533736149,100064197037125,"PC Merchandise","ito na po yung ghost project🥲",,58,"11/12/2023 19:00",uploaded,https://www.facebook.com/reel/1024766660834275/,0,0,Reels,,,,,11/07/2023,0,,,,,,0,0,0,0,0,0.000,4.381
1049534533736149,100064197037125,"PC Merchandise","ito na po yung ghost project🥲",,58,"11/12/2023 19:00",uploaded,https://www.facebook.com/reel/1024766660834275/,0,0,Reels,,,,,11/08/2023,0,,,,,,0,0,0,0,0,0.000,2.424
1049534533736149,100064197037125,"PC Merchandise","ito na po yung ghost project🥲",,58,"11/12/2023 19:00",uploaded,https://www.facebook.com/reel/1024766660834275/,0,0,Reels,,,,,11/09/2023,0,,,,,,0,0,0,0,0,0.000,3.463
1049534533736149,100064197037125,"PC Merchandise","ito na po yung ghost project🥲",,58,"11/12/2023 19:00",uploaded,https://www.facebook.com/reel/1024766660834275/,0,0,Reels,,,,,11/10/2023,0,,,,,,0,0,0,0,0,0.000,3.562
1049534533736149,100064197037125,"PC Merchandise","ito na po yung ghost project🥲",,58,"11/12/2023 19:00",uploaded,https://www.facebook.com/reel/1024766660834275/,0,0,Reels,,,,,11/11/2023,0,,,,,,0,0,0,0,0,0.000,1.904
1049534533736149,100064197037125,"PC Merchandise","ito na po yung ghost project🥲",,58,"11/12/2023 19:00",uploaded,https://www.facebook.com/reel/1024766660834275/,0,0,Reels,,,,,11/12/2023,0,,,,,,99,0,0,0,0,160.365,3.735
1049534533736149,100064197037125,"PC Merchandise","ito na po yung ghost project🥲",,58,"11/12/2023 19:00",uploaded,https://www.facebook.com/reel/1024766660834275/,0,0,Reels,,,,,11/13/2023,0,,,,,,91,0,0,0,0,110.768,2.848
1049534533736149,100064197037125,"PC Merchandise","ito na po yung ghost project🥲",,58,"11/12/2023 19:00",uploaded,https://www.facebook.com/reel/1024766660834275/,0,0,Reels,,,,,11/14/2023,0,,,,,,110,0,1,1,0,77.063,3.750
1049534533736149,100064197037125,"PC Merchandise","ito na po yung ghost project🥲",,58,"11/12/2023 19:00",uploaded,https://www.facebook.com/reel/1024766660834275/,0,0,Reels,,,,,11/15/2023,0,,,,,,82,0,0,0,0,43.997,1.989
1049534533736149,100064197037125,"PC Merchandise","ito na po yung ghost project🥲",,58,"11/12/2023 19:00",uploaded,https://www.facebook.com/reel/1024766660834275/,0,0,Reels,,,,,11/16/2023,0,,,,,,0,0,0,0,0,78.478,1.732
1049534533736149,100064197037125,"PC Merchandise","ito na po yung ghost project🥲",,58,"11/12/2023 19:00",uploaded,https://www.facebook.com/reel/1024766660834275/,0,0,Reels,,,,,11/17/2023,0,,,,,,0,0,0,0,0,62.504,3.483
1049534533736149,100064197037125,"PC Merchandise","ito na po yung ghost project🥲",,58,"11/12/2023 19:00",uploaded,https://www.facebook.com/reel/1024766660834275/,0,0,Reels,,,,,11/18/2023,0,,,,,,0,0,0,0,0,54.888,1.695
1049534533736149,100064197037125,"PC Merchandise","ito na po yung ghost project🥲",,58,"11/12/2023 19:00",uploaded,https://www.facebook.com/reel/1024766660834275/,0,0,Reels,,,,,11/19/2023,0,,,,,,0,0,0,0,0,18.595,3.120
1049534533736149,100064197037125,"PC Merchandise","ito na po yung ghost project🥲",,58,"11/12/2023 19:00",uploaded,https://www.facebook.com/reel/1024766660834275/,0,0,Reels,,,,,11/20/2023,0,,,,,,0,0,0,0,0,17.248,2.831
1049534533736149,100064197037125,"PC Merchandise","ito na po yung ghost project🥲",,58,"11/12/2023 19:00",uploaded,https://www.facebook.com/reel/1024766660834275/,0,0,Reels,,,,,11/21/2023,0,,,,,,0,0,0,0,0,26.418,3.184
1049534533736149,100064197037125,"PC Merchandise","ito na po yung ghost project🥲",,58,"11/12/2023 19:00",uploaded,https://www.facebook.com/reel/1024766660834275/,0,0,Reels,,,,,11/22/2023,0,,,,,,0,0,0,0,0,19.518,2.329
1049534533736149,100064197037125,"PC Merchandise","ito na po yung ghost project🥲",,58,"11/12/2023 19:00",uploaded,https://www.facebook.com/reel/1024766660834275/,0,0,Reels,,,,,11/23/2023,0,,,,,,0,0,0,0,0,5.600,4.072
1049534533736149,100064197037125,"PC Merchandise","ito na po yung ghost project🥲",,58,"11/12/2023 19:00",uploaded,https://www.facebook.com/reel/1024766660834275/,0,0,Reels,,,,,11/24/2023,0,,,,,,0,0,0,0,0,6.997,1.660
1049534533736149,100064197037125,"PC Merchandise","ito na po yung ghost project🥲",,58,"11/12/2023 19:00",uploaded,https://www.facebook.com/reel/1024766660834275/,0,0,Reels,,,,,11/25/2023,0,,,,,,0,0,0,0,0,14.389,2.795
1049534533736149,100064197037125,"PC Merchandise","ito na po yung ghost project🥲",,58,"11/12/2023 19:00",uploaded,https://www.facebook.com/reel/1024766660834275/,0,0,Reels,,,,,11/26/2023,0,,,,,,0,0,0,0,0,6.976,2.523
1049534533736149,100064197037125,"PC Merchandise","ito na po yung ghost project🥲",,58,"11/12/2023 19:00",uploaded,https://www.facebook.com/reel/1024766660834275/,0,0,Reels,,,,,11/27/2023,0,,,,,,0,0,0,0,0,7.144,1.568
1049534533736149,100064197037125,"PC Merchandise","ito na po yung ghost project🥲",,58,"11/12/2023 19:00",uploaded,https://www.facebook.com/reel/1024766660834275/,0,0,Reels,,,,,11/28/2023,0,,,,,,0,0,0,0,0,5.478,1.500
1049534533736149,100064197037125,"PC Merchandise","ito na po yung ghost project🥲",,58,"11/12/2023 19:00",uploaded,https://www.facebook.com/reel/1024766660834275/,0,0,Reels,,,,,11/29/2023,0,,,,,,0,0,0,0,0,6.404,3.313
1049534533736149,100064197037125,"PC Merchandise","ito na po yung ghost project🥲",,58,"11/12/2023 19:00",uploaded,https://www.facebook.com/reel/1024766660834275/,0,0,Reels,,,,,11/30/2023,0,,,,,,0,0,0,0,0,3.522,1.895
1049837873911765,100064197037125,"PC Merchandise","𝐏𝐑𝐈𝐂𝐄𝐋𝐈𝐒𝐓 𝟐𝟎𝟐𝟑 >>>
https://pcmerchandise.live/2023-PRICELIST",,58,"11/12/2023 17:00",mixed,https://www.facebook.com/reel/1514202379944407/,1,0,Reels,,,,,11/01/2023,0,,,,,,0,0,0,0,0,0.000,9.419
1049837873911765,100064197037125,"PC Merchandise","𝐏𝐑𝐈𝐂𝐄𝐋𝐈𝐒𝐓 𝟐𝟎𝟐𝟑 >>>
https://pcmerchandise.live/2023-PRICELIST",,58,"11/12/2023 17:00",mixed,https://www.facebook.com/reel/1514202379944407/,1,0,Reels,,,,,11/02/2023,0,,,,,,0,0,0,0,0,0.000,5.929
1049837873911765,100064197037125,"PC Merchandise","𝐏𝐑𝐈𝐂𝐄𝐋𝐈𝐒𝐓 𝟐𝟎𝟐𝟑 >>>
https://pcmerchandise.live/2023-PRICELIST",,58,"11/12/2023 17:00",mixed,https://www.facebook.com/reel/1514202379944407/,1,0,Reels,,,,,11/03/2023,0,,,,,,0,0,0,0,0,0.000,5.336
1049837873911765,100064197037125,"PC Merchandise","𝐏𝐑𝐈𝐂𝐄𝐋𝐈𝐒𝐓 𝟐𝟎𝟐𝟑 >>>
https://pcmerchandise.live/2023-PRICELIST",,58,"11/12/2023 17:00",mixed,https://www.facebook.com/reel/1514202379944407/,1,0,Reels,,,,,11/04/2023,0,,,,,,0,0,0,0,0,0.000,5.051
1049837873911765,100064197037125,"PC Merchandise","𝐏𝐑𝐈𝐂𝐄𝐋𝐈𝐒𝐓 𝟐𝟎𝟐𝟑 >>>
https://pcmerchandise.live/2023-PRICELIST",,58,"11/12/2023 17:00",mixed,https://www.facebook.com/reel/1514202379944407/,1,0,Reels,,,,,11/05/2023,0,,,,,,0,0,0,0,0,0.000,6.457
1049837873911765,100064197037125,"PC Merchandise","𝐏𝐑𝐈𝐂𝐄𝐋𝐈𝐒𝐓 𝟐𝟎𝟐𝟑 >>>
https://pcmerchandise.live/2023-PRICELIST",,58,"11/12/2023 17:00",mixed,https://www.facebook.com/reel/1514202379944407/,1,0,Reels,,,,,11/06/2023,0,,,,,,0,0,0,0,0,0.000,5.878
1049837873911765,100064197037125,"PC Merchandise","𝐏𝐑𝐈𝐂𝐄𝐋𝐈𝐒𝐓 𝟐𝟎𝟐𝟑 >>>
https://pcmerchandise.live/2023-PRICELIST",,58,"11/12/2023 17:00",mixed,https://www.facebook.com/reel/1514202379944407/,1,0,Reels,,,,,11/07/2023,0,,,,,,0,0,0,0,0,0.000,5.698
1049837873911765,100064197037125,"PC Merchandise","𝐏𝐑𝐈𝐂𝐄𝐋𝐈𝐒𝐓 𝟐𝟎𝟐𝟑 >>>
https://pcmerchandise.live/2023-PRICELIST",,58,"11/12/2023 17:00",mixed,https://www.facebook.com/reel/1514202379944407/,1,0,Reels,,,,,11/08/2023,0,,,,,,0,0,0,0,0,0.000,7.325
1049837873911765,100064197037125,"PC Merchandise","𝐏𝐑𝐈𝐂𝐄𝐋𝐈𝐒𝐓 𝟐𝟎𝟐𝟑 >>>
https://pcmerchandise.live/2023-PRICELIST",,58,"11/12/2023 17:00",mixed,https://www.facebook.com/reel/1514202379944407/,1,0,Reels,,,,,11/09/2023,0,,,,,,0,0,0,0,0,0.000,6.266
1049837873911765,100064197037125,"PC Merchandise","𝐏𝐑𝐈𝐂𝐄𝐋𝐈𝐒𝐓 𝟐𝟎𝟐𝟑 >>>
https://pcmerchandise.live/2023-PRICELIST",,58,"11/12/2023 17:00",mixed,https://www.facebook.com/reel/1514202379944407/,1,0,Reels,,,,,11/10/2023,0,,,,,,0,0,0,0,0,0.000,5.295
1049837873911765,100064197037125,"PC Merchandise","𝐏𝐑𝐈𝐂𝐄𝐋𝐈𝐒𝐓 𝟐𝟎𝟐𝟑 >>>
https://pcmerchandise.live/2023-PRICELIST",,58,"11/12/2023 17:00",mixed,https://www.facebook.com/reel/1514202379944407/,1,0,Reels,,,,,11/11/2023,0,,,,,,0,0,0,0,0,0.000,7.835
1049837873911765,100064197037125,"PC Merchandise","𝐏𝐑𝐈𝐂𝐄𝐋𝐈𝐒𝐓 𝟐𝟎𝟐𝟑 >>>
https://pcmerchandise.live/2023-PRICELIST",,58,"11/12/2023 17:00",mixed,https://www.facebook.com/reel/1514202379944407/,1,0,Reels,,,,,11/12/2023,0,,,,,,0,0,0,0,0,338.837,5.134
1049837873911765,100064197037125,"PC Merchandise","𝐏𝐑𝐈𝐂𝐄𝐋𝐈𝐒𝐓 𝟐𝟎𝟐𝟑 >>>
https://pcmerchandise.live/2023-PRICELIST",,58,"11/12/2023 17:00",mixed,https://www.facebook.com/reel/1514202379944407/,1,0,Reels,,,,,11/13/2023,1,,,,,,0,0,2,0,1,247.259,6.321
1049837873911765,100064197037125,"PC Merchandise","𝐏𝐑𝐈𝐂𝐄𝐋𝐈𝐒𝐓 𝟐𝟎𝟐𝟑 >>>
https://pcmerchandise.live/2023-PRICELIST",,58,"11/12/2023 17:00",mixed,https://www.facebook.com/reel/1514202379944407/,1,0,Reels,,,,,11/14/2023,0,,,,,,0,0,0,0,0,238.450,7.485
1049837873911765,100064197037125,"PC Merchandise","𝐏𝐑𝐈𝐂𝐄𝐋𝐈𝐒𝐓 𝟐𝟎𝟐𝟑 >>>
https://pcmerchandise.live/2023-PRICELIST",,58,"11/12/2023 17:00",mixed,https://www.facebook.com/reel/1514202379944407/,1,0,Reels,,,,,11/15/2023,0,,,,,,0,0,0,0,0,149.720,6.653
1049837873911765,100064197037125,"PC Merchandise","𝐏𝐑𝐈𝐂𝐄𝐋𝐈𝐒𝐓 𝟐𝟎𝟐𝟑 >>>
https://pcmerchandise.live/2023-PRICELIST",,58,"11/12/2023 17:00",mixed,https://www.facebook.com/reel/1514202379944407/,1,0,Reels,,,,,11/16/2023,0,,,,,,0,0,0,0,0,97.313,5.855
1049837873911765,100064197037125,"PC Merchandise","𝐏𝐑𝐈𝐂𝐄𝐋𝐈𝐒𝐓 𝟐𝟎𝟐𝟑 >>>
https://pcmerchandise.live/2023-PRICELIST",,58,"11/12/2023 17:00",mixed,https://www.facebook.com/reel/1514202379944407/,1,0,Reels,,,,,11/17/2023,0,,,,,,0,0,1,1,0,103.333,5.706
1049837873911765,100064197037125,"PC Merchandise","𝐏𝐑𝐈𝐂𝐄𝐋𝐈𝐒𝐓 𝟐𝟎𝟐𝟑 >>>
https://pcmerchandise.live/2023-PRICELIST",,58,"11/12/2023 17:00",mixed,https://www.facebook.com/reel/1514202379944407/,1,0,Reels,,,,,11/18/2023,0,,,,,,0,0,0,0,0,96.985,4.607
1049837873911765,100064197037125,"PC Merchandise","𝐏𝐑𝐈𝐂𝐄𝐋𝐈𝐒𝐓 𝟐𝟎𝟐𝟑 >>>
https://pcmerchandise.live/2023-PRICELIST",,58,"11/12/2023 17:00",mixed,https://www.facebook.com/reel/1514202379944407/,1,0,Reels,,,,,11/19/2023,0,,,,,,0,0,0,0,0,48.107,6.818
1049837873911765,100064197037125,"PC Merchandise","𝐏𝐑𝐈𝐂𝐄𝐋𝐈𝐒𝐓 𝟐𝟎𝟐𝟑 >>>
https://pcmerchandise.live/2023-PRICELIST",,58,"11/12/2023 17:00",mixed,https://www.facebook.com/reel/1514202379944407/,1,0,Reels,,,,,11/20/2023,0,,,,,,0,0,0,0,0,32.943,6.174
1049837873911765,100064197037125,"PC Merchandise","𝐏𝐑𝐈𝐂𝐄𝐋𝐈𝐒𝐓 𝟐𝟎𝟐𝟑 >>>
https://pcmerchandise.live/2023-PRICELIST",,58,"11/12/2023 17:00",mixed,https://www.facebook.com/reel/1514202379944407/,1,0,Reels,,,,,11/21/2023,0,,,,,,0,0,0,0,0,25.951,6.740
1049837873911765,100064197037125,"PC Merchandise","𝐏𝐑𝐈𝐂𝐄𝐋𝐈𝐒𝐓 𝟐𝟎𝟐𝟑 >>>
https://pcmerchandise.live/2023-PRICELIST",,58,"11/12/2023 17:00",mixed,https://www.facebook.com/reel/1514202379944407/,1,0,Reels,,,,,11/22/2023,0,,,,,,0,0,0,0,0,39.683,6.756
1049837873911765,100064197037125,"PC Merchandise","𝐏𝐑𝐈𝐂𝐄𝐋𝐈𝐒𝐓 𝟐𝟎𝟐𝟑 >>>
https://pcmerchandise.live/2023-PRICELIST",,58,"11/12/2023 17:00",mixed,https://www.facebook.com/reel/1514202379944407/,1,0,Reels,,,,,11/23/2023,0,,,,,,0,0,0,0,0,22.423,5.859
1049837873911765,100064197037125,"PC Merchandise","𝐏𝐑𝐈𝐂𝐄𝐋𝐈𝐒𝐓 𝟐𝟎𝟐𝟑 >>>
https://pcmerchandise.live/2023-PRICELIST",,58,"11/12/2023 17:00",mixed,https://www.facebook.com/reel/1514202379944407/,1,0,Reels,,,,,11/24/2023,0,,,,,,0,0,0,0,0,15.824,5.851
1049837873911765,100064197037125,"PC Merchandise","𝐏𝐑𝐈𝐂𝐄𝐋𝐈𝐒𝐓 𝟐𝟎𝟐𝟑 >>>
https://pcmerchandise.live/2023-PRICELIST",,58,"11/12/2023 17:00",mixed,https://www.facebook.com/reel/1514202379944407/,1,0,Reels,,,,,11/25/2023,0,,,,,,0,0,0,0,0,18.827,7.157
1049837873911765,100064197037125,"PC Merchandise","𝐏𝐑𝐈𝐂𝐄𝐋𝐈𝐒𝐓 𝟐𝟎𝟐𝟑 >>>
https://pcmerchandise.live/2023-PRICELIST",,58,"11/12/2023 17:00",mixed,https://www.facebook.com/reel/1514202379944407/,1,0,Reels,,,,,11/26/2023,0,,,,,,0,0,0,0,0,13.039,6.991
1049837873911765,100064197037125,"PC Merchandise","𝐏𝐑𝐈𝐂𝐄𝐋𝐈𝐒𝐓 𝟐𝟎𝟐𝟑 >>>
https://pcmerchandise.live/2023-PRICELIST",,58,"11/12/2023 17:00",mixed,https://www.facebook.com/reel/1514202379944407/,1,0,Reels,,,,,11/27/2023,0,,,,,,0,0,0,0,0,10.631,5.908
1049837873911765,100064197037125,"PC Merchandise","𝐏𝐑𝐈𝐂𝐄𝐋𝐈𝐒𝐓 𝟐𝟎𝟐𝟑 >>>
https://pcmerchandise.live/2023-PRICELIST",,58,"11/12/2023 17:00",mixed,https://www.facebook.com/reel/1514202379944407/,1,0,Reels,,,,,11/28/2023,0,,,,,,0,0,0,0,0,9.207,6.771
1049837873911765,100064197037125,"PC Merchandise","𝐏𝐑𝐈𝐂𝐄𝐋𝐈𝐒𝐓 𝟐𝟎𝟐𝟑 >>>
https://pcmerchandise.live/2023-PRICELIST",,58,"11/12/2023 17:00",mixed,https://www.facebook.com/reel/1514202379944407/,1,0,Reels,,,,,11/29/2023,0,,,,,,0,0,0,0,0,11.800,5.177
1049837873911765,100064197037125,"PC Merchandise","𝐏𝐑𝐈𝐂𝐄𝐋𝐈𝐒𝐓 𝟐𝟎𝟐𝟑 >>>
https://pcmerchandise.live/2023-PRICELIST",,58,"11/12/2023 17:00",mixed,https://www.facebook.com/reel/1514202379944407/,1,0,Reels,,,,,11/30/2023,0,,,,,,0,0,0,0,0,10.191,5.451
1050160172340186,100064197037125,"PC Merchandise","Paano kung sabihin ko sayo na kaya mo na mag RX 6600 build under budget? 👀",,0,"11/11/2023 20:00",,https://www.facebook.com/pcmerchandise.co/posts/pfbid0i78VT3BZkjtC5OH0CxzAouncZPSfLKsQApNJD9Y6yuPGde8eScXCGmRq,0,1,Photos,,,,,11/30/2023,2,,,,,,,,,,,,
1050160172340186,100064197037125,"PC Merchandise","Paano kung sabihin ko sayo na kaya mo na mag RX 6600 build under budget? 👀",,0,"11/11/2023 20:00",,https://www.facebook.com/pcmerchandise.co/posts/pfbid0i78VT3BZkjtC5OH0CxzAouncZPSfLKsQApNJD9Y6yuPGde8eScXCGmRq,0,1,Photos,,,,,11/01/2023,,,0,0,0,0,0,0,,,,,
1050160172340186,100064197037125,"PC Merchandise","Paano kung sabihin ko sayo na kaya mo na mag RX 6600 build under budget? 👀",,0,"11/11/2023 20:00",,https://www.facebook.com/pcmerchandise.co/posts/pfbid0i78VT3BZkjtC5OH0CxzAouncZPSfLKsQApNJD9Y6yuPGde8eScXCGmRq,0,1,Photos,,,,,11/02/2023,,,0,0,0,0,0,0,,,,,
1050160172340186,100064197037125,"PC Merchandise","Paano kung sabihin ko sayo na kaya mo na mag RX 6600 build under budget? 👀",,0,"11/11/2023 20:00",,https://www.facebook.com/pcmerchandise.co/posts/pfbid0i78VT3BZkjtC5OH0CxzAouncZPSfLKsQApNJD9Y6yuPGde8eScXCGmRq,0,1,Photos,,,,,11/03/2023,,,0,0,0,0,0,0,,,,,
1050160172340186,100064197037125,"PC Merchandise","Paano kung sabihin ko sayo na kaya mo na mag RX 6600 build under budget? 👀",,0,"11/11/2023 20:00",,https://www.facebook.com/pcmerchandise.co/posts/pfbid0i78VT3BZkjtC5OH0CxzAouncZPSfLKsQApNJD9Y6yuPGde8eScXCGmRq,0,1,Photos,,,,,11/04/2023,,,0,0,0,0,0,0,,,,,
1050160172340186,100064197037125,"PC Merchandise","Paano kung sabihin ko sayo na kaya mo na mag RX 6600 build under budget? 👀",,0,"11/11/2023 20:00",,https://www.facebook.com/pcmerchandise.co/posts/pfbid0i78VT3BZkjtC5OH0CxzAouncZPSfLKsQApNJD9Y6yuPGde8eScXCGmRq,0,1,Photos,,,,,11/05/2023,,,0,0,0,0,0,0,,,,,
1050160172340186,100064197037125,"PC Merchandise","Paano kung sabihin ko sayo na kaya mo na mag RX 6600 build under budget? 👀",,0,"11/11/2023 20:00",,https://www.facebook.com/pcmerchandise.co/posts/pfbid0i78VT3BZkjtC5OH0CxzAouncZPSfLKsQApNJD9Y6yuPGde8eScXCGmRq,0,1,Photos,,,,,11/06/2023,,,0,0,0,0,0,0,,,,,
1050160172340186,100064197037125,"PC Merchandise","Paano kung sabihin ko sayo na kaya mo na mag RX 6600 build under budget? 👀",,0,"11/11/2023 20:00",,https://www.facebook.com/pcmerchandise.co/posts/pfbid0i78VT3BZkjtC5OH0CxzAouncZPSfLKsQApNJD9Y6yuPGde8eScXCGmRq,0,1,Photos,,,,,11/07/2023,,,0,0,0,0,0,0,,,,,
1050160172340186,100064197037125,"PC Merchandise","Paano kung sabihin ko sayo na kaya mo na mag RX 6600 build under budget? 👀",,0,"11/11/2023 20:00",,https://www.facebook.com/pcmerchandise.co/posts/pfbid0i78VT3BZkjtC5OH0CxzAouncZPSfLKsQApNJD9Y6yuPGde8eScXCGmRq,0,1,Photos,,,,,11/08/2023,,,0,0,0,0,0,0,,,,,
1050160172340186,100064197037125,"PC Merchandise","Paano kung sabihin ko sayo na kaya mo na mag RX 6600 build under budget? 👀",,0,"11/11/2023 20:00",,https://www.facebook.com/pcmerchandise.co/posts/pfbid0i78VT3BZkjtC5OH0CxzAouncZPSfLKsQApNJD9Y6yuPGde8eScXCGmRq,0,1,Photos,,,,,11/09/2023,,,0,0,0,0,0,0,,,,,
1050160172340186,100064197037125,"PC Merchandise","Paano kung sabihin ko sayo na kaya mo na mag RX 6600 build under budget? 👀",,0,"11/11/2023 20:00",,https://www.facebook.com/pcmerchandise.co/posts/pfbid0i78VT3BZkjtC5OH0CxzAouncZPSfLKsQApNJD9Y6yuPGde8eScXCGmRq,0,1,Photos,,,,,11/10/2023,,,0,0,0,0,0,0,,,,,
1050160172340186,100064197037125,"PC Merchandise","Paano kung sabihin ko sayo na kaya mo na mag RX 6600 build under budget? 👀",,0,"11/11/2023 20:00",,https://www.facebook.com/pcmerchandise.co/posts/pfbid0i78VT3BZkjtC5OH0CxzAouncZPSfLKsQApNJD9Y6yuPGde8eScXCGmRq,0,1,Photos,,,,,11/11/2023,,,0,0,0,0,0,0,,,,,
1050160172340186,100064197037125,"PC Merchandise","Paano kung sabihin ko sayo na kaya mo na mag RX 6600 build under budget? 👀",,0,"11/11/2023 20:00",,https://www.facebook.com/pcmerchandise.co/posts/pfbid0i78VT3BZkjtC5OH0CxzAouncZPSfLKsQApNJD9Y6yuPGde8eScXCGmRq,0,1,Photos,,,,,11/12/2023,,,0,0,0,0,0,0,,,,,
1050160172340186,100064197037125,"PC Merchandise","Paano kung sabihin ko sayo na kaya mo na mag RX 6600 build under budget? 👀",,0,"11/11/2023 20:00",,https://www.facebook.com/pcmerchandise.co/posts/pfbid0i78VT3BZkjtC5OH0CxzAouncZPSfLKsQApNJD9Y6yuPGde8eScXCGmRq,0,1,Photos,,,,,11/13/2023,,,0,0,0,0,0,0,,,,,
1050160172340186,100064197037125,"PC Merchandise","Paano kung sabihin ko sayo na kaya mo na mag RX 6600 build under budget? 👀",,0,"11/11/2023 20:00",,https://www.facebook.com/pcmerchandise.co/posts/pfbid0i78VT3BZkjtC5OH0CxzAouncZPSfLKsQApNJD9Y6yuPGde8eScXCGmRq,0,1,Photos,,,,,11/14/2023,,,0,0,0,0,0,0,,,,,
1050160172340186,100064197037125,"PC Merchandise","Paano kung sabihin ko sayo na kaya mo na mag RX 6600 build under budget? 👀",,0,"11/11/2023 20:00",,https://www.facebook.com/pcmerchandise.co/posts/pfbid0i78VT3BZkjtC5OH0CxzAouncZPSfLKsQApNJD9Y6yuPGde8eScXCGmRq,0,1,Photos,,,,,11/15/2023,,,0,0,0,0,0,0,,,,,
1050160172340186,100064197037125,"PC Merchandise","Paano kung sabihin ko sayo na kaya mo na mag RX 6600 build under budget? 👀",,0,"11/11/2023 20:00",,https://www.facebook.com/pcmerchandise.co/posts/pfbid0i78VT3BZkjtC5OH0CxzAouncZPSfLKsQApNJD9Y6yuPGde8eScXCGmRq,0,1,Photos,,,,,11/16/2023,,,0,0,0,0,0,0,,,,,
1050160172340186,100064197037125,"PC Merchandise","Paano kung sabihin ko sayo na kaya mo na mag RX 6600 build under budget? 👀",,0,"11/11/2023 20:00",,https://www.facebook.com/pcmerchandise.co/posts/pfbid0i78VT3BZkjtC5OH0CxzAouncZPSfLKsQApNJD9Y6yuPGde8eScXCGmRq,0,1,Photos,,,,,11/17/2023,,,0,0,0,0,0,0,,,,,
1050160172340186,100064197037125,"PC Merchandise","Paano kung sabihin ko sayo na kaya mo na mag RX 6600 build under budget? 👀",,0,"11/11/2023 20:00",,https://www.facebook.com/pcmerchandise.co/posts/pfbid0i78VT3BZkjtC5OH0CxzAouncZPSfLKsQApNJD9Y6yuPGde8eScXCGmRq,0,1,Photos,,,,,11/18/2023,,,0,0,0,0,0,0,,,,,
1050160172340186,100064197037125,"PC Merchandise","Paano kung sabihin ko sayo na kaya mo na mag RX 6600 build under budget? 👀",,0,"11/11/2023 20:00",,https://www.facebook.com/pcmerchandise.co/posts/pfbid0i78VT3BZkjtC5OH0CxzAouncZPSfLKsQApNJD9Y6yuPGde8eScXCGmRq,0,1,Photos,,,,,11/19/2023,,,0,0,0,0,0,0,,,,,
1050160172340186,100064197037125,"PC Merchandise","Paano kung sabihin ko sayo na kaya mo na mag RX 6600 build under budget? 👀",,0,"11/11/2023 20:00",,https://www.facebook.com/pcmerchandise.co/posts/pfbid0i78VT3BZkjtC5OH0CxzAouncZPSfLKsQApNJD9Y6yuPGde8eScXCGmRq,0,1,Photos,,,,,11/20/2023,,,0,0,0,0,0,0,,,,,
1050160172340186,100064197037125,"PC Merchandise","Paano kung sabihin ko sayo na kaya mo na mag RX 6600 build under budget? 👀",,0,"11/11/2023 20:00",,https://www.facebook.com/pcmerchandise.co/posts/pfbid0i78VT3BZkjtC5OH0CxzAouncZPSfLKsQApNJD9Y6yuPGde8eScXCGmRq,0,1,Photos,,,,,11/21/2023,,,0,0,0,0,0,0,,,,,
1050160172340186,100064197037125,"PC Merchandise","Paano kung sabihin ko sayo na kaya mo na mag RX 6600 build under budget? 👀",,0,"11/11/2023 20:00",,https://www.facebook.com/pcmerchandise.co/posts/pfbid0i78VT3BZkjtC5OH0CxzAouncZPSfLKsQApNJD9Y6yuPGde8eScXCGmRq,0,1,Photos,,,,,11/22/2023,,,0,0,0,0,0,0,,,,,
1050160172340186,100064197037125,"PC Merchandise","Paano kung sabihin ko sayo na kaya mo na mag RX 6600 build under budget? 👀",,0,"11/11/2023 20:00",,https://www.facebook.com/pcmerchandise.co/posts/pfbid0i78VT3BZkjtC5OH0CxzAouncZPSfLKsQApNJD9Y6yuPGde8eScXCGmRq,0,1,Photos,,,,,11/23/2023,,,0,0,0,0,0,0,,,,,
1050160172340186,100064197037125,"PC Merchandise","Paano kung sabihin ko sayo na kaya mo na mag RX 6600 build under budget? 👀",,0,"11/11/2023 20:00",,https://www.facebook.com/pcmerchandise.co/posts/pfbid0i78VT3BZkjtC5OH0CxzAouncZPSfLKsQApNJD9Y6yuPGde8eScXCGmRq,0,1,Photos,,,,,11/24/2023,,,0,0,0,0,0,0,,,,,
1050160172340186,100064197037125,"PC Merchandise","Paano kung sabihin ko sayo na kaya mo na mag RX 6600 build under budget? 👀",,0,"11/11/2023 20:00",,https://www.facebook.com/pcmerchandise.co/posts/pfbid0i78VT3BZkjtC5OH0CxzAouncZPSfLKsQApNJD9Y6yuPGde8eScXCGmRq,0,1,Photos,,,,,11/25/2023,,,0,0,0,0,0,0,,,,,
1050160172340186,100064197037125,"PC Merchandise","Paano kung sabihin ko sayo na kaya mo na mag RX 6600 build under budget? 👀",,0,"11/11/2023 20:00",,https://www.facebook.com/pcmerchandise.co/posts/pfbid0i78VT3BZkjtC5OH0CxzAouncZPSfLKsQApNJD9Y6yuPGde8eScXCGmRq,0,1,Photos,,,,,11/26/2023,,,0,0,0,0,0,0,,,,,
1050160172340186,100064197037125,"PC Merchandise","Paano kung sabihin ko sayo na kaya mo na mag RX 6600 build under budget? 👀",,0,"11/11/2023 20:00",,https://www.facebook.com/pcmerchandise.co/posts/pfbid0i78VT3BZkjtC5OH0CxzAouncZPSfLKsQApNJD9Y6yuPGde8eScXCGmRq,0,1,Photos,,,,,11/27/2023,,,0,0,0,0,0,0,,,,,
1050160172340186,100064197037125,"PC Merchandise","Paano kung sabihin ko sayo na kaya mo na mag RX 6600 build under budget? 👀",,0,"11/11/2023 20:00",,https://www.facebook.com/pcmerchandise.co/posts/pfbid0i78VT3BZkjtC5OH0CxzAouncZPSfLKsQApNJD9Y6yuPGde8eScXCGmRq,0,1,Photos,,,,,11/28/2023,,,0,0,0,0,0,0,,,,,
1050160172340186,100064197037125,"PC Merchandise","Paano kung sabihin ko sayo na kaya mo na mag RX 6600 build under budget? 👀",,0,"11/11/2023 20:00",,https://www.facebook.com/pcmerchandise.co/posts/pfbid0i78VT3BZkjtC5OH0CxzAouncZPSfLKsQApNJD9Y6yuPGde8eScXCGmRq,0,1,Photos,,,,,11/29/2023,,,0,0,0,0,0,0,,,,,
1050160172340186,100064197037125,"PC Merchandise","Paano kung sabihin ko sayo na kaya mo na mag RX 6600 build under budget? 👀",,0,"11/11/2023 20:00",,https://www.facebook.com/pcmerchandise.co/posts/pfbid0i78VT3BZkjtC5OH0CxzAouncZPSfLKsQApNJD9Y6yuPGde8eScXCGmRq,0,1,Photos,,,,,11/30/2023,,,0,0,0,0,0,0,,,,,
1049439567108168,100064197037125,"PC Merchandise","𝐒𝐎𝐋𝐃 𝐢𝟑 𝟏𝟐𝟏𝟎𝟎𝐅 (𝟏𝟎𝐏𝐂𝐒) (10PCS)
𝐆𝐀𝐌𝐈𝐍𝐆 𝐁𝐔𝐈𝐋𝐃
#PCMERCHANDISE #PCMBUILDS",,0,"11/11/2023 19:00",,https://www.facebook.com/pcmerchandise.co/posts/pfbid0Tv5NeGnU3NmypBMUnKkhocCsjQIGno0xzND28EnhvHInh8gqX0fZleoR,0,0,Photos,,,,,11/30/2023,2,,,,,,,,,,,,
1049439567108168,100064197037125,"PC Merchandise","𝐒𝐎𝐋𝐃 𝐢𝟑 𝟏𝟐𝟏𝟎𝟎𝐅 (𝟏𝟎𝐏𝐂𝐒) (10PCS)
𝐆𝐀𝐌𝐈𝐍𝐆 𝐁𝐔𝐈𝐋𝐃
#PCMERCHANDISE #PCMBUILDS",,0,"11/11/2023 19:00",,https://www.facebook.com/pcmerchandise.co/posts/pfbid0Tv5NeGnU3NmypBMUnKkhocCsjQIGno0xzND28EnhvHInh8gqX0fZleoR,0,0,Photos,,,,,11/01/2023,,,0,0,0,0,0,0,,,,,
1049439567108168,100064197037125,"PC Merchandise","𝐒𝐎𝐋𝐃 𝐢𝟑 𝟏𝟐𝟏𝟎𝟎𝐅 (𝟏𝟎𝐏𝐂𝐒) (10PCS)
𝐆𝐀𝐌𝐈𝐍𝐆 𝐁𝐔𝐈𝐋𝐃
#PCMERCHANDISE #PCMBUILDS",,0,"11/11/2023 19:00",,https://www.facebook.com/pcmerchandise.co/posts/pfbid0Tv5NeGnU3NmypBMUnKkhocCsjQIGno0xzND28EnhvHInh8gqX0fZleoR,0,0,Photos,,,,,11/02/2023,,,0,0,0,0,0,0,,,,,
1049439567108168,100064197037125,"PC Merchandise","𝐒𝐎𝐋𝐃 𝐢𝟑 𝟏𝟐𝟏𝟎𝟎𝐅 (𝟏𝟎𝐏𝐂𝐒) (10PCS)
𝐆𝐀𝐌𝐈𝐍𝐆 𝐁𝐔𝐈𝐋𝐃
#PCMERCHANDISE #PCMBUILDS",,0,"11/11/2023 19:00",,https://www.facebook.com/pcmerchandise.co/posts/pfbid0Tv5NeGnU3NmypBMUnKkhocCsjQIGno0xzND28EnhvHInh8gqX0fZleoR,0,0,Photos,,,,,11/03/2023,,,0,0,0,0,0,0,,,,,
1049439567108168,100064197037125,"PC Merchandise","𝐒𝐎𝐋𝐃 𝐢𝟑 𝟏𝟐𝟏𝟎𝟎𝐅 (𝟏𝟎𝐏𝐂𝐒) (10PCS)
𝐆𝐀𝐌𝐈𝐍𝐆 𝐁𝐔𝐈𝐋𝐃
#PCMERCHANDISE #PCMBUILDS",,0,"11/11/2023 19:00",,https://www.facebook.com/pcmerchandise.co/posts/pfbid0Tv5NeGnU3NmypBMUnKkhocCsjQIGno0xzND28EnhvHInh8gqX0fZleoR,0,0,Photos,,,,,11/04/2023,,,0,0,0,0,0,0,,,,,
1049439567108168,100064197037125,"PC Merchandise","𝐒𝐎𝐋𝐃 𝐢𝟑 𝟏𝟐𝟏𝟎𝟎𝐅 (𝟏𝟎𝐏𝐂𝐒) (10PCS)
𝐆𝐀𝐌𝐈𝐍𝐆 𝐁𝐔𝐈𝐋𝐃
#PCMERCHANDISE #PCMBUILDS",,0,"11/11/2023 19:00",,https://www.facebook.com/pcmerchandise.co/posts/pfbid0Tv5NeGnU3NmypBMUnKkhocCsjQIGno0xzND28EnhvHInh8gqX0fZleoR,0,0,Photos,,,,,11/05/2023,,,0,0,0,0,0,0,,,,,
1049439567108168,100064197037125,"PC Merchandise","𝐒𝐎𝐋𝐃 𝐢𝟑 𝟏𝟐𝟏𝟎𝟎𝐅 (𝟏𝟎𝐏𝐂𝐒) (10PCS)
𝐆𝐀𝐌𝐈𝐍𝐆 𝐁𝐔𝐈𝐋𝐃
#PCMERCHANDISE #PCMBUILDS",,0,"11/11/2023 19:00",,https://www.facebook.com/pcmerchandise.co/posts/pfbid0Tv5NeGnU3NmypBMUnKkhocCsjQIGno0xzND28EnhvHInh8gqX0fZleoR,0,0,Photos,,,,,11/06/2023,,,0,0,0,0,0,0,,,,,
1049439567108168,100064197037125,"PC Merchandise","𝐒𝐎𝐋𝐃 𝐢𝟑 𝟏𝟐𝟏𝟎𝟎𝐅 (𝟏𝟎𝐏𝐂𝐒) (10PCS)
𝐆𝐀𝐌𝐈𝐍𝐆 𝐁𝐔𝐈𝐋𝐃
#PCMERCHANDISE #PCMBUILDS",,0,"11/11/2023 19:00",,https://www.facebook.com/pcmerchandise.co/posts/pfbid0Tv5NeGnU3NmypBMUnKkhocCsjQIGno0xzND28EnhvHInh8gqX0fZleoR,0,0,Photos,,,,,11/07/2023,,,0,0,0,0,0,0,,,,,
1049439567108168,100064197037125,"PC Merchandise","𝐒𝐎𝐋𝐃 𝐢𝟑 𝟏𝟐𝟏𝟎𝟎𝐅 (𝟏𝟎𝐏𝐂𝐒) (10PCS)
𝐆𝐀𝐌𝐈𝐍𝐆 𝐁𝐔𝐈𝐋𝐃
#PCMERCHANDISE #PCMBUILDS",,0,"11/11/2023 19:00",,https://www.facebook.com/pcmerchandise.co/posts/pfbid0Tv5NeGnU3NmypBMUnKkhocCsjQIGno0xzND28EnhvHInh8gqX0fZleoR,0,0,Photos,,,,,11/08/2023,,,0,0,0,0,0,0,,,,,
1049439567108168,100064197037125,"PC Merchandise","𝐒𝐎𝐋𝐃 𝐢𝟑 𝟏𝟐𝟏𝟎𝟎𝐅 (𝟏𝟎𝐏𝐂𝐒) (10PCS)
𝐆𝐀𝐌𝐈𝐍𝐆 𝐁𝐔𝐈𝐋𝐃
#PCMERCHANDISE #PCMBUILDS",,0,"11/11/2023 19:00",,https://www.facebook.com/pcmerchandise.co/posts/pfbid0Tv5NeGnU3NmypBMUnKkhocCsjQIGno0xzND28EnhvHInh8gqX0fZleoR,0,0,Photos,,,,,11/09/2023,,,0,0,0,0,0,0,,,,,
1049439567108168,100064197037125,"PC Merchandise","𝐒𝐎𝐋𝐃 𝐢𝟑 𝟏𝟐𝟏𝟎𝟎𝐅 (𝟏𝟎𝐏𝐂𝐒) (10PCS)
𝐆𝐀𝐌𝐈𝐍𝐆 𝐁𝐔𝐈𝐋𝐃
#PCMERCHANDISE #PCMBUILDS",,0,"11/11/2023 19:00",,https://www.facebook.com/pcmerchandise.co/posts/pfbid0Tv5NeGnU3NmypBMUnKkhocCsjQIGno0xzND28EnhvHInh8gqX0fZleoR,0,0,Photos,,,,,11/10/2023,,,0,0,0,0,0,0,,,,,
1049439567108168,100064197037125,"PC Merchandise","𝐒𝐎𝐋𝐃 𝐢𝟑 𝟏𝟐𝟏𝟎𝟎𝐅 (𝟏𝟎𝐏𝐂𝐒) (10PCS)
𝐆𝐀𝐌𝐈𝐍𝐆 𝐁𝐔𝐈𝐋𝐃
#PCMERCHANDISE #PCMBUILDS",,0,"11/11/2023 19:00",,https://www.facebook.com/pcmerchandise.co/posts/pfbid0Tv5NeGnU3NmypBMUnKkhocCsjQIGno0xzND28EnhvHInh8gqX0fZleoR,0,0,Photos,,,,,11/11/2023,,,0,0,0,0,0,0,,,,,
1049439567108168,100064197037125,"PC Merchandise","𝐒𝐎𝐋𝐃 𝐢𝟑 𝟏𝟐𝟏𝟎𝟎𝐅 (𝟏𝟎𝐏𝐂𝐒) (10PCS)
𝐆𝐀𝐌𝐈𝐍𝐆 𝐁𝐔𝐈𝐋𝐃
#PCMERCHANDISE #PCMBUILDS",,0,"11/11/2023 19:00",,https://www.facebook.com/pcmerchandise.co/posts/pfbid0Tv5NeGnU3NmypBMUnKkhocCsjQIGno0xzND28EnhvHInh8gqX0fZleoR,0,0,Photos,,,,,11/12/2023,,,0,0,0,0,0,0,,,,,
1049439567108168,100064197037125,"PC Merchandise","𝐒𝐎𝐋𝐃 𝐢𝟑 𝟏𝟐𝟏𝟎𝟎𝐅 (𝟏𝟎𝐏𝐂𝐒) (10PCS)
𝐆𝐀𝐌𝐈𝐍𝐆 𝐁𝐔𝐈𝐋𝐃
#PCMERCHANDISE #PCMBUILDS",,0,"11/11/2023 19:00",,https://www.facebook.com/pcmerchandise.co/posts/pfbid0Tv5NeGnU3NmypBMUnKkhocCsjQIGno0xzND28EnhvHInh8gqX0fZleoR,0,0,Photos,,,,,11/13/2023,,,0,0,0,0,0,0,,,,,
1049439567108168,100064197037125,"PC Merchandise","𝐒𝐎𝐋𝐃 𝐢𝟑 𝟏𝟐𝟏𝟎𝟎𝐅 (𝟏𝟎𝐏𝐂𝐒) (10PCS)
𝐆𝐀𝐌𝐈𝐍𝐆 𝐁𝐔𝐈𝐋𝐃
#PCMERCHANDISE #PCMBUILDS",,0,"11/11/2023 19:00",,https://www.facebook.com/pcmerchandise.co/posts/pfbid0Tv5NeGnU3NmypBMUnKkhocCsjQIGno0xzND28EnhvHInh8gqX0fZleoR,0,0,Photos,,,,,11/14/2023,,,0,0,0,0,0,0,,,,,
1049439567108168,100064197037125,"PC Merchandise","𝐒𝐎𝐋𝐃 𝐢𝟑 𝟏𝟐𝟏𝟎𝟎𝐅 (𝟏𝟎𝐏𝐂𝐒) (10PCS)
𝐆𝐀𝐌𝐈𝐍𝐆 𝐁𝐔𝐈𝐋𝐃
#PCMERCHANDISE #PCMBUILDS",,0,"11/11/2023 19:00",,https://www.facebook.com/pcmerchandise.co/posts/pfbid0Tv5NeGnU3NmypBMUnKkhocCsjQIGno0xzND28EnhvHInh8gqX0fZleoR,0,0,Photos,,,,,11/15/2023,,,0,0,0,0,0,0,,,,,
1049439567108168,100064197037125,"PC Merchandise","𝐒𝐎𝐋𝐃 𝐢𝟑 𝟏𝟐𝟏𝟎𝟎𝐅 (𝟏𝟎𝐏𝐂𝐒) (10PCS)
𝐆𝐀𝐌𝐈𝐍𝐆 𝐁𝐔𝐈𝐋𝐃
#PCMERCHANDISE #PCMBUILDS",,0,"11/11/2023 19:00",,https://www.facebook.com/pcmerchandise.co/posts/pfbid0Tv5NeGnU3NmypBMUnKkhocCsjQIGno0xzND28EnhvHInh8gqX0fZleoR,0,0,Photos,,,,,11/16/2023,,,0,0,0,0,0,0,,,,,
1049439567108168,100064197037125,"PC Merchandise","𝐒𝐎𝐋𝐃 𝐢𝟑 𝟏𝟐𝟏𝟎𝟎𝐅 (𝟏𝟎𝐏𝐂𝐒) (10PCS)
𝐆𝐀𝐌𝐈𝐍𝐆 𝐁𝐔𝐈𝐋𝐃
#PCMERCHANDISE #PCMBUILDS",,0,"11/11/2023 19:00",,https://www.facebook.com/pcmerchandise.co/posts/pfbid0Tv5NeGnU3NmypBMUnKkhocCsjQIGno0xzND28EnhvHInh8gqX0fZleoR,0,0,Photos,,,,,11/17/2023,,,0,0,0,0,0,0,,,,,
1049439567108168,100064197037125,"PC Merchandise","𝐒𝐎𝐋𝐃 𝐢𝟑 𝟏𝟐𝟏𝟎𝟎𝐅 (𝟏𝟎𝐏𝐂𝐒) (10PCS)
𝐆𝐀𝐌𝐈𝐍𝐆 𝐁𝐔𝐈𝐋𝐃
#PCMERCHANDISE #PCMBUILDS",,0,"11/11/2023 19:00",,https://www.facebook.com/pcmerchandise.co/posts/pfbid0Tv5NeGnU3NmypBMUnKkhocCsjQIGno0xzND28EnhvHInh8gqX0fZleoR,0,0,Photos,,,,,11/18/2023,,,0,0,0,0,0,0,,,,,
1049439567108168,100064197037125,"PC Merchandise","𝐒𝐎𝐋𝐃 𝐢𝟑 𝟏𝟐𝟏𝟎𝟎𝐅 (𝟏𝟎𝐏𝐂𝐒) (10PCS)
𝐆𝐀𝐌𝐈𝐍𝐆 𝐁𝐔𝐈𝐋𝐃
#PCMERCHANDISE #PCMBUILDS",,0,"11/11/2023 19:00",,https://www.facebook.com/pcmerchandise.co/posts/pfbid0Tv5NeGnU3NmypBMUnKkhocCsjQIGno0xzND28EnhvHInh8gqX0fZleoR,0,0,Photos,,,,,11/19/2023,,,0,0,0,0,0,0,,,,,
1049439567108168,100064197037125,"PC Merchandise","𝐒𝐎𝐋𝐃 𝐢𝟑 𝟏𝟐𝟏𝟎𝟎𝐅 (𝟏𝟎𝐏𝐂𝐒) (10PCS)
𝐆𝐀𝐌𝐈𝐍𝐆 𝐁𝐔𝐈𝐋𝐃
#PCMERCHANDISE #PCMBUILDS",,0,"11/11/2023 19:00",,https://www.facebook.com/pcmerchandise.co/posts/pfbid0Tv5NeGnU3NmypBMUnKkhocCsjQIGno0xzND28EnhvHInh8gqX0fZleoR,0,0,Photos,,,,,11/20/2023,,,0,0,0,0,0,0,,,,,
1049439567108168,100064197037125,"PC Merchandise","𝐒𝐎𝐋𝐃 𝐢𝟑 𝟏𝟐𝟏𝟎𝟎𝐅 (𝟏𝟎𝐏𝐂𝐒) (10PCS)
𝐆𝐀𝐌𝐈𝐍𝐆 𝐁𝐔𝐈𝐋𝐃
#PCMERCHANDISE #PCMBUILDS",,0,"11/11/2023 19:00",,https://www.facebook.com/pcmerchandise.co/posts/pfbid0Tv5NeGnU3NmypBMUnKkhocCsjQIGno0xzND28EnhvHInh8gqX0fZleoR,0,0,Photos,,,,,11/21/2023,,,0,0,0,0,0,0,,,,,
1049439567108168,100064197037125,"PC Merchandise","𝐒𝐎𝐋𝐃 𝐢𝟑 𝟏𝟐𝟏𝟎𝟎𝐅 (𝟏𝟎𝐏𝐂𝐒) (10PCS)
𝐆𝐀𝐌𝐈𝐍𝐆 𝐁𝐔𝐈𝐋𝐃
#PCMERCHANDISE #PCMBUILDS",,0,"11/11/2023 19:00",,https://www.facebook.com/pcmerchandise.co/posts/pfbid0Tv5NeGnU3NmypBMUnKkhocCsjQIGno0xzND28EnhvHInh8gqX0fZleoR,0,0,Photos,,,,,11/22/2023,,,0,0,0,0,0,0,,,,,
1049439567108168,100064197037125,"PC Merchandise","𝐒𝐎𝐋𝐃 𝐢𝟑 𝟏𝟐𝟏𝟎𝟎𝐅 (𝟏𝟎𝐏𝐂𝐒) (10PCS)
𝐆𝐀𝐌𝐈𝐍𝐆 𝐁𝐔𝐈𝐋𝐃
#PCMERCHANDISE #PCMBUILDS",,0,"11/11/2023 19:00",,https://www.facebook.com/pcmerchandise.co/posts/pfbid0Tv5NeGnU3NmypBMUnKkhocCsjQIGno0xzND28EnhvHInh8gqX0fZleoR,0,0,Photos,,,,,11/23/2023,,,0,0,0,0,0,0,,,,,
1049439567108168,100064197037125,"PC Merchandise","𝐒𝐎𝐋𝐃 𝐢𝟑 𝟏𝟐𝟏𝟎𝟎𝐅 (𝟏𝟎𝐏𝐂𝐒) (10PCS)
𝐆𝐀𝐌𝐈𝐍𝐆 𝐁𝐔𝐈𝐋𝐃
#PCMERCHANDISE #PCMBUILDS",,0,"11/11/2023 19:00",,https://www.facebook.com/pcmerchandise.co/posts/pfbid0Tv5NeGnU3NmypBMUnKkhocCsjQIGno0xzND28EnhvHInh8gqX0fZleoR,0,0,Photos,,,,,11/24/2023,,,0,0,0,0,0,0,,,,,
1049439567108168,100064197037125,"PC Merchandise","𝐒𝐎𝐋𝐃 𝐢𝟑 𝟏𝟐𝟏𝟎𝟎𝐅 (𝟏𝟎𝐏𝐂𝐒) (10PCS)
𝐆𝐀𝐌𝐈𝐍𝐆 𝐁𝐔𝐈𝐋𝐃
#PCMERCHANDISE #PCMBUILDS",,0,"11/11/2023 19:00",,https://www.facebook.com/pcmerchandise.co/posts/pfbid0Tv5NeGnU3NmypBMUnKkhocCsjQIGno0xzND28EnhvHInh8gqX0fZleoR,0,0,Photos,,,,,11/25/2023,,,0,0,0,0,0,0,,,,,
1049439567108168,100064197037125,"PC Merchandise","𝐒𝐎𝐋𝐃 𝐢𝟑 𝟏𝟐𝟏𝟎𝟎𝐅 (𝟏𝟎𝐏𝐂𝐒) (10PCS)
𝐆𝐀𝐌𝐈𝐍𝐆 𝐁𝐔𝐈𝐋𝐃
#PCMERCHANDISE #PCMBUILDS",,0,"11/11/2023 19:00",,https://www.facebook.com/pcmerchandise.co/posts/pfbid0Tv5NeGnU3NmypBMUnKkhocCsjQIGno0xzND28EnhvHInh8gqX0fZleoR,0,0,Photos,,,,,11/26/2023,,,0,0,0,0,0,0,,,,,
1049439567108168,100064197037125,"PC Merchandise","𝐒𝐎𝐋𝐃 𝐢𝟑 𝟏𝟐𝟏𝟎𝟎𝐅 (𝟏𝟎𝐏𝐂𝐒) (10PCS)
𝐆𝐀𝐌𝐈𝐍𝐆 𝐁𝐔𝐈𝐋𝐃
#PCMERCHANDISE #PCMBUILDS",,0,"11/11/2023 19:00",,https://www.facebook.com/pcmerchandise.co/posts/pfbid0Tv5NeGnU3NmypBMUnKkhocCsjQIGno0xzND28EnhvHInh8gqX0fZleoR,0,0,Photos,,,,,11/27/2023,,,0,0,0,0,0,0,,,,,
1049439567108168,100064197037125,"PC Merchandise","𝐒𝐎𝐋𝐃 𝐢𝟑 𝟏𝟐𝟏𝟎𝟎𝐅 (𝟏𝟎𝐏𝐂𝐒) (10PCS)
𝐆𝐀𝐌𝐈𝐍𝐆 𝐁𝐔𝐈𝐋𝐃
#PCMERCHANDISE #PCMBUILDS",,0,"11/11/2023 19:00",,https://www.facebook.com/pcmerchandise.co/posts/pfbid0Tv5NeGnU3NmypBMUnKkhocCsjQIGno0xzND28EnhvHInh8gqX0fZleoR,0,0,Photos,,,,,11/28/2023,,,0,0,0,0,0,0,,,,,
1049439567108168,100064197037125,"PC Merchandise","𝐒𝐎𝐋𝐃 𝐢𝟑 𝟏𝟐𝟏𝟎𝟎𝐅 (𝟏𝟎𝐏𝐂𝐒) (10PCS)
𝐆𝐀𝐌𝐈𝐍𝐆 𝐁𝐔𝐈𝐋𝐃
#PCMERCHANDISE #PCMBUILDS",,0,"11/11/2023 19:00",,https://www.facebook.com/pcmerchandise.co/posts/pfbid0Tv5NeGnU3NmypBMUnKkhocCsjQIGno0xzND28EnhvHInh8gqX0fZleoR,0,0,Photos,,,,,11/29/2023,,,0,0,0,0,0,0,,,,,
1049439567108168,100064197037125,"PC Merchandise","𝐒𝐎𝐋𝐃 𝐢𝟑 𝟏𝟐𝟏𝟎𝟎𝐅 (𝟏𝟎𝐏𝐂𝐒) (10PCS)
𝐆𝐀𝐌𝐈𝐍𝐆 𝐁𝐔𝐈𝐋𝐃
#PCMERCHANDISE #PCMBUILDS",,0,"11/11/2023 19:00",,https://www.facebook.com/pcmerchandise.co/posts/pfbid0Tv5NeGnU3NmypBMUnKkhocCsjQIGno0xzND28EnhvHInh8gqX0fZleoR,0,0,Photos,,,,,11/30/2023,,,0,0,0,0,0,0,,,,,
1049489386428094,100064197037125,"PC Merchandise","Paano kung sabihin ko sayo na kaya mo na mag RX 580 build under budget? 👀",,54,"11/11/2023 19:00",,https://www.facebook.com/reel/1394935955030499/,0,0,Reels,,,,,11/01/2023,0,,,,,,0,0,0,0,0,0.000,1.500
1049489386428094,100064197037125,"PC Merchandise","Paano kung sabihin ko sayo na kaya mo na mag RX 580 build under budget? 👀",,54,"11/11/2023 19:00",,https://www.facebook.com/reel/1394935955030499/,0,0,Reels,,,,,11/02/2023,0,,,,,,0,0,0,0,0,0.000,2.874
1049489386428094,100064197037125,"PC Merchandise","Paano kung sabihin ko sayo na kaya mo na mag RX 580 build under budget? 👀",,54,"11/11/2023 19:00",,https://www.facebook.com/reel/1394935955030499/,0,0,Reels,,,,,11/03/2023,0,,,,,,0,0,0,0,0,0.000,2.150
1049489386428094,100064197037125,"PC Merchandise","Paano kung sabihin ko sayo na kaya mo na mag RX 580 build under budget? 👀",,54,"11/11/2023 19:00",,https://www.facebook.com/reel/1394935955030499/,0,0,Reels,,,,,11/04/2023,0,,,,,,0,0,0,0,0,0.000,3.176
1049489386428094,100064197037125,"PC Merchandise","Paano kung sabihin ko sayo na kaya mo na mag RX 580 build under budget? 👀",,54,"11/11/2023 19:00",,https://www.facebook.com/reel/1394935955030499/,0,0,Reels,,,,,11/05/2023,0,,,,,,0,0,0,0,0,0.000,2.283
1049489386428094,100064197037125,"PC Merchandise","Paano kung sabihin ko sayo na kaya mo na mag RX 580 build under budget? 👀",,54,"11/11/2023 19:00",,https://www.facebook.com/reel/1394935955030499/,0,0,Reels,,,,,11/06/2023,0,,,,,,0,0,0,0,0,0.000,2.086
1049489386428094,100064197037125,"PC Merchandise","Paano kung sabihin ko sayo na kaya mo na mag RX 580 build under budget? 👀",,54,"11/11/2023 19:00",,https://www.facebook.com/reel/1394935955030499/,0,0,Reels,,,,,11/07/2023,0,,,,,,0,0,0,0,0,0.000,2.297
1049489386428094,100064197037125,"PC Merchandise","Paano kung sabihin ko sayo na kaya mo na mag RX 580 build under budget? 👀",,54,"11/11/2023 19:00",,https://www.facebook.com/reel/1394935955030499/,0,0,Reels,,,,,11/08/2023,0,,,,,,0,0,0,0,0,0.000,1.500
1049489386428094,100064197037125,"PC Merchandise","Paano kung sabihin ko sayo na kaya mo na mag RX 580 build under budget? 👀",,54,"11/11/2023 19:00",,https://www.facebook.com/reel/1394935955030499/,0,0,Reels,,,,,11/09/2023,0,,,,,,0,0,0,0,0,0.000,1.699
1049489386428094,100064197037125,"PC Merchandise","Paano kung sabihin ko sayo na kaya mo na mag RX 580 build under budget? 👀",,54,"11/11/2023 19:00",,https://www.facebook.com/reel/1394935955030499/,0,0,Reels,,,,,11/10/2023,0,,,,,,0,0,0,0,0,0.000,1.715
1049489386428094,100064197037125,"PC Merchandise","Paano kung sabihin ko sayo na kaya mo na mag RX 580 build under budget? 👀",,54,"11/11/2023 19:00",,https://www.facebook.com/reel/1394935955030499/,0,0,Reels,,,,,11/11/2023,0,,,,,,0,0,2,2,0,1220.247,3.212
1049489386428094,100064197037125,"PC Merchandise","Paano kung sabihin ko sayo na kaya mo na mag RX 580 build under budget? 👀",,54,"11/11/2023 19:00",,https://www.facebook.com/reel/1394935955030499/,0,0,Reels,,,,,11/12/2023,0,,,,,,0,0,5,4,1,1169.222,1.600
1049489386428094,100064197037125,"PC Merchandise","Paano kung sabihin ko sayo na kaya mo na mag RX 580 build under budget? 👀",,54,"11/11/2023 19:00",,https://www.facebook.com/reel/1394935955030499/,0,0,Reels,,,,,11/13/2023,0,,,,,,0,0,3,3,0,822.132,2.781
1049489386428094,100064197037125,"PC Merchandise","Paano kung sabihin ko sayo na kaya mo na mag RX 580 build under budget? 👀",,54,"11/11/2023 19:00",,https://www.facebook.com/reel/1394935955030499/,0,0,Reels,,,,,11/14/2023,0,,,,,,0,0,1,1,0,792.616,1.956
1049489386428094,100064197037125,"PC Merchandise","Paano kung sabihin ko sayo na kaya mo na mag RX 580 build under budget? 👀",,54,"11/11/2023 19:00",,https://www.facebook.com/reel/1394935955030499/,0,0,Reels,,,,,11/15/2023,0,,,,,,0,0,0,0,0,366.871,3.099
1049489386428094,100064197037125,"PC Merchandise","Paano kung sabihin ko sayo na kaya mo na mag RX 580 build under budget? 👀",,54,"11/11/2023 19:00",,https://www.facebook.com/reel/1394935955030499/,0,0,Reels,,,,,11/16/2023,0,,,,,,0,0,0,0,0,322.491,1.699
1049489386428094,100064197037125,"PC Merchandise","Paano kung sabihin ko sayo na kaya mo na mag RX 580 build under budget? 👀",,54,"11/11/2023 19:00",,https://www.facebook.com/reel/1394935955030499/,0,0,Reels,,,,,11/17/2023,0,,,,,,0,0,0,0,0,466.093,1.851
1049489386428094,100064197037125,"PC Merchandise","Paano kung sabihin ko sayo na kaya mo na mag RX 580 build under budget? 👀",,54,"11/11/2023 19:00",,https://www.facebook.com/reel/1394935955030499/,0,0,Reels,,,,,11/18/2023,0,,,,,,0,0,0,0,0,188.144,2.435
1049489386428094,100064197037125,"PC Merchandise","Paano kung sabihin ko sayo na kaya mo na mag RX 580 build under budget? 👀",,54,"11/11/2023 19:00",,https://www.facebook.com/reel/1394935955030499/,0,0,Reels,,,,,11/19/2023,0,,,,,,0,0,0,0,0,95.626,2.054
1049489386428094,100064197037125,"PC Merchandise","Paano kung sabihin ko sayo na kaya mo na mag RX 580 build under budget? 👀",,54,"11/11/2023 19:00",,https://www.facebook.com/reel/1394935955030499/,0,0,Reels,,,,,11/20/2023,0,,,,,,0,0,2,2,0,208.406,2.150
1049489386428094,100064197037125,"PC Merchandise","Paano kung sabihin ko sayo na kaya mo na mag RX 580 build under budget? 👀",,54,"11/11/2023 19:00",,https://www.facebook.com/reel/1394935955030499/,0,0,Reels,,,,,11/21/2023,0,,,,,,0,0,0,0,0,302.096,2.462
1049489386428094,100064197037125,"PC Merchandise","Paano kung sabihin ko sayo na kaya mo na mag RX 580 build under budget? 👀",,54,"11/11/2023 19:00",,https://www.facebook.com/reel/1394935955030499/,0,0,Reels,,,,,11/22/2023,0,,,,,,0,0,0,0,0,188.591,2.465
1049489386428094,100064197037125,"PC Merchandise","Paano kung sabihin ko sayo na kaya mo na mag RX 580 build under budget? 👀",,54,"11/11/2023 19:00",,https://www.facebook.com/reel/1394935955030499/,0,0,Reels,,,,,11/23/2023,0,,,,,,0,0,0,0,0,75.367,1.500
1049489386428094,100064197037125,"PC Merchandise","Paano kung sabihin ko sayo na kaya mo na mag RX 580 build under budget? 👀",,54,"11/11/2023 19:00",,https://www.facebook.com/reel/1394935955030499/,0,0,Reels,,,,,11/24/2023,0,,,,,,0,0,0,0,0,72.629,2.065
1049489386428094,100064197037125,"PC Merchandise","Paano kung sabihin ko sayo na kaya mo na mag RX 580 build under budget? 👀",,54,"11/11/2023 19:00",,https://www.facebook.com/reel/1394935955030499/,0,0,Reels,,,,,11/25/2023,0,,,,,,0,0,0,0,0,58.705,2.670
1049489386428094,100064197037125,"PC Merchandise","Paano kung sabihin ko sayo na kaya mo na mag RX 580 build under budget? 👀",,54,"11/11/2023 19:00",,https://www.facebook.com/reel/1394935955030499/,0,0,Reels,,,,,11/26/2023,0,,,,,,0,0,0,0,0,85.449,1.957
1049489386428094,100064197037125,"PC Merchandise","Paano kung sabihin ko sayo na kaya mo na mag RX 580 build under budget? 👀",,54,"11/11/2023 19:00",,https://www.facebook.com/reel/1394935955030499/,0,0,Reels,,,,,11/27/2023,0,,,,,,0,0,0,0,0,67.812,2.278
1049489386428094,100064197037125,"PC Merchandise","Paano kung sabihin ko sayo na kaya mo na mag RX 580 build under budget? 👀",,54,"11/11/2023 19:00",,https://www.facebook.com/reel/1394935955030499/,0,0,Reels,,,,,11/28/2023,0,,,,,,0,0,0,0,0,60.797,1.500
1049489386428094,100064197037125,"PC Merchandise","Paano kung sabihin ko sayo na kaya mo na mag RX 580 build under budget? 👀",,54,"11/11/2023 19:00",,https://www.facebook.com/reel/1394935955030499/,0,0,Reels,,,,,11/29/2023,0,,,,,,0,0,0,0,0,58.746,1.801
1049489386428094,100064197037125,"PC Merchandise","Paano kung sabihin ko sayo na kaya mo na mag RX 580 build under budget? 👀",,54,"11/11/2023 19:00",,https://www.facebook.com/reel/1394935955030499/,0,0,Reels,,,,,11/30/2023,0,,,,,,0,0,0,0,0,50.749,2.322
1050187364461810,100064197037125,"PC Merchandise","One more rig complete. One more client satisfied. Built with i3 12100F + RTX 3050. PM us for yours!",,49,"11/10/2023 22:00",,https://www.facebook.com/reel/1386803351076730/,0,0,Reels,,,,,11/01/2023,0,,,,,,0,0,0,0,0,0.000,5.953
1050187364461810,100064197037125,"PC Merchandise","One more rig complete. One more client satisfied. Built with i3 12100F + RTX 3050. PM us for yours!",,49,"11/10/2023 22:00",,https://www.facebook.com/reel/1386803351076730/,0,0,Reels,,,,,11/02/2023,0,,,,,,0,0,0,0,0,0.000,6.940
1050187364461810,100064197037125,"PC Merchandise","One more rig complete. One more client satisfied. Built with i3 12100F + RTX 3050. PM us for yours!",,49,"11/10/2023 22:00",,https://www.facebook.com/reel/1386803351076730/,0,0,Reels,,,,,11/03/2023,0,,,,,,0,0,0,0,0,0.000,5.125
1050187364461810,100064197037125,"PC Merchandise","One more rig complete. One more client satisfied. Built with i3 12100F + RTX 3050. PM us for yours!",,49,"11/10/2023 22:00",,https://www.facebook.com/reel/1386803351076730/,0,0,Reels,,,,,11/04/2023,0,,,,,,0,0,0,0,0,0.000,6.536
1050187364461810,100064197037125,"PC Merchandise","One more rig complete. One more client satisfied. Built with i3 12100F + RTX 3050. PM us for yours!",,49,"11/10/2023 22:00",,https://www.facebook.com/reel/1386803351076730/,0,0,Reels,,,,,11/05/2023,0,,,,,,0,0,0,0,0,0.000,5.100
1050187364461810,100064197037125,"PC Merchandise","One more rig complete. One more client satisfied. Built with i3 12100F + RTX 3050. PM us for yours!",,49,"11/10/2023 22:00",,https://www.facebook.com/reel/1386803351076730/,0,0,Reels,,,,,11/06/2023,0,,,,,,0,0,0,0,0,0.000,5.479
1050187364461810,100064197037125,"PC Merchandise","One more rig complete. One more client satisfied. Built with i3 12100F + RTX 3050. PM us for yours!",,49,"11/10/2023 22:00",,https://www.facebook.com/reel/1386803351076730/,0,0,Reels,,,,,11/07/2023,0,,,,,,0,0,0,0,0,0.000,5.481
1050187364461810,100064197037125,"PC Merchandise","One more rig complete. One more client satisfied. Built with i3 12100F + RTX 3050. PM us for yours!",,49,"11/10/2023 22:00",,https://www.facebook.com/reel/1386803351076730/,0,0,Reels,,,,,11/08/2023,0,,,,,,0,0,0,0,0,0.000,4.800
1050187364461810,100064197037125,"PC Merchandise","One more rig complete. One more client satisfied. Built with i3 12100F + RTX 3050. PM us for yours!",,49,"11/10/2023 22:00",,https://www.facebook.com/reel/1386803351076730/,0,0,Reels,,,,,11/09/2023,0,,,,,,0,0,0,0,0,0.000,4.983
1050187364461810,100064197037125,"PC Merchandise","One more rig complete. One more client satisfied. Built with i3 12100F + RTX 3050. PM us for yours!",,49,"11/10/2023 22:00",,https://www.facebook.com/reel/1386803351076730/,0,0,Reels,,,,,11/10/2023,0,,,,,,0,0,0,0,0,738.291,6.104
1050187364461810,100064197037125,"PC Merchandise","One more rig complete. One more client satisfied. Built with i3 12100F + RTX 3050. PM us for yours!",,49,"11/10/2023 22:00",,https://www.facebook.com/reel/1386803351076730/,0,0,Reels,,,,,11/11/2023,0,,,,,,0,0,0,0,0,644.613,4.991
1050187364461810,100064197037125,"PC Merchandise","One more rig complete. One more client satisfied. Built with i3 12100F + RTX 3050. PM us for yours!",,49,"11/10/2023 22:00",,https://www.facebook.com/reel/1386803351076730/,0,0,Reels,,,,,11/12/2023,0,,,,,,0,0,0,0,0,182.165,5.363
1050187364461810,100064197037125,"PC Merchandise","One more rig complete. One more client satisfied. Built with i3 12100F + RTX 3050. PM us for yours!",,49,"11/10/2023 22:00",,https://www.facebook.com/reel/1386803351076730/,0,0,Reels,,,,,11/13/2023,0,,,,,,0,0,0,0,0,391.277,6.079
1050187364461810,100064197037125,"PC Merchandise","One more rig complete. One more client satisfied. Built with i3 12100F + RTX 3050. PM us for yours!",,49,"11/10/2023 22:00",,https://www.facebook.com/reel/1386803351076730/,0,0,Reels,,,,,11/14/2023,0,,,,,,0,0,0,0,0,206.837,5.326
1050187364461810,100064197037125,"PC Merchandise","One more rig complete. One more client satisfied. Built with i3 12100F + RTX 3050. PM us for yours!",,49,"11/10/2023 22:00",,https://www.facebook.com/reel/1386803351076730/,0,0,Reels,,,,,11/15/2023,0,,,,,,0,0,0,0,0,80.927,4.408
1050187364461810,100064197037125,"PC Merchandise","One more rig complete. One more client satisfied. Built with i3 12100F + RTX 3050. PM us for yours!",,49,"11/10/2023 22:00",,https://www.facebook.com/reel/1386803351076730/,0,0,Reels,,,,,11/16/2023,0,,,,,,0,0,0,0,0,104.641,4.457
1050187364461810,100064197037125,"PC Merchandise","One more rig complete. One more client satisfied. Built with i3 12100F + RTX 3050. PM us for yours!",,49,"11/10/2023 22:00",,https://www.facebook.com/reel/1386803351076730/,0,0,Reels,,,,,11/17/2023,0,,,,,,0,0,0,0,0,70.351,6.105
1050187364461810,100064197037125,"PC Merchandise","One more rig complete. One more client satisfied. Built with i3 12100F + RTX 3050. PM us for yours!",,49,"11/10/2023 22:00",,https://www.facebook.com/reel/1386803351076730/,0,0,Reels,,,,,11/18/2023,0,,,,,,0,0,0,0,0,63.450,5.766
1050187364461810,100064197037125,"PC Merchandise","One more rig complete. One more client satisfied. Built with i3 12100F + RTX 3050. PM us for yours!",,49,"11/10/2023 22:00",,https://www.facebook.com/reel/1386803351076730/,0,0,Reels,,,,,11/19/2023,0,,,,,,0,0,0,0,0,43.265,6.000
1050187364461810,100064197037125,"PC Merchandise","One more rig complete. One more client satisfied. Built with i3 12100F + RTX 3050. PM us for yours!",,49,"11/10/2023 22:00",,https://www.facebook.com/reel/1386803351076730/,0,0,Reels,,,,,11/20/2023,0,,,,,,0,0,0,0,0,18.398,6.410
1050187364461810,100064197037125,"PC Merchandise","One more rig complete. One more client satisfied. Built with i3 12100F + RTX 3050. PM us for yours!",,49,"11/10/2023 22:00",,https://www.facebook.com/reel/1386803351076730/,0,0,Reels,,,,,11/21/2023,0,,,,,,0,0,0,0,0,72.602,6.070
1050187364461810,100064197037125,"PC Merchandise","One more rig complete. One more client satisfied. Built with i3 12100F + RTX 3050. PM us for yours!",,49,"11/10/2023 22:00",,https://www.facebook.com/reel/1386803351076730/,0,0,Reels,,,,,11/22/2023,0,,,,,,0,0,0,0,0,73.425,4.900
1050187364461810,100064197037125,"PC Merchandise","One more rig complete. One more client satisfied. Built with i3 12100F + RTX 3050. PM us for yours!",,49,"11/10/2023 22:00",,https://www.facebook.com/reel/1386803351076730/,0,0,Reels,,,,,11/23/2023,0,,,,,,0,0,0,0,0,19.029,6.315
1050187364461810,100064197037125,"PC Merchandise","One more rig complete. One more client satisfied. Built with i3 12100F + RTX 3050. PM us for yours!",,49,"11/10/2023 22:00",,https://www.facebook.com/reel/1386803351076730/,0,0,Reels,,,,,11/24/2023,0,,,,,,0,0,0,0,0,20.139,5.945
1050187364461810,100064197037125,"PC Merchandise","One more rig complete. One more client satisfied. Built with i3 12100F + RTX 3050. PM us for yours!",,49,"11/10/2023 22:00",,https://www.facebook.com/reel/1386803351076730/,0,0,Reels,,,,,11/25/2023,0,,,,,,0,0,0,0,0,44.089,5.061
1050187364461810,100064197037125,"PC Merchandise","One more rig complete. One more client satisfied. Built with i3 12100F + RTX 3050. PM us for yours!",,49,"11/10/2023 22:00",,https://www.facebook.com/reel/1386803351076730/,0,0,Reels,,,,,11/26/2023,0,,,,,,0,0,0,0,0,21.262,5.857
1050187364461810,100064197037125,"PC Merchandise","One more rig complete. One more client satisfied. Built with i3 12100F + RTX 3050. PM us for yours!",,49,"11/10/2023 22:00",,https://www.facebook.com/reel/1386803351076730/,0,0,Reels,,,,,11/27/2023,0,,,,,,0,0,0,0,0,25.649,7.147
1050187364461810,100064197037125,"PC Merchandise","One more rig complete. One more client satisfied. Built with i3 12100F + RTX 3050. PM us for yours!",,49,"11/10/2023 22:00",,https://www.facebook.com/reel/1386803351076730/,0,0,Reels,,,,,11/28/2023,0,,,,,,0,0,0,0,0,25.075,7.567
1050187364461810,100064197037125,"PC Merchandise","One more rig complete. One more client satisfied. Built with i3 12100F + RTX 3050. PM us for yours!",,49,"11/10/2023 22:00",,https://www.facebook.com/reel/1386803351076730/,0,0,Reels,,,,,11/29/2023,0,,,,,,0,0,0,0,0,47.674,5.984
1050187364461810,100064197037125,"PC Merchandise","One more rig complete. One more client satisfied. Built with i3 12100F + RTX 3050. PM us for yours!",,49,"11/10/2023 22:00",,https://www.facebook.com/reel/1386803351076730/,0,0,Reels,,,,,11/30/2023,0,,,,,,0,0,0,0,0,44.066,6.378
1050128460332571,100064197037125,"PC Merchandise","𝐀𝐌𝟓 𝐁𝐮𝐢𝐥𝐝 𝐋𝐢𝐦𝐢𝐭𝐞𝐝 𝐒𝐚𝐥𝐞! 🚨
Experience next-gen performance with our latest builds. PM for pricelist!",,0,"11/10/2023 19:30",,https://www.facebook.com/pcmerchandise.co/posts/pfbid0q3ksRA1OPt8ERHcyhcOvLFi8uryO77SRChBZWb8gH3cGNucNYAjB70qV,0,0,Photos,,,,,11/30/2023,0,,,,,,,,,,,,
1050128460332571,100064197037125,"PC Merchandise","𝐀𝐌𝟓 𝐁𝐮𝐢𝐥𝐝 𝐋𝐢𝐦𝐢𝐭𝐞𝐝 𝐒𝐚𝐥𝐞! 🚨
Experience next-gen performance with our latest builds. PM for pricelist!",,0,"11/10/2023 19:30",,https://www.facebook.com/pcmerchandise.co/posts/pfbid0q3ksRA1OPt8ERHcyhcOvLFi8uryO77SRChBZWb8gH3cGNucNYAjB70qV,0,0,Photos,,,,,11/01/2023,,,0,0,0,0,0,0,,,,,
1050128460332571,100064197037125,"PC Merchandise","𝐀𝐌𝟓 𝐁𝐮𝐢𝐥𝐝 𝐋𝐢𝐦𝐢𝐭𝐞𝐝 𝐒𝐚𝐥𝐞! 🚨
Experience next-gen performance with our latest builds. PM for pricelist!",,0,"11/10/2023 19:30",,https://www.facebook.com/pcmerchandise.co/posts/pfbid0q3ksRA1OPt8ERHcyhcOvLFi8uryO77SRChBZWb8gH3cGNucNYAjB70qV,0,0,Photos,,,,,11/02/2023,,,0,0,0,0,0,0,,,,,
1050128460332571,100064197037125,"PC Merchandise","𝐀𝐌𝟓 𝐁𝐮𝐢𝐥𝐝 𝐋𝐢𝐦𝐢𝐭𝐞𝐝 𝐒𝐚𝐥𝐞! 🚨
Experience next-gen performance with our latest builds. PM for pricelist!",,0,"11/10/2023 19:30",,https://www.facebook.com/pcmerchandise.co/posts/pfbid0q3ksRA1OPt8ERHcyhcOvLFi8uryO77SRChBZWb8gH3cGNucNYAjB70qV,0,0,Photos,,,,,11/03/2023,,,0,0,0,0,0,0,,,,,
1050128460332571,100064197037125,"PC Merchandise","𝐀𝐌𝟓 𝐁𝐮𝐢𝐥𝐝 𝐋𝐢𝐦𝐢𝐭𝐞𝐝 𝐒𝐚𝐥𝐞! 🚨
Experience next-gen performance with our latest builds. PM for pricelist!",,0,"11/10/2023 19:30",,https://www.facebook.com/pcmerchandise.co/posts/pfbid0q3ksRA1OPt8ERHcyhcOvLFi8uryO77SRChBZWb8gH3cGNucNYAjB70qV,0,0,Photos,,,,,11/04/2023,,,0,0,0,0,0,0,,,,,
1050128460332571,100064197037125,"PC Merchandise","𝐀𝐌𝟓 𝐁𝐮𝐢𝐥𝐝 𝐋𝐢𝐦𝐢𝐭𝐞𝐝 𝐒𝐚𝐥𝐞! 🚨
Experience next-gen performance with our latest builds. PM for pricelist!",,0,"11/10/2023 19:30",,https://www.facebook.com/pcmerchandise.co/posts/pfbid0q3ksRA1OPt8ERHcyhcOvLFi8uryO77SRChBZWb8gH3cGNucNYAjB70qV,0,0,Photos,,,,,11/05/2023,,,0,0,0,0,0,0,,,,,
1050128460332571,100064197037125,"PC Merchandise","𝐀𝐌𝟓 𝐁𝐮𝐢𝐥𝐝 𝐋𝐢𝐦𝐢𝐭𝐞𝐝 𝐒𝐚𝐥𝐞! 🚨
Experience next-gen performance with our latest builds. PM for pricelist!",,0,"11/10/2023 19:30",,https://www.facebook.com/pcmerchandise.co/posts/pfbid0q3ksRA1OPt8ERHcyhcOvLFi8uryO77SRChBZWb8gH3cGNucNYAjB70qV,0,0,Photos,,,,,11/06/2023,,,0,0,0,0,0,0,,,,,
1050128460332571,100064197037125,"PC Merchandise","𝐀𝐌𝟓 𝐁𝐮𝐢𝐥𝐝 𝐋𝐢𝐦𝐢𝐭𝐞𝐝 𝐒𝐚𝐥𝐞! 🚨
Experience next-gen performance with our latest builds. PM for pricelist!",,0,"11/10/2023 19:30",,https://www.facebook.com/pcmerchandise.co/posts/pfbid0q3ksRA1OPt8ERHcyhcOvLFi8uryO77SRChBZWb8gH3cGNucNYAjB70qV,0,0,Photos,,,,,11/07/2023,,,0,0,0,0,0,0,,,,,
1050128460332571,100064197037125,"PC Merchandise","𝐀𝐌𝟓 𝐁𝐮𝐢𝐥𝐝 𝐋𝐢𝐦𝐢𝐭𝐞𝐝 𝐒𝐚𝐥𝐞! 🚨
Experience next-gen performance with our latest builds. PM for pricelist!",,0,"11/10/2023 19:30",,https://www.facebook.com/pcmerchandise.co/posts/pfbid0q3ksRA1OPt8ERHcyhcOvLFi8uryO77SRChBZWb8gH3cGNucNYAjB70qV,0,0,Photos,,,,,11/08/2023,,,0,0,0,0,0,0,,,,,
1050128460332571,100064197037125,"PC Merchandise","𝐀𝐌𝟓 𝐁𝐮𝐢𝐥𝐝 𝐋𝐢𝐦𝐢𝐭𝐞𝐝 𝐒𝐚𝐥𝐞! 🚨
Experience next-gen performance with our latest builds. PM for pricelist!",,0,"11/10/2023 19:30",,https://www.facebook.com/pcmerchandise.co/posts/pfbid0q3ksRA1OPt8ERHcyhcOvLFi8uryO77SRChBZWb8gH3cGNucNYAjB70qV,0,0,Photos,,,,,11/09/2023,,,0,0,0,0,0,0,,,,,
1050128460332571,100064197037125,"PC Merchandise","𝐀𝐌𝟓 𝐁𝐮𝐢𝐥𝐝 𝐋𝐢𝐦𝐢𝐭𝐞𝐝 𝐒𝐚𝐥𝐞! 🚨
Experience next-gen performance with our latest builds. PM for pricelist!",,0,"11/10/2023 19:30",,https://www.facebook.com/pcmerchandise.co/posts/pfbid0q3ksRA1OPt8ERHcyhcOvLFi8uryO77SRChBZWb8gH3cGNucNYAjB70qV,0,0,Photos,,,,,11/10/2023,,,0,0,0,0,0,0,,,,,
1050128460332571,100064197037125,"PC Merchandise","𝐀𝐌𝟓 𝐁𝐮𝐢𝐥𝐝 𝐋𝐢𝐦𝐢𝐭𝐞𝐝 𝐒𝐚𝐥𝐞! 🚨
Experience next-gen performance with our latest builds. PM for pricelist!",,0,"11/10/2023 19:30",,https://www.facebook.com/pcmerchandise.co/posts/pfbid0q3ksRA1OPt8ERHcyhcOvLFi8uryO77SRChBZWb8gH3cGNucNYAjB70qV,0,0,Photos,,,,,11/11/2023,,,0,0,0,0,0,0,,,,,
1050128460332571,100064197037125,"PC Merchandise","𝐀𝐌𝟓 𝐁𝐮𝐢𝐥𝐝 𝐋𝐢𝐦𝐢𝐭𝐞𝐝 𝐒𝐚𝐥𝐞! 🚨
Experience next-gen performance with our latest builds. PM for pricelist!",,0,"11/10/2023 19:30",,https://www.facebook.com/pcmerchandise.co/posts/pfbid0q3ksRA1OPt8ERHcyhcOvLFi8uryO77SRChBZWb8gH3cGNucNYAjB70qV,0,0,Photos,,,,,11/12/2023,,,0,0,0,0,0,0,,,,,
1050128460332571,100064197037125,"PC Merchandise","𝐀𝐌𝟓 𝐁𝐮𝐢𝐥𝐝 𝐋𝐢𝐦𝐢𝐭𝐞𝐝 𝐒𝐚𝐥𝐞! 🚨
Experience next-gen performance with our latest builds. PM for pricelist!",,0,"11/10/2023 19:30",,https://www.facebook.com/pcmerchandise.co/posts/pfbid0q3ksRA1OPt8ERHcyhcOvLFi8uryO77SRChBZWb8gH3cGNucNYAjB70qV,0,0,Photos,,,,,11/13/2023,,,0,0,0,0,0,0,,,,,
1050128460332571,100064197037125,"PC Merchandise","𝐀𝐌𝟓 𝐁𝐮𝐢𝐥𝐝 𝐋𝐢𝐦𝐢𝐭𝐞𝐝 𝐒𝐚𝐥𝐞! 🚨
Experience next-gen performance with our latest builds. PM for pricelist!",,0,"11/10/2023 19:30",,https://www.facebook.com/pcmerchandise.co/posts/pfbid0q3ksRA1OPt8ERHcyhcOvLFi8uryO77SRChBZWb8gH3cGNucNYAjB70qV,0,0,Photos,,,,,11/14/2023,,,0,0,0,0,0,0,,,,,
1050128460332571,100064197037125,"PC Merchandise","𝐀𝐌𝟓 𝐁𝐮𝐢𝐥𝐝 𝐋𝐢𝐦𝐢𝐭𝐞𝐝 𝐒𝐚𝐥𝐞! 🚨
Experience next-gen performance with our latest builds. PM for pricelist!",,0,"11/10/2023 19:30",,https://www.facebook.com/pcmerchandise.co/posts/pfbid0q3ksRA1OPt8ERHcyhcOvLFi8uryO77SRChBZWb8gH3cGNucNYAjB70qV,0,0,Photos,,,,,11/15/2023,,,0,0,0,0,0,0,,,,,
1050128460332571,100064197037125,"PC Merchandise","𝐀𝐌𝟓 𝐁𝐮𝐢𝐥𝐝 𝐋𝐢𝐦𝐢𝐭𝐞𝐝 𝐒𝐚𝐥𝐞! 🚨
Experience next-gen performance with our latest builds. PM for pricelist!",,0,"11/10/2023 19:30",,https://www.facebook.com/pcmerchandise.co/posts/pfbid0q3ksRA1OPt8ERHcyhcOvLFi8uryO77SRChBZWb8gH3cGNucNYAjB70qV,0,0,Photos,,,,,11/16/2023,,,0,0,0,0,0,0,,,,,
1050128460332571,100064197037125,"PC Merchandise","𝐀𝐌𝟓 𝐁𝐮𝐢𝐥𝐝 𝐋𝐢𝐦𝐢𝐭𝐞𝐝 𝐒𝐚𝐥𝐞! 🚨
Experience next-gen performance with our latest builds. PM for pricelist!",,0,"11/10/2023 19:30",,https://www.facebook.com/pcmerchandise.co/posts/pfbid0q3ksRA1OPt8ERHcyhcOvLFi8uryO77SRChBZWb8gH3cGNucNYAjB70qV,0,0,Photos,,,,,11/17/2023,,,0,0,0,0,0,0,,,,,
1050128460332571,100064197037125,"PC Merchandise","𝐀𝐌𝟓 𝐁𝐮𝐢𝐥𝐝 𝐋𝐢𝐦𝐢𝐭𝐞𝐝 𝐒𝐚𝐥𝐞! 🚨
Experience next-gen performance with our latest builds. PM for pricelist!",,0,"11/10/2023 19:30",,https://www.facebook.com/pcmerchandise.co/posts/pfbid0q3ksRA1OPt8ERHcyhcOvLFi8uryO77SRChBZWb8gH3cGNucNYAjB70qV,0,0,Photos,,,,,11/18/2023,,,0,0,0,0,0,0,,,,,
1050128460332571,100064197037125,"PC Merchandise","𝐀𝐌𝟓 𝐁𝐮𝐢𝐥𝐝 𝐋𝐢𝐦𝐢𝐭𝐞𝐝 𝐒𝐚𝐥𝐞! 🚨
Experience next-gen performance with our latest builds. PM for pricelist!",,0,"11/10/2023 19:30",,https://www.facebook.com/pcmerchandise.co/posts/pfbid0q3ksRA1OPt8ERHcyhcOvLFi8uryO77SRChBZWb8gH3cGNucNYAjB70qV,0,0,Photos,,,,,11/19/2023,,,0,0,0,0,0,0,,,,,
1050128460332571,100064197037125,"PC Merchandise","𝐀𝐌𝟓 𝐁𝐮𝐢𝐥𝐝 𝐋𝐢𝐦𝐢𝐭𝐞𝐝 𝐒𝐚𝐥𝐞! 🚨
Experience next-gen performance with our latest builds. PM for pricelist!",,0,"11/10/2023 19:30",,https://www.facebook.com/pcmerchandise.co/posts/pfbid0q3ksRA1OPt8ERHcyhcOvLFi8uryO77SRChBZWb8gH3cGNucNYAjB70qV,0,0,Photos,,,,,11/20/2023,,,0,0,0,0,0,0,,,,,
1050128460332571,100064197037125,"PC Merchandise","𝐀𝐌𝟓 𝐁𝐮𝐢𝐥𝐝 𝐋𝐢𝐦𝐢𝐭𝐞𝐝 𝐒𝐚𝐥𝐞! 🚨
Experience next-gen performance with our latest builds. PM for pricelist!",,0,"11/10/2023 19:30",,https://www.facebook.com/pcmerchandise.co/posts/pfbid0q3ksRA1OPt8ERHcyhcOvLFi8uryO77SRChBZWb8gH3cGNucNYAjB70qV,0,0,Photos,,,,,11/21/2023,,,0,0,0,0,0,0,,,,,
1050128460332571,100064197037125,"PC Merchandise","𝐀𝐌𝟓 𝐁𝐮𝐢𝐥𝐝 𝐋𝐢𝐦𝐢𝐭𝐞𝐝 𝐒𝐚𝐥𝐞! 🚨
Experience next-gen performance with our latest builds. PM for pricelist!",,0,"11/10/2023 19:30",,https://www.facebook.com/pcmerchandise.co/posts/pfbid0q3ksRA1OPt8ERHcyhcOvLFi8uryO77SRChBZWb8gH3cGNucNYAjB70qV,0,0,Photos,,,,,11/22/2023,,,0,0,0,0,0,0,,,,,
1050128460332571,100064197037125,"PC Merchandise","𝐀𝐌𝟓 𝐁𝐮𝐢𝐥𝐝 𝐋𝐢𝐦𝐢𝐭𝐞𝐝 𝐒𝐚𝐥𝐞! 🚨
Experience next-gen performance with our latest builds. PM for pricelist!",,0,"11/10/2023 19:30",,https://www.facebook.com/pcmerchandise.co/posts/pfbid0q3ksRA1OPt8ERHcyhcOvLFi8uryO77SRChBZWb8gH3cGNucNYAjB70qV,0,0,Photos,,,,,11/23/2023,,,0,0,0,0,0,0,,,,,
1050128460332571,100064197037125,"PC Merchandise","𝐀𝐌𝟓 𝐁𝐮𝐢𝐥𝐝 𝐋𝐢𝐦𝐢𝐭𝐞𝐝 𝐒𝐚𝐥𝐞! 🚨
Experience next-gen performance with our latest builds. PM for pricelist!",,0,"11/10/2023 19:30",,https://www.facebook.com/pcmerchandise.co/posts/pfbid0q3ksRA1OPt8ERHcyhcOvLFi8uryO77SRChBZWb8gH3cGNucNYAjB70qV,0,0,Photos,,,,,11/24/2023,,,0,0,0,0,0,0,,,,,
1050128460332571,100064197037125,"PC Merchandise","𝐀𝐌𝟓 𝐁𝐮𝐢𝐥𝐝 𝐋𝐢𝐦𝐢𝐭𝐞𝐝 𝐒𝐚𝐥𝐞! 🚨
Experience next-gen performance with our latest builds. PM for pricelist!",,0,"11/10/2023 19:30",,https://www.facebook.com/pcmerchandise.co/posts/pfbid0q3ksRA1OPt8ERHcyhcOvLFi8uryO77SRChBZWb8gH3cGNucNYAjB70qV,0,0,Photos,,,,,11/25/2023,,,0,0,0,0,0,0,,,,,
1050128460332571,100064197037125,"PC Merchandise","𝐀𝐌𝟓 𝐁𝐮𝐢𝐥𝐝 𝐋𝐢𝐦𝐢𝐭𝐞𝐝 𝐒𝐚𝐥𝐞! 🚨
Experience next-gen performance with our latest builds. PM for pricelist!",,0,"11/10/2023 19:30",,https://www.facebook.com/pcmerchandise.co/posts/pfbid0q3ksRA1OPt8ERHcyhcOvLFi8uryO77SRChBZWb8gH3cGNucNYAjB70qV,0,0,Photos,,,,,11/26/2023,,,0,0,0,0,0,0,,,,,
1050128460332571,100064197037125,"PC Merchandise","𝐀𝐌𝟓 𝐁𝐮𝐢𝐥𝐝 𝐋𝐢𝐦𝐢𝐭𝐞𝐝 𝐒𝐚𝐥𝐞! 🚨
Experience next-gen performance with our latest builds. PM for pricelist!",,0,"11/10/2023 19:30",,https://www.facebook.com/pcmerchandise.co/posts/pfbid0q3ksRA1OPt8ERHcyhcOvLFi8uryO77SRChBZWb8gH3cGNucNYAjB70qV,0,0,Photos,,,,,11/27/2023,,,0,0,0,0,0,0,,,,,
1050128460332571,100064197037125,"PC Merchandise","𝐀𝐌𝟓 𝐁𝐮𝐢𝐥𝐝 𝐋𝐢𝐦𝐢𝐭𝐞𝐝 𝐒𝐚𝐥𝐞! 🚨
Experience next-gen performance with our latest builds. PM for pricelist!",,0,"11/10/2023 19:30",,https://www.facebook.com/pcmerchandise.co/posts/pfbid0q3ksRA1OPt8ERHcyhcOvLFi8uryO77SRChBZWb8gH3cGNucNYAjB70qV,0,0,Photos,,,,,11/28/2023,,,0,0,0,0,0,0,,,,,
1050128460332571,100064197037125,"PC Merchandise","𝐀𝐌𝟓 𝐁𝐮𝐢𝐥𝐝 𝐋𝐢𝐦𝐢𝐭𝐞𝐝 𝐒𝐚𝐥𝐞! 🚨
Experience next-gen performance with our latest builds. PM for pricelist!",,0,"11/10/2023 19:30",,https://www.facebook.com/pcmerchandise.co/posts/pfbid0q3ksRA1OPt8ERHcyhcOvLFi8uryO77SRChBZWb8gH3cGNucNYAjB70qV,0,0,Photos,,,,,11/29/2023,,,0,0,0,0,0,0,,,,,
1050128460332571,100064197037125,"PC Merchandise","𝐀𝐌𝟓 𝐁𝐮𝐢𝐥𝐝 𝐋𝐢𝐦𝐢𝐭𝐞𝐝 𝐒𝐚𝐥𝐞! 🚨
Experience next-gen performance with our latest builds. PM for pricelist!",,0,"11/10/2023 19:30",,https://www.facebook.com/pcmerchandise.co/posts/pfbid0q3ksRA1OPt8ERHcyhcOvLFi8uryO77SRChBZWb8gH3cGNucNYAjB70qV,0,0,Photos,,,,,11/30/2023,,,0,0,0,0,0,0,,,,,
1050031369411841,100064197037125,"PC Merchandise","Negosyo starts today! Complete computer shop packages ready. PM now!

𝐂𝐎𝐌𝐒𝐇𝐎𝐏 𝐏𝐑𝐈𝐂𝐄𝐋𝐈𝐒𝐓 >>>
https://pcmerchandise.live/2023-PRICELIST",,89,"11/10/2023 19:00",uploaded,https://www.facebook.com/reel/1330029206581432/,0,0,Reels,,,,,11/01/2023,0,,,,,,0,0,0,0,0,0.000,3.554
1050031369411841,100064197037125,"PC Merchandise","Negosyo starts today! Complete computer shop packages ready. PM now!

𝐂𝐎𝐌𝐒𝐇𝐎𝐏 𝐏𝐑𝐈𝐂𝐄𝐋𝐈𝐒𝐓 >>>
https://pcmerchandise.live/2023-PRICELIST",,89,"11/10/2023 19:00",uploaded,https://www.facebook.com/reel/1330029206581432/,0,0,Reels,,,,,11/02/2023,0,,,,,,0,0,0,0,0,0.000,4.626
1050031369411841,100064197037125,"PC Merchandise","Negosyo starts today! Complete computer shop packages ready. PM now!

𝐂𝐎𝐌𝐒𝐇𝐎𝐏 𝐏𝐑𝐈𝐂𝐄𝐋𝐈𝐒𝐓 >>>
https://pcmerchandise.live/2023-PRICELIST",,89,"11/10/2023 19:00",uploaded,https://www.facebook.com/reel/1330029206581432/,0,0,Reels,,,,,11/03/2023,0,,,,,,0,0,0,0,0,0.000,3.999
1050031369411841,100064197037125,"PC Merchandise","Negosyo starts today! Complete computer shop packages ready. PM now!

𝐂𝐎𝐌𝐒𝐇𝐎𝐏 𝐏𝐑𝐈𝐂𝐄𝐋𝐈𝐒𝐓 >>>
https://pcmerchandise.live/2023-PRICELIST",,89,"11/10/2023 19:00",uploaded,https://www.facebook.com/reel/1330029206581432/,0,0,Reels,,,,,11/04/2023,0,,,,,,0,0,0,0,0,0.000,3.829
1050031369411841,100064197037125,"PC Merchandise","Negosyo starts today! Complete computer shop packages ready. PM now!

𝐂𝐎𝐌𝐒𝐇𝐎𝐏 𝐏𝐑𝐈𝐂𝐄𝐋𝐈𝐒𝐓 >>>
https://pcmerchandise.live/2023-PRICELIST",,89,"11/10/2023 19:00",uploaded,https://www.facebook.com/reel/1330029206581432/,0,0,Reels,,,,,11/05/2023,0,,,,,,0,0,0,0,0,0.000,4.286
1050031369411841,100064197037125,"PC Merchandise","Negosyo starts today! Complete computer shop packages ready. PM now!

𝐂𝐎𝐌𝐒𝐇𝐎𝐏 𝐏𝐑𝐈𝐂𝐄𝐋𝐈𝐒𝐓 >>>
https://pcmerchandise.live/2023-PRICELIST",,89,"11/10/2023 19:00",uploaded,https://www.facebook.com/reel/1330029206581432/,0,0,Reels,,,,,11/06/2023,0,,,,,,0,0,0,0,0,0.000,3.799
1050031369411841,100064197037125,"PC Merchandise","Negosyo starts today! Complete computer shop packages ready. PM now!

𝐂𝐎𝐌𝐒𝐇𝐎𝐏 𝐏𝐑𝐈𝐂𝐄𝐋𝐈𝐒𝐓 >>>
https://pcmerchandise.live/2023-PRICELIST",,89,"11/10/2023 19:00",uploaded,https://www.facebook.com/reel/1330029206581432/,0,0,Reels,,,,,11/07/2023,0,,,,,,0,0,0,0,0,0.000,4.599
1050031369411841,100064197037125,"PC Merchandise","Negosyo starts today! Complete computer shop packages ready. PM now!

𝐂𝐎𝐌𝐒𝐇𝐎𝐏 𝐏𝐑𝐈𝐂𝐄𝐋𝐈𝐒𝐓 >>>
https://pcmerchandise.live/2023-PRICELIST",,89,"11/10/2023 19:00",uploaded,https://www.facebook.com/reel/1330029206581432/,0,0,Reels,,,,,11/08/2023,0,,,,,,0,0,0,0,0,0.000,3.843
1050031369411841,100064197037125,"PC Merchandise","Negosyo starts today! Complete computer shop packages ready. PM now!

𝐂𝐎𝐌𝐒𝐇𝐎𝐏 𝐏𝐑𝐈𝐂𝐄𝐋𝐈𝐒𝐓 >>>
https://pcmerchandise.live/2023-PRICELIST",,89,"11/10/2023 19:00",uploaded,https://www.facebook.com/reel/1330029206581432/,0,0,Reels,,,,,11/09/2023,0,,,,,,0,0,0,0,0,0.000,4.875
1050031369411841,100064197037125,"PC Merchandise","Negosyo starts today! Complete computer shop packages ready. PM now!

𝐂𝐎𝐌𝐒𝐇𝐎𝐏 𝐏𝐑𝐈𝐂𝐄𝐋𝐈𝐒𝐓 >>>
https://pcmerchandise.live/2023-PRICELIST",,89,"11/10/2023 19:00",uploaded,https://www.facebook.com/reel/1330029206581432/,0,0,Reels,,,,,11/10/2023,0,,,,,,0,0,1,1,0,74.919,3.577
1050031369411841,100064197037125,"PC Merchandise","Negosyo starts today! Complete computer shop packages ready. PM now!

𝐂𝐎𝐌𝐒𝐇𝐎𝐏 𝐏𝐑𝐈𝐂𝐄𝐋𝐈𝐒𝐓 >>>
https://pcmerchandise.live/2023-PRICELIST",,89,"11/10/2023 19:00",uploaded,https://www.facebook.com/reel/1330029206581432/,0,0,Reels,,,,,11/11/2023,0,,,,,,0,0,1,1,0,33.523,4.262
1050031369411841,100064197037125,"PC Merchandise","Negosyo starts today! Complete computer shop packages ready. PM now!

𝐂𝐎𝐌𝐒𝐇𝐎𝐏 𝐏𝐑𝐈𝐂𝐄𝐋𝐈𝐒𝐓 >>>
https://pcmerchandise.live/2023-PRICELIST",,89,"11/10/2023 19:00",uploaded,https://www.facebook.com/reel/1330029206581432/,0,0,Reels,,,,,11/12/2023,0,,,,,,0,0,0,0,0,45.672,3.419
1050031369411841,100064197037125,"PC Merchandise","Negosyo starts today! Complete computer shop packages ready. PM now!

𝐂𝐎𝐌𝐒𝐇𝐎𝐏 𝐏𝐑𝐈𝐂𝐄𝐋𝐈𝐒𝐓 >>>
https://pcmerchandise.live/2023-PRICELIST",,89,"11/10/2023 19:00",uploaded,https://www.facebook.com/reel/1330029206581432/,0,0,Reels,,,,,11/13/2023,0,,,,,,0,0,1,1,0,46.188,3.990
1050031369411841,100064197037125,"PC Merchandise","Negosyo starts today! Complete computer shop packages ready. PM now!

𝐂𝐎𝐌𝐒𝐇𝐎𝐏 𝐏𝐑𝐈𝐂𝐄𝐋𝐈𝐒𝐓 >>>
https://pcmerchandise.live/2023-PRICELIST",,89,"11/10/2023 19:00",uploaded,https://www.facebook.com/reel/1330029206581432/,0,0,Reels,,,,,11/14/2023,0,,,,,,0,0,1,1,0,22.529,3.809
1050031369411841,100064197037125,"PC Merchandise","Negosyo starts today! Complete computer shop packages ready. PM now!

𝐂𝐎𝐌𝐒𝐇𝐎𝐏 𝐏𝐑𝐈𝐂𝐄𝐋𝐈𝐒𝐓 >>>
https://pcmerchandise.live/2023-PRICELIST",,89,"11/10/2023 19:00",uploaded,https://www.facebook.com/reel/1330029206581432/,0,0,Reels,,,,,11/15/2023,0,,,,,,0,0,0,0,0,26.109,5.003
1050031369411841,100064197037125,"PC Merchandise","Negosyo starts today! Complete computer shop packages ready. PM now!

𝐂𝐎𝐌𝐒𝐇𝐎𝐏 𝐏𝐑𝐈𝐂𝐄𝐋𝐈𝐒𝐓 >>>
https://pcmerchandise.live/2023-PRICELIST",,89,"11/10/2023 19:00",uploaded,https://www.facebook.com/reel/1330029206581432/,0,0,Reels,,,,,11/16/2023,0,,,,,,0,0,0,0,0,9.754,4.203
1050031369411841,100064197037125,"PC Merchandise","Negosyo starts today! Complete computer shop packages ready. PM now!

𝐂𝐎𝐌𝐒𝐇𝐎𝐏 𝐏𝐑𝐈𝐂𝐄𝐋𝐈𝐒𝐓 >>>
https://pcmerchandise.live/2023-PRICELIST",,89,"11/10/2023 19:00",uploaded,https://www.facebook.com/reel/1330029206581432/,0,0,Reels,,,,,11/17/2023,0,,,,,,0,0,0,0,0,8.800,4.327
1050031369411841,100064197037125,"PC Merchandise","Negosyo starts today! Complete computer shop packages ready. PM now!

𝐂𝐎𝐌𝐒𝐇𝐎𝐏 𝐏𝐑𝐈𝐂𝐄𝐋𝐈𝐒𝐓 >>>
https://pcmerchandise.live/2023-PRICELIST",,89,"11/10/2023 19:00",uploaded,https://www.facebook.com/reel/1330029206581432/,0,0,Reels,,,,,11/18/2023,0,,,,,,0,0,0,0,0,7.867,4.610
1050031369411841,100064197037125,"PC Merchandise","Negosyo starts today! Complete computer shop packages ready. PM now!

𝐂𝐎𝐌𝐒𝐇𝐎𝐏 𝐏𝐑𝐈𝐂𝐄𝐋𝐈𝐒𝐓 >>>
https://pcmerchandise.live/2023-PRICELIST",,89,"11/10/2023 19:00",uploaded,https://www.facebook.com/reel/1330029206581432/,0,0,Reels,,,,,11/19/2023,0,,,,,,0,0,1,1,0,5.519,5.163
1050031369411841,100064197037125,"PC Merchandise","Negosyo starts today! Complete computer shop packages ready. PM now!

𝐂𝐎𝐌𝐒𝐇𝐎𝐏 𝐏𝐑𝐈𝐂𝐄𝐋𝐈𝐒𝐓 >>>
https://pcmerchandise.live/2023-PRICELIST",,89,"11/10/2023 19:00",uploaded,https://www.facebook.com/reel/1330029206581432/,0,0,Reels,,,,,11/20/2023,0,,,,,,0,0,0,0,0,4.889,2.174
1050031369411841,100064197037125,"PC Merchandise","Negosyo starts today! Complete computer shop packages ready. PM now!

𝐂𝐎𝐌𝐒𝐇𝐎𝐏 𝐏𝐑𝐈𝐂𝐄𝐋𝐈𝐒𝐓 >>>
https://pcmerchandise.live/2023-PRICELIST",,89,"11/10/2023 19:00",uploaded,https://www.facebook.com/reel/1330029206581432/,0,0,Reels,,,,,11/21/2023,0,,,,,,0,0,0,0,0,1.847,3.110
1050031369411841,100064197037125,"PC Merchandise","Negosyo starts today! Complete computer shop packages ready. PM now!

𝐂𝐎𝐌𝐒𝐇𝐎𝐏 𝐏𝐑𝐈𝐂𝐄𝐋𝐈𝐒𝐓 >>>
https://pcmerchandise.live/2023-PRICELIST",,89,"11/10/2023 19:00",uploaded,https://www.facebook.com/reel/1330029206581432/,0,0,Reels,,,,,11/22/2023,0,,,,,,0,0,0,0,0,6.031,4.676
1050031369411841,100064197037125,"PC Merchandise","Negosyo starts today! Complete computer shop packages ready. PM now!

𝐂𝐎𝐌𝐒𝐇𝐎𝐏 𝐏𝐑𝐈𝐂𝐄𝐋𝐈𝐒𝐓 >>>
https://pcmerchandise.live/2023-PRICELIST",,89,"11/10/2023 19:00",uploaded,https://www.facebook.com/reel/1330029206581432/,0,0,Reels,,,,,11/23/2023,0,,,,,,0,0,0,0,0,2.633,4.580
1050031369411841,100064197037125,"PC Merchandise","Negosyo starts today! Complete computer shop packages ready. PM now!

𝐂𝐎𝐌𝐒𝐇𝐎𝐏 𝐏𝐑𝐈𝐂𝐄𝐋𝐈𝐒𝐓 >>>
https://pcmerchandise.live/2023-PRICELIST",,89,"11/10/2023 19:00",uploaded,https://www.facebook.com/reel/1330029206581432/,0,0,Reels,,,,,11/24/2023,0,,,,,,0,0,0,0,0,4.021,5.353
1050031369411841,100064197037125,"PC Merchandise","Negosyo starts today! Complete computer shop packages ready. PM now!

𝐂𝐎𝐌𝐒𝐇𝐎𝐏 𝐏𝐑𝐈𝐂𝐄𝐋𝐈𝐒𝐓 >>>
https://pcmerchandise.live/2023-PRICELIST",,89,"11/10/2023 19:00",uploaded,https://www.facebook.com/reel/1330029206581432/,0,0,Reels,,,,,11/25/2023,0,,,,,,0,0,0,0,0,3.137,3.419
1050031369411841,100064197037125,"PC Merchandise","Negosyo starts today! Complete computer shop packages ready. PM now!

𝐂𝐎𝐌𝐒𝐇𝐎𝐏 𝐏𝐑𝐈𝐂𝐄𝐋𝐈𝐒𝐓 >>>
https://pcmerchandise.live/2023-PRICELIST",,89,"11/10/2023 19:00",uploaded,https://www.facebook.com/reel/1330029206581432/,0,0,Reels,,,,,11/26/2023,0,,,,,,0,0,0,0,0,4.311,3.404
1050031369411841,100064197037125,"PC Merchandise","Negosyo starts today! Complete computer shop packages ready. PM now!

𝐂𝐎𝐌𝐒𝐇𝐎𝐏 𝐏𝐑𝐈𝐂𝐄𝐋𝐈𝐒𝐓 >>>
https://pcmerchandise.live/2023-PRICELIST",,89,"11/10/2023 19:00",uploaded,https://www.facebook.com/reel/1330029206581432/,0,0,Reels,,,,,11/27/2023,0,,,,,,0,0,0,0,0,2.374,3.620
1050031369411841,100064197037125,"PC Merchandise","Negosyo starts today! Complete computer shop packages ready. PM now!

𝐂𝐎𝐌𝐒𝐇𝐎𝐏 𝐏𝐑𝐈𝐂𝐄𝐋𝐈𝐒𝐓 >>>
https://pcmerchandise.live/2023-PRICELIST",,89,"11/10/2023 19:00",uploaded,https://www.facebook.com/reel/1330029206581432/,0,0,Reels,,,,,11/28/2023,0,,,,,,0,0,0,0,0,3.786,5.068
1050031369411841,100064197037125,"PC Merchandise","Negosyo starts today! Complete computer shop packages ready. PM now!

𝐂𝐎𝐌𝐒𝐇𝐎𝐏 𝐏𝐑𝐈𝐂𝐄𝐋𝐈𝐒𝐓 >>>
https://pcmerchandise.live/2023-PRICELIST",,89,"11/10/2023 19:00",uploaded,https://www.facebook.com/reel/1330029206581432/,0,0,Reels,,,,,11/29/2023,0,,,,,,0,0,0,0,0,2.959,2.944
1050031369411841,100064197037125,"PC Merchandise","Negosyo starts today! Complete computer shop packages ready. PM now!

𝐂𝐎𝐌𝐒𝐇𝐎𝐏 𝐏𝐑𝐈𝐂𝐄𝐋𝐈𝐒𝐓 >>>
https://pcmerchandise.live/2023-PRICELIST",,89,"11/10/2023 19:00",uploaded,https://www.facebook.com/reel/1330029206581432/,0,0,Reels,,,,,11/30/2023,0,,,,,,0,0,0,0,0,2.106,4.061
1050117257616784,100064197037125,"PC Merchandise","UNBOXING: RX 6600 fresh stock just arrived! 📦",,0,"11/10/2023 17:30",,https://www.facebook.com/pcmerchandise.co/posts/pfbid0uKHMSzuGxtujQv5n1SzSYC6rQMOM95WK3gIbsS9ydafYqMtOL5NSkZio,0,0,Photos,,,,,11/30/2023,0,,,,,,,,,,,,
1050117257616784,100064197037125,"PC Merchandise","UNBOXING: RX 6600 fresh stock just arrived! 📦",,0,"11/10/2023 17:30",,https://www.facebook.com/pcmerchandise.co/posts/pfbid0uKHMSzuGxtujQv5n1SzSYC6rQMOM95WK3gIbsS9ydafYqMtOL5NSkZio,0,0,Photos,,,,,11/01/2023,,,0,0,0,0,0,0,,,,,
1050117257616784,100064197037125,"PC Merchandise","UNBOXING: RX 6600 fresh stock just arrived! 📦",,0,"11/10/2023 17:30",,https://www.facebook.com/pcmerchandise.co/posts/pfbid0uKHMSzuGxtujQv5n1SzSYC6rQMOM95WK3gIbsS9ydafYqMtOL5NSkZio,0,0,Photos,,,,,11/02/2023,,,0,0,0,0,0,0,,,,,
1050117257616784,100064197037125,"PC Merchandise","UNBOXING: RX 6600 fresh stock just arrived! 📦",,0,"11/10/2023 17:30",,https://www.facebook.com/pcmerchandise.co/posts/pfbid0uKHMSzuGxtujQv5n1SzSYC6rQMOM95WK3gIbsS9ydafYqMtOL5NSkZio,0,0,Photos,,,,,11/03/2023,,,0,0,0,0,0,0,,,,,
1050117257616784,100064197037125,"PC Merchandise","UNBOXING: RX 6600 fresh stock just arrived! 📦",,0,"11/10/2023 17:30",,https://www.facebook.com/pcmerchandise.co/posts/pfbid0uKHMSzuGxtujQv5n1SzSYC6rQMOM95WK3gIbsS9ydafYqMtOL5NSkZio,0,0,Photos,,,,,11/04/2023,,,0,0,0,0,0,0,,,,,
1050117257616784,100064197037125,"PC Merchandise","UNBOXING: RX 6600 fresh stock just arrived! 📦",,0,"11/10/2023 17:30",,https://www.facebook.com/pcmerchandise.co/posts/pfbid0uKHMSzuGxtujQv5n1SzSYC6rQMOM95WK3gIbsS9ydafYqMtOL5NSkZio,0,0,Photos,,,,,11/05/2023,,,0,0,0,0,0,0,,,,,
1050117257616784,100064197037125,"PC Merchandise","UNBOXING: RX 6600 fresh stock just arrived! 📦",,0,"11/10/2023 17:30",,https://www.facebook.com/pcmerchandise.co/posts/pfbid0uKHMSzuGxtujQv5n1SzSYC6rQMOM95WK3gIbsS9ydafYqMtOL5NSkZio,0,0,Photos,,,,,11/06/2023,,,0,0,0,0,0,0,,,,,
1050117257616784,100064197037125,"PC Merchandise","UNBOXING: RX 6600 fresh stock just arrived! 📦",,0,"11/10/2023 17:30",,https://www.facebook.com/pcmerchandise.co/posts/pfbid0uKHMSzuGxtujQv5n1SzSYC6rQMOM95WK3gIbsS9ydafYqMtOL5NSkZio,0,0,Photos,,,,,11/07/2023,,,0,0,0,0,0,0,,,,,
1050117257616784,100064197037125,"PC Merchandise","UNBOXING: RX 6600 fresh stock just arrived! 📦",,0,"11/10/2023 17:30",,https://www.facebook.com/pcmerchandise.co/posts/pfbid0uKHMSzuGxtujQv5n1SzSYC6rQMOM95WK3gIbsS9ydafYqMtOL5NSkZio,0,0,Photos,,,,,11/08/2023,,,0,0,0,0,0,0,,,,,
1050117257616784,100064197037125,"PC Merchandise","UNBOXING: RX 6600 fresh stock just arrived! 📦",,0,"11/10/2023 17:30",,https://www.facebook.com/pcmerchandise.co/posts/pfbid0uKHMSzuGxtujQv5n1SzSYC6rQMOM95WK3gIbsS9ydafYqMtOL5NSkZio,0,0,Photos,,,,,11/09/2023,,,0,0,0,0,0,0,,,,,
1050117257616784,100064197037125,"PC Merchandise","UNBOXING: RX 6600 fresh stock just arrived! 📦",,0,"11/10/2023 17:30",,https://www.facebook.com/pcmerchandise.co/posts/pfbid0uKHMSzuGxtujQv5n1SzSYC6rQMOM95WK3gIbsS9ydafYqMtOL5NSkZio,0,0,Photos,,,,,11/10/2023,,,0,0,0,0,0,0,,,,,
1050117257616784,100064197037125,"PC Merchandise","UNBOXING: RX 6600 fresh stock just arrived! 📦",,0,"11/10/2023 17:30",,https://www.facebook.com/pcmerchandise.co/posts/pfbid0uKHMSzuGxtujQv5n1SzSYC6rQMOM95WK3gIbsS9ydafYqMtOL5NSkZio,0,0,Photos,,,,,11/11/2023,,,0,0,0,0,0,0,,,,,
1050117257616784,100064197037125,"PC Merchandise","UNBOXING: RX 6600 fresh stock just arrived! 📦",,0,"11/10/2023 17:30",,https://www.facebook.com/pcmerchandise.co/posts/pfbid0uKHMSzuGxtujQv5n1SzSYC6rQMOM95WK3gIbsS9ydafYqMtOL5NSkZio,0,0,Photos,,,,,11/12/2023,,,0,0,0,0,0,0,,,,,
1050117257616784,100064197037125,"PC Merchandise","UNBOXING: RX 6600 fresh stock just arrived! 📦",,0,"11/10/2023 17:30",,https://www.facebook.com/pcmerchandise.co/posts/pfbid0uKHMSzuGxtujQv5n1SzSYC6rQMOM95WK3gIbsS9ydafYqMtOL5NSkZio,0,0,Photos,,,,,11/13/2023,,,0,0,0,0,0,0,,,,,
1050117257616784,100064197037125,"PC Merchandise","UNBOXING: RX 6600 fresh stock just arrived! 📦",,0,"11/10/2023 17:30",,https://www.facebook.com/pcmerchandise.co/posts/pfbid0uKHMSzuGxtujQv5n1SzSYC6rQMOM95WK3gIbsS9ydafYqMtOL5NSkZio,0,0,Photos,,,,,11/14/2023,,,0,0,0,0,0,0,,,,,
1050117257616784,100064197037125,"PC Merchandise","UNBOXING: RX 6600 fresh stock just arrived! 📦",,0,"11/10/2023 17:30",,https://www.facebook.com/pcmerchandise.co/posts/pfbid0uKHMSzuGxtujQv5n1SzSYC6rQMOM95WK3gIbsS9ydafYqMtOL5NSkZio,0,0,Photos,,,,,11/15/2023,,,0,0,0,0,0,0,,,,,
1050117257616784,100064197037125,"PC Merchandise","UNBOXING: RX 6600 fresh stock just arrived! 📦",,0,"11/10/2023 17:30",,https://www.facebook.com/pcmerchandise.co/posts/pfbid0uKHMSzuGxtujQv5n1SzSYC6rQMOM95WK3gIbsS9ydafYqMtOL5NSkZio,0,0,Photos,,,,,11/16/2023,,,0,0,0,0,0,0,,,,,
1050117257616784,100064197037125,"PC Merchandise","UNBOXING: RX 6600 fresh stock just arrived! 📦",,0,"11/10/2023 17:30",,https://www.facebook.com/pcmerchandise.co/posts/pfbid0uKHMSzuGxtujQv5n1SzSYC6rQMOM95WK3gIbsS9ydafYqMtOL5NSkZio,0,0,Photos,,,,,11/17/2023,,,0,0,0,0,0,0,,,,,
1050117257616784,100064197037125,"PC Merchandise","UNBOXING: RX 6600 fresh stock just arrived! 📦",,0,"11/10/2023 17:30",,https://www.facebook.com/pcmerchandise.co/posts/pfbid0uKHMSzuGxtujQv5n1SzSYC6rQMOM95WK3gIbsS9ydafYqMtOL5NSkZio,0,0,Photos,,,,,11/18/2023,,,0,0,0,0,0,0,,,,,
1050117257616784,100064197037125,"PC Merchandise","UNBOXING: RX 6600 fresh stock just arrived! 📦",,0,"11/10/2023 17:30",,https://www.facebook.com/pcmerchandise.co/posts/pfbid0uKHMSzuGxtujQv5n1SzSYC6rQMOM95WK3gIbsS9ydafYqMtOL5NSkZio,0,0,Photos,,,,,11/19/2023,,,0,0,0,0,0,0,,,,,
1050117257616784,100064197037125,"PC Merchandise","UNBOXING: RX 6600 fresh stock just arrived! 📦",,0,"11/10/2023 17:30",,https://www.facebook.com/pcmerchandise.co/posts/pfbid0uKHMSzuGxtujQv5n1SzSYC6rQMOM95WK3gIbsS9ydafYqMtOL5NSkZio,0,0,Photos,,,,,11/20/2023,,,0,0,0,0,0,0,,,,,
1050117257616784,100064197037125,"PC Merchandise","UNBOXING: RX 6600 fresh stock just arrived! 📦",,0,"11/10/2023 17:30",,https://www.facebook.com/pcmerchandise.co/posts/pfbid0uKHMSzuGxtujQv5n1SzSYC6rQMOM95WK3gIbsS9ydafYqMtOL5NSkZio,0,0,Photos,,,,,11/21/2023,,,0,0,0,0,0,0,,,,,
1050117257616784,100064197037125,"PC Merchandise","UNBOXING: RX 6600 fresh stock just arrived! 📦",,0,"11/10/2023 17:30",,https://www.facebook.com/pcmerchandise.co/posts/pfbid0uKHMSzuGxtujQv5n1SzSYC6rQMOM95WK3gIbsS9ydafYqMtOL5NSkZio,0,0,Photos,,,,,11/22/2023,,,0,0,0,0,0,0,,,,,
1050117257616784,100064197037125,"PC Merchandise","UNBOXING: RX 6600 fresh stock just arrived! 📦",,0,"11/10/2023 17:30",,https://www.facebook.com/pcmerchandise.co/posts/pfbid0uKHMSzuGxtujQv5n1SzSYC6rQMOM95WK3gIbsS9ydafYqMtOL5NSkZio,0,0,Photos,,,,,11/23/2023,,,0,0,0,0,0,0,,,,,
1050117257616784,100064197037125,"PC Merchandise","UNBOXING: RX 6600 fresh stock just arrived! 📦",,0,"11/10/2023 17:30",,https://www.facebook.com/pcmerchandise.co/posts/pfbid0uKHMSzuGxtujQv5n1SzSYC6rQMOM95WK3gIbsS9ydafYqMtOL5NSkZio,0,0,Photos,,,,,11/24/2023,,,0,0,0,0,0,0,,,,,
1050117257616784,100064197037125,"PC Merchandise","UNBOXING: RX 6600 fresh stock just arrived! 📦",,0,"11/10/2023 17:30",,https://www.facebook.com/pcmerchandise.co/posts/pfbid0uKHMSzuGxtujQv5n1SzSYC6rQMOM95WK3gIbsS9ydafYqMtOL5NSkZio,0,0,Photos,,,,,11/25/2023,,,0,0,0,0,0,0,,,,,
1050117257616784,100064197037125,"PC Merchandise","UNBOXING: RX 6600 fresh stock just arrived! 📦",,0,"11/10/2023 17:30",,https://www.facebook.com/pcmerchandise.co/posts/pfbid0uKHMSzuGxtujQv5n1SzSYC6rQMOM95WK3gIbsS9ydafYqMtOL5NSkZio,0,0,Photos,,,,,11/26/2023,,,0,0,0,0,0,0,,,,,
1050117257616784,100064197037125,"PC Merchandise","UNBOXING: RX 6600 fresh stock just arrived! 📦",,0,"11/10/2023 17:30",,https://www.facebook.com/pcmerchandise.co/posts/pfbid0uKHMSzuGxtujQv5n1SzSYC6rQMOM95WK3gIbsS9ydafYqMtOL5NSkZio,0,0,Photos,,,,,11/27/2023,,,0,0,0,0,0,0,,,,,
1050117257616784,100064197037125,"PC Merchandise","UNBOXING: RX 6600 fresh stock just arrived! 📦",,0,"11/10/2023 17:30",,https://www.facebook.com/pcmerchandise.co/posts/pfbid0uKHMSzuGxtujQv5n1SzSYC6rQMOM95WK3gIbsS9ydafYqMtOL5NSkZio,0,0,Photos,,,,,11/28/2023,,,0,0,0,0,0,0,,,,,
1050117257616784,100064197037125,"PC Merchandise","UNBOXING: RX 6600 fresh stock just arrived! 📦",,0,"11/10/2023 17:30",,https://www.facebook.com/pcmerchandise.co/posts/pfbid0uKHMSzuGxtujQv5n1SzSYC6rQMOM95WK3gIbsS9ydafYqMtOL5NSkZio,0,0,Photos,,,,,11/29/2023,,,0,0,0,0,0,0,,,,,
1050117257616784,100064197037125,"PC Merchandise","UNBOXING: RX 6600 fresh stock just arrived! 📦",,0,"11/10/2023 17:30",,https://www.facebook.com/pcmerchandise.co/posts/pfbid0uKHMSzuGxtujQv5n1SzSYC6rQMOM95WK3gIbsS9ydafYqMtOL5NSkZio,0,0,Photos,,,,,11/30/2023,,,0,0,0,0,0,0,,,,,
1050031794443481,100064197037125,"PC Merchandise","Salamat sa tiwala boss MARK! RYZEN 5 4600G comshop package — 6 units delivered ✅",,0,"11/09/2023 21:00",,https://www.facebook.com/pcmerchandise.co/posts/pfbid0QGmyEBY1uWhUBVYjBLhxk9z43EtpWcBbh05pBNHajgl25ejyV0aFNlaW,0,0,Photos,,,,,11/30/2023,0,,,,,,,,,,,,
1050031794443481,100064197037125,"PC Merchandise","Salamat sa tiwala boss MARK! RYZEN 5 4600G comshop package — 6 units delivered ✅",,0,"11/09/2023 21:00",,https://www.facebook.com/pcmerchandise.co/posts/pfbid0QGmyEBY1uWhUBVYjBLhxk9z43EtpWcBbh05pBNHajgl25ejyV0aFNlaW,0,0,Photos,,,,,11/01/2023,,,0,0,0,0,0,0,,,,,
1050031794443481,100064197037125,"PC Merchandise","Salamat sa tiwala boss MARK! RYZEN 5 4600G comshop package — 6 units delivered ✅",,0,"11/09/2023 21:00",,https://www.facebook.com/pcmerchandise.co/posts/pfbid0QGmyEBY1uWhUBVYjBLhxk9z43EtpWcBbh05pBNHajgl25ejyV0aFNlaW,0,0,Photos,,,,,11/02/2023,,,0,0,0,0,0,0,,,,,
1050031794443481,100064197037125,"PC Merchandise","Salamat sa tiwala boss MARK! RYZEN 5 4600G comshop package — 6 units delivered ✅",,0,"11/09/2023 21:00",,https://www.facebook.com/pcmerchandise.co/posts/pfbid0QGmyEBY1uWhUBVYjBLhxk9z43EtpWcBbh05pBNHajgl25ejyV0aFNlaW,0,0,Photos,,,,,11/03/2023,,,0,0,0,0,0,0,,,,,
1050031794443481,100064197037125,"PC Merchandise","Salamat sa tiwala boss MARK! RYZEN 5 4600G comshop package — 6 units delivered ✅",,0,"11/09/2023 21:00",,https://www.facebook.com/pcmerchandise.co/posts/pfbid0QGmyEBY1uWhUBVYjBLhxk9z43EtpWcBbh05pBNHajgl25ejyV0aFNlaW,0,0,Photos,,,,,11/04/2023,,,0,0,0,0,0,0,,,,,
1050031794443481,100064197037125,"PC Merchandise","Salamat sa tiwala boss MARK! RYZEN 5 4600G comshop package — 6 units delivered ✅",,0,"11/09/2023 21:00",,https://www.facebook.com/pcmerchandise.co/posts/pfbid0QGmyEBY1uWhUBVYjBLhxk9z43EtpWcBbh05pBNHajgl25ejyV0aFNlaW,0,0,Photos,,,,,11/05/2023,,,0,0,0,0,0,0,,,,,
1050031794443481,100064197037125,"PC Merchandise","Salamat sa tiwala boss MARK! RYZEN 5 4600G comshop package — 6 units delivered ✅",,0,"11/09/2023 21:00",,https://www.facebook.com/pcmerchandise.co/posts/pfbid0QGmyEBY1uWhUBVYjBLhxk9z43EtpWcBbh05pBNHajgl25ejyV0aFNlaW,0,0,Photos,,,,,11/06/2023,,,0,0,0,0,0,0,,,,,
1050031794443481,100064197037125,"PC Merchandise","Salamat sa tiwala boss MARK! RYZEN 5 4600G comshop package — 6 units delivered ✅",,0,"11/09/2023 21:00",,https://www.facebook.com/pcmerchandise.co/posts/pfbid0QGmyEBY1uWhUBVYjBLhxk9z43EtpWcBbh05pBNHajgl25ejyV0aFNlaW,0,0,Photos,,,,,11/07/2023,,,0,0,0,0,0,0,,,,,
1050031794443481,100064197037125,"PC Merchandise","Salamat sa tiwala boss MARK! RYZEN 5 4600G comshop package — 6 units delivered ✅",,0,"11/09/2023 21:00",,https://www.facebook.com/pcmerchandise.co/posts/pfbid0QGmyEBY1uWhUBVYjBLhxk9z43EtpWcBbh05pBNHajgl25ejyV0aFNlaW,0,0,Photos,,,,,11/08/2023,,,0,0,0,0,0,0,,,,,
1050031794443481,100064197037125,"PC Merchandise","Salamat sa tiwala boss MARK! RYZEN 5 4600G comshop package — 6 units delivered ✅",,0,"11/09/2023 21:00",,https://www.facebook.com/pcmerchandise.co/posts/pfbid0QGmyEBY1uWhUBVYjBLhxk9z43EtpWcBbh05pBNHajgl25ejyV0aFNlaW,0,0,Photos,,,,,11/09/2023,,,0,0,0,0,0,0,,,,,
1050031794443481,100064197037125,"PC Merchandise","Salamat sa tiwala boss MARK! RYZEN 5 4600G comshop package — 6 units delivered ✅",,0,"11/09/2023 21:00",,https://www.facebook.com/pcmerchandise.co/posts/pfbid0QGmyEBY1uWhUBVYjBLhxk9z43EtpWcBbh05pBNHajgl25ejyV0aFNlaW,0,0,Photos,,,,,11/10/2023,,,0,0,0,0,0,0,,,,,
1050031794443481,100064197037125,"PC Merchandise","Salamat sa tiwala boss MARK! RYZEN 5 4600G comshop package — 6 units delivered ✅",,0,"11/09/2023 21:00",,https://www.facebook.com/pcmerchandise.co/posts/pfbid0QGmyEBY1uWhUBVYjBLhxk9z43EtpWcBbh05pBNHajgl25ejyV0aFNlaW,0,0,Photos,,,,,11/11/2023,,,0,0,0,0,0,0,,,,,
1050031794443481,100064197037125,"PC Merchandise","Salamat sa tiwala boss MARK! RYZEN 5 4600G comshop package — 6 units delivered ✅",,0,"11/09/2023 21:00",,https://www.facebook.com/pcmerchandise.co/posts/pfbid0QGmyEBY1uWhUBVYjBLhxk9z43EtpWcBbh05pBNHajgl25ejyV0aFNlaW,0,0,Photos,,,,,11/12/2023,,,0,0,0,0,0,0,,,,,
1050031794443481,100064197037125,"PC Merchandise","Salamat sa tiwala boss MARK! RYZEN 5 4600G comshop package — 6 units delivered ✅",,0,"11/09/2023 21:00",,https://www.facebook.com/pcmerchandise.co/posts/pfbid0QGmyEBY1uWhUBVYjBLhxk9z43EtpWcBbh05pBNHajgl25ejyV0aFNlaW,0,0,Photos,,,,,11/13/2023,,,0,0,0,0,0,0,,,,,
1050031794443481,100064197037125,"PC Merchandise","Salamat sa tiwala boss MARK! RYZEN 5 4600G comshop package — 6 units delivered ✅",,0,"11/09/2023 21:00",,https://www.facebook.com/pcmerchandise.co/posts/pfbid0QGmyEBY1uWhUBVYjBLhxk9z43EtpWcBbh05pBNHajgl25ejyV0aFNlaW,0,0,Photos,,,,,11/14/2023,,,0,0,0,0,0,0,,,,,
1050031794443481,100064197037125,"PC Merchandise","Salamat sa tiwala boss MARK! RYZEN 5 4600G comshop package — 6 units delivered ✅",,0,"11/09/2023 21:00",,https://www.facebook.com/pcmerchandise.co/posts/pfbid0QGmyEBY1uWhUBVYjBLhxk9z43EtpWcBbh05pBNHajgl25ejyV0aFNlaW,0,0,Photos,,,,,11/15/2023,,,0,0,0,0,0,0,,,,,
1050031794443481,100064197037125,"PC Merchandise","Salamat sa tiwala boss MARK! RYZEN 5 4600G comshop package — 6 units delivered ✅",,0,"11/09/2023 21:00",,https://www.facebook.com/pcmerchandise.co/posts/pfbid0QGmyEBY1uWhUBVYjBLhxk9z43EtpWcBbh05pBNHajgl25ejyV0aFNlaW,0,0,Photos,,,,,11/16/2023,,,0,0,0,0,0,0,,,,,
1050031794443481,100064197037125,"PC Merchandise","Salamat sa tiwala boss MARK! RYZEN 5 4600G comshop package — 6 units delivered ✅",,0,"11/09/2023 21:00",,https://www.facebook.com/pcmerchandise.co/posts/pfbid0QGmyEBY1uWhUBVYjBLhxk9z43EtpWcBbh05pBNHajgl25ejyV0aFNlaW,0,0,Photos,,,,,11/17/2023,,,0,0,0,0,0,0,,,,,
1050031794443481,100064197037125,"PC Merchandise","Salamat sa tiwala boss MARK! RYZEN 5 4600G comshop package — 6 units delivered ✅",,0,"11/09/2023 21:00",,https://www.facebook.com/pcmerchandise.co/posts/pfbid0QGmyEBY1uWhUBVYjBLhxk9z43EtpWcBbh05pBNHajgl25ejyV0aFNlaW,0,0,Photos,,,,,11/18/2023,,,0,0,0,0,0,0,,,,,
1050031794443481,100064197037125,"PC Merchandise","Salamat sa tiwala boss MARK! RYZEN 5 4600G comshop package — 6 units delivered ✅",,0,"11/09/2023 21:00",,https://www.facebook.com/pcmerchandise.co/posts/pfbid0QGmyEBY1uWhUBVYjBLhxk9z43EtpWcBbh05pBNHajgl25ejyV0aFNlaW,0,0,Photos,,,,,11/19/2023,,,0,0,0,0,0,0,,,,,
1050031794443481,100064197037125,"PC Merchandise","Salamat sa tiwala boss MARK! RYZEN 5 4600G comshop package — 6 units delivered ✅",,0,"11/09/2023 21:00",,https://www.facebook.com/pcmerchandise.co/posts/pfbid0QGmyEBY1uWhUBVYjBLhxk9z43EtpWcBbh05pBNHajgl25ejyV0aFNlaW,0,0,Photos,,,,,11/20/2023,,,0,0,0,0,0,0,,,,,
1050031794443481,100064197037125,"PC Merchandise","Salamat sa tiwala boss MARK! RYZEN 5 4600G comshop package — 6 units delivered ✅",,0,"11/09/2023 21:00",,https://www.facebook.com/pcmerchandise.co/posts/pfbid0QGmyEBY1uWhUBVYjBLhxk9z43EtpWcBbh05pBNHajgl25ejyV0aFNlaW,0,0,Photos,,,,,11/21/2023,,,0,0,0,0,0,0,,,,,
1050031794443481,100064197037125,"PC Merchandise","Salamat sa tiwala boss MARK! RYZEN 5 4600G comshop package — 6 units delivered ✅",,0,"11/09/2023 21:00",,https://www.facebook.com/pcmerchandise.co/posts/pfbid0QGmyEBY1uWhUBVYjBLhxk9z43EtpWcBbh05pBNHajgl25ejyV0aFNlaW,0,0,Photos,,,,,11/22/2023,,,0,0,0,0,0,0,,,,,
1050031794443481,100064197037125,"PC Merchandise","Salamat sa tiwala boss MARK! RYZEN 5 4600G comshop package — 6 units delivered ✅",,0,"11/09/2023 21:00",,https://www.facebook.com/pcmerchandise.co/posts/pfbid0QGmyEBY1uWhUBVYjBLhxk9z43EtpWcBbh05pBNHajgl25ejyV0aFNlaW,0,0,Photos,,,,,11/23/2023,,,0,0,0,0,0,0,,,,,
1050031794443481,100064197037125,"PC Merchandise","Salamat sa tiwala boss MARK! RYZEN 5 4600G comshop package — 6 units delivered ✅",,0,"11/09/2023 21:00",,https://www.facebook.com/pcmerchandise.co/posts/pfbid0QGmyEBY1uWhUBVYjBLhxk9z43EtpWcBbh05pBNHajgl25ejyV0aFNlaW,0,0,Photos,,,,,11/24/2023,,,0,0,0,0,0,0,,,,,
1050031794443481,100064197037125,"PC Merchandise","Salamat sa tiwala boss MARK! RYZEN 5 4600G comshop package — 6 units delivered ✅",,0,"11/09/2023 21:00",,https://www.facebook.com/pcmerchandise.co/posts/pfbid0QGmyEBY1uWhUBVYjBLhxk9z43EtpWcBbh05pBNHajgl25ejyV0aFNlaW,0,0,Photos,,,,,11/25/2023,,,0,0,0,0,0,0,,,,,
1050031794443481,100064197037125,"PC Merchandise","Salamat sa tiwala boss MARK! RYZEN 5 4600G comshop package — 6 units delivered ✅",,0,"11/09/2023 21:00",,https://www.facebook.com/pcmerchandise.co/posts/pfbid0QGmyEBY1uWhUBVYjBLhxk9z43EtpWcBbh05pBNHajgl25ejyV0aFNlaW,0,0,Photos,,,,,11/26/2023,,,0,0,0,0,0,0,,,,,
1050031794443481,100064197037125,"PC Merchandise","Salamat sa tiwala boss MARK! RYZEN 5 4600G comshop package — 6 units delivered ✅",,0,"11/09/2023 21:00",,https://www.facebook.com/pcmerchandise.co/posts/pfbid0QGmyEBY1uWhUBVYjBLhxk9z43EtpWcBbh05pBNHajgl25ejyV0aFNlaW,0,0,Photos,,,,,11/27/2023,,,0,0,0,0,0,0,,,,,
1050031794443481,100064197037125,"PC Merchandise","Salamat sa tiwala boss MARK! RYZEN 5 4600G comshop package — 6 units delivered ✅",,0,"11/09/2023 21:00",,https://www.facebook.com/pcmerchandise.co/posts/pfbid0QGmyEBY1uWhUBVYjBLhxk9z43EtpWcBbh05pBNHajgl25ejyV0aFNlaW,0,0,Photos,,,,,11/28/2023,,,0,0,0,0,0,0,,,,,
1050031794443481,100064197037125,"PC Merchandise","Salamat sa tiwala boss MARK! RYZEN 5 4600G comshop package — 6 units delivered ✅",,0,"11/09/2023 21:00",,https://www.facebook.com/pcmerchandise.co/posts/pfbid0QGmyEBY1uWhUBVYjBLhxk9z43EtpWcBbh05pBNHajgl25ejyV0aFNlaW,0,0,Photos,,,,,11/29/2023,,,0,0,0,0,0,0,,,,,
1050031794443481,100064197037125,"PC Merchandise","Salamat sa tiwala boss MARK! RYZEN 5 4600G comshop package — 6 units delivered ✅",,0,"11/09/2023 21:00",,https://www.facebook.com/pcmerchandise.co/posts/pfbid0QGmyEBY1uWhUBVYjBLhxk9z43EtpWcBbh05pBNHajgl25ejyV0aFNlaW,0,0,Photos,,,,,11/30/2023,,,0,0,0,0,0,0,,,,,
1050079579273169,100064197037125,"PC Merchandise","𝐑𝐘𝐙𝐄𝐍 𝟓 𝟒𝟔𝟎𝟎𝐆 (𝟐𝐏𝐂𝐒)
𝐂𝐎𝐌𝐒𝐇𝐎𝐏 𝐏𝐀𝐂𝐊𝐀𝐆𝐄
#PCMERCHANDISE #PCMBUILDS",,0,"11/07/2023 21:00",,https://www.facebook.com/pcmerchandise.co/posts/pfbid0576OhBrSLNdagvLGD2Ytzr4PtdzibktfyywW8H6AtOLBGbdGw525DBBI,0,0,Photos,,,,,11/30/2023,3,,,,,,,,,,,,
1050079579273169,100064197037125,"PC Merchandise","𝐑𝐘𝐙𝐄𝐍 𝟓 𝟒𝟔𝟎𝟎𝐆 (𝟐𝐏𝐂𝐒)
𝐂𝐎𝐌𝐒𝐇𝐎𝐏 𝐏𝐀𝐂𝐊𝐀𝐆𝐄
#PCMERCHANDISE #PCMBUILDS",,0,"11/07/2023 21:00",,https://www.facebook.com/pcmerchandise.co/posts/pfbid0576OhBrSLNdagvLGD2Ytzr4PtdzibktfyywW8H6AtOLBGbdGw525DBBI,0,0,Photos,,,,,11/01/2023,,,0,0,0,0,0,0,,,,,
1050079579273169,100064197037125,"PC Merchandise","𝐑𝐘𝐙𝐄𝐍 𝟓 𝟒𝟔𝟎𝟎𝐆 (𝟐𝐏𝐂𝐒)
𝐂𝐎𝐌𝐒𝐇𝐎𝐏 𝐏𝐀𝐂𝐊𝐀𝐆𝐄
#PCMERCHANDISE #PCMBUILDS",,0,"11/07/2023 21:00",,https://www.facebook.com/pcmerchandise.co/posts/pfbid0576OhBrSLNdagvLGD2Ytzr4PtdzibktfyywW8H6AtOLBGbdGw525DBBI,0,0,Photos,,,,,11/02/2023,,,0,0,0,0,0,0,,,,,
1050079579273169,100064197037125,"PC Merchandise","𝐑𝐘𝐙𝐄𝐍 𝟓 𝟒𝟔𝟎𝟎𝐆 (𝟐𝐏𝐂𝐒)
𝐂𝐎𝐌𝐒𝐇𝐎𝐏 𝐏𝐀𝐂𝐊𝐀𝐆𝐄
#PCMERCHANDISE #PCMBUILDS",,0,"11/07/2023 21:00",,https://www.facebook.com/pcmerchandise.co/posts/pfbid0576OhBrSLNdagvLGD2Ytzr4PtdzibktfyywW8H6AtOLBGbdGw525DBBI,0,0,Photos,,,,,11/03/2023,,,0,0,0,0,0,0,,,,,
1050079579273169,100064197037125,"PC Merchandise","𝐑𝐘𝐙𝐄𝐍 𝟓 𝟒𝟔𝟎𝟎𝐆 (𝟐𝐏𝐂𝐒)
𝐂𝐎𝐌𝐒𝐇𝐎𝐏 𝐏𝐀𝐂𝐊𝐀𝐆𝐄
#PCMERCHANDISE #PCMBUILDS",,0,"11/07/2023 21:00",,https://www.facebook.com/pcmerchandise.co/posts/pfbid0576OhBrSLNdagvLGD2Ytzr4PtdzibktfyywW8H6AtOLBGbdGw525DBBI,0,0,Photos,,,,,11/04/2023,,,0,0,0,0,0,0,,,,,
1050079579273169,100064197037125,"PC Merchandise","𝐑𝐘𝐙𝐄𝐍 𝟓 𝟒𝟔𝟎𝟎𝐆 (𝟐𝐏𝐂𝐒)
𝐂𝐎𝐌𝐒𝐇𝐎𝐏 𝐏𝐀𝐂𝐊𝐀𝐆𝐄
#PCMERCHANDISE #PCMBUILDS",,0,"11/07/2023 21:00",,https://www.facebook.com/pcmerchandise.co/posts/pfbid0576OhBrSLNdagvLGD2Ytzr4PtdzibktfyywW8H6AtOLBGbdGw525DBBI,0,0,Photos,,,,,11/05/2023,,,0,0,0,0,0,0,,,,,
1050079579273169,100064197037125,"PC Merchandise","𝐑𝐘𝐙𝐄𝐍 𝟓 𝟒𝟔𝟎𝟎𝐆 (𝟐𝐏𝐂𝐒)
𝐂𝐎𝐌𝐒𝐇𝐎𝐏 𝐏𝐀𝐂𝐊𝐀𝐆𝐄
#PCMERCHANDISE #PCMBUILDS",,0,"11/07/2023 21:00",,https://www.facebook.com/pcmerchandise.co/posts/pfbid0576OhBrSLNdagvLGD2Ytzr4PtdzibktfyywW8H6AtOLBGbdGw525DBBI,0,0,Photos,,,,,11/06/2023,,,0,0,0,0,0,0,,,,,
1050079579273169,100064197037125,"PC Merchandise","𝐑𝐘𝐙𝐄𝐍 𝟓 𝟒𝟔𝟎𝟎𝐆 (𝟐𝐏𝐂𝐒)
𝐂𝐎𝐌𝐒𝐇𝐎𝐏 𝐏𝐀𝐂𝐊𝐀𝐆𝐄
#PCMERCHANDISE #PCMBUILDS",,0,"11/07/2023 21:00",,https://www.facebook.com/pcmerchandise.co/posts/pfbid0576OhBrSLNdagvLGD2Ytzr4PtdzibktfyywW8H6AtOLBGbdGw525DBBI,0,0,Photos,,,,,11/07/2023,,,0,0,0,0,0,0,,,,,
1050079579273169,100064197037125,"PC Merchandise","𝐑𝐘𝐙𝐄𝐍 𝟓 𝟒𝟔𝟎𝟎𝐆 (𝟐𝐏𝐂𝐒)
𝐂𝐎𝐌𝐒𝐇𝐎𝐏 𝐏𝐀𝐂𝐊𝐀𝐆𝐄
#PCMERCHANDISE #PCMBUILDS",,0,"11/07/2023 21:00",,https://www.facebook.com/pcmerchandise.co/posts/pfbid0576OhBrSLNdagvLGD2Ytzr4PtdzibktfyywW8H6AtOLBGbdGw525DBBI,0,0,Photos,,,,,11/08/2023,,,0,0,0,0,0,0,,,,,
1050079579273169,100064197037125,"PC Merchandise","𝐑𝐘𝐙𝐄𝐍 𝟓 𝟒𝟔𝟎𝟎𝐆 (𝟐𝐏𝐂𝐒)
𝐂𝐎𝐌𝐒𝐇𝐎𝐏 𝐏𝐀𝐂𝐊𝐀𝐆𝐄
#PCMERCHANDISE #PCMBUILDS",,0,"11/07/2023 21:00",,https://www.facebook.com/pcmerchandise.co/posts/pfbid0576OhBrSLNdagvLGD2Ytzr4PtdzibktfyywW8H6AtOLBGbdGw525DBBI,0,0,Photos,,,,,11/09/2023,,,0,0,0,0,0,0,,,,,
1050079579273169,100064197037125,"PC Merchandise","𝐑𝐘𝐙𝐄𝐍 𝟓 𝟒𝟔𝟎𝟎𝐆 (𝟐𝐏𝐂𝐒)
𝐂𝐎𝐌𝐒𝐇𝐎𝐏 𝐏𝐀𝐂𝐊𝐀𝐆𝐄
#PCMERCHANDISE #PCMBUILDS",,0,"11/07/2023 21:00",,https://www.facebook.com/pcmerchandise.co/posts/pfbid0576OhBrSLNdagvLGD2Ytzr4PtdzibktfyywW8H6AtOLBGbdGw525DBBI,0,0,Photos,,,,,11/10/2023,,,0,0,0,0,0,0,,,,,
1050079579273169,100064197037125,"PC Merchandise","𝐑𝐘𝐙𝐄𝐍 𝟓 𝟒𝟔𝟎𝟎𝐆 (𝟐𝐏𝐂𝐒)
𝐂𝐎𝐌𝐒𝐇𝐎𝐏 𝐏𝐀𝐂𝐊𝐀𝐆𝐄
#PCMERCHANDISE #PCMBUILDS",,0,"11/07/2023 21:00",,https://www.facebook.com/pcmerchandise.co/posts/pfbid0576OhBrSLNdagvLGD2Ytzr4PtdzibktfyywW8H6AtOLBGbdGw525DBBI,0,0,Photos,,,,,11/11/2023,,,0,0,0,0,0,0,,,,,
1050079579273169,100064197037125,"PC Merchandise","𝐑𝐘𝐙𝐄𝐍 𝟓 𝟒𝟔𝟎𝟎𝐆 (𝟐𝐏𝐂𝐒)
𝐂𝐎𝐌𝐒𝐇𝐎𝐏 𝐏𝐀𝐂𝐊𝐀𝐆𝐄
#PCMERCHANDISE #PCMBUILDS",,0,"11/07/2023 21:00",,https://www.facebook.com/pcmerchandise.co/posts/pfbid0576OhBrSLNdagvLGD2Ytzr4PtdzibktfyywW8H6AtOLBGbdGw525DBBI,0,0,Photos,,,,,11/12/2023,,,0,0,0,0,0,0,,,,,
1050079579273169,100064197037125,"PC Merchandise","𝐑𝐘𝐙𝐄𝐍 𝟓 𝟒𝟔𝟎𝟎𝐆 (𝟐𝐏𝐂𝐒)
𝐂𝐎𝐌𝐒𝐇𝐎𝐏 𝐏𝐀𝐂𝐊𝐀𝐆𝐄
#PCMERCHANDISE #PCMBUILDS",,0,"11/07/2023 21:00",,https://www.facebook.com/pcmerchandise.co/posts/pfbid0576OhBrSLNdagvLGD2Ytzr4PtdzibktfyywW8H6AtOLBGbdGw525DBBI,0,0,Photos,,,,,11/13/2023,,,0,0,0,0,0,0,,,,,
1050079579273169,100064197037125,"PC Merchandise","𝐑𝐘𝐙𝐄𝐍 𝟓 𝟒𝟔𝟎𝟎𝐆 (𝟐𝐏𝐂𝐒)
𝐂𝐎𝐌𝐒𝐇𝐎𝐏 𝐏𝐀𝐂𝐊𝐀𝐆𝐄
#PCMERCHANDISE #PCMBUILDS",,0,"11/07/2023 21:00",,https://www.facebook.com/pcmerchandise.co/posts/pfbid0576OhBrSLNdagvLGD2Ytzr4PtdzibktfyywW8H6AtOLBGbdGw525DBBI,0,0,Photos,,,,,11/14/2023,,,0,0,0,0,0,0,,,,,
1050079579273169,100064197037125,"PC Merchandise","𝐑𝐘𝐙𝐄𝐍 𝟓 𝟒𝟔𝟎𝟎𝐆 (𝟐𝐏𝐂𝐒)
𝐂𝐎𝐌𝐒𝐇𝐎𝐏 𝐏𝐀𝐂𝐊𝐀𝐆𝐄
#PCMERCHANDISE #PCMBUILDS",,0,"11/07/2023 21:00",,https://www.facebook.com/pcmerchandise.co/posts/pfbid0576OhBrSLNdagvLGD2Ytzr4PtdzibktfyywW8H6AtOLBGbdGw525DBBI,0,0,Photos,,,,,11/15/2023,,,0,0,0,0,0,0,,,,,
1050079579273169,100064197037125,"PC Merchandise","𝐑𝐘𝐙𝐄𝐍 𝟓 𝟒𝟔𝟎𝟎𝐆 (𝟐𝐏𝐂𝐒)
𝐂𝐎𝐌𝐒𝐇𝐎𝐏 𝐏𝐀𝐂𝐊𝐀𝐆𝐄
#PCMERCHANDISE #PCMBUILDS",,0,"11/07/2023 21:00",,https://www.facebook.com/pcmerchandise.co/posts/pfbid0576OhBrSLNdagvLGD2Ytzr4PtdzibktfyywW8H6AtOLBGbdGw525DBBI,0,0,Photos,,,,,11/16/2023,,,0,0,0,0,0,0,,,,,
1050079579273169,100064197037125,"PC Merchandise","𝐑𝐘𝐙𝐄𝐍 𝟓 𝟒𝟔𝟎𝟎𝐆 (𝟐𝐏𝐂𝐒)
𝐂𝐎𝐌𝐒𝐇𝐎𝐏 𝐏𝐀𝐂𝐊𝐀𝐆𝐄
#PCMERCHANDISE #PCMBUILDS",,0,"11/07/2023 21:00",,https://www.facebook.com/pcmerchandise.co/posts/pfbid0576OhBrSLNdagvLGD2Ytzr4PtdzibktfyywW8H6AtOLBGbdGw525DBBI,0,0,Photos,,,,,11/17/2023,,,0,0,0,0,0,0,,,,,
1050079579273169,100064197037125,"PC Merchandise","𝐑𝐘𝐙𝐄𝐍 𝟓 𝟒𝟔𝟎𝟎𝐆 (𝟐𝐏𝐂𝐒)
𝐂𝐎𝐌𝐒𝐇𝐎𝐏 𝐏𝐀𝐂𝐊𝐀𝐆𝐄
#PCMERCHANDISE #PCMBUILDS",,0,"11/07/2023 21:00",,https://www.facebook.com/pcmerchandise.co/posts/pfbid0576OhBrSLNdagvLGD2Ytzr4PtdzibktfyywW8H6AtOLBGbdGw525DBBI,0,0,Photos,,,,,11/18/2023,,,0,0,0,0,0,0,,,,,
1050079579273169,100064197037125,"PC Merchandise","𝐑𝐘𝐙𝐄𝐍 𝟓 𝟒𝟔𝟎𝟎𝐆 (𝟐𝐏𝐂𝐒)
𝐂𝐎𝐌𝐒𝐇𝐎𝐏 𝐏𝐀𝐂𝐊𝐀𝐆𝐄
#PCMERCHANDISE #PCMBUILDS",,0,"11/07/2023 21:00",,https://www.facebook.com/pcmerchandise.co/posts/pfbid0576OhBrSLNdagvLGD2Ytzr4PtdzibktfyywW8H6AtOLBGbdGw525DBBI,0,0,Photos,,,,,11/19/2023,,,0,0,0,0,0,0,,,,,
1050079579273169,100064197037125,"PC Merchandise","𝐑𝐘𝐙𝐄𝐍 𝟓 𝟒𝟔𝟎𝟎𝐆 (𝟐𝐏𝐂𝐒)
𝐂𝐎𝐌𝐒𝐇𝐎𝐏 𝐏𝐀𝐂𝐊𝐀𝐆𝐄
#PCMERCHANDISE #PCMBUILDS",,0,"11/07/2023 21:00",,https://www.facebook.com/pcmerchandise.co/posts/pfbid0576OhBrSLNdagvLGD2Ytzr4PtdzibktfyywW8H6AtOLBGbdGw525DBBI,0,0,Photos,,,,,11/20/2023,,,0,0,0,0,0,0,,,,,
1050079579273169,100064197037125,"PC Merchandise","𝐑𝐘𝐙𝐄𝐍 𝟓 𝟒𝟔𝟎𝟎𝐆 (𝟐𝐏𝐂𝐒)
𝐂𝐎𝐌𝐒𝐇𝐎𝐏 𝐏𝐀𝐂𝐊𝐀𝐆𝐄
#PCMERCHANDISE #PCMBUILDS",,0,"11/07/2023 21:00",,https://www.facebook.com/pcmerchandise.co/posts/pfbid0576OhBrSLNdagvLGD2Ytzr4PtdzibktfyywW8H6AtOLBGbdGw525DBBI,0,0,Photos,,,,,11/21/2023,,,0,0,0,0,0,0,,,,,
1050079579273169,100064197037125,"PC Merchandise","𝐑𝐘𝐙𝐄𝐍 𝟓 𝟒𝟔𝟎𝟎𝐆 (𝟐𝐏𝐂𝐒)
𝐂𝐎𝐌𝐒𝐇𝐎𝐏 𝐏𝐀𝐂𝐊𝐀𝐆𝐄
#PCMERCHANDISE #PCMBUILDS",,0,"11/07/2023 21:00",,https://www.facebook.com/pcmerchandise.co/posts/pfbid0576OhBrSLNdagvLGD2Ytzr4PtdzibktfyywW8H6AtOLBGbdGw525DBBI,0,0,Photos,,,,,11/22/2023,,,0,0,0,0,0,0,,,,,
1050079579273169,100064197037125,"PC Merchandise","𝐑𝐘𝐙𝐄𝐍 𝟓 𝟒𝟔𝟎𝟎𝐆 (𝟐𝐏𝐂𝐒)
𝐂𝐎𝐌𝐒𝐇𝐎𝐏 𝐏𝐀𝐂𝐊𝐀𝐆𝐄
#PCMERCHANDISE #PCMBUILDS",,0,"11/07/2023 21:00",,https://www.facebook.com/pcmerchandise.co/posts/pfbid0576OhBrSLNdagvLGD2Ytzr4PtdzibktfyywW8H6AtOLBGbdGw525DBBI,0,0,Photos,,,,,11/23/2023,,,0,0,0,0,0,0,,,,,
1050079579273169,100064197037125,"PC Merchandise","𝐑𝐘𝐙𝐄𝐍 𝟓 𝟒𝟔𝟎𝟎𝐆 (𝟐𝐏𝐂𝐒)
𝐂𝐎𝐌𝐒𝐇𝐎𝐏 𝐏𝐀𝐂𝐊𝐀𝐆𝐄
#PCMERCHANDISE #PCMBUILDS",,0,"11/07/2023 21:00",,https://www.facebook.com/pcmerchandise.co/posts/pfbid0576OhBrSLNdagvLGD2Ytzr4PtdzibktfyywW8H6AtOLBGbdGw525DBBI,0,0,Photos,,,,,11/24/2023,,,0,0,0,0,0,0,,,,,
1050079579273169,100064197037125,"PC Merchandise","𝐑𝐘𝐙𝐄𝐍 𝟓 𝟒𝟔𝟎𝟎𝐆 (𝟐𝐏𝐂𝐒)
𝐂𝐎𝐌𝐒𝐇𝐎𝐏 𝐏𝐀𝐂𝐊𝐀𝐆𝐄
#PCMERCHANDISE #PCMBUILDS",,0,"11/07/2023 21:00",,https://www.facebook.com/pcmerchandise.co/posts/pfbid0576OhBrSLNdagvLGD2Ytzr4PtdzibktfyywW8H6AtOLBGbdGw525DBBI,0,0,Photos,,,,,11/25/2023,,,0,0,0,0,0,0,,,,,
1050079579273169,100064197037125,"PC Merchandise","𝐑𝐘𝐙𝐄𝐍 𝟓 𝟒𝟔𝟎𝟎𝐆 (𝟐𝐏𝐂𝐒)
𝐂𝐎𝐌𝐒𝐇𝐎𝐏 𝐏𝐀𝐂𝐊𝐀𝐆𝐄
#PCMERCHANDISE #PCMBUILDS",,0,"11/07/2023 21:00",,https://www.facebook.com/pcmerchandise.co/posts/pfbid0576OhBrSLNdagvLGD2Ytzr4PtdzibktfyywW8H6AtOLBGbdGw525DBBI,0,0,Photos,,,,,11/26/2023,,,0,0,0,0,0,0,,,,,
1050079579273169,100064197037125,"PC Merchandise","𝐑𝐘𝐙𝐄𝐍 𝟓 𝟒𝟔𝟎𝟎𝐆 (𝟐𝐏𝐂𝐒)
𝐂𝐎𝐌𝐒𝐇𝐎𝐏 𝐏𝐀𝐂𝐊𝐀𝐆𝐄
#PCMERCHANDISE #PCMBUILDS",,0,"11/07/2023 21:00",,https://www.facebook.com/pcmerchandise.co/posts/pfbid0576OhBrSLNdagvLGD2Ytzr4PtdzibktfyywW8H6AtOLBGbdGw525DBBI,0,0,Photos,,,,,11/27/2023,,,0,0,0,0,0,0,,,,,
1050079579273169,100064197037125,"PC Merchandise","𝐑𝐘𝐙𝐄𝐍 𝟓 𝟒𝟔𝟎𝟎𝐆 (𝟐𝐏𝐂𝐒)
𝐂𝐎𝐌𝐒𝐇𝐎𝐏 𝐏𝐀𝐂𝐊𝐀𝐆𝐄
#PCMERCHANDISE #PCMBUILDS",,0,"11/07/2023 21:00",,https://www.facebook.com/pcmerchandise.co/posts/pfbid0576OhBrSLNdagvLGD2Ytzr4PtdzibktfyywW8H6AtOLBGbdGw525DBBI,0,0,Photos,,,,,11/28/2023,,,0,0,0,0,0,0,,,,,
1050079579273169,100064197037125,"PC Merchandise","𝐑𝐘𝐙𝐄𝐍 𝟓 𝟒𝟔𝟎𝟎𝐆 (𝟐𝐏𝐂𝐒)
𝐂𝐎𝐌𝐒𝐇𝐎𝐏 𝐏𝐀𝐂𝐊𝐀𝐆𝐄
#PCMERCHANDISE #PCMBUILDS",,0,"11/07/2023 21:00",,https://www.facebook.com/pcmerchandise.co/posts/pfbid0576OhBrSLNdagvLGD2Ytzr4PtdzibktfyywW8H6AtOLBGbdGw525DBBI,0,0,Photos,,,,,11/29/2023,,,0,0,0,0,0,0,,,,,
1050079579273169,100064197037125,"PC Merchandise","𝐑𝐘𝐙𝐄𝐍 𝟓 𝟒𝟔𝟎𝟎𝐆 (𝟐𝐏𝐂𝐒)
𝐂𝐎𝐌𝐒𝐇𝐎𝐏 𝐏𝐀𝐂𝐊𝐀𝐆𝐄
#PCMERCHANDISE #PCMBUILDS",,0,"11/07/2023 21:00",,https://www.facebook.com/pcmerchandise.co/posts/pfbid0576OhBrSLNdagvLGD2Ytzr4PtdzibktfyywW8H6AtOLBGbdGw525DBBI,0,0,Photos,,,,,11/30/2023,,,0,0,0,0,0,0,,,,,
1049342719537333,100064197037125,"PC Merchandise","Negosyo starts today! Complete computer shop packages ready. PM now!

𝐂𝐎𝐌𝐒𝐇𝐎𝐏 𝐏𝐑𝐈𝐂𝐄𝐋𝐈𝐒𝐓 >>>
https://pcmerchandise.live/2023-COMSHOP-PACKAGES",,0,"11/07/2023 19:15",,https://www.facebook.com/pcmerchandise.co/posts/pfbid0ohxtuPAAOXRVG7JwlSFaEe40pk1X7BZ0eFJ7mmvwjT01TqvuvazOmm96,0,1,Photos,,,,,11/30/2023,0,,,,,,,,,,,,
1049342719537333,100064197037125,"PC Merchandise","Negosyo starts today! Complete computer shop packages ready. PM now!

𝐂𝐎𝐌𝐒𝐇𝐎𝐏 𝐏𝐑𝐈𝐂𝐄𝐋𝐈𝐒𝐓 >>>
https://pcmerchandise.live/2023-COMSHOP-PACKAGES",,0,"11/07/2023 19:15",,https://www.facebook.com/pcmerchandise.co/posts/pfbid0ohxtuPAAOXRVG7JwlSFaEe40pk1X7BZ0eFJ7mmvwjT01TqvuvazOmm96,0,1,Photos,,,,,11/01/2023,,,0,0,0,0,0,0,,,,,
1049342719537333,100064197037125,"PC Merchandise","Negosyo starts today! Complete computer shop packages ready. PM now!

𝐂𝐎𝐌𝐒𝐇𝐎𝐏 𝐏𝐑𝐈𝐂𝐄𝐋𝐈𝐒𝐓 >>>
https://pcmerchandise.live/2023-COMSHOP-PACKAGES",,0,"11/07/2023 19:15",,https://www.facebook.com/pcmerchandise.co/posts/pfbid0ohxtuPAAOXRVG7JwlSFaEe40pk1X7BZ0eFJ7mmvwjT01TqvuvazOmm96,0,1,Photos,,,,,11/02/2023,,,0,0,0,0,0,0,,,,,
1049342719537333,100064197037125,"PC Merchandise","Negosyo starts today! Complete computer shop packages ready. PM now!

𝐂𝐎𝐌𝐒𝐇𝐎𝐏 𝐏𝐑𝐈𝐂𝐄𝐋𝐈𝐒𝐓 >>>
https://pcmerchandise.live/2023-COMSHOP-PACKAGES",,0,"11/07/2023 19:15",,https://www.facebook.com/pcmerchandise.co/posts/pfbid0ohxtuPAAOXRVG7JwlSFaEe40pk1X7BZ0eFJ7mmvwjT01TqvuvazOmm96,0,1,Photos,,,,,11/03/2023,,,0,0,0,0,0,0,,,,,
1049342719537333,100064197037125,"PC Merchandise","Negosyo starts today! Complete computer shop packages ready. PM now!

𝐂𝐎𝐌𝐒𝐇𝐎𝐏 𝐏𝐑𝐈𝐂𝐄𝐋𝐈𝐒𝐓 >>>
https://pcmerchandise.live/2023-COMSHOP-PACKAGES",,0,"11/07/2023 19:15",,https://www.facebook.com/pcmerchandise.co/posts/pfbid0ohxtuPAAOXRVG7JwlSFaEe40pk1X7BZ0eFJ7mmvwjT01TqvuvazOmm96,0,1,Photos,,,,,11/04/2023,,,0,0,0,0,0,0,,,,,
1049342719537333,100064197037125,"PC Merchandise","Negosyo starts today! Complete computer shop packages ready. PM now!

𝐂𝐎𝐌𝐒𝐇𝐎𝐏 𝐏𝐑𝐈𝐂𝐄𝐋𝐈𝐒𝐓 >>>
https://pcmerchandise.live/2023-COMSHOP-PACKAGES",,0,"11/07/2023 19:15",,https://www.facebook.com/pcmerchandise.co/posts/pfbid0ohxtuPAAOXRVG7JwlSFaEe40pk1X7BZ0eFJ7mmvwjT01TqvuvazOmm96,0,1,Photos,,,,,11/05/2023,,,0,0,0,0,0,0,,,,,
1049342719537333,100064197037125,"PC Merchandise","Negosyo starts today! Complete computer shop packages ready. PM now!

𝐂𝐎𝐌𝐒𝐇𝐎𝐏 𝐏𝐑𝐈𝐂𝐄𝐋𝐈𝐒𝐓 >>>
https://pcmerchandise.live/2023-COMSHOP-PACKAGES",,0,"11/07/2023 19:15",,https://www.facebook.com/pcmerchandise.co/posts/pfbid0ohxtuPAAOXRVG7JwlSFaEe40pk1X7BZ0eFJ7mmvwjT01TqvuvazOmm96,0,1,Photos,,,,,11/06/2023,,,0,0,0,0,0,0,,,,,
1049342719537333,100064197037125,"PC Merchandise","Negosyo starts today! Complete computer shop packages ready. PM now!

𝐂𝐎𝐌𝐒𝐇𝐎𝐏 𝐏𝐑𝐈𝐂𝐄𝐋𝐈𝐒𝐓 >>>
https://pcmerchandise.live/2023-COMSHOP-PACKAGES",,0,"11/07/2023 19:15",,https://www.facebook.com/pcmerchandise.co/posts/pfbid0ohxtuPAAOXRVG7JwlSFaEe40pk1X7BZ0eFJ7mmvwjT01TqvuvazOmm96,0,1,Photos,,,,,11/07/2023,,,0,0,0,0,0,0,,,,,
1049342719537333,100064197037125,"PC Merchandise","Negosyo starts today! Complete computer shop packages ready. PM now!

𝐂𝐎𝐌𝐒𝐇𝐎𝐏 𝐏𝐑𝐈𝐂𝐄𝐋𝐈𝐒𝐓 >>>
https://pcmerchandise.live/2023-COMSHOP-PACKAGES",,0,"11/07/2023 19:15",,https://www.facebook.com/pcmerchandise.co/posts/pfbid0ohxtuPAAOXRVG7JwlSFaEe40pk1X7BZ0eFJ7mmvwjT01TqvuvazOmm96,0,1,Photos,,,,,11/08/2023,,,0,0,0,0,0,0,,,,,
1049342719537333,100064197037125,"PC Merchandise","Negosyo starts today! Complete computer shop packages ready. PM now!

𝐂𝐎𝐌𝐒𝐇𝐎𝐏 𝐏𝐑𝐈𝐂𝐄𝐋𝐈𝐒𝐓 >>>
https://pcmerchandise.live/2023-COMSHOP-PACKAGES",,0,"11/07/2023 19:15",,https://www.facebook.com/pcmerchandise.co/posts/pfbid0ohxtuPAAOXRVG7JwlSFaEe40pk1X7BZ0eFJ7mmvwjT01TqvuvazOmm96,0,1,Photos,,,,,11/09/2023,,,0,0,0,0,0,0,,,,,
1049342719537333,100064197037125,"PC Merchandise","Negosyo starts today! Complete computer shop packages ready. PM now!

𝐂𝐎𝐌𝐒𝐇𝐎𝐏 𝐏𝐑𝐈𝐂𝐄𝐋𝐈𝐒𝐓 >>>
https://pcmerchandise.live/2023-COMSHOP-PACKAGES",,0,"11/07/2023 19:15",,https://www.facebook.com/pcmerchandise.co/posts/pfbid0ohxtuPAAOXRVG7JwlSFaEe40pk1X7BZ0eFJ7mmvwjT01TqvuvazOmm96,0,1,Photos,,,,,11/10/2023,,,0,0,0,0,0,0,,,,,
1049342719537333,100064197037125,"PC Merchandise","Negosyo starts today! Complete computer shop packages ready. PM now!

𝐂𝐎𝐌𝐒𝐇𝐎𝐏 𝐏𝐑𝐈𝐂𝐄𝐋𝐈𝐒𝐓 >>>
https://pcmerchandise.live/2023-COMSHOP-PACKAGES",,0,"11/07/2023 19:15",,https://www.facebook.com/pcmerchandise.co/posts/pfbid0ohxtuPAAOXRVG7JwlSFaEe40pk1X7BZ0eFJ7mmvwjT01TqvuvazOmm96,0,1,Photos,,,,,11/11/2023,,,0,0,0,0,0,0,,,,,
1049342719537333,100064197037125,"PC Merchandise","Negosyo starts today! Complete computer shop packages ready. PM now!

𝐂𝐎𝐌𝐒𝐇𝐎𝐏 𝐏𝐑𝐈𝐂𝐄𝐋𝐈𝐒𝐓 >>>
https://pcmerchandise.live/2023-COMSHOP-PACKAGES",,0,"11/07/2023 19:15",,https://www.facebook.com/pcmerchandise.co/posts/pfbid0ohxtuPAAOXRVG7JwlSFaEe40pk1X7BZ0eFJ7mmvwjT01TqvuvazOmm96,0,1,Photos,,,,,11/12/2023,,,0,0,0,0,0,0,,,,,
1049342719537333,100064197037125,"PC Merchandise","Negosyo starts today! Complete computer shop packages ready. PM now!

𝐂𝐎𝐌𝐒𝐇𝐎𝐏 𝐏𝐑𝐈𝐂𝐄𝐋𝐈𝐒𝐓 >>>
https://pcmerchandise.live/2023-COMSHOP-PACKAGES",,0,"11/07/2023 19:15",,https://www.facebook.com/pcmerchandise.co/posts/pfbid0ohxtuPAAOXRVG7JwlSFaEe40pk1X7BZ0eFJ7mmvwjT01TqvuvazOmm96,0,1,Photos,,,,,11/13/2023,,,0,0,0,0,0,0,,,,,
1049342719537333,100064197037125,"PC Merchandise","Negosyo starts today! Complete computer shop packages ready. PM now!

𝐂𝐎𝐌𝐒𝐇𝐎𝐏 𝐏𝐑𝐈𝐂𝐄𝐋𝐈𝐒𝐓 >>>
https://pcmerchandise.live/2023-COMSHOP-PACKAGES",,0,"11/07/2023 19:15",,https://www.facebook.com/pcmerchandise.co/posts/pfbid0ohxtuPAAOXRVG7JwlSFaEe40pk1X7BZ0eFJ7mmvwjT01TqvuvazOmm96,0,1,Photos,,,,,11/14/2023,,,0,0,0,0,0,0,,,,,
1049342719537333,100064197037125,"PC Merchandise","Negosyo starts today! Complete computer shop packages ready. PM now!

𝐂𝐎𝐌𝐒𝐇𝐎𝐏 𝐏𝐑𝐈𝐂𝐄𝐋𝐈𝐒𝐓 >>>
https://pcmerchandise.live/2023-COMSHOP-PACKAGES",,0,"11/07/2023 19:15",,https://www.facebook.com/pcmerchandise.co/posts/pfbid0ohxtuPAAOXRVG7JwlSFaEe40pk1X7BZ0eFJ7mmvwjT01TqvuvazOmm96,0,1,Photos,,,,,11/15/2023,,,0,0,0,0,0,0,,,,,
1049342719537333,100064197037125,"PC Merchandise","Negosyo starts today! Complete computer shop packages ready. PM now!

𝐂𝐎𝐌𝐒𝐇𝐎𝐏 𝐏𝐑𝐈𝐂𝐄𝐋𝐈𝐒𝐓 >>>
https://pcmerchandise.live/2023-COMSHOP-PACKAGES",,0,"11/07/2023 19:15",,https://www.facebook.com/pcmerchandise.co/posts/pfbid0ohxtuPAAOXRVG7JwlSFaEe40pk1X7BZ0eFJ7mmvwjT01TqvuvazOmm96,0,1,Photos,,,,,11/16/2023,,,0,0,0,0,0,0,,,,,
1049342719537333,100064197037125,"PC Merchandise","Negosyo starts today! Complete computer shop packages ready. PM now!

𝐂𝐎𝐌𝐒𝐇𝐎𝐏 𝐏𝐑𝐈𝐂𝐄𝐋𝐈𝐒𝐓 >>>
https://pcmerchandise.live/2023-COMSHOP-PACKAGES",,0,"11/07/2023 19:15",,https://www.facebook.com/pcmerchandise.co/posts/pfbid0ohxtuPAAOXRVG7JwlSFaEe40pk1X7BZ0eFJ7mmvwjT01TqvuvazOmm96,0,1,Photos,,,,,11/17/2023,,,0,0,0,0,0,0,,,,,
1049342719537333,100064197037125,"PC Merchandise","Negosyo starts today! Complete computer shop packages ready. PM now!

𝐂𝐎𝐌𝐒𝐇𝐎𝐏 𝐏𝐑𝐈𝐂𝐄𝐋𝐈𝐒𝐓 >>>
https://pcmerchandise.live/2023-COMSHOP-PACKAGES",,0,"11/07/2023 19:15",,https://www.facebook.com/pcmerchandise.co/posts/pfbid0ohxtuPAAOXRVG7JwlSFaEe40pk1X7BZ0eFJ7mmvwjT01TqvuvazOmm96,0,1,Photos,,,,,11/18/2023,,,0,0,0,0,0,0,,,,,
1049342719537333,100064197037125,"PC Merchandise","Negosyo starts today! Complete computer shop packages ready. PM now!

𝐂𝐎𝐌𝐒𝐇𝐎𝐏 𝐏𝐑𝐈𝐂𝐄𝐋𝐈𝐒𝐓 >>>
https://pcmerchandise.live/2023-COMSHOP-PACKAGES",,0,"11/07/2023 19:15",,https://www.facebook.com/pcmerchandise.co/posts/pfbid0ohxtuPAAOXRVG7JwlSFaEe40pk1X7BZ0eFJ7mmvwjT01TqvuvazOmm96,0,1,Photos,,,,,11/19/2023,,,0,0,0,0,0,0,,,,,
1049342719537333,100064197037125,"PC Merchandise","Negosyo starts today! Complete computer shop packages ready. PM now!

𝐂𝐎𝐌𝐒𝐇𝐎𝐏 𝐏𝐑𝐈𝐂𝐄𝐋𝐈𝐒𝐓 >>>
https://pcmerchandise.live/2023-COMSHOP-PACKAGES",,0,"11/07/2023 19:15",,https://www.facebook.com/pcmerchandise.co/posts/pfbid0ohxtuPAAOXRVG7JwlSFaEe40pk1X7BZ0eFJ7mmvwjT01TqvuvazOmm96,0,1,Photos,,,,,11/20/2023,,,0,0,0,0,0,0,,,,,
1049342719537333,100064197037125,"PC Merchandise","Negosyo starts today! Complete computer shop packages ready. PM now!

𝐂𝐎𝐌𝐒𝐇𝐎𝐏 𝐏𝐑𝐈𝐂𝐄𝐋𝐈𝐒𝐓 >>>
https://pcmerchandise.live/2023-COMSHOP-PACKAGES",,0,"11/07/2023 19:15",,https://www.facebook.com/pcmerchandise.co/posts/pfbid0ohxtuPAAOXRVG7JwlSFaEe40pk1X7BZ0eFJ7mmvwjT01TqvuvazOmm96,0,1,Photos,,,,,11/21/2023,,,0,0,0,0,0,0,,,,,
1049342719537333,100064197037125,"PC Merchandise","Negosyo starts today! Complete computer shop packages ready. PM now!

𝐂𝐎𝐌𝐒𝐇𝐎𝐏 𝐏𝐑𝐈𝐂𝐄𝐋𝐈𝐒𝐓 >>>
https://pcmerchandise.live/2023-COMSHOP-PACKAGES",,0,"11/07/2023 19:15",,https://www.facebook.com/pcmerchandise.co/posts/pfbid0ohxtuPAAOXRVG7JwlSFaEe40pk1X7BZ0eFJ7mmvwjT01TqvuvazOmm96,0,1,Photos,,,,,11/22/2023,,,0,0,0,0,0,0,,,,,
1049342719537333,100064197037125,"PC Merchandise","Negosyo starts today! Complete computer shop packages ready. PM now!

𝐂𝐎𝐌𝐒𝐇𝐎𝐏 𝐏𝐑𝐈𝐂𝐄𝐋𝐈𝐒𝐓 >>>
https://pcmerchandise.live/2023-COMSHOP-PACKAGES",,0,"11/07/2023 19:15",,https://www.facebook.com/pcmerchandise.co/posts/pfbid0ohxtuPAAOXRVG7JwlSFaEe40pk1X7BZ0eFJ7mmvwjT01TqvuvazOmm96,0,1,Photos,,,,,11/23/2023,,,0,0,0,0,0,0,,,,,
1049342719537333,100064197037125,"PC Merchandise","Negosyo starts today! Complete computer shop packages ready. PM now!

𝐂𝐎𝐌𝐒𝐇𝐎𝐏 𝐏𝐑𝐈𝐂𝐄𝐋𝐈𝐒𝐓 >>>
https://pcmerchandise.live/2023-COMSHOP-PACKAGES",,0,"11/07/2023 19:15",,https://www.facebook.com/pcmerchandise.co/posts/pfbid0ohxtuPAAOXRVG7JwlSFaEe40pk1X7BZ0eFJ7mmvwjT01TqvuvazOmm96,0,1,Photos,,,,,11/24/2023,,,0,0,0,0,0,0,,,,,
1049342719537333,100064197037125,"PC Merchandise","Negosyo starts today! Complete computer shop packages ready. PM now!

𝐂𝐎𝐌𝐒𝐇𝐎𝐏 𝐏𝐑𝐈𝐂𝐄𝐋𝐈𝐒𝐓 >>>
https://pcmerchandise.live/2023-COMSHOP-PACKAGES",,0,"11/07/2023 19:15",,https://www.facebook.com/pcmerchandise.co/posts/pfbid0ohxtuPAAOXRVG7JwlSFaEe40pk1X7BZ0eFJ7mmvwjT01TqvuvazOmm96,0,1,Photos,,,,,11/25/2023,,,0,0,0,0,0,0,,,,,
1049342719537333,100064197037125,"PC Merchandise","Negosyo starts today! Complete computer shop packages ready. PM now!

𝐂𝐎𝐌𝐒𝐇𝐎𝐏 𝐏𝐑𝐈𝐂𝐄𝐋𝐈𝐒𝐓 >>>
https://pcmerchandise.live/2023-COMSHOP-PACKAGES",,0,"11/07/2023 19:15",,https://www.facebook.com/pcmerchandise.co/posts/pfbid0ohxtuPAAOXRVG7JwlSFaEe40pk1X7BZ0eFJ7mmvwjT01TqvuvazOmm96,0,1,Photos,,,,,11/26/2023,,,0,0,0,0,0,0,,,,,
1049342719537333,100064197037125,"PC Merchandise","Negosyo starts today! Complete computer shop packages ready. PM now!

𝐂𝐎𝐌𝐒𝐇𝐎𝐏 𝐏𝐑𝐈𝐂𝐄𝐋𝐈𝐒𝐓 >>>
https://pcmerchandise.live/2023-COMSHOP-PACKAGES",,0,"11/07/2023 19:15",,https://www.facebook.com/pcmerchandise.co/posts/pfbid0ohxtuPAAOXRVG7JwlSFaEe40pk1X7BZ0eFJ7mmvwjT01TqvuvazOmm96,0,1,Photos,,,,,11/27/2023,,,0,0,0,0,0,0,,,,,
1049342719537333,100064197037125,"PC Merchandise","Negosyo starts today! Complete computer shop packages ready. PM now!

𝐂𝐎𝐌𝐒𝐇𝐎𝐏 𝐏𝐑𝐈𝐂𝐄𝐋𝐈𝐒𝐓 >>>
https://pcmerchandise.live/2023-COMSHOP-PACKAGES",,0,"11/07/2023 19:15",,https://www.facebook.com/pcmerchandise.co/posts/pfbid0ohxtuPAAOXRVG7JwlSFaEe40pk1X7BZ0eFJ7mmvwjT01TqvuvazOmm96,0,1,Photos,,,,,11/28/2023,,,0,0,0,0,0,0,,,,,
1049342719537333,100064197037125,"PC Merchandise","Negosyo starts today! Complete computer shop packages ready. PM now!

𝐂𝐎𝐌𝐒𝐇𝐎𝐏 𝐏𝐑𝐈𝐂𝐄𝐋𝐈𝐒𝐓 >>>
https://pcmerchandise.live/2023-COMSHOP-PACKAGES",,0,"11/07/2023 19:15",,https://www.facebook.com/pcmerchandise.co/posts/pfbid0ohxtuPAAOXRVG7JwlSFaEe40pk1X7BZ0eFJ7mmvwjT01TqvuvazOmm96,0,1,Photos,,,,,11/29/2023,,,0,0,0,0,0,0,,,,,
1049342719537333,100064197037125,"PC Merchandise","Negosyo starts today! Complete computer shop packages ready. PM now!

𝐂𝐎𝐌𝐒𝐇𝐎𝐏 𝐏𝐑𝐈𝐂𝐄𝐋𝐈𝐒𝐓 >>>
https://pcmerchandise.live/2023-COMSHOP-PACKAGES",,0,"11/07/2023 19:15",,https://www.facebook.com/pcmerchandise.co/posts/pfbid0ohxtuPAAOXRVG7JwlSFaEe40pk1X7BZ0eFJ7mmvwjT01TqvuvazOmm96,0,1,Photos,,,,,11/30/2023,,,0,0,0,0,0,0,,,,,
1049874329508353,100064197037125,"PC Merchandise","𝐢𝟓 𝟏𝟐𝟒𝟎𝟎𝐅 (𝟖𝐏𝐂𝐒) w/ 𝐑𝐗 𝟓𝟖𝟎
𝐆𝐀𝐌𝐈𝐍𝐆 𝐁𝐔𝐈𝐋𝐃
#PCMERCHANDISE #PCMBUILDS",,73,"11/04/2023 19:30",auto,https://www.facebook.com/reel/1529959481433807/,0,0,Reels,,,,,11/01/2023,0,,,,,,0,0,0,0,0,0.000,5.538
1049874329508353,100064197037125,"PC Merchandise","𝐢𝟓 𝟏𝟐𝟒𝟎𝟎𝐅 (𝟖𝐏𝐂𝐒) w/ 𝐑𝐗 𝟓𝟖𝟎
𝐆𝐀𝐌𝐈𝐍𝐆 𝐁𝐔𝐈𝐋𝐃
#PCMERCHANDISE #PCMBUILDS",,73,"11/04/2023 19:30",auto,https://www.facebook.com/reel/1529959481433807/,0,0,Reels,,,,,11/02/2023,0,,,,,,0,0,0,0,0,0.000,3.300
1049874329508353,100064197037125,"PC Merchandise","𝐢𝟓 𝟏𝟐𝟒𝟎𝟎𝐅 (𝟖𝐏𝐂𝐒) w/ 𝐑𝐗 𝟓𝟖𝟎
𝐆𝐀𝐌𝐈𝐍𝐆 𝐁𝐔𝐈𝐋𝐃
#PCMERCHANDISE #PCMBUILDS",,73,"11/04/2023 19:30",auto,https://www.facebook.com/reel/1529959481433807/,0,0,Reels,,,,,11/03/2023,0,,,,,,0,0,0,0,0,0.000,4.890
1049874329508353,100064197037125,"PC Merchandise","𝐢𝟓 𝟏𝟐𝟒𝟎𝟎𝐅 (𝟖𝐏𝐂𝐒) w/ 𝐑𝐗 𝟓𝟖𝟎
𝐆𝐀𝐌𝐈𝐍𝐆 𝐁𝐔𝐈𝐋𝐃
#PCMERCHANDISE #PCMBUILDS",,73,"11/04/2023 19:30",auto,https://www.facebook.com/reel/1529959481433807/,0,0,Reels,,,,,11/04/2023,0,,,,,,0,0,0,0,0,77.012,3.483
1049874329508353,100064197037125,"PC Merchandise","𝐢𝟓 𝟏𝟐𝟒𝟎𝟎𝐅 (𝟖𝐏𝐂𝐒) w/ 𝐑𝐗 𝟓𝟖𝟎
𝐆𝐀𝐌𝐈𝐍𝐆 𝐁𝐔𝐈𝐋𝐃
#PCMERCHANDISE #PCMBUILDS",,73,"11/04/2023 19:30",auto,https://www.facebook.com/reel/1529959481433807/,0,0,Reels,,,,,11/05/2023,0,,,,,,0,0,0,0,0,96.015,5.980
1049874329508353,100064197037125,"PC Merchandise","𝐢𝟓 𝟏𝟐𝟒𝟎𝟎𝐅 (𝟖𝐏𝐂𝐒) w/ 𝐑𝐗 𝟓𝟖𝟎
𝐆𝐀𝐌𝐈𝐍𝐆 𝐁𝐔𝐈𝐋𝐃
#PCMERCHANDISE #PCMBUILDS",,73,"11/04/2023 19:30",auto,https://www.facebook.com/reel/1529959481433807/,0,0,Reels,,,,,11/06/2023,0,,,,,,0,0,0,0,0,36.097,5.909
1049874329508353,100064197037125,"PC Merchandise","𝐢𝟓 𝟏𝟐𝟒𝟎𝟎𝐅 (𝟖𝐏𝐂𝐒) w/ 𝐑𝐗 𝟓𝟖𝟎
𝐆𝐀𝐌𝐈𝐍𝐆 𝐁𝐔𝐈𝐋𝐃
#PCMERCHANDISE #PCMBUILDS",,73,"11/04/2023 19:30",auto,https://www.facebook.com/reel/1529959481433807/,0,0,Reels,,,,,11/07/2023,0,,,,,,0,0,0,0,0,29.918,6.960
1049874329508353,100064197037125,"PC Merchandise","𝐢𝟓 𝟏𝟐𝟒𝟎𝟎𝐅 (𝟖𝐏𝐂𝐒) w/ 𝐑𝐗 𝟓𝟖𝟎
𝐆𝐀𝐌𝐈𝐍𝐆 𝐁𝐔𝐈𝐋𝐃
#PCMERCHANDISE #PCMBUILDS",,73,"11/04/2023 19:30",auto,https://www.facebook.com/reel/1529959481433807/,0,0,Reels,,,,,11/08/2023,0,,,,,,0,0,0,0,0,26.684,5.484
1049874329508353,100064197037125,"PC Merchandise","𝐢𝟓 𝟏𝟐𝟒𝟎𝟎𝐅 (𝟖𝐏𝐂𝐒) w/ 𝐑𝐗 𝟓𝟖𝟎
𝐆𝐀𝐌𝐈𝐍𝐆 𝐁𝐔𝐈𝐋𝐃
#PCMERCHANDISE #PCMBUILDS",,73,"11/04/2023 19:30",auto,https://www.facebook.com/reel/1529959481433807/,0,0,Reels,,,,,11/09/2023,0,,,,,,0,0,0,0,0,21.102,5.219
1049874329508353,100064197037125,"PC Merchandise","𝐢𝟓 𝟏𝟐𝟒𝟎𝟎𝐅 (𝟖𝐏𝐂𝐒) w/ 𝐑𝐗 𝟓𝟖𝟎
𝐆𝐀𝐌𝐈𝐍𝐆 𝐁𝐔𝐈𝐋𝐃
#PCMERCHANDISE #PCMBUILDS",,73,"11/04/2023 19:30",auto,https://www.facebook.com/reel/1529959481433807/,0,0,Reels,,,,,11/10/2023,0,,,,,,0,0,0,0,0,19.872,5.753
1049874329508353,100064197037125,"PC Merchandise","𝐢𝟓 𝟏𝟐𝟒𝟎𝟎𝐅 (𝟖𝐏𝐂𝐒) w/ 𝐑𝐗 𝟓𝟖𝟎
𝐆𝐀𝐌𝐈𝐍𝐆 𝐁𝐔𝐈𝐋𝐃
#PCMERCHANDISE #PCMBUILDS",,73,"11/04/2023 19:30",auto,https://www.facebook.com/reel/1529959481433807/,0,0,Reels,,,,,11/11/2023,0,,,,,,0,0,0,0,0,17.269,6.282
1049874329508353,100064197037125,"PC Merchandise","𝐢𝟓 𝟏𝟐𝟒𝟎𝟎𝐅 (𝟖𝐏𝐂𝐒) w/ 𝐑𝐗 𝟓𝟖𝟎
𝐆𝐀𝐌𝐈𝐍𝐆 𝐁𝐔𝐈𝐋𝐃
#PCMERCHANDISE #PCMBUILDS",,73,"11/04/2023 19:30",auto,https://www.facebook.com/reel/1529959481433807/,0,0,Reels,,,,,11/12/2023,0,,,,,,0,0,0,0,0,13.569,4.120
1049874329508353,100064197037125,"PC Merchandise","𝐢𝟓 𝟏𝟐𝟒𝟎𝟎𝐅 (𝟖𝐏𝐂𝐒) w/ 𝐑𝐗 𝟓𝟖𝟎
𝐆𝐀𝐌𝐈𝐍𝐆 𝐁𝐔𝐈𝐋𝐃
#PCMERCHANDISE #PCMBUILDS",,73,"11/04/2023 19:30",auto,https://www.facebook.com/reel/1529959481433807/,0,0,Reels,,,,,11/13/2023,0,,,,,,0,0,0,0,0,7.232,5.584
1049874329508353,100064197037125,"PC Merchandise","𝐢𝟓 𝟏𝟐𝟒𝟎𝟎𝐅 (𝟖𝐏𝐂𝐒) w/ 𝐑𝐗 𝟓𝟖𝟎
𝐆𝐀𝐌𝐈𝐍𝐆 𝐁𝐔𝐈𝐋𝐃
#PCMERCHANDISE #PCMBUILDS",,73,"11/04/2023 19:30",auto,https://www.facebook.com/reel/1529959481433807/,0,0,Reels,,,,,11/14/2023,0,,,,,,0,0,0,0,0,8.122,5.305
1049874329508353,100064197037125,"PC Merchandise","𝐢𝟓 𝟏𝟐𝟒𝟎𝟎𝐅 (𝟖𝐏𝐂𝐒) w/ 𝐑𝐗 𝟓𝟖𝟎
𝐆𝐀𝐌𝐈𝐍𝐆 𝐁𝐔𝐈𝐋𝐃
#PCMERCHANDISE #PCMBUILDS",,73,"11/04/2023 19:30",auto,https://www.facebook.com/reel/1529959481433807/,0,0,Reels,,,,,11/15/2023,0,,,,,,0,0,0,0,0,8.974,4.497
1049874329508353,100064197037125,"PC Merchandise","𝐢𝟓 𝟏𝟐𝟒𝟎𝟎𝐅 (𝟖𝐏𝐂𝐒) w/ 𝐑𝐗 𝟓𝟖𝟎
𝐆𝐀𝐌𝐈𝐍𝐆 𝐁𝐔𝐈𝐋𝐃
#PCMERCHANDISE #PCMBUILDS",,73,"11/04/2023 19:30",auto,https://www.facebook.com/reel/1529959481433807/,0,0,Reels,,,,,11/16/2023,0,,,,,,0,0,0,0,0,6.738,4.704
1049874329508353,100064197037125,"PC Merchandise","𝐢𝟓 𝟏𝟐𝟒𝟎𝟎𝐅 (𝟖𝐏𝐂𝐒) w/ 𝐑𝐗 𝟓𝟖𝟎
𝐆𝐀𝐌𝐈𝐍𝐆 𝐁𝐔𝐈𝐋𝐃
#PCMERCHANDISE #PCMBUILDS",,73,"11/04/2023 19:30",auto,https://www.facebook.com/reel/1529959481433807/,0,0,Reels,,,,,11/17/2023,0,,,,,,0,0,0,0,0,6.457,5.338
1049874329508353,100064197037125,"PC Merchandise","𝐢𝟓 𝟏𝟐𝟒𝟎𝟎𝐅 (𝟖𝐏𝐂𝐒) w/ 𝐑𝐗 𝟓𝟖𝟎
𝐆𝐀𝐌𝐈𝐍𝐆 𝐁𝐔𝐈𝐋𝐃
#PCMERCHANDISE #PCMBUILDS",,73,"11/04/2023 19:30",auto,https://www.facebook.com/reel/1529959481433807/,0,0,Reels,,,,,11/18/2023,0,,,,,,0,0,0,0,0,5.982,5.906
1049874329508353,100064197037125,"PC Merchandise","𝐢𝟓 𝟏𝟐𝟒𝟎𝟎𝐅 (𝟖𝐏𝐂𝐒) w/ 𝐑𝐗 𝟓𝟖𝟎
𝐆𝐀𝐌𝐈𝐍𝐆 𝐁𝐔𝐈𝐋𝐃
#PCMERCHANDISE #PCMBUILDS",,73,"11/04/2023 19:30",auto,https://www.facebook.com/reel/1529959481433807/,0,0,Reels,,,,,11/19/2023,0,,,,,,0,0,0,0,0,11.296,5.620
1049874329508353,100064197037125,"PC Merchandise","𝐢𝟓 𝟏𝟐𝟒𝟎𝟎𝐅 (𝟖𝐏𝐂𝐒) w/ 𝐑𝐗 𝟓𝟖𝟎
𝐆𝐀𝐌𝐈𝐍𝐆 𝐁𝐔𝐈𝐋𝐃
#PCMERCHANDISE #PCMBUILDS",,73,"11/04/2023 19:30",auto,https://www.facebook.com/reel/1529959481433807/,0,0,Reels,,,,,11/20/2023,0,,,,,,0,0,0,0,0,4.657,4.470
1049874329508353,100064197037125,"PC Merchandise","𝐢𝟓 𝟏𝟐𝟒𝟎𝟎𝐅 (𝟖𝐏𝐂𝐒) w/ 𝐑𝐗 𝟓𝟖𝟎
𝐆𝐀𝐌𝐈𝐍𝐆 𝐁𝐔𝐈𝐋𝐃
#PCMERCHANDISE #PCMBUILDS",,73,"11/04/2023 19:30",auto,https://www.facebook.com/reel/1529959481433807/,0,0,Reels,,,,,11/21/2023,0,,,,,,0,0,0,0,0,3.184,4.850
1049874329508353,100064197037125,"PC Merchandise","𝐢𝟓 𝟏𝟐𝟒𝟎𝟎𝐅 (𝟖𝐏𝐂𝐒) w/ 𝐑𝐗 𝟓𝟖𝟎
𝐆𝐀𝐌𝐈𝐍𝐆 𝐁𝐔𝐈𝐋𝐃
#PCMERCHANDISE #PCMBUILDS",,73,"11/04/2023 19:30",auto,https://www.facebook.com/reel/1529959481433807/,0,0,Reels,,,,,11/22/2023,0,,,,,,0,0,0,0,0,4.617,4.695
1049874329508353,100064197037125,"PC Merchandise","𝐢𝟓 𝟏𝟐𝟒𝟎𝟎𝐅 (𝟖𝐏𝐂𝐒) w/ 𝐑𝐗 𝟓𝟖𝟎
𝐆𝐀𝐌𝐈𝐍𝐆 𝐁𝐔𝐈𝐋𝐃
#PCMERCHANDISE #PCMBUILDS",,73,"11/04/2023 19:30",auto,https://www.facebook.com/reel/1529959481433807/,0,0,Reels,,,,,11/23/2023,0,,,,,,0,0,0,0,0,2.069,4.663
1049874329508353,100064197037125,"PC Merchandise","𝐢𝟓 𝟏𝟐𝟒𝟎𝟎𝐅 (𝟖𝐏𝐂𝐒) w/ 𝐑𝐗 𝟓𝟖𝟎
𝐆𝐀𝐌𝐈𝐍𝐆 𝐁𝐔𝐈𝐋𝐃
#PCMERCHANDISE #PCMBUILDS",,73,"11/04/2023 19:30",auto,https://www.facebook.com/reel/1529959481433807/,0,0,Reels,,,,,11/24/2023,0,,,,,,0,0,0,0,0,4.001,4.817
1049874329508353,100064197037125,"PC Merchandise","𝐢𝟓 𝟏𝟐𝟒𝟎𝟎𝐅 (𝟖𝐏𝐂𝐒) w/ 𝐑𝐗 𝟓𝟖𝟎
𝐆𝐀𝐌𝐈𝐍𝐆 𝐁𝐔𝐈𝐋𝐃
#PCMERCHANDISE #PCMBUILDS",,73,"11/04/2023 19:30",auto,https://www.facebook.com/reel/1529959481433807/,0,0,Reels,,,,,11/25/2023,0,,,,,,0,0,0,0,0,3.895,5.513
1049874329508353,100064197037125,"PC Merchandise","𝐢𝟓 𝟏𝟐𝟒𝟎𝟎𝐅 (𝟖𝐏𝐂𝐒) w/ 𝐑𝐗 𝟓𝟖𝟎
𝐆𝐀𝐌𝐈𝐍𝐆 𝐁𝐔𝐈𝐋𝐃
#PCMERCHANDISE #PCMBUILDS",,73,"11/04/2023 19:30",auto,https://www.facebook.com/reel/1529959481433807/,0,0,Reels,,,,,11/26/2023,0,,,,,,0,0,0,0,0,3.243,4.082
1049874329508353,100064197037125,"PC Merchandise","𝐢𝟓 𝟏𝟐𝟒𝟎𝟎𝐅 (𝟖𝐏𝐂𝐒) w/ 𝐑𝐗 𝟓𝟖𝟎
𝐆𝐀𝐌𝐈𝐍𝐆 𝐁𝐔𝐈𝐋𝐃
#PCMERCHANDISE #PCMBUILDS",,73,"11/04/2023 19:30",auto,https://www.facebook.com/reel/1529959481433807/,0,0,Reels,,,,,11/27/2023,0,,,,,,0,0,0,0,0,2.677,5.233
1049874329508353,100064197037125,"PC Merchandise","𝐢𝟓 𝟏𝟐𝟒𝟎𝟎𝐅 (𝟖𝐏𝐂𝐒) w/ 𝐑𝐗 𝟓𝟖𝟎
𝐆𝐀𝐌𝐈𝐍𝐆 𝐁𝐔𝐈𝐋𝐃
#PCMERCHANDISE #PCMBUILDS",,73,"11/04/2023 19:30",auto,https://www.facebook.com/reel/1529959481433807/,0,0,Reels,,,,,11/28/2023,0,,,,,,0,0,0,0,0,1.843,5.103
1049874329508353,100064197037125,"PC Merchandise","𝐢𝟓 𝟏𝟐𝟒𝟎𝟎𝐅 (𝟖𝐏𝐂𝐒) w/ 𝐑𝐗 𝟓𝟖𝟎
𝐆𝐀𝐌𝐈𝐍𝐆 𝐁𝐔𝐈𝐋𝐃
#PCMERCHANDISE #PCMBUILDS",,73,"11/04/2023 19:30",auto,https://www.facebook.com/reel/1529959481433807/,0,0,Reels,,,,,11/29/2023,0,,,,,,0,0,0,0,0,1.750,6.480
1049874329508353,100064197037125,"PC Merchandise","𝐢𝟓 𝟏𝟐𝟒𝟎𝟎𝐅 (𝟖𝐏𝐂𝐒) w/ 𝐑𝐗 𝟓𝟖𝟎
𝐆𝐀𝐌𝐈𝐍𝐆 𝐁𝐔𝐈𝐋𝐃
#PCMERCHANDISE #PCMBUILDS",,73,"11/04/2023 19:30",auto,https://www.facebook.com/reel/1529959481433807/,0,0,Reels,,,,,11/30/2023,0,,,,,,0,0,0,0,0,3.590,5.613
1049537931595971,100064197037125,"PC Merchandise","One more rig complete. One more client satisfied. Built with RYZEN 5 4600G + RTX 3050. PM us for yours!",,30,"11/04/2023 19:30",,https://www.facebook.com/reel/1918354673880375/,0,0,Reels,,,,,11/01/2023,0,,,,,,0,0,0,0,0,0.000,4.554
1049537931595971,100064197037125,"PC Merchandise","One more rig complete. One more client satisfied. Built with RYZEN 5 4600G + RTX 3050. PM us for yours!",,30,"11/04/2023 19:30",,https://www.facebook.com/reel/1918354673880375/,0,0,Reels,,,,,11/02/2023,0,,,,,,0,0,0,0,0,0.000,4.944
1049537931595971,100064197037125,"PC Merchandise","One more rig complete. One more client satisfied. Built with RYZEN 5 4600G + RTX 3050. PM us for yours!",,30,"11/04/2023 19:30",,https://www.facebook.com/reel/1918354673880375/,0,0,Reels,,,,,11/03/2023,0,,,,,,0,0,0,0,0,0.000,3.857
1049537931595971,100064197037125,"PC Merchandise","One more rig complete. One more client satisfied. Built with RYZEN 5 4600G + RTX 3050. PM us for yours!",,30,"11/04/2023 19:30",,https://www.facebook.com/reel/1918354673880375/,0,0,Reels,,,,,11/04/2023,0,,,,,,0,0,0,0,0,70.395,5.073
1049537931595971,100064197037125,"PC Merchandise","One more rig complete. One more client satisfied. Built with RYZEN 5 4600G + RTX 3050. PM us for yours!",,30,"11/04/2023 19:30",,https://www.facebook.com/reel/1918354673880375/,0,0,Reels,,,,,11/05/2023,0,,,,,,0,0,0,0,0,24.746,5.158
1049537931595971,100064197037125,"PC Merchandise","One more rig complete. One more client satisfied. Built with RYZEN 5 4600G + RTX 3050. PM us for yours!",,30,"11/04/2023 19:30",,https://www.facebook.com/reel/1918354673880375/,0,0,Reels,,,,,11/06/2023,0,,,,,,0,0,0,0,0,26.311,5.343
1049537931595971,100064197037125,"PC Merchandise","One more rig complete. One more client satisfied. Built with RYZEN 5 4600G + RTX 3050. PM us for yours!",,30,"11/04/2023 19:30",,https://www.facebook.com/reel/1918354673880375/,0,0,Reels,,,,,11/07/2023,0,,,,,,0,0,0,0,0,18.476,4.219
1049537931595971,100064197037125,"PC Merchandise","One more rig complete. One more client satisfied. Built with RYZEN 5 4600G + RTX 3050. PM us for yours!",,30,"11/04/2023 19:30",,https://www.facebook.com/reel/1918354673880375/,0,0,Reels,,,,,11/08/2023,0,,,,,,0,0,0,0,0,23.464,5.563
1049537931595971,100064197037125,"PC Merchandise","One more rig complete. One more client satisfied. Built with RYZEN 5 4600G + RTX 3050. PM us for yours!",,30,"11/04/2023 19:30",,https://www.facebook.com/reel/1918354673880375/,0,0,Reels,,,,,11/09/2023,0,,,,,,0,0,0,0,0,12.171,4.698
1049537931595971,100064197037125,"PC Merchandise","One more rig complete. One more client satisfied. Built with RYZEN 5 4600G + RTX 3050. PM us for yours!",,30,"11/04/2023 19:30",,https://www.facebook.com/reel/1918354673880375/,0,0,Reels,,,,,11/10/2023,0,,,,,,0,0,0,0,0,20.841,3.455
1049537931595971,100064197037125,"PC Merchandise","One more rig complete. One more client satisfied. Built with RYZEN 5 4600G + RTX 3050. PM us for yours!",,30,"11/04/2023 19:30",,https://www.facebook.com/reel/1918354673880375/,0,0,Reels,,,,,11/11/2023,0,,,,,,0,0,0,0,0,8.153,5.732
1049537931595971,100064197037125,"PC Merchandise","One more rig complete. One more client satisfied. Built with RYZEN 5 4600G + RTX 3050. PM us for yours!",,30,"11/04/2023 19:30",,https://www.facebook.com/reel/1918354673880375/,0,0,Reels,,,,,11/12/2023,0,,,,,,0,0,0,0,0,5.674,5.474
1049537931595971,100064197037125,"PC Merchandise","One more rig complete. One more client satisfied. Built with RYZEN 5 4600G + RTX 3050. PM us for yours!",,30,"11/04/2023 19:30",,https://www.facebook.com/reel/1918354673880375/,0,0,Reels,,,,,11/13/2023,0,,,,,,0,0,0,0,0,10.381,4.819
1049537931595971,100064197037125,"PC Merchandise","One more rig complete. One more client satisfied. Built with RYZEN 5 4600G + RTX 3050. PM us for yours!",,30,"11/04/2023 19:30",,https://www.facebook.com/reel/1918354673880375/,0,0,Reels,,,,,11/14/2023,0,,,,,,0,0,0,0,0,6.955,5.070
1049537931595971,100064197037125,"PC Merchandise","One more rig complete. One more client satisfied. Built with RYZEN 5 4600G + RTX 3050. PM us for yours!",,30,"11/04/2023 19:30",,https://www.facebook.com/reel/1918354673880375/,0,0,Reels,,,,,11/15/2023,0,,,,,,0,0,0,0,0,5.583,4.585
1049537931595971,100064197037125,"PC Merchandise","One more rig complete. One more client satisfied. Built with RYZEN 5 4600G + RTX 3050. PM us for yours!",,30,"11/04/2023 19:30",,https://www.facebook.com/reel/1918354673880375/,0,0,Reels,,,,,11/16/2023,0,,,,,,0,0,0,0,0,4.412,4.637
1049537931595971,100064197037125,"PC Merchandise","One more rig complete. One more client satisfied. Built with RYZEN 5 4600G + RTX 3050. PM us for yours!",,30,"11/04/2023 19:30",,https://www.facebook.com/reel/1918354673880375/,0,0,Reels,,,,,11/17/2023,0,,,,,,0,0,0,0,0,6.054,4.655
1049537931595971,100064197037125,"PC Merchandise","One more rig complete. One more client satisfied. Built with RYZEN 5 4600G + RTX 3050. PM us for yours!",,30,"11/04/2023 19:30",,https://www.facebook.com/reel/1918354673880375/,0,0,Reels,,,,,11/18/2023,0,,,,,,0,0,0,0,0,1.342,4.811
1049537931595971,100064197037125,"PC Merchandise","One more rig complete. One more client satisfied. Built with RYZEN 5 4600G + RTX 3050. PM us for yours!",,30,"11/04/2023 19:30",,https://www.facebook.com/reel/1918354673880375/,0,0,Reels,,,,,11/19/2023,0,,,,,,0,0,0,0,0,2.455,5.493
1049537931595971,100064197037125,"PC Merchandise","One more rig complete. One more client satisfied. Built with RYZEN 5 4600G + RTX 3050. PM us for yours!",,30,"11/04/2023 19:30",,https://www.facebook.com/reel/1918354673880375/,0,0,Reels,,,,,11/20/2023,0,,,,,,0,0,0,0,0,2.296,5.334
1049537931595971,100064197037125,"PC Merchandise","One more rig complete. One more client satisfied. Built with RYZEN 5 4600G + RTX 3050. PM us for yours!",,30,"11/04/2023 19:30",,https://www.facebook.com/reel/1918354673880375/,0,0,Reels,,,,,11/21/2023,0,,,,,,0,0,0,0,0,3.105,4.495
1049537931595971,100064197037125,"PC Merchandise","One more rig complete. One more client satisfied. Built with RYZEN 5 4600G + RTX 3050. PM us for yours!",,30,"11/04/2023 19:30",,https://www.facebook.com/reel/1918354673880375/,0,0,Reels,,,,,11/22/2023,0,,,,,,0,0,0,0,0,1.730,4.162
1049537931595971,100064197037125,"PC Merchandise","One more rig complete. One more client satisfied. Built with RYZEN 5 4600G + RTX 3050. PM us for yours!",,30,"11/04/2023 19:30",,https://www.facebook.com/reel/1918354673880375/,0,0,Reels,,,,,11/23/2023,0,,,,,,0,0,0,0,0,2.584,3.980
1049537931595971,100064197037125,"PC Merchandise","One more rig complete. One more client satisfied. Built with RYZEN 5 4600G + RTX 3050. PM us for yours!",,30,"11/04/2023 19:30",,https://www.facebook.com/reel/1918354673880375/,0,0,Reels,,,,,11/24/2023,0,,,,,,0,0,0,0,0,1.547,4.489
1049537931595971,100064197037125,"PC Merchandise","One more rig complete. One more client satisfied. Built with RYZEN 5 4600G + RTX 3050. PM us for yours!",,30,"11/04/2023 19:30",,https://www.facebook.com/reel/1918354673880375/,0,0,Reels,,,,,11/25/2023,0,,,,,,0,0,0,0,0,3.056,3.970
1049537931595971,100064197037125,"PC Merchandise","One more rig complete. One more client satisfied. Built with RYZEN 5 4600G + RTX 3050. PM us for yours!",,30,"11/04/2023 19:30",,https://www.facebook.com/reel/1918354673880375/,0,0,Reels,,,,,11/26/2023,0,,,,,,0,0,0,0,0,1.941,5.165
1049537931595971,100064197037125,"PC Merchandise","One more rig complete. One more client satisfied. Built with RYZEN 5 4600G + RTX 3050. PM us for yours!",,30,"11/04/2023 19:30",,https://www.facebook.com/reel/1918354673880375/,0,0,Reels,,,,,11/27/2023,0,,,,,,0,0,0,0,0,2.000,3.864
1049537931595971,100064197037125,"PC Merchandise","One more rig complete. One more client satisfied. Built with RYZEN 5 4600G + RTX 3050. PM us for yours!",,30,"11/04/2023 19:30",,https://www.facebook.com/reel/1918354673880375/,0,0,Reels,,,,,11/28/2023,0,,,,,,0,0,0,0,0,2.421,5.798
1049537931595971,100064197037125,"PC Merchandise","One more rig complete. One more client satisfied. Built with RYZEN 5 4600G + RTX 3050. PM us for yours!",,30,"11/04/2023 19:30",,https://www.facebook.com/reel/1918354673880375/,0,0,Reels,,,,,11/29/2023,0,,,,,,0,0,0,0,0,1.943,4.641
1049537931595971,100064197037125,"PC Merchandise","One more rig complete. One more client satisfied. Built with RYZEN 5 4600G + RTX 3050. PM us for yours!",,30,"11/04/2023 19:30",,https://www.facebook.com/reel/1918354673880375/,0,0,Reels,,,,,11/30/2023,0,,,,,,0,0,0,0,0,1.682,4.831
1049723676537037,100064197037125,"PC Merchandise","Pa-mine na yan! RYZEN 5 5600G gaming build, limited slots only this week.",,0,"11/04/2023 19:00",,https://www.facebook.com/pcmerchandise.co/posts/pfbid071DLJc6Z6iwBL6LUQvXQBJw49WCAEAB6PrpZhOOxSV6H3BkATjat1757,0,0,Photos,,,,,11/30/2023,0,,,,,,,,,,,,
1049723676537037,100064197037125,"PC Merchandise","Pa-mine na yan! RYZEN 5 5600G gaming build, limited slots only this week.",,0,"11/04/2023 19:00",,https://www.facebook.com/pcmerchandise.co/posts/pfbid071DLJc6Z6iwBL6LUQvXQBJw49WCAEAB6PrpZhOOxSV6H3BkATjat1757,0,0,Photos,,,,,11/01/2023,,,0,0,0,0,0,0,,,,,
1049723676537037,100064197037125,"PC Merchandise","Pa-mine na yan! RYZEN 5 5600G gaming build, limited slots only this week.",,0,"11/04/2023 19:00",,https://www.facebook.com/pcmerchandise.co/posts/pfbid071DLJc6Z6iwBL6LUQvXQBJw49WCAEAB6PrpZhOOxSV6H3BkATjat1757,0,0,Photos,,,,,11/02/2023,,,0,0,0,0,0,0,,,,,
1049723676537037,100064197037125,"PC Merchandise","Pa-mine na yan! RYZEN 5 5600G gaming build, limited slots only this week.",,0,"11/04/2023 19:00",,https://www.facebook.com/pcmerchandise.co/posts/pfbid071DLJc6Z6iwBL6LUQvXQBJw49WCAEAB6PrpZhOOxSV6H3BkATjat1757,0,0,Photos,,,,,11/03/2023,,,0,0,0,0,0,0,,,,,
1049723676537037,100064197037125,"PC Merchandise","Pa-mine na yan! RYZEN 5 5600G gaming build, limited slots only this week.",,0,"11/04/2023 19:00",,https://www.facebook.com/pcmerchandise.co/posts/pfbid071DLJc6Z6iwBL6LUQvXQBJw49WCAEAB6PrpZhOOxSV6H3BkATjat1757,0,0,Photos,,,,,11/04/2023,,,0,0,0,0,0,0,,,,,
1049723676537037,100064197037125,"PC Merchandise","Pa-mine na yan! RYZEN 5 5600G gaming build, limited slots only this week.",,0,"11/04/2023 19:00",,https://www.facebook.com/pcmerchandise.co/posts/pfbid071DLJc6Z6iwBL6LUQvXQBJw49WCAEAB6PrpZhOOxSV6H3BkATjat1757,0,0,Photos,,,,,11/05/2023,,,0,0,0,0,0,0,,,,,
1049723676537037,100064197037125,"PC Merchandise","Pa-mine na yan! RYZEN 5 5600G gaming build, limited slots only this week.",,0,"11/04/2023 19:00",,https://www.facebook.com/pcmerchandise.co/posts/pfbid071DLJc6Z6iwBL6LUQvXQBJw49WCAEAB6PrpZhOOxSV6H3BkATjat1757,0,0,Photos,,,,,11/06/2023,,,0,0,0,0,0,0,,,,,
1049723676537037,100064197037125,"PC Merchandise","Pa-mine na yan! RYZEN 5 5600G gaming build, limited slots only this week.",,0,"11/04/2023 19:00",,https://www.facebook.com/pcmerchandise.co/posts/pfbid071DLJc6Z6iwBL6LUQvXQBJw49WCAEAB6PrpZhOOxSV6H3BkATjat1757,0,0,Photos,,,,,11/07/2023,,,0,0,0,0,0,0,,,,,
1049723676537037,100064197037125,"PC Merchandise","Pa-mine na yan! RYZEN 5 5600G gaming build, limited slots only this week.",,0,"11/04/2023 19:00",,https://www.facebook.com/pcmerchandise.co/posts/pfbid071DLJc6Z6iwBL6LUQvXQBJw49WCAEAB6PrpZhOOxSV6H3BkATjat1757,0,0,Photos,,,,,11/08/2023,,,0,0,0,0,0,0,,,,,
1049723676537037,100064197037125,"PC Merchandise","Pa-mine na yan! RYZEN 5 5600G gaming build, limited slots only this week.",,0,"11/04/2023 19:00",,https://www.facebook.com/pcmerchandise.co/posts/pfbid071DLJc6Z6iwBL6LUQvXQBJw49WCAEAB6PrpZhOOxSV6H3BkATjat1757,0,0,Photos,,,,,11/09/2023,,,0,0,0,0,0,0,,,,,
1049723676537037,100064197037125,"PC Merchandise","Pa-mine na yan! RYZEN 5 5600G gaming build, limited slots only this week.",,0,"11/04/2023 19:00",,https://www.facebook.com/pcmerchandise.co/posts/pfbid071DLJc6Z6iwBL6LUQvXQBJw49WCAEAB6PrpZhOOxSV6H3BkATjat1757,0,0,Photos,,,,,11/10/2023,,,0,0,0,0,0,0,,,,,
1049723676537037,100064197037125,"PC Merchandise","Pa-mine na yan! RYZEN 5 5600G gaming build, limited slots only this week.",,0,"11/04/2023 19:00",,https://www.facebook.com/pcmerchandise.co/posts/pfbid071DLJc6Z6iwBL6LUQvXQBJw49WCAEAB6PrpZhOOxSV6H3BkATjat1757,0,0,Photos,,,,,11/11/2023,,,0,0,0,0,0,0,,,,,
1049723676537037,100064197037125,"PC Merchandise","Pa-mine na yan! RYZEN 5 5600G gaming build, limited slots only this week.",,0,"11/04/2023 19:00",,https://www.facebook.com/pcmerchandise.co/posts/pfbid071DLJc6Z6iwBL6LUQvXQBJw49WCAEAB6PrpZhOOxSV6H3BkATjat1757,0,0,Photos,,,,,11/12/2023,,,0,0,0,0,0,0,,,,,
1049723676537037,100064197037125,"PC Merchandise","Pa-mine na yan! RYZEN 5 5600G gaming build, limited slots only this week.",,0,"11/04/2023 19:00",,https://www.facebook.com/pcmerchandise.co/posts/pfbid071DLJc6Z6iwBL6LUQvXQBJw49WCAEAB6PrpZhOOxSV6H3BkATjat1757,0,0,Photos,,,,,11/13/2023,,,0,0,0,0,0,0,,,,,
1049723676537037,100064197037125,"PC Merchandise","Pa-mine na yan! RYZEN 5 5600G gaming build, limited slots only this week.",,0,"11/04/2023 19:00",,https://www.facebook.com/pcmerchandise.co/posts/pfbid071DLJc6Z6iwBL6LUQvXQBJw49WCAEAB6PrpZhOOxSV6H3BkATjat1757,0,0,Photos,,,,,11/14/2023,,,0,0,0,0,0,0,,,,,
1049723676537037,100064197037125,"PC Merchandise","Pa-mine na yan! RYZEN 5 5600G gaming build, limited slots only this week.",,0,"11/04/2023 19:00",,https://www.facebook.com/pcmerchandise.co/posts/pfbid071DLJc6Z6iwBL6LUQvXQBJw49WCAEAB6PrpZhOOxSV6H3BkATjat1757,0,0,Photos,,,,,11/15/2023,,,0,0,0,0,0,0,,,,,
1049723676537037,100064197037125,"PC Merchandise","Pa-mine na yan! RYZEN 5 5600G gaming build, limited slots only this week.",,0,"11/04/2023 19:00",,https://www.facebook.com/pcmerchandise.co/posts/pfbid071DLJc6Z6iwBL6LUQvXQBJw49WCAEAB6PrpZhOOxSV6H3BkATjat1757,0,0,Photos,,,,,11/16/2023,,,0,0,0,0,0,0,,,,,
1049723676537037,100064197037125,"PC Merchandise","Pa-mine na yan! RYZEN 5 5600G gaming build, limited slots only this week.",,0,"11/04/2023 19:00",,https://www.facebook.com/pcmerchandise.co/posts/pfbid071DLJc6Z6iwBL6LUQvXQBJw49WCAEAB6PrpZhOOxSV6H3BkATjat1757,0,0,Photos,,,,,11/17/2023,,,0,0,0,0,0,0,,,,,
1049723676537037,100064197037125,"PC Merchandise","Pa-mine na yan! RYZEN 5 5600G gaming build, limited slots only this week.",,0,"11/04/2023 19:00",,https://www.facebook.com/pcmerchandise.co/posts/pfbid071DLJc6Z6iwBL6LUQvXQBJw49WCAEAB6PrpZhOOxSV6H3BkATjat1757,0,0,Photos,,,,,11/18/2023,,,0,0,0,0,0,0,,,,,
1049723676537037,100064197037125,"PC Merchandise","Pa-mine na yan! RYZEN 5 5600G gaming build, limited slots only this week.",,0,"11/04/2023 19:00",,https://www.facebook.com/pcmerchandise.co/posts/pfbid071DLJc6Z6iwBL6LUQvXQBJw49WCAEAB6PrpZhOOxSV6H3BkATjat1757,0,0,Photos,,,,,11/19/2023,,,0,0,0,0,0,0,,,,,
1049723676537037,100064197037125,"PC Merchandise","Pa-mine na yan! RYZEN 5 5600G gaming build, limited slots only this week.",,0,"11/04/2023 19:00",,https://www.facebook.com/pcmerchandise.co/posts/pfbid071DLJc6Z6iwBL6LUQvXQBJw49WCAEAB6PrpZhOOxSV6H3BkATjat1757,0,0,Photos,,,,,11/20/2023,,,0,0,0,0,0,0,,,,,
1049723676537037,100064197037125,"PC Merchandise","Pa-mine na yan! RYZEN 5 5600G gaming build, limited slots only this week.",,0,"11/04/2023 19:00",,https://www.facebook.com/pcmerchandise.co/posts/pfbid071DLJc6Z6iwBL6LUQvXQBJw49WCAEAB6PrpZhOOxSV6H3BkATjat1757,0,0,Photos,,,,,11/21/2023,,,0,0,0,0,0,0,,,,,
1049723676537037,100064197037125,"PC Merchandise","Pa-mine na yan! RYZEN 5 5600G gaming build, limited slots only this week.",,0,"11/04/2023 19:00",,https://www.facebook.com/pcmerchandise.co/posts/pfbid071DLJc6Z6iwBL6LUQvXQBJw49WCAEAB6PrpZhOOxSV6H3BkATjat1757,0,0,Photos,,,,,11/22/2023,,,0,0,0,0,0,0,,,,,
1049723676537037,100064197037125,"PC Merchandise","Pa-mine na yan! RYZEN 5 5600G gaming build, limited slots only this week.",,0,"11/04/2023 19:00",,https://www.facebook.com/pcmerchandise.co/posts/pfbid071DLJc6Z6iwBL6LUQvXQBJw49WCAEAB6PrpZhOOxSV6H3BkATjat1757,0,0,Photos,,,,,11/23/2023,,,0,0,0,0,0,0,,,,,
1049723676537037,100064197037125,"PC Merchandise","Pa-mine na yan! RYZEN 5 5600G gaming build, limited slots only this week.",,0,"11/04/2023 19:00",,https://www.facebook.com/pcmerchandise.co/posts/pfbid071DLJc6Z6iwBL6LUQvXQBJw49WCAEAB6PrpZhOOxSV6H3BkATjat1757,0,0,Photos,,,,,11/24/2023,,,0,0,0,0,0,0,,,,,
1049723676537037,100064197037125,"PC Merchandise","Pa-mine na yan! RYZEN 5 5600G gaming build, limited slots only this week.",,0,"11/04/2023 19:00",,https://www.facebook.com/pcmerchandise.co/posts/pfbid071DLJc6Z6iwBL6LUQvXQBJw49WCAEAB6PrpZhOOxSV6H3BkATjat1757,0,0,Photos,,,,,11/25/2023,,,0,0,0,0,0,0,,,,,
1049723676537037,100064197037125,"PC Merchandise","Pa-mine na yan! RYZEN 5 5600G gaming build, limited slots only this week.",,0,"11/04/2023 19:00",,https://www.facebook.com/pcmerchandise.co/posts/pfbid071DLJc6Z6iwBL6LUQvXQBJw49WCAEAB6PrpZhOOxSV6H3BkATjat1757,0,0,Photos,,,,,11/26/2023,,,0,0,0,0,0,0,,,,,
1049723676537037,100064197037125,"PC Merchandise","Pa-mine na yan! RYZEN 5 5600G gaming build, limited slots only this week.",,0,"11/04/2023 19:00",,https://www.facebook.com/pcmerchandise.co/posts/pfbid071DLJc6Z6iwBL6LUQvXQBJw49WCAEAB6PrpZhOOxSV6H3BkATjat1757,0,0,Photos,,,,,11/27/2023,,,0,0,0,0,0,0,,,,,
1049723676537037,100064197037125,"PC Merchandise","Pa-mine na yan! RYZEN 5 5600G gaming build, limited slots only this week.",,0,"11/04/2023 19:00",,https://www.facebook.com/pcmerchandise.co/posts/pfbid071DLJc6Z6iwBL6LUQvXQBJw49WCAEAB6PrpZhOOxSV6H3BkATjat1757,0,0,Photos,,,,,11/28/2023,,,0,0,0,0,0,0,,,,,
1049723676537037,100064197037125,"PC Merchandise","Pa-mine na yan! RYZEN 5 5600G gaming build, limited slots only this week.",,0,"11/04/2023 19:00",,https://www.facebook.com/pcmerchandise.co/posts/pfbid071DLJc6Z6iwBL6LUQvXQBJw49WCAEAB6PrpZhOOxSV6H3BkATjat1757,0,0,Photos,,,,,11/29/2023,,,0,0,0,0,0,0,,,,,
1049723676537037,100064197037125,"PC Merchandise","Pa-mine na yan! RYZEN 5 5600G gaming build, limited slots only this week.",,0,"11/04/2023 19:00",,https://www.facebook.com/pcmerchandise.co/posts/pfbid071DLJc6Z6iwBL6LUQvXQBJw49WCAEAB6PrpZhOOxSV6H3BkATjat1757,0,0,Photos,,,,,11/30/2023,,,0,0,0,0,0,0,,,,,
1050087504441861,100064197037125,"PC Merchandise","Sulit na sulit! i3 12100F package, ready for pickup or shipping nationwide 🚚",,32,"11/03/2023 20:30",,https://www.facebook.com/reel/1456619163809100/,0,0,Reels,,,,,11/01/2023,0,,,,,,0,0,0,0,0,0.000,3.506
1050087504441861,100064197037125,"PC Merchandise","Sulit na sulit! i3 12100F package, ready for pickup or shipping nationwide 🚚",,32,"11/03/2023 20:30",,https://www.facebook.com/reel/1456619163809100/,0,0,Reels,,,,,11/02/2023,0,,,,,,0,0,0,0,0,0.000,4.392
1050087504441861,100064197037125,"PC Merchandise","Sulit na sulit! i3 12100F package, ready for pickup or shipping nationwide 🚚",,32,"11/03/2023 20:30",,https://www.facebook.com/reel/1456619163809100/,0,0,Reels,,,,,11/03/2023,0,,,,,,295,0,0,0,0,704.686,2.941
1050087504441861,100064197037125,"PC Merchandise","Sulit na sulit! i3 12100F package, ready for pickup or shipping nationwide 🚚",,32,"11/03/2023 20:30",,https://www.facebook.com/reel/1456619163809100/,0,0,Reels,,,,,11/04/2023,0,,,,,,254,0,0,0,0,589.035,2.831
1050087504441861,100064197037125,"PC Merchandise","Sulit na sulit! i3 12100F package, ready for pickup or shipping nationwide 🚚",,32,"11/03/2023 20:30",,https://www.facebook.com/reel/1456619163809100/,0,0,Reels,,,,,11/05/2023,0,,,,,,312,0,0,0,0,472.004,2.390
1050087504441861,100064197037125,"PC Merchandise","Sulit na sulit! i3 12100F package, ready for pickup or shipping nationwide 🚚",,32,"11/03/2023 20:30",,https://www.facebook.com/reel/1456619163809100/,0,0,Reels,,,,,11/06/2023,0,,,,,,317,0,0,0,0,447.919,2.550
1050087504441861,100064197037125,"PC Merchandise","Sulit na sulit! i3 12100F package, ready for pickup or shipping nationwide 🚚",,32,"11/03/2023 20:30",,https://www.facebook.com/reel/1456619163809100/,0,0,Reels,,,,,11/07/2023,0,,,,,,305,0,0,0,0,235.915,1.794
1050087504441861,100064197037125,"PC Merchandise","Sulit na sulit! i3 12100F package, ready for pickup or shipping nationwide 🚚",,32,"11/03/2023 20:30",,https://www.facebook.com/reel/1456619163809100/,0,0,Reels,,,,,11/08/2023,0,,,,,,296,0,0,0,0,145.034,2.188
1050087504441861,100064197037125,"PC Merchandise","Sulit na sulit! i3 12100F package, ready for pickup or shipping nationwide 🚚",,32,"11/03/2023 20:30",,https://www.facebook.com/reel/1456619163809100/,0,0,Reels,,,,,11/09/2023,0,,,,,,287,0,0,0,0,148.890,2.405
1050087504441861,100064197037125,"PC Merchandise","Sulit na sulit! i3 12100F package, ready for pickup or shipping nationwide 🚚",,32,"11/03/2023 20:30",,https://www.facebook.com/reel/1456619163809100/,0,0,Reels,,,,,11/10/2023,0,,,,,,0,0,0,0,0,252.943,3.228
1050087504441861,100064197037125,"PC Merchandise","Sulit na sulit! i3 12100F package, ready for pickup or shipping nationwide 🚚",,32,"11/03/2023 20:30",,https://www.facebook.com/reel/1456619163809100/,0,0,Reels,,,,,11/11/2023,0,,,,,,0,0,0,0,0,210.234,2.599
1050087504441861,100064197037125,"PC Merchandise","Sulit na sulit! i3 12100F package, ready for pickup or shipping nationwide 🚚",,32,"11/03/2023 20:30",,https://www.facebook.com/reel/1456619163809100/,0,0,Reels,,,,,11/12/2023,0,,,,,,0,0,0,0,0,105.641,4.845
1050087504441861,100064197037125,"PC Merchandise","Sulit na sulit! i3 12100F package, ready for pickup or shipping nationwide 🚚",,32,"11/03/2023 20:30",,https://www.facebook.com/reel/1456619163809100/,0,0,Reels,,,,,11/13/2023,0,,,,,,0,0,0,0,0,57.165,2.382
1050087504441861,100064197037125,"PC Merchandise","Sulit na sulit! i3 12100F package, ready for pickup or shipping nationwide 🚚",,32,"11/03/2023 20:30",,https://www.facebook.com/reel/1456619163809100/,0,0,Reels,,,,,11/14/2023,0,,,,,,0,0,0,0,0,89.806,2.421
1050087504441861,100064197037125,"PC Merchandise","Sulit na sulit! i3 12100F package, ready for pickup or shipping nationwide 🚚",,32,"11/03/2023 20:30",,https://www.facebook.com/reel/1456619163809100/,0,0,Reels,,,,,11/15/2023,0,,,,,,0,0,0,0,0,54.615,2.706
1050087504441861,100064197037125,"PC Merchandise","Sulit na sulit! i3 12100F package, ready for pickup or shipping nationwide 🚚",,32,"11/03/2023 20:30",,https://www.facebook.com/reel/1456619163809100/,0,0,Reels,,,,,11/16/2023,0,,,,,,0,0,0,0,0,37.567,3.786
1050087504441861,100064197037125,"PC Merchandise","Sulit na sulit! i3 12100F package, ready for pickup or shipping nationwide 🚚",,32,"11/03/2023 20:30",,https://www.facebook.com/reel/1456619163809100/,0,0,Reels,,,,,11/17/2023,0,,,,,,0,0,0,0,0,43.318,2.993
1050087504441861,100064197037125,"PC Merchandise","Sulit na sulit! i3 12100F package, ready for pickup or shipping nationwide 🚚",,32,"11/03/2023 20:30",,https://www.facebook.com/reel/1456619163809100/,0,0,Reels,,,,,11/18/2023,0,,,,,,0,0,0,0,0,42.121,2.609
1050087504441861,100064197037125,"PC Merchandise","Sulit na sulit! i3 12100F package, ready for pickup or shipping nationwide 🚚",,32,"11/03/2023 20:30",,https://www.facebook.com/reel/1456619163809100/,0,0,Reels,,,,,11/19/2023,0,,,,,,0,0,0,0,0,35.434,1.500
1050087504441861,100064197037125,"PC Merchandise","Sulit na sulit! i3 12100F package, ready for pickup or shipping nationwide 🚚",,32,"11/03/2023 20:30",,https://www.facebook.com/reel/1456619163809100/,0,0,Reels,,,,,11/20/2023,0,,,,,,0,0,0,0,0,31.678,1.785
1050087504441861,100064197037125,"PC Merchandise","Sulit na sulit! i3 12100F package, ready for pickup or shipping nationwide 🚚",,32,"11/03/2023 20:30",,https://www.facebook.com/reel/1456619163809100/,0,0,Reels,,,,,11/21/2023,0,,,,,,0,0,0,0,0,40.326,2.008
1050087504441861,100064197037125,"PC Merchandise","Sulit na sulit! i3 12100F package, ready for pickup or shipping nationwide 🚚",,32,"11/03/2023 20:30",,https://www.facebook.com/reel/1456619163809100/,0,0,Reels,,,,,11/22/2023,0,,,,,,0,0,0,0,0,28.671,2.721
1050087504441861,100064197037125,"PC Merchandise","Sulit na sulit! i3 12100F package, ready for pickup or shipping nationwide 🚚",,32,"11/03/2023 20:30",,https://www.facebook.com/reel/1456619163809100/,0,0,Reels,,,,,11/23/2023,0,,,,,,0,0,0,0,0,45.686,2.004
1050087504441861,100064197037125,"PC Merchandise","Sulit na sulit! i3 12100F package, ready for pickup or shipping nationwide 🚚",,32,"11/03/2023 20:30",,https://www.facebook.com/reel/1456619163809100/,0,0,Reels,,,,,11/24/2023,0,,,,,,0,0,0,0,0,49.587,3.124
1050087504441861,100064197037125,"PC Merchandise","Sulit na sulit! i3 12100F package, ready for pickup or shipping nationwide 🚚",,32,"11/03/2023 20:30",,https://www.facebook.com/reel/1456619163809100/,0,0,Reels,,,,,11/25/2023,0,,,,,,0,0,0,0,0,34.992,3.010
1050087504441861,100064197037125,"PC Merchandise","Sulit na sulit! i3 12100F package, ready for pickup or shipping nationwide 🚚",,32,"11/03/2023 20:30",,https://www.facebook.com/reel/1456619163809100/,0,0,Reels,,,,,11/26/2023,0,,,,,,0,0,0,0,0,40.471,2.927
1050087504441861,100064197037125,"PC Merchandise","Sulit na sulit! i3 12100F package, ready for pickup or shipping nationwide 🚚",,32,"11/03/2023 20:30",,https://www.facebook.com/reel/1456619163809100/,0,0,Reels,,,,,11/27/2023,0,,,,,,0,0,0,0,0,26.469,2.388
1050087504441861,100064197037125,"PC Merchandise","Sulit na sulit! i3 12100F package, ready for pickup or shipping nationwide 🚚",,32,"11/03/2023 20:30",,https://www.facebook.com/reel/1456619163809100/,0,0,Reels,,,,,11/28/2023,0,,,,,,0,0,0,0,0,44.077,2.117
1050087504441861,100064197037125,"PC Merchandise","Sulit na sulit! i3 12100F package, ready for pickup or shipping nationwide 🚚",,32,"11/03/2023 20:30",,https://www.facebook.com/reel/1456619163809100/,0,0,Reels,,,,,11/29/2023,0,,,,,,0,0,0,0,0,26.433,2.417
1050087504441861,100064197037125,"PC Merchandise","Sulit na sulit! i3 12100F package, ready for pickup or shipping nationwide 🚚",,32,"11/03/2023 20:30",,https://www.facebook.com/reel/1456619163809100/,0,0,Reels,,,,,11/30/2023,0,,,,,,0,0,0,0,0,36.871,3.140
1050169071661403,100064197037125,"PC Merchandise","malas naman🥹",,0,"11/03/2023 17:15",,https://www.facebook.com/pcmerchandise.co/posts/pfbid078DjAYex0OEprfsAB6pgmxaPMNs3QiNWB2WNR74rciQ0vugQ29rnHAd3,0,0,Photos,,,,,11/30/2023,1,,,,,,,,,,,,
1050169071661403,100064197037125,"PC Merchandise","malas naman🥹",,0,"11/03/2023 17:15",,https://www.facebook.com/pcmerchandise.co/posts/pfbid078DjAYex0OEprfsAB6pgmxaPMNs3QiNWB2WNR74rciQ0vugQ29rnHAd3,0,0,Photos,,,,,11/01/2023,,,0,0,0,0,0,0,,,,,
1050169071661403,100064197037125,"PC Merchandise","malas naman🥹",,0,"11/03/2023 17:15",,https://www.facebook.com/pcmerchandise.co/posts/pfbid078DjAYex0OEprfsAB6pgmxaPMNs3QiNWB2WNR74rciQ0vugQ29rnHAd3,0,0,Photos,,,,,11/02/2023,,,0,0,0,0,0,0,,,,,
1050169071661403,100064197037125,"PC Merchandise","malas naman🥹",,0,"11/03/2023 17:15",,https://www.facebook.com/pcmerchandise.co/posts/pfbid078DjAYex0OEprfsAB6pgmxaPMNs3QiNWB2WNR74rciQ0vugQ29rnHAd3,0,0,Photos,,,,,11/03/2023,,,0,0,0,0,0,0,,,,,
1050169071661403,100064197037125,"PC Merchandise","malas naman🥹",,0,"11/03/2023 17:15",,https://www.facebook.com/pcmerchandise.co/posts/pfbid078DjAYex0OEprfsAB6pgmxaPMNs3QiNWB2WNR74rciQ0vugQ29rnHAd3,0,0,Photos,,,,,11/04/2023,,,0,0,0,0,0,0,,,,,
1050169071661403,100064197037125,"PC Merchandise","malas naman🥹",,0,"11/03/2023 17:15",,https://www.facebook.com/pcmerchandise.co/posts/pfbid078DjAYex0OEprfsAB6pgmxaPMNs3QiNWB2WNR74rciQ0vugQ29rnHAd3,0,0,Photos,,,,,11/05/2023,,,0,0,0,0,0,0,,,,,
1050169071661403,100064197037125,"PC Merchandise","malas naman🥹",,0,"11/03/2023 17:15",,https://www.facebook.com/pcmerchandise.co/posts/pfbid078DjAYex0OEprfsAB6pgmxaPMNs3QiNWB2WNR74rciQ0vugQ29rnHAd3,0,0,Photos,,,,,11/06/2023,,,0,0,0,0,0,0,,,,,
1050169071661403,100064197037125,"PC Merchandise","malas naman🥹",,0,"11/03/2023 17:15",,https://www.facebook.com/pcmerchandise.co/posts/pfbid078DjAYex0OEprfsAB6pgmxaPMNs3QiNWB2WNR74rciQ0vugQ29rnHAd3,0,0,Photos,,,,,11/07/2023,,,0,0,0,0,0,0,,,,,
1050169071661403,100064197037125,"PC Merchandise","malas naman🥹",,0,"11/03/2023 17:15",,https://www.facebook.com/pcmerchandise.co/posts/pfbid078DjAYex0OEprfsAB6pgmxaPMNs3QiNWB2WNR74rciQ0vugQ29rnHAd3,0,0,Photos,,,,,11/08/2023,,,0,0,0,0,0,0,,,,,
1050169071661403,100064197037125,"PC Merchandise","malas naman🥹",,0,"11/03/2023 17:15",,https://www.facebook.com/pcmerchandise.co/posts/pfbid078DjAYex0OEprfsAB6pgmxaPMNs3QiNWB2WNR74rciQ0vugQ29rnHAd3,0,0,Photos,,,,,11/09/2023,,,0,0,0,0,0,0,,,,,
1050169071661403,100064197037125,"PC Merchandise","malas naman🥹",,0,"11/03/2023 17:15",,https://www.facebook.com/pcmerchandise.co/posts/pfbid078DjAYex0OEprfsAB6pgmxaPMNs3QiNWB2WNR74rciQ0vugQ29rnHAd3,0,0,Photos,,,,,11/10/2023,,,0,0,0,0,0,0,,,,,
1050169071661403,100064197037125,"PC Merchandise","malas naman🥹",,0,"11/03/2023 17:15",,https://www.facebook.com/pcmerchandise.co/posts/pfbid078DjAYex0OEprfsAB6pgmxaPMNs3QiNWB2WNR74rciQ0vugQ29rnHAd3,0,0,Photos,,,,,11/11/2023,,,0,0,0,0,0,0,,,,,
1050169071661403,100064197037125,"PC Merchandise","malas naman🥹",,0,"11/03/2023 17:15",,https://www.facebook.com/pcmerchandise.co/posts/pfbid078DjAYex0OEprfsAB6pgmxaPMNs3QiNWB2WNR74rciQ0vugQ29rnHAd3,0,0,Photos,,,,,11/12/2023,,,0,0,0,0,0,0,,,,,
1050169071661403,100064197037125,"PC Merchandise","malas naman🥹",,0,"11/03/2023 17:15",,https://www.facebook.com/pcmerchandise.co/posts/pfbid078DjAYex0OEprfsAB6pgmxaPMNs3QiNWB2WNR74rciQ0vugQ29rnHAd3,0,0,Photos,,,,,11/13/2023,,,0,0,0,0,0,0,,,,,
1050169071661403,100064197037125,"PC Merchandise","malas naman🥹",,0,"11/03/2023 17:15",,https://www.facebook.com/pcmerchandise.co/posts/pfbid078DjAYex0OEprfsAB6pgmxaPMNs3QiNWB2WNR74rciQ0vugQ29rnHAd3,0,0,Photos,,,,,11/14/2023,,,0,0,0,0,0,0,,,,,
1050169071661403,100064197037125,"PC Merchandise","malas naman🥹",,0,"11/03/2023 17:15",,https://www.facebook.com/pcmerchandise.co/posts/pfbid078DjAYex0OEprfsAB6pgmxaPMNs3QiNWB2WNR74rciQ0vugQ29rnHAd3,0,0,Photos,,,,,11/15/2023,,,0,0,0,0,0,0,,,,,
1050169071661403,100064197037125,"PC Merchandise","malas naman🥹",,0,"11/03/2023 17:15",,https://www.facebook.com/pcmerchandise.co/posts/pfbid078DjAYex0OEprfsAB6pgmxaPMNs3QiNWB2WNR74rciQ0vugQ29rnHAd3,0,0,Photos,,,,,11/16/2023,,,0,0,0,0,0,0,,,,,
1050169071661403,100064197037125,"PC Merchandise","malas naman🥹",,0,"11/03/2023 17:15",,https://www.facebook.com/pcmerchandise.co/posts/pfbid078DjAYex0OEprfsAB6pgmxaPMNs3QiNWB2WNR74rciQ0vugQ29rnHAd3,0,0,Photos,,,,,11/17/2023,,,0,0,0,0,0,0,,,,,
1050169071661403,100064197037125,"PC Merchandise","malas naman🥹",,0,"11/03/2023 17:15",,https://www.facebook.com/pcmerchandise.co/posts/pfbid078DjAYex0OEprfsAB6pgmxaPMNs3QiNWB2WNR74rciQ0vugQ29rnHAd3,0,0,Photos,,,,,11/18/2023,,,0,0,0,0,0,0,,,,,
1050169071661403,100064197037125,"PC Merchandise","malas naman🥹",,0,"11/03/2023 17:15",,https://www.facebook.com/pcmerchandise.co/posts/pfbid078DjAYex0OEprfsAB6pgmxaPMNs3QiNWB2WNR74rciQ0vugQ29rnHAd3,0,0,Photos,,,,,11/19/2023,,,0,0,0,0,0,0,,,,,
1050169071661403,100064197037125,"PC Merchandise","malas naman🥹",,0,"11/03/2023 17:15",,https://www.facebook.com/pcmerchandise.co/posts/pfbid078DjAYex0OEprfsAB6pgmxaPMNs3QiNWB2WNR74rciQ0vugQ29rnHAd3,0,0,Photos,,,,,11/20/2023,,,0,0,0,0,0,0,,,,,
1050169071661403,100064197037125,"PC Merchandise","malas naman🥹",,0,"11/03/2023 17:15",,https://www.facebook.com/pcmerchandise.co/posts/pfbid078DjAYex0OEprfsAB6pgmxaPMNs3QiNWB2WNR74rciQ0vugQ29rnHAd3,0,0,Photos,,,,,11/21/2023,,,0,0,0,0,0,0,,,,,
1050169071661403,100064197037125,"PC Merchandise","malas naman🥹",,0,"11/03/2023 17:15",,https://www.facebook.com/pcmerchandise.co/posts/pfbid078DjAYex0OEprfsAB6pgmxaPMNs3QiNWB2WNR74rciQ0vugQ29rnHAd3,0,0,Photos,,,,,11/22/2023,,,0,0,0,0,0,0,,,,,
1050169071661403,100064197037125,"PC Merchandise","malas naman🥹",,0,"11/03/2023 17:15",,https://www.facebook.com/pcmerchandise.co/posts/pfbid078DjAYex0OEprfsAB6pgmxaPMNs3QiNWB2WNR74rciQ0vugQ29rnHAd3,0,0,Photos,,,,,11/23/2023,,,0,0,0,0,0,0,,,,,
1050169071661403,100064197037125,"PC Merchandise","malas naman🥹",,0,"11/03/2023 17:15",,https://www.facebook.com/pcmerchandise.co/posts/pfbid078DjAYex0OEprfsAB6pgmxaPMNs3QiNWB2WNR74rciQ0vugQ29rnHAd3,0,0,Photos,,,,,11/24/2023,,,0,0,0,0,0,0,,,,,
1050169071661403,100064197037125,"PC Merchandise","malas naman🥹",,0,"11/03/2023 17:15",,https://www.facebook.com/pcmerchandise.co/posts/pfbid078DjAYex0OEprfsAB6pgmxaPMNs3QiNWB2WNR74rciQ0vugQ29rnHAd3,0,0,Photos,,,,,11/25/2023,,,0,0,0,0,0,0,,,,,
1050169071661403,100064197037125,"PC Merchandise","malas naman🥹",,0,"11/03/2023 17:15",,https://www.facebook.com/pcmerchandise.co/posts/pfbid078DjAYex0OEprfsAB6pgmxaPMNs3QiNWB2WNR74rciQ0vugQ29rnHAd3,0,0,Photos,,,,,11/26/2023,,,0,0,0,0,0,0,,,,,
1050169071661403,100064197037125,"PC Merchandise","malas naman🥹",,0,"11/03/2023 17:15",,https://www.facebook.com/pcmerchandise.co/posts/pfbid078DjAYex0OEprfsAB6pgmxaPMNs3QiNWB2WNR74rciQ0vugQ29rnHAd3,0,0,Photos,,,,,11/27/2023,,,0,0,0,0,0,0,,,,,
1050169071661403,100064197037125,"PC Merchandise","malas naman🥹",,0,"11/03/2023 17:15",,https://www.facebook.com/pcmerchandise.co/posts/pfbid078DjAYex0OEprfsAB6pgmxaPMNs3QiNWB2WNR74rciQ0vugQ29rnHAd3,0,0,Photos,,,,,11/28/2023,,,0,0,0,0,0,0,,,,,
1050169071661403,100064197037125,"PC Merchandise","malas naman🥹",,0,"11/03/2023 17:15",,https://www.facebook.com/pcmerchandise.co/posts/pfbid078DjAYex0OEprfsAB6pgmxaPMNs3QiNWB2WNR74rciQ0vugQ29rnHAd3,0,0,Photos,,,,,11/29/2023,,,0,0,0,0,0,0,,,,,
1050169071661403,100064197037125,"PC Merchandise","malas naman🥹",,0,"11/03/2023 17:15",,https://www.facebook.com/pcmerchandise.co/posts/pfbid078DjAYex0OEprfsAB6pgmxaPMNs3QiNWB2WNR74rciQ0vugQ29rnHAd3,0,0,Photos,,,,,11/30/2023,,,0,0,0,0,0,0,,,,,
1049835136778077,100064197037125,"PC Merchandise","Paano kung sabihin ko sayo na kaya mo na mag RX 6600 build under budget? 👀",,52,"11/03/2023 17:00",auto,https://www.facebook.com/reel/1242964621456296/,0,0,Reels,,,,,11/01/2023,0,,,,,,0,0,0,0,0,0.000,3.773
1049835136778077,100064197037125,"PC Merchandise","Paano kung sabihin ko sayo na kaya mo na mag RX 6600 build under budget? 👀",,52,"11/03/2023 17:00",auto,https://www.facebook.com/reel/1242964621456296/,0,0,Reels,,,,,11/02/2023,0,,,,,,0,0,0,0,0,0.000,3.454
1049835136778077,100064197037125,"PC Merchandise","Paano kung sabihin ko sayo na kaya mo na mag RX 6600 build under budget? 👀",,52,"11/03/2023 17:00",auto,https://www.facebook.com/reel/1242964621456296/,0,0,Reels,,,,,11/03/2023,0,,,,,,24,0,0,0,0,1369.494,2.357
1049835136778077,100064197037125,"PC Merchandise","Paano kung sabihin ko sayo na kaya mo na mag RX 6600 build under budget? 👀",,52,"11/03/2023 17:00",auto,https://www.facebook.com/reel/1242964621456296/,0,0,Reels,,,,,11/04/2023,0,,,,,,34,0,0,0,0,1570.986,3.503
1049835136778077,100064197037125,"PC Merchandise","Paano kung sabihin ko sayo na kaya mo na mag RX 6600 build under budget? 👀",,52,"11/03/2023 17:00",auto,https://www.facebook.com/reel/1242964621456296/,0,0,Reels,,,,,11/05/2023,0,,,,,,34,0,0,0,0,695.817,3.920
1049835136778077,100064197037125,"PC Merchandise","Paano kung sabihin ko sayo na kaya mo na mag RX 6600 build under budget? 👀",,52,"11/03/2023 17:00",auto,https://www.facebook.com/reel/1242964621456296/,0,0,Reels,,,,,11/06/2023,0,,,,,,31,0,0,0,0,423.041,3.435
1049835136778077,100064197037125,"PC Merchandise","Paano kung sabihin ko sayo na kaya mo na mag RX 6600 build under budget? 👀",,52,"11/03/2023 17:00",auto,https://www.facebook.com/reel/1242964621456296/,0,0,Reels,,,,,11/07/2023,0,,,,,,37,0,0,0,0,360.101,3.442
1049835136778077,100064197037125,"PC Merchandise","Paano kung sabihin ko sayo na kaya mo na mag RX 6600 build under budget? 👀",,52,"11/03/2023 17:00",auto,https://www.facebook.com/reel/1242964621456296/,0,0,Reels,,,,,11/08/2023,0,,,,,,30,0,0,0,0,354.320,3.833
1049835136778077,100064197037125,"PC Merchandise","Paano kung sabihin ko sayo na kaya mo na mag RX 6600 build under budget? 👀",,52,"11/03/2023 17:00",auto,https://www.facebook.com/reel/1242964621456296/,0,0,Reels,,,,,11/09/2023,0,,,,,,33,0,0,0,0,159.559,4.186
1049835136778077,100064197037125,"PC Merchandise","Paano kung sabihin ko sayo na kaya mo na mag RX 6600 build under budget? 👀",,52,"11/03/2023 17:00",auto,https://www.facebook.com/reel/1242964621456296/,0,0,Reels,,,,,11/10/2023,0,,,,,,32,0,0,0,0,299.963,2.984
1049835136778077,100064197037125,"PC Merchandise","Paano kung sabihin ko sayo na kaya mo na mag RX 6600 build under budget? 👀",,52,"11/03/2023 17:00",auto,https://www.facebook.com/reel/1242964621456296/,0,0,Reels,,,,,11/11/2023,0,,,,,,36,0,0,0,0,287.194,3.753
1049835136778077,100064197037125,"PC Merchandise","Paano kung sabihin ko sayo na kaya mo na mag RX 6600 build under budget? 👀",,52,"11/03/2023 17:00",auto,https://www.facebook.com/reel/1242964621456296/,0,0,Reels,,,,,11/12/2023,0,,,,,,29,0,0,0,0,240.705,3.541
1049835136778077,100064197037125,"PC Merchandise","Paano kung sabihin ko sayo na kaya mo na mag RX 6600 build under budget? 👀",,52,"11/03/2023 17:00",auto,https://www.facebook.com/reel/1242964621456296/,0,0,Reels,,,,,11/13/2023,0,,,,,,28,0,0,0,0,89.827,3.637
1049835136778077,100064197037125,"PC Merchandise","Paano kung sabihin ko sayo na kaya mo na mag RX 6600 build under budget? 👀",,52,"11/03/2023 17:00",auto,https://www.facebook.com/reel/1242964621456296/,0,0,Reels,,,,,11/14/2023,0,,,,,,23,0,0,0,0,55.302,3.273
1049835136778077,100064197037125,"PC Merchandise","Paano kung sabihin ko sayo na kaya mo na mag RX 6600 build under budget? 👀",,52,"11/03/2023 17:00",auto,https://www.facebook.com/reel/1242964621456296/,0,0,Reels,,,,,11/15/2023,0,,,,,,0,0,0,0,0,202.203,3.280
1049835136778077,100064197037125,"PC Merchandise","Paano kung sabihin ko sayo na kaya mo na mag RX 6600 build under budget? 👀",,52,"11/03/2023 17:00",auto,https://www.facebook.com/reel/1242964621456296/,0,0,Reels,,,,,11/16/2023,0,,,,,,0,0,0,0,0,69.692,1.500
1049835136778077,100064197037125,"PC Merchandise","Paano kung sabihin ko sayo na kaya mo na mag RX 6600 build under budget? 👀",,52,"11/03/2023 17:00",auto,https://www.facebook.com/reel/1242964621456296/,0,0,Reels,,,,,11/17/2023,0,,,,,,0,0,0,0,0,60.809,3.590
1049835136778077,100064197037125,"PC Merchandise","Paano kung sabihin ko sayo na kaya mo na mag RX 6600 build under budget? 👀",,52,"11/03/2023 17:00",auto,https://www.facebook.com/reel/1242964621456296/,0,0,Reels,,,,,11/18/2023,0,,,,,,0,0,0,0,0,141.350,3.761
1049835136778077,100064197037125,"PC Merchandise","Paano kung sabihin ko sayo na kaya mo na mag RX 6600 build under budget? 👀",,52,"11/03/2023 17:00",auto,https://www.facebook.com/reel/1242964621456296/,0,0,Reels,,,,,11/19/2023,0,,,,,,0,0,0,0,0,74.585,2.611
1049835136778077,100064197037125,"PC Merchandise","Paano kung sabihin ko sayo na kaya mo na mag RX 6600 build under budget? 👀",,52,"11/03/2023 17:00",auto,https://www.facebook.com/reel/1242964621456296/,0,0,Reels,,,,,11/20/2023,0,,,,,,0,0,0,0,0,82.282,3.833
1049835136778077,100064197037125,"PC Merchandise","Paano kung sabihin ko sayo na kaya mo na mag RX 6600 build under budget? 👀",,52,"11/03/2023 17:00",auto,https://www.facebook.com/reel/1242964621456296/,0,0,Reels,,,,,11/21/2023,0,,,,,,0,0,0,0,0,93.119,3.473
1049835136778077,100064197037125,"PC Merchandise","Paano kung sabihin ko sayo na kaya mo na mag RX 6600 build under budget? 👀",,52,"11/03/2023 17:00",auto,https://www.facebook.com/reel/1242964621456296/,0,0,Reels,,,,,11/22/2023,0,,,,,,0,0,0,0,0,88.234,2.382
1049835136778077,100064197037125,"PC Merchandise","Paano kung sabihin ko sayo na kaya mo na mag RX 6600 build under budget? 👀",,52,"11/03/2023 17:00",auto,https://www.facebook.com/reel/1242964621456296/,0,0,Reels,,,,,11/23/2023,0,,,,,,0,0,0,0,0,78.048,4.188
1049835136778077,100064197037125,"PC Merchandise","Paano kung sabihin ko sayo na kaya mo na mag RX 6600 build under budget? 👀",,52,"11/03/2023 17:00",auto,https://www.facebook.com/reel/1242964621456296/,0,0,Reels,,,,,11/24/2023,0,,,,,,0,0,0,0,0,77.376,3.217
1049835136778077,100064197037125,"PC Merchandise","Paano kung sabihin ko sayo na kaya mo na mag RX 6600 build under budget? 👀",,52,"11/03/2023 17:00",auto,https://www.facebook.com/reel/1242964621456296/,0,0,Reels,,,,,11/25/2023,0,,,,,,0,0,0,0,0,69.443,3.142
1049835136778077,100064197037125,"PC Merchandise","Paano kung sabihin ko sayo na kaya mo na mag RX 6600 build under budget? 👀",,52,"11/03/2023 17:00",auto,https://www.facebook.com/reel/1242964621456296/,0,0,Reels,,,,,11/26/2023,0,,,,,,0,0,0,0,0,56.215,2.323
1049835136778077,100064197037125,"PC Merchandise","Paano kung sabihin ko sayo na kaya mo na mag RX 6600 build under budget? 👀",,52,"11/03/2023 17:00",auto,https://www.facebook.com/reel/1242964621456296/,0,0,Reels,,,,,11/27/2023,0,,,,,,0,0,0,0,0,61.627,4.376
1049835136778077,100064197037125,"PC Merchandise","Paano kung sabihin ko sayo na kaya mo na mag RX 6600 build under budget? 👀",,52,"11/03/2023 17:00",auto,https://www.facebook.com/reel/1242964621456296/,0,0,Reels,,,,,11/28/2023,0,,,,,,0,0,0,0,0,67.709,3.993
1049835136778077,100064197037125,"PC Merchandise","Paano kung sabihin ko sayo na kaya mo na mag RX 6600 build under budget? 👀",,52,"11/03/2023 17:00",auto,https://www.facebook.com/reel/1242964621456296/,0,0,Reels,,,,,11/29/2023,0,,,,,,0,0,0,0,0,67.596,3.395
1049835136778077,100064197037125,"PC Merchandise","Paano kung sabihin ko sayo na kaya mo na mag RX 6600 build under budget? 👀",,52,"11/03/2023 17:00",auto,https://www.facebook.com/reel/1242964621456296/,0,0,Reels,,,,,11/30/2023,0,,,,,,0,0,0,0,0,59.042,4.348
1049698706430045,100064197037125,"PC Merchandise","Another comshop delivered! 2 units RYZEN 5 3400G para sa bagong negosyo ni MIGZ 💪",,34,"11/01/2023 19:15",mixed,https://www.facebook.com/reel/1900520231669043/,0,0,Reels,,,,,11/01/2023,0,,,,,,0,0,0,0,0,228.624,3.986
1049698706430045,100064197037125,"PC Merchandise","Another comshop delivered! 2 units RYZEN 5 3400G para sa bagong negosyo ni MIGZ 💪",,34,"11/01/2023 19:15",mixed,https://www.facebook.com/reel/1900520231669043/,0,0,Reels,,,,,11/02/2023,0,,,,,,0,0,0,0,0,134.865,2.041
1049698706430045,100064197037125,"PC Merchandise","Another comshop delivered! 2 units RYZEN 5 3400G para sa bagong negosyo ni MIGZ 💪",,34,"11/01/2023 19:15",mixed,https://www.facebook.com/reel/1900520231669043/,0,0,Reels,,,,,11/03/2023,0,,,,,,0,0,0,0,0,75.066,3.927
1049698706430045,100064197037125,"PC Merchandise","Another comshop delivered! 2 units RYZEN 5 3400G para sa bagong negosyo ni MIGZ 💪",,34,"11/01/2023 19:15",mixed,https://www.facebook.com/reel/1900520231669043/,0,0,Reels,,,,,11/04/2023,0,,,,,,0,0,0,0,0,46.551,2.887
1049698706430045,100064197037125,"PC Merchandise","Another comshop delivered! 2 units RYZEN 5 3400G para sa bagong negosyo ni MIGZ 💪",,34,"11/01/2023 19:15",mixed,https://www.facebook.com/reel/1900520231669043/,0,0,Reels,,,,,11/05/2023,0,,,,,,0,0,0,0,0,73.590,3.535
1049698706430045,100064197037125,"PC Merchandise","Another comshop delivered! 2 units RYZEN 5 3400G para sa bagong negosyo ni MIGZ 💪",,34,"11/01/2023 19:15",mixed,https://www.facebook.com/reel/1900520231669043/,0,0,Reels,,,,,11/06/2023,0,,,,,,0,0,0,0,0,29.675,4.406
1049698706430045,100064197037125,"PC Merchandise","Another comshop delivered! 2 units RYZEN 5 3400G para sa bagong negosyo ni MIGZ 💪",,34,"11/01/2023 19:15",mixed,https://www.facebook.com/reel/1900520231669043/,0,0,Reels,,,,,11/07/2023,0,,,,,,0,0,0,0,0,22.802,2.149
1049698706430045,100064197037125,"PC Merchandise","Another comshop delivered! 2 units RYZEN 5 3400G para sa bagong negosyo ni MIGZ 💪",,34,"11/01/2023 19:15",mixed,https://www.facebook.com/reel/1900520231669043/,0,0,Reels,,,,,11/08/2023,0,,,,,,0,0,0,0,0,20.319,4.618
1049698706430045,100064197037125,"PC Merchandise","Another comshop delivered! 2 units RYZEN 5 3400G para sa bagong negosyo ni MIGZ 💪",,34,"11/01/2023 19:15",mixed,https://www.facebook.com/reel/1900520231669043/,0,0,Reels,,,,,11/09/2023,0,,,,,,0,0,0,0,0,45.274,3.602
1049698706430045,100064197037125,"PC Merchandise","Another comshop delivered! 2 units RYZEN 5 3400G para sa bagong negosyo ni MIGZ 💪",,34,"11/01/2023 19:15",mixed,https://www.facebook.com/reel/1900520231669043/,0,0,Reels,,,,,11/10/2023,0,,,,,,0,0,0,0,0,49.660,3.514
1049698706430045,100064197037125,"PC Merchandise","Another comshop delivered! 2 units RYZEN 5 3400G para sa bagong negosyo ni MIGZ 💪",,34,"11/01/2023 19:15",mixed,https://www.facebook.com/reel/1900520231669043/,0,0,Reels,,,,,11/11/2023,0,,,,,,0,0,0,0,0,14.741,3.285
1049698706430045,100064197037125,"PC Merchandise","Another comshop delivered! 2 units RYZEN 5 3400G para sa bagong negosyo ni MIGZ 💪",,34,"11/01/2023 19:15",mixed,https://www.facebook.com/reel/1900520231669043/,0,0,Reels,,,,,11/12/2023,0,,,,,,0,0,0,0,0,20.710,3.686
1049698706430045,100064197037125,"PC Merchandise","Another comshop delivered! 2 units RYZEN 5 3400G para sa bagong negosyo ni MIGZ 💪",,34,"11/01/2023 19:15",mixed,https://www.facebook.com/reel/1900520231669043/,0,0,Reels,,,,,11/13/2023,0,,,,,,0,0,0,0,0,16.013,3.990
1049698706430045,100064197037125,"PC Merchandise","Another comshop delivered! 2 units RYZEN 5 3400G para sa bagong negosyo ni MIGZ 💪",,34,"11/01/2023 19:15",mixed,https://www.facebook.com/reel/1900520231669043/,0,0,Reels,,,,,11/14/2023,0,,,,,,0,0,0,0,0,18.246,4.514
1049698706430045,100064197037125,"PC Merchandise","Another comshop delivered! 2 units RYZEN 5 3400G para sa bagong negosyo ni MIGZ 💪",,34,"11/01/2023 19:15",mixed,https://www.facebook.com/reel/1900520231669043/,0,0,Reels,,,,,11/15/2023,0,,,,,,0,0,0,0,0,15.232,3.591
1049698706430045,100064197037125,"PC Merchandise","Another comshop delivered! 2 units RYZEN 5 3400G para sa bagong negosyo ni MIGZ 💪",,34,"11/01/2023 19:15",mixed,https://www.facebook.com/reel/1900520231669043/,0,0,Reels,,,,,11/16/2023,0,,,,,,0,0,0,0,0,7.424,4.256
1049698706430045,100064197037125,"PC Merchandise","Another comshop delivered! 2 units RYZEN 5 3400G para sa bagong negosyo ni MIGZ 💪",,34,"11/01/2023 19:15",mixed,https://www.facebook.com/reel/1900520231669043/,0,0,Reels,,,,,11/17/2023,0,,,,,,0,0,0,0,0,9.705,3.784
1049698706430045,100064197037125,"PC Merchandise","Another comshop delivered! 2 units RYZEN 5 3400G para sa bagong negosyo ni MIGZ 💪",,34,"11/01/2023 19:15",mixed,https://www.facebook.com/reel/1900520231669043/,0,0,Reels,,,,,11/18/2023,0,,,,,,0,0,0,0,0,7.620,2.813
1049698706430045,100064197037125,"PC Merchandise","Another comshop delivered! 2 units RYZEN 5 3400G para sa bagong negosyo ni MIGZ 💪",,34,"11/01/2023 19:15",mixed,https://www.facebook.com/reel/1900520231669043/,0,0,Reels,,,,,11/19/2023,0,,,,,,0,0,0,0,0,8.567,3.690
1049698706430045,100064197037125,"PC Merchandise","Another comshop delivered! 2 units RYZEN 5 3400G para sa bagong negosyo ni MIGZ 💪",,34,"11/01/2023 19:15",mixed,https://www.facebook.com/reel/1900520231669043/,0,0,Reels,,,,,11/20/2023,0,,,,,,0,0,0,0,0,8.056,3.167
1049698706430045,100064197037125,"PC Merchandise","Another comshop delivered! 2 units RYZEN 5 3400G para sa bagong negosyo ni MIGZ 💪",,34,"11/01/2023 19:15",mixed,https://www.facebook.com/reel/1900520231669043/,0,0,Reels,,,,,11/21/2023,0,,,,,,0,0,0,0,0,12.179,4.946
1049698706430045,100064197037125,"PC Merchandise","Another comshop delivered! 2 units RYZEN 5 3400G para sa bagong negosyo ni MIGZ 💪",,34,"11/01/2023 19:15",mixed,https://www.facebook.com/reel/1900520231669043/,0,0,Reels,,,,,11/22/2023,0,,,,,,0,0,0,0,0,9.670,2.442
1049698706430045,100064197037125,"PC Merchandise","Another comshop delivered! 2 units RYZEN 5 3400G para sa bagong negosyo ni MIGZ 💪",,34,"11/01/2023 19:15",mixed,https://www.facebook.com/reel/1900520231669043/,0,0,Reels,,,,,11/23/2023,0,,,,,,0,0,0,0,0,7.488,3.739
1049698706430045,100064197037125,"PC Merchandise","Another comshop delivered! 2 units RYZEN 5 3400G para sa bagong negosyo ni MIGZ 💪",,34,"11/01/2023 19:15",mixed,https://www.facebook.com/reel/1900520231669043/,0,0,Reels,,,,,11/24/2023,0,,,,,,0,0,0,0,0,20.549,3.056
1049698706430045,100064197037125,"PC Merchandise","Another comshop delivered! 2 units RYZEN 5 3400G para sa bagong negosyo ni MIGZ 💪",,34,"11/01/2023 19:15",mixed,https://www.facebook.com/reel/1900520231669043/,0,0,Reels,,,,,11/25/2023,0,,,,,,0,0,0,0,0,12.051,4.092
1049698706430045,100064197037125,"PC Merchandise","Another comshop delivered! 2 units RYZEN 5 3400G para sa bagong negosyo ni MIGZ 💪",,34,"11/01/2023 19:15",mixed,https://www.facebook.com/reel/1900520231669043/,0,0,Reels,,,,,11/26/2023,0,,,,,,0,0,0,0,0,11.623,3.196
1049698706430045,100064197037125,"PC Merchandise","Another comshop delivered! 2 units RYZEN 5 3400G para sa bagong negosyo ni MIGZ 💪",,34,"11/01/2023 19:15",mixed,https://www.facebook.com/reel/1900520231669043/,0,0,Reels,,,,,11/27/2023,0,,,,,,0,0,0,0,0,10.038,3.202
1049698706430045,100064197037125,"PC Merchandise","Another comshop delivered! 2 units RYZEN 5 3400G para sa bagong negosyo ni MIGZ 💪",,34,"11/01/2023 19:15",mixed,https://www.facebook.com/reel/1900520231669043/,0,0,Reels,,,,,11/28/2023,0,,,,,,0,0,0,0,0,6.323,3.273
1049698706430045,100064197037125,"PC Merchandise","Another comshop delivered! 2 units RYZEN 5 3400G para sa bagong negosyo ni MIGZ 💪",,34,"11/01/2023 19:15",mixed,https://www.facebook.com/reel/1900520231669043/,0,0,Reels,,,,,11/29/2023,0,,,,,,0,0,1,1,0,9.993,2.753
1049698706430045,100064197037125,"PC Merchandise","Another comshop delivered! 2 units RYZEN 5 3400G para sa bagong negosyo ni MIGZ 💪",,34,"11/01/2023 19:15",mixed,https://www.facebook.com/reel/1900520231669043/,0,0,Reels,,,,,11/30/2023,0,,,,,,0,0,0,0,0,8.035,2.422
