"Post ID","Page ID","Page name",Title,Description,"Duration (sec)","Publish time","Caption type",Permalink,"Is crosspost","Is share","Post type",Languages,"Custom labels","Funded content status","Data comment",Date,Shares,"Approximate content monetization earnings","3-second video views","1-minute video views","3-Second viewers","1-minute viewers","3-second video views from Boosted posts","3-second video views from Organic posts","Reactions, Comments and Shares",Reactions,Comments,"Seconds viewed","Average Seconds viewed"
1037025252541217,100064197037125,"PC Merchandise","UNBOXING: GTX 1660S fresh stock just arrived! 📦",,0,"09/30/2023 17:00",,https://www.facebook.com/pcmerchandise.co/posts/pfbid0KpQoZvAnIGzW502uTOWI0wHdTAy3ueNAuWGj4i8rPeWM04aREjB8uBXP,0,0,Photos,,,,,09/30/2023,0,,,,,,,,,,,,
1037025252541217,100064197037125,"PC Merchandise","UNBOXING: GTX 1660S fresh stock just arrived! 📦",,0,"09/30/2023 17:00",,https://www.facebook.com/pcmerchandise.co/posts/pfbid0KpQoZvAnIGzW502uTOWI0wHdTAy3ueNAuWGj4i8rPeWM04aREjB8uBXP,0,0,Photos,,,,,09/01/2023,,,0,0,0,0,0,0,,,,,
1037025252541217,100064197037125,"PC Merchandise","UNBOXING: GTX 1660S fresh stock just arrived! 📦",,0,"09/30/2023 17:00",,https://www.facebook.com/pcmerchandise.co/posts/pfbid0KpQoZvAnIGzW502uTOWI0wHdTAy3ueNAuWGj4i8rPeWM04aREjB8uBXP,0,0,Photos,,,,,09/02/2023,,,0,0,0,0,0,0,,,,,
1037025252541217,100064197037125,"PC Merchandise","UNBOXING: GTX 1660S fresh stock just arrived! 📦",,0,"09/30/2023 17:00",,https://www.facebook.com/pcmerchandise.co/posts/pfbid0KpQoZvAnIGzW502uTOWI0wHdTAy3ueNAuWGj4i8rPeWM04aREjB8uBXP,0,0,Photos,,,,,09/03/2023,,,0,0,0,0,0,0,,,,,
1037025252541217,100064197037125,"PC Merchandise","UNBOXING: GTX 1660S fresh stock just arrived! 📦",,0,"09/30/2023 17:00",,https://www.facebook.com/pcmerchandise.co/posts/pfbid0KpQoZvAnIGzW502uTOWI0wHdTAy3ueNAuWGj4i8rPeWM04aREjB8uBXP,0,0,Photos,,,,,09/04/2023,,,0,0,0,0,0,0,,,,,
1037025252541217,100064197037125,"PC Merchandise","UNBOXING: GTX 1660S fresh stock just arrived! 📦",,0,"09/30/2023 17:00",,https://www.facebook.com/pcmerchandise.co/posts/pfbid0KpQoZvAnIGzW502uTOWI0wHdTAy3ueNAuWGj4i8rPeWM04aREjB8uBXP,0,0,Photos,,,,,09/05/2023,,,0,0,0,0,0,0,,,,,
1037025252541217,100064197037125,"PC Merchandise","UNBOXING: GTX 1660S fresh stock just arrived! 📦",,0,"09/30/2023 17:00",,https://www.facebook.com/pcmerchandise.co/posts/pfbid0KpQoZvAnIGzW502uTOWI0wHdTAy3ueNAuWGj4i8rPeWM04aREjB8uBXP,0,0,Photos,,,,,09/06/2023,,,0,0,0,0,0,0,,,,,
1037025252541217,100064197037125,"PC Merchandise","UNBOXING: GTX 1660S fresh stock just arrived! 📦",,0,"09/30/2023 17:00",,https://www.facebook.com/pcmerchandise.co/posts/pfbid0KpQoZvAnIGzW502uTOWI0wHdTAy3ueNAuWGj4i8rPeWM04aREjB8uBXP,0,0,Photos,,,,,09/07/2023,,,0,0,0,0,0,0,,,,,
1037025252541217,100064197037125,"PC Merchandise","UNBOXING: GTX 1660S fresh stock just arrived! 📦",,0,"09/30/2023 17:00",,https://www.facebook.com/pcmerchandise.co/posts/pfbid0KpQoZvAnIGzW502uTOWI0wHdTAy3ueNAuWGj4i8rPeWM04aREjB8uBXP,0,0,Photos,,,,,09/08/2023,,,0,0,0,0,0,0,,,,,
1037025252541217,100064197037125,"PC Merchandise","UNBOXING: GTX 1660S fresh stock just arrived! 📦",,0,"09/30/2023 17:00",,https://www.facebook.com/pcmerchandise.co/posts/pfbid0KpQoZvAnIGzW502uTOWI0wHdTAy3ueNAuWGj4i8rPeWM04aREjB8uBXP,0,0,Photos,,,,,09/09/2023,,,0,0,0,0,0,0,,,,,
1037025252541217,100064197037125,"PC Merchandise","UNBOXING: GTX 1660S fresh stock just arrived! 📦",,0,"09/30/2023 17:00",,https://www.facebook.com/pcmerchandise.co/posts/pfbid0KpQoZvAnIGzW502uTOWI0wHdTAy3ueNAuWGj4i8rPeWM04aREjB8uBXP,0,0,Photos,,,,,09/10/2023,,,0,0,0,0,0,0,,,,,
1037025252541217,100064197037125,"PC Merchandise","UNBOXING: GTX 1660S fresh stock just arrived! 📦",,0,"09/30/2023 17:00",,https://www.facebook.com/pcmerchandise.co/posts/pfbid0KpQoZvAnIGzW502uTOWI0wHdTAy3ueNAuWGj4i8rPeWM04aREjB8uBXP,0,0,Photos,,,,,09/11/2023,,,0,0,0,0,0,0,,,,,
1037025252541217,100064197037125,"PC Merchandise","UNBOXING: GTX 1660S fresh stock just arrived! 📦",,0,"09/30/2023 17:00",,https://www.facebook.com/pcmerchandise.co/posts/pfbid0KpQoZvAnIGzW502uTOWI0wHdTAy3ueNAuWGj4i8rPeWM04aREjB8uBXP,0,0,Photos,,,,,09/12/2023,,,0,0,0,0,0,0,,,,,
1037025252541217,100064197037125,"PC Merchandise","UNBOXING: GTX 1660S fresh stock just arrived! 📦",,0,"09/30/2023 17:00",,https://www.facebook.com/pcmerchandise.co/posts/pfbid0KpQoZvAnIGzW502uTOWI0wHdTAy3ueNAuWGj4i8rPeWM04aREjB8uBXP,0,0,Photos,,,,,09/13/2023,,,0,0,0,0,0,0,,,,,
1037025252541217,100064197037125,"PC Merchandise","UNBOXING: GTX 1660S fresh stock just arrived! 📦",,0,"09/30/2023 17:00",,https://www.facebook.com/pcmerchandise.co/posts/pfbid0KpQoZvAnIGzW502uTOWI0wHdTAy3ueNAuWGj4i8rPeWM04aREjB8uBXP,0,0,Photos,,,,,09/14/2023,,,0,0,0,0,0,0,,,,,
1037025252541217,100064197037125,"PC Merchandise","UNBOXING: GTX 1660S fresh stock just arrived! 📦",,0,"09/30/2023 17:00",,https://www.facebook.com/pcmerchandise.co/posts/pfbid0KpQoZvAnIGzW502uTOWI0wHdTAy3ueNAuWGj4i8rPeWM04aREjB8uBXP,0,0,Photos,,,,,09/15/2023,,,0,0,0,0,0,0,,,,,
1037025252541217,100064197037125,"PC Merchandise","UNBOXING: GTX 1660S fresh stock just arrived! 📦",,0,"09/30/2023 17:00",,https://www.facebook.com/pcmerchandise.co/posts/pfbid0KpQoZvAnIGzW502uTOWI0wHdTAy3ueNAuWGj4i8rPeWM04aREjB8uBXP,0,0,Photos,,,,,09/16/2023,,,0,0,0,0,0,0,,,,,
1037025252541217,100064197037125,"PC Merchandise","UNBOXING: GTX 1660S fresh stock just arrived! 📦",,0,"09/30/2023 17:00",,https://www.facebook.com/pcmerchandise.co/posts/pfbid0KpQoZvAnIGzW502uTOWI0wHdTAy3ueNAuWGj4i8rPeWM04aREjB8uBXP,0,0,Photos,,,,,09/17/2023,,,0,0,0,0,0,0,,,,,
1037025252541217,100064197037125,"PC Merchandise","UNBOXING: GTX 1660S fresh stock just arrived! 📦",,0,"09/30/2023 17:00",,https://www.facebook.com/pcmerchandise.co/posts/pfbid0KpQoZvAnIGzW502uTOWI0wHdTAy3ueNAuWGj4i8rPeWM04aREjB8uBXP,0,0,Photos,,,,,09/18/2023,,,0,0,0,0,0,0,,,,,
1037025252541217,100064197037125,"PC Merchandise","UNBOXING: GTX 1660S fresh stock just arrived! 📦",,0,"09/30/2023 17:00",,https://www.facebook.com/pcmerchandise.co/posts/pfbid0KpQoZvAnIGzW502uTOWI0wHdTAy3ueNAuWGj4i8rPeWM04aREjB8uBXP,0,0,Photos,,,,,09/19/2023,,,0,0,0,0,0,0,,,,,
1037025252541217,100064197037125,"PC Merchandise","UNBOXING: GTX 1660S fresh stock just arrived! 📦",,0,"09/30/2023 17:00",,https://www.facebook.com/pcmerchandise.co/posts/pfbid0KpQoZvAnIGzW502uTOWI0wHdTAy3ueNAuWGj4i8rPeWM04aREjB8uBXP,0,0,Photos,,,,,09/20/2023,,,0,0,0,0,0,0,,,,,
1037025252541217,100064197037125,"PC Merchandise","UNBOXING: GTX 1660S fresh stock just arrived! 📦",,0,"09/30/2023 17:00",,https://www.facebook.com/pcmerchandise.co/posts/pfbid0KpQoZvAnIGzW502uTOWI0wHdTAy3ueNAuWGj4i8rPeWM04aREjB8uBXP,0,0,Photos,,,,,09/21/2023,,,0,0,0,0,0,0,,,,,
1037025252541217,100064197037125,"PC Merchandise","UNBOXING: GTX 1660S fresh stock just arrived! 📦",,0,"09/30/2023 17:00",,https://www.facebook.com/pcmerchandise.co/posts/pfbid0KpQoZvAnIGzW502uTOWI0wHdTAy3ueNAuWGj4i8rPeWM04aREjB8uBXP,0,0,Photos,,,,,09/22/2023,,,0,0,0,0,0,0,,,,,
1037025252541217,100064197037125,"PC Merchandise","UNBOXING: GTX 1660S fresh stock just arrived! 📦",,0,"09/30/2023 17:00",,https://www.facebook.com/pcmerchandise.co/posts/pfbid0KpQoZvAnIGzW502uTOWI0wHdTAy3ueNAuWGj4i8rPeWM04aREjB8uBXP,0,0,Photos,,,,,09/23/2023,,,0,0,0,0,0,0,,,,,
1037025252541217,100064197037125,"PC Merchandise","UNBOXING: GTX 1660S fresh stock just arrived! 📦",,0,"09/30/2023 17:00",,https://www.facebook.com/pcmerchandise.co/posts/pfbid0KpQoZvAnIGzW502uTOWI0wHdTAy3ueNAuWGj4i8rPeWM04aREjB8uBXP,0,0,Photos,,,,,09/24/2023,,,0,0,0,0,0,0,,,,,
1037025252541217,100064197037125,"PC Merchandise","UNBOXING: GTX 1660S fresh stock just arrived! 📦",,0,"09/30/2023 17:00",,https://www.facebook.com/pcmerchandise.co/posts/pfbid0KpQoZvAnIGzW502uTOWI0wHdTAy3ueNAuWGj4i8rPeWM04aREjB8uBXP,0,0,Photos,,,,,09/25/2023,,,0,0,0,0,0,0,,,,,
1037025252541217,100064197037125,"PC Merchandise","UNBOXING: GTX 1660S fresh stock just arrived! 📦",,0,"09/30/2023 17:00",,https://www.facebook.com/pcmerchandise.co/posts/pfbid0KpQoZvAnIGzW502uTOWI0wHdTAy3ueNAuWGj4i8rPeWM04aREjB8uBXP,0,0,Photos,,,,,09/26/2023,,,0,0,0,0,0,0,,,,,
1037025252541217,100064197037125,"PC Merchandise","UNBOXING: GTX 1660S fresh stock just arrived! 📦",,0,"09/30/2023 17:00",,https://www.facebook.com/pcmerchandise.co/posts/pfbid0KpQoZvAnIGzW502uTOWI0wHdTAy3ueNAuWGj4i8rPeWM04aREjB8uBXP,0,0,Photos,,,,,09/27/2023,,,0,0,0,0,0,0,,,,,
1037025252541217,100064197037125,"PC Merchandise","UNBOXING: GTX 1660S fresh stock just arrived! 📦",,0,"09/30/2023 17:00",,https://www.facebook.com/pcmerchandise.co/posts/pfbid0KpQoZvAnIGzW502uTOWI0wHdTAy3ueNAuWGj4i8rPeWM04aREjB8uBXP,0,0,Photos,,,,,09/28/2023,,,0,0,0,0,0,0,,,,,
1037025252541217,100064197037125,"PC Merchandise","UNBOXING: GTX 1660S fresh stock just arrived! 📦",,0,"09/30/2023 17:00",,https://www.facebook.com/pcmerchandise.co/posts/pfbid0KpQoZvAnIGzW502uTOWI0wHdTAy3ueNAuWGj4i8rPeWM04aREjB8uBXP,0,0,Photos,,,,,09/29/2023,,,0,0,0,0,0,0,,,,,
1037025252541217,100064197037125,"PC Merchandise","UNBOXING: GTX 1660S fresh stock just arrived! 📦",,0,"09/30/2023 17:00",,https://www.facebook.com/pcmerchandise.co/posts/pfbid0KpQoZvAnIGzW502uTOWI0wHdTAy3ueNAuWGj4i8rPeWM04aREjB8uBXP,0,0,Photos,,,,,09/30/2023,,,0,0,0,0,0,0,,,,,
1037567360962423,100064197037125,"PC Merchandise","𝐑𝐘𝐙𝐄𝐍 𝟓 𝟓𝟔𝟎𝟎𝐆 (𝟔𝐏𝐂𝐒) w/ 𝐑𝐓𝐗 𝟑𝟎𝟓𝟎
𝐆𝐀𝐌𝐈𝐍𝐆 𝐁𝐔𝐈𝐋𝐃
#PCMERCHANDISE #PCMBUILDS",,76,"09/30/2023 15:00",auto,https://www.facebook.com/reel/1316821482458194/,0,0,Reels,,,,,09/01/2023,0,,,,,,0,0,0,0,0,0.000,6.627
1037567360962423,100064197037125,"PC Merchandise","𝐑𝐘𝐙𝐄𝐍 𝟓 𝟓𝟔𝟎𝟎𝐆 (𝟔𝐏𝐂𝐒) w/ 𝐑𝐓𝐗 𝟑𝟎𝟓𝟎
𝐆𝐀𝐌𝐈𝐍𝐆 𝐁𝐔𝐈𝐋𝐃
#PCMERCHANDISE #PCMBUILDS",,76,"09/30/2023 15:00",auto,https://www.facebook.com/reel/1316821482458194/,0,0,Reels,,,,,09/02/2023,0,,,,,,0,0,0,0,0,0.000,4.547
1037567360962423,100064197037125,"PC Merchandise","𝐑𝐘𝐙𝐄𝐍 𝟓 𝟓𝟔𝟎𝟎𝐆 (𝟔𝐏𝐂𝐒) w/ 𝐑𝐓𝐗 𝟑𝟎𝟓𝟎
𝐆𝐀𝐌𝐈𝐍𝐆 𝐁𝐔𝐈𝐋𝐃
#PCMERCHANDISE #PCMBUILDS",,76,"09/30/2023 15:00",auto,https://www.facebook.com/reel/1316821482458194/,0,0,Reels,,,,,09/03/2023,0,,,,,,0,0,0,0,0,0.000,3.640
1037567360962423,100064197037125,"PC Merchandise","𝐑𝐘𝐙𝐄𝐍 𝟓 𝟓𝟔𝟎𝟎𝐆 (𝟔𝐏𝐂𝐒) w/ 𝐑𝐓𝐗 𝟑𝟎𝟓𝟎
𝐆𝐀𝐌𝐈𝐍𝐆 𝐁𝐔𝐈𝐋𝐃
#PCMERCHANDISE #PCMBUILDS",,76,"09/30/2023 15:00",auto,https://www.facebook.com/reel/1316821482458194/,0,0,Reels,,,,,09/04/2023,0,,,,,,0,0,0,0,0,0.000,5.098
1037567360962423,100064197037125,"PC Merchandise","𝐑𝐘𝐙𝐄𝐍 𝟓 𝟓𝟔𝟎𝟎𝐆 (𝟔𝐏𝐂𝐒) w/ 𝐑𝐓𝐗 𝟑𝟎𝟓𝟎
𝐆𝐀𝐌𝐈𝐍𝐆 𝐁𝐔𝐈𝐋𝐃
#PCMERCHANDISE #PCMBUILDS",,76,"09/30/2023 15:00",auto,https://www.facebook.com/reel/1316821482458194/,0,0,Reels,,,,,09/05/2023,0,,,,,,0,0,0,0,0,0.000,4.989
1037567360962423,100064197037125,"PC Merchandise","𝐑𝐘𝐙𝐄𝐍 𝟓 𝟓𝟔𝟎𝟎𝐆 (𝟔𝐏𝐂𝐒) w/ 𝐑𝐓𝐗 𝟑𝟎𝟓𝟎
𝐆𝐀𝐌𝐈𝐍𝐆 𝐁𝐔𝐈𝐋𝐃
#PCMERCHANDISE #PCMBUILDS",,76,"09/30/2023 15:00",auto,https://www.facebook.com/reel/1316821482458194/,0,0,Reels,,,,,09/06/2023,0,,,,,,0,0,0,0,0,0.000,6.287
1037567360962423,100064197037125,"PC Merchandise","𝐑𝐘𝐙𝐄𝐍 𝟓 𝟓𝟔𝟎𝟎𝐆 (𝟔𝐏𝐂𝐒) w/ 𝐑𝐓𝐗 𝟑𝟎𝟓𝟎
𝐆𝐀𝐌𝐈𝐍𝐆 𝐁𝐔𝐈𝐋𝐃
#PCMERCHANDISE #PCMBUILDS",,76,"09/30/2023 15:00",auto,https://www.facebook.com/reel/1316821482458194/,0,0,Reels,,,,,09/07/2023,0,,,,,,0,0,0,0,0,0.000,5.468
1037567360962423,100064197037125,"PC Merchandise","𝐑𝐘𝐙𝐄𝐍 𝟓 𝟓𝟔𝟎𝟎𝐆 (𝟔𝐏𝐂𝐒) w/ 𝐑𝐓𝐗 𝟑𝟎𝟓𝟎
𝐆𝐀𝐌𝐈𝐍𝐆 𝐁𝐔𝐈𝐋𝐃
#PCMERCHANDISE #PCMBUILDS",,76,"09/30/2023 15:00",auto,https://www.facebook.com/reel/1316821482458194/,0,0,Reels,,,,,09/08/2023,0,,,,,,0,0,0,0,0,0.000,4.677
1037567360962423,100064197037125,"PC Merchandise","𝐑𝐘𝐙𝐄𝐍 𝟓 𝟓𝟔𝟎𝟎𝐆 (𝟔𝐏𝐂𝐒) w/ 𝐑𝐓𝐗 𝟑𝟎𝟓𝟎
𝐆𝐀𝐌𝐈𝐍𝐆 𝐁𝐔𝐈𝐋𝐃
#PCMERCHANDISE #PCMBUILDS",,76,"09/30/2023 15:00",auto,https://www.facebook.com/reel/1316821482458194/,0,0,Reels,,,,,09/09/2023,0,,,,,,0,0,0,0,0,0.000,4.680
1037567360962423,100064197037125,"PC Merchandise","𝐑𝐘𝐙𝐄𝐍 𝟓 𝟓𝟔𝟎𝟎𝐆 (𝟔𝐏𝐂𝐒) w/ 𝐑𝐓𝐗 𝟑𝟎𝟓𝟎
𝐆𝐀𝐌𝐈𝐍𝐆 𝐁𝐔𝐈𝐋𝐃
#PCMERCHANDISE #PCMBUILDS",,76,"09/30/2023 15:00",auto,https://www.facebook.com/reel/1316821482458194/,0,0,Reels,,,,,09/10/2023,0,,,,,,0,0,0,0,0,0.000,4.119
1037567360962423,100064197037125,"PC Merchandise","𝐑𝐘𝐙𝐄𝐍 𝟓 𝟓𝟔𝟎𝟎𝐆 (𝟔𝐏𝐂𝐒) w/ 𝐑𝐓𝐗 𝟑𝟎𝟓𝟎
𝐆𝐀𝐌𝐈𝐍𝐆 𝐁𝐔𝐈𝐋𝐃
#PCMERCHANDISE #PCMBUILDS",,76,"09/30/2023 15:00",auto,https://www.facebook.com/reel/1316821482458194/,0,0,Reels,,,,,09/11/2023,0,,,,,,0,0,0,0,0,0.000,4.345
1037567360962423,100064197037125,"PC Merchandise","𝐑𝐘𝐙𝐄𝐍 𝟓 𝟓𝟔𝟎𝟎𝐆 (𝟔𝐏𝐂𝐒) w/ 𝐑𝐓𝐗 𝟑𝟎𝟓𝟎
𝐆𝐀𝐌𝐈𝐍𝐆 𝐁𝐔𝐈𝐋𝐃
#PCMERCHANDISE #PCMBUILDS",,76,"09/30/2023 15:00",auto,https://www.facebook.com/reel/1316821482458194/,0,0,Reels,,,,,09/12/2023,0,,,,,,0,0,0,0,0,0.000,4.957
1037567360962423,100064197037125,"PC Merchandise","𝐑𝐘𝐙𝐄𝐍 𝟓 𝟓𝟔𝟎𝟎𝐆 (𝟔𝐏𝐂𝐒) w/ 𝐑𝐓𝐗 𝟑𝟎𝟓𝟎
𝐆𝐀𝐌𝐈𝐍𝐆 𝐁𝐔𝐈𝐋𝐃
#PCMERCHANDISE #PCMBUILDS",,76,"09/30/2023 15:00",auto,https://www.facebook.com/reel/1316821482458194/,0,0,Reels,,,,,09/13/2023,0,,,,,,0,0,0,0,0,0.000,5.625
1037567360962423,100064197037125,"PC Merchandise","𝐑𝐘𝐙𝐄𝐍 𝟓 𝟓𝟔𝟎𝟎𝐆 (𝟔𝐏𝐂𝐒) w/ 𝐑𝐓𝐗 𝟑𝟎𝟓𝟎
𝐆𝐀𝐌𝐈𝐍𝐆 𝐁𝐔𝐈𝐋𝐃
#PCMERCHANDISE #PCMBUILDS",,76,"09/30/2023 15:00",auto,https://www.facebook.com/reel/1316821482458194/,0,0,Reels,,,,,09/14/2023,0,,,,,,0,0,0,0,0,0.000,6.595
1037567360962423,100064197037125,"PC Merchandise","𝐑𝐘𝐙𝐄𝐍 𝟓 𝟓𝟔𝟎𝟎𝐆 (𝟔𝐏𝐂𝐒) w/ 𝐑𝐓𝐗 𝟑𝟎𝟓𝟎
𝐆𝐀𝐌𝐈𝐍𝐆 𝐁𝐔𝐈𝐋𝐃
#PCMERCHANDISE #PCMBUILDS",,76,"09/30/2023 15:00",auto,https://www.facebook.com/reel/1316821482458194/,0,0,Reels,,,,,09/15/2023,0,,,,,,0,0,0,0,0,0.000,6.253
1037567360962423,100064197037125,"PC Merchandise","𝐑𝐘𝐙𝐄𝐍 𝟓 𝟓𝟔𝟎𝟎𝐆 (𝟔𝐏𝐂𝐒) w/ 𝐑𝐓𝐗 𝟑𝟎𝟓𝟎
𝐆𝐀𝐌𝐈𝐍𝐆 𝐁𝐔𝐈𝐋𝐃
#PCMERCHANDISE #PCMBUILDS",,76,"09/30/2023 15:00",auto,https://www.facebook.com/reel/1316821482458194/,0,0,Reels,,,,,09/16/2023,0,,,,,,0,0,0,0,0,0.000,6.349
1037567360962423,100064197037125,"PC Merchandise","𝐑𝐘𝐙𝐄𝐍 𝟓 𝟓𝟔𝟎𝟎𝐆 (𝟔𝐏𝐂𝐒) w/ 𝐑𝐓𝐗 𝟑𝟎𝟓𝟎
𝐆𝐀𝐌𝐈𝐍𝐆 𝐁𝐔𝐈𝐋𝐃
#PCMERCHANDISE #PCMBUILDS",,76,"09/30/2023 15:00",auto,https://www.facebook.com/reel/1316821482458194/,0,0,Reels,,,,,09/17/2023,0,,,,,,0,0,0,0,0,0.000,4.022
1037567360962423,100064197037125,"PC Merchandise","𝐑𝐘𝐙𝐄𝐍 𝟓 𝟓𝟔𝟎𝟎𝐆 (𝟔𝐏𝐂𝐒) w/ 𝐑𝐓𝐗 𝟑𝟎𝟓𝟎
𝐆𝐀𝐌𝐈𝐍𝐆 𝐁𝐔𝐈𝐋𝐃
#PCMERCHANDISE #PCMBUILDS",,76,"09/30/2023 15:00",auto,https://www.facebook.com/reel/1316821482458194/,0,0,Reels,,,,,09/18/2023,0,,,,,,0,0,0,0,0,0.000,4.294
1037567360962423,100064197037125,"PC Merchandise","𝐑𝐘𝐙𝐄𝐍 𝟓 𝟓𝟔𝟎𝟎𝐆 (𝟔𝐏𝐂𝐒) w/ 𝐑𝐓𝐗 𝟑𝟎𝟓𝟎
𝐆𝐀𝐌𝐈𝐍𝐆 𝐁𝐔𝐈𝐋𝐃
#PCMERCHANDISE #PCMBUILDS",,76,"09/30/2023 15:00",auto,https://www.facebook.com/reel/1316821482458194/,0,0,Reels,,,,,09/19/2023,0,,,,,,0,0,0,0,0,0.000,5.283
1037567360962423,100064197037125,"PC Merchandise","𝐑𝐘𝐙𝐄𝐍 𝟓 𝟓𝟔𝟎𝟎𝐆 (𝟔𝐏𝐂𝐒) w/ 𝐑𝐓𝐗 𝟑𝟎𝟓𝟎
𝐆𝐀𝐌𝐈𝐍𝐆 𝐁𝐔𝐈𝐋𝐃
#PCMERCHANDISE #PCMBUILDS",,76,"09/30/2023 15:00",auto,https://www.facebook.com/reel/1316821482458194/,0,0,Reels,,,,,09/20/2023,0,,,,,,0,0,0,0,0,0.000,5.971
1037567360962423,100064197037125,"PC Merchandise","𝐑𝐘𝐙𝐄𝐍 𝟓 𝟓𝟔𝟎𝟎𝐆 (𝟔𝐏𝐂𝐒) w/ 𝐑𝐓𝐗 𝟑𝟎𝟓𝟎
𝐆𝐀𝐌𝐈𝐍𝐆 𝐁𝐔𝐈𝐋𝐃
#PCMERCHANDISE #PCMBUILDS",,76,"09/30/2023 15:00",auto,https://www.facebook.com/reel/1316821482458194/,0,0,Reels,,,,,09/21/2023,0,,,,,,0,0,0,0,0,0.000,5.333
1037567360962423,100064197037125,"PC Merchandise","𝐑𝐘𝐙𝐄𝐍 𝟓 𝟓𝟔𝟎𝟎𝐆 (𝟔𝐏𝐂𝐒) w/ 𝐑𝐓𝐗 𝟑𝟎𝟓𝟎
𝐆𝐀𝐌𝐈𝐍𝐆 𝐁𝐔𝐈𝐋𝐃
#PCMERCHANDISE #PCMBUILDS",,76,"09/30/2023 15:00",auto,https://www.facebook.com/reel/1316821482458194/,0,0,Reels,,,,,09/22/2023,0,,,,,,0,0,0,0,0,0.000,5.371
1037567360962423,100064197037125,"PC Merchandise","𝐑𝐘𝐙𝐄𝐍 𝟓 𝟓𝟔𝟎𝟎𝐆 (𝟔𝐏𝐂𝐒) w/ 𝐑𝐓𝐗 𝟑𝟎𝟓𝟎
𝐆𝐀𝐌𝐈𝐍𝐆 𝐁𝐔𝐈𝐋𝐃
#PCMERCHANDISE #PCMBUILDS",,76,"09/30/2023 15:00",auto,https://www.facebook.com/reel/1316821482458194/,0,0,Reels,,,,,09/23/2023,0,,,,,,0,0,0,0,0,0.000,5.341
1037567360962423,100064197037125,"PC Merchandise","𝐑𝐘𝐙𝐄𝐍 𝟓 𝟓𝟔𝟎𝟎𝐆 (𝟔𝐏𝐂𝐒) w/ 𝐑𝐓𝐗 𝟑𝟎𝟓𝟎
𝐆𝐀𝐌𝐈𝐍𝐆 𝐁𝐔𝐈𝐋𝐃
#PCMERCHANDISE #PCMBUILDS",,76,"09/30/2023 15:00",auto,https://www.facebook.com/reel/1316821482458194/,0,0,Reels,,,,,09/24/2023,0,,,,,,0,0,0,0,0,0.000,4.308
1037567360962423,100064197037125,"PC Merchandise","𝐑𝐘𝐙𝐄𝐍 𝟓 𝟓𝟔𝟎𝟎𝐆 (𝟔𝐏𝐂𝐒) w/ 𝐑𝐓𝐗 𝟑𝟎𝟓𝟎
𝐆𝐀𝐌𝐈𝐍𝐆 𝐁𝐔𝐈𝐋𝐃
#PCMERCHANDISE #PCMBUILDS",,76,"09/30/2023 15:00",auto,https://www.facebook.com/reel/1316821482458194/,0,0,Reels,,,,,09/25/2023,0,,,,,,0,0,0,0,0,0.000,5.735
1037567360962423,100064197037125,"PC Merchandise","𝐑𝐘𝐙𝐄𝐍 𝟓 𝟓𝟔𝟎𝟎𝐆 (𝟔𝐏𝐂𝐒) w/ 𝐑𝐓𝐗 𝟑𝟎𝟓𝟎
𝐆𝐀𝐌𝐈𝐍𝐆 𝐁𝐔𝐈𝐋𝐃
#PCMERCHANDISE #PCMBUILDS",,76,"09/30/2023 15:00",auto,https://www.facebook.com/reel/1316821482458194/,0,0,Reels,,,,,09/26/2023,0,,,,,,0,0,0,0,0,0.000,5.695
1037567360962423,100064197037125,"PC Merchandise","𝐑𝐘𝐙𝐄𝐍 𝟓 𝟓𝟔𝟎𝟎𝐆 (𝟔𝐏𝐂𝐒) w/ 𝐑𝐓𝐗 𝟑𝟎𝟓𝟎
𝐆𝐀𝐌𝐈𝐍𝐆 𝐁𝐔𝐈𝐋𝐃
#PCMERCHANDISE #PCMBUILDS",,76,"09/30/2023 15:00",auto,https://www.facebook.com/reel/1316821482458194/,0,0,Reels,,,,,09/27/2023,0,,,,,,0,0,0,0,0,0.000,5.041
1037567360962423,100064197037125,"PC Merchandise","𝐑𝐘𝐙𝐄𝐍 𝟓 𝟓𝟔𝟎𝟎𝐆 (𝟔𝐏𝐂𝐒) w/ 𝐑𝐓𝐗 𝟑𝟎𝟓𝟎
𝐆𝐀𝐌𝐈𝐍𝐆 𝐁𝐔𝐈𝐋𝐃
#PCMERCHANDISE #PCMBUILDS",,76,"09/30/2023 15:00",auto,https://www.facebook.com/reel/1316821482458194/,0,0,Reels,,,,,09/28/2023,0,,,,,,0,0,0,0,0,0.000,4.528
1037567360962423,100064197037125,"PC Merchandise","𝐑𝐘𝐙𝐄𝐍 𝟓 𝟓𝟔𝟎𝟎𝐆 (𝟔𝐏𝐂𝐒) w/ 𝐑𝐓𝐗 𝟑𝟎𝟓𝟎
𝐆𝐀𝐌𝐈𝐍𝐆 𝐁𝐔𝐈𝐋𝐃
#PCMERCHANDISE #PCMBUILDS",,76,"09/30/2023 15:00",auto,https://www.facebook.com/reel/1316821482458194/,0,0,Reels,,,,,09/29/2023,0,,,,,,0,0,0,0,0,0.000,4.326
1037567360962423,100064197037125,"PC Merchandise","𝐑𝐘𝐙𝐄𝐍 𝟓 𝟓𝟔𝟎𝟎𝐆 (𝟔𝐏𝐂𝐒) w/ 𝐑𝐓𝐗 𝟑𝟎𝟓𝟎
𝐆𝐀𝐌𝐈𝐍𝐆 𝐁𝐔𝐈𝐋𝐃
#PCMERCHANDISE #PCMBUILDS",,76,"09/30/2023 15:00",auto,https://www.facebook.com/reel/1316821482458194/,0,0,Reels,,,,,09/30/2023,0,,,,,,0,0,0,0,0,1149.517,3.694
1036957072414968,100064197037125,"PC Merchandise","𝐢𝟑 𝟏𝟐𝟏𝟎𝟎𝐅 𝟖+𝟏 w/ 𝐑𝐗 𝟓𝟖𝟎
𝐆𝐀𝐌𝐈𝐍𝐆 𝐁𝐔𝐈𝐋𝐃
#PCMERCHANDISE #PCMBUILDS",,0,"09/30/2023 02:00",,https://www.facebook.com/pcmerchandise.co/posts/pfbid0ZCPylMB2jqiGpyVhsQEoVSyc6tMFrX0zpNxUj3EhSMe8WnyRxaolibym,0,0,Photos,,,,,09/30/2023,0,,,,,,,,,,,,
1036957072414968,100064197037125,"PC Merchandise","𝐢𝟑 𝟏𝟐𝟏𝟎𝟎𝐅 𝟖+𝟏 w/ 𝐑𝐗 𝟓𝟖𝟎
𝐆𝐀𝐌𝐈𝐍𝐆 𝐁𝐔𝐈𝐋𝐃
#PCMERCHANDISE #PCMBUILDS",,0,"09/30/2023 02:00",,https://www.facebook.com/pcmerchandise.co/posts/pfbid0ZCPylMB2jqiGpyVhsQEoVSyc6tMFrX0zpNxUj3EhSMe8WnyRxaolibym,0,0,Photos,,,,,09/01/2023,,,0,0,0,0,0,0,,,,,
1036957072414968,100064197037125,"PC Merchandise","𝐢𝟑 𝟏𝟐𝟏𝟎𝟎𝐅 𝟖+𝟏 w/ 𝐑𝐗 𝟓𝟖𝟎
𝐆𝐀𝐌𝐈𝐍𝐆 𝐁𝐔𝐈𝐋𝐃
#PCMERCHANDISE #PCMBUILDS",,0,"09/30/2023 02:00",,https://www.facebook.com/pcmerchandise.co/posts/pfbid0ZCPylMB2jqiGpyVhsQEoVSyc6tMFrX0zpNxUj3EhSMe8WnyRxaolibym,0,0,Photos,,,,,09/02/2023,,,0,0,0,0,0,0,,,,,
1036957072414968,100064197037125,"PC Merchandise","𝐢𝟑 𝟏𝟐𝟏𝟎𝟎𝐅 𝟖+𝟏 w/ 𝐑𝐗 𝟓𝟖𝟎
𝐆𝐀𝐌𝐈𝐍𝐆 𝐁𝐔𝐈𝐋𝐃
#PCMERCHANDISE #PCMBUILDS",,0,"09/30/2023 02:00",,https://www.facebook.com/pcmerchandise.co/posts/pfbid0ZCPylMB2jqiGpyVhsQEoVSyc6tMFrX0zpNxUj3EhSMe8WnyRxaolibym,0,0,Photos,,,,,09/03/2023,,,0,0,0,0,0,0,,,,,
1036957072414968,100064197037125,"PC Merchandise","𝐢𝟑 𝟏𝟐𝟏𝟎𝟎𝐅 𝟖+𝟏 w/ 𝐑𝐗 𝟓𝟖𝟎
𝐆𝐀𝐌𝐈𝐍𝐆 𝐁𝐔𝐈𝐋𝐃
#PCMERCHANDISE #PCMBUILDS",,0,"09/30/2023 02:00",,https://www.facebook.com/pcmerchandise.co/posts/pfbid0ZCPylMB2jqiGpyVhsQEoVSyc6tMFrX0zpNxUj3EhSMe8WnyRxaolibym,0,0,Photos,,,,,09/04/2023,,,0,0,0,0,0,0,,,,,
1036957072414968,100064197037125,"PC Merchandise","𝐢𝟑 𝟏𝟐𝟏𝟎𝟎𝐅 𝟖+𝟏 w/ 𝐑𝐗 𝟓𝟖𝟎
𝐆𝐀𝐌𝐈𝐍𝐆 𝐁𝐔𝐈𝐋𝐃
#PCMERCHANDISE #PCMBUILDS",,0,"09/30/2023 02:00",,https://www.facebook.com/pcmerchandise.co/posts/pfbid0ZCPylMB2jqiGpyVhsQEoVSyc6tMFrX0zpNxUj3EhSMe8WnyRxaolibym,0,0,Photos,,,,,09/05/2023,,,0,0,0,0,0,0,,,,,
1036957072414968,100064197037125,"PC Merchandise","𝐢𝟑 𝟏𝟐𝟏𝟎𝟎𝐅 𝟖+𝟏 w/ 𝐑𝐗 𝟓𝟖𝟎
𝐆𝐀𝐌𝐈𝐍𝐆 𝐁𝐔𝐈𝐋𝐃
#PCMERCHANDISE #PCMBUILDS",,0,"09/30/2023 02:00",,https://www.facebook.com/pcmerchandise.co/posts/pfbid0ZCPylMB2jqiGpyVhsQEoVSyc6tMFrX0zpNxUj3EhSMe8WnyRxaolibym,0,0,Photos,,,,,09/06/2023,,,0,0,0,0,0,0,,,,,
1036957072414968,100064197037125,"PC Merchandise","𝐢𝟑 𝟏𝟐𝟏𝟎𝟎𝐅 𝟖+𝟏 w/ 𝐑𝐗 𝟓𝟖𝟎
𝐆𝐀𝐌𝐈𝐍𝐆 𝐁𝐔𝐈𝐋𝐃
#PCMERCHANDISE #PCMBUILDS",,0,"09/30/2023 02:00",,https://www.facebook.com/pcmerchandise.co/posts/pfbid0ZCPylMB2jqiGpyVhsQEoVSyc6tMFrX0zpNxUj3EhSMe8WnyRxaolibym,0,0,Photos,,,,,09/07/2023,,,0,0,0,0,0,0,,,,,
1036957072414968,100064197037125,"PC Merchandise","𝐢𝟑 𝟏𝟐𝟏𝟎𝟎𝐅 𝟖+𝟏 w/ 𝐑𝐗 𝟓𝟖𝟎
𝐆𝐀𝐌𝐈𝐍𝐆 𝐁𝐔𝐈𝐋𝐃
#PCMERCHANDISE #PCMBUILDS",,0,"09/30/2023 02:00",,https://www.facebook.com/pcmerchandise.co/posts/pfbid0ZCPylMB2jqiGpyVhsQEoVSyc6tMFrX0zpNxUj3EhSMe8WnyRxaolibym,0,0,Photos,,,,,09/08/2023,,,0,0,0,0,0,0,,,,,
1036957072414968,100064197037125,"PC Merchandise","𝐢𝟑 𝟏𝟐𝟏𝟎𝟎𝐅 𝟖+𝟏 w/ 𝐑𝐗 𝟓𝟖𝟎
𝐆𝐀𝐌𝐈𝐍𝐆 𝐁𝐔𝐈𝐋𝐃
#PCMERCHANDISE #PCMBUILDS",,0,"09/30/2023 02:00",,https://www.facebook.com/pcmerchandise.co/posts/pfbid0ZCPylMB2jqiGpyVhsQEoVSyc6tMFrX0zpNxUj3EhSMe8WnyRxaolibym,0,0,Photos,,,,,09/09/2023,,,0,0,0,0,0,0,,,,,
1036957072414968,100064197037125,"PC Merchandise","𝐢𝟑 𝟏𝟐𝟏𝟎𝟎𝐅 𝟖+𝟏 w/ 𝐑𝐗 𝟓𝟖𝟎
𝐆𝐀𝐌𝐈𝐍𝐆 𝐁𝐔𝐈𝐋𝐃
#PCMERCHANDISE #PCMBUILDS",,0,"09/30/2023 02:00",,https://www.facebook.com/pcmerchandise.co/posts/pfbid0ZCPylMB2jqiGpyVhsQEoVSyc6tMFrX0zpNxUj3EhSMe8WnyRxaolibym,0,0,Photos,,,,,09/10/2023,,,0,0,0,0,0,0,,,,,
1036957072414968,100064197037125,"PC Merchandise","𝐢𝟑 𝟏𝟐𝟏𝟎𝟎𝐅 𝟖+𝟏 w/ 𝐑𝐗 𝟓𝟖𝟎
𝐆𝐀𝐌𝐈𝐍𝐆 𝐁𝐔𝐈𝐋𝐃
#PCMERCHANDISE #PCMBUILDS",,0,"09/30/2023 02:00",,https://www.facebook.com/pcmerchandise.co/posts/pfbid0ZCPylMB2jqiGpyVhsQEoVSyc6tMFrX0zpNxUj3EhSMe8WnyRxaolibym,0,0,Photos,,,,,09/11/2023,,,0,0,0,0,0,0,,,,,
1036957072414968,100064197037125,"PC Merchandise","𝐢𝟑 𝟏𝟐𝟏𝟎𝟎𝐅 𝟖+𝟏 w/ 𝐑𝐗 𝟓𝟖𝟎
𝐆𝐀𝐌𝐈𝐍𝐆 𝐁𝐔𝐈𝐋𝐃
#PCMERCHANDISE #PCMBUILDS",,0,"09/30/2023 02:00",,https://www.facebook.com/pcmerchandise.co/posts/pfbid0ZCPylMB2jqiGpyVhsQEoVSyc6tMFrX0zpNxUj3EhSMe8WnyRxaolibym,0,0,Photos,,,,,09/12/2023,,,0,0,0,0,0,0,,,,,
1036957072414968,100064197037125,"PC Merchandise","𝐢𝟑 𝟏𝟐𝟏𝟎𝟎𝐅 𝟖+𝟏 w/ 𝐑𝐗 𝟓𝟖𝟎
𝐆𝐀𝐌𝐈𝐍𝐆 𝐁𝐔𝐈𝐋𝐃
#PCMERCHANDISE #PCMBUILDS",,0,"09/30/2023 02:00",,https://www.facebook.com/pcmerchandise.co/posts/pfbid0ZCPylMB2jqiGpyVhsQEoVSyc6tMFrX0zpNxUj3EhSMe8WnyRxaolibym,0,0,Photos,,,,,09/13/2023,,,0,0,0,0,0,0,,,,,
1036957072414968,100064197037125,"PC Merchandise","𝐢𝟑 𝟏𝟐𝟏𝟎𝟎𝐅 𝟖+𝟏 w/ 𝐑𝐗 𝟓𝟖𝟎
𝐆𝐀𝐌𝐈𝐍𝐆 𝐁𝐔𝐈𝐋𝐃
#PCMERCHANDISE #PCMBUILDS",,0,"09/30/2023 02:00",,https://www.facebook.com/pcmerchandise.co/posts/pfbid0ZCPylMB2jqiGpyVhsQEoVSyc6tMFrX0zpNxUj3EhSMe8WnyRxaolibym,0,0,Photos,,,,,09/14/2023,,,0,0,0,0,0,0,,,,,
1036957072414968,100064197037125,"PC Merchandise","𝐢𝟑 𝟏𝟐𝟏𝟎𝟎𝐅 𝟖+𝟏 w/ 𝐑𝐗 𝟓𝟖𝟎
𝐆𝐀𝐌𝐈𝐍𝐆 𝐁𝐔𝐈𝐋𝐃
#PCMERCHANDISE #PCMBUILDS",,0,"09/30/2023 02:00",,https://www.facebook.com/pcmerchandise.co/posts/pfbid0ZCPylMB2jqiGpyVhsQEoVSyc6tMFrX0zpNxUj3EhSMe8WnyRxaolibym,0,0,Photos,,,,,09/15/2023,,,0,0,0,0,0,0,,,,,
1036957072414968,100064197037125,"PC Merchandise","𝐢𝟑 𝟏𝟐𝟏𝟎𝟎𝐅 𝟖+𝟏 w/ 𝐑𝐗 𝟓𝟖𝟎
𝐆𝐀𝐌𝐈𝐍𝐆 𝐁𝐔𝐈𝐋𝐃
#PCMERCHANDISE #PCMBUILDS",,0,"09/30/2023 02:00",,https://www.facebook.com/pcmerchandise.co/posts/pfbid0ZCPylMB2jqiGpyVhsQEoVSyc6tMFrX0zpNxUj3EhSMe8WnyRxaolibym,0,0,Photos,,,,,09/16/2023,,,0,0,0,0,0,0,,,,,
1036957072414968,100064197037125,"PC Merchandise","𝐢𝟑 𝟏𝟐𝟏𝟎𝟎𝐅 𝟖+𝟏 w/ 𝐑𝐗 𝟓𝟖𝟎
𝐆𝐀𝐌𝐈𝐍𝐆 𝐁𝐔𝐈𝐋𝐃
#PCMERCHANDISE #PCMBUILDS",,0,"09/30/2023 02:00",,https://www.facebook.com/pcmerchandise.co/posts/pfbid0ZCPylMB2jqiGpyVhsQEoVSyc6tMFrX0zpNxUj3EhSMe8WnyRxaolibym,0,0,Photos,,,,,09/17/2023,,,0,0,0,0,0,0,,,,,
1036957072414968,100064197037125,"PC Merchandise","𝐢𝟑 𝟏𝟐𝟏𝟎𝟎𝐅 𝟖+𝟏 w/ 𝐑𝐗 𝟓𝟖𝟎
𝐆𝐀𝐌𝐈𝐍𝐆 𝐁𝐔𝐈𝐋𝐃
#PCMERCHANDISE #PCMBUILDS",,0,"09/30/2023 02:00",,https://www.facebook.com/pcmerchandise.co/posts/pfbid0ZCPylMB2jqiGpyVhsQEoVSyc6tMFrX0zpNxUj3EhSMe8WnyRxaolibym,0,0,Photos,,,,,09/18/2023,,,0,0,0,0,0,0,,,,,
1036957072414968,100064197037125,"PC Merchandise","𝐢𝟑 𝟏𝟐𝟏𝟎𝟎𝐅 𝟖+𝟏 w/ 𝐑𝐗 𝟓𝟖𝟎
𝐆𝐀𝐌𝐈𝐍𝐆 𝐁𝐔𝐈𝐋𝐃
#PCMERCHANDISE #PCMBUILDS",,0,"09/30/2023 02:00",,https://www.facebook.com/pcmerchandise.co/posts/pfbid0ZCPylMB2jqiGpyVhsQEoVSyc6tMFrX0zpNxUj3EhSMe8WnyRxaolibym,0,0,Photos,,,,,09/19/2023,,,0,0,0,0,0,0,,,,,
1036957072414968,100064197037125,"PC Merchandise","𝐢𝟑 𝟏𝟐𝟏𝟎𝟎𝐅 𝟖+𝟏 w/ 𝐑𝐗 𝟓𝟖𝟎
𝐆𝐀𝐌𝐈𝐍𝐆 𝐁𝐔𝐈𝐋𝐃
#PCMERCHANDISE #PCMBUILDS",,0,"09/30/2023 02:00",,https://www.facebook.com/pcmerchandise.co/posts/pfbid0ZCPylMB2jqiGpyVhsQEoVSyc6tMFrX0zpNxUj3EhSMe8WnyRxaolibym,0,0,Photos,,,,,09/20/2023,,,0,0,0,0,0,0,,,,,
1036957072414968,100064197037125,"PC Merchandise","𝐢𝟑 𝟏𝟐𝟏𝟎𝟎𝐅 𝟖+𝟏 w/ 𝐑𝐗 𝟓𝟖𝟎
𝐆𝐀𝐌𝐈𝐍𝐆 𝐁𝐔𝐈𝐋𝐃
#PCMERCHANDISE #PCMBUILDS",,0,"09/30/2023 02:00",,https://www.facebook.com/pcmerchandise.co/posts/pfbid0ZCPylMB2jqiGpyVhsQEoVSyc6tMFrX0zpNxUj3EhSMe8WnyRxaolibym,0,0,Photos,,,,,09/21/2023,,,0,0,0,0,0,0,,,,,
1036957072414968,100064197037125,"PC Merchandise","𝐢𝟑 𝟏𝟐𝟏𝟎𝟎𝐅 𝟖+𝟏 w/ 𝐑𝐗 𝟓𝟖𝟎
𝐆𝐀𝐌𝐈𝐍𝐆 𝐁𝐔𝐈𝐋𝐃
#PCMERCHANDISE #PCMBUILDS",,0,"09/30/2023 02:00",,https://www.facebook.com/pcmerchandise.co/posts/pfbid0ZCPylMB2jqiGpyVhsQEoVSyc6tMFrX0zpNxUj3EhSMe8WnyRxaolibym,0,0,Photos,,,,,09/22/2023,,,0,0,0,0,0,0,,,,,
1036957072414968,100064197037125,"PC Merchandise","𝐢𝟑 𝟏𝟐𝟏𝟎𝟎𝐅 𝟖+𝟏 w/ 𝐑𝐗 𝟓𝟖𝟎
𝐆𝐀𝐌𝐈𝐍𝐆 𝐁𝐔𝐈𝐋𝐃
#PCMERCHANDISE #PCMBUILDS",,0,"09/30/2023 02:00",,https://www.facebook.com/pcmerchandise.co/posts/pfbid0ZCPylMB2jqiGpyVhsQEoVSyc6tMFrX0zpNxUj3EhSMe8WnyRxaolibym,0,0,Photos,,,,,09/23/2023,,,0,0,0,0,0,0,,,,,
1036957072414968,100064197037125,"PC Merchandise","𝐢𝟑 𝟏𝟐𝟏𝟎𝟎𝐅 𝟖+𝟏 w/ 𝐑𝐗 𝟓𝟖𝟎
𝐆𝐀𝐌𝐈𝐍𝐆 𝐁𝐔𝐈𝐋𝐃
#PCMERCHANDISE #PCMBUILDS",,0,"09/30/2023 02:00",,https://www.facebook.com/pcmerchandise.co/posts/pfbid0ZCPylMB2jqiGpyVhsQEoVSyc6tMFrX0zpNxUj3EhSMe8WnyRxaolibym,0,0,Photos,,,,,09/24/2023,,,0,0,0,0,0,0,,,,,
1036957072414968,100064197037125,"PC Merchandise","𝐢𝟑 𝟏𝟐𝟏𝟎𝟎𝐅 𝟖+𝟏 w/ 𝐑𝐗 𝟓𝟖𝟎
𝐆𝐀𝐌𝐈𝐍𝐆 𝐁𝐔𝐈𝐋𝐃
#PCMERCHANDISE #PCMBUILDS",,0,"09/30/2023 02:00",,https://www.facebook.com/pcmerchandise.co/posts/pfbid0ZCPylMB2jqiGpyVhsQEoVSyc6tMFrX0zpNxUj3EhSMe8WnyRxaolibym,0,0,Photos,,,,,09/25/2023,,,0,0,0,0,0,0,,,,,
1036957072414968,100064197037125,"PC Merchandise","𝐢𝟑 𝟏𝟐𝟏𝟎𝟎𝐅 𝟖+𝟏 w/ 𝐑𝐗 𝟓𝟖𝟎
𝐆𝐀𝐌𝐈𝐍𝐆 𝐁𝐔𝐈𝐋𝐃
#PCMERCHANDISE #PCMBUILDS",,0,"09/30/2023 02:00",,https://www.facebook.com/pcmerchandise.co/posts/pfbid0ZCPylMB2jqiGpyVhsQEoVSyc6tMFrX0zpNxUj3EhSMe8WnyRxaolibym,0,0,Photos,,,,,09/26/2023,,,0,0,0,0,0,0,,,,,
1036957072414968,100064197037125,"PC Merchandise","𝐢𝟑 𝟏𝟐𝟏𝟎𝟎𝐅 𝟖+𝟏 w/ 𝐑𝐗 𝟓𝟖𝟎
𝐆𝐀𝐌𝐈𝐍𝐆 𝐁𝐔𝐈𝐋𝐃
#PCMERCHANDISE #PCMBUILDS",,0,"09/30/2023 02:00",,https://www.facebook.com/pcmerchandise.co/posts/pfbid0ZCPylMB2jqiGpyVhsQEoVSyc6tMFrX0zpNxUj3EhSMe8WnyRxaolibym,0,0,Photos,,,,,09/27/2023,,,0,0,0,0,0,0,,,,,
1036957072414968,100064197037125,"PC Merchandise","𝐢𝟑 𝟏𝟐𝟏𝟎𝟎𝐅 𝟖+𝟏 w/ 𝐑𝐗 𝟓𝟖𝟎
𝐆𝐀𝐌𝐈𝐍𝐆 𝐁𝐔𝐈𝐋𝐃
#PCMERCHANDISE #PCMBUILDS",,0,"09/30/2023 02:00",,https://www.facebook.com/pcmerchandise.co/posts/pfbid0ZCPylMB2jqiGpyVhsQEoVSyc6tMFrX0zpNxUj3EhSMe8WnyRxaolibym,0,0,Photos,,,,,09/28/2023,,,0,0,0,0,0,0,,,,,
1036957072414968,100064197037125,"PC Merchandise","𝐢𝟑 𝟏𝟐𝟏𝟎𝟎𝐅 𝟖+𝟏 w/ 𝐑𝐗 𝟓𝟖𝟎
𝐆𝐀𝐌𝐈𝐍𝐆 𝐁𝐔𝐈𝐋𝐃
#PCMERCHANDISE #PCMBUILDS",,0,"09/30/2023 02:00",,https://www.facebook.com/pcmerchandise.co/posts/pfbid0ZCPylMB2jqiGpyVhsQEoVSyc6tMFrX0zpNxUj3EhSMe8WnyRxaolibym,0,0,Photos,,,,,09/29/2023,,,0,0,0,0,0,0,,,,,
1036957072414968,100064197037125,"PC Merchandise","𝐢𝟑 𝟏𝟐𝟏𝟎𝟎𝐅 𝟖+𝟏 w/ 𝐑𝐗 𝟓𝟖𝟎
𝐆𝐀𝐌𝐈𝐍𝐆 𝐁𝐔𝐈𝐋𝐃
#PCMERCHANDISE #PCMBUILDS",,0,"09/30/2023 02:00",,https://www.facebook.com/pcmerchandise.co/posts/pfbid0ZCPylMB2jqiGpyVhsQEoVSyc6tMFrX0zpNxUj3EhSMe8WnyRxaolibym,0,0,Photos,,,,,09/30/2023,,,0,0,0,0,0,0,,,,,
1037693166924834,100064197037125,"PC Merchandise","𝐑𝐘𝐙𝐄𝐍 𝟓 𝟓𝟔𝟎𝟎𝐆 w/ 𝐑𝐗 𝟔𝟔𝟎𝟎
𝐆𝐀𝐌𝐈𝐍𝐆 𝐁𝐔𝐈𝐋𝐃
#PCMERCHANDISE #PCMBUILDS",,0,"09/29/2023 17:00",,https://www.facebook.com/pcmerchandise.co/posts/pfbid0cfeo9bJWZUwd3a5ckQa0eezSXutg8wGIiXdZECaX38b9U0R96SjUSjNp,0,0,Photos,,,,,09/30/2023,0,,,,,,,,,,,,
1037693166924834,100064197037125,"PC Merchandise","𝐑𝐘𝐙𝐄𝐍 𝟓 𝟓𝟔𝟎𝟎𝐆 w/ 𝐑𝐗 𝟔𝟔𝟎𝟎
𝐆𝐀𝐌𝐈𝐍𝐆 𝐁𝐔𝐈𝐋𝐃
#PCMERCHANDISE #PCMBUILDS",,0,"09/29/2023 17:00",,https://www.facebook.com/pcmerchandise.co/posts/pfbid0cfeo9bJWZUwd3a5ckQa0eezSXutg8wGIiXdZECaX38b9U0R96SjUSjNp,0,0,Photos,,,,,09/01/2023,,,0,0,0,0,0,0,,,,,
1037693166924834,100064197037125,"PC Merchandise","𝐑𝐘𝐙𝐄𝐍 𝟓 𝟓𝟔𝟎𝟎𝐆 w/ 𝐑𝐗 𝟔𝟔𝟎𝟎
𝐆𝐀𝐌𝐈𝐍𝐆 𝐁𝐔𝐈𝐋𝐃
#PCMERCHANDISE #PCMBUILDS",,0,"09/29/2023 17:00",,https://www.facebook.com/pcmerchandise.co/posts/pfbid0cfeo9bJWZUwd3a5ckQa0eezSXutg8wGIiXdZECaX38b9U0R96SjUSjNp,0,0,Photos,,,,,09/02/2023,,,0,0,0,0,0,0,,,,,
1037693166924834,100064197037125,"PC Merchandise","𝐑𝐘𝐙𝐄𝐍 𝟓 𝟓𝟔𝟎𝟎𝐆 w/ 𝐑𝐗 𝟔𝟔𝟎𝟎
𝐆𝐀𝐌𝐈𝐍𝐆 𝐁𝐔𝐈𝐋𝐃
#PCMERCHANDISE #PCMBUILDS",,0,"09/29/2023 17:00",,https://www.facebook.com/pcmerchandise.co/posts/pfbid0cfeo9bJWZUwd3a5ckQa0eezSXutg8wGIiXdZECaX38b9U0R96SjUSjNp,0,0,Photos,,,,,09/03/2023,,,0,0,0,0,0,0,,,,,
1037693166924834,100064197037125,"PC Merchandise","𝐑𝐘𝐙𝐄𝐍 𝟓 𝟓𝟔𝟎𝟎𝐆 w/ 𝐑𝐗 𝟔𝟔𝟎𝟎
𝐆𝐀𝐌𝐈𝐍𝐆 𝐁𝐔𝐈𝐋𝐃
#PCMERCHANDISE #PCMBUILDS",,0,"09/29/2023 17:00",,https://www.facebook.com/pcmerchandise.co/posts/pfbid0cfeo9bJWZUwd3a5ckQa0eezSXutg8wGIiXdZECaX38b9U0R96SjUSjNp,0,0,Photos,,,,,09/04/2023,,,0,0,0,0,0,0,,,,,
1037693166924834,100064197037125,"PC Merchandise","𝐑𝐘𝐙𝐄𝐍 𝟓 𝟓𝟔𝟎𝟎𝐆 w/ 𝐑𝐗 𝟔𝟔𝟎𝟎
𝐆𝐀𝐌𝐈𝐍𝐆 𝐁𝐔𝐈𝐋𝐃
#PCMERCHANDISE #PCMBUILDS",,0,"09/29/2023 17:00",,https://www.facebook.com/pcmerchandise.co/posts/pfbid0cfeo9bJWZUwd3a5ckQa0eezSXutg8wGIiXdZECaX38b9U0R96SjUSjNp,0,0,Photos,,,,,09/05/2023,,,0,0,0,0,0,0,,,,,
1037693166924834,100064197037125,"PC Merchandise","𝐑𝐘𝐙𝐄𝐍 𝟓 𝟓𝟔𝟎𝟎𝐆 w/ 𝐑𝐗 𝟔𝟔𝟎𝟎
𝐆𝐀𝐌𝐈𝐍𝐆 𝐁𝐔𝐈𝐋𝐃
#PCMERCHANDISE #PCMBUILDS",,0,"09/29/2023 17:00",,https://www.facebook.com/pcmerchandise.co/posts/pfbid0cfeo9bJWZUwd3a5ckQa0eezSXutg8wGIiXdZECaX38b9U0R96SjUSjNp,0,0,Photos,,,,,09/06/2023,,,0,0,0,0,0,0,,,,,
1037693166924834,100064197037125,"PC Merchandise","𝐑𝐘𝐙𝐄𝐍 𝟓 𝟓𝟔𝟎𝟎𝐆 w/ 𝐑𝐗 𝟔𝟔𝟎𝟎
𝐆𝐀𝐌𝐈𝐍𝐆 𝐁𝐔𝐈𝐋𝐃
#PCMERCHANDISE #PCMBUILDS",,0,"09/29/2023 17:00",,https://www.facebook.com/pcmerchandise.co/posts/pfbid0cfeo9bJWZUwd3a5ckQa0eezSXutg8wGIiXdZECaX38b9U0R96SjUSjNp,0,0,Photos,,,,,09/07/2023,,,0,0,0,0,0,0,,,,,
1037693166924834,100064197037125,"PC Merchandise","𝐑𝐘𝐙𝐄𝐍 𝟓 𝟓𝟔𝟎𝟎𝐆 w/ 𝐑𝐗 𝟔𝟔𝟎𝟎
𝐆𝐀𝐌𝐈𝐍𝐆 𝐁𝐔𝐈𝐋𝐃
#PCMERCHANDISE #PCMBUILDS",,0,"09/29/2023 17:00",,https://www.facebook.com/pcmerchandise.co/posts/pfbid0cfeo9bJWZUwd3a5ckQa0eezSXutg8wGIiXdZECaX38b9U0R96SjUSjNp,0,0,Photos,,,,,09/08/2023,,,0,0,0,0,0,0,,,,,
1037693166924834,100064197037125,"PC Merchandise","𝐑𝐘𝐙𝐄𝐍 𝟓 𝟓𝟔𝟎𝟎𝐆 w/ 𝐑𝐗 𝟔𝟔𝟎𝟎
𝐆𝐀𝐌𝐈𝐍𝐆 𝐁𝐔𝐈𝐋𝐃
#PCMERCHANDISE #PCMBUILDS",,0,"09/29/2023 17:00",,https://www.facebook.com/pcmerchandise.co/posts/pfbid0cfeo9bJWZUwd3a5ckQa0eezSXutg8wGIiXdZECaX38b9U0R96SjUSjNp,0,0,Photos,,,,,09/09/2023,,,0,0,0,0,0,0,,,,,
1037693166924834,100064197037125,"PC Merchandise","𝐑𝐘𝐙𝐄𝐍 𝟓 𝟓𝟔𝟎𝟎𝐆 w/ 𝐑𝐗 𝟔𝟔𝟎𝟎
𝐆𝐀𝐌𝐈𝐍𝐆 𝐁𝐔𝐈𝐋𝐃
#PCMERCHANDISE #PCMBUILDS",,0,"09/29/2023 17:00",,https://www.facebook.com/pcmerchandise.co/posts/pfbid0cfeo9bJWZUwd3a5ckQa0eezSXutg8wGIiXdZECaX38b9U0R96SjUSjNp,0,0,Photos,,,,,09/10/2023,,,0,0,0,0,0,0,,,,,
1037693166924834,100064197037125,"PC Merchandise","𝐑𝐘𝐙𝐄𝐍 𝟓 𝟓𝟔𝟎𝟎𝐆 w/ 𝐑𝐗 𝟔𝟔𝟎𝟎
𝐆𝐀𝐌𝐈𝐍𝐆 𝐁𝐔𝐈𝐋𝐃
#PCMERCHANDISE #PCMBUILDS",,0,"09/29/2023 17:00",,https://www.facebook.com/pcmerchandise.co/posts/pfbid0cfeo9bJWZUwd3a5ckQa0eezSXutg8wGIiXdZECaX38b9U0R96SjUSjNp,0,0,Photos,,,,,09/11/2023,,,0,0,0,0,0,0,,,,,
1037693166924834,100064197037125,"PC Merchandise","𝐑𝐘𝐙𝐄𝐍 𝟓 𝟓𝟔𝟎𝟎𝐆 w/ 𝐑𝐗 𝟔𝟔𝟎𝟎
𝐆𝐀𝐌𝐈𝐍𝐆 𝐁𝐔𝐈𝐋𝐃
#PCMERCHANDISE #PCMBUILDS",,0,"09/29/2023 17:00",,https://www.facebook.com/pcmerchandise.co/posts/pfbid0cfeo9bJWZUwd3a5ckQa0eezSXutg8wGIiXdZECaX38b9U0R96SjUSjNp,0,0,Photos,,,,,09/12/2023,,,0,0,0,0,0,0,,,,,
1037693166924834,100064197037125,"PC Merchandise","𝐑𝐘𝐙𝐄𝐍 𝟓 𝟓𝟔𝟎𝟎𝐆 w/ 𝐑𝐗 𝟔𝟔𝟎𝟎
𝐆𝐀𝐌𝐈𝐍𝐆 𝐁𝐔𝐈𝐋𝐃
#PCMERCHANDISE #PCMBUILDS",,0,"09/29/2023 17:00",,https://www.facebook.com/pcmerchandise.co/posts/pfbid0cfeo9bJWZUwd3a5ckQa0eezSXutg8wGIiXdZECaX38b9U0R96SjUSjNp,0,0,Photos,,,,,09/13/2023,,,0,0,0,0,0,0,,,,,
1037693166924834,100064197037125,"PC Merchandise","𝐑𝐘𝐙𝐄𝐍 𝟓 𝟓𝟔𝟎𝟎𝐆 w/ 𝐑𝐗 𝟔𝟔𝟎𝟎
𝐆𝐀𝐌𝐈𝐍𝐆 𝐁𝐔𝐈𝐋𝐃
#PCMERCHANDISE #PCMBUILDS",,0,"09/29/2023 17:00",,https://www.facebook.com/pcmerchandise.co/posts/pfbid0cfeo9bJWZUwd3a5ckQa0eezSXutg8wGIiXdZECaX38b9U0R96SjUSjNp,0,0,Photos,,,,,09/14/2023,,,0,0,0,0,0,0,,,,,
1037693166924834,100064197037125,"PC Merchandise","𝐑𝐘𝐙𝐄𝐍 𝟓 𝟓𝟔𝟎𝟎𝐆 w/ 𝐑𝐗 𝟔𝟔𝟎𝟎
𝐆𝐀𝐌𝐈𝐍𝐆 𝐁𝐔𝐈𝐋𝐃
#PCMERCHANDISE #PCMBUILDS",,0,"09/29/2023 17:00",,https://www.facebook.com/pcmerchandise.co/posts/pfbid0cfeo9bJWZUwd3a5ckQa0eezSXutg8wGIiXdZECaX38b9U0R96SjUSjNp,0,0,Photos,,,,,09/15/2023,,,0,0,0,0,0,0,,,,,
1037693166924834,100064197037125,"PC Merchandise","𝐑𝐘𝐙𝐄𝐍 𝟓 𝟓𝟔𝟎𝟎𝐆 w/ 𝐑𝐗 𝟔𝟔𝟎𝟎
𝐆𝐀𝐌𝐈𝐍𝐆 𝐁𝐔𝐈𝐋𝐃
#PCMERCHANDISE #PCMBUILDS",,0,"09/29/2023 17:00",,https://www.facebook.com/pcmerchandise.co/posts/pfbid0cfeo9bJWZUwd3a5ckQa0eezSXutg8wGIiXdZECaX38b9U0R96SjUSjNp,0,0,Photos,,,,,09/16/2023,,,0,0,0,0,0,0,,,,,
1037693166924834,100064197037125,"PC Merchandise","𝐑𝐘𝐙𝐄𝐍 𝟓 𝟓𝟔𝟎𝟎𝐆 w/ 𝐑𝐗 𝟔𝟔𝟎𝟎
𝐆𝐀𝐌𝐈𝐍𝐆 𝐁𝐔𝐈𝐋𝐃
#PCMERCHANDISE #PCMBUILDS",,0,"09/29/2023 17:00",,https://www.facebook.com/pcmerchandise.co/posts/pfbid0cfeo9bJWZUwd3a5ckQa0eezSXutg8wGIiXdZECaX38b9U0R96SjUSjNp,0,0,Photos,,,,,09/17/2023,,,0,0,0,0,0,0,,,,,
1037693166924834,100064197037125,"PC Merchandise","𝐑𝐘𝐙𝐄𝐍 𝟓 𝟓𝟔𝟎𝟎𝐆 w/ 𝐑𝐗 𝟔𝟔𝟎𝟎
𝐆𝐀𝐌𝐈𝐍𝐆 𝐁𝐔𝐈𝐋𝐃
#PCMERCHANDISE #PCMBUILDS",,0,"09/29/2023 17:00",,https://www.facebook.com/pcmerchandise.co/posts/pfbid0cfeo9bJWZUwd3a5ckQa0eezSXutg8wGIiXdZECaX38b9U0R96SjUSjNp,0,0,Photos,,,,,09/18/2023,,,0,0,0,0,0,0,,,,,
1037693166924834,100064197037125,"PC Merchandise","𝐑𝐘𝐙𝐄𝐍 𝟓 𝟓𝟔𝟎𝟎𝐆 w/ 𝐑𝐗 𝟔𝟔𝟎𝟎
𝐆𝐀𝐌𝐈𝐍𝐆 𝐁𝐔𝐈𝐋𝐃
#PCMERCHANDISE #PCMBUILDS",,0,"09/29/2023 17:00",,https://www.facebook.com/pcmerchandise.co/posts/pfbid0cfeo9bJWZUwd3a5ckQa0eezSXutg8wGIiXdZECaX38b9U0R96SjUSjNp,0,0,Photos,,,,,09/19/2023,,,0,0,0,0,0,0,,,,,
1037693166924834,100064197037125,"PC Merchandise","𝐑𝐘𝐙𝐄𝐍 𝟓 𝟓𝟔𝟎𝟎𝐆 w/ 𝐑𝐗 𝟔𝟔𝟎𝟎
𝐆𝐀𝐌𝐈𝐍𝐆 𝐁𝐔𝐈𝐋𝐃
#PCMERCHANDISE #PCMBUILDS",,0,"09/29/2023 17:00",,https://www.facebook.com/pcmerchandise.co/posts/pfbid0cfeo9bJWZUwd3a5ckQa0eezSXutg8wGIiXdZECaX38b9U0R96SjUSjNp,0,0,Photos,,,,,09/20/2023,,,0,0,0,0,0,0,,,,,
1037693166924834,100064197037125,"PC Merchandise","𝐑𝐘𝐙𝐄𝐍 𝟓 𝟓𝟔𝟎𝟎𝐆 w/ 𝐑𝐗 𝟔𝟔𝟎𝟎
𝐆𝐀𝐌𝐈𝐍𝐆 𝐁𝐔𝐈𝐋𝐃
#PCMERCHANDISE #PCMBUILDS",,0,"09/29/2023 17:00",,https://www.facebook.com/pcmerchandise.co/posts/pfbid0cfeo9bJWZUwd3a5ckQa0eezSXutg8wGIiXdZECaX38b9U0R96SjUSjNp,0,0,Photos,,,,,09/21/2023,,,0,0,0,0,0,0,,,,,
1037693166924834,100064197037125,"PC Merchandise","𝐑𝐘𝐙𝐄𝐍 𝟓 𝟓𝟔𝟎𝟎𝐆 w/ 𝐑𝐗 𝟔𝟔𝟎𝟎
𝐆𝐀𝐌𝐈𝐍𝐆 𝐁𝐔𝐈𝐋𝐃
#PCMERCHANDISE #PCMBUILDS",,0,"09/29/2023 17:00",,https://www.facebook.com/pcmerchandise.co/posts/pfbid0cfeo9bJWZUwd3a5ckQa0eezSXutg8wGIiXdZECaX38b9U0R96SjUSjNp,0,0,Photos,,,,,09/22/2023,,,0,0,0,0,0,0,,,,,
1037693166924834,100064197037125,"PC Merchandise","𝐑𝐘𝐙𝐄𝐍 𝟓 𝟓𝟔𝟎𝟎𝐆 w/ 𝐑𝐗 𝟔𝟔𝟎𝟎
𝐆𝐀𝐌𝐈𝐍𝐆 𝐁𝐔𝐈𝐋𝐃
#PCMERCHANDISE #PCMBUILDS",,0,"09/29/2023 17:00",,https://www.facebook.com/pcmerchandise.co/posts/pfbid0cfeo9bJWZUwd3a5ckQa0eezSXutg8wGIiXdZECaX38b9U0R96SjUSjNp,0,0,Photos,,,,,09/23/2023,,,0,0,0,0,0,0,,,,,
1037693166924834,100064197037125,"PC Merchandise","𝐑𝐘𝐙𝐄𝐍 𝟓 𝟓𝟔𝟎𝟎𝐆 w/ 𝐑𝐗 𝟔𝟔𝟎𝟎
𝐆𝐀𝐌𝐈𝐍𝐆 𝐁𝐔𝐈𝐋𝐃
#PCMERCHANDISE #PCMBUILDS",,0,"09/29/2023 17:00",,https://www.facebook.com/pcmerchandise.co/posts/pfbid0cfeo9bJWZUwd3a5ckQa0eezSXutg8wGIiXdZECaX38b9U0R96SjUSjNp,0,0,Photos,,,,,09/24/2023,,,0,0,0,0,0,0,,,,,
1037693166924834,100064197037125,"PC Merchandise","𝐑𝐘𝐙𝐄𝐍 𝟓 𝟓𝟔𝟎𝟎𝐆 w/ 𝐑𝐗 𝟔𝟔𝟎𝟎
𝐆𝐀𝐌𝐈𝐍𝐆 𝐁𝐔𝐈𝐋𝐃
#PCMERCHANDISE #PCMBUILDS",,0,"09/29/2023 17:00",,https://www.facebook.com/pcmerchandise.co/posts/pfbid0cfeo9bJWZUwd3a5ckQa0eezSXutg8wGIiXdZECaX38b9U0R96SjUSjNp,0,0,Photos,,,,,09/25/2023,,,0,0,0,0,0,0,,,,,
1037693166924834,100064197037125,"PC Merchandise","𝐑𝐘𝐙𝐄𝐍 𝟓 𝟓𝟔𝟎𝟎𝐆 w/ 𝐑𝐗 𝟔𝟔𝟎𝟎
𝐆𝐀𝐌𝐈𝐍𝐆 𝐁𝐔𝐈𝐋𝐃
#PCMERCHANDISE #PCMBUILDS",,0,"09/29/2023 17:00",,https://www.facebook.com/pcmerchandise.co/posts/pfbid0cfeo9bJWZUwd3a5ckQa0eezSXutg8wGIiXdZECaX38b9U0R96SjUSjNp,0,0,Photos,,,,,09/26/2023,,,0,0,0,0,0,0,,,,,
1037693166924834,100064197037125,"PC Merchandise","𝐑𝐘𝐙𝐄𝐍 𝟓 𝟓𝟔𝟎𝟎𝐆 w/ 𝐑𝐗 𝟔𝟔𝟎𝟎
𝐆𝐀𝐌𝐈𝐍𝐆 𝐁𝐔𝐈𝐋𝐃
#PCMERCHANDISE #PCMBUILDS",,0,"09/29/2023 17:00",,https://www.facebook.com/pcmerchandise.co/posts/pfbid0cfeo9bJWZUwd3a5ckQa0eezSXutg8wGIiXdZECaX38b9U0R96SjUSjNp,0,0,Photos,,,,,09/27/2023,,,0,0,0,0,0,0,,,,,
1037693166924834,100064197037125,"PC Merchandise","𝐑𝐘𝐙𝐄𝐍 𝟓 𝟓𝟔𝟎𝟎𝐆 w/ 𝐑𝐗 𝟔𝟔𝟎𝟎
𝐆𝐀𝐌𝐈𝐍𝐆 𝐁𝐔𝐈𝐋𝐃
#PCMERCHANDISE #PCMBUILDS",,0,"09/29/2023 17:00",,https://www.facebook.com/pcmerchandise.co/posts/pfbid0cfeo9bJWZUwd3a5ckQa0eezSXutg8wGIiXdZECaX38b9U0R96SjUSjNp,0,0,Photos,,,,,09/28/2023,,,0,0,0,0,0,0,,,,,
1037693166924834,100064197037125,"PC Merchandise","𝐑𝐘𝐙𝐄𝐍 𝟓 𝟓𝟔𝟎𝟎𝐆 w/ 𝐑𝐗 𝟔𝟔𝟎𝟎
𝐆𝐀𝐌𝐈𝐍𝐆 𝐁𝐔𝐈𝐋𝐃
#PCMERCHANDISE #PCMBUILDS",,0,"09/29/2023 17:00",,https://www.facebook.com/pcmerchandise.co/posts/pfbid0cfeo9bJWZUwd3a5ckQa0eezSXutg8wGIiXdZECaX38b9U0R96SjUSjNp,0,0,Photos,,,,,09/29/2023,,,0,0,0,0,0,0,,,,,
1037693166924834,100064197037125,"PC Merchandise","𝐑𝐘𝐙𝐄𝐍 𝟓 𝟓𝟔𝟎𝟎𝐆 w/ 𝐑𝐗 𝟔𝟔𝟎𝟎
𝐆𝐀𝐌𝐈𝐍𝐆 𝐁𝐔𝐈𝐋𝐃
#PCMERCHANDISE #PCMBUILDS",,0,"09/29/2023 17:00",,https://www.facebook.com/pcmerchandise.co/posts/pfbid0cfeo9bJWZUwd3a5ckQa0eezSXutg8wGIiXdZECaX38b9U0R96SjUSjNp,0,0,Photos,,,,,09/30/2023,,,0,0,0,0,0,0,,,,,
1037205860031346,100064197037125,"PC Merchandise","Another comshop delivered! 10 units RYZEN 5 5600G para sa bagong negosyo ni DARVS 💪",,70,"09/29/2023 02:01",,https://www.facebook.com/reel/1214099126787135/,0,0,Reels,,,,,09/01/2023,0,,,,,,0,0,0,0,0,0.000,4.780
1037205860031346,100064197037125,"PC Merchandise","Another comshop delivered! 10 units RYZEN 5 5600G para sa bagong negosyo ni DARVS 💪",,70,"09/29/2023 02:01",,https://www.facebook.com/reel/1214099126787135/,0,0,Reels,,,,,09/02/2023,0,,,,,,0,0,0,0,0,0.000,3.586
1037205860031346,100064197037125,"PC Merchandise","Another comshop delivered! 10 units RYZEN 5 5600G para sa bagong negosyo ni DARVS 💪",,70,"09/29/2023 02:01",,https://www.facebook.com/reel/1214099126787135/,0,0,Reels,,,,,09/03/2023,0,,,,,,0,0,0,0,0,0.000,4.159
1037205860031346,100064197037125,"PC Merchandise","Another comshop delivered! 10 units RYZEN 5 5600G para sa bagong negosyo ni DARVS 💪",,70,"09/29/2023 02:01",,https://www.facebook.com/reel/1214099126787135/,0,0,Reels,,,,,09/04/2023,0,,,,,,0,0,0,0,0,0.000,3.620
1037205860031346,100064197037125,"PC Merchandise","Another comshop delivered! 10 units RYZEN 5 5600G para sa bagong negosyo ni DARVS 💪",,70,"09/29/2023 02:01",,https://www.facebook.com/reel/1214099126787135/,0,0,Reels,,,,,09/05/2023,0,,,,,,0,0,0,0,0,0.000,5.191
1037205860031346,100064197037125,"PC Merchandise","Another comshop delivered! 10 units RYZEN 5 5600G para sa bagong negosyo ni DARVS 💪",,70,"09/29/2023 02:01",,https://www.facebook.com/reel/1214099126787135/,0,0,Reels,,,,,09/06/2023,0,,,,,,0,0,0,0,0,0.000,4.301
1037205860031346,100064197037125,"PC Merchandise","Another comshop delivered! 10 units RYZEN 5 5600G para sa bagong negosyo ni DARVS 💪",,70,"09/29/2023 02:01",,https://www.facebook.com/reel/1214099126787135/,0,0,Reels,,,,,09/07/2023,0,,,,,,0,0,0,0,0,0.000,3.583
1037205860031346,100064197037125,"PC Merchandise","Another comshop delivered! 10 units RYZEN 5 5600G para sa bagong negosyo ni DARVS 💪",,70,"09/29/2023 02:01",,https://www.facebook.com/reel/1214099126787135/,0,0,Reels,,,,,09/08/2023,0,,,,,,0,0,0,0,0,0.000,3.891
1037205860031346,100064197037125,"PC Merchandise","Another comshop delivered! 10 units RYZEN 5 5600G para sa bagong negosyo ni DARVS 💪",,70,"09/29/2023 02:01",,https://www.facebook.com/reel/1214099126787135/,0,0,Reels,,,,,09/09/2023,0,,,,,,0,0,0,0,0,0.000,5.532
1037205860031346,100064197037125,"PC Merchandise","Another comshop delivered! 10 units RYZEN 5 5600G para sa bagong negosyo ni DARVS 💪",,70,"09/29/2023 02:01",,https://www.facebook.com/reel/1214099126787135/,0,0,Reels,,,,,09/10/2023,0,,,,,,0,0,0,0,0,0.000,4.722
1037205860031346,100064197037125,"PC Merchandise","Another comshop delivered! 10 units RYZEN 5 5600G para sa bagong negosyo ni DARVS 💪",,70,"09/29/2023 02:01",,https://www.facebook.com/reel/1214099126787135/,0,0,Reels,,,,,09/11/2023,0,,,,,,0,0,0,0,0,0.000,5.170
1037205860031346,100064197037125,"PC Merchandise","Another comshop delivered! 10 units RYZEN 5 5600G para sa bagong negosyo ni DARVS 💪",,70,"09/29/2023 02:01",,https://www.facebook.com/reel/1214099126787135/,0,0,Reels,,,,,09/12/2023,0,,,,,,0,0,0,0,0,0.000,4.867
1037205860031346,100064197037125,"PC Merchandise","Another comshop delivered! 10 units RYZEN 5 5600G para sa bagong negosyo ni DARVS 💪",,70,"09/29/2023 02:01",,https://www.facebook.com/reel/1214099126787135/,0,0,Reels,,,,,09/13/2023,0,,,,,,0,0,0,0,0,0.000,5.346
1037205860031346,100064197037125,"PC Merchandise","Another comshop delivered! 10 units RYZEN 5 5600G para sa bagong negosyo ni DARVS 💪",,70,"09/29/2023 02:01",,https://www.facebook.com/reel/1214099126787135/,0,0,Reels,,,,,09/14/2023,0,,,,,,0,0,0,0,0,0.000,3.669
1037205860031346,100064197037125,"PC Merchandise","Another comshop delivered! 10 units RYZEN 5 5600G para sa bagong negosyo ni DARVS 💪",,70,"09/29/2023 02:01",,https://www.facebook.com/reel/1214099126787135/,0,0,Reels,,,,,09/15/2023,0,,,,,,0,0,0,0,0,0.000,5.580
1037205860031346,100064197037125,"PC Merchandise","Another comshop delivered! 10 units RYZEN 5 5600G para sa bagong negosyo ni DARVS 💪",,70,"09/29/2023 02:01",,https://www.facebook.com/reel/1214099126787135/,0,0,Reels,,,,,09/16/2023,0,,,,,,0,0,0,0,0,0.000,4.364
1037205860031346,100064197037125,"PC Merchandise","Another comshop delivered! 10 units RYZEN 5 5600G para sa bagong negosyo ni DARVS 💪",,70,"09/29/2023 02:01",,https://www.facebook.com/reel/1214099126787135/,0,0,Reels,,,,,09/17/2023,0,,,,,,0,0,0,0,0,0.000,5.320
1037205860031346,100064197037125,"PC Merchandise","Another comshop delivered! 10 units RYZEN 5 5600G para sa bagong negosyo ni DARVS 💪",,70,"09/29/2023 02:01",,https://www.facebook.com/reel/1214099126787135/,0,0,Reels,,,,,09/18/2023,0,,,,,,0,0,0,0,0,0.000,4.256
1037205860031346,100064197037125,"PC Merchandise","Another comshop delivered! 10 units RYZEN 5 5600G para sa bagong negosyo ni DARVS 💪",,70,"09/29/2023 02:01",,https://www.facebook.com/reel/1214099126787135/,0,0,Reels,,,,,09/19/2023,0,,,,,,0,0,0,0,0,0.000,5.177
1037205860031346,100064197037125,"PC Merchandise","Another comshop delivered! 10 units RYZEN 5 5600G para sa bagong negosyo ni DARVS 💪",,70,"09/29/2023 02:01",,https://www.facebook.com/reel/1214099126787135/,0,0,Reels,,,,,09/20/2023,0,,,,,,0,0,0,0,0,0.000,6.252
1037205860031346,100064197037125,"PC Merchandise","Another comshop delivered! 10 units RYZEN 5 5600G para sa bagong negosyo ni DARVS 💪",,70,"09/29/2023 02:01",,https://www.facebook.com/reel/1214099126787135/,0,0,Reels,,,,,09/21/2023,0,,,,,,0,0,0,0,0,0.000,5.885
1037205860031346,100064197037125,"PC Merchandise","Another comshop delivered! 10 units RYZEN 5 5600G para sa bagong negosyo ni DARVS 💪",,70,"09/29/2023 02:01",,https://www.facebook.com/reel/1214099126787135/,0,0,Reels,,,,,09/22/2023,0,,,,,,0,0,0,0,0,0.000,4.892
1037205860031346,100064197037125,"PC Merchandise","Another comshop delivered! 10 units RYZEN 5 5600G para sa bagong negosyo ni DARVS 💪",,70,"09/29/2023 02:01",,https://www.facebook.com/reel/1214099126787135/,0,0,Reels,,,,,09/23/2023,0,,,,,,0,0,0,0,0,0.000,4.300
1037205860031346,100064197037125,"PC Merchandise","Another comshop delivered! 10 units RYZEN 5 5600G para sa bagong negosyo ni DARVS 💪",,70,"09/29/2023 02:01",,https://www.facebook.com/reel/1214099126787135/,0,0,Reels,,,,,09/24/2023,0,,,,,,0,0,0,0,0,0.000,6.365
1037205860031346,100064197037125,"PC Merchandise","Another comshop delivered! 10 units RYZEN 5 5600G para sa bagong negosyo ni DARVS 💪",,70,"09/29/2023 02:01",,https://www.facebook.com/reel/1214099126787135/,0,0,Reels,,,,,09/25/2023,0,,,,,,0,0,0,0,0,0.000,2.474
1037205860031346,100064197037125,"PC Merchandise","Another comshop delivered! 10 units RYZEN 5 5600G para sa bagong negosyo ni DARVS 💪",,70,"09/29/2023 02:01",,https://www.facebook.com/reel/1214099126787135/,0,0,Reels,,,,,09/26/2023,0,,,,,,0,0,0,0,0,0.000,4.247
1037205860031346,100064197037125,"PC Merchandise","Another comshop delivered! 10 units RYZEN 5 5600G para sa bagong negosyo ni DARVS 💪",,70,"09/29/2023 02:01",,https://www.facebook.com/reel/1214099126787135/,0,0,Reels,,,,,09/27/2023,0,,,,,,0,0,0,0,0,0.000,4.805
1037205860031346,100064197037125,"PC Merchandise","Another comshop delivered! 10 units RYZEN 5 5600G para sa bagong negosyo ni DARVS 💪",,70,"09/29/2023 02:01",,https://www.facebook.com/reel/1214099126787135/,0,0,Reels,,,,,09/28/2023,0,,,,,,0,0,0,0,0,0.000,5.291
1037205860031346,100064197037125,"PC Merchandise","Another comshop delivered! 10 units RYZEN 5 5600G para sa bagong negosyo ni DARVS 💪",,70,"09/29/2023 02:01",,https://www.facebook.com/reel/1214099126787135/,0,0,Reels,,,,,09/29/2023,0,,,,,,0,0,4,4,0,322.702,5.090
1037205860031346,100064197037125,"PC Merchandise","Another comshop delivered! 10 units RYZEN 5 5600G para sa bagong negosyo ni DARVS 💪",,70,"09/29/2023 02:01",,https://www.facebook.com/reel/1214099126787135/,0,0,Reels,,,,,09/30/2023,0,,,,,,0,0,3,3,0,145.719,4.195
1037384425930794,100064197037125,"PC Merchandise","𝐒𝐎𝐋𝐃 𝐑𝐘𝐙𝐄𝐍 𝟓 𝟓𝟔𝟎𝟎𝐆 (4PCS)
𝐏𝐄𝐑𝐒𝐎𝐍𝐀𝐋 𝐁𝐔𝐈𝐋𝐃
#PCMERCHANDISE #PCMBUILDS",,81,"09/27/2023 03:00",uploaded,https://www.facebook.com/reel/1238484491443019/,0,0,Reels,,,,,09/01/2023,0,,,,,,0,0,0,0,0,0.000,3.011
1037384425930794,100064197037125,"PC Merchandise","𝐒𝐎𝐋𝐃 𝐑𝐘𝐙𝐄𝐍 𝟓 𝟓𝟔𝟎𝟎𝐆 (4PCS)
𝐏𝐄𝐑𝐒𝐎𝐍𝐀𝐋 𝐁𝐔𝐈𝐋𝐃
#PCMERCHANDISE #PCMBUILDS",,81,"09/27/2023 03:00",uploaded,https://www.facebook.com/reel/1238484491443019/,0,0,Reels,,,,,09/02/2023,0,,,,,,0,0,0,0,0,0.000,2.666
1037384425930794,100064197037125,"PC Merchandise","𝐒𝐎𝐋𝐃 𝐑𝐘𝐙𝐄𝐍 𝟓 𝟓𝟔𝟎𝟎𝐆 (4PCS)
𝐏𝐄𝐑𝐒𝐎𝐍𝐀𝐋 𝐁𝐔𝐈𝐋𝐃
#PCMERCHANDISE #PCMBUILDS",,81,"09/27/2023 03:00",uploaded,https://www.facebook.com/reel/1238484491443019/,0,0,Reels,,,,,09/03/2023,0,,,,,,0,0,0,0,0,0.000,1.790
1037384425930794,100064197037125,"PC Merchandise","𝐒𝐎𝐋𝐃 𝐑𝐘𝐙𝐄𝐍 𝟓 𝟓𝟔𝟎𝟎𝐆 (4PCS)
𝐏𝐄𝐑𝐒𝐎𝐍𝐀𝐋 𝐁𝐔𝐈𝐋𝐃
#PCMERCHANDISE #PCMBUILDS",,81,"09/27/2023 03:00",uploaded,https://www.facebook.com/reel/1238484491443019/,0,0,Reels,,,,,09/04/2023,0,,,,,,0,0,0,0,0,0.000,2.405
1037384425930794,100064197037125,"PC Merchandise","𝐒𝐎𝐋𝐃 𝐑𝐘𝐙𝐄𝐍 𝟓 𝟓𝟔𝟎𝟎𝐆 (4PCS)
𝐏𝐄𝐑𝐒𝐎𝐍𝐀𝐋 𝐁𝐔𝐈𝐋𝐃
#PCMERCHANDISE #PCMBUILDS",,81,"09/27/2023 03:00",uploaded,https://www.facebook.com/reel/1238484491443019/,0,0,Reels,,,,,09/05/2023,0,,,,,,0,0,0,0,0,0.000,1.500
1037384425930794,100064197037125,"PC Merchandise","𝐒𝐎𝐋𝐃 𝐑𝐘𝐙𝐄𝐍 𝟓 𝟓𝟔𝟎𝟎𝐆 (4PCS)
𝐏𝐄𝐑𝐒𝐎𝐍𝐀𝐋 𝐁𝐔𝐈𝐋𝐃
#PCMERCHANDISE #PCMBUILDS",,81,"09/27/2023 03:00",uploaded,https://www.facebook.com/reel/1238484491443019/,0,0,Reels,,,,,09/06/2023,0,,,,,,0,0,0,0,0,0.000,2.411
1037384425930794,100064197037125,"PC Merchandise","𝐒𝐎𝐋𝐃 𝐑𝐘𝐙𝐄𝐍 𝟓 𝟓𝟔𝟎𝟎𝐆 (4PCS)
𝐏𝐄𝐑𝐒𝐎𝐍𝐀𝐋 𝐁𝐔𝐈𝐋𝐃
#PCMERCHANDISE #PCMBUILDS",,81,"09/27/2023 03:00",uploaded,https://www.facebook.com/reel/1238484491443019/,0,0,Reels,,,,,09/07/2023,0,,,,,,0,0,0,0,0,0.000,2.508
1037384425930794,100064197037125,"PC Merchandise","𝐒𝐎𝐋𝐃 𝐑𝐘𝐙𝐄𝐍 𝟓 𝟓𝟔𝟎𝟎𝐆 (4PCS)
𝐏𝐄𝐑𝐒𝐎𝐍𝐀𝐋 𝐁𝐔𝐈𝐋𝐃
#PCMERCHANDISE #PCMBUILDS",,81,"09/27/2023 03:00",uploaded,https://www.facebook.com/reel/1238484491443019/,0,0,Reels,,,,,09/08/2023,0,,,,,,0,0,0,0,0,0.000,2.087
1037384425930794,100064197037125,"PC Merchandise","𝐒𝐎𝐋𝐃 𝐑𝐘𝐙𝐄𝐍 𝟓 𝟓𝟔𝟎𝟎𝐆 (4PCS)
𝐏𝐄𝐑𝐒𝐎𝐍𝐀𝐋 𝐁𝐔𝐈𝐋𝐃
#PCMERCHANDISE #PCMBUILDS",,81,"09/27/2023 03:00",uploaded,https://www.facebook.com/reel/1238484491443019/,0,0,Reels,,,,,09/09/2023,0,,,,,,0,0,0,0,0,0.000,1.528
1037384425930794,100064197037125,"PC Merchandise","𝐒𝐎𝐋𝐃 𝐑𝐘𝐙𝐄𝐍 𝟓 𝟓𝟔𝟎𝟎𝐆 (4PCS)
𝐏𝐄𝐑𝐒𝐎𝐍𝐀𝐋 𝐁𝐔𝐈𝐋𝐃
#PCMERCHANDISE #PCMBUILDS",,81,"09/27/2023 03:00",uploaded,https://www.facebook.com/reel/1238484491443019/,0,0,Reels,,,,,09/10/2023,0,,,,,,0,0,0,0,0,0.000,1.500
1037384425930794,100064197037125,"PC Merchandise","𝐒𝐎𝐋𝐃 𝐑𝐘𝐙𝐄𝐍 𝟓 𝟓𝟔𝟎𝟎𝐆 (4PCS)
𝐏𝐄𝐑𝐒𝐎𝐍𝐀𝐋 𝐁𝐔𝐈𝐋𝐃
#PCMERCHANDISE #PCMBUILDS",,81,"09/27/2023 03:00",uploaded,https://www.facebook.com/reel/1238484491443019/,0,0,Reels,,,,,09/11/2023,0,,,,,,0,0,0,0,0,0.000,2.216
1037384425930794,100064197037125,"PC Merchandise","𝐒𝐎𝐋𝐃 𝐑𝐘𝐙𝐄𝐍 𝟓 𝟓𝟔𝟎𝟎𝐆 (4PCS)
𝐏𝐄𝐑𝐒𝐎𝐍𝐀𝐋 𝐁𝐔𝐈𝐋𝐃
#PCMERCHANDISE #PCMBUILDS",,81,"09/27/2023 03:00",uploaded,https://www.facebook.com/reel/1238484491443019/,0,0,Reels,,,,,09/12/2023,0,,,,,,0,0,0,0,0,0.000,2.111
1037384425930794,100064197037125,"PC Merchandise","𝐒𝐎𝐋𝐃 𝐑𝐘𝐙𝐄𝐍 𝟓 𝟓𝟔𝟎𝟎𝐆 (4PCS)
𝐏𝐄𝐑𝐒𝐎𝐍𝐀𝐋 𝐁𝐔𝐈𝐋𝐃
#PCMERCHANDISE #PCMBUILDS",,81,"09/27/2023 03:00",uploaded,https://www.facebook.com/reel/1238484491443019/,0,0,Reels,,,,,09/13/2023,0,,,,,,0,0,0,0,0,0.000,1.500
1037384425930794,100064197037125,"PC Merchandise","𝐒𝐎𝐋𝐃 𝐑𝐘𝐙𝐄𝐍 𝟓 𝟓𝟔𝟎𝟎𝐆 (4PCS)
𝐏𝐄𝐑𝐒𝐎𝐍𝐀𝐋 𝐁𝐔𝐈𝐋𝐃
#PCMERCHANDISE #PCMBUILDS",,81,"09/27/2023 03:00",uploaded,https://www.facebook.com/reel/1238484491443019/,0,0,Reels,,,,,09/14/2023,0,,,,,,0,0,0,0,0,0.000,2.617
1037384425930794,100064197037125,"PC Merchandise","𝐒𝐎𝐋𝐃 𝐑𝐘𝐙𝐄𝐍 𝟓 𝟓𝟔𝟎𝟎𝐆 (4PCS)
𝐏𝐄𝐑𝐒𝐎𝐍𝐀𝐋 𝐁𝐔𝐈𝐋𝐃
#PCMERCHANDISE #PCMBUILDS",,81,"09/27/2023 03:00",uploaded,https://www.facebook.com/reel/1238484491443019/,0,0,Reels,,,,,09/15/2023,0,,,,,,0,0,0,0,0,0.000,1.500
1037384425930794,100064197037125,"PC Merchandise","𝐒𝐎𝐋𝐃 𝐑𝐘𝐙𝐄𝐍 𝟓 𝟓𝟔𝟎𝟎𝐆 (4PCS)
𝐏𝐄𝐑𝐒𝐎𝐍𝐀𝐋 𝐁𝐔𝐈𝐋𝐃
#PCMERCHANDISE #PCMBUILDS",,81,"09/27/2023 03:00",uploaded,https://www.facebook.com/reel/1238484491443019/,0,0,Reels,,,,,09/16/2023,0,,,,,,0,0,0,0,0,0.000,2.274
1037384425930794,100064197037125,"PC Merchandise","𝐒𝐎𝐋𝐃 𝐑𝐘𝐙𝐄𝐍 𝟓 𝟓𝟔𝟎𝟎𝐆 (4PCS)
𝐏𝐄𝐑𝐒𝐎𝐍𝐀𝐋 𝐁𝐔𝐈𝐋𝐃
#PCMERCHANDISE #PCMBUILDS",,81,"09/27/2023 03:00",uploaded,https://www.facebook.com/reel/1238484491443019/,0,0,Reels,,,,,09/17/2023,0,,,,,,0,0,0,0,0,0.000,2.835
1037384425930794,100064197037125,"PC Merchandise","𝐒𝐎𝐋𝐃 𝐑𝐘𝐙𝐄𝐍 𝟓 𝟓𝟔𝟎𝟎𝐆 (4PCS)
𝐏𝐄𝐑𝐒𝐎𝐍𝐀𝐋 𝐁𝐔𝐈𝐋𝐃
#PCMERCHANDISE #PCMBUILDS",,81,"09/27/2023 03:00",uploaded,https://www.facebook.com/reel/1238484491443019/,0,0,Reels,,,,,09/18/2023,0,,,,,,0,0,0,0,0,0.000,2.518
1037384425930794,100064197037125,"PC Merchandise","𝐒𝐎𝐋𝐃 𝐑𝐘𝐙𝐄𝐍 𝟓 𝟓𝟔𝟎𝟎𝐆 (4PCS)
𝐏𝐄𝐑𝐒𝐎𝐍𝐀𝐋 𝐁𝐔𝐈𝐋𝐃
#PCMERCHANDISE #PCMBUILDS",,81,"09/27/2023 03:00",uploaded,https://www.facebook.com/reel/1238484491443019/,0,0,Reels,,,,,09/19/2023,0,,,,,,0,0,0,0,0,0.000,1.702
1037384425930794,100064197037125,"PC Merchandise","𝐒𝐎𝐋𝐃 𝐑𝐘𝐙𝐄𝐍 𝟓 𝟓𝟔𝟎𝟎𝐆 (4PCS)
𝐏𝐄𝐑𝐒𝐎𝐍𝐀𝐋 𝐁𝐔𝐈𝐋𝐃
#PCMERCHANDISE #PCMBUILDS",,81,"09/27/2023 03:00",uploaded,https://www.facebook.com/reel/1238484491443019/,0,0,Reels,,,,,09/20/2023,0,,,,,,0,0,0,0,0,0.000,1.927
1037384425930794,100064197037125,"PC Merchandise","𝐒𝐎𝐋𝐃 𝐑𝐘𝐙𝐄𝐍 𝟓 𝟓𝟔𝟎𝟎𝐆 (4PCS)
𝐏𝐄𝐑𝐒𝐎𝐍𝐀𝐋 𝐁𝐔𝐈𝐋𝐃
#PCMERCHANDISE #PCMBUILDS",,81,"09/27/2023 03:00",uploaded,https://www.facebook.com/reel/1238484491443019/,0,0,Reels,,,,,09/21/2023,0,,,,,,0,0,0,0,0,0.000,1.522
1037384425930794,100064197037125,"PC Merchandise","𝐒𝐎𝐋𝐃 𝐑𝐘𝐙𝐄𝐍 𝟓 𝟓𝟔𝟎𝟎𝐆 (4PCS)
𝐏𝐄𝐑𝐒𝐎𝐍𝐀𝐋 𝐁𝐔𝐈𝐋𝐃
#PCMERCHANDISE #PCMBUILDS",,81,"09/27/2023 03:00",uploaded,https://www.facebook.com/reel/1238484491443019/,0,0,Reels,,,,,09/22/2023,0,,,,,,0,0,0,0,0,0.000,1.990
1037384425930794,100064197037125,"PC Merchandise","𝐒𝐎𝐋𝐃 𝐑𝐘𝐙𝐄𝐍 𝟓 𝟓𝟔𝟎𝟎𝐆 (4PCS)
𝐏𝐄𝐑𝐒𝐎𝐍𝐀𝐋 𝐁𝐔𝐈𝐋𝐃
#PCMERCHANDISE #PCMBUILDS",,81,"09/27/2023 03:00",uploaded,https://www.facebook.com/reel/1238484491443019/,0,0,Reels,,,,,09/23/2023,0,,,,,,0,0,0,0,0,0.000,2.224
1037384425930794,100064197037125,"PC Merchandise","𝐒𝐎𝐋𝐃 𝐑𝐘𝐙𝐄𝐍 𝟓 𝟓𝟔𝟎𝟎𝐆 (4PCS)
𝐏𝐄𝐑𝐒𝐎𝐍𝐀𝐋 𝐁𝐔𝐈𝐋𝐃
#PCMERCHANDISE #PCMBUILDS",,81,"09/27/2023 03:00",uploaded,https://www.facebook.com/reel/1238484491443019/,0,0,Reels,,,,,09/24/2023,0,,,,,,0,0,0,0,0,0.000,1.530
1037384425930794,100064197037125,"PC Merchandise","𝐒𝐎𝐋𝐃 𝐑𝐘𝐙𝐄𝐍 𝟓 𝟓𝟔𝟎𝟎𝐆 (4PCS)
𝐏𝐄𝐑𝐒𝐎𝐍𝐀𝐋 𝐁𝐔𝐈𝐋𝐃
#PCMERCHANDISE #PCMBUILDS",,81,"09/27/2023 03:00",uploaded,https://www.facebook.com/reel/1238484491443019/,0,0,Reels,,,,,09/25/2023,0,,,,,,0,0,0,0,0,0.000,1.778
1037384425930794,100064197037125,"PC Merchandise","𝐒𝐎𝐋𝐃 𝐑𝐘𝐙𝐄𝐍 𝟓 𝟓𝟔𝟎𝟎𝐆 (4PCS)
𝐏𝐄𝐑𝐒𝐎𝐍𝐀𝐋 𝐁𝐔𝐈𝐋𝐃
#PCMERCHANDISE #PCMBUILDS",,81,"09/27/2023 03:00",uploaded,https://www.facebook.com/reel/1238484491443019/,0,0,Reels,,,,,09/26/2023,0,,,,,,0,0,0,0,0,0.000,2.187
1037384425930794,100064197037125,"PC Merchandise","𝐒𝐎𝐋𝐃 𝐑𝐘𝐙𝐄𝐍 𝟓 𝟓𝟔𝟎𝟎𝐆 (4PCS)
𝐏𝐄𝐑𝐒𝐎𝐍𝐀𝐋 𝐁𝐔𝐈𝐋𝐃
#PCMERCHANDISE #PCMBUILDS",,81,"09/27/2023 03:00",uploaded,https://www.facebook.com/reel/1238484491443019/,0,0,Reels,,,,,09/27/2023,0,,,,,,0,0,0,0,0,226.702,2.172
1037384425930794,100064197037125,"PC Merchandise","𝐒𝐎𝐋𝐃 𝐑𝐘𝐙𝐄𝐍 𝟓 𝟓𝟔𝟎𝟎𝐆 (4PCS)
𝐏𝐄𝐑𝐒𝐎𝐍𝐀𝐋 𝐁𝐔𝐈𝐋𝐃
#PCMERCHANDISE #PCMBUILDS",,81,"09/27/2023 03:00",uploaded,https://www.facebook.com/reel/1238484491443019/,0,0,Reels,,,,,09/28/2023,0,,,,,,0,0,0,0,0,120.181,3.492
1037384425930794,100064197037125,"PC Merchandise","𝐒𝐎𝐋𝐃 𝐑𝐘𝐙𝐄𝐍 𝟓 𝟓𝟔𝟎𝟎𝐆 (4PCS)
𝐏𝐄𝐑𝐒𝐎𝐍𝐀𝐋 𝐁𝐔𝐈𝐋𝐃
#PCMERCHANDISE #PCMBUILDS",,81,"09/27/2023 03:00",uploaded,https://www.facebook.com/reel/1238484491443019/,0,0,Reels,,,,,09/29/2023,0,,,,,,0,0,0,0,0,65.064,3.383
1037384425930794,100064197037125,"PC Merchandise","𝐒𝐎𝐋𝐃 𝐑𝐘𝐙𝐄𝐍 𝟓 𝟓𝟔𝟎𝟎𝐆 (4PCS)
𝐏𝐄𝐑𝐒𝐎𝐍𝐀𝐋 𝐁𝐔𝐈𝐋𝐃
#PCMERCHANDISE #PCMBUILDS",,81,"09/27/2023 03:00",uploaded,https://www.facebook.com/reel/1238484491443019/,0,0,Reels,,,,,09/30/2023,0,,,,,,0,0,0,0,0,78.289,2.590
1037226978539374,100064197037125,"PC Merchandise","BUDGET BUILD ALERT 🚨 RYZEN 5 4600G + RX 6600 — perfect for online class and gaming!",,0,"09/27/2023 02:00",,https://www.facebook.com/pcmerchandise.co/posts/pfbid0e9jTgVyTS0dgEJFpok9MD3CCIjvcsIfdAeW0N8VcMIFCpfqkodkRzb1B,0,0,Photos,,,,,09/30/2023,1,,,,,,,,,,,,
1037226978539374,100064197037125,"PC Merchandise","BUDGET BUILD ALERT 🚨 RYZEN 5 4600G + RX 6600 — perfect for online class and gaming!",,0,"09/27/2023 02:00",,https://www.facebook.com/pcmerchandise.co/posts/pfbid0e9jTgVyTS0dgEJFpok9MD3CCIjvcsIfdAeW0N8VcMIFCpfqkodkRzb1B,0,0,Photos,,,,,09/01/2023,,,0,0,0,0,0,0,,,,,
1037226978539374,100064197037125,"PC Merchandise","BUDGET BUILD ALERT 🚨 RYZEN 5 4600G + RX 6600 — perfect for online class and gaming!",,0,"09/27/2023 02:00",,https://www.facebook.com/pcmerchandise.co/posts/pfbid0e9jTgVyTS0dgEJFpok9MD3CCIjvcsIfdAeW0N8VcMIFCpfqkodkRzb1B,0,0,Photos,,,,,09/02/2023,,,0,0,0,0,0,0,,,,,
1037226978539374,100064197037125,"PC Merchandise","BUDGET BUILD ALERT 🚨 RYZEN 5 4600G + RX 6600 — perfect for online class and gaming!",,0,"09/27/2023 02:00",,https://www.facebook.com/pcmerchandise.co/posts/pfbid0e9jTgVyTS0dgEJFpok9MD3CCIjvcsIfdAeW0N8VcMIFCpfqkodkRzb1B,0,0,Photos,,,,,09/03/2023,,,0,0,0,0,0,0,,,,,
1037226978539374,100064197037125,"PC Merchandise","BUDGET BUILD ALERT 🚨 RYZEN 5 4600G + RX 6600 — perfect for online class and gaming!",,0,"09/27/2023 02:00",,https://www.facebook.com/pcmerchandise.co/posts/pfbid0e9jTgVyTS0dgEJFpok9MD3CCIjvcsIfdAeW0N8VcMIFCpfqkodkRzb1B,0,0,Photos,,,,,09/04/2023,,,0,0,0,0,0,0,,,,,
1037226978539374,100064197037125,"PC Merchandise","BUDGET BUILD ALERT 🚨 RYZEN 5 4600G + RX 6600 — perfect for online class and gaming!",,0,"09/27/2023 02:00",,https://www.facebook.com/pcmerchandise.co/posts/pfbid0e9jTgVyTS0dgEJFpok9MD3CCIjvcsIfdAeW0N8VcMIFCpfqkodkRzb1B,0,0,Photos,,,,,09/05/2023,,,0,0,0,0,0,0,,,,,
1037226978539374,100064197037125,"PC Merchandise","BUDGET BUILD ALERT 🚨 RYZEN 5 4600G + RX 6600 — perfect for online class and gaming!",,0,"09/27/2023 02:00",,https://www.facebook.com/pcmerchandise.co/posts/pfbid0e9jTgVyTS0dgEJFpok9MD3CCIjvcsIfdAeW0N8VcMIFCpfqkodkRzb1B,0,0,Photos,,,,,09/06/2023,,,0,0,0,0,0,0,,,,,
1037226978539374,100064197037125,"PC Merchandise","BUDGET BUILD ALERT 🚨 RYZEN 5 4600G + RX 6600 — perfect for online class and gaming!",,0,"09/27/2023 02:00",,https://www.facebook.com/pcmerchandise.co/posts/pfbid0e9jTgVyTS0dgEJFpok9MD3CCIjvcsIfdAeW0N8VcMIFCpfqkodkRzb1B,0,0,Photos,,,,,09/07/2023,,,0,0,0,0,0,0,,,,,
1037226978539374,100064197037125,"PC Merchandise","BUDGET BUILD ALERT 🚨 RYZEN 5 4600G + RX 6600 — perfect for online class and gaming!",,0,"09/27/2023 02:00",,https://www.facebook.com/pcmerchandise.co/posts/pfbid0e9jTgVyTS0dgEJFpok9MD3CCIjvcsIfdAeW0N8VcMIFCpfqkodkRzb1B,0,0,Photos,,,,,09/08/2023,,,0,0,0,0,0,0,,,,,
1037226978539374,100064197037125,"PC Merchandise","BUDGET BUILD ALERT 🚨 RYZEN 5 4600G + RX 6600 — perfect for online class and gaming!",,0,"09/27/2023 02:00",,https://www.facebook.com/pcmerchandise.co/posts/pfbid0e9jTgVyTS0dgEJFpok9MD3CCIjvcsIfdAeW0N8VcMIFCpfqkodkRzb1B,0,0,Photos,,,,,09/09/2023,,,0,0,0,0,0,0,,,,,
1037226978539374,100064197037125,"PC Merchandise","BUDGET BUILD ALERT 🚨 RYZEN 5 4600G + RX 6600 — perfect for online class and gaming!",,0,"09/27/2023 02:00",,https://www.facebook.com/pcmerchandise.co/posts/pfbid0e9jTgVyTS0dgEJFpok9MD3CCIjvcsIfdAeW0N8VcMIFCpfqkodkRzb1B,0,0,Photos,,,,,09/10/2023,,,0,0,0,0,0,0,,,,,
1037226978539374,100064197037125,"PC Merchandise","BUDGET BUILD ALERT 🚨 RYZEN 5 4600G + RX 6600 — perfect for online class and gaming!",,0,"09/27/2023 02:00",,https://www.facebook.com/pcmerchandise.co/posts/pfbid0e9jTgVyTS0dgEJFpok9MD3CCIjvcsIfdAeW0N8VcMIFCpfqkodkRzb1B,0,0,Photos,,,,,09/11/2023,,,0,0,0,0,0,0,,,,,
1037226978539374,100064197037125,"PC Merchandise","BUDGET BUILD ALERT 🚨 RYZEN 5 4600G + RX 6600 — perfect for online class and gaming!",,0,"09/27/2023 02:00",,https://www.facebook.com/pcmerchandise.co/posts/pfbid0e9jTgVyTS0dgEJFpok9MD3CCIjvcsIfdAeW0N8VcMIFCpfqkodkRzb1B,0,0,Photos,,,,,09/12/2023,,,0,0,0,0,0,0,,,,,
1037226978539374,100064197037125,"PC Merchandise","BUDGET BUILD ALERT 🚨 RYZEN 5 4600G + RX 6600 — perfect for online class and gaming!",,0,"09/27/2023 02:00",,https://www.facebook.com/pcmerchandise.co/posts/pfbid0e9jTgVyTS0dgEJFpok9MD3CCIjvcsIfdAeW0N8VcMIFCpfqkodkRzb1B,0,0,Photos,,,,,09/13/2023,,,0,0,0,0,0,0,,,,,
1037226978539374,100064197037125,"PC Merchandise","BUDGET BUILD ALERT 🚨 RYZEN 5 4600G + RX 6600 — perfect for online class and gaming!",,0,"09/27/2023 02:00",,https://www.facebook.com/pcmerchandise.co/posts/pfbid0e9jTgVyTS0dgEJFpok9MD3CCIjvcsIfdAeW0N8VcMIFCpfqkodkRzb1B,0,0,Photos,,,,,09/14/2023,,,0,0,0,0,0,0,,,,,
1037226978539374,100064197037125,"PC Merchandise","BUDGET BUILD ALERT 🚨 RYZEN 5 4600G + RX 6600 — perfect for online class and gaming!",,0,"09/27/2023 02:00",,https://www.facebook.com/pcmerchandise.co/posts/pfbid0e9jTgVyTS0dgEJFpok9MD3CCIjvcsIfdAeW0N8VcMIFCpfqkodkRzb1B,0,0,Photos,,,,,09/15/2023,,,0,0,0,0,0,0,,,,,
1037226978539374,100064197037125,"PC Merchandise","BUDGET BUILD ALERT 🚨 RYZEN 5 4600G + RX 6600 — perfect for online class and gaming!",,0,"09/27/2023 02:00",,https://www.facebook.com/pcmerchandise.co/posts/pfbid0e9jTgVyTS0dgEJFpok9MD3CCIjvcsIfdAeW0N8VcMIFCpfqkodkRzb1B,0,0,Photos,,,,,09/16/2023,,,0,0,0,0,0,0,,,,,
1037226978539374,100064197037125,"PC Merchandise","BUDGET BUILD ALERT 🚨 RYZEN 5 4600G + RX 6600 — perfect for online class and gaming!",,0,"09/27/2023 02:00",,https://www.facebook.com/pcmerchandise.co/posts/pfbid0e9jTgVyTS0dgEJFpok9MD3CCIjvcsIfdAeW0N8VcMIFCpfqkodkRzb1B,0,0,Photos,,,,,09/17/2023,,,0,0,0,0,0,0,,,,,
1037226978539374,100064197037125,"PC Merchandise","BUDGET BUILD ALERT 🚨 RYZEN 5 4600G + RX 6600 — perfect for online class and gaming!",,0,"09/27/2023 02:00",,https://www.facebook.com/pcmerchandise.co/posts/pfbid0e9jTgVyTS0dgEJFpok9MD3CCIjvcsIfdAeW0N8VcMIFCpfqkodkRzb1B,0,0,Photos,,,,,09/18/2023,,,0,0,0,0,0,0,,,,,
1037226978539374,100064197037125,"PC Merchandise","BUDGET BUILD ALERT 🚨 RYZEN 5 4600G + RX 6600 — perfect for online class and gaming!",,0,"09/27/2023 02:00",,https://www.facebook.com/pcmerchandise.co/posts/pfbid0e9jTgVyTS0dgEJFpok9MD3CCIjvcsIfdAeW0N8VcMIFCpfqkodkRzb1B,0,0,Photos,,,,,09/19/2023,,,0,0,0,0,0,0,,,,,
1037226978539374,100064197037125,"PC Merchandise","BUDGET BUILD ALERT 🚨 RYZEN 5 4600G + RX 6600 — perfect for online class and gaming!",,0,"09/27/2023 02:00",,https://www.facebook.com/pcmerchandise.co/posts/pfbid0e9jTgVyTS0dgEJFpok9MD3CCIjvcsIfdAeW0N8VcMIFCpfqkodkRzb1B,0,0,Photos,,,,,09/20/2023,,,0,0,0,0,0,0,,,,,
1037226978539374,100064197037125,"PC Merchandise","BUDGET BUILD ALERT 🚨 RYZEN 5 4600G + RX 6600 — perfect for online class and gaming!",,0,"09/27/2023 02:00",,https://www.facebook.com/pcmerchandise.co/posts/pfbid0e9jTgVyTS0dgEJFpok9MD3CCIjvcsIfdAeW0N8VcMIFCpfqkodkRzb1B,0,0,Photos,,,,,09/21/2023,,,0,0,0,0,0,0,,,,,
1037226978539374,100064197037125,"PC Merchandise","BUDGET BUILD ALERT 🚨 RYZEN 5 4600G + RX 6600 — perfect for online class and gaming!",,0,"09/27/2023 02:00",,https://www.facebook.com/pcmerchandise.co/posts/pfbid0e9jTgVyTS0dgEJFpok9MD3CCIjvcsIfdAeW0N8VcMIFCpfqkodkRzb1B,0,0,Photos,,,,,09/22/2023,,,0,0,0,0,0,0,,,,,
1037226978539374,100064197037125,"PC Merchandise","BUDGET BUILD ALERT 🚨 RYZEN 5 4600G + RX 6600 — perfect for online class and gaming!",,0,"09/27/2023 02:00",,https://www.facebook.com/pcmerchandise.co/posts/pfbid0e9jTgVyTS0dgEJFpok9MD3CCIjvcsIfdAeW0N8VcMIFCpfqkodkRzb1B,0,0,Photos,,,,,09/23/2023,,,0,0,0,0,0,0,,,,,
1037226978539374,100064197037125,"PC Merchandise","BUDGET BUILD ALERT 🚨 RYZEN 5 4600G + RX 6600 — perfect for online class and gaming!",,0,"09/27/2023 02:00",,https://www.facebook.com/pcmerchandise.co/posts/pfbid0e9jTgVyTS0dgEJFpok9MD3CCIjvcsIfdAeW0N8VcMIFCpfqkodkRzb1B,0,0,Photos,,,,,09/24/2023,,,0,0,0,0,0,0,,,,,
1037226978539374,100064197037125,"PC Merchandise","BUDGET BUILD ALERT 🚨 RYZEN 5 4600G + RX 6600 — perfect for online class and gaming!",,0,"09/27/2023 02:00",,https://www.facebook.com/pcmerchandise.co/posts/pfbid0e9jTgVyTS0dgEJFpok9MD3CCIjvcsIfdAeW0N8VcMIFCpfqkodkRzb1B,0,0,Photos,,,,,09/25/2023,,,0,0,0,0,0,0,,,,,
1037226978539374,100064197037125,"PC Merchandise","BUDGET BUILD ALERT 🚨 RYZEN 5 4600G + RX 6600 — perfect for online class and gaming!",,0,"09/27/2023 02:00",,https://www.facebook.com/pcmerchandise.co/posts/pfbid0e9jTgVyTS0dgEJFpok9MD3CCIjvcsIfdAeW0N8VcMIFCpfqkodkRzb1B,0,0,Photos,,,,,09/26/2023,,,0,0,0,0,0,0,,,,,
1037226978539374,100064197037125,"PC Merchandise","BUDGET BUILD ALERT 🚨 RYZEN 5 4600G + RX 6600 — perfect for online class and gaming!",,0,"09/27/2023 02:00",,https://www.facebook.com/pcmerchandise.co/posts/pfbid0e9jTgVyTS0dgEJFpok9MD3CCIjvcsIfdAeW0N8VcMIFCpfqkodkRzb1B,0,0,Photos,,,,,09/27/2023,,,0,0,0,0,0,0,,,,,
1037226978539374,100064197037125,"PC Merchandise","BUDGET BUILD ALERT 🚨 RYZEN 5 4600G + RX 6600 — perfect for online class and gaming!",,0,"09/27/2023 02:00",,https://www.facebook.com/pcmerchandise.co/posts/pfbid0e9jTgVyTS0dgEJFpok9MD3CCIjvcsIfdAeW0N8VcMIFCpfqkodkRzb1B,0,0,Photos,,,,,09/28/2023,,,0,0,0,0,0,0,,,,,
1037226978539374,100064197037125,"PC Merchandise","BUDGET BUILD ALERT 🚨 RYZEN 5 4600G + RX 6600 — perfect for online class and gaming!",,0,"09/27/2023 02:00",,https://www.facebook.com/pcmerchandise.co/posts/pfbid0e9jTgVyTS0dgEJFpok9MD3CCIjvcsIfdAeW0N8VcMIFCpfqkodkRzb1B,0,0,Photos,,,,,09/29/2023,,,0,0,0,0,0,0,,,,,
1037226978539374,100064197037125,"PC Merchandise","BUDGET BUILD ALERT 🚨 RYZEN 5 4600G + RX 6600 — perfect for online class and gaming!",,0,"09/27/2023 02:00",,https://www.facebook.com/pcmerchandise.co/posts/pfbid0e9jTgVyTS0dgEJFpok9MD3CCIjvcsIfdAeW0N8VcMIFCpfqkodkRzb1B,0,0,Photos,,,,,09/30/2023,,,0,0,0,0,0,0,,,,,
1037344603431592,100064197037125,"PC Merchandise","𝐏𝐑𝐈𝐂𝐄𝐋𝐈𝐒𝐓 𝟐𝟎𝟐𝟑 >>>
https://pcmerchandise.live/2023-COMSHOP-PACKAGES",,39,"09/26/2023 19:00",auto,https://www.facebook.com/reel/1808532695938160/,0,0,Reels,,,,,09/01/2023,0,,,,,,0,0,0,0,0,0.000,3.593
1037344603431592,100064197037125,"PC Merchandise","𝐏𝐑𝐈𝐂𝐄𝐋𝐈𝐒𝐓 𝟐𝟎𝟐𝟑 >>>
https://pcmerchandise.live/2023-COMSHOP-PACKAGES",,39,"09/26/2023 19:00",auto,https://www.facebook.com/reel/1808532695938160/,0,0,Reels,,,,,09/02/2023,0,,,,,,0,0,0,0,0,0.000,4.436
1037344603431592,100064197037125,"PC Merchandise","𝐏𝐑𝐈𝐂𝐄𝐋𝐈𝐒𝐓 𝟐𝟎𝟐𝟑 >>>
https://pcmerchandise.live/2023-COMSHOP-PACKAGES",,39,"09/26/2023 19:00",auto,https://www.facebook.com/reel/1808532695938160/,0,0,Reels,,,,,09/03/2023,0,,,,,,0,0,0,0,0,0.000,4.250
1037344603431592,100064197037125,"PC Merchandise","𝐏𝐑𝐈𝐂𝐄𝐋𝐈𝐒𝐓 𝟐𝟎𝟐𝟑 >>>
https://pcmerchandise.live/2023-COMSHOP-PACKAGES",,39,"09/26/2023 19:00",auto,https://www.facebook.com/reel/1808532695938160/,0,0,Reels,,,,,09/04/2023,0,,,,,,0,0,0,0,0,0.000,5.368
1037344603431592,100064197037125,"PC Merchandise","𝐏𝐑𝐈𝐂𝐄𝐋𝐈𝐒𝐓 𝟐𝟎𝟐𝟑 >>>
https://pcmerchandise.live/2023-COMSHOP-PACKAGES",,39,"09/26/2023 19:00",auto,https://www.facebook.com/reel/1808532695938160/,0,0,Reels,,,,,09/05/2023,0,,,,,,0,0,0,0,0,0.000,4.100
1037344603431592,100064197037125,"PC Merchandise","𝐏𝐑𝐈𝐂𝐄𝐋𝐈𝐒𝐓 𝟐𝟎𝟐𝟑 >>>
https://pcmerchandise.live/2023-COMSHOP-PACKAGES",,39,"09/26/2023 19:00",auto,https://www.facebook.com/reel/1808532695938160/,0,0,Reels,,,,,09/06/2023,0,,,,,,0,0,0,0,0,0.000,4.481
1037344603431592,100064197037125,"PC Merchandise","𝐏𝐑𝐈𝐂𝐄𝐋𝐈𝐒𝐓 𝟐𝟎𝟐𝟑 >>>
https://pcmerchandise.live/2023-COMSHOP-PACKAGES",,39,"09/26/2023 19:00",auto,https://www.facebook.com/reel/1808532695938160/,0,0,Reels,,,,,09/07/2023,0,,,,,,0,0,0,0,0,0.000,3.959
1037344603431592,100064197037125,"PC Merchandise","𝐏𝐑𝐈𝐂𝐄𝐋𝐈𝐒𝐓 𝟐𝟎𝟐𝟑 >>>
https://pcmerchandise.live/2023-COMSHOP-PACKAGES",,39,"09/26/2023 19:00",auto,https://www.facebook.com/reel/1808532695938160/,0,0,Reels,,,,,09/08/2023,0,,,,,,0,0,0,0,0,0.000,5.182
1037344603431592,100064197037125,"PC Merchandise","𝐏𝐑𝐈𝐂𝐄𝐋𝐈𝐒𝐓 𝟐𝟎𝟐𝟑 >>>
https://pcmerchandise.live/2023-COMSHOP-PACKAGES",,39,"09/26/2023 19:00",auto,https://www.facebook.com/reel/1808532695938160/,0,0,Reels,,,,,09/09/2023,0,,,,,,0,0,0,0,0,0.000,3.464
1037344603431592,100064197037125,"PC Merchandise","𝐏𝐑𝐈𝐂𝐄𝐋𝐈𝐒𝐓 𝟐𝟎𝟐𝟑 >>>
https://pcmerchandise.live/2023-COMSHOP-PACKAGES",,39,"09/26/2023 19:00",auto,https://www.facebook.com/reel/1808532695938160/,0,0,Reels,,,,,09/10/2023,0,,,,,,0,0,0,0,0,0.000,3.836
1037344603431592,100064197037125,"PC Merchandise","𝐏𝐑𝐈𝐂𝐄𝐋𝐈𝐒𝐓 𝟐𝟎𝟐𝟑 >>>
https://pcmerchandise.live/2023-COMSHOP-PACKAGES",,39,"09/26/2023 19:00",auto,https://www.facebook.com/reel/1808532695938160/,0,0,Reels,,,,,09/11/2023,0,,,,,,0,0,0,0,0,0.000,3.954
1037344603431592,100064197037125,"PC Merchandise","𝐏𝐑𝐈𝐂𝐄𝐋𝐈𝐒𝐓 𝟐𝟎𝟐𝟑 >>>
https://pcmerchandise.live/2023-COMSHOP-PACKAGES",,39,"09/26/2023 19:00",auto,https://www.facebook.com/reel/1808532695938160/,0,0,Reels,,,,,09/12/2023,0,,,,,,0,0,0,0,0,0.000,3.475
1037344603431592,100064197037125,"PC Merchandise","𝐏𝐑𝐈𝐂𝐄𝐋𝐈𝐒𝐓 𝟐𝟎𝟐𝟑 >>>
https://pcmerchandise.live/2023-COMSHOP-PACKAGES",,39,"09/26/2023 19:00",auto,https://www.facebook.com/reel/1808532695938160/,0,0,Reels,,,,,09/13/2023,0,,,,,,0,0,0,0,0,0.000,4.166
1037344603431592,100064197037125,"PC Merchandise","𝐏𝐑𝐈𝐂𝐄𝐋𝐈𝐒𝐓 𝟐𝟎𝟐𝟑 >>>
https://pcmerchandise.live/2023-COMSHOP-PACKAGES",,39,"09/26/2023 19:00",auto,https://www.facebook.com/reel/1808532695938160/,0,0,Reels,,,,,09/14/2023,0,,,,,,0,0,0,0,0,0.000,3.857
1037344603431592,100064197037125,"PC Merchandise","𝐏𝐑𝐈𝐂𝐄𝐋𝐈𝐒𝐓 𝟐𝟎𝟐𝟑 >>>
https://pcmerchandise.live/2023-COMSHOP-PACKAGES",,39,"09/26/2023 19:00",auto,https://www.facebook.com/reel/1808532695938160/,0,0,Reels,,,,,09/15/2023,0,,,,,,0,0,0,0,0,0.000,4.832
1037344603431592,100064197037125,"PC Merchandise","𝐏𝐑𝐈𝐂𝐄𝐋𝐈𝐒𝐓 𝟐𝟎𝟐𝟑 >>>
https://pcmerchandise.live/2023-COMSHOP-PACKAGES",,39,"09/26/2023 19:00",auto,https://www.facebook.com/reel/1808532695938160/,0,0,Reels,,,,,09/16/2023,0,,,,,,0,0,0,0,0,0.000,3.754
1037344603431592,100064197037125,"PC Merchandise","𝐏𝐑𝐈𝐂𝐄𝐋𝐈𝐒𝐓 𝟐𝟎𝟐𝟑 >>>
https://pcmerchandise.live/2023-COMSHOP-PACKAGES",,39,"09/26/2023 19:00",auto,https://www.facebook.com/reel/1808532695938160/,0,0,Reels,,,,,09/17/2023,0,,,,,,0,0,0,0,0,0.000,3.880
1037344603431592,100064197037125,"PC Merchandise","𝐏𝐑𝐈𝐂𝐄𝐋𝐈𝐒𝐓 𝟐𝟎𝟐𝟑 >>>
https://pcmerchandise.live/2023-COMSHOP-PACKAGES",,39,"09/26/2023 19:00",auto,https://www.facebook.com/reel/1808532695938160/,0,0,Reels,,,,,09/18/2023,0,,,,,,0,0,0,0,0,0.000,3.077
1037344603431592,100064197037125,"PC Merchandise","𝐏𝐑𝐈𝐂𝐄𝐋𝐈𝐒𝐓 𝟐𝟎𝟐𝟑 >>>
https://pcmerchandise.live/2023-COMSHOP-PACKAGES",,39,"09/26/2023 19:00",auto,https://www.facebook.com/reel/1808532695938160/,0,0,Reels,,,,,09/19/2023,0,,,,,,0,0,0,0,0,0.000,3.762
1037344603431592,100064197037125,"PC Merchandise","𝐏𝐑𝐈𝐂𝐄𝐋𝐈𝐒𝐓 𝟐𝟎𝟐𝟑 >>>
https://pcmerchandise.live/2023-COMSHOP-PACKAGES",,39,"09/26/2023 19:00",auto,https://www.facebook.com/reel/1808532695938160/,0,0,Reels,,,,,09/20/2023,0,,,,,,0,0,0,0,0,0.000,3.953
1037344603431592,100064197037125,"PC Merchandise","𝐏𝐑𝐈𝐂𝐄𝐋𝐈𝐒𝐓 𝟐𝟎𝟐𝟑 >>>
https://pcmerchandise.live/2023-COMSHOP-PACKAGES",,39,"09/26/2023 19:00",auto,https://www.facebook.com/reel/1808532695938160/,0,0,Reels,,,,,09/21/2023,0,,,,,,0,0,0,0,0,0.000,4.170
1037344603431592,100064197037125,"PC Merchandise","𝐏𝐑𝐈𝐂𝐄𝐋𝐈𝐒𝐓 𝟐𝟎𝟐𝟑 >>>
https://pcmerchandise.live/2023-COMSHOP-PACKAGES",,39,"09/26/2023 19:00",auto,https://www.facebook.com/reel/1808532695938160/,0,0,Reels,,,,,09/22/2023,0,,,,,,0,0,0,0,0,0.000,6.379
1037344603431592,100064197037125,"PC Merchandise","𝐏𝐑𝐈𝐂𝐄𝐋𝐈𝐒𝐓 𝟐𝟎𝟐𝟑 >>>
https://pcmerchandise.live/2023-COMSHOP-PACKAGES",,39,"09/26/2023 19:00",auto,https://www.facebook.com/reel/1808532695938160/,0,0,Reels,,,,,09/23/2023,0,,,,,,0,0,0,0,0,0.000,4.547
1037344603431592,100064197037125,"PC Merchandise","𝐏𝐑𝐈𝐂𝐄𝐋𝐈𝐒𝐓 𝟐𝟎𝟐𝟑 >>>
https://pcmerchandise.live/2023-COMSHOP-PACKAGES",,39,"09/26/2023 19:00",auto,https://www.facebook.com/reel/1808532695938160/,0,0,Reels,,,,,09/24/2023,0,,,,,,0,0,0,0,0,0.000,4.238
1037344603431592,100064197037125,"PC Merchandise","𝐏𝐑𝐈𝐂𝐄𝐋𝐈𝐒𝐓 𝟐𝟎𝟐𝟑 >>>
https://pcmerchandise.live/2023-COMSHOP-PACKAGES",,39,"09/26/2023 19:00",auto,https://www.facebook.com/reel/1808532695938160/,0,0,Reels,,,,,09/25/2023,0,,,,,,0,0,0,0,0,0.000,4.275
1037344603431592,100064197037125,"PC Merchandise","𝐏𝐑𝐈𝐂𝐄𝐋𝐈𝐒𝐓 𝟐𝟎𝟐𝟑 >>>
https://pcmerchandise.live/2023-COMSHOP-PACKAGES",,39,"09/26/2023 19:00",auto,https://www.facebook.com/reel/1808532695938160/,0,0,Reels,,,,,09/26/2023,0,,,,,,372,0,1,1,0,709.211,5.079
1037344603431592,100064197037125,"PC Merchandise","𝐏𝐑𝐈𝐂𝐄𝐋𝐈𝐒𝐓 𝟐𝟎𝟐𝟑 >>>
https://pcmerchandise.live/2023-COMSHOP-PACKAGES",,39,"09/26/2023 19:00",auto,https://www.facebook.com/reel/1808532695938160/,0,0,Reels,,,,,09/27/2023,0,,,,,,365,0,2,2,0,562.685,4.704
1037344603431592,100064197037125,"PC Merchandise","𝐏𝐑𝐈𝐂𝐄𝐋𝐈𝐒𝐓 𝟐𝟎𝟐𝟑 >>>
https://pcmerchandise.live/2023-COMSHOP-PACKAGES",,39,"09/26/2023 19:00",auto,https://www.facebook.com/reel/1808532695938160/,0,0,Reels,,,,,09/28/2023,0,,,,,,357,0,2,1,1,344.316,3.579
1037344603431592,100064197037125,"PC Merchandise","𝐏𝐑𝐈𝐂𝐄𝐋𝐈𝐒𝐓 𝟐𝟎𝟐𝟑 >>>
https://pcmerchandise.live/2023-COMSHOP-PACKAGES",,39,"09/26/2023 19:00",auto,https://www.facebook.com/reel/1808532695938160/,0,0,Reels,,,,,09/29/2023,0,,,,,,395,0,0,0,0,299.891,5.077
1037344603431592,100064197037125,"PC Merchandise","𝐏𝐑𝐈𝐂𝐄𝐋𝐈𝐒𝐓 𝟐𝟎𝟐𝟑 >>>
https://pcmerchandise.live/2023-COMSHOP-PACKAGES",,39,"09/26/2023 19:00",auto,https://www.facebook.com/reel/1808532695938160/,0,0,Reels,,,,,09/30/2023,0,,,,,,383,0,0,0,0,193.091,3.972
1037570889422551,100064197037125,"PC Merchandise","𝐑𝐘𝐙𝐄𝐍 𝟓 𝟑𝟒𝟎𝟎𝐆 (𝟒𝐏𝐂𝐒)
𝐂𝐎𝐌𝐒𝐇𝐎𝐏 𝐏𝐀𝐂𝐊𝐀𝐆𝐄
#PCMERCHANDISE #PCMBUILDS",,0,"09/25/2023 22:30",,https://www.facebook.com/pcmerchandise.co/posts/pfbid0Re4K9ym3D9OsOPU3tEcM1nqNWAEEMFvKgendQtypGYRjpGAmGMOJBKW9,0,0,Photos,,,,,09/30/2023,0,,,,,,,,,,,,
1037570889422551,100064197037125,"PC Merchandise","𝐑𝐘𝐙𝐄𝐍 𝟓 𝟑𝟒𝟎𝟎𝐆 (𝟒𝐏𝐂𝐒)
𝐂𝐎𝐌𝐒𝐇𝐎𝐏 𝐏𝐀𝐂𝐊𝐀𝐆𝐄
#PCMERCHANDISE #PCMBUILDS",,0,"09/25/2023 22:30",,https://www.facebook.com/pcmerchandise.co/posts/pfbid0Re4K9ym3D9OsOPU3tEcM1nqNWAEEMFvKgendQtypGYRjpGAmGMOJBKW9,0,0,Photos,,,,,09/01/2023,,,0,0,0,0,0,0,,,,,
1037570889422551,100064197037125,"PC Merchandise","𝐑𝐘𝐙𝐄𝐍 𝟓 𝟑𝟒𝟎𝟎𝐆 (𝟒𝐏𝐂𝐒)
𝐂𝐎𝐌𝐒𝐇𝐎𝐏 𝐏𝐀𝐂𝐊𝐀𝐆𝐄
#PCMERCHANDISE #PCMBUILDS",,0,"09/25/2023 22:30",,https://www.facebook.com/pcmerchandise.co/posts/pfbid0Re4K9ym3D9OsOPU3tEcM1nqNWAEEMFvKgendQtypGYRjpGAmGMOJBKW9,0,0,Photos,,,,,09/02/2023,,,0,0,0,0,0,0,,,,,
1037570889422551,100064197037125,"PC Merchandise","𝐑𝐘𝐙𝐄𝐍 𝟓 𝟑𝟒𝟎𝟎𝐆 (𝟒𝐏𝐂𝐒)
𝐂𝐎𝐌𝐒𝐇𝐎𝐏 𝐏𝐀𝐂𝐊𝐀𝐆𝐄
#PCMERCHANDISE #PCMBUILDS",,0,"09/25/2023 22:30",,https://www.facebook.com/pcmerchandise.co/posts/pfbid0Re4K9ym3D9OsOPU3tEcM1nqNWAEEMFvKgendQtypGYRjpGAmGMOJBKW9,0,0,Photos,,,,,09/03/2023,,,0,0,0,0,0,0,,,,,
1037570889422551,100064197037125,"PC Merchandise","𝐑𝐘𝐙𝐄𝐍 𝟓 𝟑𝟒𝟎𝟎𝐆 (𝟒𝐏𝐂𝐒)
𝐂𝐎𝐌𝐒𝐇𝐎𝐏 𝐏𝐀𝐂𝐊𝐀𝐆𝐄
#PCMERCHANDISE #PCMBUILDS",,0,"09/25/2023 22:30",,https://www.facebook.com/pcmerchandise.co/posts/pfbid0Re4K9ym3D9OsOPU3tEcM1nqNWAEEMFvKgendQtypGYRjpGAmGMOJBKW9,0,0,Photos,,,,,09/04/2023,,,0,0,0,0,0,0,,,,,
1037570889422551,100064197037125,"PC Merchandise","𝐑𝐘𝐙𝐄𝐍 𝟓 𝟑𝟒𝟎𝟎𝐆 (𝟒𝐏𝐂𝐒)
𝐂𝐎𝐌𝐒𝐇𝐎𝐏 𝐏𝐀𝐂𝐊𝐀𝐆𝐄
#PCMERCHANDISE #PCMBUILDS",,0,"09/25/2023 22:30",,https://www.facebook.com/pcmerchandise.co/posts/pfbid0Re4K9ym3D9OsOPU3tEcM1nqNWAEEMFvKgendQtypGYRjpGAmGMOJBKW9,0,0,Photos,,,,,09/05/2023,,,0,0,0,0,0,0,,,,,
1037570889422551,100064197037125,"PC Merchandise","𝐑𝐘𝐙𝐄𝐍 𝟓 𝟑𝟒𝟎𝟎𝐆 (𝟒𝐏𝐂𝐒)
𝐂𝐎𝐌𝐒𝐇𝐎𝐏 𝐏𝐀𝐂𝐊𝐀𝐆𝐄
#PCMERCHANDISE #PCMBUILDS",,0,"09/25/2023 22:30",,https://www.facebook.com/pcmerchandise.co/posts/pfbid0Re4K9ym3D9OsOPU3tEcM1nqNWAEEMFvKgendQtypGYRjpGAmGMOJBKW9,0,0,Photos,,,,,09/06/2023,,,0,0,0,0,0,0,,,,,
1037570889422551,100064197037125,"PC Merchandise","𝐑𝐘𝐙𝐄𝐍 𝟓 𝟑𝟒𝟎𝟎𝐆 (𝟒𝐏𝐂𝐒)
𝐂𝐎𝐌𝐒𝐇𝐎𝐏 𝐏𝐀𝐂𝐊𝐀𝐆𝐄
#PCMERCHANDISE #PCMBUILDS",,0,"09/25/2023 22:30",,https://www.facebook.com/pcmerchandise.co/posts/pfbid0Re4K9ym3D9OsOPU3tEcM1nqNWAEEMFvKgendQtypGYRjpGAmGMOJBKW9,0,0,Photos,,,,,09/07/2023,,,0,0,0,0,0,0,,,,,
1037570889422551,100064197037125,"PC Merchandise","𝐑𝐘𝐙𝐄𝐍 𝟓 𝟑𝟒𝟎𝟎𝐆 (𝟒𝐏𝐂𝐒)
𝐂𝐎𝐌𝐒𝐇𝐎𝐏 𝐏𝐀𝐂𝐊𝐀𝐆𝐄
#PCMERCHANDISE #PCMBUILDS",,0,"09/25/2023 22:30",,https://www.facebook.com/pcmerchandise.co/posts/pfbid0Re4K9ym3D9OsOPU3tEcM1nqNWAEEMFvKgendQtypGYRjpGAmGMOJBKW9,0,0,Photos,,,,,09/08/2023,,,0,0,0,0,0,0,,,,,
1037570889422551,100064197037125,"PC Merchandise","𝐑𝐘𝐙𝐄𝐍 𝟓 𝟑𝟒𝟎𝟎𝐆 (𝟒𝐏𝐂𝐒)
𝐂𝐎𝐌𝐒𝐇𝐎𝐏 𝐏𝐀𝐂𝐊𝐀𝐆𝐄
#PCMERCHANDISE #PCMBUILDS",,0,"09/25/2023 22:30",,https://www.facebook.com/pcmerchandise.co/posts/pfbid0Re4K9ym3D9OsOPU3tEcM1nqNWAEEMFvKgendQtypGYRjpGAmGMOJBKW9,0,0,Photos,,,,,09/09/2023,,,0,0,0,0,0,0,,,,,
1037570889422551,100064197037125,"PC Merchandise","𝐑𝐘𝐙𝐄𝐍 𝟓 𝟑𝟒𝟎𝟎𝐆 (𝟒𝐏𝐂𝐒)
𝐂𝐎𝐌𝐒𝐇𝐎𝐏 𝐏𝐀𝐂𝐊𝐀𝐆𝐄
#PCMERCHANDISE #PCMBUILDS",,0,"09/25/2023 22:30",,https://www.facebook.com/pcmerchandise.co/posts/pfbid0Re4K9ym3D9OsOPU3tEcM1nqNWAEEMFvKgendQtypGYRjpGAmGMOJBKW9,0,0,Photos,,,,,09/10/2023,,,0,0,0,0,0,0,,,,,
1037570889422551,100064197037125,"PC Merchandise","𝐑𝐘𝐙𝐄𝐍 𝟓 𝟑𝟒𝟎𝟎𝐆 (𝟒𝐏𝐂𝐒)
𝐂𝐎𝐌𝐒𝐇𝐎𝐏 𝐏𝐀𝐂𝐊𝐀𝐆𝐄
#PCMERCHANDISE #PCMBUILDS",,0,"09/25/2023 22:30",,https://www.facebook.com/pcmerchandise.co/posts/pfbid0Re4K9ym3D9OsOPU3tEcM1nqNWAEEMFvKgendQtypGYRjpGAmGMOJBKW9,0,0,Photos,,,,,09/11/2023,,,0,0,0,0,0,0,,,,,
1037570889422551,100064197037125,"PC Merchandise","𝐑𝐘𝐙𝐄𝐍 𝟓 𝟑𝟒𝟎𝟎𝐆 (𝟒𝐏𝐂𝐒)
𝐂𝐎𝐌𝐒𝐇𝐎𝐏 𝐏𝐀𝐂𝐊𝐀𝐆𝐄
#PCMERCHANDISE #PCMBUILDS",,0,"09/25/2023 22:30",,https://www.facebook.com/pcmerchandise.co/posts/pfbid0Re4K9ym3D9OsOPU3tEcM1nqNWAEEMFvKgendQtypGYRjpGAmGMOJBKW9,0,0,Photos,,,,,09/12/2023,,,0,0,0,0,0,0,,,,,
1037570889422551,100064197037125,"PC Merchandise","𝐑𝐘𝐙𝐄𝐍 𝟓 𝟑𝟒𝟎𝟎𝐆 (𝟒𝐏𝐂𝐒)
𝐂𝐎𝐌𝐒𝐇𝐎𝐏 𝐏𝐀𝐂𝐊𝐀𝐆𝐄
#PCMERCHANDISE #PCMBUILDS",,0,"09/25/2023 22:30",,https://www.facebook.com/pcmerchandise.co/posts/pfbid0Re4K9ym3D9OsOPU3tEcM1nqNWAEEMFvKgendQtypGYRjpGAmGMOJBKW9,0,0,Photos,,,,,09/13/2023,,,0,0,0,0,0,0,,,,,
1037570889422551,100064197037125,"PC Merchandise","𝐑𝐘𝐙𝐄𝐍 𝟓 𝟑𝟒𝟎𝟎𝐆 (𝟒𝐏𝐂𝐒)
𝐂𝐎𝐌𝐒𝐇𝐎𝐏 𝐏𝐀𝐂𝐊𝐀𝐆𝐄
#PCMERCHANDISE #PCMBUILDS",,0,"09/25/2023 22:30",,https://www.facebook.com/pcmerchandise.co/posts/pfbid0Re4K9ym3D9OsOPU3tEcM1nqNWAEEMFvKgendQtypGYRjpGAmGMOJBKW9,0,0,Photos,,,,,09/14/2023,,,0,0,0,0,0,0,,,,,
1037570889422551,100064197037125,"PC Merchandise","𝐑𝐘𝐙𝐄𝐍 𝟓 𝟑𝟒𝟎𝟎𝐆 (𝟒𝐏𝐂𝐒)
𝐂𝐎𝐌𝐒𝐇𝐎𝐏 𝐏𝐀𝐂𝐊𝐀𝐆𝐄
#PCMERCHANDISE #PCMBUILDS",,0,"09/25/2023 22:30",,https://www.facebook.com/pcmerchandise.co/posts/pfbid0Re4K9ym3D9OsOPU3tEcM1nqNWAEEMFvKgendQtypGYRjpGAmGMOJBKW9,0,0,Photos,,,,,09/15/2023,,,0,0,0,0,0,0,,,,,
1037570889422551,100064197037125,"PC Merchandise","𝐑𝐘𝐙𝐄𝐍 𝟓 𝟑𝟒𝟎𝟎𝐆 (𝟒𝐏𝐂𝐒)
𝐂𝐎𝐌𝐒𝐇𝐎𝐏 𝐏𝐀𝐂𝐊𝐀𝐆𝐄
#PCMERCHANDISE #PCMBUILDS",,0,"09/25/2023 22:30",,https://www.facebook.com/pcmerchandise.co/posts/pfbid0Re4K9ym3D9OsOPU3tEcM1nqNWAEEMFvKgendQtypGYRjpGAmGMOJBKW9,0,0,Photos,,,,,09/16/2023,,,0,0,0,0,0,0,,,,,
1037570889422551,100064197037125,"PC Merchandise","𝐑𝐘𝐙𝐄𝐍 𝟓 𝟑𝟒𝟎𝟎𝐆 (𝟒𝐏𝐂𝐒)
𝐂𝐎𝐌𝐒𝐇𝐎𝐏 𝐏𝐀𝐂𝐊𝐀𝐆𝐄
#PCMERCHANDISE #PCMBUILDS",,0,"09/25/2023 22:30",,https://www.facebook.com/pcmerchandise.co/posts/pfbid0Re4K9ym3D9OsOPU3tEcM1nqNWAEEMFvKgendQtypGYRjpGAmGMOJBKW9,0,0,Photos,,,,,09/17/2023,,,0,0,0,0,0,0,,,,,
1037570889422551,100064197037125,"PC Merchandise","𝐑𝐘𝐙𝐄𝐍 𝟓 𝟑𝟒𝟎𝟎𝐆 (𝟒𝐏𝐂𝐒)
𝐂𝐎𝐌𝐒𝐇𝐎𝐏 𝐏𝐀𝐂𝐊𝐀𝐆𝐄
#PCMERCHANDISE #PCMBUILDS",,0,"09/25/2023 22:30",,https://www.facebook.com/pcmerchandise.co/posts/pfbid0Re4K9ym3D9OsOPU3tEcM1nqNWAEEMFvKgendQtypGYRjpGAmGMOJBKW9,0,0,Photos,,,,,09/18/2023,,,0,0,0,0,0,0,,,,,
1037570889422551,100064197037125,"PC Merchandise","𝐑𝐘𝐙𝐄𝐍 𝟓 𝟑𝟒𝟎𝟎𝐆 (𝟒𝐏𝐂𝐒)
𝐂𝐎𝐌𝐒𝐇𝐎𝐏 𝐏𝐀𝐂𝐊𝐀𝐆𝐄
#PCMERCHANDISE #PCMBUILDS",,0,"09/25/2023 22:30",,https://www.facebook.com/pcmerchandise.co/posts/pfbid0Re4K9ym3D9OsOPU3tEcM1nqNWAEEMFvKgendQtypGYRjpGAmGMOJBKW9,0,0,Photos,,,,,09/19/2023,,,0,0,0,0,0,0,,,,,
1037570889422551,100064197037125,"PC Merchandise","𝐑𝐘𝐙𝐄𝐍 𝟓 𝟑𝟒𝟎𝟎𝐆 (𝟒𝐏𝐂𝐒)
𝐂𝐎𝐌𝐒𝐇𝐎𝐏 𝐏𝐀𝐂𝐊𝐀𝐆𝐄
#PCMERCHANDISE #PCMBUILDS",,0,"09/25/2023 22:30",,https://www.facebook.com/pcmerchandise.co/posts/pfbid0Re4K9ym3D9OsOPU3tEcM1nqNWAEEMFvKgendQtypGYRjpGAmGMOJBKW9,0,0,Photos,,,,,09/20/2023,,,0,0,0,0,0,0,,,,,
1037570889422551,100064197037125,"PC Merchandise","𝐑𝐘𝐙𝐄𝐍 𝟓 𝟑𝟒𝟎𝟎𝐆 (𝟒𝐏𝐂𝐒)
𝐂𝐎𝐌𝐒𝐇𝐎𝐏 𝐏𝐀𝐂𝐊𝐀𝐆𝐄
#PCMERCHANDISE #PCMBUILDS",,0,"09/25/2023 22:30",,https://www.facebook.com/pcmerchandise.co/posts/pfbid0Re4K9ym3D9OsOPU3tEcM1nqNWAEEMFvKgendQtypGYRjpGAmGMOJBKW9,0,0,Photos,,,,,09/21/2023,,,0,0,0,0,0,0,,,,,
1037570889422551,100064197037125,"PC Merchandise","𝐑𝐘𝐙𝐄𝐍 𝟓 𝟑𝟒𝟎𝟎𝐆 (𝟒𝐏𝐂𝐒)
𝐂𝐎𝐌𝐒𝐇𝐎𝐏 𝐏𝐀𝐂𝐊𝐀𝐆𝐄
#PCMERCHANDISE #PCMBUILDS",,0,"09/25/2023 22:30",,https://www.facebook.com/pcmerchandise.co/posts/pfbid0Re4K9ym3D9OsOPU3tEcM1nqNWAEEMFvKgendQtypGYRjpGAmGMOJBKW9,0,0,Photos,,,,,09/22/2023,,,0,0,0,0,0,0,,,,,
1037570889422551,100064197037125,"PC Merchandise","𝐑𝐘𝐙𝐄𝐍 𝟓 𝟑𝟒𝟎𝟎𝐆 (𝟒𝐏𝐂𝐒)
𝐂𝐎𝐌𝐒𝐇𝐎𝐏 𝐏𝐀𝐂𝐊𝐀𝐆𝐄
#PCMERCHANDISE #PCMBUILDS",,0,"09/25/2023 22:30",,https://www.facebook.com/pcmerchandise.co/posts/pfbid0Re4K9ym3D9OsOPU3tEcM1nqNWAEEMFvKgendQtypGYRjpGAmGMOJBKW9,0,0,Photos,,,,,09/23/2023,,,0,0,0,0,0,0,,,,,
1037570889422551,100064197037125,"PC Merchandise","𝐑𝐘𝐙𝐄𝐍 𝟓 𝟑𝟒𝟎𝟎𝐆 (𝟒𝐏𝐂𝐒)
𝐂𝐎𝐌𝐒𝐇𝐎𝐏 𝐏𝐀𝐂𝐊𝐀𝐆𝐄
#PCMERCHANDISE #PCMBUILDS",,0,"09/25/2023 22:30",,https://www.facebook.com/pcmerchandise.co/posts/pfbid0Re4K9ym3D9OsOPU3tEcM1nqNWAEEMFvKgendQtypGYRjpGAmGMOJBKW9,0,0,Photos,,,,,09/24/2023,,,0,0,0,0,0,0,,,,,
1037570889422551,100064197037125,"PC Merchandise","𝐑𝐘𝐙𝐄𝐍 𝟓 𝟑𝟒𝟎𝟎𝐆 (𝟒𝐏𝐂𝐒)
𝐂𝐎𝐌𝐒𝐇𝐎𝐏 𝐏𝐀𝐂𝐊𝐀𝐆𝐄
#PCMERCHANDISE #PCMBUILDS",,0,"09/25/2023 22:30",,https://www.facebook.com/pcmerchandise.co/posts/pfbid0Re4K9ym3D9OsOPU3tEcM1nqNWAEEMFvKgendQtypGYRjpGAmGMOJBKW9,0,0,Photos,,,,,09/25/2023,,,0,0,0,0,0,0,,,,,
1037570889422551,100064197037125,"PC Merchandise","𝐑𝐘𝐙𝐄𝐍 𝟓 𝟑𝟒𝟎𝟎𝐆 (𝟒𝐏𝐂𝐒)
𝐂𝐎𝐌𝐒𝐇𝐎𝐏 𝐏𝐀𝐂𝐊𝐀𝐆𝐄
#PCMERCHANDISE #PCMBUILDS",,0,"09/25/2023 22:30",,https://www.facebook.com/pcmerchandise.co/posts/pfbid0Re4K9ym3D9OsOPU3tEcM1nqNWAEEMFvKgendQtypGYRjpGAmGMOJBKW9,0,0,Photos,,,,,09/26/2023,,,0,0,0,0,0,0,,,,,
1037570889422551,100064197037125,"PC Merchandise","𝐑𝐘𝐙𝐄𝐍 𝟓 𝟑𝟒𝟎𝟎𝐆 (𝟒𝐏𝐂𝐒)
𝐂𝐎𝐌𝐒𝐇𝐎𝐏 𝐏𝐀𝐂𝐊𝐀𝐆𝐄
#PCMERCHANDISE #PCMBUILDS",,0,"09/25/2023 22:30",,https://www.facebook.com/pcmerchandise.co/posts/pfbid0Re4K9ym3D9OsOPU3tEcM1nqNWAEEMFvKgendQtypGYRjpGAmGMOJBKW9,0,0,Photos,,,,,09/27/2023,,,0,0,0,0,0,0,,,,,
1037570889422551,100064197037125,"PC Merchandise","𝐑𝐘𝐙𝐄𝐍 𝟓 𝟑𝟒𝟎𝟎𝐆 (𝟒𝐏𝐂𝐒)
𝐂𝐎𝐌𝐒𝐇𝐎𝐏 𝐏𝐀𝐂𝐊𝐀𝐆𝐄
#PCMERCHANDISE #PCMBUILDS",,0,"09/25/2023 22:30",,https://www.facebook.com/pcmerchandise.co/posts/pfbid0Re4K9ym3D9OsOPU3tEcM1nqNWAEEMFvKgendQtypGYRjpGAmGMOJBKW9,0,0,Photos,,,,,09/28/2023,,,0,0,0,0,0,0,,,,,
1037570889422551,100064197037125,"PC Merchandise","𝐑𝐘𝐙𝐄𝐍 𝟓 𝟑𝟒𝟎𝟎𝐆 (𝟒𝐏𝐂𝐒)
𝐂𝐎𝐌𝐒𝐇𝐎𝐏 𝐏𝐀𝐂𝐊𝐀𝐆𝐄
#PCMERCHANDISE #PCMBUILDS",,0,"09/25/2023 22:30",,https://www.facebook.com/pcmerchandise.co/posts/pfbid0Re4K9ym3D9OsOPU3tEcM1nqNWAEEMFvKgendQtypGYRjpGAmGMOJBKW9,0,0,Photos,,,,,09/29/2023,,,0,0,0,0,0,0,,,,,
1037570889422551,100064197037125,"PC Merchandise","𝐑𝐘𝐙𝐄𝐍 𝟓 𝟑𝟒𝟎𝟎𝐆 (𝟒𝐏𝐂𝐒)
𝐂𝐎𝐌𝐒𝐇𝐎𝐏 𝐏𝐀𝐂𝐊𝐀𝐆𝐄
#PCMERCHANDISE #PCMBUILDS",,0,"09/25/2023 22:30",,https://www.facebook.com/pcmerchandise.co/posts/pfbid0Re4K9ym3D9OsOPU3tEcM1nqNWAEEMFvKgendQtypGYRjpGAmGMOJBKW9,0,0,Photos,,,,,09/30/2023,,,0,0,0,0,0,0,,,,,
1037543657324209,100064197037125,"PC Merchandise","Do you want an aesthetic build that matches your gaming needs? RYZEN 5 3400G builds available now!",,0,"09/25/2023 22:00",,https://www.facebook.com/pcmerchandise.co/posts/pfbid0Nm2vtLzv28ksnli2iYFVa8lHxJm0sBg8f71HITNkNL3vNnLzYcgf43uM,0,0,Photos,,,,,09/30/2023,0,,,,,,,,,,,,
1037543657324209,100064197037125,"PC Merchandise","Do you want an aesthetic build that matches your gaming needs? RYZEN 5 3400G builds available now!",,0,"09/25/2023 22:00",,https://www.facebook.com/pcmerchandise.co/posts/pfbid0Nm2vtLzv28ksnli2iYFVa8lHxJm0sBg8f71HITNkNL3vNnLzYcgf43uM,0,0,Photos,,,,,09/01/2023,,,0,0,0,0,0,0,,,,,
1037543657324209,100064197037125,"PC Merchandise","Do you want an aesthetic build that matches your gaming needs? RYZEN 5 3400G builds available now!",,0,"09/25/2023 22:00",,https://www.facebook.com/pcmerchandise.co/posts/pfbid0Nm2vtLzv28ksnli2iYFVa8lHxJm0sBg8f71HITNkNL3vNnLzYcgf43uM,0,0,Photos,,,,,09/02/2023,,,0,0,0,0,0,0,,,,,
1037543657324209,100064197037125,"PC Merchandise","Do you want an aesthetic build that matches your gaming needs? RYZEN 5 3400G builds available now!",,0,"09/25/2023 22:00",,https://www.facebook.com/pcmerchandise.co/posts/pfbid0Nm2vtLzv28ksnli2iYFVa8lHxJm0sBg8f71HITNkNL3vNnLzYcgf43uM,0,0,Photos,,,,,09/03/2023,,,0,0,0,0,0,0,,,,,
1037543657324209,100064197037125,"PC Merchandise","Do you want an aesthetic build that matches your gaming needs? RYZEN 5 3400G builds available now!",,0,"09/25/2023 22:00",,https://www.facebook.com/pcmerchandise.co/posts/pfbid0Nm2vtLzv28ksnli2iYFVa8lHxJm0sBg8f71HITNkNL3vNnLzYcgf43uM,0,0,Photos,,,,,09/04/2023,,,0,0,0,0,0,0,,,,,
1037543657324209,100064197037125,"PC Merchandise","Do you want an aesthetic build that matches your gaming needs? RYZEN 5 3400G builds available now!",,0,"09/25/2023 22:00",,https://www.facebook.com/pcmerchandise.co/posts/pfbid0Nm2vtLzv28ksnli2iYFVa8lHxJm0sBg8f71HITNkNL3vNnLzYcgf43uM,0,0,Photos,,,,,09/05/2023,,,0,0,0,0,0,0,,,,,
1037543657324209,100064197037125,"PC Merchandise","Do you want an aesthetic build that matches your gaming needs? RYZEN 5 3400G builds available now!",,0,"09/25/2023 22:00",,https://www.facebook.com/pcmerchandise.co/posts/pfbid0Nm2vtLzv28ksnli2iYFVa8lHxJm0sBg8f71HITNkNL3vNnLzYcgf43uM,0,0,Photos,,,,,09/06/2023,,,0,0,0,0,0,0,,,,,
1037543657324209,100064197037125,"PC Merchandise","Do you want an aesthetic build that matches your gaming needs? RYZEN 5 3400G builds available now!",,0,"09/25/2023 22:00",,https://www.facebook.com/pcmerchandise.co/posts/pfbid0Nm2vtLzv28ksnli2iYFVa8lHxJm0sBg8f71HITNkNL3vNnLzYcgf43uM,0,0,Photos,,,,,09/07/2023,,,0,0,0,0,0,0,,,,,
1037543657324209,100064197037125,"PC Merchandise","Do you want an aesthetic build that matches your gaming needs? RYZEN 5 3400G builds available now!",,0,"09/25/2023 22:00",,https://www.facebook.com/pcmerchandise.co/posts/pfbid0Nm2vtLzv28ksnli2iYFVa8lHxJm0sBg8f71HITNkNL3vNnLzYcgf43uM,0,0,Photos,,,,,09/08/2023,,,0,0,0,0,0,0,,,,,
1037543657324209,100064197037125,"PC Merchandise","Do you want an aesthetic build that matches your gaming needs? RYZEN 5 3400G builds available now!",,0,"09/25/2023 22:00",,https://www.facebook.com/pcmerchandise.co/posts/pfbid0Nm2vtLzv28ksnli2iYFVa8lHxJm0sBg8f71HITNkNL3vNnLzYcgf43uM,0,0,Photos,,,,,09/09/2023,,,0,0,0,0,0,0,,,,,
1037543657324209,100064197037125,"PC Merchandise","Do you want an aesthetic build that matches your gaming needs? RYZEN 5 3400G builds available now!",,0,"09/25/2023 22:00",,https://www.facebook.com/pcmerchandise.co/posts/pfbid0Nm2vtLzv28ksnli2iYFVa8lHxJm0sBg8f71HITNkNL3vNnLzYcgf43uM,0,0,Photos,,,,,09/10/2023,,,0,0,0,0,0,0,,,,,
1037543657324209,100064197037125,"PC Merchandise","Do you want an aesthetic build that matches your gaming needs? RYZEN 5 3400G builds available now!",,0,"09/25/2023 22:00",,https://www.facebook.com/pcmerchandise.co/posts/pfbid0Nm2vtLzv28ksnli2iYFVa8lHxJm0sBg8f71HITNkNL3vNnLzYcgf43uM,0,0,Photos,,,,,09/11/2023,,,0,0,0,0,0,0,,,,,
1037543657324209,100064197037125,"PC Merchandise","Do you want an aesthetic build that matches your gaming needs? RYZEN 5 3400G builds available now!",,0,"09/25/2023 22:00",,https://www.facebook.com/pcmerchandise.co/posts/pfbid0Nm2vtLzv28ksnli2iYFVa8lHxJm0sBg8f71HITNkNL3vNnLzYcgf43uM,0,0,Photos,,,,,09/12/2023,,,0,0,0,0,0,0,,,,,
1037543657324209,100064197037125,"PC Merchandise","Do you want an aesthetic build that matches your gaming needs? RYZEN 5 3400G builds available now!",,0,"09/25/2023 22:00",,https://www.facebook.com/pcmerchandise.co/posts/pfbid0Nm2vtLzv28ksnli2iYFVa8lHxJm0sBg8f71HITNkNL3vNnLzYcgf43uM,0,0,Photos,,,,,09/13/2023,,,0,0,0,0,0,0,,,,,
1037543657324209,100064197037125,"PC Merchandise","Do you want an aesthetic build that matches your gaming needs? RYZEN 5 3400G builds available now!",,0,"09/25/2023 22:00",,https://www.facebook.com/pcmerchandise.co/posts/pfbid0Nm2vtLzv28ksnli2iYFVa8lHxJm0sBg8f71HITNkNL3vNnLzYcgf43uM,0,0,Photos,,,,,09/14/2023,,,0,0,0,0,0,0,,,,,
1037543657324209,100064197037125,"PC Merchandise","Do you want an aesthetic build that matches your gaming needs? RYZEN 5 3400G builds available now!",,0,"09/25/2023 22:00",,https://www.facebook.com/pcmerchandise.co/posts/pfbid0Nm2vtLzv28ksnli2iYFVa8lHxJm0sBg8f71HITNkNL3vNnLzYcgf43uM,0,0,Photos,,,,,09/15/2023,,,0,0,0,0,0,0,,,,,
1037543657324209,100064197037125,"PC Merchandise","Do you want an aesthetic build that matches your gaming needs? RYZEN 5 3400G builds available now!",,0,"09/25/2023 22:00",,https://www.facebook.com/pcmerchandise.co/posts/pfbid0Nm2vtLzv28ksnli2iYFVa8lHxJm0sBg8f71HITNkNL3vNnLzYcgf43uM,0,0,Photos,,,,,09/16/2023,,,0,0,0,0,0,0,,,,,
1037543657324209,100064197037125,"PC Merchandise","Do you want an aesthetic build that matches your gaming needs? RYZEN 5 3400G builds available now!",,0,"09/25/2023 22:00",,https://www.facebook.com/pcmerchandise.co/posts/pfbid0Nm2vtLzv28ksnli2iYFVa8lHxJm0sBg8f71HITNkNL3vNnLzYcgf43uM,0,0,Photos,,,,,09/17/2023,,,0,0,0,0,0,0,,,,,
1037543657324209,100064197037125,"PC Merchandise","Do you want an aesthetic build that matches your gaming needs? RYZEN 5 3400G builds available now!",,0,"09/25/2023 22:00",,https://www.facebook.com/pcmerchandise.co/posts/pfbid0Nm2vtLzv28ksnli2iYFVa8lHxJm0sBg8f71HITNkNL3vNnLzYcgf43uM,0,0,Photos,,,,,09/18/2023,,,0,0,0,0,0,0,,,,,
1037543657324209,100064197037125,"PC Merchandise","Do you want an aesthetic build that matches your gaming needs? RYZEN 5 3400G builds available now!",,0,"09/25/2023 22:00",,https://www.facebook.com/pcmerchandise.co/posts/pfbid0Nm2vtLzv28ksnli2iYFVa8lHxJm0sBg8f71HITNkNL3vNnLzYcgf43uM,0,0,Photos,,,,,09/19/2023,,,0,0,0,0,0,0,,,,,
1037543657324209,100064197037125,"PC Merchandise","Do you want an aesthetic build that matches your gaming needs? RYZEN 5 3400G builds available now!",,0,"09/25/2023 22:00",,https://www.facebook.com/pcmerchandise.co/posts/pfbid0Nm2vtLzv28ksnli2iYFVa8lHxJm0sBg8f71HITNkNL3vNnLzYcgf43uM,0,0,Photos,,,,,09/20/2023,,,0,0,0,0,0,0,,,,,
1037543657324209,100064197037125,"PC Merchandise","Do you want an aesthetic build that matches your gaming needs? RYZEN 5 3400G builds available now!",,0,"09/25/2023 22:00",,https://www.facebook.com/pcmerchandise.co/posts/pfbid0Nm2vtLzv28ksnli2iYFVa8lHxJm0sBg8f71HITNkNL3vNnLzYcgf43uM,0,0,Photos,,,,,09/21/2023,,,0,0,0,0,0,0,,,,,
1037543657324209,100064197037125,"PC Merchandise","Do you want an aesthetic build that matches your gaming needs? RYZEN 5 3400G builds available now!",,0,"09/25/2023 22:00",,https://www.facebook.com/pcmerchandise.co/posts/pfbid0Nm2vtLzv28ksnli2iYFVa8lHxJm0sBg8f71HITNkNL3vNnLzYcgf43uM,0,0,Photos,,,,,09/22/2023,,,0,0,0,0,0,0,,,,,
1037543657324209,100064197037125,"PC Merchandise","Do you want an aesthetic build that matches your gaming needs? RYZEN 5 3400G builds available now!",,0,"09/25/2023 22:00",,https://www.facebook.com/pcmerchandise.co/posts/pfbid0Nm2vtLzv28ksnli2iYFVa8lHxJm0sBg8f71HITNkNL3vNnLzYcgf43uM,0,0,Photos,,,,,09/23/2023,,,0,0,0,0,0,0,,,,,
1037543657324209,100064197037125,"PC Merchandise","Do you want an aesthetic build that matches your gaming needs? RYZEN 5 3400G builds available now!",,0,"09/25/2023 22:00",,https://www.facebook.com/pcmerchandise.co/posts/pfbid0Nm2vtLzv28ksnli2iYFVa8lHxJm0sBg8f71HITNkNL3vNnLzYcgf43uM,0,0,Photos,,,,,09/24/2023,,,0,0,0,0,0,0,,,,,
1037543657324209,100064197037125,"PC Merchandise","Do you want an aesthetic build that matches your gaming needs? RYZEN 5 3400G builds available now!",,0,"09/25/2023 22:00",,https://www.facebook.com/pcmerchandise.co/posts/pfbid0Nm2vtLzv28ksnli2iYFVa8lHxJm0sBg8f71HITNkNL3vNnLzYcgf43uM,0,0,Photos,,,,,09/25/2023,,,0,0,0,0,0,0,,,,,
1037543657324209,100064197037125,"PC Merchandise","Do you want an aesthetic build that matches your gaming needs? RYZEN 5 3400G builds available now!",,0,"09/25/2023 22:00",,https://www.facebook.com/pcmerchandise.co/posts/pfbid0Nm2vtLzv28ksnli2iYFVa8lHxJm0sBg8f71HITNkNL3vNnLzYcgf43uM,0,0,Photos,,,,,09/26/2023,,,0,0,0,0,0,0,,,,,
1037543657324209,100064197037125,"PC Merchandise","Do you want an aesthetic build that matches your gaming needs? RYZEN 5 3400G builds available now!",,0,"09/25/2023 22:00",,https://www.facebook.com/pcmerchandise.co/posts/pfbid0Nm2vtLzv28ksnli2iYFVa8lHxJm0sBg8f71HITNkNL3vNnLzYcgf43uM,0,0,Photos,,,,,09/27/2023,,,0,0,0,0,0,0,,,,,
1037543657324209,100064197037125,"PC Merchandise","Do you want an aesthetic build that matches your gaming needs? RYZEN 5 3400G builds available now!",,0,"09/25/2023 22:00",,https://www.facebook.com/pcmerchandise.co/posts/pfbid0Nm2vtLzv28ksnli2iYFVa8lHxJm0sBg8f71HITNkNL3vNnLzYcgf43uM,0,0,Photos,,,,,09/28/2023,,,0,0,0,0,0,0,,,,,
1037543657324209,100064197037125,"PC Merchandise","Do you want an aesthetic build that matches your gaming needs? RYZEN 5 3400G builds available now!",,0,"09/25/2023 22:00",,https://www.facebook.com/pcmerchandise.co/posts/pfbid0Nm2vtLzv28ksnli2iYFVa8lHxJm0sBg8f71HITNkNL3vNnLzYcgf43uM,0,0,Photos,,,,,09/29/2023,,,0,0,0,0,0,0,,,,,
1037543657324209,100064197037125,"PC Merchandise","Do you want an aesthetic build that matches your gaming needs? RYZEN 5 3400G builds available now!",,0,"09/25/2023 22:00",,https://www.facebook.com/pcmerchandise.co/posts/pfbid0Nm2vtLzv28ksnli2iYFVa8lHxJm0sBg8f71HITNkNL3vNnLzYcgf43uM,0,0,Photos,,,,,09/30/2023,,,0,0,0,0,0,0,,,,,
1037134024739636,100064197037125,"PC Merchandise","Negosyo starts today! Complete computer shop packages ready. PM now!

𝐂𝐎𝐌𝐒𝐇𝐎𝐏 𝐏𝐑𝐈𝐂𝐄𝐋𝐈𝐒𝐓 >>>
https://pcmerchandise.live/2023-GAMING-BUILDS",,83,"09/24/2023 23:39",mixed,https://www.facebook.com/reel/1004904493044717/,0,0,Reels,,,,,09/01/2023,0,,,,,,0,0,0,0,0,0.000,2.426
1037134024739636,100064197037125,"PC Merchandise","Negosyo starts today! Complete computer shop packages ready. PM now!

𝐂𝐎𝐌𝐒𝐇𝐎𝐏 𝐏𝐑𝐈𝐂𝐄𝐋𝐈𝐒𝐓 >>>
https://pcmerchandise.live/2023-GAMING-BUILDS",,83,"09/24/2023 23:39",mixed,https://www.facebook.com/reel/1004904493044717/,0,0,Reels,,,,,09/02/2023,0,,,,,,0,0,0,0,0,0.000,3.764
1037134024739636,100064197037125,"PC Merchandise","Negosyo starts today! Complete computer shop packages ready. PM now!

𝐂𝐎𝐌𝐒𝐇𝐎𝐏 𝐏𝐑𝐈𝐂𝐄𝐋𝐈𝐒𝐓 >>>
https://pcmerchandise.live/2023-GAMING-BUILDS",,83,"09/24/2023 23:39",mixed,https://www.facebook.com/reel/1004904493044717/,0,0,Reels,,,,,09/03/2023,0,,,,,,0,0,0,0,0,0.000,1.847
1037134024739636,100064197037125,"PC Merchandise","Negosyo starts today! Complete computer shop packages ready. PM now!

𝐂𝐎𝐌𝐒𝐇𝐎𝐏 𝐏𝐑𝐈𝐂𝐄𝐋𝐈𝐒𝐓 >>>
https://pcmerchandise.live/2023-GAMING-BUILDS",,83,"09/24/2023 23:39",mixed,https://www.facebook.com/reel/1004904493044717/,0,0,Reels,,,,,09/04/2023,0,,,,,,0,0,0,0,0,0.000,2.773
1037134024739636,100064197037125,"PC Merchandise","Negosyo starts today! Complete computer shop packages ready. PM now!

𝐂𝐎𝐌𝐒𝐇𝐎𝐏 𝐏𝐑𝐈𝐂𝐄𝐋𝐈𝐒𝐓 >>>
https://pcmerchandise.live/2023-GAMING-BUILDS",,83,"09/24/2023 23:39",mixed,https://www.facebook.com/reel/1004904493044717/,0,0,Reels,,,,,09/05/2023,0,,,,,,0,0,0,0,0,0.000,3.881
1037134024739636,100064197037125,"PC Merchandise","Negosyo starts today! Complete computer shop packages ready. PM now!

𝐂𝐎𝐌𝐒𝐇𝐎𝐏 𝐏𝐑𝐈𝐂𝐄𝐋𝐈𝐒𝐓 >>>
https://pcmerchandise.live/2023-GAMING-BUILDS",,83,"09/24/2023 23:39",mixed,https://www.facebook.com/reel/1004904493044717/,0,0,Reels,,,,,09/06/2023,0,,,,,,0,0,0,0,0,0.000,2.128
1037134024739636,100064197037125,"PC Merchandise","Negosyo starts today! Complete computer shop packages ready. PM now!

𝐂𝐎𝐌𝐒𝐇𝐎𝐏 𝐏𝐑𝐈𝐂𝐄𝐋𝐈𝐒𝐓 >>>
https://pcmerchandise.live/2023-GAMING-BUILDS",,83,"09/24/2023 23:39",mixed,https://www.facebook.com/reel/1004904493044717/,0,0,Reels,,,,,09/07/2023,0,,,,,,0,0,0,0,0,0.000,2.198
1037134024739636,100064197037125,"PC Merchandise","Negosyo starts today! Complete computer shop packages ready. PM now!

𝐂𝐎𝐌𝐒𝐇𝐎𝐏 𝐏𝐑𝐈𝐂𝐄𝐋𝐈𝐒𝐓 >>>
https://pcmerchandise.live/2023-GAMING-BUILDS",,83,"09/24/2023 23:39",mixed,https://www.facebook.com/reel/1004904493044717/,0,0,Reels,,,,,09/08/2023,0,,,,,,0,0,0,0,0,0.000,1.813
1037134024739636,100064197037125,"PC Merchandise","Negosyo starts today! Complete computer shop packages ready. PM now!

𝐂𝐎𝐌𝐒𝐇𝐎𝐏 𝐏𝐑𝐈𝐂𝐄𝐋𝐈𝐒𝐓 >>>
https://pcmerchandise.live/2023-GAMING-BUILDS",,83,"09/24/2023 23:39",mixed,https://www.facebook.com/reel/1004904493044717/,0,0,Reels,,,,,09/09/2023,0,,,,,,0,0,0,0,0,0.000,2.079
1037134024739636,100064197037125,"PC Merchandise","Negosyo starts today! Complete computer shop packages ready. PM now!

𝐂𝐎𝐌𝐒𝐇𝐎𝐏 𝐏𝐑𝐈𝐂𝐄𝐋𝐈𝐒𝐓 >>>
https://pcmerchandise.live/2023-GAMING-BUILDS",,83,"09/24/2023 23:39",mixed,https://www.facebook.com/reel/1004904493044717/,0,0,Reels,,,,,09/10/2023,0,,,,,,0,0,0,0,0,0.000,1.500
1037134024739636,100064197037125,"PC Merchandise","Negosyo starts today! Complete computer shop packages ready. PM now!

𝐂𝐎𝐌𝐒𝐇𝐎𝐏 𝐏𝐑𝐈𝐂𝐄𝐋𝐈𝐒𝐓 >>>
https://pcmerchandise.live/2023-GAMING-BUILDS",,83,"09/24/2023 23:39",mixed,https://www.facebook.com/reel/1004904493044717/,0,0,Reels,,,,,09/11/2023,0,,,,,,0,0,0,0,0,0.000,3.292
1037134024739636,100064197037125,"PC Merchandise","Negosyo starts today! Complete computer shop packages ready. PM now!

𝐂𝐎𝐌𝐒𝐇𝐎𝐏 𝐏𝐑𝐈𝐂𝐄𝐋𝐈𝐒𝐓 >>>
https://pcmerchandise.live/2023-GAMING-BUILDS",,83,"09/24/2023 23:39",mixed,https://www.facebook.com/reel/1004904493044717/,0,0,Reels,,,,,09/12/2023,0,,,,,,0,0,0,0,0,0.000,3.651
1037134024739636,100064197037125,"PC Merchandise","Negosyo starts today! Complete computer shop packages ready. PM now!

𝐂𝐎𝐌𝐒𝐇𝐎𝐏 𝐏𝐑𝐈𝐂𝐄𝐋𝐈𝐒𝐓 >>>
https://pcmerchandise.live/2023-GAMING-BUILDS",,83,"09/24/2023 23:39",mixed,https://www.facebook.com/reel/1004904493044717/,0,0,Reels,,,,,09/13/2023,0,,,,,,0,0,0,0,0,0.000,3.468
1037134024739636,100064197037125,"PC Merchandise","Negosyo starts today! Complete computer shop packages ready. PM now!

𝐂𝐎𝐌𝐒𝐇𝐎𝐏 𝐏𝐑𝐈𝐂𝐄𝐋𝐈𝐒𝐓 >>>
https://pcmerchandise.live/2023-GAMING-BUILDS",,83,"09/24/2023 23:39",mixed,https://www.facebook.com/reel/1004904493044717/,0,0,Reels,,,,,09/14/2023,0,,,,,,0,0,0,0,0,0.000,2.540
1037134024739636,100064197037125,"PC Merchandise","Negosyo starts today! Complete computer shop packages ready. PM now!

𝐂𝐎𝐌𝐒𝐇𝐎𝐏 𝐏𝐑𝐈𝐂𝐄𝐋𝐈𝐒𝐓 >>>
https://pcmerchandise.live/2023-GAMING-BUILDS",,83,"09/24/2023 23:39",mixed,https://www.facebook.com/reel/1004904493044717/,0,0,Reels,,,,,09/15/2023,0,,,,,,0,0,0,0,0,0.000,2.147
1037134024739636,100064197037125,"PC Merchandise","Negosyo starts today! Complete computer shop packages ready. PM now!

𝐂𝐎𝐌𝐒𝐇𝐎𝐏 𝐏𝐑𝐈𝐂𝐄𝐋𝐈𝐒𝐓 >>>
https://pcmerchandise.live/2023-GAMING-BUILDS",,83,"09/24/2023 23:39",mixed,https://www.facebook.com/reel/1004904493044717/,0,0,Reels,,,,,09/16/2023,0,,,,,,0,0,0,0,0,0.000,3.492
1037134024739636,100064197037125,"PC Merchandise","Negosyo starts today! Complete computer shop packages ready. PM now!

𝐂𝐎𝐌𝐒𝐇𝐎𝐏 𝐏𝐑𝐈𝐂𝐄𝐋𝐈𝐒𝐓 >>>
https://pcmerchandise.live/2023-GAMING-BUILDS",,83,"09/24/2023 23:39",mixed,https://www.facebook.com/reel/1004904493044717/,0,0,Reels,,,,,09/17/2023,0,,,,,,0,0,0,0,0,0.000,2.871
1037134024739636,100064197037125,"PC Merchandise","Negosyo starts today! Complete computer shop packages ready. PM now!

𝐂𝐎𝐌𝐒𝐇𝐎𝐏 𝐏𝐑𝐈𝐂𝐄𝐋𝐈𝐒𝐓 >>>
https://pcmerchandise.live/2023-GAMING-BUILDS",,83,"09/24/2023 23:39",mixed,https://www.facebook.com/reel/1004904493044717/,0,0,Reels,,,,,09/18/2023,0,,,,,,0,0,0,0,0,0.000,2.565
1037134024739636,100064197037125,"PC Merchandise","Negosyo starts today! Complete computer shop packages ready. PM now!

𝐂𝐎𝐌𝐒𝐇𝐎𝐏 𝐏𝐑𝐈𝐂𝐄𝐋𝐈𝐒𝐓 >>>
https://pcmerchandise.live/2023-GAMING-BUILDS",,83,"09/24/2023 23:39",mixed,https://www.facebook.com/reel/1004904493044717/,0,0,Reels,,,,,09/19/2023,0,,,,,,0,0,0,0,0,0.000,3.980
1037134024739636,100064197037125,"PC Merchandise","Negosyo starts today! Complete computer shop packages ready. PM now!

𝐂𝐎𝐌𝐒𝐇𝐎𝐏 𝐏𝐑𝐈𝐂𝐄𝐋𝐈𝐒𝐓 >>>
https://pcmerchandise.live/2023-GAMING-BUILDS",,83,"09/24/2023 23:39",mixed,https://www.facebook.com/reel/1004904493044717/,0,0,Reels,,,,,09/20/2023,0,,,,,,0,0,0,0,0,0.000,2.486
1037134024739636,100064197037125,"PC Merchandise","Negosyo starts today! Complete computer shop packages ready. PM now!

𝐂𝐎𝐌𝐒𝐇𝐎𝐏 𝐏𝐑𝐈𝐂𝐄𝐋𝐈𝐒𝐓 >>>
https://pcmerchandise.live/2023-GAMING-BUILDS",,83,"09/24/2023 23:39",mixed,https://www.facebook.com/reel/1004904493044717/,0,0,Reels,,,,,09/21/2023,0,,,,,,0,0,0,0,0,0.000,3.675
1037134024739636,100064197037125,"PC Merchandise","Negosyo starts today! Complete computer shop packages ready. PM now!

𝐂𝐎𝐌𝐒𝐇𝐎𝐏 𝐏𝐑𝐈𝐂𝐄𝐋𝐈𝐒𝐓 >>>
https://pcmerchandise.live/2023-GAMING-BUILDS",,83,"09/24/2023 23:39",mixed,https://www.facebook.com/reel/1004904493044717/,0,0,Reels,,,,,09/22/2023,0,,,,,,0,0,0,0,0,0.000,3.391
1037134024739636,100064197037125,"PC Merchandise","Negosyo starts today! Complete computer shop packages ready. PM now!

𝐂𝐎𝐌𝐒𝐇𝐎𝐏 𝐏𝐑𝐈𝐂𝐄𝐋𝐈𝐒𝐓 >>>
https://pcmerchandise.live/2023-GAMING-BUILDS",,83,"09/24/2023 23:39",mixed,https://www.facebook.com/reel/1004904493044717/,0,0,Reels,,,,,09/23/2023,0,,,,,,0,0,0,0,0,0.000,1.568
1037134024739636,100064197037125,"PC Merchandise","Negosyo starts today! Complete computer shop packages ready. PM now!

𝐂𝐎𝐌𝐒𝐇𝐎𝐏 𝐏𝐑𝐈𝐂𝐄𝐋𝐈𝐒𝐓 >>>
https://pcmerchandise.live/2023-GAMING-BUILDS",,83,"09/24/2023 23:39",mixed,https://www.facebook.com/reel/1004904493044717/,0,0,Reels,,,,,09/24/2023,0,,,,,,0,0,0,0,0,326.133,3.011
1037134024739636,100064197037125,"PC Merchandise","Negosyo starts today! Complete computer shop packages ready. PM now!

𝐂𝐎𝐌𝐒𝐇𝐎𝐏 𝐏𝐑𝐈𝐂𝐄𝐋𝐈𝐒𝐓 >>>
https://pcmerchandise.live/2023-GAMING-BUILDS",,83,"09/24/2023 23:39",mixed,https://www.facebook.com/reel/1004904493044717/,0,0,Reels,,,,,09/25/2023,0,,,,,,0,0,0,0,0,252.611,2.164
1037134024739636,100064197037125,"PC Merchandise","Negosyo starts today! Complete computer shop packages ready. PM now!

𝐂𝐎𝐌𝐒𝐇𝐎𝐏 𝐏𝐑𝐈𝐂𝐄𝐋𝐈𝐒𝐓 >>>
https://pcmerchandise.live/2023-GAMING-BUILDS",,83,"09/24/2023 23:39",mixed,https://www.facebook.com/reel/1004904493044717/,0,0,Reels,,,,,09/26/2023,0,,,,,,0,0,0,0,0,170.494,2.998
1037134024739636,100064197037125,"PC Merchandise","Negosyo starts today! Complete computer shop packages ready. PM now!

𝐂𝐎𝐌𝐒𝐇𝐎𝐏 𝐏𝐑𝐈𝐂𝐄𝐋𝐈𝐒𝐓 >>>
https://pcmerchandise.live/2023-GAMING-BUILDS",,83,"09/24/2023 23:39",mixed,https://www.facebook.com/reel/1004904493044717/,0,0,Reels,,,,,09/27/2023,0,,,,,,0,0,0,0,0,180.597,3.625
1037134024739636,100064197037125,"PC Merchandise","Negosyo starts today! Complete computer shop packages ready. PM now!

𝐂𝐎𝐌𝐒𝐇𝐎𝐏 𝐏𝐑𝐈𝐂𝐄𝐋𝐈𝐒𝐓 >>>
https://pcmerchandise.live/2023-GAMING-BUILDS",,83,"09/24/2023 23:39",mixed,https://www.facebook.com/reel/1004904493044717/,0,0,Reels,,,,,09/28/2023,0,,,,,,0,0,0,0,0,93.914,1.500
1037134024739636,100064197037125,"PC Merchandise","Negosyo starts today! Complete computer shop packages ready. PM now!

𝐂𝐎𝐌𝐒𝐇𝐎𝐏 𝐏𝐑𝐈𝐂𝐄𝐋𝐈𝐒𝐓 >>>
https://pcmerchandise.live/2023-GAMING-BUILDS",,83,"09/24/2023 23:39",mixed,https://www.facebook.com/reel/1004904493044717/,0,0,Reels,,,,,09/29/2023,0,,,,,,0,0,0,0,0,119.295,3.877
1037134024739636,100064197037125,"PC Merchandise","Negosyo starts today! Complete computer shop packages ready. PM now!

𝐂𝐎𝐌𝐒𝐇𝐎𝐏 𝐏𝐑𝐈𝐂𝐄𝐋𝐈𝐒𝐓 >>>
https://pcmerchandise.live/2023-GAMING-BUILDS",,83,"09/24/2023 23:39",mixed,https://www.facebook.com/reel/1004904493044717/,0,0,Reels,,,,,09/30/2023,0,,,,,,0,0,0,0,0,87.355,2.860
1037095290375935,100064197037125,"PC Merchandise","ito na po yung ghost project🥲",,60,"09/24/2023 20:01",,https://www.facebook.com/reel/1443404232257896/,0,0,Reels,,,,,09/01/2023,0,,,,,,0,0,0,0,0,0.000,5.282
1037095290375935,100064197037125,"PC Merchandise","ito na po yung ghost project🥲",,60,"09/24/2023 20:01",,https://www.facebook.com/reel/1443404232257896/,0,0,Reels,,,,,09/02/2023,0,,,,,,0,0,0,0,0,0.000,5.014
1037095290375935,100064197037125,"PC Merchandise","ito na po yung ghost project🥲",,60,"09/24/2023 20:01",,https://www.facebook.com/reel/1443404232257896/,0,0,Reels,,,,,09/03/2023,0,,,,,,0,0,0,0,0,0.000,7.165
1037095290375935,100064197037125,"PC Merchandise","ito na po yung ghost project🥲",,60,"09/24/2023 20:01",,https://www.facebook.com/reel/1443404232257896/,0,0,Reels,,,,,09/04/2023,0,,,,,,0,0,0,0,0,0.000,5.678
1037095290375935,100064197037125,"PC Merchandise","ito na po yung ghost project🥲",,60,"09/24/2023 20:01",,https://www.facebook.com/reel/1443404232257896/,0,0,Reels,,,,,09/05/2023,0,,,,,,0,0,0,0,0,0.000,4.506
1037095290375935,100064197037125,"PC Merchandise","ito na po yung ghost project🥲",,60,"09/24/2023 20:01",,https://www.facebook.com/reel/1443404232257896/,0,0,Reels,,,,,09/06/2023,0,,,,,,0,0,0,0,0,0.000,4.978
1037095290375935,100064197037125,"PC Merchandise","ito na po yung ghost project🥲",,60,"09/24/2023 20:01",,https://www.facebook.com/reel/1443404232257896/,0,0,Reels,,,,,09/07/2023,0,,,,,,0,0,0,0,0,0.000,6.147
1037095290375935,100064197037125,"PC Merchandise","ito na po yung ghost project🥲",,60,"09/24/2023 20:01",,https://www.facebook.com/reel/1443404232257896/,0,0,Reels,,,,,09/08/2023,0,,,,,,0,0,0,0,0,0.000,4.497
1037095290375935,100064197037125,"PC Merchandise","ito na po yung ghost project🥲",,60,"09/24/2023 20:01",,https://www.facebook.com/reel/1443404232257896/,0,0,Reels,,,,,09/09/2023,0,,,,,,0,0,0,0,0,0.000,7.507
1037095290375935,100064197037125,"PC Merchandise","ito na po yung ghost project🥲",,60,"09/24/2023 20:01",,https://www.facebook.com/reel/1443404232257896/,0,0,Reels,,,,,09/10/2023,0,,,,,,0,0,0,0,0,0.000,6.160
1037095290375935,100064197037125,"PC Merchandise","ito na po yung ghost project🥲",,60,"09/24/2023 20:01",,https://www.facebook.com/reel/1443404232257896/,0,0,Reels,,,,,09/11/2023,0,,,,,,0,0,0,0,0,0.000,5.908
1037095290375935,100064197037125,"PC Merchandise","ito na po yung ghost project🥲",,60,"09/24/2023 20:01",,https://www.facebook.com/reel/1443404232257896/,0,0,Reels,,,,,09/12/2023,0,,,,,,0,0,0,0,0,0.000,5.275
1037095290375935,100064197037125,"PC Merchandise","ito na po yung ghost project🥲",,60,"09/24/2023 20:01",,https://www.facebook.com/reel/1443404232257896/,0,0,Reels,,,,,09/13/2023,0,,,,,,0,0,0,0,0,0.000,5.417
1037095290375935,100064197037125,"PC Merchandise","ito na po yung ghost project🥲",,60,"09/24/2023 20:01",,https://www.facebook.com/reel/1443404232257896/,0,0,Reels,,,,,09/14/2023,0,,,,,,0,0,0,0,0,0.000,4.206
1037095290375935,100064197037125,"PC Merchandise","ito na po yung ghost project🥲",,60,"09/24/2023 20:01",,https://www.facebook.com/reel/1443404232257896/,0,0,Reels,,,,,09/15/2023,0,,,,,,0,0,0,0,0,0.000,6.498
1037095290375935,100064197037125,"PC Merchandise","ito na po yung ghost project🥲",,60,"09/24/2023 20:01",,https://www.facebook.com/reel/1443404232257896/,0,0,Reels,,,,,09/16/2023,0,,,,,,0,0,0,0,0,0.000,6.342
1037095290375935,100064197037125,"PC Merchandise","ito na po yung ghost project🥲",,60,"09/24/2023 20:01",,https://www.facebook.com/reel/1443404232257896/,0,0,Reels,,,,,09/17/2023,0,,,,,,0,0,0,0,0,0.000,7.491
1037095290375935,100064197037125,"PC Merchandise","ito na po yung ghost project🥲",,60,"09/24/2023 20:01",,https://www.facebook.com/reel/1443404232257896/,0,0,Reels,,,,,09/18/2023,0,,,,,,0,0,0,0,0,0.000,5.180
1037095290375935,100064197037125,"PC Merchandise","ito na po yung ghost project🥲",,60,"09/24/2023 20:01",,https://www.facebook.com/reel/1443404232257896/,0,0,Reels,,,,,09/19/2023,0,,,,,,0,0,0,0,0,0.000,4.963
1037095290375935,100064197037125,"PC Merchandise","ito na po yung ghost project🥲",,60,"09/24/2023 20:01",,https://www.facebook.com/reel/1443404232257896/,0,0,Reels,,,,,09/20/2023,0,,,,,,0,0,0,0,0,0.000,4.558
1037095290375935,100064197037125,"PC Merchandise","ito na po yung ghost project🥲",,60,"09/24/2023 20:01",,https://www.facebook.com/reel/1443404232257896/,0,0,Reels,,,,,09/21/2023,0,,,,,,0,0,0,0,0,0.000,5.608
1037095290375935,100064197037125,"PC Merchandise","ito na po yung ghost project🥲",,60,"09/24/2023 20:01",,https://www.facebook.com/reel/1443404232257896/,0,0,Reels,,,,,09/22/2023,0,,,,,,0,0,0,0,0,0.000,5.940
1037095290375935,100064197037125,"PC Merchandise","ito na po yung ghost project🥲",,60,"09/24/2023 20:01",,https://www.facebook.com/reel/1443404232257896/,0,0,Reels,,,,,09/23/2023,0,,,,,,0,0,0,0,0,0.000,8.017
1037095290375935,100064197037125,"PC Merchandise","ito na po yung ghost project🥲",,60,"09/24/2023 20:01",,https://www.facebook.com/reel/1443404232257896/,0,0,Reels,,,,,09/24/2023,0,,,,,,168,0,1,1,0,103.806,4.907
1037095290375935,100064197037125,"PC Merchandise","ito na po yung ghost project🥲",,60,"09/24/2023 20:01",,https://www.facebook.com/reel/1443404232257896/,0,0,Reels,,,,,09/25/2023,0,,,,,,200,0,0,0,0,62.372,7.047
1037095290375935,100064197037125,"PC Merchandise","ito na po yung ghost project🥲",,60,"09/24/2023 20:01",,https://www.facebook.com/reel/1443404232257896/,0,0,Reels,,,,,09/26/2023,0,,,,,,181,0,2,1,1,63.573,5.316
1037095290375935,100064197037125,"PC Merchandise","ito na po yung ghost project🥲",,60,"09/24/2023 20:01",,https://www.facebook.com/reel/1443404232257896/,0,0,Reels,,,,,09/27/2023,0,,,,,,180,0,0,0,0,40.817,6.031
1037095290375935,100064197037125,"PC Merchandise","ito na po yung ghost project🥲",,60,"09/24/2023 20:01",,https://www.facebook.com/reel/1443404232257896/,0,0,Reels,,,,,09/28/2023,0,,,,,,200,0,2,2,0,26.723,7.278
1037095290375935,100064197037125,"PC Merchandise","ito na po yung ghost project🥲",,60,"09/24/2023 20:01",,https://www.facebook.com/reel/1443404232257896/,0,0,Reels,,,,,09/29/2023,0,,,,,,0,0,0,0,0,51.089,6.253
1037095290375935,100064197037125,"PC Merchandise","ito na po yung ghost project🥲",,60,"09/24/2023 20:01",,https://www.facebook.com/reel/1443404232257896/,0,0,Reels,,,,,09/30/2023,0,,,,,,0,0,0,0,0,31.172,5.302
1037256514980580,100064197037125,"PC Merchandise","Pa-mine na yan! i3 12100F gaming build, limited slots only this week.",,0,"09/24/2023 02:15",,https://www.facebook.com/pcmerchandise.co/posts/pfbid0wV8Jkef1AnK9THkxWpwI2tP9Dk1ifQmrbVBkyD3jXpd8zmPomSJZcOvF,0,0,Photos,,,,,09/30/2023,0,,,,,,,,,,,,
1037256514980580,100064197037125,"PC Merchandise","Pa-mine na yan! i3 12100F gaming build, limited slots only this week.",,0,"09/24/2023 02:15",,https://www.facebook.com/pcmerchandise.co/posts/pfbid0wV8Jkef1AnK9THkxWpwI2tP9Dk1ifQmrbVBkyD3jXpd8zmPomSJZcOvF,0,0,Photos,,,,,09/01/2023,,,0,0,0,0,0,0,,,,,
1037256514980580,100064197037125,"PC Merchandise","Pa-mine na yan! i3 12100F gaming build, limited slots only this week.",,0,"09/24/2023 02:15",,https://www.facebook.com/pcmerchandise.co/posts/pfbid0wV8Jkef1AnK9THkxWpwI2tP9Dk1ifQmrbVBkyD3jXpd8zmPomSJZcOvF,0,0,Photos,,,,,09/02/2023,,,0,0,0,0,0,0,,,,,
1037256514980580,100064197037125,"PC Merchandise","Pa-mine na yan! i3 12100F gaming build, limited slots only this week.",,0,"09/24/2023 02:15",,https://www.facebook.com/pcmerchandise.co/posts/pfbid0wV8Jkef1AnK9THkxWpwI2tP9Dk1ifQmrbVBkyD3jXpd8zmPomSJZcOvF,0,0,Photos,,,,,09/03/2023,,,0,0,0,0,0,0,,,,,
1037256514980580,100064197037125,"PC Merchandise","Pa-mine na yan! i3 12100F gaming build, limited slots only this week.",,0,"09/24/2023 02:15",,https://www.facebook.com/pcmerchandise.co/posts/pfbid0wV8Jkef1AnK9THkxWpwI2tP9Dk1ifQmrbVBkyD3jXpd8zmPomSJZcOvF,0,0,Photos,,,,,09/04/2023,,,0,0,0,0,0,0,,,,,
1037256514980580,100064197037125,"PC Merchandise","Pa-mine na yan! i3 12100F gaming build, limited slots only this week.",,0,"09/24/2023 02:15",,https://www.facebook.com/pcmerchandise.co/posts/pfbid0wV8Jkef1AnK9THkxWpwI2tP9Dk1ifQmrbVBkyD3jXpd8zmPomSJZcOvF,0,0,Photos,,,,,09/05/2023,,,0,0,0,0,0,0,,,,,
1037256514980580,100064197037125,"PC Merchandise","Pa-mine na yan! i3 12100F gaming build, limited slots only this week.",,0,"09/24/2023 02:15",,https://www.facebook.com/pcmerchandise.co/posts/pfbid0wV8Jkef1AnK9THkxWpwI2tP9Dk1ifQmrbVBkyD3jXpd8zmPomSJZcOvF,0,0,Photos,,,,,09/06/2023,,,0,0,0,0,0,0,,,,,
1037256514980580,100064197037125,"PC Merchandise","Pa-mine na yan! i3 12100F gaming build, limited slots only this week.",,0,"09/24/2023 02:15",,https://www.facebook.com/pcmerchandise.co/posts/pfbid0wV8Jkef1AnK9THkxWpwI2tP9Dk1ifQmrbVBkyD3jXpd8zmPomSJZcOvF,0,0,Photos,,,,,09/07/2023,,,0,0,0,0,0,0,,,,,
1037256514980580,100064197037125,"PC Merchandise","Pa-mine na yan! i3 12100F gaming build, limited slots only this week.",,0,"09/24/2023 02:15",,https://www.facebook.com/pcmerchandise.co/posts/pfbid0wV8Jkef1AnK9THkxWpwI2tP9Dk1ifQmrbVBkyD3jXpd8zmPomSJZcOvF,0,0,Photos,,,,,09/08/2023,,,0,0,0,0,0,0,,,,,
1037256514980580,100064197037125,"PC Merchandise","Pa-mine na yan! i3 12100F gaming build, limited slots only this week.",,0,"09/24/2023 02:15",,https://www.facebook.com/pcmerchandise.co/posts/pfbid0wV8Jkef1AnK9THkxWpwI2tP9Dk1ifQmrbVBkyD3jXpd8zmPomSJZcOvF,0,0,Photos,,,,,09/09/2023,,,0,0,0,0,0,0,,,,,
1037256514980580,100064197037125,"PC Merchandise","Pa-mine na yan! i3 12100F gaming build, limited slots only this week.",,0,"09/24/2023 02:15",,https://www.facebook.com/pcmerchandise.co/posts/pfbid0wV8Jkef1AnK9THkxWpwI2tP9Dk1ifQmrbVBkyD3jXpd8zmPomSJZcOvF,0,0,Photos,,,,,09/10/2023,,,0,0,0,0,0,0,,,,,
1037256514980580,100064197037125,"PC Merchandise","Pa-mine na yan! i3 12100F gaming build, limited slots only this week.",,0,"09/24/2023 02:15",,https://www.facebook.com/pcmerchandise.co/posts/pfbid0wV8Jkef1AnK9THkxWpwI2tP9Dk1ifQmrbVBkyD3jXpd8zmPomSJZcOvF,0,0,Photos,,,,,09/11/2023,,,0,0,0,0,0,0,,,,,
1037256514980580,100064197037125,"PC Merchandise","Pa-mine na yan! i3 12100F gaming build, limited slots only this week.",,0,"09/24/2023 02:15",,https://www.facebook.com/pcmerchandise.co/posts/pfbid0wV8Jkef1AnK9THkxWpwI2tP9Dk1ifQmrbVBkyD3jXpd8zmPomSJZcOvF,0,0,Photos,,,,,09/12/2023,,,0,0,0,0,0,0,,,,,
1037256514980580,100064197037125,"PC Merchandise","Pa-mine na yan! i3 12100F gaming build, limited slots only this week.",,0,"09/24/2023 02:15",,https://www.facebook.com/pcmerchandise.co/posts/pfbid0wV8Jkef1AnK9THkxWpwI2tP9Dk1ifQmrbVBkyD3jXpd8zmPomSJZcOvF,0,0,Photos,,,,,09/13/2023,,,0,0,0,0,0,0,,,,,
1037256514980580,100064197037125,"PC Merchandise","Pa-mine na yan! i3 12100F gaming build, limited slots only this week.",,0,"09/24/2023 02:15",,https://www.facebook.com/pcmerchandise.co/posts/pfbid0wV8Jkef1AnK9THkxWpwI2tP9Dk1ifQmrbVBkyD3jXpd8zmPomSJZcOvF,0,0,Photos,,,,,09/14/2023,,,0,0,0,0,0,0,,,,,
1037256514980580,100064197037125,"PC Merchandise","Pa-mine na yan! i3 12100F gaming build, limited slots only this week.",,0,"09/24/2023 02:15",,https://www.facebook.com/pcmerchandise.co/posts/pfbid0wV8Jkef1AnK9THkxWpwI2tP9Dk1ifQmrbVBkyD3jXpd8zmPomSJZcOvF,0,0,Photos,,,,,09/15/2023,,,0,0,0,0,0,0,,,,,
1037256514980580,100064197037125,"PC Merchandise","Pa-mine na yan! i3 12100F gaming build, limited slots only this week.",,0,"09/24/2023 02:15",,https://www.facebook.com/pcmerchandise.co/posts/pfbid0wV8Jkef1AnK9THkxWpwI2tP9Dk1ifQmrbVBkyD3jXpd8zmPomSJZcOvF,0,0,Photos,,,,,09/16/2023,,,0,0,0,0,0,0,,,,,
1037256514980580,100064197037125,"PC Merchandise","Pa-mine na yan! i3 12100F gaming build, limited slots only this week.",,0,"09/24/2023 02:15",,https://www.facebook.com/pcmerchandise.co/posts/pfbid0wV8Jkef1AnK9THkxWpwI2tP9Dk1ifQmrbVBkyD3jXpd8zmPomSJZcOvF,0,0,Photos,,,,,09/17/2023,,,0,0,0,0,0,0,,,,,
1037256514980580,100064197037125,"PC Merchandise","Pa-mine na yan! i3 12100F gaming build, limited slots only this week.",,0,"09/24/2023 02:15",,https://www.facebook.com/pcmerchandise.co/posts/pfbid0wV8Jkef1AnK9THkxWpwI2tP9Dk1ifQmrbVBkyD3jXpd8zmPomSJZcOvF,0,0,Photos,,,,,09/18/2023,,,0,0,0,0,0,0,,,,,
1037256514980580,100064197037125,"PC Merchandise","Pa-mine na yan! i3 12100F gaming build, limited slots only this week.",,0,"09/24/2023 02:15",,https://www.facebook.com/pcmerchandise.co/posts/pfbid0wV8Jkef1AnK9THkxWpwI2tP9Dk1ifQmrbVBkyD3jXpd8zmPomSJZcOvF,0,0,Photos,,,,,09/19/2023,,,0,0,0,0,0,0,,,,,
1037256514980580,100064197037125,"PC Merchandise","Pa-mine na yan! i3 12100F gaming build, limited slots only this week.",,0,"09/24/2023 02:15",,https://www.facebook.com/pcmerchandise.co/posts/pfbid0wV8Jkef1AnK9THkxWpwI2tP9Dk1ifQmrbVBkyD3jXpd8zmPomSJZcOvF,0,0,Photos,,,,,09/20/2023,,,0,0,0,0,0,0,,,,,
1037256514980580,100064197037125,"PC Merchandise","Pa-mine na yan! i3 12100F gaming build, limited slots only this week.",,0,"09/24/2023 02:15",,https://www.facebook.com/pcmerchandise.co/posts/pfbid0wV8Jkef1AnK9THkxWpwI2tP9Dk1ifQmrbVBkyD3jXpd8zmPomSJZcOvF,0,0,Photos,,,,,09/21/2023,,,0,0,0,0,0,0,,,,,
1037256514980580,100064197037125,"PC Merchandise","Pa-mine na yan! i3 12100F gaming build, limited slots only this week.",,0,"09/24/2023 02:15",,https://www.facebook.com/pcmerchandise.co/posts/pfbid0wV8Jkef1AnK9THkxWpwI2tP9Dk1ifQmrbVBkyD3jXpd8zmPomSJZcOvF,0,0,Photos,,,,,09/22/2023,,,0,0,0,0,0,0,,,,,
1037256514980580,100064197037125,"PC Merchandise","Pa-mine na yan! i3 12100F gaming build, limited slots only this week.",,0,"09/24/2023 02:15",,https://www.facebook.com/pcmerchandise.co/posts/pfbid0wV8Jkef1AnK9THkxWpwI2tP9Dk1ifQmrbVBkyD3jXpd8zmPomSJZcOvF,0,0,Photos,,,,,09/23/2023,,,0,0,0,0,0,0,,,,,
1037256514980580,100064197037125,"PC Merchandise","Pa-mine na yan! i3 12100F gaming build, limited slots only this week.",,0,"09/24/2023 02:15",,https://www.facebook.com/pcmerchandise.co/posts/pfbid0wV8Jkef1AnK9THkxWpwI2tP9Dk1ifQmrbVBkyD3jXpd8zmPomSJZcOvF,0,0,Photos,,,,,09/24/2023,,,0,0,0,0,0,0,,,,,
1037256514980580,100064197037125,"PC Merchandise","Pa-mine na yan! i3 12100F gaming build, limited slots only this week.",,0,"09/24/2023 02:15",,https://www.facebook.com/pcmerchandise.co/posts/pfbid0wV8Jkef1AnK9THkxWpwI2tP9Dk1ifQmrbVBkyD3jXpd8zmPomSJZcOvF,0,0,Photos,,,,,09/25/2023,,,0,0,0,0,0,0,,,,,
1037256514980580,100064197037125,"PC Merchandise","Pa-mine na yan! i3 12100F gaming build, limited slots only this week.",,0,"09/24/2023 02:15",,https://www.facebook.com/pcmerchandise.co/posts/pfbid0wV8Jkef1AnK9THkxWpwI2tP9Dk1ifQmrbVBkyD3jXpd8zmPomSJZcOvF,0,0,Photos,,,,,09/26/2023,,,0,0,0,0,0,0,,,,,
1037256514980580,100064197037125,"PC Merchandise","Pa-mine na yan! i3 12100F gaming build, limited slots only this week.",,0,"09/24/2023 02:15",,https://www.facebook.com/pcmerchandise.co/posts/pfbid0wV8Jkef1AnK9THkxWpwI2tP9Dk1ifQmrbVBkyD3jXpd8zmPomSJZcOvF,0,0,Photos,,,,,09/27/2023,,,0,0,0,0,0,0,,,,,
1037256514980580,100064197037125,"PC Merchandise","Pa-mine na yan! i3 12100F gaming build, limited slots only this week.",,0,"09/24/2023 02:15",,https://www.facebook.com/pcmerchandise.co/posts/pfbid0wV8Jkef1AnK9THkxWpwI2tP9Dk1ifQmrbVBkyD3jXpd8zmPomSJZcOvF,0,0,Photos,,,,,09/28/2023,,,0,0,0,0,0,0,,,,,
1037256514980580,100064197037125,"PC Merchandise","Pa-mine na yan! i3 12100F gaming build, limited slots only this week.",,0,"09/24/2023 02:15",,https://www.facebook.com/pcmerchandise.co/posts/pfbid0wV8Jkef1AnK9THkxWpwI2tP9Dk1ifQmrbVBkyD3jXpd8zmPomSJZcOvF,0,0,Photos,,,,,09/29/2023,,,0,0,0,0,0,0,,,,,
1037256514980580,100064197037125,"PC Merchandise","Pa-mine na yan! i3 12100F gaming build, limited slots only this week.",,0,"09/24/2023 02:15",,https://www.facebook.com/pcmerchandise.co/posts/pfbid0wV8Jkef1AnK9THkxWpwI2tP9Dk1ifQmrbVBkyD3jXpd8zmPomSJZcOvF,0,0,Photos,,,,,09/30/2023,,,0,0,0,0,0,0,,,,,
1037484348655800,100064197037125,"PC Merchandise","Do you want an aesthetic build that matches your gaming needs? RYZEN 5 3400G builds available now!",,37,"09/23/2023 21:30",,https://www.facebook.com/reel/1600350538398806/,0,0,Reels,,,,,09/01/2023,0,,,,,,0,0,0,0,0,0.000,3.915
1037484348655800,100064197037125,"PC Merchandise","Do you want an aesthetic build that matches your gaming needs? RYZEN 5 3400G builds available now!",,37,"09/23/2023 21:30",,https://www.facebook.com/reel/1600350538398806/,0,0,Reels,,,,,09/02/2023,0,,,,,,0,0,0,0,0,0.000,5.272
1037484348655800,100064197037125,"PC Merchandise","Do you want an aesthetic build that matches your gaming needs? RYZEN 5 3400G builds available now!",,37,"09/23/2023 21:30",,https://www.facebook.com/reel/1600350538398806/,0,0,Reels,,,,,09/03/2023,0,,,,,,0,0,0,0,0,0.000,3.864
1037484348655800,100064197037125,"PC Merchandise","Do you want an aesthetic build that matches your gaming needs? RYZEN 5 3400G builds available now!",,37,"09/23/2023 21:30",,https://www.facebook.com/reel/1600350538398806/,0,0,Reels,,,,,09/04/2023,0,,,,,,0,0,0,0,0,0.000,4.790
1037484348655800,100064197037125,"PC Merchandise","Do you want an aesthetic build that matches your gaming needs? RYZEN 5 3400G builds available now!",,37,"09/23/2023 21:30",,https://www.facebook.com/reel/1600350538398806/,0,0,Reels,,,,,09/05/2023,0,,,,,,0,0,0,0,0,0.000,5.082
1037484348655800,100064197037125,"PC Merchandise","Do you want an aesthetic build that matches your gaming needs? RYZEN 5 3400G builds available now!",,37,"09/23/2023 21:30",,https://www.facebook.com/reel/1600350538398806/,0,0,Reels,,,,,09/06/2023,0,,,,,,0,0,0,0,0,0.000,2.824
1037484348655800,100064197037125,"PC Merchandise","Do you want an aesthetic build that matches your gaming needs? RYZEN 5 3400G builds available now!",,37,"09/23/2023 21:30",,https://www.facebook.com/reel/1600350538398806/,0,0,Reels,,,,,09/07/2023,0,,,,,,0,0,0,0,0,0.000,5.496
1037484348655800,100064197037125,"PC Merchandise","Do you want an aesthetic build that matches your gaming needs? RYZEN 5 3400G builds available now!",,37,"09/23/2023 21:30",,https://www.facebook.com/reel/1600350538398806/,0,0,Reels,,,,,09/08/2023,0,,,,,,0,0,0,0,0,0.000,5.896
1037484348655800,100064197037125,"PC Merchandise","Do you want an aesthetic build that matches your gaming needs? RYZEN 5 3400G builds available now!",,37,"09/23/2023 21:30",,https://www.facebook.com/reel/1600350538398806/,0,0,Reels,,,,,09/09/2023,0,,,,,,0,0,0,0,0,0.000,4.718
1037484348655800,100064197037125,"PC Merchandise","Do you want an aesthetic build that matches your gaming needs? RYZEN 5 3400G builds available now!",,37,"09/23/2023 21:30",,https://www.facebook.com/reel/1600350538398806/,0,0,Reels,,,,,09/10/2023,0,,,,,,0,0,0,0,0,0.000,5.659
1037484348655800,100064197037125,"PC Merchandise","Do you want an aesthetic build that matches your gaming needs? RYZEN 5 3400G builds available now!",,37,"09/23/2023 21:30",,https://www.facebook.com/reel/1600350538398806/,0,0,Reels,,,,,09/11/2023,0,,,,,,0,0,0,0,0,0.000,5.695
1037484348655800,100064197037125,"PC Merchandise","Do you want an aesthetic build that matches your gaming needs? RYZEN 5 3400G builds available now!",,37,"09/23/2023 21:30",,https://www.facebook.com/reel/1600350538398806/,0,0,Reels,,,,,09/12/2023,0,,,,,,0,0,0,0,0,0.000,8.608
1037484348655800,100064197037125,"PC Merchandise","Do you want an aesthetic build that matches your gaming needs? RYZEN 5 3400G builds available now!",,37,"09/23/2023 21:30",,https://www.facebook.com/reel/1600350538398806/,0,0,Reels,,,,,09/13/2023,0,,,,,,0,0,0,0,0,0.000,3.570
1037484348655800,100064197037125,"PC Merchandise","Do you want an aesthetic build that matches your gaming needs? RYZEN 5 3400G builds available now!",,37,"09/23/2023 21:30",,https://www.facebook.com/reel/1600350538398806/,0,0,Reels,,,,,09/14/2023,0,,,,,,0,0,0,0,0,0.000,4.872
1037484348655800,100064197037125,"PC Merchandise","Do you want an aesthetic build that matches your gaming needs? RYZEN 5 3400G builds available now!",,37,"09/23/2023 21:30",,https://www.facebook.com/reel/1600350538398806/,0,0,Reels,,,,,09/15/2023,0,,,,,,0,0,0,0,0,0.000,5.353
1037484348655800,100064197037125,"PC Merchandise","Do you want an aesthetic build that matches your gaming needs? RYZEN 5 3400G builds available now!",,37,"09/23/2023 21:30",,https://www.facebook.com/reel/1600350538398806/,0,0,Reels,,,,,09/16/2023,0,,,,,,0,0,0,0,0,0.000,4.512
1037484348655800,100064197037125,"PC Merchandise","Do you want an aesthetic build that matches your gaming needs? RYZEN 5 3400G builds available now!",,37,"09/23/2023 21:30",,https://www.facebook.com/reel/1600350538398806/,0,0,Reels,,,,,09/17/2023,0,,,,,,0,0,0,0,0,0.000,3.946
1037484348655800,100064197037125,"PC Merchandise","Do you want an aesthetic build that matches your gaming needs? RYZEN 5 3400G builds available now!",,37,"09/23/2023 21:30",,https://www.facebook.com/reel/1600350538398806/,0,0,Reels,,,,,09/18/2023,0,,,,,,0,0,0,0,0,0.000,4.401
1037484348655800,100064197037125,"PC Merchandise","Do you want an aesthetic build that matches your gaming needs? RYZEN 5 3400G builds available now!",,37,"09/23/2023 21:30",,https://www.facebook.com/reel/1600350538398806/,0,0,Reels,,,,,09/19/2023,0,,,,,,0,0,0,0,0,0.000,3.244
1037484348655800,100064197037125,"PC Merchandise","Do you want an aesthetic build that matches your gaming needs? RYZEN 5 3400G builds available now!",,37,"09/23/2023 21:30",,https://www.facebook.com/reel/1600350538398806/,0,0,Reels,,,,,09/20/2023,0,,,,,,0,0,0,0,0,0.000,5.337
1037484348655800,100064197037125,"PC Merchandise","Do you want an aesthetic build that matches your gaming needs? RYZEN 5 3400G builds available now!",,37,"09/23/2023 21:30",,https://www.facebook.com/reel/1600350538398806/,0,0,Reels,,,,,09/21/2023,0,,,,,,0,0,0,0,0,0.000,4.220
1037484348655800,100064197037125,"PC Merchandise","Do you want an aesthetic build that matches your gaming needs? RYZEN 5 3400G builds available now!",,37,"09/23/2023 21:30",,https://www.facebook.com/reel/1600350538398806/,0,0,Reels,,,,,09/22/2023,0,,,,,,0,0,0,0,0,0.000,6.193
1037484348655800,100064197037125,"PC Merchandise","Do you want an aesthetic build that matches your gaming needs? RYZEN 5 3400G builds available now!",,37,"09/23/2023 21:30",,https://www.facebook.com/reel/1600350538398806/,0,0,Reels,,,,,09/23/2023,0,,,,,,0,0,0,0,0,328.958,6.310
1037484348655800,100064197037125,"PC Merchandise","Do you want an aesthetic build that matches your gaming needs? RYZEN 5 3400G builds available now!",,37,"09/23/2023 21:30",,https://www.facebook.com/reel/1600350538398806/,0,0,Reels,,,,,09/24/2023,0,,,,,,0,0,0,0,0,296.330,5.866
1037484348655800,100064197037125,"PC Merchandise","Do you want an aesthetic build that matches your gaming needs? RYZEN 5 3400G builds available now!",,37,"09/23/2023 21:30",,https://www.facebook.com/reel/1600350538398806/,0,0,Reels,,,,,09/25/2023,0,,,,,,0,0,0,0,0,160.425,5.010
1037484348655800,100064197037125,"PC Merchandise","Do you want an aesthetic build that matches your gaming needs? RYZEN 5 3400G builds available now!",,37,"09/23/2023 21:30",,https://www.facebook.com/reel/1600350538398806/,0,0,Reels,,,,,09/26/2023,0,,,,,,0,0,0,0,0,139.014,4.094
1037484348655800,100064197037125,"PC Merchandise","Do you want an aesthetic build that matches your gaming needs? RYZEN 5 3400G builds available now!",,37,"09/23/2023 21:30",,https://www.facebook.com/reel/1600350538398806/,0,0,Reels,,,,,09/27/2023,0,,,,,,0,0,0,0,0,129.350,4.035
1037484348655800,100064197037125,"PC Merchandise","Do you want an aesthetic build that matches your gaming needs? RYZEN 5 3400G builds available now!",,37,"09/23/2023 21:30",,https://www.facebook.com/reel/1600350538398806/,0,0,Reels,,,,,09/28/2023,0,,,,,,0,0,0,0,0,61.226,5.089
1037484348655800,100064197037125,"PC Merchandise","Do you want an aesthetic build that matches your gaming needs? RYZEN 5 3400G builds available now!",,37,"09/23/2023 21:30",,https://www.facebook.com/reel/1600350538398806/,0,0,Reels,,,,,09/29/2023,0,,,,,,0,0,0,0,0,116.161,6.814
1037484348655800,100064197037125,"PC Merchandise","Do you want an aesthetic build that matches your gaming needs? RYZEN 5 3400G builds available now!",,37,"09/23/2023 21:30",,https://www.facebook.com/reel/1600350538398806/,0,0,Reels,,,,,09/30/2023,0,,,,,,0,0,0,0,0,127.884,5.129
1037335392546839,100064197037125,"PC Merchandise","Salamat sa tiwala boss JM! i3 12100F comshop package — 4 units delivered ✅",,59,"09/23/2023 00:01",auto,https://www.facebook.com/reel/1216465291159264/,0,0,Reels,,,,,09/01/2023,0,,,,,,0,0,0,0,0,0.000,2.781
1037335392546839,100064197037125,"PC Merchandise","Salamat sa tiwala boss JM! i3 12100F comshop package — 4 units delivered ✅",,59,"09/23/2023 00:01",auto,https://www.facebook.com/reel/1216465291159264/,0,0,Reels,,,,,09/02/2023,0,,,,,,0,0,0,0,0,0.000,4.449
1037335392546839,100064197037125,"PC Merchandise","Salamat sa tiwala boss JM! i3 12100F comshop package — 4 units delivered ✅",,59,"09/23/2023 00:01",auto,https://www.facebook.com/reel/1216465291159264/,0,0,Reels,,,,,09/03/2023,0,,,,,,0,0,0,0,0,0.000,5.037
1037335392546839,100064197037125,"PC Merchandise","Salamat sa tiwala boss JM! i3 12100F comshop package — 4 units delivered ✅",,59,"09/23/2023 00:01",auto,https://www.facebook.com/reel/1216465291159264/,0,0,Reels,,,,,09/04/2023,0,,,,,,0,0,0,0,0,0.000,4.261
1037335392546839,100064197037125,"PC Merchandise","Salamat sa tiwala boss JM! i3 12100F comshop package — 4 units delivered ✅",,59,"09/23/2023 00:01",auto,https://www.facebook.com/reel/1216465291159264/,0,0,Reels,,,,,09/05/2023,0,,,,,,0,0,0,0,0,0.000,3.829
1037335392546839,100064197037125,"PC Merchandise","Salamat sa tiwala boss JM! i3 12100F comshop package — 4 units delivered ✅",,59,"09/23/2023 00:01",auto,https://www.facebook.com/reel/1216465291159264/,0,0,Reels,,,,,09/06/2023,0,,,,,,0,0,0,0,0,0.000,4.672
1037335392546839,100064197037125,"PC Merchandise","Salamat sa tiwala boss JM! i3 12100F comshop package — 4 units delivered ✅",,59,"09/23/2023 00:01",auto,https://www.facebook.com/reel/1216465291159264/,0,0,Reels,,,,,09/07/2023,0,,,,,,0,0,0,0,0,0.000,2.631
1037335392546839,100064197037125,"PC Merchandise","Salamat sa tiwala boss JM! i3 12100F comshop package — 4 units delivered ✅",,59,"09/23/2023 00:01",auto,https://www.facebook.com/reel/1216465291159264/,0,0,Reels,,,,,09/08/2023,0,,,,,,0,0,0,0,0,0.000,4.281
1037335392546839,100064197037125,"PC Merchandise","Salamat sa tiwala boss JM! i3 12100F comshop package — 4 units delivered ✅",,59,"09/23/2023 00:01",auto,https://www.facebook.com/reel/1216465291159264/,0,0,Reels,,,,,09/09/2023,0,,,,,,0,0,0,0,0,0.000,2.336
1037335392546839,100064197037125,"PC Merchandise","Salamat sa tiwala boss JM! i3 12100F comshop package — 4 units delivered ✅",,59,"09/23/2023 00:01",auto,https://www.facebook.com/reel/1216465291159264/,0,0,Reels,,,,,09/10/2023,0,,,,,,0,0,0,0,0,0.000,2.434
1037335392546839,100064197037125,"PC Merchandise","Salamat sa tiwala boss JM! i3 12100F comshop package — 4 units delivered ✅",,59,"09/23/2023 00:01",auto,https://www.facebook.com/reel/1216465291159264/,0,0,Reels,,,,,09/11/2023,0,,,,,,0,0,0,0,0,0.000,4.157
1037335392546839,100064197037125,"PC Merchandise","Salamat sa tiwala boss JM! i3 12100F comshop package — 4 units delivered ✅",,59,"09/23/2023 00:01",auto,https://www.facebook.com/reel/1216465291159264/,0,0,Reels,,,,,09/12/2023,0,,,,,,0,0,0,0,0,0.000,2.979
1037335392546839,100064197037125,"PC Merchandise","Salamat sa tiwala boss JM! i3 12100F comshop package — 4 units delivered ✅",,59,"09/23/2023 00:01",auto,https://www.facebook.com/reel/1216465291159264/,0,0,Reels,,,,,09/13/2023,0,,,,,,0,0,0,0,0,0.000,2.784
1037335392546839,100064197037125,"PC Merchandise","Salamat sa tiwala boss JM! i3 12100F comshop package — 4 units delivered ✅",,59,"09/23/2023 00:01",auto,https://www.facebook.com/reel/1216465291159264/,0,0,Reels,,,,,09/14/2023,0,,,,,,0,0,0,0,0,0.000,1.932
1037335392546839,100064197037125,"PC Merchandise","Salamat sa tiwala boss JM! i3 12100F comshop package — 4 units delivered ✅",,59,"09/23/2023 00:01",auto,https://www.facebook.com/reel/1216465291159264/,0,0,Reels,,,,,09/15/2023,0,,,,,,0,0,0,0,0,0.000,5.450
1037335392546839,100064197037125,"PC Merchandise","Salamat sa tiwala boss JM! i3 12100F comshop package — 4 units delivered ✅",,59,"09/23/2023 00:01",auto,https://www.facebook.com/reel/1216465291159264/,0,0,Reels,,,,,09/16/2023,0,,,,,,0,0,0,0,0,0.000,3.204
1037335392546839,100064197037125,"PC Merchandise","Salamat sa tiwala boss JM! i3 12100F comshop package — 4 units delivered ✅",,59,"09/23/2023 00:01",auto,https://www.facebook.com/reel/1216465291159264/,0,0,Reels,,,,,09/17/2023,0,,,,,,0,0,0,0,0,0.000,2.776
1037335392546839,100064197037125,"PC Merchandise","Salamat sa tiwala boss JM! i3 12100F comshop package — 4 units delivered ✅",,59,"09/23/2023 00:01",auto,https://www.facebook.com/reel/1216465291159264/,0,0,Reels,,,,,09/18/2023,0,,,,,,0,0,0,0,0,0.000,3.258
1037335392546839,100064197037125,"PC Merchandise","Salamat sa tiwala boss JM! i3 12100F comshop package — 4 units delivered ✅",,59,"09/23/2023 00:01",auto,https://www.facebook.com/reel/1216465291159264/,0,0,Reels,,,,,09/19/2023,0,,,,,,0,0,0,0,0,0.000,2.266
1037335392546839,100064197037125,"PC Merchandise","Salamat sa tiwala boss JM! i3 12100F comshop package — 4 units delivered ✅",,59,"09/23/2023 00:01",auto,https://www.facebook.com/reel/1216465291159264/,0,0,Reels,,,,,09/20/2023,0,,,,,,0,0,0,0,0,0.000,3.212
1037335392546839,100064197037125,"PC Merchandise","Salamat sa tiwala boss JM! i3 12100F comshop package — 4 units delivered ✅",,59,"09/23/2023 00:01",auto,https://www.facebook.com/reel/1216465291159264/,0,0,Reels,,,,,09/21/2023,0,,,,,,0,0,0,0,0,0.000,1.685
1037335392546839,100064197037125,"PC Merchandise","Salamat sa tiwala boss JM! i3 12100F comshop package — 4 units delivered ✅",,59,"09/23/2023 00:01",auto,https://www.facebook.com/reel/1216465291159264/,0,0,Reels,,,,,09/22/2023,0,,,,,,0,0,0,0,0,0.000,2.943
1037335392546839,100064197037125,"PC Merchandise","Salamat sa tiwala boss JM! i3 12100F comshop package — 4 units delivered ✅",,59,"09/23/2023 00:01",auto,https://www.facebook.com/reel/1216465291159264/,0,0,Reels,,,,,09/23/2023,0,,,,,,60,0,2,1,1,124.719,2.669
1037335392546839,100064197037125,"PC Merchandise","Salamat sa tiwala boss JM! i3 12100F comshop package — 4 units delivered ✅",,59,"09/23/2023 00:01",auto,https://www.facebook.com/reel/1216465291159264/,0,0,Reels,,,,,09/24/2023,0,,,,,,49,0,4,3,1,103.651,3.056
1037335392546839,100064197037125,"PC Merchandise","Salamat sa tiwala boss JM! i3 12100F comshop package — 4 units delivered ✅",,59,"09/23/2023 00:01",auto,https://www.facebook.com/reel/1216465291159264/,0,0,Reels,,,,,09/25/2023,0,,,,,,42,0,1,1,0,175.607,2.141
1037335392546839,100064197037125,"PC Merchandise","Salamat sa tiwala boss JM! i3 12100F comshop package — 4 units delivered ✅",,59,"09/23/2023 00:01",auto,https://www.facebook.com/reel/1216465291159264/,0,0,Reels,,,,,09/26/2023,0,,,,,,57,0,1,1,0,26.913,3.065
1037335392546839,100064197037125,"PC Merchandise","Salamat sa tiwala boss JM! i3 12100F comshop package — 4 units delivered ✅",,59,"09/23/2023 00:01",auto,https://www.facebook.com/reel/1216465291159264/,0,0,Reels,,,,,09/27/2023,0,,,,,,50,0,0,0,0,67.829,3.468
1037335392546839,100064197037125,"PC Merchandise","Salamat sa tiwala boss JM! i3 12100F comshop package — 4 units delivered ✅",,59,"09/23/2023 00:01",auto,https://www.facebook.com/reel/1216465291159264/,0,0,Reels,,,,,09/28/2023,0,,,,,,46,0,3,3,0,35.503,2.377
1037335392546839,100064197037125,"PC Merchandise","Salamat sa tiwala boss JM! i3 12100F comshop package — 4 units delivered ✅",,59,"09/23/2023 00:01",auto,https://www.facebook.com/reel/1216465291159264/,0,0,Reels,,,,,09/29/2023,0,,,,,,43,0,0,0,0,21.444,4.034
1037335392546839,100064197037125,"PC Merchandise","Salamat sa tiwala boss JM! i3 12100F comshop package — 4 units delivered ✅",,59,"09/23/2023 00:01",auto,https://www.facebook.com/reel/1216465291159264/,0,0,Reels,,,,,09/30/2023,0,,,,,,49,0,1,0,1,56.068,4.910
1037046159185053,100064197037125,"PC Merchandise","Another comshop delivered! 10 units RYZEN 5 4600G para sa bagong negosyo ni MARK 💪",,0,"09/22/2023 20:15",,https://www.facebook.com/pcmerchandise.co/posts/pfbid0dB6beLM3AyLaxzORLeQ4Rlj2PoVp9JyNHQrDmyFdXSkez3XrZoucg4YW,0,0,Photos,,,,,09/30/2023,0,,,,,,,,,,,,
1037046159185053,100064197037125,"PC Merchandise","Another comshop delivered! 10 units RYZEN 5 4600G para sa bagong negosyo ni MARK 💪",,0,"09/22/2023 20:15",,https://www.facebook.com/pcmerchandise.co/posts/pfbid0dB6beLM3AyLaxzORLeQ4Rlj2PoVp9JyNHQrDmyFdXSkez3XrZoucg4YW,0,0,Photos,,,,,09/01/2023,,,0,0,0,0,0,0,,,,,
1037046159185053,100064197037125,"PC Merchandise","Another comshop delivered! 10 units RYZEN 5 4600G para sa bagong negosyo ni MARK 💪",,0,"09/22/2023 20:15",,https://www.facebook.com/pcmerchandise.co/posts/pfbid0dB6beLM3AyLaxzORLeQ4Rlj2PoVp9JyNHQrDmyFdXSkez3XrZoucg4YW,0,0,Photos,,,,,09/02/2023,,,0,0,0,0,0,0,,,,,
1037046159185053,100064197037125,"PC Merchandise","Another comshop delivered! 10 units RYZEN 5 4600G para sa bagong negosyo ni MARK 💪",,0,"09/22/2023 20:15",,https://www.facebook.com/pcmerchandise.co/posts/pfbid0dB6beLM3AyLaxzORLeQ4Rlj2PoVp9JyNHQrDmyFdXSkez3XrZoucg4YW,0,0,Photos,,,,,09/03/2023,,,0,0,0,0,0,0,,,,,
1037046159185053,100064197037125,"PC Merchandise","Another comshop delivered! 10 units RYZEN 5 4600G para sa bagong negosyo ni MARK 💪",,0,"09/22/2023 20:15",,https://www.facebook.com/pcmerchandise.co/posts/pfbid0dB6beLM3AyLaxzORLeQ4Rlj2PoVp9JyNHQrDmyFdXSkez3XrZoucg4YW,0,0,Photos,,,,,09/04/2023,,,0,0,0,0,0,0,,,,,
1037046159185053,100064197037125,"PC Merchandise","Another comshop delivered! 10 units RYZEN 5 4600G para sa bagong negosyo ni MARK 💪",,0,"09/22/2023 20:15",,https://www.facebook.com/pcmerchandise.co/posts/pfbid0dB6beLM3AyLaxzORLeQ4Rlj2PoVp9JyNHQrDmyFdXSkez3XrZoucg4YW,0,0,Photos,,,,,09/05/2023,,,0,0,0,0,0,0,,,,,
1037046159185053,100064197037125,"PC Merchandise","Another comshop delivered! 10 units RYZEN 5 4600G para sa bagong negosyo ni MARK 💪",,0,"09/22/2023 20:15",,https://www.facebook.com/pcmerchandise.co/posts/pfbid0dB6beLM3AyLaxzORLeQ4Rlj2PoVp9JyNHQrDmyFdXSkez3XrZoucg4YW,0,0,Photos,,,,,09/06/2023,,,0,0,0,0,0,0,,,,,
1037046159185053,100064197037125,"PC Merchandise","Another comshop delivered! 10 units RYZEN 5 4600G para sa bagong negosyo ni MARK 💪",,0,"09/22/2023 20:15",,https://www.facebook.com/pcmerchandise.co/posts/pfbid0dB6beLM3AyLaxzORLeQ4Rlj2PoVp9JyNHQrDmyFdXSkez3XrZoucg4YW,0,0,Photos,,,,,09/07/2023,,,0,0,0,0,0,0,,,,,
1037046159185053,100064197037125,"PC Merchandise","Another comshop delivered! 10 units RYZEN 5 4600G para sa bagong negosyo ni MARK 💪",,0,"09/22/2023 20:15",,https://www.facebook.com/pcmerchandise.co/posts/pfbid0dB6beLM3AyLaxzORLeQ4Rlj2PoVp9JyNHQrDmyFdXSkez3XrZoucg4YW,0,0,Photos,,,,,09/08/2023,,,0,0,0,0,0,0,,,,,
1037046159185053,100064197037125,"PC Merchandise","Another comshop delivered! 10 units RYZEN 5 4600G para sa bagong negosyo ni MARK 💪",,0,"09/22/2023 20:15",,https://www.facebook.com/pcmerchandise.co/posts/pfbid0dB6beLM3AyLaxzORLeQ4Rlj2PoVp9JyNHQrDmyFdXSkez3XrZoucg4YW,0,0,Photos,,,,,09/09/2023,,,0,0,0,0,0,0,,,,,
1037046159185053,100064197037125,"PC Merchandise","Another comshop delivered! 10 units RYZEN 5 4600G para sa bagong negosyo ni MARK 💪",,0,"09/22/2023 20:15",,https://www.facebook.com/pcmerchandise.co/posts/pfbid0dB6beLM3AyLaxzORLeQ4Rlj2PoVp9JyNHQrDmyFdXSkez3XrZoucg4YW,0,0,Photos,,,,,09/10/2023,,,0,0,0,0,0,0,,,,,
1037046159185053,100064197037125,"PC Merchandise","Another comshop delivered! 10 units RYZEN 5 4600G para sa bagong negosyo ni MARK 💪",,0,"09/22/2023 20:15",,https://www.facebook.com/pcmerchandise.co/posts/pfbid0dB6beLM3AyLaxzORLeQ4Rlj2PoVp9JyNHQrDmyFdXSkez3XrZoucg4YW,0,0,Photos,,,,,09/11/2023,,,0,0,0,0,0,0,,,,,
1037046159185053,100064197037125,"PC Merchandise","Another comshop delivered! 10 units RYZEN 5 4600G para sa bagong negosyo ni MARK 💪",,0,"09/22/2023 20:15",,https://www.facebook.com/pcmerchandise.co/posts/pfbid0dB6beLM3AyLaxzORLeQ4Rlj2PoVp9JyNHQrDmyFdXSkez3XrZoucg4YW,0,0,Photos,,,,,09/12/2023,,,0,0,0,0,0,0,,,,,
1037046159185053,100064197037125,"PC Merchandise","Another comshop delivered! 10 units RYZEN 5 4600G para sa bagong negosyo ni MARK 💪",,0,"09/22/2023 20:15",,https://www.facebook.com/pcmerchandise.co/posts/pfbid0dB6beLM3AyLaxzORLeQ4Rlj2PoVp9JyNHQrDmyFdXSkez3XrZoucg4YW,0,0,Photos,,,,,09/13/2023,,,0,0,0,0,0,0,,,,,
1037046159185053,100064197037125,"PC Merchandise","Another comshop delivered! 10 units RYZEN 5 4600G para sa bagong negosyo ni MARK 💪",,0,"09/22/2023 20:15",,https://www.facebook.com/pcmerchandise.co/posts/pfbid0dB6beLM3AyLaxzORLeQ4Rlj2PoVp9JyNHQrDmyFdXSkez3XrZoucg4YW,0,0,Photos,,,,,09/14/2023,,,0,0,0,0,0,0,,,,,
1037046159185053,100064197037125,"PC Merchandise","Another comshop delivered! 10 units RYZEN 5 4600G para sa bagong negosyo ni MARK 💪",,0,"09/22/2023 20:15",,https://www.facebook.com/pcmerchandise.co/posts/pfbid0dB6beLM3AyLaxzORLeQ4Rlj2PoVp9JyNHQrDmyFdXSkez3XrZoucg4YW,0,0,Photos,,,,,09/15/2023,,,0,0,0,0,0,0,,,,,
1037046159185053,100064197037125,"PC Merchandise","Another comshop delivered! 10 units RYZEN 5 4600G para sa bagong negosyo ni MARK 💪",,0,"09/22/2023 20:15",,https://www.facebook.com/pcmerchandise.co/posts/pfbid0dB6beLM3AyLaxzORLeQ4Rlj2PoVp9JyNHQrDmyFdXSkez3XrZoucg4YW,0,0,Photos,,,,,09/16/2023,,,0,0,0,0,0,0,,,,,
1037046159185053,100064197037125,"PC Merchandise","Another comshop delivered! 10 units RYZEN 5 4600G para sa bagong negosyo ni MARK 💪",,0,"09/22/2023 20:15",,https://www.facebook.com/pcmerchandise.co/posts/pfbid0dB6beLM3AyLaxzORLeQ4Rlj2PoVp9JyNHQrDmyFdXSkez3XrZoucg4YW,0,0,Photos,,,,,09/17/2023,,,0,0,0,0,0,0,,,,,
1037046159185053,100064197037125,"PC Merchandise","Another comshop delivered! 10 units RYZEN 5 4600G para sa bagong negosyo ni MARK 💪",,0,"09/22/2023 20:15",,https://www.facebook.com/pcmerchandise.co/posts/pfbid0dB6beLM3AyLaxzORLeQ4Rlj2PoVp9JyNHQrDmyFdXSkez3XrZoucg4YW,0,0,Photos,,,,,09/18/2023,,,0,0,0,0,0,0,,,,,
1037046159185053,100064197037125,"PC Merchandise","Another comshop delivered! 10 units RYZEN 5 4600G para sa bagong negosyo ni MARK 💪",,0,"09/22/2023 20:15",,https://www.facebook.com/pcmerchandise.co/posts/pfbid0dB6beLM3AyLaxzORLeQ4Rlj2PoVp9JyNHQrDmyFdXSkez3XrZoucg4YW,0,0,Photos,,,,,09/19/2023,,,0,0,0,0,0,0,,,,,
1037046159185053,100064197037125,"PC Merchandise","Another comshop delivered! 10 units RYZEN 5 4600G para sa bagong negosyo ni MARK 💪",,0,"09/22/2023 20:15",,https://www.facebook.com/pcmerchandise.co/posts/pfbid0dB6beLM3AyLaxzORLeQ4Rlj2PoVp9JyNHQrDmyFdXSkez3XrZoucg4YW,0,0,Photos,,,,,09/20/2023,,,0,0,0,0,0,0,,,,,
1037046159185053,100064197037125,"PC Merchandise","Another comshop delivered! 10 units RYZEN 5 4600G para sa bagong negosyo ni MARK 💪",,0,"09/22/2023 20:15",,https://www.facebook.com/pcmerchandise.co/posts/pfbid0dB6beLM3AyLaxzORLeQ4Rlj2PoVp9JyNHQrDmyFdXSkez3XrZoucg4YW,0,0,Photos,,,,,09/21/2023,,,0,0,0,0,0,0,,,,,
1037046159185053,100064197037125,"PC Merchandise","Another comshop delivered! 10 units RYZEN 5 4600G para sa bagong negosyo ni MARK 💪",,0,"09/22/2023 20:15",,https://www.facebook.com/pcmerchandise.co/posts/pfbid0dB6beLM3AyLaxzORLeQ4Rlj2PoVp9JyNHQrDmyFdXSkez3XrZoucg4YW,0,0,Photos,,,,,09/22/2023,,,0,0,0,0,0,0,,,,,
1037046159185053,100064197037125,"PC Merchandise","Another comshop delivered! 10 units RYZEN 5 4600G para sa bagong negosyo ni MARK 💪",,0,"09/22/2023 20:15",,https://www.facebook.com/pcmerchandise.co/posts/pfbid0dB6beLM3AyLaxzORLeQ4Rlj2PoVp9JyNHQrDmyFdXSkez3XrZoucg4YW,0,0,Photos,,,,,09/23/2023,,,0,0,0,0,0,0,,,,,
1037046159185053,100064197037125,"PC Merchandise","Another comshop delivered! 10 units RYZEN 5 4600G para sa bagong negosyo ni MARK 💪",,0,"09/22/2023 20:15",,https://www.facebook.com/pcmerchandise.co/posts/pfbid0dB6beLM3AyLaxzORLeQ4Rlj2PoVp9JyNHQrDmyFdXSkez3XrZoucg4YW,0,0,Photos,,,,,09/24/2023,,,0,0,0,0,0,0,,,,,
1037046159185053,100064197037125,"PC Merchandise","Another comshop delivered! 10 units RYZEN 5 4600G para sa bagong negosyo ni MARK 💪",,0,"09/22/2023 20:15",,https://www.facebook.com/pcmerchandise.co/posts/pfbid0dB6beLM3AyLaxzORLeQ4Rlj2PoVp9JyNHQrDmyFdXSkez3XrZoucg4YW,0,0,Photos,,,,,09/25/2023,,,0,0,0,0,0,0,,,,,
1037046159185053,100064197037125,"PC Merchandise","Another comshop delivered! 10 units RYZEN 5 4600G para sa bagong negosyo ni MARK 💪",,0,"09/22/2023 20:15",,https://www.facebook.com/pcmerchandise.co/posts/pfbid0dB6beLM3AyLaxzORLeQ4Rlj2PoVp9JyNHQrDmyFdXSkez3XrZoucg4YW,0,0,Photos,,,,,09/26/2023,,,0,0,0,0,0,0,,,,,
1037046159185053,100064197037125,"PC Merchandise","Another comshop delivered! 10 units RYZEN 5 4600G para sa bagong negosyo ni MARK 💪",,0,"09/22/2023 20:15",,https://www.facebook.com/pcmerchandise.co/posts/pfbid0dB6beLM3AyLaxzORLeQ4Rlj2PoVp9JyNHQrDmyFdXSkez3XrZoucg4YW,0,0,Photos,,,,,09/27/2023,,,0,0,0,0,0,0,,,,,
1037046159185053,100064197037125,"PC Merchandise","Another comshop delivered! 10 units RYZEN 5 4600G para sa bagong negosyo ni MARK 💪",,0,"09/22/2023 20:15",,https://www.facebook.com/pcmerchandise.co/posts/pfbid0dB6beLM3AyLaxzORLeQ4Rlj2PoVp9JyNHQrDmyFdXSkez3XrZoucg4YW,0,0,Photos,,,,,09/28/2023,,,0,0,0,0,0,0,,,,,
1037046159185053,100064197037125,"PC Merchandise","Another comshop delivered! 10 units RYZEN 5 4600G para sa bagong negosyo ni MARK 💪",,0,"09/22/2023 20:15",,https://www.facebook.com/pcmerchandise.co/posts/pfbid0dB6beLM3AyLaxzORLeQ4Rlj2PoVp9JyNHQrDmyFdXSkez3XrZoucg4YW,0,0,Photos,,,,,09/29/2023,,,0,0,0,0,0,0,,,,,
1037046159185053,100064197037125,"PC Merchandise","Another comshop delivered! 10 units RYZEN 5 4600G para sa bagong negosyo ni MARK 💪",,0,"09/22/2023 20:15",,https://www.facebook.com/pcmerchandise.co/posts/pfbid0dB6beLM3AyLaxzORLeQ4Rlj2PoVp9JyNHQrDmyFdXSkez3XrZoucg4YW,0,0,Photos,,,,,09/30/2023,,,0,0,0,0,0,0,,,,,
1036801015730154,100064197037125,"PC Merchandise","𝐀𝐌𝟓 𝐁𝐮𝐢𝐥𝐝 𝐋𝐢𝐦𝐢𝐭𝐞𝐝 𝐒𝐚𝐥𝐞! 🚨
Experience next-gen performance with our latest builds. PM for pricelist!",,0,"09/22/2023 19:00",,https://www.facebook.com/pcmerchandise.co/posts/pfbid0JCPNxxFP2D9R46KLjwhqwAWqCenzIeBjYHffRoKGwlI4yG4JAMWV2OpK,0,0,Photos,,,,,09/30/2023,3,,,,,,,,,,,,
1036801015730154,100064197037125,"PC Merchandise","𝐀𝐌𝟓 𝐁𝐮𝐢𝐥𝐝 𝐋𝐢𝐦𝐢𝐭𝐞𝐝 𝐒𝐚𝐥𝐞! 🚨
Experience next-gen performance with our latest builds. PM for pricelist!",,0,"09/22/2023 19:00",,https://www.facebook.com/pcmerchandise.co/posts/pfbid0JCPNxxFP2D9R46KLjwhqwAWqCenzIeBjYHffRoKGwlI4yG4JAMWV2OpK,0,0,Photos,,,,,09/01/2023,,,0,0,0,0,0,0,,,,,
1036801015730154,100064197037125,"PC Merchandise","𝐀𝐌𝟓 𝐁𝐮𝐢𝐥𝐝 𝐋𝐢𝐦𝐢𝐭𝐞𝐝 𝐒𝐚𝐥𝐞! 🚨
Experience next-gen performance with our latest builds. PM for pricelist!",,0,"09/22/2023 19:00",,https://www.facebook.com/pcmerchandise.co/posts/pfbid0JCPNxxFP2D9R46KLjwhqwAWqCenzIeBjYHffRoKGwlI4yG4JAMWV2OpK,0,0,Photos,,,,,09/02/2023,,,0,0,0,0,0,0,,,,,
1036801015730154,100064197037125,"PC Merchandise","𝐀𝐌𝟓 𝐁𝐮𝐢𝐥𝐝 𝐋𝐢𝐦𝐢𝐭𝐞𝐝 𝐒𝐚𝐥𝐞! 🚨
Experience next-gen performance with our latest builds. PM for pricelist!",,0,"09/22/2023 19:00",,https://www.facebook.com/pcmerchandise.co/posts/pfbid0JCPNxxFP2D9R46KLjwhqwAWqCenzIeBjYHffRoKGwlI4yG4JAMWV2OpK,0,0,Photos,,,,,09/03/2023,,,0,0,0,0,0,0,,,,,
1036801015730154,100064197037125,"PC Merchandise","𝐀𝐌𝟓 𝐁𝐮𝐢𝐥𝐝 𝐋𝐢𝐦𝐢𝐭𝐞𝐝 𝐒𝐚𝐥𝐞! 🚨
Experience next-gen performance with our latest builds. PM for pricelist!",,0,"09/22/2023 19:00",,https://www.facebook.com/pcmerchandise.co/posts/pfbid0JCPNxxFP2D9R46KLjwhqwAWqCenzIeBjYHffRoKGwlI4yG4JAMWV2OpK,0,0,Photos,,,,,09/04/2023,,,0,0,0,0,0,0,,,,,
1036801015730154,100064197037125,"PC Merchandise","𝐀𝐌𝟓 𝐁𝐮𝐢𝐥𝐝 𝐋𝐢𝐦𝐢𝐭𝐞𝐝 𝐒𝐚𝐥𝐞! 🚨
Experience next-gen performance with our latest builds. PM for pricelist!",,0,"09/22/2023 19:00",,https://www.facebook.com/pcmerchandise.co/posts/pfbid0JCPNxxFP2D9R46KLjwhqwAWqCenzIeBjYHffRoKGwlI4yG4JAMWV2OpK,0,0,Photos,,,,,09/05/2023,,,0,0,0,0,0,0,,,,,
1036801015730154,100064197037125,"PC Merchandise","𝐀𝐌𝟓 𝐁𝐮𝐢𝐥𝐝 𝐋𝐢𝐦𝐢𝐭𝐞𝐝 𝐒𝐚𝐥𝐞! 🚨
Experience next-gen performance with our latest builds. PM for pricelist!",,0,"09/22/2023 19:00",,https://www.facebook.com/pcmerchandise.co/posts/pfbid0JCPNxxFP2D9R46KLjwhqwAWqCenzIeBjYHffRoKGwlI4yG4JAMWV2OpK,0,0,Photos,,,,,09/06/2023,,,0,0,0,0,0,0,,,,,
1036801015730154,100064197037125,"PC Merchandise","𝐀𝐌𝟓 𝐁𝐮𝐢𝐥𝐝 𝐋𝐢𝐦𝐢𝐭𝐞𝐝 𝐒𝐚𝐥𝐞! 🚨
Experience next-gen performance with our latest builds. PM for pricelist!",,0,"09/22/2023 19:00",,https://www.facebook.com/pcmerchandise.co/posts/pfbid0JCPNxxFP2D9R46KLjwhqwAWqCenzIeBjYHffRoKGwlI4yG4JAMWV2OpK,0,0,Photos,,,,,09/07/2023,,,0,0,0,0,0,0,,,,,
1036801015730154,100064197037125,"PC Merchandise","𝐀𝐌𝟓 𝐁𝐮𝐢𝐥𝐝 𝐋𝐢𝐦𝐢𝐭𝐞𝐝 𝐒𝐚𝐥𝐞! 🚨
Experience next-gen performance with our latest builds. PM for pricelist!",,0,"09/22/2023 19:00",,https://www.facebook.com/pcmerchandise.co/posts/pfbid0JCPNxxFP2D9R46KLjwhqwAWqCenzIeBjYHffRoKGwlI4yG4JAMWV2OpK,0,0,Photos,,,,,09/08/2023,,,0,0,0,0,0,0,,,,,
1036801015730154,100064197037125,"PC Merchandise","𝐀𝐌𝟓 𝐁𝐮𝐢𝐥𝐝 𝐋𝐢𝐦𝐢𝐭𝐞𝐝 𝐒𝐚𝐥𝐞! 🚨
Experience next-gen performance with our latest builds. PM for pricelist!",,0,"09/22/2023 19:00",,https://www.facebook.com/pcmerchandise.co/posts/pfbid0JCPNxxFP2D9R46KLjwhqwAWqCenzIeBjYHffRoKGwlI4yG4JAMWV2OpK,0,0,Photos,,,,,09/09/2023,,,0,0,0,0,0,0,,,,,
1036801015730154,100064197037125,"PC Merchandise","𝐀𝐌𝟓 𝐁𝐮𝐢𝐥𝐝 𝐋𝐢𝐦𝐢𝐭𝐞𝐝 𝐒𝐚𝐥𝐞! 🚨
Experience next-gen performance with our latest builds. PM for pricelist!",,0,"09/22/2023 19:00",,https://www.facebook.com/pcmerchandise.co/posts/pfbid0JCPNxxFP2D9R46KLjwhqwAWqCenzIeBjYHffRoKGwlI4yG4JAMWV2OpK,0,0,Photos,,,,,09/10/2023,,,0,0,0,0,0,0,,,,,
1036801015730154,100064197037125,"PC Merchandise","𝐀𝐌𝟓 𝐁𝐮𝐢𝐥𝐝 𝐋𝐢𝐦𝐢𝐭𝐞𝐝 𝐒𝐚𝐥𝐞! 🚨
Experience next-gen performance with our latest builds. PM for pricelist!",,0,"09/22/2023 19:00",,https://www.facebook.com/pcmerchandise.co/posts/pfbid0JCPNxxFP2D9R46KLjwhqwAWqCenzIeBjYHffRoKGwlI4yG4JAMWV2OpK,0,0,Photos,,,,,09/11/2023,,,0,0,0,0,0,0,,,,,
1036801015730154,100064197037125,"PC Merchandise","𝐀𝐌𝟓 𝐁𝐮𝐢𝐥𝐝 𝐋𝐢𝐦𝐢𝐭𝐞𝐝 𝐒𝐚𝐥𝐞! 🚨
Experience next-gen performance with our latest builds. PM for pricelist!",,0,"09/22/2023 19:00",,https://www.facebook.com/pcmerchandise.co/posts/pfbid0JCPNxxFP2D9R46KLjwhqwAWqCenzIeBjYHffRoKGwlI4yG4JAMWV2OpK,0,0,Photos,,,,,09/12/2023,,,0,0,0,0,0,0,,,,,
1036801015730154,100064197037125,"PC Merchandise","𝐀𝐌𝟓 𝐁𝐮𝐢𝐥𝐝 𝐋𝐢𝐦𝐢𝐭𝐞𝐝 𝐒𝐚𝐥𝐞! 🚨
Experience next-gen performance with our latest builds. PM for pricelist!",,0,"09/22/2023 19:00",,https://www.facebook.com/pcmerchandise.co/posts/pfbid0JCPNxxFP2D9R46KLjwhqwAWqCenzIeBjYHffRoKGwlI4yG4JAMWV2OpK,0,0,Photos,,,,,09/13/2023,,,0,0,0,0,0,0,,,,,
1036801015730154,100064197037125,"PC Merchandise","𝐀𝐌𝟓 𝐁𝐮𝐢𝐥𝐝 𝐋𝐢𝐦𝐢𝐭𝐞𝐝 𝐒𝐚𝐥𝐞! 🚨
Experience next-gen performance with our latest builds. PM for pricelist!",,0,"09/22/2023 19:00",,https://www.facebook.com/pcmerchandise.co/posts/pfbid0JCPNxxFP2D9R46KLjwhqwAWqCenzIeBjYHffRoKGwlI4yG4JAMWV2OpK,0,0,Photos,,,,,09/14/2023,,,0,0,0,0,0,0,,,,,
1036801015730154,100064197037125,"PC Merchandise","𝐀𝐌𝟓 𝐁𝐮𝐢𝐥𝐝 𝐋𝐢𝐦𝐢𝐭𝐞𝐝 𝐒𝐚𝐥𝐞! 🚨
Experience next-gen performance with our latest builds. PM for pricelist!",,0,"09/22/2023 19:00",,https://www.facebook.com/pcmerchandise.co/posts/pfbid0JCPNxxFP2D9R46KLjwhqwAWqCenzIeBjYHffRoKGwlI4yG4JAMWV2OpK,0,0,Photos,,,,,09/15/2023,,,0,0,0,0,0,0,,,,,
1036801015730154,100064197037125,"PC Merchandise","𝐀𝐌𝟓 𝐁𝐮𝐢𝐥𝐝 𝐋𝐢𝐦𝐢𝐭𝐞𝐝 𝐒𝐚𝐥𝐞! 🚨
Experience next-gen performance with our latest builds. PM for pricelist!",,0,"09/22/2023 19:00",,https://www.facebook.com/pcmerchandise.co/posts/pfbid0JCPNxxFP2D9R46KLjwhqwAWqCenzIeBjYHffRoKGwlI4yG4JAMWV2OpK,0,0,Photos,,,,,09/16/2023,,,0,0,0,0,0,0,,,,,
1036801015730154,100064197037125,"PC Merchandise","𝐀𝐌𝟓 𝐁𝐮𝐢𝐥𝐝 𝐋𝐢𝐦𝐢𝐭𝐞𝐝 𝐒𝐚𝐥𝐞! 🚨
Experience next-gen performance with our latest builds. PM for pricelist!",,0,"09/22/2023 19:00",,https://www.facebook.com/pcmerchandise.co/posts/pfbid0JCPNxxFP2D9R46KLjwhqwAWqCenzIeBjYHffRoKGwlI4yG4JAMWV2OpK,0,0,Photos,,,,,09/17/2023,,,0,0,0,0,0,0,,,,,
1036801015730154,100064197037125,"PC Merchandise","𝐀𝐌𝟓 𝐁𝐮𝐢𝐥𝐝 𝐋𝐢𝐦𝐢𝐭𝐞𝐝 𝐒𝐚𝐥𝐞! 🚨
Experience next-gen performance with our latest builds. PM for pricelist!",,0,"09/22/2023 19:00",,https://www.facebook.com/pcmerchandise.co/posts/pfbid0JCPNxxFP2D9R46KLjwhqwAWqCenzIeBjYHffRoKGwlI4yG4JAMWV2OpK,0,0,Photos,,,,,09/18/2023,,,0,0,0,0,0,0,,,,,
1036801015730154,100064197037125,"PC Merchandise","𝐀𝐌𝟓 𝐁𝐮𝐢𝐥𝐝 𝐋𝐢𝐦𝐢𝐭𝐞𝐝 𝐒𝐚𝐥𝐞! 🚨
Experience next-gen performance with our latest builds. PM for pricelist!",,0,"09/22/2023 19:00",,https://www.facebook.com/pcmerchandise.co/posts/pfbid0JCPNxxFP2D9R46KLjwhqwAWqCenzIeBjYHffRoKGwlI4yG4JAMWV2OpK,0,0,Photos,,,,,09/19/2023,,,0,0,0,0,0,0,,,,,
1036801015730154,100064197037125,"PC Merchandise","𝐀𝐌𝟓 𝐁𝐮𝐢𝐥𝐝 𝐋𝐢𝐦𝐢𝐭𝐞𝐝 𝐒𝐚𝐥𝐞! 🚨
Experience next-gen performance with our latest builds. PM for pricelist!",,0,"09/22/2023 19:00",,https://www.facebook.com/pcmerchandise.co/posts/pfbid0JCPNxxFP2D9R46KLjwhqwAWqCenzIeBjYHffRoKGwlI4yG4JAMWV2OpK,0,0,Photos,,,,,09/20/2023,,,0,0,0,0,0,0,,,,,
1036801015730154,100064197037125,"PC Merchandise","𝐀𝐌𝟓 𝐁𝐮𝐢𝐥𝐝 𝐋𝐢𝐦𝐢𝐭𝐞𝐝 𝐒𝐚𝐥𝐞! 🚨
Experience next-gen performance with our latest builds. PM for pricelist!",,0,"09/22/2023 19:00",,https://www.facebook.com/pcmerchandise.co/posts/pfbid0JCPNxxFP2D9R46KLjwhqwAWqCenzIeBjYHffRoKGwlI4yG4JAMWV2OpK,0,0,Photos,,,,,09/21/2023,,,0,0,0,0,0,0,,,,,
1036801015730154,100064197037125,"PC Merchandise","𝐀𝐌𝟓 𝐁𝐮𝐢𝐥𝐝 𝐋𝐢𝐦𝐢𝐭𝐞𝐝 𝐒𝐚𝐥𝐞! 🚨
Experience next-gen performance with our latest builds. PM for pricelist!",,0,"09/22/2023 19:00",,https://www.facebook.com/pcmerchandise.co/posts/pfbid0JCPNxxFP2D9R46KLjwhqwAWqCenzIeBjYHffRoKGwlI4yG4JAMWV2OpK,0,0,Photos,,,,,09/22/2023,,,0,0,0,0,0,0,,,,,
1036801015730154,100064197037125,"PC Merchandise","𝐀𝐌𝟓 𝐁𝐮𝐢𝐥𝐝 𝐋𝐢𝐦𝐢𝐭𝐞𝐝 𝐒𝐚𝐥𝐞! 🚨
Experience next-gen performance with our latest builds. PM for pricelist!",,0,"09/22/2023 19:00",,https://www.facebook.com/pcmerchandise.co/posts/pfbid0JCPNxxFP2D9R46KLjwhqwAWqCenzIeBjYHffRoKGwlI4yG4JAMWV2OpK,0,0,Photos,,,,,09/23/2023,,,0,0,0,0,0,0,,,,,
1036801015730154,100064197037125,"PC Merchandise","𝐀𝐌𝟓 𝐁𝐮𝐢𝐥𝐝 𝐋𝐢𝐦𝐢𝐭𝐞𝐝 𝐒𝐚𝐥𝐞! 🚨
Experience next-gen performance with our latest builds. PM for pricelist!",,0,"09/22/2023 19:00",,https://www.facebook.com/pcmerchandise.co/posts/pfbid0JCPNxxFP2D9R46KLjwhqwAWqCenzIeBjYHffRoKGwlI4yG4JAMWV2OpK,0,0,Photos,,,,,09/24/2023,,,0,0,0,0,0,0,,,,,
1036801015730154,100064197037125,"PC Merchandise","𝐀𝐌𝟓 𝐁𝐮𝐢𝐥𝐝 𝐋𝐢𝐦𝐢𝐭𝐞𝐝 𝐒𝐚𝐥𝐞! 🚨
Experience next-gen performance with our latest builds. PM for pricelist!",,0,"09/22/2023 19:00",,https://www.facebook.com/pcmerchandise.co/posts/pfbid0JCPNxxFP2D9R46KLjwhqwAWqCenzIeBjYHffRoKGwlI4yG4JAMWV2OpK,0,0,Photos,,,,,09/25/2023,,,0,0,0,0,0,0,,,,,
1036801015730154,100064197037125,"PC Merchandise","𝐀𝐌𝟓 𝐁𝐮𝐢𝐥𝐝 𝐋𝐢𝐦𝐢𝐭𝐞𝐝 𝐒𝐚𝐥𝐞! 🚨
Experience next-gen performance with our latest builds. PM for pricelist!",,0,"09/22/2023 19:00",,https://www.facebook.com/pcmerchandise.co/posts/pfbid0JCPNxxFP2D9R46KLjwhqwAWqCenzIeBjYHffRoKGwlI4yG4JAMWV2OpK,0,0,Photos,,,,,09/26/2023,,,0,0,0,0,0,0,,,,,
1036801015730154,100064197037125,"PC Merchandise","𝐀𝐌𝟓 𝐁𝐮𝐢𝐥𝐝 𝐋𝐢𝐦𝐢𝐭𝐞𝐝 𝐒𝐚𝐥𝐞! 🚨
Experience next-gen performance with our latest builds. PM for pricelist!",,0,"09/22/2023 19:00",,https://www.facebook.com/pcmerchandise.co/posts/pfbid0JCPNxxFP2D9R46KLjwhqwAWqCenzIeBjYHffRoKGwlI4yG4JAMWV2OpK,0,0,Photos,,,,,09/27/2023,,,0,0,0,0,0,0,,,,,
1036801015730154,100064197037125,"PC Merchandise","𝐀𝐌𝟓 𝐁𝐮𝐢𝐥𝐝 𝐋𝐢𝐦𝐢𝐭𝐞𝐝 𝐒𝐚𝐥𝐞! 🚨
Experience next-gen performance with our latest builds. PM for pricelist!",,0,"09/22/2023 19:00",,https://www.facebook.com/pcmerchandise.co/posts/pfbid0JCPNxxFP2D9R46KLjwhqwAWqCenzIeBjYHffRoKGwlI4yG4JAMWV2OpK,0,0,Photos,,,,,09/28/2023,,,0,0,0,0,0,0,,,,,
1036801015730154,100064197037125,"PC Merchandise","𝐀𝐌𝟓 𝐁𝐮𝐢𝐥𝐝 𝐋𝐢𝐦𝐢𝐭𝐞𝐝 𝐒𝐚𝐥𝐞! 🚨
Experience next-gen performance with our latest builds. PM for pricelist!",,0,"09/22/2023 19:00",,https://www.facebook.com/pcmerchandise.co/posts/pfbid0JCPNxxFP2D9R46KLjwhqwAWqCenzIeBjYHffRoKGwlI4yG4JAMWV2OpK,0,0,Photos,,,,,09/29/2023,,,0,0,0,0,0,0,,,,,
1036801015730154,100064197037125,"PC Merchandise","𝐀𝐌𝟓 𝐁𝐮𝐢𝐥𝐝 𝐋𝐢𝐦𝐢𝐭𝐞𝐝 𝐒𝐚𝐥𝐞! 🚨
Experience next-gen performance with our latest builds. PM for pricelist!",,0,"09/22/2023 19:00",,https://www.facebook.com/pcmerchandise.co/posts/pfbid0JCPNxxFP2D9R46KLjwhqwAWqCenzIeBjYHffRoKGwlI4yG4JAMWV2OpK,0,0,Photos,,,,,09/30/2023,,,0,0,0,0,0,0,,,,,
1037346407994318,100064197037125,"PC Merchandise","Free deliver within Antipolo! RYZEN 5 4600G packages all-in na.",,0,"09/21/2023 01:15",,https://www.facebook.com/pcmerchandise.co/posts/pfbid0dFRmUfHJv6dDrq6odW1gQSMT6pQy4LrxT7O6zu4PZlXW9lDplJLNjWct,0,0,Photos,,,,,09/30/2023,0,,,,,,,,,,,,
1037346407994318,100064197037125,"PC Merchandise","Free deliver within Antipolo! RYZEN 5 4600G packages all-in na.",,0,"09/21/2023 01:15",,https://www.facebook.com/pcmerchandise.co/posts/pfbid0dFRmUfHJv6dDrq6odW1gQSMT6pQy4LrxT7O6zu4PZlXW9lDplJLNjWct,0,0,Photos,,,,,09/01/2023,,,0,0,0,0,0,0,,,,,
1037346407994318,100064197037125,"PC Merchandise","Free deliver within Antipolo! RYZEN 5 4600G packages all-in na.",,0,"09/21/2023 01:15",,https://www.facebook.com/pcmerchandise.co/posts/pfbid0dFRmUfHJv6dDrq6odW1gQSMT6pQy4LrxT7O6zu4PZlXW9lDplJLNjWct,0,0,Photos,,,,,09/02/2023,,,0,0,0,0,0,0,,,,,
1037346407994318,100064197037125,"PC Merchandise","Free deliver within Antipolo! RYZEN 5 4600G packages all-in na.",,0,"09/21/2023 01:15",,https://www.facebook.com/pcmerchandise.co/posts/pfbid0dFRmUfHJv6dDrq6odW1gQSMT6pQy4LrxT7O6zu4PZlXW9lDplJLNjWct,0,0,Photos,,,,,09/03/2023,,,0,0,0,0,0,0,,,,,
1037346407994318,100064197037125,"PC Merchandise","Free deliver within Antipolo! RYZEN 5 4600G packages all-in na.",,0,"09/21/2023 01:15",,https://www.facebook.com/pcmerchandise.co/posts/pfbid0dFRmUfHJv6dDrq6odW1gQSMT6pQy4LrxT7O6zu4PZlXW9lDplJLNjWct,0,0,Photos,,,,,09/04/2023,,,0,0,0,0,0,0,,,,,
1037346407994318,100064197037125,"PC Merchandise","Free deliver within Antipolo! RYZEN 5 4600G packages all-in na.",,0,"09/21/2023 01:15",,https://www.facebook.com/pcmerchandise.co/posts/pfbid0dFRmUfHJv6dDrq6odW1gQSMT6pQy4LrxT7O6zu4PZlXW9lDplJLNjWct,0,0,Photos,,,,,09/05/2023,,,0,0,0,0,0,0,,,,,
1037346407994318,100064197037125,"PC Merchandise","Free deliver within Antipolo! RYZEN 5 4600G packages all-in na.",,0,"09/21/2023 01:15",,https://www.facebook.com/pcmerchandise.co/posts/pfbid0dFRmUfHJv6dDrq6odW1gQSMT6pQy4LrxT7O6zu4PZlXW9lDplJLNjWct,0,0,Photos,,,,,09/06/2023,,,0,0,0,0,0,0,,,,,
1037346407994318,100064197037125,"PC Merchandise","Free deliver within Antipolo! RYZEN 5 4600G packages all-in na.",,0,"09/21/2023 01:15",,https://www.facebook.com/pcmerchandise.co/posts/pfbid0dFRmUfHJv6dDrq6odW1gQSMT6pQy4LrxT7O6zu4PZlXW9lDplJLNjWct,0,0,Photos,,,,,09/07/2023,,,0,0,0,0,0,0,,,,,
1037346407994318,100064197037125,"PC Merchandise","Free deliver within Antipolo! RYZEN 5 4600G packages all-in na.",,0,"09/21/2023 01:15",,https://www.facebook.com/pcmerchandise.co/posts/pfbid0dFRmUfHJv6dDrq6odW1gQSMT6pQy4LrxT7O6zu4PZlXW9lDplJLNjWct,0,0,Photos,,,,,09/08/2023,,,0,0,0,0,0,0,,,,,
1037346407994318,100064197037125,"PC Merchandise","Free deliver within Antipolo! RYZEN 5 4600G packages all-in na.",,0,"09/21/2023 01:15",,https://www.facebook.com/pcmerchandise.co/posts/pfbid0dFRmUfHJv6dDrq6odW1gQSMT6pQy4LrxT7O6zu4PZlXW9lDplJLNjWct,0,0,Photos,,,,,09/09/2023,,,0,0,0,0,0,0,,,,,
1037346407994318,100064197037125,"PC Merchandise","Free deliver within Antipolo! RYZEN 5 4600G packages all-in na.",,0,"09/21/2023 01:15",,https://www.facebook.com/pcmerchandise.co/posts/pfbid0dFRmUfHJv6dDrq6odW1gQSMT6pQy4LrxT7O6zu4PZlXW9lDplJLNjWct,0,0,Photos,,,,,09/10/2023,,,0,0,0,0,0,0,,,,,
1037346407994318,100064197037125,"PC Merchandise","Free deliver within Antipolo! RYZEN 5 4600G packages all-in na.",,0,"09/21/2023 01:15",,https://www.facebook.com/pcmerchandise.co/posts/pfbid0dFRmUfHJv6dDrq6odW1gQSMT6pQy4LrxT7O6zu4PZlXW9lDplJLNjWct,0,0,Photos,,,,,09/11/2023,,,0,0,0,0,0,0,,,,,
1037346407994318,100064197037125,"PC Merchandise","Free deliver within Antipolo! RYZEN 5 4600G packages all-in na.",,0,"09/21/2023 01:15",,https://www.facebook.com/pcmerchandise.co/posts/pfbid0dFRmUfHJv6dDrq6odW1gQSMT6pQy4LrxT7O6zu4PZlXW9lDplJLNjWct,0,0,Photos,,,,,09/12/2023,,,0,0,0,0,0,0,,,,,
1037346407994318,100064197037125,"PC Merchandise","Free deliver within Antipolo! RYZEN 5 4600G packages all-in na.",,0,"09/21/2023 01:15",,https://www.facebook.com/pcmerchandise.co/posts/pfbid0dFRmUfHJv6dDrq6odW1gQSMT6pQy4LrxT7O6zu4PZlXW9lDplJLNjWct,0,0,Photos,,,,,09/13/2023,,,0,0,0,0,0,0,,,,,
1037346407994318,100064197037125,"PC Merchandise","Free deliver within Antipolo! RYZEN 5 4600G packages all-in na.",,0,"09/21/2023 01:15",,https://www.facebook.com/pcmerchandise.co/posts/pfbid0dFRmUfHJv6dDrq6odW1gQSMT6pQy4LrxT7O6zu4PZlXW9lDplJLNjWct,0,0,Photos,,,,,09/14/2023,,,0,0,0,0,0,0,,,,,
1037346407994318,100064197037125,"PC Merchandise","Free deliver within Antipolo! RYZEN 5 4600G packages all-in na.",,0,"09/21/2023 01:15",,https://www.facebook.com/pcmerchandise.co/posts/pfbid0dFRmUfHJv6dDrq6odW1gQSMT6pQy4LrxT7O6zu4PZlXW9lDplJLNjWct,0,0,Photos,,,,,09/15/2023,,,0,0,0,0,0,0,,,,,
1037346407994318,100064197037125,"PC Merchandise","Free deliver within Antipolo! RYZEN 5 4600G packages all-in na.",,0,"09/21/2023 01:15",,https://www.facebook.com/pcmerchandise.co/posts/pfbid0dFRmUfHJv6dDrq6odW1gQSMT6pQy4LrxT7O6zu4PZlXW9lDplJLNjWct,0,0,Photos,,,,,09/16/2023,,,0,0,0,0,0,0,,,,,
1037346407994318,100064197037125,"PC Merchandise","Free deliver within Antipolo! RYZEN 5 4600G packages all-in na.",,0,"09/21/2023 01:15",,https://www.facebook.com/pcmerchandise.co/posts/pfbid0dFRmUfHJv6dDrq6odW1gQSMT6pQy4LrxT7O6zu4PZlXW9lDplJLNjWct,0,0,Photos,,,,,09/17/2023,,,0,0,0,0,0,0,,,,,
1037346407994318,100064197037125,"PC Merchandise","Free deliver within Antipolo! RYZEN 5 4600G packages all-in na.",,0,"09/21/2023 01:15",,https://www.facebook.com/pcmerchandise.co/posts/pfbid0dFRmUfHJv6dDrq6odW1gQSMT6pQy4LrxT7O6zu4PZlXW9lDplJLNjWct,0,0,Photos,,,,,09/18/2023,,,0,0,0,0,0,0,,,,,
1037346407994318,100064197037125,"PC Merchandise","Free deliver within Antipolo! RYZEN 5 4600G packages all-in na.",,0,"09/21/2023 01:15",,https://www.facebook.com/pcmerchandise.co/posts/pfbid0dFRmUfHJv6dDrq6odW1gQSMT6pQy4LrxT7O6zu4PZlXW9lDplJLNjWct,0,0,Photos,,,,,09/19/2023,,,0,0,0,0,0,0,,,,,
1037346407994318,100064197037125,"PC Merchandise","Free deliver within Antipolo! RYZEN 5 4600G packages all-in na.",,0,"09/21/2023 01:15",,https://www.facebook.com/pcmerchandise.co/posts/pfbid0dFRmUfHJv6dDrq6odW1gQSMT6pQy4LrxT7O6zu4PZlXW9lDplJLNjWct,0,0,Photos,,,,,09/20/2023,,,0,0,0,0,0,0,,,,,
1037346407994318,100064197037125,"PC Merchandise","Free deliver within Antipolo! RYZEN 5 4600G packages all-in na.",,0,"09/21/2023 01:15",,https://www.facebook.com/pcmerchandise.co/posts/pfbid0dFRmUfHJv6dDrq6odW1gQSMT6pQy4LrxT7O6zu4PZlXW9lDplJLNjWct,0,0,Photos,,,,,09/21/2023,,,0,0,0,0,0,0,,,,,
1037346407994318,100064197037125,"PC Merchandise","Free deliver within Antipolo! RYZEN 5 4600G packages all-in na.",,0,"09/21/2023 01:15",,https://www.facebook.com/pcmerchandise.co/posts/pfbid0dFRmUfHJv6dDrq6odW1gQSMT6pQy4LrxT7O6zu4PZlXW9lDplJLNjWct,0,0,Photos,,,,,09/22/2023,,,0,0,0,0,0,0,,,,,
1037346407994318,100064197037125,"PC Merchandise","Free deliver within Antipolo! RYZEN 5 4600G packages all-in na.",,0,"09/21/2023 01:15",,https://www.facebook.com/pcmerchandise.co/posts/pfbid0dFRmUfHJv6dDrq6odW1gQSMT6pQy4LrxT7O6zu4PZlXW9lDplJLNjWct,0,0,Photos,,,,,09/23/2023,,,0,0,0,0,0,0,,,,,
1037346407994318,100064197037125,"PC Merchandise","Free deliver within Antipolo! RYZEN 5 4600G packages all-in na.",,0,"09/21/2023 01:15",,https://www.facebook.com/pcmerchandise.co/posts/pfbid0dFRmUfHJv6dDrq6odW1gQSMT6pQy4LrxT7O6zu4PZlXW9lDplJLNjWct,0,0,Photos,,,,,09/24/2023,,,0,0,0,0,0,0,,,,,
1037346407994318,100064197037125,"PC Merchandise","Free deliver within Antipolo! RYZEN 5 4600G packages all-in na.",,0,"09/21/2023 01:15",,https://www.facebook.com/pcmerchandise.co/posts/pfbid0dFRmUfHJv6dDrq6odW1gQSMT6pQy4LrxT7O6zu4PZlXW9lDplJLNjWct,0,0,Photos,,,,,09/25/2023,,,0,0,0,0,0,0,,,,,
1037346407994318,100064197037125,"PC Merchandise","Free deliver within Antipolo! RYZEN 5 4600G packages all-in na.",,0,"09/21/2023 01:15",,https://www.facebook.com/pcmerchandise.co/posts/pfbid0dFRmUfHJv6dDrq6odW1gQSMT6pQy4LrxT7O6zu4PZlXW9lDplJLNjWct,0,0,Photos,,,,,09/26/2023,,,0,0,0,0,0,0,,,,,
1037346407994318,100064197037125,"PC Merchandise","Free deliver within Antipolo! RYZEN 5 4600G packages all-in na.",,0,"09/21/2023 01:15",,https://www.facebook.com/pcmerchandise.co/posts/pfbid0dFRmUfHJv6dDrq6odW1gQSMT6pQy4LrxT7O6zu4PZlXW9lDplJLNjWct,0,0,Photos,,,,,09/27/2023,,,0,0,0,0,0,0,,,,,
1037346407994318,100064197037125,"PC Merchandise","Free deliver within Antipolo! RYZEN 5 4600G packages all-in na.",,0,"09/21/2023 01:15",,https://www.facebook.com/pcmerchandise.co/posts/pfbid0dFRmUfHJv6dDrq6odW1gQSMT6pQy4LrxT7O6zu4PZlXW9lDplJLNjWct,0,0,Photos,,,,,09/28/2023,,,0,0,0,0,0,0,,,,,
1037346407994318,100064197037125,"PC Merchandise","Free deliver within Antipolo! RYZEN 5 4600G packages all-in na.",,0,"09/21/2023 01:15",,https://www.facebook.com/pcmerchandise.co/posts/pfbid0dFRmUfHJv6dDrq6odW1gQSMT6pQy4LrxT7O6zu4PZlXW9lDplJLNjWct,0,0,Photos,,,,,09/29/2023,,,0,0,0,0,0,0,,,,,
1037346407994318,100064197037125,"PC Merchandise","Free deliver within Antipolo! RYZEN 5 4600G packages all-in na.",,0,"09/21/2023 01:15",,https://www.facebook.com/pcmerchandise.co/posts/pfbid0dFRmUfHJv6dDrq6odW1gQSMT6pQy4LrxT7O6zu4PZlXW9lDplJLNjWct,0,0,Photos,,,,,09/30/2023,,,0,0,0,0,0,0,,,,,
1037081172932949,100064197037125,"PC Merchandise","Pa-mine na yan! RYZEN 5 3400G gaming build, limited slots only this week.",,0,"09/20/2023 21:30",,https://www.facebook.com/pcmerchandise.co/posts/pfbid0qNSpFRPmwisy5xlyPAtukbAuWh3DrGMgkKei1oa2H6UYhGpbe2UXkDmC,0,0,Photos,,,,,09/30/2023,0,,,,,,,,,,,,
1037081172932949,100064197037125,"PC Merchandise","Pa-mine na yan! RYZEN 5 3400G gaming build, limited slots only this week.",,0,"09/20/2023 21:30",,https://www.facebook.com/pcmerchandise.co/posts/pfbid0qNSpFRPmwisy5xlyPAtukbAuWh3DrGMgkKei1oa2H6UYhGpbe2UXkDmC,0,0,Photos,,,,,09/01/2023,,,0,0,0,0,0,0,,,,,
1037081172932949,100064197037125,"PC Merchandise","Pa-mine na yan! RYZEN 5 3400G gaming build, limited slots only this week.",,0,"09/20/2023 21:30",,https://www.facebook.com/pcmerchandise.co/posts/pfbid0qNSpFRPmwisy5xlyPAtukbAuWh3DrGMgkKei1oa2H6UYhGpbe2UXkDmC,0,0,Photos,,,,,09/02/2023,,,0,0,0,0,0,0,,,,,
1037081172932949,100064197037125,"PC Merchandise","Pa-mine na yan! RYZEN 5 3400G gaming build, limited slots only this week.",,0,"09/20/2023 21:30",,https://www.facebook.com/pcmerchandise.co/posts/pfbid0qNSpFRPmwisy5xlyPAtukbAuWh3DrGMgkKei1oa2H6UYhGpbe2UXkDmC,0,0,Photos,,,,,09/03/2023,,,0,0,0,0,0,0,,,,,
1037081172932949,100064197037125,"PC Merchandise","Pa-mine na yan! RYZEN 5 3400G gaming build, limited slots only this week.",,0,"09/20/2023 21:30",,https://www.facebook.com/pcmerchandise.co/posts/pfbid0qNSpFRPmwisy5xlyPAtukbAuWh3DrGMgkKei1oa2H6UYhGpbe2UXkDmC,0,0,Photos,,,,,09/04/2023,,,0,0,0,0,0,0,,,,,
1037081172932949,100064197037125,"PC Merchandise","Pa-mine na yan! RYZEN 5 3400G gaming build, limited slots only this week.",,0,"09/20/2023 21:30",,https://www.facebook.com/pcmerchandise.co/posts/pfbid0qNSpFRPmwisy5xlyPAtukbAuWh3DrGMgkKei1oa2H6UYhGpbe2UXkDmC,0,0,Photos,,,,,09/05/2023,,,0,0,0,0,0,0,,,,,
1037081172932949,100064197037125,"PC Merchandise","Pa-mine na yan! RYZEN 5 3400G gaming build, limited slots only this week.",,0,"09/20/2023 21:30",,https://www.facebook.com/pcmerchandise.co/posts/pfbid0qNSpFRPmwisy5xlyPAtukbAuWh3DrGMgkKei1oa2H6UYhGpbe2UXkDmC,0,0,Photos,,,,,09/06/2023,,,0,0,0,0,0,0,,,,,
1037081172932949,100064197037125,"PC Merchandise","Pa-mine na yan! RYZEN 5 3400G gaming build, limited slots only this week.",,0,"09/20/2023 21:30",,https://www.facebook.com/pcmerchandise.co/posts/pfbid0qNSpFRPmwisy5xlyPAtukbAuWh3DrGMgkKei1oa2H6UYhGpbe2UXkDmC,0,0,Photos,,,,,09/07/2023,,,0,0,0,0,0,0,,,,,
1037081172932949,100064197037125,"PC Merchandise","Pa-mine na yan! RYZEN 5 3400G gaming build, limited slots only this week.",,0,"09/20/2023 21:30",,https://www.facebook.com/pcmerchandise.co/posts/pfbid0qNSpFRPmwisy5xlyPAtukbAuWh3DrGMgkKei1oa2H6UYhGpbe2UXkDmC,0,0,Photos,,,,,09/08/2023,,,0,0,0,0,0,0,,,,,
1037081172932949,100064197037125,"PC Merchandise","Pa-mine na yan! RYZEN 5 3400G gaming build, limited slots only this week.",,0,"09/20/2023 21:30",,https://www.facebook.com/pcmerchandise.co/posts/pfbid0qNSpFRPmwisy5xlyPAtukbAuWh3DrGMgkKei1oa2H6UYhGpbe2UXkDmC,0,0,Photos,,,,,09/09/2023,,,0,0,0,0,0,0,,,,,
1037081172932949,100064197037125,"PC Merchandise","Pa-mine na yan! RYZEN 5 3400G gaming build, limited slots only this week.",,0,"09/20/2023 21:30",,https://www.facebook.com/pcmerchandise.co/posts/pfbid0qNSpFRPmwisy5xlyPAtukbAuWh3DrGMgkKei1oa2H6UYhGpbe2UXkDmC,0,0,Photos,,,,,09/10/2023,,,0,0,0,0,0,0,,,,,
1037081172932949,100064197037125,"PC Merchandise","Pa-mine na yan! RYZEN 5 3400G gaming build, limited slots only this week.",,0,"09/20/2023 21:30",,https://www.facebook.com/pcmerchandise.co/posts/pfbid0qNSpFRPmwisy5xlyPAtukbAuWh3DrGMgkKei1oa2H6UYhGpbe2UXkDmC,0,0,Photos,,,,,09/11/2023,,,0,0,0,0,0,0,,,,,
1037081172932949,100064197037125,"PC Merchandise","Pa-mine na yan! RYZEN 5 3400G gaming build, limited slots only this week.",,0,"09/20/2023 21:30",,https://www.facebook.com/pcmerchandise.co/posts/pfbid0qNSpFRPmwisy5xlyPAtukbAuWh3DrGMgkKei1oa2H6UYhGpbe2UXkDmC,0,0,Photos,,,,,09/12/2023,,,0,0,0,0,0,0,,,,,
1037081172932949,100064197037125,"PC Merchandise","Pa-mine na yan! RYZEN 5 3400G gaming build, limited slots only this week.",,0,"09/20/2023 21:30",,https://www.facebook.com/pcmerchandise.co/posts/pfbid0qNSpFRPmwisy5xlyPAtukbAuWh3DrGMgkKei1oa2H6UYhGpbe2UXkDmC,0,0,Photos,,,,,09/13/2023,,,0,0,0,0,0,0,,,,,
1037081172932949,100064197037125,"PC Merchandise","Pa-mine na yan! RYZEN 5 3400G gaming build, limited slots only this week.",,0,"09/20/2023 21:30",,https://www.facebook.com/pcmerchandise.co/posts/pfbid0qNSpFRPmwisy5xlyPAtukbAuWh3DrGMgkKei1oa2H6UYhGpbe2UXkDmC,0,0,Photos,,,,,09/14/2023,,,0,0,0,0,0,0,,,,,
1037081172932949,100064197037125,"PC Merchandise","Pa-mine na yan! RYZEN 5 3400G gaming build, limited slots only this week.",,0,"09/20/2023 21:30",,https://www.facebook.com/pcmerchandise.co/posts/pfbid0qNSpFRPmwisy5xlyPAtukbAuWh3DrGMgkKei1oa2H6UYhGpbe2UXkDmC,0,0,Photos,,,,,09/15/2023,,,0,0,0,0,0,0,,,,,
1037081172932949,100064197037125,"PC Merchandise","Pa-mine na yan! RYZEN 5 3400G gaming build, limited slots only this week.",,0,"09/20/2023 21:30",,https://www.facebook.com/pcmerchandise.co/posts/pfbid0qNSpFRPmwisy5xlyPAtukbAuWh3DrGMgkKei1oa2H6UYhGpbe2UXkDmC,0,0,Photos,,,,,09/16/2023,,,0,0,0,0,0,0,,,,,
1037081172932949,100064197037125,"PC Merchandise","Pa-mine na yan! RYZEN 5 3400G gaming build, limited slots only this week.",,0,"09/20/2023 21:30",,https://www.facebook.com/pcmerchandise.co/posts/pfbid0qNSpFRPmwisy5xlyPAtukbAuWh3DrGMgkKei1oa2H6UYhGpbe2UXkDmC,0,0,Photos,,,,,09/17/2023,,,0,0,0,0,0,0,,,,,
1037081172932949,100064197037125,"PC Merchandise","Pa-mine na yan! RYZEN 5 3400G gaming build, limited slots only this week.",,0,"09/20/2023 21:30",,https://www.facebook.com/pcmerchandise.co/posts/pfbid0qNSpFRPmwisy5xlyPAtukbAuWh3DrGMgkKei1oa2H6UYhGpbe2UXkDmC,0,0,Photos,,,,,09/18/2023,,,0,0,0,0,0,0,,,,,
1037081172932949,100064197037125,"PC Merchandise","Pa-mine na yan! RYZEN 5 3400G gaming build, limited slots only this week.",,0,"09/20/2023 21:30",,https://www.facebook.com/pcmerchandise.co/posts/pfbid0qNSpFRPmwisy5xlyPAtukbAuWh3DrGMgkKei1oa2H6UYhGpbe2UXkDmC,0,0,Photos,,,,,09/19/2023,,,0,0,0,0,0,0,,,,,
1037081172932949,100064197037125,"PC Merchandise","Pa-mine na yan! RYZEN 5 3400G gaming build, limited slots only this week.",,0,"09/20/2023 21:30",,https://www.facebook.com/pcmerchandise.co/posts/pfbid0qNSpFRPmwisy5xlyPAtukbAuWh3DrGMgkKei1oa2H6UYhGpbe2UXkDmC,0,0,Photos,,,,,09/20/2023,,,0,0,0,0,0,0,,,,,
1037081172932949,100064197037125,"PC Merchandise","Pa-mine na yan! RYZEN 5 3400G gaming build, limited slots only this week.",,0,"09/20/2023 21:30",,https://www.facebook.com/pcmerchandise.co/posts/pfbid0qNSpFRPmwisy5xlyPAtukbAuWh3DrGMgkKei1oa2H6UYhGpbe2UXkDmC,0,0,Photos,,,,,09/21/2023,,,0,0,0,0,0,0,,,,,
1037081172932949,100064197037125,"PC Merchandise","Pa-mine na yan! RYZEN 5 3400G gaming build, limited slots only this week.",,0,"09/20/2023 21:30",,https://www.facebook.com/pcmerchandise.co/posts/pfbid0qNSpFRPmwisy5xlyPAtukbAuWh3DrGMgkKei1oa2H6UYhGpbe2UXkDmC,0,0,Photos,,,,,09/22/2023,,,0,0,0,0,0,0,,,,,
1037081172932949,100064197037125,"PC Merchandise","Pa-mine na yan! RYZEN 5 3400G gaming build, limited slots only this week.",,0,"09/20/2023 21:30",,https://www.facebook.com/pcmerchandise.co/posts/pfbid0qNSpFRPmwisy5xlyPAtukbAuWh3DrGMgkKei1oa2H6UYhGpbe2UXkDmC,0,0,Photos,,,,,09/23/2023,,,0,0,0,0,0,0,,,,,
1037081172932949,100064197037125,"PC Merchandise","Pa-mine na yan! RYZEN 5 3400G gaming build, limited slots only this week.",,0,"09/20/2023 21:30",,https://www.facebook.com/pcmerchandise.co/posts/pfbid0qNSpFRPmwisy5xlyPAtukbAuWh3DrGMgkKei1oa2H6UYhGpbe2UXkDmC,0,0,Photos,,,,,09/24/2023,,,0,0,0,0,0,0,,,,,
1037081172932949,100064197037125,"PC Merchandise","Pa-mine na yan! RYZEN 5 3400G gaming build, limited slots only this week.",,0,"09/20/2023 21:30",,https://www.facebook.com/pcmerchandise.co/posts/pfbid0qNSpFRPmwisy5xlyPAtukbAuWh3DrGMgkKei1oa2H6UYhGpbe2UXkDmC,0,0,Photos,,,,,09/25/2023,,,0,0,0,0,0,0,,,,,
1037081172932949,100064197037125,"PC Merchandise","Pa-mine na yan! RYZEN 5 3400G gaming build, limited slots only this week.",,0,"09/20/2023 21:30",,https://www.facebook.com/pcmerchandise.co/posts/pfbid0qNSpFRPmwisy5xlyPAtukbAuWh3DrGMgkKei1oa2H6UYhGpbe2UXkDmC,0,0,Photos,,,,,09/26/2023,,,0,0,0,0,0,0,,,,,
1037081172932949,100064197037125,"PC Merchandise","Pa-mine na yan! RYZEN 5 3400G gaming build, limited slots only this week.",,0,"09/20/2023 21:30",,https://www.facebook.com/pcmerchandise.co/posts/pfbid0qNSpFRPmwisy5xlyPAtukbAuWh3DrGMgkKei1oa2H6UYhGpbe2UXkDmC,0,0,Photos,,,,,09/27/2023,,,0,0,0,0,0,0,,,,,
1037081172932949,100064197037125,"PC Merchandise","Pa-mine na yan! RYZEN 5 3400G gaming build, limited slots only this week.",,0,"09/20/2023 21:30",,https://www.facebook.com/pcmerchandise.co/posts/pfbid0qNSpFRPmwisy5xlyPAtukbAuWh3DrGMgkKei1oa2H6UYhGpbe2UXkDmC,0,0,Photos,,,,,09/28/2023,,,0,0,0,0,0,0,,,,,
1037081172932949,100064197037125,"PC Merchandise","Pa-mine na yan! RYZEN 5 3400G gaming build, limited slots only this week.",,0,"09/20/2023 21:30",,https://www.facebook.com/pcmerchandise.co/posts/pfbid0qNSpFRPmwisy5xlyPAtukbAuWh3DrGMgkKei1oa2H6UYhGpbe2UXkDmC,0,0,Photos,,,,,09/29/2023,,,0,0,0,0,0,0,,,,,
1037081172932949,100064197037125,"PC Merchandise","Pa-mine na yan! RYZEN 5 3400G gaming build, limited slots only this week.",,0,"09/20/2023 21:30",,https://www.facebook.com/pcmerchandise.co/posts/pfbid0qNSpFRPmwisy5xlyPAtukbAuWh3DrGMgkKei1oa2H6UYhGpbe2UXkDmC,0,0,Photos,,,,,09/30/2023,,,0,0,0,0,0,0,,,,,
1037628233311075,100064197037125,"PC Merchandise","Negosyo starts today! Complete computer shop packages ready. PM now!

𝐂𝐎𝐌𝐒𝐇𝐎𝐏 𝐏𝐑𝐈𝐂𝐄𝐋𝐈𝐒𝐓 >>>
https://pcmerchandise.live/2023-PRICELIST",,61,"09/19/2023 22:00",auto,https://www.facebook.com/reel/1011882439418013/,0,0,Reels,,,,,09/01/2023,0,,,,,,0,0,0,0,0,0.000,2.901
1037628233311075,100064197037125,"PC Merchandise","Negosyo starts today! Complete computer shop packages ready. PM now!

𝐂𝐎𝐌𝐒𝐇𝐎𝐏 𝐏𝐑𝐈𝐂𝐄𝐋𝐈𝐒𝐓 >>>
https://pcmerchandise.live/2023-PRICELIST",,61,"09/19/2023 22:00",auto,https://www.facebook.com/reel/1011882439418013/,0,0,Reels,,,,,09/02/2023,0,,,,,,0,0,0,0,0,0.000,1.762
1037628233311075,100064197037125,"PC Merchandise","Negosyo starts today! Complete computer shop packages ready. PM now!

𝐂𝐎𝐌𝐒𝐇𝐎𝐏 𝐏𝐑𝐈𝐂𝐄𝐋𝐈𝐒𝐓 >>>
https://pcmerchandise.live/2023-PRICELIST",,61,"09/19/2023 22:00",auto,https://www.facebook.com/reel/1011882439418013/,0,0,Reels,,,,,09/03/2023,0,,,,,,0,0,0,0,0,0.000,2.732
1037628233311075,100064197037125,"PC Merchandise","Negosyo starts today! Complete computer shop packages ready. PM now!

𝐂𝐎𝐌𝐒𝐇𝐎𝐏 𝐏𝐑𝐈𝐂𝐄𝐋𝐈𝐒𝐓 >>>
https://pcmerchandise.live/2023-PRICELIST",,61,"09/19/2023 22:00",auto,https://www.facebook.com/reel/1011882439418013/,0,0,Reels,,,,,09/04/2023,0,,,,,,0,0,0,0,0,0.000,2.038
1037628233311075,100064197037125,"PC Merchandise","Negosyo starts today! Complete computer shop packages ready. PM now!

𝐂𝐎𝐌𝐒𝐇𝐎𝐏 𝐏𝐑𝐈𝐂𝐄𝐋𝐈𝐒𝐓 >>>
https://pcmerchandise.live/2023-PRICELIST",,61,"09/19/2023 22:00",auto,https://www.facebook.com/reel/1011882439418013/,0,0,Reels,,,,,09/05/2023,0,,,,,,0,0,0,0,0,0.000,3.382
1037628233311075,100064197037125,"PC Merchandise","Negosyo starts today! Complete computer shop packages ready. PM now!

𝐂𝐎𝐌𝐒𝐇𝐎𝐏 𝐏𝐑𝐈𝐂𝐄𝐋𝐈𝐒𝐓 >>>
https://pcmerchandise.live/2023-PRICELIST",,61,"09/19/2023 22:00",auto,https://www.facebook.com/reel/1011882439418013/,0,0,Reels,,,,,09/06/2023,0,,,,,,0,0,0,0,0,0.000,2.226
1037628233311075,100064197037125,"PC Merchandise","Negosyo starts today! Complete computer shop packages ready. PM now!

𝐂𝐎𝐌𝐒𝐇𝐎𝐏 𝐏𝐑𝐈𝐂𝐄𝐋𝐈𝐒𝐓 >>>
https://pcmerchandise.live/2023-PRICELIST",,61,"09/19/2023 22:00",auto,https://www.facebook.com/reel/1011882439418013/,0,0,Reels,,,,,09/07/2023,0,,,,,,0,0,0,0,0,0.000,3.201
1037628233311075,100064197037125,"PC Merchandise","Negosyo starts today! Complete computer shop packages ready. PM now!

𝐂𝐎𝐌𝐒𝐇𝐎𝐏 𝐏𝐑𝐈𝐂𝐄𝐋𝐈𝐒𝐓 >>>
https://pcmerchandise.live/2023-PRICELIST",,61,"09/19/2023 22:00",auto,https://www.facebook.com/reel/1011882439418013/,0,0,Reels,,,,,09/08/2023,0,,,,,,0,0,0,0,0,0.000,1.500
1037628233311075,100064197037125,"PC Merchandise","Negosyo starts today! Complete computer shop packages ready. PM now!

𝐂𝐎𝐌𝐒𝐇𝐎𝐏 𝐏𝐑𝐈𝐂𝐄𝐋𝐈𝐒𝐓 >>>
https://pcmerchandise.live/2023-PRICELIST",,61,"09/19/2023 22:00",auto,https://www.facebook.com/reel/1011882439418013/,0,0,Reels,,,,,09/09/2023,0,,,,,,0,0,0,0,0,0.000,1.500
1037628233311075,100064197037125,"PC Merchandise","Negosyo starts today! Complete computer shop packages ready. PM now!

𝐂𝐎𝐌𝐒𝐇𝐎𝐏 𝐏𝐑𝐈𝐂𝐄𝐋𝐈𝐒𝐓 >>>
https://pcmerchandise.live/2023-PRICELIST",,61,"09/19/2023 22:00",auto,https://www.facebook.com/reel/1011882439418013/,0,0,Reels,,,,,09/10/2023,0,,,,,,0,0,0,0,0,0.000,1.500
1037628233311075,100064197037125,"PC Merchandise","Negosyo starts today! Complete computer shop packages ready. PM now!

𝐂𝐎𝐌𝐒𝐇𝐎𝐏 𝐏𝐑𝐈𝐂𝐄𝐋𝐈𝐒𝐓 >>>
https://pcmerchandise.live/2023-PRICELIST",,61,"09/19/2023 22:00",auto,https://www.facebook.com/reel/1011882439418013/,0,0,Reels,,,,,09/11/2023,0,,,,,,0,0,0,0,0,0.000,2.095
1037628233311075,100064197037125,"PC Merchandise","Negosyo starts today! Complete computer shop packages ready. PM now!

𝐂𝐎𝐌𝐒𝐇𝐎𝐏 𝐏𝐑𝐈𝐂𝐄𝐋𝐈𝐒𝐓 >>>
https://pcmerchandise.live/2023-PRICELIST",,61,"09/19/2023 22:00",auto,https://www.facebook.com/reel/1011882439418013/,0,0,Reels,,,,,09/12/2023,0,,,,,,0,0,0,0,0,0.000,3.459
1037628233311075,100064197037125,"PC Merchandise","Negosyo starts today! Complete computer shop packages ready. PM now!

𝐂𝐎𝐌𝐒𝐇𝐎𝐏 𝐏𝐑𝐈𝐂𝐄𝐋𝐈𝐒𝐓 >>>
https://pcmerchandise.live/2023-PRICELIST",,61,"09/19/2023 22:00",auto,https://www.facebook.com/reel/1011882439418013/,0,0,Reels,,,,,09/13/2023,0,,,,,,0,0,0,0,0,0.000,2.419
1037628233311075,100064197037125,"PC Merchandise","Negosyo starts today! Complete computer shop packages ready. PM now!

𝐂𝐎𝐌𝐒𝐇𝐎𝐏 𝐏𝐑𝐈𝐂𝐄𝐋𝐈𝐒𝐓 >>>
https://pcmerchandise.live/2023-PRICELIST",,61,"09/19/2023 22:00",auto,https://www.facebook.com/reel/1011882439418013/,0,0,Reels,,,,,09/14/2023,0,,,,,,0,0,0,0,0,0.000,2.084
1037628233311075,100064197037125,"PC Merchandise","Negosyo starts today! Complete computer shop packages ready. PM now!

𝐂𝐎𝐌𝐒𝐇𝐎𝐏 𝐏𝐑𝐈𝐂𝐄𝐋𝐈𝐒𝐓 >>>
https://pcmerchandise.live/2023-PRICELIST",,61,"09/19/2023 22:00",auto,https://www.facebook.com/reel/1011882439418013/,0,0,Reels,,,,,09/15/2023,0,,,,,,0,0,0,0,0,0.000,2.811
1037628233311075,100064197037125,"PC Merchandise","Negosyo starts today! Complete computer shop packages ready. PM now!

𝐂𝐎𝐌𝐒𝐇𝐎𝐏 𝐏𝐑𝐈𝐂𝐄𝐋𝐈𝐒𝐓 >>>
https://pcmerchandise.live/2023-PRICELIST",,61,"09/19/2023 22:00",auto,https://www.facebook.com/reel/1011882439418013/,0,0,Reels,,,,,09/16/2023,0,,,,,,0,0,0,0,0,0.000,1.500
1037628233311075,100064197037125,"PC Merchandise","Negosyo starts today! Complete computer shop packages ready. PM now!

𝐂𝐎𝐌𝐒𝐇𝐎𝐏 𝐏𝐑𝐈𝐂𝐄𝐋𝐈𝐒𝐓 >>>
https://pcmerchandise.live/2023-PRICELIST",,61,"09/19/2023 22:00",auto,https://www.facebook.com/reel/1011882439418013/,0,0,Reels,,,,,09/17/2023,0,,,,,,0,0,0,0,0,0.000,1.554
1037628233311075,100064197037125,"PC Merchandise","Negosyo starts today! Complete computer shop packages ready. PM now!

𝐂𝐎𝐌𝐒𝐇𝐎𝐏 𝐏𝐑𝐈𝐂𝐄𝐋𝐈𝐒𝐓 >>>
https://pcmerchandise.live/2023-PRICELIST",,61,"09/19/2023 22:00",auto,https://www.facebook.com/reel/1011882439418013/,0,0,Reels,,,,,09/18/2023,0,,,,,,0,0,0,0,0,0.000,3.633
1037628233311075,100064197037125,"PC Merchandise","Negosyo starts today! Complete computer shop packages ready. PM now!

𝐂𝐎𝐌𝐒𝐇𝐎𝐏 𝐏𝐑𝐈𝐂𝐄𝐋𝐈𝐒𝐓 >>>
https://pcmerchandise.live/2023-PRICELIST",,61,"09/19/2023 22:00",auto,https://www.facebook.com/reel/1011882439418013/,0,0,Reels,,,,,09/19/2023,0,,,,,,114,0,0,0,0,271.567,2.596
1037628233311075,100064197037125,"PC Merchandise","Negosyo starts today! Complete computer shop packages ready. PM now!

𝐂𝐎𝐌𝐒𝐇𝐎𝐏 𝐏𝐑𝐈𝐂𝐄𝐋𝐈𝐒𝐓 >>>
https://pcmerchandise.live/2023-PRICELIST",,61,"09/19/2023 22:00",auto,https://www.facebook.com/reel/1011882439418013/,0,0,Reels,,,,,09/20/2023,0,,,,,,108,0,0,0,0,296.557,2.349
1037628233311075,100064197037125,"PC Merchandise","Negosyo starts today! Complete computer shop packages ready. PM now!

𝐂𝐎𝐌𝐒𝐇𝐎𝐏 𝐏𝐑𝐈𝐂𝐄𝐋𝐈𝐒𝐓 >>>
https://pcmerchandise.live/2023-PRICELIST",,61,"09/19/2023 22:00",auto,https://www.facebook.com/reel/1011882439418013/,0,0,Reels,,,,,09/21/2023,0,,,,,,113,0,0,0,0,250.536,2.454
1037628233311075,100064197037125,"PC Merchandise","Negosyo starts today! Complete computer shop packages ready. PM now!

𝐂𝐎𝐌𝐒𝐇𝐎𝐏 𝐏𝐑𝐈𝐂𝐄𝐋𝐈𝐒𝐓 >>>
https://pcmerchandise.live/2023-PRICELIST",,61,"09/19/2023 22:00",auto,https://www.facebook.com/reel/1011882439418013/,0,0,Reels,,,,,09/22/2023,0,,,,,,94,0,0,0,0,98.773,3.131
1037628233311075,100064197037125,"PC Merchandise","Negosyo starts today! Complete computer shop packages ready. PM now!

𝐂𝐎𝐌𝐒𝐇𝐎𝐏 𝐏𝐑𝐈𝐂𝐄𝐋𝐈𝐒𝐓 >>>
https://pcmerchandise.live/2023-PRICELIST",,61,"09/19/2023 22:00",auto,https://www.facebook.com/reel/1011882439418013/,0,0,Reels,,,,,09/23/2023,0,,,,,,90,0,0,0,0,94.501,3.207
1037628233311075,100064197037125,"PC Merchandise","Negosyo starts today! Complete computer shop packages ready. PM now!

𝐂𝐎𝐌𝐒𝐇𝐎𝐏 𝐏𝐑𝐈𝐂𝐄𝐋𝐈𝐒𝐓 >>>
https://pcmerchandise.live/2023-PRICELIST",,61,"09/19/2023 22:00",auto,https://www.facebook.com/reel/1011882439418013/,0,0,Reels,,,,,09/24/2023,0,,,,,,0,0,0,0,0,91.331,4.004
1037628233311075,100064197037125,"PC Merchandise","Negosyo starts today! Complete computer shop packages ready. PM now!

𝐂𝐎𝐌𝐒𝐇𝐎𝐏 𝐏𝐑𝐈𝐂𝐄𝐋𝐈𝐒𝐓 >>>
https://pcmerchandise.live/2023-PRICELIST",,61,"09/19/2023 22:00",auto,https://www.facebook.com/reel/1011882439418013/,0,0,Reels,,,,,09/25/2023,0,,,,,,0,0,0,0,0,53.378,2.594
1037628233311075,100064197037125,"PC Merchandise","Negosyo starts today! Complete computer shop packages ready. PM now!

𝐂𝐎𝐌𝐒𝐇𝐎𝐏 𝐏𝐑𝐈𝐂𝐄𝐋𝐈𝐒𝐓 >>>
https://pcmerchandise.live/2023-PRICELIST",,61,"09/19/2023 22:00",auto,https://www.facebook.com/reel/1011882439418013/,0,0,Reels,,,,,09/26/2023,0,,,,,,0,0,0,0,0,35.904,2.696
1037628233311075,100064197037125,"PC Merchandise","Negosyo starts today! Complete computer shop packages ready. PM now!

𝐂𝐎𝐌𝐒𝐇𝐎𝐏 𝐏𝐑𝐈𝐂𝐄𝐋𝐈𝐒𝐓 >>>
https://pcmerchandise.live/2023-PRICELIST",,61,"09/19/2023 22:00",auto,https://www.facebook.com/reel/1011882439418013/,0,0,Reels,,,,,09/27/2023,0,,,,,,0,0,0,0,0,20.931,3.105
1037628233311075,100064197037125,"PC Merchandise","Negosyo starts today! Complete computer shop packages ready. PM now!

𝐂𝐎𝐌𝐒𝐇𝐎𝐏 𝐏𝐑𝐈𝐂𝐄𝐋𝐈𝐒𝐓 >>>
https://pcmerchandise.live/2023-PRICELIST",,61,"09/19/2023 22:00",auto,https://www.facebook.com/reel/1011882439418013/,0,0,Reels,,,,,09/28/2023,0,,,,,,0,0,0,0,0,58.057,2.884
1037628233311075,100064197037125,"PC Merchandise","Negosyo starts today! Complete computer shop packages ready. PM now!

𝐂𝐎𝐌𝐒𝐇𝐎𝐏 𝐏𝐑𝐈𝐂𝐄𝐋𝐈𝐒𝐓 >>>
https://pcmerchandise.live/2023-PRICELIST",,61,"09/19/2023 22:00",auto,https://www.facebook.com/reel/1011882439418013/,0,0,Reels,,,,,09/29/2023,0,,,,,,0,0,0,0,0,42.928,3.513
1037628233311075,100064197037125,"PC Merchandise","Negosyo starts today! Complete computer shop packages ready. PM now!

𝐂𝐎𝐌𝐒𝐇𝐎𝐏 𝐏𝐑𝐈𝐂𝐄𝐋𝐈𝐒𝐓 >>>
https://pcmerchandise.live/2023-PRICELIST",,61,"09/19/2023 22:00",auto,https://www.facebook.com/reel/1011882439418013/,0,0,Reels,,,,,09/30/2023,0,,,,,,0,0,0,0,0,21.406,2.846
1037650187067641,100064197037125,"PC Merchandise","𝐏𝐑𝐈𝐂𝐄𝐋𝐈𝐒𝐓 𝟐𝟎𝟐𝟑 >>>
https://pcmerchandise.live/2023-PRICELIST",,0,"09/17/2023 22:01",,https://www.facebook.com/pcmerchandise.co/posts/pfbid0yvTN1BsCtRzMPijdl7k4BrfgJjVNxGoABGq87EJHe7hoLm8DX5GpS0Id,0,0,Photos,,,,,09/30/2023,3,,,,,,,,,,,,
1037650187067641,100064197037125,"PC Merchandise","𝐏𝐑𝐈𝐂𝐄𝐋𝐈𝐒𝐓 𝟐𝟎𝟐𝟑 >>>
https://pcmerchandise.live/2023-PRICELIST",,0,"09/17/2023 22:01",,https://www.facebook.com/pcmerchandise.co/posts/pfbid0yvTN1BsCtRzMPijdl7k4BrfgJjVNxGoABGq87EJHe7hoLm8DX5GpS0Id,0,0,Photos,,,,,09/01/2023,,,0,0,0,0,0,0,,,,,
1037650187067641,100064197037125,"PC Merchandise","𝐏𝐑𝐈𝐂𝐄𝐋𝐈𝐒𝐓 𝟐𝟎𝟐𝟑 >>>
https://pcmerchandise.live/2023-PRICELIST",,0,"09/17/2023 22:01",,https://www.facebook.com/pcmerchandise.co/posts/pfbid0yvTN1BsCtRzMPijdl7k4BrfgJjVNxGoABGq87EJHe7hoLm8DX5GpS0Id,0,0,Photos,,,,,09/02/2023,,,0,0,0,0,0,0,,,,,
1037650187067641,100064197037125,"PC Merchandise","𝐏𝐑𝐈𝐂𝐄𝐋𝐈𝐒𝐓 𝟐𝟎𝟐𝟑 >>>
https://pcmerchandise.live/2023-PRICELIST",,0,"09/17/2023 22:01",,https://www.facebook.com/pcmerchandise.co/posts/pfbid0yvTN1BsCtRzMPijdl7k4BrfgJjVNxGoABGq87EJHe7hoLm8DX5GpS0Id,0,0,Photos,,,,,09/03/2023,,,0,0,0,0,0,0,,,,,
1037650187067641,100064197037125,"PC Merchandise","𝐏𝐑𝐈𝐂𝐄𝐋𝐈𝐒𝐓 𝟐𝟎𝟐𝟑 >>>
https://pcmerchandise.live/2023-PRICELIST",,0,"09/17/2023 22:01",,https://www.facebook.com/pcmerchandise.co/posts/pfbid0yvTN1BsCtRzMPijdl7k4BrfgJjVNxGoABGq87EJHe7hoLm8DX5GpS0Id,0,0,Photos,,,,,09/04/2023,,,0,0,0,0,0,0,,,,,
1037650187067641,100064197037125,"PC Merchandise","𝐏𝐑𝐈𝐂𝐄𝐋𝐈𝐒𝐓 𝟐𝟎𝟐𝟑 >>>
https://pcmerchandise.live/2023-PRICELIST",,0,"09/17/2023 22:01",,https://www.facebook.com/pcmerchandise.co/posts/pfbid0yvTN1BsCtRzMPijdl7k4BrfgJjVNxGoABGq87EJHe7hoLm8DX5GpS0Id,0,0,Photos,,,,,09/05/2023,,,0,0,0,0,0,0,,,,,
1037650187067641,100064197037125,"PC Merchandise","𝐏𝐑𝐈𝐂𝐄𝐋𝐈𝐒𝐓 𝟐𝟎𝟐𝟑 >>>
https://pcmerchandise.live/2023-PRICELIST",,0,"09/17/2023 22:01",,https://www.facebook.com/pcmerchandise.co/posts/pfbid0yvTN1BsCtRzMPijdl7k4BrfgJjVNxGoABGq87EJHe7hoLm8DX5GpS0Id,0,0,Photos,,,,,09/06/2023,,,0,0,0,0,0,0,,,,,
1037650187067641,100064197037125,"PC Merchandise","𝐏𝐑𝐈𝐂𝐄𝐋𝐈𝐒𝐓 𝟐𝟎𝟐𝟑 >>>
https://pcmerchandise.live/2023-PRICELIST",,0,"09/17/2023 22:01",,https://www.facebook.com/pcmerchandise.co/posts/pfbid0yvTN1BsCtRzMPijdl7k4BrfgJjVNxGoABGq87EJHe7hoLm8DX5GpS0Id,0,0,Photos,,,,,09/07/2023,,,0,0,0,0,0,0,,,,,
1037650187067641,100064197037125,"PC Merchandise","𝐏𝐑𝐈𝐂𝐄𝐋𝐈𝐒𝐓 𝟐𝟎𝟐𝟑 >>>
https://pcmerchandise.live/2023-PRICELIST",,0,"09/17/2023 22:01",,https://www.facebook.com/pcmerchandise.co/posts/pfbid0yvTN1BsCtRzMPijdl7k4BrfgJjVNxGoABGq87EJHe7hoLm8DX5GpS0Id,0,0,Photos,,,,,09/08/2023,,,0,0,0,0,0,0,,,,,
1037650187067641,100064197037125,"PC Merchandise","𝐏𝐑𝐈𝐂𝐄𝐋𝐈𝐒𝐓 𝟐𝟎𝟐𝟑 >>>
https://pcmerchandise.live/2023-PRICELIST",,0,"09/17/2023 22:01",,https://www.facebook.com/pcmerchandise.co/posts/pfbid0yvTN1BsCtRzMPijdl7k4BrfgJjVNxGoABGq87EJHe7hoLm8DX5GpS0Id,0,0,Photos,,,,,09/09/2023,,,0,0,0,0,0,0,,,,,
1037650187067641,100064197037125,"PC Merchandise","𝐏𝐑𝐈𝐂𝐄𝐋𝐈𝐒𝐓 𝟐𝟎𝟐𝟑 >>>
https://pcmerchandise.live/2023-PRICELIST",,0,"09/17/2023 22:01",,https://www.facebook.com/pcmerchandise.co/posts/pfbid0yvTN1BsCtRzMPijdl7k4BrfgJjVNxGoABGq87EJHe7hoLm8DX5GpS0Id,0,0,Photos,,,,,09/10/2023,,,0,0,0,0,0,0,,,,,
1037650187067641,100064197037125,"PC Merchandise","𝐏𝐑𝐈𝐂𝐄𝐋𝐈𝐒𝐓 𝟐𝟎𝟐𝟑 >>>
https://pcmerchandise.live/2023-PRICELIST",,0,"09/17/2023 22:01",,https://www.facebook.com/pcmerchandise.co/posts/pfbid0yvTN1BsCtRzMPijdl7k4BrfgJjVNxGoABGq87EJHe7hoLm8DX5GpS0Id,0,0,Photos,,,,,09/11/2023,,,0,0,0,0,0,0,,,,,
1037650187067641,100064197037125,"PC Merchandise","𝐏𝐑𝐈𝐂𝐄𝐋𝐈𝐒𝐓 𝟐𝟎𝟐𝟑 >>>
https://pcmerchandise.live/2023-PRICELIST",,0,"09/17/2023 22:01",,https://www.facebook.com/pcmerchandise.co/posts/pfbid0yvTN1BsCtRzMPijdl7k4BrfgJjVNxGoABGq87EJHe7hoLm8DX5GpS0Id,0,0,Photos,,,,,09/12/2023,,,0,0,0,0,0,0,,,,,
1037650187067641,100064197037125,"PC Merchandise","𝐏𝐑𝐈𝐂𝐄𝐋𝐈𝐒𝐓 𝟐𝟎𝟐𝟑 >>>
https://pcmerchandise.live/2023-PRICELIST",,0,"09/17/2023 22:01",,https://www.facebook.com/pcmerchandise.co/posts/pfbid0yvTN1BsCtRzMPijdl7k4BrfgJjVNxGoABGq87EJHe7hoLm8DX5GpS0Id,0,0,Photos,,,,,09/13/2023,,,0,0,0,0,0,0,,,,,
1037650187067641,100064197037125,"PC Merchandise","𝐏𝐑𝐈𝐂𝐄𝐋𝐈𝐒𝐓 𝟐𝟎𝟐𝟑 >>>
https://pcmerchandise.live/2023-PRICELIST",,0,"09/17/2023 22:01",,https://www.facebook.com/pcmerchandise.co/posts/pfbid0yvTN1BsCtRzMPijdl7k4BrfgJjVNxGoABGq87EJHe7hoLm8DX5GpS0Id,0,0,Photos,,,,,09/14/2023,,,0,0,0,0,0,0,,,,,
1037650187067641,100064197037125,"PC Merchandise","𝐏𝐑𝐈𝐂𝐄𝐋𝐈𝐒𝐓 𝟐𝟎𝟐𝟑 >>>
https://pcmerchandise.live/2023-PRICELIST",,0,"09/17/2023 22:01",,https://www.facebook.com/pcmerchandise.co/posts/pfbid0yvTN1BsCtRzMPijdl7k4BrfgJjVNxGoABGq87EJHe7hoLm8DX5GpS0Id,0,0,Photos,,,,,09/15/2023,,,0,0,0,0,0,0,,,,,
1037650187067641,100064197037125,"PC Merchandise","𝐏𝐑𝐈𝐂𝐄𝐋𝐈𝐒𝐓 𝟐𝟎𝟐𝟑 >>>
https://pcmerchandise.live/2023-PRICELIST",,0,"09/17/2023 22:01",,https://www.facebook.com/pcmerchandise.co/posts/pfbid0yvTN1BsCtRzMPijdl7k4BrfgJjVNxGoABGq87EJHe7hoLm8DX5GpS0Id,0,0,Photos,,,,,09/16/2023,,,0,0,0,0,0,0,,,,,
1037650187067641,100064197037125,"PC Merchandise","𝐏𝐑𝐈𝐂𝐄𝐋𝐈𝐒𝐓 𝟐𝟎𝟐𝟑 >>>
https://pcmerchandise.live/2023-PRICELIST",,0,"09/17/2023 22:01",,https://www.facebook.com/pcmerchandise.co/posts/pfbid0yvTN1BsCtRzMPijdl7k4BrfgJjVNxGoABGq87EJHe7hoLm8DX5GpS0Id,0,0,Photos,,,,,09/17/2023,,,0,0,0,0,0,0,,,,,
1037650187067641,100064197037125,"PC Merchandise","𝐏𝐑𝐈𝐂𝐄𝐋𝐈𝐒𝐓 𝟐𝟎𝟐𝟑 >>>
https://pcmerchandise.live/2023-PRICELIST",,0,"09/17/2023 22:01",,https://www.facebook.com/pcmerchandise.co/posts/pfbid0yvTN1BsCtRzMPijdl7k4BrfgJjVNxGoABGq87EJHe7hoLm8DX5GpS0Id,0,0,Photos,,,,,09/18/2023,,,0,0,0,0,0,0,,,,,
1037650187067641,100064197037125,"PC Merchandise","𝐏𝐑𝐈𝐂𝐄𝐋𝐈𝐒𝐓 𝟐𝟎𝟐𝟑 >>>
https://pcmerchandise.live/2023-PRICELIST",,0,"09/17/2023 22:01",,https://www.facebook.com/pcmerchandise.co/posts/pfbid0yvTN1BsCtRzMPijdl7k4BrfgJjVNxGoABGq87EJHe7hoLm8DX5GpS0Id,0,0,Photos,,,,,09/19/2023,,,0,0,0,0,0,0,,,,,
1037650187067641,100064197037125,"PC Merchandise","𝐏𝐑𝐈𝐂𝐄𝐋𝐈𝐒𝐓 𝟐𝟎𝟐𝟑 >>>
https://pcmerchandise.live/2023-PRICELIST",,0,"09/17/2023 22:01",,https://www.facebook.com/pcmerchandise.co/posts/pfbid0yvTN1BsCtRzMPijdl7k4BrfgJjVNxGoABGq87EJHe7hoLm8DX5GpS0Id,0,0,Photos,,,,,09/20/2023,,,0,0,0,0,0,0,,,,,
1037650187067641,100064197037125,"PC Merchandise","𝐏𝐑𝐈𝐂𝐄𝐋𝐈𝐒𝐓 𝟐𝟎𝟐𝟑 >>>
https://pcmerchandise.live/2023-PRICELIST",,0,"09/17/2023 22:01",,https://www.facebook.com/pcmerchandise.co/posts/pfbid0yvTN1BsCtRzMPijdl7k4BrfgJjVNxGoABGq87EJHe7hoLm8DX5GpS0Id,0,0,Photos,,,,,09/21/2023,,,0,0,0,0,0,0,,,,,
1037650187067641,100064197037125,"PC Merchandise","𝐏𝐑𝐈𝐂𝐄𝐋𝐈𝐒𝐓 𝟐𝟎𝟐𝟑 >>>
https://pcmerchandise.live/2023-PRICELIST",,0,"09/17/2023 22:01",,https://www.facebook.com/pcmerchandise.co/posts/pfbid0yvTN1BsCtRzMPijdl7k4BrfgJjVNxGoABGq87EJHe7hoLm8DX5GpS0Id,0,0,Photos,,,,,09/22/2023,,,0,0,0,0,0,0,,,,,
1037650187067641,100064197037125,"PC Merchandise","𝐏𝐑𝐈𝐂𝐄𝐋𝐈𝐒𝐓 𝟐𝟎𝟐𝟑 >>>
https://pcmerchandise.live/2023-PRICELIST",,0,"09/17/2023 22:01",,https://www.facebook.com/pcmerchandise.co/posts/pfbid0yvTN1BsCtRzMPijdl7k4BrfgJjVNxGoABGq87EJHe7hoLm8DX5GpS0Id,0,0,Photos,,,,,09/23/2023,,,0,0,0,0,0,0,,,,,
1037650187067641,100064197037125,"PC Merchandise","𝐏𝐑𝐈𝐂𝐄𝐋𝐈𝐒𝐓 𝟐𝟎𝟐𝟑 >>>
https://pcmerchandise.live/2023-PRICELIST",,0,"09/17/2023 22:01",,https://www.facebook.com/pcmerchandise.co/posts/pfbid0yvTN1BsCtRzMPijdl7k4BrfgJjVNxGoABGq87EJHe7hoLm8DX5GpS0Id,0,0,Photos,,,,,09/24/2023,,,0,0,0,0,0,0,,,,,
1037650187067641,100064197037125,"PC Merchandise","𝐏𝐑𝐈𝐂𝐄𝐋𝐈𝐒𝐓 𝟐𝟎𝟐𝟑 >>>
https://pcmerchandise.live/2023-PRICELIST",,0,"09/17/2023 22:01",,https://www.facebook.com/pcmerchandise.co/posts/pfbid0yvTN1BsCtRzMPijdl7k4BrfgJjVNxGoABGq87EJHe7hoLm8DX5GpS0Id,0,0,Photos,,,,,09/25/2023,,,0,0,0,0,0,0,,,,,
1037650187067641,100064197037125,"PC Merchandise","𝐏𝐑𝐈𝐂𝐄𝐋𝐈𝐒𝐓 𝟐𝟎𝟐𝟑 >>>
https://pcmerchandise.live/2023-PRICELIST",,0,"09/17/2023 22:01",,https://www.facebook.com/pcmerchandise.co/posts/pfbid0yvTN1BsCtRzMPijdl7k4BrfgJjVNxGoABGq87EJHe7hoLm8DX5GpS0Id,0,0,Photos,,,,,09/26/2023,,,0,0,0,0,0,0,,,,,
1037650187067641,100064197037125,"PC Merchandise","𝐏𝐑𝐈𝐂𝐄𝐋𝐈𝐒𝐓 𝟐𝟎𝟐𝟑 >>>
https://pcmerchandise.live/2023-PRICELIST",,0,"09/17/2023 22:01",,https://www.facebook.com/pcmerchandise.co/posts/pfbid0yvTN1BsCtRzMPijdl7k4BrfgJjVNxGoABGq87EJHe7hoLm8DX5GpS0Id,0,0,Photos,,,,,09/27/2023,,,0,0,0,0,0,0,,,,,
1037650187067641,100064197037125,"PC Merchandise","𝐏𝐑𝐈𝐂𝐄𝐋𝐈𝐒𝐓 𝟐𝟎𝟐𝟑 >>>
https://pcmerchandise.live/2023-PRICELIST",,0,"09/17/2023 22:01",,https://www.facebook.com/pcmerchandise.co/posts/pfbid0yvTN1BsCtRzMPijdl7k4BrfgJjVNxGoABGq87EJHe7hoLm8DX5GpS0Id,0,0,Photos,,,,,09/28/2023,,,0,0,0,0,0,0,,,,,
1037650187067641,100064197037125,"PC Merchandise","𝐏𝐑𝐈𝐂𝐄𝐋𝐈𝐒𝐓 𝟐𝟎𝟐𝟑 >>>
https://pcmerchandise.live/2023-PRICELIST",,0,"09/17/2023 22:01",,https://www.facebook.com/pcmerchandise.co/posts/pfbid0yvTN1BsCtRzMPijdl7k4BrfgJjVNxGoABGq87EJHe7hoLm8DX5GpS0Id,0,0,Photos,,,,,09/29/2023,,,0,0,0,0,0,0,,,,,
1037650187067641,100064197037125,"PC Merchandise","𝐏𝐑𝐈𝐂𝐄𝐋𝐈𝐒𝐓 𝟐𝟎𝟐𝟑 >>>
https://pcmerchandise.live/2023-PRICELIST",,0,"09/17/2023 22:01",,https://www.facebook.com/pcmerchandise.co/posts/pfbid0yvTN1BsCtRzMPijdl7k4BrfgJjVNxGoABGq87EJHe7hoLm8DX5GpS0Id,0,0,Photos,,,,,09/30/2023,,,0,0,0,0,0,0,,,,,
1037398789389851,100064197037125,"PC Merchandise","BUDGET BUILD ALERT 🚨 i3 12100F + RX 580 — perfect for online class and gaming!",,0,"09/17/2023 15:01",,https://www.facebook.com/pcmerchandise.co/posts/pfbid0Rr5Lc5TwI7RqFUYHaWvndLrCbFoKkSXPBbfSoVijIHIEvOiljS4ymbbC,0,0,Photos,,,,,09/30/2023,2,,,,,,,,,,,,
1037398789389851,100064197037125,"PC Merchandise","BUDGET BUILD ALERT 🚨 i3 12100F + RX 580 — perfect for online class and gaming!",,0,"09/17/2023 15:01",,https://www.facebook.com/pcmerchandise.co/posts/pfbid0Rr5Lc5TwI7RqFUYHaWvndLrCbFoKkSXPBbfSoVijIHIEvOiljS4ymbbC,0,0,Photos,,,,,09/01/2023,,,0,0,0,0,0,0,,,,,
1037398789389851,100064197037125,"PC Merchandise","BUDGET BUILD ALERT 🚨 i3 12100F + RX 580 — perfect for online class and gaming!",,0,"09/17/2023 15:01",,https://www.facebook.com/pcmerchandise.co/posts/pfbid0Rr5Lc5TwI7RqFUYHaWvndLrCbFoKkSXPBbfSoVijIHIEvOiljS4ymbbC,0,0,Photos,,,,,09/02/2023,,,0,0,0,0,0,0,,,,,
1037398789389851,100064197037125,"PC Merchandise","BUDGET BUILD ALERT 🚨 i3 12100F + RX 580 — perfect for online class and gaming!",,0,"09/17/2023 15:01",,https://www.facebook.com/pcmerchandise.co/posts/pfbid0Rr5Lc5TwI7RqFUYHaWvndLrCbFoKkSXPBbfSoVijIHIEvOiljS4ymbbC,0,0,Photos,,,,,09/03/2023,,,0,0,0,0,0,0,,,,,
1037398789389851,100064197037125,"PC Merchandise","BUDGET BUILD ALERT 🚨 i3 12100F + RX 580 — perfect for online class and gaming!",,0,"09/17/2023 15:01",,https://www.facebook.com/pcmerchandise.co/posts/pfbid0Rr5Lc5TwI7RqFUYHaWvndLrCbFoKkSXPBbfSoVijIHIEvOiljS4ymbbC,0,0,Photos,,,,,09/04/2023,,,0,0,0,0,0,0,,,,,
1037398789389851,100064197037125,"PC Merchandise","BUDGET BUILD ALERT 🚨 i3 12100F + RX 580 — perfect for online class and gaming!",,0,"09/17/2023 15:01",,https://www.facebook.com/pcmerchandise.co/posts/pfbid0Rr5Lc5TwI7RqFUYHaWvndLrCbFoKkSXPBbfSoVijIHIEvOiljS4ymbbC,0,0,Photos,,,,,09/05/2023,,,0,0,0,0,0,0,,,,,
1037398789389851,100064197037125,"PC Merchandise","BUDGET BUILD ALERT 🚨 i3 12100F + RX 580 — perfect for online class and gaming!",,0,"09/17/2023 15:01",,https://www.facebook.com/pcmerchandise.co/posts/pfbid0Rr5Lc5TwI7RqFUYHaWvndLrCbFoKkSXPBbfSoVijIHIEvOiljS4ymbbC,0,0,Photos,,,,,09/06/2023,,,0,0,0,0,0,0,,,,,
1037398789389851,100064197037125,"PC Merchandise","BUDGET BUILD ALERT 🚨 i3 12100F + RX 580 — perfect for online class and gaming!",,0,"09/17/2023 15:01",,https://www.facebook.com/pcmerchandise.co/posts/pfbid0Rr5Lc5TwI7RqFUYHaWvndLrCbFoKkSXPBbfSoVijIHIEvOiljS4ymbbC,0,0,Photos,,,,,09/07/2023,,,0,0,0,0,0,0,,,,,
1037398789389851,100064197037125,"PC Merchandise","BUDGET BUILD ALERT 🚨 i3 12100F + RX 580 — perfect for online class and gaming!",,0,"09/17/2023 15:01",,https://www.facebook.com/pcmerchandise.co/posts/pfbid0Rr5Lc5TwI7RqFUYHaWvndLrCbFoKkSXPBbfSoVijIHIEvOiljS4ymbbC,0,0,Photos,,,,,09/08/2023,,,0,0,0,0,0,0,,,,,
1037398789389851,100064197037125,"PC Merchandise","BUDGET BUILD ALERT 🚨 i3 12100F + RX 580 — perfect for online class and gaming!",,0,"09/17/2023 15:01",,https://www.facebook.com/pcmerchandise.co/posts/pfbid0Rr5Lc5TwI7RqFUYHaWvndLrCbFoKkSXPBbfSoVijIHIEvOiljS4ymbbC,0,0,Photos,,,,,09/09/2023,,,0,0,0,0,0,0,,,,,
1037398789389851,100064197037125,"PC Merchandise","BUDGET BUILD ALERT 🚨 i3 12100F + RX 580 — perfect for online class and gaming!",,0,"09/17/2023 15:01",,https://www.facebook.com/pcmerchandise.co/posts/pfbid0Rr5Lc5TwI7RqFUYHaWvndLrCbFoKkSXPBbfSoVijIHIEvOiljS4ymbbC,0,0,Photos,,,,,09/10/2023,,,0,0,0,0,0,0,,,,,
1037398789389851,100064197037125,"PC Merchandise","BUDGET BUILD ALERT 🚨 i3 12100F + RX 580 — perfect for online class and gaming!",,0,"09/17/2023 15:01",,https://www.facebook.com/pcmerchandise.co/posts/pfbid0Rr5Lc5TwI7RqFUYHaWvndLrCbFoKkSXPBbfSoVijIHIEvOiljS4ymbbC,0,0,Photos,,,,,09/11/2023,,,0,0,0,0,0,0,,,,,
1037398789389851,100064197037125,"PC Merchandise","BUDGET BUILD ALERT 🚨 i3 12100F + RX 580 — perfect for online class and gaming!",,0,"09/17/2023 15:01",,https://www.facebook.com/pcmerchandise.co/posts/pfbid0Rr5Lc5TwI7RqFUYHaWvndLrCbFoKkSXPBbfSoVijIHIEvOiljS4ymbbC,0,0,Photos,,,,,09/12/2023,,,0,0,0,0,0,0,,,,,
1037398789389851,100064197037125,"PC Merchandise","BUDGET BUILD ALERT 🚨 i3 12100F + RX 580 — perfect for online class and gaming!",,0,"09/17/2023 15:01",,https://www.facebook.com/pcmerchandise.co/posts/pfbid0Rr5Lc5TwI7RqFUYHaWvndLrCbFoKkSXPBbfSoVijIHIEvOiljS4ymbbC,0,0,Photos,,,,,09/13/2023,,,0,0,0,0,0,0,,,,,
1037398789389851,100064197037125,"PC Merchandise","BUDGET BUILD ALERT 🚨 i3 12100F + RX 580 — perfect for online class and gaming!",,0,"09/17/2023 15:01",,https://www.facebook.com/pcmerchandise.co/posts/pfbid0Rr5Lc5TwI7RqFUYHaWvndLrCbFoKkSXPBbfSoVijIHIEvOiljS4ymbbC,0,0,Photos,,,,,09/14/2023,,,0,0,0,0,0,0,,,,,
1037398789389851,100064197037125,"PC Merchandise","BUDGET BUILD ALERT 🚨 i3 12100F + RX 580 — perfect for online class and gaming!",,0,"09/17/2023 15:01",,https://www.facebook.com/pcmerchandise.co/posts/pfbid0Rr5Lc5TwI7RqFUYHaWvndLrCbFoKkSXPBbfSoVijIHIEvOiljS4ymbbC,0,0,Photos,,,,,09/15/2023,,,0,0,0,0,0,0,,,,,
1037398789389851,100064197037125,"PC Merchandise","BUDGET BUILD ALERT 🚨 i3 12100F + RX 580 — perfect for online class and gaming!",,0,"09/17/2023 15:01",,https://www.facebook.com/pcmerchandise.co/posts/pfbid0Rr5Lc5TwI7RqFUYHaWvndLrCbFoKkSXPBbfSoVijIHIEvOiljS4ymbbC,0,0,Photos,,,,,09/16/2023,,,0,0,0,0,0,0,,,,,
1037398789389851,100064197037125,"PC Merchandise","BUDGET BUILD ALERT 🚨 i3 12100F + RX 580 — perfect for online class and gaming!",,0,"09/17/2023 15:01",,https://www.facebook.com/pcmerchandise.co/posts/pfbid0Rr5Lc5TwI7RqFUYHaWvndLrCbFoKkSXPBbfSoVijIHIEvOiljS4ymbbC,0,0,Photos,,,,,09/17/2023,,,0,0,0,0,0,0,,,,,
1037398789389851,100064197037125,"PC Merchandise","BUDGET BUILD ALERT 🚨 i3 12100F + RX 580 — perfect for online class and gaming!",,0,"09/17/2023 15:01",,https://www.facebook.com/pcmerchandise.co/posts/pfbid0Rr5Lc5TwI7RqFUYHaWvndLrCbFoKkSXPBbfSoVijIHIEvOiljS4ymbbC,0,0,Photos,,,,,09/18/2023,,,0,0,0,0,0,0,,,,,
1037398789389851,100064197037125,"PC Merchandise","BUDGET BUILD ALERT 🚨 i3 12100F + RX 580 — perfect for online class and gaming!",,0,"09/17/2023 15:01",,https://www.facebook.com/pcmerchandise.co/posts/pfbid0Rr5Lc5TwI7RqFUYHaWvndLrCbFoKkSXPBbfSoVijIHIEvOiljS4ymbbC,0,0,Photos,,,,,09/19/2023,,,0,0,0,0,0,0,,,,,
1037398789389851,100064197037125,"PC Merchandise","BUDGET BUILD ALERT 🚨 i3 12100F + RX 580 — perfect for online class and gaming!",,0,"09/17/2023 15:01",,https://www.facebook.com/pcmerchandise.co/posts/pfbid0Rr5Lc5TwI7RqFUYHaWvndLrCbFoKkSXPBbfSoVijIHIEvOiljS4ymbbC,0,0,Photos,,,,,09/20/2023,,,0,0,0,0,0,0,,,,,
1037398789389851,100064197037125,"PC Merchandise","BUDGET BUILD ALERT 🚨 i3 12100F + RX 580 — perfect for online class and gaming!",,0,"09/17/2023 15:01",,https://www.facebook.com/pcmerchandise.co/posts/pfbid0Rr5Lc5TwI7RqFUYHaWvndLrCbFoKkSXPBbfSoVijIHIEvOiljS4ymbbC,0,0,Photos,,,,,09/21/2023,,,0,0,0,0,0,0,,,,,
1037398789389851,100064197037125,"PC Merchandise","BUDGET BUILD ALERT 🚨 i3 12100F + RX 580 — perfect for online class and gaming!",,0,"09/17/2023 15:01",,https://www.facebook.com/pcmerchandise.co/posts/pfbid0Rr5Lc5TwI7RqFUYHaWvndLrCbFoKkSXPBbfSoVijIHIEvOiljS4ymbbC,0,0,Photos,,,,,09/22/2023,,,0,0,0,0,0,0,,,,,
1037398789389851,100064197037125,"PC Merchandise","BUDGET BUILD ALERT 🚨 i3 12100F + RX 580 — perfect for online class and gaming!",,0,"09/17/2023 15:01",,https://www.facebook.com/pcmerchandise.co/posts/pfbid0Rr5Lc5TwI7RqFUYHaWvndLrCbFoKkSXPBbfSoVijIHIEvOiljS4ymbbC,0,0,Photos,,,,,09/23/2023,,,0,0,0,0,0,0,,,,,
1037398789389851,100064197037125,"PC Merchandise","BUDGET BUILD ALERT 🚨 i3 12100F + RX 580 — perfect for online class and gaming!",,0,"09/17/2023 15:01",,https://www.facebook.com/pcmerchandise.co/posts/pfbid0Rr5Lc5TwI7RqFUYHaWvndLrCbFoKkSXPBbfSoVijIHIEvOiljS4ymbbC,0,0,Photos,,,,,09/24/2023,,,0,0,0,0,0,0,,,,,
1037398789389851,100064197037125,"PC Merchandise","BUDGET BUILD ALERT 🚨 i3 12100F + RX 580 — perfect for online class and gaming!",,0,"09/17/2023 15:01",,https://www.facebook.com/pcmerchandise.co/posts/pfbid0Rr5Lc5TwI7RqFUYHaWvndLrCbFoKkSXPBbfSoVijIHIEvOiljS4ymbbC,0,0,Photos,,,,,09/25/2023,,,0,0,0,0,0,0,,,,,
1037398789389851,100064197037125,"PC Merchandise","BUDGET BUILD ALERT 🚨 i3 12100F + RX 580 — perfect for online class and gaming!",,0,"09/17/2023 15:01",,https://www.facebook.com/pcmerchandise.co/posts/pfbid0Rr5Lc5TwI7RqFUYHaWvndLrCbFoKkSXPBbfSoVijIHIEvOiljS4ymbbC,0,0,Photos,,,,,09/26/2023,,,0,0,0,0,0,0,,,,,
1037398789389851,100064197037125,"PC Merchandise","BUDGET BUILD ALERT 🚨 i3 12100F + RX 580 — perfect for online class and gaming!",,0,"09/17/2023 15:01",,https://www.facebook.com/pcmerchandise.co/posts/pfbid0Rr5Lc5TwI7RqFUYHaWvndLrCbFoKkSXPBbfSoVijIHIEvOiljS4ymbbC,0,0,Photos,,,,,09/27/2023,,,0,0,0,0,0,0,,,,,
1037398789389851,100064197037125,"PC Merchandise","BUDGET BUILD ALERT 🚨 i3 12100F + RX 580 — perfect for online class and gaming!",,0,"09/17/2023 15:01",,https://www.facebook.com/pcmerchandise.co/posts/pfbid0Rr5Lc5TwI7RqFUYHaWvndLrCbFoKkSXPBbfSoVijIHIEvOiljS4ymbbC,0,0,Photos,,,,,09/28/2023,,,0,0,0,0,0,0,,,,,
1037398789389851,100064197037125,"PC Merchandise","BUDGET BUILD ALERT 🚨 i3 12100F + RX 580 — perfect for online class and gaming!",,0,"09/17/2023 15:01",,https://www.facebook.com/pcmerchandise.co/posts/pfbid0Rr5Lc5TwI7RqFUYHaWvndLrCbFoKkSXPBbfSoVijIHIEvOiljS4ymbbC,0,0,Photos,,,,,09/29/2023,,,0,0,0,0,0,0,,,,,
1037398789389851,100064197037125,"PC Merchandise","BUDGET BUILD ALERT 🚨 i3 12100F + RX 580 — perfect for online class and gaming!",,0,"09/17/2023 15:01",,https://www.facebook.com/pcmerchandise.co/posts/pfbid0Rr5Lc5TwI7RqFUYHaWvndLrCbFoKkSXPBbfSoVijIHIEvOiljS4ymbbC,0,0,Photos,,,,,09/30/2023,,,0,0,0,0,0,0,,,,,
1037455047150234,100064197037125,"PC Merchandise","𝐑𝐘𝐙𝐄𝐍 𝟓 𝟒𝟔𝟎𝟎𝐆 (𝟏𝟎𝐏𝐂𝐒)
𝐂𝐎𝐌𝐒𝐇𝐎𝐏 𝐃𝐈𝐒𝐊𝐋𝐄𝐒𝐒 𝐏𝐀𝐂𝐊𝐀𝐆𝐄
#PCMERCHANDISE #PCMBUILDS",,35,"09/17/2023 02:00",,https://www.facebook.com/reel/1450948487430877/,0,0,Reels,,,,,09/01/2023,0,,,,,,0,0,0,0,0,0.000,3.927
1037455047150234,100064197037125,"PC Merchandise","𝐑𝐘𝐙𝐄𝐍 𝟓 𝟒𝟔𝟎𝟎𝐆 (𝟏𝟎𝐏𝐂𝐒)
𝐂𝐎𝐌𝐒𝐇𝐎𝐏 𝐃𝐈𝐒𝐊𝐋𝐄𝐒𝐒 𝐏𝐀𝐂𝐊𝐀𝐆𝐄
#PCMERCHANDISE #PCMBUILDS",,35,"09/17/2023 02:00",,https://www.facebook.com/reel/1450948487430877/,0,0,Reels,,,,,09/02/2023,0,,,,,,0,0,0,0,0,0.000,4.167
1037455047150234,100064197037125,"PC Merchandise","𝐑𝐘𝐙𝐄𝐍 𝟓 𝟒𝟔𝟎𝟎𝐆 (𝟏𝟎𝐏𝐂𝐒)
𝐂𝐎𝐌𝐒𝐇𝐎𝐏 𝐃𝐈𝐒𝐊𝐋𝐄𝐒𝐒 𝐏𝐀𝐂𝐊𝐀𝐆𝐄
#PCMERCHANDISE #PCMBUILDS",,35,"09/17/2023 02:00",,https://www.facebook.com/reel/1450948487430877/,0,0,Reels,,,,,09/03/2023,0,,,,,,0,0,0,0,0,0.000,4.191
1037455047150234,100064197037125,"PC Merchandise","𝐑𝐘𝐙𝐄𝐍 𝟓 𝟒𝟔𝟎𝟎𝐆 (𝟏𝟎𝐏𝐂𝐒)
𝐂𝐎𝐌𝐒𝐇𝐎𝐏 𝐃𝐈𝐒𝐊𝐋𝐄𝐒𝐒 𝐏𝐀𝐂𝐊𝐀𝐆𝐄
#PCMERCHANDISE #PCMBUILDS",,35,"09/17/2023 02:00",,https://www.facebook.com/reel/1450948487430877/,0,0,Reels,,,,,09/04/2023,0,,,,,,0,0,0,0,0,0.000,4.488
1037455047150234,100064197037125,"PC Merchandise","𝐑𝐘𝐙𝐄𝐍 𝟓 𝟒𝟔𝟎𝟎𝐆 (𝟏𝟎𝐏𝐂𝐒)
𝐂𝐎𝐌𝐒𝐇𝐎𝐏 𝐃𝐈𝐒𝐊𝐋𝐄𝐒𝐒 𝐏𝐀𝐂𝐊𝐀𝐆𝐄
#PCMERCHANDISE #PCMBUILDS",,35,"09/17/2023 02:00",,https://www.facebook.com/reel/1450948487430877/,0,0,Reels,,,,,09/05/2023,0,,,,,,0,0,0,0,0,0.000,5.716
1037455047150234,100064197037125,"PC Merchandise","𝐑𝐘𝐙𝐄𝐍 𝟓 𝟒𝟔𝟎𝟎𝐆 (𝟏𝟎𝐏𝐂𝐒)
𝐂𝐎𝐌𝐒𝐇𝐎𝐏 𝐃𝐈𝐒𝐊𝐋𝐄𝐒𝐒 𝐏𝐀𝐂𝐊𝐀𝐆𝐄
#PCMERCHANDISE #PCMBUILDS",,35,"09/17/2023 02:00",,https://www.facebook.com/reel/1450948487430877/,0,0,Reels,,,,,09/06/2023,0,,,,,,0,0,0,0,0,0.000,4.595
1037455047150234,100064197037125,"PC Merchandise","𝐑𝐘𝐙𝐄𝐍 𝟓 𝟒𝟔𝟎𝟎𝐆 (𝟏𝟎𝐏𝐂𝐒)
𝐂𝐎𝐌𝐒𝐇𝐎𝐏 𝐃𝐈𝐒𝐊𝐋𝐄𝐒𝐒 𝐏𝐀𝐂𝐊𝐀𝐆𝐄
#PCMERCHANDISE #PCMBUILDS",,35,"09/17/2023 02:00",,https://www.facebook.com/reel/1450948487430877/,0,0,Reels,,,,,09/07/2023,0,,,,,,0,0,0,0,0,0.000,2.228
1037455047150234,100064197037125,"PC Merchandise","𝐑𝐘𝐙𝐄𝐍 𝟓 𝟒𝟔𝟎𝟎𝐆 (𝟏𝟎𝐏𝐂𝐒)
𝐂𝐎𝐌𝐒𝐇𝐎𝐏 𝐃𝐈𝐒𝐊𝐋𝐄𝐒𝐒 𝐏𝐀𝐂𝐊𝐀𝐆𝐄
#PCMERCHANDISE #PCMBUILDS",,35,"09/17/2023 02:00",,https://www.facebook.com/reel/1450948487430877/,0,0,Reels,,,,,09/08/2023,0,,,,,,0,0,0,0,0,0.000,3.888
1037455047150234,100064197037125,"PC Merchandise","𝐑𝐘𝐙𝐄𝐍 𝟓 𝟒𝟔𝟎𝟎𝐆 (𝟏𝟎𝐏𝐂𝐒)
𝐂𝐎𝐌𝐒𝐇𝐎𝐏 𝐃𝐈𝐒𝐊𝐋𝐄𝐒𝐒 𝐏𝐀𝐂𝐊𝐀𝐆𝐄
#PCMERCHANDISE #PCMBUILDS",,35,"09/17/2023 02:00",,https://www.facebook.com/reel/1450948487430877/,0,0,Reels,,,,,09/09/2023,0,,,,,,0,0,0,0,0,0.000,2.830
1037455047150234,100064197037125,"PC Merchandise","𝐑𝐘𝐙𝐄𝐍 𝟓 𝟒𝟔𝟎𝟎𝐆 (𝟏𝟎𝐏𝐂𝐒)
𝐂𝐎𝐌𝐒𝐇𝐎𝐏 𝐃𝐈𝐒𝐊𝐋𝐄𝐒𝐒 𝐏𝐀𝐂𝐊𝐀𝐆𝐄
#PCMERCHANDISE #PCMBUILDS",,35,"09/17/2023 02:00",,https://www.facebook.com/reel/1450948487430877/,0,0,Reels,,,,,09/10/2023,0,,,,,,0,0,0,0,0,0.000,2.567
1037455047150234,100064197037125,"PC Merchandise","𝐑𝐘𝐙𝐄𝐍 𝟓 𝟒𝟔𝟎𝟎𝐆 (𝟏𝟎𝐏𝐂𝐒)
𝐂𝐎𝐌𝐒𝐇𝐎𝐏 𝐃𝐈𝐒𝐊𝐋𝐄𝐒𝐒 𝐏𝐀𝐂𝐊𝐀𝐆𝐄
#PCMERCHANDISE #PCMBUILDS",,35,"09/17/2023 02:00",,https://www.facebook.com/reel/1450948487430877/,0,0,Reels,,,,,09/11/2023,0,,,,,,0,0,0,0,0,0.000,2.256
1037455047150234,100064197037125,"PC Merchandise","𝐑𝐘𝐙𝐄𝐍 𝟓 𝟒𝟔𝟎𝟎𝐆 (𝟏𝟎𝐏𝐂𝐒)
𝐂𝐎𝐌𝐒𝐇𝐎𝐏 𝐃𝐈𝐒𝐊𝐋𝐄𝐒𝐒 𝐏𝐀𝐂𝐊𝐀𝐆𝐄
#PCMERCHANDISE #PCMBUILDS",,35,"09/17/2023 02:00",,https://www.facebook.com/reel/1450948487430877/,0,0,Reels,,,,,09/12/2023,0,,,,,,0,0,0,0,0,0.000,3.229
1037455047150234,100064197037125,"PC Merchandise","𝐑𝐘𝐙𝐄𝐍 𝟓 𝟒𝟔𝟎𝟎𝐆 (𝟏𝟎𝐏𝐂𝐒)
𝐂𝐎𝐌𝐒𝐇𝐎𝐏 𝐃𝐈𝐒𝐊𝐋𝐄𝐒𝐒 𝐏𝐀𝐂𝐊𝐀𝐆𝐄
#PCMERCHANDISE #PCMBUILDS",,35,"09/17/2023 02:00",,https://www.facebook.com/reel/1450948487430877/,0,0,Reels,,,,,09/13/2023,0,,,,,,0,0,0,0,0,0.000,2.657
1037455047150234,100064197037125,"PC Merchandise","𝐑𝐘𝐙𝐄𝐍 𝟓 𝟒𝟔𝟎𝟎𝐆 (𝟏𝟎𝐏𝐂𝐒)
𝐂𝐎𝐌𝐒𝐇𝐎𝐏 𝐃𝐈𝐒𝐊𝐋𝐄𝐒𝐒 𝐏𝐀𝐂𝐊𝐀𝐆𝐄
#PCMERCHANDISE #PCMBUILDS",,35,"09/17/2023 02:00",,https://www.facebook.com/reel/1450948487430877/,0,0,Reels,,,,,09/14/2023,0,,,,,,0,0,0,0,0,0.000,2.954
1037455047150234,100064197037125,"PC Merchandise","𝐑𝐘𝐙𝐄𝐍 𝟓 𝟒𝟔𝟎𝟎𝐆 (𝟏𝟎𝐏𝐂𝐒)
𝐂𝐎𝐌𝐒𝐇𝐎𝐏 𝐃𝐈𝐒𝐊𝐋𝐄𝐒𝐒 𝐏𝐀𝐂𝐊𝐀𝐆𝐄
#PCMERCHANDISE #PCMBUILDS",,35,"09/17/2023 02:00",,https://www.facebook.com/reel/1450948487430877/,0,0,Reels,,,,,09/15/2023,0,,,,,,0,0,0,0,0,0.000,3.734
1037455047150234,100064197037125,"PC Merchandise","𝐑𝐘𝐙𝐄𝐍 𝟓 𝟒𝟔𝟎𝟎𝐆 (𝟏𝟎𝐏𝐂𝐒)
𝐂𝐎𝐌𝐒𝐇𝐎𝐏 𝐃𝐈𝐒𝐊𝐋𝐄𝐒𝐒 𝐏𝐀𝐂𝐊𝐀𝐆𝐄
#PCMERCHANDISE #PCMBUILDS",,35,"09/17/2023 02:00",,https://www.facebook.com/reel/1450948487430877/,0,0,Reels,,,,,09/16/2023,0,,,,,,0,0,0,0,0,0.000,2.366
1037455047150234,100064197037125,"PC Merchandise","𝐑𝐘𝐙𝐄𝐍 𝟓 𝟒𝟔𝟎𝟎𝐆 (𝟏𝟎𝐏𝐂𝐒)
𝐂𝐎𝐌𝐒𝐇𝐎𝐏 𝐃𝐈𝐒𝐊𝐋𝐄𝐒𝐒 𝐏𝐀𝐂𝐊𝐀𝐆𝐄
#PCMERCHANDISE #PCMBUILDS",,35,"09/17/2023 02:00",,https://www.facebook.com/reel/1450948487430877/,0,0,Reels,,,,,09/17/2023,0,,,,,,85,0,4,1,3,1297.064,3.792
1037455047150234,100064197037125,"PC Merchandise","𝐑𝐘𝐙𝐄𝐍 𝟓 𝟒𝟔𝟎𝟎𝐆 (𝟏𝟎𝐏𝐂𝐒)
𝐂𝐎𝐌𝐒𝐇𝐎𝐏 𝐃𝐈𝐒𝐊𝐋𝐄𝐒𝐒 𝐏𝐀𝐂𝐊𝐀𝐆𝐄
#PCMERCHANDISE #PCMBUILDS",,35,"09/17/2023 02:00",,https://www.facebook.com/reel/1450948487430877/,0,0,Reels,,,,,09/18/2023,0,,,,,,80,0,1,1,0,1192.966,3.336
1037455047150234,100064197037125,"PC Merchandise","𝐑𝐘𝐙𝐄𝐍 𝟓 𝟒𝟔𝟎𝟎𝐆 (𝟏𝟎𝐏𝐂𝐒)
𝐂𝐎𝐌𝐒𝐇𝐎𝐏 𝐃𝐈𝐒𝐊𝐋𝐄𝐒𝐒 𝐏𝐀𝐂𝐊𝐀𝐆𝐄
#PCMERCHANDISE #PCMBUILDS",,35,"09/17/2023 02:00",,https://www.facebook.com/reel/1450948487430877/,0,0,Reels,,,,,09/19/2023,0,,,,,,91,0,2,2,0,985.609,3.008
1037455047150234,100064197037125,"PC Merchandise","𝐑𝐘𝐙𝐄𝐍 𝟓 𝟒𝟔𝟎𝟎𝐆 (𝟏𝟎𝐏𝐂𝐒)
𝐂𝐎𝐌𝐒𝐇𝐎𝐏 𝐃𝐈𝐒𝐊𝐋𝐄𝐒𝐒 𝐏𝐀𝐂𝐊𝐀𝐆𝐄
#PCMERCHANDISE #PCMBUILDS",,35,"09/17/2023 02:00",,https://www.facebook.com/reel/1450948487430877/,0,0,Reels,,,,,09/20/2023,0,,,,,,80,0,0,0,0,637.732,3.493
1037455047150234,100064197037125,"PC Merchandise","𝐑𝐘𝐙𝐄𝐍 𝟓 𝟒𝟔𝟎𝟎𝐆 (𝟏𝟎𝐏𝐂𝐒)
𝐂𝐎𝐌𝐒𝐇𝐎𝐏 𝐃𝐈𝐒𝐊𝐋𝐄𝐒𝐒 𝐏𝐀𝐂𝐊𝐀𝐆𝐄
#PCMERCHANDISE #PCMBUILDS",,35,"09/17/2023 02:00",,https://www.facebook.com/reel/1450948487430877/,0,0,Reels,,,,,09/21/2023,0,,,,,,111,0,1,1,0,640.245,4.375
1037455047150234,100064197037125,"PC Merchandise","𝐑𝐘𝐙𝐄𝐍 𝟓 𝟒𝟔𝟎𝟎𝐆 (𝟏𝟎𝐏𝐂𝐒)
𝐂𝐎𝐌𝐒𝐇𝐎𝐏 𝐃𝐈𝐒𝐊𝐋𝐄𝐒𝐒 𝐏𝐀𝐂𝐊𝐀𝐆𝐄
#PCMERCHANDISE #PCMBUILDS",,35,"09/17/2023 02:00",,https://www.facebook.com/reel/1450948487430877/,0,0,Reels,,,,,09/22/2023,0,,,,,,85,0,2,2,0,237.856,4.799
1037455047150234,100064197037125,"PC Merchandise","𝐑𝐘𝐙𝐄𝐍 𝟓 𝟒𝟔𝟎𝟎𝐆 (𝟏𝟎𝐏𝐂𝐒)
𝐂𝐎𝐌𝐒𝐇𝐎𝐏 𝐃𝐈𝐒𝐊𝐋𝐄𝐒𝐒 𝐏𝐀𝐂𝐊𝐀𝐆𝐄
#PCMERCHANDISE #PCMBUILDS",,35,"09/17/2023 02:00",,https://www.facebook.com/reel/1450948487430877/,0,0,Reels,,,,,09/23/2023,0,,,,,,85,0,0,0,0,395.083,3.666
1037455047150234,100064197037125,"PC Merchandise","𝐑𝐘𝐙𝐄𝐍 𝟓 𝟒𝟔𝟎𝟎𝐆 (𝟏𝟎𝐏𝐂𝐒)
𝐂𝐎𝐌𝐒𝐇𝐎𝐏 𝐃𝐈𝐒𝐊𝐋𝐄𝐒𝐒 𝐏𝐀𝐂𝐊𝐀𝐆𝐄
#PCMERCHANDISE #PCMBUILDS",,35,"09/17/2023 02:00",,https://www.facebook.com/reel/1450948487430877/,0,0,Reels,,,,,09/24/2023,0,,,,,,0,0,0,0,0,134.904,2.697
1037455047150234,100064197037125,"PC Merchandise","𝐑𝐘𝐙𝐄𝐍 𝟓 𝟒𝟔𝟎𝟎𝐆 (𝟏𝟎𝐏𝐂𝐒)
𝐂𝐎𝐌𝐒𝐇𝐎𝐏 𝐃𝐈𝐒𝐊𝐋𝐄𝐒𝐒 𝐏𝐀𝐂𝐊𝐀𝐆𝐄
#PCMERCHANDISE #PCMBUILDS",,35,"09/17/2023 02:00",,https://www.facebook.com/reel/1450948487430877/,0,0,Reels,,,,,09/25/2023,0,,,,,,0,0,0,0,0,215.085,3.394
1037455047150234,100064197037125,"PC Merchandise","𝐑𝐘𝐙𝐄𝐍 𝟓 𝟒𝟔𝟎𝟎𝐆 (𝟏𝟎𝐏𝐂𝐒)
𝐂𝐎𝐌𝐒𝐇𝐎𝐏 𝐃𝐈𝐒𝐊𝐋𝐄𝐒𝐒 𝐏𝐀𝐂𝐊𝐀𝐆𝐄
#PCMERCHANDISE #PCMBUILDS",,35,"09/17/2023 02:00",,https://www.facebook.com/reel/1450948487430877/,0,0,Reels,,,,,09/26/2023,0,,,,,,0,0,0,0,0,146.185,2.296
1037455047150234,100064197037125,"PC Merchandise","𝐑𝐘𝐙𝐄𝐍 𝟓 𝟒𝟔𝟎𝟎𝐆 (𝟏𝟎𝐏𝐂𝐒)
𝐂𝐎𝐌𝐒𝐇𝐎𝐏 𝐃𝐈𝐒𝐊𝐋𝐄𝐒𝐒 𝐏𝐀𝐂𝐊𝐀𝐆𝐄
#PCMERCHANDISE #PCMBUILDS",,35,"09/17/2023 02:00",,https://www.facebook.com/reel/1450948487430877/,0,0,Reels,,,,,09/27/2023,0,,,,,,0,0,0,0,0,86.794,2.825
1037455047150234,100064197037125,"PC Merchandise","𝐑𝐘𝐙𝐄𝐍 𝟓 𝟒𝟔𝟎𝟎𝐆 (𝟏𝟎𝐏𝐂𝐒)
𝐂𝐎𝐌𝐒𝐇𝐎𝐏 𝐃𝐈𝐒𝐊𝐋𝐄𝐒𝐒 𝐏𝐀𝐂𝐊𝐀𝐆𝐄
#PCMERCHANDISE #PCMBUILDS",,35,"09/17/2023 02:00",,https://www.facebook.com/reel/1450948487430877/,0,0,Reels,,,,,09/28/2023,0,,,,,,0,0,0,0,0,102.478,3.103
1037455047150234,100064197037125,"PC Merchandise","𝐑𝐘𝐙𝐄𝐍 𝟓 𝟒𝟔𝟎𝟎𝐆 (𝟏𝟎𝐏𝐂𝐒)
𝐂𝐎𝐌𝐒𝐇𝐎𝐏 𝐃𝐈𝐒𝐊𝐋𝐄𝐒𝐒 𝐏𝐀𝐂𝐊𝐀𝐆𝐄
#PCMERCHANDISE #PCMBUILDS",,35,"09/17/2023 02:00",,https://www.facebook.com/reel/1450948487430877/,0,0,Reels,,,,,09/29/2023,0,,,,,,0,0,1,0,1,257.900,3.688
1037455047150234,100064197037125,"PC Merchandise","𝐑𝐘𝐙𝐄𝐍 𝟓 𝟒𝟔𝟎𝟎𝐆 (𝟏𝟎𝐏𝐂𝐒)
𝐂𝐎𝐌𝐒𝐇𝐎𝐏 𝐃𝐈𝐒𝐊𝐋𝐄𝐒𝐒 𝐏𝐀𝐂𝐊𝐀𝐆𝐄
#PCMERCHANDISE #PCMBUILDS",,35,"09/17/2023 02:00",,https://www.facebook.com/reel/1450948487430877/,0,0,Reels,,,,,09/30/2023,0,,,,,,0,0,0,0,0,235.512,3.055
1037253082534860,100064197037125,"PC Merchandise","Negosyo starts today! Complete computer shop packages ready. PM now!

𝐂𝐎𝐌𝐒𝐇𝐎𝐏 𝐏𝐑𝐈𝐂𝐄𝐋𝐈𝐒𝐓 >>>
https://pcmerchandise.live/2023-GAMING-BUILDS",,0,"09/16/2023 19:01",,https://www.facebook.com/pcmerchandise.co/posts/pfbid03BeYDFvIyWFEHQvpeGJhrofeucCFnubqgkzWE3U2Qo3pQl9ojUo5O9s7,0,0,Photos,,,,,09/30/2023,3,,,,,,,,,,,,
1037253082534860,100064197037125,"PC Merchandise","Negosyo starts today! Complete computer shop packages ready. PM now!

𝐂𝐎𝐌𝐒𝐇𝐎𝐏 𝐏𝐑𝐈𝐂𝐄𝐋𝐈𝐒𝐓 >>>
https://pcmerchandise.live/2023-GAMING-BUILDS",,0,"09/16/2023 19:01",,https://www.facebook.com/pcmerchandise.co/posts/pfbid03BeYDFvIyWFEHQvpeGJhrofeucCFnubqgkzWE3U2Qo3pQl9ojUo5O9s7,0,0,Photos,,,,,09/01/2023,,,0,0,0,0,0,0,,,,,
1037253082534860,100064197037125,"PC Merchandise","Negosyo starts today! Complete computer shop packages ready. PM now!

𝐂𝐎𝐌𝐒𝐇𝐎𝐏 𝐏𝐑𝐈𝐂𝐄𝐋𝐈𝐒𝐓 >>>
https://pcmerchandise.live/2023-GAMING-BUILDS",,0,"09/16/2023 19:01",,https://www.facebook.com/pcmerchandise.co/posts/pfbid03BeYDFvIyWFEHQvpeGJhrofeucCFnubqgkzWE3U2Qo3pQl9ojUo5O9s7,0,0,Photos,,,,,09/02/2023,,,0,0,0,0,0,0,,,,,
1037253082534860,100064197037125,"PC Merchandise","Negosyo starts today! Complete computer shop packages ready. PM now!

𝐂𝐎𝐌𝐒𝐇𝐎𝐏 𝐏𝐑𝐈𝐂𝐄𝐋𝐈𝐒𝐓 >>>
https://pcmerchandise.live/2023-GAMING-BUILDS",,0,"09/16/2023 19:01",,https://www.facebook.com/pcmerchandise.co/posts/pfbid03BeYDFvIyWFEHQvpeGJhrofeucCFnubqgkzWE3U2Qo3pQl9ojUo5O9s7,0,0,Photos,,,,,09/03/2023,,,0,0,0,0,0,0,,,,,
1037253082534860,100064197037125,"PC Merchandise","Negosyo starts today! Complete computer shop packages ready. PM now!

𝐂𝐎𝐌𝐒𝐇𝐎𝐏 𝐏𝐑𝐈𝐂𝐄𝐋𝐈𝐒𝐓 >>>
https://pcmerchandise.live/2023-GAMING-BUILDS",,0,"09/16/2023 19:01",,https://www.facebook.com/pcmerchandise.co/posts/pfbid03BeYDFvIyWFEHQvpeGJhrofeucCFnubqgkzWE3U2Qo3pQl9ojUo5O9s7,0,0,Photos,,,,,09/04/2023,,,0,0,0,0,0,0,,,,,
1037253082534860,100064197037125,"PC Merchandise","Negosyo starts today! Complete computer shop packages ready. PM now!

𝐂𝐎𝐌𝐒𝐇𝐎𝐏 𝐏𝐑𝐈𝐂𝐄𝐋𝐈𝐒𝐓 >>>
https://pcmerchandise.live/2023-GAMING-BUILDS",,0,"09/16/2023 19:01",,https://www.facebook.com/pcmerchandise.co/posts/pfbid03BeYDFvIyWFEHQvpeGJhrofeucCFnubqgkzWE3U2Qo3pQl9ojUo5O9s7,0,0,Photos,,,,,09/05/2023,,,0,0,0,0,0,0,,,,,
1037253082534860,100064197037125,"PC Merchandise","Negosyo starts today! Complete computer shop packages ready. PM now!

𝐂𝐎𝐌𝐒𝐇𝐎𝐏 𝐏𝐑𝐈𝐂𝐄𝐋𝐈𝐒𝐓 >>>
https://pcmerchandise.live/2023-GAMING-BUILDS",,0,"09/16/2023 19:01",,https://www.facebook.com/pcmerchandise.co/posts/pfbid03BeYDFvIyWFEHQvpeGJhrofeucCFnubqgkzWE3U2Qo3pQl9ojUo5O9s7,0,0,Photos,,,,,09/06/2023,,,0,0,0,0,0,0,,,,,
1037253082534860,100064197037125,"PC Merchandise","Negosyo starts today! Complete computer shop packages ready. PM now!

𝐂𝐎𝐌𝐒𝐇𝐎𝐏 𝐏𝐑𝐈𝐂𝐄𝐋𝐈𝐒𝐓 >>>
https://pcmerchandise.live/2023-GAMING-BUILDS",,0,"09/16/2023 19:01",,https://www.facebook.com/pcmerchandise.co/posts/pfbid03BeYDFvIyWFEHQvpeGJhrofeucCFnubqgkzWE3U2Qo3pQl9ojUo5O9s7,0,0,Photos,,,,,09/07/2023,,,0,0,0,0,0,0,,,,,
1037253082534860,100064197037125,"PC Merchandise","Negosyo starts today! Complete computer shop packages ready. PM now!

𝐂𝐎𝐌𝐒𝐇𝐎𝐏 𝐏𝐑𝐈𝐂𝐄𝐋𝐈𝐒𝐓 >>>
https://pcmerchandise.live/2023-GAMING-BUILDS",,0,"09/16/2023 19:01",,https://www.facebook.com/pcmerchandise.co/posts/pfbid03BeYDFvIyWFEHQvpeGJhrofeucCFnubqgkzWE3U2Qo3pQl9ojUo5O9s7,0,0,Photos,,,,,09/08/2023,,,0,0,0,0,0,0,,,,,
1037253082534860,100064197037125,"PC Merchandise","Negosyo starts today! Complete computer shop packages ready. PM now!

𝐂𝐎𝐌𝐒𝐇𝐎𝐏 𝐏𝐑𝐈𝐂𝐄𝐋𝐈𝐒𝐓 >>>
https://pcmerchandise.live/2023-GAMING-BUILDS",,0,"09/16/2023 19:01",,https://www.facebook.com/pcmerchandise.co/posts/pfbid03BeYDFvIyWFEHQvpeGJhrofeucCFnubqgkzWE3U2Qo3pQl9ojUo5O9s7,0,0,Photos,,,,,09/09/2023,,,0,0,0,0,0,0,,,,,
1037253082534860,100064197037125,"PC Merchandise","Negosyo starts today! Complete computer shop packages ready. PM now!

𝐂𝐎𝐌𝐒𝐇𝐎𝐏 𝐏𝐑𝐈𝐂𝐄𝐋𝐈𝐒𝐓 >>>
https://pcmerchandise.live/2023-GAMING-BUILDS",,0,"09/16/2023 19:01",,https://www.facebook.com/pcmerchandise.co/posts/pfbid03BeYDFvIyWFEHQvpeGJhrofeucCFnubqgkzWE3U2Qo3pQl9ojUo5O9s7,0,0,Photos,,,,,09/10/2023,,,0,0,0,0,0,0,,,,,
1037253082534860,100064197037125,"PC Merchandise","Negosyo starts today! Complete computer shop packages ready. PM now!

𝐂𝐎𝐌𝐒𝐇𝐎𝐏 𝐏𝐑𝐈𝐂𝐄𝐋𝐈𝐒𝐓 >>>
https://pcmerchandise.live/2023-GAMING-BUILDS",,0,"09/16/2023 19:01",,https://www.facebook.com/pcmerchandise.co/posts/pfbid03BeYDFvIyWFEHQvpeGJhrofeucCFnubqgkzWE3U2Qo3pQl9ojUo5O9s7,0,0,Photos,,,,,09/11/2023,,,0,0,0,0,0,0,,,,,
1037253082534860,100064197037125,"PC Merchandise","Negosyo starts today! Complete computer shop packages ready. PM now!

𝐂𝐎𝐌𝐒𝐇𝐎𝐏 𝐏𝐑𝐈𝐂𝐄𝐋𝐈𝐒𝐓 >>>
https://pcmerchandise.live/2023-GAMING-BUILDS",,0,"09/16/2023 19:01",,https://www.facebook.com/pcmerchandise.co/posts/pfbid03BeYDFvIyWFEHQvpeGJhrofeucCFnubqgkzWE3U2Qo3pQl9ojUo5O9s7,0,0,Photos,,,,,09/12/2023,,,0,0,0,0,0,0,,,,,
1037253082534860,100064197037125,"PC Merchandise","Negosyo starts today! Complete computer shop packages ready. PM now!

𝐂𝐎𝐌𝐒𝐇𝐎𝐏 𝐏𝐑𝐈𝐂𝐄𝐋𝐈𝐒𝐓 >>>
https://pcmerchandise.live/2023-GAMING-BUILDS",,0,"09/16/2023 19:01",,https://www.facebook.com/pcmerchandise.co/posts/pfbid03BeYDFvIyWFEHQvpeGJhrofeucCFnubqgkzWE3U2Qo3pQl9ojUo5O9s7,0,0,Photos,,,,,09/13/2023,,,0,0,0,0,0,0,,,,,
1037253082534860,100064197037125,"PC Merchandise","Negosyo starts today! Complete computer shop packages ready. PM now!

𝐂𝐎𝐌𝐒𝐇𝐎𝐏 𝐏𝐑𝐈𝐂𝐄𝐋𝐈𝐒𝐓 >>>
https://pcmerchandise.live/2023-GAMING-BUILDS",,0,"09/16/2023 19:01",,https://www.facebook.com/pcmerchandise.co/posts/pfbid03BeYDFvIyWFEHQvpeGJhrofeucCFnubqgkzWE3U2Qo3pQl9ojUo5O9s7,0,0,Photos,,,,,09/14/2023,,,0,0,0,0,0,0,,,,,
1037253082534860,100064197037125,"PC Merchandise","Negosyo starts today! Complete computer shop packages ready. PM now!

𝐂𝐎𝐌𝐒𝐇𝐎𝐏 𝐏𝐑𝐈𝐂𝐄𝐋𝐈𝐒𝐓 >>>
https://pcmerchandise.live/2023-GAMING-BUILDS",,0,"09/16/2023 19:01",,https://www.facebook.com/pcmerchandise.co/posts/pfbid03BeYDFvIyWFEHQvpeGJhrofeucCFnubqgkzWE3U2Qo3pQl9ojUo5O9s7,0,0,Photos,,,,,09/15/2023,,,0,0,0,0,0,0,,,,,
1037253082534860,100064197037125,"PC Merchandise","Negosyo starts today! Complete computer shop packages ready. PM now!

𝐂𝐎𝐌𝐒𝐇𝐎𝐏 𝐏𝐑𝐈𝐂𝐄𝐋𝐈𝐒𝐓 >>>
https://pcmerchandise.live/2023-GAMING-BUILDS",,0,"09/16/2023 19:01",,https://www.facebook.com/pcmerchandise.co/posts/pfbid03BeYDFvIyWFEHQvpeGJhrofeucCFnubqgkzWE3U2Qo3pQl9ojUo5O9s7,0,0,Photos,,,,,09/16/2023,,,0,0,0,0,0,0,,,,,
1037253082534860,100064197037125,"PC Merchandise","Negosyo starts today! Complete computer shop packages ready. PM now!

𝐂𝐎𝐌𝐒𝐇𝐎𝐏 𝐏𝐑𝐈𝐂𝐄𝐋𝐈𝐒𝐓 >>>
https://pcmerchandise.live/2023-GAMING-BUILDS",,0,"09/16/2023 19:01",,https://www.facebook.com/pcmerchandise.co/posts/pfbid03BeYDFvIyWFEHQvpeGJhrofeucCFnubqgkzWE3U2Qo3pQl9ojUo5O9s7,0,0,Photos,,,,,09/17/2023,,,0,0,0,0,0,0,,,,,
1037253082534860,100064197037125,"PC Merchandise","Negosyo starts today! Complete computer shop packages ready. PM now!

𝐂𝐎𝐌𝐒𝐇𝐎𝐏 𝐏𝐑𝐈𝐂𝐄𝐋𝐈𝐒𝐓 >>>
https://pcmerchandise.live/2023-GAMING-BUILDS",,0,"09/16/2023 19:01",,https://www.facebook.com/pcmerchandise.co/posts/pfbid03BeYDFvIyWFEHQvpeGJhrofeucCFnubqgkzWE3U2Qo3pQl9ojUo5O9s7,0,0,Photos,,,,,09/18/2023,,,0,0,0,0,0,0,,,,,
1037253082534860,100064197037125,"PC Merchandise","Negosyo starts today! Complete computer shop packages ready. PM now!

𝐂𝐎𝐌𝐒𝐇𝐎𝐏 𝐏𝐑𝐈𝐂𝐄𝐋𝐈𝐒𝐓 >>>
https://pcmerchandise.live/2023-GAMING-BUILDS",,0,"09/16/2023 19:01",,https://www.facebook.com/pcmerchandise.co/posts/pfbid03BeYDFvIyWFEHQvpeGJhrofeucCFnubqgkzWE3U2Qo3pQl9ojUo5O9s7,0,0,Photos,,,,,09/19/2023,,,0,0,0,0,0,0,,,,,
1037253082534860,100064197037125,"PC Merchandise","Negosyo starts today! Complete computer shop packages ready. PM now!

𝐂𝐎𝐌𝐒𝐇𝐎𝐏 𝐏𝐑𝐈𝐂𝐄𝐋𝐈𝐒𝐓 >>>
https://pcmerchandise.live/2023-GAMING-BUILDS",,0,"09/16/2023 19:01",,https://www.facebook.com/pcmerchandise.co/posts/pfbid03BeYDFvIyWFEHQvpeGJhrofeucCFnubqgkzWE3U2Qo3pQl9ojUo5O9s7,0,0,Photos,,,,,09/20/2023,,,0,0,0,0,0,0,,,,,
1037253082534860,100064197037125,"PC Merchandise","Negosyo starts today! Complete computer shop packages ready. PM now!

𝐂𝐎𝐌𝐒𝐇𝐎𝐏 𝐏𝐑𝐈𝐂𝐄𝐋𝐈𝐒𝐓 >>>
https://pcmerchandise.live/2023-GAMING-BUILDS",,0,"09/16/2023 19:01",,https://www.facebook.com/pcmerchandise.co/posts/pfbid03BeYDFvIyWFEHQvpeGJhrofeucCFnubqgkzWE3U2Qo3pQl9ojUo5O9s7,0,0,Photos,,,,,09/21/2023,,,0,0,0,0,0,0,,,,,
1037253082534860,100064197037125,"PC Merchandise","Negosyo starts today! Complete computer shop packages ready. PM now!

𝐂𝐎𝐌𝐒𝐇𝐎𝐏 𝐏𝐑𝐈𝐂𝐄𝐋𝐈𝐒𝐓 >>>
https://pcmerchandise.live/2023-GAMING-BUILDS",,0,"09/16/2023 19:01",,https://www.facebook.com/pcmerchandise.co/posts/pfbid03BeYDFvIyWFEHQvpeGJhrofeucCFnubqgkzWE3U2Qo3pQl9ojUo5O9s7,0,0,Photos,,,,,09/22/2023,,,0,0,0,0,0,0,,,,,
1037253082534860,100064197037125,"PC Merchandise","Negosyo starts today! Complete computer shop packages ready. PM now!

𝐂𝐎𝐌𝐒𝐇𝐎𝐏 𝐏𝐑𝐈𝐂𝐄𝐋𝐈𝐒𝐓 >>>
https://pcmerchandise.live/2023-GAMING-BUILDS",,0,"09/16/2023 19:01",,https://www.facebook.com/pcmerchandise.co/posts/pfbid03BeYDFvIyWFEHQvpeGJhrofeucCFnubqgkzWE3U2Qo3pQl9ojUo5O9s7,0,0,Photos,,,,,09/23/2023,,,0,0,0,0,0,0,,,,,
1037253082534860,100064197037125,"PC Merchandise","Negosyo starts today! Complete computer shop packages ready. PM now!

𝐂𝐎𝐌𝐒𝐇𝐎𝐏 𝐏𝐑𝐈𝐂𝐄𝐋𝐈𝐒𝐓 >>>
https://pcmerchandise.live/2023-GAMING-BUILDS",,0,"09/16/2023 19:01",,https://www.facebook.com/pcmerchandise.co/posts/pfbid03BeYDFvIyWFEHQvpeGJhrofeucCFnubqgkzWE3U2Qo3pQl9ojUo5O9s7,0,0,Photos,,,,,09/24/2023,,,0,0,0,0,0,0,,,,,
1037253082534860,100064197037125,"PC Merchandise","Negosyo starts today! Complete computer shop packages ready. PM now!

𝐂𝐎𝐌𝐒𝐇𝐎𝐏 𝐏𝐑𝐈𝐂𝐄𝐋𝐈𝐒𝐓 >>>
https://pcmerchandise.live/2023-GAMING-BUILDS",,0,"09/16/2023 19:01",,https://www.facebook.com/pcmerchandise.co/posts/pfbid03BeYDFvIyWFEHQvpeGJhrofeucCFnubqgkzWE3U2Qo3pQl9ojUo5O9s7,0,0,Photos,,,,,09/25/2023,,,0,0,0,0,0,0,,,,,
1037253082534860,100064197037125,"PC Merchandise","Negosyo starts today! Complete computer shop packages ready. PM now!

𝐂𝐎𝐌𝐒𝐇𝐎𝐏 𝐏𝐑𝐈𝐂𝐄𝐋𝐈𝐒𝐓 >>>
https://pcmerchandise.live/2023-GAMING-BUILDS",,0,"09/16/2023 19:01",,https://www.facebook.com/pcmerchandise.co/posts/pfbid03BeYDFvIyWFEHQvpeGJhrofeucCFnubqgkzWE3U2Qo3pQl9ojUo5O9s7,0,0,Photos,,,,,09/26/2023,,,0,0,0,0,0,0,,,,,
1037253082534860,100064197037125,"PC Merchandise","Negosyo starts today! Complete computer shop packages ready. PM now!

𝐂𝐎𝐌𝐒𝐇𝐎𝐏 𝐏𝐑𝐈𝐂𝐄𝐋𝐈𝐒𝐓 >>>
https://pcmerchandise.live/2023-GAMING-BUILDS",,0,"09/16/2023 19:01",,https://www.facebook.com/pcmerchandise.co/posts/pfbid03BeYDFvIyWFEHQvpeGJhrofeucCFnubqgkzWE3U2Qo3pQl9ojUo5O9s7,0,0,Photos,,,,,09/27/2023,,,0,0,0,0,0,0,,,,,
1037253082534860,100064197037125,"PC Merchandise","Negosyo starts today! Complete computer shop packages ready. PM now!

𝐂𝐎𝐌𝐒𝐇𝐎𝐏 𝐏𝐑𝐈𝐂𝐄𝐋𝐈𝐒𝐓 >>>
https://pcmerchandise.live/2023-GAMING-BUILDS",,0,"09/16/2023 19:01",,https://www.facebook.com/pcmerchandise.co/posts/pfbid03BeYDFvIyWFEHQvpeGJhrofeucCFnubqgkzWE3U2Qo3pQl9ojUo5O9s7,0,0,Photos,,,,,09/28/2023,,,0,0,0,0,0,0,,,,,
1037253082534860,100064197037125,"PC Merchandise","Negosyo starts today! Complete computer shop packages ready. PM now!

𝐂𝐎𝐌𝐒𝐇𝐎𝐏 𝐏𝐑𝐈𝐂𝐄𝐋𝐈𝐒𝐓 >>>
https://pcmerchandise.live/2023-GAMING-BUILDS",,0,"09/16/2023 19:01",,https://www.facebook.com/pcmerchandise.co/posts/pfbid03BeYDFvIyWFEHQvpeGJhrofeucCFnubqgkzWE3U2Qo3pQl9ojUo5O9s7,0,0,Photos,,,,,09/29/2023,,,0,0,0,0,0,0,,,,,
1037253082534860,100064197037125,"PC Merchandise","Negosyo starts today! Complete computer shop packages ready. PM now!

𝐂𝐎𝐌𝐒𝐇𝐎𝐏 𝐏𝐑𝐈𝐂𝐄𝐋𝐈𝐒𝐓 >>>
https://pcmerchandise.live/2023-GAMING-BUILDS",,0,"09/16/2023 19:01",,https://www.facebook.com/pcmerchandise.co/posts/pfbid03BeYDFvIyWFEHQvpeGJhrofeucCFnubqgkzWE3U2Qo3pQl9ojUo5O9s7,0,0,Photos,,,,,09/30/2023,,,0,0,0,0,0,0,,,,,
1037149697142269,100064197037125,"PC Merchandise","𝐒𝐎𝐋𝐃 𝐢𝟑 𝟏𝟐𝟏𝟎𝟎𝐅 (8PCS)
𝐂𝐎𝐌𝐒𝐇𝐎𝐏 𝐏𝐀𝐂𝐊𝐀𝐆𝐄
#PCMERCHANDISE #PCMBUILDS",,37,"09/15/2023 20:00",uploaded,https://www.facebook.com/reel/1632255678370120/,0,0,Reels,,,,,09/01/2023,0,,,,,,0,0,0,0,0,0.000,5.196
1037149697142269,100064197037125,"PC Merchandise","𝐒𝐎𝐋𝐃 𝐢𝟑 𝟏𝟐𝟏𝟎𝟎𝐅 (8PCS)
𝐂𝐎𝐌𝐒𝐇𝐎𝐏 𝐏𝐀𝐂𝐊𝐀𝐆𝐄
#PCMERCHANDISE #PCMBUILDS",,37,"09/15/2023 20:00",uploaded,https://www.facebook.com/reel/1632255678370120/,0,0,Reels,,,,,09/02/2023,0,,,,,,0,0,0,0,0,0.000,5.250
1037149697142269,100064197037125,"PC Merchandise","𝐒𝐎𝐋𝐃 𝐢𝟑 𝟏𝟐𝟏𝟎𝟎𝐅 (8PCS)
𝐂𝐎𝐌𝐒𝐇𝐎𝐏 𝐏𝐀𝐂𝐊𝐀𝐆𝐄
#PCMERCHANDISE #PCMBUILDS",,37,"09/15/2023 20:00",uploaded,https://www.facebook.com/reel/1632255678370120/,0,0,Reels,,,,,09/03/2023,0,,,,,,0,0,0,0,0,0.000,5.874
1037149697142269,100064197037125,"PC Merchandise","𝐒𝐎𝐋𝐃 𝐢𝟑 𝟏𝟐𝟏𝟎𝟎𝐅 (8PCS)
𝐂𝐎𝐌𝐒𝐇𝐎𝐏 𝐏𝐀𝐂𝐊𝐀𝐆𝐄
#PCMERCHANDISE #PCMBUILDS",,37,"09/15/2023 20:00",uploaded,https://www.facebook.com/reel/1632255678370120/,0,0,Reels,,,,,09/04/2023,0,,,,,,0,0,0,0,0,0.000,7.112
1037149697142269,100064197037125,"PC Merchandise","𝐒𝐎𝐋𝐃 𝐢𝟑 𝟏𝟐𝟏𝟎𝟎𝐅 (8PCS)
𝐂𝐎𝐌𝐒𝐇𝐎𝐏 𝐏𝐀𝐂𝐊𝐀𝐆𝐄
#PCMERCHANDISE #PCMBUILDS",,37,"09/15/2023 20:00",uploaded,https://www.facebook.com/reel/1632255678370120/,0,0,Reels,,,,,09/05/2023,0,,,,,,0,0,0,0,0,0.000,5.686
1037149697142269,100064197037125,"PC Merchandise","𝐒𝐎𝐋𝐃 𝐢𝟑 𝟏𝟐𝟏𝟎𝟎𝐅 (8PCS)
𝐂𝐎𝐌𝐒𝐇𝐎𝐏 𝐏𝐀𝐂𝐊𝐀𝐆𝐄
#PCMERCHANDISE #PCMBUILDS",,37,"09/15/2023 20:00",uploaded,https://www.facebook.com/reel/1632255678370120/,0,0,Reels,,,,,09/06/2023,0,,,,,,0,0,0,0,0,0.000,3.752
1037149697142269,100064197037125,"PC Merchandise","𝐒𝐎𝐋𝐃 𝐢𝟑 𝟏𝟐𝟏𝟎𝟎𝐅 (8PCS)
𝐂𝐎𝐌𝐒𝐇𝐎𝐏 𝐏𝐀𝐂𝐊𝐀𝐆𝐄
#PCMERCHANDISE #PCMBUILDS",,37,"09/15/2023 20:00",uploaded,https://www.facebook.com/reel/1632255678370120/,0,0,Reels,,,,,09/07/2023,0,,,,,,0,0,0,0,0,0.000,5.777
1037149697142269,100064197037125,"PC Merchandise","𝐒𝐎𝐋𝐃 𝐢𝟑 𝟏𝟐𝟏𝟎𝟎𝐅 (8PCS)
𝐂𝐎𝐌𝐒𝐇𝐎𝐏 𝐏𝐀𝐂𝐊𝐀𝐆𝐄
#PCMERCHANDISE #PCMBUILDS",,37,"09/15/2023 20:00",uploaded,https://www.facebook.com/reel/1632255678370120/,0,0,Reels,,,,,09/08/2023,0,,,,,,0,0,0,0,0,0.000,5.945
1037149697142269,100064197037125,"PC Merchandise","𝐒𝐎𝐋𝐃 𝐢𝟑 𝟏𝟐𝟏𝟎𝟎𝐅 (8PCS)
𝐂𝐎𝐌𝐒𝐇𝐎𝐏 𝐏𝐀𝐂𝐊𝐀𝐆𝐄
#PCMERCHANDISE #PCMBUILDS",,37,"09/15/2023 20:00",uploaded,https://www.facebook.com/reel/1632255678370120/,0,0,Reels,,,,,09/09/2023,0,,,,,,0,0,0,0,0,0.000,5.976
1037149697142269,100064197037125,"PC Merchandise","𝐒𝐎𝐋𝐃 𝐢𝟑 𝟏𝟐𝟏𝟎𝟎𝐅 (8PCS)
𝐂𝐎𝐌𝐒𝐇𝐎𝐏 𝐏𝐀𝐂𝐊𝐀𝐆𝐄
#PCMERCHANDISE #PCMBUILDS",,37,"09/15/2023 20:00",uploaded,https://www.facebook.com/reel/1632255678370120/,0,0,Reels,,,,,09/10/2023,0,,,,,,0,0,0,0,0,0.000,5.906
1037149697142269,100064197037125,"PC Merchandise","𝐒𝐎𝐋𝐃 𝐢𝟑 𝟏𝟐𝟏𝟎𝟎𝐅 (8PCS)
𝐂𝐎𝐌𝐒𝐇𝐎𝐏 𝐏𝐀𝐂𝐊𝐀𝐆𝐄
#PCMERCHANDISE #PCMBUILDS",,37,"09/15/2023 20:00",uploaded,https://www.facebook.com/reel/1632255678370120/,0,0,Reels,,,,,09/11/2023,0,,,,,,0,0,0,0,0,0.000,6.606
1037149697142269,100064197037125,"PC Merchandise","𝐒𝐎𝐋𝐃 𝐢𝟑 𝟏𝟐𝟏𝟎𝟎𝐅 (8PCS)
𝐂𝐎𝐌𝐒𝐇𝐎𝐏 𝐏𝐀𝐂𝐊𝐀𝐆𝐄
#PCMERCHANDISE #PCMBUILDS",,37,"09/15/2023 20:00",uploaded,https://www.facebook.com/reel/1632255678370120/,0,0,Reels,,,,,09/12/2023,0,,,,,,0,0,0,0,0,0.000,4.418
1037149697142269,100064197037125,"PC Merchandise","𝐒𝐎𝐋𝐃 𝐢𝟑 𝟏𝟐𝟏𝟎𝟎𝐅 (8PCS)
𝐂𝐎𝐌𝐒𝐇𝐎𝐏 𝐏𝐀𝐂𝐊𝐀𝐆𝐄
#PCMERCHANDISE #PCMBUILDS",,37,"09/15/2023 20:00",uploaded,https://www.facebook.com/reel/1632255678370120/,0,0,Reels,,,,,09/13/2023,0,,,,,,0,0,0,0,0,0.000,5.951
1037149697142269,100064197037125,"PC Merchandise","𝐒𝐎𝐋𝐃 𝐢𝟑 𝟏𝟐𝟏𝟎𝟎𝐅 (8PCS)
𝐂𝐎𝐌𝐒𝐇𝐎𝐏 𝐏𝐀𝐂𝐊𝐀𝐆𝐄
#PCMERCHANDISE #PCMBUILDS",,37,"09/15/2023 20:00",uploaded,https://www.facebook.com/reel/1632255678370120/,0,0,Reels,,,,,09/14/2023,0,,,,,,0,0,0,0,0,0.000,5.614
1037149697142269,100064197037125,"PC Merchandise","𝐒𝐎𝐋𝐃 𝐢𝟑 𝟏𝟐𝟏𝟎𝟎𝐅 (8PCS)
𝐂𝐎𝐌𝐒𝐇𝐎𝐏 𝐏𝐀𝐂𝐊𝐀𝐆𝐄
#PCMERCHANDISE #PCMBUILDS",,37,"09/15/2023 20:00",uploaded,https://www.facebook.com/reel/1632255678370120/,0,0,Reels,,,,,09/15/2023,0,,,,,,0,0,2,2,0,312.009,5.856
1037149697142269,100064197037125,"PC Merchandise","𝐒𝐎𝐋𝐃 𝐢𝟑 𝟏𝟐𝟏𝟎𝟎𝐅 (8PCS)
𝐂𝐎𝐌𝐒𝐇𝐎𝐏 𝐏𝐀𝐂𝐊𝐀𝐆𝐄
#PCMERCHANDISE #PCMBUILDS",,37,"09/15/2023 20:00",uploaded,https://www.facebook.com/reel/1632255678370120/,0,0,Reels,,,,,09/16/2023,0,,,,,,0,0,1,1,0,371.157,5.175
1037149697142269,100064197037125,"PC Merchandise","𝐒𝐎𝐋𝐃 𝐢𝟑 𝟏𝟐𝟏𝟎𝟎𝐅 (8PCS)
𝐂𝐎𝐌𝐒𝐇𝐎𝐏 𝐏𝐀𝐂𝐊𝐀𝐆𝐄
#PCMERCHANDISE #PCMBUILDS",,37,"09/15/2023 20:00",uploaded,https://www.facebook.com/reel/1632255678370120/,0,0,Reels,,,,,09/17/2023,0,,,,,,0,0,0,0,0,345.327,5.966
1037149697142269,100064197037125,"PC Merchandise","𝐒𝐎𝐋𝐃 𝐢𝟑 𝟏𝟐𝟏𝟎𝟎𝐅 (8PCS)
𝐂𝐎𝐌𝐒𝐇𝐎𝐏 𝐏𝐀𝐂𝐊𝐀𝐆𝐄
#PCMERCHANDISE #PCMBUILDS",,37,"09/15/2023 20:00",uploaded,https://www.facebook.com/reel/1632255678370120/,0,0,Reels,,,,,09/18/2023,0,,,,,,0,0,1,1,0,157.880,4.842
1037149697142269,100064197037125,"PC Merchandise","𝐒𝐎𝐋𝐃 𝐢𝟑 𝟏𝟐𝟏𝟎𝟎𝐅 (8PCS)
𝐂𝐎𝐌𝐒𝐇𝐎𝐏 𝐏𝐀𝐂𝐊𝐀𝐆𝐄
#PCMERCHANDISE #PCMBUILDS",,37,"09/15/2023 20:00",uploaded,https://www.facebook.com/reel/1632255678370120/,0,0,Reels,,,,,09/19/2023,0,,,,,,0,0,0,0,0,237.912,5.232
1037149697142269,100064197037125,"PC Merchandise","𝐒𝐎𝐋𝐃 𝐢𝟑 𝟏𝟐𝟏𝟎𝟎𝐅 (8PCS)
𝐂𝐎𝐌𝐒𝐇𝐎𝐏 𝐏𝐀𝐂𝐊𝐀𝐆𝐄
#PCMERCHANDISE #PCMBUILDS",,37,"09/15/2023 20:00",uploaded,https://www.facebook.com/reel/1632255678370120/,0,0,Reels,,,,,09/20/2023,0,,,,,,0,0,0,0,0,204.419,4.946
1037149697142269,100064197037125,"PC Merchandise","𝐒𝐎𝐋𝐃 𝐢𝟑 𝟏𝟐𝟏𝟎𝟎𝐅 (8PCS)
𝐂𝐎𝐌𝐒𝐇𝐎𝐏 𝐏𝐀𝐂𝐊𝐀𝐆𝐄
#PCMERCHANDISE #PCMBUILDS",,37,"09/15/2023 20:00",uploaded,https://www.facebook.com/reel/1632255678370120/,0,0,Reels,,,,,09/21/2023,0,,,,,,0,0,0,0,0,71.654,5.716
1037149697142269,100064197037125,"PC Merchandise","𝐒𝐎𝐋𝐃 𝐢𝟑 𝟏𝟐𝟏𝟎𝟎𝐅 (8PCS)
𝐂𝐎𝐌𝐒𝐇𝐎𝐏 𝐏𝐀𝐂𝐊𝐀𝐆𝐄
#PCMERCHANDISE #PCMBUILDS",,37,"09/15/2023 20:00",uploaded,https://www.facebook.com/reel/1632255678370120/,0,0,Reels,,,,,09/22/2023,0,,,,,,0,0,0,0,0,116.745,5.706
1037149697142269,100064197037125,"PC Merchandise","𝐒𝐎𝐋𝐃 𝐢𝟑 𝟏𝟐𝟏𝟎𝟎𝐅 (8PCS)
𝐂𝐎𝐌𝐒𝐇𝐎𝐏 𝐏𝐀𝐂𝐊𝐀𝐆𝐄
#PCMERCHANDISE #PCMBUILDS",,37,"09/15/2023 20:00",uploaded,https://www.facebook.com/reel/1632255678370120/,0,0,Reels,,,,,09/23/2023,0,,,,,,0,0,0,0,0,88.060,4.773
1037149697142269,100064197037125,"PC Merchandise","𝐒𝐎𝐋𝐃 𝐢𝟑 𝟏𝟐𝟏𝟎𝟎𝐅 (8PCS)
𝐂𝐎𝐌𝐒𝐇𝐎𝐏 𝐏𝐀𝐂𝐊𝐀𝐆𝐄
#PCMERCHANDISE #PCMBUILDS",,37,"09/15/2023 20:00",uploaded,https://www.facebook.com/reel/1632255678370120/,0,0,Reels,,,,,09/24/2023,0,,,,,,0,0,0,0,0,46.007,6.060
1037149697142269,100064197037125,"PC Merchandise","𝐒𝐎𝐋𝐃 𝐢𝟑 𝟏𝟐𝟏𝟎𝟎𝐅 (8PCS)
𝐂𝐎𝐌𝐒𝐇𝐎𝐏 𝐏𝐀𝐂𝐊𝐀𝐆𝐄
#PCMERCHANDISE #PCMBUILDS",,37,"09/15/2023 20:00",uploaded,https://www.facebook.com/reel/1632255678370120/,0,0,Reels,,,,,09/25/2023,0,,,,,,0,0,0,0,0,32.449,5.192
1037149697142269,100064197037125,"PC Merchandise","𝐒𝐎𝐋𝐃 𝐢𝟑 𝟏𝟐𝟏𝟎𝟎𝐅 (8PCS)
𝐂𝐎𝐌𝐒𝐇𝐎𝐏 𝐏𝐀𝐂𝐊𝐀𝐆𝐄
#PCMERCHANDISE #PCMBUILDS",,37,"09/15/2023 20:00",uploaded,https://www.facebook.com/reel/1632255678370120/,0,0,Reels,,,,,09/26/2023,0,,,,,,0,0,0,0,0,43.699,5.258
1037149697142269,100064197037125,"PC Merchandise","𝐒𝐎𝐋𝐃 𝐢𝟑 𝟏𝟐𝟏𝟎𝟎𝐅 (8PCS)
𝐂𝐎𝐌𝐒𝐇𝐎𝐏 𝐏𝐀𝐂𝐊𝐀𝐆𝐄
#PCMERCHANDISE #PCMBUILDS",,37,"09/15/2023 20:00",uploaded,https://www.facebook.com/reel/1632255678370120/,0,0,Reels,,,,,09/27/2023,0,,,,,,0,0,0,0,0,62.825,4.877
1037149697142269,100064197037125,"PC Merchandise","𝐒𝐎𝐋𝐃 𝐢𝟑 𝟏𝟐𝟏𝟎𝟎𝐅 (8PCS)
𝐂𝐎𝐌𝐒𝐇𝐎𝐏 𝐏𝐀𝐂𝐊𝐀𝐆𝐄
#PCMERCHANDISE #PCMBUILDS",,37,"09/15/2023 20:00",uploaded,https://www.facebook.com/reel/1632255678370120/,0,0,Reels,,,,,09/28/2023,0,,,,,,0,0,0,0,0,21.054,5.018
1037149697142269,100064197037125,"PC Merchandise","𝐒𝐎𝐋𝐃 𝐢𝟑 𝟏𝟐𝟏𝟎𝟎𝐅 (8PCS)
𝐂𝐎𝐌𝐒𝐇𝐎𝐏 𝐏𝐀𝐂𝐊𝐀𝐆𝐄
#PCMERCHANDISE #PCMBUILDS",,37,"09/15/2023 20:00",uploaded,https://www.facebook.com/reel/1632255678370120/,0,0,Reels,,,,,09/29/2023,0,,,,,,0,0,0,0,0,30.892,4.773
1037149697142269,100064197037125,"PC Merchandise","𝐒𝐎𝐋𝐃 𝐢𝟑 𝟏𝟐𝟏𝟎𝟎𝐅 (8PCS)
𝐂𝐎𝐌𝐒𝐇𝐎𝐏 𝐏𝐀𝐂𝐊𝐀𝐆𝐄
#PCMERCHANDISE #PCMBUILDS",,37,"09/15/2023 20:00",uploaded,https://www.facebook.com/reel/1632255678370120/,0,0,Reels,,,,,09/30/2023,0,,,,,,0,0,0,0,0,24.623,7.816
1037268086770272,100064197037125,"PC Merchandise","ito na po yung ghost project🥲",,77,"09/15/2023 19:01",,https://www.facebook.com/reel/1810659897329301/,0,0,Reels,,,,,09/01/2023,0,,,,,,0,0,0,0,0,0.000,3.757
1037268086770272,100064197037125,"PC Merchandise","ito na po yung ghost project🥲",,77,"09/15/2023 19:01",,https://www.facebook.com/reel/1810659897329301/,0,0,Reels,,,,,09/02/2023,0,,,,,,0,0,0,0,0,0.000,2.087
1037268086770272,100064197037125,"PC Merchandise","ito na po yung ghost project🥲",,77,"09/15/2023 19:01",,https://www.facebook.com/reel/1810659897329301/,0,0,Reels,,,,,09/03/2023,0,,,,,,0,0,0,0,0,0.000,3.468
1037268086770272,100064197037125,"PC Merchandise","ito na po yung ghost project🥲",,77,"09/15/2023 19:01",,https://www.facebook.com/reel/1810659897329301/,0,0,Reels,,,,,09/04/2023,0,,,,,,0,0,0,0,0,0.000,2.988
1037268086770272,100064197037125,"PC Merchandise","ito na po yung ghost project🥲",,77,"09/15/2023 19:01",,https://www.facebook.com/reel/1810659897329301/,0,0,Reels,,,,,09/05/2023,0,,,,,,0,0,0,0,0,0.000,1.947
1037268086770272,100064197037125,"PC Merchandise","ito na po yung ghost project🥲",,77,"09/15/2023 19:01",,https://www.facebook.com/reel/1810659897329301/,0,0,Reels,,,,,09/06/2023,0,,,,,,0,0,0,0,0,0.000,3.506
1037268086770272,100064197037125,"PC Merchandise","ito na po yung ghost project🥲",,77,"09/15/2023 19:01",,https://www.facebook.com/reel/1810659897329301/,0,0,Reels,,,,,09/07/2023,0,,,,,,0,0,0,0,0,0.000,1.954
1037268086770272,100064197037125,"PC Merchandise","ito na po yung ghost project🥲",,77,"09/15/2023 19:01",,https://www.facebook.com/reel/1810659897329301/,0,0,Reels,,,,,09/08/2023,0,,,,,,0,0,0,0,0,0.000,3.335
1037268086770272,100064197037125,"PC Merchandise","ito na po yung ghost project🥲",,77,"09/15/2023 19:01",,https://www.facebook.com/reel/1810659897329301/,0,0,Reels,,,,,09/09/2023,0,,,,,,0,0,0,0,0,0.000,1.882
1037268086770272,100064197037125,"PC Merchandise","ito na po yung ghost project🥲",,77,"09/15/2023 19:01",,https://www.facebook.com/reel/1810659897329301/,0,0,Reels,,,,,09/10/2023,0,,,,,,0,0,0,0,0,0.000,3.928
1037268086770272,100064197037125,"PC Merchandise","ito na po yung ghost project🥲",,77,"09/15/2023 19:01",,https://www.facebook.com/reel/1810659897329301/,0,0,Reels,,,,,09/11/2023,0,,,,,,0,0,0,0,0,0.000,2.262
1037268086770272,100064197037125,"PC Merchandise","ito na po yung ghost project🥲",,77,"09/15/2023 19:01",,https://www.facebook.com/reel/1810659897329301/,0,0,Reels,,,,,09/12/2023,0,,,,,,0,0,0,0,0,0.000,3.617
1037268086770272,100064197037125,"PC Merchandise","ito na po yung ghost project🥲",,77,"09/15/2023 19:01",,https://www.facebook.com/reel/1810659897329301/,0,0,Reels,,,,,09/13/2023,0,,,,,,0,0,0,0,0,0.000,3.136
1037268086770272,100064197037125,"PC Merchandise","ito na po yung ghost project🥲",,77,"09/15/2023 19:01",,https://www.facebook.com/reel/1810659897329301/,0,0,Reels,,,,,09/14/2023,0,,,,,,0,0,0,0,0,0.000,3.240
1037268086770272,100064197037125,"PC Merchandise","ito na po yung ghost project🥲",,77,"09/15/2023 19:01",,https://www.facebook.com/reel/1810659897329301/,0,0,Reels,,,,,09/15/2023,0,,,,,,0,0,0,0,0,400.456,3.632
1037268086770272,100064197037125,"PC Merchandise","ito na po yung ghost project🥲",,77,"09/15/2023 19:01",,https://www.facebook.com/reel/1810659897329301/,0,0,Reels,,,,,09/16/2023,0,,,,,,0,0,0,0,0,300.561,2.597
1037268086770272,100064197037125,"PC Merchandise","ito na po yung ghost project🥲",,77,"09/15/2023 19:01",,https://www.facebook.com/reel/1810659897329301/,0,0,Reels,,,,,09/17/2023,0,,,,,,0,0,0,0,0,169.563,3.728
1037268086770272,100064197037125,"PC Merchandise","ito na po yung ghost project🥲",,77,"09/15/2023 19:01",,https://www.facebook.com/reel/1810659897329301/,0,0,Reels,,,,,09/18/2023,0,,,,,,0,0,0,0,0,159.495,2.333
1037268086770272,100064197037125,"PC Merchandise","ito na po yung ghost project🥲",,77,"09/15/2023 19:01",,https://www.facebook.com/reel/1810659897329301/,0,0,Reels,,,,,09/19/2023,0,,,,,,0,0,0,0,0,107.427,2.766
1037268086770272,100064197037125,"PC Merchandise","ito na po yung ghost project🥲",,77,"09/15/2023 19:01",,https://www.facebook.com/reel/1810659897329301/,0,0,Reels,,,,,09/20/2023,0,,,,,,0,0,0,0,0,80.472,3.333
1037268086770272,100064197037125,"PC Merchandise","ito na po yung ghost project🥲",,77,"09/15/2023 19:01",,https://www.facebook.com/reel/1810659897329301/,0,0,Reels,,,,,09/21/2023,0,,,,,,0,0,0,0,0,64.730,1.542
1037268086770272,100064197037125,"PC Merchandise","ito na po yung ghost project🥲",,77,"09/15/2023 19:01",,https://www.facebook.com/reel/1810659897329301/,0,0,Reels,,,,,09/22/2023,0,,,,,,0,0,0,0,0,107.211,4.270
1037268086770272,100064197037125,"PC Merchandise","ito na po yung ghost project🥲",,77,"09/15/2023 19:01",,https://www.facebook.com/reel/1810659897329301/,0,0,Reels,,,,,09/23/2023,0,,,,,,0,0,0,0,0,84.705,2.796
1037268086770272,100064197037125,"PC Merchandise","ito na po yung ghost project🥲",,77,"09/15/2023 19:01",,https://www.facebook.com/reel/1810659897329301/,0,0,Reels,,,,,09/24/2023,0,,,,,,0,0,0,0,0,35.605,2.245
1037268086770272,100064197037125,"PC Merchandise","ito na po yung ghost project🥲",,77,"09/15/2023 19:01",,https://www.facebook.com/reel/1810659897329301/,0,0,Reels,,,,,09/25/2023,0,,,,,,0,0,0,0,0,50.786,2.559
1037268086770272,100064197037125,"PC Merchandise","ito na po yung ghost project🥲",,77,"09/15/2023 19:01",,https://www.facebook.com/reel/1810659897329301/,0,0,Reels,,,,,09/26/2023,0,,,,,,0,0,0,0,0,15.896,2.855
1037268086770272,100064197037125,"PC Merchandise","ito na po yung ghost project🥲",,77,"09/15/2023 19:01",,https://www.facebook.com/reel/1810659897329301/,0,0,Reels,,,,,09/27/2023,0,,,,,,0,0,0,0,0,14.194,3.036
1037268086770272,100064197037125,"PC Merchandise","ito na po yung ghost project🥲",,77,"09/15/2023 19:01",,https://www.facebook.com/reel/1810659897329301/,0,0,Reels,,,,,09/28/2023,0,,,,,,0,0,0,0,0,19.485,2.784
1037268086770272,100064197037125,"PC Merchandise","ito na po yung ghost project🥲",,77,"09/15/2023 19:01",,https://www.facebook.com/reel/1810659897329301/,0,0,Reels,,,,,09/29/2023,0,,,,,,0,0,0,0,0,35.355,3.037
1037268086770272,100064197037125,"PC Merchandise","ito na po yung ghost project🥲",,77,"09/15/2023 19:01",,https://www.facebook.com/reel/1810659897329301/,0,0,Reels,,,,,09/30/2023,0,,,,,,0,0,0,0,0,13.226,2.964
1037116054839121,100064197037125,"PC Merchandise","BUDGET BUILD ALERT 🚨 i5 12400F + RX 6600 — perfect for online class and gaming!",,49,"09/15/2023 19:00",,https://www.facebook.com/reel/1815024322075715/,0,0,Reels,,,,,09/01/2023,0,,,,,,0,0,0,0,0,0.000,2.527
1037116054839121,100064197037125,"PC Merchandise","BUDGET BUILD ALERT 🚨 i5 12400F + RX 6600 — perfect for online class and gaming!",,49,"09/15/2023 19:00",,https://www.facebook.com/reel/1815024322075715/,0,0,Reels,,,,,09/02/2023,0,,,,,,0,0,0,0,0,0.000,1.867
1037116054839121,100064197037125,"PC Merchandise","BUDGET BUILD ALERT 🚨 i5 12400F + RX 6600 — perfect for online class and gaming!",,49,"09/15/2023 19:00",,https://www.facebook.com/reel/1815024322075715/,0,0,Reels,,,,,09/03/2023,0,,,,,,0,0,0,0,0,0.000,2.203
1037116054839121,100064197037125,"PC Merchandise","BUDGET BUILD ALERT 🚨 i5 12400F + RX 6600 — perfect for online class and gaming!",,49,"09/15/2023 19:00",,https://www.facebook.com/reel/1815024322075715/,0,0,Reels,,,,,09/04/2023,0,,,,,,0,0,0,0,0,0.000,1.947
1037116054839121,100064197037125,"PC Merchandise","BUDGET BUILD ALERT 🚨 i5 12400F + RX 6600 — perfect for online class and gaming!",,49,"09/15/2023 19:00",,https://www.facebook.com/reel/1815024322075715/,0,0,Reels,,,,,09/05/2023,0,,,,,,0,0,0,0,0,0.000,1.600
1037116054839121,100064197037125,"PC Merchandise","BUDGET BUILD ALERT 🚨 i5 12400F + RX 6600 — perfect for online class and gaming!",,49,"09/15/2023 19:00",,https://www.facebook.com/reel/1815024322075715/,0,0,Reels,,,,,09/06/2023,0,,,,,,0,0,0,0,0,0.000,3.299
1037116054839121,100064197037125,"PC Merchandise","BUDGET BUILD ALERT 🚨 i5 12400F + RX 6600 — perfect for online class and gaming!",,49,"09/15/2023 19:00",,https://www.facebook.com/reel/1815024322075715/,0,0,Reels,,,,,09/07/2023,0,,,,,,0,0,0,0,0,0.000,3.775
1037116054839121,100064197037125,"PC Merchandise","BUDGET BUILD ALERT 🚨 i5 12400F + RX 6600 — perfect for online class and gaming!",,49,"09/15/2023 19:00",,https://www.facebook.com/reel/1815024322075715/,0,0,Reels,,,,,09/08/2023,0,,,,,,0,0,0,0,0,0.000,3.202
1037116054839121,100064197037125,"PC Merchandise","BUDGET BUILD ALERT 🚨 i5 12400F + RX 6600 — perfect for online class and gaming!",,49,"09/15/2023 19:00",,https://www.facebook.com/reel/1815024322075715/,0,0,Reels,,,,,09/09/2023,0,,,,,,0,0,0,0,0,0.000,2.004
1037116054839121,100064197037125,"PC Merchandise","BUDGET BUILD ALERT 🚨 i5 12400F + RX 6600 — perfect for online class and gaming!",,49,"09/15/2023 19:00",,https://www.facebook.com/reel/1815024322075715/,0,0,Reels,,,,,09/10/2023,0,,,,,,0,0,0,0,0,0.000,3.509
1037116054839121,100064197037125,"PC Merchandise","BUDGET BUILD ALERT 🚨 i5 12400F + RX 6600 — perfect for online class and gaming!",,49,"09/15/2023 19:00",,https://www.facebook.com/reel/1815024322075715/,0,0,Reels,,,,,09/11/2023,0,,,,,,0,0,0,0,0,0.000,2.169
1037116054839121,100064197037125,"PC Merchandise","BUDGET BUILD ALERT 🚨 i5 12400F + RX 6600 — perfect for online class and gaming!",,49,"09/15/2023 19:00",,https://www.facebook.com/reel/1815024322075715/,0,0,Reels,,,,,09/12/2023,0,,,,,,0,0,0,0,0,0.000,3.960
1037116054839121,100064197037125,"PC Merchandise","BUDGET BUILD ALERT 🚨 i5 12400F + RX 6600 — perfect for online class and gaming!",,49,"09/15/2023 19:00",,https://www.facebook.com/reel/1815024322075715/,0,0,Reels,,,,,09/13/2023,0,,,,,,0,0,0,0,0,0.000,2.142
1037116054839121,100064197037125,"PC Merchandise","BUDGET BUILD ALERT 🚨 i5 12400F + RX 6600 — perfect for online class and gaming!",,49,"09/15/2023 19:00",,https://www.facebook.com/reel/1815024322075715/,0,0,Reels,,,,,09/14/2023,0,,,,,,0,0,0,0,0,0.000,2.596
1037116054839121,100064197037125,"PC Merchandise","BUDGET BUILD ALERT 🚨 i5 12400F + RX 6600 — perfect for online class and gaming!",,49,"09/15/2023 19:00",,https://www.facebook.com/reel/1815024322075715/,0,0,Reels,,,,,09/15/2023,0,,,,,,0,0,1,1,0,99.221,2.197
1037116054839121,100064197037125,"PC Merchandise","BUDGET BUILD ALERT 🚨 i5 12400F + RX 6600 — perfect for online class and gaming!",,49,"09/15/2023 19:00",,https://www.facebook.com/reel/1815024322075715/,0,0,Reels,,,,,09/16/2023,0,,,,,,0,0,0,0,0,97.318,2.345
1037116054839121,100064197037125,"PC Merchandise","BUDGET BUILD ALERT 🚨 i5 12400F + RX 6600 — perfect for online class and gaming!",,49,"09/15/2023 19:00",,https://www.facebook.com/reel/1815024322075715/,0,0,Reels,,,,,09/17/2023,0,,,,,,0,0,1,1,0,200.086,2.371
1037116054839121,100064197037125,"PC Merchandise","BUDGET BUILD ALERT 🚨 i5 12400F + RX 6600 — perfect for online class and gaming!",,49,"09/15/2023 19:00",,https://www.facebook.com/reel/1815024322075715/,0,0,Reels,,,,,09/18/2023,0,,,,,,0,0,0,0,0,105.372,1.500
1037116054839121,100064197037125,"PC Merchandise","BUDGET BUILD ALERT 🚨 i5 12400F + RX 6600 — perfect for online class and gaming!",,49,"09/15/2023 19:00",,https://www.facebook.com/reel/1815024322075715/,0,0,Reels,,,,,09/19/2023,0,,,,,,0,0,1,1,0,30.661,3.010
1037116054839121,100064197037125,"PC Merchandise","BUDGET BUILD ALERT 🚨 i5 12400F + RX 6600 — perfect for online class and gaming!",,49,"09/15/2023 19:00",,https://www.facebook.com/reel/1815024322075715/,0,0,Reels,,,,,09/20/2023,0,,,,,,0,0,0,0,0,24.613,2.598
1037116054839121,100064197037125,"PC Merchandise","BUDGET BUILD ALERT 🚨 i5 12400F + RX 6600 — perfect for online class and gaming!",,49,"09/15/2023 19:00",,https://www.facebook.com/reel/1815024322075715/,0,0,Reels,,,,,09/21/2023,0,,,,,,0,0,0,0,0,41.242,1.904
1037116054839121,100064197037125,"PC Merchandise","BUDGET BUILD ALERT 🚨 i5 12400F + RX 6600 — perfect for online class and gaming!",,49,"09/15/2023 19:00",,https://www.facebook.com/reel/1815024322075715/,0,0,Reels,,,,,09/22/2023,0,,,,,,0,0,0,0,0,13.123,2.233
1037116054839121,100064197037125,"PC Merchandise","BUDGET BUILD ALERT 🚨 i5 12400F + RX 6600 — perfect for online class and gaming!",,49,"09/15/2023 19:00",,https://www.facebook.com/reel/1815024322075715/,0,0,Reels,,,,,09/23/2023,0,,,,,,0,0,0,0,0,25.285,3.217
1037116054839121,100064197037125,"PC Merchandise","BUDGET BUILD ALERT 🚨 i5 12400F + RX 6600 — perfect for online class and gaming!",,49,"09/15/2023 19:00",,https://www.facebook.com/reel/1815024322075715/,0,0,Reels,,,,,09/24/2023,0,,,,,,0,0,0,0,0,30.235,2.387
1037116054839121,100064197037125,"PC Merchandise","BUDGET BUILD ALERT 🚨 i5 12400F + RX 6600 — perfect for online class and gaming!",,49,"09/15/2023 19:00",,https://www.facebook.com/reel/1815024322075715/,0,0,Reels,,,,,09/25/2023,0,,,,,,0,0,0,0,0,15.798,2.635
1037116054839121,100064197037125,"PC Merchandise","BUDGET BUILD ALERT 🚨 i5 12400F + RX 6600 — perfect for online class and gaming!",,49,"09/15/2023 19:00",,https://www.facebook.com/reel/1815024322075715/,0,0,Reels,,,,,09/26/2023,0,,,,,,0,0,0,0,0,13.985,2.436
1037116054839121,100064197037125,"PC Merchandise","BUDGET BUILD ALERT 🚨 i5 12400F + RX 6600 — perfect for online class and gaming!",,49,"09/15/2023 19:00",,https://www.facebook.com/reel/1815024322075715/,0,0,Reels,,,,,09/27/2023,0,,,,,,0,0,0,0,0,9.881,1.555
1037116054839121,100064197037125,"PC Merchandise","BUDGET BUILD ALERT 🚨 i5 12400F + RX 6600 — perfect for online class and gaming!",,49,"09/15/2023 19:00",,https://www.facebook.com/reel/1815024322075715/,0,0,Reels,,,,,09/28/2023,0,,,,,,0,0,0,0,0,26.298,2.366
1037116054839121,100064197037125,"PC Merchandise","BUDGET BUILD ALERT 🚨 i5 12400F + RX 6600 — perfect for online class and gaming!",,49,"09/15/2023 19:00",,https://www.facebook.com/reel/1815024322075715/,0,0,Reels,,,,,09/29/2023,0,,,,,,0,0,0,0,0,11.257,3.038
1037116054839121,100064197037125,"PC Merchandise","BUDGET BUILD ALERT 🚨 i5 12400F + RX 6600 — perfect for online class and gaming!",,49,"09/15/2023 19:00",,https://www.facebook.com/reel/1815024322075715/,0,0,Reels,,,,,09/30/2023,0,,,,,,0,0,0,0,0,10.611,3.960
1037308707465818,100064197037125,"PC Merchandise","Salamat sa tiwala boss JM! RYZEN 5 4600G comshop package — 4 units delivered ✅",,0,"09/15/2023 17:00",,https://www.facebook.com/pcmerchandise.co/posts/pfbid07p8ivYQzfXYkw3tn4UE1VNkfO2tdwSCJEKd7EecuDG1jjAf0flBkCf1s,0,0,Photos,,,,,09/30/2023,0,,,,,,,,,,,,
1037308707465818,100064197037125,"PC Merchandise","Salamat sa tiwala boss JM! RYZEN 5 4600G comshop package — 4 units delivered ✅",,0,"09/15/2023 17:00",,https://www.facebook.com/pcmerchandise.co/posts/pfbid07p8ivYQzfXYkw3tn4UE1VNkfO2tdwSCJEKd7EecuDG1jjAf0flBkCf1s,0,0,Photos,,,,,09/01/2023,,,0,0,0,0,0,0,,,,,
1037308707465818,100064197037125,"PC Merchandise","Salamat sa tiwala boss JM! RYZEN 5 4600G comshop package — 4 units delivered ✅",,0,"09/15/2023 17:00",,https://www.facebook.com/pcmerchandise.co/posts/pfbid07p8ivYQzfXYkw3tn4UE1VNkfO2tdwSCJEKd7EecuDG1jjAf0flBkCf1s,0,0,Photos,,,,,09/02/2023,,,0,0,0,0,0,0,,,,,
1037308707465818,100064197037125,"PC Merchandise","Salamat sa tiwala boss JM! RYZEN 5 4600G comshop package — 4 units delivered ✅",,0,"09/15/2023 17:00",,https://www.facebook.com/pcmerchandise.co/posts/pfbid07p8ivYQzfXYkw3tn4UE1VNkfO2tdwSCJEKd7EecuDG1jjAf0flBkCf1s,0,0,Photos,,,,,09/03/2023,,,0,0,0,0,0,0,,,,,
1037308707465818,100064197037125,"PC Merchandise","Salamat sa tiwala boss JM! RYZEN 5 4600G comshop package — 4 units delivered ✅",,0,"09/15/2023 17:00",,https://www.facebook.com/pcmerchandise.co/posts/pfbid07p8ivYQzfXYkw3tn4UE1VNkfO2tdwSCJEKd7EecuDG1jjAf0flBkCf1s,0,0,Photos,,,,,09/04/2023,,,0,0,0,0,0,0,,,,,
1037308707465818,100064197037125,"PC Merchandise","Salamat sa tiwala boss JM! RYZEN 5 4600G comshop package — 4 units delivered ✅",,0,"09/15/2023 17:00",,https://www.facebook.com/pcmerchandise.co/posts/pfbid07p8ivYQzfXYkw3tn4UE1VNkfO2tdwSCJEKd7EecuDG1jjAf0flBkCf1s,0,0,Photos,,,,,09/05/2023,,,0,0,0,0,0,0,,,,,
1037308707465818,100064197037125,"PC Merchandise","Salamat sa tiwala boss JM! RYZEN 5 4600G comshop package — 4 units delivered ✅",,0,"09/15/2023 17:00",,https://www.facebook.com/pcmerchandise.co/posts/pfbid07p8ivYQzfXYkw3tn4UE1VNkfO2tdwSCJEKd7EecuDG1jjAf0flBkCf1s,0,0,Photos,,,,,09/06/2023,,,0,0,0,0,0,0,,,,,
1037308707465818,100064197037125,"PC Merchandise","Salamat sa tiwala boss JM! RYZEN 5 4600G comshop package — 4 units delivered ✅",,0,"09/15/2023 17:00",,https://www.facebook.com/pcmerchandise.co/posts/pfbid07p8ivYQzfXYkw3tn4UE1VNkfO2tdwSCJEKd7EecuDG1jjAf0flBkCf1s,0,0,Photos,,,,,09/07/2023,,,0,0,0,0,0,0,,,,,
1037308707465818,100064197037125,"PC Merchandise","Salamat sa tiwala boss JM! RYZEN 5 4600G comshop package — 4 units delivered ✅",,0,"09/15/2023 17:00",,https://www.facebook.com/pcmerchandise.co/posts/pfbid07p8ivYQzfXYkw3tn4UE1VNkfO2tdwSCJEKd7EecuDG1jjAf0flBkCf1s,0,0,Photos,,,,,09/08/2023,,,0,0,0,0,0,0,,,,,
1037308707465818,100064197037125,"PC Merchandise","Salamat sa tiwala boss JM! RYZEN 5 4600G comshop package — 4 units delivered ✅",,0,"09/15/2023 17:00",,https://www.facebook.com/pcmerchandise.co/posts/pfbid07p8ivYQzfXYkw3tn4UE1VNkfO2tdwSCJEKd7EecuDG1jjAf0flBkCf1s,0,0,Photos,,,,,09/09/2023,,,0,0,0,0,0,0,,,,,
1037308707465818,100064197037125,"PC Merchandise","Salamat sa tiwala boss JM! RYZEN 5 4600G comshop package — 4 units delivered ✅",,0,"09/15/2023 17:00",,https://www.facebook.com/pcmerchandise.co/posts/pfbid07p8ivYQzfXYkw3tn4UE1VNkfO2tdwSCJEKd7EecuDG1jjAf0flBkCf1s,0,0,Photos,,,,,09/10/2023,,,0,0,0,0,0,0,,,,,
1037308707465818,100064197037125,"PC Merchandise","Salamat sa tiwala boss JM! RYZEN 5 4600G comshop package — 4 units delivered ✅",,0,"09/15/2023 17:00",,https://www.facebook.com/pcmerchandise.co/posts/pfbid07p8ivYQzfXYkw3tn4UE1VNkfO2tdwSCJEKd7EecuDG1jjAf0flBkCf1s,0,0,Photos,,,,,09/11/2023,,,0,0,0,0,0,0,,,,,
1037308707465818,100064197037125,"PC Merchandise","Salamat sa tiwala boss JM! RYZEN 5 4600G comshop package — 4 units delivered ✅",,0,"09/15/2023 17:00",,https://www.facebook.com/pcmerchandise.co/posts/pfbid07p8ivYQzfXYkw3tn4UE1VNkfO2tdwSCJEKd7EecuDG1jjAf0flBkCf1s,0,0,Photos,,,,,09/12/2023,,,0,0,0,0,0,0,,,,,
1037308707465818,100064197037125,"PC Merchandise","Salamat sa tiwala boss JM! RYZEN 5 4600G comshop package — 4 units delivered ✅",,0,"09/15/2023 17:00",,https://www.facebook.com/pcmerchandise.co/posts/pfbid07p8ivYQzfXYkw3tn4UE1VNkfO2tdwSCJEKd7EecuDG1jjAf0flBkCf1s,0,0,Photos,,,,,09/13/2023,,,0,0,0,0,0,0,,,,,
1037308707465818,100064197037125,"PC Merchandise","Salamat sa tiwala boss JM! RYZEN 5 4600G comshop package — 4 units delivered ✅",,0,"09/15/2023 17:00",,https://www.facebook.com/pcmerchandise.co/posts/pfbid07p8ivYQzfXYkw3tn4UE1VNkfO2tdwSCJEKd7EecuDG1jjAf0flBkCf1s,0,0,Photos,,,,,09/14/2023,,,0,0,0,0,0,0,,,,,
1037308707465818,100064197037125,"PC Merchandise","Salamat sa tiwala boss JM! RYZEN 5 4600G comshop package — 4 units delivered ✅",,0,"09/15/2023 17:00",,https://www.facebook.com/pcmerchandise.co/posts/pfbid07p8ivYQzfXYkw3tn4UE1VNkfO2tdwSCJEKd7EecuDG1jjAf0flBkCf1s,0,0,Photos,,,,,09/15/2023,,,0,0,0,0,0,0,,,,,
1037308707465818,100064197037125,"PC Merchandise","Salamat sa tiwala boss JM! RYZEN 5 4600G comshop package — 4 units delivered ✅",,0,"09/15/2023 17:00",,https://www.facebook.com/pcmerchandise.co/posts/pfbid07p8ivYQzfXYkw3tn4UE1VNkfO2tdwSCJEKd7EecuDG1jjAf0flBkCf1s,0,0,Photos,,,,,09/16/2023,,,0,0,0,0,0,0,,,,,
1037308707465818,100064197037125,"PC Merchandise","Salamat sa tiwala boss JM! RYZEN 5 4600G comshop package — 4 units delivered ✅",,0,"09/15/2023 17:00",,https://www.facebook.com/pcmerchandise.co/posts/pfbid07p8ivYQzfXYkw3tn4UE1VNkfO2tdwSCJEKd7EecuDG1jjAf0flBkCf1s,0,0,Photos,,,,,09/17/2023,,,0,0,0,0,0,0,,,,,
1037308707465818,100064197037125,"PC Merchandise","Salamat sa tiwala boss JM! RYZEN 5 4600G comshop package — 4 units delivered ✅",,0,"09/15/2023 17:00",,https://www.facebook.com/pcmerchandise.co/posts/pfbid07p8ivYQzfXYkw3tn4UE1VNkfO2tdwSCJEKd7EecuDG1jjAf0flBkCf1s,0,0,Photos,,,,,09/18/2023,,,0,0,0,0,0,0,,,,,
1037308707465818,100064197037125,"PC Merchandise","Salamat sa tiwala boss JM! RYZEN 5 4600G comshop package — 4 units delivered ✅",,0,"09/15/2023 17:00",,https://www.facebook.com/pcmerchandise.co/posts/pfbid07p8ivYQzfXYkw3tn4UE1VNkfO2tdwSCJEKd7EecuDG1jjAf0flBkCf1s,0,0,Photos,,,,,09/19/2023,,,0,0,0,0,0,0,,,,,
1037308707465818,100064197037125,"PC Merchandise","Salamat sa tiwala boss JM! RYZEN 5 4600G comshop package — 4 units delivered ✅",,0,"09/15/2023 17:00",,https://www.facebook.com/pcmerchandise.co/posts/pfbid07p8ivYQzfXYkw3tn4UE1VNkfO2tdwSCJEKd7EecuDG1jjAf0flBkCf1s,0,0,Photos,,,,,09/20/2023,,,0,0,0,0,0,0,,,,,
1037308707465818,100064197037125,"PC Merchandise","Salamat sa tiwala boss JM! RYZEN 5 4600G comshop package — 4 units delivered ✅",,0,"09/15/2023 17:00",,https://www.facebook.com/pcmerchandise.co/posts/pfbid07p8ivYQzfXYkw3tn4UE1VNkfO2tdwSCJEKd7EecuDG1jjAf0flBkCf1s,0,0,Photos,,,,,09/21/2023,,,0,0,0,0,0,0,,,,,
1037308707465818,100064197037125,"PC Merchandise","Salamat sa tiwala boss JM! RYZEN 5 4600G comshop package — 4 units delivered ✅",,0,"09/15/2023 17:00",,https://www.facebook.com/pcmerchandise.co/posts/pfbid07p8ivYQzfXYkw3tn4UE1VNkfO2tdwSCJEKd7EecuDG1jjAf0flBkCf1s,0,0,Photos,,,,,09/22/2023,,,0,0,0,0,0,0,,,,,
1037308707465818,100064197037125,"PC Merchandise","Salamat sa tiwala boss JM! RYZEN 5 4600G comshop package — 4 units delivered ✅",,0,"09/15/2023 17:00",,https://www.facebook.com/pcmerchandise.co/posts/pfbid07p8ivYQzfXYkw3tn4UE1VNkfO2tdwSCJEKd7EecuDG1jjAf0flBkCf1s,0,0,Photos,,,,,09/23/2023,,,0,0,0,0,0,0,,,,,
1037308707465818,100064197037125,"PC Merchandise","Salamat sa tiwala boss JM! RYZEN 5 4600G comshop package — 4 units delivered ✅",,0,"09/15/2023 17:00",,https://www.facebook.com/pcmerchandise.co/posts/pfbid07p8ivYQzfXYkw3tn4UE1VNkfO2tdwSCJEKd7EecuDG1jjAf0flBkCf1s,0,0,Photos,,,,,09/24/2023,,,0,0,0,0,0,0,,,,,
1037308707465818,100064197037125,"PC Merchandise","Salamat sa tiwala boss JM! RYZEN 5 4600G comshop package — 4 units delivered ✅",,0,"09/15/2023 17:00",,https://www.facebook.com/pcmerchandise.co/posts/pfbid07p8ivYQzfXYkw3tn4UE1VNkfO2tdwSCJEKd7EecuDG1jjAf0flBkCf1s,0,0,Photos,,,,,09/25/2023,,,0,0,0,0,0,0,,,,,
1037308707465818,100064197037125,"PC Merchandise","Salamat sa tiwala boss JM! RYZEN 5 4600G comshop package — 4 units delivered ✅",,0,"09/15/2023 17:00",,https://www.facebook.com/pcmerchandise.co/posts/pfbid07p8ivYQzfXYkw3tn4UE1VNkfO2tdwSCJEKd7EecuDG1jjAf0flBkCf1s,0,0,Photos,,,,,09/26/2023,,,0,0,0,0,0,0,,,,,
1037308707465818,100064197037125,"PC Merchandise","Salamat sa tiwala boss JM! RYZEN 5 4600G comshop package — 4 units delivered ✅",,0,"09/15/2023 17:00",,https://www.facebook.com/pcmerchandise.co/posts/pfbid07p8ivYQzfXYkw3tn4UE1VNkfO2tdwSCJEKd7EecuDG1jjAf0flBkCf1s,0,0,Photos,,,,,09/27/2023,,,0,0,0,0,0,0,,,,,
1037308707465818,100064197037125,"PC Merchandise","Salamat sa tiwala boss JM! RYZEN 5 4600G comshop package — 4 units delivered ✅",,0,"09/15/2023 17:00",,https://www.facebook.com/pcmerchandise.co/posts/pfbid07p8ivYQzfXYkw3tn4UE1VNkfO2tdwSCJEKd7EecuDG1jjAf0flBkCf1s,0,0,Photos,,,,,09/28/2023,,,0,0,0,0,0,0,,,,,
1037308707465818,100064197037125,"PC Merchandise","Salamat sa tiwala boss JM! RYZEN 5 4600G comshop package — 4 units delivered ✅",,0,"09/15/2023 17:00",,https://www.facebook.com/pcmerchandise.co/posts/pfbid07p8ivYQzfXYkw3tn4UE1VNkfO2tdwSCJEKd7EecuDG1jjAf0flBkCf1s,0,0,Photos,,,,,09/29/2023,,,0,0,0,0,0,0,,,,,
1037308707465818,100064197037125,"PC Merchandise","Salamat sa tiwala boss JM! RYZEN 5 4600G comshop package — 4 units delivered ✅",,0,"09/15/2023 17:00",,https://www.facebook.com/pcmerchandise.co/posts/pfbid07p8ivYQzfXYkw3tn4UE1VNkfO2tdwSCJEKd7EecuDG1jjAf0flBkCf1s,0,0,Photos,,,,,09/30/2023,,,0,0,0,0,0,0,,,,,
1037040198329315,100064197037125,"PC Merchandise","Free deliver within Bacoor! RYZEN 5 5600G packages all-in na.",,52,"09/14/2023 20:01",mixed,https://www.facebook.com/reel/1553151885386595/,0,0,Reels,,,,,09/01/2023,0,,,,,,0,0,0,0,0,0.000,4.612
1037040198329315,100064197037125,"PC Merchandise","Free deliver within Bacoor! RYZEN 5 5600G packages all-in na.",,52,"09/14/2023 20:01",mixed,https://www.facebook.com/reel/1553151885386595/,0,0,Reels,,,,,09/02/2023,0,,,,,,0,0,0,0,0,0.000,5.165
1037040198329315,100064197037125,"PC Merchandise","Free deliver within Bacoor! RYZEN 5 5600G packages all-in na.",,52,"09/14/2023 20:01",mixed,https://www.facebook.com/reel/1553151885386595/,0,0,Reels,,,,,09/03/2023,0,,,,,,0,0,0,0,0,0.000,2.477
1037040198329315,100064197037125,"PC Merchandise","Free deliver within Bacoor! RYZEN 5 5600G packages all-in na.",,52,"09/14/2023 20:01",mixed,https://www.facebook.com/reel/1553151885386595/,0,0,Reels,,,,,09/04/2023,0,,,,,,0,0,0,0,0,0.000,4.041
1037040198329315,100064197037125,"PC Merchandise","Free deliver within Bacoor! RYZEN 5 5600G packages all-in na.",,52,"09/14/2023 20:01",mixed,https://www.facebook.com/reel/1553151885386595/,0,0,Reels,,,,,09/05/2023,0,,,,,,0,0,0,0,0,0.000,1.976
1037040198329315,100064197037125,"PC Merchandise","Free deliver within Bacoor! RYZEN 5 5600G packages all-in na.",,52,"09/14/2023 20:01",mixed,https://www.facebook.com/reel/1553151885386595/,0,0,Reels,,,,,09/06/2023,0,,,,,,0,0,0,0,0,0.000,2.697
1037040198329315,100064197037125,"PC Merchandise","Free deliver within Bacoor! RYZEN 5 5600G packages all-in na.",,52,"09/14/2023 20:01",mixed,https://www.facebook.com/reel/1553151885386595/,0,0,Reels,,,,,09/07/2023,0,,,,,,0,0,0,0,0,0.000,3.547
1037040198329315,100064197037125,"PC Merchandise","Free deliver within Bacoor! RYZEN 5 5600G packages all-in na.",,52,"09/14/2023 20:01",mixed,https://www.facebook.com/reel/1553151885386595/,0,0,Reels,,,,,09/08/2023,0,,,,,,0,0,0,0,0,0.000,4.727
1037040198329315,100064197037125,"PC Merchandise","Free deliver within Bacoor! RYZEN 5 5600G packages all-in na.",,52,"09/14/2023 20:01",mixed,https://www.facebook.com/reel/1553151885386595/,0,0,Reels,,,,,09/09/2023,0,,,,,,0,0,0,0,0,0.000,4.098
1037040198329315,100064197037125,"PC Merchandise","Free deliver within Bacoor! RYZEN 5 5600G packages all-in na.",,52,"09/14/2023 20:01",mixed,https://www.facebook.com/reel/1553151885386595/,0,0,Reels,,,,,09/10/2023,0,,,,,,0,0,0,0,0,0.000,3.511
1037040198329315,100064197037125,"PC Merchandise","Free deliver within Bacoor! RYZEN 5 5600G packages all-in na.",,52,"09/14/2023 20:01",mixed,https://www.facebook.com/reel/1553151885386595/,0,0,Reels,,,,,09/11/2023,0,,,,,,0,0,0,0,0,0.000,3.355
1037040198329315,100064197037125,"PC Merchandise","Free deliver within Bacoor! RYZEN 5 5600G packages all-in na.",,52,"09/14/2023 20:01",mixed,https://www.facebook.com/reel/1553151885386595/,0,0,Reels,,,,,09/12/2023,0,,,,,,0,0,0,0,0,0.000,3.668
1037040198329315,100064197037125,"PC Merchandise","Free deliver within Bacoor! RYZEN 5 5600G packages all-in na.",,52,"09/14/2023 20:01",mixed,https://www.facebook.com/reel/1553151885386595/,0,0,Reels,,,,,09/13/2023,0,,,,,,0,0,0,0,0,0.000,5.053
1037040198329315,100064197037125,"PC Merchandise","Free deliver within Bacoor! RYZEN 5 5600G packages all-in na.",,52,"09/14/2023 20:01",mixed,https://www.facebook.com/reel/1553151885386595/,0,0,Reels,,,,,09/14/2023,0,,,,,,0,0,0,0,0,79.293,3.525
1037040198329315,100064197037125,"PC Merchandise","Free deliver within Bacoor! RYZEN 5 5600G packages all-in na.",,52,"09/14/2023 20:01",mixed,https://www.facebook.com/reel/1553151885386595/,0,0,Reels,,,,,09/15/2023,0,,,,,,0,0,0,0,0,60.895,2.928
1037040198329315,100064197037125,"PC Merchandise","Free deliver within Bacoor! RYZEN 5 5600G packages all-in na.",,52,"09/14/2023 20:01",mixed,https://www.facebook.com/reel/1553151885386595/,0,0,Reels,,,,,09/16/2023,0,,,,,,0,0,1,1,0,44.911,4.439
1037040198329315,100064197037125,"PC Merchandise","Free deliver within Bacoor! RYZEN 5 5600G packages all-in na.",,52,"09/14/2023 20:01",mixed,https://www.facebook.com/reel/1553151885386595/,0,0,Reels,,,,,09/17/2023,0,,,,,,0,0,0,0,0,41.899,4.070
1037040198329315,100064197037125,"PC Merchandise","Free deliver within Bacoor! RYZEN 5 5600G packages all-in na.",,52,"09/14/2023 20:01",mixed,https://www.facebook.com/reel/1553151885386595/,0,0,Reels,,,,,09/18/2023,0,,,,,,0,0,0,0,0,22.510,2.660
1037040198329315,100064197037125,"PC Merchandise","Free deliver within Bacoor! RYZEN 5 5600G packages all-in na.",,52,"09/14/2023 20:01",mixed,https://www.facebook.com/reel/1553151885386595/,0,0,Reels,,,,,09/19/2023,0,,,,,,0,0,0,0,0,26.020,1.727
1037040198329315,100064197037125,"PC Merchandise","Free deliver within Bacoor! RYZEN 5 5600G packages all-in na.",,52,"09/14/2023 20:01",mixed,https://www.facebook.com/reel/1553151885386595/,0,0,Reels,,,,,09/20/2023,0,,,,,,0,0,0,0,0,15.964,4.003
1037040198329315,100064197037125,"PC Merchandise","Free deliver within Bacoor! RYZEN 5 5600G packages all-in na.",,52,"09/14/2023 20:01",mixed,https://www.facebook.com/reel/1553151885386595/,0,0,Reels,,,,,09/21/2023,0,,,,,,0,0,0,0,0,17.628,2.069
1037040198329315,100064197037125,"PC Merchandise","Free deliver within Bacoor! RYZEN 5 5600G packages all-in na.",,52,"09/14/2023 20:01",mixed,https://www.facebook.com/reel/1553151885386595/,0,0,Reels,,,,,09/22/2023,0,,,,,,0,0,0,0,0,8.415,5.107
1037040198329315,100064197037125,"PC Merchandise","Free deliver within Bacoor! RYZEN 5 5600G packages all-in na.",,52,"09/14/2023 20:01",mixed,https://www.facebook.com/reel/1553151885386595/,0,0,Reels,,,,,09/23/2023,0,,,,,,0,0,0,0,0,4.712,3.217
1037040198329315,100064197037125,"PC Merchandise","Free deliver within Bacoor! RYZEN 5 5600G packages all-in na.",,52,"09/14/2023 20:01",mixed,https://www.facebook.com/reel/1553151885386595/,0,0,Reels,,,,,09/24/2023,0,,,,,,0,0,0,0,0,6.869,4.711
1037040198329315,100064197037125,"PC Merchandise","Free deliver within Bacoor! RYZEN 5 5600G packages all-in na.",,52,"09/14/2023 20:01",mixed,https://www.facebook.com/reel/1553151885386595/,0,0,Reels,,,,,09/25/2023,0,,,,,,0,0,0,0,0,6.356,3.765
1037040198329315,100064197037125,"PC Merchandise","Free deliver within Bacoor! RYZEN 5 5600G packages all-in na.",,52,"09/14/2023 20:01",mixed,https://www.facebook.com/reel/1553151885386595/,0,0,Reels,,,,,09/26/2023,0,,,,,,0,0,0,0,0,7.797,2.213
1037040198329315,100064197037125,"PC Merchandise","Free deliver within Bacoor! RYZEN 5 5600G packages all-in na.",,52,"09/14/2023 20:01",mixed,https://www.facebook.com/reel/1553151885386595/,0,0,Reels,,,,,09/27/2023,0,,,,,,0,0,0,0,0,3.946,3.655
1037040198329315,100064197037125,"PC Merchandise","Free deliver within Bacoor! RYZEN 5 5600G packages all-in na.",,52,"09/14/2023 20:01",mixed,https://www.facebook.com/reel/1553151885386595/,0,0,Reels,,,,,09/28/2023,0,,,,,,0,0,0,0,0,10.615,2.514
1037040198329315,100064197037125,"PC Merchandise","Free deliver within Bacoor! RYZEN 5 5600G packages all-in na.",,52,"09/14/2023 20:01",mixed,https://www.facebook.com/reel/1553151885386595/,0,0,Reels,,,,,09/29/2023,0,,,,,,0,0,0,0,0,4.748,2.953
1037040198329315,100064197037125,"PC Merchandise","Free deliver within Bacoor! RYZEN 5 5600G packages all-in na.",,52,"09/14/2023 20:01",mixed,https://www.facebook.com/reel/1553151885386595/,0,0,Reels,,,,,09/30/2023,0,,,,,,0,0,0,0,0,6.135,4.028
1036943855066095,100064197037125,"PC Merchandise","𝐢𝟑 𝟏𝟐𝟏𝟎𝟎𝐅
𝐂𝐎𝐌𝐒𝐇𝐎𝐏 𝐏𝐀𝐂𝐊𝐀𝐆𝐄
#PCMERCHANDISE #PCMBUILDS",,0,"09/14/2023 19:56",,https://www.facebook.com/pcmerchandise.co/posts/pfbid0xJCa891ystEaBhuOCV4r9FxS1EHKcZ3J720ixwwoViNHipY3GS0QZUGi,0,0,Photos,,,,,09/30/2023,1,,,,,,,,,,,,
1036943855066095,100064197037125,"PC Merchandise","𝐢𝟑 𝟏𝟐𝟏𝟎𝟎𝐅
𝐂𝐎𝐌𝐒𝐇𝐎𝐏 𝐏𝐀𝐂𝐊𝐀𝐆𝐄
#PCMERCHANDISE #PCMBUILDS",,0,"09/14/2023 19:56",,https://www.facebook.com/pcmerchandise.co/posts/pfbid0xJCa891ystEaBhuOCV4r9FxS1EHKcZ3J720ixwwoViNHipY3GS0QZUGi,0,0,Photos,,,,,09/01/2023,,,0,0,0,0,0,0,,,,,
1036943855066095,100064197037125,"PC Merchandise","𝐢𝟑 𝟏𝟐𝟏𝟎𝟎𝐅
𝐂𝐎𝐌𝐒𝐇𝐎𝐏 𝐏𝐀𝐂𝐊𝐀𝐆𝐄
#PCMERCHANDISE #PCMBUILDS",,0,"09/14/2023 19:56",,https://www.facebook.com/pcmerchandise.co/posts/pfbid0xJCa891ystEaBhuOCV4r9FxS1EHKcZ3J720ixwwoViNHipY3GS0QZUGi,0,0,Photos,,,,,09/02/2023,,,0,0,0,0,0,0,,,,,
1036943855066095,100064197037125,"PC Merchandise","𝐢𝟑 𝟏𝟐𝟏𝟎𝟎𝐅
𝐂𝐎𝐌𝐒𝐇𝐎𝐏 𝐏𝐀𝐂𝐊𝐀𝐆𝐄
#PCMERCHANDISE #PCMBUILDS",,0,"09/14/2023 19:56",,https://www.facebook.com/pcmerchandise.co/posts/pfbid0xJCa891ystEaBhuOCV4r9FxS1EHKcZ3J720ixwwoViNHipY3GS0QZUGi,0,0,Photos,,,,,09/03/2023,,,0,0,0,0,0,0,,,,,
1036943855066095,100064197037125,"PC Merchandise","𝐢𝟑 𝟏𝟐𝟏𝟎𝟎𝐅
𝐂𝐎𝐌𝐒𝐇𝐎𝐏 𝐏𝐀𝐂𝐊𝐀𝐆𝐄
#PCMERCHANDISE #PCMBUILDS",,0,"09/14/2023 19:56",,https://www.facebook.com/pcmerchandise.co/posts/pfbid0xJCa891ystEaBhuOCV4r9FxS1EHKcZ3J720ixwwoViNHipY3GS0QZUGi,0,0,Photos,,,,,09/04/2023,,,0,0,0,0,0,0,,,,,
1036943855066095,100064197037125,"PC Merchandise","𝐢𝟑 𝟏𝟐𝟏𝟎𝟎𝐅
𝐂𝐎𝐌𝐒𝐇𝐎𝐏 𝐏𝐀𝐂𝐊𝐀𝐆𝐄
#PCMERCHANDISE #PCMBUILDS",,0,"09/14/2023 19:56",,https://www.facebook.com/pcmerchandise.co/posts/pfbid0xJCa891ystEaBhuOCV4r9FxS1EHKcZ3J720ixwwoViNHipY3GS0QZUGi,0,0,Photos,,,,,09/05/2023,,,0,0,0,0,0,0,,,,,
1036943855066095,100064197037125,"PC Merchandise","𝐢𝟑 𝟏𝟐𝟏𝟎𝟎𝐅
𝐂𝐎𝐌𝐒𝐇𝐎𝐏 𝐏𝐀𝐂𝐊𝐀𝐆𝐄
#PCMERCHANDISE #PCMBUILDS",,0,"09/14/2023 19:56",,https://www.facebook.com/pcmerchandise.co/posts/pfbid0xJCa891ystEaBhuOCV4r9FxS1EHKcZ3J720ixwwoViNHipY3GS0QZUGi,0,0,Photos,,,,,09/06/2023,,,0,0,0,0,0,0,,,,,
1036943855066095,100064197037125,"PC Merchandise","𝐢𝟑 𝟏𝟐𝟏𝟎𝟎𝐅
𝐂𝐎𝐌𝐒𝐇𝐎𝐏 𝐏𝐀𝐂𝐊𝐀𝐆𝐄
#PCMERCHANDISE #PCMBUILDS",,0,"09/14/2023 19:56",,https://www.facebook.com/pcmerchandise.co/posts/pfbid0xJCa891ystEaBhuOCV4r9FxS1EHKcZ3J720ixwwoViNHipY3GS0QZUGi,0,0,Photos,,,,,09/07/2023,,,0,0,0,0,0,0,,,,,
1036943855066095,100064197037125,"PC Merchandise","𝐢𝟑 𝟏𝟐𝟏𝟎𝟎𝐅
𝐂𝐎𝐌𝐒𝐇𝐎𝐏 𝐏𝐀𝐂𝐊𝐀𝐆𝐄
#PCMERCHANDISE #PCMBUILDS",,0,"09/14/2023 19:56",,https://www.facebook.com/pcmerchandise.co/posts/pfbid0xJCa891ystEaBhuOCV4r9FxS1EHKcZ3J720ixwwoViNHipY3GS0QZUGi,0,0,Photos,,,,,09/08/2023,,,0,0,0,0,0,0,,,,,
1036943855066095,100064197037125,"PC Merchandise","𝐢𝟑 𝟏𝟐𝟏𝟎𝟎𝐅
𝐂𝐎𝐌𝐒𝐇𝐎𝐏 𝐏𝐀𝐂𝐊𝐀𝐆𝐄
#PCMERCHANDISE #PCMBUILDS",,0,"09/14/2023 19:56",,https://www.facebook.com/pcmerchandise.co/posts/pfbid0xJCa891ystEaBhuOCV4r9FxS1EHKcZ3J720ixwwoViNHipY3GS0QZUGi,0,0,Photos,,,,,09/09/2023,,,0,0,0,0,0,0,,,,,
1036943855066095,100064197037125,"PC Merchandise","𝐢𝟑 𝟏𝟐𝟏𝟎𝟎𝐅
𝐂𝐎𝐌𝐒𝐇𝐎𝐏 𝐏𝐀𝐂𝐊𝐀𝐆𝐄
#PCMERCHANDISE #PCMBUILDS",,0,"09/14/2023 19:56",,https://www.facebook.com/pcmerchandise.co/posts/pfbid0xJCa891ystEaBhuOCV4r9FxS1EHKcZ3J720ixwwoViNHipY3GS0QZUGi,0,0,Photos,,,,,09/10/2023,,,0,0,0,0,0,0,,,,,
1036943855066095,100064197037125,"PC Merchandise","𝐢𝟑 𝟏𝟐𝟏𝟎𝟎𝐅
𝐂𝐎𝐌𝐒𝐇𝐎𝐏 𝐏𝐀𝐂𝐊𝐀𝐆𝐄
#PCMERCHANDISE #PCMBUILDS",,0,"09/14/2023 19:56",,https://www.facebook.com/pcmerchandise.co/posts/pfbid0xJCa891ystEaBhuOCV4r9FxS1EHKcZ3J720ixwwoViNHipY3GS0QZUGi,0,0,Photos,,,,,09/11/2023,,,0,0,0,0,0,0,,,,,
1036943855066095,100064197037125,"PC Merchandise","𝐢𝟑 𝟏𝟐𝟏𝟎𝟎𝐅
𝐂𝐎𝐌𝐒𝐇𝐎𝐏 𝐏𝐀𝐂𝐊𝐀𝐆𝐄
#PCMERCHANDISE #PCMBUILDS",,0,"09/14/2023 19:56",,https://www.facebook.com/pcmerchandise.co/posts/pfbid0xJCa891ystEaBhuOCV4r9FxS1EHKcZ3J720ixwwoViNHipY3GS0QZUGi,0,0,Photos,,,,,09/12/2023,,,0,0,0,0,0,0,,,,,
1036943855066095,100064197037125,"PC Merchandise","𝐢𝟑 𝟏𝟐𝟏𝟎𝟎𝐅
𝐂𝐎𝐌𝐒𝐇𝐎𝐏 𝐏𝐀𝐂𝐊𝐀𝐆𝐄
#PCMERCHANDISE #PCMBUILDS",,0,"09/14/2023 19:56",,https://www.facebook.com/pcmerchandise.co/posts/pfbid0xJCa891ystEaBhuOCV4r9FxS1EHKcZ3J720ixwwoViNHipY3GS0QZUGi,0,0,Photos,,,,,09/13/2023,,,0,0,0,0,0,0,,,,,
1036943855066095,100064197037125,"PC Merchandise","𝐢𝟑 𝟏𝟐𝟏𝟎𝟎𝐅
𝐂𝐎𝐌𝐒𝐇𝐎𝐏 𝐏𝐀𝐂𝐊𝐀𝐆𝐄
#PCMERCHANDISE #PCMBUILDS",,0,"09/14/2023 19:56",,https://www.facebook.com/pcmerchandise.co/posts/pfbid0xJCa891ystEaBhuOCV4r9FxS1EHKcZ3J720ixwwoViNHipY3GS0QZUGi,0,0,Photos,,,,,09/14/2023,,,0,0,0,0,0,0,,,,,
1036943855066095,100064197037125,"PC Merchandise","𝐢𝟑 𝟏𝟐𝟏𝟎𝟎𝐅
𝐂𝐎𝐌𝐒𝐇𝐎𝐏 𝐏𝐀𝐂𝐊𝐀𝐆𝐄
#PCMERCHANDISE #PCMBUILDS",,0,"09/14/2023 19:56",,https://www.facebook.com/pcmerchandise.co/posts/pfbid0xJCa891ystEaBhuOCV4r9FxS1EHKcZ3J720ixwwoViNHipY3GS0QZUGi,0,0,Photos,,,,,09/15/2023,,,0,0,0,0,0,0,,,,,
1036943855066095,100064197037125,"PC Merchandise","𝐢𝟑 𝟏𝟐𝟏𝟎𝟎𝐅
𝐂𝐎𝐌𝐒𝐇𝐎𝐏 𝐏𝐀𝐂𝐊𝐀𝐆𝐄
#PCMERCHANDISE #PCMBUILDS",,0,"09/14/2023 19:56",,https://www.facebook.com/pcmerchandise.co/posts/pfbid0xJCa891ystEaBhuOCV4r9FxS1EHKcZ3J720ixwwoViNHipY3GS0QZUGi,0,0,Photos,,,,,09/16/2023,,,0,0,0,0,0,0,,,,,
1036943855066095,100064197037125,"PC Merchandise","𝐢𝟑 𝟏𝟐𝟏𝟎𝟎𝐅
𝐂𝐎𝐌𝐒𝐇𝐎𝐏 𝐏𝐀𝐂𝐊𝐀𝐆𝐄
#PCMERCHANDISE #PCMBUILDS",,0,"09/14/2023 19:56",,https://www.facebook.com/pcmerchandise.co/posts/pfbid0xJCa891ystEaBhuOCV4r9FxS1EHKcZ3J720ixwwoViNHipY3GS0QZUGi,0,0,Photos,,,,,09/17/2023,,,0,0,0,0,0,0,,,,,
1036943855066095,100064197037125,"PC Merchandise","𝐢𝟑 𝟏𝟐𝟏𝟎𝟎𝐅
𝐂𝐎𝐌𝐒𝐇𝐎𝐏 𝐏𝐀𝐂𝐊𝐀𝐆𝐄
#PCMERCHANDISE #PCMBUILDS",,0,"09/14/2023 19:56",,https://www.facebook.com/pcmerchandise.co/posts/pfbid0xJCa891ystEaBhuOCV4r9FxS1EHKcZ3J720ixwwoViNHipY3GS0QZUGi,0,0,Photos,,,,,09/18/2023,,,0,0,0,0,0,0,,,,,
1036943855066095,100064197037125,"PC Merchandise","𝐢𝟑 𝟏𝟐𝟏𝟎𝟎𝐅
𝐂𝐎𝐌𝐒𝐇𝐎𝐏 𝐏𝐀𝐂𝐊𝐀𝐆𝐄
#PCMERCHANDISE #PCMBUILDS",,0,"09/14/2023 19:56",,https://www.facebook.com/pcmerchandise.co/posts/pfbid0xJCa891ystEaBhuOCV4r9FxS1EHKcZ3J720ixwwoViNHipY3GS0QZUGi,0,0,Photos,,,,,09/19/2023,,,0,0,0,0,0,0,,,,,
1036943855066095,100064197037125,"PC Merchandise","𝐢𝟑 𝟏𝟐𝟏𝟎𝟎𝐅
𝐂𝐎𝐌𝐒𝐇𝐎𝐏 𝐏𝐀𝐂𝐊𝐀𝐆𝐄
#PCMERCHANDISE #PCMBUILDS",,0,"09/14/2023 19:56",,https://www.facebook.com/pcmerchandise.co/posts/pfbid0xJCa891ystEaBhuOCV4r9FxS1EHKcZ3J720ixwwoViNHipY3GS0QZUGi,0,0,Photos,,,,,09/20/2023,,,0,0,0,0,0,0,,,,,
1036943855066095,100064197037125,"PC Merchandise","𝐢𝟑 𝟏𝟐𝟏𝟎𝟎𝐅
𝐂𝐎𝐌𝐒𝐇𝐎𝐏 𝐏𝐀𝐂𝐊𝐀𝐆𝐄
#PCMERCHANDISE #PCMBUILDS",,0,"09/14/2023 19:56",,https://www.facebook.com/pcmerchandise.co/posts/pfbid0xJCa891ystEaBhuOCV4r9FxS1EHKcZ3J720ixwwoViNHipY3GS0QZUGi,0,0,Photos,,,,,09/21/2023,,,0,0,0,0,0,0,,,,,
1036943855066095,100064197037125,"PC Merchandise","𝐢𝟑 𝟏𝟐𝟏𝟎𝟎𝐅
𝐂𝐎𝐌𝐒𝐇𝐎𝐏 𝐏𝐀𝐂𝐊𝐀𝐆𝐄
#PCMERCHANDISE #PCMBUILDS",,0,"09/14/2023 19:56",,https://www.facebook.com/pcmerchandise.co/posts/pfbid0xJCa891ystEaBhuOCV4r9FxS1EHKcZ3J720ixwwoViNHipY3GS0QZUGi,0,0,Photos,,,,,09/22/2023,,,0,0,0,0,0,0,,,,,
1036943855066095,100064197037125,"PC Merchandise","𝐢𝟑 𝟏𝟐𝟏𝟎𝟎𝐅
𝐂𝐎𝐌𝐒𝐇𝐎𝐏 𝐏𝐀𝐂𝐊𝐀𝐆𝐄
#PCMERCHANDISE #PCMBUILDS",,0,"09/14/2023 19:56",,https://www.facebook.com/pcmerchandise.co/posts/pfbid0xJCa891ystEaBhuOCV4r9FxS1EHKcZ3J720ixwwoViNHipY3GS0QZUGi,0,0,Photos,,,,,09/23/2023,,,0,0,0,0,0,0,,,,,
1036943855066095,100064197037125,"PC Merchandise","𝐢𝟑 𝟏𝟐𝟏𝟎𝟎𝐅
𝐂𝐎𝐌𝐒𝐇𝐎𝐏 𝐏𝐀𝐂𝐊𝐀𝐆𝐄
#PCMERCHANDISE #PCMBUILDS",,0,"09/14/2023 19:56",,https://www.facebook.com/pcmerchandise.co/posts/pfbid0xJCa891ystEaBhuOCV4r9FxS1EHKcZ3J720ixwwoViNHipY3GS0QZUGi,0,0,Photos,,,,,09/24/2023,,,0,0,0,0,0,0,,,,,
1036943855066095,100064197037125,"PC Merchandise","𝐢𝟑 𝟏𝟐𝟏𝟎𝟎𝐅
𝐂𝐎𝐌𝐒𝐇𝐎𝐏 𝐏𝐀𝐂𝐊𝐀𝐆𝐄
#PCMERCHANDISE #PCMBUILDS",,0,"09/14/2023 19:56",,https://www.facebook.com/pcmerchandise.co/posts/pfbid0xJCa891ystEaBhuOCV4r9FxS1EHKcZ3J720ixwwoViNHipY3GS0QZUGi,0,0,Photos,,,,,09/25/2023,,,0,0,0,0,0,0,,,,,
1036943855066095,100064197037125,"PC Merchandise","𝐢𝟑 𝟏𝟐𝟏𝟎𝟎𝐅
𝐂𝐎𝐌𝐒𝐇𝐎𝐏 𝐏𝐀𝐂𝐊𝐀𝐆𝐄
#PCMERCHANDISE #PCMBUILDS",,0,"09/14/2023 19:56",,https://www.facebook.com/pcmerchandise.co/posts/pfbid0xJCa891ystEaBhuOCV4r9FxS1EHKcZ3J720ixwwoViNHipY3GS0QZUGi,0,0,Photos,,,,,09/26/2023,,,0,0,0,0,0,0,,,,,
1036943855066095,100064197037125,"PC Merchandise","𝐢𝟑 𝟏𝟐𝟏𝟎𝟎𝐅
𝐂𝐎𝐌𝐒𝐇𝐎𝐏 𝐏𝐀𝐂𝐊𝐀𝐆𝐄
#PCMERCHANDISE #PCMBUILDS",,0,"09/14/2023 19:56",,https://www.facebook.com/pcmerchandise.co/posts/pfbid0xJCa891ystEaBhuOCV4r9FxS1EHKcZ3J720ixwwoViNHipY3GS0QZUGi,0,0,Photos,,,,,09/27/2023,,,0,0,0,0,0,0,,,,,
1036943855066095,100064197037125,"PC Merchandise","𝐢𝟑 𝟏𝟐𝟏𝟎𝟎𝐅
𝐂𝐎𝐌𝐒𝐇𝐎𝐏 𝐏𝐀𝐂𝐊𝐀𝐆𝐄
#PCMERCHANDISE #PCMBUILDS",,0,"09/14/2023 19:56",,https://www.facebook.com/pcmerchandise.co/posts/pfbid0xJCa891ystEaBhuOCV4r9FxS1EHKcZ3J720ixwwoViNHipY3GS0QZUGi,0,0,Photos,,,,,09/28/2023,,,0,0,0,0,0,0,,,,,
1036943855066095,100064197037125,"PC Merchandise","𝐢𝟑 𝟏𝟐𝟏𝟎𝟎𝐅
𝐂𝐎𝐌𝐒𝐇𝐎𝐏 𝐏𝐀𝐂𝐊𝐀𝐆𝐄
#PCMERCHANDISE #PCMBUILDS",,0,"09/14/2023 19:56",,https://www.facebook.com/pcmerchandise.co/posts/pfbid0xJCa891ystEaBhuOCV4r9FxS1EHKcZ3J720ixwwoViNHipY3GS0QZUGi,0,0,Photos,,,,,09/29/2023,,,0,0,0,0,0,0,,,,,
1036943855066095,100064197037125,"PC Merchandise","𝐢𝟑 𝟏𝟐𝟏𝟎𝟎𝐅
𝐂𝐎𝐌𝐒𝐇𝐎𝐏 𝐏𝐀𝐂𝐊𝐀𝐆𝐄
#PCMERCHANDISE #PCMBUILDS",,0,"09/14/2023 19:56",,https://www.facebook.com/pcmerchandise.co/posts/pfbid0xJCa891ystEaBhuOCV4r9FxS1EHKcZ3J720ixwwoViNHipY3GS0QZUGi,0,0,Photos,,,,,09/30/2023,,,0,0,0,0,0,0,,,,,
1037497819870233,100064197037125,"PC Merchandise","Paano kung sabihin ko sayo na kaya mo na mag RTX 3050 build under budget? 👀",,30,"09/14/2023 15:15",uploaded,https://www.facebook.com/reel/1957072385761622/,0,0,Reels,,,,,09/01/2023,0,,,,,,0,0,0,0,0,0.000,2.905
1037497819870233,100064197037125,"PC Merchandise","Paano kung sabihin ko sayo na kaya mo na mag RTX 3050 build under budget? 👀",,30,"09/14/2023 15:15",uploaded,https://www.facebook.com/reel/1957072385761622/,0,0,Reels,,,,,09/02/2023,0,,,,,,0,0,0,0,0,0.000,4.399
1037497819870233,100064197037125,"PC Merchandise","Paano kung sabihin ko sayo na kaya mo na mag RTX 3050 build under budget? 👀",,30,"09/14/2023 15:15",uploaded,https://www.facebook.com/reel/1957072385761622/,0,0,Reels,,,,,09/03/2023,0,,,,,,0,0,0,0,0,0.000,3.843
1037497819870233,100064197037125,"PC Merchandise","Paano kung sabihin ko sayo na kaya mo na mag RTX 3050 build under budget? 👀",,30,"09/14/2023 15:15",uploaded,https://www.facebook.com/reel/1957072385761622/,0,0,Reels,,,,,09/04/2023,0,,,,,,0,0,0,0,0,0.000,2.263
1037497819870233,100064197037125,"PC Merchandise","Paano kung sabihin ko sayo na kaya mo na mag RTX 3050 build under budget? 👀",,30,"09/14/2023 15:15",uploaded,https://www.facebook.com/reel/1957072385761622/,0,0,Reels,,,,,09/05/2023,0,,,,,,0,0,0,0,0,0.000,4.550
1037497819870233,100064197037125,"PC Merchandise","Paano kung sabihin ko sayo na kaya mo na mag RTX 3050 build under budget? 👀",,30,"09/14/2023 15:15",uploaded,https://www.facebook.com/reel/1957072385761622/,0,0,Reels,,,,,09/06/2023,0,,,,,,0,0,0,0,0,0.000,4.908
1037497819870233,100064197037125,"PC Merchandise","Paano kung sabihin ko sayo na kaya mo na mag RTX 3050 build under budget? 👀",,30,"09/14/2023 15:15",uploaded,https://www.facebook.com/reel/1957072385761622/,0,0,Reels,,,,,09/07/2023,0,,,,,,0,0,0,0,0,0.000,3.854
1037497819870233,100064197037125,"PC Merchandise","Paano kung sabihin ko sayo na kaya mo na mag RTX 3050 build under budget? 👀",,30,"09/14/2023 15:15",uploaded,https://www.facebook.com/reel/1957072385761622/,0,0,Reels,,,,,09/08/2023,0,,,,,,0,0,0,0,0,0.000,4.069
1037497819870233,100064197037125,"PC Merchandise","Paano kung sabihin ko sayo na kaya mo na mag RTX 3050 build under budget? 👀",,30,"09/14/2023 15:15",uploaded,https://www.facebook.com/reel/1957072385761622/,0,0,Reels,,,,,09/09/2023,0,,,,,,0,0,0,0,0,0.000,4.835
1037497819870233,100064197037125,"PC Merchandise","Paano kung sabihin ko sayo na kaya mo na mag RTX 3050 build under budget? 👀",,30,"09/14/2023 15:15",uploaded,https://www.facebook.com/reel/1957072385761622/,0,0,Reels,,,,,09/10/2023,0,,,,,,0,0,0,0,0,0.000,2.102
1037497819870233,100064197037125,"PC Merchandise","Paano kung sabihin ko sayo na kaya mo na mag RTX 3050 build under budget? 👀",,30,"09/14/2023 15:15",uploaded,https://www.facebook.com/reel/1957072385761622/,0,0,Reels,,,,,09/11/2023,0,,,,,,0,0,0,0,0,0.000,2.945
1037497819870233,100064197037125,"PC Merchandise","Paano kung sabihin ko sayo na kaya mo na mag RTX 3050 build under budget? 👀",,30,"09/14/2023 15:15",uploaded,https://www.facebook.com/reel/1957072385761622/,0,0,Reels,,,,,09/12/2023,0,,,,,,0,0,0,0,0,0.000,4.187
1037497819870233,100064197037125,"PC Merchandise","Paano kung sabihin ko sayo na kaya mo na mag RTX 3050 build under budget? 👀",,30,"09/14/2023 15:15",uploaded,https://www.facebook.com/reel/1957072385761622/,0,0,Reels,,,,,09/13/2023,0,,,,,,0,0,0,0,0,0.000,3.891
1037497819870233,100064197037125,"PC Merchandise","Paano kung sabihin ko sayo na kaya mo na mag RTX 3050 build under budget? 👀",,30,"09/14/2023 15:15",uploaded,https://www.facebook.com/reel/1957072385761622/,0,0,Reels,,,,,09/14/2023,0,,,,,,155,0,0,0,0,3161.025,2.736
1037497819870233,100064197037125,"PC Merchandise","Paano kung sabihin ko sayo na kaya mo na mag RTX 3050 build under budget? 👀",,30,"09/14/2023 15:15",uploaded,https://www.facebook.com/reel/1957072385761622/,0,0,Reels,,,,,09/15/2023,0,,,,,,150,0,0,0,0,2287.042,2.634
1037497819870233,100064197037125,"PC Merchandise","Paano kung sabihin ko sayo na kaya mo na mag RTX 3050 build under budget? 👀",,30,"09/14/2023 15:15",uploaded,https://www.facebook.com/reel/1957072385761622/,0,0,Reels,,,,,09/16/2023,0,,,,,,133,0,0,0,0,1730.447,3.369
1037497819870233,100064197037125,"PC Merchandise","Paano kung sabihin ko sayo na kaya mo na mag RTX 3050 build under budget? 👀",,30,"09/14/2023 15:15",uploaded,https://www.facebook.com/reel/1957072385761622/,0,0,Reels,,,,,09/17/2023,0,,,,,,136,0,0,0,0,2093.018,4.318
1037497819870233,100064197037125,"PC Merchandise","Paano kung sabihin ko sayo na kaya mo na mag RTX 3050 build under budget? 👀",,30,"09/14/2023 15:15",uploaded,https://www.facebook.com/reel/1957072385761622/,0,0,Reels,,,,,09/18/2023,0,,,,,,165,0,0,0,0,1716.935,2.831
1037497819870233,100064197037125,"PC Merchandise","Paano kung sabihin ko sayo na kaya mo na mag RTX 3050 build under budget? 👀",,30,"09/14/2023 15:15",uploaded,https://www.facebook.com/reel/1957072385761622/,0,0,Reels,,,,,09/19/2023,0,,,,,,148,0,0,0,0,1689.390,2.211
1037497819870233,100064197037125,"PC Merchandise","Paano kung sabihin ko sayo na kaya mo na mag RTX 3050 build under budget? 👀",,30,"09/14/2023 15:15",uploaded,https://www.facebook.com/reel/1957072385761622/,0,0,Reels,,,,,09/20/2023,0,,,,,,148,0,0,0,0,934.184,3.000
1037497819870233,100064197037125,"PC Merchandise","Paano kung sabihin ko sayo na kaya mo na mag RTX 3050 build under budget? 👀",,30,"09/14/2023 15:15",uploaded,https://www.facebook.com/reel/1957072385761622/,0,0,Reels,,,,,09/21/2023,0,,,,,,147,0,0,0,0,409.890,4.244
1037497819870233,100064197037125,"PC Merchandise","Paano kung sabihin ko sayo na kaya mo na mag RTX 3050 build under budget? 👀",,30,"09/14/2023 15:15",uploaded,https://www.facebook.com/reel/1957072385761622/,0,0,Reels,,,,,09/22/2023,0,,,,,,138,0,0,0,0,133.481,3.407
1037497819870233,100064197037125,"PC Merchandise","Paano kung sabihin ko sayo na kaya mo na mag RTX 3050 build under budget? 👀",,30,"09/14/2023 15:15",uploaded,https://www.facebook.com/reel/1957072385761622/,0,0,Reels,,,,,09/23/2023,0,,,,,,167,0,0,0,0,372.681,4.752
1037497819870233,100064197037125,"PC Merchandise","Paano kung sabihin ko sayo na kaya mo na mag RTX 3050 build under budget? 👀",,30,"09/14/2023 15:15",uploaded,https://www.facebook.com/reel/1957072385761622/,0,0,Reels,,,,,09/24/2023,0,,,,,,135,0,0,0,0,284.364,3.723
1037497819870233,100064197037125,"PC Merchandise","Paano kung sabihin ko sayo na kaya mo na mag RTX 3050 build under budget? 👀",,30,"09/14/2023 15:15",uploaded,https://www.facebook.com/reel/1957072385761622/,0,0,Reels,,,,,09/25/2023,0,,,,,,151,0,0,0,0,102.151,3.903
1037497819870233,100064197037125,"PC Merchandise","Paano kung sabihin ko sayo na kaya mo na mag RTX 3050 build under budget? 👀",,30,"09/14/2023 15:15",uploaded,https://www.facebook.com/reel/1957072385761622/,0,0,Reels,,,,,09/26/2023,0,,,,,,0,0,0,0,0,386.560,3.338
1037497819870233,100064197037125,"PC Merchandise","Paano kung sabihin ko sayo na kaya mo na mag RTX 3050 build under budget? 👀",,30,"09/14/2023 15:15",uploaded,https://www.facebook.com/reel/1957072385761622/,0,0,Reels,,,,,09/27/2023,0,,,,,,0,0,0,0,0,284.029,2.813
1037497819870233,100064197037125,"PC Merchandise","Paano kung sabihin ko sayo na kaya mo na mag RTX 3050 build under budget? 👀",,30,"09/14/2023 15:15",uploaded,https://www.facebook.com/reel/1957072385761622/,0,0,Reels,,,,,09/28/2023,0,,,,,,0,0,0,0,0,171.723,4.669
1037497819870233,100064197037125,"PC Merchandise","Paano kung sabihin ko sayo na kaya mo na mag RTX 3050 build under budget? 👀",,30,"09/14/2023 15:15",uploaded,https://www.facebook.com/reel/1957072385761622/,0,0,Reels,,,,,09/29/2023,0,,,,,,0,0,0,0,0,209.941,3.936
1037497819870233,100064197037125,"PC Merchandise","Paano kung sabihin ko sayo na kaya mo na mag RTX 3050 build under budget? 👀",,30,"09/14/2023 15:15",uploaded,https://www.facebook.com/reel/1957072385761622/,0,0,Reels,,,,,09/30/2023,0,,,,,,0,0,0,0,0,171.186,3.799
1036872425360000,100064197037125,"PC Merchandise","READY STOCK: i5 12400F / RX 6600 builds. Same-day assembly. PM NOW!",,0,"09/14/2023 15:00",,https://www.facebook.com/pcmerchandise.co/posts/pfbid0DTu56rhaozKmBbiT6yybehDzzZq9RHUvXtfpq0ynvoNDRaAqB7csiMtZ,0,0,Photos,,,,,09/30/2023,0,,,,,,,,,,,,
1036872425360000,100064197037125,"PC Merchandise","READY STOCK: i5 12400F / RX 6600 builds. Same-day assembly. PM NOW!",,0,"09/14/2023 15:00",,https://www.facebook.com/pcmerchandise.co/posts/pfbid0DTu56rhaozKmBbiT6yybehDzzZq9RHUvXtfpq0ynvoNDRaAqB7csiMtZ,0,0,Photos,,,,,09/01/2023,,,0,0,0,0,0,0,,,,,
1036872425360000,100064197037125,"PC Merchandise","READY STOCK: i5 12400F / RX 6600 builds. Same-day assembly. PM NOW!",,0,"09/14/2023 15:00",,https://www.facebook.com/pcmerchandise.co/posts/pfbid0DTu56rhaozKmBbiT6yybehDzzZq9RHUvXtfpq0ynvoNDRaAqB7csiMtZ,0,0,Photos,,,,,09/02/2023,,,0,0,0,0,0,0,,,,,
1036872425360000,100064197037125,"PC Merchandise","READY STOCK: i5 12400F / RX 6600 builds. Same-day assembly. PM NOW!",,0,"09/14/2023 15:00",,https://www.facebook.com/pcmerchandise.co/posts/pfbid0DTu56rhaozKmBbiT6yybehDzzZq9RHUvXtfpq0ynvoNDRaAqB7csiMtZ,0,0,Photos,,,,,09/03/2023,,,0,0,0,0,0,0,,,,,
1036872425360000,100064197037125,"PC Merchandise","READY STOCK: i5 12400F / RX 6600 builds. Same-day assembly. PM NOW!",,0,"09/14/2023 15:00",,https://www.facebook.com/pcmerchandise.co/posts/pfbid0DTu56rhaozKmBbiT6yybehDzzZq9RHUvXtfpq0ynvoNDRaAqB7csiMtZ,0,0,Photos,,,,,09/04/2023,,,0,0,0,0,0,0,,,,,
1036872425360000,100064197037125,"PC Merchandise","READY STOCK: i5 12400F / RX 6600 builds. Same-day assembly. PM NOW!",,0,"09/14/2023 15:00",,https://www.facebook.com/pcmerchandise.co/posts/pfbid0DTu56rhaozKmBbiT6yybehDzzZq9RHUvXtfpq0ynvoNDRaAqB7csiMtZ,0,0,Photos,,,,,09/05/2023,,,0,0,0,0,0,0,,,,,
1036872425360000,100064197037125,"PC Merchandise","READY STOCK: i5 12400F / RX 6600 builds. Same-day assembly. PM NOW!",,0,"09/14/2023 15:00",,https://www.facebook.com/pcmerchandise.co/posts/pfbid0DTu56rhaozKmBbiT6yybehDzzZq9RHUvXtfpq0ynvoNDRaAqB7csiMtZ,0,0,Photos,,,,,09/06/2023,,,0,0,0,0,0,0,,,,,
1036872425360000,100064197037125,"PC Merchandise","READY STOCK: i5 12400F / RX 6600 builds. Same-day assembly. PM NOW!",,0,"09/14/2023 15:00",,https://www.facebook.com/pcmerchandise.co/posts/pfbid0DTu56rhaozKmBbiT6yybehDzzZq9RHUvXtfpq0ynvoNDRaAqB7csiMtZ,0,0,Photos,,,,,09/07/2023,,,0,0,0,0,0,0,,,,,
1036872425360000,100064197037125,"PC Merchandise","READY STOCK: i5 12400F / RX 6600 builds. Same-day assembly. PM NOW!",,0,"09/14/2023 15:00",,https://www.facebook.com/pcmerchandise.co/posts/pfbid0DTu56rhaozKmBbiT6yybehDzzZq9RHUvXtfpq0ynvoNDRaAqB7csiMtZ,0,0,Photos,,,,,09/08/2023,,,0,0,0,0,0,0,,,,,
1036872425360000,100064197037125,"PC Merchandise","READY STOCK: i5 12400F / RX 6600 builds. Same-day assembly. PM NOW!",,0,"09/14/2023 15:00",,https://www.facebook.com/pcmerchandise.co/posts/pfbid0DTu56rhaozKmBbiT6yybehDzzZq9RHUvXtfpq0ynvoNDRaAqB7csiMtZ,0,0,Photos,,,,,09/09/2023,,,0,0,0,0,0,0,,,,,
1036872425360000,100064197037125,"PC Merchandise","READY STOCK: i5 12400F / RX 6600 builds. Same-day assembly. PM NOW!",,0,"09/14/2023 15:00",,https://www.facebook.com/pcmerchandise.co/posts/pfbid0DTu56rhaozKmBbiT6yybehDzzZq9RHUvXtfpq0ynvoNDRaAqB7csiMtZ,0,0,Photos,,,,,09/10/2023,,,0,0,0,0,0,0,,,,,
1036872425360000,100064197037125,"PC Merchandise","READY STOCK: i5 12400F / RX 6600 builds. Same-day assembly. PM NOW!",,0,"09/14/2023 15:00",,https://www.facebook.com/pcmerchandise.co/posts/pfbid0DTu56rhaozKmBbiT6yybehDzzZq9RHUvXtfpq0ynvoNDRaAqB7csiMtZ,0,0,Photos,,,,,09/11/2023,,,0,0,0,0,0,0,,,,,
1036872425360000,100064197037125,"PC Merchandise","READY STOCK: i5 12400F / RX 6600 builds. Same-day assembly. PM NOW!",,0,"09/14/2023 15:00",,https://www.facebook.com/pcmerchandise.co/posts/pfbid0DTu56rhaozKmBbiT6yybehDzzZq9RHUvXtfpq0ynvoNDRaAqB7csiMtZ,0,0,Photos,,,,,09/12/2023,,,0,0,0,0,0,0,,,,,
1036872425360000,100064197037125,"PC Merchandise","READY STOCK: i5 12400F / RX 6600 builds. Same-day assembly. PM NOW!",,0,"09/14/2023 15:00",,https://www.facebook.com/pcmerchandise.co/posts/pfbid0DTu56rhaozKmBbiT6yybehDzzZq9RHUvXtfpq0ynvoNDRaAqB7csiMtZ,0,0,Photos,,,,,09/13/2023,,,0,0,0,0,0,0,,,,,
1036872425360000,100064197037125,"PC Merchandise","READY STOCK: i5 12400F / RX 6600 builds. Same-day assembly. PM NOW!",,0,"09/14/2023 15:00",,https://www.facebook.com/pcmerchandise.co/posts/pfbid0DTu56rhaozKmBbiT6yybehDzzZq9RHUvXtfpq0ynvoNDRaAqB7csiMtZ,0,0,Photos,,,,,09/14/2023,,,0,0,0,0,0,0,,,,,
1036872425360000,100064197037125,"PC Merchandise","READY STOCK: i5 12400F / RX 6600 builds. Same-day assembly. PM NOW!",,0,"09/14/2023 15:00",,https://www.facebook.com/pcmerchandise.co/posts/pfbid0DTu56rhaozKmBbiT6yybehDzzZq9RHUvXtfpq0ynvoNDRaAqB7csiMtZ,0,0,Photos,,,,,09/15/2023,,,0,0,0,0,0,0,,,,,
1036872425360000,100064197037125,"PC Merchandise","READY STOCK: i5 12400F / RX 6600 builds. Same-day assembly. PM NOW!",,0,"09/14/2023 15:00",,https://www.facebook.com/pcmerchandise.co/posts/pfbid0DTu56rhaozKmBbiT6yybehDzzZq9RHUvXtfpq0ynvoNDRaAqB7csiMtZ,0,0,Photos,,,,,09/16/2023,,,0,0,0,0,0,0,,,,,
1036872425360000,100064197037125,"PC Merchandise","READY STOCK: i5 12400F / RX 6600 builds. Same-day assembly. PM NOW!",,0,"09/14/2023 15:00",,https://www.facebook.com/pcmerchandise.co/posts/pfbid0DTu56rhaozKmBbiT6yybehDzzZq9RHUvXtfpq0ynvoNDRaAqB7csiMtZ,0,0,Photos,,,,,09/17/2023,,,0,0,0,0,0,0,,,,,
1036872425360000,100064197037125,"PC Merchandise","READY STOCK: i5 12400F / RX 6600 builds. Same-day assembly. PM NOW!",,0,"09/14/2023 15:00",,https://www.facebook.com/pcmerchandise.co/posts/pfbid0DTu56rhaozKmBbiT6yybehDzzZq9RHUvXtfpq0ynvoNDRaAqB7csiMtZ,0,0,Photos,,,,,09/18/2023,,,0,0,0,0,0,0,,,,,
1036872425360000,100064197037125,"PC Merchandise","READY STOCK: i5 12400F / RX 6600 builds. Same-day assembly. PM NOW!",,0,"09/14/2023 15:00",,https://www.facebook.com/pcmerchandise.co/posts/pfbid0DTu56rhaozKmBbiT6yybehDzzZq9RHUvXtfpq0ynvoNDRaAqB7csiMtZ,0,0,Photos,,,,,09/19/2023,,,0,0,0,0,0,0,,,,,
1036872425360000,100064197037125,"PC Merchandise","READY STOCK: i5 12400F / RX 6600 builds. Same-day assembly. PM NOW!",,0,"09/14/2023 15:00",,https://www.facebook.com/pcmerchandise.co/posts/pfbid0DTu56rhaozKmBbiT6yybehDzzZq9RHUvXtfpq0ynvoNDRaAqB7csiMtZ,0,0,Photos,,,,,09/20/2023,,,0,0,0,0,0,0,,,,,
1036872425360000,100064197037125,"PC Merchandise","READY STOCK: i5 12400F / RX 6600 builds. Same-day assembly. PM NOW!",,0,"09/14/2023 15:00",,https://www.facebook.com/pcmerchandise.co/posts/pfbid0DTu56rhaozKmBbiT6yybehDzzZq9RHUvXtfpq0ynvoNDRaAqB7csiMtZ,0,0,Photos,,,,,09/21/2023,,,0,0,0,0,0,0,,,,,
1036872425360000,100064197037125,"PC Merchandise","READY STOCK: i5 12400F / RX 6600 builds. Same-day assembly. PM NOW!",,0,"09/14/2023 15:00",,https://www.facebook.com/pcmerchandise.co/posts/pfbid0DTu56rhaozKmBbiT6yybehDzzZq9RHUvXtfpq0ynvoNDRaAqB7csiMtZ,0,0,Photos,,,,,09/22/2023,,,0,0,0,0,0,0,,,,,
1036872425360000,100064197037125,"PC Merchandise","READY STOCK: i5 12400F / RX 6600 builds. Same-day assembly. PM NOW!",,0,"09/14/2023 15:00",,https://www.facebook.com/pcmerchandise.co/posts/pfbid0DTu56rhaozKmBbiT6yybehDzzZq9RHUvXtfpq0ynvoNDRaAqB7csiMtZ,0,0,Photos,,,,,09/23/2023,,,0,0,0,0,0,0,,,,,
1036872425360000,100064197037125,"PC Merchandise","READY STOCK: i5 12400F / RX 6600 builds. Same-day assembly. PM NOW!",,0,"09/14/2023 15:00",,https://www.facebook.com/pcmerchandise.co/posts/pfbid0DTu56rhaozKmBbiT6yybehDzzZq9RHUvXtfpq0ynvoNDRaAqB7csiMtZ,0,0,Photos,,,,,09/24/2023,,,0,0,0,0,0,0,,,,,
1036872425360000,100064197037125,"PC Merchandise","READY STOCK: i5 12400F / RX 6600 builds. Same-day assembly. PM NOW!",,0,"09/14/2023 15:00",,https://www.facebook.com/pcmerchandise.co/posts/pfbid0DTu56rhaozKmBbiT6yybehDzzZq9RHUvXtfpq0ynvoNDRaAqB7csiMtZ,0,0,Photos,,,,,09/25/2023,,,0,0,0,0,0,0,,,,,
1036872425360000,100064197037125,"PC Merchandise","READY STOCK: i5 12400F / RX 6600 builds. Same-day assembly. PM NOW!",,0,"09/14/2023 15:00",,https://www.facebook.com/pcmerchandise.co/posts/pfbid0DTu56rhaozKmBbiT6yybehDzzZq9RHUvXtfpq0ynvoNDRaAqB7csiMtZ,0,0,Photos,,,,,09/26/2023,,,0,0,0,0,0,0,,,,,
1036872425360000,100064197037125,"PC Merchandise","READY STOCK: i5 12400F / RX 6600 builds. Same-day assembly. PM NOW!",,0,"09/14/2023 15:00",,https://www.facebook.com/pcmerchandise.co/posts/pfbid0DTu56rhaozKmBbiT6yybehDzzZq9RHUvXtfpq0ynvoNDRaAqB7csiMtZ,0,0,Photos,,,,,09/27/2023,,,0,0,0,0,0,0,,,,,
1036872425360000,100064197037125,"PC Merchandise","READY STOCK: i5 12400F / RX 6600 builds. Same-day assembly. PM NOW!",,0,"09/14/2023 15:00",,https://www.facebook.com/pcmerchandise.co/posts/pfbid0DTu56rhaozKmBbiT6yybehDzzZq9RHUvXtfpq0ynvoNDRaAqB7csiMtZ,0,0,Photos,,,,,09/28/2023,,,0,0,0,0,0,0,,,,,
1036872425360000,100064197037125,"PC Merchandise","READY STOCK: i5 12400F / RX 6600 builds. Same-day assembly. PM NOW!",,0,"09/14/2023 15:00",,https://www.facebook.com/pcmerchandise.co/posts/pfbid0DTu56rhaozKmBbiT6yybehDzzZq9RHUvXtfpq0ynvoNDRaAqB7csiMtZ,0,0,Photos,,,,,09/29/2023,,,0,0,0,0,0,0,,,,,
1036872425360000,100064197037125,"PC Merchandise","READY STOCK: i5 12400F / RX 6600 builds. Same-day assembly. PM NOW!",,0,"09/14/2023 15:00",,https://www.facebook.com/pcmerchandise.co/posts/pfbid0DTu56rhaozKmBbiT6yybehDzzZq9RHUvXtfpq0ynvoNDRaAqB7csiMtZ,0,0,Photos,,,,,09/30/2023,,,0,0,0,0,0,0,,,,,
1037330532349817,100064197037125,"PC Merchandise","𝐀𝐌𝟓 𝐁𝐮𝐢𝐥𝐝 𝐋𝐢𝐦𝐢𝐭𝐞𝐝 𝐒𝐚𝐥𝐞! 🚨
Experience next-gen performance with our latest builds. PM for pricelist!",,51,"09/11/2023 22:30",,https://www.facebook.com/reel/1503664230060047/,0,0,Reels,,,,,09/01/2023,0,,,,,,0,0,0,0,0,0.000,6.103
1037330532349817,100064197037125,"PC Merchandise","𝐀𝐌𝟓 𝐁𝐮𝐢𝐥𝐝 𝐋𝐢𝐦𝐢𝐭𝐞𝐝 𝐒𝐚𝐥𝐞! 🚨
Experience next-gen performance with our latest builds. PM for pricelist!",,51,"09/11/2023 22:30",,https://www.facebook.com/reel/1503664230060047/,0,0,Reels,,,,,09/02/2023,0,,,,,,0,0,0,0,0,0.000,6.795
1037330532349817,100064197037125,"PC Merchandise","𝐀𝐌𝟓 𝐁𝐮𝐢𝐥𝐝 𝐋𝐢𝐦𝐢𝐭𝐞𝐝 𝐒𝐚𝐥𝐞! 🚨
Experience next-gen performance with our latest builds. PM for pricelist!",,51,"09/11/2023 22:30",,https://www.facebook.com/reel/1503664230060047/,0,0,Reels,,,,,09/03/2023,0,,,,,,0,0,0,0,0,0.000,8.094
1037330532349817,100064197037125,"PC Merchandise","𝐀𝐌𝟓 𝐁𝐮𝐢𝐥𝐝 𝐋𝐢𝐦𝐢𝐭𝐞𝐝 𝐒𝐚𝐥𝐞! 🚨
Experience next-gen performance with our latest builds. PM for pricelist!",,51,"09/11/2023 22:30",,https://www.facebook.com/reel/1503664230060047/,0,0,Reels,,,,,09/04/2023,0,,,,,,0,0,0,0,0,0.000,5.828
1037330532349817,100064197037125,"PC Merchandise","𝐀𝐌𝟓 𝐁𝐮𝐢𝐥𝐝 𝐋𝐢𝐦𝐢𝐭𝐞𝐝 𝐒𝐚𝐥𝐞! 🚨
Experience next-gen performance with our latest builds. PM for pricelist!",,51,"09/11/2023 22:30",,https://www.facebook.com/reel/1503664230060047/,0,0,Reels,,,,,09/05/2023,0,,,,,,0,0,0,0,0,0.000,6.476
1037330532349817,100064197037125,"PC Merchandise","𝐀𝐌𝟓 𝐁𝐮𝐢𝐥𝐝 𝐋𝐢𝐦𝐢𝐭𝐞𝐝 𝐒𝐚𝐥𝐞! 🚨
Experience next-gen performance with our latest builds. PM for pricelist!",,51,"09/11/2023 22:30",,https://www.facebook.com/reel/1503664230060047/,0,0,Reels,,,,,09/06/2023,0,,,,,,0,0,0,0,0,0.000,6.145
1037330532349817,100064197037125,"PC Merchandise","𝐀𝐌𝟓 𝐁𝐮𝐢𝐥𝐝 𝐋𝐢𝐦𝐢𝐭𝐞𝐝 𝐒𝐚𝐥𝐞! 🚨
Experience next-gen performance with our latest builds. PM for pricelist!",,51,"09/11/2023 22:30",,https://www.facebook.com/reel/1503664230060047/,0,0,Reels,,,,,09/07/2023,0,,,,,,0,0,0,0,0,0.000,7.461
1037330532349817,100064197037125,"PC Merchandise","𝐀𝐌𝟓 𝐁𝐮𝐢𝐥𝐝 𝐋𝐢𝐦𝐢𝐭𝐞𝐝 𝐒𝐚𝐥𝐞! 🚨
Experience next-gen performance with our latest builds. PM for pricelist!",,51,"09/11/2023 22:30",,https://www.facebook.com/reel/1503664230060047/,0,0,Reels,,,,,09/08/2023,0,,,,,,0,0,0,0,0,0.000,6.783
1037330532349817,100064197037125,"PC Merchandise","𝐀𝐌𝟓 𝐁𝐮𝐢𝐥𝐝 𝐋𝐢𝐦𝐢𝐭𝐞𝐝 𝐒𝐚𝐥𝐞! 🚨
Experience next-gen performance with our latest builds. PM for pricelist!",,51,"09/11/2023 22:30",,https://www.facebook.com/reel/1503664230060047/,0,0,Reels,,,,,09/09/2023,0,,,,,,0,0,0,0,0,0.000,6.804
1037330532349817,100064197037125,"PC Merchandise","𝐀𝐌𝟓 𝐁𝐮𝐢𝐥𝐝 𝐋𝐢𝐦𝐢𝐭𝐞𝐝 𝐒𝐚𝐥𝐞! 🚨
Experience next-gen performance with our latest builds. PM for pricelist!",,51,"09/11/2023 22:30",,https://www.facebook.com/reel/1503664230060047/,0,0,Reels,,,,,09/10/2023,0,,,,,,0,0,0,0,0,0.000,4.863
1037330532349817,100064197037125,"PC Merchandise","𝐀𝐌𝟓 𝐁𝐮𝐢𝐥𝐝 𝐋𝐢𝐦𝐢𝐭𝐞𝐝 𝐒𝐚𝐥𝐞! 🚨
Experience next-gen performance with our latest builds. PM for pricelist!",,51,"09/11/2023 22:30",,https://www.facebook.com/reel/1503664230060047/,0,0,Reels,,,,,09/11/2023,0,,,,,,33,0,0,0,0,200.786,5.475
1037330532349817,100064197037125,"PC Merchandise","𝐀𝐌𝟓 𝐁𝐮𝐢𝐥𝐝 𝐋𝐢𝐦𝐢𝐭𝐞𝐝 𝐒𝐚𝐥𝐞! 🚨
Experience next-gen performance with our latest builds. PM for pricelist!",,51,"09/11/2023 22:30",,https://www.facebook.com/reel/1503664230060047/,0,0,Reels,,,,,09/12/2023,0,,,,,,43,0,0,0,0,206.635,5.242
1037330532349817,100064197037125,"PC Merchandise","𝐀𝐌𝟓 𝐁𝐮𝐢𝐥𝐝 𝐋𝐢𝐦𝐢𝐭𝐞𝐝 𝐒𝐚𝐥𝐞! 🚨
Experience next-gen performance with our latest builds. PM for pricelist!",,51,"09/11/2023 22:30",,https://www.facebook.com/reel/1503664230060047/,0,0,Reels,,,,,09/13/2023,0,,,,,,39,0,0,0,0,128.055,6.090
1037330532349817,100064197037125,"PC Merchandise","𝐀𝐌𝟓 𝐁𝐮𝐢𝐥𝐝 𝐋𝐢𝐦𝐢𝐭𝐞𝐝 𝐒𝐚𝐥𝐞! 🚨
Experience next-gen performance with our latest builds. PM for pricelist!",,51,"09/11/2023 22:30",,https://www.facebook.com/reel/1503664230060047/,0,0,Reels,,,,,09/14/2023,0,,,,,,34,0,0,0,0,69.192,6.704
1037330532349817,100064197037125,"PC Merchandise","𝐀𝐌𝟓 𝐁𝐮𝐢𝐥𝐝 𝐋𝐢𝐦𝐢𝐭𝐞𝐝 𝐒𝐚𝐥𝐞! 🚨
Experience next-gen performance with our latest builds. PM for pricelist!",,51,"09/11/2023 22:30",,https://www.facebook.com/reel/1503664230060047/,0,0,Reels,,,,,09/15/2023,0,,,,,,24,0,0,0,0,47.130,6.506
1037330532349817,100064197037125,"PC Merchandise","𝐀𝐌𝟓 𝐁𝐮𝐢𝐥𝐝 𝐋𝐢𝐦𝐢𝐭𝐞𝐝 𝐒𝐚𝐥𝐞! 🚨
Experience next-gen performance with our latest builds. PM for pricelist!",,51,"09/11/2023 22:30",,https://www.facebook.com/reel/1503664230060047/,0,0,Reels,,,,,09/16/2023,0,,,,,,35,0,0,0,0,96.158,5.942
1037330532349817,100064197037125,"PC Merchandise","𝐀𝐌𝟓 𝐁𝐮𝐢𝐥𝐝 𝐋𝐢𝐦𝐢𝐭𝐞𝐝 𝐒𝐚𝐥𝐞! 🚨
Experience next-gen performance with our latest builds. PM for pricelist!",,51,"09/11/2023 22:30",,https://www.facebook.com/reel/1503664230060047/,0,0,Reels,,,,,09/17/2023,0,,,,,,26,0,0,0,0,49.042,6.266
1037330532349817,100064197037125,"PC Merchandise","𝐀𝐌𝟓 𝐁𝐮𝐢𝐥𝐝 𝐋𝐢𝐦𝐢𝐭𝐞𝐝 𝐒𝐚𝐥𝐞! 🚨
Experience next-gen performance with our latest builds. PM for pricelist!",,51,"09/11/2023 22:30",,https://www.facebook.com/reel/1503664230060047/,0,0,Reels,,,,,09/18/2023,0,,,,,,32,0,0,0,0,39.411,6.595
1037330532349817,100064197037125,"PC Merchandise","𝐀𝐌𝟓 𝐁𝐮𝐢𝐥𝐝 𝐋𝐢𝐦𝐢𝐭𝐞𝐝 𝐒𝐚𝐥𝐞! 🚨
Experience next-gen performance with our latest builds. PM for pricelist!",,51,"09/11/2023 22:30",,https://www.facebook.com/reel/1503664230060047/,0,0,Reels,,,,,09/19/2023,0,,,,,,24,0,0,0,0,49.904,5.970
1037330532349817,100064197037125,"PC Merchandise","𝐀𝐌𝟓 𝐁𝐮𝐢𝐥𝐝 𝐋𝐢𝐦𝐢𝐭𝐞𝐝 𝐒𝐚𝐥𝐞! 🚨
Experience next-gen performance with our latest builds. PM for pricelist!",,51,"09/11/2023 22:30",,https://www.facebook.com/reel/1503664230060047/,0,0,Reels,,,,,09/20/2023,0,,,,,,44,0,0,0,0,32.364,7.553
1037330532349817,100064197037125,"PC Merchandise","𝐀𝐌𝟓 𝐁𝐮𝐢𝐥𝐝 𝐋𝐢𝐦𝐢𝐭𝐞𝐝 𝐒𝐚𝐥𝐞! 🚨
Experience next-gen performance with our latest builds. PM for pricelist!",,51,"09/11/2023 22:30",,https://www.facebook.com/reel/1503664230060047/,0,0,Reels,,,,,09/21/2023,0,,,,,,46,0,0,0,0,17.711,4.998
1037330532349817,100064197037125,"PC Merchandise","𝐀𝐌𝟓 𝐁𝐮𝐢𝐥𝐝 𝐋𝐢𝐦𝐢𝐭𝐞𝐝 𝐒𝐚𝐥𝐞! 🚨
Experience next-gen performance with our latest builds. PM for pricelist!",,51,"09/11/2023 22:30",,https://www.facebook.com/reel/1503664230060047/,0,0,Reels,,,,,09/22/2023,0,,,,,,0,0,0,0,0,22.191,5.734
1037330532349817,100064197037125,"PC Merchandise","𝐀𝐌𝟓 𝐁𝐮𝐢𝐥𝐝 𝐋𝐢𝐦𝐢𝐭𝐞𝐝 𝐒𝐚𝐥𝐞! 🚨
Experience next-gen performance with our latest builds. PM for pricelist!",,51,"09/11/2023 22:30",,https://www.facebook.com/reel/1503664230060047/,0,0,Reels,,,,,09/23/2023,0,,,,,,0,0,0,0,0,9.181,5.311
1037330532349817,100064197037125,"PC Merchandise","𝐀𝐌𝟓 𝐁𝐮𝐢𝐥𝐝 𝐋𝐢𝐦𝐢𝐭𝐞𝐝 𝐒𝐚𝐥𝐞! 🚨
Experience next-gen performance with our latest builds. PM for pricelist!",,51,"09/11/2023 22:30",,https://www.facebook.com/reel/1503664230060047/,0,0,Reels,,,,,09/24/2023,0,,,,,,0,0,0,0,0,21.395,6.643
1037330532349817,100064197037125,"PC Merchandise","𝐀𝐌𝟓 𝐁𝐮𝐢𝐥𝐝 𝐋𝐢𝐦𝐢𝐭𝐞𝐝 𝐒𝐚𝐥𝐞! 🚨
Experience next-gen performance with our latest builds. PM for pricelist!",,51,"09/11/2023 22:30",,https://www.facebook.com/reel/1503664230060047/,0,0,Reels,,,,,09/25/2023,0,,,,,,0,0,0,0,0,15.764,7.399
1037330532349817,100064197037125,"PC Merchandise","𝐀𝐌𝟓 𝐁𝐮𝐢𝐥𝐝 𝐋𝐢𝐦𝐢𝐭𝐞𝐝 𝐒𝐚𝐥𝐞! 🚨
Experience next-gen performance with our latest builds. PM for pricelist!",,51,"09/11/2023 22:30",,https://www.facebook.com/reel/1503664230060047/,0,0,Reels,,,,,09/26/2023,0,,,,,,0,0,0,0,0,8.015,7.213
1037330532349817,100064197037125,"PC Merchandise","𝐀𝐌𝟓 𝐁𝐮𝐢𝐥𝐝 𝐋𝐢𝐦𝐢𝐭𝐞𝐝 𝐒𝐚𝐥𝐞! 🚨
Experience next-gen performance with our latest builds. PM for pricelist!",,51,"09/11/2023 22:30",,https://www.facebook.com/reel/1503664230060047/,0,0,Reels,,,,,09/27/2023,0,,,,,,0,0,0,0,0,7.642,7.335
1037330532349817,100064197037125,"PC Merchandise","𝐀𝐌𝟓 𝐁𝐮𝐢𝐥𝐝 𝐋𝐢𝐦𝐢𝐭𝐞𝐝 𝐒𝐚𝐥𝐞! 🚨
Experience next-gen performance with our latest builds. PM for pricelist!",,51,"09/11/2023 22:30",,https://www.facebook.com/reel/1503664230060047/,0,0,Reels,,,,,09/28/2023,0,,,,,,0,0,0,0,0,10.518,6.572
1037330532349817,100064197037125,"PC Merchandise","𝐀𝐌𝟓 𝐁𝐮𝐢𝐥𝐝 𝐋𝐢𝐦𝐢𝐭𝐞𝐝 𝐒𝐚𝐥𝐞! 🚨
Experience next-gen performance with our latest builds. PM for pricelist!",,51,"09/11/2023 22:30",,https://www.facebook.com/reel/1503664230060047/,0,0,Reels,,,,,09/29/2023,0,,,,,,0,0,0,0,0,19.870,6.002
1037330532349817,100064197037125,"PC Merchandise","𝐀𝐌𝟓 𝐁𝐮𝐢𝐥𝐝 𝐋𝐢𝐦𝐢𝐭𝐞𝐝 𝐒𝐚𝐥𝐞! 🚨
Experience next-gen performance with our latest builds. PM for pricelist!",,51,"09/11/2023 22:30",,https://www.facebook.com/reel/1503664230060047/,0,0,Reels,,,,,09/30/2023,0,,,,,,0,0,0,0,0,12.469,5.483
1036908400528880,100064197037125,"PC Merchandise","𝐀𝐌𝟓 𝐁𝐮𝐢𝐥𝐝 𝐋𝐢𝐦𝐢𝐭𝐞𝐝 𝐒𝐚𝐥𝐞! 🚨
Experience next-gen performance with our latest builds. PM for pricelist!",,35,"09/10/2023 19:30",auto,https://www.facebook.com/reel/1814885675942530/,0,0,Reels,,,,,09/01/2023,0,,,,,,0,0,0,0,0,0.000,3.246
1036908400528880,100064197037125,"PC Merchandise","𝐀𝐌𝟓 𝐁𝐮𝐢𝐥𝐝 𝐋𝐢𝐦𝐢𝐭𝐞𝐝 𝐒𝐚𝐥𝐞! 🚨
Experience next-gen performance with our latest builds. PM for pricelist!",,35,"09/10/2023 19:30",auto,https://www.facebook.com/reel/1814885675942530/,0,0,Reels,,,,,09/02/2023,0,,,,,,0,0,0,0,0,0.000,5.309
1036908400528880,100064197037125,"PC Merchandise","𝐀𝐌𝟓 𝐁𝐮𝐢𝐥𝐝 𝐋𝐢𝐦𝐢𝐭𝐞𝐝 𝐒𝐚𝐥𝐞! 🚨
Experience next-gen performance with our latest builds. PM for pricelist!",,35,"09/10/2023 19:30",auto,https://www.facebook.com/reel/1814885675942530/,0,0,Reels,,,,,09/03/2023,0,,,,,,0,0,0,0,0,0.000,3.654
1036908400528880,100064197037125,"PC Merchandise","𝐀𝐌𝟓 𝐁𝐮𝐢𝐥𝐝 𝐋𝐢𝐦𝐢𝐭𝐞𝐝 𝐒𝐚𝐥𝐞! 🚨
Experience next-gen performance with our latest builds. PM for pricelist!",,35,"09/10/2023 19:30",auto,https://www.facebook.com/reel/1814885675942530/,0,0,Reels,,,,,09/04/2023,0,,,,,,0,0,0,0,0,0.000,3.125
1036908400528880,100064197037125,"PC Merchandise","𝐀𝐌𝟓 𝐁𝐮𝐢𝐥𝐝 𝐋𝐢𝐦𝐢𝐭𝐞𝐝 𝐒𝐚𝐥𝐞! 🚨
Experience next-gen performance with our latest builds. PM for pricelist!",,35,"09/10/2023 19:30",auto,https://www.facebook.com/reel/1814885675942530/,0,0,Reels,,,,,09/05/2023,0,,,,,,0,0,0,0,0,0.000,3.220
1036908400528880,100064197037125,"PC Merchandise","𝐀𝐌𝟓 𝐁𝐮𝐢𝐥𝐝 𝐋𝐢𝐦𝐢𝐭𝐞𝐝 𝐒𝐚𝐥𝐞! 🚨
Experience next-gen performance with our latest builds. PM for pricelist!",,35,"09/10/2023 19:30",auto,https://www.facebook.com/reel/1814885675942530/,0,0,Reels,,,,,09/06/2023,0,,,,,,0,0,0,0,0,0.000,5.103
1036908400528880,100064197037125,"PC Merchandise","𝐀𝐌𝟓 𝐁𝐮𝐢𝐥𝐝 𝐋𝐢𝐦𝐢𝐭𝐞𝐝 𝐒𝐚𝐥𝐞! 🚨
Experience next-gen performance with our latest builds. PM for pricelist!",,35,"09/10/2023 19:30",auto,https://www.facebook.com/reel/1814885675942530/,0,0,Reels,,,,,09/07/2023,0,,,,,,0,0,0,0,0,0.000,3.764
1036908400528880,100064197037125,"PC Merchandise","𝐀𝐌𝟓 𝐁𝐮𝐢𝐥𝐝 𝐋𝐢𝐦𝐢𝐭𝐞𝐝 𝐒𝐚𝐥𝐞! 🚨
Experience next-gen performance with our latest builds. PM for pricelist!",,35,"09/10/2023 19:30",auto,https://www.facebook.com/reel/1814885675942530/,0,0,Reels,,,,,09/08/2023,0,,,,,,0,0,0,0,0,0.000,4.877
1036908400528880,100064197037125,"PC Merchandise","𝐀𝐌𝟓 𝐁𝐮𝐢𝐥𝐝 𝐋𝐢𝐦𝐢𝐭𝐞𝐝 𝐒𝐚𝐥𝐞! 🚨
Experience next-gen performance with our latest builds. PM for pricelist!",,35,"09/10/2023 19:30",auto,https://www.facebook.com/reel/1814885675942530/,0,0,Reels,,,,,09/09/2023,0,,,,,,0,0,0,0,0,0.000,3.880
1036908400528880,100064197037125,"PC Merchandise","𝐀𝐌𝟓 𝐁𝐮𝐢𝐥𝐝 𝐋𝐢𝐦𝐢𝐭𝐞𝐝 𝐒𝐚𝐥𝐞! 🚨
Experience next-gen performance with our latest builds. PM for pricelist!",,35,"09/10/2023 19:30",auto,https://www.facebook.com/reel/1814885675942530/,0,0,Reels,,,,,09/10/2023,0,,,,,,0,0,1,1,0,346.305,3.518
1036908400528880,100064197037125,"PC Merchandise","𝐀𝐌𝟓 𝐁𝐮𝐢𝐥𝐝 𝐋𝐢𝐦𝐢𝐭𝐞𝐝 𝐒𝐚𝐥𝐞! 🚨
Experience next-gen performance with our latest builds. PM for pricelist!",,35,"09/10/2023 19:30",auto,https://www.facebook.com/reel/1814885675942530/,0,0,Reels,,,,,09/11/2023,0,,,,,,0,0,0,0,0,315.958,2.586
1036908400528880,100064197037125,"PC Merchandise","𝐀𝐌𝟓 𝐁𝐮𝐢𝐥𝐝 𝐋𝐢𝐦𝐢𝐭𝐞𝐝 𝐒𝐚𝐥𝐞! 🚨
Experience next-gen performance with our latest builds. PM for pricelist!",,35,"09/10/2023 19:30",auto,https://www.facebook.com/reel/1814885675942530/,0,0,Reels,,,,,09/12/2023,0,,,,,,0,0,0,0,0,179.132,5.303
1036908400528880,100064197037125,"PC Merchandise","𝐀𝐌𝟓 𝐁𝐮𝐢𝐥𝐝 𝐋𝐢𝐦𝐢𝐭𝐞𝐝 𝐒𝐚𝐥𝐞! 🚨
Experience next-gen performance with our latest builds. PM for pricelist!",,35,"09/10/2023 19:30",auto,https://www.facebook.com/reel/1814885675942530/,0,0,Reels,,,,,09/13/2023,0,,,,,,0,0,0,0,0,135.889,3.351
1036908400528880,100064197037125,"PC Merchandise","𝐀𝐌𝟓 𝐁𝐮𝐢𝐥𝐝 𝐋𝐢𝐦𝐢𝐭𝐞𝐝 𝐒𝐚𝐥𝐞! 🚨
Experience next-gen performance with our latest builds. PM for pricelist!",,35,"09/10/2023 19:30",auto,https://www.facebook.com/reel/1814885675942530/,0,0,Reels,,,,,09/14/2023,0,,,,,,0,0,0,0,0,150.618,3.726
1036908400528880,100064197037125,"PC Merchandise","𝐀𝐌𝟓 𝐁𝐮𝐢𝐥𝐝 𝐋𝐢𝐦𝐢𝐭𝐞𝐝 𝐒𝐚𝐥𝐞! 🚨
Experience next-gen performance with our latest builds. PM for pricelist!",,35,"09/10/2023 19:30",auto,https://www.facebook.com/reel/1814885675942530/,0,0,Reels,,,,,09/15/2023,0,,,,,,0,0,0,0,0,166.163,3.945
1036908400528880,100064197037125,"PC Merchandise","𝐀𝐌𝟓 𝐁𝐮𝐢𝐥𝐝 𝐋𝐢𝐦𝐢𝐭𝐞𝐝 𝐒𝐚𝐥𝐞! 🚨
Experience next-gen performance with our latest builds. PM for pricelist!",,35,"09/10/2023 19:30",auto,https://www.facebook.com/reel/1814885675942530/,0,0,Reels,,,,,09/16/2023,0,,,,,,0,0,1,1,0,42.931,5.256
1036908400528880,100064197037125,"PC Merchandise","𝐀𝐌𝟓 𝐁𝐮𝐢𝐥𝐝 𝐋𝐢𝐦𝐢𝐭𝐞𝐝 𝐒𝐚𝐥𝐞! 🚨
Experience next-gen performance with our latest builds. PM for pricelist!",,35,"09/10/2023 19:30",auto,https://www.facebook.com/reel/1814885675942530/,0,0,Reels,,,,,09/17/2023,0,,,,,,0,0,0,0,0,75.859,4.741
1036908400528880,100064197037125,"PC Merchandise","𝐀𝐌𝟓 𝐁𝐮𝐢𝐥𝐝 𝐋𝐢𝐦𝐢𝐭𝐞𝐝 𝐒𝐚𝐥𝐞! 🚨
Experience next-gen performance with our latest builds. PM for pricelist!",,35,"09/10/2023 19:30",auto,https://www.facebook.com/reel/1814885675942530/,0,0,Reels,,,,,09/18/2023,0,,,,,,0,0,0,0,0,137.883,3.167
1036908400528880,100064197037125,"PC Merchandise","𝐀𝐌𝟓 𝐁𝐮𝐢𝐥𝐝 𝐋𝐢𝐦𝐢𝐭𝐞𝐝 𝐒𝐚𝐥𝐞! 🚨
Experience next-gen performance with our latest builds. PM for pricelist!",,35,"09/10/2023 19:30",auto,https://www.facebook.com/reel/1814885675942530/,0,0,Reels,,,,,09/19/2023,0,,,,,,0,0,0,0,0,28.894,4.407
1036908400528880,100064197037125,"PC Merchandise","𝐀𝐌𝟓 𝐁𝐮𝐢𝐥𝐝 𝐋𝐢𝐦𝐢𝐭𝐞𝐝 𝐒𝐚𝐥𝐞! 🚨
Experience next-gen performance with our latest builds. PM for pricelist!",,35,"09/10/2023 19:30",auto,https://www.facebook.com/reel/1814885675942530/,0,0,Reels,,,,,09/20/2023,0,,,,,,0,0,0,0,0,50.125,4.671
1036908400528880,100064197037125,"PC Merchandise","𝐀𝐌𝟓 𝐁𝐮𝐢𝐥𝐝 𝐋𝐢𝐦𝐢𝐭𝐞𝐝 𝐒𝐚𝐥𝐞! 🚨
Experience next-gen performance with our latest builds. PM for pricelist!",,35,"09/10/2023 19:30",auto,https://www.facebook.com/reel/1814885675942530/,0,0,Reels,,,,,09/21/2023,0,,,,,,0,0,0,0,0,11.055,4.422
1036908400528880,100064197037125,"PC Merchandise","𝐀𝐌𝟓 𝐁𝐮𝐢𝐥𝐝 𝐋𝐢𝐦𝐢𝐭𝐞𝐝 𝐒𝐚𝐥𝐞! 🚨
Experience next-gen performance with our latest builds. PM for pricelist!",,35,"09/10/2023 19:30",auto,https://www.facebook.com/reel/1814885675942530/,0,0,Reels,,,,,09/22/2023,0,,,,,,0,0,0,0,0,40.954,4.426
1036908400528880,100064197037125,"PC Merchandise","𝐀𝐌𝟓 𝐁𝐮𝐢𝐥𝐝 𝐋𝐢𝐦𝐢𝐭𝐞𝐝 𝐒𝐚𝐥𝐞! 🚨
Experience next-gen performance with our latest builds. PM for pricelist!",,35,"09/10/2023 19:30",auto,https://www.facebook.com/reel/1814885675942530/,0,0,Reels,,,,,09/23/2023,0,,,,,,0,0,0,0,0,17.270,4.192
1036908400528880,100064197037125,"PC Merchandise","𝐀𝐌𝟓 𝐁𝐮𝐢𝐥𝐝 𝐋𝐢𝐦𝐢𝐭𝐞𝐝 𝐒𝐚𝐥𝐞! 🚨
Experience next-gen performance with our latest builds. PM for pricelist!",,35,"09/10/2023 19:30",auto,https://www.facebook.com/reel/1814885675942530/,0,0,Reels,,,,,09/24/2023,0,,,,,,0,0,0,0,0,44.638,3.932
1036908400528880,100064197037125,"PC Merchandise","𝐀𝐌𝟓 𝐁𝐮𝐢𝐥𝐝 𝐋𝐢𝐦𝐢𝐭𝐞𝐝 𝐒𝐚𝐥𝐞! 🚨
Experience next-gen performance with our latest builds. PM for pricelist!",,35,"09/10/2023 19:30",auto,https://www.facebook.com/reel/1814885675942530/,0,0,Reels,,,,,09/25/2023,0,,,,,,0,0,0,0,0,24.895,3.735
1036908400528880,100064197037125,"PC Merchandise","𝐀𝐌𝟓 𝐁𝐮𝐢𝐥𝐝 𝐋𝐢𝐦𝐢𝐭𝐞𝐝 𝐒𝐚𝐥𝐞! 🚨
Experience next-gen performance with our latest builds. PM for pricelist!",,35,"09/10/2023 19:30",auto,https://www.facebook.com/reel/1814885675942530/,0,0,Reels,,,,,09/26/2023,0,,,,,,0,0,0,0,0,12.450,3.604
1036908400528880,100064197037125,"PC Merchandise","𝐀𝐌𝟓 𝐁𝐮𝐢𝐥𝐝 𝐋𝐢𝐦𝐢𝐭𝐞𝐝 𝐒𝐚𝐥𝐞! 🚨
Experience next-gen performance with our latest builds. PM for pricelist!",,35,"09/10/2023 19:30",auto,https://www.facebook.com/reel/1814885675942530/,0,0,Reels,,,,,09/27/2023,0,,,,,,0,0,0,0,0,8.880,4.989
1036908400528880,100064197037125,"PC Merchandise","𝐀𝐌𝟓 𝐁𝐮𝐢𝐥𝐝 𝐋𝐢𝐦𝐢𝐭𝐞𝐝 𝐒𝐚𝐥𝐞! 🚨
Experience next-gen performance with our latest builds. PM for pricelist!",,35,"09/10/2023 19:30",auto,https://www.facebook.com/reel/1814885675942530/,0,0,Reels,,,,,09/28/2023,0,,,,,,0,0,1,0,1,16.431,2.309
1036908400528880,100064197037125,"PC Merchandise","𝐀𝐌𝟓 𝐁𝐮𝐢𝐥𝐝 𝐋𝐢𝐦𝐢𝐭𝐞𝐝 𝐒𝐚𝐥𝐞! 🚨
Experience next-gen performance with our latest builds. PM for pricelist!",,35,"09/10/2023 19:30",auto,https://www.facebook.com/reel/1814885675942530/,0,0,Reels,,,,,09/29/2023,0,,,,,,0,0,0,0,0,12.363,4.164
1036908400528880,100064197037125,"PC Merchandise","𝐀𝐌𝟓 𝐁𝐮𝐢𝐥𝐝 𝐋𝐢𝐦𝐢𝐭𝐞𝐝 𝐒𝐚𝐥𝐞! 🚨
Experience next-gen performance with our latest builds. PM for pricelist!",,35,"09/10/2023 19:30",auto,https://www.facebook.com/reel/1814885675942530/,0,0,Reels,,,,,09/30/2023,0,,,,,,0,0,0,0,0,14.643,5.132
1037231683162964,100064197037125,"PC Merchandise","malas naman🥹",,0,"09/10/2023 19:30",,https://www.facebook.com/pcmerchandise.co/posts/pfbid04YTaWvUXgJmaeW2Ou4h11ZuRG6SVPqQ55ZKoVJPzQAA7nmmklzaFS3GB,0,0,Photos,,,,,09/30/2023,1,,,,,,,,,,,,
1037231683162964,100064197037125,"PC Merchandise","malas naman🥹",,0,"09/10/2023 19:30",,https://www.facebook.com/pcmerchandise.co/posts/pfbid04YTaWvUXgJmaeW2Ou4h11ZuRG6SVPqQ55ZKoVJPzQAA7nmmklzaFS3GB,0,0,Photos,,,,,09/01/2023,,,0,0,0,0,0,0,,,,,
1037231683162964,100064197037125,"PC Merchandise","malas naman🥹",,0,"09/10/2023 19:30",,https://www.facebook.com/pcmerchandise.co/posts/pfbid04YTaWvUXgJmaeW2Ou4h11ZuRG6SVPqQ55ZKoVJPzQAA7nmmklzaFS3GB,0,0,Photos,,,,,09/02/2023,,,0,0,0,0,0,0,,,,,
1037231683162964,100064197037125,"PC Merchandise","malas naman🥹",,0,"09/10/2023 19:30",,https://www.facebook.com/pcmerchandise.co/posts/pfbid04YTaWvUXgJmaeW2Ou4h11ZuRG6SVPqQ55ZKoVJPzQAA7nmmklzaFS3GB,0,0,Photos,,,,,09/03/2023,,,0,0,0,0,0,0,,,,,
1037231683162964,100064197037125,"PC Merchandise","malas naman🥹",,0,"09/10/2023 19:30",,https://www.facebook.com/pcmerchandise.co/posts/pfbid04YTaWvUXgJmaeW2Ou4h11ZuRG6SVPqQ55ZKoVJPzQAA7nmmklzaFS3GB,0,0,Photos,,,,,09/04/2023,,,0,0,0,0,0,0,,,,,
1037231683162964,100064197037125,"PC Merchandise","malas naman🥹",,0,"09/10/2023 19:30",,https://www.facebook.com/pcmerchandise.co/posts/pfbid04YTaWvUXgJmaeW2Ou4h11ZuRG6SVPqQ55ZKoVJPzQAA7nmmklzaFS3GB,0,0,Photos,,,,,09/05/2023,,,0,0,0,0,0,0,,,,,
1037231683162964,100064197037125,"PC Merchandise","malas naman🥹",,0,"09/10/2023 19:30",,https://www.facebook.com/pcmerchandise.co/posts/pfbid04YTaWvUXgJmaeW2Ou4h11ZuRG6SVPqQ55ZKoVJPzQAA7nmmklzaFS3GB,0,0,Photos,,,,,09/06/2023,,,0,0,0,0,0,0,,,,,
1037231683162964,100064197037125,"PC Merchandise","malas naman🥹",,0,"09/10/2023 19:30",,https://www.facebook.com/pcmerchandise.co/posts/pfbid04YTaWvUXgJmaeW2Ou4h11ZuRG6SVPqQ55ZKoVJPzQAA7nmmklzaFS3GB,0,0,Photos,,,,,09/07/2023,,,0,0,0,0,0,0,,,,,
1037231683162964,100064197037125,"PC Merchandise","malas naman🥹",,0,"09/10/2023 19:30",,https://www.facebook.com/pcmerchandise.co/posts/pfbid04YTaWvUXgJmaeW2Ou4h11ZuRG6SVPqQ55ZKoVJPzQAA7nmmklzaFS3GB,0,0,Photos,,,,,09/08/2023,,,0,0,0,0,0,0,,,,,
1037231683162964,100064197037125,"PC Merchandise","malas naman🥹",,0,"09/10/2023 19:30",,https://www.facebook.com/pcmerchandise.co/posts/pfbid04YTaWvUXgJmaeW2Ou4h11ZuRG6SVPqQ55ZKoVJPzQAA7nmmklzaFS3GB,0,0,Photos,,,,,09/09/2023,,,0,0,0,0,0,0,,,,,
1037231683162964,100064197037125,"PC Merchandise","malas naman🥹",,0,"09/10/2023 19:30",,https://www.facebook.com/pcmerchandise.co/posts/pfbid04YTaWvUXgJmaeW2Ou4h11ZuRG6SVPqQ55ZKoVJPzQAA7nmmklzaFS3GB,0,0,Photos,,,,,09/10/2023,,,0,0,0,0,0,0,,,,,
1037231683162964,100064197037125,"PC Merchandise","malas naman🥹",,0,"09/10/2023 19:30",,https://www.facebook.com/pcmerchandise.co/posts/pfbid04YTaWvUXgJmaeW2Ou4h11ZuRG6SVPqQ55ZKoVJPzQAA7nmmklzaFS3GB,0,0,Photos,,,,,09/11/2023,,,0,0,0,0,0,0,,,,,
1037231683162964,100064197037125,"PC Merchandise","malas naman🥹",,0,"09/10/2023 19:30",,https://www.facebook.com/pcmerchandise.co/posts/pfbid04YTaWvUXgJmaeW2Ou4h11ZuRG6SVPqQ55ZKoVJPzQAA7nmmklzaFS3GB,0,0,Photos,,,,,09/12/2023,,,0,0,0,0,0,0,,,,,
1037231683162964,100064197037125,"PC Merchandise","malas naman🥹",,0,"09/10/2023 19:30",,https://www.facebook.com/pcmerchandise.co/posts/pfbid04YTaWvUXgJmaeW2Ou4h11ZuRG6SVPqQ55ZKoVJPzQAA7nmmklzaFS3GB,0,0,Photos,,,,,09/13/2023,,,0,0,0,0,0,0,,,,,
1037231683162964,100064197037125,"PC Merchandise","malas naman🥹",,0,"09/10/2023 19:30",,https://www.facebook.com/pcmerchandise.co/posts/pfbid04YTaWvUXgJmaeW2Ou4h11ZuRG6SVPqQ55ZKoVJPzQAA7nmmklzaFS3GB,0,0,Photos,,,,,09/14/2023,,,0,0,0,0,0,0,,,,,
1037231683162964,100064197037125,"PC Merchandise","malas naman🥹",,0,"09/10/2023 19:30",,https://www.facebook.com/pcmerchandise.co/posts/pfbid04YTaWvUXgJmaeW2Ou4h11ZuRG6SVPqQ55ZKoVJPzQAA7nmmklzaFS3GB,0,0,Photos,,,,,09/15/2023,,,0,0,0,0,0,0,,,,,
1037231683162964,100064197037125,"PC Merchandise","malas naman🥹",,0,"09/10/2023 19:30",,https://www.facebook.com/pcmerchandise.co/posts/pfbid04YTaWvUXgJmaeW2Ou4h11ZuRG6SVPqQ55ZKoVJPzQAA7nmmklzaFS3GB,0,0,Photos,,,,,09/16/2023,,,0,0,0,0,0,0,,,,,
1037231683162964,100064197037125,"PC Merchandise","malas naman🥹",,0,"09/10/2023 19:30",,https://www.facebook.com/pcmerchandise.co/posts/pfbid04YTaWvUXgJmaeW2Ou4h11ZuRG6SVPqQ55ZKoVJPzQAA7nmmklzaFS3GB,0,0,Photos,,,,,09/17/2023,,,0,0,0,0,0,0,,,,,
1037231683162964,100064197037125,"PC Merchandise","malas naman🥹",,0,"09/10/2023 19:30",,https://www.facebook.com/pcmerchandise.co/posts/pfbid04YTaWvUXgJmaeW2Ou4h11ZuRG6SVPqQ55ZKoVJPzQAA7nmmklzaFS3GB,0,0,Photos,,,,,09/18/2023,,,0,0,0,0,0,0,,,,,
1037231683162964,100064197037125,"PC Merchandise","malas naman🥹",,0,"09/10/2023 19:30",,https://www.facebook.com/pcmerchandise.co/posts/pfbid04YTaWvUXgJmaeW2Ou4h11ZuRG6SVPqQ55ZKoVJPzQAA7nmmklzaFS3GB,0,0,Photos,,,,,09/19/2023,,,0,0,0,0,0,0,,,,,
1037231683162964,100064197037125,"PC Merchandise","malas naman🥹",,0,"09/10/2023 19:30",,https://www.facebook.com/pcmerchandise.co/posts/pfbid04YTaWvUXgJmaeW2Ou4h11ZuRG6SVPqQ55ZKoVJPzQAA7nmmklzaFS3GB,0,0,Photos,,,,,09/20/2023,,,0,0,0,0,0,0,,,,,
1037231683162964,100064197037125,"PC Merchandise","malas naman🥹",,0,"09/10/2023 19:30",,https://www.facebook.com/pcmerchandise.co/posts/pfbid04YTaWvUXgJmaeW2Ou4h11ZuRG6SVPqQ55ZKoVJPzQAA7nmmklzaFS3GB,0,0,Photos,,,,,09/21/2023,,,0,0,0,0,0,0,,,,,
1037231683162964,100064197037125,"PC Merchandise","malas naman🥹",,0,"09/10/2023 19:30",,https://www.facebook.com/pcmerchandise.co/posts/pfbid04YTaWvUXgJmaeW2Ou4h11ZuRG6SVPqQ55ZKoVJPzQAA7nmmklzaFS3GB,0,0,Photos,,,,,09/22/2023,,,0,0,0,0,0,0,,,,,
1037231683162964,100064197037125,"PC Merchandise","malas naman🥹",,0,"09/10/2023 19:30",,https://www.facebook.com/pcmerchandise.co/posts/pfbid04YTaWvUXgJmaeW2Ou4h11ZuRG6SVPqQ55ZKoVJPzQAA7nmmklzaFS3GB,0,0,Photos,,,,,09/23/2023,,,0,0,0,0,0,0,,,,,
1037231683162964,100064197037125,"PC Merchandise","malas naman🥹",,0,"09/10/2023 19:30",,https://www.facebook.com/pcmerchandise.co/posts/pfbid04YTaWvUXgJmaeW2Ou4h11ZuRG6SVPqQ55ZKoVJPzQAA7nmmklzaFS3GB,0,0,Photos,,,,,09/24/2023,,,0,0,0,0,0,0,,,,,
1037231683162964,100064197037125,"PC Merchandise","malas naman🥹",,0,"09/10/2023 19:30",,https://www.facebook.com/pcmerchandise.co/posts/pfbid04YTaWvUXgJmaeW2Ou4h11ZuRG6SVPqQ55ZKoVJPzQAA7nmmklzaFS3GB,0,0,Photos,,,,,09/25/2023,,,0,0,0,0,0,0,,,,,
1037231683162964,100064197037125,"PC Merchandise","malas naman🥹",,0,"09/10/2023 19:30",,https://www.facebook.com/pcmerchandise.co/posts/pfbid04YTaWvUXgJmaeW2Ou4h11ZuRG6SVPqQ55ZKoVJPzQAA7nmmklzaFS3GB,0,0,Photos,,,,,09/26/2023,,,0,0,0,0,0,0,,,,,
1037231683162964,100064197037125,"PC Merchandise","malas naman🥹",,0,"09/10/2023 19:30",,https://www.facebook.com/pcmerchandise.co/posts/pfbid04YTaWvUXgJmaeW2Ou4h11ZuRG6SVPqQ55ZKoVJPzQAA7nmmklzaFS3GB,0,0,Photos,,,,,09/27/2023,,,0,0,0,0,0,0,,,,,
1037231683162964,100064197037125,"PC Merchandise","malas naman🥹",,0,"09/10/2023 19:30",,https://www.facebook.com/pcmerchandise.co/posts/pfbid04YTaWvUXgJmaeW2Ou4h11ZuRG6SVPqQ55ZKoVJPzQAA7nmmklzaFS3GB,0,0,Photos,,,,,09/28/2023,,,0,0,0,0,0,0,,,,,
1037231683162964,100064197037125,"PC Merchandise","malas naman🥹",,0,"09/10/2023 19:30",,https://www.facebook.com/pcmerchandise.co/posts/pfbid04YTaWvUXgJmaeW2Ou4h11ZuRG6SVPqQ55ZKoVJPzQAA7nmmklzaFS3GB,0,0,Photos,,,,,09/29/2023,,,0,0,0,0,0,0,,,,,
1037231683162964,100064197037125,"PC Merchandise","malas naman🥹",,0,"09/10/2023 19:30",,https://www.facebook.com/pcmerchandise.co/posts/pfbid04YTaWvUXgJmaeW2Ou4h11ZuRG6SVPqQ55ZKoVJPzQAA7nmmklzaFS3GB,0,0,Photos,,,,,09/30/2023,,,0,0,0,0,0,0,,,,,
1037583245571303,100064197037125,"PC Merchandise","Paano kung sabihin ko sayo na kaya mo na mag RX 6600 build under budget? 👀",,57,"09/10/2023 17:00",,https://www.facebook.com/reel/1892417774648948/,1,0,Reels,,,,,09/01/2023,0,,,,,,0,0,0,0,0,0.000,5.359
1037583245571303,100064197037125,"PC Merchandise","Paano kung sabihin ko sayo na kaya mo na mag RX 6600 build under budget? 👀",,57,"09/10/2023 17:00",,https://www.facebook.com/reel/1892417774648948/,1,0,Reels,,,,,09/02/2023,0,,,,,,0,0,0,0,0,0.000,4.217
1037583245571303,100064197037125,"PC Merchandise","Paano kung sabihin ko sayo na kaya mo na mag RX 6600 build under budget? 👀",,57,"09/10/2023 17:00",,https://www.facebook.com/reel/1892417774648948/,1,0,Reels,,,,,09/03/2023,0,,,,,,0,0,0,0,0,0.000,4.992
1037583245571303,100064197037125,"PC Merchandise","Paano kung sabihin ko sayo na kaya mo na mag RX 6600 build under budget? 👀",,57,"09/10/2023 17:00",,https://www.facebook.com/reel/1892417774648948/,1,0,Reels,,,,,09/04/2023,0,,,,,,0,0,0,0,0,0.000,3.601
1037583245571303,100064197037125,"PC Merchandise","Paano kung sabihin ko sayo na kaya mo na mag RX 6600 build under budget? 👀",,57,"09/10/2023 17:00",,https://www.facebook.com/reel/1892417774648948/,1,0,Reels,,,,,09/05/2023,0,,,,,,0,0,0,0,0,0.000,5.021
1037583245571303,100064197037125,"PC Merchandise","Paano kung sabihin ko sayo na kaya mo na mag RX 6600 build under budget? 👀",,57,"09/10/2023 17:00",,https://www.facebook.com/reel/1892417774648948/,1,0,Reels,,,,,09/06/2023,0,,,,,,0,0,0,0,0,0.000,5.616
1037583245571303,100064197037125,"PC Merchandise","Paano kung sabihin ko sayo na kaya mo na mag RX 6600 build under budget? 👀",,57,"09/10/2023 17:00",,https://www.facebook.com/reel/1892417774648948/,1,0,Reels,,,,,09/07/2023,0,,,,,,0,0,0,0,0,0.000,4.734
1037583245571303,100064197037125,"PC Merchandise","Paano kung sabihin ko sayo na kaya mo na mag RX 6600 build under budget? 👀",,57,"09/10/2023 17:00",,https://www.facebook.com/reel/1892417774648948/,1,0,Reels,,,,,09/08/2023,0,,,,,,0,0,0,0,0,0.000,3.841
1037583245571303,100064197037125,"PC Merchandise","Paano kung sabihin ko sayo na kaya mo na mag RX 6600 build under budget? 👀",,57,"09/10/2023 17:00",,https://www.facebook.com/reel/1892417774648948/,1,0,Reels,,,,,09/09/2023,0,,,,,,0,0,0,0,0,0.000,3.606
1037583245571303,100064197037125,"PC Merchandise","Paano kung sabihin ko sayo na kaya mo na mag RX 6600 build under budget? 👀",,57,"09/10/2023 17:00",,https://www.facebook.com/reel/1892417774648948/,1,0,Reels,,,,,09/10/2023,0,,,,,,140,0,1,1,0,939.143,3.288
1037583245571303,100064197037125,"PC Merchandise","Paano kung sabihin ko sayo na kaya mo na mag RX 6600 build under budget? 👀",,57,"09/10/2023 17:00",,https://www.facebook.com/reel/1892417774648948/,1,0,Reels,,,,,09/11/2023,0,,,,,,117,0,0,0,0,889.940,4.452
1037583245571303,100064197037125,"PC Merchandise","Paano kung sabihin ko sayo na kaya mo na mag RX 6600 build under budget? 👀",,57,"09/10/2023 17:00",,https://www.facebook.com/reel/1892417774648948/,1,0,Reels,,,,,09/12/2023,0,,,,,,128,0,1,1,0,698.316,4.270
1037583245571303,100064197037125,"PC Merchandise","Paano kung sabihin ko sayo na kaya mo na mag RX 6600 build under budget? 👀",,57,"09/10/2023 17:00",,https://www.facebook.com/reel/1892417774648948/,1,0,Reels,,,,,09/13/2023,0,,,,,,132,0,0,0,0,449.524,3.644
1037583245571303,100064197037125,"PC Merchandise","Paano kung sabihin ko sayo na kaya mo na mag RX 6600 build under budget? 👀",,57,"09/10/2023 17:00",,https://www.facebook.com/reel/1892417774648948/,1,0,Reels,,,,,09/14/2023,0,,,,,,137,0,0,0,0,622.808,4.128
1037583245571303,100064197037125,"PC Merchandise","Paano kung sabihin ko sayo na kaya mo na mag RX 6600 build under budget? 👀",,57,"09/10/2023 17:00",,https://www.facebook.com/reel/1892417774648948/,1,0,Reels,,,,,09/15/2023,0,,,,,,126,0,0,0,0,475.002,4.926
1037583245571303,100064197037125,"PC Merchandise","Paano kung sabihin ko sayo na kaya mo na mag RX 6600 build under budget? 👀",,57,"09/10/2023 17:00",,https://www.facebook.com/reel/1892417774648948/,1,0,Reels,,,,,09/16/2023,0,,,,,,136,0,0,0,0,272.952,2.729
1037583245571303,100064197037125,"PC Merchandise","Paano kung sabihin ko sayo na kaya mo na mag RX 6600 build under budget? 👀",,57,"09/10/2023 17:00",,https://www.facebook.com/reel/1892417774648948/,1,0,Reels,,,,,09/17/2023,0,,,,,,120,0,0,0,0,159.140,4.339
1037583245571303,100064197037125,"PC Merchandise","Paano kung sabihin ko sayo na kaya mo na mag RX 6600 build under budget? 👀",,57,"09/10/2023 17:00",,https://www.facebook.com/reel/1892417774648948/,1,0,Reels,,,,,09/18/2023,0,,,,,,0,0,1,0,1,80.150,4.975
1037583245571303,100064197037125,"PC Merchandise","Paano kung sabihin ko sayo na kaya mo na mag RX 6600 build under budget? 👀",,57,"09/10/2023 17:00",,https://www.facebook.com/reel/1892417774648948/,1,0,Reels,,,,,09/19/2023,0,,,,,,0,0,0,0,0,128.494,5.305
1037583245571303,100064197037125,"PC Merchandise","Paano kung sabihin ko sayo na kaya mo na mag RX 6600 build under budget? 👀",,57,"09/10/2023 17:00",,https://www.facebook.com/reel/1892417774648948/,1,0,Reels,,,,,09/20/2023,0,,,,,,0,0,0,0,0,124.825,5.205
1037583245571303,100064197037125,"PC Merchandise","Paano kung sabihin ko sayo na kaya mo na mag RX 6600 build under budget? 👀",,57,"09/10/2023 17:00",,https://www.facebook.com/reel/1892417774648948/,1,0,Reels,,,,,09/21/2023,0,,,,,,0,0,0,0,0,152.554,3.457
1037583245571303,100064197037125,"PC Merchandise","Paano kung sabihin ko sayo na kaya mo na mag RX 6600 build under budget? 👀",,57,"09/10/2023 17:00",,https://www.facebook.com/reel/1892417774648948/,1,0,Reels,,,,,09/22/2023,0,,,,,,0,0,0,0,0,52.633,5.582
1037583245571303,100064197037125,"PC Merchandise","Paano kung sabihin ko sayo na kaya mo na mag RX 6600 build under budget? 👀",,57,"09/10/2023 17:00",,https://www.facebook.com/reel/1892417774648948/,1,0,Reels,,,,,09/23/2023,0,,,,,,0,0,0,0,0,38.077,4.497
1037583245571303,100064197037125,"PC Merchandise","Paano kung sabihin ko sayo na kaya mo na mag RX 6600 build under budget? 👀",,57,"09/10/2023 17:00",,https://www.facebook.com/reel/1892417774648948/,1,0,Reels,,,,,09/24/2023,0,,,,,,0,0,0,0,0,88.341,3.854
1037583245571303,100064197037125,"PC Merchandise","Paano kung sabihin ko sayo na kaya mo na mag RX 6600 build under budget? 👀",,57,"09/10/2023 17:00",,https://www.facebook.com/reel/1892417774648948/,1,0,Reels,,,,,09/25/2023,0,,,,,,0,0,0,0,0,99.955,5.626
1037583245571303,100064197037125,"PC Merchandise","Paano kung sabihin ko sayo na kaya mo na mag RX 6600 build under budget? 👀",,57,"09/10/2023 17:00",,https://www.facebook.com/reel/1892417774648948/,1,0,Reels,,,,,09/26/2023,0,,,,,,0,0,0,0,0,50.096,4.434
1037583245571303,100064197037125,"PC Merchandise","Paano kung sabihin ko sayo na kaya mo na mag RX 6600 build under budget? 👀",,57,"09/10/2023 17:00",,https://www.facebook.com/reel/1892417774648948/,1,0,Reels,,,,,09/27/2023,0,,,,,,0,0,0,0,0,51.803,2.873
1037583245571303,100064197037125,"PC Merchandise","Paano kung sabihin ko sayo na kaya mo na mag RX 6600 build under budget? 👀",,57,"09/10/2023 17:00",,https://www.facebook.com/reel/1892417774648948/,1,0,Reels,,,,,09/28/2023,0,,,,,,0,0,0,0,0,75.805,4.786
1037583245571303,100064197037125,"PC Merchandise","Paano kung sabihin ko sayo na kaya mo na mag RX 6600 build under budget? 👀",,57,"09/10/2023 17:00",,https://www.facebook.com/reel/1892417774648948/,1,0,Reels,,,,,09/29/2023,0,,,,,,0,0,0,0,0,35.221,4.656
1037583245571303,100064197037125,"PC Merchandise","Paano kung sabihin ko sayo na kaya mo na mag RX 6600 build under budget? 👀",,57,"09/10/2023 17:00",,https://www.facebook.com/reel/1892417774648948/,1,0,Reels,,,,,09/30/2023,0,,,,,,0,0,1,1,0,55.118,4.047
1036824150471382,100064197037125,"PC Merchandise","Salamat sa tiwala boss BERT! RYZEN 5 3400G comshop package — 2 units delivered ✅",,0,"09/09/2023 21:19",,https://www.facebook.com/pcmerchandise.co/posts/pfbid0nYzt9SC03zwmAhwRCHdpFTHDRjQv4qKgi8b6MWR9zTWlp7pzBvvKK1wZ,0,0,Photos,,,,,09/30/2023,0,,,,,,,,,,,,
1036824150471382,100064197037125,"PC Merchandise","Salamat sa tiwala boss BERT! RYZEN 5 3400G comshop package — 2 units delivered ✅",,0,"09/09/2023 21:19",,https://www.facebook.com/pcmerchandise.co/posts/pfbid0nYzt9SC03zwmAhwRCHdpFTHDRjQv4qKgi8b6MWR9zTWlp7pzBvvKK1wZ,0,0,Photos,,,,,09/01/2023,,,0,0,0,0,0,0,,,,,
1036824150471382,100064197037125,"PC Merchandise","Salamat sa tiwala boss BERT! RYZEN 5 3400G comshop package — 2 units delivered ✅",,0,"09/09/2023 21:19",,https://www.facebook.com/pcmerchandise.co/posts/pfbid0nYzt9SC03zwmAhwRCHdpFTHDRjQv4qKgi8b6MWR9zTWlp7pzBvvKK1wZ,0,0,Photos,,,,,09/02/2023,,,0,0,0,0,0,0,,,,,
1036824150471382,100064197037125,"PC Merchandise","Salamat sa tiwala boss BERT! RYZEN 5 3400G comshop package — 2 units delivered ✅",,0,"09/09/2023 21:19",,https://www.facebook.com/pcmerchandise.co/posts/pfbid0nYzt9SC03zwmAhwRCHdpFTHDRjQv4qKgi8b6MWR9zTWlp7pzBvvKK1wZ,0,0,Photos,,,,,09/03/2023,,,0,0,0,0,0,0,,,,,
1036824150471382,100064197037125,"PC Merchandise","Salamat sa tiwala boss BERT! RYZEN 5 3400G comshop package — 2 units delivered ✅",,0,"09/09/2023 21:19",,https://www.facebook.com/pcmerchandise.co/posts/pfbid0nYzt9SC03zwmAhwRCHdpFTHDRjQv4qKgi8b6MWR9zTWlp7pzBvvKK1wZ,0,0,Photos,,,,,09/04/2023,,,0,0,0,0,0,0,,,,,
1036824150471382,100064197037125,"PC Merchandise","Salamat sa tiwala boss BERT! RYZEN 5 3400G comshop package — 2 units delivered ✅",,0,"09/09/2023 21:19",,https://www.facebook.com/pcmerchandise.co/posts/pfbid0nYzt9SC03zwmAhwRCHdpFTHDRjQv4qKgi8b6MWR9zTWlp7pzBvvKK1wZ,0,0,Photos,,,,,09/05/2023,,,0,0,0,0,0,0,,,,,
1036824150471382,100064197037125,"PC Merchandise","Salamat sa tiwala boss BERT! RYZEN 5 3400G comshop package — 2 units delivered ✅",,0,"09/09/2023 21:19",,https://www.facebook.com/pcmerchandise.co/posts/pfbid0nYzt9SC03zwmAhwRCHdpFTHDRjQv4qKgi8b6MWR9zTWlp7pzBvvKK1wZ,0,0,Photos,,,,,09/06/2023,,,0,0,0,0,0,0,,,,,
1036824150471382,100064197037125,"PC Merchandise","Salamat sa tiwala boss BERT! RYZEN 5 3400G comshop package — 2 units delivered ✅",,0,"09/09/2023 21:19",,https://www.facebook.com/pcmerchandise.co/posts/pfbid0nYzt9SC03zwmAhwRCHdpFTHDRjQv4qKgi8b6MWR9zTWlp7pzBvvKK1wZ,0,0,Photos,,,,,09/07/2023,,,0,0,0,0,0,0,,,,,
1036824150471382,100064197037125,"PC Merchandise","Salamat sa tiwala boss BERT! RYZEN 5 3400G comshop package — 2 units delivered ✅",,0,"09/09/2023 21:19",,https://www.facebook.com/pcmerchandise.co/posts/pfbid0nYzt9SC03zwmAhwRCHdpFTHDRjQv4qKgi8b6MWR9zTWlp7pzBvvKK1wZ,0,0,Photos,,,,,09/08/2023,,,0,0,0,0,0,0,,,,,
1036824150471382,100064197037125,"PC Merchandise","Salamat sa tiwala boss BERT! RYZEN 5 3400G comshop package — 2 units delivered ✅",,0,"09/09/2023 21:19",,https://www.facebook.com/pcmerchandise.co/posts/pfbid0nYzt9SC03zwmAhwRCHdpFTHDRjQv4qKgi8b6MWR9zTWlp7pzBvvKK1wZ,0,0,Photos,,,,,09/09/2023,,,0,0,0,0,0,0,,,,,
1036824150471382,100064197037125,"PC Merchandise","Salamat sa tiwala boss BERT! RYZEN 5 3400G comshop package — 2 units delivered ✅",,0,"09/09/2023 21:19",,https://www.facebook.com/pcmerchandise.co/posts/pfbid0nYzt9SC03zwmAhwRCHdpFTHDRjQv4qKgi8b6MWR9zTWlp7pzBvvKK1wZ,0,0,Photos,,,,,09/10/2023,,,0,0,0,0,0,0,,,,,
1036824150471382,100064197037125,"PC Merchandise","Salamat sa tiwala boss BERT! RYZEN 5 3400G comshop package — 2 units delivered ✅",,0,"09/09/2023 21:19",,https://www.facebook.com/pcmerchandise.co/posts/pfbid0nYzt9SC03zwmAhwRCHdpFTHDRjQv4qKgi8b6MWR9zTWlp7pzBvvKK1wZ,0,0,Photos,,,,,09/11/2023,,,0,0,0,0,0,0,,,,,
1036824150471382,100064197037125,"PC Merchandise","Salamat sa tiwala boss BERT! RYZEN 5 3400G comshop package — 2 units delivered ✅",,0,"09/09/2023 21:19",,https://www.facebook.com/pcmerchandise.co/posts/pfbid0nYzt9SC03zwmAhwRCHdpFTHDRjQv4qKgi8b6MWR9zTWlp7pzBvvKK1wZ,0,0,Photos,,,,,09/12/2023,,,0,0,0,0,0,0,,,,,
1036824150471382,100064197037125,"PC Merchandise","Salamat sa tiwala boss BERT! RYZEN 5 3400G comshop package — 2 units delivered ✅",,0,"09/09/2023 21:19",,https://www.facebook.com/pcmerchandise.co/posts/pfbid0nYzt9SC03zwmAhwRCHdpFTHDRjQv4qKgi8b6MWR9zTWlp7pzBvvKK1wZ,0,0,Photos,,,,,09/13/2023,,,0,0,0,0,0,0,,,,,
1036824150471382,100064197037125,"PC Merchandise","Salamat sa tiwala boss BERT! RYZEN 5 3400G comshop package — 2 units delivered ✅",,0,"09/09/2023 21:19",,https://www.facebook.com/pcmerchandise.co/posts/pfbid0nYzt9SC03zwmAhwRCHdpFTHDRjQv4qKgi8b6MWR9zTWlp7pzBvvKK1wZ,0,0,Photos,,,,,09/14/2023,,,0,0,0,0,0,0,,,,,
1036824150471382,100064197037125,"PC Merchandise","Salamat sa tiwala boss BERT! RYZEN 5 3400G comshop package — 2 units delivered ✅",,0,"09/09/2023 21:19",,https://www.facebook.com/pcmerchandise.co/posts/pfbid0nYzt9SC03zwmAhwRCHdpFTHDRjQv4qKgi8b6MWR9zTWlp7pzBvvKK1wZ,0,0,Photos,,,,,09/15/2023,,,0,0,0,0,0,0,,,,,
1036824150471382,100064197037125,"PC Merchandise","Salamat sa tiwala boss BERT! RYZEN 5 3400G comshop package — 2 units delivered ✅",,0,"09/09/2023 21:19",,https://www.facebook.com/pcmerchandise.co/posts/pfbid0nYzt9SC03zwmAhwRCHdpFTHDRjQv4qKgi8b6MWR9zTWlp7pzBvvKK1wZ,0,0,Photos,,,,,09/16/2023,,,0,0,0,0,0,0,,,,,
1036824150471382,100064197037125,"PC Merchandise","Salamat sa tiwala boss BERT! RYZEN 5 3400G comshop package — 2 units delivered ✅",,0,"09/09/2023 21:19",,https://www.facebook.com/pcmerchandise.co/posts/pfbid0nYzt9SC03zwmAhwRCHdpFTHDRjQv4qKgi8b6MWR9zTWlp7pzBvvKK1wZ,0,0,Photos,,,,,09/17/2023,,,0,0,0,0,0,0,,,,,
1036824150471382,100064197037125,"PC Merchandise","Salamat sa tiwala boss BERT! RYZEN 5 3400G comshop package — 2 units delivered ✅",,0,"09/09/2023 21:19",,https://www.facebook.com/pcmerchandise.co/posts/pfbid0nYzt9SC03zwmAhwRCHdpFTHDRjQv4qKgi8b6MWR9zTWlp7pzBvvKK1wZ,0,0,Photos,,,,,09/18/2023,,,0,0,0,0,0,0,,,,,
1036824150471382,100064197037125,"PC Merchandise","Salamat sa tiwala boss BERT! RYZEN 5 3400G comshop package — 2 units delivered ✅",,0,"09/09/2023 21:19",,https://www.facebook.com/pcmerchandise.co/posts/pfbid0nYzt9SC03zwmAhwRCHdpFTHDRjQv4qKgi8b6MWR9zTWlp7pzBvvKK1wZ,0,0,Photos,,,,,09/19/2023,,,0,0,0,0,0,0,,,,,
1036824150471382,100064197037125,"PC Merchandise","Salamat sa tiwala boss BERT! RYZEN 5 3400G comshop package — 2 units delivered ✅",,0,"09/09/2023 21:19",,https://www.facebook.com/pcmerchandise.co/posts/pfbid0nYzt9SC03zwmAhwRCHdpFTHDRjQv4qKgi8b6MWR9zTWlp7pzBvvKK1wZ,0,0,Photos,,,,,09/20/2023,,,0,0,0,0,0,0,,,,,
1036824150471382,100064197037125,"PC Merchandise","Salamat sa tiwala boss BERT! RYZEN 5 3400G comshop package — 2 units delivered ✅",,0,"09/09/2023 21:19",,https://www.facebook.com/pcmerchandise.co/posts/pfbid0nYzt9SC03zwmAhwRCHdpFTHDRjQv4qKgi8b6MWR9zTWlp7pzBvvKK1wZ,0,0,Photos,,,,,09/21/2023,,,0,0,0,0,0,0,,,,,
1036824150471382,100064197037125,"PC Merchandise","Salamat sa tiwala boss BERT! RYZEN 5 3400G comshop package — 2 units delivered ✅",,0,"09/09/2023 21:19",,https://www.facebook.com/pcmerchandise.co/posts/pfbid0nYzt9SC03zwmAhwRCHdpFTHDRjQv4qKgi8b6MWR9zTWlp7pzBvvKK1wZ,0,0,Photos,,,,,09/22/2023,,,0,0,0,0,0,0,,,,,
1036824150471382,100064197037125,"PC Merchandise","Salamat sa tiwala boss BERT! RYZEN 5 3400G comshop package — 2 units delivered ✅",,0,"09/09/2023 21:19",,https://www.facebook.com/pcmerchandise.co/posts/pfbid0nYzt9SC03zwmAhwRCHdpFTHDRjQv4qKgi8b6MWR9zTWlp7pzBvvKK1wZ,0,0,Photos,,,,,09/23/2023,,,0,0,0,0,0,0,,,,,
1036824150471382,100064197037125,"PC Merchandise","Salamat sa tiwala boss BERT! RYZEN 5 3400G comshop package — 2 units delivered ✅",,0,"09/09/2023 21:19",,https://www.facebook.com/pcmerchandise.co/posts/pfbid0nYzt9SC03zwmAhwRCHdpFTHDRjQv4qKgi8b6MWR9zTWlp7pzBvvKK1wZ,0,0,Photos,,,,,09/24/2023,,,0,0,0,0,0,0,,,,,
1036824150471382,100064197037125,"PC Merchandise","Salamat sa tiwala boss BERT! RYZEN 5 3400G comshop package — 2 units delivered ✅",,0,"09/09/2023 21:19",,https://www.facebook.com/pcmerchandise.co/posts/pfbid0nYzt9SC03zwmAhwRCHdpFTHDRjQv4qKgi8b6MWR9zTWlp7pzBvvKK1wZ,0,0,Photos,,,,,09/25/2023,,,0,0,0,0,0,0,,,,,
1036824150471382,100064197037125,"PC Merchandise","Salamat sa tiwala boss BERT! RYZEN 5 3400G comshop package — 2 units delivered ✅",,0,"09/09/2023 21:19",,https://www.facebook.com/pcmerchandise.co/posts/pfbid0nYzt9SC03zwmAhwRCHdpFTHDRjQv4qKgi8b6MWR9zTWlp7pzBvvKK1wZ,0,0,Photos,,,,,09/26/2023,,,0,0,0,0,0,0,,,,,
1036824150471382,100064197037125,"PC Merchandise","Salamat sa tiwala boss BERT! RYZEN 5 3400G comshop package — 2 units delivered ✅",,0,"09/09/2023 21:19",,https://www.facebook.com/pcmerchandise.co/posts/pfbid0nYzt9SC03zwmAhwRCHdpFTHDRjQv4qKgi8b6MWR9zTWlp7pzBvvKK1wZ,0,0,Photos,,,,,09/27/2023,,,0,0,0,0,0,0,,,,,
1036824150471382,100064197037125,"PC Merchandise","Salamat sa tiwala boss BERT! RYZEN 5 3400G comshop package — 2 units delivered ✅",,0,"09/09/2023 21:19",,https://www.facebook.com/pcmerchandise.co/posts/pfbid0nYzt9SC03zwmAhwRCHdpFTHDRjQv4qKgi8b6MWR9zTWlp7pzBvvKK1wZ,0,0,Photos,,,,,09/28/2023,,,0,0,0,0,0,0,,,,,
1036824150471382,100064197037125,"PC Merchandise","Salamat sa tiwala boss BERT! RYZEN 5 3400G comshop package — 2 units delivered ✅",,0,"09/09/2023 21:19",,https://www.facebook.com/pcmerchandise.co/posts/pfbid0nYzt9SC03zwmAhwRCHdpFTHDRjQv4qKgi8b6MWR9zTWlp7pzBvvKK1wZ,0,0,Photos,,,,,09/29/2023,,,0,0,0,0,0,0,,,,,
1036824150471382,100064197037125,"PC Merchandise","Salamat sa tiwala boss BERT! RYZEN 5 3400G comshop package — 2 units delivered ✅",,0,"09/09/2023 21:19",,https://www.facebook.com/pcmerchandise.co/posts/pfbid0nYzt9SC03zwmAhwRCHdpFTHDRjQv4qKgi8b6MWR9zTWlp7pzBvvKK1wZ,0,0,Photos,,,,,09/30/2023,,,0,0,0,0,0,0,,,,,
1036997336625643,100064197037125,"PC Merchandise","Free deliver within Montalbon! RYZEN 5 5600G packages all-in na.",,0,"09/09/2023 20:00",,https://www.facebook.com/pcmerchandise.co/posts/pfbid0UNFY5M4omycRmXe9q7CGISin1RsNKHCCH0lreg4awTiKfWS45GOfHwzx,0,0,Photos,,,,,09/30/2023,0,,,,,,,,,,,,
1036997336625643,100064197037125,"PC Merchandise","Free deliver within Montalbon! RYZEN 5 5600G packages all-in na.",,0,"09/09/2023 20:00",,https://www.facebook.com/pcmerchandise.co/posts/pfbid0UNFY5M4omycRmXe9q7CGISin1RsNKHCCH0lreg4awTiKfWS45GOfHwzx,0,0,Photos,,,,,09/01/2023,,,0,0,0,0,0,0,,,,,
1036997336625643,100064197037125,"PC Merchandise","Free deliver within Montalbon! RYZEN 5 5600G packages all-in na.",,0,"09/09/2023 20:00",,https://www.facebook.com/pcmerchandise.co/posts/pfbid0UNFY5M4omycRmXe9q7CGISin1RsNKHCCH0lreg4awTiKfWS45GOfHwzx,0,0,Photos,,,,,09/02/2023,,,0,0,0,0,0,0,,,,,
1036997336625643,100064197037125,"PC Merchandise","Free deliver within Montalbon! RYZEN 5 5600G packages all-in na.",,0,"09/09/2023 20:00",,https://www.facebook.com/pcmerchandise.co/posts/pfbid0UNFY5M4omycRmXe9q7CGISin1RsNKHCCH0lreg4awTiKfWS45GOfHwzx,0,0,Photos,,,,,09/03/2023,,,0,0,0,0,0,0,,,,,
1036997336625643,100064197037125,"PC Merchandise","Free deliver within Montalbon! RYZEN 5 5600G packages all-in na.",,0,"09/09/2023 20:00",,https://www.facebook.com/pcmerchandise.co/posts/pfbid0UNFY5M4omycRmXe9q7CGISin1RsNKHCCH0lreg4awTiKfWS45GOfHwzx,0,0,Photos,,,,,09/04/2023,,,0,0,0,0,0,0,,,,,
1036997336625643,100064197037125,"PC Merchandise","Free deliver within Montalbon! RYZEN 5 5600G packages all-in na.",,0,"09/09/2023 20:00",,https://www.facebook.com/pcmerchandise.co/posts/pfbid0UNFY5M4omycRmXe9q7CGISin1RsNKHCCH0lreg4awTiKfWS45GOfHwzx,0,0,Photos,,,,,09/05/2023,,,0,0,0,0,0,0,,,,,
1036997336625643,100064197037125,"PC Merchandise","Free deliver within Montalbon! RYZEN 5 5600G packages all-in na.",,0,"09/09/2023 20:00",,https://www.facebook.com/pcmerchandise.co/posts/pfbid0UNFY5M4omycRmXe9q7CGISin1RsNKHCCH0lreg4awTiKfWS45GOfHwzx,0,0,Photos,,,,,09/06/2023,,,0,0,0,0,0,0,,,,,
1036997336625643,100064197037125,"PC Merchandise","Free deliver within Montalbon! RYZEN 5 5600G packages all-in na.",,0,"09/09/2023 20:00",,https://www.facebook.com/pcmerchandise.co/posts/pfbid0UNFY5M4omycRmXe9q7CGISin1RsNKHCCH0lreg4awTiKfWS45GOfHwzx,0,0,Photos,,,,,09/07/2023,,,0,0,0,0,0,0,,,,,
1036997336625643,100064197037125,"PC Merchandise","Free deliver within Montalbon! RYZEN 5 5600G packages all-in na.",,0,"09/09/2023 20:00",,https://www.facebook.com/pcmerchandise.co/posts/pfbid0UNFY5M4omycRmXe9q7CGISin1RsNKHCCH0lreg4awTiKfWS45GOfHwzx,0,0,Photos,,,,,09/08/2023,,,0,0,0,0,0,0,,,,,
1036997336625643,100064197037125,"PC Merchandise","Free deliver within Montalbon! RYZEN 5 5600G packages all-in na.",,0,"09/09/2023 20:00",,https://www.facebook.com/pcmerchandise.co/posts/pfbid0UNFY5M4omycRmXe9q7CGISin1RsNKHCCH0lreg4awTiKfWS45GOfHwzx,0,0,Photos,,,,,09/09/2023,,,0,0,0,0,0,0,,,,,
1036997336625643,100064197037125,"PC Merchandise","Free deliver within Montalbon! RYZEN 5 5600G packages all-in na.",,0,"09/09/2023 20:00",,https://www.facebook.com/pcmerchandise.co/posts/pfbid0UNFY5M4omycRmXe9q7CGISin1RsNKHCCH0lreg4awTiKfWS45GOfHwzx,0,0,Photos,,,,,09/10/2023,,,0,0,0,0,0,0,,,,,
1036997336625643,100064197037125,"PC Merchandise","Free deliver within Montalbon! RYZEN 5 5600G packages all-in na.",,0,"09/09/2023 20:00",,https://www.facebook.com/pcmerchandise.co/posts/pfbid0UNFY5M4omycRmXe9q7CGISin1RsNKHCCH0lreg4awTiKfWS45GOfHwzx,0,0,Photos,,,,,09/11/2023,,,0,0,0,0,0,0,,,,,
1036997336625643,100064197037125,"PC Merchandise","Free deliver within Montalbon! RYZEN 5 5600G packages all-in na.",,0,"09/09/2023 20:00",,https://www.facebook.com/pcmerchandise.co/posts/pfbid0UNFY5M4omycRmXe9q7CGISin1RsNKHCCH0lreg4awTiKfWS45GOfHwzx,0,0,Photos,,,,,09/12/2023,,,0,0,0,0,0,0,,,,,
1036997336625643,100064197037125,"PC Merchandise","Free deliver within Montalbon! RYZEN 5 5600G packages all-in na.",,0,"09/09/2023 20:00",,https://www.facebook.com/pcmerchandise.co/posts/pfbid0UNFY5M4omycRmXe9q7CGISin1RsNKHCCH0lreg4awTiKfWS45GOfHwzx,0,0,Photos,,,,,09/13/2023,,,0,0,0,0,0,0,,,,,
1036997336625643,100064197037125,"PC Merchandise","Free deliver within Montalbon! RYZEN 5 5600G packages all-in na.",,0,"09/09/2023 20:00",,https://www.facebook.com/pcmerchandise.co/posts/pfbid0UNFY5M4omycRmXe9q7CGISin1RsNKHCCH0lreg4awTiKfWS45GOfHwzx,0,0,Photos,,,,,09/14/2023,,,0,0,0,0,0,0,,,,,
1036997336625643,100064197037125,"PC Merchandise","Free deliver within Montalbon! RYZEN 5 5600G packages all-in na.",,0,"09/09/2023 20:00",,https://www.facebook.com/pcmerchandise.co/posts/pfbid0UNFY5M4omycRmXe9q7CGISin1RsNKHCCH0lreg4awTiKfWS45GOfHwzx,0,0,Photos,,,,,09/15/2023,,,0,0,0,0,0,0,,,,,
1036997336625643,100064197037125,"PC Merchandise","Free deliver within Montalbon! RYZEN 5 5600G packages all-in na.",,0,"09/09/2023 20:00",,https://www.facebook.com/pcmerchandise.co/posts/pfbid0UNFY5M4omycRmXe9q7CGISin1RsNKHCCH0lreg4awTiKfWS45GOfHwzx,0,0,Photos,,,,,09/16/2023,,,0,0,0,0,0,0,,,,,
1036997336625643,100064197037125,"PC Merchandise","Free deliver within Montalbon! RYZEN 5 5600G packages all-in na.",,0,"09/09/2023 20:00",,https://www.facebook.com/pcmerchandise.co/posts/pfbid0UNFY5M4omycRmXe9q7CGISin1RsNKHCCH0lreg4awTiKfWS45GOfHwzx,0,0,Photos,,,,,09/17/2023,,,0,0,0,0,0,0,,,,,
1036997336625643,100064197037125,"PC Merchandise","Free deliver within Montalbon! RYZEN 5 5600G packages all-in na.",,0,"09/09/2023 20:00",,https://www.facebook.com/pcmerchandise.co/posts/pfbid0UNFY5M4omycRmXe9q7CGISin1RsNKHCCH0lreg4awTiKfWS45GOfHwzx,0,0,Photos,,,,,09/18/2023,,,0,0,0,0,0,0,,,,,
1036997336625643,100064197037125,"PC Merchandise","Free deliver within Montalbon! RYZEN 5 5600G packages all-in na.",,0,"09/09/2023 20:00",,https://www.facebook.com/pcmerchandise.co/posts/pfbid0UNFY5M4omycRmXe9q7CGISin1RsNKHCCH0lreg4awTiKfWS45GOfHwzx,0,0,Photos,,,,,09/19/2023,,,0,0,0,0,0,0,,,,,
1036997336625643,100064197037125,"PC Merchandise","Free deliver within Montalbon! RYZEN 5 5600G packages all-in na.",,0,"09/09/2023 20:00",,https://www.facebook.com/pcmerchandise.co/posts/pfbid0UNFY5M4omycRmXe9q7CGISin1RsNKHCCH0lreg4awTiKfWS45GOfHwzx,0,0,Photos,,,,,09/20/2023,,,0,0,0,0,0,0,,,,,
1036997336625643,100064197037125,"PC Merchandise","Free deliver within Montalbon! RYZEN 5 5600G packages all-in na.",,0,"09/09/2023 20:00",,https://www.facebook.com/pcmerchandise.co/posts/pfbid0UNFY5M4omycRmXe9q7CGISin1RsNKHCCH0lreg4awTiKfWS45GOfHwzx,0,0,Photos,,,,,09/21/2023,,,0,0,0,0,0,0,,,,,
1036997336625643,100064197037125,"PC Merchandise","Free deliver within Montalbon! RYZEN 5 5600G packages all-in na.",,0,"09/09/2023 20:00",,https://www.facebook.com/pcmerchandise.co/posts/pfbid0UNFY5M4omycRmXe9q7CGISin1RsNKHCCH0lreg4awTiKfWS45GOfHwzx,0,0,Photos,,,,,09/22/2023,,,0,0,0,0,0,0,,,,,
1036997336625643,100064197037125,"PC Merchandise","Free deliver within Montalbon! RYZEN 5 5600G packages all-in na.",,0,"09/09/2023 20:00",,https://www.facebook.com/pcmerchandise.co/posts/pfbid0UNFY5M4omycRmXe9q7CGISin1RsNKHCCH0lreg4awTiKfWS45GOfHwzx,0,0,Photos,,,,,09/23/2023,,,0,0,0,0,0,0,,,,,
1036997336625643,100064197037125,"PC Merchandise","Free deliver within Montalbon! RYZEN 5 5600G packages all-in na.",,0,"09/09/2023 20:00",,https://www.facebook.com/pcmerchandise.co/posts/pfbid0UNFY5M4omycRmXe9q7CGISin1RsNKHCCH0lreg4awTiKfWS45GOfHwzx,0,0,Photos,,,,,09/24/2023,,,0,0,0,0,0,0,,,,,
1036997336625643,100064197037125,"PC Merchandise","Free deliver within Montalbon! RYZEN 5 5600G packages all-in na.",,0,"09/09/2023 20:00",,https://www.facebook.com/pcmerchandise.co/posts/pfbid0UNFY5M4omycRmXe9q7CGISin1RsNKHCCH0lreg4awTiKfWS45GOfHwzx,0,0,Photos,,,,,09/25/2023,,,0,0,0,0,0,0,,,,,
1036997336625643,100064197037125,"PC Merchandise","Free deliver within Montalbon! RYZEN 5 5600G packages all-in na.",,0,"09/09/2023 20:00",,https://www.facebook.com/pcmerchandise.co/posts/pfbid0UNFY5M4omycRmXe9q7CGISin1RsNKHCCH0lreg4awTiKfWS45GOfHwzx,0,0,Photos,,,,,09/26/2023,,,0,0,0,0,0,0,,,,,
1036997336625643,100064197037125,"PC Merchandise","Free deliver within Montalbon! RYZEN 5 5600G packages all-in na.",,0,"09/09/2023 20:00",,https://www.facebook.com/pcmerchandise.co/posts/pfbid0UNFY5M4omycRmXe9q7CGISin1RsNKHCCH0lreg4awTiKfWS45GOfHwzx,0,0,Photos,,,,,09/27/2023,,,0,0,0,0,0,0,,,,,
1036997336625643,100064197037125,"PC Merchandise","Free deliver within Montalbon! RYZEN 5 5600G packages all-in na.",,0,"09/09/2023 20:00",,https://www.facebook.com/pcmerchandise.co/posts/pfbid0UNFY5M4omycRmXe9q7CGISin1RsNKHCCH0lreg4awTiKfWS45GOfHwzx,0,0,Photos,,,,,09/28/2023,,,0,0,0,0,0,0,,,,,
1036997336625643,100064197037125,"PC Merchandise","Free deliver within Montalbon! RYZEN 5 5600G packages all-in na.",,0,"09/09/2023 20:00",,https://www.facebook.com/pcmerchandise.co/posts/pfbid0UNFY5M4omycRmXe9q7CGISin1RsNKHCCH0lreg4awTiKfWS45GOfHwzx,0,0,Photos,,,,,09/29/2023,,,0,0,0,0,0,0,,,,,
1036997336625643,100064197037125,"PC Merchandise","Free deliver within Montalbon! RYZEN 5 5600G packages all-in na.",,0,"09/09/2023 20:00",,https://www.facebook.com/pcmerchandise.co/posts/pfbid0UNFY5M4omycRmXe9q7CGISin1RsNKHCCH0lreg4awTiKfWS45GOfHwzx,0,0,Photos,,,,,09/30/2023,,,0,0,0,0,0,0,,,,,
1037265504075082,100064197037125,"PC Merchandise","UNBOXING: GTX 1660S fresh stock just arrived! 📦",,0,"09/09/2023 19:00",,https://www.facebook.com/pcmerchandise.co/posts/pfbid0Lq7bZXb599PmqCofhB9SzjsPNFHihVzNGqCvCdWcJOBtJbp4gbHDxyxW,0,0,Photos,,,,,09/30/2023,2,,,,,,,,,,,,
1037265504075082,100064197037125,"PC Merchandise","UNBOXING: GTX 1660S fresh stock just arrived! 📦",,0,"09/09/2023 19:00",,https://www.facebook.com/pcmerchandise.co/posts/pfbid0Lq7bZXb599PmqCofhB9SzjsPNFHihVzNGqCvCdWcJOBtJbp4gbHDxyxW,0,0,Photos,,,,,09/01/2023,,,0,0,0,0,0,0,,,,,
1037265504075082,100064197037125,"PC Merchandise","UNBOXING: GTX 1660S fresh stock just arrived! 📦",,0,"09/09/2023 19:00",,https://www.facebook.com/pcmerchandise.co/posts/pfbid0Lq7bZXb599PmqCofhB9SzjsPNFHihVzNGqCvCdWcJOBtJbp4gbHDxyxW,0,0,Photos,,,,,09/02/2023,,,0,0,0,0,0,0,,,,,
1037265504075082,100064197037125,"PC Merchandise","UNBOXING: GTX 1660S fresh stock just arrived! 📦",,0,"09/09/2023 19:00",,https://www.facebook.com/pcmerchandise.co/posts/pfbid0Lq7bZXb599PmqCofhB9SzjsPNFHihVzNGqCvCdWcJOBtJbp4gbHDxyxW,0,0,Photos,,,,,09/03/2023,,,0,0,0,0,0,0,,,,,
1037265504075082,100064197037125,"PC Merchandise","UNBOXING: GTX 1660S fresh stock just arrived! 📦",,0,"09/09/2023 19:00",,https://www.facebook.com/pcmerchandise.co/posts/pfbid0Lq7bZXb599PmqCofhB9SzjsPNFHihVzNGqCvCdWcJOBtJbp4gbHDxyxW,0,0,Photos,,,,,09/04/2023,,,0,0,0,0,0,0,,,,,
1037265504075082,100064197037125,"PC Merchandise","UNBOXING: GTX 1660S fresh stock just arrived! 📦",,0,"09/09/2023 19:00",,https://www.facebook.com/pcmerchandise.co/posts/pfbid0Lq7bZXb599PmqCofhB9SzjsPNFHihVzNGqCvCdWcJOBtJbp4gbHDxyxW,0,0,Photos,,,,,09/05/2023,,,0,0,0,0,0,0,,,,,
1037265504075082,100064197037125,"PC Merchandise","UNBOXING: GTX 1660S fresh stock just arrived! 📦",,0,"09/09/2023 19:00",,https://www.facebook.com/pcmerchandise.co/posts/pfbid0Lq7bZXb599PmqCofhB9SzjsPNFHihVzNGqCvCdWcJOBtJbp4gbHDxyxW,0,0,Photos,,,,,09/06/2023,,,0,0,0,0,0,0,,,,,
1037265504075082,100064197037125,"PC Merchandise","UNBOXING: GTX 1660S fresh stock just arrived! 📦",,0,"09/09/2023 19:00",,https://www.facebook.com/pcmerchandise.co/posts/pfbid0Lq7bZXb599PmqCofhB9SzjsPNFHihVzNGqCvCdWcJOBtJbp4gbHDxyxW,0,0,Photos,,,,,09/07/2023,,,0,0,0,0,0,0,,,,,
1037265504075082,100064197037125,"PC Merchandise","UNBOXING: GTX 1660S fresh stock just arrived! 📦",,0,"09/09/2023 19:00",,https://www.facebook.com/pcmerchandise.co/posts/pfbid0Lq7bZXb599PmqCofhB9SzjsPNFHihVzNGqCvCdWcJOBtJbp4gbHDxyxW,0,0,Photos,,,,,09/08/2023,,,0,0,0,0,0,0,,,,,
1037265504075082,100064197037125,"PC Merchandise","UNBOXING: GTX 1660S fresh stock just arrived! 📦",,0,"09/09/2023 19:00",,https://www.facebook.com/pcmerchandise.co/posts/pfbid0Lq7bZXb599PmqCofhB9SzjsPNFHihVzNGqCvCdWcJOBtJbp4gbHDxyxW,0,0,Photos,,,,,09/09/2023,,,0,0,0,0,0,0,,,,,
1037265504075082,100064197037125,"PC Merchandise","UNBOXING: GTX 1660S fresh stock just arrived! 📦",,0,"09/09/2023 19:00",,https://www.facebook.com/pcmerchandise.co/posts/pfbid0Lq7bZXb599PmqCofhB9SzjsPNFHihVzNGqCvCdWcJOBtJbp4gbHDxyxW,0,0,Photos,,,,,09/10/2023,,,0,0,0,0,0,0,,,,,
1037265504075082,100064197037125,"PC Merchandise","UNBOXING: GTX 1660S fresh stock just arrived! 📦",,0,"09/09/2023 19:00",,https://www.facebook.com/pcmerchandise.co/posts/pfbid0Lq7bZXb599PmqCofhB9SzjsPNFHihVzNGqCvCdWcJOBtJbp4gbHDxyxW,0,0,Photos,,,,,09/11/2023,,,0,0,0,0,0,0,,,,,
1037265504075082,100064197037125,"PC Merchandise","UNBOXING: GTX 1660S fresh stock just arrived! 📦",,0,"09/09/2023 19:00",,https://www.facebook.com/pcmerchandise.co/posts/pfbid0Lq7bZXb599PmqCofhB9SzjsPNFHihVzNGqCvCdWcJOBtJbp4gbHDxyxW,0,0,Photos,,,,,09/12/2023,,,0,0,0,0,0,0,,,,,
1037265504075082,100064197037125,"PC Merchandise","UNBOXING: GTX 1660S fresh stock just arrived! 📦",,0,"09/09/2023 19:00",,https://www.facebook.com/pcmerchandise.co/posts/pfbid0Lq7bZXb599PmqCofhB9SzjsPNFHihVzNGqCvCdWcJOBtJbp4gbHDxyxW,0,0,Photos,,,,,09/13/2023,,,0,0,0,0,0,0,,,,,
1037265504075082,100064197037125,"PC Merchandise","UNBOXING: GTX 1660S fresh stock just arrived! 📦",,0,"09/09/2023 19:00",,https://www.facebook.com/pcmerchandise.co/posts/pfbid0Lq7bZXb599PmqCofhB9SzjsPNFHihVzNGqCvCdWcJOBtJbp4gbHDxyxW,0,0,Photos,,,,,09/14/2023,,,0,0,0,0,0,0,,,,,
1037265504075082,100064197037125,"PC Merchandise","UNBOXING: GTX 1660S fresh stock just arrived! 📦",,0,"09/09/2023 19:00",,https://www.facebook.com/pcmerchandise.co/posts/pfbid0Lq7bZXb599PmqCofhB9SzjsPNFHihVzNGqCvCdWcJOBtJbp4gbHDxyxW,0,0,Photos,,,,,09/15/2023,,,0,0,0,0,0,0,,,,,
1037265504075082,100064197037125,"PC Merchandise","UNBOXING: GTX 1660S fresh stock just arrived! 📦",,0,"09/09/2023 19:00",,https://www.facebook.com/pcmerchandise.co/posts/pfbid0Lq7bZXb599PmqCofhB9SzjsPNFHihVzNGqCvCdWcJOBtJbp4gbHDxyxW,0,0,Photos,,,,,09/16/2023,,,0,0,0,0,0,0,,,,,
1037265504075082,100064197037125,"PC Merchandise","UNBOXING: GTX 1660S fresh stock just arrived! 📦",,0,"09/09/2023 19:00",,https://www.facebook.com/pcmerchandise.co/posts/pfbid0Lq7bZXb599PmqCofhB9SzjsPNFHihVzNGqCvCdWcJOBtJbp4gbHDxyxW,0,0,Photos,,,,,09/17/2023,,,0,0,0,0,0,0,,,,,
1037265504075082,100064197037125,"PC Merchandise","UNBOXING: GTX 1660S fresh stock just arrived! 📦",,0,"09/09/2023 19:00",,https://www.facebook.com/pcmerchandise.co/posts/pfbid0Lq7bZXb599PmqCofhB9SzjsPNFHihVzNGqCvCdWcJOBtJbp4gbHDxyxW,0,0,Photos,,,,,09/18/2023,,,0,0,0,0,0,0,,,,,
1037265504075082,100064197037125,"PC Merchandise","UNBOXING: GTX 1660S fresh stock just arrived! 📦",,0,"09/09/2023 19:00",,https://www.facebook.com/pcmerchandise.co/posts/pfbid0Lq7bZXb599PmqCofhB9SzjsPNFHihVzNGqCvCdWcJOBtJbp4gbHDxyxW,0,0,Photos,,,,,09/19/2023,,,0,0,0,0,0,0,,,,,
1037265504075082,100064197037125,"PC Merchandise","UNBOXING: GTX 1660S fresh stock just arrived! 📦",,0,"09/09/2023 19:00",,https://www.facebook.com/pcmerchandise.co/posts/pfbid0Lq7bZXb599PmqCofhB9SzjsPNFHihVzNGqCvCdWcJOBtJbp4gbHDxyxW,0,0,Photos,,,,,09/20/2023,,,0,0,0,0,0,0,,,,,
1037265504075082,100064197037125,"PC Merchandise","UNBOXING: GTX 1660S fresh stock just arrived! 📦",,0,"09/09/2023 19:00",,https://www.facebook.com/pcmerchandise.co/posts/pfbid0Lq7bZXb599PmqCofhB9SzjsPNFHihVzNGqCvCdWcJOBtJbp4gbHDxyxW,0,0,Photos,,,,,09/21/2023,,,0,0,0,0,0,0,,,,,
1037265504075082,100064197037125,"PC Merchandise","UNBOXING: GTX 1660S fresh stock just arrived! 📦",,0,"09/09/2023 19:00",,https://www.facebook.com/pcmerchandise.co/posts/pfbid0Lq7bZXb599PmqCofhB9SzjsPNFHihVzNGqCvCdWcJOBtJbp4gbHDxyxW,0,0,Photos,,,,,09/22/2023,,,0,0,0,0,0,0,,,,,
1037265504075082,100064197037125,"PC Merchandise","UNBOXING: GTX 1660S fresh stock just arrived! 📦",,0,"09/09/2023 19:00",,https://www.facebook.com/pcmerchandise.co/posts/pfbid0Lq7bZXb599PmqCofhB9SzjsPNFHihVzNGqCvCdWcJOBtJbp4gbHDxyxW,0,0,Photos,,,,,09/23/2023,,,0,0,0,0,0,0,,,,,
1037265504075082,100064197037125,"PC Merchandise","UNBOXING: GTX 1660S fresh stock just arrived! 📦",,0,"09/09/2023 19:00",,https://www.facebook.com/pcmerchandise.co/posts/pfbid0Lq7bZXb599PmqCofhB9SzjsPNFHihVzNGqCvCdWcJOBtJbp4gbHDxyxW,0,0,Photos,,,,,09/24/2023,,,0,0,0,0,0,0,,,,,
1037265504075082,100064197037125,"PC Merchandise","UNBOXING: GTX 1660S fresh stock just arrived! 📦",,0,"09/09/2023 19:00",,https://www.facebook.com/pcmerchandise.co/posts/pfbid0Lq7bZXb599PmqCofhB9SzjsPNFHihVzNGqCvCdWcJOBtJbp4gbHDxyxW,0,0,Photos,,,,,09/25/2023,,,0,0,0,0,0,0,,,,,
1037265504075082,100064197037125,"PC Merchandise","UNBOXING: GTX 1660S fresh stock just arrived! 📦",,0,"09/09/2023 19:00",,https://www.facebook.com/pcmerchandise.co/posts/pfbid0Lq7bZXb599PmqCofhB9SzjsPNFHihVzNGqCvCdWcJOBtJbp4gbHDxyxW,0,0,Photos,,,,,09/26/2023,,,0,0,0,0,0,0,,,,,
1037265504075082,100064197037125,"PC Merchandise","UNBOXING: GTX 1660S fresh stock just arrived! 📦",,0,"09/09/2023 19:00",,https://www.facebook.com/pcmerchandise.co/posts/pfbid0Lq7bZXb599PmqCofhB9SzjsPNFHihVzNGqCvCdWcJOBtJbp4gbHDxyxW,0,0,Photos,,,,,09/27/2023,,,0,0,0,0,0,0,,,,,
1037265504075082,100064197037125,"PC Merchandise","UNBOXING: GTX 1660S fresh stock just arrived! 📦",,0,"09/09/2023 19:00",,https://www.facebook.com/pcmerchandise.co/posts/pfbid0Lq7bZXb599PmqCofhB9SzjsPNFHihVzNGqCvCdWcJOBtJbp4gbHDxyxW,0,0,Photos,,,,,09/28/2023,,,0,0,0,0,0,0,,,,,
1037265504075082,100064197037125,"PC Merchandise","UNBOXING: GTX 1660S fresh stock just arrived! 📦",,0,"09/09/2023 19:00",,https://www.facebook.com/pcmerchandise.co/posts/pfbid0Lq7bZXb599PmqCofhB9SzjsPNFHihVzNGqCvCdWcJOBtJbp4gbHDxyxW,0,0,Photos,,,,,09/29/2023,,,0,0,0,0,0,0,,,,,
1037265504075082,100064197037125,"PC Merchandise","UNBOXING: GTX 1660S fresh stock just arrived! 📦",,0,"09/09/2023 19:00",,https://www.facebook.com/pcmerchandise.co/posts/pfbid0Lq7bZXb599PmqCofhB9SzjsPNFHihVzNGqCvCdWcJOBtJbp4gbHDxyxW,0,0,Photos,,,,,09/30/2023,,,0,0,0,0,0,0,,,,,
1037150901231114,100064197037125,"PC Merchandise","READY STOCK: RYZEN 5 4600G / RX 6600 builds. Same-day assembly. PM NOW!",,0,"09/09/2023 02:01",,https://www.facebook.com/pcmerchandise.co/posts/pfbid0CjEpyCYmfWOZ1tA64anmKejR6w2mDpcM44HOumcl1GwiVbAFpDxpcyLC,1,0,Photos,,,,,09/30/2023,0,,,,,,,,,,,,
1037150901231114,100064197037125,"PC Merchandise","READY STOCK: RYZEN 5 4600G / RX 6600 builds. Same-day assembly. PM NOW!",,0,"09/09/2023 02:01",,https://www.facebook.com/pcmerchandise.co/posts/pfbid0CjEpyCYmfWOZ1tA64anmKejR6w2mDpcM44HOumcl1GwiVbAFpDxpcyLC,1,0,Photos,,,,,09/01/2023,,,0,0,0,0,0,0,,,,,
1037150901231114,100064197037125,"PC Merchandise","READY STOCK: RYZEN 5 4600G / RX 6600 builds. Same-day assembly. PM NOW!",,0,"09/09/2023 02:01",,https://www.facebook.com/pcmerchandise.co/posts/pfbid0CjEpyCYmfWOZ1tA64anmKejR6w2mDpcM44HOumcl1GwiVbAFpDxpcyLC,1,0,Photos,,,,,09/02/2023,,,0,0,0,0,0,0,,,,,
1037150901231114,100064197037125,"PC Merchandise","READY STOCK: RYZEN 5 4600G / RX 6600 builds. Same-day assembly. PM NOW!",,0,"09/09/2023 02:01",,https://www.facebook.com/pcmerchandise.co/posts/pfbid0CjEpyCYmfWOZ1tA64anmKejR6w2mDpcM44HOumcl1GwiVbAFpDxpcyLC,1,0,Photos,,,,,09/03/2023,,,0,0,0,0,0,0,,,,,
1037150901231114,100064197037125,"PC Merchandise","READY STOCK: RYZEN 5 4600G / RX 6600 builds. Same-day assembly. PM NOW!",,0,"09/09/2023 02:01",,https://www.facebook.com/pcmerchandise.co/posts/pfbid0CjEpyCYmfWOZ1tA64anmKejR6w2mDpcM44HOumcl1GwiVbAFpDxpcyLC,1,0,Photos,,,,,09/04/2023,,,0,0,0,0,0,0,,,,,
1037150901231114,100064197037125,"PC Merchandise","READY STOCK: RYZEN 5 4600G / RX 6600 builds. Same-day assembly. PM NOW!",,0,"09/09/2023 02:01",,https://www.facebook.com/pcmerchandise.co/posts/pfbid0CjEpyCYmfWOZ1tA64anmKejR6w2mDpcM44HOumcl1GwiVbAFpDxpcyLC,1,0,Photos,,,,,09/05/2023,,,0,0,0,0,0,0,,,,,
1037150901231114,100064197037125,"PC Merchandise","READY STOCK: RYZEN 5 4600G / RX 6600 builds. Same-day assembly. PM NOW!",,0,"09/09/2023 02:01",,https://www.facebook.com/pcmerchandise.co/posts/pfbid0CjEpyCYmfWOZ1tA64anmKejR6w2mDpcM44HOumcl1GwiVbAFpDxpcyLC,1,0,Photos,,,,,09/06/2023,,,0,0,0,0,0,0,,,,,
1037150901231114,100064197037125,"PC Merchandise","READY STOCK: RYZEN 5 4600G / RX 6600 builds. Same-day assembly. PM NOW!",,0,"09/09/2023 02:01",,https://www.facebook.com/pcmerchandise.co/posts/pfbid0CjEpyCYmfWOZ1tA64anmKejR6w2mDpcM44HOumcl1GwiVbAFpDxpcyLC,1,0,Photos,,,,,09/07/2023,,,0,0,0,0,0,0,,,,,
1037150901231114,100064197037125,"PC Merchandise","READY STOCK: RYZEN 5 4600G / RX 6600 builds. Same-day assembly. PM NOW!",,0,"09/09/2023 02:01",,https://www.facebook.com/pcmerchandise.co/posts/pfbid0CjEpyCYmfWOZ1tA64anmKejR6w2mDpcM44HOumcl1GwiVbAFpDxpcyLC,1,0,Photos,,,,,09/08/2023,,,0,0,0,0,0,0,,,,,
1037150901231114,100064197037125,"PC Merchandise","READY STOCK: RYZEN 5 4600G / RX 6600 builds. Same-day assembly. PM NOW!",,0,"09/09/2023 02:01",,https://www.facebook.com/pcmerchandise.co/posts/pfbid0CjEpyCYmfWOZ1tA64anmKejR6w2mDpcM44HOumcl1GwiVbAFpDxpcyLC,1,0,Photos,,,,,09/09/2023,,,0,0,0,0,0,0,,,,,
1037150901231114,100064197037125,"PC Merchandise","READY STOCK: RYZEN 5 4600G / RX 6600 builds. Same-day assembly. PM NOW!",,0,"09/09/2023 02:01",,https://www.facebook.com/pcmerchandise.co/posts/pfbid0CjEpyCYmfWOZ1tA64anmKejR6w2mDpcM44HOumcl1GwiVbAFpDxpcyLC,1,0,Photos,,,,,09/10/2023,,,0,0,0,0,0,0,,,,,
1037150901231114,100064197037125,"PC Merchandise","READY STOCK: RYZEN 5 4600G / RX 6600 builds. Same-day assembly. PM NOW!",,0,"09/09/2023 02:01",,https://www.facebook.com/pcmerchandise.co/posts/pfbid0CjEpyCYmfWOZ1tA64anmKejR6w2mDpcM44HOumcl1GwiVbAFpDxpcyLC,1,0,Photos,,,,,09/11/2023,,,0,0,0,0,0,0,,,,,
1037150901231114,100064197037125,"PC Merchandise","READY STOCK: RYZEN 5 4600G / RX 6600 builds. Same-day assembly. PM NOW!",,0,"09/09/2023 02:01",,https://www.facebook.com/pcmerchandise.co/posts/pfbid0CjEpyCYmfWOZ1tA64anmKejR6w2mDpcM44HOumcl1GwiVbAFpDxpcyLC,1,0,Photos,,,,,09/12/2023,,,0,0,0,0,0,0,,,,,
1037150901231114,100064197037125,"PC Merchandise","READY STOCK: RYZEN 5 4600G / RX 6600 builds. Same-day assembly. PM NOW!",,0,"09/09/2023 02:01",,https://www.facebook.com/pcmerchandise.co/posts/pfbid0CjEpyCYmfWOZ1tA64anmKejR6w2mDpcM44HOumcl1GwiVbAFpDxpcyLC,1,0,Photos,,,,,09/13/2023,,,0,0,0,0,0,0,,,,,
1037150901231114,100064197037125,"PC Merchandise","READY STOCK: RYZEN 5 4600G / RX 6600 builds. Same-day assembly. PM NOW!",,0,"09/09/2023 02:01",,https://www.facebook.com/pcmerchandise.co/posts/pfbid0CjEpyCYmfWOZ1tA64anmKejR6w2mDpcM44HOumcl1GwiVbAFpDxpcyLC,1,0,Photos,,,,,09/14/2023,,,0,0,0,0,0,0,,,,,
1037150901231114,100064197037125,"PC Merchandise","READY STOCK: RYZEN 5 4600G / RX 6600 builds. Same-day assembly. PM NOW!",,0,"09/09/2023 02:01",,https://www.facebook.com/pcmerchandise.co/posts/pfbid0CjEpyCYmfWOZ1tA64anmKejR6w2mDpcM44HOumcl1GwiVbAFpDxpcyLC,1,0,Photos,,,,,09/15/2023,,,0,0,0,0,0,0,,,,,
1037150901231114,100064197037125,"PC Merchandise","READY STOCK: RYZEN 5 4600G / RX 6600 builds. Same-day assembly. PM NOW!",,0,"09/09/2023 02:01",,https://www.facebook.com/pcmerchandise.co/posts/pfbid0CjEpyCYmfWOZ1tA64anmKejR6w2mDpcM44HOumcl1GwiVbAFpDxpcyLC,1,0,Photos,,,,,09/16/2023,,,0,0,0,0,0,0,,,,,
1037150901231114,100064197037125,"PC Merchandise","READY STOCK: RYZEN 5 4600G / RX 6600 builds. Same-day assembly. PM NOW!",,0,"09/09/2023 02:01",,https://www.facebook.com/pcmerchandise.co/posts/pfbid0CjEpyCYmfWOZ1tA64anmKejR6w2mDpcM44HOumcl1GwiVbAFpDxpcyLC,1,0,Photos,,,,,09/17/2023,,,0,0,0,0,0,0,,,,,
1037150901231114,100064197037125,"PC Merchandise","READY STOCK: RYZEN 5 4600G / RX 6600 builds. Same-day assembly. PM NOW!",,0,"09/09/2023 02:01",,https://www.facebook.com/pcmerchandise.co/posts/pfbid0CjEpyCYmfWOZ1tA64anmKejR6w2mDpcM44HOumcl1GwiVbAFpDxpcyLC,1,0,Photos,,,,,09/18/2023,,,0,0,0,0,0,0,,,,,
1037150901231114,100064197037125,"PC Merchandise","READY STOCK: RYZEN 5 4600G / RX 6600 builds. Same-day assembly. PM NOW!",,0,"09/09/2023 02:01",,https://www.facebook.com/pcmerchandise.co/posts/pfbid0CjEpyCYmfWOZ1tA64anmKejR6w2mDpcM44HOumcl1GwiVbAFpDxpcyLC,1,0,Photos,,,,,09/19/2023,,,0,0,0,0,0,0,,,,,
1037150901231114,100064197037125,"PC Merchandise","READY STOCK: RYZEN 5 4600G / RX 6600 builds. Same-day assembly. PM NOW!",,0,"09/09/2023 02:01",,https://www.facebook.com/pcmerchandise.co/posts/pfbid0CjEpyCYmfWOZ1tA64anmKejR6w2mDpcM44HOumcl1GwiVbAFpDxpcyLC,1,0,Photos,,,,,09/20/2023,,,0,0,0,0,0,0,,,,,
1037150901231114,100064197037125,"PC Merchandise","READY STOCK: RYZEN 5 4600G / RX 6600 builds. Same-day assembly. PM NOW!",,0,"09/09/2023 02:01",,https://www.facebook.com/pcmerchandise.co/posts/pfbid0CjEpyCYmfWOZ1tA64anmKejR6w2mDpcM44HOumcl1GwiVbAFpDxpcyLC,1,0,Photos,,,,,09/21/2023,,,0,0,0,0,0,0,,,,,
1037150901231114,100064197037125,"PC Merchandise","READY STOCK: RYZEN 5 4600G / RX 6600 builds. Same-day assembly. PM NOW!",,0,"09/09/2023 02:01",,https://www.facebook.com/pcmerchandise.co/posts/pfbid0CjEpyCYmfWOZ1tA64anmKejR6w2mDpcM44HOumcl1GwiVbAFpDxpcyLC,1,0,Photos,,,,,09/22/2023,,,0,0,0,0,0,0,,,,,
1037150901231114,100064197037125,"PC Merchandise","READY STOCK: RYZEN 5 4600G / RX 6600 builds. Same-day assembly. PM NOW!",,0,"09/09/2023 02:01",,https://www.facebook.com/pcmerchandise.co/posts/pfbid0CjEpyCYmfWOZ1tA64anmKejR6w2mDpcM44HOumcl1GwiVbAFpDxpcyLC,1,0,Photos,,,,,09/23/2023,,,0,0,0,0,0,0,,,,,
1037150901231114,100064197037125,"PC Merchandise","READY STOCK: RYZEN 5 4600G / RX 6600 builds. Same-day assembly. PM NOW!",,0,"09/09/2023 02:01",,https://www.facebook.com/pcmerchandise.co/posts/pfbid0CjEpyCYmfWOZ1tA64anmKejR6w2mDpcM44HOumcl1GwiVbAFpDxpcyLC,1,0,Photos,,,,,09/24/2023,,,0,0,0,0,0,0,,,,,
1037150901231114,100064197037125,"PC Merchandise","READY STOCK: RYZEN 5 4600G / RX 6600 builds. Same-day assembly. PM NOW!",,0,"09/09/2023 02:01",,https://www.facebook.com/pcmerchandise.co/posts/pfbid0CjEpyCYmfWOZ1tA64anmKejR6w2mDpcM44HOumcl1GwiVbAFpDxpcyLC,1,0,Photos,,,,,09/25/2023,,,0,0,0,0,0,0,,,,,
1037150901231114,100064197037125,"PC Merchandise","READY STOCK: RYZEN 5 4600G / RX 6600 builds. Same-day assembly. PM NOW!",,0,"09/09/2023 02:01",,https://www.facebook.com/pcmerchandise.co/posts/pfbid0CjEpyCYmfWOZ1tA64anmKejR6w2mDpcM44HOumcl1GwiVbAFpDxpcyLC,1,0,Photos,,,,,09/26/2023,,,0,0,0,0,0,0,,,,,
1037150901231114,100064197037125,"PC Merchandise","READY STOCK: RYZEN 5 4600G / RX 6600 builds. Same-day assembly. PM NOW!",,0,"09/09/2023 02:01",,https://www.facebook.com/pcmerchandise.co/posts/pfbid0CjEpyCYmfWOZ1tA64anmKejR6w2mDpcM44HOumcl1GwiVbAFpDxpcyLC,1,0,Photos,,,,,09/27/2023,,,0,0,0,0,0,0,,,,,
1037150901231114,100064197037125,"PC Merchandise","READY STOCK: RYZEN 5 4600G / RX 6600 builds. Same-day assembly. PM NOW!",,0,"09/09/2023 02:01",,https://www.facebook.com/pcmerchandise.co/posts/pfbid0CjEpyCYmfWOZ1tA64anmKejR6w2mDpcM44HOumcl1GwiVbAFpDxpcyLC,1,0,Photos,,,,,09/28/2023,,,0,0,0,0,0,0,,,,,
1037150901231114,100064197037125,"PC Merchandise","READY STOCK: RYZEN 5 4600G / RX 6600 builds. Same-day assembly. PM NOW!",,0,"09/09/2023 02:01",,https://www.facebook.com/pcmerchandise.co/posts/pfbid0CjEpyCYmfWOZ1tA64anmKejR6w2mDpcM44HOumcl1GwiVbAFpDxpcyLC,1,0,Photos,,,,,09/29/2023,,,0,0,0,0,0,0,,,,,
1037150901231114,100064197037125,"PC Merchandise","READY STOCK: RYZEN 5 4600G / RX 6600 builds. Same-day assembly. PM NOW!",,0,"09/09/2023 02:01",,https://www.facebook.com/pcmerchandise.co/posts/pfbid0CjEpyCYmfWOZ1tA64anmKejR6w2mDpcM44HOumcl1GwiVbAFpDxpcyLC,1,0,Photos,,,,,09/30/2023,,,0,0,0,0,0,0,,,,,
1037026470302789,100064197037125,"PC Merchandise","UNBOXING: RTX 3050 fresh stock just arrived! 📦",,0,"09/08/2023 19:15",,https://www.facebook.com/pcmerchandise.co/posts/pfbid0dMtApnb3mzUZQbGoOjOnGImE0ENE3m4YHUulEHWogiCgUQrCpyq3hu1H,0,0,Photos,,,,,09/30/2023,0,,,,,,,,,,,,
1037026470302789,100064197037125,"PC Merchandise","UNBOXING: RTX 3050 fresh stock just arrived! 📦",,0,"09/08/2023 19:15",,https://www.facebook.com/pcmerchandise.co/posts/pfbid0dMtApnb3mzUZQbGoOjOnGImE0ENE3m4YHUulEHWogiCgUQrCpyq3hu1H,0,0,Photos,,,,,09/01/2023,,,0,0,0,0,0,0,,,,,
1037026470302789,100064197037125,"PC Merchandise","UNBOXING: RTX 3050 fresh stock just arrived! 📦",,0,"09/08/2023 19:15",,https://www.facebook.com/pcmerchandise.co/posts/pfbid0dMtApnb3mzUZQbGoOjOnGImE0ENE3m4YHUulEHWogiCgUQrCpyq3hu1H,0,0,Photos,,,,,09/02/2023,,,0,0,0,0,0,0,,,,,
1037026470302789,100064197037125,"PC Merchandise","UNBOXING: RTX 3050 fresh stock just arrived! 📦",,0,"09/08/2023 19:15",,https://www.facebook.com/pcmerchandise.co/posts/pfbid0dMtApnb3mzUZQbGoOjOnGImE0ENE3m4YHUulEHWogiCgUQrCpyq3hu1H,0,0,Photos,,,,,09/03/2023,,,0,0,0,0,0,0,,,,,
1037026470302789,100064197037125,"PC Merchandise","UNBOXING: RTX 3050 fresh stock just arrived! 📦",,0,"09/08/2023 19:15",,https://www.facebook.com/pcmerchandise.co/posts/pfbid0dMtApnb3mzUZQbGoOjOnGImE0ENE3m4YHUulEHWogiCgUQrCpyq3hu1H,0,0,Photos,,,,,09/04/2023,,,0,0,0,0,0,0,,,,,
1037026470302789,100064197037125,"PC Merchandise","UNBOXING: RTX 3050 fresh stock just arrived! 📦",,0,"09/08/2023 19:15",,https://www.facebook.com/pcmerchandise.co/posts/pfbid0dMtApnb3mzUZQbGoOjOnGImE0ENE3m4YHUulEHWogiCgUQrCpyq3hu1H,0,0,Photos,,,,,09/05/2023,,,0,0,0,0,0,0,,,,,
1037026470302789,100064197037125,"PC Merchandise","UNBOXING: RTX 3050 fresh stock just arrived! 📦",,0,"09/08/2023 19:15",,https://www.facebook.com/pcmerchandise.co/posts/pfbid0dMtApnb3mzUZQbGoOjOnGImE0ENE3m4YHUulEHWogiCgUQrCpyq3hu1H,0,0,Photos,,,,,09/06/2023,,,0,0,0,0,0,0,,,,,
1037026470302789,100064197037125,"PC Merchandise","UNBOXING: RTX 3050 fresh stock just arrived! 📦",,0,"09/08/2023 19:15",,https://www.facebook.com/pcmerchandise.co/posts/pfbid0dMtApnb3mzUZQbGoOjOnGImE0ENE3m4YHUulEHWogiCgUQrCpyq3hu1H,0,0,Photos,,,,,09/07/2023,,,0,0,0,0,0,0,,,,,
1037026470302789,100064197037125,"PC Merchandise","UNBOXING: RTX 3050 fresh stock just arrived! 📦",,0,"09/08/2023 19:15",,https://www.facebook.com/pcmerchandise.co/posts/pfbid0dMtApnb3mzUZQbGoOjOnGImE0ENE3m4YHUulEHWogiCgUQrCpyq3hu1H,0,0,Photos,,,,,09/08/2023,,,0,0,0,0,0,0,,,,,
1037026470302789,100064197037125,"PC Merchandise","UNBOXING: RTX 3050 fresh stock just arrived! 📦",,0,"09/08/2023 19:15",,https://www.facebook.com/pcmerchandise.co/posts/pfbid0dMtApnb3mzUZQbGoOjOnGImE0ENE3m4YHUulEHWogiCgUQrCpyq3hu1H,0,0,Photos,,,,,09/09/2023,,,0,0,0,0,0,0,,,,,
1037026470302789,100064197037125,"PC Merchandise","UNBOXING: RTX 3050 fresh stock just arrived! 📦",,0,"09/08/2023 19:15",,https://www.facebook.com/pcmerchandise.co/posts/pfbid0dMtApnb3mzUZQbGoOjOnGImE0ENE3m4YHUulEHWogiCgUQrCpyq3hu1H,0,0,Photos,,,,,09/10/2023,,,0,0,0,0,0,0,,,,,
1037026470302789,100064197037125,"PC Merchandise","UNBOXING: RTX 3050 fresh stock just arrived! 📦",,0,"09/08/2023 19:15",,https://www.facebook.com/pcmerchandise.co/posts/pfbid0dMtApnb3mzUZQbGoOjOnGImE0ENE3m4YHUulEHWogiCgUQrCpyq3hu1H,0,0,Photos,,,,,09/11/2023,,,0,0,0,0,0,0,,,,,
1037026470302789,100064197037125,"PC Merchandise","UNBOXING: RTX 3050 fresh stock just arrived! 📦",,0,"09/08/2023 19:15",,https://www.facebook.com/pcmerchandise.co/posts/pfbid0dMtApnb3mzUZQbGoOjOnGImE0ENE3m4YHUulEHWogiCgUQrCpyq3hu1H,0,0,Photos,,,,,09/12/2023,,,0,0,0,0,0,0,,,,,
1037026470302789,100064197037125,"PC Merchandise","UNBOXING: RTX 3050 fresh stock just arrived! 📦",,0,"09/08/2023 19:15",,https://www.facebook.com/pcmerchandise.co/posts/pfbid0dMtApnb3mzUZQbGoOjOnGImE0ENE3m4YHUulEHWogiCgUQrCpyq3hu1H,0,0,Photos,,,,,09/13/2023,,,0,0,0,0,0,0,,,,,
1037026470302789,100064197037125,"PC Merchandise","UNBOXING: RTX 3050 fresh stock just arrived! 📦",,0,"09/08/2023 19:15",,https://www.facebook.com/pcmerchandise.co/posts/pfbid0dMtApnb3mzUZQbGoOjOnGImE0ENE3m4YHUulEHWogiCgUQrCpyq3hu1H,0,0,Photos,,,,,09/14/2023,,,0,0,0,0,0,0,,,,,
1037026470302789,100064197037125,"PC Merchandise","UNBOXING: RTX 3050 fresh stock just arrived! 📦",,0,"09/08/2023 19:15",,https://www.facebook.com/pcmerchandise.co/posts/pfbid0dMtApnb3mzUZQbGoOjOnGImE0ENE3m4YHUulEHWogiCgUQrCpyq3hu1H,0,0,Photos,,,,,09/15/2023,,,0,0,0,0,0,0,,,,,
1037026470302789,100064197037125,"PC Merchandise","UNBOXING: RTX 3050 fresh stock just arrived! 📦",,0,"09/08/2023 19:15",,https://www.facebook.com/pcmerchandise.co/posts/pfbid0dMtApnb3mzUZQbGoOjOnGImE0ENE3m4YHUulEHWogiCgUQrCpyq3hu1H,0,0,Photos,,,,,09/16/2023,,,0,0,0,0,0,0,,,,,
1037026470302789,100064197037125,"PC Merchandise","UNBOXING: RTX 3050 fresh stock just arrived! 📦",,0,"09/08/2023 19:15",,https://www.facebook.com/pcmerchandise.co/posts/pfbid0dMtApnb3mzUZQbGoOjOnGImE0ENE3m4YHUulEHWogiCgUQrCpyq3hu1H,0,0,Photos,,,,,09/17/2023,,,0,0,0,0,0,0,,,,,
1037026470302789,100064197037125,"PC Merchandise","UNBOXING: RTX 3050 fresh stock just arrived! 📦",,0,"09/08/2023 19:15",,https://www.facebook.com/pcmerchandise.co/posts/pfbid0dMtApnb3mzUZQbGoOjOnGImE0ENE3m4YHUulEHWogiCgUQrCpyq3hu1H,0,0,Photos,,,,,09/18/2023,,,0,0,0,0,0,0,,,,,
1037026470302789,100064197037125,"PC Merchandise","UNBOXING: RTX 3050 fresh stock just arrived! 📦",,0,"09/08/2023 19:15",,https://www.facebook.com/pcmerchandise.co/posts/pfbid0dMtApnb3mzUZQbGoOjOnGImE0ENE3m4YHUulEHWogiCgUQrCpyq3hu1H,0,0,Photos,,,,,09/19/2023,,,0,0,0,0,0,0,,,,,
1037026470302789,100064197037125,"PC Merchandise","UNBOXING: RTX 3050 fresh stock just arrived! 📦",,0,"09/08/2023 19:15",,https://www.facebook.com/pcmerchandise.co/posts/pfbid0dMtApnb3mzUZQbGoOjOnGImE0ENE3m4YHUulEHWogiCgUQrCpyq3hu1H,0,0,Photos,,,,,09/20/2023,,,0,0,0,0,0,0,,,,,
1037026470302789,100064197037125,"PC Merchandise","UNBOXING: RTX 3050 fresh stock just arrived! 📦",,0,"09/08/2023 19:15",,https://www.facebook.com/pcmerchandise.co/posts/pfbid0dMtApnb3mzUZQbGoOjOnGImE0ENE3m4YHUulEHWogiCgUQrCpyq3hu1H,0,0,Photos,,,,,09/21/2023,,,0,0,0,0,0,0,,,,,
1037026470302789,100064197037125,"PC Merchandise","UNBOXING: RTX 3050 fresh stock just arrived! 📦",,0,"09/08/2023 19:15",,https://www.facebook.com/pcmerchandise.co/posts/pfbid0dMtApnb3mzUZQbGoOjOnGImE0ENE3m4YHUulEHWogiCgUQrCpyq3hu1H,0,0,Photos,,,,,09/22/2023,,,0,0,0,0,0,0,,,,,
1037026470302789,100064197037125,"PC Merchandise","UNBOXING: RTX 3050 fresh stock just arrived! 📦",,0,"09/08/2023 19:15",,https://www.facebook.com/pcmerchandise.co/posts/pfbid0dMtApnb3mzUZQbGoOjOnGImE0ENE3m4YHUulEHWogiCgUQrCpyq3hu1H,0,0,Photos,,,,,09/23/2023,,,0,0,0,0,0,0,,,,,
1037026470302789,100064197037125,"PC Merchandise","UNBOXING: RTX 3050 fresh stock just arrived! 📦",,0,"09/08/2023 19:15",,https://www.facebook.com/pcmerchandise.co/posts/pfbid0dMtApnb3mzUZQbGoOjOnGImE0ENE3m4YHUulEHWogiCgUQrCpyq3hu1H,0,0,Photos,,,,,09/24/2023,,,0,0,0,0,0,0,,,,,
1037026470302789,100064197037125,"PC Merchandise","UNBOXING: RTX 3050 fresh stock just arrived! 📦",,0,"09/08/2023 19:15",,https://www.facebook.com/pcmerchandise.co/posts/pfbid0dMtApnb3mzUZQbGoOjOnGImE0ENE3m4YHUulEHWogiCgUQrCpyq3hu1H,0,0,Photos,,,,,09/25/2023,,,0,0,0,0,0,0,,,,,
1037026470302789,100064197037125,"PC Merchandise","UNBOXING: RTX 3050 fresh stock just arrived! 📦",,0,"09/08/2023 19:15",,https://www.facebook.com/pcmerchandise.co/posts/pfbid0dMtApnb3mzUZQbGoOjOnGImE0ENE3m4YHUulEHWogiCgUQrCpyq3hu1H,0,0,Photos,,,,,09/26/2023,,,0,0,0,0,0,0,,,,,
1037026470302789,100064197037125,"PC Merchandise","UNBOXING: RTX 3050 fresh stock just arrived! 📦",,0,"09/08/2023 19:15",,https://www.facebook.com/pcmerchandise.co/posts/pfbid0dMtApnb3mzUZQbGoOjOnGImE0ENE3m4YHUulEHWogiCgUQrCpyq3hu1H,0,0,Photos,,,,,09/27/2023,,,0,0,0,0,0,0,,,,,
1037026470302789,100064197037125,"PC Merchandise","UNBOXING: RTX 3050 fresh stock just arrived! 📦",,0,"09/08/2023 19:15",,https://www.facebook.com/pcmerchandise.co/posts/pfbid0dMtApnb3mzUZQbGoOjOnGImE0ENE3m4YHUulEHWogiCgUQrCpyq3hu1H,0,0,Photos,,,,,09/28/2023,,,0,0,0,0,0,0,,,,,
1037026470302789,100064197037125,"PC Merchandise","UNBOXING: RTX 3050 fresh stock just arrived! 📦",,0,"09/08/2023 19:15",,https://www.facebook.com/pcmerchandise.co/posts/pfbid0dMtApnb3mzUZQbGoOjOnGImE0ENE3m4YHUulEHWogiCgUQrCpyq3hu1H,0,0,Photos,,,,,09/29/2023,,,0,0,0,0,0,0,,,,,
1037026470302789,100064197037125,"PC Merchandise","UNBOXING: RTX 3050 fresh stock just arrived! 📦",,0,"09/08/2023 19:15",,https://www.facebook.com/pcmerchandise.co/posts/pfbid0dMtApnb3mzUZQbGoOjOnGImE0ENE3m4YHUulEHWogiCgUQrCpyq3hu1H,0,0,Photos,,,,,09/30/2023,,,0,0,0,0,0,0,,,,,
1037373565453180,100064197037125,"PC Merchandise","客户 satisfied ✅ RYZEN 5 3400G build with RGB everything 🌈",,59,"09/08/2023 19:00",,https://www.facebook.com/reel/1849483274771953/,0,0,Reels,,,,,09/01/2023,0,,,,,,0,0,0,0,0,0.000,4.728
1037373565453180,100064197037125,"PC Merchandise","客户 satisfied ✅ RYZEN 5 3400G build with RGB everything 🌈",,59,"09/08/2023 19:00",,https://www.facebook.com/reel/1849483274771953/,0,0,Reels,,,,,09/02/2023,0,,,,,,0,0,0,0,0,0.000,3.479
1037373565453180,100064197037125,"PC Merchandise","客户 satisfied ✅ RYZEN 5 3400G build with RGB everything 🌈",,59,"09/08/2023 19:00",,https://www.facebook.com/reel/1849483274771953/,0,0,Reels,,,,,09/03/2023,0,,,,,,0,0,0,0,0,0.000,4.474
1037373565453180,100064197037125,"PC Merchandise","客户 satisfied ✅ RYZEN 5 3400G build with RGB everything 🌈",,59,"09/08/2023 19:00",,https://www.facebook.com/reel/1849483274771953/,0,0,Reels,,,,,09/04/2023,0,,,,,,0,0,0,0,0,0.000,2.404
1037373565453180,100064197037125,"PC Merchandise","客户 satisfied ✅ RYZEN 5 3400G build with RGB everything 🌈",,59,"09/08/2023 19:00",,https://www.facebook.com/reel/1849483274771953/,0,0,Reels,,,,,09/05/2023,0,,,,,,0,0,0,0,0,0.000,3.838
1037373565453180,100064197037125,"PC Merchandise","客户 satisfied ✅ RYZEN 5 3400G build with RGB everything 🌈",,59,"09/08/2023 19:00",,https://www.facebook.com/reel/1849483274771953/,0,0,Reels,,,,,09/06/2023,0,,,,,,0,0,0,0,0,0.000,4.074
1037373565453180,100064197037125,"PC Merchandise","客户 satisfied ✅ RYZEN 5 3400G build with RGB everything 🌈",,59,"09/08/2023 19:00",,https://www.facebook.com/reel/1849483274771953/,0,0,Reels,,,,,09/07/2023,0,,,,,,0,0,0,0,0,0.000,2.881
1037373565453180,100064197037125,"PC Merchandise","客户 satisfied ✅ RYZEN 5 3400G build with RGB everything 🌈",,59,"09/08/2023 19:00",,https://www.facebook.com/reel/1849483274771953/,0,0,Reels,,,,,09/08/2023,0,,,,,,0,0,0,0,0,105.700,3.502
1037373565453180,100064197037125,"PC Merchandise","客户 satisfied ✅ RYZEN 5 3400G build with RGB everything 🌈",,59,"09/08/2023 19:00",,https://www.facebook.com/reel/1849483274771953/,0,0,Reels,,,,,09/09/2023,0,,,,,,0,0,0,0,0,94.616,4.260
1037373565453180,100064197037125,"PC Merchandise","客户 satisfied ✅ RYZEN 5 3400G build with RGB everything 🌈",,59,"09/08/2023 19:00",,https://www.facebook.com/reel/1849483274771953/,0,0,Reels,,,,,09/10/2023,0,,,,,,0,0,1,1,0,78.061,5.327
1037373565453180,100064197037125,"PC Merchandise","客户 satisfied ✅ RYZEN 5 3400G build with RGB everything 🌈",,59,"09/08/2023 19:00",,https://www.facebook.com/reel/1849483274771953/,0,0,Reels,,,,,09/11/2023,0,,,,,,0,0,0,0,0,43.635,4.230
1037373565453180,100064197037125,"PC Merchandise","客户 satisfied ✅ RYZEN 5 3400G build with RGB everything 🌈",,59,"09/08/2023 19:00",,https://www.facebook.com/reel/1849483274771953/,0,0,Reels,,,,,09/12/2023,0,,,,,,0,0,0,0,0,50.471,4.465
1037373565453180,100064197037125,"PC Merchandise","客户 satisfied ✅ RYZEN 5 3400G build with RGB everything 🌈",,59,"09/08/2023 19:00",,https://www.facebook.com/reel/1849483274771953/,0,0,Reels,,,,,09/13/2023,0,,,,,,0,0,0,0,0,36.165,4.520
1037373565453180,100064197037125,"PC Merchandise","客户 satisfied ✅ RYZEN 5 3400G build with RGB everything 🌈",,59,"09/08/2023 19:00",,https://www.facebook.com/reel/1849483274771953/,0,0,Reels,,,,,09/14/2023,0,,,,,,0,0,0,0,0,36.928,4.442
1037373565453180,100064197037125,"PC Merchandise","客户 satisfied ✅ RYZEN 5 3400G build with RGB everything 🌈",,59,"09/08/2023 19:00",,https://www.facebook.com/reel/1849483274771953/,0,0,Reels,,,,,09/15/2023,0,,,,,,0,0,1,1,0,34.583,3.361
1037373565453180,100064197037125,"PC Merchandise","客户 satisfied ✅ RYZEN 5 3400G build with RGB everything 🌈",,59,"09/08/2023 19:00",,https://www.facebook.com/reel/1849483274771953/,0,0,Reels,,,,,09/16/2023,0,,,,,,0,0,0,0,0,26.138,4.551
1037373565453180,100064197037125,"PC Merchandise","客户 satisfied ✅ RYZEN 5 3400G build with RGB everything 🌈",,59,"09/08/2023 19:00",,https://www.facebook.com/reel/1849483274771953/,0,0,Reels,,,,,09/17/2023,0,,,,,,0,0,0,0,0,15.574,3.271
1037373565453180,100064197037125,"PC Merchandise","客户 satisfied ✅ RYZEN 5 3400G build with RGB everything 🌈",,59,"09/08/2023 19:00",,https://www.facebook.com/reel/1849483274771953/,0,0,Reels,,,,,09/18/2023,0,,,,,,0,0,1,1,0,15.385,1.855
1037373565453180,100064197037125,"PC Merchandise","客户 satisfied ✅ RYZEN 5 3400G build with RGB everything 🌈",,59,"09/08/2023 19:00",,https://www.facebook.com/reel/1849483274771953/,0,0,Reels,,,,,09/19/2023,0,,,,,,0,0,0,0,0,8.239,4.931
1037373565453180,100064197037125,"PC Merchandise","客户 satisfied ✅ RYZEN 5 3400G build with RGB everything 🌈",,59,"09/08/2023 19:00",,https://www.facebook.com/reel/1849483274771953/,0,0,Reels,,,,,09/20/2023,0,,,,,,0,0,0,0,0,15.427,3.959
1037373565453180,100064197037125,"PC Merchandise","客户 satisfied ✅ RYZEN 5 3400G build with RGB everything 🌈",,59,"09/08/2023 19:00",,https://www.facebook.com/reel/1849483274771953/,0,0,Reels,,,,,09/21/2023,0,,,,,,0,0,0,0,0,5.877,4.155
1037373565453180,100064197037125,"PC Merchandise","客户 satisfied ✅ RYZEN 5 3400G build with RGB everything 🌈",,59,"09/08/2023 19:00",,https://www.facebook.com/reel/1849483274771953/,0,0,Reels,,,,,09/22/2023,0,,,,,,0,0,0,0,0,10.606,4.904
1037373565453180,100064197037125,"PC Merchandise","客户 satisfied ✅ RYZEN 5 3400G build with RGB everything 🌈",,59,"09/08/2023 19:00",,https://www.facebook.com/reel/1849483274771953/,0,0,Reels,,,,,09/23/2023,0,,,,,,0,0,0,0,0,9.105,4.016
1037373565453180,100064197037125,"PC Merchandise","客户 satisfied ✅ RYZEN 5 3400G build with RGB everything 🌈",,59,"09/08/2023 19:00",,https://www.facebook.com/reel/1849483274771953/,0,0,Reels,,,,,09/24/2023,0,,,,,,0,0,0,0,0,4.002,4.099
1037373565453180,100064197037125,"PC Merchandise","客户 satisfied ✅ RYZEN 5 3400G build with RGB everything 🌈",,59,"09/08/2023 19:00",,https://www.facebook.com/reel/1849483274771953/,0,0,Reels,,,,,09/25/2023,0,,,,,,0,0,0,0,0,2.643,3.867
1037373565453180,100064197037125,"PC Merchandise","客户 satisfied ✅ RYZEN 5 3400G build with RGB everything 🌈",,59,"09/08/2023 19:00",,https://www.facebook.com/reel/1849483274771953/,0,0,Reels,,,,,09/26/2023,0,,,,,,0,0,0,0,0,5.299,4.456
1037373565453180,100064197037125,"PC Merchandise","客户 satisfied ✅ RYZEN 5 3400G build with RGB everything 🌈",,59,"09/08/2023 19:00",,https://www.facebook.com/reel/1849483274771953/,0,0,Reels,,,,,09/27/2023,0,,,,,,0,0,0,0,0,4.132,2.992
1037373565453180,100064197037125,"PC Merchandise","客户 satisfied ✅ RYZEN 5 3400G build with RGB everything 🌈",,59,"09/08/2023 19:00",,https://www.facebook.com/reel/1849483274771953/,0,0,Reels,,,,,09/28/2023,0,,,,,,0,0,0,0,0,5.067,3.563
1037373565453180,100064197037125,"PC Merchandise","客户 satisfied ✅ RYZEN 5 3400G build with RGB everything 🌈",,59,"09/08/2023 19:00",,https://www.facebook.com/reel/1849483274771953/,0,0,Reels,,,,,09/29/2023,0,,,,,,0,0,0,0,0,3.332,3.942
1037373565453180,100064197037125,"PC Merchandise","客户 satisfied ✅ RYZEN 5 3400G build with RGB everything 🌈",,59,"09/08/2023 19:00",,https://www.facebook.com/reel/1849483274771953/,0,0,Reels,,,,,09/30/2023,0,,,,,,0,0,0,0,0,6.794,4.084
1037207215341997,100064197037125,"PC Merchandise","Pa-mine na yan! RYZEN 5 3400G gaming build, limited slots only this week.",,89,"09/07/2023 19:01",,https://www.facebook.com/reel/1186560703149093/,0,0,Reels,,,,,09/01/2023,0,,,,,,0,0,0,0,0,0.000,4.376
1037207215341997,100064197037125,"PC Merchandise","Pa-mine na yan! RYZEN 5 3400G gaming build, limited slots only this week.",,89,"09/07/2023 19:01",,https://www.facebook.com/reel/1186560703149093/,0,0,Reels,,,,,09/02/2023,0,,,,,,0,0,0,0,0,0.000,2.920
1037207215341997,100064197037125,"PC Merchandise","Pa-mine na yan! RYZEN 5 3400G gaming build, limited slots only this week.",,89,"09/07/2023 19:01",,https://www.facebook.com/reel/1186560703149093/,0,0,Reels,,,,,09/03/2023,0,,,,,,0,0,0,0,0,0.000,3.783
1037207215341997,100064197037125,"PC Merchandise","Pa-mine na yan! RYZEN 5 3400G gaming build, limited slots only this week.",,89,"09/07/2023 19:01",,https://www.facebook.com/reel/1186560703149093/,0,0,Reels,,,,,09/04/2023,0,,,,,,0,0,0,0,0,0.000,5.026
1037207215341997,100064197037125,"PC Merchandise","Pa-mine na yan! RYZEN 5 3400G gaming build, limited slots only this week.",,89,"09/07/2023 19:01",,https://www.facebook.com/reel/1186560703149093/,0,0,Reels,,,,,09/05/2023,0,,,,,,0,0,0,0,0,0.000,4.692
1037207215341997,100064197037125,"PC Merchandise","Pa-mine na yan! RYZEN 5 3400G gaming build, limited slots only this week.",,89,"09/07/2023 19:01",,https://www.facebook.com/reel/1186560703149093/,0,0,Reels,,,,,09/06/2023,0,,,,,,0,0,0,0,0,0.000,4.735
1037207215341997,100064197037125,"PC Merchandise","Pa-mine na yan! RYZEN 5 3400G gaming build, limited slots only this week.",,89,"09/07/2023 19:01",,https://www.facebook.com/reel/1186560703149093/,0,0,Reels,,,,,09/07/2023,0,,,,,,0,0,0,0,0,188.571,5.215
1037207215341997,100064197037125,"PC Merchandise","Pa-mine na yan! RYZEN 5 3400G gaming build, limited slots only this week.",,89,"09/07/2023 19:01",,https://www.facebook.com/reel/1186560703149093/,0,0,Reels,,,,,09/08/2023,0,,,,,,0,0,0,0,0,108.336,4.727
1037207215341997,100064197037125,"PC Merchandise","Pa-mine na yan! RYZEN 5 3400G gaming build, limited slots only this week.",,89,"09/07/2023 19:01",,https://www.facebook.com/reel/1186560703149093/,0,0,Reels,,,,,09/09/2023,0,,,,,,0,0,0,0,0,103.000,4.818
1037207215341997,100064197037125,"PC Merchandise","Pa-mine na yan! RYZEN 5 3400G gaming build, limited slots only this week.",,89,"09/07/2023 19:01",,https://www.facebook.com/reel/1186560703149093/,0,0,Reels,,,,,09/10/2023,0,,,,,,0,0,0,0,0,74.697,4.015
1037207215341997,100064197037125,"PC Merchandise","Pa-mine na yan! RYZEN 5 3400G gaming build, limited slots only this week.",,89,"09/07/2023 19:01",,https://www.facebook.com/reel/1186560703149093/,0,0,Reels,,,,,09/11/2023,0,,,,,,0,0,0,0,0,47.468,4.918
1037207215341997,100064197037125,"PC Merchandise","Pa-mine na yan! RYZEN 5 3400G gaming build, limited slots only this week.",,89,"09/07/2023 19:01",,https://www.facebook.com/reel/1186560703149093/,0,0,Reels,,,,,09/12/2023,0,,,,,,0,0,0,0,0,37.194,5.198
1037207215341997,100064197037125,"PC Merchandise","Pa-mine na yan! RYZEN 5 3400G gaming build, limited slots only this week.",,89,"09/07/2023 19:01",,https://www.facebook.com/reel/1186560703149093/,0,0,Reels,,,,,09/13/2023,0,,,,,,0,0,0,0,0,58.725,5.122
1037207215341997,100064197037125,"PC Merchandise","Pa-mine na yan! RYZEN 5 3400G gaming build, limited slots only this week.",,89,"09/07/2023 19:01",,https://www.facebook.com/reel/1186560703149093/,0,0,Reels,,,,,09/14/2023,0,,,,,,0,0,0,0,0,51.065,5.096
1037207215341997,100064197037125,"PC Merchandise","Pa-mine na yan! RYZEN 5 3400G gaming build, limited slots only this week.",,89,"09/07/2023 19:01",,https://www.facebook.com/reel/1186560703149093/,0,0,Reels,,,,,09/15/2023,0,,,,,,0,0,0,0,0,17.100,5.321
1037207215341997,100064197037125,"PC Merchandise","Pa-mine na yan! RYZEN 5 3400G gaming build, limited slots only this week.",,89,"09/07/2023 19:01",,https://www.facebook.com/reel/1186560703149093/,0,0,Reels,,,,,09/16/2023,0,,,,,,0,0,0,0,0,17.837,4.280
1037207215341997,100064197037125,"PC Merchandise","Pa-mine na yan! RYZEN 5 3400G gaming build, limited slots only this week.",,89,"09/07/2023 19:01",,https://www.facebook.com/reel/1186560703149093/,0,0,Reels,,,,,09/17/2023,0,,,,,,0,0,0,0,0,22.091,2.709
1037207215341997,100064197037125,"PC Merchandise","Pa-mine na yan! RYZEN 5 3400G gaming build, limited slots only this week.",,89,"09/07/2023 19:01",,https://www.facebook.com/reel/1186560703149093/,0,0,Reels,,,,,09/18/2023,0,,,,,,0,0,0,0,0,13.506,3.962
1037207215341997,100064197037125,"PC Merchandise","Pa-mine na yan! RYZEN 5 3400G gaming build, limited slots only this week.",,89,"09/07/2023 19:01",,https://www.facebook.com/reel/1186560703149093/,0,0,Reels,,,,,09/19/2023,0,,,,,,0,0,0,0,0,6.760,3.664
1037207215341997,100064197037125,"PC Merchandise","Pa-mine na yan! RYZEN 5 3400G gaming build, limited slots only this week.",,89,"09/07/2023 19:01",,https://www.facebook.com/reel/1186560703149093/,0,0,Reels,,,,,09/20/2023,0,,,,,,0,0,0,0,0,14.070,5.652
1037207215341997,100064197037125,"PC Merchandise","Pa-mine na yan! RYZEN 5 3400G gaming build, limited slots only this week.",,89,"09/07/2023 19:01",,https://www.facebook.com/reel/1186560703149093/,0,0,Reels,,,,,09/21/2023,0,,,,,,0,0,0,0,0,5.173,3.286
1037207215341997,100064197037125,"PC Merchandise","Pa-mine na yan! RYZEN 5 3400G gaming build, limited slots only this week.",,89,"09/07/2023 19:01",,https://www.facebook.com/reel/1186560703149093/,0,0,Reels,,,,,09/22/2023,0,,,,,,0,0,0,0,0,9.238,4.696
1037207215341997,100064197037125,"PC Merchandise","Pa-mine na yan! RYZEN 5 3400G gaming build, limited slots only this week.",,89,"09/07/2023 19:01",,https://www.facebook.com/reel/1186560703149093/,0,0,Reels,,,,,09/23/2023,0,,,,,,0,0,0,0,0,11.461,4.976
1037207215341997,100064197037125,"PC Merchandise","Pa-mine na yan! RYZEN 5 3400G gaming build, limited slots only this week.",,89,"09/07/2023 19:01",,https://www.facebook.com/reel/1186560703149093/,0,0,Reels,,,,,09/24/2023,0,,,,,,0,0,0,0,0,5.717,3.376
1037207215341997,100064197037125,"PC Merchandise","Pa-mine na yan! RYZEN 5 3400G gaming build, limited slots only this week.",,89,"09/07/2023 19:01",,https://www.facebook.com/reel/1186560703149093/,0,0,Reels,,,,,09/25/2023,0,,,,,,0,0,0,0,0,8.514,5.463
1037207215341997,100064197037125,"PC Merchandise","Pa-mine na yan! RYZEN 5 3400G gaming build, limited slots only this week.",,89,"09/07/2023 19:01",,https://www.facebook.com/reel/1186560703149093/,0,0,Reels,,,,,09/26/2023,0,,,,,,0,0,0,0,0,5.162,3.691
1037207215341997,100064197037125,"PC Merchandise","Pa-mine na yan! RYZEN 5 3400G gaming build, limited slots only this week.",,89,"09/07/2023 19:01",,https://www.facebook.com/reel/1186560703149093/,0,0,Reels,,,,,09/27/2023,0,,,,,,0,0,0,0,0,7.770,3.914
1037207215341997,100064197037125,"PC Merchandise","Pa-mine na yan! RYZEN 5 3400G gaming build, limited slots only this week.",,89,"09/07/2023 19:01",,https://www.facebook.com/reel/1186560703149093/,0,0,Reels,,,,,09/28/2023,0,,,,,,0,0,0,0,0,6.858,5.136
1037207215341997,100064197037125,"PC Merchandise","Pa-mine na yan! RYZEN 5 3400G gaming build, limited slots only this week.",,89,"09/07/2023 19:01",,https://www.facebook.com/reel/1186560703149093/,0,0,Reels,,,,,09/29/2023,0,,,,,,0,0,0,0,0,6.153,5.549
1037207215341997,100064197037125,"PC Merchandise","Pa-mine na yan! RYZEN 5 3400G gaming build, limited slots only this week.",,89,"09/07/2023 19:01",,https://www.facebook.com/reel/1186560703149093/,0,0,Reels,,,,,09/30/2023,0,,,,,,0,0,0,0,0,13.303,4.346
1037426881124730,100064197037125,"PC Merchandise","UNBOXING: RX 6600 fresh stock just arrived! 📦",,84,"09/07/2023 19:01",mixed,https://www.facebook.com/reel/1107458454252870/,0,0,Reels,,,,,09/01/2023,0,,,,,,0,0,0,0,0,0.000,5.103
1037426881124730,100064197037125,"PC Merchandise","UNBOXING: RX 6600 fresh stock just arrived! 📦",,84,"09/07/2023 19:01",mixed,https://www.facebook.com/reel/1107458454252870/,0,0,Reels,,,,,09/02/2023,0,,,,,,0,0,0,0,0,0.000,3.861
1037426881124730,100064197037125,"PC Merchandise","UNBOXING: RX 6600 fresh stock just arrived! 📦",,84,"09/07/2023 19:01",mixed,https://www.facebook.com/reel/1107458454252870/,0,0,Reels,,,,,09/03/2023,0,,,,,,0,0,0,0,0,0.000,5.720
1037426881124730,100064197037125,"PC Merchandise","UNBOXING: RX 6600 fresh stock just arrived! 📦",,84,"09/07/2023 19:01",mixed,https://www.facebook.com/reel/1107458454252870/,0,0,Reels,,,,,09/04/2023,0,,,,,,0,0,0,0,0,0.000,5.368
1037426881124730,100064197037125,"PC Merchandise","UNBOXING: RX 6600 fresh stock just arrived! 📦",,84,"09/07/2023 19:01",mixed,https://www.facebook.com/reel/1107458454252870/,0,0,Reels,,,,,09/05/2023,0,,,,,,0,0,0,0,0,0.000,3.332
1037426881124730,100064197037125,"PC Merchandise","UNBOXING: RX 6600 fresh stock just arrived! 📦",,84,"09/07/2023 19:01",mixed,https://www.facebook.com/reel/1107458454252870/,0,0,Reels,,,,,09/06/2023,0,,,,,,0,0,0,0,0,0.000,4.729
1037426881124730,100064197037125,"PC Merchandise","UNBOXING: RX 6600 fresh stock just arrived! 📦",,84,"09/07/2023 19:01",mixed,https://www.facebook.com/reel/1107458454252870/,0,0,Reels,,,,,09/07/2023,0,,,,,,18,0,1,1,0,389.506,5.520
1037426881124730,100064197037125,"PC Merchandise","UNBOXING: RX 6600 fresh stock just arrived! 📦",,84,"09/07/2023 19:01",mixed,https://www.facebook.com/reel/1107458454252870/,0,0,Reels,,,,,09/08/2023,0,,,,,,17,0,0,0,0,236.828,6.047
1037426881124730,100064197037125,"PC Merchandise","UNBOXING: RX 6600 fresh stock just arrived! 📦",,84,"09/07/2023 19:01",mixed,https://www.facebook.com/reel/1107458454252870/,0,0,Reels,,,,,09/09/2023,0,,,,,,21,0,1,1,0,227.485,5.606
1037426881124730,100064197037125,"PC Merchandise","UNBOXING: RX 6600 fresh stock just arrived! 📦",,84,"09/07/2023 19:01",mixed,https://www.facebook.com/reel/1107458454252870/,0,0,Reels,,,,,09/10/2023,0,,,,,,15,0,0,0,0,74.237,3.902
1037426881124730,100064197037125,"PC Merchandise","UNBOXING: RX 6600 fresh stock just arrived! 📦",,84,"09/07/2023 19:01",mixed,https://www.facebook.com/reel/1107458454252870/,0,0,Reels,,,,,09/11/2023,0,,,,,,18,0,0,0,0,161.545,5.222
1037426881124730,100064197037125,"PC Merchandise","UNBOXING: RX 6600 fresh stock just arrived! 📦",,84,"09/07/2023 19:01",mixed,https://www.facebook.com/reel/1107458454252870/,0,0,Reels,,,,,09/12/2023,0,,,,,,17,0,0,0,0,60.593,4.516
1037426881124730,100064197037125,"PC Merchandise","UNBOXING: RX 6600 fresh stock just arrived! 📦",,84,"09/07/2023 19:01",mixed,https://www.facebook.com/reel/1107458454252870/,0,0,Reels,,,,,09/13/2023,0,,,,,,19,0,0,0,0,115.543,5.976
1037426881124730,100064197037125,"PC Merchandise","UNBOXING: RX 6600 fresh stock just arrived! 📦",,84,"09/07/2023 19:01",mixed,https://www.facebook.com/reel/1107458454252870/,0,0,Reels,,,,,09/14/2023,0,,,,,,20,0,0,0,0,53.214,5.146
1037426881124730,100064197037125,"PC Merchandise","UNBOXING: RX 6600 fresh stock just arrived! 📦",,84,"09/07/2023 19:01",mixed,https://www.facebook.com/reel/1107458454252870/,0,0,Reels,,,,,09/15/2023,0,,,,,,18,0,0,0,0,49.191,6.168
1037426881124730,100064197037125,"PC Merchandise","UNBOXING: RX 6600 fresh stock just arrived! 📦",,84,"09/07/2023 19:01",mixed,https://www.facebook.com/reel/1107458454252870/,0,0,Reels,,,,,09/16/2023,0,,,,,,21,0,0,0,0,23.826,6.635
1037426881124730,100064197037125,"PC Merchandise","UNBOXING: RX 6600 fresh stock just arrived! 📦",,84,"09/07/2023 19:01",mixed,https://www.facebook.com/reel/1107458454252870/,0,0,Reels,,,,,09/17/2023,0,,,,,,18,0,0,0,0,24.538,5.954
1037426881124730,100064197037125,"PC Merchandise","UNBOXING: RX 6600 fresh stock just arrived! 📦",,84,"09/07/2023 19:01",mixed,https://www.facebook.com/reel/1107458454252870/,0,0,Reels,,,,,09/18/2023,0,,,,,,21,0,0,0,0,39.484,5.907
1037426881124730,100064197037125,"PC Merchandise","UNBOXING: RX 6600 fresh stock just arrived! 📦",,84,"09/07/2023 19:01",mixed,https://www.facebook.com/reel/1107458454252870/,0,0,Reels,,,,,09/19/2023,0,,,,,,0,0,0,0,0,24.405,5.208
1037426881124730,100064197037125,"PC Merchandise","UNBOXING: RX 6600 fresh stock just arrived! 📦",,84,"09/07/2023 19:01",mixed,https://www.facebook.com/reel/1107458454252870/,0,0,Reels,,,,,09/20/2023,0,,,,,,0,0,0,0,0,31.205,5.164
1037426881124730,100064197037125,"PC Merchandise","UNBOXING: RX 6600 fresh stock just arrived! 📦",,84,"09/07/2023 19:01",mixed,https://www.facebook.com/reel/1107458454252870/,0,0,Reels,,,,,09/21/2023,0,,,,,,0,0,0,0,0,16.030,5.405
1037426881124730,100064197037125,"PC Merchandise","UNBOXING: RX 6600 fresh stock just arrived! 📦",,84,"09/07/2023 19:01",mixed,https://www.facebook.com/reel/1107458454252870/,0,0,Reels,,,,,09/22/2023,0,,,,,,0,0,0,0,0,17.551,4.229
1037426881124730,100064197037125,"PC Merchandise","UNBOXING: RX 6600 fresh stock just arrived! 📦",,84,"09/07/2023 19:01",mixed,https://www.facebook.com/reel/1107458454252870/,0,0,Reels,,,,,09/23/2023,0,,,,,,0,0,0,0,0,29.499,4.994
1037426881124730,100064197037125,"PC Merchandise","UNBOXING: RX 6600 fresh stock just arrived! 📦",,84,"09/07/2023 19:01",mixed,https://www.facebook.com/reel/1107458454252870/,0,0,Reels,,,,,09/24/2023,0,,,,,,0,0,0,0,0,18.558,5.803
1037426881124730,100064197037125,"PC Merchandise","UNBOXING: RX 6600 fresh stock just arrived! 📦",,84,"09/07/2023 19:01",mixed,https://www.facebook.com/reel/1107458454252870/,0,0,Reels,,,,,09/25/2023,0,,,,,,0,0,0,0,0,14.568,5.765
1037426881124730,100064197037125,"PC Merchandise","UNBOXING: RX 6600 fresh stock just arrived! 📦",,84,"09/07/2023 19:01",mixed,https://www.facebook.com/reel/1107458454252870/,0,0,Reels,,,,,09/26/2023,0,,,,,,0,0,0,0,0,13.026,6.209
1037426881124730,100064197037125,"PC Merchandise","UNBOXING: RX 6600 fresh stock just arrived! 📦",,84,"09/07/2023 19:01",mixed,https://www.facebook.com/reel/1107458454252870/,0,0,Reels,,,,,09/27/2023,0,,,,,,0,0,0,0,0,11.780,4.820
1037426881124730,100064197037125,"PC Merchandise","UNBOXING: RX 6600 fresh stock just arrived! 📦",,84,"09/07/2023 19:01",mixed,https://www.facebook.com/reel/1107458454252870/,0,0,Reels,,,,,09/28/2023,0,,,,,,0,0,1,1,0,18.532,3.570
1037426881124730,100064197037125,"PC Merchandise","UNBOXING: RX 6600 fresh stock just arrived! 📦",,84,"09/07/2023 19:01",mixed,https://www.facebook.com/reel/1107458454252870/,0,0,Reels,,,,,09/29/2023,0,,,,,,0,0,0,0,0,13.479,4.365
1037426881124730,100064197037125,"PC Merchandise","UNBOXING: RX 6600 fresh stock just arrived! 📦",,84,"09/07/2023 19:01",mixed,https://www.facebook.com/reel/1107458454252870/,0,0,Reels,,,,,09/30/2023,0,,,,,,0,0,0,0,0,18.838,5.534
1037464699897170,100064197037125,"PC Merchandise","ito na po yung ghost project🥲",,0,"09/06/2023 22:00",,https://www.facebook.com/pcmerchandise.co/posts/pfbid0DAYvtjCTxxWPqlOSJkXDtoyrC1dh2rLdwgyCm0uC72NgNMV0NfILbb11,0,0,Photos,,,,,09/30/2023,1,,,,,,,,,,,,
1037464699897170,100064197037125,"PC Merchandise","ito na po yung ghost project🥲",,0,"09/06/2023 22:00",,https://www.facebook.com/pcmerchandise.co/posts/pfbid0DAYvtjCTxxWPqlOSJkXDtoyrC1dh2rLdwgyCm0uC72NgNMV0NfILbb11,0,0,Photos,,,,,09/01/2023,,,0,0,0,0,0,0,,,,,
1037464699897170,100064197037125,"PC Merchandise","ito na po yung ghost project🥲",,0,"09/06/2023 22:00",,https://www.facebook.com/pcmerchandise.co/posts/pfbid0DAYvtjCTxxWPqlOSJkXDtoyrC1dh2rLdwgyCm0uC72NgNMV0NfILbb11,0,0,Photos,,,,,09/02/2023,,,0,0,0,0,0,0,,,,,
1037464699897170,100064197037125,"PC Merchandise","ito na po yung ghost project🥲",,0,"09/06/2023 22:00",,https://www.facebook.com/pcmerchandise.co/posts/pfbid0DAYvtjCTxxWPqlOSJkXDtoyrC1dh2rLdwgyCm0uC72NgNMV0NfILbb11,0,0,Photos,,,,,09/03/2023,,,0,0,0,0,0,0,,,,,
1037464699897170,100064197037125,"PC Merchandise","ito na po yung ghost project🥲",,0,"09/06/2023 22:00",,https://www.facebook.com/pcmerchandise.co/posts/pfbid0DAYvtjCTxxWPqlOSJkXDtoyrC1dh2rLdwgyCm0uC72NgNMV0NfILbb11,0,0,Photos,,,,,09/04/2023,,,0,0,0,0,0,0,,,,,
1037464699897170,100064197037125,"PC Merchandise","ito na po yung ghost project🥲",,0,"09/06/2023 22:00",,https://www.facebook.com/pcmerchandise.co/posts/pfbid0DAYvtjCTxxWPqlOSJkXDtoyrC1dh2rLdwgyCm0uC72NgNMV0NfILbb11,0,0,Photos,,,,,09/05/2023,,,0,0,0,0,0,0,,,,,
1037464699897170,100064197037125,"PC Merchandise","ito na po yung ghost project🥲",,0,"09/06/2023 22:00",,https://www.facebook.com/pcmerchandise.co/posts/pfbid0DAYvtjCTxxWPqlOSJkXDtoyrC1dh2rLdwgyCm0uC72NgNMV0NfILbb11,0,0,Photos,,,,,09/06/2023,,,0,0,0,0,0,0,,,,,
1037464699897170,100064197037125,"PC Merchandise","ito na po yung ghost project🥲",,0,"09/06/2023 22:00",,https://www.facebook.com/pcmerchandise.co/posts/pfbid0DAYvtjCTxxWPqlOSJkXDtoyrC1dh2rLdwgyCm0uC72NgNMV0NfILbb11,0,0,Photos,,,,,09/07/2023,,,0,0,0,0,0,0,,,,,
1037464699897170,100064197037125,"PC Merchandise","ito na po yung ghost project🥲",,0,"09/06/2023 22:00",,https://www.facebook.com/pcmerchandise.co/posts/pfbid0DAYvtjCTxxWPqlOSJkXDtoyrC1dh2rLdwgyCm0uC72NgNMV0NfILbb11,0,0,Photos,,,,,09/08/2023,,,0,0,0,0,0,0,,,,,
1037464699897170,100064197037125,"PC Merchandise","ito na po yung ghost project🥲",,0,"09/06/2023 22:00",,https://www.facebook.com/pcmerchandise.co/posts/pfbid0DAYvtjCTxxWPqlOSJkXDtoyrC1dh2rLdwgyCm0uC72NgNMV0NfILbb11,0,0,Photos,,,,,09/09/2023,,,0,0,0,0,0,0,,,,,
1037464699897170,100064197037125,"PC Merchandise","ito na po yung ghost project🥲",,0,"09/06/2023 22:00",,https://www.facebook.com/pcmerchandise.co/posts/pfbid0DAYvtjCTxxWPqlOSJkXDtoyrC1dh2rLdwgyCm0uC72NgNMV0NfILbb11,0,0,Photos,,,,,09/10/2023,,,0,0,0,0,0,0,,,,,
1037464699897170,100064197037125,"PC Merchandise","ito na po yung ghost project🥲",,0,"09/06/2023 22:00",,https://www.facebook.com/pcmerchandise.co/posts/pfbid0DAYvtjCTxxWPqlOSJkXDtoyrC1dh2rLdwgyCm0uC72NgNMV0NfILbb11,0,0,Photos,,,,,09/11/2023,,,0,0,0,0,0,0,,,,,
1037464699897170,100064197037125,"PC Merchandise","ito na po yung ghost project🥲",,0,"09/06/2023 22:00",,https://www.facebook.com/pcmerchandise.co/posts/pfbid0DAYvtjCTxxWPqlOSJkXDtoyrC1dh2rLdwgyCm0uC72NgNMV0NfILbb11,0,0,Photos,,,,,09/12/2023,,,0,0,0,0,0,0,,,,,
1037464699897170,100064197037125,"PC Merchandise","ito na po yung ghost project🥲",,0,"09/06/2023 22:00",,https://www.facebook.com/pcmerchandise.co/posts/pfbid0DAYvtjCTxxWPqlOSJkXDtoyrC1dh2rLdwgyCm0uC72NgNMV0NfILbb11,0,0,Photos,,,,,09/13/2023,,,0,0,0,0,0,0,,,,,
1037464699897170,100064197037125,"PC Merchandise","ito na po yung ghost project🥲",,0,"09/06/2023 22:00",,https://www.facebook.com/pcmerchandise.co/posts/pfbid0DAYvtjCTxxWPqlOSJkXDtoyrC1dh2rLdwgyCm0uC72NgNMV0NfILbb11,0,0,Photos,,,,,09/14/2023,,,0,0,0,0,0,0,,,,,
1037464699897170,100064197037125,"PC Merchandise","ito na po yung ghost project🥲",,0,"09/06/2023 22:00",,https://www.facebook.com/pcmerchandise.co/posts/pfbid0DAYvtjCTxxWPqlOSJkXDtoyrC1dh2rLdwgyCm0uC72NgNMV0NfILbb11,0,0,Photos,,,,,09/15/2023,,,0,0,0,0,0,0,,,,,
1037464699897170,100064197037125,"PC Merchandise","ito na po yung ghost project🥲",,0,"09/06/2023 22:00",,https://www.facebook.com/pcmerchandise.co/posts/pfbid0DAYvtjCTxxWPqlOSJkXDtoyrC1dh2rLdwgyCm0uC72NgNMV0NfILbb11,0,0,Photos,,,,,09/16/2023,,,0,0,0,0,0,0,,,,,
1037464699897170,100064197037125,"PC Merchandise","ito na po yung ghost project🥲",,0,"09/06/2023 22:00",,https://www.facebook.com/pcmerchandise.co/posts/pfbid0DAYvtjCTxxWPqlOSJkXDtoyrC1dh2rLdwgyCm0uC72NgNMV0NfILbb11,0,0,Photos,,,,,09/17/2023,,,0,0,0,0,0,0,,,,,
1037464699897170,100064197037125,"PC Merchandise","ito na po yung ghost project🥲",,0,"09/06/2023 22:00",,https://www.facebook.com/pcmerchandise.co/posts/pfbid0DAYvtjCTxxWPqlOSJkXDtoyrC1dh2rLdwgyCm0uC72NgNMV0NfILbb11,0,0,Photos,,,,,09/18/2023,,,0,0,0,0,0,0,,,,,
1037464699897170,100064197037125,"PC Merchandise","ito na po yung ghost project🥲",,0,"09/06/2023 22:00",,https://www.facebook.com/pcmerchandise.co/posts/pfbid0DAYvtjCTxxWPqlOSJkXDtoyrC1dh2rLdwgyCm0uC72NgNMV0NfILbb11,0,0,Photos,,,,,09/19/2023,,,0,0,0,0,0,0,,,,,
1037464699897170,100064197037125,"PC Merchandise","ito na po yung ghost project🥲",,0,"09/06/2023 22:00",,https://www.facebook.com/pcmerchandise.co/posts/pfbid0DAYvtjCTxxWPqlOSJkXDtoyrC1dh2rLdwgyCm0uC72NgNMV0NfILbb11,0,0,Photos,,,,,09/20/2023,,,0,0,0,0,0,0,,,,,
1037464699897170,100064197037125,"PC Merchandise","ito na po yung ghost project🥲",,0,"09/06/2023 22:00",,https://www.facebook.com/pcmerchandise.co/posts/pfbid0DAYvtjCTxxWPqlOSJkXDtoyrC1dh2rLdwgyCm0uC72NgNMV0NfILbb11,0,0,Photos,,,,,09/21/2023,,,0,0,0,0,0,0,,,,,
1037464699897170,100064197037125,"PC Merchandise","ito na po yung ghost project🥲",,0,"09/06/2023 22:00",,https://www.facebook.com/pcmerchandise.co/posts/pfbid0DAYvtjCTxxWPqlOSJkXDtoyrC1dh2rLdwgyCm0uC72NgNMV0NfILbb11,0,0,Photos,,,,,09/22/2023,,,0,0,0,0,0,0,,,,,
1037464699897170,100064197037125,"PC Merchandise","ito na po yung ghost project🥲",,0,"09/06/2023 22:00",,https://www.facebook.com/pcmerchandise.co/posts/pfbid0DAYvtjCTxxWPqlOSJkXDtoyrC1dh2rLdwgyCm0uC72NgNMV0NfILbb11,0,0,Photos,,,,,09/23/2023,,,0,0,0,0,0,0,,,,,
1037464699897170,100064197037125,"PC Merchandise","ito na po yung ghost project🥲",,0,"09/06/2023 22:00",,https://www.facebook.com/pcmerchandise.co/posts/pfbid0DAYvtjCTxxWPqlOSJkXDtoyrC1dh2rLdwgyCm0uC72NgNMV0NfILbb11,0,0,Photos,,,,,09/24/2023,,,0,0,0,0,0,0,,,,,
1037464699897170,100064197037125,"PC Merchandise","ito na po yung ghost project🥲",,0,"09/06/2023 22:00",,https://www.facebook.com/pcmerchandise.co/posts/pfbid0DAYvtjCTxxWPqlOSJkXDtoyrC1dh2rLdwgyCm0uC72NgNMV0NfILbb11,0,0,Photos,,,,,09/25/2023,,,0,0,0,0,0,0,,,,,
1037464699897170,100064197037125,"PC Merchandise","ito na po yung ghost project🥲",,0,"09/06/2023 22:00",,https://www.facebook.com/pcmerchandise.co/posts/pfbid0DAYvtjCTxxWPqlOSJkXDtoyrC1dh2rLdwgyCm0uC72NgNMV0NfILbb11,0,0,Photos,,,,,09/26/2023,,,0,0,0,0,0,0,,,,,
1037464699897170,100064197037125,"PC Merchandise","ito na po yung ghost project🥲",,0,"09/06/2023 22:00",,https://www.facebook.com/pcmerchandise.co/posts/pfbid0DAYvtjCTxxWPqlOSJkXDtoyrC1dh2rLdwgyCm0uC72NgNMV0NfILbb11,0,0,Photos,,,,,09/27/2023,,,0,0,0,0,0,0,,,,,
1037464699897170,100064197037125,"PC Merchandise","ito na po yung ghost project🥲",,0,"09/06/2023 22:00",,https://www.facebook.com/pcmerchandise.co/posts/pfbid0DAYvtjCTxxWPqlOSJkXDtoyrC1dh2rLdwgyCm0uC72NgNMV0NfILbb11,0,0,Photos,,,,,09/28/2023,,,0,0,0,0,0,0,,,,,
1037464699897170,100064197037125,"PC Merchandise","ito na po yung ghost project🥲",,0,"09/06/2023 22:00",,https://www.facebook.com/pcmerchandise.co/posts/pfbid0DAYvtjCTxxWPqlOSJkXDtoyrC1dh2rLdwgyCm0uC72NgNMV0NfILbb11,0,0,Photos,,,,,09/29/2023,,,0,0,0,0,0,0,,,,,
1037464699897170,100064197037125,"PC Merchandise","ito na po yung ghost project🥲",,0,"09/06/2023 22:00",,https://www.facebook.com/pcmerchandise.co/posts/pfbid0DAYvtjCTxxWPqlOSJkXDtoyrC1dh2rLdwgyCm0uC72NgNMV0NfILbb11,0,0,Photos,,,,,09/30/2023,,,0,0,0,0,0,0,,,,,
1036871809674381,100064197037125,"PC Merchandise","𝐢𝟑 𝟏𝟐𝟏𝟎𝟎𝐅
𝐏𝐄𝐑𝐒𝐎𝐍𝐀𝐋 𝐁𝐔𝐈𝐋𝐃
#PCMERCHANDISE #PCMBUILDS",,62,"09/06/2023 20:00",auto,https://www.facebook.com/reel/1616715563756140/,0,0,Reels,,,,,09/01/2023,0,,,,,,0,0,0,0,0,0.000,5.566
1036871809674381,100064197037125,"PC Merchandise","𝐢𝟑 𝟏𝟐𝟏𝟎𝟎𝐅
𝐏𝐄𝐑𝐒𝐎𝐍𝐀𝐋 𝐁𝐔𝐈𝐋𝐃
#PCMERCHANDISE #PCMBUILDS",,62,"09/06/2023 20:00",auto,https://www.facebook.com/reel/1616715563756140/,0,0,Reels,,,,,09/02/2023,0,,,,,,0,0,0,0,0,0.000,5.211
1036871809674381,100064197037125,"PC Merchandise","𝐢𝟑 𝟏𝟐𝟏𝟎𝟎𝐅
𝐏𝐄𝐑𝐒𝐎𝐍𝐀𝐋 𝐁𝐔𝐈𝐋𝐃
#PCMERCHANDISE #PCMBUILDS",,62,"09/06/2023 20:00",auto,https://www.facebook.com/reel/1616715563756140/,0,0,Reels,,,,,09/03/2023,0,,,,,,0,0,0,0,0,0.000,6.285
1036871809674381,100064197037125,"PC Merchandise","𝐢𝟑 𝟏𝟐𝟏𝟎𝟎𝐅
𝐏𝐄𝐑𝐒𝐎𝐍𝐀𝐋 𝐁𝐔𝐈𝐋𝐃
#PCMERCHANDISE #PCMBUILDS",,62,"09/06/2023 20:00",auto,https://www.facebook.com/reel/1616715563756140/,0,0,Reels,,,,,09/04/2023,0,,,,,,0,0,0,0,0,0.000,6.313
1036871809674381,100064197037125,"PC Merchandise","𝐢𝟑 𝟏𝟐𝟏𝟎𝟎𝐅
𝐏𝐄𝐑𝐒𝐎𝐍𝐀𝐋 𝐁𝐔𝐈𝐋𝐃
#PCMERCHANDISE #PCMBUILDS",,62,"09/06/2023 20:00",auto,https://www.facebook.com/reel/1616715563756140/,0,0,Reels,,,,,09/05/2023,0,,,,,,0,0,0,0,0,0.000,5.861
1036871809674381,100064197037125,"PC Merchandise","𝐢𝟑 𝟏𝟐𝟏𝟎𝟎𝐅
𝐏𝐄𝐑𝐒𝐎𝐍𝐀𝐋 𝐁𝐔𝐈𝐋𝐃
#PCMERCHANDISE #PCMBUILDS",,62,"09/06/2023 20:00",auto,https://www.facebook.com/reel/1616715563756140/,0,0,Reels,,,,,09/06/2023,0,,,,,,0,0,1,0,1,73.876,5.272
1036871809674381,100064197037125,"PC Merchandise","𝐢𝟑 𝟏𝟐𝟏𝟎𝟎𝐅
𝐏𝐄𝐑𝐒𝐎𝐍𝐀𝐋 𝐁𝐔𝐈𝐋𝐃
#PCMERCHANDISE #PCMBUILDS",,62,"09/06/2023 20:00",auto,https://www.facebook.com/reel/1616715563756140/,0,0,Reels,,,,,09/07/2023,0,,,,,,0,0,1,0,1,53.556,6.057
1036871809674381,100064197037125,"PC Merchandise","𝐢𝟑 𝟏𝟐𝟏𝟎𝟎𝐅
𝐏𝐄𝐑𝐒𝐎𝐍𝐀𝐋 𝐁𝐔𝐈𝐋𝐃
#PCMERCHANDISE #PCMBUILDS",,62,"09/06/2023 20:00",auto,https://www.facebook.com/reel/1616715563756140/,0,0,Reels,,,,,09/08/2023,0,,,,,,0,0,0,0,0,31.645,4.697
1036871809674381,100064197037125,"PC Merchandise","𝐢𝟑 𝟏𝟐𝟏𝟎𝟎𝐅
𝐏𝐄𝐑𝐒𝐎𝐍𝐀𝐋 𝐁𝐔𝐈𝐋𝐃
#PCMERCHANDISE #PCMBUILDS",,62,"09/06/2023 20:00",auto,https://www.facebook.com/reel/1616715563756140/,0,0,Reels,,,,,09/09/2023,0,,,,,,0,0,1,1,0,48.808,5.362
1036871809674381,100064197037125,"PC Merchandise","𝐢𝟑 𝟏𝟐𝟏𝟎𝟎𝐅
𝐏𝐄𝐑𝐒𝐎𝐍𝐀𝐋 𝐁𝐔𝐈𝐋𝐃
#PCMERCHANDISE #PCMBUILDS",,62,"09/06/2023 20:00",auto,https://www.facebook.com/reel/1616715563756140/,0,0,Reels,,,,,09/10/2023,0,,,,,,0,0,1,1,0,25.575,7.061
1036871809674381,100064197037125,"PC Merchandise","𝐢𝟑 𝟏𝟐𝟏𝟎𝟎𝐅
𝐏𝐄𝐑𝐒𝐎𝐍𝐀𝐋 𝐁𝐔𝐈𝐋𝐃
#PCMERCHANDISE #PCMBUILDS",,62,"09/06/2023 20:00",auto,https://www.facebook.com/reel/1616715563756140/,0,0,Reels,,,,,09/11/2023,0,,,,,,0,0,0,0,0,15.883,7.073
1036871809674381,100064197037125,"PC Merchandise","𝐢𝟑 𝟏𝟐𝟏𝟎𝟎𝐅
𝐏𝐄𝐑𝐒𝐎𝐍𝐀𝐋 𝐁𝐔𝐈𝐋𝐃
#PCMERCHANDISE #PCMBUILDS",,62,"09/06/2023 20:00",auto,https://www.facebook.com/reel/1616715563756140/,0,0,Reels,,,,,09/12/2023,0,,,,,,0,0,0,0,0,13.223,5.993
1036871809674381,100064197037125,"PC Merchandise","𝐢𝟑 𝟏𝟐𝟏𝟎𝟎𝐅
𝐏𝐄𝐑𝐒𝐎𝐍𝐀𝐋 𝐁𝐔𝐈𝐋𝐃
#PCMERCHANDISE #PCMBUILDS",,62,"09/06/2023 20:00",auto,https://www.facebook.com/reel/1616715563756140/,0,0,Reels,,,,,09/13/2023,0,,,,,,0,0,0,0,0,27.291,7.137
1036871809674381,100064197037125,"PC Merchandise","𝐢𝟑 𝟏𝟐𝟏𝟎𝟎𝐅
𝐏𝐄𝐑𝐒𝐎𝐍𝐀𝐋 𝐁𝐔𝐈𝐋𝐃
#PCMERCHANDISE #PCMBUILDS",,62,"09/06/2023 20:00",auto,https://www.facebook.com/reel/1616715563756140/,0,0,Reels,,,,,09/14/2023,0,,,,,,0,0,0,0,0,12.685,6.066
1036871809674381,100064197037125,"PC Merchandise","𝐢𝟑 𝟏𝟐𝟏𝟎𝟎𝐅
𝐏𝐄𝐑𝐒𝐎𝐍𝐀𝐋 𝐁𝐔𝐈𝐋𝐃
#PCMERCHANDISE #PCMBUILDS",,62,"09/06/2023 20:00",auto,https://www.facebook.com/reel/1616715563756140/,0,0,Reels,,,,,09/15/2023,0,,,,,,0,0,1,1,0,5.724,4.814
1036871809674381,100064197037125,"PC Merchandise","𝐢𝟑 𝟏𝟐𝟏𝟎𝟎𝐅
𝐏𝐄𝐑𝐒𝐎𝐍𝐀𝐋 𝐁𝐔𝐈𝐋𝐃
#PCMERCHANDISE #PCMBUILDS",,62,"09/06/2023 20:00",auto,https://www.facebook.com/reel/1616715563756140/,0,0,Reels,,,,,09/16/2023,0,,,,,,0,0,1,1,0,12.453,5.585
1036871809674381,100064197037125,"PC Merchandise","𝐢𝟑 𝟏𝟐𝟏𝟎𝟎𝐅
𝐏𝐄𝐑𝐒𝐎𝐍𝐀𝐋 𝐁𝐔𝐈𝐋𝐃
#PCMERCHANDISE #PCMBUILDS",,62,"09/06/2023 20:00",auto,https://www.facebook.com/reel/1616715563756140/,0,0,Reels,,,,,09/17/2023,0,,,,,,0,0,1,1,0,5.693,5.958
1036871809674381,100064197037125,"PC Merchandise","𝐢𝟑 𝟏𝟐𝟏𝟎𝟎𝐅
𝐏𝐄𝐑𝐒𝐎𝐍𝐀𝐋 𝐁𝐔𝐈𝐋𝐃
#PCMERCHANDISE #PCMBUILDS",,62,"09/06/2023 20:00",auto,https://www.facebook.com/reel/1616715563756140/,0,0,Reels,,,,,09/18/2023,0,,,,,,0,0,0,0,0,4.454,5.430
1036871809674381,100064197037125,"PC Merchandise","𝐢𝟑 𝟏𝟐𝟏𝟎𝟎𝐅
𝐏𝐄𝐑𝐒𝐎𝐍𝐀𝐋 𝐁𝐔𝐈𝐋𝐃
#PCMERCHANDISE #PCMBUILDS",,62,"09/06/2023 20:00",auto,https://www.facebook.com/reel/1616715563756140/,0,0,Reels,,,,,09/19/2023,0,,,,,,0,0,0,0,0,5.812,6.228
1036871809674381,100064197037125,"PC Merchandise","𝐢𝟑 𝟏𝟐𝟏𝟎𝟎𝐅
𝐏𝐄𝐑𝐒𝐎𝐍𝐀𝐋 𝐁𝐔𝐈𝐋𝐃
#PCMERCHANDISE #PCMBUILDS",,62,"09/06/2023 20:00",auto,https://www.facebook.com/reel/1616715563756140/,0,0,Reels,,,,,09/20/2023,0,,,,,,0,0,0,0,0,2.612,6.817
1036871809674381,100064197037125,"PC Merchandise","𝐢𝟑 𝟏𝟐𝟏𝟎𝟎𝐅
𝐏𝐄𝐑𝐒𝐎𝐍𝐀𝐋 𝐁𝐔𝐈𝐋𝐃
#PCMERCHANDISE #PCMBUILDS",,62,"09/06/2023 20:00",auto,https://www.facebook.com/reel/1616715563756140/,0,0,Reels,,,,,09/21/2023,0,,,,,,0,0,0,0,0,3.254,6.878
1036871809674381,100064197037125,"PC Merchandise","𝐢𝟑 𝟏𝟐𝟏𝟎𝟎𝐅
𝐏𝐄𝐑𝐒𝐎𝐍𝐀𝐋 𝐁𝐔𝐈𝐋𝐃
#PCMERCHANDISE #PCMBUILDS",,62,"09/06/2023 20:00",auto,https://www.facebook.com/reel/1616715563756140/,0,0,Reels,,,,,09/22/2023,0,,,,,,0,0,0,0,0,5.497,6.111
1036871809674381,100064197037125,"PC Merchandise","𝐢𝟑 𝟏𝟐𝟏𝟎𝟎𝐅
𝐏𝐄𝐑𝐒𝐎𝐍𝐀𝐋 𝐁𝐔𝐈𝐋𝐃
#PCMERCHANDISE #PCMBUILDS",,62,"09/06/2023 20:00",auto,https://www.facebook.com/reel/1616715563756140/,0,0,Reels,,,,,09/23/2023,0,,,,,,0,0,0,0,0,6.268,6.518
1036871809674381,100064197037125,"PC Merchandise","𝐢𝟑 𝟏𝟐𝟏𝟎𝟎𝐅
𝐏𝐄𝐑𝐒𝐎𝐍𝐀𝐋 𝐁𝐔𝐈𝐋𝐃
#PCMERCHANDISE #PCMBUILDS",,62,"09/06/2023 20:00",auto,https://www.facebook.com/reel/1616715563756140/,0,0,Reels,,,,,09/24/2023,0,,,,,,0,0,0,0,0,4.018,5.710
1036871809674381,100064197037125,"PC Merchandise","𝐢𝟑 𝟏𝟐𝟏𝟎𝟎𝐅
𝐏𝐄𝐑𝐒𝐎𝐍𝐀𝐋 𝐁𝐔𝐈𝐋𝐃
#PCMERCHANDISE #PCMBUILDS",,62,"09/06/2023 20:00",auto,https://www.facebook.com/reel/1616715563756140/,0,0,Reels,,,,,09/25/2023,0,,,,,,0,0,0,0,0,4.228,5.672
1036871809674381,100064197037125,"PC Merchandise","𝐢𝟑 𝟏𝟐𝟏𝟎𝟎𝐅
𝐏𝐄𝐑𝐒𝐎𝐍𝐀𝐋 𝐁𝐔𝐈𝐋𝐃
#PCMERCHANDISE #PCMBUILDS",,62,"09/06/2023 20:00",auto,https://www.facebook.com/reel/1616715563756140/,0,0,Reels,,,,,09/26/2023,0,,,,,,0,0,0,0,0,2.893,6.616
1036871809674381,100064197037125,"PC Merchandise","𝐢𝟑 𝟏𝟐𝟏𝟎𝟎𝐅
𝐏𝐄𝐑𝐒𝐎𝐍𝐀𝐋 𝐁𝐔𝐈𝐋𝐃
#PCMERCHANDISE #PCMBUILDS",,62,"09/06/2023 20:00",auto,https://www.facebook.com/reel/1616715563756140/,0,0,Reels,,,,,09/27/2023,0,,,,,,0,0,0,0,0,2.490,5.960
1036871809674381,100064197037125,"PC Merchandise","𝐢𝟑 𝟏𝟐𝟏𝟎𝟎𝐅
𝐏𝐄𝐑𝐒𝐎𝐍𝐀𝐋 𝐁𝐔𝐈𝐋𝐃
#PCMERCHANDISE #PCMBUILDS",,62,"09/06/2023 20:00",auto,https://www.facebook.com/reel/1616715563756140/,0,0,Reels,,,,,09/28/2023,0,,,,,,0,0,0,0,0,3.076,6.678
1036871809674381,100064197037125,"PC Merchandise","𝐢𝟑 𝟏𝟐𝟏𝟎𝟎𝐅
𝐏𝐄𝐑𝐒𝐎𝐍𝐀𝐋 𝐁𝐔𝐈𝐋𝐃
#PCMERCHANDISE #PCMBUILDS",,62,"09/06/2023 20:00",auto,https://www.facebook.com/reel/1616715563756140/,0,0,Reels,,,,,09/29/2023,0,,,,,,0,0,0,0,0,3.035,6.364
1036871809674381,100064197037125,"PC Merchandise","𝐢𝟑 𝟏𝟐𝟏𝟎𝟎𝐅
𝐏𝐄𝐑𝐒𝐎𝐍𝐀𝐋 𝐁𝐔𝐈𝐋𝐃
#PCMERCHANDISE #PCMBUILDS",,62,"09/06/2023 20:00",auto,https://www.facebook.com/reel/1616715563756140/,0,0,Reels,,,,,09/30/2023,0,,,,,,0,0,1,0,1,4.799,6.386
1037469414314694,100064197037125,"PC Merchandise","Salamat sa tiwala boss JAMES! i5 12400F comshop package — 10 units delivered ✅",,0,"09/06/2023 19:15",,https://www.facebook.com/pcmerchandise.co/posts/pfbid0ey49BmehP1ijMaPmsyGPsJjWu9wSx3gyBBBqwXjpq7CY3kHz6RCRnuGL,0,0,Photos,,,,,09/30/2023,0,,,,,,,,,,,,
1037469414314694,100064197037125,"PC Merchandise","Salamat sa tiwala boss JAMES! i5 12400F comshop package — 10 units delivered ✅",,0,"09/06/2023 19:15",,https://www.facebook.com/pcmerchandise.co/posts/pfbid0ey49BmehP1ijMaPmsyGPsJjWu9wSx3gyBBBqwXjpq7CY3kHz6RCRnuGL,0,0,Photos,,,,,09/01/2023,,,0,0,0,0,0,0,,,,,
1037469414314694,100064197037125,"PC Merchandise","Salamat sa tiwala boss JAMES! i5 12400F comshop package — 10 units delivered ✅",,0,"09/06/2023 19:15",,https://www.facebook.com/pcmerchandise.co/posts/pfbid0ey49BmehP1ijMaPmsyGPsJjWu9wSx3gyBBBqwXjpq7CY3kHz6RCRnuGL,0,0,Photos,,,,,09/02/2023,,,0,0,0,0,0,0,,,,,
1037469414314694,100064197037125,"PC Merchandise","Salamat sa tiwala boss JAMES! i5 12400F comshop package — 10 units delivered ✅",,0,"09/06/2023 19:15",,https://www.facebook.com/pcmerchandise.co/posts/pfbid0ey49BmehP1ijMaPmsyGPsJjWu9wSx3gyBBBqwXjpq7CY3kHz6RCRnuGL,0,0,Photos,,,,,09/03/2023,,,0,0,0,0,0,0,,,,,
1037469414314694,100064197037125,"PC Merchandise","Salamat sa tiwala boss JAMES! i5 12400F comshop package — 10 units delivered ✅",,0,"09/06/2023 19:15",,https://www.facebook.com/pcmerchandise.co/posts/pfbid0ey49BmehP1ijMaPmsyGPsJjWu9wSx3gyBBBqwXjpq7CY3kHz6RCRnuGL,0,0,Photos,,,,,09/04/2023,,,0,0,0,0,0,0,,,,,
1037469414314694,100064197037125,"PC Merchandise","Salamat sa tiwala boss JAMES! i5 12400F comshop package — 10 units delivered ✅",,0,"09/06/2023 19:15",,https://www.facebook.com/pcmerchandise.co/posts/pfbid0ey49BmehP1ijMaPmsyGPsJjWu9wSx3gyBBBqwXjpq7CY3kHz6RCRnuGL,0,0,Photos,,,,,09/05/2023,,,0,0,0,0,0,0,,,,,
1037469414314694,100064197037125,"PC Merchandise","Salamat sa tiwala boss JAMES! i5 12400F comshop package — 10 units delivered ✅",,0,"09/06/2023 19:15",,https://www.facebook.com/pcmerchandise.co/posts/pfbid0ey49BmehP1ijMaPmsyGPsJjWu9wSx3gyBBBqwXjpq7CY3kHz6RCRnuGL,0,0,Photos,,,,,09/06/2023,,,0,0,0,0,0,0,,,,,
1037469414314694,100064197037125,"PC Merchandise","Salamat sa tiwala boss JAMES! i5 12400F comshop package — 10 units delivered ✅",,0,"09/06/2023 19:15",,https://www.facebook.com/pcmerchandise.co/posts/pfbid0ey49BmehP1ijMaPmsyGPsJjWu9wSx3gyBBBqwXjpq7CY3kHz6RCRnuGL,0,0,Photos,,,,,09/07/2023,,,0,0,0,0,0,0,,,,,
1037469414314694,100064197037125,"PC Merchandise","Salamat sa tiwala boss JAMES! i5 12400F comshop package — 10 units delivered ✅",,0,"09/06/2023 19:15",,https://www.facebook.com/pcmerchandise.co/posts/pfbid0ey49BmehP1ijMaPmsyGPsJjWu9wSx3gyBBBqwXjpq7CY3kHz6RCRnuGL,0,0,Photos,,,,,09/08/2023,,,0,0,0,0,0,0,,,,,
1037469414314694,100064197037125,"PC Merchandise","Salamat sa tiwala boss JAMES! i5 12400F comshop package — 10 units delivered ✅",,0,"09/06/2023 19:15",,https://www.facebook.com/pcmerchandise.co/posts/pfbid0ey49BmehP1ijMaPmsyGPsJjWu9wSx3gyBBBqwXjpq7CY3kHz6RCRnuGL,0,0,Photos,,,,,09/09/2023,,,0,0,0,0,0,0,,,,,
1037469414314694,100064197037125,"PC Merchandise","Salamat sa tiwala boss JAMES! i5 12400F comshop package — 10 units delivered ✅",,0,"09/06/2023 19:15",,https://www.facebook.com/pcmerchandise.co/posts/pfbid0ey49BmehP1ijMaPmsyGPsJjWu9wSx3gyBBBqwXjpq7CY3kHz6RCRnuGL,0,0,Photos,,,,,09/10/2023,,,0,0,0,0,0,0,,,,,
1037469414314694,100064197037125,"PC Merchandise","Salamat sa tiwala boss JAMES! i5 12400F comshop package — 10 units delivered ✅",,0,"09/06/2023 19:15",,https://www.facebook.com/pcmerchandise.co/posts/pfbid0ey49BmehP1ijMaPmsyGPsJjWu9wSx3gyBBBqwXjpq7CY3kHz6RCRnuGL,0,0,Photos,,,,,09/11/2023,,,0,0,0,0,0,0,,,,,
1037469414314694,100064197037125,"PC Merchandise","Salamat sa tiwala boss JAMES! i5 12400F comshop package — 10 units delivered ✅",,0,"09/06/2023 19:15",,https://www.facebook.com/pcmerchandise.co/posts/pfbid0ey49BmehP1ijMaPmsyGPsJjWu9wSx3gyBBBqwXjpq7CY3kHz6RCRnuGL,0,0,Photos,,,,,09/12/2023,,,0,0,0,0,0,0,,,,,
1037469414314694,100064197037125,"PC Merchandise","Salamat sa tiwala boss JAMES! i5 12400F comshop package — 10 units delivered ✅",,0,"09/06/2023 19:15",,https://www.facebook.com/pcmerchandise.co/posts/pfbid0ey49BmehP1ijMaPmsyGPsJjWu9wSx3gyBBBqwXjpq7CY3kHz6RCRnuGL,0,0,Photos,,,,,09/13/2023,,,0,0,0,0,0,0,,,,,
1037469414314694,100064197037125,"PC Merchandise","Salamat sa tiwala boss JAMES! i5 12400F comshop package — 10 units delivered ✅",,0,"09/06/2023 19:15",,https://www.facebook.com/pcmerchandise.co/posts/pfbid0ey49BmehP1ijMaPmsyGPsJjWu9wSx3gyBBBqwXjpq7CY3kHz6RCRnuGL,0,0,Photos,,,,,09/14/2023,,,0,0,0,0,0,0,,,,,
1037469414314694,100064197037125,"PC Merchandise","Salamat sa tiwala boss JAMES! i5 12400F comshop package — 10 units delivered ✅",,0,"09/06/2023 19:15",,https://www.facebook.com/pcmerchandise.co/posts/pfbid0ey49BmehP1ijMaPmsyGPsJjWu9wSx3gyBBBqwXjpq7CY3kHz6RCRnuGL,0,0,Photos,,,,,09/15/2023,,,0,0,0,0,0,0,,,,,
1037469414314694,100064197037125,"PC Merchandise","Salamat sa tiwala boss JAMES! i5 12400F comshop package — 10 units delivered ✅",,0,"09/06/2023 19:15",,https://www.facebook.com/pcmerchandise.co/posts/pfbid0ey49BmehP1ijMaPmsyGPsJjWu9wSx3gyBBBqwXjpq7CY3kHz6RCRnuGL,0,0,Photos,,,,,09/16/2023,,,0,0,0,0,0,0,,,,,
1037469414314694,100064197037125,"PC Merchandise","Salamat sa tiwala boss JAMES! i5 12400F comshop package — 10 units delivered ✅",,0,"09/06/2023 19:15",,https://www.facebook.com/pcmerchandise.co/posts/pfbid0ey49BmehP1ijMaPmsyGPsJjWu9wSx3gyBBBqwXjpq7CY3kHz6RCRnuGL,0,0,Photos,,,,,09/17/2023,,,0,0,0,0,0,0,,,,,
1037469414314694,100064197037125,"PC Merchandise","Salamat sa tiwala boss JAMES! i5 12400F comshop package — 10 units delivered ✅",,0,"09/06/2023 19:15",,https://www.facebook.com/pcmerchandise.co/posts/pfbid0ey49BmehP1ijMaPmsyGPsJjWu9wSx3gyBBBqwXjpq7CY3kHz6RCRnuGL,0,0,Photos,,,,,09/18/2023,,,0,0,0,0,0,0,,,,,
1037469414314694,100064197037125,"PC Merchandise","Salamat sa tiwala boss JAMES! i5 12400F comshop package — 10 units delivered ✅",,0,"09/06/2023 19:15",,https://www.facebook.com/pcmerchandise.co/posts/pfbid0ey49BmehP1ijMaPmsyGPsJjWu9wSx3gyBBBqwXjpq7CY3kHz6RCRnuGL,0,0,Photos,,,,,09/19/2023,,,0,0,0,0,0,0,,,,,
1037469414314694,100064197037125,"PC Merchandise","Salamat sa tiwala boss JAMES! i5 12400F comshop package — 10 units delivered ✅",,0,"09/06/2023 19:15",,https://www.facebook.com/pcmerchandise.co/posts/pfbid0ey49BmehP1ijMaPmsyGPsJjWu9wSx3gyBBBqwXjpq7CY3kHz6RCRnuGL,0,0,Photos,,,,,09/20/2023,,,0,0,0,0,0,0,,,,,
1037469414314694,100064197037125,"PC Merchandise","Salamat sa tiwala boss JAMES! i5 12400F comshop package — 10 units delivered ✅",,0,"09/06/2023 19:15",,https://www.facebook.com/pcmerchandise.co/posts/pfbid0ey49BmehP1ijMaPmsyGPsJjWu9wSx3gyBBBqwXjpq7CY3kHz6RCRnuGL,0,0,Photos,,,,,09/21/2023,,,0,0,0,0,0,0,,,,,
1037469414314694,100064197037125,"PC Merchandise","Salamat sa tiwala boss JAMES! i5 12400F comshop package — 10 units delivered ✅",,0,"09/06/2023 19:15",,https://www.facebook.com/pcmerchandise.co/posts/pfbid0ey49BmehP1ijMaPmsyGPsJjWu9wSx3gyBBBqwXjpq7CY3kHz6RCRnuGL,0,0,Photos,,,,,09/22/2023,,,0,0,0,0,0,0,,,,,
1037469414314694,100064197037125,"PC Merchandise","Salamat sa tiwala boss JAMES! i5 12400F comshop package — 10 units delivered ✅",,0,"09/06/2023 19:15",,https://www.facebook.com/pcmerchandise.co/posts/pfbid0ey49BmehP1ijMaPmsyGPsJjWu9wSx3gyBBBqwXjpq7CY3kHz6RCRnuGL,0,0,Photos,,,,,09/23/2023,,,0,0,0,0,0,0,,,,,
1037469414314694,100064197037125,"PC Merchandise","Salamat sa tiwala boss JAMES! i5 12400F comshop package — 10 units delivered ✅",,0,"09/06/2023 19:15",,https://www.facebook.com/pcmerchandise.co/posts/pfbid0ey49BmehP1ijMaPmsyGPsJjWu9wSx3gyBBBqwXjpq7CY3kHz6RCRnuGL,0,0,Photos,,,,,09/24/2023,,,0,0,0,0,0,0,,,,,
1037469414314694,100064197037125,"PC Merchandise","Salamat sa tiwala boss JAMES! i5 12400F comshop package — 10 units delivered ✅",,0,"09/06/2023 19:15",,https://www.facebook.com/pcmerchandise.co/posts/pfbid0ey49BmehP1ijMaPmsyGPsJjWu9wSx3gyBBBqwXjpq7CY3kHz6RCRnuGL,0,0,Photos,,,,,09/25/2023,,,0,0,0,0,0,0,,,,,
1037469414314694,100064197037125,"PC Merchandise","Salamat sa tiwala boss JAMES! i5 12400F comshop package — 10 units delivered ✅",,0,"09/06/2023 19:15",,https://www.facebook.com/pcmerchandise.co/posts/pfbid0ey49BmehP1ijMaPmsyGPsJjWu9wSx3gyBBBqwXjpq7CY3kHz6RCRnuGL,0,0,Photos,,,,,09/26/2023,,,0,0,0,0,0,0,,,,,
1037469414314694,100064197037125,"PC Merchandise","Salamat sa tiwala boss JAMES! i5 12400F comshop package — 10 units delivered ✅",,0,"09/06/2023 19:15",,https://www.facebook.com/pcmerchandise.co/posts/pfbid0ey49BmehP1ijMaPmsyGPsJjWu9wSx3gyBBBqwXjpq7CY3kHz6RCRnuGL,0,0,Photos,,,,,09/27/2023,,,0,0,0,0,0,0,,,,,
1037469414314694,100064197037125,"PC Merchandise","Salamat sa tiwala boss JAMES! i5 12400F comshop package — 10 units delivered ✅",,0,"09/06/2023 19:15",,https://www.facebook.com/pcmerchandise.co/posts/pfbid0ey49BmehP1ijMaPmsyGPsJjWu9wSx3gyBBBqwXjpq7CY3kHz6RCRnuGL,0,0,Photos,,,,,09/28/2023,,,0,0,0,0,0,0,,,,,
1037469414314694,100064197037125,"PC Merchandise","Salamat sa tiwala boss JAMES! i5 12400F comshop package — 10 units delivered ✅",,0,"09/06/2023 19:15",,https://www.facebook.com/pcmerchandise.co/posts/pfbid0ey49BmehP1ijMaPmsyGPsJjWu9wSx3gyBBBqwXjpq7CY3kHz6RCRnuGL,0,0,Photos,,,,,09/29/2023,,,0,0,0,0,0,0,,,,,
1037469414314694,100064197037125,"PC Merchandise","Salamat sa tiwala boss JAMES! i5 12400F comshop package — 10 units delivered ✅",,0,"09/06/2023 19:15",,https://www.facebook.com/pcmerchandise.co/posts/pfbid0ey49BmehP1ijMaPmsyGPsJjWu9wSx3gyBBBqwXjpq7CY3kHz6RCRnuGL,0,0,Photos,,,,,09/30/2023,,,0,0,0,0,0,0,,,,,
1037036295590676,100064197037125,"PC Merchandise","Another comshop delivered! 10 units i5 12400F para sa bagong negosyo ni BERT 💪",,0,"09/05/2023 20:30",,https://www.facebook.com/pcmerchandise.co/posts/pfbid039nvHOfJvzeQzFt25OycQ7a3OuajMv50V9AdW2bEv9DXcXMZQHlhS3XY,0,0,Photos,,,,,09/30/2023,3,,,,,,,,,,,,
1037036295590676,100064197037125,"PC Merchandise","Another comshop delivered! 10 units i5 12400F para sa bagong negosyo ni BERT 💪",,0,"09/05/2023 20:30",,https://www.facebook.com/pcmerchandise.co/posts/pfbid039nvHOfJvzeQzFt25OycQ7a3OuajMv50V9AdW2bEv9DXcXMZQHlhS3XY,0,0,Photos,,,,,09/01/2023,,,0,0,0,0,0,0,,,,,
1037036295590676,100064197037125,"PC Merchandise","Another comshop delivered! 10 units i5 12400F para sa bagong negosyo ni BERT 💪",,0,"09/05/2023 20:30",,https://www.facebook.com/pcmerchandise.co/posts/pfbid039nvHOfJvzeQzFt25OycQ7a3OuajMv50V9AdW2bEv9DXcXMZQHlhS3XY,0,0,Photos,,,,,09/02/2023,,,0,0,0,0,0,0,,,,,
1037036295590676,100064197037125,"PC Merchandise","Another comshop delivered! 10 units i5 12400F para sa bagong negosyo ni BERT 💪",,0,"09/05/2023 20:30",,https://www.facebook.com/pcmerchandise.co/posts/pfbid039nvHOfJvzeQzFt25OycQ7a3OuajMv50V9AdW2bEv9DXcXMZQHlhS3XY,0,0,Photos,,,,,09/03/2023,,,0,0,0,0,0,0,,,,,
1037036295590676,100064197037125,"PC Merchandise","Another comshop delivered! 10 units i5 12400F para sa bagong negosyo ni BERT 💪",,0,"09/05/2023 20:30",,https://www.facebook.com/pcmerchandise.co/posts/pfbid039nvHOfJvzeQzFt25OycQ7a3OuajMv50V9AdW2bEv9DXcXMZQHlhS3XY,0,0,Photos,,,,,09/04/2023,,,0,0,0,0,0,0,,,,,
1037036295590676,100064197037125,"PC Merchandise","Another comshop delivered! 10 units i5 12400F para sa bagong negosyo ni BERT 💪",,0,"09/05/2023 20:30",,https://www.facebook.com/pcmerchandise.co/posts/pfbid039nvHOfJvzeQzFt25OycQ7a3OuajMv50V9AdW2bEv9DXcXMZQHlhS3XY,0,0,Photos,,,,,09/05/2023,,,0,0,0,0,0,0,,,,,
1037036295590676,100064197037125,"PC Merchandise","Another comshop delivered! 10 units i5 12400F para sa bagong negosyo ni BERT 💪",,0,"09/05/2023 20:30",,https://www.facebook.com/pcmerchandise.co/posts/pfbid039nvHOfJvzeQzFt25OycQ7a3OuajMv50V9AdW2bEv9DXcXMZQHlhS3XY,0,0,Photos,,,,,09/06/2023,,,0,0,0,0,0,0,,,,,
1037036295590676,100064197037125,"PC Merchandise","Another comshop delivered! 10 units i5 12400F para sa bagong negosyo ni BERT 💪",,0,"09/05/2023 20:30",,https://www.facebook.com/pcmerchandise.co/posts/pfbid039nvHOfJvzeQzFt25OycQ7a3OuajMv50V9AdW2bEv9DXcXMZQHlhS3XY,0,0,Photos,,,,,09/07/2023,,,0,0,0,0,0,0,,,,,
1037036295590676,100064197037125,"PC Merchandise","Another comshop delivered! 10 units i5 12400F para sa bagong negosyo ni BERT 💪",,0,"09/05/2023 20:30",,https://www.facebook.com/pcmerchandise.co/posts/pfbid039nvHOfJvzeQzFt25OycQ7a3OuajMv50V9AdW2bEv9DXcXMZQHlhS3XY,0,0,Photos,,,,,09/08/2023,,,0,0,0,0,0,0,,,,,
1037036295590676,100064197037125,"PC Merchandise","Another comshop delivered! 10 units i5 12400F para sa bagong negosyo ni BERT 💪",,0,"09/05/2023 20:30",,https://www.facebook.com/pcmerchandise.co/posts/pfbid039nvHOfJvzeQzFt25OycQ7a3OuajMv50V9AdW2bEv9DXcXMZQHlhS3XY,0,0,Photos,,,,,09/09/2023,,,0,0,0,0,0,0,,,,,
1037036295590676,100064197037125,"PC Merchandise","Another comshop delivered! 10 units i5 12400F para sa bagong negosyo ni BERT 💪",,0,"09/05/2023 20:30",,https://www.facebook.com/pcmerchandise.co/posts/pfbid039nvHOfJvzeQzFt25OycQ7a3OuajMv50V9AdW2bEv9DXcXMZQHlhS3XY,0,0,Photos,,,,,09/10/2023,,,0,0,0,0,0,0,,,,,
1037036295590676,100064197037125,"PC Merchandise","Another comshop delivered! 10 units i5 12400F para sa bagong negosyo ni BERT 💪",,0,"09/05/2023 20:30",,https://www.facebook.com/pcmerchandise.co/posts/pfbid039nvHOfJvzeQzFt25OycQ7a3OuajMv50V9AdW2bEv9DXcXMZQHlhS3XY,0,0,Photos,,,,,09/11/2023,,,0,0,0,0,0,0,,,,,
1037036295590676,100064197037125,"PC Merchandise","Another comshop delivered! 10 units i5 12400F para sa bagong negosyo ni BERT 💪",,0,"09/05/2023 20:30",,https://www.facebook.com/pcmerchandise.co/posts/pfbid039nvHOfJvzeQzFt25OycQ7a3OuajMv50V9AdW2bEv9DXcXMZQHlhS3XY,0,0,Photos,,,,,09/12/2023,,,0,0,0,0,0,0,,,,,
1037036295590676,100064197037125,"PC Merchandise","Another comshop delivered! 10 units i5 12400F para sa bagong negosyo ni BERT 💪",,0,"09/05/2023 20:30",,https://www.facebook.com/pcmerchandise.co/posts/pfbid039nvHOfJvzeQzFt25OycQ7a3OuajMv50V9AdW2bEv9DXcXMZQHlhS3XY,0,0,Photos,,,,,09/13/2023,,,0,0,0,0,0,0,,,,,
1037036295590676,100064197037125,"PC Merchandise","Another comshop delivered! 10 units i5 12400F para sa bagong negosyo ni BERT 💪",,0,"09/05/2023 20:30",,https://www.facebook.com/pcmerchandise.co/posts/pfbid039nvHOfJvzeQzFt25OycQ7a3OuajMv50V9AdW2bEv9DXcXMZQHlhS3XY,0,0,Photos,,,,,09/14/2023,,,0,0,0,0,0,0,,,,,
1037036295590676,100064197037125,"PC Merchandise","Another comshop delivered! 10 units i5 12400F para sa bagong negosyo ni BERT 💪",,0,"09/05/2023 20:30",,https://www.facebook.com/pcmerchandise.co/posts/pfbid039nvHOfJvzeQzFt25OycQ7a3OuajMv50V9AdW2bEv9DXcXMZQHlhS3XY,0,0,Photos,,,,,09/15/2023,,,0,0,0,0,0,0,,,,,
1037036295590676,100064197037125,"PC Merchandise","Another comshop delivered! 10 units i5 12400F para sa bagong negosyo ni BERT 💪",,0,"09/05/2023 20:30",,https://www.facebook.com/pcmerchandise.co/posts/pfbid039nvHOfJvzeQzFt25OycQ7a3OuajMv50V9AdW2bEv9DXcXMZQHlhS3XY,0,0,Photos,,,,,09/16/2023,,,0,0,0,0,0,0,,,,,
1037036295590676,100064197037125,"PC Merchandise","Another comshop delivered! 10 units i5 12400F para sa bagong negosyo ni BERT 💪",,0,"09/05/2023 20:30",,https://www.facebook.com/pcmerchandise.co/posts/pfbid039nvHOfJvzeQzFt25OycQ7a3OuajMv50V9AdW2bEv9DXcXMZQHlhS3XY,0,0,Photos,,,,,09/17/2023,,,0,0,0,0,0,0,,,,,
1037036295590676,100064197037125,"PC Merchandise","Another comshop delivered! 10 units i5 12400F para sa bagong negosyo ni BERT 💪",,0,"09/05/2023 20:30",,https://www.facebook.com/pcmerchandise.co/posts/pfbid039nvHOfJvzeQzFt25OycQ7a3OuajMv50V9AdW2bEv9DXcXMZQHlhS3XY,0,0,Photos,,,,,09/18/2023,,,0,0,0,0,0,0,,,,,
1037036295590676,100064197037125,"PC Merchandise","Another comshop delivered! 10 units i5 12400F para sa bagong negosyo ni BERT 💪",,0,"09/05/2023 20:30",,https://www.facebook.com/pcmerchandise.co/posts/pfbid039nvHOfJvzeQzFt25OycQ7a3OuajMv50V9AdW2bEv9DXcXMZQHlhS3XY,0,0,Photos,,,,,09/19/2023,,,0,0,0,0,0,0,,,,,
1037036295590676,100064197037125,"PC Merchandise","Another comshop delivered! 10 units i5 12400F para sa bagong negosyo ni BERT 💪",,0,"09/05/2023 20:30",,https://www.facebook.com/pcmerchandise.co/posts/pfbid039nvHOfJvzeQzFt25OycQ7a3OuajMv50V9AdW2bEv9DXcXMZQHlhS3XY,0,0,Photos,,,,,09/20/2023,,,0,0,0,0,0,0,,,,,
1037036295590676,100064197037125,"PC Merchandise","Another comshop delivered! 10 units i5 12400F para sa bagong negosyo ni BERT 💪",,0,"09/05/2023 20:30",,https://www.facebook.com/pcmerchandise.co/posts/pfbid039nvHOfJvzeQzFt25OycQ7a3OuajMv50V9AdW2bEv9DXcXMZQHlhS3XY,0,0,Photos,,,,,09/21/2023,,,0,0,0,0,0,0,,,,,
1037036295590676,100064197037125,"PC Merchandise","Another comshop delivered! 10 units i5 12400F para sa bagong negosyo ni BERT 💪",,0,"09/05/2023 20:30",,https://www.facebook.com/pcmerchandise.co/posts/pfbid039nvHOfJvzeQzFt25OycQ7a3OuajMv50V9AdW2bEv9DXcXMZQHlhS3XY,0,0,Photos,,,,,09/22/2023,,,0,0,0,0,0,0,,,,,
1037036295590676,100064197037125,"PC Merchandise","Another comshop delivered! 10 units i5 12400F para sa bagong negosyo ni BERT 💪",,0,"09/05/2023 20:30",,https://www.facebook.com/pcmerchandise.co/posts/pfbid039nvHOfJvzeQzFt25OycQ7a3OuajMv50V9AdW2bEv9DXcXMZQHlhS3XY,0,0,Photos,,,,,09/23/2023,,,0,0,0,0,0,0,,,,,
1037036295590676,100064197037125,"PC Merchandise","Another comshop delivered! 10 units i5 12400F para sa bagong negosyo ni BERT 💪",,0,"09/05/2023 20:30",,https://www.facebook.com/pcmerchandise.co/posts/pfbid039nvHOfJvzeQzFt25OycQ7a3OuajMv50V9AdW2bEv9DXcXMZQHlhS3XY,0,0,Photos,,,,,09/24/2023,,,0,0,0,0,0,0,,,,,
1037036295590676,100064197037125,"PC Merchandise","Another comshop delivered! 10 units i5 12400F para sa bagong negosyo ni BERT 💪",,0,"09/05/2023 20:30",,https://www.facebook.com/pcmerchandise.co/posts/pfbid039nvHOfJvzeQzFt25OycQ7a3OuajMv50V9AdW2bEv9DXcXMZQHlhS3XY,0,0,Photos,,,,,09/25/2023,,,0,0,0,0,0,0,,,,,
1037036295590676,100064197037125,"PC Merchandise","Another comshop delivered! 10 units i5 12400F para sa bagong negosyo ni BERT 💪",,0,"09/05/2023 20:30",,https://www.facebook.com/pcmerchandise.co/posts/pfbid039nvHOfJvzeQzFt25OycQ7a3OuajMv50V9AdW2bEv9DXcXMZQHlhS3XY,0,0,Photos,,,,,09/26/2023,,,0,0,0,0,0,0,,,,,
1037036295590676,100064197037125,"PC Merchandise","Another comshop delivered! 10 units i5 12400F para sa bagong negosyo ni BERT 💪",,0,"09/05/2023 20:30",,https://www.facebook.com/pcmerchandise.co/posts/pfbid039nvHOfJvzeQzFt25OycQ7a3OuajMv50V9AdW2bEv9DXcXMZQHlhS3XY,0,0,Photos,,,,,09/27/2023,,,0,0,0,0,0,0,,,,,
1037036295590676,100064197037125,"PC Merchandise","Another comshop delivered! 10 units i5 12400F para sa bagong negosyo ni BERT 💪",,0,"09/05/2023 20:30",,https://www.facebook.com/pcmerchandise.co/posts/pfbid039nvHOfJvzeQzFt25OycQ7a3OuajMv50V9AdW2bEv9DXcXMZQHlhS3XY,0,0,Photos,,,,,09/28/2023,,,0,0,0,0,0,0,,,,,
1037036295590676,100064197037125,"PC Merchandise","Another comshop delivered! 10 units i5 12400F para sa bagong negosyo ni BERT 💪",,0,"09/05/2023 20:30",,https://www.facebook.com/pcmerchandise.co/posts/pfbid039nvHOfJvzeQzFt25OycQ7a3OuajMv50V9AdW2bEv9DXcXMZQHlhS3XY,0,0,Photos,,,,,09/29/2023,,,0,0,0,0,0,0,,,,,
1037036295590676,100064197037125,"PC Merchandise","Another comshop delivered! 10 units i5 12400F para sa bagong negosyo ni BERT 💪",,0,"09/05/2023 20:30",,https://www.facebook.com/pcmerchandise.co/posts/pfbid039nvHOfJvzeQzFt25OycQ7a3OuajMv50V9AdW2bEv9DXcXMZQHlhS3XY,0,0,Photos,,,,,09/30/2023,,,0,0,0,0,0,0,,,,,
1036936721946773,100064197037125,"PC Merchandise","Pa-mine na yan! RYZEN 5 4600G gaming build, limited slots only this week.",,0,"09/05/2023 17:15",,https://www.facebook.com/pcmerchandise.co/posts/pfbid0fD6sgG1rYZvJ0bZ5t1GjF97EsNXFKiScjDCuB3z6gXuD5fRbpPkDJBnv,0,0,Photos,,,,,09/30/2023,0,,,,,,,,,,,,
1036936721946773,100064197037125,"PC Merchandise","Pa-mine na yan! RYZEN 5 4600G gaming build, limited slots only this week.",,0,"09/05/2023 17:15",,https://www.facebook.com/pcmerchandise.co/posts/pfbid0fD6sgG1rYZvJ0bZ5t1GjF97EsNXFKiScjDCuB3z6gXuD5fRbpPkDJBnv,0,0,Photos,,,,,09/01/2023,,,0,0,0,0,0,0,,,,,
1036936721946773,100064197037125,"PC Merchandise","Pa-mine na yan! RYZEN 5 4600G gaming build, limited slots only this week.",,0,"09/05/2023 17:15",,https://www.facebook.com/pcmerchandise.co/posts/pfbid0fD6sgG1rYZvJ0bZ5t1GjF97EsNXFKiScjDCuB3z6gXuD5fRbpPkDJBnv,0,0,Photos,,,,,09/02/2023,,,0,0,0,0,0,0,,,,,
1036936721946773,100064197037125,"PC Merchandise","Pa-mine na yan! RYZEN 5 4600G gaming build, limited slots only this week.",,0,"09/05/2023 17:15",,https://www.facebook.com/pcmerchandise.co/posts/pfbid0fD6sgG1rYZvJ0bZ5t1GjF97EsNXFKiScjDCuB3z6gXuD5fRbpPkDJBnv,0,0,Photos,,,,,09/03/2023,,,0,0,0,0,0,0,,,,,
1036936721946773,100064197037125,"PC Merchandise","Pa-mine na yan! RYZEN 5 4600G gaming build, limited slots only this week.",,0,"09/05/2023 17:15",,https://www.facebook.com/pcmerchandise.co/posts/pfbid0fD6sgG1rYZvJ0bZ5t1GjF97EsNXFKiScjDCuB3z6gXuD5fRbpPkDJBnv,0,0,Photos,,,,,09/04/2023,,,0,0,0,0,0,0,,,,,
1036936721946773,100064197037125,"PC Merchandise","Pa-mine na yan! RYZEN 5 4600G gaming build, limited slots only this week.",,0,"09/05/2023 17:15",,https://www.facebook.com/pcmerchandise.co/posts/pfbid0fD6sgG1rYZvJ0bZ5t1GjF97EsNXFKiScjDCuB3z6gXuD5fRbpPkDJBnv,0,0,Photos,,,,,09/05/2023,,,0,0,0,0,0,0,,,,,
1036936721946773,100064197037125,"PC Merchandise","Pa-mine na yan! RYZEN 5 4600G gaming build, limited slots only this week.",,0,"09/05/2023 17:15",,https://www.facebook.com/pcmerchandise.co/posts/pfbid0fD6sgG1rYZvJ0bZ5t1GjF97EsNXFKiScjDCuB3z6gXuD5fRbpPkDJBnv,0,0,Photos,,,,,09/06/2023,,,0,0,0,0,0,0,,,,,
1036936721946773,100064197037125,"PC Merchandise","Pa-mine na yan! RYZEN 5 4600G gaming build, limited slots only this week.",,0,"09/05/2023 17:15",,https://www.facebook.com/pcmerchandise.co/posts/pfbid0fD6sgG1rYZvJ0bZ5t1GjF97EsNXFKiScjDCuB3z6gXuD5fRbpPkDJBnv,0,0,Photos,,,,,09/07/2023,,,0,0,0,0,0,0,,,,,
1036936721946773,100064197037125,"PC Merchandise","Pa-mine na yan! RYZEN 5 4600G gaming build, limited slots only this week.",,0,"09/05/2023 17:15",,https://www.facebook.com/pcmerchandise.co/posts/pfbid0fD6sgG1rYZvJ0bZ5t1GjF97EsNXFKiScjDCuB3z6gXuD5fRbpPkDJBnv,0,0,Photos,,,,,09/08/2023,,,0,0,0,0,0,0,,,,,
1036936721946773,100064197037125,"PC Merchandise","Pa-mine na yan! RYZEN 5 4600G gaming build, limited slots only this week.",,0,"09/05/2023 17:15",,https://www.facebook.com/pcmerchandise.co/posts/pfbid0fD6sgG1rYZvJ0bZ5t1GjF97EsNXFKiScjDCuB3z6gXuD5fRbpPkDJBnv,0,0,Photos,,,,,09/09/2023,,,0,0,0,0,0,0,,,,,
1036936721946773,100064197037125,"PC Merchandise","Pa-mine na yan! RYZEN 5 4600G gaming build, limited slots only this week.",,0,"09/05/2023 17:15",,https://www.facebook.com/pcmerchandise.co/posts/pfbid0fD6sgG1rYZvJ0bZ5t1GjF97EsNXFKiScjDCuB3z6gXuD5fRbpPkDJBnv,0,0,Photos,,,,,09/10/2023,,,0,0,0,0,0,0,,,,,
1036936721946773,100064197037125,"PC Merchandise","Pa-mine na yan! RYZEN 5 4600G gaming build, limited slots only this week.",,0,"09/05/2023 17:15",,https://www.facebook.com/pcmerchandise.co/posts/pfbid0fD6sgG1rYZvJ0bZ5t1GjF97EsNXFKiScjDCuB3z6gXuD5fRbpPkDJBnv,0,0,Photos,,,,,09/11/2023,,,0,0,0,0,0,0,,,,,
1036936721946773,100064197037125,"PC Merchandise","Pa-mine na yan! RYZEN 5 4600G gaming build, limited slots only this week.",,0,"09/05/2023 17:15",,https://www.facebook.com/pcmerchandise.co/posts/pfbid0fD6sgG1rYZvJ0bZ5t1GjF97EsNXFKiScjDCuB3z6gXuD5fRbpPkDJBnv,0,0,Photos,,,,,09/12/2023,,,0,0,0,0,0,0,,,,,
1036936721946773,100064197037125,"PC Merchandise","Pa-mine na yan! RYZEN 5 4600G gaming build, limited slots only this week.",,0,"09/05/2023 17:15",,https://www.facebook.com/pcmerchandise.co/posts/pfbid0fD6sgG1rYZvJ0bZ5t1GjF97EsNXFKiScjDCuB3z6gXuD5fRbpPkDJBnv,0,0,Photos,,,,,09/13/2023,,,0,0,0,0,0,0,,,,,
1036936721946773,100064197037125,"PC Merchandise","Pa-mine na yan! RYZEN 5 4600G gaming build, limited slots only this week.",,0,"09/05/2023 17:15",,https://www.facebook.com/pcmerchandise.co/posts/pfbid0fD6sgG1rYZvJ0bZ5t1GjF97EsNXFKiScjDCuB3z6gXuD5fRbpPkDJBnv,0,0,Photos,,,,,09/14/2023,,,0,0,0,0,0,0,,,,,
1036936721946773,100064197037125,"PC Merchandise","Pa-mine na yan! RYZEN 5 4600G gaming build, limited slots only this week.",,0,"09/05/2023 17:15",,https://www.facebook.com/pcmerchandise.co/posts/pfbid0fD6sgG1rYZvJ0bZ5t1GjF97EsNXFKiScjDCuB3z6gXuD5fRbpPkDJBnv,0,0,Photos,,,,,09/15/2023,,,0,0,0,0,0,0,,,,,
1036936721946773,100064197037125,"PC Merchandise","Pa-mine na yan! RYZEN 5 4600G gaming build, limited slots only this week.",,0,"09/05/2023 17:15",,https://www.facebook.com/pcmerchandise.co/posts/pfbid0fD6sgG1rYZvJ0bZ5t1GjF97EsNXFKiScjDCuB3z6gXuD5fRbpPkDJBnv,0,0,Photos,,,,,09/16/2023,,,0,0,0,0,0,0,,,,,
1036936721946773,100064197037125,"PC Merchandise","Pa-mine na yan! RYZEN 5 4600G gaming build, limited slots only this week.",,0,"09/05/2023 17:15",,https://www.facebook.com/pcmerchandise.co/posts/pfbid0fD6sgG1rYZvJ0bZ5t1GjF97EsNXFKiScjDCuB3z6gXuD5fRbpPkDJBnv,0,0,Photos,,,,,09/17/2023,,,0,0,0,0,0,0,,,,,
1036936721946773,100064197037125,"PC Merchandise","Pa-mine na yan! RYZEN 5 4600G gaming build, limited slots only this week.",,0,"09/05/2023 17:15",,https://www.facebook.com/pcmerchandise.co/posts/pfbid0fD6sgG1rYZvJ0bZ5t1GjF97EsNXFKiScjDCuB3z6gXuD5fRbpPkDJBnv,0,0,Photos,,,,,09/18/2023,,,0,0,0,0,0,0,,,,,
1036936721946773,100064197037125,"PC Merchandise","Pa-mine na yan! RYZEN 5 4600G gaming build, limited slots only this week.",,0,"09/05/2023 17:15",,https://www.facebook.com/pcmerchandise.co/posts/pfbid0fD6sgG1rYZvJ0bZ5t1GjF97EsNXFKiScjDCuB3z6gXuD5fRbpPkDJBnv,0,0,Photos,,,,,09/19/2023,,,0,0,0,0,0,0,,,,,
1036936721946773,100064197037125,"PC Merchandise","Pa-mine na yan! RYZEN 5 4600G gaming build, limited slots only this week.",,0,"09/05/2023 17:15",,https://www.facebook.com/pcmerchandise.co/posts/pfbid0fD6sgG1rYZvJ0bZ5t1GjF97EsNXFKiScjDCuB3z6gXuD5fRbpPkDJBnv,0,0,Photos,,,,,09/20/2023,,,0,0,0,0,0,0,,,,,
1036936721946773,100064197037125,"PC Merchandise","Pa-mine na yan! RYZEN 5 4600G gaming build, limited slots only this week.",,0,"09/05/2023 17:15",,https://www.facebook.com/pcmerchandise.co/posts/pfbid0fD6sgG1rYZvJ0bZ5t1GjF97EsNXFKiScjDCuB3z6gXuD5fRbpPkDJBnv,0,0,Photos,,,,,09/21/2023,,,0,0,0,0,0,0,,,,,
1036936721946773,100064197037125,"PC Merchandise","Pa-mine na yan! RYZEN 5 4600G gaming build, limited slots only this week.",,0,"09/05/2023 17:15",,https://www.facebook.com/pcmerchandise.co/posts/pfbid0fD6sgG1rYZvJ0bZ5t1GjF97EsNXFKiScjDCuB3z6gXuD5fRbpPkDJBnv,0,0,Photos,,,,,09/22/2023,,,0,0,0,0,0,0,,,,,
1036936721946773,100064197037125,"PC Merchandise","Pa-mine na yan! RYZEN 5 4600G gaming build, limited slots only this week.",,0,"09/05/2023 17:15",,https://www.facebook.com/pcmerchandise.co/posts/pfbid0fD6sgG1rYZvJ0bZ5t1GjF97EsNXFKiScjDCuB3z6gXuD5fRbpPkDJBnv,0,0,Photos,,,,,09/23/2023,,,0,0,0,0,0,0,,,,,
1036936721946773,100064197037125,"PC Merchandise","Pa-mine na yan! RYZEN 5 4600G gaming build, limited slots only this week.",,0,"09/05/2023 17:15",,https://www.facebook.com/pcmerchandise.co/posts/pfbid0fD6sgG1rYZvJ0bZ5t1GjF97EsNXFKiScjDCuB3z6gXuD5fRbpPkDJBnv,0,0,Photos,,,,,09/24/2023,,,0,0,0,0,0,0,,,,,
1036936721946773,100064197037125,"PC Merchandise","Pa-mine na yan! RYZEN 5 4600G gaming build, limited slots only this week.",,0,"09/05/2023 17:15",,https://www.facebook.com/pcmerchandise.co/posts/pfbid0fD6sgG1rYZvJ0bZ5t1GjF97EsNXFKiScjDCuB3z6gXuD5fRbpPkDJBnv,0,0,Photos,,,,,09/25/2023,,,0,0,0,0,0,0,,,,,
1036936721946773,100064197037125,"PC Merchandise","Pa-mine na yan! RYZEN 5 4600G gaming build, limited slots only this week.",,0,"09/05/2023 17:15",,https://www.facebook.com/pcmerchandise.co/posts/pfbid0fD6sgG1rYZvJ0bZ5t1GjF97EsNXFKiScjDCuB3z6gXuD5fRbpPkDJBnv,0,0,Photos,,,,,09/26/2023,,,0,0,0,0,0,0,,,,,
1036936721946773,100064197037125,"PC Merchandise","Pa-mine na yan! RYZEN 5 4600G gaming build, limited slots only this week.",,0,"09/05/2023 17:15",,https://www.facebook.com/pcmerchandise.co/posts/pfbid0fD6sgG1rYZvJ0bZ5t1GjF97EsNXFKiScjDCuB3z6gXuD5fRbpPkDJBnv,0,0,Photos,,,,,09/27/2023,,,0,0,0,0,0,0,,,,,
1036936721946773,100064197037125,"PC Merchandise","Pa-mine na yan! RYZEN 5 4600G gaming build, limited slots only this week.",,0,"09/05/2023 17:15",,https://www.facebook.com/pcmerchandise.co/posts/pfbid0fD6sgG1rYZvJ0bZ5t1GjF97EsNXFKiScjDCuB3z6gXuD5fRbpPkDJBnv,0,0,Photos,,,,,09/28/2023,,,0,0,0,0,0,0,,,,,
1036936721946773,100064197037125,"PC Merchandise","Pa-mine na yan! RYZEN 5 4600G gaming build, limited slots only this week.",,0,"09/05/2023 17:15",,https://www.facebook.com/pcmerchandise.co/posts/pfbid0fD6sgG1rYZvJ0bZ5t1GjF97EsNXFKiScjDCuB3z6gXuD5fRbpPkDJBnv,0,0,Photos,,,,,09/29/2023,,,0,0,0,0,0,0,,,,,
1036936721946773,100064197037125,"PC Merchandise","Pa-mine na yan! RYZEN 5 4600G gaming build, limited slots only this week.",,0,"09/05/2023 17:15",,https://www.facebook.com/pcmerchandise.co/posts/pfbid0fD6sgG1rYZvJ0bZ5t1GjF97EsNXFKiScjDCuB3z6gXuD5fRbpPkDJBnv,0,0,Photos,,,,,09/30/2023,,,0,0,0,0,0,0,,,,,
1037566048463594,100064197037125,"PC Merchandise","One more rig complete. One more client satisfied. Built with i5 12400F + RX 6600. PM us for yours!",,67,"09/05/2023 17:00",auto,https://www.facebook.com/reel/1865173385429067/,0,0,Reels,,,,,09/01/2023,0,,,,,,0,0,0,0,0,0.000,6.521
1037566048463594,100064197037125,"PC Merchandise","One more rig complete. One more client satisfied. Built with i5 12400F + RX 6600. PM us for yours!",,67,"09/05/2023 17:00",auto,https://www.facebook.com/reel/1865173385429067/,0,0,Reels,,,,,09/02/2023,0,,,,,,0,0,0,0,0,0.000,6.305
1037566048463594,100064197037125,"PC Merchandise","One more rig complete. One more client satisfied. Built with i5 12400F + RX 6600. PM us for yours!",,67,"09/05/2023 17:00",auto,https://www.facebook.com/reel/1865173385429067/,0,0,Reels,,,,,09/03/2023,0,,,,,,0,0,0,0,0,0.000,4.355
1037566048463594,100064197037125,"PC Merchandise","One more rig complete. One more client satisfied. Built with i5 12400F + RX 6600. PM us for yours!",,67,"09/05/2023 17:00",auto,https://www.facebook.com/reel/1865173385429067/,0,0,Reels,,,,,09/04/2023,0,,,,,,0,0,0,0,0,0.000,6.176
1037566048463594,100064197037125,"PC Merchandise","One more rig complete. One more client satisfied. Built with i5 12400F + RX 6600. PM us for yours!",,67,"09/05/2023 17:00",auto,https://www.facebook.com/reel/1865173385429067/,0,0,Reels,,,,,09/05/2023,0,,,,,,0,0,0,0,0,60.790,6.925
1037566048463594,100064197037125,"PC Merchandise","One more rig complete. One more client satisfied. Built with i5 12400F + RX 6600. PM us for yours!",,67,"09/05/2023 17:00",auto,https://www.facebook.com/reel/1865173385429067/,0,0,Reels,,,,,09/06/2023,0,,,,,,0,0,0,0,0,56.746,7.884
1037566048463594,100064197037125,"PC Merchandise","One more rig complete. One more client satisfied. Built with i5 12400F + RX 6600. PM us for yours!",,67,"09/05/2023 17:00",auto,https://www.facebook.com/reel/1865173385429067/,0,0,Reels,,,,,09/07/2023,0,,,,,,0,0,0,0,0,29.750,6.258
1037566048463594,100064197037125,"PC Merchandise","One more rig complete. One more client satisfied. Built with i5 12400F + RX 6600. PM us for yours!",,67,"09/05/2023 17:00",auto,https://www.facebook.com/reel/1865173385429067/,0,0,Reels,,,,,09/08/2023,0,,,,,,0,0,1,1,0,22.720,6.276
1037566048463594,100064197037125,"PC Merchandise","One more rig complete. One more client satisfied. Built with i5 12400F + RX 6600. PM us for yours!",,67,"09/05/2023 17:00",auto,https://www.facebook.com/reel/1865173385429067/,0,0,Reels,,,,,09/09/2023,0,,,,,,0,0,0,0,0,25.689,6.322
1037566048463594,100064197037125,"PC Merchandise","One more rig complete. One more client satisfied. Built with i5 12400F + RX 6600. PM us for yours!",,67,"09/05/2023 17:00",auto,https://www.facebook.com/reel/1865173385429067/,0,0,Reels,,,,,09/10/2023,0,,,,,,0,0,0,0,0,21.280,5.785
1037566048463594,100064197037125,"PC Merchandise","One more rig complete. One more client satisfied. Built with i5 12400F + RX 6600. PM us for yours!",,67,"09/05/2023 17:00",auto,https://www.facebook.com/reel/1865173385429067/,0,0,Reels,,,,,09/11/2023,0,,,,,,0,0,0,0,0,22.769,6.468
1037566048463594,100064197037125,"PC Merchandise","One more rig complete. One more client satisfied. Built with i5 12400F + RX 6600. PM us for yours!",,67,"09/05/2023 17:00",auto,https://www.facebook.com/reel/1865173385429067/,0,0,Reels,,,,,09/12/2023,0,,,,,,0,0,0,0,0,11.194,6.876
1037566048463594,100064197037125,"PC Merchandise","One more rig complete. One more client satisfied. Built with i5 12400F + RX 6600. PM us for yours!",,67,"09/05/2023 17:00",auto,https://www.facebook.com/reel/1865173385429067/,0,0,Reels,,,,,09/13/2023,0,,,,,,0,0,0,0,0,14.704,7.990
1037566048463594,100064197037125,"PC Merchandise","One more rig complete. One more client satisfied. Built with i5 12400F + RX 6600. PM us for yours!",,67,"09/05/2023 17:00",auto,https://www.facebook.com/reel/1865173385429067/,0,0,Reels,,,,,09/14/2023,0,,,,,,0,0,0,0,0,4.863,6.696
1037566048463594,100064197037125,"PC Merchandise","One more rig complete. One more client satisfied. Built with i5 12400F + RX 6600. PM us for yours!",,67,"09/05/2023 17:00",auto,https://www.facebook.com/reel/1865173385429067/,0,0,Reels,,,,,09/15/2023,0,,,,,,0,0,0,0,0,6.879,7.041
1037566048463594,100064197037125,"PC Merchandise","One more rig complete. One more client satisfied. Built with i5 12400F + RX 6600. PM us for yours!",,67,"09/05/2023 17:00",auto,https://www.facebook.com/reel/1865173385429067/,0,0,Reels,,,,,09/16/2023,0,,,,,,0,0,0,0,0,6.624,6.750
1037566048463594,100064197037125,"PC Merchandise","One more rig complete. One more client satisfied. Built with i5 12400F + RX 6600. PM us for yours!",,67,"09/05/2023 17:00",auto,https://www.facebook.com/reel/1865173385429067/,0,0,Reels,,,,,09/17/2023,0,,,,,,0,0,0,0,0,3.482,5.638
1037566048463594,100064197037125,"PC Merchandise","One more rig complete. One more client satisfied. Built with i5 12400F + RX 6600. PM us for yours!",,67,"09/05/2023 17:00",auto,https://www.facebook.com/reel/1865173385429067/,0,0,Reels,,,,,09/18/2023,0,,,,,,0,0,0,0,0,5.963,6.440
1037566048463594,100064197037125,"PC Merchandise","One more rig complete. One more client satisfied. Built with i5 12400F + RX 6600. PM us for yours!",,67,"09/05/2023 17:00",auto,https://www.facebook.com/reel/1865173385429067/,0,0,Reels,,,,,09/19/2023,0,,,,,,0,0,0,0,0,7.585,6.653
1037566048463594,100064197037125,"PC Merchandise","One more rig complete. One more client satisfied. Built with i5 12400F + RX 6600. PM us for yours!",,67,"09/05/2023 17:00",auto,https://www.facebook.com/reel/1865173385429067/,0,0,Reels,,,,,09/20/2023,0,,,,,,0,0,0,0,0,3.776,5.612
1037566048463594,100064197037125,"PC Merchandise","One more rig complete. One more client satisfied. Built with i5 12400F + RX 6600. PM us for yours!",,67,"09/05/2023 17:00",auto,https://www.facebook.com/reel/1865173385429067/,0,0,Reels,,,,,09/21/2023,0,,,,,,0,0,1,0,1,4.188,6.731
1037566048463594,100064197037125,"PC Merchandise","One more rig complete. One more client satisfied. Built with i5 12400F + RX 6600. PM us for yours!",,67,"09/05/2023 17:00",auto,https://www.facebook.com/reel/1865173385429067/,0,0,Reels,,,,,09/22/2023,0,,,,,,0,0,0,0,0,3.061,6.647
1037566048463594,100064197037125,"PC Merchandise","One more rig complete. One more client satisfied. Built with i5 12400F + RX 6600. PM us for yours!",,67,"09/05/2023 17:00",auto,https://www.facebook.com/reel/1865173385429067/,0,0,Reels,,,,,09/23/2023,0,,,,,,0,0,0,0,0,3.029,6.478
1037566048463594,100064197037125,"PC Merchandise","One more rig complete. One more client satisfied. Built with i5 12400F + RX 6600. PM us for yours!",,67,"09/05/2023 17:00",auto,https://www.facebook.com/reel/1865173385429067/,0,0,Reels,,,,,09/24/2023,0,,,,,,0,0,1,0,1,2.280,4.290
1037566048463594,100064197037125,"PC Merchandise","One more rig complete. One more client satisfied. Built with i5 12400F + RX 6600. PM us for yours!",,67,"09/05/2023 17:00",auto,https://www.facebook.com/reel/1865173385429067/,0,0,Reels,,,,,09/25/2023,0,,,,,,0,0,0,0,0,2.851,6.811
1037566048463594,100064197037125,"PC Merchandise","One more rig complete. One more client satisfied. Built with i5 12400F + RX 6600. PM us for yours!",,67,"09/05/2023 17:00",auto,https://www.facebook.com/reel/1865173385429067/,0,0,Reels,,,,,09/26/2023,0,,,,,,0,0,0,0,0,3.943,6.468
1037566048463594,100064197037125,"PC Merchandise","One more rig complete. One more client satisfied. Built with i5 12400F + RX 6600. PM us for yours!",,67,"09/05/2023 17:00",auto,https://www.facebook.com/reel/1865173385429067/,0,0,Reels,,,,,09/27/2023,0,,,,,,0,0,0,0,0,2.326,5.233
1037566048463594,100064197037125,"PC Merchandise","One more rig complete. One more client satisfied. Built with i5 12400F + RX 6600. PM us for yours!",,67,"09/05/2023 17:00",auto,https://www.facebook.com/reel/1865173385429067/,0,0,Reels,,,,,09/28/2023,0,,,,,,0,0,0,0,0,1.642,6.396
1037566048463594,100064197037125,"PC Merchandise","One more rig complete. One more client satisfied. Built with i5 12400F + RX 6600. PM us for yours!",,67,"09/05/2023 17:00",auto,https://www.facebook.com/reel/1865173385429067/,0,0,Reels,,,,,09/29/2023,0,,,,,,0,0,0,0,0,2.318,6.308
1037566048463594,100064197037125,"PC Merchandise","One more rig complete. One more client satisfied. Built with i5 12400F + RX 6600. PM us for yours!",,67,"09/05/2023 17:00",auto,https://www.facebook.com/reel/1865173385429067/,0,0,Reels,,,,,09/30/2023,0,,,,,,0,0,0,0,0,3.487,6.114
1036863857765858,100064197037125,"PC Merchandise","Negosyo starts today! Complete computer shop packages ready. PM now!

𝐂𝐎𝐌𝐒𝐇𝐎𝐏 𝐏𝐑𝐈𝐂𝐄𝐋𝐈𝐒𝐓 >>>
https://pcmerchandise.live/2023-GAMING-BUILDS",,36,"09/05/2023 16:15",auto,https://www.facebook.com/reel/1765726150745469/,0,0,Reels,,,,,09/01/2023,0,,,,,,0,0,0,0,0,0.000,2.238
1036863857765858,100064197037125,"PC Merchandise","Negosyo starts today! Complete computer shop packages ready. PM now!

𝐂𝐎𝐌𝐒𝐇𝐎𝐏 𝐏𝐑𝐈𝐂𝐄𝐋𝐈𝐒𝐓 >>>
https://pcmerchandise.live/2023-GAMING-BUILDS",,36,"09/05/2023 16:15",auto,https://www.facebook.com/reel/1765726150745469/,0,0,Reels,,,,,09/02/2023,0,,,,,,0,0,0,0,0,0.000,2.865
1036863857765858,100064197037125,"PC Merchandise","Negosyo starts today! Complete computer shop packages ready. PM now!

𝐂𝐎𝐌𝐒𝐇𝐎𝐏 𝐏𝐑𝐈𝐂𝐄𝐋𝐈𝐒𝐓 >>>
https://pcmerchandise.live/2023-GAMING-BUILDS",,36,"09/05/2023 16:15",auto,https://www.facebook.com/reel/1765726150745469/,0,0,Reels,,,,,09/03/2023,0,,,,,,0,0,0,0,0,0.000,2.685
1036863857765858,100064197037125,"PC Merchandise","Negosyo starts today! Complete computer shop packages ready. PM now!

𝐂𝐎𝐌𝐒𝐇𝐎𝐏 𝐏𝐑𝐈𝐂𝐄𝐋𝐈𝐒𝐓 >>>
https://pcmerchandise.live/2023-GAMING-BUILDS",,36,"09/05/2023 16:15",auto,https://www.facebook.com/reel/1765726150745469/,0,0,Reels,,,,,09/04/2023,0,,,,,,0,0,0,0,0,0.000,2.311
1036863857765858,100064197037125,"PC Merchandise","Negosyo starts today! Complete computer shop packages ready. PM now!

𝐂𝐎𝐌𝐒𝐇𝐎𝐏 𝐏𝐑𝐈𝐂𝐄𝐋𝐈𝐒𝐓 >>>
https://pcmerchandise.live/2023-GAMING-BUILDS",,36,"09/05/2023 16:15",auto,https://www.facebook.com/reel/1765726150745469/,0,0,Reels,,,,,09/05/2023,0,,,,,,0,0,0,0,0,259.962,2.852
1036863857765858,100064197037125,"PC Merchandise","Negosyo starts today! Complete computer shop packages ready. PM now!

𝐂𝐎𝐌𝐒𝐇𝐎𝐏 𝐏𝐑𝐈𝐂𝐄𝐋𝐈𝐒𝐓 >>>
https://pcmerchandise.live/2023-GAMING-BUILDS",,36,"09/05/2023 16:15",auto,https://www.facebook.com/reel/1765726150745469/,0,0,Reels,,,,,09/06/2023,0,,,,,,0,0,0,0,0,171.775,2.218
1036863857765858,100064197037125,"PC Merchandise","Negosyo starts today! Complete computer shop packages ready. PM now!

𝐂𝐎𝐌𝐒𝐇𝐎𝐏 𝐏𝐑𝐈𝐂𝐄𝐋𝐈𝐒𝐓 >>>
https://pcmerchandise.live/2023-GAMING-BUILDS",,36,"09/05/2023 16:15",auto,https://www.facebook.com/reel/1765726150745469/,0,0,Reels,,,,,09/07/2023,0,,,,,,0,0,0,0,0,91.854,3.807
1036863857765858,100064197037125,"PC Merchandise","Negosyo starts today! Complete computer shop packages ready. PM now!

𝐂𝐎𝐌𝐒𝐇𝐎𝐏 𝐏𝐑𝐈𝐂𝐄𝐋𝐈𝐒𝐓 >>>
https://pcmerchandise.live/2023-GAMING-BUILDS",,36,"09/05/2023 16:15",auto,https://www.facebook.com/reel/1765726150745469/,0,0,Reels,,,,,09/08/2023,0,,,,,,0,0,1,1,0,130.588,4.106
1036863857765858,100064197037125,"PC Merchandise","Negosyo starts today! Complete computer shop packages ready. PM now!

𝐂𝐎𝐌𝐒𝐇𝐎𝐏 𝐏𝐑𝐈𝐂𝐄𝐋𝐈𝐒𝐓 >>>
https://pcmerchandise.live/2023-GAMING-BUILDS",,36,"09/05/2023 16:15",auto,https://www.facebook.com/reel/1765726150745469/,0,0,Reels,,,,,09/09/2023,0,,,,,,0,0,0,0,0,71.672,2.887
1036863857765858,100064197037125,"PC Merchandise","Negosyo starts today! Complete computer shop packages ready. PM now!

𝐂𝐎𝐌𝐒𝐇𝐎𝐏 𝐏𝐑𝐈𝐂𝐄𝐋𝐈𝐒𝐓 >>>
https://pcmerchandise.live/2023-GAMING-BUILDS",,36,"09/05/2023 16:15",auto,https://www.facebook.com/reel/1765726150745469/,0,0,Reels,,,,,09/10/2023,0,,,,,,0,0,0,0,0,82.438,3.550
1036863857765858,100064197037125,"PC Merchandise","Negosyo starts today! Complete computer shop packages ready. PM now!

𝐂𝐎𝐌𝐒𝐇𝐎𝐏 𝐏𝐑𝐈𝐂𝐄𝐋𝐈𝐒𝐓 >>>
https://pcmerchandise.live/2023-GAMING-BUILDS",,36,"09/05/2023 16:15",auto,https://www.facebook.com/reel/1765726150745469/,0,0,Reels,,,,,09/11/2023,0,,,,,,0,0,0,0,0,87.301,2.051
1036863857765858,100064197037125,"PC Merchandise","Negosyo starts today! Complete computer shop packages ready. PM now!

𝐂𝐎𝐌𝐒𝐇𝐎𝐏 𝐏𝐑𝐈𝐂𝐄𝐋𝐈𝐒𝐓 >>>
https://pcmerchandise.live/2023-GAMING-BUILDS",,36,"09/05/2023 16:15",auto,https://www.facebook.com/reel/1765726150745469/,0,0,Reels,,,,,09/12/2023,0,,,,,,0,0,0,0,0,45.983,3.102
1036863857765858,100064197037125,"PC Merchandise","Negosyo starts today! Complete computer shop packages ready. PM now!

𝐂𝐎𝐌𝐒𝐇𝐎𝐏 𝐏𝐑𝐈𝐂𝐄𝐋𝐈𝐒𝐓 >>>
https://pcmerchandise.live/2023-GAMING-BUILDS",,36,"09/05/2023 16:15",auto,https://www.facebook.com/reel/1765726150745469/,0,0,Reels,,,,,09/13/2023,0,,,,,,0,0,0,0,0,39.125,3.774
1036863857765858,100064197037125,"PC Merchandise","Negosyo starts today! Complete computer shop packages ready. PM now!

𝐂𝐎𝐌𝐒𝐇𝐎𝐏 𝐏𝐑𝐈𝐂𝐄𝐋𝐈𝐒𝐓 >>>
https://pcmerchandise.live/2023-GAMING-BUILDS",,36,"09/05/2023 16:15",auto,https://www.facebook.com/reel/1765726150745469/,0,0,Reels,,,,,09/14/2023,0,,,,,,0,0,0,0,0,46.213,2.462
1036863857765858,100064197037125,"PC Merchandise","Negosyo starts today! Complete computer shop packages ready. PM now!

𝐂𝐎𝐌𝐒𝐇𝐎𝐏 𝐏𝐑𝐈𝐂𝐄𝐋𝐈𝐒𝐓 >>>
https://pcmerchandise.live/2023-GAMING-BUILDS",,36,"09/05/2023 16:15",auto,https://www.facebook.com/reel/1765726150745469/,0,0,Reels,,,,,09/15/2023,0,,,,,,0,0,0,0,0,23.248,1.500
1036863857765858,100064197037125,"PC Merchandise","Negosyo starts today! Complete computer shop packages ready. PM now!

𝐂𝐎𝐌𝐒𝐇𝐎𝐏 𝐏𝐑𝐈𝐂𝐄𝐋𝐈𝐒𝐓 >>>
https://pcmerchandise.live/2023-GAMING-BUILDS",,36,"09/05/2023 16:15",auto,https://www.facebook.com/reel/1765726150745469/,0,0,Reels,,,,,09/16/2023,0,,,,,,0,0,0,0,0,25.556,3.079
1036863857765858,100064197037125,"PC Merchandise","Negosyo starts today! Complete computer shop packages ready. PM now!

𝐂𝐎𝐌𝐒𝐇𝐎𝐏 𝐏𝐑𝐈𝐂𝐄𝐋𝐈𝐒𝐓 >>>
https://pcmerchandise.live/2023-GAMING-BUILDS",,36,"09/05/2023 16:15",auto,https://www.facebook.com/reel/1765726150745469/,0,0,Reels,,,,,09/17/2023,0,,,,,,0,0,0,0,0,25.150,2.058
1036863857765858,100064197037125,"PC Merchandise","Negosyo starts today! Complete computer shop packages ready. PM now!

𝐂𝐎𝐌𝐒𝐇𝐎𝐏 𝐏𝐑𝐈𝐂𝐄𝐋𝐈𝐒𝐓 >>>
https://pcmerchandise.live/2023-GAMING-BUILDS",,36,"09/05/2023 16:15",auto,https://www.facebook.com/reel/1765726150745469/,0,0,Reels,,,,,09/18/2023,0,,,,,,0,0,0,0,0,15.175,3.069
1036863857765858,100064197037125,"PC Merchandise","Negosyo starts today! Complete computer shop packages ready. PM now!

𝐂𝐎𝐌𝐒𝐇𝐎𝐏 𝐏𝐑𝐈𝐂𝐄𝐋𝐈𝐒𝐓 >>>
https://pcmerchandise.live/2023-GAMING-BUILDS",,36,"09/05/2023 16:15",auto,https://www.facebook.com/reel/1765726150745469/,0,0,Reels,,,,,09/19/2023,0,,,,,,0,0,0,0,0,10.893,4.092
1036863857765858,100064197037125,"PC Merchandise","Negosyo starts today! Complete computer shop packages ready. PM now!

𝐂𝐎𝐌𝐒𝐇𝐎𝐏 𝐏𝐑𝐈𝐂𝐄𝐋𝐈𝐒𝐓 >>>
https://pcmerchandise.live/2023-GAMING-BUILDS",,36,"09/05/2023 16:15",auto,https://www.facebook.com/reel/1765726150745469/,0,0,Reels,,,,,09/20/2023,0,,,,,,0,0,0,0,0,11.565,3.614
1036863857765858,100064197037125,"PC Merchandise","Negosyo starts today! Complete computer shop packages ready. PM now!

𝐂𝐎𝐌𝐒𝐇𝐎𝐏 𝐏𝐑𝐈𝐂𝐄𝐋𝐈𝐒𝐓 >>>
https://pcmerchandise.live/2023-GAMING-BUILDS",,36,"09/05/2023 16:15",auto,https://www.facebook.com/reel/1765726150745469/,0,0,Reels,,,,,09/21/2023,0,,,,,,0,0,0,0,0,11.108,3.506
1036863857765858,100064197037125,"PC Merchandise","Negosyo starts today! Complete computer shop packages ready. PM now!

𝐂𝐎𝐌𝐒𝐇𝐎𝐏 𝐏𝐑𝐈𝐂𝐄𝐋𝐈𝐒𝐓 >>>
https://pcmerchandise.live/2023-GAMING-BUILDS",,36,"09/05/2023 16:15",auto,https://www.facebook.com/reel/1765726150745469/,0,0,Reels,,,,,09/22/2023,0,,,,,,0,0,0,0,0,5.909,3.400
1036863857765858,100064197037125,"PC Merchandise","Negosyo starts today! Complete computer shop packages ready. PM now!

𝐂𝐎𝐌𝐒𝐇𝐎𝐏 𝐏𝐑𝐈𝐂𝐄𝐋𝐈𝐒𝐓 >>>
https://pcmerchandise.live/2023-GAMING-BUILDS",,36,"09/05/2023 16:15",auto,https://www.facebook.com/reel/1765726150745469/,0,0,Reels,,,,,09/23/2023,0,,,,,,0,0,0,0,0,6.895,2.858
1036863857765858,100064197037125,"PC Merchandise","Negosyo starts today! Complete computer shop packages ready. PM now!

𝐂𝐎𝐌𝐒𝐇𝐎𝐏 𝐏𝐑𝐈𝐂𝐄𝐋𝐈𝐒𝐓 >>>
https://pcmerchandise.live/2023-GAMING-BUILDS",,36,"09/05/2023 16:15",auto,https://www.facebook.com/reel/1765726150745469/,0,0,Reels,,,,,09/24/2023,0,,,,,,0,0,0,0,0,10.916,2.292
1036863857765858,100064197037125,"PC Merchandise","Negosyo starts today! Complete computer shop packages ready. PM now!

𝐂𝐎𝐌𝐒𝐇𝐎𝐏 𝐏𝐑𝐈𝐂𝐄𝐋𝐈𝐒𝐓 >>>
https://pcmerchandise.live/2023-GAMING-BUILDS",,36,"09/05/2023 16:15",auto,https://www.facebook.com/reel/1765726150745469/,0,0,Reels,,,,,09/25/2023,0,,,,,,0,0,0,0,0,8.456,3.131
1036863857765858,100064197037125,"PC Merchandise","Negosyo starts today! Complete computer shop packages ready. PM now!

𝐂𝐎𝐌𝐒𝐇𝐎𝐏 𝐏𝐑𝐈𝐂𝐄𝐋𝐈𝐒𝐓 >>>
https://pcmerchandise.live/2023-GAMING-BUILDS",,36,"09/05/2023 16:15",auto,https://www.facebook.com/reel/1765726150745469/,0,0,Reels,,,,,09/26/2023,0,,,,,,0,0,0,0,0,10.719,2.429
1036863857765858,100064197037125,"PC Merchandise","Negosyo starts today! Complete computer shop packages ready. PM now!

𝐂𝐎𝐌𝐒𝐇𝐎𝐏 𝐏𝐑𝐈𝐂𝐄𝐋𝐈𝐒𝐓 >>>
https://pcmerchandise.live/2023-GAMING-BUILDS",,36,"09/05/2023 16:15",auto,https://www.facebook.com/reel/1765726150745469/,0,0,Reels,,,,,09/27/2023,0,,,,,,0,0,0,0,0,8.233,3.747
1036863857765858,100064197037125,"PC Merchandise","Negosyo starts today! Complete computer shop packages ready. PM now!

𝐂𝐎𝐌𝐒𝐇𝐎𝐏 𝐏𝐑𝐈𝐂𝐄𝐋𝐈𝐒𝐓 >>>
https://pcmerchandise.live/2023-GAMING-BUILDS",,36,"09/05/2023 16:15",auto,https://www.facebook.com/reel/1765726150745469/,0,0,Reels,,,,,09/28/2023,0,,,,,,0,0,0,0,0,6.926,1.781
1036863857765858,100064197037125,"PC Merchandise","Negosyo starts today! Complete computer shop packages ready. PM now!

𝐂𝐎𝐌𝐒𝐇𝐎𝐏 𝐏𝐑𝐈𝐂𝐄𝐋𝐈𝐒𝐓 >>>
https://pcmerchandise.live/2023-GAMING-BUILDS",,36,"09/05/2023 16:15",auto,https://www.facebook.com/reel/1765726150745469/,0,0,Reels,,,,,09/29/2023,0,,,,,,0,0,0,0,0,7.799,3.086
1036863857765858,100064197037125,"PC Merchandise","Negosyo starts today! Complete computer shop packages ready. PM now!

𝐂𝐎𝐌𝐒𝐇𝐎𝐏 𝐏𝐑𝐈𝐂𝐄𝐋𝐈𝐒𝐓 >>>
https://pcmerchandise.live/2023-GAMING-BUILDS",,36,"09/05/2023 16:15",auto,https://www.facebook.com/reel/1765726150745469/,0,0,Reels,,,,,09/30/2023,0,,,,,,0,0,0,0,0,11.823,2.798
1036897153881880,100064197037125,"PC Merchandise","𝐀𝐌𝟓 𝐁𝐮𝐢𝐥𝐝 𝐋𝐢𝐦𝐢𝐭𝐞𝐝 𝐒𝐚𝐥𝐞! 🚨
Experience next-gen performance with our latest builds. PM for pricelist!",,57,"09/04/2023 23:15",,https://www.facebook.com/reel/1814424357410675/,0,0,Reels,,,,,09/01/2023,0,,,,,,0,0,0,0,0,0.000,6.471
1036897153881880,100064197037125,"PC Merchandise","𝐀𝐌𝟓 𝐁𝐮𝐢𝐥𝐝 𝐋𝐢𝐦𝐢𝐭𝐞𝐝 𝐒𝐚𝐥𝐞! 🚨
Experience next-gen performance with our latest builds. PM for pricelist!",,57,"09/04/2023 23:15",,https://www.facebook.com/reel/1814424357410675/,0,0,Reels,,,,,09/02/2023,0,,,,,,0,0,0,0,0,0.000,6.474
1036897153881880,100064197037125,"PC Merchandise","𝐀𝐌𝟓 𝐁𝐮𝐢𝐥𝐝 𝐋𝐢𝐦𝐢𝐭𝐞𝐝 𝐒𝐚𝐥𝐞! 🚨
Experience next-gen performance with our latest builds. PM for pricelist!",,57,"09/04/2023 23:15",,https://www.facebook.com/reel/1814424357410675/,0,0,Reels,,,,,09/03/2023,0,,,,,,0,0,0,0,0,0.000,7.259
1036897153881880,100064197037125,"PC Merchandise","𝐀𝐌𝟓 𝐁𝐮𝐢𝐥𝐝 𝐋𝐢𝐦𝐢𝐭𝐞𝐝 𝐒𝐚𝐥𝐞! 🚨
Experience next-gen performance with our latest builds. PM for pricelist!",,57,"09/04/2023 23:15",,https://www.facebook.com/reel/1814424357410675/,0,0,Reels,,,,,09/04/2023,0,,,,,,0,0,0,0,0,207.850,7.841
1036897153881880,100064197037125,"PC Merchandise","𝐀𝐌𝟓 𝐁𝐮𝐢𝐥𝐝 𝐋𝐢𝐦𝐢𝐭𝐞𝐝 𝐒𝐚𝐥𝐞! 🚨
Experience next-gen performance with our latest builds. PM for pricelist!",,57,"09/04/2023 23:15",,https://www.facebook.com/reel/1814424357410675/,0,0,Reels,,,,,09/05/2023,0,,,,,,0,0,0,0,0,183.307,6.069
1036897153881880,100064197037125,"PC Merchandise","𝐀𝐌𝟓 𝐁𝐮𝐢𝐥𝐝 𝐋𝐢𝐦𝐢𝐭𝐞𝐝 𝐒𝐚𝐥𝐞! 🚨
Experience next-gen performance with our latest builds. PM for pricelist!",,57,"09/04/2023 23:15",,https://www.facebook.com/reel/1814424357410675/,0,0,Reels,,,,,09/06/2023,0,,,,,,0,0,0,0,0,132.200,6.712
1036897153881880,100064197037125,"PC Merchandise","𝐀𝐌𝟓 𝐁𝐮𝐢𝐥𝐝 𝐋𝐢𝐦𝐢𝐭𝐞𝐝 𝐒𝐚𝐥𝐞! 🚨
Experience next-gen performance with our latest builds. PM for pricelist!",,57,"09/04/2023 23:15",,https://www.facebook.com/reel/1814424357410675/,0,0,Reels,,,,,09/07/2023,0,,,,,,0,0,0,0,0,95.071,6.471
1036897153881880,100064197037125,"PC Merchandise","𝐀𝐌𝟓 𝐁𝐮𝐢𝐥𝐝 𝐋𝐢𝐦𝐢𝐭𝐞𝐝 𝐒𝐚𝐥𝐞! 🚨
Experience next-gen performance with our latest builds. PM for pricelist!",,57,"09/04/2023 23:15",,https://www.facebook.com/reel/1814424357410675/,0,0,Reels,,,,,09/08/2023,0,,,,,,0,0,2,2,0,148.053,7.744
1036897153881880,100064197037125,"PC Merchandise","𝐀𝐌𝟓 𝐁𝐮𝐢𝐥𝐝 𝐋𝐢𝐦𝐢𝐭𝐞𝐝 𝐒𝐚𝐥𝐞! 🚨
Experience next-gen performance with our latest builds. PM for pricelist!",,57,"09/04/2023 23:15",,https://www.facebook.com/reel/1814424357410675/,0,0,Reels,,,,,09/09/2023,0,,,,,,0,0,0,0,0,285.405,8.550
1036897153881880,100064197037125,"PC Merchandise","𝐀𝐌𝟓 𝐁𝐮𝐢𝐥𝐝 𝐋𝐢𝐦𝐢𝐭𝐞𝐝 𝐒𝐚𝐥𝐞! 🚨
Experience next-gen performance with our latest builds. PM for pricelist!",,57,"09/04/2023 23:15",,https://www.facebook.com/reel/1814424357410675/,0,0,Reels,,,,,09/10/2023,0,,,,,,0,0,0,0,0,123.591,6.634
1036897153881880,100064197037125,"PC Merchandise","𝐀𝐌𝟓 𝐁𝐮𝐢𝐥𝐝 𝐋𝐢𝐦𝐢𝐭𝐞𝐝 𝐒𝐚𝐥𝐞! 🚨
Experience next-gen performance with our latest builds. PM for pricelist!",,57,"09/04/2023 23:15",,https://www.facebook.com/reel/1814424357410675/,0,0,Reels,,,,,09/11/2023,0,,,,,,0,0,0,0,0,31.674,7.214
1036897153881880,100064197037125,"PC Merchandise","𝐀𝐌𝟓 𝐁𝐮𝐢𝐥𝐝 𝐋𝐢𝐦𝐢𝐭𝐞𝐝 𝐒𝐚𝐥𝐞! 🚨
Experience next-gen performance with our latest builds. PM for pricelist!",,57,"09/04/2023 23:15",,https://www.facebook.com/reel/1814424357410675/,0,0,Reels,,,,,09/12/2023,0,,,,,,0,0,1,1,0,50.168,7.566
1036897153881880,100064197037125,"PC Merchandise","𝐀𝐌𝟓 𝐁𝐮𝐢𝐥𝐝 𝐋𝐢𝐦𝐢𝐭𝐞𝐝 𝐒𝐚𝐥𝐞! 🚨
Experience next-gen performance with our latest builds. PM for pricelist!",,57,"09/04/2023 23:15",,https://www.facebook.com/reel/1814424357410675/,0,0,Reels,,,,,09/13/2023,0,,,,,,0,0,0,0,0,53.738,8.864
1036897153881880,100064197037125,"PC Merchandise","𝐀𝐌𝟓 𝐁𝐮𝐢𝐥𝐝 𝐋𝐢𝐦𝐢𝐭𝐞𝐝 𝐒𝐚𝐥𝐞! 🚨
Experience next-gen performance with our latest builds. PM for pricelist!",,57,"09/04/2023 23:15",,https://www.facebook.com/reel/1814424357410675/,0,0,Reels,,,,,09/14/2023,0,,,,,,0,0,1,0,1,35.572,8.467
1036897153881880,100064197037125,"PC Merchandise","𝐀𝐌𝟓 𝐁𝐮𝐢𝐥𝐝 𝐋𝐢𝐦𝐢𝐭𝐞𝐝 𝐒𝐚𝐥𝐞! 🚨
Experience next-gen performance with our latest builds. PM for pricelist!",,57,"09/04/2023 23:15",,https://www.facebook.com/reel/1814424357410675/,0,0,Reels,,,,,09/15/2023,0,,,,,,0,0,0,0,0,14.646,7.231
1036897153881880,100064197037125,"PC Merchandise","𝐀𝐌𝟓 𝐁𝐮𝐢𝐥𝐝 𝐋𝐢𝐦𝐢𝐭𝐞𝐝 𝐒𝐚𝐥𝐞! 🚨
Experience next-gen performance with our latest builds. PM for pricelist!",,57,"09/04/2023 23:15",,https://www.facebook.com/reel/1814424357410675/,0,0,Reels,,,,,09/16/2023,0,,,,,,0,0,0,0,0,21.918,6.467
1036897153881880,100064197037125,"PC Merchandise","𝐀𝐌𝟓 𝐁𝐮𝐢𝐥𝐝 𝐋𝐢𝐦𝐢𝐭𝐞𝐝 𝐒𝐚𝐥𝐞! 🚨
Experience next-gen performance with our latest builds. PM for pricelist!",,57,"09/04/2023 23:15",,https://www.facebook.com/reel/1814424357410675/,0,0,Reels,,,,,09/17/2023,0,,,,,,0,0,0,0,0,5.700,8.117
1036897153881880,100064197037125,"PC Merchandise","𝐀𝐌𝟓 𝐁𝐮𝐢𝐥𝐝 𝐋𝐢𝐦𝐢𝐭𝐞𝐝 𝐒𝐚𝐥𝐞! 🚨
Experience next-gen performance with our latest builds. PM for pricelist!",,57,"09/04/2023 23:15",,https://www.facebook.com/reel/1814424357410675/,0,0,Reels,,,,,09/18/2023,0,,,,,,0,0,0,0,0,12.939,6.762
1036897153881880,100064197037125,"PC Merchandise","𝐀𝐌𝟓 𝐁𝐮𝐢𝐥𝐝 𝐋𝐢𝐦𝐢𝐭𝐞𝐝 𝐒𝐚𝐥𝐞! 🚨
Experience next-gen performance with our latest builds. PM for pricelist!",,57,"09/04/2023 23:15",,https://www.facebook.com/reel/1814424357410675/,0,0,Reels,,,,,09/19/2023,0,,,,,,0,0,0,0,0,11.495,7.411
1036897153881880,100064197037125,"PC Merchandise","𝐀𝐌𝟓 𝐁𝐮𝐢𝐥𝐝 𝐋𝐢𝐦𝐢𝐭𝐞𝐝 𝐒𝐚𝐥𝐞! 🚨
Experience next-gen performance with our latest builds. PM for pricelist!",,57,"09/04/2023 23:15",,https://www.facebook.com/reel/1814424357410675/,0,0,Reels,,,,,09/20/2023,0,,,,,,0,0,0,0,0,9.562,6.586
1036897153881880,100064197037125,"PC Merchandise","𝐀𝐌𝟓 𝐁𝐮𝐢𝐥𝐝 𝐋𝐢𝐦𝐢𝐭𝐞𝐝 𝐒𝐚𝐥𝐞! 🚨
Experience next-gen performance with our latest builds. PM for pricelist!",,57,"09/04/2023 23:15",,https://www.facebook.com/reel/1814424357410675/,0,0,Reels,,,,,09/21/2023,0,,,,,,0,0,0,0,0,12.552,7.625
1036897153881880,100064197037125,"PC Merchandise","𝐀𝐌𝟓 𝐁𝐮𝐢𝐥𝐝 𝐋𝐢𝐦𝐢𝐭𝐞𝐝 𝐒𝐚𝐥𝐞! 🚨
Experience next-gen performance with our latest builds. PM for pricelist!",,57,"09/04/2023 23:15",,https://www.facebook.com/reel/1814424357410675/,0,0,Reels,,,,,09/22/2023,0,,,,,,0,0,1,1,0,8.352,8.139
1036897153881880,100064197037125,"PC Merchandise","𝐀𝐌𝟓 𝐁𝐮𝐢𝐥𝐝 𝐋𝐢𝐦𝐢𝐭𝐞𝐝 𝐒𝐚𝐥𝐞! 🚨
Experience next-gen performance with our latest builds. PM for pricelist!",,57,"09/04/2023 23:15",,https://www.facebook.com/reel/1814424357410675/,0,0,Reels,,,,,09/23/2023,0,,,,,,0,0,0,0,0,16.714,7.451
1036897153881880,100064197037125,"PC Merchandise","𝐀𝐌𝟓 𝐁𝐮𝐢𝐥𝐝 𝐋𝐢𝐦𝐢𝐭𝐞𝐝 𝐒𝐚𝐥𝐞! 🚨
Experience next-gen performance with our latest builds. PM for pricelist!",,57,"09/04/2023 23:15",,https://www.facebook.com/reel/1814424357410675/,0,0,Reels,,,,,09/24/2023,0,,,,,,0,0,0,0,0,14.858,6.843
1036897153881880,100064197037125,"PC Merchandise","𝐀𝐌𝟓 𝐁𝐮𝐢𝐥𝐝 𝐋𝐢𝐦𝐢𝐭𝐞𝐝 𝐒𝐚𝐥𝐞! 🚨
Experience next-gen performance with our latest builds. PM for pricelist!",,57,"09/04/2023 23:15",,https://www.facebook.com/reel/1814424357410675/,0,0,Reels,,,,,09/25/2023,0,,,,,,0,0,0,0,0,17.712,6.626
1036897153881880,100064197037125,"PC Merchandise","𝐀𝐌𝟓 𝐁𝐮𝐢𝐥𝐝 𝐋𝐢𝐦𝐢𝐭𝐞𝐝 𝐒𝐚𝐥𝐞! 🚨
Experience next-gen performance with our latest builds. PM for pricelist!",,57,"09/04/2023 23:15",,https://www.facebook.com/reel/1814424357410675/,0,0,Reels,,,,,09/26/2023,0,,,,,,0,0,0,0,0,10.934,7.883
1036897153881880,100064197037125,"PC Merchandise","𝐀𝐌𝟓 𝐁𝐮𝐢𝐥𝐝 𝐋𝐢𝐦𝐢𝐭𝐞𝐝 𝐒𝐚𝐥𝐞! 🚨
Experience next-gen performance with our latest builds. PM for pricelist!",,57,"09/04/2023 23:15",,https://www.facebook.com/reel/1814424357410675/,0,0,Reels,,,,,09/27/2023,0,,,,,,0,0,0,0,0,8.546,7.762
1036897153881880,100064197037125,"PC Merchandise","𝐀𝐌𝟓 𝐁𝐮𝐢𝐥𝐝 𝐋𝐢𝐦𝐢𝐭𝐞𝐝 𝐒𝐚𝐥𝐞! 🚨
Experience next-gen performance with our latest builds. PM for pricelist!",,57,"09/04/2023 23:15",,https://www.facebook.com/reel/1814424357410675/,0,0,Reels,,,,,09/28/2023,0,,,,,,0,0,1,1,0,11.526,7.353
1036897153881880,100064197037125,"PC Merchandise","𝐀𝐌𝟓 𝐁𝐮𝐢𝐥𝐝 𝐋𝐢𝐦𝐢𝐭𝐞𝐝 𝐒𝐚𝐥𝐞! 🚨
Experience next-gen performance with our latest builds. PM for pricelist!",,57,"09/04/2023 23:15",,https://www.facebook.com/reel/1814424357410675/,0,0,Reels,,,,,09/29/2023,0,,,,,,0,0,0,0,0,14.711,6.513
1036897153881880,100064197037125,"PC Merchandise","𝐀𝐌𝟓 𝐁𝐮𝐢𝐥𝐝 𝐋𝐢𝐦𝐢𝐭𝐞𝐝 𝐒𝐚𝐥𝐞! 🚨
Experience next-gen performance with our latest builds. PM for pricelist!",,57,"09/04/2023 23:15",,https://www.facebook.com/reel/1814424357410675/,0,0,Reels,,,,,09/30/2023,0,,,,,,0,0,0,0,0,15.383,6.401
1036913181164481,100064197037125,"PC Merchandise","malas naman🥹",,0,"09/04/2023 02:36",,https://www.facebook.com/pcmerchandise.co/posts/pfbid0K8ih4yxUtVOehKUs41Oz62RhdJcb2RpfbCEZYeWSRPrJbAKAZBaEwLdn,0,0,Photos,,,,,09/30/2023,0,,,,,,,,,,,,
1036913181164481,100064197037125,"PC Merchandise","malas naman🥹",,0,"09/04/2023 02:36",,https://www.facebook.com/pcmerchandise.co/posts/pfbid0K8ih4yxUtVOehKUs41Oz62RhdJcb2RpfbCEZYeWSRPrJbAKAZBaEwLdn,0,0,Photos,,,,,09/01/2023,,,0,0,0,0,0,0,,,,,
1036913181164481,100064197037125,"PC Merchandise","malas naman🥹",,0,"09/04/2023 02:36",,https://www.facebook.com/pcmerchandise.co/posts/pfbid0K8ih4yxUtVOehKUs41Oz62RhdJcb2RpfbCEZYeWSRPrJbAKAZBaEwLdn,0,0,Photos,,,,,09/02/2023,,,0,0,0,0,0,0,,,,,
1036913181164481,100064197037125,"PC Merchandise","malas naman🥹",,0,"09/04/2023 02:36",,https://www.facebook.com/pcmerchandise.co/posts/pfbid0K8ih4yxUtVOehKUs41Oz62RhdJcb2RpfbCEZYeWSRPrJbAKAZBaEwLdn,0,0,Photos,,,,,09/03/2023,,,0,0,0,0,0,0,,,,,
1036913181164481,100064197037125,"PC Merchandise","malas naman🥹",,0,"09/04/2023 02:36",,https://www.facebook.com/pcmerchandise.co/posts/pfbid0K8ih4yxUtVOehKUs41Oz62RhdJcb2RpfbCEZYeWSRPrJbAKAZBaEwLdn,0,0,Photos,,,,,09/04/2023,,,0,0,0,0,0,0,,,,,
1036913181164481,100064197037125,"PC Merchandise","malas naman🥹",,0,"09/04/2023 02:36",,https://www.facebook.com/pcmerchandise.co/posts/pfbid0K8ih4yxUtVOehKUs41Oz62RhdJcb2RpfbCEZYeWSRPrJbAKAZBaEwLdn,0,0,Photos,,,,,09/05/2023,,,0,0,0,0,0,0,,,,,
1036913181164481,100064197037125,"PC Merchandise","malas naman🥹",,0,"09/04/2023 02:36",,https://www.facebook.com/pcmerchandise.co/posts/pfbid0K8ih4yxUtVOehKUs41Oz62RhdJcb2RpfbCEZYeWSRPrJbAKAZBaEwLdn,0,0,Photos,,,,,09/06/2023,,,0,0,0,0,0,0,,,,,
1036913181164481,100064197037125,"PC Merchandise","malas naman🥹",,0,"09/04/2023 02:36",,https://www.facebook.com/pcmerchandise.co/posts/pfbid0K8ih4yxUtVOehKUs41Oz62RhdJcb2RpfbCEZYeWSRPrJbAKAZBaEwLdn,0,0,Photos,,,,,09/07/2023,,,0,0,0,0,0,0,,,,,
1036913181164481,100064197037125,"PC Merchandise","malas naman🥹",,0,"09/04/2023 02:36",,https://www.facebook.com/pcmerchandise.co/posts/pfbid0K8ih4yxUtVOehKUs41Oz62RhdJcb2RpfbCEZYeWSRPrJbAKAZBaEwLdn,0,0,Photos,,,,,09/08/2023,,,0,0,0,0,0,0,,,,,
1036913181164481,100064197037125,"PC Merchandise","malas naman🥹",,0,"09/04/2023 02:36",,https://www.facebook.com/pcmerchandise.co/posts/pfbid0K8ih4yxUtVOehKUs41Oz62RhdJcb2RpfbCEZYeWSRPrJbAKAZBaEwLdn,0,0,Photos,,,,,09/09/2023,,,0,0,0,0,0,0,,,,,
1036913181164481,100064197037125,"PC Merchandise","malas naman🥹",,0,"09/04/2023 02:36",,https://www.facebook.com/pcmerchandise.co/posts/pfbid0K8ih4yxUtVOehKUs41Oz62RhdJcb2RpfbCEZYeWSRPrJbAKAZBaEwLdn,0,0,Photos,,,,,09/10/2023,,,0,0,0,0,0,0,,,,,
1036913181164481,100064197037125,"PC Merchandise","malas naman🥹",,0,"09/04/2023 02:36",,https://www.facebook.com/pcmerchandise.co/posts/pfbid0K8ih4yxUtVOehKUs41Oz62RhdJcb2RpfbCEZYeWSRPrJbAKAZBaEwLdn,0,0,Photos,,,,,09/11/2023,,,0,0,0,0,0,0,,,,,
1036913181164481,100064197037125,"PC Merchandise","malas naman🥹",,0,"09/04/2023 02:36",,https://www.facebook.com/pcmerchandise.co/posts/pfbid0K8ih4yxUtVOehKUs41Oz62RhdJcb2RpfbCEZYeWSRPrJbAKAZBaEwLdn,0,0,Photos,,,,,09/12/2023,,,0,0,0,0,0,0,,,,,
1036913181164481,100064197037125,"PC Merchandise","malas naman🥹",,0,"09/04/2023 02:36",,https://www.facebook.com/pcmerchandise.co/posts/pfbid0K8ih4yxUtVOehKUs41Oz62RhdJcb2RpfbCEZYeWSRPrJbAKAZBaEwLdn,0,0,Photos,,,,,09/13/2023,,,0,0,0,0,0,0,,,,,
1036913181164481,100064197037125,"PC Merchandise","malas naman🥹",,0,"09/04/2023 02:36",,https://www.facebook.com/pcmerchandise.co/posts/pfbid0K8ih4yxUtVOehKUs41Oz62RhdJcb2RpfbCEZYeWSRPrJbAKAZBaEwLdn,0,0,Photos,,,,,09/14/2023,,,0,0,0,0,0,0,,,,,
1036913181164481,100064197037125,"PC Merchandise","malas naman🥹",,0,"09/04/2023 02:36",,https://www.facebook.com/pcmerchandise.co/posts/pfbid0K8ih4yxUtVOehKUs41Oz62RhdJcb2RpfbCEZYeWSRPrJbAKAZBaEwLdn,0,0,Photos,,,,,09/15/2023,,,0,0,0,0,0,0,,,,,
1036913181164481,100064197037125,"PC Merchandise","malas naman🥹",,0,"09/04/2023 02:36",,https://www.facebook.com/pcmerchandise.co/posts/pfbid0K8ih4yxUtVOehKUs41Oz62RhdJcb2RpfbCEZYeWSRPrJbAKAZBaEwLdn,0,0,Photos,,,,,09/16/2023,,,0,0,0,0,0,0,,,,,
1036913181164481,100064197037125,"PC Merchandise","malas naman🥹",,0,"09/04/2023 02:36",,https://www.facebook.com/pcmerchandise.co/posts/pfbid0K8ih4yxUtVOehKUs41Oz62RhdJcb2RpfbCEZYeWSRPrJbAKAZBaEwLdn,0,0,Photos,,,,,09/17/2023,,,0,0,0,0,0,0,,,,,
1036913181164481,100064197037125,"PC Merchandise","malas naman🥹",,0,"09/04/2023 02:36",,https://www.facebook.com/pcmerchandise.co/posts/pfbid0K8ih4yxUtVOehKUs41Oz62RhdJcb2RpfbCEZYeWSRPrJbAKAZBaEwLdn,0,0,Photos,,,,,09/18/2023,,,0,0,0,0,0,0,,,,,
1036913181164481,100064197037125,"PC Merchandise","malas naman🥹",,0,"09/04/2023 02:36",,https://www.facebook.com/pcmerchandise.co/posts/pfbid0K8ih4yxUtVOehKUs41Oz62RhdJcb2RpfbCEZYeWSRPrJbAKAZBaEwLdn,0,0,Photos,,,,,09/19/2023,,,0,0,0,0,0,0,,,,,
1036913181164481,100064197037125,"PC Merchandise","malas naman🥹",,0,"09/04/2023 02:36",,https://www.facebook.com/pcmerchandise.co/posts/pfbid0K8ih4yxUtVOehKUs41Oz62RhdJcb2RpfbCEZYeWSRPrJbAKAZBaEwLdn,0,0,Photos,,,,,09/20/2023,,,0,0,0,0,0,0,,,,,
1036913181164481,100064197037125,"PC Merchandise","malas naman🥹",,0,"09/04/2023 02:36",,https://www.facebook.com/pcmerchandise.co/posts/pfbid0K8ih4yxUtVOehKUs41Oz62RhdJcb2RpfbCEZYeWSRPrJbAKAZBaEwLdn,0,0,Photos,,,,,09/21/2023,,,0,0,0,0,0,0,,,,,
1036913181164481,100064197037125,"PC Merchandise","malas naman🥹",,0,"09/04/2023 02:36",,https://www.facebook.com/pcmerchandise.co/posts/pfbid0K8ih4yxUtVOehKUs41Oz62RhdJcb2RpfbCEZYeWSRPrJbAKAZBaEwLdn,0,0,Photos,,,,,09/22/2023,,,0,0,0,0,0,0,,,,,
1036913181164481,100064197037125,"PC Merchandise","malas naman🥹",,0,"09/04/2023 02:36",,https://www.facebook.com/pcmerchandise.co/posts/pfbid0K8ih4yxUtVOehKUs41Oz62RhdJcb2RpfbCEZYeWSRPrJbAKAZBaEwLdn,0,0,Photos,,,,,09/23/2023,,,0,0,0,0,0,0,,,,,
1036913181164481,100064197037125,"PC Merchandise","malas naman🥹",,0,"09/04/2023 02:36",,https://www.facebook.com/pcmerchandise.co/posts/pfbid0K8ih4yxUtVOehKUs41Oz62RhdJcb2RpfbCEZYeWSRPrJbAKAZBaEwLdn,0,0,Photos,,,,,09/24/2023,,,0,0,0,0,0,0,,,,,
1036913181164481,100064197037125,"PC Merchandise","malas naman🥹",,0,"09/04/2023 02:36",,https://www.facebook.com/pcmerchandise.co/posts/pfbid0K8ih4yxUtVOehKUs41Oz62RhdJcb2RpfbCEZYeWSRPrJbAKAZBaEwLdn,0,0,Photos,,,,,09/25/2023,,,0,0,0,0,0,0,,,,,
1036913181164481,100064197037125,"PC Merchandise","malas naman🥹",,0,"09/04/2023 02:36",,https://www.facebook.com/pcmerchandise.co/posts/pfbid0K8ih4yxUtVOehKUs41Oz62RhdJcb2RpfbCEZYeWSRPrJbAKAZBaEwLdn,0,0,Photos,,,,,09/26/2023,,,0,0,0,0,0,0,,,,,
1036913181164481,100064197037125,"PC Merchandise","malas naman🥹",,0,"09/04/2023 02:36",,https://www.facebook.com/pcmerchandise.co/posts/pfbid0K8ih4yxUtVOehKUs41Oz62RhdJcb2RpfbCEZYeWSRPrJbAKAZBaEwLdn,0,0,Photos,,,,,09/27/2023,,,0,0,0,0,0,0,,,,,
1036913181164481,100064197037125,"PC Merchandise","malas naman🥹",,0,"09/04/2023 02:36",,https://www.facebook.com/pcmerchandise.co/posts/pfbid0K8ih4yxUtVOehKUs41Oz62RhdJcb2RpfbCEZYeWSRPrJbAKAZBaEwLdn,0,0,Photos,,,,,09/28/2023,,,0,0,0,0,0,0,,,,,
1036913181164481,100064197037125,"PC Merchandise","malas naman🥹",,0,"09/04/2023 02:36",,https://www.facebook.com/pcmerchandise.co/posts/pfbid0K8ih4yxUtVOehKUs41Oz62RhdJcb2RpfbCEZYeWSRPrJbAKAZBaEwLdn,0,0,Photos,,,,,09/29/2023,,,0,0,0,0,0,0,,,,,
1036913181164481,100064197037125,"PC Merchandise","malas naman🥹",,0,"09/04/2023 02:36",,https://www.facebook.com/pcmerchandise.co/posts/pfbid0K8ih4yxUtVOehKUs41Oz62RhdJcb2RpfbCEZYeWSRPrJbAKAZBaEwLdn,0,0,Photos,,,,,09/30/2023,,,0,0,0,0,0,0,,,,,
1037084700106027,100064197037125,"PC Merchandise","Free deliver within Bacoor! RYZEN 5 3400G packages all-in na.",,56,"09/03/2023 23:00",uploaded,https://www.facebook.com/reel/1078263283822259/,0,0,Reels,,,,,09/01/2023,0,,,,,,0,0,0,0,0,0.000,2.955
1037084700106027,100064197037125,"PC Merchandise","Free deliver within Bacoor! RYZEN 5 3400G packages all-in na.",,56,"09/03/2023 23:00",uploaded,https://www.facebook.com/reel/1078263283822259/,0,0,Reels,,,,,09/02/2023,0,,,,,,0,0,0,0,0,0.000,2.077
1037084700106027,100064197037125,"PC Merchandise","Free deliver within Bacoor! RYZEN 5 3400G packages all-in na.",,56,"09/03/2023 23:00",uploaded,https://www.facebook.com/reel/1078263283822259/,0,0,Reels,,,,,09/03/2023,0,,,,,,76,0,0,0,0,88.415,2.660
1037084700106027,100064197037125,"PC Merchandise","Free deliver within Bacoor! RYZEN 5 3400G packages all-in na.",,56,"09/03/2023 23:00",uploaded,https://www.facebook.com/reel/1078263283822259/,0,0,Reels,,,,,09/04/2023,0,,,,,,73,0,0,0,0,101.898,2.679
1037084700106027,100064197037125,"PC Merchandise","Free deliver within Bacoor! RYZEN 5 3400G packages all-in na.",,56,"09/03/2023 23:00",uploaded,https://www.facebook.com/reel/1078263283822259/,0,0,Reels,,,,,09/05/2023,0,,,,,,66,0,0,0,0,34.966,2.856
1037084700106027,100064197037125,"PC Merchandise","Free deliver within Bacoor! RYZEN 5 3400G packages all-in na.",,56,"09/03/2023 23:00",uploaded,https://www.facebook.com/reel/1078263283822259/,0,0,Reels,,,,,09/06/2023,0,,,,,,72,0,1,1,0,46.485,4.102
1037084700106027,100064197037125,"PC Merchandise","Free deliver within Bacoor! RYZEN 5 3400G packages all-in na.",,56,"09/03/2023 23:00",uploaded,https://www.facebook.com/reel/1078263283822259/,0,0,Reels,,,,,09/07/2023,0,,,,,,64,0,0,0,0,18.681,2.603
1037084700106027,100064197037125,"PC Merchandise","Free deliver within Bacoor! RYZEN 5 3400G packages all-in na.",,56,"09/03/2023 23:00",uploaded,https://www.facebook.com/reel/1078263283822259/,0,0,Reels,,,,,09/08/2023,0,,,,,,65,0,0,0,0,24.774,1.526
1037084700106027,100064197037125,"PC Merchandise","Free deliver within Bacoor! RYZEN 5 3400G packages all-in na.",,56,"09/03/2023 23:00",uploaded,https://www.facebook.com/reel/1078263283822259/,0,0,Reels,,,,,09/09/2023,0,,,,,,0,0,0,0,0,26.375,1.500
1037084700106027,100064197037125,"PC Merchandise","Free deliver within Bacoor! RYZEN 5 3400G packages all-in na.",,56,"09/03/2023 23:00",uploaded,https://www.facebook.com/reel/1078263283822259/,0,0,Reels,,,,,09/10/2023,0,,,,,,0,0,0,0,0,18.980,3.085
1037084700106027,100064197037125,"PC Merchandise","Free deliver within Bacoor! RYZEN 5 3400G packages all-in na.",,56,"09/03/2023 23:00",uploaded,https://www.facebook.com/reel/1078263283822259/,0,0,Reels,,,,,09/11/2023,0,,,,,,0,0,0,0,0,29.051,3.427
1037084700106027,100064197037125,"PC Merchandise","Free deliver within Bacoor! RYZEN 5 3400G packages all-in na.",,56,"09/03/2023 23:00",uploaded,https://www.facebook.com/reel/1078263283822259/,0,0,Reels,,,,,09/12/2023,0,,,,,,0,0,0,0,0,12.300,3.048
1037084700106027,100064197037125,"PC Merchandise","Free deliver within Bacoor! RYZEN 5 3400G packages all-in na.",,56,"09/03/2023 23:00",uploaded,https://www.facebook.com/reel/1078263283822259/,0,0,Reels,,,,,09/13/2023,0,,,,,,0,0,0,0,0,4.207,3.006
1037084700106027,100064197037125,"PC Merchandise","Free deliver within Bacoor! RYZEN 5 3400G packages all-in na.",,56,"09/03/2023 23:00",uploaded,https://www.facebook.com/reel/1078263283822259/,0,0,Reels,,,,,09/14/2023,0,,,,,,0,0,0,0,0,11.136,3.696
1037084700106027,100064197037125,"PC Merchandise","Free deliver within Bacoor! RYZEN 5 3400G packages all-in na.",,56,"09/03/2023 23:00",uploaded,https://www.facebook.com/reel/1078263283822259/,0,0,Reels,,,,,09/15/2023,0,,,,,,0,0,0,0,0,9.090,1.500
1037084700106027,100064197037125,"PC Merchandise","Free deliver within Bacoor! RYZEN 5 3400G packages all-in na.",,56,"09/03/2023 23:00",uploaded,https://www.facebook.com/reel/1078263283822259/,0,0,Reels,,,,,09/16/2023,0,,,,,,0,0,0,0,0,10.701,3.241
1037084700106027,100064197037125,"PC Merchandise","Free deliver within Bacoor! RYZEN 5 3400G packages all-in na.",,56,"09/03/2023 23:00",uploaded,https://www.facebook.com/reel/1078263283822259/,0,0,Reels,,,,,09/17/2023,0,,,,,,0,0,0,0,0,9.699,3.070
1037084700106027,100064197037125,"PC Merchandise","Free deliver within Bacoor! RYZEN 5 3400G packages all-in na.",,56,"09/03/2023 23:00",uploaded,https://www.facebook.com/reel/1078263283822259/,0,0,Reels,,,,,09/18/2023,0,,,,,,0,0,0,0,0,5.857,3.330
1037084700106027,100064197037125,"PC Merchandise","Free deliver within Bacoor! RYZEN 5 3400G packages all-in na.",,56,"09/03/2023 23:00",uploaded,https://www.facebook.com/reel/1078263283822259/,0,0,Reels,,,,,09/19/2023,0,,,,,,0,0,0,0,0,2.514,3.391
1037084700106027,100064197037125,"PC Merchandise","Free deliver within Bacoor! RYZEN 5 3400G packages all-in na.",,56,"09/03/2023 23:00",uploaded,https://www.facebook.com/reel/1078263283822259/,0,0,Reels,,,,,09/20/2023,0,,,,,,0,0,0,0,0,6.698,3.755
1037084700106027,100064197037125,"PC Merchandise","Free deliver within Bacoor! RYZEN 5 3400G packages all-in na.",,56,"09/03/2023 23:00",uploaded,https://www.facebook.com/reel/1078263283822259/,0,0,Reels,,,,,09/21/2023,0,,,,,,0,0,0,0,0,2.403,3.456
1037084700106027,100064197037125,"PC Merchandise","Free deliver within Bacoor! RYZEN 5 3400G packages all-in na.",,56,"09/03/2023 23:00",uploaded,https://www.facebook.com/reel/1078263283822259/,0,0,Reels,,,,,09/22/2023,0,,,,,,0,0,0,0,0,3.500,2.169
1037084700106027,100064197037125,"PC Merchandise","Free deliver within Bacoor! RYZEN 5 3400G packages all-in na.",,56,"09/03/2023 23:00",uploaded,https://www.facebook.com/reel/1078263283822259/,0,0,Reels,,,,,09/23/2023,0,,,,,,0,0,0,0,0,4.907,2.625
1037084700106027,100064197037125,"PC Merchandise","Free deliver within Bacoor! RYZEN 5 3400G packages all-in na.",,56,"09/03/2023 23:00",uploaded,https://www.facebook.com/reel/1078263283822259/,0,0,Reels,,,,,09/24/2023,0,,,,,,0,0,0,0,0,4.099,2.928
1037084700106027,100064197037125,"PC Merchandise","Free deliver within Bacoor! RYZEN 5 3400G packages all-in na.",,56,"09/03/2023 23:00",uploaded,https://www.facebook.com/reel/1078263283822259/,0,0,Reels,,,,,09/25/2023,0,,,,,,0,0,0,0,0,2.634,3.204
1037084700106027,100064197037125,"PC Merchandise","Free deliver within Bacoor! RYZEN 5 3400G packages all-in na.",,56,"09/03/2023 23:00",uploaded,https://www.facebook.com/reel/1078263283822259/,0,0,Reels,,,,,09/26/2023,0,,,,,,0,0,0,0,0,3.506,3.262
1037084700106027,100064197037125,"PC Merchandise","Free deliver within Bacoor! RYZEN 5 3400G packages all-in na.",,56,"09/03/2023 23:00",uploaded,https://www.facebook.com/reel/1078263283822259/,0,0,Reels,,,,,09/27/2023,0,,,,,,0,0,0,0,0,1.940,3.649
1037084700106027,100064197037125,"PC Merchandise","Free deliver within Bacoor! RYZEN 5 3400G packages all-in na.",,56,"09/03/2023 23:00",uploaded,https://www.facebook.com/reel/1078263283822259/,0,0,Reels,,,,,09/28/2023,0,,,,,,0,0,0,0,0,2.958,3.245
1037084700106027,100064197037125,"PC Merchandise","Free deliver within Bacoor! RYZEN 5 3400G packages all-in na.",,56,"09/03/2023 23:00",uploaded,https://www.facebook.com/reel/1078263283822259/,0,0,Reels,,,,,09/29/2023,0,,,,,,0,0,0,0,0,2.104,2.786
1037084700106027,100064197037125,"PC Merchandise","Free deliver within Bacoor! RYZEN 5 3400G packages all-in na.",,56,"09/03/2023 23:00",uploaded,https://www.facebook.com/reel/1078263283822259/,0,0,Reels,,,,,09/30/2023,0,,,,,,0,0,0,0,0,3.898,3.146
1036840708612514,100064197037125,"PC Merchandise","𝐑𝐘𝐙𝐄𝐍 𝟓 𝟑𝟒𝟎𝟎𝐆
𝐂𝐎𝐌𝐒𝐇𝐎𝐏 𝐏𝐀𝐂𝐊𝐀𝐆𝐄
#PCMERCHANDISE #PCMBUILDS",,0,"09/01/2023 19:30",,https://www.facebook.com/pcmerchandise.co/posts/pfbid0LRog4NC6UpYnLy2pEWkts4Nshnm9hehb3vYUdxxjML5JdJxRyGuErIJp,0,0,Photos,,,,,09/30/2023,2,,,,,,,,,,,,
1036840708612514,100064197037125,"PC Merchandise","𝐑𝐘𝐙𝐄𝐍 𝟓 𝟑𝟒𝟎𝟎𝐆
𝐂𝐎𝐌𝐒𝐇𝐎𝐏 𝐏𝐀𝐂𝐊𝐀𝐆𝐄
#PCMERCHANDISE #PCMBUILDS",,0,"09/01/2023 19:30",,https://www.facebook.com/pcmerchandise.co/posts/pfbid0LRog4NC6UpYnLy2pEWkts4Nshnm9hehb3vYUdxxjML5JdJxRyGuErIJp,0,0,Photos,,,,,09/01/2023,,,0,0,0,0,0,0,,,,,
1036840708612514,100064197037125,"PC Merchandise","𝐑𝐘𝐙𝐄𝐍 𝟓 𝟑𝟒𝟎𝟎𝐆
𝐂𝐎𝐌𝐒𝐇𝐎𝐏 𝐏𝐀𝐂𝐊𝐀𝐆𝐄
#PCMERCHANDISE #PCMBUILDS",,0,"09/01/2023 19:30",,https://www.facebook.com/pcmerchandise.co/posts/pfbid0LRog4NC6UpYnLy2pEWkts4Nshnm9hehb3vYUdxxjML5JdJxRyGuErIJp,0,0,Photos,,,,,09/02/2023,,,0,0,0,0,0,0,,,,,
1036840708612514,100064197037125,"PC Merchandise","𝐑𝐘𝐙𝐄𝐍 𝟓 𝟑𝟒𝟎𝟎𝐆
𝐂𝐎𝐌𝐒𝐇𝐎𝐏 𝐏𝐀𝐂𝐊𝐀𝐆𝐄
#PCMERCHANDISE #PCMBUILDS",,0,"09/01/2023 19:30",,https://www.facebook.com/pcmerchandise.co/posts/pfbid0LRog4NC6UpYnLy2pEWkts4Nshnm9hehb3vYUdxxjML5JdJxRyGuErIJp,0,0,Photos,,,,,09/03/2023,,,0,0,0,0,0,0,,,,,
1036840708612514,100064197037125,"PC Merchandise","𝐑𝐘𝐙𝐄𝐍 𝟓 𝟑𝟒𝟎𝟎𝐆
𝐂𝐎𝐌𝐒𝐇𝐎𝐏 𝐏𝐀𝐂𝐊𝐀𝐆𝐄
#PCMERCHANDISE #PCMBUILDS",,0,"09/01/2023 19:30",,https://www.facebook.com/pcmerchandise.co/posts/pfbid0LRog4NC6UpYnLy2pEWkts4Nshnm9hehb3vYUdxxjML5JdJxRyGuErIJp,0,0,Photos,,,,,09/04/2023,,,0,0,0,0,0,0,,,,,
1036840708612514,100064197037125,"PC Merchandise","𝐑𝐘𝐙𝐄𝐍 𝟓 𝟑𝟒𝟎𝟎𝐆
𝐂𝐎𝐌𝐒𝐇𝐎𝐏 𝐏𝐀𝐂𝐊𝐀𝐆𝐄
#PCMERCHANDISE #PCMBUILDS",,0,"09/01/2023 19:30",,https://www.facebook.com/pcmerchandise.co/posts/pfbid0LRog4NC6UpYnLy2pEWkts4Nshnm9hehb3vYUdxxjML5JdJxRyGuErIJp,0,0,Photos,,,,,09/05/2023,,,0,0,0,0,0,0,,,,,
1036840708612514,100064197037125,"PC Merchandise","𝐑𝐘𝐙𝐄𝐍 𝟓 𝟑𝟒𝟎𝟎𝐆
𝐂𝐎𝐌𝐒𝐇𝐎𝐏 𝐏𝐀𝐂𝐊𝐀𝐆𝐄
#PCMERCHANDISE #PCMBUILDS",,0,"09/01/2023 19:30",,https://www.facebook.com/pcmerchandise.co/posts/pfbid0LRog4NC6UpYnLy2pEWkts4Nshnm9hehb3vYUdxxjML5JdJxRyGuErIJp,0,0,Photos,,,,,09/06/2023,,,0,0,0,0,0,0,,,,,
1036840708612514,100064197037125,"PC Merchandise","𝐑𝐘𝐙𝐄𝐍 𝟓 𝟑𝟒𝟎𝟎𝐆
𝐂𝐎𝐌𝐒𝐇𝐎𝐏 𝐏𝐀𝐂𝐊𝐀𝐆𝐄
#PCMERCHANDISE #PCMBUILDS",,0,"09/01/2023 19:30",,https://www.facebook.com/pcmerchandise.co/posts/pfbid0LRog4NC6UpYnLy2pEWkts4Nshnm9hehb3vYUdxxjML5JdJxRyGuErIJp,0,0,Photos,,,,,09/07/2023,,,0,0,0,0,0,0,,,,,
1036840708612514,100064197037125,"PC Merchandise","𝐑𝐘𝐙𝐄𝐍 𝟓 𝟑𝟒𝟎𝟎𝐆
𝐂𝐎𝐌𝐒𝐇𝐎𝐏 𝐏𝐀𝐂𝐊𝐀𝐆𝐄
#PCMERCHANDISE #PCMBUILDS",,0,"09/01/2023 19:30",,https://www.facebook.com/pcmerchandise.co/posts/pfbid0LRog4NC6UpYnLy2pEWkts4Nshnm9hehb3vYUdxxjML5JdJxRyGuErIJp,0,0,Photos,,,,,09/08/2023,,,0,0,0,0,0,0,,,,,
1036840708612514,100064197037125,"PC Merchandise","𝐑𝐘𝐙𝐄𝐍 𝟓 𝟑𝟒𝟎𝟎𝐆
𝐂𝐎𝐌𝐒𝐇𝐎𝐏 𝐏𝐀𝐂𝐊𝐀𝐆𝐄
#PCMERCHANDISE #PCMBUILDS",,0,"09/01/2023 19:30",,https://www.facebook.com/pcmerchandise.co/posts/pfbid0LRog4NC6UpYnLy2pEWkts4Nshnm9hehb3vYUdxxjML5JdJxRyGuErIJp,0,0,Photos,,,,,09/09/2023,,,0,0,0,0,0,0,,,,,
1036840708612514,100064197037125,"PC Merchandise","𝐑𝐘𝐙𝐄𝐍 𝟓 𝟑𝟒𝟎𝟎𝐆
𝐂𝐎𝐌𝐒𝐇𝐎𝐏 𝐏𝐀𝐂𝐊𝐀𝐆𝐄
#PCMERCHANDISE #PCMBUILDS",,0,"09/01/2023 19:30",,https://www.facebook.com/pcmerchandise.co/posts/pfbid0LRog4NC6UpYnLy2pEWkts4Nshnm9hehb3vYUdxxjML5JdJxRyGuErIJp,0,0,Photos,,,,,09/10/2023,,,0,0,0,0,0,0,,,,,
1036840708612514,100064197037125,"PC Merchandise","𝐑𝐘𝐙𝐄𝐍 𝟓 𝟑𝟒𝟎𝟎𝐆
𝐂𝐎𝐌𝐒𝐇𝐎𝐏 𝐏𝐀𝐂𝐊𝐀𝐆𝐄
#PCMERCHANDISE #PCMBUILDS",,0,"09/01/2023 19:30",,https://www.facebook.com/pcmerchandise.co/posts/pfbid0LRog4NC6UpYnLy2pEWkts4Nshnm9hehb3vYUdxxjML5JdJxRyGuErIJp,0,0,Photos,,,,,09/11/2023,,,0,0,0,0,0,0,,,,,
1036840708612514,100064197037125,"PC Merchandise","𝐑𝐘𝐙𝐄𝐍 𝟓 𝟑𝟒𝟎𝟎𝐆
𝐂𝐎𝐌𝐒𝐇𝐎𝐏 𝐏𝐀𝐂𝐊𝐀𝐆𝐄
#PCMERCHANDISE #PCMBUILDS",,0,"09/01/2023 19:30",,https://www.facebook.com/pcmerchandise.co/posts/pfbid0LRog4NC6UpYnLy2pEWkts4Nshnm9hehb3vYUdxxjML5JdJxRyGuErIJp,0,0,Photos,,,,,09/12/2023,,,0,0,0,0,0,0,,,,,
1036840708612514,100064197037125,"PC Merchandise","𝐑𝐘𝐙𝐄𝐍 𝟓 𝟑𝟒𝟎𝟎𝐆
𝐂𝐎𝐌𝐒𝐇𝐎𝐏 𝐏𝐀𝐂𝐊𝐀𝐆𝐄
#PCMERCHANDISE #PCMBUILDS",,0,"09/01/2023 19:30",,https://www.facebook.com/pcmerchandise.co/posts/pfbid0LRog4NC6UpYnLy2pEWkts4Nshnm9hehb3vYUdxxjML5JdJxRyGuErIJp,0,0,Photos,,,,,09/13/2023,,,0,0,0,0,0,0,,,,,
1036840708612514,100064197037125,"PC Merchandise","𝐑𝐘𝐙𝐄𝐍 𝟓 𝟑𝟒𝟎𝟎𝐆
𝐂𝐎𝐌𝐒𝐇𝐎𝐏 𝐏𝐀𝐂𝐊𝐀𝐆𝐄
#PCMERCHANDISE #PCMBUILDS",,0,"09/01/2023 19:30",,https://www.facebook.com/pcmerchandise.co/posts/pfbid0LRog4NC6UpYnLy2pEWkts4Nshnm9hehb3vYUdxxjML5JdJxRyGuErIJp,0,0,Photos,,,,,09/14/2023,,,0,0,0,0,0,0,,,,,
1036840708612514,100064197037125,"PC Merchandise","𝐑𝐘𝐙𝐄𝐍 𝟓 𝟑𝟒𝟎𝟎𝐆
𝐂𝐎𝐌𝐒𝐇𝐎𝐏 𝐏𝐀𝐂𝐊𝐀𝐆𝐄
#PCMERCHANDISE #PCMBUILDS",,0,"09/01/2023 19:30",,https://www.facebook.com/pcmerchandise.co/posts/pfbid0LRog4NC6UpYnLy2pEWkts4Nshnm9hehb3vYUdxxjML5JdJxRyGuErIJp,0,0,Photos,,,,,09/15/2023,,,0,0,0,0,0,0,,,,,
1036840708612514,100064197037125,"PC Merchandise","𝐑𝐘𝐙𝐄𝐍 𝟓 𝟑𝟒𝟎𝟎𝐆
𝐂𝐎𝐌𝐒𝐇𝐎𝐏 𝐏𝐀𝐂𝐊𝐀𝐆𝐄
#PCMERCHANDISE #PCMBUILDS",,0,"09/01/2023 19:30",,https://www.facebook.com/pcmerchandise.co/posts/pfbid0LRog4NC6UpYnLy2pEWkts4Nshnm9hehb3vYUdxxjML5JdJxRyGuErIJp,0,0,Photos,,,,,09/16/2023,,,0,0,0,0,0,0,,,,,
1036840708612514,100064197037125,"PC Merchandise","𝐑𝐘𝐙𝐄𝐍 𝟓 𝟑𝟒𝟎𝟎𝐆
𝐂𝐎𝐌𝐒𝐇𝐎𝐏 𝐏𝐀𝐂𝐊𝐀𝐆𝐄
#PCMERCHANDISE #PCMBUILDS",,0,"09/01/2023 19:30",,https://www.facebook.com/pcmerchandise.co/posts/pfbid0LRog4NC6UpYnLy2pEWkts4Nshnm9hehb3vYUdxxjML5JdJxRyGuErIJp,0,0,Photos,,,,,09/17/2023,,,0,0,0,0,0,0,,,,,
1036840708612514,100064197037125,"PC Merchandise","𝐑𝐘𝐙𝐄𝐍 𝟓 𝟑𝟒𝟎𝟎𝐆
𝐂𝐎𝐌𝐒𝐇𝐎𝐏 𝐏𝐀𝐂𝐊𝐀𝐆𝐄
#PCMERCHANDISE #PCMBUILDS",,0,"09/01/2023 19:30",,https://www.facebook.com/pcmerchandise.co/posts/pfbid0LRog4NC6UpYnLy2pEWkts4Nshnm9hehb3vYUdxxjML5JdJxRyGuErIJp,0,0,Photos,,,,,09/18/2023,,,0,0,0,0,0,0,,,,,
1036840708612514,100064197037125,"PC Merchandise","𝐑𝐘𝐙𝐄𝐍 𝟓 𝟑𝟒𝟎𝟎𝐆
𝐂𝐎𝐌𝐒𝐇𝐎𝐏 𝐏𝐀𝐂𝐊𝐀𝐆𝐄
#PCMERCHANDISE #PCMBUILDS",,0,"09/01/2023 19:30",,https://www.facebook.com/pcmerchandise.co/posts/pfbid0LRog4NC6UpYnLy2pEWkts4Nshnm9hehb3vYUdxxjML5JdJxRyGuErIJp,0,0,Photos,,,,,09/19/2023,,,0,0,0,0,0,0,,,,,
1036840708612514,100064197037125,"PC Merchandise","𝐑𝐘𝐙𝐄𝐍 𝟓 𝟑𝟒𝟎𝟎𝐆
𝐂𝐎𝐌𝐒𝐇𝐎𝐏 𝐏𝐀𝐂𝐊𝐀𝐆𝐄
#PCMERCHANDISE #PCMBUILDS",,0,"09/01/2023 19:30",,https://www.facebook.com/pcmerchandise.co/posts/pfbid0LRog4NC6UpYnLy2pEWkts4Nshnm9hehb3vYUdxxjML5JdJxRyGuErIJp,0,0,Photos,,,,,09/20/2023,,,0,0,0,0,0,0,,,,,
1036840708612514,100064197037125,"PC Merchandise","𝐑𝐘𝐙𝐄𝐍 𝟓 𝟑𝟒𝟎𝟎𝐆
𝐂𝐎𝐌𝐒𝐇𝐎𝐏 𝐏𝐀𝐂𝐊𝐀𝐆𝐄
#PCMERCHANDISE #PCMBUILDS",,0,"09/01/2023 19:30",,https://www.facebook.com/pcmerchandise.co/posts/pfbid0LRog4NC6UpYnLy2pEWkts4Nshnm9hehb3vYUdxxjML5JdJxRyGuErIJp,0,0,Photos,,,,,09/21/2023,,,0,0,0,0,0,0,,,,,
1036840708612514,100064197037125,"PC Merchandise","𝐑𝐘𝐙𝐄𝐍 𝟓 𝟑𝟒𝟎𝟎𝐆
𝐂𝐎𝐌𝐒𝐇𝐎𝐏 𝐏𝐀𝐂𝐊𝐀𝐆𝐄
#PCMERCHANDISE #PCMBUILDS",,0,"09/01/2023 19:30",,https://www.facebook.com/pcmerchandise.co/posts/pfbid0LRog4NC6UpYnLy2pEWkts4Nshnm9hehb3vYUdxxjML5JdJxRyGuErIJp,0,0,Photos,,,,,09/22/2023,,,0,0,0,0,0,0,,,,,
1036840708612514,100064197037125,"PC Merchandise","𝐑𝐘𝐙𝐄𝐍 𝟓 𝟑𝟒𝟎𝟎𝐆
𝐂𝐎𝐌𝐒𝐇𝐎𝐏 𝐏𝐀𝐂𝐊𝐀𝐆𝐄
#PCMERCHANDISE #PCMBUILDS",,0,"09/01/2023 19:30",,https://www.facebook.com/pcmerchandise.co/posts/pfbid0LRog4NC6UpYnLy2pEWkts4Nshnm9hehb3vYUdxxjML5JdJxRyGuErIJp,0,0,Photos,,,,,09/23/2023,,,0,0,0,0,0,0,,,,,
1036840708612514,100064197037125,"PC Merchandise","𝐑𝐘𝐙𝐄𝐍 𝟓 𝟑𝟒𝟎𝟎𝐆
𝐂𝐎𝐌𝐒𝐇𝐎𝐏 𝐏𝐀𝐂𝐊𝐀𝐆𝐄
#PCMERCHANDISE #PCMBUILDS",,0,"09/01/2023 19:30",,https://www.facebook.com/pcmerchandise.co/posts/pfbid0LRog4NC6UpYnLy2pEWkts4Nshnm9hehb3vYUdxxjML5JdJxRyGuErIJp,0,0,Photos,,,,,09/24/2023,,,0,0,0,0,0,0,,,,,
1036840708612514,100064197037125,"PC Merchandise","𝐑𝐘𝐙𝐄𝐍 𝟓 𝟑𝟒𝟎𝟎𝐆
𝐂𝐎𝐌𝐒𝐇𝐎𝐏 𝐏𝐀𝐂𝐊𝐀𝐆𝐄
#PCMERCHANDISE #PCMBUILDS",,0,"09/01/2023 19:30",,https://www.facebook.com/pcmerchandise.co/posts/pfbid0LRog4NC6UpYnLy2pEWkts4Nshnm9hehb3vYUdxxjML5JdJxRyGuErIJp,0,0,Photos,,,,,09/25/2023,,,0,0,0,0,0,0,,,,,
1036840708612514,100064197037125,"PC Merchandise","𝐑𝐘𝐙𝐄𝐍 𝟓 𝟑𝟒𝟎𝟎𝐆
𝐂𝐎𝐌𝐒𝐇𝐎𝐏 𝐏𝐀𝐂𝐊𝐀𝐆𝐄
#PCMERCHANDISE #PCMBUILDS",,0,"09/01/2023 19:30",,https://www.facebook.com/pcmerchandise.co/posts/pfbid0LRog4NC6UpYnLy2pEWkts4Nshnm9hehb3vYUdxxjML5JdJxRyGuErIJp,0,0,Photos,,,,,09/26/2023,,,0,0,0,0,0,0,,,,,
1036840708612514,100064197037125,"PC Merchandise","𝐑𝐘𝐙𝐄𝐍 𝟓 𝟑𝟒𝟎𝟎𝐆
𝐂𝐎𝐌𝐒𝐇𝐎𝐏 𝐏𝐀𝐂𝐊𝐀𝐆𝐄
#PCMERCHANDISE #PCMBUILDS",,0,"09/01/2023 19:30",,https://www.facebook.com/pcmerchandise.co/posts/pfbid0LRog4NC6UpYnLy2pEWkts4Nshnm9hehb3vYUdxxjML5JdJxRyGuErIJp,0,0,Photos,,,,,09/27/2023,,,0,0,0,0,0,0,,,,,
1036840708612514,100064197037125,"PC Merchandise","𝐑𝐘𝐙𝐄𝐍 𝟓 𝟑𝟒𝟎𝟎𝐆
𝐂𝐎𝐌𝐒𝐇𝐎𝐏 𝐏𝐀𝐂𝐊𝐀𝐆𝐄
#PCMERCHANDISE #PCMBUILDS",,0,"09/01/2023 19:30",,https://www.facebook.com/pcmerchandise.co/posts/pfbid0LRog4NC6UpYnLy2pEWkts4Nshnm9hehb3vYUdxxjML5JdJxRyGuErIJp,0,0,Photos,,,,,09/28/2023,,,0,0,0,0,0,0,,,,,
1036840708612514,100064197037125,"PC Merchandise","𝐑𝐘𝐙𝐄𝐍 𝟓 𝟑𝟒𝟎𝟎𝐆
𝐂𝐎𝐌𝐒𝐇𝐎𝐏 𝐏𝐀𝐂𝐊𝐀𝐆𝐄
#PCMERCHANDISE #PCMBUILDS",,0,"09/01/2023 19:30",,https://www.facebook.com/pcmerchandise.co/posts/pfbid0LRog4NC6UpYnLy2pEWkts4Nshnm9hehb3vYUdxxjML5JdJxRyGuErIJp,0,0,Photos,,,,,09/29/2023,,,0,0,0,0,0,0,,,,,
1036840708612514,100064197037125,"PC Merchandise","𝐑𝐘𝐙𝐄𝐍 𝟓 𝟑𝟒𝟎𝟎𝐆
𝐂𝐎𝐌𝐒𝐇𝐎𝐏 𝐏𝐀𝐂𝐊𝐀𝐆𝐄
#PCMERCHANDISE #PCMBUILDS",,0,"09/01/2023 19:30",,https://www.facebook.com/pcmerchandise.co/posts/pfbid0LRog4NC6UpYnLy2pEWkts4Nshnm9hehb3vYUdxxjML5JdJxRyGuErIJp,0,0,Photos,,,,,09/30/2023,,,0,0,0,0,0,0,,,,,
