"Post ID","Page ID","Page name",Title,Description,"Duration (sec)","Publish time","Caption type",Permalink,"Is crosspost","Is share","Post type",Languages,"Custom labels","Funded content status","Data comment",Date,Shares,"Approximate content monetization earnings","3-second video views","1-minute video views","3-Second viewers","1-minute viewers","3-second video views from Boosted posts","3-second video views from Organic posts","Reactions, Comments and Shares",Reactions,Comments,"Seconds viewed","Average Seconds viewed"
1024391171650017,100064197037125,"PC Merchandise","One more rig complete. One more client satisfied. Built with RYZEN 5 5600G + RTX 3050. PM us for yours!",,68,"07/31/2023 19:15",mixed,https://www.facebook.com/reel/1354996006579595/,0,0,Reels,,,,,07/01/2023,0,,,,,,0,0,0,0,0,0.000,4.863
1024391171650017,100064197037125,"PC Merchandise","One more rig complete. One more client satisfied. Built with RYZEN 5 5600G + RTX 3050. PM us for yours!",,68,"07/31/2023 19:15",mixed,https://www.facebook.com/reel/1354996006579595/,0,0,Reels,,,,,07/02/2023,0,,,,,,0,0,0,0,0,0.000,3.174
1024391171650017,100064197037125,"PC Merchandise","One more rig complete. One more client satisfied. Built with RYZEN 5 5600G + RTX 3050. PM us for yours!",,68,"07/31/2023 19:15",mixed,https://www.facebook.com/reel/1354996006579595/,0,0,Reels,,,,,07/03/2023,0,,,,,,0,0,0,0,0,0.000,4.107
1024391171650017,100064197037125,"PC Merchandise","One more rig complete. One more client satisfied. Built with RYZEN 5 5600G + RTX 3050. PM us for yours!",,68,"07/31/2023 19:15",mixed,https://www.facebook.com/reel/1354996006579595/,0,0,Reels,,,,,07/04/2023,0,,,,,,0,0,0,0,0,0.000,5.247
1024391171650017,100064197037125,"PC Merchandise","One more rig complete. One more client satisfied. Built with RYZEN 5 5600G + RTX 3050. PM us for yours!",,68,"07/31/2023 19:15",mixed,https://www.facebook.com/reel/1354996006579595/,0,0,Reels,,,,,07/05/2023,0,,,,,,0,0,0,0,0,0.000,3.877
1024391171650017,100064197037125,"PC Merchandise","One more rig complete. One more client satisfied. Built with RYZEN 5 5600G + RTX 3050. PM us for yours!",,68,"07/31/2023 19:15",mixed,https://www.facebook.com/reel/1354996006579595/,0,0,Reels,,,,,07/06/2023,0,,,,,,0,0,0,0,0,0.000,4.094
1024391171650017,100064197037125,"PC Merchandise","One more rig complete. One more client satisfied. Built with RYZEN 5 5600G + RTX 3050. PM us for yours!",,68,"07/31/2023 19:15",mixed,https://www.facebook.com/reel/1354996006579595/,0,0,Reels,,,,,07/07/2023,0,,,,,,0,0,0,0,0,0.000,4.120
1024391171650017,100064197037125,"PC Merchandise","One more rig complete. One more client satisfied. Built with RYZEN 5 5600G + RTX 3050. PM us for yours!",,68,"07/31/2023 19:15",mixed,https://www.facebook.com/reel/1354996006579595/,0,0,Reels,,,,,07/08/2023,0,,,,,,0,0,0,0,0,0.000,5.432
1024391171650017,100064197037125,"PC Merchandise","One more rig complete. One more client satisfied. Built with RYZEN 5 5600G + RTX 3050. PM us for yours!",,68,"07/31/2023 19:15",mixed,https://www.facebook.com/reel/1354996006579595/,0,0,Reels,,,,,07/09/2023,0,,,,,,0,0,0,0,0,0.000,4.352
1024391171650017,100064197037125,"PC Merchandise","One more rig complete. One more client satisfied. Built with RYZEN 5 5600G + RTX 3050. PM us for yours!",,68,"07/31/2023 19:15",mixed,https://www.facebook.com/reel/1354996006579595/,0,0,Reels,,,,,07/10/2023,0,,,,,,0,0,0,0,0,0.000,5.066
1024391171650017,100064197037125,"PC Merchandise","One more rig complete. One more client satisfied. Built with RYZEN 5 5600G + RTX 3050. PM us for yours!",,68,"07/31/2023 19:15",mixed,https://www.facebook.com/reel/1354996006579595/,0,0,Reels,,,,,07/11/2023,0,,,,,,0,0,0,0,0,0.000,6.219
1024391171650017,100064197037125,"PC Merchandise","One more rig complete. One more client satisfied. Built with RYZEN 5 5600G + RTX 3050. PM us for yours!",,68,"07/31/2023 19:15",mixed,https://www.facebook.com/reel/1354996006579595/,0,0,Reels,,,,,07/12/2023,0,,,,,,0,0,0,0,0,0.000,6.619
1024391171650017,100064197037125,"PC Merchandise","One more rig complete. One more client satisfied. Built with RYZEN 5 5600G + RTX 3050. PM us for yours!",,68,"07/31/2023 19:15",mixed,https://www.facebook.com/reel/1354996006579595/,0,0,Reels,,,,,07/13/2023,0,,,,,,0,0,0,0,0,0.000,5.572
1024391171650017,100064197037125,"PC Merchandise","One more rig complete. One more client satisfied. Built with RYZEN 5 5600G + RTX 3050. PM us for yours!",,68,"07/31/2023 19:15",mixed,https://www.facebook.com/reel/1354996006579595/,0,0,Reels,,,,,07/14/2023,0,,,,,,0,0,0,0,0,0.000,4.925
1024391171650017,100064197037125,"PC Merchandise","One more rig complete. One more client satisfied. Built with RYZEN 5 5600G + RTX 3050. PM us for yours!",,68,"07/31/2023 19:15",mixed,https://www.facebook.com/reel/1354996006579595/,0,0,Reels,,,,,07/15/2023,0,,,,,,0,0,0,0,0,0.000,5.248
1024391171650017,100064197037125,"PC Merchandise","One more rig complete. One more client satisfied. Built with RYZEN 5 5600G + RTX 3050. PM us for yours!",,68,"07/31/2023 19:15",mixed,https://www.facebook.com/reel/1354996006579595/,0,0,Reels,,,,,07/16/2023,0,,,,,,0,0,0,0,0,0.000,4.654
1024391171650017,100064197037125,"PC Merchandise","One more rig complete. One more client satisfied. Built with RYZEN 5 5600G + RTX 3050. PM us for yours!",,68,"07/31/2023 19:15",mixed,https://www.facebook.com/reel/1354996006579595/,0,0,Reels,,,,,07/17/2023,0,,,,,,0,0,0,0,0,0.000,4.069
1024391171650017,100064197037125,"PC Merchandise","One more rig complete. One more client satisfied. Built with RYZEN 5 5600G + RTX 3050. PM us for yours!",,68,"07/31/2023 19:15",mixed,https://www.facebook.com/reel/1354996006579595/,0,0,Reels,,,,,07/18/2023,0,,,,,,0,0,0,0,0,0.000,5.510
1024391171650017,100064197037125,"PC Merchandise","One more rig complete. One more client satisfied. Built with RYZEN 5 5600G + RTX 3050. PM us for yours!",,68,"07/31/2023 19:15",mixed,https://www.facebook.com/reel/1354996006579595/,0,0,Reels,,,,,07/19/2023,0,,,,,,0,0,0,0,0,0.000,4.371
1024391171650017,100064197037125,"PC Merchandise","One more rig complete. One more client satisfied. Built with RYZEN 5 5600G + RTX 3050. PM us for yours!",,68,"07/31/2023 19:15",mixed,https://www.facebook.com/reel/1354996006579595/,0,0,Reels,,,,,07/20/2023,0,,,,,,0,0,0,0,0,0.000,4.550
1024391171650017,100064197037125,"PC Merchandise","One more rig complete. One more client satisfied. Built with RYZEN 5 5600G + RTX 3050. PM us for yours!",,68,"07/31/2023 19:15",mixed,https://www.facebook.com/reel/1354996006579595/,0,0,Reels,,,,,07/21/2023,0,,,,,,0,0,0,0,0,0.000,5.594
1024391171650017,100064197037125,"PC Merchandise","One more rig complete. One more client satisfied. Built with RYZEN 5 5600G + RTX 3050. PM us for yours!",,68,"07/31/2023 19:15",mixed,https://www.facebook.com/reel/1354996006579595/,0,0,Reels,,,,,07/22/2023,0,,,,,,0,0,0,0,0,0.000,5.182
1024391171650017,100064197037125,"PC Merchandise","One more rig complete. One more client satisfied. Built with RYZEN 5 5600G + RTX 3050. PM us for yours!",,68,"07/31/2023 19:15",mixed,https://www.facebook.com/reel/1354996006579595/,0,0,Reels,,,,,07/23/2023,0,,,,,,0,0,0,0,0,0.000,3.402
1024391171650017,100064197037125,"PC Merchandise","One more rig complete. One more client satisfied. Built with RYZEN 5 5600G + RTX 3050. PM us for yours!",,68,"07/31/2023 19:15",mixed,https://www.facebook.com/reel/1354996006579595/,0,0,Reels,,,,,07/24/2023,0,,,,,,0,0,0,0,0,0.000,6.054
1024391171650017,100064197037125,"PC Merchandise","One more rig complete. One more client satisfied. Built with RYZEN 5 5600G + RTX 3050. PM us for yours!",,68,"07/31/2023 19:15",mixed,https://www.facebook.com/reel/1354996006579595/,0,0,Reels,,,,,07/25/2023,0,,,,,,0,0,0,0,0,0.000,5.589
1024391171650017,100064197037125,"PC Merchandise","One more rig complete. One more client satisfied. Built with RYZEN 5 5600G + RTX 3050. PM us for yours!",,68,"07/31/2023 19:15",mixed,https://www.facebook.com/reel/1354996006579595/,0,0,Reels,,,,,07/26/2023,0,,,,,,0,0,0,0,0,0.000,4.780
1024391171650017,100064197037125,"PC Merchandise","One more rig complete. One more client satisfied. Built with RYZEN 5 5600G + RTX 3050. PM us for yours!",,68,"07/31/2023 19:15",mixed,https://www.facebook.com/reel/1354996006579595/,0,0,Reels,,,,,07/27/2023,0,,,,,,0,0,0,0,0,0.000,3.639
1024391171650017,100064197037125,"PC Merchandise","One more rig complete. One more client satisfied. Built with RYZEN 5 5600G + RTX 3050. PM us for yours!",,68,"07/31/2023 19:15",mixed,https://www.facebook.com/reel/1354996006579595/,0,0,Reels,,,,,07/28/2023,0,,,,,,0,0,0,0,0,0.000,4.284
1024391171650017,100064197037125,"PC Merchandise","One more rig complete. One more client satisfied. Built with RYZEN 5 5600G + RTX 3050. PM us for yours!",,68,"07/31/2023 19:15",mixed,https://www.facebook.com/reel/1354996006579595/,0,0,Reels,,,,,07/29/2023,0,,,,,,0,0,0,0,0,0.000,5.088
1024391171650017,100064197037125,"PC Merchandise","One more rig complete. One more client satisfied. Built with RYZEN 5 5600G + RTX 3050. PM us for yours!",,68,"07/31/2023 19:15",mixed,https://www.facebook.com/reel/1354996006579595/,0,0,Reels,,,,,07/30/2023,0,,,,,,0,0,0,0,0,0.000,4.436
1024391171650017,100064197037125,"PC Merchandise","One more rig complete. One more client satisfied. Built with RYZEN 5 5600G + RTX 3050. PM us for yours!",,68,"07/31/2023 19:15",mixed,https://www.facebook.com/reel/1354996006579595/,0,0,Reels,,,,,07/31/2023,0,,,,,,0,0,1,1,0,858.070,5.408
1024665083321480,100064197037125,"PC Merchandise","客户 satisfied ✅ RYZEN 5 3400G build with RGB everything 🌈",,0,"07/31/2023 19:01",,https://www.facebook.com/pcmerchandise.co/posts/pfbid03lbziuQslEfXoVAnQrZlQTyV8piXIO9yFUiNwFxxiwhGNWbz3Y6Znlih,0,0,Photos,,,,,07/31/2023,1,,,,,,,,,,,,
1024665083321480,100064197037125,"PC Merchandise","客户 satisfied ✅ RYZEN 5 3400G build with RGB everything 🌈",,0,"07/31/2023 19:01",,https://www.facebook.com/pcmerchandise.co/posts/pfbid03lbziuQslEfXoVAnQrZlQTyV8piXIO9yFUiNwFxxiwhGNWbz3Y6Znlih,0,0,Photos,,,,,07/01/2023,,,0,0,0,0,0,0,,,,,
1024665083321480,100064197037125,"PC Merchandise","客户 satisfied ✅ RYZEN 5 3400G build with RGB everything 🌈",,0,"07/31/2023 19:01",,https://www.facebook.com/pcmerchandise.co/posts/pfbid03lbziuQslEfXoVAnQrZlQTyV8piXIO9yFUiNwFxxiwhGNWbz3Y6Znlih,0,0,Photos,,,,,07/02/2023,,,0,0,0,0,0,0,,,,,
1024665083321480,100064197037125,"PC Merchandise","客户 satisfied ✅ RYZEN 5 3400G build with RGB everything 🌈",,0,"07/31/2023 19:01",,https://www.facebook.com/pcmerchandise.co/posts/pfbid03lbziuQslEfXoVAnQrZlQTyV8piXIO9yFUiNwFxxiwhGNWbz3Y6Znlih,0,0,Photos,,,,,07/03/2023,,,0,0,0,0,0,0,,,,,
1024665083321480,100064197037125,"PC Merchandise","客户 satisfied ✅ RYZEN 5 3400G build with RGB everything 🌈",,0,"07/31/2023 19:01",,https://www.facebook.com/pcmerchandise.co/posts/pfbid03lbziuQslEfXoVAnQrZlQTyV8piXIO9yFUiNwFxxiwhGNWbz3Y6Znlih,0,0,Photos,,,,,07/04/2023,,,0,0,0,0,0,0,,,,,
1024665083321480,100064197037125,"PC Merchandise","客户 satisfied ✅ RYZEN 5 3400G build with RGB everything 🌈",,0,"07/31/2023 19:01",,https://www.facebook.com/pcmerchandise.co/posts/pfbid03lbziuQslEfXoVAnQrZlQTyV8piXIO9yFUiNwFxxiwhGNWbz3Y6Znlih,0,0,Photos,,,,,07/05/2023,,,0,0,0,0,0,0,,,,,
1024665083321480,100064197037125,"PC Merchandise","客户 satisfied ✅ RYZEN 5 3400G build with RGB everything 🌈",,0,"07/31/2023 19:01",,https://www.facebook.com/pcmerchandise.co/posts/pfbid03lbziuQslEfXoVAnQrZlQTyV8piXIO9yFUiNwFxxiwhGNWbz3Y6Znlih,0,0,Photos,,,,,07/06/2023,,,0,0,0,0,0,0,,,,,
1024665083321480,100064197037125,"PC Merchandise","客户 satisfied ✅ RYZEN 5 3400G build with RGB everything 🌈",,0,"07/31/2023 19:01",,https://www.facebook.com/pcmerchandise.co/posts/pfbid03lbziuQslEfXoVAnQrZlQTyV8piXIO9yFUiNwFxxiwhGNWbz3Y6Znlih,0,0,Photos,,,,,07/07/2023,,,0,0,0,0,0,0,,,,,
1024665083321480,100064197037125,"PC Merchandise","客户 satisfied ✅ RYZEN 5 3400G build with RGB everything 🌈",,0,"07/31/2023 19:01",,https://www.facebook.com/pcmerchandise.co/posts/pfbid03lbziuQslEfXoVAnQrZlQTyV8piXIO9yFUiNwFxxiwhGNWbz3Y6Znlih,0,0,Photos,,,,,07/08/2023,,,0,0,0,0,0,0,,,,,
1024665083321480,100064197037125,"PC Merchandise","客户 satisfied ✅ RYZEN 5 3400G build with RGB everything 🌈",,0,"07/31/2023 19:01",,https://www.facebook.com/pcmerchandise.co/posts/pfbid03lbziuQslEfXoVAnQrZlQTyV8piXIO9yFUiNwFxxiwhGNWbz3Y6Znlih,0,0,Photos,,,,,07/09/2023,,,0,0,0,0,0,0,,,,,
1024665083321480,100064197037125,"PC Merchandise","客户 satisfied ✅ RYZEN 5 3400G build with RGB everything 🌈",,0,"07/31/2023 19:01",,https://www.facebook.com/pcmerchandise.co/posts/pfbid03lbziuQslEfXoVAnQrZlQTyV8piXIO9yFUiNwFxxiwhGNWbz3Y6Znlih,0,0,Photos,,,,,07/10/2023,,,0,0,0,0,0,0,,,,,
1024665083321480,100064197037125,"PC Merchandise","客户 satisfied ✅ RYZEN 5 3400G build with RGB everything 🌈",,0,"07/31/2023 19:01",,https://www.facebook.com/pcmerchandise.co/posts/pfbid03lbziuQslEfXoVAnQrZlQTyV8piXIO9yFUiNwFxxiwhGNWbz3Y6Znlih,0,0,Photos,,,,,07/11/2023,,,0,0,0,0,0,0,,,,,
1024665083321480,100064197037125,"PC Merchandise","客户 satisfied ✅ RYZEN 5 3400G build with RGB everything 🌈",,0,"07/31/2023 19:01",,https://www.facebook.com/pcmerchandise.co/posts/pfbid03lbziuQslEfXoVAnQrZlQTyV8piXIO9yFUiNwFxxiwhGNWbz3Y6Znlih,0,0,Photos,,,,,07/12/2023,,,0,0,0,0,0,0,,,,,
1024665083321480,100064197037125,"PC Merchandise","客户 satisfied ✅ RYZEN 5 3400G build with RGB everything 🌈",,0,"07/31/2023 19:01",,https://www.facebook.com/pcmerchandise.co/posts/pfbid03lbziuQslEfXoVAnQrZlQTyV8piXIO9yFUiNwFxxiwhGNWbz3Y6Znlih,0,0,Photos,,,,,07/13/2023,,,0,0,0,0,0,0,,,,,
1024665083321480,100064197037125,"PC Merchandise","客户 satisfied ✅ RYZEN 5 3400G build with RGB everything 🌈",,0,"07/31/2023 19:01",,https://www.facebook.com/pcmerchandise.co/posts/pfbid03lbziuQslEfXoVAnQrZlQTyV8piXIO9yFUiNwFxxiwhGNWbz3Y6Znlih,0,0,Photos,,,,,07/14/2023,,,0,0,0,0,0,0,,,,,
1024665083321480,100064197037125,"PC Merchandise","客户 satisfied ✅ RYZEN 5 3400G build with RGB everything 🌈",,0,"07/31/2023 19:01",,https://www.facebook.com/pcmerchandise.co/posts/pfbid03lbziuQslEfXoVAnQrZlQTyV8piXIO9yFUiNwFxxiwhGNWbz3Y6Znlih,0,0,Photos,,,,,07/15/2023,,,0,0,0,0,0,0,,,,,
1024665083321480,100064197037125,"PC Merchandise","客户 satisfied ✅ RYZEN 5 3400G build with RGB everything 🌈",,0,"07/31/2023 19:01",,https://www.facebook.com/pcmerchandise.co/posts/pfbid03lbziuQslEfXoVAnQrZlQTyV8piXIO9yFUiNwFxxiwhGNWbz3Y6Znlih,0,0,Photos,,,,,07/16/2023,,,0,0,0,0,0,0,,,,,
1024665083321480,100064197037125,"PC Merchandise","客户 satisfied ✅ RYZEN 5 3400G build with RGB everything 🌈",,0,"07/31/2023 19:01",,https://www.facebook.com/pcmerchandise.co/posts/pfbid03lbziuQslEfXoVAnQrZlQTyV8piXIO9yFUiNwFxxiwhGNWbz3Y6Znlih,0,0,Photos,,,,,07/17/2023,,,0,0,0,0,0,0,,,,,
1024665083321480,100064197037125,"PC Merchandise","客户 satisfied ✅ RYZEN 5 3400G build with RGB everything 🌈",,0,"07/31/2023 19:01",,https://www.facebook.com/pcmerchandise.co/posts/pfbid03lbziuQslEfXoVAnQrZlQTyV8piXIO9yFUiNwFxxiwhGNWbz3Y6Znlih,0,0,Photos,,,,,07/18/2023,,,0,0,0,0,0,0,,,,,
1024665083321480,100064197037125,"PC Merchandise","客户 satisfied ✅ RYZEN 5 3400G build with RGB everything 🌈",,0,"07/31/2023 19:01",,https://www.facebook.com/pcmerchandise.co/posts/pfbid03lbziuQslEfXoVAnQrZlQTyV8piXIO9yFUiNwFxxiwhGNWbz3Y6Znlih,0,0,Photos,,,,,07/19/2023,,,0,0,0,0,0,0,,,,,
1024665083321480,100064197037125,"PC Merchandise","客户 satisfied ✅ RYZEN 5 3400G build with RGB everything 🌈",,0,"07/31/2023 19:01",,https://www.facebook.com/pcmerchandise.co/posts/pfbid03lbziuQslEfXoVAnQrZlQTyV8piXIO9yFUiNwFxxiwhGNWbz3Y6Znlih,0,0,Photos,,,,,07/20/2023,,,0,0,0,0,0,0,,,,,
1024665083321480,100064197037125,"PC Merchandise","客户 satisfied ✅ RYZEN 5 3400G build with RGB everything 🌈",,0,"07/31/2023 19:01",,https://www.facebook.com/pcmerchandise.co/posts/pfbid03lbziuQslEfXoVAnQrZlQTyV8piXIO9yFUiNwFxxiwhGNWbz3Y6Znlih,0,0,Photos,,,,,07/21/2023,,,0,0,0,0,0,0,,,,,
1024665083321480,100064197037125,"PC Merchandise","客户 satisfied ✅ RYZEN 5 3400G build with RGB everything 🌈",,0,"07/31/2023 19:01",,https://www.facebook.com/pcmerchandise.co/posts/pfbid03lbziuQslEfXoVAnQrZlQTyV8piXIO9yFUiNwFxxiwhGNWbz3Y6Znlih,0,0,Photos,,,,,07/22/2023,,,0,0,0,0,0,0,,,,,
1024665083321480,100064197037125,"PC Merchandise","客户 satisfied ✅ RYZEN 5 3400G build with RGB everything 🌈",,0,"07/31/2023 19:01",,https://www.facebook.com/pcmerchandise.co/posts/pfbid03lbziuQslEfXoVAnQrZlQTyV8piXIO9yFUiNwFxxiwhGNWbz3Y6Znlih,0,0,Photos,,,,,07/23/2023,,,0,0,0,0,0,0,,,,,
1024665083321480,100064197037125,"PC Merchandise","客户 satisfied ✅ RYZEN 5 3400G build with RGB everything 🌈",,0,"07/31/2023 19:01",,https://www.facebook.com/pcmerchandise.co/posts/pfbid03lbziuQslEfXoVAnQrZlQTyV8piXIO9yFUiNwFxxiwhGNWbz3Y6Znlih,0,0,Photos,,,,,07/24/2023,,,0,0,0,0,0,0,,,,,
1024665083321480,100064197037125,"PC Merchandise","客户 satisfied ✅ RYZEN 5 3400G build with RGB everything 🌈",,0,"07/31/2023 19:01",,https://www.facebook.com/pcmerchandise.co/posts/pfbid03lbziuQslEfXoVAnQrZlQTyV8piXIO9yFUiNwFxxiwhGNWbz3Y6Znlih,0,0,Photos,,,,,07/25/2023,,,0,0,0,0,0,0,,,,,
1024665083321480,100064197037125,"PC Merchandise","客户 satisfied ✅ RYZEN 5 3400G build with RGB everything 🌈",,0,"07/31/2023 19:01",,https://www.facebook.com/pcmerchandise.co/posts/pfbid03lbziuQslEfXoVAnQrZlQTyV8piXIO9yFUiNwFxxiwhGNWbz3Y6Znlih,0,0,Photos,,,,,07/26/2023,,,0,0,0,0,0,0,,,,,
1024665083321480,100064197037125,"PC Merchandise","客户 satisfied ✅ RYZEN 5 3400G build with RGB everything 🌈",,0,"07/31/2023 19:01",,https://www.facebook.com/pcmerchandise.co/posts/pfbid03lbziuQslEfXoVAnQrZlQTyV8piXIO9yFUiNwFxxiwhGNWbz3Y6Znlih,0,0,Photos,,,,,07/27/2023,,,0,0,0,0,0,0,,,,,
1024665083321480,100064197037125,"PC Merchandise","客户 satisfied ✅ RYZEN 5 3400G build with RGB everything 🌈",,0,"07/31/2023 19:01",,https://www.facebook.com/pcmerchandise.co/posts/pfbid03lbziuQslEfXoVAnQrZlQTyV8piXIO9yFUiNwFxxiwhGNWbz3Y6Znlih,0,0,Photos,,,,,07/28/2023,,,0,0,0,0,0,0,,,,,
1024665083321480,100064197037125,"PC Merchandise","客户 satisfied ✅ RYZEN 5 3400G build with RGB everything 🌈",,0,"07/31/2023 19:01",,https://www.facebook.com/pcmerchandise.co/posts/pfbid03lbziuQslEfXoVAnQrZlQTyV8piXIO9yFUiNwFxxiwhGNWbz3Y6Znlih,0,0,Photos,,,,,07/29/2023,,,0,0,0,0,0,0,,,,,
1024665083321480,100064197037125,"PC Merchandise","客户 satisfied ✅ RYZEN 5 3400G build with RGB everything 🌈",,0,"07/31/2023 19:01",,https://www.facebook.com/pcmerchandise.co/posts/pfbid03lbziuQslEfXoVAnQrZlQTyV8piXIO9yFUiNwFxxiwhGNWbz3Y6Znlih,0,0,Photos,,,,,07/30/2023,,,0,0,0,0,0,0,,,,,
1024665083321480,100064197037125,"PC Merchandise","客户 satisfied ✅ RYZEN 5 3400G build with RGB everything 🌈",,0,"07/31/2023 19:01",,https://www.facebook.com/pcmerchandise.co/posts/pfbid03lbziuQslEfXoVAnQrZlQTyV8piXIO9yFUiNwFxxiwhGNWbz3Y6Znlih,0,0,Photos,,,,,07/31/2023,,,0,0,0,0,0,0,,,,,
1024741558224005,100064197037125,"PC Merchandise","Sulit na sulit! i5 12400F package, ready for pickup or shipping nationwide 🚚",,0,"07/29/2023 19:30",,https://www.facebook.com/pcmerchandise.co/posts/pfbid0bxJa2mxmGWSaHaW83jgkSa9tWGGbQYCrg1QkCvVyYsg1FpYRqIajglpQ,0,0,Photos,,,,,07/31/2023,1,,,,,,,,,,,,
1024741558224005,100064197037125,"PC Merchandise","Sulit na sulit! i5 12400F package, ready for pickup or shipping nationwide 🚚",,0,"07/29/2023 19:30",,https://www.facebook.com/pcmerchandise.co/posts/pfbid0bxJa2mxmGWSaHaW83jgkSa9tWGGbQYCrg1QkCvVyYsg1FpYRqIajglpQ,0,0,Photos,,,,,07/01/2023,,,0,0,0,0,0,0,,,,,
1024741558224005,100064197037125,"PC Merchandise","Sulit na sulit! i5 12400F package, ready for pickup or shipping nationwide 🚚",,0,"07/29/2023 19:30",,https://www.facebook.com/pcmerchandise.co/posts/pfbid0bxJa2mxmGWSaHaW83jgkSa9tWGGbQYCrg1QkCvVyYsg1FpYRqIajglpQ,0,0,Photos,,,,,07/02/2023,,,0,0,0,0,0,0,,,,,
1024741558224005,100064197037125,"PC Merchandise","Sulit na sulit! i5 12400F package, ready for pickup or shipping nationwide 🚚",,0,"07/29/2023 19:30",,https://www.facebook.com/pcmerchandise.co/posts/pfbid0bxJa2mxmGWSaHaW83jgkSa9tWGGbQYCrg1QkCvVyYsg1FpYRqIajglpQ,0,0,Photos,,,,,07/03/2023,,,0,0,0,0,0,0,,,,,
1024741558224005,100064197037125,"PC Merchandise","Sulit na sulit! i5 12400F package, ready for pickup or shipping nationwide 🚚",,0,"07/29/2023 19:30",,https://www.facebook.com/pcmerchandise.co/posts/pfbid0bxJa2mxmGWSaHaW83jgkSa9tWGGbQYCrg1QkCvVyYsg1FpYRqIajglpQ,0,0,Photos,,,,,07/04/2023,,,0,0,0,0,0,0,,,,,
1024741558224005,100064197037125,"PC Merchandise","Sulit na sulit! i5 12400F package, ready for pickup or shipping nationwide 🚚",,0,"07/29/2023 19:30",,https://www.facebook.com/pcmerchandise.co/posts/pfbid0bxJa2mxmGWSaHaW83jgkSa9tWGGbQYCrg1QkCvVyYsg1FpYRqIajglpQ,0,0,Photos,,,,,07/05/2023,,,0,0,0,0,0,0,,,,,
1024741558224005,100064197037125,"PC Merchandise","Sulit na sulit! i5 12400F package, ready for pickup or shipping nationwide 🚚",,0,"07/29/2023 19:30",,https://www.facebook.com/pcmerchandise.co/posts/pfbid0bxJa2mxmGWSaHaW83jgkSa9tWGGbQYCrg1QkCvVyYsg1FpYRqIajglpQ,0,0,Photos,,,,,07/06/2023,,,0,0,0,0,0,0,,,,,
1024741558224005,100064197037125,"PC Merchandise","Sulit na sulit! i5 12400F package, ready for pickup or shipping nationwide 🚚",,0,"07/29/2023 19:30",,https://www.facebook.com/pcmerchandise.co/posts/pfbid0bxJa2mxmGWSaHaW83jgkSa9tWGGbQYCrg1QkCvVyYsg1FpYRqIajglpQ,0,0,Photos,,,,,07/07/2023,,,0,0,0,0,0,0,,,,,
1024741558224005,100064197037125,"PC Merchandise","Sulit na sulit! i5 12400F package, ready for pickup or shipping nationwide 🚚",,0,"07/29/2023 19:30",,https://www.facebook.com/pcmerchandise.co/posts/pfbid0bxJa2mxmGWSaHaW83jgkSa9tWGGbQYCrg1QkCvVyYsg1FpYRqIajglpQ,0,0,Photos,,,,,07/08/2023,,,0,0,0,0,0,0,,,,,
1024741558224005,100064197037125,"PC Merchandise","Sulit na sulit! i5 12400F package, ready for pickup or shipping nationwide 🚚",,0,"07/29/2023 19:30",,https://www.facebook.com/pcmerchandise.co/posts/pfbid0bxJa2mxmGWSaHaW83jgkSa9tWGGbQYCrg1QkCvVyYsg1FpYRqIajglpQ,0,0,Photos,,,,,07/09/2023,,,0,0,0,0,0,0,,,,,
1024741558224005,100064197037125,"PC Merchandise","Sulit na sulit! i5 12400F package, ready for pickup or shipping nationwide 🚚",,0,"07/29/2023 19:30",,https://www.facebook.com/pcmerchandise.co/posts/pfbid0bxJa2mxmGWSaHaW83jgkSa9tWGGbQYCrg1QkCvVyYsg1FpYRqIajglpQ,0,0,Photos,,,,,07/10/2023,,,0,0,0,0,0,0,,,,,
1024741558224005,100064197037125,"PC Merchandise","Sulit na sulit! i5 12400F package, ready for pickup or shipping nationwide 🚚",,0,"07/29/2023 19:30",,https://www.facebook.com/pcmerchandise.co/posts/pfbid0bxJa2mxmGWSaHaW83jgkSa9tWGGbQYCrg1QkCvVyYsg1FpYRqIajglpQ,0,0,Photos,,,,,07/11/2023,,,0,0,0,0,0,0,,,,,
1024741558224005,100064197037125,"PC Merchandise","Sulit na sulit! i5 12400F package, ready for pickup or shipping nationwide 🚚",,0,"07/29/2023 19:30",,https://www.facebook.com/pcmerchandise.co/posts/pfbid0bxJa2mxmGWSaHaW83jgkSa9tWGGbQYCrg1QkCvVyYsg1FpYRqIajglpQ,0,0,Photos,,,,,07/12/2023,,,0,0,0,0,0,0,,,,,
1024741558224005,100064197037125,"PC Merchandise","Sulit na sulit! i5 12400F package, ready for pickup or shipping nationwide 🚚",,0,"07/29/2023 19:30",,https://www.facebook.com/pcmerchandise.co/posts/pfbid0bxJa2mxmGWSaHaW83jgkSa9tWGGbQYCrg1QkCvVyYsg1FpYRqIajglpQ,0,0,Photos,,,,,07/13/2023,,,0,0,0,0,0,0,,,,,
1024741558224005,100064197037125,"PC Merchandise","Sulit na sulit! i5 12400F package, ready for pickup or shipping nationwide 🚚",,0,"07/29/2023 19:30",,https://www.facebook.com/pcmerchandise.co/posts/pfbid0bxJa2mxmGWSaHaW83jgkSa9tWGGbQYCrg1QkCvVyYsg1FpYRqIajglpQ,0,0,Photos,,,,,07/14/2023,,,0,0,0,0,0,0,,,,,
1024741558224005,100064197037125,"PC Merchandise","Sulit na sulit! i5 12400F package, ready for pickup or shipping nationwide 🚚",,0,"07/29/2023 19:30",,https://www.facebook.com/pcmerchandise.co/posts/pfbid0bxJa2mxmGWSaHaW83jgkSa9tWGGbQYCrg1QkCvVyYsg1FpYRqIajglpQ,0,0,Photos,,,,,07/15/2023,,,0,0,0,0,0,0,,,,,
1024741558224005,100064197037125,"PC Merchandise","Sulit na sulit! i5 12400F package, ready for pickup or shipping nationwide 🚚",,0,"07/29/2023 19:30",,https://www.facebook.com/pcmerchandise.co/posts/pfbid0bxJa2mxmGWSaHaW83jgkSa9tWGGbQYCrg1QkCvVyYsg1FpYRqIajglpQ,0,0,Photos,,,,,07/16/2023,,,0,0,0,0,0,0,,,,,
1024741558224005,100064197037125,"PC Merchandise","Sulit na sulit! i5 12400F package, ready for pickup or shipping nationwide 🚚",,0,"07/29/2023 19:30",,https://www.facebook.com/pcmerchandise.co/posts/pfbid0bxJa2mxmGWSaHaW83jgkSa9tWGGbQYCrg1QkCvVyYsg1FpYRqIajglpQ,0,0,Photos,,,,,07/17/2023,,,0,0,0,0,0,0,,,,,
1024741558224005,100064197037125,"PC Merchandise","Sulit na sulit! i5 12400F package, ready for pickup or shipping nationwide 🚚",,0,"07/29/2023 19:30",,https://www.facebook.com/pcmerchandise.co/posts/pfbid0bxJa2mxmGWSaHaW83jgkSa9tWGGbQYCrg1QkCvVyYsg1FpYRqIajglpQ,0,0,Photos,,,,,07/18/2023,,,0,0,0,0,0,0,,,,,
1024741558224005,100064197037125,"PC Merchandise","Sulit na sulit! i5 12400F package, ready for pickup or shipping nationwide 🚚",,0,"07/29/2023 19:30",,https://www.facebook.com/pcmerchandise.co/posts/pfbid0bxJa2mxmGWSaHaW83jgkSa9tWGGbQYCrg1QkCvVyYsg1FpYRqIajglpQ,0,0,Photos,,,,,07/19/2023,,,0,0,0,0,0,0,,,,,
1024741558224005,100064197037125,"PC Merchandise","Sulit na sulit! i5 12400F package, ready for pickup or shipping nationwide 🚚",,0,"07/29/2023 19:30",,https://www.facebook.com/pcmerchandise.co/posts/pfbid0bxJa2mxmGWSaHaW83jgkSa9tWGGbQYCrg1QkCvVyYsg1FpYRqIajglpQ,0,0,Photos,,,,,07/20/2023,,,0,0,0,0,0,0,,,,,
1024741558224005,100064197037125,"PC Merchandise","Sulit na sulit! i5 12400F package, ready for pickup or shipping nationwide 🚚",,0,"07/29/2023 19:30",,https://www.facebook.com/pcmerchandise.co/posts/pfbid0bxJa2mxmGWSaHaW83jgkSa9tWGGbQYCrg1QkCvVyYsg1FpYRqIajglpQ,0,0,Photos,,,,,07/21/2023,,,0,0,0,0,0,0,,,,,
1024741558224005,100064197037125,"PC Merchandise","Sulit na sulit! i5 12400F package, ready for pickup or shipping nationwide 🚚",,0,"07/29/2023 19:30",,https://www.facebook.com/pcmerchandise.co/posts/pfbid0bxJa2mxmGWSaHaW83jgkSa9tWGGbQYCrg1QkCvVyYsg1FpYRqIajglpQ,0,0,Photos,,,,,07/22/2023,,,0,0,0,0,0,0,,,,,
1024741558224005,100064197037125,"PC Merchandise","Sulit na sulit! i5 12400F package, ready for pickup or shipping nationwide 🚚",,0,"07/29/2023 19:30",,https://www.facebook.com/pcmerchandise.co/posts/pfbid0bxJa2mxmGWSaHaW83jgkSa9tWGGbQYCrg1QkCvVyYsg1FpYRqIajglpQ,0,0,Photos,,,,,07/23/2023,,,0,0,0,0,0,0,,,,,
1024741558224005,100064197037125,"PC Merchandise","Sulit na sulit! i5 12400F package, ready for pickup or shipping nationwide 🚚",,0,"07/29/2023 19:30",,https://www.facebook.com/pcmerchandise.co/posts/pfbid0bxJa2mxmGWSaHaW83jgkSa9tWGGbQYCrg1QkCvVyYsg1FpYRqIajglpQ,0,0,Photos,,,,,07/24/2023,,,0,0,0,0,0,0,,,,,
1024741558224005,100064197037125,"PC Merchandise","Sulit na sulit! i5 12400F package, ready for pickup or shipping nationwide 🚚",,0,"07/29/2023 19:30",,https://www.facebook.com/pcmerchandise.co/posts/pfbid0bxJa2mxmGWSaHaW83jgkSa9tWGGbQYCrg1QkCvVyYsg1FpYRqIajglpQ,0,0,Photos,,,,,07/25/2023,,,0,0,0,0,0,0,,,,,
1024741558224005,100064197037125,"PC Merchandise","Sulit na sulit! i5 12400F package, ready for pickup or shipping nationwide 🚚",,0,"07/29/2023 19:30",,https://www.facebook.com/pcmerchandise.co/posts/pfbid0bxJa2mxmGWSaHaW83jgkSa9tWGGbQYCrg1QkCvVyYsg1FpYRqIajglpQ,0,0,Photos,,,,,07/26/2023,,,0,0,0,0,0,0,,,,,
1024741558224005,100064197037125,"PC Merchandise","Sulit na sulit! i5 12400F package, ready for pickup or shipping nationwide 🚚",,0,"07/29/2023 19:30",,https://www.facebook.com/pcmerchandise.co/posts/pfbid0bxJa2mxmGWSaHaW83jgkSa9tWGGbQYCrg1QkCvVyYsg1FpYRqIajglpQ,0,0,Photos,,,,,07/27/2023,,,0,0,0,0,0,0,,,,,
1024741558224005,100064197037125,"PC Merchandise","Sulit na sulit! i5 12400F package, ready for pickup or shipping nationwide 🚚",,0,"07/29/2023 19:30",,https://www.facebook.com/pcmerchandise.co/posts/pfbid0bxJa2mxmGWSaHaW83jgkSa9tWGGbQYCrg1QkCvVyYsg1FpYRqIajglpQ,0,0,Photos,,,,,07/28/2023,,,0,0,0,0,0,0,,,,,
1024741558224005,100064197037125,"PC Merchandise","Sulit na sulit! i5 12400F package, ready for pickup or shipping nationwide 🚚",,0,"07/29/2023 19:30",,https://www.facebook.com/pcmerchandise.co/posts/pfbid0bxJa2mxmGWSaHaW83jgkSa9tWGGbQYCrg1QkCvVyYsg1FpYRqIajglpQ,0,0,Photos,,,,,07/29/2023,,,0,0,0,0,0,0,,,,,
1024741558224005,100064197037125,"PC Merchandise","Sulit na sulit! i5 12400F package, ready for pickup or shipping nationwide 🚚",,0,"07/29/2023 19:30",,https://www.facebook.com/pcmerchandise.co/posts/pfbid0bxJa2mxmGWSaHaW83jgkSa9tWGGbQYCrg1QkCvVyYsg1FpYRqIajglpQ,0,0,Photos,,,,,07/30/2023,,,0,0,0,0,0,0,,,,,
1024741558224005,100064197037125,"PC Merchandise","Sulit na sulit! i5 12400F package, ready for pickup or shipping nationwide 🚚",,0,"07/29/2023 19:30",,https://www.facebook.com/pcmerchandise.co/posts/pfbid0bxJa2mxmGWSaHaW83jgkSa9tWGGbQYCrg1QkCvVyYsg1FpYRqIajglpQ,0,0,Photos,,,,,07/31/2023,,,0,0,0,0,0,0,,,,,
1024706491397178,100064197037125,"PC Merchandise","Salamat sa tiwala boss JAMES! i5 12400F comshop package — 4 units delivered ✅",,47,"07/29/2023 19:00",uploaded,https://www.facebook.com/reel/1514107247579048/,0,0,Reels,,,,,07/01/2023,0,,,,,,0,0,0,0,0,0.000,5.072
1024706491397178,100064197037125,"PC Merchandise","Salamat sa tiwala boss JAMES! i5 12400F comshop package — 4 units delivered ✅",,47,"07/29/2023 19:00",uploaded,https://www.facebook.com/reel/1514107247579048/,0,0,Reels,,,,,07/02/2023,0,,,,,,0,0,0,0,0,0.000,6.175
1024706491397178,100064197037125,"PC Merchandise","Salamat sa tiwala boss JAMES! i5 12400F comshop package — 4 units delivered ✅",,47,"07/29/2023 19:00",uploaded,https://www.facebook.com/reel/1514107247579048/,0,0,Reels,,,,,07/03/2023,0,,,,,,0,0,0,0,0,0.000,6.634
1024706491397178,100064197037125,"PC Merchandise","Salamat sa tiwala boss JAMES! i5 12400F comshop package — 4 units delivered ✅",,47,"07/29/2023 19:00",uploaded,https://www.facebook.com/reel/1514107247579048/,0,0,Reels,,,,,07/04/2023,0,,,,,,0,0,0,0,0,0.000,4.658
1024706491397178,100064197037125,"PC Merchandise","Salamat sa tiwala boss JAMES! i5 12400F comshop package — 4 units delivered ✅",,47,"07/29/2023 19:00",uploaded,https://www.facebook.com/reel/1514107247579048/,0,0,Reels,,,,,07/05/2023,0,,,,,,0,0,0,0,0,0.000,6.851
1024706491397178,100064197037125,"PC Merchandise","Salamat sa tiwala boss JAMES! i5 12400F comshop package — 4 units delivered ✅",,47,"07/29/2023 19:00",uploaded,https://www.facebook.com/reel/1514107247579048/,0,0,Reels,,,,,07/06/2023,0,,,,,,0,0,0,0,0,0.000,5.083
1024706491397178,100064197037125,"PC Merchandise","Salamat sa tiwala boss JAMES! i5 12400F comshop package — 4 units delivered ✅",,47,"07/29/2023 19:00",uploaded,https://www.facebook.com/reel/1514107247579048/,0,0,Reels,,,,,07/07/2023,0,,,,,,0,0,0,0,0,0.000,4.977
1024706491397178,100064197037125,"PC Merchandise","Salamat sa tiwala boss JAMES! i5 12400F comshop package — 4 units delivered ✅",,47,"07/29/2023 19:00",uploaded,https://www.facebook.com/reel/1514107247579048/,0,0,Reels,,,,,07/08/2023,0,,,,,,0,0,0,0,0,0.000,6.283
1024706491397178,100064197037125,"PC Merchandise","Salamat sa tiwala boss JAMES! i5 12400F comshop package — 4 units delivered ✅",,47,"07/29/2023 19:00",uploaded,https://www.facebook.com/reel/1514107247579048/,0,0,Reels,,,,,07/09/2023,0,,,,,,0,0,0,0,0,0.000,4.872
1024706491397178,100064197037125,"PC Merchandise","Salamat sa tiwala boss JAMES! i5 12400F comshop package — 4 units delivered ✅",,47,"07/29/2023 19:00",uploaded,https://www.facebook.com/reel/1514107247579048/,0,0,Reels,,,,,07/10/2023,0,,,,,,0,0,0,0,0,0.000,6.048
1024706491397178,100064197037125,"PC Merchandise","Salamat sa tiwala boss JAMES! i5 12400F comshop package — 4 units delivered ✅",,47,"07/29/2023 19:00",uploaded,https://www.facebook.com/reel/1514107247579048/,0,0,Reels,,,,,07/11/2023,0,,,,,,0,0,0,0,0,0.000,5.579
1024706491397178,100064197037125,"PC Merchandise","Salamat sa tiwala boss JAMES! i5 12400F comshop package — 4 units delivered ✅",,47,"07/29/2023 19:00",uploaded,https://www.facebook.com/reel/1514107247579048/,0,0,Reels,,,,,07/12/2023,0,,,,,,0,0,0,0,0,0.000,4.543
1024706491397178,100064197037125,"PC Merchandise","Salamat sa tiwala boss JAMES! i5 12400F comshop package — 4 units delivered ✅",,47,"07/29/2023 19:00",uploaded,https://www.facebook.com/reel/1514107247579048/,0,0,Reels,,,,,07/13/2023,0,,,,,,0,0,0,0,0,0.000,5.719
1024706491397178,100064197037125,"PC Merchandise","Salamat sa tiwala boss JAMES! i5 12400F comshop package — 4 units delivered ✅",,47,"07/29/2023 19:00",uploaded,https://www.facebook.com/reel/1514107247579048/,0,0,Reels,,,,,07/14/2023,0,,,,,,0,0,0,0,0,0.000,3.971
1024706491397178,100064197037125,"PC Merchandise","Salamat sa tiwala boss JAMES! i5 12400F comshop package — 4 units delivered ✅",,47,"07/29/2023 19:00",uploaded,https://www.facebook.com/reel/1514107247579048/,0,0,Reels,,,,,07/15/2023,0,,,,,,0,0,0,0,0,0.000,6.027
1024706491397178,100064197037125,"PC Merchandise","Salamat sa tiwala boss JAMES! i5 12400F comshop package — 4 units delivered ✅",,47,"07/29/2023 19:00",uploaded,https://www.facebook.com/reel/1514107247579048/,0,0,Reels,,,,,07/16/2023,0,,,,,,0,0,0,0,0,0.000,3.956
1024706491397178,100064197037125,"PC Merchandise","Salamat sa tiwala boss JAMES! i5 12400F comshop package — 4 units delivered ✅",,47,"07/29/2023 19:00",uploaded,https://www.facebook.com/reel/1514107247579048/,0,0,Reels,,,,,07/17/2023,0,,,,,,0,0,0,0,0,0.000,5.083
1024706491397178,100064197037125,"PC Merchandise","Salamat sa tiwala boss JAMES! i5 12400F comshop package — 4 units delivered ✅",,47,"07/29/2023 19:00",uploaded,https://www.facebook.com/reel/1514107247579048/,0,0,Reels,,,,,07/18/2023,0,,,,,,0,0,0,0,0,0.000,4.892
1024706491397178,100064197037125,"PC Merchandise","Salamat sa tiwala boss JAMES! i5 12400F comshop package — 4 units delivered ✅",,47,"07/29/2023 19:00",uploaded,https://www.facebook.com/reel/1514107247579048/,0,0,Reels,,,,,07/19/2023,0,,,,,,0,0,0,0,0,0.000,5.715
1024706491397178,100064197037125,"PC Merchandise","Salamat sa tiwala boss JAMES! i5 12400F comshop package — 4 units delivered ✅",,47,"07/29/2023 19:00",uploaded,https://www.facebook.com/reel/1514107247579048/,0,0,Reels,,,,,07/20/2023,0,,,,,,0,0,0,0,0,0.000,5.531
1024706491397178,100064197037125,"PC Merchandise","Salamat sa tiwala boss JAMES! i5 12400F comshop package — 4 units delivered ✅",,47,"07/29/2023 19:00",uploaded,https://www.facebook.com/reel/1514107247579048/,0,0,Reels,,,,,07/21/2023,0,,,,,,0,0,0,0,0,0.000,6.531
1024706491397178,100064197037125,"PC Merchandise","Salamat sa tiwala boss JAMES! i5 12400F comshop package — 4 units delivered ✅",,47,"07/29/2023 19:00",uploaded,https://www.facebook.com/reel/1514107247579048/,0,0,Reels,,,,,07/22/2023,0,,,,,,0,0,0,0,0,0.000,6.194
1024706491397178,100064197037125,"PC Merchandise","Salamat sa tiwala boss JAMES! i5 12400F comshop package — 4 units delivered ✅",,47,"07/29/2023 19:00",uploaded,https://www.facebook.com/reel/1514107247579048/,0,0,Reels,,,,,07/23/2023,0,,,,,,0,0,0,0,0,0.000,6.626
1024706491397178,100064197037125,"PC Merchandise","Salamat sa tiwala boss JAMES! i5 12400F comshop package — 4 units delivered ✅",,47,"07/29/2023 19:00",uploaded,https://www.facebook.com/reel/1514107247579048/,0,0,Reels,,,,,07/24/2023,0,,,,,,0,0,0,0,0,0.000,4.752
1024706491397178,100064197037125,"PC Merchandise","Salamat sa tiwala boss JAMES! i5 12400F comshop package — 4 units delivered ✅",,47,"07/29/2023 19:00",uploaded,https://www.facebook.com/reel/1514107247579048/,0,0,Reels,,,,,07/25/2023,0,,,,,,0,0,0,0,0,0.000,4.261
1024706491397178,100064197037125,"PC Merchandise","Salamat sa tiwala boss JAMES! i5 12400F comshop package — 4 units delivered ✅",,47,"07/29/2023 19:00",uploaded,https://www.facebook.com/reel/1514107247579048/,0,0,Reels,,,,,07/26/2023,0,,,,,,0,0,0,0,0,0.000,5.887
1024706491397178,100064197037125,"PC Merchandise","Salamat sa tiwala boss JAMES! i5 12400F comshop package — 4 units delivered ✅",,47,"07/29/2023 19:00",uploaded,https://www.facebook.com/reel/1514107247579048/,0,0,Reels,,,,,07/27/2023,0,,,,,,0,0,0,0,0,0.000,5.203
1024706491397178,100064197037125,"PC Merchandise","Salamat sa tiwala boss JAMES! i5 12400F comshop package — 4 units delivered ✅",,47,"07/29/2023 19:00",uploaded,https://www.facebook.com/reel/1514107247579048/,0,0,Reels,,,,,07/28/2023,0,,,,,,0,0,0,0,0,0.000,6.618
1024706491397178,100064197037125,"PC Merchandise","Salamat sa tiwala boss JAMES! i5 12400F comshop package — 4 units delivered ✅",,47,"07/29/2023 19:00",uploaded,https://www.facebook.com/reel/1514107247579048/,0,0,Reels,,,,,07/29/2023,0,,,,,,0,0,1,1,0,1163.096,6.505
1024706491397178,100064197037125,"PC Merchandise","Salamat sa tiwala boss JAMES! i5 12400F comshop package — 4 units delivered ✅",,47,"07/29/2023 19:00",uploaded,https://www.facebook.com/reel/1514107247579048/,0,0,Reels,,,,,07/30/2023,1,,,,,,0,0,2,1,0,1133.780,5.000
1024706491397178,100064197037125,"PC Merchandise","Salamat sa tiwala boss JAMES! i5 12400F comshop package — 4 units delivered ✅",,47,"07/29/2023 19:00",uploaded,https://www.facebook.com/reel/1514107247579048/,0,0,Reels,,,,,07/31/2023,0,,,,,,0,0,0,0,0,832.194,5.503
1024715000133662,100064197037125,"PC Merchandise","客户 satisfied ✅ i3 12100F build with RGB everything 🌈",,81,"07/29/2023 19:00",mixed,https://www.facebook.com/reel/1396016929554800/,0,0,Reels,,,,,07/01/2023,0,,,,,,0,0,0,0,0,0.000,4.487
1024715000133662,100064197037125,"PC Merchandise","客户 satisfied ✅ i3 12100F build with RGB everything 🌈",,81,"07/29/2023 19:00",mixed,https://www.facebook.com/reel/1396016929554800/,0,0,Reels,,,,,07/02/2023,0,,,,,,0,0,0,0,0,0.000,3.096
1024715000133662,100064197037125,"PC Merchandise","客户 satisfied ✅ i3 12100F build with RGB everything 🌈",,81,"07/29/2023 19:00",mixed,https://www.facebook.com/reel/1396016929554800/,0,0,Reels,,,,,07/03/2023,0,,,,,,0,0,0,0,0,0.000,5.868
1024715000133662,100064197037125,"PC Merchandise","客户 satisfied ✅ i3 12100F build with RGB everything 🌈",,81,"07/29/2023 19:00",mixed,https://www.facebook.com/reel/1396016929554800/,0,0,Reels,,,,,07/04/2023,0,,,,,,0,0,0,0,0,0.000,3.580
1024715000133662,100064197037125,"PC Merchandise","客户 satisfied ✅ i3 12100F build with RGB everything 🌈",,81,"07/29/2023 19:00",mixed,https://www.facebook.com/reel/1396016929554800/,0,0,Reels,,,,,07/05/2023,0,,,,,,0,0,0,0,0,0.000,6.542
1024715000133662,100064197037125,"PC Merchandise","客户 satisfied ✅ i3 12100F build with RGB everything 🌈",,81,"07/29/2023 19:00",mixed,https://www.facebook.com/reel/1396016929554800/,0,0,Reels,,,,,07/06/2023,0,,,,,,0,0,0,0,0,0.000,5.936
1024715000133662,100064197037125,"PC Merchandise","客户 satisfied ✅ i3 12100F build with RGB everything 🌈",,81,"07/29/2023 19:00",mixed,https://www.facebook.com/reel/1396016929554800/,0,0,Reels,,,,,07/07/2023,0,,,,,,0,0,0,0,0,0.000,3.497
1024715000133662,100064197037125,"PC Merchandise","客户 satisfied ✅ i3 12100F build with RGB everything 🌈",,81,"07/29/2023 19:00",mixed,https://www.facebook.com/reel/1396016929554800/,0,0,Reels,,,,,07/08/2023,0,,,,,,0,0,0,0,0,0.000,3.852
1024715000133662,100064197037125,"PC Merchandise","客户 satisfied ✅ i3 12100F build with RGB everything 🌈",,81,"07/29/2023 19:00",mixed,https://www.facebook.com/reel/1396016929554800/,0,0,Reels,,,,,07/09/2023,0,,,,,,0,0,0,0,0,0.000,5.589
1024715000133662,100064197037125,"PC Merchandise","客户 satisfied ✅ i3 12100F build with RGB everything 🌈",,81,"07/29/2023 19:00",mixed,https://www.facebook.com/reel/1396016929554800/,0,0,Reels,,,,,07/10/2023,0,,,,,,0,0,0,0,0,0.000,4.306
1024715000133662,100064197037125,"PC Merchandise","客户 satisfied ✅ i3 12100F build with RGB everything 🌈",,81,"07/29/2023 19:00",mixed,https://www.facebook.com/reel/1396016929554800/,0,0,Reels,,,,,07/11/2023,0,,,,,,0,0,0,0,0,0.000,4.224
1024715000133662,100064197037125,"PC Merchandise","客户 satisfied ✅ i3 12100F build with RGB everything 🌈",,81,"07/29/2023 19:00",mixed,https://www.facebook.com/reel/1396016929554800/,0,0,Reels,,,,,07/12/2023,0,,,,,,0,0,0,0,0,0.000,4.870
1024715000133662,100064197037125,"PC Merchandise","客户 satisfied ✅ i3 12100F build with RGB everything 🌈",,81,"07/29/2023 19:00",mixed,https://www.facebook.com/reel/1396016929554800/,0,0,Reels,,,,,07/13/2023,0,,,,,,0,0,0,0,0,0.000,4.098
1024715000133662,100064197037125,"PC Merchandise","客户 satisfied ✅ i3 12100F build with RGB everything 🌈",,81,"07/29/2023 19:00",mixed,https://www.facebook.com/reel/1396016929554800/,0,0,Reels,,,,,07/14/2023,0,,,,,,0,0,0,0,0,0.000,4.123
1024715000133662,100064197037125,"PC Merchandise","客户 satisfied ✅ i3 12100F build with RGB everything 🌈",,81,"07/29/2023 19:00",mixed,https://www.facebook.com/reel/1396016929554800/,0,0,Reels,,,,,07/15/2023,0,,,,,,0,0,0,0,0,0.000,3.872
1024715000133662,100064197037125,"PC Merchandise","客户 satisfied ✅ i3 12100F build with RGB everything 🌈",,81,"07/29/2023 19:00",mixed,https://www.facebook.com/reel/1396016929554800/,0,0,Reels,,,,,07/16/2023,0,,,,,,0,0,0,0,0,0.000,4.817
1024715000133662,100064197037125,"PC Merchandise","客户 satisfied ✅ i3 12100F build with RGB everything 🌈",,81,"07/29/2023 19:00",mixed,https://www.facebook.com/reel/1396016929554800/,0,0,Reels,,,,,07/17/2023,0,,,,,,0,0,0,0,0,0.000,5.457
1024715000133662,100064197037125,"PC Merchandise","客户 satisfied ✅ i3 12100F build with RGB everything 🌈",,81,"07/29/2023 19:00",mixed,https://www.facebook.com/reel/1396016929554800/,0,0,Reels,,,,,07/18/2023,0,,,,,,0,0,0,0,0,0.000,4.642
1024715000133662,100064197037125,"PC Merchandise","客户 satisfied ✅ i3 12100F build with RGB everything 🌈",,81,"07/29/2023 19:00",mixed,https://www.facebook.com/reel/1396016929554800/,0,0,Reels,,,,,07/19/2023,0,,,,,,0,0,0,0,0,0.000,4.864
1024715000133662,100064197037125,"PC Merchandise","客户 satisfied ✅ i3 12100F build with RGB everything 🌈",,81,"07/29/2023 19:00",mixed,https://www.facebook.com/reel/1396016929554800/,0,0,Reels,,,,,07/20/2023,0,,,,,,0,0,0,0,0,0.000,3.903
1024715000133662,100064197037125,"PC Merchandise","客户 satisfied ✅ i3 12100F build with RGB everything 🌈",,81,"07/29/2023 19:00",mixed,https://www.facebook.com/reel/1396016929554800/,0,0,Reels,,,,,07/21/2023,0,,,,,,0,0,0,0,0,0.000,4.183
1024715000133662,100064197037125,"PC Merchandise","客户 satisfied ✅ i3 12100F build with RGB everything 🌈",,81,"07/29/2023 19:00",mixed,https://www.facebook.com/reel/1396016929554800/,0,0,Reels,,,,,07/22/2023,0,,,,,,0,0,0,0,0,0.000,3.740
1024715000133662,100064197037125,"PC Merchandise","客户 satisfied ✅ i3 12100F build with RGB everything 🌈",,81,"07/29/2023 19:00",mixed,https://www.facebook.com/reel/1396016929554800/,0,0,Reels,,,,,07/23/2023,0,,,,,,0,0,0,0,0,0.000,4.417
1024715000133662,100064197037125,"PC Merchandise","客户 satisfied ✅ i3 12100F build with RGB everything 🌈",,81,"07/29/2023 19:00",mixed,https://www.facebook.com/reel/1396016929554800/,0,0,Reels,,,,,07/24/2023,0,,,,,,0,0,0,0,0,0.000,4.532
1024715000133662,100064197037125,"PC Merchandise","客户 satisfied ✅ i3 12100F build with RGB everything 🌈",,81,"07/29/2023 19:00",mixed,https://www.facebook.com/reel/1396016929554800/,0,0,Reels,,,,,07/25/2023,0,,,,,,0,0,0,0,0,0.000,5.074
1024715000133662,100064197037125,"PC Merchandise","客户 satisfied ✅ i3 12100F build with RGB everything 🌈",,81,"07/29/2023 19:00",mixed,https://www.facebook.com/reel/1396016929554800/,0,0,Reels,,,,,07/26/2023,0,,,,,,0,0,0,0,0,0.000,4.764
1024715000133662,100064197037125,"PC Merchandise","客户 satisfied ✅ i3 12100F build with RGB everything 🌈",,81,"07/29/2023 19:00",mixed,https://www.facebook.com/reel/1396016929554800/,0,0,Reels,,,,,07/27/2023,0,,,,,,0,0,0,0,0,0.000,5.228
1024715000133662,100064197037125,"PC Merchandise","客户 satisfied ✅ i3 12100F build with RGB everything 🌈",,81,"07/29/2023 19:00",mixed,https://www.facebook.com/reel/1396016929554800/,0,0,Reels,,,,,07/28/2023,0,,,,,,0,0,0,0,0,0.000,3.977
1024715000133662,100064197037125,"PC Merchandise","客户 satisfied ✅ i3 12100F build with RGB everything 🌈",,81,"07/29/2023 19:00",mixed,https://www.facebook.com/reel/1396016929554800/,0,0,Reels,,,,,07/29/2023,0,,,,,,0,0,0,0,0,399.825,5.422
1024715000133662,100064197037125,"PC Merchandise","客户 satisfied ✅ i3 12100F build with RGB everything 🌈",,81,"07/29/2023 19:00",mixed,https://www.facebook.com/reel/1396016929554800/,0,0,Reels,,,,,07/30/2023,0,,,,,,0,0,0,0,0,544.866,5.867
1024715000133662,100064197037125,"PC Merchandise","客户 satisfied ✅ i3 12100F build with RGB everything 🌈",,81,"07/29/2023 19:00",mixed,https://www.facebook.com/reel/1396016929554800/,0,0,Reels,,,,,07/31/2023,0,,,,,,0,0,0,0,0,343.791,4.596
1024187352164980,100064197037125,"PC Merchandise","𝐀𝐌𝟓 𝐁𝐮𝐢𝐥𝐝 𝐋𝐢𝐦𝐢𝐭𝐞𝐝 𝐒𝐚𝐥𝐞! 🚨
Experience next-gen performance with our latest builds. PM for pricelist!",,40,"07/28/2023 15:01",,https://www.facebook.com/reel/1006662546238822/,0,0,Reels,,,,,07/01/2023,0,,,,,,0,0,0,0,0,0.000,4.445
1024187352164980,100064197037125,"PC Merchandise","𝐀𝐌𝟓 𝐁𝐮𝐢𝐥𝐝 𝐋𝐢𝐦𝐢𝐭𝐞𝐝 𝐒𝐚𝐥𝐞! 🚨
Experience next-gen performance with our latest builds. PM for pricelist!",,40,"07/28/2023 15:01",,https://www.facebook.com/reel/1006662546238822/,0,0,Reels,,,,,07/02/2023,0,,,,,,0,0,0,0,0,0.000,5.164
1024187352164980,100064197037125,"PC Merchandise","𝐀𝐌𝟓 𝐁𝐮𝐢𝐥𝐝 𝐋𝐢𝐦𝐢𝐭𝐞𝐝 𝐒𝐚𝐥𝐞! 🚨
Experience next-gen performance with our latest builds. PM for pricelist!",,40,"07/28/2023 15:01",,https://www.facebook.com/reel/1006662546238822/,0,0,Reels,,,,,07/03/2023,0,,,,,,0,0,0,0,0,0.000,6.595
1024187352164980,100064197037125,"PC Merchandise","𝐀𝐌𝟓 𝐁𝐮𝐢𝐥𝐝 𝐋𝐢𝐦𝐢𝐭𝐞𝐝 𝐒𝐚𝐥𝐞! 🚨
Experience next-gen performance with our latest builds. PM for pricelist!",,40,"07/28/2023 15:01",,https://www.facebook.com/reel/1006662546238822/,0,0,Reels,,,,,07/04/2023,0,,,,,,0,0,0,0,0,0.000,6.397
1024187352164980,100064197037125,"PC Merchandise","𝐀𝐌𝟓 𝐁𝐮𝐢𝐥𝐝 𝐋𝐢𝐦𝐢𝐭𝐞𝐝 𝐒𝐚𝐥𝐞! 🚨
Experience next-gen performance with our latest builds. PM for pricelist!",,40,"07/28/2023 15:01",,https://www.facebook.com/reel/1006662546238822/,0,0,Reels,,,,,07/05/2023,0,,,,,,0,0,0,0,0,0.000,5.834
1024187352164980,100064197037125,"PC Merchandise","𝐀𝐌𝟓 𝐁𝐮𝐢𝐥𝐝 𝐋𝐢𝐦𝐢𝐭𝐞𝐝 𝐒𝐚𝐥𝐞! 🚨
Experience next-gen performance with our latest builds. PM for pricelist!",,40,"07/28/2023 15:01",,https://www.facebook.com/reel/1006662546238822/,0,0,Reels,,,,,07/06/2023,0,,,,,,0,0,0,0,0,0.000,5.387
1024187352164980,100064197037125,"PC Merchandise","𝐀𝐌𝟓 𝐁𝐮𝐢𝐥𝐝 𝐋𝐢𝐦𝐢𝐭𝐞𝐝 𝐒𝐚𝐥𝐞! 🚨
Experience next-gen performance with our latest builds. PM for pricelist!",,40,"07/28/2023 15:01",,https://www.facebook.com/reel/1006662546238822/,0,0,Reels,,,,,07/07/2023,0,,,,,,0,0,0,0,0,0.000,4.764
1024187352164980,100064197037125,"PC Merchandise","𝐀𝐌𝟓 𝐁𝐮𝐢𝐥𝐝 𝐋𝐢𝐦𝐢𝐭𝐞𝐝 𝐒𝐚𝐥𝐞! 🚨
Experience next-gen performance with our latest builds. PM for pricelist!",,40,"07/28/2023 15:01",,https://www.facebook.com/reel/1006662546238822/,0,0,Reels,,,,,07/08/2023,0,,,,,,0,0,0,0,0,0.000,4.281
1024187352164980,100064197037125,"PC Merchandise","𝐀𝐌𝟓 𝐁𝐮𝐢𝐥𝐝 𝐋𝐢𝐦𝐢𝐭𝐞𝐝 𝐒𝐚𝐥𝐞! 🚨
Experience next-gen performance with our latest builds. PM for pricelist!",,40,"07/28/2023 15:01",,https://www.facebook.com/reel/1006662546238822/,0,0,Reels,,,,,07/09/2023,0,,,,,,0,0,0,0,0,0.000,4.396
1024187352164980,100064197037125,"PC Merchandise","𝐀𝐌𝟓 𝐁𝐮𝐢𝐥𝐝 𝐋𝐢𝐦𝐢𝐭𝐞𝐝 𝐒𝐚𝐥𝐞! 🚨
Experience next-gen performance with our latest builds. PM for pricelist!",,40,"07/28/2023 15:01",,https://www.facebook.com/reel/1006662546238822/,0,0,Reels,,,,,07/10/2023,0,,,,,,0,0,0,0,0,0.000,4.859
1024187352164980,100064197037125,"PC Merchandise","𝐀𝐌𝟓 𝐁𝐮𝐢𝐥𝐝 𝐋𝐢𝐦𝐢𝐭𝐞𝐝 𝐒𝐚𝐥𝐞! 🚨
Experience next-gen performance with our latest builds. PM for pricelist!",,40,"07/28/2023 15:01",,https://www.facebook.com/reel/1006662546238822/,0,0,Reels,,,,,07/11/2023,0,,,,,,0,0,0,0,0,0.000,4.595
1024187352164980,100064197037125,"PC Merchandise","𝐀𝐌𝟓 𝐁𝐮𝐢𝐥𝐝 𝐋𝐢𝐦𝐢𝐭𝐞𝐝 𝐒𝐚𝐥𝐞! 🚨
Experience next-gen performance with our latest builds. PM for pricelist!",,40,"07/28/2023 15:01",,https://www.facebook.com/reel/1006662546238822/,0,0,Reels,,,,,07/12/2023,0,,,,,,0,0,0,0,0,0.000,5.309
1024187352164980,100064197037125,"PC Merchandise","𝐀𝐌𝟓 𝐁𝐮𝐢𝐥𝐝 𝐋𝐢𝐦𝐢𝐭𝐞𝐝 𝐒𝐚𝐥𝐞! 🚨
Experience next-gen performance with our latest builds. PM for pricelist!",,40,"07/28/2023 15:01",,https://www.facebook.com/reel/1006662546238822/,0,0,Reels,,,,,07/13/2023,0,,,,,,0,0,0,0,0,0.000,5.033
1024187352164980,100064197037125,"PC Merchandise","𝐀𝐌𝟓 𝐁𝐮𝐢𝐥𝐝 𝐋𝐢𝐦𝐢𝐭𝐞𝐝 𝐒𝐚𝐥𝐞! 🚨
Experience next-gen performance with our latest builds. PM for pricelist!",,40,"07/28/2023 15:01",,https://www.facebook.com/reel/1006662546238822/,0,0,Reels,,,,,07/14/2023,0,,,,,,0,0,0,0,0,0.000,4.825
1024187352164980,100064197037125,"PC Merchandise","𝐀𝐌𝟓 𝐁𝐮𝐢𝐥𝐝 𝐋𝐢𝐦𝐢𝐭𝐞𝐝 𝐒𝐚𝐥𝐞! 🚨
Experience next-gen performance with our latest builds. PM for pricelist!",,40,"07/28/2023 15:01",,https://www.facebook.com/reel/1006662546238822/,0,0,Reels,,,,,07/15/2023,0,,,,,,0,0,0,0,0,0.000,6.733
1024187352164980,100064197037125,"PC Merchandise","𝐀𝐌𝟓 𝐁𝐮𝐢𝐥𝐝 𝐋𝐢𝐦𝐢𝐭𝐞𝐝 𝐒𝐚𝐥𝐞! 🚨
Experience next-gen performance with our latest builds. PM for pricelist!",,40,"07/28/2023 15:01",,https://www.facebook.com/reel/1006662546238822/,0,0,Reels,,,,,07/16/2023,0,,,,,,0,0,0,0,0,0.000,4.639
1024187352164980,100064197037125,"PC Merchandise","𝐀𝐌𝟓 𝐁𝐮𝐢𝐥𝐝 𝐋𝐢𝐦𝐢𝐭𝐞𝐝 𝐒𝐚𝐥𝐞! 🚨
Experience next-gen performance with our latest builds. PM for pricelist!",,40,"07/28/2023 15:01",,https://www.facebook.com/reel/1006662546238822/,0,0,Reels,,,,,07/17/2023,0,,,,,,0,0,0,0,0,0.000,5.321
1024187352164980,100064197037125,"PC Merchandise","𝐀𝐌𝟓 𝐁𝐮𝐢𝐥𝐝 𝐋𝐢𝐦𝐢𝐭𝐞𝐝 𝐒𝐚𝐥𝐞! 🚨
Experience next-gen performance with our latest builds. PM for pricelist!",,40,"07/28/2023 15:01",,https://www.facebook.com/reel/1006662546238822/,0,0,Reels,,,,,07/18/2023,0,,,,,,0,0,0,0,0,0.000,4.167
1024187352164980,100064197037125,"PC Merchandise","𝐀𝐌𝟓 𝐁𝐮𝐢𝐥𝐝 𝐋𝐢𝐦𝐢𝐭𝐞𝐝 𝐒𝐚𝐥𝐞! 🚨
Experience next-gen performance with our latest builds. PM for pricelist!",,40,"07/28/2023 15:01",,https://www.facebook.com/reel/1006662546238822/,0,0,Reels,,,,,07/19/2023,0,,,,,,0,0,0,0,0,0.000,5.293
1024187352164980,100064197037125,"PC Merchandise","𝐀𝐌𝟓 𝐁𝐮𝐢𝐥𝐝 𝐋𝐢𝐦𝐢𝐭𝐞𝐝 𝐒𝐚𝐥𝐞! 🚨
Experience next-gen performance with our latest builds. PM for pricelist!",,40,"07/28/2023 15:01",,https://www.facebook.com/reel/1006662546238822/,0,0,Reels,,,,,07/20/2023,0,,,,,,0,0,0,0,0,0.000,5.418
1024187352164980,100064197037125,"PC Merchandise","𝐀𝐌𝟓 𝐁𝐮𝐢𝐥𝐝 𝐋𝐢𝐦𝐢𝐭𝐞𝐝 𝐒𝐚𝐥𝐞! 🚨
Experience next-gen performance with our latest builds. PM for pricelist!",,40,"07/28/2023 15:01",,https://www.facebook.com/reel/1006662546238822/,0,0,Reels,,,,,07/21/2023,0,,,,,,0,0,0,0,0,0.000,4.212
1024187352164980,100064197037125,"PC Merchandise","𝐀𝐌𝟓 𝐁𝐮𝐢𝐥𝐝 𝐋𝐢𝐦𝐢𝐭𝐞𝐝 𝐒𝐚𝐥𝐞! 🚨
Experience next-gen performance with our latest builds. PM for pricelist!",,40,"07/28/2023 15:01",,https://www.facebook.com/reel/1006662546238822/,0,0,Reels,,,,,07/22/2023,0,,,,,,0,0,0,0,0,0.000,5.732
1024187352164980,100064197037125,"PC Merchandise","𝐀𝐌𝟓 𝐁𝐮𝐢𝐥𝐝 𝐋𝐢𝐦𝐢𝐭𝐞𝐝 𝐒𝐚𝐥𝐞! 🚨
Experience next-gen performance with our latest builds. PM for pricelist!",,40,"07/28/2023 15:01",,https://www.facebook.com/reel/1006662546238822/,0,0,Reels,,,,,07/23/2023,0,,,,,,0,0,0,0,0,0.000,5.935
1024187352164980,100064197037125,"PC Merchandise","𝐀𝐌𝟓 𝐁𝐮𝐢𝐥𝐝 𝐋𝐢𝐦𝐢𝐭𝐞𝐝 𝐒𝐚𝐥𝐞! 🚨
Experience next-gen performance with our latest builds. PM for pricelist!",,40,"07/28/2023 15:01",,https://www.facebook.com/reel/1006662546238822/,0,0,Reels,,,,,07/24/2023,0,,,,,,0,0,0,0,0,0.000,5.820
1024187352164980,100064197037125,"PC Merchandise","𝐀𝐌𝟓 𝐁𝐮𝐢𝐥𝐝 𝐋𝐢𝐦𝐢𝐭𝐞𝐝 𝐒𝐚𝐥𝐞! 🚨
Experience next-gen performance with our latest builds. PM for pricelist!",,40,"07/28/2023 15:01",,https://www.facebook.com/reel/1006662546238822/,0,0,Reels,,,,,07/25/2023,0,,,,,,0,0,0,0,0,0.000,6.149
1024187352164980,100064197037125,"PC Merchandise","𝐀𝐌𝟓 𝐁𝐮𝐢𝐥𝐝 𝐋𝐢𝐦𝐢𝐭𝐞𝐝 𝐒𝐚𝐥𝐞! 🚨
Experience next-gen performance with our latest builds. PM for pricelist!",,40,"07/28/2023 15:01",,https://www.facebook.com/reel/1006662546238822/,0,0,Reels,,,,,07/26/2023,0,,,,,,0,0,0,0,0,0.000,4.586
1024187352164980,100064197037125,"PC Merchandise","𝐀𝐌𝟓 𝐁𝐮𝐢𝐥𝐝 𝐋𝐢𝐦𝐢𝐭𝐞𝐝 𝐒𝐚𝐥𝐞! 🚨
Experience next-gen performance with our latest builds. PM for pricelist!",,40,"07/28/2023 15:01",,https://www.facebook.com/reel/1006662546238822/,0,0,Reels,,,,,07/27/2023,0,,,,,,0,0,0,0,0,0.000,6.544
1024187352164980,100064197037125,"PC Merchandise","𝐀𝐌𝟓 𝐁𝐮𝐢𝐥𝐝 𝐋𝐢𝐦𝐢𝐭𝐞𝐝 𝐒𝐚𝐥𝐞! 🚨
Experience next-gen performance with our latest builds. PM for pricelist!",,40,"07/28/2023 15:01",,https://www.facebook.com/reel/1006662546238822/,0,0,Reels,,,,,07/28/2023,0,,,,,,0,0,2,2,0,228.923,5.097
1024187352164980,100064197037125,"PC Merchandise","𝐀𝐌𝟓 𝐁𝐮𝐢𝐥𝐝 𝐋𝐢𝐦𝐢𝐭𝐞𝐝 𝐒𝐚𝐥𝐞! 🚨
Experience next-gen performance with our latest builds. PM for pricelist!",,40,"07/28/2023 15:01",,https://www.facebook.com/reel/1006662546238822/,0,0,Reels,,,,,07/29/2023,0,,,,,,0,0,1,0,1,280.600,5.636
1024187352164980,100064197037125,"PC Merchandise","𝐀𝐌𝟓 𝐁𝐮𝐢𝐥𝐝 𝐋𝐢𝐦𝐢𝐭𝐞𝐝 𝐒𝐚𝐥𝐞! 🚨
Experience next-gen performance with our latest builds. PM for pricelist!",,40,"07/28/2023 15:01",,https://www.facebook.com/reel/1006662546238822/,0,0,Reels,,,,,07/30/2023,0,,,,,,0,0,1,0,1,176.814,6.022
1024187352164980,100064197037125,"PC Merchandise","𝐀𝐌𝟓 𝐁𝐮𝐢𝐥𝐝 𝐋𝐢𝐦𝐢𝐭𝐞𝐝 𝐒𝐚𝐥𝐞! 🚨
Experience next-gen performance with our latest builds. PM for pricelist!",,40,"07/28/2023 15:01",,https://www.facebook.com/reel/1006662546238822/,0,0,Reels,,,,,07/31/2023,0,,,,,,0,0,0,0,0,141.964,5.818
1024293868217204,100064197037125,"PC Merchandise","malas naman🥹",,0,"07/27/2023 19:30",,https://www.facebook.com/pcmerchandise.co/posts/pfbid0dKxdsMCK006PQJ4ZXIlS06bMJLU8PvRTEN7daTs1aWNOBJMiql4PH9vG,0,0,Photos,,,,,07/31/2023,0,,,,,,,,,,,,
1024293868217204,100064197037125,"PC Merchandise","malas naman🥹",,0,"07/27/2023 19:30",,https://www.facebook.com/pcmerchandise.co/posts/pfbid0dKxdsMCK006PQJ4ZXIlS06bMJLU8PvRTEN7daTs1aWNOBJMiql4PH9vG,0,0,Photos,,,,,07/01/2023,,,0,0,0,0,0,0,,,,,
1024293868217204,100064197037125,"PC Merchandise","malas naman🥹",,0,"07/27/2023 19:30",,https://www.facebook.com/pcmerchandise.co/posts/pfbid0dKxdsMCK006PQJ4ZXIlS06bMJLU8PvRTEN7daTs1aWNOBJMiql4PH9vG,0,0,Photos,,,,,07/02/2023,,,0,0,0,0,0,0,,,,,
1024293868217204,100064197037125,"PC Merchandise","malas naman🥹",,0,"07/27/2023 19:30",,https://www.facebook.com/pcmerchandise.co/posts/pfbid0dKxdsMCK006PQJ4ZXIlS06bMJLU8PvRTEN7daTs1aWNOBJMiql4PH9vG,0,0,Photos,,,,,07/03/2023,,,0,0,0,0,0,0,,,,,
1024293868217204,100064197037125,"PC Merchandise","malas naman🥹",,0,"07/27/2023 19:30",,https://www.facebook.com/pcmerchandise.co/posts/pfbid0dKxdsMCK006PQJ4ZXIlS06bMJLU8PvRTEN7daTs1aWNOBJMiql4PH9vG,0,0,Photos,,,,,07/04/2023,,,0,0,0,0,0,0,,,,,
1024293868217204,100064197037125,"PC Merchandise","malas naman🥹",,0,"07/27/2023 19:30",,https://www.facebook.com/pcmerchandise.co/posts/pfbid0dKxdsMCK006PQJ4ZXIlS06bMJLU8PvRTEN7daTs1aWNOBJMiql4PH9vG,0,0,Photos,,,,,07/05/2023,,,0,0,0,0,0,0,,,,,
1024293868217204,100064197037125,"PC Merchandise","malas naman🥹",,0,"07/27/2023 19:30",,https://www.facebook.com/pcmerchandise.co/posts/pfbid0dKxdsMCK006PQJ4ZXIlS06bMJLU8PvRTEN7daTs1aWNOBJMiql4PH9vG,0,0,Photos,,,,,07/06/2023,,,0,0,0,0,0,0,,,,,
1024293868217204,100064197037125,"PC Merchandise","malas naman🥹",,0,"07/27/2023 19:30",,https://www.facebook.com/pcmerchandise.co/posts/pfbid0dKxdsMCK006PQJ4ZXIlS06bMJLU8PvRTEN7daTs1aWNOBJMiql4PH9vG,0,0,Photos,,,,,07/07/2023,,,0,0,0,0,0,0,,,,,
1024293868217204,100064197037125,"PC Merchandise","malas naman🥹",,0,"07/27/2023 19:30",,https://www.facebook.com/pcmerchandise.co/posts/pfbid0dKxdsMCK006PQJ4ZXIlS06bMJLU8PvRTEN7daTs1aWNOBJMiql4PH9vG,0,0,Photos,,,,,07/08/2023,,,0,0,0,0,0,0,,,,,
1024293868217204,100064197037125,"PC Merchandise","malas naman🥹",,0,"07/27/2023 19:30",,https://www.facebook.com/pcmerchandise.co/posts/pfbid0dKxdsMCK006PQJ4ZXIlS06bMJLU8PvRTEN7daTs1aWNOBJMiql4PH9vG,0,0,Photos,,,,,07/09/2023,,,0,0,0,0,0,0,,,,,
1024293868217204,100064197037125,"PC Merchandise","malas naman🥹",,0,"07/27/2023 19:30",,https://www.facebook.com/pcmerchandise.co/posts/pfbid0dKxdsMCK006PQJ4ZXIlS06bMJLU8PvRTEN7daTs1aWNOBJMiql4PH9vG,0,0,Photos,,,,,07/10/2023,,,0,0,0,0,0,0,,,,,
1024293868217204,100064197037125,"PC Merchandise","malas naman🥹",,0,"07/27/2023 19:30",,https://www.facebook.com/pcmerchandise.co/posts/pfbid0dKxdsMCK006PQJ4ZXIlS06bMJLU8PvRTEN7daTs1aWNOBJMiql4PH9vG,0,0,Photos,,,,,07/11/2023,,,0,0,0,0,0,0,,,,,
1024293868217204,100064197037125,"PC Merchandise","malas naman🥹",,0,"07/27/2023 19:30",,https://www.facebook.com/pcmerchandise.co/posts/pfbid0dKxdsMCK006PQJ4ZXIlS06bMJLU8PvRTEN7daTs1aWNOBJMiql4PH9vG,0,0,Photos,,,,,07/12/2023,,,0,0,0,0,0,0,,,,,
1024293868217204,100064197037125,"PC Merchandise","malas naman🥹",,0,"07/27/2023 19:30",,https://www.facebook.com/pcmerchandise.co/posts/pfbid0dKxdsMCK006PQJ4ZXIlS06bMJLU8PvRTEN7daTs1aWNOBJMiql4PH9vG,0,0,Photos,,,,,07/13/2023,,,0,0,0,0,0,0,,,,,
1024293868217204,100064197037125,"PC Merchandise","malas naman🥹",,0,"07/27/2023 19:30",,https://www.facebook.com/pcmerchandise.co/posts/pfbid0dKxdsMCK006PQJ4ZXIlS06bMJLU8PvRTEN7daTs1aWNOBJMiql4PH9vG,0,0,Photos,,,,,07/14/2023,,,0,0,0,0,0,0,,,,,
1024293868217204,100064197037125,"PC Merchandise","malas naman🥹",,0,"07/27/2023 19:30",,https://www.facebook.com/pcmerchandise.co/posts/pfbid0dKxdsMCK006PQJ4ZXIlS06bMJLU8PvRTEN7daTs1aWNOBJMiql4PH9vG,0,0,Photos,,,,,07/15/2023,,,0,0,0,0,0,0,,,,,
1024293868217204,100064197037125,"PC Merchandise","malas naman🥹",,0,"07/27/2023 19:30",,https://www.facebook.com/pcmerchandise.co/posts/pfbid0dKxdsMCK006PQJ4ZXIlS06bMJLU8PvRTEN7daTs1aWNOBJMiql4PH9vG,0,0,Photos,,,,,07/16/2023,,,0,0,0,0,0,0,,,,,
1024293868217204,100064197037125,"PC Merchandise","malas naman🥹",,0,"07/27/2023 19:30",,https://www.facebook.com/pcmerchandise.co/posts/pfbid0dKxdsMCK006PQJ4ZXIlS06bMJLU8PvRTEN7daTs1aWNOBJMiql4PH9vG,0,0,Photos,,,,,07/17/2023,,,0,0,0,0,0,0,,,,,
1024293868217204,100064197037125,"PC Merchandise","malas naman🥹",,0,"07/27/2023 19:30",,https://www.facebook.com/pcmerchandise.co/posts/pfbid0dKxdsMCK006PQJ4ZXIlS06bMJLU8PvRTEN7daTs1aWNOBJMiql4PH9vG,0,0,Photos,,,,,07/18/2023,,,0,0,0,0,0,0,,,,,
1024293868217204,100064197037125,"PC Merchandise","malas naman🥹",,0,"07/27/2023 19:30",,https://www.facebook.com/pcmerchandise.co/posts/pfbid0dKxdsMCK006PQJ4ZXIlS06bMJLU8PvRTEN7daTs1aWNOBJMiql4PH9vG,0,0,Photos,,,,,07/19/2023,,,0,0,0,0,0,0,,,,,
1024293868217204,100064197037125,"PC Merchandise","malas naman🥹",,0,"07/27/2023 19:30",,https://www.facebook.com/pcmerchandise.co/posts/pfbid0dKxdsMCK006PQJ4ZXIlS06bMJLU8PvRTEN7daTs1aWNOBJMiql4PH9vG,0,0,Photos,,,,,07/20/2023,,,0,0,0,0,0,0,,,,,
1024293868217204,100064197037125,"PC Merchandise","malas naman🥹",,0,"07/27/2023 19:30",,https://www.facebook.com/pcmerchandise.co/posts/pfbid0dKxdsMCK006PQJ4ZXIlS06bMJLU8PvRTEN7daTs1aWNOBJMiql4PH9vG,0,0,Photos,,,,,07/21/2023,,,0,0,0,0,0,0,,,,,
1024293868217204,100064197037125,"PC Merchandise","malas naman🥹",,0,"07/27/2023 19:30",,https://www.facebook.com/pcmerchandise.co/posts/pfbid0dKxdsMCK006PQJ4ZXIlS06bMJLU8PvRTEN7daTs1aWNOBJMiql4PH9vG,0,0,Photos,,,,,07/22/2023,,,0,0,0,0,0,0,,,,,
1024293868217204,100064197037125,"PC Merchandise","malas naman🥹",,0,"07/27/2023 19:30",,https://www.facebook.com/pcmerchandise.co/posts/pfbid0dKxdsMCK006PQJ4ZXIlS06bMJLU8PvRTEN7daTs1aWNOBJMiql4PH9vG,0,0,Photos,,,,,07/23/2023,,,0,0,0,0,0,0,,,,,
1024293868217204,100064197037125,"PC Merchandise","malas naman🥹",,0,"07/27/2023 19:30",,https://www.facebook.com/pcmerchandise.co/posts/pfbid0dKxdsMCK006PQJ4ZXIlS06bMJLU8PvRTEN7daTs1aWNOBJMiql4PH9vG,0,0,Photos,,,,,07/24/2023,,,0,0,0,0,0,0,,,,,
1024293868217204,100064197037125,"PC Merchandise","malas naman🥹",,0,"07/27/2023 19:30",,https://www.facebook.com/pcmerchandise.co/posts/pfbid0dKxdsMCK006PQJ4ZXIlS06bMJLU8PvRTEN7daTs1aWNOBJMiql4PH9vG,0,0,Photos,,,,,07/25/2023,,,0,0,0,0,0,0,,,,,
1024293868217204,100064197037125,"PC Merchandise","malas naman🥹",,0,"07/27/2023 19:30",,https://www.facebook.com/pcmerchandise.co/posts/pfbid0dKxdsMCK006PQJ4ZXIlS06bMJLU8PvRTEN7daTs1aWNOBJMiql4PH9vG,0,0,Photos,,,,,07/26/2023,,,0,0,0,0,0,0,,,,,
1024293868217204,100064197037125,"PC Merchandise","malas naman🥹",,0,"07/27/2023 19:30",,https://www.facebook.com/pcmerchandise.co/posts/pfbid0dKxdsMCK006PQJ4ZXIlS06bMJLU8PvRTEN7daTs1aWNOBJMiql4PH9vG,0,0,Photos,,,,,07/27/2023,,,0,0,0,0,0,0,,,,,
1024293868217204,100064197037125,"PC Merchandise","malas naman🥹",,0,"07/27/2023 19:30",,https://www.facebook.com/pcmerchandise.co/posts/pfbid0dKxdsMCK006PQJ4ZXIlS06bMJLU8PvRTEN7daTs1aWNOBJMiql4PH9vG,0,0,Photos,,,,,07/28/2023,,,0,0,0,0,0,0,,,,,
1024293868217204,100064197037125,"PC Merchandise","malas naman🥹",,0,"07/27/2023 19:30",,https://www.facebook.com/pcmerchandise.co/posts/pfbid0dKxdsMCK006PQJ4ZXIlS06bMJLU8PvRTEN7daTs1aWNOBJMiql4PH9vG,0,0,Photos,,,,,07/29/2023,,,0,0,0,0,0,0,,,,,
1024293868217204,100064197037125,"PC Merchandise","malas naman🥹",,0,"07/27/2023 19:30",,https://www.facebook.com/pcmerchandise.co/posts/pfbid0dKxdsMCK006PQJ4ZXIlS06bMJLU8PvRTEN7daTs1aWNOBJMiql4PH9vG,0,0,Photos,,,,,07/30/2023,,,0,0,0,0,0,0,,,,,
1024293868217204,100064197037125,"PC Merchandise","malas naman🥹",,0,"07/27/2023 19:30",,https://www.facebook.com/pcmerchandise.co/posts/pfbid0dKxdsMCK006PQJ4ZXIlS06bMJLU8PvRTEN7daTs1aWNOBJMiql4PH9vG,0,0,Photos,,,,,07/31/2023,,,0,0,0,0,0,0,,,,,
1024772180220628,100064197037125,"PC Merchandise","malas naman🥹",,90,"07/27/2023 00:26",,https://www.facebook.com/reel/1981931260089534/,0,0,Reels,,,,,07/01/2023,0,,,,,,0,0,0,0,0,0.000,4.376
1024772180220628,100064197037125,"PC Merchandise","malas naman🥹",,90,"07/27/2023 00:26",,https://www.facebook.com/reel/1981931260089534/,0,0,Reels,,,,,07/02/2023,0,,,,,,0,0,0,0,0,0.000,3.528
1024772180220628,100064197037125,"PC Merchandise","malas naman🥹",,90,"07/27/2023 00:26",,https://www.facebook.com/reel/1981931260089534/,0,0,Reels,,,,,07/03/2023,0,,,,,,0,0,0,0,0,0.000,4.572
1024772180220628,100064197037125,"PC Merchandise","malas naman🥹",,90,"07/27/2023 00:26",,https://www.facebook.com/reel/1981931260089534/,0,0,Reels,,,,,07/04/2023,0,,,,,,0,0,0,0,0,0.000,4.128
1024772180220628,100064197037125,"PC Merchandise","malas naman🥹",,90,"07/27/2023 00:26",,https://www.facebook.com/reel/1981931260089534/,0,0,Reels,,,,,07/05/2023,0,,,,,,0,0,0,0,0,0.000,4.815
1024772180220628,100064197037125,"PC Merchandise","malas naman🥹",,90,"07/27/2023 00:26",,https://www.facebook.com/reel/1981931260089534/,0,0,Reels,,,,,07/06/2023,0,,,,,,0,0,0,0,0,0.000,5.795
1024772180220628,100064197037125,"PC Merchandise","malas naman🥹",,90,"07/27/2023 00:26",,https://www.facebook.com/reel/1981931260089534/,0,0,Reels,,,,,07/07/2023,0,,,,,,0,0,0,0,0,0.000,5.437
1024772180220628,100064197037125,"PC Merchandise","malas naman🥹",,90,"07/27/2023 00:26",,https://www.facebook.com/reel/1981931260089534/,0,0,Reels,,,,,07/08/2023,0,,,,,,0,0,0,0,0,0.000,4.550
1024772180220628,100064197037125,"PC Merchandise","malas naman🥹",,90,"07/27/2023 00:26",,https://www.facebook.com/reel/1981931260089534/,0,0,Reels,,,,,07/09/2023,0,,,,,,0,0,0,0,0,0.000,4.904
1024772180220628,100064197037125,"PC Merchandise","malas naman🥹",,90,"07/27/2023 00:26",,https://www.facebook.com/reel/1981931260089534/,0,0,Reels,,,,,07/10/2023,0,,,,,,0,0,0,0,0,0.000,4.384
1024772180220628,100064197037125,"PC Merchandise","malas naman🥹",,90,"07/27/2023 00:26",,https://www.facebook.com/reel/1981931260089534/,0,0,Reels,,,,,07/11/2023,0,,,,,,0,0,0,0,0,0.000,6.932
1024772180220628,100064197037125,"PC Merchandise","malas naman🥹",,90,"07/27/2023 00:26",,https://www.facebook.com/reel/1981931260089534/,0,0,Reels,,,,,07/12/2023,0,,,,,,0,0,0,0,0,0.000,3.512
1024772180220628,100064197037125,"PC Merchandise","malas naman🥹",,90,"07/27/2023 00:26",,https://www.facebook.com/reel/1981931260089534/,0,0,Reels,,,,,07/13/2023,0,,,,,,0,0,0,0,0,0.000,5.413
1024772180220628,100064197037125,"PC Merchandise","malas naman🥹",,90,"07/27/2023 00:26",,https://www.facebook.com/reel/1981931260089534/,0,0,Reels,,,,,07/14/2023,0,,,,,,0,0,0,0,0,0.000,4.358
1024772180220628,100064197037125,"PC Merchandise","malas naman🥹",,90,"07/27/2023 00:26",,https://www.facebook.com/reel/1981931260089534/,0,0,Reels,,,,,07/15/2023,0,,,,,,0,0,0,0,0,0.000,5.161
1024772180220628,100064197037125,"PC Merchandise","malas naman🥹",,90,"07/27/2023 00:26",,https://www.facebook.com/reel/1981931260089534/,0,0,Reels,,,,,07/16/2023,0,,,,,,0,0,0,0,0,0.000,5.414
1024772180220628,100064197037125,"PC Merchandise","malas naman🥹",,90,"07/27/2023 00:26",,https://www.facebook.com/reel/1981931260089534/,0,0,Reels,,,,,07/17/2023,0,,,,,,0,0,0,0,0,0.000,4.993
1024772180220628,100064197037125,"PC Merchandise","malas naman🥹",,90,"07/27/2023 00:26",,https://www.facebook.com/reel/1981931260089534/,0,0,Reels,,,,,07/18/2023,0,,,,,,0,0,0,0,0,0.000,4.331
1024772180220628,100064197037125,"PC Merchandise","malas naman🥹",,90,"07/27/2023 00:26",,https://www.facebook.com/reel/1981931260089534/,0,0,Reels,,,,,07/19/2023,0,,,,,,0,0,0,0,0,0.000,4.742
1024772180220628,100064197037125,"PC Merchandise","malas naman🥹",,90,"07/27/2023 00:26",,https://www.facebook.com/reel/1981931260089534/,0,0,Reels,,,,,07/20/2023,0,,,,,,0,0,0,0,0,0.000,4.430
1024772180220628,100064197037125,"PC Merchandise","malas naman🥹",,90,"07/27/2023 00:26",,https://www.facebook.com/reel/1981931260089534/,0,0,Reels,,,,,07/21/2023,0,,,,,,0,0,0,0,0,0.000,4.714
1024772180220628,100064197037125,"PC Merchandise","malas naman🥹",,90,"07/27/2023 00:26",,https://www.facebook.com/reel/1981931260089534/,0,0,Reels,,,,,07/22/2023,0,,,,,,0,0,0,0,0,0.000,5.046
1024772180220628,100064197037125,"PC Merchandise","malas naman🥹",,90,"07/27/2023 00:26",,https://www.facebook.com/reel/1981931260089534/,0,0,Reels,,,,,07/23/2023,0,,,,,,0,0,0,0,0,0.000,4.554
1024772180220628,100064197037125,"PC Merchandise","malas naman🥹",,90,"07/27/2023 00:26",,https://www.facebook.com/reel/1981931260089534/,0,0,Reels,,,,,07/24/2023,0,,,,,,0,0,0,0,0,0.000,3.886
1024772180220628,100064197037125,"PC Merchandise","malas naman🥹",,90,"07/27/2023 00:26",,https://www.facebook.com/reel/1981931260089534/,0,0,Reels,,,,,07/25/2023,0,,,,,,0,0,0,0,0,0.000,4.145
1024772180220628,100064197037125,"PC Merchandise","malas naman🥹",,90,"07/27/2023 00:26",,https://www.facebook.com/reel/1981931260089534/,0,0,Reels,,,,,07/26/2023,0,,,,,,0,0,0,0,0,0.000,6.142
1024772180220628,100064197037125,"PC Merchandise","malas naman🥹",,90,"07/27/2023 00:26",,https://www.facebook.com/reel/1981931260089534/,0,0,Reels,,,,,07/27/2023,0,,,,,,124,0,0,0,0,1833.215,4.349
1024772180220628,100064197037125,"PC Merchandise","malas naman🥹",,90,"07/27/2023 00:26",,https://www.facebook.com/reel/1981931260089534/,0,0,Reels,,,,,07/28/2023,0,,,,,,138,0,0,0,0,889.411,4.934
1024772180220628,100064197037125,"PC Merchandise","malas naman🥹",,90,"07/27/2023 00:26",,https://www.facebook.com/reel/1981931260089534/,0,0,Reels,,,,,07/29/2023,0,,,,,,121,0,0,0,0,1141.685,5.062
1024772180220628,100064197037125,"PC Merchandise","malas naman🥹",,90,"07/27/2023 00:26",,https://www.facebook.com/reel/1981931260089534/,0,0,Reels,,,,,07/30/2023,0,,,,,,117,0,0,0,0,768.978,5.758
1024772180220628,100064197037125,"PC Merchandise","malas naman🥹",,90,"07/27/2023 00:26",,https://www.facebook.com/reel/1981931260089534/,0,0,Reels,,,,,07/31/2023,0,,,,,,126,0,0,0,0,309.513,3.111
1024781829248177,100064197037125,"PC Merchandise","Sulit na sulit! RYZEN 5 5600G package, ready for pickup or shipping nationwide 🚚",,0,"07/26/2023 19:01",,https://www.facebook.com/pcmerchandise.co/posts/pfbid07BBuIfW2cHKTP9Kmbu6V1FAUaU3GZ8DJvoUQLRG786FoSEeYkY0OMacY,0,0,Photos,,,,,07/31/2023,0,,,,,,,,,,,,
1024781829248177,100064197037125,"PC Merchandise","Sulit na sulit! RYZEN 5 5600G package, ready for pickup or shipping nationwide 🚚",,0,"07/26/2023 19:01",,https://www.facebook.com/pcmerchandise.co/posts/pfbid07BBuIfW2cHKTP9Kmbu6V1FAUaU3GZ8DJvoUQLRG786FoSEeYkY0OMacY,0,0,Photos,,,,,07/01/2023,,,0,0,0,0,0,0,,,,,
1024781829248177,100064197037125,"PC Merchandise","Sulit na sulit! RYZEN 5 5600G package, ready for pickup or shipping nationwide 🚚",,0,"07/26/2023 19:01",,https://www.facebook.com/pcmerchandise.co/posts/pfbid07BBuIfW2cHKTP9Kmbu6V1FAUaU3GZ8DJvoUQLRG786FoSEeYkY0OMacY,0,0,Photos,,,,,07/02/2023,,,0,0,0,0,0,0,,,,,
1024781829248177,100064197037125,"PC Merchandise","Sulit na sulit! RYZEN 5 5600G package, ready for pickup or shipping nationwide 🚚",,0,"07/26/2023 19:01",,https://www.facebook.com/pcmerchandise.co/posts/pfbid07BBuIfW2cHKTP9Kmbu6V1FAUaU3GZ8DJvoUQLRG786FoSEeYkY0OMacY,0,0,Photos,,,,,07/03/2023,,,0,0,0,0,0,0,,,,,
1024781829248177,100064197037125,"PC Merchandise","Sulit na sulit! RYZEN 5 5600G package, ready for pickup or shipping nationwide 🚚",,0,"07/26/2023 19:01",,https://www.facebook.com/pcmerchandise.co/posts/pfbid07BBuIfW2cHKTP9Kmbu6V1FAUaU3GZ8DJvoUQLRG786FoSEeYkY0OMacY,0,0,Photos,,,,,07/04/2023,,,0,0,0,0,0,0,,,,,
1024781829248177,100064197037125,"PC Merchandise","Sulit na sulit! RYZEN 5 5600G package, ready for pickup or shipping nationwide 🚚",,0,"07/26/2023 19:01",,https://www.facebook.com/pcmerchandise.co/posts/pfbid07BBuIfW2cHKTP9Kmbu6V1FAUaU3GZ8DJvoUQLRG786FoSEeYkY0OMacY,0,0,Photos,,,,,07/05/2023,,,0,0,0,0,0,0,,,,,
1024781829248177,100064197037125,"PC Merchandise","Sulit na sulit! RYZEN 5 5600G package, ready for pickup or shipping nationwide 🚚",,0,"07/26/2023 19:01",,https://www.facebook.com/pcmerchandise.co/posts/pfbid07BBuIfW2cHKTP9Kmbu6V1FAUaU3GZ8DJvoUQLRG786FoSEeYkY0OMacY,0,0,Photos,,,,,07/06/2023,,,0,0,0,0,0,0,,,,,
1024781829248177,100064197037125,"PC Merchandise","Sulit na sulit! RYZEN 5 5600G package, ready for pickup or shipping nationwide 🚚",,0,"07/26/2023 19:01",,https://www.facebook.com/pcmerchandise.co/posts/pfbid07BBuIfW2cHKTP9Kmbu6V1FAUaU3GZ8DJvoUQLRG786FoSEeYkY0OMacY,0,0,Photos,,,,,07/07/2023,,,0,0,0,0,0,0,,,,,
1024781829248177,100064197037125,"PC Merchandise","Sulit na sulit! RYZEN 5 5600G package, ready for pickup or shipping nationwide 🚚",,0,"07/26/2023 19:01",,https://www.facebook.com/pcmerchandise.co/posts/pfbid07BBuIfW2cHKTP9Kmbu6V1FAUaU3GZ8DJvoUQLRG786FoSEeYkY0OMacY,0,0,Photos,,,,,07/08/2023,,,0,0,0,0,0,0,,,,,
1024781829248177,100064197037125,"PC Merchandise","Sulit na sulit! RYZEN 5 5600G package, ready for pickup or shipping nationwide 🚚",,0,"07/26/2023 19:01",,https://www.facebook.com/pcmerchandise.co/posts/pfbid07BBuIfW2cHKTP9Kmbu6V1FAUaU3GZ8DJvoUQLRG786FoSEeYkY0OMacY,0,0,Photos,,,,,07/09/2023,,,0,0,0,0,0,0,,,,,
1024781829248177,100064197037125,"PC Merchandise","Sulit na sulit! RYZEN 5 5600G package, ready for pickup or shipping nationwide 🚚",,0,"07/26/2023 19:01",,https://www.facebook.com/pcmerchandise.co/posts/pfbid07BBuIfW2cHKTP9Kmbu6V1FAUaU3GZ8DJvoUQLRG786FoSEeYkY0OMacY,0,0,Photos,,,,,07/10/2023,,,0,0,0,0,0,0,,,,,
1024781829248177,100064197037125,"PC Merchandise","Sulit na sulit! RYZEN 5 5600G package, ready for pickup or shipping nationwide 🚚",,0,"07/26/2023 19:01",,https://www.facebook.com/pcmerchandise.co/posts/pfbid07BBuIfW2cHKTP9Kmbu6V1FAUaU3GZ8DJvoUQLRG786FoSEeYkY0OMacY,0,0,Photos,,,,,07/11/2023,,,0,0,0,0,0,0,,,,,
1024781829248177,100064197037125,"PC Merchandise","Sulit na sulit! RYZEN 5 5600G package, ready for pickup or shipping nationwide 🚚",,0,"07/26/2023 19:01",,https://www.facebook.com/pcmerchandise.co/posts/pfbid07BBuIfW2cHKTP9Kmbu6V1FAUaU3GZ8DJvoUQLRG786FoSEeYkY0OMacY,0,0,Photos,,,,,07/12/2023,,,0,0,0,0,0,0,,,,,
1024781829248177,100064197037125,"PC Merchandise","Sulit na sulit! RYZEN 5 5600G package, ready for pickup or shipping nationwide 🚚",,0,"07/26/2023 19:01",,https://www.facebook.com/pcmerchandise.co/posts/pfbid07BBuIfW2cHKTP9Kmbu6V1FAUaU3GZ8DJvoUQLRG786FoSEeYkY0OMacY,0,0,Photos,,,,,07/13/2023,,,0,0,0,0,0,0,,,,,
1024781829248177,100064197037125,"PC Merchandise","Sulit na sulit! RYZEN 5 5600G package, ready for pickup or shipping nationwide 🚚",,0,"07/26/2023 19:01",,https://www.facebook.com/pcmerchandise.co/posts/pfbid07BBuIfW2cHKTP9Kmbu6V1FAUaU3GZ8DJvoUQLRG786FoSEeYkY0OMacY,0,0,Photos,,,,,07/14/2023,,,0,0,0,0,0,0,,,,,
1024781829248177,100064197037125,"PC Merchandise","Sulit na sulit! RYZEN 5 5600G package, ready for pickup or shipping nationwide 🚚",,0,"07/26/2023 19:01",,https://www.facebook.com/pcmerchandise.co/posts/pfbid07BBuIfW2cHKTP9Kmbu6V1FAUaU3GZ8DJvoUQLRG786FoSEeYkY0OMacY,0,0,Photos,,,,,07/15/2023,,,0,0,0,0,0,0,,,,,
1024781829248177,100064197037125,"PC Merchandise","Sulit na sulit! RYZEN 5 5600G package, ready for pickup or shipping nationwide 🚚",,0,"07/26/2023 19:01",,https://www.facebook.com/pcmerchandise.co/posts/pfbid07BBuIfW2cHKTP9Kmbu6V1FAUaU3GZ8DJvoUQLRG786FoSEeYkY0OMacY,0,0,Photos,,,,,07/16/2023,,,0,0,0,0,0,0,,,,,
1024781829248177,100064197037125,"PC Merchandise","Sulit na sulit! RYZEN 5 5600G package, ready for pickup or shipping nationwide 🚚",,0,"07/26/2023 19:01",,https://www.facebook.com/pcmerchandise.co/posts/pfbid07BBuIfW2cHKTP9Kmbu6V1FAUaU3GZ8DJvoUQLRG786FoSEeYkY0OMacY,0,0,Photos,,,,,07/17/2023,,,0,0,0,0,0,0,,,,,
1024781829248177,100064197037125,"PC Merchandise","Sulit na sulit! RYZEN 5 5600G package, ready for pickup or shipping nationwide 🚚",,0,"07/26/2023 19:01",,https://www.facebook.com/pcmerchandise.co/posts/pfbid07BBuIfW2cHKTP9Kmbu6V1FAUaU3GZ8DJvoUQLRG786FoSEeYkY0OMacY,0,0,Photos,,,,,07/18/2023,,,0,0,0,0,0,0,,,,,
1024781829248177,100064197037125,"PC Merchandise","Sulit na sulit! RYZEN 5 5600G package, ready for pickup or shipping nationwide 🚚",,0,"07/26/2023 19:01",,https://www.facebook.com/pcmerchandise.co/posts/pfbid07BBuIfW2cHKTP9Kmbu6V1FAUaU3GZ8DJvoUQLRG786FoSEeYkY0OMacY,0,0,Photos,,,,,07/19/2023,,,0,0,0,0,0,0,,,,,
1024781829248177,100064197037125,"PC Merchandise","Sulit na sulit! RYZEN 5 5600G package, ready for pickup or shipping nationwide 🚚",,0,"07/26/2023 19:01",,https://www.facebook.com/pcmerchandise.co/posts/pfbid07BBuIfW2cHKTP9Kmbu6V1FAUaU3GZ8DJvoUQLRG786FoSEeYkY0OMacY,0,0,Photos,,,,,07/20/2023,,,0,0,0,0,0,0,,,,,
1024781829248177,100064197037125,"PC Merchandise","Sulit na sulit! RYZEN 5 5600G package, ready for pickup or shipping nationwide 🚚",,0,"07/26/2023 19:01",,https://www.facebook.com/pcmerchandise.co/posts/pfbid07BBuIfW2cHKTP9Kmbu6V1FAUaU3GZ8DJvoUQLRG786FoSEeYkY0OMacY,0,0,Photos,,,,,07/21/2023,,,0,0,0,0,0,0,,,,,
1024781829248177,100064197037125,"PC Merchandise","Sulit na sulit! RYZEN 5 5600G package, ready for pickup or shipping nationwide 🚚",,0,"07/26/2023 19:01",,https://www.facebook.com/pcmerchandise.co/posts/pfbid07BBuIfW2cHKTP9Kmbu6V1FAUaU3GZ8DJvoUQLRG786FoSEeYkY0OMacY,0,0,Photos,,,,,07/22/2023,,,0,0,0,0,0,0,,,,,
1024781829248177,100064197037125,"PC Merchandise","Sulit na sulit! RYZEN 5 5600G package, ready for pickup or shipping nationwide 🚚",,0,"07/26/2023 19:01",,https://www.facebook.com/pcmerchandise.co/posts/pfbid07BBuIfW2cHKTP9Kmbu6V1FAUaU3GZ8DJvoUQLRG786FoSEeYkY0OMacY,0,0,Photos,,,,,07/23/2023,,,0,0,0,0,0,0,,,,,
1024781829248177,100064197037125,"PC Merchandise","Sulit na sulit! RYZEN 5 5600G package, ready for pickup or shipping nationwide 🚚",,0,"07/26/2023 19:01",,https://www.facebook.com/pcmerchandise.co/posts/pfbid07BBuIfW2cHKTP9Kmbu6V1FAUaU3GZ8DJvoUQLRG786FoSEeYkY0OMacY,0,0,Photos,,,,,07/24/2023,,,0,0,0,0,0,0,,,,,
1024781829248177,100064197037125,"PC Merchandise","Sulit na sulit! RYZEN 5 5600G package, ready for pickup or shipping nationwide 🚚",,0,"07/26/2023 19:01",,https://www.facebook.com/pcmerchandise.co/posts/pfbid07BBuIfW2cHKTP9Kmbu6V1FAUaU3GZ8DJvoUQLRG786FoSEeYkY0OMacY,0,0,Photos,,,,,07/25/2023,,,0,0,0,0,0,0,,,,,
1024781829248177,100064197037125,"PC Merchandise","Sulit na sulit! RYZEN 5 5600G package, ready for pickup or shipping nationwide 🚚",,0,"07/26/2023 19:01",,https://www.facebook.com/pcmerchandise.co/posts/pfbid07BBuIfW2cHKTP9Kmbu6V1FAUaU3GZ8DJvoUQLRG786FoSEeYkY0OMacY,0,0,Photos,,,,,07/26/2023,,,0,0,0,0,0,0,,,,,
1024781829248177,100064197037125,"PC Merchandise","Sulit na sulit! RYZEN 5 5600G package, ready for pickup or shipping nationwide 🚚",,0,"07/26/2023 19:01",,https://www.facebook.com/pcmerchandise.co/posts/pfbid07BBuIfW2cHKTP9Kmbu6V1FAUaU3GZ8DJvoUQLRG786FoSEeYkY0OMacY,0,0,Photos,,,,,07/27/2023,,,0,0,0,0,0,0,,,,,
1024781829248177,100064197037125,"PC Merchandise","Sulit na sulit! RYZEN 5 5600G package, ready for pickup or shipping nationwide 🚚",,0,"07/26/2023 19:01",,https://www.facebook.com/pcmerchandise.co/posts/pfbid07BBuIfW2cHKTP9Kmbu6V1FAUaU3GZ8DJvoUQLRG786FoSEeYkY0OMacY,0,0,Photos,,,,,07/28/2023,,,0,0,0,0,0,0,,,,,
1024781829248177,100064197037125,"PC Merchandise","Sulit na sulit! RYZEN 5 5600G package, ready for pickup or shipping nationwide 🚚",,0,"07/26/2023 19:01",,https://www.facebook.com/pcmerchandise.co/posts/pfbid07BBuIfW2cHKTP9Kmbu6V1FAUaU3GZ8DJvoUQLRG786FoSEeYkY0OMacY,0,0,Photos,,,,,07/29/2023,,,0,0,0,0,0,0,,,,,
1024781829248177,100064197037125,"PC Merchandise","Sulit na sulit! RYZEN 5 5600G package, ready for pickup or shipping nationwide 🚚",,0,"07/26/2023 19:01",,https://www.facebook.com/pcmerchandise.co/posts/pfbid07BBuIfW2cHKTP9Kmbu6V1FAUaU3GZ8DJvoUQLRG786FoSEeYkY0OMacY,0,0,Photos,,,,,07/30/2023,,,0,0,0,0,0,0,,,,,
1024781829248177,100064197037125,"PC Merchandise","Sulit na sulit! RYZEN 5 5600G package, ready for pickup or shipping nationwide 🚚",,0,"07/26/2023 19:01",,https://www.facebook.com/pcmerchandise.co/posts/pfbid07BBuIfW2cHKTP9Kmbu6V1FAUaU3GZ8DJvoUQLRG786FoSEeYkY0OMacY,0,0,Photos,,,,,07/31/2023,,,0,0,0,0,0,0,,,,,
1024133767663857,100064197037125,"PC Merchandise","𝐢𝟑 𝟏𝟐𝟏𝟎𝟎𝐅 w/ 𝐑𝐓𝐗 𝟑𝟎𝟓𝟎
𝐆𝐀𝐌𝐈𝐍𝐆 𝐁𝐔𝐈𝐋𝐃
#PCMERCHANDISE #PCMBUILDS",,63,"07/26/2023 17:00",mixed,https://www.facebook.com/reel/1985143552971079/,1,0,Reels,,,,,07/01/2023,0,,,,,,0,0,0,0,0,0.000,2.618
1024133767663857,100064197037125,"PC Merchandise","𝐢𝟑 𝟏𝟐𝟏𝟎𝟎𝐅 w/ 𝐑𝐓𝐗 𝟑𝟎𝟓𝟎
𝐆𝐀𝐌𝐈𝐍𝐆 𝐁𝐔𝐈𝐋𝐃
#PCMERCHANDISE #PCMBUILDS",,63,"07/26/2023 17:00",mixed,https://www.facebook.com/reel/1985143552971079/,1,0,Reels,,,,,07/02/2023,0,,,,,,0,0,0,0,0,0.000,3.971
1024133767663857,100064197037125,"PC Merchandise","𝐢𝟑 𝟏𝟐𝟏𝟎𝟎𝐅 w/ 𝐑𝐓𝐗 𝟑𝟎𝟓𝟎
𝐆𝐀𝐌𝐈𝐍𝐆 𝐁𝐔𝐈𝐋𝐃
#PCMERCHANDISE #PCMBUILDS",,63,"07/26/2023 17:00",mixed,https://www.facebook.com/reel/1985143552971079/,1,0,Reels,,,,,07/03/2023,0,,,,,,0,0,0,0,0,0.000,3.016
1024133767663857,100064197037125,"PC Merchandise","𝐢𝟑 𝟏𝟐𝟏𝟎𝟎𝐅 w/ 𝐑𝐓𝐗 𝟑𝟎𝟓𝟎
𝐆𝐀𝐌𝐈𝐍𝐆 𝐁𝐔𝐈𝐋𝐃
#PCMERCHANDISE #PCMBUILDS",,63,"07/26/2023 17:00",mixed,https://www.facebook.com/reel/1985143552971079/,1,0,Reels,,,,,07/04/2023,0,,,,,,0,0,0,0,0,0.000,4.400
1024133767663857,100064197037125,"PC Merchandise","𝐢𝟑 𝟏𝟐𝟏𝟎𝟎𝐅 w/ 𝐑𝐓𝐗 𝟑𝟎𝟓𝟎
𝐆𝐀𝐌𝐈𝐍𝐆 𝐁𝐔𝐈𝐋𝐃
#PCMERCHANDISE #PCMBUILDS",,63,"07/26/2023 17:00",mixed,https://www.facebook.com/reel/1985143552971079/,1,0,Reels,,,,,07/05/2023,0,,,,,,0,0,0,0,0,0.000,4.891
1024133767663857,100064197037125,"PC Merchandise","𝐢𝟑 𝟏𝟐𝟏𝟎𝟎𝐅 w/ 𝐑𝐓𝐗 𝟑𝟎𝟓𝟎
𝐆𝐀𝐌𝐈𝐍𝐆 𝐁𝐔𝐈𝐋𝐃
#PCMERCHANDISE #PCMBUILDS",,63,"07/26/2023 17:00",mixed,https://www.facebook.com/reel/1985143552971079/,1,0,Reels,,,,,07/06/2023,0,,,,,,0,0,0,0,0,0.000,4.201
1024133767663857,100064197037125,"PC Merchandise","𝐢𝟑 𝟏𝟐𝟏𝟎𝟎𝐅 w/ 𝐑𝐓𝐗 𝟑𝟎𝟓𝟎
𝐆𝐀𝐌𝐈𝐍𝐆 𝐁𝐔𝐈𝐋𝐃
#PCMERCHANDISE #PCMBUILDS",,63,"07/26/2023 17:00",mixed,https://www.facebook.com/reel/1985143552971079/,1,0,Reels,,,,,07/07/2023,0,,,,,,0,0,0,0,0,0.000,3.467
1024133767663857,100064197037125,"PC Merchandise","𝐢𝟑 𝟏𝟐𝟏𝟎𝟎𝐅 w/ 𝐑𝐓𝐗 𝟑𝟎𝟓𝟎
𝐆𝐀𝐌𝐈𝐍𝐆 𝐁𝐔𝐈𝐋𝐃
#PCMERCHANDISE #PCMBUILDS",,63,"07/26/2023 17:00",mixed,https://www.facebook.com/reel/1985143552971079/,1,0,Reels,,,,,07/08/2023,0,,,,,,0,0,0,0,0,0.000,4.121
1024133767663857,100064197037125,"PC Merchandise","𝐢𝟑 𝟏𝟐𝟏𝟎𝟎𝐅 w/ 𝐑𝐓𝐗 𝟑𝟎𝟓𝟎
𝐆𝐀𝐌𝐈𝐍𝐆 𝐁𝐔𝐈𝐋𝐃
#PCMERCHANDISE #PCMBUILDS",,63,"07/26/2023 17:00",mixed,https://www.facebook.com/reel/1985143552971079/,1,0,Reels,,,,,07/09/2023,0,,,,,,0,0,0,0,0,0.000,3.444
1024133767663857,100064197037125,"PC Merchandise","𝐢𝟑 𝟏𝟐𝟏𝟎𝟎𝐅 w/ 𝐑𝐓𝐗 𝟑𝟎𝟓𝟎
𝐆𝐀𝐌𝐈𝐍𝐆 𝐁𝐔𝐈𝐋𝐃
#PCMERCHANDISE #PCMBUILDS",,63,"07/26/2023 17:00",mixed,https://www.facebook.com/reel/1985143552971079/,1,0,Reels,,,,,07/10/2023,0,,,,,,0,0,0,0,0,0.000,4.313
1024133767663857,100064197037125,"PC Merchandise","𝐢𝟑 𝟏𝟐𝟏𝟎𝟎𝐅 w/ 𝐑𝐓𝐗 𝟑𝟎𝟓𝟎
𝐆𝐀𝐌𝐈𝐍𝐆 𝐁𝐔𝐈𝐋𝐃
#PCMERCHANDISE #PCMBUILDS",,63,"07/26/2023 17:00",mixed,https://www.facebook.com/reel/1985143552971079/,1,0,Reels,,,,,07/11/2023,0,,,,,,0,0,0,0,0,0.000,3.585
1024133767663857,100064197037125,"PC Merchandise","𝐢𝟑 𝟏𝟐𝟏𝟎𝟎𝐅 w/ 𝐑𝐓𝐗 𝟑𝟎𝟓𝟎
𝐆𝐀𝐌𝐈𝐍𝐆 𝐁𝐔𝐈𝐋𝐃
#PCMERCHANDISE #PCMBUILDS",,63,"07/26/2023 17:00",mixed,https://www.facebook.com/reel/1985143552971079/,1,0,Reels,,,,,07/12/2023,0,,,,,,0,0,0,0,0,0.000,5.146
1024133767663857,100064197037125,"PC Merchandise","𝐢𝟑 𝟏𝟐𝟏𝟎𝟎𝐅 w/ 𝐑𝐓𝐗 𝟑𝟎𝟓𝟎
𝐆𝐀𝐌𝐈𝐍𝐆 𝐁𝐔𝐈𝐋𝐃
#PCMERCHANDISE #PCMBUILDS",,63,"07/26/2023 17:00",mixed,https://www.facebook.com/reel/1985143552971079/,1,0,Reels,,,,,07/13/2023,0,,,,,,0,0,0,0,0,0.000,3.583
1024133767663857,100064197037125,"PC Merchandise","𝐢𝟑 𝟏𝟐𝟏𝟎𝟎𝐅 w/ 𝐑𝐓𝐗 𝟑𝟎𝟓𝟎
𝐆𝐀𝐌𝐈𝐍𝐆 𝐁𝐔𝐈𝐋𝐃
#PCMERCHANDISE #PCMBUILDS",,63,"07/26/2023 17:00",mixed,https://www.facebook.com/reel/1985143552971079/,1,0,Reels,,,,,07/14/2023,0,,,,,,0,0,0,0,0,0.000,4.030
1024133767663857,100064197037125,"PC Merchandise","𝐢𝟑 𝟏𝟐𝟏𝟎𝟎𝐅 w/ 𝐑𝐓𝐗 𝟑𝟎𝟓𝟎
𝐆𝐀𝐌𝐈𝐍𝐆 𝐁𝐔𝐈𝐋𝐃
#PCMERCHANDISE #PCMBUILDS",,63,"07/26/2023 17:00",mixed,https://www.facebook.com/reel/1985143552971079/,1,0,Reels,,,,,07/15/2023,0,,,,,,0,0,0,0,0,0.000,4.504
1024133767663857,100064197037125,"PC Merchandise","𝐢𝟑 𝟏𝟐𝟏𝟎𝟎𝐅 w/ 𝐑𝐓𝐗 𝟑𝟎𝟓𝟎
𝐆𝐀𝐌𝐈𝐍𝐆 𝐁𝐔𝐈𝐋𝐃
#PCMERCHANDISE #PCMBUILDS",,63,"07/26/2023 17:00",mixed,https://www.facebook.com/reel/1985143552971079/,1,0,Reels,,,,,07/16/2023,0,,,,,,0,0,0,0,0,0.000,5.646
1024133767663857,100064197037125,"PC Merchandise","𝐢𝟑 𝟏𝟐𝟏𝟎𝟎𝐅 w/ 𝐑𝐓𝐗 𝟑𝟎𝟓𝟎
𝐆𝐀𝐌𝐈𝐍𝐆 𝐁𝐔𝐈𝐋𝐃
#PCMERCHANDISE #PCMBUILDS",,63,"07/26/2023 17:00",mixed,https://www.facebook.com/reel/1985143552971079/,1,0,Reels,,,,,07/17/2023,0,,,,,,0,0,0,0,0,0.000,4.480
1024133767663857,100064197037125,"PC Merchandise","𝐢𝟑 𝟏𝟐𝟏𝟎𝟎𝐅 w/ 𝐑𝐓𝐗 𝟑𝟎𝟓𝟎
𝐆𝐀𝐌𝐈𝐍𝐆 𝐁𝐔𝐈𝐋𝐃
#PCMERCHANDISE #PCMBUILDS",,63,"07/26/2023 17:00",mixed,https://www.facebook.com/reel/1985143552971079/,1,0,Reels,,,,,07/18/2023,0,,,,,,0,0,0,0,0,0.000,4.689
1024133767663857,100064197037125,"PC Merchandise","𝐢𝟑 𝟏𝟐𝟏𝟎𝟎𝐅 w/ 𝐑𝐓𝐗 𝟑𝟎𝟓𝟎
𝐆𝐀𝐌𝐈𝐍𝐆 𝐁𝐔𝐈𝐋𝐃
#PCMERCHANDISE #PCMBUILDS",,63,"07/26/2023 17:00",mixed,https://www.facebook.com/reel/1985143552971079/,1,0,Reels,,,,,07/19/2023,0,,,,,,0,0,0,0,0,0.000,3.705
1024133767663857,100064197037125,"PC Merchandise","𝐢𝟑 𝟏𝟐𝟏𝟎𝟎𝐅 w/ 𝐑𝐓𝐗 𝟑𝟎𝟓𝟎
𝐆𝐀𝐌𝐈𝐍𝐆 𝐁𝐔𝐈𝐋𝐃
#PCMERCHANDISE #PCMBUILDS",,63,"07/26/2023 17:00",mixed,https://www.facebook.com/reel/1985143552971079/,1,0,Reels,,,,,07/20/2023,0,,,,,,0,0,0,0,0,0.000,5.272
1024133767663857,100064197037125,"PC Merchandise","𝐢𝟑 𝟏𝟐𝟏𝟎𝟎𝐅 w/ 𝐑𝐓𝐗 𝟑𝟎𝟓𝟎
𝐆𝐀𝐌𝐈𝐍𝐆 𝐁𝐔𝐈𝐋𝐃
#PCMERCHANDISE #PCMBUILDS",,63,"07/26/2023 17:00",mixed,https://www.facebook.com/reel/1985143552971079/,1,0,Reels,,,,,07/21/2023,0,,,,,,0,0,0,0,0,0.000,3.772
1024133767663857,100064197037125,"PC Merchandise","𝐢𝟑 𝟏𝟐𝟏𝟎𝟎𝐅 w/ 𝐑𝐓𝐗 𝟑𝟎𝟓𝟎
𝐆𝐀𝐌𝐈𝐍𝐆 𝐁𝐔𝐈𝐋𝐃
#PCMERCHANDISE #PCMBUILDS",,63,"07/26/2023 17:00",mixed,https://www.facebook.com/reel/1985143552971079/,1,0,Reels,,,,,07/22/2023,0,,,,,,0,0,0,0,0,0.000,5.232
1024133767663857,100064197037125,"PC Merchandise","𝐢𝟑 𝟏𝟐𝟏𝟎𝟎𝐅 w/ 𝐑𝐓𝐗 𝟑𝟎𝟓𝟎
𝐆𝐀𝐌𝐈𝐍𝐆 𝐁𝐔𝐈𝐋𝐃
#PCMERCHANDISE #PCMBUILDS",,63,"07/26/2023 17:00",mixed,https://www.facebook.com/reel/1985143552971079/,1,0,Reels,,,,,07/23/2023,0,,,,,,0,0,0,0,0,0.000,4.748
1024133767663857,100064197037125,"PC Merchandise","𝐢𝟑 𝟏𝟐𝟏𝟎𝟎𝐅 w/ 𝐑𝐓𝐗 𝟑𝟎𝟓𝟎
𝐆𝐀𝐌𝐈𝐍𝐆 𝐁𝐔𝐈𝐋𝐃
#PCMERCHANDISE #PCMBUILDS",,63,"07/26/2023 17:00",mixed,https://www.facebook.com/reel/1985143552971079/,1,0,Reels,,,,,07/24/2023,0,,,,,,0,0,0,0,0,0.000,6.132
1024133767663857,100064197037125,"PC Merchandise","𝐢𝟑 𝟏𝟐𝟏𝟎𝟎𝐅 w/ 𝐑𝐓𝐗 𝟑𝟎𝟓𝟎
𝐆𝐀𝐌𝐈𝐍𝐆 𝐁𝐔𝐈𝐋𝐃
#PCMERCHANDISE #PCMBUILDS",,63,"07/26/2023 17:00",mixed,https://www.facebook.com/reel/1985143552971079/,1,0,Reels,,,,,07/25/2023,0,,,,,,0,0,0,0,0,0.000,6.153
1024133767663857,100064197037125,"PC Merchandise","𝐢𝟑 𝟏𝟐𝟏𝟎𝟎𝐅 w/ 𝐑𝐓𝐗 𝟑𝟎𝟓𝟎
𝐆𝐀𝐌𝐈𝐍𝐆 𝐁𝐔𝐈𝐋𝐃
#PCMERCHANDISE #PCMBUILDS",,63,"07/26/2023 17:00",mixed,https://www.facebook.com/reel/1985143552971079/,1,0,Reels,,,,,07/26/2023,0,,,,,,177,0,0,0,0,2013.547,3.448
1024133767663857,100064197037125,"PC Merchandise","𝐢𝟑 𝟏𝟐𝟏𝟎𝟎𝐅 w/ 𝐑𝐓𝐗 𝟑𝟎𝟓𝟎
𝐆𝐀𝐌𝐈𝐍𝐆 𝐁𝐔𝐈𝐋𝐃
#PCMERCHANDISE #PCMBUILDS",,63,"07/26/2023 17:00",mixed,https://www.facebook.com/reel/1985143552971079/,1,0,Reels,,,,,07/27/2023,0,,,,,,161,0,0,0,0,1167.344,3.987
1024133767663857,100064197037125,"PC Merchandise","𝐢𝟑 𝟏𝟐𝟏𝟎𝟎𝐅 w/ 𝐑𝐓𝐗 𝟑𝟎𝟓𝟎
𝐆𝐀𝐌𝐈𝐍𝐆 𝐁𝐔𝐈𝐋𝐃
#PCMERCHANDISE #PCMBUILDS",,63,"07/26/2023 17:00",mixed,https://www.facebook.com/reel/1985143552971079/,1,0,Reels,,,,,07/28/2023,0,,,,,,166,0,0,0,0,789.073,3.863
1024133767663857,100064197037125,"PC Merchandise","𝐢𝟑 𝟏𝟐𝟏𝟎𝟎𝐅 w/ 𝐑𝐓𝐗 𝟑𝟎𝟓𝟎
𝐆𝐀𝐌𝐈𝐍𝐆 𝐁𝐔𝐈𝐋𝐃
#PCMERCHANDISE #PCMBUILDS",,63,"07/26/2023 17:00",mixed,https://www.facebook.com/reel/1985143552971079/,1,0,Reels,,,,,07/29/2023,0,,,,,,162,0,0,0,0,950.274,5.023
1024133767663857,100064197037125,"PC Merchandise","𝐢𝟑 𝟏𝟐𝟏𝟎𝟎𝐅 w/ 𝐑𝐓𝐗 𝟑𝟎𝟓𝟎
𝐆𝐀𝐌𝐈𝐍𝐆 𝐁𝐔𝐈𝐋𝐃
#PCMERCHANDISE #PCMBUILDS",,63,"07/26/2023 17:00",mixed,https://www.facebook.com/reel/1985143552971079/,1,0,Reels,,,,,07/30/2023,0,,,,,,173,0,0,0,0,538.295,3.534
1024133767663857,100064197037125,"PC Merchandise","𝐢𝟑 𝟏𝟐𝟏𝟎𝟎𝐅 w/ 𝐑𝐓𝐗 𝟑𝟎𝟓𝟎
𝐆𝐀𝐌𝐈𝐍𝐆 𝐁𝐔𝐈𝐋𝐃
#PCMERCHANDISE #PCMBUILDS",,63,"07/26/2023 17:00",mixed,https://www.facebook.com/reel/1985143552971079/,1,0,Reels,,,,,07/31/2023,0,,,,,,169,0,0,0,0,314.108,5.729
1024483310842393,100064197037125,"PC Merchandise","𝐑𝐘𝐙𝐄𝐍 𝟓 𝟑𝟒𝟎𝟎𝐆 (𝟖𝐏𝐂𝐒)
𝐂𝐎𝐌𝐒𝐇𝐎𝐏 𝐏𝐀𝐂𝐊𝐀𝐆𝐄
#PCMERCHANDISE #PCMBUILDS",,0,"07/26/2023 17:00",,https://www.facebook.com/pcmerchandise.co/posts/pfbid0czdQ7FpaS5lAcy9WawpabT7y33RSpfH3CcbupYR5gEgRy1P0LLZ6nJ4W,0,0,Photos,,,,,07/31/2023,0,,,,,,,,,,,,
1024483310842393,100064197037125,"PC Merchandise","𝐑𝐘𝐙𝐄𝐍 𝟓 𝟑𝟒𝟎𝟎𝐆 (𝟖𝐏𝐂𝐒)
𝐂𝐎𝐌𝐒𝐇𝐎𝐏 𝐏𝐀𝐂𝐊𝐀𝐆𝐄
#PCMERCHANDISE #PCMBUILDS",,0,"07/26/2023 17:00",,https://www.facebook.com/pcmerchandise.co/posts/pfbid0czdQ7FpaS5lAcy9WawpabT7y33RSpfH3CcbupYR5gEgRy1P0LLZ6nJ4W,0,0,Photos,,,,,07/01/2023,,,0,0,0,0,0,0,,,,,
1024483310842393,100064197037125,"PC Merchandise","𝐑𝐘𝐙𝐄𝐍 𝟓 𝟑𝟒𝟎𝟎𝐆 (𝟖𝐏𝐂𝐒)
𝐂𝐎𝐌𝐒𝐇𝐎𝐏 𝐏𝐀𝐂𝐊𝐀𝐆𝐄
#PCMERCHANDISE #PCMBUILDS",,0,"07/26/2023 17:00",,https://www.facebook.com/pcmerchandise.co/posts/pfbid0czdQ7FpaS5lAcy9WawpabT7y33RSpfH3CcbupYR5gEgRy1P0LLZ6nJ4W,0,0,Photos,,,,,07/02/2023,,,0,0,0,0,0,0,,,,,
1024483310842393,100064197037125,"PC Merchandise","𝐑𝐘𝐙𝐄𝐍 𝟓 𝟑𝟒𝟎𝟎𝐆 (𝟖𝐏𝐂𝐒)
𝐂𝐎𝐌𝐒𝐇𝐎𝐏 𝐏𝐀𝐂𝐊𝐀𝐆𝐄
#PCMERCHANDISE #PCMBUILDS",,0,"07/26/2023 17:00",,https://www.facebook.com/pcmerchandise.co/posts/pfbid0czdQ7FpaS5lAcy9WawpabT7y33RSpfH3CcbupYR5gEgRy1P0LLZ6nJ4W,0,0,Photos,,,,,07/03/2023,,,0,0,0,0,0,0,,,,,
1024483310842393,100064197037125,"PC Merchandise","𝐑𝐘𝐙𝐄𝐍 𝟓 𝟑𝟒𝟎𝟎𝐆 (𝟖𝐏𝐂𝐒)
𝐂𝐎𝐌𝐒𝐇𝐎𝐏 𝐏𝐀𝐂𝐊𝐀𝐆𝐄
#PCMERCHANDISE #PCMBUILDS",,0,"07/26/2023 17:00",,https://www.facebook.com/pcmerchandise.co/posts/pfbid0czdQ7FpaS5lAcy9WawpabT7y33RSpfH3CcbupYR5gEgRy1P0LLZ6nJ4W,0,0,Photos,,,,,07/04/2023,,,0,0,0,0,0,0,,,,,
1024483310842393,100064197037125,"PC Merchandise","𝐑𝐘𝐙𝐄𝐍 𝟓 𝟑𝟒𝟎𝟎𝐆 (𝟖𝐏𝐂𝐒)
𝐂𝐎𝐌𝐒𝐇𝐎𝐏 𝐏𝐀𝐂𝐊𝐀𝐆𝐄
#PCMERCHANDISE #PCMBUILDS",,0,"07/26/2023 17:00",,https://www.facebook.com/pcmerchandise.co/posts/pfbid0czdQ7FpaS5lAcy9WawpabT7y33RSpfH3CcbupYR5gEgRy1P0LLZ6nJ4W,0,0,Photos,,,,,07/05/2023,,,0,0,0,0,0,0,,,,,
1024483310842393,100064197037125,"PC Merchandise","𝐑𝐘𝐙𝐄𝐍 𝟓 𝟑𝟒𝟎𝟎𝐆 (𝟖𝐏𝐂𝐒)
𝐂𝐎𝐌𝐒𝐇𝐎𝐏 𝐏𝐀𝐂𝐊𝐀𝐆𝐄
#PCMERCHANDISE #PCMBUILDS",,0,"07/26/2023 17:00",,https://www.facebook.com/pcmerchandise.co/posts/pfbid0czdQ7FpaS5lAcy9WawpabT7y33RSpfH3CcbupYR5gEgRy1P0LLZ6nJ4W,0,0,Photos,,,,,07/06/2023,,,0,0,0,0,0,0,,,,,
1024483310842393,100064197037125,"PC Merchandise","𝐑𝐘𝐙𝐄𝐍 𝟓 𝟑𝟒𝟎𝟎𝐆 (𝟖𝐏𝐂𝐒)
𝐂𝐎𝐌𝐒𝐇𝐎𝐏 𝐏𝐀𝐂𝐊𝐀𝐆𝐄
#PCMERCHANDISE #PCMBUILDS",,0,"07/26/2023 17:00",,https://www.facebook.com/pcmerchandise.co/posts/pfbid0czdQ7FpaS5lAcy9WawpabT7y33RSpfH3CcbupYR5gEgRy1P0LLZ6nJ4W,0,0,Photos,,,,,07/07/2023,,,0,0,0,0,0,0,,,,,
1024483310842393,100064197037125,"PC Merchandise","𝐑𝐘𝐙𝐄𝐍 𝟓 𝟑𝟒𝟎𝟎𝐆 (𝟖𝐏𝐂𝐒)
𝐂𝐎𝐌𝐒𝐇𝐎𝐏 𝐏𝐀𝐂𝐊𝐀𝐆𝐄
#PCMERCHANDISE #PCMBUILDS",,0,"07/26/2023 17:00",,https://www.facebook.com/pcmerchandise.co/posts/pfbid0czdQ7FpaS5lAcy9WawpabT7y33RSpfH3CcbupYR5gEgRy1P0LLZ6nJ4W,0,0,Photos,,,,,07/08/2023,,,0,0,0,0,0,0,,,,,
1024483310842393,100064197037125,"PC Merchandise","𝐑𝐘𝐙𝐄𝐍 𝟓 𝟑𝟒𝟎𝟎𝐆 (𝟖𝐏𝐂𝐒)
𝐂𝐎𝐌𝐒𝐇𝐎𝐏 𝐏𝐀𝐂𝐊𝐀𝐆𝐄
#PCMERCHANDISE #PCMBUILDS",,0,"07/26/2023 17:00",,https://www.facebook.com/pcmerchandise.co/posts/pfbid0czdQ7FpaS5lAcy9WawpabT7y33RSpfH3CcbupYR5gEgRy1P0LLZ6nJ4W,0,0,Photos,,,,,07/09/2023,,,0,0,0,0,0,0,,,,,
1024483310842393,100064197037125,"PC Merchandise","𝐑𝐘𝐙𝐄𝐍 𝟓 𝟑𝟒𝟎𝟎𝐆 (𝟖𝐏𝐂𝐒)
𝐂𝐎𝐌𝐒𝐇𝐎𝐏 𝐏𝐀𝐂𝐊𝐀𝐆𝐄
#PCMERCHANDISE #PCMBUILDS",,0,"07/26/2023 17:00",,https://www.facebook.com/pcmerchandise.co/posts/pfbid0czdQ7FpaS5lAcy9WawpabT7y33RSpfH3CcbupYR5gEgRy1P0LLZ6nJ4W,0,0,Photos,,,,,07/10/2023,,,0,0,0,0,0,0,,,,,
1024483310842393,100064197037125,"PC Merchandise","𝐑𝐘𝐙𝐄𝐍 𝟓 𝟑𝟒𝟎𝟎𝐆 (𝟖𝐏𝐂𝐒)
𝐂𝐎𝐌𝐒𝐇𝐎𝐏 𝐏𝐀𝐂𝐊𝐀𝐆𝐄
#PCMERCHANDISE #PCMBUILDS",,0,"07/26/2023 17:00",,https://www.facebook.com/pcmerchandise.co/posts/pfbid0czdQ7FpaS5lAcy9WawpabT7y33RSpfH3CcbupYR5gEgRy1P0LLZ6nJ4W,0,0,Photos,,,,,07/11/2023,,,0,0,0,0,0,0,,,,,
1024483310842393,100064197037125,"PC Merchandise","𝐑𝐘𝐙𝐄𝐍 𝟓 𝟑𝟒𝟎𝟎𝐆 (𝟖𝐏𝐂𝐒)
𝐂𝐎𝐌𝐒𝐇𝐎𝐏 𝐏𝐀𝐂𝐊𝐀𝐆𝐄
#PCMERCHANDISE #PCMBUILDS",,0,"07/26/2023 17:00",,https://www.facebook.com/pcmerchandise.co/posts/pfbid0czdQ7FpaS5lAcy9WawpabT7y33RSpfH3CcbupYR5gEgRy1P0LLZ6nJ4W,0,0,Photos,,,,,07/12/2023,,,0,0,0,0,0,0,,,,,
1024483310842393,100064197037125,"PC Merchandise","𝐑𝐘𝐙𝐄𝐍 𝟓 𝟑𝟒𝟎𝟎𝐆 (𝟖𝐏𝐂𝐒)
𝐂𝐎𝐌𝐒𝐇𝐎𝐏 𝐏𝐀𝐂𝐊𝐀𝐆𝐄
#PCMERCHANDISE #PCMBUILDS",,0,"07/26/2023 17:00",,https://www.facebook.com/pcmerchandise.co/posts/pfbid0czdQ7FpaS5lAcy9WawpabT7y33RSpfH3CcbupYR5gEgRy1P0LLZ6nJ4W,0,0,Photos,,,,,07/13/2023,,,0,0,0,0,0,0,,,,,
1024483310842393,100064197037125,"PC Merchandise","𝐑𝐘𝐙𝐄𝐍 𝟓 𝟑𝟒𝟎𝟎𝐆 (𝟖𝐏𝐂𝐒)
𝐂𝐎𝐌𝐒𝐇𝐎𝐏 𝐏𝐀𝐂𝐊𝐀𝐆𝐄
#PCMERCHANDISE #PCMBUILDS",,0,"07/26/2023 17:00",,https://www.facebook.com/pcmerchandise.co/posts/pfbid0czdQ7FpaS5lAcy9WawpabT7y33RSpfH3CcbupYR5gEgRy1P0LLZ6nJ4W,0,0,Photos,,,,,07/14/2023,,,0,0,0,0,0,0,,,,,
1024483310842393,100064197037125,"PC Merchandise","𝐑𝐘𝐙𝐄𝐍 𝟓 𝟑𝟒𝟎𝟎𝐆 (𝟖𝐏𝐂𝐒)
𝐂𝐎𝐌𝐒𝐇𝐎𝐏 𝐏𝐀𝐂𝐊𝐀𝐆𝐄
#PCMERCHANDISE #PCMBUILDS",,0,"07/26/2023 17:00",,https://www.facebook.com/pcmerchandise.co/posts/pfbid0czdQ7FpaS5lAcy9WawpabT7y33RSpfH3CcbupYR5gEgRy1P0LLZ6nJ4W,0,0,Photos,,,,,07/15/2023,,,0,0,0,0,0,0,,,,,
1024483310842393,100064197037125,"PC Merchandise","𝐑𝐘𝐙𝐄𝐍 𝟓 𝟑𝟒𝟎𝟎𝐆 (𝟖𝐏𝐂𝐒)
𝐂𝐎𝐌𝐒𝐇𝐎𝐏 𝐏𝐀𝐂𝐊𝐀𝐆𝐄
#PCMERCHANDISE #PCMBUILDS",,0,"07/26/2023 17:00",,https://www.facebook.com/pcmerchandise.co/posts/pfbid0czdQ7FpaS5lAcy9WawpabT7y33RSpfH3CcbupYR5gEgRy1P0LLZ6nJ4W,0,0,Photos,,,,,07/16/2023,,,0,0,0,0,0,0,,,,,
1024483310842393,100064197037125,"PC Merchandise","𝐑𝐘𝐙𝐄𝐍 𝟓 𝟑𝟒𝟎𝟎𝐆 (𝟖𝐏𝐂𝐒)
𝐂𝐎𝐌𝐒𝐇𝐎𝐏 𝐏𝐀𝐂𝐊𝐀𝐆𝐄
#PCMERCHANDISE #PCMBUILDS",,0,"07/26/2023 17:00",,https://www.facebook.com/pcmerchandise.co/posts/pfbid0czdQ7FpaS5lAcy9WawpabT7y33RSpfH3CcbupYR5gEgRy1P0LLZ6nJ4W,0,0,Photos,,,,,07/17/2023,,,0,0,0,0,0,0,,,,,
1024483310842393,100064197037125,"PC Merchandise","𝐑𝐘𝐙𝐄𝐍 𝟓 𝟑𝟒𝟎𝟎𝐆 (𝟖𝐏𝐂𝐒)
𝐂𝐎𝐌𝐒𝐇𝐎𝐏 𝐏𝐀𝐂𝐊𝐀𝐆𝐄
#PCMERCHANDISE #PCMBUILDS",,0,"07/26/2023 17:00",,https://www.facebook.com/pcmerchandise.co/posts/pfbid0czdQ7FpaS5lAcy9WawpabT7y33RSpfH3CcbupYR5gEgRy1P0LLZ6nJ4W,0,0,Photos,,,,,07/18/2023,,,0,0,0,0,0,0,,,,,
1024483310842393,100064197037125,"PC Merchandise","𝐑𝐘𝐙𝐄𝐍 𝟓 𝟑𝟒𝟎𝟎𝐆 (𝟖𝐏𝐂𝐒)
𝐂𝐎𝐌𝐒𝐇𝐎𝐏 𝐏𝐀𝐂𝐊𝐀𝐆𝐄
#PCMERCHANDISE #PCMBUILDS",,0,"07/26/2023 17:00",,https://www.facebook.com/pcmerchandise.co/posts/pfbid0czdQ7FpaS5lAcy9WawpabT7y33RSpfH3CcbupYR5gEgRy1P0LLZ6nJ4W,0,0,Photos,,,,,07/19/2023,,,0,0,0,0,0,0,,,,,
1024483310842393,100064197037125,"PC Merchandise","𝐑𝐘𝐙𝐄𝐍 𝟓 𝟑𝟒𝟎𝟎𝐆 (𝟖𝐏𝐂𝐒)
𝐂𝐎𝐌𝐒𝐇𝐎𝐏 𝐏𝐀𝐂𝐊𝐀𝐆𝐄
#PCMERCHANDISE #PCMBUILDS",,0,"07/26/2023 17:00",,https://www.facebook.com/pcmerchandise.co/posts/pfbid0czdQ7FpaS5lAcy9WawpabT7y33RSpfH3CcbupYR5gEgRy1P0LLZ6nJ4W,0,0,Photos,,,,,07/20/2023,,,0,0,0,0,0,0,,,,,
1024483310842393,100064197037125,"PC Merchandise","𝐑𝐘𝐙𝐄𝐍 𝟓 𝟑𝟒𝟎𝟎𝐆 (𝟖𝐏𝐂𝐒)
𝐂𝐎𝐌𝐒𝐇𝐎𝐏 𝐏𝐀𝐂𝐊𝐀𝐆𝐄
#PCMERCHANDISE #PCMBUILDS",,0,"07/26/2023 17:00",,https://www.facebook.com/pcmerchandise.co/posts/pfbid0czdQ7FpaS5lAcy9WawpabT7y33RSpfH3CcbupYR5gEgRy1P0LLZ6nJ4W,0,0,Photos,,,,,07/21/2023,,,0,0,0,0,0,0,,,,,
1024483310842393,100064197037125,"PC Merchandise","𝐑𝐘𝐙𝐄𝐍 𝟓 𝟑𝟒𝟎𝟎𝐆 (𝟖𝐏𝐂𝐒)
𝐂𝐎𝐌𝐒𝐇𝐎𝐏 𝐏𝐀𝐂𝐊𝐀𝐆𝐄
#PCMERCHANDISE #PCMBUILDS",,0,"07/26/2023 17:00",,https://www.facebook.com/pcmerchandise.co/posts/pfbid0czdQ7FpaS5lAcy9WawpabT7y33RSpfH3CcbupYR5gEgRy1P0LLZ6nJ4W,0,0,Photos,,,,,07/22/2023,,,0,0,0,0,0,0,,,,,
1024483310842393,100064197037125,"PC Merchandise","𝐑𝐘𝐙𝐄𝐍 𝟓 𝟑𝟒𝟎𝟎𝐆 (𝟖𝐏𝐂𝐒)
𝐂𝐎𝐌𝐒𝐇𝐎𝐏 𝐏𝐀𝐂𝐊𝐀𝐆𝐄
#PCMERCHANDISE #PCMBUILDS",,0,"07/26/2023 17:00",,https://www.facebook.com/pcmerchandise.co/posts/pfbid0czdQ7FpaS5lAcy9WawpabT7y33RSpfH3CcbupYR5gEgRy1P0LLZ6nJ4W,0,0,Photos,,,,,07/23/2023,,,0,0,0,0,0,0,,,,,
1024483310842393,100064197037125,"PC Merchandise","𝐑𝐘𝐙𝐄𝐍 𝟓 𝟑𝟒𝟎𝟎𝐆 (𝟖𝐏𝐂𝐒)
𝐂𝐎𝐌𝐒𝐇𝐎𝐏 𝐏𝐀𝐂𝐊𝐀𝐆𝐄
#PCMERCHANDISE #PCMBUILDS",,0,"07/26/2023 17:00",,https://www.facebook.com/pcmerchandise.co/posts/pfbid0czdQ7FpaS5lAcy9WawpabT7y33RSpfH3CcbupYR5gEgRy1P0LLZ6nJ4W,0,0,Photos,,,,,07/24/2023,,,0,0,0,0,0,0,,,,,
1024483310842393,100064197037125,"PC Merchandise","𝐑𝐘𝐙𝐄𝐍 𝟓 𝟑𝟒𝟎𝟎𝐆 (𝟖𝐏𝐂𝐒)
𝐂𝐎𝐌𝐒𝐇𝐎𝐏 𝐏𝐀𝐂𝐊𝐀𝐆𝐄
#PCMERCHANDISE #PCMBUILDS",,0,"07/26/2023 17:00",,https://www.facebook.com/pcmerchandise.co/posts/pfbid0czdQ7FpaS5lAcy9WawpabT7y33RSpfH3CcbupYR5gEgRy1P0LLZ6nJ4W,0,0,Photos,,,,,07/25/2023,,,0,0,0,0,0,0,,,,,
1024483310842393,100064197037125,"PC Merchandise","𝐑𝐘𝐙𝐄𝐍 𝟓 𝟑𝟒𝟎𝟎𝐆 (𝟖𝐏𝐂𝐒)
𝐂𝐎𝐌𝐒𝐇𝐎𝐏 𝐏𝐀𝐂𝐊𝐀𝐆𝐄
#PCMERCHANDISE #PCMBUILDS",,0,"07/26/2023 17:00",,https://www.facebook.com/pcmerchandise.co/posts/pfbid0czdQ7FpaS5lAcy9WawpabT7y33RSpfH3CcbupYR5gEgRy1P0LLZ6nJ4W,0,0,Photos,,,,,07/26/2023,,,0,0,0,0,0,0,,,,,
1024483310842393,100064197037125,"PC Merchandise","𝐑𝐘𝐙𝐄𝐍 𝟓 𝟑𝟒𝟎𝟎𝐆 (𝟖𝐏𝐂𝐒)
𝐂𝐎𝐌𝐒𝐇𝐎𝐏 𝐏𝐀𝐂𝐊𝐀𝐆𝐄
#PCMERCHANDISE #PCMBUILDS",,0,"07/26/2023 17:00",,https://www.facebook.com/pcmerchandise.co/posts/pfbid0czdQ7FpaS5lAcy9WawpabT7y33RSpfH3CcbupYR5gEgRy1P0LLZ6nJ4W,0,0,Photos,,,,,07/27/2023,,,0,0,0,0,0,0,,,,,
1024483310842393,100064197037125,"PC Merchandise","𝐑𝐘𝐙𝐄𝐍 𝟓 𝟑𝟒𝟎𝟎𝐆 (𝟖𝐏𝐂𝐒)
𝐂𝐎𝐌𝐒𝐇𝐎𝐏 𝐏𝐀𝐂𝐊𝐀𝐆𝐄
#PCMERCHANDISE #PCMBUILDS",,0,"07/26/2023 17:00",,https://www.facebook.com/pcmerchandise.co/posts/pfbid0czdQ7FpaS5lAcy9WawpabT7y33RSpfH3CcbupYR5gEgRy1P0LLZ6nJ4W,0,0,Photos,,,,,07/28/2023,,,0,0,0,0,0,0,,,,,
1024483310842393,100064197037125,"PC Merchandise","𝐑𝐘𝐙𝐄𝐍 𝟓 𝟑𝟒𝟎𝟎𝐆 (𝟖𝐏𝐂𝐒)
𝐂𝐎𝐌𝐒𝐇𝐎𝐏 𝐏𝐀𝐂𝐊𝐀𝐆𝐄
#PCMERCHANDISE #PCMBUILDS",,0,"07/26/2023 17:00",,https://www.facebook.com/pcmerchandise.co/posts/pfbid0czdQ7FpaS5lAcy9WawpabT7y33RSpfH3CcbupYR5gEgRy1P0LLZ6nJ4W,0,0,Photos,,,,,07/29/2023,,,0,0,0,0,0,0,,,,,
1024483310842393,100064197037125,"PC Merchandise","𝐑𝐘𝐙𝐄𝐍 𝟓 𝟑𝟒𝟎𝟎𝐆 (𝟖𝐏𝐂𝐒)
𝐂𝐎𝐌𝐒𝐇𝐎𝐏 𝐏𝐀𝐂𝐊𝐀𝐆𝐄
#PCMERCHANDISE #PCMBUILDS",,0,"07/26/2023 17:00",,https://www.facebook.com/pcmerchandise.co/posts/pfbid0czdQ7FpaS5lAcy9WawpabT7y33RSpfH3CcbupYR5gEgRy1P0LLZ6nJ4W,0,0,Photos,,,,,07/30/2023,,,0,0,0,0,0,0,,,,,
1024483310842393,100064197037125,"PC Merchandise","𝐑𝐘𝐙𝐄𝐍 𝟓 𝟑𝟒𝟎𝟎𝐆 (𝟖𝐏𝐂𝐒)
𝐂𝐎𝐌𝐒𝐇𝐎𝐏 𝐏𝐀𝐂𝐊𝐀𝐆𝐄
#PCMERCHANDISE #PCMBUILDS",,0,"07/26/2023 17:00",,https://www.facebook.com/pcmerchandise.co/posts/pfbid0czdQ7FpaS5lAcy9WawpabT7y33RSpfH3CcbupYR5gEgRy1P0LLZ6nJ4W,0,0,Photos,,,,,07/31/2023,,,0,0,0,0,0,0,,,,,
1024395140505202,100064197037125,"PC Merchandise","Salamat sa tiwala boss DARVS! i3 12100F comshop package — 10 units delivered ✅",,0,"07/25/2023 00:30",,https://www.facebook.com/pcmerchandise.co/posts/pfbid0oB03UTZOj7Pa9ojmYocKNl2rYxocaicFcr9UwnXvU8RYo7IX6qk7RGry,0,0,Photos,,,,,07/31/2023,0,,,,,,,,,,,,
1024395140505202,100064197037125,"PC Merchandise","Salamat sa tiwala boss DARVS! i3 12100F comshop package — 10 units delivered ✅",,0,"07/25/2023 00:30",,https://www.facebook.com/pcmerchandise.co/posts/pfbid0oB03UTZOj7Pa9ojmYocKNl2rYxocaicFcr9UwnXvU8RYo7IX6qk7RGry,0,0,Photos,,,,,07/01/2023,,,0,0,0,0,0,0,,,,,
1024395140505202,100064197037125,"PC Merchandise","Salamat sa tiwala boss DARVS! i3 12100F comshop package — 10 units delivered ✅",,0,"07/25/2023 00:30",,https://www.facebook.com/pcmerchandise.co/posts/pfbid0oB03UTZOj7Pa9ojmYocKNl2rYxocaicFcr9UwnXvU8RYo7IX6qk7RGry,0,0,Photos,,,,,07/02/2023,,,0,0,0,0,0,0,,,,,
1024395140505202,100064197037125,"PC Merchandise","Salamat sa tiwala boss DARVS! i3 12100F comshop package — 10 units delivered ✅",,0,"07/25/2023 00:30",,https://www.facebook.com/pcmerchandise.co/posts/pfbid0oB03UTZOj7Pa9ojmYocKNl2rYxocaicFcr9UwnXvU8RYo7IX6qk7RGry,0,0,Photos,,,,,07/03/2023,,,0,0,0,0,0,0,,,,,
1024395140505202,100064197037125,"PC Merchandise","Salamat sa tiwala boss DARVS! i3 12100F comshop package — 10 units delivered ✅",,0,"07/25/2023 00:30",,https://www.facebook.com/pcmerchandise.co/posts/pfbid0oB03UTZOj7Pa9ojmYocKNl2rYxocaicFcr9UwnXvU8RYo7IX6qk7RGry,0,0,Photos,,,,,07/04/2023,,,0,0,0,0,0,0,,,,,
1024395140505202,100064197037125,"PC Merchandise","Salamat sa tiwala boss DARVS! i3 12100F comshop package — 10 units delivered ✅",,0,"07/25/2023 00:30",,https://www.facebook.com/pcmerchandise.co/posts/pfbid0oB03UTZOj7Pa9ojmYocKNl2rYxocaicFcr9UwnXvU8RYo7IX6qk7RGry,0,0,Photos,,,,,07/05/2023,,,0,0,0,0,0,0,,,,,
1024395140505202,100064197037125,"PC Merchandise","Salamat sa tiwala boss DARVS! i3 12100F comshop package — 10 units delivered ✅",,0,"07/25/2023 00:30",,https://www.facebook.com/pcmerchandise.co/posts/pfbid0oB03UTZOj7Pa9ojmYocKNl2rYxocaicFcr9UwnXvU8RYo7IX6qk7RGry,0,0,Photos,,,,,07/06/2023,,,0,0,0,0,0,0,,,,,
1024395140505202,100064197037125,"PC Merchandise","Salamat sa tiwala boss DARVS! i3 12100F comshop package — 10 units delivered ✅",,0,"07/25/2023 00:30",,https://www.facebook.com/pcmerchandise.co/posts/pfbid0oB03UTZOj7Pa9ojmYocKNl2rYxocaicFcr9UwnXvU8RYo7IX6qk7RGry,0,0,Photos,,,,,07/07/2023,,,0,0,0,0,0,0,,,,,
1024395140505202,100064197037125,"PC Merchandise","Salamat sa tiwala boss DARVS! i3 12100F comshop package — 10 units delivered ✅",,0,"07/25/2023 00:30",,https://www.facebook.com/pcmerchandise.co/posts/pfbid0oB03UTZOj7Pa9ojmYocKNl2rYxocaicFcr9UwnXvU8RYo7IX6qk7RGry,0,0,Photos,,,,,07/08/2023,,,0,0,0,0,0,0,,,,,
1024395140505202,100064197037125,"PC Merchandise","Salamat sa tiwala boss DARVS! i3 12100F comshop package — 10 units delivered ✅",,0,"07/25/2023 00:30",,https://www.facebook.com/pcmerchandise.co/posts/pfbid0oB03UTZOj7Pa9ojmYocKNl2rYxocaicFcr9UwnXvU8RYo7IX6qk7RGry,0,0,Photos,,,,,07/09/2023,,,0,0,0,0,0,0,,,,,
1024395140505202,100064197037125,"PC Merchandise","Salamat sa tiwala boss DARVS! i3 12100F comshop package — 10 units delivered ✅",,0,"07/25/2023 00:30",,https://www.facebook.com/pcmerchandise.co/posts/pfbid0oB03UTZOj7Pa9ojmYocKNl2rYxocaicFcr9UwnXvU8RYo7IX6qk7RGry,0,0,Photos,,,,,07/10/2023,,,0,0,0,0,0,0,,,,,
1024395140505202,100064197037125,"PC Merchandise","Salamat sa tiwala boss DARVS! i3 12100F comshop package — 10 units delivered ✅",,0,"07/25/2023 00:30",,https://www.facebook.com/pcmerchandise.co/posts/pfbid0oB03UTZOj7Pa9ojmYocKNl2rYxocaicFcr9UwnXvU8RYo7IX6qk7RGry,0,0,Photos,,,,,07/11/2023,,,0,0,0,0,0,0,,,,,
1024395140505202,100064197037125,"PC Merchandise","Salamat sa tiwala boss DARVS! i3 12100F comshop package — 10 units delivered ✅",,0,"07/25/2023 00:30",,https://www.facebook.com/pcmerchandise.co/posts/pfbid0oB03UTZOj7Pa9ojmYocKNl2rYxocaicFcr9UwnXvU8RYo7IX6qk7RGry,0,0,Photos,,,,,07/12/2023,,,0,0,0,0,0,0,,,,,
1024395140505202,100064197037125,"PC Merchandise","Salamat sa tiwala boss DARVS! i3 12100F comshop package — 10 units delivered ✅",,0,"07/25/2023 00:30",,https://www.facebook.com/pcmerchandise.co/posts/pfbid0oB03UTZOj7Pa9ojmYocKNl2rYxocaicFcr9UwnXvU8RYo7IX6qk7RGry,0,0,Photos,,,,,07/13/2023,,,0,0,0,0,0,0,,,,,
1024395140505202,100064197037125,"PC Merchandise","Salamat sa tiwala boss DARVS! i3 12100F comshop package — 10 units delivered ✅",,0,"07/25/2023 00:30",,https://www.facebook.com/pcmerchandise.co/posts/pfbid0oB03UTZOj7Pa9ojmYocKNl2rYxocaicFcr9UwnXvU8RYo7IX6qk7RGry,0,0,Photos,,,,,07/14/2023,,,0,0,0,0,0,0,,,,,
1024395140505202,100064197037125,"PC Merchandise","Salamat sa tiwala boss DARVS! i3 12100F comshop package — 10 units delivered ✅",,0,"07/25/2023 00:30",,https://www.facebook.com/pcmerchandise.co/posts/pfbid0oB03UTZOj7Pa9ojmYocKNl2rYxocaicFcr9UwnXvU8RYo7IX6qk7RGry,0,0,Photos,,,,,07/15/2023,,,0,0,0,0,0,0,,,,,
1024395140505202,100064197037125,"PC Merchandise","Salamat sa tiwala boss DARVS! i3 12100F comshop package — 10 units delivered ✅",,0,"07/25/2023 00:30",,https://www.facebook.com/pcmerchandise.co/posts/pfbid0oB03UTZOj7Pa9ojmYocKNl2rYxocaicFcr9UwnXvU8RYo7IX6qk7RGry,0,0,Photos,,,,,07/16/2023,,,0,0,0,0,0,0,,,,,
1024395140505202,100064197037125,"PC Merchandise","Salamat sa tiwala boss DARVS! i3 12100F comshop package — 10 units delivered ✅",,0,"07/25/2023 00:30",,https://www.facebook.com/pcmerchandise.co/posts/pfbid0oB03UTZOj7Pa9ojmYocKNl2rYxocaicFcr9UwnXvU8RYo7IX6qk7RGry,0,0,Photos,,,,,07/17/2023,,,0,0,0,0,0,0,,,,,
1024395140505202,100064197037125,"PC Merchandise","Salamat sa tiwala boss DARVS! i3 12100F comshop package — 10 units delivered ✅",,0,"07/25/2023 00:30",,https://www.facebook.com/pcmerchandise.co/posts/pfbid0oB03UTZOj7Pa9ojmYocKNl2rYxocaicFcr9UwnXvU8RYo7IX6qk7RGry,0,0,Photos,,,,,07/18/2023,,,0,0,0,0,0,0,,,,,
1024395140505202,100064197037125,"PC Merchandise","Salamat sa tiwala boss DARVS! i3 12100F comshop package — 10 units delivered ✅",,0,"07/25/2023 00:30",,https://www.facebook.com/pcmerchandise.co/posts/pfbid0oB03UTZOj7Pa9ojmYocKNl2rYxocaicFcr9UwnXvU8RYo7IX6qk7RGry,0,0,Photos,,,,,07/19/2023,,,0,0,0,0,0,0,,,,,
1024395140505202,100064197037125,"PC Merchandise","Salamat sa tiwala boss DARVS! i3 12100F comshop package — 10 units delivered ✅",,0,"07/25/2023 00:30",,https://www.facebook.com/pcmerchandise.co/posts/pfbid0oB03UTZOj7Pa9ojmYocKNl2rYxocaicFcr9UwnXvU8RYo7IX6qk7RGry,0,0,Photos,,,,,07/20/2023,,,0,0,0,0,0,0,,,,,
1024395140505202,100064197037125,"PC Merchandise","Salamat sa tiwala boss DARVS! i3 12100F comshop package — 10 units delivered ✅",,0,"07/25/2023 00:30",,https://www.facebook.com/pcmerchandise.co/posts/pfbid0oB03UTZOj7Pa9ojmYocKNl2rYxocaicFcr9UwnXvU8RYo7IX6qk7RGry,0,0,Photos,,,,,07/21/2023,,,0,0,0,0,0,0,,,,,
1024395140505202,100064197037125,"PC Merchandise","Salamat sa tiwala boss DARVS! i3 12100F comshop package — 10 units delivered ✅",,0,"07/25/2023 00:30",,https://www.facebook.com/pcmerchandise.co/posts/pfbid0oB03UTZOj7Pa9ojmYocKNl2rYxocaicFcr9UwnXvU8RYo7IX6qk7RGry,0,0,Photos,,,,,07/22/2023,,,0,0,0,0,0,0,,,,,
1024395140505202,100064197037125,"PC Merchandise","Salamat sa tiwala boss DARVS! i3 12100F comshop package — 10 units delivered ✅",,0,"07/25/2023 00:30",,https://www.facebook.com/pcmerchandise.co/posts/pfbid0oB03UTZOj7Pa9ojmYocKNl2rYxocaicFcr9UwnXvU8RYo7IX6qk7RGry,0,0,Photos,,,,,07/23/2023,,,0,0,0,0,0,0,,,,,
1024395140505202,100064197037125,"PC Merchandise","Salamat sa tiwala boss DARVS! i3 12100F comshop package — 10 units delivered ✅",,0,"07/25/2023 00:30",,https://www.facebook.com/pcmerchandise.co/posts/pfbid0oB03UTZOj7Pa9ojmYocKNl2rYxocaicFcr9UwnXvU8RYo7IX6qk7RGry,0,0,Photos,,,,,07/24/2023,,,0,0,0,0,0,0,,,,,
1024395140505202,100064197037125,"PC Merchandise","Salamat sa tiwala boss DARVS! i3 12100F comshop package — 10 units delivered ✅",,0,"07/25/2023 00:30",,https://www.facebook.com/pcmerchandise.co/posts/pfbid0oB03UTZOj7Pa9ojmYocKNl2rYxocaicFcr9UwnXvU8RYo7IX6qk7RGry,0,0,Photos,,,,,07/25/2023,,,0,0,0,0,0,0,,,,,
1024395140505202,100064197037125,"PC Merchandise","Salamat sa tiwala boss DARVS! i3 12100F comshop package — 10 units delivered ✅",,0,"07/25/2023 00:30",,https://www.facebook.com/pcmerchandise.co/posts/pfbid0oB03UTZOj7Pa9ojmYocKNl2rYxocaicFcr9UwnXvU8RYo7IX6qk7RGry,0,0,Photos,,,,,07/26/2023,,,0,0,0,0,0,0,,,,,
1024395140505202,100064197037125,"PC Merchandise","Salamat sa tiwala boss DARVS! i3 12100F comshop package — 10 units delivered ✅",,0,"07/25/2023 00:30",,https://www.facebook.com/pcmerchandise.co/posts/pfbid0oB03UTZOj7Pa9ojmYocKNl2rYxocaicFcr9UwnXvU8RYo7IX6qk7RGry,0,0,Photos,,,,,07/27/2023,,,0,0,0,0,0,0,,,,,
1024395140505202,100064197037125,"PC Merchandise","Salamat sa tiwala boss DARVS! i3 12100F comshop package — 10 units delivered ✅",,0,"07/25/2023 00:30",,https://www.facebook.com/pcmerchandise.co/posts/pfbid0oB03UTZOj7Pa9ojmYocKNl2rYxocaicFcr9UwnXvU8RYo7IX6qk7RGry,0,0,Photos,,,,,07/28/2023,,,0,0,0,0,0,0,,,,,
1024395140505202,100064197037125,"PC Merchandise","Salamat sa tiwala boss DARVS! i3 12100F comshop package — 10 units delivered ✅",,0,"07/25/2023 00:30",,https://www.facebook.com/pcmerchandise.co/posts/pfbid0oB03UTZOj7Pa9ojmYocKNl2rYxocaicFcr9UwnXvU8RYo7IX6qk7RGry,0,0,Photos,,,,,07/29/2023,,,0,0,0,0,0,0,,,,,
1024395140505202,100064197037125,"PC Merchandise","Salamat sa tiwala boss DARVS! i3 12100F comshop package — 10 units delivered ✅",,0,"07/25/2023 00:30",,https://www.facebook.com/pcmerchandise.co/posts/pfbid0oB03UTZOj7Pa9ojmYocKNl2rYxocaicFcr9UwnXvU8RYo7IX6qk7RGry,0,0,Photos,,,,,07/30/2023,,,0,0,0,0,0,0,,,,,
1024395140505202,100064197037125,"PC Merchandise","Salamat sa tiwala boss DARVS! i3 12100F comshop package — 10 units delivered ✅",,0,"07/25/2023 00:30",,https://www.facebook.com/pcmerchandise.co/posts/pfbid0oB03UTZOj7Pa9ojmYocKNl2rYxocaicFcr9UwnXvU8RYo7IX6qk7RGry,0,0,Photos,,,,,07/31/2023,,,0,0,0,0,0,0,,,,,
1024561408120000,100064197037125,"PC Merchandise","BUDGET BUILD ALERT 🚨 RYZEN 5 3400G + RTX 3050 — perfect for online class and gaming!",,0,"07/21/2023 02:13",,https://www.facebook.com/pcmerchandise.co/posts/pfbid0poPsFZQh0sfis5FVBjy8bz2NmEGeNpkNH5u2pIUtGFgBHI2ikxTZkSkf,0,0,Photos,,,,,07/31/2023,0,,,,,,,,,,,,
1024561408120000,100064197037125,"PC Merchandise","BUDGET BUILD ALERT 🚨 RYZEN 5 3400G + RTX 3050 — perfect for online class and gaming!",,0,"07/21/2023 02:13",,https://www.facebook.com/pcmerchandise.co/posts/pfbid0poPsFZQh0sfis5FVBjy8bz2NmEGeNpkNH5u2pIUtGFgBHI2ikxTZkSkf,0,0,Photos,,,,,07/01/2023,,,0,0,0,0,0,0,,,,,
1024561408120000,100064197037125,"PC Merchandise","BUDGET BUILD ALERT 🚨 RYZEN 5 3400G + RTX 3050 — perfect for online class and gaming!",,0,"07/21/2023 02:13",,https://www.facebook.com/pcmerchandise.co/posts/pfbid0poPsFZQh0sfis5FVBjy8bz2NmEGeNpkNH5u2pIUtGFgBHI2ikxTZkSkf,0,0,Photos,,,,,07/02/2023,,,0,0,0,0,0,0,,,,,
1024561408120000,100064197037125,"PC Merchandise","BUDGET BUILD ALERT 🚨 RYZEN 5 3400G + RTX 3050 — perfect for online class and gaming!",,0,"07/21/2023 02:13",,https://www.facebook.com/pcmerchandise.co/posts/pfbid0poPsFZQh0sfis5FVBjy8bz2NmEGeNpkNH5u2pIUtGFgBHI2ikxTZkSkf,0,0,Photos,,,,,07/03/2023,,,0,0,0,0,0,0,,,,,
1024561408120000,100064197037125,"PC Merchandise","BUDGET BUILD ALERT 🚨 RYZEN 5 3400G + RTX 3050 — perfect for online class and gaming!",,0,"07/21/2023 02:13",,https://www.facebook.com/pcmerchandise.co/posts/pfbid0poPsFZQh0sfis5FVBjy8bz2NmEGeNpkNH5u2pIUtGFgBHI2ikxTZkSkf,0,0,Photos,,,,,07/04/2023,,,0,0,0,0,0,0,,,,,
1024561408120000,100064197037125,"PC Merchandise","BUDGET BUILD ALERT 🚨 RYZEN 5 3400G + RTX 3050 — perfect for online class and gaming!",,0,"07/21/2023 02:13",,https://www.facebook.com/pcmerchandise.co/posts/pfbid0poPsFZQh0sfis5FVBjy8bz2NmEGeNpkNH5u2pIUtGFgBHI2ikxTZkSkf,0,0,Photos,,,,,07/05/2023,,,0,0,0,0,0,0,,,,,
1024561408120000,100064197037125,"PC Merchandise","BUDGET BUILD ALERT 🚨 RYZEN 5 3400G + RTX 3050 — perfect for online class and gaming!",,0,"07/21/2023 02:13",,https://www.facebook.com/pcmerchandise.co/posts/pfbid0poPsFZQh0sfis5FVBjy8bz2NmEGeNpkNH5u2pIUtGFgBHI2ikxTZkSkf,0,0,Photos,,,,,07/06/2023,,,0,0,0,0,0,0,,,,,
1024561408120000,100064197037125,"PC Merchandise","BUDGET BUILD ALERT 🚨 RYZEN 5 3400G + RTX 3050 — perfect for online class and gaming!",,0,"07/21/2023 02:13",,https://www.facebook.com/pcmerchandise.co/posts/pfbid0poPsFZQh0sfis5FVBjy8bz2NmEGeNpkNH5u2pIUtGFgBHI2ikxTZkSkf,0,0,Photos,,,,,07/07/2023,,,0,0,0,0,0,0,,,,,
1024561408120000,100064197037125,"PC Merchandise","BUDGET BUILD ALERT 🚨 RYZEN 5 3400G + RTX 3050 — perfect for online class and gaming!",,0,"07/21/2023 02:13",,https://www.facebook.com/pcmerchandise.co/posts/pfbid0poPsFZQh0sfis5FVBjy8bz2NmEGeNpkNH5u2pIUtGFgBHI2ikxTZkSkf,0,0,Photos,,,,,07/08/2023,,,0,0,0,0,0,0,,,,,
1024561408120000,100064197037125,"PC Merchandise","BUDGET BUILD ALERT 🚨 RYZEN 5 3400G + RTX 3050 — perfect for online class and gaming!",,0,"07/21/2023 02:13",,https://www.facebook.com/pcmerchandise.co/posts/pfbid0poPsFZQh0sfis5FVBjy8bz2NmEGeNpkNH5u2pIUtGFgBHI2ikxTZkSkf,0,0,Photos,,,,,07/09/2023,,,0,0,0,0,0,0,,,,,
1024561408120000,100064197037125,"PC Merchandise","BUDGET BUILD ALERT 🚨 RYZEN 5 3400G + RTX 3050 — perfect for online class and gaming!",,0,"07/21/2023 02:13",,https://www.facebook.com/pcmerchandise.co/posts/pfbid0poPsFZQh0sfis5FVBjy8bz2NmEGeNpkNH5u2pIUtGFgBHI2ikxTZkSkf,0,0,Photos,,,,,07/10/2023,,,0,0,0,0,0,0,,,,,
1024561408120000,100064197037125,"PC Merchandise","BUDGET BUILD ALERT 🚨 RYZEN 5 3400G + RTX 3050 — perfect for online class and gaming!",,0,"07/21/2023 02:13",,https://www.facebook.com/pcmerchandise.co/posts/pfbid0poPsFZQh0sfis5FVBjy8bz2NmEGeNpkNH5u2pIUtGFgBHI2ikxTZkSkf,0,0,Photos,,,,,07/11/2023,,,0,0,0,0,0,0,,,,,
1024561408120000,100064197037125,"PC Merchandise","BUDGET BUILD ALERT 🚨 RYZEN 5 3400G + RTX 3050 — perfect for online class and gaming!",,0,"07/21/2023 02:13",,https://www.facebook.com/pcmerchandise.co/posts/pfbid0poPsFZQh0sfis5FVBjy8bz2NmEGeNpkNH5u2pIUtGFgBHI2ikxTZkSkf,0,0,Photos,,,,,07/12/2023,,,0,0,0,0,0,0,,,,,
1024561408120000,100064197037125,"PC Merchandise","BUDGET BUILD ALERT 🚨 RYZEN 5 3400G + RTX 3050 — perfect for online class and gaming!",,0,"07/21/2023 02:13",,https://www.facebook.com/pcmerchandise.co/posts/pfbid0poPsFZQh0sfis5FVBjy8bz2NmEGeNpkNH5u2pIUtGFgBHI2ikxTZkSkf,0,0,Photos,,,,,07/13/2023,,,0,0,0,0,0,0,,,,,
1024561408120000,100064197037125,"PC Merchandise","BUDGET BUILD ALERT 🚨 RYZEN 5 3400G + RTX 3050 — perfect for online class and gaming!",,0,"07/21/2023 02:13",,https://www.facebook.com/pcmerchandise.co/posts/pfbid0poPsFZQh0sfis5FVBjy8bz2NmEGeNpkNH5u2pIUtGFgBHI2ikxTZkSkf,0,0,Photos,,,,,07/14/2023,,,0,0,0,0,0,0,,,,,
1024561408120000,100064197037125,"PC Merchandise","BUDGET BUILD ALERT 🚨 RYZEN 5 3400G + RTX 3050 — perfect for online class and gaming!",,0,"07/21/2023 02:13",,https://www.facebook.com/pcmerchandise.co/posts/pfbid0poPsFZQh0sfis5FVBjy8bz2NmEGeNpkNH5u2pIUtGFgBHI2ikxTZkSkf,0,0,Photos,,,,,07/15/2023,,,0,0,0,0,0,0,,,,,
1024561408120000,100064197037125,"PC Merchandise","BUDGET BUILD ALERT 🚨 RYZEN 5 3400G + RTX 3050 — perfect for online class and gaming!",,0,"07/21/2023 02:13",,https://www.facebook.com/pcmerchandise.co/posts/pfbid0poPsFZQh0sfis5FVBjy8bz2NmEGeNpkNH5u2pIUtGFgBHI2ikxTZkSkf,0,0,Photos,,,,,07/16/2023,,,0,0,0,0,0,0,,,,,
1024561408120000,100064197037125,"PC Merchandise","BUDGET BUILD ALERT 🚨 RYZEN 5 3400G + RTX 3050 — perfect for online class and gaming!",,0,"07/21/2023 02:13",,https://www.facebook.com/pcmerchandise.co/posts/pfbid0poPsFZQh0sfis5FVBjy8bz2NmEGeNpkNH5u2pIUtGFgBHI2ikxTZkSkf,0,0,Photos,,,,,07/17/2023,,,0,0,0,0,0,0,,,,,
1024561408120000,100064197037125,"PC Merchandise","BUDGET BUILD ALERT 🚨 RYZEN 5 3400G + RTX 3050 — perfect for online class and gaming!",,0,"07/21/2023 02:13",,https://www.facebook.com/pcmerchandise.co/posts/pfbid0poPsFZQh0sfis5FVBjy8bz2NmEGeNpkNH5u2pIUtGFgBHI2ikxTZkSkf,0,0,Photos,,,,,07/18/2023,,,0,0,0,0,0,0,,,,,
1024561408120000,100064197037125,"PC Merchandise","BUDGET BUILD ALERT 🚨 RYZEN 5 3400G + RTX 3050 — perfect for online class and gaming!",,0,"07/21/2023 02:13",,https://www.facebook.com/pcmerchandise.co/posts/pfbid0poPsFZQh0sfis5FVBjy8bz2NmEGeNpkNH5u2pIUtGFgBHI2ikxTZkSkf,0,0,Photos,,,,,07/19/2023,,,0,0,0,0,0,0,,,,,
1024561408120000,100064197037125,"PC Merchandise","BUDGET BUILD ALERT 🚨 RYZEN 5 3400G + RTX 3050 — perfect for online class and gaming!",,0,"07/21/2023 02:13",,https://www.facebook.com/pcmerchandise.co/posts/pfbid0poPsFZQh0sfis5FVBjy8bz2NmEGeNpkNH5u2pIUtGFgBHI2ikxTZkSkf,0,0,Photos,,,,,07/20/2023,,,0,0,0,0,0,0,,,,,
1024561408120000,100064197037125,"PC Merchandise","BUDGET BUILD ALERT 🚨 RYZEN 5 3400G + RTX 3050 — perfect for online class and gaming!",,0,"07/21/2023 02:13",,https://www.facebook.com/pcmerchandise.co/posts/pfbid0poPsFZQh0sfis5FVBjy8bz2NmEGeNpkNH5u2pIUtGFgBHI2ikxTZkSkf,0,0,Photos,,,,,07/21/2023,,,0,0,0,0,0,0,,,,,
1024561408120000,100064197037125,"PC Merchandise","BUDGET BUILD ALERT 🚨 RYZEN 5 3400G + RTX 3050 — perfect for online class and gaming!",,0,"07/21/2023 02:13",,https://www.facebook.com/pcmerchandise.co/posts/pfbid0poPsFZQh0sfis5FVBjy8bz2NmEGeNpkNH5u2pIUtGFgBHI2ikxTZkSkf,0,0,Photos,,,,,07/22/2023,,,0,0,0,0,0,0,,,,,
1024561408120000,100064197037125,"PC Merchandise","BUDGET BUILD ALERT 🚨 RYZEN 5 3400G + RTX 3050 — perfect for online class and gaming!",,0,"07/21/2023 02:13",,https://www.facebook.com/pcmerchandise.co/posts/pfbid0poPsFZQh0sfis5FVBjy8bz2NmEGeNpkNH5u2pIUtGFgBHI2ikxTZkSkf,0,0,Photos,,,,,07/23/2023,,,0,0,0,0,0,0,,,,,
1024561408120000,100064197037125,"PC Merchandise","BUDGET BUILD ALERT 🚨 RYZEN 5 3400G + RTX 3050 — perfect for online class and gaming!",,0,"07/21/2023 02:13",,https://www.facebook.com/pcmerchandise.co/posts/pfbid0poPsFZQh0sfis5FVBjy8bz2NmEGeNpkNH5u2pIUtGFgBHI2ikxTZkSkf,0,0,Photos,,,,,07/24/2023,,,0,0,0,0,0,0,,,,,
1024561408120000,100064197037125,"PC Merchandise","BUDGET BUILD ALERT 🚨 RYZEN 5 3400G + RTX 3050 — perfect for online class and gaming!",,0,"07/21/2023 02:13",,https://www.facebook.com/pcmerchandise.co/posts/pfbid0poPsFZQh0sfis5FVBjy8bz2NmEGeNpkNH5u2pIUtGFgBHI2ikxTZkSkf,0,0,Photos,,,,,07/25/2023,,,0,0,0,0,0,0,,,,,
1024561408120000,100064197037125,"PC Merchandise","BUDGET BUILD ALERT 🚨 RYZEN 5 3400G + RTX 3050 — perfect for online class and gaming!",,0,"07/21/2023 02:13",,https://www.facebook.com/pcmerchandise.co/posts/pfbid0poPsFZQh0sfis5FVBjy8bz2NmEGeNpkNH5u2pIUtGFgBHI2ikxTZkSkf,0,0,Photos,,,,,07/26/2023,,,0,0,0,0,0,0,,,,,
1024561408120000,100064197037125,"PC Merchandise","BUDGET BUILD ALERT 🚨 RYZEN 5 3400G + RTX 3050 — perfect for online class and gaming!",,0,"07/21/2023 02:13",,https://www.facebook.com/pcmerchandise.co/posts/pfbid0poPsFZQh0sfis5FVBjy8bz2NmEGeNpkNH5u2pIUtGFgBHI2ikxTZkSkf,0,0,Photos,,,,,07/27/2023,,,0,0,0,0,0,0,,,,,
1024561408120000,100064197037125,"PC Merchandise","BUDGET BUILD ALERT 🚨 RYZEN 5 3400G + RTX 3050 — perfect for online class and gaming!",,0,"07/21/2023 02:13",,https://www.facebook.com/pcmerchandise.co/posts/pfbid0poPsFZQh0sfis5FVBjy8bz2NmEGeNpkNH5u2pIUtGFgBHI2ikxTZkSkf,0,0,Photos,,,,,07/28/2023,,,0,0,0,0,0,0,,,,,
1024561408120000,100064197037125,"PC Merchandise","BUDGET BUILD ALERT 🚨 RYZEN 5 3400G + RTX 3050 — perfect for online class and gaming!",,0,"07/21/2023 02:13",,https://www.facebook.com/pcmerchandise.co/posts/pfbid0poPsFZQh0sfis5FVBjy8bz2NmEGeNpkNH5u2pIUtGFgBHI2ikxTZkSkf,0,0,Photos,,,,,07/29/2023,,,0,0,0,0,0,0,,,,,
1024561408120000,100064197037125,"PC Merchandise","BUDGET BUILD ALERT 🚨 RYZEN 5 3400G + RTX 3050 — perfect for online class and gaming!",,0,"07/21/2023 02:13",,https://www.facebook.com/pcmerchandise.co/posts/pfbid0poPsFZQh0sfis5FVBjy8bz2NmEGeNpkNH5u2pIUtGFgBHI2ikxTZkSkf,0,0,Photos,,,,,07/30/2023,,,0,0,0,0,0,0,,,,,
1024561408120000,100064197037125,"PC Merchandise","BUDGET BUILD ALERT 🚨 RYZEN 5 3400G + RTX 3050 — perfect for online class and gaming!",,0,"07/21/2023 02:13",,https://www.facebook.com/pcmerchandise.co/posts/pfbid0poPsFZQh0sfis5FVBjy8bz2NmEGeNpkNH5u2pIUtGFgBHI2ikxTZkSkf,0,0,Photos,,,,,07/31/2023,,,0,0,0,0,0,0,,,,,
1024329829957270,100064197037125,"PC Merchandise","Pa-mine na yan! i3 12100F gaming build, limited slots only this week.",,37,"07/19/2023 19:01",mixed,https://www.facebook.com/reel/1530098010203102/,0,0,Reels,,,,,07/01/2023,0,,,,,,0,0,0,0,0,0.000,4.721
1024329829957270,100064197037125,"PC Merchandise","Pa-mine na yan! i3 12100F gaming build, limited slots only this week.",,37,"07/19/2023 19:01",mixed,https://www.facebook.com/reel/1530098010203102/,0,0,Reels,,,,,07/02/2023,0,,,,,,0,0,0,0,0,0.000,3.172
1024329829957270,100064197037125,"PC Merchandise","Pa-mine na yan! i3 12100F gaming build, limited slots only this week.",,37,"07/19/2023 19:01",mixed,https://www.facebook.com/reel/1530098010203102/,0,0,Reels,,,,,07/03/2023,0,,,,,,0,0,0,0,0,0.000,3.616
1024329829957270,100064197037125,"PC Merchandise","Pa-mine na yan! i3 12100F gaming build, limited slots only this week.",,37,"07/19/2023 19:01",mixed,https://www.facebook.com/reel/1530098010203102/,0,0,Reels,,,,,07/04/2023,0,,,,,,0,0,0,0,0,0.000,3.516
1024329829957270,100064197037125,"PC Merchandise","Pa-mine na yan! i3 12100F gaming build, limited slots only this week.",,37,"07/19/2023 19:01",mixed,https://www.facebook.com/reel/1530098010203102/,0,0,Reels,,,,,07/05/2023,0,,,,,,0,0,0,0,0,0.000,3.613
1024329829957270,100064197037125,"PC Merchandise","Pa-mine na yan! i3 12100F gaming build, limited slots only this week.",,37,"07/19/2023 19:01",mixed,https://www.facebook.com/reel/1530098010203102/,0,0,Reels,,,,,07/06/2023,0,,,,,,0,0,0,0,0,0.000,4.559
1024329829957270,100064197037125,"PC Merchandise","Pa-mine na yan! i3 12100F gaming build, limited slots only this week.",,37,"07/19/2023 19:01",mixed,https://www.facebook.com/reel/1530098010203102/,0,0,Reels,,,,,07/07/2023,0,,,,,,0,0,0,0,0,0.000,3.779
1024329829957270,100064197037125,"PC Merchandise","Pa-mine na yan! i3 12100F gaming build, limited slots only this week.",,37,"07/19/2023 19:01",mixed,https://www.facebook.com/reel/1530098010203102/,0,0,Reels,,,,,07/08/2023,0,,,,,,0,0,0,0,0,0.000,4.276
1024329829957270,100064197037125,"PC Merchandise","Pa-mine na yan! i3 12100F gaming build, limited slots only this week.",,37,"07/19/2023 19:01",mixed,https://www.facebook.com/reel/1530098010203102/,0,0,Reels,,,,,07/09/2023,0,,,,,,0,0,0,0,0,0.000,3.976
1024329829957270,100064197037125,"PC Merchandise","Pa-mine na yan! i3 12100F gaming build, limited slots only this week.",,37,"07/19/2023 19:01",mixed,https://www.facebook.com/reel/1530098010203102/,0,0,Reels,,,,,07/10/2023,0,,,,,,0,0,0,0,0,0.000,4.297
1024329829957270,100064197037125,"PC Merchandise","Pa-mine na yan! i3 12100F gaming build, limited slots only this week.",,37,"07/19/2023 19:01",mixed,https://www.facebook.com/reel/1530098010203102/,0,0,Reels,,,,,07/11/2023,0,,,,,,0,0,0,0,0,0.000,4.710
1024329829957270,100064197037125,"PC Merchandise","Pa-mine na yan! i3 12100F gaming build, limited slots only this week.",,37,"07/19/2023 19:01",mixed,https://www.facebook.com/reel/1530098010203102/,0,0,Reels,,,,,07/12/2023,0,,,,,,0,0,0,0,0,0.000,4.064
1024329829957270,100064197037125,"PC Merchandise","Pa-mine na yan! i3 12100F gaming build, limited slots only this week.",,37,"07/19/2023 19:01",mixed,https://www.facebook.com/reel/1530098010203102/,0,0,Reels,,,,,07/13/2023,0,,,,,,0,0,0,0,0,0.000,3.163
1024329829957270,100064197037125,"PC Merchandise","Pa-mine na yan! i3 12100F gaming build, limited slots only this week.",,37,"07/19/2023 19:01",mixed,https://www.facebook.com/reel/1530098010203102/,0,0,Reels,,,,,07/14/2023,0,,,,,,0,0,0,0,0,0.000,4.354
1024329829957270,100064197037125,"PC Merchandise","Pa-mine na yan! i3 12100F gaming build, limited slots only this week.",,37,"07/19/2023 19:01",mixed,https://www.facebook.com/reel/1530098010203102/,0,0,Reels,,,,,07/15/2023,0,,,,,,0,0,0,0,0,0.000,2.878
1024329829957270,100064197037125,"PC Merchandise","Pa-mine na yan! i3 12100F gaming build, limited slots only this week.",,37,"07/19/2023 19:01",mixed,https://www.facebook.com/reel/1530098010203102/,0,0,Reels,,,,,07/16/2023,0,,,,,,0,0,0,0,0,0.000,5.749
1024329829957270,100064197037125,"PC Merchandise","Pa-mine na yan! i3 12100F gaming build, limited slots only this week.",,37,"07/19/2023 19:01",mixed,https://www.facebook.com/reel/1530098010203102/,0,0,Reels,,,,,07/17/2023,0,,,,,,0,0,0,0,0,0.000,2.993
1024329829957270,100064197037125,"PC Merchandise","Pa-mine na yan! i3 12100F gaming build, limited slots only this week.",,37,"07/19/2023 19:01",mixed,https://www.facebook.com/reel/1530098010203102/,0,0,Reels,,,,,07/18/2023,0,,,,,,0,0,0,0,0,0.000,4.528
1024329829957270,100064197037125,"PC Merchandise","Pa-mine na yan! i3 12100F gaming build, limited slots only this week.",,37,"07/19/2023 19:01",mixed,https://www.facebook.com/reel/1530098010203102/,0,0,Reels,,,,,07/19/2023,0,,,,,,0,0,0,0,0,84.350,3.890
1024329829957270,100064197037125,"PC Merchandise","Pa-mine na yan! i3 12100F gaming build, limited slots only this week.",,37,"07/19/2023 19:01",mixed,https://www.facebook.com/reel/1530098010203102/,0,0,Reels,,,,,07/20/2023,0,,,,,,0,0,0,0,0,104.983,4.046
1024329829957270,100064197037125,"PC Merchandise","Pa-mine na yan! i3 12100F gaming build, limited slots only this week.",,37,"07/19/2023 19:01",mixed,https://www.facebook.com/reel/1530098010203102/,0,0,Reels,,,,,07/21/2023,0,,,,,,0,0,0,0,0,79.277,5.937
1024329829957270,100064197037125,"PC Merchandise","Pa-mine na yan! i3 12100F gaming build, limited slots only this week.",,37,"07/19/2023 19:01",mixed,https://www.facebook.com/reel/1530098010203102/,0,0,Reels,,,,,07/22/2023,0,,,,,,0,0,0,0,0,57.110,3.194
1024329829957270,100064197037125,"PC Merchandise","Pa-mine na yan! i3 12100F gaming build, limited slots only this week.",,37,"07/19/2023 19:01",mixed,https://www.facebook.com/reel/1530098010203102/,0,0,Reels,,,,,07/23/2023,0,,,,,,0,0,0,0,0,22.217,5.024
1024329829957270,100064197037125,"PC Merchandise","Pa-mine na yan! i3 12100F gaming build, limited slots only this week.",,37,"07/19/2023 19:01",mixed,https://www.facebook.com/reel/1530098010203102/,0,0,Reels,,,,,07/24/2023,0,,,,,,0,0,0,0,0,18.074,2.277
1024329829957270,100064197037125,"PC Merchandise","Pa-mine na yan! i3 12100F gaming build, limited slots only this week.",,37,"07/19/2023 19:01",mixed,https://www.facebook.com/reel/1530098010203102/,0,0,Reels,,,,,07/25/2023,0,,,,,,0,0,0,0,0,44.829,3.356
1024329829957270,100064197037125,"PC Merchandise","Pa-mine na yan! i3 12100F gaming build, limited slots only this week.",,37,"07/19/2023 19:01",mixed,https://www.facebook.com/reel/1530098010203102/,0,0,Reels,,,,,07/26/2023,0,,,,,,0,0,0,0,0,18.306,3.571
1024329829957270,100064197037125,"PC Merchandise","Pa-mine na yan! i3 12100F gaming build, limited slots only this week.",,37,"07/19/2023 19:01",mixed,https://www.facebook.com/reel/1530098010203102/,0,0,Reels,,,,,07/27/2023,0,,,,,,0,0,0,0,0,11.578,5.930
1024329829957270,100064197037125,"PC Merchandise","Pa-mine na yan! i3 12100F gaming build, limited slots only this week.",,37,"07/19/2023 19:01",mixed,https://www.facebook.com/reel/1530098010203102/,0,0,Reels,,,,,07/28/2023,0,,,,,,0,0,0,0,0,7.603,3.941
1024329829957270,100064197037125,"PC Merchandise","Pa-mine na yan! i3 12100F gaming build, limited slots only this week.",,37,"07/19/2023 19:01",mixed,https://www.facebook.com/reel/1530098010203102/,0,0,Reels,,,,,07/29/2023,0,,,,,,0,0,0,0,0,17.947,5.188
1024329829957270,100064197037125,"PC Merchandise","Pa-mine na yan! i3 12100F gaming build, limited slots only this week.",,37,"07/19/2023 19:01",mixed,https://www.facebook.com/reel/1530098010203102/,0,0,Reels,,,,,07/30/2023,0,,,,,,0,0,0,0,0,8.501,4.130
1024329829957270,100064197037125,"PC Merchandise","Pa-mine na yan! i3 12100F gaming build, limited slots only this week.",,37,"07/19/2023 19:01",mixed,https://www.facebook.com/reel/1530098010203102/,0,0,Reels,,,,,07/31/2023,0,,,,,,0,0,0,0,0,4.972,3.780
1024535739734132,100064197037125,"PC Merchandise","ito na po yung ghost project🥲",,0,"07/19/2023 15:41",,https://www.facebook.com/pcmerchandise.co/posts/pfbid0nCVMdI9Z7x6wRGGAtX2li3Wje22eUcfj2XIptvw3LdoLHZPil2Zq3Apd,0,0,Photos,,,,,07/31/2023,0,,,,,,,,,,,,
1024535739734132,100064197037125,"PC Merchandise","ito na po yung ghost project🥲",,0,"07/19/2023 15:41",,https://www.facebook.com/pcmerchandise.co/posts/pfbid0nCVMdI9Z7x6wRGGAtX2li3Wje22eUcfj2XIptvw3LdoLHZPil2Zq3Apd,0,0,Photos,,,,,07/01/2023,,,0,0,0,0,0,0,,,,,
1024535739734132,100064197037125,"PC Merchandise","ito na po yung ghost project🥲",,0,"07/19/2023 15:41",,https://www.facebook.com/pcmerchandise.co/posts/pfbid0nCVMdI9Z7x6wRGGAtX2li3Wje22eUcfj2XIptvw3LdoLHZPil2Zq3Apd,0,0,Photos,,,,,07/02/2023,,,0,0,0,0,0,0,,,,,
1024535739734132,100064197037125,"PC Merchandise","ito na po yung ghost project🥲",,0,"07/19/2023 15:41",,https://www.facebook.com/pcmerchandise.co/posts/pfbid0nCVMdI9Z7x6wRGGAtX2li3Wje22eUcfj2XIptvw3LdoLHZPil2Zq3Apd,0,0,Photos,,,,,07/03/2023,,,0,0,0,0,0,0,,,,,
1024535739734132,100064197037125,"PC Merchandise","ito na po yung ghost project🥲",,0,"07/19/2023 15:41",,https://www.facebook.com/pcmerchandise.co/posts/pfbid0nCVMdI9Z7x6wRGGAtX2li3Wje22eUcfj2XIptvw3LdoLHZPil2Zq3Apd,0,0,Photos,,,,,07/04/2023,,,0,0,0,0,0,0,,,,,
1024535739734132,100064197037125,"PC Merchandise","ito na po yung ghost project🥲",,0,"07/19/2023 15:41",,https://www.facebook.com/pcmerchandise.co/posts/pfbid0nCVMdI9Z7x6wRGGAtX2li3Wje22eUcfj2XIptvw3LdoLHZPil2Zq3Apd,0,0,Photos,,,,,07/05/2023,,,0,0,0,0,0,0,,,,,
1024535739734132,100064197037125,"PC Merchandise","ito na po yung ghost project🥲",,0,"07/19/2023 15:41",,https://www.facebook.com/pcmerchandise.co/posts/pfbid0nCVMdI9Z7x6wRGGAtX2li3Wje22eUcfj2XIptvw3LdoLHZPil2Zq3Apd,0,0,Photos,,,,,07/06/2023,,,0,0,0,0,0,0,,,,,
1024535739734132,100064197037125,"PC Merchandise","ito na po yung ghost project🥲",,0,"07/19/2023 15:41",,https://www.facebook.com/pcmerchandise.co/posts/pfbid0nCVMdI9Z7x6wRGGAtX2li3Wje22eUcfj2XIptvw3LdoLHZPil2Zq3Apd,0,0,Photos,,,,,07/07/2023,,,0,0,0,0,0,0,,,,,
1024535739734132,100064197037125,"PC Merchandise","ito na po yung ghost project🥲",,0,"07/19/2023 15:41",,https://www.facebook.com/pcmerchandise.co/posts/pfbid0nCVMdI9Z7x6wRGGAtX2li3Wje22eUcfj2XIptvw3LdoLHZPil2Zq3Apd,0,0,Photos,,,,,07/08/2023,,,0,0,0,0,0,0,,,,,
1024535739734132,100064197037125,"PC Merchandise","ito na po yung ghost project🥲",,0,"07/19/2023 15:41",,https://www.facebook.com/pcmerchandise.co/posts/pfbid0nCVMdI9Z7x6wRGGAtX2li3Wje22eUcfj2XIptvw3LdoLHZPil2Zq3Apd,0,0,Photos,,,,,07/09/2023,,,0,0,0,0,0,0,,,,,
1024535739734132,100064197037125,"PC Merchandise","ito na po yung ghost project🥲",,0,"07/19/2023 15:41",,https://www.facebook.com/pcmerchandise.co/posts/pfbid0nCVMdI9Z7x6wRGGAtX2li3Wje22eUcfj2XIptvw3LdoLHZPil2Zq3Apd,0,0,Photos,,,,,07/10/2023,,,0,0,0,0,0,0,,,,,
1024535739734132,100064197037125,"PC Merchandise","ito na po yung ghost project🥲",,0,"07/19/2023 15:41",,https://www.facebook.com/pcmerchandise.co/posts/pfbid0nCVMdI9Z7x6wRGGAtX2li3Wje22eUcfj2XIptvw3LdoLHZPil2Zq3Apd,0,0,Photos,,,,,07/11/2023,,,0,0,0,0,0,0,,,,,
1024535739734132,100064197037125,"PC Merchandise","ito na po yung ghost project🥲",,0,"07/19/2023 15:41",,https://www.facebook.com/pcmerchandise.co/posts/pfbid0nCVMdI9Z7x6wRGGAtX2li3Wje22eUcfj2XIptvw3LdoLHZPil2Zq3Apd,0,0,Photos,,,,,07/12/2023,,,0,0,0,0,0,0,,,,,
1024535739734132,100064197037125,"PC Merchandise","ito na po yung ghost project🥲",,0,"07/19/2023 15:41",,https://www.facebook.com/pcmerchandise.co/posts/pfbid0nCVMdI9Z7x6wRGGAtX2li3Wje22eUcfj2XIptvw3LdoLHZPil2Zq3Apd,0,0,Photos,,,,,07/13/2023,,,0,0,0,0,0,0,,,,,
1024535739734132,100064197037125,"PC Merchandise","ito na po yung ghost project🥲",,0,"07/19/2023 15:41",,https://www.facebook.com/pcmerchandise.co/posts/pfbid0nCVMdI9Z7x6wRGGAtX2li3Wje22eUcfj2XIptvw3LdoLHZPil2Zq3Apd,0,0,Photos,,,,,07/14/2023,,,0,0,0,0,0,0,,,,,
1024535739734132,100064197037125,"PC Merchandise","ito na po yung ghost project🥲",,0,"07/19/2023 15:41",,https://www.facebook.com/pcmerchandise.co/posts/pfbid0nCVMdI9Z7x6wRGGAtX2li3Wje22eUcfj2XIptvw3LdoLHZPil2Zq3Apd,0,0,Photos,,,,,07/15/2023,,,0,0,0,0,0,0,,,,,
1024535739734132,100064197037125,"PC Merchandise","ito na po yung ghost project🥲",,0,"07/19/2023 15:41",,https://www.facebook.com/pcmerchandise.co/posts/pfbid0nCVMdI9Z7x6wRGGAtX2li3Wje22eUcfj2XIptvw3LdoLHZPil2Zq3Apd,0,0,Photos,,,,,07/16/2023,,,0,0,0,0,0,0,,,,,
1024535739734132,100064197037125,"PC Merchandise","ito na po yung ghost project🥲",,0,"07/19/2023 15:41",,https://www.facebook.com/pcmerchandise.co/posts/pfbid0nCVMdI9Z7x6wRGGAtX2li3Wje22eUcfj2XIptvw3LdoLHZPil2Zq3Apd,0,0,Photos,,,,,07/17/2023,,,0,0,0,0,0,0,,,,,
1024535739734132,100064197037125,"PC Merchandise","ito na po yung ghost project🥲",,0,"07/19/2023 15:41",,https://www.facebook.com/pcmerchandise.co/posts/pfbid0nCVMdI9Z7x6wRGGAtX2li3Wje22eUcfj2XIptvw3LdoLHZPil2Zq3Apd,0,0,Photos,,,,,07/18/2023,,,0,0,0,0,0,0,,,,,
1024535739734132,100064197037125,"PC Merchandise","ito na po yung ghost project🥲",,0,"07/19/2023 15:41",,https://www.facebook.com/pcmerchandise.co/posts/pfbid0nCVMdI9Z7x6wRGGAtX2li3Wje22eUcfj2XIptvw3LdoLHZPil2Zq3Apd,0,0,Photos,,,,,07/19/2023,,,0,0,0,0,0,0,,,,,
1024535739734132,100064197037125,"PC Merchandise","ito na po yung ghost project🥲",,0,"07/19/2023 15:41",,https://www.facebook.com/pcmerchandise.co/posts/pfbid0nCVMdI9Z7x6wRGGAtX2li3Wje22eUcfj2XIptvw3LdoLHZPil2Zq3Apd,0,0,Photos,,,,,07/20/2023,,,0,0,0,0,0,0,,,,,
1024535739734132,100064197037125,"PC Merchandise","ito na po yung ghost project🥲",,0,"07/19/2023 15:41",,https://www.facebook.com/pcmerchandise.co/posts/pfbid0nCVMdI9Z7x6wRGGAtX2li3Wje22eUcfj2XIptvw3LdoLHZPil2Zq3Apd,0,0,Photos,,,,,07/21/2023,,,0,0,0,0,0,0,,,,,
1024535739734132,100064197037125,"PC Merchandise","ito na po yung ghost project🥲",,0,"07/19/2023 15:41",,https://www.facebook.com/pcmerchandise.co/posts/pfbid0nCVMdI9Z7x6wRGGAtX2li3Wje22eUcfj2XIptvw3LdoLHZPil2Zq3Apd,0,0,Photos,,,,,07/22/2023,,,0,0,0,0,0,0,,,,,
1024535739734132,100064197037125,"PC Merchandise","ito na po yung ghost project🥲",,0,"07/19/2023 15:41",,https://www.facebook.com/pcmerchandise.co/posts/pfbid0nCVMdI9Z7x6wRGGAtX2li3Wje22eUcfj2XIptvw3LdoLHZPil2Zq3Apd,0,0,Photos,,,,,07/23/2023,,,0,0,0,0,0,0,,,,,
1024535739734132,100064197037125,"PC Merchandise","ito na po yung ghost project🥲",,0,"07/19/2023 15:41",,https://www.facebook.com/pcmerchandise.co/posts/pfbid0nCVMdI9Z7x6wRGGAtX2li3Wje22eUcfj2XIptvw3LdoLHZPil2Zq3Apd,0,0,Photos,,,,,07/24/2023,,,0,0,0,0,0,0,,,,,
1024535739734132,100064197037125,"PC Merchandise","ito na po yung ghost project🥲",,0,"07/19/2023 15:41",,https://www.facebook.com/pcmerchandise.co/posts/pfbid0nCVMdI9Z7x6wRGGAtX2li3Wje22eUcfj2XIptvw3LdoLHZPil2Zq3Apd,0,0,Photos,,,,,07/25/2023,,,0,0,0,0,0,0,,,,,
1024535739734132,100064197037125,"PC Merchandise","ito na po yung ghost project🥲",,0,"07/19/2023 15:41",,https://www.facebook.com/pcmerchandise.co/posts/pfbid0nCVMdI9Z7x6wRGGAtX2li3Wje22eUcfj2XIptvw3LdoLHZPil2Zq3Apd,0,0,Photos,,,,,07/26/2023,,,0,0,0,0,0,0,,,,,
1024535739734132,100064197037125,"PC Merchandise","ito na po yung ghost project🥲",,0,"07/19/2023 15:41",,https://www.facebook.com/pcmerchandise.co/posts/pfbid0nCVMdI9Z7x6wRGGAtX2li3Wje22eUcfj2XIptvw3LdoLHZPil2Zq3Apd,0,0,Photos,,,,,07/27/2023,,,0,0,0,0,0,0,,,,,
1024535739734132,100064197037125,"PC Merchandise","ito na po yung ghost project🥲",,0,"07/19/2023 15:41",,https://www.facebook.com/pcmerchandise.co/posts/pfbid0nCVMdI9Z7x6wRGGAtX2li3Wje22eUcfj2XIptvw3LdoLHZPil2Zq3Apd,0,0,Photos,,,,,07/28/2023,,,0,0,0,0,0,0,,,,,
1024535739734132,100064197037125,"PC Merchandise","ito na po yung ghost project🥲",,0,"07/19/2023 15:41",,https://www.facebook.com/pcmerchandise.co/posts/pfbid0nCVMdI9Z7x6wRGGAtX2li3Wje22eUcfj2XIptvw3LdoLHZPil2Zq3Apd,0,0,Photos,,,,,07/29/2023,,,0,0,0,0,0,0,,,,,
1024535739734132,100064197037125,"PC Merchandise","ito na po yung ghost project🥲",,0,"07/19/2023 15:41",,https://www.facebook.com/pcmerchandise.co/posts/pfbid0nCVMdI9Z7x6wRGGAtX2li3Wje22eUcfj2XIptvw3LdoLHZPil2Zq3Apd,0,0,Photos,,,,,07/30/2023,,,0,0,0,0,0,0,,,,,
1024535739734132,100064197037125,"PC Merchandise","ito na po yung ghost project🥲",,0,"07/19/2023 15:41",,https://www.facebook.com/pcmerchandise.co/posts/pfbid0nCVMdI9Z7x6wRGGAtX2li3Wje22eUcfj2XIptvw3LdoLHZPil2Zq3Apd,0,0,Photos,,,,,07/31/2023,,,0,0,0,0,0,0,,,,,
1024124002488285,100064197037125,"PC Merchandise","BUDGET BUILD ALERT 🚨 RYZEN 5 4600G + RX 580 — perfect for online class and gaming!",,42,"07/18/2023 22:00",mixed,https://www.facebook.com/reel/1108483356930533/,0,0,Reels,,,,,07/01/2023,0,,,,,,0,0,0,0,0,0.000,6.412
1024124002488285,100064197037125,"PC Merchandise","BUDGET BUILD ALERT 🚨 RYZEN 5 4600G + RX 580 — perfect for online class and gaming!",,42,"07/18/2023 22:00",mixed,https://www.facebook.com/reel/1108483356930533/,0,0,Reels,,,,,07/02/2023,0,,,,,,0,0,0,0,0,0.000,4.954
1024124002488285,100064197037125,"PC Merchandise","BUDGET BUILD ALERT 🚨 RYZEN 5 4600G + RX 580 — perfect for online class and gaming!",,42,"07/18/2023 22:00",mixed,https://www.facebook.com/reel/1108483356930533/,0,0,Reels,,,,,07/03/2023,0,,,,,,0,0,0,0,0,0.000,5.825
1024124002488285,100064197037125,"PC Merchandise","BUDGET BUILD ALERT 🚨 RYZEN 5 4600G + RX 580 — perfect for online class and gaming!",,42,"07/18/2023 22:00",mixed,https://www.facebook.com/reel/1108483356930533/,0,0,Reels,,,,,07/04/2023,0,,,,,,0,0,0,0,0,0.000,5.535
1024124002488285,100064197037125,"PC Merchandise","BUDGET BUILD ALERT 🚨 RYZEN 5 4600G + RX 580 — perfect for online class and gaming!",,42,"07/18/2023 22:00",mixed,https://www.facebook.com/reel/1108483356930533/,0,0,Reels,,,,,07/05/2023,0,,,,,,0,0,0,0,0,0.000,4.557
1024124002488285,100064197037125,"PC Merchandise","BUDGET BUILD ALERT 🚨 RYZEN 5 4600G + RX 580 — perfect for online class and gaming!",,42,"07/18/2023 22:00",mixed,https://www.facebook.com/reel/1108483356930533/,0,0,Reels,,,,,07/06/2023,0,,,,,,0,0,0,0,0,0.000,5.015
1024124002488285,100064197037125,"PC Merchandise","BUDGET BUILD ALERT 🚨 RYZEN 5 4600G + RX 580 — perfect for online class and gaming!",,42,"07/18/2023 22:00",mixed,https://www.facebook.com/reel/1108483356930533/,0,0,Reels,,,,,07/07/2023,0,,,,,,0,0,0,0,0,0.000,5.613
1024124002488285,100064197037125,"PC Merchandise","BUDGET BUILD ALERT 🚨 RYZEN 5 4600G + RX 580 — perfect for online class and gaming!",,42,"07/18/2023 22:00",mixed,https://www.facebook.com/reel/1108483356930533/,0,0,Reels,,,,,07/08/2023,0,,,,,,0,0,0,0,0,0.000,6.054
1024124002488285,100064197037125,"PC Merchandise","BUDGET BUILD ALERT 🚨 RYZEN 5 4600G + RX 580 — perfect for online class and gaming!",,42,"07/18/2023 22:00",mixed,https://www.facebook.com/reel/1108483356930533/,0,0,Reels,,,,,07/09/2023,0,,,,,,0,0,0,0,0,0.000,4.795
1024124002488285,100064197037125,"PC Merchandise","BUDGET BUILD ALERT 🚨 RYZEN 5 4600G + RX 580 — perfect for online class and gaming!",,42,"07/18/2023 22:00",mixed,https://www.facebook.com/reel/1108483356930533/,0,0,Reels,,,,,07/10/2023,0,,,,,,0,0,0,0,0,0.000,5.805
1024124002488285,100064197037125,"PC Merchandise","BUDGET BUILD ALERT 🚨 RYZEN 5 4600G + RX 580 — perfect for online class and gaming!",,42,"07/18/2023 22:00",mixed,https://www.facebook.com/reel/1108483356930533/,0,0,Reels,,,,,07/11/2023,0,,,,,,0,0,0,0,0,0.000,4.930
1024124002488285,100064197037125,"PC Merchandise","BUDGET BUILD ALERT 🚨 RYZEN 5 4600G + RX 580 — perfect for online class and gaming!",,42,"07/18/2023 22:00",mixed,https://www.facebook.com/reel/1108483356930533/,0,0,Reels,,,,,07/12/2023,0,,,,,,0,0,0,0,0,0.000,4.673
1024124002488285,100064197037125,"PC Merchandise","BUDGET BUILD ALERT 🚨 RYZEN 5 4600G + RX 580 — perfect for online class and gaming!",,42,"07/18/2023 22:00",mixed,https://www.facebook.com/reel/1108483356930533/,0,0,Reels,,,,,07/13/2023,0,,,,,,0,0,0,0,0,0.000,5.200
1024124002488285,100064197037125,"PC Merchandise","BUDGET BUILD ALERT 🚨 RYZEN 5 4600G + RX 580 — perfect for online class and gaming!",,42,"07/18/2023 22:00",mixed,https://www.facebook.com/reel/1108483356930533/,0,0,Reels,,,,,07/14/2023,0,,,,,,0,0,0,0,0,0.000,4.505
1024124002488285,100064197037125,"PC Merchandise","BUDGET BUILD ALERT 🚨 RYZEN 5 4600G + RX 580 — perfect for online class and gaming!",,42,"07/18/2023 22:00",mixed,https://www.facebook.com/reel/1108483356930533/,0,0,Reels,,,,,07/15/2023,0,,,,,,0,0,0,0,0,0.000,5.121
1024124002488285,100064197037125,"PC Merchandise","BUDGET BUILD ALERT 🚨 RYZEN 5 4600G + RX 580 — perfect for online class and gaming!",,42,"07/18/2023 22:00",mixed,https://www.facebook.com/reel/1108483356930533/,0,0,Reels,,,,,07/16/2023,0,,,,,,0,0,0,0,0,0.000,5.189
1024124002488285,100064197037125,"PC Merchandise","BUDGET BUILD ALERT 🚨 RYZEN 5 4600G + RX 580 — perfect for online class and gaming!",,42,"07/18/2023 22:00",mixed,https://www.facebook.com/reel/1108483356930533/,0,0,Reels,,,,,07/17/2023,0,,,,,,0,0,0,0,0,0.000,5.921
1024124002488285,100064197037125,"PC Merchandise","BUDGET BUILD ALERT 🚨 RYZEN 5 4600G + RX 580 — perfect for online class and gaming!",,42,"07/18/2023 22:00",mixed,https://www.facebook.com/reel/1108483356930533/,0,0,Reels,,,,,07/18/2023,0,,,,,,56,0,0,0,0,77.454,4.310
1024124002488285,100064197037125,"PC Merchandise","BUDGET BUILD ALERT 🚨 RYZEN 5 4600G + RX 580 — perfect for online class and gaming!",,42,"07/18/2023 22:00",mixed,https://www.facebook.com/reel/1108483356930533/,0,0,Reels,,,,,07/19/2023,0,,,,,,48,0,0,0,0,50.127,4.153
1024124002488285,100064197037125,"PC Merchandise","BUDGET BUILD ALERT 🚨 RYZEN 5 4600G + RX 580 — perfect for online class and gaming!",,42,"07/18/2023 22:00",mixed,https://www.facebook.com/reel/1108483356930533/,0,0,Reels,,,,,07/20/2023,0,,,,,,43,0,0,0,0,46.905,4.805
1024124002488285,100064197037125,"PC Merchandise","BUDGET BUILD ALERT 🚨 RYZEN 5 4600G + RX 580 — perfect for online class and gaming!",,42,"07/18/2023 22:00",mixed,https://www.facebook.com/reel/1108483356930533/,0,0,Reels,,,,,07/21/2023,0,,,,,,54,0,0,0,0,32.928,5.499
1024124002488285,100064197037125,"PC Merchandise","BUDGET BUILD ALERT 🚨 RYZEN 5 4600G + RX 580 — perfect for online class and gaming!",,42,"07/18/2023 22:00",mixed,https://www.facebook.com/reel/1108483356930533/,0,0,Reels,,,,,07/22/2023,0,,,,,,55,0,1,0,1,46.221,4.605
1024124002488285,100064197037125,"PC Merchandise","BUDGET BUILD ALERT 🚨 RYZEN 5 4600G + RX 580 — perfect for online class and gaming!",,42,"07/18/2023 22:00",mixed,https://www.facebook.com/reel/1108483356930533/,0,0,Reels,,,,,07/23/2023,0,,,,,,51,0,0,0,0,12.081,5.014
1024124002488285,100064197037125,"PC Merchandise","BUDGET BUILD ALERT 🚨 RYZEN 5 4600G + RX 580 — perfect for online class and gaming!",,42,"07/18/2023 22:00",mixed,https://www.facebook.com/reel/1108483356930533/,0,0,Reels,,,,,07/24/2023,0,,,,,,60,0,0,0,0,21.397,4.514
1024124002488285,100064197037125,"PC Merchandise","BUDGET BUILD ALERT 🚨 RYZEN 5 4600G + RX 580 — perfect for online class and gaming!",,42,"07/18/2023 22:00",mixed,https://www.facebook.com/reel/1108483356930533/,0,0,Reels,,,,,07/25/2023,0,,,,,,47,0,0,0,0,15.990,4.638
1024124002488285,100064197037125,"PC Merchandise","BUDGET BUILD ALERT 🚨 RYZEN 5 4600G + RX 580 — perfect for online class and gaming!",,42,"07/18/2023 22:00",mixed,https://www.facebook.com/reel/1108483356930533/,0,0,Reels,,,,,07/26/2023,0,,,,,,44,0,0,0,0,18.749,4.629
1024124002488285,100064197037125,"PC Merchandise","BUDGET BUILD ALERT 🚨 RYZEN 5 4600G + RX 580 — perfect for online class and gaming!",,42,"07/18/2023 22:00",mixed,https://www.facebook.com/reel/1108483356930533/,0,0,Reels,,,,,07/27/2023,0,,,,,,0,0,0,0,0,14.797,5.308
1024124002488285,100064197037125,"PC Merchandise","BUDGET BUILD ALERT 🚨 RYZEN 5 4600G + RX 580 — perfect for online class and gaming!",,42,"07/18/2023 22:00",mixed,https://www.facebook.com/reel/1108483356930533/,0,0,Reels,,,,,07/28/2023,0,,,,,,0,0,0,0,0,5.454,4.568
1024124002488285,100064197037125,"PC Merchandise","BUDGET BUILD ALERT 🚨 RYZEN 5 4600G + RX 580 — perfect for online class and gaming!",,42,"07/18/2023 22:00",mixed,https://www.facebook.com/reel/1108483356930533/,0,0,Reels,,,,,07/29/2023,0,,,,,,0,0,0,0,0,10.287,5.169
1024124002488285,100064197037125,"PC Merchandise","BUDGET BUILD ALERT 🚨 RYZEN 5 4600G + RX 580 — perfect for online class and gaming!",,42,"07/18/2023 22:00",mixed,https://www.facebook.com/reel/1108483356930533/,0,0,Reels,,,,,07/30/2023,0,,,,,,0,0,0,0,0,8.149,4.823
1024124002488285,100064197037125,"PC Merchandise","BUDGET BUILD ALERT 🚨 RYZEN 5 4600G + RX 580 — perfect for online class and gaming!",,42,"07/18/2023 22:00",mixed,https://www.facebook.com/reel/1108483356930533/,0,0,Reels,,,,,07/31/2023,0,,,,,,0,0,0,0,0,7.758,5.635
1024463962131237,100064197037125,"PC Merchandise","Paano kung sabihin ko sayo na kaya mo na mag RTX 3050 build under budget? 👀",,70,"07/18/2023 19:00",,https://www.facebook.com/reel/1817079814975711/,0,1,Reels,,,,,07/01/2023,0,,,,,,0,0,0,0,0,0.000,4.728
1024463962131237,100064197037125,"PC Merchandise","Paano kung sabihin ko sayo na kaya mo na mag RTX 3050 build under budget? 👀",,70,"07/18/2023 19:00",,https://www.facebook.com/reel/1817079814975711/,0,1,Reels,,,,,07/02/2023,0,,,,,,0,0,0,0,0,0.000,3.996
1024463962131237,100064197037125,"PC Merchandise","Paano kung sabihin ko sayo na kaya mo na mag RTX 3050 build under budget? 👀",,70,"07/18/2023 19:00",,https://www.facebook.com/reel/1817079814975711/,0,1,Reels,,,,,07/03/2023,0,,,,,,0,0,0,0,0,0.000,3.886
1024463962131237,100064197037125,"PC Merchandise","Paano kung sabihin ko sayo na kaya mo na mag RTX 3050 build under budget? 👀",,70,"07/18/2023 19:00",,https://www.facebook.com/reel/1817079814975711/,0,1,Reels,,,,,07/04/2023,0,,,,,,0,0,0,0,0,0.000,5.512
1024463962131237,100064197037125,"PC Merchandise","Paano kung sabihin ko sayo na kaya mo na mag RTX 3050 build under budget? 👀",,70,"07/18/2023 19:00",,https://www.facebook.com/reel/1817079814975711/,0,1,Reels,,,,,07/05/2023,0,,,,,,0,0,0,0,0,0.000,4.878
1024463962131237,100064197037125,"PC Merchandise","Paano kung sabihin ko sayo na kaya mo na mag RTX 3050 build under budget? 👀",,70,"07/18/2023 19:00",,https://www.facebook.com/reel/1817079814975711/,0,1,Reels,,,,,07/06/2023,0,,,,,,0,0,0,0,0,0.000,4.555
1024463962131237,100064197037125,"PC Merchandise","Paano kung sabihin ko sayo na kaya mo na mag RTX 3050 build under budget? 👀",,70,"07/18/2023 19:00",,https://www.facebook.com/reel/1817079814975711/,0,1,Reels,,,,,07/07/2023,0,,,,,,0,0,0,0,0,0.000,5.291
1024463962131237,100064197037125,"PC Merchandise","Paano kung sabihin ko sayo na kaya mo na mag RTX 3050 build under budget? 👀",,70,"07/18/2023 19:00",,https://www.facebook.com/reel/1817079814975711/,0,1,Reels,,,,,07/08/2023,0,,,,,,0,0,0,0,0,0.000,5.464
1024463962131237,100064197037125,"PC Merchandise","Paano kung sabihin ko sayo na kaya mo na mag RTX 3050 build under budget? 👀",,70,"07/18/2023 19:00",,https://www.facebook.com/reel/1817079814975711/,0,1,Reels,,,,,07/09/2023,0,,,,,,0,0,0,0,0,0.000,2.329
1024463962131237,100064197037125,"PC Merchandise","Paano kung sabihin ko sayo na kaya mo na mag RTX 3050 build under budget? 👀",,70,"07/18/2023 19:00",,https://www.facebook.com/reel/1817079814975711/,0,1,Reels,,,,,07/10/2023,0,,,,,,0,0,0,0,0,0.000,2.678
1024463962131237,100064197037125,"PC Merchandise","Paano kung sabihin ko sayo na kaya mo na mag RTX 3050 build under budget? 👀",,70,"07/18/2023 19:00",,https://www.facebook.com/reel/1817079814975711/,0,1,Reels,,,,,07/11/2023,0,,,,,,0,0,0,0,0,0.000,4.334
1024463962131237,100064197037125,"PC Merchandise","Paano kung sabihin ko sayo na kaya mo na mag RTX 3050 build under budget? 👀",,70,"07/18/2023 19:00",,https://www.facebook.com/reel/1817079814975711/,0,1,Reels,,,,,07/12/2023,0,,,,,,0,0,0,0,0,0.000,5.199
1024463962131237,100064197037125,"PC Merchandise","Paano kung sabihin ko sayo na kaya mo na mag RTX 3050 build under budget? 👀",,70,"07/18/2023 19:00",,https://www.facebook.com/reel/1817079814975711/,0,1,Reels,,,,,07/13/2023,0,,,,,,0,0,0,0,0,0.000,4.133
1024463962131237,100064197037125,"PC Merchandise","Paano kung sabihin ko sayo na kaya mo na mag RTX 3050 build under budget? 👀",,70,"07/18/2023 19:00",,https://www.facebook.com/reel/1817079814975711/,0,1,Reels,,,,,07/14/2023,0,,,,,,0,0,0,0,0,0.000,5.136
1024463962131237,100064197037125,"PC Merchandise","Paano kung sabihin ko sayo na kaya mo na mag RTX 3050 build under budget? 👀",,70,"07/18/2023 19:00",,https://www.facebook.com/reel/1817079814975711/,0,1,Reels,,,,,07/15/2023,0,,,,,,0,0,0,0,0,0.000,5.384
1024463962131237,100064197037125,"PC Merchandise","Paano kung sabihin ko sayo na kaya mo na mag RTX 3050 build under budget? 👀",,70,"07/18/2023 19:00",,https://www.facebook.com/reel/1817079814975711/,0,1,Reels,,,,,07/16/2023,0,,,,,,0,0,0,0,0,0.000,4.343
1024463962131237,100064197037125,"PC Merchandise","Paano kung sabihin ko sayo na kaya mo na mag RTX 3050 build under budget? 👀",,70,"07/18/2023 19:00",,https://www.facebook.com/reel/1817079814975711/,0,1,Reels,,,,,07/17/2023,0,,,,,,0,0,0,0,0,0.000,4.127
1024463962131237,100064197037125,"PC Merchandise","Paano kung sabihin ko sayo na kaya mo na mag RTX 3050 build under budget? 👀",,70,"07/18/2023 19:00",,https://www.facebook.com/reel/1817079814975711/,0,1,Reels,,,,,07/18/2023,0,,,,,,0,0,1,0,1,194.117,5.126
1024463962131237,100064197037125,"PC Merchandise","Paano kung sabihin ko sayo na kaya mo na mag RTX 3050 build under budget? 👀",,70,"07/18/2023 19:00",,https://www.facebook.com/reel/1817079814975711/,0,1,Reels,,,,,07/19/2023,0,,,,,,0,0,2,1,1,168.605,5.564
1024463962131237,100064197037125,"PC Merchandise","Paano kung sabihin ko sayo na kaya mo na mag RTX 3050 build under budget? 👀",,70,"07/18/2023 19:00",,https://www.facebook.com/reel/1817079814975711/,0,1,Reels,,,,,07/20/2023,0,,,,,,0,0,0,0,0,96.710,4.202
1024463962131237,100064197037125,"PC Merchandise","Paano kung sabihin ko sayo na kaya mo na mag RTX 3050 build under budget? 👀",,70,"07/18/2023 19:00",,https://www.facebook.com/reel/1817079814975711/,0,1,Reels,,,,,07/21/2023,0,,,,,,0,0,1,0,1,89.894,5.143
1024463962131237,100064197037125,"PC Merchandise","Paano kung sabihin ko sayo na kaya mo na mag RTX 3050 build under budget? 👀",,70,"07/18/2023 19:00",,https://www.facebook.com/reel/1817079814975711/,0,1,Reels,,,,,07/22/2023,0,,,,,,0,0,1,1,0,60.300,4.935
1024463962131237,100064197037125,"PC Merchandise","Paano kung sabihin ko sayo na kaya mo na mag RTX 3050 build under budget? 👀",,70,"07/18/2023 19:00",,https://www.facebook.com/reel/1817079814975711/,0,1,Reels,,,,,07/23/2023,0,,,,,,0,0,1,0,1,34.514,4.614
1024463962131237,100064197037125,"PC Merchandise","Paano kung sabihin ko sayo na kaya mo na mag RTX 3050 build under budget? 👀",,70,"07/18/2023 19:00",,https://www.facebook.com/reel/1817079814975711/,0,1,Reels,,,,,07/24/2023,0,,,,,,0,0,0,0,0,37.548,5.506
1024463962131237,100064197037125,"PC Merchandise","Paano kung sabihin ko sayo na kaya mo na mag RTX 3050 build under budget? 👀",,70,"07/18/2023 19:00",,https://www.facebook.com/reel/1817079814975711/,0,1,Reels,,,,,07/25/2023,0,,,,,,0,0,0,0,0,31.344,5.246
1024463962131237,100064197037125,"PC Merchandise","Paano kung sabihin ko sayo na kaya mo na mag RTX 3050 build under budget? 👀",,70,"07/18/2023 19:00",,https://www.facebook.com/reel/1817079814975711/,0,1,Reels,,,,,07/26/2023,0,,,,,,0,0,2,2,0,34.555,3.282
1024463962131237,100064197037125,"PC Merchandise","Paano kung sabihin ko sayo na kaya mo na mag RTX 3050 build under budget? 👀",,70,"07/18/2023 19:00",,https://www.facebook.com/reel/1817079814975711/,0,1,Reels,,,,,07/27/2023,0,,,,,,0,0,0,0,0,43.318,5.820
1024463962131237,100064197037125,"PC Merchandise","Paano kung sabihin ko sayo na kaya mo na mag RTX 3050 build under budget? 👀",,70,"07/18/2023 19:00",,https://www.facebook.com/reel/1817079814975711/,0,1,Reels,,,,,07/28/2023,0,,,,,,0,0,0,0,0,36.739,3.893
1024463962131237,100064197037125,"PC Merchandise","Paano kung sabihin ko sayo na kaya mo na mag RTX 3050 build under budget? 👀",,70,"07/18/2023 19:00",,https://www.facebook.com/reel/1817079814975711/,0,1,Reels,,,,,07/29/2023,0,,,,,,0,0,1,1,0,12.201,4.835
1024463962131237,100064197037125,"PC Merchandise","Paano kung sabihin ko sayo na kaya mo na mag RTX 3050 build under budget? 👀",,70,"07/18/2023 19:00",,https://www.facebook.com/reel/1817079814975711/,0,1,Reels,,,,,07/30/2023,0,,,,,,0,0,0,0,0,25.498,4.351
1024463962131237,100064197037125,"PC Merchandise","Paano kung sabihin ko sayo na kaya mo na mag RTX 3050 build under budget? 👀",,70,"07/18/2023 19:00",,https://www.facebook.com/reel/1817079814975711/,0,1,Reels,,,,,07/31/2023,0,,,,,,0,0,0,0,0,14.634,4.472
1024247110992305,100064197037125,"PC Merchandise","Negosyo starts today! Complete computer shop packages ready. PM now!

𝐂𝐎𝐌𝐒𝐇𝐎𝐏 𝐏𝐑𝐈𝐂𝐄𝐋𝐈𝐒𝐓 >>>
https://pcmerchandise.live/2023-GAMING-BUILDS",,0,"07/17/2023 20:58",,https://www.facebook.com/pcmerchandise.co/posts/pfbid0M0AanLoz4rQAsXIwWA5C2qJnkxUYBkWz3SZ3fliV4W0w1R0dQzYmcaqD,0,0,Photos,,,,,07/31/2023,0,,,,,,,,,,,,
1024247110992305,100064197037125,"PC Merchandise","Negosyo starts today! Complete computer shop packages ready. PM now!

𝐂𝐎𝐌𝐒𝐇𝐎𝐏 𝐏𝐑𝐈𝐂𝐄𝐋𝐈𝐒𝐓 >>>
https://pcmerchandise.live/2023-GAMING-BUILDS",,0,"07/17/2023 20:58",,https://www.facebook.com/pcmerchandise.co/posts/pfbid0M0AanLoz4rQAsXIwWA5C2qJnkxUYBkWz3SZ3fliV4W0w1R0dQzYmcaqD,0,0,Photos,,,,,07/01/2023,,,0,0,0,0,0,0,,,,,
1024247110992305,100064197037125,"PC Merchandise","Negosyo starts today! Complete computer shop packages ready. PM now!

𝐂𝐎𝐌𝐒𝐇𝐎𝐏 𝐏𝐑𝐈𝐂𝐄𝐋𝐈𝐒𝐓 >>>
https://pcmerchandise.live/2023-GAMING-BUILDS",,0,"07/17/2023 20:58",,https://www.facebook.com/pcmerchandise.co/posts/pfbid0M0AanLoz4rQAsXIwWA5C2qJnkxUYBkWz3SZ3fliV4W0w1R0dQzYmcaqD,0,0,Photos,,,,,07/02/2023,,,0,0,0,0,0,0,,,,,
1024247110992305,100064197037125,"PC Merchandise","Negosyo starts today! Complete computer shop packages ready. PM now!

𝐂𝐎𝐌𝐒𝐇𝐎𝐏 𝐏𝐑𝐈𝐂𝐄𝐋𝐈𝐒𝐓 >>>
https://pcmerchandise.live/2023-GAMING-BUILDS",,0,"07/17/2023 20:58",,https://www.facebook.com/pcmerchandise.co/posts/pfbid0M0AanLoz4rQAsXIwWA5C2qJnkxUYBkWz3SZ3fliV4W0w1R0dQzYmcaqD,0,0,Photos,,,,,07/03/2023,,,0,0,0,0,0,0,,,,,
1024247110992305,100064197037125,"PC Merchandise","Negosyo starts today! Complete computer shop packages ready. PM now!

𝐂𝐎𝐌𝐒𝐇𝐎𝐏 𝐏𝐑𝐈𝐂𝐄𝐋𝐈𝐒𝐓 >>>
https://pcmerchandise.live/2023-GAMING-BUILDS",,0,"07/17/2023 20:58",,https://www.facebook.com/pcmerchandise.co/posts/pfbid0M0AanLoz4rQAsXIwWA5C2qJnkxUYBkWz3SZ3fliV4W0w1R0dQzYmcaqD,0,0,Photos,,,,,07/04/2023,,,0,0,0,0,0,0,,,,,
1024247110992305,100064197037125,"PC Merchandise","Negosyo starts today! Complete computer shop packages ready. PM now!

𝐂𝐎𝐌𝐒𝐇𝐎𝐏 𝐏𝐑𝐈𝐂𝐄𝐋𝐈𝐒𝐓 >>>
https://pcmerchandise.live/2023-GAMING-BUILDS",,0,"07/17/2023 20:58",,https://www.facebook.com/pcmerchandise.co/posts/pfbid0M0AanLoz4rQAsXIwWA5C2qJnkxUYBkWz3SZ3fliV4W0w1R0dQzYmcaqD,0,0,Photos,,,,,07/05/2023,,,0,0,0,0,0,0,,,,,
1024247110992305,100064197037125,"PC Merchandise","Negosyo starts today! Complete computer shop packages ready. PM now!

𝐂𝐎𝐌𝐒𝐇𝐎𝐏 𝐏𝐑𝐈𝐂𝐄𝐋𝐈𝐒𝐓 >>>
https://pcmerchandise.live/2023-GAMING-BUILDS",,0,"07/17/2023 20:58",,https://www.facebook.com/pcmerchandise.co/posts/pfbid0M0AanLoz4rQAsXIwWA5C2qJnkxUYBkWz3SZ3fliV4W0w1R0dQzYmcaqD,0,0,Photos,,,,,07/06/2023,,,0,0,0,0,0,0,,,,,
1024247110992305,100064197037125,"PC Merchandise","Negosyo starts today! Complete computer shop packages ready. PM now!

𝐂𝐎𝐌𝐒𝐇𝐎𝐏 𝐏𝐑𝐈𝐂𝐄𝐋𝐈𝐒𝐓 >>>
https://pcmerchandise.live/2023-GAMING-BUILDS",,0,"07/17/2023 20:58",,https://www.facebook.com/pcmerchandise.co/posts/pfbid0M0AanLoz4rQAsXIwWA5C2qJnkxUYBkWz3SZ3fliV4W0w1R0dQzYmcaqD,0,0,Photos,,,,,07/07/2023,,,0,0,0,0,0,0,,,,,
1024247110992305,100064197037125,"PC Merchandise","Negosyo starts today! Complete computer shop packages ready. PM now!

𝐂𝐎𝐌𝐒𝐇𝐎𝐏 𝐏𝐑𝐈𝐂𝐄𝐋𝐈𝐒𝐓 >>>
https://pcmerchandise.live/2023-GAMING-BUILDS",,0,"07/17/2023 20:58",,https://www.facebook.com/pcmerchandise.co/posts/pfbid0M0AanLoz4rQAsXIwWA5C2qJnkxUYBkWz3SZ3fliV4W0w1R0dQzYmcaqD,0,0,Photos,,,,,07/08/2023,,,0,0,0,0,0,0,,,,,
1024247110992305,100064197037125,"PC Merchandise","Negosyo starts today! Complete computer shop packages ready. PM now!

𝐂𝐎𝐌𝐒𝐇𝐎𝐏 𝐏𝐑𝐈𝐂𝐄𝐋𝐈𝐒𝐓 >>>
https://pcmerchandise.live/2023-GAMING-BUILDS",,0,"07/17/2023 20:58",,https://www.facebook.com/pcmerchandise.co/posts/pfbid0M0AanLoz4rQAsXIwWA5C2qJnkxUYBkWz3SZ3fliV4W0w1R0dQzYmcaqD,0,0,Photos,,,,,07/09/2023,,,0,0,0,0,0,0,,,,,
1024247110992305,100064197037125,"PC Merchandise","Negosyo starts today! Complete computer shop packages ready. PM now!

𝐂𝐎𝐌𝐒𝐇𝐎𝐏 𝐏𝐑𝐈𝐂𝐄𝐋𝐈𝐒𝐓 >>>
https://pcmerchandise.live/2023-GAMING-BUILDS",,0,"07/17/2023 20:58",,https://www.facebook.com/pcmerchandise.co/posts/pfbid0M0AanLoz4rQAsXIwWA5C2qJnkxUYBkWz3SZ3fliV4W0w1R0dQzYmcaqD,0,0,Photos,,,,,07/10/2023,,,0,0,0,0,0,0,,,,,
1024247110992305,100064197037125,"PC Merchandise","Negosyo starts today! Complete computer shop packages ready. PM now!

𝐂𝐎𝐌𝐒𝐇𝐎𝐏 𝐏𝐑𝐈𝐂𝐄𝐋𝐈𝐒𝐓 >>>
https://pcmerchandise.live/2023-GAMING-BUILDS",,0,"07/17/2023 20:58",,https://www.facebook.com/pcmerchandise.co/posts/pfbid0M0AanLoz4rQAsXIwWA5C2qJnkxUYBkWz3SZ3fliV4W0w1R0dQzYmcaqD,0,0,Photos,,,,,07/11/2023,,,0,0,0,0,0,0,,,,,
1024247110992305,100064197037125,"PC Merchandise","Negosyo starts today! Complete computer shop packages ready. PM now!

𝐂𝐎𝐌𝐒𝐇𝐎𝐏 𝐏𝐑𝐈𝐂𝐄𝐋𝐈𝐒𝐓 >>>
https://pcmerchandise.live/2023-GAMING-BUILDS",,0,"07/17/2023 20:58",,https://www.facebook.com/pcmerchandise.co/posts/pfbid0M0AanLoz4rQAsXIwWA5C2qJnkxUYBkWz3SZ3fliV4W0w1R0dQzYmcaqD,0,0,Photos,,,,,07/12/2023,,,0,0,0,0,0,0,,,,,
1024247110992305,100064197037125,"PC Merchandise","Negosyo starts today! Complete computer shop packages ready. PM now!

𝐂𝐎𝐌𝐒𝐇𝐎𝐏 𝐏𝐑𝐈𝐂𝐄𝐋𝐈𝐒𝐓 >>>
https://pcmerchandise.live/2023-GAMING-BUILDS",,0,"07/17/2023 20:58",,https://www.facebook.com/pcmerchandise.co/posts/pfbid0M0AanLoz4rQAsXIwWA5C2qJnkxUYBkWz3SZ3fliV4W0w1R0dQzYmcaqD,0,0,Photos,,,,,07/13/2023,,,0,0,0,0,0,0,,,,,
1024247110992305,100064197037125,"PC Merchandise","Negosyo starts today! Complete computer shop packages ready. PM now!

𝐂𝐎𝐌𝐒𝐇𝐎𝐏 𝐏𝐑𝐈𝐂𝐄𝐋𝐈𝐒𝐓 >>>
https://pcmerchandise.live/2023-GAMING-BUILDS",,0,"07/17/2023 20:58",,https://www.facebook.com/pcmerchandise.co/posts/pfbid0M0AanLoz4rQAsXIwWA5C2qJnkxUYBkWz3SZ3fliV4W0w1R0dQzYmcaqD,0,0,Photos,,,,,07/14/2023,,,0,0,0,0,0,0,,,,,
1024247110992305,100064197037125,"PC Merchandise","Negosyo starts today! Complete computer shop packages ready. PM now!

𝐂𝐎𝐌𝐒𝐇𝐎𝐏 𝐏𝐑𝐈𝐂𝐄𝐋𝐈𝐒𝐓 >>>
https://pcmerchandise.live/2023-GAMING-BUILDS",,0,"07/17/2023 20:58",,https://www.facebook.com/pcmerchandise.co/posts/pfbid0M0AanLoz4rQAsXIwWA5C2qJnkxUYBkWz3SZ3fliV4W0w1R0dQzYmcaqD,0,0,Photos,,,,,07/15/2023,,,0,0,0,0,0,0,,,,,
1024247110992305,100064197037125,"PC Merchandise","Negosyo starts today! Complete computer shop packages ready. PM now!

𝐂𝐎𝐌𝐒𝐇𝐎𝐏 𝐏𝐑𝐈𝐂𝐄𝐋𝐈𝐒𝐓 >>>
https://pcmerchandise.live/2023-GAMING-BUILDS",,0,"07/17/2023 20:58",,https://www.facebook.com/pcmerchandise.co/posts/pfbid0M0AanLoz4rQAsXIwWA5C2qJnkxUYBkWz3SZ3fliV4W0w1R0dQzYmcaqD,0,0,Photos,,,,,07/16/2023,,,0,0,0,0,0,0,,,,,
1024247110992305,100064197037125,"PC Merchandise","Negosyo starts today! Complete computer shop packages ready. PM now!

𝐂𝐎𝐌𝐒𝐇𝐎𝐏 𝐏𝐑𝐈𝐂𝐄𝐋𝐈𝐒𝐓 >>>
https://pcmerchandise.live/2023-GAMING-BUILDS",,0,"07/17/2023 20:58",,https://www.facebook.com/pcmerchandise.co/posts/pfbid0M0AanLoz4rQAsXIwWA5C2qJnkxUYBkWz3SZ3fliV4W0w1R0dQzYmcaqD,0,0,Photos,,,,,07/17/2023,,,0,0,0,0,0,0,,,,,
1024247110992305,100064197037125,"PC Merchandise","Negosyo starts today! Complete computer shop packages ready. PM now!

𝐂𝐎𝐌𝐒𝐇𝐎𝐏 𝐏𝐑𝐈𝐂𝐄𝐋𝐈𝐒𝐓 >>>
https://pcmerchandise.live/2023-GAMING-BUILDS",,0,"07/17/2023 20:58",,https://www.facebook.com/pcmerchandise.co/posts/pfbid0M0AanLoz4rQAsXIwWA5C2qJnkxUYBkWz3SZ3fliV4W0w1R0dQzYmcaqD,0,0,Photos,,,,,07/18/2023,,,0,0,0,0,0,0,,,,,
1024247110992305,100064197037125,"PC Merchandise","Negosyo starts today! Complete computer shop packages ready. PM now!

𝐂𝐎𝐌𝐒𝐇𝐎𝐏 𝐏𝐑𝐈𝐂𝐄𝐋𝐈𝐒𝐓 >>>
https://pcmerchandise.live/2023-GAMING-BUILDS",,0,"07/17/2023 20:58",,https://www.facebook.com/pcmerchandise.co/posts/pfbid0M0AanLoz4rQAsXIwWA5C2qJnkxUYBkWz3SZ3fliV4W0w1R0dQzYmcaqD,0,0,Photos,,,,,07/19/2023,,,0,0,0,0,0,0,,,,,
1024247110992305,100064197037125,"PC Merchandise","Negosyo starts today! Complete computer shop packages ready. PM now!

𝐂𝐎𝐌𝐒𝐇𝐎𝐏 𝐏𝐑𝐈𝐂𝐄𝐋𝐈𝐒𝐓 >>>
https://pcmerchandise.live/2023-GAMING-BUILDS",,0,"07/17/2023 20:58",,https://www.facebook.com/pcmerchandise.co/posts/pfbid0M0AanLoz4rQAsXIwWA5C2qJnkxUYBkWz3SZ3fliV4W0w1R0dQzYmcaqD,0,0,Photos,,,,,07/20/2023,,,0,0,0,0,0,0,,,,,
1024247110992305,100064197037125,"PC Merchandise","Negosyo starts today! Complete computer shop packages ready. PM now!

𝐂𝐎𝐌𝐒𝐇𝐎𝐏 𝐏𝐑𝐈𝐂𝐄𝐋𝐈𝐒𝐓 >>>
https://pcmerchandise.live/2023-GAMING-BUILDS",,0,"07/17/2023 20:58",,https://www.facebook.com/pcmerchandise.co/posts/pfbid0M0AanLoz4rQAsXIwWA5C2qJnkxUYBkWz3SZ3fliV4W0w1R0dQzYmcaqD,0,0,Photos,,,,,07/21/2023,,,0,0,0,0,0,0,,,,,
1024247110992305,100064197037125,"PC Merchandise","Negosyo starts today! Complete computer shop packages ready. PM now!

𝐂𝐎𝐌𝐒𝐇𝐎𝐏 𝐏𝐑𝐈𝐂𝐄𝐋𝐈𝐒𝐓 >>>
https://pcmerchandise.live/2023-GAMING-BUILDS",,0,"07/17/2023 20:58",,https://www.facebook.com/pcmerchandise.co/posts/pfbid0M0AanLoz4rQAsXIwWA5C2qJnkxUYBkWz3SZ3fliV4W0w1R0dQzYmcaqD,0,0,Photos,,,,,07/22/2023,,,0,0,0,0,0,0,,,,,
1024247110992305,100064197037125,"PC Merchandise","Negosyo starts today! Complete computer shop packages ready. PM now!

𝐂𝐎𝐌𝐒𝐇𝐎𝐏 𝐏𝐑𝐈𝐂𝐄𝐋𝐈𝐒𝐓 >>>
https://pcmerchandise.live/2023-GAMING-BUILDS",,0,"07/17/2023 20:58",,https://www.facebook.com/pcmerchandise.co/posts/pfbid0M0AanLoz4rQAsXIwWA5C2qJnkxUYBkWz3SZ3fliV4W0w1R0dQzYmcaqD,0,0,Photos,,,,,07/23/2023,,,0,0,0,0,0,0,,,,,
1024247110992305,100064197037125,"PC Merchandise","Negosyo starts today! Complete computer shop packages ready. PM now!

𝐂𝐎𝐌𝐒𝐇𝐎𝐏 𝐏𝐑𝐈𝐂𝐄𝐋𝐈𝐒𝐓 >>>
https://pcmerchandise.live/2023-GAMING-BUILDS",,0,"07/17/2023 20:58",,https://www.facebook.com/pcmerchandise.co/posts/pfbid0M0AanLoz4rQAsXIwWA5C2qJnkxUYBkWz3SZ3fliV4W0w1R0dQzYmcaqD,0,0,Photos,,,,,07/24/2023,,,0,0,0,0,0,0,,,,,
1024247110992305,100064197037125,"PC Merchandise","Negosyo starts today! Complete computer shop packages ready. PM now!

𝐂𝐎𝐌𝐒𝐇𝐎𝐏 𝐏𝐑𝐈𝐂𝐄𝐋𝐈𝐒𝐓 >>>
https://pcmerchandise.live/2023-GAMING-BUILDS",,0,"07/17/2023 20:58",,https://www.facebook.com/pcmerchandise.co/posts/pfbid0M0AanLoz4rQAsXIwWA5C2qJnkxUYBkWz3SZ3fliV4W0w1R0dQzYmcaqD,0,0,Photos,,,,,07/25/2023,,,0,0,0,0,0,0,,,,,
1024247110992305,100064197037125,"PC Merchandise","Negosyo starts today! Complete computer shop packages ready. PM now!

𝐂𝐎𝐌𝐒𝐇𝐎𝐏 𝐏𝐑𝐈𝐂𝐄𝐋𝐈𝐒𝐓 >>>
https://pcmerchandise.live/2023-GAMING-BUILDS",,0,"07/17/2023 20:58",,https://www.facebook.com/pcmerchandise.co/posts/pfbid0M0AanLoz4rQAsXIwWA5C2qJnkxUYBkWz3SZ3fliV4W0w1R0dQzYmcaqD,0,0,Photos,,,,,07/26/2023,,,0,0,0,0,0,0,,,,,
1024247110992305,100064197037125,"PC Merchandise","Negosyo starts today! Complete computer shop packages ready. PM now!

𝐂𝐎𝐌𝐒𝐇𝐎𝐏 𝐏𝐑𝐈𝐂𝐄𝐋𝐈𝐒𝐓 >>>
https://pcmerchandise.live/2023-GAMING-BUILDS",,0,"07/17/2023 20:58",,https://www.facebook.com/pcmerchandise.co/posts/pfbid0M0AanLoz4rQAsXIwWA5C2qJnkxUYBkWz3SZ3fliV4W0w1R0dQzYmcaqD,0,0,Photos,,,,,07/27/2023,,,0,0,0,0,0,0,,,,,
1024247110992305,100064197037125,"PC Merchandise","Negosyo starts today! Complete computer shop packages ready. PM now!

𝐂𝐎𝐌𝐒𝐇𝐎𝐏 𝐏𝐑𝐈𝐂𝐄𝐋𝐈𝐒𝐓 >>>
https://pcmerchandise.live/2023-GAMING-BUILDS",,0,"07/17/2023 20:58",,https://www.facebook.com/pcmerchandise.co/posts/pfbid0M0AanLoz4rQAsXIwWA5C2qJnkxUYBkWz3SZ3fliV4W0w1R0dQzYmcaqD,0,0,Photos,,,,,07/28/2023,,,0,0,0,0,0,0,,,,,
1024247110992305,100064197037125,"PC Merchandise","Negosyo starts today! Complete computer shop packages ready. PM now!

𝐂𝐎𝐌𝐒𝐇𝐎𝐏 𝐏𝐑𝐈𝐂𝐄𝐋𝐈𝐒𝐓 >>>
https://pcmerchandise.live/2023-GAMING-BUILDS",,0,"07/17/2023 20:58",,https://www.facebook.com/pcmerchandise.co/posts/pfbid0M0AanLoz4rQAsXIwWA5C2qJnkxUYBkWz3SZ3fliV4W0w1R0dQzYmcaqD,0,0,Photos,,,,,07/29/2023,,,0,0,0,0,0,0,,,,,
1024247110992305,100064197037125,"PC Merchandise","Negosyo starts today! Complete computer shop packages ready. PM now!

𝐂𝐎𝐌𝐒𝐇𝐎𝐏 𝐏𝐑𝐈𝐂𝐄𝐋𝐈𝐒𝐓 >>>
https://pcmerchandise.live/2023-GAMING-BUILDS",,0,"07/17/2023 20:58",,https://www.facebook.com/pcmerchandise.co/posts/pfbid0M0AanLoz4rQAsXIwWA5C2qJnkxUYBkWz3SZ3fliV4W0w1R0dQzYmcaqD,0,0,Photos,,,,,07/30/2023,,,0,0,0,0,0,0,,,,,
1024247110992305,100064197037125,"PC Merchandise","Negosyo starts today! Complete computer shop packages ready. PM now!

𝐂𝐎𝐌𝐒𝐇𝐎𝐏 𝐏𝐑𝐈𝐂𝐄𝐋𝐈𝐒𝐓 >>>
https://pcmerchandise.live/2023-GAMING-BUILDS",,0,"07/17/2023 20:58",,https://www.facebook.com/pcmerchandise.co/posts/pfbid0M0AanLoz4rQAsXIwWA5C2qJnkxUYBkWz3SZ3fliV4W0w1R0dQzYmcaqD,0,0,Photos,,,,,07/31/2023,,,0,0,0,0,0,0,,,,,
1024685361856594,100064197037125,"PC Merchandise","UNBOXING: RX 6600 fresh stock just arrived! 📦",,0,"07/17/2023 19:00",,https://www.facebook.com/pcmerchandise.co/posts/pfbid0uEv42qcTxHpr6jLB0uaElaZSBLwRed5bVOr8BMmKwNfg6oBfHCgimbNZ,0,0,Photos,,,,,07/31/2023,0,,,,,,,,,,,,
1024685361856594,100064197037125,"PC Merchandise","UNBOXING: RX 6600 fresh stock just arrived! 📦",,0,"07/17/2023 19:00",,https://www.facebook.com/pcmerchandise.co/posts/pfbid0uEv42qcTxHpr6jLB0uaElaZSBLwRed5bVOr8BMmKwNfg6oBfHCgimbNZ,0,0,Photos,,,,,07/01/2023,,,0,0,0,0,0,0,,,,,
1024685361856594,100064197037125,"PC Merchandise","UNBOXING: RX 6600 fresh stock just arrived! 📦",,0,"07/17/2023 19:00",,https://www.facebook.com/pcmerchandise.co/posts/pfbid0uEv42qcTxHpr6jLB0uaElaZSBLwRed5bVOr8BMmKwNfg6oBfHCgimbNZ,0,0,Photos,,,,,07/02/2023,,,0,0,0,0,0,0,,,,,
1024685361856594,100064197037125,"PC Merchandise","UNBOXING: RX 6600 fresh stock just arrived! 📦",,0,"07/17/2023 19:00",,https://www.facebook.com/pcmerchandise.co/posts/pfbid0uEv42qcTxHpr6jLB0uaElaZSBLwRed5bVOr8BMmKwNfg6oBfHCgimbNZ,0,0,Photos,,,,,07/03/2023,,,0,0,0,0,0,0,,,,,
1024685361856594,100064197037125,"PC Merchandise","UNBOXING: RX 6600 fresh stock just arrived! 📦",,0,"07/17/2023 19:00",,https://www.facebook.com/pcmerchandise.co/posts/pfbid0uEv42qcTxHpr6jLB0uaElaZSBLwRed5bVOr8BMmKwNfg6oBfHCgimbNZ,0,0,Photos,,,,,07/04/2023,,,0,0,0,0,0,0,,,,,
1024685361856594,100064197037125,"PC Merchandise","UNBOXING: RX 6600 fresh stock just arrived! 📦",,0,"07/17/2023 19:00",,https://www.facebook.com/pcmerchandise.co/posts/pfbid0uEv42qcTxHpr6jLB0uaElaZSBLwRed5bVOr8BMmKwNfg6oBfHCgimbNZ,0,0,Photos,,,,,07/05/2023,,,0,0,0,0,0,0,,,,,
1024685361856594,100064197037125,"PC Merchandise","UNBOXING: RX 6600 fresh stock just arrived! 📦",,0,"07/17/2023 19:00",,https://www.facebook.com/pcmerchandise.co/posts/pfbid0uEv42qcTxHpr6jLB0uaElaZSBLwRed5bVOr8BMmKwNfg6oBfHCgimbNZ,0,0,Photos,,,,,07/06/2023,,,0,0,0,0,0,0,,,,,
1024685361856594,100064197037125,"PC Merchandise","UNBOXING: RX 6600 fresh stock just arrived! 📦",,0,"07/17/2023 19:00",,https://www.facebook.com/pcmerchandise.co/posts/pfbid0uEv42qcTxHpr6jLB0uaElaZSBLwRed5bVOr8BMmKwNfg6oBfHCgimbNZ,0,0,Photos,,,,,07/07/2023,,,0,0,0,0,0,0,,,,,
1024685361856594,100064197037125,"PC Merchandise","UNBOXING: RX 6600 fresh stock just arrived! 📦",,0,"07/17/2023 19:00",,https://www.facebook.com/pcmerchandise.co/posts/pfbid0uEv42qcTxHpr6jLB0uaElaZSBLwRed5bVOr8BMmKwNfg6oBfHCgimbNZ,0,0,Photos,,,,,07/08/2023,,,0,0,0,0,0,0,,,,,
1024685361856594,100064197037125,"PC Merchandise","UNBOXING: RX 6600 fresh stock just arrived! 📦",,0,"07/17/2023 19:00",,https://www.facebook.com/pcmerchandise.co/posts/pfbid0uEv42qcTxHpr6jLB0uaElaZSBLwRed5bVOr8BMmKwNfg6oBfHCgimbNZ,0,0,Photos,,,,,07/09/2023,,,0,0,0,0,0,0,,,,,
1024685361856594,100064197037125,"PC Merchandise","UNBOXING: RX 6600 fresh stock just arrived! 📦",,0,"07/17/2023 19:00",,https://www.facebook.com/pcmerchandise.co/posts/pfbid0uEv42qcTxHpr6jLB0uaElaZSBLwRed5bVOr8BMmKwNfg6oBfHCgimbNZ,0,0,Photos,,,,,07/10/2023,,,0,0,0,0,0,0,,,,,
1024685361856594,100064197037125,"PC Merchandise","UNBOXING: RX 6600 fresh stock just arrived! 📦",,0,"07/17/2023 19:00",,https://www.facebook.com/pcmerchandise.co/posts/pfbid0uEv42qcTxHpr6jLB0uaElaZSBLwRed5bVOr8BMmKwNfg6oBfHCgimbNZ,0,0,Photos,,,,,07/11/2023,,,0,0,0,0,0,0,,,,,
1024685361856594,100064197037125,"PC Merchandise","UNBOXING: RX 6600 fresh stock just arrived! 📦",,0,"07/17/2023 19:00",,https://www.facebook.com/pcmerchandise.co/posts/pfbid0uEv42qcTxHpr6jLB0uaElaZSBLwRed5bVOr8BMmKwNfg6oBfHCgimbNZ,0,0,Photos,,,,,07/12/2023,,,0,0,0,0,0,0,,,,,
1024685361856594,100064197037125,"PC Merchandise","UNBOXING: RX 6600 fresh stock just arrived! 📦",,0,"07/17/2023 19:00",,https://www.facebook.com/pcmerchandise.co/posts/pfbid0uEv42qcTxHpr6jLB0uaElaZSBLwRed5bVOr8BMmKwNfg6oBfHCgimbNZ,0,0,Photos,,,,,07/13/2023,,,0,0,0,0,0,0,,,,,
1024685361856594,100064197037125,"PC Merchandise","UNBOXING: RX 6600 fresh stock just arrived! 📦",,0,"07/17/2023 19:00",,https://www.facebook.com/pcmerchandise.co/posts/pfbid0uEv42qcTxHpr6jLB0uaElaZSBLwRed5bVOr8BMmKwNfg6oBfHCgimbNZ,0,0,Photos,,,,,07/14/2023,,,0,0,0,0,0,0,,,,,
1024685361856594,100064197037125,"PC Merchandise","UNBOXING: RX 6600 fresh stock just arrived! 📦",,0,"07/17/2023 19:00",,https://www.facebook.com/pcmerchandise.co/posts/pfbid0uEv42qcTxHpr6jLB0uaElaZSBLwRed5bVOr8BMmKwNfg6oBfHCgimbNZ,0,0,Photos,,,,,07/15/2023,,,0,0,0,0,0,0,,,,,
1024685361856594,100064197037125,"PC Merchandise","UNBOXING: RX 6600 fresh stock just arrived! 📦",,0,"07/17/2023 19:00",,https://www.facebook.com/pcmerchandise.co/posts/pfbid0uEv42qcTxHpr6jLB0uaElaZSBLwRed5bVOr8BMmKwNfg6oBfHCgimbNZ,0,0,Photos,,,,,07/16/2023,,,0,0,0,0,0,0,,,,,
1024685361856594,100064197037125,"PC Merchandise","UNBOXING: RX 6600 fresh stock just arrived! 📦",,0,"07/17/2023 19:00",,https://www.facebook.com/pcmerchandise.co/posts/pfbid0uEv42qcTxHpr6jLB0uaElaZSBLwRed5bVOr8BMmKwNfg6oBfHCgimbNZ,0,0,Photos,,,,,07/17/2023,,,0,0,0,0,0,0,,,,,
1024685361856594,100064197037125,"PC Merchandise","UNBOXING: RX 6600 fresh stock just arrived! 📦",,0,"07/17/2023 19:00",,https://www.facebook.com/pcmerchandise.co/posts/pfbid0uEv42qcTxHpr6jLB0uaElaZSBLwRed5bVOr8BMmKwNfg6oBfHCgimbNZ,0,0,Photos,,,,,07/18/2023,,,0,0,0,0,0,0,,,,,
1024685361856594,100064197037125,"PC Merchandise","UNBOXING: RX 6600 fresh stock just arrived! 📦",,0,"07/17/2023 19:00",,https://www.facebook.com/pcmerchandise.co/posts/pfbid0uEv42qcTxHpr6jLB0uaElaZSBLwRed5bVOr8BMmKwNfg6oBfHCgimbNZ,0,0,Photos,,,,,07/19/2023,,,0,0,0,0,0,0,,,,,
1024685361856594,100064197037125,"PC Merchandise","UNBOXING: RX 6600 fresh stock just arrived! 📦",,0,"07/17/2023 19:00",,https://www.facebook.com/pcmerchandise.co/posts/pfbid0uEv42qcTxHpr6jLB0uaElaZSBLwRed5bVOr8BMmKwNfg6oBfHCgimbNZ,0,0,Photos,,,,,07/20/2023,,,0,0,0,0,0,0,,,,,
1024685361856594,100064197037125,"PC Merchandise","UNBOXING: RX 6600 fresh stock just arrived! 📦",,0,"07/17/2023 19:00",,https://www.facebook.com/pcmerchandise.co/posts/pfbid0uEv42qcTxHpr6jLB0uaElaZSBLwRed5bVOr8BMmKwNfg6oBfHCgimbNZ,0,0,Photos,,,,,07/21/2023,,,0,0,0,0,0,0,,,,,
1024685361856594,100064197037125,"PC Merchandise","UNBOXING: RX 6600 fresh stock just arrived! 📦",,0,"07/17/2023 19:00",,https://www.facebook.com/pcmerchandise.co/posts/pfbid0uEv42qcTxHpr6jLB0uaElaZSBLwRed5bVOr8BMmKwNfg6oBfHCgimbNZ,0,0,Photos,,,,,07/22/2023,,,0,0,0,0,0,0,,,,,
1024685361856594,100064197037125,"PC Merchandise","UNBOXING: RX 6600 fresh stock just arrived! 📦",,0,"07/17/2023 19:00",,https://www.facebook.com/pcmerchandise.co/posts/pfbid0uEv42qcTxHpr6jLB0uaElaZSBLwRed5bVOr8BMmKwNfg6oBfHCgimbNZ,0,0,Photos,,,,,07/23/2023,,,0,0,0,0,0,0,,,,,
1024685361856594,100064197037125,"PC Merchandise","UNBOXING: RX 6600 fresh stock just arrived! 📦",,0,"07/17/2023 19:00",,https://www.facebook.com/pcmerchandise.co/posts/pfbid0uEv42qcTxHpr6jLB0uaElaZSBLwRed5bVOr8BMmKwNfg6oBfHCgimbNZ,0,0,Photos,,,,,07/24/2023,,,0,0,0,0,0,0,,,,,
1024685361856594,100064197037125,"PC Merchandise","UNBOXING: RX 6600 fresh stock just arrived! 📦",,0,"07/17/2023 19:00",,https://www.facebook.com/pcmerchandise.co/posts/pfbid0uEv42qcTxHpr6jLB0uaElaZSBLwRed5bVOr8BMmKwNfg6oBfHCgimbNZ,0,0,Photos,,,,,07/25/2023,,,0,0,0,0,0,0,,,,,
1024685361856594,100064197037125,"PC Merchandise","UNBOXING: RX 6600 fresh stock just arrived! 📦",,0,"07/17/2023 19:00",,https://www.facebook.com/pcmerchandise.co/posts/pfbid0uEv42qcTxHpr6jLB0uaElaZSBLwRed5bVOr8BMmKwNfg6oBfHCgimbNZ,0,0,Photos,,,,,07/26/2023,,,0,0,0,0,0,0,,,,,
1024685361856594,100064197037125,"PC Merchandise","UNBOXING: RX 6600 fresh stock just arrived! 📦",,0,"07/17/2023 19:00",,https://www.facebook.com/pcmerchandise.co/posts/pfbid0uEv42qcTxHpr6jLB0uaElaZSBLwRed5bVOr8BMmKwNfg6oBfHCgimbNZ,0,0,Photos,,,,,07/27/2023,,,0,0,0,0,0,0,,,,,
1024685361856594,100064197037125,"PC Merchandise","UNBOXING: RX 6600 fresh stock just arrived! 📦",,0,"07/17/2023 19:00",,https://www.facebook.com/pcmerchandise.co/posts/pfbid0uEv42qcTxHpr6jLB0uaElaZSBLwRed5bVOr8BMmKwNfg6oBfHCgimbNZ,0,0,Photos,,,,,07/28/2023,,,0,0,0,0,0,0,,,,,
1024685361856594,100064197037125,"PC Merchandise","UNBOXING: RX 6600 fresh stock just arrived! 📦",,0,"07/17/2023 19:00",,https://www.facebook.com/pcmerchandise.co/posts/pfbid0uEv42qcTxHpr6jLB0uaElaZSBLwRed5bVOr8BMmKwNfg6oBfHCgimbNZ,0,0,Photos,,,,,07/29/2023,,,0,0,0,0,0,0,,,,,
1024685361856594,100064197037125,"PC Merchandise","UNBOXING: RX 6600 fresh stock just arrived! 📦",,0,"07/17/2023 19:00",,https://www.facebook.com/pcmerchandise.co/posts/pfbid0uEv42qcTxHpr6jLB0uaElaZSBLwRed5bVOr8BMmKwNfg6oBfHCgimbNZ,0,0,Photos,,,,,07/30/2023,,,0,0,0,0,0,0,,,,,
1024685361856594,100064197037125,"PC Merchandise","UNBOXING: RX 6600 fresh stock just arrived! 📦",,0,"07/17/2023 19:00",,https://www.facebook.com/pcmerchandise.co/posts/pfbid0uEv42qcTxHpr6jLB0uaElaZSBLwRed5bVOr8BMmKwNfg6oBfHCgimbNZ,0,0,Photos,,,,,07/31/2023,,,0,0,0,0,0,0,,,,,
1024447777471230,100064197037125,"PC Merchandise","malas naman🥹",,46,"07/16/2023 22:00",,https://www.facebook.com/reel/1582213000692979/,0,0,Reels,,,,,07/01/2023,0,,,,,,0,0,0,0,0,0.000,4.543
1024447777471230,100064197037125,"PC Merchandise","malas naman🥹",,46,"07/16/2023 22:00",,https://www.facebook.com/reel/1582213000692979/,0,0,Reels,,,,,07/02/2023,0,,,,,,0,0,0,0,0,0.000,3.434
1024447777471230,100064197037125,"PC Merchandise","malas naman🥹",,46,"07/16/2023 22:00",,https://www.facebook.com/reel/1582213000692979/,0,0,Reels,,,,,07/03/2023,0,,,,,,0,0,0,0,0,0.000,3.699
1024447777471230,100064197037125,"PC Merchandise","malas naman🥹",,46,"07/16/2023 22:00",,https://www.facebook.com/reel/1582213000692979/,0,0,Reels,,,,,07/04/2023,0,,,,,,0,0,0,0,0,0.000,5.102
1024447777471230,100064197037125,"PC Merchandise","malas naman🥹",,46,"07/16/2023 22:00",,https://www.facebook.com/reel/1582213000692979/,0,0,Reels,,,,,07/05/2023,0,,,,,,0,0,0,0,0,0.000,3.762
1024447777471230,100064197037125,"PC Merchandise","malas naman🥹",,46,"07/16/2023 22:00",,https://www.facebook.com/reel/1582213000692979/,0,0,Reels,,,,,07/06/2023,0,,,,,,0,0,0,0,0,0.000,3.854
1024447777471230,100064197037125,"PC Merchandise","malas naman🥹",,46,"07/16/2023 22:00",,https://www.facebook.com/reel/1582213000692979/,0,0,Reels,,,,,07/07/2023,0,,,,,,0,0,0,0,0,0.000,3.573
1024447777471230,100064197037125,"PC Merchandise","malas naman🥹",,46,"07/16/2023 22:00",,https://www.facebook.com/reel/1582213000692979/,0,0,Reels,,,,,07/08/2023,0,,,,,,0,0,0,0,0,0.000,3.160
1024447777471230,100064197037125,"PC Merchandise","malas naman🥹",,46,"07/16/2023 22:00",,https://www.facebook.com/reel/1582213000692979/,0,0,Reels,,,,,07/09/2023,0,,,,,,0,0,0,0,0,0.000,3.441
1024447777471230,100064197037125,"PC Merchandise","malas naman🥹",,46,"07/16/2023 22:00",,https://www.facebook.com/reel/1582213000692979/,0,0,Reels,,,,,07/10/2023,0,,,,,,0,0,0,0,0,0.000,3.810
1024447777471230,100064197037125,"PC Merchandise","malas naman🥹",,46,"07/16/2023 22:00",,https://www.facebook.com/reel/1582213000692979/,0,0,Reels,,,,,07/11/2023,0,,,,,,0,0,0,0,0,0.000,4.796
1024447777471230,100064197037125,"PC Merchandise","malas naman🥹",,46,"07/16/2023 22:00",,https://www.facebook.com/reel/1582213000692979/,0,0,Reels,,,,,07/12/2023,0,,,,,,0,0,0,0,0,0.000,4.322
1024447777471230,100064197037125,"PC Merchandise","malas naman🥹",,46,"07/16/2023 22:00",,https://www.facebook.com/reel/1582213000692979/,0,0,Reels,,,,,07/13/2023,0,,,,,,0,0,0,0,0,0.000,3.664
1024447777471230,100064197037125,"PC Merchandise","malas naman🥹",,46,"07/16/2023 22:00",,https://www.facebook.com/reel/1582213000692979/,0,0,Reels,,,,,07/14/2023,0,,,,,,0,0,0,0,0,0.000,4.150
1024447777471230,100064197037125,"PC Merchandise","malas naman🥹",,46,"07/16/2023 22:00",,https://www.facebook.com/reel/1582213000692979/,0,0,Reels,,,,,07/15/2023,0,,,,,,0,0,0,0,0,0.000,4.776
1024447777471230,100064197037125,"PC Merchandise","malas naman🥹",,46,"07/16/2023 22:00",,https://www.facebook.com/reel/1582213000692979/,0,0,Reels,,,,,07/16/2023,0,,,,,,0,0,0,0,0,390.523,2.935
1024447777471230,100064197037125,"PC Merchandise","malas naman🥹",,46,"07/16/2023 22:00",,https://www.facebook.com/reel/1582213000692979/,0,0,Reels,,,,,07/17/2023,0,,,,,,0,0,0,0,0,214.973,3.899
1024447777471230,100064197037125,"PC Merchandise","malas naman🥹",,46,"07/16/2023 22:00",,https://www.facebook.com/reel/1582213000692979/,0,0,Reels,,,,,07/18/2023,0,,,,,,0,0,0,0,0,129.832,4.139
1024447777471230,100064197037125,"PC Merchandise","malas naman🥹",,46,"07/16/2023 22:00",,https://www.facebook.com/reel/1582213000692979/,0,0,Reels,,,,,07/19/2023,0,,,,,,0,0,0,0,0,108.981,3.553
1024447777471230,100064197037125,"PC Merchandise","malas naman🥹",,46,"07/16/2023 22:00",,https://www.facebook.com/reel/1582213000692979/,0,0,Reels,,,,,07/20/2023,0,,,,,,0,0,0,0,0,73.984,4.640
1024447777471230,100064197037125,"PC Merchandise","malas naman🥹",,46,"07/16/2023 22:00",,https://www.facebook.com/reel/1582213000692979/,0,0,Reels,,,,,07/21/2023,0,,,,,,0,0,0,0,0,53.899,2.814
1024447777471230,100064197037125,"PC Merchandise","malas naman🥹",,46,"07/16/2023 22:00",,https://www.facebook.com/reel/1582213000692979/,0,0,Reels,,,,,07/22/2023,0,,,,,,0,0,0,0,0,79.635,4.691
1024447777471230,100064197037125,"PC Merchandise","malas naman🥹",,46,"07/16/2023 22:00",,https://www.facebook.com/reel/1582213000692979/,0,0,Reels,,,,,07/23/2023,0,,,,,,0,0,0,0,0,67.992,4.505
1024447777471230,100064197037125,"PC Merchandise","malas naman🥹",,46,"07/16/2023 22:00",,https://www.facebook.com/reel/1582213000692979/,0,0,Reels,,,,,07/24/2023,0,,,,,,0,0,0,0,0,44.208,4.235
1024447777471230,100064197037125,"PC Merchandise","malas naman🥹",,46,"07/16/2023 22:00",,https://www.facebook.com/reel/1582213000692979/,0,0,Reels,,,,,07/25/2023,0,,,,,,0,0,0,0,0,56.227,4.115
1024447777471230,100064197037125,"PC Merchandise","malas naman🥹",,46,"07/16/2023 22:00",,https://www.facebook.com/reel/1582213000692979/,0,0,Reels,,,,,07/26/2023,0,,,,,,0,0,0,0,0,48.698,4.766
1024447777471230,100064197037125,"PC Merchandise","malas naman🥹",,46,"07/16/2023 22:00",,https://www.facebook.com/reel/1582213000692979/,0,0,Reels,,,,,07/27/2023,0,,,,,,0,0,0,0,0,20.707,4.234
1024447777471230,100064197037125,"PC Merchandise","malas naman🥹",,46,"07/16/2023 22:00",,https://www.facebook.com/reel/1582213000692979/,0,0,Reels,,,,,07/28/2023,0,,,,,,0,0,0,0,0,11.909,4.598
1024447777471230,100064197037125,"PC Merchandise","malas naman🥹",,46,"07/16/2023 22:00",,https://www.facebook.com/reel/1582213000692979/,0,0,Reels,,,,,07/29/2023,0,,,,,,0,0,0,0,0,38.777,3.243
1024447777471230,100064197037125,"PC Merchandise","malas naman🥹",,46,"07/16/2023 22:00",,https://www.facebook.com/reel/1582213000692979/,0,0,Reels,,,,,07/30/2023,0,,,,,,0,0,0,0,0,16.410,3.852
1024447777471230,100064197037125,"PC Merchandise","malas naman🥹",,46,"07/16/2023 22:00",,https://www.facebook.com/reel/1582213000692979/,0,0,Reels,,,,,07/31/2023,0,,,,,,0,0,0,0,0,15.225,2.936
1024094846727172,100064197037125,"PC Merchandise","malas naman🥹",,54,"07/16/2023 21:00",,https://www.facebook.com/reel/1635714943620861/,0,0,Reels,,,,,07/01/2023,0,,,,,,0,0,0,0,0,0.000,4.854
1024094846727172,100064197037125,"PC Merchandise","malas naman🥹",,54,"07/16/2023 21:00",,https://www.facebook.com/reel/1635714943620861/,0,0,Reels,,,,,07/02/2023,0,,,,,,0,0,0,0,0,0.000,4.402
1024094846727172,100064197037125,"PC Merchandise","malas naman🥹",,54,"07/16/2023 21:00",,https://www.facebook.com/reel/1635714943620861/,0,0,Reels,,,,,07/03/2023,0,,,,,,0,0,0,0,0,0.000,4.738
1024094846727172,100064197037125,"PC Merchandise","malas naman🥹",,54,"07/16/2023 21:00",,https://www.facebook.com/reel/1635714943620861/,0,0,Reels,,,,,07/04/2023,0,,,,,,0,0,0,0,0,0.000,4.030
1024094846727172,100064197037125,"PC Merchandise","malas naman🥹",,54,"07/16/2023 21:00",,https://www.facebook.com/reel/1635714943620861/,0,0,Reels,,,,,07/05/2023,0,,,,,,0,0,0,0,0,0.000,5.035
1024094846727172,100064197037125,"PC Merchandise","malas naman🥹",,54,"07/16/2023 21:00",,https://www.facebook.com/reel/1635714943620861/,0,0,Reels,,,,,07/06/2023,0,,,,,,0,0,0,0,0,0.000,5.176
1024094846727172,100064197037125,"PC Merchandise","malas naman🥹",,54,"07/16/2023 21:00",,https://www.facebook.com/reel/1635714943620861/,0,0,Reels,,,,,07/07/2023,0,,,,,,0,0,0,0,0,0.000,3.658
1024094846727172,100064197037125,"PC Merchandise","malas naman🥹",,54,"07/16/2023 21:00",,https://www.facebook.com/reel/1635714943620861/,0,0,Reels,,,,,07/08/2023,0,,,,,,0,0,0,0,0,0.000,3.300
1024094846727172,100064197037125,"PC Merchandise","malas naman🥹",,54,"07/16/2023 21:00",,https://www.facebook.com/reel/1635714943620861/,0,0,Reels,,,,,07/09/2023,0,,,,,,0,0,0,0,0,0.000,3.144
1024094846727172,100064197037125,"PC Merchandise","malas naman🥹",,54,"07/16/2023 21:00",,https://www.facebook.com/reel/1635714943620861/,0,0,Reels,,,,,07/10/2023,0,,,,,,0,0,0,0,0,0.000,4.269
1024094846727172,100064197037125,"PC Merchandise","malas naman🥹",,54,"07/16/2023 21:00",,https://www.facebook.com/reel/1635714943620861/,0,0,Reels,,,,,07/11/2023,0,,,,,,0,0,0,0,0,0.000,3.425
1024094846727172,100064197037125,"PC Merchandise","malas naman🥹",,54,"07/16/2023 21:00",,https://www.facebook.com/reel/1635714943620861/,0,0,Reels,,,,,07/12/2023,0,,,,,,0,0,0,0,0,0.000,2.575
1024094846727172,100064197037125,"PC Merchandise","malas naman🥹",,54,"07/16/2023 21:00",,https://www.facebook.com/reel/1635714943620861/,0,0,Reels,,,,,07/13/2023,0,,,,,,0,0,0,0,0,0.000,4.556
1024094846727172,100064197037125,"PC Merchandise","malas naman🥹",,54,"07/16/2023 21:00",,https://www.facebook.com/reel/1635714943620861/,0,0,Reels,,,,,07/14/2023,0,,,,,,0,0,0,0,0,0.000,5.016
1024094846727172,100064197037125,"PC Merchandise","malas naman🥹",,54,"07/16/2023 21:00",,https://www.facebook.com/reel/1635714943620861/,0,0,Reels,,,,,07/15/2023,0,,,,,,0,0,0,0,0,0.000,3.066
1024094846727172,100064197037125,"PC Merchandise","malas naman🥹",,54,"07/16/2023 21:00",,https://www.facebook.com/reel/1635714943620861/,0,0,Reels,,,,,07/16/2023,0,,,,,,0,0,0,0,0,49.741,3.344
1024094846727172,100064197037125,"PC Merchandise","malas naman🥹",,54,"07/16/2023 21:00",,https://www.facebook.com/reel/1635714943620861/,0,0,Reels,,,,,07/17/2023,0,,,,,,0,0,0,0,0,19.714,2.265
1024094846727172,100064197037125,"PC Merchandise","malas naman🥹",,54,"07/16/2023 21:00",,https://www.facebook.com/reel/1635714943620861/,0,0,Reels,,,,,07/18/2023,0,,,,,,0,0,0,0,0,31.693,3.568
1024094846727172,100064197037125,"PC Merchandise","malas naman🥹",,54,"07/16/2023 21:00",,https://www.facebook.com/reel/1635714943620861/,0,0,Reels,,,,,07/19/2023,0,,,,,,0,0,0,0,0,30.748,3.958
1024094846727172,100064197037125,"PC Merchandise","malas naman🥹",,54,"07/16/2023 21:00",,https://www.facebook.com/reel/1635714943620861/,0,0,Reels,,,,,07/20/2023,0,,,,,,0,0,0,0,0,18.882,3.397
1024094846727172,100064197037125,"PC Merchandise","malas naman🥹",,54,"07/16/2023 21:00",,https://www.facebook.com/reel/1635714943620861/,0,0,Reels,,,,,07/21/2023,0,,,,,,0,0,0,0,0,6.892,2.396
1024094846727172,100064197037125,"PC Merchandise","malas naman🥹",,54,"07/16/2023 21:00",,https://www.facebook.com/reel/1635714943620861/,0,0,Reels,,,,,07/22/2023,0,,,,,,0,0,0,0,0,7.585,4.572
1024094846727172,100064197037125,"PC Merchandise","malas naman🥹",,54,"07/16/2023 21:00",,https://www.facebook.com/reel/1635714943620861/,0,0,Reels,,,,,07/23/2023,0,,,,,,0,0,0,0,0,8.521,4.475
1024094846727172,100064197037125,"PC Merchandise","malas naman🥹",,54,"07/16/2023 21:00",,https://www.facebook.com/reel/1635714943620861/,0,0,Reels,,,,,07/24/2023,0,,,,,,0,0,0,0,0,10.456,3.075
1024094846727172,100064197037125,"PC Merchandise","malas naman🥹",,54,"07/16/2023 21:00",,https://www.facebook.com/reel/1635714943620861/,0,0,Reels,,,,,07/25/2023,0,,,,,,0,0,0,0,0,2.930,3.843
1024094846727172,100064197037125,"PC Merchandise","malas naman🥹",,54,"07/16/2023 21:00",,https://www.facebook.com/reel/1635714943620861/,0,0,Reels,,,,,07/26/2023,0,,,,,,0,0,0,0,0,7.448,4.121
1024094846727172,100064197037125,"PC Merchandise","malas naman🥹",,54,"07/16/2023 21:00",,https://www.facebook.com/reel/1635714943620861/,0,0,Reels,,,,,07/27/2023,0,,,,,,0,0,0,0,0,3.104,4.537
1024094846727172,100064197037125,"PC Merchandise","malas naman🥹",,54,"07/16/2023 21:00",,https://www.facebook.com/reel/1635714943620861/,0,0,Reels,,,,,07/28/2023,0,,,,,,0,0,0,0,0,2.053,4.473
1024094846727172,100064197037125,"PC Merchandise","malas naman🥹",,54,"07/16/2023 21:00",,https://www.facebook.com/reel/1635714943620861/,0,0,Reels,,,,,07/29/2023,0,,,,,,0,0,0,0,0,3.863,3.333
1024094846727172,100064197037125,"PC Merchandise","malas naman🥹",,54,"07/16/2023 21:00",,https://www.facebook.com/reel/1635714943620861/,0,0,Reels,,,,,07/30/2023,0,,,,,,0,0,0,0,0,3.818,3.656
1024094846727172,100064197037125,"PC Merchandise","malas naman🥹",,54,"07/16/2023 21:00",,https://www.facebook.com/reel/1635714943620861/,0,0,Reels,,,,,07/31/2023,0,,,,,,0,0,0,0,0,3.871,2.126
1024255690289334,100064197037125,"PC Merchandise","𝐏𝐑𝐈𝐂𝐄𝐋𝐈𝐒𝐓 𝟐𝟎𝟐𝟑 >>>
https://pcmerchandise.live/2023-COMSHOP-PACKAGES",,48,"07/15/2023 23:00",auto,https://www.facebook.com/reel/1744748408793402/,0,0,Reels,,,,,07/01/2023,0,,,,,,0,0,0,0,0,0.000,4.783
1024255690289334,100064197037125,"PC Merchandise","𝐏𝐑𝐈𝐂𝐄𝐋𝐈𝐒𝐓 𝟐𝟎𝟐𝟑 >>>
https://pcmerchandise.live/2023-COMSHOP-PACKAGES",,48,"07/15/2023 23:00",auto,https://www.facebook.com/reel/1744748408793402/,0,0,Reels,,,,,07/02/2023,0,,,,,,0,0,0,0,0,0.000,5.585
1024255690289334,100064197037125,"PC Merchandise","𝐏𝐑𝐈𝐂𝐄𝐋𝐈𝐒𝐓 𝟐𝟎𝟐𝟑 >>>
https://pcmerchandise.live/2023-COMSHOP-PACKAGES",,48,"07/15/2023 23:00",auto,https://www.facebook.com/reel/1744748408793402/,0,0,Reels,,,,,07/03/2023,0,,,,,,0,0,0,0,0,0.000,4.917
1024255690289334,100064197037125,"PC Merchandise","𝐏𝐑𝐈𝐂𝐄𝐋𝐈𝐒𝐓 𝟐𝟎𝟐𝟑 >>>
https://pcmerchandise.live/2023-COMSHOP-PACKAGES",,48,"07/15/2023 23:00",auto,https://www.facebook.com/reel/1744748408793402/,0,0,Reels,,,,,07/04/2023,0,,,,,,0,0,0,0,0,0.000,7.118
1024255690289334,100064197037125,"PC Merchandise","𝐏𝐑𝐈𝐂𝐄𝐋𝐈𝐒𝐓 𝟐𝟎𝟐𝟑 >>>
https://pcmerchandise.live/2023-COMSHOP-PACKAGES",,48,"07/15/2023 23:00",auto,https://www.facebook.com/reel/1744748408793402/,0,0,Reels,,,,,07/05/2023,0,,,,,,0,0,0,0,0,0.000,5.463
1024255690289334,100064197037125,"PC Merchandise","𝐏𝐑𝐈𝐂𝐄𝐋𝐈𝐒𝐓 𝟐𝟎𝟐𝟑 >>>
https://pcmerchandise.live/2023-COMSHOP-PACKAGES",,48,"07/15/2023 23:00",auto,https://www.facebook.com/reel/1744748408793402/,0,0,Reels,,,,,07/06/2023,0,,,,,,0,0,0,0,0,0.000,4.992
1024255690289334,100064197037125,"PC Merchandise","𝐏𝐑𝐈𝐂𝐄𝐋𝐈𝐒𝐓 𝟐𝟎𝟐𝟑 >>>
https://pcmerchandise.live/2023-COMSHOP-PACKAGES",,48,"07/15/2023 23:00",auto,https://www.facebook.com/reel/1744748408793402/,0,0,Reels,,,,,07/07/2023,0,,,,,,0,0,0,0,0,0.000,4.411
1024255690289334,100064197037125,"PC Merchandise","𝐏𝐑𝐈𝐂𝐄𝐋𝐈𝐒𝐓 𝟐𝟎𝟐𝟑 >>>
https://pcmerchandise.live/2023-COMSHOP-PACKAGES",,48,"07/15/2023 23:00",auto,https://www.facebook.com/reel/1744748408793402/,0,0,Reels,,,,,07/08/2023,0,,,,,,0,0,0,0,0,0.000,5.214
1024255690289334,100064197037125,"PC Merchandise","𝐏𝐑𝐈𝐂𝐄𝐋𝐈𝐒𝐓 𝟐𝟎𝟐𝟑 >>>
https://pcmerchandise.live/2023-COMSHOP-PACKAGES",,48,"07/15/2023 23:00",auto,https://www.facebook.com/reel/1744748408793402/,0,0,Reels,,,,,07/09/2023,0,,,,,,0,0,0,0,0,0.000,5.328
1024255690289334,100064197037125,"PC Merchandise","𝐏𝐑𝐈𝐂𝐄𝐋𝐈𝐒𝐓 𝟐𝟎𝟐𝟑 >>>
https://pcmerchandise.live/2023-COMSHOP-PACKAGES",,48,"07/15/2023 23:00",auto,https://www.facebook.com/reel/1744748408793402/,0,0,Reels,,,,,07/10/2023,0,,,,,,0,0,0,0,0,0.000,4.477
1024255690289334,100064197037125,"PC Merchandise","𝐏𝐑𝐈𝐂𝐄𝐋𝐈𝐒𝐓 𝟐𝟎𝟐𝟑 >>>
https://pcmerchandise.live/2023-COMSHOP-PACKAGES",,48,"07/15/2023 23:00",auto,https://www.facebook.com/reel/1744748408793402/,0,0,Reels,,,,,07/11/2023,0,,,,,,0,0,0,0,0,0.000,4.635
1024255690289334,100064197037125,"PC Merchandise","𝐏𝐑𝐈𝐂𝐄𝐋𝐈𝐒𝐓 𝟐𝟎𝟐𝟑 >>>
https://pcmerchandise.live/2023-COMSHOP-PACKAGES",,48,"07/15/2023 23:00",auto,https://www.facebook.com/reel/1744748408793402/,0,0,Reels,,,,,07/12/2023,0,,,,,,0,0,0,0,0,0.000,6.410
1024255690289334,100064197037125,"PC Merchandise","𝐏𝐑𝐈𝐂𝐄𝐋𝐈𝐒𝐓 𝟐𝟎𝟐𝟑 >>>
https://pcmerchandise.live/2023-COMSHOP-PACKAGES",,48,"07/15/2023 23:00",auto,https://www.facebook.com/reel/1744748408793402/,0,0,Reels,,,,,07/13/2023,0,,,,,,0,0,0,0,0,0.000,4.846
1024255690289334,100064197037125,"PC Merchandise","𝐏𝐑𝐈𝐂𝐄𝐋𝐈𝐒𝐓 𝟐𝟎𝟐𝟑 >>>
https://pcmerchandise.live/2023-COMSHOP-PACKAGES",,48,"07/15/2023 23:00",auto,https://www.facebook.com/reel/1744748408793402/,0,0,Reels,,,,,07/14/2023,0,,,,,,0,0,0,0,0,0.000,5.157
1024255690289334,100064197037125,"PC Merchandise","𝐏𝐑𝐈𝐂𝐄𝐋𝐈𝐒𝐓 𝟐𝟎𝟐𝟑 >>>
https://pcmerchandise.live/2023-COMSHOP-PACKAGES",,48,"07/15/2023 23:00",auto,https://www.facebook.com/reel/1744748408793402/,0,0,Reels,,,,,07/15/2023,0,,,,,,0,0,0,0,0,370.346,4.398
1024255690289334,100064197037125,"PC Merchandise","𝐏𝐑𝐈𝐂𝐄𝐋𝐈𝐒𝐓 𝟐𝟎𝟐𝟑 >>>
https://pcmerchandise.live/2023-COMSHOP-PACKAGES",,48,"07/15/2023 23:00",auto,https://www.facebook.com/reel/1744748408793402/,0,0,Reels,,,,,07/16/2023,0,,,,,,0,0,0,0,0,260.059,4.924
1024255690289334,100064197037125,"PC Merchandise","𝐏𝐑𝐈𝐂𝐄𝐋𝐈𝐒𝐓 𝟐𝟎𝟐𝟑 >>>
https://pcmerchandise.live/2023-COMSHOP-PACKAGES",,48,"07/15/2023 23:00",auto,https://www.facebook.com/reel/1744748408793402/,0,0,Reels,,,,,07/17/2023,0,,,,,,0,0,0,0,0,250.038,5.121
1024255690289334,100064197037125,"PC Merchandise","𝐏𝐑𝐈𝐂𝐄𝐋𝐈𝐒𝐓 𝟐𝟎𝟐𝟑 >>>
https://pcmerchandise.live/2023-COMSHOP-PACKAGES",,48,"07/15/2023 23:00",auto,https://www.facebook.com/reel/1744748408793402/,0,0,Reels,,,,,07/18/2023,0,,,,,,0,0,0,0,0,90.500,4.172
1024255690289334,100064197037125,"PC Merchandise","𝐏𝐑𝐈𝐂𝐄𝐋𝐈𝐒𝐓 𝟐𝟎𝟐𝟑 >>>
https://pcmerchandise.live/2023-COMSHOP-PACKAGES",,48,"07/15/2023 23:00",auto,https://www.facebook.com/reel/1744748408793402/,0,0,Reels,,,,,07/19/2023,0,,,,,,0,0,0,0,0,127.294,5.053
1024255690289334,100064197037125,"PC Merchandise","𝐏𝐑𝐈𝐂𝐄𝐋𝐈𝐒𝐓 𝟐𝟎𝟐𝟑 >>>
https://pcmerchandise.live/2023-COMSHOP-PACKAGES",,48,"07/15/2023 23:00",auto,https://www.facebook.com/reel/1744748408793402/,0,0,Reels,,,,,07/20/2023,0,,,,,,0,0,0,0,0,74.799,3.261
1024255690289334,100064197037125,"PC Merchandise","𝐏𝐑𝐈𝐂𝐄𝐋𝐈𝐒𝐓 𝟐𝟎𝟐𝟑 >>>
https://pcmerchandise.live/2023-COMSHOP-PACKAGES",,48,"07/15/2023 23:00",auto,https://www.facebook.com/reel/1744748408793402/,0,0,Reels,,,,,07/21/2023,0,,,,,,0,0,0,0,0,96.148,4.338
1024255690289334,100064197037125,"PC Merchandise","𝐏𝐑𝐈𝐂𝐄𝐋𝐈𝐒𝐓 𝟐𝟎𝟐𝟑 >>>
https://pcmerchandise.live/2023-COMSHOP-PACKAGES",,48,"07/15/2023 23:00",auto,https://www.facebook.com/reel/1744748408793402/,0,0,Reels,,,,,07/22/2023,0,,,,,,0,0,0,0,0,43.712,4.486
1024255690289334,100064197037125,"PC Merchandise","𝐏𝐑𝐈𝐂𝐄𝐋𝐈𝐒𝐓 𝟐𝟎𝟐𝟑 >>>
https://pcmerchandise.live/2023-COMSHOP-PACKAGES",,48,"07/15/2023 23:00",auto,https://www.facebook.com/reel/1744748408793402/,0,0,Reels,,,,,07/23/2023,0,,,,,,0,0,0,0,0,29.115,5.434
1024255690289334,100064197037125,"PC Merchandise","𝐏𝐑𝐈𝐂𝐄𝐋𝐈𝐒𝐓 𝟐𝟎𝟐𝟑 >>>
https://pcmerchandise.live/2023-COMSHOP-PACKAGES",,48,"07/15/2023 23:00",auto,https://www.facebook.com/reel/1744748408793402/,0,0,Reels,,,,,07/24/2023,0,,,,,,0,0,0,0,0,30.652,5.250
1024255690289334,100064197037125,"PC Merchandise","𝐏𝐑𝐈𝐂𝐄𝐋𝐈𝐒𝐓 𝟐𝟎𝟐𝟑 >>>
https://pcmerchandise.live/2023-COMSHOP-PACKAGES",,48,"07/15/2023 23:00",auto,https://www.facebook.com/reel/1744748408793402/,0,0,Reels,,,,,07/25/2023,0,,,,,,0,0,0,0,0,66.071,5.176
1024255690289334,100064197037125,"PC Merchandise","𝐏𝐑𝐈𝐂𝐄𝐋𝐈𝐒𝐓 𝟐𝟎𝟐𝟑 >>>
https://pcmerchandise.live/2023-COMSHOP-PACKAGES",,48,"07/15/2023 23:00",auto,https://www.facebook.com/reel/1744748408793402/,0,0,Reels,,,,,07/26/2023,0,,,,,,0,0,0,0,0,32.227,4.551
1024255690289334,100064197037125,"PC Merchandise","𝐏𝐑𝐈𝐂𝐄𝐋𝐈𝐒𝐓 𝟐𝟎𝟐𝟑 >>>
https://pcmerchandise.live/2023-COMSHOP-PACKAGES",,48,"07/15/2023 23:00",auto,https://www.facebook.com/reel/1744748408793402/,0,0,Reels,,,,,07/27/2023,0,,,,,,0,0,0,0,0,20.944,4.925
1024255690289334,100064197037125,"PC Merchandise","𝐏𝐑𝐈𝐂𝐄𝐋𝐈𝐒𝐓 𝟐𝟎𝟐𝟑 >>>
https://pcmerchandise.live/2023-COMSHOP-PACKAGES",,48,"07/15/2023 23:00",auto,https://www.facebook.com/reel/1744748408793402/,0,0,Reels,,,,,07/28/2023,0,,,,,,0,0,0,0,0,22.177,4.358
1024255690289334,100064197037125,"PC Merchandise","𝐏𝐑𝐈𝐂𝐄𝐋𝐈𝐒𝐓 𝟐𝟎𝟐𝟑 >>>
https://pcmerchandise.live/2023-COMSHOP-PACKAGES",,48,"07/15/2023 23:00",auto,https://www.facebook.com/reel/1744748408793402/,0,0,Reels,,,,,07/29/2023,0,,,,,,0,0,0,0,0,23.957,4.209
1024255690289334,100064197037125,"PC Merchandise","𝐏𝐑𝐈𝐂𝐄𝐋𝐈𝐒𝐓 𝟐𝟎𝟐𝟑 >>>
https://pcmerchandise.live/2023-COMSHOP-PACKAGES",,48,"07/15/2023 23:00",auto,https://www.facebook.com/reel/1744748408793402/,0,0,Reels,,,,,07/30/2023,0,,,,,,0,0,0,0,0,41.012,5.694
1024255690289334,100064197037125,"PC Merchandise","𝐏𝐑𝐈𝐂𝐄𝐋𝐈𝐒𝐓 𝟐𝟎𝟐𝟑 >>>
https://pcmerchandise.live/2023-COMSHOP-PACKAGES",,48,"07/15/2023 23:00",auto,https://www.facebook.com/reel/1744748408793402/,0,0,Reels,,,,,07/31/2023,0,,,,,,0,0,0,0,0,30.249,5.209
1024432508063406,100064197037125,"PC Merchandise","𝐑𝐘𝐙𝐄𝐍 𝟓 𝟒𝟔𝟎𝟎𝐆 𝟏𝟎+𝟏
𝐆𝐀𝐌𝐈𝐍𝐆 𝐁𝐔𝐈𝐋𝐃
#PCMERCHANDISE #PCMBUILDS",,55,"07/14/2023 21:01",,https://www.facebook.com/reel/1489831037855753/,0,0,Reels,,,,,07/01/2023,0,,,,,,0,0,0,0,0,0.000,5.409
1024432508063406,100064197037125,"PC Merchandise","𝐑𝐘𝐙𝐄𝐍 𝟓 𝟒𝟔𝟎𝟎𝐆 𝟏𝟎+𝟏
𝐆𝐀𝐌𝐈𝐍𝐆 𝐁𝐔𝐈𝐋𝐃
#PCMERCHANDISE #PCMBUILDS",,55,"07/14/2023 21:01",,https://www.facebook.com/reel/1489831037855753/,0,0,Reels,,,,,07/02/2023,0,,,,,,0,0,0,0,0,0.000,6.316
1024432508063406,100064197037125,"PC Merchandise","𝐑𝐘𝐙𝐄𝐍 𝟓 𝟒𝟔𝟎𝟎𝐆 𝟏𝟎+𝟏
𝐆𝐀𝐌𝐈𝐍𝐆 𝐁𝐔𝐈𝐋𝐃
#PCMERCHANDISE #PCMBUILDS",,55,"07/14/2023 21:01",,https://www.facebook.com/reel/1489831037855753/,0,0,Reels,,,,,07/03/2023,0,,,,,,0,0,0,0,0,0.000,3.947
1024432508063406,100064197037125,"PC Merchandise","𝐑𝐘𝐙𝐄𝐍 𝟓 𝟒𝟔𝟎𝟎𝐆 𝟏𝟎+𝟏
𝐆𝐀𝐌𝐈𝐍𝐆 𝐁𝐔𝐈𝐋𝐃
#PCMERCHANDISE #PCMBUILDS",,55,"07/14/2023 21:01",,https://www.facebook.com/reel/1489831037855753/,0,0,Reels,,,,,07/04/2023,0,,,,,,0,0,0,0,0,0.000,3.898
1024432508063406,100064197037125,"PC Merchandise","𝐑𝐘𝐙𝐄𝐍 𝟓 𝟒𝟔𝟎𝟎𝐆 𝟏𝟎+𝟏
𝐆𝐀𝐌𝐈𝐍𝐆 𝐁𝐔𝐈𝐋𝐃
#PCMERCHANDISE #PCMBUILDS",,55,"07/14/2023 21:01",,https://www.facebook.com/reel/1489831037855753/,0,0,Reels,,,,,07/05/2023,0,,,,,,0,0,0,0,0,0.000,4.887
1024432508063406,100064197037125,"PC Merchandise","𝐑𝐘𝐙𝐄𝐍 𝟓 𝟒𝟔𝟎𝟎𝐆 𝟏𝟎+𝟏
𝐆𝐀𝐌𝐈𝐍𝐆 𝐁𝐔𝐈𝐋𝐃
#PCMERCHANDISE #PCMBUILDS",,55,"07/14/2023 21:01",,https://www.facebook.com/reel/1489831037855753/,0,0,Reels,,,,,07/06/2023,0,,,,,,0,0,0,0,0,0.000,6.303
1024432508063406,100064197037125,"PC Merchandise","𝐑𝐘𝐙𝐄𝐍 𝟓 𝟒𝟔𝟎𝟎𝐆 𝟏𝟎+𝟏
𝐆𝐀𝐌𝐈𝐍𝐆 𝐁𝐔𝐈𝐋𝐃
#PCMERCHANDISE #PCMBUILDS",,55,"07/14/2023 21:01",,https://www.facebook.com/reel/1489831037855753/,0,0,Reels,,,,,07/07/2023,0,,,,,,0,0,0,0,0,0.000,5.241
1024432508063406,100064197037125,"PC Merchandise","𝐑𝐘𝐙𝐄𝐍 𝟓 𝟒𝟔𝟎𝟎𝐆 𝟏𝟎+𝟏
𝐆𝐀𝐌𝐈𝐍𝐆 𝐁𝐔𝐈𝐋𝐃
#PCMERCHANDISE #PCMBUILDS",,55,"07/14/2023 21:01",,https://www.facebook.com/reel/1489831037855753/,0,0,Reels,,,,,07/08/2023,0,,,,,,0,0,0,0,0,0.000,4.900
1024432508063406,100064197037125,"PC Merchandise","𝐑𝐘𝐙𝐄𝐍 𝟓 𝟒𝟔𝟎𝟎𝐆 𝟏𝟎+𝟏
𝐆𝐀𝐌𝐈𝐍𝐆 𝐁𝐔𝐈𝐋𝐃
#PCMERCHANDISE #PCMBUILDS",,55,"07/14/2023 21:01",,https://www.facebook.com/reel/1489831037855753/,0,0,Reels,,,,,07/09/2023,0,,,,,,0,0,0,0,0,0.000,5.196
1024432508063406,100064197037125,"PC Merchandise","𝐑𝐘𝐙𝐄𝐍 𝟓 𝟒𝟔𝟎𝟎𝐆 𝟏𝟎+𝟏
𝐆𝐀𝐌𝐈𝐍𝐆 𝐁𝐔𝐈𝐋𝐃
#PCMERCHANDISE #PCMBUILDS",,55,"07/14/2023 21:01",,https://www.facebook.com/reel/1489831037855753/,0,0,Reels,,,,,07/10/2023,0,,,,,,0,0,0,0,0,0.000,5.127
1024432508063406,100064197037125,"PC Merchandise","𝐑𝐘𝐙𝐄𝐍 𝟓 𝟒𝟔𝟎𝟎𝐆 𝟏𝟎+𝟏
𝐆𝐀𝐌𝐈𝐍𝐆 𝐁𝐔𝐈𝐋𝐃
#PCMERCHANDISE #PCMBUILDS",,55,"07/14/2023 21:01",,https://www.facebook.com/reel/1489831037855753/,0,0,Reels,,,,,07/11/2023,0,,,,,,0,0,0,0,0,0.000,4.829
1024432508063406,100064197037125,"PC Merchandise","𝐑𝐘𝐙𝐄𝐍 𝟓 𝟒𝟔𝟎𝟎𝐆 𝟏𝟎+𝟏
𝐆𝐀𝐌𝐈𝐍𝐆 𝐁𝐔𝐈𝐋𝐃
#PCMERCHANDISE #PCMBUILDS",,55,"07/14/2023 21:01",,https://www.facebook.com/reel/1489831037855753/,0,0,Reels,,,,,07/12/2023,0,,,,,,0,0,0,0,0,0.000,6.254
1024432508063406,100064197037125,"PC Merchandise","𝐑𝐘𝐙𝐄𝐍 𝟓 𝟒𝟔𝟎𝟎𝐆 𝟏𝟎+𝟏
𝐆𝐀𝐌𝐈𝐍𝐆 𝐁𝐔𝐈𝐋𝐃
#PCMERCHANDISE #PCMBUILDS",,55,"07/14/2023 21:01",,https://www.facebook.com/reel/1489831037855753/,0,0,Reels,,,,,07/13/2023,0,,,,,,0,0,0,0,0,0.000,4.817
1024432508063406,100064197037125,"PC Merchandise","𝐑𝐘𝐙𝐄𝐍 𝟓 𝟒𝟔𝟎𝟎𝐆 𝟏𝟎+𝟏
𝐆𝐀𝐌𝐈𝐍𝐆 𝐁𝐔𝐈𝐋𝐃
#PCMERCHANDISE #PCMBUILDS",,55,"07/14/2023 21:01",,https://www.facebook.com/reel/1489831037855753/,0,0,Reels,,,,,07/14/2023,0,,,,,,312,0,0,0,0,912.915,5.768
1024432508063406,100064197037125,"PC Merchandise","𝐑𝐘𝐙𝐄𝐍 𝟓 𝟒𝟔𝟎𝟎𝐆 𝟏𝟎+𝟏
𝐆𝐀𝐌𝐈𝐍𝐆 𝐁𝐔𝐈𝐋𝐃
#PCMERCHANDISE #PCMBUILDS",,55,"07/14/2023 21:01",,https://www.facebook.com/reel/1489831037855753/,0,0,Reels,,,,,07/15/2023,0,,,,,,287,0,0,0,0,367.176,4.604
1024432508063406,100064197037125,"PC Merchandise","𝐑𝐘𝐙𝐄𝐍 𝟓 𝟒𝟔𝟎𝟎𝐆 𝟏𝟎+𝟏
𝐆𝐀𝐌𝐈𝐍𝐆 𝐁𝐔𝐈𝐋𝐃
#PCMERCHANDISE #PCMBUILDS",,55,"07/14/2023 21:01",,https://www.facebook.com/reel/1489831037855753/,0,0,Reels,,,,,07/16/2023,0,,,,,,312,0,0,0,0,348.288,5.914
1024432508063406,100064197037125,"PC Merchandise","𝐑𝐘𝐙𝐄𝐍 𝟓 𝟒𝟔𝟎𝟎𝐆 𝟏𝟎+𝟏
𝐆𝐀𝐌𝐈𝐍𝐆 𝐁𝐔𝐈𝐋𝐃
#PCMERCHANDISE #PCMBUILDS",,55,"07/14/2023 21:01",,https://www.facebook.com/reel/1489831037855753/,0,0,Reels,,,,,07/17/2023,0,,,,,,296,0,0,0,0,167.653,5.134
1024432508063406,100064197037125,"PC Merchandise","𝐑𝐘𝐙𝐄𝐍 𝟓 𝟒𝟔𝟎𝟎𝐆 𝟏𝟎+𝟏
𝐆𝐀𝐌𝐈𝐍𝐆 𝐁𝐔𝐈𝐋𝐃
#PCMERCHANDISE #PCMBUILDS",,55,"07/14/2023 21:01",,https://www.facebook.com/reel/1489831037855753/,0,0,Reels,,,,,07/18/2023,0,,,,,,0,0,0,0,0,155.930,4.565
1024432508063406,100064197037125,"PC Merchandise","𝐑𝐘𝐙𝐄𝐍 𝟓 𝟒𝟔𝟎𝟎𝐆 𝟏𝟎+𝟏
𝐆𝐀𝐌𝐈𝐍𝐆 𝐁𝐔𝐈𝐋𝐃
#PCMERCHANDISE #PCMBUILDS",,55,"07/14/2023 21:01",,https://www.facebook.com/reel/1489831037855753/,0,0,Reels,,,,,07/19/2023,0,,,,,,0,0,0,0,0,89.434,5.448
1024432508063406,100064197037125,"PC Merchandise","𝐑𝐘𝐙𝐄𝐍 𝟓 𝟒𝟔𝟎𝟎𝐆 𝟏𝟎+𝟏
𝐆𝐀𝐌𝐈𝐍𝐆 𝐁𝐔𝐈𝐋𝐃
#PCMERCHANDISE #PCMBUILDS",,55,"07/14/2023 21:01",,https://www.facebook.com/reel/1489831037855753/,0,0,Reels,,,,,07/20/2023,0,,,,,,0,0,0,0,0,216.485,5.737
1024432508063406,100064197037125,"PC Merchandise","𝐑𝐘𝐙𝐄𝐍 𝟓 𝟒𝟔𝟎𝟎𝐆 𝟏𝟎+𝟏
𝐆𝐀𝐌𝐈𝐍𝐆 𝐁𝐔𝐈𝐋𝐃
#PCMERCHANDISE #PCMBUILDS",,55,"07/14/2023 21:01",,https://www.facebook.com/reel/1489831037855753/,0,0,Reels,,,,,07/21/2023,0,,,,,,0,0,0,0,0,130.508,4.386
1024432508063406,100064197037125,"PC Merchandise","𝐑𝐘𝐙𝐄𝐍 𝟓 𝟒𝟔𝟎𝟎𝐆 𝟏𝟎+𝟏
𝐆𝐀𝐌𝐈𝐍𝐆 𝐁𝐔𝐈𝐋𝐃
#PCMERCHANDISE #PCMBUILDS",,55,"07/14/2023 21:01",,https://www.facebook.com/reel/1489831037855753/,0,0,Reels,,,,,07/22/2023,0,,,,,,0,0,0,0,0,86.286,6.524
1024432508063406,100064197037125,"PC Merchandise","𝐑𝐘𝐙𝐄𝐍 𝟓 𝟒𝟔𝟎𝟎𝐆 𝟏𝟎+𝟏
𝐆𝐀𝐌𝐈𝐍𝐆 𝐁𝐔𝐈𝐋𝐃
#PCMERCHANDISE #PCMBUILDS",,55,"07/14/2023 21:01",,https://www.facebook.com/reel/1489831037855753/,0,0,Reels,,,,,07/23/2023,0,,,,,,0,0,0,0,0,68.253,6.298
1024432508063406,100064197037125,"PC Merchandise","𝐑𝐘𝐙𝐄𝐍 𝟓 𝟒𝟔𝟎𝟎𝐆 𝟏𝟎+𝟏
𝐆𝐀𝐌𝐈𝐍𝐆 𝐁𝐔𝐈𝐋𝐃
#PCMERCHANDISE #PCMBUILDS",,55,"07/14/2023 21:01",,https://www.facebook.com/reel/1489831037855753/,0,0,Reels,,,,,07/24/2023,0,,,,,,0,0,0,0,0,32.266,4.649
1024432508063406,100064197037125,"PC Merchandise","𝐑𝐘𝐙𝐄𝐍 𝟓 𝟒𝟔𝟎𝟎𝐆 𝟏𝟎+𝟏
𝐆𝐀𝐌𝐈𝐍𝐆 𝐁𝐔𝐈𝐋𝐃
#PCMERCHANDISE #PCMBUILDS",,55,"07/14/2023 21:01",,https://www.facebook.com/reel/1489831037855753/,0,0,Reels,,,,,07/25/2023,0,,,,,,0,0,0,0,0,47.014,6.938
1024432508063406,100064197037125,"PC Merchandise","𝐑𝐘𝐙𝐄𝐍 𝟓 𝟒𝟔𝟎𝟎𝐆 𝟏𝟎+𝟏
𝐆𝐀𝐌𝐈𝐍𝐆 𝐁𝐔𝐈𝐋𝐃
#PCMERCHANDISE #PCMBUILDS",,55,"07/14/2023 21:01",,https://www.facebook.com/reel/1489831037855753/,0,0,Reels,,,,,07/26/2023,0,,,,,,0,0,0,0,0,32.831,5.007
1024432508063406,100064197037125,"PC Merchandise","𝐑𝐘𝐙𝐄𝐍 𝟓 𝟒𝟔𝟎𝟎𝐆 𝟏𝟎+𝟏
𝐆𝐀𝐌𝐈𝐍𝐆 𝐁𝐔𝐈𝐋𝐃
#PCMERCHANDISE #PCMBUILDS",,55,"07/14/2023 21:01",,https://www.facebook.com/reel/1489831037855753/,0,0,Reels,,,,,07/27/2023,0,,,,,,0,0,0,0,0,31.179,6.133
1024432508063406,100064197037125,"PC Merchandise","𝐑𝐘𝐙𝐄𝐍 𝟓 𝟒𝟔𝟎𝟎𝐆 𝟏𝟎+𝟏
𝐆𝐀𝐌𝐈𝐍𝐆 𝐁𝐔𝐈𝐋𝐃
#PCMERCHANDISE #PCMBUILDS",,55,"07/14/2023 21:01",,https://www.facebook.com/reel/1489831037855753/,0,0,Reels,,,,,07/28/2023,0,,,,,,0,0,0,0,0,42.300,6.304
1024432508063406,100064197037125,"PC Merchandise","𝐑𝐘𝐙𝐄𝐍 𝟓 𝟒𝟔𝟎𝟎𝐆 𝟏𝟎+𝟏
𝐆𝐀𝐌𝐈𝐍𝐆 𝐁𝐔𝐈𝐋𝐃
#PCMERCHANDISE #PCMBUILDS",,55,"07/14/2023 21:01",,https://www.facebook.com/reel/1489831037855753/,0,0,Reels,,,,,07/29/2023,0,,,,,,0,0,0,0,0,36.343,3.787
1024432508063406,100064197037125,"PC Merchandise","𝐑𝐘𝐙𝐄𝐍 𝟓 𝟒𝟔𝟎𝟎𝐆 𝟏𝟎+𝟏
𝐆𝐀𝐌𝐈𝐍𝐆 𝐁𝐔𝐈𝐋𝐃
#PCMERCHANDISE #PCMBUILDS",,55,"07/14/2023 21:01",,https://www.facebook.com/reel/1489831037855753/,0,0,Reels,,,,,07/30/2023,0,,,,,,0,0,0,0,0,17.946,5.312
1024432508063406,100064197037125,"PC Merchandise","𝐑𝐘𝐙𝐄𝐍 𝟓 𝟒𝟔𝟎𝟎𝐆 𝟏𝟎+𝟏
𝐆𝐀𝐌𝐈𝐍𝐆 𝐁𝐔𝐈𝐋𝐃
#PCMERCHANDISE #PCMBUILDS",,55,"07/14/2023 21:01",,https://www.facebook.com/reel/1489831037855753/,0,0,Reels,,,,,07/31/2023,0,,,,,,0,0,0,0,0,23.972,4.397
1024436404732638,100064197037125,"PC Merchandise","𝐑𝐘𝐙𝐄𝐍 𝟓 𝟒𝟔𝟎𝟎𝐆 𝟏𝟎+𝟏
𝐂𝐎𝐌𝐒𝐇𝐎𝐏 𝐏𝐀𝐂𝐊𝐀𝐆𝐄
#PCMERCHANDISE #PCMBUILDS",,82,"07/14/2023 21:01",auto,https://www.facebook.com/reel/1045195304053481/,0,0,Reels,,,,,07/01/2023,0,,,,,,0,0,0,0,0,0.000,5.830
1024436404732638,100064197037125,"PC Merchandise","𝐑𝐘𝐙𝐄𝐍 𝟓 𝟒𝟔𝟎𝟎𝐆 𝟏𝟎+𝟏
𝐂𝐎𝐌𝐒𝐇𝐎𝐏 𝐏𝐀𝐂𝐊𝐀𝐆𝐄
#PCMERCHANDISE #PCMBUILDS",,82,"07/14/2023 21:01",auto,https://www.facebook.com/reel/1045195304053481/,0,0,Reels,,,,,07/02/2023,0,,,,,,0,0,0,0,0,0.000,5.979
1024436404732638,100064197037125,"PC Merchandise","𝐑𝐘𝐙𝐄𝐍 𝟓 𝟒𝟔𝟎𝟎𝐆 𝟏𝟎+𝟏
𝐂𝐎𝐌𝐒𝐇𝐎𝐏 𝐏𝐀𝐂𝐊𝐀𝐆𝐄
#PCMERCHANDISE #PCMBUILDS",,82,"07/14/2023 21:01",auto,https://www.facebook.com/reel/1045195304053481/,0,0,Reels,,,,,07/03/2023,0,,,,,,0,0,0,0,0,0.000,4.977
1024436404732638,100064197037125,"PC Merchandise","𝐑𝐘𝐙𝐄𝐍 𝟓 𝟒𝟔𝟎𝟎𝐆 𝟏𝟎+𝟏
𝐂𝐎𝐌𝐒𝐇𝐎𝐏 𝐏𝐀𝐂𝐊𝐀𝐆𝐄
#PCMERCHANDISE #PCMBUILDS",,82,"07/14/2023 21:01",auto,https://www.facebook.com/reel/1045195304053481/,0,0,Reels,,,,,07/04/2023,0,,,,,,0,0,0,0,0,0.000,4.218
1024436404732638,100064197037125,"PC Merchandise","𝐑𝐘𝐙𝐄𝐍 𝟓 𝟒𝟔𝟎𝟎𝐆 𝟏𝟎+𝟏
𝐂𝐎𝐌𝐒𝐇𝐎𝐏 𝐏𝐀𝐂𝐊𝐀𝐆𝐄
#PCMERCHANDISE #PCMBUILDS",,82,"07/14/2023 21:01",auto,https://www.facebook.com/reel/1045195304053481/,0,0,Reels,,,,,07/05/2023,0,,,,,,0,0,0,0,0,0.000,3.993
1024436404732638,100064197037125,"PC Merchandise","𝐑𝐘𝐙𝐄𝐍 𝟓 𝟒𝟔𝟎𝟎𝐆 𝟏𝟎+𝟏
𝐂𝐎𝐌𝐒𝐇𝐎𝐏 𝐏𝐀𝐂𝐊𝐀𝐆𝐄
#PCMERCHANDISE #PCMBUILDS",,82,"07/14/2023 21:01",auto,https://www.facebook.com/reel/1045195304053481/,0,0,Reels,,,,,07/06/2023,0,,,,,,0,0,0,0,0,0.000,5.157
1024436404732638,100064197037125,"PC Merchandise","𝐑𝐘𝐙𝐄𝐍 𝟓 𝟒𝟔𝟎𝟎𝐆 𝟏𝟎+𝟏
𝐂𝐎𝐌𝐒𝐇𝐎𝐏 𝐏𝐀𝐂𝐊𝐀𝐆𝐄
#PCMERCHANDISE #PCMBUILDS",,82,"07/14/2023 21:01",auto,https://www.facebook.com/reel/1045195304053481/,0,0,Reels,,,,,07/07/2023,0,,,,,,0,0,0,0,0,0.000,5.174
1024436404732638,100064197037125,"PC Merchandise","𝐑𝐘𝐙𝐄𝐍 𝟓 𝟒𝟔𝟎𝟎𝐆 𝟏𝟎+𝟏
𝐂𝐎𝐌𝐒𝐇𝐎𝐏 𝐏𝐀𝐂𝐊𝐀𝐆𝐄
#PCMERCHANDISE #PCMBUILDS",,82,"07/14/2023 21:01",auto,https://www.facebook.com/reel/1045195304053481/,0,0,Reels,,,,,07/08/2023,0,,,,,,0,0,0,0,0,0.000,5.101
1024436404732638,100064197037125,"PC Merchandise","𝐑𝐘𝐙𝐄𝐍 𝟓 𝟒𝟔𝟎𝟎𝐆 𝟏𝟎+𝟏
𝐂𝐎𝐌𝐒𝐇𝐎𝐏 𝐏𝐀𝐂𝐊𝐀𝐆𝐄
#PCMERCHANDISE #PCMBUILDS",,82,"07/14/2023 21:01",auto,https://www.facebook.com/reel/1045195304053481/,0,0,Reels,,,,,07/09/2023,0,,,,,,0,0,0,0,0,0.000,5.617
1024436404732638,100064197037125,"PC Merchandise","𝐑𝐘𝐙𝐄𝐍 𝟓 𝟒𝟔𝟎𝟎𝐆 𝟏𝟎+𝟏
𝐂𝐎𝐌𝐒𝐇𝐎𝐏 𝐏𝐀𝐂𝐊𝐀𝐆𝐄
#PCMERCHANDISE #PCMBUILDS",,82,"07/14/2023 21:01",auto,https://www.facebook.com/reel/1045195304053481/,0,0,Reels,,,,,07/10/2023,0,,,,,,0,0,0,0,0,0.000,5.349
1024436404732638,100064197037125,"PC Merchandise","𝐑𝐘𝐙𝐄𝐍 𝟓 𝟒𝟔𝟎𝟎𝐆 𝟏𝟎+𝟏
𝐂𝐎𝐌𝐒𝐇𝐎𝐏 𝐏𝐀𝐂𝐊𝐀𝐆𝐄
#PCMERCHANDISE #PCMBUILDS",,82,"07/14/2023 21:01",auto,https://www.facebook.com/reel/1045195304053481/,0,0,Reels,,,,,07/11/2023,0,,,,,,0,0,0,0,0,0.000,4.912
1024436404732638,100064197037125,"PC Merchandise","𝐑𝐘𝐙𝐄𝐍 𝟓 𝟒𝟔𝟎𝟎𝐆 𝟏𝟎+𝟏
𝐂𝐎𝐌𝐒𝐇𝐎𝐏 𝐏𝐀𝐂𝐊𝐀𝐆𝐄
#PCMERCHANDISE #PCMBUILDS",,82,"07/14/2023 21:01",auto,https://www.facebook.com/reel/1045195304053481/,0,0,Reels,,,,,07/12/2023,0,,,,,,0,0,0,0,0,0.000,5.799
1024436404732638,100064197037125,"PC Merchandise","𝐑𝐘𝐙𝐄𝐍 𝟓 𝟒𝟔𝟎𝟎𝐆 𝟏𝟎+𝟏
𝐂𝐎𝐌𝐒𝐇𝐎𝐏 𝐏𝐀𝐂𝐊𝐀𝐆𝐄
#PCMERCHANDISE #PCMBUILDS",,82,"07/14/2023 21:01",auto,https://www.facebook.com/reel/1045195304053481/,0,0,Reels,,,,,07/13/2023,0,,,,,,0,0,0,0,0,0.000,6.345
1024436404732638,100064197037125,"PC Merchandise","𝐑𝐘𝐙𝐄𝐍 𝟓 𝟒𝟔𝟎𝟎𝐆 𝟏𝟎+𝟏
𝐂𝐎𝐌𝐒𝐇𝐎𝐏 𝐏𝐀𝐂𝐊𝐀𝐆𝐄
#PCMERCHANDISE #PCMBUILDS",,82,"07/14/2023 21:01",auto,https://www.facebook.com/reel/1045195304053481/,0,0,Reels,,,,,07/14/2023,0,,,,,,0,0,1,1,0,66.568,5.238
1024436404732638,100064197037125,"PC Merchandise","𝐑𝐘𝐙𝐄𝐍 𝟓 𝟒𝟔𝟎𝟎𝐆 𝟏𝟎+𝟏
𝐂𝐎𝐌𝐒𝐇𝐎𝐏 𝐏𝐀𝐂𝐊𝐀𝐆𝐄
#PCMERCHANDISE #PCMBUILDS",,82,"07/14/2023 21:01",auto,https://www.facebook.com/reel/1045195304053481/,0,0,Reels,,,,,07/15/2023,0,,,,,,0,0,0,0,0,32.777,4.936
1024436404732638,100064197037125,"PC Merchandise","𝐑𝐘𝐙𝐄𝐍 𝟓 𝟒𝟔𝟎𝟎𝐆 𝟏𝟎+𝟏
𝐂𝐎𝐌𝐒𝐇𝐎𝐏 𝐏𝐀𝐂𝐊𝐀𝐆𝐄
#PCMERCHANDISE #PCMBUILDS",,82,"07/14/2023 21:01",auto,https://www.facebook.com/reel/1045195304053481/,0,0,Reels,,,,,07/16/2023,0,,,,,,0,0,0,0,0,35.715,5.313
1024436404732638,100064197037125,"PC Merchandise","𝐑𝐘𝐙𝐄𝐍 𝟓 𝟒𝟔𝟎𝟎𝐆 𝟏𝟎+𝟏
𝐂𝐎𝐌𝐒𝐇𝐎𝐏 𝐏𝐀𝐂𝐊𝐀𝐆𝐄
#PCMERCHANDISE #PCMBUILDS",,82,"07/14/2023 21:01",auto,https://www.facebook.com/reel/1045195304053481/,0,0,Reels,,,,,07/17/2023,0,,,,,,0,0,0,0,0,21.596,4.336
1024436404732638,100064197037125,"PC Merchandise","𝐑𝐘𝐙𝐄𝐍 𝟓 𝟒𝟔𝟎𝟎𝐆 𝟏𝟎+𝟏
𝐂𝐎𝐌𝐒𝐇𝐎𝐏 𝐏𝐀𝐂𝐊𝐀𝐆𝐄
#PCMERCHANDISE #PCMBUILDS",,82,"07/14/2023 21:01",auto,https://www.facebook.com/reel/1045195304053481/,0,0,Reels,,,,,07/18/2023,0,,,,,,0,0,0,0,0,20.228,5.715
1024436404732638,100064197037125,"PC Merchandise","𝐑𝐘𝐙𝐄𝐍 𝟓 𝟒𝟔𝟎𝟎𝐆 𝟏𝟎+𝟏
𝐂𝐎𝐌𝐒𝐇𝐎𝐏 𝐏𝐀𝐂𝐊𝐀𝐆𝐄
#PCMERCHANDISE #PCMBUILDS",,82,"07/14/2023 21:01",auto,https://www.facebook.com/reel/1045195304053481/,0,0,Reels,,,,,07/19/2023,0,,,,,,0,0,0,0,0,34.714,4.678
1024436404732638,100064197037125,"PC Merchandise","𝐑𝐘𝐙𝐄𝐍 𝟓 𝟒𝟔𝟎𝟎𝐆 𝟏𝟎+𝟏
𝐂𝐎𝐌𝐒𝐇𝐎𝐏 𝐏𝐀𝐂𝐊𝐀𝐆𝐄
#PCMERCHANDISE #PCMBUILDS",,82,"07/14/2023 21:01",auto,https://www.facebook.com/reel/1045195304053481/,0,0,Reels,,,,,07/20/2023,0,,,,,,0,0,0,0,0,11.182,5.996
1024436404732638,100064197037125,"PC Merchandise","𝐑𝐘𝐙𝐄𝐍 𝟓 𝟒𝟔𝟎𝟎𝐆 𝟏𝟎+𝟏
𝐂𝐎𝐌𝐒𝐇𝐎𝐏 𝐏𝐀𝐂𝐊𝐀𝐆𝐄
#PCMERCHANDISE #PCMBUILDS",,82,"07/14/2023 21:01",auto,https://www.facebook.com/reel/1045195304053481/,0,0,Reels,,,,,07/21/2023,0,,,,,,0,0,0,0,0,16.191,5.048
1024436404732638,100064197037125,"PC Merchandise","𝐑𝐘𝐙𝐄𝐍 𝟓 𝟒𝟔𝟎𝟎𝐆 𝟏𝟎+𝟏
𝐂𝐎𝐌𝐒𝐇𝐎𝐏 𝐏𝐀𝐂𝐊𝐀𝐆𝐄
#PCMERCHANDISE #PCMBUILDS",,82,"07/14/2023 21:01",auto,https://www.facebook.com/reel/1045195304053481/,0,0,Reels,,,,,07/22/2023,0,,,,,,0,0,0,0,0,4.657,6.062
1024436404732638,100064197037125,"PC Merchandise","𝐑𝐘𝐙𝐄𝐍 𝟓 𝟒𝟔𝟎𝟎𝐆 𝟏𝟎+𝟏
𝐂𝐎𝐌𝐒𝐇𝐎𝐏 𝐏𝐀𝐂𝐊𝐀𝐆𝐄
#PCMERCHANDISE #PCMBUILDS",,82,"07/14/2023 21:01",auto,https://www.facebook.com/reel/1045195304053481/,0,0,Reels,,,,,07/23/2023,0,,,,,,0,0,0,0,0,6.002,6.119
1024436404732638,100064197037125,"PC Merchandise","𝐑𝐘𝐙𝐄𝐍 𝟓 𝟒𝟔𝟎𝟎𝐆 𝟏𝟎+𝟏
𝐂𝐎𝐌𝐒𝐇𝐎𝐏 𝐏𝐀𝐂𝐊𝐀𝐆𝐄
#PCMERCHANDISE #PCMBUILDS",,82,"07/14/2023 21:01",auto,https://www.facebook.com/reel/1045195304053481/,0,0,Reels,,,,,07/24/2023,0,,,,,,0,0,0,0,0,9.181,4.639
1024436404732638,100064197037125,"PC Merchandise","𝐑𝐘𝐙𝐄𝐍 𝟓 𝟒𝟔𝟎𝟎𝐆 𝟏𝟎+𝟏
𝐂𝐎𝐌𝐒𝐇𝐎𝐏 𝐏𝐀𝐂𝐊𝐀𝐆𝐄
#PCMERCHANDISE #PCMBUILDS",,82,"07/14/2023 21:01",auto,https://www.facebook.com/reel/1045195304053481/,0,0,Reels,,,,,07/25/2023,0,,,,,,0,0,0,0,0,5.552,4.561
1024436404732638,100064197037125,"PC Merchandise","𝐑𝐘𝐙𝐄𝐍 𝟓 𝟒𝟔𝟎𝟎𝐆 𝟏𝟎+𝟏
𝐂𝐎𝐌𝐒𝐇𝐎𝐏 𝐏𝐀𝐂𝐊𝐀𝐆𝐄
#PCMERCHANDISE #PCMBUILDS",,82,"07/14/2023 21:01",auto,https://www.facebook.com/reel/1045195304053481/,0,0,Reels,,,,,07/26/2023,0,,,,,,0,0,0,0,0,4.091,5.726
1024436404732638,100064197037125,"PC Merchandise","𝐑𝐘𝐙𝐄𝐍 𝟓 𝟒𝟔𝟎𝟎𝐆 𝟏𝟎+𝟏
𝐂𝐎𝐌𝐒𝐇𝐎𝐏 𝐏𝐀𝐂𝐊𝐀𝐆𝐄
#PCMERCHANDISE #PCMBUILDS",,82,"07/14/2023 21:01",auto,https://www.facebook.com/reel/1045195304053481/,0,0,Reels,,,,,07/27/2023,0,,,,,,0,0,0,0,0,3.952,3.368
1024436404732638,100064197037125,"PC Merchandise","𝐑𝐘𝐙𝐄𝐍 𝟓 𝟒𝟔𝟎𝟎𝐆 𝟏𝟎+𝟏
𝐂𝐎𝐌𝐒𝐇𝐎𝐏 𝐏𝐀𝐂𝐊𝐀𝐆𝐄
#PCMERCHANDISE #PCMBUILDS",,82,"07/14/2023 21:01",auto,https://www.facebook.com/reel/1045195304053481/,0,0,Reels,,,,,07/28/2023,0,,,,,,0,0,0,0,0,3.118,5.843
1024436404732638,100064197037125,"PC Merchandise","𝐑𝐘𝐙𝐄𝐍 𝟓 𝟒𝟔𝟎𝟎𝐆 𝟏𝟎+𝟏
𝐂𝐎𝐌𝐒𝐇𝐎𝐏 𝐏𝐀𝐂𝐊𝐀𝐆𝐄
#PCMERCHANDISE #PCMBUILDS",,82,"07/14/2023 21:01",auto,https://www.facebook.com/reel/1045195304053481/,0,0,Reels,,,,,07/29/2023,0,,,,,,0,0,0,0,0,5.121,6.014
1024436404732638,100064197037125,"PC Merchandise","𝐑𝐘𝐙𝐄𝐍 𝟓 𝟒𝟔𝟎𝟎𝐆 𝟏𝟎+𝟏
𝐂𝐎𝐌𝐒𝐇𝐎𝐏 𝐏𝐀𝐂𝐊𝐀𝐆𝐄
#PCMERCHANDISE #PCMBUILDS",,82,"07/14/2023 21:01",auto,https://www.facebook.com/reel/1045195304053481/,0,0,Reels,,,,,07/30/2023,0,,,,,,0,0,0,0,0,2.668,5.114
1024436404732638,100064197037125,"PC Merchandise","𝐑𝐘𝐙𝐄𝐍 𝟓 𝟒𝟔𝟎𝟎𝐆 𝟏𝟎+𝟏
𝐂𝐎𝐌𝐒𝐇𝐎𝐏 𝐏𝐀𝐂𝐊𝐀𝐆𝐄
#PCMERCHANDISE #PCMBUILDS",,82,"07/14/2023 21:01",auto,https://www.facebook.com/reel/1045195304053481/,0,0,Reels,,,,,07/31/2023,0,,,,,,0,0,0,0,0,3.021,5.096
1024865963101153,100064197037125,"PC Merchandise","𝐏𝐑𝐈𝐂𝐄𝐋𝐈𝐒𝐓 𝟐𝟎𝟐𝟑 >>>
https://pcmerchandise.live/2023-COMSHOP-PACKAGES",,56,"07/14/2023 19:30",uploaded,https://www.facebook.com/reel/1540756843946234/,0,0,Reels,,,,,07/01/2023,0,,,,,,0,0,0,0,0,0.000,3.585
1024865963101153,100064197037125,"PC Merchandise","𝐏𝐑𝐈𝐂𝐄𝐋𝐈𝐒𝐓 𝟐𝟎𝟐𝟑 >>>
https://pcmerchandise.live/2023-COMSHOP-PACKAGES",,56,"07/14/2023 19:30",uploaded,https://www.facebook.com/reel/1540756843946234/,0,0,Reels,,,,,07/02/2023,0,,,,,,0,0,0,0,0,0.000,2.739
1024865963101153,100064197037125,"PC Merchandise","𝐏𝐑𝐈𝐂𝐄𝐋𝐈𝐒𝐓 𝟐𝟎𝟐𝟑 >>>
https://pcmerchandise.live/2023-COMSHOP-PACKAGES",,56,"07/14/2023 19:30",uploaded,https://www.facebook.com/reel/1540756843946234/,0,0,Reels,,,,,07/03/2023,0,,,,,,0,0,0,0,0,0.000,3.455
1024865963101153,100064197037125,"PC Merchandise","𝐏𝐑𝐈𝐂𝐄𝐋𝐈𝐒𝐓 𝟐𝟎𝟐𝟑 >>>
https://pcmerchandise.live/2023-COMSHOP-PACKAGES",,56,"07/14/2023 19:30",uploaded,https://www.facebook.com/reel/1540756843946234/,0,0,Reels,,,,,07/04/2023,0,,,,,,0,0,0,0,0,0.000,2.530
1024865963101153,100064197037125,"PC Merchandise","𝐏𝐑𝐈𝐂𝐄𝐋𝐈𝐒𝐓 𝟐𝟎𝟐𝟑 >>>
https://pcmerchandise.live/2023-COMSHOP-PACKAGES",,56,"07/14/2023 19:30",uploaded,https://www.facebook.com/reel/1540756843946234/,0,0,Reels,,,,,07/05/2023,0,,,,,,0,0,0,0,0,0.000,2.757
1024865963101153,100064197037125,"PC Merchandise","𝐏𝐑𝐈𝐂𝐄𝐋𝐈𝐒𝐓 𝟐𝟎𝟐𝟑 >>>
https://pcmerchandise.live/2023-COMSHOP-PACKAGES",,56,"07/14/2023 19:30",uploaded,https://www.facebook.com/reel/1540756843946234/,0,0,Reels,,,,,07/06/2023,0,,,,,,0,0,0,0,0,0.000,2.989
1024865963101153,100064197037125,"PC Merchandise","𝐏𝐑𝐈𝐂𝐄𝐋𝐈𝐒𝐓 𝟐𝟎𝟐𝟑 >>>
https://pcmerchandise.live/2023-COMSHOP-PACKAGES",,56,"07/14/2023 19:30",uploaded,https://www.facebook.com/reel/1540756843946234/,0,0,Reels,,,,,07/07/2023,0,,,,,,0,0,0,0,0,0.000,3.086
1024865963101153,100064197037125,"PC Merchandise","𝐏𝐑𝐈𝐂𝐄𝐋𝐈𝐒𝐓 𝟐𝟎𝟐𝟑 >>>
https://pcmerchandise.live/2023-COMSHOP-PACKAGES",,56,"07/14/2023 19:30",uploaded,https://www.facebook.com/reel/1540756843946234/,0,0,Reels,,,,,07/08/2023,0,,,,,,0,0,0,0,0,0.000,3.164
1024865963101153,100064197037125,"PC Merchandise","𝐏𝐑𝐈𝐂𝐄𝐋𝐈𝐒𝐓 𝟐𝟎𝟐𝟑 >>>
https://pcmerchandise.live/2023-COMSHOP-PACKAGES",,56,"07/14/2023 19:30",uploaded,https://www.facebook.com/reel/1540756843946234/,0,0,Reels,,,,,07/09/2023,0,,,,,,0,0,0,0,0,0.000,3.380
1024865963101153,100064197037125,"PC Merchandise","𝐏𝐑𝐈𝐂𝐄𝐋𝐈𝐒𝐓 𝟐𝟎𝟐𝟑 >>>
https://pcmerchandise.live/2023-COMSHOP-PACKAGES",,56,"07/14/2023 19:30",uploaded,https://www.facebook.com/reel/1540756843946234/,0,0,Reels,,,,,07/10/2023,0,,,,,,0,0,0,0,0,0.000,2.549
1024865963101153,100064197037125,"PC Merchandise","𝐏𝐑𝐈𝐂𝐄𝐋𝐈𝐒𝐓 𝟐𝟎𝟐𝟑 >>>
https://pcmerchandise.live/2023-COMSHOP-PACKAGES",,56,"07/14/2023 19:30",uploaded,https://www.facebook.com/reel/1540756843946234/,0,0,Reels,,,,,07/11/2023,0,,,,,,0,0,0,0,0,0.000,3.551
1024865963101153,100064197037125,"PC Merchandise","𝐏𝐑𝐈𝐂𝐄𝐋𝐈𝐒𝐓 𝟐𝟎𝟐𝟑 >>>
https://pcmerchandise.live/2023-COMSHOP-PACKAGES",,56,"07/14/2023 19:30",uploaded,https://www.facebook.com/reel/1540756843946234/,0,0,Reels,,,,,07/12/2023,0,,,,,,0,0,0,0,0,0.000,4.215
1024865963101153,100064197037125,"PC Merchandise","𝐏𝐑𝐈𝐂𝐄𝐋𝐈𝐒𝐓 𝟐𝟎𝟐𝟑 >>>
https://pcmerchandise.live/2023-COMSHOP-PACKAGES",,56,"07/14/2023 19:30",uploaded,https://www.facebook.com/reel/1540756843946234/,0,0,Reels,,,,,07/13/2023,0,,,,,,0,0,0,0,0,0.000,1.500
1024865963101153,100064197037125,"PC Merchandise","𝐏𝐑𝐈𝐂𝐄𝐋𝐈𝐒𝐓 𝟐𝟎𝟐𝟑 >>>
https://pcmerchandise.live/2023-COMSHOP-PACKAGES",,56,"07/14/2023 19:30",uploaded,https://www.facebook.com/reel/1540756843946234/,0,0,Reels,,,,,07/14/2023,0,,,,,,0,0,0,0,0,223.849,4.180
1024865963101153,100064197037125,"PC Merchandise","𝐏𝐑𝐈𝐂𝐄𝐋𝐈𝐒𝐓 𝟐𝟎𝟐𝟑 >>>
https://pcmerchandise.live/2023-COMSHOP-PACKAGES",,56,"07/14/2023 19:30",uploaded,https://www.facebook.com/reel/1540756843946234/,0,0,Reels,,,,,07/15/2023,0,,,,,,0,0,0,0,0,216.993,3.203
1024865963101153,100064197037125,"PC Merchandise","𝐏𝐑𝐈𝐂𝐄𝐋𝐈𝐒𝐓 𝟐𝟎𝟐𝟑 >>>
https://pcmerchandise.live/2023-COMSHOP-PACKAGES",,56,"07/14/2023 19:30",uploaded,https://www.facebook.com/reel/1540756843946234/,0,0,Reels,,,,,07/16/2023,0,,,,,,0,0,0,0,0,116.177,2.384
1024865963101153,100064197037125,"PC Merchandise","𝐏𝐑𝐈𝐂𝐄𝐋𝐈𝐒𝐓 𝟐𝟎𝟐𝟑 >>>
https://pcmerchandise.live/2023-COMSHOP-PACKAGES",,56,"07/14/2023 19:30",uploaded,https://www.facebook.com/reel/1540756843946234/,0,0,Reels,,,,,07/17/2023,0,,,,,,0,0,0,0,0,76.826,1.896
1024865963101153,100064197037125,"PC Merchandise","𝐏𝐑𝐈𝐂𝐄𝐋𝐈𝐒𝐓 𝟐𝟎𝟐𝟑 >>>
https://pcmerchandise.live/2023-COMSHOP-PACKAGES",,56,"07/14/2023 19:30",uploaded,https://www.facebook.com/reel/1540756843946234/,0,0,Reels,,,,,07/18/2023,0,,,,,,0,0,0,0,0,73.704,2.334
1024865963101153,100064197037125,"PC Merchandise","𝐏𝐑𝐈𝐂𝐄𝐋𝐈𝐒𝐓 𝟐𝟎𝟐𝟑 >>>
https://pcmerchandise.live/2023-COMSHOP-PACKAGES",,56,"07/14/2023 19:30",uploaded,https://www.facebook.com/reel/1540756843946234/,0,0,Reels,,,,,07/19/2023,0,,,,,,0,0,0,0,0,43.751,2.317
1024865963101153,100064197037125,"PC Merchandise","𝐏𝐑𝐈𝐂𝐄𝐋𝐈𝐒𝐓 𝟐𝟎𝟐𝟑 >>>
https://pcmerchandise.live/2023-COMSHOP-PACKAGES",,56,"07/14/2023 19:30",uploaded,https://www.facebook.com/reel/1540756843946234/,0,0,Reels,,,,,07/20/2023,0,,,,,,0,0,0,0,0,63.409,3.073
1024865963101153,100064197037125,"PC Merchandise","𝐏𝐑𝐈𝐂𝐄𝐋𝐈𝐒𝐓 𝟐𝟎𝟐𝟑 >>>
https://pcmerchandise.live/2023-COMSHOP-PACKAGES",,56,"07/14/2023 19:30",uploaded,https://www.facebook.com/reel/1540756843946234/,0,0,Reels,,,,,07/21/2023,0,,,,,,0,0,0,0,0,23.411,1.557
1024865963101153,100064197037125,"PC Merchandise","𝐏𝐑𝐈𝐂𝐄𝐋𝐈𝐒𝐓 𝟐𝟎𝟐𝟑 >>>
https://pcmerchandise.live/2023-COMSHOP-PACKAGES",,56,"07/14/2023 19:30",uploaded,https://www.facebook.com/reel/1540756843946234/,0,0,Reels,,,,,07/22/2023,0,,,,,,0,0,0,0,0,36.011,3.517
1024865963101153,100064197037125,"PC Merchandise","𝐏𝐑𝐈𝐂𝐄𝐋𝐈𝐒𝐓 𝟐𝟎𝟐𝟑 >>>
https://pcmerchandise.live/2023-COMSHOP-PACKAGES",,56,"07/14/2023 19:30",uploaded,https://www.facebook.com/reel/1540756843946234/,0,0,Reels,,,,,07/23/2023,0,,,,,,0,0,0,0,0,10.678,1.500
1024865963101153,100064197037125,"PC Merchandise","𝐏𝐑𝐈𝐂𝐄𝐋𝐈𝐒𝐓 𝟐𝟎𝟐𝟑 >>>
https://pcmerchandise.live/2023-COMSHOP-PACKAGES",,56,"07/14/2023 19:30",uploaded,https://www.facebook.com/reel/1540756843946234/,0,0,Reels,,,,,07/24/2023,0,,,,,,0,0,0,0,0,18.287,2.286
1024865963101153,100064197037125,"PC Merchandise","𝐏𝐑𝐈𝐂𝐄𝐋𝐈𝐒𝐓 𝟐𝟎𝟐𝟑 >>>
https://pcmerchandise.live/2023-COMSHOP-PACKAGES",,56,"07/14/2023 19:30",uploaded,https://www.facebook.com/reel/1540756843946234/,0,0,Reels,,,,,07/25/2023,0,,,,,,0,0,0,0,0,26.276,2.836
1024865963101153,100064197037125,"PC Merchandise","𝐏𝐑𝐈𝐂𝐄𝐋𝐈𝐒𝐓 𝟐𝟎𝟐𝟑 >>>
https://pcmerchandise.live/2023-COMSHOP-PACKAGES",,56,"07/14/2023 19:30",uploaded,https://www.facebook.com/reel/1540756843946234/,0,0,Reels,,,,,07/26/2023,0,,,,,,0,0,0,0,0,13.216,2.628
1024865963101153,100064197037125,"PC Merchandise","𝐏𝐑𝐈𝐂𝐄𝐋𝐈𝐒𝐓 𝟐𝟎𝟐𝟑 >>>
https://pcmerchandise.live/2023-COMSHOP-PACKAGES",,56,"07/14/2023 19:30",uploaded,https://www.facebook.com/reel/1540756843946234/,0,0,Reels,,,,,07/27/2023,0,,,,,,0,0,0,0,0,17.270,2.567
1024865963101153,100064197037125,"PC Merchandise","𝐏𝐑𝐈𝐂𝐄𝐋𝐈𝐒𝐓 𝟐𝟎𝟐𝟑 >>>
https://pcmerchandise.live/2023-COMSHOP-PACKAGES",,56,"07/14/2023 19:30",uploaded,https://www.facebook.com/reel/1540756843946234/,0,0,Reels,,,,,07/28/2023,0,,,,,,0,0,0,0,0,8.781,3.290
1024865963101153,100064197037125,"PC Merchandise","𝐏𝐑𝐈𝐂𝐄𝐋𝐈𝐒𝐓 𝟐𝟎𝟐𝟑 >>>
https://pcmerchandise.live/2023-COMSHOP-PACKAGES",,56,"07/14/2023 19:30",uploaded,https://www.facebook.com/reel/1540756843946234/,0,0,Reels,,,,,07/29/2023,0,,,,,,0,0,0,0,0,12.286,3.299
1024865963101153,100064197037125,"PC Merchandise","𝐏𝐑𝐈𝐂𝐄𝐋𝐈𝐒𝐓 𝟐𝟎𝟐𝟑 >>>
https://pcmerchandise.live/2023-COMSHOP-PACKAGES",,56,"07/14/2023 19:30",uploaded,https://www.facebook.com/reel/1540756843946234/,0,0,Reels,,,,,07/30/2023,0,,,,,,0,0,0,0,0,21.011,3.610
1024865963101153,100064197037125,"PC Merchandise","𝐏𝐑𝐈𝐂𝐄𝐋𝐈𝐒𝐓 𝟐𝟎𝟐𝟑 >>>
https://pcmerchandise.live/2023-COMSHOP-PACKAGES",,56,"07/14/2023 19:30",uploaded,https://www.facebook.com/reel/1540756843946234/,0,0,Reels,,,,,07/31/2023,0,,,,,,0,0,0,0,0,8.356,3.150
1024350622445074,100064197037125,"PC Merchandise","One more rig complete. One more client satisfied. Built with i3 12100F + RTX 3050. PM us for yours!",,81,"07/14/2023 19:00",uploaded,https://www.facebook.com/reel/1040188902524306/,0,0,Reels,,,,,07/01/2023,0,,,,,,0,0,0,0,0,0.000,7.253
1024350622445074,100064197037125,"PC Merchandise","One more rig complete. One more client satisfied. Built with i3 12100F + RTX 3050. PM us for yours!",,81,"07/14/2023 19:00",uploaded,https://www.facebook.com/reel/1040188902524306/,0,0,Reels,,,,,07/02/2023,0,,,,,,0,0,0,0,0,0.000,6.596
1024350622445074,100064197037125,"PC Merchandise","One more rig complete. One more client satisfied. Built with i3 12100F + RTX 3050. PM us for yours!",,81,"07/14/2023 19:00",uploaded,https://www.facebook.com/reel/1040188902524306/,0,0,Reels,,,,,07/03/2023,0,,,,,,0,0,0,0,0,0.000,6.877
1024350622445074,100064197037125,"PC Merchandise","One more rig complete. One more client satisfied. Built with i3 12100F + RTX 3050. PM us for yours!",,81,"07/14/2023 19:00",uploaded,https://www.facebook.com/reel/1040188902524306/,0,0,Reels,,,,,07/04/2023,0,,,,,,0,0,0,0,0,0.000,5.433
1024350622445074,100064197037125,"PC Merchandise","One more rig complete. One more client satisfied. Built with i3 12100F + RTX 3050. PM us for yours!",,81,"07/14/2023 19:00",uploaded,https://www.facebook.com/reel/1040188902524306/,0,0,Reels,,,,,07/05/2023,0,,,,,,0,0,0,0,0,0.000,6.165
1024350622445074,100064197037125,"PC Merchandise","One more rig complete. One more client satisfied. Built with i3 12100F + RTX 3050. PM us for yours!",,81,"07/14/2023 19:00",uploaded,https://www.facebook.com/reel/1040188902524306/,0,0,Reels,,,,,07/06/2023,0,,,,,,0,0,0,0,0,0.000,6.096
1024350622445074,100064197037125,"PC Merchandise","One more rig complete. One more client satisfied. Built with i3 12100F + RTX 3050. PM us for yours!",,81,"07/14/2023 19:00",uploaded,https://www.facebook.com/reel/1040188902524306/,0,0,Reels,,,,,07/07/2023,0,,,,,,0,0,0,0,0,0.000,5.923
1024350622445074,100064197037125,"PC Merchandise","One more rig complete. One more client satisfied. Built with i3 12100F + RTX 3050. PM us for yours!",,81,"07/14/2023 19:00",uploaded,https://www.facebook.com/reel/1040188902524306/,0,0,Reels,,,,,07/08/2023,0,,,,,,0,0,0,0,0,0.000,7.023
1024350622445074,100064197037125,"PC Merchandise","One more rig complete. One more client satisfied. Built with i3 12100F + RTX 3050. PM us for yours!",,81,"07/14/2023 19:00",uploaded,https://www.facebook.com/reel/1040188902524306/,0,0,Reels,,,,,07/09/2023,0,,,,,,0,0,0,0,0,0.000,5.858
1024350622445074,100064197037125,"PC Merchandise","One more rig complete. One more client satisfied. Built with i3 12100F + RTX 3050. PM us for yours!",,81,"07/14/2023 19:00",uploaded,https://www.facebook.com/reel/1040188902524306/,0,0,Reels,,,,,07/10/2023,0,,,,,,0,0,0,0,0,0.000,7.045
1024350622445074,100064197037125,"PC Merchandise","One more rig complete. One more client satisfied. Built with i3 12100F + RTX 3050. PM us for yours!",,81,"07/14/2023 19:00",uploaded,https://www.facebook.com/reel/1040188902524306/,0,0,Reels,,,,,07/11/2023,0,,,,,,0,0,0,0,0,0.000,5.771
1024350622445074,100064197037125,"PC Merchandise","One more rig complete. One more client satisfied. Built with i3 12100F + RTX 3050. PM us for yours!",,81,"07/14/2023 19:00",uploaded,https://www.facebook.com/reel/1040188902524306/,0,0,Reels,,,,,07/12/2023,0,,,,,,0,0,0,0,0,0.000,6.064
1024350622445074,100064197037125,"PC Merchandise","One more rig complete. One more client satisfied. Built with i3 12100F + RTX 3050. PM us for yours!",,81,"07/14/2023 19:00",uploaded,https://www.facebook.com/reel/1040188902524306/,0,0,Reels,,,,,07/13/2023,0,,,,,,0,0,0,0,0,0.000,7.108
1024350622445074,100064197037125,"PC Merchandise","One more rig complete. One more client satisfied. Built with i3 12100F + RTX 3050. PM us for yours!",,81,"07/14/2023 19:00",uploaded,https://www.facebook.com/reel/1040188902524306/,0,0,Reels,,,,,07/14/2023,0,,,,,,0,0,1,1,0,693.752,6.153
1024350622445074,100064197037125,"PC Merchandise","One more rig complete. One more client satisfied. Built with i3 12100F + RTX 3050. PM us for yours!",,81,"07/14/2023 19:00",uploaded,https://www.facebook.com/reel/1040188902524306/,0,0,Reels,,,,,07/15/2023,0,,,,,,0,0,1,1,0,963.691,7.095
1024350622445074,100064197037125,"PC Merchandise","One more rig complete. One more client satisfied. Built with i3 12100F + RTX 3050. PM us for yours!",,81,"07/14/2023 19:00",uploaded,https://www.facebook.com/reel/1040188902524306/,0,0,Reels,,,,,07/16/2023,0,,,,,,0,0,0,0,0,506.615,6.080
1024350622445074,100064197037125,"PC Merchandise","One more rig complete. One more client satisfied. Built with i3 12100F + RTX 3050. PM us for yours!",,81,"07/14/2023 19:00",uploaded,https://www.facebook.com/reel/1040188902524306/,0,0,Reels,,,,,07/17/2023,0,,,,,,0,0,0,0,0,462.749,5.779
1024350622445074,100064197037125,"PC Merchandise","One more rig complete. One more client satisfied. Built with i3 12100F + RTX 3050. PM us for yours!",,81,"07/14/2023 19:00",uploaded,https://www.facebook.com/reel/1040188902524306/,0,0,Reels,,,,,07/18/2023,0,,,,,,0,0,1,1,0,115.724,6.047
1024350622445074,100064197037125,"PC Merchandise","One more rig complete. One more client satisfied. Built with i3 12100F + RTX 3050. PM us for yours!",,81,"07/14/2023 19:00",uploaded,https://www.facebook.com/reel/1040188902524306/,0,0,Reels,,,,,07/19/2023,0,,,,,,0,0,1,0,1,249.354,7.384
1024350622445074,100064197037125,"PC Merchandise","One more rig complete. One more client satisfied. Built with i3 12100F + RTX 3050. PM us for yours!",,81,"07/14/2023 19:00",uploaded,https://www.facebook.com/reel/1040188902524306/,0,0,Reels,,,,,07/20/2023,0,,,,,,0,0,0,0,0,233.848,7.418
1024350622445074,100064197037125,"PC Merchandise","One more rig complete. One more client satisfied. Built with i3 12100F + RTX 3050. PM us for yours!",,81,"07/14/2023 19:00",uploaded,https://www.facebook.com/reel/1040188902524306/,0,0,Reels,,,,,07/21/2023,0,,,,,,0,0,1,0,1,200.370,6.187
1024350622445074,100064197037125,"PC Merchandise","One more rig complete. One more client satisfied. Built with i3 12100F + RTX 3050. PM us for yours!",,81,"07/14/2023 19:00",uploaded,https://www.facebook.com/reel/1040188902524306/,0,0,Reels,,,,,07/22/2023,0,,,,,,0,0,0,0,0,81.432,6.056
1024350622445074,100064197037125,"PC Merchandise","One more rig complete. One more client satisfied. Built with i3 12100F + RTX 3050. PM us for yours!",,81,"07/14/2023 19:00",uploaded,https://www.facebook.com/reel/1040188902524306/,0,0,Reels,,,,,07/23/2023,0,,,,,,0,0,0,0,0,85.152,6.787
1024350622445074,100064197037125,"PC Merchandise","One more rig complete. One more client satisfied. Built with i3 12100F + RTX 3050. PM us for yours!",,81,"07/14/2023 19:00",uploaded,https://www.facebook.com/reel/1040188902524306/,0,0,Reels,,,,,07/24/2023,0,,,,,,0,0,1,0,1,80.354,6.228
1024350622445074,100064197037125,"PC Merchandise","One more rig complete. One more client satisfied. Built with i3 12100F + RTX 3050. PM us for yours!",,81,"07/14/2023 19:00",uploaded,https://www.facebook.com/reel/1040188902524306/,0,0,Reels,,,,,07/25/2023,0,,,,,,0,0,0,0,0,79.657,7.071
1024350622445074,100064197037125,"PC Merchandise","One more rig complete. One more client satisfied. Built with i3 12100F + RTX 3050. PM us for yours!",,81,"07/14/2023 19:00",uploaded,https://www.facebook.com/reel/1040188902524306/,0,0,Reels,,,,,07/26/2023,0,,,,,,0,0,1,1,0,88.236,7.334
1024350622445074,100064197037125,"PC Merchandise","One more rig complete. One more client satisfied. Built with i3 12100F + RTX 3050. PM us for yours!",,81,"07/14/2023 19:00",uploaded,https://www.facebook.com/reel/1040188902524306/,0,0,Reels,,,,,07/27/2023,0,,,,,,0,0,0,0,0,61.592,6.984
1024350622445074,100064197037125,"PC Merchandise","One more rig complete. One more client satisfied. Built with i3 12100F + RTX 3050. PM us for yours!",,81,"07/14/2023 19:00",uploaded,https://www.facebook.com/reel/1040188902524306/,0,0,Reels,,,,,07/28/2023,0,,,,,,0,0,0,0,0,54.813,6.765
1024350622445074,100064197037125,"PC Merchandise","One more rig complete. One more client satisfied. Built with i3 12100F + RTX 3050. PM us for yours!",,81,"07/14/2023 19:00",uploaded,https://www.facebook.com/reel/1040188902524306/,0,0,Reels,,,,,07/29/2023,0,,,,,,0,0,0,0,0,31.516,6.113
1024350622445074,100064197037125,"PC Merchandise","One more rig complete. One more client satisfied. Built with i3 12100F + RTX 3050. PM us for yours!",,81,"07/14/2023 19:00",uploaded,https://www.facebook.com/reel/1040188902524306/,0,0,Reels,,,,,07/30/2023,0,,,,,,0,0,0,0,0,42.960,7.678
1024350622445074,100064197037125,"PC Merchandise","One more rig complete. One more client satisfied. Built with i3 12100F + RTX 3050. PM us for yours!",,81,"07/14/2023 19:00",uploaded,https://www.facebook.com/reel/1040188902524306/,0,0,Reels,,,,,07/31/2023,0,,,,,,0,0,0,0,0,51.857,5.330
1024851308234945,100064197037125,"PC Merchandise","𝐢𝟓 𝟏𝟐𝟒𝟎𝟎𝐅 𝟔+𝟏
𝐂𝐎𝐌𝐒𝐇𝐎𝐏 𝐃𝐈𝐒𝐊𝐋𝐄𝐒𝐒 𝐏𝐀𝐂𝐊𝐀𝐆𝐄
#PCMERCHANDISE #PCMBUILDS",,34,"07/14/2023 00:30",uploaded,https://www.facebook.com/reel/1702363276473834/,1,0,Reels,,,,,07/01/2023,0,,,,,,0,0,0,0,0,0.000,3.561
1024851308234945,100064197037125,"PC Merchandise","𝐢𝟓 𝟏𝟐𝟒𝟎𝟎𝐅 𝟔+𝟏
𝐂𝐎𝐌𝐒𝐇𝐎𝐏 𝐃𝐈𝐒𝐊𝐋𝐄𝐒𝐒 𝐏𝐀𝐂𝐊𝐀𝐆𝐄
#PCMERCHANDISE #PCMBUILDS",,34,"07/14/2023 00:30",uploaded,https://www.facebook.com/reel/1702363276473834/,1,0,Reels,,,,,07/02/2023,0,,,,,,0,0,0,0,0,0.000,5.472
1024851308234945,100064197037125,"PC Merchandise","𝐢𝟓 𝟏𝟐𝟒𝟎𝟎𝐅 𝟔+𝟏
𝐂𝐎𝐌𝐒𝐇𝐎𝐏 𝐃𝐈𝐒𝐊𝐋𝐄𝐒𝐒 𝐏𝐀𝐂𝐊𝐀𝐆𝐄
#PCMERCHANDISE #PCMBUILDS",,34,"07/14/2023 00:30",uploaded,https://www.facebook.com/reel/1702363276473834/,1,0,Reels,,,,,07/03/2023,0,,,,,,0,0,0,0,0,0.000,5.461
1024851308234945,100064197037125,"PC Merchandise","𝐢𝟓 𝟏𝟐𝟒𝟎𝟎𝐅 𝟔+𝟏
𝐂𝐎𝐌𝐒𝐇𝐎𝐏 𝐃𝐈𝐒𝐊𝐋𝐄𝐒𝐒 𝐏𝐀𝐂𝐊𝐀𝐆𝐄
#PCMERCHANDISE #PCMBUILDS",,34,"07/14/2023 00:30",uploaded,https://www.facebook.com/reel/1702363276473834/,1,0,Reels,,,,,07/04/2023,0,,,,,,0,0,0,0,0,0.000,4.741
1024851308234945,100064197037125,"PC Merchandise","𝐢𝟓 𝟏𝟐𝟒𝟎𝟎𝐅 𝟔+𝟏
𝐂𝐎𝐌𝐒𝐇𝐎𝐏 𝐃𝐈𝐒𝐊𝐋𝐄𝐒𝐒 𝐏𝐀𝐂𝐊𝐀𝐆𝐄
#PCMERCHANDISE #PCMBUILDS",,34,"07/14/2023 00:30",uploaded,https://www.facebook.com/reel/1702363276473834/,1,0,Reels,,,,,07/05/2023,0,,,,,,0,0,0,0,0,0.000,5.520
1024851308234945,100064197037125,"PC Merchandise","𝐢𝟓 𝟏𝟐𝟒𝟎𝟎𝐅 𝟔+𝟏
𝐂𝐎𝐌𝐒𝐇𝐎𝐏 𝐃𝐈𝐒𝐊𝐋𝐄𝐒𝐒 𝐏𝐀𝐂𝐊𝐀𝐆𝐄
#PCMERCHANDISE #PCMBUILDS",,34,"07/14/2023 00:30",uploaded,https://www.facebook.com/reel/1702363276473834/,1,0,Reels,,,,,07/06/2023,0,,,,,,0,0,0,0,0,0.000,4.469
1024851308234945,100064197037125,"PC Merchandise","𝐢𝟓 𝟏𝟐𝟒𝟎𝟎𝐅 𝟔+𝟏
𝐂𝐎𝐌𝐒𝐇𝐎𝐏 𝐃𝐈𝐒𝐊𝐋𝐄𝐒𝐒 𝐏𝐀𝐂𝐊𝐀𝐆𝐄
#PCMERCHANDISE #PCMBUILDS",,34,"07/14/2023 00:30",uploaded,https://www.facebook.com/reel/1702363276473834/,1,0,Reels,,,,,07/07/2023,0,,,,,,0,0,0,0,0,0.000,2.327
1024851308234945,100064197037125,"PC Merchandise","𝐢𝟓 𝟏𝟐𝟒𝟎𝟎𝐅 𝟔+𝟏
𝐂𝐎𝐌𝐒𝐇𝐎𝐏 𝐃𝐈𝐒𝐊𝐋𝐄𝐒𝐒 𝐏𝐀𝐂𝐊𝐀𝐆𝐄
#PCMERCHANDISE #PCMBUILDS",,34,"07/14/2023 00:30",uploaded,https://www.facebook.com/reel/1702363276473834/,1,0,Reels,,,,,07/08/2023,0,,,,,,0,0,0,0,0,0.000,4.248
1024851308234945,100064197037125,"PC Merchandise","𝐢𝟓 𝟏𝟐𝟒𝟎𝟎𝐅 𝟔+𝟏
𝐂𝐎𝐌𝐒𝐇𝐎𝐏 𝐃𝐈𝐒𝐊𝐋𝐄𝐒𝐒 𝐏𝐀𝐂𝐊𝐀𝐆𝐄
#PCMERCHANDISE #PCMBUILDS",,34,"07/14/2023 00:30",uploaded,https://www.facebook.com/reel/1702363276473834/,1,0,Reels,,,,,07/09/2023,0,,,,,,0,0,0,0,0,0.000,4.927
1024851308234945,100064197037125,"PC Merchandise","𝐢𝟓 𝟏𝟐𝟒𝟎𝟎𝐅 𝟔+𝟏
𝐂𝐎𝐌𝐒𝐇𝐎𝐏 𝐃𝐈𝐒𝐊𝐋𝐄𝐒𝐒 𝐏𝐀𝐂𝐊𝐀𝐆𝐄
#PCMERCHANDISE #PCMBUILDS",,34,"07/14/2023 00:30",uploaded,https://www.facebook.com/reel/1702363276473834/,1,0,Reels,,,,,07/10/2023,0,,,,,,0,0,0,0,0,0.000,4.986
1024851308234945,100064197037125,"PC Merchandise","𝐢𝟓 𝟏𝟐𝟒𝟎𝟎𝐅 𝟔+𝟏
𝐂𝐎𝐌𝐒𝐇𝐎𝐏 𝐃𝐈𝐒𝐊𝐋𝐄𝐒𝐒 𝐏𝐀𝐂𝐊𝐀𝐆𝐄
#PCMERCHANDISE #PCMBUILDS",,34,"07/14/2023 00:30",uploaded,https://www.facebook.com/reel/1702363276473834/,1,0,Reels,,,,,07/11/2023,0,,,,,,0,0,0,0,0,0.000,4.650
1024851308234945,100064197037125,"PC Merchandise","𝐢𝟓 𝟏𝟐𝟒𝟎𝟎𝐅 𝟔+𝟏
𝐂𝐎𝐌𝐒𝐇𝐎𝐏 𝐃𝐈𝐒𝐊𝐋𝐄𝐒𝐒 𝐏𝐀𝐂𝐊𝐀𝐆𝐄
#PCMERCHANDISE #PCMBUILDS",,34,"07/14/2023 00:30",uploaded,https://www.facebook.com/reel/1702363276473834/,1,0,Reels,,,,,07/12/2023,0,,,,,,0,0,0,0,0,0.000,3.657
1024851308234945,100064197037125,"PC Merchandise","𝐢𝟓 𝟏𝟐𝟒𝟎𝟎𝐅 𝟔+𝟏
𝐂𝐎𝐌𝐒𝐇𝐎𝐏 𝐃𝐈𝐒𝐊𝐋𝐄𝐒𝐒 𝐏𝐀𝐂𝐊𝐀𝐆𝐄
#PCMERCHANDISE #PCMBUILDS",,34,"07/14/2023 00:30",uploaded,https://www.facebook.com/reel/1702363276473834/,1,0,Reels,,,,,07/13/2023,0,,,,,,0,0,0,0,0,0.000,6.015
1024851308234945,100064197037125,"PC Merchandise","𝐢𝟓 𝟏𝟐𝟒𝟎𝟎𝐅 𝟔+𝟏
𝐂𝐎𝐌𝐒𝐇𝐎𝐏 𝐃𝐈𝐒𝐊𝐋𝐄𝐒𝐒 𝐏𝐀𝐂𝐊𝐀𝐆𝐄
#PCMERCHANDISE #PCMBUILDS",,34,"07/14/2023 00:30",uploaded,https://www.facebook.com/reel/1702363276473834/,1,0,Reels,,,,,07/14/2023,0,,,,,,0,0,0,0,0,132.007,4.201
1024851308234945,100064197037125,"PC Merchandise","𝐢𝟓 𝟏𝟐𝟒𝟎𝟎𝐅 𝟔+𝟏
𝐂𝐎𝐌𝐒𝐇𝐎𝐏 𝐃𝐈𝐒𝐊𝐋𝐄𝐒𝐒 𝐏𝐀𝐂𝐊𝐀𝐆𝐄
#PCMERCHANDISE #PCMBUILDS",,34,"07/14/2023 00:30",uploaded,https://www.facebook.com/reel/1702363276473834/,1,0,Reels,,,,,07/15/2023,0,,,,,,0,0,0,0,0,124.591,3.475
1024851308234945,100064197037125,"PC Merchandise","𝐢𝟓 𝟏𝟐𝟒𝟎𝟎𝐅 𝟔+𝟏
𝐂𝐎𝐌𝐒𝐇𝐎𝐏 𝐃𝐈𝐒𝐊𝐋𝐄𝐒𝐒 𝐏𝐀𝐂𝐊𝐀𝐆𝐄
#PCMERCHANDISE #PCMBUILDS",,34,"07/14/2023 00:30",uploaded,https://www.facebook.com/reel/1702363276473834/,1,0,Reels,,,,,07/16/2023,0,,,,,,0,0,0,0,0,84.631,6.324
1024851308234945,100064197037125,"PC Merchandise","𝐢𝟓 𝟏𝟐𝟒𝟎𝟎𝐅 𝟔+𝟏
𝐂𝐎𝐌𝐒𝐇𝐎𝐏 𝐃𝐈𝐒𝐊𝐋𝐄𝐒𝐒 𝐏𝐀𝐂𝐊𝐀𝐆𝐄
#PCMERCHANDISE #PCMBUILDS",,34,"07/14/2023 00:30",uploaded,https://www.facebook.com/reel/1702363276473834/,1,0,Reels,,,,,07/17/2023,0,,,,,,0,0,0,0,0,68.542,4.705
1024851308234945,100064197037125,"PC Merchandise","𝐢𝟓 𝟏𝟐𝟒𝟎𝟎𝐅 𝟔+𝟏
𝐂𝐎𝐌𝐒𝐇𝐎𝐏 𝐃𝐈𝐒𝐊𝐋𝐄𝐒𝐒 𝐏𝐀𝐂𝐊𝐀𝐆𝐄
#PCMERCHANDISE #PCMBUILDS",,34,"07/14/2023 00:30",uploaded,https://www.facebook.com/reel/1702363276473834/,1,0,Reels,,,,,07/18/2023,0,,,,,,0,0,0,0,0,70.089,4.731
1024851308234945,100064197037125,"PC Merchandise","𝐢𝟓 𝟏𝟐𝟒𝟎𝟎𝐅 𝟔+𝟏
𝐂𝐎𝐌𝐒𝐇𝐎𝐏 𝐃𝐈𝐒𝐊𝐋𝐄𝐒𝐒 𝐏𝐀𝐂𝐊𝐀𝐆𝐄
#PCMERCHANDISE #PCMBUILDS",,34,"07/14/2023 00:30",uploaded,https://www.facebook.com/reel/1702363276473834/,1,0,Reels,,,,,07/19/2023,0,,,,,,0,0,0,0,0,51.343,2.606
1024851308234945,100064197037125,"PC Merchandise","𝐢𝟓 𝟏𝟐𝟒𝟎𝟎𝐅 𝟔+𝟏
𝐂𝐎𝐌𝐒𝐇𝐎𝐏 𝐃𝐈𝐒𝐊𝐋𝐄𝐒𝐒 𝐏𝐀𝐂𝐊𝐀𝐆𝐄
#PCMERCHANDISE #PCMBUILDS",,34,"07/14/2023 00:30",uploaded,https://www.facebook.com/reel/1702363276473834/,1,0,Reels,,,,,07/20/2023,0,,,,,,0,0,0,0,0,41.374,5.687
1024851308234945,100064197037125,"PC Merchandise","𝐢𝟓 𝟏𝟐𝟒𝟎𝟎𝐅 𝟔+𝟏
𝐂𝐎𝐌𝐒𝐇𝐎𝐏 𝐃𝐈𝐒𝐊𝐋𝐄𝐒𝐒 𝐏𝐀𝐂𝐊𝐀𝐆𝐄
#PCMERCHANDISE #PCMBUILDS",,34,"07/14/2023 00:30",uploaded,https://www.facebook.com/reel/1702363276473834/,1,0,Reels,,,,,07/21/2023,0,,,,,,0,0,0,0,0,40.693,5.153
1024851308234945,100064197037125,"PC Merchandise","𝐢𝟓 𝟏𝟐𝟒𝟎𝟎𝐅 𝟔+𝟏
𝐂𝐎𝐌𝐒𝐇𝐎𝐏 𝐃𝐈𝐒𝐊𝐋𝐄𝐒𝐒 𝐏𝐀𝐂𝐊𝐀𝐆𝐄
#PCMERCHANDISE #PCMBUILDS",,34,"07/14/2023 00:30",uploaded,https://www.facebook.com/reel/1702363276473834/,1,0,Reels,,,,,07/22/2023,0,,,,,,0,0,0,0,0,36.478,4.094
1024851308234945,100064197037125,"PC Merchandise","𝐢𝟓 𝟏𝟐𝟒𝟎𝟎𝐅 𝟔+𝟏
𝐂𝐎𝐌𝐒𝐇𝐎𝐏 𝐃𝐈𝐒𝐊𝐋𝐄𝐒𝐒 𝐏𝐀𝐂𝐊𝐀𝐆𝐄
#PCMERCHANDISE #PCMBUILDS",,34,"07/14/2023 00:30",uploaded,https://www.facebook.com/reel/1702363276473834/,1,0,Reels,,,,,07/23/2023,0,,,,,,0,0,1,1,0,20.802,3.601
1024851308234945,100064197037125,"PC Merchandise","𝐢𝟓 𝟏𝟐𝟒𝟎𝟎𝐅 𝟔+𝟏
𝐂𝐎𝐌𝐒𝐇𝐎𝐏 𝐃𝐈𝐒𝐊𝐋𝐄𝐒𝐒 𝐏𝐀𝐂𝐊𝐀𝐆𝐄
#PCMERCHANDISE #PCMBUILDS",,34,"07/14/2023 00:30",uploaded,https://www.facebook.com/reel/1702363276473834/,1,0,Reels,,,,,07/24/2023,0,,,,,,0,0,0,0,0,16.331,5.236
1024851308234945,100064197037125,"PC Merchandise","𝐢𝟓 𝟏𝟐𝟒𝟎𝟎𝐅 𝟔+𝟏
𝐂𝐎𝐌𝐒𝐇𝐎𝐏 𝐃𝐈𝐒𝐊𝐋𝐄𝐒𝐒 𝐏𝐀𝐂𝐊𝐀𝐆𝐄
#PCMERCHANDISE #PCMBUILDS",,34,"07/14/2023 00:30",uploaded,https://www.facebook.com/reel/1702363276473834/,1,0,Reels,,,,,07/25/2023,0,,,,,,0,0,0,0,0,18.286,6.284
1024851308234945,100064197037125,"PC Merchandise","𝐢𝟓 𝟏𝟐𝟒𝟎𝟎𝐅 𝟔+𝟏
𝐂𝐎𝐌𝐒𝐇𝐎𝐏 𝐃𝐈𝐒𝐊𝐋𝐄𝐒𝐒 𝐏𝐀𝐂𝐊𝐀𝐆𝐄
#PCMERCHANDISE #PCMBUILDS",,34,"07/14/2023 00:30",uploaded,https://www.facebook.com/reel/1702363276473834/,1,0,Reels,,,,,07/26/2023,0,,,,,,0,0,0,0,0,9.559,4.592
1024851308234945,100064197037125,"PC Merchandise","𝐢𝟓 𝟏𝟐𝟒𝟎𝟎𝐅 𝟔+𝟏
𝐂𝐎𝐌𝐒𝐇𝐎𝐏 𝐃𝐈𝐒𝐊𝐋𝐄𝐒𝐒 𝐏𝐀𝐂𝐊𝐀𝐆𝐄
#PCMERCHANDISE #PCMBUILDS",,34,"07/14/2023 00:30",uploaded,https://www.facebook.com/reel/1702363276473834/,1,0,Reels,,,,,07/27/2023,0,,,,,,0,0,0,0,0,12.452,4.441
1024851308234945,100064197037125,"PC Merchandise","𝐢𝟓 𝟏𝟐𝟒𝟎𝟎𝐅 𝟔+𝟏
𝐂𝐎𝐌𝐒𝐇𝐎𝐏 𝐃𝐈𝐒𝐊𝐋𝐄𝐒𝐒 𝐏𝐀𝐂𝐊𝐀𝐆𝐄
#PCMERCHANDISE #PCMBUILDS",,34,"07/14/2023 00:30",uploaded,https://www.facebook.com/reel/1702363276473834/,1,0,Reels,,,,,07/28/2023,0,,,,,,0,0,1,0,1,16.322,5.071
1024851308234945,100064197037125,"PC Merchandise","𝐢𝟓 𝟏𝟐𝟒𝟎𝟎𝐅 𝟔+𝟏
𝐂𝐎𝐌𝐒𝐇𝐎𝐏 𝐃𝐈𝐒𝐊𝐋𝐄𝐒𝐒 𝐏𝐀𝐂𝐊𝐀𝐆𝐄
#PCMERCHANDISE #PCMBUILDS",,34,"07/14/2023 00:30",uploaded,https://www.facebook.com/reel/1702363276473834/,1,0,Reels,,,,,07/29/2023,0,,,,,,0,0,0,0,0,10.628,3.920
1024851308234945,100064197037125,"PC Merchandise","𝐢𝟓 𝟏𝟐𝟒𝟎𝟎𝐅 𝟔+𝟏
𝐂𝐎𝐌𝐒𝐇𝐎𝐏 𝐃𝐈𝐒𝐊𝐋𝐄𝐒𝐒 𝐏𝐀𝐂𝐊𝐀𝐆𝐄
#PCMERCHANDISE #PCMBUILDS",,34,"07/14/2023 00:30",uploaded,https://www.facebook.com/reel/1702363276473834/,1,0,Reels,,,,,07/30/2023,0,,,,,,0,0,0,0,0,12.875,5.250
1024851308234945,100064197037125,"PC Merchandise","𝐢𝟓 𝟏𝟐𝟒𝟎𝟎𝐅 𝟔+𝟏
𝐂𝐎𝐌𝐒𝐇𝐎𝐏 𝐃𝐈𝐒𝐊𝐋𝐄𝐒𝐒 𝐏𝐀𝐂𝐊𝐀𝐆𝐄
#PCMERCHANDISE #PCMBUILDS",,34,"07/14/2023 00:30",uploaded,https://www.facebook.com/reel/1702363276473834/,1,0,Reels,,,,,07/31/2023,0,,,,,,0,0,0,0,0,9.216,3.510
1024946080186240,100064197037125,"PC Merchandise","Paano kung sabihin ko sayo na kaya mo na mag GTX 1660S build under budget? 👀",,77,"07/13/2023 19:30",uploaded,https://www.facebook.com/reel/1275400324897833/,0,0,Reels,,,,,07/01/2023,0,,,,,,0,0,0,0,0,0.000,4.794
1024946080186240,100064197037125,"PC Merchandise","Paano kung sabihin ko sayo na kaya mo na mag GTX 1660S build under budget? 👀",,77,"07/13/2023 19:30",uploaded,https://www.facebook.com/reel/1275400324897833/,0,0,Reels,,,,,07/02/2023,0,,,,,,0,0,0,0,0,0.000,2.523
1024946080186240,100064197037125,"PC Merchandise","Paano kung sabihin ko sayo na kaya mo na mag GTX 1660S build under budget? 👀",,77,"07/13/2023 19:30",uploaded,https://www.facebook.com/reel/1275400324897833/,0,0,Reels,,,,,07/03/2023,0,,,,,,0,0,0,0,0,0.000,5.104
1024946080186240,100064197037125,"PC Merchandise","Paano kung sabihin ko sayo na kaya mo na mag GTX 1660S build under budget? 👀",,77,"07/13/2023 19:30",uploaded,https://www.facebook.com/reel/1275400324897833/,0,0,Reels,,,,,07/04/2023,0,,,,,,0,0,0,0,0,0.000,2.228
1024946080186240,100064197037125,"PC Merchandise","Paano kung sabihin ko sayo na kaya mo na mag GTX 1660S build under budget? 👀",,77,"07/13/2023 19:30",uploaded,https://www.facebook.com/reel/1275400324897833/,0,0,Reels,,,,,07/05/2023,0,,,,,,0,0,0,0,0,0.000,3.882
1024946080186240,100064197037125,"PC Merchandise","Paano kung sabihin ko sayo na kaya mo na mag GTX 1660S build under budget? 👀",,77,"07/13/2023 19:30",uploaded,https://www.facebook.com/reel/1275400324897833/,0,0,Reels,,,,,07/06/2023,0,,,,,,0,0,0,0,0,0.000,5.795
1024946080186240,100064197037125,"PC Merchandise","Paano kung sabihin ko sayo na kaya mo na mag GTX 1660S build under budget? 👀",,77,"07/13/2023 19:30",uploaded,https://www.facebook.com/reel/1275400324897833/,0,0,Reels,,,,,07/07/2023,0,,,,,,0,0,0,0,0,0.000,4.216
1024946080186240,100064197037125,"PC Merchandise","Paano kung sabihin ko sayo na kaya mo na mag GTX 1660S build under budget? 👀",,77,"07/13/2023 19:30",uploaded,https://www.facebook.com/reel/1275400324897833/,0,0,Reels,,,,,07/08/2023,0,,,,,,0,0,0,0,0,0.000,4.375
1024946080186240,100064197037125,"PC Merchandise","Paano kung sabihin ko sayo na kaya mo na mag GTX 1660S build under budget? 👀",,77,"07/13/2023 19:30",uploaded,https://www.facebook.com/reel/1275400324897833/,0,0,Reels,,,,,07/09/2023,0,,,,,,0,0,0,0,0,0.000,4.326
1024946080186240,100064197037125,"PC Merchandise","Paano kung sabihin ko sayo na kaya mo na mag GTX 1660S build under budget? 👀",,77,"07/13/2023 19:30",uploaded,https://www.facebook.com/reel/1275400324897833/,0,0,Reels,,,,,07/10/2023,0,,,,,,0,0,0,0,0,0.000,4.503
1024946080186240,100064197037125,"PC Merchandise","Paano kung sabihin ko sayo na kaya mo na mag GTX 1660S build under budget? 👀",,77,"07/13/2023 19:30",uploaded,https://www.facebook.com/reel/1275400324897833/,0,0,Reels,,,,,07/11/2023,0,,,,,,0,0,0,0,0,0.000,3.620
1024946080186240,100064197037125,"PC Merchandise","Paano kung sabihin ko sayo na kaya mo na mag GTX 1660S build under budget? 👀",,77,"07/13/2023 19:30",uploaded,https://www.facebook.com/reel/1275400324897833/,0,0,Reels,,,,,07/12/2023,0,,,,,,0,0,0,0,0,0.000,4.179
1024946080186240,100064197037125,"PC Merchandise","Paano kung sabihin ko sayo na kaya mo na mag GTX 1660S build under budget? 👀",,77,"07/13/2023 19:30",uploaded,https://www.facebook.com/reel/1275400324897833/,0,0,Reels,,,,,07/13/2023,0,,,,,,71,0,0,0,0,269.577,7.154
1024946080186240,100064197037125,"PC Merchandise","Paano kung sabihin ko sayo na kaya mo na mag GTX 1660S build under budget? 👀",,77,"07/13/2023 19:30",uploaded,https://www.facebook.com/reel/1275400324897833/,0,0,Reels,,,,,07/14/2023,0,,,,,,111,0,0,0,0,331.141,4.064
1024946080186240,100064197037125,"PC Merchandise","Paano kung sabihin ko sayo na kaya mo na mag GTX 1660S build under budget? 👀",,77,"07/13/2023 19:30",uploaded,https://www.facebook.com/reel/1275400324897833/,0,0,Reels,,,,,07/15/2023,0,,,,,,103,0,0,0,0,201.141,3.759
1024946080186240,100064197037125,"PC Merchandise","Paano kung sabihin ko sayo na kaya mo na mag GTX 1660S build under budget? 👀",,77,"07/13/2023 19:30",uploaded,https://www.facebook.com/reel/1275400324897833/,0,0,Reels,,,,,07/16/2023,0,,,,,,82,0,0,0,0,143.522,4.475
1024946080186240,100064197037125,"PC Merchandise","Paano kung sabihin ko sayo na kaya mo na mag GTX 1660S build under budget? 👀",,77,"07/13/2023 19:30",uploaded,https://www.facebook.com/reel/1275400324897833/,0,0,Reels,,,,,07/17/2023,0,,,,,,83,0,0,0,0,193.361,4.846
1024946080186240,100064197037125,"PC Merchandise","Paano kung sabihin ko sayo na kaya mo na mag GTX 1660S build under budget? 👀",,77,"07/13/2023 19:30",uploaded,https://www.facebook.com/reel/1275400324897833/,0,0,Reels,,,,,07/18/2023,0,,,,,,77,0,0,0,0,140.134,6.424
1024946080186240,100064197037125,"PC Merchandise","Paano kung sabihin ko sayo na kaya mo na mag GTX 1660S build under budget? 👀",,77,"07/13/2023 19:30",uploaded,https://www.facebook.com/reel/1275400324897833/,0,0,Reels,,,,,07/19/2023,0,,,,,,93,0,0,0,0,102.722,2.877
1024946080186240,100064197037125,"PC Merchandise","Paano kung sabihin ko sayo na kaya mo na mag GTX 1660S build under budget? 👀",,77,"07/13/2023 19:30",uploaded,https://www.facebook.com/reel/1275400324897833/,0,0,Reels,,,,,07/20/2023,0,,,,,,100,0,0,0,0,41.719,4.279
1024946080186240,100064197037125,"PC Merchandise","Paano kung sabihin ko sayo na kaya mo na mag GTX 1660S build under budget? 👀",,77,"07/13/2023 19:30",uploaded,https://www.facebook.com/reel/1275400324897833/,0,0,Reels,,,,,07/21/2023,0,,,,,,94,0,0,0,0,80.022,3.524
1024946080186240,100064197037125,"PC Merchandise","Paano kung sabihin ko sayo na kaya mo na mag GTX 1660S build under budget? 👀",,77,"07/13/2023 19:30",uploaded,https://www.facebook.com/reel/1275400324897833/,0,0,Reels,,,,,07/22/2023,0,,,,,,99,0,0,0,0,56.658,3.988
1024946080186240,100064197037125,"PC Merchandise","Paano kung sabihin ko sayo na kaya mo na mag GTX 1660S build under budget? 👀",,77,"07/13/2023 19:30",uploaded,https://www.facebook.com/reel/1275400324897833/,0,0,Reels,,,,,07/23/2023,0,,,,,,94,0,0,0,0,34.042,1.917
1024946080186240,100064197037125,"PC Merchandise","Paano kung sabihin ko sayo na kaya mo na mag GTX 1660S build under budget? 👀",,77,"07/13/2023 19:30",uploaded,https://www.facebook.com/reel/1275400324897833/,0,0,Reels,,,,,07/24/2023,0,,,,,,0,0,0,0,0,34.940,4.482
1024946080186240,100064197037125,"PC Merchandise","Paano kung sabihin ko sayo na kaya mo na mag GTX 1660S build under budget? 👀",,77,"07/13/2023 19:30",uploaded,https://www.facebook.com/reel/1275400324897833/,0,0,Reels,,,,,07/25/2023,0,,,,,,0,0,0,0,0,46.281,3.278
1024946080186240,100064197037125,"PC Merchandise","Paano kung sabihin ko sayo na kaya mo na mag GTX 1660S build under budget? 👀",,77,"07/13/2023 19:30",uploaded,https://www.facebook.com/reel/1275400324897833/,0,0,Reels,,,,,07/26/2023,0,,,,,,0,0,0,0,0,20.779,3.982
1024946080186240,100064197037125,"PC Merchandise","Paano kung sabihin ko sayo na kaya mo na mag GTX 1660S build under budget? 👀",,77,"07/13/2023 19:30",uploaded,https://www.facebook.com/reel/1275400324897833/,0,0,Reels,,,,,07/27/2023,0,,,,,,0,0,0,0,0,21.928,4.106
1024946080186240,100064197037125,"PC Merchandise","Paano kung sabihin ko sayo na kaya mo na mag GTX 1660S build under budget? 👀",,77,"07/13/2023 19:30",uploaded,https://www.facebook.com/reel/1275400324897833/,0,0,Reels,,,,,07/28/2023,0,,,,,,0,0,0,0,0,26.002,3.170
1024946080186240,100064197037125,"PC Merchandise","Paano kung sabihin ko sayo na kaya mo na mag GTX 1660S build under budget? 👀",,77,"07/13/2023 19:30",uploaded,https://www.facebook.com/reel/1275400324897833/,0,0,Reels,,,,,07/29/2023,0,,,,,,0,0,0,0,0,20.957,5.403
1024946080186240,100064197037125,"PC Merchandise","Paano kung sabihin ko sayo na kaya mo na mag GTX 1660S build under budget? 👀",,77,"07/13/2023 19:30",uploaded,https://www.facebook.com/reel/1275400324897833/,0,0,Reels,,,,,07/30/2023,0,,,,,,0,0,0,0,0,20.176,5.680
1024946080186240,100064197037125,"PC Merchandise","Paano kung sabihin ko sayo na kaya mo na mag GTX 1660S build under budget? 👀",,77,"07/13/2023 19:30",uploaded,https://www.facebook.com/reel/1275400324897833/,0,0,Reels,,,,,07/31/2023,0,,,,,,0,0,0,0,0,30.547,3.709
1024879945400257,100064197037125,"PC Merchandise","𝐀𝐌𝟓 𝐁𝐮𝐢𝐥𝐝 𝐋𝐢𝐦𝐢𝐭𝐞𝐝 𝐒𝐚𝐥𝐞! 🚨
Experience next-gen performance with our latest builds. PM for pricelist!",,0,"07/12/2023 19:00",,https://www.facebook.com/pcmerchandise.co/posts/pfbid0DcQNIjinbAmcHOYveoHdWbTUBHYhQqBkiGA3BwFf11TSdjQsJmy9uhdO,1,0,Photos,,,,,07/31/2023,0,,,,,,,,,,,,
1024879945400257,100064197037125,"PC Merchandise","𝐀𝐌𝟓 𝐁𝐮𝐢𝐥𝐝 𝐋𝐢𝐦𝐢𝐭𝐞𝐝 𝐒𝐚𝐥𝐞! 🚨
Experience next-gen performance with our latest builds. PM for pricelist!",,0,"07/12/2023 19:00",,https://www.facebook.com/pcmerchandise.co/posts/pfbid0DcQNIjinbAmcHOYveoHdWbTUBHYhQqBkiGA3BwFf11TSdjQsJmy9uhdO,1,0,Photos,,,,,07/01/2023,,,0,0,0,0,0,0,,,,,
1024879945400257,100064197037125,"PC Merchandise","𝐀𝐌𝟓 𝐁𝐮𝐢𝐥𝐝 𝐋𝐢𝐦𝐢𝐭𝐞𝐝 𝐒𝐚𝐥𝐞! 🚨
Experience next-gen performance with our latest builds. PM for pricelist!",,0,"07/12/2023 19:00",,https://www.facebook.com/pcmerchandise.co/posts/pfbid0DcQNIjinbAmcHOYveoHdWbTUBHYhQqBkiGA3BwFf11TSdjQsJmy9uhdO,1,0,Photos,,,,,07/02/2023,,,0,0,0,0,0,0,,,,,
1024879945400257,100064197037125,"PC Merchandise","𝐀𝐌𝟓 𝐁𝐮𝐢𝐥𝐝 𝐋𝐢𝐦𝐢𝐭𝐞𝐝 𝐒𝐚𝐥𝐞! 🚨
Experience next-gen performance with our latest builds. PM for pricelist!",,0,"07/12/2023 19:00",,https://www.facebook.com/pcmerchandise.co/posts/pfbid0DcQNIjinbAmcHOYveoHdWbTUBHYhQqBkiGA3BwFf11TSdjQsJmy9uhdO,1,0,Photos,,,,,07/03/2023,,,0,0,0,0,0,0,,,,,
1024879945400257,100064197037125,"PC Merchandise","𝐀𝐌𝟓 𝐁𝐮𝐢𝐥𝐝 𝐋𝐢𝐦𝐢𝐭𝐞𝐝 𝐒𝐚𝐥𝐞! 🚨
Experience next-gen performance with our latest builds. PM for pricelist!",,0,"07/12/2023 19:00",,https://www.facebook.com/pcmerchandise.co/posts/pfbid0DcQNIjinbAmcHOYveoHdWbTUBHYhQqBkiGA3BwFf11TSdjQsJmy9uhdO,1,0,Photos,,,,,07/04/2023,,,0,0,0,0,0,0,,,,,
1024879945400257,100064197037125,"PC Merchandise","𝐀𝐌𝟓 𝐁𝐮𝐢𝐥𝐝 𝐋𝐢𝐦𝐢𝐭𝐞𝐝 𝐒𝐚𝐥𝐞! 🚨
Experience next-gen performance with our latest builds. PM for pricelist!",,0,"07/12/2023 19:00",,https://www.facebook.com/pcmerchandise.co/posts/pfbid0DcQNIjinbAmcHOYveoHdWbTUBHYhQqBkiGA3BwFf11TSdjQsJmy9uhdO,1,0,Photos,,,,,07/05/2023,,,0,0,0,0,0,0,,,,,
1024879945400257,100064197037125,"PC Merchandise","𝐀𝐌𝟓 𝐁𝐮𝐢𝐥𝐝 𝐋𝐢𝐦𝐢𝐭𝐞𝐝 𝐒𝐚𝐥𝐞! 🚨
Experience next-gen performance with our latest builds. PM for pricelist!",,0,"07/12/2023 19:00",,https://www.facebook.com/pcmerchandise.co/posts/pfbid0DcQNIjinbAmcHOYveoHdWbTUBHYhQqBkiGA3BwFf11TSdjQsJmy9uhdO,1,0,Photos,,,,,07/06/2023,,,0,0,0,0,0,0,,,,,
1024879945400257,100064197037125,"PC Merchandise","𝐀𝐌𝟓 𝐁𝐮𝐢𝐥𝐝 𝐋𝐢𝐦𝐢𝐭𝐞𝐝 𝐒𝐚𝐥𝐞! 🚨
Experience next-gen performance with our latest builds. PM for pricelist!",,0,"07/12/2023 19:00",,https://www.facebook.com/pcmerchandise.co/posts/pfbid0DcQNIjinbAmcHOYveoHdWbTUBHYhQqBkiGA3BwFf11TSdjQsJmy9uhdO,1,0,Photos,,,,,07/07/2023,,,0,0,0,0,0,0,,,,,
1024879945400257,100064197037125,"PC Merchandise","𝐀𝐌𝟓 𝐁𝐮𝐢𝐥𝐝 𝐋𝐢𝐦𝐢𝐭𝐞𝐝 𝐒𝐚𝐥𝐞! 🚨
Experience next-gen performance with our latest builds. PM for pricelist!",,0,"07/12/2023 19:00",,https://www.facebook.com/pcmerchandise.co/posts/pfbid0DcQNIjinbAmcHOYveoHdWbTUBHYhQqBkiGA3BwFf11TSdjQsJmy9uhdO,1,0,Photos,,,,,07/08/2023,,,0,0,0,0,0,0,,,,,
1024879945400257,100064197037125,"PC Merchandise","𝐀𝐌𝟓 𝐁𝐮𝐢𝐥𝐝 𝐋𝐢𝐦𝐢𝐭𝐞𝐝 𝐒𝐚𝐥𝐞! 🚨
Experience next-gen performance with our latest builds. PM for pricelist!",,0,"07/12/2023 19:00",,https://www.facebook.com/pcmerchandise.co/posts/pfbid0DcQNIjinbAmcHOYveoHdWbTUBHYhQqBkiGA3BwFf11TSdjQsJmy9uhdO,1,0,Photos,,,,,07/09/2023,,,0,0,0,0,0,0,,,,,
1024879945400257,100064197037125,"PC Merchandise","𝐀𝐌𝟓 𝐁𝐮𝐢𝐥𝐝 𝐋𝐢𝐦𝐢𝐭𝐞𝐝 𝐒𝐚𝐥𝐞! 🚨
Experience next-gen performance with our latest builds. PM for pricelist!",,0,"07/12/2023 19:00",,https://www.facebook.com/pcmerchandise.co/posts/pfbid0DcQNIjinbAmcHOYveoHdWbTUBHYhQqBkiGA3BwFf11TSdjQsJmy9uhdO,1,0,Photos,,,,,07/10/2023,,,0,0,0,0,0,0,,,,,
1024879945400257,100064197037125,"PC Merchandise","𝐀𝐌𝟓 𝐁𝐮𝐢𝐥𝐝 𝐋𝐢𝐦𝐢𝐭𝐞𝐝 𝐒𝐚𝐥𝐞! 🚨
Experience next-gen performance with our latest builds. PM for pricelist!",,0,"07/12/2023 19:00",,https://www.facebook.com/pcmerchandise.co/posts/pfbid0DcQNIjinbAmcHOYveoHdWbTUBHYhQqBkiGA3BwFf11TSdjQsJmy9uhdO,1,0,Photos,,,,,07/11/2023,,,0,0,0,0,0,0,,,,,
1024879945400257,100064197037125,"PC Merchandise","𝐀𝐌𝟓 𝐁𝐮𝐢𝐥𝐝 𝐋𝐢𝐦𝐢𝐭𝐞𝐝 𝐒𝐚𝐥𝐞! 🚨
Experience next-gen performance with our latest builds. PM for pricelist!",,0,"07/12/2023 19:00",,https://www.facebook.com/pcmerchandise.co/posts/pfbid0DcQNIjinbAmcHOYveoHdWbTUBHYhQqBkiGA3BwFf11TSdjQsJmy9uhdO,1,0,Photos,,,,,07/12/2023,,,0,0,0,0,0,0,,,,,
1024879945400257,100064197037125,"PC Merchandise","𝐀𝐌𝟓 𝐁𝐮𝐢𝐥𝐝 𝐋𝐢𝐦𝐢𝐭𝐞𝐝 𝐒𝐚𝐥𝐞! 🚨
Experience next-gen performance with our latest builds. PM for pricelist!",,0,"07/12/2023 19:00",,https://www.facebook.com/pcmerchandise.co/posts/pfbid0DcQNIjinbAmcHOYveoHdWbTUBHYhQqBkiGA3BwFf11TSdjQsJmy9uhdO,1,0,Photos,,,,,07/13/2023,,,0,0,0,0,0,0,,,,,
1024879945400257,100064197037125,"PC Merchandise","𝐀𝐌𝟓 𝐁𝐮𝐢𝐥𝐝 𝐋𝐢𝐦𝐢𝐭𝐞𝐝 𝐒𝐚𝐥𝐞! 🚨
Experience next-gen performance with our latest builds. PM for pricelist!",,0,"07/12/2023 19:00",,https://www.facebook.com/pcmerchandise.co/posts/pfbid0DcQNIjinbAmcHOYveoHdWbTUBHYhQqBkiGA3BwFf11TSdjQsJmy9uhdO,1,0,Photos,,,,,07/14/2023,,,0,0,0,0,0,0,,,,,
1024879945400257,100064197037125,"PC Merchandise","𝐀𝐌𝟓 𝐁𝐮𝐢𝐥𝐝 𝐋𝐢𝐦𝐢𝐭𝐞𝐝 𝐒𝐚𝐥𝐞! 🚨
Experience next-gen performance with our latest builds. PM for pricelist!",,0,"07/12/2023 19:00",,https://www.facebook.com/pcmerchandise.co/posts/pfbid0DcQNIjinbAmcHOYveoHdWbTUBHYhQqBkiGA3BwFf11TSdjQsJmy9uhdO,1,0,Photos,,,,,07/15/2023,,,0,0,0,0,0,0,,,,,
1024879945400257,100064197037125,"PC Merchandise","𝐀𝐌𝟓 𝐁𝐮𝐢𝐥𝐝 𝐋𝐢𝐦𝐢𝐭𝐞𝐝 𝐒𝐚𝐥𝐞! 🚨
Experience next-gen performance with our latest builds. PM for pricelist!",,0,"07/12/2023 19:00",,https://www.facebook.com/pcmerchandise.co/posts/pfbid0DcQNIjinbAmcHOYveoHdWbTUBHYhQqBkiGA3BwFf11TSdjQsJmy9uhdO,1,0,Photos,,,,,07/16/2023,,,0,0,0,0,0,0,,,,,
1024879945400257,100064197037125,"PC Merchandise","𝐀𝐌𝟓 𝐁𝐮𝐢𝐥𝐝 𝐋𝐢𝐦𝐢𝐭𝐞𝐝 𝐒𝐚𝐥𝐞! 🚨
Experience next-gen performance with our latest builds. PM for pricelist!",,0,"07/12/2023 19:00",,https://www.facebook.com/pcmerchandise.co/posts/pfbid0DcQNIjinbAmcHOYveoHdWbTUBHYhQqBkiGA3BwFf11TSdjQsJmy9uhdO,1,0,Photos,,,,,07/17/2023,,,0,0,0,0,0,0,,,,,
1024879945400257,100064197037125,"PC Merchandise","𝐀𝐌𝟓 𝐁𝐮𝐢𝐥𝐝 𝐋𝐢𝐦𝐢𝐭𝐞𝐝 𝐒𝐚𝐥𝐞! 🚨
Experience next-gen performance with our latest builds. PM for pricelist!",,0,"07/12/2023 19:00",,https://www.facebook.com/pcmerchandise.co/posts/pfbid0DcQNIjinbAmcHOYveoHdWbTUBHYhQqBkiGA3BwFf11TSdjQsJmy9uhdO,1,0,Photos,,,,,07/18/2023,,,0,0,0,0,0,0,,,,,
1024879945400257,100064197037125,"PC Merchandise","𝐀𝐌𝟓 𝐁𝐮𝐢𝐥𝐝 𝐋𝐢𝐦𝐢𝐭𝐞𝐝 𝐒𝐚𝐥𝐞! 🚨
Experience next-gen performance with our latest builds. PM for pricelist!",,0,"07/12/2023 19:00",,https://www.facebook.com/pcmerchandise.co/posts/pfbid0DcQNIjinbAmcHOYveoHdWbTUBHYhQqBkiGA3BwFf11TSdjQsJmy9uhdO,1,0,Photos,,,,,07/19/2023,,,0,0,0,0,0,0,,,,,
1024879945400257,100064197037125,"PC Merchandise","𝐀𝐌𝟓 𝐁𝐮𝐢𝐥𝐝 𝐋𝐢𝐦𝐢𝐭𝐞𝐝 𝐒𝐚𝐥𝐞! 🚨
Experience next-gen performance with our latest builds. PM for pricelist!",,0,"07/12/2023 19:00",,https://www.facebook.com/pcmerchandise.co/posts/pfbid0DcQNIjinbAmcHOYveoHdWbTUBHYhQqBkiGA3BwFf11TSdjQsJmy9uhdO,1,0,Photos,,,,,07/20/2023,,,0,0,0,0,0,0,,,,,
1024879945400257,100064197037125,"PC Merchandise","𝐀𝐌𝟓 𝐁𝐮𝐢𝐥𝐝 𝐋𝐢𝐦𝐢𝐭𝐞𝐝 𝐒𝐚𝐥𝐞! 🚨
Experience next-gen performance with our latest builds. PM for pricelist!",,0,"07/12/2023 19:00",,https://www.facebook.com/pcmerchandise.co/posts/pfbid0DcQNIjinbAmcHOYveoHdWbTUBHYhQqBkiGA3BwFf11TSdjQsJmy9uhdO,1,0,Photos,,,,,07/21/2023,,,0,0,0,0,0,0,,,,,
1024879945400257,100064197037125,"PC Merchandise","𝐀𝐌𝟓 𝐁𝐮𝐢𝐥𝐝 𝐋𝐢𝐦𝐢𝐭𝐞𝐝 𝐒𝐚𝐥𝐞! 🚨
Experience next-gen performance with our latest builds. PM for pricelist!",,0,"07/12/2023 19:00",,https://www.facebook.com/pcmerchandise.co/posts/pfbid0DcQNIjinbAmcHOYveoHdWbTUBHYhQqBkiGA3BwFf11TSdjQsJmy9uhdO,1,0,Photos,,,,,07/22/2023,,,0,0,0,0,0,0,,,,,
1024879945400257,100064197037125,"PC Merchandise","𝐀𝐌𝟓 𝐁𝐮𝐢𝐥𝐝 𝐋𝐢𝐦𝐢𝐭𝐞𝐝 𝐒𝐚𝐥𝐞! 🚨
Experience next-gen performance with our latest builds. PM for pricelist!",,0,"07/12/2023 19:00",,https://www.facebook.com/pcmerchandise.co/posts/pfbid0DcQNIjinbAmcHOYveoHdWbTUBHYhQqBkiGA3BwFf11TSdjQsJmy9uhdO,1,0,Photos,,,,,07/23/2023,,,0,0,0,0,0,0,,,,,
1024879945400257,100064197037125,"PC Merchandise","𝐀𝐌𝟓 𝐁𝐮𝐢𝐥𝐝 𝐋𝐢𝐦𝐢𝐭𝐞𝐝 𝐒𝐚𝐥𝐞! 🚨
Experience next-gen performance with our latest builds. PM for pricelist!",,0,"07/12/2023 19:00",,https://www.facebook.com/pcmerchandise.co/posts/pfbid0DcQNIjinbAmcHOYveoHdWbTUBHYhQqBkiGA3BwFf11TSdjQsJmy9uhdO,1,0,Photos,,,,,07/24/2023,,,0,0,0,0,0,0,,,,,
1024879945400257,100064197037125,"PC Merchandise","𝐀𝐌𝟓 𝐁𝐮𝐢𝐥𝐝 𝐋𝐢𝐦𝐢𝐭𝐞𝐝 𝐒𝐚𝐥𝐞! 🚨
Experience next-gen performance with our latest builds. PM for pricelist!",,0,"07/12/2023 19:00",,https://www.facebook.com/pcmerchandise.co/posts/pfbid0DcQNIjinbAmcHOYveoHdWbTUBHYhQqBkiGA3BwFf11TSdjQsJmy9uhdO,1,0,Photos,,,,,07/25/2023,,,0,0,0,0,0,0,,,,,
1024879945400257,100064197037125,"PC Merchandise","𝐀𝐌𝟓 𝐁𝐮𝐢𝐥𝐝 𝐋𝐢𝐦𝐢𝐭𝐞𝐝 𝐒𝐚𝐥𝐞! 🚨
Experience next-gen performance with our latest builds. PM for pricelist!",,0,"07/12/2023 19:00",,https://www.facebook.com/pcmerchandise.co/posts/pfbid0DcQNIjinbAmcHOYveoHdWbTUBHYhQqBkiGA3BwFf11TSdjQsJmy9uhdO,1,0,Photos,,,,,07/26/2023,,,0,0,0,0,0,0,,,,,
1024879945400257,100064197037125,"PC Merchandise","𝐀𝐌𝟓 𝐁𝐮𝐢𝐥𝐝 𝐋𝐢𝐦𝐢𝐭𝐞𝐝 𝐒𝐚𝐥𝐞! 🚨
Experience next-gen performance with our latest builds. PM for pricelist!",,0,"07/12/2023 19:00",,https://www.facebook.com/pcmerchandise.co/posts/pfbid0DcQNIjinbAmcHOYveoHdWbTUBHYhQqBkiGA3BwFf11TSdjQsJmy9uhdO,1,0,Photos,,,,,07/27/2023,,,0,0,0,0,0,0,,,,,
1024879945400257,100064197037125,"PC Merchandise","𝐀𝐌𝟓 𝐁𝐮𝐢𝐥𝐝 𝐋𝐢𝐦𝐢𝐭𝐞𝐝 𝐒𝐚𝐥𝐞! 🚨
Experience next-gen performance with our latest builds. PM for pricelist!",,0,"07/12/2023 19:00",,https://www.facebook.com/pcmerchandise.co/posts/pfbid0DcQNIjinbAmcHOYveoHdWbTUBHYhQqBkiGA3BwFf11TSdjQsJmy9uhdO,1,0,Photos,,,,,07/28/2023,,,0,0,0,0,0,0,,,,,
1024879945400257,100064197037125,"PC Merchandise","𝐀𝐌𝟓 𝐁𝐮𝐢𝐥𝐝 𝐋𝐢𝐦𝐢𝐭𝐞𝐝 𝐒𝐚𝐥𝐞! 🚨
Experience next-gen performance with our latest builds. PM for pricelist!",,0,"07/12/2023 19:00",,https://www.facebook.com/pcmerchandise.co/posts/pfbid0DcQNIjinbAmcHOYveoHdWbTUBHYhQqBkiGA3BwFf11TSdjQsJmy9uhdO,1,0,Photos,,,,,07/29/2023,,,0,0,0,0,0,0,,,,,
1024879945400257,100064197037125,"PC Merchandise","𝐀𝐌𝟓 𝐁𝐮𝐢𝐥𝐝 𝐋𝐢𝐦𝐢𝐭𝐞𝐝 𝐒𝐚𝐥𝐞! 🚨
Experience next-gen performance with our latest builds. PM for pricelist!",,0,"07/12/2023 19:00",,https://www.facebook.com/pcmerchandise.co/posts/pfbid0DcQNIjinbAmcHOYveoHdWbTUBHYhQqBkiGA3BwFf11TSdjQsJmy9uhdO,1,0,Photos,,,,,07/30/2023,,,0,0,0,0,0,0,,,,,
1024879945400257,100064197037125,"PC Merchandise","𝐀𝐌𝟓 𝐁𝐮𝐢𝐥𝐝 𝐋𝐢𝐦𝐢𝐭𝐞𝐝 𝐒𝐚𝐥𝐞! 🚨
Experience next-gen performance with our latest builds. PM for pricelist!",,0,"07/12/2023 19:00",,https://www.facebook.com/pcmerchandise.co/posts/pfbid0DcQNIjinbAmcHOYveoHdWbTUBHYhQqBkiGA3BwFf11TSdjQsJmy9uhdO,1,0,Photos,,,,,07/31/2023,,,0,0,0,0,0,0,,,,,
1024421082196698,100064197037125,"PC Merchandise","𝐑𝐘𝐙𝐄𝐍 𝟓 𝟑𝟒𝟎𝟎𝐆
𝐆𝐀𝐌𝐈𝐍𝐆 𝐁𝐔𝐈𝐋𝐃
#PCMERCHANDISE #PCMBUILDS",,38,"07/12/2023 15:15",mixed,https://www.facebook.com/reel/1151687735350528/,0,0,Reels,,,,,07/01/2023,0,,,,,,0,0,0,0,0,0.000,1.968
1024421082196698,100064197037125,"PC Merchandise","𝐑𝐘𝐙𝐄𝐍 𝟓 𝟑𝟒𝟎𝟎𝐆
𝐆𝐀𝐌𝐈𝐍𝐆 𝐁𝐔𝐈𝐋𝐃
#PCMERCHANDISE #PCMBUILDS",,38,"07/12/2023 15:15",mixed,https://www.facebook.com/reel/1151687735350528/,0,0,Reels,,,,,07/02/2023,0,,,,,,0,0,0,0,0,0.000,3.334
1024421082196698,100064197037125,"PC Merchandise","𝐑𝐘𝐙𝐄𝐍 𝟓 𝟑𝟒𝟎𝟎𝐆
𝐆𝐀𝐌𝐈𝐍𝐆 𝐁𝐔𝐈𝐋𝐃
#PCMERCHANDISE #PCMBUILDS",,38,"07/12/2023 15:15",mixed,https://www.facebook.com/reel/1151687735350528/,0,0,Reels,,,,,07/03/2023,0,,,,,,0,0,0,0,0,0.000,1.847
1024421082196698,100064197037125,"PC Merchandise","𝐑𝐘𝐙𝐄𝐍 𝟓 𝟑𝟒𝟎𝟎𝐆
𝐆𝐀𝐌𝐈𝐍𝐆 𝐁𝐔𝐈𝐋𝐃
#PCMERCHANDISE #PCMBUILDS",,38,"07/12/2023 15:15",mixed,https://www.facebook.com/reel/1151687735350528/,0,0,Reels,,,,,07/04/2023,0,,,,,,0,0,0,0,0,0.000,1.500
1024421082196698,100064197037125,"PC Merchandise","𝐑𝐘𝐙𝐄𝐍 𝟓 𝟑𝟒𝟎𝟎𝐆
𝐆𝐀𝐌𝐈𝐍𝐆 𝐁𝐔𝐈𝐋𝐃
#PCMERCHANDISE #PCMBUILDS",,38,"07/12/2023 15:15",mixed,https://www.facebook.com/reel/1151687735350528/,0,0,Reels,,,,,07/05/2023,0,,,,,,0,0,0,0,0,0.000,3.805
1024421082196698,100064197037125,"PC Merchandise","𝐑𝐘𝐙𝐄𝐍 𝟓 𝟑𝟒𝟎𝟎𝐆
𝐆𝐀𝐌𝐈𝐍𝐆 𝐁𝐔𝐈𝐋𝐃
#PCMERCHANDISE #PCMBUILDS",,38,"07/12/2023 15:15",mixed,https://www.facebook.com/reel/1151687735350528/,0,0,Reels,,,,,07/06/2023,0,,,,,,0,0,0,0,0,0.000,3.050
1024421082196698,100064197037125,"PC Merchandise","𝐑𝐘𝐙𝐄𝐍 𝟓 𝟑𝟒𝟎𝟎𝐆
𝐆𝐀𝐌𝐈𝐍𝐆 𝐁𝐔𝐈𝐋𝐃
#PCMERCHANDISE #PCMBUILDS",,38,"07/12/2023 15:15",mixed,https://www.facebook.com/reel/1151687735350528/,0,0,Reels,,,,,07/07/2023,0,,,,,,0,0,0,0,0,0.000,2.792
1024421082196698,100064197037125,"PC Merchandise","𝐑𝐘𝐙𝐄𝐍 𝟓 𝟑𝟒𝟎𝟎𝐆
𝐆𝐀𝐌𝐈𝐍𝐆 𝐁𝐔𝐈𝐋𝐃
#PCMERCHANDISE #PCMBUILDS",,38,"07/12/2023 15:15",mixed,https://www.facebook.com/reel/1151687735350528/,0,0,Reels,,,,,07/08/2023,0,,,,,,0,0,0,0,0,0.000,1.763
1024421082196698,100064197037125,"PC Merchandise","𝐑𝐘𝐙𝐄𝐍 𝟓 𝟑𝟒𝟎𝟎𝐆
𝐆𝐀𝐌𝐈𝐍𝐆 𝐁𝐔𝐈𝐋𝐃
#PCMERCHANDISE #PCMBUILDS",,38,"07/12/2023 15:15",mixed,https://www.facebook.com/reel/1151687735350528/,0,0,Reels,,,,,07/09/2023,0,,,,,,0,0,0,0,0,0.000,1.703
1024421082196698,100064197037125,"PC Merchandise","𝐑𝐘𝐙𝐄𝐍 𝟓 𝟑𝟒𝟎𝟎𝐆
𝐆𝐀𝐌𝐈𝐍𝐆 𝐁𝐔𝐈𝐋𝐃
#PCMERCHANDISE #PCMBUILDS",,38,"07/12/2023 15:15",mixed,https://www.facebook.com/reel/1151687735350528/,0,0,Reels,,,,,07/10/2023,0,,,,,,0,0,0,0,0,0.000,1.620
1024421082196698,100064197037125,"PC Merchandise","𝐑𝐘𝐙𝐄𝐍 𝟓 𝟑𝟒𝟎𝟎𝐆
𝐆𝐀𝐌𝐈𝐍𝐆 𝐁𝐔𝐈𝐋𝐃
#PCMERCHANDISE #PCMBUILDS",,38,"07/12/2023 15:15",mixed,https://www.facebook.com/reel/1151687735350528/,0,0,Reels,,,,,07/11/2023,0,,,,,,0,0,0,0,0,0.000,2.734
1024421082196698,100064197037125,"PC Merchandise","𝐑𝐘𝐙𝐄𝐍 𝟓 𝟑𝟒𝟎𝟎𝐆
𝐆𝐀𝐌𝐈𝐍𝐆 𝐁𝐔𝐈𝐋𝐃
#PCMERCHANDISE #PCMBUILDS",,38,"07/12/2023 15:15",mixed,https://www.facebook.com/reel/1151687735350528/,0,0,Reels,,,,,07/12/2023,0,,,,,,44,0,0,0,0,107.596,2.780
1024421082196698,100064197037125,"PC Merchandise","𝐑𝐘𝐙𝐄𝐍 𝟓 𝟑𝟒𝟎𝟎𝐆
𝐆𝐀𝐌𝐈𝐍𝐆 𝐁𝐔𝐈𝐋𝐃
#PCMERCHANDISE #PCMBUILDS",,38,"07/12/2023 15:15",mixed,https://www.facebook.com/reel/1151687735350528/,0,0,Reels,,,,,07/13/2023,0,,,,,,47,0,0,0,0,76.328,1.500
1024421082196698,100064197037125,"PC Merchandise","𝐑𝐘𝐙𝐄𝐍 𝟓 𝟑𝟒𝟎𝟎𝐆
𝐆𝐀𝐌𝐈𝐍𝐆 𝐁𝐔𝐈𝐋𝐃
#PCMERCHANDISE #PCMBUILDS",,38,"07/12/2023 15:15",mixed,https://www.facebook.com/reel/1151687735350528/,0,0,Reels,,,,,07/14/2023,0,,,,,,49,0,0,0,0,80.376,2.152
1024421082196698,100064197037125,"PC Merchandise","𝐑𝐘𝐙𝐄𝐍 𝟓 𝟑𝟒𝟎𝟎𝐆
𝐆𝐀𝐌𝐈𝐍𝐆 𝐁𝐔𝐈𝐋𝐃
#PCMERCHANDISE #PCMBUILDS",,38,"07/12/2023 15:15",mixed,https://www.facebook.com/reel/1151687735350528/,0,0,Reels,,,,,07/15/2023,0,,,,,,45,0,0,0,0,107.043,2.034
1024421082196698,100064197037125,"PC Merchandise","𝐑𝐘𝐙𝐄𝐍 𝟓 𝟑𝟒𝟎𝟎𝐆
𝐆𝐀𝐌𝐈𝐍𝐆 𝐁𝐔𝐈𝐋𝐃
#PCMERCHANDISE #PCMBUILDS",,38,"07/12/2023 15:15",mixed,https://www.facebook.com/reel/1151687735350528/,0,0,Reels,,,,,07/16/2023,0,,,,,,32,0,0,0,0,57.084,1.500
1024421082196698,100064197037125,"PC Merchandise","𝐑𝐘𝐙𝐄𝐍 𝟓 𝟑𝟒𝟎𝟎𝐆
𝐆𝐀𝐌𝐈𝐍𝐆 𝐁𝐔𝐈𝐋𝐃
#PCMERCHANDISE #PCMBUILDS",,38,"07/12/2023 15:15",mixed,https://www.facebook.com/reel/1151687735350528/,0,0,Reels,,,,,07/17/2023,0,,,,,,45,0,0,0,0,24.698,1.500
1024421082196698,100064197037125,"PC Merchandise","𝐑𝐘𝐙𝐄𝐍 𝟓 𝟑𝟒𝟎𝟎𝐆
𝐆𝐀𝐌𝐈𝐍𝐆 𝐁𝐔𝐈𝐋𝐃
#PCMERCHANDISE #PCMBUILDS",,38,"07/12/2023 15:15",mixed,https://www.facebook.com/reel/1151687735350528/,0,0,Reels,,,,,07/18/2023,0,,,,,,44,0,0,0,0,57.372,1.500
1024421082196698,100064197037125,"PC Merchandise","𝐑𝐘𝐙𝐄𝐍 𝟓 𝟑𝟒𝟎𝟎𝐆
𝐆𝐀𝐌𝐈𝐍𝐆 𝐁𝐔𝐈𝐋𝐃
#PCMERCHANDISE #PCMBUILDS",,38,"07/12/2023 15:15",mixed,https://www.facebook.com/reel/1151687735350528/,0,0,Reels,,,,,07/19/2023,0,,,,,,41,0,0,0,0,23.246,2.332
1024421082196698,100064197037125,"PC Merchandise","𝐑𝐘𝐙𝐄𝐍 𝟓 𝟑𝟒𝟎𝟎𝐆
𝐆𝐀𝐌𝐈𝐍𝐆 𝐁𝐔𝐈𝐋𝐃
#PCMERCHANDISE #PCMBUILDS",,38,"07/12/2023 15:15",mixed,https://www.facebook.com/reel/1151687735350528/,0,0,Reels,,,,,07/20/2023,0,,,,,,49,0,0,0,0,32.935,2.114
1024421082196698,100064197037125,"PC Merchandise","𝐑𝐘𝐙𝐄𝐍 𝟓 𝟑𝟒𝟎𝟎𝐆
𝐆𝐀𝐌𝐈𝐍𝐆 𝐁𝐔𝐈𝐋𝐃
#PCMERCHANDISE #PCMBUILDS",,38,"07/12/2023 15:15",mixed,https://www.facebook.com/reel/1151687735350528/,0,0,Reels,,,,,07/21/2023,0,,,,,,57,0,0,0,0,25.524,2.148
1024421082196698,100064197037125,"PC Merchandise","𝐑𝐘𝐙𝐄𝐍 𝟓 𝟑𝟒𝟎𝟎𝐆
𝐆𝐀𝐌𝐈𝐍𝐆 𝐁𝐔𝐈𝐋𝐃
#PCMERCHANDISE #PCMBUILDS",,38,"07/12/2023 15:15",mixed,https://www.facebook.com/reel/1151687735350528/,0,0,Reels,,,,,07/22/2023,0,,,,,,33,0,0,0,0,19.703,2.787
1024421082196698,100064197037125,"PC Merchandise","𝐑𝐘𝐙𝐄𝐍 𝟓 𝟑𝟒𝟎𝟎𝐆
𝐆𝐀𝐌𝐈𝐍𝐆 𝐁𝐔𝐈𝐋𝐃
#PCMERCHANDISE #PCMBUILDS",,38,"07/12/2023 15:15",mixed,https://www.facebook.com/reel/1151687735350528/,0,0,Reels,,,,,07/23/2023,0,,,,,,33,0,0,0,0,8.794,1.790
1024421082196698,100064197037125,"PC Merchandise","𝐑𝐘𝐙𝐄𝐍 𝟓 𝟑𝟒𝟎𝟎𝐆
𝐆𝐀𝐌𝐈𝐍𝐆 𝐁𝐔𝐈𝐋𝐃
#PCMERCHANDISE #PCMBUILDS",,38,"07/12/2023 15:15",mixed,https://www.facebook.com/reel/1151687735350528/,0,0,Reels,,,,,07/24/2023,0,,,,,,0,0,0,0,0,14.854,2.843
1024421082196698,100064197037125,"PC Merchandise","𝐑𝐘𝐙𝐄𝐍 𝟓 𝟑𝟒𝟎𝟎𝐆
𝐆𝐀𝐌𝐈𝐍𝐆 𝐁𝐔𝐈𝐋𝐃
#PCMERCHANDISE #PCMBUILDS",,38,"07/12/2023 15:15",mixed,https://www.facebook.com/reel/1151687735350528/,0,0,Reels,,,,,07/25/2023,0,,,,,,0,0,0,0,0,16.355,2.213
1024421082196698,100064197037125,"PC Merchandise","𝐑𝐘𝐙𝐄𝐍 𝟓 𝟑𝟒𝟎𝟎𝐆
𝐆𝐀𝐌𝐈𝐍𝐆 𝐁𝐔𝐈𝐋𝐃
#PCMERCHANDISE #PCMBUILDS",,38,"07/12/2023 15:15",mixed,https://www.facebook.com/reel/1151687735350528/,0,0,Reels,,,,,07/26/2023,0,,,,,,0,0,0,0,0,21.967,2.327
1024421082196698,100064197037125,"PC Merchandise","𝐑𝐘𝐙𝐄𝐍 𝟓 𝟑𝟒𝟎𝟎𝐆
𝐆𝐀𝐌𝐈𝐍𝐆 𝐁𝐔𝐈𝐋𝐃
#PCMERCHANDISE #PCMBUILDS",,38,"07/12/2023 15:15",mixed,https://www.facebook.com/reel/1151687735350528/,0,0,Reels,,,,,07/27/2023,0,,,,,,0,0,0,0,0,9.139,2.129
1024421082196698,100064197037125,"PC Merchandise","𝐑𝐘𝐙𝐄𝐍 𝟓 𝟑𝟒𝟎𝟎𝐆
𝐆𝐀𝐌𝐈𝐍𝐆 𝐁𝐔𝐈𝐋𝐃
#PCMERCHANDISE #PCMBUILDS",,38,"07/12/2023 15:15",mixed,https://www.facebook.com/reel/1151687735350528/,0,0,Reels,,,,,07/28/2023,0,,,,,,0,0,0,0,0,7.396,2.333
1024421082196698,100064197037125,"PC Merchandise","𝐑𝐘𝐙𝐄𝐍 𝟓 𝟑𝟒𝟎𝟎𝐆
𝐆𝐀𝐌𝐈𝐍𝐆 𝐁𝐔𝐈𝐋𝐃
#PCMERCHANDISE #PCMBUILDS",,38,"07/12/2023 15:15",mixed,https://www.facebook.com/reel/1151687735350528/,0,0,Reels,,,,,07/29/2023,0,,,,,,0,0,0,0,0,15.521,2.896
1024421082196698,100064197037125,"PC Merchandise","𝐑𝐘𝐙𝐄𝐍 𝟓 𝟑𝟒𝟎𝟎𝐆
𝐆𝐀𝐌𝐈𝐍𝐆 𝐁𝐔𝐈𝐋𝐃
#PCMERCHANDISE #PCMBUILDS",,38,"07/12/2023 15:15",mixed,https://www.facebook.com/reel/1151687735350528/,0,0,Reels,,,,,07/30/2023,0,,,,,,0,0,0,0,0,12.194,2.532
1024421082196698,100064197037125,"PC Merchandise","𝐑𝐘𝐙𝐄𝐍 𝟓 𝟑𝟒𝟎𝟎𝐆
𝐆𝐀𝐌𝐈𝐍𝐆 𝐁𝐔𝐈𝐋𝐃
#PCMERCHANDISE #PCMBUILDS",,38,"07/12/2023 15:15",mixed,https://www.facebook.com/reel/1151687735350528/,0,0,Reels,,,,,07/31/2023,0,,,,,,0,0,0,0,0,6.310,3.472
1024574395289805,100064197037125,"PC Merchandise","𝐒𝐎𝐋𝐃 𝐑𝐘𝐙𝐄𝐍 𝟓 𝟒𝟔𝟎𝟎𝐆 𝟒+𝟏 (4PCS)
𝐂𝐎𝐌𝐒𝐇𝐎𝐏 𝐏𝐀𝐂𝐊𝐀𝐆𝐄
#PCMERCHANDISE #PCMBUILDS",,0,"07/11/2023 23:00",,https://www.facebook.com/pcmerchandise.co/posts/pfbid0OA6AuE0Byt70fpRQ2DkzHoGk9sJN4J3cLsM1IxHUtiBOiCsPMPL864SB,0,0,Photos,,,,,07/31/2023,3,,,,,,,,,,,,
1024574395289805,100064197037125,"PC Merchandise","𝐒𝐎𝐋𝐃 𝐑𝐘𝐙𝐄𝐍 𝟓 𝟒𝟔𝟎𝟎𝐆 𝟒+𝟏 (4PCS)
𝐂𝐎𝐌𝐒𝐇𝐎𝐏 𝐏𝐀𝐂𝐊𝐀𝐆𝐄
#PCMERCHANDISE #PCMBUILDS",,0,"07/11/2023 23:00",,https://www.facebook.com/pcmerchandise.co/posts/pfbid0OA6AuE0Byt70fpRQ2DkzHoGk9sJN4J3cLsM1IxHUtiBOiCsPMPL864SB,0,0,Photos,,,,,07/01/2023,,,0,0,0,0,0,0,,,,,
1024574395289805,100064197037125,"PC Merchandise","𝐒𝐎𝐋𝐃 𝐑𝐘𝐙𝐄𝐍 𝟓 𝟒𝟔𝟎𝟎𝐆 𝟒+𝟏 (4PCS)
𝐂𝐎𝐌𝐒𝐇𝐎𝐏 𝐏𝐀𝐂𝐊𝐀𝐆𝐄
#PCMERCHANDISE #PCMBUILDS",,0,"07/11/2023 23:00",,https://www.facebook.com/pcmerchandise.co/posts/pfbid0OA6AuE0Byt70fpRQ2DkzHoGk9sJN4J3cLsM1IxHUtiBOiCsPMPL864SB,0,0,Photos,,,,,07/02/2023,,,0,0,0,0,0,0,,,,,
1024574395289805,100064197037125,"PC Merchandise","𝐒𝐎𝐋𝐃 𝐑𝐘𝐙𝐄𝐍 𝟓 𝟒𝟔𝟎𝟎𝐆 𝟒+𝟏 (4PCS)
𝐂𝐎𝐌𝐒𝐇𝐎𝐏 𝐏𝐀𝐂𝐊𝐀𝐆𝐄
#PCMERCHANDISE #PCMBUILDS",,0,"07/11/2023 23:00",,https://www.facebook.com/pcmerchandise.co/posts/pfbid0OA6AuE0Byt70fpRQ2DkzHoGk9sJN4J3cLsM1IxHUtiBOiCsPMPL864SB,0,0,Photos,,,,,07/03/2023,,,0,0,0,0,0,0,,,,,
1024574395289805,100064197037125,"PC Merchandise","𝐒𝐎𝐋𝐃 𝐑𝐘𝐙𝐄𝐍 𝟓 𝟒𝟔𝟎𝟎𝐆 𝟒+𝟏 (4PCS)
𝐂𝐎𝐌𝐒𝐇𝐎𝐏 𝐏𝐀𝐂𝐊𝐀𝐆𝐄
#PCMERCHANDISE #PCMBUILDS",,0,"07/11/2023 23:00",,https://www.facebook.com/pcmerchandise.co/posts/pfbid0OA6AuE0Byt70fpRQ2DkzHoGk9sJN4J3cLsM1IxHUtiBOiCsPMPL864SB,0,0,Photos,,,,,07/04/2023,,,0,0,0,0,0,0,,,,,
1024574395289805,100064197037125,"PC Merchandise","𝐒𝐎𝐋𝐃 𝐑𝐘𝐙𝐄𝐍 𝟓 𝟒𝟔𝟎𝟎𝐆 𝟒+𝟏 (4PCS)
𝐂𝐎𝐌𝐒𝐇𝐎𝐏 𝐏𝐀𝐂𝐊𝐀𝐆𝐄
#PCMERCHANDISE #PCMBUILDS",,0,"07/11/2023 23:00",,https://www.facebook.com/pcmerchandise.co/posts/pfbid0OA6AuE0Byt70fpRQ2DkzHoGk9sJN4J3cLsM1IxHUtiBOiCsPMPL864SB,0,0,Photos,,,,,07/05/2023,,,0,0,0,0,0,0,,,,,
1024574395289805,100064197037125,"PC Merchandise","𝐒𝐎𝐋𝐃 𝐑𝐘𝐙𝐄𝐍 𝟓 𝟒𝟔𝟎𝟎𝐆 𝟒+𝟏 (4PCS)
𝐂𝐎𝐌𝐒𝐇𝐎𝐏 𝐏𝐀𝐂𝐊𝐀𝐆𝐄
#PCMERCHANDISE #PCMBUILDS",,0,"07/11/2023 23:00",,https://www.facebook.com/pcmerchandise.co/posts/pfbid0OA6AuE0Byt70fpRQ2DkzHoGk9sJN4J3cLsM1IxHUtiBOiCsPMPL864SB,0,0,Photos,,,,,07/06/2023,,,0,0,0,0,0,0,,,,,
1024574395289805,100064197037125,"PC Merchandise","𝐒𝐎𝐋𝐃 𝐑𝐘𝐙𝐄𝐍 𝟓 𝟒𝟔𝟎𝟎𝐆 𝟒+𝟏 (4PCS)
𝐂𝐎𝐌𝐒𝐇𝐎𝐏 𝐏𝐀𝐂𝐊𝐀𝐆𝐄
#PCMERCHANDISE #PCMBUILDS",,0,"07/11/2023 23:00",,https://www.facebook.com/pcmerchandise.co/posts/pfbid0OA6AuE0Byt70fpRQ2DkzHoGk9sJN4J3cLsM1IxHUtiBOiCsPMPL864SB,0,0,Photos,,,,,07/07/2023,,,0,0,0,0,0,0,,,,,
1024574395289805,100064197037125,"PC Merchandise","𝐒𝐎𝐋𝐃 𝐑𝐘𝐙𝐄𝐍 𝟓 𝟒𝟔𝟎𝟎𝐆 𝟒+𝟏 (4PCS)
𝐂𝐎𝐌𝐒𝐇𝐎𝐏 𝐏𝐀𝐂𝐊𝐀𝐆𝐄
#PCMERCHANDISE #PCMBUILDS",,0,"07/11/2023 23:00",,https://www.facebook.com/pcmerchandise.co/posts/pfbid0OA6AuE0Byt70fpRQ2DkzHoGk9sJN4J3cLsM1IxHUtiBOiCsPMPL864SB,0,0,Photos,,,,,07/08/2023,,,0,0,0,0,0,0,,,,,
1024574395289805,100064197037125,"PC Merchandise","𝐒𝐎𝐋𝐃 𝐑𝐘𝐙𝐄𝐍 𝟓 𝟒𝟔𝟎𝟎𝐆 𝟒+𝟏 (4PCS)
𝐂𝐎𝐌𝐒𝐇𝐎𝐏 𝐏𝐀𝐂𝐊𝐀𝐆𝐄
#PCMERCHANDISE #PCMBUILDS",,0,"07/11/2023 23:00",,https://www.facebook.com/pcmerchandise.co/posts/pfbid0OA6AuE0Byt70fpRQ2DkzHoGk9sJN4J3cLsM1IxHUtiBOiCsPMPL864SB,0,0,Photos,,,,,07/09/2023,,,0,0,0,0,0,0,,,,,
1024574395289805,100064197037125,"PC Merchandise","𝐒𝐎𝐋𝐃 𝐑𝐘𝐙𝐄𝐍 𝟓 𝟒𝟔𝟎𝟎𝐆 𝟒+𝟏 (4PCS)
𝐂𝐎𝐌𝐒𝐇𝐎𝐏 𝐏𝐀𝐂𝐊𝐀𝐆𝐄
#PCMERCHANDISE #PCMBUILDS",,0,"07/11/2023 23:00",,https://www.facebook.com/pcmerchandise.co/posts/pfbid0OA6AuE0Byt70fpRQ2DkzHoGk9sJN4J3cLsM1IxHUtiBOiCsPMPL864SB,0,0,Photos,,,,,07/10/2023,,,0,0,0,0,0,0,,,,,
1024574395289805,100064197037125,"PC Merchandise","𝐒𝐎𝐋𝐃 𝐑𝐘𝐙𝐄𝐍 𝟓 𝟒𝟔𝟎𝟎𝐆 𝟒+𝟏 (4PCS)
𝐂𝐎𝐌𝐒𝐇𝐎𝐏 𝐏𝐀𝐂𝐊𝐀𝐆𝐄
#PCMERCHANDISE #PCMBUILDS",,0,"07/11/2023 23:00",,https://www.facebook.com/pcmerchandise.co/posts/pfbid0OA6AuE0Byt70fpRQ2DkzHoGk9sJN4J3cLsM1IxHUtiBOiCsPMPL864SB,0,0,Photos,,,,,07/11/2023,,,0,0,0,0,0,0,,,,,
1024574395289805,100064197037125,"PC Merchandise","𝐒𝐎𝐋𝐃 𝐑𝐘𝐙𝐄𝐍 𝟓 𝟒𝟔𝟎𝟎𝐆 𝟒+𝟏 (4PCS)
𝐂𝐎𝐌𝐒𝐇𝐎𝐏 𝐏𝐀𝐂𝐊𝐀𝐆𝐄
#PCMERCHANDISE #PCMBUILDS",,0,"07/11/2023 23:00",,https://www.facebook.com/pcmerchandise.co/posts/pfbid0OA6AuE0Byt70fpRQ2DkzHoGk9sJN4J3cLsM1IxHUtiBOiCsPMPL864SB,0,0,Photos,,,,,07/12/2023,,,0,0,0,0,0,0,,,,,
1024574395289805,100064197037125,"PC Merchandise","𝐒𝐎𝐋𝐃 𝐑𝐘𝐙𝐄𝐍 𝟓 𝟒𝟔𝟎𝟎𝐆 𝟒+𝟏 (4PCS)
𝐂𝐎𝐌𝐒𝐇𝐎𝐏 𝐏𝐀𝐂𝐊𝐀𝐆𝐄
#PCMERCHANDISE #PCMBUILDS",,0,"07/11/2023 23:00",,https://www.facebook.com/pcmerchandise.co/posts/pfbid0OA6AuE0Byt70fpRQ2DkzHoGk9sJN4J3cLsM1IxHUtiBOiCsPMPL864SB,0,0,Photos,,,,,07/13/2023,,,0,0,0,0,0,0,,,,,
1024574395289805,100064197037125,"PC Merchandise","𝐒𝐎𝐋𝐃 𝐑𝐘𝐙𝐄𝐍 𝟓 𝟒𝟔𝟎𝟎𝐆 𝟒+𝟏 (4PCS)
𝐂𝐎𝐌𝐒𝐇𝐎𝐏 𝐏𝐀𝐂𝐊𝐀𝐆𝐄
#PCMERCHANDISE #PCMBUILDS",,0,"07/11/2023 23:00",,https://www.facebook.com/pcmerchandise.co/posts/pfbid0OA6AuE0Byt70fpRQ2DkzHoGk9sJN4J3cLsM1IxHUtiBOiCsPMPL864SB,0,0,Photos,,,,,07/14/2023,,,0,0,0,0,0,0,,,,,
1024574395289805,100064197037125,"PC Merchandise","𝐒𝐎𝐋𝐃 𝐑𝐘𝐙𝐄𝐍 𝟓 𝟒𝟔𝟎𝟎𝐆 𝟒+𝟏 (4PCS)
𝐂𝐎𝐌𝐒𝐇𝐎𝐏 𝐏𝐀𝐂𝐊𝐀𝐆𝐄
#PCMERCHANDISE #PCMBUILDS",,0,"07/11/2023 23:00",,https://www.facebook.com/pcmerchandise.co/posts/pfbid0OA6AuE0Byt70fpRQ2DkzHoGk9sJN4J3cLsM1IxHUtiBOiCsPMPL864SB,0,0,Photos,,,,,07/15/2023,,,0,0,0,0,0,0,,,,,
1024574395289805,100064197037125,"PC Merchandise","𝐒𝐎𝐋𝐃 𝐑𝐘𝐙𝐄𝐍 𝟓 𝟒𝟔𝟎𝟎𝐆 𝟒+𝟏 (4PCS)
𝐂𝐎𝐌𝐒𝐇𝐎𝐏 𝐏𝐀𝐂𝐊𝐀𝐆𝐄
#PCMERCHANDISE #PCMBUILDS",,0,"07/11/2023 23:00",,https://www.facebook.com/pcmerchandise.co/posts/pfbid0OA6AuE0Byt70fpRQ2DkzHoGk9sJN4J3cLsM1IxHUtiBOiCsPMPL864SB,0,0,Photos,,,,,07/16/2023,,,0,0,0,0,0,0,,,,,
1024574395289805,100064197037125,"PC Merchandise","𝐒𝐎𝐋𝐃 𝐑𝐘𝐙𝐄𝐍 𝟓 𝟒𝟔𝟎𝟎𝐆 𝟒+𝟏 (4PCS)
𝐂𝐎𝐌𝐒𝐇𝐎𝐏 𝐏𝐀𝐂𝐊𝐀𝐆𝐄
#PCMERCHANDISE #PCMBUILDS",,0,"07/11/2023 23:00",,https://www.facebook.com/pcmerchandise.co/posts/pfbid0OA6AuE0Byt70fpRQ2DkzHoGk9sJN4J3cLsM1IxHUtiBOiCsPMPL864SB,0,0,Photos,,,,,07/17/2023,,,0,0,0,0,0,0,,,,,
1024574395289805,100064197037125,"PC Merchandise","𝐒𝐎𝐋𝐃 𝐑𝐘𝐙𝐄𝐍 𝟓 𝟒𝟔𝟎𝟎𝐆 𝟒+𝟏 (4PCS)
𝐂𝐎𝐌𝐒𝐇𝐎𝐏 𝐏𝐀𝐂𝐊𝐀𝐆𝐄
#PCMERCHANDISE #PCMBUILDS",,0,"07/11/2023 23:00",,https://www.facebook.com/pcmerchandise.co/posts/pfbid0OA6AuE0Byt70fpRQ2DkzHoGk9sJN4J3cLsM1IxHUtiBOiCsPMPL864SB,0,0,Photos,,,,,07/18/2023,,,0,0,0,0,0,0,,,,,
1024574395289805,100064197037125,"PC Merchandise","𝐒𝐎𝐋𝐃 𝐑𝐘𝐙𝐄𝐍 𝟓 𝟒𝟔𝟎𝟎𝐆 𝟒+𝟏 (4PCS)
𝐂𝐎𝐌𝐒𝐇𝐎𝐏 𝐏𝐀𝐂𝐊𝐀𝐆𝐄
#PCMERCHANDISE #PCMBUILDS",,0,"07/11/2023 23:00",,https://www.facebook.com/pcmerchandise.co/posts/pfbid0OA6AuE0Byt70fpRQ2DkzHoGk9sJN4J3cLsM1IxHUtiBOiCsPMPL864SB,0,0,Photos,,,,,07/19/2023,,,0,0,0,0,0,0,,,,,
1024574395289805,100064197037125,"PC Merchandise","𝐒𝐎𝐋𝐃 𝐑𝐘𝐙𝐄𝐍 𝟓 𝟒𝟔𝟎𝟎𝐆 𝟒+𝟏 (4PCS)
𝐂𝐎𝐌𝐒𝐇𝐎𝐏 𝐏𝐀𝐂𝐊𝐀𝐆𝐄
#PCMERCHANDISE #PCMBUILDS",,0,"07/11/2023 23:00",,https://www.facebook.com/pcmerchandise.co/posts/pfbid0OA6AuE0Byt70fpRQ2DkzHoGk9sJN4J3cLsM1IxHUtiBOiCsPMPL864SB,0,0,Photos,,,,,07/20/2023,,,0,0,0,0,0,0,,,,,
1024574395289805,100064197037125,"PC Merchandise","𝐒𝐎𝐋𝐃 𝐑𝐘𝐙𝐄𝐍 𝟓 𝟒𝟔𝟎𝟎𝐆 𝟒+𝟏 (4PCS)
𝐂𝐎𝐌𝐒𝐇𝐎𝐏 𝐏𝐀𝐂𝐊𝐀𝐆𝐄
#PCMERCHANDISE #PCMBUILDS",,0,"07/11/2023 23:00",,https://www.facebook.com/pcmerchandise.co/posts/pfbid0OA6AuE0Byt70fpRQ2DkzHoGk9sJN4J3cLsM1IxHUtiBOiCsPMPL864SB,0,0,Photos,,,,,07/21/2023,,,0,0,0,0,0,0,,,,,
1024574395289805,100064197037125,"PC Merchandise","𝐒𝐎𝐋𝐃 𝐑𝐘𝐙𝐄𝐍 𝟓 𝟒𝟔𝟎𝟎𝐆 𝟒+𝟏 (4PCS)
𝐂𝐎𝐌𝐒𝐇𝐎𝐏 𝐏𝐀𝐂𝐊𝐀𝐆𝐄
#PCMERCHANDISE #PCMBUILDS",,0,"07/11/2023 23:00",,https://www.facebook.com/pcmerchandise.co/posts/pfbid0OA6AuE0Byt70fpRQ2DkzHoGk9sJN4J3cLsM1IxHUtiBOiCsPMPL864SB,0,0,Photos,,,,,07/22/2023,,,0,0,0,0,0,0,,,,,
1024574395289805,100064197037125,"PC Merchandise","𝐒𝐎𝐋𝐃 𝐑𝐘𝐙𝐄𝐍 𝟓 𝟒𝟔𝟎𝟎𝐆 𝟒+𝟏 (4PCS)
𝐂𝐎𝐌𝐒𝐇𝐎𝐏 𝐏𝐀𝐂𝐊𝐀𝐆𝐄
#PCMERCHANDISE #PCMBUILDS",,0,"07/11/2023 23:00",,https://www.facebook.com/pcmerchandise.co/posts/pfbid0OA6AuE0Byt70fpRQ2DkzHoGk9sJN4J3cLsM1IxHUtiBOiCsPMPL864SB,0,0,Photos,,,,,07/23/2023,,,0,0,0,0,0,0,,,,,
1024574395289805,100064197037125,"PC Merchandise","𝐒𝐎𝐋𝐃 𝐑𝐘𝐙𝐄𝐍 𝟓 𝟒𝟔𝟎𝟎𝐆 𝟒+𝟏 (4PCS)
𝐂𝐎𝐌𝐒𝐇𝐎𝐏 𝐏𝐀𝐂𝐊𝐀𝐆𝐄
#PCMERCHANDISE #PCMBUILDS",,0,"07/11/2023 23:00",,https://www.facebook.com/pcmerchandise.co/posts/pfbid0OA6AuE0Byt70fpRQ2DkzHoGk9sJN4J3cLsM1IxHUtiBOiCsPMPL864SB,0,0,Photos,,,,,07/24/2023,,,0,0,0,0,0,0,,,,,
1024574395289805,100064197037125,"PC Merchandise","𝐒𝐎𝐋𝐃 𝐑𝐘𝐙𝐄𝐍 𝟓 𝟒𝟔𝟎𝟎𝐆 𝟒+𝟏 (4PCS)
𝐂𝐎𝐌𝐒𝐇𝐎𝐏 𝐏𝐀𝐂𝐊𝐀𝐆𝐄
#PCMERCHANDISE #PCMBUILDS",,0,"07/11/2023 23:00",,https://www.facebook.com/pcmerchandise.co/posts/pfbid0OA6AuE0Byt70fpRQ2DkzHoGk9sJN4J3cLsM1IxHUtiBOiCsPMPL864SB,0,0,Photos,,,,,07/25/2023,,,0,0,0,0,0,0,,,,,
1024574395289805,100064197037125,"PC Merchandise","𝐒𝐎𝐋𝐃 𝐑𝐘𝐙𝐄𝐍 𝟓 𝟒𝟔𝟎𝟎𝐆 𝟒+𝟏 (4PCS)
𝐂𝐎𝐌𝐒𝐇𝐎𝐏 𝐏𝐀𝐂𝐊𝐀𝐆𝐄
#PCMERCHANDISE #PCMBUILDS",,0,"07/11/2023 23:00",,https://www.facebook.com/pcmerchandise.co/posts/pfbid0OA6AuE0Byt70fpRQ2DkzHoGk9sJN4J3cLsM1IxHUtiBOiCsPMPL864SB,0,0,Photos,,,,,07/26/2023,,,0,0,0,0,0,0,,,,,
1024574395289805,100064197037125,"PC Merchandise","𝐒𝐎𝐋𝐃 𝐑𝐘𝐙𝐄𝐍 𝟓 𝟒𝟔𝟎𝟎𝐆 𝟒+𝟏 (4PCS)
𝐂𝐎𝐌𝐒𝐇𝐎𝐏 𝐏𝐀𝐂𝐊𝐀𝐆𝐄
#PCMERCHANDISE #PCMBUILDS",,0,"07/11/2023 23:00",,https://www.facebook.com/pcmerchandise.co/posts/pfbid0OA6AuE0Byt70fpRQ2DkzHoGk9sJN4J3cLsM1IxHUtiBOiCsPMPL864SB,0,0,Photos,,,,,07/27/2023,,,0,0,0,0,0,0,,,,,
1024574395289805,100064197037125,"PC Merchandise","𝐒𝐎𝐋𝐃 𝐑𝐘𝐙𝐄𝐍 𝟓 𝟒𝟔𝟎𝟎𝐆 𝟒+𝟏 (4PCS)
𝐂𝐎𝐌𝐒𝐇𝐎𝐏 𝐏𝐀𝐂𝐊𝐀𝐆𝐄
#PCMERCHANDISE #PCMBUILDS",,0,"07/11/2023 23:00",,https://www.facebook.com/pcmerchandise.co/posts/pfbid0OA6AuE0Byt70fpRQ2DkzHoGk9sJN4J3cLsM1IxHUtiBOiCsPMPL864SB,0,0,Photos,,,,,07/28/2023,,,0,0,0,0,0,0,,,,,
1024574395289805,100064197037125,"PC Merchandise","𝐒𝐎𝐋𝐃 𝐑𝐘𝐙𝐄𝐍 𝟓 𝟒𝟔𝟎𝟎𝐆 𝟒+𝟏 (4PCS)
𝐂𝐎𝐌𝐒𝐇𝐎𝐏 𝐏𝐀𝐂𝐊𝐀𝐆𝐄
#PCMERCHANDISE #PCMBUILDS",,0,"07/11/2023 23:00",,https://www.facebook.com/pcmerchandise.co/posts/pfbid0OA6AuE0Byt70fpRQ2DkzHoGk9sJN4J3cLsM1IxHUtiBOiCsPMPL864SB,0,0,Photos,,,,,07/29/2023,,,0,0,0,0,0,0,,,,,
1024574395289805,100064197037125,"PC Merchandise","𝐒𝐎𝐋𝐃 𝐑𝐘𝐙𝐄𝐍 𝟓 𝟒𝟔𝟎𝟎𝐆 𝟒+𝟏 (4PCS)
𝐂𝐎𝐌𝐒𝐇𝐎𝐏 𝐏𝐀𝐂𝐊𝐀𝐆𝐄
#PCMERCHANDISE #PCMBUILDS",,0,"07/11/2023 23:00",,https://www.facebook.com/pcmerchandise.co/posts/pfbid0OA6AuE0Byt70fpRQ2DkzHoGk9sJN4J3cLsM1IxHUtiBOiCsPMPL864SB,0,0,Photos,,,,,07/30/2023,,,0,0,0,0,0,0,,,,,
1024574395289805,100064197037125,"PC Merchandise","𝐒𝐎𝐋𝐃 𝐑𝐘𝐙𝐄𝐍 𝟓 𝟒𝟔𝟎𝟎𝐆 𝟒+𝟏 (4PCS)
𝐂𝐎𝐌𝐒𝐇𝐎𝐏 𝐏𝐀𝐂𝐊𝐀𝐆𝐄
#PCMERCHANDISE #PCMBUILDS",,0,"07/11/2023 23:00",,https://www.facebook.com/pcmerchandise.co/posts/pfbid0OA6AuE0Byt70fpRQ2DkzHoGk9sJN4J3cLsM1IxHUtiBOiCsPMPL864SB,0,0,Photos,,,,,07/31/2023,,,0,0,0,0,0,0,,,,,
1024779054088168,100064197037125,"PC Merchandise","Sulit na sulit! RYZEN 5 3400G package, ready for pickup or shipping nationwide 🚚",,67,"07/11/2023 20:36",,https://www.facebook.com/reel/1467885222400092/,0,1,Reels,,,,,07/01/2023,0,,,,,,0,0,0,0,0,0.000,6.982
1024779054088168,100064197037125,"PC Merchandise","Sulit na sulit! RYZEN 5 3400G package, ready for pickup or shipping nationwide 🚚",,67,"07/11/2023 20:36",,https://www.facebook.com/reel/1467885222400092/,0,1,Reels,,,,,07/02/2023,0,,,,,,0,0,0,0,0,0.000,4.841
1024779054088168,100064197037125,"PC Merchandise","Sulit na sulit! RYZEN 5 3400G package, ready for pickup or shipping nationwide 🚚",,67,"07/11/2023 20:36",,https://www.facebook.com/reel/1467885222400092/,0,1,Reels,,,,,07/03/2023,0,,,,,,0,0,0,0,0,0.000,6.424
1024779054088168,100064197037125,"PC Merchandise","Sulit na sulit! RYZEN 5 3400G package, ready for pickup or shipping nationwide 🚚",,67,"07/11/2023 20:36",,https://www.facebook.com/reel/1467885222400092/,0,1,Reels,,,,,07/04/2023,0,,,,,,0,0,0,0,0,0.000,6.575
1024779054088168,100064197037125,"PC Merchandise","Sulit na sulit! RYZEN 5 3400G package, ready for pickup or shipping nationwide 🚚",,67,"07/11/2023 20:36",,https://www.facebook.com/reel/1467885222400092/,0,1,Reels,,,,,07/05/2023,0,,,,,,0,0,0,0,0,0.000,5.933
1024779054088168,100064197037125,"PC Merchandise","Sulit na sulit! RYZEN 5 3400G package, ready for pickup or shipping nationwide 🚚",,67,"07/11/2023 20:36",,https://www.facebook.com/reel/1467885222400092/,0,1,Reels,,,,,07/06/2023,0,,,,,,0,0,0,0,0,0.000,5.519
1024779054088168,100064197037125,"PC Merchandise","Sulit na sulit! RYZEN 5 3400G package, ready for pickup or shipping nationwide 🚚",,67,"07/11/2023 20:36",,https://www.facebook.com/reel/1467885222400092/,0,1,Reels,,,,,07/07/2023,0,,,,,,0,0,0,0,0,0.000,5.417
1024779054088168,100064197037125,"PC Merchandise","Sulit na sulit! RYZEN 5 3400G package, ready for pickup or shipping nationwide 🚚",,67,"07/11/2023 20:36",,https://www.facebook.com/reel/1467885222400092/,0,1,Reels,,,,,07/08/2023,0,,,,,,0,0,0,0,0,0.000,6.225
1024779054088168,100064197037125,"PC Merchandise","Sulit na sulit! RYZEN 5 3400G package, ready for pickup or shipping nationwide 🚚",,67,"07/11/2023 20:36",,https://www.facebook.com/reel/1467885222400092/,0,1,Reels,,,,,07/09/2023,0,,,,,,0,0,0,0,0,0.000,5.988
1024779054088168,100064197037125,"PC Merchandise","Sulit na sulit! RYZEN 5 3400G package, ready for pickup or shipping nationwide 🚚",,67,"07/11/2023 20:36",,https://www.facebook.com/reel/1467885222400092/,0,1,Reels,,,,,07/10/2023,0,,,,,,0,0,0,0,0,0.000,5.536
1024779054088168,100064197037125,"PC Merchandise","Sulit na sulit! RYZEN 5 3400G package, ready for pickup or shipping nationwide 🚚",,67,"07/11/2023 20:36",,https://www.facebook.com/reel/1467885222400092/,0,1,Reels,,,,,07/11/2023,0,,,,,,0,0,1,0,1,65.472,5.643
1024779054088168,100064197037125,"PC Merchandise","Sulit na sulit! RYZEN 5 3400G package, ready for pickup or shipping nationwide 🚚",,67,"07/11/2023 20:36",,https://www.facebook.com/reel/1467885222400092/,0,1,Reels,,,,,07/12/2023,0,,,,,,0,0,0,0,0,29.194,7.173
1024779054088168,100064197037125,"PC Merchandise","Sulit na sulit! RYZEN 5 3400G package, ready for pickup or shipping nationwide 🚚",,67,"07/11/2023 20:36",,https://www.facebook.com/reel/1467885222400092/,0,1,Reels,,,,,07/13/2023,0,,,,,,0,0,0,0,0,38.034,7.075
1024779054088168,100064197037125,"PC Merchandise","Sulit na sulit! RYZEN 5 3400G package, ready for pickup or shipping nationwide 🚚",,67,"07/11/2023 20:36",,https://www.facebook.com/reel/1467885222400092/,0,1,Reels,,,,,07/14/2023,0,,,,,,0,0,0,0,0,17.315,7.475
1024779054088168,100064197037125,"PC Merchandise","Sulit na sulit! RYZEN 5 3400G package, ready for pickup or shipping nationwide 🚚",,67,"07/11/2023 20:36",,https://www.facebook.com/reel/1467885222400092/,0,1,Reels,,,,,07/15/2023,0,,,,,,0,0,0,0,0,19.195,4.946
1024779054088168,100064197037125,"PC Merchandise","Sulit na sulit! RYZEN 5 3400G package, ready for pickup or shipping nationwide 🚚",,67,"07/11/2023 20:36",,https://www.facebook.com/reel/1467885222400092/,0,1,Reels,,,,,07/16/2023,0,,,,,,0,0,0,0,0,17.554,5.224
1024779054088168,100064197037125,"PC Merchandise","Sulit na sulit! RYZEN 5 3400G package, ready for pickup or shipping nationwide 🚚",,67,"07/11/2023 20:36",,https://www.facebook.com/reel/1467885222400092/,0,1,Reels,,,,,07/17/2023,0,,,,,,0,0,0,0,0,7.784,5.390
1024779054088168,100064197037125,"PC Merchandise","Sulit na sulit! RYZEN 5 3400G package, ready for pickup or shipping nationwide 🚚",,67,"07/11/2023 20:36",,https://www.facebook.com/reel/1467885222400092/,0,1,Reels,,,,,07/18/2023,0,,,,,,0,0,0,0,0,4.596,5.854
1024779054088168,100064197037125,"PC Merchandise","Sulit na sulit! RYZEN 5 3400G package, ready for pickup or shipping nationwide 🚚",,67,"07/11/2023 20:36",,https://www.facebook.com/reel/1467885222400092/,0,1,Reels,,,,,07/19/2023,0,,,,,,0,0,0,0,0,5.399,6.270
1024779054088168,100064197037125,"PC Merchandise","Sulit na sulit! RYZEN 5 3400G package, ready for pickup or shipping nationwide 🚚",,67,"07/11/2023 20:36",,https://www.facebook.com/reel/1467885222400092/,0,1,Reels,,,,,07/20/2023,0,,,,,,0,0,1,1,0,5.609,5.463
1024779054088168,100064197037125,"PC Merchandise","Sulit na sulit! RYZEN 5 3400G package, ready for pickup or shipping nationwide 🚚",,67,"07/11/2023 20:36",,https://www.facebook.com/reel/1467885222400092/,0,1,Reels,,,,,07/21/2023,0,,,,,,0,0,0,0,0,5.162,6.139
1024779054088168,100064197037125,"PC Merchandise","Sulit na sulit! RYZEN 5 3400G package, ready for pickup or shipping nationwide 🚚",,67,"07/11/2023 20:36",,https://www.facebook.com/reel/1467885222400092/,0,1,Reels,,,,,07/22/2023,0,,,,,,0,0,0,0,0,3.924,3.818
1024779054088168,100064197037125,"PC Merchandise","Sulit na sulit! RYZEN 5 3400G package, ready for pickup or shipping nationwide 🚚",,67,"07/11/2023 20:36",,https://www.facebook.com/reel/1467885222400092/,0,1,Reels,,,,,07/23/2023,0,,,,,,0,0,0,0,0,4.617,5.200
1024779054088168,100064197037125,"PC Merchandise","Sulit na sulit! RYZEN 5 3400G package, ready for pickup or shipping nationwide 🚚",,67,"07/11/2023 20:36",,https://www.facebook.com/reel/1467885222400092/,0,1,Reels,,,,,07/24/2023,0,,,,,,0,0,0,0,0,4.922,5.847
1024779054088168,100064197037125,"PC Merchandise","Sulit na sulit! RYZEN 5 3400G package, ready for pickup or shipping nationwide 🚚",,67,"07/11/2023 20:36",,https://www.facebook.com/reel/1467885222400092/,0,1,Reels,,,,,07/25/2023,0,,,,,,0,0,1,0,1,5.997,4.569
1024779054088168,100064197037125,"PC Merchandise","Sulit na sulit! RYZEN 5 3400G package, ready for pickup or shipping nationwide 🚚",,67,"07/11/2023 20:36",,https://www.facebook.com/reel/1467885222400092/,0,1,Reels,,,,,07/26/2023,0,,,,,,0,0,0,0,0,2.827,4.961
1024779054088168,100064197037125,"PC Merchandise","Sulit na sulit! RYZEN 5 3400G package, ready for pickup or shipping nationwide 🚚",,67,"07/11/2023 20:36",,https://www.facebook.com/reel/1467885222400092/,0,1,Reels,,,,,07/27/2023,0,,,,,,0,0,0,0,0,4.648,4.718
1024779054088168,100064197037125,"PC Merchandise","Sulit na sulit! RYZEN 5 3400G package, ready for pickup or shipping nationwide 🚚",,67,"07/11/2023 20:36",,https://www.facebook.com/reel/1467885222400092/,0,1,Reels,,,,,07/28/2023,0,,,,,,0,0,0,0,0,4.323,5.689
1024779054088168,100064197037125,"PC Merchandise","Sulit na sulit! RYZEN 5 3400G package, ready for pickup or shipping nationwide 🚚",,67,"07/11/2023 20:36",,https://www.facebook.com/reel/1467885222400092/,0,1,Reels,,,,,07/29/2023,0,,,,,,0,0,0,0,0,2.279,7.058
1024779054088168,100064197037125,"PC Merchandise","Sulit na sulit! RYZEN 5 3400G package, ready for pickup or shipping nationwide 🚚",,67,"07/11/2023 20:36",,https://www.facebook.com/reel/1467885222400092/,0,1,Reels,,,,,07/30/2023,0,,,,,,0,0,0,0,0,4.151,5.822
1024779054088168,100064197037125,"PC Merchandise","Sulit na sulit! RYZEN 5 3400G package, ready for pickup or shipping nationwide 🚚",,67,"07/11/2023 20:36",,https://www.facebook.com/reel/1467885222400092/,0,1,Reels,,,,,07/31/2023,0,,,,,,0,0,0,0,0,3.691,7.329
1024806845151135,100064197037125,"PC Merchandise","UNBOXING: RX 6600 fresh stock just arrived! 📦",,0,"07/10/2023 19:30",,https://www.facebook.com/pcmerchandise.co/posts/pfbid0pDOsLTTVN98O0OZXRWGrVmPnu1SWj29imFbsUaZecAYO2A9dO2RyGZDh,0,0,Photos,,,,,07/31/2023,2,,,,,,,,,,,,
1024806845151135,100064197037125,"PC Merchandise","UNBOXING: RX 6600 fresh stock just arrived! 📦",,0,"07/10/2023 19:30",,https://www.facebook.com/pcmerchandise.co/posts/pfbid0pDOsLTTVN98O0OZXRWGrVmPnu1SWj29imFbsUaZecAYO2A9dO2RyGZDh,0,0,Photos,,,,,07/01/2023,,,0,0,0,0,0,0,,,,,
1024806845151135,100064197037125,"PC Merchandise","UNBOXING: RX 6600 fresh stock just arrived! 📦",,0,"07/10/2023 19:30",,https://www.facebook.com/pcmerchandise.co/posts/pfbid0pDOsLTTVN98O0OZXRWGrVmPnu1SWj29imFbsUaZecAYO2A9dO2RyGZDh,0,0,Photos,,,,,07/02/2023,,,0,0,0,0,0,0,,,,,
1024806845151135,100064197037125,"PC Merchandise","UNBOXING: RX 6600 fresh stock just arrived! 📦",,0,"07/10/2023 19:30",,https://www.facebook.com/pcmerchandise.co/posts/pfbid0pDOsLTTVN98O0OZXRWGrVmPnu1SWj29imFbsUaZecAYO2A9dO2RyGZDh,0,0,Photos,,,,,07/03/2023,,,0,0,0,0,0,0,,,,,
1024806845151135,100064197037125,"PC Merchandise","UNBOXING: RX 6600 fresh stock just arrived! 📦",,0,"07/10/2023 19:30",,https://www.facebook.com/pcmerchandise.co/posts/pfbid0pDOsLTTVN98O0OZXRWGrVmPnu1SWj29imFbsUaZecAYO2A9dO2RyGZDh,0,0,Photos,,,,,07/04/2023,,,0,0,0,0,0,0,,,,,
1024806845151135,100064197037125,"PC Merchandise","UNBOXING: RX 6600 fresh stock just arrived! 📦",,0,"07/10/2023 19:30",,https://www.facebook.com/pcmerchandise.co/posts/pfbid0pDOsLTTVN98O0OZXRWGrVmPnu1SWj29imFbsUaZecAYO2A9dO2RyGZDh,0,0,Photos,,,,,07/05/2023,,,0,0,0,0,0,0,,,,,
1024806845151135,100064197037125,"PC Merchandise","UNBOXING: RX 6600 fresh stock just arrived! 📦",,0,"07/10/2023 19:30",,https://www.facebook.com/pcmerchandise.co/posts/pfbid0pDOsLTTVN98O0OZXRWGrVmPnu1SWj29imFbsUaZecAYO2A9dO2RyGZDh,0,0,Photos,,,,,07/06/2023,,,0,0,0,0,0,0,,,,,
1024806845151135,100064197037125,"PC Merchandise","UNBOXING: RX 6600 fresh stock just arrived! 📦",,0,"07/10/2023 19:30",,https://www.facebook.com/pcmerchandise.co/posts/pfbid0pDOsLTTVN98O0OZXRWGrVmPnu1SWj29imFbsUaZecAYO2A9dO2RyGZDh,0,0,Photos,,,,,07/07/2023,,,0,0,0,0,0,0,,,,,
1024806845151135,100064197037125,"PC Merchandise","UNBOXING: RX 6600 fresh stock just arrived! 📦",,0,"07/10/2023 19:30",,https://www.facebook.com/pcmerchandise.co/posts/pfbid0pDOsLTTVN98O0OZXRWGrVmPnu1SWj29imFbsUaZecAYO2A9dO2RyGZDh,0,0,Photos,,,,,07/08/2023,,,0,0,0,0,0,0,,,,,
1024806845151135,100064197037125,"PC Merchandise","UNBOXING: RX 6600 fresh stock just arrived! 📦",,0,"07/10/2023 19:30",,https://www.facebook.com/pcmerchandise.co/posts/pfbid0pDOsLTTVN98O0OZXRWGrVmPnu1SWj29imFbsUaZecAYO2A9dO2RyGZDh,0,0,Photos,,,,,07/09/2023,,,0,0,0,0,0,0,,,,,
1024806845151135,100064197037125,"PC Merchandise","UNBOXING: RX 6600 fresh stock just arrived! 📦",,0,"07/10/2023 19:30",,https://www.facebook.com/pcmerchandise.co/posts/pfbid0pDOsLTTVN98O0OZXRWGrVmPnu1SWj29imFbsUaZecAYO2A9dO2RyGZDh,0,0,Photos,,,,,07/10/2023,,,0,0,0,0,0,0,,,,,
1024806845151135,100064197037125,"PC Merchandise","UNBOXING: RX 6600 fresh stock just arrived! 📦",,0,"07/10/2023 19:30",,https://www.facebook.com/pcmerchandise.co/posts/pfbid0pDOsLTTVN98O0OZXRWGrVmPnu1SWj29imFbsUaZecAYO2A9dO2RyGZDh,0,0,Photos,,,,,07/11/2023,,,0,0,0,0,0,0,,,,,
1024806845151135,100064197037125,"PC Merchandise","UNBOXING: RX 6600 fresh stock just arrived! 📦",,0,"07/10/2023 19:30",,https://www.facebook.com/pcmerchandise.co/posts/pfbid0pDOsLTTVN98O0OZXRWGrVmPnu1SWj29imFbsUaZecAYO2A9dO2RyGZDh,0,0,Photos,,,,,07/12/2023,,,0,0,0,0,0,0,,,,,
1024806845151135,100064197037125,"PC Merchandise","UNBOXING: RX 6600 fresh stock just arrived! 📦",,0,"07/10/2023 19:30",,https://www.facebook.com/pcmerchandise.co/posts/pfbid0pDOsLTTVN98O0OZXRWGrVmPnu1SWj29imFbsUaZecAYO2A9dO2RyGZDh,0,0,Photos,,,,,07/13/2023,,,0,0,0,0,0,0,,,,,
1024806845151135,100064197037125,"PC Merchandise","UNBOXING: RX 6600 fresh stock just arrived! 📦",,0,"07/10/2023 19:30",,https://www.facebook.com/pcmerchandise.co/posts/pfbid0pDOsLTTVN98O0OZXRWGrVmPnu1SWj29imFbsUaZecAYO2A9dO2RyGZDh,0,0,Photos,,,,,07/14/2023,,,0,0,0,0,0,0,,,,,
1024806845151135,100064197037125,"PC Merchandise","UNBOXING: RX 6600 fresh stock just arrived! 📦",,0,"07/10/2023 19:30",,https://www.facebook.com/pcmerchandise.co/posts/pfbid0pDOsLTTVN98O0OZXRWGrVmPnu1SWj29imFbsUaZecAYO2A9dO2RyGZDh,0,0,Photos,,,,,07/15/2023,,,0,0,0,0,0,0,,,,,
1024806845151135,100064197037125,"PC Merchandise","UNBOXING: RX 6600 fresh stock just arrived! 📦",,0,"07/10/2023 19:30",,https://www.facebook.com/pcmerchandise.co/posts/pfbid0pDOsLTTVN98O0OZXRWGrVmPnu1SWj29imFbsUaZecAYO2A9dO2RyGZDh,0,0,Photos,,,,,07/16/2023,,,0,0,0,0,0,0,,,,,
1024806845151135,100064197037125,"PC Merchandise","UNBOXING: RX 6600 fresh stock just arrived! 📦",,0,"07/10/2023 19:30",,https://www.facebook.com/pcmerchandise.co/posts/pfbid0pDOsLTTVN98O0OZXRWGrVmPnu1SWj29imFbsUaZecAYO2A9dO2RyGZDh,0,0,Photos,,,,,07/17/2023,,,0,0,0,0,0,0,,,,,
1024806845151135,100064197037125,"PC Merchandise","UNBOXING: RX 6600 fresh stock just arrived! 📦",,0,"07/10/2023 19:30",,https://www.facebook.com/pcmerchandise.co/posts/pfbid0pDOsLTTVN98O0OZXRWGrVmPnu1SWj29imFbsUaZecAYO2A9dO2RyGZDh,0,0,Photos,,,,,07/18/2023,,,0,0,0,0,0,0,,,,,
1024806845151135,100064197037125,"PC Merchandise","UNBOXING: RX 6600 fresh stock just arrived! 📦",,0,"07/10/2023 19:30",,https://www.facebook.com/pcmerchandise.co/posts/pfbid0pDOsLTTVN98O0OZXRWGrVmPnu1SWj29imFbsUaZecAYO2A9dO2RyGZDh,0,0,Photos,,,,,07/19/2023,,,0,0,0,0,0,0,,,,,
1024806845151135,100064197037125,"PC Merchandise","UNBOXING: RX 6600 fresh stock just arrived! 📦",,0,"07/10/2023 19:30",,https://www.facebook.com/pcmerchandise.co/posts/pfbid0pDOsLTTVN98O0OZXRWGrVmPnu1SWj29imFbsUaZecAYO2A9dO2RyGZDh,0,0,Photos,,,,,07/20/2023,,,0,0,0,0,0,0,,,,,
1024806845151135,100064197037125,"PC Merchandise","UNBOXING: RX 6600 fresh stock just arrived! 📦",,0,"07/10/2023 19:30",,https://www.facebook.com/pcmerchandise.co/posts/pfbid0pDOsLTTVN98O0OZXRWGrVmPnu1SWj29imFbsUaZecAYO2A9dO2RyGZDh,0,0,Photos,,,,,07/21/2023,,,0,0,0,0,0,0,,,,,
1024806845151135,100064197037125,"PC Merchandise","UNBOXING: RX 6600 fresh stock just arrived! 📦",,0,"07/10/2023 19:30",,https://www.facebook.com/pcmerchandise.co/posts/pfbid0pDOsLTTVN98O0OZXRWGrVmPnu1SWj29imFbsUaZecAYO2A9dO2RyGZDh,0,0,Photos,,,,,07/22/2023,,,0,0,0,0,0,0,,,,,
1024806845151135,100064197037125,"PC Merchandise","UNBOXING: RX 6600 fresh stock just arrived! 📦",,0,"07/10/2023 19:30",,https://www.facebook.com/pcmerchandise.co/posts/pfbid0pDOsLTTVN98O0OZXRWGrVmPnu1SWj29imFbsUaZecAYO2A9dO2RyGZDh,0,0,Photos,,,,,07/23/2023,,,0,0,0,0,0,0,,,,,
1024806845151135,100064197037125,"PC Merchandise","UNBOXING: RX 6600 fresh stock just arrived! 📦",,0,"07/10/2023 19:30",,https://www.facebook.com/pcmerchandise.co/posts/pfbid0pDOsLTTVN98O0OZXRWGrVmPnu1SWj29imFbsUaZecAYO2A9dO2RyGZDh,0,0,Photos,,,,,07/24/2023,,,0,0,0,0,0,0,,,,,
1024806845151135,100064197037125,"PC Merchandise","UNBOXING: RX 6600 fresh stock just arrived! 📦",,0,"07/10/2023 19:30",,https://www.facebook.com/pcmerchandise.co/posts/pfbid0pDOsLTTVN98O0OZXRWGrVmPnu1SWj29imFbsUaZecAYO2A9dO2RyGZDh,0,0,Photos,,,,,07/25/2023,,,0,0,0,0,0,0,,,,,
1024806845151135,100064197037125,"PC Merchandise","UNBOXING: RX 6600 fresh stock just arrived! 📦",,0,"07/10/2023 19:30",,https://www.facebook.com/pcmerchandise.co/posts/pfbid0pDOsLTTVN98O0OZXRWGrVmPnu1SWj29imFbsUaZecAYO2A9dO2RyGZDh,0,0,Photos,,,,,07/26/2023,,,0,0,0,0,0,0,,,,,
1024806845151135,100064197037125,"PC Merchandise","UNBOXING: RX 6600 fresh stock just arrived! 📦",,0,"07/10/2023 19:30",,https://www.facebook.com/pcmerchandise.co/posts/pfbid0pDOsLTTVN98O0OZXRWGrVmPnu1SWj29imFbsUaZecAYO2A9dO2RyGZDh,0,0,Photos,,,,,07/27/2023,,,0,0,0,0,0,0,,,,,
1024806845151135,100064197037125,"PC Merchandise","UNBOXING: RX 6600 fresh stock just arrived! 📦",,0,"07/10/2023 19:30",,https://www.facebook.com/pcmerchandise.co/posts/pfbid0pDOsLTTVN98O0OZXRWGrVmPnu1SWj29imFbsUaZecAYO2A9dO2RyGZDh,0,0,Photos,,,,,07/28/2023,,,0,0,0,0,0,0,,,,,
1024806845151135,100064197037125,"PC Merchandise","UNBOXING: RX 6600 fresh stock just arrived! 📦",,0,"07/10/2023 19:30",,https://www.facebook.com/pcmerchandise.co/posts/pfbid0pDOsLTTVN98O0OZXRWGrVmPnu1SWj29imFbsUaZecAYO2A9dO2RyGZDh,0,0,Photos,,,,,07/29/2023,,,0,0,0,0,0,0,,,,,
1024806845151135,100064197037125,"PC Merchandise","UNBOXING: RX 6600 fresh stock just arrived! 📦",,0,"07/10/2023 19:30",,https://www.facebook.com/pcmerchandise.co/posts/pfbid0pDOsLTTVN98O0OZXRWGrVmPnu1SWj29imFbsUaZecAYO2A9dO2RyGZDh,0,0,Photos,,,,,07/30/2023,,,0,0,0,0,0,0,,,,,
1024806845151135,100064197037125,"PC Merchandise","UNBOXING: RX 6600 fresh stock just arrived! 📦",,0,"07/10/2023 19:30",,https://www.facebook.com/pcmerchandise.co/posts/pfbid0pDOsLTTVN98O0OZXRWGrVmPnu1SWj29imFbsUaZecAYO2A9dO2RyGZDh,0,0,Photos,,,,,07/31/2023,,,0,0,0,0,0,0,,,,,
1024849078577417,100064197037125,"PC Merchandise","Negosyo starts today! Complete computer shop packages ready. PM now!

𝐂𝐎𝐌𝐒𝐇𝐎𝐏 𝐏𝐑𝐈𝐂𝐄𝐋𝐈𝐒𝐓 >>>
https://pcmerchandise.live/2023-GAMING-BUILDS",,30,"07/10/2023 17:00",,https://www.facebook.com/reel/1175454254277995/,0,1,Reels,,,,,07/01/2023,0,,,,,,0,0,0,0,0,0.000,4.449
1024849078577417,100064197037125,"PC Merchandise","Negosyo starts today! Complete computer shop packages ready. PM now!

𝐂𝐎𝐌𝐒𝐇𝐎𝐏 𝐏𝐑𝐈𝐂𝐄𝐋𝐈𝐒𝐓 >>>
https://pcmerchandise.live/2023-GAMING-BUILDS",,30,"07/10/2023 17:00",,https://www.facebook.com/reel/1175454254277995/,0,1,Reels,,,,,07/02/2023,0,,,,,,0,0,0,0,0,0.000,2.932
1024849078577417,100064197037125,"PC Merchandise","Negosyo starts today! Complete computer shop packages ready. PM now!

𝐂𝐎𝐌𝐒𝐇𝐎𝐏 𝐏𝐑𝐈𝐂𝐄𝐋𝐈𝐒𝐓 >>>
https://pcmerchandise.live/2023-GAMING-BUILDS",,30,"07/10/2023 17:00",,https://www.facebook.com/reel/1175454254277995/,0,1,Reels,,,,,07/03/2023,0,,,,,,0,0,0,0,0,0.000,4.959
1024849078577417,100064197037125,"PC Merchandise","Negosyo starts today! Complete computer shop packages ready. PM now!

𝐂𝐎𝐌𝐒𝐇𝐎𝐏 𝐏𝐑𝐈𝐂𝐄𝐋𝐈𝐒𝐓 >>>
https://pcmerchandise.live/2023-GAMING-BUILDS",,30,"07/10/2023 17:00",,https://www.facebook.com/reel/1175454254277995/,0,1,Reels,,,,,07/04/2023,0,,,,,,0,0,0,0,0,0.000,3.177
1024849078577417,100064197037125,"PC Merchandise","Negosyo starts today! Complete computer shop packages ready. PM now!

𝐂𝐎𝐌𝐒𝐇𝐎𝐏 𝐏𝐑𝐈𝐂𝐄𝐋𝐈𝐒𝐓 >>>
https://pcmerchandise.live/2023-GAMING-BUILDS",,30,"07/10/2023 17:00",,https://www.facebook.com/reel/1175454254277995/,0,1,Reels,,,,,07/05/2023,0,,,,,,0,0,0,0,0,0.000,4.731
1024849078577417,100064197037125,"PC Merchandise","Negosyo starts today! Complete computer shop packages ready. PM now!

𝐂𝐎𝐌𝐒𝐇𝐎𝐏 𝐏𝐑𝐈𝐂𝐄𝐋𝐈𝐒𝐓 >>>
https://pcmerchandise.live/2023-GAMING-BUILDS",,30,"07/10/2023 17:00",,https://www.facebook.com/reel/1175454254277995/,0,1,Reels,,,,,07/06/2023,0,,,,,,0,0,0,0,0,0.000,5.008
1024849078577417,100064197037125,"PC Merchandise","Negosyo starts today! Complete computer shop packages ready. PM now!

𝐂𝐎𝐌𝐒𝐇𝐎𝐏 𝐏𝐑𝐈𝐂𝐄𝐋𝐈𝐒𝐓 >>>
https://pcmerchandise.live/2023-GAMING-BUILDS",,30,"07/10/2023 17:00",,https://www.facebook.com/reel/1175454254277995/,0,1,Reels,,,,,07/07/2023,0,,,,,,0,0,0,0,0,0.000,3.489
1024849078577417,100064197037125,"PC Merchandise","Negosyo starts today! Complete computer shop packages ready. PM now!

𝐂𝐎𝐌𝐒𝐇𝐎𝐏 𝐏𝐑𝐈𝐂𝐄𝐋𝐈𝐒𝐓 >>>
https://pcmerchandise.live/2023-GAMING-BUILDS",,30,"07/10/2023 17:00",,https://www.facebook.com/reel/1175454254277995/,0,1,Reels,,,,,07/08/2023,0,,,,,,0,0,0,0,0,0.000,1.695
1024849078577417,100064197037125,"PC Merchandise","Negosyo starts today! Complete computer shop packages ready. PM now!

𝐂𝐎𝐌𝐒𝐇𝐎𝐏 𝐏𝐑𝐈𝐂𝐄𝐋𝐈𝐒𝐓 >>>
https://pcmerchandise.live/2023-GAMING-BUILDS",,30,"07/10/2023 17:00",,https://www.facebook.com/reel/1175454254277995/,0,1,Reels,,,,,07/09/2023,0,,,,,,0,0,0,0,0,0.000,4.518
1024849078577417,100064197037125,"PC Merchandise","Negosyo starts today! Complete computer shop packages ready. PM now!

𝐂𝐎𝐌𝐒𝐇𝐎𝐏 𝐏𝐑𝐈𝐂𝐄𝐋𝐈𝐒𝐓 >>>
https://pcmerchandise.live/2023-GAMING-BUILDS",,30,"07/10/2023 17:00",,https://www.facebook.com/reel/1175454254277995/,0,1,Reels,,,,,07/10/2023,0,,,,,,372,0,1,1,0,1735.017,3.922
1024849078577417,100064197037125,"PC Merchandise","Negosyo starts today! Complete computer shop packages ready. PM now!

𝐂𝐎𝐌𝐒𝐇𝐎𝐏 𝐏𝐑𝐈𝐂𝐄𝐋𝐈𝐒𝐓 >>>
https://pcmerchandise.live/2023-GAMING-BUILDS",,30,"07/10/2023 17:00",,https://www.facebook.com/reel/1175454254277995/,0,1,Reels,,,,,07/11/2023,0,,,,,,380,0,0,0,0,1626.690,4.991
1024849078577417,100064197037125,"PC Merchandise","Negosyo starts today! Complete computer shop packages ready. PM now!

𝐂𝐎𝐌𝐒𝐇𝐎𝐏 𝐏𝐑𝐈𝐂𝐄𝐋𝐈𝐒𝐓 >>>
https://pcmerchandise.live/2023-GAMING-BUILDS",,30,"07/10/2023 17:00",,https://www.facebook.com/reel/1175454254277995/,0,1,Reels,,,,,07/12/2023,0,,,,,,356,0,1,1,0,1024.536,4.227
1024849078577417,100064197037125,"PC Merchandise","Negosyo starts today! Complete computer shop packages ready. PM now!

𝐂𝐎𝐌𝐒𝐇𝐎𝐏 𝐏𝐑𝐈𝐂𝐄𝐋𝐈𝐒𝐓 >>>
https://pcmerchandise.live/2023-GAMING-BUILDS",,30,"07/10/2023 17:00",,https://www.facebook.com/reel/1175454254277995/,0,1,Reels,,,,,07/13/2023,0,,,,,,365,0,0,0,0,377.898,3.524
1024849078577417,100064197037125,"PC Merchandise","Negosyo starts today! Complete computer shop packages ready. PM now!

𝐂𝐎𝐌𝐒𝐇𝐎𝐏 𝐏𝐑𝐈𝐂𝐄𝐋𝐈𝐒𝐓 >>>
https://pcmerchandise.live/2023-GAMING-BUILDS",,30,"07/10/2023 17:00",,https://www.facebook.com/reel/1175454254277995/,0,1,Reels,,,,,07/14/2023,0,,,,,,379,0,0,0,0,263.097,5.235
1024849078577417,100064197037125,"PC Merchandise","Negosyo starts today! Complete computer shop packages ready. PM now!

𝐂𝐎𝐌𝐒𝐇𝐎𝐏 𝐏𝐑𝐈𝐂𝐄𝐋𝐈𝐒𝐓 >>>
https://pcmerchandise.live/2023-GAMING-BUILDS",,30,"07/10/2023 17:00",,https://www.facebook.com/reel/1175454254277995/,0,1,Reels,,,,,07/15/2023,0,,,,,,372,0,0,0,0,265.934,5.099
1024849078577417,100064197037125,"PC Merchandise","Negosyo starts today! Complete computer shop packages ready. PM now!

𝐂𝐎𝐌𝐒𝐇𝐎𝐏 𝐏𝐑𝐈𝐂𝐄𝐋𝐈𝐒𝐓 >>>
https://pcmerchandise.live/2023-GAMING-BUILDS",,30,"07/10/2023 17:00",,https://www.facebook.com/reel/1175454254277995/,0,1,Reels,,,,,07/16/2023,0,,,,,,375,0,0,0,0,404.116,4.587
1024849078577417,100064197037125,"PC Merchandise","Negosyo starts today! Complete computer shop packages ready. PM now!

𝐂𝐎𝐌𝐒𝐇𝐎𝐏 𝐏𝐑𝐈𝐂𝐄𝐋𝐈𝐒𝐓 >>>
https://pcmerchandise.live/2023-GAMING-BUILDS",,30,"07/10/2023 17:00",,https://www.facebook.com/reel/1175454254277995/,0,1,Reels,,,,,07/17/2023,0,,,,,,389,0,0,0,0,627.079,4.234
1024849078577417,100064197037125,"PC Merchandise","Negosyo starts today! Complete computer shop packages ready. PM now!

𝐂𝐎𝐌𝐒𝐇𝐎𝐏 𝐏𝐑𝐈𝐂𝐄𝐋𝐈𝐒𝐓 >>>
https://pcmerchandise.live/2023-GAMING-BUILDS",,30,"07/10/2023 17:00",,https://www.facebook.com/reel/1175454254277995/,0,1,Reels,,,,,07/18/2023,0,,,,,,383,0,0,0,0,168.379,4.757
1024849078577417,100064197037125,"PC Merchandise","Negosyo starts today! Complete computer shop packages ready. PM now!

𝐂𝐎𝐌𝐒𝐇𝐎𝐏 𝐏𝐑𝐈𝐂𝐄𝐋𝐈𝐒𝐓 >>>
https://pcmerchandise.live/2023-GAMING-BUILDS",,30,"07/10/2023 17:00",,https://www.facebook.com/reel/1175454254277995/,0,1,Reels,,,,,07/19/2023,0,,,,,,367,0,0,0,0,110.807,3.300
1024849078577417,100064197037125,"PC Merchandise","Negosyo starts today! Complete computer shop packages ready. PM now!

𝐂𝐎𝐌𝐒𝐇𝐎𝐏 𝐏𝐑𝐈𝐂𝐄𝐋𝐈𝐒𝐓 >>>
https://pcmerchandise.live/2023-GAMING-BUILDS",,30,"07/10/2023 17:00",,https://www.facebook.com/reel/1175454254277995/,0,1,Reels,,,,,07/20/2023,0,,,,,,387,0,0,0,0,57.007,5.137
1024849078577417,100064197037125,"PC Merchandise","Negosyo starts today! Complete computer shop packages ready. PM now!

𝐂𝐎𝐌𝐒𝐇𝐎𝐏 𝐏𝐑𝐈𝐂𝐄𝐋𝐈𝐒𝐓 >>>
https://pcmerchandise.live/2023-GAMING-BUILDS",,30,"07/10/2023 17:00",,https://www.facebook.com/reel/1175454254277995/,0,1,Reels,,,,,07/21/2023,0,,,,,,372,0,0,0,0,91.231,3.424
1024849078577417,100064197037125,"PC Merchandise","Negosyo starts today! Complete computer shop packages ready. PM now!

𝐂𝐎𝐌𝐒𝐇𝐎𝐏 𝐏𝐑𝐈𝐂𝐄𝐋𝐈𝐒𝐓 >>>
https://pcmerchandise.live/2023-GAMING-BUILDS",,30,"07/10/2023 17:00",,https://www.facebook.com/reel/1175454254277995/,0,1,Reels,,,,,07/22/2023,0,,,,,,0,0,0,0,0,182.852,4.131
1024849078577417,100064197037125,"PC Merchandise","Negosyo starts today! Complete computer shop packages ready. PM now!

𝐂𝐎𝐌𝐒𝐇𝐎𝐏 𝐏𝐑𝐈𝐂𝐄𝐋𝐈𝐒𝐓 >>>
https://pcmerchandise.live/2023-GAMING-BUILDS",,30,"07/10/2023 17:00",,https://www.facebook.com/reel/1175454254277995/,0,1,Reels,,,,,07/23/2023,0,,,,,,0,0,0,0,0,120.223,5.182
1024849078577417,100064197037125,"PC Merchandise","Negosyo starts today! Complete computer shop packages ready. PM now!

𝐂𝐎𝐌𝐒𝐇𝐎𝐏 𝐏𝐑𝐈𝐂𝐄𝐋𝐈𝐒𝐓 >>>
https://pcmerchandise.live/2023-GAMING-BUILDS",,30,"07/10/2023 17:00",,https://www.facebook.com/reel/1175454254277995/,0,1,Reels,,,,,07/24/2023,0,,,,,,0,0,0,0,0,96.123,4.765
1024849078577417,100064197037125,"PC Merchandise","Negosyo starts today! Complete computer shop packages ready. PM now!

𝐂𝐎𝐌𝐒𝐇𝐎𝐏 𝐏𝐑𝐈𝐂𝐄𝐋𝐈𝐒𝐓 >>>
https://pcmerchandise.live/2023-GAMING-BUILDS",,30,"07/10/2023 17:00",,https://www.facebook.com/reel/1175454254277995/,0,1,Reels,,,,,07/25/2023,0,,,,,,0,0,0,0,0,103.622,2.560
1024849078577417,100064197037125,"PC Merchandise","Negosyo starts today! Complete computer shop packages ready. PM now!

𝐂𝐎𝐌𝐒𝐇𝐎𝐏 𝐏𝐑𝐈𝐂𝐄𝐋𝐈𝐒𝐓 >>>
https://pcmerchandise.live/2023-GAMING-BUILDS",,30,"07/10/2023 17:00",,https://www.facebook.com/reel/1175454254277995/,0,1,Reels,,,,,07/26/2023,0,,,,,,0,0,0,0,0,101.343,5.663
1024849078577417,100064197037125,"PC Merchandise","Negosyo starts today! Complete computer shop packages ready. PM now!

𝐂𝐎𝐌𝐒𝐇𝐎𝐏 𝐏𝐑𝐈𝐂𝐄𝐋𝐈𝐒𝐓 >>>
https://pcmerchandise.live/2023-GAMING-BUILDS",,30,"07/10/2023 17:00",,https://www.facebook.com/reel/1175454254277995/,0,1,Reels,,,,,07/27/2023,0,,,,,,0,0,0,0,0,89.325,5.198
1024849078577417,100064197037125,"PC Merchandise","Negosyo starts today! Complete computer shop packages ready. PM now!

𝐂𝐎𝐌𝐒𝐇𝐎𝐏 𝐏𝐑𝐈𝐂𝐄𝐋𝐈𝐒𝐓 >>>
https://pcmerchandise.live/2023-GAMING-BUILDS",,30,"07/10/2023 17:00",,https://www.facebook.com/reel/1175454254277995/,0,1,Reels,,,,,07/28/2023,0,,,,,,0,0,0,0,0,94.357,3.555
1024849078577417,100064197037125,"PC Merchandise","Negosyo starts today! Complete computer shop packages ready. PM now!

𝐂𝐎𝐌𝐒𝐇𝐎𝐏 𝐏𝐑𝐈𝐂𝐄𝐋𝐈𝐒𝐓 >>>
https://pcmerchandise.live/2023-GAMING-BUILDS",,30,"07/10/2023 17:00",,https://www.facebook.com/reel/1175454254277995/,0,1,Reels,,,,,07/29/2023,0,,,,,,0,0,0,0,0,104.276,4.322
1024849078577417,100064197037125,"PC Merchandise","Negosyo starts today! Complete computer shop packages ready. PM now!

𝐂𝐎𝐌𝐒𝐇𝐎𝐏 𝐏𝐑𝐈𝐂𝐄𝐋𝐈𝐒𝐓 >>>
https://pcmerchandise.live/2023-GAMING-BUILDS",,30,"07/10/2023 17:00",,https://www.facebook.com/reel/1175454254277995/,0,1,Reels,,,,,07/30/2023,0,,,,,,0,0,0,0,0,75.927,4.853
1024849078577417,100064197037125,"PC Merchandise","Negosyo starts today! Complete computer shop packages ready. PM now!

𝐂𝐎𝐌𝐒𝐇𝐎𝐏 𝐏𝐑𝐈𝐂𝐄𝐋𝐈𝐒𝐓 >>>
https://pcmerchandise.live/2023-GAMING-BUILDS",,30,"07/10/2023 17:00",,https://www.facebook.com/reel/1175454254277995/,0,1,Reels,,,,,07/31/2023,0,,,,,,0,0,0,0,0,93.584,3.910
1024573638907600,100064197037125,"PC Merchandise","ito na po yung ghost project🥲",,65,"07/09/2023 02:00",auto,https://www.facebook.com/reel/1605019797375664/,0,0,Reels,,,,,07/01/2023,0,,,,,,0,0,0,0,0,0.000,2.525
1024573638907600,100064197037125,"PC Merchandise","ito na po yung ghost project🥲",,65,"07/09/2023 02:00",auto,https://www.facebook.com/reel/1605019797375664/,0,0,Reels,,,,,07/02/2023,0,,,,,,0,0,0,0,0,0.000,3.080
1024573638907600,100064197037125,"PC Merchandise","ito na po yung ghost project🥲",,65,"07/09/2023 02:00",auto,https://www.facebook.com/reel/1605019797375664/,0,0,Reels,,,,,07/03/2023,0,,,,,,0,0,0,0,0,0.000,1.963
1024573638907600,100064197037125,"PC Merchandise","ito na po yung ghost project🥲",,65,"07/09/2023 02:00",auto,https://www.facebook.com/reel/1605019797375664/,0,0,Reels,,,,,07/04/2023,0,,,,,,0,0,0,0,0,0.000,2.752
1024573638907600,100064197037125,"PC Merchandise","ito na po yung ghost project🥲",,65,"07/09/2023 02:00",auto,https://www.facebook.com/reel/1605019797375664/,0,0,Reels,,,,,07/05/2023,0,,,,,,0,0,0,0,0,0.000,3.191
1024573638907600,100064197037125,"PC Merchandise","ito na po yung ghost project🥲",,65,"07/09/2023 02:00",auto,https://www.facebook.com/reel/1605019797375664/,0,0,Reels,,,,,07/06/2023,0,,,,,,0,0,0,0,0,0.000,1.667
1024573638907600,100064197037125,"PC Merchandise","ito na po yung ghost project🥲",,65,"07/09/2023 02:00",auto,https://www.facebook.com/reel/1605019797375664/,0,0,Reels,,,,,07/07/2023,0,,,,,,0,0,0,0,0,0.000,2.430
1024573638907600,100064197037125,"PC Merchandise","ito na po yung ghost project🥲",,65,"07/09/2023 02:00",auto,https://www.facebook.com/reel/1605019797375664/,0,0,Reels,,,,,07/08/2023,0,,,,,,0,0,0,0,0,0.000,2.443
1024573638907600,100064197037125,"PC Merchandise","ito na po yung ghost project🥲",,65,"07/09/2023 02:00",auto,https://www.facebook.com/reel/1605019797375664/,0,0,Reels,,,,,07/09/2023,0,,,,,,0,0,1,0,1,23.342,1.500
1024573638907600,100064197037125,"PC Merchandise","ito na po yung ghost project🥲",,65,"07/09/2023 02:00",auto,https://www.facebook.com/reel/1605019797375664/,0,0,Reels,,,,,07/10/2023,0,,,,,,0,0,0,0,0,11.667,1.743
1024573638907600,100064197037125,"PC Merchandise","ito na po yung ghost project🥲",,65,"07/09/2023 02:00",auto,https://www.facebook.com/reel/1605019797375664/,0,0,Reels,,,,,07/11/2023,0,,,,,,0,0,0,0,0,7.099,1.637
1024573638907600,100064197037125,"PC Merchandise","ito na po yung ghost project🥲",,65,"07/09/2023 02:00",auto,https://www.facebook.com/reel/1605019797375664/,0,0,Reels,,,,,07/12/2023,0,,,,,,0,0,0,0,0,6.916,1.992
1024573638907600,100064197037125,"PC Merchandise","ito na po yung ghost project🥲",,65,"07/09/2023 02:00",auto,https://www.facebook.com/reel/1605019797375664/,0,0,Reels,,,,,07/13/2023,0,,,,,,0,0,0,0,0,6.737,3.934
1024573638907600,100064197037125,"PC Merchandise","ito na po yung ghost project🥲",,65,"07/09/2023 02:00",auto,https://www.facebook.com/reel/1605019797375664/,0,0,Reels,,,,,07/14/2023,0,,,,,,0,0,0,0,0,7.121,1.820
1024573638907600,100064197037125,"PC Merchandise","ito na po yung ghost project🥲",,65,"07/09/2023 02:00",auto,https://www.facebook.com/reel/1605019797375664/,0,0,Reels,,,,,07/15/2023,0,,,,,,0,0,0,0,0,4.817,2.106
1024573638907600,100064197037125,"PC Merchandise","ito na po yung ghost project🥲",,65,"07/09/2023 02:00",auto,https://www.facebook.com/reel/1605019797375664/,0,0,Reels,,,,,07/16/2023,0,,,,,,0,0,0,0,0,4.189,3.227
1024573638907600,100064197037125,"PC Merchandise","ito na po yung ghost project🥲",,65,"07/09/2023 02:00",auto,https://www.facebook.com/reel/1605019797375664/,0,0,Reels,,,,,07/17/2023,0,,,,,,0,0,0,0,0,2.867,2.300
1024573638907600,100064197037125,"PC Merchandise","ito na po yung ghost project🥲",,65,"07/09/2023 02:00",auto,https://www.facebook.com/reel/1605019797375664/,0,0,Reels,,,,,07/18/2023,0,,,,,,0,0,0,0,0,1.842,2.016
1024573638907600,100064197037125,"PC Merchandise","ito na po yung ghost project🥲",,65,"07/09/2023 02:00",auto,https://www.facebook.com/reel/1605019797375664/,0,0,Reels,,,,,07/19/2023,0,,,,,,0,0,0,0,0,3.462,3.210
1024573638907600,100064197037125,"PC Merchandise","ito na po yung ghost project🥲",,65,"07/09/2023 02:00",auto,https://www.facebook.com/reel/1605019797375664/,0,0,Reels,,,,,07/20/2023,0,,,,,,0,0,0,0,0,1.912,2.639
1024573638907600,100064197037125,"PC Merchandise","ito na po yung ghost project🥲",,65,"07/09/2023 02:00",auto,https://www.facebook.com/reel/1605019797375664/,0,0,Reels,,,,,07/21/2023,0,,,,,,0,0,0,0,0,1.089,3.060
1024573638907600,100064197037125,"PC Merchandise","ito na po yung ghost project🥲",,65,"07/09/2023 02:00",auto,https://www.facebook.com/reel/1605019797375664/,0,0,Reels,,,,,07/22/2023,0,,,,,,0,0,0,0,0,0.812,1.872
1024573638907600,100064197037125,"PC Merchandise","ito na po yung ghost project🥲",,65,"07/09/2023 02:00",auto,https://www.facebook.com/reel/1605019797375664/,0,0,Reels,,,,,07/23/2023,0,,,,,,0,0,0,0,0,0.896,1.500
1024573638907600,100064197037125,"PC Merchandise","ito na po yung ghost project🥲",,65,"07/09/2023 02:00",auto,https://www.facebook.com/reel/1605019797375664/,0,0,Reels,,,,,07/24/2023,0,,,,,,0,0,0,0,0,1.008,2.994
1024573638907600,100064197037125,"PC Merchandise","ito na po yung ghost project🥲",,65,"07/09/2023 02:00",auto,https://www.facebook.com/reel/1605019797375664/,0,0,Reels,,,,,07/25/2023,0,,,,,,0,0,0,0,0,0.646,3.246
1024573638907600,100064197037125,"PC Merchandise","ito na po yung ghost project🥲",,65,"07/09/2023 02:00",auto,https://www.facebook.com/reel/1605019797375664/,0,0,Reels,,,,,07/26/2023,0,,,,,,0,0,0,0,0,0.888,3.080
1024573638907600,100064197037125,"PC Merchandise","ito na po yung ghost project🥲",,65,"07/09/2023 02:00",auto,https://www.facebook.com/reel/1605019797375664/,0,0,Reels,,,,,07/27/2023,0,,,,,,0,0,0,0,0,1.209,2.170
1024573638907600,100064197037125,"PC Merchandise","ito na po yung ghost project🥲",,65,"07/09/2023 02:00",auto,https://www.facebook.com/reel/1605019797375664/,0,0,Reels,,,,,07/28/2023,0,,,,,,0,0,0,0,0,1.157,2.905
1024573638907600,100064197037125,"PC Merchandise","ito na po yung ghost project🥲",,65,"07/09/2023 02:00",auto,https://www.facebook.com/reel/1605019797375664/,0,0,Reels,,,,,07/29/2023,0,,,,,,0,0,0,0,0,0.961,2.095
1024573638907600,100064197037125,"PC Merchandise","ito na po yung ghost project🥲",,65,"07/09/2023 02:00",auto,https://www.facebook.com/reel/1605019797375664/,0,0,Reels,,,,,07/30/2023,0,,,,,,0,0,0,0,0,1.018,3.453
1024573638907600,100064197037125,"PC Merchandise","ito na po yung ghost project🥲",,65,"07/09/2023 02:00",auto,https://www.facebook.com/reel/1605019797375664/,0,0,Reels,,,,,07/31/2023,0,,,,,,0,0,0,0,0,0.761,1.850
1024781424271754,100064197037125,"PC Merchandise","Salamat sa tiwala boss CARLO! RYZEN 5 5600G comshop package — 8 units delivered ✅",,76,"07/08/2023 19:01",auto,https://www.facebook.com/reel/1363562042979701/,0,0,Reels,,,,,07/01/2023,0,,,,,,0,0,0,0,0,0.000,4.000
1024781424271754,100064197037125,"PC Merchandise","Salamat sa tiwala boss CARLO! RYZEN 5 5600G comshop package — 8 units delivered ✅",,76,"07/08/2023 19:01",auto,https://www.facebook.com/reel/1363562042979701/,0,0,Reels,,,,,07/02/2023,0,,,,,,0,0,0,0,0,0.000,5.765
1024781424271754,100064197037125,"PC Merchandise","Salamat sa tiwala boss CARLO! RYZEN 5 5600G comshop package — 8 units delivered ✅",,76,"07/08/2023 19:01",auto,https://www.facebook.com/reel/1363562042979701/,0,0,Reels,,,,,07/03/2023,0,,,,,,0,0,0,0,0,0.000,3.183
1024781424271754,100064197037125,"PC Merchandise","Salamat sa tiwala boss CARLO! RYZEN 5 5600G comshop package — 8 units delivered ✅",,76,"07/08/2023 19:01",auto,https://www.facebook.com/reel/1363562042979701/,0,0,Reels,,,,,07/04/2023,0,,,,,,0,0,0,0,0,0.000,3.131
1024781424271754,100064197037125,"PC Merchandise","Salamat sa tiwala boss CARLO! RYZEN 5 5600G comshop package — 8 units delivered ✅",,76,"07/08/2023 19:01",auto,https://www.facebook.com/reel/1363562042979701/,0,0,Reels,,,,,07/05/2023,0,,,,,,0,0,0,0,0,0.000,3.847
1024781424271754,100064197037125,"PC Merchandise","Salamat sa tiwala boss CARLO! RYZEN 5 5600G comshop package — 8 units delivered ✅",,76,"07/08/2023 19:01",auto,https://www.facebook.com/reel/1363562042979701/,0,0,Reels,,,,,07/06/2023,0,,,,,,0,0,0,0,0,0.000,2.282
1024781424271754,100064197037125,"PC Merchandise","Salamat sa tiwala boss CARLO! RYZEN 5 5600G comshop package — 8 units delivered ✅",,76,"07/08/2023 19:01",auto,https://www.facebook.com/reel/1363562042979701/,0,0,Reels,,,,,07/07/2023,0,,,,,,0,0,0,0,0,0.000,4.705
1024781424271754,100064197037125,"PC Merchandise","Salamat sa tiwala boss CARLO! RYZEN 5 5600G comshop package — 8 units delivered ✅",,76,"07/08/2023 19:01",auto,https://www.facebook.com/reel/1363562042979701/,0,0,Reels,,,,,07/08/2023,0,,,,,,0,0,0,0,0,110.838,3.844
1024781424271754,100064197037125,"PC Merchandise","Salamat sa tiwala boss CARLO! RYZEN 5 5600G comshop package — 8 units delivered ✅",,76,"07/08/2023 19:01",auto,https://www.facebook.com/reel/1363562042979701/,0,0,Reels,,,,,07/09/2023,0,,,,,,0,0,0,0,0,114.814,5.333
1024781424271754,100064197037125,"PC Merchandise","Salamat sa tiwala boss CARLO! RYZEN 5 5600G comshop package — 8 units delivered ✅",,76,"07/08/2023 19:01",auto,https://www.facebook.com/reel/1363562042979701/,0,0,Reels,,,,,07/10/2023,0,,,,,,0,0,0,0,0,84.788,3.456
1024781424271754,100064197037125,"PC Merchandise","Salamat sa tiwala boss CARLO! RYZEN 5 5600G comshop package — 8 units delivered ✅",,76,"07/08/2023 19:01",auto,https://www.facebook.com/reel/1363562042979701/,0,0,Reels,,,,,07/11/2023,0,,,,,,0,0,0,0,0,95.689,5.059
1024781424271754,100064197037125,"PC Merchandise","Salamat sa tiwala boss CARLO! RYZEN 5 5600G comshop package — 8 units delivered ✅",,76,"07/08/2023 19:01",auto,https://www.facebook.com/reel/1363562042979701/,0,0,Reels,,,,,07/12/2023,0,,,,,,0,0,0,0,0,53.339,4.748
1024781424271754,100064197037125,"PC Merchandise","Salamat sa tiwala boss CARLO! RYZEN 5 5600G comshop package — 8 units delivered ✅",,76,"07/08/2023 19:01",auto,https://www.facebook.com/reel/1363562042979701/,0,0,Reels,,,,,07/13/2023,0,,,,,,0,0,0,0,0,29.522,3.990
1024781424271754,100064197037125,"PC Merchandise","Salamat sa tiwala boss CARLO! RYZEN 5 5600G comshop package — 8 units delivered ✅",,76,"07/08/2023 19:01",auto,https://www.facebook.com/reel/1363562042979701/,0,0,Reels,,,,,07/14/2023,0,,,,,,0,0,0,0,0,28.753,5.051
1024781424271754,100064197037125,"PC Merchandise","Salamat sa tiwala boss CARLO! RYZEN 5 5600G comshop package — 8 units delivered ✅",,76,"07/08/2023 19:01",auto,https://www.facebook.com/reel/1363562042979701/,0,0,Reels,,,,,07/15/2023,0,,,,,,0,0,1,0,1,40.733,4.748
1024781424271754,100064197037125,"PC Merchandise","Salamat sa tiwala boss CARLO! RYZEN 5 5600G comshop package — 8 units delivered ✅",,76,"07/08/2023 19:01",auto,https://www.facebook.com/reel/1363562042979701/,0,0,Reels,,,,,07/16/2023,0,,,,,,0,0,0,0,0,21.094,5.862
1024781424271754,100064197037125,"PC Merchandise","Salamat sa tiwala boss CARLO! RYZEN 5 5600G comshop package — 8 units delivered ✅",,76,"07/08/2023 19:01",auto,https://www.facebook.com/reel/1363562042979701/,0,0,Reels,,,,,07/17/2023,0,,,,,,0,0,0,0,0,9.805,4.649
1024781424271754,100064197037125,"PC Merchandise","Salamat sa tiwala boss CARLO! RYZEN 5 5600G comshop package — 8 units delivered ✅",,76,"07/08/2023 19:01",auto,https://www.facebook.com/reel/1363562042979701/,0,0,Reels,,,,,07/18/2023,0,,,,,,0,0,0,0,0,11.304,3.961
1024781424271754,100064197037125,"PC Merchandise","Salamat sa tiwala boss CARLO! RYZEN 5 5600G comshop package — 8 units delivered ✅",,76,"07/08/2023 19:01",auto,https://www.facebook.com/reel/1363562042979701/,0,0,Reels,,,,,07/19/2023,0,,,,,,0,0,0,0,0,23.237,4.782
1024781424271754,100064197037125,"PC Merchandise","Salamat sa tiwala boss CARLO! RYZEN 5 5600G comshop package — 8 units delivered ✅",,76,"07/08/2023 19:01",auto,https://www.facebook.com/reel/1363562042979701/,0,0,Reels,,,,,07/20/2023,0,,,,,,0,0,0,0,0,12.465,4.953
1024781424271754,100064197037125,"PC Merchandise","Salamat sa tiwala boss CARLO! RYZEN 5 5600G comshop package — 8 units delivered ✅",,76,"07/08/2023 19:01",auto,https://www.facebook.com/reel/1363562042979701/,0,0,Reels,,,,,07/21/2023,0,,,,,,0,0,0,0,0,6.969,3.376
1024781424271754,100064197037125,"PC Merchandise","Salamat sa tiwala boss CARLO! RYZEN 5 5600G comshop package — 8 units delivered ✅",,76,"07/08/2023 19:01",auto,https://www.facebook.com/reel/1363562042979701/,0,0,Reels,,,,,07/22/2023,0,,,,,,0,0,0,0,0,11.871,4.146
1024781424271754,100064197037125,"PC Merchandise","Salamat sa tiwala boss CARLO! RYZEN 5 5600G comshop package — 8 units delivered ✅",,76,"07/08/2023 19:01",auto,https://www.facebook.com/reel/1363562042979701/,0,0,Reels,,,,,07/23/2023,0,,,,,,0,0,0,0,0,7.485,3.333
1024781424271754,100064197037125,"PC Merchandise","Salamat sa tiwala boss CARLO! RYZEN 5 5600G comshop package — 8 units delivered ✅",,76,"07/08/2023 19:01",auto,https://www.facebook.com/reel/1363562042979701/,0,0,Reels,,,,,07/24/2023,0,,,,,,0,0,0,0,0,6.974,4.388
1024781424271754,100064197037125,"PC Merchandise","Salamat sa tiwala boss CARLO! RYZEN 5 5600G comshop package — 8 units delivered ✅",,76,"07/08/2023 19:01",auto,https://www.facebook.com/reel/1363562042979701/,0,0,Reels,,,,,07/25/2023,0,,,,,,0,0,0,0,0,8.328,4.814
1024781424271754,100064197037125,"PC Merchandise","Salamat sa tiwala boss CARLO! RYZEN 5 5600G comshop package — 8 units delivered ✅",,76,"07/08/2023 19:01",auto,https://www.facebook.com/reel/1363562042979701/,0,0,Reels,,,,,07/26/2023,0,,,,,,0,0,0,0,0,11.421,4.070
1024781424271754,100064197037125,"PC Merchandise","Salamat sa tiwala boss CARLO! RYZEN 5 5600G comshop package — 8 units delivered ✅",,76,"07/08/2023 19:01",auto,https://www.facebook.com/reel/1363562042979701/,0,0,Reels,,,,,07/27/2023,0,,,,,,0,0,0,0,0,12.959,5.102
1024781424271754,100064197037125,"PC Merchandise","Salamat sa tiwala boss CARLO! RYZEN 5 5600G comshop package — 8 units delivered ✅",,76,"07/08/2023 19:01",auto,https://www.facebook.com/reel/1363562042979701/,0,0,Reels,,,,,07/28/2023,0,,,,,,0,0,0,0,0,5.097,3.997
1024781424271754,100064197037125,"PC Merchandise","Salamat sa tiwala boss CARLO! RYZEN 5 5600G comshop package — 8 units delivered ✅",,76,"07/08/2023 19:01",auto,https://www.facebook.com/reel/1363562042979701/,0,0,Reels,,,,,07/29/2023,0,,,,,,0,0,0,0,0,10.713,4.191
1024781424271754,100064197037125,"PC Merchandise","Salamat sa tiwala boss CARLO! RYZEN 5 5600G comshop package — 8 units delivered ✅",,76,"07/08/2023 19:01",auto,https://www.facebook.com/reel/1363562042979701/,0,0,Reels,,,,,07/30/2023,0,,,,,,0,0,0,0,0,6.801,4.217
1024781424271754,100064197037125,"PC Merchandise","Salamat sa tiwala boss CARLO! RYZEN 5 5600G comshop package — 8 units delivered ✅",,76,"07/08/2023 19:01",auto,https://www.facebook.com/reel/1363562042979701/,0,0,Reels,,,,,07/31/2023,0,,,,,,0,0,0,0,0,4.325,4.023
1024517422240341,100064197037125,"PC Merchandise","𝐢𝟑 𝟏𝟐𝟏𝟎𝟎𝐅 w/ 𝐑𝐗 𝟔𝟔𝟎𝟎
𝐆𝐀𝐌𝐈𝐍𝐆 𝐁𝐔𝐈𝐋𝐃
#PCMERCHANDISE #PCMBUILDS",,33,"07/08/2023 17:31",,https://www.facebook.com/reel/1309361138447322/,0,0,Reels,,,,,07/01/2023,0,,,,,,0,0,0,0,0,0.000,3.487
1024517422240341,100064197037125,"PC Merchandise","𝐢𝟑 𝟏𝟐𝟏𝟎𝟎𝐅 w/ 𝐑𝐗 𝟔𝟔𝟎𝟎
𝐆𝐀𝐌𝐈𝐍𝐆 𝐁𝐔𝐈𝐋𝐃
#PCMERCHANDISE #PCMBUILDS",,33,"07/08/2023 17:31",,https://www.facebook.com/reel/1309361138447322/,0,0,Reels,,,,,07/02/2023,0,,,,,,0,0,0,0,0,0.000,2.975
1024517422240341,100064197037125,"PC Merchandise","𝐢𝟑 𝟏𝟐𝟏𝟎𝟎𝐅 w/ 𝐑𝐗 𝟔𝟔𝟎𝟎
𝐆𝐀𝐌𝐈𝐍𝐆 𝐁𝐔𝐈𝐋𝐃
#PCMERCHANDISE #PCMBUILDS",,33,"07/08/2023 17:31",,https://www.facebook.com/reel/1309361138447322/,0,0,Reels,,,,,07/03/2023,0,,,,,,0,0,0,0,0,0.000,3.040
1024517422240341,100064197037125,"PC Merchandise","𝐢𝟑 𝟏𝟐𝟏𝟎𝟎𝐅 w/ 𝐑𝐗 𝟔𝟔𝟎𝟎
𝐆𝐀𝐌𝐈𝐍𝐆 𝐁𝐔𝐈𝐋𝐃
#PCMERCHANDISE #PCMBUILDS",,33,"07/08/2023 17:31",,https://www.facebook.com/reel/1309361138447322/,0,0,Reels,,,,,07/04/2023,0,,,,,,0,0,0,0,0,0.000,2.379
1024517422240341,100064197037125,"PC Merchandise","𝐢𝟑 𝟏𝟐𝟏𝟎𝟎𝐅 w/ 𝐑𝐗 𝟔𝟔𝟎𝟎
𝐆𝐀𝐌𝐈𝐍𝐆 𝐁𝐔𝐈𝐋𝐃
#PCMERCHANDISE #PCMBUILDS",,33,"07/08/2023 17:31",,https://www.facebook.com/reel/1309361138447322/,0,0,Reels,,,,,07/05/2023,0,,,,,,0,0,0,0,0,0.000,3.904
1024517422240341,100064197037125,"PC Merchandise","𝐢𝟑 𝟏𝟐𝟏𝟎𝟎𝐅 w/ 𝐑𝐗 𝟔𝟔𝟎𝟎
𝐆𝐀𝐌𝐈𝐍𝐆 𝐁𝐔𝐈𝐋𝐃
#PCMERCHANDISE #PCMBUILDS",,33,"07/08/2023 17:31",,https://www.facebook.com/reel/1309361138447322/,0,0,Reels,,,,,07/06/2023,0,,,,,,0,0,0,0,0,0.000,4.142
1024517422240341,100064197037125,"PC Merchandise","𝐢𝟑 𝟏𝟐𝟏𝟎𝟎𝐅 w/ 𝐑𝐗 𝟔𝟔𝟎𝟎
𝐆𝐀𝐌𝐈𝐍𝐆 𝐁𝐔𝐈𝐋𝐃
#PCMERCHANDISE #PCMBUILDS",,33,"07/08/2023 17:31",,https://www.facebook.com/reel/1309361138447322/,0,0,Reels,,,,,07/07/2023,0,,,,,,0,0,0,0,0,0.000,3.926
1024517422240341,100064197037125,"PC Merchandise","𝐢𝟑 𝟏𝟐𝟏𝟎𝟎𝐅 w/ 𝐑𝐗 𝟔𝟔𝟎𝟎
𝐆𝐀𝐌𝐈𝐍𝐆 𝐁𝐔𝐈𝐋𝐃
#PCMERCHANDISE #PCMBUILDS",,33,"07/08/2023 17:31",,https://www.facebook.com/reel/1309361138447322/,0,0,Reels,,,,,07/08/2023,0,,,,,,7,0,0,0,0,57.041,4.567
1024517422240341,100064197037125,"PC Merchandise","𝐢𝟑 𝟏𝟐𝟏𝟎𝟎𝐅 w/ 𝐑𝐗 𝟔𝟔𝟎𝟎
𝐆𝐀𝐌𝐈𝐍𝐆 𝐁𝐔𝐈𝐋𝐃
#PCMERCHANDISE #PCMBUILDS",,33,"07/08/2023 17:31",,https://www.facebook.com/reel/1309361138447322/,0,0,Reels,,,,,07/09/2023,0,,,,,,8,0,0,0,0,26.748,4.106
1024517422240341,100064197037125,"PC Merchandise","𝐢𝟑 𝟏𝟐𝟏𝟎𝟎𝐅 w/ 𝐑𝐗 𝟔𝟔𝟎𝟎
𝐆𝐀𝐌𝐈𝐍𝐆 𝐁𝐔𝐈𝐋𝐃
#PCMERCHANDISE #PCMBUILDS",,33,"07/08/2023 17:31",,https://www.facebook.com/reel/1309361138447322/,0,0,Reels,,,,,07/10/2023,0,,,,,,10,0,0,0,0,19.884,3.910
1024517422240341,100064197037125,"PC Merchandise","𝐢𝟑 𝟏𝟐𝟏𝟎𝟎𝐅 w/ 𝐑𝐗 𝟔𝟔𝟎𝟎
𝐆𝐀𝐌𝐈𝐍𝐆 𝐁𝐔𝐈𝐋𝐃
#PCMERCHANDISE #PCMBUILDS",,33,"07/08/2023 17:31",,https://www.facebook.com/reel/1309361138447322/,0,0,Reels,,,,,07/11/2023,0,,,,,,11,0,0,0,0,19.751,3.507
1024517422240341,100064197037125,"PC Merchandise","𝐢𝟑 𝟏𝟐𝟏𝟎𝟎𝐅 w/ 𝐑𝐗 𝟔𝟔𝟎𝟎
𝐆𝐀𝐌𝐈𝐍𝐆 𝐁𝐔𝐈𝐋𝐃
#PCMERCHANDISE #PCMBUILDS",,33,"07/08/2023 17:31",,https://www.facebook.com/reel/1309361138447322/,0,0,Reels,,,,,07/12/2023,0,,,,,,9,0,0,0,0,25.348,3.022
1024517422240341,100064197037125,"PC Merchandise","𝐢𝟑 𝟏𝟐𝟏𝟎𝟎𝐅 w/ 𝐑𝐗 𝟔𝟔𝟎𝟎
𝐆𝐀𝐌𝐈𝐍𝐆 𝐁𝐔𝐈𝐋𝐃
#PCMERCHANDISE #PCMBUILDS",,33,"07/08/2023 17:31",,https://www.facebook.com/reel/1309361138447322/,0,0,Reels,,,,,07/13/2023,0,,,,,,3,0,0,0,0,11.971,3.437
1024517422240341,100064197037125,"PC Merchandise","𝐢𝟑 𝟏𝟐𝟏𝟎𝟎𝐅 w/ 𝐑𝐗 𝟔𝟔𝟎𝟎
𝐆𝐀𝐌𝐈𝐍𝐆 𝐁𝐔𝐈𝐋𝐃
#PCMERCHANDISE #PCMBUILDS",,33,"07/08/2023 17:31",,https://www.facebook.com/reel/1309361138447322/,0,0,Reels,,,,,07/14/2023,0,,,,,,8,0,0,0,0,14.069,2.911
1024517422240341,100064197037125,"PC Merchandise","𝐢𝟑 𝟏𝟐𝟏𝟎𝟎𝐅 w/ 𝐑𝐗 𝟔𝟔𝟎𝟎
𝐆𝐀𝐌𝐈𝐍𝐆 𝐁𝐔𝐈𝐋𝐃
#PCMERCHANDISE #PCMBUILDS",,33,"07/08/2023 17:31",,https://www.facebook.com/reel/1309361138447322/,0,0,Reels,,,,,07/15/2023,0,,,,,,6,0,0,0,0,13.464,3.467
1024517422240341,100064197037125,"PC Merchandise","𝐢𝟑 𝟏𝟐𝟏𝟎𝟎𝐅 w/ 𝐑𝐗 𝟔𝟔𝟎𝟎
𝐆𝐀𝐌𝐈𝐍𝐆 𝐁𝐔𝐈𝐋𝐃
#PCMERCHANDISE #PCMBUILDS",,33,"07/08/2023 17:31",,https://www.facebook.com/reel/1309361138447322/,0,0,Reels,,,,,07/16/2023,0,,,,,,8,0,0,0,0,5.584,4.295
1024517422240341,100064197037125,"PC Merchandise","𝐢𝟑 𝟏𝟐𝟏𝟎𝟎𝐅 w/ 𝐑𝐗 𝟔𝟔𝟎𝟎
𝐆𝐀𝐌𝐈𝐍𝐆 𝐁𝐔𝐈𝐋𝐃
#PCMERCHANDISE #PCMBUILDS",,33,"07/08/2023 17:31",,https://www.facebook.com/reel/1309361138447322/,0,0,Reels,,,,,07/17/2023,0,,,,,,9,0,0,0,0,9.797,2.755
1024517422240341,100064197037125,"PC Merchandise","𝐢𝟑 𝟏𝟐𝟏𝟎𝟎𝐅 w/ 𝐑𝐗 𝟔𝟔𝟎𝟎
𝐆𝐀𝐌𝐈𝐍𝐆 𝐁𝐔𝐈𝐋𝐃
#PCMERCHANDISE #PCMBUILDS",,33,"07/08/2023 17:31",,https://www.facebook.com/reel/1309361138447322/,0,0,Reels,,,,,07/18/2023,0,,,,,,5,0,0,0,0,8.466,4.260
1024517422240341,100064197037125,"PC Merchandise","𝐢𝟑 𝟏𝟐𝟏𝟎𝟎𝐅 w/ 𝐑𝐗 𝟔𝟔𝟎𝟎
𝐆𝐀𝐌𝐈𝐍𝐆 𝐁𝐔𝐈𝐋𝐃
#PCMERCHANDISE #PCMBUILDS",,33,"07/08/2023 17:31",,https://www.facebook.com/reel/1309361138447322/,0,0,Reels,,,,,07/19/2023,0,,,,,,10,0,0,0,0,4.198,2.885
1024517422240341,100064197037125,"PC Merchandise","𝐢𝟑 𝟏𝟐𝟏𝟎𝟎𝐅 w/ 𝐑𝐗 𝟔𝟔𝟎𝟎
𝐆𝐀𝐌𝐈𝐍𝐆 𝐁𝐔𝐈𝐋𝐃
#PCMERCHANDISE #PCMBUILDS",,33,"07/08/2023 17:31",,https://www.facebook.com/reel/1309361138447322/,0,0,Reels,,,,,07/20/2023,0,,,,,,0,0,0,0,0,4.513,4.785
1024517422240341,100064197037125,"PC Merchandise","𝐢𝟑 𝟏𝟐𝟏𝟎𝟎𝐅 w/ 𝐑𝐗 𝟔𝟔𝟎𝟎
𝐆𝐀𝐌𝐈𝐍𝐆 𝐁𝐔𝐈𝐋𝐃
#PCMERCHANDISE #PCMBUILDS",,33,"07/08/2023 17:31",,https://www.facebook.com/reel/1309361138447322/,0,0,Reels,,,,,07/21/2023,0,,,,,,0,0,0,0,0,5.442,1.500
1024517422240341,100064197037125,"PC Merchandise","𝐢𝟑 𝟏𝟐𝟏𝟎𝟎𝐅 w/ 𝐑𝐗 𝟔𝟔𝟎𝟎
𝐆𝐀𝐌𝐈𝐍𝐆 𝐁𝐔𝐈𝐋𝐃
#PCMERCHANDISE #PCMBUILDS",,33,"07/08/2023 17:31",,https://www.facebook.com/reel/1309361138447322/,0,0,Reels,,,,,07/22/2023,0,,,,,,0,0,0,0,0,5.706,3.287
1024517422240341,100064197037125,"PC Merchandise","𝐢𝟑 𝟏𝟐𝟏𝟎𝟎𝐅 w/ 𝐑𝐗 𝟔𝟔𝟎𝟎
𝐆𝐀𝐌𝐈𝐍𝐆 𝐁𝐔𝐈𝐋𝐃
#PCMERCHANDISE #PCMBUILDS",,33,"07/08/2023 17:31",,https://www.facebook.com/reel/1309361138447322/,0,0,Reels,,,,,07/23/2023,0,,,,,,0,0,0,0,0,3.721,3.188
1024517422240341,100064197037125,"PC Merchandise","𝐢𝟑 𝟏𝟐𝟏𝟎𝟎𝐅 w/ 𝐑𝐗 𝟔𝟔𝟎𝟎
𝐆𝐀𝐌𝐈𝐍𝐆 𝐁𝐔𝐈𝐋𝐃
#PCMERCHANDISE #PCMBUILDS",,33,"07/08/2023 17:31",,https://www.facebook.com/reel/1309361138447322/,0,0,Reels,,,,,07/24/2023,0,,,,,,0,0,0,0,0,3.087,3.933
1024517422240341,100064197037125,"PC Merchandise","𝐢𝟑 𝟏𝟐𝟏𝟎𝟎𝐅 w/ 𝐑𝐗 𝟔𝟔𝟎𝟎
𝐆𝐀𝐌𝐈𝐍𝐆 𝐁𝐔𝐈𝐋𝐃
#PCMERCHANDISE #PCMBUILDS",,33,"07/08/2023 17:31",,https://www.facebook.com/reel/1309361138447322/,0,0,Reels,,,,,07/25/2023,0,,,,,,0,0,0,0,0,4.680,3.228
1024517422240341,100064197037125,"PC Merchandise","𝐢𝟑 𝟏𝟐𝟏𝟎𝟎𝐅 w/ 𝐑𝐗 𝟔𝟔𝟎𝟎
𝐆𝐀𝐌𝐈𝐍𝐆 𝐁𝐔𝐈𝐋𝐃
#PCMERCHANDISE #PCMBUILDS",,33,"07/08/2023 17:31",,https://www.facebook.com/reel/1309361138447322/,0,0,Reels,,,,,07/26/2023,0,,,,,,0,0,0,0,0,3.076,3.480
1024517422240341,100064197037125,"PC Merchandise","𝐢𝟑 𝟏𝟐𝟏𝟎𝟎𝐅 w/ 𝐑𝐗 𝟔𝟔𝟎𝟎
𝐆𝐀𝐌𝐈𝐍𝐆 𝐁𝐔𝐈𝐋𝐃
#PCMERCHANDISE #PCMBUILDS",,33,"07/08/2023 17:31",,https://www.facebook.com/reel/1309361138447322/,0,0,Reels,,,,,07/27/2023,0,,,,,,0,0,0,0,0,5.667,2.453
1024517422240341,100064197037125,"PC Merchandise","𝐢𝟑 𝟏𝟐𝟏𝟎𝟎𝐅 w/ 𝐑𝐗 𝟔𝟔𝟎𝟎
𝐆𝐀𝐌𝐈𝐍𝐆 𝐁𝐔𝐈𝐋𝐃
#PCMERCHANDISE #PCMBUILDS",,33,"07/08/2023 17:31",,https://www.facebook.com/reel/1309361138447322/,0,0,Reels,,,,,07/28/2023,0,,,,,,0,0,0,0,0,3.374,3.413
1024517422240341,100064197037125,"PC Merchandise","𝐢𝟑 𝟏𝟐𝟏𝟎𝟎𝐅 w/ 𝐑𝐗 𝟔𝟔𝟎𝟎
𝐆𝐀𝐌𝐈𝐍𝐆 𝐁𝐔𝐈𝐋𝐃
#PCMERCHANDISE #PCMBUILDS",,33,"07/08/2023 17:31",,https://www.facebook.com/reel/1309361138447322/,0,0,Reels,,,,,07/29/2023,0,,,,,,0,0,0,0,0,4.318,3.021
1024517422240341,100064197037125,"PC Merchandise","𝐢𝟑 𝟏𝟐𝟏𝟎𝟎𝐅 w/ 𝐑𝐗 𝟔𝟔𝟎𝟎
𝐆𝐀𝐌𝐈𝐍𝐆 𝐁𝐔𝐈𝐋𝐃
#PCMERCHANDISE #PCMBUILDS",,33,"07/08/2023 17:31",,https://www.facebook.com/reel/1309361138447322/,0,0,Reels,,,,,07/30/2023,0,,,,,,0,0,0,0,0,4.258,3.710
1024517422240341,100064197037125,"PC Merchandise","𝐢𝟑 𝟏𝟐𝟏𝟎𝟎𝐅 w/ 𝐑𝐗 𝟔𝟔𝟎𝟎
𝐆𝐀𝐌𝐈𝐍𝐆 𝐁𝐔𝐈𝐋𝐃
#PCMERCHANDISE #PCMBUILDS",,33,"07/08/2023 17:31",,https://www.facebook.com/reel/1309361138447322/,0,0,Reels,,,,,07/31/2023,0,,,,,,0,0,0,0,0,2.236,2.590
1024839513827083,100064197037125,"PC Merchandise","READY STOCK: i3 12100F / RTX 3050 builds. Same-day assembly. PM NOW!",,87,"07/08/2023 03:15",auto,https://www.facebook.com/reel/1523641141373041/,0,0,Reels,,,,,07/01/2023,0,,,,,,0,0,0,0,0,0.000,5.796
1024839513827083,100064197037125,"PC Merchandise","READY STOCK: i3 12100F / RTX 3050 builds. Same-day assembly. PM NOW!",,87,"07/08/2023 03:15",auto,https://www.facebook.com/reel/1523641141373041/,0,0,Reels,,,,,07/02/2023,0,,,,,,0,0,0,0,0,0.000,4.501
1024839513827083,100064197037125,"PC Merchandise","READY STOCK: i3 12100F / RTX 3050 builds. Same-day assembly. PM NOW!",,87,"07/08/2023 03:15",auto,https://www.facebook.com/reel/1523641141373041/,0,0,Reels,,,,,07/03/2023,0,,,,,,0,0,0,0,0,0.000,6.359
1024839513827083,100064197037125,"PC Merchandise","READY STOCK: i3 12100F / RTX 3050 builds. Same-day assembly. PM NOW!",,87,"07/08/2023 03:15",auto,https://www.facebook.com/reel/1523641141373041/,0,0,Reels,,,,,07/04/2023,0,,,,,,0,0,0,0,0,0.000,5.082
1024839513827083,100064197037125,"PC Merchandise","READY STOCK: i3 12100F / RTX 3050 builds. Same-day assembly. PM NOW!",,87,"07/08/2023 03:15",auto,https://www.facebook.com/reel/1523641141373041/,0,0,Reels,,,,,07/05/2023,0,,,,,,0,0,0,0,0,0.000,5.521
1024839513827083,100064197037125,"PC Merchandise","READY STOCK: i3 12100F / RTX 3050 builds. Same-day assembly. PM NOW!",,87,"07/08/2023 03:15",auto,https://www.facebook.com/reel/1523641141373041/,0,0,Reels,,,,,07/06/2023,0,,,,,,0,0,0,0,0,0.000,5.127
1024839513827083,100064197037125,"PC Merchandise","READY STOCK: i3 12100F / RTX 3050 builds. Same-day assembly. PM NOW!",,87,"07/08/2023 03:15",auto,https://www.facebook.com/reel/1523641141373041/,0,0,Reels,,,,,07/07/2023,0,,,,,,0,0,0,0,0,0.000,4.442
1024839513827083,100064197037125,"PC Merchandise","READY STOCK: i3 12100F / RTX 3050 builds. Same-day assembly. PM NOW!",,87,"07/08/2023 03:15",auto,https://www.facebook.com/reel/1523641141373041/,0,0,Reels,,,,,07/08/2023,0,,,,,,0,0,0,0,0,6.324,4.030
1024839513827083,100064197037125,"PC Merchandise","READY STOCK: i3 12100F / RTX 3050 builds. Same-day assembly. PM NOW!",,87,"07/08/2023 03:15",auto,https://www.facebook.com/reel/1523641141373041/,0,0,Reels,,,,,07/09/2023,0,,,,,,0,0,0,0,0,6.101,5.416
1024839513827083,100064197037125,"PC Merchandise","READY STOCK: i3 12100F / RTX 3050 builds. Same-day assembly. PM NOW!",,87,"07/08/2023 03:15",auto,https://www.facebook.com/reel/1523641141373041/,0,0,Reels,,,,,07/10/2023,0,,,,,,0,0,0,0,0,5.090,4.044
1024839513827083,100064197037125,"PC Merchandise","READY STOCK: i3 12100F / RTX 3050 builds. Same-day assembly. PM NOW!",,87,"07/08/2023 03:15",auto,https://www.facebook.com/reel/1523641141373041/,0,0,Reels,,,,,07/11/2023,0,,,,,,0,0,0,0,0,4.408,5.921
1024839513827083,100064197037125,"PC Merchandise","READY STOCK: i3 12100F / RTX 3050 builds. Same-day assembly. PM NOW!",,87,"07/08/2023 03:15",auto,https://www.facebook.com/reel/1523641141373041/,0,0,Reels,,,,,07/12/2023,0,,,,,,0,0,0,0,0,2.892,5.990
1024839513827083,100064197037125,"PC Merchandise","READY STOCK: i3 12100F / RTX 3050 builds. Same-day assembly. PM NOW!",,87,"07/08/2023 03:15",auto,https://www.facebook.com/reel/1523641141373041/,0,0,Reels,,,,,07/13/2023,0,,,,,,0,0,0,0,0,3.625,5.207
1024839513827083,100064197037125,"PC Merchandise","READY STOCK: i3 12100F / RTX 3050 builds. Same-day assembly. PM NOW!",,87,"07/08/2023 03:15",auto,https://www.facebook.com/reel/1523641141373041/,0,0,Reels,,,,,07/14/2023,0,,,,,,0,0,0,0,0,1.309,6.151
1024839513827083,100064197037125,"PC Merchandise","READY STOCK: i3 12100F / RTX 3050 builds. Same-day assembly. PM NOW!",,87,"07/08/2023 03:15",auto,https://www.facebook.com/reel/1523641141373041/,0,0,Reels,,,,,07/15/2023,0,,,,,,0,0,0,0,0,1.241,6.119
1024839513827083,100064197037125,"PC Merchandise","READY STOCK: i3 12100F / RTX 3050 builds. Same-day assembly. PM NOW!",,87,"07/08/2023 03:15",auto,https://www.facebook.com/reel/1523641141373041/,0,0,Reels,,,,,07/16/2023,0,,,,,,0,0,0,0,0,0.739,5.141
1024839513827083,100064197037125,"PC Merchandise","READY STOCK: i3 12100F / RTX 3050 builds. Same-day assembly. PM NOW!",,87,"07/08/2023 03:15",auto,https://www.facebook.com/reel/1523641141373041/,0,0,Reels,,,,,07/17/2023,0,,,,,,0,0,0,0,0,1.033,5.380
1024839513827083,100064197037125,"PC Merchandise","READY STOCK: i3 12100F / RTX 3050 builds. Same-day assembly. PM NOW!",,87,"07/08/2023 03:15",auto,https://www.facebook.com/reel/1523641141373041/,0,0,Reels,,,,,07/18/2023,0,,,,,,0,0,0,0,0,0.821,5.263
1024839513827083,100064197037125,"PC Merchandise","READY STOCK: i3 12100F / RTX 3050 builds. Same-day assembly. PM NOW!",,87,"07/08/2023 03:15",auto,https://www.facebook.com/reel/1523641141373041/,0,0,Reels,,,,,07/19/2023,0,,,,,,0,0,0,0,0,1.183,6.222
1024839513827083,100064197037125,"PC Merchandise","READY STOCK: i3 12100F / RTX 3050 builds. Same-day assembly. PM NOW!",,87,"07/08/2023 03:15",auto,https://www.facebook.com/reel/1523641141373041/,0,0,Reels,,,,,07/20/2023,0,,,,,,0,0,0,0,0,0.569,6.521
1024839513827083,100064197037125,"PC Merchandise","READY STOCK: i3 12100F / RTX 3050 builds. Same-day assembly. PM NOW!",,87,"07/08/2023 03:15",auto,https://www.facebook.com/reel/1523641141373041/,0,0,Reels,,,,,07/21/2023,0,,,,,,0,0,0,0,0,0.378,5.030
1024839513827083,100064197037125,"PC Merchandise","READY STOCK: i3 12100F / RTX 3050 builds. Same-day assembly. PM NOW!",,87,"07/08/2023 03:15",auto,https://www.facebook.com/reel/1523641141373041/,0,0,Reels,,,,,07/22/2023,0,,,,,,0,0,0,0,0,0.774,4.389
1024839513827083,100064197037125,"PC Merchandise","READY STOCK: i3 12100F / RTX 3050 builds. Same-day assembly. PM NOW!",,87,"07/08/2023 03:15",auto,https://www.facebook.com/reel/1523641141373041/,0,0,Reels,,,,,07/23/2023,0,,,,,,0,0,0,0,0,0.482,5.201
1024839513827083,100064197037125,"PC Merchandise","READY STOCK: i3 12100F / RTX 3050 builds. Same-day assembly. PM NOW!",,87,"07/08/2023 03:15",auto,https://www.facebook.com/reel/1523641141373041/,0,0,Reels,,,,,07/24/2023,0,,,,,,0,0,0,0,0,0.523,5.446
1024839513827083,100064197037125,"PC Merchandise","READY STOCK: i3 12100F / RTX 3050 builds. Same-day assembly. PM NOW!",,87,"07/08/2023 03:15",auto,https://www.facebook.com/reel/1523641141373041/,0,0,Reels,,,,,07/25/2023,0,,,,,,0,0,0,0,0,0.359,5.338
1024839513827083,100064197037125,"PC Merchandise","READY STOCK: i3 12100F / RTX 3050 builds. Same-day assembly. PM NOW!",,87,"07/08/2023 03:15",auto,https://www.facebook.com/reel/1523641141373041/,0,0,Reels,,,,,07/26/2023,0,,,,,,0,0,0,0,0,0.496,4.634
1024839513827083,100064197037125,"PC Merchandise","READY STOCK: i3 12100F / RTX 3050 builds. Same-day assembly. PM NOW!",,87,"07/08/2023 03:15",auto,https://www.facebook.com/reel/1523641141373041/,0,0,Reels,,,,,07/27/2023,0,,,,,,0,0,0,0,0,0.557,5.126
1024839513827083,100064197037125,"PC Merchandise","READY STOCK: i3 12100F / RTX 3050 builds. Same-day assembly. PM NOW!",,87,"07/08/2023 03:15",auto,https://www.facebook.com/reel/1523641141373041/,0,0,Reels,,,,,07/28/2023,0,,,,,,0,0,0,0,0,0.440,5.082
1024839513827083,100064197037125,"PC Merchandise","READY STOCK: i3 12100F / RTX 3050 builds. Same-day assembly. PM NOW!",,87,"07/08/2023 03:15",auto,https://www.facebook.com/reel/1523641141373041/,0,0,Reels,,,,,07/29/2023,0,,,,,,0,0,0,0,0,0.339,5.410
1024839513827083,100064197037125,"PC Merchandise","READY STOCK: i3 12100F / RTX 3050 builds. Same-day assembly. PM NOW!",,87,"07/08/2023 03:15",auto,https://www.facebook.com/reel/1523641141373041/,0,0,Reels,,,,,07/30/2023,0,,,,,,0,0,0,0,0,0.340,4.668
1024839513827083,100064197037125,"PC Merchandise","READY STOCK: i3 12100F / RTX 3050 builds. Same-day assembly. PM NOW!",,87,"07/08/2023 03:15",auto,https://www.facebook.com/reel/1523641141373041/,0,0,Reels,,,,,07/31/2023,0,,,,,,0,0,0,0,0,0.466,5.340
1024700346185566,100064197037125,"PC Merchandise","Do you want an aesthetic build that matches your gaming needs? i5 12400F builds available now!",,76,"07/08/2023 00:30",auto,https://www.facebook.com/reel/1496141310632687/,0,0,Reels,,,,,07/01/2023,0,,,,,,0,0,0,0,0,0.000,3.948
1024700346185566,100064197037125,"PC Merchandise","Do you want an aesthetic build that matches your gaming needs? i5 12400F builds available now!",,76,"07/08/2023 00:30",auto,https://www.facebook.com/reel/1496141310632687/,0,0,Reels,,,,,07/02/2023,0,,,,,,0,0,0,0,0,0.000,6.119
1024700346185566,100064197037125,"PC Merchandise","Do you want an aesthetic build that matches your gaming needs? i5 12400F builds available now!",,76,"07/08/2023 00:30",auto,https://www.facebook.com/reel/1496141310632687/,0,0,Reels,,,,,07/03/2023,0,,,,,,0,0,0,0,0,0.000,5.756
1024700346185566,100064197037125,"PC Merchandise","Do you want an aesthetic build that matches your gaming needs? i5 12400F builds available now!",,76,"07/08/2023 00:30",auto,https://www.facebook.com/reel/1496141310632687/,0,0,Reels,,,,,07/04/2023,0,,,,,,0,0,0,0,0,0.000,4.299
1024700346185566,100064197037125,"PC Merchandise","Do you want an aesthetic build that matches your gaming needs? i5 12400F builds available now!",,76,"07/08/2023 00:30",auto,https://www.facebook.com/reel/1496141310632687/,0,0,Reels,,,,,07/05/2023,0,,,,,,0,0,0,0,0,0.000,4.336
1024700346185566,100064197037125,"PC Merchandise","Do you want an aesthetic build that matches your gaming needs? i5 12400F builds available now!",,76,"07/08/2023 00:30",auto,https://www.facebook.com/reel/1496141310632687/,0,0,Reels,,,,,07/06/2023,0,,,,,,0,0,0,0,0,0.000,4.774
1024700346185566,100064197037125,"PC Merchandise","Do you want an aesthetic build that matches your gaming needs? i5 12400F builds available now!",,76,"07/08/2023 00:30",auto,https://www.facebook.com/reel/1496141310632687/,0,0,Reels,,,,,07/07/2023,0,,,,,,0,0,0,0,0,0.000,3.097
1024700346185566,100064197037125,"PC Merchandise","Do you want an aesthetic build that matches your gaming needs? i5 12400F builds available now!",,76,"07/08/2023 00:30",auto,https://www.facebook.com/reel/1496141310632687/,0,0,Reels,,,,,07/08/2023,0,,,,,,0,0,1,1,0,203.755,4.335
1024700346185566,100064197037125,"PC Merchandise","Do you want an aesthetic build that matches your gaming needs? i5 12400F builds available now!",,76,"07/08/2023 00:30",auto,https://www.facebook.com/reel/1496141310632687/,0,0,Reels,,,,,07/09/2023,0,,,,,,0,0,0,0,0,138.873,5.650
1024700346185566,100064197037125,"PC Merchandise","Do you want an aesthetic build that matches your gaming needs? i5 12400F builds available now!",,76,"07/08/2023 00:30",auto,https://www.facebook.com/reel/1496141310632687/,0,0,Reels,,,,,07/10/2023,0,,,,,,0,0,0,0,0,165.541,4.598
1024700346185566,100064197037125,"PC Merchandise","Do you want an aesthetic build that matches your gaming needs? i5 12400F builds available now!",,76,"07/08/2023 00:30",auto,https://www.facebook.com/reel/1496141310632687/,0,0,Reels,,,,,07/11/2023,0,,,,,,0,0,0,0,0,53.371,4.009
1024700346185566,100064197037125,"PC Merchandise","Do you want an aesthetic build that matches your gaming needs? i5 12400F builds available now!",,76,"07/08/2023 00:30",auto,https://www.facebook.com/reel/1496141310632687/,0,0,Reels,,,,,07/12/2023,0,,,,,,0,0,0,0,0,85.205,3.926
1024700346185566,100064197037125,"PC Merchandise","Do you want an aesthetic build that matches your gaming needs? i5 12400F builds available now!",,76,"07/08/2023 00:30",auto,https://www.facebook.com/reel/1496141310632687/,0,0,Reels,,,,,07/13/2023,0,,,,,,0,0,0,0,0,84.503,4.457
1024700346185566,100064197037125,"PC Merchandise","Do you want an aesthetic build that matches your gaming needs? i5 12400F builds available now!",,76,"07/08/2023 00:30",auto,https://www.facebook.com/reel/1496141310632687/,0,0,Reels,,,,,07/14/2023,0,,,,,,0,0,0,0,0,45.980,4.747
1024700346185566,100064197037125,"PC Merchandise","Do you want an aesthetic build that matches your gaming needs? i5 12400F builds available now!",,76,"07/08/2023 00:30",auto,https://www.facebook.com/reel/1496141310632687/,0,0,Reels,,,,,07/15/2023,0,,,,,,0,0,0,0,0,22.771,4.115
1024700346185566,100064197037125,"PC Merchandise","Do you want an aesthetic build that matches your gaming needs? i5 12400F builds available now!",,76,"07/08/2023 00:30",auto,https://www.facebook.com/reel/1496141310632687/,0,0,Reels,,,,,07/16/2023,0,,,,,,0,0,0,0,0,12.722,4.930
1024700346185566,100064197037125,"PC Merchandise","Do you want an aesthetic build that matches your gaming needs? i5 12400F builds available now!",,76,"07/08/2023 00:30",auto,https://www.facebook.com/reel/1496141310632687/,0,0,Reels,,,,,07/17/2023,0,,,,,,0,0,0,0,0,25.304,4.203
1024700346185566,100064197037125,"PC Merchandise","Do you want an aesthetic build that matches your gaming needs? i5 12400F builds available now!",,76,"07/08/2023 00:30",auto,https://www.facebook.com/reel/1496141310632687/,0,0,Reels,,,,,07/18/2023,0,,,,,,0,0,0,0,0,20.976,5.589
1024700346185566,100064197037125,"PC Merchandise","Do you want an aesthetic build that matches your gaming needs? i5 12400F builds available now!",,76,"07/08/2023 00:30",auto,https://www.facebook.com/reel/1496141310632687/,0,0,Reels,,,,,07/19/2023,0,,,,,,0,0,0,0,0,24.724,5.282
1024700346185566,100064197037125,"PC Merchandise","Do you want an aesthetic build that matches your gaming needs? i5 12400F builds available now!",,76,"07/08/2023 00:30",auto,https://www.facebook.com/reel/1496141310632687/,0,0,Reels,,,,,07/20/2023,0,,,,,,0,0,0,0,0,10.354,5.428
1024700346185566,100064197037125,"PC Merchandise","Do you want an aesthetic build that matches your gaming needs? i5 12400F builds available now!",,76,"07/08/2023 00:30",auto,https://www.facebook.com/reel/1496141310632687/,0,0,Reels,,,,,07/21/2023,0,,,,,,0,0,0,0,0,20.337,4.844
1024700346185566,100064197037125,"PC Merchandise","Do you want an aesthetic build that matches your gaming needs? i5 12400F builds available now!",,76,"07/08/2023 00:30",auto,https://www.facebook.com/reel/1496141310632687/,0,0,Reels,,,,,07/22/2023,0,,,,,,0,0,0,0,0,16.343,4.852
1024700346185566,100064197037125,"PC Merchandise","Do you want an aesthetic build that matches your gaming needs? i5 12400F builds available now!",,76,"07/08/2023 00:30",auto,https://www.facebook.com/reel/1496141310632687/,0,0,Reels,,,,,07/23/2023,0,,,,,,0,0,0,0,0,10.950,6.209
1024700346185566,100064197037125,"PC Merchandise","Do you want an aesthetic build that matches your gaming needs? i5 12400F builds available now!",,76,"07/08/2023 00:30",auto,https://www.facebook.com/reel/1496141310632687/,0,0,Reels,,,,,07/24/2023,0,,,,,,0,0,0,0,0,18.040,5.648
1024700346185566,100064197037125,"PC Merchandise","Do you want an aesthetic build that matches your gaming needs? i5 12400F builds available now!",,76,"07/08/2023 00:30",auto,https://www.facebook.com/reel/1496141310632687/,0,0,Reels,,,,,07/25/2023,0,,,,,,0,0,0,0,0,10.115,5.380
1024700346185566,100064197037125,"PC Merchandise","Do you want an aesthetic build that matches your gaming needs? i5 12400F builds available now!",,76,"07/08/2023 00:30",auto,https://www.facebook.com/reel/1496141310632687/,0,0,Reels,,,,,07/26/2023,0,,,,,,0,0,0,0,0,9.338,4.983
1024700346185566,100064197037125,"PC Merchandise","Do you want an aesthetic build that matches your gaming needs? i5 12400F builds available now!",,76,"07/08/2023 00:30",auto,https://www.facebook.com/reel/1496141310632687/,0,0,Reels,,,,,07/27/2023,0,,,,,,0,0,0,0,0,7.387,6.462
1024700346185566,100064197037125,"PC Merchandise","Do you want an aesthetic build that matches your gaming needs? i5 12400F builds available now!",,76,"07/08/2023 00:30",auto,https://www.facebook.com/reel/1496141310632687/,0,0,Reels,,,,,07/28/2023,0,,,,,,0,0,0,0,0,13.173,3.825
1024700346185566,100064197037125,"PC Merchandise","Do you want an aesthetic build that matches your gaming needs? i5 12400F builds available now!",,76,"07/08/2023 00:30",auto,https://www.facebook.com/reel/1496141310632687/,0,0,Reels,,,,,07/29/2023,0,,,,,,0,0,0,0,0,19.671,5.778
1024700346185566,100064197037125,"PC Merchandise","Do you want an aesthetic build that matches your gaming needs? i5 12400F builds available now!",,76,"07/08/2023 00:30",auto,https://www.facebook.com/reel/1496141310632687/,0,0,Reels,,,,,07/30/2023,0,,,,,,0,0,0,0,0,17.720,5.312
1024700346185566,100064197037125,"PC Merchandise","Do you want an aesthetic build that matches your gaming needs? i5 12400F builds available now!",,76,"07/08/2023 00:30",auto,https://www.facebook.com/reel/1496141310632687/,0,0,Reels,,,,,07/31/2023,0,,,,,,0,0,0,0,0,7.178,5.982
1024330863871020,100064197037125,"PC Merchandise","ito na po yung ghost project🥲",,65,"07/06/2023 19:15",uploaded,https://www.facebook.com/reel/1239768898519388/,0,0,Reels,,,,,07/01/2023,0,,,,,,0,0,0,0,0,0.000,4.263
1024330863871020,100064197037125,"PC Merchandise","ito na po yung ghost project🥲",,65,"07/06/2023 19:15",uploaded,https://www.facebook.com/reel/1239768898519388/,0,0,Reels,,,,,07/02/2023,0,,,,,,0,0,0,0,0,0.000,4.766
1024330863871020,100064197037125,"PC Merchandise","ito na po yung ghost project🥲",,65,"07/06/2023 19:15",uploaded,https://www.facebook.com/reel/1239768898519388/,0,0,Reels,,,,,07/03/2023,0,,,,,,0,0,0,0,0,0.000,3.535
1024330863871020,100064197037125,"PC Merchandise","ito na po yung ghost project🥲",,65,"07/06/2023 19:15",uploaded,https://www.facebook.com/reel/1239768898519388/,0,0,Reels,,,,,07/04/2023,0,,,,,,0,0,0,0,0,0.000,4.639
1024330863871020,100064197037125,"PC Merchandise","ito na po yung ghost project🥲",,65,"07/06/2023 19:15",uploaded,https://www.facebook.com/reel/1239768898519388/,0,0,Reels,,,,,07/05/2023,0,,,,,,0,0,0,0,0,0.000,4.654
1024330863871020,100064197037125,"PC Merchandise","ito na po yung ghost project🥲",,65,"07/06/2023 19:15",uploaded,https://www.facebook.com/reel/1239768898519388/,0,0,Reels,,,,,07/06/2023,0,,,,,,0,0,0,0,0,238.653,4.428
1024330863871020,100064197037125,"PC Merchandise","ito na po yung ghost project🥲",,65,"07/06/2023 19:15",uploaded,https://www.facebook.com/reel/1239768898519388/,0,0,Reels,,,,,07/07/2023,0,,,,,,0,0,0,0,0,215.210,4.225
1024330863871020,100064197037125,"PC Merchandise","ito na po yung ghost project🥲",,65,"07/06/2023 19:15",uploaded,https://www.facebook.com/reel/1239768898519388/,0,0,Reels,,,,,07/08/2023,0,,,,,,0,0,0,0,0,177.882,4.079
1024330863871020,100064197037125,"PC Merchandise","ito na po yung ghost project🥲",,65,"07/06/2023 19:15",uploaded,https://www.facebook.com/reel/1239768898519388/,0,0,Reels,,,,,07/09/2023,0,,,,,,0,0,0,0,0,109.580,3.960
1024330863871020,100064197037125,"PC Merchandise","ito na po yung ghost project🥲",,65,"07/06/2023 19:15",uploaded,https://www.facebook.com/reel/1239768898519388/,0,0,Reels,,,,,07/10/2023,0,,,,,,0,0,0,0,0,125.958,4.462
1024330863871020,100064197037125,"PC Merchandise","ito na po yung ghost project🥲",,65,"07/06/2023 19:15",uploaded,https://www.facebook.com/reel/1239768898519388/,0,0,Reels,,,,,07/11/2023,0,,,,,,0,0,0,0,0,66.547,5.232
1024330863871020,100064197037125,"PC Merchandise","ito na po yung ghost project🥲",,65,"07/06/2023 19:15",uploaded,https://www.facebook.com/reel/1239768898519388/,0,0,Reels,,,,,07/12/2023,0,,,,,,0,0,0,0,0,49.632,5.115
1024330863871020,100064197037125,"PC Merchandise","ito na po yung ghost project🥲",,65,"07/06/2023 19:15",uploaded,https://www.facebook.com/reel/1239768898519388/,0,0,Reels,,,,,07/13/2023,0,,,,,,0,0,0,0,0,71.132,4.906
1024330863871020,100064197037125,"PC Merchandise","ito na po yung ghost project🥲",,65,"07/06/2023 19:15",uploaded,https://www.facebook.com/reel/1239768898519388/,0,0,Reels,,,,,07/14/2023,0,,,,,,0,0,0,0,0,27.798,4.392
1024330863871020,100064197037125,"PC Merchandise","ito na po yung ghost project🥲",,65,"07/06/2023 19:15",uploaded,https://www.facebook.com/reel/1239768898519388/,0,0,Reels,,,,,07/15/2023,0,,,,,,0,0,0,0,0,21.896,4.267
1024330863871020,100064197037125,"PC Merchandise","ito na po yung ghost project🥲",,65,"07/06/2023 19:15",uploaded,https://www.facebook.com/reel/1239768898519388/,0,0,Reels,,,,,07/16/2023,0,,,,,,0,0,0,0,0,20.776,5.900
1024330863871020,100064197037125,"PC Merchandise","ito na po yung ghost project🥲",,65,"07/06/2023 19:15",uploaded,https://www.facebook.com/reel/1239768898519388/,0,0,Reels,,,,,07/17/2023,0,,,,,,0,0,0,0,0,36.256,5.828
1024330863871020,100064197037125,"PC Merchandise","ito na po yung ghost project🥲",,65,"07/06/2023 19:15",uploaded,https://www.facebook.com/reel/1239768898519388/,0,0,Reels,,,,,07/18/2023,0,,,,,,0,0,0,0,0,11.486,3.354
1024330863871020,100064197037125,"PC Merchandise","ito na po yung ghost project🥲",,65,"07/06/2023 19:15",uploaded,https://www.facebook.com/reel/1239768898519388/,0,0,Reels,,,,,07/19/2023,0,,,,,,0,0,0,0,0,10.505,4.741
1024330863871020,100064197037125,"PC Merchandise","ito na po yung ghost project🥲",,65,"07/06/2023 19:15",uploaded,https://www.facebook.com/reel/1239768898519388/,0,0,Reels,,,,,07/20/2023,0,,,,,,0,0,0,0,0,15.433,5.634
1024330863871020,100064197037125,"PC Merchandise","ito na po yung ghost project🥲",,65,"07/06/2023 19:15",uploaded,https://www.facebook.com/reel/1239768898519388/,0,0,Reels,,,,,07/21/2023,0,,,,,,0,0,0,0,0,25.683,5.296
1024330863871020,100064197037125,"PC Merchandise","ito na po yung ghost project🥲",,65,"07/06/2023 19:15",uploaded,https://www.facebook.com/reel/1239768898519388/,0,0,Reels,,,,,07/22/2023,0,,,,,,0,0,0,0,0,12.877,4.573
1024330863871020,100064197037125,"PC Merchandise","ito na po yung ghost project🥲",,65,"07/06/2023 19:15",uploaded,https://www.facebook.com/reel/1239768898519388/,0,0,Reels,,,,,07/23/2023,0,,,,,,0,0,0,0,0,14.652,4.525
1024330863871020,100064197037125,"PC Merchandise","ito na po yung ghost project🥲",,65,"07/06/2023 19:15",uploaded,https://www.facebook.com/reel/1239768898519388/,0,0,Reels,,,,,07/24/2023,0,,,,,,0,0,0,0,0,17.288,5.443
1024330863871020,100064197037125,"PC Merchandise","ito na po yung ghost project🥲",,65,"07/06/2023 19:15",uploaded,https://www.facebook.com/reel/1239768898519388/,0,0,Reels,,,,,07/25/2023,0,,,,,,0,0,0,0,0,18.281,4.744
1024330863871020,100064197037125,"PC Merchandise","ito na po yung ghost project🥲",,65,"07/06/2023 19:15",uploaded,https://www.facebook.com/reel/1239768898519388/,0,0,Reels,,,,,07/26/2023,0,,,,,,0,0,0,0,0,9.579,4.581
1024330863871020,100064197037125,"PC Merchandise","ito na po yung ghost project🥲",,65,"07/06/2023 19:15",uploaded,https://www.facebook.com/reel/1239768898519388/,0,0,Reels,,,,,07/27/2023,0,,,,,,0,0,0,0,0,15.232,4.247
1024330863871020,100064197037125,"PC Merchandise","ito na po yung ghost project🥲",,65,"07/06/2023 19:15",uploaded,https://www.facebook.com/reel/1239768898519388/,0,0,Reels,,,,,07/28/2023,0,,,,,,0,0,0,0,0,14.934,4.473
1024330863871020,100064197037125,"PC Merchandise","ito na po yung ghost project🥲",,65,"07/06/2023 19:15",uploaded,https://www.facebook.com/reel/1239768898519388/,0,0,Reels,,,,,07/29/2023,0,,,,,,0,0,0,0,0,14.728,5.020
1024330863871020,100064197037125,"PC Merchandise","ito na po yung ghost project🥲",,65,"07/06/2023 19:15",uploaded,https://www.facebook.com/reel/1239768898519388/,0,0,Reels,,,,,07/30/2023,0,,,,,,0,0,0,0,0,16.839,3.470
1024330863871020,100064197037125,"PC Merchandise","ito na po yung ghost project🥲",,65,"07/06/2023 19:15",uploaded,https://www.facebook.com/reel/1239768898519388/,0,0,Reels,,,,,07/31/2023,0,,,,,,0,0,0,0,0,23.855,3.146
1024959194968777,100064197037125,"PC Merchandise","Negosyo starts today! Complete computer shop packages ready. PM now!

𝐂𝐎𝐌𝐒𝐇𝐎𝐏 𝐏𝐑𝐈𝐂𝐄𝐋𝐈𝐒𝐓 >>>
https://pcmerchandise.live/2023-GAMING-BUILDS",,42,"07/06/2023 19:00",,https://www.facebook.com/reel/1034410457598192/,0,0,Reels,,,,,07/01/2023,0,,,,,,0,0,0,0,0,0.000,7.170
1024959194968777,100064197037125,"PC Merchandise","Negosyo starts today! Complete computer shop packages ready. PM now!

𝐂𝐎𝐌𝐒𝐇𝐎𝐏 𝐏𝐑𝐈𝐂𝐄𝐋𝐈𝐒𝐓 >>>
https://pcmerchandise.live/2023-GAMING-BUILDS",,42,"07/06/2023 19:00",,https://www.facebook.com/reel/1034410457598192/,0,0,Reels,,,,,07/02/2023,0,,,,,,0,0,0,0,0,0.000,5.421
1024959194968777,100064197037125,"PC Merchandise","Negosyo starts today! Complete computer shop packages ready. PM now!

𝐂𝐎𝐌𝐒𝐇𝐎𝐏 𝐏𝐑𝐈𝐂𝐄𝐋𝐈𝐒𝐓 >>>
https://pcmerchandise.live/2023-GAMING-BUILDS",,42,"07/06/2023 19:00",,https://www.facebook.com/reel/1034410457598192/,0,0,Reels,,,,,07/03/2023,0,,,,,,0,0,0,0,0,0.000,6.238
1024959194968777,100064197037125,"PC Merchandise","Negosyo starts today! Complete computer shop packages ready. PM now!

𝐂𝐎𝐌𝐒𝐇𝐎𝐏 𝐏𝐑𝐈𝐂𝐄𝐋𝐈𝐒𝐓 >>>
https://pcmerchandise.live/2023-GAMING-BUILDS",,42,"07/06/2023 19:00",,https://www.facebook.com/reel/1034410457598192/,0,0,Reels,,,,,07/04/2023,0,,,,,,0,0,0,0,0,0.000,6.140
1024959194968777,100064197037125,"PC Merchandise","Negosyo starts today! Complete computer shop packages ready. PM now!

𝐂𝐎𝐌𝐒𝐇𝐎𝐏 𝐏𝐑𝐈𝐂𝐄𝐋𝐈𝐒𝐓 >>>
https://pcmerchandise.live/2023-GAMING-BUILDS",,42,"07/06/2023 19:00",,https://www.facebook.com/reel/1034410457598192/,0,0,Reels,,,,,07/05/2023,0,,,,,,0,0,0,0,0,0.000,7.046
1024959194968777,100064197037125,"PC Merchandise","Negosyo starts today! Complete computer shop packages ready. PM now!

𝐂𝐎𝐌𝐒𝐇𝐎𝐏 𝐏𝐑𝐈𝐂𝐄𝐋𝐈𝐒𝐓 >>>
https://pcmerchandise.live/2023-GAMING-BUILDS",,42,"07/06/2023 19:00",,https://www.facebook.com/reel/1034410457598192/,0,0,Reels,,,,,07/06/2023,0,,,,,,213,0,0,0,0,1442.898,6.666
1024959194968777,100064197037125,"PC Merchandise","Negosyo starts today! Complete computer shop packages ready. PM now!

𝐂𝐎𝐌𝐒𝐇𝐎𝐏 𝐏𝐑𝐈𝐂𝐄𝐋𝐈𝐒𝐓 >>>
https://pcmerchandise.live/2023-GAMING-BUILDS",,42,"07/06/2023 19:00",,https://www.facebook.com/reel/1034410457598192/,0,0,Reels,,,,,07/07/2023,0,,,,,,249,0,0,0,0,956.281,5.130
1024959194968777,100064197037125,"PC Merchandise","Negosyo starts today! Complete computer shop packages ready. PM now!

𝐂𝐎𝐌𝐒𝐇𝐎𝐏 𝐏𝐑𝐈𝐂𝐄𝐋𝐈𝐒𝐓 >>>
https://pcmerchandise.live/2023-GAMING-BUILDS",,42,"07/06/2023 19:00",,https://www.facebook.com/reel/1034410457598192/,0,0,Reels,,,,,07/08/2023,0,,,,,,243,0,0,0,0,858.830,6.041
1024959194968777,100064197037125,"PC Merchandise","Negosyo starts today! Complete computer shop packages ready. PM now!

𝐂𝐎𝐌𝐒𝐇𝐎𝐏 𝐏𝐑𝐈𝐂𝐄𝐋𝐈𝐒𝐓 >>>
https://pcmerchandise.live/2023-GAMING-BUILDS",,42,"07/06/2023 19:00",,https://www.facebook.com/reel/1034410457598192/,0,0,Reels,,,,,07/09/2023,0,,,,,,238,0,0,0,0,639.095,4.746
1024959194968777,100064197037125,"PC Merchandise","Negosyo starts today! Complete computer shop packages ready. PM now!

𝐂𝐎𝐌𝐒𝐇𝐎𝐏 𝐏𝐑𝐈𝐂𝐄𝐋𝐈𝐒𝐓 >>>
https://pcmerchandise.live/2023-GAMING-BUILDS",,42,"07/06/2023 19:00",,https://www.facebook.com/reel/1034410457598192/,0,0,Reels,,,,,07/10/2023,0,,,,,,230,0,0,0,0,669.540,6.276
1024959194968777,100064197037125,"PC Merchandise","Negosyo starts today! Complete computer shop packages ready. PM now!

𝐂𝐎𝐌𝐒𝐇𝐎𝐏 𝐏𝐑𝐈𝐂𝐄𝐋𝐈𝐒𝐓 >>>
https://pcmerchandise.live/2023-GAMING-BUILDS",,42,"07/06/2023 19:00",,https://www.facebook.com/reel/1034410457598192/,0,0,Reels,,,,,07/11/2023,0,,,,,,246,0,0,0,0,545.419,6.371
1024959194968777,100064197037125,"PC Merchandise","Negosyo starts today! Complete computer shop packages ready. PM now!

𝐂𝐎𝐌𝐒𝐇𝐎𝐏 𝐏𝐑𝐈𝐂𝐄𝐋𝐈𝐒𝐓 >>>
https://pcmerchandise.live/2023-GAMING-BUILDS",,42,"07/06/2023 19:00",,https://www.facebook.com/reel/1034410457598192/,0,0,Reels,,,,,07/12/2023,0,,,,,,255,0,0,0,0,179.652,5.884
1024959194968777,100064197037125,"PC Merchandise","Negosyo starts today! Complete computer shop packages ready. PM now!

𝐂𝐎𝐌𝐒𝐇𝐎𝐏 𝐏𝐑𝐈𝐂𝐄𝐋𝐈𝐒𝐓 >>>
https://pcmerchandise.live/2023-GAMING-BUILDS",,42,"07/06/2023 19:00",,https://www.facebook.com/reel/1034410457598192/,0,0,Reels,,,,,07/13/2023,0,,,,,,215,0,0,0,0,277.404,5.426
1024959194968777,100064197037125,"PC Merchandise","Negosyo starts today! Complete computer shop packages ready. PM now!

𝐂𝐎𝐌𝐒𝐇𝐎𝐏 𝐏𝐑𝐈𝐂𝐄𝐋𝐈𝐒𝐓 >>>
https://pcmerchandise.live/2023-GAMING-BUILDS",,42,"07/06/2023 19:00",,https://www.facebook.com/reel/1034410457598192/,0,0,Reels,,,,,07/14/2023,0,,,,,,247,0,0,0,0,313.282,6.103
1024959194968777,100064197037125,"PC Merchandise","Negosyo starts today! Complete computer shop packages ready. PM now!

𝐂𝐎𝐌𝐒𝐇𝐎𝐏 𝐏𝐑𝐈𝐂𝐄𝐋𝐈𝐒𝐓 >>>
https://pcmerchandise.live/2023-GAMING-BUILDS",,42,"07/06/2023 19:00",,https://www.facebook.com/reel/1034410457598192/,0,0,Reels,,,,,07/15/2023,0,,,,,,0,0,0,0,0,112.274,6.585
1024959194968777,100064197037125,"PC Merchandise","Negosyo starts today! Complete computer shop packages ready. PM now!

𝐂𝐎𝐌𝐒𝐇𝐎𝐏 𝐏𝐑𝐈𝐂𝐄𝐋𝐈𝐒𝐓 >>>
https://pcmerchandise.live/2023-GAMING-BUILDS",,42,"07/06/2023 19:00",,https://www.facebook.com/reel/1034410457598192/,0,0,Reels,,,,,07/16/2023,0,,,,,,0,0,0,0,0,262.234,5.560
1024959194968777,100064197037125,"PC Merchandise","Negosyo starts today! Complete computer shop packages ready. PM now!

𝐂𝐎𝐌𝐒𝐇𝐎𝐏 𝐏𝐑𝐈𝐂𝐄𝐋𝐈𝐒𝐓 >>>
https://pcmerchandise.live/2023-GAMING-BUILDS",,42,"07/06/2023 19:00",,https://www.facebook.com/reel/1034410457598192/,0,0,Reels,,,,,07/17/2023,0,,,,,,0,0,0,0,0,117.538,5.578
1024959194968777,100064197037125,"PC Merchandise","Negosyo starts today! Complete computer shop packages ready. PM now!

𝐂𝐎𝐌𝐒𝐇𝐎𝐏 𝐏𝐑𝐈𝐂𝐄𝐋𝐈𝐒𝐓 >>>
https://pcmerchandise.live/2023-GAMING-BUILDS",,42,"07/06/2023 19:00",,https://www.facebook.com/reel/1034410457598192/,0,0,Reels,,,,,07/18/2023,0,,,,,,0,0,0,0,0,186.224,6.213
1024959194968777,100064197037125,"PC Merchandise","Negosyo starts today! Complete computer shop packages ready. PM now!

𝐂𝐎𝐌𝐒𝐇𝐎𝐏 𝐏𝐑𝐈𝐂𝐄𝐋𝐈𝐒𝐓 >>>
https://pcmerchandise.live/2023-GAMING-BUILDS",,42,"07/06/2023 19:00",,https://www.facebook.com/reel/1034410457598192/,0,0,Reels,,,,,07/19/2023,0,,,,,,0,0,0,0,0,139.776,6.529
1024959194968777,100064197037125,"PC Merchandise","Negosyo starts today! Complete computer shop packages ready. PM now!

𝐂𝐎𝐌𝐒𝐇𝐎𝐏 𝐏𝐑𝐈𝐂𝐄𝐋𝐈𝐒𝐓 >>>
https://pcmerchandise.live/2023-GAMING-BUILDS",,42,"07/06/2023 19:00",,https://www.facebook.com/reel/1034410457598192/,0,0,Reels,,,,,07/20/2023,0,,,,,,0,0,0,0,0,77.223,6.174
1024959194968777,100064197037125,"PC Merchandise","Negosyo starts today! Complete computer shop packages ready. PM now!

𝐂𝐎𝐌𝐒𝐇𝐎𝐏 𝐏𝐑𝐈𝐂𝐄𝐋𝐈𝐒𝐓 >>>
https://pcmerchandise.live/2023-GAMING-BUILDS",,42,"07/06/2023 19:00",,https://www.facebook.com/reel/1034410457598192/,0,0,Reels,,,,,07/21/2023,0,,,,,,0,0,0,0,0,154.058,7.249
1024959194968777,100064197037125,"PC Merchandise","Negosyo starts today! Complete computer shop packages ready. PM now!

𝐂𝐎𝐌𝐒𝐇𝐎𝐏 𝐏𝐑𝐈𝐂𝐄𝐋𝐈𝐒𝐓 >>>
https://pcmerchandise.live/2023-GAMING-BUILDS",,42,"07/06/2023 19:00",,https://www.facebook.com/reel/1034410457598192/,0,0,Reels,,,,,07/22/2023,0,,,,,,0,0,0,0,0,115.135,6.369
1024959194968777,100064197037125,"PC Merchandise","Negosyo starts today! Complete computer shop packages ready. PM now!

𝐂𝐎𝐌𝐒𝐇𝐎𝐏 𝐏𝐑𝐈𝐂𝐄𝐋𝐈𝐒𝐓 >>>
https://pcmerchandise.live/2023-GAMING-BUILDS",,42,"07/06/2023 19:00",,https://www.facebook.com/reel/1034410457598192/,0,0,Reels,,,,,07/23/2023,0,,,,,,0,0,0,0,0,63.270,6.451
1024959194968777,100064197037125,"PC Merchandise","Negosyo starts today! Complete computer shop packages ready. PM now!

𝐂𝐎𝐌𝐒𝐇𝐎𝐏 𝐏𝐑𝐈𝐂𝐄𝐋𝐈𝐒𝐓 >>>
https://pcmerchandise.live/2023-GAMING-BUILDS",,42,"07/06/2023 19:00",,https://www.facebook.com/reel/1034410457598192/,0,0,Reels,,,,,07/24/2023,0,,,,,,0,0,0,0,0,73.315,7.346
1024959194968777,100064197037125,"PC Merchandise","Negosyo starts today! Complete computer shop packages ready. PM now!

𝐂𝐎𝐌𝐒𝐇𝐎𝐏 𝐏𝐑𝐈𝐂𝐄𝐋𝐈𝐒𝐓 >>>
https://pcmerchandise.live/2023-GAMING-BUILDS",,42,"07/06/2023 19:00",,https://www.facebook.com/reel/1034410457598192/,0,0,Reels,,,,,07/25/2023,0,,,,,,0,0,0,0,0,135.759,5.880
1024959194968777,100064197037125,"PC Merchandise","Negosyo starts today! Complete computer shop packages ready. PM now!

𝐂𝐎𝐌𝐒𝐇𝐎𝐏 𝐏𝐑𝐈𝐂𝐄𝐋𝐈𝐒𝐓 >>>
https://pcmerchandise.live/2023-GAMING-BUILDS",,42,"07/06/2023 19:00",,https://www.facebook.com/reel/1034410457598192/,0,0,Reels,,,,,07/26/2023,0,,,,,,0,0,0,0,0,87.543,5.698
1024959194968777,100064197037125,"PC Merchandise","Negosyo starts today! Complete computer shop packages ready. PM now!

𝐂𝐎𝐌𝐒𝐇𝐎𝐏 𝐏𝐑𝐈𝐂𝐄𝐋𝐈𝐒𝐓 >>>
https://pcmerchandise.live/2023-GAMING-BUILDS",,42,"07/06/2023 19:00",,https://www.facebook.com/reel/1034410457598192/,0,0,Reels,,,,,07/27/2023,0,,,,,,0,0,0,0,0,129.983,6.505
1024959194968777,100064197037125,"PC Merchandise","Negosyo starts today! Complete computer shop packages ready. PM now!

𝐂𝐎𝐌𝐒𝐇𝐎𝐏 𝐏𝐑𝐈𝐂𝐄𝐋𝐈𝐒𝐓 >>>
https://pcmerchandise.live/2023-GAMING-BUILDS",,42,"07/06/2023 19:00",,https://www.facebook.com/reel/1034410457598192/,0,0,Reels,,,,,07/28/2023,0,,,,,,0,0,0,0,0,73.721,6.232
1024959194968777,100064197037125,"PC Merchandise","Negosyo starts today! Complete computer shop packages ready. PM now!

𝐂𝐎𝐌𝐒𝐇𝐎𝐏 𝐏𝐑𝐈𝐂𝐄𝐋𝐈𝐒𝐓 >>>
https://pcmerchandise.live/2023-GAMING-BUILDS",,42,"07/06/2023 19:00",,https://www.facebook.com/reel/1034410457598192/,0,0,Reels,,,,,07/29/2023,0,,,,,,0,0,0,0,0,95.304,5.707
1024959194968777,100064197037125,"PC Merchandise","Negosyo starts today! Complete computer shop packages ready. PM now!

𝐂𝐎𝐌𝐒𝐇𝐎𝐏 𝐏𝐑𝐈𝐂𝐄𝐋𝐈𝐒𝐓 >>>
https://pcmerchandise.live/2023-GAMING-BUILDS",,42,"07/06/2023 19:00",,https://www.facebook.com/reel/1034410457598192/,0,0,Reels,,,,,07/30/2023,0,,,,,,0,0,0,0,0,112.131,6.665
1024959194968777,100064197037125,"PC Merchandise","Negosyo starts today! Complete computer shop packages ready. PM now!

𝐂𝐎𝐌𝐒𝐇𝐎𝐏 𝐏𝐑𝐈𝐂𝐄𝐋𝐈𝐒𝐓 >>>
https://pcmerchandise.live/2023-GAMING-BUILDS",,42,"07/06/2023 19:00",,https://www.facebook.com/reel/1034410457598192/,0,0,Reels,,,,,07/31/2023,0,,,,,,0,0,0,0,0,67.884,5.842
1024600936723149,100064197037125,"PC Merchandise","Free deliver within Lipa! RYZEN 5 5600G packages all-in na.",,59,"07/05/2023 19:30",mixed,https://www.facebook.com/reel/1764014160947037/,0,0,Reels,,,,,07/01/2023,0,,,,,,0,0,0,0,0,0.000,2.520
1024600936723149,100064197037125,"PC Merchandise","Free deliver within Lipa! RYZEN 5 5600G packages all-in na.",,59,"07/05/2023 19:30",mixed,https://www.facebook.com/reel/1764014160947037/,0,0,Reels,,,,,07/02/2023,0,,,,,,0,0,0,0,0,0.000,2.852
1024600936723149,100064197037125,"PC Merchandise","Free deliver within Lipa! RYZEN 5 5600G packages all-in na.",,59,"07/05/2023 19:30",mixed,https://www.facebook.com/reel/1764014160947037/,0,0,Reels,,,,,07/03/2023,0,,,,,,0,0,0,0,0,0.000,4.869
1024600936723149,100064197037125,"PC Merchandise","Free deliver within Lipa! RYZEN 5 5600G packages all-in na.",,59,"07/05/2023 19:30",mixed,https://www.facebook.com/reel/1764014160947037/,0,0,Reels,,,,,07/04/2023,0,,,,,,0,0,0,0,0,0.000,3.034
1024600936723149,100064197037125,"PC Merchandise","Free deliver within Lipa! RYZEN 5 5600G packages all-in na.",,59,"07/05/2023 19:30",mixed,https://www.facebook.com/reel/1764014160947037/,0,0,Reels,,,,,07/05/2023,0,,,,,,23,0,0,0,0,153.831,2.986
1024600936723149,100064197037125,"PC Merchandise","Free deliver within Lipa! RYZEN 5 5600G packages all-in na.",,59,"07/05/2023 19:30",mixed,https://www.facebook.com/reel/1764014160947037/,0,0,Reels,,,,,07/06/2023,0,,,,,,22,0,0,0,0,85.277,2.885
1024600936723149,100064197037125,"PC Merchandise","Free deliver within Lipa! RYZEN 5 5600G packages all-in na.",,59,"07/05/2023 19:30",mixed,https://www.facebook.com/reel/1764014160947037/,0,0,Reels,,,,,07/07/2023,0,,,,,,24,0,0,0,0,103.271,2.873
1024600936723149,100064197037125,"PC Merchandise","Free deliver within Lipa! RYZEN 5 5600G packages all-in na.",,59,"07/05/2023 19:30",mixed,https://www.facebook.com/reel/1764014160947037/,0,0,Reels,,,,,07/08/2023,0,,,,,,24,0,0,0,0,24.256,3.431
1024600936723149,100064197037125,"PC Merchandise","Free deliver within Lipa! RYZEN 5 5600G packages all-in na.",,59,"07/05/2023 19:30",mixed,https://www.facebook.com/reel/1764014160947037/,0,0,Reels,,,,,07/09/2023,0,,,,,,32,0,0,0,0,75.354,2.990
1024600936723149,100064197037125,"PC Merchandise","Free deliver within Lipa! RYZEN 5 5600G packages all-in na.",,59,"07/05/2023 19:30",mixed,https://www.facebook.com/reel/1764014160947037/,0,0,Reels,,,,,07/10/2023,0,,,,,,29,0,0,0,0,33.264,4.048
1024600936723149,100064197037125,"PC Merchandise","Free deliver within Lipa! RYZEN 5 5600G packages all-in na.",,59,"07/05/2023 19:30",mixed,https://www.facebook.com/reel/1764014160947037/,0,0,Reels,,,,,07/11/2023,0,,,,,,23,0,0,0,0,36.489,3.656
1024600936723149,100064197037125,"PC Merchandise","Free deliver within Lipa! RYZEN 5 5600G packages all-in na.",,59,"07/05/2023 19:30",mixed,https://www.facebook.com/reel/1764014160947037/,0,0,Reels,,,,,07/12/2023,0,,,,,,21,0,0,0,0,21.584,3.458
1024600936723149,100064197037125,"PC Merchandise","Free deliver within Lipa! RYZEN 5 5600G packages all-in na.",,59,"07/05/2023 19:30",mixed,https://www.facebook.com/reel/1764014160947037/,0,0,Reels,,,,,07/13/2023,0,,,,,,32,0,0,0,0,15.647,3.591
1024600936723149,100064197037125,"PC Merchandise","Free deliver within Lipa! RYZEN 5 5600G packages all-in na.",,59,"07/05/2023 19:30",mixed,https://www.facebook.com/reel/1764014160947037/,0,0,Reels,,,,,07/14/2023,0,,,,,,31,0,0,0,0,25.846,1.898
1024600936723149,100064197037125,"PC Merchandise","Free deliver within Lipa! RYZEN 5 5600G packages all-in na.",,59,"07/05/2023 19:30",mixed,https://www.facebook.com/reel/1764014160947037/,0,0,Reels,,,,,07/15/2023,0,,,,,,21,0,0,0,0,16.289,3.073
1024600936723149,100064197037125,"PC Merchandise","Free deliver within Lipa! RYZEN 5 5600G packages all-in na.",,59,"07/05/2023 19:30",mixed,https://www.facebook.com/reel/1764014160947037/,0,0,Reels,,,,,07/16/2023,0,,,,,,24,0,0,0,0,11.430,3.282
1024600936723149,100064197037125,"PC Merchandise","Free deliver within Lipa! RYZEN 5 5600G packages all-in na.",,59,"07/05/2023 19:30",mixed,https://www.facebook.com/reel/1764014160947037/,0,0,Reels,,,,,07/17/2023,0,,,,,,0,0,0,0,0,10.630,3.426
1024600936723149,100064197037125,"PC Merchandise","Free deliver within Lipa! RYZEN 5 5600G packages all-in na.",,59,"07/05/2023 19:30",mixed,https://www.facebook.com/reel/1764014160947037/,0,0,Reels,,,,,07/18/2023,0,,,,,,0,0,0,0,0,6.701,3.673
1024600936723149,100064197037125,"PC Merchandise","Free deliver within Lipa! RYZEN 5 5600G packages all-in na.",,59,"07/05/2023 19:30",mixed,https://www.facebook.com/reel/1764014160947037/,0,0,Reels,,,,,07/19/2023,0,,,,,,0,0,0,0,0,8.109,3.713
1024600936723149,100064197037125,"PC Merchandise","Free deliver within Lipa! RYZEN 5 5600G packages all-in na.",,59,"07/05/2023 19:30",mixed,https://www.facebook.com/reel/1764014160947037/,0,0,Reels,,,,,07/20/2023,0,,,,,,0,0,0,0,0,8.320,2.670
1024600936723149,100064197037125,"PC Merchandise","Free deliver within Lipa! RYZEN 5 5600G packages all-in na.",,59,"07/05/2023 19:30",mixed,https://www.facebook.com/reel/1764014160947037/,0,0,Reels,,,,,07/21/2023,0,,,,,,0,0,0,0,0,8.680,3.608
1024600936723149,100064197037125,"PC Merchandise","Free deliver within Lipa! RYZEN 5 5600G packages all-in na.",,59,"07/05/2023 19:30",mixed,https://www.facebook.com/reel/1764014160947037/,0,0,Reels,,,,,07/22/2023,0,,,,,,0,0,0,0,0,7.344,3.432
1024600936723149,100064197037125,"PC Merchandise","Free deliver within Lipa! RYZEN 5 5600G packages all-in na.",,59,"07/05/2023 19:30",mixed,https://www.facebook.com/reel/1764014160947037/,0,0,Reels,,,,,07/23/2023,0,,,,,,0,0,0,0,0,6.773,4.348
1024600936723149,100064197037125,"PC Merchandise","Free deliver within Lipa! RYZEN 5 5600G packages all-in na.",,59,"07/05/2023 19:30",mixed,https://www.facebook.com/reel/1764014160947037/,0,0,Reels,,,,,07/24/2023,0,,,,,,0,0,0,0,0,5.782,3.320
1024600936723149,100064197037125,"PC Merchandise","Free deliver within Lipa! RYZEN 5 5600G packages all-in na.",,59,"07/05/2023 19:30",mixed,https://www.facebook.com/reel/1764014160947037/,0,0,Reels,,,,,07/25/2023,0,,,,,,0,0,0,0,0,7.343,2.179
1024600936723149,100064197037125,"PC Merchandise","Free deliver within Lipa! RYZEN 5 5600G packages all-in na.",,59,"07/05/2023 19:30",mixed,https://www.facebook.com/reel/1764014160947037/,0,0,Reels,,,,,07/26/2023,0,,,,,,0,0,0,0,0,10.182,3.786
1024600936723149,100064197037125,"PC Merchandise","Free deliver within Lipa! RYZEN 5 5600G packages all-in na.",,59,"07/05/2023 19:30",mixed,https://www.facebook.com/reel/1764014160947037/,0,0,Reels,,,,,07/27/2023,0,,,,,,0,0,0,0,0,7.300,3.655
1024600936723149,100064197037125,"PC Merchandise","Free deliver within Lipa! RYZEN 5 5600G packages all-in na.",,59,"07/05/2023 19:30",mixed,https://www.facebook.com/reel/1764014160947037/,0,0,Reels,,,,,07/28/2023,0,,,,,,0,0,0,0,0,4.708,3.503
1024600936723149,100064197037125,"PC Merchandise","Free deliver within Lipa! RYZEN 5 5600G packages all-in na.",,59,"07/05/2023 19:30",mixed,https://www.facebook.com/reel/1764014160947037/,0,0,Reels,,,,,07/29/2023,0,,,,,,0,0,0,0,0,5.795,2.222
1024600936723149,100064197037125,"PC Merchandise","Free deliver within Lipa! RYZEN 5 5600G packages all-in na.",,59,"07/05/2023 19:30",mixed,https://www.facebook.com/reel/1764014160947037/,0,0,Reels,,,,,07/30/2023,0,,,,,,0,0,0,0,0,4.919,3.090
1024600936723149,100064197037125,"PC Merchandise","Free deliver within Lipa! RYZEN 5 5600G packages all-in na.",,59,"07/05/2023 19:30",mixed,https://www.facebook.com/reel/1764014160947037/,0,0,Reels,,,,,07/31/2023,0,,,,,,0,0,0,0,0,6.888,1.500
1024241396371529,100064197037125,"PC Merchandise","Sulit na sulit! i3 12100F package, ready for pickup or shipping nationwide 🚚",,0,"07/05/2023 15:00",,https://www.facebook.com/pcmerchandise.co/posts/pfbid0CW7qObbqJ642eeN4fxlzaP9KoExtmY4xICnmAmPnUeDTubqYAH8hQSdT,0,0,Photos,,,,,07/31/2023,2,,,,,,,,,,,,
1024241396371529,100064197037125,"PC Merchandise","Sulit na sulit! i3 12100F package, ready for pickup or shipping nationwide 🚚",,0,"07/05/2023 15:00",,https://www.facebook.com/pcmerchandise.co/posts/pfbid0CW7qObbqJ642eeN4fxlzaP9KoExtmY4xICnmAmPnUeDTubqYAH8hQSdT,0,0,Photos,,,,,07/01/2023,,,0,0,0,0,0,0,,,,,
1024241396371529,100064197037125,"PC Merchandise","Sulit na sulit! i3 12100F package, ready for pickup or shipping nationwide 🚚",,0,"07/05/2023 15:00",,https://www.facebook.com/pcmerchandise.co/posts/pfbid0CW7qObbqJ642eeN4fxlzaP9KoExtmY4xICnmAmPnUeDTubqYAH8hQSdT,0,0,Photos,,,,,07/02/2023,,,0,0,0,0,0,0,,,,,
1024241396371529,100064197037125,"PC Merchandise","Sulit na sulit! i3 12100F package, ready for pickup or shipping nationwide 🚚",,0,"07/05/2023 15:00",,https://www.facebook.com/pcmerchandise.co/posts/pfbid0CW7qObbqJ642eeN4fxlzaP9KoExtmY4xICnmAmPnUeDTubqYAH8hQSdT,0,0,Photos,,,,,07/03/2023,,,0,0,0,0,0,0,,,,,
1024241396371529,100064197037125,"PC Merchandise","Sulit na sulit! i3 12100F package, ready for pickup or shipping nationwide 🚚",,0,"07/05/2023 15:00",,https://www.facebook.com/pcmerchandise.co/posts/pfbid0CW7qObbqJ642eeN4fxlzaP9KoExtmY4xICnmAmPnUeDTubqYAH8hQSdT,0,0,Photos,,,,,07/04/2023,,,0,0,0,0,0,0,,,,,
1024241396371529,100064197037125,"PC Merchandise","Sulit na sulit! i3 12100F package, ready for pickup or shipping nationwide 🚚",,0,"07/05/2023 15:00",,https://www.facebook.com/pcmerchandise.co/posts/pfbid0CW7qObbqJ642eeN4fxlzaP9KoExtmY4xICnmAmPnUeDTubqYAH8hQSdT,0,0,Photos,,,,,07/05/2023,,,0,0,0,0,0,0,,,,,
1024241396371529,100064197037125,"PC Merchandise","Sulit na sulit! i3 12100F package, ready for pickup or shipping nationwide 🚚",,0,"07/05/2023 15:00",,https://www.facebook.com/pcmerchandise.co/posts/pfbid0CW7qObbqJ642eeN4fxlzaP9KoExtmY4xICnmAmPnUeDTubqYAH8hQSdT,0,0,Photos,,,,,07/06/2023,,,0,0,0,0,0,0,,,,,
1024241396371529,100064197037125,"PC Merchandise","Sulit na sulit! i3 12100F package, ready for pickup or shipping nationwide 🚚",,0,"07/05/2023 15:00",,https://www.facebook.com/pcmerchandise.co/posts/pfbid0CW7qObbqJ642eeN4fxlzaP9KoExtmY4xICnmAmPnUeDTubqYAH8hQSdT,0,0,Photos,,,,,07/07/2023,,,0,0,0,0,0,0,,,,,
1024241396371529,100064197037125,"PC Merchandise","Sulit na sulit! i3 12100F package, ready for pickup or shipping nationwide 🚚",,0,"07/05/2023 15:00",,https://www.facebook.com/pcmerchandise.co/posts/pfbid0CW7qObbqJ642eeN4fxlzaP9KoExtmY4xICnmAmPnUeDTubqYAH8hQSdT,0,0,Photos,,,,,07/08/2023,,,0,0,0,0,0,0,,,,,
1024241396371529,100064197037125,"PC Merchandise","Sulit na sulit! i3 12100F package, ready for pickup or shipping nationwide 🚚",,0,"07/05/2023 15:00",,https://www.facebook.com/pcmerchandise.co/posts/pfbid0CW7qObbqJ642eeN4fxlzaP9KoExtmY4xICnmAmPnUeDTubqYAH8hQSdT,0,0,Photos,,,,,07/09/2023,,,0,0,0,0,0,0,,,,,
1024241396371529,100064197037125,"PC Merchandise","Sulit na sulit! i3 12100F package, ready for pickup or shipping nationwide 🚚",,0,"07/05/2023 15:00",,https://www.facebook.com/pcmerchandise.co/posts/pfbid0CW7qObbqJ642eeN4fxlzaP9KoExtmY4xICnmAmPnUeDTubqYAH8hQSdT,0,0,Photos,,,,,07/10/2023,,,0,0,0,0,0,0,,,,,
1024241396371529,100064197037125,"PC Merchandise","Sulit na sulit! i3 12100F package, ready for pickup or shipping nationwide 🚚",,0,"07/05/2023 15:00",,https://www.facebook.com/pcmerchandise.co/posts/pfbid0CW7qObbqJ642eeN4fxlzaP9KoExtmY4xICnmAmPnUeDTubqYAH8hQSdT,0,0,Photos,,,,,07/11/2023,,,0,0,0,0,0,0,,,,,
1024241396371529,100064197037125,"PC Merchandise","Sulit na sulit! i3 12100F package, ready for pickup or shipping nationwide 🚚",,0,"07/05/2023 15:00",,https://www.facebook.com/pcmerchandise.co/posts/pfbid0CW7qObbqJ642eeN4fxlzaP9KoExtmY4xICnmAmPnUeDTubqYAH8hQSdT,0,0,Photos,,,,,07/12/2023,,,0,0,0,0,0,0,,,,,
1024241396371529,100064197037125,"PC Merchandise","Sulit na sulit! i3 12100F package, ready for pickup or shipping nationwide 🚚",,0,"07/05/2023 15:00",,https://www.facebook.com/pcmerchandise.co/posts/pfbid0CW7qObbqJ642eeN4fxlzaP9KoExtmY4xICnmAmPnUeDTubqYAH8hQSdT,0,0,Photos,,,,,07/13/2023,,,0,0,0,0,0,0,,,,,
1024241396371529,100064197037125,"PC Merchandise","Sulit na sulit! i3 12100F package, ready for pickup or shipping nationwide 🚚",,0,"07/05/2023 15:00",,https://www.facebook.com/pcmerchandise.co/posts/pfbid0CW7qObbqJ642eeN4fxlzaP9KoExtmY4xICnmAmPnUeDTubqYAH8hQSdT,0,0,Photos,,,,,07/14/2023,,,0,0,0,0,0,0,,,,,
1024241396371529,100064197037125,"PC Merchandise","Sulit na sulit! i3 12100F package, ready for pickup or shipping nationwide 🚚",,0,"07/05/2023 15:00",,https://www.facebook.com/pcmerchandise.co/posts/pfbid0CW7qObbqJ642eeN4fxlzaP9KoExtmY4xICnmAmPnUeDTubqYAH8hQSdT,0,0,Photos,,,,,07/15/2023,,,0,0,0,0,0,0,,,,,
1024241396371529,100064197037125,"PC Merchandise","Sulit na sulit! i3 12100F package, ready for pickup or shipping nationwide 🚚",,0,"07/05/2023 15:00",,https://www.facebook.com/pcmerchandise.co/posts/pfbid0CW7qObbqJ642eeN4fxlzaP9KoExtmY4xICnmAmPnUeDTubqYAH8hQSdT,0,0,Photos,,,,,07/16/2023,,,0,0,0,0,0,0,,,,,
1024241396371529,100064197037125,"PC Merchandise","Sulit na sulit! i3 12100F package, ready for pickup or shipping nationwide 🚚",,0,"07/05/2023 15:00",,https://www.facebook.com/pcmerchandise.co/posts/pfbid0CW7qObbqJ642eeN4fxlzaP9KoExtmY4xICnmAmPnUeDTubqYAH8hQSdT,0,0,Photos,,,,,07/17/2023,,,0,0,0,0,0,0,,,,,
1024241396371529,100064197037125,"PC Merchandise","Sulit na sulit! i3 12100F package, ready for pickup or shipping nationwide 🚚",,0,"07/05/2023 15:00",,https://www.facebook.com/pcmerchandise.co/posts/pfbid0CW7qObbqJ642eeN4fxlzaP9KoExtmY4xICnmAmPnUeDTubqYAH8hQSdT,0,0,Photos,,,,,07/18/2023,,,0,0,0,0,0,0,,,,,
1024241396371529,100064197037125,"PC Merchandise","Sulit na sulit! i3 12100F package, ready for pickup or shipping nationwide 🚚",,0,"07/05/2023 15:00",,https://www.facebook.com/pcmerchandise.co/posts/pfbid0CW7qObbqJ642eeN4fxlzaP9KoExtmY4xICnmAmPnUeDTubqYAH8hQSdT,0,0,Photos,,,,,07/19/2023,,,0,0,0,0,0,0,,,,,
1024241396371529,100064197037125,"PC Merchandise","Sulit na sulit! i3 12100F package, ready for pickup or shipping nationwide 🚚",,0,"07/05/2023 15:00",,https://www.facebook.com/pcmerchandise.co/posts/pfbid0CW7qObbqJ642eeN4fxlzaP9KoExtmY4xICnmAmPnUeDTubqYAH8hQSdT,0,0,Photos,,,,,07/20/2023,,,0,0,0,0,0,0,,,,,
1024241396371529,100064197037125,"PC Merchandise","Sulit na sulit! i3 12100F package, ready for pickup or shipping nationwide 🚚",,0,"07/05/2023 15:00",,https://www.facebook.com/pcmerchandise.co/posts/pfbid0CW7qObbqJ642eeN4fxlzaP9KoExtmY4xICnmAmPnUeDTubqYAH8hQSdT,0,0,Photos,,,,,07/21/2023,,,0,0,0,0,0,0,,,,,
1024241396371529,100064197037125,"PC Merchandise","Sulit na sulit! i3 12100F package, ready for pickup or shipping nationwide 🚚",,0,"07/05/2023 15:00",,https://www.facebook.com/pcmerchandise.co/posts/pfbid0CW7qObbqJ642eeN4fxlzaP9KoExtmY4xICnmAmPnUeDTubqYAH8hQSdT,0,0,Photos,,,,,07/22/2023,,,0,0,0,0,0,0,,,,,
1024241396371529,100064197037125,"PC Merchandise","Sulit na sulit! i3 12100F package, ready for pickup or shipping nationwide 🚚",,0,"07/05/2023 15:00",,https://www.facebook.com/pcmerchandise.co/posts/pfbid0CW7qObbqJ642eeN4fxlzaP9KoExtmY4xICnmAmPnUeDTubqYAH8hQSdT,0,0,Photos,,,,,07/23/2023,,,0,0,0,0,0,0,,,,,
1024241396371529,100064197037125,"PC Merchandise","Sulit na sulit! i3 12100F package, ready for pickup or shipping nationwide 🚚",,0,"07/05/2023 15:00",,https://www.facebook.com/pcmerchandise.co/posts/pfbid0CW7qObbqJ642eeN4fxlzaP9KoExtmY4xICnmAmPnUeDTubqYAH8hQSdT,0,0,Photos,,,,,07/24/2023,,,0,0,0,0,0,0,,,,,
1024241396371529,100064197037125,"PC Merchandise","Sulit na sulit! i3 12100F package, ready for pickup or shipping nationwide 🚚",,0,"07/05/2023 15:00",,https://www.facebook.com/pcmerchandise.co/posts/pfbid0CW7qObbqJ642eeN4fxlzaP9KoExtmY4xICnmAmPnUeDTubqYAH8hQSdT,0,0,Photos,,,,,07/25/2023,,,0,0,0,0,0,0,,,,,
1024241396371529,100064197037125,"PC Merchandise","Sulit na sulit! i3 12100F package, ready for pickup or shipping nationwide 🚚",,0,"07/05/2023 15:00",,https://www.facebook.com/pcmerchandise.co/posts/pfbid0CW7qObbqJ642eeN4fxlzaP9KoExtmY4xICnmAmPnUeDTubqYAH8hQSdT,0,0,Photos,,,,,07/26/2023,,,0,0,0,0,0,0,,,,,
1024241396371529,100064197037125,"PC Merchandise","Sulit na sulit! i3 12100F package, ready for pickup or shipping nationwide 🚚",,0,"07/05/2023 15:00",,https://www.facebook.com/pcmerchandise.co/posts/pfbid0CW7qObbqJ642eeN4fxlzaP9KoExtmY4xICnmAmPnUeDTubqYAH8hQSdT,0,0,Photos,,,,,07/27/2023,,,0,0,0,0,0,0,,,,,
1024241396371529,100064197037125,"PC Merchandise","Sulit na sulit! i3 12100F package, ready for pickup or shipping nationwide 🚚",,0,"07/05/2023 15:00",,https://www.facebook.com/pcmerchandise.co/posts/pfbid0CW7qObbqJ642eeN4fxlzaP9KoExtmY4xICnmAmPnUeDTubqYAH8hQSdT,0,0,Photos,,,,,07/28/2023,,,0,0,0,0,0,0,,,,,
1024241396371529,100064197037125,"PC Merchandise","Sulit na sulit! i3 12100F package, ready for pickup or shipping nationwide 🚚",,0,"07/05/2023 15:00",,https://www.facebook.com/pcmerchandise.co/posts/pfbid0CW7qObbqJ642eeN4fxlzaP9KoExtmY4xICnmAmPnUeDTubqYAH8hQSdT,0,0,Photos,,,,,07/29/2023,,,0,0,0,0,0,0,,,,,
1024241396371529,100064197037125,"PC Merchandise","Sulit na sulit! i3 12100F package, ready for pickup or shipping nationwide 🚚",,0,"07/05/2023 15:00",,https://www.facebook.com/pcmerchandise.co/posts/pfbid0CW7qObbqJ642eeN4fxlzaP9KoExtmY4xICnmAmPnUeDTubqYAH8hQSdT,0,0,Photos,,,,,07/30/2023,,,0,0,0,0,0,0,,,,,
1024241396371529,100064197037125,"PC Merchandise","Sulit na sulit! i3 12100F package, ready for pickup or shipping nationwide 🚚",,0,"07/05/2023 15:00",,https://www.facebook.com/pcmerchandise.co/posts/pfbid0CW7qObbqJ642eeN4fxlzaP9KoExtmY4xICnmAmPnUeDTubqYAH8hQSdT,0,0,Photos,,,,,07/31/2023,,,0,0,0,0,0,0,,,,,
1024426183869024,100064197037125,"PC Merchandise","𝐢𝟑 𝟏𝟐𝟏𝟎𝟎𝐅 w/ 𝐑𝐗 𝟔𝟔𝟎𝟎
𝐆𝐀𝐌𝐈𝐍𝐆 𝐁𝐔𝐈𝐋𝐃
#PCMERCHANDISE #PCMBUILDS",,0,"07/05/2023 02:00",,https://www.facebook.com/pcmerchandise.co/posts/pfbid0hOSgN05GnWVrIcb4UihCOmXCvvqoj92uYzCYMTRv3lIifPEWOLQhf1lE,0,0,Photos,,,,,07/31/2023,0,,,,,,,,,,,,
1024426183869024,100064197037125,"PC Merchandise","𝐢𝟑 𝟏𝟐𝟏𝟎𝟎𝐅 w/ 𝐑𝐗 𝟔𝟔𝟎𝟎
𝐆𝐀𝐌𝐈𝐍𝐆 𝐁𝐔𝐈𝐋𝐃
#PCMERCHANDISE #PCMBUILDS",,0,"07/05/2023 02:00",,https://www.facebook.com/pcmerchandise.co/posts/pfbid0hOSgN05GnWVrIcb4UihCOmXCvvqoj92uYzCYMTRv3lIifPEWOLQhf1lE,0,0,Photos,,,,,07/01/2023,,,0,0,0,0,0,0,,,,,
1024426183869024,100064197037125,"PC Merchandise","𝐢𝟑 𝟏𝟐𝟏𝟎𝟎𝐅 w/ 𝐑𝐗 𝟔𝟔𝟎𝟎
𝐆𝐀𝐌𝐈𝐍𝐆 𝐁𝐔𝐈𝐋𝐃
#PCMERCHANDISE #PCMBUILDS",,0,"07/05/2023 02:00",,https://www.facebook.com/pcmerchandise.co/posts/pfbid0hOSgN05GnWVrIcb4UihCOmXCvvqoj92uYzCYMTRv3lIifPEWOLQhf1lE,0,0,Photos,,,,,07/02/2023,,,0,0,0,0,0,0,,,,,
1024426183869024,100064197037125,"PC Merchandise","𝐢𝟑 𝟏𝟐𝟏𝟎𝟎𝐅 w/ 𝐑𝐗 𝟔𝟔𝟎𝟎
𝐆𝐀𝐌𝐈𝐍𝐆 𝐁𝐔𝐈𝐋𝐃
#PCMERCHANDISE #PCMBUILDS",,0,"07/05/2023 02:00",,https://www.facebook.com/pcmerchandise.co/posts/pfbid0hOSgN05GnWVrIcb4UihCOmXCvvqoj92uYzCYMTRv3lIifPEWOLQhf1lE,0,0,Photos,,,,,07/03/2023,,,0,0,0,0,0,0,,,,,
1024426183869024,100064197037125,"PC Merchandise","𝐢𝟑 𝟏𝟐𝟏𝟎𝟎𝐅 w/ 𝐑𝐗 𝟔𝟔𝟎𝟎
𝐆𝐀𝐌𝐈𝐍𝐆 𝐁𝐔𝐈𝐋𝐃
#PCMERCHANDISE #PCMBUILDS",,0,"07/05/2023 02:00",,https://www.facebook.com/pcmerchandise.co/posts/pfbid0hOSgN05GnWVrIcb4UihCOmXCvvqoj92uYzCYMTRv3lIifPEWOLQhf1lE,0,0,Photos,,,,,07/04/2023,,,0,0,0,0,0,0,,,,,
1024426183869024,100064197037125,"PC Merchandise","𝐢𝟑 𝟏𝟐𝟏𝟎𝟎𝐅 w/ 𝐑𝐗 𝟔𝟔𝟎𝟎
𝐆𝐀𝐌𝐈𝐍𝐆 𝐁𝐔𝐈𝐋𝐃
#PCMERCHANDISE #PCMBUILDS",,0,"07/05/2023 02:00",,https://www.facebook.com/pcmerchandise.co/posts/pfbid0hOSgN05GnWVrIcb4UihCOmXCvvqoj92uYzCYMTRv3lIifPEWOLQhf1lE,0,0,Photos,,,,,07/05/2023,,,0,0,0,0,0,0,,,,,
1024426183869024,100064197037125,"PC Merchandise","𝐢𝟑 𝟏𝟐𝟏𝟎𝟎𝐅 w/ 𝐑𝐗 𝟔𝟔𝟎𝟎
𝐆𝐀𝐌𝐈𝐍𝐆 𝐁𝐔𝐈𝐋𝐃
#PCMERCHANDISE #PCMBUILDS",,0,"07/05/2023 02:00",,https://www.facebook.com/pcmerchandise.co/posts/pfbid0hOSgN05GnWVrIcb4UihCOmXCvvqoj92uYzCYMTRv3lIifPEWOLQhf1lE,0,0,Photos,,,,,07/06/2023,,,0,0,0,0,0,0,,,,,
1024426183869024,100064197037125,"PC Merchandise","𝐢𝟑 𝟏𝟐𝟏𝟎𝟎𝐅 w/ 𝐑𝐗 𝟔𝟔𝟎𝟎
𝐆𝐀𝐌𝐈𝐍𝐆 𝐁𝐔𝐈𝐋𝐃
#PCMERCHANDISE #PCMBUILDS",,0,"07/05/2023 02:00",,https://www.facebook.com/pcmerchandise.co/posts/pfbid0hOSgN05GnWVrIcb4UihCOmXCvvqoj92uYzCYMTRv3lIifPEWOLQhf1lE,0,0,Photos,,,,,07/07/2023,,,0,0,0,0,0,0,,,,,
1024426183869024,100064197037125,"PC Merchandise","𝐢𝟑 𝟏𝟐𝟏𝟎𝟎𝐅 w/ 𝐑𝐗 𝟔𝟔𝟎𝟎
𝐆𝐀𝐌𝐈𝐍𝐆 𝐁𝐔𝐈𝐋𝐃
#PCMERCHANDISE #PCMBUILDS",,0,"07/05/2023 02:00",,https://www.facebook.com/pcmerchandise.co/posts/pfbid0hOSgN05GnWVrIcb4UihCOmXCvvqoj92uYzCYMTRv3lIifPEWOLQhf1lE,0,0,Photos,,,,,07/08/2023,,,0,0,0,0,0,0,,,,,
1024426183869024,100064197037125,"PC Merchandise","𝐢𝟑 𝟏𝟐𝟏𝟎𝟎𝐅 w/ 𝐑𝐗 𝟔𝟔𝟎𝟎
𝐆𝐀𝐌𝐈𝐍𝐆 𝐁𝐔𝐈𝐋𝐃
#PCMERCHANDISE #PCMBUILDS",,0,"07/05/2023 02:00",,https://www.facebook.com/pcmerchandise.co/posts/pfbid0hOSgN05GnWVrIcb4UihCOmXCvvqoj92uYzCYMTRv3lIifPEWOLQhf1lE,0,0,Photos,,,,,07/09/2023,,,0,0,0,0,0,0,,,,,
1024426183869024,100064197037125,"PC Merchandise","𝐢𝟑 𝟏𝟐𝟏𝟎𝟎𝐅 w/ 𝐑𝐗 𝟔𝟔𝟎𝟎
𝐆𝐀𝐌𝐈𝐍𝐆 𝐁𝐔𝐈𝐋𝐃
#PCMERCHANDISE #PCMBUILDS",,0,"07/05/2023 02:00",,https://www.facebook.com/pcmerchandise.co/posts/pfbid0hOSgN05GnWVrIcb4UihCOmXCvvqoj92uYzCYMTRv3lIifPEWOLQhf1lE,0,0,Photos,,,,,07/10/2023,,,0,0,0,0,0,0,,,,,
1024426183869024,100064197037125,"PC Merchandise","𝐢𝟑 𝟏𝟐𝟏𝟎𝟎𝐅 w/ 𝐑𝐗 𝟔𝟔𝟎𝟎
𝐆𝐀𝐌𝐈𝐍𝐆 𝐁𝐔𝐈𝐋𝐃
#PCMERCHANDISE #PCMBUILDS",,0,"07/05/2023 02:00",,https://www.facebook.com/pcmerchandise.co/posts/pfbid0hOSgN05GnWVrIcb4UihCOmXCvvqoj92uYzCYMTRv3lIifPEWOLQhf1lE,0,0,Photos,,,,,07/11/2023,,,0,0,0,0,0,0,,,,,
1024426183869024,100064197037125,"PC Merchandise","𝐢𝟑 𝟏𝟐𝟏𝟎𝟎𝐅 w/ 𝐑𝐗 𝟔𝟔𝟎𝟎
𝐆𝐀𝐌𝐈𝐍𝐆 𝐁𝐔𝐈𝐋𝐃
#PCMERCHANDISE #PCMBUILDS",,0,"07/05/2023 02:00",,https://www.facebook.com/pcmerchandise.co/posts/pfbid0hOSgN05GnWVrIcb4UihCOmXCvvqoj92uYzCYMTRv3lIifPEWOLQhf1lE,0,0,Photos,,,,,07/12/2023,,,0,0,0,0,0,0,,,,,
1024426183869024,100064197037125,"PC Merchandise","𝐢𝟑 𝟏𝟐𝟏𝟎𝟎𝐅 w/ 𝐑𝐗 𝟔𝟔𝟎𝟎
𝐆𝐀𝐌𝐈𝐍𝐆 𝐁𝐔𝐈𝐋𝐃
#PCMERCHANDISE #PCMBUILDS",,0,"07/05/2023 02:00",,https://www.facebook.com/pcmerchandise.co/posts/pfbid0hOSgN05GnWVrIcb4UihCOmXCvvqoj92uYzCYMTRv3lIifPEWOLQhf1lE,0,0,Photos,,,,,07/13/2023,,,0,0,0,0,0,0,,,,,
1024426183869024,100064197037125,"PC Merchandise","𝐢𝟑 𝟏𝟐𝟏𝟎𝟎𝐅 w/ 𝐑𝐗 𝟔𝟔𝟎𝟎
𝐆𝐀𝐌𝐈𝐍𝐆 𝐁𝐔𝐈𝐋𝐃
#PCMERCHANDISE #PCMBUILDS",,0,"07/05/2023 02:00",,https://www.facebook.com/pcmerchandise.co/posts/pfbid0hOSgN05GnWVrIcb4UihCOmXCvvqoj92uYzCYMTRv3lIifPEWOLQhf1lE,0,0,Photos,,,,,07/14/2023,,,0,0,0,0,0,0,,,,,
1024426183869024,100064197037125,"PC Merchandise","𝐢𝟑 𝟏𝟐𝟏𝟎𝟎𝐅 w/ 𝐑𝐗 𝟔𝟔𝟎𝟎
𝐆𝐀𝐌𝐈𝐍𝐆 𝐁𝐔𝐈𝐋𝐃
#PCMERCHANDISE #PCMBUILDS",,0,"07/05/2023 02:00",,https://www.facebook.com/pcmerchandise.co/posts/pfbid0hOSgN05GnWVrIcb4UihCOmXCvvqoj92uYzCYMTRv3lIifPEWOLQhf1lE,0,0,Photos,,,,,07/15/2023,,,0,0,0,0,0,0,,,,,
1024426183869024,100064197037125,"PC Merchandise","𝐢𝟑 𝟏𝟐𝟏𝟎𝟎𝐅 w/ 𝐑𝐗 𝟔𝟔𝟎𝟎
𝐆𝐀𝐌𝐈𝐍𝐆 𝐁𝐔𝐈𝐋𝐃
#PCMERCHANDISE #PCMBUILDS",,0,"07/05/2023 02:00",,https://www.facebook.com/pcmerchandise.co/posts/pfbid0hOSgN05GnWVrIcb4UihCOmXCvvqoj92uYzCYMTRv3lIifPEWOLQhf1lE,0,0,Photos,,,,,07/16/2023,,,0,0,0,0,0,0,,,,,
1024426183869024,100064197037125,"PC Merchandise","𝐢𝟑 𝟏𝟐𝟏𝟎𝟎𝐅 w/ 𝐑𝐗 𝟔𝟔𝟎𝟎
𝐆𝐀𝐌𝐈𝐍𝐆 𝐁𝐔𝐈𝐋𝐃
#PCMERCHANDISE #PCMBUILDS",,0,"07/05/2023 02:00",,https://www.facebook.com/pcmerchandise.co/posts/pfbid0hOSgN05GnWVrIcb4UihCOmXCvvqoj92uYzCYMTRv3lIifPEWOLQhf1lE,0,0,Photos,,,,,07/17/2023,,,0,0,0,0,0,0,,,,,
1024426183869024,100064197037125,"PC Merchandise","𝐢𝟑 𝟏𝟐𝟏𝟎𝟎𝐅 w/ 𝐑𝐗 𝟔𝟔𝟎𝟎
𝐆𝐀𝐌𝐈𝐍𝐆 𝐁𝐔𝐈𝐋𝐃
#PCMERCHANDISE #PCMBUILDS",,0,"07/05/2023 02:00",,https://www.facebook.com/pcmerchandise.co/posts/pfbid0hOSgN05GnWVrIcb4UihCOmXCvvqoj92uYzCYMTRv3lIifPEWOLQhf1lE,0,0,Photos,,,,,07/18/2023,,,0,0,0,0,0,0,,,,,
1024426183869024,100064197037125,"PC Merchandise","𝐢𝟑 𝟏𝟐𝟏𝟎𝟎𝐅 w/ 𝐑𝐗 𝟔𝟔𝟎𝟎
𝐆𝐀𝐌𝐈𝐍𝐆 𝐁𝐔𝐈𝐋𝐃
#PCMERCHANDISE #PCMBUILDS",,0,"07/05/2023 02:00",,https://www.facebook.com/pcmerchandise.co/posts/pfbid0hOSgN05GnWVrIcb4UihCOmXCvvqoj92uYzCYMTRv3lIifPEWOLQhf1lE,0,0,Photos,,,,,07/19/2023,,,0,0,0,0,0,0,,,,,
1024426183869024,100064197037125,"PC Merchandise","𝐢𝟑 𝟏𝟐𝟏𝟎𝟎𝐅 w/ 𝐑𝐗 𝟔𝟔𝟎𝟎
𝐆𝐀𝐌𝐈𝐍𝐆 𝐁𝐔𝐈𝐋𝐃
#PCMERCHANDISE #PCMBUILDS",,0,"07/05/2023 02:00",,https://www.facebook.com/pcmerchandise.co/posts/pfbid0hOSgN05GnWVrIcb4UihCOmXCvvqoj92uYzCYMTRv3lIifPEWOLQhf1lE,0,0,Photos,,,,,07/20/2023,,,0,0,0,0,0,0,,,,,
1024426183869024,100064197037125,"PC Merchandise","𝐢𝟑 𝟏𝟐𝟏𝟎𝟎𝐅 w/ 𝐑𝐗 𝟔𝟔𝟎𝟎
𝐆𝐀𝐌𝐈𝐍𝐆 𝐁𝐔𝐈𝐋𝐃
#PCMERCHANDISE #PCMBUILDS",,0,"07/05/2023 02:00",,https://www.facebook.com/pcmerchandise.co/posts/pfbid0hOSgN05GnWVrIcb4UihCOmXCvvqoj92uYzCYMTRv3lIifPEWOLQhf1lE,0,0,Photos,,,,,07/21/2023,,,0,0,0,0,0,0,,,,,
1024426183869024,100064197037125,"PC Merchandise","𝐢𝟑 𝟏𝟐𝟏𝟎𝟎𝐅 w/ 𝐑𝐗 𝟔𝟔𝟎𝟎
𝐆𝐀𝐌𝐈𝐍𝐆 𝐁𝐔𝐈𝐋𝐃
#PCMERCHANDISE #PCMBUILDS",,0,"07/05/2023 02:00",,https://www.facebook.com/pcmerchandise.co/posts/pfbid0hOSgN05GnWVrIcb4UihCOmXCvvqoj92uYzCYMTRv3lIifPEWOLQhf1lE,0,0,Photos,,,,,07/22/2023,,,0,0,0,0,0,0,,,,,
1024426183869024,100064197037125,"PC Merchandise","𝐢𝟑 𝟏𝟐𝟏𝟎𝟎𝐅 w/ 𝐑𝐗 𝟔𝟔𝟎𝟎
𝐆𝐀𝐌𝐈𝐍𝐆 𝐁𝐔𝐈𝐋𝐃
#PCMERCHANDISE #PCMBUILDS",,0,"07/05/2023 02:00",,https://www.facebook.com/pcmerchandise.co/posts/pfbid0hOSgN05GnWVrIcb4UihCOmXCvvqoj92uYzCYMTRv3lIifPEWOLQhf1lE,0,0,Photos,,,,,07/23/2023,,,0,0,0,0,0,0,,,,,
1024426183869024,100064197037125,"PC Merchandise","𝐢𝟑 𝟏𝟐𝟏𝟎𝟎𝐅 w/ 𝐑𝐗 𝟔𝟔𝟎𝟎
𝐆𝐀𝐌𝐈𝐍𝐆 𝐁𝐔𝐈𝐋𝐃
#PCMERCHANDISE #PCMBUILDS",,0,"07/05/2023 02:00",,https://www.facebook.com/pcmerchandise.co/posts/pfbid0hOSgN05GnWVrIcb4UihCOmXCvvqoj92uYzCYMTRv3lIifPEWOLQhf1lE,0,0,Photos,,,,,07/24/2023,,,0,0,0,0,0,0,,,,,
1024426183869024,100064197037125,"PC Merchandise","𝐢𝟑 𝟏𝟐𝟏𝟎𝟎𝐅 w/ 𝐑𝐗 𝟔𝟔𝟎𝟎
𝐆𝐀𝐌𝐈𝐍𝐆 𝐁𝐔𝐈𝐋𝐃
#PCMERCHANDISE #PCMBUILDS",,0,"07/05/2023 02:00",,https://www.facebook.com/pcmerchandise.co/posts/pfbid0hOSgN05GnWVrIcb4UihCOmXCvvqoj92uYzCYMTRv3lIifPEWOLQhf1lE,0,0,Photos,,,,,07/25/2023,,,0,0,0,0,0,0,,,,,
1024426183869024,100064197037125,"PC Merchandise","𝐢𝟑 𝟏𝟐𝟏𝟎𝟎𝐅 w/ 𝐑𝐗 𝟔𝟔𝟎𝟎
𝐆𝐀𝐌𝐈𝐍𝐆 𝐁𝐔𝐈𝐋𝐃
#PCMERCHANDISE #PCMBUILDS",,0,"07/05/2023 02:00",,https://www.facebook.com/pcmerchandise.co/posts/pfbid0hOSgN05GnWVrIcb4UihCOmXCvvqoj92uYzCYMTRv3lIifPEWOLQhf1lE,0,0,Photos,,,,,07/26/2023,,,0,0,0,0,0,0,,,,,
1024426183869024,100064197037125,"PC Merchandise","𝐢𝟑 𝟏𝟐𝟏𝟎𝟎𝐅 w/ 𝐑𝐗 𝟔𝟔𝟎𝟎
𝐆𝐀𝐌𝐈𝐍𝐆 𝐁𝐔𝐈𝐋𝐃
#PCMERCHANDISE #PCMBUILDS",,0,"07/05/2023 02:00",,https://www.facebook.com/pcmerchandise.co/posts/pfbid0hOSgN05GnWVrIcb4UihCOmXCvvqoj92uYzCYMTRv3lIifPEWOLQhf1lE,0,0,Photos,,,,,07/27/2023,,,0,0,0,0,0,0,,,,,
1024426183869024,100064197037125,"PC Merchandise","𝐢𝟑 𝟏𝟐𝟏𝟎𝟎𝐅 w/ 𝐑𝐗 𝟔𝟔𝟎𝟎
𝐆𝐀𝐌𝐈𝐍𝐆 𝐁𝐔𝐈𝐋𝐃
#PCMERCHANDISE #PCMBUILDS",,0,"07/05/2023 02:00",,https://www.facebook.com/pcmerchandise.co/posts/pfbid0hOSgN05GnWVrIcb4UihCOmXCvvqoj92uYzCYMTRv3lIifPEWOLQhf1lE,0,0,Photos,,,,,07/28/2023,,,0,0,0,0,0,0,,,,,
1024426183869024,100064197037125,"PC Merchandise","𝐢𝟑 𝟏𝟐𝟏𝟎𝟎𝐅 w/ 𝐑𝐗 𝟔𝟔𝟎𝟎
𝐆𝐀𝐌𝐈𝐍𝐆 𝐁𝐔𝐈𝐋𝐃
#PCMERCHANDISE #PCMBUILDS",,0,"07/05/2023 02:00",,https://www.facebook.com/pcmerchandise.co/posts/pfbid0hOSgN05GnWVrIcb4UihCOmXCvvqoj92uYzCYMTRv3lIifPEWOLQhf1lE,0,0,Photos,,,,,07/29/2023,,,0,0,0,0,0,0,,,,,
1024426183869024,100064197037125,"PC Merchandise","𝐢𝟑 𝟏𝟐𝟏𝟎𝟎𝐅 w/ 𝐑𝐗 𝟔𝟔𝟎𝟎
𝐆𝐀𝐌𝐈𝐍𝐆 𝐁𝐔𝐈𝐋𝐃
#PCMERCHANDISE #PCMBUILDS",,0,"07/05/2023 02:00",,https://www.facebook.com/pcmerchandise.co/posts/pfbid0hOSgN05GnWVrIcb4UihCOmXCvvqoj92uYzCYMTRv3lIifPEWOLQhf1lE,0,0,Photos,,,,,07/30/2023,,,0,0,0,0,0,0,,,,,
1024426183869024,100064197037125,"PC Merchandise","𝐢𝟑 𝟏𝟐𝟏𝟎𝟎𝐅 w/ 𝐑𝐗 𝟔𝟔𝟎𝟎
𝐆𝐀𝐌𝐈𝐍𝐆 𝐁𝐔𝐈𝐋𝐃
#PCMERCHANDISE #PCMBUILDS",,0,"07/05/2023 02:00",,https://www.facebook.com/pcmerchandise.co/posts/pfbid0hOSgN05GnWVrIcb4UihCOmXCvvqoj92uYzCYMTRv3lIifPEWOLQhf1lE,0,0,Photos,,,,,07/31/2023,,,0,0,0,0,0,0,,,,,
1024688430269040,100064197037125,"PC Merchandise","Another comshop delivered! 2 units RYZEN 5 3400G para sa bagong negosyo ni PAU 💪",,85,"07/04/2023 15:00",uploaded,https://www.facebook.com/reel/1998215644673136/,0,0,Reels,,,,,07/01/2023,0,,,,,,0,0,0,0,0,0.000,5.062
1024688430269040,100064197037125,"PC Merchandise","Another comshop delivered! 2 units RYZEN 5 3400G para sa bagong negosyo ni PAU 💪",,85,"07/04/2023 15:00",uploaded,https://www.facebook.com/reel/1998215644673136/,0,0,Reels,,,,,07/02/2023,0,,,,,,0,0,0,0,0,0.000,5.333
1024688430269040,100064197037125,"PC Merchandise","Another comshop delivered! 2 units RYZEN 5 3400G para sa bagong negosyo ni PAU 💪",,85,"07/04/2023 15:00",uploaded,https://www.facebook.com/reel/1998215644673136/,0,0,Reels,,,,,07/03/2023,0,,,,,,0,0,0,0,0,0.000,5.220
1024688430269040,100064197037125,"PC Merchandise","Another comshop delivered! 2 units RYZEN 5 3400G para sa bagong negosyo ni PAU 💪",,85,"07/04/2023 15:00",uploaded,https://www.facebook.com/reel/1998215644673136/,0,0,Reels,,,,,07/04/2023,0,,,,,,119,0,0,0,0,158.723,3.110
1024688430269040,100064197037125,"PC Merchandise","Another comshop delivered! 2 units RYZEN 5 3400G para sa bagong negosyo ni PAU 💪",,85,"07/04/2023 15:00",uploaded,https://www.facebook.com/reel/1998215644673136/,0,0,Reels,,,,,07/05/2023,0,,,,,,120,0,0,0,0,98.344,3.577
1024688430269040,100064197037125,"PC Merchandise","Another comshop delivered! 2 units RYZEN 5 3400G para sa bagong negosyo ni PAU 💪",,85,"07/04/2023 15:00",uploaded,https://www.facebook.com/reel/1998215644673136/,0,0,Reels,,,,,07/06/2023,0,,,,,,109,0,0,0,0,84.189,5.134
1024688430269040,100064197037125,"PC Merchandise","Another comshop delivered! 2 units RYZEN 5 3400G para sa bagong negosyo ni PAU 💪",,85,"07/04/2023 15:00",uploaded,https://www.facebook.com/reel/1998215644673136/,0,0,Reels,,,,,07/07/2023,0,,,,,,106,0,0,0,0,76.185,5.711
1024688430269040,100064197037125,"PC Merchandise","Another comshop delivered! 2 units RYZEN 5 3400G para sa bagong negosyo ni PAU 💪",,85,"07/04/2023 15:00",uploaded,https://www.facebook.com/reel/1998215644673136/,0,0,Reels,,,,,07/08/2023,0,,,,,,0,0,0,0,0,60.002,2.883
1024688430269040,100064197037125,"PC Merchandise","Another comshop delivered! 2 units RYZEN 5 3400G para sa bagong negosyo ni PAU 💪",,85,"07/04/2023 15:00",uploaded,https://www.facebook.com/reel/1998215644673136/,0,0,Reels,,,,,07/09/2023,0,,,,,,0,0,0,0,0,68.287,3.792
1024688430269040,100064197037125,"PC Merchandise","Another comshop delivered! 2 units RYZEN 5 3400G para sa bagong negosyo ni PAU 💪",,85,"07/04/2023 15:00",uploaded,https://www.facebook.com/reel/1998215644673136/,0,0,Reels,,,,,07/10/2023,0,,,,,,0,0,0,0,0,15.607,3.957
1024688430269040,100064197037125,"PC Merchandise","Another comshop delivered! 2 units RYZEN 5 3400G para sa bagong negosyo ni PAU 💪",,85,"07/04/2023 15:00",uploaded,https://www.facebook.com/reel/1998215644673136/,0,0,Reels,,,,,07/11/2023,0,,,,,,0,0,0,0,0,28.664,3.381
1024688430269040,100064197037125,"PC Merchandise","Another comshop delivered! 2 units RYZEN 5 3400G para sa bagong negosyo ni PAU 💪",,85,"07/04/2023 15:00",uploaded,https://www.facebook.com/reel/1998215644673136/,0,0,Reels,,,,,07/12/2023,0,,,,,,0,0,0,0,0,30.262,4.251
1024688430269040,100064197037125,"PC Merchandise","Another comshop delivered! 2 units RYZEN 5 3400G para sa bagong negosyo ni PAU 💪",,85,"07/04/2023 15:00",uploaded,https://www.facebook.com/reel/1998215644673136/,0,0,Reels,,,,,07/13/2023,0,,,,,,0,0,0,0,0,14.027,4.803
1024688430269040,100064197037125,"PC Merchandise","Another comshop delivered! 2 units RYZEN 5 3400G para sa bagong negosyo ni PAU 💪",,85,"07/04/2023 15:00",uploaded,https://www.facebook.com/reel/1998215644673136/,0,0,Reels,,,,,07/14/2023,0,,,,,,0,0,0,0,0,30.496,3.611
1024688430269040,100064197037125,"PC Merchandise","Another comshop delivered! 2 units RYZEN 5 3400G para sa bagong negosyo ni PAU 💪",,85,"07/04/2023 15:00",uploaded,https://www.facebook.com/reel/1998215644673136/,0,0,Reels,,,,,07/15/2023,0,,,,,,0,0,0,0,0,23.456,3.885
1024688430269040,100064197037125,"PC Merchandise","Another comshop delivered! 2 units RYZEN 5 3400G para sa bagong negosyo ni PAU 💪",,85,"07/04/2023 15:00",uploaded,https://www.facebook.com/reel/1998215644673136/,0,0,Reels,,,,,07/16/2023,0,,,,,,0,0,0,0,0,14.674,4.037
1024688430269040,100064197037125,"PC Merchandise","Another comshop delivered! 2 units RYZEN 5 3400G para sa bagong negosyo ni PAU 💪",,85,"07/04/2023 15:00",uploaded,https://www.facebook.com/reel/1998215644673136/,0,0,Reels,,,,,07/17/2023,0,,,,,,0,0,0,0,0,16.957,4.462
1024688430269040,100064197037125,"PC Merchandise","Another comshop delivered! 2 units RYZEN 5 3400G para sa bagong negosyo ni PAU 💪",,85,"07/04/2023 15:00",uploaded,https://www.facebook.com/reel/1998215644673136/,0,0,Reels,,,,,07/18/2023,0,,,,,,0,0,0,0,0,25.232,5.613
1024688430269040,100064197037125,"PC Merchandise","Another comshop delivered! 2 units RYZEN 5 3400G para sa bagong negosyo ni PAU 💪",,85,"07/04/2023 15:00",uploaded,https://www.facebook.com/reel/1998215644673136/,0,0,Reels,,,,,07/19/2023,0,,,,,,0,0,0,0,0,13.285,4.550
1024688430269040,100064197037125,"PC Merchandise","Another comshop delivered! 2 units RYZEN 5 3400G para sa bagong negosyo ni PAU 💪",,85,"07/04/2023 15:00",uploaded,https://www.facebook.com/reel/1998215644673136/,0,0,Reels,,,,,07/20/2023,0,,,,,,0,0,0,0,0,12.504,4.171
1024688430269040,100064197037125,"PC Merchandise","Another comshop delivered! 2 units RYZEN 5 3400G para sa bagong negosyo ni PAU 💪",,85,"07/04/2023 15:00",uploaded,https://www.facebook.com/reel/1998215644673136/,0,0,Reels,,,,,07/21/2023,0,,,,,,0,0,0,0,0,9.715,5.171
1024688430269040,100064197037125,"PC Merchandise","Another comshop delivered! 2 units RYZEN 5 3400G para sa bagong negosyo ni PAU 💪",,85,"07/04/2023 15:00",uploaded,https://www.facebook.com/reel/1998215644673136/,0,0,Reels,,,,,07/22/2023,0,,,,,,0,0,0,0,0,8.864,4.515
1024688430269040,100064197037125,"PC Merchandise","Another comshop delivered! 2 units RYZEN 5 3400G para sa bagong negosyo ni PAU 💪",,85,"07/04/2023 15:00",uploaded,https://www.facebook.com/reel/1998215644673136/,0,0,Reels,,,,,07/23/2023,0,,,,,,0,0,0,0,0,7.731,4.835
1024688430269040,100064197037125,"PC Merchandise","Another comshop delivered! 2 units RYZEN 5 3400G para sa bagong negosyo ni PAU 💪",,85,"07/04/2023 15:00",uploaded,https://www.facebook.com/reel/1998215644673136/,0,0,Reels,,,,,07/24/2023,0,,,,,,0,0,0,0,0,10.630,4.960
1024688430269040,100064197037125,"PC Merchandise","Another comshop delivered! 2 units RYZEN 5 3400G para sa bagong negosyo ni PAU 💪",,85,"07/04/2023 15:00",uploaded,https://www.facebook.com/reel/1998215644673136/,0,0,Reels,,,,,07/25/2023,0,,,,,,0,0,0,0,0,9.050,4.085
1024688430269040,100064197037125,"PC Merchandise","Another comshop delivered! 2 units RYZEN 5 3400G para sa bagong negosyo ni PAU 💪",,85,"07/04/2023 15:00",uploaded,https://www.facebook.com/reel/1998215644673136/,0,0,Reels,,,,,07/26/2023,0,,,,,,0,0,0,0,0,11.456,5.760
1024688430269040,100064197037125,"PC Merchandise","Another comshop delivered! 2 units RYZEN 5 3400G para sa bagong negosyo ni PAU 💪",,85,"07/04/2023 15:00",uploaded,https://www.facebook.com/reel/1998215644673136/,0,0,Reels,,,,,07/27/2023,0,,,,,,0,0,0,0,0,8.734,5.030
1024688430269040,100064197037125,"PC Merchandise","Another comshop delivered! 2 units RYZEN 5 3400G para sa bagong negosyo ni PAU 💪",,85,"07/04/2023 15:00",uploaded,https://www.facebook.com/reel/1998215644673136/,0,0,Reels,,,,,07/28/2023,0,,,,,,0,0,0,0,0,8.824,4.746
1024688430269040,100064197037125,"PC Merchandise","Another comshop delivered! 2 units RYZEN 5 3400G para sa bagong negosyo ni PAU 💪",,85,"07/04/2023 15:00",uploaded,https://www.facebook.com/reel/1998215644673136/,0,0,Reels,,,,,07/29/2023,0,,,,,,0,0,0,0,0,11.755,4.610
1024688430269040,100064197037125,"PC Merchandise","Another comshop delivered! 2 units RYZEN 5 3400G para sa bagong negosyo ni PAU 💪",,85,"07/04/2023 15:00",uploaded,https://www.facebook.com/reel/1998215644673136/,0,0,Reels,,,,,07/30/2023,0,,,,,,0,0,0,0,0,16.531,4.687
1024688430269040,100064197037125,"PC Merchandise","Another comshop delivered! 2 units RYZEN 5 3400G para sa bagong negosyo ni PAU 💪",,85,"07/04/2023 15:00",uploaded,https://www.facebook.com/reel/1998215644673136/,0,0,Reels,,,,,07/31/2023,0,,,,,,0,0,0,0,0,5.362,3.958
1024296748652503,100064197037125,"PC Merchandise","Another comshop delivered! 4 units i5 12400F para sa bagong negosyo ni MIGZ 💪",,48,"07/03/2023 19:00",uploaded,https://www.facebook.com/reel/1955735772611441/,0,0,Reels,,,,,07/01/2023,0,,,,,,0,0,0,0,0,0.000,5.100
1024296748652503,100064197037125,"PC Merchandise","Another comshop delivered! 4 units i5 12400F para sa bagong negosyo ni MIGZ 💪",,48,"07/03/2023 19:00",uploaded,https://www.facebook.com/reel/1955735772611441/,0,0,Reels,,,,,07/02/2023,0,,,,,,0,0,0,0,0,0.000,4.541
1024296748652503,100064197037125,"PC Merchandise","Another comshop delivered! 4 units i5 12400F para sa bagong negosyo ni MIGZ 💪",,48,"07/03/2023 19:00",uploaded,https://www.facebook.com/reel/1955735772611441/,0,0,Reels,,,,,07/03/2023,0,,,,,,28,0,0,0,0,84.863,5.656
1024296748652503,100064197037125,"PC Merchandise","Another comshop delivered! 4 units i5 12400F para sa bagong negosyo ni MIGZ 💪",,48,"07/03/2023 19:00",uploaded,https://www.facebook.com/reel/1955735772611441/,0,0,Reels,,,,,07/04/2023,0,,,,,,40,0,1,1,0,80.753,6.642
1024296748652503,100064197037125,"PC Merchandise","Another comshop delivered! 4 units i5 12400F para sa bagong negosyo ni MIGZ 💪",,48,"07/03/2023 19:00",uploaded,https://www.facebook.com/reel/1955735772611441/,0,0,Reels,,,,,07/05/2023,0,,,,,,30,0,0,0,0,55.973,5.279
1024296748652503,100064197037125,"PC Merchandise","Another comshop delivered! 4 units i5 12400F para sa bagong negosyo ni MIGZ 💪",,48,"07/03/2023 19:00",uploaded,https://www.facebook.com/reel/1955735772611441/,0,0,Reels,,,,,07/06/2023,0,,,,,,37,0,0,0,0,51.194,4.575
1024296748652503,100064197037125,"PC Merchandise","Another comshop delivered! 4 units i5 12400F para sa bagong negosyo ni MIGZ 💪",,48,"07/03/2023 19:00",uploaded,https://www.facebook.com/reel/1955735772611441/,0,0,Reels,,,,,07/07/2023,0,,,,,,31,0,0,0,0,33.328,5.010
1024296748652503,100064197037125,"PC Merchandise","Another comshop delivered! 4 units i5 12400F para sa bagong negosyo ni MIGZ 💪",,48,"07/03/2023 19:00",uploaded,https://www.facebook.com/reel/1955735772611441/,0,0,Reels,,,,,07/08/2023,0,,,,,,33,0,0,0,0,49.338,5.612
1024296748652503,100064197037125,"PC Merchandise","Another comshop delivered! 4 units i5 12400F para sa bagong negosyo ni MIGZ 💪",,48,"07/03/2023 19:00",uploaded,https://www.facebook.com/reel/1955735772611441/,0,0,Reels,,,,,07/09/2023,0,,,,,,26,0,0,0,0,25.788,4.162
1024296748652503,100064197037125,"PC Merchandise","Another comshop delivered! 4 units i5 12400F para sa bagong negosyo ni MIGZ 💪",,48,"07/03/2023 19:00",uploaded,https://www.facebook.com/reel/1955735772611441/,0,0,Reels,,,,,07/10/2023,0,,,,,,0,0,0,0,0,14.550,4.874
1024296748652503,100064197037125,"PC Merchandise","Another comshop delivered! 4 units i5 12400F para sa bagong negosyo ni MIGZ 💪",,48,"07/03/2023 19:00",uploaded,https://www.facebook.com/reel/1955735772611441/,0,0,Reels,,,,,07/11/2023,0,,,,,,0,0,0,0,0,23.001,6.652
1024296748652503,100064197037125,"PC Merchandise","Another comshop delivered! 4 units i5 12400F para sa bagong negosyo ni MIGZ 💪",,48,"07/03/2023 19:00",uploaded,https://www.facebook.com/reel/1955735772611441/,0,0,Reels,,,,,07/12/2023,0,,,,,,0,0,0,0,0,7.416,6.284
1024296748652503,100064197037125,"PC Merchandise","Another comshop delivered! 4 units i5 12400F para sa bagong negosyo ni MIGZ 💪",,48,"07/03/2023 19:00",uploaded,https://www.facebook.com/reel/1955735772611441/,0,0,Reels,,,,,07/13/2023,0,,,,,,0,0,0,0,0,7.336,5.324
1024296748652503,100064197037125,"PC Merchandise","Another comshop delivered! 4 units i5 12400F para sa bagong negosyo ni MIGZ 💪",,48,"07/03/2023 19:00",uploaded,https://www.facebook.com/reel/1955735772611441/,0,0,Reels,,,,,07/14/2023,0,,,,,,0,0,0,0,0,11.941,5.055
1024296748652503,100064197037125,"PC Merchandise","Another comshop delivered! 4 units i5 12400F para sa bagong negosyo ni MIGZ 💪",,48,"07/03/2023 19:00",uploaded,https://www.facebook.com/reel/1955735772611441/,0,0,Reels,,,,,07/15/2023,0,,,,,,0,0,0,0,0,6.996,5.402
1024296748652503,100064197037125,"PC Merchandise","Another comshop delivered! 4 units i5 12400F para sa bagong negosyo ni MIGZ 💪",,48,"07/03/2023 19:00",uploaded,https://www.facebook.com/reel/1955735772611441/,0,0,Reels,,,,,07/16/2023,0,,,,,,0,0,0,0,0,9.698,4.385
1024296748652503,100064197037125,"PC Merchandise","Another comshop delivered! 4 units i5 12400F para sa bagong negosyo ni MIGZ 💪",,48,"07/03/2023 19:00",uploaded,https://www.facebook.com/reel/1955735772611441/,0,0,Reels,,,,,07/17/2023,0,,,,,,0,0,0,0,0,7.244,6.463
1024296748652503,100064197037125,"PC Merchandise","Another comshop delivered! 4 units i5 12400F para sa bagong negosyo ni MIGZ 💪",,48,"07/03/2023 19:00",uploaded,https://www.facebook.com/reel/1955735772611441/,0,0,Reels,,,,,07/18/2023,0,,,,,,0,0,0,0,0,7.791,5.582
1024296748652503,100064197037125,"PC Merchandise","Another comshop delivered! 4 units i5 12400F para sa bagong negosyo ni MIGZ 💪",,48,"07/03/2023 19:00",uploaded,https://www.facebook.com/reel/1955735772611441/,0,0,Reels,,,,,07/19/2023,0,,,,,,0,0,0,0,0,3.813,4.239
1024296748652503,100064197037125,"PC Merchandise","Another comshop delivered! 4 units i5 12400F para sa bagong negosyo ni MIGZ 💪",,48,"07/03/2023 19:00",uploaded,https://www.facebook.com/reel/1955735772611441/,0,0,Reels,,,,,07/20/2023,0,,,,,,0,0,0,0,0,3.096,5.886
1024296748652503,100064197037125,"PC Merchandise","Another comshop delivered! 4 units i5 12400F para sa bagong negosyo ni MIGZ 💪",,48,"07/03/2023 19:00",uploaded,https://www.facebook.com/reel/1955735772611441/,0,0,Reels,,,,,07/21/2023,0,,,,,,0,0,0,0,0,3.487,5.488
1024296748652503,100064197037125,"PC Merchandise","Another comshop delivered! 4 units i5 12400F para sa bagong negosyo ni MIGZ 💪",,48,"07/03/2023 19:00",uploaded,https://www.facebook.com/reel/1955735772611441/,0,0,Reels,,,,,07/22/2023,0,,,,,,0,0,0,0,0,4.230,5.289
1024296748652503,100064197037125,"PC Merchandise","Another comshop delivered! 4 units i5 12400F para sa bagong negosyo ni MIGZ 💪",,48,"07/03/2023 19:00",uploaded,https://www.facebook.com/reel/1955735772611441/,0,0,Reels,,,,,07/23/2023,0,,,,,,0,0,0,0,0,3.961,6.056
1024296748652503,100064197037125,"PC Merchandise","Another comshop delivered! 4 units i5 12400F para sa bagong negosyo ni MIGZ 💪",,48,"07/03/2023 19:00",uploaded,https://www.facebook.com/reel/1955735772611441/,0,0,Reels,,,,,07/24/2023,0,,,,,,0,0,0,0,0,4.232,5.387
1024296748652503,100064197037125,"PC Merchandise","Another comshop delivered! 4 units i5 12400F para sa bagong negosyo ni MIGZ 💪",,48,"07/03/2023 19:00",uploaded,https://www.facebook.com/reel/1955735772611441/,0,0,Reels,,,,,07/25/2023,0,,,,,,0,0,0,0,0,5.874,5.419
1024296748652503,100064197037125,"PC Merchandise","Another comshop delivered! 4 units i5 12400F para sa bagong negosyo ni MIGZ 💪",,48,"07/03/2023 19:00",uploaded,https://www.facebook.com/reel/1955735772611441/,0,0,Reels,,,,,07/26/2023,0,,,,,,0,0,0,0,0,7.911,6.099
1024296748652503,100064197037125,"PC Merchandise","Another comshop delivered! 4 units i5 12400F para sa bagong negosyo ni MIGZ 💪",,48,"07/03/2023 19:00",uploaded,https://www.facebook.com/reel/1955735772611441/,0,0,Reels,,,,,07/27/2023,0,,,,,,0,0,0,0,0,5.350,5.410
1024296748652503,100064197037125,"PC Merchandise","Another comshop delivered! 4 units i5 12400F para sa bagong negosyo ni MIGZ 💪",,48,"07/03/2023 19:00",uploaded,https://www.facebook.com/reel/1955735772611441/,0,0,Reels,,,,,07/28/2023,0,,,,,,0,0,0,0,0,6.254,5.990
1024296748652503,100064197037125,"PC Merchandise","Another comshop delivered! 4 units i5 12400F para sa bagong negosyo ni MIGZ 💪",,48,"07/03/2023 19:00",uploaded,https://www.facebook.com/reel/1955735772611441/,0,0,Reels,,,,,07/29/2023,0,,,,,,0,0,0,0,0,6.365,6.234
1024296748652503,100064197037125,"PC Merchandise","Another comshop delivered! 4 units i5 12400F para sa bagong negosyo ni MIGZ 💪",,48,"07/03/2023 19:00",uploaded,https://www.facebook.com/reel/1955735772611441/,0,0,Reels,,,,,07/30/2023,0,,,,,,0,0,0,0,0,8.888,5.882
1024296748652503,100064197037125,"PC Merchandise","Another comshop delivered! 4 units i5 12400F para sa bagong negosyo ni MIGZ 💪",,48,"07/03/2023 19:00",uploaded,https://www.facebook.com/reel/1955735772611441/,0,0,Reels,,,,,07/31/2023,0,,,,,,0,0,0,0,0,5.111,6.827
1024488889197332,100064197037125,"PC Merchandise","Do you want an aesthetic build that matches your gaming needs? RYZEN 5 5600G builds available now!",,0,"07/02/2023 22:01",,https://www.facebook.com/pcmerchandise.co/posts/pfbid0QJGq5z1W9v1dv0LksaPPCQUflN7NAPKBDCOvQwewc7MFdyJfHslYSZBy,0,0,Photos,,,,,07/31/2023,0,,,,,,,,,,,,
1024488889197332,100064197037125,"PC Merchandise","Do you want an aesthetic build that matches your gaming needs? RYZEN 5 5600G builds available now!",,0,"07/02/2023 22:01",,https://www.facebook.com/pcmerchandise.co/posts/pfbid0QJGq5z1W9v1dv0LksaPPCQUflN7NAPKBDCOvQwewc7MFdyJfHslYSZBy,0,0,Photos,,,,,07/01/2023,,,0,0,0,0,0,0,,,,,
1024488889197332,100064197037125,"PC Merchandise","Do you want an aesthetic build that matches your gaming needs? RYZEN 5 5600G builds available now!",,0,"07/02/2023 22:01",,https://www.facebook.com/pcmerchandise.co/posts/pfbid0QJGq5z1W9v1dv0LksaPPCQUflN7NAPKBDCOvQwewc7MFdyJfHslYSZBy,0,0,Photos,,,,,07/02/2023,,,0,0,0,0,0,0,,,,,
1024488889197332,100064197037125,"PC Merchandise","Do you want an aesthetic build that matches your gaming needs? RYZEN 5 5600G builds available now!",,0,"07/02/2023 22:01",,https://www.facebook.com/pcmerchandise.co/posts/pfbid0QJGq5z1W9v1dv0LksaPPCQUflN7NAPKBDCOvQwewc7MFdyJfHslYSZBy,0,0,Photos,,,,,07/03/2023,,,0,0,0,0,0,0,,,,,
1024488889197332,100064197037125,"PC Merchandise","Do you want an aesthetic build that matches your gaming needs? RYZEN 5 5600G builds available now!",,0,"07/02/2023 22:01",,https://www.facebook.com/pcmerchandise.co/posts/pfbid0QJGq5z1W9v1dv0LksaPPCQUflN7NAPKBDCOvQwewc7MFdyJfHslYSZBy,0,0,Photos,,,,,07/04/2023,,,0,0,0,0,0,0,,,,,
1024488889197332,100064197037125,"PC Merchandise","Do you want an aesthetic build that matches your gaming needs? RYZEN 5 5600G builds available now!",,0,"07/02/2023 22:01",,https://www.facebook.com/pcmerchandise.co/posts/pfbid0QJGq5z1W9v1dv0LksaPPCQUflN7NAPKBDCOvQwewc7MFdyJfHslYSZBy,0,0,Photos,,,,,07/05/2023,,,0,0,0,0,0,0,,,,,
1024488889197332,100064197037125,"PC Merchandise","Do you want an aesthetic build that matches your gaming needs? RYZEN 5 5600G builds available now!",,0,"07/02/2023 22:01",,https://www.facebook.com/pcmerchandise.co/posts/pfbid0QJGq5z1W9v1dv0LksaPPCQUflN7NAPKBDCOvQwewc7MFdyJfHslYSZBy,0,0,Photos,,,,,07/06/2023,,,0,0,0,0,0,0,,,,,
1024488889197332,100064197037125,"PC Merchandise","Do you want an aesthetic build that matches your gaming needs? RYZEN 5 5600G builds available now!",,0,"07/02/2023 22:01",,https://www.facebook.com/pcmerchandise.co/posts/pfbid0QJGq5z1W9v1dv0LksaPPCQUflN7NAPKBDCOvQwewc7MFdyJfHslYSZBy,0,0,Photos,,,,,07/07/2023,,,0,0,0,0,0,0,,,,,
1024488889197332,100064197037125,"PC Merchandise","Do you want an aesthetic build that matches your gaming needs? RYZEN 5 5600G builds available now!",,0,"07/02/2023 22:01",,https://www.facebook.com/pcmerchandise.co/posts/pfbid0QJGq5z1W9v1dv0LksaPPCQUflN7NAPKBDCOvQwewc7MFdyJfHslYSZBy,0,0,Photos,,,,,07/08/2023,,,0,0,0,0,0,0,,,,,
1024488889197332,100064197037125,"PC Merchandise","Do you want an aesthetic build that matches your gaming needs? RYZEN 5 5600G builds available now!",,0,"07/02/2023 22:01",,https://www.facebook.com/pcmerchandise.co/posts/pfbid0QJGq5z1W9v1dv0LksaPPCQUflN7NAPKBDCOvQwewc7MFdyJfHslYSZBy,0,0,Photos,,,,,07/09/2023,,,0,0,0,0,0,0,,,,,
1024488889197332,100064197037125,"PC Merchandise","Do you want an aesthetic build that matches your gaming needs? RYZEN 5 5600G builds available now!",,0,"07/02/2023 22:01",,https://www.facebook.com/pcmerchandise.co/posts/pfbid0QJGq5z1W9v1dv0LksaPPCQUflN7NAPKBDCOvQwewc7MFdyJfHslYSZBy,0,0,Photos,,,,,07/10/2023,,,0,0,0,0,0,0,,,,,
1024488889197332,100064197037125,"PC Merchandise","Do you want an aesthetic build that matches your gaming needs? RYZEN 5 5600G builds available now!",,0,"07/02/2023 22:01",,https://www.facebook.com/pcmerchandise.co/posts/pfbid0QJGq5z1W9v1dv0LksaPPCQUflN7NAPKBDCOvQwewc7MFdyJfHslYSZBy,0,0,Photos,,,,,07/11/2023,,,0,0,0,0,0,0,,,,,
1024488889197332,100064197037125,"PC Merchandise","Do you want an aesthetic build that matches your gaming needs? RYZEN 5 5600G builds available now!",,0,"07/02/2023 22:01",,https://www.facebook.com/pcmerchandise.co/posts/pfbid0QJGq5z1W9v1dv0LksaPPCQUflN7NAPKBDCOvQwewc7MFdyJfHslYSZBy,0,0,Photos,,,,,07/12/2023,,,0,0,0,0,0,0,,,,,
1024488889197332,100064197037125,"PC Merchandise","Do you want an aesthetic build that matches your gaming needs? RYZEN 5 5600G builds available now!",,0,"07/02/2023 22:01",,https://www.facebook.com/pcmerchandise.co/posts/pfbid0QJGq5z1W9v1dv0LksaPPCQUflN7NAPKBDCOvQwewc7MFdyJfHslYSZBy,0,0,Photos,,,,,07/13/2023,,,0,0,0,0,0,0,,,,,
1024488889197332,100064197037125,"PC Merchandise","Do you want an aesthetic build that matches your gaming needs? RYZEN 5 5600G builds available now!",,0,"07/02/2023 22:01",,https://www.facebook.com/pcmerchandise.co/posts/pfbid0QJGq5z1W9v1dv0LksaPPCQUflN7NAPKBDCOvQwewc7MFdyJfHslYSZBy,0,0,Photos,,,,,07/14/2023,,,0,0,0,0,0,0,,,,,
1024488889197332,100064197037125,"PC Merchandise","Do you want an aesthetic build that matches your gaming needs? RYZEN 5 5600G builds available now!",,0,"07/02/2023 22:01",,https://www.facebook.com/pcmerchandise.co/posts/pfbid0QJGq5z1W9v1dv0LksaPPCQUflN7NAPKBDCOvQwewc7MFdyJfHslYSZBy,0,0,Photos,,,,,07/15/2023,,,0,0,0,0,0,0,,,,,
1024488889197332,100064197037125,"PC Merchandise","Do you want an aesthetic build that matches your gaming needs? RYZEN 5 5600G builds available now!",,0,"07/02/2023 22:01",,https://www.facebook.com/pcmerchandise.co/posts/pfbid0QJGq5z1W9v1dv0LksaPPCQUflN7NAPKBDCOvQwewc7MFdyJfHslYSZBy,0,0,Photos,,,,,07/16/2023,,,0,0,0,0,0,0,,,,,
1024488889197332,100064197037125,"PC Merchandise","Do you want an aesthetic build that matches your gaming needs? RYZEN 5 5600G builds available now!",,0,"07/02/2023 22:01",,https://www.facebook.com/pcmerchandise.co/posts/pfbid0QJGq5z1W9v1dv0LksaPPCQUflN7NAPKBDCOvQwewc7MFdyJfHslYSZBy,0,0,Photos,,,,,07/17/2023,,,0,0,0,0,0,0,,,,,
1024488889197332,100064197037125,"PC Merchandise","Do you want an aesthetic build that matches your gaming needs? RYZEN 5 5600G builds available now!",,0,"07/02/2023 22:01",,https://www.facebook.com/pcmerchandise.co/posts/pfbid0QJGq5z1W9v1dv0LksaPPCQUflN7NAPKBDCOvQwewc7MFdyJfHslYSZBy,0,0,Photos,,,,,07/18/2023,,,0,0,0,0,0,0,,,,,
1024488889197332,100064197037125,"PC Merchandise","Do you want an aesthetic build that matches your gaming needs? RYZEN 5 5600G builds available now!",,0,"07/02/2023 22:01",,https://www.facebook.com/pcmerchandise.co/posts/pfbid0QJGq5z1W9v1dv0LksaPPCQUflN7NAPKBDCOvQwewc7MFdyJfHslYSZBy,0,0,Photos,,,,,07/19/2023,,,0,0,0,0,0,0,,,,,
1024488889197332,100064197037125,"PC Merchandise","Do you want an aesthetic build that matches your gaming needs? RYZEN 5 5600G builds available now!",,0,"07/02/2023 22:01",,https://www.facebook.com/pcmerchandise.co/posts/pfbid0QJGq5z1W9v1dv0LksaPPCQUflN7NAPKBDCOvQwewc7MFdyJfHslYSZBy,0,0,Photos,,,,,07/20/2023,,,0,0,0,0,0,0,,,,,
1024488889197332,100064197037125,"PC Merchandise","Do you want an aesthetic build that matches your gaming needs? RYZEN 5 5600G builds available now!",,0,"07/02/2023 22:01",,https://www.facebook.com/pcmerchandise.co/posts/pfbid0QJGq5z1W9v1dv0LksaPPCQUflN7NAPKBDCOvQwewc7MFdyJfHslYSZBy,0,0,Photos,,,,,07/21/2023,,,0,0,0,0,0,0,,,,,
1024488889197332,100064197037125,"PC Merchandise","Do you want an aesthetic build that matches your gaming needs? RYZEN 5 5600G builds available now!",,0,"07/02/2023 22:01",,https://www.facebook.com/pcmerchandise.co/posts/pfbid0QJGq5z1W9v1dv0LksaPPCQUflN7NAPKBDCOvQwewc7MFdyJfHslYSZBy,0,0,Photos,,,,,07/22/2023,,,0,0,0,0,0,0,,,,,
1024488889197332,100064197037125,"PC Merchandise","Do you want an aesthetic build that matches your gaming needs? RYZEN 5 5600G builds available now!",,0,"07/02/2023 22:01",,https://www.facebook.com/pcmerchandise.co/posts/pfbid0QJGq5z1W9v1dv0LksaPPCQUflN7NAPKBDCOvQwewc7MFdyJfHslYSZBy,0,0,Photos,,,,,07/23/2023,,,0,0,0,0,0,0,,,,,
1024488889197332,100064197037125,"PC Merchandise","Do you want an aesthetic build that matches your gaming needs? RYZEN 5 5600G builds available now!",,0,"07/02/2023 22:01",,https://www.facebook.com/pcmerchandise.co/posts/pfbid0QJGq5z1W9v1dv0LksaPPCQUflN7NAPKBDCOvQwewc7MFdyJfHslYSZBy,0,0,Photos,,,,,07/24/2023,,,0,0,0,0,0,0,,,,,
1024488889197332,100064197037125,"PC Merchandise","Do you want an aesthetic build that matches your gaming needs? RYZEN 5 5600G builds available now!",,0,"07/02/2023 22:01",,https://www.facebook.com/pcmerchandise.co/posts/pfbid0QJGq5z1W9v1dv0LksaPPCQUflN7NAPKBDCOvQwewc7MFdyJfHslYSZBy,0,0,Photos,,,,,07/25/2023,,,0,0,0,0,0,0,,,,,
1024488889197332,100064197037125,"PC Merchandise","Do you want an aesthetic build that matches your gaming needs? RYZEN 5 5600G builds available now!",,0,"07/02/2023 22:01",,https://www.facebook.com/pcmerchandise.co/posts/pfbid0QJGq5z1W9v1dv0LksaPPCQUflN7NAPKBDCOvQwewc7MFdyJfHslYSZBy,0,0,Photos,,,,,07/26/2023,,,0,0,0,0,0,0,,,,,
1024488889197332,100064197037125,"PC Merchandise","Do you want an aesthetic build that matches your gaming needs? RYZEN 5 5600G builds available now!",,0,"07/02/2023 22:01",,https://www.facebook.com/pcmerchandise.co/posts/pfbid0QJGq5z1W9v1dv0LksaPPCQUflN7NAPKBDCOvQwewc7MFdyJfHslYSZBy,0,0,Photos,,,,,07/27/2023,,,0,0,0,0,0,0,,,,,
1024488889197332,100064197037125,"PC Merchandise","Do you want an aesthetic build that matches your gaming needs? RYZEN 5 5600G builds available now!",,0,"07/02/2023 22:01",,https://www.facebook.com/pcmerchandise.co/posts/pfbid0QJGq5z1W9v1dv0LksaPPCQUflN7NAPKBDCOvQwewc7MFdyJfHslYSZBy,0,0,Photos,,,,,07/28/2023,,,0,0,0,0,0,0,,,,,
1024488889197332,100064197037125,"PC Merchandise","Do you want an aesthetic build that matches your gaming needs? RYZEN 5 5600G builds available now!",,0,"07/02/2023 22:01",,https://www.facebook.com/pcmerchandise.co/posts/pfbid0QJGq5z1W9v1dv0LksaPPCQUflN7NAPKBDCOvQwewc7MFdyJfHslYSZBy,0,0,Photos,,,,,07/29/2023,,,0,0,0,0,0,0,,,,,
1024488889197332,100064197037125,"PC Merchandise","Do you want an aesthetic build that matches your gaming needs? RYZEN 5 5600G builds available now!",,0,"07/02/2023 22:01",,https://www.facebook.com/pcmerchandise.co/posts/pfbid0QJGq5z1W9v1dv0LksaPPCQUflN7NAPKBDCOvQwewc7MFdyJfHslYSZBy,0,0,Photos,,,,,07/30/2023,,,0,0,0,0,0,0,,,,,
1024488889197332,100064197037125,"PC Merchandise","Do you want an aesthetic build that matches your gaming needs? RYZEN 5 5600G builds available now!",,0,"07/02/2023 22:01",,https://www.facebook.com/pcmerchandise.co/posts/pfbid0QJGq5z1W9v1dv0LksaPPCQUflN7NAPKBDCOvQwewc7MFdyJfHslYSZBy,0,0,Photos,,,,,07/31/2023,,,0,0,0,0,0,0,,,,,
1024250486295802,100064197037125,"PC Merchandise","BUDGET BUILD ALERT 🚨 RYZEN 5 5600G + GTX 1660S — perfect for online class and gaming!",,59,"07/01/2023 20:00",mixed,https://www.facebook.com/reel/1504058993374758/,0,0,Reels,,,,,07/01/2023,0,,,,,,0,0,0,0,0,380.655,4.122
1024250486295802,100064197037125,"PC Merchandise","BUDGET BUILD ALERT 🚨 RYZEN 5 5600G + GTX 1660S — perfect for online class and gaming!",,59,"07/01/2023 20:00",mixed,https://www.facebook.com/reel/1504058993374758/,0,0,Reels,,,,,07/02/2023,0,,,,,,0,0,0,0,0,185.321,4.362
1024250486295802,100064197037125,"PC Merchandise","BUDGET BUILD ALERT 🚨 RYZEN 5 5600G + GTX 1660S — perfect for online class and gaming!",,59,"07/01/2023 20:00",mixed,https://www.facebook.com/reel/1504058993374758/,0,0,Reels,,,,,07/03/2023,0,,,,,,0,0,0,0,0,109.917,5.321
1024250486295802,100064197037125,"PC Merchandise","BUDGET BUILD ALERT 🚨 RYZEN 5 5600G + GTX 1660S — perfect for online class and gaming!",,59,"07/01/2023 20:00",mixed,https://www.facebook.com/reel/1504058993374758/,0,0,Reels,,,,,07/04/2023,0,,,,,,0,0,0,0,0,67.967,5.160
1024250486295802,100064197037125,"PC Merchandise","BUDGET BUILD ALERT 🚨 RYZEN 5 5600G + GTX 1660S — perfect for online class and gaming!",,59,"07/01/2023 20:00",mixed,https://www.facebook.com/reel/1504058993374758/,0,0,Reels,,,,,07/05/2023,0,,,,,,0,0,0,0,0,64.692,4.342
1024250486295802,100064197037125,"PC Merchandise","BUDGET BUILD ALERT 🚨 RYZEN 5 5600G + GTX 1660S — perfect for online class and gaming!",,59,"07/01/2023 20:00",mixed,https://www.facebook.com/reel/1504058993374758/,0,0,Reels,,,,,07/06/2023,0,,,,,,0,0,0,0,0,86.815,4.885
1024250486295802,100064197037125,"PC Merchandise","BUDGET BUILD ALERT 🚨 RYZEN 5 5600G + GTX 1660S — perfect for online class and gaming!",,59,"07/01/2023 20:00",mixed,https://www.facebook.com/reel/1504058993374758/,0,0,Reels,,,,,07/07/2023,0,,,,,,0,0,0,0,0,32.233,5.368
1024250486295802,100064197037125,"PC Merchandise","BUDGET BUILD ALERT 🚨 RYZEN 5 5600G + GTX 1660S — perfect for online class and gaming!",,59,"07/01/2023 20:00",mixed,https://www.facebook.com/reel/1504058993374758/,0,0,Reels,,,,,07/08/2023,0,,,,,,0,0,0,0,0,70.112,4.516
1024250486295802,100064197037125,"PC Merchandise","BUDGET BUILD ALERT 🚨 RYZEN 5 5600G + GTX 1660S — perfect for online class and gaming!",,59,"07/01/2023 20:00",mixed,https://www.facebook.com/reel/1504058993374758/,0,0,Reels,,,,,07/09/2023,0,,,,,,0,0,0,0,0,14.659,3.678
1024250486295802,100064197037125,"PC Merchandise","BUDGET BUILD ALERT 🚨 RYZEN 5 5600G + GTX 1660S — perfect for online class and gaming!",,59,"07/01/2023 20:00",mixed,https://www.facebook.com/reel/1504058993374758/,0,0,Reels,,,,,07/10/2023,0,,,,,,0,0,0,0,0,38.200,5.130
1024250486295802,100064197037125,"PC Merchandise","BUDGET BUILD ALERT 🚨 RYZEN 5 5600G + GTX 1660S — perfect for online class and gaming!",,59,"07/01/2023 20:00",mixed,https://www.facebook.com/reel/1504058993374758/,0,0,Reels,,,,,07/11/2023,0,,,,,,0,0,0,0,0,12.751,3.820
1024250486295802,100064197037125,"PC Merchandise","BUDGET BUILD ALERT 🚨 RYZEN 5 5600G + GTX 1660S — perfect for online class and gaming!",,59,"07/01/2023 20:00",mixed,https://www.facebook.com/reel/1504058993374758/,0,0,Reels,,,,,07/12/2023,0,,,,,,0,0,0,0,0,10.536,5.044
1024250486295802,100064197037125,"PC Merchandise","BUDGET BUILD ALERT 🚨 RYZEN 5 5600G + GTX 1660S — perfect for online class and gaming!",,59,"07/01/2023 20:00",mixed,https://www.facebook.com/reel/1504058993374758/,0,0,Reels,,,,,07/13/2023,0,,,,,,0,0,0,0,0,19.229,3.793
1024250486295802,100064197037125,"PC Merchandise","BUDGET BUILD ALERT 🚨 RYZEN 5 5600G + GTX 1660S — perfect for online class and gaming!",,59,"07/01/2023 20:00",mixed,https://www.facebook.com/reel/1504058993374758/,0,0,Reels,,,,,07/14/2023,0,,,,,,0,0,0,0,0,27.143,3.463
1024250486295802,100064197037125,"PC Merchandise","BUDGET BUILD ALERT 🚨 RYZEN 5 5600G + GTX 1660S — perfect for online class and gaming!",,59,"07/01/2023 20:00",mixed,https://www.facebook.com/reel/1504058993374758/,0,0,Reels,,,,,07/15/2023,0,,,,,,0,0,0,0,0,13.043,4.887
1024250486295802,100064197037125,"PC Merchandise","BUDGET BUILD ALERT 🚨 RYZEN 5 5600G + GTX 1660S — perfect for online class and gaming!",,59,"07/01/2023 20:00",mixed,https://www.facebook.com/reel/1504058993374758/,0,0,Reels,,,,,07/16/2023,0,,,,,,0,0,0,0,0,12.251,2.910
1024250486295802,100064197037125,"PC Merchandise","BUDGET BUILD ALERT 🚨 RYZEN 5 5600G + GTX 1660S — perfect for online class and gaming!",,59,"07/01/2023 20:00",mixed,https://www.facebook.com/reel/1504058993374758/,0,0,Reels,,,,,07/17/2023,0,,,,,,0,0,0,0,0,12.684,4.791
1024250486295802,100064197037125,"PC Merchandise","BUDGET BUILD ALERT 🚨 RYZEN 5 5600G + GTX 1660S — perfect for online class and gaming!",,59,"07/01/2023 20:00",mixed,https://www.facebook.com/reel/1504058993374758/,0,0,Reels,,,,,07/18/2023,0,,,,,,0,0,0,0,0,8.845,4.707
1024250486295802,100064197037125,"PC Merchandise","BUDGET BUILD ALERT 🚨 RYZEN 5 5600G + GTX 1660S — perfect for online class and gaming!",,59,"07/01/2023 20:00",mixed,https://www.facebook.com/reel/1504058993374758/,0,0,Reels,,,,,07/19/2023,0,,,,,,0,0,0,0,0,11.556,4.191
1024250486295802,100064197037125,"PC Merchandise","BUDGET BUILD ALERT 🚨 RYZEN 5 5600G + GTX 1660S — perfect for online class and gaming!",,59,"07/01/2023 20:00",mixed,https://www.facebook.com/reel/1504058993374758/,0,0,Reels,,,,,07/20/2023,0,,,,,,0,0,0,0,0,18.185,4.289
1024250486295802,100064197037125,"PC Merchandise","BUDGET BUILD ALERT 🚨 RYZEN 5 5600G + GTX 1660S — perfect for online class and gaming!",,59,"07/01/2023 20:00",mixed,https://www.facebook.com/reel/1504058993374758/,0,0,Reels,,,,,07/21/2023,0,,,,,,0,0,0,0,0,7.166,4.172
1024250486295802,100064197037125,"PC Merchandise","BUDGET BUILD ALERT 🚨 RYZEN 5 5600G + GTX 1660S — perfect for online class and gaming!",,59,"07/01/2023 20:00",mixed,https://www.facebook.com/reel/1504058993374758/,0,0,Reels,,,,,07/22/2023,0,,,,,,0,0,0,0,0,12.033,3.804
1024250486295802,100064197037125,"PC Merchandise","BUDGET BUILD ALERT 🚨 RYZEN 5 5600G + GTX 1660S — perfect for online class and gaming!",,59,"07/01/2023 20:00",mixed,https://www.facebook.com/reel/1504058993374758/,0,0,Reels,,,,,07/23/2023,0,,,,,,0,0,0,0,0,11.169,3.921
1024250486295802,100064197037125,"PC Merchandise","BUDGET BUILD ALERT 🚨 RYZEN 5 5600G + GTX 1660S — perfect for online class and gaming!",,59,"07/01/2023 20:00",mixed,https://www.facebook.com/reel/1504058993374758/,0,0,Reels,,,,,07/24/2023,0,,,,,,0,0,0,0,0,9.920,3.781
1024250486295802,100064197037125,"PC Merchandise","BUDGET BUILD ALERT 🚨 RYZEN 5 5600G + GTX 1660S — perfect for online class and gaming!",,59,"07/01/2023 20:00",mixed,https://www.facebook.com/reel/1504058993374758/,0,0,Reels,,,,,07/25/2023,0,,,,,,0,0,0,0,0,9.575,3.404
1024250486295802,100064197037125,"PC Merchandise","BUDGET BUILD ALERT 🚨 RYZEN 5 5600G + GTX 1660S — perfect for online class and gaming!",,59,"07/01/2023 20:00",mixed,https://www.facebook.com/reel/1504058993374758/,0,0,Reels,,,,,07/26/2023,0,,,,,,0,0,0,0,0,9.293,4.819
1024250486295802,100064197037125,"PC Merchandise","BUDGET BUILD ALERT 🚨 RYZEN 5 5600G + GTX 1660S — perfect for online class and gaming!",,59,"07/01/2023 20:00",mixed,https://www.facebook.com/reel/1504058993374758/,0,0,Reels,,,,,07/27/2023,0,,,,,,0,0,0,0,0,10.100,4.103
1024250486295802,100064197037125,"PC Merchandise","BUDGET BUILD ALERT 🚨 RYZEN 5 5600G + GTX 1660S — perfect for online class and gaming!",,59,"07/01/2023 20:00",mixed,https://www.facebook.com/reel/1504058993374758/,0,0,Reels,,,,,07/28/2023,0,,,,,,0,0,0,0,0,13.591,3.489
1024250486295802,100064197037125,"PC Merchandise","BUDGET BUILD ALERT 🚨 RYZEN 5 5600G + GTX 1660S — perfect for online class and gaming!",,59,"07/01/2023 20:00",mixed,https://www.facebook.com/reel/1504058993374758/,0,0,Reels,,,,,07/29/2023,0,,,,,,0,0,0,0,0,7.100,5.468
1024250486295802,100064197037125,"PC Merchandise","BUDGET BUILD ALERT 🚨 RYZEN 5 5600G + GTX 1660S — perfect for online class and gaming!",,59,"07/01/2023 20:00",mixed,https://www.facebook.com/reel/1504058993374758/,0,0,Reels,,,,,07/30/2023,0,,,,,,0,0,0,0,0,14.138,4.127
1024250486295802,100064197037125,"PC Merchandise","BUDGET BUILD ALERT 🚨 RYZEN 5 5600G + GTX 1660S — perfect for online class and gaming!",,59,"07/01/2023 20:00",mixed,https://www.facebook.com/reel/1504058993374758/,0,0,Reels,,,,,07/31/2023,0,,,,,,0,0,0,0,0,8.307,5.180
1024320197568548,100064197037125,"PC Merchandise","𝐀𝐌𝟓 𝐁𝐮𝐢𝐥𝐝 𝐋𝐢𝐦𝐢𝐭𝐞𝐝 𝐒𝐚𝐥𝐞! 🚨
Experience next-gen performance with our latest builds. PM for pricelist!",,48,"07/01/2023 15:01",mixed,https://www.facebook.com/reel/1146484616963419/,0,0,Reels,,,,,07/01/2023,0,,,,,,100,0,1,0,1,376.360,5.449
1024320197568548,100064197037125,"PC Merchandise","𝐀𝐌𝟓 𝐁𝐮𝐢𝐥𝐝 𝐋𝐢𝐦𝐢𝐭𝐞𝐝 𝐒𝐚𝐥𝐞! 🚨
Experience next-gen performance with our latest builds. PM for pricelist!",,48,"07/01/2023 15:01",mixed,https://www.facebook.com/reel/1146484616963419/,0,0,Reels,,,,,07/02/2023,0,,,,,,98,0,0,0,0,199.949,4.995
1024320197568548,100064197037125,"PC Merchandise","𝐀𝐌𝟓 𝐁𝐮𝐢𝐥𝐝 𝐋𝐢𝐦𝐢𝐭𝐞𝐝 𝐒𝐚𝐥𝐞! 🚨
Experience next-gen performance with our latest builds. PM for pricelist!",,48,"07/01/2023 15:01",mixed,https://www.facebook.com/reel/1146484616963419/,0,0,Reels,,,,,07/03/2023,0,,,,,,88,0,0,0,0,210.963,3.919
1024320197568548,100064197037125,"PC Merchandise","𝐀𝐌𝟓 𝐁𝐮𝐢𝐥𝐝 𝐋𝐢𝐦𝐢𝐭𝐞𝐝 𝐒𝐚𝐥𝐞! 🚨
Experience next-gen performance with our latest builds. PM for pricelist!",,48,"07/01/2023 15:01",mixed,https://www.facebook.com/reel/1146484616963419/,0,0,Reels,,,,,07/04/2023,0,,,,,,91,0,1,1,0,257.611,4.858
1024320197568548,100064197037125,"PC Merchandise","𝐀𝐌𝟓 𝐁𝐮𝐢𝐥𝐝 𝐋𝐢𝐦𝐢𝐭𝐞𝐝 𝐒𝐚𝐥𝐞! 🚨
Experience next-gen performance with our latest builds. PM for pricelist!",,48,"07/01/2023 15:01",mixed,https://www.facebook.com/reel/1146484616963419/,0,0,Reels,,,,,07/05/2023,0,,,,,,110,0,0,0,0,90.299,3.607
1024320197568548,100064197037125,"PC Merchandise","𝐀𝐌𝟓 𝐁𝐮𝐢𝐥𝐝 𝐋𝐢𝐦𝐢𝐭𝐞𝐝 𝐒𝐚𝐥𝐞! 🚨
Experience next-gen performance with our latest builds. PM for pricelist!",,48,"07/01/2023 15:01",mixed,https://www.facebook.com/reel/1146484616963419/,0,0,Reels,,,,,07/06/2023,0,,,,,,98,0,0,0,0,132.159,4.561
1024320197568548,100064197037125,"PC Merchandise","𝐀𝐌𝟓 𝐁𝐮𝐢𝐥𝐝 𝐋𝐢𝐦𝐢𝐭𝐞𝐝 𝐒𝐚𝐥𝐞! 🚨
Experience next-gen performance with our latest builds. PM for pricelist!",,48,"07/01/2023 15:01",mixed,https://www.facebook.com/reel/1146484616963419/,0,0,Reels,,,,,07/07/2023,0,,,,,,113,0,0,0,0,59.068,3.667
1024320197568548,100064197037125,"PC Merchandise","𝐀𝐌𝟓 𝐁𝐮𝐢𝐥𝐝 𝐋𝐢𝐦𝐢𝐭𝐞𝐝 𝐒𝐚𝐥𝐞! 🚨
Experience next-gen performance with our latest builds. PM for pricelist!",,48,"07/01/2023 15:01",mixed,https://www.facebook.com/reel/1146484616963419/,0,0,Reels,,,,,07/08/2023,0,,,,,,0,0,0,0,0,113.252,4.084
1024320197568548,100064197037125,"PC Merchandise","𝐀𝐌𝟓 𝐁𝐮𝐢𝐥𝐝 𝐋𝐢𝐦𝐢𝐭𝐞𝐝 𝐒𝐚𝐥𝐞! 🚨
Experience next-gen performance with our latest builds. PM for pricelist!",,48,"07/01/2023 15:01",mixed,https://www.facebook.com/reel/1146484616963419/,0,0,Reels,,,,,07/09/2023,0,,,,,,0,0,0,0,0,31.442,2.370
1024320197568548,100064197037125,"PC Merchandise","𝐀𝐌𝟓 𝐁𝐮𝐢𝐥𝐝 𝐋𝐢𝐦𝐢𝐭𝐞𝐝 𝐒𝐚𝐥𝐞! 🚨
Experience next-gen performance with our latest builds. PM for pricelist!",,48,"07/01/2023 15:01",mixed,https://www.facebook.com/reel/1146484616963419/,0,0,Reels,,,,,07/10/2023,0,,,,,,0,0,0,0,0,19.710,4.396
1024320197568548,100064197037125,"PC Merchandise","𝐀𝐌𝟓 𝐁𝐮𝐢𝐥𝐝 𝐋𝐢𝐦𝐢𝐭𝐞𝐝 𝐒𝐚𝐥𝐞! 🚨
Experience next-gen performance with our latest builds. PM for pricelist!",,48,"07/01/2023 15:01",mixed,https://www.facebook.com/reel/1146484616963419/,0,0,Reels,,,,,07/11/2023,0,,,,,,0,0,0,0,0,9.260,4.417
1024320197568548,100064197037125,"PC Merchandise","𝐀𝐌𝟓 𝐁𝐮𝐢𝐥𝐝 𝐋𝐢𝐦𝐢𝐭𝐞𝐝 𝐒𝐚𝐥𝐞! 🚨
Experience next-gen performance with our latest builds. PM for pricelist!",,48,"07/01/2023 15:01",mixed,https://www.facebook.com/reel/1146484616963419/,0,0,Reels,,,,,07/12/2023,0,,,,,,0,0,0,0,0,15.665,4.676
1024320197568548,100064197037125,"PC Merchandise","𝐀𝐌𝟓 𝐁𝐮𝐢𝐥𝐝 𝐋𝐢𝐦𝐢𝐭𝐞𝐝 𝐒𝐚𝐥𝐞! 🚨
Experience next-gen performance with our latest builds. PM for pricelist!",,48,"07/01/2023 15:01",mixed,https://www.facebook.com/reel/1146484616963419/,0,0,Reels,,,,,07/13/2023,0,,,,,,0,0,0,0,0,18.161,4.435
1024320197568548,100064197037125,"PC Merchandise","𝐀𝐌𝟓 𝐁𝐮𝐢𝐥𝐝 𝐋𝐢𝐦𝐢𝐭𝐞𝐝 𝐒𝐚𝐥𝐞! 🚨
Experience next-gen performance with our latest builds. PM for pricelist!",,48,"07/01/2023 15:01",mixed,https://www.facebook.com/reel/1146484616963419/,0,0,Reels,,,,,07/14/2023,0,,,,,,0,0,0,0,0,23.200,5.658
1024320197568548,100064197037125,"PC Merchandise","𝐀𝐌𝟓 𝐁𝐮𝐢𝐥𝐝 𝐋𝐢𝐦𝐢𝐭𝐞𝐝 𝐒𝐚𝐥𝐞! 🚨
Experience next-gen performance with our latest builds. PM for pricelist!",,48,"07/01/2023 15:01",mixed,https://www.facebook.com/reel/1146484616963419/,0,0,Reels,,,,,07/15/2023,0,,,,,,0,0,0,0,0,26.220,5.012
1024320197568548,100064197037125,"PC Merchandise","𝐀𝐌𝟓 𝐁𝐮𝐢𝐥𝐝 𝐋𝐢𝐦𝐢𝐭𝐞𝐝 𝐒𝐚𝐥𝐞! 🚨
Experience next-gen performance with our latest builds. PM for pricelist!",,48,"07/01/2023 15:01",mixed,https://www.facebook.com/reel/1146484616963419/,0,0,Reels,,,,,07/16/2023,0,,,,,,0,0,0,0,0,17.605,4.533
1024320197568548,100064197037125,"PC Merchandise","𝐀𝐌𝟓 𝐁𝐮𝐢𝐥𝐝 𝐋𝐢𝐦𝐢𝐭𝐞𝐝 𝐒𝐚𝐥𝐞! 🚨
Experience next-gen performance with our latest builds. PM for pricelist!",,48,"07/01/2023 15:01",mixed,https://www.facebook.com/reel/1146484616963419/,0,0,Reels,,,,,07/17/2023,0,,,,,,0,0,0,0,0,4.327,2.492
1024320197568548,100064197037125,"PC Merchandise","𝐀𝐌𝟓 𝐁𝐮𝐢𝐥𝐝 𝐋𝐢𝐦𝐢𝐭𝐞𝐝 𝐒𝐚𝐥𝐞! 🚨
Experience next-gen performance with our latest builds. PM for pricelist!",,48,"07/01/2023 15:01",mixed,https://www.facebook.com/reel/1146484616963419/,0,0,Reels,,,,,07/18/2023,0,,,,,,0,0,0,0,0,17.448,5.058
1024320197568548,100064197037125,"PC Merchandise","𝐀𝐌𝟓 𝐁𝐮𝐢𝐥𝐝 𝐋𝐢𝐦𝐢𝐭𝐞𝐝 𝐒𝐚𝐥𝐞! 🚨
Experience next-gen performance with our latest builds. PM for pricelist!",,48,"07/01/2023 15:01",mixed,https://www.facebook.com/reel/1146484616963419/,0,0,Reels,,,,,07/19/2023,0,,,,,,0,0,0,0,0,10.836,3.988
1024320197568548,100064197037125,"PC Merchandise","𝐀𝐌𝟓 𝐁𝐮𝐢𝐥𝐝 𝐋𝐢𝐦𝐢𝐭𝐞𝐝 𝐒𝐚𝐥𝐞! 🚨
Experience next-gen performance with our latest builds. PM for pricelist!",,48,"07/01/2023 15:01",mixed,https://www.facebook.com/reel/1146484616963419/,0,0,Reels,,,,,07/20/2023,0,,,,,,0,0,0,0,0,18.837,4.191
1024320197568548,100064197037125,"PC Merchandise","𝐀𝐌𝟓 𝐁𝐮𝐢𝐥𝐝 𝐋𝐢𝐦𝐢𝐭𝐞𝐝 𝐒𝐚𝐥𝐞! 🚨
Experience next-gen performance with our latest builds. PM for pricelist!",,48,"07/01/2023 15:01",mixed,https://www.facebook.com/reel/1146484616963419/,0,0,Reels,,,,,07/21/2023,0,,,,,,0,0,0,0,0,9.131,3.071
1024320197568548,100064197037125,"PC Merchandise","𝐀𝐌𝟓 𝐁𝐮𝐢𝐥𝐝 𝐋𝐢𝐦𝐢𝐭𝐞𝐝 𝐒𝐚𝐥𝐞! 🚨
Experience next-gen performance with our latest builds. PM for pricelist!",,48,"07/01/2023 15:01",mixed,https://www.facebook.com/reel/1146484616963419/,0,0,Reels,,,,,07/22/2023,0,,,,,,0,0,0,0,0,11.090,4.570
1024320197568548,100064197037125,"PC Merchandise","𝐀𝐌𝟓 𝐁𝐮𝐢𝐥𝐝 𝐋𝐢𝐦𝐢𝐭𝐞𝐝 𝐒𝐚𝐥𝐞! 🚨
Experience next-gen performance with our latest builds. PM for pricelist!",,48,"07/01/2023 15:01",mixed,https://www.facebook.com/reel/1146484616963419/,0,0,Reels,,,,,07/23/2023,0,,,,,,0,0,0,0,0,14.903,5.316
1024320197568548,100064197037125,"PC Merchandise","𝐀𝐌𝟓 𝐁𝐮𝐢𝐥𝐝 𝐋𝐢𝐦𝐢𝐭𝐞𝐝 𝐒𝐚𝐥𝐞! 🚨
Experience next-gen performance with our latest builds. PM for pricelist!",,48,"07/01/2023 15:01",mixed,https://www.facebook.com/reel/1146484616963419/,0,0,Reels,,,,,07/24/2023,0,,,,,,0,0,0,0,0,12.501,3.349
1024320197568548,100064197037125,"PC Merchandise","𝐀𝐌𝟓 𝐁𝐮𝐢𝐥𝐝 𝐋𝐢𝐦𝐢𝐭𝐞𝐝 𝐒𝐚𝐥𝐞! 🚨
Experience next-gen performance with our latest builds. PM for pricelist!",,48,"07/01/2023 15:01",mixed,https://www.facebook.com/reel/1146484616963419/,0,0,Reels,,,,,07/25/2023,0,,,,,,0,0,0,0,0,11.989,3.922
1024320197568548,100064197037125,"PC Merchandise","𝐀𝐌𝟓 𝐁𝐮𝐢𝐥𝐝 𝐋𝐢𝐦𝐢𝐭𝐞𝐝 𝐒𝐚𝐥𝐞! 🚨
Experience next-gen performance with our latest builds. PM for pricelist!",,48,"07/01/2023 15:01",mixed,https://www.facebook.com/reel/1146484616963419/,0,0,Reels,,,,,07/26/2023,0,,,,,,0,0,0,0,0,10.840,4.944
1024320197568548,100064197037125,"PC Merchandise","𝐀𝐌𝟓 𝐁𝐮𝐢𝐥𝐝 𝐋𝐢𝐦𝐢𝐭𝐞𝐝 𝐒𝐚𝐥𝐞! 🚨
Experience next-gen performance with our latest builds. PM for pricelist!",,48,"07/01/2023 15:01",mixed,https://www.facebook.com/reel/1146484616963419/,0,0,Reels,,,,,07/27/2023,0,,,,,,0,0,0,0,0,10.025,4.441
1024320197568548,100064197037125,"PC Merchandise","𝐀𝐌𝟓 𝐁𝐮𝐢𝐥𝐝 𝐋𝐢𝐦𝐢𝐭𝐞𝐝 𝐒𝐚𝐥𝐞! 🚨
Experience next-gen performance with our latest builds. PM for pricelist!",,48,"07/01/2023 15:01",mixed,https://www.facebook.com/reel/1146484616963419/,0,0,Reels,,,,,07/28/2023,0,,,,,,0,0,0,0,0,16.890,5.004
1024320197568548,100064197037125,"PC Merchandise","𝐀𝐌𝟓 𝐁𝐮𝐢𝐥𝐝 𝐋𝐢𝐦𝐢𝐭𝐞𝐝 𝐒𝐚𝐥𝐞! 🚨
Experience next-gen performance with our latest builds. PM for pricelist!",,48,"07/01/2023 15:01",mixed,https://www.facebook.com/reel/1146484616963419/,0,0,Reels,,,,,07/29/2023,0,,,,,,0,0,0,0,0,20.468,5.456
1024320197568548,100064197037125,"PC Merchandise","𝐀𝐌𝟓 𝐁𝐮𝐢𝐥𝐝 𝐋𝐢𝐦𝐢𝐭𝐞𝐝 𝐒𝐚𝐥𝐞! 🚨
Experience next-gen performance with our latest builds. PM for pricelist!",,48,"07/01/2023 15:01",mixed,https://www.facebook.com/reel/1146484616963419/,0,0,Reels,,,,,07/30/2023,0,,,,,,0,0,0,0,0,14.621,4.222
1024320197568548,100064197037125,"PC Merchandise","𝐀𝐌𝟓 𝐁𝐮𝐢𝐥𝐝 𝐋𝐢𝐦𝐢𝐭𝐞𝐝 𝐒𝐚𝐥𝐞! 🚨
Experience next-gen performance with our latest builds. PM for pricelist!",,48,"07/01/2023 15:01",mixed,https://www.facebook.com/reel/1146484616963419/,0,0,Reels,,,,,07/31/2023,0,,,,,,0,0,0,0,0,10.504,4.999
